,Particle_Diameters,Minor_Axis_Size,Major_Axis_Size,Aspect_ratio,Circularity,Orientation,Normal_Angle_X,Normal_Angle_X_Abs_Ori
0,1.1661760393441107,0.8033757903534336,1.793650808273316,2.23264234472914,0.7618948963071481,34.59015472830409,-55.40984527169591,55.40984527169591
1,0.9086770491564996,0.6417059213248961,1.381246552993603,2.1524603515295864,0.838516052069678,-63.39804595421216,26.601954045787835,26.601954045787842
2,0.8676627389239214,0.7334469493446739,1.1804600322188783,1.6094688692530594,0.8006294732805261,56.18110249884032,-33.81889750115968,33.81889750115968
3,1.0099380753567209,0.9569096318255298,1.1062639109766408,1.156079815882073,0.987657053340466,6.0851510775898525,-83.91484892241014,83.91484892241014
4,1.171370613113025,0.9541884631924322,1.5361638924696637,1.6099166482584728,0.7686975293098904,72.76542182136623,-17.234578178633768,17.234578178633768
5,0.8022191731670073,0.7098569737836304,0.9768863706168982,1.3761735204346393,1.0159447644320134,-17.306932809616374,72.69306719038363,72.69306719038363
6,2.6215812260634586,2.317389234362081,3.0450038911795607,1.3139803387486493,0.863983258107865,65.9071948791247,-24.092805120875298,24.092805120875298
7,1.2221025728266244,1.1239547259919145,1.5022924888377638,1.3366129916949798,0.7772873402312228,79.4479233890582,-10.552076610941796,10.552076610941796
8,1.186817925731738,1.137958156355179,1.4095222739990854,1.2386415670271322,0.7032824603635489,-16.23051796484419,73.76948203515582,73.76948203515582
9,1.1019327803667114,0.9311982087590036,1.5213047379270994,1.6337066841596737,0.6518716859939265,35.28085381910175,-54.71914618089825,54.71914618089825
10,4.948892860413344,3.790575269744318,6.855589541816433,1.8085881571951627,0.516971234108639,-1.769804867326343,88.23019513267366,88.23019513267366
11,1.4068535956126136,0.9720584082523556,2.52104584547358,2.593512719061932,0.5209631155947164,59.05150794011294,-30.94849205988706,30.94849205988706
12,0.9669420905017878,0.9093754396461758,1.1651622228353804,1.2812774262836122,0.9494961177847824,-53.66822645276234,36.331773547237674,36.33177354723766
13,5.142615333299718,4.3903909698374255,7.407141267368793,1.6871256610759375,0.3012915885347284,-35.18521260128024,54.81478739871976,54.81478739871976
14,5.79955921711072,3.472798512414049,10.470198656719797,3.014916822641012,0.5327795478490832,-21.76258090176885,68.23741909823116,68.23741909823116
15,0.8676627389239214,0.7191617003749661,1.1627190060435155,1.616769921753733,0.8262791147270339,5.1307335846861895,-84.86926641531382,84.86926641531382
16,1.0039085404212729,0.7937443916146993,1.3522127032002962,1.7035870961551176,0.9265121740152584,-41.14445823127788,48.855541768722105,48.85554176872212
17,1.1019327803667114,1.0327839846983136,1.2425938236394984,1.203149779672922,0.9678521533399588,-46.42443519710398,43.575564802896025,43.57556480289602
18,0.7869374084054097,0.6174977781786772,1.1880045800288312,1.923900979098056,0.767121479115914,82.55131769935767,-7.448682300642332,7.448682300642332
19,1.367462618417021,0.9158201976214818,3.4855535150557886,3.805936497260355,0.3209741348330146,5.476065152409205,-84.5239348475908,84.5239348475908
20,1.902230911401452,1.8997154394202196,1.9991554206571809,1.0523446718248022,0.7813353343681999,-33.14358170779476,56.856418292205234,56.85641829220524
21,1.186817925731738,1.1030236600048118,1.3407981387993742,1.2155660729829902,0.863535367724504,-16.244300439169898,73.7556995608301,73.7556995608301
22,0.8246109854774907,0.7432753769696513,0.9611824618978396,1.2931714027936725,1.0768972079507109,-19.96765619772949,70.0323438022705,70.0323438022705
23,0.8815462242933692,0.9134494834066236,0.991472515321264,1.0854158148118502,0.8792479799825623,18.63456744277894,-71.36543255722106,71.36543255722106
24,1.0337045758596148,0.8261609358003861,1.3784826412909523,1.668540088930102,0.8548385644858246,-1.6233694085627497,88.37663059143725,88.37663059143725
25,0.9978425722559162,0.9109184427872083,1.2961570311315709,1.4229122721081569,0.6605010395127006,-33.56867116334951,56.43132883665049,56.43132883665049
26,1.021890421280174,0.9264927337817928,1.18322119671986,1.2770971142862,0.9944939721353584,-38.40429622739192,51.59570377260809,51.59570377260808
27,0.9414917802541344,0.7979906321513066,1.2177656996873434,1.5260400944862764,0.9391810047561712,-11.280551562947894,78.71944843705211,78.71944843705211
28,1.615750625177174,1.432252573267042,3.150656412719044,2.199791064457461,0.3396758654753972,8.87538711698419,-81.12461288301581,81.12461288301581
29,4.52195406380943,3.358932947589332,7.459229959938635,2.2207141602192566,0.3440797363119758,-30.70255916930068,59.297440830699315,59.297440830699315
30,1.085277926096956,0.7129565637583563,1.7597224420331958,2.468204279874786,0.7868927708962804,31.867103082671743,-58.13289691732825,58.13289691732825
31,1.1128975557056655,0.8778315232151545,1.5019359658800464,1.710961529815016,0.8334149744440916,-88.63481267769767,1.3651873223023472,1.365187322302333
32,0.9414917802541344,0.9032810491750152,1.1198229389589631,1.2397281443928443,0.7998433089035414,-18.688854395384773,71.31114560461523,71.31114560461523
33,1.6418428647199157,1.4254239083011204,1.9203623185923495,1.3472219088012334,0.986837976432354,13.779350002561037,-76.22064999743897,76.22064999743897
34,1.367462618417021,1.0077825117697343,2.038710370593212,2.02296660914774,0.7106229173858951,-45.217672634246895,44.782327365753105,44.782327365753105
35,0.973200680696656,0.8956480968579433,1.110053770841051,1.2393860655041553,0.9573835126347556,21.83125318788621,-68.1687468121138,68.1687468121138
36,1.0569367929308613,0.9443449297745408,1.199024529521064,1.2696891694090284,1.114751474388737,3.5818711971037818,-86.41812880289622,86.41812880289622
37,1.398195952804615,1.1472726095181307,1.8027938231353535,1.571373541195715,0.7441212577775733,-54.73230409152536,35.26769590847465,35.26769590847464
38,0.9414917802541344,0.7909811621129926,1.3161117051182327,1.663897660473265,0.6410707522748066,-19.476015943384063,70.52398405661594,70.52398405661594
39,1.1019327803667114,1.1069110656387584,1.184769840129961,1.0703387805110367,0.8973376192758082,-79.08564712311704,10.914352876882958,10.914352876882958
40,1.626984252638553,1.2756157018733072,2.129009327850285,1.6690052691603952,0.9208825416103036,40.139173193441074,-49.860826806558926,49.860826806558926
41,1.380717816333713,1.2050149829391203,1.6102415419475706,1.3362834194974678,1.0590254466564362,-22.74358891288753,67.25641108711247,67.25641108711247
42,4.744713216239947,3.8736449748691766,7.713822753369415,1.991360282992876,0.3841711868811757,-88.65717330960459,1.3428266903954125,1.3428266903954125
43,0.9917395023300404,1.0136503830469594,1.049977335104919,1.035837753001941,0.9010686043386098,-23.45541367819581,66.54458632180419,66.54458632180419
44,1.021890421280174,0.7556068406228881,1.6033399834645197,2.121923594739824,0.6089289636764731,2.07068843243109,-87.92931156756892,87.92931156756892
45,1.3450803768346336,0.8686310729202562,2.6796079836121063,3.0848631451825868,0.4963045138551871,65.04546018970088,-24.954539810299124,24.954539810299124
46,1.0453852243082644,0.9743893661903862,1.1844351641798554,1.2155665951186378,0.9532350335717318,42.79726999163266,-47.20273000836734,47.20273000836734
47,1.096409273000846,1.0921917344956218,1.386838586515716,1.26977575705255,0.6135103246579462,-46.53579054394903,43.46420945605098,43.46420945605097
48,1.6344304437273447,1.3057129763134696,2.419010480964551,1.8526357054322529,0.5738203449958094,87.5655282782775,-2.4344717217225025,2.4344717217225025
49,2.785515194202768,2.3379361305476354,3.3937179658624648,1.4515871163116525,0.8407612749671379,-71.3510630280174,18.648936971982607,18.648936971982593
50,0.9086770491564996,0.8754772618005406,0.9918842808156748,1.1329640689647689,0.9710242397785144,11.406279265519167,-78.59372073448083,78.59372073448083
51,1.6856330249272244,1.493795197491933,1.9918708622679704,1.33342968675512,0.8613284937103842,-28.953576901335232,61.046423098664775,61.04642309866477
52,1.671163804247637,1.153151491542023,2.5647302577921307,2.2241052252055016,0.7146023513529095,8.9856968238771,-81.0143031761229,81.0143031761229
53,1.2121260584033826,0.9509705138040346,1.8328850294078047,1.927383659958047,0.6061738826242002,-1.1509820940496278,88.84901790595038,88.84901790595038
54,0.8172152218636723,0.7034540602833266,1.0799189798865856,1.535166318397014,0.8300999662954915,-46.56340980578637,43.436590194213636,43.43659019421363
55,0.9350209696908578,0.7648243340985764,1.1842524723779655,1.548398004064199,0.9832282810998956,-19.68302290748331,70.3169770925167,70.3169770925167
56,2.6469333706418685,2.4174133589277447,3.3800742405671893,1.3982193935034914,0.5997735506863923,11.529727106387137,-78.47027289361286,78.47027289361286
57,1.1128975557056655,1.0751709609579472,1.2800177656874108,1.1905248673633737,0.8093403472650685,44.58806038210293,-45.41193961789707,45.41193961789707
58,0.7946150283453554,0.5266832654745845,1.5789357276663731,2.9978847462404627,0.5536796797347378,-32.25264271648323,57.74735728351678,57.74735728351677
59,0.9479184199131095,0.9325168609888512,1.1096148572490645,1.189913988335199,0.6971982084028427,20.51468191228084,-69.48531808771916,69.48531808771916
60,3.498528118032332,2.9304320178549204,4.617317332204886,1.575643899627048,0.5726288704809824,-20.55750406028273,69.44249593971728,69.44249593971728
61,0.9350209696908578,0.9662424910213704,1.3518172089832707,1.3990455000114177,0.5407677718130804,73.81179875163966,-16.188201248360343,16.188201248360343
62,1.039561305877423,0.9351773577260836,1.1890909958564535,1.2715138856096448,1.0723320659902615,26.4496400825427,-63.5503599174573,63.5503599174573
63,1.1557168501373432,0.852478703000865,1.8633615565216024,2.1858159622783115,0.6573131628907836,62.57106234040542,-27.42893765959458,27.42893765959458
64,1.1183396299962336,0.8447303813766947,1.5536274980488525,1.8391992667729515,0.7989024255760707,-2.22165745460312,87.77834254539688,87.77834254539688
65,1.1816912584570125,0.923087533450064,1.6215234134982794,1.7566301729130638,0.7865427129953919,58.28851406835069,-31.711485931649307,31.711485931649307
66,1.1609582232861997,0.950067643270964,1.477282219950982,1.554923199852259,0.8836813975037949,52.16214869499285,-37.83785130500715,37.83785130500715
67,0.928505064734256,0.7318822024835074,1.2317311287577677,1.6829636307292553,0.8714644794495855,13.378142000665402,-76.6218579993346,76.6218579993346
68,2.9772584239298063,2.298066324852873,4.171879023313905,1.8153866919315291,0.6651662779379852,-87.44565127146272,2.5543487285372635,2.5543487285372777
69,0.8535534614000618,0.6637038688001926,1.234547954460136,1.860088531187688,0.7570327145685257,0.9638717823760776,-89.03612821762393,89.03612821762393
70,1.2803301921000927,1.0310408663254789,1.62966511372447,1.58060186259389,0.959243824148051,-56.60803507220385,33.39196492779615,33.39196492779615
71,2.4041334941401127,2.352227651658948,3.0389366535805844,1.291939856007272,0.4954538759169911,-27.86070163089038,62.139298369109625,62.139298369109625
72,1.2515550525870838,1.1320162192603125,1.4770843733360215,1.304826157262292,0.8589343236282672,70.80624908179654,-19.193750918203463,19.193750918203463
73,0.979419278671245,0.7317259325992918,1.3964751573383023,1.9084674946228,0.831121190373571,-84.42173969638115,5.578260303618833,5.578260303618848
74,1.1504515979244476,1.0729125830710038,2.872379847166531,2.677179755824004,0.2602611945939634,23.501581064414705,-66.49841893558529,66.49841893558529
75,1.039561305877423,0.8957221630358454,1.3666288873035712,1.5257285614902003,0.751719046969155,-43.36738619658028,46.63261380341973,46.63261380341972
76,0.8676627389239214,0.612414055432483,1.496214686735026,2.443142304561264,0.6327538802759995,68.66186058569998,-21.338139414300016,21.338139414300016
77,1.3177199508995825,1.1211594607733868,1.8431773474249336,1.6439921455539357,0.6664118472954488,-33.92295232998719,56.0770476700128,56.07704767001281
78,1.3540776702961077,1.0810431975993215,1.8422756637334712,1.7041647066690977,0.7328079701162502,9.574538956403508,-80.4254610435965,80.4254610435965
79,1.0337045758596148,0.8258522341071602,1.6439822912780389,1.9906494447585648,0.5706278937383416,81.07096040303067,-8.929039596969332,8.929039596969332
80,5.139072366752191,4.421748509747505,6.505362800180841,1.471219538117132,0.6637400382649095,46.43521450793295,-43.56478549206705,43.56478549206705
81,1.6784140066373283,1.5381024882849896,1.948446656756592,1.266785972714434,0.8377729472972564,-24.9628537400106,65.0371462599894,65.0371462599894
82,1.270810876469873,0.9573479052345464,1.921503908184728,2.007111414438168,0.7000911371617413,7.778077907699008,-82.22192209230099,82.22192209230099
83,1.2171245375823248,1.1310583645011438,1.4610643245116282,1.291767401548756,0.701675851143253,75.75795684698431,-14.242043153015686,14.242043153015686
84,1.367462618417021,0.9081110239014102,3.0652862879049096,3.3754532289850223,0.3343673228878767,-59.19665951611722,30.803340483882778,30.803340483882778
85,1.4282681233264556,1.1289137139699568,2.003940009549674,1.775104673414397,0.6933802937620411,-68.34202974322693,21.65797025677307,21.65797025677307
86,1.4240109808516253,1.4099328735994348,1.9260421979731492,1.3660524086200876,0.507974795944045,39.57092130061059,-50.42907869938941,50.42907869938941
87,1.021890421280174,0.9223559165136368,1.173264247522262,1.2720298384998925,0.9836030317201356,81.40995891678072,-8.590041083219276,8.590041083219276
88,5.316754296086987,5.201446036866602,5.982159108685899,1.1500953900676445,0.5314323291926866,-26.680361232069515,63.319638767930485,63.319638767930485
89,1.1237553499514827,0.8182614032404745,1.802295052210778,2.202590816422892,0.5971019664238472,1.4682300320542454,-88.53176996794575,88.53176996794575
90,2.1367269374441915,2.084778067235532,2.240034691295929,1.0744715356039174,0.9247849914417664,-86.8293244080998,3.170675591900192,3.1706755919002063
91,1.0159318257539256,0.6631276404849558,1.798235914335495,2.7117492991551613,0.5629541018219839,-52.58938371303231,37.410616286967695,37.41061628696769
92,1.7768132193231367,1.735262676577551,2.2863535289720964,1.317583533509439,0.6406615444943438,20.097617376924237,-69.90238262307577,69.90238262307577
93,1.0337045758596148,1.1274270954215504,1.1797543646480082,1.0464129959612976,0.6853810924903636,22.576041536867017,-67.42395846313298,67.42395846313298
94,0.9917395023300404,0.9759434638454334,1.1001842995772226,1.12730331247084,0.8464705364636222,-76.63661364704723,13.363386352952773,13.363386352952773
95,6.131342527681045,3.868875332929468,10.636955932200811,2.749366422243084,0.5395700495814885,73.03015613488394,-16.96984386511606,16.96984386511606
96,0.979419278671245,0.8828738328425296,1.134606722030963,1.2851289502804109,1.059107532687042,5.47537156196883,-84.52462843803117,84.52462843803117
97,1.0796692170979234,0.8603175851473726,1.4166507246381448,1.6466601974612345,0.999416383067079,62.697976259465,-27.302023740535,27.302023740535
98,4.931687817016363,3.78569432684614,7.642876695040761,2.018883733121696,0.4228253325779331,-31.486821246617964,58.513178753382036,58.513178753382036
99,1.2418151765086958,1.1512685705495944,1.4546859987861505,1.2635505180964943,0.8164568973695728,-39.87369732958154,50.126302670418454,50.12630267041846
100,0.8884066096615684,0.7528593515421498,1.1233342699548634,1.4920904783261792,0.8929862296697898,36.54515901724,-53.45484098276,53.45484098276
101,1.3131044552792934,1.226090585480073,1.492158316852205,1.2170049542203718,0.7932503499498728,-36.68913712199544,53.31086287800457,53.31086287800456
102,1.4197410732459426,0.9554738861206236,2.6006691802191115,2.721863169676194,0.542213594905634,-62.29370597643274,27.706294023567267,27.70629402356726
103,0.8746320295080829,0.5559015580378703,1.576820001131077,2.8365094113005838,0.6159534121360499,-38.415944880319024,51.58405511968098,51.584055119680976
104,3.77723526752688,2.474995199312276,5.918671434460837,2.39138703626797,0.6746833413800294,-89.59595085358139,0.4040491464186289,0.40404914641861467
105,0.9543017810603904,0.9250389625353908,1.040351810276512,1.1246572873266507,0.999531187169799,-50.15058305647209,39.8494169435279,39.84941694352791
106,1.7071069228001237,1.887752071364022,2.603062239456345,1.3789216703523282,0.2838005961989264,-38.0842486941316,51.91575130586841,51.9157513058684
107,1.021890421280174,0.8882732518732286,1.709877570903019,1.924945468409812,0.4199481888722634,80.4911323044591,-9.5088676955409,9.5088676955409
108,1.0569367929308613,0.7858922429577001,1.526373457110073,1.9422172324358076,0.7532818602789157,28.918781365904227,-61.08121863409578,61.08121863409578
109,1.340559085464394,1.1403130582316634,1.8392908916060944,1.6129701210809322,0.747602822061367,54.29122888790389,-35.70877111209611,35.70877111209611
110,1.2991595879263365,1.2468547025301695,1.400327729680445,1.1230881407744155,0.9336673970013816,10.845896698334627,-79.15410330166537,79.15410330166537
111,1.021890421280174,0.8473994121449222,1.328513170462128,1.5677532358671566,0.836572984093321,-0.4697527940931856,89.53024720590682,89.53024720590682
112,2.5200313704984505,2.0004418971840616,3.2838719165885863,1.6415732549948867,0.6911726066476083,-48.92412933171623,41.075870668283756,41.07587066828377
113,4.666005511609425,3.903520876869189,5.979270532996279,1.531763431426026,0.7038610589604917,-50.79478866934412,39.205211330655885,39.20521133065588
114,1.1970053909181526,1.0170876357774337,1.440815192489669,1.416608699001979,0.9885970368869916,-79.4620264334048,10.537973566595213,10.537973566595198
115,1.7561918645793366,1.4892886330176809,2.133788417473267,1.432756800909481,0.8982366389688474,5.0864035768393725,-84.91359642316063,84.91359642316063
116,0.9543017810603904,0.8878540513542813,1.1029642692098016,1.2422810568104112,0.9746800393666852,29.986207260264568,-60.013792739735436,60.013792739735436
117,0.9350209696908578,0.7692211751993548,1.2636008055760533,1.642701535418045,0.8325996045784396,56.98226679862316,-33.01773320137684,33.01773320137684
118,1.039561305877423,1.055882356912296,1.1251474513988144,1.0655992535845276,0.8749821379880138,77.29911069876978,-12.70088930123022,12.70088930123022
119,2.815864115414134,1.7995825915878516,5.658290122050938,3.1442236374704966,0.4079598851267536,-11.565314760584872,78.43468523941513,78.43468523941513
120,3.212658516835713,2.62481425634074,4.170910408138999,1.589030689719613,0.8037776453993886,37.77473459642485,-52.22526540357515,52.22526540357515
121,0.9153341128725788,0.8360146106405552,1.1010477731360593,1.3170197734851017,0.808023883141997,74.65859654551791,-15.34140345448209,15.34140345448209
122,2.156524962728441,1.6945019887109942,2.8636651344039614,1.6899744901346196,0.7779181089583158,31.225413860597644,-58.77458613940236,58.77458613940236
123,3.5502078458023925,2.376676345990115,5.568190001201195,2.342847401412373,0.6449447530007212,67.48554884933826,-22.514451150661742,22.514451150661742
124,0.9019708538191776,0.8712898195476765,1.0051476439221063,1.1536318012345437,1.020599405435017,-46.44281881944082,43.55718118055918,43.55718118055918
125,1.0453852243082644,0.905621681495182,1.3665534845868823,1.5089672790637052,0.6662171034315275,43.96920354717108,-46.03079645282892,46.03079645282892
126,1.6565682076297277,1.3260482834780591,2.1337555727490654,1.6091085063301698,0.8104089608192165,31.3493333606151,-58.6506666393849,58.6506666393849
127,0.7869374084054097,0.7041999944542384,0.964844689621549,1.370128794688947,1.0418534490484497,38.57971588601863,-51.42028411398137,51.42028411398137
128,1.518909516610108,1.2361738479251971,2.069112786428287,1.6738040445533615,0.6015265380787455,21.783088359670767,-68.21691164032923,68.21691164032923
129,1.3084726790995154,1.2828774520333486,1.439270412411985,1.1219079500779714,0.8086679857966713,-30.1335810186893,59.8664189813107,59.8664189813107
130,1.039561305877423,0.7976154961672264,1.499774875928145,1.880323142084122,0.7296492694604004,34.348708194183295,-55.651291805816705,55.651291805816705
131,1.1019327803667114,0.8678301648302255,1.5252622872540968,1.75755850518573,0.7477356420914836,18.780874033841872,-71.21912596615813,71.21912596615813
132,6.262624372739337,4.305440815096666,9.505262467823227,2.2077326982393592,0.5001328903163857,-5.204264683502394,84.79573531649761,84.79573531649761
133,4.620240024718758,3.1831664808511184,8.882620941884667,2.790498390618144,0.3383546416167022,4.781598851054564,-85.21840114894543,85.21840114894543
134,1.4409640896579887,1.162995941952672,1.9493305481235912,1.6761284178263447,0.7687248581042266,-57.59022958247426,32.40977041752575,32.40977041752574
135,1.0511768765181757,1.004709411437825,1.1238488924166885,1.118581034100561,1.0775954369297118,-20.458240284147205,69.54175971585279,69.54175971585279
136,1.9711972828282505,1.929572289309081,2.52351679587524,1.307811482294261,0.600353953151832,-41.05224488254979,48.947755117450214,48.94775511745021
137,2.2448077395745614,2.1316168005265776,2.4295056887815383,1.1397478609576417,0.9274651199871764,29.661007074592405,-60.338992925407595,60.338992925407595
138,1.6119886861377042,1.4724316749151107,1.8149172493428145,1.232598619183772,0.9754145429436688,22.196172680270703,-67.8038273197293,67.8038273197293
139,1.5387653857138477,1.2867632493831782,1.946011591215636,1.5123307198495717,0.8082109619980443,58.49437700334946,-31.505622996650537,31.505622996650537
140,0.9019708538191776,0.9045595791157508,0.9655777667918298,1.06745623957211,0.9291056680571544,-11.372949590119363,78.62705040988064,78.62705040988064
141,2.0288734164048656,1.642575567452188,2.6970821526469546,1.6419836055582029,0.7365263404614834,88.33002648704117,-1.6699735129588333,1.6699735129588333
142,1.021890421280174,0.8887189422531463,1.2632872101666648,1.4214698822148262,0.9026219940028326,12.28678656737032,-77.71321343262969,77.71321343262969
143,0.9153341128725788,0.7736490645064349,1.161370544752116,1.501159373201124,0.9495083262390744,48.97540025546153,-41.02459974453847,41.02459974453847
144,1.1504515979244476,1.1077262891415185,1.2852374901663304,1.1602482515445056,0.9468245732273288,18.795280634180823,-71.20471936581917,71.20471936581917
145,1.171370613113025,1.07012392679843,1.5905508503624908,1.4863239766267642,0.6015173225011734,16.41110776449544,-73.58889223550456,73.58889223550456
146,1.4111624987975715,0.9978873799920804,2.065807191354198,2.070180696513661,0.8052700049550647,-63.78952062422289,26.210479375777112,26.210479375777112
147,1.191922542518033,0.8053927849083792,2.0386624087545577,2.53126480265958,0.6082273879297294,-46.56343213241031,43.4365678675897,43.43656786758969
148,1.8537378623808147,1.1784146226655463,3.127418214915625,2.6539200674898944,0.5979619102980119,55.90151633993509,-34.09848366006491,34.09848366006491
149,1.0453852243082644,0.901264141379097,1.3772567569123515,1.5281388592748175,0.7757330207181765,57.685655730323234,-32.314344269676766,32.314344269676766
150,1.9619355372325755,1.489966157484286,2.852460753009073,1.914446672953481,0.697486491688691,-78.65514832282378,11.344851677176223,11.344851677176223
151,0.7946150283453554,0.744796183521758,0.9274677945835208,1.2452638924625024,0.9237360674846276,-86.96724276140492,3.0327572385950816,3.0327572385950816
152,0.9350209696908578,0.852624318377973,1.0404803470988169,1.2203268481459923,1.1710562450259487,-39.52266830566712,50.47733169433289,50.47733169433288
153,0.8392070033186643,0.7249750627590669,1.0240473944182098,1.4125277502938534,1.0835909093711755,83.99912041199158,-6.0008795880084165,6.0008795880084165
154,1.1557168501373432,1.0025737822413885,1.393428021253373,1.3898508478230671,0.8863970085412954,-4.499549664009712,85.5004503359903,85.5004503359903
155,1.0511768765181757,0.9224470680721812,1.292310076873228,1.400958517407424,0.8349040264410874,27.657721530930072,-62.342278469069925,62.342278469069925
156,1.461879030667795,1.2333065422170066,1.8804761886162176,1.5247435444847726,0.781387778309415,-58.48114680614433,31.518853193855676,31.51885319385567
157,1.8635374259717976,1.6784376785084685,2.244517765511515,1.3372660744282685,0.7211744233393852,61.74464931499349,-28.255350685006512,28.255350685006512
158,0.8815462242933692,0.7881383746232871,1.0131739158809507,1.2855279586725183,1.1312844371241884,30.66934591219873,-59.33065408780127,59.33065408780127
159,1.2515550525870838,0.8826499540055294,1.990734399410556,2.255406450061499,0.6783414185648893,-50.04146868838585,39.95853131161414,39.95853131161415
160,0.9479184199131095,0.7116881258760217,1.3747548793860336,1.9316816304808213,0.845080869203804,33.68483002465724,-56.31516997534276,56.31516997534276
161,1.6119886861377042,1.4017094106413868,1.9084718582518208,1.3615317438573464,0.9418994008528838,-46.539204866582,43.460795133418,43.460795133418
162,1.0278144733504384,0.8023236971017131,1.4130850028053472,1.7612405166517298,0.7636927769670613,48.6050727551332,-41.3949272448668,41.3949272448668
163,1.0511768765181757,0.9775105835203604,1.250485872967157,1.2792555845929732,0.7479550991097516,-24.09529394793568,65.90470605206431,65.90470605206431
164,0.9669420905017878,0.7407264196254372,1.3385232414659674,1.807041312422497,0.9344487806650166,-7.406561447896638,82.59343855210336,82.59343855210336
165,0.8097519128234426,0.6143639398270411,1.4499557962712957,2.3600926133123874,0.5942590862160283,25.141278509073533,-64.85872149092647,64.85872149092647
166,1.889421129921366,1.3106305527535405,2.890569308231349,2.2054798754374154,0.6874898657583447,48.28541966932568,-41.71458033067432,41.71458033067432
167,1.367462618417021,1.2941278526656326,1.506450279920847,1.164066036302267,0.934324696310599,33.807858637766564,-56.192141362233436,56.192141362233436
168,1.45354916781555,1.4280809680944295,1.5199578981454975,1.064335939000479,0.9951225113706932,-71.50204366142418,18.49795633857582,18.49795633857582
169,1.5968523069270035,1.2103001085366782,2.1499790163084294,1.7764015727536175,0.8675112773815302,-26.575096624183104,63.424903375816896,63.424903375816896
170,1.5777276373049178,1.2931261418141682,2.054810374875489,1.589025469698362,0.7177605492684815,-50.691668230848165,39.308331769151835,39.308331769151835
171,0.9606427264386592,0.678634156807178,1.415643935732426,2.086019280834189,0.8454470855522759,-13.797196201169548,76.20280379883044,76.20280379883044
172,0.9086770491564996,0.7155590867890715,1.1919266516894689,1.6657277836244129,1.0968237954553006,-31.05579959446579,58.94420040553422,58.94420040553421
173,1.0683634687220958,0.8989245291441019,1.403114934392719,1.5608817969720714,0.6936028578312915,-39.21989664022546,50.78010335977456,50.78010335977454
174,4.634672159903257,3.3665299226626866,6.70607005634715,1.991982905365987,0.6750228056486766,62.867789665729134,-27.132210334270866,27.132210334270866
175,2.306174458647176,2.4224574720662715,2.913674002799444,1.2027761215201775,0.5601557667571988,42.26163473767389,-47.73836526232611,47.73836526232611
176,0.9978425722559162,0.7873476897126199,1.3347953917303657,1.695306164189753,0.9131163863935908,67.09519786873273,-22.904802131267274,22.904802131267274
177,1.1816912584570125,1.043279763707355,1.3987812457517794,1.3407537406660026,0.9692607229621452,-77.79655024659442,12.203449753405579,12.203449753405579
178,5.242004381996364,5.156640538655083,5.940829339381383,1.1520735825675423,0.6383243294583095,71.45485312734647,-18.545146872653532,18.545146872653532
179,1.039561305877423,0.8270163383647053,1.3708673070864472,1.6576060755911082,0.941276690003994,-59.62757131703111,30.372428682968888,30.372428682968888
180,1.186817925731738,1.0056115410663595,1.490729992061876,1.4824113797272973,0.8511437656851035,85.86745931214651,-4.132540687853492,4.132540687853492
181,1.2121260584033826,0.9937320971116946,1.5374192938319782,1.5471164696204571,0.929718477421758,-31.3611844352184,58.638815564781595,58.638815564781595
182,5.095173218381363,4.686688683754056,5.6695234168573565,1.2097077061060617,0.7341701210590609,73.59283206951459,-16.407167930485414,16.407167930485414
183,1.1128975557056655,1.1481809938884562,1.2850205304921274,1.1191794127685804,0.7583923683376896,7.020570166909415,-82.97942983309059,82.97942983309059
184,2.7036679218663675,2.161247486169386,3.595386039585828,1.6635697959599811,0.6913027018270187,32.66662548471204,-57.33337451528796,57.33337451528796
185,1.340559085464394,1.0244698241563597,2.130085240331943,2.079207400848577,0.4772899678755175,17.534903432664166,-72.46509656733583,72.46509656733583
186,1.3131044552792934,1.1776122900636323,1.531201269954411,1.3002592473552332,0.9376210059301332,-31.66261227308076,58.337387726919246,58.33738772691924
187,1.0908577979726677,1.0368149376781055,1.2384584873831956,1.1944836463840507,0.8951079976371022,-34.015473715262125,55.98452628473788,55.984526284737875
188,1.1451621372724683,1.0003573051159504,2.290196870941049,2.289378864160536,0.3517326416020545,78.704412872211,-11.295587127789005,11.295587127789005
189,1.1183396299962336,1.0728884993968248,1.223073051579567,1.1399815099772022,0.9905000759047096,-70.87239282761996,19.12760717238004,19.12760717238004
190,1.6232483481616002,1.4460945328533414,1.8698284179229985,1.293019491771103,0.9841342293987916,75.10241766857386,-14.897582331426136,14.897582331426136
191,1.1970053909181526,1.235724436049458,1.307571328963412,1.058141516682833,0.762870946390972,6.360934442372618,-83.63906555762738,83.63906555762738
192,1.0337045758596148,0.7244155173617224,1.76222696303607,2.43261901602273,0.6420906454136203,-59.42870247286619,30.571297527133822,30.571297527133808
193,1.4451712930335778,0.9054793036001938,2.490837240778012,2.7508494461159088,0.6323987076163652,-35.979014710281575,54.020985289718425,54.020985289718425
194,1.1345092346885122,1.0255147715409327,1.374873184247788,1.340666387654184,0.856678995933054,-23.31300446732904,66.68699553267096,66.68699553267096
195,0.9606427264386592,0.7924825651866934,1.1877451860610626,1.4987650684545384,1.1055163714648832,-7.495604888043633,82.50439511195637,82.50439511195637
196,1.518909516610108,1.3034548639692165,1.8583071117206824,1.425678144360026,0.8385869529707399,-65.86113626494277,24.138863735057214,24.138863735057228
197,6.492058274416931,4.113218957876407,10.776237548962648,2.6199036956997435,0.5645142029537434,20.32554753105703,-69.67445246894297,69.67445246894297
198,0.8815462242933692,0.8089103600456211,1.1255811078306546,1.3914781704207295,0.7667878362231301,-83.98389192157126,6.0161080784287435,6.0161080784287435
199,1.717743205908703,1.677266930154876,2.2996725635278,1.3710832320025843,0.4687949956449871,52.50638473553263,-37.49361526446737,37.49361526446737
200,4.131880599121998,3.9936434680250574,5.686793799003656,1.423961313656248,0.2556001780934092,76.23452335834098,-13.76547664165902,13.76547664165902
201,2.3035403350478,1.4280355913061649,3.9483461767507215,2.7648793915138588,0.6260124840894974,57.93939983205482,-32.06060016794518,32.06060016794518
202,1.0159318257539256,0.7813154888156694,1.7657666258700706,2.259991835752096,0.5612520105919812,29.97498450232269,-60.02501549767731,60.02501549767731
203,2.327140112221938,1.8353764913760644,3.0510075372727563,1.6623333422916835,0.7688157091303345,59.46516886114833,-30.534831138851672,30.534831138851672
204,2.436741906412006,1.7100426348885545,3.720014794629929,2.1753930099364847,0.7038664211974797,35.885128096501184,-54.114871903498816,54.114871903498816
205,2.239392031468568,1.73880900932427,3.4045049555924085,1.9579522174867583,0.5306644921482822,88.63027458116328,-1.3697254188367225,1.3697254188367225
206,1.2991595879263365,1.1509423196846742,1.5212676830421414,1.3217584035479084,0.9308245287396496,47.10343630631203,-42.89656369368797,42.89656369368797
207,2.781152599208744,1.987762248569195,4.01436551057922,2.0195400699800934,0.8150503870977185,-47.67742214215511,42.32257785784489,42.32257785784489
208,1.1557168501373432,0.8285684219677258,1.6838422693098327,2.03223080275128,0.7745910618606319,-50.55786361269888,39.442136387301105,39.44213638730112
209,1.2121260584033826,1.194114297099922,1.4448116878463713,1.209944216692911,0.6832949980727946,30.77638622390431,-59.22361377609569,59.22361377609569
210,0.8746320295080829,0.6314659317475899,1.4000756745272256,2.2171832305386587,0.7056939293911888,83.03764733760593,-6.962352662394068,6.962352662394068
211,0.9669420905017878,0.745304087123989,1.323068510092253,1.7752062989453954,0.9619306676175244,-8.838584037776666,81.16141596222333,81.16141596222333
212,0.9153341128725788,0.864347481799474,1.041833178858381,1.2053406769802832,0.8872647378170885,-19.959771303153463,70.04022869684654,70.04022869684654
213,0.9606427264386592,0.6195756146493622,1.6495055962271108,2.6623152319521477,0.706414848139283,-89.5155152887948,0.484484711205198,0.484484711205198
214,0.973200680696656,0.9216007775669338,1.0525135730883517,1.142049354458048,1.1422910222892502,59.29480144598288,-30.705198554017123,30.705198554017123
215,0.8815462242933692,0.7979591035012326,1.1686493907671365,1.464547977007109,0.6656260381221583,-11.55373793630486,78.44626206369514,78.44626206369514
216,0.8392070033186643,0.662686103251981,1.185133695061077,1.7883786746776544,0.7594077601376675,-3.0342347284491047,86.9657652715509,86.9657652715509
217,1.5815710720799827,1.3529247030353793,2.1121530242181263,1.5611755920188066,0.6280489573188879,-46.23330962214448,43.766690377855525,43.76669037785552
218,1.671163804247637,1.0476356110173626,2.843113465867225,2.713838128417826,0.6006124232577867,-0.4701482534652804,89.52985174653472,89.52985174653472
219,1.2612197138901655,1.083596060328467,1.59042013023542,1.4677241718222207,0.8050091853485666,-6.080721620040161,83.91927837995983,83.91927837995983
220,1.139848131163964,0.9776365214850812,1.37986081393777,1.4114251908691884,0.9351470119407156,-43.85617553967891,46.1438244603211,46.14382446032109
221,0.9350209696908578,0.7986649175947965,1.1925925178317065,1.4932326330587236,0.7974345406750802,-89.82800077731484,0.17199922268514456,0.17199922268515877
222,1.1451621372724683,1.1480230998843564,1.3281247790131472,1.156879839044121,0.5997459399866034,15.402610861065748,-74.59738913893425,74.59738913893425
223,0.8246109854774907,0.6334234703537536,1.116673955386716,1.7629185018406048,1.001635027990533,-64.59425868704238,25.405741312957616,25.405741312957616
224,1.7423087071804406,1.9035324353649263,2.1742755341131077,1.1422319334927835,0.354932708193292,-18.50402603270149,71.49597396729851,71.49597396729851
225,1.4824989352200384,1.0078633161623571,2.813888754121648,2.7919348873973275,0.4880099008902563,-9.983318306896992,80.01668169310301,80.01668169310301
226,1.2121260584033826,1.016696082982936,1.7631578801901808,1.7342034750612618,0.61816146954588,1.4757510095462745,-88.52424899045373,88.52424899045373
227,0.8097519128234426,0.6638248609865834,1.154097517085816,1.7385572383814971,0.8374342785265052,-44.33557156492925,45.66442843507076,45.66442843507075
228,0.7946150283453554,0.8033888809101999,0.8588698427813312,1.0690586628586072,1.0372077775696849,3.6560005003659017,-86.3439994996341,86.3439994996341
229,0.9414917802541344,0.6091820897175513,1.5691354962280528,2.575807008632815,0.6766884226381451,58.21691368860595,-31.78308631139405,31.78308631139405
230,1.1557168501373432,0.97729631110092,1.574939872068434,1.611527490873542,0.7324246170473596,-28.140580348620087,61.85941965137991,61.85941965137991
231,1.096409273000846,0.8815548513682199,1.4635033361288998,1.660138712704564,0.7964256779717992,27.96189598350489,-62.03810401649511,62.03810401649511
232,0.8319410050566239,0.5597715841930463,1.304129930581278,2.329753719923604,0.8969560031168631,26.614702194182847,-63.38529780581715,63.38529780581715
233,1.6602291363104174,1.501997061021468,1.9550954173345008,1.3016639433401374,0.8047515589691425,74.72139866182172,-15.278601338178277,15.278601338178277
234,1.8635374259717976,1.710548503447089,2.9888010707065686,1.747276423137696,0.3824931205741867,-35.38416546465504,54.61583453534496,54.61583453534496
235,2.031863651507851,1.3767340301280562,3.1392458460044828,2.280212283059849,0.6243163803088282,1.898639461931936,-88.10136053806806,88.10136053806806
236,0.928505064734256,0.9152929696661292,0.9734121561280864,1.0634979054664404,1.1030075573599207,-46.70735252089927,43.29264747910074,43.29264747910073
237,0.9019708538191776,0.7460970029360408,1.2017575468492114,1.6107256055446617,0.8014931316464315,77.90913913581657,-12.090860864183426,12.090860864183426
238,8.41879528836012,6.564292592203399,12.319990724481638,1.8768192537783048,0.2978914443858115,48.29694365376721,-41.70305634623279,41.70305634623279
239,0.9543017810603904,0.7874078932314895,1.2871582892505755,1.6346779100322848,0.7305854488550453,-82.72626913695721,7.273730863042772,7.273730863042786
240,1.5738748168108194,1.4131231553606591,2.0238192925924747,1.4321605904730597,0.6113549261891006,1.6219024576358163,-88.37809754236419,88.37809754236419
241,4.481494371241428,4.369219698882784,5.902383336858541,1.3509010174901002,0.4415603087349661,-11.21718395638698,78.78281604361302,78.78281604361302
242,0.9855986414141252,0.7948664492820825,1.2576585993879463,1.5822262979194233,0.9819318078305188,-70.6265248007667,19.373475199233297,19.373475199233297
243,1.0039085404212729,0.7245871826602829,1.510535393061981,2.084684119744061,0.7561026688588595,-88.61529944395419,1.3847005560458001,1.3847005560458143
244,1.8732857266234093,1.622473808039552,2.2571377990148336,1.3911705617868502,0.8313243337242394,16.453578849146922,-73.54642115085308,73.54642115085308
245,1.6418428647199157,1.6717041622845068,1.93971211556891,1.1603202045738468,0.6555434841557082,-66.86472593936611,23.13527406063389,23.13527406063389
246,0.9978425722559162,0.9284845030443472,1.143458865326546,1.2315325259359025,0.9834791363197696,-89.73727642571372,0.26272357428626947,0.2627235742862837
247,1.9956851445118324,1.7876685537508148,2.263842401548059,1.2663658466208154,0.9487276328572286,62.78691722635338,-27.21308277364662,27.21308277364662
248,1.3314704444981866,1.2066202035372189,1.5206005318483908,1.2602147116306657,0.9806866184331056,81.81498773936168,-8.185012260638317,8.185012260638317
249,0.9978425722559162,0.7926189815532201,1.317787874098543,1.6625742062298323,0.8794474988945071,-85.30046843692585,4.699531563074146,4.699531563074146
250,2.263660685112749,1.4760189287635923,3.770547511470976,2.55453872439795,0.5899608371944661,3.3673669396769657,-86.63263306032303,86.63263306032303
251,1.2803301921000927,1.3196804091631418,2.7643494147766727,2.094711261592228,0.2522561615860255,50.25010295811822,-39.74989704188178,39.74989704188178
252,1.5068704138297195,1.7186350373451134,3.4014376533912247,1.9791506512317156,0.2074937221407235,63.0362619193138,-26.9637380806862,26.9637380806862
253,3.157378746458445,2.862689416954793,3.59909110331773,1.25724120891406,0.809116918311824,31.519342346386825,-58.48065765361318,58.48065765361318
254,1.0278144733504384,0.9819848303708304,1.216057304644057,1.2383666906390327,0.824910906937832,11.263823449551744,-78.73617655044825,78.73617655044825
255,1.8173540983129992,1.6646310513321927,2.035710973610104,1.2229202212592023,0.814510862830029,65.55727656855807,-24.442723431441934,24.442723431441934
256,1.021890421280174,0.7589678472352632,1.6368273117159664,2.1566490829335305,0.6065366292521277,-78.59694082205412,11.403059177945863,11.403059177945877
257,0.9414917802541344,0.5983266380487932,1.5700639267938452,2.624091636491383,0.695639998791831,78.39988686881384,-11.600113131186163,11.600113131186163
258,0.9669420905017878,0.7966392433964723,1.2535740055168656,1.573578022810239,0.9368345444647258,53.45832250006208,-36.54167749993792,36.54167749993792
259,0.9978425722559162,0.8778693198147025,1.1778790474540632,1.3417475937109702,0.9764679071068424,77.6647007831209,-12.335299216879093,12.335299216879093
260,2.102353753036351,1.87343249067536,2.8801628356850077,1.5373720964168438,0.5971272033636453,66.68382824201974,-23.316171757980257,23.316171757980257
261,1.6455365541233553,1.274646915731944,2.157000789187722,1.6922339532348858,0.9089122350027456,-21.819891031000093,68.1801089689999,68.1801089689999
262,1.1291450947814663,1.0435205242115335,1.2919042718694096,1.2380247842710623,0.8976250129648224,33.00112792345372,-56.99887207654628,56.99887207654628
263,2.6629408889963733,2.0747674782912093,5.013331960252355,2.416334366481089,0.3039438407842573,89.20495476033669,-0.7950452396633096,0.7950452396633096
264,2.6029882167717644,1.9528884884732165,3.620734661552296,1.8540406597321977,0.7097228224242561,83.62351258139155,-6.376487418608448,6.376487418608448
265,2.536839769864776,1.9909843423407168,3.40045393898954,1.707926007590682,0.6040286011635253,-19.44262385462024,70.55737614537976,70.55737614537976
266,0.9479184199131095,0.810363126954879,1.4119135408944563,1.742322045426768,0.654446408120285,-88.90815636470339,1.0918436352966125,1.0918436352966125
267,3.5296267573361435,1.793945767561438,7.621175060551211,4.248275058454467,0.4300781198987166,1.3617820668667349,-88.63821793313326,88.63821793313326
268,0.8606370140730026,0.7787983775041035,1.0248589708483504,1.3159490318056684,0.9599002840373448,-76.57541992406956,13.424580075930436,13.424580075930436
269,0.9219431092603804,0.7698922545339395,1.4047811829471637,1.8246464679626624,0.6408132446798502,42.91695667678185,-47.08304332321815,47.08304332321815
270,1.663882010113248,0.9495193272860578,3.844649955223488,4.049048655188908,0.3809044383614118,42.681105278573895,-47.318894721426105,47.318894721426105
271,1.7071069228001237,1.6274261171122997,1.9656625960227387,1.2078352284960283,0.6672993824509829,-66.49339601665223,23.50660398334776,23.506603983347773
272,1.1661760393441107,0.9962780249520126,1.5818242657050512,1.587733771184246,0.605856612119117,-22.46376290192908,67.53623709807093,67.53623709807093
273,1.2612197138901655,0.9523304968831862,2.164062810528881,2.2723863381583245,0.4798942448581524,6.7853799904271215,-83.21462000957288,83.21462000957288
274,2.365950016331566,2.038929560417837,2.9626865810283105,1.4530598008600002,0.7069256216785776,59.38789787372426,-30.612102126275737,30.612102126275737
275,1.9086035621207809,1.6878729761947735,2.824236594503111,1.673251858602662,0.4781281499694933,-5.304268722457317,84.69573127754268,84.69573127754268
276,1.2221025728266244,1.0507662115325758,1.492022762498778,1.4199378949601125,0.788671108422651,21.389337212744984,-68.61066278725502,68.61066278725502
277,1.3084726790995154,1.0222091484561275,1.9604493777747267,1.917855441555821,0.5760620242880427,-38.30621883034037,51.693781169659644,51.69378116965963
278,1.1970053909181526,1.109604890182198,1.4257935955691536,1.2849561210342515,0.8104989337367413,-80.1116304486498,9.888369551350195,9.888369551350195
279,1.2221025728266244,0.8538183685620586,2.006075889011444,2.3495347053612083,0.5465970832149799,32.22270679941819,-57.77729320058181,57.77729320058181
280,0.9414917802541344,0.8047878266041703,1.3151382244375742,1.6341427901399117,0.5534076770711108,-34.523377068709365,55.476622931290635,55.476622931290635
281,1.1345092346885122,0.9432344866706548,1.740792107271287,1.8455560434561509,0.5409843538396094,-24.67867421926633,65.32132578073367,65.32132578073367
282,0.9606427264386592,0.795826976112368,1.3893871454565672,1.7458407256358075,0.6951020674417386,-18.861139119403227,71.13886088059678,71.13886088059678
283,1.0683634687220958,1.083894211399555,1.2981017116254652,1.1976276817174982,0.6239927075789766,-45.77672456048819,44.22327543951181,44.22327543951181
284,0.9086770491564996,0.7947826378558551,1.1724711189048198,1.4752097781953104,0.7310481463911483,-28.03498612357992,61.96501387642007,61.96501387642008
285,0.9414917802541344,0.817321021195069,1.1786160860577446,1.4420479291409851,0.8029700070447635,-61.77688772849736,28.223112271502657,28.223112271502643
286,1.0740312192037882,1.0815233130586193,1.4443704635013948,1.3354963744763113,0.5654332469124573,-16.23113758227568,73.76886241772432,73.76886241772432
287,1.2020667470700563,1.047253184243867,1.4752946311291963,1.4087277587934783,0.7824849456428054,-38.58321848896896,51.41678151103105,51.41678151103104
288,8.868334204515158,7.629823181178342,10.58899668868042,1.3878429994029122,0.4563979184747616,65.35295415300715,-24.647045846992853,24.647045846992853
289,1.3131044552792934,1.1832067477742034,1.7362806712469363,1.4674364176109975,0.6014939975157322,78.85391710070122,-11.146082899298776,11.146082899298776
290,0.8022191731670073,0.6628722884310134,1.0732617851266122,1.6191079395805952,0.8503624490434262,41.31612385109564,-48.68387614890436,48.68387614890436
291,0.9414917802541344,0.8352560789751946,1.7353444500393105,2.0776196590732585,0.3593946891096904,-74.91771616000358,15.082283839996421,15.082283839996421
292,1.2991595879263365,1.0458330244448937,1.90989459779768,1.826194577104134,0.5600275784484242,1.1881260369003743,-88.81187396309963,88.81187396309963
293,1.5387653857138477,1.1374184633809152,2.231490903253177,1.9618908740237877,0.706940129494559,66.79322063555142,-23.20677936444858,23.20677936444858
294,5.011068850913744,4.333760705369218,6.515444127093434,1.503415755978697,0.4872488157594044,-57.81020276144735,32.18979723855264,32.18979723855265
295,1.367462618417021,0.9759766375301558,2.367738591470125,2.426019743118048,0.4433247432718639,43.23567948694864,-46.76432051305136,46.76432051305136
296,1.593045740590529,1.4230308521685493,2.67365984280362,1.878848823782874,0.3943386945852608,63.03525344451055,-26.964746555489448,26.964746555489448
297,2.0288734164048656,1.8518053758132111,2.4782556865468464,1.3382916579224924,0.6802215662819169,-35.77177665727787,54.22822334272213,54.22822334272213
298,2.7942199504033955,2.494696966134945,3.2606709318533538,1.3070408855730236,0.7657472542022024,-9.715337551220012,80.28466244877998,80.28466244877998
299,1.1019327803667114,0.9384639217524644,1.4131944367536935,1.505859100171618,0.764614228290499,-79.1535367225498,10.846463277450198,10.846463277450198
300,0.973200680696656,0.8826138442758064,1.3133540616983117,1.488027941342719,0.5653052581433188,17.911710706043763,-72.08828929395624,72.08828929395624
301,1.0740312192037882,0.837840467295513,1.730918931714117,2.0659290154620904,0.5563878225104553,-84.15166516222902,5.848334837770977,5.848334837770977
302,1.3314704444981866,0.972896939842794,2.300896543484898,2.3649951492875387,0.4911937988581675,28.01931474011308,-61.98068525988692,61.98068525988692
303,1.3038244488524504,1.2553812578658408,1.6788782530094586,1.337345322379248,0.6032343206899851,66.56781503706085,-23.432184962939147,23.432184962939147
304,1.0740312192037882,1.0360642117162802,1.2414690769184626,1.1982549564779594,0.7506628967180509,-79.34000877277106,10.659991227228943,10.659991227228943
305,0.8246109854774907,0.7646229581739507,0.9588111572866246,1.253965954117345,1.0174648643735125,32.05648686683666,-57.94351313316334,57.94351313316334
306,1.0099380753567209,0.8258228765527428,1.3281105495247645,1.6082268816150216,0.8331268968195824,-28.236916047929792,61.763083952070204,61.763083952070204
307,0.979419278671245,0.9144645224197196,1.7832941432684375,1.9500965860870696,0.3718145769541373,-37.06547589849205,52.93452410150795,52.93452410150795
308,1.096409273000846,1.013281816038805,1.4082476987935308,1.3897887798862858,0.7328388137746803,-19.44672127703062,70.55327872296938,70.55327872296938
309,1.0337045758596148,1.0087488179247048,1.3240688833016063,1.3125853133841665,0.5689207057830977,69.33260966821369,-20.667390331786308,20.667390331786308
310,1.0569367929308613,0.9657186924318748,1.266701884701258,1.3116675638859665,0.8047730729416348,17.42321804805699,-72.576781951943,72.576781951943
311,1.0683634687220958,1.0303759887513098,1.1753742003844012,1.1407235933446116,0.8725367132495063,23.438616147386814,-66.56138385261319,66.56138385261319
312,1.7733929789634846,1.2635066538640116,2.7018777646392853,2.138396150409258,0.6352585359667311,78.11632623857332,-11.883673761426678,11.883673761426678
313,2.5224394277803315,1.7718637221297784,3.7288814871322775,2.104496773967563,0.6470526408267405,-29.155363455993736,60.84463654400626,60.84463654400626
314,1.6455365541233553,1.2882933366828344,2.307245597209783,1.790931872046005,0.7002994951569507,-63.73039466831984,26.269605331680168,26.26960533168016
315,3.285534131347788,2.59283672165906,4.745883868969378,1.8303828503063868,0.4651029594166699,24.714942250409496,-65.28505774959051,65.28505774959051
316,1.6784140066373283,1.3480159041584858,2.552840245220152,1.8937760580901983,0.5675905541893328,86.78752081820024,-3.2124791817997647,3.2124791817997647
317,1.3851080271465486,1.1411801850471988,2.265339548747346,1.9850848958209455,0.5133314873997876,-60.84022239152309,29.1597776084769,29.159777608476908
318,1.6565682076297277,1.3972131844003488,3.0740004907388143,2.2000941052228216,0.3609292696534509,-30.03483405462302,59.96516594537698,59.96516594537698
319,1.0908577979726677,0.7661205297100873,1.728455161658712,2.256113881079245,0.6653879589601011,-85.8407529915212,4.159247008478815,4.1592470084788005
320,1.0683634687220958,0.8859810967487086,1.5449298757756036,1.7437503818592115,0.648650880373692,47.65830980181914,-42.34169019818086,42.34169019818086
321,1.2612197138901655,0.7500124482529745,2.851768392585312,3.802294747544547,0.3506483537813544,-31.370513839281227,58.62948616071877,58.62948616071877
322,1.1345092346885122,1.083606779042421,1.2674568020963135,1.1696648882322054,0.7890926636103226,22.912427791631217,-67.08757220836878,67.08757220836878
323,0.9669420905017878,0.5950966788244008,1.840976906131895,3.093576172813972,0.4624558633105435,-4.088618145627842,85.91138185437215,85.91138185437215
324,0.9153341128725788,0.7139703570406424,1.2592433244476229,1.7637193365661552,0.8183334140950042,-11.764458092900698,78.2355419070993,78.2355419070993
325,1.062665489594652,0.8415959326895569,2.03750057835382,2.420996227776924,0.4460919303720819,-9.67639042618326,80.32360957381674,80.32360957381674
326,1.2660243778180809,1.1627922144731144,1.5580672047758997,1.3399360482318785,0.6129990435254251,-67.35039239624463,22.649607603755385,22.64960760375537
327,1.6455365541233553,1.545286008961118,1.9927387360781048,1.289559812566869,0.6223259482090441,-59.41222283187616,30.587777168123836,30.587777168123843
328,1.3585539723246187,1.0365329335967717,1.8487916928880543,1.783630440446058,0.7594716680994281,88.37418840038,-1.6258115996199933,1.6258115996199933
329,1.0099380753567209,0.6506979956626099,1.9567681407747683,3.0071832921233743,0.4614886571635617,57.98817822067125,-32.01182177932875,32.01182177932875
330,1.0569367929308613,0.8522278223819856,1.4121733210722445,1.657037336712624,0.7668451046014481,21.85938971388661,-68.14061028611339,68.14061028611339
331,1.470161697690137,1.1317994316133804,2.1404668482620344,1.8912068591612547,0.5639828907599915,-22.37987980001154,67.62012019998846,67.62012019998846
332,2.105239620905539,1.5985330602084151,4.260257784856478,2.66510458301127,0.3316505325981204,-29.821787745779968,60.17821225422003,60.17821225422003
333,1.2563966762852905,1.0058893423170707,1.624746580332057,1.6152339148851564,0.8665898294410951,0.0413093421529107,-89.95869065784709,89.95869065784709
334,0.84641062903508,0.7213355777654896,1.0585758930414684,1.4675220877371136,0.9449409034602174,24.47198244156192,-65.52801755843808,65.52801755843808
335,0.973200680696656,0.7649064579377527,1.3357277593283523,1.7462628867451038,0.8309064601452725,-43.40470042953846,46.59529957046155,46.59529957046154
336,1.062665489594652,0.7368798236295618,1.6625722377348322,2.2562325421609413,0.7330569217735853,-89.0468641043012,0.9531358956987788,0.953135895698793
337,2.079122611754846,2.0125361337512278,2.2658975981981624,1.1258916350359816,0.7159786397928297,63.70435840762996,-26.29564159237004,26.29564159237004
338,0.8392070033186643,0.7027936806847115,1.0606276018201672,1.509159275289483,1.0107697450557802,69.5184280960461,-20.481571903953906,20.481571903953906
339,1.0099380753567209,0.7809983346294106,1.3851111165980516,1.7735135341297457,0.8212712161813999,-38.23495282585132,51.76504717414866,51.76504717414868
340,4.563385570983576,2.079568416351906,10.420387226425996,5.0108412613353766,0.3833991790659085,56.91571448650591,-33.08428551349409,33.08428551349409
341,1.0511768765181757,0.9418292680229798,1.289691057034304,1.3693469727709042,0.7610950579180904,-33.930588561692936,56.06941143830707,56.069411438307064
342,1.9086035621207809,1.830703969075901,2.128692576857385,1.16277268898472,0.660676190926871,-39.2992900285892,50.70070997141079,50.7007099714108
343,1.2319983017676563,1.0700981091455437,1.573631928265724,1.4705492092890848,0.7491014761418159,-19.32406194605784,70.67593805394216,70.67593805394216
344,1.0039085404212729,0.901734290838046,1.408421724366301,1.5619032554006065,0.5609581369504117,-32.431753302198395,57.56824669780161,57.568246697801605
345,1.470161697690137,0.8558690965833684,3.8830912573772034,4.537015383402104,0.2814787613938,-55.46526067060463,34.534739329395364,34.53473932939537
346,1.652899170550067,1.4715893570687508,1.9650734908014809,1.3353409233100857,0.7639859245836838,-4.03708508160397,85.96291491839602,85.96291491839602
347,0.8022191731670073,0.6894842479611574,0.9781315155367428,1.4186422944818988,1.0748089035324773,-32.159911181652625,57.84008881834737,57.840088818347375
348,0.9479184199131095,0.790435236634972,1.4481355693029765,1.832073650294179,0.6317877176294032,49.45465925248869,-40.54534074751131,40.54534074751131
349,0.979419278671245,0.7654156402094106,1.561606672756327,2.040207425509473,0.5569562355146462,36.04338195569892,-53.95661804430108,53.95661804430108
350,2.263660685112749,1.946751613332784,2.880953083797825,1.479877075260626,0.7105511832145178,-78.17415090581828,11.825849094181706,11.82584909418172
351,1.7836340245157871,1.4549692279538635,2.230851902269144,1.5332639752157584,0.822773397897404,-24.28799432096547,65.71200567903453,65.71200567903453
352,0.8606370140730026,0.6690427868432315,1.2923806773123323,1.9316861383562904,0.7050546380680585,-26.133802879722225,63.866197120277775,63.866197120277775
353,1.45354916781555,1.4410800411413902,1.5737897481607763,1.0920904482961789,0.8395042016554937,-13.37096364816188,76.62903635183812,76.62903635183812
354,1.4111624987975715,1.3274696331385156,1.5688821817406402,1.1818591872654418,0.8431684675852602,46.90253803763178,-43.09746196236822,43.09746196236822
355,1.171370613113025,0.8540115433031822,1.7491882033402506,2.0482020612680083,0.6841020261285501,78.29121611287158,-11.708783887128419,11.708783887128419
356,1.6455365541233553,1.3045831244262391,2.358914968944585,1.8081752896980368,0.5780585584909704,-4.991046613256751,85.00895338674324,85.00895338674324
357,0.928505064734256,0.791187091761235,1.4084716939839073,1.7802005475703044,0.720861536172578,2.6772369301973065,-87.32276306980269,87.32276306980269
358,0.928505064734256,0.6163548702511185,2.4273661967899307,3.9382607552057807,0.3393570490263284,27.06854785832238,-62.931452141677624,62.931452141677624
359,1.176542252445381,0.8382992429364211,2.229928759152878,2.660062952391336,0.4408324729933667,62.74361004089868,-27.25638995910132,27.25638995910132
360,0.9917395023300404,0.8572985990286259,1.2365022466865905,1.4423238858521714,0.8297808245095203,75.50497375943257,-14.495026240567427,14.495026240567427
361,1.1128975557056655,0.7141343530525799,2.004437291245308,2.806806986216677,0.4665329092309642,55.43010193607015,-34.56989806392985,34.56989806392985
362,2.332352078688221,2.0435736788176504,3.3212393273765053,1.6252114429747762,0.5078534130296449,58.19597687690817,-31.80402312309183,31.80402312309183
363,1.7247976224747188,1.365239465685664,2.3276138177290173,1.704912490615718,0.7042230867793761,-33.36344433362569,56.636555666374306,56.63655566637431
364,0.9606427264386592,0.8804347831751217,1.1348827411930835,1.2890026187974348,0.8749226675735401,51.00635346572005,-38.99364653427995,38.99364653427995
365,1.4824989352200384,1.4838938623272746,1.5510471901861358,1.0452548053224917,0.8397443732256005,-78.27880541803523,11.721194581964767,11.721194581964767
366,0.928505064734256,0.8453800017298969,1.1174930005928894,1.3218824650526024,0.8420532231992072,-5.826264400963425,84.17373559903658,84.17373559903658
367,1.0511768765181757,1.013057259119076,1.340051199053741,1.3227793266285943,0.6140576438509687,-12.994123461105907,77.00587653889409,77.00587653889409
368,0.8535534614000618,0.684619212977555,1.2040205158466497,1.7586718178856062,0.7437294797455699,53.818199261353584,-36.181800738646416,36.181800738646416
369,1.652899170550067,1.5218213200236788,2.8206853985352773,1.853493154170944,0.3948629085004786,-28.495080896189496,61.50491910381051,61.50491910381051
370,1.096409273000846,0.9844218622904654,1.3571471748186743,1.3786235625253027,0.7875138531714064,19.55848093097566,-70.44151906902434,70.44151906902434
371,1.0159318257539256,0.8354726951794782,1.3041218863409314,1.560938967683171,0.9249769674187828,85.46167758563959,-4.538322414360408,4.538322414360408
372,0.9917395023300404,0.941585526282851,1.1122813898168524,1.1812855643691411,1.0219941646675097,85.78874350992375,-4.211256490076252,4.211256490076252
373,2.4590636724543398,1.5363393884088954,4.340932774135768,2.8255037961575926,0.4892137302264889,-2.6686284466417827,87.33137155335822,87.33137155335822
374,1.021890421280174,0.9898831989262128,1.1097267437608158,1.121068369444602,1.0086411778232922,-2.1818779731396414,87.81812202686037,87.81812202686037
375,1.2897792515977275,1.2021237829804998,1.5992035263710644,1.3303151880133843,0.5923023194872608,-0.439709988509715,89.56029001149028,89.56029001149028
376,1.2418151765086958,1.1602749991417225,1.5760364184473008,1.358330067969339,0.6322619332111533,22.261803722080103,-67.7381962779199,67.7381962779199
377,1.1019327803667114,0.8038050981614695,1.618445145816189,2.0134795729935435,0.6511299703440381,-38.61398983267631,51.38601016732369,51.38601016732369
378,1.3540776702961077,1.283475776004951,1.5243106795094978,1.1876427339004312,0.7515051561238266,20.10272930322574,-69.89727069677426,69.89727069677426
379,2.401606816096648,2.033316254800356,3.9340239916183,1.9347821482913237,0.3618116880323651,-32.48030801406529,57.51969198593471,57.51969198593471
380,1.6082179472047609,1.3585035007162678,2.109254606743002,1.552630969026508,0.7367902169756391,-75.64366019615014,14.356339803849863,14.356339803849863
381,1.0740312192037882,0.7489318631079774,1.848103118503976,2.4676518780154035,0.5722124999926768,66.2450922274547,-23.754907772545295,23.754907772545295
382,1.8635374259717976,1.3029546112056871,2.7947957427399057,2.144967843625608,0.6866490809606659,46.59273632962541,-43.40726367037459,43.40726367037459
383,1.139848131163964,0.8919918157717603,1.8474237392739483,2.0711218495604005,0.5668683561936579,56.94151979601271,-33.05848020398729,33.05848020398729
384,2.626208910558587,2.007042867125216,5.05475477018471,2.5185086242950447,0.2867866287761849,-56.725388891253296,33.27461110874671,33.274611108746704
385,1.376313601551939,1.1920868704563568,1.813112689713527,1.5209568485721414,0.5796227280778903,35.037349920933,-54.962650079067,54.962650079067
386,4.443399617498242,2.7780363002763253,7.362314469290776,2.6501865611181765,0.5144898659950116,8.35697393477626,-81.64302606522374,81.64302606522374
387,0.9019708538191776,0.8701165080914501,1.0351706184796976,1.1896919652177202,0.8418284490364188,-84.37782694082439,5.622173059175623,5.6221730591756085
388,1.2850634067342854,0.8327137456385186,2.042213890151543,2.452480099971916,0.7734347874895315,-2.986466007915599,87.0135339920844,87.0135339920844
389,0.9219431092603804,0.7472073748294984,1.3435522405584677,1.7980982064919344,0.6809314986806101,43.50533941781512,-46.49466058218488,46.49466058218488
390,1.1451621372724683,1.0409091973428857,1.3234070928985635,1.271395330425369,0.9133820065496612,-89.25701323690075,0.7429867630992533,0.7429867630992533
391,1.415458284986553,1.0586312054265763,1.9658892316651164,1.8570104693569465,0.8589091778014798,-28.619941119865032,61.38005888013497,61.38005888013497
392,2.0288734164048656,1.3876057395813783,3.0504142170014417,2.198329201147373,0.7787817348589019,32.47586100435819,-57.52413899564181,57.52413899564181
393,1.0278144733504384,0.9120970840853294,1.3182605928232596,1.4453073207061502,0.8366359864437839,83.47669672855746,-6.523303271442543,6.523303271442543
394,0.9479184199131095,0.8138565780423277,1.3656082964034135,1.6779471140827835,0.6527136940058588,48.07010415635804,-41.92989584364196,41.92989584364196
395,1.937021059271256,1.624308309457891,2.630912292875682,1.619712389302338,0.6709058621581421,-40.80063874691372,49.199361253086295,49.19936125308628
396,1.4409640896579887,1.129830805095999,2.1202639993167813,1.876620808844584,0.5992173381483169,59.12919070379734,-30.87080929620266,30.87080929620266
397,2.373635851463476,2.17211495323872,2.682367089205369,1.2349102818917757,0.7265848465563989,-40.961398636575936,49.03860136342405,49.038601363424064
398,1.0278144733504384,0.8141454147038146,1.5246790557082552,1.872735543518269,0.597571247755055,81.11728416274323,-8.882715837256768,8.882715837256768
399,1.8602766405761075,1.6388209075579865,2.713583158570139,1.655814339477558,0.4348145128440899,-71.55062408082291,18.4493759191771,18.449375919177086
400,1.2563966762852905,0.871533012341336,1.9339827397507288,2.219058500784919,0.6294585440554954,-36.79375589820695,53.20624410179305,53.20624410179305
401,1.2612197138901655,1.2728812339954618,1.8287818229476915,1.4367262035966282,0.4520326341108981,32.391433592749415,-57.608566407250585,57.608566407250585
402,1.191922542518033,0.7565483603462728,2.838909363309545,3.75244929750449,0.3217379822747854,83.97801944452684,-6.021980555473164,6.021980555473164
403,1.062665489594652,0.9117659364345362,1.4596687208446926,1.6009248234834612,0.7252256596558907,49.41767864053677,-40.58232135946323,40.58232135946323
404,1.085277926096956,0.967517729960367,1.4818831487757096,1.5316341012545711,0.5960755036550455,31.689109520328724,-58.31089047967127,58.31089047967127
405,0.9978425722559162,0.9426805249081708,1.1624081374816526,1.2330881001226648,0.8504340150822842,63.54289126016504,-26.457108739834958,26.457108739834958
406,2.4982544068961623,2.329392722240511,3.5026554423507763,1.503677507407068,0.4291731349810647,-3.9488218490472895,86.05117815095271,86.05117815095271
407,2.8713754958404816,2.17489856679693,8.704014695742284,4.002032475731075,0.1666445583719094,-16.984002999839102,73.0159970001609,73.0159970001609
408,0.8815462242933692,0.783446793385734,1.051867865000182,1.3426155724684798,0.923656069566404,41.50789150296573,-48.49210849703427,48.49210849703427
409,1.2121260584033826,1.1033111527658848,1.4554222660837393,1.3191403553160403,0.7857910097904055,-50.19611301229072,39.80388698770929,39.80388698770928
410,1.4577200491801383,1.140440900499656,2.6505373095962064,2.324133857734267,0.3435687490506868,63.9253419670608,-26.074658032939197,26.074658032939197
411,0.9855986414141252,0.7980760943673958,1.3822420048137083,1.731967683995545,0.6922209601369338,25.469094261566305,-64.53090573843369,64.53090573843369
412,1.2171245375823248,1.0184767989357328,2.1584966348575967,2.119338051797683,0.4065819347540405,-73.8909300216666,16.109069978333395,16.109069978333395
413,1.021890421280174,0.8262758284469605,1.358895704225958,1.6446029975003522,0.839653851779282,-51.09767210382957,38.90232789617045,38.90232789617043
414,1.021890421280174,0.8320226315945678,1.3616188100137772,1.63651655412815,0.7900972576501453,-79.66862521266546,10.33137478733454,10.33137478733454
415,1.4025314545362868,1.3668047688572893,1.4987561057029688,1.0965400032632289,0.872414197347707,-23.11897898474531,66.88102101525469,66.88102101525469
416,1.1557168501373432,1.0792109951600293,1.393955242542117,1.2916429213505336,0.705315625418631,-79.28544996895842,10.714550031041597,10.714550031041583
417,1.0740312192037882,1.00278130307419,1.2149812401180422,1.2116113816575145,0.8739629970528723,-43.61001734375967,46.389982656240335,46.38998265624033
418,1.2319983017676563,1.1462128740735251,1.5977909613470331,1.3939740143282853,0.6764037776536979,86.96987649713455,-3.0301235028654503,3.0301235028654503
419,3.659677861846207,2.806489149822162,4.997760364041932,1.7807873457692236,0.6456945577470281,39.11909845833426,-50.88090154166574,50.88090154166574
420,1.2944779165271465,1.0365985637916957,1.6796350568491158,1.6203331892582462,0.8114115092518701,-82.40751439646405,7.592485603535948,7.592485603535948
421,1.2270604129519955,1.2795777987919956,1.745368115095532,1.3640187542666593,0.4440338836353878,-65.82776177954207,24.172238220457928,24.172238220457928
422,1.667526881973112,1.4973050496141087,2.0541844497260686,1.3719211394201074,0.6762137741966538,-73.24151591335921,16.758484086640806,16.75848408664079
423,0.9219431092603804,0.8999937287476887,1.1357883201117018,1.2619958160065332,0.6740874425536317,-17.805997912869987,72.19400208713002,72.19400208713002
424,1.1019327803667114,1.0294137902781109,1.25939246227548,1.2234074131989596,0.916684165669704,-19.54338454039762,70.45661545960238,70.45661545960238
425,0.8535534614000618,0.8244452479986899,1.003399262362877,1.2170599136796425,0.7682870275763738,-18.32209813305122,71.67790186694879,71.67790186694879
426,6.503270818651101,5.16813492471644,15.62325243628822,3.0229962382697315,0.1274313291065381,4.225605370970055,-85.77439462902994,85.77439462902994
427,0.9855986414141252,0.7804664875671217,1.416621546588546,1.8150959319271396,0.6659639718835519,24.164400072488327,-65.83559992751168,65.83559992751168
428,1.6999790965841823,1.082857263500267,2.8121767868929948,2.5969967434145595,0.6757982372558559,5.6506544173217295,-84.34934558267827,84.34934558267827
429,1.062665489594652,1.1957288332224956,1.3852439327473305,1.158493375972285,0.5402334341376042,-27.74456773619395,62.25543226380606,62.25543226380605
430,1.4111624987975715,1.0227222903434172,2.4017211141346184,2.3483609742466363,0.5237414950226281,-38.42183230523888,51.578167694761134,51.57816769476112
431,0.9917395023300404,0.7522951465076417,1.4026915476063095,1.8645495110768489,0.7631493902787874,59.41335231603188,-30.586647683968117,30.586647683968117
432,1.8372891089324668,1.651062562143076,2.095352454839059,1.2690933117151513,0.8599194977427117,30.85631720474903,-59.14368279525097,59.14368279525097
433,4.520611241489158,2.7567043672680045,8.113574670745692,2.9432153723420638,0.459371527727532,5.532965978000911,-84.46703402199908,84.46703402199908
434,0.9219431092603804,0.8194091125602009,1.2653050393272307,1.5441676446260786,0.741405026111347,-47.95632939163824,42.043670608361765,42.04367060836176
435,2.287671900436189,1.9535883665138265,2.769454261129214,1.4176242593373434,0.6790420688426395,31.96851193602833,-58.031488063971665,58.031488063971665
436,5.925899024853435,4.011784704711356,13.702941375753106,3.415672171953958,0.1800524824651394,26.09467532627863,-63.90532467372137,63.90532467372137
437,1.340559085464394,1.1642336642881157,1.7448935533128265,1.4987485818663058,0.6890493350461844,3.605282415549776,-86.39471758445022,86.39471758445022
438,1.2270604129519955,1.23416532937346,1.2726277905698389,1.0311647558726225,0.9385129521777884,66.3946943333475,-23.605305666652498,23.605305666652498
439,2.6029882167717644,1.9891371198214045,3.568571268057425,1.794029799402583,0.6915299575256213,22.6729085979662,-67.3270914020338,67.3270914020338
440,1.4451712930335778,1.0212873956450843,2.645569728629513,2.590426299110907,0.4695309344950146,-64.792024151571,25.207975848428987,25.207975848429
441,1.3131044552792934,1.2949460593234736,1.4473595421476064,1.1176987116388146,0.7763649372908809,-42.20508748647996,47.794912513520046,47.79491251352004
442,1.186817925731738,0.9976729704490542,1.4439534501983136,1.4473214098888414,1.0196039901006506,87.29489959862839,-2.7051004013716096,2.7051004013716096
443,1.5815710720799827,1.5224636542938466,1.7040617743075508,1.1192791167799232,0.9220159233462688,-64.64864933806342,25.35135066193658,25.35135066193658
444,1.2071068813224677,1.0995853433680698,1.492306751944538,1.3571540953552077,0.6394373215746991,13.080332398240683,-76.91966760175931,76.91966760175931
445,2.043780842560348,1.586811904023064,2.7467750477715525,1.7310022951098485,0.7273227089191746,-20.15200806756955,69.84799193243045,69.84799193243045
446,0.8022191731670073,0.7361732160652567,0.932897247048183,1.2672251946822908,1.0068013868715306,76.67084426807206,-13.32915573192794,13.32915573192794
447,1.522901401330112,1.3262783544785608,1.990333707956986,1.500690787296687,0.6866419070663686,39.808831886289504,-50.191168113710496,50.191168113710496
448,2.8671435473418896,2.248898198520086,4.148286611123233,1.8445862128632864,0.4427634960154097,54.0362579245596,-35.9637420754404,35.9637420754404
449,0.9543017810603904,0.8541296633171399,1.301018630038412,1.52320974895745,0.6893364942534049,-61.42026376618274,28.579736233817243,28.579736233817258
450,1.0569367929308613,0.999332230835852,1.2067170737914583,1.2075234206967864,0.9327479905337316,-51.13363385486426,38.86636614513574,38.86636614513574
451,1.0740312192037882,0.916836064945357,1.4047615260983788,1.532183974658656,0.7513033056489582,49.86275373784976,-40.13724626215024,40.13724626215024
452,1.1816912584570125,0.9952429174225396,1.4963376153055552,1.5034898406318138,0.800374712377434,61.17297622037051,-28.827023779629492,28.827023779629492
453,1.8073041368518064,1.6284916736455362,2.2480995239392905,1.3804795936762158,0.6949816678254565,73.13839266904203,-16.861607330957966,16.861607330957966
454,1.085277926096956,1.0658808002164823,1.2058540188748228,1.131321643686528,0.8320968792752792,-75.09747655936005,14.902523440639953,14.902523440639953
455,1.096409273000846,0.9669238844423912,1.320076231598185,1.3652328304615733,0.9340164448708554,-56.26515996129116,33.73484003870885,33.73484003870884
456,1.0159318257539256,0.6724345463467409,2.1440973384128705,3.188559169158549,0.389877491848924,-44.24556022267901,45.75443977732098,45.75443977732099
457,1.085277926096956,0.9134094680823472,1.4365937660300538,1.5727817766615704,0.6999451596878954,7.702061911658883,-82.29793808834111,82.29793808834111
458,1.3894843667311525,1.1016191809035771,1.940440274790869,1.76144379875382,0.6827987825497719,-15.01483448905217,74.98516551094784,74.98516551094784
459,0.9669420905017878,0.898276683673722,1.267054861290962,1.4105396302941222,0.5734321099165219,-54.492516535837865,35.507483464162135,35.507483464162135
460,0.9086770491564996,0.6413240076435744,1.3659898201768963,2.129952728880323,0.8398309380261516,-82.55312989078313,7.4468701092168885,7.446870109216874
461,2.7460023386177363,2.5577904207897197,3.2618207435058557,1.27524941722894,0.6552352231224601,32.63050530604453,-57.36949469395547,57.36949469395547
462,0.9219431092603804,0.6759510050028597,1.4399493710048064,2.1302570161852405,0.73750307042573,81.40384228685501,-8.59615771314499,8.59615771314499
463,3.13421917649259,2.689166546309175,3.818558262996459,1.419978345423548,0.6739383953704519,27.73782912507985,-62.26217087492015,62.26217087492015
464,1.992640619253945,1.4307525795368157,3.2287221151378795,2.256659999301297,0.5005346120622529,-19.024083989969636,70.97591601003036,70.97591601003036
465,2.052673332020974,1.4419177485929904,4.800006491190394,3.3289045064284664,0.2375054441079678,-6.952433268829221,83.04756673117078,83.04756673117078
466,1.2612197138901655,1.102782016447825,1.5543831808514277,1.4095108168867831,0.8017790354504574,39.76942884900317,-50.23057115099683,50.23057115099683
467,0.9019708538191776,0.7775424955188409,1.3466200060412528,1.73189248665139,0.6219144658267757,66.72179672509925,-23.278203274900747,23.278203274900747
468,1.3131044552792934,1.0922072006633576,1.7191693850657843,1.5740322752144813,0.7502577794018052,49.29880698913397,-40.70119301086603,40.70119301086603
469,1.0740312192037882,0.961759538851142,1.2490595638969777,1.2987233434555026,0.9918585858732056,69.73028687449829,-20.26971312550171,20.26971312550171
470,2.0258787676635257,1.5141932678879635,2.970226458036672,1.9615900565847983,0.6441273193114276,-71.04847447088774,18.951525529112246,18.95152552911226
471,2.031863651507851,1.4546178193693466,3.0583456500381314,2.1025080329100363,0.5648847211274491,-50.24172679438277,39.75827320561723,39.75827320561723
472,0.8884066096615684,0.7915460548501982,1.0607232113964489,1.3400650598873782,1.0074563979989604,-66.14661565084641,23.8533843491536,23.853384349153586
473,1.139848131163964,1.019749006734586,1.4584681112600968,1.4302226348132132,0.8065566603775188,-51.71388307041136,38.286116929588644,38.28611692958864
474,0.973200680696656,0.8383343403205235,1.1734972903400964,1.399796279240367,0.9519610267880412,-45.294098341171335,44.70590165882868,44.705901658828665
475,1.6307115983086335,1.187082680101067,2.9472232835584053,2.4827447430262244,0.4583016787952788,-51.54666203880578,38.45333796119422,38.45333796119422
476,0.9978425722559162,0.6894689171783661,1.6674851146572665,2.4185065825467618,0.6700002735727011,-41.95516757604559,48.044832423954404,48.04483242395441
477,1.4987906214766678,0.9901184344192344,3.150567174392919,3.182010419027215,0.4510424207984023,8.814203743957851,-81.18579625604215,81.18579625604215
478,1.062665489594652,0.7832571719110887,1.5884987134890365,2.028067881731895,0.661346992799178,58.73511209080279,-31.264887909197213,31.264887909197213
479,2.4958230151698717,2.6966858542021943,3.3651514752653973,1.2478841278532855,0.2755748783577347,44.89379878028306,-45.10620121971694,45.10620121971694
480,0.8884066096615684,0.7935490914128799,1.100430489928764,1.3867201183098767,0.774410816037871,-28.404784670342224,61.595215329657776,61.595215329657776
481,1.3495865213724043,1.2193977268402565,1.5603699230067336,1.2796234474292612,0.8370578454178175,-83.6323914783018,6.367608521698202,6.367608521698202
482,0.9479184199131095,0.7045899227964639,1.3427711448271549,1.9057484380386795,0.8714110820199625,-26.928458280678,63.071541719322,63.071541719322
483,1.3360224934845466,1.0536765459084425,1.842332011898026,1.7484796629971795,0.6772572611145317,-63.88763563013378,26.112364369866214,26.11236436986622
484,1.2071068813224677,0.983469423995018,1.6391304554099044,1.666681663321551,0.8416976869422919,-75.36921612272025,14.630783877279754,14.630783877279754
485,1.7630924485867383,1.2695277508787723,3.6208352444043785,2.852111930517487,0.2960324789937937,-13.6497861056664,76.35021389433359,76.35021389433359
486,1.1019327803667114,1.158274611242933,2.6328170326028304,2.273050800774767,0.231020480605631,40.88963003510904,-49.11036996489096,49.11036996489096
487,1.2755794143363215,1.1175150194071957,1.626597566346616,1.4555487291879723,0.7333907410677699,-19.987059946131524,70.01294005386848,70.01294005386848
488,1.096409273000846,0.7907411622906322,1.6265081324072297,2.0569412722812275,0.7535811668063844,-48.79148618629955,41.20851381370045,41.20851381370045
489,1.0683634687220958,0.866954687356844,1.4437635611293842,1.6653275911467815,0.7929222740289184,17.08448724844455,-72.91551275155545,72.91551275155545
490,5.560121761552823,4.497943447107375,7.079803785900538,1.574009070846268,0.6679857897757373,6.18556300946918,-83.81443699053082,83.81443699053082
491,0.9917395023300404,0.902819283214518,1.170042172190656,1.2959871304749742,0.970465855219899,39.13508855921253,-50.86491144078747,50.86491144078747
492,1.0159318257539256,0.6985999340689032,1.9084228103449428,2.731782122035978,0.5540909330948375,58.1299949639032,-31.8700050360968,31.8700050360968
493,1.0453852243082644,0.6790938123035132,1.978173019757689,2.9129598649230037,0.535487122984481,63.00200879274973,-26.997991207250273,26.997991207250273
494,2.9975812429533355,2.093268052416464,6.214733788208962,2.968914459395053,0.3136577324093771,-71.53967839840361,18.460321601596377,18.46032160159639
495,0.979419278671245,0.98264020096037,1.7902317710946325,1.821858875043962,0.4002450289985261,33.21317854870269,-56.78682145129731,56.78682145129731
496,0.973200680696656,0.8511833440696549,1.2818765773180285,1.505993492764032,0.7528339398322274,54.53503479249964,-35.46496520750036,35.46496520750036
497,0.973200680696656,0.7700280734859639,1.8068387423571384,2.346458271550373,0.3974257985593564,-7.8717044220435985,82.12829557795641,82.12829557795641
498,1.8797565083329089,1.7509713503975697,2.886808467128564,1.6486897209786413,0.4288303235531348,47.79332049127449,-42.20667950872551,42.20667950872551
499,1.0740312192037882,0.978233686386678,1.302167200850291,1.331141238511355,0.8600381289765269,-22.145767960965816,67.85423203903419,67.85423203903419
500,1.2897792515977275,1.0604458024939138,1.681122456616062,1.58529785554572,0.8440435701724255,-0.8300935976491124,89.16990640235089,89.16990640235089
501,1.3630155737347494,1.2671735364967094,1.6490159836693694,1.301333981633108,0.6969244636444729,75.39285237938401,-14.60714762061599,14.60714762061599
502,0.9479184199131095,0.6681336859417626,1.5689192371180631,2.348211548272117,0.6774311443758417,-23.520114830184387,66.47988516981562,66.47988516981562
503,2.022879685682126,1.7340722651855298,2.440623775481624,1.4074521716778046,0.7982878434605868,47.27972733488712,-42.72027266511288,42.72027266511288
504,0.84641062903508,0.7637808040086114,1.2261449111681082,1.6053623038610485,0.5890052079038914,-23.374517204778563,66.62548279522144,66.62548279522144
505,0.928505064734256,0.909765130489366,1.0190680095679578,1.1201440629185222,0.9754157277931552,-21.67971795845749,68.32028204154251,68.32028204154251
506,2.739361452623709,2.049110411418891,3.881993501726369,1.89447746695031,0.6775918920672962,3.8460471073191194,-86.15395289268088,86.15395289268088
507,0.8952144227026446,0.6871483615258228,1.21386278143772,1.766522121572582,1.0319239047652708,3.2461311766693486,-86.75386882333065,86.75386882333065
508,2.6331351878456077,2.4895715784071006,4.490902053139502,1.8038854926247632,0.3636563491499114,-75.06302771122822,14.936972288771784,14.936972288771784
509,1.1237553499514827,1.1034899050127744,1.2300644787220685,1.1147038800575424,0.8366491970612839,65.07342452161255,-24.92657547838745,24.92657547838745
510,1.652899170550067,1.6475254559674215,1.752315513067414,1.0636045147104936,0.7331775895796386,55.74399322291613,-34.25600677708387,34.25600677708387
511,0.9669420905017878,0.9012228651517484,1.089123895747758,1.208495631726311,0.9906429776195232,-14.995679756093462,75.00432024390653,75.00432024390653
512,1.1074287385521373,1.098646293454733,1.56383337309798,1.4234184217565142,0.4706824935443379,30.207551214048276,-59.79244878595172,59.79244878595172
513,5.059299691615103,4.233662956796487,8.59483547220257,2.0301180230714637,0.2763603671785113,-31.96917472896368,58.03082527103632,58.03082527103632
514,1.6381408467855358,1.4246418846262834,1.9389609413273907,1.3610163805032485,0.8598069966817092,70.7851520824862,-19.214847917513794,19.214847917513794
515,1.0453852243082644,0.7865308138280973,1.5451115047861754,1.964464045936123,0.667837004852873,19.725229393960337,-70.27477060603967,70.27477060603967
516,1.7733929789634846,1.2674948609919987,2.634986880807042,2.0788935418205816,0.7190786486197213,-29.4160902825599,60.58390971744009,60.5839097174401
517,1.191922542518033,1.1322654703588282,1.3390467315678758,1.1826261301985268,0.8469406023359756,71.32284170017972,-18.677158299820277,18.677158299820277
518,2.2066186730632262,1.5273229602614102,3.4387875184804844,2.2515130119512614,0.5188805848968286,65.6291078279146,-24.370892172085405,24.370892172085405
519,1.2897792515977275,1.1286114446718711,1.5890684880924897,1.4079854458276295,0.792994984441916,2.882964336519348,-87.11703566348065,87.11703566348065
520,4.338313694619607,3.388502964412559,5.616353935758582,1.65747351994194,0.7007717384123695,-50.344802927702425,39.65519707229757,39.655197072297575
521,1.0337045758596148,0.8970274027863012,1.2896144743489484,1.4376533764110362,0.8785162422973296,43.55868363619658,-46.44131636380342,46.44131636380342
522,2.690160753669267,2.3855580115811126,3.477705142482706,1.4578162113851654,0.4769705834851557,-28.255243639579486,61.74475636042051,61.74475636042051
523,1.7212740281460053,1.4529024211258572,2.2618135050870904,1.5567552728932796,0.6177328667652107,46.10080887013594,-43.89919112986406,43.89919112986406
524,1.380717816333713,1.263959991007774,1.61193704094186,1.2753070132043016,0.8139815453133902,20.843524326520583,-69.15647567347942,69.15647567347942
525,1.4660262135550917,1.2711222290996893,1.8653547952179148,1.467486566212526,0.6934715640514691,-65.30215764988151,24.697842350118492,24.697842350118492
526,1.0278144733504384,0.8315805292282603,1.7146578400878434,2.06192639175801,0.5900156263700717,-66.8377579355859,23.1622420644141,23.1622420644141
527,0.9153341128725788,0.6453062684507479,1.3770006784369242,2.1338715362905574,0.7593310546093694,56.42868585450748,-33.57131414549252,33.57131414549252
528,1.186817925731738,1.073539598453215,1.40164421110908,1.3056287938783135,0.8873026637179572,-28.212102624335408,61.787897375664585,61.78789737566459
529,1.3084726790995154,1.256365183932184,1.4416984500869092,1.147515442583873,0.8416380564655405,31.820910144984804,-58.17908985501519,58.17908985501519
530,1.2020667470700563,1.0363047011932938,1.5328752616551315,1.4791742813576374,0.7175567179023407,77.50099605533227,-12.499003944667734,12.499003944667734
531,1.8829835605082688,1.7531700412222289,2.257871484297092,1.2878793449624593,0.6078172700945548,72.23730819917418,-17.76269180082582,17.76269180082582
532,1.2803301921000927,1.007688888336727,2.061006681214684,2.045280745941879,0.4570232561773465,-15.86165917600981,74.13834082399019,74.13834082399019
533,1.096409273000846,1.0859051254871106,1.8692824950946807,1.721404983935559,0.3828282002310817,87.95570917085064,-2.044290829149361,2.044290829149361
534,1.0908577979726677,0.9218480875724102,1.459443797333682,1.583171692829535,0.6580256629584891,-50.35394613751112,39.646053862488884,39.64605386248888
535,4.420110481183428,4.613332880959784,6.902524911094049,1.4962121939178186,0.2350929009481524,70.14833741368773,-19.851662586312273,19.851662586312273
536,1.3894843667311525,1.28515986899768,1.6767243343129137,1.3046815223234616,0.6095303302498027,56.58786263148507,-33.41213736851493,33.41213736851493
537,0.9855986414141252,0.7676688377661213,1.3298470981296442,1.7323187196179983,0.8974585056871659,-6.384905738423337,83.61509426157666,83.61509426157666
538,1.1291450947814663,0.8989838576668211,1.5029683383472885,1.671852420407213,0.917280539301777,9.493523044686183,-80.50647695531381,80.50647695531381
539,1.0453852243082644,1.0034292013420174,1.2098880920530968,1.2057533211460807,0.7282921446436557,-68.73715888514475,21.262841114855235,21.26284111485525
540,2.7036679218663675,1.596972135139918,5.361472701890547,3.357273795776533,0.4358047125949376,-41.51105055226766,48.48894944773235,48.48894944773234
541,1.8667925156594296,1.5092906373838315,2.741188967848919,1.8162101453172932,0.4930089650316202,-60.93058193331817,29.069418066681834,29.069418066681827
542,1.5583682828180965,1.0873059854731904,2.8065978358387067,2.581240123144626,0.4448211462296594,-60.43510721850576,29.564892781494223,29.564892781494237
543,1.039561305877423,0.8995904570960636,1.3595024203037216,1.5112459337244235,0.8151002303325686,86.83530053537108,-3.1646994646289244,3.1646994646289244
544,0.973200680696656,0.6438197945457703,2.1713293859289537,3.372573201886215,0.3740246906314852,71.15557809462814,-18.84442190537186,18.84442190537186
545,1.0278144733504384,0.8630992506488258,1.459012560591794,1.69043428029279,0.6717601954636625,-36.19431723982807,53.80568276017193,53.80568276017193
546,2.279696262327928,2.149202652900523,2.8961205680787865,1.3475325670988902,0.5091291409811688,-8.290100559315086,81.70989944068492,81.70989944068492
547,1.039561305877423,0.8551804603520837,1.3546292111521396,1.5840273181574207,0.8872485553598631,-53.32395137094535,36.67604862905466,36.67604862905465
548,0.9669420905017878,0.7153613942671844,1.7724765218616,2.477735779517881,0.449200283881115,-31.66431649023511,58.33568350976489,58.33568350976489
549,0.973200680696656,0.6763979150675505,1.4945705026143403,2.209602468193712,0.7675680586513616,-84.12925365449647,5.870746345503534,5.870746345503534
550,1.0511768765181757,0.9625580018403452,1.2964146465984974,1.3468431451609577,0.8628378451878472,-68.57425020299593,21.425749797004073,21.425749797004073
551,1.0569367929308613,1.098924336535395,1.2764533144950163,1.1615479538102882,0.6887565840790915,59.34422926985847,-30.655770730141533,30.655770730141533
552,2.789870967299997,2.265763015415538,3.8854008775917146,1.7148310971432894,0.5603862666312428,48.43171187820804,-41.56828812179196,41.56828812179196
553,1.1609582232861997,0.9639101219981918,1.482632239082572,1.5381436559760011,0.832665508218853,-28.33144098538224,61.668559014617756,61.668559014617756
554,1.7665326322454526,1.5891696325624705,2.3774018845710234,1.496002588935431,0.5489030434928024,-33.39958739370933,56.60041260629066,56.60041260629067
555,1.3894843667311525,1.2719185976874945,1.5960925917927142,1.2548700794961316,0.8313268044285738,-82.52511485533901,7.474885144660988,7.474885144660988
556,1.062665489594652,0.9872587512716836,1.3327011013708072,1.3499005196501537,0.7818108866678275,50.95452783547496,-39.04547216452504,39.04547216452504
557,1.3450803768346336,1.0356658981368376,2.072024805135256,2.000669143266016,0.6092955814905087,-77.84884689499575,12.151153105004255,12.151153105004255
558,1.1816912584570125,0.8196312256759729,1.8803666452729728,2.294161796632604,0.5890756191793837,15.733843764600138,-74.26615623539986,74.26615623539986
559,0.928505064734256,0.7937501882365635,1.338678481173865,1.686523670813789,0.6665221889966111,12.219012920964508,-77.7809870790355,77.7809870790355
560,1.45354916781555,1.1526928988386458,2.177490692122842,1.889046678709216,0.5611382054752705,-83.49068932424444,6.509310675755557,6.509310675755557
561,1.1074287385521373,0.993747786687498,1.402486319568085,1.4113101315606975,0.7576505975685058,-51.23830337914754,38.76169662085246,38.76169662085246
562,2.439232190052617,2.040654889539378,3.225458492781156,1.5805996934196036,0.7127313228309535,-84.81731983395278,5.18268016604722,5.18268016604722
563,1.8306682257451572,1.5636639781493444,2.351622428259001,1.50391801635172,0.6461388259128381,-30.048397198819163,59.95160280118084,59.95160280118084
564,1.9244428674196767,1.7145503636245587,2.33826035298758,1.3637746680386211,0.6801426555224143,-8.523614048246984,81.47638595175302,81.47638595175302
565,0.8606370140730026,0.6754450697611779,1.203904737904958,1.782387335110213,0.8482111129026597,67.2741672989462,-22.725832701053804,22.725832701053804
566,1.085277926096956,0.938831504975754,1.330444406635451,1.4171279932385852,0.8600900479208143,-31.33543790433787,58.664562095662134,58.664562095662134
567,1.0569367929308613,0.9620177973578362,1.2687762279920716,1.318869808309931,0.781752849858558,0.8997642435665864,-89.10023575643342,89.10023575643342
568,1.2171245375823248,1.1684059937145863,1.4424710703171508,1.234563223808241,0.6232702420214659,84.66130310890132,-5.338696891098678,5.338696891098678
569,1.870041939381716,1.2993740004574883,2.919720081040023,2.247020549904829,0.7081874199551009,-2.9023308012443083,87.0976691987557,87.0976691987557
570,1.9650276361365868,1.9116619349576185,2.195999834245886,1.148738589228943,0.7234005501260811,-26.81021402884397,63.18978597115603,63.18978597115603
571,1.474285581520627,1.196451627805453,2.5052022178241957,2.0938600103869383,0.5128527988780616,45.07766918421104,-44.92233081578896,44.92233081578896
572,0.9855986414141252,0.7772682841476026,1.975204468230512,2.541213257397522,0.4469016056055621,37.4474922624544,-52.5525077375456,52.5525077375456
573,1.7035467376469715,1.4072464181640183,2.280202063833984,1.6203289163875636,0.6366624733916286,61.768349310354616,-28.231650689645384,28.231650689645384
574,1.986537570863388,1.7923473768708156,2.956972671764873,1.649776549971763,0.4057652847201721,-68.87758427676829,21.12241572323171,21.12241572323171
575,1.7106596985948357,1.4075775706524412,2.209588908529421,1.5697812714543549,0.6787345981458297,45.14855350585788,-44.85144649414212,44.85144649414212
576,1.2418151765086958,0.9211403915956176,1.8049479418207253,1.9594710624882692,0.667824497346829,7.05249761370264,-82.94750238629736,82.94750238629736
577,1.062665489594652,0.845244160716515,1.3963078472759012,1.6519579929333656,0.8687234007385829,-35.945814954433814,54.054185045566186,54.054185045566186
578,1.2221025728266244,0.9714089691984265,1.769200374650583,1.8212724308181625,0.6377052870926561,36.13632352839375,-53.86367647160625,53.86367647160625
579,0.8172152218636723,0.7734764207683077,0.9190177095141344,1.1881651267420126,1.0203700498700836,36.30198996530952,-53.69801003469048,53.69801003469048
580,4.422856744561881,4.187448933304343,5.2568784584356845,1.2553892697355111,0.4956620525324414,74.56504930098599,-15.43495069901401,15.43495069901401
581,1.7596455392320107,1.5341475463892191,2.197757153485316,1.4325591815845702,0.626900625935081,-43.72626480062259,46.27373519937743,46.27373519937741
582,1.6964039525710572,1.4964536181333554,1.9908711320854977,1.3303928086784729,0.820271482871503,-21.78480540666772,68.21519459333228,68.21519459333228
583,0.7946150283453554,0.6977323451446522,0.9695621131711528,1.3895903205836693,0.9580024716176352,-39.73048968854901,50.269510311451,50.26951031145099
584,0.9153341128725788,0.9034199581291056,1.316838207301207,1.4576146956375085,0.489325588453226,-26.69228715860889,63.30771284139111,63.30771284139111
585,0.928505064734256,0.8283798921554114,1.3480093392661103,1.6272839937708337,0.5855444181893046,-88.2245555561081,1.7754444438918995,1.7754444438918995
586,0.8815462242933692,0.6593491169643445,1.4695748524256405,2.228826602804278,0.7218869940228207,25.76904124013887,-64.23095875986112,64.23095875986112
587,1.3131044552792934,0.9358830390442062,1.9873207630236884,2.123471288734209,0.6835580482505723,2.060356668428813,-87.93964333157119,87.93964333157119
588,0.8884066096615684,0.7219424037794473,1.234367650512475,1.7097868805744414,0.7298827162360022,33.367095744726875,-56.632904255273125,56.632904255273125
589,1.2563966762852905,1.270628127425882,1.35465456938172,1.066129845658355,0.7790655351874886,-16.580310040752313,73.41968995924769,73.41968995924769
590,1.085277926096956,0.9378585998107624,1.3911319394274442,1.4833066943227278,0.8444509391373717,-33.45641108610104,56.54358891389896,56.54358891389896
591,2.451645665591017,1.9240919824076368,3.510264992294758,1.8243748346699755,0.5815978515602438,-23.825536623983417,66.17446337601658,66.17446337601658
592,0.9086770491564996,0.7227922162421063,1.2176421530574475,1.684636505063838,0.9008941098068554,-31.545760844972826,58.45423915502718,58.454239155027174
593,0.9917395023300404,0.7369228805693772,1.5691029976082973,2.129263507730881,0.5630794227085543,53.60062884115224,-36.39937115884776,36.39937115884776
594,1.1237553499514827,1.0146335903701742,1.3007359168233823,1.2819760051003517,0.9507818527848624,-14.113188522246617,75.88681147775338,75.88681147775338
595,0.8606370140730026,0.7532095032264636,1.098590437812589,1.4585456411617812,0.822675102148019,61.56891561970702,-28.43108438029298,28.43108438029298
596,1.139848131163964,1.0558053780513297,1.3364653958188697,1.265825523910047,0.7642096839156659,50.00115691368096,-39.99884308631904,39.99884308631904
597,1.191922542518033,1.1591244220406198,1.3372337867845858,1.1536585385979594,0.8277584244047058,-50.383682709456906,39.616317290543094,39.616317290543094
598,1.3084726790995154,1.0754865434116652,1.7952434231185352,1.6692383871430438,0.6805012149916075,64.03158803118616,-25.96841196881384,25.96841196881384
599,2.6029882167717644,2.1521228910344035,3.984961536382453,1.8516421868767483,0.4320145652495125,-50.15491081194799,39.845089188052015,39.84508918805201
600,1.0278144733504384,0.905325628535417,1.275484963325972,1.408868724272588,0.8208023303410547,-73.32640625579154,16.67359374420846,16.67359374420846
601,1.9149550058393197,1.43693328287711,5.722140339255699,3.982189296776885,0.1936329885461301,-30.496332088911164,59.50366791108884,59.50366791108884
602,0.8746320295080829,0.7847499292212514,1.0475723251016889,1.3349122900096977,0.905170259853793,66.97601167699675,-23.023988323003252,23.023988323003252
603,0.9086770491564996,0.8407653351213252,1.7557772044616484,2.088308272376957,0.4031328109733197,-35.00708694724708,54.992913052752925,54.99291305275292
604,1.0569367929308613,0.9967555671046472,1.1632463728552722,1.167032732241711,0.9655956214914024,75.71792247258074,-14.282077527419261,14.282077527419261
605,0.8952144227026446,0.7953006608573087,1.0905199386868922,1.3712046177748003,0.9530370129821378,-2.345894991369217,87.65410500863078,87.65410500863078
606,3.614608273703613,2.585669257164384,5.316373331131647,2.0560917899306013,0.5906535216568348,-71.05685476658827,18.943145233411713,18.943145233411727
607,7.046341022583709,5.074846722171386,12.73914668683993,2.510252503033078,0.2645317506567708,48.86632694532282,-41.13367305467718,41.13367305467718
608,1.0908577979726677,0.763711099511284,1.9617577843228888,2.5687171308342407,0.4616849736902472,57.00028076509466,-32.99971923490534,32.99971923490534
609,1.7870346644469015,1.3650943736216408,2.929575351240733,2.1460606737895143,0.4659123246727508,42.448017649000185,-47.551982350999815,47.551982350999815
610,0.8676627389239214,0.7439201514691711,1.0489927207744911,1.4100877879202909,1.035952762943755,42.5770868889854,-47.4229131110146,47.4229131110146
611,3.3405106322215583,2.9172413197089213,4.4912892821775605,1.53956727948228,0.5797455950075779,7.543924936070541,-82.45607506392946,82.45607506392946
612,0.9350209696908578,0.6823824446297873,1.64897726830474,2.416500133146537,0.5142345536628781,-67.57593838703832,22.42406161296168,22.42406161296168
613,1.2755794143363215,0.9420243710928566,1.840362659361971,1.953625315687893,0.7060773469674391,-3.0378540558597056,86.96214594414029,86.96214594414029
614,0.9669420905017878,0.8258888355888825,1.2306996591646249,1.49015170823456,0.8685202896837062,85.3730814051927,-4.626918594807293,4.626918594807293
615,2.153707815918036,1.531205446877471,3.177268110003901,2.075010976798171,0.6497875099620543,60.2659100313469,-29.7340899686531,29.7340899686531
616,1.6455365541233553,1.38502423997889,2.012189793370168,1.452819189215661,0.8109544435416742,-68.8745229114468,21.125477088553197,21.125477088553197
617,1.139848131163964,0.9727673813510472,1.4086644789186278,1.448100034935563,0.9006672378881794,-51.19123717364662,38.80876282635339,38.80876282635338
618,3.007691157803274,2.704671904354432,3.839255378521654,1.4194902429165552,0.4705853794856788,-12.30195575542598,77.69804424457402,77.69804424457402
619,1.380717816333713,1.0343612802185935,2.293616869417142,2.2174233638486807,0.4974455834231385,-47.48460641632257,42.51539358367742,42.51539358367743
620,1.062665489594652,1.045200933101227,1.1328230018542902,1.0838327502187342,0.9126216546398472,-46.31402803323848,43.685971966761514,43.68597196676152
621,1.0740312192037882,0.92169472001174,1.4409421601865378,1.5633616303760356,0.7332404093451944,-63.99372709496075,26.006272905039253,26.006272905039253
622,1.3360224934845466,1.1158929663507997,1.722283020938745,1.5434123817188008,0.728231603254664,53.04028264224131,-36.95971735775869,36.95971735775869
623,4.103867526301974,2.961712908438888,5.7924003605352254,1.9557602440232424,0.6578419875395498,52.09254003168878,-37.90745996831122,37.90745996831122
624,1.3585539723246187,1.3379064191286778,1.5986746700575527,1.1949076910018133,0.6324686851653141,25.871789872523323,-64.12821012747668,64.12821012747668
625,1.6820273886595418,1.2848895801084186,2.270406361343839,1.767005038014444,0.7881413517385096,-73.92178451288913,16.078215487110867,16.078215487110867
626,1.0099380753567209,0.8160689927651406,1.302101151287417,1.5955772892135278,0.8472538679791379,-25.543034228032752,64.45696577196725,64.45696577196725
627,1.340559085464394,0.9805713723491998,2.0182710626531533,2.0582602343548837,0.7142849632536022,17.144529524464264,-72.85547047553574,72.85547047553574
628,1.843886218520761,1.5808984032873965,2.369351924080686,1.4987376286507352,0.6968738367472409,71.13837182023416,-18.861628179765844,18.861628179765844
629,1.514907113035081,1.43320704533111,1.7734633754561648,1.2374090549118435,0.6493040372002714,-16.478522143014434,73.52147785698557,73.52147785698557
630,1.6082179472047609,1.3652990763479915,2.220752029794244,1.6265681770872389,0.6605784817526639,64.03832940001274,-25.961670599987258,25.961670599987258
631,1.8732857266234093,1.7561588644774937,2.265949183447665,1.290287131353489,0.6263942163655727,-42.4546850377079,47.54531496229211,47.5453149622921
632,0.9855986414141252,0.9183283162913448,1.1404160913239931,1.2418391887658944,0.9159188124062064,-7.882001413146953,82.11799858685305,82.11799858685305
633,2.1138735858617226,1.7422803999486178,2.6073858727330235,1.4965363054132497,0.781752849858558,54.02918603949354,-35.97081396050646,35.97081396050646
634,0.8815462242933692,0.6218922874620809,1.4569888906998247,2.3428315804425583,0.6775019339325323,-85.966332849314,4.033667150686,4.033667150686
635,1.1019327803667114,0.8548041506051313,2.015716438699565,2.3581032418625987,0.4709612031238158,-47.46757484095721,42.53242515904279,42.53242515904279
636,1.191922542518033,1.1861752742605294,1.377248384173991,1.161083369430861,0.6921514853431558,36.91303134280159,-53.08696865719841,53.08696865719841
637,1.3851080271465486,1.288420165396622,1.5454243708500164,1.199472355645939,0.9631586989708326,-85.83267228155013,4.167327718449883,4.167327718449869
638,1.2071068813224677,1.0515460407934818,1.545413113629552,1.469658059349836,0.7628729103331549,58.15635222504232,-31.84364777495768,31.84364777495768
639,1.3894843667311525,1.0627093926707842,1.9885607273542476,1.8712177958233984,0.6993773598094819,-43.35423521478299,46.64576478521701,46.64576478521701
640,1.1019327803667114,0.9098913197355004,1.4406399724029233,1.58330994169909,0.8198306398431466,-9.890009267755865,80.10999073224414,80.10999073224414
641,1.4577200491801383,1.200659214039098,2.404881732822321,2.0029677902792566,0.5129758248888703,88.79295072702593,-1.207049272974075,1.207049272974075
642,4.639909079268708,3.575850909540705,6.740446290907709,1.8849908627128629,0.5910279510926574,-27.21788972962429,62.78211027037571,62.78211027037571
643,1.6455365541233553,0.9735171600079312,2.939129322819349,3.0190832206752303,0.6425795546535988,-36.03489251639255,53.965107483607454,53.96510748360745
644,1.1661760393441107,1.1218535236614176,2.050644521801176,1.8279075463510093,0.3687739184656481,0.6330073390760895,-89.36699266092391,89.36699266092391
645,1.3851080271465486,1.1882540979382403,1.6839776313084451,1.4171864706634236,0.8931829027826771,81.07082307151617,-8.929176928483827,8.929176928483827
646,0.9978425722559162,0.8478526817547509,1.3350093111164636,1.5745769752753194,0.7351487719256402,-59.26970993010254,30.73029006989745,30.730290069897457
647,1.1504515979244476,1.1896634543827111,1.257921312603775,1.0573757712482488,0.7167299081938301,84.34762515961391,-5.652374840386088,5.652374840386088
648,8.583766371847876,7.884335425369682,9.557416927237208,1.2122032373818086,0.8024921858558345,-79.18759332944067,10.812406670559312,10.812406670559326
649,1.5892300566907107,1.4467126781895503,1.9049832919234149,1.3167668471028782,0.7132329669770153,-52.43096682383455,37.56903317616545,37.56903317616545
650,1.4577200491801383,1.1338461363448784,1.9965238134682688,1.7608419250819694,0.6580698963004165,-82.79761084521861,7.202389154781372,7.202389154781386
651,0.9153341128725788,0.872298387242011,1.0930135972746746,1.2530271903064154,0.8872647378170885,-80.51879948660189,9.481200513398107,9.481200513398107
652,1.171370613113025,0.9858245855817844,1.5798369114973745,1.6025537753910175,0.6430710119556129,-52.40919082072944,37.590809179270565,37.59080917927056
653,1.0511768765181757,0.9342546055849488,1.606752512789888,1.7198229510293712,0.5916390866575204,-11.00785963155996,78.99214036844003,78.99214036844003
654,1.45354916781555,1.2778875894104078,1.858814560392652,1.4545994309642465,0.5775442735776715,-6.131673189138907,83.86832681086109,83.86832681086109
655,1.0278144733504384,0.8843156902810158,1.3770172122212418,1.5571556937813198,0.7174980898939366,-44.81753843522639,45.182461564773604,45.18246156477361
656,0.9219431092603804,0.7831175336992503,1.2156965160379845,1.5523806628301882,0.8434072429136887,82.32294184689226,-7.677058153107737,7.677058153107737
657,1.3131044552792934,1.2468450129972697,1.780587443632737,1.4280743998425374,0.6159969255449553,3.634263204995133,-86.36573679500486,86.36573679500486
658,1.6418428647199157,1.260272664677177,2.342982305227167,1.859107454201056,0.725129024512354,-82.22351708336787,7.776482916632119,7.776482916632133
659,1.139848131163964,0.8560444461786884,2.1562131555133512,2.5188098178062,0.434563847833009,-20.370436524774064,69.62956347522594,69.62956347522594
660,1.2270604129519955,0.9528106295687676,1.6381547877317817,1.7192868518618372,0.881795990398904,67.14587074050769,-22.85412925949231,22.85412925949231
661,0.9479184199131095,0.833913547678398,1.15961352416939,1.3905680359765535,0.8665763384421418,50.74803646898553,-39.25196353101447,39.25196353101447
662,1.1451621372724683,1.14721825425631,1.3099664420616948,1.141863317813825,0.6876059781028998,72.54306823240611,-17.456931767593886,17.456931767593886
663,0.9606427264386592,0.6581159804226421,1.6662051470595431,2.5317804104825203,0.4769110410742721,79.42858132208008,-10.571418677919922,10.571418677919922
664,1.0908577979726677,1.1514930755261836,1.1720526533356197,1.0178547125001522,0.7231178730581549,-79.3930005920089,10.606999407991111,10.606999407991097
665,1.4025314545362868,1.1695263115614225,2.0258200656621432,1.7321714318316552,0.6380557288508258,6.332320999662758,-83.66767900033724,83.66767900033724
666,5.291572541071431,4.242162010195307,8.173325500228483,1.92668867445074,0.3913777414735574,-0.5512023707956846,89.44879762920432,89.44879762920432
667,2.490953111963912,2.363638322345445,2.682957692441811,1.1350965446268042,0.7788937145853672,29.16218662741977,-60.83781337258023,60.83781337258023
668,0.973200680696656,0.7986713598160414,1.5017154636428445,1.880267077548312,0.5825231035223067,46.5641381934651,-43.4358618065349,43.4358618065349
669,0.9153341128725788,0.7252346147452983,1.862041868105988,2.5675027504856964,0.405705754625935,-16.36311164691422,73.63688835308578,73.63688835308578
670,1.4197410732459426,1.303559696734827,1.6207230353029536,1.2433055727041586,0.8764507745471701,21.55139503004715,-68.44860496995285,68.44860496995285
671,0.9606427264386592,0.7414793429695333,1.369717172058805,1.8472762391103932,0.7499420645044927,-69.8447957507059,20.155204249294115,20.1552042492941
672,0.8746320295080829,0.6311277182221224,1.4456188482843215,2.290532972243097,0.6637527633831571,86.56558019542705,-3.434419804572954,3.434419804572954
673,1.1237553499514827,0.9191668209363076,1.480793585144952,1.6110172293170288,0.7570456215323241,86.75596463991155,-3.2440353600884464,3.2440353600884464
674,0.928505064734256,0.8756497226961717,1.018656100239843,1.1633145923958583,1.1030075573599207,36.71599111225312,-53.28400888774688,53.28400888774688
675,1.2071068813224677,0.926429330097948,1.790466254966658,1.9326528174333155,0.6729321837557322,-20.527114345950995,69.47288565404901,69.47288565404901
676,3.692708115052768,3.3512564765894863,4.199884576671471,1.2532268437256755,0.8038667873753277,25.89506785321054,-64.10493214678945,64.10493214678945
677,1.5622593457610967,1.278912032153512,2.045804241202789,1.599644220844444,0.7235949793202098,87.3922893372287,-2.6077106627712965,2.6077106627712965
678,1.1183396299962336,0.9320400214799264,1.5041650819488483,1.613841731345915,0.6542987889286059,-32.32460599266709,57.67539400733291,57.67539400733291
679,2.628519697552557,1.845578263873804,3.9644911563504337,2.1481024316081325,0.6331295676381139,-43.11619296108931,46.883807038910675,46.88380703891069
680,1.526882849696625,1.206531547774604,2.0351777214826625,1.6868002541968017,0.7823357579502705,82.35247458042136,-7.647525419578642,7.647525419578642
681,1.398195952804615,1.228143891124492,1.9493554762338792,1.58723704145859,0.5730015904981778,39.61399221388488,-50.38600778611512,50.38600778611512
682,1.2369164782162358,0.973033795047342,1.6743332769288009,1.7207349687657432,0.865771841031138,-67.57823089601615,22.42176910398385,22.42176910398385
683,0.8884066096615684,0.7157174610767048,1.3352231544069249,1.8655729767976508,0.6355074887117974,81.36865047601059,-8.631349523989414,8.631349523989414
684,0.8884066096615684,0.7105537023818277,1.1855614540713304,1.6685036614364857,0.9281849350824032,-64.42857573509325,25.57142426490674,25.571424264906753
685,1.2563966762852905,1.021946808861423,2.104729994407232,2.059529885662215,0.4500574416858963,86.85772977589949,-3.142270224100514,3.142270224100514
686,2.040808068852193,1.29173280437573,6.950655807680536,5.380877364215936,0.1978344162508423,84.78169274854463,-5.218307251455371,5.218307251455371
687,1.2515550525870838,0.920524171982184,2.279870742505521,2.476709261850482,0.4812212166626254,-19.20482539136206,70.79517460863794,70.79517460863794
688,2.18449662396525,1.7191848592017445,3.119903967562913,1.8147577038408504,0.4881693585048069,-45.63204475664144,44.36795524335855,44.36795524335856
689,1.6999790965841823,1.4449492974880134,2.044362224550467,1.4148331904133309,0.9029547358208448,-43.71303698518904,46.286963014810965,46.28696301481096
690,1.0159318257539256,0.925895452263616,1.208666364524955,1.3054026365180045,0.8099917794151458,65.5237494279397,-24.476250572060295,24.476250572060295
691,1.7457898469292477,1.480463596246049,2.6942637235628726,1.8198784018699323,0.4498518762595263,3.098237362643566,-86.90176263735643,86.90176263735643
692,1.186817925731738,1.1113221025654512,1.4498481808557535,1.3046156262966655,0.7636315852397274,-87.53603310859017,2.463966891409825,2.463966891409825
693,2.567763477967868,2.148392343016604,3.733832044345204,1.7379656264751204,0.434499933529663,-55.883368572314325,34.11663142768566,34.116631427685675
694,1.062665489594652,0.9595462165490132,1.3270367787039217,1.3829837018966948,0.6953941471450796,47.74086601345613,-42.25913398654387,42.25913398654387
695,0.9978425722559162,1.1126758967874506,1.1901422292672843,1.069621650566438,0.5858794776509901,-36.28385569971032,53.71614430028967,53.71614430028968
696,1.3938469657443524,1.1340214987101784,1.837191653150246,1.6200677458406605,0.7905597275498084,26.94896217553157,-63.05103782446843,63.05103782446843
697,4.252090032317229,3.602210638590786,5.267187865916472,1.4622098467781546,0.7506246441811982,-32.00725296947496,57.99274703052504,57.99274703052504
698,1.780226888597607,1.4044046411934443,2.5307175873761643,1.8019860609586096,0.5762978666457146,-40.91092315215274,49.08907684784725,49.08907684784726
699,0.973200680696656,0.6572223841336411,1.8823240512417976,2.8640595583534503,0.5359539968287996,-7.4267334103208285,82.57326658967918,82.57326658967918
700,2.2038655607334228,1.5287572199338155,3.394902093926724,2.2206940707522542,0.5938093013163074,-33.35367758131668,56.646322418683326,56.64632241868332
701,2.3889333407400763,2.211116502403609,2.6854665120733694,1.21452963204522,0.8357318528226706,60.4800854734024,-29.519914526597603,29.519914526597603
702,1.2020667470700563,0.8664650066525781,1.9193124900948977,2.2151067560244524,0.6287371531606676,-68.8364794352004,21.163520564799597,21.163520564799597
703,1.2515550525870838,1.1816411746677882,1.6874532946862215,1.4280589834394013,0.4860663958328618,35.919558538786575,-54.080441461213425,54.080441461213425
704,1.0337045758596148,0.9064414057237864,1.4020086418422082,1.5467173421129357,0.6490786565689448,-13.546448209561277,76.45355179043872,76.45355179043872
705,1.096409273000846,0.7902308457698296,1.6055730376608932,2.03177722845882,0.8116323334447152,-42.77434484433154,47.22565515566845,47.22565515566846
706,1.432512614476725,0.936282390988408,2.6098125942462285,2.78742035454829,0.5003121671459377,53.39338520603857,-36.60661479396143,36.60661479396143
707,1.7106596985948357,1.492465885473003,3.251038773609709,2.178300224650942,0.2995573870162034,-58.044963470876255,31.95503652912373,31.955036529123745
708,1.470161697690137,1.2526958210581016,2.0236086278448653,1.615403032266528,0.6638276597762696,87.67889267864336,-2.321107321356635,2.321107321356635
709,3.563862541764567,2.146104334547741,7.426797276231421,3.4605946955493696,0.3750410642247202,38.21515433292119,-51.78484566707881,51.78484566707881
710,1.3938469657443524,1.2742655745417588,1.559455116798898,1.2238069896533903,0.9598977096955292,-17.975285489035866,72.02471451096413,72.02471451096413
711,1.1609582232861997,0.9648832923395526,1.5428473354841417,1.5989989128562891,0.7853092744352338,-53.76477442390511,36.23522557609488,36.23522557609489
712,1.671163804247637,0.7179332546054151,5.04305189721075,7.024402150005536,0.3029313238108688,4.037334867428728,-85.96266513257127,85.96266513257127
713,1.502835947650602,1.4006830932271217,1.885403408324425,1.3460599456373292,0.612924084087616,49.39852617112747,-40.60147382887253,40.60147382887253
714,1.9557366732786756,1.7037792168489927,2.6777303845306952,1.5716416528914758,0.5294802579923823,-0.6755968997968214,89.32440310020318,89.32440310020318
715,0.84641062903508,0.7829346793137142,1.013129237582548,1.2940150236678905,0.922477430017439,3.440445891602114,-86.55955410839789,86.55955410839789
716,1.1237553499514827,1.0599991823257209,1.3223491647362096,1.2475001743254863,0.6964442517188746,49.67651965042574,-40.32348034957426,40.32348034957426
717,1.0453852243082644,0.8192546553401948,1.883870905909848,2.2994936844485454,0.5071817521695686,-62.46396293273581,27.536037067264203,27.53603706726419
718,1.0159318257539256,0.7972712346684526,1.4355656859411705,1.800598872149394,0.7102898004846407,54.80389571721194,-35.19610428278806,35.19610428278806
719,2.2093683547194614,1.5435227842989163,5.26491074157173,3.4109705377385184,0.1923630996600015,-13.29335070174242,76.70664929825757,76.70664929825757
720,1.9495180989563052,1.4175897862244429,2.885845515707644,2.0357409059737237,0.5571183928619909,29.827576756270705,-60.1724232437293,60.1724232437293
721,1.4987906214766678,0.9725241061004988,2.583370191332425,2.656355945448888,0.5036667623210728,46.157537746015656,-43.842462253984344,43.842462253984344
722,1.5544674799972351,1.5000234850858214,1.7907447941940788,1.1938111716241724,0.6793834303433306,85.37650399210764,-4.623496007892356,4.623496007892356
723,1.7353254778478429,1.281299528146405,2.7286896878564,2.1296267015752868,0.5423470708954495,-54.8543899872049,35.14561001279509,35.1456100127951
724,1.4111624987975715,0.8493815638259395,3.343175842253268,3.9360117815535394,0.3257322046597171,-9.713424491369643,80.28657550863036,80.28657550863036
725,0.8952144227026446,0.8633514745701745,1.0620048342042665,1.2300955815625296,0.6983495270665465,44.65366026614456,-45.34633973385544,45.34633973385544
726,1.7106596985948357,1.4692962934631302,2.217926223244351,1.509515972450118,0.7291124938973178,-58.75272665535944,31.247273344640575,31.24727334464056
727,1.415458284986553,0.9820661794921544,2.500784448595127,2.546452062821603,0.4696868643369656,-62.88175814849184,27.118241851508174,27.11824185150816
728,1.663882010113248,1.3026253277715167,2.4005495410146644,1.8428549559384324,0.5975239648717011,-28.746457007146308,61.253542992853696,61.253542992853696
729,1.1237553499514827,1.032700817491045,1.286986802728858,1.2462339342924147,0.9495009073556236,70.13932303170944,-19.860676968290562,19.860676968290562
730,1.2466946262544771,1.1809976672233422,1.398773905052299,1.1844002269208314,0.8496921975543512,7.889591807740115,-82.11040819225988,82.11040819225988
731,1.927595110101428,1.8948376889257896,2.586979623591101,1.3652776903850252,0.4462064833453227,50.02804523413115,-39.97195476586885,39.97195476586885
732,1.6999790965841823,1.290233354308081,2.574519131621916,1.995390309067436,0.5498287438414018,-21.0598785551714,68.9401214448286,68.9401214448286
733,1.3450803768346336,1.0339299405743796,1.85032901610627,1.7896077321045136,0.7790420997475315,-17.12542534676456,72.87457465323544,72.87457465323544
734,1.270810876469873,1.2647471970379849,1.5162006724501509,1.1988171833873722,0.5746463657295932,-8.673428427924602,81.3265715720754,81.3265715720754
735,1.4111624987975715,0.8988005276358566,2.730200262371228,3.037604205187284,0.4721120642635433,-4.983841623664962,85.01615837633504,85.01615837633504
736,3.220208841037319,2.553257940750286,4.315146111996058,1.6900549071544388,0.6196353065756012,28.847467476197355,-61.15253252380265,61.15253252380265
737,1.139848131163964,0.9487588453280626,1.837019003057373,1.936233861853659,0.4843437830809666,9.515800869043472,-80.48419913095653,80.48419913095653
738,1.1183396299962336,0.9240868907214144,1.4352022808314395,1.5531031716195096,0.8505408720215192,-0.1107093281840213,89.88929067181598,89.88929067181598
739,1.3450803768346336,1.3888470593599862,1.4808475128692928,1.066242321563976,0.6710678775860365,-12.304437736593806,77.69556226340619,77.69556226340619
740,1.5700125414998518,1.4743159701777504,1.9280863985311707,1.3077837027694352,0.6464129343124329,-53.25265890042863,36.74734109957137,36.74734109957137
741,1.0796692170979234,0.8736493222695932,1.4695970630725603,1.6821360992472307,0.796448596787469,-72.77568715757832,17.224312842421682,17.224312842421682
742,2.4982544068961623,2.030840482377124,3.269433148221144,1.6098916564801935,0.7276982269172796,-8.461818075157632,81.53818192484236,81.53818192484236
743,1.062665489594652,0.678107953063627,2.8527505770491914,4.206926882601415,0.3068693896471979,27.331139524503936,-62.66886047549606,62.66886047549606
744,1.7388205981619584,1.354369079542862,2.3801759054233824,1.7574056742544353,0.6524083125455564,-4.292790674196271,85.70720932580373,85.70720932580373
745,1.1237553499514827,0.8674755948039637,2.217425635204251,2.556182154848236,0.3597473359881055,20.24077342787905,-69.75922657212095,69.75922657212095
746,0.9855986414141252,0.9380017579371048,1.117398288898954,1.1912539389653023,0.9584847952789126,-9.76461081075829,80.23538918924172,80.23538918924172
747,0.8172152218636723,0.6246169454410326,1.1280246264391007,1.8059462438096672,1.0184125809673168,-47.584758592524985,42.41524140747501,42.415241407475015
748,3.242754335775148,1.635600625798275,8.863525677270916,5.419125877959948,0.298799480119155,-4.045914621911767,85.95408537808824,85.95408537808824
749,5.738520603635994,4.629509975270116,8.171510810177477,1.7650919544029489,0.4680199445553135,50.74317621987958,-39.25682378012042,39.25682378012042
750,4.941526605483711,3.9363999293872975,7.344306998742817,1.865742081721346,0.4544118150295061,12.32886148482853,-77.67113851517146,77.67113851517146
751,4.731900032663132,2.886228137051304,8.428437460686059,2.920225658009459,0.4429308330402665,54.11322767576453,-35.88677232423547,35.88677232423547
752,3.5757676275540997,3.1697438722605527,4.223641964748417,1.3324868301539643,0.6958001346773041,-12.19392300534658,77.80607699465342,77.80607699465342
753,0.9855986414141252,0.7660169943329898,1.4696474318457515,1.918557215725284,0.6435763054317568,-33.1767586948445,56.823241305155506,56.8232413051555
754,0.973200680696656,0.7017122496582543,1.425296404726054,2.0311693367476447,0.8265209106128589,-45.32492546314763,44.67507453685238,44.67507453685237
755,2.468919678580592,2.62438548590725,2.823173263061234,1.0757464092914164,0.5761048320893499,-41.601623345588905,48.398376654411095,48.398376654411095
756,0.9978425722559162,0.9425657739994212,1.1900410052437311,1.2625548668017537,0.7496549223880643,26.537458708117825,-63.462541291882175,63.462541291882175
757,0.9414917802541344,0.8402345292579976,1.2467082552638424,1.4837622257261882,0.7355952205342957,-60.50410058352842,29.495899416471588,29.49589941647158
758,1.1557168501373432,0.94298667640778,1.5685835779126325,1.663420721794295,0.6625618420967837,3.321122478445972,-86.67887752155403,86.67887752155403
759,2.295619829069859,1.7004024640719606,3.727996956225839,2.192420344592062,0.4855515801123958,10.0898663809898,-79.9101336190102,79.9101336190102
760,1.096409273000846,0.9118737718422768,1.4282034139153623,1.5662292940282014,0.793091129327123,-76.42263251528749,13.57736748471251,13.57736748471251
761,1.892631703400796,1.8173554556709173,2.152442008083433,1.184381405061351,0.6969021664112701,30.80862031626187,-59.191379683738134,59.191379683738134
762,0.979419278671245,0.924416868769444,1.2211344467310905,1.3209781084551475,0.7114038674719829,2.138597302825471,-87.86140269717453,87.86140269717453
763,0.979419278671245,0.8133323448210302,1.2425443545540018,1.527720325480745,0.9479667144468756,45.577896983736416,-44.422103016263584,44.422103016263584
764,0.979419278671245,0.8081896949077569,1.251768730588764,1.5488550998310304,0.9392971753284676,-73.1430607978774,16.85693920212259,16.856939202122604
765,1.1504515979244476,0.923520468527078,1.569009926982757,1.69894439858509,0.693192333037116,13.43961195089064,-76.56038804910936,76.56038804910936
766,1.2020667470700563,1.021826294131427,1.59505957232717,1.5609889679762092,0.7607532362713368,-70.62413937756145,19.37586062243855,19.37586062243855
767,1.652899170550067,1.2333937470481533,2.4036493741226352,1.948809437274368,0.6522677859929881,71.62502779780206,-18.374972202197938,18.374972202197938
768,1.096409273000846,0.985301082088728,1.4478114175631214,1.4694101568364497,0.7261264151362073,-4.748362424039805,85.25163757596019,85.25163757596019
769,1.8405906194279933,1.91933089345528,2.063434000044865,1.0750798661559413,0.6086781846530968,-55.44382693390168,34.556173066098324,34.55617306609832
770,2.783334751446548,1.883309371934489,4.249128122750805,2.25620292983845,0.6287656441935977,3.139923106798533,-86.86007689320147,86.86007689320147
771,0.9978425722559162,0.8103835854546585,1.3981846062173449,1.7253367803999953,0.7814038342593169,-64.82725463416138,25.172745365838637,25.172745365838622
772,0.8535534614000618,0.7528534425881633,1.783281278803312,2.368696452622623,0.3284935922866008,-40.40450271102185,49.59549728897815,49.59549728897815
773,1.5308539431383232,1.1376701901463424,2.642619042980322,2.3228340391343054,0.4288757512893491,62.82077316771367,-27.179226832286332,27.179226832286332
774,1.340559085464394,1.2572164394164005,1.4855892236799575,1.1816495371072049,0.8193230017856906,-81.08770650903709,8.912293490962895,8.91229349096291
775,2.529649845807552,1.8237037440735109,4.469110559869241,2.450568286868143,0.4197520184167113,-49.32564958918106,40.67435041081893,40.67435041081894
776,2.119610024049903,1.5982577063565588,3.443449813387099,2.1545022430937637,0.3925314195611996,-5.70450913180975,84.29549086819026,84.29549086819026
777,1.566140741422161,1.3941885210272156,1.8501708364514176,1.3270592954590117,0.8248043723272833,87.42577818999806,-2.5742218100019443,2.5742218100019443
778,0.979419278671245,0.8922050837910546,1.2095609789474928,1.3556983712847346,0.76847983422526,43.92235090627423,-46.07764909372577,46.07764909372577
779,1.1557168501373432,0.9510407508920796,1.5127083284520284,1.5905820303000713,0.6652097880585234,-69.55805196567746,20.441948034322536,20.441948034322536
780,4.373160147540415,2.638195712461643,8.752574876848282,3.317636684611789,0.2900908969520925,-13.35758655752554,76.64241344247446,76.64241344247446
781,0.9606427264386592,0.8885384227447933,1.1324401821563226,1.274497706759928,0.9156992923062908,50.26983758936152,-39.73016241063848,39.73016241063848
782,0.8392070033186643,0.7629537362246136,0.9532590553596412,1.249432318238234,1.067151512018546,-38.05714538606809,51.9428546139319,51.94285461393191
783,1.3540776702961077,1.2894434695705037,1.52004088550127,1.1788348395045,0.7771176798826221,-21.6494883658122,68.3505116341878,68.3505116341878
784,1.0511768765181757,0.864225855751045,1.4080741829830192,1.6292895816676871,0.7410405312457978,-79.578891617368,10.421108382631985,10.421108382632
785,1.2466946262544771,1.127724732590499,1.537538299404757,1.3633985803192186,0.6003174347409309,23.16625449354524,-66.83374550645476,66.83374550645476
786,1.827348788334744,1.770590127358963,1.9797056266587243,1.1181049730643653,0.6916526308058776,30.87181618089464,-59.12818381910536,59.12818381910536
787,0.9978425722559162,0.8259667025203143,1.2754198603844271,1.544154088164418,0.8828487166010688,36.94192422733239,-53.05807577266761,53.05807577266761
788,1.585405189396292,1.2381851014372476,2.231790278156557,1.8024690133696188,0.6734385038072834,79.78188287064633,-10.218117129353672,10.218117129353672
789,0.973200680696656,0.5643972962818461,2.033413361056056,3.602804929172835,0.5475432331206637,70.64457371949175,-19.355426280508254,19.355426280508254
790,1.474285581520627,1.128181998425469,1.9900293850214736,1.7639258451196966,0.8094889980322373,6.877413912304212,-83.1225860876958,83.1225860876958
791,1.2515550525870838,1.1610863042700803,1.4418131286682776,1.24177946408099,0.8421799737178759,-53.85595582464515,36.14404417535485,36.14404417535485
792,0.979419278671245,0.9093327553773126,1.1347196278453202,1.2478596213929267,0.8367285294685202,75.39797810558291,-14.602021894417092,14.602021894417092
793,1.4025314545362868,1.3377321707866188,1.5278071498618386,1.142087469544409,0.8353848518240546,-42.26435142983998,47.73564857016004,47.73564857016002
794,1.0569367929308613,0.7604435250844352,1.5624364183192594,2.0546383351028936,0.7367163306405141,-45.91140778745798,44.08859221254201,44.08859221254202
795,0.9543017810603904,0.7806795744724432,1.3432083101023138,1.720562896768509,0.7856710367694061,35.60110550301707,-54.39889449698293,54.39889449698293
796,8.109506579842813,4.559168319050888,16.520993534511145,3.62368580810599,0.3461183819643528,6.632627276543764,-83.36737272345624,83.36737272345624
797,0.9606427264386592,0.7546779980643388,1.5197273764715369,2.013742788804577,0.627036929525178,-8.129823993304694,81.8701760066953,81.8701760066953
798,1.2515550525870838,1.0768856335367365,1.7383047088616137,1.6141962105601009,0.6369592773410616,28.996710240880542,-61.003289759119454,61.003289759119454
799,1.062665489594652,0.950910634735866,1.607138327094651,1.6901044834155898,0.4992994463936216,37.18991731389273,-52.81008268610727,52.81008268610727
800,1.4824989352200384,1.2578696850918734,1.8673417690273848,1.4845272059251486,0.7634377579262144,29.696624946524352,-60.30337505347565,60.30337505347565
801,1.139848131163964,0.9471370477327226,1.4073874325866245,1.485938530179618,0.97863054231929,-25.14006996013691,64.85993003986309,64.85993003986309
802,1.6820273886595418,1.290382393702832,2.277079773688738,1.764655023813923,0.7242876443912454,-34.4727931305096,55.5272068694904,55.5272068694904
803,1.4282681233264556,1.161831977732642,2.0033207433686715,1.724277504633868,0.5880564595635122,-89.08293115793701,0.9170688420629745,0.9170688420629887
804,2.279696262327928,1.5715535182703917,3.3954169530089624,2.160548090494471,0.6836530744041831,-5.572676872413195,84.4273231275868,84.4273231275868
805,1.8306682257451572,1.4640285173993703,2.488627009311515,1.6998487254416272,0.57219746313735,-31.016546794230926,58.98345320576908,58.983453205769074
806,1.2850634067342854,1.2329125004341603,1.389813497944106,1.1272604482919055,1.0067280674076415,58.80600500489449,-31.193994995105513,31.193994995105513
807,0.9855986414141252,0.6995882286947647,1.5852887505489652,2.2660311959603283,0.6139306230030079,84.87842845731276,-5.121571542687235,5.121571542687235
808,0.9606427264386592,0.9194012886535252,1.2205064125460858,1.3275013072186712,0.5460266764446035,79.41032462096453,-10.58967537903547,10.58967537903547
809,1.952629861669301,1.3353728668845957,3.108286216245232,2.3276541656090526,0.6327093278225152,-59.506123903463966,30.49387609653604,30.493876096536034
810,1.2319983017676563,1.086134866978972,1.47208404255217,1.355341852385879,0.8219379681121904,-19.999143779677265,70.00085622032273,70.00085622032273
811,1.0796692170979234,0.9169618413571978,1.5171202167177815,1.6545074705314755,0.6673533898768051,-66.9983188365831,23.00168116341689,23.001681163416904
812,0.9917395023300404,0.9210861869876884,1.162818728854962,1.262442912815611,0.7959757973263631,-40.25666255424606,49.74333744575392,49.74333744575394
813,0.9855986414141252,0.9324086608457732,1.190545229441729,1.276849175083599,0.8440822420441683,-14.763607883378985,75.23639211662102,75.23639211662102
814,0.9086770491564996,0.6670956671313529,1.4109109734270586,2.1150054526575817,0.6506424561182317,6.710755283930797,-83.2892447160692,83.2892447160692
815,1.0039085404212729,0.8030941543027575,1.4279929685564867,1.7781140117951215,0.7122981593038539,-10.589009070288554,79.41099092971145,79.41099092971145
816,1.4111624987975715,1.074772117766794,1.949460258092666,1.8138359061112743,0.7745941219280328,-3.688518326291383,86.31148167370861,86.31148167370861
817,0.9219431092603804,0.5371912227917092,1.828227376332315,3.4033083542044262,0.5352299598033492,-27.150746186076898,62.8492538139231,62.8492538139231
818,1.0740312192037882,0.9845644777534392,1.2241537558502102,1.2433454420816212,0.9431274987410369,-24.609209076603022,65.39079092339698,65.39079092339698
819,1.176542252445381,1.001969620475991,1.45502952423726,1.4521693018457391,0.8720043419297164,3.1184415545549333,-86.88155844544507,86.88155844544507
820,1.4824989352200384,1.4039922156845412,1.6582759253284314,1.1811147574774192,0.7905164297178143,32.72753700112335,-57.27246299887665,57.27246299887665
821,2.809388374878707,2.164629058733452,3.717425816520423,1.7173500473543162,0.7901543662418781,35.394796753080854,-54.605203246919146,54.605203246919146
822,1.5348147620304609,1.2336101492115057,2.098147742292655,1.700819131257749,0.7802235508881382,40.58198803147482,-49.41801196852518,49.41801196852518
823,0.9978425722559162,0.8501327955689433,1.260557407958366,1.48277706086465,0.7570695392990993,-50.24418068968838,39.75581931031161,39.75581931031162
824,1.1019327803667114,1.1347445528453637,1.151744751796326,1.0149815206500303,0.8417450821384854,-71.175935274006,18.824064725993992,18.824064725994006
825,1.518909516610108,0.946172240571873,3.726922680209636,3.9389473928732666,0.3363909206382636,-7.203246694504087,82.79675330549591,82.79675330549591
826,1.843886218520761,1.792817480764472,3.77163138516082,2.1037453202166265,0.2960598004241153,-6.514550598262032,83.48544940173797,83.48544940173797
827,0.8952144227026446,0.7310349265820495,1.341802844708991,1.8354839090692756,0.6479566592843092,-41.47170599274871,48.528294007251304,48.52829400725129
828,2.6765854235266984,2.4178217997222453,3.014162661725672,1.246643843674473,0.8145705568509725,13.996594082310724,-76.00340591768928,76.00340591768928
829,1.0099380753567209,0.6231390956198204,1.8284071690245187,2.934187859302664,0.5455078084495377,-84.9110751522356,5.088924847764417,5.088924847764403
830,2.8629053431811715,2.3269367989037364,3.7485363631031983,1.6109317472091225,0.7161046167670535,43.78383526754669,-46.21616473245331,46.21616473245331
831,1.0908577979726677,1.0205095009352292,1.4239043644282414,1.3952877098383971,0.6073132506715022,0.129245358906491,-89.87075464109351,89.87075464109351
832,0.9978425722559162,0.9877719490933258,1.062377420151617,1.075529044053915,0.927194157406028,-39.63011945458763,50.36988054541237,50.36988054541237
833,0.9414917802541344,0.8000242567640876,1.241869191288568,1.552289422212822,0.8254289450078054,-35.8992579483759,54.10074205162411,54.1007420516241
834,1.021890421280174,0.9916216047652732,1.1151239877471766,1.124545877569033,0.9671359528077108,33.7652045471629,-56.2347954528371,56.2347954528371
835,1.0039085404212729,0.9039605480019108,1.466682489114489,1.6225071905587063,0.6178744441477055,5.679406798436651,-84.32059320156336,84.32059320156336
836,1.270810876469873,0.9078726805135277,2.0746071863772,2.28513009688068,0.502424997096958,10.36072577197187,-79.63927422802813,79.63927422802813
837,1.3630155737347494,1.149753504699857,1.6729897975034862,1.4550856254534488,0.9067336856930628,0.5209328549492168,-89.47906714505078,89.47906714505078
838,1.470161697690137,1.282346304084255,1.78072070098542,1.3886425962424107,0.8680653413647471,-86.27681872272038,3.723181277279622,3.723181277279622
839,0.9606427264386592,0.7803059068096283,1.5897241908382749,2.037308928415072,0.4893185652865459,-6.698917077907947,83.30108292209205,83.30108292209205
840,0.9086770491564996,0.6367694860345836,1.4316820528568903,2.248352165510541,0.7360342607090732,78.42554248583289,-11.574457514167108,11.574457514167108
841,3.4828746698585995,2.2070457177867318,5.929111902757251,2.6864472516242577,0.4460706971472807,41.2210335320308,-48.7789664679692,48.7789664679692
842,1.6232483481616002,1.5796089370089388,1.7478407415092572,1.1065021857997797,0.8113403321318626,23.65323499669282,-66.34676500330718,66.34676500330718
843,1.0796692170979234,0.9991862537338324,1.2725161140145915,1.273552462575781,0.8357452593524504,-21.351327117633204,68.6486728823668,68.6486728823668
844,0.9219431092603804,0.7913050582389142,1.1439445954311132,1.4456429710900809,0.9106968430891712,47.80716944956266,-42.19283055043734,42.19283055043734
845,1.952629861669301,1.4087507559871533,3.055717504406533,2.1690973306809704,0.4786157072011845,46.63248976077926,-43.36751023922074,43.36751023922074
846,2.016868142863207,1.756083087978848,2.566352341248096,1.4614071274963545,0.5898711317283931,-82.99505222870165,7.004947771298362,7.0049477712983474
847,1.6344304437273447,1.4506883629186194,1.8943377306276892,1.3058198983663851,0.8514760002439862,9.134410952505354,-80.86558904749465,80.86558904749465
848,0.8676627389239214,0.7493179174740907,1.1514563556401445,1.536672657610591,0.756686970011007,-79.36727518354687,10.632724816453134,10.632724816453134
849,1.0569367929308613,0.8297318784289612,1.835758459794843,2.2124718930538405,0.4608925388547638,-37.877991134016405,52.12200886598359,52.122008865983595
850,0.9978425722559162,0.7310902762974644,1.70002380590287,2.3253267907110944,0.5257807389484339,78.07614469718158,-11.923855302818424,11.923855302818424
851,1.0740312192037882,0.9383609045165198,1.3200655820364784,1.4067781124327934,0.8259522424431669,30.915303907027383,-59.08469609297262,59.08469609297262
852,1.2270604129519955,0.8938773230822663,1.8971387493363865,2.122370374935428,0.6558268891733063,-10.51717371204949,79.48282628795052,79.48282628795052
853,1.2944779165271465,1.1591397852793042,1.5894759444960722,1.371254756917066,0.7411410390338726,42.32100066510651,-47.67899933489349,47.67899933489349
854,0.9350209696908578,0.7470195751074674,1.2718625354501576,1.702582606710387,0.8751295438258315,22.268156814179672,-67.73184318582032,67.73184318582032
855,1.8635374259717976,1.2108249249122656,3.2885421673708475,2.715951827312384,0.5358197275098389,3.076973897238632,-86.92302610276137,86.92302610276137
856,1.9307422062542177,1.771436051330304,2.4108231974974736,1.360942832617077,0.5820791735526156,29.488001409337777,-60.51199859066222,60.51199859066222
857,0.928505064734256,0.721974675665308,1.3770223390017375,1.907300055549449,0.6707688249993945,-32.31659253026439,57.68340746973561,57.68340746973561
858,1.2418151765086958,1.2704017993256635,1.5123489964607508,1.1904493501689892,0.5768662400689112,48.9152161964386,-41.0847838035614,41.0847838035614
859,1.1074287385521373,1.0375582010110485,1.7897084902909637,1.7249234679529133,0.418490219447008,-50.77565926925153,39.22434073074848,39.22434073074847
860,3.8787407765684407,3.645351517991507,4.563380425353046,1.251835495926974,0.6056689821260898,-64.87984357770077,25.12015642229923,25.12015642229923
861,1.3360224934845466,1.1306406838059566,1.7532224318023106,1.550645096106592,0.6465941628427285,63.309434412639526,-26.690565587360474,26.690565587360474
862,1.2171245375823248,1.091260062698164,1.4223318676133567,1.3033848815988105,0.9536981114233766,-51.7787935568557,38.2212064431443,38.2212064431443
863,1.992640619253945,1.5377270966777157,2.691935764912178,1.7505939582700656,0.6773552671562678,32.211138729570855,-57.788861270429145,57.788861270429145
864,1.0511768765181757,1.0002931212157034,1.1538025949303123,1.153464490016728,0.9131438934101036,-43.46356910902507,46.53643089097494,46.53643089097493
865,1.4824989352200384,1.2555923888011875,1.827537057691015,1.4555177890460993,0.8679290897987029,33.81849328232285,-56.18150671767715,56.18150671767715
866,0.979419278671245,1.032859090922065,1.3607236205672224,1.317433938982386,0.4915535298780289,66.91934493914158,-23.08065506085842,23.08065506085842
867,1.0740312192037882,0.8808996998291043,1.4656142747079497,1.6637697515304872,0.7556951116291274,-66.53627604523055,23.46372395476945,23.46372395476945
868,0.8246109854774907,0.6791044132312948,1.1167556050993572,1.644453464505765,0.8145910105530719,-70.37538686226401,19.62461313773599,19.62461313773599
869,3.3149683957230627,2.392538738301877,5.907886980998877,2.469296269448095,0.3549418705667667,49.73333594947109,-40.26666405052891,40.26666405052891
870,1.0908577979726677,1.0502124880996673,1.228567161795601,1.1698272261251266,0.8959290535857354,42.60850700349447,-47.39149299650553,47.39149299650553
871,0.8746320295080829,0.7421147495367127,1.120544298281398,1.509934008158349,0.8607786982658064,-57.34042695904397,32.65957304095605,32.65957304095603
872,5.862033830015136,4.313783965390888,8.165651694051428,1.8929208693721655,0.6441653235264873,-24.917723967349666,65.08227603265033,65.08227603265033
873,1.0337045758596148,0.9279334200207848,1.284880940407935,1.3846693229123652,0.7114938719321154,-85.20081271016703,4.7991872898329575,4.799187289832972
874,1.171370613113025,1.0871915257605769,1.3629063884917365,1.2536028438395663,0.8154000313889915,29.840045367072086,-60.159954632927914,60.159954632927914
875,0.8884066096615684,0.8393782576326663,1.042451721485211,1.24193319520246,0.8876366426596278,21.43916837807804,-68.56083162192196,68.56083162192196
876,1.1816912584570125,0.9572743804554332,1.5104026134888284,1.5778157697798607,0.8916239755314936,-8.79980429245815,81.20019570754185,81.20019570754185
877,1.1345092346885122,1.0820409116927714,2.0876332266010387,1.9293477760790887,0.396664959362694,3.1972156133919394,-86.80278438660807,86.80278438660807
878,1.2897792515977275,1.2018814752999656,1.4847020251785277,1.235314842345811,0.8465159137638596,-59.36105452747207,30.638945472527922,30.63894547252793
879,1.1291450947814663,1.014223088345363,1.3775037943411248,1.3581861921408531,0.7567656051896887,-54.79069055029472,35.20930944970527,35.20930944970528
880,1.3585539723246187,1.352467353080581,2.2636853563876254,1.67374491608357,0.3637649339851092,-25.116093785247475,64.88390621475253,64.88390621475253
881,1.4367445664276617,1.359852089735187,1.6908679829302768,1.2434205129320728,0.59161601621438,75.2603206665823,-14.739679333417698,14.739679333417698
882,1.2121260584033826,0.8655861474260532,1.8585166194839304,2.147119180465747,0.680435996112324,-75.64848518808621,14.351514811913773,14.351514811913788
883,1.0453852243082644,0.8099675975927445,2.061857028359288,2.5456043358860376,0.4711964777902285,-18.834248995434056,71.16575100456595,71.16575100456595
884,0.8884066096615684,0.7833464495178457,1.1140560128344283,1.4221753523235297,0.8861753923638193,60.48357491334048,-29.516425086659517,29.516425086659517
885,1.7630924485867383,1.337405929588625,3.053944131388971,2.283483319330234,0.4953956484725605,-64.30496286344153,25.695037136558483,25.69503713655847
886,1.3540776702961077,1.0093173950482528,2.018069935607318,1.999440359898721,0.589709062831681,-2.8648039334668773,87.13519606653313,87.13519606653313
887,3.5347832637485226,3.1584498606042457,4.782890062522801,1.514315652808173,0.4777474704359895,-56.71819554981576,33.28180445018424,33.28180445018424
888,0.9350209696908578,0.8387797113822012,1.3333516980765825,1.5896327486025978,0.6235550619602427,0.2401920444166561,-89.75980795558334,89.75980795558334
889,1.432512614476725,1.024272848407883,2.1239073951558813,2.0735758040030614,0.7255274927558687,24.23159177568462,-65.76840822431538,65.76840822431538
890,1.062665489594652,0.7772007739903285,1.6105672863054767,2.072266704054413,0.6923171482618867,29.764059585788964,-60.235940414211036,60.235940414211036
891,1.326902779425731,1.304445891997078,1.6829945327383622,1.2901988063006082,0.6592533511055771,-66.97009294638768,23.029907053612305,23.02990705361232
892,1.0908577979726677,0.9185866941073684,1.4602154029056715,1.589632652282894,0.6941594089960483,-20.420119965970027,69.57988003402997,69.57988003402997
893,0.973200680696656,0.8657714983276495,1.1708628530275238,1.3523924676305443,0.8217891356172421,-46.80042923256026,43.19957076743975,43.19957076743974
894,1.626984252638553,1.1873983666795933,2.315845047081188,1.950352225561124,0.7390022095204651,-39.38569572000637,50.61430427999363,50.61430427999363
895,1.4282681233264556,1.0801515180800907,2.078851879853722,1.9245928418901503,0.7172782130760018,-48.91318744027081,41.086812559729196,41.08681255972919
896,1.021890421280174,0.6615189989809275,1.7859762077492949,2.6998109056589423,0.6459170607767349,-14.231700781524935,75.76829921847506,75.76829921847506
897,1.2121260584033826,1.0564399772039972,1.663458872613536,1.574589099719694,0.5864560925936353,88.22376736448862,-1.7762326355113771,1.7762326355113771
898,1.8797565083329089,1.4172661364761523,2.748434875208481,1.9392510725205825,0.6333382043530288,61.71496919029904,-28.285030809700963,28.285030809700963
899,2.1424021849896837,1.7222352566182977,3.1754241576749243,1.8437807178039325,0.4939997666922688,18.012485766721618,-71.98751423327838,71.98751423327838
900,1.7071069228001237,1.346984309580113,2.7472654160069685,2.039567496419729,0.4612112837442527,36.07221105849755,-53.92778894150245,53.92778894150245
901,1.1183396299962336,0.9297886376110897,1.4672787738953026,1.5780777636358183,0.7521540108670746,6.700100713881461,-83.29989928611855,83.29989928611855
902,1.0511768765181757,0.791721482340965,1.882581310153992,2.3778328012365773,0.5344829868987788,9.009076113906088,-80.99092388609391,80.99092388609391
903,1.7527313846366133,1.4644695613304517,2.1800000394812318,1.488593615766742,0.84362466221074,-19.637391953245217,70.36260804675479,70.36260804675479
904,1.2850634067342854,1.1161199028987732,1.6600861707156116,1.4873726079107237,0.7246956311179924,-67.56927411380316,22.430725886196853,22.43072588619684
905,2.260977031904715,1.4795299854253143,3.7296498761146775,2.52083426010628,0.5906292672279004,11.658063625392924,-78.34193637460707,78.34193637460707
906,1.6044383463340146,1.4854588572109184,1.9527035993596396,1.3145457310248327,0.679173764743791,-79.66758427098898,10.332415729011018,10.332415729011018
907,1.415458284986553,1.1034090775375758,2.0232918662659567,1.8336733922664823,0.739903628024104,-72.34705061307044,17.65294938692955,17.652949386929564
908,0.8246109854774907,0.72042168650963,1.0265994631006592,1.4249980009269705,0.9027490979190876,38.59879101831208,-51.40120898168792,51.40120898168792
909,0.9414917802541344,0.9293384357122582,1.0353268978973102,1.1140472169364448,0.8017834981457815,22.18801664638349,-67.81198335361651,67.81198335361651
910,1.2897792515977275,1.287953073957952,1.3604132122149508,1.0562599210500154,0.8284885542183427,78.21074577411738,-11.789254225882615,11.789254225882615
911,1.0039085404212729,0.9610602785129908,1.4517014204595369,1.5105206748381017,0.5170173869389004,-70.0100543774685,19.98994562253148,19.989945622531494
912,1.67479282872596,1.245889390051227,2.453177604851326,1.969017173146052,0.6104888296963896,58.77940528735544,-31.220594712644562,31.220594712644562
913,1.2660243778180809,1.0622613459030132,1.6239148262763805,1.528733802222572,0.860784279539729,29.66305195403721,-60.336948045962785,60.336948045962785
914,1.1074287385521373,1.0730618469448203,1.3501722270737877,1.2582426920852188,0.5772098387313345,-0.8156640662654802,89.18433593373452,89.18433593373452
915,1.0453852243082644,0.8731478626536581,1.4674331949577903,1.6806239329247044,0.6853436415349852,88.93902100849398,-1.060978991506019,1.060978991506019
916,1.5777276373049178,1.292457640732158,2.1634193986555887,1.6738803117988794,0.6439359404942756,2.730961770876134,-87.26903822912386,87.26903822912386
917,3.257697983298061,2.6540362491666447,4.538525731110212,1.7100466252242368,0.4758044548948571,72.05368260583617,-17.946317394163827,17.946317394163827
918,1.5068704138297195,1.3845054628239175,1.8645136128863715,1.3467000766348738,0.6119508062035786,5.5164444366708665,-84.48355556332913,84.48355556332913
919,1.398195952804615,1.26867454259174,1.633181847074976,1.2873134852525645,0.8925265284652866,7.16444296889466,-82.83555703110534,82.83555703110534
920,1.2803301921000927,1.2378526243817936,1.359963131009838,1.0986470474940655,1.0230230837837089,-68.25501184488303,21.74498815511697,21.74498815511697
921,1.3177199508995825,1.2229366364376504,1.633256537759227,1.3355201644108208,0.7007979336372815,-34.60793296166923,55.392067038330765,55.39206703833077
922,1.886205091624149,1.7714719043899756,2.258612743296556,1.274992133772696,0.7266902183923571,-72.51106969470901,17.488930305290978,17.488930305290992
923,1.3851080271465486,1.2450825175933986,1.600663107422641,1.2855879709214284,0.9451709849755738,-60.37311055898191,29.62688944101808,29.626889441018093
924,0.8746320295080829,0.7958986151793681,1.028043019185003,1.2916758486296869,0.9459835197814084,-42.82857701118753,47.17142298881248,47.17142298881247
925,4.254944742294601,4.030232222640228,5.649942307066859,1.4018900140115376,0.3996016636153232,9.96271711380422,-80.03728288619578,80.03728288619578
926,1.0740312192037882,0.8516244639052724,1.6549207464681006,1.9432517695407356,0.6041584553993213,7.4111333949603475,-82.58886660503966,82.58886660503966
927,1.6232483481616002,1.5310685078614468,1.8400851913847012,1.2018307358139582,0.8081310573939653,-79.65387146173005,10.346128538269966,10.346128538269951
928,1.2944779165271465,1.1468720901589662,1.654590599592097,1.442698461135938,0.6765082476231308,-89.62203970087839,0.3779602991216109,0.3779602991216109
929,1.1345092346885122,0.9739224017933358,1.6847863034673167,1.7298978854629783,0.646881941915418,-50.8798285832195,39.120171416780494,39.1201714167805
930,2.5959815063053218,2.141014035963754,3.261906003350279,1.5235332176988592,0.7430016187572973,2.3615170916919315,-87.63848290830806,87.63848290830806
931,3.007691157803274,1.7250246257159554,5.905977741727563,3.423706336526264,0.3810520354533356,17.949000214005967,-72.05099978599404,72.05099978599404
932,1.1183396299962336,1.1075718956270308,1.2633791642039345,1.1406746317706955,0.6926547281803379,-44.48689174094483,45.51310825905517,45.51310825905517
933,0.9219431092603804,0.9125284108009232,1.003552587391376,1.0997494165804231,0.9616774781059276,-75.37880009958992,14.62119990041009,14.621199900410076
934,1.0453852243082644,0.9347444603734965,1.6099322073017206,1.7223233467020913,0.4208939224612659,-44.58160143003613,45.41839856996387,45.41839856996387
935,1.270810876469873,1.1197861787277514,1.5020585167548024,1.341379760965947,0.8318409308393042,-14.653223186473568,75.34677681352643,75.34677681352643
936,1.7212740281460053,1.5471117868540694,2.050365093470054,1.3252856780564712,0.6961169835546618,57.92511028179055,-32.07488971820945,32.07488971820945
937,1.2897792515977275,1.1616660818201296,1.5781800801224113,1.3585488160674162,0.6938728742631354,48.61293349543594,-41.38706650456406,41.38706650456406
938,1.0796692170979234,0.8119239190835064,1.7087441799583392,2.1045619420686075,0.5072165269195302,66.74294894562635,-23.257051054373648,23.257051054373648
939,1.039561305877423,0.905413847195844,1.4128417659498118,1.5604375505472134,0.6412032227385729,-47.82878199039648,42.171218009603535,42.17121800960352
940,1.340559085464394,1.1673330572292453,1.7282532637572685,1.4805142825813655,0.7322257120416835,-19.610226290368317,70.38977370963168,70.38977370963168
941,1.1183396299962336,0.9348006061551534,1.49030168802651,1.5942455302378755,0.6918542582096567,-48.0238424154456,41.976157584554414,41.9761575845544
942,1.81401029769144,1.997928459870644,2.9910588496744466,1.4970800555431814,0.2919223230481892,11.87996628355995,-78.12003371644005,78.12003371644005
943,1.5815710720799827,1.3072594956143724,2.156693047497667,1.649781894668194,0.7194833012671946,18.086981045389734,-71.91301895461027,71.91301895461027
944,0.9153341128725788,0.7601451456054176,1.15025476812294,1.513204122624265,0.9792866964602224,-16.10690232915727,73.89309767084274,73.89309767084274
945,1.0740312192037882,0.9741466154681976,1.495866764639171,1.53556635201183,0.6729096311696388,28.549234789297635,-61.450765210702365,61.450765210702365
946,1.0159318257539256,0.6871347370228421,1.8014224108882038,2.6216436367243645,0.4798378546822134,20.510943150184985,-69.48905684981501,69.48905684981501
947,1.626984252638553,1.368602345334872,2.064387477708284,1.508391012732896,0.6538153967368858,-56.64115688335813,33.35884311664188,33.35884311664187
948,0.973200680696656,0.8724749565829834,1.3145805216234705,1.5067257939092915,0.7130863895886466,-60.47996669905598,29.52003330094402,29.52003330094402
949,5.855816362651336,3.521027309430208,10.22886151581958,2.905078721890081,0.4758770580504433,19.03321503763536,-70.96678496236464,70.96678496236464
950,1.4409640896579887,1.1641495642078945,2.1632519012624303,1.8582250664108964,0.6159501393557085,-36.33825690912845,53.66174309087155,53.66174309087155
951,1.1291450947814663,0.9830052647791996,1.4366914481047734,1.4615297593828045,0.7609878475006214,58.85790687364647,-31.14209312635353,31.14209312635353
952,1.0337045758596148,0.8824339634898661,1.295368902493036,1.4679499612300586,0.8124648714429358,21.645914058251737,-68.35408594174827,68.35408594174827
953,3.6313659355084673,1.9725739811241767,10.394792838727891,5.269659307177856,0.2166064992717643,0.3104567636358001,-89.6895432363642,89.6895432363642
954,1.0453852243082644,0.8372109201302845,1.4902211985002725,1.7799829919423031,0.7540146891510953,18.17679953278216,-71.82320046721784,71.82320046721784
955,1.0796692170979234,0.8744865789488725,1.392214451718344,1.59203638481425,0.8185493591521362,-29.598182094651214,60.40181790534879,60.401817905348786
956,1.968114877060028,1.3352272265682237,4.402185768435126,3.2969562639533225,0.3310423810265397,9.346111792117902,-80.65388820788209,80.65388820788209
957,0.9917395023300404,0.8751283376309718,1.385379485745335,1.5830586511409808,0.6948437857865734,-48.78060273204872,41.21939726795128,41.21939726795128
958,1.1816912584570125,0.9288153620952974,1.7710304655972453,1.9067626762783192,0.5494913476347328,-60.41755980454655,29.582440195453444,29.58244019545345
959,1.1345092346885122,0.7413528139599338,1.903110297050114,2.5670777276539307,0.6190463352789286,-15.238987565785594,74.76101243421441,74.76101243421441
960,2.1955855105673847,1.573750505156081,3.349242055016498,2.1281912501653677,0.5195295609122464,12.489292285242184,-77.51070771475781,77.51070771475781
961,1.2418151765086958,1.136196905429893,1.4098704799146409,1.2408680864882309,0.968287457857277,66.08519647403456,-23.91480352596544,23.91480352596544
962,0.8815462242933692,0.7062535269402195,1.1764004428721708,1.665691423827391,0.858011165721148,-39.32990017234452,50.67009982765546,50.67009982765548
963,1.0039085404212729,0.7348842553759556,1.522202728697652,2.0713503079732147,0.6377407737686439,-5.187299142314925,84.81270085768507,84.81270085768507
964,1.2270604129519955,1.1229315005112794,1.4411837681817636,1.2834120046731092,0.7810124912840367,6.042512076339688,-83.95748792366031,83.95748792366031
965,7.112376453263002,4.783472389604684,15.59568255622374,3.260326659377373,0.2676818832947283,13.43716259844455,-76.56283740155546,76.56283740155546
966,7.059253514672287,7.296195076202871,7.686294791535856,1.053466184944167,0.2640144534310008,63.76611368140602,-26.23388631859398,26.23388631859398
967,1.0453852243082644,0.9490143515686442,1.499186897051034,1.579730479916346,0.5510351160766329,87.04587125490103,-2.95412874509897,2.95412874509897
968,1.6006498207486113,1.643634634365967,1.7574707422343956,1.0692587668136728,0.7615269006305795,-73.13541290283639,16.86458709716362,16.864587097163607
969,2.0615274636937264,1.4600074589484355,3.4639675969554204,2.372568424719097,0.4464233150371198,-4.55991044459361,85.44008955540639,85.44008955540639
970,1.039561305877423,0.8813413245781653,1.4172986336013256,1.608115487242907,0.6625400666162143,-49.33568635366146,40.66431364633854,40.66431364633854
971,1.2270604129519955,0.9897967367685192,1.6209321010671764,1.6376413872197466,0.7592039377055831,3.4549907070855705,-86.54500929291443,86.54500929291443
972,1.0159318257539256,0.85118410204466,1.631897102217302,1.9172081554357785,0.4893958756792292,-87.12762316841844,2.872376831581562,2.872376831581562
973,1.186817925731738,0.8944783335931449,1.822480009084919,2.037478092693386,0.6685968054765905,-68.55826197709686,21.441738022903138,21.441738022903138
974,1.2020667470700563,1.1027231589641744,1.3576674100029615,1.231195154437733,0.9196192917103656,78.37253116103335,-11.62746883896665,11.62746883896665
975,0.8022191731670073,0.7854922358877038,0.8531659252203486,1.086154498085096,1.0827104470503497,-21.72592115051108,68.27407884948892,68.27407884948892
976,1.0569367929308613,1.0317692239105332,1.2219084083995957,1.1842846055907843,0.6881853574114926,67.94573613624462,-22.05426386375538,22.05426386375538
977,1.3718952479298128,1.2465333017038347,1.6353708101354354,1.311935114689768,0.8601677619102925,-19.68649318402969,70.31350681597031,70.31350681597031
978,9.528373947712202,6.006822632983253,22.82132151216058,3.799233456111972,0.284366241015786,23.468672430282496,-66.5313275697175,66.5313275697175
979,1.0683634687220958,0.7016552216769018,2.197961165389193,3.1325373167411703,0.427101774677437,6.414869169474806,-83.58513083052519,83.58513083052519
980,1.2121260584033826,0.9135938660584394,1.918135554916217,2.0995495111977034,0.5541336200725354,-89.9913933110721,0.008606688927898176,0.008606688927898176
981,1.2897792515977275,0.9055401483396228,2.0529397014331696,2.267088549521953,0.6539736635887278,26.09573685551543,-63.904263144484574,63.904263144484574
982,0.979419278671245,0.938518797780922,1.5623109132810835,1.664655963178452,0.4941010040323687,-4.953636133645058,85.04636386635494,85.04636386635494
983,1.0796692170979234,0.8753285755409265,1.6015681993312745,1.8296765855513788,0.5556753175651382,-8.932046475912053,81.06795352408795,81.06795352408795
984,1.1970053909181526,1.131958675245872,1.405958686287322,1.242058316291392,0.6793966274135183,-23.399103287775255,66.60089671222474,66.60089671222474
985,1.432512614476725,1.2754943655732829,1.7995299003973892,1.4108489609741033,0.597645637739115,-21.256868880999782,68.74313111900022,68.74313111900022
986,1.2020667470700563,1.0821868363088332,1.4141065875137724,1.3067120575381093,0.8036314945808911,-62.56571983694106,27.43428016305893,27.434280163058943
987,1.1609582232861997,0.9696067952720494,1.644010359863421,1.695543356213948,0.6604341183475265,-48.01432214035753,41.985677859642465,41.98567785964247
988,3.864627664483934,2.9622970024061632,5.661028878526423,1.9110267721056264,0.4833464219754181,-5.692616972777837,84.30738302722216,84.30738302722216
989,1.326902779425731,0.9582879590540364,2.093687788860014,2.184821137611679,0.655532325917386,41.61983713167609,-48.38016286832391,48.38016286832391
990,1.6892309650399413,1.451456182230341,2.0477528259128945,1.4108264865194005,0.7829660966163426,-47.008655981208925,42.99134401879107,42.991344018791075
991,1.1504515979244476,1.0971650489049545,1.2558791000921723,1.1446583185871857,0.948919096556428,-33.70522409567793,56.29477590432208,56.29477590432207
992,1.4824989352200384,1.7650370867825331,1.7980497719303472,1.018703677897212,0.4511137972584723,-75.51787099908697,14.482129000913034,14.482129000913034
993,1.2563966762852905,0.996661443641011,1.7687680495160376,1.7746929619895409,0.5732327474217283,-48.174657645191786,41.825342354808214,41.825342354808214
994,1.9619355372325755,1.3946870954424806,3.212488875447899,2.3033760661768365,0.4671450603654424,4.894911153464956,-85.10508884653504,85.10508884653504
995,1.542705892513396,1.2731181828542917,2.16790523708136,1.702831101053779,0.5987916522669344,-35.12658526482069,54.87341473517931,54.87341473517931
996,1.2850634067342854,1.2396215322350197,1.388139286283791,1.1198089498986,0.8506042601063563,-59.90128397211048,30.09871602788951,30.098716027889523
997,1.0039085404212729,0.8536066126540118,1.8028943761401008,2.112090451753399,0.4052988334464868,51.525485043731926,-38.474514956268074,38.474514956268074
998,3.257697983298061,2.5325848780548856,4.396709817833692,1.7360562545925489,0.6997293246420432,-30.489584230156037,59.51041576984396,59.51041576984396
999,1.0683634687220958,0.8557447816039244,1.613565989088685,1.885569183447867,0.5048352005013336,14.99232576500449,-75.0076742349955,75.0076742349955
1000,1.4025314545362868,1.1462043011293703,2.0756804210227338,1.8109166219124624,0.6146162487520035,-88.33712755098675,1.662872449013264,1.6628724490132498
1001,1.7106596985948357,1.520007787583443,2.008536304991805,1.3213986937429056,0.7653924775367078,-23.571046951376324,66.42895304862367,66.42895304862367
1002,1.2850634067342854,0.9781965687622306,1.9830510700755493,2.0272521223263134,0.6171597093505099,28.23398263547198,-61.766017364528025,61.766017364528025
1003,0.9219431092603804,0.6933973935028908,1.4766547766386815,2.1295937805288645,0.5976370301899759,-48.03568408139849,41.9643159186015,41.96431591860151
1004,0.928505064734256,0.7929651530756862,1.1888501082466982,1.4992463459907248,0.8502351532146449,19.82325466417432,-70.17674533582567,70.17674533582567
1005,2.778968733462305,2.288092470925479,4.405558679506537,1.9254285984886763,0.366954288584402,72.98802300337364,-17.01197699662636,17.01197699662636
1006,1.1609582232861997,0.9806377761077008,1.444295523677332,1.4728124480477989,0.8528822396183069,30.32521424705462,-59.67478575294538,59.67478575294538
1007,1.6344304437273447,1.2274712861868025,2.535768498756859,2.0658475088524013,0.5544981759513273,-9.647520702686116,80.35247929731389,80.35247929731389
1008,2.2093683547194614,1.9265593956651583,2.644596080823718,1.3727041516468024,0.7498089834829059,-59.98345783063319,30.0165421693668,30.016542169366808
1009,1.039561305877423,0.6923445180256522,1.718573510756361,2.4822519222903496,0.6139179727175625,17.44181197709206,-72.55818802290794,72.55818802290794
1010,0.8392070033186643,0.8043414548711525,1.0041002447132208,1.2483507329285517,0.7634933027719927,-33.34308219829949,56.6569178017005,56.65691780170051
1011,0.9153341128725788,0.7496346249014478,1.1924608708123925,1.5907227750708042,0.9156284556259866,-88.05546610998994,1.9445338900100637,1.9445338900100637
1012,1.6455365541233553,1.4515096816383797,1.9956439649477984,1.374874718503587,0.7370204074294624,-13.5386365921389,76.4613634078611,76.4613634078611
1013,1.3314704444981866,1.1545794866957648,1.814104175761268,1.5712250188620318,0.5820028041680197,-20.540859373083283,69.45914062691672,69.45914062691672
1014,3.974602953796985,2.866230558267624,6.932965673521204,2.418844378559536,0.2003284766173053,22.600427054385083,-67.39957294561492,67.39957294561492
1015,2.9008262715053634,2.42218992581662,3.5837524367135303,1.4795505499038435,0.6826672664111453,51.40686086411098,-38.59313913588902,38.59313913588902
1016,0.9086770491564996,0.9273410958334082,0.9807020089658872,1.0575418401839758,0.8643125623950305,58.10812400777085,-31.891875992229153,31.891875992229153
1017,0.9917395023300404,0.8516098165975684,1.255003209393587,1.4736833523217168,0.8720822688376412,-25.013494134994883,64.98650586500511,64.98650586500511
1018,3.283685729439831,2.239159802530708,5.073418037902652,2.265768629897988,0.4818010228922091,-18.097332144794265,71.90266785520573,71.90266785520573
1019,1.3131044552792934,1.095930668298304,1.61507812607874,1.4737046537684153,0.957844671498178,-37.53706961325368,52.46293038674632,52.46293038674632
1020,1.9244428674196767,1.4726765561703377,3.112022032983347,2.113174152154693,0.3958559352787124,-34.76294587568549,55.23705412431451,55.23705412431451
1021,1.2319983017676563,1.1959048748893029,1.3524387237764857,1.1308915551512173,0.8726813640257267,-74.5556485476825,15.444351452317505,15.444351452317505
1022,3.3204582726208347,1.9100102221442676,6.48705700229672,3.396346745733143,0.4877111417164949,-7.296188100658949,82.70381189934105,82.70381189934105
1023,1.671163804247637,1.8128251174756151,1.887783575669589,1.041348973748971,0.6537307409061375,-10.172866597931336,79.82713340206867,79.82713340206867
1024,1.1557168501373432,0.8234442385804758,2.349332228164408,2.85305563885466,0.4439660056209999,73.05260192648996,-16.947398073510044,16.947398073510044
1025,1.8106603219837007,1.1511552596432006,3.30239389910627,2.868764983213336,0.5139065211327978,17.571971594547794,-72.42802840545221,72.42802840545221
1026,1.5068704138297195,1.233312443408997,1.9370644710114977,1.570619417134283,0.8809703069395536,-10.98632971071422,79.01367028928578,79.01367028928578
1027,2.102353753036351,1.6031757851693256,2.9514999493004725,1.84103326447682,0.7109393575251564,-6.619937576532256,83.38006242346775,83.38006242346775
1028,1.085277926096956,0.7729520110261368,1.8126852487210223,2.345145911858852,0.6143596310233332,-88.73078213066411,1.2692178693358755,1.2692178693358898
1029,1.0159318257539256,0.8472265659862359,1.4385060883216296,1.6979001203144517,0.6363511918122041,22.78616547654729,-67.2138345234527,67.2138345234527
1030,0.9669420905017878,0.7940071666082377,1.2363197007593771,1.557063654778542,0.9104136187166456,57.48275517262656,-32.51724482737344,32.51724482737344
1031,1.0278144733504384,1.0060476840257266,1.172274952217497,1.1652280213265909,0.7886719315199934,7.182140483770041,-82.81785951622996,82.81785951622996
1032,0.9606427264386592,0.9668907951692908,1.1113530082583627,1.14940902717331,0.7355676365383685,42.037850932472224,-47.962149067527776,47.962149067527776
1033,0.9153341128725788,0.744079680283472,1.4983404147208053,2.013682747189095,0.5481834663785484,-51.82273779737619,38.17726220262381,38.17726220262381
1034,2.0644704023279083,1.454998593944107,3.651201138409895,2.509419014978205,0.48166774386794,-31.269449592147897,58.73055040785211,58.73055040785211
1035,1.3851080271465486,1.1725765987604408,1.8170681549041523,1.5496370615148036,0.6814237742389708,-68.06926039961276,21.930739600387255,21.93073960038724
1036,1.2850634067342854,1.0425835428454346,1.7179346758423846,1.6477669224988645,0.7709726402994055,-14.779732865924204,75.2202671340758,75.2202671340758
1037,1.3131044552792934,1.0759038946343784,1.666056314660413,1.5485177839481514,0.8409226638991639,77.82159656341211,-12.178403436587885,12.178403436587885
1038,1.1557168501373432,1.03730541117414,1.546356658338488,1.4907438462006537,0.6003821257370996,26.042247473031185,-63.95775252696882,63.95775252696882
1039,1.1504515979244476,0.8011783812491804,1.7641519475701302,2.201946518850773,0.7017858370557041,46.81824958261996,-43.18175041738004,43.18175041738004
1040,1.0337045758596148,0.847722769267731,1.3804915696679445,1.6284705563122042,0.8208983991625343,47.98966921151146,-42.01033078848854,42.01033078848854
1041,0.9606427264386592,0.9207824231352798,1.155196976144289,1.254581915465788,0.706414848139283,17.91238267371638,-72.08761732628362,72.08761732628362
1042,2.073274154004086,1.599588948763948,2.945776812068342,1.8415836233081224,0.5719326556195214,24.055498509859184,-65.94450149014082,65.94450149014082
1043,2.3245297467203696,2.053319532070786,3.112803341614663,1.5159858429220612,0.5949292052279421,-77.33814651578497,12.661853484215044,12.66185348421503
1044,1.7561918645793366,1.7806954348666135,2.165693428681474,1.216206537219375,0.5457779267279893,-47.668188836676265,42.33181116332372,42.331811163323735
1045,1.895836839826219,1.542750885419408,2.678405940384337,1.7361234180437326,0.595067158552632,70.0613779358441,-19.938622064155894,19.938622064155894
1046,2.581911042219008,1.8380170910777205,4.178611370175728,2.2734344476229005,0.4429128079944571,0.959548073776941,-89.04045192622306,89.04045192622306
1047,1.0099380753567209,0.8038322519178125,1.525558275947934,1.897856514600156,0.5954743594448835,-79.70972851001866,10.290271489981336,10.290271489981336
1048,1.0337045758596148,0.7864804510286834,1.4793165181030878,1.8809323437959635,0.7889401454811749,80.06153268807144,-9.938467311928562,9.938467311928562
1049,1.0908577979726677,0.8688967315001754,1.5315386220496483,1.762624448368453,0.7607632350594913,66.40407445768908,-23.595925542310923,23.595925542310923
1050,1.3540776702961077,1.0873992885623385,1.890644616739303,1.7386848020095205,0.7594643953927341,7.073326129016678,-82.92667387098332,82.92667387098332
1051,1.1504515979244476,1.1713006209423238,1.2339746077570763,1.0535080283354843,0.7972367172302874,-31.879016846312677,58.12098315368732,58.12098315368732
1052,0.9669420905017878,1.0073662942451054,1.5346071029133306,1.5233853978242602,0.3414334547120832,-9.172244601235953,80.82775539876405,80.82775539876405
1053,1.3314704444981866,1.5562093206372467,1.9331458450973715,1.2422145398189586,0.3996265942544543,-30.782671435428675,59.21732856457132,59.217328564571325
1054,5.858925921077048,3.899983131136458,9.440264064246872,2.420590999196443,0.5178946927872954,58.24706107329756,-31.75293892670244,31.75293892670244
1055,2.9731771904499835,2.828055518114625,3.710404355506451,1.31199841436637,0.4879861121914645,-87.60072946320255,2.399270536797445,2.399270536797445
1056,0.9669420905017878,0.8187663320010325,1.732190967807509,2.1156108893414105,0.4747257566402129,14.429018298141488,-75.57098170185851,75.57098170185851
1057,0.973200680696656,0.60241705403009,1.8658673120723872,3.097301611217649,0.5891686713299531,19.40532125880567,-70.59467874119433,70.59467874119433
1058,1.4367445664276617,1.1035273744069805,1.9873590542463968,1.800915047815986,0.7510182181760089,-85.69732844480723,4.302671555192774,4.302671555192774
1059,1.039561305877423,0.6996447336821721,1.7082778477483715,2.441636112599386,0.6774618570279617,41.36968142631549,-48.63031857368451,48.63031857368451
1060,1.0569367929308613,0.9054454321523066,1.594913301041336,1.7614681618638426,0.5541426315718554,-39.46524385431557,50.53475614568444,50.53475614568443
1061,1.4906670352488116,1.396001089476485,1.6725758627817462,1.1981193105006671,0.8441826711876227,22.19678769428931,-67.80321230571069,67.80321230571069
1062,1.2270604129519955,1.1670208735008951,1.4259585766215297,1.2218792388381694,0.6973063100655221,5.089176692161094,-84.91082330783891,84.91082330783891
1063,2.0288734164048656,1.5148392688638674,2.883912343078201,1.9037744811310189,0.7232471749654819,9.923861874806738,-80.07613812519327,80.07613812519327
1064,1.1128975557056655,0.8325471461119709,1.8607030949576948,2.23495222300293,0.5304221179229341,-51.458720539675554,38.54127946032446,38.541279460324446
1065,0.9350209696908578,0.9540514322789544,0.9723867581156178,1.019218383009882,0.9312552966998638,-44.83288920520607,45.16711079479393,45.16711079479393
1066,1.4367445664276617,1.239040548720753,2.899054264683173,2.339757377332244,0.2709881116694009,61.7568967599461,-28.243103240053898,28.243103240053898
1067,2.7570349356358204,2.4298834744743254,3.2245789805355143,1.3270508707143298,0.7960681753608848,-39.49394628601406,50.50605371398595,50.50605371398594
1068,1.176542252445381,0.8789464961617532,1.7208908128713225,1.957901670222513,0.6702964641645883,-26.390794593724163,63.609205406275834,63.609205406275834
1069,1.2991595879263365,1.096934813649338,1.6643574672401935,1.517280194347306,0.6689071933746635,-89.9867152954793,0.013284704520685864,0.013284704520700075
1070,1.270810876469873,1.064854653989818,1.699429587631624,1.595926337236888,0.5502615428170152,65.15441338495506,-24.845586615044937,24.845586615044937
1071,1.514907113035081,1.1617528286600527,2.8020902808037977,2.411950469736049,0.3710542489747419,-41.14827311044535,48.85172688955464,48.85172688955465
1072,2.651516808482733,1.856569575134623,4.242478643408481,2.2851169706908787,0.5785542494530956,-57.96304776324054,32.036952236759475,32.03695223675946
1073,1.039561305877423,0.9305200128442536,1.2652944601161014,1.3597713565005085,0.831358953394988,46.01520171072698,-43.98479828927302,43.98479828927302
1074,1.626984252638553,1.4496159270758595,2.1227843611330077,1.4643770956732325,0.6971039265828913,62.38549305463679,-27.61450694536321,27.61450694536321
1075,5.469850473668084,4.133138446603844,7.363092252341802,1.781477283537883,0.7407869645577306,31.046256927888976,-58.953743072111024,58.953743072111024
1076,0.8884066096615684,0.895656362883759,0.9689482016656348,1.0818303110647225,0.9471179209307516,-54.21268619660384,35.78731380339616,35.78731380339616
1077,1.6964039525710572,1.100576547291005,4.059301476815889,3.688340885336496,0.3136841489900479,-82.50533311287171,7.4946668871282895,7.4946668871282895
1078,1.096409273000846,1.2674891843240796,1.4533984404702418,1.146675220937134,0.4659448496007543,48.59094279514458,-41.40905720485542,41.40905720485542
1079,1.0683634687220958,0.9223220087106664,1.32357795234258,1.4350497330025098,0.72226063535244,-15.28059070918999,74.71940929081,74.71940929081
1080,1.1128975557056655,0.9158842953912798,1.7033948135172494,1.8598362501559575,0.5885341355272135,8.0639105051289,-81.9360894948711,81.9360894948711
1081,1.1019327803667114,1.0373749585989638,1.2278326777679098,1.183595832529224,1.0143174338789205,-58.53628070862936,31.463719291370637,31.463719291370637
1082,1.6195038256468852,1.1982439919808872,3.0568537439392887,2.5511112631458515,0.4105389133312282,14.214333910192275,-75.78566608980772,75.78566608980772
1083,1.4577200491801383,1.4982541628428672,1.767703175273803,1.1798419915080822,0.5560834500703321,-51.27594486659741,38.7240551334026,38.72405513340259
1084,0.9917395023300404,0.9243238255866322,1.313614907384365,1.4211630935193789,0.6435197214009046,-26.86239168203361,63.1376083179664,63.13760831796639
1085,2.45659349235077,2.0006628127499027,3.1363028126259964,1.5676318831133575,0.6929977779704207,66.37442533908275,-23.625574660917252,23.625574660917252
1086,1.4409640896579887,1.2460046693730429,1.7596142030165252,1.4122051435825818,0.7953656755784596,47.5961448242612,-42.4038551757388,42.4038551757388
1087,1.1609582232861997,0.9867311641206274,1.44858511560291,1.468064624161218,0.8425172661527641,-86.86020946422295,3.1397905357770526,3.1397905357770526
1088,1.3038244488524504,1.1436780460907974,1.5494522630360763,1.354797592147768,0.8199399489627761,-76.80317741782518,13.196822582174832,13.196822582174818
1089,1.7423087071804406,1.5064481131673018,2.1054919089582937,1.3976531223046935,0.8287002279123766,-17.798178726777905,72.2018212732221,72.2018212732221
1090,1.0099380753567209,0.7781734025465473,1.4198711695406976,1.824620534310496,0.7034563962814024,74.47985587257112,-15.520144127428878,15.520144127428878
1091,3.46715055041203,2.400579012527562,5.63056458042693,2.345502710405906,0.467363649500926,27.58726441796037,-62.41273558203963,62.41273558203963
1092,1.5387653857138477,1.2374542796621306,2.5358063146984064,2.0492121255508304,0.3855372226356495,64.88476467450946,-25.115235325490545,25.115235325490545
1093,0.9543017810603904,0.9544381097626722,1.0655104612673485,1.1163745981730495,0.8249691853199626,-3.856375256430216,86.14362474356979,86.14362474356979
1094,2.4590636724543398,1.2898079922304813,7.932448962722603,6.150100643278631,0.2114489744886773,9.366646038624538,-80.63335396137546,80.63335396137546
1095,0.979419278671245,0.8860581918663205,1.0980265347609763,1.2392262097912363,1.1549635392200477,-68.34331156038492,21.656688439615095,21.65668843961508
1096,1.2612197138901655,0.8793772027968768,2.127069582606381,2.4188363944859987,0.534262082423661,-12.501349655840423,77.49865034415957,77.49865034415957
1097,1.927595110101428,1.4349290327999653,2.8541056046521893,1.9890221323928448,0.5736397967949829,-63.34114613061509,26.658853869384927,26.658853869384913
1098,0.9153341128725788,0.6990822074235827,1.898638567957088,2.7159017177026774,0.4089191131556949,32.2414209607355,-57.7585790392645,57.7585790392645
1099,1.5308539431383232,1.2984635824039297,1.955249871113021,1.505818028021349,0.709221921991414,5.979015184375477,-84.02098481562453,84.02098481562453
1100,0.9153341128725788,0.8524131556993951,1.1852961748805213,1.3905183970418658,0.6888365990740426,39.06417589192003,-50.93582410807997,50.93582410807997
1101,1.0511768765181757,0.744880977273368,1.5515080755436232,2.0828939426308195,0.8616540107313713,74.0057061170113,-15.9942938829887,15.9942938829887
1102,0.979419278671245,0.9097505948278736,1.3000364607599453,1.4290031445441531,0.6363363673354067,-31.45306444704988,58.54693555295012,58.54693555295012
1103,1.0569367929308613,0.8597082020154184,1.5044006086808248,1.749896773293602,0.6742302069815834,49.83778611991749,-40.16221388008251,40.16221388008251
1104,0.8606370140730026,0.7101274635784454,1.1949495088081636,1.6827253839565968,0.7379824570771054,43.22071888019261,-46.77928111980739,46.77928111980739
1105,1.6455365541233553,1.4228579363364096,2.132080429589282,1.4984492654825303,0.6856973826722588,-18.18985954360798,71.81014045639202,71.81014045639202
1106,1.1661760393441107,0.91356113711791,1.562465231386606,1.710301771719241,0.826420426352177,3.630919967873429,-86.36908003212658,86.36908003212658
1107,0.7869374084054097,0.4364279923138368,1.539517775554528,3.527541318769158,0.630861689429504,-1.8332823916832293,88.16671760831677,88.16671760831677
1108,1.69282125807016,1.5823908898045764,1.9182229121442065,1.2122307607452825,0.7729250749701053,18.70302458392421,-71.29697541607578,71.29697541607578
1109,0.9917395023300404,0.8792129091236398,1.3889328881412362,1.5797457859503707,0.5812543618127866,43.652139983697936,-46.347860016302064,46.347860016302064
1110,1.367462618417021,1.250496439639175,1.6037763732391248,1.2825117468562224,0.7195020955951874,19.79627325367521,-70.20372674632479,70.20372674632479
1111,0.9606427264386592,1.005454345383419,1.0863117714019852,1.0804187941400083,0.7054552149676858,53.72078905064045,-36.27921094935955,36.27921094935955
1112,1.0453852243082644,1.1409954053375673,1.3998677487779971,1.226882897362625,0.5161710547638327,84.28453280514613,-5.715467194853872,5.715467194853872
1113,2.271692622891249,1.576336106587159,3.6227050948439614,2.298180622587709,0.5475440220912241,-18.105040030866103,71.8949599691339,71.8949599691339
1114,1.0278144733504384,0.9755982244703472,1.2116243311493904,1.241929618934251,0.8506023310450211,-11.839030789856867,78.16096921014314,78.16096921014314
1115,1.7071069228001237,1.6169607334256515,1.893307276615652,1.1709049190109515,0.8299658235953248,-13.008920441334896,76.9910795586651,76.9910795586651
1116,0.9219431092603804,0.6456754400481797,1.5403707446128796,2.3856734344703256,0.6234295211562025,35.7331958906662,-54.2668041093338,54.2668041093338
1117,1.2369164782162358,1.124532771864908,1.4351255498305069,1.276197177829257,0.9092071146461322,-69.53631766664334,20.463682333356644,20.463682333356658
1118,1.3084726790995154,1.0074276465333305,1.9087699340089803,1.8946967959210452,0.7283330347708545,-30.13619180891393,59.863808191086065,59.863808191086065
1119,1.0099380753567209,0.7077887024222413,1.7706357490044882,2.501644548641284,0.5672692902923938,59.30275222960497,-30.69724777039503,30.69724777039503
1120,1.2020667470700563,0.8461125178252614,1.9141539342732417,2.2622924184990625,0.6942186205435414,74.29843038450407,-15.701569615495927,15.701569615495927
1121,1.367462618417021,1.1602886741049498,1.7884548784481324,1.5413878617989198,0.738689863196781,-1.232094632330191,88.76790536766981,88.76790536766981
1122,0.8815462242933692,0.7473266015056056,1.145001078309914,1.5321294277537176,0.8739806943110182,-14.132512455071804,75.8674875449282,75.8674875449282
1123,1.1237553499514827,1.075135413479937,1.2712081735740273,1.1823702927424309,0.8419238363844322,-75.91001354150664,14.089986458493343,14.089986458493357
1124,0.8246109854774907,0.6268995288400527,1.1508352174917722,1.835757030510381,0.9091853277065808,34.069281763607606,-55.930718236392394,55.930718236392394
1125,0.8606370140730026,0.7283537949689205,1.137217211018196,1.561352764101026,0.822675102148019,-52.77425696439801,37.225743035601994,37.22574303560199
1126,1.1557168501373432,0.9267196904327332,1.5470867784655722,1.6694225820789002,0.7834679760793987,63.808968485911926,-26.191031514088074,26.191031514088074
1127,0.8746320295080829,0.7508048322092485,1.1304593611048324,1.5056634062655774,0.8598711526683042,-67.78350366107261,22.216496338927385,22.216496338927385
1128,1.95883855734249,1.7370475308069095,2.536749851476672,1.4603802178621317,0.4758398684149628,48.72111123653365,-41.27888876346635,41.27888876346635
1129,1.6455365541233553,1.5226690578504942,2.629699991354859,1.7270331841294042,0.4247936954380649,40.264393649703976,-49.735606350296024,49.735606350296024
1130,1.3360224934845466,1.2352736761543024,1.5160811270987036,1.2273240791616484,0.8889621713145721,-17.683614168207473,72.31638583179253,72.31638583179253
1131,1.5068704138297195,0.9643535334686268,3.0766698227451097,3.1903961731532378,0.4030346463018687,19.473494135469267,-70.52650586453073,70.52650586453073
1132,1.1609582232861997,0.9247308121799982,1.7581449547616386,1.901250538648016,0.6566565373768402,11.71705441688633,-78.28294558311367,78.28294558311367
1133,0.9086770491564996,0.814731357697706,1.1007453416985995,1.3510531186735235,0.8813841643961099,10.124530880197588,-79.87546911980242,79.87546911980242
1134,1.1237553499514827,1.0729219229186402,1.3450922307433506,1.2536720538660753,0.7890752307366922,-7.687237431589821,82.31276256841018,82.31276256841018
1135,0.973200680696656,0.6930411658546383,1.6265266071282227,2.346940827277464,0.5839457995453167,32.25143621164737,-57.74856378835263,57.74856378835263
1136,1.3038244488524504,1.2692459361243131,1.477801188838639,1.1643142962120931,0.6836365865362427,-76.85605396308037,13.14394603691963,13.14394603691963
1137,2.139566442932797,2.139611814477732,2.2796625494621554,1.0654561421080062,0.751751521898254,-70.26099917395247,19.739000826047516,19.73900082604753
1138,1.5387653857138477,1.278255666492836,1.9311450357158413,1.5107658712864112,0.876350841953098,-42.98827463563508,47.01172536436491,47.01172536436492
1139,1.096409273000846,0.9167847496475172,1.8217163813296475,1.987070991342358,0.4869162723962152,40.30978843330834,-49.69021156669166,49.69021156669166
1140,1.502835947650602,1.3330295793833726,1.7969322606767997,1.3480062921844669,0.8555938644276546,-22.69586007494343,67.30413992505657,67.30413992505657
1141,0.8815462242933692,0.7145099877844607,1.1915209724843128,1.6676057617878215,0.8469650584392933,59.50495616193487,-30.49504383806513,30.49504383806513
1142,1.2515550525870838,1.1866210151989187,1.4731379428630784,1.2414561380544311,0.7244117411638499,-71.34113206771173,18.658867932288274,18.658867932288274
1143,1.2466946262544771,0.8936119341517205,1.968158658869693,2.202475799227109,0.649802365307425,84.90362157547052,-5.096378424529476,5.096378424529476
1144,1.3540776702961077,1.1435945894838555,1.6902712212142936,1.4780335940354288,0.8330259646956844,45.02178019328929,-44.97821980671071,44.97821980671071
1145,3.973075141726776,3.489652902578456,4.864552886141991,1.3939933345656357,0.6464401639402735,44.19047199647895,-45.80952800352105,45.80952800352105
1146,1.0511768765181757,0.7270182210161008,1.8740515637450503,2.5777229642550417,0.4840689563546169,-54.25842999365123,35.74157000634878,35.74157000634877
1147,0.9917395023300404,0.8645218499746112,1.1930550791617331,1.3800172652626077,0.9068874967351128,12.511066638839203,-77.4889333611608,77.4889333611608
1148,4.115685743789439,3.0616858846437496,6.683554155487578,2.1829653358660144,0.4134920460922686,4.443026723659152,-85.55697327634084,85.55697327634084
1149,1.3450803768346336,1.17539702576406,1.6530134116689066,1.4063447290028446,0.8346756160245715,5.74317839651804,-84.25682160348197,84.25682160348197
1150,1.2755794143363215,1.335553575150449,1.3929166350206967,1.042950774074178,0.70463372161004,-2.848022309764759,87.15197769023524,87.15197769023524
1151,0.8884066096615684,0.6981331424278032,1.603462324448338,2.296785852154496,0.5157561036493084,59.78387743234442,-30.21612256765558,30.21612256765558
1152,1.3038244488524504,1.093747788814134,1.7862793992316488,1.6331730381538627,0.5892513984882969,-5.467597077903464,84.53240292209654,84.53240292209654
1153,1.0278144733504384,0.8545927632018622,1.335515466853186,1.5627507326992494,0.7463136958448381,-87.94203395645941,2.0579660435406026,2.0579660435405884
1154,1.3038244488524504,1.1897433703311449,1.475941895040043,1.240554838838261,0.9013763044752162,-18.173422565598685,71.82657743440132,71.82657743440132
1155,1.3495865213724043,1.1636180205065063,1.967605278735569,1.6909374417208645,0.4837398323062677,17.430131865107352,-72.56986813489264,72.56986813489264
1156,1.3450803768346336,1.0411912158319994,2.014328027371054,1.9346379384899408,0.5665939740749667,8.835387825360145,-81.16461217463986,81.16461217463986
1157,1.085277926096956,0.9937879743583894,1.3024234450753849,1.3105647066380102,0.8203523577344178,87.9305688343082,-2.069431165691796,2.069431165691796
1158,2.3245297467203696,2.134162094240608,2.614686152270268,1.225158182373511,0.7729288919560351,26.41427735875677,-63.58572264124323,63.58572264124323
1159,1.2612197138901655,1.0181155242809738,1.7374919409062373,1.7065764144332347,0.5787258034179833,-17.50384216589546,72.49615783410454,72.49615783410454
1160,1.3540776702961077,1.2146154407290497,2.2389935391068403,1.8433764828174155,0.3541412494948005,-25.57129654654525,64.42870345345474,64.42870345345474
1161,0.9019708538191776,0.8422499233244408,1.088624626765707,1.2925197101458932,0.793394442574623,-47.5456941942874,42.45430580571261,42.4543058057126
1162,1.1557168501373432,1.1351691007884093,1.249862978621722,1.101036821521705,0.9215735089624498,18.40985617281243,-71.59014382718757,71.59014382718757
1163,1.2071068813224677,1.1060192126600836,2.23068945198848,2.0168632031476696,0.325589981779778,-2.3351930419448266,87.66480695805518,87.66480695805518
1164,1.927595110101428,1.6444926001885276,3.233648349894684,1.9663501979418896,0.3456858747194646,47.69680611309978,-42.30319388690022,42.30319388690022
1165,0.973200680696656,0.97969924862744,1.320220207972986,1.3475770343017166,0.5677842161492431,-65.59917642624443,24.400823573755588,24.400823573755574
1166,1.139848131163964,0.9135675418237938,1.7203127650041512,1.883071241311636,0.5499380209188007,19.120334197460306,-70.87966580253969,70.87966580253969
1167,1.522901401330112,1.0701197520438763,2.452313078392838,2.2916249080619626,0.6021665394276953,85.91810289864715,-4.081897101352851,4.081897101352851
1168,1.8732857266234093,1.7296487704548904,2.223758080286654,1.285670315425839,0.6916320126427404,83.75958323327716,-6.240416766722845,6.240416766722845
1169,1.2171245375823248,1.1473000796244988,1.3719969256728282,1.1958483661239443,0.8601096295289473,-51.64640260169659,38.35359739830341,38.35359739830341
1170,1.3450803768346336,1.2610848899924936,1.523691946094783,1.208238999758258,0.8132448794075258,-65.33633392765319,24.663666072346814,24.663666072346814
1171,1.3540776702961077,1.1871776262414993,1.6767293348953296,1.4123660165359655,0.7852327431996379,-47.109096084599294,42.89090391540071,42.890903915400706
1172,1.615750625177174,1.2642634899047975,2.524072428206482,1.996476563913549,0.4682383460547282,44.4029465793919,-45.5970534206081,45.5970534206081
1173,0.8815462242933692,0.6788748788000216,1.5392753271112294,2.267391790711199,0.4828283913419438,71.09698640203585,-18.903013597964147,18.903013597964147
1174,1.892631703400796,1.5530030272628417,3.92017343062096,2.524253566672205,0.3051705280748498,-16.080519404780464,73.91948059521954,73.91948059521954
1175,0.8676627389239214,0.7188221677789286,1.1348564768718716,1.578772230103083,0.8978319124318084,-23.2831496649356,66.71685033506441,66.71685033506441
1176,0.9414917802541344,0.7558350457513472,1.4774115525494966,1.954674582574902,0.5356335766811428,3.1542436517441077,-86.84575634825589,86.84575634825589
1177,1.542705892513396,1.369940212230473,1.801063643524337,1.3147023698150513,0.862932595159299,22.461096492260435,-67.53890350773956,67.53890350773956
1178,6.832871835954195,5.590558735597559,8.790719151417113,1.5724222867819486,0.4910890383476198,55.02427347818934,-34.97572652181066,34.97572652181066
1179,1.0159318257539256,0.8573940304235663,1.2813221700758108,1.4944379417276994,0.9625590332969168,62.521376237426345,-27.478623762573655,27.478623762573655
1180,7.532740270634242,6.248398404613572,10.07146491894892,1.6118474314173925,0.4133047627340978,69.69045424378962,-20.309545756210383,20.309545756210383
1181,1.2944779165271465,1.0994578751757893,1.6565069209425594,1.5066579250957706,0.7237120668445988,-66.46632636121902,23.533673638780982,23.533673638780982
1182,0.8952144227026446,0.8219115742039519,1.1314683256879452,1.3766302376065322,0.7433320396186467,-63.07713436202906,26.922865637970943,26.922865637970943
1183,1.3084726790995154,1.0530139718912852,1.9337810664420707,1.836424888996361,0.5176934886553829,-11.098097511002528,78.90190248899748,78.90190248899748
1184,1.4240109808516253,1.119169876193622,2.0530296488423696,1.834421826849801,0.6606462208294832,-25.5176234969452,64.48237650305481,64.48237650305481
1185,1.0511768765181757,0.9581272854292344,1.2496322037215168,1.304244459713607,0.8446897968692028,64.89459407385334,-25.10540592614666,25.10540592614666
1186,2.54877790530872,2.347497821512722,3.028289310312308,1.2900072931104514,0.6433279410173063,58.81297804739894,-31.187021952601057,31.187021952601057
1187,1.0453852243082644,0.7531057450903332,1.7562758477852027,2.332044150817813,0.6283305820985232,41.61692702180409,-48.38307297819591,48.38307297819591
1188,1.9432796250435167,1.4522999603962927,2.893960379076712,1.992674005366653,0.6103113546416669,15.869943133951104,-74.1300568660489,74.1300568660489
1189,1.2171245375823248,1.025543169423719,1.7449378146677543,1.7014767068735714,0.6651850305019754,-31.05182412795815,58.948175872041844,58.94817587204185
1190,4.039752301426884,3.2691017578679658,9.05851223140036,2.7709483834813744,0.237557258161187,-21.660450311908576,68.33954968809142,68.33954968809142
1191,1.2319983017676563,0.9611202676323192,1.8759891780739424,1.951877659073162,0.5427549105164442,-71.43070764784692,18.56929235215307,18.569292352153084
1192,0.8746320295080829,0.6407754157135145,1.3688906923060868,2.136303389201977,0.6602686536605632,9.112746799784771,-80.88725320021523,80.88725320021523
1193,1.367462618417021,1.153605290419447,1.6693290369469604,1.4470539020673163,0.911986550989234,-81.75923889868744,8.240761101312557,8.240761101312557
1194,3.278134270305808,2.3453563945754525,5.854017027713667,2.4960031836753487,0.3682930602766552,-29.573796510878616,60.42620348912138,60.426203489121384
1195,1.0569367929308613,0.8377855724350448,1.4400841719039117,1.7189173689375798,0.7780661537274891,-66.58790085731968,23.41209914268032,23.41209914268032
1196,1.176542252445381,1.1526826881490115,1.2758300647647836,1.106835452533362,0.7663438897572462,-18.74987171328696,71.25012828671304,71.25012828671304
1197,5.353170847053397,3.920787088395162,8.579746926534604,2.1882715722894366,0.3571605794357277,-4.966384230007625,85.03361576999238,85.03361576999238
1198,1.526882849696625,1.2500655018482445,1.9666974525149945,1.5732755200485071,0.7635773150413813,-31.25718351498175,58.74281648501825,58.74281648501825
1199,1.8829835605082688,1.4201558611407463,3.1008989988376934,2.183492026253289,0.4306863249672137,84.28032884142205,-5.7196711585779525,5.7196711585779525
1200,2.105239620905539,2.061393290924572,3.135142635675683,1.5208852427522532,0.3635380504988994,-4.736775924549057,85.26322407545095,85.26322407545095
1201,1.1237553499514827,0.9897910539903504,1.317512866137735,1.3311020147395471,0.9996740642783496,52.49311426315046,-37.50688573684954,37.50688573684954
1202,1.1970053909181526,1.0129660800507694,1.5860307206126547,1.565729348541625,0.7245778918815662,-55.14455473647149,34.85544526352851,34.85544526352851
1203,1.1183396299962336,1.1604350058127448,1.2897443458680702,1.111431781536752,0.7207873712639425,67.88440125956684,-22.115598740433157,22.115598740433157
1204,0.8884066096615684,0.8099594393171612,1.025080080912193,1.2655943386206967,0.9946999214704124,8.648868831413175,-81.35113116858682,81.35113116858682
1205,1.5968523069270035,1.3761438936458168,1.9614493003781257,1.4253228237504,0.8508619961169614,18.00071185563224,-71.99928814436777,71.99928814436777
1206,1.6784140066373283,1.1675649878483718,3.1740882030674933,2.7185537731110028,0.4634916869338557,-16.64145018391237,73.35854981608763,73.35854981608763
1207,1.0569367929308613,0.6221113575018336,2.261147451198456,3.6346345777681632,0.4734756725112665,-49.44609954154828,40.55390045845172,40.55390045845172
1208,1.9804157147939612,1.7025147330710229,3.3056382711276733,1.9416209486568796,0.3484141961184533,75.16214725159266,-14.837852748407343,14.837852748407343
1209,2.6146243419036286,1.7134621839273465,4.261749644271512,2.4872154660007464,0.516052021065059,-53.647788698809016,36.35221130119098,36.352211301190984
1210,4.607080670095599,3.966823353078212,6.132541235953455,1.5459577324497369,0.4472890462448531,59.0852928219178,-30.914707178082203,30.914707178082203
1211,2.347918561217162,1.9472508326519504,3.0530946603477727,1.5679000409976869,0.5732271025989125,82.08646598496152,-7.913534015038479,7.913534015038479
1212,1.6119886861377042,1.3390202072757684,2.0839415117026685,1.5563181947361644,0.7661096068060591,68.2109310100563,-21.7890689899437,21.7890689899437
1213,0.8952144227026446,0.5876217322841546,1.5191409974383194,2.5852362395332795,0.6104402166279953,8.034929912818965,-81.96507008718103,81.96507008718103
1214,1.085277926096956,0.93810613293371,1.3694273820141074,1.45977873285141,0.7220942299075593,89.9131771625422,-0.0868228374578024,0.0868228374578024
1215,1.615750625177174,1.6926305542700582,1.893391039822672,1.1186085676204698,0.6155315773601073,-66.76132373179459,23.23867626820541,23.23867626820541
1216,1.096409273000846,0.8432379246774381,1.5304229534985336,1.8149361036909757,0.7780887485716022,30.4262212528034,-59.5737787471966,59.5737787471966
1217,1.7212740281460053,1.356682023150931,2.3915926730679016,1.7628247682632092,0.7032832117327696,-88.71058552472883,1.2894144752711725,1.2894144752711725
1218,0.9669420905017878,0.7089814875832046,1.5803095523908308,2.228985636533096,0.5681640431171217,-6.844389454144845,83.15561054585515,83.15561054585515
1219,4.400838652634864,2.7674542261070507,7.349948197123562,2.655851767226032,0.5480525025272651,-79.38667523147215,10.613324768527832,10.613324768527846
1220,1.085277926096956,0.96882680747166,1.2999856946195394,1.341814331100212,0.8364182627348821,-52.825077007306,37.17492299269401,37.174922992694
1221,1.0796692170979234,1.0965588665081634,1.5692088655371244,1.4310302104747443,0.4886473474648588,-72.5253312204543,17.47466877954571,17.474668779545695
1222,7.421498869297416,5.968043777843368,10.254451819205872,1.718226641915059,0.4860613683959081,65.8009557274934,-24.199044272506598,24.199044272506598
1223,1.1074287385521373,0.8877265533903899,1.5166310673396064,1.7084439589503269,0.7479340558263333,-50.346838280728406,39.653161719271594,39.653161719271594
1224,0.9479184199131095,0.8189476363694498,1.1391366880396845,1.3909762205184368,0.9979993042451378,31.13549561235173,-58.86450438764827,58.86450438764827
1225,3.2183229206172657,3.0412675138036382,4.5242983044574805,1.4876357584206896,0.4153494653018732,-62.76134592017592,27.238654079824073,27.23865407982408
1226,1.0337045758596148,0.8501567950294813,1.7627404360827077,2.0734298030536595,0.5148349498856272,-54.43449689198951,35.56550310801049,35.56550310801049
1227,2.975218506990121,2.609133368667352,3.6812490364491706,1.4109087257311863,0.5066701739991597,-77.63396391998572,12.366036080014283,12.366036080014283
1228,1.2515550525870838,1.0509751809657957,1.5315938196645784,1.45730731553253,1.001412829823208,85.37439818099521,-4.625601819004785,4.625601819004785
1229,1.0569367929308613,0.9317628792607332,1.5004394273123365,1.6103232493043669,0.6193981175810099,-19.687500852160724,70.31249914783928,70.31249914783928
1230,1.2020667470700563,1.1980338189817783,1.300946358805015,1.085901197606177,0.8389593927372518,-65.48343556927475,24.516564430725253,24.516564430725253
1231,1.2221025728266244,0.9471550475827204,1.6246085367770509,1.715250888355916,0.920837606975307,55.90156702848945,-34.09843297151055,34.09843297151055
1232,1.927595110101428,1.261485448053475,3.1699323204211205,2.5128568270941685,0.6429694558880468,-58.77507312037703,31.224926879622956,31.22492687962297
1233,0.8746320295080829,0.8128764087002663,1.1172437999761424,1.3744325558205566,0.7084833142661139,-72.95217663394361,17.047823366056377,17.04782336605639
1234,1.367462618417021,1.1175592263821124,1.7565880243166556,1.5718075452728162,0.790444174226553,82.21946511384247,-7.780534886157525,7.780534886157525
1235,2.828771123230691,2.6991193493076304,4.341873245544236,1.6086258826079698,0.3288238561011915,-24.825733378706893,65.1742666212931,65.1742666212931
1236,1.0740312192037882,0.9765748809700016,1.2387942802361642,1.2685092606577266,0.927524603709672,-27.68828185614915,62.311718143850854,62.311718143850854
1237,2.419238146357888,2.235198035747584,3.246602556985002,1.4524898935405266,0.5200884086267088,22.36042616076681,-67.6395738392332,67.6395738392332
1238,1.2071068813224677,0.9631838385443936,1.671834130022782,1.735737315266141,0.6855599282250493,52.90903389460511,-37.09096610539489,37.09096610539489
1239,1.2563966762852905,1.1907556210520904,1.570902649043372,1.3192485689510356,0.6008432516216431,25.0644069656804,-64.9355930343196,64.9355930343196
1240,1.7733929789634846,1.2482325414971251,2.7794218195452265,2.226685915599988,0.6225309594163556,67.16079364872697,-22.839206351273035,22.839206351273035
1241,6.086620249214597,3.1182595669624487,12.859742482950878,4.12401283690369,0.4148604625696171,-88.65899457949808,1.341005420501915,1.341005420501915
1242,1.9619355372325755,1.6728306783784304,3.977094601742691,2.3774639317339124,0.2472835986691845,12.744971820265953,-77.25502817973404,77.25502817973404
1243,1.380717816333713,1.360375185391639,1.6814178153846158,1.2359956528467193,0.6507134411984254,36.5975338679736,-53.4024661320264,53.4024661320264
1244,0.8535534614000618,0.7566045095233837,1.0367151397519612,1.370220672362937,0.9123806297875392,79.23844657036496,-10.761553429635043,10.761553429635043
1245,0.9019708538191776,0.7336206857063965,1.222774923172221,1.6667672367973407,0.740210080774244,-39.76093182563294,50.23906817436705,50.23906817436706
1246,6.077636302990576,6.263449551494701,6.912568302737288,1.103635983000403,0.3023204691294063,6.801552069652288,-83.19844793034771,83.19844793034771
1247,1.415458284986553,1.4404444063873387,1.5363064731262233,1.0665503412098412,0.6423215579966554,-80.93092204547234,9.069077954527643,9.069077954527657
1248,1.0453852243082644,1.0964722585265294,1.254982096181077,1.144563472921383,0.5464420688274318,-47.54438692571173,42.455613074288266,42.45561307428827
1249,3.3368737115654143,2.894126612066127,4.050296719048591,1.399488433630438,0.7964988250183613,50.37233212867342,-39.62766787132658,39.62766787132658
1250,1.8990365667271207,1.769428000678265,2.337612560572932,1.3211119975929329,0.6122220299220501,-60.25191886402624,29.748081135973763,29.748081135973763
1251,0.979419278671245,0.8560120279763639,1.1717151380681343,1.368806862256482,0.9354949397521676,-6.841917434710578,83.15808256528942,83.15808256528942
1252,2.105239620905539,1.4763327157075872,3.0560017767499774,2.0699952959352226,0.7638361313254647,-85.07902349074135,4.920976509258651,4.920976509258651
1253,2.139566442932797,1.7654065209953458,2.8286912000458337,1.6022888589144908,0.6228004617160775,-60.94571308809313,29.05428691190687,29.05428691190687
1254,1.380717816333713,1.3497082750359988,1.572352452643316,1.16495725907984,0.7124564291766916,45.26387261431034,-44.73612738568966,44.73612738568966
1255,2.079122611754846,1.5968924418561736,3.3670037742411942,2.108472484425753,0.4248442048131149,-13.056167187438392,76.94383281256161,76.94383281256161
1256,1.9619355372325755,1.4224227543563686,2.9904572066079758,2.10236879116935,0.5306059180164855,39.782002282354775,-50.217997717645225,50.217997717645225
1257,1.3630155737347494,1.222013600981186,1.623210179633457,1.328307785060772,0.8177729722509708,-32.96772948416489,57.03227051583511,57.03227051583511
1258,1.0569367929308613,0.8667592602850459,1.3977274410228264,1.6125901447688764,0.7376470802737487,60.324677044279134,-29.675322955720866,29.675322955720866
1259,2.572487977782321,2.450357558212336,2.828401189837594,1.1542810070139562,0.7694127560943658,-5.3459836440986255,84.65401635590138,84.65401635590138
1260,1.0511768765181757,1.0959334737364417,1.3009262463895177,1.187048555013271,0.5099405810124835,-27.10527006297692,62.89472993702307,62.89472993702308
1261,1.021890421280174,0.9485428071323142,1.358666695507042,1.4323725669425889,0.7092509854123971,60.45841878446442,-29.54158121553558,29.54158121553558
1262,2.488514586551228,2.059485103094484,3.3470617965450056,1.6251934969162294,0.5144586539507909,54.91577523632064,-35.08422476367936,35.08422476367936
1263,1.2020667470700563,0.991110568902694,1.5705178464802092,1.5846040752234178,0.7473099687293564,-81.43224367758765,8.56775632241235,8.56775632241235
1264,1.780226888597607,1.4408524421707982,2.464188998719769,1.7102299490204598,0.6179700301640056,-54.35205046942168,35.64794953057833,35.64794953057832
1265,0.9479184199131095,0.8719990826054782,1.1197528698196175,1.284121614524945,0.8425897687499506,-0.135885972789103,89.8641140272109,89.8641140272109
1266,1.326902779425731,1.15938147915522,1.6110102256412744,1.3895428334900886,0.850140933475262,10.407707563276368,-79.59229243672362,79.59229243672362
1267,1.0159318257539256,1.0437304309790794,1.6782557601431844,1.6079398571994148,0.4090439671715568,-80.14330342465169,9.856696575348309,9.856696575348309
1268,1.1128975557056655,0.8477129350796003,1.6812544827092777,1.983282799089774,0.6379531950797671,-60.49907200896544,29.50092799103456,29.50092799103456
1269,1.1128975557056655,0.9136774447397936,1.6670881394127848,1.8245915437778544,0.5719923561923723,-43.8723741834865,46.1276258165135,46.1276258165135
1270,0.9086770491564996,0.8362343765563869,1.156890742545166,1.3834527436066932,0.6868447849360593,-36.74020287192349,53.259797128076514,53.25979712807651
1271,1.4409640896579887,1.2625057771418031,1.7141115808863598,1.3577059304765722,0.8736000933251693,41.37001290410062,-48.62998709589938,48.62998709589938
1272,1.2418151765086958,1.2613972888462657,1.306756002546242,1.0359591019427856,0.807373830102589,-6.73936014402116,83.26063985597884,83.26063985597884
1273,1.502835947650602,1.0672975345162088,2.316013423014021,2.1699791746111714,0.5870165215073239,-29.305641376210566,60.69435862378944,60.694358623789434
1274,1.6232483481616002,1.2861450252147668,3.600250899468062,2.7992573379249164,0.2327867356742602,12.499802167509603,-77.5001978324904,77.5001978324904
1275,1.7768132193231367,1.399691919507403,2.763189034880765,1.9741408779820784,0.5484251907902876,86.17513206280616,-3.8248679371938437,3.8248679371938437
1276,2.0467492985075517,1.3672860573331522,4.347628385569835,3.179750398427777,0.3794999201660079,-46.76825374318632,43.231746256813665,43.23174625681368
1277,1.5308539431383232,1.421403491954412,2.936770036696811,2.0661058266142214,0.2846659613653159,-29.33790661380935,60.66209338619065,60.66209338619065
1278,1.502835947650602,1.1702958551295002,2.142846890086245,1.8310300602142409,0.6577638379850614,12.911314679601682,-77.08868532039831,77.08868532039831
1279,1.7699661294252256,1.3224657614370428,2.4303328225890377,1.8377283506743824,0.7688562128515057,-88.01875304767087,1.9812469523291156,1.9812469523291298
1280,1.1557168501373432,0.9040129591225232,1.686306587014062,1.8653566522440883,0.7203034977272323,69.31665709547825,-20.68334290452175,20.68334290452175
1281,1.566140741422161,1.3560032741249417,1.9299449460412388,1.4232597980168409,0.7189212501902603,30.714790014613357,-59.28520998538664,59.28520998538664
1282,1.1183396299962336,0.9738045508338408,1.472603743634192,1.5122169457651888,0.6850271303168268,-12.473319699579374,77.52668030042062,77.52668030042062
1283,0.9669420905017878,0.9802793043687952,1.0311071013502735,1.0518503213879504,0.8659240507696947,52.30497586145383,-37.69502413854617,37.69502413854617
1284,1.0683634687220958,0.8166020062749061,1.5055990722315722,1.843736680368524,0.72226063535244,-20.41125418454973,69.58874581545027,69.58874581545027
1285,1.340559085464394,1.2957879112026771,1.9960033031486843,1.54037808648493,0.4862688349192166,44.08285818020578,-45.91714181979422,45.91714181979422
1286,1.2612197138901655,1.1938396050132054,1.3989872249797193,1.1718385108896137,0.9275545842048604,-87.39992404355881,2.6000759564411737,2.600075956441188
1287,0.9917395023300404,0.9847908854788732,1.3460590955338243,1.3668476377899028,0.648630682411757,-78.08029329419475,11.919706705805254,11.919706705805254
1288,1.270810876469873,1.0954489641241385,1.6104120035745788,1.4700931365270649,0.7079805654217352,85.88162682721813,-4.118373172781872,4.118373172781872
1289,1.5387653857138477,0.9775640557015788,2.75122960873214,2.81437271827434,0.5742121031721015,-69.48587910348404,20.514120896515976,20.514120896515962
1290,0.8535534614000618,0.8294223711328528,0.9463518112998294,1.1409769548502418,0.8912368086475383,-4.131212467664919,85.86878753233508,85.86878753233508
1291,0.9479184199131095,0.9043446691528052,1.0563164665398346,1.168046324118212,0.8897826003369441,-51.724420813013815,38.27557918698619,38.275579186986185
1292,1.593045740590529,1.5278740741931922,1.7528877195036443,1.1472723761146826,0.7632591737115466,-39.38687984368571,50.613120156314295,50.61312015631429
1293,1.1291450947814663,0.9977558476934256,1.3656972845178217,1.3687690106502397,0.8067804969362362,-59.52305070095853,30.47694929904148,30.476949299041472
1294,1.2121260584033826,1.0956318421996991,1.5021699186435016,1.371053542609346,0.7230444791798618,-49.50909393127178,40.490906068728236,40.49090606872822
1295,1.139848131163964,1.1888879904580985,1.245202671168742,1.0473675242433431,0.8658584386319017,-58.22771623071152,31.772283769288492,31.772283769288478
1296,0.9086770491564996,0.842466387141261,1.0588026636509402,1.2567892082244048,0.8795188913276493,73.3423796645806,-16.657620335419395,16.657620335419395
1297,1.1504515979244476,1.1827229692563934,1.2125269334705453,1.025199446522029,0.9186905982858592,87.7919510513527,-2.2080489486473027,2.2080489486473027
1298,1.3938469657443524,1.0895235756195454,1.951446993899825,1.7911012093429517,0.7446888400743653,23.70183579353226,-66.29816420646773,66.29816420646773
1299,1.1128975557056655,1.1159113764383155,1.271450376683546,1.1393829326677074,0.7660876767351972,-54.90561294295617,35.09438705704383,35.09438705704383
1300,0.928505064734256,0.883030552337157,1.063278883855479,1.2041246829356589,0.8750707616121922,-81.69252033270135,8.30747966729865,8.30747966729865
1301,2.4933892525089543,1.7586211777990115,3.709845263965037,2.109519270436663,0.6672012471484582,67.26015761240828,-22.73984238759172,22.73984238759172
1302,0.8392070033186643,0.7462950780808725,0.9725792500600966,1.3032100554128307,1.0591121228031282,30.779025286535777,-59.22097471346422,59.22097471346422
1303,2.8115486123181457,2.4981581555951338,3.356437457431431,1.3435648379242948,0.6386670297302198,40.90761344080894,-49.09238655919106,49.09238655919106
1304,1.191922542518033,1.0451662405326874,1.448563143767158,1.3859643448001844,0.8073633298268295,-13.693663536136585,76.30633646386342,76.30633646386342
1305,1.085277926096956,0.9964787291737828,1.2987186618308009,1.3033079621354449,0.6991072733657123,38.5442556522822,-51.4557443477178,51.4557443477178
1306,0.9414917802541344,0.8077405059479156,1.2014706917757425,1.4874463802774984,0.782556943016403,57.03936055119374,-32.96063944880626,32.96063944880626
1307,1.2563966762852905,1.3226749100556818,1.48125976953632,1.1198970799816277,0.5409271649440186,16.95538618952536,-73.04461381047464,73.04461381047464
1308,2.0138556420885823,2.1462267569684497,2.6463290172139464,1.2330146423819133,0.3350262557296127,14.72868939274717,-75.27131060725283,75.27131060725283
1309,1.514907113035081,1.2544602983045627,2.347178852287184,1.8710666694350235,0.5455822220917728,-32.34328460791801,57.65671539208199,57.65671539208199
1310,2.373635851463476,2.006548497184101,3.608705268915295,1.798464016184801,0.4766956086951599,-30.137705326399555,59.862294673600445,59.862294673600445
1311,3.684478311831165,2.9733785246103666,5.82332284154835,1.9584868839770213,0.2468115025560577,-86.37967504185043,3.620324958149581,3.620324958149567
1312,0.8952144227026446,0.8050491107635949,1.0854430541703557,1.3482942092076906,0.9482736055611164,-85.10326399161136,4.896736008388643,4.896736008388643
1313,0.9606427264386592,0.8482810838746182,1.2032732169643463,1.4184840848604832,0.910560555514967,10.678789588690169,-79.32121041130983,79.32121041130983
1314,1.3360224934845466,1.1880703332971452,1.6027406045285593,1.3490283862914216,0.8809433359427756,-29.7551918860682,60.244808113931796,60.244808113931796
1315,1.0511768765181757,0.8729104762450068,1.367776223457036,1.5669146615593272,0.8496704859064863,-62.7131660036082,27.286833996391806,27.2868339963918
1316,1.2171245375823248,1.1047454455881822,1.3962873086810403,1.2638995836164204,0.8998590466069463,-1.1329252698156669,88.86707473018433,88.86707473018433
1317,1.626984252638553,1.201213371042008,2.3465713652786837,1.9535008699104968,0.6496536992311172,-10.67339011397819,79.32660988602181,79.32660988602181
1318,1.2944779165271465,1.013053498963226,2.0797470666526503,2.052948900310886,0.5536960873136114,-27.633048236880416,62.36695176311959,62.36695176311959
1319,1.3540776702961077,1.052793823673826,2.1610206175097573,2.052653206084233,0.555662369689904,16.345685126114436,-73.65431487388557,73.65431487388557
1320,1.7630924485867383,1.6166431550104998,2.031304705174853,1.2564954108018107,0.7281782030466519,-41.47207984341778,48.52792015658221,48.52792015658222
1321,1.1183396299962336,1.0206632753947065,1.3006479006679883,1.2743163509679598,0.810864520422536,-83.40565909136535,6.594340908634649,6.594340908634649
1322,1.2319983017676563,1.0576623991358964,1.6477803257892918,1.5579454532330146,0.6036833946036376,-1.0824956698844723,88.91750433011553,88.91750433011553
1323,1.626984252638553,1.220068330589347,2.590559575076346,2.123290565066131,0.4990266295800848,-62.45667396971431,27.543326030285698,27.54332603028569
1324,1.6856330249272244,1.4720528764119258,1.9831864511853945,1.3472250100277223,0.9213750446465612,22.99478661426488,-67.00521338573512,67.00521338573512
1325,1.6856330249272244,1.216325727178233,2.42944063984281,1.997360234646105,0.7356107129642646,-19.642945707498324,70.35705429250167,70.35705429250167
1326,1.0796692170979234,0.8302440645738823,1.595526174881699,1.92175559327918,0.5973308717505161,73.49342188075279,-16.50657811924721,16.50657811924721
1327,0.9917395023300404,0.6500058839881735,2.080654908479292,3.200978575321863,0.5081050823659157,50.378155853786005,-39.621844146213995,39.621844146213995
1328,1.933884181003576,1.532251723357939,2.929956412556224,1.9121899932572484,0.5233034262452687,80.48395944147937,-9.51604055852063,9.51604055852063
1329,0.928505064734256,0.8492667050814109,1.2234005371857233,1.4405375011945722,0.6837172631615408,-25.292509964238555,64.70749003576145,64.70749003576145
1330,1.546636359756236,1.3162424059942728,2.46201467842072,1.870487280464836,0.4565453423074639,31.745540559463723,-58.25445944053628,58.25445944053628
1331,1.7870346644469015,1.2450247599031428,3.863959993569738,3.1035206029720537,0.3096569910539088,49.89866690108408,-40.10133309891592,40.10133309891592
1332,1.1019327803667114,1.0217695278999164,1.3302500966418305,1.3019081704031108,0.6930065749080396,41.329284448870666,-48.670715551129334,48.670715551129334
1333,1.5892300566907107,1.4791272582824997,1.8761765774124208,1.2684348604263826,0.731092807368343,38.73477352352946,-51.26522647647054,51.26522647647054
1334,0.9019708538191776,0.925072136919196,1.2377184131137606,1.3379696174136029,0.5532644507324446,-81.76183160707839,8.238168392921608,8.238168392921608
1335,1.889421129921366,1.5387851049124277,2.739367349214901,1.7802143655210385,0.5269181339454212,-20.64488477174821,69.35511522825179,69.35511522825179
1336,1.4111624987975715,1.1366054000211006,1.847434470311024,1.625396527481505,0.7522342195673356,-72.21043413637744,17.789565863622556,17.789565863622556
1337,2.383845085036066,1.7277468889333232,3.397438851278038,1.9663984771377885,0.6700772391250844,-43.02597073578406,46.97402926421594,46.97402926421594
1338,1.340559085464394,1.26474647623764,1.7560785194031507,1.388482634580744,0.6647003625213499,-41.08245130516625,48.917548694833755,48.91754869483375
1339,1.1074287385521373,0.7482246661810084,1.9681774174086484,2.630463156814069,0.5231127708159543,-29.75900595368945,60.24099404631055,60.24099404631055
1340,7.930088940120103,5.959547976873262,11.082806161252234,1.859672277874159,0.6254796897336108,39.32843087291817,-50.67156912708183,50.67156912708183
1341,2.53923188710524,2.48483153700248,3.713168284928036,1.4943340140504382,0.4302161033202616,-51.939906259140905,38.06009374085909,38.060093740859095
1342,1.5583682828180965,1.406945017990001,1.866672708248289,1.3267559743841784,0.6525748215048781,-57.659555490742,32.34044450925799,32.340444509258
1343,1.0453852243082644,0.8688630123102108,1.6769237676023447,1.9300208937926704,0.5041664794779291,25.240505610977443,-64.75949438902256,64.75949438902256
1344,0.9219431092603804,0.8107992175853901,1.111541669395275,1.370920994109386,1.011962825926216,-28.173797199508883,61.82620280049112,61.82620280049112
1345,1.1504515979244476,1.092562463125419,1.3139354200452842,1.2026181242641256,0.8489379441073823,35.355759126283694,-54.644240873716306,54.644240873716306
1346,3.6745782178649335,3.274250629186766,4.240585104211429,1.2951314925041868,0.6981407160419875,-49.13945273471155,40.86054726528846,40.86054726528845
1347,1.5308539431383232,1.4638765378403698,2.165226530144123,1.4791046062794626,0.4598907599374962,76.96136528480679,-13.038634715193211,13.038634715193211
1348,1.0740312192037882,0.9427145859402312,1.347406583537523,1.4292836916209013,0.8434761337714286,16.6003594015484,-73.3996405984516,73.3996405984516
1349,2.3114337002746863,2.152383342790192,2.6273282929283663,1.2206600193822772,0.7465689953146175,72.37590976038877,-17.624090239611235,17.624090239611235
1350,1.0039085404212729,0.8625065982581961,1.2500407464134184,1.4493115170803736,0.7952633665345209,-29.556669460021023,60.44333053997897,60.44333053997897
1351,1.2418151765086958,1.103070864993874,1.4824350912739936,1.3439164593312205,0.8501515416522835,32.46294187109082,-57.53705812890918,57.53705812890918
1352,1.1661760393441107,0.6614718327866864,2.769877693182873,4.187446170630992,0.3566416189309974,15.30218985380709,-74.69781014619291,74.69781014619291
1353,0.8606370140730026,0.7159637668687537,1.0755877152943962,1.5022935029218687,1.055882420670433,-2.4938739682012794,87.50612603179871,87.50612603179871
1354,2.037830958486928,1.640039167217509,2.661452851821557,1.6227983483693131,0.770782836047076,-79.02531096407846,10.974689035921529,10.974689035921543
1355,1.0337045758596148,0.9246373457171674,1.240134741251204,1.341212040585848,0.8517098949391636,68.32706792253772,-21.672932077462278,21.672932077462278
1356,1.952629861669301,1.4611287079015558,3.082911670304041,2.109952157966739,0.5023058237038295,80.6127307845674,-9.387269215432596,9.387269215432596
1357,1.1183396299962336,0.9924610356670514,1.390848258639485,1.4014134647660703,0.7432407365758065,-65.2539539921819,24.74604600781811,24.746046007818094
1358,1.0159318257539256,0.8232648190935721,1.3908937716125158,1.689485253534716,0.8174029752611682,68.65221637540371,-21.34778362459629,21.34778362459629
1359,1.0099380753567209,0.7943055041856923,1.6024564815567577,2.0174309168354148,0.6550425313020949,66.2011527789802,-23.7988472210198,23.7988472210198
1360,1.186817925731738,0.9010382435440496,1.6200783051146206,1.7980128110238405,0.8804684943578436,6.521915824815617,-83.47808417518438,83.47808417518438
1361,1.6119886861377042,1.244304064084231,2.206176504265847,1.7730204119276296,0.7937852967565094,58.7805353774364,-31.2194646225636,31.2194646225636
1362,1.1557168501373432,0.9390517218373524,1.682484631199541,1.7916847305360186,0.5599084189701508,-4.418827362189625,85.58117263781037,85.58117263781037
1363,0.9153341128725788,0.955368557262744,0.9564769895321126,1.0011602143078109,0.8821215945039371,1.734114629459658,-88.26588537054035,88.26588537054035
1364,6.351187244781856,4.524704988650917,9.349131828537804,2.0662411918539982,0.5985117621490771,78.8086670223753,-11.191332977624697,11.191332977624697
1365,1.5308539431383232,1.1470057384314014,2.1387474800201822,1.8646353791961376,0.7197681929034833,18.314461917745945,-71.68553808225406,71.68553808225406
1366,1.0908577979726677,0.863066071143937,1.5790736110542154,1.8296091850317528,0.6104542640965329,80.10683157073619,-9.89316842926381,9.89316842926381
1367,0.979419278671245,0.6909799602185717,1.5675915529612066,2.268649806378385,0.7161503745986147,-67.431458524863,22.56854147513701,22.568541475136996
1368,2.0467492985075517,1.4926755110388346,3.3179364603672363,2.2228116129929023,0.4692078717884267,-59.3115148085371,30.688485191462917,30.688485191462902
1369,1.2418151765086958,1.0136177118790095,1.771185395980903,1.747389943194205,0.6415240432553622,29.98896237767537,-60.01103762232463,60.01103762232463
1370,3.007691157803274,1.9270783869254844,5.187226567612949,2.691756911813431,0.5235057279010293,-18.31743064436741,71.6825693556326,71.6825693556326
1371,1.0796692170979234,0.886158561599056,1.4231119328155708,1.6059337397221471,0.7880435084802081,-28.374368935027608,61.625631064972396,61.625631064972396
1372,1.1451621372724683,0.9177253476314796,1.5553154720719815,1.694750478545714,0.7199361659972174,-11.593178314205892,78.40682168579411,78.40682168579411
1373,0.9669420905017878,0.970012243030271,1.009490893509977,1.0406991259784273,1.0006715070831302,7.013545393785519,-82.98645460621448,82.98645460621448
1374,1.7071069228001237,1.392037467356863,2.333160187432458,1.6760757107081,0.6534055294976079,10.94552462317148,-79.05447537682852,79.05447537682852
1375,1.5622593457610967,1.29176564140395,1.9675500906480323,1.523147874183748,0.8177997598771423,41.21694837984262,-48.78305162015738,48.78305162015738
1376,1.0039085404212729,0.7385540936057882,1.7035713017984253,2.3066303694577126,0.4959726592721367,-34.52829598021368,55.47170401978633,55.47170401978632
1377,0.9414917802541344,0.8011763476878323,1.163906145772343,1.4527465134627808,0.91576764507957,-89.66395628583354,0.3360437141664647,0.3360437141664647
1378,1.1128975557056655,0.9559173942405538,1.421299495557957,1.4868434282306733,0.8596921194968592,89.68553454954048,-0.31446545045952234,0.31446545045952234
1379,0.8884066096615684,0.76613152897931,1.0772463702206443,1.4060854167636487,1.014498665911121,13.327706406841122,-76.67229359315888,76.67229359315888
1380,1.7212740281460053,1.2864890539109626,2.3959620781889712,1.862403780976744,0.6832909475057543,21.59805454733337,-68.40194545266664,68.40194545266664
1381,1.2991595879263365,1.0840741563437375,1.6103889031254173,1.4854969964017817,0.9026855401724492,22.37184660523298,-67.62815339476703,67.62815339476703
1382,1.186817925731738,0.8741295993637179,1.905945197570423,2.180392013904765,0.5363016059987693,-52.91501595948726,37.08498404051272,37.08498404051274
1383,1.2369164782162358,1.2161417767040534,1.418592081751021,1.166469328597231,0.7170526328000639,-2.300586025253333,87.69941397474666,87.69941397474666
1384,0.928505064734256,0.7001246395619398,1.2804621656627104,1.828906016597104,0.9296198443064552,-25.898674638447567,64.10132536155243,64.10132536155243
1385,0.9479184199131095,0.7124064287869541,1.4907017112863747,2.0924877303881977,0.6160166739922855,-46.54265669847427,43.457343301525725,43.45734330152573
1386,2.1281856896488693,1.4931986925725405,3.137705725597854,2.101331685599117,0.6170128633342277,-68.37460880192234,21.625391198077665,21.625391198077665
1387,1.1237553499514827,0.7324644199246653,2.2097701365943934,3.0168975809387035,0.4752271825936322,40.64583626869409,-49.35416373130591,49.35416373130591
1388,1.6044383463340146,1.2214095550323707,2.3393678226113552,1.9153017208460887,0.6187845458040879,19.92199631657897,-70.07800368342103,70.07800368342103
1389,1.9773476793114584,1.475976501073856,4.170890862624555,2.8258518069833745,0.3391298085433842,61.1193853268633,-28.880614673136698,28.880614673136698
1390,1.992640619253945,1.6632205645428702,2.866095299822794,1.7232202156005263,0.5030966033328995,4.334728827319303,-85.66527117268069,85.66527117268069
1391,1.1183396299962336,1.0542624015277755,1.3373674503299435,1.2685337619855444,0.6487442467923853,-11.259844055072808,78.7401559449272,78.7401559449272
1392,5.260502911059032,5.131068685849878,6.779291076055932,1.321223996621096,0.2729387852443106,72.80328908791402,-17.196710912085976,17.196710912085976
1393,2.5772038167136704,1.8914974030350056,5.443288921732432,2.877767060635871,0.2965278391809611,-71.08055616676306,18.919443833236926,18.91944383323694
1394,1.1074287385521373,1.1503127132877342,1.1698413050522003,1.01697676774227,0.7795503299354172,34.19061975542276,-55.80938024457724,55.80938024457724
1395,2.436741906412006,1.6864890101712826,3.7623730594175577,2.230890943686283,0.6502077806394413,73.38815874554949,-16.61184125445051,16.61184125445051
1396,1.3851080271465486,0.831395532959058,2.504799748815516,3.012765464231649,0.5248631774983166,-41.43643364826225,48.563566351737734,48.56356635173775
1397,1.1291450947814663,0.9936802463787636,1.3431575467602768,1.3516999574612678,0.8868595497950706,-67.7423714450442,22.2576285549558,22.2576285549558
1398,1.4783979621211876,1.1266527910843347,2.0031054684652747,1.777926158188813,0.8401662783300212,-22.700779119198547,67.29922088080146,67.29922088080146
1399,1.1291450947814663,1.1300200950178447,1.1998203380315453,1.0617690281097154,0.940946869471364,71.21005515623813,-18.789944843761873,18.789944843761873
1400,1.2660243778180809,0.8431588267138789,2.359805638509899,2.798767638722337,0.4712323516572201,18.588076971791867,-71.41192302820814,71.41192302820814
1401,3.391017977344024,2.610087173509349,4.606851019404449,1.7650180676572518,0.6835039896522942,-15.685407085121511,74.31459291487849,74.31459291487849
1402,0.84641062903508,0.8063749136645416,0.9058156054146482,1.123318186199769,1.1861704904583965,-60.2896134362445,29.710386563755492,29.7103865637555
1403,3.91767711468498,3.5644394982407546,5.288189800637524,1.4835964541543023,0.3987264350491816,-38.223954071210166,51.77604592878984,51.776045928789834
1404,0.8022191731670073,0.7225069151660016,0.9700350077085363,1.342596157001021,1.0119884429256223,-61.5153595903678,28.484640409632192,28.4846404096322
1405,1.461879030667795,1.3500920451590048,1.6713682817777575,1.2379661725811553,0.8491536752377407,52.968943799035614,-37.031056200964386,37.031056200964386
1406,2.231243822407474,1.6506969777966396,3.121531815690039,1.8910386689243708,0.7596688604789374,72.40179115727952,-17.59820884272048,17.59820884272048
1407,1.0337045758596148,0.8944427219257318,1.2727817327077018,1.4229885285079042,0.8005729114913792,-58.39890344062922,31.601096559370774,31.60109655937078
1408,0.9669420905017878,0.9010679458342096,1.0928845838514,1.2128769965727793,1.0033801194685197,81.48605073970452,-8.513949260295476,8.513949260295476
1409,1.5777276373049178,1.3575497782315324,1.8778390289753677,1.383256112657328,0.8615390043121313,12.333942688997409,-77.66605731100259,77.66605731100259
1410,0.973200680696656,0.755680819883125,1.3171825499259082,1.7430408649641609,0.8881351616553533,84.03074529145215,-5.969254708547851,5.969254708547851
1411,1.2660243778180809,0.9578642780333496,1.800906951824896,1.880127480609726,0.7197083936578751,9.336114214186829,-80.66388578581316,80.66388578581316
1412,2.139566442932797,2.019685251716488,2.734770332171112,1.3540576829220734,0.4701439728345054,28.86886429024888,-61.13113570975112,61.13113570975112
1413,1.021890421280174,0.973545915922792,1.2106498927414835,1.24354678391717,0.7625540631050519,34.12832926792715,-55.87167073207285,55.87167073207285
1414,0.9086770491564996,0.9140372551875048,1.0679783138963224,1.1684188011321686,0.7564526554941416,-16.382692343103027,73.61730765689697,73.61730765689697
1415,3.085411785026792,2.9940404926494977,3.36500786433796,1.1239019220345228,0.7539759223132009,-56.931655857935695,33.06834414206429,33.068344142064305
1416,1.376313601551939,1.377495579078465,1.5240056283748515,1.106359723778134,0.7620068012373037,73.37974471287868,-16.620255287121324,16.620255287121324
1417,0.8815462242933692,0.8588718749873187,0.9819688439440174,1.1433240190319611,0.9309611549177964,-23.302690380479824,66.69730961952018,66.69730961952018
1418,1.1661760393441107,1.0193330663623728,1.4461856069509738,1.418756689716622,0.7189513239721927,83.22923409332775,-6.770765906672253,6.770765906672253
1419,0.979419278671245,0.7749078592319413,1.3103134891843746,1.6909281194839174,0.8367285294685202,-54.13018194275339,35.86981805724662,35.86981805724661
1420,1.2020667470700563,1.127750999525507,1.3570530941573573,1.2033268822003504,0.9356527494323822,-23.533041150901813,66.46695884909819,66.46695884909819
1421,1.2319983017676563,0.935351399976686,1.7727710067619615,1.895299463716148,0.6789656176314706,27.226428726885665,-62.773571273114335,62.773571273114335
1422,3.453113446011687,2.8231882551569347,8.698683122411,3.081155890515512,0.2143159553532812,-11.325389227916634,78.67461077208337,78.67461077208337
1423,1.4824989352200384,1.4619896467900368,1.551638892241284,1.061320027572071,0.8978423012115906,-87.52655307481032,2.473446925189677,2.473446925189677
1424,1.1183396299962336,0.8567265125830985,1.6786690824518171,1.959399012166084,0.6442076381687843,7.936793797505879,-82.06320620249411,82.06320620249411
1425,3.9822332218183862,2.694193736862826,6.538593141988924,2.426920177463776,0.4874054384840724,51.092002290963606,-38.907997709036394,38.907997709036394
1426,5.247792177048498,2.9626323386175297,9.87127992425168,3.3319287700943594,0.4887542871593405,-66.30584382798774,23.694156172012242,23.694156172012256
1427,1.8039417076383557,1.3997638321179695,2.371133847011669,1.6939527887528918,0.8187559326915226,-77.72018959475284,12.279810405247161,12.279810405247161
1428,1.0569367929308613,0.8734857725667107,1.443755001132961,1.6528660757582023,0.719792442142535,64.9935590383412,-25.006440961658797,25.006440961658797
1429,1.0099380753567209,0.78210295478862,1.500809891573846,1.9189415950735944,0.7171644362279712,69.78707773222482,-20.212922267775184,20.212922267775184
1430,0.973200680696656,0.6771125611079329,1.5646684885289832,2.3107952479404266,0.6723019512890862,-28.368594044210816,61.63140595578918,61.631405955789184
1431,0.9543017810603904,0.844746745372525,1.2637423609102116,1.4960014558599024,0.6498094373776517,-7.922433034819522,82.07756696518048,82.07756696518048
1432,5.653248096129997,4.838847188059259,7.0560221161579175,1.4582031301938907,0.6797600054497868,-19.203486735286457,70.79651326471354,70.79651326471354
1433,0.9350209696908578,0.7763905430321865,1.2948197595364723,1.6677428275717594,0.6968535504047703,79.620506236459,-10.379493763541007,10.379493763541007
1434,3.1841853538903857,2.0751881773892222,4.989170238857501,2.4042013602517422,0.6192431119134272,-24.547364415265616,65.45263558473438,65.45263558473438
1435,0.979419278671245,0.7120320520244954,1.5574358750775106,2.187311470950372,0.6476662054760858,-28.052702681903533,61.947297318096474,61.94729731809647
1436,1.0569367929308613,0.9386413308102698,1.349210383897561,1.4374078144767748,0.7206912949903888,32.82916877555886,-57.17083122444114,57.17083122444114
1437,3.5893250889909107,3.2627504720039084,4.215171185999083,1.2919073101567031,0.6707313825894498,-86.10977379746865,3.890226202531352,3.890226202531352
1438,1.1291450947814663,1.0388626883631302,1.2856047469921277,1.2375117148713592,0.931866735394438,-22.279049392255093,67.72095060774491,67.72095060774491
1439,1.3495865213724043,1.338425929958461,1.412459009999237,1.0553135428593148,0.8536340866667428,39.60789569076797,-50.39210430923203,50.39210430923203
1440,1.2897792515977275,1.1701990738372994,1.92052523149903,1.6411953097871392,0.4627755877030641,9.009898448608816,-80.99010155139118,80.99010155139118
1441,1.0453852243082644,0.7631306387878161,1.6589201676093217,2.173835098855957,0.625143788002093,51.859580741035074,-38.140419258964926,38.140419258964926
1442,0.7869374084054097,0.6848587053710438,0.967151176301294,1.4121908193855977,1.0026680725340598,-62.4227918336188,27.577208166381183,27.577208166381197
1443,1.1074287385521373,0.9853173464836192,1.432546830444919,1.4538938500954677,0.7443520099837608,33.8976617143292,-56.1023382856708,56.1023382856708
1444,1.5892300566907107,1.2966657000717978,2.051939596577028,1.582473876237653,0.7814869973270089,79.97499771181664,-10.025002288183359,10.025002288183359
1445,2.373635851463476,1.66559138158659,3.667160585352364,2.201716835169465,0.6365216972319657,16.75093028664808,-73.24906971335191,73.24906971335191
1446,1.9650276361365868,1.4035792963655271,2.9438038689206767,2.0973548673334355,0.6713401273440792,75.14105977549066,-14.85894022450934,14.85894022450934
1447,1.0159318257539256,1.017621780662486,1.0638060092045776,1.045384473307976,0.9775257131900305,-15.689123890755113,74.31087610924489,74.31087610924489
1448,1.0099380753567209,0.921543335762352,1.1656597331013203,1.264899530890777,0.9708949114379822,32.32326850285634,-57.67673149714366,57.67673149714366
1449,0.9669420905017878,0.8314074015637629,1.9519928479470092,2.3478175011138696,0.3496471784395201,61.41127223445701,-28.58872776554299,28.58872776554299
1450,1.5777276373049178,1.3585286735993034,1.927434705997612,1.418766304645629,0.7826976417687491,83.36188544914705,-6.638114550852947,6.638114550852947
1451,4.829684764609521,4.71642274685637,5.474540611279164,1.160740015285547,0.6068755384404898,69.94406416570538,-20.055935834294615,20.055935834294615
1452,1.3450803768346336,1.1638446250551708,1.6440954083092083,1.4126416644586657,0.7753684983457971,72.1394367881408,-17.8605632118592,17.8605632118592
1453,1.1237553499514827,0.850975043927402,1.7125575320278548,2.012465047299267,0.6565117033393635,-3.6608284180568735,86.33917158194312,86.33917158194312
1454,0.9669420905017878,0.6029484942983283,1.6702601303616167,2.7701539122431265,0.6936907267986553,-81.31011687066743,8.689883129332571,8.689883129332571
1455,2.125330979189304,1.5409290670512386,3.5095645271674214,2.277563972417896,0.4804678008584273,-63.870842772167045,26.129157227832962,26.129157227832955
1456,3.5054627692732265,2.509476951047014,6.087437929701467,2.425779574170483,0.3909615095643491,65.27165201834681,-24.728347981653187,24.728347981653187
1457,0.9350209696908578,0.8377401564897377,1.099230137828438,1.312137336754137,0.9611142784893428,-43.56098245192012,46.439017548079875,46.43901754807988
1458,2.1872741160266225,1.849783720344791,2.877066071873632,1.5553526827111228,0.5526453188901753,-81.86474157334314,8.135258426656861,8.135258426656861
1459,1.0683634687220958,0.969419643215084,1.2479670768142093,1.287334216454828,0.9467757925585448,43.778951634673895,-46.221048365326105,46.221048365326105
1460,2.6006547441227528,2.472408352865364,3.5256744829300786,1.4260081587428897,0.4615860269471938,-58.203146890956674,31.796853109043326,31.796853109043326
1461,1.9117819216282488,1.512697033205268,2.5213524992125653,1.6667927839258383,0.7954854447559015,43.74922206144164,-46.25077793855836,46.25077793855836
1462,1.0740312192037882,0.8982331923990373,1.362302546805502,1.5166468555531885,0.7986240240155228,24.99222389583999,-65.00777610416,65.00777610416
1463,1.2515550525870838,1.1267539488725082,2.335475932308594,2.072747057727731,0.2358341518826569,-23.02208495908296,66.97791504091704,66.97791504091704
1464,1.0278144733504384,1.0676210922898464,1.2711526137785298,1.1906402214779652,0.6388826055085198,-60.99626133233984,29.003738667660173,29.00373866766016
1465,0.9978425722559162,0.9476020975209002,1.2947615130407963,1.366355684973818,0.5514338612697836,-16.514734589329727,73.48526541067028,73.48526541067028
1466,1.2319983017676563,0.8533994027748941,1.9718111501732665,2.310537297965958,0.7121192561011932,-85.64101480031721,4.358985199682792,4.358985199682792
1467,1.432512614476725,1.280156233834191,1.7246999192428552,1.3472573687956924,0.693354724700604,3.7784988690640255,-86.22150113093598,86.22150113093598
1468,1.461879030667795,1.2437983144149865,1.8485679463372624,1.486228052340404,0.710141965810616,-44.02375918700833,45.976240812991676,45.97624081299167
1469,2.4442051456532488,2.121342361294669,2.8731544668072755,1.3544039468734177,0.8091015683049037,44.62184855691364,-45.37815144308636,45.37815144308636
1470,1.8732857266234093,1.802597542039236,3.472358237596103,1.926308095187962,0.2779324509547386,-38.44043943565267,51.55956056434732,51.55956056434733
1471,1.2071068813224677,1.0696777835496194,1.619991127635113,1.5144664613481396,0.7162877076302472,-60.284348554773935,29.715651445226058,29.715651445226065
1472,1.0159318257539256,0.9315498811848754,1.1918863998254423,1.2794659995119473,0.9573215661755298,-3.694187354486941,86.30581264551306,86.30581264551306
1473,1.7870346644469015,1.4417662242034408,2.3675523096444064,1.6421194156857517,0.7303577957342323,-55.15352458341293,34.846475416587054,34.84647541658707
1474,0.8676627389239214,0.821209850640046,0.9681634756358656,1.1789477134027126,0.9900882193837728,0.3027291121394114,-89.69727088786058,89.69727088786058
1475,0.8815462242933692,0.8121741552348047,1.0734892537930516,1.3217476164120232,0.858011165721148,33.55711849423665,-56.44288150576335,56.44288150576335
1476,1.4409640896579887,1.4714180701253068,1.6845526341964776,1.1448497666288822,0.7236698489517159,-63.677110772153696,26.322889227846304,26.322889227846304
1477,2.271692622891249,1.8508596005098377,2.9247384349121703,1.580205453782946,0.6749441390647027,-56.684775637435145,33.31522436256486,33.315224362564855
1478,1.2755794143363215,1.043899802640068,1.7318770438607411,1.6590452833507094,0.7286083501498865,-4.85420414112012,85.14579585887988,85.14579585887988
1479,1.380717816333713,1.1946004901676994,1.6536387302647049,1.3842608837642156,0.8727700065671145,62.57486144216232,-27.425138557837677,27.425138557837677
1480,1.0908577979726677,1.087230366305483,1.2392857267641075,1.1398556967971043,0.7990603816123537,-56.36040787842395,33.639592121576044,33.63959212157605
1481,5.717321711069395,5.506356004930457,6.704946726113372,1.217674033446018,0.4514981661642472,-49.06666117951195,40.933338820488046,40.93333882048805
1482,1.340559085464394,1.2252123116709603,1.63735572871457,1.3363853049121937,0.6892615910538733,60.00032092407369,-29.99967907592631,29.99967907592631
1483,1.2850634067342854,1.340991840749523,2.3439206993235526,1.7479007911140316,0.2998319287041776,-6.296657674628063,83.70334232537193,83.70334232537193
1484,1.895836839826219,1.650761405275054,4.664838750321695,2.825870980151991,0.2014429837769384,82.44670521896637,-7.553294781033628,7.553294781033628
1485,1.0740312192037882,0.962624423710832,1.7797226524793848,1.848823496103196,0.4550982825281117,46.66188043196075,-43.33811956803925,43.33811956803925
1486,1.0569367929308613,0.7629539215611131,1.5501277091375805,2.031744860771928,0.7661740522558922,15.34791012590801,-74.65208987409198,74.65208987409198
1487,0.9414917802541344,0.8482572091263765,1.152209839479935,1.3583260207910293,0.8596352565872603,-53.50752491789552,36.49247508210448,36.49247508210448
1488,3.6497104955517257,3.20822927852942,4.797761955415839,1.4954548253530762,0.4529753237136806,6.360929021692327,-83.63907097830767,83.63907097830767
1489,1.0453852243082644,0.8016575113712947,1.4852454121483294,1.85271813845754,0.7677099533378061,-11.262133899546356,78.73786610045364,78.73786610045364
1490,1.1019327803667114,1.0147267897218408,1.2604070166257202,1.2421146552868934,0.9109670709142884,-6.027059572504279,83.97294042749571,83.97294042749571
1491,1.0683634687220958,0.8893183598216328,1.3433039422751047,1.5104871359504215,0.8639684061309343,70.63243981748951,-19.367560182510488,19.367560182510488
1492,0.9917395023300404,0.8505128569024565,1.285888069671232,1.5118972737865477,0.8181533467620705,22.243706540518502,-67.7562934594815,67.7562934594815
1493,2.938257836013735,2.314740681666952,3.9069124236317783,1.687840220969474,0.6209819262131329,-77.51048528287657,12.489514717123427,12.489514717123427
1494,1.5348147620304609,1.5109204001876957,1.871335453726544,1.2385400670307154,0.577242921223312,73.8331685378437,-16.166831462156296,16.166831462156296
1495,1.7733929789634846,1.363134747073817,2.5618321794356884,1.8793682612339413,0.5153770340923863,47.6833699535785,-42.3166300464215,42.3166300464215
1496,0.9086770491564996,0.8573704067292289,1.2784518651721437,1.4911313186669142,0.6126099924975138,-10.384195590798855,79.61580440920115,79.61580440920115
1497,1.0569367929308613,0.7836096263408174,1.5042191223675598,1.9196026590328357,0.8410762543866088,34.299874211692845,-55.700125788307155,55.700125788307155
1498,0.928505064734256,0.8735455021200436,1.0982934339548578,1.2572824555668414,0.8210357211815169,-37.21867218113963,52.781327818860376,52.78132781886037
1499,1.186817925731738,0.961767622755206,1.5369871080285278,1.5980857243098625,0.8216580759545064,75.66572889508693,-14.334271104913071,14.334271104913071
1500,2.5320487556361617,2.104853269551638,3.1685174032786985,1.5053388514600046,0.7946392184242491,-63.9555018203037,26.04449817969629,26.044498179696298
1501,1.889421129921366,1.5363873963869277,2.460694194168028,1.6016105052376524,0.6821011362197588,-46.207582180854544,43.79241781914544,43.792417819145456
1502,0.973200680696656,0.7327787773962089,1.4512966001904557,1.980538526712474,0.7549246796051677,7.23743515731399,-82.762564842686,82.762564842686
1503,1.663882010113248,1.373778266853789,2.074144800082937,1.5098104622321036,0.8917101956132253,-61.49130921987869,28.5086907801213,28.508690780121313
1504,1.3495865213724043,1.0866585019195791,1.7502770934736396,1.6106965439296523,0.7771525742607286,14.239358853194394,-75.76064114680561,75.76064114680561
1505,1.0099380753567209,0.8074742317561661,1.6755042830511575,2.074994120130773,0.5898849938834207,16.492496981782008,-73.50750301821799,73.50750301821799
1506,1.191922542518033,0.7011497632630566,2.337291993939642,3.3335132041722444,0.4694379870702357,23.835216639326653,-66.16478336067334,66.16478336067334
1507,0.9019708538191776,0.7729529573810607,1.1301845694079795,1.4621647522215329,0.9331931830602258,-71.8371979428803,18.162802057119706,18.162802057119706
1508,1.566140741422161,1.1663333693767506,2.3941031823948427,2.05267485716727,0.5844192394351316,-70.51935128901403,19.480648710985975,19.480648710985975
1509,1.171370613113025,0.9565265517531858,1.564544719088852,1.6356521585535182,0.6943972362167025,56.19482944338815,-33.80517055661185,33.80517055661185
1510,0.84641062903508,0.6443706320156205,1.2343038568811249,1.915518485099432,0.7712557312061645,-53.3151102650469,36.68488973495312,36.6848897349531
1511,1.039561305877423,0.6691751348479461,1.72865215100985,2.583258195035362,0.694898417407547,-72.65077456149125,17.349225438508768,17.349225438508753
1512,1.9742748760884197,1.509605424045951,2.726352240708322,1.8060032093693208,0.7325098053428419,53.024473139476925,-36.975526860523075,36.975526860523075
1513,1.1183396299962336,0.8861354701607187,1.5125796131712512,1.7069394738221169,0.7989024255760707,36.246106074097405,-53.753893925902595,53.753893925902595
1514,0.9669420905017878,0.8854345235597728,1.2887254854307613,1.455472371067722,0.6233474557846277,21.21885958478906,-68.78114041521094,68.78114041521094
1515,0.9414917802541344,0.6689033212322351,1.4199090441324551,2.1227418059709118,0.7520728218393905,-79.16513003655078,10.834869963449222,10.834869963449222
1516,1.9212854528773184,1.525316983805499,2.531138793123905,1.6594182192930094,0.699643574175777,-3.3151231683562608,86.68487683164373,86.68487683164373
1517,3.5808576908105785,2.587957040942682,5.32796113778495,2.058751769636872,0.6341191318435231,-24.788001500281087,65.21199849971892,65.21199849971892
1518,1.5622593457610967,1.2443242705693964,2.1960730656232794,1.764872001265689,0.6563664136125986,-59.87782617714291,30.122173822857093,30.122173822857093
1519,1.1816912584570125,0.8823322383814071,2.1184153234494265,2.40092703326306,0.4462480402507673,-1.4906379098457816,88.50936209015421,88.50936209015421
1520,1.833981655109284,1.6537148189997086,2.61454862625998,1.5810154182699143,0.4693662396992061,-63.08891620251998,26.911083797480018,26.911083797480018
1521,0.84641062903508,0.6245168227079629,1.5289888520296704,2.448274884573698,0.5061207822396029,49.28004718538031,-40.71995281461969,40.71995281461969
1522,0.8884066096615684,0.7431425721712539,1.164883563518058,1.5675102021333474,0.8780586830780395,-48.1797509969101,41.820249003089884,41.8202490030899
1523,1.0039085404212729,0.9478276726452354,1.2742626945346165,1.3444033459989126,0.6124365659574169,-86.1145803320205,3.885419667979505,3.885419667979505
1524,1.4367445664276617,1.224102927944274,1.7175774271775246,1.4031315406311284,0.9760320605005194,-3.782490267308559,86.21750973269144,86.21750973269144
1525,1.1128975557056655,1.096998219501603,1.4036277182847694,1.2795168609503091,0.6379531950797671,-77.74791048307438,12.252089516925622,12.252089516925622
1526,1.780226888597607,1.330089416353491,2.753695379324279,2.0703084660831883,0.5936066190319602,36.16226068643969,-53.83773931356031,53.83773931356031
1527,1.6455365541233553,1.462029802025642,2.031475150272811,1.389489562701255,0.6349418057247423,-68.038125651055,21.961874348945003,21.961874348945003
1528,0.9606427264386592,0.7611005762280671,1.3321418633095536,1.7502836089173732,0.7637043322871186,-56.77321497859247,33.22678502140752,33.22678502140753
1529,0.9917395023300404,0.6656702205816134,1.8832849754364809,2.8291561154575997,0.5172401484878817,-14.83431150650509,75.16568849349491,75.16568849349491
1530,0.9019708538191776,0.5592172365191144,1.6187887976864237,2.89474052653077,0.665153078059468,-45.49287636956502,44.50712363043499,44.50712363043498
1531,1.0159318257539256,0.901533075351245,1.4308457249557731,1.5871250474069445,0.6152987281928028,25.78612631765265,-64.21387368234736,64.21387368234736
1532,1.593045740590529,1.119201093311911,2.597732175534678,2.3210593619485627,0.4733385348381972,-68.47188089112582,21.528119108874193,21.52811910887418
1533,3.4284102221998127,2.900313716910064,4.436688959781786,1.5297272615420876,0.5800802967015087,-18.60966163672691,71.39033836327309,71.39033836327309
1534,1.1345092346885122,1.0505051694939278,1.4163632503204058,1.3482687105697224,0.6306848337372776,25.158698571551508,-64.84130142844849,64.84130142844849
1535,1.1345092346885122,0.7282569321182718,2.3543730897138038,3.2328879903218604,0.4302549504081053,-5.745074321088651,84.25492567891135,84.25492567891135
1536,1.3131044552792934,1.125009826789639,1.685386164784652,1.4981079495048677,0.6271329482453025,13.138657575080057,-76.86134242491994,76.86134242491994
1537,1.2850634067342854,1.2186181999319925,1.4767633381074643,1.21183430395991,0.7110719836621764,-39.10122442009638,50.89877557990363,50.89877557990362
1538,0.8535534614000618,0.7672441906572423,1.0414567272366784,1.357399299882008,0.8048060065926973,8.748285024515482,-81.25171497548452,81.25171497548452
1539,1.4660262135550917,1.237610433244417,1.855487065960268,1.4992496961229362,0.7819424977479622,8.858690334898105,-81.1413096651019,81.1413096651019
1540,0.8815462242933692,0.653439628565919,1.45159669320167,2.221470247201625,0.5879793545303407,87.60762919479177,-2.3923708052082304,2.3923708052082304
1541,1.717743205908703,1.3395698854279092,2.579693868370815,1.925762811207691,0.5752250676036352,44.64763542253766,-45.35236457746234,45.35236457746234
1542,1.0278144733504384,0.8336354369239577,1.582099021144243,1.8978308155685544,0.5873110473091041,-86.6821784451827,3.3178215548173,3.3178215548173
1543,2.108121538231362,1.880496056255624,2.6032644958360134,1.3843498832002554,0.6918354286930428,17.035614713469705,-72.9643852865303,72.9643852865303
1544,1.5348147620304609,1.476879364048849,1.656160239358893,1.1213916855189496,0.8683062579086221,69.31428885589858,-20.68571114410142,20.68571114410142
1545,0.9917395023300404,0.6989971599257686,1.5339038865988914,2.194435077192284,0.7154042482498525,55.58321017949128,-34.41678982050872,34.41678982050872
1546,1.0159318257539256,0.8070988758684241,1.3907113051662074,1.7230990486386524,0.7154833198177126,80.80132008599007,-9.19867991400993,9.19867991400993
1547,1.4409640896579887,1.1065552377487098,2.2700307988851813,2.051439206508629,0.5110219919376212,-25.073701464436198,64.9262985355638,64.9262985355638
1548,0.9855986414141252,0.7039428180765447,1.587818265093507,2.255606882149982,0.6639801049644879,-1.0414664392022388,88.95853356079776,88.95853356079776
1549,1.0337045758596148,0.8287334464395488,1.6878983816770692,2.0367204786155466,0.5409609138221909,74.22669228405972,-15.773307715940277,15.773307715940277
1550,3.2744280687021456,3.5186855624979807,4.982204507295132,1.4159277431309245,0.2601382878475751,-14.603485499711784,75.39651450028822,75.39651450028822
1551,1.0453852243082644,0.8412663006269845,1.4850462025043265,1.7652510285952754,0.7150219126676719,7.374624309601601,-82.6253756903984,82.6253756903984
1552,0.9219431092603804,0.8733837577860457,1.039672667739486,1.190396155723079,0.9690971105654888,27.33352345979436,-62.666476540205636,62.666476540205636
1553,1.0511768765181757,0.9692805881163864,1.3646962620882197,1.407947583826319,0.6682565184054633,52.07028239914502,-37.92971760085498,37.92971760085498
1554,2.18449662396525,2.0846864473550952,2.3567678351266603,1.1305142977816942,0.8046407412038556,-71.73336409936219,18.266635900637823,18.26663590063781
1555,1.2563966762852905,0.7227811198536698,2.967156577494478,4.105193807629054,0.3424121398405175,72.08691830725279,-17.913081692747213,17.913081692747213
1556,1.9244428674196767,1.4932283519902252,2.69397254970181,1.804126305337822,0.6569257417962259,-69.15990032526234,20.840099674737644,20.840099674737658
1557,1.0453852243082644,0.7414101603596347,2.0675774093178148,2.788709300011343,0.442213620393849,22.44447812396834,-67.55552187603166,67.55552187603166
1558,0.8884066096615684,0.5475682120200963,1.8940317052620328,3.458987690820372,0.4267631967536581,41.94779143530902,-48.05220856469098,48.05220856469098
1559,1.1557168501373432,0.9142897755670388,1.5944995936202937,1.743976183733862,0.7363517289901669,43.15269870113252,-46.84730129886748,46.84730129886748
1560,0.9669420905017878,0.819844176237092,1.3753971314385056,1.6776323736923788,0.665983032919115,-87.75001568990749,2.2499843100925148,2.2499843100925148
1561,1.5308539431383232,0.9605029639730144,2.755009392357468,2.868298689013593,0.4838250938535794,-53.81076140967936,36.189238590320656,36.18923859032064
1562,1.4824989352200384,1.2171633158857245,1.9145487563675785,1.5729596278329911,0.7818055713457217,67.46950064612592,-22.530499353874077,22.530499353874077
1563,1.1816912584570125,0.8656556101254052,1.9133507642138152,2.210290953854771,0.5676518641551226,48.46551753176275,-41.53448246823725,41.53448246823725
1564,1.0511768765181757,0.9294608187587248,1.335221831317445,1.4365552634059446,0.7454364765843533,70.90299603818836,-19.097003961811637,19.097003961811637
1565,1.0278144733504384,0.8441598073883594,1.4211165427702932,1.6834686161698555,0.7099485062595479,43.15075080728364,-46.84924919271636,46.84924919271636
1566,1.0039085404212729,0.915155200962344,1.173664659434836,1.2824760851499866,0.802960703101323,0.9308521368342226,-89.06914786316578,89.06914786316578
1567,0.8815462242933692,0.6327711321934673,1.3373599377510552,2.1134970761310945,0.7621212933516819,33.0134473411945,-56.9865526588055,56.9865526588055
1568,1.021890421280174,0.8048116804207387,1.4389181698874896,1.7878942427068818,0.737735377501794,-75.92074875958454,14.07925124041546,14.07925124041546
1569,0.9479184199131095,0.8768579396379909,1.3377508470566275,1.5256186738856643,0.4886193974565483,-79.80692270020958,10.193077299790417,10.193077299790417
1570,1.2515550525870838,1.114655462546049,1.4862178894944622,1.3333428484705991,0.897811633884252,-74.32820333656541,15.671796663434577,15.671796663434591
1571,1.0337045758596148,0.8701963594382476,1.317117039619511,1.513586014620622,0.8736338935706445,79.58119916518052,-10.418800834819478,10.418800834819478
1572,1.3450803768346336,0.9350068530883128,2.11851837345546,2.2657784447868243,0.69702839970132,-79.28272423211334,10.717275767886662,10.717275767886662
1573,0.9669420905017878,0.9324927404549712,1.1063320143545743,1.186424265152762,0.7929189942656305,-33.03523001177222,56.96476998822777,56.96476998822778
1574,1.4906670352488116,0.9654537191544634,2.6990802657096507,2.795659918399282,0.4691144033938492,-87.15816814979907,2.841831850200947,2.8418318502009328
1575,1.6418428647199157,1.1801305751441555,3.0361483651806016,2.572722399646098,0.3831326540549967,68.8693540411126,-21.1306459588874,21.1306459588874
1576,1.833981655109284,1.467557813329333,2.378743954463605,1.6208860276973596,0.7521226908927828,56.381829768820914,-33.618170231179086,33.618170231179086
1577,1.3131044552792934,1.1240995103565998,1.862453668216222,1.6568405653209413,0.4944531044572838,67.58411472643292,-22.415885273567085,22.415885273567085
1578,1.1557168501373432,0.8905752678970367,1.857590746272055,2.0858323975900253,0.5929936405216785,89.46000976932659,-0.5399902306734106,0.5399902306734106
1579,1.096409273000846,1.078392376697724,1.2074274070895596,1.119654991244439,0.8481451628226286,-28.16754802300056,61.83245197699944,61.83245197699944
1580,1.5622593457610967,1.2663235097928092,2.039567247831006,1.610621008027176,0.7958549210018782,-9.927509869715635,80.07249013028436,80.07249013028436
1581,0.9350209696908578,0.7864564945249051,1.1949774844292982,1.51944512220117,0.8526029830652666,-0.4500443787060839,89.54995562129392,89.54995562129392
1582,1.3314704444981866,0.8667414109821039,2.2763432588793537,2.626323410923716,0.4942621881621674,30.18685383835901,-59.81314616164099,59.81314616164099
1583,1.1345092346885122,0.8971028377946406,1.6809080992329413,1.873707258986204,0.6568898425630534,-2.950990337510523,87.04900966248948,87.04900966248948
1584,1.1237553499514827,0.8917827207396758,1.467271113910053,1.6453235522359606,0.9520653920957776,84.38835381841669,-5.6116461815833105,5.6116461815833105
1585,4.693250596695572,4.13385370927978,5.5789458681212825,1.3495750600940528,0.6566553989983541,63.20747448827081,-26.79252551172919,26.79252551172919
1586,0.9855986414141252,0.944613460031071,1.1585353127539193,1.226464963473855,0.725215569213787,-72.36581467123418,17.634185328765824,17.634185328765824
1587,0.8952144227026446,0.8646706937782033,1.0721962360291648,1.2400052918923072,0.7192753388394207,53.54475648300797,-36.45524351699203,36.45524351699203
1588,1.9711972828282505,1.974697025467866,2.1313996031745432,1.079355250798309,0.6082057975277455,23.68348038484422,-66.31651961515578,66.31651961515578
1589,2.260977031904715,1.6261412412229823,3.574210427079657,2.197970469275828,0.5245862804043775,-78.31748834576575,11.682511654234247,11.682511654234247
1590,1.3495865213724043,1.2535636293523793,1.730371127374014,1.3803616241386685,0.6423910573539311,-50.84724832066345,39.152751679336546,39.15275167933655
1591,2.942387504722152,2.112288390815477,4.687180051723361,2.2190057343040235,0.4502637716014192,-42.33696825513889,47.663031744861115,47.66303174486111
1592,0.9917395023300404,0.9279182272764452,1.150966374930278,1.2403747885290568,0.8169948012655972,30.381704725336228,-59.61829527466377,59.61829527466377
1593,1.085277926096956,1.0915937794510615,1.2098232644705935,1.1083090497996304,0.7962522950268769,10.65973205121612,-79.34026794878388,79.34026794878388
1594,1.2612197138901655,1.1430262998034992,1.516995175997533,1.3271743408339107,0.7828002212608421,-84.72449506045521,5.275504939544788,5.275504939544788
1595,1.5108941070107518,1.1610914978161389,2.211884022423701,1.905004064351488,0.6416603414246739,-25.992465052693664,64.00753494730634,64.00753494730634
1596,1.2171245375823248,0.8976348883642021,1.9227652525191925,2.1420348935223856,0.6695571596025496,47.43503303779023,-42.56496696220977,42.56496696220977
1597,1.1661760393441107,1.17193753908067,1.3698124127443112,1.1688442148707556,0.6552444816726164,38.50352253160944,-51.49647746839056,51.49647746839056
1598,0.8746320295080829,0.8251459790892461,0.9705024458388956,1.1761584864172598,1.0905015164301193,-75.72844661005198,14.271553389948025,14.271553389948025
1599,4.5925618294149695,3.2022142931908664,6.894847544934045,2.153149949894088,0.5520413332833835,45.918793499472194,-44.081206500527806,44.081206500527806
1600,2.223065747893686,2.375830707775735,2.666761603739276,1.1224543882741171,0.5516338657863851,34.14036719430492,-55.85963280569508,55.85963280569508
1601,0.973200680696656,0.9406624043202274,1.1100781968995468,1.18010265085671,0.8032166435418074,-0.7445781309032772,89.25542186909672,89.25542186909672
1602,1.8106603219837007,1.366870030471103,2.5530905694199992,1.8678371114333787,0.7366851598887316,69.09339346682974,-20.90660653317026,20.90660653317026
1603,2.60531959943058,1.707162106385628,5.0700433585273,2.969866387944553,0.4083620221990144,51.79101261149719,-38.20898738850281,38.20898738850281
1604,1.2221025728266244,1.105851639474805,1.4330938557306423,1.295918733195759,0.9282997020858768,77.24721612500376,-12.75278387499624,12.75278387499624
1605,1.1237553499514827,1.0470165035448418,1.473719689591247,1.4075419867802783,0.5536088631869207,-75.26029195267459,14.739708047325394,14.739708047325408
1606,0.9543017810603904,0.8174063122945637,1.2558749189764316,1.5364145102464777,0.725889115004969,27.27568116880792,-62.72431883119208,62.72431883119208
1607,0.771352946256698,0.5343258838885862,1.5494648621998104,2.899849902317092,0.4639675442399691,28.723609027317373,-61.27639097268263,61.27639097268263
1608,3.956230268581205,3.2336684769895605,5.496938717695467,1.69990793948455,0.5673603669894939,15.348073109535228,-74.65192689046478,74.65192689046478
1609,1.626984252638553,1.5253592452991267,2.6018489855464075,1.705728662650993,0.3822078210313266,25.178783397126985,-64.82121660287302,64.82121660287302
1610,2.340148263365949,2.0621191919682498,3.0816135476795834,1.494391575269831,0.5960207372812071,-73.70949024052005,16.29050975947996,16.290509759479946
1611,2.0198761507134417,2.182096833964801,2.3701344371973407,1.0861728958613086,0.3972591742031746,81.81896592878797,-8.181034071212025,8.181034071212025
1612,1.6820273886595418,1.1664359564371058,2.599530051283592,2.228609326502495,0.6257893742240651,-71.85467043897454,18.14532956102545,18.145329561025463
1613,1.626984252638553,1.468139364256312,1.9526193636210416,1.329995919433809,0.7499739678265152,-71.20767046330427,18.792329536695718,18.792329536695732
1614,1.2466946262544771,0.998488868974103,2.323772307387624,2.3272891462227148,0.4028057227420598,73.14834445660308,-16.851655543396916,16.851655543396916
1615,1.3495865213724043,1.0711539532130885,1.767966990433504,1.6505255711657691,0.794936398225064,64.14256233711606,-25.85743766288394,25.85743766288394
1616,2.285016447538367,1.5736191874001326,4.640509024843385,2.9489402912722733,0.3318768587778252,1.5580989993437937,-88.4419010006562,88.4419010006562
1617,1.0908577979726677,0.9354202494493236,1.7395995840813476,1.8596984458113237,0.3984844167102186,16.501263145865778,-73.49873685413422,73.49873685413422
1618,9.344363988492905,4.723800240632551,19.73577418747244,4.177944278361287,0.3679116734860528,-80.17634958866209,9.823650411337894,9.823650411337908
1619,1.1128975557056655,0.9173550699723576,1.4085470931443622,1.535443733021289,0.9588488399325652,12.788435579871694,-77.21156442012831,77.21156442012831
1620,1.139848131163964,0.8166931994965045,2.0322656579797203,2.488407714466855,0.5339251777453655,-1.2744679483907204,88.72553205160928,88.72553205160928
1621,5.719445136104935,4.534626715083308,7.984557833775481,1.7607971582791666,0.3507273868362311,62.24784391408157,-27.75215608591843,27.75215608591843
1622,1.085277926096956,0.8665792490334535,1.5456778253534105,1.7836543248380288,0.7244197569444071,19.29190196410553,-70.70809803589447,70.70809803589447
1623,1.380717816333713,1.263635555869787,1.7506054496103003,1.3853721047009648,0.5848457605574191,-84.840509424374,5.159490575625995,5.159490575625995
1624,1.4493662838402204,1.2960196409208105,1.7835241831756898,1.3761552115896267,0.5928847697143186,55.11170901516385,-34.88829098483615,34.88829098483615
1625,1.5583682828180965,1.4148212091904244,1.8196795386643785,1.2861551175823964,0.6965983415623014,36.25408664952742,-53.74591335047258,53.74591335047258
1626,3.225859986959805,2.04870012645184,5.532005463048422,2.7002514382763017,0.5308843637572455,60.67224664641831,-29.32775335358169,29.32775335358169
1627,3.145820274179804,2.153970716625113,5.244552016122814,2.4348297660889693,0.4940205744918738,-30.108014952039948,59.89198504796005,59.89198504796005
1628,2.45659349235077,2.8737866521669044,3.259367363376194,1.13417165498996,0.3504057228989773,-30.038126618285894,59.9618733817141,59.961873381714106
1629,1.2221025728266244,1.196796113216235,1.3816637847232824,1.1544688100717837,0.7147481393930185,64.7199357636057,-25.280064236394296,25.280064236394296
1630,1.3360224934845466,1.3665451121957677,1.6335363993461094,1.1953768556687747,0.533068955773037,-79.49709190417819,10.502908095821795,10.502908095821809
1631,1.876523906614425,1.6003234237420327,2.4311256380023365,1.5191464437342552,0.5602722575546345,55.66443461982112,-34.33556538017888,34.33556538017888
1632,1.3630155737347494,0.9424348232530276,2.05384913406028,2.1793009801685312,0.7738833806033664,11.818259338380688,-78.18174066161932,78.18174066161932
1633,0.9019708538191776,0.7671521396852077,1.138198893288805,1.4836677555978035,0.9275643772555392,-48.44906666389732,41.55093333610267,41.55093333610268
1634,1.989591435188712,1.6797009947152262,2.500337926395828,1.4885613179146393,0.7529634097861788,-30.351490759534823,59.648509240465174,59.648509240465174
1635,2.2148574771042746,1.8282827550184808,2.9134942777478203,1.593568757212486,0.5509728477271244,23.63045214828789,-66.36954785171211,66.36954785171211
1636,3.013740827659439,2.266158449724467,4.373271705776046,1.9298172668851885,0.6141589496149803,-71.59327343513317,18.40672656486683,18.40672656486683
1637,0.9350209696908578,0.8767269013880743,1.034037430143713,1.1794293394061222,1.1403294390474672,-55.03373605454834,34.96626394545166,34.96626394545166
1638,6.452660937969523,5.592869886238591,7.992248129262111,1.429006626620665,0.5739277231288636,61.56430674578536,-28.43569325421464,28.43569325421464
1639,1.2171245375823248,1.1571136272567588,1.3832231478211954,1.195408225465712,0.8305781381969121,-72.29517630379394,17.704823696206063,17.704823696206063
1640,1.340559085464394,1.0298784064049769,1.8443153241916528,1.7908088107504376,0.7732772501883853,-28.05057217923272,61.94942782076728,61.94942782076728
1641,1.626984252638553,1.463515226926717,1.9003326458286067,1.2984713864707624,0.8223540941186032,-68.47461067810367,21.52538932189634,21.525389321896327
1642,6.300319342420906,4.532876218406277,11.83272493539082,2.610423132081712,0.3100260273356066,-3.212481886014279,86.78751811398573,86.78751811398573
1643,1.5738748168108194,1.2973767851477294,2.093123620426947,1.613350604380213,0.6742249467067727,-53.40845940663673,36.59154059336328,36.59154059336327
1644,1.176542252445381,1.138833340516294,1.2475822899232605,1.0954915399277516,1.0371058171592868,30.119199885831865,-59.88080011416814,59.88080011416814
1645,3.5382167597146434,2.806122423263448,4.981779547509089,1.7753250913819394,0.6152984437244142,-58.08021584111714,31.919784158882862,31.919784158882862
1646,1.4282681233264556,1.3215620987271424,1.6351353383371965,1.2372746917546067,0.7630986482801344,-50.23029825961701,39.769701740383,39.76970174038299
1647,2.9216807906922995,2.127496435353656,4.333368064307861,2.036839165649423,0.6263716961618859,33.83374927616278,-56.16625072383722,56.16625072383722
1648,1.6999790965841823,1.463324547535725,2.112676657894608,1.4437512590439403,0.7312484818741557,37.72960070838489,-52.27039929161511,52.27039929161511
1649,1.0099380753567209,0.923667934905559,1.1889665187184868,1.287222900987738,0.866639134002324,-32.34531346791489,57.65468653208511,57.65468653208511
1650,1.663882010113248,1.634016734892591,3.069103744165145,1.8782572287222548,0.3219987977550114,31.715156552512447,-58.28484344748755,58.28484344748755
1651,1.1557168501373432,0.8587948018167477,1.849036561113768,2.153059796359039,0.6187875995869706,24.56349021531293,-65.43650978468708,65.43650978468708
1652,1.4865885952249918,0.9387327031547876,2.7125659699692,2.889604208794593,0.561364792363459,-85.65666828845336,4.343331711546625,4.343331711546639
1653,1.6418428647199157,1.2330641021878572,2.515632698431151,2.0401475429927767,0.5992731588762907,3.0489845464656957,-86.95101545353431,86.95101545353431
1654,1.0908577979726677,0.9368588679259922,1.5448769087803784,1.648996408819196,0.5057045109236024,80.24069592705143,-9.759304072948566,9.759304072948566
1655,1.186817925731738,0.8275925898538428,1.9638475011118988,2.3729640951216404,0.5710929306400562,48.58303762650871,-41.41696237349129,41.41696237349129
1656,1.7938166040551036,1.4900840355576954,2.302615099109975,1.5452921071315102,0.8237606255951933,-53.50648270096431,36.49351729903569,36.49351729903569
1657,2.563030269375824,2.200332997581466,3.17416120819356,1.442582196277788,0.7273640197623342,83.85648821958,-6.143511780419999,6.143511780419999
1658,2.016868142863207,1.528338254028405,3.1464153708549194,2.0587166241253043,0.5393138374840155,-48.24475400693242,41.755245993067575,41.75524599306758
1659,1.1345092346885122,0.9781473216018568,1.4500390386372262,1.482434196377064,0.7409067147404302,-4.805790107472422,85.19420989252758,85.19420989252758
1660,0.979419278671245,0.8347073224129383,1.2029046953061384,1.4411095518233026,0.9741583546103612,-74.61130558112073,15.388694418879254,15.388694418879268
1661,0.8815462242933692,0.7849170378370953,1.1403696444260574,1.4528537277881513,0.757869318280237,-31.946228626332346,58.05377137366766,58.05377137366766
1662,1.6784140066373283,1.4002620068012883,2.2270907102135378,1.5904814237594216,0.6778420942705977,-29.999819817048564,60.00018018295144,60.00018018295144
1663,1.847175937850875,1.6973370210136205,2.6998974835414367,1.5906667032626818,0.4283153303297224,-18.949203927860086,71.05079607213992,71.05079607213992
1664,2.0108386281965918,1.4527469952644927,3.5796732039793886,2.464072006789909,0.3269802766712901,39.75701588174045,-50.24298411825955,50.24298411825955
1665,2.642341982327153,2.068362659392034,4.057081105407128,1.9614940769621363,0.4096530147633461,-65.9935744628442,24.006425537155792,24.006425537155806
1666,2.090770448616529,1.917687905773771,2.4846017601660035,1.295623627121686,0.5762170465150949,78.58810278023935,-11.411897219760647,11.411897219760647
1667,1.626984252638553,1.285154517548362,2.434380788334951,1.894231981519952,0.5486799513146997,25.752725799479308,-64.24727420052069,64.24727420052069
1668,0.9606427264386592,0.9320003440234118,1.0324365762215344,1.1077641578591515,0.9829917020720784,-41.349949346221976,48.65005065377801,48.650050653778024
1669,1.4824989352200384,1.3140346809731134,1.9238905954010708,1.464109451035437,0.5664686149364621,-84.62801726802351,5.3719827319764875,5.3719827319764875
1670,2.18449662396525,1.703101068352691,2.977033738786758,1.7480076750032614,0.6099863124321215,46.87281570225338,-43.12718429774662,43.12718429774662
1671,0.9086770491564996,0.8690426102382696,1.2076288033256346,1.3896082759331367,0.5634270112125531,64.66419063027945,-25.33580936972055,25.33580936972055
1672,1.1451621372724683,1.041880576155954,1.3599437518374258,1.30527795887603,0.8739505735723867,-38.15321527667569,51.846784723324305,51.84678472332431
1673,0.979419278671245,0.9288463104054472,1.5621603339446062,1.6818286474785191,0.454850284454813,-43.69424334641697,46.305756653583046,46.30575665358303
1674,1.0159318257539256,0.8457754488814526,1.3184066950299018,1.5588140998577211,0.8633958675021712,66.1200535651904,-23.879946434809597,23.879946434809597
1675,3.145820274179804,2.7044861157362914,4.726613523807394,1.747693765667783,0.3965992919190504,54.32505691671462,-35.67494308328538,35.67494308328538
1676,1.3314704444981866,1.282376495180731,1.5747965009969132,1.2280297610842985,0.7549255409375929,-76.13346467511501,13.866535324884978,13.866535324884993
1677,1.2515550525870838,0.9103882636709932,1.9814219787203735,2.1764581748128102,0.5390394131632482,57.9797679164641,-32.0202320835359,32.0202320835359
1678,1.1074287385521373,0.7554867972381425,1.7930658727016775,2.3733914070459554,0.6611280837526359,18.981551910397744,-71.01844808960226,71.01844808960226
1679,1.2020667470700563,0.6951766543739439,2.8133996961126453,4.047028447245991,0.3151703315176389,-43.99805011858556,46.00194988141445,46.00194988141444
1680,1.0039085404212729,0.7473903304337569,1.6513165657369024,2.2094433102694024,0.5484734612001181,-85.52893119401205,4.471068805987954,4.471068805987954
1681,1.5700125414998518,1.0363456400793245,2.61677474091046,2.525001929578404,0.5663769092068581,8.099576602054116,-81.90042339794589,81.90042339794589
1682,1.797197976714934,1.6074523376920271,2.1218380550356057,1.320000602992765,0.7809154910481793,-13.797254584569895,76.2027454154301,76.2027454154301
1683,1.380717816333713,1.244417376411845,1.908510118922687,1.5336575614410723,0.558615100475839,24.317448764234054,-65.68255123576594,65.68255123576594
1684,1.2612197138901655,1.106605730534728,1.7239196587246672,1.557844506996764,0.5944700141538001,88.93031174333639,-1.0696882566636106,1.0696882566636106
1685,2.2339631943154266,2.14237753993405,4.7266239518242585,2.206251635726988,0.2640218055872994,-18.427224751568986,71.57277524843101,71.57277524843101
1686,0.8884066096615684,0.6826052905241669,1.2628273545152764,1.8500110855360672,0.8069736714150355,-48.11705628238912,41.882943717610885,41.88294371761088
1687,1.380717816333713,1.1482463338585709,2.6746153273899256,2.3293044780749605,0.3388113821688201,-83.38387491185316,6.616125088146845,6.616125088146845
1688,2.181715595945335,1.338144980879122,3.9419459389109215,2.945828736973761,0.480504311242824,-66.08894949796617,23.911050502033845,23.91105050203383
1689,1.1345092346885122,1.0439949269758106,1.362324832322,1.304915184088404,0.8181419304272696,27.9108468106516,-62.0891531893484,62.0891531893484
1690,0.9350209696908578,0.906059164033568,1.0539620343461535,1.1632375414141345,1.0089385590002036,23.359878003630488,-66.64012199636952,66.64012199636952
1691,1.9054199009183423,1.8315359107014253,2.087511556525848,1.1397601020699568,0.7856586222045868,-62.835278277008975,27.164721722991032,27.164721722991025
1692,1.3585539723246187,1.0602123331668014,1.8221530220598847,1.7186680111682953,0.7202325189558183,27.46688058861664,-62.53311941138336,62.53311941138336
1693,5.284683964654307,3.648806847923821,8.021027193255858,2.198260288241851,0.5058206318732457,-23.456082761183065,66.54391723881693,66.54391723881693
1694,1.0278144733504384,0.9574711230624297,1.2555055048427666,1.3112724494782535,0.6654769977884678,45.07355475765991,-44.92644524234009,44.92644524234009
1695,1.626984252638553,1.461798514085399,1.9447941525407493,1.3304119095767075,0.7035986833670471,86.9216420553211,-3.078357944678899,3.078357944678899
1696,0.9978425722559162,0.8140792243125172,1.4333157149876596,1.7606587567666798,0.5924158078890646,-30.53009465335869,59.46990534664131,59.46990534664131
1697,1.0683634687220958,0.9673191055235152,1.4986007558860823,1.5492310110788483,0.6875252423820828,-64.0527805258973,25.947219474102695,25.947219474102695
1698,1.6232483481616002,1.5298149321042604,1.8648336885088013,1.218992996717402,0.7122149716344964,8.083340347152753,-81.91665965284724,81.91665965284724
1699,1.367462618417021,1.0772848481661723,2.028556608181572,1.8830271414609785,0.5754722249836717,-13.198602621705314,76.80139737829468,76.80139737829468
1700,1.0099380753567209,0.9788642722115218,1.104334231347396,1.1281791180838618,0.8429020554554802,44.39081447357887,-45.60918552642113,45.60918552642113
1701,0.8884066096615684,0.8453229889913647,1.0163615341209635,1.2023351397714632,0.8983843239564296,46.11803295121984,-43.88196704878016,43.88196704878016
1702,2.730481813530866,2.09137422256786,3.892453741019179,1.8611942803043129,0.4864178201384866,-69.08608511775482,20.913914882245194,20.91391488224518
1703,4.544721339105244,3.8068291637978384,5.550357250802513,1.4580000866824463,0.8122893101860912,-40.24220738370974,49.75779261629026,49.75779261629026
1704,3.1727245415861804,2.4331089686901843,4.651958834628343,1.911940194414158,0.4528372183719297,-37.798292117336,52.20170788266401,52.201707882664
1705,1.2221025728266244,1.1467890397557483,1.4292909230481363,1.246341631720301,0.810640233222729,13.175636273760238,-76.82436372623977,76.82436372623977
1706,1.2466946262544771,0.9640271952004924,1.8210625149634128,1.8890157083013408,0.6513200443777468,77.96573156325222,-12.03426843674778,12.03426843674778
1707,1.0337045758596148,0.8883753071030339,1.2845316477597817,1.4459335344974886,0.8343926415003358,5.08380004622716,-84.91619995377285,84.91619995377285
1708,1.2171245375823248,0.7434823136876536,2.733939651458768,3.6772087259191086,0.3522601861096028,-15.476362415012794,74.5236375849872,74.5236375849872
1709,2.125330979189304,1.372506863499196,3.925751505725097,2.8602782325739518,0.4885470176228609,29.245435121676373,-60.75456487832363,60.75456487832363
1710,0.9479184199131095,0.9129299584618424,1.1031321858490517,1.2083426287244128,0.8371379246290935,18.70433197461668,-71.29566802538332,71.29566802538332
1711,1.096409273000846,1.097006256623945,1.267999803662213,1.1558729004559225,0.6763215377301588,-89.70221561369706,0.29778438630293635,0.29778438630293635
1712,1.895836839826219,1.541996402911657,2.4026961425109112,1.558172339425726,0.7493808547643539,83.83236383141663,-6.167636168583371,6.167636168583371
1713,1.2369164782162358,0.9633025679411752,1.7882160890905747,1.856338962027737,0.5748567765853628,-87.16110742236322,2.838892577636784,2.838892577636784
1714,1.0511768765181757,0.8142647649625492,1.7351563589028784,2.130948597515065,0.4295221056243606,-8.943586586399816,81.05641341360018,81.05641341360018
1715,1.45354916781555,1.3664901176678952,1.691021181826481,1.2374924340561226,0.7472137620355994,-37.67286325330099,52.32713674669901,52.32713674669901
1716,0.979419278671245,0.8928677655678637,1.1868051738214334,1.3292059805369112,0.8797096893304108,-26.227720013867057,63.77227998613294,63.77227998613294
1717,1.139848131163964,1.015457941398829,1.4157679260267553,1.394216213501157,0.7870073193840688,37.95238242865228,-52.04761757134772,52.04761757134772
1718,1.085277926096956,0.9425364113320912,1.2815453770911114,1.3596773150438797,1.031804131835962,74.85776568751508,-15.142234312484916,15.142234312484916
1719,2.567763477967868,1.9589322963593885,3.84735334123911,1.964005263678224,0.4212737806107622,-62.725274602161406,27.27472539783861,27.274725397838594
1720,0.8746320295080829,0.7970982464876653,1.0370217636324195,1.3009961672879768,1.0314165706957357,15.718816752226594,-74.28118324777341,74.28118324777341
1721,1.2944779165271465,1.0651660187018084,1.784713827320529,1.6755264399963523,0.681398296690438,-47.64229128426672,42.35770871573328,42.35770871573328
1722,3.0056718953012043,2.222729572129148,4.8771901528686135,2.194234608664861,0.450363663221803,-15.654796815259909,74.34520318474009,74.34520318474009
1723,1.0511768765181757,0.8026303932916704,1.6034525251387357,1.997747080773768,0.6682565184054633,-14.620168002464402,75.3798319975356,75.3798319975356
1724,1.2171245375823248,0.7929309483509523,2.1022711541331005,2.651266366264509,0.6117941998069395,-7.221285788784373,82.77871421121563,82.77871421121563
1725,1.7142051110999064,1.5857559383546265,1.97789402095293,1.247287790708313,0.7757043098444887,7.698456768263957,-82.30154323173605,82.30154323173605
1726,0.9153341128725788,0.8241466545034967,1.190512241578586,1.44453931235795,0.7899799757003529,-54.38977035553268,35.610229644467324,35.61022964446732
1727,1.5387653857138477,1.1948980563637304,2.3756099649111846,1.988127733792248,0.5424550556726258,89.45595035379124,-0.5440496462087623,0.5440496462087623
1728,1.0039085404212729,0.8550771419525202,1.2840255908242837,1.501648831229758,0.919701626848228,-15.29876046183568,74.70123953816432,74.70123953816432
1729,2.139566442932797,1.6509293580107018,5.446932811332808,3.2993130716968566,0.2615635711837473,27.675091389213566,-62.32490861078644,62.32490861078644
1730,2.2066186730632262,1.942345660682443,2.5422890431893266,1.3088757035635423,0.9301213270558176,70.77282098203263,-19.227179017967373,19.227179017967373
1731,1.2171245375823248,1.1350002716808734,1.480430674125592,1.3043438940619416,0.7139949239883653,-47.604219101196215,42.39578089880379,42.395780898803785
1732,1.2612197138901655,1.148125593782536,1.4619252734221175,1.2733147674251897,0.914915076359476,12.943982207190889,-77.05601779280912,77.05601779280912
1733,1.0278144733504384,0.8748926834392512,1.3235860212629365,1.5128552865019365,0.843201007487709,-24.699606688685336,65.30039331131466,65.30039331131466
1734,1.0569367929308613,0.8350671246743798,1.6541871489669755,1.980903211358006,0.6024356526445943,88.04763959955518,-1.9523604004448174,1.9523604004448174
1735,2.4541208259039915,1.7657219928995669,3.7283521236992496,2.111517067064881,0.6035182720857069,-16.793933212470506,73.2060667875295,73.2060667875295
1736,1.5387653857138477,1.3859202002987208,1.8537141049567447,1.3375330733740631,0.7173562524046752,69.99132927256495,-20.008670727435046,20.008670727435046
1737,1.7142051110999064,1.3378954261071323,4.626797561038722,3.458265474829592,0.1996009761983474,5.879389450572483,-84.12061054942751,84.12061054942751
1738,0.9479184199131095,0.9627447058058004,1.135222777699035,1.1791524490896816,0.72649686040968,86.06972619123256,-3.9302738087674385,3.9302738087674385
1739,1.3084726790995154,1.0929581347269943,1.7017775168723996,1.5570381543456644,0.7217623923436155,-80.69376793929389,9.306232060706122,9.306232060706108
1740,2.9813340704976232,2.3805714288791924,4.433007770284785,1.862161209072357,0.5409192760743212,83.19114427633495,-6.808855723665047,6.808855723665047
1741,1.0039085404212729,0.7053974645955088,1.484555072124781,2.104565364402124,0.8694257415955993,63.41085134668489,-26.589148653315107,26.589148653315107
1742,1.1557168501373432,0.8899324124466463,1.568552717728514,1.7625526340996738,0.8598917398079625,-71.46747924006168,18.532520759938336,18.532520759938322
1743,0.8815462242933692,0.8118939181251807,1.1983139675539876,1.4759489396362582,0.6621545228569992,-32.166021184598776,57.833978815401224,57.833978815401224
1744,1.2850634067342854,1.141753497496062,1.5065676939406456,1.3195209800054426,0.885174037108599,68.70666821642499,-21.293331783575013,21.293331783575013
1745,1.663882010113248,1.4316236904889958,1.9601777923995831,1.3691990468040176,0.9686936331257722,16.32991870693598,-73.67008129306402,73.67008129306402
1746,2.0078170808425457,2.451808565731237,3.155161116589695,1.2868709085567156,0.2770103661583464,21.457343550861196,-68.5426564491388,68.5426564491388
1747,5.385960667787311,3.095046812535089,12.512857324831357,4.042865288548684,0.2814295640285318,-25.8883771812688,64.1116228187312,64.1116228187312
1748,1.380717816333713,1.3855170319254273,1.65263072737478,1.1927899039091203,0.6353446278877065,39.47729090821933,-50.52270909178067,50.52270909178067
1749,1.1183396299962336,1.075250514127246,1.3666569800190065,1.2710126264187724,0.6326942874083155,71.9745634365416,-18.0254365634584,18.0254365634584
1750,1.6784140066373283,1.5517273245527687,1.9820012974168648,1.277287101964327,0.7653004015281061,-37.41309495721667,52.58690504278333,52.58690504278333
1751,2.0644704023279083,2.005525224335216,4.918345942702907,2.4523979469434107,0.2245143035858519,7.660135652054637,-82.33986434794537,82.33986434794537
1752,2.401606816096648,1.7321377451353803,3.565265293125388,2.058303563407848,0.6776959960104337,46.07899842244504,-43.92100157755496,43.92100157755496
1753,1.1237553499514827,1.0605185249934173,1.2333374432307225,1.1629570009051733,0.94991052810468,37.017359242230334,-52.982640757769666,52.982640757769666
1754,1.171370613113025,0.935644246322634,1.7395096175535054,1.859157072135383,0.6012945406015596,-21.95694721692394,68.04305278307606,68.04305278307606
1755,0.979419278671245,0.7987496297838385,1.341708630899901,1.6797611928321023,0.7879127420325398,33.15680653656198,-56.84319346343802,56.84319346343802
1756,2.5416217529397453,2.060403429698693,3.420672400031389,1.6601954504276948,0.6524093605022637,57.076554495449926,-32.923445504550074,32.923445504550074
1757,1.2612197138901655,1.3943273706834352,1.447073342521868,1.0378289725551175,0.5376078905996926,63.453304572170346,-26.546695427829654,26.546695427829654
1758,1.2418151765086958,1.026630933698336,1.9171909818085455,1.8674588100536336,0.511496682859919,-21.757370198028852,68.24262980197115,68.24262980197115
1759,0.9978425722559162,0.8500156455766464,1.295902594280148,1.5245632254227677,0.7309256979039812,11.45209148838463,-78.54790851161538,78.54790851161538
1760,1.0740312192037882,0.9763238077792992,1.3407599700741486,1.3732738660995871,0.7891252095495709,-17.482382882197527,72.51761711780247,72.51761711780247
1761,1.2755794143363215,1.2642547547194052,1.382161809826974,1.0932621013821997,0.8162447531266618,78.49249569361751,-11.507504306382486,11.507504306382486
1762,0.9978425722559162,0.8369812532504572,1.2653437221047636,1.5117945798555703,0.9072733221638518,71.35021335735844,-18.64978664264156,18.64978664264156
1763,1.0683634687220958,0.7288645761543844,1.7756734021468985,2.436218551758488,0.5562564738386547,25.67433945464579,-64.32566054535421,64.32566054535421
1764,1.2803301921000927,1.2047955455407255,1.7721080327612933,1.470878639384371,0.5048902307834696,1.1023689232564762,-88.89763107674352,88.89763107674352
1765,2.8416195063327234,1.806625599729568,4.904893069602456,2.7149471757383847,0.4846807277094785,-50.65243754015745,39.34756245984255,39.34756245984255
1766,4.604444286091383,3.4814434004685446,7.041748858663288,2.0226521154172965,0.5002519154519873,-60.34160449197104,29.658395508028946,29.65839550802896
1767,0.928505064734256,0.8459163065616133,1.0509939874905116,1.242432589770583,1.0380052061344731,-86.9716949581181,3.028305041881879,3.028305041881893
1768,1.1345092346885122,0.9808144771281504,1.3687848486122678,1.3955593851144044,0.8480972743041019,-23.94675514637825,66.05324485362175,66.05324485362175
1769,1.4240109808516253,1.2086589717029668,1.7252784203036104,1.4274319396088553,0.920637651305271,44.648193875834885,-45.351806124165115,45.351806124165115
1770,1.6344304437273447,1.296457640752381,2.3517592081323198,1.8139884668869772,0.6119823647152566,16.310348662124902,-73.68965133787509,73.68965133787509
1771,1.398195952804615,1.0916249523193544,2.052168456617056,1.879920802705044,0.6143398626605351,-75.43668114611336,14.563318853886642,14.563318853886642
1772,3.165060944545202,2.3427910347077416,4.881632283020578,2.083682330477055,0.4402064938521277,38.10474797926576,-51.89525202073424,51.89525202073424
1773,0.9543017810603904,0.8864295919809898,1.2242280112077548,1.3810775523319954,0.6884052983173534,-67.2009530378983,22.7990469621017,22.7990469621017
1774,1.6784140066373283,1.3194265626975752,2.1982238487179107,1.6660448643868662,0.8044874896581152,-60.12860058590294,29.871399414097056,29.871399414097063
1775,2.9070983356311,2.5974260624669707,4.761508003043222,1.8331640202766195,0.437058444630106,81.70370918585536,-8.29629081414464,8.29629081414464
1776,1.1345092346885122,0.7910020782848278,1.7718044728674467,2.239949200524663,0.6438137314954746,3.8909479221510286,-86.10905207784897,86.10905207784897
1777,1.1504515979244476,1.0933346503867822,1.506030024776145,1.3774648267512293,0.6469005334009625,-89.03331204797156,0.966687952028451,0.9666879520284368
1778,2.591299840626382,1.9554108975863096,3.7352280038643735,1.9102010776737552,0.5941306369311319,79.82886440186388,-10.171135598136118,10.171135598136118
1779,1.820691757871036,1.719612674189556,1.9761981537503104,1.1492112051812378,0.836821131522683,-69.35671954289192,20.643280457108062,20.643280457108077
1780,0.9917395023300404,0.8273017452548113,1.318345707882557,1.5935488054319318,0.8074958762263922,25.41055647038993,-64.58944352961007,64.58944352961007
1781,1.8405906194279933,1.361912770775928,3.8592237189882903,2.8336790738731086,0.3237462079185855,-44.33608080069707,45.66391919930294,45.66391919930293
1782,1.4824989352200384,0.9707546645220786,2.6799938961107537,2.7607324425581483,0.511514770328642,-28.1499370827202,61.8500629172798,61.8500629172798
1783,1.085277926096956,0.8760018848947702,1.5133899539238742,1.727610385342573,0.6865218654401714,-28.922612730554725,61.07738726944527,61.077387269445275
1784,1.039561305877423,0.946658873081446,1.3340631109250989,1.409233197786044,0.7581918291552823,16.332937201899107,-73.66706279810089,73.66706279810089
1785,1.4282681233264556,1.0188847412077429,2.187451078716953,2.1469072901455384,0.6720698351396366,25.1297002731438,-64.8702997268562,64.8702997268562
1786,1.9181228409342128,1.774119213804724,2.141445905650002,1.207047355660796,0.765276756631478,88.97070753012684,-1.0292924698731554,1.0292924698731554
1787,1.546636359756236,1.592614395450316,1.808449926159432,1.1355227802321148,0.6721787085508144,-15.140301759095678,74.85969824090432,74.85969824090432
1788,1.2660243778180809,1.0485345271881363,1.7491894580904763,1.6682230415256734,0.6834223700622293,0.5905601589541432,-89.40943984104585,89.40943984104585
1789,1.3223193364400538,1.1824662632018998,1.5877679449192192,1.342759615500435,0.6822990459372809,-1.8694945264228264,88.13050547357717,88.13050547357717
1790,1.139848131163964,0.9178115498237374,1.8517826206384176,2.017606578380983,0.5562195146826698,51.56452920767984,-38.43547079232016,38.43547079232016
1791,1.4240109808516253,1.0003776518398626,2.3771354923775925,2.376238101686539,0.6226115226947346,17.35080863913105,-72.64919136086895,72.64919136086895
1792,2.983369805846133,1.7314201076779538,5.7934982254372125,3.3460961899114148,0.4315619364496942,67.29412350553227,-22.70587649446773,22.70587649446773
1793,1.3038244488524504,1.1571759058704227,1.5892857233192503,1.373417572260802,0.7768930679225591,-14.79971504267621,75.20028495732379,75.20028495732379
1794,1.3131044552792934,0.9072038218944886,2.26086611146998,2.492125867314664,0.5277504895918449,-12.286049918625467,77.71395008137453,77.71395008137453
1795,1.3585539723246187,1.21712038070339,1.655084553720879,1.3598363645544933,0.8001041567562757,-69.34738428998119,20.652615710018807,20.652615710018807
1796,1.039561305877423,0.914773723259277,1.2450384365015552,1.3610343244945509,0.9367600268019632,-81.48230918760173,8.517690812398257,8.517690812398271
1797,4.2032633337800345,2.9557437965327416,6.175533092318942,2.08933301308564,0.6773589556115381,1.2482418569248703,-88.75175814307514,88.75175814307514
1798,0.9543017810603904,0.7680452534524642,1.4030989542014085,1.826844118747293,0.7104664059408908,64.51669153100177,-25.48330846899823,25.48330846899823
1799,2.2770315083343613,1.8096321845923409,3.1119922823474835,1.7196822143437551,0.6247455584898196,-25.80403528296623,64.19596471703377,64.19596471703377
1800,1.0453852243082644,0.9892042798789412,1.256672073282426,1.270386813769364,0.7855361035372296,73.23918638489094,-16.760813615109058,16.760813615109058
1801,1.7904288454052892,1.4972126901386136,2.193266711713536,1.4648998944234708,0.860455677740365,-8.867182585502333,81.13281741449767,81.13281741449767
1802,1.7142051110999064,1.4663472867673717,2.125984548018728,1.4498506371608295,0.7222648057175017,-5.918385284033508,84.0816147159665,84.0816147159665
1803,1.566140741422161,1.3363705871417448,2.508925612811128,1.8774175643728184,0.5049594594472925,-76.95302996095118,13.046970039048801,13.046970039048816
1804,1.542705892513396,1.1819425862122497,3.0120478002275046,2.5483875742900173,0.40001913699364,-56.10605167772131,33.893948322278675,33.89394832227869
1805,3.8614844125084353,2.724944119486938,5.753926120081135,2.1115758223931964,0.5974935729889963,-3.4464920177360487,86.55350798226395,86.55350798226395
1806,2.0644704023279083,1.4365864628662637,3.2685386317844984,2.2752119112017395,0.6110657931249898,-59.74314719092538,30.256852809074616,30.256852809074623
1807,1.4068535956126136,1.0201592597043727,2.1097702913577288,2.0680793427970348,0.6808883079025487,-86.26168761096477,3.7383123890352294,3.7383123890352294
1808,1.1345092346885122,0.9750177822963751,1.5146678184966396,1.5534771221600423,0.6988245622768332,-78.24055697701826,11.759443022981742,11.759443022981742
1809,5.779634806872233,3.273965167887047,11.499833817991444,3.5125095192790985,0.4308142802505816,-64.03595471841405,25.964045281585953,25.964045281585953
1810,1.749264059016166,1.6280914715612085,2.1843574978851525,1.3416675512651202,0.6299494246570183,0.5445523291989934,-89.45544767080101,89.45544767080101
1811,1.5544674799972351,1.522658883527651,1.831049776320368,1.2025344587214737,0.6808415147966077,-41.98534091741552,48.01465908258447,48.01465908258448
1812,2.7327044283177195,1.6879361660366563,4.925491325358988,2.9180554481063368,0.4913130642520076,-28.925661651167097,61.074338348832896,61.0743383488329
1813,0.9414917802541344,0.6559149254988855,1.6532592324404354,2.520539125074757,0.61975582756737,-85.33125862380054,4.668741376199478,4.668741376199463
1814,1.4577200491801383,1.113789571206897,2.125329864625923,1.9081969517122752,0.6273382968843649,64.76913024721209,-25.23086975278791,25.23086975278791
1815,1.176542252445381,1.1437456389069027,1.3006025455543184,1.137143173544536,0.9079302818889058,34.94848609225618,-55.05151390774382,55.05151390774382
1816,3.9315998018168936,2.918953790522937,5.5598859940875,1.904753001619609,0.6360352602143454,-83.42089360987939,6.579106390120614,6.579106390120614
1817,1.0159318257539256,1.001190547073093,1.1637967248861891,1.1624128177083406,0.8485668249462843,60.41349790263431,-29.58650209736569,29.58650209736569
1818,3.659677861846207,2.55502195415501,5.460518673896742,2.1371709409450577,0.6189163192850663,-32.97819600180226,57.02180399819774,57.02180399819774
1819,0.9350209696908578,0.5782923869147466,2.1731098783973404,3.7578047499312937,0.4363476121000436,44.62487599485458,-45.37512400514542,45.37512400514542
1820,1.9181228409342128,1.425220328831171,2.8438219412935712,1.9953560047980805,0.5770439514945443,85.80638359436885,-4.193616405631147,4.193616405631147
1821,1.0337045758596148,0.8916908378316667,1.3336858007810175,1.4956818486821668,0.7471029154236788,-1.5284126275337775,88.47158737246622,88.47158737246622
1822,1.6119886861377042,1.683985287529684,1.8139831703472071,1.077196566846628,0.5693528537796955,9.181231277051856,-80.81876872294815,80.81876872294815
1823,2.5463947557410336,2.7524566330811187,5.527321467481996,2.008141164169651,0.1919831061809456,56.17548603928213,-33.82451396071787,33.82451396071787
1824,1.2850634067342854,1.371694968345836,1.4497663214790035,1.056915972526542,0.6786068252224321,80.84529400358123,-9.15470599641877,9.15470599641877
1825,1.1128975557056655,0.8256477122674349,1.831051028652517,2.21771465171749,0.4627114953483943,-4.330912534210111,85.66908746578989,85.66908746578989
1826,2.396545468392566,1.496975895230744,4.584210192162421,3.0623139669565687,0.3858721692792337,-54.05131174012794,35.94868825987206,35.94868825987206
1827,2.2690184693770243,2.294540634060567,2.65793978689998,1.1583755578110284,0.5187757145176877,13.677348304045266,-76.32265169595473,76.32265169595473
1828,0.979419278671245,0.951050320245124,1.1137292639481475,1.171051878370741,0.850549373310786,66.83937502221444,-23.16062497778556,23.16062497778556
1829,1.671163804247637,1.0474269017070856,3.655964856676656,3.4904248217400204,0.3752363324437267,-84.64785022274862,5.352149777251384,5.352149777251384
1830,1.4783979621211876,1.209027844308045,1.8588912040853864,1.5375090100999893,0.9247927016403736,-29.043216240785284,60.956783759214716,60.956783759214716
1831,1.0159318257539256,0.8245189458086392,1.355288047591095,1.643731844465877,0.7530069233363885,11.83990122001356,-78.16009877998644,78.16009877998644
1832,1.8990365667271207,1.9381855261643663,3.491277484431412,1.8013123291352742,0.3149818343477589,-72.00934121915769,17.990658780842296,17.99065878084231
1833,1.8602766405761075,1.267520534271555,2.971421032762039,2.344278417919057,0.5885858832000036,-38.81700978119678,51.18299021880321,51.18299021880322
1834,1.9149550058393197,1.8053097332911827,2.4253605744898765,1.3434595348180536,0.6738835536788672,-56.38249372310224,33.61750627689776,33.61750627689776
1835,2.553537532059954,1.9576288701533908,4.776806192573147,2.4400979498217445,0.417852401455374,-37.04160833092826,52.958391669071744,52.95839166907174
1836,1.021890421280174,0.8670657649754298,1.6096748865380357,1.8564622795176893,0.5982876223051656,-0.8819169664273232,89.11808303357267,89.11808303357267
1837,12.159767068181694,9.051207359740978,17.544932469674436,1.9384079683902555,0.2923637496444861,-45.12972164741477,44.87027835258522,44.87027835258523
1838,2.0078170808425457,2.036412204053517,2.5621136801118785,1.2581508179001983,0.4783720515331339,82.22005142780512,-7.779948572194883,7.779948572194883
1839,1.0908577979726677,0.8518557577015199,1.573747213902159,1.8474339108166025,0.7216482283449881,7.6139945250483905,-82.38600547495162,82.38600547495162
1840,1.1183396299962336,0.9226764319900524,1.732316813923072,1.8774911267504324,0.5810317930180754,-69.51198378424002,20.488016215759984,20.488016215759984
1841,1.4111624987975715,1.1567547668302318,1.953874093569549,1.6890996688292057,0.7180081148876877,-51.38961108548565,38.610388914514346,38.61038891451435
1842,2.378745945325325,2.012378353473555,3.032130972870105,1.5067400062400595,0.7286101096868158,-16.846640027830976,73.15335997216903,73.15335997216903
1843,6.85327778312238,3.781169345626735,13.38908525109488,3.540990637348885,0.3989980883348517,27.071566247009443,-62.92843375299056,62.92843375299056
1844,1.4367445664276617,1.0112262216587298,2.2823172315651514,2.256979875206788,0.5736261957476053,16.721316368523716,-73.27868363147628,73.27868363147628
1845,1.3718952479298128,1.265230853258975,1.5509056768857452,1.2257886953127408,0.9035722872612127,67.56524829632129,-22.434751703678714,22.434751703678714
1846,1.3450803768346336,0.8877740865770766,2.737426224234687,3.083471646248624,0.4674105316122128,2.615813386355591,-87.3841866136444,87.3841866136444
1847,1.3938469657443524,1.2461814209143016,1.742515718552189,1.3982841417052547,0.6713643964821717,3.058548886363325,-86.94145111363667,86.94145111363667
1848,1.5892300566907107,1.4565796673727516,1.9072606847824685,1.3094104823134152,0.7513105428344979,19.57642283223339,-70.42357716776661,70.42357716776661
1849,1.176542252445381,0.9387804434959,1.5654894226424618,1.6675777957333418,0.7298419774687562,-1.4485406056630816,88.55145939433692,88.55145939433692
1850,1.2270604129519955,1.11941887624751,1.580702088156039,1.412073819457853,0.6730580404397607,63.97859126400506,-26.02140873599494,26.02140873599494
1851,4.169909328395152,4.033215809356182,4.807979574798607,1.1920957870999964,0.6236706433444642,64.28185588987472,-25.71814411012528,25.71814411012528
1852,0.9978425722559162,0.8313711954938293,1.3376464434167352,1.6089641434139197,0.7885534584872446,-69.65247686444076,20.347523135559243,20.347523135559243
1853,1.4197410732459426,1.2158585775896351,1.7304880501523796,1.423264252971728,0.8933264134993241,74.37861965096916,-15.621380349030844,15.621380349030844
1854,0.8535534614000618,0.7170134859650038,1.1262392827994097,1.5707365410061191,0.7752002674120949,-24.70930507489425,65.29069492510575,65.29069492510575
1855,0.9543017810603904,0.7355955628699816,1.2883058482691936,1.7513779491039492,0.9262841228229614,-55.66978449547331,34.33021550452668,34.33021550452669
1856,2.332352078688221,1.53681802236982,4.485587810598238,2.918750135218564,0.3759260906564997,-19.69884240690742,70.30115759309258,70.30115759309258
1857,1.0453852243082644,0.9233477198738635,1.2386302942192835,1.3414559515980502,0.9642892071358424,78.82965595693811,-11.170344043061888,11.170344043061888
1858,1.2515550525870838,1.0522232999334924,1.5813205708968323,1.5028374404907996,0.8932651200447076,23.36047146525437,-66.63952853474564,66.63952853474564
1859,1.0099380753567209,0.8369728016707876,1.4252176156540215,1.7028242886853238,0.7125138782533568,-6.0219189278874685,83.97808107211253,83.97808107211253
1860,0.9019708538191776,0.7044209773526097,1.3081045297027745,1.8569925822183189,0.7413086900607082,-67.9024111418288,22.097588858171207,22.097588858171207
1861,1.45354916781555,1.3168516636706389,1.712461041315266,1.3004206081510288,0.7037104793126175,-43.60577373496795,46.394226265032046,46.39422626503205
1862,1.0453852243082644,0.6600516251622339,1.8228800960032023,2.761723517543279,0.6845008781937528,15.3624376859374,-74.6375623140626,74.6375623140626
1863,2.162148244667752,1.8585417147060568,3.216619769360787,1.730722395902489,0.4540821908642392,-1.338408365896547,88.66159163410346,88.66159163410346
1864,6.89302774593573,6.846425080399227,9.551393937332438,1.3950921576104474,0.2502924206097763,64.87656941266553,-25.123430587334468,25.123430587334468
1865,1.1128975557056655,1.0081408311639637,1.2747735466565748,1.2644796314665347,0.9450477812496864,34.78741588031003,-55.21258411968997,55.21258411968997
1866,1.7247976224747188,1.2542412205247246,3.03694669823538,2.421341802946679,0.5516664949587909,-71.41890025285632,18.581099747143696,18.581099747143682
1867,1.0683634687220958,1.0161711382596397,1.16571421299411,1.147163277034799,1.0042121017283523,-26.964130014107926,63.03586998589208,63.03586998589208
1868,1.461879030667795,1.4057280369691738,1.6214986141318353,1.1534938277448563,0.8047215906010887,-82.41660999544973,7.583390004550267,7.583390004550267
1869,1.021890421280174,1.053614612029096,1.0599717311389234,1.0060336284607752,0.9362998425760116,-79.37702486526754,10.622975134732457,10.622975134732457
1870,1.470161697690137,1.4901009583352611,1.6000283758984424,1.073771791735502,0.7714196748484491,72.65095905303308,-17.349040946966923,17.349040946966923
1871,1.1504515979244476,0.8896615496027814,1.8207868611383176,2.046606220029704,0.57335985099871,-49.92342400363858,40.07657599636141,40.07657599636142
1872,1.1019327803667114,0.979604137128294,1.5161722333005403,1.5477397203988887,0.6212792270827326,-28.235722449960008,61.76427755003999,61.76427755003999
1873,1.4451712930335778,1.4282117600473967,1.539278226792428,1.0777661057358503,0.8355095991320084,-18.637947705090934,71.36205229490906,71.36205229490906
1874,0.9219431092603804,0.6959901640742507,1.346176350712916,1.9341887575429888,0.7318553873651408,-37.36130340085107,52.63869659914893,52.63869659914893
1875,1.0796692170979234,0.8199125854048407,1.5343302091678992,1.871333891539556,0.7140589302808668,17.549517333630973,-72.45048266636903,72.45048266636903
1876,1.1816912584570125,1.0870835622201032,1.3446464058292278,1.236930124380793,0.9423719226400642,-80.78486198480432,9.215138015195691,9.215138015195677
1877,2.1138735858617226,1.7965138345153595,2.724557146226937,1.5165801085867692,0.6885885024290358,53.15145254813131,-36.84854745186869,36.84854745186869
1878,2.6991730427448086,2.3714255457642905,3.1588478289961595,1.3320459647735174,0.7693688424176385,-11.604238819146804,78.3957611808532,78.3957611808532
1879,1.1019327803667114,0.8983572915229384,1.57232803445287,1.7502257167494952,0.7195568662693347,-58.73077824222822,31.26922175777179,31.26922175777178
1880,0.979419278671245,0.8585302190657822,1.2362844514436215,1.4400010902224225,0.7521115387731734,-44.68134918471036,45.31865081528963,45.31865081528964
1881,1.2755794143363215,1.0777345604152295,1.6054701939533722,1.489671253870542,0.8264389841995945,38.59721161866714,-51.40278838133286,51.40278838133286
1882,1.1345092346885122,0.8412758970591624,1.6454103987041435,1.955851111931275,0.6842350996575031,-63.55401926091469,26.445980739085314,26.445980739085307
1883,2.347918561217162,2.028905368871957,3.0542753569373264,1.505380883602009,0.6599980996149944,20.88707661311919,-69.11292338688081,69.11292338688081
1884,1.085277926096956,1.068871273658124,1.2571869734197378,1.176181832557927,0.759214668750188,-80.04523658699216,9.95476341300784,9.95476341300784
1885,1.5387653857138477,1.4045799666949377,1.7502617689899338,1.2461104461773056,0.9481665881029449,89.91904360022653,-0.08095639977346991,0.08095639977346991
1886,1.2369164782162358,0.7389993649621631,2.205731722603569,2.9847545575583854,0.5632284451785489,21.01917489876249,-68.98082510123751,68.98082510123751
1887,2.925833857167784,2.410363332921768,4.910553556887143,2.037266950511864,0.3688672400799951,-44.14552776123461,45.854472238765396,45.85447223876539
1888,0.979419278671245,0.793669539088139,1.3653255346084945,1.7202695421285048,0.6937614990371195,-63.19727367953652,26.802726320463478,26.802726320463478
1889,2.728257388058968,2.18373648024092,3.4938751470870755,1.5999527317973896,0.657182749905773,-15.883459358160646,74.11654064183935,74.11654064183935
1890,0.973200680696656,0.9153611116477756,1.188015543343906,1.2978654306225823,0.8120258112420017,7.860839083590354,-82.13916091640965,82.13916091640965
1891,1.0740312192037882,0.9484323436920872,1.3205909872145996,1.3923934543119454,0.8719800445353144,8.77596883863535,-81.22403116136465,81.22403116136465
1892,0.8884066096615684,0.5505413137006921,1.6231275939095224,2.9482394027779604,0.6036123093017767,7.887480165949873,-82.11251983405013,82.11251983405013
1893,3.778842259842732,2.654085635733178,5.562345657002742,2.0957672134291068,0.663900241106804,-50.40547372852949,39.5945262714705,39.59452627147051
1894,2.093672282696752,1.7542607582146486,2.7338865049638224,1.5584265293297457,0.6134522515444799,-27.149795120971625,62.85020487902838,62.850204879028375
1895,0.9855986414141252,0.7664559699741081,1.4373894393968705,1.875371183351116,0.6687839555977686,-52.685453276767134,37.314546723232866,37.314546723232866
1896,1.4451712930335778,1.144051902842726,1.9936055609726449,1.7425831433162764,0.7612518668879337,19.943836474511816,-70.05616352548819,70.05616352548819
1897,1.3131044552792934,1.1042423970047446,1.6772550656716698,1.518919279155755,0.7910139390048097,-35.73891105337759,54.26108894662241,54.26108894662241
1898,0.979419278671245,0.6468917660612541,1.744451657360517,2.6966669679257214,0.5883264504338341,-85.57761604630497,4.422383953695032,4.422383953695032
1899,1.5348147620304609,1.2234705167536302,2.191338075487589,1.791083679974659,0.5188868974165952,88.88276227235005,-1.1172377276499503,1.1172377276499503
1900,1.593045740590529,1.29382627622032,2.693939216575074,2.082149099989631,0.486957224874534,75.41236866066008,-14.587631339339922,14.587631339339922
1901,1.820691757871036,1.6819761805577298,2.010603526738136,1.1953816885037194,0.9762059917393414,-69.03557323600863,20.964426763991355,20.96442676399137
1902,2.5959815063053218,2.0913860452059407,3.336392466097478,1.5953020599642282,0.7213980050379161,-9.976299264095262,80.02370073590474,80.02370073590474
1903,2.500683434603541,2.114280461756472,3.3271180013793056,1.5736408019469892,0.6274516434664279,29.74668002718122,-60.25331997281878,60.25331997281878
1904,1.7561918645793366,1.4227575357850044,2.253935773666129,1.5842023092308015,0.8324950987143197,44.00942701774641,-45.99057298225359,45.99057298225359
1905,1.8405906194279933,1.0843368833823908,4.77037860337284,4.399351047151062,0.3479800108567764,56.664673072721854,-33.335326927278146,33.335326927278146
1906,1.0278144733504384,0.793815743617656,1.5423180678761643,1.942916955573795,0.6411745036493781,-75.48995683414445,14.510043165855564,14.51004316585555
1907,1.2755794143363215,1.2825985699664428,1.402165711613631,1.0932225752055194,0.7712210312795769,-51.44273932054311,38.557260679456874,38.55726067945689
1908,1.1661760393441107,0.8968521391378794,1.5629860515572656,1.7427466394401685,0.9013716907841806,-0.1161187651880645,89.88388123481194,89.88388123481194
1909,1.7353254778478429,1.7464923432768735,2.0718313848949976,1.1862814016165129,0.5899886521887487,89.88740304979314,-0.11259695020686422,0.11259695020686422
1910,1.062665489594652,0.8987822674729254,1.3264417567669295,1.4758210133544791,0.8898492414558168,-31.203940766494757,58.79605923350525,58.79605923350525
1911,1.6455365541233553,1.5661388168005712,1.8529793665549072,1.1831514209834324,0.6955414110125276,48.696869978066005,-41.303130021933995,41.303130021933995
1912,1.0453852243082644,0.8476574660010264,1.5315511360074765,1.806804278186611,0.6143506422292222,29.971766563536644,-60.02823343646335,60.02823343646335
1913,1.0453852243082644,1.000457918032585,1.1820403091885006,1.181499279362994,0.8022355220897356,34.09651366280583,-55.90348633719417,55.90348633719417
1914,1.7938166040551036,1.4001040643622296,2.473122602061104,1.7663848459633265,0.7184621366949114,-81.97502950913663,8.024970490863382,8.024970490863367
1915,1.062665489594652,0.9474081280851276,1.3343419795374492,1.4084130587251564,0.7811238202562827,-26.210119465613797,63.7898805343862,63.7898805343862
1916,0.8676627389239214,0.6581389906442994,1.3338090908057787,2.0266373969121894,0.7059535900337424,70.09948625854399,-19.90051374145601,19.90051374145601
1917,2.145234178539265,2.5309735337652257,4.340929720877432,1.7151225261607568,0.1922870302303491,79.9465654861362,-10.053434513863806,10.053434513863806
1918,2.694670665894319,1.8513139534481928,5.7147350132046535,3.086853530467152,0.2780908349470428,82.60446226856513,-7.395537731434871,7.395537731434871
1919,1.139848131163964,1.1088233035827406,1.5517537596011697,1.3994599090651034,0.5230090429841985,-55.19262585565399,34.807374144346,34.80737414434601
1920,1.096409273000846,1.0202678582414926,1.4493672790519718,1.420575261039845,0.6037109008896883,-16.38556750253481,73.61443249746519,73.61443249746519
1921,1.514907113035081,1.4124683480194355,1.7707945304651351,1.2536879378204435,0.7726418442493621,24.414203093383115,-65.58579690661688,65.58579690661688
1922,1.6232483481616002,1.4844089481869995,1.8475373528437051,1.2446282778746498,0.8686170562027261,-67.07160602817214,22.92839397182786,22.92839397182786
1923,1.1345092346885122,1.022877551079862,1.3957136839507878,1.3644973266617484,0.7057909946092737,-17.952403399319056,72.04759660068095,72.04759660068095
1924,1.062665489594652,0.8124357653171604,1.6126537210376133,1.9849615069667224,0.6556573405425582,-6.472204462727583,83.52779553727241,83.52779553727241
1925,1.1345092346885122,1.1022592667136824,1.4270704102756346,1.2946776256464203,0.6463975302455248,36.73510625688555,-53.26489374311445,53.26489374311445
1926,1.0908577979726677,0.8860848125044469,1.4328933536326671,1.617106323696837,0.8739642737937604,45.15937265797066,-44.84062734202934,44.84062734202934
1927,1.2944779165271465,1.0233154512691518,1.97974125573727,1.9346343820782976,0.548333349811304,-9.035186202382633,80.96481379761737,80.96481379761737
1928,0.928505064734256,0.6864291740679739,1.419515745049155,2.067971174122309,0.720861536172578,27.90010071483142,-62.099899285168576,62.099899285168576
1929,1.039561305877423,0.8262856884830749,1.479739593717608,1.7908328975589147,0.7070772247491423,76.58906815483094,-13.41093184516906,13.41093184516906
1930,2.2257951114113315,1.7619195529924296,3.829259957163225,2.173345514362243,0.3937449570601452,-5.441877665603033,84.55812233439697,84.55812233439697
1931,2.850152917453465,1.999530033664568,4.408082088052341,2.204559078301807,0.4996843636799236,-7.912720469593313,82.08727953040669,82.08727953040669
1932,2.2121146184952187,1.8495032581907864,6.0035348150258665,3.2460255414194945,0.2237094556528793,23.568485630416056,-66.43151436958394,66.43151436958394
1933,2.7985621751680427,2.029601310251578,4.2647072719609245,2.101253704567373,0.6080145822077732,-0.0477476536306953,89.9522523463693,89.9522523463693
1934,1.876523906614425,1.36319607638482,2.720506132414277,1.995682190950129,0.7117904677567815,-5.831651777844306,84.1683482221557,84.1683482221557
1935,0.979419278671245,0.999490420632238,1.1925540779518913,1.193162088734706,0.5310628709721268,-73.7664348275798,16.233565172420185,16.2335651724202
1936,3.597772559109586,2.923582699338343,4.599512014092003,1.573245051399761,0.6804302752368672,-52.95596817974991,37.0440318202501,37.04403182025009
1937,1.0453852243082644,0.816096454510542,1.5377343655174232,1.884255662450693,0.6789774253246085,74.35177170227075,-15.648228297729247,15.648228297729247
1938,1.6418428647199157,1.6353515964247831,1.792168016977647,1.0958915629493358,0.6666562625854899,-43.00908771043346,46.99091228956655,46.99091228956654
1939,1.7904288454052892,1.6170426893781085,2.032549185734438,1.2569545622299727,0.785937583768922,44.1857973822782,-45.8142026177218,45.8142026177218
1940,2.9874371149002164,2.393072649114348,4.054077423623311,1.694088737808977,0.5432861292196229,-75.20943559228567,14.790564407714328,14.790564407714328
1941,0.928505064734256,0.743366721771866,1.394523025116066,1.875955681459783,0.6522895964320967,-55.53771778936811,34.462282210631884,34.46228221063189
1942,1.1609582232861997,0.9933196211430498,1.5449797535078842,1.5553702158123268,0.7487377361711111,-22.019116123898364,67.98088387610164,67.98088387610164
1943,6.406391169191812,6.122893343938596,8.325875789149732,1.3597943523533682,0.5083989641702571,42.61706140578078,-47.38293859421922,47.38293859421922
1944,1.1661760393441107,0.9750137286160004,1.5044792257165989,1.5430338892275466,0.760443381668687,63.35467785995365,-26.645322140046353,26.645322140046353
1945,1.2369164782162358,1.028845282061096,1.6159055661598938,1.5706011334597696,0.7581043748886931,-50.78556195035254,39.21443804964747,39.21443804964746
1946,3.3784619300798826,3.094772521754522,3.833924087817233,1.2388387388303626,0.7223133974705901,-16.285677540715042,73.71432245928496,73.71432245928496
1947,2.5653979652796903,2.3009029970715416,2.969181549635618,1.290441862788055,0.7787704104296144,-16.35889243947048,73.64110756052952,73.64110756052952
1948,0.9669420905017878,0.7485748266784377,1.4863651558278983,1.985593293890432,0.6196930374141242,-36.34955444681277,53.65044555318724,53.65044555318723
1949,1.1074287385521373,0.9293193257642108,1.4905642187492316,1.6039311541525194,0.6996737227993495,-19.891878128371864,70.10812187162813,70.10812187162813
1950,0.8746320295080829,0.8332690666230989,0.9886653962421208,1.1864899776596536,0.9459835197814084,-11.409279232525192,78.5907207674748,78.5907207674748
1951,0.8606370140730026,0.7534561579618133,1.0302250925135967,1.3673325005405432,0.952067978778129,17.6133708878253,-72.3866291121747,72.3866291121747
1952,3.229621924082949,2.346597627793555,6.246821870349651,2.662076274330583,0.3293435391868207,63.52528310057066,-26.47471689942934,26.47471689942934
1953,1.9307422062542177,1.4513619251638543,2.674370225064268,1.8426625217981651,0.7010346019905346,-68.60213292049286,21.397867079507137,21.397867079507137
1954,1.062665489594652,0.8577701006131094,1.604714595614471,1.870798008076368,0.6115218482754697,16.133004504767165,-73.86699549523283,73.86699549523283
1955,0.9606427264386592,0.7468450614186334,1.3422246170321503,1.7971928668612906,0.8182500300205028,13.35354787152274,-76.64645212847726,76.64645212847726
1956,3.705837785329021,3.3368828712860545,5.564251329946017,1.6674997428967355,0.3358854705069249,25.20590366703949,-64.7940963329605,64.7940963329605
1957,3.8235638432564985,3.678954792398602,9.449218671734574,2.568451966645092,0.1327789555884313,84.49721514851721,-5.502784851482787,5.502784851482787
1958,1.8635374259717976,1.3118712161383754,3.4104091777970176,2.5996524169772544,0.3878359738766093,60.98313147606639,-29.01686852393361,29.01686852393361
1959,1.0099380753567209,0.9115406615053548,1.1651762160004286,1.2782493038502638,0.9891693363469846,-48.93248229983748,41.06751770016251,41.06751770016252
1960,1.0039085404212729,0.9958360853794714,1.471730577861852,1.477884362164921,0.4690444897813284,-64.5120164714756,25.48798352852441,25.487983528524396
1961,1.8372891089324668,1.0875682762317156,4.148052971639758,3.814062125839335,0.3435083562487854,20.95759240198713,-69.04240759801287,69.04240759801287
1962,1.2121260584033826,1.0375907649762464,1.4879988092818432,1.4340902593865203,0.8457520045621892,64.57855442355999,-25.421445576440007,25.421445576440007
1963,2.3582391321080944,1.839903233499038,3.074902784796397,1.6712307086654208,0.7857053938276259,80.3734167758933,-9.626583224106696,9.626583224106696
1964,1.2020667470700563,1.1714203799887473,1.417246474865646,1.2098530118446975,0.5743237204539099,-10.33263969803296,79.66736030196704,79.66736030196704
1965,1.3177199508995825,1.1627305170492448,2.105312484837381,1.8106624484065343,0.4198154707514648,74.65479674396947,-15.34520325603053,15.34520325603053
1966,0.9479184199131095,0.7535121880200072,1.2648825390924214,1.6786490772181597,0.8767169539285395,51.66246367996531,-38.33753632003469,38.33753632003469
1967,1.1019327803667114,0.9575235867584818,1.435156952029995,1.4988215140354424,0.7477356420914836,-87.6534065867298,2.346593413270199,2.346593413270199
1968,2.0288734164048656,1.5701612558740858,2.826456635283038,1.800105960269406,0.6591166571202366,-35.61892972193484,54.38107027806515,54.38107027806516
1969,1.340559085464394,0.929983668040874,2.056901043438685,2.211760393353791,0.6840369326154091,37.52814634896778,-52.47185365103222,52.47185365103222
1970,1.021890421280174,0.9014434179835398,1.4873418582581457,1.6499558692049867,0.5884167792421251,-32.69064893489612,57.30935106510388,57.30935106510388
1971,1.0099380753567209,0.8630772980566211,1.2680660889233852,1.469238145619948,0.8118688550468106,16.464780540063913,-73.53521945993609,73.53521945993609
1972,1.663882010113248,1.4173303104558646,2.054883351817081,1.4498267176380053,0.831937102329358,23.61459319348222,-66.38540680651778,66.38540680651778
1973,0.973200680696656,0.8593568379960325,1.1709831126746606,1.3626273288350408,0.8393897687523951,-69.28055371635381,20.719446283646192,20.719446283646192
1974,1.5544674799972351,1.4131607830128985,1.8265472478365008,1.292526137006329,0.7444767615358159,75.32589142347689,-14.67410857652311,14.67410857652311
1975,1.2071068813224677,0.8959326972998314,1.8484257272417253,2.0631301132468147,0.5572718577503865,31.05524046645609,-58.94475953354391,58.94475953354391
1976,1.1019327803667114,0.9714664265219682,1.2944210481830016,1.332440332310064,0.9616505591307862,7.798252007851544,-82.20174799214846,82.20174799214846
1977,1.062665489594652,0.8912339550773946,1.393318717089968,1.5633591035801284,0.8026414896025684,30.367159742763334,-59.632840257236666,59.632840257236666
1978,1.4906670352488116,1.2296648930606624,2.935012983808756,2.386839699475721,0.3700555160489784,9.00200302220118,-80.99799697779882,80.99799697779882
1979,1.2071068813224677,1.1619171705518287,1.2838409393891512,1.1049332705698955,1.0087882408617128,11.068193450200086,-78.93180654979992,78.93180654979992
1980,5.449834690231123,4.936311612634644,8.023470219811141,1.6253978373802047,0.3365737727826758,-77.9063585358197,12.09364146418028,12.093641464180294
1981,1.2319983017676563,1.0721368087130816,1.4643940973169396,1.365864958106136,0.8737107485146581,82.81097880950365,-7.189021190496348,7.189021190496348
1982,0.928505064734256,0.653825267741832,1.4935166418836652,2.284274890510031,0.7144704640621184,-4.892608963386207,85.10739103661379,85.10739103661379
1983,0.9855986414141252,0.6968600109335411,1.6200973536368082,2.3248533826276843,0.6057300540321953,-37.390643651331146,52.609356348668854,52.609356348668854
1984,1.5387653857138477,1.5918353850973537,1.7137604934648325,1.076594043271643,0.6263708051626493,-8.159743827749894,81.84025617225011,81.84025617225011
1985,1.0039085404212729,0.7074763170984114,1.6992421378529037,2.401836071095699,0.5989221469494364,14.54480853164943,-75.45519146835056,75.45519146835056
1986,1.2897792515977275,1.2265174219837698,1.63858655220079,1.33596679739823,0.5459703220092583,-25.70324572112745,64.29675427887256,64.29675427887256
1987,1.1661760393441107,0.9867085352355428,1.6572342640355575,1.6795580506861123,0.5590531828419076,-46.45364211653239,43.54635788346761,43.54635788346761
1988,1.9117819216282488,1.1893849973075623,3.4401765424831234,2.892399475586735,0.4877743932517506,-3.4803917818651056,86.51960821813489,86.51960821813489
1989,1.0796692170979234,0.9626904211564936,1.8088423883130933,1.8789450362870603,0.4222655757340268,66.8763978024174,-23.1236021975826,23.1236021975826
1990,0.973200680696656,0.9362345326279268,1.346109715412252,1.4377911393994858,0.549906156584081,14.33244581044167,-75.66755418955833,75.66755418955833
1991,1.4906670352488116,1.841125250686389,3.52142635555455,1.91264899237123,0.2089227741023503,73.647362731237,-16.352637268763004,16.352637268763004
1992,1.3177199508995825,1.1456672177673617,1.6976957881408845,1.4818402427969422,0.6751988319017329,-19.412386898240285,70.58761310175971,70.58761310175971
1993,1.7247976224747188,1.449911277189282,2.3699962682954165,1.6345802019622613,0.5128178026595064,-19.36053605937525,70.63946394062475,70.63946394062475
1994,1.7561918645793366,1.4631731951468046,2.716180017869183,1.8563626144044147,0.4559470643973807,-18.23475290987356,71.76524709012644,71.76524709012644
1995,1.6418428647199157,1.62899670725223,1.9034245754798615,1.1684643480283845,0.6379579628887749,12.210043395241897,-77.7899566047581,77.7899566047581
1996,1.3938469657443524,1.4473632181809954,1.876675225677172,1.2966166350667137,0.4391256825687338,-79.87845211467959,10.12154788532041,10.12154788532041
1997,1.1345092346885122,1.0404836160366164,1.3771665690379065,1.3235831375065512,0.7900538346524818,-75.1417872568684,14.858212743131617,14.858212743131602
1998,1.8504598087771928,1.7321372079969348,2.1217342825385943,1.2249227559704663,0.7438259223456939,-69.56949491600352,20.43050508399648,20.43050508399648
1999,0.9669420905017878,0.877031997601371,1.1354401809404888,1.294639402035329,0.9067385583180692,20.79275142028028,-69.20724857971972,69.20724857971972
2000,3.802865656664765,3.202402548991342,4.658067493257505,1.454554017490603,0.7452083716502066,10.355146912283272,-79.64485308771673,79.64485308771673
2001,1.1183396299962336,1.0905632193306007,1.170232775357791,1.0730535879213792,1.0898485043614283,71.72427056867512,-18.275729431324876,18.275729431324876
2002,2.8373431765864514,2.161088398219331,3.838440861799016,1.7761609682240531,0.6837965022274501,-68.67168616741323,21.328313832586787,21.328313832586772
2003,1.0278144733504384,0.9373108826909176,1.2709126950341243,1.355913729909411,0.7758662430618077,0.7872109493935924,-89.2127890506064,89.2127890506064
2004,4.099426910906265,2.8808356648732394,5.982904385739362,2.076794750457457,0.6346354265042033,-55.42986723059027,34.570132769409724,34.57013276940973
2005,1.085277926096956,0.7085608010087752,1.9156451265301904,2.703571978301501,0.5650718384572726,-42.82341505646854,47.17658494353145,47.17658494353146
2006,3.572370222865336,3.26306392378358,4.400730277651809,1.3486497293467317,0.5364894140729692,-0.2008243094881547,89.79917569051185,89.79917569051185
2007,1.6307115983086335,1.06455966522634,3.145634428208377,2.954869070245651,0.401327480448825,80.49558112283695,-9.504418877163047,9.504418877163047
2008,1.1128975557056655,1.081095581141767,1.283113087697077,1.186863687243967,0.731949937097583,44.74400214897386,-45.25599785102614,45.25599785102614
2009,0.9917395023300404,0.7932194181594356,1.6826637329966638,2.121309305439181,0.5003172866204665,-21.448066622201527,68.55193337779848,68.55193337779848
2010,1.085277926096956,0.9591661234471672,1.3495067720731435,1.4069583350411947,0.8192892983821127,-81.04533092689002,8.954669073109983,8.954669073109983
2011,2.9690903470192893,2.1883332655771475,4.739457236589368,2.1657840289419497,0.5343935122783343,-36.39629817117494,53.60370182882505,53.60370182882506
2012,1.9956851445118324,1.7835636720642336,2.291638376048577,1.2848649094743645,0.811420201455388,72.05935018628804,-17.940649813711957,17.940649813711957
2013,1.0159318257539256,0.754036017283137,1.491779889752996,1.978393412993745,0.7640431025028536,42.50712609800454,-47.49287390199546,47.49287390199546
2014,2.515208339531214,2.1917663870549378,2.9590848281375552,1.3500913444126943,0.7099153963793191,75.3007764839009,-14.699223516099096,14.699223516099096
2015,1.2897792515977275,1.0405410776532302,1.7002078968808885,1.6339651873383303,0.7565841782276824,-12.076175816787885,77.92382418321212,77.92382418321212
2016,1.937021059271256,1.704055192995057,2.9954526726267114,1.757837824115243,0.4420358014730255,71.02631596667212,-18.973684033327885,18.973684033327885
2017,0.9350209696908578,0.8882219802739356,1.0710454302376078,1.2058308103423514,0.841869882348918,66.51436869170864,-23.48563130829136,23.48563130829136
2018,1.3540776702961077,1.2785918613852565,3.2571421774052234,2.5474447912380414,0.2740274152286465,-55.40904697920042,34.59095302079959,34.59095302079958
2019,1.6232483481616002,1.448367526775414,1.916734429591308,1.323375727608756,0.8592065565045152,-79.58690328598186,10.413096714018138,10.413096714018138
2020,0.973200680696656,0.6733965628129611,1.6576407416740813,2.461611527611106,0.5422246292749041,-14.412750765305066,75.58724923469494,75.58724923469494
2021,1.8635374259717976,1.3772886436350391,3.598145648183735,2.6124848010706385,0.4015150348311259,-30.905619488630045,59.09438051136996,59.094380511369955
2022,1.1019327803667114,0.8485736118593145,1.495286218005985,1.762117271982633,0.8406568673847609,-46.88825730216347,43.11174269783652,43.11174269783653
2023,0.9855986414141252,0.7587431750509069,1.4909492459824278,1.965024918850037,0.7143914643476178,-73.11724564028125,16.882754359718746,16.882754359718746
2024,1.1609582232861997,0.9644214712672614,1.745538400886571,1.8099331598174733,0.5149813559560312,-7.506842920354569,82.49315707964543,82.49315707964543
2025,1.4783979621211876,0.980184564450837,3.0273562509947487,3.088557360307821,0.3681523058169928,39.474201125945854,-50.525798874054146,50.525798874054146
2026,4.352285755573581,3.225853615109546,6.715374039015833,2.0817355156978468,0.4918526201047456,43.142113360151775,-46.857886639848225,46.857886639848225
2027,1.3084726790995154,1.1689142797322898,1.725108971490383,1.4758216247349425,0.6118407912190115,7.736653798375348,-82.26334620162466,82.26334620162466
2028,1.7527313846366133,1.3720052832703895,2.320870318162883,1.691589927868736,0.7297764994868498,44.31694234335241,-45.68305765664759,45.68305765664759
2029,1.2171245375823248,0.9433211027258158,1.6705340473315362,1.7709071094713875,0.732978641603198,38.81960765552632,-51.18039234447368,51.18039234447368
2030,1.824023310076927,1.6543518895182054,3.0724452479040734,1.8571896749239107,0.2941617396519457,-0.0761276938163006,89.9238723061837,89.9238723061837
2031,4.9537976117265865,3.241354685169652,8.025207289477835,2.475880632932893,0.5392928826735862,75.14334089513997,-14.856659104860029,14.856659104860029
2032,2.481184630757016,2.1421592922546995,3.141988706564932,1.4667390599407182,0.7044903628806447,33.425886293444364,-56.574113706555636,56.574113706555636
2033,1.2071068813224677,1.2244125504543455,1.2374547204454518,1.010651777447288,0.9012796196884671,-83.82583834044407,6.174161659555921,6.174161659555935
2034,0.9606427264386592,0.842314042114888,1.1780895075691056,1.3986345337555457,0.8886404313683023,73.71007282139308,-16.289927178606916,16.289927178606916
2035,1.2944779165271465,1.253594946127779,1.4205438225782747,1.1331760924580805,0.8473877040648825,-4.572675537098496,85.42732446290151,85.42732446290151
2036,1.3177199508995825,1.0279435067011689,2.113793008134956,2.056331884344936,0.5248930957490155,55.6003285564673,-34.3996714435327,34.3996714435327
2037,2.055628946700877,1.4581837988305038,3.619977963244039,2.482525156394786,0.3986777700703206,2.0485721508709536,-87.95142784912905,87.95142784912905
2038,1.2897792515977275,1.121155951975136,1.5741443373337611,1.4040369090139488,0.7992264791131528,53.82597098971595,-36.17402901028405,36.17402901028405
2039,0.8535534614000618,0.7259216207098642,1.2538325900050242,1.727228607379026,0.6085904603273522,57.37726487990169,-32.62273512009831,32.62273512009831
2040,1.1661760393441107,1.0380824767981351,1.6397852096203327,1.5796290239655055,0.5160055322777384,-60.47520192346759,29.52479807653242,29.524798076532413
2041,1.6455365541233553,1.3507357015439014,2.4943654792253733,1.8466717629320777,0.48523946813165,25.15830319751128,-64.84169680248871,64.84169680248871
2042,1.5348147620304609,1.137805512900423,2.293080739152798,2.0153538659761097,0.5538872669886199,66.2261124577353,-23.773887542264703,23.773887542264703
2043,1.0278144733504384,0.6883447271677438,1.691475919103555,2.45730932822466,0.5950366611356442,-41.00994312741574,48.99005687258426,48.99005687258426
2044,0.9479184199131095,0.7399926286899373,1.687762143109937,2.280782372248633,0.5024358057453825,19.279081998207317,-70.72091800179268,70.72091800179268
2045,1.3084726790995154,1.012410039428712,1.9707493579385345,1.94659207355411,0.6090308594461147,12.796984313227169,-77.20301568677283,77.20301568677283
2046,1.1019327803667114,0.8487865335578609,1.5975130012822851,1.8821139805152012,0.6696579343450717,-87.1648651209652,2.835134879034797,2.835134879034797
2047,1.0099380753567209,0.7795346355743049,1.567935303859202,2.011373494269514,0.6918702748106951,-3.61270508116482,86.38729491883518,86.38729491883518
2048,1.0796692170979234,0.825552978779091,1.542334768407404,1.8682444471199904,0.6867261768984249,-16.399650792721083,73.60034920727892,73.60034920727892
2049,0.8746320295080829,0.851378606132907,0.9671698898843945,1.136004455500038,0.9702462138406828,-32.40055171128285,57.599448288717156,57.59944828871715
2050,2.102353753036351,1.54834373997822,3.34039318796768,2.1573976770911782,0.466298130716924,87.75401260600006,-2.2459873939999397,2.2459873939999397
2051,1.096409273000846,1.038630781016979,1.6021181905401576,1.5425290871616937,0.54615609605876,45.43102876355631,-44.56897123644369,44.56897123644369
2052,2.1424021849896837,2.3830723066323003,3.288554761110987,1.379964322508658,0.2369289320863466,-22.511756722065005,67.488243277935,67.488243277935
2053,3.9300552722731736,2.8835783971899303,5.6484709791558005,1.9588407877726783,0.5252366561201475,-45.554287149772726,44.44571285022727,44.445712850227274
2054,1.085277926096956,0.9586606067959524,1.2984147559128694,1.354405038350796,0.8836380587868597,-51.46824619807054,38.531753801929455,38.53175380192946
2055,1.470161697690137,1.2242128970098562,1.8648144856510225,1.5232762946754097,0.7018934677303947,-55.93321427678389,34.0667857232161,34.06678572321611
2056,1.4025314545362868,1.0213354990528194,3.0685414974118173,3.0044402649839985,0.3298037529170858,2.69424556885255,-87.30575443114745,87.30575443114745
2057,2.0585803178499065,1.954310068447633,2.4603599517288317,1.2589404268295912,0.5984765997658374,-72.05311131230775,17.94688868769225,17.94688868769225
2058,1.4068535956126136,1.0069280010040773,2.06359035148373,2.049392160537776,0.7127782866409952,12.900344760785837,-77.09965523921416,77.09965523921416
2059,1.1661760393441107,1.1747073699566948,1.3560305439118083,1.154356036739429,0.7249027741164334,4.8884681017059375,-85.11153189829406,85.11153189829406
2060,1.1019327803667114,0.8017370001807714,1.777615412202536,2.2172051580527388,0.5827490230227472,36.1352659926478,-53.8647340073522,53.8647340073522
2061,0.9153341128725788,0.6229029848668012,1.5772703158264751,2.5321283637190333,0.6712039058423157,-72.21540358188003,17.784596418119975,17.784596418119975
2062,1.8306682257451572,1.7262427677534404,3.4303183197021485,1.987158691570606,0.3387557487810686,-16.77913387459351,73.22086612540649,73.22086612540649
2063,1.176542252445381,1.134216111470133,1.4298575160754483,1.260657031420683,0.6695720934775911,-77.7392437640942,12.260756235905802,12.260756235905802
2064,1.526882849696625,1.245569594982732,2.057322180946068,1.6517119470747752,0.6599814196456939,-17.194882945972953,72.80511705402705,72.80511705402705
2065,2.466459369371006,2.5579588605689407,3.9940822728496417,1.5614333500114534,0.2848974403729947,64.99807463042568,-25.001925369574323,25.001925369574323
2066,0.9606427264386592,0.793124902189776,1.929918707389996,2.433309939029265,0.4242523408665336,58.855267085192125,-31.144732914807875,31.144732914807875
2067,2.9112722047376547,2.1503490797619635,4.198376864826996,1.9524164259375705,0.6427774382592919,-42.96413994401259,47.03586005598743,47.03586005598741
2068,1.0039085404212729,0.7859060749905228,1.70338247284974,2.167412273623513,0.4899498187096903,-28.086076799192785,61.91392320080722,61.91392320080722
2069,8.628914698386602,6.077339703231178,12.836649187409805,2.1122151820121,0.5617222745907702,56.136849818429816,-33.863150181570184,33.863150181570184
2070,1.326902779425731,1.0188680662750342,1.8169474996319996,1.7833000756169846,0.8237065207959121,-50.93930436254019,39.060695637459816,39.06069563745981
2071,1.5892300566907107,1.277232813775203,2.765367272357094,2.165123885427992,0.3508982134556082,-27.12834201535451,62.871657984645495,62.871657984645495
2072,0.9019708538191776,0.8898952899515061,1.2087387451279985,1.358293227053564,0.5954106228215185,24.743550169192577,-65.25644983080743,65.25644983080743
2073,1.3495865213724043,1.1957219390573115,1.5860928082724393,1.326472950327306,0.9038099919640225,-79.44341685649778,10.556583143502223,10.556583143502223
2074,4.181540897233058,4.358971059188541,5.935011702853116,1.3615625390176296,0.3000205465641525,-25.067647081213284,64.93235291878672,64.93235291878672
2075,1.2515550525870838,1.1818402922072633,1.5790855528148482,1.336124316649985,0.5718400098603094,-51.493430790927576,38.50656920907244,38.506569209072424
2076,1.1291450947814663,1.022008367307865,1.6577937903221869,1.622094146537257,0.5171013163002085,42.67870751150729,-47.32129248849271,47.32129248849271
2077,1.1183396299962336,0.7976367463948778,2.448445661864407,3.069624955132496,0.3084360987922536,45.75809112307278,-44.24190887692722,44.24190887692722
2078,1.376313601551939,1.522062815432496,1.6345411882010117,1.0738986404687605,0.4767081930243606,-25.746577712750824,64.25342228724918,64.25342228724918
2079,1.3894843667311525,1.2290804872237082,1.666170346780367,1.3556234633127835,0.7325435681442893,-60.54613074485414,29.45386925514586,29.45386925514586
2080,1.3084726790995154,1.121773778178532,1.648833598931294,1.4698450177794045,0.7533852941075959,-84.28875091227243,5.711249087727566,5.711249087727566
2081,1.4906670352488116,1.5361701791973112,2.047493973917541,1.332856217133059,0.4224810148093444,-84.14782980537002,5.852170194629991,5.852170194629977
2082,1.062665489594652,0.8121892865829665,1.5583907545791085,1.918753153141864,0.6892605270686945,-72.3849423244426,17.61505767555741,17.615057675557395
2083,1.2897792515977275,1.1418735368962665,1.6108218997324528,1.4106832741836175,0.7136486519929569,-4.97794466150173,85.02205533849828,85.02205533849828
2084,1.0683634687220958,0.8621188408969046,1.4128066533251835,1.6387609066232345,0.8035881068446982,29.963765983662974,-60.036234016337026,60.036234016337026
2085,1.6492219709549814,1.4762052874967986,1.9041601322183053,1.2899019860897465,0.8508151771070539,53.656139644485336,-36.343860355514664,36.343860355514664
2086,1.2897792515977275,1.0994898991960704,1.6109356468834597,1.4651663903973562,0.7565841782276824,-41.92827537216047,48.07172462783953,48.07172462783953
2087,2.692416654068769,1.8781464111454196,4.039561774508928,2.150823679419824,0.5645453877591857,9.269073887234889,-80.7309261127651,80.7309261127651
2088,1.4493662838402204,1.13652455791884,2.0069296384084465,1.7658480183511904,0.7609577562706941,65.79458641237721,-24.205413587622786,24.205413587622786
2089,0.9606427264386592,0.8407302119589798,1.421466418695808,1.6907521562519543,0.6065688859485365,8.12510205492748,-81.87489794507252,81.87489794507252
2090,1.8039417076383557,1.5217753255558863,2.479326777593488,1.629233130513415,0.6187153659502967,28.68031837220737,-61.31968162779263,61.31968162779263
2091,1.096409273000846,0.8537559686341101,1.4662375126060394,1.717396500257344,0.9247700717539756,14.420110760671257,-75.57988923932874,75.57988923932874
2092,1.8667925156594296,1.3332769653573704,3.621828785208205,2.7164864310375405,0.3776807450477815,35.24066871908472,-54.75933128091528,54.75933128091528
2093,1.0099380753567209,0.8021995199063991,1.32749528763284,1.6548193494153831,0.8472538679791379,20.21703635493883,-69.78296364506117,69.78296364506117
2094,1.0159318257539256,0.8011299864856825,1.4938323607893067,1.8646566549609536,0.7145583372770467,3.658997139496716,-86.34100286050328,86.34100286050328
2095,1.0278144733504384,0.9928502692605898,1.1127276943626356,1.1207406885142135,0.9852074811391972,-45.59035862536673,44.40964137463328,44.40964137463327
2096,0.9350209696908578,0.8846753120385554,1.0559423800357262,1.1935931359975678,0.851295851267513,-39.13655345195908,50.86344654804091,50.86344654804092
2097,0.9606427264386592,0.7649672191326067,1.4476525410956604,1.8924373553381124,0.5335036630406467,-1.1075379927229447,88.89246200727706,88.89246200727706
2098,1.663882010113248,1.6565175625632176,1.764414774990387,1.0651349643768424,0.8588263879548508,-14.382321042160024,75.61767895783997,75.61767895783997
2099,3.099155335386319,2.671972261893327,4.703796798276164,1.7604212683492122,0.3947331932279836,75.9948506584216,-14.005149341578402,14.005149341578402
2100,1.2221025728266244,1.0771286480803768,1.4674652959078172,1.36238628368402,0.9097899721389566,-3.4420668287502614,86.55793317124974,86.55793317124974
2101,4.599166984315932,3.62632255840894,6.25227375516324,1.72413613363353,0.5081496311854665,49.35853631388858,-40.64146368611142,40.64146368611142
2102,1.5108941070107518,1.3250700594318714,1.845963425055484,1.393106282883599,0.7701643170468416,-41.99974546825652,48.00025453174348,48.00025453174348
2103,0.8746320295080829,0.6746022074964798,2.02389627754658,3.0001329006281687,0.377827624293012,77.61990846795194,-12.380091532048056,12.380091532048056
2104,2.7942199504033955,2.5835501724241423,4.497506148977256,1.7408240014000775,0.2591566796678384,3.726719904371444,-86.27328009562855,86.27328009562855
2105,3.0952348337088336,2.2081252225559798,5.8414008820644,2.6454119641379674,0.3146314086280556,-28.57747716055673,61.422522839443275,61.422522839443275
2106,1.5700125414998518,1.2197637505907646,2.3553283122056192,1.9309709040499603,0.5956522339290695,-56.09829026282608,33.90170973717392,33.90170973717392
2107,1.4906670352488116,1.025536400173286,2.6781166112210446,2.611430087482532,0.5196263757051329,-13.390909531393795,76.60909046860621,76.60909046860621
2108,1.3084726790995154,1.1745418456278498,1.5713197084111483,1.3378150078349924,0.8588844044093978,-60.75800579643269,29.241994203567316,29.24199420356731
2109,1.0099380753567209,0.9033459336952934,1.1671301826175036,1.292008010533855,1.078974546159971,-51.11725439346628,38.88274560653372,38.88274560653372
2110,1.191922542518033,1.2065062995032174,1.3573807861550622,1.1250507243219268,0.6906521540847441,49.902704929065614,-40.097295070934386,40.097295070934386
2111,1.1609582232861997,1.107022993044771,1.3054562715517757,1.1792494643324716,0.8677089374425804,-13.411124364076812,76.58887563592319,76.58887563592319
2112,3.616287534316247,3.079191954433456,4.500258364541715,1.461506275392215,0.603875144125544,32.1273063502987,-57.8726936497013,57.8726936497013
2113,0.9606427264386592,0.8847889728845746,1.137057745290972,1.2851174462357446,0.7837427234546396,-24.27638665943646,65.72361334056353,65.72361334056353
2114,0.9855986414141252,1.0089694991130616,1.0750045526612964,1.0654480176123096,0.743594576988719,14.328204229089962,-75.67179577091004,75.67179577091004
2115,3.8504628239179697,3.0733197324597725,5.249252644862692,1.7080073346815048,0.597056095010894,-28.740289017785628,61.25971098221437,61.25971098221437
2116,1.2270604129519955,0.8145056282303195,1.949947104941638,2.39402532942381,0.7959818229692134,73.20445312894773,-16.795546871052267,16.795546871052267
2117,1.0453852243082644,0.7226114441206458,1.84536436875448,2.553743624971405,0.5747112760976464,75.27205917300043,-14.727940826999571,14.727940826999571
2118,1.2221025728266244,0.8541742932826428,1.9300550605572948,2.2595564813124707,0.5640032459380203,69.34226784574452,-20.657732154255484,20.657732154255484
2119,1.1019327803667114,0.833143238497663,1.7276196769303656,2.073616632892126,0.5712999401875412,-36.6303802526035,53.3696197473965,53.3696197473965
2120,1.0740312192037882,0.9468771856670376,1.4011613664161755,1.4797709646252726,0.7911579887424974,43.98082884249882,-46.01917115750118,46.01917115750118
2121,0.9855986414141252,0.8206199578917136,1.330927019504479,1.6218555333748097,0.7455804399992865,6.095041411660553,-83.90495858833944,83.90495858833944
2122,1.2515550525870838,1.1765654271643524,1.462930612636986,1.2433907871683805,0.7653317402785509,9.489147755573969,-80.51085224442603,80.51085224442603
2123,2.8840340825413238,2.7113741965312865,3.233425950253785,1.192541388934943,0.5799804250405606,88.57147914071518,-1.4285208592848164,1.4285208592848164
2124,0.8746320295080829,0.835964180888917,0.9608396140266532,1.14937892794037,1.0240846435155475,-47.2701289642477,42.729871035752296,42.7298710357523
2125,1.522901401330112,1.054406820639683,2.8889530036505966,2.7398845939728838,0.4144299089863063,34.86032070773546,-55.13967929226454,55.13967929226454
2126,1.0740312192037882,0.9897884901872752,1.3560958994935195,1.3700865517611105,0.649752675952715,-7.576739328996367,82.42326067100363,82.42326067100363
2127,1.847175937850875,1.4798754063886197,2.5238550370309123,1.7054510306309802,0.6468500687019861,-61.49865779545741,28.501342204542595,28.50134220454259
2128,1.1128975557056655,0.7564251625629865,2.3150861516448007,3.0605620571909866,0.4320590686380611,-46.15983388081765,43.840166119182356,43.84016611918235
2129,1.1237553499514827,0.9494766343812312,1.4121775026218004,1.4873220166624834,0.7673903958984502,59.80064675017167,-30.199353249828327,30.199353249828327
2130,0.9086770491564996,0.7931769230242494,1.219369256051912,1.5373231629113255,0.6788534599570275,-25.542032231323248,64.45796776867675,64.45796776867675
2131,1.1074287385521373,1.0302450897260635,1.2287921389834433,1.19271826795134,0.9775306748733584,84.35927376562032,-5.6407262343796845,5.6407262343796845
2132,3.331410886000546,2.5868579638890155,5.047608809187968,1.9512508532163564,0.5069192550768885,87.31494299659917,-2.6850570034008285,2.6850570034008285
2133,2.6400432937821536,2.322425470030144,3.3812953761717925,1.455932782259706,0.6362121902655161,77.33619904273068,-12.663800957269316,12.663800957269316
2134,1.2171245375823248,1.0658020869323943,1.4957732006623086,1.4034249125627656,0.8194778592386226,10.507632513191291,-79.4923674868087,79.4923674868087
2135,1.4451712930335778,1.2351698773417448,1.7512320936026813,1.4178066723676692,0.8810522304248172,75.56433952142528,-14.435660478574718,14.435660478574718
2136,1.652899170550067,1.3515429816497382,2.065721823757407,1.528417410178046,0.8987780839597653,-89.25197452326447,0.7480254767355348,0.7480254767355348
2137,1.7035467376469715,1.4624834409780982,2.2044247072700647,1.5073160115890007,0.6804981684673248,6.3963953691765125,-83.60360463082348,83.60360463082348
2138,0.9350209696908578,0.7330818577947028,1.2764349003144662,1.741190136875448,0.8422809139902152,-73.96857505253018,16.031424947469816,16.031424947469816
2139,1.7035467376469715,1.2322536467870902,3.0038477134439114,2.4376862030605286,0.4828921698773583,-67.4115546517414,22.588445348258603,22.588445348258603
2140,1.2991595879263365,0.9687662349058972,1.8632929575835109,1.9233669490602192,0.7240668804892044,-39.01347455322132,50.98652544677867,50.98652544677868
2141,4.507161014589282,4.159146140730679,5.110457844829133,1.2287276455093084,0.7874017667009546,-9.672282735782014,80.32771726421798,80.32771726421798
2142,3.527906246993929,2.928260360158457,4.585526062962997,1.565955720793509,0.6562695564214954,28.246591183579845,-61.753408816420155,61.753408816420155
2143,1.1074287385521373,0.8879901519899193,1.5589471173528169,1.7555905477772848,0.6583904028538657,-70.54617756731257,19.453822432687446,19.45382243268743
2144,1.989591435188712,1.764679089591327,2.361486529059305,1.3381960170481704,0.7309980454962577,30.21430003155601,-59.78569996844399,59.78569996844399
2145,1.0099380753567209,0.7163045455757109,1.8904331343481888,2.639147197968432,0.4304203521093056,-48.81176766978545,41.18823233021453,41.18823233021455
2146,2.0198761507134417,1.982377066449476,3.432122142995997,1.7313165093980216,0.2849122262259294,12.9250524302004,-77.0749475697996,77.0749475697996
2147,1.4111624987975715,1.0229514752288749,2.180578072638873,2.131653480582733,0.6632911467173045,-18.15375931730481,71.8462406826952,71.8462406826952
2148,1.4660262135550917,1.0717650219942965,2.3144393889613784,2.159465313259397,0.5077510853849065,-61.44215729594895,28.55784270405104,28.557842704051048
2149,1.171370613113025,1.0827878115653091,1.324684420397923,1.2234016732077182,0.8925356279448592,50.950565812400846,-39.049434187599154,39.049434187599154
2150,1.3450803768346336,1.3316661432916193,1.4810880053734246,1.1122066989797184,0.8735930971573382,-70.56210433932219,19.43789566067781,19.43789566067781
2151,0.9917395023300404,0.8836193734478742,1.2255421282082828,1.3869570598324812,0.8388574924640513,70.07734210384538,-19.922657896154618,19.922657896154618
2152,3.253968505277106,1.751093239517486,7.007033472917815,4.001519345051325,0.4001615204286864,-72.574740084355,17.425259915645,17.425259915645
2153,1.376313601551939,1.2808848028844066,2.0773050772506974,1.6217735369900892,0.4994981742673461,44.62462746744367,-45.37537253255633,45.37537253255633
2154,1.0683634687220958,0.8824284742338354,1.4655445412794237,1.6608083080635812,0.7648083430451232,89.14061874309874,-0.8593812569012584,0.8593812569012584
2155,4.845999193800944,3.5558200412158985,6.847846673472604,1.9258136222020417,0.682697652085356,-15.986945413351574,74.01305458664842,74.01305458664842
2156,1.085277926096956,0.8060873735867912,1.633652936730878,2.0266449894404444,0.7180339892539795,14.358963685079862,-75.64103631492014,75.64103631492014
2157,1.432512614476725,1.0801384493103912,2.5032012689132337,2.3174818658769065,0.4430038900544849,32.277024850402206,-57.722975149597794,57.722975149597794
2158,1.3131044552792934,1.024867406599996,2.1755217396287083,2.1227348295190844,0.5247681140154481,38.830794228275614,-51.169205771724386,51.169205771724386
2159,1.0796692170979234,0.8485186048796605,1.4415639269961202,1.6989184664967567,0.8339005415580145,-74.18911036215586,15.810889637844127,15.810889637844141
2160,2.8607838865406863,2.111888922711939,5.265773040899449,2.493394886572687,0.3896920948488236,-51.18329954839054,38.81670045160945,38.81670045160946
2161,1.021890421280174,0.6983493851762319,1.877480667000939,2.688454671621351,0.5348946409758057,-32.277438461607495,57.72256153839251,57.722561538392505
2162,1.5622593457610967,1.396603065877733,1.795157495582656,1.285374162095542,0.8835564220524124,-47.39250082554576,42.60749917445423,42.60749917445424
2163,1.176542252445381,0.9645011109344748,1.5467419132926006,1.6036704320578865,0.8242347586116154,44.98619733680989,-45.01380266319011,45.01380266319011
2164,0.9978425722559162,0.8839728477039914,1.9013139331878424,2.1508736813876888,0.4166815434785949,-33.979364888283186,56.020635111716814,56.020635111716814
2165,4.691956799125379,2.3941664464169152,10.653329673473278,4.449703022702094,0.3945219855478499,85.7071029237559,-4.2928970762441025,4.2928970762441025
2166,0.9978425722559162,0.8993089561404736,1.333566412890068,1.4828790526153313,0.6449936216094095,41.183183990683226,-48.816816009316774,48.816816009316774
2167,0.771352946256698,0.651727378963669,0.9864824279916936,1.5136427589712873,0.929009492804614,-2.0068554444073663,87.99314455559264,87.99314455559264
2168,1.895836839826219,1.4969624755709898,3.5038429043013006,2.34063509371858,0.3679723396191195,-63.24703326080899,26.75296673919101,26.75296673919101
2169,0.9414917802541344,0.7863126236395889,1.2346503965116022,1.5701775087837222,0.8076945429019656,85.25068113535362,-4.7493188646463835,4.7493188646463835
2170,1.062665489594652,1.0685729457384148,1.4128343583956189,1.3221693137844788,0.554711847359469,-58.63655763205728,31.363442367942724,31.363442367942717
2171,1.0453852243082644,0.9119958588898452,1.9304381136544613,2.116718069317054,0.435761884384476,4.095871024554535,-85.90412897544546,85.90412897544546
2172,4.620240024718758,3.785372475909238,5.996257018079092,1.584059971968493,0.7056055078511461,-41.72268192843982,48.27731807156019,48.27731807156018
2173,1.5583682828180965,1.2281203006437849,2.07828492663873,1.6922486547525402,0.7781058793499631,83.96473166792862,-6.035268332071382,6.035268332071382
2174,1.820691757871036,1.6446255321545111,2.099985342661032,1.27687750287446,0.8120808157990478,-21.621863205098894,68.37813679490111,68.37813679490111
2175,1.376313601551939,1.069841999295536,1.9474065990206892,1.8202749567721288,0.7152938623409769,54.49226079255402,-35.50773920744598,35.50773920744598
2176,2.1138735858617226,1.8945921329305493,2.4823430864126967,1.3102255853733626,0.6553733393860242,-85.48946975289822,4.510530247101769,4.510530247101784
2177,1.0099380753567209,0.6844885661489503,1.712903474200115,2.502457395069728,0.6212898340773806,-34.502640388092985,55.497359611907015,55.497359611907015
2178,1.4783979621211876,1.0974078952628104,3.1730949164147724,2.891445314100707,0.3697733313408846,38.83320337803926,-51.16679662196074,51.16679662196074
2179,0.9606427264386592,0.8677240204797922,1.5894127533314997,1.831703071274508,0.5199962235162966,-25.89938180842605,64.10061819157394,64.10061819157394
2180,3.435486411817406,2.754395092244156,4.933262811152908,1.7910512638669822,0.454831693554716,4.18719926689483,-85.81280073310516,85.81280073310516
2181,2.087864581404573,1.796319042748085,2.560631366769355,1.42548807078947,0.7693813323043989,50.31135052608583,-39.68864947391417,39.68864947391417
2182,1.1128975557056655,0.9238575852709418,1.3920493245681975,1.506779125659231,0.936636182843079,-67.80359905057712,22.196400949422866,22.19640094942288
2183,1.0796692170979234,0.6951940326058307,1.9282128698371808,2.7736326541952088,0.5988490180217492,-24.357902550921143,65.64209744907886,65.64209744907886
2184,0.928505064734256,0.7375145207249048,1.224195416083805,1.6598933060742191,0.939601861706091,-81.47881901347976,8.521180986520221,8.521180986520235
2185,0.9219431092603804,0.883791417542851,1.0730969090744114,1.2141970240646536,0.8326984036751441,8.002468854565716,-81.99753114543428,81.99753114543428
2186,2.925833857167784,2.3438053597740454,4.500018886182147,1.9199627082583224,0.4588749826134218,-81.2351896193733,8.764810380626699,8.764810380626699
2187,2.950629502672764,2.5646139737170133,3.747339628078469,1.4611710247555412,0.5847665289153655,24.98273486817897,-65.01726513182103,65.01726513182103
2188,1.398195952804615,0.8565124484751613,2.680387116692217,3.129419918489308,0.4946526213039841,33.55181059734156,-56.44818940265844,56.44818940265844
2189,0.8676627389239214,0.790577129773034,1.0545101285680774,1.3338485125048023,0.9120802976290464,-14.059595182477892,75.94040481752211,75.94040481752211
2190,1.7596455392320107,1.3863902516775952,3.232748767006694,2.3317740175213446,0.4385416600255084,-38.4173187543385,51.58268124566149,51.5826812456615
2191,1.062665489594652,0.9952891916092782,1.184358078562317,1.1899637698740946,0.922805248484498,-84.80589277716209,5.194107222837914,5.194107222837914
2192,1.652899170550067,1.3368362931852282,2.1315246785928625,1.594454526301168,0.8205151154049425,78.85313556443802,-11.14686443556198,11.14686443556198
2193,1.5777276373049178,1.217942200717954,2.153870668549109,1.7684506434537226,0.8338043020236692,6.97907810366047,-83.02092189633953,83.02092189633953
2194,1.0039085404212729,0.8146544453168354,1.2899395165676044,1.5834192325138805,0.9023097899266582,-14.7907682534178,75.2092317465822,75.2092317465822
2195,2.3375524242271446,2.2548111035865066,2.573276504599928,1.1412381731253982,0.7660089449820623,-28.5277578551906,61.4722421448094,61.4722421448094
2196,1.0159318257539256,0.7510213207544091,1.5993527745874645,2.129570400186372,0.7209961863278015,12.512186356522776,-77.48781364347722,77.48781364347722
2197,1.0099380753567209,0.8320698797004056,1.3117109008508088,1.576443196481409,0.856449404146843,31.460419064294868,-58.53958093570513,58.53958093570513
2198,2.192818546001692,1.8790816425505223,2.779191720509457,1.4790159499068884,0.6628083397908854,10.095754847952062,-79.90424515204793,79.90424515204793
2199,1.1291450947814663,0.8250308041478978,1.6494057701560787,1.999205074360352,0.7741312248508099,-51.61278080584376,38.387219194156245,38.38721919415624
2200,0.9855986414141252,0.6726287736503684,1.5325529777394256,2.2784528967178037,0.793810966438278,-31.91431642106061,58.08568357893938,58.08568357893939
2201,1.1128975557056655,0.9077717717521112,1.8242086680187044,2.0095454879564687,0.5023071049432596,-53.14217164916263,36.857828350837366,36.85782835083737
2202,1.7247976224747188,1.5965093960454269,2.0357047762598195,1.2750972724008296,0.7657514686234644,-70.06589680115722,19.934103198842763,19.934103198842777
2203,5.02437848617788,4.476097119601739,6.2398628963186695,1.3940409981260329,0.4910177413637661,45.64947686147996,-44.35052313852004,44.35052313852004
2204,0.9917395023300404,0.9098262208349436,1.2675306025096182,1.3931568177342823,0.7714920612586441,65.63078485054041,-24.369215149459592,24.369215149459592
2205,1.191922542518033,1.1525567865605415,1.27776176070544,1.1086323690119728,0.9595939697595252,55.50353579058447,-34.49646420941553,34.49646420941553
2206,0.9855986414141252,1.0187291964815162,1.0649434759608882,1.0453646362929292,0.8464842752321776,11.314297367866184,-78.68570263213381,78.68570263213381
2207,1.45354916781555,1.0963574875571889,2.082923326372055,1.8998578018681196,0.7524904828621584,-62.95501581491756,27.044984185082455,27.04498418508244
2208,1.0039085404212729,0.8106240526317812,1.2858957779019071,1.586303507436158,0.9655933242958242,86.14839232129741,-3.8516076787025924,3.8516076787025924
2209,1.9650276361365868,1.7263434212876188,2.495257004627152,1.4454001294632488,0.6599489472767759,-55.86925204816354,34.13074795183647,34.13074795183646
2210,1.0908577979726677,0.8916384901865924,1.358406102559386,1.5234942384274073,1.0711038756314413,-72.98356294615441,17.016437053845607,17.016437053845593
2211,2.4982544068961623,1.691750246677607,4.731729984668919,2.796943576016297,0.3693019676619574,-15.80617200406175,74.19382799593825,74.19382799593825
2212,1.6999790965841823,1.3815920231274543,2.3134491300178697,1.674480665269772,0.6711092082712344,-63.78695934999003,26.213040650009987,26.213040650009972
2213,1.7938166040551036,1.1936826295691276,3.376969213799605,2.8290343933534143,0.5005997796626468,2.3496465021575053,-87.65035349784249,87.65035349784249
2214,1.0453852243082644,0.916778185013551,1.3071278603963086,1.4257842101434686,0.8556579385394926,-40.7490032477161,49.250996752283896,49.2509967522839
2215,3.231501250354348,2.4865920810802686,4.571102457059146,1.8383000942692973,0.5797312183451232,-28.78583071428716,61.21416928571284,61.21416928571284
2216,0.9669420905017878,0.71770835768703,1.3519762820777457,1.8837404742433,0.9277479672050576,87.47498987221537,-2.5250101277846255,2.5250101277846255
2217,0.9543017810603904,0.7264654603446221,1.49427843861637,2.056916013470911,0.6744442572742949,-25.23831522523517,64.76168477476483,64.76168477476483
2218,1.376313601551939,0.8421014843204865,2.5305102759598737,3.0049944372225017,0.5891266490801619,45.35671106128061,-44.64328893871939,44.64328893871939
2219,1.3894843667311525,1.2102774474167075,1.9338624408943956,1.5978670386878258,0.6068775025596098,-61.484315926882495,28.515684073117512,28.515684073117505
2220,1.1291450947814663,1.1465348239088111,1.338217327011031,1.167184196332326,0.6927712771094053,10.84629051337186,-79.15370948662814,79.15370948662814
2221,1.0278144733504384,0.9169992716935764,1.248542672703119,1.3615525238065085,0.7946366917798765,20.25667408344548,-69.74332591655453,69.74332591655453
2222,3.059724272277511,2.117330463589331,5.174084397187535,2.443682970685808,0.3640753244370833,44.58978394327872,-45.41021605672128,45.41021605672128
2223,1.0159318257539256,0.8353812788739253,1.336996927256043,1.6004631191379866,0.8757012309088794,-68.4384884378495,21.561511562150486,21.5615115621505
2224,1.3540776702961077,1.3258239599437096,1.805439144679572,1.3617487684837326,0.5014629771260177,76.33484472667071,-13.66515527332929,13.66515527332929
2225,1.0337045758596148,0.7729608975278751,1.4418737911042097,1.8653903395575215,0.9019022470693178,66.65041054672582,-23.349589453274177,23.349589453274177
2226,1.6856330249272244,1.5851892509625911,2.2562550412830342,1.423334809968554,0.5084923141679711,24.630062857163825,-65.36993714283618,65.36993714283618
2227,2.434249075164649,2.10971973741493,2.8980986231801324,1.3736889179086955,0.7801958271148952,-75.28896063870097,14.711039361299015,14.71103936129903
2228,3.863056358192316,3.484439411328017,4.558939420840954,1.3083709838718116,0.664840892489069,71.39973603286629,-18.600263967133714,18.600263967133714
2229,0.9669420905017878,0.8873326581570103,1.5546425758463445,1.7520402991537996,0.4466368171055682,-11.728212088650876,78.27178791134912,78.27178791134912
2230,1.0740312192037882,0.8717828881682161,1.422832272243721,1.6320947469310458,0.8810047261462234,56.39367507688858,-33.60632492311142,33.60632492311142
2231,1.5968523069270035,1.5001103400227138,3.000195790013468,1.9999834078658776,0.3643159482431419,-30.543523144987063,59.45647685501294,59.45647685501294
2232,1.2221025728266244,0.7904458736152038,2.6948312241656254,3.409254591766638,0.4469023276582152,61.20568080380551,-28.794319196194493,28.794319196194493
2233,1.380717816333713,1.301355620851995,1.5400942895040486,1.1834538267839132,0.8345680274654219,-85.36244591504087,4.637554084959135,4.637554084959135
2234,1.824023310076927,1.4697475571205252,2.4137207932734386,1.642268960801888,0.8446816112760727,-74.16017164751425,15.839828352485767,15.839828352485753
2235,1.514907113035081,1.0485427761638615,3.232098803074019,3.082467283689456,0.3922338082871404,-22.82321003544704,67.17678996455297,67.17678996455297
2236,0.9219431092603804,0.7479529057651415,1.238446820071597,1.655781815306526,0.8094718377845941,-12.315562694822834,77.68443730517717,77.68443730517717
2237,1.876523906614425,1.3273065552611396,3.3415752458501693,2.517561020553187,0.4918510663138085,29.75502080538462,-60.24497919461538,60.24497919461538
2238,1.1557168501373432,0.751800762975219,1.9122194117369584,2.543518849554545,0.6784200616563836,-21.994500015810228,68.00549998418977,68.00549998418977
2239,0.84641062903508,0.7093415540040804,1.0825182386342656,1.5260888531394827,0.951655940174452,-15.845827511781645,74.15417248821835,74.15417248821835
2240,1.4068535956126136,1.2605845247940866,1.658643862584356,1.3157736192702283,0.8128118641531664,-52.87207176953786,37.127928230462146,37.12792823046214
2241,0.9606427264386592,0.8223861898597414,1.356407064660213,1.6493553532210328,0.6294215883246593,89.86991034741263,-0.13008965258737248,0.13008965258737248
2242,1.0683634687220958,0.8537352023888736,1.4248925458036954,1.6690099480689582,0.8378904341826128,3.2456142403266868,-86.75438575967331,86.75438575967331
2243,1.5777276373049178,1.4385521840284274,1.7904867902791826,1.244645004997469,0.8532489323778983,14.883634768800391,-75.11636523119961,75.11636523119961
2244,1.4987906214766678,1.3019541105362291,1.7908839541328652,1.3755353891814688,0.836083355150425,16.624923077808663,-73.37507692219134,73.37507692219134
2245,1.2071068813224677,0.800228101332325,2.2083333701413514,2.759629868614496,0.5991766055893619,69.80889503003235,-20.191104969967654,20.191104969967654
2246,0.9086770491564996,0.701927057131571,1.3667277824883834,1.947107991638796,0.6916602690778031,-40.24329877224093,49.756701227759066,49.75670122775907
2247,1.1128975557056655,0.904671465993812,1.445726763386112,1.598068268681308,0.7937469882796393,28.28398762350491,-61.71601237649509,61.71601237649509
2248,1.062665489594652,0.7720357721206924,1.60714356518113,2.0816957234591524,0.6665694448598363,51.19388115664663,-38.80611884335337,38.80611884335337
2249,3.809246308226629,3.185545634259422,4.712305975355347,1.4792774979194003,0.6816351067339987,64.30420722843903,-25.695792771560974,25.695792771560974
2250,1.2418151765086958,1.0829885178088114,1.571395950823415,1.4509811738381015,0.7222208744698404,7.39282849794695,-82.60717150205305,82.60717150205305
2251,1.0159318257539256,0.8806585181070183,1.2339099983690098,1.4011219706604416,0.9707009984097748,-29.069428084750424,60.93057191524957,60.93057191524957
2252,1.4824989352200384,1.4528070898085756,1.634869851179274,1.1253179191152538,0.8060691612927886,-5.828317984976521,84.17168201502348,84.17168201502348
2253,2.2121146184952187,1.7882282168288786,4.429309926249263,2.476926537991833,0.3585105345555527,-50.493450076756346,39.506549923243654,39.506549923243654
2254,1.2121260584033826,1.0315111872921805,1.5007648743243454,1.4549186599362072,0.7917192498885587,-3.555402563985502,86.4445974360145,86.4445974360145
2255,1.2020667470700563,1.1907571388814189,1.4527815831890916,1.2200486024831352,0.6907613915542622,-79.0418635053661,10.95813649463389,10.958136494633905
2256,0.9917395023300404,0.9947869241646652,1.0745748850726098,1.0802060812921757,0.8948808439211009,63.92404310997589,-26.07595689002411,26.07595689002411
2257,1.2121260584033826,1.066970210995506,1.5283524297095707,1.4324227742811917,0.7584449173530463,62.01722856721066,-27.98277143278934,27.98277143278934
2258,1.191922542518033,1.0338225665632557,2.085483224645798,2.017254500043064,0.447474415179967,-66.61577729874828,23.3842227012517,23.384222701251716
2259,1.1451621372724683,1.1824876337744097,2.0791755325905124,1.7583063646542705,0.3249720034646583,-55.20051463632941,34.799485363670584,34.79948536367059
2260,3.733585031318859,2.4793143834749385,6.082884898729414,2.453454446629641,0.5761647034014579,23.351212292017724,-66.64878770798228,66.64878770798228
2261,0.9606427264386592,0.7241998125905791,1.3507003087483602,1.865093424861142,0.9156992923062908,87.27238236501033,-2.72761763498967,2.72761763498967
2262,2.3889333407400763,2.331836295169087,2.5054496692358508,1.074453500199153,0.9295933336673868,-47.74467740283108,42.25532259716891,42.25532259716892
2263,1.171370613113025,0.7481883263164393,1.9857948908757976,2.654137763218621,0.6718367006847896,-30.218291190972806,59.781708809027194,59.781708809027194
2264,1.326902779425731,1.2694843099592144,1.434601838301916,1.130066616063972,0.9867490845139574,68.44253173916228,-21.557468260837723,21.557468260837723
2265,1.4906670352488116,1.2349856728519175,2.0459679408164444,1.656673422042013,0.654004689256617,-59.24160846926979,30.758391530730194,30.758391530730208
2266,5.969791392445047,3.60126830577598,12.086139388933772,3.3560785708604746,0.2730334378084701,81.72799669788334,-8.272003302116659,8.272003302116659
2267,0.9414917802541344,0.7136296050885523,1.3614179985997952,1.9077375558583511,0.7432364083946719,-83.55026118183584,6.449738818164178,6.449738818164164
2268,1.270810876469873,1.2102502087150633,1.5352712948917944,1.268556934620825,0.7382966283897824,-77.2976168092005,12.70238319079948,12.702383190799495
2269,4.777866681480153,4.303032974958255,6.345166140256139,1.4745799479535004,0.3705014490099225,86.90360081310715,-3.096399186892853,3.096399186892853
2270,1.1345092346885122,1.0167170900261768,1.3822320369892778,1.359505068370288,0.7990187476637103,24.109353943756886,-65.89064605624311,65.89064605624311
2271,1.1661760393441107,1.0231592527030644,1.458303984594439,1.4252952125896083,0.8221117971452772,-55.18412045524536,34.81587954475464,34.81587954475464
2272,1.9495180989563052,1.3088064481008794,3.669502846313712,2.803701686860024,0.4586046280785417,-0.7952523931191124,89.20474760688089,89.20474760688089
2273,1.171370613113025,0.9082820417452718,1.7732293586690837,1.9522893519526248,0.6376587930719292,-74.31961402802283,15.68038597197716,15.680385971977174
2274,7.441106562304429,6.369813864210771,12.309946158680592,1.9325440932968003,0.1784799247793678,75.36570457944092,-14.634295420559084,14.634295420559084
2275,0.9479184199131095,0.6778690233384115,1.599425961435691,2.359491150014111,0.5928155916182535,78.99249763006473,-11.007502369935267,11.007502369935267
2276,1.6044383463340146,1.5103748166843378,1.85498852643987,1.228164364202025,0.8247922321109609,49.84551232223037,-40.15448767776963,40.15448767776963
2277,1.0740312192037882,0.9125447805637124,1.3310614437090496,1.4586258910897545,0.8909972753037985,-35.20993772599734,54.79006227400265,54.79006227400266
2278,0.9414917802541344,0.8549051309058031,1.0617362960825347,1.2419346401133264,1.1049834304028432,-87.85841532539108,2.1415846746089073,2.1415846746089215
2279,5.030416679062428,4.440726864757801,5.763173631146972,1.2977996185453973,0.8314069155240406,85.9530942032615,-4.0469057967385,4.0469057967385
2280,1.7665326322454526,1.3492279299403214,2.839192880938208,2.1043093001074995,0.4121080675570654,-49.05505346986335,40.94494653013663,40.94494653013665
2281,3.844150585535962,2.855379613441623,5.364064549360732,1.8785819314915404,0.7187344741838299,73.40365520196418,-16.596344798035815,16.596344798035815
2282,0.9543017810603904,0.8075575370562024,1.200661176592158,1.486780967915847,0.9694976560002614,-86.25849215868739,3.7415078413126253,3.741507841312611
2283,0.8884066096615684,0.8643827501274709,1.0929597384047645,1.264439553246042,0.7142546322698373,-74.27381626968925,15.726183730310765,15.726183730310751
2284,3.900593010191821,2.588110282853887,6.047172247272972,2.3365203126525222,0.6632106381422034,35.85999495141049,-54.14000504858951,54.14000504858951
2285,4.672506846115035,4.235415046727776,5.262983653364434,1.242613438187255,0.8191231297980054,55.05348241839671,-34.94651758160329,34.94651758160329
2286,0.9855986414141252,0.9204763989803478,1.0992760910543329,1.1942469054850828,1.0152232801136851,-40.54308607554314,49.45691392445687,49.45691392445686
2287,2.9772584239298063,1.781779980000558,5.538151462766379,3.108212868552179,0.4682003907444982,61.98477435880667,-28.015225641193332,28.015225641193332
2288,0.9350209696908578,1.079343662191363,1.2879577384406875,1.193278641045412,0.5278623635920865,7.800077177617897,-82.1999228223821,82.1999228223821
2289,0.8319410050566239,0.7162380169554664,1.0204043942542076,1.4246722040693538,1.0806845120380204,81.82017875655797,-8.179821243442035,8.179821243442035
2290,2.037830958486928,1.1557354153739063,4.023945947990451,3.481718994211676,0.4571321837512008,36.08863068742957,-53.91136931257043,53.91136931257043
2291,1.4660262135550917,1.0720285478993747,2.084757850610099,1.944685013001896,0.7331540993326316,-11.45573866093316,78.54426133906684,78.54426133906684
2292,0.9219431092603804,0.6769774282078008,1.4745294571034289,2.1781072686677767,0.6556284329065184,30.061591217343015,-59.938408782656985,59.938408782656985
2293,0.8246109854774907,0.4401692249802176,2.0519164738889524,4.661653649187244,0.4675456166189169,43.891631914240754,-46.108368085759246,46.108368085759246
2294,4.342510033206305,2.5261396777669587,8.913444567290965,3.528484448322436,0.433511961999015,67.12785301692,-22.87214698308,22.87214698308
2295,1.096409273000846,0.8741174353787724,1.7590560325120546,2.0123795285582204,0.6123674928824451,-47.58054409726282,42.419455902737184,42.41945590273718
2296,1.1345092346885122,0.7701611721287385,1.875329574911184,2.4349832772375963,0.710624606142716,43.28148994789768,-46.71851005210232,46.71851005210232
2297,1.0683634687220958,0.8065762373146133,1.6590935545940575,2.056958137172235,0.6416551152171877,60.8748611198967,-29.1251388801033,29.1251388801033
2298,0.979419278671245,0.8047159256808039,1.2255876232409644,1.5230065469427558,1.0454724940110025,33.10880680238577,-56.89119319761423,56.89119319761423
2299,1.946401361393312,1.3153905651687552,4.79161929513295,3.6427350339997457,0.3079257448577981,36.30485213609239,-53.69514786390761,53.69514786390761
2300,1.340559085464394,1.158050484606629,1.6740219611052225,1.445551798783505,0.8221505700700957,77.15705931161148,-12.842940688388524,12.842940688388524
2301,2.1508869793231744,1.390197396908813,3.721927891976671,2.677265761144856,0.4723143837373647,-35.59581264200136,54.40418735799864,54.40418735799864
2302,1.1183396299962336,0.7303833136133192,1.8726469132948749,2.5639234609983093,0.613048678231401,74.97121268096824,-15.028787319031764,15.028787319031764
2303,0.973200680696656,0.8322706319306818,1.3123059251830949,1.576777883101364,0.6816959526296805,70.54474825786302,-19.45525174213698,19.45525174213698
2304,2.2823579051052425,1.6769953599213308,3.293993521894592,1.96422339656868,0.6671969590454423,-78.78146973713285,11.218530262867148,11.218530262867148
2305,1.0159318257539256,0.6507406942759567,1.727826734492725,2.655169331949007,0.6234117488873773,75.51903278496502,-14.48096721503498,14.48096721503498
2306,1.0453852243082644,0.8993699390178895,1.2907931572296298,1.43521936995045,0.9351217164227338,-33.33937164724349,56.660628352756504,56.66062835275651
2307,1.4068535956126136,1.396163572043483,1.4754987995769793,1.0568237340681923,0.9451530100678066,-51.04304083792579,38.95695916207421,38.95695916207421
2308,1.9432796250435167,1.4881930532192011,2.7004805798115994,1.8146036725343029,0.7561309935320795,-24.7944702527685,65.2055297472315,65.2055297472315
2309,0.9219431092603804,0.8600916591849451,1.0534628775433543,1.2248262918183106,0.8832048336632801,6.844454216193927,-83.15554578380608,83.15554578380608
2310,1.0740312192037882,0.7058625466576564,1.8153819198795127,2.57186321681971,0.5974464593953253,-56.25066278942111,33.74933721057889,33.74933721057889
2311,1.566140741422161,1.277862103089306,2.105734703379718,1.647857541348931,0.6663391427098164,-31.36800875633805,58.63199124366196,58.63199124366195
2312,1.4906670352488116,1.3101272012661682,1.8087720028762453,1.3806079296179512,0.8637642343874504,56.89612848908335,-33.10387151091665,33.10387151091665
2313,2.92375806133559,2.5164622530418925,4.985517879392633,1.9811613996459327,0.3773079814163131,39.77379909813249,-50.22620090186751,50.22620090186751
2314,1.0511768765181757,0.8060610164346396,1.663943860586019,2.0642902046621208,0.6135741283150876,34.46568402351731,-55.53431597648269,55.53431597648269
2315,1.5892300566907107,1.2833394614280582,2.422086685426519,1.887331262089689,0.5145447131391058,69.79732572960708,-20.20267427039292,20.20267427039292
2316,2.409178900516788,1.96011165772996,4.272869845199144,2.179911449609779,0.4300077623040614,62.43664615990967,-27.56335384009033,27.56335384009033
2317,1.833981655109284,1.7219707476604622,2.504889090469724,1.4546641363524702,0.4305613042884531,-5.414771582803718,84.58522841719628,84.58522841719628
2318,5.49863353260818,2.978048524883832,12.219076011791534,4.103047989209033,0.4048620983640829,62.59451326722875,-27.40548673277125,27.40548673277125
2319,1.0740312192037882,0.9918142286918252,1.3139267670242043,1.324771039791632,0.7979221819822243,-41.78467687076691,48.2153231292331,48.21532312923309
2320,1.0740312192037882,0.7009796106704649,2.117065019241997,3.0201520657884635,0.4278620696018353,4.453678133714654,-85.54632186628535,85.54632186628535
2321,1.7904288454052892,1.4012524923762395,2.382570040370524,1.700314578088756,0.7270049496018072,27.475716220322223,-62.52428377967777,62.52428377967777
2322,1.0039085404212729,0.6807799653928365,1.614824697580368,2.3720214748807296,0.7912817507722091,-21.45013975173871,68.5498602482613,68.5498602482613
2323,0.8952144227026446,0.7907551392562624,1.0939645569260337,1.383442866972641,0.7863248285922999,-79.98444210279479,10.015557897205213,10.015557897205213
2324,1.1128975557056655,1.005890669473759,1.3990606362739848,1.390867495575753,0.6183763771759505,59.12521827758017,-30.874781722419833,30.874781722419833
2325,1.8504598087771928,1.6208258224418044,2.1946441035843547,1.354028343574933,0.8177076632812658,37.099959125337264,-52.900040874662736,52.900040874662736
2326,0.9350209696908578,0.7893874513797016,1.174443956315094,1.4877915202001066,0.9880429174172544,21.2435098892836,-68.7564901107164,68.7564901107164
2327,1.1970053909181526,0.9233306546860786,1.646100083236003,1.782785045510763,0.8974567069651426,-52.462583334649786,37.53741666535021,37.537416665350214
2328,1.4025314545362868,1.0075343763840785,2.1274465816622903,2.1115374636619784,0.6824474187600452,-69.59773287220948,20.402267127790537,20.402267127790523
2329,2.476285939639421,1.9851992166501384,5.382170518044944,2.711148822195748,0.3213799498708797,4.034566694506236,-85.96543330549376,85.96543330549376
2330,1.1661760393441107,1.2696749116561914,1.3395203800888809,1.055010513156932,0.5403493447602911,-18.8652085382723,71.1347914617277,71.1347914617277
2331,1.085277926096956,0.7399126333973596,1.756591169322324,2.3740521380974604,0.6621334699581617,-76.36334179803319,13.63665820196681,13.63665820196681
2332,1.2944779165271465,0.8060091940781102,2.6979351576523904,3.347275908853881,0.4797099998099083,-31.749590085155127,58.25040991484488,58.25040991484487
2333,1.902230911401452,1.387507123445291,3.808355112479052,2.744746349858444,0.3822511319253293,-84.86742112840652,5.132578871593466,5.132578871593481
2334,1.1557168501373432,0.8605853462851152,1.680931765285424,1.9532423745552887,0.7924604152781554,21.43661300088121,-68.56338699911879,68.56338699911879
2335,1.7561918645793366,1.661671455756047,2.0005746801582687,1.2039532082158946,0.6696409675448086,-21.024915670655997,68.975084329344,68.975084329344
2336,1.191922542518033,0.9347733195217992,1.7465415464715626,1.8684118491582955,0.6268286712063358,-75.29391903956615,14.706080960433837,14.706080960433852
2337,0.973200680696656,0.8249882931756367,1.1894934015784309,1.4418306434382244,1.0152991083478282,81.55927957640405,-8.440720423595948,8.440720423595948
2338,1.3223193364400538,1.0215197297884766,2.111092381008524,2.0666192922633635,0.5239508317460595,-24.87773704692537,65.12226295307462,65.12226295307462
2339,0.9414917802541344,0.8215946205645595,1.2591839231430264,1.5326097464924695,0.5599625844261957,41.74255417094788,-48.25744582905212,48.25744582905212
2340,0.9917395023300404,0.9644496646790875,1.0987772986647382,1.1392790509501054,0.897540141863933,35.341589708921795,-54.658410291078205,54.658410291078205
2341,1.2171245375823248,0.9768513503489076,1.690287606140808,1.7303427031524077,0.7721102721885382,24.4057596971924,-65.5942403028076,65.5942403028076
2342,1.0908577979726677,0.9757112749628822,1.29766576346839,1.329969015186132,0.9178798060691258,-40.64261561560881,49.357384384391196,49.35738438439119
2343,0.9855986414141252,0.990819322861792,1.063604146026767,1.0734592286258102,0.8890447122212339,76.21901629636345,-13.78098370363655,13.78098370363655
2344,2.414213762644935,1.9023608307319744,3.1476600211528574,1.6546072492155586,0.8234082176412064,-18.364116367959767,71.63588363204023,71.63588363204023
2345,0.9606427264386592,0.8682938388347654,1.1043706294191555,1.2718858294574575,1.0762461414303814,-57.625472423237646,32.37452757676235,32.374527576762354
2346,0.8884066096615684,0.8247071383877841,1.1030508790902545,1.3375061615770698,0.8239783966974914,68.85303852630017,-21.146961473699832,21.146961473699832
2347,0.9414917802541344,0.7661771206212242,1.295686326088611,1.6911054783756203,0.7978630910315838,-34.2455122137388,55.754487786261194,55.7544877862612
2348,1.1816912584570125,0.8547795224956172,1.7152083318468685,2.006609057314733,0.7997346761774508,-35.702263720142206,54.29773627985779,54.297736279857794
2349,2.2093683547194614,1.532149352178836,3.2771571266498727,2.138927985048912,0.7309698416871561,-43.91517268413836,46.084827315861645,46.08482731586164
2350,1.1128975557056655,0.8711856465302169,1.5622466943817352,1.7932420037036836,0.6874876098475582,14.307024439977337,-75.69297556002266,75.69297556002266
2351,1.0796692170979234,1.0508234071021332,1.521993486812662,1.4483817894862845,0.5866824942353152,12.171622941415404,-77.82837705858459,77.82837705858459
2352,1.0099380753567209,0.7560312905323001,1.4677176878481375,1.9413451615405484,0.7480755944073816,-12.580101905183197,77.4198980948168,77.4198980948168
2353,2.3088055769685463,1.6801563224934142,3.6037931021348113,2.1449153592962404,0.5355632429939335,38.53608238274021,-51.46391761725979,51.46391761725979
2354,3.539932258850451,2.9288094459741605,4.574730795554329,1.561976250057031,0.6374192416623558,-31.4701262846955,58.529873715304504,58.529873715304504
2355,1.0099380753567209,0.8190593464242143,1.3082886462409788,1.5973062903837236,0.8335015147601919,6.001106188118932,-83.99889381188106,83.99889381188106
2356,1.2897792515977275,1.0722611945412877,1.721431295300112,1.6054216118830436,0.7634184870072609,33.201591426396874,-56.798408573603126,56.798408573603126
2357,1.9401528657775409,1.6462319280421338,3.372649796898349,2.048708775141694,0.3065329282188634,-1.0353238467512675,88.96467615324873,88.96467615324873
2358,1.797197976714934,1.6614319453070747,1.986289976170266,1.19552894223612,0.8807640439864813,37.93729292172732,-52.06270707827268,52.06270707827268
2359,0.8535534614000618,0.6235708811912629,1.2629889225392046,2.0254135666604647,0.8034929167873683,-77.61074242822009,12.389257571779922,12.389257571779908
2360,1.4451712930335778,1.2876557356689415,1.7746558585684122,1.3782067748461295,0.8058979151729332,-65.70279535339893,24.297204646601074,24.297204646601074
2361,1.171370613113025,1.0361234280545433,1.4983167372627373,1.4460793923712565,0.6747395279721843,79.55115696295277,-10.448843037047226,10.448843037047226
2362,1.2850634067342854,1.1272440892364903,1.550901436222463,1.3758346138438622,0.9020928839395358,53.24360029398128,-36.75639970601872,36.75639970601872
2363,1.0278144733504384,0.8083802649765477,1.6574409551795417,2.050323377485751,0.6184146149726014,-69.63119440925063,20.36880559074939,20.368805590749375
2364,1.1074287385521373,0.6324833747854222,2.230643369785105,3.5268015867482343,0.5321926271918758,89.32528092976266,-0.6747190702373445,0.6747190702373445
2365,1.2515550525870838,0.7408855364022738,2.2626865241887315,3.0540298237920727,0.6098754397761619,85.72241500547122,-4.27758499452878,4.27758499452878
2366,1.3495865213724043,0.9689735685025436,1.9707040842533292,2.0338058212453256,0.7549482614093463,-16.051120498436205,73.9488795015638,73.9488795015638
2367,1.1345092346885122,0.9201840084648176,1.467089089735406,1.5943431707566986,0.8660979146183698,79.05358979035265,-10.946410209647354,10.946410209647354
2368,1.1661760393441107,1.0832201672030977,1.344381265169328,1.241096967978869,0.7761673638970044,46.438503913923405,-43.561496086076595,43.561496086076595
2369,1.2369164782162358,0.8087195998375071,2.0208223107088794,2.4987923021958607,0.6158798076262524,-78.41844607461367,11.581553925386345,11.58155392538633
2370,2.102353753036351,1.7338777834884018,2.7519843311247025,1.5871847239359422,0.7045305656813415,48.38712515950306,-41.61287484049694,41.61287484049694
2371,4.120108835601922,2.966648439030064,6.064467093380534,2.0442149509846512,0.6301142961549239,-10.568103400521174,79.43189659947882,79.43189659947882
2372,0.979419278671245,0.90768417655814,1.194882643211791,1.3164079247725595,0.7979520295580689,-84.91376680792091,5.086233192079078,5.086233192079092
2373,1.2466946262544771,1.233628975842758,1.415723877812059,1.1476091317042083,0.6893149213611512,-39.64926901237616,50.35073098762385,50.35073098762384
2374,2.607648897704901,2.600067060201769,2.745827796422723,1.056060375692634,0.7410729205523958,66.32895888947289,-23.671041110527113,23.671041110527113
2375,1.0796692170979234,0.7630728138305852,1.644713229901546,2.155381767101848,0.7349358125929719,-32.397630515831146,57.60236948416886,57.602369484168854
2376,1.4282681233264556,1.256536799796195,1.997115475194842,1.5893808088380426,0.5385054712970004,76.4100950524502,-13.589904947549797,13.589904947549797
2377,1.3718952479298128,0.9502947791642844,2.4399132910311474,2.5675330902868634,0.4980118732460896,-39.92297045624761,50.07702954375239,50.07702954375239
2378,1.415458284986553,1.3875771465949,1.646280222210049,1.186442300703787,0.5729562590693243,21.43422637859593,-68.56577362140408,68.56577362140408
2379,1.9181228409342128,1.7137772694708633,2.574091851092106,1.5019990619241137,0.5417535366989923,72.18063294087212,-17.819367059127885,17.819367059127885
2380,1.6195038256468852,1.5804674136999444,2.021504047686584,1.2790545570023195,0.5751089695936769,85.91813386356714,-4.081866136432865,4.081866136432865
2381,1.566140741422161,1.1198747681643728,2.917597567901971,2.60528913664544,0.2932453712742651,12.937800181897678,-77.06219981810233,77.06219981810233
2382,0.9669420905017878,0.9361372952507916,1.2198800326702832,1.303099490703954,0.6866862151236689,-43.02433886947811,46.9756611305219,46.97566113052189
2383,3.562158567226919,3.8235803773541375,5.266911968783378,1.3774816922844455,0.3030154937916962,56.81993169603599,-33.18006830396401,33.18006830396401
2384,2.3608122252162294,2.141546050021218,2.8589222655837974,1.334980522858928,0.6020897733476201,-70.78961342311263,19.210386576887373,19.210386576887373
2385,1.2418151765086958,1.125383719491728,1.4614441691681517,1.2986185457065285,0.8811526760598136,3.342788405087907,-86.6572115949121,86.6572115949121
2386,1.0740312192037882,0.9056236079841392,1.3483026470996524,1.4888112845256856,0.8975075827456687,-9.528184859455754,80.47181514054425,80.47181514054425
2387,1.176542252445381,1.0985229793751576,2.020840029933992,1.839597412048176,0.3390376384157693,-7.843229727924125,82.15677027207587,82.15677027207587
2388,5.588439900806791,4.591389649624531,9.887516149712557,2.1534909698899383,0.3407344594798783,-80.6409073530603,9.3590926469397,9.3590926469397
2389,1.0039085404212729,0.8165305461897427,1.4926484621407217,1.8280375046665611,0.6877123813329692,57.80048291362751,-32.19951708637249,32.19951708637249
2390,1.1183396299962336,0.7475438930580565,2.1239857701879616,2.8412856956119987,0.4992146903896233,-31.57145664393345,58.428543356066555,58.428543356066555
2391,1.2612197138901655,0.8920702556391072,1.9890765580059768,2.2297308372656586,0.7006759326649712,-84.50919084515672,5.4908091548432765,5.4908091548432765
2392,1.2369164782162358,1.1321559189208588,1.4695220699229985,1.2979855913518592,0.842484914455393,-2.125079975735321,87.87492002426468,87.87492002426468
2393,1.367462618417021,1.1364902554987844,1.8204004508867768,1.6017739193793938,0.7306453600126654,82.81517510109477,-7.184824898905234,7.184824898905234
2394,1.0511768765181757,0.8449013108926481,1.5721803454834042,1.860785780794182,0.568519975083515,-76.05991942976026,13.94008057023973,13.940080570239743
2395,1.1291450947814663,0.9027092293888692,1.495856486601454,1.6570745461571752,0.9380388455037714,84.13165700599119,-5.868342994008813,5.868342994008813
2396,1.3938469657443524,1.1756865882678806,2.0095746389767077,1.7092775056125968,0.5194283803609175,6.859147211130403,-83.1408527888696,83.1408527888696
2397,2.476285939639421,1.747120397765936,3.716926902512866,2.1274589360102176,0.6686320036891923,80.56932151138666,-9.430678488613339,9.430678488613339
2398,1.186817925731738,0.9929216618533488,1.4903514219544105,1.5009758364749326,0.8712369656988518,-67.80851782773065,22.191482172269332,22.191482172269346
2399,3.6213206439674015,2.066775193481963,7.780819296199852,3.764714866299152,0.3053758734481003,-32.46456661305216,57.53543338694783,57.53543338694784
2400,1.039561305877423,0.9311097514682036,1.289027982763547,1.3843996164050116,0.6931695139959361,-29.730606758538,60.269393241462,60.269393241462
2401,3.6629942901315258,2.5998679307320005,5.916523200697597,2.275701442662044,0.514739891950021,10.409716474202222,-79.59028352579777,79.59028352579777
2402,1.2121260584033826,1.078278564919144,1.4882773666775209,1.3802345841764194,0.7058861603846094,-66.48058970289286,23.51941029710713,23.519410297107143
2403,1.0740312192037882,0.811774728177249,1.4877601825622615,1.832725423594873,0.90116080015429,-0.0006231866380719,89.99937681336193,89.99937681336193
2404,4.454317077732484,4.893350011339694,8.07870679391512,1.650956251891604,0.1434224206966314,28.1571673167294,-61.8428326832706,61.8428326832706
2405,1.6232483481616002,1.248575121968243,3.295346517400784,2.63928574213943,0.3158080186534109,4.60588820676846,-85.39411179323154,85.39411179323154
2406,0.8952144227026446,0.9866700777036445,1.387464082607285,1.4062087357877928,0.4011649614222194,50.549276316143526,-39.450723683856474,39.450723683856474
2407,1.0740312192037882,0.943575053843814,1.4794192197891918,1.5678871688717553,0.6819788050744572,-86.75418358962372,3.2458164103762783,3.2458164103762783
2408,0.8606370140730026,0.5751452202514847,1.8001255986036666,3.129862746345269,0.3992951792961464,-61.60181104758908,28.39818895241092,28.39818895241092
2409,1.4367445664276617,1.3382788044845884,2.0688543153536,1.545906808372698,0.4783027372296466,9.234365185458085,-80.76563481454191,80.76563481454191
2410,2.156524962728441,1.704618765739983,3.083977906283513,1.8091892265099785,0.5516796788286468,57.02827217117526,-32.97172782882474,32.97172782882474
2411,1.432512614476725,1.2808267156123314,1.6581718107672938,1.294610574994575,0.9204859080125708,-21.037530943962743,68.96246905603726,68.96246905603726
2412,1.4025314545362868,0.966834008053708,2.3067503406861047,2.385880431874469,0.5568593228260542,53.534750049759126,-36.465249950240874,36.465249950240874
2413,3.257697983298061,2.2741896887015054,5.009630572606785,2.2028200187061504,0.5508423186052646,83.86437873226173,-6.135621267738273,6.135621267738273
2414,3.5774651199960474,3.7090332132326536,4.075893077033203,1.0989098351806907,0.4713200292080586,-60.55555882442407,29.444441175575946,29.444441175575932
2415,1.0683634687220958,0.9140137034886032,1.2978500417656738,1.419945933865155,0.90851990921905,35.29326731487107,-54.70673268512893,54.70673268512893
2416,2.260977031904715,1.9676453881699891,2.741982878753888,1.3935350827132889,0.7786313711776406,21.949300308369025,-68.05069969163097,68.05069969163097
2417,1.8039417076383557,1.48726812482841,2.538973510439558,1.7071390612452522,0.6114339802962676,6.691046166676176,-83.30895383332383,83.30895383332383
2418,1.0796692170979234,0.9675603914077936,1.3047067117375484,1.3484498986561546,0.8430519481970059,-66.01606434804864,23.983935651951356,23.983935651951356
2419,1.3585539723246187,1.2803421405975108,1.5668195728011172,1.2237506859454872,0.7912375456110603,37.83481438935271,-52.16518561064729,52.16518561064729
2420,1.2466946262544771,1.0267472001873843,1.573946125534862,1.5329441611797066,0.8381713428098703,-55.18077083320659,34.819229166793406,34.81922916679341
2421,1.0278144733504384,0.8408708440999135,1.4781540560229895,1.7578847767105517,0.6360809985561525,-62.126619579010814,27.87338042098918,27.873380420989186
2422,1.470161697690137,1.3169759012946507,1.694055020310392,1.2863219582416463,0.9228580577438438,70.37715807531843,-19.622841924681566,19.622841924681566
2423,1.4824989352200384,1.2748443905239295,1.7988941969702337,1.4110696257061872,0.8721491050323122,55.38719028799306,-34.61280971200694,34.61280971200694
2424,0.9153341128725788,0.7966406457846829,1.214750177131097,1.5248408219675764,0.7947225035997171,-24.1699931094079,65.8300068905921,65.8300068905921
2425,1.663882010113248,1.3957970456936175,2.044605787096008,1.4648302870421797,0.8449891467634892,14.7943517476946,-75.2056482523054,75.2056482523054
2426,1.626984252638553,1.4055758861452006,3.611004270464002,2.56905678736934,0.2567136123452518,-58.451050419555614,31.5489495804444,31.548949580444386
2427,1.2418151765086958,1.1046170666810262,1.6955418103809818,1.534958911576,0.6723832005626024,7.340935438349577,-82.65906456165042,82.65906456165042
2428,0.9978425722559162,0.8488902142279056,1.233405739997823,1.4529626085036773,0.9587962548973789,-32.09657707678598,57.90342292321402,57.90342292321402
2429,1.5583682828180965,1.5956409770867326,1.7662607952585456,1.1069287017705731,0.6318612783352249,-34.1957018081005,55.804298191899505,55.8042981918995
2430,0.9855986414141252,0.8426219411623381,1.408364431717812,1.6714072621644191,0.635575033482375,52.86742026223784,-37.13257973776216,37.13257973776216
2431,1.0099380753567209,0.8320172216133472,1.553113866684164,1.866684758847363,0.56705894222948,19.27297463932136,-70.72702536067864,70.72702536067864
2432,1.0039085404212729,0.9204950007845732,1.1692540956683235,1.270244916780345,0.9129658984207588,-2.7972400602055907,87.2027599397944,87.2027599397944
2433,0.9669420905017878,0.7836228340270973,1.4192934845197616,1.8111946498877585,0.6842778799590585,64.62329162574837,-25.376708374251635,25.376708374251635
2434,1.0159318257539256,0.6885271474211507,1.8536639022528647,2.692216144556804,0.5547224692633098,32.47119229084849,-57.52880770915151,57.52880770915151
2435,1.3718952479298128,1.0327669968353492,1.9687711191066228,1.9063071584775844,0.6967973860009071,-79.6682203638233,10.331779636176691,10.331779636176705
2436,1.2755794143363215,1.278965021701579,1.4172848781858765,1.1081498353256538,0.6695342337192327,47.49869659189365,-42.50130340810635,42.50130340810635
2437,2.6856432681079343,2.24286937589114,3.786462296715878,1.6882223893272588,0.4908597827722451,58.22164778481498,-31.778352215185024,31.778352215185024
2438,1.1237553499514827,1.0192930015216226,1.3565250034893976,1.3308489329999793,0.7537403441910917,55.23220794072829,-34.76779205927171,34.76779205927171
2439,3.110887195640544,2.68494044269001,3.7094100072062792,1.3815613740354946,0.7333296733942206,83.58709990730448,-6.412900092695523,6.412900092695523
2440,1.1451621372724683,1.0287217442663537,1.4071393457996684,1.367852243468605,0.7285015811394593,-31.64619848662887,58.35380151337114,58.35380151337113
2441,1.522901401330112,1.231892117458426,2.096861053352724,1.7021466601140818,0.6067516811910999,-51.96498981070483,38.03501018929518,38.03501018929517
2442,1.9181228409342128,1.8052459231722773,2.0847698447613623,1.1548398021571988,0.9126871235815988,-17.332422558750487,72.6675774412495,72.6675774412495
2443,1.5815710720799827,1.168468910405242,2.959001013694758,2.5323746206208715,0.3884403083665571,12.153708026240787,-77.84629197375921,77.84629197375921
2444,1.270810876469873,1.0867679058078206,1.8769698235370784,1.7271119376145745,0.530180636673607,-6.019108049910182,83.98089195008981,83.98089195008981
2445,1.3084726790995154,1.1069517978290009,1.742822105117875,1.574433600935442,0.6617217480326844,68.82056589039587,-21.17943410960413,21.17943410960413
2446,0.9606427264386592,0.751596429031461,1.5546291096877467,2.0684359978813465,0.6457958324918522,-25.939931938904984,64.06006806109502,64.06006806109502
2447,0.9414917802541344,0.7204962557238718,1.2821772904135993,1.7795752305824477,0.8357759163206632,78.23792351298216,-11.762076487017836,11.762076487017836
2448,4.105346664041948,3.765927962937184,4.565372862359209,1.2122836409219333,0.7501447635040468,-5.356249704877155,84.64375029512284,84.64375029512284
2449,1.1128975557056655,0.8271554014840258,1.6895241857645322,2.042571665171144,0.6224713025978551,-67.31300491406711,22.686995085932892,22.686995085932892
2450,1.7870346644469015,1.7517581289546118,1.887631226118785,1.0775638456692975,0.8597421599086608,-13.583052078334363,76.41694792166564,76.41694792166564
2451,0.8535534614000618,0.7831934467648842,1.114618084197792,1.423170851086554,0.8096129365957129,55.63864713717456,-34.36135286282544,34.36135286282544
2452,1.9804157147939612,2.063640586789138,2.5993446809913485,1.2595917611000875,0.3689302069990191,36.84922085510684,-53.15077914489316,53.15077914489316
2453,1.0511768765181757,0.8981023030080205,1.2832765274301905,1.4288756672064007,0.9578108139211082,-43.548090567451865,46.45190943254812,46.451909432548135
2454,0.979419278671245,0.9194996331941264,1.1597974579367174,1.2613354220793462,0.7734643694035608,51.02446822082564,-38.97553177917436,38.97553177917436
2455,0.9978425722559162,0.8598920434574963,1.2902412233846388,1.5004688474576102,0.844794128641507,61.15730000805471,-28.842699991945288,28.842699991945288
2456,1.7630924485867383,1.40049144950602,2.3146214807427423,1.6527208941969287,0.8223124416494269,33.23272031572619,-56.76727968427381,56.76727968427381
2457,2.623896088524249,2.049102046718161,3.878800488143055,1.8929269502977348,0.4871229941948238,4.687517816878804,-85.31248218312119,85.31248218312119
2458,1.45354916781555,1.414922367773838,1.7751840047498986,1.2546158327703,0.6750028895050547,-70.2955785628213,19.704421437178695,19.704421437178695
2459,1.1816912584570125,0.910370060641079,1.7277059648095112,1.8978062213435132,0.670392342161545,3.8559746892492943,-86.1440253107507,86.1440253107507
2460,5.98401245726089,5.13417664999831,7.3439245646380975,1.430399665862785,0.6895771046229399,6.566168998382216,-83.43383100161779,83.43383100161779
2461,0.928505064734256,0.8800744397789132,1.2512389722493995,1.421742202357028,0.6365312537404935,33.32528240129446,-56.67471759870554,56.67471759870554
2462,1.7106596985948357,1.425292283290947,2.11483225622098,1.483788469925558,0.7941650766941692,-11.379560514700874,78.62043948529913,78.62043948529913
2463,3.439019046593224,3.638633511926495,6.9339729844620805,1.90565303203368,0.1344508343430281,-69.42021378050292,20.579786219497066,20.57978621949708
2464,2.396545468392566,1.9332800865736628,3.195237408454464,1.6527545235917462,0.7111014533107668,64.50280298075089,-25.497197019249114,25.497197019249114
2465,1.4451712930335778,1.2595151391820991,1.8785240139201045,1.491466005831399,0.69462458167003,-29.212629195529637,60.787370804470356,60.78737080447036
2466,1.085277926096956,0.8512618915706682,1.5576162977458663,1.8297733202550623,0.7350610305705166,-4.309018470645345,85.69098152935466,85.69098152935466
2467,1.4025314545362868,1.430909061657072,1.649663087780806,1.1528776579766746,0.6636522306467465,15.765212662351932,-74.23478733764807,74.23478733764807
2468,1.1237553499514827,0.9988089581636408,1.4086071651951586,1.4102868758655829,0.7948458419884985,63.11753684846695,-26.882463151533052,26.882463151533052
2469,3.757897758581951,3.118137879815277,6.039504502946962,1.936894626130116,0.3274296662363787,-12.819575040870152,77.18042495912985,77.18042495912985
2470,1.6381408467855358,1.3057064144518291,2.9459367579519347,2.256201490124959,0.3843017152969597,4.182236479817605,-85.8177635201824,85.8177635201824
2471,1.5348147620304609,1.020101064427184,2.8081378373286308,2.7528035557001216,0.460800313479033,37.34530922077056,-52.65469077922944,52.65469077922944
2472,1.0039085404212729,0.9701790012147992,1.088138324847302,1.1215851131438643,0.9734560204573636,36.709954513782655,-53.290045486217345,53.290045486217345
2473,3.3405106322215583,2.4340382932401323,4.830521970363361,1.984571066025871,0.6556305379355364,-57.17327031143789,32.826729688562125,32.82672968856211
2474,1.2991595879263365,1.04079209420878,1.9661703347300232,1.8891095980362191,0.5216482309100944,7.545193588312095,-82.45480641168791,82.45480641168791
2475,1.0278144733504384,0.7681326909000631,1.556797446132997,2.0267298405290006,0.6505300086195906,-34.0379989263853,55.9620010736147,55.9620010736147
2476,1.021890421280174,1.072364577874029,1.1699133274886442,1.0909660311682492,0.7125694553570524,32.85852917604649,-57.14147082395351,57.14147082395351
2477,1.0569367929308613,0.9417801054800672,1.4517325833423986,1.5414772247735964,0.6095389018379734,-63.961688048753246,26.038311951246754,26.038311951246754
2478,3.945473359226601,3.237504939759292,5.175681827778041,1.5986637623981053,0.5852864483177611,-5.973751067881383,84.02624893211862,84.02624893211862
2479,1.1816912584570125,0.8912368195132155,1.7320599984788505,1.9434340688761984,0.6852172504023062,-7.852858322940443,82.14714167705955,82.14714167705955
2480,1.2991595879263365,1.0809919114914113,2.0527513580870966,1.898951635313329,0.4648705720271507,67.90347952457923,-22.096520475420775,22.096520475420775
2481,2.0615274636937264,1.3559073371025294,3.3714978611890505,2.486525272732637,0.6142311910007445,-63.49425164271651,26.505748357283494,26.505748357283487
2482,1.5387653857138477,1.6138719307929803,1.64166522021852,1.0172214962632649,0.7115251533080036,-59.3236843409064,30.676315659093603,30.676315659093603
2483,0.84641062903508,0.7615235230713976,1.4207121402921623,1.865618194645002,0.4732475246658199,-49.32184317311449,40.67815682688553,40.67815682688551
2484,1.6006498207486113,1.5589364614633092,1.8584168544320423,1.1921055799077425,0.7164490226095879,13.674085754032404,-76.3259142459676,76.3259142459676
2485,1.021890421280174,0.8784387424352311,1.6407054704015762,1.867751718068774,0.4376056548162986,-17.0106444208913,72.9893555791087,72.9893555791087
2486,3.77401923010468,3.067538579496809,6.719454416089563,2.190503637346854,0.3192567873414974,85.74499736775721,-4.2550026322427925,4.2550026322427925
2487,2.9792969441439467,2.4185486391942064,4.331628505553516,1.7910032634269015,0.492252228965836,-7.0394359510862925,82.96056404891371,82.96056404891371
2488,0.8884066096615684,0.8258067529010109,1.0232504949456926,1.2390919441516717,0.9693686981955022,4.008941783716561,-85.99105821628343,85.99105821628343
2489,1.1291450947814663,1.0090089969193392,1.306912461431473,1.2952436156879463,0.92737587736092,8.991395727978865,-81.00860427202113,81.00860427202113
2490,3.839409596370655,3.048108694170076,4.903542572562248,1.6087164417531905,0.726834707543631,82.53233298252354,-7.467667017476458,7.467667017476458
2491,1.2171245375823248,1.1264184760077711,1.374345925645022,1.2201024352121337,0.8464616258212383,16.417249786459536,-73.58275021354046,73.58275021354046
2492,0.9019708538191776,0.6443322362954491,1.521592490378177,2.3615029710859803,0.6095271030673002,-12.224776750490394,77.77522324950961,77.77522324950961
2493,0.9855986414141252,0.6746345008941539,1.910671791183754,2.83215843342042,0.4896360521834854,-47.048321093248624,42.95167890675137,42.951678906751376
2494,0.9019708538191776,0.734880177818903,1.179585689558565,1.6051401645633323,0.9094837522026123,-28.559127903070923,61.44087209692907,61.44087209692908
2495,1.2221025728266244,0.942121655874971,2.0784699034200216,2.206158716826965,0.4870156979265224,-49.30693128073976,40.693068719260225,40.69306871926024
2496,1.4451712930335778,1.3446230447544265,1.6415657150429062,1.2208371122649555,0.7807628873346132,-89.96700628394674,0.032993716053255184,0.032993716053255184
2497,0.9219431092603804,0.6699995900820902,1.4178315975781697,2.1161678582586188,0.7336318374006258,-24.126243240631556,65.87375675936845,65.87375675936845
2498,1.2563966762852905,1.1000272418181931,1.5561900557559354,1.4146831974667902,0.8779167587858474,-53.69596158119201,36.30403841880798,36.30403841880799
2499,1.0453852243082644,0.9058944170415963,1.305924352887313,1.4415856067996369,0.8635255803088362,-8.993539246019106,81.00646075398089,81.00646075398089
2500,1.0337045758596148,0.9982524228421112,1.1855393104811658,1.187614758906202,0.7360040120526588,-21.79922027039068,68.20077972960932,68.20077972960932
2501,1.8732857266234093,1.6823931438440916,2.2393645650461718,1.3310590174716586,0.7541389059574166,24.214427135033016,-65.78557286496698,65.78557286496698
2502,0.8392070033186643,0.7249852450774876,1.1001445384322366,1.51747162566688,0.7317982907495749,46.52654232900978,-43.47345767099022,43.47345767099022
2503,1.2660243778180809,0.6893060461793469,2.9922018722093022,4.340890216753992,0.3449478879911331,19.963724400675588,-70.03627559932441,70.03627559932441
2504,1.8635374259717976,1.6286703531043394,2.2142219557978664,1.3595273909035257,0.7975456337546778,37.53284570308164,-52.46715429691836,52.46715429691836
2505,0.9019708538191776,0.8363172144245177,1.240230758836296,1.4829669142823003,0.6550615652875451,62.013764746164064,-27.986235253835936,27.986235253835936
2506,0.8952144227026446,0.8311434899427219,1.2055050871220951,1.4504175292345396,0.7092147883445681,42.57664386979895,-47.42335613020105,47.42335613020105
2507,1.671163804247637,1.4664990883325706,2.243287229270571,1.529688799071276,0.6058060935639926,-7.856872298462207,82.1431277015378,82.1431277015378
2508,1.1128975557056655,1.0905165508587027,1.27708693317074,1.171084411479245,0.8171241938521873,-47.54106718329992,42.45893281670007,42.45893281670008
2509,1.139848131163964,0.8457895329057411,1.6812227392264498,1.9877554330219092,0.7043843070745761,-56.98282369279934,33.01717630720066,33.01717630720066
2510,1.1970053909181526,1.0888188699237795,1.478950105723471,1.3583068282303024,0.6610182730932848,35.44507578461655,-54.55492421538345,54.55492421538345
2511,1.039561305877423,0.9545006642279132,1.1814561696715409,1.237774067582457,0.916910700598709,27.925737491433644,-62.074262508566356,62.074262508566356
2512,1.2803301921000927,0.9748058235444688,1.9225915783666607,1.9722815887332008,0.5856308799194997,2.5630850620549097,-87.43691493794509,87.43691493794509
2513,1.8829835605082688,1.3220740064148049,2.805001374505995,2.1216674413806733,0.716198812750137,51.44368011630315,-38.55631988369685,38.55631988369685
2514,1.542705892513396,1.3408890988316098,1.886184712813581,1.406667198992905,0.7513707215657944,-18.68619586825312,71.31380413174688,71.31380413174688
2515,1.270810876469873,1.100075516899024,1.7077552837442556,1.5523982285854387,0.6198096202118509,-24.26566775568788,65.73433224431213,65.73433224431213
2516,1.7388205981619584,1.68960246935526,1.9250455767821368,1.139348226400687,0.7007405869267798,70.43104899337885,-19.56895100662115,19.56895100662115
2517,1.626984252638553,1.5075734328878088,1.8132304754047188,1.2027476976238654,0.8583750415938048,59.01183481256128,-30.988165187438717,30.988165187438717
2518,1.1019327803667114,0.9356296176678632,1.4727664393306668,1.574091298009209,0.700322308980222,-49.92526096973461,40.07473903026539,40.07473903026539
2519,1.3038244488524504,0.9907678472513594,1.8766350062094908,1.894121828252452,0.7123812985381606,-13.489654425005767,76.51034557499423,76.51034557499423
2520,0.979419278671245,0.8377931285789675,1.2304640733213643,1.4686967836659517,0.8596844756009864,26.1972997770662,-63.8027002229338,63.8027002229338
2521,0.9855986414141252,0.8668298551288509,1.4222562355423851,1.6407559420423656,0.5955416329134511,-30.200322340305856,59.79967765969414,59.79967765969414
2522,0.9917395023300404,0.8799540409443714,1.19885435767936,1.3624056506323252,0.8086342684782238,-22.51137046566864,67.48862953433135,67.48862953433135
2523,1.1661760393441107,0.8841349999886178,1.6906891756824516,1.9122522869292784,0.6827454068654003,-20.786809097937333,69.21319090206266,69.21319090206266
2524,1.0337045758596148,0.6338014803702299,1.993321136704683,3.145024425535108,0.5342989117423778,-73.24131909882117,16.75868090117882,16.758680901178835
2525,1.340559085464394,1.0335702281638972,1.8443822767938405,1.7844769775057503,0.7644914123835921,-72.64543483087856,17.35456516912143,17.354565169121443
2526,1.039561305877423,0.8444302774468504,1.578692139008347,1.8695352134714427,0.6662971302504255,13.876265475144896,-76.12373452485511,76.12373452485511
2527,0.9219431092603804,0.6432701357384186,1.568880166588656,2.438913419768379,0.5501637616162843,43.98245845924995,-46.01754154075005,46.01754154075005
2528,1.933884181003576,1.6236257444732043,3.464170625734848,2.1336016859345994,0.3731993316504952,-58.84789497704549,31.152105022954515,31.15210502295451
2529,1.5308539431383232,1.5277115952017262,1.7877700346828709,1.1702274436470488,0.639237364679129,56.926712416973565,-33.073287583026435,33.073287583026435
2530,1.0569367929308613,0.8722218009032772,1.5128481158512876,1.7344763846587814,0.6516598533432291,-0.4232054849664651,89.57679451503354,89.57679451503354
2531,1.0039085404212729,0.9494759764144798,1.276562093299744,1.344491198313879,0.6879950125357125,75.97298406097828,-14.027015939021723,14.027015939021723
2532,1.6565682076297277,1.1914814860429923,2.871798081642256,2.4102750359804017,0.5478394596537757,-62.00127699552082,27.99872300447919,27.99872300447918
2533,1.062665489594652,1.012914171719826,1.2556201575069112,1.2396116004330306,0.6962430686886467,63.7911241896898,-26.208875810310197,26.208875810310197
2534,0.9978425722559162,0.8809811773581369,1.2564711134060755,1.4262178871675193,0.8689065983365953,9.676254350632504,-80.3237456493675,80.3237456493675
2535,1.0511768765181757,0.957345621824647,1.233001263366836,1.2879374337314091,0.8446897968692028,58.35290377582502,-31.64709622417498,31.64709622417498
2536,0.973200680696656,1.012236669443508,1.1123327910083989,1.0988860852274005,0.7443110478649786,60.96687862686477,-29.03312137313523,29.03312137313523
2537,1.0337045758596148,0.923158840248866,1.2252664312853287,1.3272541819076555,0.927146717106632,48.92237868276487,-41.07762131723513,41.07762131723513
2538,2.719341490398084,2.521284328673701,3.464831294987368,1.3742326700654233,0.5045391239076358,45.073862527504346,-44.926137472495654,44.926137472495654
2539,4.081616137704387,3.819459369242716,4.59181121753328,1.202214966471472,0.688247779453385,10.044880574002647,-79.95511942599735,79.95511942599735
2540,1.4240109808516253,0.9307985465334504,2.300911952837437,2.4719763061584765,0.652770045817425,-1.525851168995545,88.47414883100446,88.47414883100446
2541,1.1609582232861997,1.2093299117690712,1.3726325061318485,1.135035603414365,0.6366109675420605,4.285437181623727,-85.71456281837628,85.71456281837628
2542,1.3177199508995825,1.116356740245192,1.7239509118727288,1.5442652422146772,0.6311470224990305,-29.229292796204977,60.77070720379503,60.77070720379503
2543,1.1074287385521373,0.9265221609335212,1.90936943599768,2.0607919772516685,0.4855652589420616,-40.40992525328149,49.5900747467185,49.59007474671851
2544,0.9855986414141252,1.0416303798451745,1.1034370466350985,1.0593364671248462,0.7986511293612087,72.47191413667801,-17.52808586332199,17.52808586332199
2545,1.461879030667795,1.2495078307064331,1.7952568270132414,1.4367711693317349,0.8113939815252492,-52.22858971713061,37.7714102828694,37.77141028286939
2546,1.0278144733504384,0.957643067878982,1.1884570812795006,1.2410230086160732,0.8271360072548427,-53.256486539829645,36.74351346017036,36.743513460170355
2547,1.833981655109284,1.580852591716236,2.3067147397143235,1.459158653881867,0.6595962484741399,34.044656460421365,-55.955343539578635,55.955343539578635
2548,1.3360224934845466,1.2931430235955843,1.790345350415742,1.384491365415781,0.5083540669521365,-11.685507629846937,78.31449237015306,78.31449237015306
2549,2.800730762998428,2.494295953839933,3.650029289001573,1.4633505231736457,0.4757474577626764,-58.81501523325683,31.184984766743185,31.18498476674317
2550,0.9479184199131095,0.7295267717764895,1.3720093057407303,1.8806839705138103,0.7463903122673358,71.43119787372879,-18.56880212627121,18.56880212627121
2551,1.566140741422161,0.8919235112347034,3.6032277845625194,4.039839447190393,0.3303755090476448,-4.835007834437517,85.16499216556248,85.16499216556248
2552,1.9619355372325755,1.135721095013734,3.907798817928472,3.440808518117044,0.4009157036014301,35.77634467064584,-54.22365532935416,54.22365532935416
2553,0.973200680696656,0.779965846434648,1.5952225763928942,2.045246703666473,0.4478264748178853,-8.76289592129647,81.23710407870352,81.23710407870352
2554,0.9219431092603804,0.8351900122947373,1.0744577378408415,1.286482982343983,0.8897335201125314,-76.9829190972172,13.017080902782794,13.017080902782794
2555,0.84641062903508,0.7039094917267105,1.1002135069539418,1.5630042212601596,0.8410880845045045,33.3379756048712,-56.6620243951288,56.6620243951288
2556,1.5738748168108194,1.2114720074739005,2.3841783274928434,1.9680011694733337,0.5712760380785814,59.30331331516059,-30.696686684839413,30.696686684839413
2557,1.2803301921000927,1.0357565224369651,1.6415202691328716,1.5848514912275369,0.907848430139278,-26.187498129090876,63.81250187090913,63.812501870909124
2558,1.096409273000846,0.7744693238954954,1.7356854185467965,2.241128686435881,0.6092546022013094,4.644916293386546,-85.35508370661346,85.35508370661346
2559,0.9606427264386592,0.8048031781323797,1.2588276484742744,1.5641434858588663,0.7789155770144108,58.811402975633904,-31.188597024366096,31.188597024366096
2560,0.9350209696908578,0.7811945770417676,1.226211793804179,1.569662450099955,0.8517138062036919,14.809686265955827,-75.19031373404417,75.19031373404417
2561,1.4493662838402204,1.1336798012405902,1.9920498415135872,1.7571538624342424,0.6801757969431829,20.425658353871366,-69.57434164612863,69.57434164612863
2562,1.6195038256468852,1.3863033369656044,1.9559361079269544,1.410900526437587,0.8907139519744609,-80.07172422944713,9.928275770552887,9.928275770552872
2563,1.270810876469873,1.0659300632973936,1.7299419525618358,1.6229413280739633,0.5932427026541909,-21.197248656641555,68.80275134335844,68.80275134335844
2564,1.800572999362347,1.567014675719373,2.293396524305401,1.4635450196103403,0.5814866902168021,13.386870676817894,-76.61312932318211,76.61312932318211
2565,0.8606370140730026,0.6220840861989626,1.2668153932116797,2.0364054013214394,0.917537455413152,11.313791035483389,-78.68620896451661,78.68620896451661
2566,1.0337045758596148,0.9239990167143524,1.1911262721766762,1.289099068971092,1.0362726380777931,-53.2707710502702,36.729228949729816,36.7292289497298
2567,1.0337045758596148,0.7362638701729122,1.746647764278651,2.3723122035968567,0.5455363285307805,67.04064327399338,-22.959356726006618,22.959356726006618
2568,1.1504515979244476,1.1419031062284923,1.43331087909287,1.2551948333224583,0.6089034376375783,-68.91434030364235,21.085659696357652,21.085659696357652
2569,0.8535534614000618,0.8510254229197767,0.9795729184655374,1.1510501238667208,0.8449529240102691,45.74312987262458,-44.25687012737542,44.25687012737542
2570,1.062665489594652,0.8091980263709916,2.0054424748382966,2.478308658057533,0.4108511428845224,-64.8863337692092,25.113666230790784,25.1136662307908
2571,0.9606427264386592,0.6008563206274558,1.7427527459370575,2.900448386924106,0.5501494510900354,60.44773485218837,-29.55226514781163,29.55226514781163
2572,0.9978425722559162,0.903334821500012,1.1663903842730126,1.2912049403079466,0.9059287555744476,54.97614897729382,-35.02385102270618,35.02385102270618
2573,1.039561305877423,0.9008182759620325,1.2754213382662511,1.4158475380666096,0.8918142999135861,85.15710405639457,-4.842895943605427,4.842895943605427
2574,1.270810876469873,1.0258611411115646,2.177102174980272,2.122219165667284,0.4974275380992028,81.12704631769246,-8.87295368230754,8.87295368230754
2575,0.9219431092603804,0.7021636002068817,1.755437492250959,2.500040577058888,0.4685874639028334,20.081366449260287,-69.91863355073971,69.91863355073971
2576,1.2071068813224677,1.1063719199950035,1.6163488317594714,1.4609452775760714,0.6462327387760792,3.938874352182757,-86.06112564781725,86.06112564781725
2577,2.690160753669267,2.454353118364398,3.485006532990134,1.4199287408621022,0.4306566705277206,-22.927673014229477,67.07232698577053,67.07232698577053
2578,1.2897792515977275,1.2242037718663867,2.323664033878813,1.898102331719024,0.3250439842548854,2.1065665147050985,-87.8934334852949,87.8934334852949
2579,2.7460023386177363,1.7721594348125207,5.849389294985984,3.30071278017082,0.296433102815188,-42.40116838412322,47.598831615876776,47.59883161587678
2580,1.0908577979726677,0.9120614898174484,1.4067422606607218,1.542376557245373,0.7795591677858366,57.30420733993523,-32.69579266006477,32.69579266006477
2581,4.68289020746671,3.1045795461948527,9.501774718898483,3.060567325628488,0.356793374800072,-13.23977506585443,76.76022493414557,76.76022493414557
2582,2.378745945325325,1.8845492700206696,3.6774860707204136,1.9513875966108751,0.4539173232235681,17.70061719847399,-72.29938280152601,72.29938280152601
2583,0.9086770491564996,0.7754009210318505,1.3593518510270888,1.7530954815196198,0.6503552918467121,-89.85287903021666,0.14712096978334444,0.14712096978334444
2584,1.9557366732786756,1.952901634022964,2.1262822778346453,1.0887810429317522,0.6736403778499519,-19.178748992223515,70.82125100777648,70.82125100777648
2585,0.9543017810603904,0.9109912770617724,1.1703564019251076,1.2847064855547987,0.6927420521748029,-20.192907906038062,69.80709209396194,69.80709209396194
2586,1.270810876469873,1.1141332514761326,1.5908654954828092,1.4278951762502794,0.7231709744024993,-41.52833714607509,48.4716628539249,48.47166285392491
2587,0.9219431092603804,0.8002490536936289,1.252212480153052,1.56477845787301,0.6152782698883236,-26.194595129106183,63.805404870893824,63.80540487089382
2588,1.2612197138901655,0.9478548000365956,1.819779446233176,1.9198926314061135,0.6723908235303796,6.86630671765798,-83.13369328234202,83.13369328234202
2589,1.7768132193231367,1.2091865699208753,2.762016535524909,2.284193857450505,0.7040786619499669,-77.6177615230545,12.382238476945503,12.382238476945503
2590,2.34274122622605,1.855265624339005,3.1663405274176624,1.7066777316837134,0.6852145214108402,82.06257062627431,-7.937429373725692,7.937429373725692
2591,2.5200313704984505,2.0870116137074364,3.672416674285185,1.7596532046898306,0.5112292161575063,24.68756761280793,-65.31243238719208,65.31243238719208
2592,1.2660243778180809,1.0188203045038,1.7013531438210396,1.669924653346653,0.7761327479800497,46.78172740061306,-43.21827259938694,43.21827259938694
2593,2.92375806133559,2.408080146325048,3.735205865248516,1.5511136001635095,0.6766488656170934,-48.269043469534274,41.73095653046573,41.730956530465726
2594,1.0278144733504384,0.8874471373533036,1.2621858349191253,1.4222659376460791,0.8549369674986863,-3.248951793069353,86.75104820693065,86.75104820693065
2595,0.9669420905017878,0.8839645844088251,1.1521091429591404,1.3033431013864023,0.842426116624033,-40.96512338199064,49.03487661800938,49.03487661800936
2596,0.9917395023300404,0.7272063627156686,1.6325447058519322,2.244953825424989,0.6056658700941017,-85.81992459824001,4.180075401760007,4.180075401759993
2597,2.6308284548685905,1.8015849278981884,4.952962926085692,2.749225334530327,0.3601268887300193,-60.77149303495567,29.228506965044346,29.228506965044332
2598,1.2755794143363215,1.1821492803445004,2.039150610307473,1.7249518687802496,0.4404983296033627,-79.85743295939557,10.142567040604433,10.142567040604433
2599,0.979419278671245,0.8896266912011838,1.1387197774944462,1.279997316578861,0.8835982525995507,12.56204610540557,-77.43795389459443,77.43795389459443
2600,1.062665489594652,0.9046679929687752,1.2754820846091377,1.409889699339856,1.0515738614483,13.19249796776319,-76.80750203223681,76.80750203223681
2601,2.108121538231362,1.6562638017403768,3.1126787321206435,1.879337535995104,0.5543424695537243,-52.12411253517671,37.87588746482328,37.87588746482329
2602,1.968114877060028,1.61748997238045,2.482042675719879,1.5345026665402273,0.7313716432443663,59.90825253275892,-30.091747467241078,30.091747467241078
2603,1.2319983017676563,1.1010997198028247,1.4506137505912138,1.317422686158686,0.8785110069344376,51.91343513301311,-38.08656486698689,38.08656486698689
2604,1.0796692170979234,0.8633490700425643,1.506853294798679,1.745358102632101,0.6834934915623149,30.467351645269183,-59.53264835473082,59.53264835473082
2605,1.2515550525870838,1.0353792165205686,1.6081801897461974,1.553228193193358,0.7496139022902389,-28.04247610907948,61.95752389092053,61.95752389092052
2606,1.4240109808516253,1.1955593320118658,1.7980919644569346,1.5039755169918148,0.7657605046475561,89.59122904533402,-0.40877095466598234,0.40877095466598234
2607,1.6119886861377042,1.1915738058288607,2.308416419061987,1.9372836225249588,0.6861287187124833,-54.9115747288788,35.088425271121196,35.0884252711212
2608,1.6856330249272244,1.5425369546852783,2.1236648850612694,1.376735175524244,0.6562469245324946,22.01377779037618,-67.98622220962382,67.98622220962382
2609,1.062665489594652,0.7772729453200675,1.5794621201755992,2.0320559588307865,0.7422487683317618,18.290158427925903,-71.7098415720741,71.7098415720741
2610,3.9883269257988254,2.820477682682452,6.714786215149089,2.380726589817546,0.5170769097968044,31.603126309449816,-58.39687369055018,58.39687369055018
2611,2.414213762644935,2.108970002114811,2.9431565687765917,1.3955421678948887,0.7505331706820789,50.68380139908603,-39.31619860091397,39.31619860091397
2612,0.9917395023300404,1.195399867129817,1.6061991940453288,1.3436501360016466,0.3870330361601161,86.06381179754713,-3.9361882024528683,3.9361882024528683
2613,1.021890421280174,0.8903296778199516,1.6023933818729124,1.7997753212006924,0.5002803581046955,-34.805691061466874,55.194308938533126,55.194308938533126
2614,1.0511768765181757,0.9754697677127,1.222939162470537,1.25369253148471,0.8446897968692028,-11.18827312080519,78.81172687919481,78.81172687919481
2615,0.8746320295080829,0.652256241901764,1.8857498109195123,2.891118075652735,0.4177276931141145,-12.549593180860391,77.4504068191396,77.4504068191396
2616,1.81401029769144,1.5092514612626415,2.255261482082491,1.4942914020409408,0.7622883237944388,-19.864110423755957,70.13588957624404,70.13588957624404
2617,1.6492219709549814,1.604314617641151,1.8767595674801687,1.1698201505136183,0.6377890783961537,84.18849931967847,-5.811500680321529,5.811500680321529
2618,1.062665489594652,0.7649909866087906,1.6896700924836892,2.208745099042286,0.6409990773906581,-41.26907034858554,48.73092965141447,48.73092965141446
2619,1.0569367929308613,0.8169544698683023,1.5196872789853906,1.8601860140753896,0.7200798920104875,-57.47418769519394,32.52581230480607,32.52581230480606
2620,1.1609582232861997,0.9922018320924952,1.4435572171317843,1.4549027934038457,0.840450449969671,81.40161019363528,-8.598389806364722,8.598389806364722
2621,1.5583682828180965,1.0876206233551786,2.5846468820826187,2.3764231999475096,0.5501096526437091,-8.80895111343948,81.19104888656052,81.19104888656052
2622,3.2651441598315576,2.150616835818534,5.109453178707789,2.3758082302759944,0.6261445136072763,-51.45291875300279,38.54708124699721,38.54708124699721
2623,1.1128975557056655,0.8763939437418473,1.655220182402327,1.888671406531185,0.5142083132541158,15.524344241685023,-74.47565575831497,74.47565575831497
2624,1.139848131163964,0.9904849411071192,1.4795524702389602,1.4937657392198045,0.6095740832226214,28.64150223076806,-61.35849776923194,61.35849776923194
2625,3.365859043888769,1.704491944608486,7.415259454493,4.350422117246352,0.3564109379772928,-78.19522404433249,11.804775955667509,11.804775955667509
2626,1.2171245375823248,1.0082431151267728,1.6593590773099238,1.6457926192744516,0.684147720151661,-22.615976916943413,67.38402308305659,67.38402308305659
2627,2.4860736692531376,1.7901888254152027,3.627298995932125,2.0262102770588104,0.6580812749151483,3.5359542428907025,-86.4640457571093,86.4640457571093
2628,1.2563966762852905,1.1985020223371443,1.7284989868151812,1.4422161620090663,0.5126188247469174,-16.05027002220773,73.94972997779227,73.94972997779227
2629,4.169909328395152,2.9295479961303106,7.818361329408134,2.668794414611244,0.3645217196241488,-46.88188899815275,43.11811100184724,43.11811100184725
2630,6.206141767604868,4.572754543290839,13.06670377929558,2.857512612057232,0.2174925931071416,76.47392282602473,-13.526077173975267,13.526077173975267
2631,1.518909516610108,1.357620987714082,1.784278563964878,1.314268547784598,0.8480327097533872,42.69979589161595,-47.30020410838405,47.30020410838405
2632,1.176542252445381,1.073576575587763,1.3736013835926206,1.2794628858594457,0.9489986599340614,-89.38423784382769,0.615762156172309,0.615762156172309
2633,1.2418151765086958,1.1083484709190916,1.4532786043999508,1.3112109075179468,0.8642560947122248,-70.91938828717198,19.080611712828016,19.080611712828016
2634,0.9978425722559162,0.9940570287140084,1.444000190862458,1.4526331479498034,0.4648511507687591,-31.365502951064126,58.63449704893587,58.63449704893587
2635,1.0511768765181757,1.1230071765488392,1.8222372099296944,1.6226407524212698,0.3087360619775454,75.84774719147987,-14.152252808520132,14.152252808520132
2636,4.175729162809146,3.127926667615013,5.8469440305305085,1.869271454176608,0.6842060431054487,-87.3608521992133,2.639147800786702,2.639147800786702
2637,1.4197410732459426,1.4202139948215862,1.464448591126298,1.03114643037317,0.8472019126167469,-60.02602401412384,29.973975985876166,29.97397598587616
2638,1.81401029769144,1.561073555812269,2.1948698803324183,1.4060002952201491,0.7583348828173027,80.57838393099686,-9.421616069003136,9.421616069003136
2639,1.0159318257539256,0.7209597043855737,2.7146454063452845,3.7653219588170974,0.3385357038576947,59.022972979505376,-30.977027020494624,30.977027020494624
2640,1.895836839826219,1.593210268923224,2.322492053119776,1.457743587536276,0.7053246888160564,69.00431464770732,-20.995685352292682,20.995685352292682
2641,2.076200442198639,1.8166010382086928,2.8674623193033035,1.578476648967921,0.4416168106339664,33.68395096123857,-56.31604903876143,56.31604903876143
2642,1.1074287385521373,0.8439373228546466,1.5394172134361075,1.8240895049278971,0.8487121751709138,-65.19016709338852,24.80983290661146,24.809832906611476
2643,1.5815710720799827,1.345330319426461,2.6319441138638955,1.9563553098141293,0.3741354067465268,-27.917526851916424,62.08247314808358,62.08247314808358
2644,1.3360224934845466,1.1462266145085946,1.8023212000897404,1.5723951767272686,0.6450002881290761,76.73421618477538,-13.265783815224623,13.265783815224623
2645,1.039561305877423,0.8920446949298024,1.4151267943193444,1.586385527947907,0.7449825880444797,-67.22256449659781,22.777435503402188,22.777435503402188
2646,1.0159318257539256,0.9293788383293388,1.2681829205804485,1.3645489527824275,0.7743220102771451,17.16327546172671,-72.83672453827329,72.83672453827329
2647,1.3360224934845466,0.924033611728212,2.444557077058701,2.645528307662605,0.4418852778700366,14.71424153846958,-75.28575846153042,75.28575846153042
2648,1.7457898469292477,1.4371774719791464,2.357387271552553,1.640289607591872,0.6649254761661142,75.3004573937283,-14.699542606271706,14.699542606271706
2649,3.757897758581951,3.689187175916696,4.624990130758095,1.2536610126345429,0.4080412164412071,75.87723449068399,-14.122765509316011,14.122765509316011
2650,1.171370613113025,1.1551597586635298,1.26796594130203,1.0976541831486686,0.8844459543172292,4.677216543612323,-85.32278345638768,85.32278345638768
2651,1.0453852243082644,0.9983621596676906,1.2024417003948775,1.2044143387757364,0.8698594875501543,50.054731774802704,-39.945268225197296,39.945268225197296
2652,0.9414917802541344,0.9008205617911738,1.5281471025366395,1.6963945621957186,0.4292249288071487,-6.509413341979141,83.49058665802086,83.49058665802086
2653,4.752384544153474,3.68965732845646,9.464757993911457,2.565213284419278,0.2386303699029391,-89.06307355946707,0.9369264405329432,0.936926440532929
2654,1.1661760393441107,1.0983204767544823,1.6092170355771682,1.4651616441973074,0.523779103507353,26.08617211387786,-63.913827886122135,63.913827886122135
2655,0.9414917802541344,0.6823806874091238,1.49650906055656,2.1930706542099463,0.5880070229808187,7.210130647868635,-82.78986935213136,82.78986935213136
2656,0.979419278671245,0.882833613017691,1.1312715226921688,1.2814096631700171,0.9626650319856068,69.92193332273912,-20.07806667726088,20.07806667726088
2657,1.0908577979726677,0.9632196875327212,1.320756290061908,1.371189051840306,0.8439354185789857,6.533194952682334,-83.46680504731766,83.46680504731766
2658,1.0099380753567209,0.8386288094478386,1.8546582041111817,2.2115364786147844,0.3789224863436689,63.80008721429454,-26.199912785705457,26.199912785705457
2659,1.0039085404212729,0.6587677478839009,1.633557133523737,2.4797163169737177,0.7250884263052143,77.25621639628388,-12.743783603716125,12.743783603716125
2660,0.9219431092603804,0.9139941783060472,0.999495358007788,1.093546744313191,1.0199731456177326,-85.89639179404094,4.103608205959063,4.103608205959063
2661,2.1872741160266225,1.554441758684924,3.655137613989076,2.351414965255029,0.4385381039708649,-25.599174338814457,64.40082566118554,64.40082566118554
2662,1.0740312192037882,0.8248104792393571,1.4941681212951148,1.8115290226101897,0.8569991273629898,-11.450399126852576,78.54960087314743,78.54960087314743
2663,0.8246109854774907,0.762857445910518,0.9601150937837448,1.2585773383096337,1.001635027990533,56.39195913534683,-33.60804086465317,33.60804086465317
2664,0.979419278671245,0.6643828390007829,1.815869434212836,2.7331672758794667,0.5624581857648215,36.33691564428424,-53.66308435571576,53.66308435571576
2665,1.367462618417021,1.2508406945708748,1.7380183687098802,1.3894801922047646,0.5506988821467463,-56.13840053605757,33.86159946394244,33.86159946394243
2666,1.415458284986553,1.34899951065938,1.555910473494377,1.153381051067884,0.8682497717754798,44.759576871412,-45.240423128588,45.240423128588
2667,0.9153341128725788,0.8625587118867777,1.060407941088168,1.2293747967238209,0.8469161842538224,-74.85336794776548,15.146632052234509,15.146632052234523
2668,1.593045740590529,1.336261555076577,2.149095561927636,1.6082896000135825,0.7141117012238444,-71.17210780593626,18.827892194063736,18.827892194063736
2669,0.979419278671245,0.7861369310900779,1.446610971946102,1.8401513969585344,0.609747287771267,-32.024627362317155,57.97537263768285,57.975372637682845
2670,1.186817925731738,1.070450876205161,1.4342373215611686,1.3398441287148657,0.7485480461044682,18.167975008267025,-71.83202499173298,71.83202499173298
2671,1.566140741422161,1.0309291171584452,2.5647194426512967,2.487774765466364,0.5897403930013619,89.48807842762544,-0.5119215723745612,0.5119215723745612
2672,1.1237553499514827,0.8120315737131595,1.6261494516448167,2.0025692402685253,0.795198797422119,-20.55488493837365,69.44511506162635,69.44511506162635
2673,1.1183396299962336,1.0335634853971023,1.3372204611716885,1.293796152887424,0.8658765734063036,-88.43211830609856,1.5678816939014268,1.567881693901441
2674,1.0908577979726677,0.998649453826414,1.2250018593709675,1.2266585183392074,1.0369432371594174,-47.87959128787393,42.12040871212608,42.12040871212607
2675,2.3219164465724,1.9503022176106728,2.966262570263664,1.5209245743962951,0.6407931170357808,-69.62368250553241,20.37631749446757,20.376317494467585
2676,1.0908577979726677,1.0530484332206709,1.302295863562174,1.2366913263231385,0.746263076338095,-67.37226267195427,22.627737328045725,22.627737328045725
2677,1.085277926096956,0.969022294769236,1.6213138927919966,1.6731440561727198,0.5305108312998154,-74.54528327523812,15.45471672476188,15.45471672476188
2678,1.186817925731738,1.0939340694118378,1.4492085235286418,1.324767702232567,0.6840076966294473,31.823278856609075,-58.17672114339092,58.17672114339092
2679,5.11538987959145,3.161164430622734,8.763827922444655,2.772341684459047,0.4060911888659611,-60.91248410432208,29.08751589567791,29.087515895677917
2680,2.3114337002746863,2.069773183224472,2.6225739526163743,1.2670827769305146,0.8856567507892843,72.12992548225412,-17.870074517745877,17.870074517745877
2681,1.0908577979726677,1.0044768555184092,1.2467299050451424,1.2411733512781704,0.9003433866245841,75.29857342890432,-14.70142657109568,14.70142657109568
2682,2.835202592972366,1.8744052367956416,4.902285760964322,2.615382023443843,0.4352361982464713,-50.75083681047173,39.249163189528275,39.24916318952827
2683,0.9917395023300404,0.8428445059713809,1.2701869335034537,1.5070240412133424,0.8297808245095203,32.09233209677109,-57.90766790322891,57.90766790322891
2684,2.223065747893686,2.112803392649249,2.750004273765378,1.3015902394577004,0.4982411916302544,3.443959016820032,-86.55604098317997,86.55604098317997
2685,2.001760303601345,1.7114506647639738,2.423149622004573,1.415845441468656,0.7817061968605152,16.26312057997229,-73.7368794200277,73.7368794200277
2686,1.039561305877423,0.7502300306424746,2.13463888000696,2.845312494594383,0.4410422267173615,4.918709851078392,-85.08129014892161,85.08129014892161
2687,1.171370613113025,1.0970864173227497,1.3352673164413986,1.2171031336801057,0.8449412755633764,60.58038134754904,-29.419618652450957,29.419618652450957
2688,0.9855986414141252,0.9621297340006304,1.44876644282788,1.5057911543838962,0.4857262834021616,-44.01885280233819,45.98114719766181,45.98114719766181
2689,1.191922542518033,1.1507559218618395,1.269430212221441,1.1031272471468971,1.053598132838253,-23.8668949616669,66.1331050383331,66.1331050383331
2690,1.667526881973112,1.3620054628887936,2.2994023911346573,1.6882475539104362,0.5251420323505753,48.52234074668469,-41.47765925331531,41.47765925331531
2691,1.8635374259717976,1.7870624063602587,2.086181290344964,1.1673802117486909,0.6421453865995175,10.811912528952249,-79.18808747104775,79.18808747104775
2692,2.4541208259039915,2.011361220345411,3.0837980293606417,1.533189562455152,0.7130566900578631,0.6261262169978224,-89.37387378300218,89.37387378300218
2693,1.039561305877423,0.9298262082510512,1.3234631021773569,1.4233445889492764,0.8021419758604155,65.58125652338362,-24.418743476616385,24.418743476616385
2694,0.8676627389239214,0.7663802446481583,1.0959335105889867,1.430012736160918,0.8978319124318084,89.87400272022334,-0.1259972797766551,0.1259972797766551
2695,2.995555165504584,2.998531326320505,3.587196197772987,1.1963177327131118,0.5215413478819468,-39.9488977885646,50.05110221143539,50.0511022114354
2696,1.5892300566907107,1.5285477828379228,1.883014344296296,1.2318975994327543,0.7327094559613775,-12.047245651064252,77.95275434893574,77.95275434893574
2697,2.164954408398548,1.4618538261126914,3.996058196993359,2.733555247188791,0.3796864361892293,26.028606541788697,-63.9713934582113,63.9713934582113
2698,2.0674091517192297,2.4280196720401785,3.4087637850148096,1.4039275810935037,0.2358907489003977,-5.599017602882009,84.40098239711799,84.40098239711799
2699,1.2121260584033826,1.0286395718558168,1.5661915209966937,1.52258532905851,0.753724142404903,88.93636210667611,-1.063637893323886,1.063637893323886
2700,2.034849492430161,1.4603659923695205,3.85601528916802,2.6404444566059992,0.4105120953346564,82.6469033019937,-7.353096698006297,7.353096698006297
2701,4.650365225665177,3.7792104413165015,6.854927086197502,1.813851647755705,0.425058249135214,-43.669496204491,46.330503795509,46.330503795509
2702,1.4451712930335778,0.9725271231346247,2.6139622236082927,2.6878039300158907,0.4129497969413795,-42.40718716321075,47.59281283678925,47.59281283678925
2703,1.1183396299962336,0.9769445431445494,1.3848095522954915,1.4174904420246035,0.8098506990885325,-33.759165210519406,56.2408347894806,56.240834789480594
2704,1.4865885952249918,1.4371806948350998,1.707853785924695,1.188336158467987,0.6745088803112064,82.2620094409912,-7.737990559008793,7.737990559008793
2705,2.022879685682126,1.710014205467913,3.882627344511342,2.270523444832398,0.3079818834553112,8.249907477213728,-81.75009252278628,81.75009252278628
2706,1.824023310076927,1.5908034644176148,2.682587362897122,1.6863097314659192,0.3988308686338871,34.75272078133216,-55.24727921866784,55.24727921866784
2707,1.6964039525710572,1.2323307837338349,2.482793852393793,2.014713813178621,0.632697373041506,-28.188967307229284,61.81103269277071,61.811032692770716
2708,1.2020667470700563,1.318402210964929,1.9297814868661272,1.4637274352367282,0.3563485024881376,-3.251667209893165,86.74833279010683,86.74833279010683
2709,0.9917395023300404,0.9531481874034964,1.1647188789590666,1.2219704074892248,0.847692364761253,34.258338118389844,-55.741661881610156,55.741661881610156
2710,3.396384930811547,2.247590057263809,5.552531231443894,2.470437708824661,0.5050137704759321,-70.9674053214851,19.032594678514897,19.032594678514897
2711,1.176542252445381,1.1231027208831108,1.2810854414038788,1.1406663144725926,0.9182575427371692,-66.13249588077619,23.86750411922381,23.86750411922381
2712,1.7665326322454526,1.335346578266297,3.761174708692795,2.8166281098169974,0.32336950530367,1.325547847193193,-88.67445215280681,88.67445215280681
2713,2.396545468392566,2.317794208425098,3.191950372500259,1.3771500338113,0.5186099756437397,-60.44440990524656,29.555590094753427,29.55559009475344
2714,2.0820406800143845,1.491118838019201,2.976112355525974,1.9958921312263984,0.7151461689863289,-36.14897454994411,53.851025450055886,53.85102545005589
2715,1.2270604129519955,0.8704196044339388,1.8848545305523867,2.1654550528858625,0.6607518989605224,89.93815789783702,-0.06184210216298425,0.06184210216298425
2716,1.021890421280174,0.9896692799019264,1.307165582080462,1.3208105057176258,0.5335406131833618,61.43140703275108,-28.568592967248918,28.568592967248918
2717,0.9917395023300404,0.8686870267581798,1.2832857366844612,1.477270521091476,0.7796701004296143,-79.35278524508098,10.64721475491902,10.64721475491902
2718,1.626984252638553,1.2461671528752705,2.2852866510930205,1.8338524216596457,0.6622390707165352,19.68055254396764,-70.31944745603236,70.31944745603236
2719,1.7733929789634846,1.6157995029696892,2.2130133881876226,1.3696089051397218,0.66866644640162,26.681119420038037,-63.31888057996196,63.31888057996196
2720,1.062665489594652,0.9424105953820462,1.2619833335775894,1.339101385066655,0.8774093876059549,-20.368348788493268,69.63165121150674,69.63165121150674
2721,1.326902779425731,1.0396620871641309,2.066336422125443,1.9875077177833376,0.5176415984113403,33.869667622901694,-56.130332377098306,56.130332377098306
2722,1.4197410732459426,1.3257258603931348,1.6215854043169589,1.223167966140518,0.7614078076108399,-34.6069984137239,55.3930015862761,55.3930015862761
2723,1.171370613113025,1.157740333375735,1.2598183900370443,1.0881700790052555,0.8115449476336786,-42.94236627353337,47.057633726466634,47.05763372646663
2724,1.1816912584570125,0.9704786485750518,1.6142789032222409,1.6633842543496211,0.664710833564592,-51.60727135983169,38.392728640168315,38.39272864016831
2725,1.4865885952249918,1.2585907194916968,1.955711421524846,1.5538899113404343,0.7161939325084945,-2.1002945101255897,87.8997054898744,87.8997054898744
2726,1.4240109808516253,1.3177063753787202,1.6948890184580894,1.2862417987246693,0.7178167628835542,76.80248090639816,-13.19751909360184,13.19751909360184
2727,1.671163804247637,1.571793520000068,1.838208860976616,1.1694976710277674,0.805964840784286,-70.20948254815679,19.790517451843215,19.790517451843215
2728,1.062665489594652,0.9709926633748172,1.220480694191208,1.2569412110172502,0.8750101943188655,-7.038748175151647,82.96125182484835,82.96125182484835
2729,4.036745414295391,2.5633242269631067,6.994790237110511,2.728796522708161,0.4994408368201051,36.21649928011143,-53.78350071988857,53.78350071988857
2730,0.8952144227026446,0.8629795762478178,1.0244364558770096,1.1870923531367872,0.8590992455250854,72.57952799792339,-17.420472002076608,17.420472002076608
2731,1.895836839826219,1.2890178402052417,3.256461099082479,2.526311892288453,0.4556544832727346,81.47532677816648,-8.524673221833524,8.524673221833524
2732,1.085277926096956,1.00454021971578,1.4176982150541129,1.411290645440986,0.6722163776607984,54.14877034317154,-35.85122965682846,35.85122965682846
2733,1.6856330249272244,1.2370350816166842,2.521087440196597,2.038008038463858,0.6741333807067383,4.49438922840398,-85.50561077159603,85.50561077159603
2734,1.0099380753567209,0.919593459000526,1.1766464539536547,1.2795289510133214,0.893105307171555,-6.89570751637189,83.10429248362811,83.10429248362811
2735,1.1504515979244476,0.8949299516683754,1.897283690422746,2.120035972520229,0.5368004140640259,25.281319648229687,-64.71868035177032,64.71868035177032
2736,1.2991595879263365,1.0274494831149077,1.7275238223586316,1.6813710559484794,0.7727072032664262,-33.93269606911205,56.06730393088796,56.06730393088795
2737,1.062665489594652,0.8979356627638664,1.330639514255536,1.4818873661391256,0.8419320631033367,-84.40999578522548,5.590004214774524,5.590004214774524
2738,0.979419278671245,0.9031417291656126,1.229418340727847,1.3612684488221711,0.616051904438875,-31.30779654643455,58.692203453565455,58.692203453565455
2739,6.014372938585329,3.626971033988197,13.553635109000236,3.73690194434686,0.2244950343243056,56.09032672652202,-33.90967327347798,33.90967327347798
2740,6.2974277400308125,5.195587307736232,7.980982423695771,1.5361078451731691,0.6411823647858786,57.79074343923753,-32.20925656076247,32.20925656076247
2741,1.2121260584033826,1.160863414943706,1.3041311755154463,1.1234148296237656,1.0268394263647826,-69.02034429877293,20.979655701227074,20.979655701227074
2742,1.191922542518033,1.0847921109658991,1.458785171524401,1.344760122034348,0.7147985878551268,-6.729091175965389,83.2709088240346,83.2709088240346
2743,2.752627203103878,1.92317241865724,4.996314905630022,2.597954742465812,0.4455617697996432,54.23890330480742,-35.76109669519258,35.76109669519258
2744,1.8039417076383557,1.5273648032249365,2.1968525638757885,1.4383286554968862,0.8533924452991725,-77.74082309388798,12.259176906112032,12.259176906112017
2745,1.0099380753567209,0.886954674315734,1.2283194707989475,1.3848728761101223,0.9289608508556144,1.6825753742533018,-88.3174246257467,88.3174246257467
2746,0.9606427264386592,0.8299376742417564,1.1448296539900258,1.3794164182701545,1.0441069762292927,-38.50260038237827,51.49739961762174,51.49739961762173
2747,0.8535534614000618,0.928185667611701,1.0870639323238165,1.1711707800023698,0.546580242548573,-33.859852420333574,56.14014757966643,56.140147579666426
2748,1.5968523069270035,1.3329633482520062,2.0431677247651505,1.5328011287365684,0.7549465993923424,-79.13235097492827,10.867649025071728,10.867649025071728
2749,0.9855986414141252,0.8761049020406679,1.3370784353533562,1.526162486066412,0.6318836304034402,-22.818128479883228,67.18187152011677,67.18187152011677
2750,1.380717816333713,0.9615919177643796,2.253901233512662,2.3439269734637467,0.5710964529048985,56.91663571599375,-33.08336428400625,33.08336428400625
2751,1.5777276373049178,1.4667584939900955,2.0811831890935037,1.4188997013625315,0.5594669221684408,21.287495423194724,-68.71250457680527,68.71250457680527
2752,1.7035467376469715,1.783442026315275,2.31415037175505,1.2975753277140487,0.3900794839507215,53.562200086683,-36.437799913317,36.437799913317
2753,2.5653979652796903,2.155508846588671,3.505989058028606,1.6265250145353,0.5851007612247292,2.8434439670819915,-87.156556032918,87.156556032918
2754,2.92375806133559,2.72321091648268,3.3925458319291217,1.245788863211139,0.661544169352841,-42.47321012932871,47.52678987067128,47.52678987067129
2755,1.0740312192037882,0.8222149853850389,1.5853329295637753,1.9281245875388324,0.649752675952715,37.79568290432246,-52.20431709567754,52.20431709567754
2756,1.0337045758596148,0.7831709205254694,1.4764876591568878,1.885268745890408,0.7548920141878822,-58.18842302006001,31.811576979939986,31.811576979939993
2757,2.034849492430161,1.8377774886268805,3.041870592246076,1.6551898208954825,0.4587050969273478,13.324512994607735,-76.67548700539227,76.67548700539227
2758,1.2221025728266244,0.8908698597910628,1.970529032102163,2.211915702888763,0.5732073931282531,-77.57471269538061,12.425287304619388,12.425287304619388
2759,1.0039085404212729,0.8132390369302596,1.3714344408578845,1.6863854027896277,0.8156295207171376,-13.873163217702745,76.12683678229726,76.12683678229726
2760,0.9086770491564996,0.8901337105504735,0.9865436774118096,1.1083095334089914,0.906241609700618,-64.05572315922974,25.94427684077027,25.944276840770257
2761,1.062665489594652,0.7210604852759049,2.113786621911577,2.9314969618710456,0.4283376435598079,31.74609881966917,-58.25390118033083,58.25390118033083
2762,1.1816912584570125,0.8922486733644072,1.915220055318848,2.1465092776177706,0.6111318079880046,81.96080990549066,-8.039190094509337,8.039190094509337
2763,1.085277926096956,0.6636547633047514,1.8642449328399304,2.8090583175455426,0.6439073684591567,81.66407244860162,-8.335927551398385,8.335927551398385
2764,1.749264059016166,1.5238054374248666,2.179658615569043,1.4304048023693408,0.7526903390561249,-14.276514488951287,75.72348551104871,75.72348551104871
2765,1.2850634067342854,0.9558042812891826,2.0164675961892664,2.109707641683157,0.6617279077101872,-60.59303753225799,29.406962467742005,29.406962467742012
2766,1.0569367929308613,0.9489968667421972,1.2854632355776858,1.3545495044578395,0.7892052875600587,-20.88842176060492,69.11157823939507,69.11157823939507
2767,1.1451621372724683,0.9374160209655652,1.5546368872711511,1.658427904474932,0.6774734431545542,-38.924951343243976,51.075048656756024,51.075048656756024
2768,0.9019708538191776,0.863517580096543,1.0402242900390126,1.2046359147925088,0.9610159358387168,-43.05907344288145,46.94092655711856,46.94092655711855
2769,1.096409273000846,0.8742108700714321,1.4610238025206028,1.671248725609214,0.8041386091138779,73.14738360944725,-16.852616390552754,16.852616390552754
2770,1.4493662838402204,1.1478837469246566,2.548403429278021,2.2200884332629984,0.3631237402611038,88.57358497492405,-1.4264150250759542,1.4264150250759542
2771,1.2991595879263365,1.2524597353965654,1.623011576108509,1.2958592841267,0.5808254141836551,-26.39169842605993,63.60830157394007,63.60830157394007
2772,1.7904288454052892,1.3168845080385525,2.9368931018958726,2.230182741135181,0.5191541961519532,31.51419316000451,-58.48580683999549,58.48580683999549
2773,0.8392070033186643,0.8284773808313028,0.9402054337224902,1.134859509114272,1.0465478194253712,-79.36793766972383,10.63206233027617,10.63206233027617
2774,2.8223249975951434,1.6769140414972123,5.089008531733079,3.0347462098828983,0.4897252838453354,-46.89041937752803,43.10958062247198,43.10958062247197
2775,3.687772437041522,3.305136403146606,4.305337276818529,1.3026201498732992,0.7862390515035245,-56.52307468383517,33.476925316164824,33.47692531616483
2776,1.1661760393441107,1.1534317915556824,1.28968564785935,1.118129097274054,0.7930237666484301,-52.5056291688707,37.49437083112929,37.4943708311293
2777,1.502835947650602,1.2602014225441174,2.043233259680497,1.6213545097858886,0.5864030174531483,-82.64975712747724,7.350242872522756,7.350242872522756
2778,1.0569367929308613,0.8314808292037222,1.5080869945370496,1.8137363383125595,0.6909810417611583,-41.4046320262209,48.595367973779105,48.5953679737791
2779,1.2020667470700563,1.220149254691324,1.3818327789539817,1.1325112674871571,0.6905239144983273,15.52340457742622,-74.47659542257378,74.47659542257378
2780,1.1345092346885122,0.9579540088322274,1.7654076326918062,1.842893934797441,0.4883623787628596,-49.968560041256325,40.031439958743675,40.031439958743675
2781,2.2421015207009214,2.0502688587495084,2.504296812726365,1.2214480076792344,0.7916881525414531,-27.74901868877818,62.25098131122182,62.25098131122182
2782,1.176542252445381,1.0001742413840802,1.958035398207624,1.9576942868454783,0.4333807991490812,34.47747751089185,-55.52252248910815,55.52252248910815
2783,1.4240109808516253,1.1336314206225997,1.9434329415368448,1.714342868574952,0.706741899268635,69.2612102466241,-20.738789753375897,20.738789753375897
2784,1.6195038256468852,1.2858712458011738,2.0932207923095816,1.6278618867516408,0.7955353126320344,83.37837529232759,-6.62162470767241,6.62162470767241
2785,4.669907398433393,3.9264538443989374,6.246335879784241,1.5908338993197642,0.5728877888321438,-25.08848340464144,64.91151659535856,64.91151659535856
2786,0.9917395023300404,0.9967864462463054,1.425946947846903,1.430544078139032,0.5326158033366994,5.021287869529876,-84.97871213047013,84.97871213047013
2787,1.1451621372724683,0.8035944145329679,2.0272836159399032,2.522769669968547,0.585408570099144,-33.886402521352395,56.113597478647605,56.113597478647605
2788,1.0683634687220958,0.7705583932994092,1.8817158879823523,2.442015951477918,0.5391119905311142,-75.89945389554421,14.100546104455788,14.100546104455788
2789,0.9606427264386592,0.9675808184616044,1.0808096187126062,1.1170225763993844,0.7242279439476597,38.520056182721234,-51.479943817278766,51.479943817278766
2790,1.085277926096956,1.0382091758337386,1.1743091138301316,1.1310910567584778,1.0288684888831303,-5.140555497804967,84.85944450219503,84.85944450219503
2791,2.079122611754846,1.6754789994507386,2.666074980265228,1.5912315111912652,0.807865179836687,9.826588880910052,-80.17341111908995,80.17341111908995
2792,1.652899170550067,1.257537451781752,3.239030068954884,2.575692727374153,0.3685473103163287,-83.57977082218362,6.420229177816395,6.420229177816381
2793,0.973200680696656,0.8736427158403359,1.2937894041726234,1.480913628322487,0.6668071524881538,-48.836529918705374,41.16347008129463,41.163470081294626
2794,1.186817925731738,0.9279840947695174,1.870474692178057,2.0156322750796987,0.4578191249147055,25.062047006946663,-64.93795299305333,64.93795299305333
2795,2.570126813468571,1.3112189914533263,5.692899096434597,4.3416844429050805,0.3806176993748342,88.09724071583305,-1.9027592841669474,1.9027592841669474
2796,1.2270604129519955,0.9966903756769124,2.932368041620994,2.942105304899173,0.3165934389501909,49.60715975140321,-40.39284024859679,40.39284024859679
2797,1.1291450947814663,0.672291852329525,2.3242309349572574,3.4571755211723607,0.4619912579670066,72.54448993800682,-17.45551006199318,17.45551006199318
2798,1.470161697690137,1.1180820724680942,2.063112596743979,1.8452246463354796,0.6998340569704425,-2.159885677289818,87.84011432271018,87.84011432271018
2799,1.039561305877423,0.8096900506673751,1.3994611207106478,1.728391153574337,0.8943379680730732,-18.502381011664703,71.49761898833529,71.49761898833529
2800,1.7035467376469715,1.3839822649894482,3.033342058529288,2.191749226318601,0.4122300580388506,78.16560314783484,-11.834396852165156,11.834396852165156
2801,1.4865885952249918,1.364163964008667,1.813509895410204,1.3293929052935178,0.6661544885986415,73.92544870165254,-16.07455129834746,16.07455129834746
2802,1.1661760393441107,0.9283985824269644,2.563738283767641,2.761462945220865,0.2995723106009431,46.09668838364674,-43.90331161635326,43.90331161635326
2803,1.0278144733504384,0.8674069465045505,1.3368841278688337,1.5412421277650212,0.7276403300975149,54.77871060575809,-35.22128939424191,35.22128939424191
2804,0.979419278671245,0.8116685399966368,1.253442589563928,1.5442788870061686,0.8530444565239135,67.04396568263853,-22.95603431736147,22.95603431736147
2805,1.039561305877423,0.9012803199705076,1.6287229846401237,1.8071214344205584,0.475541072167206,3.5310432562177776,-86.46895674378223,86.46895674378223
2806,1.3495865213724043,1.0532746509965214,1.8456399179191936,1.7522874173160836,0.7116675584538948,3.1040783325319885,-86.89592166746802,86.89592166746802
2807,1.4987906214766678,1.132615122725739,3.770964840937667,3.3294318301723758,0.2827088555403201,-29.96947507870452,60.03052492129548,60.03052492129548
2808,1.6307115983086335,1.3646761320417098,2.212478313696406,1.621247900325104,0.6086028517565857,-5.524556508990969,84.47544349100903,84.47544349100903
2809,1.892631703400796,1.7354233420747929,2.165280353253485,1.2476957643457616,0.8299959263690927,81.91288988624967,-8.087110113750327,8.087110113750327
2810,2.835202592972366,2.0339324961777447,4.898117139678107,2.408200443664116,0.3622062767744751,-26.76683316033571,63.23316683966429,63.23316683966429
2811,1.062665489594652,0.7532773259566858,2.0750032343538587,2.7546338683678546,0.3913166922363129,-54.97115404996556,35.02884595003445,35.02884595003444
2812,3.229621924082949,2.922809413299741,4.614006670068972,1.578620435897643,0.3429626577791088,36.33434534971238,-53.66565465028762,53.66565465028762
2813,2.609976117175414,1.7072660133954427,6.860906279745309,4.018651004538074,0.2284116186630176,67.61532398151908,-22.384676018480917,22.384676018480917
2814,1.0569367929308613,0.8822135143090255,1.4955876540858746,1.695267222535421,0.6818491235518268,-30.396583862879368,59.60341613712063,59.60341613712063
2815,0.9543017810603904,0.8145512311347195,1.331668760173562,1.6348496070879006,0.6747691297325132,56.42993759752835,-33.57006240247165,33.57006240247165
2816,1.1345092346885122,0.9826932321126264,1.5607658573377887,1.5882533901066995,0.5944234289842301,-65.70751450085532,24.292485499144675,24.292485499144675
2817,1.0511768765181757,0.8979302492787482,1.3434694575000676,1.4961846519584272,0.7881043144219734,-27.139357408704623,62.860642591295374,62.860642591295374
2818,1.3084726790995154,1.020758792157339,1.8541999869722028,1.8164918110118984,0.6200169513823925,-18.670305371333125,71.32969462866687,71.32969462866687
2819,1.0039085404212729,0.8021480963692126,1.4300897765445046,1.7828251204703516,0.7077041334336178,-16.217472614644812,73.7825273853552,73.7825273853552
2820,1.5892300566907107,1.5590861812967045,2.029371825892275,1.30164185292466,0.5345898031636054,-33.01447591211575,56.985524087884244,56.98552408788425
2821,1.3084726790995154,1.1844329377547915,1.619290290333876,1.3671439207047036,0.7364630348173475,-9.71159448894753,80.28840551105247,80.28840551105247
2822,1.585405189396292,1.299523700930797,2.555351764662468,1.9663756519655404,0.4444039025702773,31.86814990358377,-58.13185009641623,58.13185009641623
2823,1.2850634067342854,1.320654427179664,1.5538872659744656,1.1766039881400954,0.5669241800806497,32.78563709703544,-57.21436290296456,57.21436290296456
2824,1.6455365541233553,1.4411326398881366,2.0343021281724303,1.4115995099037772,0.7127286796173116,-57.039250022473134,32.96074997752686,32.960749977526866
2825,1.9432796250435167,1.668696443126785,2.562449497149909,1.5355995440059904,0.6715886349067023,78.58151605741097,-11.418483942589035,11.418483942589035
2826,1.3585539723246187,1.3431567837285514,1.440574713841764,1.0725290831966643,0.8473255952463262,-24.06416416702585,65.93583583297415,65.93583583297415
2827,1.1451621372724683,1.0155746074219505,1.4183645880741975,1.3966128905829331,0.6840292799022679,-39.15505724154576,50.84494275845424,50.84494275845424
2828,1.652899170550067,1.297033401132592,2.4649612109267407,1.9004608584283904,0.4981150017036725,47.66709224240108,-42.33290775759892,42.33290775759892
2829,1.2221025728266244,1.161792500144904,1.3911489533129,1.1974160214835177,0.8020944422983838,68.73768323840272,-21.262316761597276,21.262316761597276
2830,1.0278144733504384,0.9909479427554614,1.2034995688163603,1.2144932310670842,0.6447921059674884,50.12362916901856,-39.87637083098144,39.87637083098144
2831,0.9543017810603904,0.6973647832882411,1.5016798905152708,2.153363528675039,0.6789774702446264,19.23576007954326,-70.76423992045673,70.76423992045673
2832,2.0078170808425457,1.378947265099632,4.311810459486575,3.126885682009773,0.3312066629440636,18.01903735326883,-71.98096264673117,71.98096264673117
2833,2.102353753036351,2.247551171263424,2.3501802700792265,1.0456626305678778,0.5476276665383946,-76.01410653507273,13.985893464927273,13.985893464927273
2834,0.8097519128234426,0.7274385496552839,1.040119900653109,1.4298388518810248,0.8592690415496879,-50.77571700227002,39.22428299772997,39.22428299772998
2835,1.326902779425731,1.127523263479344,2.365969370520103,2.098377432337073,0.3826521506670552,-37.94257732051823,52.05742267948176,52.05742267948177
2836,1.2563966762852905,0.7410084127880794,2.308379551988149,3.1151866998415865,0.5271973102117202,76.96182370041804,-13.038176299581963,13.038176299581963
2837,5.73110991071394,4.694978355824995,7.221931228028628,1.538224605246258,0.6459034265810806,-1.787483289137344,88.21251671086266,88.21251671086266
2838,1.8173540983129992,1.64747778501914,2.356299047389569,1.430246324907012,0.4281437951086386,75.11284523859617,-14.887154761403835,14.887154761403835
2839,1.886205091624149,1.5780844154155538,2.7605328575581,1.7492935299225891,0.4084103073252087,-38.9941505074042,51.005849492595814,51.0058494925958
2840,0.9086770491564996,0.8329232758404008,1.11930576345889,1.3438281723241985,0.838095940699001,48.27223660712913,-41.72776339287087,41.72776339287087
2841,1.062665489594652,0.7303445050198246,1.9749889963892528,2.704188205449213,0.3847693494885895,-56.28307611717885,33.71692388282116,33.71692388282115
2842,1.0683634687220958,0.8402087515003509,1.4541148590278004,1.7306590254281504,0.8563090466594312,69.99521932742161,-20.00478067257839,20.00478067257839
2843,1.0740312192037882,0.8246558643421773,1.610400924850128,1.952815707112851,0.6306309278723701,6.618288607621962,-83.38171139237804,83.38171139237804
2844,1.0099380753567209,0.7990260386582244,1.690490375265882,2.115688717860386,0.5745181555792428,-33.109227244526124,56.890772755473876,56.890772755473876
2845,1.0683634687220958,0.8423582282671664,1.4469572831464177,1.7177457696626113,0.860520642855799,-54.08760544021409,35.91239455978592,35.91239455978591
2846,1.0908577979726677,1.0361661218894946,1.2994866584751907,1.254129652594238,0.6938957958173763,-26.222246721763423,63.777753278236574,63.777753278236574
2847,1.0511768765181757,0.8513178101968802,1.424491748425602,1.673278452962433,0.7686116098223945,-9.893985770498286,80.10601422950171,80.10601422950171
2848,0.9219431092603804,0.9217451881410412,1.047656315162694,1.1366007966644098,0.8107010105447765,17.170325855428167,-72.82967414457184,72.82967414457184
2849,1.139848131163964,0.7720140720908094,1.93001812382302,2.499977906615151,0.5880453584307644,2.560293645368418,-87.43970635463158,87.43970635463158
2850,0.9978425722559162,0.8120073729056583,1.5226416881929292,1.8751574665441304,0.6329022480663783,48.01968055860089,-41.98031944139911,41.98031944139911
2851,1.021890421280174,0.8242699367961825,1.4836493369157635,1.7999556585582788,0.6761860205981922,10.983355347937009,-79.016644652063,79.016644652063
2852,1.3038244488524504,1.3616012410427771,1.6831848636003393,1.236180471098336,0.556121976325979,-11.033094019154875,78.96690598084513,78.96690598084513
2853,1.3450803768346336,1.1471924541181688,1.7744203042509157,1.5467503276203889,0.7632371065889405,66.30439642886941,-23.69560357113059,23.69560357113059
2854,1.1970053909181526,1.087188402048666,1.5507126894564307,1.4263513909220455,0.6328655017459106,-28.46025281879145,61.539747181208554,61.539747181208554
2855,1.0511768765181757,0.8528678942475227,1.472967574325651,1.727075886266344,0.7922168604278436,-89.11412181431288,0.885878185687119,0.885878185687119
2856,1.415458284986553,1.1018314963709137,2.028590644070496,1.8411078742548523,0.6506315852557029,74.12037648107614,-15.879623518923864,15.879623518923864
2857,2.236679259992467,2.1795932057316243,2.428457769996032,1.1141793631995065,0.6386531344351235,41.572793952405945,-48.427206047594055,48.427206047594055
2858,0.9606427264386592,0.6526127050146202,1.8668785898062172,2.860622503149697,0.4399096264057344,-71.16092312754549,18.839076872454513,18.839076872454513
2859,1.0039085404212729,1.0176126198340496,1.124152578787886,1.10469598831352,0.8033172872721658,5.302653024802882,-84.69734697519712,84.69734697519712
2860,1.2221025728266244,1.052125553765136,1.6344495372718453,1.55347385245307,0.7167812983179791,33.553000048081834,-56.446999951918166,56.446999951918166
2861,2.8416195063327234,2.621361437589094,5.759870310211734,2.1972820030148816,0.2416687299828096,30.69185182003852,-59.30814817996148,59.30814817996148
2862,0.8746320295080829,0.7410388467374482,1.1056843740246058,1.492073430283139,0.8603247459624086,-75.34624747939009,14.653752520609913,14.653752520609913
2863,1.1128975557056655,0.8539530221186735,1.5269771235270664,1.7881277821801105,0.8922484069570299,14.105217939992066,-75.89478206000794,75.89478206000794
2864,5.755423499165486,4.737829962938162,7.501589148352412,1.5833386185308151,0.6563586087498918,-2.062114247532488,87.93788575246751,87.93788575246751
2865,1.522901401330112,1.1963789786361252,2.3454794040521025,1.9604819592583904,0.494866766955192,31.56360943966209,-58.43639056033791,58.43639056033791
2866,1.186817925731738,1.0982876360078129,1.4623352747104008,1.331468393858891,0.6685968054765905,-30.53860111729941,59.46139888270059,59.46139888270059
2867,3.463646607576112,3.330141641072931,4.464084530247319,1.3405089066448972,0.504864678099448,71.06324137127909,-18.93675862872091,18.93675862872091
2868,1.2466946262544771,1.0485223703876403,1.5417708219330957,1.470422439688245,0.957101621877099,41.38382431641308,-48.61617568358692,48.61617568358692
2869,4.596526061339452,4.424385863465536,4.958971807141194,1.1208271521003654,0.7327200647309553,68.03469450124925,-21.96530549875075,21.96530549875075
2870,1.2515550525870838,1.0015726483795042,1.9273373826666664,1.9243111179054304,0.5192728222335566,10.793736826808006,-79.206263173192,79.206263173192
2871,1.3131044552792934,0.9265876831367342,2.3999536179588112,2.590098769535075,0.430482786142996,-78.21090146834264,11.789098531657373,11.789098531657359
2872,1.2944779165271465,1.2752763017119335,2.654891519271694,2.0818167135292662,0.2734656586628356,13.097613772903886,-76.90238622709612,76.90238622709612
2873,1.7938166040551036,1.4710406062669177,2.78741729595058,1.894860878806229,0.4543457315470381,-25.70386401374093,64.29613598625907,64.29613598625907
2874,1.0039085404212729,0.7777387951579653,1.5211503165543117,1.9558627215521032,0.5170173869389004,22.30571947813253,-67.69428052186747,67.69428052186747
2875,1.039561305877423,0.8562154646825607,1.4070425785134044,1.6433276862560071,0.8136498547870455,41.3531547620671,-48.6468452379329,48.6468452379329
2876,1.542705892513396,1.4989896800152254,1.7125868622765092,1.1424940979307572,0.752895359578896,34.14004714714253,-55.85995285285747,55.85995285285747
2877,2.9874371149002164,2.7494306532241,5.052091201969065,1.8375045015391704,0.4003121853267386,38.367324207290345,-51.632675792709655,51.632675792709655
2878,1.1183396299962336,0.8887246393585291,1.5623777549099218,1.7579998187488397,0.7500551457542709,0.8515564822720607,-89.14844351772794,89.14844351772794
2879,1.2121260584033826,1.0929950192341231,1.456431603394045,1.3325144010396195,0.8618147736873386,-75.1923877583839,14.807612241616084,14.807612241616098
2880,2.178931018427761,2.2644547171360125,2.362011425721768,1.043081766152136,0.5784726625299138,-43.092743452880434,46.90725654711957,46.907256547119566
2881,1.2121260584033826,1.1902109825629283,1.2914893910171297,1.0850928196243952,0.9128474273808624,-81.79396771117285,8.206032288827146,8.206032288827146
2882,1.550556863789422,1.1500838540686298,2.383816198214129,2.072732514051865,0.5289680398618781,-3.8579525418719336,86.14204745812806,86.14204745812806
2883,0.9479184199131095,0.7267882261849055,1.3590836209593549,1.8699857427431472,0.70419938243736,-74.2490651965748,15.750934803425196,15.750934803425196
2884,1.0278144733504384,0.8188875986478797,1.470139589070229,1.79528862263597,0.7563983693953211,28.744258289429723,-61.25574171057028,61.25574171057028
2885,3.417768467953522,3.289576348685077,6.560175716705052,1.9942311779227475,0.264302604335746,-61.85499387612214,28.145006123877863,28.145006123877863
2886,0.9606427264386592,0.8540851181475418,1.8827184154858496,2.20436859919694,0.3936294117030943,-6.748640411152564,83.25135958884744,83.25135958884744
2887,7.306071945550318,3.986364268490143,14.333090654709183,3.5955295826836013,0.3295658240267612,-66.69469652594749,23.305303474052494,23.305303474052508
2888,1.6195038256468852,1.1237783603191382,2.5332688979012747,2.2542424621718644,0.6235225395334545,-14.172254073162804,75.8277459268372,75.8277459268372
2889,0.979419278671245,0.6259808194901267,1.60843124753707,2.569457717326176,0.744306195457089,-74.02003627579057,15.979963724209426,15.979963724209426
2890,1.3894843667311525,1.3018912372839324,1.5866765643962468,1.2187474029754184,0.7944473370250598,-35.52728175878811,54.47271824121189,54.47271824121189
2891,1.1451621372724683,0.9731888358492028,1.4835492262374228,1.524420720407135,0.680998779003843,17.00105347417157,-72.99894652582843,72.99894652582843
2892,2.653805558851462,2.5409364117332705,4.373320186822262,1.7211450733783031,0.3008659850620335,-5.200531631649436,84.79946836835056,84.79946836835056
2893,1.1451621372724683,0.80373959888004,1.8248037757389777,2.2703917764929407,0.5332682321925167,-72.9198844969977,17.080115503002304,17.080115503002304
2894,0.9917395023300404,0.6084223568843997,2.0632122473346315,3.391085524700142,0.4845496821710219,1.0654589148763869,-88.93454108512361,88.93454108512361
2895,0.8319410050566239,0.7552027594019066,1.0494294850112873,1.3895996432036313,0.8667615982981625,35.10456716012522,-54.89543283987478,54.89543283987478
2896,1.4025314545362868,1.317836894244689,1.6565434472217562,1.2570170515458174,0.6702433829801238,-65.96307989208381,24.03692010791619,24.03692010791619
2897,3.49331809560616,2.4003831317802296,5.570089812483124,2.3205003146110683,0.511553278564387,72.20390453684723,-17.796095463152767,17.796095463152767
2898,1.340559085464394,1.20825998265414,1.608300749597528,1.3310883193074337,0.7732772501883853,-27.57781777314672,62.42218222685328,62.42218222685328
2899,1.717743205908703,1.3327576899595492,2.2525405025097123,1.6901350631697196,0.8593366270449997,-77.21876357184372,12.781236428156262,12.781236428156276
2900,2.287671900436189,1.5877871650298996,4.343971680260932,2.7358652191769863,0.3312764482618592,-46.67485745898375,43.32514254101625,43.32514254101625
2901,2.116743748196358,1.4973918506811872,3.2645370022163287,2.180148770498009,0.5719975888508753,-41.36206400845363,48.637935991546385,48.63793599154637
2902,6.605165613246222,4.386649729929386,14.047648412502692,3.202363826010066,0.2401411019684143,-73.6783403393839,16.321659660616092,16.321659660616106
2903,1.2020667470700563,1.0858217214612982,1.4751227200542398,1.3585312311389577,0.7167714473592477,65.638167511105,-24.361832488895004,24.361832488895004
2904,2.86502522895345,2.2640222315299985,4.612070367119961,2.0371135507813367,0.4447622349875833,21.88734164866828,-68.11265835133172,68.11265835133172
2905,3.6745782178649335,2.7178708912723053,5.080206334818646,1.869186042329064,0.7389383196240844,66.21909369352197,-23.78090630647803,23.78090630647803
2906,0.9917395023300404,0.924259411690274,1.1151009429337488,1.2064804846233226,0.917262137612356,89.19188084599827,-0.8081191540017301,0.8081191540017301
2907,2.461531373699935,2.0019785914300376,3.628916861436656,1.8126651688340365,0.3906841005580697,72.41660546152158,-17.583394538478416,17.583394538478416
2908,1.0796692170979234,0.9399318702123028,1.267743818238521,1.3487613926232496,1.087125496429459,-12.81705227039752,77.18294772960247,77.18294772960247
2909,0.979419278671245,0.8524256359727261,1.3854847313887029,1.6253438105573728,0.6545696159675249,60.06499286391152,-29.93500713608848,29.93500713608848
2910,0.9543017810603904,0.8914028481998265,1.2715951553584024,1.4265100879208183,0.5926286026721453,-22.9062878880746,67.0937121119254,67.0937121119254
2911,0.9855986414141252,0.6867256598533706,1.507252793980138,2.1948397767777688,0.8080526881600697,-23.34574945207396,66.65425054792604,66.65425054792604
2912,3.0557531813474745,2.588052406573192,3.8516943110697257,1.488259782254451,0.6581385273908051,-65.91261862982736,24.087381370172636,24.087381370172636
2913,2.043780842560348,1.88270031440594,2.329330967631002,1.237228755850073,0.6901147975746678,-54.14432036822225,35.85567963177775,35.85567963177775
2914,1.0569367929308613,1.2274024249577238,1.6129799505429263,1.3141410818041064,0.412162938295912,-80.97653783599216,9.023462164007839,9.023462164007839
2915,0.8884066096615684,0.8168976893617005,1.0007177014046431,1.2250220736780078,1.0497127908932125,17.544210636954656,-72.45578936304534,72.45578936304534
2916,4.630740583773715,3.430339014694376,6.977963688347543,2.034190690324303,0.5266679668623555,-79.33460372578631,10.665396274213691,10.665396274213691
2917,0.8606370140730026,0.539010266879867,1.8793627677126088,3.4866919670965664,0.4315663580229663,32.686240833835264,-57.313759166164736,57.313759166164736
2918,1.1504515979244476,0.8768934296990885,1.8126651060361167,2.0671441302258864,0.5589053055264898,-22.23619645729718,67.76380354270282,67.76380354270282
2919,0.8746320295080829,0.5467171794483191,1.5219764041864956,2.7838459470439365,0.6593162837031968,71.31502449118928,-18.684975508810723,18.684975508810723
2920,2.783334751446548,2.920093960992192,5.596363777531287,1.916501267524196,0.2065112836811787,37.3706504167249,-52.6293495832751,52.6293495832751
2921,1.1128975557056655,0.9124390295560292,1.4263867412392517,1.5632680048038905,0.8719785840229703,-19.16045947287589,70.83954052712411,70.83954052712411
2922,0.9917395023300404,0.8468092574974712,1.8377330562330512,2.1701853634241117,0.4091610039660183,50.30385809696478,-39.69614190303522,39.69614190303522
2923,1.0278144733504384,0.8968396742486793,1.383891639318164,1.543075846279335,0.6043340779188233,8.266359815505938,-81.73364018449406,81.73364018449406
2924,0.9153341128725788,0.860495559576272,1.0147689468660068,1.1792843502477834,1.0360771883320188,-20.905852574076057,69.09414742592395,69.09414742592395
2925,0.9669420905017878,0.9217310094505046,1.114436744792313,1.2090693850657048,0.8246176867238628,10.435924843300718,-79.56407515669929,79.56407515669929
2926,1.0453852243082644,0.9214314882941028,1.3084741730323797,1.420044994831716,0.8350443299760573,-58.97665684946841,31.023343150531588,31.023343150531588
2927,2.905009152223904,3.009747221182966,4.224130361665197,1.4034834327398842,0.3609423868541452,-79.79015161590475,10.209848384095267,10.209848384095253
2928,1.2991595879263365,1.177325065670538,1.7438829234766609,1.4812246628618608,0.5469832781246194,33.028915696911085,-56.971084303088915,56.971084303088915
2929,1.0337045758596148,0.8263073137117584,1.4030686337610556,1.6979985660038457,0.7966668984203615,-61.43445292093202,28.565547079067983,28.565547079067983
2930,1.1557168501373432,0.9873423828961236,1.467813421638846,1.4866306228376216,0.6900192476574164,-8.968964816260256,81.03103518373975,81.03103518373975
2931,1.176542252445381,1.018115681863007,1.434297068062122,1.4087761279126572,0.8338072088463556,-85.19233894858574,4.807661051414243,4.807661051414257
2932,1.1019327803667114,0.8933155489308903,1.4243791711030307,1.5944860389004885,0.8694234130980704,-66.52618969845554,23.47381030154446,23.47381030154446
2933,1.8173540983129992,1.7326065608236514,2.146303589466018,1.2387714776086858,0.5834475926903808,21.36017265663409,-68.63982734336591,68.63982734336591
2934,1.0453852243082644,0.921399180022182,1.3400975650588267,1.454415842899453,0.8026202514432494,-46.8484634011817,43.151536598818296,43.1515365988183
2935,1.3585539723246187,0.8995062934703164,2.18144744363476,2.4251608459777247,0.6138542814758404,45.679918158106126,-44.320081841893874,44.320081841893874
2936,2.314058838770094,1.144948701526437,6.889424458153679,6.017234177364235,0.1991848765926968,-78.30827235811131,11.69172764188869,11.69172764188869
2937,1.186817925731738,0.9333353897144312,1.6195688786215128,1.7352485467384295,0.8178091559455565,-21.68759083457717,68.31240916542284,68.31240916542284
2938,0.9669420905017878,0.7677278924097679,1.363830638172681,1.776450551890003,0.7687017120101635,-71.04001433925725,18.959985660742745,18.959985660742745
2939,1.2660243778180809,1.0351496376835008,1.5963569359289398,1.5421508908618575,0.9017620503068784,41.91944519905466,-48.08055480094534,48.08055480094534
2940,1.8173540983129992,1.6424308345870793,2.329394245029617,1.418260176304621,0.5291778273123483,42.40256204685991,-47.59743795314009,47.59743795314009
2941,1.7247976224747188,1.4364974359682814,2.3387875444607293,1.6281181475860087,0.6150505103583728,-23.522226199755927,66.47777380024408,66.47777380024408
2942,1.6344304437273447,1.21430476719263,2.370185554796531,1.9518868893813204,0.734783104943712,76.36096895701006,-13.639031042989942,13.639031042989942
2943,1.4947343471339476,1.0874409674611871,2.35462030237582,2.1652856318932647,0.5233780834397811,15.741996372446438,-74.25800362755356,74.25800362755356
2944,1.3223193364400538,1.1863307521660538,1.7894094948642607,1.5083563260895665,0.5229359323637183,-67.70267357753728,22.29732642246273,22.297326422462717
2945,1.270810876469873,1.28625948071049,1.4205324615480523,1.1043902749415646,0.6614741108396989,-76.57334218658241,13.426657813417592,13.426657813417592
2946,1.2071068813224677,1.2320370718464404,1.2855663663543635,1.0434477953067594,0.7293908389494899,49.7452330488324,-40.2547669511676,40.2547669511676
2947,1.5544674799972351,1.48765986189237,1.678867812868061,1.1285293472477411,0.885430466830054,-21.45555986582648,68.54444013417353,68.54444013417353
2948,6.940427196258242,5.428627814170723,12.36771221788251,2.278239113316668,0.2696119846333042,-68.16056054169556,21.83943945830444,21.83943945830444
2949,1.1816912584570125,0.7900969686718126,1.8479674805325264,2.338912252301183,0.7251375887540922,71.75318293459254,-18.246817065407456,18.246817065407456
2950,1.0453852243082644,0.8919330572161704,1.3602820005075762,1.5250942764170876,0.8260863579808242,-5.138603482746746,84.86139651725325,84.86139651725325
2951,1.0683634687220958,0.940904205713056,1.4815579880406229,1.5746108679765514,0.5753223613155953,-43.320030279981616,46.67996972001839,46.679969720018384
2952,1.5108941070107518,1.3317719472190706,1.9306954112943784,1.4497192370855576,0.6582389427437783,4.979375567639101,-85.0206244323609,85.0206244323609
2953,0.9543017810603904,0.7988551253631335,1.7646646473690428,2.2089920829723457,0.3958569586725201,64.03676157832588,-25.96323842167412,25.96323842167412
2954,1.4068535956126136,1.2145497726962025,1.8844206186526429,1.5515384062601083,0.6263075562880609,58.38779481170468,-31.61220518829532,31.61220518829532
2955,1.0159318257539256,0.8137321433128831,1.3806744830886335,1.696718624715503,0.7497387025742972,-52.7235282502619,37.27647174973811,37.2764717497381
2956,1.2171245375823248,1.0285352527717695,1.7248064460992043,1.6769541359433953,0.531525469382781,-47.21070297335865,42.78929702664135,42.78929702664135
2957,1.0511768765181757,0.8739810588351006,1.5871769752145253,1.816031319179868,0.6325954008207215,-43.525756051710864,46.47424394828914,46.474243948289136
2958,1.0796692170979234,0.7306951638645927,2.078617593166109,2.844712399863788,0.4940615713161042,28.804387556846127,-61.19561244315388,61.19561244315388
2959,1.3450803768346336,1.0587651315672284,1.7978956851657388,1.6981062480820637,0.7576587804668296,-26.414466397727196,63.585533602272804,63.585533602272804
2960,1.1661760393441107,1.1145210120626503,1.304478289407981,1.17043848908131,0.8214763484369214,7.298440658478698,-82.7015593415213,82.7015593415213
2961,2.0644704023279083,2.5824615790783474,2.944243101298379,1.1400917346267538,0.3210008160885388,-23.3086685702906,66.69133142970941,66.69133142970941
2962,0.979419278671245,1.03563629302017,1.1168066651051576,1.0783772958055329,0.6579103274806032,69.84980467844294,-20.150195321557064,20.150195321557064
2963,0.9479184199131095,0.7339622486447774,1.5584379747495452,2.123321707113845,0.4803916552355558,-53.09273208826856,36.907267911731424,36.90726791173144
2964,1.2071068813224677,1.129837203613988,1.3552434162656766,1.1995032664269565,0.8762959349907664,-78.99222040309239,11.007779596907596,11.00777959690761
2965,2.139566442932797,1.3172749341767551,4.484063347366721,3.4040451473170124,0.3742761258963429,-19.46459859174036,70.53540140825964,70.53540140825964
2966,1.876523906614425,1.2643154709336328,3.211763809013872,2.54031836424666,0.5236692571916463,-51.13865314731753,38.86134685268246,38.86134685268247
2967,1.652899170550067,1.1553374164496182,2.956205927549142,2.558738153425031,0.4776633128430306,26.199788409171564,-63.80021159082844,63.80021159082844
2968,1.3177199508995825,1.0148391014450748,1.7610071880076517,1.7352575255526463,0.8761910186974753,-64.1620159645506,25.83798403544938,25.837984035449395
2969,1.096409273000846,0.8166826500349265,2.096038770664364,2.5665278558014237,0.4130484780893387,87.31817734984128,-2.681822650158722,2.681822650158722
2970,1.0337045758596148,0.9417661545918432,1.1881833683678007,1.2616543529139177,0.9474474031816348,-76.64580914384699,13.354190856153025,13.35419085615301
2971,5.569940487115951,3.683248770758919,8.642548321655896,2.346447079618555,0.6153538313048311,-41.93331683890071,48.06668316109929,48.06668316109929
2972,1.9619355372325755,1.5125928362758114,2.722852412141331,1.80012250940268,0.7120721383420912,50.26900823522592,-39.73099176477408,39.73099176477408
2973,1.3131044552792934,0.975313722049837,2.2846947085030656,2.3425228794087665,0.4216611118892361,-57.73879946573963,32.261200534260354,32.26120053426037
2974,1.021890421280174,0.9977783099943768,1.163299576423488,1.1658898221891032,0.8686566397720749,-20.18881487915787,69.81118512084213,69.81118512084213
2975,1.0796692170979234,0.945912653034854,1.3308952736421198,1.406995951869438,0.8235185609322352,-2.5140753656227357,87.48592463437727,87.48592463437727
2976,0.8319410050566239,0.7286751835076462,1.0628622766780786,1.4586228551955698,0.9043653999080948,27.560324602642083,-62.43967539735792,62.43967539735792
2977,1.1345092346885122,1.227325074940349,1.4902668866551454,1.21423974551125,0.4698840391100217,38.19817533695699,-51.80182466304301,51.80182466304301
2978,0.9855986414141252,0.9198861404923316,1.162251585357082,1.2634733084847154,0.7547607635320043,-29.09773678693313,60.902263213066874,60.902263213066874
2979,2.231243822407474,2.30420655178059,2.344594662462306,1.0175279905573165,0.6078878666151366,-15.501236630508894,74.4987633694911,74.4987633694911
2980,1.085277926096956,1.0334168923669391,1.1937594801125164,1.1551576995982022,0.9151474257825551,-60.08383057949621,29.916169420503792,29.916169420503792
2981,2.327140112221938,2.081971483633009,2.8368559919533323,1.3625815791689238,0.6523333583071047,65.52362909458472,-24.47637090541528,24.47637090541528
2982,1.171370613113025,1.0638926117099317,1.4298119321433105,1.343943849600815,0.7564340488717167,-24.3848735291326,65.6151264708674,65.6151264708674
2983,1.0453852243082644,0.804888977669024,1.4036596911548402,1.7439171489462677,0.9031093451308716,-77.29861071353271,12.701389286467304,12.70138928646729
2984,1.6892309650399413,1.9768434056551365,2.841696625682463,1.437492022662619,0.2829042299227104,-44.66569595764624,45.33430404235375,45.33430404235376
2985,0.8319410050566239,0.4948358922033132,1.869867802525208,3.778763489041607,0.4506011008177332,-74.99473349119322,15.005266508806784,15.005266508806784
2986,2.110999521193558,1.453548539480524,3.1849459034176517,2.191152078454774,0.654386795434308,62.73116378085111,-27.268836219148888,27.268836219148888
2987,0.979419278671245,0.9248554156053248,1.1692032455430978,1.2642011127521435,0.7333021313479893,-86.01470677029805,3.985293229701938,3.985293229701952
2988,1.5622593457610967,1.3571867169056924,2.088158342790447,1.5385932655982133,0.5917352279932854,-85.50569075270683,4.494309247293188,4.494309247293174
2989,1.5892300566907107,1.4070081056491557,2.011923053637422,1.4299299666857106,0.5992296717393231,-66.82278401644666,23.17721598355334,23.17721598355334
2990,1.062665489594652,0.6843393561329397,1.8309324212366709,2.675474389757286,0.6154857763705076,14.46190511587868,-75.53809488412132,75.53809488412132
2991,2.164954408398548,1.7099210225830843,3.2692644168504903,1.9119388402581252,0.5003134975970838,-61.87545651601561,28.124543483984382,28.12454348398439
2992,1.5777276373049178,1.4574107779345034,1.932741366141296,1.3261472986225948,0.7004444916310434,-32.37570504507192,57.624294954928075,57.62429495492808
2993,1.470161697690137,1.7329111913627844,2.759657033712712,1.5924976695098154,0.2528894649351551,-80.72729828852111,9.272701711478874,9.272701711478888
2994,1.0740312192037882,0.9579121093524992,1.3477426494806517,1.4069585678290029,0.7513033056489582,34.46615553379315,-55.53384446620685,55.53384446620685
2995,0.8884066096615684,0.9919542488139784,1.037193653962308,1.045606342432042,0.6766881760350014,-17.14513162629503,72.85486837370497,72.85486837370497
2996,1.2171245375823248,0.9354096000195244,1.7655804348858088,1.887494456812242,0.6950283939547647,-3.988883413087834,86.01111658691217,86.01111658691217
2997,1.7699661294252256,1.555595829489228,2.1771419061428645,1.399554990358722,0.7024109442099284,-29.32804256025096,60.671957439749036,60.671957439749036
2998,2.2066186730632262,1.8479530682986849,2.941733048504061,1.591887315197005,0.6836808302091575,72.75910416896903,-17.24089583103097,17.24089583103097
2999,2.2257951114113315,1.7213847905823618,3.2639460566128973,1.8961164723133583,0.6190696584703047,37.37032564049138,-52.62967435950862,52.62967435950862
3000,0.9414917802541344,0.8146047346397475,1.2226738018760313,1.5009411925610143,0.8173183612551016,-33.957845251922315,56.04215474807768,56.042154748077685
3001,1.2020667470700563,1.0718702591968643,1.4341432977586408,1.3379821722390373,0.8425877520639569,62.87429465447522,-27.12570534552478,27.12570534552478
3002,1.0511768765181757,0.8983164449642068,1.3566019350239846,1.5101604146610474,0.7463508653685196,55.16681984308004,-34.83318015691996,34.83318015691996
3003,2.327140112221938,1.9251034174249957,3.749006568494961,1.94743125723064,0.3541187467785046,49.35905185687475,-40.64094814312525,40.64094814312525
3004,0.9414917802541344,0.8161107963054548,1.2117378423302212,1.484771244070996,0.8312034205235999,-52.428298786618726,37.57170121338129,37.571701213381274
3005,0.9978425722559162,0.9519938370248998,1.1430606599675124,1.200701743553005,0.8087853532836867,80.86829284433581,-9.131707155664188,9.131707155664188
3006,0.928505064734256,0.8233919693793269,1.214034667117726,1.4744310270998462,0.6698501776346538,-30.59164370481535,59.408356295184646,59.408356295184646
3007,1.0159318257539256,0.9446524183527248,1.2090917273545807,1.279932919097357,0.8215339604640346,89.43055980457713,-0.5694401954228709,0.5694401954228709
3008,1.1661760393441107,0.7780311989603711,1.910518849288348,2.455581282397468,0.6864900282121159,-1.0367075660383167,88.96329243396168,88.96329243396168
3009,0.8884066096615684,0.7428875002644467,1.1127875577362654,1.4979220371054094,0.9513894600514832,-54.6407550768265,35.35924492317349,35.3592449231735
3010,1.3894843667311525,1.116769964246311,1.791788366418979,1.6044381777658454,0.8002451570939071,-26.58030479890967,63.419695201090335,63.419695201090335
3011,2.7238030873118206,1.8312470443942932,4.211978118224329,2.3000600225500927,0.6553533248168245,14.36268848624377,-75.63731151375623,75.63731151375623
3012,1.2071068813224677,1.108379851518387,1.4811721538586031,1.336339840380103,0.7758009624314969,38.21495145636088,-51.78504854363912,51.78504854363912
3013,0.928505064734256,0.9520998417781468,0.981483783045228,1.0308622478207785,0.914444567946567,-25.05031481267229,64.9496851873277,64.9496851873277
3014,1.4783979621211876,1.3375438290547532,2.148928204722776,1.6066226452118813,0.5259119696927052,-1.6677176366031123,88.33228236339689,88.33228236339689
3015,1.2418151765086958,1.2372721467416348,1.309821506692061,1.058636541800028,0.8537339824488621,14.286267490542668,-75.71373250945733,75.71373250945733
3016,4.224874084628636,3.0693969261498157,8.518696070572986,2.775364762373256,0.3461780114413246,51.21486235198454,-38.78513764801546,38.78513764801546
3017,1.3038244488524504,1.028604558152803,1.7713798945347388,1.7221194291767798,0.7723419540224888,58.98815092841761,-31.01184907158239,31.01184907158239
3018,1.2071068813224677,0.9728348744051988,1.6664751725963909,1.7130092849675962,0.6663843777628927,21.47948022595482,-68.52051977404518,68.52051977404518
3019,0.8746320295080829,0.6977232790523528,1.4673441397231752,2.103045983668656,0.4978080262446021,0.0356925210281696,-89.96430747897183,89.96430747897183
3020,1.1970053909181526,1.2139291522665967,1.5055432787426033,1.240223349057494,0.6028351521191226,-32.31555769512701,57.68444230487299,57.68444230487299
3021,1.2221025728266244,1.034070249128785,1.4762472370108568,1.427608267672927,0.9635329269980198,-87.08741031822893,2.912589681771067,2.912589681771067
3022,1.0796692170979234,0.8278414207936211,1.5148525888751565,1.829882572706888,0.7706917511496588,69.79473788621628,-20.205262113783718,20.205262113783718
3023,0.8884066096615684,0.6384664339584437,1.525957865017287,2.3900361614258454,0.6071722693334182,8.26449836500873,-81.73550163499127,81.73550163499127
3024,1.171370613113025,0.8330517910968906,1.9835629737075624,2.3810800179611618,0.5115032475527965,-76.0816038691564,13.918396130843604,13.918396130843604
3025,1.0683634687220958,1.0232730323546346,1.2041758572438293,1.1767884222189675,0.8912830488753588,-19.666990244179026,70.33300975582097,70.33300975582097
3026,1.0511768765181757,0.8852079068650973,1.659560823512731,1.87476954356401,0.561039530574797,-27.750926026780675,62.249073973219325,62.249073973219325
3027,2.7680235600404037,1.8639181678238517,4.355517818759551,2.336753777041979,0.561595445881015,61.3732109337661,-28.626789066233897,28.626789066233897
3028,1.6195038256468852,1.163647749709391,2.5289977045545826,2.173336136460689,0.6197782611622786,-36.88006644594578,53.11993355405423,53.11993355405422
3029,1.1291450947814663,1.3163790232575876,1.4935486791499764,1.1345886350072296,0.4682083532539939,80.30498744584902,-9.695012554150978,9.695012554150978
3030,0.9855986414141252,0.654151133855562,1.608111616973152,2.458318167997285,0.662855307308886,-27.31559693100602,62.68440306899399,62.68440306899398
3031,1.2991595879263365,1.1676515401237149,1.6146952327954112,1.3828571087435308,0.659478604167276,-7.38235432344686,82.61764567655314,82.61764567655314
3032,2.139566442932797,1.380730201708317,4.37498143809165,3.1685997979030787,0.3720901317113856,-56.32534846440359,33.67465153559641,33.67465153559641
3033,1.3314704444981866,1.47271699470534,1.5932442498766857,1.0818400654060902,0.6227748261684318,15.98975015937663,-74.01024984062337,74.01024984062337
3034,0.9606427264386592,0.7704347410678433,1.2991802649898674,1.686295017264108,0.7626256692216249,-46.79377542047135,43.20622457952865,43.20622457952865
3035,1.8732857266234093,1.7619555671935114,2.3981471244761203,1.3610712830267062,0.5567376058509454,76.43234483489049,-13.567655165109514,13.567655165109514
3036,0.979419278671245,0.71151363593271,1.4925052540471,2.097648138662308,0.6454880684419926,-28.108469490127494,61.89153050987251,61.89153050987251
3037,0.928505064734256,0.6271038415221462,1.5677042557281975,2.499911740172037,0.5529779268956344,-57.70729276803793,32.29270723196208,32.29270723196207
3038,1.585405189396292,1.4174588497496172,1.9528091035879047,1.3776831009470594,0.6488633861644086,85.38239196348786,-4.617608036512138,4.617608036512138
3039,0.973200680696656,0.8518749282168709,1.3380036205179986,1.5706573537956838,0.6992878562219504,-46.30980083748578,43.690199162514205,43.69019916251422
3040,1.9307422062542177,1.3921534830707585,2.8467392126169324,2.0448458070425577,0.6888538767220909,-82.69166620447386,7.308333795526153,7.3083337955261385
3041,1.0099380753567209,0.6486945688410605,2.0645020598850743,3.182548704814125,0.3865155403704836,-58.33863859417959,31.6613614058204,31.661361405820408
3042,1.096409273000846,0.9506583446739424,1.5814751177109978,1.6635578139835436,0.5095009954197325,-33.26064814031019,56.739351859689805,56.73935185968981
3043,1.4409640896579887,1.1235184206051294,2.3268607753107027,2.07104817565648,0.3742038354930352,37.754672966388725,-52.245327033611275,52.245327033611275
3044,1.4783979621211876,1.2368961734905628,1.8489960249106503,1.4948676085663046,0.8617529817427632,-6.622574851988375,83.37742514801162,83.37742514801162
3045,1.4987906214766678,1.2862563419644664,1.8969880093143303,1.474813338076226,0.7366031702161278,-17.30634179076311,72.69365820923689,72.69365820923689
3046,1.1128975557056655,0.9147782130396864,1.531262378044883,1.6739165365085615,0.6656669631159717,-84.08853280526269,5.911467194737327,5.9114671947373125
3047,1.1019327803667114,0.7956814936400287,1.69099226613912,2.1252125123625603,0.6742885215320964,-36.94628383706575,53.05371616293425,53.05371616293425
3048,0.9086770491564996,0.8170435994081133,1.47444302382885,1.8046075202069671,0.4767817776186182,-80.73747771750368,9.26252228249632,9.26252228249632
3049,1.0099380753567209,0.7497773143534942,1.6555072946884175,2.2079986457257665,0.5954743594448835,50.14519965821725,-39.85480034178275,39.85480034178275
3050,0.973200680696656,0.9197719393104116,1.1371606177380411,1.2363506312125747,0.8120258112420017,79.8936806237089,-10.106319376291097,10.106319376291097
3051,1.3223193364400538,1.274370055843244,1.9271158715955743,1.5122105723995622,0.4608398113939507,-10.607013297755572,79.39298670224443,79.39298670224443
3052,1.7353254778478429,1.4880784853508977,2.2479462737332336,1.510636902463619,0.6241863666332365,-8.047584226037644,81.95241577396236,81.95241577396236
3053,1.6892309650399413,1.0007491508873236,3.971966985674801,3.9689936105896457,0.3099862952788305,-78.80165203392289,11.198347966077108,11.198347966077108
3054,0.9414917802541344,0.7044603405640908,1.4784779572612312,2.098738384729156,0.5313877920371121,-7.564030327545625,82.43596967245438,82.43596967245438
3055,1.3223193364400538,1.1587712198536386,1.93520181797421,1.670046498236848,0.4579412708496062,3.064959663991307,-86.9350403360087,86.9350403360087
3056,1.6856330249272244,1.1744873623752972,2.686219120429937,2.287141783286025,0.5396217003877845,-75.48104406759082,14.518955932409199,14.518955932409185
3057,1.526882849696625,1.1499078193954122,2.20979852552657,1.9217179744793955,0.6482212734460613,8.980178037782904,-81.0198219622171,81.0198219622171
3058,1.0099380753567209,0.8300616097643732,1.437942542445987,1.7323323058563942,0.5101920136379233,53.83677933218208,-36.16322066781792,36.16322066781792
3059,1.1183396299962336,0.9820605778407544,1.451994303945153,1.478518063659206,0.6701756145775221,42.65521378722715,-47.34478621277285,47.34478621277285
3060,0.8815462242933692,0.8705053714803407,0.9882452315834588,1.1352546049232244,0.8792479799825623,-34.82471279256983,55.17528720743017,55.17528720743017
3061,2.35566322840967,1.5170328688144272,4.643445728863371,3.0608735145549346,0.3868278805000131,-48.80501383928237,41.19498616071763,41.19498616071763
3062,2.105239620905539,1.7414774288279389,2.978174282368281,1.7101423383779786,0.5401002109695725,79.44140495809933,-10.558595041900674,10.558595041900674
3063,0.928505064734256,0.7971041968769124,1.198215644297575,1.5032108085645948,0.6722795028783227,49.39664038131739,-40.60335961868261,40.60335961868261
3064,0.8535534614000618,0.6446730375969095,1.203893592571396,1.8674483379342857,0.8993815502333086,64.03639093699543,-25.96360906300457,25.96360906300457
3065,4.900814295746774,4.422695180433486,5.727431971106332,1.2950094314537326,0.7087078834808658,-73.02043049659922,16.979569503400796,16.979569503400782
3066,1.461879030667795,1.357089097572064,1.6784776903805605,1.2368220284014404,0.7994366791506169,-39.55978238842247,50.44021761157754,50.44021761157753
3067,1.039561305877423,0.780255822845106,1.850214138090792,2.371291676291778,0.5419417837550646,-11.946881768635953,78.05311823136405,78.05311823136405
3068,1.270810876469873,1.1426318393325667,1.468554646488942,1.2852386883834368,0.8903161814153835,46.06998424056965,-43.93001575943035,43.93001575943035
3069,1.2612197138901655,0.7286479825959743,2.554066556294372,3.505213240548513,0.4095588776227186,-38.71900691454538,51.28099308545461,51.28099308545462
3070,1.886205091624149,1.6354657015971232,2.351084496137724,1.4375627039085923,0.620426065749122,-44.15593569338406,45.844064306615934,45.84406430661594
3071,2.201109004856956,2.786443409987515,3.6444447136775096,1.3079198739922873,0.2365839595641241,-45.88554719357781,44.11445280642221,44.11445280642219
3072,2.8416195063327234,2.240263765050972,3.903090897595845,1.7422461401579823,0.5075790983579112,56.68245039705806,-33.31754960294194,33.31754960294194
3073,1.1345092346885122,0.9464133146791196,1.66442309012528,1.7586640681292625,0.495394525059497,12.744182042521407,-77.2558179574786,77.2558179574786
3074,0.9543017810603904,0.781385230643493,1.3038915573700245,1.6686923507579383,0.7778359894045284,53.12827646301052,-36.87172353698948,36.87172353698948
3075,3.437253183038238,2.714887748385902,5.955405897174334,2.193610362238746,0.3441669129938829,-4.978615163589095,85.0213848364109,85.0213848364109
3076,1.139848131163964,0.951866261931055,1.4414829451089668,1.5143754987014926,0.8847051687871462,-34.30125918269459,55.698740817305406,55.69874081730541
3077,1.0337045758596148,0.9317511666722502,1.2627273551152236,1.3552195052516596,0.7690928696334857,61.80386373923911,-28.196136260760888,28.196136260760888
3078,1.857010129468512,1.6570071918005282,2.4438483747142965,1.474856830318748,0.5300386254522194,-71.80503998638468,18.194960013615315,18.194960013615315
3079,2.0138556420885823,1.714477289793765,2.9347704670884456,1.7117581460886366,0.4637802035454454,48.69913811495928,-41.30086188504072,41.30086188504072
3080,1.4783979621211876,1.3963650695549883,1.8771657497139893,1.3443230503554695,0.6262502000914869,-80.80017243896158,9.199827561038433,9.199827561038418
3081,2.316681002601451,1.9401337504312968,4.301806410598577,2.217273118228202,0.3196995338546342,-88.38683267291042,1.6131673270895703,1.6131673270895845
3082,1.546636359756236,1.1266434872500886,2.3800492997837965,2.112513254386284,0.5566146790208575,-0.3575002164164724,89.64249978358353,89.64249978358353
3083,1.2270604129519955,1.1628383775981062,1.5873880163440175,1.3650977185865136,0.6292936514267898,48.32935688012949,-41.67064311987051,41.67064311987051
3084,1.2660243778180809,1.1534245865326476,1.4303400875727297,1.2400811498847342,0.956670436857924,19.882807190067865,-70.11719280993213,70.11719280993213
3085,1.1661760393441107,1.0858307688832594,1.6404118694145469,1.5107435858551472,0.5791209629110302,4.688267472480713,-85.31173252751928,85.31173252751928
3086,1.9619355372325755,1.575755886203335,2.581169620274057,1.6380517076748424,0.7730395554853846,-71.93725600059054,18.062743999409463,18.062743999409463
3087,1.2221025728266244,1.1369600288031314,1.4355631115792475,1.2626328764525283,0.7193504880648022,17.420514374468983,-72.57948562553102,72.57948562553102
3088,1.0908577979726677,0.9596164169680972,1.3593663084451124,1.416572585054373,0.8288095985358036,-44.83895367537249,45.161046324627506,45.16104632462751
3089,1.95883855734249,1.3750433386265837,3.591312761092809,2.611781505505036,0.4147902589294862,-40.24034547242077,49.759654527579244,49.75965452757923
3090,1.886205091624149,1.7506895428984903,2.1646304267078715,1.2364444829687216,0.7071646567411286,38.91142137012879,-51.08857862987121,51.08857862987121
3091,2.0198761507134417,1.7133703239749505,2.427556209161338,1.4168310114823892,0.8235438041483034,84.59223126206281,-5.4077687379371895,5.4077687379371895
3092,0.9978425722559162,0.8428097417918411,1.3051900605506692,1.5486176723299288,0.710159931676943,46.530441497517074,-43.469558502482926,43.469558502482926
3093,3.942394565656501,2.7541825452165494,6.26258504544235,2.27384530350727,0.4686180442101811,-25.69593937380586,64.30406062619414,64.30406062619414
3094,2.7238030873118206,2.614745904896416,3.119500634760121,1.193041598771985,0.6395283830348047,-55.62154222522746,34.37845777477253,34.37845777477254
3095,1.1557168501373432,1.0035210293377146,1.4486229504587127,1.4435402030535904,0.7764279344208882,25.01457409458114,-64.98542590541886,64.98542590541886
3096,1.1128975557056655,0.913530312606262,1.4892204332380043,1.630181738566861,0.6848838532833255,-47.169626356932405,42.83037364306759,42.830373643067595
3097,1.0569367929308613,0.7243061366933164,1.7504652477371918,2.416747779783576,0.5954558501670704,-58.36692722409712,31.63307277590289,31.633072775902882
3098,2.2121146184952187,1.872950251067434,2.8315111108377677,1.5117919492116938,0.6053081814878871,-74.87023732886045,15.129762671139531,15.129762671139545
3099,1.085277926096956,0.8669881211575938,1.426592965697258,1.645458491164199,0.9797638843940844,83.17993598255396,-6.820064017446043,6.820064017446043
3100,1.2020667470700563,0.9326488999413626,1.6301974878054362,1.7479219542401538,0.7757273063327725,3.612539052421945,-86.38746094757805,86.38746094757805
3101,0.8676627389239214,0.691147215876745,1.1721598563043547,1.6959626391859626,0.8113616173751539,82.6704535973567,-7.329546402643302,7.329546402643302
3102,1.171370613113025,0.5646405015753271,3.021425698508333,5.351060878698326,0.3396805197232254,64.8927656115181,-25.1072343884819,25.1072343884819
3103,1.780226888597607,1.7328125999874815,2.0131827112062872,1.161800595875648,0.6603029365666421,21.692076061641863,-68.30792393835813,68.30792393835813
3104,1.0683634687220958,1.0112305331390734,1.7737392850324978,1.754040475346839,0.4281758142652317,-18.472735843406102,71.5272641565939,71.5272641565939
3105,2.084954664197576,1.911863690469688,2.5007524517344057,1.3080181731575464,0.5951324857373673,48.72960941155548,-41.27039058844452,41.27039058844452
3106,1.1345092346885122,0.9219892458244784,2.0286532614871406,2.2003003513051183,0.36879178449832,53.7249451620067,-36.2750548379933,36.2750548379933
3107,1.4906670352488116,1.70797390062686,1.8321500071128032,1.0727037494193372,0.3589067982727588,-40.61445737609182,49.38554262390818,49.38554262390818
3108,1.1345092346885122,0.9640143629125778,1.730297578139678,1.7948877575972289,0.4622474608641631,36.38292552137991,-53.61707447862009,53.61707447862009
3109,2.739361452623709,1.820890887698924,4.687877384877788,2.574496592051103,0.4135992105210225,-6.11786886557878,83.88213113442121,83.88213113442121
3110,1.9307422062542177,1.8377602846711851,2.2628275410123857,1.2312963556165073,0.6285615968182792,-34.48940584795015,55.51059415204985,55.51059415204985
3111,1.3314704444981866,1.2061037821990122,1.577750275164103,1.3081380710766792,0.7199574348041151,1.3284981777932072,-88.67150182220679,88.67150182220679
3112,1.6602291363104174,1.4139102358851945,3.8400497895744743,2.71590776565131,0.2667125501094451,81.63241967868005,-8.367580321319949,8.367580321319949
3113,1.7733929789634846,1.4982267462204684,2.242422808929581,1.4967179130839,0.6352585359667311,16.4376202022854,-73.5623797977146,73.5623797977146
3114,1.9956851445118324,1.4704497803898982,3.8481234408354985,2.6169703257836843,0.3148051768381902,-77.41060740820265,12.589392591797349,12.589392591797349
3115,2.1281856896488693,1.9189180000647004,2.59500752328707,1.35232851179653,0.6864211127778239,4.227500077309923,-85.77249992269007,85.77249992269007
3116,1.340559085464394,0.9917290488454192,2.1691981469021133,2.187289108277624,0.5481816015653325,10.283545246927702,-79.7164547530723,79.7164547530723
3117,1.3540776702961077,1.30719963061554,1.4926214696770477,1.1418466121920454,0.8560063873912516,28.42802913199476,-61.57197086800524,61.57197086800524
3118,2.8480219617032505,1.9336178856634063,5.868909265822295,3.035195996756477,0.3401950206564195,-55.37620862232381,34.623791377676184,34.62379137767619
3119,1.6565682076297277,1.5855696693451116,2.022480650122197,1.275554577779949,0.6719618395520074,18.357257870009573,-71.64274212999042,71.64274212999042
3120,1.4111624987975715,0.9320811608899072,2.729515096743269,2.9284092536933763,0.5135398911337636,70.98788995683661,-19.01211004316339,19.01211004316339
3121,1.2418151765086958,0.9351564669584932,1.8265180096561453,1.9531683458242235,0.6230019768062283,-58.38247743054064,31.617522569459368,31.61752256945936
3122,2.2529068918238173,1.6976148179500543,3.3043240145029533,1.9464509731913575,0.4576735646741215,56.91943571548096,-33.08056428451904,33.08056428451904
3123,1.139848131163964,0.841033211422027,1.721595429767779,2.047000530284516,0.6522657012017664,-33.39630577700004,56.60369422299996,56.60369422299996
3124,1.7596455392320107,1.452205515319973,2.291028619616246,1.577620106415482,0.6610086655390021,-23.34630777804004,66.65369222195996,66.65369222195996
3125,1.593045740590529,1.4869197019614044,1.8637036018999955,1.253398955869354,0.7427839613902479,-65.61373773057925,24.38626226942074,24.386262269420754
3126,1.139848131163964,1.053581571062438,1.3158936268118775,1.248971757815508,0.8713333719043996,-84.03396755819466,5.966032441805339,5.966032441805339
3127,1.0099380753567209,0.7662560648543745,1.373696399966019,1.7927380453779345,0.9358331924086328,2.6957659954277244,-87.30423400457228,87.30423400457228
3128,5.567760044485084,4.339034975648745,9.26557613741278,2.135400195991149,0.2752556165635101,3.735315800840061,-86.26468419915994,86.26468419915994
3129,0.9606427264386592,0.677346869825424,2.4238596647847404,3.578461454187356,0.3305969475262745,-78.94304276029015,11.056957239709845,11.056957239709845
3130,1.5815710720799827,1.2994766498349235,2.1120893987104368,1.6253384768235288,0.7321466157290031,-81.2655355401716,8.734464459828416,8.734464459828402
3131,1.0453852243082644,0.6938879815858412,1.8341461869145828,2.643288593531692,0.5700243999185567,0.0149772316983894,-89.9850227683016,89.9850227683016
3132,1.3718952479298128,0.9518997301670432,2.1443395375316108,2.252694763507616,0.663387641878177,-7.737897201884086,82.26210279811592,82.26210279811592
3133,1.2418151765086958,0.9811583990652786,1.6562332772351671,1.6880386274153214,0.791098893267956,78.68341657612294,-11.316583423877063,11.316583423877063
3134,1.191922542518033,1.0156567272253108,1.569078175575663,1.5448902503331547,0.6953765028671002,55.62950640984244,-34.37049359015756,34.37049359015756
3135,1.1661760393441107,0.9975899046058552,1.5391417412570831,1.5428601814742635,0.557030830180799,11.550332523927183,-78.44966747607282,78.44966747607282
3136,1.0453852243082644,0.6813095988310203,1.82206002315642,2.674349556035436,0.5855903428347281,55.52566155116102,-34.47433844883898,34.47433844883898
3137,1.6418428647199157,1.3404475608298645,2.1060879254573206,1.571182631085883,0.7515493546027477,-65.26176877886273,24.738231221137255,24.73823122113727
3138,1.3038244488524504,1.2278094755779714,1.4557150139989703,1.1856196282519451,0.8231710963424769,10.45741209792796,-79.54258790207204,79.54258790207204
3139,2.1761428777867904,1.3950177007118576,3.729146871133763,2.67318964428253,0.4780527586344423,-0.922757471342856,89.07724252865714,89.07724252865714
3140,1.191922542518033,1.1439184499059838,1.465775811111986,1.2813639042472431,0.6531253142287426,44.80610732713563,-45.19389267286437,45.19389267286437
3141,1.096409273000846,0.830716286536346,1.50562610026042,1.81244321877701,0.8011213591080213,-19.173615225043797,70.82638477495621,70.82638477495621
3142,0.8884066096615684,0.789968890022459,1.1181252032396845,1.415404096746007,0.6998191046227985,47.84674692330036,-42.15325307669964,42.15325307669964
3143,1.968114877060028,1.8689204652168772,2.2868847715031224,1.2236394293203603,0.6100205813060955,65.22868316415233,-24.77131683584767,24.77131683584767
3144,1.2466946262544771,1.1668786061495688,1.425688263282764,1.2217965568733902,0.7679181677564233,46.62639686048116,-43.37360313951884,43.37360313951884
3145,1.139848131163964,1.0682252292495602,1.300534095407975,1.217471802572585,0.9166821456769824,68.81433590034229,-21.185664099657714,21.185664099657714
3146,1.0337045758596148,0.6778680924103,1.9411703400597888,2.8636402300004367,0.5148349498856272,-75.90334134656392,14.096658653436066,14.09665865343608
3147,1.039561305877423,0.6527141211365726,1.8356820312783235,2.812382897556814,0.6105945475708208,-52.65301238479636,37.34698761520363,37.34698761520364
3148,1.9804157147939612,1.8311548625163423,2.260548071837046,1.2344931158529315,0.7665130844094784,68.76975694427217,-21.230243055727826,21.230243055727826
3149,8.372513980982573,6.6764560577849785,14.983980931520838,2.244301587823528,0.3582708605689697,-36.811066621680894,53.188933378319106,53.188933378319106
3150,1.3314704444981866,1.1567934089663592,1.6419107073282948,1.4193638160468145,0.7625787452718634,-18.259464899741744,71.74053510025826,71.74053510025826
3151,0.9978425722559162,1.0277180828701014,1.1402272064630106,1.1094746949267504,0.7242363994628137,-83.3025164386607,6.697483561339311,6.697483561339297
3152,4.81205352278617,4.549644370514802,5.719851954787362,1.2572085835667524,0.3982556261046362,21.27497501351189,-68.72502498648811,68.72502498648811
3153,1.731823303788056,1.322725040001579,3.95117881342818,2.9871505369123903,0.2400331949877467,-38.88597253470037,51.114027465299614,51.11402746529963
3154,1.415458284986553,1.3933695451504933,1.530856870808292,1.0986725496737832,0.8296127358533345,-54.49910707067131,35.5008929293287,35.50089292932869
3155,1.2466946262544771,1.044432992268952,1.6360854286160391,1.566481948317016,0.7054020247381997,-62.50298382239896,27.49701617760104,27.49701617760104
3156,1.1661760393441107,0.8963341603115259,2.5171656050452738,2.808289270343572,0.3817496660913158,59.57355776725819,-30.426442232741813,30.426442232741813
3157,1.474285581520627,1.0358723317293246,2.2904598302682984,2.211141045194747,0.5931952039242495,64.99554232762144,-25.004457672378564,25.004457672378564
3158,1.7457898469292477,2.0134493540468914,2.303081799091072,1.1438488852287445,0.3965518243456963,-23.74268317481313,66.25731682518688,66.25731682518688
3159,3.8473079992801993,2.563641682677304,6.298180945544929,2.456732151026469,0.5028731665919103,-50.55563622658507,39.44436377341492,39.44436377341493
3160,6.5581203323561015,3.91530101089389,13.161613608378447,3.3615840957713647,0.3466681141533231,-81.41198838881807,8.588011611181912,8.588011611181926
3161,0.9606427264386592,0.83939509684818,1.1751462176795455,1.399991758460429,0.8736000933251692,8.91069990245485,-81.08930009754515,81.08930009754515
3162,1.1237553499514827,0.9667742482322942,1.361490061225456,1.408281264953926,0.9274722905566438,-67.22665591001335,22.773344089986665,22.77334408998665
3163,0.8535534614000618,0.8403291491561304,0.9201307710395176,1.0949647194358605,1.0436796491941602,-86.04618084354556,3.9538191564544434,3.9538191564544434
3164,4.958697511650201,3.10081483193075,8.317782235991714,2.6824504805443588,0.557907924681428,54.05462747039135,-35.94537252960865,35.94537252960865
3165,1.6455365541233553,1.3152290069437398,2.938858509143492,2.234484256070855,0.3508814174546418,77.74226040753021,-12.25773959246979,12.25773959246979
3166,1.0569367929308613,0.7759471830625734,1.9769812783006075,2.547829699564978,0.4131921172430012,-62.01780557787981,27.982194422120187,27.982194422120187
3167,2.001760303601345,1.7745647263087017,2.399132016525202,1.3519552039759473,0.806785679540492,-83.90501149553533,6.094988504464652,6.094988504464666
3168,3.059724272277511,2.574019860569325,3.942403101807834,1.531613318995856,0.6078474352921112,-19.384406096453304,70.6155939035467,70.6155939035467
3169,1.0039085404212729,0.8958319609808449,1.334526851891271,1.4897066749327628,0.6406205681647489,-46.79496332148387,43.20503667851614,43.20503667851613
3170,3.524462706644781,2.687257056961432,5.02124076953848,1.8685375693891224,0.632170556518755,-72.50736305977972,17.49263694022028,17.49263694022028
3171,1.8106603219837007,1.4408409619863256,2.6587907472292533,1.845304802803411,0.5148438558299113,20.451519637475734,-69.54848036252426,69.54848036252426
3172,1.2221025728266244,0.9545884476277452,1.7780885436242984,1.8626755310553351,0.626508049793091,46.00708660802233,-43.99291339197767,43.99291339197767
3173,2.266341160516128,1.7093289963482856,3.759875951756534,2.199620997355641,0.4009221615423852,-42.14046665758635,47.85953334241364,47.85953334241365
3174,1.1291450947814663,0.852009339810999,1.818573577550811,2.1344526316509915,0.5575999775888604,-20.28382022331318,69.71617977668681,69.71617977668681
3175,1.2755794143363215,0.958433667772644,1.7874692093656517,1.8649900034497413,0.8094583695681584,-31.419898616717138,58.580101383282866,58.580101383282866
3176,2.378745945325325,1.9805822459348303,3.3246153094527484,1.6786050244954798,0.5368201245907076,-41.31183682899005,48.68816317100993,48.68816317100995
3177,1.5700125414998518,1.3413529275647729,2.120156417346961,1.5806104223413495,0.5731376269962454,-44.605480330478905,45.39451966952109,45.394519669521095
3178,1.9149550058393197,1.7242125111843625,2.320771549340332,1.3459892758498733,0.6230553608179525,13.93857706073554,-76.06142293926446,76.06142293926446
3179,1.9773476793114584,1.4556536645137497,2.8478689477109387,1.9564193167213637,0.7194892028856377,-70.4065921470934,19.59340785290658,19.593407852906594
3180,2.7460023386177363,2.311297449025483,4.673245548230843,2.021914379822135,0.3340972272294552,24.02614723452753,-65.97385276547247,65.97385276547247
3181,1.270810876469873,1.8207794732737808,2.469334666338243,1.3561964546416778,0.2253164759220141,9.604851668375549,-80.39514833162445,80.39514833162445
3182,1.4865885952249918,1.277275463370534,2.3644872259155005,1.85119599782805,0.5317554360226241,33.94750689071351,-56.05249310928649,56.05249310928649
3183,2.055628946700877,1.8396998741957191,2.456573056524363,1.3353118576465244,0.6560715399548742,47.40452784202608,-42.59547215797392,42.59547215797392
3184,1.615750625177174,1.6516095042453385,1.8318979543644405,1.1091592471802103,0.5603752362490402,72.62648213995688,-17.373517860043123,17.373517860043123
3185,2.022879685682126,1.4005274179288785,3.096311251720256,2.2108180190425184,0.5720166582174234,-25.5937409356968,64.4062590643032,64.4062590643032
3186,2.60531959943058,2.035931462896443,4.899454223775362,2.4064927101254643,0.3470865195141716,-21.34418272918033,68.65581727081967,68.65581727081967
3187,1.4409640896579887,1.0991350290722155,2.3936103079299325,2.1777217945190857,0.4601578828838264,-53.09786858767725,36.902131412322746,36.90213141232275
3188,1.1128975557056655,0.7418990323222852,1.8892545824885596,2.546511722187901,0.6186209316515657,-55.44075519779918,34.55924480220082,34.55924480220082
3189,0.9917395023300404,0.6671417534242954,1.7005146184567672,2.548955465204195,0.5348401512700056,-87.75657914305076,2.2434208569492284,2.2434208569492426
3190,0.9350209696908578,0.8977937885665499,1.0733679273423402,1.1955617659775952,0.7781880324117693,32.696154435097235,-57.303845564902765,57.303845564902765
3191,1.2991595879263365,0.824268546785036,2.602206289359344,3.1569884590512984,0.4111837386024465,-51.85480051534588,38.145199484654114,38.14519948465412
3192,0.9086770491564996,0.7887757384549939,1.092413355791972,1.384947967506867,0.9770091693659988,-80.03559536560874,9.964404634391258,9.964404634391258
3193,1.3038244488524504,1.2429655605888532,1.530695256724247,1.2314864588839312,0.7547191788457724,-51.293624260356445,38.70637573964356,38.706375739643555
3194,1.139848131163964,1.0568556335133543,1.2897128727877378,1.220330224763325,0.8184602156708742,-70.67162364400559,19.328376355994408,19.328376355994408
3195,1.9495180989563052,1.790796867647522,2.5008678950814875,1.396511206972765,0.5030531670800714,-50.90000634384455,39.09999365615545,39.09999365615545
3196,0.8676627389239214,0.7028076222528781,1.2146933578502346,1.728344029560303,0.7697287327343415,82.17785036678826,-7.822149633211737,7.822149633211737
3197,2.332352078688221,1.731327929209726,3.438318639775701,1.9859430335333064,0.5793089663064274,-6.802872790201536,83.19712720979847,83.19712720979847
3198,1.2071068813224677,1.0945937510548491,1.4141613749854125,1.2919508937654716,0.820740222256061,51.99387748776457,-38.00612251223543,38.00612251223543
3199,0.9479184199131095,0.8625543363965654,1.3352685319059527,1.548039903763296,0.5903684710446295,-57.47767186635973,32.52232813364026,32.52232813364027
3200,0.9219431092603804,0.8378830651650331,1.071269446598032,1.2785429031043014,0.997901117208734,49.40002443031286,-40.59997556968714,40.59997556968714
3201,1.8667925156594296,1.8883708707858708,1.9160994523169883,1.0146838642557423,0.8400225747900332,-35.80161569439341,54.198384305606595,54.19838430560659
3202,2.001760303601345,1.808809616922057,2.4067470773763957,1.3305695938701454,0.6853105645247834,-56.73493456566549,33.2650654343345,33.26506543433451
3203,1.1504515979244476,1.185168553501419,1.4904183184993882,1.2575581035255707,0.4586399941264313,75.22232594668425,-14.77767405331575,14.77767405331575
3204,2.8373431765864514,2.239533076672412,4.315666420355059,1.927038481953323,0.4546849896396925,68.2758584038789,-21.7241415961211,21.7241415961211
3205,1.3585539723246187,1.333845961706568,1.9909099170543267,1.492608572662385,0.4416487551270076,32.25565243728244,-57.74434756271756,57.74434756271756
3206,1.021890421280174,0.7462642756281839,1.903979529361577,2.551347547434,0.4918421607924116,77.25360226359845,-12.746397736401548,12.746397736401548
3207,1.191922542518033,1.0448508705783168,1.4926658724743092,1.4285922656580936,0.6798823764957982,34.079569836652496,-55.920430163347504,55.920430163347504
3208,1.7665326322454526,1.509003686789557,2.255907270645717,1.4949647177106746,0.6609993952007378,13.162745195973011,-76.83725480402698,76.83725480402698
3209,1.0511768765181757,0.9587484229779856,1.2024819760928744,1.2542205517875311,0.9178583569773994,-11.306386561518671,78.69361343848132,78.69361343848132
3210,1.3450803768346336,1.0591465364726471,1.8151199523374364,1.7137571524167583,0.8101689863606947,81.26126513630727,-8.738734863692727,8.738734863692727
3211,2.8544100563719703,2.2750137190725703,4.168512675312479,1.8323022144287595,0.4225056236301915,-69.29736739433498,20.70263260566503,20.702632605665016
3212,1.6344304437273447,1.5454484624161071,1.9569721525689847,1.2662810829094322,0.5670360311107713,-42.473138353367965,47.52686164663203,47.526861646632035
3213,1.021890421280174,0.9978314554972576,1.1472347565827516,1.1497279929014073,0.8451101058032991,49.64566155989015,-40.35433844010985,40.35433844010985
3214,1.021890421280174,0.9522772913247723,1.9890895300968725,2.088771357058957,0.3188115710309845,-41.19253513999524,48.80746486000476,48.80746486000476
3215,0.928505064734256,0.7466901701630394,1.1913145117773931,1.595460285110316,1.079650411915255,-3.8538478357765737,86.14615216422342,86.14615216422342
3216,1.039561305877423,0.9542693528135848,1.3222641163554256,1.385629866931007,0.6931695139959361,-5.853404322817404,84.1465956771826,84.1465956771826
3217,1.176542252445381,1.0714207586880162,1.369757433319046,1.2784495934130966,0.8681019459443146,-16.71668420554761,73.28331579445239,73.28331579445239
3218,1.0039085404212729,0.6025493742665572,1.8980474273747057,3.1500280448968536,0.5858501686993974,19.154742808126997,-70.845257191873,70.845257191873
3219,0.8746320295080829,0.5598675412640963,1.581845476844442,2.825392365617185,0.57595439159083,-58.60342758337736,31.396572416622632,31.39657241662264
3220,1.0099380753567209,1.026731425090914,1.060517834772118,1.0329067649587256,0.9190103090443996,-20.834278817428007,69.16572118257199,69.16572118257199
3221,0.8815462242933692,0.6592407496016358,1.3744096140499673,2.084837162873338,0.7247503309529727,-21.166558994568494,68.83344100543151,68.83344100543151
3222,1.176542252445381,1.0874679532568094,1.3546277270909906,1.2456713993585522,0.8071849053385806,-46.57372889226888,43.42627110773111,43.42627110773112
3223,2.255600146690836,1.6697850022924177,3.20539065132835,1.919642736596464,0.613596751637706,-48.92264932782023,41.07735067217976,41.07735067217977
3224,1.139848131163964,0.8180315751264688,1.8695526683369643,2.28542849100651,0.6095740832226214,-53.757495298167,36.24250470183301,36.242504701833
3225,1.8537378623808147,1.5130729800444376,2.472835419754219,1.6343133823469598,0.7402517424438911,-14.288409357472158,75.71159064252784,75.71159064252784
3226,2.7920463056167044,2.299049625521001,3.960497948263572,1.7226674467133614,0.4603070743634748,-14.904868390507708,75.09513160949228,75.09513160949228
3227,1.085277926096956,0.9218790101677456,1.4509015108259549,1.5738524197030457,0.708612499722428,27.00002787803057,-62.999972121969435,62.999972121969435
3228,2.8266240480649985,2.205112061266901,4.243372436892977,1.924334146744014,0.484770409292923,-46.928017505052296,43.07198249494769,43.071982494947704
3229,1.667526881973112,1.084544949736125,2.7854707115840096,2.5683312731867205,0.5998674409144994,-35.290601896681665,54.709398103318335,54.709398103318335
3230,0.9669420905017878,0.7553003114065723,1.2966534584815468,1.7167389433043254,0.8379203116617209,69.35134335126993,-20.648656648730068,20.648656648730068
3231,1.062665489594652,0.9264945275009284,1.3036679318880724,1.4070972824896324,0.8547772528742221,-14.032850407773982,75.96714959222602,75.96714959222602
3232,2.279696262327928,1.9493867261981916,3.173384592072337,1.6278886838740605,0.4195283393886481,2.4898443988833856,-87.51015560111661,87.51015560111661
3233,6.250980189677069,4.902427885262313,9.540442805455546,1.946064894526249,0.3610328871138708,-42.59744796763097,47.402552032369044,47.40255203236903
3234,0.9606427264386592,0.8682079945493529,1.52472217780864,1.7561715480402291,0.501825327117536,18.963349602672665,-71.03665039732734,71.03665039732734
3235,1.2563966762852905,1.20762636674976,2.2357861597146025,1.8513889902321867,0.3376245898946117,71.81034393308168,-18.189656066918317,18.189656066918317
3236,0.9086770491564996,0.865253550727956,1.1861253058667027,1.3708413041111367,0.6788534599570275,-1.8568814254718309,88.14311857452817,88.14311857452817
3237,0.9606427264386592,0.7987243169911445,1.337263333746734,1.6742489308254782,0.6480182426621078,74.02987643288438,-15.970123567115621,15.970123567115621
3238,1.1970053909181526,1.1730121359467056,1.3091432283006004,1.1160525864841349,0.8430948580831322,-25.89529497883765,64.10470502116235,64.10470502116235
3239,1.6195038256468852,1.4721784977566696,2.1804445201057296,1.481100643317592,0.5580521942390282,-44.109370430741606,45.89062956925841,45.890629569258394
3240,2.446687833084206,1.7992746603195613,3.746976598363719,2.0824928405862364,0.5661332757487046,89.13145107415562,-0.8685489258443795,0.8685489258443795
3241,1.0337045758596148,0.9369435218402798,1.2170833829668208,1.2989933273419827,0.9424202133987004,87.12897275587716,-2.8710272441228426,2.8710272441228426
3242,1.6999790965841823,1.6149260386667987,3.246519361543216,2.0103207724753624,0.3069353565496538,-13.12914515025057,76.87085484974943,76.87085484974943
3243,2.424252116806765,1.591756893350898,4.1903478874679845,2.6325300710001294,0.496138662392095,-68.37813834190995,21.62186165809004,21.621861658090054
3244,1.1816912584570125,1.033069273335702,1.4846808580081694,1.4371551805178058,0.6926782894648194,-57.526078585013806,32.473921414986194,32.473921414986194
3245,0.9855986414141252,0.8100053407496208,1.2633419895579745,1.5596711848699818,0.9159188124062064,84.43951976698864,-5.560480233011361,5.560480233011361
3246,0.9855986414141252,0.7262461113324123,1.5686182846495262,2.15989904823263,0.5893573671891416,-25.059485657481,64.940514342519,64.940514342519
3247,1.6044383463340146,1.0712749302034532,2.532794969436132,2.3642810057686234,0.6300063557832216,24.847200656872484,-65.15279934312751,65.15279934312751
3248,4.127470122221039,3.370588090835242,6.103782757326321,1.8108954855453083,0.3953095316829475,-44.54804177670555,45.45195822329444,45.45195822329445
3249,1.2991595879263365,1.236695687799935,1.4205934417923496,1.148700893685144,0.832709862224178,-6.603081151332414,83.39691884866758,83.39691884866758
3250,0.8097519128234426,0.7673362129528866,1.0146353793266651,1.3222826737475537,0.6852757140767374,72.67565892346389,-17.324341076536115,17.324341076536115
3251,1.546636359756236,1.853192055773084,2.1151222680103734,1.14134002540175,0.3311352724587279,-47.09569506934458,42.90430493065543,42.90430493065542
3252,1.0569367929308613,1.0075962376255874,1.1836694199125808,1.1747457718797285,0.8982343530662087,14.822963050529884,-75.17703694947012,75.17703694947012
3253,1.9711972828282505,1.867021506082486,2.4932067141186995,1.3353926058142302,0.4445645992766254,37.90219161945477,-52.09780838054523,52.09780838054523
3254,0.9978425722559162,0.8971110630075046,1.1771271292417542,1.3121308807579684,0.927194157406028,-81.65337972761672,8.34662027238329,8.346620272383277
3255,0.84641062903508,0.7385355331923308,1.08255280210701,1.4658100435975767,0.856771703509349,88.40763881630069,-1.5923611836993103,1.5923611836993103
3256,0.9543017810603904,0.7273740049582479,1.4656971359177138,2.0150529520254805,0.5711197012791543,52.48166121521455,-37.51833878478545,37.51833878478545
3257,1.096409273000846,0.9716459481230554,1.274765643862135,1.3119651724217256,1.0390648535614004,-79.25692821407989,10.743071785920108,10.743071785920108
3258,0.8884066096615684,0.866292589981848,1.0413231318395384,1.2020455258209677,0.8823349834801463,53.658896656209286,-36.341103343790714,36.341103343790714
3259,1.5308539431383232,1.3295679758260852,1.934667482266489,1.4551098683498636,0.6465009510814033,-39.09031612593225,50.90968387406775,50.90968387406775
3260,1.522901401330112,1.38431147063723,2.292097586736125,1.6557672426719263,0.3507189077617241,-32.726005125718174,57.273994874281826,57.273994874281826
3261,0.9917395023300404,0.9732856527784224,1.0936409193369512,1.123658728776031,0.8388574924640513,-10.824114268692302,79.1758857313077,79.1758857313077
3262,1.326902779425731,1.129025592960364,1.7193582182673912,1.5228691262517302,0.7697658094404678,76.65355178668688,-13.346448213313124,13.346448213313124
3263,1.3177199508995825,1.2382241227114628,1.4803822814301102,1.1955689234904985,0.8333311029225285,-71.18474006940859,18.815259930591424,18.81525993059141
3264,1.0740312192037882,1.0060007983061343,1.2081817165088145,1.200974908313298,0.9636015621849744,-31.721345355565607,58.2786546444344,58.2786546444344
3265,0.8952144227026446,0.7581590125140153,1.168983328971999,1.5418709131949933,0.7556330202351202,-12.134909657901844,77.86509034209816,77.86509034209816
3266,1.1661760393441107,0.921814326874906,1.5425391905349952,1.6733729836511035,0.8637239006111465,11.002486993418692,-78.9975130065813,78.9975130065813
3267,3.0197783779401437,2.2085475863006065,4.562182629781321,2.0656936070022085,0.5704965864735145,56.08158998715991,-33.91841001284009,33.91841001284009
3268,2.4958230151698717,1.6907078462019247,4.186247958610643,2.476032726774648,0.4348213065743479,31.1755633285957,-58.8244366714043,58.8244366714043
3269,1.9495180989563052,1.4132162703571736,3.073500044451348,2.174826393468112,0.5569990636215595,-62.558272686839565,27.441727313160442,27.441727313160435
3270,1.3314704444981866,1.170867120130372,1.5927904466333531,1.3603511613307593,0.8181464266793691,-5.137542465313181,84.86245753468683,84.86245753468683
3271,0.979419278671245,0.8527990419867577,1.3911901406239038,1.6313223539544106,0.5962250119088153,28.62353909581998,-61.37646090418002,61.37646090418002
3272,2.7238030873118206,1.844515579112476,4.7104569454989775,2.553763708390852,0.4537011956177331,-48.02074352348737,41.97925647651263,41.97925647651263
3273,0.973200680696656,0.7388728331218268,1.642632029745942,2.2231593260854154,0.5860609738665413,55.77151754300933,-34.22848245699067,34.22848245699067
3274,1.340559085464394,1.1920481268977994,1.6774924034333265,1.4072354677481462,0.6873019578921433,72.01182421206916,-17.988175787930842,17.988175787930842
3275,1.6784140066373283,1.441702201546268,2.2475868498340703,1.558981353724415,0.5839162784633503,-44.45932456860467,45.54067543139533,45.54067543139533
3276,0.8746320295080829,0.784907171426126,1.0677384940049055,1.3603372893955006,0.8187312330680157,51.29312970489612,-38.70687029510388,38.70687029510388
3277,1.398195952804615,1.0228446066976584,2.070041313836908,2.023808211220093,0.7194907996218447,87.26792715620591,-2.7320728437940858,2.7320728437940858
3278,2.942387504722152,1.749284042078917,5.348651822880692,3.057623401471236,0.5481481202712282,-44.57542568641278,45.424574313587215,45.42457431358722
3279,2.79639190560923,1.9899609130924525,4.37100311450836,2.1965271205833408,0.6008423489601674,68.78237405207749,-21.217625947922514,21.217625947922514
3280,1.085277926096956,0.8358638792556942,1.6027316612244769,1.9174553429102,0.6924910223145514,45.3025968020466,-44.6974031979534,44.6974031979534
3281,1.81401029769144,1.379616592125936,2.6379928245397184,1.91212025108706,0.6213052071620448,89.28020271454942,-0.7197972854505821,0.7197972854505821
3282,1.1557168501373432,0.9141400231647898,1.626368767774683,1.7791243426189003,0.7039792281698812,6.708975483674473,-83.29102451632552,83.29102451632552
3283,2.190048085582714,1.7942707651057674,3.151762545655664,1.7565701938357536,0.6169241293900222,16.282536591988464,-73.71746340801154,73.71746340801154
3284,1.2171245375823248,1.1014568292175275,1.5556609471615976,1.4123667000791449,0.6918429004998727,-61.88687951146984,28.11312048853017,28.113120488530157
3285,1.6492219709549814,1.3024854316426426,2.3804970385563786,1.8276573240087537,0.6440169404546082,-30.671179314268677,59.32882068573133,59.32882068573132
3286,1.2221025728266244,1.1352285241108362,1.3986321834050843,1.2320269916584048,0.8470983187349731,47.60364224681174,-42.39635775318826,42.39635775318826
3287,1.0278144733504384,0.8001376965829825,1.3728059567688675,1.7157121363378902,0.9357494662032492,32.02840107060188,-57.97159892939812,57.97159892939812
3288,1.2171245375823248,1.1440067863129604,1.3666478508268984,1.1946151606595723,0.8855559658292007,83.25675194002632,-6.743248059973681,6.743248059973681
3289,1.461879030667795,1.0221003051058404,2.3866342895317554,2.335029426769044,0.5862198004256325,85.13444215277458,-4.865557847225418,4.865557847225418
3290,1.7423087071804406,1.2845199065003248,3.604292008417161,2.80594484381099,0.3748781282375905,12.258054769943897,-77.7419452300561,77.7419452300561
3291,6.835536935907044,6.2565379246008685,8.024993832623755,1.2826572665801756,0.3959791801998696,-18.304328949208674,71.69567105079133,71.69567105079133
3292,1.0740312192037882,1.1045142760566955,1.3679932797053354,1.238547395321412,0.545033508968263,36.32520536095328,-53.67479463904672,53.67479463904672
3293,1.0159318257539256,0.6998421114437026,2.07004215090316,2.9578702353776265,0.4716850769529823,33.73043632917839,-56.26956367082161,56.26956367082161
3294,0.9350209696908578,0.8376608349636242,1.2071168018677765,1.4410567517104889,0.7785533145905866,-36.25799926289088,53.74200073710912,53.74200073710912
3295,2.1508869793231744,1.9951122885869648,2.543812652755436,1.275022296893919,0.7081874117484506,-82.58257681261384,7.417423187386163,7.417423187386163
3296,1.0683634687220958,0.8850760640381544,1.3727979173199458,1.5510507775530198,0.9122604384538492,-47.819982187693874,42.18001781230612,42.180017812306126
3297,1.4068535956126136,1.193631166381815,1.7942458759007651,1.5031828310411488,0.6895861441162361,-41.08052760533476,48.919472394665235,48.91947239466524
3298,0.9086770491564996,0.6702803991257453,1.7551624206573226,2.618549524865417,0.3956896955070747,-34.29650582706469,55.70349417293531,55.70349417293531
3299,1.139848131163964,1.0905511620185893,1.2922876625500463,1.1849858196089091,0.8611318831598868,-51.277154091856815,38.7228459081432,38.722845908143185
3300,0.973200680696656,0.8515815059793158,1.2059239523896834,1.4160992740241287,0.8676956930668095,41.04045337171991,-48.95954662828009,48.95954662828009
3301,0.9606427264386592,0.7442993865164541,1.481480444361248,1.990436202419868,0.6732767785125355,-29.174492642476345,60.82550735752366,60.825507357523655
3302,1.5815710720799827,1.192334616470938,3.184822423080838,2.671081069932573,0.3934365828107631,65.30944203304979,-24.69055796695021,24.69055796695021
3303,4.658191932845053,3.3391164818457706,7.112123955005727,2.1299418554797893,0.5868480533467166,-47.02802190618544,42.971978093814556,42.97197809381456
3304,1.0511768765181757,0.9468487146555524,1.3700640556547363,1.4469725041060468,0.6988986546021562,63.81029209876337,-26.18970790123663,26.18970790123663
3305,1.8405906194279933,1.406704580255456,2.535010536817229,1.802091620656324,0.7440832968784115,-29.656682214927404,60.3433177850726,60.3433177850726
3306,1.062665489594652,0.8580174412480422,1.5905686084689836,1.8537718838854813,0.6087337160000968,44.70244640591253,-45.29755359408747,45.29755359408747
3307,1.9619355372325755,1.8714649007318835,3.683432453596135,1.968208141202988,0.3812987255267547,61.932593622638144,-28.067406377361856,28.067406377361856
3308,1.0740312192037882,0.9240673192559048,1.333614155968962,1.4432002173205742,0.957281451380248,-29.341139863647285,60.658860136352715,60.658860136352715
3309,1.2563966762852905,1.059725765315308,1.6161865576491357,1.5250988609947214,0.7131942412595891,63.72594928932552,-26.27405071067448,26.27405071067448
3310,1.340559085464394,0.8995232247842347,2.248431488500936,2.499581363271925,0.6130328062216355,41.48869704882241,-48.51130295117759,48.51130295117759
3311,2.363382516914025,1.8842103107704573,3.360903852300281,1.783720125661557,0.4836560990434249,1.6450153392214466,-88.35498466077856,88.35498466077856
3312,2.0615274636937264,1.5181516350286692,2.9491529959305787,1.9425944865348617,0.687825108288495,-12.467416266759376,77.53258373324063,77.53258373324063
3313,0.8746320295080829,0.7431448997901965,1.1965066351784135,1.610058328485077,0.6711167562711816,-36.25544493736535,53.744555062634646,53.74455506263465
3314,1.6307115983086335,1.458973851445763,1.983799068209875,1.3597221542003914,0.8081608948918649,-64.15165801692899,25.84834198307101,25.84834198307101
3315,1.176542252445381,0.8684307737339046,1.9214086699097035,2.212506428864117,0.6284592350227597,50.08328503548563,-39.91671496451437,39.91671496451437
3316,0.9606427264386592,0.7793599268875726,1.3998139202014674,1.796107128309407,0.608837634634963,-12.33839034570083,77.66160965429917,77.66160965429917
3317,1.474285581520627,1.2194803810497925,1.928740287972679,1.581608296405981,0.8381457340850589,-60.150982746849365,29.849017253150635,29.849017253150635
3318,1.2897792515977275,1.3506516918501523,1.4677570155987198,1.0867028297933377,0.6835965812902441,74.02288966712064,-15.977110332879363,15.977110332879363
3319,1.1451621372724683,0.7741266288630532,1.933132862191679,2.4971791307978117,0.5661751466244582,-81.10546782711126,8.894532172888745,8.894532172888745
3320,2.441719933881311,2.043137550270998,3.893606051137165,1.9056994232330196,0.3519406767215802,-23.118330825239607,66.88166917476039,66.88166917476039
3321,2.391473408805544,1.8270764601037004,3.3496662437521745,1.833347600330889,0.5914383106185546,-39.64173336468609,50.358266635313896,50.35826663531391
3322,1.5968523069270035,0.938607163767378,2.8868128767892847,3.075634821709868,0.5675619259911273,32.15144940342211,-57.84855059657789,57.84855059657789
3323,1.4282681233264556,1.2618303425847135,1.6605351692987234,1.3159734024918983,0.9378209640207588,81.31627125377106,-8.683728746228937,8.683728746228937
3324,1.7106596985948357,1.495897641345715,2.573145735325192,1.7201348970711527,0.3972092441243321,1.490617369866155,-88.50938263013384,88.50938263013384
3325,1.5387653857138477,1.323534681785133,1.8914518689464133,1.4290912773024544,0.7950177961715842,-64.20325428277701,25.79674571722299,25.79674571722299
3326,1.0796692170979234,0.9531748828323628,1.3964466665339228,1.465047696582579,0.5964280579994233,8.741344923381131,-81.25865507661887,81.25865507661887
3327,2.0258787676635257,2.5975973151421186,3.2124525644067354,1.236701526322211,0.2763314438053181,36.08670541036383,-53.91329458963617,53.91329458963617
3328,1.3938469657443524,1.4271834853922838,1.8725434573234112,1.3120551607340896,0.517347455980556,42.92202463109326,-47.07797536890674,47.07797536890674
3329,0.979419278671245,0.9061955744715776,1.2035315687939312,1.328114595456656,0.8271435651519079,43.37787821978982,-46.62212178021018,46.62212178021018
3330,1.367462618417021,1.3466973215684286,1.4338273650613094,1.064699054566623,0.9411365011691516,14.620855136686666,-75.37914486331333,75.37914486331333
3331,0.9479184199131095,0.8629125998074428,1.106746429213584,1.2825707139524352,0.8812027454378822,-35.78673047471993,54.21326952528007,54.21326952528007
3332,2.0820406800143845,2.631150013987071,3.8620545270411215,1.4678199671286771,0.2615497572227427,-24.56628711931573,65.43371288068427,65.43371288068427
3333,1.4493662838402204,1.3115832191734538,2.0745462629520017,1.5817115015083525,0.544692903514342,69.46708125931922,-20.532918740680785,20.532918740680785
3334,1.2071068813224677,0.9472593309745616,1.6707818576166673,1.7638061753350367,0.7347134881021772,39.86477753794599,-50.13522246205401,50.13522246205401
3335,1.3177199508995825,1.1727627435585866,1.5451113286709854,1.3174969422907812,0.8675872180026991,85.20376142148196,-4.796238578518043,4.796238578518043
3336,2.653805558851462,2.2246603318007945,3.2776904133326825,1.4733442074186185,0.7901607753897535,-8.76767883954798,81.23232116045202,81.23232116045202
3337,1.3360224934845466,1.176738386047854,1.6105090474602937,1.368621153652754,0.8774524418470528,-81.40046299595984,8.599537004040144,8.599537004040158
3338,2.18449662396525,1.6496132589269372,3.691481333864888,2.237785925815225,0.459094956407281,-16.516976697029538,73.48302330297047,73.48302330297047
3339,1.731823303788056,1.6509484192090202,1.9906785328259424,1.205778757024819,0.6024710904937874,14.45141829238937,-75.54858170761062,75.54858170761062
3340,2.133883653500155,1.365539899795595,3.735865535395953,2.735815728236991,0.5503255630577408,-74.68562420043334,15.314375799566676,15.314375799566662
3341,1.3851080271465486,1.1901803552536183,1.84359871222265,1.5490078491757606,0.602892536027109,-89.31482350403512,0.6851764959648676,0.6851764959648818
3342,1.2850634067342854,1.1860041460204416,1.5479719800543048,1.3051994676818142,0.7919587129806184,-39.70633934088137,50.29366065911864,50.29366065911863
3343,4.060738168883379,2.402468070655614,7.388764776199803,3.075489271407245,0.5381021255431343,-65.36199983577016,24.638000164229823,24.638000164229837
3344,0.9350209696908578,0.8952527725442302,1.078344404870916,1.2045138958982,0.7819444018571562,84.07730427020762,-5.92269572979238,5.92269572979238
3345,1.021890421280174,0.8583602998240814,1.2650075278898654,1.4737488769565943,0.9501204021878356,-10.167464274976886,79.83253572502312,79.83253572502312
3346,1.2660243778180809,0.9297497815081188,2.5295568507547963,2.720685609252502,0.4430050673870717,34.0825602621492,-55.9174397378508,55.9174397378508
3347,1.191922542518033,1.0276941022453665,1.558369222166046,1.516374589249106,0.7137280588895061,-73.86984014244311,16.13015985755689,16.13015985755689
3348,1.1661760393441107,0.779184435791041,2.674978295825837,3.4330489329014315,0.3798704864189081,-63.75412409477491,26.24587590522509,26.24587590522509
3349,1.2660243778180809,0.9478914400773796,2.3561643308102243,2.485690060264583,0.4720116883135277,-6.476285572619728,83.52371442738027,83.52371442738027
3350,3.460139116440923,2.889951042020396,4.314119070215497,1.492800053525976,0.6944634901359797,-59.64577826125961,30.354221738740392,30.354221738740392
3351,1.4240109808516253,1.1060799526838134,1.9971440127758529,1.8056054699571624,0.7476852653148347,-7.638168498474874,82.36183150152513,82.36183150152513
3352,2.0288734164048656,2.344939747864953,3.4751253818695718,1.481967877867072,0.227640780624399,30.09719039015822,-59.90280960984178,59.90280960984178
3353,1.062665489594652,0.7939171908881884,1.4720520607308591,1.854163227129536,0.9096704937723806,-38.82806660342764,51.17193339657237,51.17193339657236
3354,1.0569367929308613,1.0028058759562506,1.234419975773699,1.2309660377653724,0.8859434959276302,58.31907590960782,-31.680924090392182,31.680924090392182
3355,2.75042068795721,1.7908550997187045,4.455388219152944,2.4878552261725515,0.6239773239673315,-79.39720416221765,10.602795837782367,10.602795837782352
3356,1.3450803768346336,1.2322293809766347,1.5749513334796164,1.278131618831673,0.7156009271515333,33.46761822356811,-56.53238177643189,56.53238177643189
3357,1.4577200491801383,1.1849465382852729,2.068390848330869,1.7455562605584063,0.6157610308309008,-27.67572265916738,62.32427734083262,62.32427734083262
3358,0.8815462242933692,0.5937222892851612,1.7959292822723936,3.024864174182653,0.5146266407265184,-67.23101363494388,22.768986365056122,22.768986365056122
3359,1.398195952804615,1.218491282817217,1.647545146366838,1.3521189438119128,0.9599729464648802,2.792497427355725,-87.20750257264427,87.20750257264427
3360,0.9855986414141252,0.999010774758742,1.558539657612744,1.5600829310265714,0.3917916822148788,-83.60668888881182,6.393311111188183,6.393311111188183
3361,0.979419278671245,0.7697802542698713,1.317644281055417,1.711714835170966,0.8555003051012438,17.2292793608393,-72.7707206391607,72.7707206391607
3362,1.4111624987975715,1.159023749538214,1.9377284737566136,1.6718626124172662,0.7421051505432341,67.94027679757046,-22.059723202429538,22.059723202429538
3363,1.1816912584570125,1.2401750429504346,1.3193288806266836,1.06382473032834,0.7677299452131381,21.671563495923248,-68.32843650407675,68.32843650407675
3364,0.8884066096615684,0.7918051909096365,1.1600958488079165,1.465127864942616,0.7434208960675444,20.8361324853019,-69.1638675146981,69.1638675146981
3365,1.0453852243082644,0.7895419922260757,1.8106324850308164,2.293269392709342,0.5235266837925795,32.082185205665624,-57.917814794334376,57.917814794334376
3366,2.052673332020974,1.497798602745391,3.2259768016464143,2.1538121318402608,0.5862754380361093,-77.19542497985323,12.804575020146785,12.804575020146771
3367,0.8246109854774907,0.5668557699238919,1.2788631550491736,2.256064457491327,0.8356089343599078,33.988207094631115,-56.011792905368885,56.011792905368885
3368,1.1019327803667114,0.8827889143290619,1.530773581494932,1.7340199414016793,0.7273331758081155,63.47966962528086,-26.520330374719137,26.520330374719137
3369,1.7106596985948357,1.642321817618833,2.117190144010944,1.289144503408359,0.5366947053221047,46.63153053110797,-43.36846946889203,43.36846946889203
3370,2.0674091517192297,1.598821685895337,3.215791495095678,2.011350936420931,0.519723914830226,20.392897821060487,-69.60710217893951,69.60710217893951
3371,3.110887195640544,1.913076971173392,5.224669525921115,2.7310294382544096,0.6423722070014136,-33.2094317229225,56.7905682770775,56.7905682770775
3372,0.973200680696656,0.8688819603656663,1.1954088061655508,1.375801156767562,0.8336712554931947,-64.29977264702404,25.700227352975958,25.700227352975958
3373,2.642341982327153,2.234246363912276,3.1957382964363665,1.4303428431412868,0.7691094838114383,-55.74056878607732,34.25943121392268,34.25943121392268
3374,1.1970053909181526,1.0883956510187156,1.3695808069899256,1.258348290631285,0.9346978818240026,-44.02230102793205,45.97769897206794,45.97769897206795
3375,1.0683634687220958,0.6688091342784671,1.813127381558211,2.710978795937456,0.699182702566682,59.367301224824935,-30.632698775175065,30.632698775175065
3376,1.9557366732786756,1.3960576371859672,3.717365150881146,2.662759080903162,0.3941125710876478,47.346430203813874,-42.653569796186126,42.653569796186126
3377,1.2991595879263365,1.2619502532650289,1.4085786276570398,1.1161918815837957,0.8635781256449983,41.28598990588694,-48.71401009411306,48.71401009411306
3378,1.415458284986553,1.1893208384205105,1.8590970692908757,1.5631585769235057,0.7253075106400398,-84.48562555551028,5.514374444489704,5.514374444489718
3379,0.9855986414141252,0.9378834042151672,1.1022024080726354,1.1752019527363025,0.908608968864478,33.086610986272014,-56.913389013727986,56.913389013727986
3380,1.4947343471339476,1.0567931140763631,2.3405797218390734,2.214794637344641,0.6161721429156554,62.20368575726642,-27.79631424273358,27.79631424273358
3381,1.2418151765086958,1.2150941610712866,1.675506912510426,1.3789111709937087,0.5764935272761388,25.38105882066082,-64.61894117933917,64.61894117933917
3382,1.415458284986553,1.383876506522342,2.541051909290024,1.836184007253396,0.301757513936715,-78.3230820623953,11.676917937604685,11.6769179376047
3383,1.0278144733504384,0.655567871682873,1.8489796033676424,2.8204243728742022,0.5046415985478497,-20.3466286998872,69.6533713001128,69.6533713001128
3384,2.391473408805544,2.294643971321394,2.6009475114939966,1.1334863028865494,0.869522374388792,-14.378362081757087,75.62163791824291,75.62163791824291
3385,1.7870346644469015,1.3929465798527358,2.560035592258761,1.837856260452868,0.5828598297916322,44.25090916296932,-45.74909083703068,45.74909083703068
3386,1.0740312192037882,0.8463240029433154,1.562455772255838,1.846167386038899,0.6700113927785132,-1.3151019237292054,88.6848980762708,88.6848980762708
3387,3.34958565745192,2.291585176611236,5.112009048342219,2.230774182219919,0.6558232318347088,-12.41291248823647,77.58708751176353,77.58708751176353
3388,1.6044383463340146,1.4890450908329482,1.9265222429198352,1.293797115198284,0.6532013793201209,33.79008797871532,-56.20991202128468,56.20991202128468
3389,1.1451621372724683,1.031841717383556,1.3193960035899608,1.2786806167670337,0.9157085793956372,67.28050426421383,-22.719495735786168,22.719495735786168
3390,1.2660243778180809,1.2593650645280683,1.3425930069898684,1.0660872250676483,0.8672918293128753,-25.03046566642849,64.96953433357152,64.96953433357152
3391,1.8732857266234093,1.7242834444234318,2.151546319862528,1.247791554701127,0.6357274252776293,-33.368899497348885,56.63110050265112,56.631100502651115
3392,1.4577200491801383,1.4575908757534166,2.4172409133097674,1.6583809308358326,0.3816968594820221,9.90167452573078,-80.09832547426922,80.09832547426922
3393,1.6856330249272244,1.2168668096210526,2.454926055202632,2.017415575634877,0.7104681475902337,-47.37873194894196,42.62126805105805,42.62126805105804
3394,1.4865885952249918,1.3449505222939888,2.2188331060038538,1.6497507300263683,0.492002441859329,30.9031757777672,-59.0968242222328,59.0968242222328
3395,0.9978425722559162,0.995997789746773,1.081146902077428,1.085491266353416,0.8962297734875325,-25.180985479008157,64.81901452099184,64.81901452099184
3396,1.3360224934845466,1.2082792736523968,1.5100079223270229,1.249717639997712,1.0310796665043076,32.943076536647574,-57.056923463352426,57.056923463352426
3397,1.3314704444981866,1.2956241840221183,1.5009612480049157,1.1584850503062945,0.779811619328632,79.06268930089148,-10.937310699108522,10.937310699108522
3398,1.062665489594652,0.9640034294077918,1.242659940116316,1.289061742114039,0.9676832091909052,38.03211458754597,-51.96788541245403,51.96788541245403
3399,1.4197410732459426,0.8964475245603291,3.092835049343732,3.450101611759864,0.4260221087960391,48.36639223992467,-41.63360776007533,41.63360776007533
3400,7.304409774684638,5.781602252549398,10.941309464851807,1.8924355199334648,0.433378448949891,84.52435449648428,-5.475645503515722,5.475645503515722
3401,1.4865885952249918,1.172910076490194,2.0228208851383127,1.7246171941768835,0.7536457272532383,28.00256764881592,-61.99743235118408,61.99743235118408
3402,1.3177199508995825,1.5338730579471374,2.45172132472432,1.598386067231396,0.3325832102344281,-67.1860433938701,22.81395660612992,22.813956606129906
3403,1.0683634687220958,0.8231542099254304,1.489540850668782,1.809552612023596,0.7530360217853491,27.163320333950267,-62.83667966604973,62.83667966604973
3404,0.9978425722559162,0.9970370114430362,1.14214096896601,1.1455351765858333,0.8585540802842587,-23.01392127348847,66.98607872651152,66.98607872651152
3405,1.8073041368518064,1.4098305747110025,2.958785719164293,2.098681765197784,0.5016156201470248,-7.001298015712279,82.99870198428772,82.99870198428772
3406,1.895836839826219,1.2543555867455365,3.545382678010918,2.826457437965833,0.477046259111442,-59.40391639228586,30.59608360771415,30.596083607714142
3407,1.2563966762852905,1.0696389502340593,1.6612941957038267,1.5531354718714208,0.6575215870036485,-64.6639976822843,25.336002317715696,25.336002317715696
3408,1.45354916781555,1.0935407220199778,2.286657229781482,2.0910581414449667,0.5269363052351284,7.204883536064072,-82.79511646393593,82.79511646393593
3409,1.2803301921000927,1.3605856021350509,1.4056430971816245,1.0331162515433563,0.758329722963386,-84.64997975597062,5.350020244029395,5.3500202440293805
3410,0.9153341128725788,0.8593933533667188,1.044942503241146,1.2159071269838528,0.8914803075239093,38.42556615238145,-51.57443384761855,51.57443384761855
3411,1.9054199009183423,1.3769488553993408,2.984082497582641,2.16717017911112,0.6342008131492719,-7.364692449818039,82.63530755018196,82.63530755018196
3412,4.824653841614283,3.7529804958331145,6.572988449769872,1.7514049052660343,0.6043446011915956,-84.24837947956283,5.7516205204371715,5.7516205204371715
3413,4.048759564117213,2.568272379504977,8.794664234951016,3.4243502773043675,0.2813746577546537,5.239172323286648,-84.76082767671335,84.76082767671335
3414,1.7247976224747188,1.605217809876072,2.446636094057127,1.5241770176011284,0.4592643275184583,56.09585387453716,-33.90414612546284,33.90414612546284
3415,1.2270604129519955,1.1264120979826662,1.414611034166105,1.2558556825690927,0.7998095211765226,72.82139553836517,-17.178604461634833,17.178604461634833
3416,2.3582391321080944,2.179519742017449,3.820481218107056,1.7529004874122722,0.3426879629873336,35.9191786101573,-54.0808213898427,54.0808213898427
3417,1.824023310076927,1.7713303269766991,1.982727361677073,1.1193436545859774,0.8368514038836231,-6.505326270856495,83.4946737291435,83.4946737291435
3418,1.461879030667795,1.3478634725688692,1.6258018592899974,1.2062066317380131,0.9883029163912432,7.537617647046447,-82.46238235295355,82.46238235295355
3419,1.0740312192037882,0.9889710648251548,1.2621103082988565,1.276185272945262,0.7864539151726968,-52.5225415110521,37.47745848894789,37.4774584889479
3420,8.327433682307635,6.268615677344891,11.348233114485154,1.8103252294598744,0.6904195798393169,-13.586806016621534,76.41319398337846,76.41319398337846
3421,1.2563966762852905,1.1696827473927802,1.4606648295956584,1.2487700898824714,0.8688696701582872,26.618852125608026,-63.38114787439197,63.38114787439197
3422,1.0511768765181757,0.9160585628718316,1.3328207216207693,1.4549514361204086,0.8992164051505427,86.68199929860363,-3.3180007013963717,3.3180007013963717
3423,0.9855986414141252,0.8898084792539973,1.2429791867099158,1.3969064306422565,0.8938761073863067,9.76347570720819,-80.23652429279181,80.23652429279181
3424,1.3450803768346336,1.287286131167747,1.482884952320185,1.1519466546066202,0.9349966463166652,76.21659047477179,-13.783409525228208,13.783409525228208
3425,1.0278144733504384,0.7011301749356803,1.794454800282471,2.559374655993217,0.6406468965919793,-82.71184303889414,7.288156961105869,7.288156961105855
3426,5.699240655819819,4.340350969271425,8.700070624271445,2.004462469939809,0.4766703545963623,-51.70527434541479,38.29472565458519,38.29472565458521
3427,1.2221025728266244,1.080096757569974,1.4652407597514336,1.3565828704531668,0.873977706446002,37.719098998622776,-52.280901001377224,52.280901001377224
3428,1.8504598087771928,1.3857099921790454,2.948358378987994,2.127687896911002,0.4642630561347426,26.98158727408988,-63.018412725910125,63.018412725910125
3429,2.201109004856956,1.8062833258425843,2.857163469653035,1.5817914215203437,0.6688636040004471,-28.341829182686784,61.65817081731322,61.65817081731322
3430,1.2071068813224677,1.0140965084907565,1.4831351484908857,1.4625187406454865,0.8925736628510833,19.48014939079316,-70.51985060920684,70.51985060920684
3431,8.136413772381214,5.317630357685452,17.081560648617376,3.2122504761786947,0.2613999659332815,-42.52445150196323,47.47554849803677,47.47554849803677
3432,1.2121260584033826,1.0633825290110617,1.439434082374394,1.3536371372520644,0.8404710927583696,6.172603860030354,-83.82739613996965,83.82739613996965
3433,2.705912561457533,2.2103528335736344,3.398332888925245,1.537461728872905,0.7643725039655432,-1.5393578277088062,88.46064217229119,88.46064217229119
3434,7.070425266222047,7.026407883116259,7.764329073368473,1.105021114988978,0.4537950929219533,9.29462746495805,-80.70537253504195,80.70537253504195
3435,1.186817925731738,1.0977012350342137,1.4345486376006813,1.3068661962068109,0.776193869140045,41.78763568311704,-48.21236431688296,48.21236431688296
3436,2.2148574771042746,1.8007455618219763,3.047771275583559,1.692505226834964,0.6188208728628117,3.5597352228713914,-86.4402647771286,86.4402647771286
3437,1.2466946262544771,0.8429359885784369,1.9827782706353367,2.352228754616561,0.675817464711071,-7.699361482670056,82.30063851732994,82.30063851732994
3438,1.0740312192037882,0.8939357174765153,1.4252688689503892,1.5943751223787883,0.7123283447225067,-44.07300132578116,45.92699867421885,45.92699867421884
3439,1.021890421280174,0.8839670270418108,1.3717445961682682,1.5518051626414182,0.6670447436848747,-73.85108653629527,16.14891346370473,16.14891346370473
3440,0.8535534614000618,0.8342336119198167,1.0594306540265548,1.2699448198790426,0.8229339277180417,9.68211086690004,-80.31788913309995,80.31788913309995
3441,0.9086770491564996,0.6907511797147909,1.278926466904913,1.8515009520982328,0.8593313385359058,14.581751940847711,-75.41824805915229,75.41824805915229
3442,0.9153341128725788,0.7914104923651929,1.1353124254401152,1.4345430549538762,0.9536695131229792,50.8691094094921,-39.1308905905079,39.1308905905079
3443,1.9307422062542177,1.1684645730876253,3.418467505016068,2.925606461463261,0.5455554218292777,18.64789325099592,-71.35210674900408,71.35210674900408
3444,0.9479184199131095,0.78168157601274,1.303003380000407,1.666923489033558,0.8087927224155782,-31.33707550096504,58.66292449903496,58.66292449903496
3445,1.3894843667311525,1.2926599581537837,1.617214356625145,1.251074844876374,0.8139022722172686,31.557646070536805,-58.442353929463195,58.442353929463195
3446,0.9917395023300404,0.8373303664628406,1.3481930903579176,1.6101089180046453,0.771152337223127,-79.3825335102019,10.617466489798119,10.617466489798105
3447,1.085277926096956,0.8607182206734574,2.0390781730142526,2.369042648381259,0.4156430442695851,-76.11485316518102,13.885146834818983,13.885146834818983
3448,1.3495865213724043,1.22787336305595,2.3609892190362327,1.9228279479572443,0.3950794908599759,-9.954948761206122,80.04505123879387,80.04505123879387
3449,1.0039085404212729,1.003605663438376,1.056549109548058,1.052753235696475,1.0428621085078025,7.689808435162175,-82.31019156483782,82.31019156483782
3450,1.3450803768346336,1.0692292161998438,1.734445392424655,1.6221455288970323,0.8636402598995384,-48.44190631774604,41.55809368225397,41.55809368225396
3451,1.176542252445381,1.0562556888761976,1.5033128126430653,1.4232470683708351,0.6645628435340531,-52.26893479546564,37.73106520453436,37.73106520453436
3452,1.3131044552792934,1.2272475961354072,1.4368012322055483,1.1707509036725954,1.0410618837510597,-23.564003620586018,66.43599637941398,66.43599637941398
3453,3.114787996164301,2.119646559140749,4.909995200695569,2.316421659791223,0.5916994365445049,49.64909487674835,-40.35090512325165,40.35090512325165
3454,2.1508869793231744,1.826494888529417,3.857103447017065,2.111751569216036,0.4091485646563821,-81.83850603991529,8.161493960084726,8.161493960084712
3455,2.424252116806765,2.038839844118739,3.8179798965098906,1.8726237411551865,0.4585232991065333,-49.58213421125996,40.417865788740045,40.41786578874004
3456,1.2171245375823248,1.1181150462242704,1.5132610340143375,1.3534036941229115,0.6718578487846348,-66.22971726617293,23.77028273382706,23.770282733827074
3457,0.9917395023300404,0.7288673276772074,1.5235597482927574,2.090311488029128,0.686781434546728,73.36432589415354,-16.635674105846462,16.635674105846462
3458,1.4493662838402204,0.8559422406734768,3.133557349459035,3.660944863514942,0.4526127996723875,-58.438429993526505,31.561570006473488,31.561570006473495
3459,1.1557168501373432,1.0482594762269362,1.4160648088243717,1.3508724136902623,0.8100133175300889,-31.404106887017345,58.59589311298265,58.59589311298265
3460,1.2563966762852905,1.0409718677709645,1.8808011734913457,1.806774257520244,0.6054324786284021,41.59478128853784,-48.40521871146216,48.40521871146216
3461,4.68289020746671,4.305228557779538,5.497344430687414,1.2768995552521192,0.562478723295868,6.730683513229545,-83.26931648677045,83.26931648677045
3462,1.4577200491801383,1.177463283038752,2.3920263693069885,2.0315082463834786,0.4838194235544987,-55.66186016790937,34.33813983209063,34.33813983209063
3463,1.2612197138901655,1.0750740939223231,1.5326155901572622,1.4255906628403952,0.8607214366665656,-85.9260722351246,4.073927764875407,4.073927764875407
3464,0.9350209696908578,0.7405510244028835,1.2496118343388498,1.6874081503653704,0.934670600621237,-24.86212405269259,65.1378759473074,65.1378759473074
3465,0.9917395023300404,0.9517952688910172,1.229914110764363,1.2922044802737835,0.7474722496670507,-39.41523531572712,50.5847646842729,50.58476468427288
3466,1.986537570863388,1.741833977481993,2.374954536688982,1.363479279536292,0.709632013092819,-21.88239055628086,68.11760944371915,68.11760944371915
3467,8.254204739451582,6.237225949180833,13.06083775155122,2.0940138866167843,0.4763184354748724,-78.44894844226928,11.551051557730716,11.551051557730716
3468,1.340559085464394,1.2018922964066374,1.5657026019425906,1.3026979261150575,0.94614688208536,-26.29517302773783,63.70482697226217,63.70482697226217
3469,1.021890421280174,0.7133895240089915,1.5643268447112673,2.192808826123932,0.7335895109672369,6.19084340301182,-83.80915659698817,83.80915659698817
3470,1.5583682828180965,1.3960364982108593,1.9454767551452004,1.3935715560721342,0.7433105487209083,-2.444025674283277,87.55597432571672,87.55597432571672
3471,1.0511768765181757,0.9253864219664764,1.3228697412062551,1.429532257881106,0.7679345505966407,-75.07715161402193,14.922848385978057,14.922848385978071
3472,1.1237553499514827,1.0603391594411344,1.323233840993916,1.247934520961523,0.7433502272184158,-67.93464064257934,22.065359357420675,22.06535935742066
3473,1.0683634687220958,0.9881763374089126,1.2112038739095778,1.2256960909279244,0.9388384181627848,34.813106011774096,-55.186893988225904,55.186893988225904
3474,1.0039085404212729,0.7521956937115802,1.4172811164239856,1.8841920105001608,0.8320678829196282,79.77797787954204,-10.222022120457964,10.222022120457964
3475,1.2897792515977275,1.1143588284931278,1.5718006197104994,1.4104977494869757,0.8555602879653121,-72.42964255989152,17.570357440108467,17.57035744010848
3476,2.421746429194769,1.850868142029076,4.951716904021959,2.6753482820194168,0.3295348063613738,-60.12717108631055,29.87282891368946,29.872828913689453
3477,1.2171245375823248,0.8870059338533773,2.377837123747516,2.6807454527588024,0.4362532270776544,-23.889083620962666,66.11091637903733,66.11091637903733
3478,1.1970053909181526,1.0589191908131432,1.6271173765259466,1.5365831412276931,0.6058364214239761,-49.40265481898289,40.59734518101712,40.59734518101711
3479,0.9219431092603804,0.7990155825073062,1.5508486740509186,1.940949223023116,0.5019107072473324,-12.03559112397346,77.96440887602654,77.96440887602654
3480,1.731823303788056,1.244171514516634,3.921916323407975,3.15223124597227,0.3649615924459307,-34.512450779670054,55.48754922032995,55.487549220329946
3481,1.1451621372724683,0.9767719819738024,1.4054603547139657,1.438882749148778,0.9344982961848606,37.85940686914824,-52.14059313085176,52.14059313085176
3482,1.039561305877423,0.8318302778054408,1.476955950226535,1.7755496399134254,0.6894570333146309,67.48166049047047,-22.518339509529525,22.518339509529525
3483,1.1345092346885122,0.8961655003769825,1.5433065829168342,1.7221222890946195,0.7799162493441594,75.94282386999828,-14.057176130001722,14.057176130001722
3484,0.9978425722559162,0.8688403024707877,1.355440734273628,1.5600573896250638,0.7341679590294448,86.33080514673935,-3.669194853260649,3.669194853260649
3485,0.9917395023300404,0.8718995828867337,1.2538200887254964,1.4380326741002434,0.8305394812237393,-75.54491494741988,14.455085052580102,14.455085052580117
3486,1.6602291363104174,1.3176688518961128,2.2392513422096103,1.6994037151195835,0.6983464100164448,-85.61362598331793,4.386374016682055,4.386374016682069
3487,0.8535534614000618,0.6878450565539063,1.145249530303155,1.6649818434995205,0.8897067098539104,59.706645289478224,-30.293354710521776,30.293354710521776
3488,1.7106596985948357,1.624685771872789,2.029362135731086,1.2490797733716985,0.696364814098078,-62.94822304788653,27.05177695211347,27.05177695211347
3489,1.0159318257539256,0.850213306074706,1.446207543740456,1.7009937781582796,0.5729063415396318,-58.03698503892984,31.963014961070144,31.963014961070158
3490,0.9350209696908578,0.7558324484191368,1.2482817401486055,1.6515323505354296,0.8764374151828348,-22.69272705916298,67.30727294083702,67.30727294083702
3491,1.3894843667311525,1.064533608713089,1.9394908828526225,1.8219160644418413,0.8204465159264087,67.63108579995969,-22.368914200040308,22.368914200040308
3492,0.9414917802541344,0.6660557092441984,1.5227670706554215,2.2862458042486717,0.7058658742563358,28.52089228916085,-61.479107710839145,61.479107710839145
3493,1.062665489594652,0.9960217066133376,1.1911262727910443,1.195883849601129,0.9522218756188582,-3.011570378078997,86.988429621921,86.988429621921
3494,2.409178900516788,2.068517873941042,2.926524354319456,1.4147928771549347,0.7603953308105852,-79.02982257177625,10.970177428223735,10.97017742822375
3495,1.5348147620304609,0.9979735136924606,3.2645540525473487,3.2711830602283563,0.343342410290793,-18.246781653441023,71.75321834655898,71.75321834655898
3496,6.772181594354384,3.678651110422847,14.205291125814808,3.8615488937144575,0.2658644385209303,-61.03652422174604,28.96347577825395,28.963475778253958
3497,1.6044383463340146,1.1548191454275665,2.5415231846090216,2.2007975834761853,0.5724298794646188,-54.30843563648104,35.69156436351895,35.69156436351896
3498,2.070343729706952,1.5925635071598463,2.8386596984214747,1.782446781970973,0.6930272480850999,-67.95485107307337,22.04514892692663,22.04514892692663
3499,1.085277926096956,0.9158745420275728,1.6248671964713717,1.7741154731457252,0.5334670916149113,-57.18398376961266,32.81601623038733,32.81601623038734
3500,2.419238146357888,2.046434548775207,3.1037181003796377,1.5166466487956898,0.6381794569865162,34.14066017705436,-55.85933982294564,55.85933982294564
3501,1.2171245375823248,1.1308918275680508,1.3843166572972925,1.2240929004449737,0.8713418825954322,-80.9037512365643,9.09624876343571,9.096248763435696
3502,0.9219431092603804,0.7753833872987099,1.3287804669143244,1.7137076814910182,0.6913946845951975,79.15990063022075,-10.840099369779253,10.840099369779253
3503,2.239392031468568,1.9396002924318627,5.252593195439339,2.70808022453619,0.2132852544152133,57.26540711442959,-32.73459288557041,32.73459288557041
3504,1.4068535956126136,1.1447001335156592,2.232090699680769,1.949934864448266,0.4758796240555544,-69.23636674444288,20.763633255557124,20.763633255557124
3505,0.973200680696656,0.7039249603617903,1.4698236988406368,2.0880403190777663,0.6650713543111106,-52.65519019042785,37.344809809572155,37.34480980957215
3506,1.843886218520761,1.6065035825626703,2.2078394174981786,1.37431341047884,0.7249385737343653,-26.99282051460725,63.007179485392754,63.007179485392754
3507,0.9606427264386592,0.7921772708101521,1.363964946770306,1.7217925798040028,0.7716264330861398,-20.70482001115436,69.29517998884563,69.29517998884563
3508,0.928505064734256,0.7976234865834939,1.2348984766351483,1.5482223096572283,0.7283782035635693,-22.5938276436697,67.4061723563303,67.4061723563303
3509,0.9543017810603904,0.5878676741825634,1.8990481066488183,3.2304006327435277,0.5429106425230613,-89.40462535012962,0.5953746498703936,0.5953746498703794
3510,1.2755794143363215,0.9762512831253822,1.871490932515944,1.917017641733111,0.6479867344937595,-78.49103298446609,11.508967015533926,11.508967015533912
3511,3.46189330621974,3.264582820948708,3.9923053165269615,1.2229143922796155,0.6478313593030889,-22.576001904681345,67.42399809531865,67.42399809531865
3512,1.021890421280174,0.8262008237415488,1.3990664381479665,1.693373327579277,0.7911665025952317,-19.30180966395033,70.69819033604966,70.69819033604966
3513,0.9414917802541344,0.669507327455124,1.486601418962899,2.220440849562687,0.6852974619260931,-1.1242761690348138,88.87572383096519,88.87572383096519
3514,1.0740312192037882,0.9455166541399588,1.4255782374277144,1.50772409051263,0.6066396803252934,-43.6523077913299,46.34769220867008,46.3476922086701
3515,1.0740312192037882,0.6735641938815192,2.123224771679513,3.152223338126241,0.4889150966148948,63.30148241648496,-26.69851758351504,26.69851758351504
3516,0.9855986414141252,0.9826190438998522,1.148914223134469,1.1692366744436566,0.7056364259522797,18.33783247870416,-71.66216752129584,71.66216752129584
3517,5.851667714335568,4.441081206633306,8.703314909214692,1.959728837251436,0.5712321515217188,69.79794083104576,-20.202059168954236,20.202059168954236
3518,1.0683634687220958,0.8471055234002249,1.5199212264778024,1.7942525275681596,0.7333160374130746,80.49361723453022,-9.50638276546978,9.50638276546978
3519,0.9153341128725788,0.8647177402315225,1.1703677791966691,1.353467987002685,0.6509811585463537,84.23097777254269,-5.769022227457313,5.769022227457313
3520,1.1504515979244476,0.9762728578668636,1.5471442632815071,1.5847457509594052,0.66445758346722,53.20558024494002,-36.79441975505998,36.79441975505998
3521,1.2850634067342854,1.1249425590524185,1.7394224399875684,1.5462322284728471,0.5174656094263899,-21.159515806666374,68.84048419333362,68.84048419333362
3522,1.2319983017676563,0.9399440886084892,1.7070633648591158,1.8161328801868253,0.8477236011064249,-19.19727256845058,70.80272743154941,70.80272743154941
3523,1.4987906214766678,1.383807654550665,1.9616046055626104,1.417541375141158,0.5539871677336594,-29.889208360671645,60.110791639328355,60.110791639328355
3524,1.4783979621211876,1.1773307831319235,1.9600529771038124,1.6648277656426334,0.731910153141218,-3.092448259006608,86.9075517409934,86.9075517409934
3525,1.5544674799972351,1.497939495435399,1.6928768450803873,1.1301369983494072,0.8693906300067856,80.83797116516551,-9.162028834834487,9.162028834834487
3526,1.6006498207486113,1.0585741058807805,2.804330180127191,2.64915811235895,0.5933561973168081,36.416772638329824,-53.583227361670176,53.583227361670176
3527,1.9711972828282505,1.330867718112751,3.0607315587484507,2.299801488226605,0.7405904222815235,-62.89463068392211,27.105369316077883,27.10536931607789
3528,1.3038244488524504,1.1571373426655722,1.6141192140775078,1.3949244869751034,0.681190493231075,-7.118795646004952,82.88120435399505,82.88120435399505
3529,1.2563966762852905,1.2322604698983857,1.4594419452761198,1.1843615704044033,0.7008106660710745,83.41984855866366,-6.580151441336341,6.580151441336341
3530,1.085277926096956,0.8891020513004663,1.5725021891077182,1.7686408290338105,0.6841168957843765,43.98624583667211,-46.01375416332789,46.01375416332789
3531,1.0278144733504384,0.771240566527241,1.4301882024587989,1.854399605688121,0.842031373405764,53.94225725909524,-36.05774274090476,36.05774274090476
3532,0.9606427264386592,0.7160549868707128,1.5208936885977278,2.1239900796505906,0.6238677775468314,-28.31399129935545,61.68600870064455,61.68600870064455
3533,1.6455365541233553,1.240708422775611,2.355123700043806,1.8982088432793225,0.7429848491295507,-21.64167558440049,68.35832441559951,68.35832441559951
3534,0.928505064734256,0.7145072556743803,1.3548218197234403,1.8961624377693769,0.8072153496406219,9.799882071238097,-80.2001179287619,80.2001179287619
3535,1.3540776702961077,1.0949205539685396,2.6743872917111644,2.442540038195326,0.3488409257145028,-21.92131782881288,68.07868217118713,68.07868217118713
3536,2.586609701323604,2.072069089126712,3.641397367339712,1.7573725637084836,0.4759077909901192,-85.58363670334587,4.41636329665414,4.416363296654126
3537,1.1074287385521373,0.996254819704502,1.363596719866611,1.3687228336532071,0.7407956356440095,-27.326207411757995,62.67379258824201,62.67379258824201
3538,1.1661760393441107,1.133977584401395,1.4660287405397665,1.2928198587925834,0.6448510361891021,83.44759847082635,-6.55240152917365,6.55240152917365
3539,1.4906670352488116,1.239491832869023,2.3080098951594747,1.862061398030496,0.5095734752882961,41.02149701617093,-48.97850298382907,48.97850298382907
3540,1.0039085404212729,0.965499065898018,1.2141403093354834,1.257526135673888,0.7178778147050201,46.96856529173249,-43.03143470826751,43.03143470826751
3541,1.1291450947814663,0.8735248854434389,1.5294062217513158,1.750844477630335,0.8390797780699112,68.48072344644767,-21.51927655355233,21.51927655355233
3542,1.2803301921000927,0.9599770604235544,1.854096238196316,1.9313963995954908,0.7991911183827787,-40.49789752312117,49.50210247687883,49.50210247687883
3543,1.5583682828180965,1.362626720113171,1.938722661199968,1.422783387837096,0.6813142725294069,58.00417195553485,-31.99582804446515,31.99582804446515
3544,0.8952144227026446,0.6750595160814064,1.25765945109637,1.863034919345848,0.9082253555330276,-3.6568010394307486,86.34319896056925,86.34319896056925
3545,0.9855986414141252,0.8159955381011336,1.4184208697824356,1.7382703747169732,0.653658803485562,51.97726354006455,-38.02273645993545,38.02273645993545
3546,1.176542252445381,0.8924311082133188,1.8536329557204376,2.077059997865249,0.5829876506478096,7.074835649661607,-82.92516435033839,82.92516435033839
3547,0.973200680696656,0.7437960762913219,1.8622230387513723,2.503674189889108,0.4679501334765704,34.37816797531692,-55.62183202468308,55.62183202468308
3548,1.5068704138297195,1.3547152654791923,1.890149632965573,1.3952375684620233,0.5540249507879823,59.5490916792626,-30.450908320737398,30.450908320737398
3549,1.171370613113025,0.9108515983299192,1.727075591180372,1.8961108421470965,0.6233902914610088,0.548248466103439,-89.45175153389656,89.45175153389656
3550,1.270810876469873,0.9214228622215468,2.0700710702427587,2.246602678439979,0.5577658479303329,10.384249184678495,-79.6157508153215,79.6157508153215
3551,1.171370613113025,1.0131174280316748,1.4060936334097145,1.387888110997685,0.932304908372962,-4.920717934952047,85.07928206504795,85.07928206504795
3552,1.6418428647199157,1.0362974393180058,3.1385530961549404,3.028621877344832,0.4558788957834701,-39.41880812694923,50.581191873050784,50.58119187305077
3553,1.0099380753567209,0.9046588235725708,1.1600887803974549,1.282349489298264,1.0471985890451998,-31.920252610813264,58.079747389186736,58.079747389186736
3554,1.096409273000846,0.9599095019718592,1.3579000679484992,1.4146125912485314,0.8755431676203813,5.946072107170766,-84.05392789282924,84.05392789282924
3555,2.022879685682126,2.032521182290079,2.152329199854053,1.0589455197849322,0.7450960795153244,10.855286112016891,-79.1447138879831,79.1447138879831
3556,1.0569367929308613,0.833297473684508,1.5458917276436104,1.8551499032011889,0.6940658125540441,22.48858366672389,-67.51141633327612,67.51141633327612
3557,1.889421129921366,1.5178775123480932,2.557930516239612,1.6852021954542302,0.588082288488278,-80.99570983626471,9.004290163735277,9.004290163735291
3558,3.311303421251789,2.9079066518556176,4.854058584515323,1.6692621757365596,0.307927859563156,-49.53088514774053,40.46911485225948,40.46911485225947
3559,0.9153341128725788,0.5959948461619903,1.5910212345211516,2.669521800006833,0.6771063889263385,55.1011360397147,-34.8988639602853,34.8988639602853
3560,1.4783979621211876,1.1103779382879868,2.0648958084570515,1.8596333169594204,0.7467187926510523,-38.18206629809383,51.817933701906156,51.81793370190617
3561,1.1128975557056655,0.9600711813773376,1.3475311748242749,1.4035742359135073,0.8922484069570299,-76.98563597956044,13.014364020439558,13.014364020439558
3562,1.3851080271465486,1.3166894247801015,1.5370255374714463,1.167340990627416,0.746979220811113,85.796514342753,-4.2034856572470005,4.2034856572470005
3563,0.8952144227026446,0.7473660778474245,1.398292119950236,1.8709601109775,0.5146762745945032,40.98331645258863,-49.01668354741137,49.01668354741137
3564,1.0796692170979234,0.639848002927869,2.3886710993199114,3.733185207095489,0.3645336669028973,-78.50139950614795,11.498600493852052,11.498600493852052
3565,1.1074287385521373,1.0879450698087103,1.2107607583833573,1.1128877661040746,0.8224735566574239,-83.76095000197486,6.239049998025138,6.239049998025138
3566,1.0337045758596148,0.8981053601742089,1.32670406729442,1.4772254193395238,0.744237190521946,-44.48850604427604,45.51149395572395,45.51149395572396
3567,1.0511768765181757,0.6650549981933989,1.788418247894024,2.689128346906957,0.676604956065978,-36.333224930282114,53.666775069717886,53.666775069717886
3568,1.6044383463340146,1.176312113109918,2.296849811231453,1.952585360325053,0.613202006602843,79.69254003723195,-10.30745996276805,10.30745996276805
3569,1.7630924485867383,1.6239735826988495,2.5190255817960936,1.55114935897527,0.4488312026789891,-41.4454879766304,48.5545120233696,48.5545120233696
3570,5.180256203999211,4.459568458624216,6.343287345632598,1.4223993654286256,0.5647080276556837,-79.8877508778791,10.112249122120886,10.1122491221209
3571,1.3540776702961077,1.2794115989855814,1.7328570286862803,1.3544171633743405,0.5921283367429877,26.72764384761589,-63.272356152384106,63.272356152384106
3572,3.689418396702607,2.982536382926652,4.810813724002978,1.612994145366403,0.7018154152036791,-49.70290060199302,40.29709939800699,40.29709939800698
3573,1.1128975557056655,0.910399375215232,1.4809959217081954,1.6267541059747168,0.7660876767351972,-71.47212205161767,18.527877948382326,18.527877948382326
3574,2.164954408398548,1.714257268183501,2.9204126813282287,1.7036023329350212,0.723169282583209,-79.9439233913481,10.056076608651892,10.056076608651907
3575,1.1504515979244476,1.078091540557341,1.6947189041808826,1.5719619720833389,0.4680821842636801,0.1566571709917757,-89.84334282900822,89.84334282900822
3576,1.5777276373049178,1.1299765234036203,2.6965441946811484,2.38637187484112,0.4909427184396848,47.34636904631676,-42.65363095368324,42.65363095368324
3577,1.1504515979244476,0.8604474051849326,1.8438922666717164,2.14294593203569,0.6251404996584197,-36.0892855414367,53.91071445856329,53.9107144585633
3578,1.2515550525870838,1.0652626088864934,1.592434582993784,1.4948751319248288,0.8833258203746079,-59.77300150738956,30.22699849261045,30.22699849261044
3579,1.0278144733504384,0.914042247807408,1.2121058705181071,1.3260939233669888,0.9481356739246908,-2.3703173106503472,87.62968268934965,87.62968268934965
3580,1.1557168501373432,1.0846256212324683,1.271296058386829,1.1721058709107803,0.9168800163712968,-54.91035165854655,35.089648341453454,35.08964834145345
3581,0.9350209696908578,0.9144980725164196,1.0425059916117658,1.1399761496960923,0.841869882348918,14.414834877900946,-75.58516512209906,75.58516512209906
3582,1.0683634687220958,1.0086091244710331,1.3865195334108578,1.3746847017054504,0.6774853989317213,-88.20610508931769,1.7938949106822974,1.7938949106823117
3583,1.2121260584033826,1.1795078632580147,1.332625914406375,1.129815201676927,0.8846643773022352,33.279623590563546,-56.720376409436454,56.720376409436454
3584,1.039561305877423,0.81896162982357,1.4010853811372137,1.7108071124639277,0.8839590373837622,60.98458569979073,-29.015414300209272,29.015414300209272
3585,0.8952144227026446,0.8319612850128434,1.4201164954006231,1.7069502162936585,0.5600942325626087,33.915839619586166,-56.084160380413834,56.084160380413834
3586,0.9917395023300404,0.8274285364187488,1.2515124507894404,1.5125323767611385,0.8909667201455596,-32.86007792306058,57.13992207693943,57.13992207693942
3587,1.2418151765086958,0.8554147222568846,1.9821669404072884,2.317199936865285,0.7171773946714455,77.34545103037986,-12.654548969620137,12.654548969620137
3588,1.9619355372325755,1.7915130244674848,2.6310159625787923,1.468599963631771,0.5289807204954977,-83.65508561054955,6.344914389450452,6.344914389450452
3589,0.8319410050566239,0.7743213772808157,0.9781180248559134,1.2631938798987703,0.8612999950233565,8.502617252230076,-81.49738274776992,81.49738274776992
3590,1.7283140331024651,1.5265173091798292,2.2712049861787342,1.4878344140093718,0.6515285844818419,-16.879447438486856,73.12055256151314,73.12055256151314
3591,1.0337045758596148,1.0599591150192396,1.0918855938590508,1.030120481429354,0.8647638291940735,-14.440313989629995,75.55968601037,75.55968601037
3592,1.502835947650602,1.3357404479945991,1.7630196306250627,1.3198818926775444,0.8369481763039666,26.530543505342408,-63.46945649465759,63.46945649465759
3593,2.220333029284942,1.67935696717433,3.4852936084230457,2.0753738940252635,0.4197460130711758,-1.2716067348675322,88.72839326513247,88.72839326513247
3594,0.9669420905017878,0.7718075610883125,1.3276282660661451,1.7201545216712824,0.8917711115992542,-75.24808927178663,14.751910728213375,14.751910728213375
3595,1.171370613113025,0.9965241586509376,1.4773367790699887,1.4824896779923125,0.762228506192212,56.11758592430181,-33.88241407569819,33.88241407569819
3596,1.085277926096956,0.8354119345811305,1.510995655165983,1.808683348441252,0.6750986704400964,-17.800319481819106,72.1996805181809,72.1996805181809
3597,1.3718952479298128,1.1976621267859398,1.63421995402547,1.3645083345927302,0.8550928776677554,77.5827230877687,-12.417276912231301,12.417276912231301
3598,1.085277926096956,0.953463910637142,1.3582301194823188,1.4245217929378111,0.7741734465395795,-70.51935154726107,19.480648452738933,19.480648452738933
3599,0.9543017810603904,0.710960171374845,1.358826733687533,1.9112557754956268,0.9083134530335408,-56.03264337772176,33.96735662227823,33.96735662227824
3600,1.3450803768346336,1.084672695545831,1.763428342214402,1.6257700128857826,0.8115526644607872,43.649140162270136,-46.350859837729864,46.350859837729864
3601,0.9479184199131095,0.8004395400083189,1.178329745524188,1.4721033714950438,0.9936975881120576,-4.593038733494256,85.40696126650575,85.40696126650575
3602,0.979419278671245,0.8161071904754708,1.31935981235416,1.6166501505586417,0.7646032011385674,15.859684781211696,-74.1403152187883,74.1403152187883
3603,1.0039085404212729,0.7369822868617693,1.5974940781446365,2.1676152963555118,0.5904591303708048,26.55355346021717,-63.446446539782826,63.446446539782826
3604,1.270810876469873,1.100349671720919,1.5620520661085555,1.4195960668262355,0.8172994019187737,-64.14146073896876,25.85853926103124,25.85853926103124
3605,3.225859986959805,1.8368500705606703,6.2121348332817306,3.3819498569012607,0.4218434289275256,-62.8454019690936,27.154598030906413,27.1545980309064
3606,1.085277926096956,1.0651831577966426,1.199149167837506,1.1257680513067585,0.9106007370798772,48.98880946817162,-41.01119053182838,41.01119053182838
3607,0.9669420905017878,0.8858545023989959,1.2036947445256618,1.358795085723353,0.6628144669028806,56.71590825228368,-33.28409174771632,33.28409174771632
3608,5.091597239544512,4.715530848382383,7.111465006427651,1.5080942602394745,0.3412189474057175,-70.63973360493353,19.360266395066475,19.360266395066475
3609,1.139848131163964,0.9851011557390768,1.5671635921801284,1.5908656517658395,0.5902899220029022,-25.30097474279626,64.69902525720374,64.69902525720374
3610,1.6344304437273447,1.5462351961281944,2.777186705598017,1.796095906077,0.4155209424012352,-41.32651850266088,48.67348149733911,48.67348149733912
3611,0.9543017810603904,0.7203913302302104,1.4200750141238565,1.9712550034021827,0.7370146271540399,81.56598514168883,-8.434014858311173,8.434014858311173
3612,2.0258787676635257,1.7360744459756716,2.7750297089663167,1.5984508702371651,0.4771770854310011,80.3609918813661,-9.639008118633896,9.639008118633896
3613,4.074172002130807,2.632515074012913,6.721027282712646,2.5530821642997656,0.544410117519873,-51.08712572986504,38.91287427013495,38.91287427013496
3614,2.255600146690836,1.8015118544078013,2.8621136757141628,1.5887287495285485,0.8644377357043779,-72.65119812834678,17.348801871653222,17.348801871653222
3615,2.1955855105673847,1.70029715076645,3.0843545761085034,1.8140091422950135,0.5316669995386307,33.7854349138694,-56.2145650861306,56.2145650861306
3616,0.9543017810603904,1.0502236046468083,1.1438148406937532,1.0891155327616349,0.5197549311810297,-14.189851177480286,75.81014882251972,75.81014882251972
3617,1.270810876469873,1.200475994229488,1.4309316614922294,1.1919702421127183,0.8019751553026161,64.22234935249915,-25.77765064750085,25.77765064750085
3618,3.587633208110207,2.7904112216345927,6.414357519579703,2.2987140640232377,0.2562979252494052,-47.99770812601183,42.002291873988156,42.00229187398817
3619,1.062665489594652,0.9628719674793276,1.2945298446207285,1.344446497917722,0.7754999077204393,51.35856677311456,-38.64143322688544,38.64143322688544
3620,1.1183396299962336,0.918639285089492,1.5511195165141516,1.68849682534864,0.6306290772877021,52.10653573223743,-37.89346426776257,37.89346426776257
3621,1.2171245375823248,1.393487350397599,1.857076483251637,1.3326826990727714,0.3514712497701798,31.034251336294812,-58.965748663705185,58.965748663705185
3622,1.2071068813224677,1.0538308550132027,1.4434544413312842,1.369721179129074,0.8374582513744875,48.06174022001801,-41.93825977998199,41.93825977998199
3623,1.0159318257539256,0.8472681492706835,1.2908083040949083,1.5234944275977067,0.9263394515356176,68.25799028287886,-21.742009717121135,21.742009717121135
3624,1.2369164782162358,1.070797233517447,1.6284641928616634,1.5207960404532836,0.6335224528334555,-66.65696198218474,23.343038017815275,23.34303801781526
3625,1.2319983017676563,1.157475314824264,1.473303640437584,1.2728596641054684,0.6439607703129127,85.36416027783855,-4.63583972216145,4.63583972216145
3626,1.4025314545362868,1.3351767768790788,1.7617213562544605,1.3194667453491906,0.6046784891326574,8.420686369143594,-81.5793136308564,81.5793136308564
3627,5.144975955564642,4.842494376106387,5.928600703417729,1.224286543866805,0.4896426112091444,5.719312471747103,-84.2806875282529,84.2806875282529
3628,1.0099380753567209,0.926787093968609,1.2201160376671696,1.316500893902711,0.72778656986297,-42.81098404559104,47.189015954408944,47.18901595440896
3629,1.0569367929308613,0.8815722396218186,1.367130299822264,1.5507864680593193,0.8855512251793151,-17.503915081765523,72.49608491823447,72.49608491823447
3630,1.062665489594652,0.8998682859589678,1.3562150122979622,1.507126135524019,0.738558821972786,28.29683753988869,-61.703162460111315,61.703162460111315
3631,1.1609582232861997,1.1853438784939083,1.4109392125889268,1.1903205796968035,0.5420261507537353,-27.072443585732493,62.927556414267514,62.92755641426751
3632,1.0683634687220958,0.9522063382433436,1.6069439446578206,1.6876005547519826,0.5639399044461234,79.14743343431036,-10.852566565689642,10.852566565689642
3633,1.4947343471339476,1.3532335125124888,1.9866583856977988,1.468082461251834,0.5880810630026247,-75.85616963152717,14.143830368472834,14.143830368472834
3634,1.398195952804615,0.9826123262608024,3.005418325972338,3.058600269558035,0.3256340569072144,56.87595195929717,-33.12404804070283,33.12404804070283
3635,1.4987906214766678,1.212590330468307,2.064674772537186,1.7026977047885583,0.5936226656805328,30.44248931554537,-59.55751068445463,59.55751068445463
3636,0.9153341128725788,0.5956235179298636,1.487969034214505,2.4981703868679648,0.7479554692471961,4.900835630414714,-85.09916436958528,85.09916436958528
3637,1.191922542518033,0.9653133894414876,1.7078456406526423,1.7692136660828568,0.7290673332126659,9.108195541603584,-80.89180445839642,80.89180445839642
3638,1.4906670352488116,1.408070740099367,3.5361901744445845,2.5113725281977217,0.2389149110495635,82.5765897279925,-7.4234102720075015,7.4234102720075015
3639,1.0683634687220958,0.877652320177332,1.3441308217826735,1.5315071707565115,0.9349334118300386,54.5270721732818,-35.4729278267182,35.4729278267182
3640,0.8606370140730026,0.8616755823093729,1.1660336536775329,1.3532165441574324,0.5413701986577211,-85.92794958295462,4.072050417045375,4.072050417045375
3641,1.2563966762852905,0.9005171964329153,2.3454315075969765,2.604538277433885,0.3904808724074252,20.099991764374305,-69.90000823562569,69.90000823562569
3642,1.0511768765181757,0.7410947179779261,1.640180652607488,2.21318626731373,0.5410366350647421,52.192975383725376,-37.807024616274624,37.807024616274624
3643,1.0278144733504384,0.7510760489799345,1.5084671160730354,2.00840796098044,0.7105640188136852,-35.34411527065856,54.65588472934144,54.65588472934144
3644,1.2171245375823248,1.0724799908534182,1.431412428650486,1.3346751835541937,0.9798169728939014,-85.0978361728286,4.902163827171421,4.902163827171407
3645,1.2515550525870838,0.8879816028962321,2.0120121455042232,2.265826385301074,0.6559596153034968,-5.579833170805808,84.42016682919419,84.42016682919419
3646,2.0108386281965918,1.5969373670297466,2.668338086810372,1.6709096686574485,0.6759324808771997,-43.11390908433707,46.88609091566292,46.88609091566293
3647,0.9479184199131095,0.8709043535293867,1.2569764642559165,1.443300242055229,0.6102857316339231,-67.9459444624723,22.054055537527688,22.054055537527702
3648,1.0099380753567209,0.8558755256750675,1.2889088873158947,1.5059536680865764,0.8254563824125247,18.961536523701,-71.038463476299,71.038463476299
3649,1.1019327803667114,0.9742769083975652,1.5369437352996445,1.5775224908363283,0.6411960231078464,-26.70426768798908,63.29573231201093,63.29573231201092
3650,2.572487977782321,2.223670905923917,3.0819629983816865,1.385979818403549,0.7302471946025992,4.338792671350471,-85.66120732864952,85.66120732864952
3651,0.9978425722559162,0.9240019712029576,1.1907742462292878,1.2887139674377748,0.818248359713942,69.70710197123427,-20.292898028765734,20.292898028765734
3652,1.186817925731738,1.168650871117761,1.3299840239812628,1.1380507702092362,0.7564467911106709,-16.718526205092157,73.28147379490784,73.28147379490784
3653,1.5622593457610967,1.148004170995587,2.2902738315790665,1.995004800019904,0.667705687830137,14.313672746975785,-75.68632725302422,75.68632725302422
3654,1.1074287385521373,0.9912257344846892,1.932181120431051,1.9492846616170008,0.3386006887396509,-58.48414334366668,31.515856656333312,31.51585665633332
3655,0.9019708538191776,0.7728916808908389,1.245436279939974,1.611398221422797,0.6792838626713046,-42.0317306589656,47.968269341034386,47.9682693410344
3656,0.9019708538191776,0.8614050710325737,1.0661284027021103,1.237662092497474,0.8767940058731503,-17.915714557282126,72.08428544271787,72.08428544271787
3657,2.473832956432472,2.148241587682283,3.364239495004894,1.5660433697471332,0.5112789067058003,46.050577858866525,-43.949422141133475,43.949422141133475
3658,3.003651275311278,2.876511657973272,4.0252607828748825,1.399354934549785,0.4192853439801926,-16.328423320088614,73.67157667991138,73.67157667991138
3659,1.5815710720799827,1.4196914424268414,2.13401772474454,1.503156010503676,0.5613849765789188,-47.54353599570511,42.4564640042949,42.45646400429489
3660,0.979419278671245,1.016489585479994,1.1239323726101929,1.1056998405738347,0.6886546963805841,-23.82709775670333,66.17290224329668,66.17290224329668
3661,1.4493662838402204,1.0057217448618974,2.1849266607593365,2.1724961918362062,0.7231087787674688,20.729191745351955,-69.27080825464805,69.27080825464805
3662,2.6652198289847053,2.32209953867959,4.07716528075111,1.755809866389061,0.4747900039236512,79.23032081135605,-10.769679188643948,10.769679188643948
3663,1.5968523069270035,1.2370550882242806,2.155241296005397,1.742235504725273,0.74948569869705,-74.35698212694192,15.643017873058085,15.643017873058085
3664,1.1451621372724683,0.9854352685762806,1.7023579048864386,1.7275187515319403,0.493976021538668,84.32508517753811,-5.674914822461886,5.674914822461886
3665,0.928505064734256,0.7462691645142538,1.3331010634845903,1.7863542095462366,0.719838123129293,77.9833997022419,-12.016600297758103,12.016600297758103
3666,5.5327560980203705,4.213128344915483,9.554777786854164,2.2678582290010527,0.3285727383679322,77.32998718196247,-12.670012818037534,12.670012818037534
3667,1.1816912584570125,1.2019532750826534,1.24545401490567,1.0361917062208803,0.9263124334629338,27.857027903303635,-62.14297209669637,62.14297209669637
3668,1.6082179472047609,1.2685494010199905,2.267511893290706,1.7874841070182126,0.6223291641363677,70.70100522937537,-19.29899477062463,19.29899477062463
3669,1.1816912584570125,0.9872133808591178,1.5520053969358278,1.572107334672877,0.740416250104642,-45.02304774298519,44.9769522570148,44.97695225701481
3670,2.327140112221938,1.844601068490546,3.7203386943849335,2.016879832683454,0.4526364425416812,-11.033130288234185,78.96686971176581,78.96686971176581
3671,1.096409273000846,0.8978800076215834,1.46299312791762,1.6293860153908302,0.6544433816711336,61.941831214869374,-28.058168785130626,28.058168785130626
3672,2.7920463056167044,1.9900775105046504,4.124882181752967,2.072724383839183,0.5726571378071481,-66.68850498507473,23.31149501492527,23.31149501492527
3673,1.1019327803667114,1.0083220743572905,1.6546615730072207,1.641005007315654,0.5203815425139579,-45.76301800530975,44.23698199469024,44.23698199469025
3674,1.0683634687220958,0.8347539219660277,1.4917672346853603,1.7870742447929122,0.7354401039282423,30.836732948026828,-59.16326705197317,59.16326705197317
3675,3.176549406798542,2.5503833186159985,4.075355512930006,1.5979384287776612,0.7247856173022155,37.82721751420007,-52.17278248579993,52.17278248579993
3676,2.5031101051741675,2.205646187280462,2.9412242462750275,1.3334977582698906,0.7188695808069454,-83.33046868236461,6.669531317635403,6.669531317635389
3677,1.3177199508995825,1.2088720970334754,1.6387790007238536,1.3556264593627008,0.6410560396475568,-64.73291567735329,25.267084322646724,25.26708432264671
3678,0.9153341128725788,0.872095337520481,1.130107897715814,1.295853617253485,0.7801999617197065,32.331138952536385,-57.668861047463615,57.668861047463615
3679,2.570126813468571,2.988512313735051,3.3033994001073026,1.1053658319977624,0.3807597426337142,-31.898956460109435,58.10104353989057,58.10104353989057
3680,0.9479184199131095,0.6348941978528527,1.8570486568037876,2.9249734256260904,0.5386670768595383,-39.74620507806914,50.253794921930876,50.25379492193086
3681,5.01591280453477,4.483492703904828,12.659667103418665,2.823617197457002,0.1631853951763481,8.927413772640126,-81.07258622735988,81.07258622735988
3682,1.847175937850875,1.9569158526143664,1.96593933679674,1.0046110741912169,0.6390937162757886,73.63125923844132,-16.368740761558684,16.368740761558684
3683,1.367462618417021,1.141509632341671,1.7011066995358353,1.49022544474392,0.9035327196539724,-51.35269459137103,38.64730540862897,38.64730540862897
3684,1.2270604129519955,1.0991287720335536,1.54439984845362,1.4051127472500315,0.6946293717251467,47.97002834633797,-42.02997165366203,42.02997165366203
3685,1.1237553499514827,0.9231801660810256,1.564999799303899,1.6952268439078908,0.6746235926657881,-32.5884085643357,57.41159143566429,57.4115914356643
3686,1.1074287385521373,0.7940125471813273,1.818204717234124,2.289894188307963,0.6256821412700652,24.32012818599227,-65.67987181400773,65.67987181400773
3687,1.1557168501373432,0.9273543743995364,2.0295295916938625,2.1885156825921985,0.4581243239884405,-85.29652101881737,4.703478981182627,4.703478981182627
3688,0.9153341128725788,0.7250178252791301,1.3145559076250588,1.813135983406971,0.7071733528157151,-82.55701603721853,7.4429839627814545,7.442983962781469
3689,1.1019327803667114,0.9490957303886672,1.3644390414188932,1.4376200395086989,0.8567122856794228,-64.30851938274128,25.69148061725872,25.69148061725872
3690,0.8815462242933692,0.8271080419214913,0.9904595534200148,1.1974971868476023,0.9732060051067088,-40.32438662309224,49.67561337690776,49.67561337690776
3691,1.039561305877423,1.007620032075208,1.1674608653437344,1.1586320519445528,0.8852029112007813,54.21546656945721,-35.78453343054279,35.78453343054279
3692,1.0453852243082644,1.0353078724922165,1.5428273355996591,1.4902111503177604,0.4614814449301292,3.3775199614245475,-86.62248003857545,86.62248003857545
3693,1.5387653857138477,1.4148724958423349,1.820583602810724,1.2867474688783542,0.7303438652943839,-61.53990271606669,28.460097283933294,28.460097283933308
3694,1.432512614476725,0.9680670126159452,3.4462795592347004,3.559959707667386,0.3241039489583368,-84.37966563169863,5.620334368301371,5.620334368301371
3695,1.4240109808516253,1.1928340829775397,1.980867317230919,1.6606394346867583,0.6054307775671353,-84.39508219582282,5.604917804177177,5.604917804177177
3696,4.377323080560664,4.225783328799887,4.979325696037745,1.1783201618744288,0.5655891148240687,45.64493371161861,-44.35506628838139,44.35506628838139
3697,2.004790979528443,1.5857089516440628,2.911656077933828,1.8361856852198652,0.4766963372795954,-40.67673039118699,49.32326960881301,49.32326960881301
3698,0.8952144227026446,0.677140891688739,1.385871311020317,2.046651336569051,0.621825429116049,-52.10135331020056,37.89864668979945,37.89864668979944
3699,1.902230911401452,1.7933507546811909,2.3431428226231774,1.30657252436918,0.5470891277055716,-21.79485640022956,68.20514359977044,68.20514359977044
3700,1.6856330249272244,1.1024004843214172,3.318842852323059,3.010560045577241,0.4157612963439328,70.70437917228116,-19.295620827718835,19.295620827718835
3701,2.285016447538367,2.440511810547476,2.823222959075121,1.156815937900252,0.3949788994470548,-51.470874591529615,38.52912540847038,38.529125408470385
3702,1.0569367929308613,0.9118735515825132,1.3479447243943856,1.4782145200451222,0.8175787656653686,43.823086156142686,-46.176913843857314,46.176913843857314
3703,4.181540897233058,2.7244500906174767,7.037478761223561,2.5830822834521325,0.4141554928708303,15.943492519563849,-74.05650748043615,74.05650748043615
3704,0.928505064734256,0.7969879780694322,1.1207343134613366,1.406212319759358,0.9706599606145756,-60.097655267820215,29.902344732179785,29.902344732179785
3705,0.973200680696656,0.8280843443181372,1.305188020356273,1.5761534791857386,0.7348845980462396,35.78922267166095,-54.21077732833905,54.21077732833905
3706,2.073274154004086,1.9626834054038584,2.3153555309199065,1.1796887488552843,0.7775379030090027,-58.88224768547187,31.117752314528133,31.117752314528133
3707,0.9543017810603904,0.9152502549355648,1.2433323996757424,1.3584616808036565,0.5870216510955061,58.8282645421725,-31.171735457827502,31.171735457827502
3708,1.2755794143363215,1.3186314945769515,1.4383859532865526,1.0908172292275038,0.6973112669687035,16.682657308459667,-73.31734269154033,73.31734269154033
3709,0.9350209696908578,1.0568163986739394,1.6210073329391617,1.5338589891045895,0.3379004670805197,-66.05334596247108,23.9466540375289,23.946654037528916
3710,1.1019327803667114,1.0414738082199009,1.3228115490715382,1.2701342449816413,0.6431121632875987,18.082296738979167,-71.91770326102083,71.91770326102083
3711,0.8884066096615684,0.5623254688239305,1.6577025134114238,2.9479413708193007,0.559753083751368,27.64139063693647,-62.35860936306353,62.35860936306353
3712,1.1074287385521373,0.7910172436774159,1.793109867832746,2.266840428783361,0.5213542851781647,37.81997263054837,-52.18002736945163,52.18002736945163
3713,1.1128975557056655,0.8473788165426895,1.996697548611779,2.3563222370348087,0.4595453330063143,81.13616520164976,-8.86383479835024,8.86383479835024
3714,4.193140200783701,3.45331052025257,7.231860716606862,2.0941819955646315,0.406079032426043,70.8112170878764,-19.1887829121236,19.1887829121236
3715,1.326902779425731,1.0961376460987962,1.7554605918353,1.6014964891344297,0.8029847420317965,22.663114221047824,-67.33688577895218,67.33688577895218
3716,1.1128975557056655,1.11485399114571,1.1475531827358496,1.0293304700434676,0.987209196406758,22.158635163637527,-67.84136483636247,67.84136483636247
3717,0.8392070033186643,0.7687957042399065,1.0967629729187138,1.4265987269050393,0.723430221247618,-47.00013732733415,42.99986267266584,42.99986267266585
3718,3.3222862156564124,2.538643064427766,5.549516637787366,2.1860168983772748,0.403571408646899,22.79988121756543,-67.20011878243457,67.20011878243457
3719,1.1504515979244476,0.9989148086253028,1.4770723976931457,1.478677045268634,0.6466756565144344,83.71247257137092,-6.287527428629076,6.287527428629076
3720,4.716478264216189,3.5287877936023766,7.981707171512503,2.2618835810935365,0.317381783518841,-34.75891423491269,55.24108576508732,55.24108576508731
3721,1.45354916781555,1.4008034040897712,1.59482039946473,1.1385040861612048,0.7849108645690283,-41.33149571799102,48.668504282008996,48.66850428200898
3722,1.2466946262544771,1.1181842585381427,1.6222952132489823,1.450829951201324,0.590104713836545,36.7708007873012,-53.2291992126988,53.2291992126988
3723,1.0278144733504384,0.977057870067944,1.2045374002296316,1.232820938380926,0.7453396885410978,-74.44387768261576,15.556122317384222,15.556122317384236
3724,1.4783979621211876,1.1799579972578282,2.2594715651474777,1.914874572144426,0.5196021162778788,37.57060962941784,-52.42939037058216,52.42939037058216
3725,0.9978425722559162,0.8383689839610396,1.240773273204666,1.4799847047565955,0.9764679071068424,56.47920661506843,-33.52079338493157,33.52079338493157
3726,3.283685729439831,2.7981030441139803,4.829673718454273,1.726052844484714,0.3877766575669713,-85.05199488974063,4.948005110259373,4.948005110259373
3727,1.7071069228001237,1.5105432696693588,2.3538074867583303,1.5582522752052992,0.5059108584273576,2.6706382364724206,-87.32936176352757,87.32936176352757
3728,1.186817925731738,1.1309682301991677,1.3457862834517906,1.1899417220718858,0.8178091559455565,66.56121690428425,-23.43878309571575,23.43878309571575
3729,1.3938469657443524,0.9218208698096858,2.5588088203047885,2.7758200146120218,0.5010145279353792,29.281753629238175,-60.718246370761825,60.718246370761825
3730,2.236679259992467,1.7147426747602112,3.03044929480878,1.7672909990605772,0.7790931627593481,61.848099737544,-28.151900262456003,28.151900262456003
3731,1.039561305877423,0.8693824057243135,1.3500893850892397,1.5529292704795792,0.7598527955272553,-46.98369658856241,43.016303411437605,43.01630341143759
3732,2.122472429167761,1.7624229288468185,2.807460892855592,1.5929552702157357,0.7039952832042241,-33.56520602454832,56.43479397545168,56.43479397545168
3733,3.2929173634254973,1.8063993134789669,6.632992965191028,3.671941699543976,0.4001172564738615,-77.0550088043315,12.944991195668507,12.944991195668507
3734,1.4824989352200384,1.1006478556336046,2.1364500162684754,1.9410840672910732,0.6976889726021644,-55.68267838208078,34.31732161791922,34.31732161791922
3735,1.663882010113248,1.6474028193359902,1.953239146608492,1.1856475682102896,0.6535584237331252,-72.9009438089422,17.099056191057798,17.099056191057798
3736,0.9606427264386592,0.9054733748483608,1.227920098391753,1.3561084538762855,0.620975863311284,28.795792686692128,-61.204207313307876,61.204207313307876
3737,0.8606370140730026,0.7469913655877508,1.0762942050694615,1.440838883355241,0.915952296931205,22.679859786327587,-67.32014021367242,67.32014021367242
3738,0.8952144227026446,0.73736186147885,1.3397229322927393,1.8169137872221877,0.6844956706759849,-15.487105330457595,74.5128946695424,74.5128946695424
3739,3.037819033220216,4.240625838305063,5.484699004533994,1.2933701801727866,0.1481091019858811,-10.817784865140109,79.18221513485989,79.18221513485989
3740,1.1609582232861997,1.1927383194185095,1.3159197476108062,1.1032761555379142,0.8080006152893074,-18.269621381126363,71.73037861887363,71.73037861887363
3741,2.869260301817997,2.5426112570406176,3.981756136147844,1.5660105826725037,0.471168046039305,-36.13577060385638,53.86422939614363,53.86422939614362
3742,3.740083878763431,2.112859796846252,7.129298622816693,3.3742412219959883,0.4606252665942081,-58.75283680210256,31.247163197897436,31.247163197897443
3743,1.6307115983086335,1.333092530404094,3.1992537226704982,2.39987371446806,0.3794210997621517,66.6112645643553,-23.388735435644705,23.388735435644705
3744,3.0338192697565347,2.1153578606736763,4.589098801995544,2.1694195990715524,0.6183943577674705,-22.990673456443904,67.0093265435561,67.0093265435561
3745,1.2944779165271465,1.2064404205076091,1.6555569496753064,1.3722658173030473,0.641874053975599,-44.30723111740455,45.69276888259546,45.69276888259545
3746,0.9669420905017878,0.7958205292690713,1.247097099064386,1.5670582162661646,0.8362952664078593,-14.225449037484722,75.77455096251528,75.77455096251528
3747,1.0039085404212729,0.6913883768837603,1.6279038011971942,2.3545431997779818,0.6685559302384653,-29.55188983682647,60.44811016317354,60.44811016317353
3748,1.2418151765086958,0.9698774970084376,1.7128831100899005,1.7660819179465908,0.7114349210410778,24.82246614493255,-65.17753385506745,65.17753385506745
3749,1.550556863789422,1.0394954235922758,3.241529226978743,3.118367963349665,0.4461470920323491,19.624570512523764,-70.37542948747624,70.37542948747624
3750,3.654697576669488,3.1421765905234933,4.788348819699353,1.52389551692943,0.4960476035441451,-7.155053796256631,82.84494620374338,82.84494620374338
3751,2.765829327781142,2.152089038022319,4.029752723108624,1.8724842011238527,0.5145906744028934,40.192734391871696,-49.807265608128304,49.807265608128304
3752,0.8746320295080829,0.809340899211473,1.0134811496002432,1.2522302414071258,0.9476206506725998,24.4059236883186,-65.59407631168139,65.59407631168139
3753,1.461879030667795,1.3215770412187289,1.8504459447383372,1.4001801537289855,0.6633441249285805,63.806570964819606,-26.193429035180394,26.193429035180394
3754,1.0453852243082644,0.8442219295504715,1.3626077460848314,1.6140397428557538,0.7720486508739705,0.3566471643261413,-89.64335283567385,89.64335283567385
3755,0.84641062903508,0.682241584098778,1.5189959803306,2.226478150459197,0.482073367570602,-14.34016228522995,75.65983771477005,75.65983771477005
3756,1.671163804247637,1.3487375770267016,2.1712521342122626,1.6098403211978407,0.7687838206132338,-51.0400109207846,38.959989079215404,38.9599890792154
3757,2.507956402267385,2.0963113552958643,3.168970596225268,1.5116888949819256,0.5915687279555387,-87.40699789400196,2.593002105998039,2.593002105998039
3758,1.326902779425731,1.3346348029842992,1.5852853337385393,1.187804581593238,0.6383940117249917,49.396579785590696,-40.603420214409304,40.603420214409304
3759,2.441719933881311,2.6153315757068216,4.015061703749885,1.535201785136851,0.3558969627765428,-27.29218984627521,62.70781015372479,62.70781015372479
3760,1.4824989352200384,1.128321816510237,2.8455606058552743,2.521940606143953,0.3815411057306322,-30.21241347035556,59.78758652964444,59.78758652964444
3761,1.0278144733504384,0.722668470702219,1.8066745508593112,2.5000046689511173,0.4725600698715035,-14.3785244177167,75.6214755822833,75.6214755822833
3762,0.9606427264386592,0.9838350960254144,1.2058943241738784,1.2257077726191703,0.5839554073062281,-38.02868665133394,51.97131334866606,51.97131334866606
3763,0.9479184199131095,0.6831700965892658,1.4171774917642146,2.0744138229109983,0.8379925701643747,-16.898744095274818,73.10125590472518,73.10125590472518
3764,1.1451621372724683,1.1222331914428698,1.3661747955193262,1.2173715818927235,0.6484125659653214,27.64894805092244,-62.35105194907756,62.35105194907756
3765,0.8676627389239214,0.6240267733648849,1.332526341895963,2.135367261104356,0.747017843723553,7.348607606585303,-82.6513923934147,82.6513923934147
3766,3.0814737977359603,2.158306761573749,5.113007727548877,2.3689902744967912,0.4339059055145323,-31.76646333556988,58.23353666443012,58.23353666443012
3767,1.8173540983129992,1.489009639140984,2.312019760956624,1.552723165909415,0.7198666982111878,70.65442711208848,-19.345572887911516,19.345572887911516
3768,1.3718952479298128,1.3445755020570205,1.4646897090430266,1.0893324374884472,0.8539116248930617,11.671797027590753,-78.32820297240924,78.32820297240924
3769,1.062665489594652,0.9272026151864076,1.3061663979473326,1.4087173359457543,0.8628791409752591,-15.552747166528004,74.44725283347199,74.44725283347199
3770,1.3084726790995154,1.0812258020408188,1.87358593524812,1.7328350208732697,0.6271764681681727,-16.866131478458342,73.13386852154166,73.13386852154166
3771,2.787693931488705,2.6223256049563903,3.615173860014828,1.378613644767027,0.4423623099312447,30.0937385904556,-59.9062614095444,59.9062614095444
3772,0.9978425722559162,0.9828762192007215,1.0819675575699603,1.1008177188881632,0.9496783266381668,47.711128826604885,-42.288871173395115,42.288871173395115
3773,4.566045661894988,3.3083014661521006,7.0182911128481855,2.1214182518291445,0.4166039880031874,-41.64304310426488,48.356956895735124,48.35695689573512
3774,1.2171245375823248,1.2144265370601073,1.5408723507389306,1.2688065549597474,0.6695571596025496,16.17391484647608,-73.82608515352392,73.82608515352392
3775,1.4865885952249918,1.2902732630889957,1.9636258264529527,1.5218681829862213,0.539343943988232,3.8126932420484017,-86.1873067579516,86.1873067579516
3776,1.0099380753567209,0.9646667710966847,1.1965446254095382,1.2403709356021897,0.7383339238659884,75.08677226191709,-14.91322773808291,14.91322773808291
3777,0.8952144227026446,0.8763554445683984,0.9778093818690652,1.115768023043016,0.9177366139602549,19.503197376704765,-70.49680262329524,70.49680262329524
3778,0.8319410050566239,0.6592775130113948,1.1682568957445452,1.772026002234287,0.728709143285861,-50.43937641247855,39.560623587521434,39.56062358752145
3779,0.9086770491564996,0.8385871461579996,1.153971748596957,1.3760904324421106,0.7012434894067828,19.518324907506543,-70.48167509249346,70.48167509249346
3780,1.3495865213724043,1.0179732126139298,2.02873751242078,1.992918366890452,0.6117504760576271,-69.3459084011505,20.654091598849504,20.654091598849504
3781,1.6344304437273447,1.4128244089642574,2.1022501340470456,1.4879769352146222,0.6392284613680375,-32.13620047396982,57.86379952603018,57.86379952603018
3782,1.0683634687220958,0.8405709206547303,1.7167923468579906,2.042412251807095,0.6340661909917517,-7.5058413776664,82.4941586223336,82.4941586223336
3783,2.0674091517192297,1.704768437768528,2.5780899182728314,1.5122815868455692,0.7861658895650651,88.35101424317996,-1.6489857568200392,1.6489857568200392
3784,1.5387653857138477,1.212980783472876,2.105118909050521,1.7354923818523913,0.6548030865521262,-74.81635427689173,15.18364572310827,15.18364572310827
3785,1.2121260584033826,1.2621720055267438,1.4882815740585909,1.179143228927411,0.5482360000223558,28.40369691678712,-61.59630308321288,61.59630308321288
3786,0.9086770491564996,0.8986999306358462,0.9736930473705204,1.083446225128353,1.0358322323818083,-36.56396695255064,53.43603304744936,53.43603304744936
3787,1.7699661294252256,1.4305922941999905,2.3281360975270444,1.6273931482547055,0.7532327791799573,9.504839122113022,-80.49516087788697,80.49516087788697
3788,2.2121146184952187,2.629425656596452,4.749658428266857,1.8063482480865611,0.1796614518416951,77.72020294001045,-12.279797059989548,12.279797059989548
3789,1.176542252445381,0.9868533329750686,1.5861604971376342,1.6072910169496344,0.6729431244928276,-51.3002477083423,38.69975229165772,38.6997522916577
3790,1.518909516610108,1.403710722621288,1.75029503574405,1.2469057958576757,0.8690318897439531,-38.1164257486076,51.88357425139242,51.8835742513924
3791,1.749264059016166,1.847206076287916,2.1058738701759907,1.1400319093838651,0.5648094223331139,75.19295517992971,-14.807044820070288,14.807044820070288
3792,1.1237553499514827,0.9098256886089654,1.462532119967512,1.6074860693410191,0.9053906976318212,-12.24957822501442,77.75042177498558,77.75042177498558
3793,1.0683634687220958,0.9355562386344628,1.2813774485408516,1.369642353527725,0.9288609020236376,31.96103967284209,-58.03896032715791,58.03896032715791
3794,3.2333794843114507,2.34201120175976,5.98804593734255,2.5567964546212254,0.3184247620839729,-66.93730679196631,23.062693208033693,23.062693208033693
3795,0.9855986414141252,0.872977072966458,1.3249378200330704,1.5177235016388315,0.6119328715296256,-32.88073500367884,57.119264996321164,57.11926499632116
3796,1.3360224934845466,1.2077320085157364,1.9712193164354248,1.632166161479805,0.450722695313697,-1.1978852518753895,88.80211474812461,88.80211474812461
3797,1.652899170550067,1.1957142503753837,2.628302818265227,2.198102780359183,0.6322717205707671,10.535775270038004,-79.464224729962,79.464224729962
3798,1.0039085404212729,0.8561702793460829,1.2730729287411986,1.4869389412974408,0.9399105854546363,56.3066333055376,-33.6933666944624,33.6933666944624
3799,6.9369272327496105,6.17026416514882,8.78233950329629,1.4233328214537586,0.3469521224641323,-51.29708365162223,38.702916348377755,38.70291634837777
3800,1.833981655109284,1.5607943659577743,2.344293378505262,1.5019873403160944,0.7306586907694832,-12.868399585568769,77.13160041443123,77.13160041443123
3801,4.46656732353823,3.703942035801533,7.028020891896651,1.8974435409531965,0.405307191183126,-41.31321413215869,48.68678586784131,48.68678586784131
3802,0.8246109854774907,0.7106937183583878,1.040537024664907,1.4641145655099013,0.9289799713189956,78.70046266468228,-11.299537335317723,11.299537335317723
3803,2.001760303601345,1.82126899333738,2.5941421214858216,1.42435968051715,0.5966144702225442,-24.18603971085507,65.81396028914493,65.81396028914493
3804,0.9414917802541344,0.8643250255585629,1.2247170476407694,1.4169635396699365,0.7127294323242742,29.98079530507348,-60.019204694926515,60.019204694926515
3805,1.0159318257539256,0.7634807968144985,1.4588358302382884,1.910769512900714,0.8196688802986614,-40.42872668629977,49.57127331370023,49.57127331370023
3806,0.9086770491564996,0.7468036173699738,1.2181795320358533,1.631191257918553,0.8428934103783127,-34.717199158285844,55.28280084171416,55.282800841714156
3807,0.9219431092603804,0.8328386450803302,1.2851877570262178,1.5431413571139665,0.667346054868128,-14.783973038181337,75.21602696181867,75.21602696181867
3808,1.191922542518033,0.8438938843077665,1.8717803042941212,2.2180280472461478,0.6486062349716679,-6.175089498237743,83.82491050176226,83.82491050176226
3809,1.1661760393441107,0.8660174875001245,1.6860446386782315,1.946894448454182,0.7554831211816615,-38.40376750214588,51.59623249785412,51.59623249785412
3810,4.825912064048404,4.968432601063358,6.315446935322752,1.2711145430394089,0.4396351419129007,28.948335633398717,-61.05166436660129,61.05166436660129
3811,0.928505064734256,1.0615498885440309,1.4942472071293118,1.4076090283224911,0.3272108868427574,87.19619888805516,-2.8038011119448356,2.8038011119448356
3812,1.2071068813224677,0.9517526890243204,1.6253397528373226,1.7077332920419936,0.7114108428940935,-10.168480219875107,79.83151978012489,79.83151978012489
3813,1.191922542518033,0.8461858456394691,1.872222395773893,2.212542794732096,0.5971242396154179,38.75168996151521,-51.24831003848479,51.24831003848479
3814,1.566140741422161,1.1988230011738037,2.774481718384026,2.314338076319396,0.3274030973212672,69.05441095056193,-20.94558904943807,20.94558904943807
3815,1.6195038256468852,1.3812180925875688,2.487353356043531,1.8008404099194302,0.486276061309963,-0.8750630784809408,89.12493692151907,89.12493692151907
3816,1.2803301921000927,1.1248634836893583,1.5776304273252046,1.4025083489694663,0.6999204370529152,7.93613277292321,-82.06386722707678,82.06386722707678
3817,1.0796692170979234,0.9573567980047012,1.2618480786536543,1.3180541270334802,0.944699149109368,-11.826585928977222,78.17341407102278,78.17341407102278
3818,1.191922542518033,1.130566993791787,1.459894545064947,1.2912941498217938,0.6037492630414437,71.59155259364613,-18.408447406353872,18.408447406353872
3819,0.973200680696656,0.8089483225916653,1.3043138438782638,1.6123574367514268,0.6781502622164949,18.43000711758221,-71.5699928824178,71.5699928824178
3820,1.0278144733504384,1.0416584359794676,1.0657004206788374,1.0230804876809385,0.921460532452674,79.11622913382719,-10.88377086617281,10.88377086617281
3821,1.9117819216282488,1.3356359472540893,4.284735907910788,3.2080118214246194,0.300591336968766,-12.42729326443992,77.57270673556008,77.57270673556008
3822,1.6082179472047609,1.2616770545458222,2.3885657922551595,1.8931673391769763,0.5332240857653993,-21.65361337724758,68.34638662275242,68.34638662275242
3823,0.928505064734256,0.7944840371860129,1.152421752394756,1.4505285171952913,0.9076903363736164,49.12558768629199,-40.87441231370801,40.87441231370801
3824,1.1970053909181526,0.996509167506747,1.5111784705116045,1.516472221015842,0.8812529002004127,-68.22368686774429,21.776313132255723,21.77631313225571
3825,1.0569367929308613,1.0076583505331351,1.1925161691474273,1.183452872212578,0.8667869617981288,47.029599635900006,-42.970400364099994,42.970400364099994
3826,1.9244428674196767,1.800731564029653,2.1128347647957355,1.1733202255130477,0.9022376998111236,23.546158267581998,-66.453841732418,66.453841732418
3827,1.4409640896579887,1.2890086539705,1.680140275329847,1.3034359933539272,0.8809383337880645,-16.698868685350448,73.30113131464955,73.30113131464955
3828,3.0696295240609217,2.318555466950651,4.197512484526748,1.810399856444793,0.647755003237388,15.03045480375857,-74.96954519624143,74.96954519624143
3829,0.8952144227026446,0.8392170013473431,1.0998404325518425,1.3105554710951692,0.7643752385136464,46.74852986964914,-43.25147013035086,43.25147013035086
3830,0.928505064734256,0.8701855055219094,1.0287854684204627,1.1822599456002547,1.0327850312369304,-53.74399868807424,36.25600131192576,36.25600131192576
3831,1.6307115983086335,1.331860132872589,2.2013648584995,1.652849878276288,0.6798910813148769,13.673961986445832,-76.32603801355417,76.32603801355417
3832,0.8676627389239214,0.8396384761414873,1.1115608004683264,1.3238564358989875,0.747017843723553,-65.92000486017965,24.07999513982037,24.079995139820355
3833,0.8952144227026446,0.6465569656022546,1.7983186537132532,2.781376969681482,0.4211321018961694,26.09860889416136,-63.90139110583864,63.90139110583864
3834,5.2141335364834935,3.417606921066757,8.224462582000823,2.406497520619977,0.5555427723204274,74.09654520841863,-15.903454791581368,15.903454791581368
3835,0.9606427264386592,0.7736511903418418,1.703795514437601,2.202278669906486,0.4455911099594477,-66.54396929156917,23.45603070843083,23.45603070843083
3836,2.3114337002746863,2.1247118940529006,2.8509214870383763,1.3417920307304472,0.5735746445777852,17.329969801522303,-72.67003019847769,72.67003019847769
3837,1.3177199508995825,1.1584142758363023,1.6732533106753902,1.4444342974514937,0.6681090887669597,37.87376548278792,-52.12623451721208,52.12623451721208
3838,1.0099380753567209,0.8200823541904623,1.3995425715714778,1.706587837697136,0.7758710984357794,71.98518008536243,-18.01481991463757,18.01481991463757
3839,1.0569367929308613,0.8741525765699285,1.4041105489104506,1.606253400773598,0.7517076240083964,14.689502082205864,-75.31049791779414,75.31049791779414
3840,1.2850634067342854,1.083709215029912,1.5757077274375837,1.4539949513985555,0.8156278873626926,-1.2778237008557507,88.72217629914425,88.72217629914425
3841,1.7388205981619584,1.1890227303220953,2.64536634925837,2.224824035568912,0.6760958484920683,-79.78048632967682,10.219513670323181,10.219513670323181
3842,1.0039085404212729,0.900358261326956,1.2761812532123178,1.417414942504632,0.6710680837541545,-60.01676613743728,29.983233862562713,29.98323386256272
3843,2.2038655607334228,1.691851688961411,3.126705837220113,1.848096885572473,0.5730213748921185,82.60335584073884,-7.396644159261157,7.396644159261157
3844,0.8884066096615684,0.8413524176084887,1.268012822657338,1.5071125917265618,0.4988186311899439,-46.6149125444493,43.38508745555072,43.3850874555507
3845,0.9479184199131095,0.7307216502215139,1.769184247393029,2.421146611513032,0.5144182380300373,-82.80110018013926,7.198899819860742,7.198899819860742
3846,0.9414917802541344,0.8711418016811476,1.084829699045309,1.2452963420556584,0.9786689859006844,-79.13573922474426,10.86426077525573,10.864260775255744
3847,1.7035467376469715,1.4423521669489214,2.0705801430916058,1.4355579660351645,0.8260416586981492,-73.86030147592668,16.13969852407331,16.139698524073324
3848,1.5968523069270035,1.2519243802144655,2.32303437997247,1.8555708449215715,0.7059339742320195,-11.931663274695827,78.06833672530418,78.06833672530418
3849,1.0099380753567209,1.0132610168039446,1.1680232176528078,1.1527367561588606,0.6927567764493181,-48.34762799168497,41.65237200831501,41.65237200831503
3850,1.0511768765181757,0.8572322615875306,1.3491262583142645,1.5738164774804235,0.9071867251432308,-37.435661333178494,52.5643386668215,52.564338666821506
3851,1.663882010113248,1.963994906016139,2.0975581349922647,1.068005893786686,0.4410256522572212,1.04252754599672,-88.95747245400328,88.95747245400328
3852,1.5544674799972351,1.3095599298790743,1.966273313103972,1.5014763877858868,0.7364749813568477,-17.852202512217918,72.14779748778209,72.14779748778209
3853,1.062665489594652,1.0777751626180605,1.1616885692263204,1.0778579888633015,0.8805914615166761,-75.73340635173686,14.266593648263154,14.26659364826314
3854,5.267423110820637,4.2056810352726615,7.258291085444031,1.725830138940497,0.5907194974160292,-39.99075990801612,50.009240091983884,50.00924009198388
3855,0.8815462242933692,0.7859987814461509,1.2408145987532089,1.5786469750884944,0.6225659416508436,16.46805890184038,-73.53194109815962,73.53194109815962
3856,1.085277926096956,1.0523461293398024,1.4895162820763357,1.4154242986675831,0.5159855908395367,-73.90761036495778,16.092389635042224,16.092389635042224
3857,1.7283140331024651,1.2631921146876062,2.5149462700997294,1.990945194208791,0.6789633187824066,-21.371533235669364,68.62846676433064,68.62846676433064
3858,0.928505064734256,0.7051569242483595,1.358442411622528,1.926439867367846,0.7321807021747292,-56.71686459577224,33.28313540422775,33.28313540422776
3859,1.2755794143363215,1.2706168044675956,1.4063199981653485,1.1068010380632531,0.6921746571581171,-40.29109378708205,49.70890621291795,49.70890621291795
3860,0.9606427264386592,0.9620344418773608,1.394618717232141,1.4496557051643746,0.4956030700380257,11.905868370970646,-78.09413162902935,78.09413162902935
3861,1.1128975557056655,0.9185750513664308,1.4253938988657586,1.551744625270855,0.9467951569303152,67.63454780763789,-22.365452192362113,22.365452192362113
3862,1.550556863789422,1.4266438204910463,2.136078922063343,1.4972755577689398,0.5748684628908901,82.38869883200832,-7.611301167991684,7.611301167991684
3863,0.8952144227026446,0.6931300032162462,1.27642039030194,1.841531003389152,0.7760162561960804,-70.71866174555844,19.28133825444155,19.281338254441565
3864,4.156784909075366,3.4548544493637103,5.148267630727799,1.490154710186407,0.668453469014479,-65.48764264960056,24.51235735039944,24.51235735039944
3865,1.0740312192037882,1.0153547020648137,1.8421953734217928,1.8143367728297564,0.4207272940821169,-31.72957589897056,58.27042410102945,58.27042410102944
3866,4.226310872320105,2.398800776285461,8.184088818728789,3.4117417751556,0.4601612931027994,-3.6962604937613737,86.30373950623863,86.30373950623863
3867,1.0796692170979234,1.058709159135342,1.580835504248563,1.493172596655012,0.4136463913302755,57.79336032156154,-32.20663967843846,32.20663967843846
3868,0.928505064734256,0.7708441434215636,1.2305722562782409,1.5963956745083014,0.7603617630830424,75.20704894650456,-14.792951053495443,14.792951053495443
3869,0.9669420905017878,0.8597862762704342,1.227367580309967,1.4275263681039672,0.7112151735661311,43.88688196536503,-46.11311803463497,46.11311803463497
3870,1.3131044552792934,1.128350654714813,1.6370017982412826,1.450791729859039,0.7389417903698201,-55.370092046066354,34.62990795393364,34.629907953933646
3871,1.062665489594652,1.0373279893922736,1.157559164612053,1.1159046863183726,0.9367037096589856,-78.27194652844264,11.72805347155736,11.72805347155736
3872,1.8667925156594296,1.4427479358609434,3.147967339684864,2.181924687909084,0.4917777447990402,-87.92374130076837,2.07625869923163,2.07625869923163
3873,1.367462618417021,1.1853483286157689,1.7299338074441812,1.459430756075196,0.6995070942567899,26.71477179734817,-63.28522820265183,63.28522820265183
3874,1.2660243778180809,1.302021551888108,2.084430944516201,1.6009189260296757,0.3135342339135688,-74.03600990991315,15.963990090086838,15.963990090086853
3875,1.0511768765181757,0.8202520651223054,1.6622458688852402,2.0265061675125287,0.5755049545650245,-49.01183622857593,40.98816377142407,40.98816377142407
3876,1.3450803768346336,1.078870318973758,1.79916234161765,1.6676354052719211,0.8054373968424565,44.74791769038089,-45.25208230961911,45.25208230961911
3877,1.0159318257539256,0.7474188545094638,1.666158614276179,2.229216729312629,0.6722187471595941,71.021395783679,-18.978604216321003,18.978604216321003
3878,1.1291450947814663,0.7206285094920992,1.9962115919229824,2.7700979986621923,0.5216973376519172,-32.93260739617515,57.06739260382486,57.06739260382485
3879,0.9350209696908578,0.6566227545655244,1.8737962751663693,2.853687695313311,0.479581816977509,-28.47844809158528,61.52155190841472,61.52155190841472
3880,0.9855986414141252,0.8850979214472066,1.1638678998920868,1.3149594770136497,0.8518148918995964,-5.058089640554081,84.94191035944591,84.94191035944591
3881,0.9543017810603904,0.8154225623523472,1.4119301943792368,1.731531919237153,0.6411607235463017,-26.945718410214035,63.05428158978597,63.054281589785965
3882,2.376192272076737,1.7741293480659206,3.2430360467055137,1.8279591903718475,0.8057715152246334,4.783511314545959,-85.21648868545404,85.21648868545404
3883,1.667526881973112,1.3143916784911918,2.239105496410479,1.7035298785372552,0.6961959207774134,42.82716587879635,-47.17283412120365,47.17283412120365
3884,1.3360224934845466,0.8672457622461804,2.4439470273297896,2.818055888794345,0.4768415329105687,-24.55117107059516,65.44882892940484,65.44882892940484
3885,1.585405189396292,1.199023934354233,2.2571473127285238,1.8824872865812905,0.7628319665890756,-59.30877415922901,30.691225840770983,30.69122584077099
3886,0.9350209696908578,0.8211986155426602,1.1423563326097044,1.3910840946252916,0.8994676372527501,-85.16595859725892,4.834041402741093,4.834041402741079
3887,1.2319983017676563,1.0405478090119122,1.5819465393984329,1.5203016389036694,0.6789656176314706,-47.86227648483703,42.137723515162975,42.13772351516297
3888,0.8535534614000618,0.7369967374812005,1.1673115168296522,1.5838760980396174,0.6896842842040809,69.80446556172876,-20.19553443827124,20.19553443827124
3889,1.5544674799972351,1.3348362401585725,1.9484135506061488,1.45966485774666,0.6655341282978633,46.66667890933213,-43.33332109066787,43.33332109066787
3890,1.085277926096956,0.8459453015166698,1.5571081591540197,1.840672389056748,0.7094675373517237,68.85649905745016,-21.143500942549835,21.143500942549835
3891,1.2612197138901655,0.9402284072788234,1.8267322974941456,1.9428601426551355,0.7108168650172614,-3.424867548201448,86.57513245179855,86.57513245179855
3892,1.2270604129519955,0.9417066292201588,1.797778196495052,1.9090639703617875,0.6582824853146069,-30.8634894129184,59.1365105870816,59.1365105870816
3893,1.3938469657443524,1.1035312214548711,2.1490698027441644,1.9474481201455076,0.5487857789687116,-87.26132042838796,2.738679571612039,2.738679571612039
3894,2.991498893954712,2.173544598465309,5.795981457004496,2.666603418718396,0.2768473960506992,-15.59557334941343,74.40442665058657,74.40442665058657
3895,1.2369164782162358,1.0124314772632588,1.6210898730384282,1.6011847808411257,0.744037236395653,19.641959891048323,-70.35804010895168,70.35804010895168
3896,2.031863651507851,1.5968450690353508,3.97185668625944,2.487314995849176,0.3058270345840886,-30.85550912736252,59.144490872637476,59.144490872637476
3897,6.966620875452822,6.910356434626759,7.983120866817874,1.155240101192994,0.3984329003480574,44.82802124311426,-45.17197875688574,45.17197875688574
3898,1.461879030667795,1.2554343718343095,1.795777091541975,1.4304029998144572,0.8116426989539938,2.6400451832058,-87.3599548167942,87.3599548167942
3899,1.2850634067342854,1.322604911826863,1.4032707703150489,1.0609901398118695,0.7276594652812983,1.5786467387081629,-88.42135326129184,88.42135326129184
3900,0.9543017810603904,0.7020781490922623,1.342060553270072,1.911554368990492,0.8421723648876949,-36.34949466396356,53.650505336036446,53.65050533603644
3901,1.8537378623808147,1.2333507898723122,2.959886045086289,2.399873636431306,0.6117975576851776,-36.33598337882612,53.664016621173886,53.66401662117388
3902,2.084954664197576,1.5879466280535814,3.4519119945004517,2.173821168493312,0.3748317863452202,-52.60472734694864,37.395272653051364,37.39527265305136
3903,1.902230911401452,1.6175873808261303,2.6520594428585222,1.6395154130740492,0.6250923827826577,-51.08456961901802,38.915430380981974,38.91543038098198
3904,1.4987906214766678,1.108357334082134,2.240928103500342,2.0218462354978017,0.6225660767049354,-42.589434246448334,47.41056575355168,47.410565753551666
3905,2.4590636724543398,2.0758225142152598,3.76222907353,1.8124040219075608,0.5203116138164627,-18.24182500886726,71.75817499113273,71.75817499113273
3906,1.176542252445381,0.9824718075449071,1.6854757234256543,1.7155461464461554,0.5758562278040258,-18.455034479516225,71.54496552048377,71.54496552048377
3907,1.0740312192037882,1.0482751336117793,1.1573904427278208,1.1040903343190926,0.9782766812368168,88.37704111838725,-1.622958881612746,1.622958881612746
3908,2.507956402267385,1.8930043653161677,4.469640701603581,2.361135971737216,0.335688714460003,-70.80476487963894,19.195235120361076,19.195235120361062
3909,0.8676627389239214,0.7915992821555969,1.0426661803238086,1.317164130675477,0.923546553393746,-37.55544679140596,52.444553208594044,52.44455320859404
3910,0.9978425722559162,0.9636985347764072,1.1411125916632994,1.184097049528103,0.78964528984854,-51.38808885358927,38.61191114641073,38.61191114641073
3911,1.67479282872596,1.2079990261977993,2.3959728301054413,1.983422815866676,0.7575520574894956,-57.527070813272005,32.47292918672798,32.472929186727995
3912,1.470161697690137,1.1500964042452997,2.0019110555195208,1.7406463041967228,0.7431131229935849,-66.43426617844322,23.565733821556762,23.565733821556776
3913,1.1128975557056655,0.7842730241283359,1.7642016431809702,2.249473829782372,0.6712233225873341,-58.84777010293428,31.152229897065723,31.152229897065723
3914,1.0683634687220958,0.8151910200922834,1.5265424793592903,1.8726193514576237,0.7060023687559661,64.12568531819106,-25.87431468180894,25.87431468180894
3915,0.9917395023300404,0.6972047490120026,1.687116280984309,2.419829014898556,0.609108073837238,-5.780744213564629,84.21925578643537,84.21925578643537
3916,0.8746320295080829,0.6053836129994532,2.10152898015533,3.4714005054465,0.3969469096183796,-80.12252580034271,9.877474199657286,9.877474199657286
3917,1.0099380753567209,0.8050711944304617,1.5119875920063854,1.8780793580324575,0.5894390193257097,-83.799511819966,6.200488180034,6.200488180034
3918,1.186817925731738,0.8426543391469288,1.926465833970116,2.2861875201644324,0.6089595298265642,-31.18544109809409,58.81455890190591,58.81455890190591
3919,1.0569367929308613,0.9528738943452816,1.3285396488641588,1.3942449853524392,0.6662262046961411,-26.937711502184804,63.06228849781519,63.062288497815196
3920,1.3360224934845466,1.1527784575248203,1.6894644502417844,1.4655586589198637,0.6800670223959818,21.468828020015746,-68.53117197998425,68.53117197998425
3921,1.3540776702961077,1.2708219739703537,1.9928199931987425,1.5681346671813463,0.453446376803644,65.47308732299626,-24.526912677003736,24.526912677003736
3922,1.2991595879263365,1.268804602505709,1.444883946897371,1.138775776856366,0.8696779946514401,10.178934477763486,-79.82106552223651,79.82106552223651
3923,1.0796692170979234,0.8408075674684089,1.6701253372864278,1.986334807041539,0.570763922705662,-5.270425116877998,84.729574883122,84.729574883122
3924,0.9669420905017878,0.8897097505268958,1.0910738143313004,1.2263255670572957,1.0245164598674297,6.048669565533404,-83.9513304344666,83.9513304344666
3925,1.3718952479298128,1.307883831834877,1.540393964909971,1.17777582948548,0.7512454078678799,10.095631860825073,-79.90436813917492,79.90436813917492
3926,1.542705892513396,1.2530759534115132,2.657903757977064,2.121103474008013,0.4244529996384957,33.71732900355401,-56.28267099644599,56.28267099644599
3927,6.215916764633706,4.254080331080671,9.837897512101938,2.31257915846709,0.5258669140703305,-87.8397370299354,2.1602629700645934,2.1602629700645934
3928,1.085277926096956,0.7971485796904931,1.5746418559147035,1.9753429862800305,0.7462338419310163,-1.771760147268368,88.22823985273163,88.22823985273163
3929,0.9855986414141252,0.6580694275959375,1.953332556696788,2.9682773196632337,0.5193423299843847,-69.30014677148893,20.699853228511074,20.699853228511074
3930,0.9479184199131095,0.758100014152389,1.3018597588894123,1.7172665012346506,0.7573359984206517,-62.75757194166095,27.242428058339044,27.24242805833905
3931,1.0278144733504384,0.8714087471216646,1.4133294501611018,1.621890364113794,0.665214378612734,89.55872398140228,-0.44127601859771914,0.44127601859771914
3932,1.0796692170979234,0.8024170778635329,1.843680980756977,2.2976591994600244,0.5274156081869277,-43.72137217649921,46.278627823500784,46.27862782350079
3933,1.8504598087771928,1.4649057785161403,3.712088299994449,2.534011643912393,0.3374079507385331,-18.015047057057995,71.984952942942,71.984952942942
3934,1.2944779165271465,1.1782837134525723,1.8324805618239657,1.55521165310389,0.5596402216093646,-31.57352502068888,58.42647497931112,58.42647497931112
3935,0.9669420905017878,0.6364344428402976,1.6189592080779571,2.5437957142181378,0.7254630006353905,42.23488390863013,-47.76511609136987,47.76511609136987
3936,1.1128975557056655,0.915378299074921,1.4623760608150285,1.5975647033504097,0.7660876767351972,-19.099442471231093,70.9005575287689,70.9005575287689
3937,1.4367445664276617,1.3905385628811977,1.7416357198810708,1.2524900541214763,0.6427544553134835,-19.29037951064851,70.7096204893515,70.7096204893515
3938,1.186817925731738,1.2077484626433728,1.3436224928592635,1.1125019276932109,0.682794326950748,21.68352823962688,-68.31647176037312,68.31647176037312
3939,0.8815462242933692,0.8209402744785241,1.1798215496094404,1.4371588120206236,0.6964532460564953,-24.589083463751464,65.41091653624854,65.41091653624854
3940,4.254944742294601,3.998366421544535,5.998672922873181,1.5002809373724044,0.25740471299092,52.1623694926521,-37.8376305073479,37.8376305073479
3941,1.6006498207486113,1.335804585129626,2.046302725682984,1.531887783933914,0.7056668395520058,18.542525061888988,-71.457474938111,71.457474938111
3942,0.973200680696656,0.7538628876133783,1.505091706705402,1.996505905033084,0.5628424995428437,49.1673210097959,-40.8326789902041,40.8326789902041
3943,2.7680235600404037,2.257366578093452,4.767656785623134,2.112043667116684,0.4207750605530589,-46.63278572311858,43.36721427688141,43.36721427688142
3944,1.021890421280174,0.8782920287777656,2.2162334142798943,2.5233445615623005,0.367964482948175,-6.426828905018357,83.57317109498165,83.57317109498165
3945,1.5892300566907107,1.3931572174569884,1.874511623319992,1.345513341804773,0.8626242590819244,-87.30902441784345,2.690975582156568,2.690975582156554
3946,0.9414917802541344,0.900422493998309,1.291572774550881,1.4344074955476471,0.5307488975112457,10.724822234546984,-79.27517776545301,79.27517776545301
3947,1.0453852243082644,0.8773111654838412,1.3797882688140564,1.5727467324014923,0.7285879353326817,-5.664111582728708,84.33588841727129,84.33588841727129
3948,0.9219431092603804,0.845103880394142,1.0479607759743357,1.2400378229071494,1.0529118340806662,41.06866143959905,-48.93133856040095,48.93133856040095
3949,4.078640113876186,3.2775462380827376,8.242302050115953,2.5147782674570114,0.1740040418036481,-14.495940237669462,75.50405976233054,75.50405976233054
3950,1.1609582232861997,1.2310552887830042,1.3681271861615936,1.111345037568618,0.5870708443406211,-0.7589048384826212,89.24109516151738,89.24109516151738
3951,1.3938469657443524,1.2293549055367483,1.635022978872551,1.32998450773553,0.93707422738603,58.60862704326532,-31.391372956734678,31.391372956734678
3952,1.1128975557056655,1.076772908250723,1.2192339855576444,1.1323037348129026,0.8879793380619785,-71.41604547156965,18.583954528430354,18.583954528430354
3953,1.0453852243082644,0.93395741266457,1.2901357052424978,1.3813645973018782,0.7041447803568278,13.404391873565263,-76.59560812643474,76.59560812643474
3954,2.3889333407400763,1.7168682679315663,3.6366689255845768,2.118199161526779,0.4723552493696841,-20.85514106326901,69.144858936731,69.144858936731
3955,1.0099380753567209,1.0001297711314288,1.87545295610456,1.87520960803206,0.4409706940123396,18.19182133043293,-71.80817866956707,71.80817866956707
3956,1.0337045758596148,0.6849580261280287,2.084303171413697,3.0429648123053163,0.4654255342520238,80.12398733984962,-9.87601266015038,9.87601266015038
3957,1.585405189396292,1.3584928481210872,1.959667983121808,1.4425309532046473,0.7360968092112263,72.08367490439439,-17.916325095605615,17.916325095605615
3958,0.979419278671245,0.94703446783417,1.3215657024119956,1.3954779338014631,0.6901444057603846,49.95260720405279,-40.04739279594721,40.04739279594721
3959,1.3585539723246187,1.0676961524573043,1.8814206181511544,1.7621311211256705,0.6952255117951625,-50.54014410111192,39.459855898888065,39.45985589888808
3960,0.973200680696656,0.8693497657757726,1.162645532045635,1.337373722080821,0.9613453437429716,-34.66102122287305,55.338978777126954,55.33897877712695
3961,2.236679259992467,1.620984813294076,3.2777296333286112,2.022060667346901,0.6476563157956395,78.08887162821102,-11.911128371788976,11.911128371788976
3962,2.0258787676635257,1.4861170916156552,3.0048992204056977,2.021980123476593,0.5731676712909005,-46.20833298970518,43.791667010294816,43.79166701029482
3963,0.9917395023300404,0.7110372143645954,1.7243279052946328,2.425088125430319,0.5109321894575073,-58.95149886153811,31.048501138461887,31.048501138461887
3964,1.843886218520761,1.167005717019638,4.185550862800996,3.586572714905186,0.2399946442369592,5.055533535698698,-84.9444664643013,84.9444664643013
3965,1.062665489594652,0.8576001403204091,1.4875183815437223,1.7345127543798775,0.7715595781378606,76.42308272834195,-13.576917271658047,13.576917271658047
3966,1.6418428647199157,1.2243428028063932,2.288262839448503,1.8689723451662652,0.7243580518704147,80.64115508038167,-9.358844919618335,9.358844919618335
3967,1.542705892513396,1.2190241049896704,3.4369434067080964,2.8194220217960497,0.2852459523321131,-15.18037746349622,74.81962253650379,74.81962253650379
3968,3.007691157803274,3.3145601861724034,5.319022650751227,1.6047446273387909,0.1692801331265452,6.267873581161408,-83.73212641883859,83.73212641883859
3969,2.0198761507134417,1.228215472053911,3.919413252653662,3.191144666252524,0.4044295189333561,62.91587609404551,-27.084123905954492,27.084123905954492
3970,0.979419278671245,0.7368531227039529,1.6656608977288272,2.260505990144312,0.5107356336007355,81.3030646580785,-8.696935341921503,8.696935341921503
3971,1.270810876469873,0.7899382647053175,2.2417518919941903,2.837882391772052,0.6075570719543372,-82.0627471276687,7.9372528723313,7.9372528723313
3972,1.0796692170979234,0.7930097771399205,1.769200187211431,2.230994167048295,0.4995662808133995,61.45539363731128,-28.544606362688718,28.544606362688718
3973,2.274363632188791,2.356064260285796,3.532214829828396,1.4992013967394635,0.3461561129444128,-56.65905684869274,33.34094315130727,33.34094315130726
3974,0.9414917802541344,0.6488895752690859,1.700710157816752,2.620954662604173,0.608725734017119,78.30717539040435,-11.692824609595647,11.692824609595647
3975,0.9019708538191776,0.7566031718953641,1.2024862572578363,1.5893222523049857,0.8721159007603139,72.49449199061408,-17.50550800938592,17.50550800938592
3976,1.1609582232861997,1.1087257812217235,1.3540042375527817,1.2212255369950733,0.7758551446810166,-58.97025388704032,31.029746112959685,31.02974611295968
3977,0.9855986414141252,0.8818099618816817,1.4596606557221463,1.655300709698717,0.6230737204457852,-34.292778062490264,55.70722193750973,55.707221937509736
3978,1.0683634687220958,0.934846348065912,2.52413066238157,2.7000486952788574,0.2599495460395765,-60.19619691927649,29.803803080723526,29.80380308072351
3979,0.9414917802541344,0.8761549175766736,1.1549637541566873,1.31821865173246,0.6108008802847149,60.38847236612006,-29.611527633879938,29.611527633879938
3980,1.3894843667311525,1.0416518991838442,2.203552472167808,2.115440363421155,0.4415471084476917,87.07759134016179,-2.9224086598382115,2.9224086598382115
3981,1.2020667470700563,0.9455035448444998,1.7093430042805946,1.807865251908408,0.6851542259509209,-78.91889467215078,11.08110532784923,11.081105327849215
3982,1.9742748760884197,1.2142608224323943,3.5932205872085654,2.959183497340105,0.4545346424029806,75.6719438247681,-14.328056175231893,14.328056175231893
3983,1.139848131163964,0.8648018709089883,1.6088823304375248,1.8604057004946557,0.7124494002187952,-10.611032262860656,79.38896773713934,79.38896773713934
3984,1.5544674799972351,1.4567946120083397,1.852470575688857,1.2716072399080596,0.6596453814182518,-27.140531934682883,62.85946806531712,62.85946806531712
3985,0.928505064734256,0.7600269169134143,1.2244948807028546,1.6111204135712929,0.9406394381806872,17.339246815353444,-72.66075318464655,72.66075318464655
3986,1.1816912584570125,0.922224698531762,1.6647567630910882,1.8051530887662008,0.7126635084410485,-11.310673704332324,78.68932629566768,78.68932629566768
3987,3.043808823524961,1.897781195720481,5.483040382067879,2.8891846933841467,0.4812793765561735,-11.316587977712931,78.68341202228707,78.68341202228707
3988,1.652899170550067,1.4358046558546125,2.0067639623207496,1.397658068692007,0.7248431673228075,79.46478070668212,-10.53521929331788,10.53521929331788
3989,1.0278144733504384,0.8178983219653012,1.3773544830733195,1.684016761110011,0.8891630976659431,60.97707085793659,-29.02292914206341,29.02292914206341
3990,0.9019708538191776,0.7511909755344752,1.217237364031738,1.6204099938310217,0.7380638789148718,-17.458617144048084,72.54138285595192,72.54138285595192
3991,1.470161697690137,1.3560298335213687,2.002485685426968,1.4767268653867802,0.5418387784901654,17.006509539571525,-72.99349046042848,72.99349046042848
3992,1.1291450947814663,1.0187785186949088,1.473209381389962,1.4460546177172986,0.6824121089530372,28.858282777968107,-61.14171722203189,61.14171722203189
3993,1.2071068813224677,1.1290018611450043,1.3332587336327588,1.180918100773193,0.9093538522521856,-61.72651084316769,28.273489156832312,28.273489156832312
3994,1.7035467376469715,1.5455848402809729,2.013876273774037,1.302986559707672,0.638185411086209,37.73672612269096,-52.26327387730904,52.26327387730904
3995,1.1183396299962336,0.8821225579195199,1.5755913403536903,1.7861365478167932,0.698524247311694,26.01255261281841,-63.98744738718159,63.98744738718159
3996,1.176542252445381,1.090525928059508,1.4201661226433198,1.3022763476796708,0.7051817366525012,51.32175439542135,-38.67824560457865,38.67824560457865
3997,1.0099380753567209,0.9360353322294976,1.1919678338531643,1.2734218386971288,0.9057066549698226,-13.559268862631948,76.44073113736805,76.44073113736805
3998,0.928505064734256,0.6845206020107809,1.4716794280528165,2.149941760306052,0.6240679594581569,-34.0556533626075,55.9443466373925,55.9443466373925
3999,1.5622593457610967,1.2786311996416104,2.013089587851398,1.5744098755103506,0.7967881184875101,2.433057988973508,-87.5669420110265,87.5669420110265
4000,1.2221025728266244,1.208835405226744,1.4222755172858397,1.176566727890519,0.768439087200795,-58.299092242616254,31.70090775738373,31.700907757383746
4001,1.3851080271465486,1.2877299804727171,1.5891444519711382,1.234066517103045,0.8125837968671328,-84.07216574234373,5.927834257656286,5.927834257656272
4002,1.6344304437273447,1.435073511362678,1.956558058488044,1.363385250299958,0.7599697073920048,51.81689010038175,-38.18310989961825,38.18310989961825
4003,1.2071068813224677,0.9613086036434744,1.578466060395461,1.6419972258782314,0.8766340202751687,71.88937541832415,-18.11062458167585,18.11062458167585
4004,2.1138735858617226,1.4856795588470402,3.650760145920357,2.457299842473114,0.4653416406242463,39.47732692833517,-50.52267307166483,50.52267307166483
4005,1.0039085404212729,0.8178281324737938,1.3459548664471708,1.6457673843719236,0.7753122823795956,37.97218181722703,-52.02781818277297,52.02781818277297
4006,1.0039085404212729,0.8947872561299025,1.2470330589853793,1.3936643044951222,0.7598214186918225,-52.44447099838359,37.55552900161641,37.55552900161641
4007,0.979419278671245,0.911427853251567,1.5714378240160558,1.724149441351686,0.3990582631273512,75.91493006327492,-14.085069936725077,14.085069936725077
4008,1.0908577979726677,0.8076793733953048,1.677077405781463,2.076414801496542,0.6532754098863639,-16.333217141157412,73.6667828588426,73.6667828588426
4009,1.3718952479298128,1.2553606616542776,1.572066731818567,1.2522829333738588,0.8820885562223009,54.040902776171045,-35.959097223828955,35.959097223828955
4010,3.116736565636193,2.004498515744636,5.086051956452319,2.537318893729856,0.4983489658935855,-21.839839481000244,68.16016051899976,68.16016051899976
4011,1.2944779165271465,1.1571419152513875,1.575383542054997,1.3614436753963295,0.8669384239786289,-9.025981098823776,80.97401890117622,80.97401890117622
4012,1.139848131163964,1.045049848384601,1.3267842002699035,1.2695893907078184,0.8611318831598868,-87.42420170175224,2.5757982982477756,2.5757982982477614
4013,1.2171245375823248,0.9754577246602684,1.7131243963072684,1.756226182845509,0.6067657257326561,-40.28670808334512,49.713291916654896,49.71329191665488
4014,1.3894843667311525,1.303173839894764,2.0187801661116365,1.5491257607462874,0.4708235144370302,-8.321615313492554,81.67838468650744,81.67838468650744
4015,2.426755217232787,1.866614065916075,3.704316782495951,1.984511340686801,0.5025505582858567,-58.73480459900643,31.265195400993576,31.26519540099357
4016,0.8884066096615684,0.7393270969845046,1.113146491352086,1.505621119383125,0.98669543156365,-43.18797417754455,46.81202582245544,46.81202582245545
4017,1.2171245375823248,1.198380407936383,1.5441838590308383,1.2885589991327804,0.6201652888321901,-82.82242453554132,7.177575464458698,7.177575464458684
4018,2.466459369371006,1.979266658415104,3.1607988235273075,1.5969545134753669,0.706560912546611,1.2032268417690517,-88.79677315823095,88.79677315823095
4019,1.096409273000846,1.0151708168184554,1.318031448284914,1.2983346511236638,0.8164633436724107,63.85456637348592,-26.145433626514077,26.145433626514077
4020,1.4025314545362868,1.0827076430570108,2.374403053368117,2.193023267725368,0.4328930165799971,-24.236756883219137,65.76324311678087,65.76324311678087
4021,1.889421129921366,1.8609404537047736,2.0326062547690924,1.0922467995805911,0.7053684742442785,-26.38369866803859,63.61630133196141,63.61630133196141
4022,2.037830958486928,1.8778373291717063,3.221976922466645,1.715791284161884,0.3923657656900936,-12.268534419133866,77.73146558086613,77.73146558086613
4023,1.0908577979726677,0.8491581098643027,1.490763177857421,1.7555778606361638,0.7505433472657673,81.37601535548174,-8.62398464451826,8.62398464451826
4024,1.0337045758596148,0.8128819493529335,1.4349287938938362,1.765236385229198,0.7575022478890062,-50.79795351644097,39.20204648355903,39.20204648355903
4025,1.039561305877423,0.7560642165958463,1.5382590280427353,2.0345613431735927,0.7061891265352069,-39.05313694602651,50.94686305397349,50.94686305397349
4026,1.67479282872596,1.499130993127359,2.126335071139426,1.418378434498007,0.6204177916126997,17.860194714610923,-72.13980528538907,72.13980528538907
4027,1.0796692170979234,0.752732845888448,1.7333845826255578,2.3027885551873983,0.6697140575024932,7.313367162872022,-82.68663283712797,82.68663283712797
4028,2.220333029284942,1.789529961424935,2.8750934499166503,1.6066193424486297,0.7082165792917886,-15.766908498627604,74.2330915013724,74.2330915013724
4029,0.9669420905017878,0.8723604829497575,1.2057015828360238,1.3821139384479255,0.8391545619793241,-60.99592236067208,29.00407763932793,29.004077639327917
4030,0.928505064734256,0.8245684932927247,1.1411356996670965,1.3839186301070432,0.8493434678641291,-87.53601415380936,2.4639858461906385,2.4639858461906385
4031,4.341111704387824,3.5953520458475663,6.571684754455158,1.8278278929722869,0.2990155711819909,-48.991113353185824,41.008886646814176,41.008886646814176
4032,1.2466946262544771,0.9958940547673544,2.0725422203895456,2.08108704984056,0.529575018650962,-47.33950067865855,42.66049932134143,42.66049932134145
4033,1.2020667470700563,0.8829706160237226,1.8267088137191323,2.068821748503185,0.7262165196974976,-80.07137730021734,9.928622699782665,9.928622699782665
4034,1.5387653857138477,1.57005017579216,1.6998226356423902,1.08265497616008,0.5882833451080896,64.90535237484832,-25.09464762515168,25.09464762515168
4035,0.9414917802541344,0.5320724203394619,2.032539047487356,3.820042102897566,0.4597896118043119,41.22670978929009,-48.77329021070991,48.77329021070991
4036,1.340559085464394,1.1716730572655183,1.7722530171943498,1.512583229771009,0.6879630603210534,-45.18929003925416,44.81070996074584,44.81070996074584
4037,1.398195952804615,1.3536796338049388,1.8304279329937985,1.3521869482876163,0.4148722062700942,-81.92738129903256,8.072618700967439,8.072618700967439
4038,0.9917395023300404,0.7426269827194665,1.4146401838536076,1.9049135255943157,0.771152337223127,-59.01223717917778,30.987762820822212,30.98776282082222
4039,1.2755794143363215,0.9970994607312488,1.7751281732971766,1.7802919800952857,0.6473516339874622,-68.9440760333752,21.05592396662479,21.055923966624803
4040,1.176542252445381,1.1478447299408898,1.3134839380131351,1.1443045420270173,0.7830243936100721,-29.004479550824183,60.995520449175814,60.995520449175814
4041,1.3450803768346336,1.1480339448528034,2.2418698717936336,1.952790578924108,0.3388788744665214,-77.7278972190973,12.272102780902685,12.2721027809027
4042,1.2319983017676563,1.1095814601240368,1.4211442303486226,1.2807930570413073,0.8625676600713988,2.353651548232736,-87.64634845176727,87.64634845176727
4043,3.6497104955517257,3.3045230666338994,4.8397088373743005,1.4645710560296357,0.4883320282722159,88.13699834092678,-1.8630016590732197,1.8630016590732197
4044,1.4451712930335778,1.2743457037345096,1.8107283248943296,1.4209082508678252,0.6421813928523783,13.618129102460198,-76.3818708975398,76.3818708975398
4045,2.159338434195847,1.5343566353569444,4.656759623655928,3.0349916807787025,0.2625433863011397,74.7998053059162,-15.200194694083805,15.200194694083805
4046,0.9543017810603904,0.5507471409847675,1.8289767020936247,3.320900947072208,0.5549653885264008,32.1102904753443,-57.8897095246557,57.8897095246557
4047,1.3223193364400538,0.9888577479429048,2.0365152861720324,2.0594623346063097,0.638333034262671,31.34530266719973,-58.65469733280027,58.65469733280027
4048,2.8244753407624037,1.4081733502304117,6.944172090642356,4.931333269093694,0.2808470448032459,2.691124750111457,-87.30887524988854,87.30887524988854
4049,1.085277926096956,0.9378876763652378,1.4053205112252487,1.498388929334839,0.7999691347093316,70.24558813251602,-19.75441186748398,19.75441186748398
4050,1.9401528657775409,1.9987630272603547,2.359928218989052,1.1806943528586955,0.4089180916444146,2.1907229155095944,-87.8092770844904,87.8092770844904
4051,1.2020667470700563,1.1568632145269668,1.317905152124324,1.1392056861823598,0.8317726325859546,-45.694057954419705,44.30594204558031,44.305942045580295
4052,1.1183396299962336,1.0138858211303508,1.3453228894066689,1.3268978235703195,0.7943175157406078,86.65893477797894,-3.341065222021058,3.341065222021058
4053,1.6602291363104174,1.0330491895443157,3.9907949197414503,3.863121872736588,0.2433703034413088,-70.30776325842808,19.692236741571918,19.692236741571918
4054,1.0278144733504384,0.729163484147379,1.733803793694344,2.3777984380576944,0.5415238842540453,44.81934549402947,-45.18065450597053,45.18065450597053
4055,1.2171245375823248,1.044101941254391,1.8683671403949385,1.7894489671671996,0.5185076650040085,-43.82129867569967,46.178701324300334,46.17870132430033
4056,2.0258787676635257,1.6637030197244769,2.5399063560846327,1.526658499727471,0.7692492979500836,-26.44971379372268,63.55028620627732,63.55028620627732
4057,0.9978425722559162,0.968206291403013,1.0802387622888086,1.1157113642831746,1.0483184166568529,-86.1985599803433,3.8014400196566953,3.8014400196566953
4058,5.688577895019533,4.005066537620028,11.351439009207114,2.8342697686996723,0.2022313357129103,-74.1476707244669,15.852329275533094,15.852329275533094
4059,1.039561305877423,1.0024840864490456,1.2839353945847276,1.2807538911990377,0.7748055008580009,-72.05012033549835,17.94987966450165,17.94987966450165
4060,1.2418151765086958,0.9442713205807942,1.978054758373169,2.094794912500916,0.57559611643693,-69.01211505608104,20.98788494391897,20.987884943918957
4061,1.0683634687220958,1.3961780177026353,1.5430242454085707,1.1051772953334176,0.3365154347652783,-66.60588010986055,23.39411989013945,23.39411989013945
4062,1.7938166040551036,1.2201537180705258,2.9778644466931663,2.4405649899605875,0.5841075374498276,-79.82014904252242,10.179850957477584,10.179850957477584
4063,1.0796692170979234,1.0351552132267343,1.1733982615849672,1.1335481351896095,0.913555955594413,17.695698273144075,-72.30430172685593,72.30430172685593
4064,1.0099380753567209,0.6293307677156247,1.804485913592918,2.867309221417743,0.6872176375250533,11.558083075456436,-78.44191692454356,78.44191692454356
4065,1.1345092346885122,0.8750189915177408,1.819316204118229,2.0791733913827204,0.4047119513535971,24.502264440914647,-65.49773555908536,65.49773555908536
4066,1.0683634687220958,0.9053917798984676,1.3982775991766747,1.5443895451905696,0.7297116744448182,-56.8821490762857,33.117850923714286,33.1178509237143
4067,1.3223193364400538,1.173368118250134,1.5728551593556688,1.3404618166217923,0.8123162931514841,46.90141338697551,-43.09858661302449,43.09858661302449
4068,1.45354916781555,1.3050409225688906,1.91361783458763,1.466327838073303,0.5763072614205618,29.055501130480863,-60.94449886951914,60.94449886951914
4069,0.9543017810603904,1.0036440103292057,1.123484039567209,1.1194049164889597,0.524424321743466,28.10592615723659,-61.89407384276341,61.89407384276341
4070,1.0511768765181757,0.9150994422235692,1.2472281710211792,1.3629427726352683,0.965227139055308,80.36552203178636,-9.634477968213645,9.634477968213645
4071,0.9019708538191776,0.8718549434394407,1.6981850697865917,1.947783954848388,0.363804542406363,33.975490768780524,-56.024509231219476,56.024509231219476
4072,1.4660262135550917,1.2960038382727537,1.8449311051739616,1.4235537354833687,0.6484067277854426,-82.89233685054286,7.107663149457153,7.107663149457139
4073,1.1451621372724683,0.8003096208722517,1.7396857577928768,2.17376589312622,0.7232305690926774,-2.2405283302172565,87.75947166978274,87.75947166978274
4074,1.3894843667311525,1.1505226935462398,1.7445017017879805,1.5162688329170868,0.8093221692386724,-26.465624148048605,63.534375851951395,63.534375851951395
4075,1.1661760393441107,1.0088568837136616,1.411811400882074,1.3994169278848685,0.8452810295416116,-53.50463665288585,36.495363347114164,36.49536334711415
4076,1.0278144733504384,1.0355058167384943,1.5903798061491226,1.535848259315723,0.4154266815047548,82.24040571521452,-7.759594284785479,7.759594284785479
4077,1.3177199508995825,1.2833203024196276,1.494516264988856,1.1645699535579936,0.7366911212379722,83.589759351549,-6.410240648450994,6.410240648450994
4078,1.2515550525870838,0.8668326308986245,1.9903886402294548,2.2961625685065257,0.7040844929098713,-6.111569696693792,83.88843030330621,83.88843030330621
4079,1.1557168501373432,0.9583237108089256,1.4645159817463218,1.5282059342037115,0.8261729847144285,55.58190596078707,-34.41809403921293,34.41809403921293
4080,1.176542252445381,0.7799676457875064,1.8425760788012773,2.36237501485192,0.7431337220330761,-66.40805271244237,23.591947287557616,23.59194728755763
4081,2.0585803178499065,1.583523987056223,2.758332807397132,1.7418951843760089,0.7300325589704298,-15.166852974750723,74.83314702524927,74.83314702524927
4082,1.9149550058393197,1.8505897479080708,2.233210451201833,1.2067560915250293,0.6234547168701428,-35.875595995221126,54.12440400477888,54.124404004778874
4083,1.0740312192037882,1.0001944147797737,1.2512905511172774,1.2510473290263182,0.8906079385047296,-19.6978713381828,70.30212866181719,70.30212866181719
4084,0.979419278671245,0.7750758284219047,1.3927616893842796,1.796936039432446,0.7045222207112967,89.11376925451951,-0.8862307454804892,0.8862307454804892
4085,1.1609582232861997,0.926459314121756,1.6023983859885818,1.729593908295463,0.6656962904210212,58.08499931618552,-31.915000683814483,31.915000683814483
4086,1.367462618417021,1.2894056391462951,1.6003467047508368,1.24115069468008,0.7750802150469289,-42.36094339652096,47.63905660347905,47.63905660347904
4087,0.9606427264386592,0.5715653148656712,1.799990826540951,3.149230332431882,0.5839554073062281,30.61864002468131,-59.38135997531869,59.38135997531869
4088,0.9606427264386592,0.671233356744883,1.745442241516176,2.6003508675144245,0.5601064629580774,22.88590677723716,-67.11409322276285,67.11409322276285
4089,2.7148725613463958,2.0656085305623706,3.751658708579501,1.8162486517027,0.6901527554748288,29.64337839980048,-60.35662160019952,60.35662160019952
4090,2.391473408805544,2.1052294961695277,4.227376680700263,2.0080360304622324,0.3132132888086729,-51.779713643309854,38.22028635669014,38.220286356690146
4091,1.0683634687220958,0.7362998656703548,1.746274470818126,2.371689242708544,0.648650880373692,-80.87530593951755,9.124694060482454,9.124694060482454
4092,1.2897792515977275,1.124824902406116,1.5540822629003266,1.381621494666401,0.8078366761916748,-4.94485840425931,85.0551415957407,85.0551415957407
4093,1.4197410732459426,1.2233197651718697,1.8959500278988448,1.549840100582757,0.589327916774495,59.09272260733631,-30.907277392663687,30.907277392663687
4094,1.889421129921366,1.6810300951357104,2.361165120626969,1.4045941993896016,0.6217362266275948,17.195207902351985,-72.80479209764802,72.80479209764802
4095,3.289227819002539,3.019083378403674,4.06486764398124,1.3463913163373842,0.5289726533095886,-50.838122252719344,39.16187774728064,39.161877747280656
4096,0.9669420905017878,0.6725062313725502,1.7452245375593762,2.595105377681726,0.5665703544084617,53.096012169900455,-36.903987830099545,36.903987830099545
4097,1.3894843667311525,1.1517355901680346,1.9745784010594896,1.7144372527130165,0.6269722548827683,17.839646129139147,-72.16035387086086,72.16035387086086
4098,1.0511768765181757,1.082263494960336,1.392872571599782,1.2869994951190973,0.5503099155756874,40.41580890730121,-49.58419109269879,49.58419109269879
4099,1.2171245375823248,0.9207675511374436,1.8328643941888645,1.9905831737062067,0.7499685396171285,37.74279215035589,-52.25720784964411,52.25720784964411
4100,1.326902779425731,1.0935561255609785,1.9298095539431248,1.7647101130297824,0.6080905860894608,-7.499525393783744,82.50047460621626,82.50047460621626
4101,1.1816912584570125,1.215909203012902,1.4274558384751124,1.1739822635917376,0.5450821003700542,-76.87766745253549,13.12233254746451,13.12233254746451
4102,6.238341131335886,5.277590603567106,7.842657801821138,1.4860299691530283,0.6418233347193434,67.7720040109576,-22.227995989042398,22.227995989042398
4103,0.8815462242933692,0.6735984249237998,1.471210818295886,2.1841066781923004,0.5970170175727523,-70.74608918549085,19.25391081450914,19.253910814509155
4104,1.062665489594652,0.7612964885388389,1.7782676774522257,2.335841165989437,0.5533366937506302,-53.37065305369291,36.629346946307095,36.62934694630709
4105,1.4409640896579887,1.2188071840613144,2.017027741456691,1.654919471950881,0.6618290729169165,2.397893718215688,-87.60210628178432,87.60210628178432
4106,3.083443420051315,2.927849035612272,3.5436264368948165,1.2103173332342845,0.6434995721841003,53.95170465485242,-36.04829534514758,36.04829534514758
4107,1.0569367929308613,1.0070778678064616,1.274916012200002,1.265955744789551,0.741049946770347,42.9432245487652,-47.0567754512348,47.0567754512348
4108,1.2121260584033826,0.9466101269597436,1.7218194039188264,1.8189319497868104,0.7191500585206764,65.93138247890387,-24.06861752109613,24.06861752109613
4109,2.329747552941477,1.6225716934957013,5.074078845416072,3.127183141278876,0.2632483132757576,-75.56539452160642,14.434605478393564,14.434605478393578
4110,3.3586361620797733,2.1870884335863434,5.441305347588413,2.4879219623807667,0.5617019161530388,-65.19344190629664,24.80655809370336,24.80655809370336
4111,0.979419278671245,0.7943962024101461,1.45429807666679,1.8306961592396147,0.6706946627098936,-71.97250164450479,18.027498355495197,18.02749835549521
4112,0.9669420905017878,0.9849893417100768,1.1086868564057513,1.1255825920724365,0.7300935613127938,-88.92364694298558,1.0763530570144155,1.0763530570144155
4113,1.1237553499514827,0.8480252352642282,1.929996416220174,2.275871443399706,0.5204892110243491,-40.48374736790892,49.516252632091096,49.51625263209108
4114,0.9669420905017878,0.8581510945700886,1.1653617028226908,1.3579912793871185,0.8322288679959199,-37.45544883292485,52.544551167075156,52.54455116707515
4115,1.2850634067342854,1.043180964045244,1.780315227696558,1.7066216591921477,0.6138889426996532,-50.94184933623264,39.05815066376735,39.05815066376736
4116,1.376313601551939,1.2490977495994002,2.859433865178011,2.289199437029699,0.2339341736237781,-88.55503896475403,1.4449610352459672,1.4449610352459672
4117,2.378745945325325,2.0178866397660227,4.369233442557512,2.165252178419761,0.2896109063575093,-1.4508576560460085,88.54914234395399,88.54914234395399
4118,1.432512614476725,1.2302795522998538,1.7305737453969443,1.4066508235155604,0.8214858086369468,-56.401270147626064,33.598729852373936,33.598729852373936
4119,3.356828013274657,2.98955200185519,5.127390771459868,1.715103389497164,0.357000239538746,0.481173663527193,-89.51882633647281,89.51882633647281
4120,1.376313601551939,1.1244841001036068,1.7866249264951355,1.5888396521840735,0.7932534882739961,4.363459883515636,-85.63654011648437,85.63654011648437
4121,0.9543017810603904,0.8573789348638237,1.314305386650365,1.5329340775780946,0.6750581023497341,33.07409954851072,-56.92590045148928,56.92590045148928
4122,2.839482146491885,2.645393771287709,4.392209556195037,1.6603235419493043,0.3910873100117511,-79.84786280644838,10.152137193551624,10.152137193551624
4123,1.2660243778180809,1.02538874348181,1.6665903463066325,1.6253253772296723,0.7317608804808561,-55.390705655199206,34.60929434480079,34.609294344800794
4124,1.0099380753567209,0.8499310575118891,1.2898556653127964,1.5176003440664405,0.8744893351836942,78.58036364028803,-11.419636359711973,11.419636359711973
4125,1.0039085404212729,0.8488338091503009,1.2567947369426042,1.4806134291477857,0.9612597696459494,-39.10368245800141,50.8963175419986,50.89631754199859
4126,2.2066186730632262,1.3891650841212362,4.4158966954047925,3.1788134800395005,0.3053263672575303,-11.926991067893464,78.07300893210653,78.07300893210653
4127,1.5544674799972351,1.1553418212468862,2.380989121358752,2.0608525352168967,0.6134731410362718,71.59926946196776,-18.400730538032235,18.400730538032235
4128,1.0099380753567209,0.9473411237944722,1.1710137832755223,1.2361057214376523,0.8212712161813999,-25.38482714582702,64.61517285417298,64.61517285417298
4129,1.1237553499514827,1.0829873491149768,1.4226594979329352,1.3136436903861717,0.6695938261815894,-67.1561558699002,22.843844130099797,22.843844130099797
4130,1.2071068813224677,1.1421067498244164,1.3699540815746818,1.1994974040607798,0.7866832744442689,-39.090197485230846,50.909802514769154,50.909802514769154
4131,0.9917395023300404,0.8231602567930538,1.5745563235139912,1.912818689337964,0.4873528124284455,-67.0962406610996,22.903759338900386,22.9037593389004
4132,1.1504515979244476,0.989794676149834,1.4623051741142554,1.4773823393377126,0.8114254748445769,77.90958326916298,-12.09041673083702,12.09041673083702
4133,0.9543017810603904,0.8443762511624788,1.2559162045956147,1.4873893040768924,0.7778359894045284,24.7898503976629,-65.2101496023371,65.2101496023371
4134,1.9054199009183423,1.8630493777738657,2.318798643406176,1.2446254356268749,0.5169171710213484,-52.81926145419269,37.180738545807316,37.18073854580731
4135,1.5738748168108194,1.8226726824989357,2.220077045156787,1.218033861193881,0.3862382319154199,21.13420575455285,-68.86579424544715,68.86579424544715
4136,1.1237553499514827,0.9112971892525048,1.6205271861369632,1.7782642207710604,0.6887909010527804,1.275240322412807,-88.72475967758719,88.72475967758719
4137,4.373160147540415,3.346459252165048,6.036093102369535,1.8037252652828164,0.5527325410137812,-61.02857060168083,28.971429398319174,28.971429398319167
4138,1.021890421280174,0.8618382155935347,1.3321636549710814,1.5457235834612426,0.7911665025952317,61.077976442344095,-28.922023557655905,28.922023557655905
4139,2.1138735858617226,1.8098546966985485,2.743435832104984,1.51583209254833,0.606665926147924,74.0691961485589,-15.930803851441098,15.930803851441098
4140,0.9479184199131095,0.8837712131419616,1.0839206967499788,1.2264720559254818,0.9351546919361328,-69.58722843688594,20.412771563114063,20.412771563114063
4141,1.4111624987975715,1.1429555986532598,1.8122267016186715,1.5855617696383053,0.8369946606575088,-50.8215562450186,39.1784437549814,39.1784437549814
4142,1.3131044552792934,1.2410245039938828,1.5730149920064025,1.2675132416355224,0.620184160331103,55.84438546806004,-34.15561453193996,34.15561453193996
4143,1.3360224934845466,0.9092297351824766,2.056906319437367,2.262251485895981,0.7405901752529044,84.14872964725161,-5.8512703527483865,5.8512703527483865
4144,1.0099380753567209,1.0788341018843386,1.363310604954298,1.2636888309083671,0.429136887949206,49.30453785527073,-40.69546214472927,40.69546214472927
4145,2.099463918332859,1.990498226448281,2.294760987459788,1.152857589606806,0.8344807728937823,64.95410709002515,-25.045892909974853,25.045892909974853
4146,2.0965701003918507,1.4674379957116126,3.5782553214721893,2.438437148233283,0.5085660519421054,1.6066144530769402,-88.39338554692306,88.39338554692306
4147,1.1970053909181526,1.0972432804250285,1.4382686371832003,1.310801955083354,0.6482816850630986,73.4453868127868,-16.554613187213207,16.554613187213207
4148,1.3630155737347494,1.0308755616276035,1.8759579168235316,1.8197714512328385,0.7690311200463671,-64.29160549860723,25.708394501392775,25.708394501392775
4149,1.1128975557056655,0.9114444406756416,1.7299061820417805,1.8979831406502676,0.4471333660430138,-36.19573108909636,53.80426891090363,53.80426891090364
4150,2.110999521193558,1.540953460779666,3.212098213224253,2.084487491010305,0.5509347828756758,28.251767871314403,-61.7482321286856,61.7482321286856
4151,1.1609582232861997,0.8354873136572922,1.8780330946466728,2.247829576760063,0.6415904567449541,51.89195228329059,-38.10804771670941,38.10804771670941
4152,3.991370289023665,3.516811950619849,6.359849206551174,1.808413215108141,0.2780692094554848,-27.448974699037088,62.55102530096292,62.55102530096291
4153,1.2121260584033826,1.138383405660717,1.5294720780477884,1.343547411568323,0.6778238224092158,-33.464881632199194,56.535118367800806,56.535118367800806
4154,1.0796692170979234,1.0879770699203686,1.2159076676704998,1.1175857481624083,0.8168037568127784,-67.6081047312312,22.391895268768792,22.391895268768806
4155,1.2660243778180809,1.196139357204827,1.3866678352760586,1.159286187619864,0.9306104188345988,-8.91615280973527,81.08384719026473,81.08384719026473
4156,1.8504598087771928,1.3283733282546826,3.1188006148659912,2.3478344141128664,0.5006526808427731,-26.07242962034002,63.92757037965998,63.92757037965998
4157,1.566140741422161,1.3445524098747492,1.9856063805896629,1.4767787153604748,0.6615714624744122,23.86730076541176,-66.13269923458824,66.13269923458824
4158,1.0039085404212729,0.8959677670787534,1.2078436891681277,1.3480883281172338,0.82743404600976,-35.4265403286877,54.57345967131229,54.5734596713123
4159,1.2418151765086958,1.1993817118874912,1.4809928709564415,1.2347969426895573,0.6735163334335394,67.48781329872234,-22.512186701277656,22.512186701277656
4160,1.1609582232861997,1.0788642576278893,1.4897260582914902,1.3808280770807695,0.5381577360146028,69.36883384401659,-20.631166155983408,20.631166155983408
4161,0.973200680696656,0.85250917913261,1.176148378289485,1.3796313366222794,0.8916746135362255,10.643838204296603,-79.3561617957034,79.3561617957034
4162,2.4541208259039915,2.202207459616377,4.791210964899588,2.1756401486961696,0.2841030276808234,-10.86874936441886,79.13125063558114,79.13125063558114
4163,1.1557168501373432,0.8167880661521792,1.828549761456513,2.2387077348848385,0.6540003281002378,-44.619211490452855,45.38078850954713,45.380788509547145
4164,0.9479184199131095,0.7152534827148475,1.5634810847355254,2.1859118795215204,0.5744538713714527,-26.296105915657662,63.70389408434234,63.70389408434234
4165,1.096409273000846,1.03482250492371,1.3076334674775436,1.2636306818375065,0.6952215999340317,6.497413019413017,-83.50258698058698,83.50258698058698
4166,1.1291450947814663,1.1085420589687287,1.529591356810144,1.379822573654188,0.5127274399021821,78.43998140446683,-11.560018595533165,11.560018595533165
4167,0.9153341128725788,0.8228946078893259,1.1144879895495934,1.3543508231366184,0.9156284556259866,49.28386645257559,-40.71613354742441,40.71613354742441
4168,0.9917395023300404,0.8987847663003818,1.6623185836253624,1.849517978000309,0.5066098902104033,-22.413750621934955,67.58624937806505,67.58624937806505
4169,1.2319983017676563,1.041021595151922,1.5873665919634052,1.5248161991603566,0.8625676600713988,44.61774947286733,-45.38225052713267,45.38225052713267
4170,1.0337045758596148,0.886510628951802,1.4001704638552157,1.5794175705606122,0.6098457859190748,52.79122752285139,-37.20877247714861,37.20877247714861
4171,2.8629053431811715,2.224353020772852,4.678194854764451,2.1031710394328558,0.32362450524686,-19.936304018756957,70.06369598124304,70.06369598124304
4172,1.3540776702961077,0.8848450696731889,2.337174822668435,2.641337905099763,0.5062247920761117,-67.59108222490907,22.408917775090913,22.408917775090927
4173,1.2221025728266244,1.0885619548339482,1.7771751499013957,1.6325898053018857,0.5353836801590115,-15.435424250987348,74.56457574901265,74.56457574901265
4174,1.2418151765086958,0.9213242289658627,2.2149628926728573,2.4041079383736976,0.4487418487435393,82.35032973295566,-7.649670267044343,7.649670267044343
4175,1.3718952479298128,1.2107175266162098,1.8141166926267775,1.4983814578921528,0.5584686499917219,-44.82414920547779,45.175850794522205,45.17585079452221
4176,1.0511768765181757,0.9741231106793632,1.254493248166005,1.2878179712737838,0.7894715977228972,52.134504298396216,-37.865495701603784,37.865495701603784
4177,1.2319983017676563,1.1643166876356166,1.3906682286754786,1.1944071947465729,0.8136161108535174,-49.15056701190292,40.84943298809708,40.84943298809708
4178,1.186817925731738,0.9693569416106392,1.737174211030264,1.7920893083448235,0.5644149801057479,-53.9687193584182,36.031280641581816,36.0312806415818
4179,1.3038244488524504,1.0595356825215818,1.729417931097546,1.6322413295055018,0.7720830991830999,71.51312260638252,-18.486877393617476,18.486877393617476
4180,1.1451621372724683,1.0050172192580316,1.4450259118777724,1.4378120933535683,0.8261093765649945,-65.602119494548,24.397880505452008,24.397880505451994
4181,0.8746320295080829,0.6369702557518927,1.2685219625832995,1.9914932465502808,0.8721873995089399,69.52206021245905,-20.477939787540947,20.477939787540947
4182,1.021890421280174,0.8499199048183285,1.4046369022288694,1.652669733072215,0.712862302145437,89.59356025682517,-0.406439743174829,0.406439743174829
4183,0.928505064734256,0.7746880843241245,1.5017233509089103,1.9384877362856128,0.4458740149561707,22.73637436813051,-67.26362563186949,67.26362563186949
4184,1.2660243778180809,1.1349703661403945,1.5075968140388918,1.3283138124263625,0.7394441699009626,1.0856221100798906,-88.9143778899201,88.9143778899201
4185,0.9855986414141252,0.9727000207233064,1.3153943005119493,1.3523124010358434,0.6119328715296256,10.825327652251508,-79.1746723477485,79.1746723477485
4186,0.979419278671245,0.7229878517076288,1.6758304825889567,2.317923432089217,0.4798234413975707,11.582476174573811,-78.41752382542619,78.41752382542619
4187,1.1237553499514827,0.8156460515156063,1.724042132783859,2.11371357659404,0.6187851198931781,59.58222719762411,-30.417772802375893,30.417772802375893
4188,1.5348147620304609,1.153763095817708,3.2488757024193573,2.815894973756963,0.3142581623621775,-6.9733383416678585,83.02666165833215,83.02666165833215
4189,2.090770448616529,1.3916180487654355,3.6054213893891727,2.5908124665296617,0.3980903584658408,-20.208926260443008,69.79107373955699,69.79107373955699
4190,0.9606427264386592,0.6412551101879087,2.2554772930306783,3.517285487783091,0.3308061763584136,-42.63608249569195,47.36391750430806,47.36391750430805
4191,0.8606370140730026,0.7504034522876067,1.1455321844846589,1.5265550564732897,0.7349691688247859,-67.80826840444813,22.191731595551857,22.19173159555187
4192,1.4906670352488116,1.3679955485185131,1.7316214999667665,1.2658093089864555,0.818577966275276,4.734778535838998,-85.265221464161,85.265221464161
4193,1.1451621372724683,1.0370394371463452,1.2919885270319358,1.2458431962695096,1.0491200564144212,-5.216891871630303,84.78310812836969,84.78310812836969
4194,1.3851080271465486,0.8636702967521522,3.2049189208346847,3.710812948976988,0.3044358836255627,19.980249032520327,-70.01975096747967,70.01975096747967
4195,1.062665489594652,1.153248222777766,1.58878673258571,1.377662415779741,0.4098361833997541,-51.82371732577885,38.17628267422114,38.17628267422115
4196,2.073274154004086,1.4773779019746949,3.1306257623970954,2.119041958196772,0.5578282208398379,0.7286085028720284,-89.27139149712796,89.27139149712796
4197,1.1074287385521373,1.0448555501189882,1.358663490593542,1.300336195217432,0.7688050287620689,0.4283965798931918,-89.57160342010681,89.57160342010681
4198,1.3585539723246187,1.140831476377277,1.806522535036956,1.5835139303603265,0.6239922673248811,31.054056601511054,-58.94594339848895,58.94594339848895
4199,0.8319410050566239,0.685657780320254,1.1636355899334565,1.697108416665163,0.7120785461584271,-19.19488121735978,70.80511878264022,70.80511878264022
4200,0.8246109854774907,0.6381344535196527,1.291127351760394,2.0232841913473507,0.6238887949390886,36.88671588951853,-53.11328411048147,53.11328411048147
4201,1.1557168501373432,0.9262612087205344,2.223540816614216,2.4005548280334907,0.3771905113820754,88.65564650324193,-1.3443534967580746,1.3443534967580746
4202,0.979419278671245,0.9479506587691958,1.1499201544173312,1.2130590804276349,0.6305123946043999,-81.04390419097602,8.956095809023964,8.956095809023978
4203,1.502835947650602,0.9886117834348198,3.265033862352138,3.302645099988741,0.3221875256350168,65.54914451522504,-24.450855484774962,24.450855484774962
4204,2.7680235600404037,1.964085604086077,4.9940175810438205,2.542667982828388,0.4013944316831482,54.76154977229708,-35.23845022770292,35.23845022770292
4205,1.6892309650399413,1.2365555686242002,2.8759018990771725,2.3257360785467327,0.4284206734854016,-39.14175868135621,50.85824131864379,50.85824131864379
4206,2.153707815918036,1.8102668399188848,2.814409075249283,1.5546929398405112,0.7263493565588331,-68.01236394232008,21.987636057679936,21.98763605767992
4207,0.9479184199131095,0.6296352256252042,1.7655502855892538,2.8040843550900894,0.5410344125650033,-21.061648701883485,68.93835129811652,68.93835129811652
4208,0.9917395023300404,0.821290286147653,1.424112814803742,1.73399447043711,0.5896220706165216,-30.76194483956327,59.23805516043673,59.23805516043673
4209,0.979419278671245,0.9291828127980464,1.113308646316455,1.1981588886302694,0.9302902091834736,-19.846508549347867,70.15349145065213,70.15349145065213
4210,0.9479184199131095,0.5549862476963807,1.895639567323627,3.415651424142468,0.4906642744514995,-51.26279626142544,38.73720373857455,38.73720373857456
4211,1.0453852243082644,0.6169869404976187,2.253917991530554,3.65310486104082,0.4412010310585635,73.5303588118231,-16.469641188176894,16.469641188176894
4212,3.501997160151873,3.625586976313498,4.389146130966159,1.2106029064096675,0.3162658233206052,-58.18401511517136,31.81598488482865,31.815984884828637
4213,0.8676627389239214,0.6778947928539185,1.284662620419229,1.895076690308882,0.6819745265311691,31.743098635178928,-58.256901364821076,58.256901364821076
4214,1.062665489594652,0.9793483628081652,1.4403333306231014,1.4707058134994135,0.5965278782616362,-50.58405444389419,39.41594555610581,39.41594555610581
4215,1.0511768765181757,0.9646268976411412,1.5323576579706546,1.5885495850445586,0.5465387475488241,50.42726486392133,-39.57273513607867,39.57273513607867
4216,1.186817925731738,0.9769236578320202,1.5024423242969127,1.5379321733605251,0.9300767533886396,-27.16307860187685,62.83692139812315,62.83692139812315
4217,1.0569367929308613,0.8795882174774637,1.3335050246327471,1.516056034103155,0.8667869617981288,-19.236765913907416,70.76323408609258,70.76323408609258
4218,1.9495180989563052,1.5815796799212467,3.195576668839613,2.020496791536127,0.4080201448928335,-75.66387324279293,14.336126757207069,14.336126757207069
4219,1.461879030667795,0.9719231351242276,3.846135519380544,3.957242481823364,0.2603866716247182,-50.42573288243844,39.57426711756156,39.57426711756156
4220,1.1019327803667114,0.8499893529972765,1.591264015751355,1.8720987623435013,0.8037787754906752,-31.976960831276607,58.023039168723386,58.02303916872339
4221,0.9917395023300404,0.8681446155659772,1.1691713767342329,1.346747253592081,1.0459836667052036,-40.02772779739831,49.97227220260169,49.97227220260169
4222,1.0039085404212729,0.835349584378327,1.2396470076716295,1.4839859034516474,0.9773935109142824,27.437439649701787,-62.56256035029821,62.56256035029821
4223,1.5308539431383232,1.2237235361433527,2.085951711111812,1.7045939295127308,0.7351886595911264,-47.13736329274779,42.86263670725219,42.86263670725221
4224,1.062665489594652,0.8738872034912939,1.419756657258386,1.6246452077410816,0.8213900628053862,78.2686154513638,-11.7313845486362,11.7313845486362
4225,0.9606427264386592,0.880598220609943,1.196415070889059,1.3586389830090353,0.7392970557103767,48.35700788682981,-41.64299211317019,41.64299211317019
4226,1.518909516610108,1.1861692569026712,2.114196913536624,1.7823737221593663,0.5650627306929489,86.46816951191136,-3.5318304880886444,3.5318304880886444
4227,0.9669420905017878,0.8665731467440899,1.440273939731033,1.6620338919368385,0.5357013355325433,87.48540105498896,-2.514598945011045,2.514598945011045
4228,1.2270604129519955,1.1403531689562287,1.3593629918502774,1.1920543817969214,0.940034958312572,-27.742315132232825,62.25768486776718,62.257684867767175
4229,1.1183396299962336,1.05426150609266,1.399875791750352,1.3278259555720853,0.6905444881221947,16.8744057014105,-73.1255942985895,73.1255942985895
4230,3.3204582726208347,2.052527329896286,6.560507257166338,3.1963068952157827,0.3380477979492715,-54.287372507982056,35.71262749201793,35.712627492017944
4231,1.0453852243082644,0.8761663496866962,1.3118773516450586,1.4972925542212003,0.8491058589735049,-47.443873939123904,42.556126060876096,42.556126060876096
4232,2.414213762644935,2.2420780172648893,3.1708846849955625,1.4142615290719118,0.4333969537730153,-37.578607851241685,52.421392148758315,52.421392148758315
4233,1.0569367929308613,0.9527293205818278,1.3773899312505886,1.445730598917038,0.6049463445305722,-73.8162835839085,16.1837164160915,16.1837164160915
4234,1.952629861669301,1.5045316351149858,3.062858886200424,2.0357557227212046,0.5081714350164382,31.01337295203582,-58.98662704796418,58.98662704796418
4235,1.4577200491801383,0.8069548592422288,3.0132758820630743,3.734131900380018,0.3688933342699482,27.49460588378153,-62.50539411621847,62.50539411621847
4236,1.1074287385521373,0.8196216676335584,1.5642676306173564,1.9085240085633253,0.8979413184924019,-81.14925766345205,8.850742336547967,8.850742336547953
4237,0.9414917802541344,0.926204118270198,1.1178699137714123,1.2069368854234572,0.7439562191534986,62.331686285732445,-27.668313714267555,27.668313714267555
4238,1.1019327803667114,1.0210847852667484,1.3676612263685273,1.3394198465225775,0.6467354878586108,74.69424899299347,-15.305751007006535,15.305751007006535
4239,1.4451712930335778,1.2357955219187693,1.8207446198959585,1.4733380948564714,0.69462458167003,-33.64887300699162,56.35112699300838,56.35112699300838
4240,1.0159318257539256,0.9682516947919904,1.1430294052111096,1.1805085509885596,0.9249769674187828,33.95619401123409,-56.04380598876591,56.04380598876591
4241,1.461879030667795,1.4587619896480264,2.245602672835808,1.539389351224892,0.4284073350379133,-4.462985600969926,85.53701439903007,85.53701439903007
4242,2.022879685682126,1.7089871617359365,2.9828935448390825,1.745416005237366,0.5026307161978192,-34.31499392821362,55.685006071786376,55.68500607178638
4243,1.927595110101428,1.6969933994124144,2.284854090157069,1.3464130685176512,0.7583996267931743,84.39252511834665,-5.607474881653346,5.607474881653346
4244,0.979419278671245,0.7478666832190689,1.7166454012025238,2.2953895924518344,0.5491762270861209,-28.12486161978009,61.87513838021991,61.87513838021991
4245,1.1074287385521373,1.0438358265458707,1.3033512481167424,1.2486170861079058,0.7479340558263333,22.57461666515196,-67.42538333484804,67.42538333484804
4246,1.3718952479298128,0.8368650090444071,2.6211215961827103,3.132072159613528,0.4641514108038768,-86.5348462379353,3.4651537620646877,3.465153762064702
4247,1.3131044552792934,0.9037650007535404,2.175023352375827,2.4066248975810502,0.5136451700413657,31.177194560271385,-58.82280543972861,58.82280543972861
4248,1.1609582232861997,0.4338230667222421,3.639085574321105,8.388409592455009,0.247910266311711,82.40302654631685,-7.596973453683148,7.596973453683148
4249,1.176542252445381,0.9637244048083894,1.5638616204641311,1.622727008532136,0.7977646633406742,86.1729032629574,-3.827096737042595,3.827096737042595
4250,1.1609582232861997,1.0100885064450256,1.5039273403805125,1.4889064975836,0.6606641095503448,79.71395020438831,-10.286049795611689,10.286049795611689
4251,1.5387653857138477,1.3190517866706866,1.958233068647625,1.4845763361499589,0.7295124045200204,-19.52161366081714,70.47838633918286,70.47838633918286
4252,1.7561918645793366,1.229835552771028,2.581895594673301,2.099382790533135,0.7279111043385069,-67.98782116833506,22.012178831664926,22.01217883166494
4253,1.6044383463340146,1.377757889134519,2.247068787359781,1.630960566497896,0.5491500313784335,-61.3466159102045,28.65338408979551,28.6533840897955
4254,0.9219431092603804,0.785243778555181,1.2977271727440824,1.6526424126936117,0.6988197381910577,27.5052222476465,-62.4947777523535,62.4947777523535
4255,5.964704223738897,3.876603487251579,9.793732200290812,2.526369341744141,0.5280585935057945,-37.087197938441975,52.912802061558025,52.912802061558025
4256,0.9855986414141252,0.7358308017414936,1.5288719457737026,2.077749317037715,0.6318836304034402,-46.48954378256106,43.51045621743896,43.51045621743894
4257,1.0740312192037882,0.8854662052989272,1.410466932877395,1.592908825245602,0.8762850026099211,-70.91949089108006,19.080509108919955,19.08050910891994
4258,2.316681002601451,2.0874949307877264,3.493035475320965,1.6733144707579486,0.438229823035738,-82.41655219542848,7.583447804571506,7.58344780457152
4259,1.6492219709549814,1.466366764769082,2.1632254694578705,1.475228108977584,0.6147759555962273,-55.83551565688087,34.16448434311911,34.16448434311913
4260,0.9917395023300404,0.957413752679286,1.157061849472724,1.2085285449835357,0.780015469240631,79.78515160365626,-10.21484839634374,10.21484839634374
4261,2.052673332020974,1.5939730563552732,3.6291315386873775,2.27678349029665,0.3926805904885407,-82.50197725167537,7.498022748324615,7.49802274832463
4262,1.1019327803667114,0.9601412144482928,1.4295856716961035,1.488932721753392,0.7080569345075269,-37.05235092273861,52.94764907726139,52.94764907726139
4263,1.2221025728266244,1.099828892245926,1.4583243051546262,1.3259556240395067,0.8597313765384237,11.2244785656192,-78.7755214343808,78.7755214343808
4264,0.8392070033186643,0.6890676503103276,1.1339835943332874,1.6456781766240052,0.7275962111591104,58.33267815160752,-31.667321848392483,31.667321848392483
4265,1.2612197138901655,1.107527303249427,1.6131313988812184,1.4565161456050568,0.6571365778886322,36.09628507024408,-53.90371492975592,53.90371492975592
4266,1.085277926096956,0.9152787194587044,1.431205851060703,1.563683084325524,0.7091937570108827,22.622113027502497,-67.3778869724975,67.3778869724975
4267,1.191922542518033,0.99877392780763,1.5374195960581725,1.539306897440648,0.7438010875748261,24.415789255321183,-65.58421074467881,65.58421074467881
4268,1.039561305877423,0.7064831218598009,1.9498743947594597,2.7599730756857417,0.5653649729577276,44.60098730227536,-45.39901269772464,45.39901269772464
4269,1.0278144733504384,1.0246274550403107,1.1311266339533168,1.1039394156277182,0.7537789473580759,52.46473635361974,-37.53526364638026,37.53526364638026
4270,2.0644704023279083,1.9672075354982488,2.470993808388218,1.2560920816940506,0.5788660015281829,30.880192976453348,-59.119807023546656,59.119807023546656
4271,1.376313601551939,1.0505403632858443,2.383718096599409,2.269039991137224,0.4352453095382751,57.50061591900527,-32.49938408099473,32.49938408099473
4272,3.1899003187409227,2.5221488992885464,4.6655829027643145,1.849844354582076,0.4480243147922695,64.70134296618366,-25.29865703381634,25.29865703381634
4273,1.5108941070107518,1.1474325421130294,2.301837538193312,2.006076569829903,0.6715338849439332,-59.85533506367144,30.144664936328553,30.14466493632856
4274,1.4987906214766678,1.232880771473447,1.9525141823568963,1.5837007337079294,0.7312047743196761,-22.312619416080487,67.68738058391952,67.68738058391952
4275,0.973200680696656,0.7408329294176214,1.662357465095142,2.243903313533786,0.5475432331206637,-48.40975156796475,41.59024843203525,41.59024843203525
4276,3.255833778290868,3.265311043434741,5.711450021021503,1.749128932909772,0.2466535794529655,13.122310948419392,-76.8776890515806,76.8776890515806
4277,1.6307115983086335,1.3123449619303011,3.831839175340005,2.919841418603712,0.2883429281223369,-60.99889891963659,29.001101080363412,29.001101080363412
4278,1.2418151765086958,1.103601937921605,1.566456367087922,1.4194034218877891,0.8001945638338763,74.13501723415808,-15.864982765841916,15.864982765841916
4279,2.68338167337578,2.125122189986557,3.46878431330468,1.6322752308781938,0.6816190432615226,-68.23679029493351,21.763209705066487,21.763209705066487
4280,1.0569367929308613,0.8341413343721928,2.075619923373244,2.4883312189959224,0.4580165185466622,-18.241110607086327,71.75888939291367,71.75888939291367
4281,1.191922542518033,1.038223879648322,1.4821457974827292,1.427578219434499,0.7865108342245423,-62.57242174919257,27.427578250807414,27.42757825080743
4282,0.9350209696908578,0.7168720821559065,1.2859290982723248,1.7938055202331884,0.9371991769364568,21.43616005362117,-68.56383994637883,68.56383994637883
4283,2.290324274544937,1.604145131494107,3.507307441669025,2.186402821546642,0.5741213673238185,-47.85807003496826,42.14192996503175,42.14192996503174
4284,1.0039085404212729,0.8449293999652,1.3997099692692687,1.656599911574764,0.7742564446646631,-87.57264710960527,2.4273528903947295,2.4273528903947295
4285,1.933884181003576,1.3827364891889022,2.818250344056829,2.0381687805967883,0.7478174005583244,80.51958876060704,-9.480411239392964,9.480411239392964
4286,1.139848131163964,0.936051606434238,1.8743622164370504,2.002413332291773,0.5575568391536265,13.100704912721817,-76.89929508727818,76.89929508727818
4287,1.514907113035081,1.275745483667626,1.9519968719911265,1.5300833097048112,0.7945293986589831,54.74064820563832,-35.25935179436168,35.25935179436168
4288,1.937021059271256,1.91440080472958,2.938255426390515,1.5348172750092215,0.4415645479868249,-59.46778960843733,30.53221039156267,30.53221039156267
4289,2.2448077395745614,1.598615174873628,3.376696239146864,2.112263346564188,0.510692568942313,3.1275241875241315,-86.87247581247587,86.87247581247587
4290,1.270810876469873,1.1614738911252758,1.6351705928310607,1.407841024516575,0.662132575725066,14.85985388597576,-75.14014611402425,75.14014611402425
4291,2.717107944649237,1.8708015523799584,5.723112665476971,3.059176778101482,0.3318281943570994,-7.82471167720946,82.17528832279054,82.17528832279054
4292,1.7142051110999064,1.452818653926498,2.4049709606528125,1.6553827651874895,0.6216901321838344,71.99975036092644,-18.00024963907356,18.00024963907356
4293,1.8504598087771928,1.420338192068236,3.595517600414204,2.5314517489518216,0.3567722444256548,-72.02243025576423,17.97756974423578,17.977569744235765
4294,1.0683634687220958,0.9861806292801354,1.293872581775259,1.3120036465527862,0.8063619242461469,80.12797718039454,-9.872022819605462,9.872022819605462
4295,1.0569367929308613,0.9442591752118414,1.2358155256324066,1.308767294059023,0.9099652786920668,-75.19165727655034,14.808342723449641,14.808342723449655
4296,0.9543017810603904,0.9573335494250332,1.7736505155640292,1.8526985883125784,0.354578744055908,27.80613306651484,-62.19386693348516,62.19386693348516
4297,1.367462618417021,1.187001781214147,1.7134805632403245,1.4435366402632177,0.7213368856588823,-72.15567151107173,17.844328488928284,17.84432848892827
4298,1.039561305877423,1.0457630653566772,1.3950340769211638,1.3339867539167307,0.5259376726282834,-64.9240039910764,25.075996008923596,25.075996008923596
4299,1.0039085404212729,0.7625427772967557,1.5065390354829558,1.975678060742633,0.6778944087532861,-50.93523066633978,39.06476933366022,39.06476933366022
4300,1.6195038256468852,1.4559541259620798,2.003864495813458,1.3763239240036662,0.7691875325871214,-41.63699973383315,48.363000266166864,48.36300026616685
4301,1.3177199508995825,1.2202419460476497,1.5294904212787712,1.2534320969974635,0.751713811959239,-11.432996407634612,78.56700359236538,78.56700359236538
4302,1.1816912584570125,1.1327902249983148,2.138155659475485,1.887512455784712,0.3570204308274467,34.916956899956226,-55.083043100043774,55.083043100043774
4303,2.105239620905539,2.4178525724586044,3.043638844850443,1.2588190361646017,0.2900731045480799,-51.30683102307223,38.69316897692778,38.69316897692777
4304,1.7106596985948357,1.427055097205313,2.108646780681468,1.477621140775122,0.8309134325848658,-39.34472752290992,50.65527247709008,50.65527247709008
4305,1.0159318257539256,0.8486825077925771,1.2571931425813594,1.4813468299839456,0.8908386597007598,6.561303656485944,-83.43869634351405,83.43869634351405
4306,1.096409273000846,0.8317026929934435,1.90188178331326,2.286732746371249,0.436947938653175,-78.20628007473556,11.79371992526444,11.79371992526444
4307,0.9855986414141252,1.019050828691161,1.320512427084112,1.2958258704132937,0.5704737603645627,-51.1085230912245,38.8914769087755,38.8914769087755
4308,1.6082179472047609,1.034522330734268,2.916245538910531,2.81892952164762,0.512674404510198,24.79932670730576,-65.20067329269423,65.20067329269423
4309,1.671163804247637,1.1878177218457429,2.64022973274932,2.2227566437101838,0.5830999866954464,-46.1865545356264,43.813445464373615,43.8134454643736
4310,1.8667925156594296,1.168277500577547,3.758283752805166,3.2169443911632545,0.3612904280020845,-36.84669492979674,53.15330507020326,53.15330507020326
4311,1.1661760393441107,0.9292712052865082,1.6016627994111472,1.7235687389208736,0.7240808982693971,62.95739511175148,-27.04260488824852,27.04260488824852
4312,1.1237553499514827,0.8543228811552039,1.915759780273564,2.2424306108752456,0.5253425236106903,-77.79397150944808,12.206028490551915,12.206028490551915
4313,1.2221025728266244,1.2057044256772125,1.371670733390705,1.1376509069544751,0.8158634170923742,-47.98420885010295,42.01579114989704,42.01579114989705
4314,1.5738748168108194,1.391468128495355,1.8566122746037483,1.3342830041039968,0.8649119330042864,74.72493417384693,-15.275065826153067,15.275065826153067
4315,1.0908577979726677,0.8879953006672807,1.4445035481327746,1.626701793407361,0.7071610891692139,-22.469750902257083,67.53024909774291,67.53024909774291
4316,1.4577200491801383,1.1704319101201102,1.9434102505947,1.6604214510823327,0.6878444199708308,62.47959894137588,-27.520401058624117,27.520401058624117
4317,1.1128975557056655,0.9534430842676024,1.5729981457912812,1.6498081235751965,0.5833476790793719,73.5994371361659,-16.400562863834097,16.400562863834097
4318,1.6892309650399413,1.2499633670226882,2.5878775706888555,2.0703627313918576,0.5000750572867193,-17.14785816819528,72.85214183180472,72.85214183180472
4319,1.3038244488524504,0.9586945167707942,2.233614847643459,2.329850446174477,0.4474529827193884,-21.808816731020453,68.19118326897954,68.19118326897954
4320,0.9479184199131095,0.9031159705706244,1.0306231865460451,1.141185872169724,1.0415506576311704,4.985047723950983,-85.01495227604902,85.01495227604902
4321,1.652899170550067,1.3696663120584178,2.4002917661669403,1.7524646295488102,0.541557469553026,41.47841993770918,-48.52158006229082,48.52158006229082
4322,2.529649845807552,1.464061845705517,5.8390271058182535,3.988238012585106,0.3266111444198797,-76.19574592358725,13.804254076412747,13.804254076412747
4323,1.5968523069270035,1.126027710358754,2.669810896520435,2.370999285328271,0.5553924873043282,-21.07136816835293,68.92863183164707,68.92863183164707
4324,1.1451621372724683,0.9381114906168452,1.4747264655859371,1.5720162052553548,0.9032776511555358,-40.36715044942989,49.632849550570114,49.63284955057011
4325,4.845999193800944,4.903641386640172,6.2010064836749015,1.264571773247808,0.3842475234219085,-24.021539955917603,65.9784600440824,65.9784600440824
4326,2.102353753036351,1.6840286337089516,2.7830632188440507,1.652622267303469,0.688882652537744,45.02327831968404,-44.97672168031596,44.97672168031596
4327,0.928505064734256,0.711411259234489,1.5637983454579385,2.1981636151509,0.5801221880934364,-0.0259337779303031,89.9740662220697,89.9740662220697
4328,0.8884066096615684,0.840909249483988,1.0725188292707448,1.2754275564561584,0.8470091917591399,-56.650795923416894,33.349204076583106,33.349204076583106
4329,1.0683634687220958,1.0702007263415236,1.15765209325805,1.081714920167807,0.833135194749248,-72.21108881096714,17.78891118903286,17.78891118903286
4330,1.039561305877423,0.7952672183701003,1.6183797018307953,2.0350137217370325,0.6035792039877745,-66.89537566226667,23.104624337733327,23.104624337733327
4331,1.0908577979726677,1.012816915704824,1.281829374543738,1.265608181170342,0.7679996715724374,-22.336806033288216,67.66319396671179,67.66319396671179
4332,1.3314704444981866,1.1708140189633762,1.646656179726078,1.4064199378002036,0.7424039056923296,62.14608101576174,-27.853918984238263,27.853918984238263
4333,1.3894843667311525,0.8509327269075058,3.583581301202936,4.211356771088747,0.2619212099552659,4.882281817774722,-85.11771818222527,85.11771818222527
4334,1.8504598087771928,1.3534103805140287,4.030327121329388,2.9779046912575478,0.2733340447263522,-59.8904897841262,30.109510215873797,30.109510215873797
4335,1.797197976714934,1.2870423700102185,3.321868652916692,2.581009553625121,0.3793157302423027,-38.8865270182845,51.11347298171552,51.1134729817155
4336,1.2755794143363215,1.0696029387905424,2.240228686926031,2.0944488890982087,0.415679671675021,74.19153989301826,-15.808460106981741,15.808460106981741
4337,1.4577200491801383,1.1700356300346442,2.089032588332414,1.7854435665951118,0.554477561140441,-77.52994868947737,12.47005131052265,12.470051310522635
4338,0.9855986414141252,0.861681544087148,1.4809914478599933,1.7187224886299874,0.4672047813425876,11.757729794008572,-78.24227020599143,78.24227020599143
4339,1.2466946262544771,1.1227213036119588,1.4254197686142165,1.2696114022495453,0.9095052554885223,2.5492368965360037,-87.450763103464,87.450763103464
4340,1.876523906614425,1.373574677161986,2.785328536175127,2.0277954904716493,0.5694563768906188,-13.048814741857257,76.95118525814274,76.95118525814274
4341,1.0337045758596148,0.8178322285138517,1.5368529255381715,1.879178726339643,0.5762427981817858,47.16386004265523,-42.83613995734477,42.83613995734477
4342,1.6232483481616002,1.3455615720390763,2.419171539826277,1.79788988486067,0.5067553170975067,-3.267491093293914,86.73250890670609,86.73250890670609
4343,0.9669420905017878,0.7759930167953791,1.3770533883041816,1.77456930474839,0.594310647574526,39.10637391051648,-50.89362608948352,50.89362608948352
4344,1.085277926096956,1.0983767465707548,1.159249730995625,1.055420860478813,0.8665692191796744,63.644547297369904,-26.355452702630096,26.355452702630096
4345,1.2660243778180809,1.353839828668716,1.4399424551327027,1.0635988280450095,0.6010850466494624,41.58780855844201,-48.41219144155799,48.41219144155799
4346,0.9086770491564996,0.768522198026357,1.2146756725872212,1.580534271757708,0.8019831724553578,-43.26488353561853,46.73511646438146,46.73511646438147
4347,2.2421015207009214,1.8495538737131536,3.1940643379946523,1.726937713678092,0.3898687286351667,-86.6642808298506,3.335719170149389,3.335719170149403
4348,1.1345092346885122,0.995527807554676,1.4256048650299509,1.432009085242608,0.6573860986617696,-44.50417466172226,45.49582533827774,45.49582533827774
4349,0.9153341128725788,0.7000518913796088,1.347354221644258,1.9246490699267955,0.7979079543876714,28.209535776029984,-61.79046422397002,61.79046422397002
4350,1.171370613113025,0.9965959789218712,1.60338616304351,1.6088627658101442,0.6651358529778839,-86.12834309307259,3.8716569069273987,3.871656906927413
4351,1.7142051110999064,1.3253550385906323,2.412140097803641,1.819995418260668,0.6171462944983902,-82.94784088700875,7.052159112991262,7.052159112991248
4352,1.0039085404212729,0.6476927675174681,1.8844611827803763,2.909498572916445,0.4741789503556592,69.00476722051997,-20.995232779480034,20.995232779480034
4353,1.9086035621207809,1.6976522528067366,2.229839117490328,1.3134840270165602,0.7756284621778223,-69.73399905145243,20.26600094854757,20.26600094854757
4354,1.186817925731738,0.9677736875335268,1.5676356837710934,1.619837058978508,0.8407103839054485,-56.01049541382607,33.98950458617392,33.98950458617393
4355,1.085277926096956,1.214147626005035,1.4196272235814706,1.1692377377967904,0.4663349516572274,-71.6900438737105,18.309956126289507,18.309956126289507
4356,3.047795477261777,1.9089366115963475,5.524580190620219,2.894061624183682,0.4292230464819234,-25.208073116773782,64.79192688322621,64.79192688322621
4357,1.0740312192037882,0.752367123505853,1.6599423851554864,2.2062930892308894,0.7166983933981977,67.39237224552332,-22.60762775447668,22.60762775447668
4358,1.0099380753567209,0.9814181226283344,1.579591622283515,1.6094991378936565,0.4972744736603957,-17.41911507086251,72.58088492913748,72.58088492913748
4359,0.8952144227026446,0.6591068756862701,1.7390736321468223,2.638530557485199,0.4678727109924084,-39.597773648066415,50.40222635193359,50.402226351933585
4360,1.6492219709549814,1.2046132172151849,2.6847143192650638,2.2286940578915155,0.5145932407327258,-68.29446862578736,21.705531374212626,21.70553137421264
4361,1.062665489594652,1.0906829634573163,1.3421623327942978,1.230570548695311,0.5646568044550129,-31.51649692369078,58.48350307630922,58.48350307630922
4362,1.2171245375823248,1.0814574283275198,1.5192247272276211,1.4047938341660948,0.7327222769335884,4.079315600550256,-85.92068439944974,85.92068439944974
4363,1.1557168501373432,1.0684394219608753,1.330043414827105,1.244846818162246,0.8539179169035107,-40.38545469642812,49.61454530357187,49.61454530357188
4364,1.0908577979726677,0.7730015621244751,1.7551648376995532,2.270583817289779,0.5343289589278163,-39.54721155602823,50.45278844397177,50.45278844397177
4365,0.8952144227026446,0.7557119209968954,1.13294482141262,1.4991755322823264,0.8743972242243008,-82.9832447287,7.016755271299985,7.016755271299999
4366,10.386264483988738,8.76919409770476,15.681463335787573,1.7882445252172057,0.3135149845762877,-74.20811995404921,15.79188004595079,15.79188004595079
4367,1.3360224934845466,0.9869895835705708,1.9692890019009173,1.99524800938298,0.6789722633721684,-6.755735008697565,83.24426499130243,83.24426499130243
4368,1.663882010113248,1.2515114006424648,2.3834715469040786,1.904474498338985,0.6651405629160951,45.20124125051179,-44.79875874948821,44.79875874948821
4369,1.3131044552792934,0.9427566052204736,2.303120887630109,2.442964467049796,0.4836057263367566,-1.9120504763614317,88.08794952363857,88.08794952363857
4370,0.9479184199131095,0.6245668771789458,1.7003901880873595,2.722510991565404,0.6097545117598167,-24.057681072978863,65.94231892702113,65.94231892702113
4371,1.0453852243082644,1.031502896658846,1.2739920290486406,1.2350833266443015,0.6136639292553757,27.798338594503655,-62.201661405496345,62.201661405496345
4372,0.8952144227026446,0.9153410375558266,1.0464228550649042,1.1432054416123376,0.6543055603705815,-46.42106894182783,43.578931058172174,43.57893105817217
4373,1.0039085404212729,0.7889290612004267,1.5509166272940018,1.965850548000022,0.6885961826391661,-72.00353046586015,17.996469534139862,17.996469534139848
4374,1.7768132193231367,1.3028855066393448,2.613932192364338,2.0062639265262066,0.616312746562748,-64.00787355180132,25.99212644819869,25.992126448198675
4375,1.542705892513396,1.202075082113108,2.2047914090558085,1.8341544899009483,0.6717076003699795,69.08656257112217,-20.913437428877828,20.913437428877828
4376,1.0099380753567209,0.7905121874286146,1.360216489749429,1.7206774435368974,0.8909788975895152,-9.394952509424746,80.60504749057526,80.60504749057526
4377,1.039561305877423,0.8318811922614139,1.6585035485008683,1.9936783809143903,0.5253678778935233,-78.3382595430063,11.661740456993698,11.661740456993698
4378,1.096409273000846,0.8870146698519275,1.522369213879066,1.7162841445826378,0.7616201067130992,-11.381919265471728,78.61808073452828,78.61808073452828
4379,1.1237553499514827,0.8819691841574788,1.5042448488415596,1.7055526155128922,0.8262475435270875,-78.82272361311213,11.177276386887854,11.177276386887868
4380,1.1019327803667114,0.969583725754814,1.3080733453983069,1.3491081900946524,0.9129816416880996,-89.60309099786652,0.3969090021334978,0.39690900213348357
4381,1.3223193364400538,1.2188013289717845,1.6841606943445817,1.3818172447886876,0.731027660970853,16.875416257379907,-73.12458374262009,73.12458374262009
4382,1.2221025728266244,1.2289250210211866,1.5018084665731957,1.2220505245513302,0.6377052870926561,79.82054749647739,-10.179452503522612,10.179452503522612
4383,0.8952144227026446,0.7919911527522704,1.2036319969651177,1.5197543467276655,0.7020522958883865,61.9385454772889,-28.061454522711102,28.061454522711102
4384,1.0159318257539256,0.6986801074183484,1.7115725127798225,2.4497226908379472,0.6187392099062264,-66.34976415499985,23.650235845000168,23.650235845000154
4385,0.9219431092603804,0.7301033678114079,1.3178269973846264,1.8049868764953192,0.7249385737343653,58.52052327009434,-31.479476729905663,31.479476729905663
4386,0.9153341128725788,0.6139504908015401,1.77912698854431,2.897834622172188,0.4787364932923397,-6.916696453720084,83.08330354627992,83.08330354627992
4387,1.0039085404212729,0.7421005644241107,1.4332804627553704,1.9313830651343504,0.8286005467122542,10.434402795004589,-79.56559720499541,79.56559720499541
4388,1.6492219709549814,1.3278438909242565,2.3356105739476343,1.7589496701467775,0.6140134878895964,28.10509508622129,-61.89490491377871,61.89490491377871
4389,1.2515550525870838,1.1214667572585215,1.4971624175955236,1.3350038312819967,0.7953197741115254,83.60451817541151,-6.395481824588487,6.395481824588487
4390,0.8815462242933692,0.800170305285716,1.0927079916264446,1.3655942796281006,0.802459066947288,84.0048494475802,-5.995150552419801,5.995150552419801
4391,0.8535534614000618,0.771151003330148,0.9913995115489708,1.2856100909779005,0.9935299552880302,-26.73771341439258,63.26228658560743,63.26228658560742
4392,4.072681542230141,3.1245335088424064,5.878464525240724,1.8813894965775573,0.4719741202029592,46.34003000127515,-43.65996999872485,43.65996999872485
4393,1.432512614476725,1.0406439785467732,2.1352148926899948,2.051820734764406,0.7068277275105807,24.463905134874604,-65.53609486512539,65.53609486512539
4394,1.432512614476725,1.3355602033350855,1.7015130733442136,1.2740070189986878,0.6561825865351043,-72.15784338229383,17.842156617706166,17.842156617706166
4395,1.171370613113025,1.0378224507069536,1.654493569364217,1.594197127107044,0.680631710517605,-75.81677590130208,14.183224098697906,14.18322409869792
4396,1.0099380753567209,0.9149162662723362,1.1623321758405056,1.270424648341013,0.91409488544915,-16.096733561544706,73.90326643845529,73.90326643845529
4397,1.1345092346885122,0.9378155723821824,1.42137455299787,1.515622681960143,0.8953058312216903,-12.43382553778364,77.56617446221637,77.56617446221637
4398,1.2803301921000927,1.1074528349382755,1.5583494796302402,1.407147492396004,0.8329385556424108,32.22277244331658,-57.77722755668342,57.77722755668342
4399,1.2944779165271465,1.4158410023564485,1.4485527537736531,1.0231041136418293,0.4846466036587145,12.073773056262466,-77.92622694373753,77.92622694373753
4400,1.7561918645793366,1.5897376167065425,2.557196429158968,1.6085650879021838,0.4507603028368954,22.38508352060824,-67.61491647939175,67.61491647939175
4401,0.9086770491564996,0.6189226799296975,1.49522579892534,2.4158523308520228,0.6939881267543222,-60.863790161541445,29.13620983845857,29.136209838458555
4402,1.5387653857138477,1.4274390743239411,1.7765037988692145,1.244539140635894,0.8113907474160279,9.181588668348567,-80.81841133165143,80.81841133165143
4403,1.096409273000846,0.8842812700484908,1.4665785103022202,1.6584977653340982,0.664986131677243,33.34329181875077,-56.65670818124923,56.65670818124923
4404,1.1345092346885122,1.1844626089331451,1.2239140401691428,1.0333074517831609,0.810811054776754,-29.1136285017501,60.8863714982499,60.8863714982499
4405,1.5777276373049178,1.396574645294964,1.9932158066981296,1.427217523541072,0.6409127474248649,33.386401619379505,-56.613598380620495,56.613598380620495
4406,0.84641062903508,0.6132877811068155,1.358622888025777,2.215310544054598,0.7313339884164771,-19.225555760961356,70.77444423903864,70.77444423903864
4407,2.383845085036066,2.190877949383267,2.8679070623520944,1.3090218298830436,0.657594426560986,-27.06941845751731,62.930581542482685,62.93058154248269
4408,0.8884066096615684,0.6990980689936364,1.3601860917881392,1.945629879576338,0.5740898288424743,72.63050501318462,-17.369494986815383,17.369494986815383
4409,1.6856330249272244,1.5579502668192171,2.3033699449742806,1.478461793056428,0.5747428241759837,57.300562229353694,-32.699437770646306,32.699437770646306
4410,1.69282125807016,1.6815572203708076,1.8367700202332904,1.0923030141241676,0.6850301430890293,10.77937796450438,-79.22062203549562,79.22062203549562
4411,1.1183396299962336,0.9157333079598864,1.4775232600737411,1.6134864236460251,0.7455972823983374,-24.978243605728387,65.02175639427162,65.02175639427162
4412,0.9543017810603904,0.8833010596291824,1.129901574054581,1.2791805939063672,0.8205449187896425,-48.8308364416404,41.1691635583596,41.1691635583596
4413,0.979419278671245,0.8315898074216812,1.3130681953391878,1.578985436834917,0.7558934416667692,-51.2296777298703,38.7703222701297,38.7703222701297
4414,0.9669420905017878,0.8557771677367283,1.27052945055858,1.484649857998369,0.6352874154399829,77.56256449561297,-12.437435504387025,12.437435504387025
4415,1.518909516610108,1.2781913495627175,2.331309787042783,1.8239129750333145,0.5306281744760085,-55.39247659315283,34.60752340684718,34.60752340684717
4416,2.2690184693770243,1.9089438161719208,3.077438957951941,1.6121160465179374,0.583562084622654,-79.02225503206941,10.97774496793059,10.97774496793059
4417,1.3131044552792934,0.8787944048410681,3.561225053147556,4.05239841483926,0.2986262523361653,-86.28285678231909,3.7171432176809276,3.7171432176809134
4418,0.8022191731670073,0.7090795880779636,0.973552819341892,1.37298102457132,0.9157059730679172,-74.81439006311324,15.185609936886749,15.185609936886763
4419,1.0511768765181757,0.8879616013326584,1.7895039353062314,2.01529427919015,0.509230604654406,45.72917605252735,-44.27082394747265,44.27082394747265
4420,1.0337045758596148,0.9241248072749546,1.5646480438617307,1.6931133452369291,0.5009692250362647,-9.01770656796142,80.98229343203857,80.98229343203857
4421,2.524845188391802,2.253141271401638,4.52189906043481,2.006930997993668,0.3035888477778646,-43.5175485893221,46.482451410677896,46.4824514106779
4422,3.881870055638608,3.5997702950655386,6.557208725442511,1.821563096520615,0.1780355800314329,86.47371932372803,-3.5262806762719663,3.5262806762719663
4423,1.3450803768346336,1.2993609407972075,1.530862527489112,1.1781657270302963,0.8084863579203965,-3.9777577430196858,86.02224225698032,86.02224225698032
4424,0.8392070033186643,0.7381783647066636,1.011033074353035,1.3696324935705717,0.962157827437531,-84.54366278367425,5.45633721632575,5.45633721632575
4425,1.2755794143363215,1.0703703965914166,1.6373813380092184,1.5297333924998693,0.8004476408329293,54.3331526327091,-35.6668473672909,35.6668473672909
4426,1.502835947650602,1.4367788620453796,1.6796547308831031,1.1690419279219968,0.8178947018235817,40.27575472514559,-49.72424527485441,49.72424527485441
4427,1.0278144733504384,0.848047439935352,1.3185221475680682,1.5547740438537037,0.7876138654837666,-51.76774456870414,38.23225543129587,38.23225543129586
4428,1.2612197138901655,1.0772975340413071,1.5657264244819336,1.4533834665047125,0.7887745943344284,8.71477379712352,-81.28522620287649,81.28522620287649
4429,1.5583682828180965,1.3741181822480997,1.8311910487900909,1.3326299531196115,0.8479528754943985,-26.54947618424673,63.45052381575327,63.45052381575327
4430,0.979419278671245,1.0873100378989495,1.1714599546582003,1.0773927525969107,0.5046507864027464,44.30715990951012,-45.69284009048988,45.69284009048988
4431,1.526882849696625,1.36946183296722,1.811723540320832,1.322945624848384,0.7282316032546636,-75.28897099114485,14.71102900885515,14.71102900885515
4432,0.9219431092603804,0.7004377157977892,1.325423378388535,1.892278711575226,0.7170945396995855,39.412466448605066,-50.587533551394934,50.587533551394934
4433,2.651516808482733,1.9050172941272527,3.776728269224043,1.9825165266829128,0.6604009397677084,-22.2877213301987,67.7122786698013,67.7122786698013
4434,1.3223193364400538,1.3001818867448007,1.5074740473181625,1.159433201374885,0.7554247049123262,81.99874357619966,-8.001256423800342,8.001256423800342
4435,1.0796692170979234,1.0440430604640707,1.8108908544825024,1.7344982434705067,0.4480886817760113,-79.06678821405248,10.93321178594752,10.93321178594752
4436,1.461879030667795,1.065127744031542,2.5602133772525204,2.403667908942107,0.5592610697850197,48.27976712295397,-41.72023287704603,41.72023287704603
4437,0.9606427264386592,0.7479408414752237,1.4994732643190714,2.0048019591516626,0.6010426445191664,75.35031570930582,-14.649684290694182,14.649684290694182
4438,1.176542252445381,0.9725107015128,1.603111732055189,1.648425800930983,0.6000781175672067,-8.094449155889706,81.9055508441103,81.9055508441103
4439,1.663882010113248,1.3542032234160517,3.1611736692196017,2.3343421537908973,0.3773717695610136,23.926293641347414,-66.07370635865259,66.07370635865259
4440,1.1237553499514827,0.8769832649712631,1.797182933026235,2.049278480912774,0.5691987841122991,-40.98254068708144,49.01745931291856,49.01745931291856
4441,1.6195038256468852,1.3141526986471237,2.087598976462812,1.5885512989562975,0.7711074845299966,56.92495960263504,-33.07504039736496,33.07504039736496
4442,1.470161697690137,1.3494554176247986,1.8590264110886232,1.3776123218362633,0.6407955538258574,66.51406292015726,-23.485937079842742,23.485937079842742
4443,3.285534131347788,2.4884329785450032,4.520902868678791,1.8167669805285176,0.6108664310376437,-55.92708037180678,34.07291962819323,34.07291962819322
4444,1.1291450947814663,0.8179009668875603,1.876729020781988,2.294567553726817,0.5318003780848848,48.01138402121546,-41.98861597878454,41.98861597878454
4445,1.1661760393441107,0.911407951120762,1.757061875721722,1.9278544515231144,0.5410700224372819,-87.22835608876754,2.771643911232445,2.7716439112324593
4446,2.9772584239298063,2.816732779091258,4.95411545520434,1.7588162753595138,0.2806528788991306,30.4731523635985,-59.5268476364015,59.5268476364015
4447,1.0278144733504384,0.7490611096246506,1.4716395663588315,1.9646455375266516,0.8800043108020271,83.53150274728489,-6.46849725271511,6.46849725271511
4448,1.1183396299962336,1.2282357802429962,1.8134542024829825,1.4764707490643252,0.365360206156136,30.21949219964361,-59.78050780035639,59.78050780035639
4449,1.176542252445381,0.8936348390635153,2.0046729653748496,2.24327978022393,0.3906870736845799,-21.88705556956693,68.11294443043307,68.11294443043307
4450,1.039561305877423,0.8365379614345102,1.5479896019972672,1.8504714350831692,0.6559141474114328,-43.36219498814551,46.63780501185448,46.63780501185449
4451,1.186817925731738,1.071220678134274,1.5874546487820451,1.4819118797696162,0.6681102254144429,-10.067507261161865,79.93249273883814,79.93249273883814
4452,1.1557168501373432,1.0568168609367412,1.3434429382895865,1.271216412178346,0.7893577753013151,25.47360079555586,-64.52639920444415,64.52639920444415
4453,1.096409273000846,1.1017581755938632,1.2757413411710106,1.1579141134880782,0.7073422961883906,14.365811024071643,-75.63418897592835,75.63418897592835
4454,1.550556863789422,1.425444905550752,1.8046155127838723,1.2660015871231582,0.7739429285739531,-20.601458484428715,69.39854151557128,69.39854151557128
4455,1.1816912584570125,0.9730739509840528,1.5930938405649762,1.6371765362271882,0.7625188048908439,62.57143825231201,-27.428561747687993,27.428561747687993
4456,1.7630924485867383,1.624061567663963,2.160651218323556,1.3303998206369845,0.6567163703107646,11.66194939155706,-78.33805060844294,78.33805060844294
4457,1.7938166040551036,1.553217892380078,4.089444319522246,2.6328851473992323,0.3112581274563717,-31.04307023010436,58.95692976989564,58.95692976989564
4458,0.8746320295080829,0.6984221527229096,1.11850393006254,1.601472584599264,1.0811720972428138,-77.15889114179515,12.841108858204848,12.841108858204848
4459,2.250210413428661,1.549736099467454,5.539827672191476,3.5746909903532367,0.3121407063537422,-29.77040316602516,60.22959683397484,60.22959683397484
4460,1.0039085404212729,0.772574356457285,1.637265418257107,2.1192334492759337,0.4999330263093913,-59.32564424520185,30.674355754798142,30.67435575479815
4461,1.1183396299962336,0.6848741228305385,1.9055078413536315,2.782274549194962,0.6721931098131871,-72.1408145523137,17.859185447686286,17.8591854476863
4462,1.1291450947814663,1.137336576023064,1.244302489013808,1.0940494794995277,0.7667589431169207,57.13516196559267,-32.86483803440733,32.86483803440733
4463,1.0099380753567209,0.9668625342744344,1.5473806383886308,1.600414312826628,0.4223483018889703,88.19827672068212,-1.8017232793178835,1.8017232793178835
4464,1.0039085404212729,0.8843254694135679,1.495139640826886,1.690711952261619,0.52568916881378,1.0279399175973514,-88.97206008240265,88.97206008240265
4465,0.9219431092603804,0.779565397929524,1.1680702228829776,1.4983607866450943,0.8591903318517039,85.31981511453603,-4.680184885463973,4.680184885463973
4466,2.6331351878456077,1.93049262728642,6.062276708628662,3.14027446825842,0.2924575275636712,51.01368793380235,-38.98631206619765,38.98631206619765
4467,1.0039085404212729,0.9362266536661356,1.5099989668295288,1.6128562041217045,0.5321926991795125,-37.62485904322594,52.37514095677406,52.37514095677406
4468,3.503730393200403,3.8297094335399824,4.192671529304126,1.0947753614374447,0.3431279416022796,-59.63178479527,30.368215204730006,30.36821520473
4469,1.0159318257539256,1.0249580089071704,1.2432013369518486,1.2129290430906272,0.5716082708284342,84.3733187328915,-5.626681267108495,5.626681267108495
4470,0.9086770491564996,0.8500640412464471,1.0552329964113716,1.2413570568919556,0.8286230655065984,-42.82865474207355,47.17134525792645,47.17134525792645
4471,0.9606427264386592,0.7790168253006564,1.3406765242435543,1.7209853249653873,0.6982254835047795,87.88762549492246,-2.1123745050775398,2.1123745050775398
4472,0.9219431092603804,0.626240862374931,1.7512349301857904,2.796423924725187,0.5434023107567795,28.272729068872213,-61.72727093112779,61.72727093112779
4473,1.2221025728266244,0.943585491834126,1.97130125525222,2.089160200439747,0.5524198958792299,-60.29717739080601,29.702822609193987,29.702822609193987
4474,1.0278144733504384,1.0569379392719844,1.1073127418462625,1.0476610789550955,0.7135442339237494,-55.1825423975476,34.81745760245241,34.8174576024524
4475,1.0278144733504384,0.7185024395426698,1.6169376075915676,2.250427442697002,0.74374643931371,21.14099185237681,-68.85900814762319,68.85900814762319
4476,1.2563966762852905,0.9715662152643444,1.7258028638198986,1.7763100823244875,0.7367087625146412,89.49701319523331,-0.5029868047666923,0.5029868047666923
4477,1.9117819216282488,1.3850192301030173,3.473592323842968,2.5079740759878137,0.4598938011579704,-38.44423885172889,51.5557611482711,51.55576114827111
4478,1.2803301921000927,0.949134811381656,1.9736251170725787,2.0793938789365147,0.57392734600885,-42.38761413573071,47.6123858642693,47.61238586426929
4479,1.2270604129519955,1.0261867701070315,1.6394940539810772,1.5976565881960036,0.7111690087857251,19.40062254850261,-70.59937745149739,70.59937745149739
4480,0.9219431092603804,0.719890442848303,1.304079914323235,1.8114977456341004,0.6923648859613553,-13.342924220709294,76.65707577929071,76.65707577929071
4481,0.8535534614000618,0.8385431484300586,1.2245555767065974,1.4603369892166442,0.5836555702976658,-4.853484403389557,85.14651559661044,85.14651559661044
4482,1.0278144733504384,0.7961689836304223,1.4452325058994626,1.8152333683100776,0.78483077979558,-1.0315739020306591,88.96842609796934,88.96842609796934
4483,0.979419278671245,0.8645031757059851,1.2393762160455954,1.433628297586617,0.8224363985656172,23.03254871761824,-66.96745128238176,66.96745128238176
4484,2.279696262327928,1.6702789204347743,3.1946084058212407,1.912619722812333,0.7102895713930905,9.484352873407506,-80.5156471265925,80.5156471265925
4485,1.2897792515977275,1.0027113157855807,1.7319573543577125,1.7272741686382578,0.8174767099118205,57.90197735082612,-32.09802264917388,32.09802264917388
4486,0.9669420905017878,0.6392300420498782,1.5805703760912837,2.472615916208697,0.7109067625125689,12.077900207573256,-77.92209979242675,77.92209979242675
4487,1.0511768765181757,0.9092359409052476,1.3063585557477864,1.436765196992937,0.7578460734270238,6.628435979898869,-83.37156402010113,83.37156402010113
4488,1.9086035621207809,1.7551410624361854,2.1731900665269905,1.2381854159975845,0.7960718523364093,-25.125789495410736,64.87421050458926,64.87421050458926
4489,1.3038244488524504,1.0342405137764976,1.725988955517443,1.668846784211776,0.8432605263049974,-80.35352161894137,9.646478381058614,9.646478381058628
4490,1.5068704138297195,1.3053861410643812,1.806023813865391,1.383516920436126,0.8307553435374734,-59.287988375135086,30.712011624864914,30.712011624864914
4491,1.7212740281460053,1.5154391756999332,2.1104633320741293,1.392641397896668,0.6691721075539545,-21.916697114127334,68.08330288587267,68.08330288587267
4492,1.546636359756236,1.384384864867782,2.019228278157036,1.4585743671431175,0.5076386623304879,24.79863898557238,-65.20136101442762,65.20136101442762
4493,1.1128975557056655,0.8686224628863563,1.654562874087639,1.9048124412874052,0.7066011854013232,-56.29017948180309,33.70982051819692,33.70982051819691
4494,1.1504515979244476,1.1448189102331088,1.269332094039888,1.1087623402214992,0.8337585374591149,30.372596589275062,-59.62740341072494,59.62740341072494
4495,1.0740312192037882,0.8432059492870418,1.8194862309923496,2.157819489450691,0.5119611967921882,-48.40170299183739,41.598297008162604,41.59829700816261
4496,1.085277926096956,0.9497037903548482,1.2774749676180557,1.3451299032309207,1.0343304089328722,69.67657298152135,-20.323427018478654,20.323427018478654
4497,2.105239620905539,1.5604685393138278,2.961907556102409,1.8980886070313376,0.6964214904875243,-14.597007341789304,75.40299265821069,75.40299265821069
4498,1.6044383463340146,1.3118534945043658,2.200490559045681,1.6773904771104438,0.5986912427652246,-56.29498450173856,33.705015498261446,33.70501549826144
4499,2.3114337002746863,1.9236436924055216,2.952616133663545,1.5349080213349129,0.6049500255530834,-87.09994600244184,2.9000539975581603,2.9000539975581603
4500,1.1557168501373432,1.0394602961501092,1.4059914443918493,1.3526167854599895,0.8032712737415361,56.608503835663655,-33.391496164336345,33.391496164336345
4501,3.601145998724694,2.974813070035397,4.443579852204838,1.493734143151376,0.6618988657313692,57.78552563715469,-32.21447436284531,32.21447436284531
4502,1.0796692170979234,1.0885238403901365,1.1065792859199373,1.0165870924088625,1.073739648728568,67.10225574523818,-22.897744254761818,22.897744254761818
4503,1.191922542518033,0.9751703521201184,2.205934764537477,2.2621019596643324,0.421197077514749,-35.89147201477002,54.10852798522998,54.10852798522998
4504,1.927595110101428,1.6651896196107328,3.308129926145701,1.9866385708788132,0.3960904076068524,10.139877175065,-79.860122824935,79.860122824935
4505,1.1816912584570125,1.2784674129639777,1.3152516708066964,1.0287721513037542,0.6879409067860189,25.77506047488264,-64.22493952511736,64.22493952511736
4506,2.476285939639421,1.983481323072135,3.17359235061958,1.6000112094345962,0.711448225124792,-39.86794506978952,50.13205493021047,50.13205493021048
4507,1.6565682076297277,1.2637899913643178,2.544019926275118,2.0130084457535027,0.5796249084696009,-37.427840713211104,52.57215928678889,52.572159286788896
4508,0.9917395023300404,0.8791287096475269,1.1900382392025948,1.35365643977174,0.8733599887209003,-58.08058752578096,31.91941247421903,31.919412474219037
4509,1.1609582232861997,0.9700470794875796,1.4811766310250172,1.5269121080261776,0.8442177497722951,-85.75385599237885,4.2461440076211545,4.2461440076211545
4510,0.9350209696908578,0.8244387805281281,1.1412329678366493,1.384254349492858,0.9595499396830072,80.94524727812342,-9.054752721876582,9.054752721876582
4511,1.6964039525710572,1.6146547301850949,2.3090138156974,1.430035643244118,0.4761546242787113,59.55475307789844,-30.44524692210156,30.44524692210156
4512,2.5463947557410336,1.828469003112446,4.667192265413267,2.5525137464560275,0.3929700540523162,-58.44090857811366,31.559091421886336,31.559091421886343
4513,1.0099380753567209,0.7316345887207037,1.5498197385654096,2.1182975251010747,0.6854675232850808,-51.3715348742379,38.62846512576209,38.6284651257621
4514,1.1816912584570125,0.8902438334149205,1.6768960415398806,1.8836367954467157,0.6962100265910024,-86.44731774995425,3.5526822500457342,3.5526822500457484
4515,1.191922542518033,0.9468027968237578,1.7785968280988658,1.8785293347944576,0.6027472810128863,-41.2229707327796,48.7770292672204,48.7770292672204
4516,0.9219431092603804,0.7438436087338647,1.3052386947512584,1.754721932709718,0.6843926801511665,20.93527112170124,-69.06472887829875,69.06472887829875
4517,1.6195038256468852,1.0915836449532277,2.5722831356004687,2.3564691056824016,0.6593786858207071,-34.631518689963954,55.368481310036046,55.368481310036046
4518,1.7836340245157871,1.3080628413156934,3.856537432447306,2.9482814667896777,0.3734764535053861,83.77739340056952,-6.222606599430478,6.222606599430478
4519,0.7869374084054097,0.6802911461793787,0.9846529245700107,1.44739929381703,0.9312882459130954,-85.14125407083884,4.858745929161159,4.858745929161159
4520,1.270810876469873,0.955923686849164,1.9464413385756625,2.036189044536976,0.6243702937124278,-0.2322658046319609,89.76773419536804,89.76773419536804
4521,0.8606370140730026,0.7819857300010101,1.0990140004889215,1.4054143935433474,0.8177918923279692,54.16639094105136,-35.83360905894864,35.83360905894864
4522,0.9479184199131095,0.9231483549382988,1.0422253241043042,1.1289900680957874,0.9134754121811708,-89.14030958557179,0.8596904144282007,0.8596904144282149
4523,1.2515550525870838,1.0909810380162197,1.5635729709313602,1.43318070291531,0.8795849652660384,-78.37530007966079,11.624699920339197,11.62469992033921
4524,2.653805558851462,3.010647372693629,3.648135401349702,1.2117445020091184,0.36882612282736,81.87492044124144,-8.125079558758557,8.125079558758557
4525,1.8635374259717976,1.5925268634574528,2.309631066063973,1.4502933162770344,0.7520431907864087,71.42198178653798,-18.578018213462016,18.578018213462016
4526,2.4860736692531376,2.0182577519524973,3.214697684204738,1.5928082927439688,0.6237106797328633,-87.63076015453831,2.369239845461692,2.369239845461692
4527,0.8884066096615684,0.625818215217626,1.3125174552717287,2.097282283187148,0.8447227007844605,-36.75610016269387,53.24389983730613,53.24389983730613
4528,0.9917395023300404,0.7381521600242864,1.5262311899279577,2.067637639748616,0.6287941024471305,-87.1000487595603,2.899951240439691,2.899951240439705
4529,0.8676627389239214,0.7342199937912349,1.181408226547903,1.6090657249029088,0.6793189746851995,43.42348656493288,-46.57651343506712,46.57651343506712
4530,1.2418151765086958,1.331873307113918,1.570227925189034,1.1789619303893213,0.598120727967246,-26.487944008768125,63.512055991231875,63.512055991231875
4531,0.9855986414141252,0.7726329526538125,1.4382952195882497,1.861550448564281,0.609194348031098,-84.44251202868355,5.557487971316448,5.557487971316448
4532,1.6964039525710572,1.3747990511012729,2.2828791205536274,1.6605183999253883,0.625891765987527,-79.85981457394189,10.14018542605811,10.14018542605811
4533,2.052673332020974,2.325567207458696,2.393830936656117,1.0293535826350155,0.4382766782579965,66.37300090685154,-23.626999093148456,23.626999093148456
4534,1.2171245375823248,1.1233347589900204,1.4145232764304498,1.2592179358023554,0.8120263885696565,-10.090427561494373,79.90957243850562,79.90957243850562
4535,1.4783979621211876,1.1095398558417633,2.2143190430863124,1.9957093306994345,0.5815680183853488,31.62904249976682,-58.37095750023318,58.37095750023318
4536,1.2418151765086958,1.102342906029531,1.841742108589897,1.6707524478236704,0.582901416853481,-81.40943995545959,8.59056004454041,8.59056004454041
4537,1.0278144733504384,0.91922756134792,1.491005595608076,1.6220201159131071,0.5348136307105752,4.321911722707682,-85.67808827729232,85.67808827729232
4538,0.9606427264386592,0.8401909126680891,1.4454823734304063,1.7204213371460646,0.489872826612135,2.6469873815342866,-87.35301261846571,87.35301261846571
4539,1.1609582232861997,0.8979042973675726,1.6631772723935574,1.852287907819988,0.7359964116772494,43.71976133867226,-46.28023866132774,46.28023866132774
4540,1.1661760393441107,0.9417405836167704,1.7214947511630645,1.8279925290589425,0.6256622478477869,31.908541562870223,-58.09145843712977,58.09145843712977
4541,1.6381408467855358,1.2522826754576368,2.374410670777044,1.896066053863864,0.6304993990392633,-36.547850045767895,53.45214995423211,53.452149954232105
4542,2.070343729706952,1.7140990407972874,2.705565146076895,1.5784182136981082,0.5917651788561294,-9.527916166414249,80.47208383358576,80.47208383358576
4543,1.191922542518033,1.0580180786706033,1.7295285913087957,1.634687181793664,0.5443651224606103,-73.97806805886461,16.021931941135392,16.021931941135392
4544,1.7630924485867383,1.4510558079283336,2.2645226739946813,1.560603432081452,0.7443953343388476,29.70938479411232,-60.290615205887676,60.290615205887676
4545,1.2270604129519955,0.8310725268066379,1.949287543165142,2.3455083404756496,0.6874117362092891,-87.65024776522401,2.349752234775991,2.349752234775991
4546,1.800572999362347,1.3920467237534395,3.331098101741997,2.392949923950975,0.3490573613180284,49.657964512148425,-40.342035487851575,40.342035487851575
4547,3.7980731334542415,2.6036204506947014,6.051906767011897,2.324419738444257,0.5114239789204946,-46.05439140175604,43.94560859824395,43.94560859824396
4548,1.5968523069270035,1.3424814919710748,1.9833257606953236,1.4773579915677946,0.7334538508063635,-43.12980789139334,46.87019210860666,46.87019210860666
4549,1.0278144733504384,0.872689105676193,1.3695842619789564,1.569383934176364,0.7288808661793921,-41.49239814558838,48.50760185441163,48.50760185441162
4550,7.035131025484027,4.361799547066213,12.340519789827308,2.829226711742784,0.2848552595187762,-58.29442866292122,31.705571337078766,31.70557133707878
4551,1.5108941070107518,1.262953286789699,2.2729685901622574,1.7997249889898272,0.3958762915707376,-75.44013761200831,14.5598623879917,14.559862387991686
4552,1.3177199508995825,1.035752406212471,1.8371547765451,1.7737393275900648,0.7163873158286003,2.3013690360528933,-87.69863096394711,87.69863096394711
4553,2.708155340592215,2.2090308764915614,3.6442488625175065,1.6497048100592395,0.4611989127958625,-7.4375824183695,82.5624175816305,82.5624175816305
4554,1.2319983017676563,0.9569284425285686,1.9056691055201624,1.9914436867240148,0.5902087691448714,-66.01689814381051,23.983101856189478,23.983101856189492
4555,1.5815710720799827,1.4982347777811524,3.797802922251598,2.534851665822394,0.2358097432251362,-76.35576423147972,13.644235768520275,13.644235768520275
4556,0.7791841414090482,0.7214633215173549,0.9148848430078852,1.2680961259177157,1.0119370695008914,37.31187437558693,-52.68812562441307,52.68812562441307
4557,1.1504515979244476,1.1259330329638997,1.2345412445851771,1.0964606317086,0.9443897156555204,-2.0194953151745074,87.98050468482549,87.98050468482549
4558,1.615750625177174,1.367976582893342,2.0074705700409,1.4674743669917176,0.8598438911638654,-2.254571494589072,87.74542850541093,87.74542850541093
4559,1.0337045758596148,0.9159484907318524,1.272851897758695,1.3896544517931055,0.7847842458556216,45.508728414958114,-44.491271585041886,44.491271585041886
4560,1.2020667470700563,1.033259474271898,1.6296550190576238,1.577198234940923,0.7473099687293564,12.035634702652288,-77.96436529734771,77.96436529734771
4561,0.8884066096615684,0.8397195240715956,1.0263585872786234,1.2222635747494122,0.8574697346259107,-47.3196523282082,42.68034767179179,42.6803476717918
4562,3.225859986959805,2.083931918490046,5.454013882448252,2.617174694651285,0.4325235063333831,-61.29173601502941,28.708263984970586,28.708263984970593
4563,0.928505064734256,0.6671338359329341,1.6966184717352502,2.5431455884150487,0.5531982587698887,46.33322225081119,-43.66677774918881,43.66677774918881
4564,1.0796692170979234,0.9246213779140936,1.4921027219530174,1.6137445635522047,0.6199375023107107,89.42722923175246,-0.5727707682475369,0.5727707682475369
4565,3.757897758581951,2.758843931918139,5.776041470100774,2.093645603970381,0.5387163931323197,77.55600165439246,-12.44399834560754,12.44399834560754
4566,1.6820273886595418,1.4277878754100506,2.424663625216955,1.6981959764300485,0.460575114642897,83.11567750135018,-6.884322498649823,6.884322498649823
4567,5.219952234350828,3.525273588760347,8.715707223364214,2.472349167778796,0.4712048320630765,33.53137304925446,-56.46862695074554,56.46862695074554
4568,1.039561305877423,1.0835205140759183,1.1016739614465298,1.0167541335256522,0.7947605040867248,71.76538280497358,-18.234617195026416,18.234617195026416
4569,0.9978425722559162,0.9147880697802744,1.1965782400032186,1.3080387463848626,0.7172977389262396,-68.82478741663701,21.175212583362992,21.175212583362992
4570,1.0683634687220958,0.923471216226616,1.2957238979203984,1.4031015533054072,0.9814179691798036,-37.38168474933456,52.61831525066543,52.61831525066544
4571,1.2121260584033826,1.0357814959559075,1.5616510121322218,1.5077031383834452,0.7998752442647188,-22.488871485213107,67.51112851478689,67.51112851478689
4572,1.1451621372724683,1.1861437512646018,1.242650938700422,1.0476394091151056,0.7229635157358001,6.343188832957622,-83.65681116704238,83.65681116704238
4573,1.2221025728266244,1.0485821006475204,1.8507833272960703,1.765034255451409,0.4476784439944808,-44.577364213028126,45.42263578697188,45.422635786971874
4574,3.8896822391406247,2.5799933008551137,6.90726959711548,2.67724322959526,0.3598419486628176,1.901684086962969,-88.09831591303703,88.09831591303703
4575,1.176542252445381,0.9588198417528184,1.874194597675313,1.9546890000201689,0.5675422077643423,-10.847475681721514,79.15252431827848,79.15252431827848
4576,0.9978425722559162,0.680633643688997,1.6958799191374805,2.491619294553093,0.6514644093194343,37.98344667776256,-52.01655332223744,52.01655332223744
4577,1.062665489594652,0.7589541091668451,2.1731266012978803,2.8633175248019502,0.3873232920993178,11.622502446715826,-78.37749755328417,78.37749755328417
4578,1.1074287385521373,0.9795106995874698,1.3850365046991784,1.4140085506799462,0.6784201949434499,62.52134484162113,-27.47865515837887,27.47865515837887
4579,1.0908577979726677,0.7584774411421912,1.921156997206184,2.5329125073424907,0.5241697816882991,34.21548699111581,-55.78451300888419,55.78451300888419
4580,8.860115171976034,6.118746105432842,15.864521310789767,2.5927732639051064,0.3690431904519266,-37.15605517796577,52.84394482203423,52.84394482203423
4581,1.096409273000846,0.8432832872628766,1.719488836858717,2.039040572521984,0.5683951411150083,-13.98165756462815,76.01834243537185,76.01834243537185
4582,1.6307115983086335,1.4434517067167985,2.129561744680293,1.4753259390465412,0.6895245425990804,82.97850583409112,-7.0214941659088765,7.0214941659088765
4583,2.087864581404573,2.119390662871484,2.5151236299313093,1.1867201615976084,0.5173866004375491,-88.59556462428513,1.4044353757148542,1.4044353757148684
4584,1.4783979621211876,1.3955542909218177,1.7538631693238906,1.2567502251491742,0.7301753646430447,70.68324087450175,-19.31675912549825,19.31675912549825
4585,1.6381408467855358,1.2735296921803658,2.243117141756649,1.7613387073184656,0.6900424192088882,-77.21473572166043,12.785264278339582,12.785264278339568
4586,1.0740312192037882,0.7296635160290095,1.751385001891801,2.4002639071543905,0.6527644833171279,-47.85552471759312,42.14447528240689,42.14447528240688
4587,1.5108941070107518,1.383133703991542,1.779249332856235,1.2863899764148292,0.7824917038392435,-2.113609760767742,87.88639023923226,87.88639023923226
4588,1.2660243778180809,1.1344931668771665,1.4746958986530263,1.2998719972129142,0.8752389760486209,50.0665490375856,-39.9334509624144,39.9334509624144
4589,1.5892300566907107,1.4003517552478797,2.7213383984678408,1.9433248741036,0.4316758150855906,67.15943887869177,-22.840561121308227,22.840561121308227
4590,1.1183396299962336,0.9441139551702942,1.419779872716635,1.5038225681777395,0.822060463851306,42.8021087831936,-47.1978912168064,47.1978912168064
4591,2.2038655607334228,1.908002559713741,3.6196270612860015,1.8970766275224789,0.4247484700392543,63.66498188593127,-26.33501811406873,26.33501811406873
4592,0.9855986414141252,0.951359927344601,1.1010132682143985,1.1573046504991062,0.880383831431153,-21.34866162126846,68.65133837873154,68.65133837873154
4593,1.4409640896579887,1.1395628821648998,2.410124245893717,2.1149550267160784,0.5124592763643931,24.644841940188023,-65.35515805981197,65.35515805981197
4594,1.4906670352488116,1.295484055569054,3.416562193588672,2.63728617801314,0.2919803276269778,80.29348325684576,-9.70651674315424,9.70651674315424
4595,1.5583682828180965,1.1968569047021385,2.4176415096161463,2.019992114443977,0.5766188288604481,-75.7697658944415,14.230234105558509,14.230234105558495
4596,1.5108941070107518,1.2832433272932748,1.8382390671544573,1.432494545700718,0.8786242519923155,-11.749413779978262,78.25058622002175,78.25058622002175
4597,0.928505064734256,0.7360461081172001,1.412164626133761,1.91858174448618,0.5582465984008331,-64.00765833169234,25.99234166830766,25.99234166830766
4598,1.0796692170979234,0.921169436453688,1.3868827127237515,1.5055674426878116,0.8185493591521362,-11.627281152259805,78.3727188477402,78.3727188477402
4599,1.7247976224747188,1.6826003976013442,1.9230412675987252,1.1428983794013987,0.6350867570864921,-83.72282210611624,6.27717789388376,6.27717789388376
4600,2.001760303601345,1.953139155424832,2.1217007216478,1.0863028964192285,0.8546126810025365,37.47998094964633,-52.52001905035367,52.52001905035367
4601,1.1074287385521373,1.1214152088919151,1.2589614051680686,1.1226541206018283,0.7760460018148557,-1.5136854267590103,88.48631457324099,88.48631457324099
4602,3.9083677697703454,2.93188724829165,5.441057226616,1.8558207617930709,0.6268636686165847,-5.667519252828427,84.33248074717157,84.33248074717157
4603,1.7423087071804406,1.1587312557020233,2.828246242010168,2.440812939232109,0.6043539853205349,-70.5122315744683,19.487768425531698,19.487768425531698
4604,1.1451621372724683,0.9823118877381188,1.7450778093188826,1.776500754090553,0.5415883080258153,-67.68279594950498,22.317204050495036,22.31720405049502
4605,1.2418151765086958,0.9041240508049376,1.953728591634538,2.1609076651540704,0.6488141043993948,25.5364390701806,-64.46356092981941,64.46356092981941
4606,2.500683434603541,2.183737278426649,2.98997855999154,1.36920250871285,0.6701003217683227,-54.07357075201897,35.92642924798102,35.92642924798103
4607,1.085277926096956,1.1172556160416944,1.184099487544283,1.0598286287782634,0.7589115966068032,9.35882170039334,-80.64117829960666,80.64117829960666
4608,0.8746320295080829,0.7281733105082182,1.2855232865076716,1.765408410273179,0.6298250542527296,87.70912660056372,-2.290873399436279,2.290873399436279
4609,1.3223193364400538,1.0621575046964622,1.745233235720093,1.6431021086828703,0.7493494212200993,64.3033964645222,-25.696603535477806,25.696603535477806
4610,2.145234178539265,2.523207834923921,3.417941777160099,1.3546017612390442,0.2367825066991692,-56.38212739146907,33.617872608530945,33.61787260853093
4611,0.973200680696656,0.7822151674698904,1.4217803325776426,1.8176332954223504,0.6311865253578348,34.688449750512454,-55.311550249487546,55.311550249487546
4612,0.9479184199131095,1.0264065339838158,1.166092174837965,1.1360919248165575,0.6074502044534937,39.513723216537336,-50.486276783462664,50.486276783462664
4613,1.3223193364400538,1.092743972816978,1.6914138527649218,1.5478592376992355,0.7636720631057455,-0.4917609595695513,89.50823904043045,89.50823904043045
4614,1.0511768765181757,0.7572115369907655,2.0312090276838264,2.6824855782785013,0.4530380781276767,2.09288458484392,-87.90711541515608,87.90711541515608
4615,2.306174458647176,1.6117371114589694,3.672917655744844,2.2788565390915783,0.5337435900003616,-54.01865213001403,35.98134786998597,35.98134786998597
4616,1.3630155737347494,0.9005439912372065,2.223882358869733,2.469487754634248,0.6204706804799477,41.12444265722122,-48.87555734277878,48.87555734277878
4617,0.9669420905017878,0.8888486178830646,1.0922703643989846,1.2288598332980498,0.9901360117668958,-70.04661889734619,19.953381102653793,19.953381102653807
4618,1.9711972828282505,1.6358541779641855,2.6369139388884992,1.6119492644326825,0.6296715969872418,30.37463802239936,-59.62536197760064,59.62536197760064
4619,0.9978425722559162,0.7561879724043854,1.6373590936375753,2.1652805299605684,0.5763032205489911,27.402831608851404,-62.5971683911486,62.5971683911486
4620,1.2991595879263365,1.032157516281312,1.923570481531963,1.863640433935181,0.5873620518334166,-26.69560784516165,63.304392154838354,63.304392154838354
4621,0.9414917802541344,0.94501313398081,1.1297788592826603,1.1955165686677138,0.7137237950147879,17.62257593393784,-72.37742406606216,72.37742406606216
4622,1.0511768765181757,0.8504084362836358,1.5128423381677918,1.7789597017393828,0.7023671289517125,-89.60412371973158,0.3958762802684248,0.3958762802684248
4623,1.021890421280174,0.8699719959037634,1.3369732509866612,1.536800330679331,0.807336735967726,28.69847375180347,-61.30152624819653,61.30152624819653
4624,1.3938469657443524,1.2778617178238054,2.240735341827912,1.7535037716317832,0.3829104568264307,23.239223670971374,-66.76077632902863,66.76077632902863
4625,1.3131044552792934,0.948218262548882,2.114815368492933,2.2303044056630488,0.6075692625423356,-18.74683968082777,71.25316031917222,71.25316031917222
4626,0.8606370140730026,0.8071946943935306,0.9553131506930967,1.18349780706977,1.0100887878761642,40.22593071595967,-49.77406928404033,49.77406928404033
4627,0.979419278671245,0.8322063717775142,1.2561618073359784,1.509435459684039,0.7646032011385674,-59.27050467595729,30.729495324042716,30.72949532404271
4628,1.7561918645793366,1.5926391551449566,2.0263114323951155,1.2722978873457922,0.7759851003867416,-22.74513583690176,67.25486416309823,67.25486416309823
4629,1.021890421280174,0.8537840103223688,1.381809347285744,1.6184530637485297,0.7393184794596168,32.414814649625605,-57.585185350374395,57.585185350374395
4630,1.4451712930335778,1.1345896306040792,1.935449446771024,1.7058585717380037,0.7589142913846,-39.51793634636636,50.482063653633645,50.48206365363364
4631,2.116743748196358,1.8699451553481727,4.045872521883887,2.1636316500045,0.2982113849998868,-14.320416160520113,75.67958383947989,75.67958383947989
4632,1.085277926096956,0.9605932019116123,1.44823949082777,1.5076511971412303,0.6091518232499796,52.720941062244464,-37.279058937755536,37.279058937755536
4633,1.270810876469873,1.295619393771826,1.4678108387992332,1.1329027998925834,0.6425206516442722,-14.254000556184817,75.74599944381518,75.74599944381518
4634,1.171370613113025,1.095934366510638,1.498989412548065,1.3677729783405916,0.6670401146288554,62.91304778628994,-27.086952213710063,27.086952213710063
4635,1.4987906214766678,1.37158688945343,2.04795182440618,1.493125838511243,0.4464042909618772,63.98202192226065,-26.01797807773935,26.01797807773935
4636,0.8172152218636723,0.7471950367198241,1.002554709305005,1.3417577205895344,0.7329895372578528,-83.09640018773815,6.903599812261859,6.903599812261845
4637,1.062665489594652,0.7940364640065127,1.56951737729456,1.976631361959325,0.6953941471450796,-88.14347755727611,1.8565224427238718,1.856522442723886
4638,1.4824989352200384,1.3568418220231822,1.9866893125326408,1.464201117835751,0.5655935463123766,45.35710588970077,-44.64289411029923,44.64289411029923
4639,0.9479184199131095,0.7029071062589077,1.4102218694934625,2.006270610919138,0.7674648428791346,-82.0072007931843,7.992799206815704,7.992799206815704
4640,1.7353254778478429,1.3845503067933551,2.539847831524261,1.8344207639566357,0.6828025269461404,46.38191216354132,-43.61808783645868,43.61808783645868
4641,0.9978425722559162,0.9243521722901246,1.1920549369461624,1.289611224683761,0.9006335184651244,-46.82452771712845,43.17547228287157,43.17547228287155
4642,1.7283140331024651,1.438159311736033,2.209961533583416,1.536659753581628,0.6091290922311721,44.23763137379439,-45.76236862620561,45.76236862620561
4643,1.550556863789422,1.0730359446819988,2.3953434245584977,2.2323049255058955,0.6174102750302948,-34.64106772891775,55.35893227108225,55.35893227108225
4644,0.9414917802541344,0.5157649301400571,1.91421647778766,3.7114126337900686,0.6211111900763836,-3.4660993861954847,86.53390061380452,86.53390061380452
4645,1.1345092346885122,0.8126478259169545,1.8311873676085613,2.253359092596272,0.5648363007243176,42.28866197019907,-47.71133802980093,47.71133802980093
4646,1.6999790965841823,1.576722693408619,2.112486329934636,1.3397957286755242,0.6398355489577008,30.19363927675376,-59.80636072324624,59.80636072324624
4647,1.0511768765181757,0.92179335469808,1.278068952003696,1.3865026749105918,0.9689394395357908,-87.00141960484044,2.998580395159564,2.998580395159564
4648,1.0159318257539256,1.0458976834339622,1.2190890004992168,1.1655910705305523,0.6160377813100268,-65.18320842855657,24.816791571443446,24.81679157144343
4649,1.0039085404212729,0.9318308964115994,1.143355959004421,1.22699940880624,0.9507248611761134,40.01074821751195,-49.98925178248805,49.98925178248805
4650,1.1237553499514827,1.0161435824502527,1.351510283728875,1.3300386944037417,0.7881066719518942,-28.942924080539434,61.05707591946057,61.057075919460566
4651,1.2515550525870838,1.1965534583140274,1.7725181929611578,1.4813531151869124,0.4618137349438393,-54.95386197184182,35.04613802815817,35.04613802815818
4652,6.954409435958779,3.7550049935168617,15.565455135029625,4.145255508821929,0.2536310658110015,-73.85346534443781,16.146534655562192,16.146534655562192
4653,2.5463947557410336,1.698608876684907,3.965652844680461,2.334647427735121,0.5964051942895775,-52.73075822600182,37.269241773998175,37.26924177399818
4654,1.8635374259717976,1.306325186490069,3.262463144848475,2.497435691042827,0.4706867098675906,21.95010203487921,-68.04989796512079,68.04989796512079
4655,1.4451712930335778,1.005493452709576,2.636890838876008,2.622484345144354,0.3888523803674099,23.800329399924408,-66.19967060007559,66.19967060007559
4656,1.1345092346885122,1.127120669444269,1.327465014096367,1.177748798405834,0.5708389192522034,31.15772350949056,-58.84227649050944,58.84227649050944
4657,1.0908577979726677,0.8578983713773868,1.4547309030156896,1.6956914146836142,0.8199792639438639,60.48826885723895,-29.51173114276105,29.51173114276105
4658,0.979419278671245,0.732538999951078,1.4988817911532997,2.0461460635589384,0.708253085147873,51.29185958806537,-38.70814041193463,38.70814041193463
4659,1.470161697690137,1.4658889680945115,1.5588237790132136,1.063398260674208,0.8861623945794118,-7.27512826067928,82.72487173932072,82.72487173932072
4660,2.125330979189304,1.9402273772207772,2.520802328792926,1.299230367733382,0.6700213451088454,81.37290545876601,-8.627094541233987,8.627094541233987
4661,1.857010129468512,1.6010876718799392,2.651063423440521,1.6557890426623163,0.5610358122271437,16.65290965744896,-73.34709034255104,73.34709034255104
4662,0.9219431092603804,0.7860280014509174,1.1343535073621809,1.443146434056159,1.066297886275391,-12.408621412888598,77.59137858711141,77.59137858711141
4663,1.6344304437273447,1.5348576962360856,1.9300705745960056,1.2574915442187875,0.6869200553210651,-29.878105064699096,60.1218949353009,60.1218949353009
4664,1.5738748168108194,1.4247635757338046,1.833554983339258,1.2869187664310628,0.764712000684355,-42.5802998951652,47.41970010483482,47.4197001048348
4665,1.615750625177174,1.352821669423597,2.5839252338994925,1.9100264966929728,0.4139256663023711,-56.12604030647884,33.87395969352116,33.87395969352116
4666,0.9606427264386592,0.8920302299043222,1.0908119643025502,1.2228419259059742,0.9829917020720784,-40.96020216703504,49.03979783296495,49.03979783296496
4667,1.518909516610108,1.105358398110707,2.1853561696810293,1.977056648247545,0.7474633359307193,64.16623186772996,-25.833768132270038,25.833768132270038
4668,3.7189211015250168,2.65779126031508,6.097382837432383,2.2941541453897103,0.4113601693237115,86.97472581996392,-3.025274180036078,3.025274180036078
4669,0.979419278671245,1.0492962901838483,1.5032720469516938,1.432647824084372,0.3830131634698524,22.829959311835037,-67.17004068816496,67.17004068816496
4670,1.502835947650602,1.222096790211762,2.123135711083269,1.7372893277261428,0.5819699617443181,-68.19587585923598,21.80412414076403,21.804124140764017
4671,0.9543017810603904,0.8482568112647245,1.1638310909914202,1.3720268149172703,0.8782868295021706,38.87312492545583,-51.12687507454417,51.12687507454417
4672,1.4824989352200384,1.2400466727192443,1.9142220692835716,1.5436693726099495,0.7394838751498988,54.502448943856805,-35.497551056143195,35.497551056143195
4673,1.2121260584033826,0.9408014984319588,1.6180318604754704,1.719844051239562,0.9040102130341248,20.817313373047,-69.182686626953,69.182686626953
4674,2.512793352570581,2.2877247897516213,3.0670725719768885,1.3406650073105522,0.6149967409096566,21.765217691280814,-68.23478230871919,68.23478230871919
4675,1.2221025728266244,1.1267776193981889,1.4524012220734432,1.288986572922144,0.7630871560645757,29.63671580791159,-60.363284192088415,60.363284192088415
4676,0.9414917802541344,0.8041621012850612,1.192349434766111,1.4827227406771863,0.8437539111306274,-0.6478019269852915,89.3521980730147,89.3521980730147
4677,3.858338599837588,2.764568465891,5.533636156327609,2.001627459981954,0.672406942467807,-0.0928751704850341,89.90712482951497,89.90712482951497
4678,2.198348992480018,1.6862240837475482,3.4758755088153586,2.061336652890404,0.4701797781141256,64.61014600721026,-25.38985399278974,25.38985399278974
4679,1.3495865213724043,1.1799452088127944,1.9152071624779077,1.6231322845955696,0.569583854535777,0.4459916950780746,-89.55400830492192,89.55400830492192
4680,1.021890421280174,0.8479548393053005,1.3185631074840876,1.5549921368033466,0.8270194808524761,35.83861949211072,-54.16138050788928,54.16138050788928
4681,0.9855986414141252,0.6482524201084039,1.8469614581764529,2.8491393180878446,0.4935932181584657,-43.03460267246961,46.96539732753038,46.96539732753039
4682,1.5892300566907107,1.471852392154616,1.87502287182954,1.2739204568501126,0.7110935102639623,8.647727424922245,-81.35227257507776,81.35227257507776
4683,0.9669420905017878,0.8686456539629226,1.1739411986012491,1.3514615461960948,0.7566683505448143,30.91896794315153,-59.08103205684847,59.08103205684847
4684,4.410485093070411,2.8495156754910376,7.0077288843766725,2.4592701646286184,0.555681497049841,-58.427448541204775,31.572551458795232,31.572551458795225
4685,2.0674091517192297,1.7167470612768927,3.0398892302041496,1.7707263339907058,0.4335947156116474,86.4081347082364,-3.5918652917635967,3.5918652917635967
4686,1.139848131163964,1.135702615368466,1.288196501342914,1.1342727258975036,0.7248092572461982,34.00377195465412,-55.99622804534588,55.99622804534588
4687,1.4865885952249918,1.3447208623446456,1.7439166019942676,1.296861416244846,0.8130920750045648,81.79041922937536,-8.20958077062464,8.20958077062464
4688,1.4865885952249918,1.1319240045809964,2.330070358134261,2.0585042358888592,0.5690054635674411,59.2945858257448,-30.705414174255203,30.705414174255203
4689,1.1183396299962336,0.9017445412180898,1.619731896478808,1.7962203511549406,0.6025909072524954,10.207005056380922,-79.79299494361908,79.79299494361908
4690,1.3223193364400538,1.0095259405011865,1.9300327790657836,1.9118208870468496,0.6617620393411561,-21.905934548781552,68.09406545121846,68.09406545121846
4691,2.190048085582714,1.6763302564775004,3.4305743500642345,2.0464788109670917,0.5051633056371998,-29.18136908385361,60.81863091614639,60.81863091614639
4692,0.928505064734256,0.7919562589301725,1.170255957100033,1.4776775155245228,0.7972565054270179,41.34533760607991,-48.65466239392009,48.65466239392009
4693,2.327140112221938,1.3113027206141536,5.039692331396936,3.843271467504145,0.3982163189934365,-75.35874315994879,14.641256840051199,14.641256840051213
4694,1.824023310076927,1.7321377865129983,2.009496869329109,1.160125300063148,0.7728298931559294,-5.063730438298517,84.93626956170148,84.93626956170148
4695,1.5544674799972351,1.2493322442372232,2.592483127222363,2.075095027108019,0.4045318036468928,-82.74444052599647,7.255559474003519,7.255559474003533
4696,1.4783979621211876,0.9222225224155984,2.6479508640891565,2.8712710866714883,0.5078201909989176,16.06190059641272,-73.93809940358727,73.93809940358727
4697,1.340559085464394,1.278639000755495,1.5740936651866808,1.231069648475147,0.657891984288236,-86.35948918971,3.6405108102899817,3.640510810289996
4698,1.585405189396292,1.3980837862443858,2.109974658441729,1.5091904213478262,0.535813668901637,-29.20608112818703,60.79391887181296,60.79391887181297
4699,1.2612197138901655,1.1378597922000036,1.5472120043181297,1.359756285373843,0.7463009803940506,-42.39107785204885,47.60892214795115,47.60892214795115
4700,3.947011855428269,2.892846361324401,9.564440314323432,3.306238603679127,0.1428744114487823,-36.83019598703275,53.16980401296725,53.16980401296725
4701,1.1019327803667114,0.8559785101990853,1.5341594412312631,1.7922873330948987,0.7872471072063457,-72.8707406255807,17.12925937441929,17.129259374419306
4702,0.928505064734256,0.7670142997420325,1.189580844315304,1.5509239458969566,0.8855783742858773,0.7132695938348116,-89.28673040616519,89.28673040616519
4703,3.178460113381421,3.033664581225274,3.843608897772597,1.266985454344525,0.4610363367735176,-23.24016879224382,66.75983120775618,66.75983120775618
4704,0.9350209696908578,0.7844195009308198,1.2963220751650106,1.652587771755737,0.6289923698069328,-7.968348200300267,82.03165179969973,82.03165179969973
4705,6.253893267981839,2.851822200473764,15.093885983827583,5.292716348627937,0.3301355762065204,-25.062702711253056,64.93729728874695,64.93729728874695
4706,2.653805558851462,1.9767363574444583,4.213334044092062,2.1314597812826674,0.3341908002093778,-49.8496652991036,40.150334700896394,40.1503347008964
4707,3.157378746458445,1.963773287159133,6.031721650072349,3.071495925478272,0.3213145037533327,-13.02821653535921,76.9717834646408,76.9717834646408
4708,6.0626334751131,5.083193712390655,7.862534504077977,1.5467705834055618,0.3759313979057679,-2.3757052646581167,87.62429473534188,87.62429473534188
4709,1.2897792515977275,1.0165689635822044,1.7063406603091822,1.6785291715933837,0.7766415567721953,12.55098240544575,-77.44901759455425,77.44901759455425
4710,1.0683634687220958,0.7813127237026377,1.9795246058193456,2.5335880829360966,0.4731009104831904,11.81178596357457,-78.18821403642544,78.18821403642544
4711,1.0159318257539256,0.9082277979895592,1.1606604034406902,1.277939748166608,1.0601994621732334,70.45262099663535,-19.547379003364654,19.547379003364654
4712,3.6663077184798736,3.003932731906592,5.141932222825041,1.7117334779868605,0.5757695241841464,-56.87714533606096,33.12285466393905,33.12285466393904
4713,1.6820273886595418,1.3678483039755474,3.2148522672654827,2.3502988291331417,0.3089159560827061,46.06471620554496,-43.93528379445504,43.93528379445504
4714,1.0453852243082644,1.0485627899211631,1.2563272678791717,1.19814214270719,0.620815927467198,-65.37117717321638,24.62882282678362,24.62882282678362
4715,1.4865885952249918,1.023377581369674,2.497765613442356,2.4407077689735805,0.5253754731254108,-51.225417329565296,38.77458267043471,38.774582670434704
4716,1.7938166040551036,1.4135681795980155,2.57148359587398,1.8191436628159297,0.6029635869682087,-66.79651682311109,23.20348317688891,23.20348317688891
4717,2.886138449171217,1.921556132063995,4.511543946870837,2.347859566311429,0.6436163424538216,5.712102742576966,-84.28789725742304,84.28789725742304
4718,1.0337045758596148,0.9286848129041604,1.436168250444902,1.546453899632268,0.6011747002045855,47.11284658301381,-42.88715341698619,42.88715341698619
4719,1.0511768765181757,0.9217610820377724,1.452008164020706,1.5752543607186107,0.6471244768250022,33.82749736819415,-56.17250263180585,56.17250263180585
4720,1.0039085404212729,0.7517453778767337,1.585411581042167,2.108974165587929,0.5573074492403531,-20.3780771090067,69.6219228909933,69.6219228909933
4721,1.380717816333713,1.2538431898067597,1.5637157265417887,1.2471381902092449,0.8865893776647003,-59.7611323782526,30.238867621747403,30.238867621747403
4722,0.9019708538191776,0.8194993007126545,1.1287606576604643,1.377378426899046,0.757585470075657,-47.78421572622188,42.21578427377813,42.21578427377812
4723,0.8952144227026446,0.7091567812800031,1.2429875754177735,1.7527683697450156,0.8134460600902068,-58.47287421425239,31.527125785747614,31.527125785747607
4724,1.2466946262544771,1.0155799359553808,1.896334544706036,1.8672430180713524,0.5403845836029617,17.224343391747837,-72.77565660825216,72.77565660825216
4725,1.585405189396292,1.2059508439137765,2.562165288527249,2.124601762549486,0.4882358689097652,-77.31304130877312,12.686958691226891,12.686958691226877
4726,1.6195038256468852,1.3789254076349169,2.2555167200519306,1.635706114024334,0.5802666450091922,49.4650651258752,-40.5349348741248,40.5349348741248
4727,0.928505064734256,0.7927541890923784,1.20082084445191,1.5147455049423653,0.8407612749671379,20.18502970114776,-69.81497029885224,69.81497029885224
4728,2.001760303601345,1.909456434880815,3.495313290933848,1.8305279068343967,0.4013526436152729,-44.62430211216604,45.37569788783395,45.37569788783396
4729,1.3938469657443524,1.180497115418281,1.8982994760978555,1.6080509230429063,0.5428326364440358,-44.725547960901466,45.27445203909855,45.274452039098534
4730,0.8606370140730026,0.6133664615001514,1.2926527726960555,2.1074722108778627,0.7986874718689262,53.19579425687741,-36.80420574312259,36.80420574312259
4731,3.995930987851799,3.607318990264167,4.610473260105132,1.2780885950337049,0.7336811099665237,-9.330650960130264,80.66934903986973,80.66934903986973
4732,1.2121260584033826,1.2271092449609309,1.34238156893036,1.093938110598376,0.6210632797494345,-76.2964111423712,13.703588857628802,13.703588857628802
4733,1.2171245375823248,1.1897391815118534,1.4157491622594605,1.1899659894031618,0.6942890571556175,-70.7394184651477,19.260581534852292,19.260581534852307
4734,2.363382516914025,1.883741113380073,4.129590439968791,2.1922282263930097,0.3380839194215496,-20.53668136644302,69.46331863355698,69.46331863355698
4735,0.8676627389239214,0.8544775417992988,1.071367897541171,1.2538280354158395,0.7140984814953979,43.48831186804691,-46.51168813195309,46.51168813195309
4736,1.6492219709549814,1.108195286952861,2.8256146350044857,2.549744316973149,0.5200493573797348,6.090673099300824,-83.90932690069917,83.90932690069917
4737,1.3223193364400538,1.0989893114604945,1.6236921589995508,1.4774412654129965,0.9302436267667412,-77.94180400466112,12.058195995338878,12.058195995338878
4738,1.2466946262544771,0.9455301841245748,1.8497157332201768,1.9562735957845152,0.6347364100666811,-7.752291083666961,82.24770891633304,82.24770891633304
4739,1.0796692170979234,0.8883720794092517,1.5898775883846263,1.7896528101624498,0.6453422229534705,-1.1811482190674722,88.81885178093253,88.81885178093253
4740,0.9917395023300404,1.0284263778760128,1.2368265933419815,1.202639897176085,0.5950518691020377,-14.305229832982617,75.69477016701738,75.69477016701738
4741,1.380717816333713,1.2831670944439495,1.5720510159796597,1.2251335175181497,0.845487833232037,67.33914902693505,-22.660850973064953,22.660850973064953
4742,1.8504598087771928,1.4164501022775533,2.6669568226153637,1.882845585825496,0.6319136041833997,-35.43987157616806,54.56012842383194,54.56012842383194
4743,1.1609582232861997,0.8336670111958502,2.06172099981591,2.4730749473443634,0.5118882930903029,77.14694101344979,-12.85305898655021,12.85305898655021
4744,1.9495180989563052,1.92831284317908,4.705978109339385,2.440464018058892,0.2141297037281495,-34.8428474356876,55.1571525643124,55.1571525643124
4745,1.3718952479298128,1.0017634300874727,2.075524012149876,2.0718704135253208,0.6581544108751941,46.96879317780417,-43.03120682219583,43.03120682219583
4746,2.800730762998428,2.4741118552382826,3.392436730439733,1.3711735478964455,0.5874654595168223,68.81121272397456,-21.188787276025437,21.188787276025437
4747,1.340559085464394,1.352497257753401,2.2705857950097617,1.6788099066325464,0.3784087781340037,41.83661577152886,-48.16338422847114,48.16338422847114
4748,1.1557168501373432,1.1648702946671476,1.5882936944350592,1.3634940316586075,0.4551035316531705,-14.968767110009573,75.03123288999043,75.03123288999043
4749,1.3223193364400538,0.9752713348626868,1.942004299102944,1.991245133208358,0.6710720700038085,26.45262882156621,-63.54737117843379,63.54737117843379
4750,2.190048085582714,2.465126881200113,2.621970180853397,1.063624838481712,0.4892032028666534,-66.89227786933698,23.107722130663035,23.10772213066302
4751,1.1504515979244476,0.8424024364165771,1.971763753442401,2.340643459947619,0.5208222338450945,-52.28581291757813,37.71418708242186,37.71418708242187
4752,1.0511768765181757,0.772759886653227,1.5985832506407394,2.0686674842351094,0.6997979821684307,-39.29798460212697,50.702015397873026,50.70201539787303
4753,1.062665489594652,0.8903560903070299,1.5197062764269855,1.7068522279697451,0.5723300808557755,-1.3947276682282927,88.6052723317717,88.6052723317717
4754,1.3938469657443524,1.348626729398793,1.5617266828372758,1.158012553654102,0.6336963184811911,-38.8717423128745,51.12825768712548,51.1282576871255
4755,1.2020667470700563,0.75403448277757,2.8230918222338466,3.743982386368689,0.3481213817319309,-53.90140672055999,36.098593279440024,36.09859327944001
4756,2.4041334941401127,2.0838870151807334,2.941612646115761,1.4115989133223892,0.718989225705844,-0.5719474158337041,89.4280525841663,89.4280525841663
4757,2.717107944649237,2.2142085718431974,3.4668401031100555,1.5657242715053337,0.7507786366844622,-58.14320920677532,31.85679079322469,31.856790793224683
4758,1.2515550525870838,0.9916401546266108,1.6738820809002246,1.6879934450924925,0.8161186141482321,-62.1374168812242,27.862583118775802,27.862583118775802
4759,1.0278144733504384,0.6584623095058428,1.7765567190288445,2.6980385868434893,0.6911878489120827,17.188274246353586,-72.81172575364641,72.81172575364641
4760,0.9219431092603804,0.7279970972427349,1.8562269110110072,2.549772407117289,0.4498527995507957,-25.97043381909177,64.02956618090823,64.02956618090823
4761,1.0039085404212729,0.8615308404067249,1.264346286987201,1.4675577793481065,0.7598214186918225,-10.35798436177526,79.64201563822473,79.64201563822473
4762,1.470161697690137,1.246275437442307,1.9234974897837736,1.5433967740961891,0.7340142752382132,73.96185516225115,-16.038144837748845,16.038144837748845
4763,1.0039085404212729,1.033258442939644,1.1437570192451645,1.1069418566676783,0.6564018354617214,-88.73345375934991,1.2665462406500865,1.2665462406500865
4764,1.2612197138901655,1.2673229395447954,1.3892352548221134,1.0961967241917892,0.7763536785999426,79.6172199201343,-10.382780079865697,10.382780079865697
4765,1.3084726790995154,1.1445867875000493,1.5677337037675485,1.3696940423292112,0.8570342357656505,70.44450257069089,-19.555497429309113,19.555497429309113
4766,2.728257388058968,2.580080678904693,2.996094359917693,1.161240570659057,0.7041633272230882,-87.03082987763577,2.9691701223642326,2.9691701223642326
4767,1.0039085404212729,0.9587069315033124,1.117274215571212,1.1653970351703375,0.85148437881375,-24.836090752939757,65.16390924706025,65.16390924706025
4768,1.514907113035081,1.302226357320013,1.832501733351249,1.407206760215286,0.849643264220461,-14.916800365507296,75.0831996344927,75.0831996344927
4769,1.7561918645793366,1.3877330307328035,2.4076323661162404,1.7349391509726269,0.6208419312799868,11.612938395146305,-78.3870616048537,78.3870616048537
4770,2.763633353375555,2.2422644892913133,3.699025273461333,1.649682850139789,0.6117104022468632,-52.52259762475691,37.47740237524309,37.47740237524309
4771,2.084954664197576,1.51820742154858,4.691680926902648,3.0902766382982816,0.2494292224473998,-68.8400177242439,21.15998227575608,21.159982275756093
4772,1.8635374259717976,1.6150061435324137,3.181698371017144,1.9700843763095484,0.3480649195080925,43.14676168897564,-46.85323831102436,46.85323831102436
4773,1.0683634687220958,0.8879993017158307,1.3551734517557856,1.5260974295106546,0.8460728216116667,-66.56482967258512,23.43517032741488,23.43517032741488
4774,0.9606427264386592,0.6693528976967588,1.631213324877841,2.4370004679009254,0.5583202722438871,-19.513218720356303,70.4867812796437,70.4867812796437
4775,0.9606427264386592,0.8734029010434834,1.145723115317716,1.3117922026007502,0.8653624652026519,-37.24604892637373,52.75395107362627,52.75395107362627
4776,1.2660243778180809,1.2489105152272968,1.562847802619546,1.251368920002338,0.5692907480983807,68.4095372758481,-21.590462724151905,21.590462724151905
4777,1.2991595879263365,1.3294531857461207,1.3537553800583186,1.018279842098057,0.7949541901179676,15.961500222913804,-74.0384997770862,74.0384997770862
4778,0.9978425722559162,0.9455270102493916,1.160964083041824,1.2278486711189869,0.7965541169072458,-40.483152389506685,49.5168476104933,49.516847610493315
4779,0.8746320295080829,0.6554265728018548,1.352958531791682,2.06424119487249,0.7780786631712876,-22.6956823015375,67.3043176984625,67.3043176984625
4780,1.4987906214766678,1.2746878299992996,2.0062032451312346,1.5738780883570034,0.5820143497788366,32.728165835898544,-57.271834164101456,57.271834164101456
4781,1.5622593457610967,1.4312128031793585,1.990535988095674,1.3908036482581838,0.6718502084489565,27.009697563546688,-62.99030243645331,62.99030243645331
4782,1.0337045758596148,0.9087927508628004,1.5989798313426642,1.7594548700180603,0.4721235377065457,63.42803484081049,-26.57196515918951,26.57196515918951
4783,0.9669420905017878,0.6874132937153709,1.4748639248700257,2.14552720809136,0.7528319481662832,71.23128057744982,-18.768719422550177,18.768719422550177
4784,0.9855986414141252,0.985698334364992,1.1472921917544,1.1639384502901795,0.8176212392330512,32.073737806866006,-57.926262193133994,57.926262193133994
4785,1.0569367929308613,0.7917232256155643,1.6602368965780745,2.0969915279259883,0.5659755776853737,36.872497456837,-53.127502543163,53.127502543163
4786,1.2944779165271465,1.01339771513925,1.910482471053,1.8852247666558857,0.6355977936693924,-84.0356777768975,5.964322223102499,5.964322223102499
4787,0.979419278671245,0.778817412503005,1.642219871106829,2.108607030021292,0.5194647958469044,-69.80882146972564,20.191178530274357,20.191178530274357
4788,1.0908577979726677,0.7892703205596728,1.5891668538492296,2.0134633375322526,0.7539269743220577,-82.45498708624572,7.545012913754277,7.545012913754277
