,Pair Number,X1 coord,Y1 coord,X2 coord,Y2 coord,Spacing
0,1,1.1283735795454546,94.85174005681817,2.608420632102273,98.8558682528409,4.268908746736845
1,2,2.042259360259434,54.733794590212256,3.9953659695817487,50.05161299904943,5.07320903176703
2,3,2.109925176056338,87.97177596830986,6.688916552197802,93.0921617445055,6.869171166876282
3,4,1.856219951923077,63.41796875,2.042259360259434,54.733794590212256,8.68616667460274
4,5,2.9849403782894735,74.13779810855263,6.060855263157895,80.03495065789473,6.65113979473948
5,6,3.2126266891891895,26.03462837837838,6.8115234375,29.9755859375,5.336965831612563
6,7,3.9953659695817487,50.05161299904943,6.932136194029851,48.910476912313435,3.150684198655286
7,8,6.060855263157895,80.03495065789473,10.701622596153847,80.80829326923077,4.704761442784363
8,9,6.688916552197802,93.0921617445055,9.090470679012345,94.46614583333334,2.7668202869669787
9,10,8.942780671296296,4.157624421296297,13.006218112244897,4.96452487244898,4.142778315885767
10,11,9.090470679012345,94.46614583333334,10.622336647727272,93.92385771780303,1.6250199218324477
11,12,9.513566300675675,41.22941300675676,9.845159471649485,44.01679284793815,2.8070340949231216
12,13,10.742827169759824,68.24487411299127,15.092974424939468,66.90245251967313,4.552568162691669
13,14,10.701622596153847,80.80829326923077,10.87404954879679,83.96844710895722,3.164854395503146
14,15,10.332414215686274,34.06224468954248,13.342153897849462,37.327788978494624,4.440981024221532
15,16,10.470145089285714,17.307245163690478,14.622541433706072,18.176698532348244,4.2424455873264755
16,17,12.199673587328768,8.586726776541095,13.006218112244897,4.96452487244898,3.7109110343257665
17,18,13.275230094178081,62.552841395547944,15.557215073529413,60.4928768382353,3.0742331439514103
18,19,13.342153897849462,37.327788978494624,17.135799632352942,36.26953125,3.9384841473382934
19,20,14.622541433706072,18.176698532348244,18.00718916223404,20.22350121897163,3.9554066142684077
20,21,14.891429227941178,26.733111213235293,18.00718916223404,20.22350121897163,7.216854040755018
21,22,15.557215073529413,60.4928768382353,15.925480769230768,57.726362179487175,2.7909179457122404
22,23,16.982265207219253,74.39944017379679,24.207515210176993,76.89522262168141,7.644159053317098
23,24,17.09793960492228,92.10957739637306,21.205357142857142,92.56290584415584,4.132358347542483
24,25,20.10270003434066,9.792990212912088,21.59377937030075,8.261865601503759,2.137208497500302
25,26,14.891429227941178,26.733111213235293,24.177491251156873,27.604565847697828,9.326863410543492
26,27,17.135799632352942,36.26953125,21.16794338474026,47.015143060064936,11.4772103061904
27,28,21.59377937030075,8.261865601503759,22.23162615740741,6.665943287037036,1.7186670874939989
28,29,21.205357142857142,92.56290584415584,21.796875,90.92556423611111,1.740913816578344
29,30,27.15904552715655,99.17382188498402,29.94239936440678,94.62807865466102,5.330181994956929
30,31,27.85901521381579,69.23057154605263,28.615513392857146,63.161830357142854,6.115710025243424
31,32,28.67098721590909,93.49920099431817,29.94239936440678,94.62807865466102,1.7002510471599908
32,33,30.861150568181817,54.43803267045455,34.98155381944444,56.364474826388886,4.548505505457432
33,34,31.46175986842105,37.43832236842105,38.9797794117647,31.594669117647058,9.522021905529234
34,35,30.861150568181817,54.43803267045455,33.15297719594595,48.814268369932435,6.072824235852353
35,36,35.39330146777891,15.151643291518086,41.69178838315217,14.264181385869565,6.360701695340342
36,37,33.9796344053398,82.74328731796116,35.682444852941174,79.36580882352942,3.78244952389445
37,38,34.49890793010753,75.76339885752688,35.682444852941174,79.36580882352942,3.7918487853374225
38,39,36.53539941014056,28.59602472389558,38.9797794117647,31.594669117647058,3.8687028565808976
39,40,39.49893904320987,0.8566020447530863,47.19566932091347,4.575758713942308,8.548203512884673
40,41,40.20540916313559,64.4680217161017,41.336287313432834,62.5918260261194,2.1906610093594714
41,42,40.818496577995866,92.04283154700413,41.33342729810997,83.4521316580756,8.606118650597024
42,43,41.33342729810997,83.4521316580756,43.204273897058826,80.66061580882354,3.3604505253647194
43,44,40.89408160971223,41.129440197841724,47.107289138349515,39.94425060679612,6.325236925257256
44,45,41.69178838315217,14.264181385869565,43.765129841549296,9.303018632629108,5.376976907821786
45,46,43.0461140422078,20.72764475108225,46.1836454884106,20.120421150662253,3.1957509409868705
46,47,47.25528624856157,98.03305253883774,51.52521306818182,91.66281960227273,7.668907530477206
47,48,48.21384015702626,51.15780529187367,54.99568618733063,49.57576431233062,6.963927716433352
48,49,43.765129841549296,9.303018632629108,47.19566932091347,4.575758713942308,5.840855028015925
49,50,47.076416015625,33.918980189732146,48.52519132653062,31.73927774234694,2.6172605259367514
50,51,47.107289138349515,39.94425060679612,48.338130482456144,38.163034539473685,2.165109949367425
51,52,49.26060267857143,62.67492273351648,50.17597462871287,66.01755878712872,3.465706507195052
52,53,52.50391806325605,76.9957511655746,55.1243509992163,78.8190022531348,3.192320989523874
53,54,51.52521306818182,91.66281960227273,54.45259712837838,87.8391575168919,4.815596451019517
54,55,53.30711570945946,13.002797719594595,57.23322088068182,12.574351917613635,3.9494135793474543
55,56,54.99568618733063,49.57576431233062,55.621803977272734,44.39169034090909,5.2217474496620575
56,57,48.52519132653062,31.73927774234694,55.13731060606061,34.681778724747474,7.237294618720476
57,58,55.7141755756579,99.64792351973685,62.521763392857146,98.27427455357143,6.944793976146945
58,59,56.4734461565097,9.973110716759003,57.23322088068182,12.574351917613635,2.7099286736950257
59,60,56.4734461565097,9.973110716759003,58.75068166729894,2.000841710925645,8.291132291368335
60,61,59.65313488924051,92.88963607594937,62.521763392857146,98.27427455357143,6.101095067809535
61,62,57.23322088068182,12.574351917613635,61.04830228365385,13.855919471153847,4.024582152918486
62,63,62.88284706858407,41.79514657079646,64.69481777704486,36.37218626319261,5.7176687859797095
63,64,63.20408107517482,73.95036604020979,66.59966010551948,73.2339437905844,3.4703339595887064
64,65,64.69481777704486,36.37218626319261,66.35923032407408,33.17418981481482,3.6051976936841195
65,66,64.64192708333333,55.932291666666664,67.8346747885169,54.881968817494595,3.3610736374628836
66,67,67.0806716160221,79.29957268646409,70.865234375,75.2734375,5.525638408032746
67,68,66.35923032407408,33.17418981481482,67.8826279527559,26.731668307086615,6.620183057334129
68,69,68.56597526269702,87.95014229422067,70.80737964527027,92.9885451858108,5.514471625115366
69,70,69.25965507075472,1.7965064858490567,71.33337710084034,5.513885241596639,4.256668635417354
70,71,69.50437814597315,12.987625838926176,71.56898556774809,10.104812738549619,3.5458729782312903
71,72,70.75760818804483,41.98476903019925,74.1317437013145,38.42255203261928,4.906544649726054
72,73,66.59966010551948,73.2339437905844,70.865234375,75.2734375,4.728071323404504
73,74,73.09690875771605,64.34642650462963,75.9610409768212,68.05864548841059,4.688690984918919
74,75,74.1317437013145,38.42255203261928,76.55603065851734,33.61608463130915,5.38324215791197
75,76,76.82291666666666,95.73396381578947,77.62315538194444,93.15728081597221,2.698087708540373
76,77,71.33337710084034,5.513885241596639,77.39010581487342,5.6445930577531644,6.058138926155236
77,78,78.21274909420289,17.32195425724638,86.87648734969939,15.381740042585172,8.878332712763527
78,79,74.1317437013145,38.42255203261928,78.32532051282051,44.66271033653847,7.518355015026389
79,80,81.72420467342343,83.764428490991,83.78518211920529,81.72437655215232,2.8999034372166532
80,81,84.07348070276498,24.311455933179722,88.67680027173913,29.115319293478258,6.653394189323153
81,82,84.12828947368422,67.05986156798247,90.38718894675925,69.98607494212963,6.909164010580208
82,83,83.97391183035714,75.76264880952381,86.97866586538461,76.9891826923077,3.24544791617903
83,84,84.12786989795919,51.33330676020408,85.94352816358025,51.478105709876544,1.8214229803492517
84,85,88.12653695427596,42.175078040783326,88.99739583333334,47.84860321969697,5.7399723991496865
85,86,86.97866586538461,76.9891826923077,87.45236280487805,79.64700838414635,2.6997085395803504
86,87,85.94352816358025,51.478105709876544,88.99739583333334,47.84860321969697,4.743352830075246
87,88,90.38718894675925,69.98607494212963,92.42549189814815,73.59953703703704,4.148709104405041
88,89,91.54684501781799,56.66428950794956,94.85212053571429,57.65904017857143,3.451720606582663
89,90,93.71942077020202,98.11987058080808,96.32126828457447,93.0653673537234,5.684858253347699
90,91,95.96851145038168,28.22265625,97.78771033653845,27.453926282051285,1.9749507211615454
91,92,95.8365563118812,32.12407178217821,95.96851145038168,28.22265625,3.903646412432625
92,93,96.32126828457447,93.0653673537234,99.59969008264463,90.39336905991735,4.229376356883373
93,94,97.73406374501991,82.3390033615538,98.9990234375,79.30591724537037,3.286294936822302
94,95,94.85212053571429,57.65904017857143,97.59048150510205,53.91322544642857,4.640016035123665
95,96,86.87648734969939,15.381740042585172,98.87285305343512,3.3628041507633584,16.98139011004368
96,97,92.42549189814815,73.59953703703704,99.21602217178771,69.9964356378026,7.687238846971025
97,1,0.9634622713414633,1.7768673780487805,5.46875,1.5558182565789473,4.51070728734461
98,2,0.695118400621118,21.632982336956523,0.7156121926229508,25.266553534836067,3.6336289911836634
99,3,0.44880319148936176,41.46962267287234,4.242369186046512,37.75776707848838,5.307449001980135
100,4,0.390625,58.97042410714286,2.783549423758865,57.572168661347526,2.771498798397361
101,5,2.0235711935059233,85.8680822180781,5.550570101351352,83.62146326013513,4.181748203578451
102,6,0.7156121926229508,25.266553534836067,3.1425828771289535,27.875275623479318,3.563091023146439
103,7,1.312934027777778,93.10093118686868,4.0232035928143715,91.67582803143712,3.062103871325178
104,8,2.041440217391304,30.867017663043477,3.1425828771289535,27.875275623479318,3.1879516289287744
105,9,2.173030638753056,54.09320560819071,2.783549423758865,57.572168661347526,3.5321264292314267
106,10,2.0570044424019605,70.40106081495098,3.041280003934942,75.31151626442812,5.008130499730501
107,11,3.041280003934942,75.31151626442812,3.1295572916666665,79.17578125,3.865273180287012
108,12,2.783549423758865,57.572168661347526,3.1916182170542635,59.88977713178295,2.353259263722467
109,13,2.6609848484848486,17.958984375,5.913551788869258,19.51779207155477,3.6068092736544837
110,14,3.5452610831809874,47.85209809186471,7.650252214566929,48.470103346456696,4.151250737242997
111,15,2.5122974537037037,98.51779513888889,7.007355385638298,99.5865192819149,4.620358980137236
112,16,3.1295572916666665,79.17578125,4.268848094170403,81.76105311098655,2.825175061456982
113,17,3.6580709586466162,34.395926339285715,4.242369186046512,37.75776707848838,3.4122393782244154
114,18,4.268848094170403,81.76105311098655,5.550570101351352,83.62146326013513,2.2591895066034215
115,19,5.131312779017857,14.211600167410715,8.03967927631579,12.855674342105264,3.2089142285725423
116,20,5.610052614795919,23.900669642857142,5.913551788869258,19.51779207155477,4.393373140730089
117,21,5.913551788869258,19.51779207155477,6.831781914893617,17.01400432180851,2.6668520131642395
118,22,5.613982371794872,8.997521033653847,8.03967927631579,12.855674342105264,4.557340499031971
119,23,6.026498067010309,62.8040431701031,6.635148948598131,66.2656980140187,3.5147560589693763
120,24,7.012939453125,44.36848958333333,7.581676136363637,41.43377130681819,2.9893197850637057
121,25,6.804470486111111,51.60915798611111,7.650252214566929,48.470103346456696,3.2510015015262015
122,26,7.929609686254981,78.85567106573706,10.372121710526317,77.59560032894737,2.7483892101417813
123,27,8.820064484126984,94.71028645833334,10.234375,91.6416015625,3.3789201270856752
124,28,3.6580709586466162,34.395926339285715,8.728325076219512,30.991568216463417,6.10713771297087
125,29,7.581676136363637,41.43377130681819,10.585254822037511,36.974837489343564,5.376204582198596
126,30,6.804470486111111,51.60915798611111,10.021755449288257,52.576943394128115,3.3596921183728155
127,31,10.372121710526317,77.59560032894737,12.771640388018199,80.62841648761375,3.867255323339839
128,32,11.20914642467249,58.07220592248908,13.218706109550563,60.96383426966292,3.5213413105330402
129,33,8.03967927631579,12.855674342105264,11.635524054982818,12.712427512886599,3.598696892813861
130,34,11.330492424242426,87.46626420454545,13.898397229381443,89.34540109536083,3.1820261693894523
131,35,11.861393960674157,3.1754740168539324,18.118990384615387,5.247486888111888,6.5917183149449485
132,36,12.225700827205882,20.028866038602942,14.42778168252595,21.491809039792386,2.6437402138062556
133,37,12.200296336206897,64.65517241379311,13.218706109550563,60.96383426966292,3.829247414408264
134,38,13.235754358308604,16.01098850148368,15.82229201858108,16.90112964527027,2.735421050564156
135,39,10.234375,91.6416015625,12.691482843137255,94.22200520833334,3.563125303471183
136,40,10.021755449288257,52.576943394128115,13.604929652149323,53.834885817307686,3.797572449352865
137,41,13.53183962264151,44.721034787735846,18.726603190104164,45.17008463541667,5.214136005853656
138,42,16.176688388625593,27.384478672985786,16.47254873853211,23.865754013761467,3.5311409734079007
139,43,12.691482843137255,94.22200520833334,16.824479166666666,93.08125000000001,4.287537878042276
140,44,16.47254873853211,23.865754013761467,18.698365660919542,24.154768318965516,2.2445022255722606
141,45,17.43706597222222,85.98658647486772,19.627437734962406,86.71875,2.3095003543068935
142,46,17.727213541666668,33.08333333333333,21.855024857954543,31.635076349431817,4.3745027779501715
143,47,18.118990384615387,5.247486888111888,19.545032132056452,2.124810987903226,3.4328850611677564
144,48,18.726603190104164,45.17008463541667,20.24458677030457,42.82499206852792,2.79351629618209
145,49,17.43706597222222,85.98658647486772,19.261532738095237,81.43043154761904,4.907873949162464
146,50,16.824479166666666,93.08125000000001,19.300851422155688,98.37551459580838,5.844797443725993
147,51,19.491038602941178,57.828166778074866,23.90111019736842,58.19078947368421,4.4249549926914575
148,52,19.3359375,69.8193359375,21.21877959280303,75.18495501893939,5.686383954108036
149,53,18.118990384615387,5.247486888111888,19.66903895547945,8.354291523972602,3.472014633817571
150,54,17.727213541666668,33.08333333333333,20.266335227272727,36.96644176136364,4.639576489094125
151,55,19.66903895547945,8.354291523972602,22.450910295758927,12.189592633928571,4.7379682098867875
152,56,21.564370013297875,18.572868184840424,25.72021484375,21.54129091113683,5.107110703400569
153,57,21.21877959280303,75.18495501893939,24.189624451754383,75.21530062134502,2.970999837014983
154,58,21.377418154761905,62.05473400297619,23.90111019736842,58.19078947368421,4.615093590747736
155,59,24.189624451754383,75.21530062134502,26.059375000000003,75.93828124999999,2.004661592906672
156,60,23.90111019736842,58.19078947368421,24.362063717532468,54.641842532467535,3.578757122147695
157,61,25.148237179487182,86.41451322115384,27.288862910583944,88.22137317518248,2.8012535433455366
158,62,24.362063717532468,54.641842532467535,25.130615234374996,51.49108886718749,3.2431343008448694
159,63,25.3223058127572,34.538966049382715,26.46867340686275,38.703469669117645,4.319403785200071
160,64,25.7682890522339,42.03415017247043,28.609762105855857,41.72033361486486,2.858749717321735
161,65,25.72021484375,21.54129091113683,28.867621527777775,25.166666666666664,4.800991377147665
162,66,25.130615234374996,51.49108886718749,27.17912946428571,49.752604166666664,2.6867712228791816
163,67,26.502574573863637,14.938077059659092,29.337615030674847,12.419418615797547,3.792241388491953
164,68,25.7682890522339,42.03415017247043,26.46867340686275,38.703469669117645,3.403523300878556
165,69,26.96561073059361,71.80766623858447,28.990487833969464,74.9109166269084,3.7054406291841118
166,70,28.13563582920792,4.579207920792079,28.501538133528264,2.034029300682261,2.571345699156582
167,71,27.288862910583944,88.22137317518248,28.853665865384613,86.56757061298077,2.276767709297076
168,72,27.17912946428571,49.752604166666664,28.171311211340207,48.007611146907216,2.0073428352419804
169,73,28.990487833969464,74.9109166269084,29.3896484375,77.541015625,2.6602161429427693
170,74,28.609762105855857,41.72033361486486,30.24253362341772,42.88304324894515,2.004454170527324
171,75,29.337615030674847,12.419418615797547,32.52303824240331,10.78427140883978,3.580590373980286
172,76,29.3896484375,77.541015625,31.513671875,76.69692095588235,2.28560087799295
173,77,28.853665865384613,86.56757061298077,30.11769261853448,88.68029364224138,2.461983393739024
174,78,28.853665865384613,86.56757061298077,30.609587585034014,84.2105787627551,2.939161728719043
175,79,31.61463191853234,55.78722597947762,35.58449667008197,56.355660860655746,4.010354642639
176,80,30.813571626106196,64.70979673672566,36.88281853748068,65.58809589934313,6.132468303243261
177,81,30.24253362341772,42.88304324894515,32.55715762867647,39.232249540441174,4.322705054450536
178,82,31.421595982142858,97.41838727678571,35.535960477941174,95.49172794117648,4.543127931257931
179,83,28.171311211340207,48.007611146907216,32.65158913352273,49.090576171875,4.609306184806954
180,84,28.867621527777775,25.166666666666664,34.12956034820031,20.9022581670579,6.772974235991539
181,85,34.62691855641593,33.93381844579646,34.97515928398058,29.751972087378643,4.196321075626497
182,86,36.2259753642638,91.91160611579755,37.078723768248175,89.11524863138686,2.923490212249324
183,87,35.535960477941174,95.49172794117648,36.2259753642638,91.91160611579755,3.6460105359010333
184,88,36.746903153153156,72.69672015765765,36.88172457510965,77.3767304002193,4.681951803073183
185,89,37.4420166015625,9.575398763020832,38.87833305027174,12.74679432744565,3.4814874359799344
186,90,37.783050537109375,45.017242431640625,40.7614706215971,47.92139292196007,4.159937051218746
187,91,38.07994106359649,1.7321134868421053,41.37728416313559,3.0279644465042375,3.5428380185573545
188,92,39.137556041844576,37.86552292378309,40.30391808712121,33.21274266098485,4.7967452084248485
189,93,40.7614706215971,47.92139292196007,43.88474684495192,49.95023287259615,3.724385306687618
190,94,39.93793916420118,6.486917529585799,41.37728416313559,3.0279644465042375,3.746474403611604
191,95,37.078723768248175,89.11524863138686,40.2541893115942,88.80703691123189,3.190388045586112
192,96,40.30391808712121,33.21274266098485,41.48697036880631,30.051291525900904,3.3755571363441477
193,97,41.44540250576037,57.52808179723502,46.562062733208954,54.82013759328358,5.7890563734401805
194,98,41.14879261363637,24.538352272727273,43.255868375576036,21.642335109447007,3.581435979682944
195,99,42.47920704134367,11.84719194121447,46.06946420753065,10.954773697460595,3.699507648477253
196,100,42.03471522177419,79.19764364919355,44.254521202882486,74.83283675166297,4.896843661634981
197,101,35.535960477941174,95.49172794117648,42.14084892515923,99.25047273089172,7.599520629250642
198,102,42.91229248046875,86.20681762695312,45.5546875,86.3974609375,2.649263352537803
199,103,43.255868375576036,21.642335109447007,43.66861979166667,16.98224103009259,4.678337371323158
200,104,43.88143671383648,36.60021128144654,45.56902985074627,37.23035214552239,1.8014017054292109
201,105,46.562062733208954,54.82013759328358,51.962425595238095,55.14389349489795,5.410058865244785
202,106,45.63290028089887,34.41230688202247,46.17156982421875,30.738067626953125,3.713515716998243
203,107,43.88143671383648,36.60021128144654,45.63290028089887,34.41230688202247,2.8025970612569586
204,108,47.58254011015325,5.005911757662835,51.096700764388494,9.83939410971223,5.975941494973657
205,109,47.26122606981982,25.390625,50.58751260080645,27.24451864919355,3.808031479484284
206,110,45.5546875,86.3974609375,47.88498450969828,88.99675040409483,3.4909296590678407
207,111,48.25981425051867,64.93623978864107,50.26024556504599,68.44240206143233,4.036694108709027
208,112,43.66861979166667,16.98224103009259,48.481633112980774,19.032639723557693,5.231561146857637
209,113,50.26024556504599,68.44240206143233,54.0492046310241,69.8265719126506,4.03387369419015
210,114,50.7683113170347,97.02009808753942,51.873779296875,99.08854166666666,2.345318378064026
211,115,51.04893275669643,33.18568638392857,54.150390625,34.78879503383758,3.4912745884956116
212,116,51.096700764388494,9.83939410971223,55.2287164135514,11.119122371495326,4.325651135833031
213,117,52.88018308518006,89.10605306440443,54.04296875,86.43851902173914,2.909949891508276
214,118,51.16503906249999,58.7548828125,51.962425595238095,55.14389349489795,3.6979817650210434
215,119,53.53896422955975,40.05134630503145,54.150390625,34.78879503383758,5.297951313383815
216,120,53.3076171875,2.474609375,53.869155765503876,4.620503270348837,2.2181492701533903
217,121,53.35565476190476,63.388206845238095,57.951368979357795,62.72219036697248,4.643723410994817
218,122,50.58751260080645,27.24451864919355,55.70599367041753,23.480674646505776,6.353374704559438
219,123,54.0492046310241,69.8265719126506,55.652098487748844,72.3967804843032,3.0290659975844862
220,124,54.04296875,86.43851902173914,54.45748321280992,83.04251678719008,3.421206427116139
221,125,55.13937539357683,14.448943246221663,55.2287164135514,11.119122371495326,3.3310191947230443
222,126,57.20458984375,0.50537109375,59.73140357905983,1.7906428062678064,2.834909350922683
223,127,57.361379977876105,48.00798534292036,58.58712923728814,48.91750529661017,1.5263314820539708
224,128,57.12716238839286,53.09012276785714,58.58712923728814,48.91750529661017,4.420660557114588
225,129,54.04296875,86.43851902173914,58.46424932065217,87.92388473731883,4.664121910225549
226,130,58.74348958333333,77.1182528409091,59.33390827922078,79.7354403409091,2.6829581895008476
227,131,54.150390625,34.78879503383758,60.0551791958042,34.05642209353147,5.950033461216205
228,132,58.58712923728814,48.91750529661017,60.40174696180556,48.12079535590278,1.9818133655202634
229,133,60.40174696180556,48.12079535590278,62.372165256076386,46.58949110243056,2.4954841155774297
230,134,61.7258955792683,54.41517403455285,64.38090006510416,53.5186767578125,2.8022769647219796
231,135,63.297814965483234,68.83629191321499,66.81525311346863,70.77879958487084,4.0181721191786695
232,136,62.65467701342282,98.63150167785236,62.91716914848994,96.54205117449665,2.105874052963639
233,137,62.780309606481474,25.630244502314813,64.56355870327103,28.553044684579437,3.4238484555609157
234,138,58.46424932065217,87.92388473731883,62.94765054744526,85.55186473540147,5.072215043736397
235,139,62.90253429878049,5.278995172764227,64.62223704268293,4.390958460365853,1.9354551738422914
236,140,62.90253429878049,5.278995172764227,64.29119925213675,11.972071981837606,6.835617567187023
237,141,65.85852581521739,19.974241394927535,67.56649925595238,21.542503720238095,2.3187539747124104
238,142,66.31106606012658,59.74028382120253,66.49179687499999,56.281640624999994,3.463362006213459
239,143,66.2022953539823,44.347172289823014,69.86375330438067,42.28250094410876,4.203467864555271
240,144,66.29685621995193,34.942626953125,70.91683321220931,37.70099018895349,5.380776444878355
241,145,59.33390827922078,79.7354403409091,66.552734375,79.10802504595588,7.24604030857159
242,146,66.49179687499999,56.281640624999994,69.37481037621359,56.21918613470874,2.8836898951755208
243,147,67.56649925595238,21.542503720238095,67.7734375,24.29296875,2.758238807063786
244,148,68.84719195721077,86.38616159865293,72.70063920454545,85.8487215909091,3.8907451021513806
245,149,70.4076286764706,20.74126838235294,73.26705648291926,20.54299301242236,2.866293861873367
246,150,70.28862847222223,63.729745370370374,72.33498831775701,65.73360835280374,2.8640976711320274
247,151,70.91683321220931,37.70099018895349,71.74878929093568,33.49152503654971,4.290891257796162
248,152,73.0508804321289,10.26712417602539,77.32177734375,14.006347656250002,5.67647361173798
249,153,71.74878929093568,33.49152503654971,75.00392869971265,33.38833512931034,3.256774589609927
250,154,72.70063920454545,85.8487215909091,75.15515701034063,85.29691301703163,2.5157802688570094
251,155,70.28862847222223,63.729745370370374,73.4443359375,62.1435546875,3.5319244738293425
252,156,72.70063920454545,85.8487215909091,73.48828125,90.96223958333334,5.173823175429779
253,157,75.29280626039933,55.882935992096506,77.05738740808825,50.79733455882353,5.383037113459953
254,158,74.42788993362832,96.75487417035397,75.73640784438776,97.88843271683673,1.7312348486217397
255,159,75.00392869971265,33.38833512931034,76.796875,32.03425480769231,2.2468177391829807
256,160,75.0259724069149,78.58523105053192,77.03367358576642,76.32869525547446,3.020400274456584
257,161,77.13125,44.21640625,80.63151041666666,43.898683840090094,3.5146508381690595
258,162,77.03367358576642,76.32869525547446,79.99114372469636,76.05919471153845,2.969723920812171
259,163,77.17318600171232,66.45173373287672,79.19878664269912,66.612797289823,2.031993953274047
260,164,77.32177734375,14.006347656250002,81.93102384868422,15.03734923245614,4.723147001035204
261,165,78.49048576732673,62.711749690594054,79.19878664269912,66.612797289823,3.9648281805777272
262,166,79.80219102443608,24.341517857142858,85.20462178738318,23.108024240654206,5.541458711418437
263,167,80.1826171875,5.546875,83.05829581567797,9.19292902542373,4.643623319011572
264,168,81.13166012670196,37.614646369137674,84.22154017857143,39.863804408482146,3.821788929400566
265,169,75.73640784438776,97.88843271683673,80.61262523854961,95.64125119274809,5.369108015055396
266,170,79.99114372469636,76.05919471153845,82.03650365901899,72.24213805379746,4.330521768717612
267,171,79.19878664269912,66.612797289823,81.7041015625,66.5224609375,2.5069430595703466
268,172,81.93102384868422,15.03734923245614,85.68006654312669,14.950882328167117,3.7500396864953043
269,173,81.13166012670196,37.614646369137674,82.37117913251366,33.48168545081967,4.314831783292646
270,174,82.94672792257086,59.39476847165992,85.81840071097884,57.3864810681217,3.504243555875247
271,175,82.37117913251366,33.48168545081967,83.55266626827897,28.909325787401574,4.722540073269018
272,176,83.8996731505102,79.21914859693877,88.07565789473685,81.66889391447368,4.841497774945055
273,177,85.20462178738318,23.108024240654206,86.80522423664122,19.82869155534351,3.6491027748636955
274,178,86.26116071428571,85.42271205357143,89.18670358009709,85.13159890776699,2.939991143415224
275,179,87.7005481497669,4.259087266899767,94.23211348684211,4.537417763157895,6.537492915302444
276,180,87.6224841101695,45.207809189618644,91.54057141245488,43.89348770306859,4.132656419101042
277,181,87.81951017894191,74.24650706690872,92.55385539940828,72.80822392751479,4.947997883550239
278,182,88.07565789473685,81.66889391447368,89.18670358009709,85.13159890776699,3.6365847144726335
279,183,87.65368852459017,37.84206369535519,90.08847891566265,38.22006777108434,2.463958467532832
280,184,87.53050085616438,50.60199058219178,87.6224841101695,45.207809189618644,5.394965599056184
281,185,89.92800511416318,93.2173953987019,91.30473889802632,86.7919921875,6.571240547883918
282,186,88.00443491541353,33.81916705827068,90.8946091154485,35.482636004983384,3.3347017622608046
283,187,89.02886284722223,58.97569444444445,89.2611416903409,61.90407492897727,2.9375782071552137
284,188,89.18670358009709,85.13159890776699,91.30473889802632,86.7919921875,2.6912784046579286
285,189,89.59921665549598,27.40056342158177,92.98687780688623,27.281764595808383,3.389743535674019
286,190,90.08847891566265,38.22006777108434,91.92078293010752,39.70619119623656,2.3592161486682324
287,191,90.08847891566265,38.22006777108434,90.8946091154485,35.482636004983384,2.8536605567350435
288,192,85.68006654312669,14.950882328167117,90.83300229519774,13.63325388418079,5.3187302602570385
289,193,90.8946091154485,35.482636004983384,91.53347190366972,32.40933199541284,3.1390035357444517
290,194,92.55385539940828,72.80822392751479,95.78055658284023,75.80725314349112,4.405198833814521
291,195,92.7503083881579,53.9293791118421,95.33203125,50.78071489726027,4.0717783917529715
292,196,92.98687780688623,27.281764595808383,94.39273756377551,25.33432318239796,2.401867963628887
293,197,94.23211348684211,4.537417763157895,97.77116130169173,5.995579769736842,3.8276749957673077
294,198,91.30473889802632,86.7919921875,95.6685648336039,85.9178419237013,4.450518563012505
295,199,90.8946091154485,35.482636004983384,94.60846656976744,34.842841569767444,3.768563932101142
296,200,89.2611416903409,61.90407492897727,94.981689453125,65.657958984375,6.842244676103255
297,201,89.92800511416318,93.2173953987019,97.5503251726827,96.94985238413547,8.487107765465266
298,202,95.78055658284023,75.80725314349112,99.02991194751381,73.83028314917127,3.803514249266592
299,203,97.73974072802197,18.686827495421245,99.00099868527508,13.19971177184466,5.630205200403948
300,204,97.77116130169173,5.995579769736842,98.20977572737068,9.742052801724139,3.7720608152337314
301,205,98.20977572737068,9.742052801724139,99.00099868527508,13.19971177184466,3.547032467115277
302,206,95.6685648336039,85.9178419237013,99.169921875,83.09707641601562,4.496245008969516
303,207,95.78055658284023,75.80725314349112,98.97825326492537,78.26784048507463,4.034817732708536
304,208,94.60846656976744,34.842841569767444,99.59583849009901,34.55194152227723,4.995848427378632
305,209,94.39273756377551,25.33432318239796,99.79513417119566,27.825662364130434,5.949173053652089
306,1,0.4784943491285403,28.493498093681918,6.73828125,31.262600806451612,6.844915038054921
307,2,0.7632849351415094,39.180885170990564,3.364000822368421,42.64237253289473,4.329620986032929
308,3,1.8005920960022521,87.47624577702703,4.993846318493151,97.10375642123287,10.143265437409834
309,4,1.873813017955801,1.52455254373849,6.611440373563219,2.108028017241379,4.773421895116662
310,5,2.261705463435374,12.97067655187075,5.220194065824469,7.477196226728723,6.239469600309686
311,6,5.220194065824469,7.477196226728723,9.604942375886525,6.140569592198582,4.583949007430975
312,7,4.993846318493151,97.10375642123287,8.82519123783032,97.34277207927677,3.83879308842257
313,8,6.648805628272251,34.571335078534034,6.73828125,31.262600806451612,3.3099438620823083
314,9,7.737619465071507,57.58662292010451,15.215276902721776,64.74569997479838,10.352185519487692
315,10,7.444462159863946,21.46843112244898,14.495798319327733,23.521205357142858,7.344060436324345
316,11,8.574780800359711,68.54766187050359,13.55569317411924,67.85574398712737,5.028741237368116
317,12,8.82519123783032,97.34277207927677,11.053466796875,96.78853352864584,2.296169056938396
318,13,8.694321361940299,42.59270055970149,11.351719798657719,45.2482697147651,3.7568356350515835
319,14,6.73828125,31.262600806451612,10.310818501655628,28.856451779801322,4.307270081259972
320,15,11.383497100515463,14.420908505154639,15.866795169213974,13.983607396288209,4.504574767124151
321,16,12.77118389423077,83.89798677884616,14.62820242117117,83.45826295045045,1.9083696850083525
322,17,13.55569317411924,67.85574398712737,15.215276902721776,64.74569997479838,3.52513714780938
323,18,13.99908685064935,34.877232142857146,17.13825454059829,32.86842280982906,3.7268872698379405
324,19,14.163485440340908,80.6973544034091,14.62820242117117,83.45826295045045,2.7997460380180885
325,20,14.8143172816847,8.874794725656878,15.866795169213974,13.983607396288209,5.216097833375187
326,21,14.495798319327733,23.521205357142858,19.45053411989796,21.556122448979593,5.3301930255299075
327,22,15.247112771739129,91.55731550343249,19.36497043918919,91.59100506756756,4.117995477912627
328,23,14.163485440340908,80.6973544034091,16.51602189171123,75.8434993315508,5.393916648747044
329,24,16.092102786144576,40.537148594377506,20.692767518939394,40.84176728219697,4.610738392985538
330,25,17.904915415366617,53.81773474063962,21.845248095878137,48.42629928315412,6.677858782973701
331,26,19.36497043918919,91.59100506756756,22.333299067982455,94.25969709429825,3.9916026833904232
332,27,20.369466145833336,29.95174632352941,24.241071428571427,28.268229166666664,4.22179552830034
333,28,20.056273205445542,97.08481590346535,21.481624119718308,96.89975792253522,1.4373140523643917
334,29,20.692767518939394,40.84176728219697,24.360724146586346,41.57254016064257,3.7400447620544406
335,30,21.845248095878137,48.42629928315412,25.63435530462185,52.14597557773109,5.309738710689203
336,31,21.481624119718308,96.89975792253522,22.333299067982455,94.25969709429825,2.774035218646656
337,32,23.454810305183944,2.747929295568562,29.26850190033784,0.6156302787162162,6.192391223173202
338,33,22.429758094879517,76.03362669427712,25.184587247109825,78.9864071531792,4.038315997597506
339,34,24.086626838235293,16.655177696078432,25.451096754807693,22.362154447115383,5.867824280779663
340,35,24.360724146586346,41.57254016064257,26.551942567567565,40.1490357545045,2.6130064987944284
341,36,25.451096754807693,22.362154447115383,28.14915886324042,25.386655233739834,4.053041345613485
342,37,25.63435530462185,52.14597557773109,27.13633135330579,55.12009297520662,3.331862293791081
343,38,26.645132211538463,70.72800856370193,30.560772235576923,75.19249549278845,5.938339863786543
344,39,28.14915886324042,25.386655233739834,31.488961884469695,25.193832859848484,3.3453646570269875
345,40,27.963317466887418,36.2278818294702,31.87415081521739,36.59774116847826,3.9282837739986793
346,41,25.63435530462185,52.14597557773109,28.235990838353413,47.7546906375502,5.1041052963506015
347,42,28.685238486842106,86.35279605263158,31.627443698650236,83.34399299442488,4.208261796925762
348,43,22.333299067982455,94.25969709429825,29.65850830078125,95.17173767089844,7.381768644278003
349,44,30.52099920382166,10.998457404458598,31.215933866279073,12.65140503875969,1.7930895311797372
350,45,30.560772235576923,75.19249549278845,33.28770228794643,77.99333844866071,3.909075181417618
351,46,27.13633135330579,55.12009297520662,31.75212229330709,57.42495078740157,5.159253389419272
352,47,31.699325478142075,15.505464480874318,33.35915050287356,13.695447198275861,2.4558464276151266
353,48,32.26085400763359,18.900584446564885,34.53458460365854,16.31891514227642,3.4401841840234724
354,49,33.35915050287356,13.695447198275861,34.5001220703125,12.2589111328125,1.8345168260555749
355,50,35.03210025630915,44.714239944794954,35.90246302480916,48.81619751908397,4.1932788233145235
356,51,33.35915050287356,13.695447198275861,34.53458460365854,16.31891514227642,2.874757272968746
357,52,32.26085400763359,18.900584446564885,34.87362132352941,22.15762867647059,4.175510766669811
358,53,36.7590403978389,32.15442350196464,37.017059326171875,36.629486083984375,4.482494716156538
359,54,34.53458460365854,16.31891514227642,38.28667534722222,16.624426463293652,3.764508216913064
360,55,37.745535714285715,64.11086309523809,44.64709712009804,65.36171109068627,7.01399818547987
361,56,38.384726821192054,77.03267280629139,40.73414522058824,75.94326679397487,2.5897050556178574
362,57,38.28667534722222,16.624426463293652,39.79905161691542,20.188121890547265,3.8713314349664545
363,58,40.22883421985816,11.13142730496454,45.2900390625,10.978515625,5.06351423825892
364,59,36.7590403978389,32.15442350196464,41.72617594401042,28.192647298177082,6.353590026350296
365,60,42.00782430135951,98.12859941465257,49.830659906914896,93.02346520390071,9.341260740463998
366,61,35.03210025630915,44.714239944794954,44.928505371340236,44.29884192800353,9.905119368950967
367,62,44.64709712009804,65.36171109068627,47.65825663527397,61.4722683005137,4.918825758639956
368,63,39.79905161691542,20.188121890547265,44.88305839703237,18.414701832284173,5.384435313319773
369,64,45.58281844106464,3.62924786121673,48.76509956691576,7.151993461277175,4.747278138754196
370,65,47.367868443371606,88.13609081419625,49.830659906914896,93.02346520390071,5.472821047507473
371,66,50.39840348879394,78.4436661056917,55.440984987745104,80.42183670343137,5.416713679651732
372,67,47.65825663527397,61.4722683005137,48.993834946457994,54.56088473023064,7.0392465705417475
373,68,49.830659906914896,93.02346520390071,53.89478428643725,93.74525556680162,4.127721926220877
374,69,50.951628989361694,32.43745844414894,55.49336922268907,34.99868697478992,5.2141438351079215
375,70,53.115505642361114,67.98990885416667,56.99119703625445,68.64070145685054,3.9299509910947856
376,71,50.951628989361694,32.43745844414894,52.925037202380956,25.618489583333332,7.0987799162944
377,72,55.49336922268907,34.99868697478992,60.21369485294118,32.855583639705884,5.184049185768137
378,73,55.440984987745104,80.42183670343137,58.60574872013652,83.52675714590444,4.433538139674364
379,74,53.89478428643725,93.74525556680162,55.70068359375,89.327392578125,4.772712613899085
380,75,58.1795157967033,60.55653331043956,58.40020237198795,58.99614081325302,1.575921098845668
381,76,58.60574872013652,83.52675714590444,61.312451774691354,81.12461419753086,3.6189131199791715
382,77,60.21369485294118,32.855583639705884,63.783998842592595,33.865921585648145,3.710505806966434
383,78,60.282913056930695,2.0836556311881185,62.25746029713115,7.845318903688526,6.090615770959724
384,79,60.63907836294417,51.612567417512686,62.33464340490797,51.318658934049076,1.720849501897715
385,80,60.69972826086957,76.99048913043478,62.51085069444444,76.96981837606837,1.8112403897562166
386,81,60.91965895432693,99.6356670673077,63.59154485887096,97.0246345766129,3.7358352418655887
387,82,61.59610427188552,24.403211805555554,69.06889518805309,28.210557245575217,8.386804121737617
388,83,61.5734375,43.4953125,63.82759712837838,47.089542109073356,4.242607937690046
389,84,62.25746029713115,7.845318903688526,64.25621157786885,8.159099641393443,2.0232313346736284
390,85,64.39261407208589,14.875503259202455,67.11757905727923,12.108442720763723,3.883562564696829
391,86,62.51085069444444,76.96981837606837,66.35212333055091,75.5859375,4.082952576757188
392,87,66.53849283854166,67.9290771484375,71.77166606104652,66.18482013081395,5.516206533503872
393,88,61.312451774691354,81.12461419753086,67.3036532586558,83.24648357942974,6.355849659589007
394,89,68.48168864202658,41.14507630813954,70.43832632211539,41.83067908653847,2.073278124345989
395,90,68.1628859186747,92.44517131024097,69.85364940068493,96.20166238584474,4.119454618416165
396,91,69.06889518805309,28.210557245575217,71.49931066176471,23.21633731617647,5.554201299742426
397,92,71.49931066176471,23.21633731617647,71.88542930825243,18.65234375,4.580297466460638
398,93,71.44236010174419,88.72865188953489,74.41389011473963,89.43864463812886,3.0551727154432315
399,94,71.77166606104652,66.18482013081395,73.15633585164835,61.11778846153846,5.252820229785718
400,95,71.88542930825243,18.65234375,76.01220703125,17.68505859375,4.238624181091153
401,96,73.3309659090909,13.968172940340908,76.01220703125,17.68505859375,4.583044066521212
402,97,71.77166606104652,66.18482013081395,73.70653339460785,72.35179227941177,6.46337814769211
403,98,74.33324353448276,93.02375179597702,74.41389011473963,89.43864463812886,3.586014110981886
404,99,76.18605825283144,4.078726161725516,85.29345703125,1.89892578125,9.364627179330789
405,100,75.18112779329608,46.771342527932966,81.6128817471591,45.90953480113637,6.489235045904775
406,101,70.43832632211539,41.83067908653847,75.32917837078652,38.51606390449438,5.908223723508426
407,102,79.86720807726076,68.30090128402108,84.7116181344697,66.31599195075758,5.235281641293402
408,103,79.32761863425925,96.40389901620371,82.89523654513889,96.70138888888889,3.579999690276434
409,104,80.08601426037117,25.55224822598253,82.38987001050421,23.976660976890756,2.791097722567525
410,105,79.85080295138889,62.75770399305556,79.86720807726076,68.30090128402108,5.5432215664469275
411,106,79.64939024390245,75.1881669207317,85.02291605679156,75.8331656176815,5.4120978354841895
412,107,81.6128817471591,45.90953480113637,87.14200157322655,48.712814645308924,6.199156711662992
413,108,82.89523654513889,96.70138888888889,84.70663987953245,88.9554322220897,7.9549372545471995
414,109,85.29345703125,1.89892578125,89.56566220238096,4.300595238095238,4.900995123868358
415,110,87.14200157322655,48.712814645308924,89.39076618975903,47.916274472891565,2.3856694127316165
416,111,87.2734375,14.196614583333334,90.47997007978724,12.116023936170214,3.8223956658487928
417,112,82.89523654513889,96.70138888888889,88.68709415584416,97.8705864448052,5.908691691689904
418,113,87.2734375,14.196614583333334,89.23846550707547,17.800615418632077,4.104894284805036
419,114,89.37433416193183,29.28244850852273,90.81732302295919,21.758410395408163,7.661159597649017
420,115,89.23846550707547,17.800615418632077,90.81732302295919,21.758410395408163,4.261095180074778
421,116,90.47997007978724,12.116023936170214,93.24156746031747,12.366691468253968,2.772950469047799
422,117,90.21885952102804,55.06899824766355,96.30486813583815,58.63213511560693,7.052336151888981
423,118,92.49683749491456,74.86936788039056,98.05582963884083,73.81410169766436,5.658266551925552
424,119,93.23607221355644,61.46538659245604,96.30486813583815,58.63213511560693,4.176699934599144
425,120,94.67638871801181,91.18469718873031,95.85592049319727,84.47265625,6.814894626614845
426,121,95.19624255952381,21.14199683779762,98.00635804521278,20.33431682180851,2.9238837273628127
427,122,89.56566220238096,4.300595238095238,95.86346888646288,0.7053425218340612,7.2517729641688495
428,123,96.30486813583815,58.63213511560693,99.51315065982405,58.28961235337243,3.2265149304415215
429,124,94.67638871801181,91.18469718873031,98.46058238636364,99.0145596590909,8.696370968648669
430,125,89.39076618975903,47.916274472891565,97.9421078580097,47.207789745145625,8.580640706649437
431,126,98.05582963884083,73.81410169766436,99.09524356617648,67.16595818014706,6.728907306676667
432,127,98.00635804521278,20.33431682180851,99.17367788461539,29.187950721153843,8.930255809947429
433,1,1.0344827586206897,4.866648706896552,2.498683834234609,11.126150426372712,6.4284715575285825
434,2,2.209390729865772,83.15200293624162,3.0893049568965516,81.28098060344827,2.067600932661474
435,3,2.616802014802632,75.28076171875,6.593967013888889,71.03298611111111,5.819058260819251
436,4,2.7242726293103448,37.73403825431034,5.317173121165644,39.980948044478524,3.430996439202041
437,5,4.2473270500614255,20.23151969441032,9.39405487804878,20.364106961382113,5.148435366083805
438,6,3.937639508928571,28.717564174107142,4.2473270500614255,20.23151969441032,8.491693428552741
439,7,5.317173121165644,39.980948044478524,6.723589601769911,38.499032079646014,2.043057082839527
440,8,2.209390729865772,83.15200293624162,5.736400462962963,85.95558449074075,4.505537391931189
441,9,6.144143606870229,93.31464694656488,7.644403176229508,98.00765240778688,4.926974633029238
442,10,3.0893049568965516,81.28098060344827,7.098924067982456,79.42665501644737,4.417642900755059
443,11,6.593967013888889,71.03298611111111,8.649995055379748,73.51166930379746,3.220422592937545
444,12,8.649995055379748,73.51166930379746,9.92378566576087,70.98229449728261,2.8320097865168483
445,13,9.034344561688313,47.51686789772727,11.260986328125,44.976806640625,3.3778461696578583
446,14,9.92378566576087,70.98229449728261,10.730180584016393,67.16988985655738,3.896755305226595
447,15,9.034344561688313,47.51686789772727,10.87749435240964,51.24246987951807,4.156598522561398
448,16,11.715177210365853,5.466368140243903,14.508526141826922,7.597468449519231,3.5134579520876703
449,17,12.38944575471698,32.174049233490564,12.886513157894736,34.98869243421053,2.858197395328215
450,18,12.954282407407408,59.33629918981481,15.911756520356235,56.218193384223916,4.2975850129604325
451,19,10.730180584016393,67.16988985655738,13.20556640625,63.85172526041667,4.139776715717498
452,20,13.204427083333334,12.15451388888889,14.308593750000002,13.76953125,1.9563908363279754
453,21,12.38944575471698,32.174049233490564,13.504542661516854,28.69502721207865,3.6533594590491223
454,22,14.090281519396552,16.559469288793103,14.308593750000002,13.76953125,2.798466453316129
455,23,15.021198551829269,54.433831935975604,15.911756520356235,56.218193384223916,1.9942515571766943
456,24,16.629464285714285,99.00057353670636,21.2451171875,98.668212890625,4.627603624860983
457,25,14.090281519396552,16.559469288793103,16.229458512931032,20.221578663793103,4.24112288010264
458,26,16.443722747093023,83.89580305232558,19.112830528846153,82.94170673076923,2.8345080951414614
459,27,17.44692836812144,81.01002875948767,19.112830528846153,82.94170673076923,2.5508057146403216
460,28,19.161678165584416,90.64021915584416,24.36957465277778,85.62717013888889,7.2286130251741385
461,29,18.238617271505376,4.461735551075269,21.424615205223883,8.134619869402986,4.86216639467185
462,30,20.023677034198112,74.01284271816037,21.770685369318183,78.9950284090909,5.2796034303621635
463,31,20.30811095505618,12.518653441011235,23.445391414141415,15.092329545454545,4.057873503393193
464,32,20.30811095505618,12.518653441011235,21.424615205223883,8.134619869402986,4.5239730434244105
465,33,19.112830528846153,82.94170673076923,21.770685369318183,78.9950284090909,4.758199462803782
466,34,22.496448863636363,36.02418950534759,26.057406135531135,36.55348557692308,3.6000793079660744
467,35,23.090154474431817,65.77925248579545,26.38102854330709,73.89886811023622,8.761164878362816
468,36,23.894007924641148,22.240860496411482,28.201384591584162,23.769144492574256,4.57046449760332
469,37,24.07596472537879,52.49467329545454,26.792399088541668,49.05293782552083,4.38458192925756
470,38,24.45336812759336,30.992284751037346,28.175474016853936,32.60402036516854,4.056077408128092
471,39,24.36957465277778,85.62717013888889,28.154296875,84.35772235576923,3.991944385064769
472,40,21.2451171875,98.668212890625,26.065532345013477,97.43935309973047,4.974585276830925
473,41,25.428882087628867,26.566527061855673,28.201384591584162,23.769144492574256,3.9385427982133017
474,42,21.424615205223883,8.134619869402986,26.39923974328215,5.8756822816698655,5.463486828017888
475,43,26.0419921875,42.0283203125,26.057406135531135,36.55348557692308,5.474856433886969
476,44,20.023677034198112,74.01284271816037,26.38102854330709,73.89886811023622,6.358373095503413
477,45,28.175474016853936,32.60402036516854,30.58191636029412,30.682444852941178,3.07951574139405
478,46,26.39923974328215,5.8756822816698655,28.23676215277778,0.4861111111111111,5.694204598354075
479,47,26.38102854330709,73.89886811023622,31.707743790716613,77.63926353827361,6.508798144440202
480,48,26.065532345013477,97.43935309973047,31.15234375,97.07961309523809,5.0995159712205185
481,49,33.349609375,58.1083838619403,33.81224707733813,54.89264838129496,3.24884415217258
482,50,33.369241301546396,66.21496456185567,36.14366319444444,61.2601653874269,5.6786839759500625
483,51,33.18244485294118,89.13488051470588,36.68846717247597,90.43109600360577,3.7379629611246883
484,52,33.29870345744681,13.84537067819149,41.18133544921875,11.593017578125,8.198108416280279
485,53,33.81224707733813,54.89264838129496,35.519475044964025,53.08144109712231,2.4889956126285426
486,54,31.707743790716613,77.63926353827361,36.399318282355914,82.43737755940343,6.710645972658899
487,55,35.43415960864486,44.577340099299064,41.662981525157235,44.52326552672956,6.229056632189455
488,56,33.349609375,58.1083838619403,36.14366319444444,61.2601653874269,4.211942963805512
489,57,37.920346467391305,24.682404891304348,41.07315516707921,24.092086943069308,3.2075969162031805
490,58,37.93402777777778,34.94073851495727,40.17052283653847,39.733573717948715,5.288967709382907
491,59,36.68846717247597,90.43109600360577,38.61895055578859,96.81896235318791,6.673200326183094
492,60,36.399318282355914,82.43737755940343,40.4224486451049,77.04809513403264,6.725321031451462
493,61,38.40319381476684,69.74022425518135,42.526971726190474,68.6275421626984,4.271253411081776
494,62,41.08607700892858,19.66517857142857,41.18133544921875,11.593017578125,8.072723039486627
495,63,40.17052283653847,39.733573717948715,43.05126574612403,42.027010658914726,3.6821912923305646
496,64,41.07315516707921,24.092086943069308,41.08607700892858,19.66517857142857,4.426927230585524
497,65,41.60922181372549,57.97813265931373,41.82771381578947,55.16961348684211,2.8170052710470075
498,66,41.662981525157235,44.52326552672956,43.05126574612403,42.027010658914726,2.8563300655342054
499,67,42.526971726190474,68.6275421626984,42.64938766891892,65.16223254504504,3.4674711836199905
500,68,43.12448375550661,31.59717442180617,45.32326525590551,26.24723179133858,5.78416167095897
501,69,41.662981525157235,44.52326552672956,42.5322643301105,47.74905041436464,3.3408592811254834
502,70,42.64938766891892,65.16223254504504,44.090401785714285,64.59542410714286,1.5484810267099267
503,71,43.05126574612403,42.027010658914726,45.61494286380597,41.161380597014926,2.7058743074634184
504,72,44.226844031531535,92.63531109234235,46.64963942307692,97.71312671703298,5.626202007362148
505,73,45.32326525590551,26.24723179133858,47.106406017138596,22.09869248323398,4.515525369794742
506,74,46.64776986506747,86.65564678598201,50.213541666666664,89.02604166666667,4.2817637057007225
507,75,46.64963942307692,97.71312671703298,49.10481770833333,98.19923683449075,2.502839079663216
508,76,45.61494286380597,41.161380597014926,50.693954064534665,44.21972992866718,5.9287313492471
509,77,48.33709286971831,0.6890955105633803,54.27010105448154,3.1787195188927946,6.434190999909603
510,78,49.721541836924224,71.49743452823179,50.07533482142858,75.47377232142857,3.9920460570350973
511,79,44.090401785714285,64.59542410714286,49.435355968045116,60.972744360902254,6.456960876065283
512,80,49.75340432960894,79.6471281424581,50.07533482142858,75.47377232142857,4.185754179414306
513,81,49.10481770833333,98.19923683449075,52.70667109929078,94.08009197695036,5.471809774412222
514,82,47.106406017138596,22.09869248323398,52.606004284274185,19.61236769153226,6.035510920353918
515,83,52.78620373603352,53.6367405726257,54.559374999999996,55.490625,2.5653506195873974
516,84,54.01073816872428,7.292068544238683,54.27010105448154,3.1787195188927946,4.121517840653163
517,85,53.90106471238938,36.42664546460177,55.656598328025474,37.95966859076433,2.3306776227049473
518,86,49.75340432960894,79.6471281424581,53.79072980182927,83.58064977134147,5.636717961148345
519,87,54.01073816872428,7.292068544238683,55.410085569963805,12.274648484620023,5.1753527427264645
520,88,56.312667112299465,29.57626587566845,56.45774147727273,25.28527462121212,4.293442967734995
521,89,54.559374999999996,55.490625,56.614555746822035,60.140111890889834,5.083453181712642
522,90,56.7994883362676,75.9401133362676,59.659266707920786,73.9992651608911,3.4561863339290144
523,91,55.656598328025474,37.95966859076433,57.06850032216495,40.33605831185567,2.76418077331487
524,92,56.95941091954023,89.17025862068965,59.43744685374149,88.35897640306123,2.6074587106669243
525,93,59.14966865272373,48.63319248540856,61.27546220549738,41.62712696335078,7.321472005572424
526,94,59.03501157407407,94.10927854938271,62.56847846798781,93.3200743140244,3.6205291899792655
527,95,61.46451509915865,65.8489520733173,62.478710011848335,71.96247408175356,6.197075331844851
528,96,57.06850032216495,40.33605831185567,61.27546220549738,41.62712696335078,4.400612065461501
529,97,62.478710011848335,71.96247408175356,65.498046875,71.29743303571429,3.091710640746245
530,98,62.701159434713375,56.210564291401276,65.56192060406698,60.72676809210527,5.346031353964788
531,99,59.659266707920786,73.9992651608911,61.95877878289474,79.1282894736842,5.620911508303073
532,100,62.75337837837838,16.873416385135133,67.61853448275862,17.940547548491377,4.980814475544575
533,101,63.69937589798851,25.953551544540232,67.86986536949685,25.628316627358487,4.18315194360857
534,102,61.27546220549738,41.62712696335078,64.5483993902439,36.54169842479675,6.047619468521178
535,103,66.40858627392345,21.996486244019138,67.86986536949685,25.628316627358487,3.914783330978444
536,104,66.40858627392345,21.996486244019138,67.61853448275862,17.940547548491377,4.232565814011979
537,105,67.86986536949685,25.628316627358487,70.6732177734375,26.340332031250004,2.8923607375392546
538,106,69.2743389423077,42.00495793269231,71.75641741071429,45.48223586309524,4.272256468026582
539,107,69.8875633445946,95.79968151745496,70.19416360294117,92.57582720588235,3.238400892518322
540,108,69.42983774038461,90.62875600961539,70.19416360294117,92.57582720588235,2.091717062010375
541,109,71.06079603909465,37.841194058641975,73.54856826716738,35.18391228540773,3.64007652132931
542,110,69.94327910958904,78.70023544520548,71.05752268145162,76.23881678427419,2.7018735280945063
543,111,71.75641741071429,45.48223586309524,72.70827248831776,47.90267231308411,2.600873064413994
544,112,71.704300050813,31.535823170731707,73.54856826716738,35.18391228540773,4.08777194110344
545,113,72.44466145833334,54.99739583333333,74.89186087570621,56.20034427966102,2.726879159939503
546,114,69.42983774038461,90.62875600961539,73.43825120192308,86.90692608173077,5.469862565982837
547,115,71.05752268145162,76.23881678427419,73.5470001430206,78.59339244851259,3.4265908116207324
548,116,74.89186087570621,56.20034427966102,76.1051593440594,60.037080368193074,4.024007577819958
549,117,72.44466145833334,54.99739583333333,74.92345861486487,52.891152871621614,3.2527979889610323
550,118,75.27280423421502,10.720856441979523,76.85274345930233,7.7870639534883725,3.332168411184613
551,119,72.70827248831776,47.90267231308411,76.87246963562752,48.21134868421053,4.17562198765101
552,120,73.54856826716738,35.18391228540773,78.18319917929293,37.31751104797979,5.102161049131903
553,121,78.00057870370371,73.5474537037037,84.24448164682539,72.89899553571428,6.277485321269652
554,122,76.1051593440594,60.037080368193074,77.86373782467533,64.19439935064936,4.513967145912423
555,123,77.87828947368422,95.57848478618422,78.76244848901099,97.03489869505495,1.7037836242715079
556,124,78.18319917929293,37.31751104797979,80.56131114130434,31.200747282608692,6.5627902195041
557,125,80.40945870535714,58.906482514880956,82.61852525684932,60.30206549657534,2.612972806539812
558,126,81.11683238636364,12.916324013157896,84.15497929216868,15.004941641566266,3.686822509824814
559,127,80.97873263888889,85.73551014957265,84.67114169675091,85.26236744133574,3.7225997196769978
560,128,77.86373782467533,64.19439935064936,82.15550915948275,67.19221443965517,5.235092787921306
561,129,82.61852525684932,60.30206549657534,85.11603860294117,60.95358455882353,2.581094729447124
562,130,83.73875473484848,3.5111860795454546,89.53138851950354,1.915724734042553,6.008336131419503
563,131,84.24448164682539,72.89899553571428,87.7906155873494,77.23079819277109,5.598176505239957
564,132,87.98127997728038,38.89594859685291,90.79660952669903,35.34208131067961,4.533878379441002
565,133,85.9609375,96.390625,88.32799145299145,94.75494123931624,2.8772218860103598
566,134,84.67114169675091,85.26236744133574,86.67554450757575,82.07623106060606,3.764185923231176
567,135,87.841796875,67.49540630139803,89.80023477979275,63.59192843264248,4.367220912524728
568,136,87.47441320960698,46.611456058951966,87.98127997728038,38.89594859685291,7.732138728571665
569,137,85.11603860294117,60.95358455882353,88.61910254178274,57.918588962395546,4.634938535725079
570,138,87.7906155873494,77.23079819277109,90.99096433080808,78.75532670454545,3.5449145635643364
571,139,88.32799145299145,94.75494123931624,89.45651584201389,93.31936306423611,1.8260481903238008
572,140,88.60598644578313,33.529038027108435,90.79660952669903,35.34208131067961,2.843581444366239
573,141,89.80023477979275,63.59192843264248,92.59753679281346,62.02097668195719,3.208237515370538
574,142,88.60598644578313,33.529038027108435,91.04774486674886,26.679272572078904,7.271964725937062
575,143,90.79660952669903,35.34208131067961,92.74088541666666,36.73909505208333,2.394129514036422
576,144,90.57698567708333,74.30989583333333,92.90543440934066,75.60632726648352,2.665034326159911
577,145,90.99096433080808,78.75532670454545,92.73250804227942,80.55850758272058,2.5068776951382734
578,146,89.53138851950354,1.915724734042553,95.46791900662005,10.43364488805415,10.382550648784754
579,147,92.59753679281346,62.02097668195719,95.46489781574394,63.535696907439444,3.242859324316431
580,148,95.46489781574394,63.535696907439444,98.41409215699566,69.6897030911063,6.824187817687974
581,149,89.45651584201389,93.31936306423611,98.26075025826447,99.20825800619835,10.592149323615086
582,1,1.4119562796912115,37.08594677850356,4.408973371478873,38.69044344190141,3.3994883425777744
583,2,0.4373719262295082,62.10649334016394,3.396511883802817,63.474636883802816,3.2601113546177696
584,3,0.820670871559633,95.89574971330275,1.8592379385964912,91.33360745614036,4.678863486715586
585,4,1.1006520206766917,77.2952890037594,1.4761552847490347,80.23610943532819,2.964696866808045
586,5,1.8592379385964912,91.33360745614036,2.8872504908376966,88.7465232329843,2.7838488797469676
587,6,1.7339409722222223,5.967881944444445,6.108537600681537,4.258272343556381,4.69679259167107
588,7,1.8332301980198018,40.72555693069307,4.408973371478873,38.69044344190141,3.282703125152011
589,8,3.7820095486111107,84.11187065972221,4.6811830747377625,80.72262210445804,3.5064966561295
590,9,1.4761552847490347,80.23610943532819,4.6811830747377625,80.72262210445804,3.2417430052093716
591,10,1.4119562796912115,37.08594677850356,4.219812925170068,35.10044642857143,3.4389345124820863
592,11,1.1006520206766917,77.2952890037594,5.260587993421053,75.70543791118422,4.45339126889779
593,12,5.7436342592592595,8.841869212962964,6.108537600681537,4.258272343556381,4.598099032188732
594,13,7.093492445054945,48.66500686813187,10.24850590437788,50.79160066244239,3.804801058466647
595,14,5.260587993421053,75.70543791118422,8.107564377682404,71.7383650751073,4.882923450073863
596,15,8.6376953125,25.631510416666664,9.033203125,30.487060546875,4.871631502557919
597,16,10.622350650630914,17.493099369085176,10.665262744413408,14.783192213687151,2.7102468962569075
598,17,10.24850590437788,50.79160066244239,11.662356954225352,53.26185629401409,2.846249756515838
599,18,10.665262744413408,14.783192213687151,12.860785590277779,14.105902777777779,2.2976164925215055
600,19,2.8872504908376966,88.7465232329843,11.687070626675604,93.00383294235925,9.775557292790861
601,20,8.107564377682404,71.7383650751073,12.34248991935484,74.23765120967742,4.917420617149207
602,21,14.355690999089669,82.46054634160218,17.523716517857142,81.80106026785714,3.235939982296579
603,22,13.799124053030305,25.725023674242426,15.475751768867923,29.973098466981128,4.566970543173763
604,23,14.707371079441392,49.324275984432234,17.740885416666664,49.916294642857146,3.0907434908245817
605,24,15.487041170634921,61.07235863095239,18.5068359375,61.0087890625,3.0204637928667397
606,25,16.0473381121134,11.49877174613402,16.204279119318183,15.211995442708334,3.716538806543457
607,26,12.860785590277779,14.105902777777779,16.204279119318183,15.211995442708334,3.521702707803177
608,27,18.699639153587444,76.39565232623319,23.285736908783782,76.42393369932432,4.5861849566149
609,28,16.0473381121134,11.49877174613402,19.4265727124183,8.80438112745098,4.321917085038187
610,29,19.4265727124183,8.80438112745098,19.645449112021858,4.264322916666666,4.545331168970362
611,30,19.682094029017858,21.800013950892858,21.4038745777027,27.801678631756754,6.2437574584026425
612,31,19.935559315286625,53.59026671974523,21.11580141129032,56.17282006048387,2.839463534356366
613,32,18.699639153587444,76.39565232623319,20.713454026442307,71.25338040865384,5.522536628801713
614,33,21.143306902985074,95.9159281716418,27.421389032879144,96.69177882479265,6.3258406133643525
615,34,21.4038745777027,27.801678631756754,25.920488911290324,29.502898185483872,4.82638094314494
616,35,23.48993288590604,33.532141359060404,25.920488911290324,29.502898185483872,4.705571500290365
617,36,23.66297104779412,86.89180261948529,30.97846798780488,87.27967797256098,7.3257725032129155
618,37,27.276983599290784,68.54713818705673,32.932867005813954,65.42886165433404,6.4585343262007395
619,38,21.11580141129032,56.17282006048387,26.188129017253043,53.44016935893099,5.761587211776715
620,39,27.260416666666664,45.55208333333333,29.393361714071858,48.12932728293413,3.3453910012140984
621,40,19.645449112021858,4.264322916666666,30.361914572454307,0.987271540469974,11.206324004189524
622,41,30.371844951923077,19.728440504807693,32.98604574548193,15.60558640813253,4.881800046244716
623,42,30.97846798780488,87.27967797256098,35.067151256443296,85.13561130798969,4.616746986068173
624,43,32.932867005813954,65.42886165433404,34.97147594424461,64.2212792266187,2.369426454561566
625,44,32.98604574548193,15.60558640813253,36.03305089137645,16.23182913557214,3.1106945065015137
626,45,29.393361714071858,48.12932728293413,36.45668143656716,46.575034981343286,7.232310146901591
627,46,39.972515137520524,32.811056804187196,47.540859006485846,34.334693764740564,7.7201877248205095
628,47,34.97147594424461,64.2212792266187,39.39049762228261,63.28761888586957,4.516577711371479
629,48,40.10306693412162,91.39107369087837,42.72625526685393,85.96493153089888,6.026950785371478
630,49,41.361012178308826,22.990148207720587,42.6480162377451,20.788334865196077,2.5503649629659644
631,50,40.984375,77.9697265625,44.69672309027778,77.21322252859477,3.788644440522751
632,51,41.68323863636363,18.697620738636363,42.6480162377451,20.788334865196077,2.3025814598236725
633,52,45.00465029761905,70.13439360119048,45.818158677944865,65.84478775062657,4.366063929679971
634,53,46.27788048664122,42.279192509541986,50.173408294392516,41.07677424065421,4.07687951677735
635,54,47.540859006485846,34.334693764740564,50.173408294392516,41.07677424065421,7.237814925580362
636,55,47.59538206335616,89.97685680650685,49.2462158203125,85.2752685546875,4.98298948250468
637,56,48.52356991525424,10.008110434322035,52.60608149509803,11.988740808823529,4.537598206095005
638,57,45.818158677944865,65.84478775062657,48.310289884868425,60.284745065789465,6.093011784801732
639,58,49.58667147691082,24.66603013866773,54.45625,27.3984375,5.583802018409507
640,59,49.2462158203125,85.2752685546875,51.85546875,83.58847128378379,3.107005935657515
641,60,49.41938041460396,75.28813428217822,52.04427083333333,72.41247106481481,3.8935188005240366
642,61,45.818158677944865,65.84478775062657,50.40467625899281,66.65425472122301,4.657400594510685
643,62,48.52356991525424,10.008110434322035,52.48011224739244,6.606629929921773,5.21769075816272
644,63,52.04427083333333,72.41247106481481,55.53635817307693,71.31380797511312,3.660837960504452
645,64,51.85546875,83.58847128378379,52.546183268229164,80.65083821614584,3.017743293551072
646,65,52.51477493523316,50.75645644430051,52.89979798812665,54.76686180738787,4.028845234994667
647,66,50.173408294392516,41.07677424065421,54.616204946319016,41.42701942740286,4.456580951941732
648,67,54.45625,27.3984375,55.106309335443036,30.842810522151897,3.5051794041567184
649,68,52.546183268229164,80.65083821614584,55.973307291666664,82.3028564453125,3.804516171804425
650,69,56.97753906250001,91.578125,58.84076286764706,92.5542632918552,2.1034374040823383
651,70,57.17278975474683,64.208984375,61.77785773026315,65.22281044407895,4.71534668475925
652,71,54.45625,27.3984375,57.56293402777778,24.818004261363637,4.038579124829543
653,72,57.29432397959183,48.61288265306122,61.29710477941176,50.771484375,4.547726412765404
654,73,59.582000758889855,16.073304016695577,63.57271634615385,23.05213341346154,8.039270529568995
655,74,58.90902601522843,76.49508248730965,64.06463138640873,75.40806361607143,5.268954048933356
656,75,60.08364470108696,1.663552989130435,61.64149953358209,6.284981343283583,4.876936713932128
657,76,55.973307291666664,82.3028564453125,59.795884683098585,83.92385563380282,4.152076141230162
658,77,61.0223327020202,44.90905145202021,65.45271963443396,45.97029775943396,4.555718614653674
659,78,61.77785773026315,65.22281044407895,63.61739309210527,64.50041118421052,1.9762973050950725
660,79,62.16909865702479,28.936515366735538,63.57271634615385,23.05213341346154,6.049470521397117
661,80,58.84076286764706,92.5542632918552,62.62406329719388,89.02861926020408,5.171414504574771
662,81,61.77785773026315,65.22281044407895,62.64870383522727,68.1640625,3.0674641962035976
663,82,62.64870383522727,68.1640625,62.96643708881579,71.60002055921053,3.4506176555929433
664,83,62.96643708881579,71.60002055921053,64.06463138640873,75.40806361607143,3.963233861150786
665,84,58.84076286764706,92.5542632918552,65.08977668991416,98.78390725590128,8.823754170967202
666,85,64.06463138640873,75.40806361607143,67.10269325657895,78.08302494517544,4.047868332738114
667,86,68.35307459677419,85.34001176075269,71.69409857855904,87.92199028862846,4.222446490516254
668,87,67.10269325657895,78.08302494517544,68.69331840034964,73.54471700174825,4.808984023405554
669,88,69.18197494369369,35.43514217342342,70.51384066358025,29.997347608024693,5.598524451254
670,89,70.20809331797236,9.533410138248847,71.17797099589322,16.72308136550308,7.254793936848694
671,90,70.20381804435483,55.2734375,75.38645462633453,55.725575511565836,5.202321666561647
672,91,70.51384066358025,29.997347608024693,72.66710069444444,26.25643558429119,4.316358596065805
673,92,70.69898702330508,41.905014124293785,72.49000186011905,44.03599330357143,2.783667797745012
674,93,72.49000186011905,44.03599330357143,72.5455406868812,47.78629718440594,3.7507150998017034
675,94,72.49000186011905,44.03599330357143,74.5066849226804,44.23777786726804,2.026752965945311
676,95,73.38599636130137,67.40087221746576,73.82293051861703,72.6572888962766,5.274545265623369
677,96,68.69331840034964,73.54471700174825,73.82293051861703,72.6572888962766,5.205809171133394
678,97,75.70049579326923,37.040827824519226,81.62603997564936,39.54634232954545,6.433480923437621
679,98,77.45184047588174,4.374473223547718,78.98925299234946,10.524220292448174,6.339008302348352
680,99,80.26674216454457,28.255750336679725,80.63427598363509,19.873046875,8.390756725983211
681,100,72.66710069444444,26.25643558429119,80.26674216454457,28.255750336679725,7.858231986470243
682,101,80.56098090277779,84.02913411458334,83.70021734022556,78.77702067669173,6.1187826382934585
683,102,82.4925199468085,92.80564328457447,84.09751333841463,97.5073837652439,4.968135196898832
684,103,83.70021734022556,78.77702067669173,85.08998325892857,72.95170998086735,5.988797376074293
685,104,85.329345703125,47.076904296875,87.4688458588957,44.37188458588957,3.4488538028397997
686,105,85.08998325892857,72.95170998086735,86.23681006493507,70.63210227272727,2.587622778273128
687,106,85.329345703125,47.076904296875,87.20703125,50.78857421875001,4.159590920017839
688,107,87.8779296875,5.1533203125,90.66478587962963,13.600260416666668,8.894794239272228
689,108,81.62603997564936,39.54634232954545,89.1690340909091,34.57792207792208,9.032273247615148
690,109,91.20545119382022,54.21787219101124,92.14993990384616,56.065734587104075,2.075248023312013
691,110,93.02137060072816,98.68353686286407,95.42424693136272,90.13371795674684,8.881059508173768
692,111,92.64564043209876,83.50212191358025,95.42424693136272,90.13371795674684,7.190182206140154
693,112,96.29133357558139,73.59511264534883,98.0249297752809,78.58584971910112,5.283257737697269
694,113,96.29133357558139,73.59511264534883,98.73185394503547,65.27454565602837,8.671099970447212
695,114,89.1690340909091,34.57792207792208,98.49660773026315,36.28829152960527,9.483089879296925
696,1,0.738953025477707,10.435534434713375,2.7520751953125,6.199951171875,4.689650994169707
697,2,1.1074965167197452,72.21835191082803,2.6730371900826446,76.28728693181817,4.359719005279316
698,3,1.1074965167197452,72.21835191082803,1.6008237293144207,66.82758015661938,5.41329768668417
699,4,1.53656005859375,38.288116455078125,10.762746710526317,42.7734375,10.2586853452242
700,5,1.8363204656862746,57.172947303921575,5.1455849095394735,62.406198601973685,6.191780867239661
701,6,2.6212581412825653,96.60032956538076,8.498149671052632,96.96443256578947,5.888159733532183
702,7,2.7520751953125,6.199951171875,2.8845032649253732,0.6432680348258706,5.558260940185117
703,8,2.6730371900826446,76.28728693181817,4.923930921052631,76.171875,2.2538505944551845
704,9,2.822300378113879,86.11647853647688,10.39809668624161,91.70839450503355,9.416061485655295
705,10,1.6008237293144207,66.82758015661938,5.1455849095394735,62.406198601973685,5.666916858097683
706,11,2.7520751953125,6.199951171875,6.54932037601626,9.10108612804878,4.778666654654976
707,12,6.7935909845132745,49.6841295630531,10.237404778393351,46.35344529085872,4.790961403305358
708,13,8.498149671052632,96.96443256578947,12.173332966549296,97.38666373239437,3.699358243472811
709,14,9.04480981045082,78.0733702612705,11.00669362437186,74.42878454773869,4.139081193043387
710,15,9.002896012931034,24.382913523706897,17.509765625,22.691650390625,8.673361607938666
711,16,10.237404778393351,46.35344529085872,10.762746710526317,42.7734375,3.6183476792959466
712,17,10.021795742753623,57.61577219202898,14.988097117003369,56.091842908249156,5.1948541655985485
713,18,10.39809668624161,91.70839450503355,12.90935359589041,89.42770761986301,3.3923360585955686
714,19,10.971389840182647,52.4650399543379,14.327895220588236,52.400045955882355,3.3571345800439545
715,20,10.762746710526317,42.7734375,12.939989697802199,40.52734375,3.1281502776291084
716,21,12.173332966549296,97.38666373239437,13.278978924418606,95.34050993217055,2.3257683372002265
717,22,13.164433346518987,32.57330399525317,18.48380796370968,30.444073420698924,5.72969189028775
718,23,6.54932037601626,9.10108612804878,13.863858309659092,10.099653764204545,7.382384608422786
719,24,14.073988970588236,1.7913219975490198,19.006180436643834,1.7294966466894977,4.932578943295341
720,25,14.327895220588236,52.400045955882355,14.988097117003369,56.091842908249156,3.750364153190317
721,26,14.327895220588236,52.400045955882355,14.81466090425532,48.834358377659576,3.5987593329212952
722,27,17.214413139763778,66.13327386811024,19.80876681170886,70.84033821202532,5.374674475062805
723,28,17.509765625,22.691650390625,18.348408255347593,24.499185327540108,1.9926123580880009
724,29,18.48380796370968,30.444073420698924,22.755698107798164,29.740807769495415,4.329391178829079
725,30,19.50922227443609,97.67166940789474,21.450407608695652,97.11224099864131,2.020188270192711
726,31,14.81466090425532,48.834358377659576,19.97703269675926,46.9554759837963,5.493658305174225
727,32,22.912991431451612,86.7400138608871,26.063208486519606,93.40772441789215,7.374430931674522
728,33,17.214413139763778,66.13327386811024,23.204787234042552,63.961727061170215,6.371828412954765
729,34,17.509765625,22.691650390625,23.962440371884735,18.55681707554517,7.6638017936646845
730,35,19.006180436643834,1.7294966466894977,28.79799174457177,5.010554885404101,10.32690233593319
731,36,26.063208486519606,93.40772441789215,28.525759139150942,95.98780218160378,3.5666450599371617
732,37,26.34548611111111,44.65060763888889,30.237360668789808,44.909434713375795,3.900471641634408
733,38,29.264173595183486,30.586116685779817,32.17848557692308,28.558693910256412,3.550163015640548
734,39,31.33517051940639,77.3169948630137,33.28601925872093,77.84679324127907,2.0215086260755184
735,40,33.05376838235294,16.063495710784316,35.45038132440476,15.168108258928573,2.558412062774679
736,41,33.28601925872093,77.84679324127907,34.3663637329932,79.58054315476191,2.0428002706070867
737,42,34.022623697916664,49.26025390625,38.58003162202381,50.688244047619044,4.775889742295331
738,43,33.05376838235294,16.063495710784316,34.680877334770116,21.32049209770115,5.503044117131242
739,44,35.84260760613208,86.86845887382076,38.61538756127451,87.43968290441177,2.8310078722540357
740,45,36.32602033943966,98.291015625,41.515800280448715,96.16448818108975,5.608559066801693
741,46,38.54704357328869,69.06709216889881,39.56507240853659,63.799066310975604,5.365489646727848
742,47,37.40489130434783,32.38196331521739,41.814417369851256,27.833930742276884,6.334707602319307
743,48,35.45038132440476,15.168108258928573,38.93646501068376,17.510099492521366,4.199726467993611
744,49,38.58003162202381,50.688244047619044,39.71499650837989,53.74585370111732,3.2614601157192
745,50,41.03013486018364,82.54333394198665,44.9786993684669,83.37427863675958,4.035050279964991
746,51,40.73384602864583,0.7212320963541667,48.17162298387097,5.284148185483871,8.725865531402416
747,52,38.58003162202381,50.688244047619044,42.41753631323314,42.99251970307918,8.59945436886534
748,53,41.03013486018364,82.54333394198665,42.03317901234568,77.01943479938271,5.614228291479327
749,54,46.50259793660287,15.288576555023923,51.04478809931506,11.673266267123287,5.805338917930598
750,55,48.17162298387097,5.284148185483871,51.0708041958042,5.3731424825174825,2.9005467906122724
751,56,48.805360536317565,67.13438291807432,53.32327178030303,67.71326546717171,4.554846541232729
752,57,46.50259793660287,15.288576555023923,48.50717288011696,22.504911366959064,7.48958001640356
753,58,49.09778225806451,31.37758316532258,50.29199413672655,39.3242811252495,8.035928725259089
754,59,50.29199413672655,39.3242811252495,52.17120065135242,45.62675579256166,6.576671198769467
755,60,52.17120065135242,45.62675579256166,57.150420153887694,48.11015118790497,5.56416027303671
756,61,50.82902428057554,51.28358250899281,52.17120065135242,45.62675579256166,5.8138735718968855
757,62,52.37478482521186,62.495034427966104,55.111517137096776,61.20085685483871,3.027308926703854
758,63,54.17163046749599,76.11544442215089,56.11762152777777,78.76356336805556,3.2862463630038308
759,64,55.111517137096776,61.20085685483871,56.601402407786885,59.042008196721305,2.6230489222419506
760,65,51.0708041958042,5.3731424825174825,55.274125220070424,4.725324603873239,4.252949051767445
761,66,54.81709988317757,87.10663697429906,56.70720880681818,83.85453657670455,3.761471618829569
762,67,55.56720671106557,96.7161084784836,61.352500493680886,92.8288223242496,6.969979755786005
763,68,57.150420153887694,48.11015118790497,57.49338705708661,42.49815452755906,5.6224667906910355
764,69,59.88305973101266,64.2021855221519,64.29983428030303,61.58735795454545,5.132759552869567
765,70,61.27200909514925,24.05477495335821,67.63832538404361,30.95637795001239,9.389467877024105
766,71,61.82302701271186,10.904396186440678,66.17472637508568,14.748168694311174,5.806192765724001
767,72,56.70720880681818,83.85453657670455,62.14546191247974,85.48356462722853,5.677000020312805
768,73,62.48359971374045,72.58263507872137,66.40446632420091,74.04617936643835,4.185111331748861
769,74,64.26878511235955,5.383163623595506,66.60670230263158,7.525185032894736,3.1708220553140056
770,75,66.40446632420091,74.04617936643835,66.72516741071428,76.79827008928571,2.7707133618751207
771,76,61.352500493680886,92.8288223242496,67.02095445736434,96.99037063953489,7.0320590667920655
772,77,66.32228387850468,79.26493136682244,66.72516741071428,76.79827008928571,2.499346514316246
773,78,57.49338705708661,42.49815452755906,67.21579293224299,41.79596232476636,9.747730499502854
774,79,68.8795955882353,57.82973345588235,73.07198660714286,55.02139136904762,5.046080432583689
775,80,66.40446632420091,74.04617936643835,68.8396297089041,69.7660263270548,4.924401562702154
776,81,68.7599464699074,90.08336950231481,70.79637570488721,85.78110314849624,4.759888634020738
777,82,70.97215839460785,19.877013305322127,74.33126698369566,20.451554008152172,3.4078890141100473
778,83,73.07198660714286,55.02139136904762,76.01986291273585,53.01076061320755,3.568278401331177
779,84,70.97215839460785,19.877013305322127,73.35973119300911,14.315397036474165,6.052444083969716
780,85,76.69723252118644,68.73411016949153,82.64482235020141,66.26404361782477,6.440112851795776
781,86,76.98259024784483,38.26104525862069,85.45735677083334,33.001708984375,9.974080692713654
782,87,70.79637570488721,85.78110314849624,77.12710084033614,83.42715992647058,6.754193470217248
783,88,78.73660865514906,61.06836996104336,82.64482235020141,66.26404361782477,6.501473604804311
784,89,79.45537035080305,91.2003711432798,84.2510516826923,88.00800030048077,5.761058152369633
785,90,81.70720880681817,27.300248579545457,84.21424278846153,27.27013221153846,2.507214865291063
786,91,82.55028912401575,6.289216289370078,86.0076904296875,14.3096923828125,8.733937288184643
787,92,82.70786830357143,21.740473533163264,85.528564453125,24.547576904296875,3.9794668115635803
788,93,84.2510516826923,88.00800030048077,87.72311245437956,91.2294708029197,4.736357060059306
789,94,85.45735677083334,33.001708984375,87.31230607269504,32.70029920212766,1.8792777254337867
790,95,84.21424278846153,27.27013221153846,85.528564453125,24.547576904296875,3.0232017529753237
791,96,86.0076904296875,14.3096923828125,90.99326995481928,19.90304969879518,7.492773135873672
792,97,87.79847913401254,49.24385286050157,92.6492081207483,50.381324404761905,4.9823100281656965
793,98,87.87270075158227,79.41554588607595,88.62847222222221,82.26019965277777,2.9433391867476275
794,99,87.72311245437956,91.2294708029197,91.67497783687944,92.76789671985816,4.24075397816341
795,100,89.47580173220973,73.56880559456928,92.16512044270834,77.37223307291666,4.658164414196405
796,101,89.74893810679612,43.66372117718447,92.7734375,45.37438118811881,3.474759596360668
797,102,85.528564453125,24.547576904296875,90.99326995481928,19.90304969879518,7.171794697486334
798,103,91.67497783687944,92.76789671985816,95.0538429054054,92.29703336148648,3.411516005174541
799,104,92.6492081207483,50.381324404761905,94.11878083881578,48.3154296875,2.5352642774470135
800,105,92.7734375,45.37438118811881,94.11878083881578,48.3154296875,3.2341482611358967
801,106,94.08759312913907,36.13992653145696,94.55720925632912,38.69288963607595,2.5957965868809567
802,107,89.47580173220973,73.56880559456928,94.3603515625,71.9940185546875,5.132132233835005
803,108,95.0538429054054,92.29703336148648,95.69619082840237,88.67707562869822,3.6765071523597115
804,109,95.69619082840237,88.67707562869822,97.01201769770408,85.04231770833334,3.8656002754593737
805,110,96.19877653301887,0.5306603773584906,97.16152987637363,6.962568681318682,6.50356351784872
806,111,97.09117111650485,60.57342233009708,98.96323844178082,56.214549443493155,4.743881207612258
807,112,97.16152987637363,6.962568681318682,99.34867527173913,11.261888586956522,4.823666305983682
808,113,97.5970928485577,41.14332932692308,97.88818359375,44.69438032670455,3.562961833220444
809,114,90.99326995481928,19.90304969879518,98.26101280120481,19.866575677710845,7.267834370388624
810,115,94.08759312913907,36.13992653145696,99.3798828125,34.833984375,5.451037975341941
811,1,1.117868134469697,58.4036162405303,2.5352177657480315,56.39340858759843,2.459637124697604
812,2,2.1325231481481484,91.95167824074075,5.928308823529411,92.89263556985294,3.910676359485602
813,3,2.6220703125,74.0545654296875,4.152985356280194,78.27313556763285,4.487765020590617
814,4,2.5323737157534243,0.8039918664383562,3.4501509232954546,5.337801846590909,4.625769983344885
815,5,3.162465605345912,23.58244889937107,7.738375376506024,24.54995764307229,4.677074235345949
816,6,3.36421996124031,40.78776041666667,6.201859595070423,36.832911531690144,4.867548499448522
817,7,5.083575581395349,95.51780523255815,5.091100305944056,99.6790319055944,4.161233476490836
818,8,5.083575581395349,95.51780523255815,5.928308823529411,92.89263556985294,2.7577327659427113
819,9,2.1325231481481484,91.95167824074075,5.286175271739131,85.71883491847827,6.985260023542568
820,10,5.8981870993589745,16.580278445512818,10.0732146009887,14.401538223870055,4.709327297265344
821,11,6.201859595070423,36.832911531690144,6.626674107142858,31.050618489583332,5.797877214503959
822,12,8.006104227405247,62.09741709183674,8.396291208791208,65.11847527472527,3.0461514120018514
823,13,7.699361661585366,70.77100800304879,10.644248188405797,73.67668704710145,4.137067483483357
824,14,3.4501509232954546,5.337801846590909,9.599671182753164,5.245005933544303,6.1502203621463005
825,15,10.755688364055299,49.99864991359447,10.7685546875,44.5009765625,5.497688406740896
826,16,10.7685546875,44.5009765625,13.623046875,43.61979166666667,2.987408989265336
827,17,5.928308823529411,92.89263556985294,11.371335730088497,94.07062361725663,5.569039212050146
828,18,12.48468137254902,79.47208180147058,15.05837912087912,77.1956559065934,3.4359911167851966
829,19,16.555989583333332,2.311197916666667,18.65524443069307,4.585009282178218,3.094687228152928
830,20,17.216338087248324,90.37004509228188,19.3359375,88.3984375,2.894812285534382
831,21,17.37573596014493,40.290987318840585,20.52235704787234,41.48853058510638,3.3667987977171148
832,22,18.670099431818183,23.29787577479339,21.42548828125,31.3978515625,8.555803613513259
833,23,21.42548828125,31.3978515625,22.18346974206349,36.265345982142854,4.926158525686245
834,24,20.751081194196427,52.02723911830357,21.738735465116278,47.985555959302324,4.160608575271234
835,25,21.022385817307693,69.01968149038461,21.44074135638298,75.27738530585107,6.271672695475935
836,26,21.738735465116278,47.985555959302324,24.96484375,46.1416015625,3.715903992742814
837,27,18.65524443069307,4.585009282178218,22.029194078947366,6.897615131578948,4.090437879205328
838,28,22.029194078947366,6.897615131578948,25.191618646572106,3.4456726507092204,4.681542057607682
839,29,25.425277217741936,40.346732190860216,29.650297619047617,38.356817336309526,4.670177568338349
840,30,27.41905120481928,15.405567582831326,30.163328439597315,8.76415687919463,7.186055501852254
841,31,21.44074135638298,75.27738530585107,28.509256114130434,80.01762058423914,8.510800865662901
842,32,33.459369548751376,32.46430149421594,39.47315705128205,33.98061899038461,6.202004423956935
843,33,24.96484375,46.1416015625,29.6078125,50.449999999999996,6.333992098963257
844,34,30.163328439597315,8.76415687919463,30.76723160282258,3.523500504032258,5.275336792384302
845,35,30.85186298076923,95.85976451210826,31.927083333333332,89.08926504629629,6.855345492615829
846,36,35.02518503289473,11.883223684210527,38.66528707837302,7.8485398065476195,5.43406081068
847,37,35.652901785714285,69.93303571428572,36.411830357142854,67.15649801587301,2.878390898963784
848,38,29.6078125,50.449999999999996,35.60791015625,54.979654947916664,7.517908341535078
849,39,28.509256114130434,80.01762058423914,37.37255031779661,79.45494570974576,8.881136591401384
850,40,37.89390756302521,0.6991859243697479,42.13368941326531,1.0483099489795917,4.254131841185123
851,41,30.85186298076923,95.85976451210826,40.02259036144578,99.57937217620481,9.896348915913205
852,42,42.62703804347826,62.57642663043478,44.23561096191406,63.93775939941406,2.1073048526072062
853,43,43.292317708333336,21.412977430555554,48.96721117424242,17.396622474747474,6.952375348070746
854,44,43.106356534090914,86.34686710858585,47.862654185409056,82.81173126932808,5.926175220995346
855,45,44.6631362757732,48.34789787371135,47.77894631410257,45.03480568910256,4.54806024791557
856,46,45.588235294117645,59.13301355698529,49.06116832386363,58.08882279829546,3.626513224797878
857,47,44.23561096191406,63.93775939941406,46.723464439655174,68.52204907161804,5.215853403364074
858,48,46.5404369212963,6.457368827160494,47.683279854910715,10.454450334821429,4.157252764723048
859,49,47.77894631410257,45.03480568910256,50.275798420329664,42.7004635989011,3.4181023148022986
860,50,48.954867251489205,32.29658704858526,51.10491071428571,37.996651785714285,6.092078865163831
861,51,48.177823153409086,91.1654385653409,53.81354732789855,91.88745471014492,5.681786187835877
862,52,48.96721117424242,17.396622474747474,50.81143465909091,23.62286931818182,6.493636116802573
863,53,49.06116832386363,58.08882279829546,50.73896585051546,58.72362274484536,1.7938716544331539
864,54,50.275798420329664,42.7004635989011,51.10491071428571,37.996651785714285,4.776324190197403
865,55,52.98828125,96.6529605263158,53.81354732789855,91.88745471014492,4.836435648624761
866,56,55.30679945692536,51.949897593297436,62.344092653508774,51.50167900219298,7.051552697107985
867,57,55.09535845588235,7.372089460784313,60.60001148897059,4.9309225643382355,6.021669272800665
868,58,58.20688100961539,64.912109375,65.41758135330579,70.9073153409091,9.377456692524303
869,59,58.851285951327434,22.411677267699115,63.220138069968556,19.636583628144656,5.175713819643685
870,60,50.275798420329664,42.7004635989011,58.99644487359551,42.217126053370784,8.734030555578418
871,61,60.1786675035868,80.34685482424678,65.63548380705832,85.64568694526628,7.606212330495427
872,62,53.81354732789855,91.88745471014492,60.014816810344826,93.93569119458128,6.53077452451819
873,63,60.60001148897059,4.9309225643382355,65.98567708333334,6.662109375,5.657066524950186
874,64,62.344092653508774,51.50167900219298,67.13005514705883,47.861410189075634,6.013068602753718
875,65,65.63548380705832,85.64568694526628,66.8675199468085,91.0883477393617,5.58036464482689
876,66,66.01914943609023,32.74788533834587,71.36215209960938,26.191101074218746,8.458078821380049
877,67,65.41758135330579,70.9073153409091,68.69428201687117,71.02495127172801,3.2788115912368974
878,68,65.98567708333334,6.662109375,70.52938771802324,8.154580759447674,4.782549232908049
879,69,67.13005514705883,47.861410189075634,69.67060810810811,50.72846283783784,3.8307179795269084
880,70,67.96875,16.603405070754718,70.84914873231132,15.465156987028303,3.097144742695682
881,71,70.75768598178138,42.256491966093115,73.55038704128441,47.23874713302752,5.711571216066022
882,72,71.36215209960938,26.191101074218746,77.341796875,24.518229166666668,6.209239249612898
883,73,71.27362277667984,98.23601161067194,76.10128012048193,96.33612575301204,5.188047966364829
884,74,73.79956629491944,84.06363750774474,76.7120478553137,87.56139464628681,4.551577071725648
885,75,72.6387219551282,61.46334134615385,75.50455729166666,57.91358278508771,4.562214157403703
886,76,73.55038704128441,47.23874713302752,74.11353326612902,50.25516633064516,3.068536857577725
887,77,68.69428201687117,71.02495127172801,73.3522227112676,68.87378961267606,5.130682995068932
888,78,73.99016203703704,1.5270543981481481,76.8237964527027,6.622149493243243,5.830049573520536
889,79,76.10128012048193,96.33612575301204,78.27511621900827,98.28684573002755,2.9207656208575816
890,80,76.8237964527027,6.622149493243243,79.05076814177853,4.874619861577181,2.8307706932028553
891,81,78.4003519290928,35.65247409410844,86.79560271786971,30.768939810739436,9.712319131046906
892,82,79.05076814177853,4.874619861577181,80.69241431451613,6.499915994623656,2.310105988165874
893,83,79.22480281549521,65.94823282747603,84.2173963490099,61.94258586014851,6.4008747697289685
894,84,79.66446786556604,81.03534050707547,82.94810998908298,76.51985534934498,5.583181154594502
895,85,84.2173963490099,61.94258586014851,84.38853444829424,56.04118279774596,5.9038840058016815
896,86,84.26897321428571,99.34486607142857,89.50350816082803,97.45036325636943,5.566821087733981
897,87,82.94810998908298,76.51985534934498,85.65893954918032,70.78744023224044,6.341070885797306
898,88,86.79560271786971,30.768939810739436,89.48974609375,29.12109375,3.158133177954045
899,89,87.34202665441177,49.02860753676471,89.46098239942529,43.61081178160919,5.81742935444058
900,90,88.0728426846591,2.593439275568182,92.32804581925676,4.205322265625,4.5502659801734975
901,91,89.50350816082803,97.45036325636943,92.20525568181817,99.03957902892562,3.1344930114641776
902,92,89.56277997013652,19.967203498293514,92.3458936737805,26.042063643292686,6.682039184912806
903,93,89.46098239942529,43.61081178160919,93.55613272991543,45.27740155919662,4.4212868846154265
904,94,92.32804581925676,4.205322265625,96.45804073033707,5.842916081460674,4.442811212645956
905,95,89.48974609375,29.12109375,92.3458936737805,26.042063643292686,4.199762540540128
906,96,84.2173963490099,61.94258586014851,94.19441427139037,62.591679664289956,9.998110290953784
907,97,93.55613272991543,45.27740155919662,96.0361578525641,47.97551081730769,3.664739851295489
908,98,93.521728515625,35.107421875,94.2678740530303,40.84339488636364,5.784299400107318
909,99,93.55613272991543,45.27740155919662,94.2678740530303,40.84339488636364,4.49076729365447
910,100,95.62836745689656,75.40207435344828,97.98601675724638,84.59083446557972,9.486401985038249
911,101,92.3458936737805,26.042063643292686,97.05322265625,26.881510416666664,4.7815914750766275
912,102,97.98601675724638,84.59083446557972,99.7882153614458,93.20759600903614,8.803209602512482
913,103,89.56277997013652,19.967203498293514,98.73714610042735,17.139923878205128,9.60013041280142
914,1,0.5561642530487805,31.330387766768293,5.302526595744681,29.391414561170215,5.1271407802194195
915,2,1.0508280314371259,81.54530782185628,4.081632653061225,84.39692283163265,4.161428218585519
916,3,2.2601208772443404,43.10452344359875,7.21959720705968,40.844619950873366,5.450098096587901
917,4,0.9906572164948453,14.890061211340205,5.455631996268657,6.67997901119403,9.345664744531192
918,5,1.4948326771653542,94.17830339566929,2.2835867745535716,88.07896205357143,6.150129903796413
919,6,2.2367037259615383,55.997721354166664,5.884057348901099,61.09444754464286,6.267360394253417
920,7,2.2835867745535716,88.07896205357143,4.081632653061225,84.39692283163265,4.097606839743646
921,8,4.238391596045197,1.022356108757062,7.824792395104894,1.4703070367132869,3.6142676610003406
922,9,5.455631996268657,6.67997901119403,9.401145952517162,9.01566075514874,4.585028853561889
923,10,5.302526595744681,29.391414561170215,7.206294221698113,33.463848761792455,4.495447863341989
924,11,7.21959720705968,40.844619950873366,10.81924715909091,40.595703125,3.608246023120001
925,12,1.4948326771653542,94.17830339566929,6.712915990259741,98.99109679383116,7.098688171471164
926,13,7.206294221698113,33.463848761792455,11.503783411949685,33.157674921383645,4.308382035158882
927,14,9.401145952517162,9.01566075514874,13.165952620967742,11.19266633064516,4.3489219959149015
928,15,8.126931662087912,78.65191449175825,13.1142578125,80.22607421875,5.229856687966411
929,16,9.284694220430108,50.89885752688173,11.067708333333332,54.514663938492056,4.031525186955239
930,17,9.562623031496063,69.03835506889764,14.421717102372583,63.40619507908612,7.438549679908115
931,18,10.610975357929515,30.090170704845814,12.605468750000002,28.953125,2.2958390243919857
932,19,10.610975357929515,30.090170704845814,11.503783411949685,33.157674921383645,3.1947908131520366
933,20,7.824792395104894,1.4703070367132869,12.034070589237057,0.9970516859673024,4.23579904417174
934,21,12.81494140625,90.36946614583333,16.82074652777778,93.67730034722223,5.1950208638210755
935,22,13.1142578125,80.22607421875,13.619290865384615,76.12154447115384,4.135483385700842
936,23,13.165952620967742,11.19266633064516,16.583806818181817,9.86328125,3.667286736274629
937,24,13.232915088383837,16.86099273989899,14.588758680555555,15.335131448412698,2.041216433230274
938,25,9.284694220430108,50.89885752688173,14.157410893574296,49.20162420515395,5.159841928307539
939,26,14.421717102372583,63.40619507908612,19.278428819444443,60.79427083333333,5.5145078627466235
940,27,14.27369156504065,6.1023246951219505,16.583806818181817,9.86328125,4.413776918974909
941,28,10.81924715909091,40.595703125,15.4247219279661,42.77012711864407,5.092987095102542
942,29,17.01901614010989,71.23111263736264,22.573345313934805,72.91079294364096,5.80274921933576
943,30,18.46829095066519,3.463440618070954,21.60638944508009,2.1560354691075516,3.3995544390677264
944,31,13.1142578125,80.22607421875,17.796875,79.58515625,4.726275443447731
945,32,12.605468750000002,28.953125,19.044954366913124,28.634220482902034,6.447377381653449
946,33,19.278428819444443,60.79427083333333,21.52593085106383,57.763671875,3.773035307068347
947,34,21.51472236055777,52.523694285358566,25.100732037401574,55.139640748031496,4.438765740381935
948,35,21.202420112781954,90.43482730263158,21.868231745049506,86.56211324257426,3.9295316922794337
949,36,22.409493582589285,46.266101655505956,22.548729482323232,42.59588068181818,3.6728610961309625
950,37,21.60638944508009,2.1560354691075516,22.47287326388889,7.816840277777779,5.726736006672688
951,38,14.588758680555555,15.335131448412698,23.148558311855673,17.154947916666664,8.751108598693879
952,39,23.509410511363637,81.72230113636364,26.008383075842694,78.07452598314607,4.421665686870786
953,40,25.100732037401574,55.139640748031496,26.451235911885245,56.8755603227459,2.1993811595246635
954,41,25.436432828608247,64.47376369201031,31.93616365131579,62.979714912280706,6.6692340282723634
955,42,26.008383075842694,78.07452598314607,28.55155512971698,80.74882075471697,3.690471056770212
956,43,27.526533018867926,93.39659492924528,29.522705078125,87.15888129340279,6.549333881619878
957,44,27.52150632022472,38.61920646067416,32.68506516255606,38.44941143497758,5.166349801259048
958,45,28.902599299065418,9.05191296728972,30.132293701171875,7.823944091796875,1.7378307977910619
959,46,29.522705078125,87.15888129340279,30.64161278735632,84.26836386494253,3.09952342562687
960,47,32.32381654139209,21.82198890547776,35.265566697761194,27.043493470149254,5.993163096511131
961,48,31.176962972689076,47.57746848739496,33.197985197368425,49.77590460526316,2.9862438274520167
962,49,28.55155512971698,80.74882075471697,31.5005523989899,78.1545928030303,3.9276715187871285
963,50,31.95762028769841,51.369512648809526,33.197985197368425,49.77590460526316,2.0194285591712227
964,51,26.451235911885245,56.8755603227459,31.97096836419753,57.119864004629626,5.525136254798732
965,52,31.93616365131579,62.979714912280706,31.97096836419753,57.119864004629626,5.85995426841694
966,53,35.265566697761194,27.043493470149254,40.24091265690377,24.144384152719663,5.758376702471227
967,54,35.56492909663865,71.50653230042016,37.47001781798245,71.93924753289474,1.9536134491262278
968,55,39.388765267671516,87.53695101351352,43.24137369791667,88.06287977430556,3.888340620139171
969,56,39.109584263392854,41.18739536830357,41.684479044976634,36.943770078855145,4.963712192852607
970,57,38.90984195402299,98.12769396551724,45.35327400128865,98.71788418170104,6.470405013521898
971,58,41.022621622647236,78.58120351396478,46.611585115131575,79.4176603618421,5.651209868575366
972,59,40.24091265690377,24.144384152719663,43.34347747093023,25.931140988372093,3.5802804938978943
973,60,40.89558919270833,3.5400390625,46.1754765070922,8.070146276595745,6.956944834034119
974,61,42.18174011394102,71.6836146950402,45.8557988556338,69.84209947183099,4.109730642599398
975,62,39.109584263392854,41.18739536830357,41.9755859375,46.255859375,5.822653431483124
976,63,43.34347747093023,25.931140988372093,45.753845687984494,25.548843265503873,2.4404971810464327
977,64,43.41517857142857,64.5868894432773,44.1626979880137,66.46109803082192,2.0177817294736675
978,65,43.24137369791667,88.06287977430556,44.007049209770116,84.71399066091954,3.4353045400964755
979,66,45.35327400128865,98.71788418170104,45.36173166322314,94.58370996900827,4.13418286399371
980,67,45.8557988556338,69.84209947183099,48.217418467285945,69.62559319466882,2.3715231726025032
981,68,46.24789925508721,55.08891260901163,48.9345265858209,58.88453241604478,4.6502361374222225
982,69,45.79345703125,20.5439453125,48.031300511853445,23.862641433189655,4.002710005129013
983,70,46.555873325892854,82.14634486607143,46.611585115131575,79.4176603618421,2.7292531811983722
984,71,45.8557988556338,69.84209947183099,46.65023561507937,72.3175533234127,2.599807980614933
985,72,46.24789925508721,55.08891260901163,47.589753230837786,49.89398813502674,5.365427511638269
986,73,45.753845687984494,25.548843265503873,48.031300511853445,23.862641433189655,2.8337390659804558
987,74,48.9345265858209,58.88453241604478,53.3303519275701,57.70115362149533,4.552325318620558
988,75,49.653508112980774,31.336388221153843,52.096241918103445,28.716830549568968,3.581763649021008
989,76,49.99158135775862,87.33920393318965,52.248216711956516,86.81003736413044,2.3178482218699727
990,77,52.297990309084696,75.80966636782787,56.342941810344826,80.26468211206897,6.017374670816388
991,78,48.217418467285945,69.62559319466882,50.483041158536594,68.57326600609757,2.498087006274222
992,79,48.031300511853445,23.862641433189655,50.57386762640449,22.36767029494382,2.9495061003809533
993,80,50.96947014664804,98.9426937849162,54.54481055699482,97.65726198186529,3.799393895103976
994,81,52.248216711956516,86.81003736413044,53.42910498903509,84.2041015625,2.8610135485804404
995,82,53.3303519275701,57.70115362149533,55.486571541172104,56.29897301557863,2.572040721623763
996,83,54.42268761405109,49.587366702782845,55.486571541172104,56.29897301557863,6.795403469136081
997,84,53.913116455078125,14.659881591796875,56.79441437007874,21.066067913385826,7.024322092693377
998,85,55.250040690104164,6.601969401041667,60.73734739431487,3.8427592018950434,6.14196839695146
999,86,55.569807213930346,25.57136194029851,58.78724563953488,28.94894622093023,4.664759971887847
1000,87,55.7958984375,88.11794704861111,56.17715804303278,86.27689549180327,1.8801142841953982
1001,88,53.42910498903509,84.2041015625,56.342941810344826,80.26468211206897,4.899945982116006
1002,89,56.91086871069182,36.21634237421384,60.58764411407766,42.35247269417476,7.15337491471591
1003,90,55.569807213930346,25.57136194029851,56.79441437007874,21.066067913385826,4.668761822563338
1004,91,55.486571541172104,56.29897301557863,57.566034226190474,59.55248635912699,3.8612840008255036
1005,92,60.58764411407766,42.35247269417476,62.43828667534722,43.89919704861111,2.4118943007911624
1006,93,57.566034226190474,59.55248635912699,61.30801930147059,66.29124540441177,7.708004007136123
1007,94,60.87662337662337,24.72351866883117,65.19449136636636,23.42870213963964,4.50783027865012
1008,95,61.49359809027778,56.74461082175925,65.72563812022901,58.136778387404576,4.455142348561318
1009,96,63.01292348130841,15.484448014018692,65.37483946917808,17.644343964041095,3.2005933275999823
1010,97,56.342941810344826,80.26468211206897,62.97399009146341,80.75854293699187,6.649413494506064
1011,98,63.40070452008929,89.46794782366071,65.35723286290323,92.35446068548387,3.487113370354454
1012,99,64.67130335365854,28.761432926829265,65.19449136636636,23.42870213963964,5.358334008372497
1013,100,65.75563948675497,52.66646833609272,70.39888822115384,53.631310096153854,4.742433808863822
1014,101,63.01292348130841,15.484448014018692,66.03075991697416,11.235874077490775,5.211306673625734
1015,102,68.99495897346368,67.73852129888269,71.65268841911765,64.89028033088235,3.895638897291634
1016,103,69.17894580696202,84.74708267405063,70.37879873853211,79.19742689220183,5.677880445589277
1017,104,69.74803302304964,61.06840093085106,72.74955522896039,62.652769183168324,3.394018018739168
1018,105,70.39888822115384,53.631310096153854,72.97399009146342,53.13262195121952,2.622944816112206
1019,106,71.65268841911765,64.89028033088235,73.63918138586956,65.28603374094203,2.0255308115476045
1020,107,70.37879873853211,79.19742689220183,72.16057054924242,73.5262784090909,5.944462625244886
1021,108,71.65268841911765,64.89028033088235,72.74955522896039,62.652769183168324,2.491901469697221
1022,109,73.04623252467105,41.167249177631575,74.9351443225191,40.92542342557252,1.9043286151314402
1023,110,73.38579963235294,92.90771484375,74.53975866336634,94.20347308168317,1.7351111942550068
1024,111,72.74955522896039,62.652769183168324,74.31966145833333,58.332248263888886,4.596970152768769
1025,112,76.31681743421052,87.23478618421052,80.0616528614458,85.01270707831326,4.354472175814365
1026,113,74.53975866336634,94.20347308168317,76.2356340392562,93.05914256198346,2.0458459445583235
1027,114,77.3867479011194,4.339144123134328,81.08289930555556,8.180121527777779,5.330538680799239
1028,115,78.02076018258427,81.8139922752809,80.0616528614458,85.01270707831326,3.7943404325085077
1029,116,77.87490472560977,30.03842733739837,84.3625935798548,26.870356454174228,7.21988779626304
1030,117,79.13230613425925,50.98741319444444,82.52309860159818,49.25085616438356,3.8096067874803343
1031,118,78.91885080645162,44.361139112903224,81.26361268939394,44.85440340909091,2.3960838786638443
1032,119,83.40255792862497,17.930097451274364,84.3625935798548,26.870356454174228,8.991657216028887
1033,120,81.08289930555556,8.180121527777779,82.99145858253588,4.123679226475279,4.48300375390697
1034,121,81.42361111111111,97.14536313657408,82.8749603426396,93.20595058692894,4.19825985715033
1035,122,82.32907458563537,66.24492834944752,89.93535674778761,65.46339186946902,7.646327719880479
1036,123,82.52309860159818,49.25085616438356,83.41774164244185,46.561591569767444,2.83417187735427
1037,124,82.99145858253588,4.123679226475279,84.89970858134922,2.945188492063492,2.2428237712904453
1038,125,83.09592340225564,43.0671405075188,84.38499630905511,41.07252706692913,2.3749087848642545
1039,126,81.26361268939394,44.85440340909091,83.41774164244185,46.561591569767444,2.7485929058908374
1040,127,84.39497514204545,76.14080255681817,84.94110107421875,80.12847900390625,4.024899623649403
1041,128,84.94110107421875,80.12847900390625,88.54442531779661,81.16310248940678,3.7489186922505082
1042,129,86.86169610507247,49.81742527173913,88.39794094279661,47.944253177966104,2.4225651475913184
1043,130,84.89970858134922,2.945188492063492,87.10746017156863,0.6405101102941176,3.1915058401186545
1044,131,87.00629340277779,91.40733506944444,89.65250651041666,94.56787109375,4.1220664443908515
1045,132,88.86089902935606,61.488296046401516,91.657958984375,59.01025390625,3.7368753311205443
1046,133,89.47930090206185,9.205192225085911,92.29975905373831,13.623503212616821,5.241798943864081
1047,134,84.38499630905511,41.07252706692913,89.0323153409091,35.69779829545455,7.105299680572869
1048,135,89.65250651041666,94.56787109375,92.16140863549617,93.24233659351145,2.8375397062510257
1049,136,88.86089902935606,61.488296046401516,89.93535674778761,65.46339186946902,4.1177477085496506
1050,137,88.39794094279661,47.944253177966104,91.05982287176724,44.26858836206897,4.538295631909017
1051,138,91.42999387254902,76.40510110294117,93.19980267396907,79.08998469716495,3.2157150228395306
1052,139,91.5817002118644,21.667439088983052,93.91129740168539,19.51369382022472,3.1726395555626445
1053,140,91.92230504587155,83.20491685779817,95.50548735119048,82.91945684523809,3.594535137110418
1054,141,91.8678042763158,87.87726151315789,94.33130724676724,87.81822467672413,2.4642102656792932
1055,142,95.3927654109589,30.632491438356162,95.9672619047619,33.88857886904762,3.3063804345082306
1056,143,93.8428337191358,54.58863811728395,97.17850030637256,54.399318321078425,3.3410348047338534
1057,144,94.81176593959731,2.000970008389262,95.97314228110599,8.867817540322582,6.964365730878498
1058,145,93.8428337191358,54.58863811728395,95.05859375,51.28850446428571,3.5169524563602526
1059,146,92.29975905373831,13.623503212616821,95.97314228110599,8.867817540322582,6.009183850471784
1060,147,95.82688737623762,92.36540841584159,97.04116138059702,94.12653529228857,2.1391655458628884
1061,148,95.3927654109589,30.632491438356162,96.72330729166667,25.838541666666664,4.97516794789876
1062,149,95.05859375,51.28850446428571,97.65302169421489,45.18175361570248,6.635017881241548
1063,150,93.91129740168539,19.51369382022472,98.82471228158603,17.468130460349464,5.3222152569482875
1064,151,97.17850030637256,54.399318321078425,98.98900741185898,59.334309895833336,5.256622282599234
1065,1,5.021798270089286,82.38275437127976,9.853326001213594,76.19083737864078,7.853884151192624
1066,2,3.5472470238095237,61.047247023809526,6.336584394904459,62.54957454219745,3.1681841711447936
1067,3,4.98046875,38.567877435064936,6.342745103965183,43.33878596470019,4.961588965514893
1068,4,6.835571403467666,18.95519710637301,15.222206968849841,16.225913538338656,8.81956035759581
1069,5,7.4792606314432994,90.69283082313144,11.609190376243781,97.50247784514924,7.964145419407141
1070,6,7.4230659298780495,6.321455792682927,11.961249343487394,0.893267463235294,7.075333012340159
1071,7,7.524496822033898,72.55031779661016,9.853326001213594,76.19083737864078,4.321669604787841
1072,8,6.342745103965183,43.33878596470019,10.70782136867905,40.01709236326109,5.4852109511494485
1073,9,6.342745103965183,43.33878596470019,10.990084134615383,45.95756436104219,5.334394094454615
1074,10,11.609190376243781,97.50247784514924,15.215560493119265,98.16424168577981,3.666583805214141
1075,11,9.853326001213594,76.19083737864078,15.07205006270903,74.41896164297658,5.511317850810904
1076,12,15.222206968849841,16.225913538338656,16.97555374313187,11.617874313186812,4.930339786609357
1077,13,14.976597691441443,27.371903153153156,17.605689264112904,25.483555947580644,3.2369704456923296
1078,14,15.215560493119265,98.16424168577981,16.364852241847828,95.49825917119566,2.903159363824876
1079,15,16.99793198529412,23.341485031512605,17.605689264112904,25.483555947580644,2.2266200213376743
1080,16,17.409678629912666,37.86589110262008,21.71257174744898,35.4621731505102,4.928767510670057
1081,17,21.08958174542683,82.14677019817073,23.990642490671643,86.0176655783582,4.837353046032215
1082,18,21.962890625,44.439453125,26.420084635416668,41.107584635416664,5.5648832942275215
1083,19,21.917793188202246,2.73218047752809,22.400390625,4.794270833333333,2.117809462984986
1084,20,23.25665509259259,88.49012586805556,23.990642490671643,86.0176655783582,2.579107866039956
1085,21,23.772825677710845,70.31838290662651,26.191804846938776,65.1668982325073,5.691155820116323
1086,22,22.400390625,4.794270833333333,27.30780291411043,6.208660851226994,5.107170889840019
1087,23,23.990642490671643,86.0176655783582,29.83230557333577,80.36237826901976,8.130639711764722
1088,24,31.28264562380268,90.06244761733716,38.73656183226496,91.32048778044873,7.559334090697306
1089,25,30.261948529411764,16.81985294117647,32.8515625,14.302734375,3.6113690468928885
1090,26,30.62299211448598,44.82330607476636,34.14163961038961,48.584618506493506,5.150568066679062
1091,27,31.909129964358453,54.45419901985743,34.14163961038961,48.584618506493506,6.279814863710849
1092,28,32.44490713443396,31.89858490566038,40.77703302556818,27.088512073863637,9.620869114217193
1093,29,32.8515625,14.302734375,35.782398897058826,17.258522727272727,4.162509672031512
1094,30,37.482867324561404,40.194113212719294,41.32205031988189,36.13742618110236,5.585341148403294
1095,31,37.57595486111111,85.60980902777777,38.73656183226496,91.32048778044873,5.8274231318566825
1096,32,37.86209620786517,62.12583391853933,40.00719882930513,59.41069911253777,3.4602633239783573
1097,33,38.73656183226496,91.32048778044873,43.847098214285715,89.06529017857143,5.58600915998809
1098,34,34.14163961038961,48.584618506493506,38.44992897727273,52.95632102272727,6.137844911631669
1099,35,40.77703302556818,27.088512073863637,44.210379464285715,34.1304922462406,7.8343699501877415
1100,36,41.32205031988189,36.13742618110236,44.210379464285715,34.1304922462406,3.5171336433681657
1101,37,37.86209620786517,62.12583391853933,41.98692908653846,63.67412860576923,4.405844154698226
1102,38,43.12105791284404,14.290961869266056,45.07421483003011,8.111544703336678,6.480742122144226
1103,39,46.54554429945055,69.04296875,50.50945971385542,68.8641283885542,3.9679477425287013
1104,40,47.22377232142857,42.27818080357143,54.25910738950276,38.81350353936464,7.842188984281487
1105,41,47.750614466292134,95.14022998595506,49.66282368925831,97.97594309462916,3.4202065649757216
1106,42,53.733723958333336,24.227949501811594,62.532909336668816,17.180218336426726,11.273694066358644
1107,43,49.66282368925831,97.97594309462916,52.87942325367647,95.44964958639706,4.090069882966642
1108,44,53.934832317073166,65.16232374237805,54.06863190406976,59.13540152616279,6.028407229923133
1109,45,54.25910738950276,38.81350353936464,58.848142253110424,34.9657215931182,5.988711621481426
1110,46,53.934832317073166,65.16232374237805,58.78814121462265,64.72766804245283,4.872733609844727
1111,47,54.459635416666664,82.59778145032051,56.30842317139738,77.17956809497817,5.724949967122198
1112,48,56.29834467821782,12.767346070544555,62.532909336668816,17.180218336426726,7.638274550930871
1113,49,58.61245809386973,52.49378891283525,62.31600614892183,52.852036303908356,3.7208345017335644
1114,50,58.78814121462265,64.72766804245283,61.40065332602339,61.08712536549707,4.480934111873526
1115,51,61.197916666666664,46.171972170398014,62.31600614892183,52.852036303908356,6.7729890682136
1116,52,62.31600614892183,52.852036303908356,63.92017121010638,52.555684840425535,1.6313092084070502
1117,53,63.48641378837719,72.80016447368422,63.57253502155172,78.73450969827587,5.934970101983434
1118,54,63.48641378837719,72.80016447368422,63.8531454248366,67.5430198120915,5.26992050092722
1119,55,64.13958925189394,29.971294981060602,66.71638111076733,32.743608833539604,3.7849148445642964
1120,56,63.81379271582733,98.37778214928058,65.96283783783784,91.46827491554053,7.235999250244787
1121,57,65.36581753554502,7.339954828199052,70.52001953125,2.1096934442934785,7.343121431414777
1122,58,68.24264171511628,45.975654069767444,72.41015625,43.322265625,4.940510868047196
1123,59,70.52001953125,2.1096934442934785,74.14484797297297,3.939681869369369,4.060571248954453
1124,60,63.57253502155172,78.73450969827587,70.47006302521008,81.43218224789915,7.406303379300788
1125,61,72.88181211890243,55.413763066202094,78.1317018995098,62.49329810049019,8.813691565413345
1126,62,72.27915568524097,23.27483763177711,73.33361567283163,30.55519571109694,7.356323784917793
1127,63,66.71638111076733,32.743608833539604,73.33361567283163,30.55519571109694,6.969716295794082
1128,64,74.14484797297297,3.939681869369369,75.47770700636943,8.746765525477706,4.9884432922235815
1129,65,76.17303757440477,92.42582775297619,76.5745563271605,90.30872235082305,2.1548439833641146
1130,66,77.04658398997135,96.94915159383955,80.16826923076923,96.78007539335664,3.1262606264009785
1131,67,80.30389620176848,38.53496784565916,83.9405124470339,37.94193591101695,3.6846525739659346
1132,68,84.8665836352657,81.94444444444444,92.92777267156863,86.73751531862746,9.37850185711727
1133,69,86.20831990979381,70.04570715206185,95.0922806766055,72.75345828555045,9.287447179239193
1134,70,86.77476986434108,14.134417393410853,93.50958671278626,14.594763835877863,6.750531596044351
1135,71,86.40379581151832,97.18637516361257,88.34317835365853,97.85513528963415,2.0514494268479098
1136,72,83.9405124470339,37.94193591101695,87.22057182247899,30.05432641806723,8.542433670782335
1137,73,86.77476986434108,14.134417393410853,88.13648897058823,2.289751838235294,11.92268346632925
1138,74,89.10966730442176,20.47326743197279,93.02362351190476,17.914806547619047,4.675978538323586
1139,75,89.16821526092234,49.8388197815534,92.7535655886628,55.282521802325576,6.518330205166634
1140,76,89.98084958217271,61.02237116991643,92.7535655886628,55.282521802325576,6.374466629866333
1141,77,90.57320660425101,42.41088372975709,94.022216796875,37.8564453125,5.7130185196104035
1142,78,93.50958671278626,14.594763835877863,94.03875942887932,12.86200161637931,1.8117639671819432
1143,79,92.92777267156863,86.73751531862746,98.84072580645162,83.29448084677419,6.842331558006554
1144,80,93.02362351190476,17.914806547619047,93.50958671278626,14.594763835877863,3.3554200691413802
1145,81,93.83905758647799,22.1968356918239,96.69669858870968,21.236769153225808,3.014604427809959
1146,82,88.34317835365853,97.85513528963415,94.45415296052632,96.76510612468672,6.207428954584886
1147,83,94.022216796875,37.8564453125,97.73085694875776,35.47772709627329,4.405940549799297
1148,84,96.41966302710844,28.781532379518072,97.73085694875776,35.47772709627329,6.823360842346729
1149,1,0.48709032012195125,66.19664634146342,7.03930412371134,68.88087951030928,7.080721250881131
1150,2,0.33261138613861385,76.84676670792079,3.353794642857143,72.69949776785715,5.1310221137598875
1151,3,1.9660636829652998,39.538458694794954,10.025827508223683,37.19932154605263,8.392339097031888
1152,4,6.472610113188976,62.23894254429134,7.03930412371134,68.88087951030928,6.666068463653631
1153,5,3.353794642857143,72.69949776785715,7.03930412371134,68.88087951030928,5.307054317636488
1154,6,8.541962594696969,96.05823863636364,10.141054909867172,86.61961130218216,9.57312812961333
1155,7,11.087601273148149,2.015516493055556,17.396763392857142,11.974516369047619,11.789283488947953
1156,8,7.03930412371134,68.88087951030928,12.97607421875,73.22622445913461,7.357123207180045
1157,9,17.396763392857142,11.974516369047619,19.526176948051948,11.139153814935066,2.287407415800874
1158,10,18.80859375,26.547683189655174,20.585363051470587,23.994715073529413,3.110394726172709
1159,11,20.679399647380542,43.72779262017847,26.787003226902172,52.49801856884058,10.687360978051204
1160,12,21.904355003720237,61.429559616815474,26.787003226902172,52.49801856884058,10.179031346989863
1161,13,23.06962985436893,76.88201608009709,27.84716758457907,77.02289044059796,4.779614246885199
1162,14,24.25681938559322,88.3838718220339,30.840589329154195,86.36825470153443,6.885400427439746
1163,15,28.445535379129126,14.732603697447447,32.54137541118421,14.392732319078947,4.109917045637183
1164,16,30.840589329154195,86.36825470153443,35.73246606334842,86.6723522341629,4.901319545989779
1165,17,27.84716758457907,77.02289044059796,30.346794307511736,71.51096684272301,6.0522256652251425
1166,18,27.84716758457907,77.02289044059796,30.484169407894733,81.17418791118422,4.918033072831658
1167,19,30.59843329973118,93.91958585349462,32.83223902925532,97.96999667553192,4.625550330991073
1168,20,30.87007068452381,30.350167410714285,32.63221153846153,32.328511332417584,2.649336721078836
1169,21,26.787003226902172,52.49801856884058,36.856482163915096,45.218528891509436,12.42519118667063
1170,22,30.346794307511736,71.51096684272301,35.97571331521739,67.08984375,7.157587484363607
1171,23,32.63221153846153,32.328511332417584,39.005055147058826,31.79900866596639,6.394803259946176
1172,24,32.54137541118421,14.392732319078947,41.19412781762295,0.9581518954918032,15.979927264069829
1173,25,35.73246606334842,86.6723522341629,44.748640585309055,82.19092334356478,10.06849581178538
1174,26,46.4908522002551,55.39600605867348,53.42971324135091,54.65677126235585,6.978127301197932
1175,27,48.68533972537879,94.53790838068183,50.72107796717171,96.63233901515152,2.9207652887048714
1176,28,56.716795030689326,14.045679886685553,69.63001598011364,9.705144708806818,13.623197896200937
1177,29,54.75534539473684,28.369654605263158,57.82903035481771,35.14802720811632,7.442706119210786
1178,30,57.284691220238095,78.83765811011905,65.367431640625,72.5634765625,10.232108619235804
1179,31,66.15506512022195,53.884695784525285,67.96708351109216,42.90475682593857,11.128453180165796
1180,32,65.367431640625,72.5634765625,71.84335214120371,73.58940972222221,6.556682482630471
1181,33,67.96708351109216,42.90475682593857,72.58485425420169,42.91622899159664,4.617784993533503
1182,34,67.89981617647058,0.6764131433823529,69.63001598011364,9.705144708806818,9.193018276987084
1183,35,65.367431640625,72.5634765625,69.42110283430233,65.71016533430233,7.962419540377763
1184,36,75.92747873036649,20.53644469895288,78.46623563218391,25.26939655172414,5.3708583901622715
1185,37,77.93357155539773,5.294522372159091,86.81621699370154,6.209309895833334,8.929626318950286
1186,38,80.38979388297872,34.163065159574465,85.99554742132867,33.912669361888106,5.611343046742189
1187,39,86.72041223404256,40.81823470744681,91.47129432827819,43.256153779871326,5.3398810920300415
1188,40,85.99554742132867,33.912669361888106,89.17020909926471,28.66354549632353,6.134474559845801
1189,41,89.9697265625,75.30859375,94.33969350961539,65.27569110576923,10.943296879254156
1190,42,89.9697265625,75.30859375,94.30132515822784,88.98214992088607,14.343252237651274
1191,43,91.47129432827819,43.256153779871326,94.86758235559567,49.550499210288805,7.152171471792151
1192,1,0.818014705882353,0.43543198529411764,7.633477682450043,10.118748642484796,11.841332571479924
1193,2,2.3395040760869565,30.184273097826086,6.1052720323741,40.22524168165468,10.723901267823749
1194,3,4.012573964497041,47.54703679733728,7.528831845238096,51.39818948412699,5.214925359086281
1195,4,7.633477682450043,10.118748642484796,12.367215602517986,18.627051483812952,9.736503065045579
1196,5,6.1052720323741,40.22524168165468,10.195777529761903,40.187872023809526,4.0906761929401485
1197,6,6.294285973837209,82.36140761264535,11.78729717548077,94.71905048076923,13.523479926316101
1198,7,7.528831845238096,51.39818948412699,9.819178427419354,56.04485505254154,5.180462177373629
1199,8,9.819178427419354,56.04485505254154,13.9375,55.7744140625,4.1271916486005065
1200,9,9.605293843283583,67.46735074626866,18.645796962290504,68.37301414106145,9.085753839359805
1201,10,11.78729717548077,94.71905048076923,18.955485026041664,88.87803819444444,9.24663947550276
1202,11,12.367215602517986,18.627051483812952,14.913370962918659,25.81863038277512,7.629004796124788
1203,12,17.144775390625,38.385009765625,19.807235054347828,38.46099411231884,2.6635437075245374
1204,13,17.947972074468087,10.089760638297872,19.637364665354333,9.49956938976378,1.789517542799616
1205,14,18.528570130813954,6.408975290697675,19.637364665354333,9.49956938976378,3.283473344647226
1206,15,18.645796962290504,68.37301414106145,20.36920362903226,75.01181325604838,6.858847150077138
1207,16,18.955485026041664,88.87803819444444,22.350680443548388,90.69220430107528,3.8494870548563633
1208,17,20.56243379237288,60.53115068855932,25.29724885398032,55.44490370639535,6.9489842445638565
1209,18,21.328950264084508,43.723866637323944,23.899739583333332,44.55920649509804,2.703100146489192
1210,19,18.528570130813954,6.408975290697675,23.667597137721238,4.696358199668142,5.416886179181625
1211,20,25.29724885398032,55.44490370639535,28.86523747028526,58.611238361727416,4.770347777221115
1212,21,19.637364665354333,9.49956938976378,26.76723435462842,12.962307488591918,7.926259958335036
1213,22,28.408968173963135,36.859609014976954,30.947825947745898,35.95991290983606,2.6935574761090337
1214,23,28.8685411509901,29.97853496287129,30.947825947745898,35.95991290983606,6.3324803521571535
1215,24,30.76171875,91.05092243975903,34.852723817567565,94.1063133445946,5.106048966100435
1216,25,31.516192036290324,68.05380544354838,31.955729166666668,65.32682291666667,2.762177870973855
1217,26,32.55953501506024,48.6292827560241,34.2570515422078,50.81346387987013,2.766262739094823
1218,27,34.554811507936506,3.493923611111111,34.63584498355263,7.9898231907894735,4.496629788488541
1219,28,31.955729166666668,65.32682291666667,35.54857336956522,65.91966711956522,3.641427428250097
1220,29,37.50358371559633,45.95398509174312,39.13352272727273,46.878804788961034,1.874031124113706
1221,30,34.852723817567565,94.1063133445946,37.641433189655174,99.27936422413794,5.876849101713721
1222,31,34.852723817567565,94.1063133445946,39.252068014705884,87.28170955882352,8.119694957180062
1223,32,34.554811507936506,3.493923611111111,39.40501493566176,3.731761259191176,4.856031305208205
1224,33,40.244140625,25.867513020833332,41.97603383458647,18.07595159774436,7.9817218379983625
1225,34,41.85174851190476,76.33370535714286,42.98095703125,66.58447265625,9.814410330545611
1226,35,39.13352272727273,46.878804788961034,42.61997767857143,52.034505208333336,6.223874592386236
1227,36,42.98095703125,66.58447265625,47.41753472222222,65.05316840277777,4.693411800037852
1228,37,43.76937624007937,7.8008742559523805,47.14298691860465,8.636900436046512,3.475656597545652
1229,38,43.76937624007937,7.8008742559523805,44.87623665201005,3.667752826633166,4.2787653267031445
1230,39,45.29933763586956,42.61803668478261,50.72646722560976,41.67182736280488,5.508996974480125
1231,40,37.641433189655174,99.27936422413794,45.7911036036036,95.42775197072072,9.013991613411902
1232,41,49.503880966828476,28.611258596278315,52.31557992788461,32.76930588942308,5.019462953308117
1233,42,50.675917712882104,7.893524836244542,53.18485383064516,7.009484970674487,2.660129118470211
1234,43,50.011837121212125,55.67737926136363,54.12314967105263,55.420435855263165,4.119333780651255
1235,44,50.72646722560976,41.67182736280488,51.01961525537635,37.405493951612904,4.276392935969399
1236,45,51.01961525537635,37.405493951612904,52.31557992788461,32.76930588942308,4.8139136033357435
1237,46,54.95437436740891,23.167858046558703,61.083984375,19.33509563577586,7.229259059037155
1238,47,54.623931308962256,4.396373820754717,56.5078125,3.4622395833333335,2.102763685122178
1239,48,57.63131387578616,14.159542059748428,61.94483090753424,16.47180008561644,4.89417678076424
1240,49,59.62039262820513,74.05849358974359,62.84511529126213,77.77779884708738,4.92260783030078
1241,50,54.12314967105263,55.420435855263165,62.39525878113157,58.7679133391987,8.923754514469028
1242,51,61.083984375,19.33509563577586,61.94483090753424,16.47180008561644,2.9899027007812444
1243,52,63.680464268642446,40.78278113049713,67.01689171264856,45.21368314940577,5.546588211710491
1244,53,64.65155418882979,26.202002992021278,66.46050347222221,26.398654513888886,1.819606916600081
1245,54,66.46050347222221,26.398654513888886,66.54097945601852,29.93013358410494,3.5323959018408493
1246,55,66.104736328125,50.26611328125,67.01689171264856,45.21368314940577,5.134109239457496
1247,56,56.5078125,3.4622395833333335,66.6671525186567,0.5334654850746269,10.573074639541277
1248,57,68.40765449438202,84.6580933988764,73.86068988399528,86.20070721097129,5.667032056874265
1249,58,68.40765449438202,84.6580933988764,68.90678755733946,90.37817158830275,5.7418140258709425
1250,59,70.18712197580645,18.120589717741936,70.72938764686684,13.249632832898172,4.901048156467903
1251,60,70.18712197580645,18.120589717741936,71.61215924202128,19.074135638297875,1.7146372889651873
1252,61,72.11635044642857,61.996372767857146,79.66579861111111,62.795681423611114,7.591644217058115
1253,62,68.90678755733946,90.37817158830275,73.96899198008849,96.1602945243363,7.684976204589384
1254,63,76.61376953125,11.785481770833334,79.63917012117348,13.232421875,3.353607668549672
1255,64,77.27013976130654,73.38253768844221,86.97395439954683,74.31463604607251,9.748478131566163
1256,65,78.02082464118824,49.67521799899867,78.97542317708334,39.41921657986111,10.300331231280119
1257,66,73.86068988399528,86.20070721097129,82.25533747592681,90.6786474632884,9.51430801982171
1258,67,79.66579861111111,62.795681423611114,83.1397804054054,63.309403153153156,3.5117601743985642
1259,68,83.1397804054054,63.309403153153156,85.7678865131579,62.78011924342105,2.680873583499837
1260,69,84.34991399082568,27.883995126146786,90.20152698863636,27.69442471590909,5.854682879250123
1261,70,85.7678865131579,62.78011924342105,86.74172794117648,65.08932674632352,2.506153710047799
1262,71,86.97395439954683,74.31463604607251,88.81125710227272,76.12127130681819,2.57674449389408
1263,72,87.17164855072464,18.12726449275362,95.18014355964468,15.301792512690355,8.49230735536696
1264,73,90.20152698863636,27.69442471590909,91.98249642175573,30.37482108778626,3.218132506917295
1265,74,93.23319229744136,79.55611174040513,93.77771326013513,74.63444890202703,4.951693465218223
1266,75,86.74172794117648,65.08932674632352,92.5955919715447,63.98469258130082,5.957175566035846
1267,76,94.00841346153847,0.8683894230769231,96.35149846311475,8.324795081967213,7.815883358555377
1268,77,94.40734206989248,93.33732358870968,95.18280029296875,94.88677978515625,1.7326713365330715
1269,78,95.18014355964468,15.301792512690355,99.14157774390245,20.73313643292683,6.722533568238672
1270,79,95.18014355964468,15.301792512690355,96.35149846311475,8.324795081967213,7.074642426172556
1271,80,93.77771326013513,74.63444890202703,97.6171875,71.3232421875,5.070074195208074
1272,81,92.5955919715447,63.98469258130082,98.25994318181817,58.56600674715909,7.838815650495594
1273,82,98.22887073863636,82.38636363636364,99.61024693080357,84.86066545758929,2.833790692130765
1274,83,91.98249642175573,30.37482108778626,98.79500679347825,39.61022418478261,11.476191351177311
1275,84,95.18280029296875,94.88677978515625,99.4888583096591,97.02925248579545,4.809607563625893
1276,1,0.873085678807947,88.59588420943709,6.05621337890625,94.586181640625,7.921393568660939
1277,2,3.249289772727273,71.47105823863636,9.372598616803279,72.0487000512295,6.150494391802608
1278,3,3.941988031914893,97.97332114361701,6.05621337890625,94.586181640625,3.992826421294789
1279,4,5.223965204485488,40.807429089709764,11.195687071917808,41.99798444634703,6.089243312529648
1280,5,5.1141962274774775,80.3834107545045,9.001012731481481,86.94589120370371,7.627154920540141
1281,6,5.589535361842105,30.903063322368425,13.756855205088266,32.48190874870197,8.31852548845869
1282,7,6.8134014423076925,63.44150641025641,10.395833333333334,65.54557291666666,4.154625629010993
1283,8,7.58116675204918,11.624295594262295,16.462198893229164,8.176676432291668,9.526741823869218
1284,9,10.395833333333334,65.54557291666666,13.406143707482993,66.16476668792517,3.073331982568495
1285,10,13.87438322368421,98.23910361842105,17.571077641752577,98.49287210051546,3.705394454451822
1286,11,14.9533203125,2.0648437499999996,16.462198893229164,8.176676432291668,6.295332660607525
1287,12,13.756855205088266,32.48190874870197,17.596875,23.79296875,9.499654221410218
1288,13,21.890515478971963,92.69859813084112,24.770035282258064,90.95472110215054,3.3664137280957545
1289,14,24.0234375,56.14166259765625,30.80790751689189,57.903557854729726,7.009515554373431
1290,15,27.092853282232703,47.74377211084906,32.16552734375,46.520182291666664,5.218160037790828
1291,16,26.085205078125,75.760498046875,28.869207974137932,66.41186242816092,9.75436620475662
1292,17,28.380084859913797,2.6754445043103448,40.044883071192054,1.8496481788079473,11.69399234141419
1293,18,28.869207974137932,66.41186242816092,30.80790751689189,57.903557854729726,8.726385427618043
1294,19,30.693888546798032,84.69154094827587,32.91015625,85.74711134453781,2.45480577515223
1295,20,31.01966594827586,27.955280172413794,31.076138005780347,23.999164559248555,3.95651865129037
1296,21,32.40877477134146,90.12838224085365,32.91015625,85.74711134453781,4.409865990486105
1297,22,33.885822821100916,35.425028669724774,37.9638671875,34.79903371710527,4.125810894239383
1298,23,38.43536376953125,68.22306315104166,38.74490489130435,75.48997961956522,7.273506077990683
1299,24,40.418167727882036,98.79723106568365,47.887937814597315,90.54077967701343,11.134022394528435
1300,25,32.16552734375,46.520182291666664,39.58875868055556,50.01240079365079,8.203654889458251
1301,26,40.044883071192054,1.8496481788079473,42.55904274425287,3.174389367816092,2.841819501569371
1302,27,42.55904274425287,3.174389367816092,42.94956752232143,7.881382533482142,4.723165703626372
1303,28,45.02934909759359,23.857891878342247,50.06568030973452,20.863004701327434,5.859520567540718
1304,29,44.78617086038961,84.2481737012987,47.887937814597315,90.54077967701343,7.015543329195224
1305,30,42.94956752232143,7.881382533482142,46.255564135174424,12.7197265625,5.85996472236209
1306,31,42.55904274425287,3.174389367816092,46.83187905844156,0.6214488636363636,4.97741251914396
1307,32,47.18342513489209,37.87938399280576,51.17241753472223,32.57649739583333,6.635711463456828
1308,33,47.80226637380191,71.07783795926518,50.737574591708544,72.18514447236181,3.1372220272171374
1309,34,47.887937814597315,90.54077967701343,49.73273026315789,90.3564453125,1.853979054953616
1310,35,50.737574591708544,72.18514447236181,52.35565929878049,74.72926194105692,3.015084047548209
1311,36,49.73273026315789,90.3564453125,52.94162800218341,85.2581707150655,6.024070764057217
1312,37,49.73273026315789,90.3564453125,53.71496179601648,95.36803528502747,6.401109437748365
1313,38,56.43252480291287,48.36954252405131,68.72378700657895,46.84930098684211,12.384920705871574
1314,39,53.71496179601648,95.36803528502747,58.15782846894654,90.1609792649371,6.8448883606522015
1315,40,59.38546316964286,15.713588169642856,63.73275162337663,8.10166396103896,8.765860314737907
1316,41,62.302817486702125,32.12038730053192,65.29091282894737,30.07377593623482,3.621785726795243
1317,42,53.71496179601648,95.36803528502747,60.77110247905028,99.16746682960894,8.014037771356293
1318,43,63.73275162337663,8.10166396103896,64.42932641806722,3.0265231092436973,5.122721065035593
1319,44,65.16443201013513,83.85636613175676,69.0826056985294,82.01114430147058,4.330926997236257
1320,45,58.15782846894654,90.1609792649371,64.99537417763158,91.94978412828947,7.067662566755033
1321,46,65.29091282894737,30.07377593623482,67.55551493226602,24.11291564039409,6.376541237448848
1322,47,68.72378700657895,46.84930098684211,70.29249811746988,40.66147402108434,6.383577140412079
1323,48,71.96471671747967,71.81267466971545,82.36897786458334,73.22862413194444,10.500169660377754
1324,49,65.29091282894737,30.07377593623482,71.57118055555556,29.165461033950617,6.345612553535551
1325,50,68.72378700657895,46.84930098684211,73.87783291103604,53.96255630630631,8.784223951217124
1326,51,64.42932641806722,3.0265231092436973,77.62543402777777,1.0177951388888888,13.348117624067687
1327,52,79.72608024691358,27.0483699845679,85.32858455882352,23.940142463235293,6.40695972278108
1328,53,84.404296875,98.1085205078125,87.30146806318682,98.0704842032967,2.897420862443192
1329,54,84.6853595890411,57.2880993150685,86.57418799212599,54.601377952755904,3.284226608351963
1330,55,85.32858455882352,23.940142463235293,87.75908801020408,28.599330357142854,5.2550336685798245
1331,56,85.32858455882352,23.940142463235293,86.46223958333333,15.065104166666668,8.947149181731357
1332,57,86.57418799212599,54.601377952755904,88.78489290730337,57.11244733146067,3.3455471371149734
1333,58,87.30146806318682,98.0704842032967,90.16029094827587,90.65097752463053,7.951223028131
1334,59,95.18463354316546,97.24454811151078,98.33043981481482,96.25614872685185,3.297427852484807
1335,60,96.43585397012579,61.093504323899374,96.70556813162544,69.44072530182568,8.35157732307176
1336,61,98.9998282967033,11.084520947802199,99.28571428571429,13.639322916666666,2.570747731463854
1337,62,98.9998282967033,11.084520947802199,99.04146634615385,4.951923076923077,6.132739222653543
1338,1,2.2280567764683155,1.760453897797527,3.180147058823529,5.920266544117647,4.267378253476018
1339,2,1.1138613861386137,85.03152073019803,2.310943603515625,83.15048217773438,2.2296438888339947
1340,3,1.9727873322147653,12.795590394295303,5.266051733193277,8.980271796218489,5.040064128518921
1341,4,1.4668166035353536,79.75161773989899,2.310943603515625,83.15048217773438,3.5021179104761324
1342,5,1.1138613861386137,85.03152073019803,2.462029309006211,91.34620050465838,6.456991358382627
1343,6,3.180147058823529,5.920266544117647,5.266051733193277,8.980271796218489,3.7033269439035883
1344,7,3.0127681902985075,26.361357276119403,5.917097467472119,20.814213522304833,6.261464076055358
1345,8,3.385780377094972,66.63211417597765,4.346168154761905,70.31622023809524,3.8072276213044556
1346,9,5.917097467472119,20.814213522304833,9.906408629441623,18.180751639170897,4.780138600180315
1347,10,5.266051733193277,8.980271796218489,9.230032026397515,9.1503704063147,3.9676281708431578
1348,11,3.385780377094972,66.63211417597765,11.235773801274943,61.797351371951216,9.219399553705564
1349,12,12.218338815789474,85.79050164473684,19.19976128472222,90.11393229166667,8.21171798398673
1350,13,15.896423486211031,2.6010441646682656,19.869371639784948,0.6667926747311828,4.418783300560259
1351,14,14.771975324453551,15.241579149590164,17.891160102739725,17.096532534246574,3.629072297480506
1352,15,14.927455357142858,27.377358969155846,23.295200892857142,31.23716517857143,9.215056664215878
1353,16,15.598060344827585,93.8829155045639,19.19976128472222,90.11393229166667,5.213202865757192
1354,17,16.770582932692307,70.19355969551282,19.97962869623656,71.39511928763442,3.426619349437681
1355,18,19.19976128472222,90.11393229166667,22.728329613095237,92.11774553571429,4.057839568664317
1356,19,19.41720388986014,39.11371831293706,23.591496394230766,42.467948717948715,5.354958405249238
1357,20,19.97962869623656,71.39511928763442,20.209603658536583,68.02448551829269,3.3784701405091178
1358,21,19.97962869623656,71.39511928763442,22.87202380952381,70.25235615079364,3.109960944817491
1359,22,23.295200892857142,31.23716517857143,29.974811302361854,32.63468206885027,6.824239787798954
1360,23,23.804139254385966,54.9547697368421,26.958326790201003,54.112849403266324,3.264617720220745
1361,24,23.591496394230766,42.467948717948715,27.52706733978638,42.50276410213618,3.935724936841703
1362,25,19.869371639784948,0.6667926747311828,24.611656688084114,0.9774751752336448,4.752451061866949
1363,26,23.591496394230766,42.467948717948715,24.413581434729064,47.53165409482759,5.130003504642375
1364,27,22.728329613095237,92.11774553571429,26.056476398273272,89.78817684872372,4.062444004672289
1365,28,22.87202380952381,70.25235615079364,26.191023284313726,73.56834660947712,4.691646857526209
1366,29,26.579005281690144,39.373349471830984,27.52706733978638,42.50276410213618,3.2698711892626395
1367,30,26.056476398273272,89.78817684872372,27.642554780876495,85.41653697709162,4.650470922713605
1368,31,30.422209318693692,22.54486908783784,36.73441100230414,21.030025921658986,6.491428187440218
1369,32,29.974811302361854,32.63468206885027,32.722220660971225,35.72743367805755,4.136830997276611
1370,33,27.52706733978638,42.50276410213618,30.315563725490197,45.54898131127451,4.1297882970357875
1371,34,31.326924755586592,65.03742580307262,34.502659073795186,67.05984092620481,3.7650300649691464
1372,35,31.53957790798611,3.396267361111111,36.62901873363874,4.584219568062827,5.226245149609916
1373,36,31.895443028255528,11.772736870393121,33.49683077830189,8.743366745283017,3.4265910291291175
1374,37,32.722220660971225,35.72743367805755,34.669104287790695,34.905296148255815,2.113354199912132
1375,38,35.285684700639855,95.57047674817186,41.22759205426357,92.04416989664082,6.909493686964496
1376,39,37.00949718601896,50.30629813388625,43.454706101190474,46.85562375992063,7.310805126342065
1377,40,36.73441100230414,21.030025921658986,41.63880429025424,19.042141154661017,5.291952321190404
1378,41,33.49683077830189,8.743366745283017,36.62901873363874,4.584219568062827,5.206640628018793
1379,42,34.669104287790695,34.905296148255815,37.582284432870374,35.93659577546296,3.0903393792210005
1380,43,39.242658943965516,12.13336813038793,41.89962635869565,13.45788043478261,2.9688059363034536
1381,44,41.22759205426357,92.04416989664082,44.929722377232146,92.81703404017857,3.781942346547572
1382,45,41.514276825221245,42.109720685840706,43.779383296460175,41.60761200221239,2.320090613795821
1383,46,41.514276825221245,42.109720685840706,43.454706101190474,46.85562375992063,5.127266500153838
1384,47,43.01060267857143,5.207786239495799,48.40494791666667,5.654761904761905,5.412831772104214
1385,48,43.61379523026316,78.69911595394737,46.2989936440678,76.67008739406779,3.365597631670479
1386,49,41.89962635869565,13.45788043478261,44.031032986111114,10.97439236111111,3.2727064065478157
1387,50,43.99565077319588,34.82603092783505,47.487676711309526,39.501953125,5.835965519637551
1388,51,46.2989936440678,76.67008739406779,47.492386122881356,74.94786149364407,2.0952917841148326
1389,52,43.454706101190474,46.85562375992063,47.03316066576087,53.75551970108695,7.772637973662359
1390,53,43.779383296460175,41.60761200221239,47.487676711309526,39.501953125,4.264415476685915
1391,54,48.80777994791667,19.390869140625,52.470789546460175,22.761684181415927,4.977954736459965
1392,55,48.40494791666667,5.654761904761905,53.71662842365967,1.430925844988345,6.7863643335892965
1393,56,48.40494791666667,5.654761904761905,53.630594370783356,8.949016702586206,6.177337252927896
1394,57,53.83827780837004,34.22873072687225,56.08648255813954,33.01992490310077,2.552574409585345
1395,58,53.63002232142857,37.917596726190474,53.83827780837004,34.22873072687225,3.6947398702435486
1396,59,55.270798141891895,83.8770411036036,59.00708575581395,74.25281613372093,10.324027867303553
1397,60,56.83924788135594,70.6107653601695,59.00708575581395,74.25281613372093,4.238402397963328
1398,61,56.186930338541664,15.3106689453125,58.825731842885375,16.462604990118574,2.87927595597402
1399,62,53.63002232142857,37.917596726190474,59.55078124999999,39.30147058823529,6.080336598931762
1400,63,59.55078124999999,39.30147058823529,63.22129672956292,48.23598271195872,9.659098859348731
1401,64,56.08648255813954,33.01992490310077,61.475243506493506,33.04395799512987,5.388814540139344
1402,65,58.825731842885375,16.462604990118574,61.54541015625,14.423828124999998,3.399008860525167
1403,66,56.83924788135594,70.6107653601695,62.447563885467986,62.306611761083744,10.020587577541953
1404,67,64.58136047979798,6.135574494949495,66.84735831567797,4.2422537076271185,2.9528646761949315
1405,68,67.97396827290076,91.80209327290076,79.23515018096752,92.82785189353814,11.307802559046646
1406,69,69.60648117612917,25.875443554769944,74.09457781456953,30.20165045529801,6.233704964317486
1407,70,70.95444623161765,36.39921300551471,74.09457781456953,30.20165045529801,6.947676440515951
1408,71,73.32557091346153,6.5166766826923075,76.54551630434783,4.845660665760869,3.627718683846817
1409,72,76.31615990990991,61.40554617117117,77.89737477022058,58.14711626838235,3.621823555317908
1410,73,76.78933932086615,74.33562992125984,78.92635569852942,75.17807904411765,2.297076298908015
1411,74,79.23515018096752,92.82785189353814,83.59804258241759,88.36388221153845,6.2419432413666724
1412,75,77.89737477022058,58.14711626838235,81.58014112903226,55.05890877016129,4.806224464760649
1413,76,80.15761264534885,28.599654796511626,81.03971829379562,32.72910013686132,4.222609287390616
1414,77,78.92635569852942,75.17807904411765,80.49910945595855,81.96142325129534,6.963283206545498
1415,78,80.5710883989726,46.58336900684932,82.02734375,43.26015625,3.628280953107408
1416,79,80.47441123188406,35.59216485507246,81.03971829379562,32.72910013686132,2.9183405652720755
1417,80,77.89737477022058,58.14711626838235,83.29979482323232,61.41887626262626,6.315897077147338
1418,81,83.59804258241759,88.36388221153845,87.22164124015748,84.61568036417323,5.213394702203781
1419,82,86.75937054843304,78.14837072649573,87.22164124015748,84.61568036417323,6.483809693538486
1420,83,83.59804258241759,88.36388221153845,85.55800039556962,93.34824960443038,5.355870884987791
1421,84,88.47566657110092,14.642165997706421,89.2606205071885,5.40463383586262,9.270822677782055
1422,85,88.47566657110092,14.642165997706421,92.60028049284142,14.618323237885464,4.1246828339414625
1423,86,90.26173260195036,53.32723847517731,92.60908917682927,47.054830411585364,6.697252108577111
1424,87,91.27050269960732,17.92682428010471,92.60028049284142,14.618323237885464,3.5657380898972892
1425,88,87.22164124015748,84.61568036417323,93.14513687015504,88.90428173449612,7.312995432251801
1426,89,93.37787828947368,33.39124177631579,97.40105395047169,27.783203125,6.901886692339901
1427,90,93.14513687015504,88.90428173449612,95.11400305706522,98.63811990489131,9.930963678787695
1428,91,97.40105395047169,27.783203125,99.62962080792683,27.025771722560975,2.3537656144034855
1429,92,92.60028049284142,14.618323237885464,98.36697048611111,9.93381076388889,7.429627890917985
1430,93,92.60908917682927,47.054830411585364,98.93980921961327,42.33587275552486,7.895984904988036
1431,94,90.26173260195036,53.32723847517731,99.76778685591603,58.059622495229014,10.618875928862703
1432,1,0.5331667313664596,18.36301436335404,3.4728167808219177,7.626551797945205,11.131629298161554
1433,2,1.09375,64.00390625,4.7614602481617645,51.1962890625,13.322430577263903
1434,3,2.4542136270491803,91.8761206454918,12.265050551470589,95.82433363970588,10.57548613564745
1435,4,4.7614602481617645,51.1962890625,16.639200846354164,52.131144205729164,11.914473377231996
1436,5,8.53470287168386,37.691894171425936,14.708453225374733,33.64686496252677,7.380884413845376
1437,6,9.267578125,77.71240234375,14.96282527881041,85.29093575743495,9.47997936945671
1438,7,12.265050551470589,95.82433363970588,13.933967141544118,97.71441291360294,2.521444476136228
1439,8,13.399465460526317,25.376490542763158,14.708453225374733,33.64686496252677,8.373323235824778
1440,9,13.933967141544118,97.71441291360294,15.529668898809524,99.49311755952381,2.3895719942199674
1441,10,16.639200846354164,52.131144205729164,18.615301724137932,56.146731321839084,4.475479255481557
1442,11,9.267578125,77.71240234375,17.196066337719298,71.68739720394737,9.957992381694062
1443,12,20.017384958791208,10.749162946428571,23.41680463576159,14.146574917218544,4.8060859583907165
1444,13,20.017384958791208,10.749162946428571,21.024155890804597,1.231366738505747,9.570895066037304
1445,14,22.979789402173914,28.293987771739133,26.30560247747748,24.15188626126126,5.312065279621781
1446,15,18.615301724137932,56.146731321839084,23.871068302117262,57.16281555374593,5.3530841099813005
1447,16,26.742026179941004,79.67505530973452,34.04765625,88.4359375,11.40724714697903
1448,17,28.621852144281917,91.74726770279256,34.04765625,88.4359375,6.3564343704276105
1449,18,29.437763342696627,61.775697858146074,34.38054625718907,65.35344401509705,6.101751429169817
1450,19,33.0642835228844,13.849011986656526,38.526654783576056,20.192510281823083,8.371228727636769
1451,20,34.04765625,88.4359375,40.15963807397959,87.89162149234694,6.136171586000854
1452,21,35.92682718579235,30.005549863387976,36.723827448006936,36.96889893847487,7.008811579681938
1453,22,37.84246575342466,44.47506421232877,39.51898619186046,46.203897165697676,2.4082325803682783
1454,23,39.51898619186046,46.203897165697676,40.635986328125,50.96923828124999,4.894503575643642
1455,24,42.09241365131579,96.67197779605263,45.36262444690266,91.38723727876106,6.214721311746497
1456,25,42.70092627245509,60.56090943113772,44.87101236979167,61.295572916666664,2.29107051546281
1457,26,40.15963807397959,87.89162149234694,43.20192198822464,81.18241904438406,7.366742081994271
1458,27,44.54405737704918,30.51997950819672,47.78688108766234,32.17519784902597,3.640831412456834
1459,28,43.20192198822464,81.18241904438406,45.28796799516908,72.59232525664251,8.839756740164562
1460,29,51.00191556490385,9.796612079326923,53.584805456171736,6.964864713774597,3.8327683640844254
1461,30,43.20192198822464,81.18241904438406,51.93318825692042,79.97776546280276,8.81397758713291
1462,31,47.78688108766234,32.17519784902597,53.006998697916664,33.21126302083333,5.321941272235119
1463,32,60.352384396518744,16.51474034047437,68.12825520833333,19.61635044642857,8.371627806549172
1464,33,62.23526078907048,48.22383331205312,67.24229186545801,39.24223222805344,10.282972246972893
1465,34,61.508540783898304,34.68783103813559,66.73515625,35.353125,5.268787838410915
1466,35,64.22183388157895,8.119603207236842,64.37675280448718,1.720252403846154,6.401225708997621
1467,36,66.73515625,35.353125,67.24229186545801,39.24223222805344,3.922032835630452
1468,37,67.3508735552226,82.5397648223459,75.93531115301724,87.9259832974138,10.134294170369877
1469,38,68.12825520833333,19.61635044642857,69.07972788772213,14.003496062197094,5.692928472957465
1470,39,69.2663780120482,72.1781344126506,75.35424325980392,64.94044883578431,9.457599895555441
1471,40,69.07972788772213,14.003496062197094,71.36032516891892,10.32076998873874,4.331696583456897
1472,41,74.92532169117648,47.61374080882353,80.97740066741517,49.915890874500995,6.475149022186994
1473,42,74.96000744047619,94.31547619047619,78.40413411458333,93.27229817708333,3.5986426489612118
1474,43,75.93531115301724,87.9259832974138,78.40413411458333,93.27229817708333,5.888817335266223
1475,44,77.03584558823529,39.883961397058826,83.68193213619402,43.06130480410448,7.366544476839494
1476,45,78.4056763548951,17.99196896853147,86.86421000874127,21.480277534965033,9.149594976167078
1477,46,78.40413411458333,93.27229817708333,82.64960106382979,96.31773603723404,5.224814004075492
1478,47,83.53183178191489,5.595495345744681,84.11366637323944,1.1636223591549295,4.469902645575826
1479,48,83.68193213619402,43.06130480410448,87.35722770467837,39.67013888888889,5.000780317134576
1480,49,84.03515625,76.38541666666666,95.14120133196722,74.1883324795082,11.321281565624538
1481,50,78.40413411458333,93.27229817708333,84.7044757593458,88.29676547897196,8.028090088601623
1482,51,85.87782118055556,33.8671875,87.35722770467837,39.67013888888889,5.988563140305411
1483,52,86.86421000874127,21.480277534965033,89.43236474277211,23.620522427721088,3.3430625089718897
1484,53,82.64960106382979,96.31773603723404,88.28574732730263,96.90005653782895,5.666148768667477
1485,54,91.22771474878444,61.063171089951375,95.14120133196722,74.1883324795082,13.696176062633866
1486,55,95.14120133196722,74.1883324795082,98.15331015508916,81.33561246285291,7.756056389857468
1487,56,89.43236474277211,23.620522427721088,97.42620114006515,18.672256718241044,9.401422970928552
1488,57,89.43236474277211,23.620522427721088,97.0510874891115,29.694135180749132,9.743393051670148
1489,58,98.15331015508916,81.33561246285291,99.4716546474359,86.61608573717949,5.44255732182751
1490,59,87.35722770467837,39.67013888888889,99.64376100352112,44.971390845070424,13.38141146540568
1491,1,1.283112582781457,62.159819950331126,10.09603325661001,60.457610363550515,8.97580571762349
1492,2,0.8356153350515464,33.82429929123711,5.053926991150442,44.736933075221245,11.699561074302384
1493,3,1.9706890737410072,79.54628484712231,14.982524671052634,77.93071546052632,13.111747787933236
1494,4,5.053926991150442,44.736933075221245,11.94950226814516,42.86164314516129,7.146024819610204
1495,5,10.09603325661001,60.457610363550515,10.397061434659092,56.78045099431818,3.68946052841235
1496,6,11.624849759615383,6.196476862980769,14.106049408783782,11.472959776182433,5.83074811943909
1497,7,13.892706725823045,88.4620949074074,13.958572247706421,96.66535263761467,8.203522149368421
1498,8,13.958572247706421,96.66535263761467,19.67502170138889,99.67041015625,6.458185894414411
1499,9,14.982524671052634,77.93071546052632,17.840866815476193,78.64525204613095,2.9462997720455073
1500,10,17.840866815476193,78.64525204613095,18.15421481092437,80.71740414915966,2.095710214781067
1501,11,18.05788971656977,26.255337027616278,20.74104281135531,20.11110634157509,6.704541837690879
1502,12,14.106049408783782,11.472959776182433,20.548023897058822,6.027401194852941,8.435232277197692
1503,13,24.153645833333336,90.00725023674242,26.13777281746032,98.32279265873017,8.548976878025734
1504,14,25.84260923672566,41.77786227876106,30.04759519038076,37.580532158066134,5.94133714011666
1505,15,26.231728830645164,60.05150579637096,29.358514239028942,50.0836141748366,10.446800963392416
1506,16,19.67502170138889,99.67041015625,26.13777281746032,98.32279265873017,6.6017592282590964
1507,17,27.934071585944565,72.2410564646731,29.805668521689498,80.17132206050228,8.148127853088825
1508,18,29.358514239028942,50.0836141748366,37.083607608093125,50.21155245288248,7.7261527142393955
1509,19,30.04759519038076,37.580532158066134,34.765625,35.33203125,5.226429145987725
1510,20,34.62856359649123,18.602658991228072,40.84327243338558,21.37171826018809,6.803697168627225
1511,21,34.7582347972973,93.58477618243242,40.21524645618557,99.38738321520619,7.965502157556541
1512,22,41.119254109327215,75.06988245412845,48.40548155737705,77.40102743624773,7.650055382307677
1513,23,45.0078125,26.82477678571429,46.522739955357146,32.97061011904761,6.329792457585472
1514,24,45.21918402777778,42.45551215277778,50.597597947761194,35.87409631529851,8.49955120700466
1515,25,45.378460800438596,8.984375,45.56300951086957,4.2989979619565215,4.689010153022364
1516,26,46.522739955357146,32.97061011904761,49.393503289473685,33.516652960526315,2.9222328629385506
1517,27,48.40548155737705,77.40102743624773,52.11219394329897,77.5330219072165,3.70906177520856
1518,28,40.21524645618557,99.38738321520619,49.222117456896555,99.32785560344828,9.007067711525773
1519,29,48.40548155737705,77.40102743624773,49.55340129573171,70.42563833841463,7.069213024932338
1520,30,49.393503289473685,33.516652960526315,50.597597947761194,35.87409631529851,2.647146221325164
1521,31,51.67456074048374,50.86055214115781,58.47562305151425,49.61998728845012,6.913280676516269
1522,32,52.11219394329897,77.5330219072165,52.86184210526316,82.69848204495615,5.219573814145522
1523,33,49.393503289473685,33.516652960526315,52.158588149641574,29.82470878136201,4.612607300214802
1524,34,53.76475536040146,90.23081090328468,58.889907525510196,85.4360650510204,7.0183169281049285
1525,35,53.90254739336493,20.151436611374407,62.14862003504673,21.94071261682243,8.437963180505417
1526,36,50.597597947761194,35.87409631529851,54.66627038043478,39.21110733695652,5.262103944532551
1527,37,53.90254739336493,20.151436611374407,58.11420223577236,11.020071138211382,10.055837703346636
1528,38,52.86184210526316,82.69848204495615,58.889907525510196,85.4360650510204,6.620568965419057
1529,39,61.181921246408045,98.77087823275862,70.068359375,96.47409539473685,9.178452702842906
1530,40,66.55899439102564,50.09890825320513,72.81954405737704,51.71058529713115,6.464672073568069
1531,41,68.8330078125,10.0665283203125,75.86507161458333,9.383951822916666,7.065113728126948
1532,42,69.69676906779661,58.99678893008474,70.9627619760479,66.80857035928143,7.9137012289626485
1533,43,72.81954405737704,51.71058529713115,73.05345856741573,47.908620084269664,3.809154168291895
1534,44,75.86200420673077,4.813169821714744,75.86507161458333,9.383951822916666,4.570783030455766
1535,45,72.81954405737704,51.71058529713115,77.38501895920503,52.22484636506276,4.594347127200042
1536,46,73.05345856741573,47.908620084269664,77.37851767015707,44.29145533376963,5.638263657764297
1537,47,70.9627619760479,66.80857035928143,78.76441592261905,69.02785528273809,8.111166985923237
1538,48,82.08869485294117,76.95791207107843,84.18967507102273,79.97048117897727,3.6728314018800847
1539,49,82.98009923986487,23.05083403716216,90.18993882275133,31.992325286596117,11.486167880309793
1540,50,83.52589326746323,92.21478630514706,86.32674176699717,90.89860348796034,3.0946873065948144
1541,51,77.37851767015707,44.29145533376963,84.17782738095238,38.96856398809524,8.635032415756813
1542,52,86.84488932291666,58.604329427083336,90.78851744186046,53.40945221656976,6.522189200938398
1543,53,87.6357041396104,5.628551136363636,90.14789128707628,9.66507216631356,4.754428071715962
1544,54,90.1468648538961,47.41832386363637,90.78851744186046,53.40945221656976,6.025391023407845
1545,55,84.17782738095238,38.96856398809524,90.18993882275133,31.992325286596117,9.209418570621267
1546,56,90.14789128707628,9.66507216631356,93.28310333029196,8.364222171532846,3.394372587805546
1547,57,92.4983134155744,70.36701281804163,93.69635783450704,60.387323943661976,10.05134321666277
1548,58,86.32674176699717,90.89860348796034,93.1851881377551,97.21460459183675,9.323634300246367
1549,59,86.84488932291666,58.604329427083336,93.69635783450704,60.387323943661976,7.079667380001968
1550,60,90.1468648538961,47.41832386363637,98.39317375886525,42.58228058510639,9.559755496245101
1551,1,0.4781788793103448,22.837531429597703,20.298685213414632,31.732802972560975,21.725062190090974
1552,2,1.1980904140502355,66.02528331043956,13.01028073489011,54.10657051282052,16.780451571035602
1553,3,1.723650066254417,45.6406664090106,7.384933231173379,49.92697159588441,7.100882989348312
1554,4,7.384933231173379,49.92697159588441,13.01028073489011,54.10657051282052,7.008108278560307
1555,5,12.215667517006802,86.24375531462584,12.526430876358695,91.75568953804348,5.520687706146604
1556,6,12.526430876358695,91.75568953804348,16.709735576923077,95.50030048076923,5.6144589525746325
1557,7,20.298685213414632,31.732802972560975,30.024884695030117,29.15539109563253,10.061908782110338
1558,8,21.19360902255639,74.09172344924812,24.004598302165352,78.94392839566929,5.607633509079436
1559,9,13.01028073489011,54.10657051282052,21.320697623239436,58.92110475352113,9.604309908215182
1560,10,24.6875,42.93247767857143,28.713747751798564,40.495025854316545,4.706574375745743
1561,11,24.800124123831775,87.02175817757009,28.893783244680847,87.71089594414893,4.151259550911755
1562,12,21.19360902255639,74.09172344924812,28.26385498046875,68.87092590332031,8.788919439893728
1563,13,28.930431547619044,14.784691220238095,29.143288352272727,20.969460227272727,6.188430793800923
1564,14,28.713747751798564,40.495025854316545,32.75054055156658,39.83406086814622,4.090546518645407
1565,15,29.143288352272727,20.969460227272727,31.203074269480517,24.29991883116883,3.9159510386358427
1566,16,30.024884695030117,29.15539109563253,31.203074269480517,24.29991883116883,4.996372842805055
1567,17,28.26385498046875,68.87092590332031,31.951497395833332,60.63165838068182,9.026861907285467
1568,18,28.893783244680847,87.71089594414893,33.28633211096938,90.12725207270408,5.013308536559336
1569,19,31.203074269480517,24.29991883116883,37.30904160031847,25.080239848726116,6.155626526658517
1570,20,38.3203125,32.7041015625,38.98409329927885,35.536311222956726,2.9089545390527665
1571,21,43.571524784482754,83.79467492816092,48.19207442434211,75.57308799342105,9.43101111757852
1572,22,38.98409329927885,35.536311222956726,44.38342786815068,45.49242829623288,11.325947243537527
1573,23,44.970703125,1.6577743902439026,48.65884071539256,9.30095073605372,8.486489470847962
1574,24,45.91908028455284,15.393165650406504,47.37548828125,17.693536931818183,2.722651701042025
1575,25,46.64616912105751,58.17939036410018,51.92579186480978,67.28701384171195,10.527260884308479
1576,26,43.571524784482754,83.79467492816092,47.62678986987082,97.01027913658815,13.823797217355551
1577,27,47.44223736702128,24.6343085106383,53.29922762784091,27.095170454545453,6.352965954757391
1578,28,48.65884071539256,9.30095073605372,52.558740601503764,13.308417528195488,5.59186992085914
1579,29,48.19207442434211,75.57308799342105,51.92579186480978,67.28701384171195,9.088436101600436
1580,30,52.558740601503764,13.308417528195488,55.76461226851852,11.040943287037038,3.9267101471441817
1581,31,52.15439214939024,35.89939024390244,53.29922762784091,27.095170454545453,8.878340744307156
1582,32,52.15439214939024,35.89939024390244,58.925046202956985,42.976100470430104,9.793956500991879
1583,33,48.19207442434211,75.57308799342105,58.95469515931373,75.97560508578431,10.770145082332256
1584,34,63.47335976584213,24.41444248540856,68.12749714611871,28.96823273401826,6.511374692245921
1585,35,62.11313100961539,61.31310096153846,67.4594056372549,62.38415287990197,5.452504434291839
1586,36,67.4594056372549,62.38415287990197,71.87931504360465,59.214434956395344,5.438999069216519
1587,37,68.12749714611871,28.96823273401826,70.60379182449495,30.443004261363637,2.8821843091695345
1588,38,67.4594056372549,62.38415287990197,68.51029829545455,68.16702178030303,5.877580122659639
1589,39,72.34040681306307,79.30215371621621,80.42768998579545,78.72425426136364,8.107904593412497
1590,40,74.07421875,45.86015625,77.60291466346155,55.901943108974365,10.64373891876113
1591,41,71.87931504360465,59.214434956395344,77.60291466346155,55.901943108974365,6.6130321976878665
1592,42,80.18949325770548,29.917259738869863,84.07915900735294,25.179993872549016,6.129534038749532
1593,43,79.78396532012195,19.4800400152439,84.07915900735294,25.179993872549016,7.137097644437578
1594,44,80.42768998579545,78.72425426136364,80.79314834770115,73.62607758620689,5.111258673301424
1595,45,80.42914496527777,84.9072265625,81.83402267156863,89.45408241421569,4.7589473106890114
1596,46,81.83402267156863,89.45408241421569,82.66486220472441,91.88607283464567,2.5699945009508744
1597,47,82.66486220472441,91.88607283464567,85.79909509892086,96.50053394784173,5.578231547745366
1598,48,87.66881281407035,34.31660254396985,93.28322104357798,38.32963016055046,6.901157179705564
1599,49,88.70786348368523,79.79227897072937,93.41435793067227,84.23467043067227,6.471934167070416
1600,50,89.72724780701753,71.42184073464912,95.46037946428572,66.923828125,7.287037534974901
1601,51,90.41785037878788,52.91637073863637,97.45220844972067,51.29189944134078,7.219494474396006
1602,52,93.28322104357798,38.32963016055046,96.61188471502591,33.67369656735752,5.723435983903356
1603,53,84.07915900735294,25.179993872549016,95.67002118644068,20.96740377824859,12.332639675154892
1604,54,95.67002118644068,20.96740377824859,96.37070952868852,5.531185963114754,15.452112625437895
1605,1,3.4510216346153846,63.50886418269231,9.079071969696969,67.49822443181817,6.898546641975946
1606,2,3.590231948757764,3.1092294254658386,12.305405560661764,3.909122242647059,8.751804362793191
1607,3,4.8749560715830444,28.851846345155707,13.630611795774646,30.932273327464788,8.999426847821413
1608,4,4.8749560715830444,28.851846345155707,5.182169976635514,38.41632593457944,9.569412218102045
1609,5,5.869041481598985,81.60270264911168,10.670979817708332,86.10738118489584,6.584127922098045
1610,6,7.175925925925926,71.3722511574074,9.079071969696969,67.49822443181817,4.316253923774757
1611,7,8.712375383435583,49.35115509969325,16.562750400641026,56.101011618589745,10.353209692479568
1612,8,11.076527863300493,13.730564963054187,17.41400824652778,18.577745225694446,7.978647385761571
1613,9,12.305405560661764,3.909122242647059,14.296523085585585,1.0091145833333335,3.5177540309318154
1614,10,16.562750400641026,56.101011618589745,25.724051339285715,60.899832589285715,10.34205577229225
1615,11,17.41400824652778,18.577745225694446,20.475983796296298,15.453559027777777,4.374498104541047
1616,12,17.468979779411764,95.94094669117646,25.21942515432099,88.45486111111111,10.775475897681465
1617,13,13.630611795774646,30.932273327464788,22.387531459731544,37.9214293204698,11.204103868473943
1618,14,22.845679593373493,81.4417827560241,25.21942515432099,88.45486111111111,7.403913559916001
1619,15,25.724051339285715,60.899832589285715,32.03221450617284,59.70558449074074,6.42021425350819
1620,16,20.475983796296298,15.453559027777777,27.195619733146064,23.030416081460675,10.127303191657054
1621,17,22.845679593373493,81.4417827560241,29.001783288043477,75.42176177536231,8.610358024329615
1622,18,31.555316091954023,53.15642959770115,32.03221450617284,59.70558449074074,6.566495405504279
1623,19,33.51512844279661,99.14012844279661,45.8089953271028,96.59572137850468,12.554408400154074
1624,20,33.92872730446928,33.799428247206706,40.276022518382355,28.303079044117645,8.396309373460555
1625,21,36.63482666015625,42.52166748046875,40.862513504321385,44.63603353072983,4.726931335107759
1626,22,38.22820216049383,22.295765817901234,42.060122282608695,17.820142663043477,5.89192790575103
1627,23,38.22820216049383,22.295765817901234,40.276022518382355,28.303079044117645,6.346761411622256
1628,24,41.9677734375,53.76013001399254,46.36855258736559,57.91582661290322,6.0528234195365025
1629,25,42.060122282608695,17.820142663043477,45.07231841216216,18.98578265765766,3.22986719849919
1630,26,42.060122282608695,17.820142663043477,42.908960459183675,1.399075255102041,16.44299185264554
1631,27,43.95430715460527,69.4445158305921,47.812880478896105,67.9979200487013,4.120828491348931
1632,28,46.36855258736559,57.91582661290322,46.575689935064936,63.2229099025974,5.311124073542542
1633,29,45.8089953271028,96.59572137850468,49.907483552631575,97.15034656954887,4.135845117668071
1634,30,46.51486028439153,31.536768353174605,46.646012931034484,27.61651400862069,3.92244759591703
1635,31,46.575689935064936,63.2229099025974,47.812880478896105,67.9979200487013,4.932683076900483
1636,32,49.907483552631575,97.15034656954887,51.369895472270365,93.3964403704506,4.028704552871805
1637,33,47.812880478896105,67.9979200487013,52.00846354166667,72.03416255482456,5.821870043623741
1638,34,51.369895472270365,93.3964403704506,54.45339255136986,85.04521618150685,8.902297438909493
1639,35,57.31838686287561,47.92191660327121,67.5098450203252,39.7802337398374,13.044263843689203
1640,36,57.2138671875,17.1923828125,62.46012369791667,17.56279839409722,5.259316978104599
1641,37,51.369895472270365,93.3964403704506,58.31962719298246,94.66488486842105,7.0645397892788
1642,38,61.77657277960527,21.402138157894736,62.46012369791667,17.56279839409722,3.899714307459088
1643,39,62.46012369791667,17.56279839409722,62.89650790662651,4.678871736947792,12.89131480045449
1644,40,64.84375,74.15682164634147,67.93247767857142,80.05022321428571,6.653752378426845
1645,41,66.67662060950413,59.89879261363637,73.03273168103448,58.54660560344828,6.498350380223587
1646,42,67.93247767857142,80.05022321428571,69.4679054054054,79.86064189189189,1.5470873867145185
1647,43,67.93247767857142,80.05022321428571,68.9255617977528,89.0427492977528,9.047195224466332
1648,44,69.4679054054054,79.86064189189189,71.74920550847457,76.84139962923729,3.784197933626509
1649,45,73.03273168103448,58.54660560344828,77.0520747102649,58.82678842439294,4.029096772202887
1650,46,77.38764243005414,49.51462728452166,81.89405011066204,42.07548474788298,8.697617597035912
1651,47,77.43159389952153,21.74346777811005,78.740234375,26.040039062499996,4.491443498019851
1652,48,80.92179445876289,80.50700708762886,83.87044270833334,84.36414930555556,4.8551078864436485
1653,49,77.0520747102649,58.82678842439294,81.53397409539474,61.35767886513158,5.147118467788494
1654,50,83.63688151041667,13.91845703125,92.87760416666667,11.802300347222221,9.479930079968286
1655,51,83.87044270833334,84.36414930555556,88.91435731132076,82.59212853773586,5.346132445405191
1656,52,81.53397409539474,61.35767886513158,89.03919566761364,60.46253551136363,7.5584146798052085
1657,53,90.06561687407132,35.51379086181278,93.65282600308642,40.10199652777778,5.824062205066376
1658,54,93.48687065972221,49.733253761574076,93.65282600308642,40.10199652777778,9.632686908622363
1659,55,95.75732029155496,27.20237097855228,96.34976773648648,24.3724926097973,2.891229073759683
1660,56,89.03919566761364,60.46253551136363,96.22305410879629,67.31861255787037,9.930438790435588
1661,1,1.5448208512931034,27.21662850215517,2.295763739224138,18.420831088362068,8.827795158782493
1662,2,2.0864222171532845,41.87243385036496,10.871638808139535,35.585029069767444,10.803309188652365
1663,3,3.768291170634921,66.03267609126983,10.090031035958905,63.71066994863014,6.734694310158627
1664,4,5.803721438172043,57.75789650537635,10.090031035958905,63.71066994863014,7.335391034892915
1665,5,7.590126129518072,2.164909638554217,11.573202054794521,10.237184289383562,9.001472760884125
1666,6,10.090031035958905,63.71066994863014,15.281438253012048,60.46098456325302,6.124635825680177
1667,7,10.871638808139535,35.585029069767444,11.306384010036496,29.409025243309,6.191286348974804
1668,8,11.573202054794521,10.237184289383562,19.277730903964457,8.690872244531784,7.858170634934412
1669,9,13.336311502659576,97.5367769281915,15.819643621575342,99.38396297089042,3.095001565295302
1670,10,10.871638808139535,35.585029069767444,17.688953949036513,36.26211294054259,6.850856026685063
1671,11,19.277730903964457,8.690872244531784,21.265520368303573,12.441580636160714,4.244893449024752
1672,12,20.923411320546737,22.056361607142858,21.265520368303573,12.441580636160714,9.6208654351112
1673,13,22.877521756329113,56.02131131329114,24.9943359375,58.241015625,3.0672446118666623
1674,14,23.705267137096776,63.71335265456989,24.9943359375,58.241015625,5.622114454311186
1675,15,24.9943359375,58.241015625,26.63814920774648,56.04505941901409,2.7430540873352256
1676,16,27.201958716768914,41.64529812116564,28.974504368279568,37.03797043010753,4.936535884553077
1677,17,28.41864928135889,96.9702743902439,38.415811228197676,90.64998183139535,11.827482615533953
1678,18,28.974504368279568,37.03797043010753,32.027504280821915,34.69485766267123,3.8485043727280024
1679,19,30.144708806818183,74.20654296875,39.74397078804348,71.23492697010869,10.048698036441255
1680,20,34.68915153952206,15.274586397058822,38.38579279949023,19.051348768054375,5.284798067274381
1681,21,36.74962006079027,54.5896953362462,38.38735727163461,46.99284480168269,7.7713783343935905
1682,22,36.97078929227941,64.46533203125,39.74397078804348,71.23492697010869,7.315596438067742
1683,23,37.440708705357146,23.996698288690478,38.38579279949023,19.051348768054375,5.034845164077947
1684,24,38.043091168091166,82.43356036324786,38.415811228197676,90.64998183139535,8.224870940351638
1685,25,37.87931116615854,1.6363376524390245,40.8627288510101,4.622395833333334,4.221057277741075
1686,26,37.440708705357146,23.996698288690478,40.832958633093526,24.541226393884894,3.4356761240801044
1687,27,34.68915153952206,15.274586397058822,39.67907475490196,12.501675474877452,5.708622309957112
1688,28,39.74397078804348,71.23492697010869,45.434080943763924,72.27127992761693,5.783716887674311
1689,29,38.38735727163461,46.99284480168269,40.743582589285715,38.53898380265568,8.77607905265273
1690,30,38.415811228197676,90.64998183139535,46.40740455665024,86.74520858990148,8.894538661159116
1691,31,44.056396484375,66.756591796875,45.434080943763924,72.27127992761693,5.684170972884934
1692,32,44.64624707943925,51.9896320093458,47.498074383802816,53.46335827464789,3.2101071756181017
1693,33,46.184895833333336,55.95947265625,47.498074383802816,53.46335827464789,2.820465371433236
1694,34,40.8627288510101,4.622395833333334,48.649225315126046,7.3324251575630255,8.244621648315647
1695,35,48.649225315126046,7.3324251575630255,58.557891845703125,6.737518310546875,9.926509284275365
1696,36,59.0139678030303,77.08727904040404,59.43595995893224,68.88495411960986,8.213173046145087
1697,37,59.091443900602414,39.594314759036145,62.42094494047619,47.85776289682539,8.90899277698962
1698,38,62.42094494047619,47.85776289682539,68.36207162228797,44.86447546844182,6.652575131349893
1699,39,66.99936810661765,64.10701976102942,68.74451369382022,63.26918012640449,1.9358482311072387
1700,40,67.091064453125,17.8155517578125,69.2013439119171,15.264228465025905,3.310971147339599
1701,41,68.74451369382022,63.26918012640449,71.47419283175356,61.61276288507109,3.192940067313358
1702,42,71.8235325168919,20.098711993243242,74.66145833333333,22.836588541666668,3.9433223218539633
1703,43,73.69249131944444,72.46365017361111,78.47308761503068,76.45046491564416,6.22485282787191
1704,44,74.12449048913044,5.719259510869565,74.4418057528409,7.9689719460227275,2.271980417491845
1705,45,75.11855212882097,41.77214110262008,78.52837828196347,36.08260202625571,6.633081432948938
1706,46,78.52837828196347,36.08260202625571,80.28157552083334,30.276041666666664,6.06546319483778
1707,47,77.25837387724552,29.081095621257486,80.28157552083334,30.276041666666664,3.25079132354434
1708,48,74.66145833333333,22.836588541666668,76.30535780325444,18.999630177514792,4.174284963372999
1709,49,78.47308761503068,76.45046491564416,78.78293829449152,81.53776672215496,5.096729060298409
1710,50,81.1652355083414,92.7586096167795,92.08468031609195,93.83598239942529,10.972465858789285
1711,51,74.4418057528409,7.9689719460227275,84.0477195945946,11.219911317567567,10.141113722498897
1712,52,86.3138686131387,51.635207572992705,88.26382088726157,49.23923918596731,3.0891711482179365
1713,53,87.13150024414062,62.7593994140625,95.63513647151899,66.53604628164557,9.304562894086251
1714,54,88.26382088726157,49.23923918596731,91.68544671474359,48.639072516025635,3.4738628837363206
1715,55,94.55489309210526,71.58819901315789,95.63513647151899,66.53604628164557,5.1663500637582285
1716,56,95.63513647151899,66.53604628164557,98.03971915409483,63.56664197198276,3.8209134813009906
1717,57,96.41233350409836,79.3641137295082,97.48792146381578,76.74496299342105,2.831402485948432
1718,58,97.73597379701327,41.96950186670354,98.3154296875,46.8095703125,4.874631441351675
1719,1,1.6930710306406687,11.531598189415043,3.86022808908046,6.150098778735632,5.801474435269731
1720,2,3.1865658967391304,86.92467730978261,10.443045079022989,85.58560075431035,7.378998315783416
1721,3,7.965082522537379,45.50772661059806,9.610262784090908,41.10588304924242,4.69923875022896
1722,4,6.570799790821501,58.699329677991884,12.34343998015873,65.30877976190477,8.77543190773465
1723,5,6.2435752467105265,26.637027138157894,6.360212053571429,23.452845982142854,3.18631664764128
1724,6,7.164132254464286,69.93722098214286,12.34343998015873,65.30877976190477,6.946056193743123
1725,7,7.2574013157894735,79.36986019736842,10.443045079022989,85.58560075431035,6.984536982323252
1726,8,1.6930710306406687,11.531598189415043,7.647540118243243,12.706749718468469,6.0693231279485556
1727,9,3.86022808908046,6.150098778735632,9.891036184210526,1.1266447368421053,7.848932207077773
1728,10,10.491786858974358,96.69220753205127,10.77625363372093,92.78819949127907,3.9143582013337506
1729,11,7.965082522537379,45.50772661059806,12.721412165924276,46.84281041202672,4.94015388762315
1730,12,10.491786858974358,96.69220753205127,14.533253205128204,99.4854266826923,4.9127918183658
1731,13,16.293424438552716,56.33931008265751,19.397849168126093,60.95169521672504,5.559815601848133
1732,14,12.34343998015873,65.30877976190477,17.316862824675326,73.00121753246754,9.160160132024995
1733,15,17.762301260964914,84.17454769736842,20.808069029850746,87.49927122201493,4.508934221888993
1734,16,12.721412165924276,46.84281041202672,18.53263608870968,45.73147681451613,5.916534952631413
1735,17,21.43741054389313,13.087428435114504,23.681640625,16.589685388513516,4.159612052172254
1736,18,23.338468309859156,41.38286751760563,26.93473084332192,39.38924711044521,4.111888439322558
1737,19,26.08035422120419,8.325323134816752,26.458087657232703,3.3086428852201255,5.030880964144033
1738,20,17.316862824675326,73.00121753246754,26.727833467371326,71.88092400045956,9.47741663300421
1739,21,26.93473084332192,39.38924711044521,30.442708333333336,36.71006944444444,4.414056981556095
1740,22,34.01302984429066,22.993958153114185,37.05424647177419,34.027088027751425,11.44460368059528
1741,23,32.583769011406844,88.67410289923954,38.97633804448564,80.40005575185357,10.455849799984884
1742,24,34.11903144409938,52.43898000776398,34.19730968045113,57.14579417293233,4.707465036271195
1743,25,37.05424647177419,34.027088027751425,37.75871618470149,40.82249883395522,6.831828862135178
1744,26,38.97633804448564,80.40005575185357,41.66814630681818,74.8239228219697,6.1918567629505965
1745,27,42.777810167910445,63.585879197761194,46.31784539473684,57.05283717105263,7.430510583392786
1746,28,37.05424647177419,34.027088027751425,44.30616425304878,36.02205602134146,7.521316959270842
1747,29,44.30616425304878,36.02205602134146,48.007177337398375,45.613408282520325,10.280638893013785
1748,30,48.702445652173914,83.43665081521739,50.55803571428571,91.83936181006493,8.605159297859617
1749,31,50.90989895209581,15.70043506736527,54.308931327160494,17.883150077160494,4.039513077181855
1750,32,50.55803571428571,91.83936181006493,51.175560141509436,95.01216096698113,3.2323352097742135
1751,33,52.83705767463235,72.66271254595588,61.02994791666667,71.234375,8.316465515061582
1752,34,55.736289127495844,27.84226809484193,61.0703282193159,35.683633048289735,9.48361625996244
1753,35,54.22914566532258,0.3575478830645161,55.5759182224026,9.312855113636363,9.056010375128569
1754,36,50.90989895209581,15.70043506736527,55.5759182224026,9.312855113636363,7.910304260656076
1755,37,61.0703282193159,35.683633048289735,64.09672142094017,38.561698717948715,4.176400101727232
1756,38,61.02994791666667,71.234375,62.2705078125,73.0029296875,2.1602718666473857
1757,39,61.02994791666667,71.234375,63.98002428886218,62.73694160657052,8.994961082603794
1758,40,67.52156575520833,27.719726562500004,71.40961745689656,23.02936422413793,6.092326723028404
1759,41,68.58588324652779,20.7275390625,71.40961745689656,23.02936422413793,3.643058325851573
1760,42,71.86428931451613,55.77242943548387,79.41872925884957,56.58358683628318,7.59786412101533
1761,43,75.73905285493827,77.53725405092592,81.30787037037037,77.57402584876543,5.568938919156836
1762,44,79.41872925884957,56.58358683628318,80.18264005016722,51.567912386526515,5.073514549405908
1763,45,77.01746323529412,96.71760110294117,91.86693274456522,95.13947860054348,14.933091285442082
1764,46,78.36862664473684,45.56229440789474,80.18264005016722,51.567912386526515,6.273602787899978
1765,47,79.36138188073394,69.50347620412845,86.19920660936286,65.08428637334887,8.141565315092333
1766,48,81.81640625,36.61328125,83.14295296717171,32.66848169191919,4.161870943010318
1767,49,85.76203971393792,26.4360758711199,87.37416752049181,31.86667520491803,5.6648358483642705
1768,50,83.14295296717171,32.66848169191919,87.37416752049181,31.86667520491803,4.306514859933136
1769,51,85.76203971393792,26.4360758711199,88.24798717248909,15.0390625,11.66498386403354
1770,52,89.21335704291045,44.918595499067166,98.53369869402985,49.03801305970149,10.190111360159593
1771,53,87.37416752049181,31.86667520491803,91.5264042721519,28.006081882911392,5.669678195432169
1772,54,92.29742225241546,81.60429876207729,97.90531128875969,79.7742550872093,5.898938827948138
1773,55,91.86693274456522,95.13947860054348,97.63062591107871,94.90450756195335,5.7684807624443435
1774,56,95.9595867406542,73.0774496203271,97.90531128875969,79.7742550872093,6.973739848772934
1775,57,97.90531128875969,79.7742550872093,98.61788687227074,83.14299604257643,3.443280352597492
1776,1,3.7984035326086953,24.949898097826086,4.813196163366337,33.81661896658416,8.924603243164928
1777,2,4.813196163366337,33.81661896658416,9.791917067307693,39.799616887019226,7.7835676881024805
1778,3,7.077136671686747,69.5288968373494,9.731829877684964,75.77495711515513,6.78680079359603
1779,4,9.731829877684964,75.77495711515513,12.200458233173077,78.41233473557693,3.612462687727265
1780,5,9.791917067307693,39.799616887019226,15.629968123715313,38.56724330357143,5.966706359994775
1781,6,11.565137431569344,2.5176779197080292,15.675735473632812,9.222157796223957,7.864290602338082
1782,7,12.938875277366865,27.123878975591715,18.02417652027027,23.214034346846844,6.4146062819162974
1783,8,12.200458233173077,78.41233473557693,14.731197033898304,78.17134533898306,2.542187004680585
1784,9,12.200458233173077,78.41233473557693,13.266616051557865,85.62975241097924,7.295739194551339
1785,10,15.306260850694445,15.916612413194445,15.675735473632812,9.222157796223957,6.704642728413865
1786,11,14.638279403073287,49.27138741134752,21.426782852564102,56.33638822115385,9.79785770086057
1787,12,14.731197033898304,78.17134533898306,15.748291015624998,74.6337890625,3.6808673674759493
1788,13,19.45897334039548,99.00798905367232,33.14869364754098,98.98581582991804,13.689738264105841
1789,14,21.426782852564102,56.33638822115385,26.7822265625,49.97989430147059,8.311786347185672
1790,15,15.629968123715313,38.56724330357143,21.465529057017545,41.73005756578947,6.637557190983221
1791,16,24.223958333333336,84.15755208333333,27.006392045454547,87.38966112012987,4.2647938037014725
1792,17,26.7822265625,49.97989430147059,32.416527157738095,52.994559151785715,6.390113250735535
1793,18,29.24470013181019,10.149470699692442,31.609684405940598,12.520304764851486,3.3487318168827254
1794,19,24.223958333333336,84.15755208333333,29.389728483606557,81.94800204918032,5.618477783072512
1795,20,33.14869364754098,98.98581582991804,36.80230034722222,98.84331597222223,3.6563845702276674
1796,21,33.71165205792683,17.2827743902439,36.19181315104167,20.769246419270836,4.278631353246945
1797,22,35.242824689716315,69.95511968085107,46.471361336729075,73.85200130781938,11.885525720299956
1798,23,35.34560785060975,34.414300685975604,39.57773089762611,25.273843193620177,10.072677332995609
1799,24,36.19181315104167,20.769246419270836,36.44581330128205,23.321689703525642,2.56505025207297
1800,25,29.24470013181019,10.149470699692442,38.46248592342342,1.6457864114114114,12.541141151220028
1801,26,36.44581330128205,23.321689703525642,39.57773089762611,25.273843193620177,3.6905028219983547
1802,27,43.2530766039823,98.15058075221239,45.76416015625,99.30855887276786,2.765222221477788
1803,28,45.01192167207792,18.093039772727273,49.97002629950495,13.592589727722773,6.696032564443987
1804,29,43.2530766039823,98.15058075221239,45.05934233449477,95.56259527439023,3.1559887076227184
1805,30,46.471361336729075,73.85200130781938,57.464104729729726,74.96964738175676,11.049413561404386
1806,31,47.379709404205606,61.656688084112155,54.85172578376206,59.29838223472669,7.835345254397261
1807,32,49.140200407608695,27.7396824048913,52.093630420918366,28.442881058673468,3.0359903145760225
1808,33,52.125065036420395,92.8365092785293,55.21060440891473,86.77476986434108,6.801855478083593
1809,34,51.223207131410255,85.4805188301282,55.21060440891473,86.77476986434108,4.192185920043532
1810,35,51.43318965517242,47.73100754310345,56.12136314655173,56.33216594827586,9.79586119726794
1811,36,54.85172578376206,59.29838223472669,56.12136314655173,56.33216594827586,3.226517951445125
1812,37,55.21060440891473,86.77476986434108,55.28291868932039,82.2170813106796,4.5582622025644195
1813,38,49.97002629950495,13.592589727722773,56.76902488425925,3.8453655478395063,11.884223195833714
1814,39,57.4024385618932,38.83684769417476,64.49074667008196,33.14629226434426,9.089913802483936
1815,40,55.28291868932039,82.2170813106796,57.464104729729726,74.96964738175676,7.568544846731021
1816,41,49.97002629950495,13.592589727722773,59.00966099330357,18.466622488839285,10.269916784169418
1817,42,62.230499031007746,62.37736191860465,66.36804309856495,57.36390082137463,6.50031253744131
1818,43,66.36804309856495,57.36390082137463,67.00911458333333,52.639322916666664,4.767872589136353
1819,44,67.00911458333333,52.639322916666664,71.07192095588235,52.42321537990197,4.06854987535749
1820,45,67.22301136363636,97.83203125,70.93214186946902,96.36424917035397,3.9889890125981076
1821,46,69.77674696180556,3.1697591145833335,79.92160744863014,6.501498287671232,10.677952997397165
1822,47,70.93214186946902,96.36424917035397,73.57653601694916,93.9602092161017,3.573825472636917
1823,48,71.005859375,92.10138494318181,73.57653601694916,93.9602092161017,3.1723187221745386
1824,49,73.65805697278913,76.4469068877551,78.73556385869566,71.8913043478261,6.821626688571867
1825,50,75.34135801338412,28.864119284876903,77.890625,37.08854166666667,8.61045211839274
1826,51,74.52287946428572,15.513392857142858,79.92160744863014,6.501498287671232,10.50526094774498
1827,52,76.17600132042254,44.853102992957744,76.83445411392405,51.18423655063291,6.3652817853093175
1828,53,76.83445411392405,51.18423655063291,78.64483173076923,56.14032451923077,5.276388449314021
1829,54,76.17600132042254,44.853102992957744,77.890625,37.08854166666667,7.951625428319846
1830,55,78.64483173076923,56.14032451923077,78.75600961538461,59.579405996963565,3.440878075798728
1831,56,80.36744304906543,88.53406103971963,81.90960800438597,91.23149671052632,3.1071581787155877
1832,57,84.7745028409091,50.56310876623377,91.12035778985508,53.573298799818836,7.023611540465284
1833,58,78.73556385869566,71.8913043478261,86.84733072916667,67.92236328125,9.03068407989258
1834,59,81.90960800438597,91.23149671052632,88.03291673546896,92.0588827196169,6.178954395704504
1835,60,91.09786184210526,8.788420024671053,97.763671875,7.171456473214286,6.8591249093000055
1836,61,91.09786184210526,8.788420024671053,93.09995229007633,16.462160066793892,7.930614881327706
1837,62,88.03291673546896,92.0588827196169,97.80752144607843,87.54153704751131,10.767976094418117
1838,63,97.763671875,7.171456473214286,99.07575334821429,3.244280133928571,4.140564187667874
1839,64,93.09995229007633,16.462160066793892,98.19584216101694,23.778469279661017,8.916079523817597
1840,65,91.12035778985508,53.573298799818836,99.12229938271605,45.687451774691354,11.234662992687868
1841,1,0.5290503640776699,29.337644114077673,1.2465533088235294,23.9013671875,5.4834220426809885
1842,2,0.9381975446428572,49.08304586038961,3.76974126344086,53.235257056451616,5.02578328702771
1843,3,0.4500498670212766,58.30410571808511,3.76974126344086,53.235257056451616,6.059173022946769
1844,4,0.9935207709580838,82.14644928892216,6.397259424603174,89.01754712301587,8.741417326874714
1845,5,0.993546195652174,18.96314538043478,1.9933867872807018,14.388877467105262,4.682265279924247
1846,6,0.993546195652174,18.96314538043478,1.2465533088235294,23.9013671875,4.944698900346691
1847,7,6.360929915048544,7.386794599514563,9.079079423803528,12.946955683249369,6.189000567864246
1848,8,6.397259424603174,89.01754712301587,10.536367681962025,91.56200553797468,4.858650614274601
1849,9,10.091923846797323,32.56789256692161,12.2336043792517,29.720716411564624,3.562752806851387
1850,10,12.040949192176871,39.05253507653062,14.935825892857144,39.607979910714285,2.9476821531438606
1851,11,6.360929915048544,7.386794599514563,13.054342830882353,6.929285386029411,6.709030566503231
1852,12,13.633164414414415,33.91091286599099,14.284012957317074,35.99466463414634,2.18303120845513
1853,13,15.726456925675675,74.52850506756756,24.751613451086957,73.99583899456522,9.040861875590268
1854,14,17.42357336956522,97.8031589673913,21.142619822801027,96.31224647736977,4.00676010939363
1855,15,14.284012957317074,35.99466463414634,18.02153716216216,34.26731418918919,4.117381053715647
1856,16,19.297883656103288,51.336927816901415,22.098214285714285,53.28045280612245,3.408686113279448
1857,17,20.22563678931987,21.85881044102019,24.539246015100673,22.19418519295302,4.326626951445575
1858,18,20.90736452562327,64.89487751038781,24.751613451086957,73.99583899456522,9.879562223975784
1859,19,21.372292258522727,28.052867542613637,22.828934832317074,33.78191692073171,5.911329322978487
1860,20,22.424105465815177,9.845378827009768,31.301998782467532,7.570895900974025,9.164620140665331
1861,21,18.02153716216216,34.26731418918919,22.828934832317074,33.78191692073171,4.831840525849012
1862,22,24.751613451086957,73.99583899456522,27.867934283088236,77.44284237132352,4.646857842386435
1863,23,22.098214285714285,53.28045280612245,26.484754247572816,50.7177260315534,5.080285558713695
1864,24,21.142619822801027,96.31224647736977,28.449210011185684,94.07213454278524,7.642274639167777
1865,25,27.867934283088236,77.44284237132352,31.615712691326532,76.22817681760205,3.9397024512841936
1866,26,29.540158991228072,0.8046646564327485,35.89017427884615,2.3677884615384617,6.539575688305131
1867,27,31.301998782467532,7.570895900974025,35.89017427884615,2.3677884615384617,6.937123424869916
1868,28,27.867934283088236,77.44284237132352,31.423770680147058,83.44582950367648,6.977093018861313
1869,29,34.20354246183206,22.73191495706107,36.20733963815789,25.701583059210524,3.5824756469200643
1870,30,34.47924907700422,50.84058544303798,37.866443452380956,54.23735119047619,4.796988980553662
1871,31,36.315104166666664,35.12776692708333,38.5884790896488,32.505812442236596,3.470285126765797
1872,32,34.20354246183206,22.73191495706107,36.68826471560847,16.81702628968254,6.415586693818005
1873,33,28.449210011185684,94.07213454278524,37.68620895127119,97.4369372351695,9.83077039594645
1874,34,31.615712691326532,76.22817681760205,40.097090126811594,73.69296308876811,8.852178932557976
1875,35,42.505474156574394,85.14881596020761,51.89426369863014,87.71671660958904,9.733626395650742
1876,36,48.91577743902439,12.857278963414634,54.33139679538217,19.467493531050955,8.545400496357589
1877,37,49.693244485294116,72.09558823529412,51.53108610139861,74.6162041083916,3.1194817174647063
1878,38,51.09514508928571,29.67006138392857,52.09159281716418,30.655317164179102,1.4012983361551703
1879,39,51.67450573979592,55.166613520408156,56.53203125,54.225,4.947948070068936
1880,40,51.89426369863014,87.71671660958904,57.8369140625,87.0220477764423,5.983114417671455
1881,41,54.33139679538217,19.467493531050955,54.40250318877551,26.949139030612244,7.481983393478438
1882,42,51.09514508928571,29.67006138392857,54.40250318877551,26.949139030612244,4.282760330795692
1883,43,49.693244485294116,72.09558823529412,54.46520353618421,69.59549753289474,5.387211403276814
1884,44,55.021212748344375,42.14093543046358,58.442963782924615,50.107945191871025,8.670733802914988
1885,45,55.56962568681318,6.883155906593406,59.48853531504065,9.750936864837398,4.856132236531532
1886,46,56.53203125,54.225,58.442963782924615,50.107945191871025,4.538920955307282
1887,47,59.48853531504065,9.750936864837398,61.76539179104478,8.919513759328359,2.423910021575933
1888,48,56.53203125,54.225,62.676913496376805,54.94508605072463,6.186929912507902
1889,49,62.800480769230774,92.41536458333334,65.92385912698413,91.69797867063491,3.2047051211336464
1890,50,57.8369140625,87.0220477764423,63.83089632601351,81.93755278716216,7.860019890008517
1891,51,58.442963782924615,50.107945191871025,65.81888059017595,47.6439355755132,7.776599008370988
1892,52,65.34988239247312,36.93611391129033,65.81888059017595,47.6439355755132,10.718087707340764
1893,53,61.76539179104478,8.919513759328359,67.88671875,2.625,8.78017922395699
1894,54,63.83089632601351,81.93755278716216,68.22044735863095,75.40690104166666,7.868771853910637
1895,55,70.5689726429181,67.77493734001706,76.18341619318181,68.19868607954545,5.630412007424488
1896,56,61.76539179104478,8.919513759328359,69.87979803054662,15.384156450964632,10.374738249719497
1897,57,69.76841517857143,54.61774553571429,71.53247434701493,54.993586753731336,1.8036522311493723
1898,58,69.87979803054662,15.384156450964632,72.14788989485982,26.00668078271028,10.861964089587667
1899,59,73.34355221518987,95.09493670886076,80.72034530057252,98.03792938931298,7.942183713673742
1900,60,68.22044735863095,75.40690104166666,74.61119830563854,80.76062476661687,8.336909222833908
1901,61,76.18341619318181,68.19868607954545,78.36160991915423,69.71781716417911,2.655614271720535
1902,62,76.2606534090909,64.05108563311688,79.29262907608695,61.59137228260869,3.9042369564262254
1903,63,67.88671875,2.625,77.13412580818965,4.051050646551724,9.356717252668616
1904,64,80.72034530057252,98.03792938931298,83.36669921875,92.29085286458333,6.327090772333826
1905,65,80.51097972972973,54.03953758445946,84.04224537037037,49.65217496141975,5.631943519853078
1906,66,81.78038454341318,38.535039296407184,85.08048221982759,37.77108028017241,3.3873703742523085
1907,67,81.65810032894737,44.90645559210527,84.04224537037037,49.65217496141975,5.310932113182073
1908,68,83.36669921875,92.29085286458333,85.33134703423568,92.33792379909767,1.9652116200981236
1909,69,84.04224537037037,49.65217496141975,87.2982201986755,51.14277214403974,3.5809568614256144
1910,70,84.3478045886076,31.4589102056962,85.08048221982759,37.77108028017241,6.354550146186841
1911,71,85.18359375,72.65569196428572,89.29880503061656,75.24232606630068,4.860621345241833
1912,72,85.90399658513341,8.427101532719186,86.03515625,17.081351902173914,8.655244208853683
1913,73,86.03515625,17.081351902173914,87.46871207524272,23.887856492718445,6.9558311541605935
1914,74,87.46871207524272,23.887856492718445,90.01398859797297,26.646959459459456,3.753808966668505
1915,75,87.2982201986755,51.14277214403974,89.63413117038218,54.719222730891715,4.271706786277996
1916,76,85.33134703423568,92.33792379909767,89.85792590725806,84.48053175403226,9.067994598782564
1917,77,85.08048221982759,37.77108028017241,90.8270143995098,36.92555147058824,5.808403486325661
1918,78,85.90399658513341,8.427101532719186,91.98232323232324,0.7970328282828282,9.755203906856945
1919,79,86.03515625,17.081351902173914,93.10675523952095,16.940143151197603,7.07300870775274
1920,80,93.40887200342466,50.311697345890416,97.24009395424837,54.35112847222222,5.56733917242803
1921,81,89.29880503061656,75.24232606630068,94.07309674202128,71.96850066489363,5.788937217182954
1922,82,90.01398859797297,26.646959459459456,94.22679227941177,26.68887867647059,4.213012233438098
1923,83,90.8270143995098,36.92555147058824,98.3270733173077,36.43103966346154,7.516343904973163
1924,1,0.3495065789473684,29.55386513157895,10.587979641420912,31.229316772788202,10.374655119714927
1925,2,1.7371808978873238,65.98674075704226,2.590762867647059,62.71685431985294,3.3794614202877784
1926,3,1.585882482394366,96.20516065140845,11.596518004966887,88.99524006622516,12.336765313907874
1927,4,3.961588541666667,5.679253472222222,7.183368389423077,7.927058293269231,3.928421044253211
1928,5,6.81172400112024,16.960097320761765,10.739571707589286,17.082868303571427,3.9297659369782063
1929,6,1.7371808978873238,65.98674075704226,10.122734837278106,66.7905186760355,8.42398799936784
1930,7,10.587979641420912,31.229316772788202,15.90699613764045,26.45332250702247,7.148570326553607
1931,8,10.352672230113637,12.747469815340908,10.739571707589286,17.082868303571427,4.35262808627413
1932,9,11.596518004966887,88.99524006622516,11.60888671875,87.0208740234375,1.974404785243817
1933,10,15.079149963556851,78.33318148688046,17.085774739583336,85.223388671875,7.176454420109811
1934,11,10.587979641420912,31.229316772788202,13.57421875,39.78700380067568,9.063753708088099
1935,12,11.60888671875,87.0208740234375,17.085774739583336,85.223388671875,5.764308803475872
1936,13,19.475716271760156,14.822594294003869,24.802960089917452,8.364695423054245,8.371617796191341
1937,14,23.743423150510203,47.27824723639456,24.347274604885058,54.06395923132183,6.812526980280556
1938,15,24.401638040712466,98.36171079834605,31.131477029914528,97.91750133547008,6.74448329136434
1939,16,24.295774647887324,80.59529049295774,26.475442102713174,83.7398558624031,3.8261261840590124
1940,17,26.475442102713174,83.7398558624031,29.42897150522042,81.38572179524361,3.776940976191666
1941,18,28.23220486111111,35.74913194444444,29.90149456521739,29.604279891304348,6.367553287662014
1942,19,29.42897150522042,81.38572179524361,31.942588404605267,82.6647306743421,2.820307364399465
1943,20,23.743423150510203,47.27824723639456,32.022879464285715,47.87295386904762,8.300787482560839
1944,21,31.942588404605267,82.6647306743421,34.17684314320388,81.2158677184466,2.6629115835710033
1945,22,33.797940340909086,68.06147411616162,36.77618986207645,59.418949554735015,9.141290992261197
1946,23,34.17684314320388,81.2158677184466,34.83391608391608,78.18168159965036,3.104517716636837
1947,24,36.875123615506325,36.59575257120253,41.50171172752809,32.11025280898877,6.443991439715052
1948,25,37.08177649456522,2.744989809782609,43.21408155487805,5.6354801829268295,6.779387874283177
1949,26,41.68186660640496,88.56453383264463,50.29950823102679,82.87484305245536,10.326486737733486
1950,27,41.50171172752809,32.11025280898877,45.73252688172043,35.03094198028674,5.1410331747889755
1951,28,42.614668931731984,73.15860560208597,45.127105712890625,67.37442016601562,6.306277803757701
1952,29,43.21408155487805,5.6354801829268295,47.341343976449274,6.114130434782608,4.154924928336923
1953,30,46.141773897058826,9.788602941176471,47.341343976449274,6.114130434782608,3.865322311995883
1954,31,50.62427904781879,55.14333840184564,61.73325340346535,59.19805847772277,11.825822006445637
1955,32,47.341343976449274,6.114130434782608,51.32893505184332,3.691586261520737,4.665790699974363
1956,33,45.73252688172043,35.03094198028674,52.268928793532346,40.30093672263681,8.3962726573841
1957,34,55.17193860244234,31.90735774253731,63.1552734375,29.72314453125,8.276739843743261
1958,35,55.10406494140625,15.323384602864584,57.4371057912844,17.61306622706422,3.26890219299961
1959,36,55.10406494140625,15.323384602864584,55.79445899566474,11.496906611271676,3.888261535738096
1960,37,56.247303968558285,91.81964148773007,63.23982007575758,87.87701231060606,8.02742837637005
1961,38,55.79445899566474,11.496906611271676,59.388257967715234,13.537355132450331,4.1326530484776125
1962,39,60.69220595472441,77.25250164041995,63.422904254721225,78.16653903439749,2.879614134427518
1963,40,61.158229880136986,1.5661788313356164,68.99909420289855,3.2537930253623193,8.02042361698156
1964,41,61.743951612903224,40.335181451612904,64.2266301825495,42.029896349009896,3.005952671556922
1965,42,61.73325340346535,59.19805847772277,64.49592496141975,61.07052147633745,3.3374349159663406
1966,43,63.1552734375,29.72314453125,63.72558593749999,24.1357421875,5.616433147345319
1967,44,63.23982007575758,87.87701231060606,68.18815949675324,83.83218344155844,6.391142589964706
1968,45,64.2266301825495,42.029896349009896,65.64460968875501,47.01736634036144,5.185125147443504
1969,46,67.40148992486338,11.337196892076502,68.99909420289855,3.2537930253623193,8.239766835390796
1970,47,69.56302703373017,95.41732545882937,72.9949951171875,97.02606201171875,3.790308460069215
1971,48,71.9463641826923,62.51646015978507,79.0916160300926,60.93388310185185,7.318413359948568
1972,49,73.44153538223141,20.030023243801654,80.64265839041096,24.94247645547945,8.717130785749202
1973,50,80.0309112212506,35.91784708912314,83.89833627797408,26.984871908127207,9.73421913425325
1974,51,79.64739118303571,71.23064313616071,86.05746045524691,73.17587770061729,6.698725668759907
1975,52,79.97927782012195,8.728325076219512,87.18327702702703,8.183769707207206,7.224551551688803
1976,53,81.19959677419355,88.77493159562212,81.22220849802372,81.31150156455863,7.4634642840061165
1977,54,81.11180939742823,48.6378354889354,85.72344903136532,45.71880044972325,5.457837087477765
1978,55,80.64265839041096,24.94247645547945,83.89833627797408,26.984871908127207,3.8432821510479442
1979,56,84.91251969537815,20.111990108543417,85.01106194690266,16.38118777654867,3.732103510857242
1980,57,86.05746045524691,73.17587770061729,89.56938244047619,73.87462797619048,3.58076080993276
1981,58,86.05746045524691,73.17587770061729,86.06228298611111,69.04116030092592,4.134720212071718
1982,59,87.0550896139706,98.65550321691177,91.37173356681035,99.31556438577587,4.366817578309199
1983,60,90.05062705592105,51.46741365131579,93.82074787151703,54.44804566563467,4.80603559797186
1984,61,90.91194058641975,32.601514274691354,96.95167054521276,33.536610704787236,6.111689071665864
1985,62,94.88578066369607,49.80954282950281,97.49609375,46.96310763888889,3.8621144083124865
1986,63,93.82074787151703,54.44804566563467,94.88578066369607,49.80954282950281,4.75920197188772
1987,64,94.7265625,38.282872196843854,96.95167054521276,33.536610704787236,5.241956119985181
1988,65,96.52184060534591,82.38809453616352,98.71018629807692,77.75465745192308,5.1242166313017
1989,66,96.95167054521276,33.536610704787236,99.24069039096916,30.49069039096916,3.8101499199370426
1990,1,0.5147185773480663,80.21300932320442,7.125101461038962,79.29370434253246,6.674000563116683
1991,2,1.50146484375,24.62158203125,2.4646116955445545,28.22507348391089,3.7299869312803025
1992,3,2.4646116955445545,28.22507348391089,4.934825067934782,26.739767323369566,2.8823754952603777
1993,4,2.9375,89.39036458333334,11.978654035433072,88.5734498031496,9.07798524180946
1994,5,4.314793577981652,64.76849197247707,7.182874177631579,64.44798519736842,2.8859332838752234
1995,6,4.934825067934782,26.739767323369566,6.5593039772727275,30.94199810606061,4.505294138885936
1996,7,7.125101461038962,79.29370434253246,8.335433467741936,77.81943044354838,1.9074556602121502
1997,8,7.813439002403847,53.96446814903846,9.567987351190476,62.555139243197274,8.768014014373254
1998,9,1.50146484375,24.62158203125,8.73046875,2.864990234375,22.926137574664125
1999,10,7.182874177631579,64.44798519736842,9.567987351190476,62.555139243197274,3.044935246750947
2000,11,7.813439002403847,53.96446814903846,11.030982905982906,43.679053151709404,10.776936041321775
2001,12,9.567987351190476,62.555139243197274,14.938350819795426,65.97472924187726,6.366663140452678
2002,13,20.186605798192772,98.32454819277109,21.17321537990196,88.17880667892157,10.193599429670064
2003,14,21.17321537990196,88.17880667892157,22.92418772563177,87.5849644629964,1.8489328632823518
2004,15,25.07797016562854,63.44813933323896,30.81987359550562,60.90787394662921,6.278726242833159
2005,16,24.061769859813083,24.437792056074766,30.42677494517544,19.601493969298247,7.993939511958223
2006,17,24.703633057615516,74.86552071448943,26.792436079545457,70.07013494318181,5.230566198805181
2007,18,28.46592494419643,51.295107886904766,31.06219951923077,44.87530048076923,6.924923739713126
2008,19,30.42677494517544,19.601493969298247,32.579320790816325,15.009167729591837,5.071776208536987
2009,20,30.873736213235293,96.26177619485294,40.95052083333333,92.47654005028735,10.764274288124124
2010,21,31.06219951923077,44.87530048076923,34.44928354561612,43.74213196090048,3.571611554496976
2011,22,31.913700810185187,35.59992283950617,34.44928354561612,43.74213196090048,8.527880697144633
2012,23,32.579320790816325,15.009167729591837,36.82874177631579,17.415707236842103,4.883544932931363
2013,24,32.579320790816325,15.009167729591837,35.556175595238095,9.202581272893774,6.525190480416519
2014,25,36.82874177631579,17.415707236842103,40.55098029458598,20.416998407643312,4.7815069046090075
2015,26,38.10310782967033,54.314045329670336,44.6819056218593,57.695214353015075,7.3968158254032845
2016,27,39.29606958762887,76.06012403350515,39.54884746287129,81.46368347772277,5.409468672744627
2017,28,39.48083826013514,62.25981841216216,44.6819056218593,57.695214353015075,6.92002253738919
2018,29,40.55098029458598,20.416998407643312,44.102741109913794,20.849188442887932,3.5779593507840204
2019,30,40.95052083333333,92.47654005028735,43.293858781645575,87.9054588607595,5.136732033234336
2020,31,41.90806775990099,47.546991027227726,47.09696867028062,46.36255381058674,5.322366407708392
2021,32,42.3828125,4.668719951923077,48.45377604166667,6.995646158854167,6.5016293263111065
2022,33,44.102741109913794,20.849188442887932,44.11110101744186,22.918559229651162,2.0693876729996603
2023,34,39.29606958762887,76.06012403350515,46.76171875,70.86860795454545,9.093280849820363
2024,35,47.09696867028062,46.36255381058674,48.70229867788461,50.34273587740385,4.29172852337218
2025,36,49.35191761363637,93.408203125,55.66631264400922,96.61983366935483,7.084218753894487
2026,37,52.77452395700127,78.37956811460998,54.412112571603934,87.51022913256956,9.27634987996696
2027,38,52.41489955357142,55.348074776785715,54.73367682409502,52.017419046945705,4.058324238033846
2028,39,53.610956101190474,46.66480654761905,54.73367682409502,52.017419046945705,5.46909155066792
2029,40,54.412112571603934,87.51022913256956,60.22616299715909,84.423828125,6.58248080365029
2030,41,57.07045771375465,39.16088231877323,60.59097782258065,32.349420362903224,7.667468670487848
2031,42,57.45821220930233,19.153115915697676,62.03351702008929,17.409842354910715,4.896163479638846
2032,43,58.68844696969697,8.996803977272727,61.073668573943664,3.695807658450704,5.812903239649684
2033,44,59.21766493055556,67.04969618055556,60.066331540300546,61.465804303278695,5.648015891586578
2034,45,60.066331540300546,61.465804303278695,62.581380208333336,59.11207932692307,3.4446322106857488
2035,46,60.22616299715909,84.423828125,61.66704963235294,90.70460215336135,6.443933324516841
2036,47,66.29077326642336,41.52101391423358,69.15834322257383,48.48694620253164,7.5330717571632375
2037,48,61.66704963235294,90.70460215336135,68.27280031028369,97.37297761524822,9.386329065171193
2038,49,69.15834322257383,48.48694620253164,72.11507161458334,54.353841145833336,6.569832498614714
2039,50,70.53038894489248,85.39409022177419,77.89555027173914,80.21654211956522,9.00292206570541
2040,51,72.11507161458334,54.353841145833336,72.96522797131148,56.6621485086521,2.4598879470676236
2041,52,73.60280967620481,12.065841490963855,75.71515940656566,14.726365214646464,3.3971175822502073
2042,53,73.5851199127907,35.770575944767444,78.79127881205675,39.137300531914896,6.1999133002091416
2043,54,73.5851199127907,35.770575944767444,74.10137469951923,27.731557992788463,8.055577486255123
2044,55,76.28984375,62.084375,81.82410037878788,59.689670138888886,6.030141607384675
2045,56,77.89555027173914,80.21654211956522,82.14934593023256,84.05553536821705,5.729977894146873
2046,57,78.79127881205675,39.137300531914896,84.28778029580153,40.5474713740458,5.674514108256745
2047,58,82.02481112637363,25.558035714285715,85.03255208333333,24.979383680555557,3.062897948073511
2048,59,82.5538429054054,5.029296875,86.5809077710177,2.383935978982301,4.818213953533875
2049,60,84.28778029580153,40.5474713740458,86.49729330708661,43.51393331692913,3.6988977014258193
2050,61,86.55198500304506,54.46019050700366,87.23345588235294,49.05790441176471,5.445098494440368
2051,62,82.14934593023256,84.05553536821705,87.01596467391305,93.00696331521739,10.188819376487206
2052,63,89.544677734375,82.26375579833984,93.06356189320388,76.16049757281553,7.0450199922134376
2053,64,93.06356189320388,76.16049757281553,95.64140625,71.36015624999999,5.448720798811042
2054,65,93.83622332317073,33.37176067073171,94.0912603021978,44.3112551510989,10.94246696804041
2055,66,86.49729330708661,43.51393331692913,94.0912603021978,44.3112551510989,7.635709320690641
2056,67,95.4887885551948,58.13844358766234,98.85400978915662,55.40992093373494,4.332383850318733
2057,68,87.01596467391305,93.00696331521739,98.62811748798077,99.19151893028845,13.15639848640835
2058,1,1.611328125,78.01657284007352,4.4921875,76.43275669642857,3.287525561177551
2059,2,1.611328125,78.01657284007352,3.2234600051440325,83.65362975823045,5.863052097458931
2060,3,3.2408248546511627,62.40688590116279,6.636673591040462,54.820718930635834,8.311541249681126
2061,4,4.82738597972973,16.14891258445946,5.758618551587301,18.742249503968253,2.7554655651950766
2062,5,6.6032858455882355,3.22265625,9.117733534946236,4.030157930107527,2.6409290308325715
2063,6,4.4921875,76.43275669642857,7.771183894230769,75.99646935096153,3.307894194377
2064,7,4.82738597972973,16.14891258445946,7.373744419642857,12.426060267857144,4.510384759169448
2065,8,3.2234600051440325,83.65362975823045,7.82091864224138,89.07765355603449,7.110320673427148
2066,9,8.9851320251938,37.521953730620154,14.805604225991754,30.808840000245485,8.88503194125979
2067,10,9.117733534946236,4.030157930107527,11.019345238095237,3.9369419642857144,1.9038950301519622
2068,11,14.805604225991754,30.808840000245485,20.111888323643413,34.188771802325576,6.29131066723805
2069,12,7.373744419642857,12.426060267857144,15.275182736530882,17.16979098226018,9.216057105202694
2070,13,15.577566964285714,78.99088541666667,17.981350806451612,74.49191748271889,5.100871418742893
2071,14,16.274025165929203,43.42332688053097,23.972100419960473,44.97745800395257,7.853386923201752
2072,15,17.151669289568343,62.86252248201439,22.898267663043477,71.88066123188406,10.693466200345323
2073,16,17.981350806451612,74.49191748271889,21.17140436746988,73.10335090361446,3.4791606554988386
2074,17,18.086796016483518,87.01601133241759,25.590376420454547,85.96339370265152,7.577052378950036
2075,18,19.776475694444446,8.287760416666666,20.34765625,1.8632812499999998,6.449820136250217
2076,19,18.086796016483518,87.01601133241759,19.803345658396946,96.25178912213741,9.393941348243299
2077,20,21.17140436746988,73.10335090361446,22.898267663043477,71.88066123188406,2.1158985975125355
2078,21,23.972100419960473,44.97745800395257,28.774144459355828,45.21694066334356,4.808011948866332
2079,22,27.438985020661157,59.84956095041323,30.31655844155844,55.171976461038966,5.491832612879712
2080,23,19.803345658396946,96.25178912213741,29.269235245304404,97.30186660055051,9.52395550085118
2081,24,28.97096493470736,11.688266991818754,30.69915771484375,2.14996337890625,9.693600264990055
2082,25,30.085392441860463,31.477561773255815,38.39923064720812,33.000872461928935,8.452241191478395
2083,26,22.898267663043477,71.88066123188406,30.828536184210524,72.87623355263158,7.992516691484078
2084,27,33.35201075819672,20.701524077868854,34.43623310810811,22.50580658783784,2.104987762393729
2085,28,39.03595484781776,58.2428305656585,46.10891990291262,58.97204945388349,7.110456726366953
2086,29,39.03595484781776,58.2428305656585,39.40412791955018,65.91222426470588,7.678225779549379
2087,30,41.206385266370695,85.92015815760267,49.84994283536585,87.86442454268293,8.859529289114997
2088,31,43.66728568989071,5.641649590163935,45.14090401785714,11.011439732142856,5.568320855106375
2089,32,44.683041779891305,18.157693614130434,45.14090401785714,11.011439732142856,7.1609065330290145
2090,33,46.555919146058734,96.00711215224112,51.283203125,99.3759765625,5.80486530698721
2091,34,46.555919146058734,96.00711215224112,49.84994283536585,87.86442454268293,8.783732325872009
2092,35,46.10891990291262,58.97204945388349,53.131883259911895,61.85727560572687,7.592532137635997
2093,36,53.52328988008721,41.71511627906977,63.731852854330704,55.717888779527556,17.328946756761418
2094,37,57.484106924019606,18.186083026960784,60.9832763671875,10.02044677734375,8.88379435562641
2095,38,58.59026227678571,5.111258370535714,60.9832763671875,10.02044677734375,5.461377779498497
2096,39,60.35846748737374,96.79312657828282,62.519297342814376,96.85745696107784,2.161787237984849
2097,40,61.68852306547619,68.2865203373016,63.794167933130694,62.58993873480243,6.073284306091038
2098,41,63.731852854330704,55.717888779527556,63.794167933130694,62.58993873480243,6.872332482995801
2099,42,61.68852306547619,68.2865203373016,67.67820448200993,78.25367361972705,11.628431881682681
2100,43,57.484106924019606,18.186083026960784,67.52173195422534,28.904874559859156,14.684904091370385
2101,44,60.9832763671875,10.02044677734375,71.74823094928075,7.515316917782738,11.052598009870565
2102,45,70.44020432692307,90.38649338942307,70.91206395348837,95.28070494186046,4.916905350644238
2103,46,70.91206395348837,95.28070494186046,75.05988675958189,95.85998747822299,4.188078591392967
2104,47,75.05988675958189,95.85998747822299,76.62037037037037,99.56717785493827,4.022234402511845
2105,48,77.13913690476191,61.586991567460316,80.75714111328125,71.826171875,10.859593354411212
2106,49,77.79110863095238,41.101190476190474,83.82306780133929,40.482003348214285,6.063656003820317
2107,50,78.45128676470588,16.44875919117647,87.96537422839506,21.242042824074073,10.653329444456867
2108,51,85.41544290413535,30.456267622180448,90.63554928626543,31.722005208333332,5.371368752725451
2109,52,87.96537422839506,21.242042824074073,94.25036243556701,14.419398356958762,9.276289898927784
2110,53,89.2161867882321,80.14644200786334,89.36844837816456,88.0519432357595,7.906967386807429
2111,54,89.36844837816456,88.0519432357595,89.67068829113924,92.22643888449366,4.185422665191119
2112,55,89.67068829113924,92.22643888449366,89.95797821969697,96.42992424242425,4.213291428015333
2113,56,90.63554928626543,31.722005208333332,94.7509765625,39.521484375,8.818651650748139
2114,57,96.53125,27.368489583333332,99.51453575721155,24.18212890625,4.364961428654804
2115,58,89.2161867882321,80.14644200786334,98.59917015550239,79.77067135167464,9.390504803072274
2116,1,0.44906496062992124,42.695004921259844,3.451061565614618,37.82281717192691,5.722778790158639
2117,2,1.5131736288265305,7.410415338010204,4.988779920212766,11.995096409574469,5.753185171770784
2118,3,4.056115388486313,96.46235909822866,7.722445733532934,92.78630239520959,5.191856227094623
2119,4,4.988779920212766,11.995096409574469,8.883408368644067,13.683461334745765,4.244844740609376
2120,5,5.503336588541666,62.482706705729164,8.003206073113207,65.50983932783019,3.9259240124689385
2121,6,9.25815365720524,6.623140693231441,9.415952620967742,10.247605846774194,3.627898587641364
2122,7,8.883408368644067,13.683461334745765,9.415952620967742,10.247605846774194,3.4768816941200833
2123,8,8.003206073113207,65.50983932783019,10.754707532051281,60.99634415064102,5.286057036492152
2124,9,14.467486213235295,75.52466299019608,20.518275669642858,85.24576822916666,11.450412224584506
2125,10,14.515438988095239,50.80636160714286,21.96090133101852,57.028537326388886,9.703111881301966
2126,11,17.335410013686133,61.538050296532845,21.96090133101852,57.028537326388886,6.459944051972423
2127,12,18.313893723225213,92.03223014840881,21.062032585470085,97.35076121794873,5.9865716352384775
2128,13,17.885974702380953,7.661830357142857,21.868206521739133,11.845278532608695,5.775760460746031
2129,14,20.1753747018647,37.438509594535994,24.022637038934427,43.29853995901639,7.01009153741001
2130,15,18.313893723225213,92.03223014840881,20.518275669642858,85.24576822916666,7.135500343144541
2131,16,21.868206521739133,11.845278532608695,24.899807224025974,8.549360795454545,4.478133154361694
2132,17,21.96090133101852,57.028537326388886,24.846649169921875,51.773834228515625,5.994951645887915
2133,18,24.022637038934427,43.29853995901639,26.509065448113205,49.18281987028302,6.388041664556305
2134,19,24.846649169921875,51.773834228515625,26.509065448113205,49.18281987028302,3.078470933200937
2135,20,21.868206521739133,11.845278532608695,25.54078820633562,21.767979452054796,10.580541090455158
2136,21,27.15247202727754,77.02243610963984,29.798380533854168,78.99339463975694,3.2993195287234522
2137,22,28.20931523224044,86.52237021857924,32.467041015625,83.71826171875,5.0981617594297886
2138,23,24.899807224025974,8.549360795454545,29.275948660714285,10.152762276785714,4.660634096797925
2139,24,30.08369739657632,95.59474188659058,34.63846842447917,90.44087727864584,6.878099992995786
2140,25,32.540693339960235,66.16278889165011,34.64936755952381,58.95926339285714,7.505816849351738
2141,26,33.90606998847927,41.541258640552996,38.21300828313253,41.49684676204819,4.307167269668445
2142,27,34.63846842447917,90.44087727864584,39.383868781887756,98.95218829719387,9.744805785984182
2143,28,40.18274066091954,24.34559087643678,43.26092479674797,22.077458079268293,3.8235643004475754
2144,29,34.64936755952381,58.95926339285714,42.38859477796053,60.21407277960527,7.840292375649197
2145,30,45.98151312934028,91.49712456597221,48.93186575155764,82.63559311721184,9.33977088652576
2146,31,46.615875637070815,78.0907364873927,48.93186575155764,82.63559311721184,5.100934423810167
2147,32,47.6806640625,4.239908854166666,54.72102378731343,1.2527693563432836,7.647853779605854
2148,33,38.21300828313253,41.49684676204819,49.16963065357853,41.94656281063619,10.96584781459761
2149,34,48.93186575155764,82.63559311721184,53.093690362595424,79.81646588740458,5.026754661894751
2150,35,50.4684669384058,56.21461730072463,51.29016285211267,57.82625440140845,1.8090213704937586
2151,36,53.093690362595424,79.81646588740458,53.73799887048193,73.29748682228916,6.550742057564777
2152,37,56.699786047717836,12.653778202800831,62.242838541666664,16.744791666666668,6.88925410419763
2153,38,57.82868086013645,55.65130817495126,58.04679830660995,62.634980366492144,6.98707753637796
2154,39,51.29016285211267,57.82625440140845,57.82868086013645,55.65130817495126,6.890762572403111
2155,40,59.320915410181584,34.051125770103766,65.27527377136752,30.677417200854702,6.843704625686987
2156,41,62.63275252965806,69.88964094120725,66.09177895642202,62.66305905963303,8.011763196210199
2157,42,61.743577860169495,79.67352283427496,69.53416176892202,81.09925996272935,7.919969949360108
2158,43,64.59675190916398,46.15146452974276,67.62502569901315,52.48123972039473,7.016872245557891
2159,44,63.35011017628205,98.07692307692307,77.82397712628865,94.44869523195877,14.92169098264228
2160,45,65.27527377136752,30.677417200854702,66.67501335470085,29.368656517094017,1.9162790580987643
2161,46,66.09177895642202,62.66305905963303,69.99193274456522,65.74441661005434,4.970509423057782
2162,47,68.51888020833333,0.8658854166666667,71.05049286912751,10.200817953020135,9.67212634959676
2163,48,71.05049286912751,10.200817953020135,78.6285400390625,9.702555338541668,7.59441008523681
2164,49,77.00774926933454,41.27083099145683,83.36979166666667,40.711588541666664,6.386574636148781
2165,50,77.82397712628865,94.44869523195877,79.33014251373626,90.2826665521978,4.4299355678086485
2166,51,78.05989583333334,30.43369391025641,83.63082320601852,33.13078703703704,6.189470342950224
2167,52,78.6285400390625,9.702555338541668,80.62006353021978,14.036744505494505,4.76983873425115
2168,53,83.22810683139535,52.407340116279066,88.79743303571429,52.60184151785714,5.5727215223200774
2169,54,83.63082320601852,33.13078703703704,87.8524339730971,31.24871842191601,4.62214016887604
2170,55,80.62006353021978,14.036744505494505,85.72121434563759,14.122142407718123,5.101865584601576
2171,56,85.97110215053763,3.470472110215054,90.3957902892562,2.3025891012396693,4.576222880014706
2172,57,87.59135584677419,80.08442540322581,95.50170068027211,77.80399659863946,8.232491173249707
2173,58,87.8524339730971,31.24871842191601,90.0001319679054,33.93884607263514,3.4422947947651403
2174,59,87.59135584677419,80.08442540322581,90.97316576086956,90.73842682453416,11.177852413604057
2175,60,91.17838541666666,15.277458639705882,95.42828081717451,16.638352666204987,4.462470556386759
2176,61,92.18409338662791,26.081031976744185,93.81760817307693,22.527919671474358,3.9106236857319123
2177,62,92.71045629528986,70.06623641304348,97.57039835164835,67.8238753434066,5.352309777823503
2178,63,93.81760817307693,22.527919671474358,95.28029421542553,21.384640957446805,1.8564850326436555
2179,64,94.61328650033603,39.94613155241936,99.51086211622807,44.38819216008772,6.611970156888142
2180,65,92.71045629528986,70.06623641304348,95.50170068027211,77.80399659863946,8.225811686787464
2181,66,95.42828081717451,16.638352666204987,97.87139892578125,14.308929443359375,3.3756538098173783
2182,67,92.18409338662791,26.081031976744185,98.2003825984589,31.55969071061644,8.137041071705903
2183,68,97.87139892578125,14.308929443359375,98.95833333333334,16.83203125,2.7472657558004467
2184,69,99.51086211622807,44.38819216008772,99.67053345959596,51.212318497474755,6.82599408192772
2185,1,1.402364751344086,0.5901377688172043,2.0287490472560976,4.614853277439025,4.0731673439113925
2186,2,0.8782762096774194,98.43077956989247,4.314108455882353,97.3540900735294,3.6005837715070843
2187,3,2.451685855263158,12.926603618421053,8.794642857142858,9.905133928571429,7.025836791043092
2188,4,3.471922479281768,41.533580801104975,12.611823996113989,29.679910136010363,14.968209912141011
2189,5,5.110677083333334,67.8443843482906,13.36945564516129,68.99151545698925,8.33806531000167
2190,6,6.483861019736842,89.29207785087719,9.25807162106136,85.79563121890547,4.4633377096885365
2191,7,8.794642857142858,9.905133928571429,11.174519856770832,9.956868489583332,2.380439244795243
2192,8,6.483861019736842,89.29207785087719,8.924237419577207,93.17393583409927,4.5852217367105315
2193,9,8.954782196969697,19.733467487373737,9.306804294692737,16.095277583798882,3.6551806154770703
2194,10,12.611823996113989,29.679910136010363,17.29144313304721,34.02293454935622,6.384410413003676
2195,11,13.36945564516129,68.99151545698925,20.70261191987741,70.41135343695272,7.469345408986997
2196,12,9.306804294692737,16.095277583798882,14.151903609154928,17.569872359154928,5.064525359647174
2197,13,17.29144313304721,34.02293454935622,19.360187709731544,38.804923447986575,5.2102900063417605
2198,14,14.151903609154928,17.569872359154928,17.67578125,23.79513302364865,7.153431621853991
2199,15,18.67138671875,94.2626953125,22.66893262987013,91.87423904220779,4.656725960007893
2200,16,19.252689549180328,74.67741419057377,20.70261191987741,70.41135343695272,4.505724052206663
2201,17,19.360187709731544,38.804923447986575,22.786030016447366,37.99727590460527,3.5197571030987156
2202,18,20.70261191987741,70.41135343695272,22.779443477602907,68.1758852905569,3.0513189201908824
2203,19,22.779443477602907,68.1758852905569,25.639204545454547,68.12240493881119,2.8602610917926357
2204,20,24.046734579248366,44.13392310049019,26.99862393465909,41.84348366477273,3.736276699506727
2205,21,24.20564177852349,59.59652894295302,28.96684393825301,58.99508189006024,4.7990399626640405
2206,22,26.188548018292686,17.1898818597561,30.864100302419356,20.603893649193548,5.789323419884229
2207,23,26.560724431818183,52.40234375,28.96684393825301,58.99508189006024,7.01809142592565
2208,24,26.99862393465909,41.84348366477273,28.66053427419355,42.46568703473945,1.7745655835300918
2209,25,27.238629578025474,8.680520999203821,29.727224576271187,4.475635593220339,4.886119763446907
2210,26,28.96684393825301,58.99508189006024,32.50169020432692,58.86606069711539,3.537200106440909
2211,27,25.639204545454547,68.12240493881119,28.63387142319277,66.04915756777109,3.6423048156554767
2212,28,28.66053427419355,42.46568703473945,31.280226934523807,47.04473586309524,5.27545996165782
2213,29,32.465111517137096,13.352129536290322,38.41796875,12.166819852941178,6.069717314693445
2214,30,32.38846628289473,83.85245339912281,39.11085406553398,87.85554459951457,7.8240166576274195
2215,31,35.93418961864407,36.163433527542374,40.60329861111111,30.44976128472222,7.37879592358469
2216,32,38.12048256802721,6.836103582057823,42.40344042446524,5.067941594251337,4.633586603825165
2217,33,38.12048256802721,6.836103582057823,38.41796875,12.166819852941178,5.339010581477178
2218,34,39.11085406553398,87.85554459951457,46.24386621900827,86.95683755165288,7.189404477388107
2219,35,40.60329861111111,30.44976128472222,44.020113031914896,31.100398936170215,3.4782107670028344
2220,36,40.959641029094826,49.590222588900865,44.16577888257576,55.55604876893939,6.772769149022903
2221,37,42.39244058098591,69.82146786971832,44.149905507559396,77.66519303455723,8.038202997540141
2222,38,42.635569852941174,25.858226102941178,43.582589285714285,21.38671875,4.57069183094386
2223,39,44.16577888257576,55.55604876893939,48.94456129807692,52.40635016025641,5.723404817085951
2224,40,46.24386621900827,86.95683755165288,46.44201807228915,93.39702560240963,6.443235700024378
2225,41,44.16577888257576,55.55604876893939,46.480248679577464,61.13418794014085,6.039238946632696
2226,42,42.635569852941174,25.858226102941178,47.24987399193548,24.899193548387096,4.712912701062319
2227,43,48.1480609939759,42.20279555722892,53.4307922979798,43.65480981691919,5.478649052517108
2228,44,50.8880783839779,2.2471728245856353,57.739601672535215,1.7770686619718308,6.86763200072267
2229,45,51.487214344713664,13.54238367290749,57.55935224514563,7.130802487864078,8.83058503012485
2230,46,55.801246279761905,71.52041480654762,58.07458600427351,69.36014289529915,3.1360561591865026
2231,47,53.4307922979798,43.65480981691919,57.06764363354038,38.38072593167702,6.406453657487889
2232,48,57.739601672535215,1.7770686619718308,61.20486953883495,4.564244538834951,4.4470699065538914
2233,49,57.55935224514563,7.130802487864078,61.20486953883495,4.564244538834951,4.458364727600521
2234,50,61.20486953883495,4.564244538834951,62.9757172880117,2.0741959064327484,3.0555267864138336
2235,51,61.865234375,52.58984375,68.49836294087137,50.0263388226141,7.11125531000755
2236,52,61.865234375,52.58984375,62.10142623546512,59.94390443313954,7.357852616507671
2237,53,57.55935224514563,7.130802487864078,62.72753906250001,14.8828125,9.316856455228399
2238,54,57.06764363354038,38.38072593167702,63.032459077380956,32.34979538690476,8.482402166541387
2239,55,63.52352695610687,89.40094227099237,65.75152853260869,93.28040081521739,4.473722121595747
2240,56,58.07458600427351,69.36014289529915,66.35945911843876,74.92008748317632,9.977580184497779
2241,57,65.75152853260869,93.28040081521739,67.12633070054946,94.53983516483517,1.8644720115817641
2242,58,68.49836294087137,50.0263388226141,72.81629774305556,50.63340928819444,4.360400842364533
2243,59,71.53999255952381,34.38169642857143,72.4633193597561,28.209556021341463,6.24082122693705
2244,60,62.9757172880117,2.0741959064327484,71.44775390625,5.173746744791666,9.021231615491429
2245,61,72.73888221153845,14.797843215811964,76.5394028786307,16.41597510373444,4.1306546875412895
2246,62,73.02926485655738,66.23335040983606,78.54717548076923,61.69734074519231,7.143019063010516
2247,63,74.30385824022346,88.94247555865921,79.67255261479592,91.28667091836735,5.858167902343113
2248,64,74.30385824022346,88.94247555865921,75.60184954073482,82.16416234025559,6.9014716910952085
2249,65,77.91304154829545,96.38449928977273,79.67255261479592,91.28667091836735,5.392933644821082
2250,66,78.65828271943573,25.159188871473354,80.62909100506756,26.55788112331081,2.416697191223016
2251,67,72.81629774305556,50.63340928819444,78.58455882352942,49.505974264705884,5.877409771719008
2252,68,80.45011021784232,33.453951633817425,80.62909100506756,26.55788112331081,6.898392755423158
2253,69,84.74840774858956,51.35189858074754,90.44584644784173,53.62241456834532,6.133192527686814
2254,70,84.70271759969326,13.998993481595093,89.78374435240963,11.546969126506024,5.641742310649212
2255,71,80.62909100506756,26.55788112331081,85.82256610576923,22.67803485576923,6.482699336030051
2256,72,88.10907778532608,82.72291100543478,95.34412202380952,78.46261160714286,8.396190570484858
2257,73,89.41625878514057,7.7764181726907635,89.78374435240963,11.546969126506024,3.788416573908978
2258,74,89.78374435240963,11.546969126506024,90.62722578347578,15.543202457264957,4.084279833510681
2259,75,91.17909307065217,38.50911458333333,94.77833997483222,34.713847525167786,5.2305478030552575
2260,76,91.59149033071749,66.57047015134529,93.72488839285714,63.90345982142858,3.415308388919474
2261,77,79.67255261479592,91.28667091836735,91.19453125,97.45937500000001,13.071276423880862
2262,78,89.41625878514057,7.7764181726907635,95.66953124999999,5.73984375,6.576553192891191
2263,79,90.44584644784173,53.62241456834532,97.10797458368688,49.70665835808231,7.727683870127779
2264,80,97.65187733208955,20.379547574626866,98.56737274484536,17.06870167525773,3.435088415186184
2265,1,0.20427178899082568,1.6986811926605505,0.9466145833333334,10.608072916666666,8.94026474530262
2266,2,0.7897084153543307,71.26330278051181,2.4560349190283404,65.87368737348179,5.641329475623796
2267,3,0.9466145833333334,10.608072916666666,7.128317959337349,15.089067206325302,7.634969970658218
2268,4,3.250056205035971,47.4208914118705,7.464689809113301,53.48531788793104,7.385147588245062
2269,5,4.320963541666667,36.36783854166667,6.424115794573644,32.83237191133721,4.113729900355739
2270,6,0.7897084153543307,71.26330278051181,5.609421502976191,75.83356584821429,6.6420583221617955
2271,7,7.128317959337349,15.089067206325302,11.912407309322035,18.47358315677966,5.860243947782111
2272,8,7.325201866610738,59.89736262583892,7.464689809113301,53.48531788793104,6.4135617722943765
2273,9,0.20427178899082568,1.6986811926605505,9.611289828431373,2.8408394607843137,9.476102252709357
2274,10,10.055565649224807,95.57518774224806,12.701701226635514,86.88850759345794,9.080773397757648
2275,11,6.424115794573644,32.83237191133721,12.275461906934307,35.32590100364963,6.3604983028727125
2276,12,12.701701226635514,86.88850759345794,16.50358181063123,84.2517130398671,4.626767931592194
2277,13,15.625,81.43102134146342,16.50358181063123,84.2517130398671,2.954354016602535
2278,14,7.325201866610738,59.89736262583892,16.475073024851632,59.659854877596445,9.152953192433785
2279,15,17.235799300541515,41.436216719314075,21.33528148854962,41.57505180999523,4.1018324432136595
2280,16,15.625,81.43102134146342,18.178385416666668,79.27734375,3.340374867289252
2281,17,12.275461906934307,35.32590100364963,19.880806079454253,30.752783908507226,8.874382229111323
2282,18,20.25887373554913,49.948067196531795,21.33528148854962,41.57505180999523,8.441921600790758
2283,19,20.287388392857142,14.694940476190476,20.949485085227273,11.109508167613637,3.646052230760568
2284,20,25.587028631284912,20.425432087988828,25.973690257352942,17.802159926470587,2.651615365483868
2285,21,27.072112975951907,73.19874123246493,32.881766435464414,66.75340677774427,8.677235132969189
2286,22,28.603001644736842,91.54502467105263,29.50985863095238,99.24386160714286,7.7520629358871345
2287,23,29.50985863095238,99.24386160714286,34.146484375,97.7431640625,4.873437330146175
2288,24,31.907259480337082,30.48411165730337,35.43911637931034,29.286492007902297,3.729384128707658
2289,25,28.603001644736842,91.54502467105263,32.43086479350568,84.22112675362547,8.263898413617893
2290,26,32.881766435464414,66.75340677774427,36.848332331730774,65.9076397235577,4.055732599589225
2291,27,25.973690257352942,17.802159926470587,33.6867050738512,19.497771927425237,7.897195553948447
2292,28,36.50372285798122,58.908267312206576,37.46706940406977,52.754814680232556,6.228403957821679
2293,29,33.6867050738512,19.497771927425237,37.36728766025641,2.0244891826923075,17.85671576894057
2294,30,35.43911637931034,29.286492007902297,41.2238919005102,31.904695471938776,6.349694261125159
2295,31,41.68485753676471,62.944240196078425,43.28765869140625,66.03190104166666,3.4788821536089607
2296,32,42.291259765625,69.3511962890625,43.28765869140625,66.03190104166666,3.4656214101777794
2297,33,43.11319986979167,88.787841796875,46.37083968495935,91.6674606199187,4.3479215415406545
2298,34,46.86390269886363,23.265491832386363,52.808095894607845,27.628102022058826,7.373316785230763
2299,35,41.68485753676471,62.944240196078425,51.88536352040817,57.24748883928571,11.683462600764626
2300,36,52.808095894607845,27.628102022058826,53.174364697802204,33.99403331043956,6.376459362732441
2301,37,53.85152882543104,18.14385775862069,54.9072265625,13.9404296875,4.333971072946604
2302,38,54.9072265625,13.9404296875,58.783318014705884,14.533547794117647,3.9212082365338934
2303,39,55.30764828821656,73.73855493630573,57.094663149350644,71.74056412337663,2.6805576663193023
2304,40,46.37083968495935,91.6674606199187,56.89263366409952,88.1289803021327,11.10085543995729
2305,41,54.9072265625,13.9404296875,56.7254577020202,1.940301452020202,12.13709364488387
2306,42,58.783318014705884,14.533547794117647,61.68212890625,15.096435546875,2.9529556730738435
2307,43,57.094663149350644,71.74056412337663,59.25958806818182,74.76584694602273,3.720112372116434
2308,44,61.6569309059633,43.557375286697244,67.02601613562092,46.9030841503268,6.326202968882427
2309,45,56.89263366409952,88.1289803021327,63.900914143041234,96.82818540592784,11.171041344002393
2310,46,63.71910220286885,35.25150486680328,66.4013671875,28.067626953125004,7.668288422223888
2311,47,59.25958806818182,74.76584694602273,67.10660236972147,81.54665389150944,10.370871529458288
2312,48,69.3204365079365,55.34319196428571,71.4148773006135,54.552698427914116,2.2386518856389173
2313,49,69.97912176724138,12.61449353448276,76.20978626778455,14.427718495934961,6.48914207574177
2314,50,72.03263410433071,72.39173228346458,78.06051002358491,64.14633696933963,10.213805949993288
2315,51,71.859375,37.075,72.1071337090164,33.7218237704918,3.3623169398544634
2316,52,71.4148773006135,54.552698427914116,73.10123381877023,57.96925566343042,3.8100737066215
2317,53,75.65964918870193,98.30979567307693,82.93013139204545,93.4326171875,8.754814758137917
2318,54,78.6256384556239,48.19413170035149,87.98384232954545,48.69318181818182,9.371500987888059
2319,55,78.06051002358491,64.14633696933963,83.15371788537549,58.494163784584984,7.608405091335818
2320,56,79.13671875,25.40234375,86.28826141357422,31.6009521484375,9.464000662832929
2321,57,82.10353100393701,6.293829970472441,84.91721082089553,9.221956623134329,4.060876728785137
2322,58,82.93013139204545,93.4326171875,87.51292509191177,92.82944623161765,4.622316875502406
2323,59,85.3854997783688,41.6015625,87.39821742957746,44.34969190140845,3.4063539966322534
2324,60,87.69760729438643,97.69016196148826,90.52653667355372,97.67158445247934,2.8289903775299057
2325,61,87.51292509191177,92.82944623161765,90.673828125,89.53354779411765,4.56664586922408
2326,62,87.39821742957746,44.34969190140845,87.98384232954545,48.69318181818182,4.382791482671113
2327,63,89.02427964344942,84.56982664800995,90.673828125,89.53354779411765,5.230634551304706
2328,64,90.01890569395017,70.94604926601423,93.98092830882354,65.76516544117646,6.522206713010059
2329,65,87.98384232954545,48.69318181818182,91.44597457627118,52.2750595868644,4.981586900135402
2330,66,90.52653667355372,97.67158445247934,93.53004092261905,97.31910342261905,3.024116507438975
2331,67,91.44597457627118,52.2750595868644,94.2951359160959,47.21746575342466,5.804909622414416
2332,68,93.98092830882354,65.76516544117646,97.02327388743456,64.61162467277487,3.2536937354426296
2333,69,96.64506861772487,20.53003058862434,99.64671415441177,19.881663602941178,3.0708721360610585
2334,70,84.91721082089553,9.221956623134329,98.26628449675324,3.6411830357142856,14.468683486672951
2335,71,93.53004092261905,97.31910342261905,98.33984375,96.63394976265823,4.8583576212583885
2336,72,97.02327388743456,64.61162467277487,98.38571259469697,58.80385890151515,5.9654322965618265
2337,1,0.4669189453125,23.0157470703125,2.3519334846368714,25.30224336592179,2.9633334478757654
2338,2,0.477202599789916,91.68731945903362,2.802579365079365,84.32539682539682,7.720445710203629
2339,3,1.543264678030303,63.6526396780303,8.606770833333334,55.234375,10.989099116641743
2340,4,2.3519334846368714,25.30224336592179,5.9002452213279675,32.516976861167,8.040080570998837
2341,5,8.606770833333334,55.234375,15.632615608654305,55.99487711008083,7.0668846224020365
2342,6,10.111641589506174,22.511574074074073,16.793526785714285,20.219866071428573,7.06395890026935
2343,7,11.286662674878345,75.27146536648418,16.508986632947977,66.6963963150289,10.040143263930757
2344,8,11.82513530027933,46.91973638268156,13.235860475352112,41.81544344190141,5.295654062047698
2345,9,15.632615608654305,55.99487711008083,18.865411931818183,50.117902057926834,6.70744421003279
2346,10,17.1209716796875,5.8612060546875,26.054371752309468,10.012472033775982,9.850819564211886
2347,11,19.06302991763566,96.11608224321705,27.122956332781456,95.63987479304636,8.07398212489742
2348,12,11.286662674878345,75.27146536648418,21.656870619158877,77.95980578271028,10.713000840153695
2349,13,16.793526785714285,20.219866071428573,22.122691761363637,25.058149857954547,7.1978461595568906
2350,14,24.53567216981132,33.27498525943396,26.168724798387093,35.34289944556452,2.634981967471169
2351,15,28.194926697530864,69.42997685185185,30.303578317901238,70.13044945987654,2.22195263916302
2352,16,29.627182904411764,61.77475873161765,32.90078519570707,58.40041035353535,4.701350756776244
2353,17,32.76323198198198,43.867011542792795,38.62941576086957,44.48454483695652,5.8985980959109705
2354,18,32.88324311023622,19.16292445866142,36.7178788470116,21.12380477809991,4.306911057929574
2355,19,32.88324311023622,19.16292445866142,34.90993232484077,15.043105593152866,4.591337131729116
2356,20,36.7178788470116,21.12380477809991,40.415900735294116,20.531939338235293,3.7450861919484253
2357,21,36.083984375,30.194227430555554,36.899347174657535,37.85985659246575,7.708870665862374
2358,22,36.899347174657535,37.85985659246575,38.62941576086957,44.48454483695652,6.846870208328179
2359,23,30.303578317901238,70.13044945987654,37.65963040865385,67.53868689903845,7.7992778853960445
2360,24,38.62941576086957,44.48454483695652,43.484226661392405,43.49535205696203,4.954562668473233
2361,25,40.263020833333336,96.84505208333334,42.99828506097561,93.16120426829269,4.588289999487749
2362,26,34.90993232484077,15.043105593152866,40.576171875,10.50567626953125,7.259100185742724
2363,27,42.755533854166664,57.787272135416664,44.646139705882355,53.87896369485294,4.341574063991451
2364,28,45.04721333661417,80.77017716535433,50.20323057432432,81.98770059121621,5.29781814033727
2365,29,42.99828506097561,93.16120426829269,46.33673720472441,89.84375,4.706459979465916
2366,30,42.755533854166664,57.787272135416664,48.92512857664995,63.65490549289892,8.514283308507656
2367,31,48.50411821705426,3.2801901647286824,54.86056170886076,0.5711036392405063,6.909668853650707
2368,32,44.646139705882355,53.87896369485294,49.74439811093247,48.094918106913184,7.710215439793472
2369,33,49.15916313559322,28.371623411016948,57.15762867647059,33.13148788927336,9.307618431154651
2370,34,50.20323057432432,81.98770059121621,52.90548949115043,82.52471653761062,2.7551024264531683
2371,35,51.40962146577381,15.283203125,56.13482693385651,14.82667110426009,4.74720846409334
2372,36,54.240842725409834,96.34189293032787,54.51400432180851,98.0946642287234,1.7739291085683937
2373,37,56.126926369863014,56.059035209760275,60.36047409695817,59.65375263104291,5.5538202794531815
2374,38,56.14463404605263,37.58866159539473,57.15762867647059,33.13148788927336,4.570837512731705
2375,39,52.90548949115043,82.52471653761062,59.235983455882355,85.45955882352942,6.977711163463583
2376,40,56.126926369863014,56.059035209760275,59.66056034482759,49.47535021551724,7.472046384521771
2377,41,56.13482693385651,14.82667110426009,64.03705849198397,19.51461516783567,9.18814905960276
2378,42,66.12656249999999,5.071614583333333,72.60360717773438,10.214614868164062,8.270583999158475
2379,43,65.82589285714285,32.40234375,69.104296875,31.872265625,3.3209811385952532
2380,44,67.06957547169812,92.69512824292453,69.11683693910257,87.34068259214743,5.732483558026553
2381,45,67.59635416666666,41.96137152777778,71.37395322712419,43.54383680555556,4.095662463746479
2382,46,70.70356990318906,53.226437927107064,76.06994962431693,45.59853142076503,9.326467122165154
2383,47,70.63507494343891,36.66484021493213,73.6296622983871,34.63646673387097,3.6168843505270845
2384,48,71.37395322712419,43.54383680555556,73.71402138157895,43.29872532894737,2.352870290402412
2385,49,72.60360717773438,10.214614868164062,76.6754150390625,9.422810872395832,4.148080619670748
2386,50,72.42542613636364,29.325481376262623,74.66446314102564,25.90060763888889,4.091826832259416
2387,51,72.38175675675676,99.48928420608108,79.72632718373494,96.18552334337349,8.053418565727283
2388,52,72.60360717773438,10.214614868164062,73.36351799242425,14.814157196969695,4.661893829846124
2389,53,73.70495495495496,74.05862894144144,78.95985478940217,72.43758491847827,5.499250493881689
2390,54,76.06994962431693,45.59853142076503,78.58570474417098,47.08346826424871,2.9213115636999634
2391,55,78.58570474417098,47.08346826424871,81.34076286764706,47.767693014705884,2.8387512699899724
2392,56,73.6296622983871,34.63646673387097,78.9306640625,31.4178466796875,6.201623558095096
2393,57,79.72632718373494,96.18552334337349,81.76668128188776,97.88843271683673,2.6576202099017063
2394,58,79.80751129518072,17.06984186746988,82.73543792517006,16.90715348639456,2.9324429849423588
2395,59,79.72632718373494,96.18552334337349,81.09146712662337,89.22356939935064,7.094533795984394
2396,60,81.34076286764706,47.767693014705884,81.70811102642277,42.728976117886184,5.05208992755001
2397,61,82.73543792517006,16.90715348639456,82.78304811507937,11.997767857142858,4.909616480631283
2398,62,87.6550058627836,61.79109743128273,89.2677049512987,53.488737824675326,8.457539440494715
2399,63,82.78304811507937,11.997767857142858,87.57215711805556,3.885633680555556,9.420312412088222
2400,64,88.14894153225806,16.455603158602152,91.00716145833333,18.560546875,3.5496773367471723
2401,65,89.89041333128078,30.904595135467982,94.84795085544692,24.488259427374302,8.108424151613766
2402,66,81.76668128188776,97.88843271683673,89.90171707887701,98.93257018716578,8.20176995990754
2403,67,91.00716145833333,18.560546875,92.79762758027523,19.84840883027523,2.2055288140641043
2404,68,91.44106657608695,79.30112092391305,97.06845238095238,73.30357142857142,8.22423680020666
2405,69,92.79762758027523,19.84840883027523,94.84795085544692,24.488259427374302,5.072675733388779
2406,70,89.89041333128078,30.904595135467982,97.04499421296296,38.82516258818342,10.673491292241135
2407,71,97.06845238095238,73.30357142857142,98.10415414663461,69.34251051682693,4.094225408302213
2408,72,99.61944265463917,53.74416076030928,99.69146286231883,56.54579936594203,2.802564145008289
2409,73,99.67963986280488,60.4516006097561,99.69146286231883,56.54579936594203,3.9058191380934444
2410,74,91.44106657608695,79.30112092391305,99.78255208333333,83.376953125,9.284007141262792
