,Particle_Diameters,Minor_Axis_Size,Major_Axis_Size,Aspect_ratio,Circularity,Orientation,Normal_Angle_X,Normal_Angle_X_Abs_Ori
0,1.3223193364400538,0.973064933733402,1.9396330790968184,1.9933233763289988,0.9264168089457092,-70.83175636110926,19.168243638890743,19.168243638890743
1,1.4451712930335778,1.2002280246697794,1.8730562843003835,1.5605836939324262,1.042385962238993,-52.51284326016045,37.48715673983955,37.48715673983955
2,1.4282681233264556,1.263132795372691,1.7995892411237715,1.4247031252108355,0.896393220188201,62.39221922360772,-27.607780776392282,27.607780776392282
3,3.960831429587923,2.547132438961061,6.85038799596979,2.689451043528764,0.565403478821835,-12.897630533257244,77.10236946674276,77.10236946674276
4,1.5738748168108194,1.1849796339432896,2.407590775952932,2.031757092686163,0.8172800904612239,-34.361909188812675,55.638090811187325,55.638090811187325
5,3.170810378792584,2.8919976137647545,3.533800943536197,1.221923879437768,1.0177352083976228,-40.68804923949078,49.311950760509205,49.31195076050922
6,1.2850634067342854,0.8876893497671737,3.236075457747833,3.645504430797331,0.3823560743658392,48.5388732251871,-41.4611267748129,41.4611267748129
7,38.28768477646391,30.494508946793346,48.45567650894285,1.5889967795017803,0.7612471108626302,-8.414223898356601,81.5857761016434,81.5857761016434
8,1.4282681233264556,1.1184734540510184,2.0902547137754413,1.8688460653265495,0.8631398548643489,40.64407850165015,-49.35592149834985,49.35592149834985
9,4.8133150390020445,3.3801433866706554,7.351044616525276,2.174773012740695,0.6287680904117641,18.10997188090976,-71.89002811909023,71.89002811909023
10,4.511200293381672,2.977415116845575,6.990355528018585,2.347793389127588,0.7175254794014807,55.28568992517041,-34.71431007482959,34.71431007482959
11,1.376313601551939,1.3751877230756726,1.617365024731338,1.176104903782899,0.9706626665945888,89.84137543197318,-0.15862456802682345,0.15862456802682345
12,16.60814136024242,12.250801338319068,27.297681824055037,2.228236428801689,0.3994537982652534,-29.863199255299406,60.136800744700594,60.136800744700594
13,1.6044383463340146,1.0232041311238151,2.819182482462357,2.7552493160538414,0.6535492758778373,-14.225033459059851,75.77496654094014,75.77496654094014
14,1.7904288454052892,1.522423431005831,2.3373550214995804,1.5352857647200964,0.8092336216922649,-46.92588258811511,43.074117411884885,43.07411741188489
15,4.669907398433393,3.767705307804228,9.540446668323332,2.5321637147580915,0.233971862275966,-65.85519606917356,24.14480393082644,24.14480393082644
16,16.512822115720667,14.749000589669604,20.69046098793225,1.402838169416315,0.5246331333220189,-8.231048467229494,81.7689515327705,81.7689515327705
17,1.340559085464394,1.2109235610388025,1.5805459967857465,1.3052401056841767,1.064536547456415,-72.94210232554404,17.057897674455944,17.05789767445596
18,7.813628111256681,5.87643597696571,21.950881020998374,3.735407159550589,0.191735559144236,-4.147677154778864,85.85232284522114,85.85232284522114
19,45.0279452360578,36.549400934681934,60.40132936330151,1.652594237351407,0.5432072393831325,88.11096122775547,-1.8890387722445325,1.8890387722445325
20,1.9086035621207809,1.483342995543211,3.520886892877134,2.373616151797555,0.4760671626326807,-26.305669461072355,63.694330538927645,63.694330538927645
21,1.9086035621207809,1.7447768348664856,3.6643536588988663,2.1001847260192856,0.4235299574831371,-4.263872878735877,85.73612712126412,85.73612712126412
22,6.075638066440432,5.803511383156077,8.908398172754579,1.535001412870495,0.3306479131544615,20.821252899148742,-69.17874710085125,69.17874710085125
23,1.2071068813224677,0.796761950681771,2.2436532871112744,2.815964398389546,0.7000523904640754,-77.60441002164245,12.395589978357549,12.395589978357549
24,3.8677683620071512,3.710187079737419,4.259734379711993,1.148118487872441,0.9414279752787162,-21.246777786543596,68.75322221345641,68.75322221345641
25,11.65551134750158,7.224965935672049,20.505871375743745,2.8381962708639867,0.5876384024290587,-5.625532255268984,84.37446774473102,84.37446774473102
26,3.3784619300798826,2.4218749615027537,5.222446196692402,2.156364915491721,0.6225217111931843,-11.492635499930074,78.50736450006993,78.50736450006993
27,31.971246090661552,32.66482701118671,34.5078127934862,1.0564211095215146,0.4931344085017234,80.28831712167107,-9.71168287832893,9.71168287832893
28,1.5583682828180965,1.4551454741317753,1.8659022918297408,1.2822788683331108,0.8882077571967573,-37.718251005925154,52.281748994074846,52.281748994074846
29,1.6044383463340146,1.4898071625931022,1.793953009869647,1.2041511511779552,1.0655429829541527,2.8342109715762924,-87.1657890284237,87.1657890284237
30,7.444369490136012,5.874029921363013,15.868407384951228,2.7014515753895094,0.1576528968581467,-39.65011415847986,50.34988584152015,50.34988584152014
31,4.706169009781524,2.1001401338035586,13.967952587356756,6.650962172728652,0.218580425649701,5.4053869396243925,-84.59461306037561,84.59461306037561
32,1.7630924485867383,1.0544739085111103,3.0981995998091776,2.938147236078847,0.7843193535728413,12.35468804619634,-77.64531195380366,77.64531195380366
33,12.193173769514456,7.553646178157744,23.39957384140863,3.0977852668121053,0.4932653502106269,-35.71743778891739,54.28256221108262,54.28256221108261
34,1.9834790046600808,1.8509091076764068,2.1775427549081,1.1764720082023596,1.022512499417941,-64.82083981804956,25.179160181950436,25.179160181950436
35,7.329302757578137,5.108160018791427,10.661875034436754,2.08722416588651,0.7891109281292583,-65.7108812436022,24.289118756397784,24.289118756397798
36,1.3223193364400538,1.116683645162344,1.657736064450443,1.484517187685184,1.0876960086091445,-17.717642823785084,72.28235717621492,72.28235717621492
37,1.5892300566907107,1.2701490264112736,2.0699104660724394,1.6296595305204788,0.9986472889887784,67.03781169345137,-22.962188306548626,22.962188306548626
38,11.688800987154496,9.819060813910252,29.878604737195023,3.0429187987986857,0.1143109577569289,-37.35174446460559,52.64825553539441,52.64825553539441
39,17.06110819813665,16.476371789474875,19.10682968143867,1.1596503117054042,0.602824365046577,-16.021221622626403,73.9787783773736,73.9787783773736
40,4.111257893401754,4.897533186256264,5.309473919619808,1.0841118819816382,0.349681340357707,-18.14503783172125,71.85496216827875,71.85496216827875
41,23.94720764501642,20.152613131883264,41.530921182845006,2.060820644501894,0.2397074015918489,69.63445800659404,-20.365541993405955,20.365541993405955
42,1.6784140066373283,1.52135309285318,2.479657203783089,1.6299024962920898,0.6169550479019154,-2.83519780676232,87.16480219323768,87.16480219323768
43,1.526882849696625,1.1196217495387513,2.379588262416724,2.1253501581199536,0.8182376177207458,-21.213033363939072,68.78696663606092,68.78696663606092
44,4.158245223509692,3.315220894364704,5.478340440763148,1.6524812720851785,0.8749821379880138,-80.6041999337695,9.395800066230493,9.395800066230507
45,1.461879030667795,1.3010140437840418,1.937056014694204,1.4888817103466565,0.8039546413088372,-24.32453119472067,65.67546880527934,65.67546880527934
46,1.3938469657443524,0.8856521594993347,2.763893557601626,3.120743881168962,0.6421500543887086,20.06996540226316,-69.93003459773684,69.93003459773684
47,1.3585539723246187,1.2938977616611271,1.474229996643378,1.1393713169043105,1.2243433903162253,20.474300662521216,-69.52569933747878,69.52569933747878
48,8.18106243631368,7.697493652793555,9.861091258110646,1.281078192839027,0.4576657589558823,-17.09463725124431,72.90536274875569,72.90536274875569
49,4.169909328395152,3.718883979438179,4.7680448470955,1.2821171280034986,0.9729726048004328,79.55648371661269,-10.44351628338731,10.44351628338731
50,5.298452161581528,5.356122219202415,12.071093459059592,2.253700151908989,0.1332525521860971,-61.26636682805909,28.73363317194091,28.73363317194091
51,2.473832956432472,2.442487479807216,2.965978355521424,1.2143269433485595,0.72982500016315,-75.04785127573558,14.952148724264418,14.952148724264418
52,1.749264059016166,1.6383185445363897,2.593082426977691,1.5827706007634064,0.5754265699095659,32.90382797912098,-57.09617202087902,57.09617202087902
53,2.247510699902965,2.4049823932738303,3.724301556337448,1.548577472647385,0.3572889940149641,-44.98780515582973,45.01219484417027,45.01219484417027
54,3.829910011678639,2.6699946422637235,5.76462498124779,2.159039905922928,0.724381998372396,59.57783986978492,-30.422160130215083,30.422160130215083
55,5.044878855560663,3.4337658393428736,8.841424508454617,2.574847826591057,0.5363180762886041,21.29104158702338,-68.70895841297661,68.70895841297661
56,6.799916386336729,4.499204939469633,10.801415488141467,2.4007387157195685,0.68323415889952,-71.23488068396983,18.765119316030166,18.765119316030166
57,5.579741934599994,4.7045158926257455,7.181101399834127,1.5264272804541674,0.6738656332435851,40.72042625798792,-49.27957374201208,49.27957374201208
58,18.507222667330943,11.367867233555186,38.55309575609124,3.3914097485491257,0.2987675330789798,-33.532722282858586,56.467277717141414,56.467277717141414
59,2.170555852193912,2.188495045911764,2.4249531611115764,1.1080459906187723,0.8433407107051283,39.59159477589755,-50.40840522410245,50.40840522410245
60,12.596783509997156,10.94146463581672,14.865105253740124,1.358602869772976,0.8019145205374405,-81.31867617779788,8.681323822202103,8.681323822202117
61,12.87140507123559,10.68899967595346,16.25441110603433,1.5206671904575986,0.8379270794024205,-40.60645278224551,49.393547217754474,49.39354721775449
62,3.3784619300798826,2.680131247118577,4.663237396547317,1.7399287447436718,0.6528922105374687,-49.91140867815037,40.088591321849634,40.08859132184963
63,13.047554196592898,7.958177579252992,22.497454357569023,2.826960586582033,0.5515375511624064,74.04913466522594,-15.950865334774065,15.950865334774065
64,3.7009196175543857,2.943852441067184,5.143585366088423,1.7472293428619703,0.7520841925437707,-40.83949059693608,49.16050940306391,49.16050940306392
65,2.4041334941401127,1.5797783596774844,3.967273049482877,2.5112845894995077,0.7154550917573619,63.12141537515911,-26.87858462484089,26.87858462484089
66,6.556268540611616,6.064535105410894,7.265696833792182,1.1980632822637285,0.9428910047953908,-60.4321532419825,29.56784675801751,29.567846758017502
67,4.721624450432459,3.796903851130199,6.146793061884102,1.618896159315287,0.7893749880459152,-20.121322313377345,69.87867768662265,69.87867768662265
68,1.4111624987975715,1.2889707706663822,1.623392351185227,1.2594485368709742,1.141403937651297,-65.08055059953837,24.919449400461644,24.91944940046163
69,1.5108941070107518,1.4497665724183162,1.6893724328838793,1.165272027251865,1.0418109820392845,-84.06434296107946,5.935657038920539,5.935657038920539
70,3.7009196175543857,2.3365412116507787,6.080840835557741,2.602496718327341,0.7149312880352864,74.18651770031168,-15.813482299688317,15.813482299688317
71,1.4111624987975715,1.0470311554390674,1.960603666707584,1.8725361289611429,1.063829511511435,35.00909359349711,-54.99090640650289,54.99090640650289
72,1.9956851445118324,1.494142884190598,2.7765663002019814,1.8583003871855892,0.915786037138072,71.3876636018746,-18.612336398125393,18.612336398125393
73,5.522871265334852,3.927569302762583,8.194696751361558,2.086455036095112,0.7630353939337721,89.63019695822798,-0.36980304177201617,0.36980304177201617
74,2.2690184693770243,1.7631674120508545,3.019553073511801,1.7125730959373635,0.9755810076594932,-11.849136736635852,78.15086326336414,78.15086326336414
75,1.6784140066373283,0.7154265647903687,5.916270405301998,8.269570486295207,0.2583081306413258,88.91378312582707,-1.0862168741729334,1.0862168741729334
76,1.3038244488524504,1.1129617206131774,1.5947061503961537,1.4328490556868057,1.208277511229673,58.32167539642781,-31.678324603572193,31.678324603572193
77,5.605795346007637,3.525555016566205,9.416188811633385,2.670838709759944,0.664390296227125,58.14240446513392,-31.85759553486608,31.85759553486608
78,4.4077311214668455,3.9516469416488262,5.1357872113972425,1.2996574054397514,0.7725977161489352,79.05454379739821,-10.94545620260179,10.94545620260179
79,2.2038655607334228,1.9220129126943744,2.588143191274442,1.3465795022397913,1.0535758148939005,44.33413363453703,-45.66586636546297,45.66586636546297
80,7.021309536641756,6.107374688007448,8.35049999064969,1.3672814289660142,0.9174491319833938,-34.96860527616921,55.0313947238308,55.03139472383079
81,1.9212854528773184,1.7092562088005292,2.221127771565801,1.2994703544909036,1.0834354986837684,-87.90358890904866,2.096411090951335,2.096411090951335
82,2.2148574771042746,2.0706585894679086,2.5068528181348557,1.2106548278338023,0.9179993730167134,-70.68859740906858,19.311402590931436,19.311402590931422
83,5.389341331788638,4.49567743784703,6.643807249361915,1.4778211607066762,0.9183281161897396,43.60690380558263,-46.39309619441737,46.39309619441737
84,2.6991730427448086,1.9873678908992412,4.518771124690185,2.2737466703487588,0.5500981705279466,-46.34357112638797,43.656428873612015,43.65642887361203
85,17.31542823860103,11.12369234826672,33.4231191178784,3.0046784890707943,0.3723342938219144,6.089286689450112,-83.9107133105499,83.9107133105499
86,1.2466946262544771,1.2063558523107083,3.538699213231228,2.9333792400086955,0.2796701344121766,-53.64755888713014,36.352441112869855,36.35244111286986
87,17.006932235203582,10.739843674250327,31.31436656943637,2.915719028994358,0.4373760221475562,65.62580665250964,-24.374193347490362,24.374193347490362
88,4.4242292369904375,3.16340073988133,11.848381925465397,3.7454571518845463,0.2015409127511511,-54.66697920805227,35.33302079194772,35.33302079194773
89,14.168301857544195,12.236738949517,20.002797049630477,1.6346509582457025,0.556655468024245,-8.133910200501177,81.86608979949882,81.86608979949882
90,7.722968825016871,5.832121923758658,11.04859206698991,1.89443777263651,0.6531280485064503,42.12771005377952,-47.87228994622048,47.87228994622048
91,7.634414248483123,5.111400275792242,11.957520032339229,2.33938243674056,0.6174014305332624,59.50495111954542,-30.495048880454583,30.495048880454583
92,24.208437467645048,21.951834650596105,29.802204945302208,1.35761795857427,0.4207928300672063,13.79729829451001,-76.20270170548999,76.20270170548999
93,2.2148574771042746,1.5922310865746458,7.042531223161349,4.423058488521217,0.22203360683648,-9.17697878189587,80.82302121810413,80.82302121810413
94,1.2466946262544771,0.9995399105887836,1.6445527998011158,1.6453097894133957,1.0709933243348426,60.82014908002746,-29.179850919972537,29.179850919972537
95,5.054497317783323,4.551679235957661,5.761303360610512,1.2657533762697908,0.8849666039620051,-57.55605852397224,32.44394147602776,32.44394147602776
96,8.148344004261613,6.046233504550169,11.16445419184457,1.8465138971961008,0.8265186944702263,65.63518617878891,-24.364813821211087,24.364813821211087
97,2.247510699902965,1.7092771274786804,7.225499194807478,4.227225110924911,0.2398838579761453,1.4488256333566143,-88.55117436664338,88.55117436664338
98,2.102353753036351,1.3568332091643762,3.434605492471792,2.531339496464005,0.7181553377380752,37.08358741552848,-52.91641258447152,52.91641258447152
99,5.9585938882878935,4.1319921010713045,8.911395821717813,2.1566826856729344,0.6864171973902855,74.09063319409115,-15.909366805908846,15.909366805908846
100,7.798072395825222,5.2674086185195765,14.97274654306436,2.842526112445877,0.2960614756090953,21.038964855949427,-68.96103514405057,68.96103514405057
101,1.340559085464394,1.0036308455128031,1.9609423706337008,1.9538482494843623,0.9061466353260188,33.808463728071395,-56.191536271928605,56.191536271928605
102,8.954856587102935,6.2322714404591375,16.71525668528956,2.68204888779012,0.2204736274503363,-32.09704393571825,57.90295606428175,57.90295606428175
103,12.94290297435426,11.039451453305563,15.782678375659282,1.429661468453982,0.7920584076555771,-29.735969831296742,60.26403016870326,60.26403016870326
104,1.895836839826219,1.7147002459873375,3.069755298321643,1.790257688190891,0.4987655208697971,-39.36280636319137,50.63719363680863,50.63719363680863
105,1.7768132193231367,1.400959156044453,2.31031937041284,1.6490983055751074,1.0553043982308523,-9.82245768136446,80.17754231863555,80.17754231863555
106,1.2071068813224677,1.2629975414521493,2.768492113373921,2.192001189638745,0.3802977215526884,13.202359806064038,-76.79764019393596,76.79764019393596
107,2.2257951114113315,1.7126515931995232,3.2869554139020964,1.919220130325227,0.7054743885117661,-6.564238632339368,83.43576136766063,83.43576136766063
108,1.3038244488524504,1.238755506766111,1.4195328722088358,1.1459346614043813,1.2657254001556713,-39.379984404156986,50.62001559584303,50.620015595843014
109,1.857010129468512,1.8527560380964212,2.023477166820101,1.0921444190240417,0.9743200991197928,-50.01552800089966,39.98447199910035,39.98447199910034
110,5.772276898342434,4.021889487109702,8.562610674297542,2.1290019782346112,0.7791002198174047,-54.30639149183468,35.69360850816531,35.69360850816532
111,11.06990066030053,7.636933542253334,19.311015428922254,2.5286347356670063,0.4129772814270324,-7.729449229693033,82.27055077030697,82.27055077030697
112,2.434249075164649,1.898788111608522,3.21305458625334,1.6921606821792574,0.9030942957627373,56.28633973242603,-33.71366026757397,33.71366026757397
113,3.170810378792584,2.946879083679865,6.756625294840977,2.2928071030331374,0.2335096758781511,41.08260483508809,-48.91739516491191,48.91739516491191
114,1.526882849696625,1.2815093809109506,1.9476004444156887,1.5197707277267472,0.9720836673836172,63.86260283372564,-26.13739716627436,26.13739716627436
115,1.1019327803667114,0.994441839082336,1.3861473367211763,1.3938948284801689,1.116812240412283,78.27464223559693,-11.725357764403071,11.725357764403071
116,1.2466946262544771,0.8662312952353288,2.321619082831293,2.6801376209809877,0.7123066021811363,68.66361157602752,-21.33638842397248,21.33638842397248
117,1.9956851445118324,1.655370632445293,2.6391247354229344,1.5942802679327783,0.8439723092491066,-61.870982622128935,28.129017377871065,28.129017377871065
118,7.329302757578137,7.616762231866112,9.416106753930368,1.2362348288274474,0.4255095383647599,17.174340522552303,-72.8256594774477,72.8256594774477
119,3.34958565745192,2.6616221398212776,4.573197064232202,1.7181992123567482,0.7948813035969715,-84.63610700115724,5.3638929988427435,5.363892998842758
120,2.734925236834042,2.677532615830584,5.712882396933025,2.1336369025558484,0.3479904739039546,23.23215880947332,-66.76784119052668,66.76784119052668
121,1.2466946262544771,0.9678829992626736,2.16914257070104,2.2411206440793743,0.7393128594899893,-87.05858598245108,2.9414140175489365,2.9414140175489223
122,11.200755093956577,7.840025401800209,17.296382592378134,2.2061641009997977,0.6225388697168733,-0.1523548531501871,89.84764514684981,89.84764514684981
123,3.085411785026792,2.088454332516916,5.479205460030878,2.623569677689612,0.5727819674112267,-56.99746622439345,33.00253377560654,33.00253377560655
124,4.731900032663132,3.689385963290522,6.295192435576757,1.7062981477714914,0.7714601773128915,45.46627833438167,-44.53372166561833,44.53372166561833
125,1.4451712930335778,1.3865309193840178,1.6394323459394449,1.1823986923189431,1.053089332946454,-0.4695954728677896,89.5304045271322,89.5304045271322
126,9.224697834588705,7.229207506916717,12.90324178278745,1.7848763879639593,0.6885817401839287,-30.08254782559598,59.91745217440402,59.91745217440402
127,6.814186950587886,5.78445431682806,8.21622976461197,1.4203984186908385,0.8484616710717847,-28.53598725570344,61.464012744296554,61.46401274429656
128,18.7419298098084,9.9327532439978,36.23204035699235,3.647733862601165,0.496365945245638,5.755585257219626,-84.24441474278038,84.24441474278038
129,2.6629408889963733,1.832885070644664,3.958205878029477,2.159549412793947,0.873385846876163,-3.442477204669841,86.55752279533016,86.55752279533016
130,6.326284288319931,4.130912444298351,10.65204296413633,2.57861746230877,0.602014717694415,15.886005225154983,-74.11399477484501,74.11399477484501
131,3.8614844125084353,3.1365439250535454,4.832789738446545,1.540800911424839,0.9742274930788998,-88.1727369577241,1.827263042275888,1.8272630422759022
132,1.2850634067342854,1.2163500213398255,1.5556412204122043,1.2789420751591265,0.896974870948539,-28.56088082827841,61.439119171721586,61.439119171721586
133,1.2270604129519955,1.1072665950164369,1.4612078644955118,1.3196531630883537,1.2185308502280126,22.04710666994469,-67.9528933300553,67.9528933300553
134,4.210479241811078,3.924937799780616,4.684267258663963,1.1934628005890413,0.9345437915208132,28.48887085062977,-61.511129149370234,61.511129149370234
135,1.186817925731738,1.0648641695783927,1.4069937445206766,1.3212894045235288,1.243515142327435,82.54062593592617,-7.4593740640738275,7.4593740640738275
136,1.6492219709549814,1.4597437411542376,2.048706663297956,1.4034700787125949,1.0174648643735125,-38.88515314951978,51.114846850480205,51.11484685048022
137,1.6344304437273447,1.3692559869203476,2.0499895880135384,1.49715583323777,1.0583292101643718,83.76738043219902,-6.232619567800981,6.232619567800981
138,2.424252116806765,1.6682917658483687,3.908364334199636,2.342734295168168,0.6294310891824123,-0.5048035531499143,89.49519644685009,89.49519644685009
139,1.3223193364400538,0.9216611579049035,2.03348923538485,2.2063306215565444,0.9093015044519294,-60.53258244274935,29.467417557250656,29.46741755725065
140,17.402166807619384,17.068942844050312,22.981185597771788,1.346374277993572,0.3906300499560604,61.828522079741575,-28.171477920258425,28.171477920258425
141,1.7353254778478429,1.4662664773067002,2.160821194026556,1.4736892832711026,1.0204890471314367,19.298885280662144,-70.70111471933785,70.70111471933785
142,1.5892300566907107,1.5925207564401522,1.7195175894704773,1.0797457945315627,1.0057906940797874,-57.23724540604284,32.76275459395717,32.76275459395716
143,1.5892300566907107,1.2966612435769225,2.497290788671391,1.9259392544057656,0.6679366238133153,-68.9832853443098,21.01671465569018,21.016714655690194
144,6.3032096182862585,3.606482996962326,18.84381369069887,5.224983372047134,0.2447713395263295,17.006391762496737,-72.99360823750327,72.99360823750327
145,1.3585539723246187,1.1146045628225392,1.8417965270709231,1.6524214851650156,0.9138586045976388,89.14374852731807,-0.856251472681933,0.856251472681933
146,6.310910549219671,4.484297634773165,9.540984122859763,2.1276429220208053,0.682435029332805,-42.893424295946666,47.10657570405334,47.106575704053334
147,1.3223193364400538,1.0973232637260044,2.0460641623393987,1.8645956300898128,0.7398341613122991,56.48880545725444,-33.51119454274556,33.51119454274556
148,6.870972823634812,5.5693305894042044,8.63828753356097,1.5510459282118276,0.8350403719411963,13.103946818076102,-76.8960531819239,76.8960531819239
149,2.0198761507134417,1.372969172144371,3.194749046551118,2.326890589656432,0.7376704546723802,-15.940316511808438,74.05968348819157,74.05968348819157
150,1.526882849696625,1.3199480794095466,2.2577502702961216,1.71048415124486,0.6389922465545349,-74.47661488830052,15.523385111699497,15.523385111699483
151,2.4541208259039915,2.3960375675580905,2.580484526363523,1.07697999451378,1.041498427008377,51.69119852535111,-38.30880147464889,38.30880147464889
152,2.92375806133559,2.601646657950358,4.112526671624849,1.5807398975788665,0.5719594270502791,48.30326957324623,-41.69673042675377,41.69673042675377
153,1.2071068813224677,0.9496920566718192,1.6389856669878702,1.7258074925167528,1.098536990879743,-67.50769897583093,22.49230102416908,22.492301024169066
154,7.5060956264577,6.712594998473757,8.678785168274093,1.2929105912463643,0.7994084294479605,-89.12513303875483,0.8748669612451749,0.8748669612451749
155,1.9834790046600808,1.8906154725714632,2.132628644838394,1.1280076122183451,1.0719401520872305,79.94109948784387,-10.058900512156129,10.058900512156129
156,3.5808576908105785,2.9452737079238256,6.043362517582601,2.051884855836598,0.4840725818525248,-32.86163853992108,57.138361460078926,57.13836146007892
157,2.055628946700877,1.441135749608334,3.254909248916042,2.258572275235451,0.7466257814389793,-32.66251424894035,57.33748575105966,57.33748575105965
158,10.96852177188978,7.291954626072483,17.53919005208849,2.405279647431825,0.6591624134146998,85.50765866886273,-4.492341331137268,4.492341331137268
159,4.818357801033576,3.5245310780286574,7.592683023262397,2.154239203789101,0.5658617794882501,-79.22045192504818,10.779548074951833,10.779548074951819
160,1.3585539723246187,1.0713303643485683,1.9053925096311075,1.7785293622193723,0.9882323205708032,89.27810112124888,-0.7218988787511194,0.7218988787511194
161,1.542705892513396,1.5152013562689408,1.6724218639259694,1.1037621217843754,1.107623132495667,-27.937330293541137,62.06266970645886,62.06266970645886
162,1.749264059016166,1.0146570959676129,3.5060855095257826,3.4554388112589467,0.5726134702975539,85.93572324270447,-4.064276757295531,4.064276757295531
163,1.5738748168108194,1.499065849381459,1.855711988442851,1.2379122566287202,0.9059719123406924,-7.734987202584755,82.26501279741524,82.26501279741524
164,1.376313601551939,1.187063110055175,2.0393343348746997,1.717966229091148,0.6290607062170105,88.41889724903879,-1.5811027509612074,1.5811027509612074
165,3.463646607576112,2.6571867411489403,7.315309910400296,2.753028154595273,0.3797290989851937,7.775667345665433,-82.22433265433457,82.22433265433457
166,1.870041939381716,1.7820231509528817,2.107161707749661,1.1824547322086818,0.9194773003209458,-44.19968973025525,45.800310269744756,45.80031026974475
167,1.7071069228001237,1.453136662430602,2.1168062933822807,1.4567152203300588,1.0456238741956343,-43.69574013483029,46.30425986516971,46.30425986516971
168,1.4783979621211876,1.2522253600992503,2.3204880557528385,1.8530914080584653,0.6415078610627577,-85.10295361608904,4.897046383910947,4.897046383910961
169,2.830916569973106,2.641018607316771,3.145719734961272,1.1911009359215643,0.935689168708844,84.50926256807755,-5.4907374319224544,5.4907374319224544
170,1.4111624987975715,1.2534606673793731,1.706975251247938,1.361809983887834,1.0287559692346933,87.92186475037721,-2.0781352496227896,2.0781352496227896
171,10.367542045180375,7.778156220225993,14.107723839063866,1.8137619558705609,0.8296959288819938,-64.83416946283043,25.16583053716957,25.16583053716957
172,3.037819033220216,2.2773684776628915,6.171765673176733,2.7100426363635264,0.4068427248557857,-40.503371677483216,49.496628322516784,49.496628322516784
173,5.243162452126917,3.7261260476948346,7.535022574642531,2.022213547849265,0.7968117311491,-24.41944334937164,65.58055665062835,65.58055665062835
174,2.102353753036351,1.9882515353238528,2.439448956262867,1.226931760354719,0.9135568938088994,-55.59570091609872,34.404299083901265,34.40429908390128
175,2.125330979189304,1.6306284130033115,3.4130052398124837,2.0930613085088883,0.6007823422868537,-44.516920510729314,45.48307948927069,45.483079489270686
176,1.4947343471339476,1.0061085726564352,2.4492660779000195,2.4343953967445144,0.8186894768679895,-2.891571806619736,87.10842819338026,87.10842819338026
177,2.8987325676804407,2.375226731709569,3.753183669959367,1.5801370117024636,0.7343422491629348,-2.7589764671322694,87.24102353286773,87.24102353286773
178,11.196417918539773,7.38746304651126,17.381882923610863,2.352889322650417,0.6748539386877764,-68.52916521890566,21.47083478109434,21.47083478109434
179,2.2582901895629326,1.6597062441371475,3.1397903277366983,1.8917747275024688,0.9459419001799844,-77.81663991947258,12.183360080527422,12.183360080527422
180,9.19569342488042,6.257049261043608,14.298632916059212,2.285203826839355,0.655681903699265,-52.932830058456624,37.06716994154337,37.067169941543376
181,2.2148574771042746,1.69059223574699,3.840871588673112,2.2719089248484683,0.4696147454960411,-82.99138517729239,7.008614822707614,7.008614822707614
182,4.680296526731898,2.669186237676358,8.51609430053966,3.1905208337778963,0.6352380460009722,-52.34791257042551,37.65208742957449,37.65208742957449
183,14.176869495660164,9.9710956667205,21.37742727457458,2.1439396420519583,0.6924598860294968,89.49793522102752,-0.5020647789724819,0.5020647789724819
184,10.315880132515586,5.868642521536718,18.496868185494023,3.1518137486845217,0.6010169299266549,33.35747056552964,-56.64252943447036,56.64252943447036
185,1.95883855734249,1.736205673143674,2.69298120908918,1.5510726930255403,0.6604241561527965,80.07622740247612,-9.923772597523879,9.923772597523879
186,1.542705892513396,1.2400044560232986,2.389535411548227,1.927037761792793,0.6561858820430174,37.76343546092289,-52.23656453907711,52.23656453907711
187,1.870041939381716,1.3539015097217475,2.745076843844344,2.0275306764437464,0.8422809139902152,-80.1616687630114,9.838331236988608,9.838331236988594
188,3.4495952449494376,3.315035315528804,3.944083814136828,1.1897561982707507,0.7381641815730688,-87.75653478009454,2.2434652199054597,2.2434652199054597
189,1.4451712930335778,1.225518401024846,1.7868453189860305,1.458032223336485,1.0686002705823,44.60850694112114,-45.39149305887886,45.39149305887886
190,1.3585539723246187,1.2314476374486425,1.6795682942885457,1.3638974514323123,0.8711226990207979,19.521264139467515,-70.47873586053248,70.47873586053248
191,1.186817925731738,1.1300041307470796,1.681241793927813,1.4878191576311262,0.7587265445257958,-24.265679693444568,65.73432030655543,65.73432030655543
192,10.861726318763628,8.221976775120082,19.79397133958324,2.407446758969244,0.3862342658385405,20.877840108203348,-69.12215989179666,69.12215989179666
193,11.949748459600864,10.83263766100426,25.888706832295934,2.3898802528483976,0.2061448209157835,85.73171765634588,-4.268282343654121,4.268282343654121
194,9.709522356118384,5.361978178930108,17.986426750869143,3.354438632657403,0.5742604635632604,-5.179068951212555,84.82093104878744,84.82093104878744
195,8.682223408775648,7.032245156748935,10.821488998353097,1.5388384160594253,0.9113976963609036,-42.02632672867431,47.97367327132568,47.97367327132569
196,1.4451712930335778,1.3803084673199857,1.6364250335342565,1.18555023915165,0.9857441067866924,0.6609878297684827,-89.33901217023151,89.33901217023151
197,3.327764020226496,3.036577981961964,3.707380435787029,1.220907369351224,0.975209812320787,44.97613296007205,-45.02386703992795,45.02386703992795
198,13.84757322487896,7.915287800189755,25.569579825894277,3.230404310160559,0.533609719640506,-39.15661389698645,50.84338610301356,50.84338610301355
199,2.743790495859625,1.9893081425522308,4.112677339105748,2.067390793378692,0.7429929206877137,52.38615663006947,-37.61384336993053,37.61384336993053
200,1.2071068813224677,1.0015831332946674,1.771363174072655,1.768563302624543,0.7639722496992962,31.01729592133062,-58.98270407866938,58.98270407866938
201,1.6784140066373283,1.518171831253134,2.021297007559146,1.3314019967625936,0.923444292504236,-0.8173715615974615,89.18262843840253,89.18262843840253
202,7.567318283340995,5.840499590451107,10.005673311389344,1.7131536705777812,0.793433902424799,-76.85585571645363,13.144144283546382,13.144144283546368
203,1.7904288454052892,1.4475955161491203,2.286509458075912,1.5795223407146648,0.9786773808393016,-74.0684817810681,15.931518218931899,15.931518218931899
204,15.53842442786604,18.387764664058288,21.64584112143195,1.177187195773833,0.3456143242295217,2.89507685985434,-87.10492314014566,87.10492314014566
205,3.421319397189672,2.743321968661621,4.714637662632509,1.7185870694326957,0.7466172963432308,-11.2303311163556,78.7696688836444,78.7696688836444
206,1.4947343471339476,1.0369556412545733,2.9285347380249296,2.8241658770300013,0.5943202050159395,-23.251012920691878,66.74898707930812,66.74898707930812
207,7.359063188961167,4.8707198569332855,11.67168904572951,2.396296520547225,0.6016072414704724,9.37572649908886,-80.62427350091114,80.62427350091114
208,1.6195038256468852,1.5350355302390388,1.7637673855163054,1.1490075315987298,1.1354093827194698,-63.24739873991702,26.752601260082997,26.752601260082983
209,23.25260944447895,16.66487256724994,45.051128222382125,2.7033586989988323,0.2259730082139391,-44.96218162751391,45.0378183724861,45.03781837248609
210,11.862038955488424,9.997810190979418,15.214067176754872,1.5217399496623625,0.6526763357687257,88.54325380833109,-1.4567461916689126,1.4567461916689126
211,1.3223193364400538,0.5467148283307186,4.542248025787659,8.308258328489973,0.2564077012623486,73.57162807907551,-16.42837192092449,16.42837192092449
212,2.1480624384075764,2.724888265237192,4.3645356869872085,1.601730148963481,0.2120736591519883,76.88041585714397,-13.119584142856027,13.119584142856027
213,9.108126033337443,7.66502440098696,11.935043987696409,1.55707840749465,0.6978982017974297,3.2795853983577574,-86.72041460164225,86.72041460164225
214,4.585947161097372,3.6139575506929407,6.011909626659489,1.6635252468604025,0.8387477586635526,72.11311459371693,-17.88688540628307,17.88688540628307
215,8.71850998526492,4.919504754248204,16.08597868880516,3.26983700440867,0.5114775798811443,-5.454233166215805,84.5457668337842,84.5457668337842
216,1.7904288454052892,1.3385800252717956,2.551309650034152,1.905982161594048,0.954136378730432,-89.86725758700894,0.13274241299106393,0.13274241299106393
217,10.897441092719353,6.1678092472858745,21.214222903986556,3.4395069713483446,0.4271823328467267,-0.2625739805575804,89.73742601944242,89.73742601944242
218,1.7768132193231367,1.4163547047143268,2.6095223544822472,1.8424214963924437,0.6620873400544758,-7.195319469132132,82.80468053086787,82.80468053086787
219,6.406391169191812,5.796287821281833,7.2895231811819965,1.2576192566589868,0.8863136274343134,-80.07137066062855,9.928629339371469,9.928629339371454
220,5.384833308137538,3.645009255880504,8.43808270615709,2.314968800845679,0.6933067779574142,-9.012575760892188,80.98742423910781,80.98742423910781
221,3.305798341100134,2.3965574546709214,4.6413438251675645,1.9366712098312209,0.81797708908605,-12.232869438232273,77.76713056176773,77.76713056176773
222,1.3223193364400538,1.313271399119251,1.6670380190899663,1.2693781500213663,0.8058154623102687,-21.241860184524043,68.75813981547596,68.75813981547596
223,1.376313601551939,1.257431102146051,1.5616402475916191,1.2419290766121311,1.2194828310003831,-70.82501571927976,19.174984280720253,19.17498428072024
224,1.4451712930335778,1.244365000718198,2.0006354010596783,1.607756084352253,0.7911640520137495,-77.48270715267816,12.51729284732184,12.51729284732184
225,4.9525718792788425,3.229039880502539,8.740639764686996,2.7068850457575278,0.4880485125563123,-82.10865089786618,7.891349102133802,7.891349102133816
226,1.4451712930335778,1.1775172439859816,1.8811095729482856,1.597521889854108,0.9705956850298392,-64.2365709720481,25.7634290279519,25.7634290279519
227,2.279696262327928,1.716892661221492,3.128688652554568,1.8222971786300528,0.90375211264831,-82.1551774109469,7.844822589053081,7.844822589053095
228,1.7071069228001237,1.1855730673332163,2.9174957895660514,2.460831702366989,0.6382293598985331,-28.535057882538403,61.46494211746159,61.4649421174616
229,14.36406469101783,9.27507982574855,25.391463124798392,2.737600495287291,0.5306189825697526,29.716980501845388,-60.283019498154616,60.283019498154616
230,11.818967521127623,8.135022592686152,17.807577241374737,2.189001571720865,0.7032024575319421,64.96030600801657,-25.039693991983427,25.039693991983427
231,1.4783979621211876,0.966469404131378,2.465553020327832,2.551092677935073,0.811976756450719,79.14168021542024,-10.858319784579763,10.858319784579763
232,1.7904288454052892,1.2043399939453576,2.838822887008234,2.357160686583522,0.8030010381126221,51.37752535849033,-38.62247464150967,38.62247464150967
233,2.170555852193912,1.8612079204687664,2.6240960383258347,1.4098887123072883,0.9788201356827954,-20.584583796222137,69.41541620377787,69.41541620377787
234,1.663882010113248,1.4886577715532394,2.060157875832961,1.3839029461307475,0.9988401913696734,-72.18920970615409,17.810790293845912,17.810790293845912
235,1.6344304437273447,1.1761467101017329,2.4789355851678003,2.10767548289395,0.8104894391317626,-84.71642034302664,5.283579656973359,5.283579656973359
236,5.054497317783323,4.445962484225337,7.980058098331849,1.794900007961334,0.3096544609898675,12.658417691831415,-77.34158230816858,77.34158230816858
237,5.789081233453995,3.882937506355636,9.159993778839942,2.3590371371794574,0.6547254884444104,5.905973500006324,-84.09402649999367,84.09402649999367
238,3.2012996414972226,2.217293651783001,4.952832331050786,2.233728638995581,0.7276730629088289,-1.498755379759857,88.50124462024014,88.50124462024014
239,7.782485587525489,7.220758969251184,10.046703639392003,1.3913639386350931,0.4209643076413266,2.0660615546505667,-87.93393844534944,87.93393844534944
240,1.542705892513396,1.2816541956958205,2.294830935925738,1.7905227038872649,0.7408267562749273,45.542661035138345,-44.457338964861655,44.457338964861655
241,8.118485552786767,3.9812884968719873,18.145271928733496,4.5576380468257565,0.4316630209293157,80.87208939393854,-9.127910606061462,9.127910606061462
242,1.3938469657443524,1.1219842026198872,1.8301803351302457,1.6311997360182848,1.0465193717597183,66.48705779385006,-23.512942206149944,23.512942206149944
243,3.6745782178649335,2.9640388399118778,4.600546853498376,1.552120974782892,0.9600388239129236,43.50112745079543,-46.49887254920457,46.49887254920457
244,1.526882849696625,1.4441300154079797,1.7655160163890269,1.2225464449544403,1.0258863579337478,52.06808374579344,-37.93191625420656,37.93191625420656
245,1.7904288454052892,1.1605432566545668,3.3468427752736405,2.8838587067589336,0.6414142261775212,-54.91968938440616,35.080310615593845,35.08031061559384
246,1.3938469657443524,1.2910336002360212,1.6073085515374674,1.2449780944846256,1.057686273407893,89.95231316970961,-0.047686830290388116,0.047686830290388116
247,6.071639620422324,3.377374128534485,12.258501388187025,3.629595336986326,0.5040060328746044,-82.97973838266581,7.020261617334199,7.020261617334185
248,1.749264059016166,1.5125494698885684,2.0655543728867043,1.3656111181863535,1.087109726453114,30.20930135884713,-59.79069864115287,59.79069864115287
249,1.3223193364400538,1.0632139975442887,1.8122538225638656,1.7045052329537032,1.028469107325756,-20.149813133190356,69.85018686680965,69.85018686680965
250,1.3585539723246187,1.104541657110895,1.906394423455977,1.72595973287459,0.8440868784996641,-58.470936803970446,31.52906319602954,31.529063196029554
251,3.498528118032332,2.7189272068075643,4.56113987820402,1.6775513028756273,0.943275233941295,-17.920479734726204,72.0795202652738,72.0795202652738
252,10.16648701175898,8.253845453625901,16.744419320913558,2.028680984517073,0.3511446594136361,-23.628182066724484,66.37181793327551,66.37181793327551
253,2.2690184693770243,2.057221257936809,2.769859654540097,1.3464082406566198,0.6821926541501264,46.90866239224535,-43.09133760775465,43.09133760775465
254,2.236679259992467,1.5623938769995338,3.5450048418005253,2.2689572034220045,0.7171273538522528,-12.613954985103351,77.38604501489665,77.38604501489665
255,2.717107944649237,1.8493333611976484,4.168928399495482,2.254287132307849,0.7814732138595094,78.57883914940001,-11.421160850599989,11.421160850599989
256,3.6347081966259984,3.366595112317892,4.138173078763471,1.229186445267055,0.8045938491561433,-22.180854767758127,67.81914523224188,67.81914523224188
257,16.93108152616423,11.442366176894584,29.27842632675275,2.558773760087689,0.336733055577544,50.19155296451213,-39.80844703548787,39.80844703548787
258,3.539932258850451,2.1400458421900628,6.279898825844647,2.934469300628614,0.6452576114449453,73.51263376036309,-16.487366239636913,16.487366239636913
259,3.594395953429868,3.308583611941,7.326458854087712,2.2143792369779653,0.2578936740699185,-48.95330416599055,41.046695834009455,41.04669583400945
260,2.279696262327928,1.8584469326758195,2.90573021205647,1.563526060909771,0.8910937346889182,33.48116913227112,-56.51883086772888,56.51883086772888
261,2.5224394277803315,2.3474442229316144,3.0742714596033225,1.3096249229572778,0.7083712861464883,-46.38590766636885,43.61409233363116,43.61409233363115
262,4.284804369979367,3.7133493513979934,5.148675298820945,1.3865313525867378,0.8395722983533698,29.167442944831787,-60.83255705516821,60.83255705516821
263,11.402741629976267,8.373416600283583,21.253946002996287,2.5382644883901366,0.3895043046630606,-69.69161242380065,20.30838757619935,20.30838757619935
264,1.5892300566907107,1.164413348296739,2.3609690637943137,2.027603915094114,0.8333051902741891,-22.4859085649552,67.5140914350448,67.5140914350448
265,5.751202432591676,2.9919199302722697,11.449200275848645,3.826706777813652,0.5644090209820462,-68.4305100468951,21.569489953104892,21.569489953104906
266,6.515395966596123,5.60683086901521,7.812525452047048,1.393394171245841,0.8801735128455132,-43.7986019784549,46.20139802154512,46.2013980215451
267,9.7394900889696,7.103399970133246,13.673759604837452,1.92495983083168,0.7821297879857975,-63.36988529944664,26.63011470055335,26.630114700553356
268,4.313049925456882,3.363156413310369,7.381468970683601,2.194803947110503,0.4755018818648301,87.80967448812207,-2.19032551187793,2.19032551187793
269,6.190469667417667,5.649367105510763,8.537865456768406,1.5112959199341132,0.4275134645703782,68.39652110044607,-21.603478899553934,21.603478899553934
270,1.3938469657443524,1.272531655530034,1.664822528547535,1.308275924856348,1.0665720977736557,79.93066105463929,-10.069338945360713,10.069338945360713
271,2.4836303530173915,2.319112820228945,2.752765813815479,1.1869909000562222,0.9607944325838276,-17.7854552683721,72.2145447316279,72.2145447316279
272,24.41521007657193,15.139288384739087,46.05153561537866,3.041856026852633,0.2894465802293524,17.300393941325623,-72.69960605867438,72.69960605867438
273,14.226460047595038,9.736783328268428,22.082728409395187,2.2679695814205143,0.5975814728844415,-48.2727107938053,41.72728920619471,41.7272892061947
274,2.690160753669267,2.5224018430038275,3.441009500890398,1.3641797441729733,0.7078030324965454,-0.4324836168027621,89.56751638319724,89.56751638319724
275,5.492004677235473,4.655715257225127,7.44311538292715,1.598705026338607,0.4978196026900811,-77.62428151461725,12.375718485382748,12.375718485382748
276,1.749264059016166,1.598175257898223,2.5269719144817984,1.5811607031165316,0.6549241355339002,41.68108657840559,-48.31891342159441,48.31891342159441
277,1.4282681233264556,1.160315149473068,1.859739306811227,1.6027880939551526,0.9856720578043334,-73.30333887937678,16.69666112062322,16.69666112062322
278,12.280495791045308,8.50534126419637,18.911317273847928,2.2234636667027106,0.436800947485651,-37.902002901761016,52.09799709823898,52.097997098238984
279,6.470513255713382,5.318946760348444,8.617143339669653,1.620084525738916,0.5637387301253323,-3.8148382156047775,86.18516178439522,86.18516178439522
280,2.031863651507851,1.8094938224314068,4.098019967045518,2.2647327756770297,0.4244167622924647,59.01815305455695,-30.981846945443053,30.981846945443053
281,1.749264059016166,1.216186121778679,2.886246769896478,2.373194956110276,0.7336790315124737,87.96122311712872,-2.038776882871275,2.038776882871275
282,4.767690170072132,3.674054729175643,6.440696043071267,1.7530212579376527,0.7864744532666184,41.585873531154434,-48.414126468845566,48.414126468845566
283,1.4111624987975715,1.082249671201028,2.4662878519525644,2.2788529463959994,0.6712393555321453,-12.704719931701224,77.29528006829878,77.29528006829878
284,1.4451712930335778,1.0999507803617337,2.151190316313603,1.9557150690016831,0.7171752032925306,-57.37906724808163,32.62093275191836,32.62093275191837
285,2.890342586067156,2.214564386171748,3.986858481256821,1.8002901636780977,0.7829637263187127,-52.73410463341044,37.265895366589575,37.26589536658956
286,11.152953399196155,5.789712612039548,30.835933592149672,5.325986911341195,0.2893025354290855,80.66524000977324,-9.334759990226758,9.334759990226758
287,1.4111624987975715,1.3904155573365302,1.7621065286174928,1.2673236568159314,0.6989112984698037,-26.479832123267546,63.52016787673246,63.52016787673246
288,2.383845085036066,1.7974932624804107,3.3499731980468552,1.863691657694524,0.8702593212798063,6.823589763340084,-83.17641023665992,83.17641023665992
289,1.4451712930335778,0.8747770090735164,3.0433341865754184,3.4789828207746782,0.4947524524686622,-36.13801008985819,53.8619899101418,53.86198991014181
290,1.2660243778180809,0.6390265369952568,2.654990659433056,4.154742417923659,0.6560828837750818,1.3061118891078156,-88.69388811089219,88.69388811089219
291,3.155455274609836,2.000348521006665,5.493419397747758,2.7462311392532848,0.6598631562879015,59.9973011969496,-30.0026988030504,30.0026988030504
292,16.69128104087201,16.3934072740104,21.888668691991985,1.3352116693088936,0.318502271935757,74.99334547794746,-15.006654522052543,15.006654522052543
293,1.4111624987975715,1.3097370625017264,1.789502256515621,1.366306495975227,0.8488248272061794,-63.98902999361722,26.010970006382763,26.010970006382777
294,6.237367835264538,5.858045044203995,6.929716949691586,1.1829401954749243,0.7967132318621267,33.65256126981958,-56.34743873018042,56.34743873018042
295,1.4947343471339476,1.415195912786568,1.660091905603548,1.1730474138628422,1.1550396691851994,17.264998235981317,-72.73500176401868,72.73500176401868
296,1.2660243778180809,0.7654780566780481,3.0918257718255275,4.03907825293275,0.4555889516075053,61.68821287223968,-28.31178712776032,28.31178712776032
297,10.111396677809308,9.726458867260751,10.653194659140771,1.0952798757006428,0.9367444135451652,-24.159397187248807,65.8406028127512,65.8406028127512
298,19.44778683861229,15.014350844648636,26.69085401457304,1.777689511237584,0.6557010656239385,-21.98679973342172,68.01320026657828,68.01320026657828
299,4.051757535327051,2.966452901232579,8.275355687226755,2.789646747395954,0.2775479438234886,50.88257075701722,-39.11742924298278,39.11742924298278
300,1.9086035621207809,1.8288341358428573,2.104562419573595,1.1507672447308417,1.1102256850640686,71.55473298447914,-18.445267015520855,18.445267015520855
301,6.688287195099867,7.142655306365128,8.41499826480381,1.17813304770634,0.3246530667984253,-60.64176851463408,29.358231485365934,29.35823148536592
302,1.933884181003576,1.5810256272727337,4.783825689463072,3.0257736541027245,0.3476617164657798,84.1028494209288,-5.897150579071194,5.897150579071194
303,1.2270604129519955,0.9343433448820826,1.7452239812599104,1.86786152094888,0.9693325066926124,50.51044703768562,-39.48955296231438,39.48955296231438
304,13.840556465763692,10.744212616540976,18.272970784774976,1.7007268412245766,0.8154222476866718,-32.84120789629971,57.15879210370029,57.15879210370029
305,2.813707191225227,2.4703796787513634,3.5235361333232995,1.4263136001443495,0.841393549346939,30.790055546955173,-59.20994445304483,59.20994445304483
306,20.07696124362973,15.588827305867254,27.549387488032533,1.7672520804476175,0.6142158735615396,-77.7883677343048,12.211632265695187,12.2116322656952
307,1.6044383463340146,1.479275905934748,1.8882444044447988,1.2764653279819531,0.983870445340493,-34.283944514657534,55.716055485342466,55.716055485342466
308,22.89475849150185,18.669028760746468,30.30779777933692,1.6234265942673003,0.421521226126451,6.796714863148808,-83.20328513685119,83.20328513685119
309,5.734287094683779,5.271533202925893,6.463546457818961,1.2261226874624365,0.7328317581253111,26.29917665707734,-63.70082334292266,63.70082334292266
310,3.140025082999704,2.1971661800412425,6.151496471824284,2.7997411063867803,0.5080610060338945,10.25766365181427,-79.74233634818573,79.74233634818573
311,19.415292602316278,16.09622406204271,24.118228645865404,1.4983780390296486,0.6897941662648502,-14.64703056739819,75.35296943260181,75.35296943260181
312,5.257039395105114,5.592034875801812,12.177486850649045,2.1776485878770524,0.131317138070951,-43.17426761718585,46.82573238281415,46.82573238281415
313,4.4132373461264525,3.30161912009205,6.953550016869152,2.106103025195494,0.5775948154503903,-70.37056955006352,19.62943044993648,19.62943044993648
314,6.478015302587541,5.195211956182911,8.147462110618429,1.5682636587949017,0.8758012692169986,52.92678607669738,-37.07321392330262,37.07321392330262
315,9.980859188202595,7.649270140417443,18.78662427573965,2.4560021977096,0.3693779835283592,80.97878957963346,-9.021210420366543,9.021210420366543
316,3.037819033220216,3.030627577557487,3.2085676122916227,1.0587139231662193,0.8942375901428619,43.10036288101119,-46.89963711898881,46.89963711898881
317,3.093272719512472,2.2976968119240664,4.250056587790422,1.8497029572110824,0.900189951643707,-68.93607614234108,21.06392385765892,21.06392385765892
318,1.95883855734249,1.6647737229080934,2.625312399690446,1.5769785188010088,0.8088766470310732,24.13930314262609,-65.86069685737391,65.86069685737391
319,6.600568156286851,5.439661289574007,8.162733187123395,1.5005958556222236,0.803224327696462,70.94180899840178,-19.058191001598217,19.058191001598217
320,2.5224394277803315,2.1607153685116005,3.081993526824584,1.4263764546403916,0.923910446884055,74.53780254821807,-15.462197451781933,15.462197451781933
321,4.742153349198346,3.906446407767567,6.568807360320656,1.6815301362535673,0.7117998900005857,-74.4341572072175,15.565842792782519,15.565842792782504
322,4.015634161685092,2.905013775363636,5.774044646237419,1.987613516743015,0.7520677223896008,-67.20248989416129,22.79751010583871,22.79751010583871
323,3.498528118032332,2.591180857322104,6.760046778954589,2.6088672119710177,0.3500357323925953,-83.46593875036707,6.534061249632941,6.534061249632927
324,2.0078170808425457,1.2139958739371204,3.960093917059935,3.262032435264315,0.5193041263026585,87.48193558182736,-2.518064418172642,2.518064418172642
325,6.159005831336359,4.503290639190541,9.067958639582448,2.013629447024188,0.6831441460762092,-83.44629916112541,6.55370083887459,6.55370083887459
326,1.4783979621211876,1.319227770172562,1.7526466764374204,1.3285398595029312,1.1383614485901583,6.023824638944525,-83.97617536105548,83.97617536105548
327,1.2466946262544771,1.1624373674880528,1.4799488765061803,1.2731428960377005,1.031026012897874,-85.33910337607671,4.660896623923293,4.660896623923293
328,11.383557641313766,7.746210211264243,17.05242012764343,2.2013887646434447,0.7028885101920505,-44.14167582373116,45.85832417626884,45.85832417626884
329,1.526882849696625,1.27746890226886,1.9550014464062175,1.530371066515999,0.9864455484163986,62.525533460093534,-27.474466539906466,27.474466539906466
330,4.706169009781524,3.602592567146526,7.762570632855742,2.1547178839055263,0.4873081768745437,-66.55491765791068,23.445082342089336,23.44508234208932
331,1.9086035621207809,1.417581203134523,2.7191612858548684,1.918169682161644,0.8241399603113508,-34.4423647881015,55.5576352118985,55.5576352118985
332,1.663882010113248,1.110809917509279,2.962088719721528,2.6666026950527155,0.628202649922301,-4.365049824312738,85.63495017568727,85.63495017568727
333,1.340559085464394,1.287709389648482,1.526837564205218,1.1857004200474248,1.0859420458740976,26.511915247472466,-63.488084752527534,63.488084752527534
334,3.5672680490315747,2.596830554624652,5.055206486857449,1.946683228081523,0.8726681119972485,-34.34422482427291,55.655775175727086,55.65577517572709
335,1.376313601551939,1.3073318117158128,1.6088581864124232,1.2306425744363023,0.9850766298229234,23.184164233556302,-66.8158357664437,66.8158357664437
336,7.618492616453258,4.87772539060732,12.23681839338749,2.508714085657844,0.660938550308164,-38.2223508976462,51.77764910235379,51.7776491023538
337,4.495021399805931,3.984050791130161,5.1594020410414,1.295014122944408,1.0067897532241048,62.28396803604431,-27.716031963955693,27.716031963955693
338,2.102353753036351,2.1542247677903377,4.538226153492025,2.10666325136863,0.3084724406620732,-34.70177910912538,55.29822089087462,55.29822089087462
339,2.102353753036351,1.5388130998121807,3.2883405827508208,2.1369330577912145,0.6159402489245732,-31.74162606213082,58.25837393786918,58.25837393786918
340,7.352460169965397,4.69402170180916,12.001827046148106,2.556832458086504,0.6720865662035292,24.240831891697532,-65.75916810830248,65.75916810830248
341,3.305798341100134,2.7869061507938624,4.038650068376816,1.4491518012640607,0.9000935292048704,-23.462811762870817,66.53718823712919,66.53718823712919
342,2.279696262327928,2.1802126693899826,2.6045754922159268,1.194642856994625,0.8251647979052917,-13.655909301534138,76.34409069846586,76.34409069846586
343,1.3223193364400538,1.036779732206186,1.9142258099753804,1.846318702529088,0.8448617638322857,-75.24647516898183,14.753524831018183,14.753524831018169
344,1.3038244488524504,0.9559117597673216,1.847453793461589,1.932661435100744,1.1276847016070497,-1.1768047678904985,88.8231952321095,88.8231952321095
345,3.484617414360881,2.569771447657291,5.80113488748943,2.257451686132625,0.5498208210312404,31.29535429395792,-58.70464570604208,58.70464570604208
346,2.2690184693770243,1.4524416712020538,3.637868604337052,2.504657279163795,0.7948084688482707,-57.90377746754215,32.09622253245786,32.09622253245785
347,2.5416217529397453,2.09133691344574,3.4802771755772435,1.6641398873618365,0.760088203477896,-66.64326579805484,23.35673420194516,23.35673420194516
348,1.6195038256468852,1.327902551817633,2.227003004824984,1.677083157778906,0.8542156926875889,3.5511059835682355,-86.44889401643177,86.44889401643177
349,1.4111624987975715,1.1917990105442382,1.836025561389865,1.54054966076154,1.0018957183235937,-7.188843028910527,82.81115697108947,82.81115697108947
350,2.4541208259039915,1.765104234258144,3.867552333593961,2.191118381866811,0.6372855745733077,-76.62149366817899,13.378506331821029,13.378506331821015
351,12.29235527791435,10.933500781823865,15.485621073762898,1.4163460892147737,0.3604890891127824,87.61830502703756,-2.3816949729624355,2.3816949729624355
352,3.4915796938584958,2.8494986455325533,4.336459806949429,1.521832555964936,1.0029229642021462,85.94332393790965,-4.056676062090347,4.056676062090347
353,1.3223193364400538,1.0729494853863233,1.9832192570474223,1.8483808269252768,0.7290627505377129,-82.10191269967015,7.898087300329848,7.898087300329848
354,7.079864517700902,5.659112040822892,9.515035061144795,1.6813653789687495,0.6814097981200203,75.85564686762913,-14.144353132370867,14.144353132370867
355,12.94665508429664,8.146530927638437,22.240934517024925,2.730111100612031,0.5768981138250964,-77.87835238894094,12.121647611059075,12.12164761105906
356,10.444555796385623,7.809334797291087,14.376095696661707,1.8408860767050876,0.8107198701762808,-62.46119155786452,27.53880844213549,27.538808442135483
357,2.383845085036066,2.458505306816752,2.8393798637580314,1.1549211856021708,0.6760100282397339,-9.196655891628916,80.80334410837108,80.80334410837108
358,1.3038244488524504,1.0871626503441083,2.7074338478117443,2.4903668710057216,0.4832004032200814,79.06653117640194,-10.933468823598062,10.933468823598062
359,1.7353254778478429,1.4252429240991822,2.225582467386835,1.561546056293178,0.949320670963428,-36.61757337658168,53.382426623418326,53.38242662341832
360,5.407335843732735,6.576704872502064,12.25912585135704,1.8640224989589864,0.1546024872812215,80.99045040040312,-9.00954959959688,9.00954959959688
361,1.749264059016166,1.507089017460577,2.128517970223481,1.412337257828342,1.0314165706957357,18.47160786846168,-71.52839213153833,71.52839213153833
362,8.466974992785431,5.1545015678365145,14.60628071455746,2.833694106467818,0.5838751437121521,-48.188719224465615,41.811280775534385,41.811280775534385
363,2.856536246652911,2.2517293531972773,4.192703936692404,1.8619928415193847,0.7514530562809645,67.64856180453512,-22.35143819546488,22.35143819546488
364,1.4111624987975715,1.0525690767957645,2.0227665259348857,1.9217423070157076,0.9719236892396228,-32.503347368870166,57.496652631129834,57.496652631129834
365,4.4242292369904375,2.9566221302209628,6.9440326083587145,2.348637161773444,0.7235331354636318,-45.28939286247148,44.71060713752851,44.71060713752852
366,4.669907398433393,3.0123505468243232,7.594141822116465,2.521002022862961,0.6673776075386517,86.96735566824977,-3.032644331750234,3.032644331750234
367,13.54615607549784,9.444774456564218,19.877018707308128,2.104551971963014,0.7094677881925904,1.1553575403658636,-88.84464245963413,88.84464245963413
368,8.538379318166916,7.622130673278947,9.736140858095046,1.2773516061889658,0.8868479298268239,46.63635601914936,-43.36364398085064,43.36364398085064
369,2.512793352570581,2.2610494105888423,5.368918428981169,2.374525034188858,0.3812540655123769,-68.14421655038939,21.855783449610612,21.855783449610612
370,3.8362456818684256,2.368425096690044,6.510285792964076,2.7487826412844663,0.702027565573401,-7.247049920447782,82.75295007955222,82.75295007955222
371,1.9956851445118324,1.7007053869004585,2.526716729148977,1.4856874968532483,0.8923307215098845,-4.296645721368607,85.7033542786314,85.7033542786314
372,1.8829835605082688,1.6672295208771764,2.2493904488706025,1.3491786347971664,0.91576764507957,-38.91322277325144,51.08677722674855,51.08677722674856
373,3.2910731082467106,2.535243085688045,4.346597613081782,1.7144697633213937,0.9000401750316636,-76.77956300788527,13.220436992114742,13.220436992114728
374,2.579558503195455,2.299824139372149,2.9642840935486614,1.288917723229877,1.0186250437476814,-75.61637675460824,14.38362324539176,14.38362324539176
375,18.52689516269891,12.496170383236056,41.58865750761909,3.328112232161253,0.2167606833826855,60.6513780339371,-29.3486219660629,29.3486219660629
376,2.1367269374441915,1.982012493124503,2.433441754878954,1.2277630758234048,0.9089231805492544,-44.86796013455737,45.132039865442636,45.13203986544263
377,1.5583682828180965,1.489452496127875,1.7075500652455586,1.1464280127662152,1.1278347083681797,-33.07273504770138,56.92726495229863,56.92726495229862
378,3.147749633621639,3.084308743507851,3.4326259216164883,1.1129320074852458,0.8816740271705675,-63.19150927703339,26.80849072296661,26.80849072296661
379,1.6344304437273447,1.5398153771809868,1.8040866390458887,1.17162529078565,1.091300034621823,-77.20308452282926,12.796915477170728,12.796915477170742
380,1.376313601551939,1.1738046900638264,1.6895904298873066,1.439413595966663,1.114174866269569,71.43116895868651,-18.568831041313487,18.568831041313487
381,2.778968733462305,2.581141821734992,3.0466559346070907,1.1803520089257202,1.0187191354961498,22.35812447402025,-67.64187552597974,67.64187552597974
382,15.852520027502608,8.676424670725245,31.301967933681592,3.6077035324580446,0.3334957319783312,-40.32137739341981,49.67862260658018,49.67862260658019
383,13.254378021317716,8.190848151431926,23.624465673374,2.8842514519383395,0.4750963386182897,83.5492304046245,-6.450769595375505,6.450769595375505
384,12.64104703661794,7.826757291573938,21.206137371583708,2.709441034336612,0.6457919488071897,-53.35278628920997,36.64721371079003,36.64721371079003
385,2.9154400983602766,2.4358343230779496,3.5795372941224803,1.4695323323957985,0.9647400537630084,-2.938815276502602,87.0611847234974,87.0611847234974
386,2.989468694267895,2.6205252379528914,3.4701304666546045,1.3242118092956852,1.0379597079157852,9.029903858832732,-80.97009614116726,80.97009614116726
387,13.81596974535711,11.512411642060547,17.57817052517344,1.5268886373860773,0.7495631047365483,77.44121644315726,-12.55878355684274,12.55878355684274
388,4.111257893401754,3.687119979416638,4.617751845733789,1.2524007549286182,1.0146888259418003,7.63976576187998,-82.36023423812001,82.36023423812001
389,2.2038655607334228,1.8848186317946567,2.6879976649160024,1.4261306735686217,0.923656069566404,-38.46893507259572,51.53106492740429,51.53106492740428
390,1.4111624987975715,1.276475746223268,2.021306816185425,1.5835058536489257,0.6527795860805806,36.02892993256217,-53.97107006743783,53.97107006743783
391,2.4836303530173915,2.1211135816816657,3.094513953970695,1.4589100653050815,0.8459290382797728,-33.02946597631986,56.97053402368013,56.97053402368014
392,1.7768132193231367,1.8345240632640492,2.078302483125784,1.1328837406624124,0.6734665490840405,18.306522722432224,-71.69347727756778,71.69347727756778
393,1.95883855734249,1.967607554368994,2.988405173799178,1.518801433326246,0.4322097786550313,9.801729631913124,-80.19827036808688,80.19827036808688
394,1.8173540983129992,1.394552238463875,2.483960046376064,1.7811882393966043,0.9121134741383904,80.55073923823379,-9.449260761766212,9.449260761766212
395,1.5892300566907107,1.3695206117472425,2.402924788778182,1.754573657502326,0.6523276375909266,30.344615839246245,-59.655384160753755,59.655384160753755
396,10.88406178614864,7.131749781603737,16.929935168150507,2.373882383229579,0.680244257598018,-36.623200380871445,53.37679961912855,53.376799619128555
397,10.320587356184022,7.774911088938621,15.91348778501042,2.046774246415572,0.429091177723854,18.27773909923919,-71.7222609007608,71.7222609007608
398,7.4378422030500335,5.610964415150024,10.76824653056302,1.9191436148637744,0.6368676713512295,-44.55668264416919,45.4433173558308,45.44331735583081
399,1.69282125807016,1.4661668447697689,2.037051014169222,1.389371899546057,1.0112552417280627,7.947858147653548,-82.05214185234645,82.05214185234645
400,43.11135091816347,34.51065072878873,57.67875848400477,1.6713321037406357,0.4698691758440504,50.18676812365053,-39.81323187634947,39.81323187634947
401,1.3585539723246187,1.4014670117618315,1.4661871750159867,1.046180297296326,1.0025013263542495,41.5993425880094,-48.4006574119906,48.4006574119906
402,1.843886218520761,1.1395212544588114,3.1968975509819204,2.805474262522827,0.6109725249734007,62.292000163458034,-27.707999836541966,27.707999836541966
403,10.381587039714598,6.781997735831613,16.781308434841442,2.474390155894634,0.5280587419643921,-16.157076590886106,73.8429234091139,73.8429234091139
404,2.3114337002746863,1.7335424052235795,3.180654874786438,1.8347718897457368,0.8930785962530768,-29.33031797097194,60.66968202902805,60.66968202902806
405,1.6344304437273447,1.2785453935310709,2.649840321501,2.072543012479755,0.5850435799069887,14.54689533546139,-75.45310466453861,75.45310466453861
406,1.933884181003576,1.7834796977875624,2.132797993152265,1.195863342766412,1.1398317033324437,-59.26221811576291,30.73778188423708,30.737781884237087
407,3.335053763946224,2.624203694380574,5.04084377717568,1.9209041538848752,0.5434262293530481,-69.79941260854613,20.200587391453865,20.200587391453865
408,4.505813783647635,4.323483430551761,5.606976180699606,1.29686542593828,0.6722955314918515,-76.13591512694184,13.864084873058175,13.864084873058161
409,7.958365740754848,6.1557114602443255,10.47562816794676,1.7017737487538076,0.8469507816968082,80.53135758619452,-9.468642413805483,9.468642413805483
410,2.279696262327928,1.9158250829206964,2.810944118101257,1.467223779018459,0.8995028481016941,29.173925801277186,-60.826074198722814,60.826074198722814
411,2.4639966035353127,1.903292957487351,3.3883506206406278,1.780257005266172,0.7439911143584964,10.916888197121043,-79.08311180287896,79.08311180287896
412,2.2582901895629326,1.6586381363606608,3.181651873867528,1.918231472024768,0.9346963263145666,48.13393601326352,-41.86606398673648,41.86606398673648
413,8.886799234996484,5.633420022382601,14.713970797812005,2.611907285334792,0.6155484808791097,-36.29871079491736,53.701289205082645,53.70128920508264
414,2.4933892525089543,2.0438392823924847,3.1864074665901283,1.5590303474645877,0.9095052554885223,-40.530082707828406,49.4699172921716,49.469917292171594
415,6.299355622439371,4.440668420350372,10.356135905316656,2.33211195365484,0.6012938827382546,-20.8397266511339,69.1602733488661,69.1602733488661
416,1.9212854528773184,1.8112378192649967,2.2265778783606303,1.229312823903036,0.9762150655733068,72.92767435038857,-17.07232564961143,17.07232564961143
417,1.857010129468512,1.3425753885092164,4.436137922025475,3.304200240815767,0.3581588361139096,-89.17177017955359,0.8282298204464098,0.8282298204464098
418,1.1019327803667114,0.6110839587311878,2.2839839985862618,3.7375944270056887,0.6185804707478081,-88.05761191329276,1.9423880867072398,1.9423880867072398
419,8.475575274324889,4.351529001728023,18.48016545748167,4.246821163352712,0.3905096493399531,-83.15316143685855,6.846838563141432,6.846838563141446
420,1.3038244488524504,0.7307473768516517,2.8533407936491435,3.9046883834772874,0.5837472584939203,-60.9310939058409,29.068906094159104,29.068906094159097
421,27.66356102250784,19.88767400589392,49.0445115028677,2.4660757959092074,0.3520055599068588,30.928251804150705,-59.071748195849295,59.071748195849295
422,1.749264059016166,1.5952137197143594,1.9562524609674523,1.2263262513299729,1.2029296585719664,78.29784347080411,-11.70215652919589,11.70215652919589
423,6.035534406612338,5.516803084148733,6.911697186138856,1.252844642216437,0.79444500111484,-3.3257744856589717,86.67422551434103,86.67422551434103
424,3.0696295240609217,2.6740006967022936,3.799769713428077,1.4210055061369788,0.8661471880653888,5.084629445605439,-84.91537055439456,84.91537055439456
425,3.560453777195214,2.574789238989884,5.142360841867308,1.9971968050809117,0.7987897348141149,-23.27780092113589,66.72219907886411,66.72219907886411
426,1.95883855734249,1.496913996214656,2.65072071046082,1.7707902505847832,0.9616466083256104,-42.24769637287587,47.75230362712412,47.75230362712413
427,5.789081233453995,3.884183185690064,9.836248522633914,2.532385331070941,0.6056361233486339,27.885957295246964,-62.11404270475303,62.11404270475303
428,55.08605944790778,56.64435631475273,58.37020454051901,1.0304681408360676,0.5014784257873072,51.53626942685496,-38.46373057314504,38.46373057314504
429,1.6492219709549814,1.3472948128766555,3.007675038663827,2.2323807751044757,0.4824508631169619,83.27306767049848,-6.726932329501523,6.726932329501523
430,3.3784619300798826,3.110602472347197,3.738954146653192,1.202003206739514,0.9813624881501324,46.32169774022891,-43.67830225977109,43.67830225977109
431,1.3223193364400538,1.03875732471938,2.6574989568451617,2.5583443732279667,0.507821394362396,-21.142608391223643,68.85739160877635,68.85739160877635
432,1.933884181003576,2.07949569671505,2.4709788879759778,1.1882587167068188,0.5625068296765666,-40.52194881850077,49.47805118149924,49.47805118149923
433,3.140025082999704,2.4974231153868183,5.263224443020305,2.107462051821804,0.3915300652613015,-13.783435987099786,76.21656401290022,76.21656401290022
434,1.749264059016166,1.3137654944832522,2.4351629600385087,1.853575063635188,0.9585330872133528,-73.61652020252396,16.383479797476042,16.383479797476042
435,5.330439657969411,3.786488333764657,7.921933581047553,2.0921584546838665,0.7611509378211064,24.170996558594528,-65.82900344140548,65.82900344140548
436,1.4451712930335778,0.9711463036936218,2.310276635100676,2.3789171892163474,0.9053810194873646,68.4314588570355,-21.568541142964506,21.568541142964506
437,2.170555852193912,1.6788831459641531,2.9785093551476325,1.7741016474598812,0.7872127598202943,23.610944396390337,-66.38905560360966,66.38905560360966
438,1.6195038256468852,1.2234908012551462,2.229432396690491,1.8221897495292785,0.9792641588646492,22.348631955352893,-67.65136804464711,67.65136804464711
439,8.136413772381214,5.859550865443998,11.487269573199823,1.9604351659347523,0.7845406823044305,-29.102322437921927,60.89767756207807,60.89767756207807
440,1.69282125807016,1.737470479931865,1.916644507573661,1.1031234945924504,0.8803736987006171,-57.71979803210822,32.28020196789177,32.28020196789178
441,1.95883855734249,1.805714777976268,2.1925060035233708,1.2142039430948193,1.0343657422564785,0.5688965783375106,-89.43110342166248,89.43110342166248
442,1.6044383463340146,1.4532889316989086,2.0349434168012976,1.400233203745954,0.8262163042698037,25.525396272155778,-64.47460372784423,64.47460372784423
443,21.69772520589748,15.913019007684934,50.03204710486146,3.1440952267259465,0.1738337685997474,-88.14620155174568,1.853798448254338,1.8537984482543237
444,7.964466443636773,6.690586846270836,9.815552874950448,1.4670690479746762,0.6498815207290985,23.56675012318668,-66.43324987681332,66.43324987681332
445,1.542705892513396,1.363829198792431,1.8647646806147489,1.3673007457721678,1.0616583325390814,-20.428608608638243,69.57139139136176,69.57139139136176
446,1.8173540983129992,1.792388833276597,1.9110304539352572,1.0661918990210268,1.1040107550722766,-77.5643426608616,12.435657339138402,12.435657339138402
447,17.012643092394494,14.427821003519911,20.48400754657064,1.4197575324488168,0.7930705708437334,-9.89287825747824,80.10712174252176,80.10712174252176
448,8.754646161121329,7.425939616699878,11.11749238474966,1.497115915102246,0.71797130500707,-26.639593917032723,63.36040608296727,63.36040608296727
449,3.364054777319084,2.286489665956676,5.119972368293721,2.2392283002737754,0.7255880322114947,-52.25342241447658,37.746577585523426,37.74657758552342
450,1.526882849696625,1.089685820470276,2.215255836940502,2.0329307726372576,1.0258863579337478,-81.34964060994893,8.650359390051051,8.650359390051065
451,17.98143621598426,10.502772605500342,33.102752202693296,3.1518108071155666,0.5227611402621106,58.91196535296835,-31.088034647031648,31.088034647031648
452,1.6044383463340146,1.491255157188679,1.7766788645375535,1.191398303618917,1.1250344366892355,-22.01864748556717,67.98135251443283,67.98135251443283
453,6.563672572943391,4.289393507593499,12.710410051248944,2.9632184663747325,0.4468993396772159,-31.978548639836596,58.02145136016341,58.021451360163404
454,5.140253626937142,3.695655595253413,7.338903521462712,1.9858191144457769,0.7628981954522942,-15.212425692270145,74.78757430772986,74.78757430772986
455,2.717107944649237,2.552007398569785,3.034116467228672,1.188913664172398,0.9225149032780416,65.81259233919145,-24.187407660808546,24.187407660808546
456,1.1237553499514827,0.8289155667414083,1.7460653263553474,2.1064453322060204,0.9221584018944816,41.14405379367057,-48.85594620632943,48.85594620632943
457,1.340559085464394,1.0531853137774525,1.836418725307815,1.7436805292329276,1.0188910951386176,-47.690203532238826,42.309796467761174,42.309796467761174
458,2.1367269374441915,1.8688851714218773,3.288690560937751,1.759707129804911,0.4617032112708896,17.022666091497392,-72.9773339085026,72.9773339085026
459,1.3938469657443524,1.1520154785925243,2.0131072336611013,1.747465438676758,0.7308678557353067,74.4988672742321,-15.501132725767903,15.501132725767903
460,6.410180812332575,5.412562615179559,7.733409482728749,1.428788918033089,0.7528205853112491,74.51909702445143,-15.480902975548574,15.480902975548574
461,1.663882010113248,1.5228981817358975,1.8900525602059843,1.2410892486926346,1.1104159260259368,50.024888416653866,-39.975111583346134,39.975111583346134
462,2.570126813468571,2.282231135238864,3.0381902805659164,1.3312368908015673,0.9215952097862832,-41.56576858254648,48.43423141745353,48.43423141745352
463,2.86502522895345,2.628998378718822,3.305333299217917,1.25725954263566,0.9358925614025766,-77.98641771945172,12.013582280548292,12.013582280548277
464,8.782342042269539,4.702722839393193,16.99922090643532,3.6147613812233046,0.5248182838587271,-28.613250462997883,61.38674953700212,61.38674953700212
465,10.14975204236926,8.566453356681436,12.619532301608984,1.4731338368598406,0.7367813783206042,-25.816137853092737,64.18386214690726,64.18386214690726
466,1.7212740281460053,1.3038294390041945,2.444039360562248,1.8745084958573213,0.8933301584569778,-3.4479390490316546,86.55206095096834,86.55206095096834
467,3.62802059538288,3.8997894319541233,5.6969229124339495,1.4608283374877784,0.3122807645037527,-61.37346077484979,28.626539225150225,28.62653922515021
468,28.98732567680441,20.59256653488003,47.528575936476685,2.3080452772106863,0.4746531158068693,-21.566363805966027,68.43363619403397,68.43363619403397
469,15.352893736262086,10.08918673436682,24.982848217766367,2.476200399053695,0.6137204321991537,59.623048008636935,-30.376951991363065,30.376951991363065
470,1.7904288454052892,1.2970476314541384,2.585385815968976,1.993285175711291,0.847765714839977,-66.52321056725448,23.476789432745534,23.47678943274552
471,1.843886218520761,1.8837562785463275,2.649522498690803,1.4065102417258608,0.5295717344950229,10.491817841416465,-79.50818215858354,79.50818215858354
472,1.7353254778478429,1.5403748038464538,2.768338268408088,1.797184854942641,0.6560253133049376,35.149839935343465,-54.850160064656535,54.850160064656535
473,2.290324274544937,1.2387722963255714,5.100519774628809,4.117398968121823,0.471091963800665,-44.96619820746856,45.03380179253145,45.03380179253144
474,14.262262807909307,13.435591587508249,15.586859823368629,1.1601171203998584,0.7677400868510071,11.266858350644554,-78.73314164935545,78.73314164935545
475,1.7353254778478429,1.2801739672144417,2.964812115016934,2.3159447004442164,0.6448252244308408,79.0848851477888,-10.915114852211204,10.915114852211204
476,1.5738748168108194,1.2885992184511477,2.552442205591352,1.9807882614264665,0.6282177695149266,70.42311132294212,-19.57688867705788,19.57688867705788
477,14.377583813719472,8.761856129948395,28.15152629371962,3.212963768886425,0.4216886626780725,-14.018122227305607,75.98187777269439,75.98187777269439
478,2.373635851463476,2.5218670018447287,3.660029097417123,1.451317256120103,0.383992853826579,-87.8867686413877,2.113231358612296,2.113231358612296
479,2.9975812429533355,2.013847091826622,7.85765869436266,3.90181495221443,0.3147975345465161,-29.113974069690357,60.88602593030964,60.88602593030964
480,1.4282681233264556,1.0822996407662957,2.3203501269400943,2.143907324312912,0.654737448666637,-53.747195942287725,36.25280405771227,36.252804057712275
481,5.243162452126917,3.610953039011029,7.851769944923166,2.174431475595599,0.7492590117562994,-83.72856502227114,6.271434977728859,6.271434977728859
482,2.181715595945335,1.383956057031167,3.750502869369447,2.709986961157528,0.5753731362326454,47.55069886502934,-42.44930113497066,42.44930113497066
483,4.575343800872378,3.5305209358446907,6.079406423514991,1.7219573354719306,0.8794545844613921,42.881894859545696,-47.118105140454304,47.118105140454304
484,9.67695258543155,7.91360067752622,12.162447515635897,1.5369043765597057,0.7456375954320943,51.72854929155461,-38.27145070844539,38.27145070844539
485,7.365660288617651,4.610560321704607,12.359242707089477,2.680637893166105,0.6423173225643682,84.08396987391296,-5.916030126087037,5.916030126087037
486,3.654697576669488,2.705274672303261,6.156073258834867,2.2755815968933044,0.5176988284302583,-89.3462212624967,0.653778737503302,0.653778737503302
487,12.791916145586589,12.441602138997766,13.2064239174699,1.0614729333029247,0.9715523991169128,50.43241759278371,-39.56758240721629,39.56758240721629
488,2.236679259992467,1.6297713197513843,3.2079364535789785,1.96833532085246,0.8341671371622125,7.170064894714432,-82.82993510528557,82.82993510528557
489,7.741813022591651,5.615104885488387,10.93383202760145,1.9472177725225968,0.797684692199922,16.60743626070495,-73.39256373929504,73.39256373929504
490,23.772140705639018,14.160516674927988,51.24022366538763,3.618527829292515,0.2688411720530702,-20.29661101104167,69.70338898895832,69.70338898895832
491,1.6344304437273447,1.2854129185499563,2.182290276762344,1.697734825338564,0.9358397452387612,22.234530319796843,-67.76546968020315,67.76546968020315
492,9.232592314283089,7.319396164516802,11.765026532823814,1.6073766562682694,0.8545264798032639,66.300076300659,-23.699923699341,23.699923699341
493,2.5320487556361617,2.274326024580162,2.8948022435501346,1.272817622567772,0.9861929596735906,-31.78016115989253,58.21983884010747,58.21983884010747
494,1.6784140066373283,1.1953608412028671,2.637000159919663,2.206028563949028,0.7537525637769034,34.79729366853054,-55.20270633146946,55.20270633146946
495,1.4947343471339476,1.404349858492054,1.7196645210711687,1.22452714376864,1.0296530907297878,5.195941642172048,-84.80405835782796,84.80405835782796
496,2.3009031958488952,1.9192892355708844,2.8505699116484746,1.4852216428966658,1.032544509967428,26.775368175348373,-63.224631824651624,63.224631824651624
497,1.857010129468512,1.534035564255491,2.3153494970999997,1.5093193085283527,1.0444790505106825,-36.34858113654761,53.65141886345239,53.65141886345239
498,3.607883415276711,3.435963330360531,3.883912670172224,1.1303708150356455,0.917426804039526,-70.63153019839493,19.368469801605073,19.368469801605073
499,2.181715595945335,1.8719767392898403,2.59151626213548,1.384374179306633,1.029997569237013,-53.2878318055982,36.712168194401784,36.7121681944018
500,2.363382516914025,1.944207351893039,3.044349940069324,1.565856613547468,0.9117124734882522,37.86046239553183,-52.13953760446817,52.13953760446817
501,2.5416217529397453,2.109616712579772,3.216571199610528,1.524718296186184,0.8666340148295133,13.03599243389094,-76.96400756610906,76.96400756610906
502,3.772410183248298,1.9060251009876603,9.119663531282402,4.784650279031894,0.3932572956239938,2.3813704236507207,-87.61862957634928,87.61862957634928
503,1.461879030667795,1.350755057960378,1.819531488877055,1.3470476961415367,0.8713080463997523,77.38067770656923,-12.61932229343077,12.61932229343077
504,3.085411785026792,2.414337876435656,4.44068148190165,1.839295785914411,0.735536111965373,-68.49991381790656,21.50008618209344,21.50008618209344
505,9.699512536595394,8.997372400918533,10.577780202530429,1.175652149448716,0.9584751168963362,-73.19090456954183,16.80909543045817,16.80909543045817
506,3.313136415259456,2.083416847096051,5.511646563806398,2.645484302139896,0.6553259996509435,-22.54544340672721,67.4545565932728,67.4545565932728
507,2.079122611754846,1.4955878305136887,2.999021530586934,2.005246010564864,0.8645526390822547,82.29187300447245,-7.70812699552755,7.70812699552755
508,3.519291078464021,2.616871531184983,4.884326649857524,1.866475519203567,0.8473097114995954,-1.2423976335213471,88.75760236647865,88.75760236647865
509,2.290324274544937,1.930520715296112,3.0286691056390462,1.5688353311321477,0.8224123698419822,9.77617698071945,-80.22382301928054,80.22382301928054
510,1.4947343471339476,1.1926512503160895,2.2407123338105706,1.878765760918552,0.7517405139645379,-43.4169635823669,46.58303641763311,46.5830364176331
511,8.578106123047831,6.051015550414859,12.47847132065428,2.0622110812124346,0.7302130074921245,-66.18753178083995,23.812468219160053,23.812468219160053
512,2.043780842560348,2.0545403821220045,3.082880829323888,1.5005209224166114,0.5191160852142157,26.29081857046194,-63.70918142953806,63.70918142953806
513,1.3038244488524504,1.094396804586999,1.6482113377580525,1.506045458877277,1.0182664461313615,10.656393867471404,-79.34360613252859,79.34360613252859
514,1.9711972828282505,1.4031944311443236,3.30390998453826,2.35456321034846,0.6250951459448405,-42.955973247082106,47.04402675291789,47.044026752917894
515,1.7630924485867383,1.363505377641271,2.822600953139672,2.070106212578707,0.5935189734037715,80.86651082939936,-9.13348917060064,9.13348917060064
516,2.424252116806765,2.128902208075236,2.9416651368808537,1.3817756051558825,0.9040102130341248,-72.7534098944345,17.246590105565502,17.246590105565502
517,1.7904288454052892,1.0804244334446358,3.151632359389541,2.9170317347798487,0.768616128251163,-24.01939645771065,65.98060354228934,65.98060354228934
518,2.102353753036351,1.947831992003093,2.446697534668828,1.25611322984418,0.9122671969359778,-74.84848684872028,15.151513151279715,15.151513151279715
519,3.2910731082467106,1.0270529208429633,12.266570077545296,11.94346447841986,0.1964991125813855,89.36949365633826,-0.630506343661736,0.630506343661736
520,3.62802059538288,2.422417222628766,6.517714773482871,2.690583072394919,0.5133934217324049,86.32370712969616,-3.6762928703038398,3.6762928703038398
521,2.2257951114113315,2.0133167623766397,2.59592365688577,1.2893766670980216,0.9614240936154048,12.991438338859703,-77.00856166114029,77.00856166114029
522,1.542705892513396,1.6119559305393587,2.175073180492584,1.3493378691592437,0.5262612116180602,-51.027343718111496,38.972656281888504,38.972656281888504
523,2.948571163041254,2.966431948134497,3.318877352303385,1.1188112218082504,0.6755868103505902,-65.2439471565867,24.7560528434133,24.7560528434133
524,1.5108941070107518,1.0359115680330764,2.391210734172782,2.3083155048775668,0.801191000684897,-4.1074681851259776,85.89253181487402,85.89253181487402
525,10.453852243082643,5.434438427889535,22.89100610898564,4.212211880349773,0.4674830089531608,-73.73221774642684,16.26778225357316,16.26778225357316
526,1.2270604129519955,1.1573617881759035,1.4320953203078377,1.2373791280641264,1.0252132071406617,-6.658336058967399,83.3416639410326,83.3416639410326
527,1.4111624987975715,1.1790563507952392,2.019225451523371,1.7125775626936426,0.7773344735712077,-58.77073559826288,31.22926440173711,31.22926440173712
528,1.5583682828180965,1.6806406424967244,1.7680636991720244,1.0520176975759827,0.7187779127024506,46.97339115033556,-43.02660884966444,43.02660884966444
529,1.376313601551939,1.2110136200666093,1.6792114863005545,1.386616515682287,1.0857256967902582,-46.73411462945855,43.26588537054144,43.26588537054145
530,23.368250725339603,19.94066507669327,29.42126772611072,1.4754406441788348,0.5716558586266043,-25.889278045455093,64.11072195454491,64.11072195454491
531,1.7212740281460053,1.2008853663623604,2.9132846623826514,2.4259473418411064,0.605280861909187,85.09361054591025,-4.906389454089748,4.906389454089748
532,1.6784140066373283,1.2635072764431958,3.04548318975502,2.41034083976796,0.5905165984505613,-58.250436284242696,31.74956371575729,31.749563715757304
533,7.59934262567267,5.629924302720022,10.669498776472183,1.8951407164244396,0.7091721209732273,-89.68817825517058,0.31182174482941605,0.31182174482941605
534,2.5031101051741675,2.4093948819316684,2.950056558532203,1.2243972877401788,0.8071112324463006,7.343358118857459,-82.65664188114255,82.65664188114255
535,6.648226306998002,5.330876401976912,8.811956269765133,1.6530032972622084,0.7669177577763547,-51.21372797312438,38.78627202687562,38.78627202687562
536,5.284683964654307,3.8335328629656726,7.4739319488353635,1.949619897885375,0.7813301884932936,27.71152852635084,-62.28847147364916,62.28847147364916
537,1.2466946262544771,1.2052586387769029,1.3768594245549697,1.1423767316467504,1.1460182775093777,89.07495238577191,-0.9250476142280917,0.9250476142280917
538,2.236679259992467,2.0768245041850197,2.5347024923344845,1.2204702357983512,0.8744500032799878,20.42290123739341,-69.5770987626066,69.5770987626066
539,1.2660243778180809,0.9984063031200452,1.732101298169752,1.7348661489384545,1.0614174464984445,-56.546676313431526,33.45332368656847,33.453323686568474
540,19.246952368217745,10.107907284641412,39.97866362664461,3.955187013576064,0.4439233496019853,-85.76350337597576,4.236496624024255,4.236496624024241
541,7.631232579560413,4.582194103100484,12.917032819955466,2.818962385555714,0.5931159500501795,-66.80752541547669,23.192474584523325,23.19247458452331
542,15.84945585041252,14.966494829709196,21.85737921678084,1.4604207241225855,0.3745188093243072,-88.18921911661418,1.810780883385803,1.8107808833858172
543,38.40484733532958,31.593294919983965,49.54154238196022,1.5681030581784396,0.4868503710046814,52.03016554801209,-37.96983445198791,37.96983445198791
544,12.679411455739755,7.898354643759736,23.27113964864975,2.946327519876005,0.453263158527526,-20.41285538617521,69.58714461382479,69.58714461382479
545,6.710037779977402,5.685587224985382,8.03007465858942,1.4123562511364105,0.9305299147621916,-45.45942872247021,44.54057127752981,44.54057127752979
546,1.4947343471339476,1.300271247764771,2.1576137688751618,1.659356670836338,0.7133699409670229,19.83140865138114,-70.16859134861886,70.16859134861886
547,3.899036197912611,3.3958757093914453,4.670871385330646,1.3754541641241884,0.7864696716326454,1.2906041980550111,-88.70939580194499,88.70939580194499
548,3.98528123850789,3.6269808748287695,4.483415343995859,1.2361287524593083,0.9563397877597236,-61.958879640742815,28.041120359257178,28.041120359257185
549,15.107333650445533,12.42358371794529,18.963241749439145,1.526390627693652,0.788806397759266,-75.40860812996259,14.591391870037398,14.591391870037413
550,2.4836303530173915,1.5566042260297812,4.16570240246949,2.676147432218131,0.7040130914527815,33.11396482386834,-56.88603517613166,56.88603517613166
551,5.177911666108585,4.157779903915246,7.290494453064697,1.7534584854285995,0.631083219356527,-25.821260305086145,64.17873969491386,64.17873969491386
552,1.2850634067342854,1.173560949774572,1.5422935991147178,1.3141998286590697,0.9443064712492028,-28.536189414056206,61.46381058594379,61.46381058594379
553,9.169246164402518,4.690393502202148,19.31921206250249,4.118889396685393,0.4640181464406861,-11.88418088755476,78.11581911244524,78.11581911244524
554,10.66087931593882,8.438507319863922,14.855647839230024,1.760459199254399,0.6873296231531069,80.81844589140194,-9.181554108598064,9.181554108598064
555,15.35605699862928,13.502800890142582,20.22227142662065,1.4976353121953736,0.5908137561718423,58.45951893853115,-31.540481061468853,31.540481061468853
556,1.542705892513396,1.188226291357167,2.077855439830866,1.7487034708326334,0.9844944925406436,45.08521656858003,-44.91478343141997,44.91478343141997
557,1.5108941070107518,1.087201901140698,2.216089848782417,2.038342506996432,0.9875802306263142,60.45275568812869,-29.54724431187131,29.54724431187131
558,2.181715595945335,1.4443103775362998,3.454615012461642,2.391878550616325,0.7161940460234816,-5.271772836182915,84.72822716381708,84.72822716381708
559,2.1480624384075764,1.611174604802099,3.4802606118589625,2.160076630730189,0.6054926039307893,-32.32863574158771,57.6713642584123,57.67136425841229
560,4.307415631836072,3.232600351162682,7.352191327654617,2.274389200326054,0.4676182340574351,-22.630308444161347,67.36969155583866,67.36969155583866
561,1.542705892513396,1.3781672502456062,2.387460653614206,1.7323446433578589,0.6724180965756315,-73.07950170734622,16.920498292653775,16.920498292653775
562,1.5583682828180965,1.5357256840285034,3.0645895946817827,1.9955319016627864,0.4385097548070439,-11.994168589387112,78.00583141061288,78.00583141061288
563,1.69282125807016,1.1607828346226103,2.957858159791792,2.548158080536606,0.6592336291974011,-80.09356345640988,9.906436543590132,9.906436543590118
564,7.192169305170026,6.220860263827755,8.59277271133597,1.3812836725010689,0.7943344444977811,86.32650006645325,-3.6734999335467506,3.6734999335467506
565,1.5738748168108194,1.4574014638634205,1.7659686053906936,1.2117241880005347,1.1328534421969176,-63.17270196702395,26.827298032976046,26.827298032976053
566,1.340559085464394,1.1375156996902158,1.7259893146336636,1.5173323015266595,1.0300474559292194,81.33383949728761,-8.666160502712387,8.666160502712387
567,3.3204582726208347,2.7290227910270013,4.370407448571929,1.6014550933549487,0.7589542399032622,72.18649133154501,-17.813508668454986,17.813508668454986
568,3.335053763946224,2.360238486269503,5.014387885077869,2.1245259384798043,0.6171014395849443,46.786265133618485,-43.213734866381515,43.213734866381515
569,1.895836839826219,1.7789231965620005,2.194766793598742,1.2337614113079267,0.8957020206061881,51.40881371729583,-38.59118628270417,38.59118628270417
570,2.055628946700877,1.713673385042416,2.575358853557551,1.5028294633249537,0.94579459907975,-60.9166900193058,29.083309980694196,29.083309980694203
571,1.9834790046600808,1.584325243492505,2.70205021140233,1.705489590916256,0.7992803582218937,-19.833273059547675,70.16672694045232,70.16672694045232
572,6.662821772001092,3.773128621675682,12.097011946312922,3.206095831670993,0.6028584832608843,82.41984946976963,-7.5801505302303696,7.5801505302303696
573,9.674442676795003,7.217645739428436,16.33995660467673,2.263890081971616,0.4831913819852053,31.521711057925728,-58.47828894207427,58.47828894207427
574,1.186817925731738,0.7134818849711251,2.309082173676117,3.236357113354836,0.721774803365207,72.41357820106853,-17.586421798931468,17.586421798931468
575,1.186817925731738,0.988742647881388,1.6175284469856988,1.635944854256698,0.9173808784766224,-52.65203901521438,37.34796098478563,37.34796098478562
576,3.5672680490315747,2.504911015403118,5.666444610576036,2.26213409407844,0.6636047015096934,-15.079232273181471,74.92076772681853,74.92076772681853
577,1.7071069228001237,1.7239573040065732,1.9285459035423629,1.118673820436454,0.8881805480512548,6.77061970953981,-83.22938029046018,83.22938029046018
578,3.553626438646273,3.168928666776231,4.159538976789429,1.3126010125753167,0.8588326849496436,76.81672753444231,-13.183272465557692,13.183272465557692
579,14.331905665328868,9.44840278128298,30.59866246443021,3.238501064438669,0.3230938962820996,82.38090300134027,-7.619096998659728,7.619096998659728
580,3.661336451490315,1.8354715339147296,8.076365149504756,4.400158215627199,0.4894069688157429,-60.78733906349761,29.212660936502402,29.212660936502388
581,28.46827929743969,25.86518707379109,33.24173486390387,1.2851921298333602,0.7901659308613176,17.169730080198917,-72.83026991980108,72.83026991980108
582,1.95883855734249,1.7763707891934848,2.422973836157833,1.3640022966477183,0.7551847688067741,60.78022769660156,-29.219772303398443,29.219772303398443
583,1.376313601551939,1.224182590067115,1.72193185423048,1.4065972414589527,0.9225083274996768,41.55806467717326,-48.44193532282674,48.44193532282674
584,2.690160753669267,2.3306408956295503,3.2118130783175345,1.3780814900915754,0.955382074430691,7.900085889078176,-82.09991411092183,82.09991411092183
585,1.4451712930335778,1.428243061362192,1.617368763114042,1.1324184285351755,0.9767125222774728,-9.186324126793275,80.81367587320672,80.81367587320672
586,1.6492219709549814,1.555123952489568,1.9957004237114224,1.2833063374250937,0.7638767012173507,-29.486948852081053,60.513051147918944,60.513051147918944
587,2.3219164465724,1.540941026449761,3.5980328183293526,2.3349581564578186,0.8738442889990438,87.04433247688033,-2.955667523119672,2.955667523119672
588,1.186817925731738,0.9316246499582888,1.7246131767019783,1.851188863217814,0.9890804756421646,-20.446251607512856,69.55374839248714,69.55374839248714
589,1.376313601551939,0.9687014816344308,2.2490422681757734,2.321708297979582,0.6975672516362641,45.30694986183857,-44.69305013816143,44.69305013816143
590,5.247792177048498,3.567619266147553,8.026062453845073,2.2496970262502005,0.7185218121794419,-8.286061442864357,81.71393855713565,81.71393855713565
591,5.557937466924609,4.452430537422751,8.16504535595964,1.833840031266586,0.5068280073387242,4.09465308762985,-85.90534691237015,85.90534691237015
592,3.231501250354348,2.6348901636171465,4.915368271398664,1.8654926642751983,0.5781210782577546,-11.60132605477117,78.39867394522884,78.39867394522884
593,1.663882010113248,1.3555294152767263,2.2348324596901814,1.6486786893030636,0.9016721200591216,-48.74392589168027,41.25607410831972,41.25607410831973
594,1.5892300566907107,1.2380673920591223,2.3443256803088444,1.8935364062935385,0.8120567680307149,-78.39384872086896,11.60615127913104,11.60615127913104
595,7.62167960367337,5.261504451482443,11.963706384280009,2.273818542700121,0.5853059103693184,-79.32826979925257,10.671730200747447,10.671730200747433
596,1.6195038256468852,1.409226107996631,1.9410381284018272,1.3773787736314544,1.128566797572238,-89.77787560691272,0.2221243930872845,0.2221243930872845
597,1.6492219709549814,1.064815081202389,2.692161481743245,2.528290150345406,0.7838397840533864,81.77651226898378,-8.22348773101622,8.22348773101622
598,1.3038244488524504,1.1149072321316675,1.8826083340576432,1.6885784572929492,0.8167277888747546,73.39237425313141,-16.607625746868592,16.607625746868592
599,1.5892300566907107,1.4013856111405605,1.9200939975775224,1.3701396548625868,0.9915797162002512,58.93048899907592,-31.06951100092408,31.06951100092408
600,4.233487496392716,3.914009544390877,4.716274792420201,1.2049727367627503,0.8669570354992491,-16.000289161090247,73.99971083890975,73.99971083890975
601,8.626099850913764,7.160738907130798,10.480524320274856,1.463609336438472,0.8867792208273273,-82.87599088256297,7.124009117437026,7.124009117437026
602,2.383845085036066,1.8195511244687836,3.4696880316830847,1.906892301636239,0.6958606851077923,50.64004157581461,-39.35995842418539,39.35995842418539
603,1.7353254778478429,1.5149294768278347,2.6572965736203016,1.7540727897014126,0.565774084995465,-76.02640802462683,13.973591975373154,13.973591975373168
604,1.2660243778180809,0.997011805415534,1.7176359789499125,1.7227839927472446,1.07311222503511,-78.0687575967206,11.931242403279384,11.931242403279398
605,1.461879030667795,1.108816817641869,2.1534826733025354,1.942144670823417,0.8730400276974581,71.01114084991391,-18.988859150086085,18.988859150086085
606,1.663882010113248,1.627290924949271,2.1327637352380417,1.3106222756723898,0.8027052778097556,-16.317253442535904,73.6827465574641,73.6827465574641
607,2.031863651507851,1.5326648583707687,3.070393512227242,2.0033039156982357,0.7136351473147946,5.709279670974722,-84.29072032902528,84.29072032902528
608,27.98301831693349,15.719990454288418,53.932036139638974,3.4307931863232333,0.482111787130246,38.60197616175255,-51.39802383824745,51.39802383824745
609,24.31254303792713,11.889152677789165,63.73842274898642,5.361056794910203,0.2107339081126633,-88.13278644448437,1.867213555515633,1.867213555515633
610,19.58590587399432,10.181620441195616,39.42969405153095,3.872634447459403,0.4491627898379168,84.40639938153123,-5.59360061846877,5.59360061846877
611,1.933884181003576,1.7962051038224385,2.136836405956711,1.1896394244785229,1.051508022842944,-35.37180634460085,54.628193655399144,54.62819365539915
612,7.286100868706816,6.9300951943100415,7.703190675211748,1.1115562570535045,0.9590901790803638,11.715269894304605,-78.28473010569539,78.28473010569539
613,2.473832956432472,2.221249859839456,2.812232518961228,1.2660586140293493,1.056056805451478,-23.446325302394264,66.55367469760574,66.55367469760574
614,4.250661958378608,2.673673628912461,7.572525688726693,2.832255069145025,0.569088870979212,65.65180387692298,-24.348196123077017,24.348196123077017
615,24.98448816017261,16.30032718156138,51.82580700911302,3.179433543379264,0.326379412467236,52.236403727888,-37.763596272112,37.763596272112
616,7.467170062637718,5.889839578758513,10.095113964050247,1.7139879327881695,0.7345709067830531,27.044878887922984,-62.955121112077016,62.955121112077016
617,14.24692978486917,13.968861617375373,15.087836411521222,1.0801049380254435,0.7545074125747856,36.08327210536432,-53.91672789463568,53.91672789463568
618,1.5738748168108194,1.3954713138903383,1.8472100061993395,1.3237176485195028,1.1157135008779622,-85.63250148424747,4.367498515752516,4.36749851575253
619,1.7212740281460053,1.6404807247870068,2.158012349398841,1.3154755900463433,0.7802447618634197,-49.95358668201498,40.046413317985014,40.04641331798502
620,9.67946184324254,7.317305425436639,13.251790463307769,1.811020545519597,0.6919862345435989,-30.89294349736373,59.10705650263627,59.10705650263627
621,21.24530972877288,17.855097194050536,27.02189793999304,1.5133996553654692,0.71505371044036,75.05717336188,-14.942826638119996,14.942826638119996
622,1.2270604129519955,1.1497018846229743,1.4227123395708057,1.2374619530499946,1.0994965561049586,-81.37244449895401,8.627555501046004,8.62755550104599
623,2.2690184693770243,1.740306617398605,3.1154574676506237,1.7901773380070125,0.898751013110533,52.70110263342477,-37.29889736657523,37.29889736657523
624,3.1245186915221934,2.132482219793747,4.79049413490035,2.246440364395481,0.771643104630209,87.12729633523855,-2.8727036647614455,2.8727036647614455
625,1.69282125807016,1.2185311311317353,2.946703491572826,2.4182422724284574,0.5199384077390634,7.000181686717214,-82.99981831328279,82.99981831328279
626,1.8306682257451572,1.3851027702203524,2.5097669065776085,1.811971617223996,0.9853040080105512,88.0012757282984,-1.9987242717016045,1.9987242717016045
627,9.3709649049042,4.3968794790200665,21.352870524147114,4.856369301463326,0.440582830952649,50.15592195294408,-39.84407804705592,39.84407804705592
628,13.347494846261656,13.041177931208328,14.896944715424464,1.1423005493832863,0.6210174794297877,-77.21862375632084,12.781376243679176,12.781376243679162
629,14.490311314981652,12.912020994444426,16.51629569019462,1.2791410188460028,0.8434375520649848,86.0347611129368,-3.965238887063194,3.965238887063194
630,34.94916661514543,33.491040499223615,37.517968950571145,1.1202389770912278,0.6323632672614212,54.02496980343357,-35.97503019656643,35.97503019656643
631,1.376313601551939,1.07287229609661,1.8209414118345408,1.6972583022784742,1.13463975426066,-19.18061996628697,70.81938003371303,70.81938003371303
632,1.7071069228001237,1.4703500208600582,2.087537376518487,1.4197553962677638,1.0579587312477454,-9.920499186920305,80.07950081307969,80.07950081307969
633,6.835536935907044,5.084851587383763,14.37535783758324,2.827094870035251,0.3367756639907062,-89.99464162794318,0.00535837205683265,0.005358372056818439
634,2.1367269374441915,1.73565326007606,2.671276700146664,1.5390612639010643,1.045684553183078,-86.83658208024644,3.163417919753556,3.163417919753556
635,6.651878175610115,4.782769191870592,9.779945244186065,2.0448290209800035,0.6561078127770863,59.44613584637873,-30.55386415362127,30.55386415362127
636,17.694172176026207,11.109306510559454,29.21152915651782,2.629464686094681,0.5712118331724135,76.07400645209742,-13.925993547902578,13.925993547902578
637,4.152400884397278,4.049822843656109,4.438566057005635,1.0959901774366445,0.8837354522855946,34.666584907948085,-55.333415092051915,55.333415092051915
638,23.30998088486677,11.549205315345912,49.70925904711132,4.304128092784059,0.3600610337455903,88.08834876210284,-1.9116512378971606,1.9116512378971606
639,8.47270948378673,6.616833397102824,11.176196113617952,1.6890550876664725,0.8143364292201346,-5.167752915500634,84.83224708449937,84.83224708449937
640,3.7980731334542415,2.375243690981822,7.206446954566335,3.0339821475696684,0.5433863815697348,68.72707262390644,-21.272927376093563,21.272927376093563
641,17.11085535974023,14.15125361266368,25.69627046073401,1.8158299726703304,0.3972486881009326,-6.748666295891671,83.25133370410833,83.25133370410833
642,2.672044986969093,2.304982003245879,3.2875294106877533,1.426271183921718,0.8073012820490676,83.3149657931773,-6.685034206822706,6.685034206822706
643,22.09038573636242,18.76024475699464,28.706521101535927,1.5301783891083232,0.6067715301166008,-56.155292897395846,33.84470710260416,33.844707102604154
644,20.78538506500517,15.558863944599988,28.57602561468302,1.8366395976231216,0.6891552493304062,-78.2773283963986,11.722671603601384,11.722671603601398
645,1.3223193364400538,1.2639616069509714,1.6099611002833345,1.273742091080607,0.8252741359144402,-11.485274407129616,78.51472559287038,78.51472559287038
646,1.4947343471339476,1.378216156818087,1.6783334834760866,1.2177578061128569,1.0991221336810373,61.5851960834223,-28.414803916577704,28.414803916577704
647,1.95883855734249,1.8183565581152168,2.277085944271297,1.2522769168174408,0.9838114940300804,22.219498816451548,-67.78050118354845,67.78050118354845
648,1.3585539723246187,1.3629788018080635,1.4379108511136205,1.0549766799059204,1.1774996524025156,28.6670527349213,-61.3329472650787,61.3329472650787
649,3.553626438646273,3.1592004106252363,4.238289264286972,1.3415702435440535,0.8220451876376014,-47.59685948531273,42.403140514687266,42.40314051468727
650,1.843886218520761,1.3866533903204945,2.520272640110804,1.817521709248696,1.0040465001300027,52.02750147830119,-37.97249852169881,37.97249852169881
651,1.946401361393312,1.6514672939768007,2.9549442242581416,1.7892841323805544,0.6734655455168623,-62.79944191849156,27.200558081508433,27.20055808150844
652,3.7659671210165375,3.2727582577006245,4.541326120469806,1.3876142882794076,0.8631194047573394,82.2431193575476,-7.756880642452401,7.756880642452401
653,2.0674091517192297,1.92064377994418,2.4411657605175807,1.2710143265548852,0.9070238154648104,82.35543220612567,-7.64456779387433,7.64456779387433
654,1.6044383463340146,1.0751161323634435,2.5498420269520303,2.371689857677677,0.8438370259090433,60.74867464535364,-29.25132535464636,29.25132535464636
655,3.654697576669488,2.214637298065591,8.663376532977916,3.911871501733072,0.2905917316931835,87.4132523248569,-2.5867476751431013,2.5867476751431013
656,16.520173891213215,12.74764822123869,22.51064656217905,1.7658666266515233,0.6936067087778058,80.95385577461536,-9.046144225384637,9.046144225384637
657,1.8306682257451572,1.2672913879673378,2.814032204150395,2.2205092142730805,0.7947225035997171,8.164171175645238,-81.83582882435476,81.83582882435476
658,3.045802802660224,2.241113928863205,4.55542657990484,2.032661758617314,0.73814742207508,28.93013102669848,-61.069868973301524,61.069868973301524
659,9.243107798687117,6.759920767435776,13.016614092967565,1.9255571981955528,0.7294204708831216,-72.41257483000496,17.587425169995043,17.587425169995043
660,4.8434928583895385,3.186736674172093,7.791853717056712,2.445088663964059,0.7022925275501776,88.61113566341398,-1.3888643365860247,1.3888643365860247
661,2.717107944649237,2.7016085065405044,2.8398099219060406,1.05115523401372,1.0028688963869483,1.9839476719106317,-88.01605232808937,88.01605232808937
662,1.870041939381716,1.4097475599437546,2.8045673630915418,1.989411042643292,0.7827265647556553,47.717010715931046,-42.282989284068954,42.282989284068954
663,14.5672012676968,11.95876995865934,19.715153152389952,1.648593728330247,0.5774811419166751,-79.06957777338461,10.930422226615406,10.930422226615391
664,2.3219164465724,1.9190288464266196,2.903909500841539,1.513218264670093,0.9794856982578836,53.60917831414969,-36.39082168585031,36.39082168585031
665,1.4111624987975715,1.1228575150601443,1.92291091788282,1.7125155169663906,0.9775199231286694,-65.03395628586757,24.96604371413241,24.966043714132425
666,1.4111624987975715,1.2605625306688495,1.6333679188329868,1.2957452558631328,1.21399561069745,76.94168570752551,-13.058314292474492,13.058314292474492
667,1.542705892513396,1.152240366832438,2.2457350995401257,1.9490161638007484,0.8581392940216822,51.14237926773933,-38.85762073226067,38.85762073226067
668,3.1245186915221934,2.925176584389773,3.681950681628424,1.258710568543855,0.7902620530958369,-51.01549511585437,38.98450488414562,38.98450488414563
669,1.6492219709549814,1.5682007232460609,1.9236539612761732,1.2266631004316528,0.9628200891372224,-70.35719298458301,19.64280701541699,19.64280701541699
670,1.5583682828180965,1.2863653957714365,1.9990151561715248,1.5540025895773657,1.077411397212955,70.86417355098958,-19.135826449010423,19.135826449010423
671,15.624147867192208,14.302816100252322,17.24422721420464,1.2056525857100564,0.9254571667990028,11.728616351934884,-78.27138364806511,78.27138364806511
672,1.4783979621211876,1.5603566677086185,1.586971448809536,1.017056857353006,0.9995765666443392,62.07375456987336,-27.92624543012664,27.92624543012664
673,1.461879030667795,1.242135337638905,2.6249405802936665,2.1132484526873268,0.5592610697850197,37.50176123670838,-52.49823876329162,52.49823876329162
674,1.2660243778180809,0.9540968726561542,1.7434476623783497,1.8273277193799884,1.128442873441491,-71.9541583183219,18.045841681678098,18.045841681678098
675,1.3223193364400538,1.0196216673904224,2.0096339272281147,1.97096039786158,0.886816402459848,43.9875720457405,-46.0124279542595,46.0124279542595
676,3.2239773722754084,2.395269250752265,4.435357511283819,1.8517156306710976,0.8482915450369952,-36.828882337312045,53.17111766268795,53.171117662687955
677,1.8306682257451572,1.5644670360426918,2.389804957203129,1.5275521325448462,0.8508471704824674,56.296082376712086,-33.703917623287914,33.703917623287914
678,1.461879030667795,1.2663081229691566,1.8496053785054312,1.4606282191166848,0.9910664031898718,65.8229597912995,-24.177040208700504,24.177040208700504
679,16.10330648806386,10.53034848194048,27.911606276595208,2.650587141010912,0.3205775862364582,-63.48140504539002,26.518594954609966,26.51859495460998
680,19.30113197537002,10.113717373003018,40.17068191677188,3.971900779430639,0.3957735392377555,1.968387031543877,-88.03161296845612,88.03161296845612
681,3.9300552722731736,3.3579628870752845,4.840978731696559,1.4416415232965694,0.7245113976050821,72.09988966099044,-17.900110339009558,17.900110339009558
682,2.414213762644935,1.9021919759014132,3.192758935241651,1.6784630445771185,0.9435153775788728,-50.9737841038316,39.026215896168395,39.0262158961684
683,1.69282125807016,1.7896983419466284,3.079002811583499,1.7204032318846054,0.3811414859669287,-21.082586385391224,68.91741361460878,68.91741361460878
684,7.502859542829622,4.344599745593777,16.26142855920665,3.742906023897536,0.2996851432619183,-34.7241456892917,55.2758543107083,55.2758543107083
685,1.340559085464394,0.9336852675072508,2.027116888960892,2.171092293630037,0.9499998777781063,58.621287503750864,-31.378712496249136,31.378712496249136
686,3.6347081966259984,3.8118558355200345,6.93977418603407,1.8205762456615329,0.2620325810614946,-66.45135509849119,23.548644901508794,23.54864490150881
687,3.0217882140215035,2.2839243384832537,4.091573144872886,1.791466151453198,0.8977036335964819,-83.75370825466626,6.246291745333735,6.246291745333735
688,3.778842259842732,2.893236218227116,5.230158465276088,1.8077191320662247,0.7633534503087642,-75.49212606832813,14.507873931671867,14.507873931671867
689,17.219793238232768,13.81475863037554,26.256127027197163,1.9005852892330568,0.2922653359858564,-35.11967641596143,54.880323584038564,54.88032358403857
690,3.4284102221998127,2.6049041041908403,4.582796931938028,1.7592958314914935,0.8842560906204548,-57.39586066434498,32.60413933565502,32.60413933565502
691,9.619058995371606,7.745466261892744,12.118006106192238,1.5645289381495524,0.8942165111796857,68.7496762069698,-21.250323793030205,21.250323793030205
692,10.904124589877997,9.940581047728656,12.533532796319832,1.260845089048758,0.8268283525802806,15.90239861045935,-74.09760138954064,74.09760138954064
693,2.6991730427448086,2.324044355725774,3.2990950783648847,1.4195491020801163,0.8514945400991669,49.88523114376893,-40.11476885623107,40.11476885623107
694,4.772781138068276,4.444468882580566,5.467973265446378,1.230287219891962,0.8014453860247364,-72.90537952659085,17.09462047340915,17.09462047340915
695,1.4947343471339476,1.3711837344694149,1.880401026398268,1.3713705750206386,0.8978919062495104,48.040029394927565,-41.959970605072435,41.959970605072435
696,1.5108941070107518,1.0249007475701506,2.513573474198155,2.4525042841049447,0.6659309024681097,83.68898191962931,-6.311018080370687,6.311018080370687
697,2.0078170808425457,1.5395324104858217,2.84222023158643,1.8461581011402848,0.8066269814050645,59.822030492158326,-30.177969507841674,30.177969507841674
698,2.607648897704901,2.5819477706230014,3.010457709753857,1.1659638293254322,0.8158486322318461,69.07045112794874,-20.929548872051257,20.929548872051257
699,2.690160753669267,2.0789913869637484,3.5779202592629336,1.720988495526327,0.889390570307557,44.91491836011272,-45.08508163988728,45.08508163988728
700,1.4783979621211876,1.326668983545165,1.721822673275986,1.297854019828578,1.1224917514934534,-20.785815720572508,69.21418427942749,69.21418427942749
701,3.4566280662049307,2.697901969802872,10.759625709358486,3.9881455404195663,0.2264406748655638,-70.25881455642558,19.74118544357441,19.741185443574423
702,1.9086035621207809,2.304462624646296,3.7618662046209743,1.6324266509630945,0.3191302145923624,-32.75579148865597,57.24420851134403,57.24420851134403
703,2.5031101051741675,1.6210953018697567,4.122505182734029,2.543036907194271,0.6876216566733668,-2.1370794612205164,87.86292053877948,87.86292053877948
704,1.4111624987975715,0.9693690311324288,2.2226644777607247,2.292898170229537,0.9216198485192734,88.26730098993824,-1.732699010061765,1.732699010061765
705,3.954695358622917,3.849806571618573,5.080825638489875,1.319761277344837,0.4842490927839902,44.799709240941816,-45.200290759058184,45.200290759058184
706,1.4111624987975715,1.3232477484155505,1.657850139322441,1.252864508031502,1.063829511511435,-55.40495516934177,34.595044830658225,34.59504483065823
707,1.5892300566907107,1.1664961558485405,2.356255400192342,2.019942704807577,0.855398640898993,-30.53174096234878,59.46825903765122,59.46825903765122
708,1.7768132193231367,1.5033794882698377,2.28222585418671,1.518063717107919,0.93283307596414,-34.213982123602534,55.786017876397466,55.786017876397466
709,4.3856370920033845,4.184589302568599,5.390505955515695,1.2881804081004735,0.655044201820055,0.28228479615533,-89.71771520384468,89.71771520384468
710,1.6492219709549814,1.5444627085024711,1.874909045379645,1.213955529685517,1.037566327862239,0.8488703855335669,-89.15112961446643,89.15112961446643
711,1.946401361393312,1.625956649787618,2.8505788736352744,1.753170279175411,0.6397293131730167,-69.42947683261507,20.57052316738492,20.570523167384934
712,1.1451621372724683,1.1325574601943378,1.2315202239246066,1.0873799053986075,1.1554594829070572,7.46570858906876,-82.53429141093125,82.53429141093125
713,1.3223193364400538,1.182152668752941,1.6111183970752037,1.3628682992145007,1.028469107325756,50.81616826273749,-39.18383173726251,39.18383173726251
714,3.772410183248298,3.3304197461502296,4.53896559379555,1.3628809398702155,0.7500027138610899,66.94172463739967,-23.058275362600327,23.058275362600327
715,3.973075141726776,4.148768475502789,5.146629485814066,1.240519811168867,0.5057335125935768,87.16751250187257,-2.832487498127435,2.832487498127435
716,15.30695297203586,7.968282722114424,30.927430560276743,3.881316920952573,0.3749140673026592,-36.50017704813824,53.49982295186176,53.49982295186176
717,2.279696262327928,1.6213723764331571,3.323638866841016,2.049892372135178,0.8532538707365416,24.836711934341555,-65.16328806565845,65.16328806565845
718,8.269636606876919,6.479262311895005,11.961094688279765,1.8460581023739215,0.6282392779760878,-2.910775807435837,87.08922419256416,87.08922419256416
719,1.3585539723246187,1.3152004061057758,1.8460217290049248,1.403604895827912,0.7190591607674898,18.43494882292205,-71.56505117707795,71.56505117707795
720,1.3938469657443524,1.2220814453863336,1.7913031858406503,1.465780527642632,0.9717943116912824,-75.17813485190489,14.821865148095128,14.821865148095114
721,1.69282125807016,2.146284264961964,4.415723047114897,2.057380338290441,0.2497605874161887,11.520460080075692,-78.4795399199243,78.4795399199243
722,3.327764020226496,2.91470518290383,3.918899812289682,1.3445269989143136,0.9555764071423274,13.433426931682115,-76.56657306831788,76.56657306831788
723,1.542705892513396,1.2276018908535695,2.190407203622944,1.7842976782154691,0.8455297872413108,-41.30299567870086,48.69700432129915,48.69700432129914
724,1.4451712930335778,0.9428655689164392,2.6669532769429365,2.828561530789437,0.6085609594720616,31.396731481193115,-58.603268518806885,58.603268518806885
725,15.270418917104614,10.278287166616966,26.99114962711694,2.626035757668065,0.4666659065924972,-51.80803114657948,38.19196885342052,38.19196885342052
726,1.6044383463340146,1.33162595304512,2.0989293755544933,1.5762154310335632,0.9432726581305098,47.7663516371479,-42.2336483628521,42.2336483628521
727,3.991370289023665,3.6753031004439074,4.435475375806976,1.2068325399533046,0.9922882856153632,89.67860841025207,-0.32139158974793247,0.32139158974793247
728,1.5738748168108194,1.4643925108477285,1.7568396907290036,1.199705459919335,1.1439847123847446,3.865227666168343,-86.13477233383166,86.13477233383166
729,4.596526061339452,3.7710499277890457,6.100789546902066,1.6177960153603532,0.7593759706316638,12.274188384919134,-77.72581161508087,77.72581161508087
730,5.801652543010727,4.379334671870897,8.53711371881615,1.9494088391214477,0.5669361255407618,14.531916874843816,-75.46808312515618,75.46808312515618
731,1.340559085464394,1.0949090452520147,3.127370015458065,2.8562829296366257,0.4000898977757181,43.50205455278191,-46.49794544721809,46.49794544721809
732,6.688287195099867,4.47443575852696,10.37393147674793,2.3184893105188213,0.7237991835821153,-28.168574235303705,61.83142576469629,61.83142576469629
733,7.010925538546453,3.310938613882681,15.955085573027356,4.818901053051268,0.4052817949009867,-18.896599523218256,71.10340047678174,71.10340047678174
734,2.34274122622605,1.6951417776596835,3.504554337868032,2.06741075233626,0.7526770183119238,4.160928420600191,-85.83907157939981,85.83907157939981
735,1.4783979621211876,1.127860734085519,2.115426816939309,1.8756099516617355,0.9180235445682592,-52.44313342450879,37.5568665754912,37.55686657549121
736,1.376313601551939,1.2400780882998013,1.698277132621416,1.3694920897681733,0.9474994538990004,-81.31178158069052,8.688218419309464,8.688218419309479
737,2.9813340704976232,2.2767887435606773,4.192387095068529,1.841359725150451,0.7131961494404437,-74.00156006111658,15.998439938883422,15.998439938883422
738,2.043780842560348,1.4510027382006658,3.1538252476972675,2.173548791236747,0.7257403445199022,-69.14997914326834,20.850020856731646,20.85002085673166
739,1.895836839826219,1.6296384812514215,2.5363087343259183,1.5563628151307842,0.8175454623476724,-17.337899454429202,72.6621005455708,72.6621005455708
740,2.579558503195455,2.2264610841169232,3.227317777630509,1.4495280428000628,0.831184957107481,-74.2530488561373,15.746951143862702,15.746951143862702
741,3.2984439419099627,2.318209113993146,4.81078069916948,2.0752142980245845,0.8596700889579693,-31.043657854408973,58.95634214559102,58.95634214559102
742,1.7212740281460053,1.2938855709471806,2.542443244869737,1.96496761534218,0.7521982231801523,87.36512603642856,-2.6348739635714367,2.6348739635714367
743,1.3038244488524504,1.3237402266617,1.4649480927906733,1.106673396550833,1.024764745775823,55.6853111346715,-34.3146888653285,34.3146888653285
744,3.2239773722754084,3.9717088700722183,5.019178640184244,1.263732767022518,0.2501063731286804,-29.796531347611555,60.20346865238844,60.203468652388445
745,1.7212740281460053,1.1076029432778385,2.832402700771129,2.5572365241184007,0.8047023663412394,-82.66658139755562,7.333418602444397,7.333418602444382
746,1.6784140066373283,1.599093729258515,2.204447778117561,1.3785607045934347,0.6744235951340407,-37.839524233753416,52.16047576624658,52.160475766246584
747,1.9212854528773184,1.7142977074865278,2.236197507435147,1.3044394201015523,0.9982413010931728,4.149147593012394,-85.8508524069876,85.8508524069876
748,3.3999581931683647,2.531754747393604,4.93355402552175,1.9486698032661955,0.7043870124570432,-75.18044877165224,14.819551228347763,14.819551228347763
749,1.4451712930335778,1.0795859929293057,2.168952559001172,2.009059559133425,0.8038477199078631,-55.97116812815966,34.02883187184034,34.02883187184034
750,1.340559085464394,1.1614215244121322,1.7962068258652195,1.5465589263763575,0.7660126489421619,-35.50715633699531,54.49284366300469,54.49284366300469
751,2.717107944649237,1.8715441898924137,4.604978424141608,2.4605234805630354,0.5299792792409013,61.39803040793977,-28.60196959206023,28.60196959206023
752,1.1451621372724683,0.9198276165875492,1.55038169396286,1.685513313586508,1.1543813775466585,89.41480194126352,-0.5851980587364807,0.5851980587364807
753,3.4706509556956857,3.057590978596427,4.138215253734828,1.353423424749394,0.8519968318818375,77.65216751159201,-12.347832488407988,12.347832488407988
754,3.1089349599944707,3.1404631267483203,3.979203913440235,1.2670755085605347,0.4900093484365552,86.9041757835459,-3.0958242164541048,3.0958242164541048
755,2.672044986969093,1.9317954442046248,3.994424738142735,2.067726554654627,0.7253483769322585,25.62607557649828,-64.37392442350172,64.37392442350172
756,12.422062378241709,9.102933266570393,18.936397929955547,2.080252307187351,0.5013319368370015,10.362561614112714,-79.6374383858873,79.6374383858873
757,8.178093442408498,6.516966645122412,20.34590450964848,3.1219899713429187,0.2076987016938028,1.1590987680994254,-88.84090123190057,88.84090123190057
758,2.761435632667426,2.078328412052589,3.8341005610332974,1.8448001474640292,0.8921788178454918,-35.344921654833016,54.655078345166984,54.655078345166984
759,1.2660243778180809,1.1143905017625797,1.5173214231955563,1.3615706709593092,1.1255053688341874,-23.9996408906414,66.0003591093586,66.0003591093586
760,2.598319175852673,1.8105061587851867,3.8719252614953263,2.138587180555801,0.8005803563155823,80.29412471752549,-9.705875282474508,9.705875282474508
761,3.7659671210165375,4.107155547010874,6.239566382671692,1.5191940775685389,0.2323577339534456,-79.47679748388848,10.523202516111525,10.523202516111525
762,2.6991730427448086,1.683076944109584,4.440813811006513,2.63850908691277,0.7524464632312582,-81.58347570963332,8.41652429036668,8.41652429036668
763,1.2660243778180809,1.0406658590876374,1.6263391838318666,1.562787103689262,1.09416074282788,71.84876579858862,-18.151234201411384,18.151234201411384
764,11.876361388077155,10.30401118299292,14.025760884613277,1.3611942607130718,0.8665308711786591,79.23159382608449,-10.768406173915508,10.768406173915508
765,8.263761198243996,5.72850169922559,12.417996828172576,2.1677565060077244,0.6659531315405096,49.23980067338696,-40.76019932661304,40.76019932661304
766,11.99235019351038,11.08230745335931,13.26936093395962,1.197346400089032,0.8702243062866736,-9.797934667963863,80.20206533203614,80.20206533203614
767,5.1496939537642605,6.144787302881406,7.671148433171888,1.2483993432245803,0.2575402521621754,6.674567115636157,-83.32543288436385,83.32543288436385
768,2.752627203103878,2.0937522165025206,3.845918252112376,1.8368545340750664,0.8076809828008165,41.83335776786593,-48.16664223213407,48.16664223213407
769,1.3585539723246187,0.9258708290631026,2.140980288739079,2.3123963100830784,0.8937286188861178,81.87197723422985,-8.128022765770154,8.128022765770154
770,1.4783979621211876,1.290604318932172,1.7692362002594688,1.3708587320731345,1.1109785826871714,-1.2975330594744932,88.70246694052551,88.70246694052551
771,2.383845085036066,1.9682650710112344,2.9956806826270648,1.5219904710740892,0.9376682766964972,-80.3275789375599,9.672421062440094,9.672421062440094
772,3.140025082999704,1.83122786810214,7.129353345560998,3.893209288557717,0.3669994912575378,88.0796179399651,-1.9203820600348962,1.9203820600348962
773,5.41631068118443,3.649860116525488,9.651544048251486,2.64435998644226,0.4931468321278062,85.54430670001362,-4.455693299986379,4.455693299986379
774,3.3928079051421145,3.179995189803844,4.079017754112391,1.2827119258516877,0.6459984169612135,63.855801610396696,-26.144198389603304,26.144198389603304
775,1.5738748168108194,1.454394569898925,1.828080997736916,1.2569360719381404,1.0328388965950932,-71.56724339392072,18.432756606079295,18.43275660607928
776,3.601145998724694,3.496662436835442,4.313671071900374,1.2336538484407842,0.6842696762820933,79.57753969151655,-10.422460308483451,10.422460308483451
777,1.542705892513396,1.074587151710506,2.5938911052286144,2.4138489847935656,0.7028325500910019,31.786426487166352,-58.21357351283365,58.21357351283365
778,1.946401361393312,1.7400971039912587,2.802204692767817,1.610372597219088,0.5886778598593365,-38.60320070285394,51.39679929714606,51.39679929714606
779,1.9711972828282505,1.5890955277077097,2.5087160303188947,1.5787068722908997,1.0173559318324772,-74.8888984048208,15.111101595179207,15.111101595179207
780,1.6492219709549814,1.341931693457018,2.16221806137233,1.6112728180688027,0.9339956135902724,-79.79167628073468,10.208323719265309,10.208323719265323
781,1.9956851445118324,1.763827298961542,2.5764820583854613,1.4607337463834311,0.7642199509992685,87.6972829440833,-2.302717055916702,2.302717055916702
782,4.967260706034783,4.353417215218611,5.8316698901877295,1.3395614529665258,0.7279703042750677,60.84875450887911,-29.15124549112089,29.15124549112089
783,1.7630924485867383,1.6893523772822865,1.955465482243106,1.1575237401855285,1.0837069555685477,69.7461356123009,-20.253864387699096,20.253864387699096
784,1.9711972828282505,1.628258166010793,2.5687967714076625,1.5776348155533433,0.7616319379981502,-79.29490499479802,10.705095005201997,10.705095005201983
785,2.9320524271101838,2.6785887813150637,3.8650869705648736,1.4429564543562727,0.6345078774201863,30.074846646191208,-59.925153353808795,59.925153353808795
786,2.3219164465724,1.8665367943161395,3.0864459916881857,1.6535682559737568,0.8329911099981671,-39.64333869234056,50.35666130765944,50.35666130765944
787,3.0696295240609217,2.2067501456174905,4.503822430593499,2.040929934699628,0.7064550981178724,-22.34740683674096,67.65259316325904,67.65259316325904
788,1.895836839826219,1.4562264130245213,2.572830101173062,1.7667789006995154,0.8865984356329942,76.04450140664544,-13.955498593354562,13.955498593354562
789,1.3585539723246187,1.1745648215607998,1.7888562576900044,1.522994921057583,0.9211782922112032,87.32208747857241,-2.6779125214275865,2.6779125214275865
790,2.4836303530173915,1.5277369133521024,4.205882502526576,2.753014910988953,0.7416556131632844,-50.241851024708055,39.75814897529193,39.758148975291945
791,1.6492219709549814,1.3978143494686102,2.028335180565757,1.4510762329323947,1.0768972079507109,57.906224064217504,-32.093775935782496,32.093775935782496
792,1.9834790046600808,1.659034500415029,2.7297144903783663,1.645363306004482,0.6606834551997576,-55.97189988753193,34.02810011246805,34.02810011246807
793,1.5583682828180965,1.2442443116485244,2.1994910867850668,1.7677324832378911,0.8943169892772618,80.55123897660965,-9.448761023390347,9.448761023390347
794,1.3038244488524504,1.084076981580989,2.080741181292128,1.9193666286112177,0.6930859459998031,66.36697242572745,-23.633027574272546,23.633027574272546
795,1.7768132193231367,1.528216413519909,2.136438235450443,1.3979945618628906,1.048434510361684,79.6337474016869,-10.366252598313096,10.366252598313096
796,7.431309182726582,6.27382969664619,8.939508167343527,1.4248885608294937,0.9034538890670568,-45.80524623085799,44.19475376914201,44.19475376914201
797,1.857010129468512,2.105003824535066,3.310458760280853,1.5726616368557131,0.3464691594767133,75.25356849828616,-14.746431501713843,14.746431501713843
798,2.3009031958488952,1.6295433841173248,3.322522810660542,2.038928722637387,0.8928398579581298,-49.5082522263878,40.49174777361219,40.4917477736122
799,5.8141966712622,4.796280335688032,7.24479159949904,1.5105021167324586,0.8284292844673178,77.12913843135182,-12.87086156864818,12.87086156864818
800,1.8829835605082688,1.4810556483296111,2.53732197740585,1.7131847680858814,0.8291056840888361,79.80793129700972,-10.192068702990284,10.192068702990284
801,10.369884198614791,9.873425617994176,20.32816275569849,2.058876376062498,0.1669629853899169,-45.43087333038681,44.56912666961318,44.56912666961319
802,2.170555852193912,1.9394816942700823,2.525486229812432,1.3021449170021118,0.9571628981175764,36.368323421689645,-53.631676578310355,53.631676578310355
803,2.353084504890762,1.7226743410858707,3.6147057412396495,2.0983105483310074,0.7561660938904932,-80.5967245408097,9.403275459190297,9.403275459190297
804,2.7260311474694987,2.3713734705603016,3.2382830276923458,1.3655727652748064,0.9319809494655168,17.731593007119415,-72.26840699288059,72.26840699288059
805,1.4111624987975715,1.32030410722149,1.5612357788584683,1.1824819526949788,1.2478038277053514,-53.10852744439794,36.891472555602064,36.89147255560206
806,1.7630924485867383,1.614731386034134,2.0875089570220395,1.2927902281933543,0.8973136408771272,-12.17736995054069,77.8226300494593,77.8226300494593
807,1.895836839826219,1.4835384528780833,2.79928448635856,1.886897155195346,0.7191614051081298,-76.72127554674475,13.27872445325525,13.27872445325525
808,2.0198761507134417,1.489494738943006,2.999118597191412,2.0135140586798475,0.8300459124466548,-9.726346574399708,80.27365342560029,80.27365342560029
809,2.2582901895629326,2.038269975724708,2.575226815854709,1.263437545823186,1.0832989175029049,13.69368368308622,-76.30631631691378,76.30631631691378
810,1.7904288454052892,1.6508162530301624,2.140609809400256,1.296697803569023,0.8279543092500222,72.02159394202152,-17.978406057978475,17.978406057978475
811,1.2660243778180809,1.1874510340318456,1.443872984406766,1.2159431783088106,1.128442873441491,17.835230178650946,-72.16476982134905,72.16476982134905
812,4.158245223509692,4.080418323460926,4.508377840825065,1.1048812850642118,0.8771889325669183,-49.16631718706339,40.833682812936615,40.83368281293661
813,9.161297098179748,7.707800544018513,14.111965752817571,1.830868050129928,0.5081756139062543,13.15731903204424,-76.84268096795576,76.84268096795576
814,24.43310760621541,29.655597717500683,34.350834222712784,1.1583254719712257,0.2262775249974062,38.72751483551032,-51.27248516448968,51.27248516448968
815,10.099380753567209,9.200659600341252,12.203890477483114,1.3264147362902623,0.4923337799946009,7.605667667209441,-82.39433233279055,82.39433233279055
816,1.5108941070107518,1.257607565451753,1.9195804794230176,1.526374786663655,0.9374762604956768,89.99247296660607,-0.0075270333939272405,0.0075270333939272405
817,5.540432108586194,3.735671081994586,8.354366349672432,2.236376320693573,0.7653947697062737,-78.903024270134,11.096975729866017,11.096975729866003
818,2.1480624384075764,1.8644208329526488,2.8832795366303583,1.5464746400973015,0.7368517517449197,-47.25808699898311,42.74191300101688,42.74191300101689
819,2.236679259992467,2.074584134993568,2.530496129364884,1.2197606675386676,0.9189459327139904,-20.42547356785628,69.57452643214373,69.57452643214373
820,2.031863651507851,1.5297274544336357,2.892692272435508,1.890985393542861,0.8084771519174994,47.68598250414786,-42.31401749585214,42.31401749585214
821,2.813707191225227,2.542721411278737,3.2471403411408453,1.2770334676608772,0.898586450076402,19.985674162318077,-70.01432583768192,70.01432583768192
822,3.3928079051421145,2.065550535998249,5.790008539293443,2.8031309030622293,0.6592719110796174,88.7426674156772,-1.2573325843227963,1.2573325843227963
823,1.9834790046600808,1.5606697381456096,2.876314381718102,1.8430000348028424,0.792293655866267,61.6077439687112,-28.392256031288802,28.392256031288802
824,6.027481655318878,4.749128245909963,8.963176408684893,1.887330883600405,0.4523076832231035,-66.41418815156464,23.585811848435355,23.585811848435355
825,1.5738748168108194,1.2434426421345397,2.113005564080962,1.6993188849094791,0.9254229906967888,-82.22093005688478,7.779069943115218,7.779069943115218
826,2.125330979189304,1.866888270661284,2.534337654318425,1.3575197263523002,0.9784084899334442,89.77702088018174,-0.22297911981826246,0.22297911981826246
827,2.770216054293097,2.508876382489424,3.262279749883888,1.3002951331730823,0.827177826124847,84.74023458212903,-5.259765417870966,5.259765417870966
828,1.526882849696625,1.4788024174875505,1.7602892941736257,1.1903478607806948,0.9165178351024506,31.598357053205373,-58.401642946794624,58.401642946794624
829,4.279132885865594,2.0885155471888432,9.122407345911084,4.3678905614037244,0.5222031459053806,64.38633962455184,-25.613660375448163,25.613660375448163
830,1.4111624987975715,1.0778231017874618,1.949069339135467,1.808338804302052,1.0456953015007473,61.2476966261224,-28.752303373877602,28.752303373877602
831,10.715411023724709,8.455775858769792,13.70522409985636,1.6208121322944211,0.858015799202952,59.26856863126923,-30.731431368730767,30.731431368730767
832,1.542705892513396,1.371105999214312,1.8875082861405916,1.3766319213993627,0.94902980488367,34.76959044508296,-55.23040955491704,55.23040955491704
833,6.440417682074638,4.983385893099843,10.441588364368654,2.0952799137683504,0.5131035439941484,75.81583104576237,-14.184168954237634,14.184168954237634
834,1.3223193364400538,1.4557545183736678,1.6430283150921436,1.1286438024782457,0.6636389817655926,70.00195997612018,-19.998040023879824,19.998040023879824
835,3.305798341100134,2.360241007289928,5.109032827139391,2.164623363190218,0.67685741640063,73.45123341557446,-16.548766584425536,16.548766584425536
836,37.014445334661886,25.155468607325567,65.67867215536805,2.6109103026703964,0.4077486524266184,11.730054946288774,-78.26994505371123,78.26994505371123
837,1.4451712930335778,1.0281371354094735,2.129519304902855,2.0712405296543803,0.932278627243213,35.62086914391371,-54.37913085608629,54.37913085608629
838,2.031863651507851,1.6333724096639444,2.670238397097945,1.6348007235210549,0.9041582598562552,77.39666700764273,-12.603332992357267,12.603332992357267
839,1.5108941070107518,1.3692955873480317,1.846967611686951,1.3488450768062763,0.9020591951719216,-5.6630497271332025,84.3369502728668,84.3369502728668
840,1.542705892513396,0.9708782650540606,3.117676358213343,3.211191835713558,0.5389798677423755,-16.732736598544854,73.26726340145515,73.26726340145515
841,12.27258309963677,10.415736739055657,15.45560454282141,1.4838705057576842,0.7878827503644743,18.230406247480836,-71.76959375251917,71.76959375251917
842,1.2850634067342854,1.1351366665318747,1.5111719112377917,1.3312686972351957,1.2295618172940808,74.1922657158937,-15.807734284106303,15.807734284106303
843,2.4442051456532488,2.2701395208394524,2.9680859826368806,1.307446505111431,0.8290291765808789,17.9209051472455,-72.07909485275451,72.07909485275451
844,5.87651567202747,5.103377078749944,10.518942541866693,2.061172901698119,0.2382612593005774,66.53137380548291,-23.468626194517086,23.468626194517086
845,3.91767711468498,3.055503292154469,5.267081724888109,1.72380168544156,0.8417551604433546,-57.65529623776986,32.344703762230154,32.34470376223014
846,1.5108941070107518,1.2745215371094163,1.93284857283834,1.516528765156839,1.018325339374221,-56.13460533290324,33.86539466709675,33.86539466709676
847,1.933884181003576,1.272732874075703,3.05882458763262,2.4033515987037197,0.8436703395283931,7.453774997442194,-82.5462250025578,82.5462250025578
848,8.040334668672873,4.073371866974486,16.62431579521094,4.08121731531443,0.503749817627684,-86.61763731176978,3.3823626882302165,3.3823626882302165
849,1.2270604129519955,1.045366685767484,1.6712230299830089,1.598695513006554,0.9519688308917622,87.4066610723206,-2.5933389276793974,2.5933389276793974
850,1.461879030667795,1.316185765339754,1.6930178279201828,1.286306137403906,1.1931513003025511,-71.38664135877562,18.61335864122438,18.61335864122438
851,1.4947343471339476,1.137499991200796,3.012578359758088,2.6484205565380927,0.4516061564708821,-47.34196097442217,42.658039025577835,42.65803902557783
852,1.9711972828282505,1.873837046184423,2.162140729085627,1.1538573930365283,1.03360035654946,1.6444866203623587,-88.35551337963764,88.35551337963764
853,6.500469495747637,6.43472174913962,10.581318052593405,1.6444095743546676,0.3189957507468438,-56.59021640422143,33.40978359577858,33.40978359577857
854,17.119368929564498,11.153749830828009,32.524369260980635,2.916003115928427,0.2897354513086711,-60.83463023251526,29.165369767484748,29.16536976748474
855,29.468410466731832,20.04141114144627,49.38122481780672,2.463959472179321,0.4589315990036741,44.52655056306993,-45.47344943693007,45.47344943693007
856,1.2850634067342854,0.6657322633310021,3.2084686971491325,4.81945802220176,0.441854951179564,-71.08351615632921,18.91648384367079,18.91648384367079
857,1.870041939381716,1.6095514807721936,2.2393307839975467,1.391276272147078,0.9891539774803828,80.20912503498946,-9.790874965010545,9.790874965010545
858,1.526882849696625,1.3919843940329222,2.060557630966431,1.480302250369695,0.7162362294513496,-28.537960979838083,61.46203902016191,61.46203902016192
859,4.8434928583895385,4.268650174384677,5.597109661102608,1.3112130140552984,0.8840516102329121,-28.523184063966557,61.47681593603345,61.47681593603345
860,1.3585539723246187,1.3324425374152926,3.416191688808581,2.563856671399429,0.3369424929999066,-40.140483946670216,49.8595160533298,49.859516053329784
861,1.6492219709549814,1.5122843755150055,1.8622215289144024,1.2313963954565266,1.127389403704624,68.18784462479637,-21.81215537520363,21.81215537520363
862,2.607648897704901,2.2539078865711777,3.3793300253315848,1.499320378381784,0.7591151956392824,80.10337395180683,-9.89662604819317,9.89662604819317
863,7.612114639097145,5.678208295094332,13.671542373449864,2.4077211794539743,0.4034329937046961,77.68079790179684,-12.319202098203164,12.319202098203164
864,1.4111624987975715,1.321004422911333,1.6276066396169957,1.2320977972427596,0.9881655912139976,-39.37211115545264,50.62788884454736,50.62788884454736
865,6.651878175610115,5.207495306891122,10.948704760164174,2.1024896067934358,0.5708580480289441,-44.31110612798143,45.68889387201858,45.68889387201857
866,8.614831263672144,7.3711976803262305,10.188082007964187,1.3821474405924885,0.8848601880126344,6.336244116190732,-83.66375588380927,83.66375588380927
867,3.3204582726208347,2.742311358369536,4.10572517314824,1.4971768835138155,0.969751404114288,-57.37189347773319,32.62810652226682,32.62810652226681
868,1.4451712930335778,1.0602595911739856,2.1022782170825653,1.982795755476064,0.896843902606035,50.281270365452805,-39.718729634547195,39.718729634547195
869,1.461879030667795,1.2965637817835995,1.692889057045884,1.3056735664149783,1.2579773076003955,-30.517122431170765,59.48287756882924,59.48287756882924
870,4.478784062937135,1.93686123748756,11.759207383307954,6.071269926678722,0.3442799505947057,-2.311164338729337,87.68883566127066,87.68883566127066
871,1.5583682828180965,1.3489880622091248,2.07612060847484,1.5390207420182431,0.8079347259505847,-77.86820064413018,12.131799355869816,12.131799355869816
872,2.79639190560923,2.1152834422195386,4.200665517634949,1.98586413233928,0.692206155987741,39.854677011577664,-50.145322988422336,50.145322988422336
873,5.601461525996855,5.042993955368471,6.5602275539603125,1.300859690100696,0.7950677350376169,44.62167163081803,-45.37832836918197,45.37832836918197
874,5.784884726027941,3.474572593347865,10.1392616860905,2.9181320619123943,0.6546296039987245,88.3186052634553,-1.6813947365447035,1.6813947365447035
875,1.5583682828180965,1.347741621714709,2.346907333388874,1.741362955314049,0.678719218061651,-84.23950893946572,5.760491060534264,5.760491060534278
876,1.526882849696625,1.166253780574442,2.3176428209416287,1.9872542833688105,0.7952858026659055,-58.33159898056715,31.66840101943285,31.66840101943285
877,1.5738748168108194,1.057540764261327,3.2019044294151686,3.0276888963723687,0.4568117302432787,-22.14921854757855,67.85078145242144,67.85078145242144
878,10.411952867087058,7.251100794930215,19.606570857891505,2.7039440510329023,0.3287199577700048,-24.670545370898537,65.32945462910146,65.32945462910146
879,2.873489132855324,2.495575039260899,3.54105906837861,1.4189351202307852,0.7159387768916832,-23.9632124136247,66.0367875863753,66.0367875863753
880,1.5108941070107518,1.2505065912600697,2.0006657545441957,1.5998842137475102,0.9970163046102788,-17.750729291009744,72.24927070899025,72.24927070899025
881,1.6344304437273447,1.4019949984663218,2.1205435052911747,1.5125185950098905,0.8945568538392665,-69.07361270998908,20.926387290010922,20.926387290010922
882,1.6492219709549814,1.3993354813913368,2.0671674264748083,1.477249347254067,0.9156906351753504,-63.6497847005533,26.35021529944669,26.350215299446702
883,1.4947343471339476,1.1545858274930547,2.1638129753754387,1.874103183886912,0.7789143743148936,67.78439324160647,-22.215606758393534,22.215606758393534
884,2.4442051456532488,1.5354502176091644,4.720478939566681,3.07432887463906,0.5811258379004298,-39.2807166126092,50.71928338739082,50.7192833873908
885,2.363382516914025,1.8032218134886788,4.036554359276647,2.238523474528715,0.5347098587331162,80.31818681238748,-9.68181318761252,9.68181318761252
886,1.4451712930335778,1.3364460264327394,1.6994579946491082,1.2716248625358448,1.0274402553974913,-23.60456379765014,66.39543620234986,66.39543620234986
887,2.734925236834042,2.078918536675331,5.040471065153999,2.424564010677817,0.4663689138287917,-42.23264273688068,47.76735726311932,47.76735726311932
888,1.5892300566907107,1.4200308557556467,1.993795500029085,1.40405082885901,0.8054558644537865,29.11838861234662,-60.88161138765338,60.88161138765338
889,1.7212740281460053,1.2125469900774126,2.625627383050332,2.16538196419316,0.738348962932128,-68.12862068985453,21.87137931014547,21.87137931014547
890,1.6344304437273447,1.382305327715177,2.2474668039317813,1.6258830512117295,0.8091034898322187,-78.43067417787648,11.569325822123517,11.569325822123517
891,1.4783979621211876,1.21249194122988,2.032654669019445,1.6764273640925322,0.9247927016403736,-67.57340890981214,22.426591090187856,22.426591090187856
892,1.9711972828282505,1.5517745124157167,4.413283700514504,2.844023835424484,0.369622087073806,-39.37576492580536,50.624235074194644,50.62423507419464
893,1.2660243778180809,1.171819648660068,1.520594482700832,1.2976352499632302,0.9494515152989648,1.1972429324847165,-88.80275706751529,88.80275706751529
894,1.857010129468512,1.849297974979753,2.373717143704888,1.283577430906383,0.6659032268059967,-53.05918350690258,36.94081649309743,36.94081649309742
895,11.703335428671137,8.883228884954512,16.5615100246513,1.8643570079232636,0.686702276152841,-18.41868597157839,71.58131402842162,71.58131402842162
896,1.663882010113248,1.387384037857069,2.146632540287829,1.5472518651746077,0.9698702814292616,51.12386537306275,-38.87613462693725,38.87613462693725
897,1.5892300566907107,1.511366009396104,1.741104341058728,1.152007078519928,1.1639556677814993,16.55220420072987,-73.44779579927012,73.44779579927012
898,1.6195038256468852,1.436150770650095,1.935692202595412,1.347833557697561,1.016606944583464,69.94725312304561,-20.052746876954387,20.052746876954387
899,2.192818546001692,1.9387653350969,2.599435518734216,1.3407685147229516,0.937815655841976,-66.5118950021364,23.488104997863616,23.4881049978636
900,7.335926620437137,5.3446305541258585,14.015658427983768,2.622381151708268,0.3715213573572693,53.22400884868334,-36.77599115131666,36.77599115131666
901,1.5108941070107518,0.8904236406069133,5.969449002659891,6.704054935683324,0.201520555008122,23.694898076608588,-66.30510192339142,66.30510192339142
902,2.588955833054293,2.0130040124012982,3.506455596846498,1.7419019412006396,0.7880914226463612,-87.21320890715663,2.786791092843373,2.786791092843373
903,7.519026033331635,6.418217715655093,8.859387189921614,1.3803500570434228,0.9458045905951356,13.40811738038038,-76.59188261961962,76.59188261961962
904,1.7904288454052892,1.6881758891829235,2.002831221066468,1.1863877655756814,1.0645642720595565,52.60997763822743,-37.39002236177257,37.39002236177257
905,2.383845085036066,1.869753827261237,3.1940878982726155,1.7082932799507762,0.8709796381359222,80.86781344385689,-9.132186556143111,9.132186556143111
906,2.4639966035353127,2.350709795117967,2.7398017664701806,1.1655210575802648,0.9256609601811054,3.950472374104893,-86.04952762589511,86.04952762589511
907,6.031509374883162,4.752951256452461,8.15759861749203,1.7163228018418075,0.5820632118680502,-9.705685392983774,80.29431460701622,80.29431460701622
908,1.340559085464394,1.0385465215831162,2.033937736850305,1.9584464389229832,0.841643223791625,49.79157932193145,-40.20842067806855,40.20842067806855
909,1.3038244488524504,1.3292425151512277,1.3799547757320887,1.0381512477992711,1.1824793997267606,-39.14128264839812,50.85871735160188,50.85871735160188
910,1.5738748168108194,1.2645407844567316,2.0565293512637357,1.6263052774112428,1.0418534490484497,-18.207986956243232,71.79201304375677,71.79201304375677
911,1.186817925731738,1.065181809929475,1.4574305515973225,1.3682458130728106,1.0801501256221056,11.119207973490946,-78.88079202650906,78.88079202650906
912,3.4706509556956857,3.805640639126818,4.552919276886976,1.1963607993033247,0.4477308892502497,86.32266869342723,-3.6773313065727677,3.6773313065727677
913,1.6344304437273447,1.3097118755203396,2.2793157970292857,1.7403184926636852,0.8887281985456432,-53.51985726509656,36.48014273490344,36.48014273490344
914,1.5738748168108194,1.337800251110555,1.9060886067304037,1.4247931297277696,1.0738239998571069,63.81275579339428,-26.18724420660572,26.18724420660572
915,1.3038244488524504,1.2904923090716895,1.513863848220707,1.1730901746401718,0.8840431293282646,60.03636719454878,-29.96363280545122,29.96363280545122
916,1.933884181003576,1.456075132241415,2.730769287232161,1.875431580943588,0.8370825761970202,11.56795025739094,-78.43204974260905,78.43204974260905
917,18.113308127757925,15.628534289015423,25.111475360684405,1.6067709803301324,0.6354645807797638,-5.7195948928125135,84.28040510718749,84.28040510718749
918,1.4111624987975715,1.3063838959755556,1.6001363201001022,1.2248591895762646,1.129041483802252,-68.36159000446857,21.638409995531447,21.638409995531433
919,1.5108941070107518,1.473282720577964,1.7634112228776624,1.1969265628703512,0.8055762095121857,5.23837116937141,-84.7616288306286,84.7616288306286
920,1.4282681233264556,1.0215564957299976,2.2445029910105783,2.197140344554973,0.8198143491843357,-87.18124975655513,2.8187502434448675,2.8187502434448675
921,1.4783979621211876,1.0324041188141015,2.5065764006000677,2.427902363930234,0.7605848342573268,67.91665017404087,-22.083349825959132,22.083349825959132
922,1.2270604129519955,0.9624083054417364,1.6686086121160386,1.7337845098397844,1.0157077283193403,-37.977128160002266,52.022871839997734,52.022871839997734
923,1.7071069228001237,1.231989826052296,2.546685193322013,2.0671316754964097,0.8449529240102691,27.479160048453405,-62.52083995154659,62.52083995154659
924,1.526882849696625,1.3936752970988655,1.7361239921864855,1.2457162696364612,1.163593632266783,54.04282162759693,-35.95717837240307,35.95717837240307
925,2.0674091517192297,1.6136215157670049,2.7872826257677152,1.7273459721084796,0.8639422123790788,-66.0193403300251,23.980659669974898,23.980659669974898
926,1.186817925731738,0.9924991313855736,1.5645575668945029,1.576381799659925,1.051562575359991,38.25766170568484,-51.74233829431516,51.74233829431516
927,2.0078170808425457,1.468786663646744,2.933131593712142,1.996975916454526,0.8235788776797134,-64.69507083545957,25.304929164540425,25.304929164540425
928,1.542705892513396,1.4236174626828713,1.7411407689948593,1.223039766394549,1.105278014200816,-52.28177752837475,37.71822247162527,37.71822247162525
929,1.5892300566907107,1.336247475078114,2.091701792708596,1.5653550945615966,0.9318466431038012,83.61480082800405,-6.38519917199595,6.38519917199595
930,2.4836303530173915,1.6264555105831449,4.874192834152671,2.9968190352806463,0.3724558947697836,30.980302829114365,-59.019697170885635,59.019697170885635
931,2.043780842560348,1.3565882163860288,3.2479811427863465,2.3942277424751754,0.7699810302016129,19.104700372706557,-70.89529962729344,70.89529962729344
932,2.3009031958488952,1.4783472893542406,3.750446197339452,2.536918235888734,0.7544910002490446,80.16800491748774,-9.831995082512265,9.831995082512265
933,2.34274122622605,1.8550074423616043,3.4074654023388438,1.836901202941164,0.7324385759885426,41.51445559903196,-48.48554440096804,48.48554440096804
934,1.4947343471339476,1.1942072399222388,2.293583700387985,1.920591019476094,0.789427245605864,-38.7680873330152,51.23191266698478,51.2319126669848
935,1.663882010113248,1.4059278194457927,2.051601957120337,1.4592512707580287,1.0265579948791606,21.61686475699549,-68.38313524300452,68.38313524300452
936,14.374205225066616,11.885547611068825,22.07247159101787,1.8570849499994533,0.4875312090681059,-71.07813643640435,18.92186356359565,18.92186356359565
937,1.843886218520761,1.5143520571294766,2.380295205031644,1.5718241962464146,0.8887722115825563,-26.242541133618808,63.7574588663812,63.75745886638119
938,4.701005904541085,3.3958043887881604,9.744773046136896,2.869650878098563,0.3375096548017123,50.92246395781665,-39.07753604218335,39.07753604218335
939,1.461879030667795,1.246225839780402,1.9349123430732855,1.552617736937823,0.885805960053633,33.159817184580824,-56.840182815419176,56.840182815419176
940,1.4111624987975715,1.1095609319521798,1.962880157861005,1.7690602663951775,0.8697376274259878,76.82038351953153,-13.179616480468468,13.179616480468468
941,4.591239658139718,3.668527309592881,6.005741186102262,1.6370986718288203,0.8107788749709349,3.194450048780247,-86.80554995121975,86.80554995121975
942,1.4451712930335778,1.1658939552712462,2.0297083883021427,1.7409030891063582,0.8836908037896904,-56.5840010295342,33.41599897046581,33.4159989704658
943,8.75187175250749,7.079007425737073,11.1822194636215,1.579630983711985,0.6619632532024748,21.13174554555604,-68.86825445444396,68.86825445444396
944,2.653805558851462,1.8574353990552468,4.053738709428365,2.182438598666866,0.7050469501278307,89.28107021655107,-0.7189297834489281,0.7189297834489281
945,1.2850634067342854,1.2933545717571964,1.3781907519403602,1.0655939075298604,1.0854390590658023,22.92473165799733,-67.07526834200267,67.07526834200267
946,11.457981618354014,8.850542413225309,17.619717534263913,1.9908065191501576,0.42723673144597,-56.840899693630966,33.15910030636903,33.159100306369034
947,1.3585539723246187,1.11662144501607,1.8007594778245484,1.6126857368377272,1.0071105217791254,-86.71667724711604,3.2833227528839757,3.2833227528839615
948,1.3223193364400538,1.285587914710116,1.7206663399854747,1.338427594330228,0.7398341613122991,-45.86660255011401,44.13339744988599,44.13339744988599
949,7.195545118219172,5.876003297082301,9.309952883870915,1.5844022566314293,0.7941622873379484,-13.326426996717178,76.67357300328283,76.67357300328283
950,1.6784140066373283,1.4618337219733657,2.0148835079784795,1.3783260556190604,0.975580823167,42.11619138663683,-47.88380861336317,47.88380861336317
951,1.9956851445118324,1.764034770874661,2.5417200350730664,1.4408559723643122,0.7683574699371587,-63.58902503373046,26.41097496626955,26.410974966269542
952,2.055628946700877,1.825211103762855,2.642813862150934,1.447949695628363,0.8455005708703687,44.29040014139307,-45.70959985860693,45.70959985860693
953,1.6492219709549814,1.230820162134232,2.78602448344854,2.263551223127184,0.6196012931850695,-15.803634179597209,74.19636582040279,74.19636582040279
954,5.130795930559381,3.987510108335361,7.342614117973962,1.8414032613046427,0.5314877731105226,-37.30710117213723,52.69289882786276,52.69289882786277
955,2.5511588286726434,1.964057951048904,3.647771966522987,1.8572629003003176,0.7343712713104744,-63.07748613155627,26.92251386844373,26.92251386844373
956,2.964997870440077,2.328033540178017,4.150708868501569,1.7829248577682344,0.7528904302667337,39.58955852846833,-50.41044147153167,50.41044147153167
957,3.093272719512472,2.2473857960170625,5.268074512673835,2.3440899742314825,0.5054648717028699,-29.236026344201058,60.763973655798935,60.76397365579894
958,1.6195038256468852,1.2635911722903888,2.4513851231889645,1.940014442128127,0.645979538938915,58.294679974638974,-31.705320025361026,31.705320025361026
959,3.2390076512937704,2.7154027975124917,4.018122478941834,1.4797519110692268,0.8681743622674106,43.52036614525844,-46.47963385474156,46.47963385474156
960,2.4041334941401127,2.082099888384857,2.9350513882495286,1.4096592601646647,0.9226369833760673,-12.61637966117974,77.38362033882026,77.38362033882026
961,1.9086035621207809,1.7219623706204106,2.354826534452544,1.3675249672291718,0.9238496610513626,47.163499403485964,-42.836500596514036,42.836500596514036
962,2.989468694267895,1.9490223827882145,5.21960785257071,2.678064602369364,0.6415538643442489,-28.159389494897194,61.8406105051028,61.8406105051028
963,1.3038244488524504,0.8786078363481893,2.362787126967861,2.6892397600144973,0.7541879780490686,68.74659907772678,-21.253400922273215,21.253400922273215
964,1.843886218520761,1.5030892832677076,2.8934423810427568,1.9249970133194143,0.6556284329065184,65.07694015881171,-24.92305984118829,24.92305984118829
965,1.6492219709549814,1.3615666969110023,2.060791618601421,1.5135443774269424,1.085287097243483,44.01421922729448,-45.98578077270552,45.98578077270552
966,3.170810378792584,2.1475141112039142,4.99181337664625,2.324461269242975,0.7512861075134855,-80.45495579535155,9.545044204648434,9.545044204648448
967,1.4451712930335778,1.1934284133986344,2.1390765367882443,1.7923794278507263,0.7031195948667869,47.83738118934806,-42.16261881065194,42.16261881065194
968,1.7353254778478429,1.5813887392938848,2.049391111880586,1.2959439136993425,0.9267344921814972,-72.42876825481774,17.571231745182274,17.57123174518226
969,2.0674091517192297,1.990584778266212,2.1963874615022214,1.103388052336692,1.091351585945835,-56.86870320576548,33.131296794234515,33.13129679423452
970,1.542705892513396,1.610840070911856,3.838361415027426,2.382832091366231,0.2867684530772942,54.811737419477154,-35.188262580522846,35.188262580522846
971,1.870041939381716,1.433962104956901,2.838433284900551,1.9794339579049491,0.7151129291194481,88.60203295059628,-1.397967049403718,1.397967049403718
972,10.376907487058675,10.087053535169096,11.523394240210036,1.142394476249487,0.7126179895784942,37.809313197073664,-52.190686802926336,52.190686802926336
973,1.3223193364400538,0.9181363396321884,2.217904942521069,2.4156596866752675,0.789208059825645,10.621653729399522,-79.37834627060047,79.37834627060047
974,1.3938469657443524,1.2839190315308369,1.6131155962866814,1.2563997858676013,1.0641198140843913,41.36926915692219,-48.63073084307781,48.63073084307781
975,1.4947343471339476,1.3882716269319892,1.6956503991125935,1.2214111174049531,1.052987264323315,81.50759885102784,-8.492401148972164,8.492401148972164
976,1.933884181003576,1.5578365580418208,3.170970294478981,2.035496136041927,0.5473324753205784,-10.132592073649835,79.86740792635017,79.86740792635017
977,1.3585539723246187,1.0617243980222488,2.05527766746513,1.9357920674081197,0.7680238656128933,46.23594479425298,-43.76405520574702,43.76405520574702
978,2.813707191225227,2.4415865764907907,3.325111950644032,1.361865265258421,0.8706116024011439,-47.32134351566678,42.6786564843332,42.67865648433322
979,5.054497317783323,4.040835190565823,6.612571542427675,1.6364368331245258,0.8420501701411249,76.76311960830868,-13.236880391691315,13.236880391691315
980,1.9711972828282505,1.8128515397266811,2.305948059588643,1.2720004970381107,0.9849461784532813,46.11815348547528,-43.88184651452472,43.88184651452472
981,1.461879030667795,1.2536598792953462,1.870967163073733,1.492404115321423,0.8638847954796514,51.652433521706456,-38.347566478293544,38.347566478293544
982,1.2466946262544771,1.2085712605189651,1.3334441207613743,1.1033227119671771,1.3537462507922609,-23.07059962779357,66.92940037220643,66.92940037220643
983,2.940323395380274,2.208343126510195,3.974843881526094,1.7999213228278834,0.922221054789398,-81.41373243689348,8.586267563106503,8.586267563106517
984,1.4947343471339476,1.4976579336921774,1.6173422809705658,1.079914341309788,1.0795455871190318,-44.20196807101217,45.798031928987825,45.79803192898783
985,1.6344304437273447,1.2298662603583006,2.344121126275744,1.9059967752858136,0.8353606106827679,72.39483069633954,-17.60516930366046,17.60516930366046
986,13.0140080797296,8.807963191075297,19.58806605748337,2.2239041685972367,0.7418637795830004,-81.59562279166683,8.404377208333187,8.404377208333173
987,1.6195038256468852,1.1473042170158785,2.509960349693953,2.1877025399787366,0.7793348086966534,-82.23852416027191,7.761475839728092,7.761475839728092
988,3.778842259842732,3.311856559143041,5.884454200487246,1.7767841376589926,0.4826479140560657,-54.26746706325629,35.73253293674372,35.73253293674371
989,16.038327836227545,13.13368509061627,20.21806621696367,1.5394054355246447,0.7851256540715416,9.852414953368845,-80.14758504663115,80.14758504663115
990,3.641383515742072,2.800622953891324,5.181894594521718,1.8502649874099395,0.7149400011861099,-9.69929909269005,80.30070090730995,80.30070090730995
991,10.975161983438502,8.677356720083191,14.026562673623872,1.616455693374952,0.8773584914697673,-70.57151707718482,19.428482922815192,19.428482922815178
992,1.4111624987975715,1.1240119446790142,1.8629556967873333,1.6574162806778183,0.993902894227877,67.07344591665486,-22.92655408334514,22.92655408334514
993,3.0537656993932494,2.7369775521639785,3.582769943322011,1.3090242338631206,0.8677189415615222,-15.888115028641469,74.11188497135853,74.11188497135853
994,2.690160753669267,2.2784423767381363,3.319963296974345,1.4571197107592735,0.9426486318456324,-84.4594176670812,5.540582332918802,5.540582332918802
995,3.155455274609836,2.7112389355807056,4.765202219010663,1.7575736894579637,0.4419220202594093,-81.28643324201032,8.713566757989668,8.713566757989682
996,1.95883855734249,1.918385607538004,2.2026860014617298,1.1481977308454625,0.9021809279337908,50.37358025896068,-39.62641974103932,39.62641974103932
997,3.029814226070162,2.3251254319126264,4.07730688809952,1.7535857774114,0.8188483525560344,50.9921328685887,-39.0078671314113,39.0078671314113
998,1.461879030667795,1.0429144702852275,2.1480440653932624,2.0596550595426986,0.9481220295474004,-84.62079000459435,5.379209995405631,5.379209995405645
999,6.814186950587886,4.346774263098772,11.107181329245416,2.5552698753045475,0.6821811721472084,-72.6227151453578,17.3772848546422,17.3772848546422
1000,1.5738748168108194,1.5003333524288838,1.8430105079942187,1.2284006784296144,0.913926515351805,33.229660798393745,-56.770339201606255,56.770339201606255
1001,1.5892300566907107,1.4058352050286125,2.2787991964591767,1.6209575548456956,0.6757781606275686,46.595044753602025,-43.404955246397975,43.404955246397975
1002,3.178460113381421,2.894990060784361,3.684021999058891,1.27255082805388,0.8194641527521888,-82.7781500627078,7.221849937292205,7.221849937292205
1003,1.6492219709549814,1.1889571693516656,2.473775366440285,2.0806261404599016,0.8629243576790109,-60.76858940332642,29.231410596673584,29.231410596673577
1004,1.5108941070107518,1.0746858749947246,2.3433457851231085,2.1804937048554875,0.7571761919501164,41.114621802021055,-48.885378197978945,48.885378197978945
1005,1.4451712930335778,1.3024134247287242,1.848511651989639,1.4192971424374403,0.8708249520311571,-25.96707018966929,64.03292981033071,64.03292981033071
1006,1.5583682828180965,1.2688677159051898,2.56135660074895,2.0186159428934007,0.6272381130681987,-4.674488794643636,85.32551120535636,85.32551120535636
1007,9.975991663315105,9.288422573927242,11.089163900091911,1.1938694446589222,0.7766023694148851,-36.665616181051575,53.334383818948425,53.334383818948425
1008,2.644638672880108,1.9112868295127967,3.784139401213799,1.979890900089761,0.8163239720817235,-86.8075642234724,3.1924357765275886,3.192435776527603
1009,3.276281693571072,2.092883081312494,5.287401623701333,2.526372194850696,0.6907390798603497,72.82951893173883,-17.170481068261168,17.170481068261168
1010,3.2688608874546894,2.774706972667316,4.029638824829073,1.4522754526959638,0.8526727127335028,35.068044346505324,-54.931955653494676,54.931955653494676
1011,4.737029465098906,2.6541173105893536,11.281572808311074,4.250593130642734,0.3822322410270489,76.00545370124497,-13.994546298755026,13.994546298755026
1012,10.708609746604244,9.140905596561726,13.186089369153477,1.442536434695629,0.7703236696323091,-80.54724146717575,9.452758532824248,9.452758532824248
1013,1.6492219709549814,1.6617344918223425,1.8877434206438568,1.136007845978849,0.8187083315990211,-6.22067931270432,83.77932068729568,83.77932068729568
1014,1.542705892513396,1.6121248991573345,1.7098226725293677,1.0606018636788628,0.7550588129691345,60.77435058977168,-29.22564941022832,29.22564941022832
1015,1.5108941070107518,1.3690804990878882,1.8459299867408547,1.348299086847453,0.9090800504182694,85.11265639254206,-4.887343607457936,4.887343607457936
1016,3.170810378792584,2.469903683291191,4.221554342971463,1.7091979624671705,0.8631120179160107,48.53016452784845,-41.46983547215155,41.46983547215155
1017,3.335053763946224,3.4891975831724933,3.976926258276626,1.1397824753336765,0.5811094008023553,84.80084575137674,-5.199154248623259,5.199154248623259
1018,1.5892300566907107,1.2866889252060432,2.083315321346471,1.619128975570269,0.942350638996748,-47.5082407202374,42.49175927976259,42.4917592797626
1019,4.893375666168412,4.260656229322519,5.728327603792039,1.3444707330220096,0.8886391494299068,59.749506327582,-30.250493672418003,30.250493672418003
1020,1.7353254778478429,1.505547403616772,2.116865670126431,1.406043851585869,0.9935561884038407,87.9523620807507,-2.047637919249297,2.047637919249297
1021,2.0674091517192297,1.585147251910367,3.146680696139349,1.9851030825982088,0.657461973115727,-82.97098344746568,7.029016552534301,7.029016552534316
1022,3.140025082999704,2.8507483235520743,3.976871315024972,1.3950271520530904,0.7127076988651762,38.62875088995371,-51.37124911004629,51.37124911004629
1023,1.186817925731738,1.130628959580571,1.3325667566105832,1.1786066023860955,1.139915956664915,47.84697836638304,-42.15302163361696,42.15302163361696
1024,3.186091481181058,2.080420757028777,5.32391882456685,2.559058693574267,0.609080962636807,-59.19885021626682,30.801149783733194,30.80114978373318
1025,3.013740827659439,2.2062960215072187,4.265407629717927,1.9332889096196797,0.8189795105622595,-21.51072986537465,68.48927013462534,68.48927013462534
1026,2.0198761507134417,1.6753695542803295,2.5038839461030866,1.494526350742152,0.982661066321918,75.40381107383324,-14.59618892616676,14.59618892616676
1027,1.4947343471339476,1.4171924622009706,1.8592079455765205,1.3118951696151966,0.8404980340956026,-4.157041718666393,85.84295828133361,85.84295828133361
1028,2.434249075164649,1.5762377083153158,3.918231546642,2.485812594110446,0.7455756697573797,-58.52022807389423,31.47977192610577,31.47977192610577
1029,1.6344304437273447,1.6239684395208915,2.0644740581219225,1.2712525735604754,0.6657244747748695,-78.5866242560949,11.413375743905107,11.413375743905107
1030,1.5738748168108194,1.367703850929842,1.8702481825230528,1.3674365113847953,1.1503914025355433,61.93211611302381,-28.06788388697619,28.06788388697619
1031,1.8306682257451572,1.2601467840014682,2.856688436486357,2.2669489560694136,0.7623059040809379,-65.78103928994717,24.21896071005284,24.218960710052826
1032,1.4783979621211876,1.1771589209036504,2.1154974875715458,1.7971213996726767,0.7712963708095394,-85.78712983776107,4.212870162238914,4.212870162238929
1033,1.6344304437273447,1.6259925833216422,1.759920466324575,1.0823668474116528,1.0334320468697509,60.80542126185959,-29.194578738140407,29.194578738140407
1034,1.7630924485867383,1.4254874757920433,2.3527623122870382,1.6504966562261612,0.7656053794831585,-83.30341245688888,6.6965875431111215,6.6965875431111215
1035,7.090147550742075,6.1733165858868375,8.303405670396883,1.3450477640138787,0.8907534903819513,-54.6471149252187,35.352885074781284,35.3528850747813
1036,2.2257951114113315,2.2175068912632563,3.3471244933511377,1.5094088350022523,0.4724632385801266,66.5484973805576,-23.451502619442394,23.451502619442394
1037,1.9956851445118324,1.3562087229281208,3.0368898060660725,2.2392495747330687,0.867646382112982,-66.9020051576068,23.097994842393206,23.097994842393206
1038,2.031863651507851,1.0476778677444,5.835774994699658,5.570199747813517,0.2936246596741836,88.11313516161363,-1.8868648383863729,1.8868648383863729
1039,35.95409268101156,29.51895598861188,47.69874232146641,1.6158682014319246,0.4318721491101384,-88.27706853894833,1.7229314610516724,1.7229314610516724
1040,1.7904288454052892,1.2332854428342497,2.886216168527904,2.3402661446282917,0.6983495270665465,74.73680058082702,-15.263199419172977,15.263199419172977
1041,4.239220048099806,3.71622685851538,5.740752362036969,1.5447798481092676,0.6550770559797762,19.605154539668717,-70.39484546033128,70.39484546033128
1042,8.210693328083895,6.961771091012454,10.149564936948604,1.457899836731424,0.8040595033649992,36.40036868570552,-53.59963131429448,53.59963131429448
1043,2.043780842560348,2.044809026069128,2.713212062462944,1.3268779763158285,0.6670447436848747,-27.51824052071457,62.48175947928543,62.48175947928543
1044,1.6044383463340146,1.246667333409657,2.358740225438125,1.892036602087687,0.7194423711453501,41.48563302133846,-48.51436697866154,48.51436697866154
1045,4.352285755573581,3.477587760916403,6.204881238272483,1.7842486415461136,0.678035921106969,-43.53650524746526,46.46349475253476,46.46349475253474
1046,1.2660243778180809,1.2121292623388664,1.4188803579262343,1.17056852104076,1.1818313486815455,51.18756571136824,-38.81243428863176,38.81243428863176
1047,2.102353753036351,1.6591215941860995,3.015054048799507,1.8172592408928137,0.6862189383521894,24.817300178342204,-65.18269982165779,65.18269982165779
1048,3.0056718953012043,2.0671017753781937,4.6780616478319805,2.263101751231426,0.7111710602092551,70.30900648313188,-19.69099351686812,19.69099351686812
1049,1.4451712930335778,0.9556030146944452,2.5629833362447942,2.6820586549366525,0.6122950199477312,29.551385204078045,-60.448614795921955,60.448614795921955
1050,1.5108941070107518,1.0537611245327037,2.2212655169359827,2.1079402771866493,1.054260421217314,4.808756890116788,-85.19124310988322,85.19124310988322
1051,5.84751612267118,4.125003460111163,8.66338007976678,2.1002115909821115,0.6546761013431963,-84.4464021910796,5.553597808920415,5.553597808920401
1052,2.2690184693770243,1.578411549790832,3.495672022558042,2.214677168968563,0.8055160088344215,-44.20119628429549,45.79880371570451,45.79880371570451
1053,6.143213482701361,5.084933004414955,10.61679622979798,2.087893040199355,0.2997261208456264,-40.11826498836376,49.88173501163624,49.88173501163624
1054,1.8306682257451572,1.7596866187730793,1.9967226802244415,1.1347035653522404,1.048581050047152,61.01668239213968,-28.98331760786032,28.98331760786032
1055,2.3009031958488952,2.1200057780768877,2.769676277194112,1.3064475134150613,0.8036219381784597,26.275587319603,-63.724412680396995,63.724412680396995
1056,1.8306682257451572,1.469459393376267,2.4152161565342007,1.6436086409879889,0.9366325209250784,-42.82671454893555,47.17328545106446,47.17328545106445
1057,5.929995740880154,4.2892382904321655,8.386952090241257,1.955347668361,0.7981014134491188,-35.13946818237745,54.86053181762256,54.86053181762255
1058,1.376313601551939,1.1170176918408925,1.8633202635824768,1.6681206369360595,0.8597087176496808,-69.25533921513366,20.74466078486634,20.74466078486634
1059,1.663882010113248,1.3323492642023125,2.2226806835638264,1.6682417615883642,0.9193964167787076,-67.0046275110096,22.995372488990398,22.995372488990398
1060,9.035848799007034,8.427327532808759,10.380330814120208,1.2317464550544803,0.6183408676920682,69.37438373065663,-20.625616269343368,20.625616269343368
1061,1.3038244488524504,1.010481078787522,1.889405004965388,1.86980740622327,0.9157044502897536,65.9628029724295,-24.0371970275705,24.0371970275705
1062,1.749264059016166,1.1501382781326337,2.911611969292756,2.5315320989229693,0.7486452086258507,42.42764875737121,-47.57235124262879,47.57235124262879
1063,1.340559085464394,0.8596659853500301,2.34009053338767,2.722092735162548,0.7732772501883853,3.87286823805785,-86.12713176194215,86.12713176194215
1064,2.1138735858617226,2.105665451775094,2.217867387355552,1.0532857370509028,1.0279575234942526,-3.930147883423766,86.06985211657623,86.06985211657623
1065,1.8829835605082688,1.5597538573739764,2.373855385002249,1.5219423076144238,0.9486885716502405,84.32976217739383,-5.670237822606168,5.670237822606168
1066,1.376313601551939,0.9843056637647812,2.1447490023521185,2.178946115324444,0.8797110725271802,-4.912289970133923,85.08771002986607,85.08771002986607
1067,1.376313601551939,1.2027522781912892,1.7899880436345956,1.4882433200013534,0.7898179797491889,14.640393597278331,-75.35960640272167,75.35960640272167
1068,2.512793352570581,2.282903680143594,3.3167606855428486,1.4528693060472115,0.5192754874447408,-89.10412922309561,0.8958707769043883,0.8958707769043883
1069,1.946401361393312,1.431951555104645,2.8152642929769995,1.9660331964032571,0.7870924802397736,8.50072657133637,-81.49927342866363,81.49927342866363
1070,1.870041939381716,1.3767126169928594,2.657379487381529,1.9302354424455108,0.8868956746093081,-38.823121807306926,51.17687819269307,51.176878192693074
1071,1.4111624987975715,1.374076869468757,1.7062460094330238,1.2417398526566343,0.8834773457146231,-86.9444142451124,3.055585754887602,3.055585754887602
1072,5.657542246461382,4.730404088730846,6.921922257467138,1.4632835012884216,0.8728004125173364,75.68423769843795,-14.315762301562046,14.315762301562046
1073,5.456514776117935,2.845344189020232,10.887667565530837,3.8264852482679457,0.5737277234386978,16.56177043261954,-73.43822956738046,73.43822956738046
1074,1.3938469657443524,1.358027126869309,1.8254258011665927,1.3441747701865048,0.6818646814339548,-1.5283970317734763,88.47160296822652,88.47160296822652
1075,2.4933892525089543,2.2964131759981203,2.866410485562607,1.248212001011857,0.9016838087482636,74.93359672675568,-15.066403273244319,15.066403273244319
1076,34.20325508604787,22.823820879477644,56.36245143193981,2.469457315213111,0.425444068896546,-29.79817963764668,60.20182036235332,60.20182036235332
1077,4.9525718792788425,3.800355540213448,6.58672257312759,1.733185883118095,0.8328223165845361,-75.89547097857938,14.104529021420603,14.104529021420618
1078,5.044878855560663,4.899516783015608,6.10185767180287,1.2453998918740783,0.6199199190077451,-82.82235251301543,7.177647486984569,7.177647486984569
1079,6.622606842503578,3.677816933591761,12.643963906772331,3.4378992035430698,0.5604733407832925,17.66046498189996,-72.33953501810004,72.33953501810004
1080,1.542705892513396,1.2147344200654848,2.2270996667726277,1.8334045944401305,0.8065155372490387,54.65370297291202,-35.34629702708798,35.34629702708798
1081,1.340559085464394,0.996410673551843,1.9578011578164765,1.9648536590215608,0.984310828028062,16.62052511663073,-73.37947488336927,73.37947488336927
1082,1.376313601551939,0.8478561565587002,2.3395597373625745,2.7593828496315203,0.7898179797491889,-62.04755058389304,27.95244941610696,27.95244941610696
1083,2.0674091517192297,1.3715667512611602,3.207266628662173,2.338396308975178,0.8462524920350917,65.51401784495927,-24.48598215504073,24.48598215504073
1084,1.933884181003576,1.634006482134723,2.3750079189213977,1.4534874523989676,1.0322946837582565,65.02175809344209,-24.978241906557912,24.978241906557912
1085,5.344089973938186,3.525886852581707,8.582391775256172,2.434108675090358,0.6941797010637087,75.0917348990929,-14.908265100907101,14.908265100907101
1086,2.159338434195847,1.827506296728006,2.6294626834227994,1.4388255121914644,0.9633166348062632,35.387041559273335,-54.612958440726665,54.612958440726665
1087,1.4111624987975715,1.226589150654896,1.7483294219914978,1.425358622370038,1.072682356053711,-57.37727303337029,32.62272696662973,32.62272696662971
1088,1.843886218520761,1.2359247346965994,2.964101077456752,2.398286072156646,0.7489089241064261,-67.9307341188921,22.069265881107896,22.069265881107896
1089,2.079122611754846,1.4475499696116978,3.116933263231318,2.1532474378535125,0.8794534072351462,-79.41884719583041,10.58115280416959,10.58115280416959
1090,2.579558503195455,1.8826719842276936,3.7564135685514186,1.9952565290296005,0.7097993511581321,73.63114724228254,-16.368852757717463,16.368852757717463
1091,2.181715595945335,1.709887463028132,2.8661802176493985,1.6762390973810202,0.9870641241567806,-34.73566973435068,55.26433026564932,55.26433026564932
1092,4.198927836665718,2.579943005173744,7.304962444884266,2.831443342056434,0.5666422018900132,-11.249038486695657,78.75096151330435,78.75096151330435
1093,2.473832956432472,1.7896567244770178,3.557997940948189,1.988089610865416,0.8924906687092051,-29.74426850233753,60.25573149766247,60.25573149766247
1094,7.903247500227916,6.804777759166584,9.850846220016868,1.447636729465115,0.6686381578489107,-5.672054063607981,84.32794593639201,84.32794593639201
1095,1.7904288454052892,1.713719162531829,1.96692926709324,1.1477547255685236,0.9848248154956056,-63.41427500282997,26.58572499717002,26.585724997170033
1096,1.3038244488524504,1.114448549712736,1.6601249251157146,1.4896380147326085,0.989681590545622,43.79289871108229,-46.20710128891771,46.20710128891771
1097,3.594395953429868,2.493568380821398,5.353750198252259,2.1470236146035413,0.7298522845477933,84.24672396841713,-5.753276031582871,5.753276031582871
1098,2.394010781836305,2.212424501143162,2.689559575884944,1.2156616302591323,0.9239496376537688,47.70517501038145,-42.29482498961855,42.29482498961855
1099,17.480141381284376,15.3143783015085,20.2041875667678,1.319295316400643,0.8593223176753949,-24.83773478028419,65.1622652197158,65.1622652197158
1100,1.4282681233264556,1.2825664847915763,1.6655899757542805,1.2986383127147965,1.2103611395514633,34.777456665524554,-55.222543334475446,55.222543334475446
1101,2.434249075164649,2.181099501129192,2.8852860790701174,1.3228585296435842,0.927103330922636,-37.28077575427694,52.71922424572307,52.71922424572306
1102,1.5583682828180965,1.3273047721671398,1.9231187534052607,1.448890107028933,1.0591755271533894,5.626635659065471,-84.37336434093453,84.37336434093453
1103,5.522871265334852,3.688603260712622,8.497739601354779,2.303782489123825,0.7109829807683564,-48.46419262013386,41.53580737986613,41.53580737986614
1104,8.884066096615683,6.346717944083788,12.649210476022162,1.993031766570525,0.773457900367145,-25.90712564449669,64.09287435550331,64.09287435550331
1105,1.4783979621211876,1.140935454002062,2.0446834380769485,1.7921114037650487,0.9770197361222333,14.710245208075984,-75.28975479192401,75.28975479192401
1106,11.525605852087352,8.395383447292026,19.979307622079457,2.379796914281966,0.4859665736288289,-69.70165936922226,20.298340630777744,20.298340630777744
1107,2.363382516914025,1.9576331921368664,2.904240980908195,1.4835470672307374,0.999836925062781,86.68314543584894,-3.3168545641510576,3.3168545641510576
1108,16.523113685504878,9.834539224081617,28.65784676727694,2.91399994593576,0.5787612791641441,65.56422168172169,-24.43577831827831,24.43577831827831
1109,16.61983517711827,12.314731615126394,27.265813418421647,2.214081010497264,0.4424999980107493,25.473962360460096,-64.52603763953991,64.52603763953991
1110,1.526882849696625,1.2378191150523914,2.0668748612028467,1.6697713228603397,0.8411285822060408,-22.660611400769625,67.33938859923038,67.33938859923038
1111,11.544553796684868,9.460643800348256,14.557048356960625,1.5386953218157058,0.8143139340705937,12.006562224303954,-77.99343777569605,77.99343777569605
1112,1.8829835605082688,1.2442146791122306,3.103705012864488,2.49450923941762,0.6803421514993488,58.16709395892566,-31.832906041074338,31.832906041074338
1113,3.3928079051421145,1.9935006078250437,6.178642335856062,3.099393254059304,0.5293078068756504,-19.05246279895657,70.94753720104343,70.94753720104343
1114,1.2071068813224677,1.0216973671984535,1.5231053041853428,1.4907597426445125,1.14087725138599,10.69147594838244,-79.30852405161755,79.30852405161755
1115,1.4282681233264556,1.185371892330335,2.0176117874895128,1.702091808101733,0.7621130511620614,-32.90850797049754,57.09149202950246,57.09149202950246
1116,1.9086035621207809,1.817943777285536,2.539175717025971,1.396729507673413,0.6145903843304765,-16.465323024961496,73.53467697503851,73.53467697503851
1117,1.7768132193231367,1.454273133665167,2.359698256104353,1.6225963345394867,0.8718731738087554,4.665749678806187,-85.3342503211938,85.3342503211938
1118,1.4451712930335778,1.3078412557886248,1.9247173964806137,1.4716750889770749,0.7535110215595783,22.03722021835019,-67.96277978164981,67.96277978164981
1119,1.3938469657443524,1.3509105272426107,1.6785112936990314,1.2425036742626454,0.8750694124533037,9.325421461339744,-80.67457853866026,80.67457853866026
1120,7.408398243250112,6.69899203830416,8.284018872058073,1.2366067648223629,0.9405665331893992,-18.00474939849257,71.99525060150742,71.99525060150742
1121,1.5738748168108194,1.5322604575102912,1.7030777670954167,1.1114805963619787,1.0246779412157718,-57.45553668063661,32.54446331936339,32.54446331936339
1122,2.181715595945335,1.659150180752225,3.2496692076636857,1.9586347549263756,0.7743680408249366,57.89540986959145,-32.10459013040855,32.10459013040855
1123,2.770216054293097,2.355539767367807,3.423043878890488,1.4531887452342025,0.852601930870392,-25.4860288550685,64.5139711449315,64.5139711449315
1124,11.194248700672173,7.3890693275036945,17.52938133906177,2.372339541302403,0.7083329867297817,60.34337270495006,-29.656627295049937,29.656627295049937
1125,3.4566280662049307,2.977444925334228,5.928870149897671,1.991261063958097,0.4022467064577053,0.2899931747888815,-89.71000682521112,89.71000682521112
1126,1.461879030667795,1.2246404402321145,1.8656621123574308,1.5234366358208942,1.05133421482534,51.863311623739264,-38.136688376260736,38.136688376260736
1127,7.688301171071924,6.86990179790004,9.211457451251016,1.340842667367783,0.637971730138207,3.025458243973621,-86.97454175602638,86.97454175602638
1128,11.135520088970168,6.315216194212739,22.286399008292765,3.5290001676769216,0.4629426769416979,-1.7102764894801157,88.28972351051988,88.28972351051988
1129,13.210331226492444,7.45081358493806,24.46442087885777,3.283456309833464,0.5721963063783297,-11.819046268293729,78.18095373170627,78.18095373170627
1130,1.4947343471339476,1.527050826277163,1.5762263683194733,1.0322029504166517,1.0627622355168596,72.46406564539525,-17.53593435460475,17.53593435460475
1131,1.3938469657443524,1.2352975857009048,1.6445096490334494,1.3312659783920475,1.1843859616560488,54.29665253142269,-35.70334746857731,35.70334746857731
1132,1.3938469657443524,1.3253714595758253,1.6016601822856964,1.2084613492418912,1.0552645540571046,75.80477545230909,-14.195224547690913,14.195224547690913
1133,1.5738748168108194,1.2303567172337064,2.174088840370111,1.7670394365450866,0.9515648146514124,37.63780344849927,-52.36219655150073,52.36219655150073
1134,1.461879030667795,1.020831184876153,2.2948280943992168,2.2479995991478496,0.7924307328891765,9.884873350699465,-80.11512664930054,80.11512664930054
1135,2.0198761507134417,2.0120865688590848,2.166403922124107,1.0766951858102831,0.8935211038579465,17.595499029840596,-72.4045009701594,72.4045009701594
1136,2.839482146491885,1.9949956227569372,4.447856588564901,2.2295069411823016,0.6668025532315139,-31.69129390750427,58.308706092495726,58.308706092495726
1137,2.170555852193912,1.9849141175185312,2.6905122311439853,1.3554804247689909,0.7371231401598007,-46.66609543919854,43.33390456080144,43.33390456080146
1138,2.181715595945335,1.612398699493066,3.06542395371099,1.9011575453854883,0.9141823081582768,59.12332876603296,-30.876671233967038,30.876671233967038
1139,2.4041334941401127,1.7666886997264355,3.381290197497468,1.913913978179091,0.8465618857123586,23.094788735088144,-66.90521126491186,66.90521126491186
1140,16.715997031736908,14.534451081745514,19.393812727326782,1.3343340328610251,0.9097978345343424,54.91620870174079,-35.08379129825921,35.08379129825921
1141,2.644638672880108,2.007106354336772,3.60568149239725,1.796457614020514,0.8632665046722715,-64.45766983883863,25.542330161161374,25.542330161161374
1142,3.601145998724694,2.936251590927506,4.568165928331737,1.5557815081127775,0.8424124274625587,-3.003035345871185,86.99696465412882,86.99696465412882
1143,3.5123837291586733,2.769516266532688,4.859238173638182,1.754544009131867,0.7139139738811685,-50.9641651321454,39.03583486785459,39.0358348678546
1144,1.5738748168108194,1.1379098217748895,2.533256969050488,2.226237018588312,0.6582024608264054,31.855982346031627,-58.144017653968376,58.144017653968376
1145,1.376313601551939,1.2389297433376936,1.5870142120394028,1.2809557770111846,1.1869353483050902,-66.37583342882458,23.624166571175408,23.624166571175422
1146,2.6629408889963733,1.7668644149328585,4.27105236721139,2.417306235336508,0.691104270662005,35.64733677069518,-54.35266322930482,54.35266322930482
1147,1.3938469657443524,1.266635154553913,1.7479018675639664,1.3799568575684662,0.9041821489760546,-11.516212257484534,78.48378774251546,78.48378774251546
1148,1.4111624987975715,1.1243017442922574,1.9863529752336244,1.7667436569566333,0.8568747907492917,6.638028843363686,-83.36197115663632,83.36197115663632
1149,1.2071068813224677,0.4934146102207321,3.2421620443885137,6.5708675366100575,0.4436029321978282,89.96215854554555,-0.037841454454451195,0.037841454454451195
1150,2.4541208259039915,1.6680379029600438,3.862859311175261,2.315810272848333,0.7738236201527289,50.92279187622201,-39.07720812377799,39.07720812377799
1151,6.695545240854742,5.619174124985227,8.849130243023126,1.574809757838994,0.7159978277692356,-18.710131827929903,71.2898681720701,71.2898681720701
1152,14.032238917320312,6.737663741708189,30.31853223301007,4.4998583181480445,0.3975134408031654,-73.69684862484158,16.30315137515842,16.30315137515842
1153,6.10355384616742,5.01766791382066,7.873203284040272,1.5690961257827225,0.747652514309141,72.6391067433144,-17.3608932566856,17.3608932566856
1154,3.498528118032332,2.847891977028517,4.932134659431597,1.731854543365712,0.6426482074941914,18.31842372594932,-71.68157627405068,71.68157627405068
1155,1.3223193364400538,1.1116770607259792,1.8081162817503755,1.6264762003540736,0.9418674345837466,54.1797080633656,-35.8202919366344,35.8202919366344
1156,2.4442051456532488,2.171088877876291,2.9304420269838287,1.3497568233366473,0.8458305635015027,-4.742638230324065,85.25736176967594,85.25736176967594
1157,1.4111624987975715,1.2271887085313822,1.750399584956931,1.4263491611259145,0.9874735379453912,-2.205497655901277,87.79450234409872,87.79450234409872
1158,5.2338907163980615,5.887413437430503,13.036514695983088,2.2143025684421325,0.1253076569316379,-63.22756605028152,26.772433949718476,26.772433949718483
1159,5.801652543010727,4.803935125048089,7.43401797085098,1.5474850882330686,0.7173216070634079,20.081689847806103,-69.9183101521939,69.9183101521939
1160,33.51180318650302,24.9044830666138,56.48481688617124,2.2680581939840816,0.3818856935053709,-73.48204370433776,16.51795629566226,16.517956295662245
1161,1.2660243778180809,0.9746086901236324,2.063429820417492,2.1171879969136524,0.602598276767297,42.20942357651981,-47.79057642348019,47.79057642348019
1162,2.607648897704901,2.0482955413546997,5.787431992516315,2.825486789220188,0.3396053728972524,7.622712374726574,-82.37728762527342,82.37728762527342
1163,3.38564251614032,3.0177845061240967,3.963072093744594,1.3132389293212263,0.7483466216088785,-22.215195767208535,67.78480423279146,67.78480423279146
1164,1.857010129468512,1.5059083832456353,2.498074146774907,1.6588486886505598,0.8407612749671379,62.57111637921575,-27.428883620784248,27.428883620784248
1165,2.4836303530173915,1.699989133288093,3.731480144524795,2.195002351166459,0.8291229198617849,85.70076556293492,-4.299234437065081,4.299234437065081
1166,1.2466946262544771,0.9386852662088612,1.8385873355088629,1.9586834924281955,0.873091847951992,47.26380521165276,-42.73619478834724,42.73619478834724
1167,1.9711972828282505,1.6140921967120043,2.5510381463405007,1.5804785820395555,0.8705665575706191,-64.16535463414152,25.834645365858478,25.834645365858478
1168,11.076480096637908,7.338395207329606,17.34344492996967,2.3633838788958923,0.6890170747034304,39.21550449329758,-50.78449550670242,50.78449550670242
1169,17.80363299224879,8.473841490786132,41.12877987037956,4.8536168531238335,0.3805002790457347,-35.808434315245485,54.19156568475452,54.191565684754515
1170,3.178460113381421,2.748442969271591,3.82295591727677,1.3909533361319677,0.8864240858641413,-13.244744190369746,76.75525580963026,76.75525580963026
1171,2.598319175852673,1.6844344271082907,4.931374026846533,2.927614128210584,0.4336667202494146,-44.53781969836771,45.46218030163229,45.46218030163229
1172,5.9585938882878935,5.954957486729855,6.024295694355781,1.0116437787810308,0.9632680745773928,-15.459920935801543,74.54007906419845,74.54007906419845
1173,2.170555852193912,1.792463090993754,2.7248027474684635,1.5201444097561942,0.9243435600384604,-56.22813239880958,33.77186760119042,33.77186760119042
1174,11.563470693154017,7.012954951554466,21.35527803922861,3.04511838258637,0.5639963342180543,-66.0231400564752,23.9768599435248,23.9768599435248
1175,8.076498275455602,8.115701488141559,8.340653600155305,1.0277181353136804,0.7032143432129709,-50.86258997012957,39.13741002987044,39.13741002987043
1176,1.5583682828180965,1.1234509231274523,2.4044196127892787,2.1402088540689235,0.8518287977729,27.57930383690873,-62.42069616309127,62.42069616309127
1177,8.380486770201227,7.60734523537584,9.360361332088846,1.2304373000664006,0.8649234507873581,48.06760103890674,-41.93239896109326,41.93239896109326
1178,1.5738748168108194,1.104605836477457,2.321256837911644,2.1014345219413624,0.9650530841879468,61.95239239256461,-28.04760760743539,28.04760760743539
1179,3.91767711468498,3.635463389144383,7.04919745195371,1.9390093359220324,0.3367761106743143,-24.42292254319232,65.57707745680767,65.57707745680767
1180,10.22128042588183,7.194017317259668,14.991826684669697,2.083929746555066,0.706695749209784,83.8501751203185,-6.149824879681503,6.149824879681503
1181,1.8173540983129992,1.399158256323313,2.6139019578183755,1.868196071463101,0.7700472266375334,33.612258619287026,-56.387741380712974,56.387741380712974
1182,2.0198761507134417,1.6795334804860813,2.937643045910281,1.749082754253928,0.680015406310503,-65.79859558244071,24.201404417559274,24.20140441755929
1183,11.26130015715479,8.40487786848478,15.494886029574744,1.8435587372036544,0.7879696393170209,-83.57741542101829,6.422584578981713,6.422584578981713
1184,2.055628946700877,1.7094714960896114,2.531531405248737,1.480885414608886,1.052532356814888,-52.56456231646609,37.435437683533905,37.43543768353391
1185,13.601618347784244,9.21391375514578,28.963061070769363,3.1434048375582084,0.2222877939770739,-66.74730702208117,23.252692977918827,23.252692977918827
1186,3.574069328893803,2.421913212174009,5.488247261190844,2.2660792441296307,0.7007583418628761,-22.50521764711476,67.49478235288524,67.49478235288524
1187,7.31271685092163,5.630271343991857,9.792325017422296,1.739227902021423,0.82698549579234,-10.347133055870714,79.65286694412929,79.65286694412929
1188,1.6344304437273447,1.4543165888593022,1.96986402290926,1.3544946389247534,1.0209976319571157,-65.33545209061236,24.664547909387636,24.664547909387636
1189,4.570032895076734,2.133886792979504,10.42658798352502,4.886195471019614,0.4423650925238949,-71.41085422408413,18.58914577591588,18.589145775915867
1190,5.443146406234152,4.67429968580632,7.687757800192024,1.644686544924832,0.3946003574114194,51.334361866771545,-38.665638133228455,38.665638133228455
1191,4.858511476940655,3.4278005240527265,7.346810339049409,2.143301597481289,0.6685444013774513,-68.96735344071062,21.03264655928939,21.032646559289375
1192,6.622606842503578,4.607797586253202,9.809603316525314,2.128913680104148,0.7618541979208099,-83.22195536398445,6.778044636015551,6.778044636015551
1193,1.7904288454052892,1.468414008730499,2.3137014290483986,1.5756465242719135,0.940878196225378,-19.5471730621206,70.4528269378794,70.4528269378794
1194,4.747271702926952,3.90146482042319,5.841231717781025,1.497189385690124,0.8989975714633596,-29.802685763049503,60.19731423695049,60.1973142369505
1195,1.95883855734249,1.8485450990660124,2.125318480450173,1.14972498183788,1.059107532687042,-85.12645493044629,4.8735450695537,4.873545069553714
1196,2.6354399017991645,2.002666407729889,3.587728465483676,1.7914758302410057,0.8432163846380255,-13.992059374824496,76.00794062517551,76.00794062517551
1197,7.541600899583852,4.288275639941594,14.148194751165525,3.299273633296161,0.5344363561781973,-50.628422207815206,39.37157779218478,39.371577792184794
1198,1.69282125807016,1.4647101774631108,2.1767113607985413,1.486103800117387,0.8476991322440283,51.25305632533784,-38.74694367466216,38.74694367466216
1199,13.134742917759324,8.574029105181213,20.81781257471657,2.428008153382234,0.6316570875317712,-78.34768253572331,11.652317464276678,11.652317464276692
1200,1.376313601551939,1.1688046954312463,1.7597628653366295,1.505608997136464,1.0486811122993895,70.00195997612016,-19.998040023879838,19.998040023879838
1201,1.542705892513396,1.3834089876228697,1.828171396908801,1.3214974120199787,0.9697043213524996,-31.47122354457933,58.52877645542067,58.52877645542067
1202,1.9212854528773184,1.5680729532376438,2.494039920699289,1.5905126834499477,0.8226265266748464,82.25039489790424,-7.749605102095757,7.749605102095757
1203,2.4933892525089543,2.1941182052177224,2.9190486092850727,1.3303971510483936,0.9735123600977816,-34.78991276670157,55.210087233298424,55.21008723329843
1204,2.1138735858617226,1.889941185738972,2.5803475186021685,1.365305723835658,0.8855512251793151,61.93785680400819,-28.06214319599181,28.06214319599181
1205,12.969144947949284,9.868293607250935,17.321350670420575,1.755252869421452,0.8424343998899959,-73.44227196786257,16.557728032137447,16.557728032137433
1206,6.951789908173225,3.907149653281768,12.688354441098628,3.247470807892189,0.5917240413987508,88.66057214021487,-1.3394278597851326,1.3394278597851326
1207,1.4282681233264556,1.182374099043868,1.7994729598372492,1.5219150701054776,1.0889846919108854,-30.912739969655,59.08726003034499,59.087260030345
1208,5.661833139946212,4.556300868015407,7.166212676183211,1.572813754791528,0.8982316908764572,-68.17245610912158,21.827543890878417,21.827543890878417
1209,11.00168275182884,10.732216113129326,14.786435633747658,1.3777616363556615,0.5171744171321231,80.14942253515505,-9.850577464844946,9.850577464844946
1210,1.663882010113248,1.3879415353563174,2.154396822002169,1.5522244756866397,1.0001095790415913,-80.44403235989293,9.55596764010707,9.55596764010707
1211,4.134818303438459,3.2093193841546324,5.43096106493131,1.69224698911102,0.883864277094041,-74.5533837857311,15.446616214268886,15.4466162142689
1212,3.727074851943596,3.215646946157291,4.395996248391487,1.367064333242403,0.9668787154334776,-53.47076335277456,36.529236647225446,36.52923664722544
1213,16.09576430860089,13.81070162853095,19.16428422978865,1.3876401608878406,0.8722079150239102,-38.57315692459832,51.42684307540168,51.42684307540168
1214,31.401024225665434,16.731022992768544,67.72150537120561,4.04766076769341,0.3994336074589991,-50.350066228490704,39.649933771509296,39.649933771509296
1215,4.36343119189067,3.137249396826788,6.225498901003252,1.9843812568105408,0.7668885028759821,-88.14790871330172,1.8520912866982826,1.8520912866982826
1216,1.7212740281460053,1.6555834863790304,1.9756582598861216,1.1933304941372271,0.8430991347898802,-25.858258720284724,64.14174127971528,64.14174127971528
1217,2.644638672880108,1.9756319138098937,3.795633903353459,1.9212252428306824,0.7501124517298233,40.247194383915705,-49.752805616084295,49.752805616084295
1218,1.3938469657443524,1.1088819748714438,1.9553008994209973,1.7633083986667577,0.9313953078416256,20.946940326860503,-69.0530596731395,69.0530596731395
1219,2.4541208259039915,1.5158613012350162,4.409159324306658,2.90868255605865,0.5569111145449147,-33.90534369818643,56.09465630181357,56.09465630181357
1220,2.125330979189304,1.8880212859117065,3.6647812466523697,1.941069877759712,0.4541300181990755,67.6289562179318,-22.3710437820682,22.3710437820682
1221,1.5583682828180965,1.4140027498064711,1.8661319452496932,1.3197512844335724,0.9004894691922462,33.748111265787685,-56.251888734212315,56.251888734212315
1222,17.63367910263068,11.514845842983446,28.2705026290088,2.455135137239843,0.5949482899193843,-33.6005562522719,56.3994437477281,56.3994437477281
1223,1.6044383463340146,1.6221727538761384,1.6887800449465522,1.0410605411237843,1.0119884429256223,29.721432171535,-60.278567828465,60.278567828465
1224,1.3585539723246187,1.0468247947370397,3.1006308417012374,2.9619386713897145,0.3549622497641521,-82.31122330587446,7.688776694125522,7.688776694125536
1225,15.257690914128636,11.986836442216692,20.190676118096256,1.6844040723694442,0.74256986909086,0.4003978430007661,-89.59960215699924,89.59960215699924
1226,1.6195038256468852,1.10200877848481,2.79014573441077,2.5318725121655,0.6724787427547383,27.618080529879315,-62.381919470120685,62.381919470120685
1227,2.0674091517192297,1.5148822017785717,2.886116431461845,1.905175483660283,0.9311327027553952,36.52243949207031,-53.47756050792969,53.47756050792969
1228,2.672044986969093,1.703486601239648,4.390753584753658,2.5775099032528077,0.6850527381288879,-85.23287104342678,4.767128956573231,4.767128956573217
1229,1.3038244488524504,1.0881621020288403,1.6798468726139788,1.543746900835788,1.0669829488135094,-87.64423452694923,2.3557654730507807,2.3557654730507664
1230,4.659495105882954,3.550783813083237,6.27115534018075,1.7661326823317198,0.8240764398696536,-80.64414367077292,9.355856329227095,9.35585632922708
1231,15.27995796160623,8.507430302595571,29.302289452278984,3.4443173096979725,0.3991208388096202,-10.492426027134924,79.50757397286507,79.50757397286507
1232,1.3038244488524504,1.022989170026098,2.16158408999508,2.113007794539931,0.6635782091461528,24.60627106081359,-65.39372893918642,65.39372893918642
1233,10.812425882916813,7.848978461030597,15.104025766491052,1.9243301330843303,0.7463570290678471,-32.140727964378534,57.85927203562147,57.859272035621466
1234,2.2690184693770243,1.422985489296908,6.724337734518697,4.725513917813152,0.2788583619677219,-50.75556486617855,39.24443513382144,39.24443513382145
1235,36.33104295012288,34.550826386172886,47.60171355249852,1.377730101747973,0.4372251081151198,63.66818980472658,-26.33181019527342,26.33181019527342
1236,1.5108941070107518,1.1018359389508388,2.259187851231428,2.0503849723604155,0.8598841856413852,83.11710659344502,-6.8828934065549845,6.8828934065549845
1237,10.930817713270878,6.421199600660048,19.35929305886671,3.0149028628352763,0.5383967979777803,-6.440682797735355,83.55931720226465,83.55931720226465
1238,7.048925413289562,6.041986217510416,8.318675604825062,1.3768114168676058,0.9358219323892186,-14.501122426894035,75.49887757310597,75.49887757310597
1239,1.946401361393312,1.7809384068637624,2.3847397412289566,1.3390354950166357,0.6879955153034727,9.838287497770452,-80.16171250222955,80.16171250222955
1240,2.948571163041254,2.861413158879853,3.17475825833988,1.109507114863025,1.0237179858353684,-35.203481271638935,54.796518728361065,54.796518728361065
1241,1.461879030667795,1.2554295967770683,2.0007555169513864,1.5936819731570089,0.853865292440853,-85.61390378913744,4.386096210862547,4.386096210862561
1242,6.846186960961777,5.394951298206195,9.208835347560289,1.7069357698599057,0.7332439461566244,77.17568551863707,-12.824314481362933,12.824314481362933
1243,1.3038244488524504,1.114050822949413,1.6618915616151693,1.4917556069976825,0.9549442086974912,38.58289029027376,-51.41710970972624,51.41710970972624
1244,10.823650245830132,10.102141598895912,11.925090579244204,1.1804517351595554,0.8498803508966974,83.44427769346768,-6.555722306532317,6.555722306532317
1245,6.459243848165898,3.926362881589706,10.921898198879015,2.781683336018335,0.5932139057217245,-71.65312797361423,18.346872026385768,18.346872026385768
1246,5.557937466924609,3.295868654419573,10.353563788575356,3.141376333274633,0.5336895115768515,38.83964767804756,-51.16035232195244,51.16035232195244
1247,1.7904288454052892,1.5684582124304272,2.2757111752007764,1.45092241359393,0.954136378730432,-13.240268199061166,76.75973180093884,76.75973180093884
1248,2.8050629090725736,2.0967382698366936,4.0537457174655405,1.9333580045645231,0.8254228123925096,-9.310561617420214,80.68943838257978,80.68943838257978
1249,3.727074851943596,3.517618428408351,4.411296803267958,1.2540577930915542,0.7679342180874684,51.16866319131024,-38.83133680868976,38.83133680868976
1250,2.5416217529397453,1.9461551731547877,3.438134926516246,1.766629390061896,0.884183419209184,60.8198251707569,-29.1801748292431,29.1801748292431
1251,2.0198761507134417,1.3412493225760789,3.20235243355651,2.387589227188493,0.7928463507897076,83.84678336347169,-6.153216636528313,6.153216636528313
1252,1.6044383463340146,1.25764312956748,2.311258639197152,1.837769860828504,0.8286661659478689,62.95088542722623,-27.049114572773767,27.049114572773767
1253,1.4783979621211876,1.4800057948656615,1.6406223900448669,1.1085243015509842,0.9749923462093606,55.42722901978912,-34.57277098021088,34.57277098021088
1254,1.2850634067342854,0.931806994253418,2.2135501766279755,2.3755457839222545,0.7039035152441488,62.90666033381914,-27.09333966618086,27.09333966618086
1255,3.1631421441599654,2.9020430574035325,6.682784778750525,2.302786225621902,0.3253911994992673,41.35646835083088,-48.64353164916912,48.64353164916912
1256,7.884789131313001,6.321282151230776,10.20491577047405,1.6143743510147095,0.7993832245488386,61.838681109225206,-28.161318890774794,28.161318890774794
1257,2.170555852193912,1.8716488970049268,2.743299766549855,1.4657128112755402,0.8688379967372165,-51.97240705506926,38.027592944930745,38.02759294493074
1258,1.843886218520761,1.2848561118654496,2.8312894713335077,2.203584856846601,0.7907005760450306,-37.25955050825336,52.74044949174663,52.74044949174664
1259,3.7009196175543857,2.388625284050704,5.999552857583147,2.511717889634377,0.7047843483991494,-46.514238482285066,43.485761517714934,43.485761517714934
1260,1.4451712930335778,1.0067833037514973,2.394917553907621,2.3787815560544447,0.7175934269689115,46.11777037263401,-43.88222962736599,43.88222962736599
1261,2.5511588286726434,2.123020416427576,3.1398578052485533,1.4789578945887003,0.9483910306080716,-86.09532246197033,3.9046775380296594,3.9046775380296737
1262,1.6492219709549814,1.1859133586129758,3.113475516331174,2.625381941875284,0.4841226523228821,71.49292768144278,-18.50707231855722,18.50707231855722
1263,5.644649995190287,3.4281797725317245,9.53396111100575,2.7810563458184347,0.6478124701928596,-72.13381687688904,17.866183123110943,17.866183123110957
1264,1.6195038256468852,1.383983584150618,1.974547273793141,1.4267129295503642,1.0310825644902568,-24.742637309271533,65.25736269072847,65.25736269072847
1265,3.4566280662049307,2.3585428816556195,7.2747098253308575,3.084408548138947,0.4153991935161263,-69.79630044829928,20.20369955170071,20.203699551700723
1266,1.7071069228001237,1.5118032580270175,2.199761138033137,1.4550578101703129,0.7940297422868373,59.54023496591005,-30.459765034089948,30.459765034089948
1267,4.446131495787372,3.241716439480196,6.264273847472148,1.9323941388521368,0.8348812410916385,-70.70715646274542,19.292843537254583,19.292843537254583
1268,1.6195038256468852,1.2648907892268335,2.2468653858522587,1.776331526001275,0.8597584792280818,-18.362960614005065,71.63703938599494,71.63703938599494
1269,1.2850634067342854,0.8400775951483893,2.025844046596769,2.41149634069092,1.0003083685629286,84.2463958169811,-5.7536041830188935,5.7536041830188935
1270,1.542705892513396,1.2391588014364647,2.079913020642421,1.678487872766051,0.8874449601808548,-24.761060780851704,65.23893921914829,65.23893921914829
1271,1.663882010113248,1.430432499227719,2.459004632234049,1.7190637332147087,0.6483581176394643,69.4057719168387,-20.594228083161298,20.594228083161298
1272,1.2466946262544771,1.0102910657936484,2.018296873401165,1.997738019998884,0.6058996345529907,0.7607806782146502,-89.23921932178536,89.23921932178536
1273,1.8829835605082688,1.657946493045062,2.581135471637583,1.5568267627846957,0.705200618379307,14.334136535062004,-75.665863464938,75.665863464938
1274,2.363382516914025,1.9291403727444691,4.753238578777161,2.4639153510716385,0.3604682725654459,-56.55913134562109,33.4408686543789,33.44086865437891
1275,7.675655930323769,6.249801732017104,9.83333528596214,1.5733835580074411,0.7450718741985292,87.69119819707541,-2.3088018029245916,2.3088018029245916
1276,1.461879030667795,1.0506554930178391,2.12276824954489,2.0204227395676377,0.9333769660181332,-87.08553549050919,2.914464509490813,2.914464509490813
1277,1.7071069228001237,1.420558826920012,2.190266189981236,1.541834205296564,0.956444359724248,-34.49002733383363,55.50997266616636,55.50997266616637
1278,1.5892300566907107,1.1216132522788456,2.703507180763763,2.41037378550128,0.671840231757149,-82.91319271813182,7.086807281868175,7.086807281868175
1279,1.6195038256468852,0.8948883768608634,3.3658224679641067,3.761164582079964,0.5557866426762409,-67.45005996272504,22.54994003727495,22.549940037274965
1280,2.598319175852673,1.8260551312062328,4.046573405327808,2.216019295460577,0.7037480716995979,62.85256379626252,-27.147436203737477,27.147436203737477
1281,1.663882010113248,1.101176097814979,2.934736991035896,2.6650932551652557,0.69350089655181,-59.17707454393873,30.822925456061284,30.82292545606127
1282,2.125330979189304,1.737134235794426,2.6514049514121605,1.526309767419684,1.0159762584734635,73.2555837835761,-16.7444162164239,16.7444162164239
1283,7.062692858854256,5.195376650921273,9.848617242460849,1.8956502875906864,0.7827502260866203,-79.5117921699383,10.488207830061697,10.488207830061697
1284,1.7768132193231367,1.6172695464706968,2.2339811292877103,1.381328878765348,0.8154095469886581,-27.776071005568387,62.22392899443162,62.22392899443162
1285,7.602537640581825,6.638357008850171,8.87887322737453,1.3375106544491857,0.8717260236416003,-9.81544280681331,80.18455719318669,80.18455719318669
1286,1.4282681233264556,1.0127020993787383,2.1454338015148178,2.118524097887202,0.8976505631920293,-73.69448599654399,16.30551400345601,16.30551400345601
1287,1.95883855734249,1.7881825982379689,2.201281935781695,1.2310163055779562,1.091882486039353,39.10365089738636,-50.89634910261364,50.89634910261364
1288,1.946401361393312,1.2924916426553736,3.2006188838083904,2.476316889162118,0.7629494463897386,-81.64575430378133,8.354245696218669,8.354245696218669
1289,6.249037383044387,4.93177792273687,8.350334474905805,1.6931691989634077,0.7656494703829381,19.23724497453281,-70.76275502546719,70.76275502546719
1290,1.7630924485867383,1.3526480649973724,2.3675991938281524,1.7503438293335758,1.013626168042193,-87.1712523715821,2.8287476284178865,2.8287476284179007
1291,1.933884181003576,1.6456644935823,2.404870622929174,1.461337126922041,0.8663386660621847,-57.49500573044335,32.50499426955665,32.50499426955665
1292,5.01591280453477,3.3807951159002654,7.882218580832731,2.3314688736273186,0.6324511102833774,-81.98651975973378,8.013480240266233,8.013480240266219
1293,2.9070983356311,2.4075322465130315,3.5866816940058976,1.4897751418286076,0.9545830613782192,36.23614548149867,-53.76385451850133,53.76385451850133
1294,3.4706509556956857,3.250415281640752,3.785858274745499,1.1647306410750276,0.9422360286651807,87.27725130465348,-2.7227486953465245,2.7227486953465245
1295,1.6195038256468852,1.547841888624084,1.7944374980143,1.1593157616437304,1.0185772271699551,-78.48859315150253,11.511406848497472,11.511406848497472
1296,5.725810686362343,4.43634055044703,7.466518884235131,1.6830355558440535,0.8639508641564122,-58.927205725951445,31.07279427404856,31.072794274048555
1297,1.3223193364400538,1.2252913202752542,1.5188038524336285,1.239545100256189,1.0780537837759694,42.98822164010682,-47.01177835989318,47.01177835989318
1298,2.607648897704901,2.0960578626862363,3.358800755597834,1.6024370392586915,0.8599728178365453,-67.33249823927213,22.667501760727873,22.667501760727873
1299,12.556232710557774,10.68173814195194,14.984109922577856,1.4027782485819034,0.8827033772605565,-81.0070027648872,8.992997235112796,8.992997235112796
1300,1.4451712930335778,1.311045814031338,2.1376586500328054,1.6304988179320097,0.5758365903642806,-62.81125733144619,27.1887426685538,27.188742668553807
1301,1.2660243778180809,0.93512293869461,1.885231246721982,2.016025025921919,0.925124182105486,57.62862671889565,-32.37137328110435,32.37137328110435
1302,2.055628946700877,1.6593419280249906,2.806271639525922,1.6911955228335909,0.7677050067426654,-68.00202831064928,21.99797168935072,21.99797168935072
1303,1.933884181003576,1.5884247844552706,2.422745416937932,1.525250323872767,0.9480106967612832,-39.60323420204843,50.39676579795156,50.39676579795157
1304,12.31406800588438,7.778131333099904,20.63163756396289,2.6525185395320827,0.5919393531175633,-44.05378430976191,45.94621569023809,45.94621569023809
1305,5.966739611692266,4.03346408473564,9.739306393158603,2.41462578779772,0.6076642403476784,82.70684533958942,-7.293154660410579,7.293154660410579
1306,1.3938469657443524,0.8205643958744001,2.6321273063548234,3.207703526485581,0.6740468244340557,1.5662673173919135,-88.43373268260808,88.43373268260808
1307,58.70065321475716,52.88612820373898,67.28235726423618,1.2722118171524497,0.6291712741873995,-64.84112503021824,25.158874969781778,25.158874969781763
1308,2.4933892525089543,2.224251506033657,3.0207268426982337,1.3580869045177684,0.8967512397480132,-25.77351020669043,64.22648979330957,64.22648979330957
1309,4.818357801033576,2.588076857247166,10.241301675188032,3.9571087877511073,0.5043332644167534,-55.5258919543485,34.47410804565149,34.4741080456515
1310,1.663882010113248,1.0305711525149637,3.114579576494068,3.022187811965604,0.6263463698366266,-34.97981120724231,55.02018879275769,55.02018879275769
1311,1.749264059016166,1.5717112290679771,2.7298021247054995,1.736834396942159,0.5790426551728602,-12.011774065748298,77.9882259342517,77.9882259342517
1312,2.607648897704901,2.2796149919764668,3.3890905700774616,1.4866942803964716,0.685175472004493,45.118157477816204,-44.881842522183796,44.881842522183796
1313,2.363382516914025,1.7342704768469073,3.4506184182621387,1.9896656630721976,0.8327827558701765,-79.40570260717165,10.594297392828366,10.594297392828352
1314,4.6176111539370925,4.25128688107856,5.261537474039248,1.2376340673354855,0.8226252491145543,87.37736951377875,-2.6226304862212544,2.6226304862212544
1315,2.383845085036066,2.212332002644668,2.6710680874364017,1.2073540880136215,1.0221126009362658,32.9086417816814,-57.0913582183186,57.0913582183186
1316,3.045802802660224,1.8133586496020235,5.552355106035934,3.061917788438876,0.6080271000047551,-25.206966777291026,64.79303322270897,64.79303322270897
1317,3.519291078464021,2.940708270194487,4.284966921622135,1.4571207096781291,0.947720949619158,-19.781602703958296,70.2183972960417,70.2183972960417
1318,6.655528040452992,6.168388694520034,8.304140546315253,1.3462414509793474,0.5535021747461315,12.307954644083896,-77.69204535591611,77.69204535591611
1319,18.034031371807224,14.210594566156177,23.701859541967178,1.6679006238356353,0.722515054246912,25.549550718711878,-64.45044928128812,64.45044928128812
1320,1.2660243778180809,0.5812671578192632,3.142051279232535,5.405520055563695,0.449430597005908,0.8690764586270497,-89.13092354137295,89.13092354137295
1321,1.9086035621207809,1.659499067669171,2.3807317343482715,1.4346086603664676,0.8720994764664318,-50.441151881572914,39.55884811842708,39.558848118427086
1322,1.9212854528773184,1.5738921071336718,2.744318444559244,1.7436509352328602,0.795733050019557,-82.48459727172387,7.515402728276115,7.515402728276129
1323,4.128940804655817,2.939931581382325,6.383691464209621,2.171374158717012,0.6502085356583465,16.208129980771478,-73.79187001922853,73.79187001922853
1324,7.25604119076576,5.791934832801673,9.78556507814936,1.6895157422577367,0.6334819462211654,-63.96671561001187,26.033284389988125,26.033284389988133
1325,5.375805919881384,4.32484954656424,7.021603872686049,1.623548703159899,0.8430722511553234,25.884105097886334,-64.11589490211367,64.11589490211367
1326,8.645784537947932,6.218743827684036,12.833668407676448,2.063707520889459,0.5938305168510617,-63.548344448061606,26.451655551938387,26.451655551938394
1327,2.279696262327928,1.950542037985484,2.748520137859971,1.4091058199897282,0.9579996538554952,21.222597997661968,-68.77740200233804,68.77740200233804
1328,4.747271702926952,4.277789573710301,5.299625394114451,1.2388700525813547,1.0063329577289202,28.89170735043564,-61.10829264956436,61.10829264956436
1329,2.0078170808425457,1.688608216766234,2.6942981711327247,1.595573291886756,0.7823352918635157,-32.53030580758848,57.46969419241151,57.46969419241152
1330,1.1451621372724683,1.0530435706339798,1.427251591972417,1.3553585357471456,0.9860201730231476,-16.199920086959676,73.80007991304032,73.80007991304032
1331,4.858511476940655,4.644886524193196,5.241458731034303,1.1284363361158172,0.9484406740630974,-12.377986786120172,77.62201321387982,77.62201321387982
1332,1.4451712930335778,1.3120360750572733,1.6834403597109235,1.2830747505455882,1.0967048284032228,78.71099079957285,-11.289009200427145,11.289009200427145
1333,1.4947343471339476,1.262905065600597,1.875624426480297,1.4851666032302364,0.959414407439014,-67.99529444741475,22.00470555258525,22.00470555258525
1334,9.744475750974644,5.859911653939384,16.806709536729514,2.868082409643674,0.6320348629790119,-39.50152560023411,50.49847439976588,50.49847439976589
1335,2.570126813468571,2.50339774873277,3.0329601378534274,1.211537455200127,0.657838830572646,-17.433880562579176,72.56611943742082,72.56611943742082
1336,14.470185872887429,7.001469865397889,32.67011740267432,4.6661798209164616,0.3737479203035531,-71.04552467503403,18.954475324965983,18.95447532496597
1337,10.99064020889588,8.526813691404577,15.022693905113904,1.761818007148142,0.6732377559407331,-65.48652211623795,24.51347788376205,24.51347788376205
1338,3.208876692668029,3.1602978273321454,3.929212769208522,1.243304582000576,0.5397328921337253,67.90913474030202,-22.090865259697978,22.090865259697978
1339,2.8987325676804407,2.040668868773212,5.022377734048545,2.4611429178452875,0.6105818514550369,39.265711592779,-50.734288407221,50.734288407221
1340,10.065659855575966,6.860621101974542,24.54767859020728,3.578054847416404,0.2734849842172193,-89.17112663628464,0.8288733637153598,0.8288733637153598
1341,1.6044383463340146,1.1830124540425422,2.263683101475193,1.9134905078470028,0.9485485011149312,-38.25993354993766,51.74006645006233,51.74006645006234
1342,10.740312192037882,8.508245484846638,14.004982738626564,1.646048267362493,0.7523523298579099,-62.42446440364456,27.57553559635545,27.575535596355436
1343,2.653805558851462,1.5505253100653604,4.970319737923631,3.2055714960977406,0.6264941581262482,71.61548689402098,-18.384513105979025,18.384513105979025
1344,3.186091481181058,2.6849295503969914,3.860141281367132,1.437706728951743,0.9275841277419156,20.350252894155417,-69.64974710584458,69.64974710584458
1345,1.9834790046600808,1.5141645927899603,2.674832890946082,1.766540377236998,0.985992092080689,-50.01465870119373,39.985341298806276,39.98534129880627
1346,1.95883855734249,1.876907495652569,2.332285221685485,1.2426212943832848,0.8169718765206174,-24.755475822191272,65.24452417780873,65.24452417780873
1347,1.663882010113248,1.6508097429726043,1.745850516594167,1.057572215106038,1.120629022243949,68.72634284605537,-21.273657153944626,21.273657153944626
1348,1.6344304437273447,1.2342880445385431,2.326408840339588,1.884818418709832,0.8929498754261062,-88.3729816354707,1.627018364529306,1.627018364529306
1349,5.897142326082508,3.2864158878029253,11.528546151567294,3.50793890522313,0.4227153544709622,-81.11175184587067,8.888248154129315,8.888248154129329
1350,1.2850634067342854,0.9596849003978252,1.8316620143064464,1.9086077248346345,0.9954857530393711,26.92052132517767,-63.079478674822326,63.079478674822326
1351,1.749264059016166,1.348328763424703,2.364082248024644,1.753342591327627,1.0382256936519874,69.65981669875804,-20.340183301241964,20.340183301241964
1352,2.353084504890762,1.8862340079874556,3.2478806187191984,1.7218863645580071,0.7980659624271553,-88.17273212834799,1.8272678716519977,1.8272678716520119
1353,2.031863651507851,1.83712325492683,2.409921352228067,1.3117907825537,1.0070397443773764,-49.64022818851168,40.359771811488315,40.35977181148832
1354,2.353084504890762,1.2254098471147878,5.19811737238101,4.2419418977413255,0.4450852648957815,88.08725301791634,-1.912746982083661,1.912746982083661
1355,7.171881057968174,5.092452091782206,22.28009046162028,4.375120287842102,0.1621795316957187,-76.97808022028886,13.02191977971114,13.02191977971114
1356,2.4933892525089543,1.9480078337582984,4.224525919643499,2.16863908164738,0.502504555455071,53.01492793341038,-36.98507206658962,36.98507206658962
1357,1.6195038256468852,1.4660860816034675,1.9687646216637928,1.3428710949295302,0.7908168615848655,-11.835966378380224,78.16403362161978,78.16403362161978
1358,14.595514610771728,13.89353746995454,16.419766929313717,1.181827663748147,0.5961442222147159,-59.94393569680128,30.056064303198724,30.056064303198717
1359,7.245993586789585,5.675273567339982,9.614085031259156,1.6940302378701553,0.7620359106645893,-51.77832887648235,38.22167112351764,38.22167112351765
1360,1.5892300566907107,1.1713804641795895,2.687405347505679,2.294220733301952,0.6185759570158214,13.254842655645838,-76.74515734435417,76.74515734435417
1361,1.2270604129519955,1.1502423170279268,1.5631115547863463,1.3589410958424992,0.9040668450974804,56.232472167155166,-33.767527832844834,33.767527832844834
1362,1.9711972828282505,1.2995960362887464,3.3359401273479623,2.5669054338411184,0.6205067383115113,72.91591024016792,-17.084089759832082,17.084089759832082
1363,3.7595130166658177,3.5884888799366244,4.040126026893316,1.125857195623989,0.975030734843467,58.780370039179736,-31.219629960820264,31.219629960820264
1364,1.3223193364400538,1.021754112578244,2.019773904762514,1.976771005761764,0.7290627505377129,-37.818023825434025,52.181976174565975,52.181976174565975
1365,1.2071068813224677,1.0657855850849405,1.498482146331798,1.4059883782462423,1.0640289252628632,-74.55415679641294,15.44584320358706,15.44584320358706
1366,3.5054627692732265,2.839069331268393,4.453424396143996,1.5686212193185036,0.8971668351578089,43.41047622077389,-46.58952377922611,46.58952377922611
1367,2.055628946700877,1.464946297467322,3.075633685783403,2.09948562012186,0.736085450669534,-80.02129245420122,9.978707545798784,9.978707545798784
1368,1.3223193364400538,0.9434710170809968,2.7602521793615944,2.925635371292626,0.4849728419283168,-86.4782780845402,3.521721915459807,3.521721915459807
1369,2.873489132855324,2.087283572757532,4.022288363571194,1.9270445166476864,0.9272061651219876,-78.50823140802572,11.491768591974278,11.491768591974278
1370,2.2148574771042746,2.040716859453975,3.003958936369648,1.4720116230006564,0.6004912103465819,-68.17701222976966,21.822987770230327,21.82298777023034
1371,1.4111624987975715,1.2923592461207811,1.637190591332692,1.2668231347026582,1.0816461679085323,-64.86059816419366,25.139401835806325,25.13940183580634
1372,1.4451712930335778,1.3845247620426544,1.648151832890116,1.1904097911968872,0.9705956850298392,-40.0549365533444,49.94506344665561,49.9450634466556
1373,15.687746051421772,8.29312126119037,31.508593162807188,3.799364819402693,0.4437736023845571,-82.82836068669417,7.171639313305832,7.171639313305832
1374,1.946401361393312,1.585073457375776,2.534465302541364,1.598957632372059,0.9538625714364874,60.80702468349698,-29.192975316503023,29.192975316503023
1375,2.588955833054293,2.202891053927883,3.095931271745138,1.4053946363915328,1.0603400816876247,61.32543445603151,-28.67456554396849,28.67456554396849
1376,22.86397667938275,13.521641037363269,44.06583636641893,3.25891186170786,0.4065272752299269,-38.36814796554116,51.63185203445883,51.63185203445884
1377,9.71702295388131,7.412875413977145,12.884107173213536,1.7380714572539908,0.83800333096959,83.4171322596417,-6.582867740358296,6.582867740358296
1378,18.2202510975818,15.29007560941467,23.54215920877957,1.539701948516447,0.6342387106358176,-62.2891202626941,27.710879737305902,27.710879737305902
1379,2.0078170808425457,1.5245322272596342,2.7993590516179085,1.8362085114132296,0.9023097899266582,-64.69738220481736,25.30261779518264,25.30261779518264
1380,5.768068165082647,3.166769669135811,10.958718686886757,3.460535445218317,0.5862482331114454,-83.3081569931763,6.691843006823717,6.691843006823703
1381,16.679637313580606,9.957350823631492,41.57398373606071,4.1752052802432535,0.3017932916496406,53.112693061686464,-36.887306938313536,36.887306938313536
1382,2.79639190560923,1.8373012730806009,4.680805968447449,2.5476529282533766,0.6579627557920615,-57.87631613922568,32.12368386077432,32.12368386077432
1383,2.0198761507134417,1.7686104799147502,2.4221899020972826,1.3695440175238789,0.9772269788054124,7.092947159009584,-82.90705284099042,82.90705284099042
1384,1.946401361393312,1.5344991017052263,2.822732381779548,1.8395138704498164,0.7279317841000271,-81.67690942079498,8.32309057920503,8.323090579205015
1385,1.4451712930335778,1.3287588877165697,3.014097294937958,2.268355322249313,0.3993127584611753,88.70235632370537,-1.2976436762946264,1.2976436762946264
1386,1.7212740281460053,1.5880965540108192,1.9576660915018969,1.2327122595648927,1.0742228120132904,-89.57683961777406,0.42316038222594443,0.42316038222594443
1387,2.192818546001692,1.548108136381891,4.812717054405892,3.108773180182214,0.3966212203708881,12.755585406182512,-77.24441459381748,77.24441459381748
1388,1.8039417076383557,1.6143102078947469,2.0646446965572984,1.2789640345828217,1.124905334523675,6.734149803801986,-83.26585019619802,83.26585019619802
1389,7.031678200232864,6.129830870682765,8.178171980713547,1.3341594822505485,0.9095464500658862,-79.35884591317064,10.641154086829374,10.64115408682936
1390,1.6195038256468852,1.2446110366049226,2.4368024660858456,1.957882739601128,0.7604576316092423,89.40427974001572,-0.5957202599842759,0.5957202599842759
1391,5.020752084777113,4.012473073035239,6.662858038376314,1.6605365112983022,0.8021453726479156,-82.99960107972419,7.0003989202758135,7.0003989202758135
1392,2.031863651507851,1.3782117343773248,3.8901955238398496,2.82263996656322,0.5312246404619281,73.71584801309095,-16.284151986909052,16.284151986909052
1393,1.461879030667795,1.2099242807768902,1.900041062309573,1.5703801407221616,0.9773637540522424,-65.86849069733445,24.131509302665563,24.13150930266555
1394,8.88953153305797,7.952936137909577,11.135484295707297,1.4001727289909118,0.6824384649796922,18.58388256127086,-71.41611743872915,71.41611743872915
1395,2.0078170808425457,1.9838099276134569,2.1115494384774154,1.064391002931229,1.004638752842076,-54.11928151491087,35.88071848508912,35.88071848508913
1396,1.2660243778180809,0.9911091731613444,1.7918864568195274,1.8079607225346737,0.9434829807002968,59.043024434663344,-30.956975565336656,30.956975565336656
1397,2.890342586067156,3.230802199734048,5.303926428361245,1.6416747607754667,0.2644793943744122,-76.22506726762334,13.77493273237667,13.774932732376655
1398,1.5583682828180965,1.440723130093792,2.354904111175106,1.6345292596376932,0.6301814883581989,70.35529656874984,-19.644703431250164,19.644703431250164
1399,1.4783979621211876,1.3726697229287044,1.6639611159092391,1.212207924539226,1.148542096080462,-11.535206124912326,78.46479387508768,78.46479387508768
1400,1.3223193364400538,1.2680270533145577,1.4739149525222963,1.1623686960538884,1.0641902954947111,-33.535642868863455,56.46435713113655,56.464357131136545
1401,3.178460113381421,1.6869591723792945,6.226149326071294,3.690752822008079,0.6057054101695211,-52.84478176176222,37.15521823823778,37.15521823823778
1402,2.5416217529397453,2.161297983481145,3.150614943552712,1.4577420455823034,0.8656481392312033,46.31902944025416,-43.68097055974584,43.68097055974584
1403,2.787693931488705,1.803310999184236,5.072736523616023,2.813012578479684,0.5718073785850204,-32.962175917013695,57.037824082986305,57.037824082986305
1404,5.215297795409802,2.9562567427344018,9.598282687589313,3.2467689794463994,0.5831310150598464,-46.33975051456639,43.66024948543361,43.66024948543361
1405,1.3223193364400538,1.2600858396660606,1.60992776517173,1.2776334075767268,0.9093015044519294,61.40152263659914,-28.59847736340086,28.59847736340086
1406,2.607648897704901,1.7253185259269306,4.2931889336710505,2.488345699159827,0.7015823232057686,87.23025642012871,-2.769743579871289,2.769743579871289
1407,8.484166837883437,6.284961156607699,11.698566392175424,1.8613585829207755,0.7790613722923782,75.76091859962192,-14.239081400378083,14.239081400378083
1408,1.7071069228001237,1.465567838449766,2.4897806353754484,1.698850486517952,0.6941698874950775,-6.294573753105111,83.70542624689489,83.70542624689489
1409,2.394010781836305,1.818106166638218,4.157753568801708,2.2868596152938805,0.5369859955533369,-63.2066678715838,26.79333212841621,26.793332128416203
1410,9.216796593023629,7.404254026812894,12.316566012880925,1.6634445506973643,0.641457763966387,78.05293501654188,-11.94706498345812,11.94706498345812
1411,1.461879030667795,1.3509673595207918,1.787029236331506,1.322777507345101,0.9060729054279908,0.3696296777039221,-89.63037032229607,89.63037032229607
1412,1.7353254778478429,1.4460310942589572,2.1783179712910856,1.5064115702210408,1.0217459207368764,79.92879097195338,-10.071209028046624,10.071209028046624
1413,29.35032660737858,19.13606781558942,46.20280084929892,2.4144354678582016,0.6160684075029393,66.5526142672665,-23.447385732733494,23.447385732733494
1414,1.5583682828180965,1.3141662416950337,3.076845382182183,2.341290838679296,0.4328197996820104,-14.707229994861397,75.2927700051386,75.2927700051386
1415,2.170555852193912,1.8282975339982368,2.646297788033965,1.44741090485796,0.9558232158624176,-49.04264892590464,40.95735107409536,40.95735107409536
1416,3.681181238855987,3.2720187874628306,4.323980326839607,1.3215022919206652,0.9288076645435812,-64.61997179457535,25.38002820542465,25.38002820542465
1417,11.70541030421774,7.2193666384119215,19.777680578844077,2.739531259378546,0.6229722088822215,-18.09576421770217,71.90423578229783,71.90423578229783
1418,1.4282681233264556,1.4538983057656645,1.886968474948282,1.2978682673094872,0.6299151286008898,-20.706393454582468,69.29360654541753,69.29360654541753
1419,7.398557550516029,5.428436600594059,10.352221682576648,1.907035569217803,0.706219655783106,-52.26503941412959,37.7349605858704,37.73496058587041
1420,2.434249075164649,1.841691758424536,5.048189441500315,2.7410609937347816,0.4217733420858781,74.51399060153433,-15.486009398465669,15.486009398465669
1421,7.272756350420297,4.6576771078666654,11.566515084002424,2.4833226555071746,0.7074603987438822,-49.599650450394016,40.40034954960598,40.400349549605984
1422,2.4442051456532488,1.940653200429288,3.242534530740219,1.670846975658992,0.8857754585522959,71.4727680133934,-18.527231986606594,18.527231986606594
1423,1.7630924485867383,1.7138124556071492,3.3093386817335677,1.930980645464602,0.4129733085846403,87.75636426985716,-2.2436357301428416,2.2436357301428416
1424,1.8306682257451572,1.530467771172776,2.53406564212952,1.6557458378804677,0.7145823083953029,10.352629064883445,-79.64737093511656,79.64737093511656
1425,7.522255162118388,4.593737408946306,12.706008822983996,2.765941474634366,0.6091613063424961,-70.36126706845985,19.638732931540147,19.638732931540147
1426,1.340559085464394,1.0886596185995614,1.7612688939189078,1.6178324830166686,1.0086662724133206,49.172473192921416,-40.827526807078584,40.827526807078584
1427,1.5892300566907107,1.4013426379404847,1.8954565253834563,1.3526003377511993,1.0276868892531803,30.982436991585608,-59.01756300841439,59.01756300841439
1428,16.745027961965146,13.663147431784587,23.105678966477303,1.6910949019496453,0.447492968633368,-85.33205909248157,4.667940907518414,4.667940907518428
1429,15.08642160960019,12.897781697377104,18.649320429411496,1.4459323988406492,0.7095695609409035,-33.557842473368176,56.44215752663183,56.442157526631824
1430,1.526882849696625,1.1919598824024351,2.07312173141384,1.7392546192371787,1.0399918359566511,61.73309993521959,-28.26690006478041,28.26690006478041
1431,1.9212854528773184,1.399676227619379,4.1478555490358255,2.963439306310611,0.4482983360979734,0.1938000019205124,-89.80619999807949,89.80619999807949
1432,35.75903456603076,20.464176048704843,79.80176363592014,3.8995835183391474,0.2963605837286843,-60.61789497702284,29.382105022977157,29.382105022977157
1433,1.6344304437273447,1.3754305167768508,2.2386497950703887,1.6275993354548977,0.7023784933007226,83.46991752589386,-6.530082474106138,6.530082474106138
1434,1.6344304437273447,1.4809912483817365,1.900101385613036,1.2829929870883818,1.0261973491338765,-70.20375829120486,19.79624170879515,19.796241708795137
1435,2.332352078688221,1.8212385861391085,3.112028294819243,1.7087427855438275,0.9112610044792958,-89.45359148253382,0.5464085174661761,0.5464085174661761
1436,1.2850634067342854,1.044296857402958,1.6783595685632786,1.6071671160029717,1.0631388783080264,81.53624346792648,-8.463756532073518,8.463756532073518
1437,1.6784140066373283,1.3929609716435465,2.1365427088508366,1.5338137624415582,0.9887037880792344,48.88775644297253,-41.11224355702747,41.11224355702747
1438,2.873489132855324,2.441805241185685,3.4820698059485933,1.4260227421978091,0.870209976584501,-73.53734639510343,16.46265360489656,16.462653604896573
1439,1.6492219709549814,1.2068301349563084,2.4107792998227167,1.9976127791257012,0.8520294108563136,85.92299998247731,-4.077000017522693,4.077000017522693
1440,5.025586705141161,3.786573284976312,6.8951974498374575,1.8209597255637409,0.7892878611593986,-68.22888731896732,21.771112681032662,21.771112681032676
1441,2.4041334941401127,2.5079539248796827,2.5115820361926646,1.0014466419326886,0.8098147659114546,84.95673415767187,-5.043265842328125,5.043265842328125
1442,2.9070983356311,2.2518432436808866,3.8779775026167775,1.7221347504979057,0.9048377305744172,74.86032079825348,-15.139679201746517,15.139679201746517
1443,2.5224394277803315,2.127802839196863,3.159032651463032,1.4846453784484115,0.8873832962546913,8.833675158205166,-81.16632484179483,81.16632484179483
1444,9.440676859716609,8.208933512463979,10.98084734064618,1.33767039579179,0.8956969106856093,32.149956822819895,-57.850043177180105,57.850043177180105
1445,3.38564251614032,2.7208616979166957,7.516950837182096,2.762709638250876,0.3160408837267956,-8.144833508040753,81.85516649195925,81.85516649195925
1446,2.043780842560348,1.712048477499932,2.5879043989197847,1.511583598788538,0.9459646658335572,-11.855809109258418,78.14419089074158,78.14419089074158
1447,1.2660243778180809,0.90288732171051,2.0058938427985216,2.2216436033218168,0.8799219806632658,-82.54976490616676,7.450235093833243,7.450235093833243
1448,3.553626438646273,2.315506444846691,5.823326197258133,2.5149254972787145,0.5249758191415885,72.18529423458503,-17.81470576541497,17.81470576541497
1449,1.9711972828282505,1.522099428376498,2.7663517689982444,1.8174579908678443,0.793810966438278,-89.93855799718108,0.06144200281892154,0.06144200281892154
1450,1.4783979621211876,1.4648273759274713,1.7780116058938749,1.213802824218866,0.8160534657205409,85.18217985289003,-4.81782014710997,4.81782014710997
1451,1.340559085464394,0.8841655800941014,2.539296502844531,2.871969413889958,0.6050098839551423,-7.674215823255854,82.32578417674415,82.32578417674415
1452,1.542705892513396,1.1089267542157024,2.3320994650191773,2.1030238977943805,0.8060487193086663,-70.14152121701342,19.858478782986595,19.85847878298658
1453,1.5738748168108194,1.290042461171158,1.9943362756419825,1.5459462270966144,1.079649675248278,-50.22520602971358,39.774793970286424,39.77479397028642
1454,3.335053763946224,2.5890734509261,4.355799990136969,1.6823779134496624,0.9815866208324115,60.95026584934647,-29.049734150653528,29.049734150653528
1455,14.979802453041636,11.907041443579294,21.456847214421025,1.8020301110139607,0.4972817880421645,37.8376526007366,-52.1623473992634,52.1623473992634
1456,1.7768132193231367,1.4699310799126426,2.274377059641111,1.5472678214112436,0.9266224659795388,-36.39085412673766,53.60914587326235,53.60914587326234
1457,5.425270671893549,3.8173419553719112,7.893810010155418,2.067881290814658,0.7626045732952798,-87.55859437132773,2.441405628672271,2.441405628672271
1458,6.1511147251729525,4.742652506552109,8.105225321080678,1.7090067867892658,0.8026931949332259,-35.07941838140286,54.92058161859714,54.92058161859714
1459,2.607648897704901,2.0673964847131705,3.4752819424124364,1.6809944140417723,0.8527930256547213,66.60433266012866,-23.395667339871338,23.395667339871338
1460,2.0198761507134417,1.3441105440933938,3.208925414624028,2.387396950887292,0.7303156670023792,-88.70252244192204,1.2974775580779578,1.2974775580779578
1461,4.307415631836072,5.480834566518659,6.612442592857218,1.2064663716090482,0.2517124742680859,-63.94274308370231,26.05725691629769,26.05725691629769
1462,1.376313601551939,1.207108236062566,1.7017073488654122,1.4097388270799691,1.0119353889986822,51.82432216188338,-38.17567783811662,38.17567783811662
1463,2.1138735858617226,1.8481755385283123,2.5337316899668223,1.3709367087416453,0.9231784416893354,82.67781693381295,-7.322183066187051,7.322183066187051
1464,4.123054927387453,3.648041995572614,4.81266440872372,1.3192458898676414,0.8598263538171601,-86.26294705939162,3.737052940608379,3.737052940608379
1465,1.2466946262544771,1.1434036008289996,1.5358096313008016,1.343191179551382,0.9628708838538628,76.51409524379878,-13.485904756201222,13.485904756201222
1466,2.181715595945335,2.0285988266365065,3.902375915196231,1.923680455670241,0.4028931561524256,-0.9359270613850212,89.06407293861498,89.06407293861498
1467,1.461879030667795,1.3765490998790513,1.7917579464716102,1.3016302481539097,0.8167981055656922,-77.00916310153245,12.990836898467535,12.990836898467549
1468,1.2466946262544771,0.9719324958593732,1.9023869721470916,1.957324176577736,0.7836943873089891,82.54827481759206,-7.451725182407941,7.451725182407941
1469,5.21063919886116,4.281950976185091,6.613228788794341,1.5444429012791383,0.7916592815887779,67.0898759259578,-22.9101240740422,22.9101240740422
1470,1.7904288454052892,1.6345981154059144,2.071662516342419,1.267383399514057,0.9848248154956056,37.472198094625135,-52.527801905374865,52.527801905374865
1471,1.749264059016166,1.0366874927328351,3.3674216272219755,3.2482514266136646,0.5532528410042852,83.32434829654075,-6.675651703459252,6.675651703459252
1472,18.837572304281327,12.26077162953759,33.46027166758468,2.7290510482207404,0.4076084840543665,-49.77261639150713,40.22738360849286,40.22738360849287
1473,1.9212854528773184,1.70748435526725,2.5200364122150614,1.475876721471122,0.8500438885767829,-89.23673061424265,0.7632693857573543,0.7632693857573543
1474,1.5892300566907107,0.8892546809765496,3.4230534485841115,3.849351059726815,0.5164704488084904,-77.26033805139707,12.73966194860293,12.73966194860293
1475,23.164713387245925,22.159150054968965,24.975682095527382,1.127104696415323,0.6559036321559267,-88.04620267187234,1.9537973281276777,1.9537973281276635
1476,1.461879030667795,1.0998337562498697,2.058723365867276,1.87184959014802,1.0001920410918497,-49.62428843998597,40.375711560014025,40.37571156001403
1477,18.22158391284985,13.332049552737974,25.804271829213,1.9355067446410468,0.5526509095351081,-31.58017222513722,58.41982777486278,58.41982777486278
1478,1.526882849696625,1.2960784535342396,2.1042658624331803,1.6235636482460745,0.8059023292109911,-36.802736327047874,53.19726367295212,53.197263672952126
1479,1.3938469657443524,1.2185733370684135,2.2276788781082884,1.828104070837077,0.6124649490086632,63.93776743708385,-26.06223256291615,26.06223256291615
1480,4.357862036855523,3.396066380981809,5.683364173317431,1.6735138644947098,0.8780858491794368,-73.21205613842524,16.787943861574774,16.78794386157476
1481,1.3223193364400538,1.1034301010592007,1.6958602074722742,1.5368986271485523,1.0876960086091445,15.219572949171008,-74.78042705082899,74.78042705082899
1482,1.526882849696625,1.3828150371069623,1.954871988394922,1.413690143610805,0.833888537552865,-26.844875144569787,63.155124855430216,63.155124855430216
1483,1.186817925731738,0.6825079992088667,2.617214855198114,3.834702096139348,0.533575756009273,-64.16714533703981,25.832854662960187,25.832854662960187
1484,1.526882849696625,1.2619290275481638,3.780936964725429,2.996156584234784,0.3414703404554051,-19.419101060722344,70.58089893927766,70.58089893927766
1485,5.970808306070079,4.046162533417202,9.935159274220243,2.4554523433415976,0.3899663546803494,23.960369392593783,-66.03963060740622,66.03963060740622
1486,1.8306682257451572,1.6248174598284089,2.2138279525482853,1.362508716998942,0.9495083262390744,84.27686255387093,-5.723137446129073,5.723137446129073
1487,2.102353753036351,2.0148625991151543,3.9248215972661855,1.9479351093170365,0.400018081625719,-29.82628347930625,60.173716520693745,60.173716520693745
1488,11.172533357816476,10.1235935574136,12.44411756436762,1.2292193966296368,0.9225025143408816,-56.726486667044455,33.27351333295553,33.273513332955545
1489,1.8829835605082688,1.7458768758856311,3.1678665161127384,1.814484491929464,0.4557199280362018,50.62033887966954,-39.37966112033046,39.37966112033046
1490,1.4282681233264556,1.078344056311721,2.3154016779129227,2.147182677328729,0.7630986482801344,87.33288619335167,-2.667113806648331,2.667113806648331
1491,11.563470693154017,8.637251685551183,16.610291723231406,1.923099190338278,0.5870514022951836,-83.2323565831366,6.767643416863393,6.767643416863393
1492,1.8039417076383557,1.2047936291503485,3.14923855422448,2.613923644703702,0.6866755744732306,1.6940911581940457,-88.30590884180596,88.30590884180596
1493,1.4111624987975715,1.0558140751348053,2.0158580289108365,1.909292626785122,0.9094248540091182,29.256791699903832,-60.74320830009617,60.74320830009617
1494,5.15911700639091,4.038389045374743,6.830512503159859,1.6913953624609293,0.7517226564448335,-53.036152844043215,36.963847155956785,36.963847155956785
1495,12.02874587717066,7.443376561070897,21.05789233361268,2.8290779273140827,0.5067953191543507,-28.727796126187584,61.272203873812416,61.272203873812416
1496,1.5738748168108194,1.2782216552784464,2.08101628282684,1.628055880788151,1.0006880416726447,-77.5737784875415,12.426221512458483,12.426221512458497
1497,1.2660243778180809,0.8899149679965557,2.571516577719577,2.889620548251673,0.5862171197498598,-48.267574599319545,41.732425400680455,41.732425400680455
1498,2.6169453581990307,1.958988013732621,3.801686405659224,1.9406379104972464,0.688275464885518,56.83670165015224,-33.16329834984776,33.16329834984776
1499,2.3219164465724,2.1136244104040243,2.877163704075434,1.36124643996019,0.8108864687545311,-78.18974660453597,11.81025339546403,11.81025339546403
1500,26.923264543449942,16.062138985827772,49.28908498012429,3.0686501358015827,0.3959110435808287,73.20346042852589,-16.796539571474113,16.796539571474113
1501,1.5108941070107518,1.194712026004609,2.035969552703976,1.7041508818763005,0.9588245909935152,-39.44327560290018,50.55672439709983,50.55672439709982
1502,2.363382516914025,1.3954958864592335,4.723378098303584,3.384730936246702,0.5331908557172563,-82.5590095957238,7.440990404276192,7.4409904042762065
1503,16.142469016078806,11.65801953911621,23.11006120632412,1.982331658373261,0.6601947209124776,-47.1001297759537,42.89987022404631,42.8998702240463
1504,1.6195038256468852,1.5195314528100554,1.84169079162676,1.212012287222445,1.095088316806675,11.359344433403404,-78.64065556659659,78.64065556659659
1505,1.663882010113248,1.3435719712429963,2.118660981193769,1.5768868557400049,1.0968139087158033,-38.80302841135464,51.19697158864537,51.19697158864536
1506,1.5583682828180965,1.3626013241491632,2.001689696692176,1.4690208069055506,0.9010351583630408,53.47674582601748,-36.52325417398252,36.52325417398252
1507,1.895836839826219,1.6967761064777958,2.2153304192729,1.305611512806796,1.0340620013317887,16.96639465338554,-73.03360534661446,73.03360534661446
1508,1.4451712930335778,1.136814936164591,2.101529205386996,1.8486115360844728,0.9102928634446266,-42.71521187746297,47.28478812253704,47.28478812253703
1509,20.416408818102838,18.80463380315408,24.300383352298315,1.2922550689725447,0.6135707705030998,-48.65914830283498,41.34085169716502,41.34085169716502
1510,2.1480624384075764,2.039838733869394,2.357518813448355,1.1557378405970111,0.9736444712680136,75.30027170016912,-14.69972829983088,14.69972829983088
1511,2.125330979189304,1.499826672623941,3.3062620233005906,2.204429407510334,0.7771406052361363,-87.7809662045831,2.2190337954169195,2.2190337954169053
1512,1.2466946262544771,1.0573151655263746,1.5775179916430655,1.492003560601264,1.0894685212712265,-46.595443406014894,43.40455659398509,43.404556593985106
1513,1.2270604129519955,1.035284255458349,1.5483297019368856,1.49555998149648,1.16719120461987,76.21406996065998,-13.785930039340016,13.785930039340016
1514,3.6745782178649335,3.2721170066513108,7.179940624369132,2.1942799141272435,0.2951404962861539,-42.43389628416828,47.56610371583173,47.56610371583172
1515,12.319983017676565,7.3750917897461825,20.897612321225463,2.833539285609985,0.6441642198323116,69.38970349326787,-20.610296506732126,20.610296506732126
1516,32.459730255888765,26.626038142821795,40.53530813419583,1.5223935275974914,0.803008128991765,41.39437178939854,-48.60562821060146,48.60562821060146
1517,3.720553281152215,1.880876966934534,7.976169184778868,4.240665032853522,0.4689443483440619,-6.786730225081986,83.21326977491802,83.21326977491802
1518,3.0217882140215035,2.1068189332137046,4.484321077880479,2.128479579894497,0.8628776879405861,-74.25693061587059,15.743069384129399,15.743069384129413
1519,2.598319175852673,1.8271588733373945,3.892245975352244,2.130217591994542,0.8031230250027607,41.81963187532059,-48.18036812467941,48.18036812467941
1520,16.280287696231543,11.84939429699255,31.57118342108176,2.6643710749919696,0.3213467225959743,-67.03449085737414,22.965509142625876,22.965509142625862
1521,1.2466946262544771,1.10868515426678,1.5276728089587923,1.37791401199839,1.0484724937489964,80.16164961269472,-9.838350387305283,9.838350387305283
1522,1.8173540983129992,1.2333209276901922,3.3335643458263524,2.702917197772336,0.5263317503092148,35.660597068059374,-54.339402931940626,54.339402931940626
1523,3.0217882140215035,2.6573781290369585,3.526517523782926,1.3270665116299976,0.9480602974741814,87.27094136741064,-2.729058632589357,2.729058632589357
1524,1.4451712930335778,1.3723864786975086,1.6275314394492262,1.1859133449011157,1.0034084263318417,-15.727667738771183,74.27233226122881,74.27233226122881
1525,1.3223193364400538,1.208749767363006,1.5563996936398032,1.2876111629251652,1.1388176422468417,-8.107646634862041,81.89235336513796,81.89235336513796
1526,1.1451621372724683,1.112131117753279,1.2139789436731188,1.0915789732829273,1.4035392566880267,-8.000511426923007,81.99948857307699,81.99948857307699
1527,1.6784140066373283,1.6433905416055588,1.7804325200875513,1.0833897816815383,1.115357822520379,-21.747930635385448,68.25206936461456,68.25206936461456
1528,1.526882849696625,1.342303368294593,2.2328756581937426,1.663465734300159,0.7290419875049611,-10.793592126293657,79.20640787370634,79.20640787370634
1529,1.3938469657443524,1.3933222244574823,1.477231791696198,1.0602226575919205,1.1109487897049444,-19.188189281243908,70.81181071875609,70.81181071875609
1530,1.5738748168108194,1.160444394975497,2.277322009724008,1.962456813600357,0.8677786728577603,73.00345831634077,-16.99654168365923,16.99654168365923
1531,1.4783979621211876,1.1433064351903226,2.743752731339104,2.399840188848722,0.5508894722855965,-30.958857754240093,59.041142245759914,59.04114224575991
1532,1.4111624987975715,0.9661400011822197,2.4719523732165203,2.558586095381321,0.6789121361134873,67.73299694141137,-22.267003058588628,22.267003058588628
1533,2.125330979189304,1.759790638685416,2.7034247673184937,1.5362195410574426,0.9945146524260048,41.26256632514573,-48.73743367485427,48.73743367485427
1534,2.5416217529397453,1.5930533084436336,4.5143899530849785,2.833797167462905,0.5954619178854671,-19.209479710497053,70.79052028950295,70.79052028950295
1535,1.95883855734249,1.7616743743910894,2.25561684242488,1.280382388036108,1.0088709267410378,-29.70408777423282,60.29591222576718,60.29591222576718
1536,1.895836839826219,1.7361310536268877,2.2214320570230823,1.279530167024183,0.9616843055084628,-9.785309744950736,80.21469025504926,80.21469025504926
1537,1.843886218520761,1.6224083872997774,3.5697169423232964,2.200257943848825,0.4047454703591497,-73.0075477699308,16.992452230069205,16.992452230069205
1538,1.7071069228001237,1.3545452362741943,2.2492882526312807,1.6605486420063478,1.0283951610793858,36.01926387202589,-53.98073612797411,53.98073612797411
1539,3.253968505277106,1.8577382709489685,5.958873618840931,3.207595877215268,0.6536134304405425,-45.76384272721069,44.23615727278931,44.23615727278931
1540,3.2688608874546894,2.3465428064372933,4.873275718323381,2.076789609358277,0.7411248440923127,-64.15332042553996,25.84667957446004,25.84667957446004
1541,5.330439657969411,3.556349995031708,8.469992825227312,2.381653334756157,0.6772208606850766,-86.67376120428338,3.3262387957166197,3.3262387957166197
1542,1.5892300566907107,1.3936237293294074,2.4164111647550137,1.7339050088633017,0.6185759570158214,-51.671189147890864,38.32881085210914,38.328810852109136
1543,1.461879030667795,1.500277807894416,1.5369850319935474,1.0244669513246007,1.016555181798735,63.01368669255178,-26.98631330744822,26.98631330744822
1544,1.1661760393441107,0.5946985823651169,2.81011019743216,4.725268027807211,0.4773052770037684,-70.16952112887193,19.830478871128065,19.830478871128065
1545,1.4111624987975715,1.267078487789734,1.8267270224126253,1.4416841892715986,0.806066489684244,23.69827737639833,-66.30172262360168,66.30172262360168
1546,5.116576607337282,5.314545273728875,12.682864544402625,2.3864439742563097,0.092311193782877,-41.2102877131552,48.789712286844804,48.7897122868448
1547,4.158245223509692,3.1197309490704503,6.092476174913927,1.9528851283567357,0.6687105983861819,16.408935238755053,-73.59106476124495,73.59106476124495
1548,1.6492219709549814,1.1651443983211682,2.634262744676647,2.260889507319694,0.7410944261343816,-21.70386109393506,68.29613890606494,68.29613890606494
1549,2.4442051456532488,3.039066067997332,4.6825547485872105,1.5407874142311413,0.3011224958704735,-46.27470708474079,43.72529291525922,43.72529291525921
1550,10.608356724995687,7.22191162121045,16.657800678808872,2.30656390613887,0.6966808838380815,-40.00013508042569,49.99986491957429,49.99986491957431
1551,1.933884181003576,1.7813214008685112,2.2626581070905107,1.270213284355825,0.9426330970220208,-40.1836546657832,49.816345334216805,49.8163453342168
1552,29.18437296123083,26.360807028750088,44.235318884097296,1.6780714959087784,0.3006709063394294,65.03748833630496,-24.96251166369504,24.96251166369504
1553,1.6492219709549814,1.6767612782890504,1.7420733492651703,1.0389513234959504,1.0085482054953157,62.31599145343553,-27.68400854656447,27.68400854656447
1554,1.69282125807016,1.5755303252479098,2.3109008526046244,1.4667447624284884,0.6553586132144714,75.42011929206355,-14.579880707936454,14.579880707936454
1555,10.599195793472717,10.307668676629056,19.54151856257328,1.895823311325524,0.2791541522167216,-0.2367053636511714,89.76329463634883,89.76329463634883
1556,1.7212740281460053,1.7090084399470735,1.828905048201827,1.0701556560238326,0.996873290257322,49.068184491049614,-40.931815508950386,40.931815508950386
1557,2.86502522895345,2.198846225107624,3.899904369961072,1.7736139641916926,0.8429999831197692,-74.97846006429756,15.021539935702435,15.021539935702435
1558,2.043780842560348,1.902957958850572,2.351708082462015,1.2358171506229692,0.9566901231249436,-47.81907289480578,42.18092710519423,42.18092710519422
1559,1.526882849696625,1.4638626845021068,1.810437762410649,1.236753816855725,0.877041426882368,56.313019087615146,-33.686980912384854,33.686980912384854
1560,1.4111624987975715,1.331753796804845,1.5642990887133923,1.174615827990483,1.1194833925065826,-3.6238115764120473,86.37618842358795,86.37618842358795
1561,20.17951542224265,15.21900503233264,28.939796886726388,1.9015564306105457,0.7223697356717801,-21.15849211323577,68.84150788676423,68.84150788676423
1562,2.125330979189304,1.7463388530929276,2.6684327157129086,1.5280154312474166,0.9840379699574064,-9.46183901104854,80.53816098895146,80.53816098895146
1563,3.2012996414972226,2.466257283279374,4.237323252524522,1.7181189007540072,0.9235029114374188,49.336532705744176,-40.663467294255824,40.663467294255824
1564,3.193704613854007,2.4520265023277523,4.788622734300839,1.9529245421103376,0.5249578538808486,32.98938286822518,-57.01061713177482,57.01061713177482
1565,1.461879030667795,1.2162942879901082,1.8401932909710748,1.5129506971638764,1.1048205531336688,-75.54584133984089,14.454158660159123,14.45415866015911
1566,1.857010129468512,1.66481126690073,2.1584036335207992,1.2964854794255194,0.9998609600788186,53.72920539358025,-36.27079460641975,36.27079460641975
1567,10.897441092719353,7.090830261091058,17.95995618229825,2.5328424910759,0.5883407014974936,-81.61869093242397,8.381309067576012,8.381309067576026
1568,10.005161291838672,8.917867213606053,11.348206944008767,1.2725247721444797,0.9393238010336258,23.439991194143587,-66.56000880585641,66.56000880585641
1569,5.092789511482067,5.12252076798802,8.737883819711836,1.7057781150087612,0.2976304144141757,34.20036524300557,-55.79963475699443,55.79963475699443
1570,5.3258817779927465,4.167568695459628,10.01330012730053,2.4026718835395693,0.3503527953361139,-22.818404316095847,67.18159568390415,67.18159568390415
1571,3.2239773722754084,2.398696799063857,4.707255199004095,1.9624219287911675,0.6607493409470457,-76.6439367767703,13.356063223229683,13.356063223229697
1572,2.125330979189304,1.6653945527286032,2.8374052342875773,1.7037435541258,0.8644286957493857,85.2991944980633,-4.700805501936699,4.700805501936699
1573,1.8829835605082688,1.6510875008732415,3.381825334300788,2.048241133502724,0.4420972612857485,82.54443388837429,-7.455566111625714,7.455566111625714
1574,3.101113727578844,2.660395075576776,3.71133388615454,1.3950311065546988,0.9696844134818252,-12.532738194630689,77.4672618053693,77.4672618053693
1575,4.516580379125865,3.122564806157496,6.670756237722173,2.136306738796221,0.7708974843227009,-75.4280217769614,14.571978223038599,14.571978223038599
1576,1.7071069228001237,1.5205488378751455,2.018265435984921,1.327326939926045,1.0585930941363568,-25.757520761220817,64.24247923877918,64.24247923877918
1577,1.9834790046600808,1.741537778632399,2.460013299301071,1.412552360037162,0.8120180544155406,61.57226093065056,-28.427739069349443,28.427739069349443
1578,2.2148574771042746,1.9997631863400875,2.8746534863552795,1.437496952634873,0.7588738251348804,11.241356449910697,-78.7586435500893,78.7586435500893
1579,2.956795924242375,1.703328630968754,5.49185007997798,3.2241870301061843,0.5676126525307087,55.25185730178604,-34.74814269821396,34.74814269821396
1580,2.236679259992467,1.7165846187256786,3.089579929830371,1.7998413221970655,0.8206534994834579,70.05717666260426,-19.942823337395737,19.942823337395737
1581,7.161715381621157,7.588892201423671,12.204022047808968,1.6081427596928444,0.2129819809585585,-67.92827641134994,22.07172358865006,22.07172358865006
1582,1.6344304437273447,1.201027359815044,2.9513022659755985,2.4573147662765096,0.482998511987868,-69.86808999044757,20.131910009552428,20.131910009552428
1583,1.5892300566907107,1.1197995102711953,2.400950924426773,2.144089993257191,0.8528664609715352,0.4128932963855433,-89.58710670361445,89.58710670361445
1584,4.352285755573581,3.84542915773845,5.250282573891369,1.365330723444957,0.7844975600727639,-70.73756520528836,19.262434794711623,19.262434794711638
1585,1.2660243778180809,1.2319419645034793,1.4302116834407588,1.160940794818358,1.013386174820263,20.99360624790839,-69.00639375209161,69.00639375209161
1586,3.101113727578844,2.1195978337518357,4.676528463210157,2.206328195255973,0.8159851396964305,-6.854970535616943,83.14502946438306,83.14502946438306
1587,1.946401361393312,1.2090943455732408,3.3571867129570845,2.776612697965614,0.6977215354528437,41.904291707677935,-48.095708292322065,48.095708292322065
1588,13.237877648063884,11.82892766901966,15.709378601977406,1.3280475662321252,0.7495252547224571,51.59438384589398,-38.40561615410602,38.40561615410602
1589,3.435486411817406,2.6958752722144883,4.534760309440862,1.682110576916953,0.8689306080317214,26.944773559936998,-63.055226440063,63.055226440063
1590,1.2850634067342854,0.92237142532424,2.0008388806515103,2.169233375750076,0.8677873614830157,77.53937844199179,-12.460621558008214,12.460621558008214
1591,5.584092611233409,3.7329631813004776,8.711660680231388,2.333711921904477,0.7277582541520942,69.28123547849482,-20.71876452150518,20.71876452150518
1592,5.380321507338534,5.067092156193899,5.819590451297973,1.1485069290054724,0.9288012594004048,20.39407470023753,-69.60592529976248,69.60592529976248
1593,1.4111624987975715,0.7907308989941618,3.3558296233854192,4.243959136609123,0.4556354150133823,-55.66353350017999,34.336466499820006,34.33646649982001
1594,15.818781434491669,10.525572554551143,24.931948274338204,2.368702333780208,0.4552424067477324,-7.860382876129192,82.1396171238708,82.1396171238708
1595,1.6344304437273447,1.5108218480808877,2.032358337915702,1.34520052148921,0.8813804897130846,3.5563004463308183,-86.44369955366918,86.44369955366918
1596,2.0674091517192297,1.4304634109914232,3.101412802035167,2.1681175332444504,0.8030341851548535,33.04394408390812,-56.95605591609188,56.95605591609188
1597,3.335053763946224,2.0283011460198472,5.923811066045677,2.9205776852564638,0.5934582703726988,-14.54138840185044,75.45861159814956,75.45861159814956
1598,1.2660243778180809,0.6774092678425783,2.553830007908588,3.769995671954797,0.6910881674256685,9.488803888185345,-80.51119611181466,80.51119611181466
1599,1.5892300566907107,1.5167343586732749,1.721612497903327,1.1350784585702036,1.1845628604133385,-66.12110966953767,23.878890330462326,23.878890330462326
1600,3.013740827659439,2.5975860577063816,3.6985724282023966,1.423849815188862,0.9294137835955586,69.50053052997934,-20.499469470020657,20.499469470020657
1601,9.634195210863574,6.252570581367204,15.481223862695073,2.4759774657849456,0.7064180270533456,-59.71184881730655,30.28815118269344,30.288151182693447
1602,2.6169453581990307,2.332447749165476,3.036701558338713,1.3019376573066692,1.0018768829990754,54.58980966151026,-35.41019033848974,35.41019033848974
1603,2.383845085036066,1.521267261850796,4.118595352150741,2.707345024397618,0.6574692797351853,-76.55610789732367,13.44389210267633,13.44389210267633
1604,31.53376607203239,14.683660169523014,94.16964060486364,6.413226642245471,0.1977221482679694,82.96877686754857,-7.03122313245143,7.03122313245143
1605,4.84850423361353,3.594084550530713,6.94544645413566,1.9324660720934,0.748332934642484,-69.87320210330948,20.126797896690505,20.12679789669052
1606,6.353098813597084,3.918580118261235,11.22714486155293,2.865105350081415,0.5636693733694503,82.12893033254637,-7.871069667453625,7.871069667453625
1607,2.0198761507134417,1.3906513780008265,3.5755064129045286,2.5711019091244904,0.6388674863141693,-53.123908504311366,36.87609149568863,36.876091495688634
1608,3.463646607576112,2.92374816484152,4.1925069142691145,1.4339493957395495,0.943877651181385,85.24634707145736,-4.753652928542635,4.753652928542635
1609,1.749264059016166,1.133082126987732,2.807751776088793,2.4779772879774606,0.8669423848269809,78.20243502503286,-11.797564974967145,11.797564974967145
1610,1.933884181003576,1.6599554578028652,2.3064819550184392,1.3894842443973303,1.0642398914560782,-71.23659908660633,18.763400913393667,18.763400913393667
1611,2.414213762644935,1.7347119452470403,3.44307780162607,1.9848124128388016,0.8994316086517787,-59.23068803224208,30.769311967757915,30.769311967757922
1612,10.393276703410692,9.210283181741053,11.797524725995384,1.280907925761003,0.9457310100229848,-56.877392008322175,33.122607991677825,33.122607991677825
1613,1.4451712930335778,1.347255520222316,1.6473933393662286,1.2227772049465313,1.0773018408611637,-31.359864928543452,58.64013507145654,58.64013507145655
1614,3.5054627692732265,2.796980143985728,4.601410095184306,1.6451350593527083,0.8022274588873637,84.59470890334406,-5.405291096655944,5.405291096655944
1615,1.7353254778478429,1.6390671127241283,1.917717129546768,1.1700052515601531,1.0223381942818577,46.91528035971663,-43.08471964028337,43.08471964028337
1616,1.7071069228001237,1.5310642032038029,2.0433000909241605,1.3345619907045616,1.0019502781935974,-70.78609872612034,19.213901273879657,19.213901273879657
1617,10.17603749485307,8.488614338108091,13.292550164938731,1.565926974119232,0.5928713048366372,55.951259628036986,-34.048740371963014,34.048740371963014
1618,3.2984439419099627,2.5106042099404995,5.924560231547207,2.3598145052451804,0.4727833651279919,-59.58083401777153,30.419165982228463,30.41916598222847
1619,1.542705892513396,1.037138615620165,2.597861513087575,2.5048353941909336,0.7468244916952649,-3.5313013352078864,86.46869866479211,86.46869866479211
1620,7.114083491917909,5.349075427990362,13.581065848939003,2.538955756329909,0.2483573810884729,-17.441648909540287,72.55835109045971,72.55835109045971
1621,1.857010129468512,1.8423372804763347,2.4595472012606305,1.3350146182922145,0.6351055002198962,6.088984199163265,-83.91101580083674,83.91101580083674
1622,1.376313601551939,1.3011303987627425,1.526211198828376,1.1729886568476648,1.1754537146808828,77.70327095354664,-12.296729046453365,12.296729046453365
1623,1.4111624987975715,1.4296219289768342,1.8056125477977427,1.263000036023511,0.8002949599180419,-34.79804064151042,55.201959358489574,55.20195935848958
1624,1.857010129468512,1.846057982746424,2.2516516285953525,1.2197079667267643,0.6893542598089488,16.699167646620737,-73.30083235337926,73.30083235337926
1625,1.5892300566907107,1.59913711641075,2.161190999111076,1.3514732269874712,0.6485926121530369,-57.310855273158296,32.689144726841704,32.689144726841704
1626,6.629936791446125,6.132755341581085,8.73153664347049,1.4237542763640418,0.6265963310137348,-19.350904455012707,70.64909554498729,70.64909554498729
1627,1.3038244488524504,1.229336504144948,1.505164707101369,1.2243716037280372,1.21668068040835,32.411525043751446,-57.588474956248554,57.588474956248554
1628,2.473832956432472,2.615608071248006,3.9431285451348583,1.5075379941205955,0.3571417693639204,57.14234170226407,-32.85765829773593,32.85765829773593
1629,2.588955833054293,1.4464530691596282,6.244823774573101,4.31733590789867,0.4238819077870038,-43.83195938137053,46.168040618629476,46.16804061862947
1630,1.3585539723246187,1.26815000611001,1.7834326328104977,1.4063262423355518,0.8505829879941724,-65.91461568330963,24.08538431669035,24.085384316690366
1631,1.7353254778478429,1.4388792349267912,2.2406570633846963,1.5572238510334044,0.9309679083563066,25.398473297583266,-64.60152670241673,64.60152670241673
1632,3.186091481181058,2.941094801703145,3.937957737744662,1.3389428098217877,0.7269283300974891,25.908711697134507,-64.0912883028655,64.0912883028655
1633,1.8039417076383557,1.4896048125352326,3.2041519732181145,2.151008070230928,0.5074982175890064,-43.24679472487312,46.753205275126874,46.75320527512688
1634,1.6344304437273447,1.587937202702279,1.867721560000508,1.176193590541304,0.9703770029583272,-32.0704079687022,57.9295920312978,57.9295920312978
1635,1.5583682828180965,1.3745182179166962,1.8629883816819088,1.355375547153946,1.0833248291215118,-7.781941642935714,82.21805835706428,82.21805835706428
1636,1.4947343471339476,1.1673097285072689,2.057880787098952,1.762926099939668,1.031829348425456,9.676929513903229,-80.32307048609677,80.32307048609677
1637,1.526882849696625,1.491306634123329,1.8015525629694864,1.208036309734877,0.8542846715144239,-32.800770248013535,57.199229751986465,57.199229751986465
1638,25.420039229671577,15.731919900003536,55.50583937143531,3.5282304845337302,0.3072404936571741,-75.22969264344515,14.770307356554838,14.770307356554852
1639,4.099426910906265,3.9583007890105097,6.78448873964103,1.713990194599892,0.2693028298531707,9.660828792422016,-80.33917120757798,80.33917120757798
1640,4.868498150329299,4.278156513511608,5.618205406093615,1.3132304506274517,0.899466756493322,-29.195803469662277,60.80419653033772,60.80419653033772
1641,1.526882849696625,1.328114373521404,1.827238250115172,1.375813925776871,1.0918614795134596,50.74379954854996,-39.25620045145004,39.25620045145004
1642,1.5738748168108194,1.1159309325322249,2.3060855857337232,2.066512826650345,0.9449264771602532,53.4062221787425,-36.5937778212575,36.5937778212575
1643,16.90524348928042,14.869992967490328,27.212558127377036,1.830031674316912,0.3367413863868548,37.18941240821076,-52.81058759178924,52.81058759178924
1644,1.3223193364400538,1.0672587514822915,1.6916504909388477,1.5850425106276735,1.2162645254332396,-40.46197649133008,49.53802350866994,49.53802350866992
1645,1.2270604129519955,1.1413056735644684,1.3810974721128342,1.2101030461011029,1.2841769020437328,-39.368631689906834,50.631368310093166,50.631368310093166
1646,4.731900032663132,3.903023692546395,8.88213672702819,2.275706587175068,0.2794942085705904,-36.455212978477526,53.54478702152247,53.544787021522474
1647,3.085411785026792,2.5068598538791744,4.266322600546364,1.7018592379404676,0.7137381403665103,-24.885292685044444,65.11470731495555,65.11470731495555
1648,1.2660243778180809,1.0665504970264823,1.7264187086178977,1.6186938297165605,0.9266116252811232,-82.97765229029571,7.022347709704292,7.022347709704292
1649,15.50556863789422,12.11496606537961,20.47789521545544,1.6902973648415072,0.6902573622842435,45.03228739429034,-44.96771260570966,44.96771260570966
1650,1.526882849696625,1.2850916449727905,2.1941254339082734,1.7073688421301116,0.7544234085824212,-58.01424452197573,31.98575547802426,31.985755478024267
1651,1.870041939381716,1.7303950014400116,2.1594598744718327,1.2479577626349816,0.8764374151828348,22.66147938633435,-67.33852061366565,67.33852061366565
1652,1.376313601551939,1.3224105411710187,1.4912183598893702,1.12765159794391,1.2660328920821229,82.75880494461931,-7.241195055380686,7.241195055380686
1653,4.158245223509692,3.518678589568092,6.367347671367761,1.8095849078813808,0.5479077172584398,38.04403470772753,-51.95596529227247,51.95596529227247
1654,10.904124589877997,6.558424679927041,18.569125425784883,2.8313392822240133,0.6256412237690535,-27.6161128107179,62.38388718928209,62.3838871892821
1655,5.469850473668084,3.477501363760411,9.906889951235735,2.848852930577395,0.4103120553705997,-36.6225736575466,53.37742634245339,53.3774263424534
1656,1.7071069228001237,1.2471569028600835,2.5747319415179417,2.0644811696213625,0.7940297422868373,79.52131278556188,-10.478687214438125,10.478687214438125
1657,1.3585539723246187,1.3386860208541358,1.5386305331865668,1.14935878108659,0.992652826154162,-74.22934230430748,15.770657695692535,15.77065769569252
1658,10.94413986046156,7.1481937958228245,17.187707323030498,2.404482560765832,0.6642870020001309,-63.527218494504126,26.472781505495874,26.472781505495874
1659,1.5583682828180965,1.071573754947997,2.684516488354713,2.5052092550409584,0.6906525142168751,23.209458332279212,-66.79054166772079,66.79054166772079
1660,2.394010781836305,2.260292788047264,2.6612120780218405,1.177374936598786,0.9258900283780922,-3.045344131954685,86.95465586804532,86.95465586804532
1661,3.7659671210165375,3.359366831652063,6.322653245775352,1.882096705308604,0.4028477618123663,-33.34042219089156,56.65957780910844,56.65957780910844
1662,1.3223193364400538,0.9419364486183188,2.088194122570283,2.2169161471916228,0.8515461484612401,72.28218656181338,-17.717813438186624,17.717813438186624
1663,2.0198761507134417,1.844426777412752,2.3762073719411347,1.2883175418187824,0.8982712989654238,-0.7155238138015657,89.28447618619843,89.28447618619843
1664,4.462487644814948,3.0194059763631684,7.055004047689166,2.3365536476107853,0.6953756454781431,42.03996825207092,-47.96003174792908,47.96003174792908
1665,1.6344304437273447,1.44908277827985,1.9530614245909212,1.347791481525524,0.99241603566199,-80.97868253022315,9.021317469776847,9.021317469776847
1666,2.363382516914025,1.903733056693421,4.149773219787831,2.1798083534860395,0.4472849491625193,-59.97614433917131,30.0238556608287,30.023855660828687
1667,1.3585539723246187,1.36616881603864,1.4223057685770188,1.0410907875215265,1.1882140404619117,-8.801607702539387,81.19839229746061,81.19839229746061
1668,2.672044986969093,2.113339904220601,3.490309990884007,1.6515611066224731,0.8695884895795435,-53.9892501603342,36.010749839665806,36.0107498396658
1669,1.6044383463340146,1.5110394419297852,1.839566469431798,1.2174179034548849,0.9683999088492812,86.98602527493813,-3.013974725061871,3.013974725061871
1670,1.340559085464394,1.2878682996535935,1.641260309112853,1.274400736126756,0.9120962090747676,58.99995277318065,-31.000047226819348,31.000047226819348
1671,1.4111624987975715,1.2480558035769669,1.695796660746654,1.3587506711530428,1.0287559692346933,-0.2998843106436497,89.70011568935635,89.70011568935635
1672,3.75304781322885,2.598049807935821,5.713253594639145,2.1990546821649994,0.7533358169575366,-78.91757322951291,11.082426770487075,11.08242677048709
1673,1.6044383463340146,1.0998050155831285,2.90704739328127,2.6432388942506524,0.5761737212784684,72.62089067024168,-17.37910932975832,17.37910932975832
1674,1.5108941070107518,1.1254591691178353,2.2737906211191747,2.0203226234332714,0.8769322801689489,28.708414564774845,-61.29158543522516,61.29158543522516
1675,3.0217882140215035,2.126840907419426,4.601400708081061,2.1634907867481776,0.7879314234331473,-88.2865156827499,1.7134843172501064,1.7134843172501064
1676,1.542705892513396,1.338631228997614,2.1826848827644527,1.6305348594017772,0.7498507100315417,79.9083836362693,-10.091616363730694,10.091616363730694
1677,1.340559085464394,0.8204439556365535,2.739108327867295,3.3385684775288733,0.559399795554537,-83.70314085688749,6.296859143112499,6.296859143112513
1678,2.383845085036066,1.967313531962748,2.9663950468650544,1.5078405138125306,0.9551477352705284,-68.74640015352716,21.253599846472838,21.253599846472838
1679,2.4541208259039915,1.9406044782997836,3.206588454281963,1.6523657912463146,0.9477008116016712,-27.309123599487904,62.690876400512096,62.690876400512096
1680,1.4783979621211876,0.8978698625350702,2.716046955788308,3.0249895548556966,0.6418537107019047,36.68360740630663,-53.31639259369337,53.31639259369337
1681,1.3585539723246187,1.3371877139045056,1.5382850919831197,1.1503882932721703,0.9941934031717324,44.74870916663951,-45.25129083336049,45.25129083336049
1682,1.6195038256468852,1.359719206384686,2.38614627555335,1.75488164346652,0.6735384818512306,36.83471373527474,-53.16528626472526,53.16528626472526
1683,2.1480624384075764,1.7877150191773556,2.76904318770993,1.5489287487130627,0.8909972753037985,34.8876986694969,-55.1123013305031,55.1123013305031
1684,2.708155340592215,2.376355513777604,3.157865430857412,1.3288691075677777,0.9962710747001924,2.6819727966308773,-87.31802720336913,87.31802720336913
1685,2.192818546001692,1.3985271268696435,5.0585262862218645,3.617038374896942,0.424871780580262,29.469184491238348,-60.53081550876165,60.53081550876165
1686,1.6492219709549814,1.0682631356357983,2.826845662603352,2.646207257653704,0.7193163641066471,-51.48821783734566,38.511782162654356,38.51178216265434
1687,3.3999581931683647,2.4805008734732894,5.105389125013155,2.05820896078315,0.7257908287600624,-87.89777463554475,2.1022253644552507,2.1022253644552507
1688,2.363382516914025,1.69663937685266,5.138957349700468,3.0289037374774703,0.3942183095074499,-82.66281806661479,7.33718193338521,7.33718193338521
1689,1.1451621372724683,0.6060147082720047,2.492939486337383,4.113661685614482,0.5654357733482742,89.77850011167804,-0.22149988832195788,0.22149988832195788
1690,5.006220210348335,4.570085610340359,7.141161418083727,1.5625881059921514,0.3961816874299645,-70.36258304813526,19.637416951864736,19.637416951864736
1691,2.5511588286726434,2.2915386720601902,3.5107704777298965,1.5320581409056324,0.7074964083694023,-76.82920412389338,13.170795876106638,13.170795876106624
1692,1.4451712930335778,1.2417049453264932,2.064463685581456,1.6626040617391815,0.6948238643175028,78.79329211748522,-11.206707882514777,11.206707882514777
1693,1.7904288454052892,1.6112666927338266,2.090530691993107,1.2974454827500443,0.9649062479559892,-33.071822414852264,56.928177585147736,56.928177585147736
1694,7.9736087459888445,5.903957125599141,11.888042829040169,2.01357201215003,0.6694409069628655,-68.82596921570413,21.174030784295866,21.174030784295866
1695,2.332352078688221,2.1223623999648376,2.822026136903381,1.3296627083810642,0.8320562841402331,83.7411029007544,-6.258897099245601,6.258897099245601
1696,2.424252116806765,2.278811531904278,2.644531298020779,1.1604870613459153,1.0004096618066136,-37.29297617222692,52.70702382777307,52.70702382777308
1697,20.99463918332859,18.5338681137209,25.728305909034766,1.3881778887801473,0.5409448564011002,-50.81845081167157,39.18154918832843,39.18154918832843
1698,1.5892300566907107,1.4852383860386875,1.8260152246035533,1.229442520317401,1.013011020234188,-76.52269841637332,13.477301583626684,13.477301583626684
1699,2.6629408889963733,1.695695911545852,8.520671217006576,5.024881618803252,0.2618669392683285,9.99667524885464,-80.00332475114536,80.00332475114536
1700,1.4282681233264556,0.9674447291242396,2.9447498598133297,3.043842992952173,0.4238190278214166,-44.02467685133175,45.97532314866825,45.97532314866825
1701,2.473832956432472,1.9880024603475248,3.4018124768641225,1.7111711603563349,0.7331897299101678,52.112908939172186,-37.887091060827814,37.887091060827814
1702,7.124317134453838,6.478431808301021,12.789518452244511,1.9741688776992132,0.3299308601597636,-3.4767984085509904,86.52320159144901,86.52320159144901
1703,25.830394998962348,20.95549628357592,33.97071161817122,1.6210883845684012,0.7010172875082705,-62.84258065783519,27.157419342164815,27.157419342164808
1704,1.2850634067342854,1.267140783008485,1.5082684538867983,1.1902927236749654,0.9805673373019662,12.908527105072904,-77.0914728949271,77.0914728949271
1705,2.2148574771042746,2.0788087786147145,2.450790773585397,1.1789399769701596,0.9766089493135608,-80.08823356355657,9.911766436443429,9.911766436443429
1706,1.895836839826219,1.593426719008036,2.4580910826824707,1.5426445743377006,0.8957020206061881,-17.89842428129941,72.10157571870059,72.10157571870059
1707,1.2850634067342854,0.9658071281905164,2.1742990021754163,2.251276614875544,0.6936177892293514,-29.34039061402922,60.65960938597078,60.65960938597078
1708,1.3938469657443524,1.3467212137627074,1.5865183962028426,1.1780600023149168,1.0186296662657284,-85.78993083136993,4.210069168630071,4.210069168630071
1709,1.3585539723246187,1.2068588074814168,1.5673330519536923,1.298688000814732,1.2960364853242157,40.44003542100505,-49.55996457899495,49.55996457899495
1710,1.5738748168108194,1.31998709673567,2.158918313119038,1.6355601645334612,0.8635789802186865,-28.95873165055052,61.04126834944948,61.04126834944948
1711,1.3038244488524504,1.1194567311392063,1.717006523816934,1.5337855194006793,0.9999005210111516,-59.797233059907065,30.202766940092943,30.202766940092935
1712,1.895836839826219,1.4530774898924106,2.872051180923343,1.97652995170684,0.6250248255698593,-64.38702562225548,25.612974377744536,25.61297437774452
1713,5.818372037452943,3.634737181831961,9.74280641633969,2.680470672003078,0.6473421040851373,86.20287525893929,-3.7971247410607134,3.7971247410607134
1714,1.4451712930335778,1.2253464381783823,3.0212154840149297,2.465601065855557,0.4407022343634166,74.60828938901007,-15.391710610989932,15.391710610989932
1715,1.857010129468512,1.7231543607566002,2.893330270092649,1.6790894280778474,0.5872582278142331,-7.774428733160864,82.22557126683914,82.22557126683914
1716,1.2270604129519955,0.684870090835087,3.208992827956561,4.68554966978295,0.3816666441506464,60.96383825115964,-29.036161748840357,29.036161748840357
1717,2.079122611754846,1.5866889054792803,2.833536682659861,1.7858174169333805,0.855064576160674,-34.97484311492403,55.02515688507597,55.02515688507597
1718,1.3938469657443524,1.1302685860957375,1.8753822969927183,1.6592359728149315,0.900969457445338,39.89820523924655,-50.10179476075345,50.10179476075345
1719,44.54044467366078,41.299420368505125,60.03249480366492,1.4535917034188113,0.4793916725059379,-22.967022394958043,67.03297760504196,67.03297760504196
1720,6.629936791446125,4.370534268598666,10.833472110326753,2.478752354869491,0.4909085593034564,-73.17245990401437,16.827540095985626,16.827540095985626
1721,1.3585539723246187,1.4225569148257704,1.4907869188271152,1.0479629344107482,1.0304488502612943,35.37797569309632,-54.62202430690368,54.62202430690368
1722,1.186817925731738,0.7602774027376825,2.770690003422701,3.6443145534060655,0.434941398319662,67.80651575275321,-22.193484247246786,22.193484247246786
1723,28.706142055393585,21.65788980056897,40.24488097259686,1.8582087794878148,0.6946660408450394,-84.09370442996412,5.906295570035866,5.90629557003588
1724,4.181540897233058,3.833812365521653,4.697669616380544,1.2253259076077263,0.942097891961678,-61.15016773734983,28.84983226265018,28.849832262650168
1725,2.0674091517192297,1.419931356209285,3.4160833772812498,2.405808817688895,0.7353588522664516,44.34128577115696,-45.65871422884304,45.65871422884304
1726,1.186817925731738,0.7747710205335487,2.017249188158755,2.603671452204768,0.8511437656851035,61.66218444879589,-28.33781555120411,28.33781555120411
1727,1.69282125807016,1.1666097691749833,2.5354716838582854,2.1733674368691,0.9149744895011817,48.831513009112406,-41.168486990887594,41.168486990887594
1728,7.117496340994971,5.806471671927029,10.001775533596623,1.7225220579225309,0.6411621653171278,-42.14991498354146,47.850085016458536,47.85008501645854
1729,1.376313601551939,1.1034261305552766,2.001136706308688,1.8135665368932825,0.7825130528200288,-59.80695285510857,30.193047144891437,30.19304714489143
1730,8.495608740368905,6.179737642955866,13.329143398995477,2.156910886692584,0.5176726929296903,-47.5931182739031,42.40688172609691,42.4068817260969
1731,1.870041939381716,1.5574259014000456,2.423872669225899,1.5563325786780369,0.9371991769364568,60.32458626679076,-29.67541373320924,29.67541373320924
1732,1.8829835605082688,1.433167693692528,2.672834462066044,1.8649837516079772,0.9053257474323404,88.44312442223165,-1.556875577768352,1.556875577768352
1733,5.826713793761459,4.720263616547649,7.398179055648696,1.5673232803594237,0.8253678219934374,-28.02586753439412,61.97413246560588,61.97413246560588
1734,1.8829835605082688,1.5141331682520085,2.53038324337307,1.67117615308188,0.8501360206414378,3.387843781984117,-86.61215621801588,86.61215621801588
1735,5.810018304447808,5.11637302737884,6.853347945133194,1.3394934084085384,0.9048993540496224,31.38309095912708,-58.61690904087292,58.61690904087292
1736,13.396529960837766,9.04234139460851,21.079935588166887,2.3312474798546963,0.5757575229158959,41.370764646083686,-48.629235353916314,48.629235353916314
1737,2.236679259992467,2.161378393791681,3.0053274960899667,1.3904680016800552,0.5546831007828014,-37.63314367625615,52.36685632374386,52.36685632374385
1738,4.6854824524521,3.1056568589252183,8.157155984696855,2.6265477337763,0.5183869521748419,10.866795921990173,-79.13320407800983,79.13320407800983
1739,1.6492219709549814,1.2566961198830118,2.358619667117915,1.8768416881381664,0.8461894687948766,-75.87550027745762,14.124499722542396,14.124499722542382
1740,15.658305838309584,12.07790200623982,20.734955574365856,1.716767991961976,0.8045738933203238,28.339838660274356,-61.66016133972565,61.66016133972565
1741,3.7595130166658177,4.764073570899552,13.476384045108666,2.8287522945545227,0.1295100146101522,-42.565136799671386,47.43486320032861,47.434863200328614
1742,1.6044383463340146,1.434059358354432,1.9119307807519,1.3332298761648336,0.9977808900541406,41.56593518473814,-48.43406481526186,48.43406481526186
1743,1.4947343471339476,1.2904731334796653,1.8370865288164675,1.4235759592010253,1.0695386954904342,34.48436778085051,-55.51563221914949,55.51563221914949
1744,1.4947343471339476,1.185711210846786,1.9919187303398116,1.6799358158360207,1.0545169514462291,-74.3881237058167,15.611876294183304,15.611876294183304
1745,1.4451712930335778,1.1972149010584567,1.8587161074701384,1.5525333888066788,1.0861101303175822,50.726526179157474,-39.273473820842526,39.273473820842526
1746,1.5892300566907107,1.4882139619605592,1.932308070651905,1.2984074333681834,0.8417606733933636,24.171564154834154,-65.82843584516584,65.82843584516584
1747,8.801677305269727,7.023888178105282,11.31515166934189,1.6109527063106224,0.8066539968650243,-13.987190596249985,76.01280940375001,76.01280940375001
1748,1.4111624987975715,0.8291397150201039,3.0769211215656034,3.710980267651271,0.4823067245319369,-80.72108489809861,9.27891510190139,9.27891510190139
1749,3.3999581931683647,2.67577125666219,4.435777721019634,1.657756697242092,0.8936759990759289,-62.12575311889002,27.87424688110997,27.874246881109983
1750,1.526882849696625,1.4806590346323218,1.6631973573239918,1.1232818079126488,1.0850185787712656,-83.57207601902532,6.427923980974697,6.427923980974683
1751,1.6492219709549814,1.5914134122810772,1.8102394065497875,1.1375041787256603,0.9880202211939332,48.2503325847684,-41.7496674152316,41.7496674152316
1752,1.5583682828180965,1.163903886171339,2.8515059542804604,2.449949680690977,0.5813996509776213,-62.04226865089127,27.957731349108712,27.957731349108727
1753,1.3038244488524504,1.1442598928263723,1.6476008119798522,1.4398833886506373,0.93964565373841,54.9498987795719,-35.0501012204281,35.0501012204281
1754,1.3585539723246187,1.395167677774933,1.773886682862626,1.2714505296536749,0.7040628653350907,80.63257141530357,-9.367428584696427,9.367428584696427
1755,47.768500059326335,37.34945481348997,64.10678643305229,1.716404878014392,0.4996475800081026,70.9301733160655,-19.069826683934494,19.069826683934494
1756,3.170810378792584,3.256970872670254,3.86614834026442,1.1870380459051284,0.5710350216267915,-79.9195049220242,10.080495077975797,10.080495077975797
1757,1.3223193364400538,1.1021546428029068,1.645253209225389,1.492760766348831,1.2162645254332396,68.6575710786604,-21.342428921339604,21.342428921339604
1758,1.3938469657443524,1.3401139625593297,2.055594085554604,1.533894984295859,0.6671397239930518,7.358502608302624,-82.64149739169737,82.64149739169737
1759,2.279696262327928,1.7346692918192246,3.1669216380576746,1.8256630546196984,0.8764574752433018,-31.482616245891528,58.517383754108465,58.51738375410847
1760,1.6195038256468852,1.5329120171369204,1.8467338591740348,1.2047226706613283,0.9082993870865173,69.84530136261604,-20.15469863738396,20.15469863738396
1761,3.6347081966259984,2.795171466128812,4.899863159305643,1.7529740907421811,0.7804615140562028,87.68667344805009,-2.3133265519499133,2.3133265519499133
1762,1.4451712930335778,0.9188607384353206,2.42973604766235,2.644291943303421,0.8252881998381411,27.52971520451385,-62.47028479548615,62.47028479548615
1763,1.6344304437273447,1.4232698333301552,2.13316560398276,1.498778063040651,0.8629169321985233,46.19087514003298,-43.80912485996702,43.80912485996702
1764,1.3223193364400538,0.8614556946421739,2.17265882744798,2.5220784318460456,0.8765408777821464,2.512780105532759,-87.48721989446724,87.48721989446724
1765,2.34274122622605,1.2835792160956685,6.416933710904078,4.999250245281166,0.3533727870274225,77.32304317931985,-12.676956820680147,12.676956820680147
1766,22.336370444933635,14.02060335222366,56.01545268906728,3.9952241199508194,0.2862168738255032,-88.45496243939294,1.5450375606070565,1.5450375606070565
1767,7.726112716384632,6.1809354502971,10.794664211336984,1.746445064527913,0.5517453919386927,74.33776848978599,-15.662231510214013,15.662231510214013
1768,7.496383184658706,5.208952084445625,12.188386708540278,2.339892268338548,0.5842873877511181,-53.4768490306401,36.523150969359904,36.5231509693599
1769,2.956795924242375,2.531382804402329,3.57798471582877,1.41345066799312,0.9291462508125709,57.45654013144176,-32.54345986855824,32.54345986855824
1770,1.2660243778180809,1.2966170938514732,1.305703692615202,1.0070079276347792,1.1704318177891495,-74.28521719258171,15.714782807418288,15.714782807418288
1771,6.814186950587886,8.333312041018948,12.96679017327259,1.5560187965416796,0.13494972484918,42.0529480303154,-47.9470519696846,47.9470519696846
1772,11.39421940036273,9.358785911162329,16.396049081700514,1.7519418904694426,0.3291487134189584,-26.78601510698648,63.21398489301352,63.21398489301352
1773,2.3219164465724,1.7807009027525738,3.144732852109001,1.7660084561354088,0.9571384243667208,73.04728685157048,-16.952713148429524,16.952713148429524
1774,5.438682980796168,4.664565362439684,6.742547178873058,1.4454824093935597,0.7363397675252609,-55.43379018048798,34.56620981951201,34.56620981951202
1775,2.473832956432472,1.7616089602734568,3.551886943593948,2.016274339932163,0.9135364059153496,71.7154491325116,-18.284550867488406,18.284550867488406
1776,1.3223193364400538,1.147219651536499,2.384429675945451,2.0784421472835883,0.4849728419283168,41.10045084915849,-48.89954915084151,48.89954915084151
1777,1.3938469657443524,1.2038889358781932,1.7851911186579368,1.4828536632041598,0.938735293146984,-80.4662838716354,9.533716128364603,9.533716128364603
1778,4.71132645681934,2.955935704430911,7.794659301959903,2.6369515718071286,0.688025247172345,79.72434032423863,-10.275659675761375,10.275659675761375
1779,3.327764020226496,2.7383782702548123,4.594779138112602,1.6779198067785748,0.7109572863985211,-18.25762717969439,71.7423728203056,71.7423728203056
1780,1.2850634067342854,1.0672749157520292,1.8718587592295048,1.7538674727593924,0.7256516544380675,-65.96603140859116,24.033968591408836,24.033968591408836
1781,2.125330979189304,2.0844877592125477,2.3737327022907886,1.138760681994846,0.8008774890596496,-71.88488079099845,18.115119209001534,18.11511920900155
1782,2.353084504890762,1.2744259629860284,6.692753042821304,5.251582467089676,0.3111823895284518,44.26609575222996,-45.73390424777004,45.73390424777004
1783,10.32294016308936,6.934770521688451,16.694939024606807,2.4074248704255594,0.5350410702414578,64.32259747686997,-25.677402523130027,25.677402523130027
1784,3.681181238855987,3.480085374630194,4.027260881389736,1.15723048369688,0.960846274679799,-43.41700077096979,46.58299922903021,46.58299922903021
1785,1.5738748168108194,1.3792309148091175,2.2856595309237395,1.6571985926229544,0.7138540890486198,88.79759242080998,-1.202407579190023,1.202407579190023
1786,1.7071069228001237,1.3432499784346912,2.476481875876808,1.8436492950944905,0.7893607246340842,-80.34819883158785,9.651801168412135,9.651801168412149
1787,1.542705892513396,1.2968420744362497,2.207769802010169,1.7024199364983656,0.7598940675518288,-68.13235801064828,21.86764198935174,21.867641989351725
1788,2.2690184693770243,1.7540899891128656,3.075122678707025,1.753115688358882,0.8869163467147916,83.57472895756332,-6.425271042436677,6.425271042436677
1789,1.4282681233264556,1.186913068117542,1.7743899894163755,1.4949620465722726,1.1592909351359602,-60.69587598620768,29.30412401379232,29.30412401379232
1790,2.34274122622605,2.0786399660102663,2.79313344281912,1.3437312321961412,0.9442676171148754,-49.01475741613723,40.98524258386277,40.98524258386277
1791,10.15692754842096,8.34296560867206,12.740116688858114,1.5270489279753778,0.5795417181770616,-83.54519280665491,6.45480719334509,6.45480719334509
1792,3.132281482844322,2.766698277634303,3.956678372264248,1.4301083729475017,0.7135314952757241,-5.561648228034139,84.43835177196586,84.43835177196586
1793,1.3223193364400538,0.9388375217694792,2.006930448067725,2.1376760105253907,0.8836055012428597,-85.76514960194005,4.234850398059962,4.2348503980599475
1794,1.376313601551939,1.1892375892414495,1.7496927653531742,1.4712726718209508,0.95302275645415,-80.91494940540268,9.085050594597305,9.08505059459732
1795,1.5738748168108194,1.2737938378568687,2.1291809390440104,1.6715271151148858,0.9059719123406924,82.77350920888371,-7.226490791116291,7.226490791116291
1796,2.279696262327928,1.650845626628095,3.599028583824857,2.180112135121918,0.6912226948891759,27.180786890721613,-62.81921310927839,62.81921310927839
1797,6.210053612788504,4.715235759604743,8.819582250342025,1.870443536651777,0.7009802725459646,55.85410791671114,-34.14589208328886,34.14589208328886
1798,1.2850634067342854,0.8932490652501391,2.154353644376234,2.4118174070217964,0.7202393584643049,57.84250044529225,-32.15749955470775,32.15749955470775
1799,3.170810378792584,1.9243430626513056,5.613011814790457,2.916845714119709,0.6216119205189027,87.48803692082441,-2.5119630791755867,2.5119630791755867
1800,1.3585539723246187,0.9573980189650676,2.1347058040268383,2.2296952382817987,0.8376649043766121,-81.3958117259645,8.604188274035494,8.604188274035494
1801,1.340559085464394,1.0339283930976204,1.8208329244560724,1.7610822341389698,1.0504161754035726,82.05229338697002,-7.947706613029979,7.947706613029979
1802,1.3223193364400538,1.1691644044578644,1.696525984659739,1.451058532222771,0.9936779444022515,-89.30358627842067,0.6964137215793471,0.6964137215793329
1803,1.749264059016166,1.4163189757690413,2.672971660104728,1.887266714514887,0.6518083584373585,68.25540826310744,-21.74459173689256,21.74459173689256
1804,2.873489132855324,2.905480875389584,4.563971104427403,1.570814367799079,0.4226973633712973,40.48509945259651,-49.51490054740349,49.51490054740349
1805,1.6784140066373283,1.0195010237161928,2.9209665165529737,2.865094245718097,0.7100353198347689,57.81032141237619,-32.18967858762381,32.18967858762381
1806,1.9212854528773184,1.415900471442576,3.8383238077920407,2.7108711983698988,0.486385648553736,-44.45602476658383,45.54397523341618,45.54397523341617
1807,17.098077056647927,16.847408467089416,30.75792326127116,1.8256768286561849,0.2498615040954227,-60.87732515593683,29.12267484406317,29.12267484406317
1808,3.9669580093201615,3.2329419016824006,5.112598328578237,1.581407425205407,0.7436384958483746,-1.6045650137736926,88.3954349862263,88.3954349862263
1809,7.332615436959747,5.425212071405459,10.773105082128955,1.9857481957084249,0.5350981554815547,83.51059636712124,-6.489403632878762,6.489403632878762
1810,1.2071068813224677,1.0385247884023965,1.644678626045521,1.5836681458278865,0.8122288996807558,-60.860877794351154,29.139122205648846,29.139122205648846
1811,11.085246603824707,9.273337690234614,13.68774866547346,1.4760325917913557,0.8212398233426486,-53.40911589943713,36.590884100562874,36.59088410056287
1812,1.3585539723246187,1.2573966308534732,1.565897899832695,1.245349209159104,1.1037400225259997,45.70909902192069,-44.29090097807931,44.29090097807931
1813,1.6492219709549814,1.026135287475197,3.080986616965555,3.0025150236732565,0.6325604608360246,63.38421003464521,-26.615789965354793,26.615789965354793
1814,1.5583682828180965,1.4819921296291214,1.7200009022552891,1.160600564515637,1.09310690244632,19.071912394766912,-70.92808760523309,70.92808760523309
1815,7.252693536058967,4.657477228082835,12.038088623124256,2.5846800818561406,0.6398161983911617,-86.19543752397142,3.804562476028593,3.804562476028579
1816,1.3223193364400538,0.9515361006025104,2.02782724344218,2.131109100493575,0.8188961096350946,-73.51205440134477,16.487945598655244,16.48794559865523
1817,1.8829835605082688,1.291509229638079,3.014995761509551,2.334474808480034,0.7166793352690086,1.5391548954675691,-88.46084510453242,88.46084510453242
1818,1.3585539723246187,1.1012480358848105,3.0369572196143024,2.757741326797668,0.4625641913464961,-10.481312419458224,79.51868758054178,79.51868758054178
1819,2.0674091517192297,1.6289951252845911,2.8419642838244394,1.7446119019711237,0.8389493261199323,70.37761872779937,-19.622381272200627,19.622381272200627
1820,1.7904288454052892,1.1120577686796758,3.015865932587251,2.711968764147864,0.730244381253832,73.72307454695253,-16.27692545304747,16.27692545304747
1821,1.376313601551939,1.373300860696395,2.4265824668910656,1.7669707609886416,0.5158514533810914,-13.842615662103166,76.15738433789683,76.15738433789683
1822,15.35763838548262,13.624289543529908,19.178568045213225,1.4076747256388873,0.6961309349794592,74.78325392895651,-15.216746071043488,15.216746071043488
1823,1.5583682828180965,1.4089028290553975,1.8822176997683784,1.335945716732158,0.9281796654155594,83.66254601113036,-6.33745398886964,6.33745398886964
1824,1.3938469657443524,1.0921408924022826,1.9023564979852228,1.7418599662547043,1.0552645540571046,-78.85672789754128,11.143272102458724,11.143272102458724
1825,1.6044383463340146,1.334207098964394,2.194000138524941,1.6444224740131534,0.7459754710061085,-85.30459729471937,4.695402705280628,4.695402705280628
1826,7.090147550742075,6.102227252253455,8.73860930565042,1.4320360328146404,0.823059609241959,42.99776537548762,-47.00223462451238,47.00223462451238
1827,3.69435187570175,3.051024553633152,4.995910262406846,1.637453312677451,0.7135510034539511,-41.36491519548122,48.63508480451878,48.63508480451878
1828,1.6195038256468852,0.943431106209657,3.140756122971801,3.329078405724982,0.6166806342838569,-48.06605634436945,41.93394365563054,41.93394365563055
1829,1.1661760393441107,1.177776020581462,1.250254254398672,1.0615382148648498,1.1845279694432282,-7.171810655216099,82.82818934478391,82.82818934478391
1830,1.4947343471339476,1.350211548338898,2.0147949468619872,1.4922068688722852,0.8060815579474557,-43.96885528244181,46.03114471755819,46.03114471755819
1831,1.4111624987975715,1.2230546743642414,1.7134919064435692,1.4009937105503996,1.129041483802252,56.59550183924081,-33.40449816075919,33.40449816075919
1832,1.461879030667795,1.109655873555995,2.4059400482273503,2.1681857461965146,0.7143599003408848,87.88941549004679,-2.1105845099532132,2.1105845099532132
1833,1.4111624987975715,1.0596500282538208,1.9875294066093947,1.875647009498608,0.9398955436803346,79.43951223654884,-10.560487763451164,10.560487763451164
1834,1.461879030667795,1.1446805447319917,2.046875970385933,1.788163500992476,0.9390786116257342,-43.45288632016069,46.5471136798393,46.54711367983931
1835,1.6784140066373283,1.63357382658705,1.8776124175888589,1.1493893860381366,0.9558268290764328,-78.20476215894284,11.795237841057144,11.795237841057158
1836,3.7595130166658177,2.7859177408461893,5.220553123864848,1.8739078499421764,0.8055019978251773,38.38842695434198,-51.61157304565802,51.61157304565802
1837,1.5108941070107518,1.236315373215453,1.9739523213887675,1.596641410560836,0.9730430946022056,35.44426364440657,-54.55573635559343,54.55573635559343
1838,1.4111624987975715,1.0662708154036649,2.154202712140708,2.020314802787862,0.707484107691709,53.45881707045885,-36.54118292954115,36.54118292954115
1839,6.626272830518911,5.735327032456008,7.896557653939305,1.3768277919032292,0.8791358892514007,-56.82760593266513,33.172394067334864,33.17239406733487
1840,2.8050629090725736,1.9634039699910488,4.196984594716623,2.1376062485682747,0.8110209817541736,-71.28351780250772,18.71648219749227,18.716482197492283
1841,1.4783979621211876,1.3953359226694744,2.400480235618781,1.7203600915156858,0.4944839761868105,-30.512704645566703,59.4872953544333,59.4872953544333
1842,2.383845085036066,1.7250794253313402,4.182483929964742,2.424516731547825,0.5945334217926294,-88.03936285198911,1.9606371480109033,1.960637148010889
1843,8.56393913382045,7.699551116054897,9.988439334692789,1.2972755403708096,0.8272390947405761,-70.6928164307463,19.30718356925371,19.307183569253695
1844,11.148597627345126,6.732477729061872,20.37479014520656,3.026343489746034,0.5604334639455438,55.76383434251441,-34.23616565748559,34.23616565748559
1845,6.589521172550733,4.043018414834575,11.194747410124249,2.768908340622113,0.6373052150402728,-66.84982420831533,23.15017579168466,23.150175791684674
1846,1.3585539723246187,1.016699139067399,1.990227365989988,1.9575381639602745,0.8440868784996641,59.81497665840213,-30.18502334159787,30.18502334159787
1847,3.5672680490315747,2.397640741349994,6.126579918417554,2.5552535093176543,0.6092156445479858,70.14922661257333,-19.85077338742667,19.85077338742667
1848,11.615855987566244,9.955946885435704,16.773581978617273,1.6847801792871062,0.3817470234345284,-77.05852683985763,12.94147316014238,12.941473160142365
1849,3.9300552722731736,2.627933656557987,5.993439693628434,2.280666286484004,0.7357819869420396,71.00874045520901,-18.991259544790992,18.991259544790992
1850,2.181715595945335,1.7604260865959738,3.10161418091855,1.761854249113036,0.7127865122919531,-68.40454413758918,21.5954558624108,21.595455862410816
1851,3.2164358944095217,2.685948617521677,3.956711698579405,1.473115186481214,0.9913288613312164,73.42137339597515,-16.578626604024848,16.578626604024848
1852,15.260873910077342,7.343502186149347,33.466527814604554,4.557297998457209,0.4518027082044762,-82.44947033704015,7.550529662959832,7.550529662959846
1853,2.3009031958488952,1.494003076293592,4.060206188670372,2.717669229131149,0.6148783052327206,-26.115630498535516,63.88436950146448,63.884369501464484
1854,1.7071069228001237,1.2565590971857272,3.326995633764094,2.6477032725444056,0.4896196594893434,-14.504236120741462,75.49576387925853,75.49576387925853
1855,1.8306682257451572,1.47603375797594,2.4108317158773414,1.6333174650309312,0.954175757505757,-65.93109737983063,24.068902620169354,24.068902620169368
1856,3.261423196617267,2.681344585278823,4.193923732524653,1.5641121829511304,0.8132256283014496,-64.29731687085153,25.702683129148454,25.70268312914847
1857,4.4132373461264525,3.5931208905594905,5.6231859858477495,1.5649865832853052,0.8286817508132588,15.736909001865389,-74.26309099813462,74.26309099813462
1858,7.95531363489351,7.627557496545637,10.243684483951313,1.3429835813876807,0.5718224002479739,64.89724623545742,-25.102753764542584,25.102753764542584
1859,2.989468694267895,2.2047075196333825,4.272474064730572,1.937887010718336,0.8065935230579857,2.485294611843164,-87.51470538815684,87.51470538815684
1860,2.043780842560348,1.7143464279657965,2.505756544875193,1.4616395519594398,1.0788495544773016,-69.76830016458845,20.231699835411547,20.231699835411547
1861,1.9834790046600808,1.4825732941592795,2.7217152968649554,1.8358048857263096,0.970465855219899,-79.08751616626893,10.912483833731073,10.912483833731073
1862,2.1480624384075764,2.0418463163427902,2.423141471455565,1.186740379068158,0.9232477498009776,-43.51537788390567,46.48462211609433,46.48462211609433
1863,4.36343119189067,3.842087373575548,5.577924678896632,1.4517953748942642,0.7007320028551022,20.98877357779138,-69.01122642220862,69.01122642220862
1864,4.747271702926952,3.233928646373056,7.43201566099957,2.298138417288455,0.6193720303800538,80.51772948041506,-9.482270519584944,9.482270519584944
1865,1.461879030667795,1.296330498974812,1.7796742171141344,1.3728553162342234,1.0581520684814762,52.62223149409421,-37.37776850590579,37.37776850590579
1866,1.5108941070107518,1.5506502037231575,1.650698052204118,1.0645199337934128,0.9730430946022056,-2.1273255822935875,87.8726744177064,87.8726744177064
1867,33.76448629470273,20.564996056631767,68.56579439968988,3.334101995977718,0.3789402343663586,88.74823488883749,-1.2517651111625128,1.2517651111625128
1868,1.6195038256468852,1.116479110411039,3.4295101317809475,3.0717190315529965,0.458449516282712,-2.1027370463629595,87.89726295363704,87.89726295363704
1869,14.037429954769223,10.117857296702956,20.176375255382386,1.994135187294758,0.7565814431308249,-84.02204317651403,5.977956823485954,5.977956823485968
1870,1.9834790046600808,1.4322014178014866,3.0404751651355286,2.1229382455177546,0.7002488363955973,83.42021662016927,-6.5797833798307295,6.5797833798307295
1871,2.9813340704976232,2.102302807878656,6.028016028782619,2.867339569824022,0.3665782752664377,-1.35705522352396,88.64294477647604,88.64294477647604
1872,3.804461822802904,2.916736038068312,5.086407061711549,1.7438695155562178,0.8702252695020096,-15.952358222415588,74.04764177758442,74.04764177758442
1873,1.2071068813224677,0.8913187678043192,1.855464102243788,2.0817065333590485,0.896189390034318,67.07461892220425,-22.92538107779575,22.92538107779575
1874,1.7071069228001237,1.1521052817876938,2.7008733680964894,2.3442938859768176,0.8338066857342439,44.78593434546278,-45.21406565453722,45.21406565453722
1875,1.7630924485867383,1.466394938461487,2.288750093803729,1.5608005959192963,0.9298851737289446,64.68224724262714,-25.31775275737286,25.31775275737286
1876,2.778968733462305,1.8501027763726416,4.763112743292431,2.5745125103974544,0.6021876751886799,-39.55995664063959,50.4400433593604,50.44004335936041
1877,1.2466946262544771,1.2747070680465276,1.3740527542945715,1.0779360911525264,1.0031016118497142,79.65362359420278,-10.346376405797216,10.346376405797216
1878,3.029814226070162,2.143267778201186,4.579809946160833,2.136835160189177,0.7854526772937638,46.8537270308232,-43.1462729691768,43.1462729691768
1879,2.607648897704901,1.5197847647565834,4.834926650102105,3.1813232782844034,0.5774819633536173,-80.04018309810408,9.95981690189592,9.95981690189592
1880,7.672491363736851,5.176770496316832,11.722975205185763,2.26453446478387,0.7149677154328313,72.08869154563801,-17.911308454361986,17.911308454361986
1881,3.9669580093201615,1.998287279696314,12.542378825001563,6.276564412153826,0.2424255458687687,24.604716264320583,-65.39528373567941,65.39528373567941
1882,6.198310670772638,4.173854839838498,9.556819301180305,2.289686553054656,0.7442368203469231,68.75081158348013,-21.24918841651987,21.24918841651987
1883,7.794957527558019,6.044037802176008,10.347429593349377,1.7120061012232648,0.8393430311995973,-65.37366264281009,24.626337357189925,24.62633735718991
1884,1.340559085464394,1.0853120664476037,1.850675164151736,1.7052009476032874,0.9436762476957964,-13.43504175056161,76.56495824943839,76.56495824943839
1885,6.997056236064664,5.298539691487424,9.384165790920788,1.771085306013143,0.8417429822824676,-59.24652458375749,30.75347541624251,30.75347541624251
1886,1.4282681233264556,1.159707296057009,1.94726953301968,1.6791043219615616,0.8695278717721838,1.361614044721283,-88.63838595527872,88.63838595527872
1887,1.857010129468512,1.4096401217039054,2.6559884108047425,1.8841606236308817,0.8841850136219709,-43.031127525185504,46.9688724748145,46.968872474814496
1888,2.6354399017991645,2.0919223003977216,3.7551565584202486,1.79507458652088,0.7264182205730132,-84.75240432849111,5.24759567150889,5.24759567150889
1889,1.2270604129519955,0.9773410509712276,1.6054454070066573,1.6426665035826071,1.2062215119485094,57.630409582052565,-32.369590417947435,32.369590417947435
1890,2.434249075164649,2.2298443438315574,2.863478093472007,1.284160529587313,0.8709680899213945,-84.40385774325267,5.596142256747328,5.596142256747328
1891,6.310910549219671,4.065260313231705,10.32901006629236,2.540799179002942,0.6771565400564498,-82.76526529322169,7.234734706778312,7.234734706778312
1892,1.7071069228001237,1.618362805951115,1.8671589156849164,1.1537332103894855,1.1216479812667857,-75.24149172173404,14.758508278265964,14.758508278265964
1893,11.33866877799408,8.330555896322819,15.993101913854732,1.9198120885203145,0.7623045387013415,84.2361210031725,-5.763878996827501,5.763878996827501
1894,1.6492219709549814,1.5438400093993676,1.834024532032329,1.1879628205424329,1.1002724339209085,-54.06997308019784,35.930026919802174,35.93002691980216
1895,1.6195038256468852,1.0662825379223344,2.739044138289613,2.568778950114551,0.6573280613871261,55.15630087540317,-34.84369912459683,34.84369912459683
1896,11.07867237376905,5.649721115801965,22.102012547194416,3.912053726931101,0.5227330116833433,-42.53906729833143,47.46093270166858,47.46093270166857
1897,2.9975812429533355,2.118622177600421,4.454224819127604,2.1024158371515385,0.8274929488808238,-32.50738786500167,57.492612134998325,57.49261213499833
1898,2.102353753036351,1.6978907165190793,3.084776133299834,1.816828435003208,0.6405251059991389,-39.75521211478364,50.24478788521637,50.24478788521636
1899,2.4041334941401127,1.9516978032138648,3.190024518651755,1.6344869135983733,0.7986988056776486,9.617201298678845,-80.38279870132115,80.38279870132115
1900,1.2270604129519955,0.969357436311878,1.9339146052708716,1.9950479903768537,0.7106527281485456,86.48262180471147,-3.5173781952885292,3.5173781952885292
1901,2.102353753036351,1.8889577458951647,2.473076128509977,1.3092278712343572,0.908465659648375,40.75141769601527,-49.24858230398473,49.24858230398473
1902,1.6492219709549814,1.2526495397193462,2.621967677768476,2.0931374615408576,0.723520249584622,-45.924957139312085,44.075042860687915,44.075042860687915
1903,33.978146866866254,30.00241583629667,43.027932983668926,1.4341489438198538,0.4004556630396779,-57.481193629701735,32.51880637029825,32.518806370298265
1904,1.3223193364400538,1.057405268385082,1.7362265989261187,1.641968931720724,1.125676459384969,26.36015246448162,-63.639847535518385,63.639847535518385
1905,2.031863651507851,1.7986211038897544,3.388187302385337,1.8837693470058463,0.4685880261134612,5.007288652365212,-84.99271134763478,84.99271134763478
1906,2.626208910558587,1.3689253122275875,5.392784427154037,3.939429258108036,0.5629050389314748,-79.93760148097518,10.062398519024839,10.062398519024825
1907,1.8306682257451572,1.751233040079949,2.066994164520433,1.1803078843384938,0.9116543656043904,-7.015166515306861,82.98483348469314,82.98483348469314
1908,2.125330979189304,1.808612584198202,2.678607258928213,1.4810287633355703,0.8582088792473546,-50.388466810308415,39.611533189691585,39.611533189691585
1909,1.4783979621211876,1.1581997619725797,2.1117112540659435,1.8232703229617293,0.8928818465087641,70.32840666366506,-19.671593336334936,19.671593336334936
1910,5.334993643984116,4.212897196973085,6.831749393974262,1.6216273681880466,0.8984296212619379,-66.17861050443663,23.82138949556338,23.821389495563366
1911,1.340559085464394,1.3138915824338144,1.7749180236300917,1.3508862126525578,0.7619249432008106,-0.1435073268877254,89.85649267311227,89.85649267311227
1912,3.140025082999704,2.403862596372119,4.476210906185702,1.8620910001017303,0.759205309992921,-84.19129302960391,5.808706970396088,5.808706970396088
1913,2.2257951114113315,1.5230531869006974,3.483655506024165,2.287284210417596,0.7436320643995363,-55.74466392419253,34.25533607580746,34.25533607580747
1914,1.9956851445118324,1.2582264734011814,3.333962695224932,2.6497317976569934,0.7642199509992685,-69.81019674463117,20.189803255368815,20.18980325536883
1915,3.8235638432564985,3.0357419868494726,4.9964310256168325,1.6458681427014767,0.8113384458342161,-66.53635972855017,23.463640271449833,23.463640271449833
1916,1.6784140066373283,1.6334410140398288,1.8707095002277505,1.145256843772466,0.8926799425298565,-28.32662264322676,61.673377356773244,61.673377356773244
1917,2.332352078688221,1.63854573037584,3.4759480113822754,2.121361611668283,0.8211192322543567,52.95796702164062,-37.04203297835938,37.04203297835938
1918,2.92375806133559,1.9100612263054295,4.754887360643486,2.489390023292977,0.6843237200543064,-66.72574256377666,23.274257436223337,23.274257436223337
1919,1.4783979621211876,1.4032238399562338,1.624791070982902,1.157898707759682,1.127408903226799,72.29100620132772,-17.70899379867228,17.70899379867228
1920,1.340559085464394,1.1029220352916913,2.3648399246483423,2.1441587428461437,0.5443059840689471,-74.78942510728609,15.210574892713908,15.210574892713908
1921,2.373635851463476,1.916820971382662,3.038596176021481,1.585226905061273,0.9469840794135151,47.31651635785878,-42.68348364214122,42.68348364214122
1922,1.3223193364400538,1.0229034943447093,1.8323549074334853,1.791327253806407,0.974674679616907,-62.005320385065474,27.994679614934512,27.994679614934526
1923,7.335926620437137,6.771269214285136,9.438636202334507,1.3939242265574243,0.5211513083988631,46.10328731718922,-43.89671268281078,43.89671268281078
1924,4.357862036855523,2.569424587789612,8.597691610951758,3.3461544860314647,0.4749905099495244,40.855810789066,-49.144189210934,49.144189210934
1925,2.708155340592215,2.0762883358631767,3.729174770564378,1.7960775033752938,0.7760493690368505,-64.90638732184408,25.09361267815592,25.09361267815592
1926,2.031863651507851,1.6423851985320168,2.5891319160168584,1.5764462066091771,0.9829300887384356,-67.53331843845615,22.46668156154385,22.46668156154385
1927,1.4783979621211876,1.09595485243376,2.341271962502246,2.136285046143133,0.7344974789266153,52.07976788175619,-37.92023211824381,37.92023211824381
1928,3.6213206439674015,3.0320388434501626,6.720435782219544,2.2164741710803244,0.3762715333639263,61.20326947469659,-28.79673052530341,28.79673052530341
1929,1.2850634067342854,0.9484524205181774,2.0921166084045466,2.205821360297167,0.7674477509538264,76.37315604112237,-13.626843958877629,13.626843958877629
1930,1.2660243778180809,1.1285752420443864,1.6362608155236027,1.449846456457397,0.8859516163819297,-16.254897103324762,73.74510289667523,73.74510289667523
1931,1.663882010113248,1.5914188035222674,2.782312307652117,1.748321875733817,0.4878927790958161,88.95413659345787,-1.045863406542125,1.045863406542125
1932,1.7212740281460053,1.5298316649801205,2.1225514869373217,1.387441203843106,1.0119246116153344,28.401800133751888,-61.59819986624811,61.59819986624811
1933,2.4442051456532488,2.11076799833455,2.9187181467800825,1.382775439594984,0.9528451134572988,82.20974881776979,-7.790251182230207,7.790251182230207
1934,1.6784140066373283,1.673304525040132,2.1041205472716014,1.2574642067743986,0.6597328214577005,-24.011616660393223,65.98838333960677,65.98838333960677
1935,2.102353753036351,2.186028589219798,4.280636172139059,1.9581794095688536,0.3587187889414274,76.02877018683347,-13.97122981316653,13.97122981316653
1936,2.2257951114113315,1.5736516061559669,3.570783650370492,2.269106857198852,0.7030312461703992,70.50756647219343,-19.49243352780657,19.49243352780657
1937,24.81380377247064,20.591189396619843,32.75437389510772,1.5906984907090669,0.4985848360619798,-29.781704648391884,60.21829535160812,60.21829535160812
1938,6.626272830518911,5.79956424030255,7.680894903290047,1.3243917275566472,0.9059518680997656,-75.07035025919639,14.929649740803598,14.929649740803612
1939,3.498528118032332,2.412075871618056,5.2603589066310095,2.180843052462642,0.7903200224659302,-1.245934526159478,88.75406547384053,88.75406547384053
1940,1.663882010113248,1.6276941053111504,1.80694442703029,1.110125312326344,1.0428382676927437,-83.22357319982719,6.776426800172828,6.776426800172814
1941,1.3938469657443524,1.3556993999259772,1.516745543570636,1.1187919266272834,1.1408931646580656,-36.3652661189391,53.634733881060896,53.6347338810609
1942,1.2466946262544771,0.8941630519365813,1.8440751263774435,2.062347714305058,1.0502951313776696,-79.24558108198728,10.754418918012732,10.754418918012718
1943,1.376313601551939,1.0383290376520675,2.1816366322140066,2.1011033623284345,0.7722957683997805,-24.387061860986247,65.61293813901375,65.61293813901375
1944,1.3585539723246187,1.102218588566208,1.7890564922347734,1.6231412814059143,1.0288232729289577,70.04724816277779,-19.95275183722221,19.95275183722221
1945,3.186091481181058,2.475279353319189,4.276960908305818,1.727869988722966,0.8311561506846092,-47.93513916498926,42.064860835010734,42.06486083501074
1946,1.6344304437273447,1.4712647789257538,2.645707207156241,1.798253614885016,0.4738356691327304,-12.45052560491273,77.54947439508727,77.54947439508727
1947,1.376313601551939,1.1624023156371068,1.8250455270427752,1.5700635679157926,0.9081104251455848,60.21098430958057,-29.789015690419433,29.789015690419433
1948,1.3223193364400538,1.0318594187817047,1.7670554820787472,1.7124963438964131,1.1046383112426152,44.28526280666959,-45.71473719333041,45.71473719333041
1949,1.3938469657443524,1.1813497264591477,1.814117616850201,1.535631300552838,0.8823437159754867,17.289597713745007,-72.71040228625499,72.71040228625499
1950,1.6044383463340146,1.3170114150958263,2.0673321585559763,1.5697146849752672,0.9617140883711728,-77.90177520558946,12.098224794410555,12.098224794410541
1951,2.2038655607334228,1.6164752888325744,3.238763250563063,2.00359589344673,0.8427917574413343,-50.100719681256415,39.89928031874359,39.899280318743585
1952,1.4451712930335778,1.421926654257261,1.7338498528031463,1.2193665880106996,0.83768218980904,-31.691696473226408,58.308303526773585,58.30830352677359
1953,1.376313601551939,1.1242239674550312,1.82587550059636,1.6241207743770991,0.9770877161298924,-30.50506355741476,59.49493644258524,59.49493644258524
1954,1.4783979621211876,1.167783021931634,1.999395107993995,1.7121289404317497,0.9770197361222333,-89.68527274293893,0.3147272570610653,0.3147272570610653
1955,3.874042118542512,2.8159140849585973,5.49508063190902,1.9514376028946967,0.8501206372257071,24.495158653513133,-65.50484134648687,65.50484134648687
1956,2.989468694267895,2.2727119966146945,4.361373332277918,1.9190171648560737,0.7969489157577475,-36.35045221117967,53.64954778882033,53.64954778882033
1957,1.4282681233264556,1.4312605128765996,1.5119156885146592,1.056352547221439,1.0719726230084312,-12.9650587111071,77.0349412888929,77.0349412888929
1958,1.340559085464394,0.9990141281389412,1.9404569366872728,1.9423718664541216,0.952150609194201,81.9562974225901,-8.043702577409903,8.043702577409903
1959,1.946401361393312,1.4248319026872387,3.015696303451477,2.116527779707811,0.6849797079100672,-26.51525484758451,63.484745152415485,63.484745152415485
1960,1.2466946262544771,1.1075713573531416,1.531597014249696,1.3828427433424109,1.0811240226073242,-22.165520064798397,67.8344799352016,67.8344799352016
1961,1.6195038256468852,1.64173319568329,1.860988069308444,1.1335508560109857,0.914377743760962,-81.83210773818274,8.167892261817258,8.167892261817258
1962,5.357705511862354,4.340289860667217,7.2255591793836516,1.6647642003967202,0.6862333155692738,-53.32410886589548,36.67589113410452,36.67589113410452
1963,1.3938469657443524,1.0719275179925516,2.0473890400205748,1.9100069786946183,0.8768978442507167,85.9278378969202,-4.072162103079805,4.072162103079805
1964,3.8172071242415617,2.4056938616518906,6.80142957231567,2.8272215682694597,0.5994485101052252,10.714023352703562,-79.28597664729644,79.28597664729644
1965,2.373635851463476,2.346450890476444,3.75168788572338,1.5988776500502868,0.4480317788560277,-18.836015762240464,71.16398423775954,71.16398423775954
1966,1.3038244488524504,1.150507512243402,1.581440208433892,1.374558785235747,1.0872369439682426,-80.72118116461947,9.278818835380548,9.278818835380534
1967,22.428595911283068,15.67218893753601,32.271431981636105,2.0591528158739667,0.7755720730493803,-89.59216941513196,0.40783058486803725,0.40783058486803725
1968,1.7353254778478429,1.740319385591571,2.0595597855142938,1.1834378232902385,0.6934568564705335,-47.45157436584841,42.548425634151585,42.54842563415159
1969,2.690160753669267,2.279097872922126,3.240524372506565,1.421845200685372,0.9546487496158887,-68.62193367625828,21.378066323741734,21.37806632374172
1970,1.8829835605082688,1.578035246333758,2.469513657478252,1.5649293405934128,0.8258252499719435,-8.876423676539652,81.12357632346036,81.12357632346036
1971,2.4639966035353127,3.7018817140605074,4.769391356401897,1.2883694630994742,0.1868996831669943,52.38374860709218,-37.61625139290782,37.61625139290782
1972,3.91767711468498,2.665762573970383,6.100449499866604,2.2884444246587954,0.7459801923235804,64.84814234560874,-25.151857654391264,25.151857654391264
1973,6.720886675954123,4.221470316850973,11.46075477196983,2.71487276037962,0.5516712205427429,69.46482778312071,-20.53517221687929,20.53517221687929
1974,1.526882849696625,1.2572386748862674,2.059240874181804,1.637907674426328,0.8468744753090854,19.58568206033856,-70.41431793966144,70.41431793966144
1975,1.4282681233264556,1.034377008501186,2.0920955265734205,2.022565766040054,0.8891232619691702,44.496405428538935,-45.503594571461065,45.503594571461065
1976,2.672044986969093,2.219397973746051,3.579786693895952,1.6129539344643735,0.7246302458174885,23.6318433764345,-66.3681566235655,66.3681566235655
1977,1.2466946262544771,0.9039983295720028,1.872673307450173,2.0715450971428107,0.9543526366867556,-53.74366690407109,36.25633309592891,36.25633309592891
1978,1.3223193364400538,1.2134766172692188,1.627356582551983,1.3410695841953266,0.8188961096350946,-4.63306519692203,85.36693480307797,85.36693480307797
1979,1.2466946262544771,1.0286610912184198,1.6338090957994476,1.588287055617363,1.0493296140841482,42.399907036269575,-47.600092963730425,47.600092963730425
1980,2.0674091517192297,1.2724062216870475,4.184797474042563,3.2888847937996237,0.4999046471037259,69.74949399926285,-20.250506000737147,20.250506000737147
1981,1.4282681233264556,1.109596192016961,1.952739816962792,1.7598652834354205,0.9856720578043334,48.583459704869135,-41.416540295130865,41.416540295130865
1982,2.0198761507134417,1.4404703792287787,3.932957468967442,2.73032859660268,0.4581489286485115,44.22428152998521,-45.77571847001479,45.77571847001479
1983,1.895836839826219,1.2349684350884813,3.124683134711266,2.5301724691347216,0.7714933485103065,86.58743334750774,-3.4125666524922593,3.4125666524922593
1984,1.3223193364400538,0.972058457726983,2.1440089309681616,2.205637854313427,0.6816370888721145,86.2803140216344,-3.7196859783656038,3.7196859783656038
1985,1.5108941070107518,1.2270543920684525,2.010604826865693,1.638562104387569,0.9174112955158042,87.27510084978366,-2.724899150216345,2.724899150216345
1986,2.247510699902965,2.182047089226073,2.395032234704331,1.0976079510519634,0.9914855672326476,-88.42047947438472,1.579520525615294,1.5795205256152798
1987,2.1138735858617226,1.8187459240715285,2.853848582537541,1.5691298849202555,0.6511341404174821,10.446844076444824,-79.55315592355518,79.55315592355518
1988,1.4947343471339476,1.1618610545345711,2.274464151622253,1.9576042614952591,0.8115880388378736,-84.33062207758825,5.669377922411741,5.669377922411755
1989,1.663882010113248,1.27780225780838,2.4476862607314667,1.9155438533420743,0.7822006429553264,81.84174417968933,-8.158255820310671,8.158255820310671
1990,1.4282681233264556,1.3729744706625415,1.664876212639256,1.212605367553451,0.9188228830759688,-78.90417461367808,11.095825386321906,11.09582538632192
1991,3.2012996414972226,2.0175552927949365,5.368709019903319,2.6609972173134357,0.5878034704561539,-47.63139478270667,42.36860521729332,42.36860521729333
1992,1.340559085464394,1.1507221270628547,1.6698257876153133,1.4511112182029886,1.0462348242910862,41.677697388490806,-48.322302611509194,48.322302611509194
1993,1.5738748168108194,1.6022632281888,1.6438272321770118,1.0259408087616138,1.040426683844027,-62.75725463064325,27.242745369356754,27.242745369356747
1994,3.791673679652438,2.755483522849913,6.53854757384648,2.3729220369584567,0.4200081495293209,58.175664663716354,-31.824335336283646,31.824335336283646
1995,1.7768132193231367,1.7516884469491174,1.957839336659332,1.117686960868677,0.92096826937079,-6.962994368223936,83.03700563177607,83.03700563177607
1996,17.559152771511187,15.280880341860607,20.905006172310408,1.3680498573791595,0.6427961581051934,75.91790992190617,-14.082090078093827,14.082090078093827
1997,9.858450102822186,8.678346530953709,14.415322846218476,1.6610678998357884,0.3143534926311309,-34.06026203737872,55.93973796262128,55.93973796262128
1998,1.1661760393441107,1.0357935407265129,1.4865555540071569,1.4351851943047222,1.0125803201245371,2.2384685619002878,-87.76153143809971,87.76153143809971
1999,2.125330979189304,1.8115313134442883,2.5733202372725965,1.4205220843684498,1.0120336231758449,83.00448373685539,-6.995516263144609,6.995516263144609
2000,11.571868276463542,9.14108916023736,15.090228089679137,1.650812920118952,0.8273291174302178,81.0786966347437,-8.921303365256307,8.921303365256307
2001,3.132281482844322,2.666325245794681,3.74812912087726,1.405728399709974,0.992837993391569,-48.08716338872431,41.91283661127568,41.91283661127569
2002,5.661833139946212,3.5891305063455623,10.123693957789047,2.8206536206723087,0.4311724243256898,-86.97560850350051,3.0243914964995042,3.02439149649949
2003,2.813707191225227,2.263359446222376,3.585473598073301,1.5841379521302188,0.9417917487442444,50.00340815501585,-39.99659184498415,39.99659184498415
2004,1.870041939381716,1.2638386382091158,2.838519443399838,2.245950833899236,0.8943282361072169,86.19605363278076,-3.8039463672192397,3.8039463672192397
2005,3.132281482844322,2.4957046885094063,4.067193849407002,1.629677528808983,0.8543283221331358,-51.97797429100276,38.02202570899723,38.02202570899724
2006,2.787693931488705,2.184694077342811,4.107604092659226,1.8801735836878373,0.6550568022161991,66.26448923401325,-23.735510765986746,23.735510765986746
2007,1.2466946262544771,0.5920111970812283,3.5498469502323027,5.996249678610788,0.3691255029126005,3.027410955191662,-86.97258904480834,86.97258904480834
2008,1.1237553499514827,1.0064189022500103,1.3397008521142582,1.3311562900092029,1.201404428925512,-27.650331078558477,62.34966892144152,62.34966892144152
2009,1.376313601551939,1.0316014923854122,2.078271277148435,2.014606698893744,0.8003861312402187,35.12129727252404,-54.87870272747596,54.87870272747596
2010,3.421319397189672,3.0415758833749766,6.187690469940066,2.0343699145438108,0.34383422009624,-59.1784509448615,30.82154905513849,30.821549055138497
2011,7.222494819735817,5.971073868508202,9.790027406506528,1.6395756646287218,0.6324853391560608,-75.11069571388502,14.889304286114964,14.889304286114978
2012,2.8223249975951434,2.22342877755218,4.846417787717345,2.1797045341172883,0.5496454500110334,87.00147539679766,-2.998524603202341,2.998524603202341
2013,2.170555852193912,1.848170809694031,2.643473294024206,1.4303187130532806,1.044345433052484,-74.41266591441973,15.587334085580267,15.587334085580267
2014,6.225676413860507,5.317903765494278,8.08826326572419,1.5209495362074157,0.5319898086001587,5.842470568278144,-84.15752943172185,84.15752943172185
2015,5.492004677235473,4.914052297404201,6.224064177986972,1.2665848471484058,0.9652655955347632,-2.3276573884978866,87.67234261150212,87.67234261150212
2016,10.311170759920236,6.055656709576553,19.589038972601145,3.234833134055072,0.514420699472599,-86.52038689867773,3.479613101322286,3.479613101322272
2017,1.3585539723246187,1.1201234567589546,1.9867358422025407,1.7736757767318836,0.7941766353286118,-85.87516245180973,4.124837548190271,4.124837548190271
2018,2.1367269374441915,1.5505469615029537,3.052422038626489,1.9686098611729632,0.9164834485468556,52.06741405088495,-37.93258594911505,37.93258594911505
2019,1.1661760393441107,0.8678357045230589,1.719813120499001,1.981726623525092,0.9371191587929874,53.07830668924231,-36.92169331075769,36.92169331075769
2020,18.24955054813909,11.408959356031524,44.34944985384913,3.8872475981258634,0.2491220198061823,-80.29743055692116,9.702569443078858,9.702569443078843
2021,1.663882010113248,1.2685337587583598,2.4741609181394733,1.950409991895825,0.8505305224734775,77.84534102915708,-12.154658970842917,12.154658970842917
2022,11.678408168359873,6.786181130607583,20.59262897668976,3.0344944498771507,0.5758776581804196,62.62355308585633,-27.37644691414367,27.37644691414367
2023,1.6344304437273447,1.4315422759772936,2.033654514992503,1.4206038823437164,0.9438804023548374,-9.112345012714773,80.88765498728523,80.88765498728523
2024,2.394010781836305,2.3486377345565863,2.705377200939885,1.151892078175543,0.8555340944286606,27.98091512990423,-62.01908487009577,62.01908487009577
2025,3.0056718953012043,2.4729893145785287,3.880468115833223,1.5691406723666217,0.7783546809784375,-50.45442750060328,39.54557249939671,39.54557249939672
2026,1.8039417076383557,1.7117841972629766,2.023185455691709,1.1819161895095431,0.9551339264712168,-59.442077512531554,30.55792248746843,30.557922487468446
2027,1.7904288454052892,1.5758454494315857,2.398852969465928,1.5222641092952387,0.6828468516962803,-59.7835545781333,30.216445421866695,30.216445421866702
2028,3.38564251614032,1.6959559666421011,7.548020590208515,4.450599389766691,0.4090275514611209,89.43541099226127,-0.5645890077387321,0.5645890077387321
2029,1.3938469657443524,1.073789786166397,2.1262241301047804,1.9801120829205725,0.7910302194569601,76.20808391835016,-13.791916081649845,13.791916081649845
2030,1.857010129468512,1.216713288237449,4.41855919800894,3.631553333661489,0.420918082045672,68.29775932662739,-21.702240673372614,21.702240673372614
2031,6.962262105786647,3.925768007863176,12.974441529321238,3.3049435176337183,0.5668108240176712,-77.82531911581677,12.174680884183232,12.174680884183232
2032,1.2466946262544771,1.0271368932648,1.7751312351892188,1.7282323776209476,0.8591045977036893,-46.760726688461126,43.23927331153888,43.239273311538874
2033,6.670107527892448,5.238883854289977,8.778601558966576,1.6756625653722066,0.7986817736439101,39.385077519013024,-50.614922480986976,50.614922480986976
2034,6.782035954688048,4.673595775833016,11.218374280438308,2.400373249746606,0.5249216431769147,-76.60047506450003,13.399524935499983,13.399524935499969
2035,1.4451712930335778,1.2947051770601758,1.7016619879392694,1.3143239233839712,1.0813538390149935,64.63269905926902,-25.367300940730985,25.367300940730985
2036,2.363382516914025,2.3989207604945664,2.491656960707193,1.0386574670325952,0.8749843913787525,-83.05823851990888,6.941761480091117,6.941761480091117
2037,1.8173540983129992,1.4018505262952872,2.6541387419613107,1.8933108003857468,0.7556880053880489,87.19478062817875,-2.805219371821252,2.805219371821252
2038,1.9834790046600808,1.479623938991076,3.0152145488511937,2.037824929290617,0.6909389580040254,-84.34306497117412,5.656935028825899,5.656935028825885
2039,1.3585539723246187,0.989116321693712,2.3079520220354666,2.333347424783617,0.7005078140859031,69.84192039224605,-20.158079607753947,20.158079607753947
2040,3.0217882140215035,1.6439020039718095,6.365769560511294,3.872353428082114,0.436363228508049,70.23357905414663,-19.76642094585337,19.76642094585337
2041,2.2038655607334228,2.190041911684613,2.386847973370208,1.08986406179515,0.8555502784351858,-19.882902227728568,70.11709777227144,70.11709777227144
2042,2.579558503195455,1.904262986496226,3.773186527873211,1.9814419303584403,0.7912957949228792,74.09186377517871,-15.908136224821291,15.908136224821291
2043,5.734287094683779,4.313337244041527,8.232786817392302,1.908681457441133,0.7278109637336696,-68.77908304399726,21.220916956002725,21.22091695600274
2044,1.6044383463340146,1.3583663692454244,2.2210004667152026,1.6350526021554652,0.8059362229789931,20.59410047252929,-69.40589952747071,69.40589952747071
2045,2.598319175852673,2.166106893519728,3.754352660775985,1.7332259418996177,0.6938249322770105,-37.83650117349913,52.16349882650087,52.16349882650087
2046,4.374548232053245,2.7688269301538533,7.285220929326424,2.631157928286118,0.6911710885828078,17.768632143482435,-72.23136785651756,72.23136785651756
2047,2.752627203103878,2.1210729506133985,4.000262543671643,1.885961792363057,0.6709076114993826,-38.56375878009751,51.436241219902485,51.43624121990249
2048,1.5108941070107518,1.4583580195662875,1.6747177745962707,1.1483584635097546,1.0858657623759218,-61.27500174609669,28.724998253903323,28.72499825390331
2049,2.170555852193912,1.4231348259599452,3.9703851705909967,2.789886873798382,0.6037680088809471,68.87631251521246,-21.12368748478754,21.12368748478754
2050,1.2850634067342854,1.0568702240015786,1.673628337774742,1.5835703379341703,1.0255579738010745,-58.4592629914424,31.540737008557585,31.5407370085576
2051,5.07846377421048,3.2111378007361564,8.298647588508096,2.584332440235241,0.6504503028588654,-76.23164162606602,13.768358373933978,13.768358373933978
2052,2.579558503195455,1.8477587363457404,3.98754695276219,2.1580452438548594,0.6421054246973845,73.01839128265071,-16.98160871734929,16.98160871734929
2053,4.210479241811078,2.961882139709603,6.437423831914102,2.1734233599670705,0.7617114416873368,82.06483752796612,-7.9351624720338805,7.9351624720338805
2054,1.461879030667795,1.1198232656825289,2.124461040852004,1.897139580822293,0.8039546413088372,23.43088058889041,-66.5691194111096,66.5691194111096
2055,1.340559085464394,1.1801423743062558,1.729912168938065,1.4658503978852468,0.9665303833606316,32.996058983217544,-57.003941016782456,57.003941016782456
2056,1.6044383463340146,0.6133364547484921,5.751633605938515,9.377615762782373,0.21973942136792,-88.7057019603425,1.2942980396575194,1.2942980396575052
2057,1.2466946262544771,0.8897549326419742,2.033044336821151,2.284948655226193,0.7836943873089891,-89.18229523649684,0.8177047635031727,0.8177047635031585
2058,1.6492219709549814,1.2204705879705544,2.371173030284264,1.9428350454779435,0.9032666550808356,63.43494882292202,-26.565051177077983,26.565051177077983
2059,1.3038244488524504,1.1290935955625852,1.598047023847308,1.4153361865905023,1.104411493978301,-85.85602921607106,4.143970783928921,4.1439707839289355
2060,3.170810378792584,2.2589762418226367,5.490663846559063,2.4305983148051906,0.5749640038087666,-70.20658172930882,19.793418270691177,19.793418270691177
2061,1.9212854528773184,1.649782283079789,2.441798211319428,1.4800729989420878,0.8940319771811515,-58.15970132852155,31.84029867147845,31.84029867147845
2062,1.461879030667795,0.9543668311293614,3.068426905865977,3.215144120458292,0.5325795798198956,28.83925764547045,-61.160742354529546,61.160742354529546
2063,1.7071069228001237,1.528329732062687,2.141954373522675,1.4015001662185942,0.8625334952429407,55.13010978271158,-34.86989021728842,34.86989021728842
2064,1.1661760393441107,1.236140375273833,1.6941891776191815,1.3705475619982723,0.5588526795949441,12.561648897906071,-77.43835110209393,77.43835110209393
2065,2.383845085036066,1.4863783328881004,3.9759611901605263,2.674932150305941,0.761510017218427,-40.65458397419538,49.34541602580461,49.34541602580462
2066,1.2270604129519955,1.099054223153921,1.5163526791755562,1.379688687992233,0.978193037523638,-45.6335519971872,44.3664480028128,44.3664480028128
2067,2.0198761507134417,2.1072029942954043,2.33396091507937,1.1076108573297598,0.7061517686031992,81.34515324084671,-8.654846759153287,8.654846759153287
2068,1.461879030667795,1.24540564454179,1.83682269155178,1.4748790481253873,0.9678997924648096,47.92333080362137,-42.07666919637863,42.07666919637863
2069,2.4836303530173915,1.4665269677808868,4.703281297955069,3.207088175863524,0.5473818683925413,89.19494863804513,-0.8050513619548667,0.8050513619548667
2070,1.2466946262544771,1.0839473420100818,1.577390549450432,1.4552280247537714,0.9810279420567828,43.45191822954791,-46.54808177045209,46.54808177045209
2071,1.526882849696625,1.4124777916844815,1.7375598165347652,1.230150184848287,1.135394864614987,-79.31948991937371,10.680510080626277,10.680510080626291
2072,2.856536246652911,2.7373372484928717,3.1989196881935698,1.168624615017692,0.8906213786316726,59.577415590964456,-30.422584409035544,30.422584409035544
2073,1.3938469657443524,1.3511814027292284,1.573051139627131,1.1642042559568624,1.0186296662657284,16.574073544840257,-73.42592645515974,73.42592645515974
2074,14.00625487135268,15.29971938668305,19.13284691080452,1.2505358057388845,0.3443929722724765,-23.9261449050649,66.0738550949351,66.0738550949351
2075,1.340559085464394,0.9479630833452164,2.027748093104877,2.139058080140912,0.9926054815270692,56.2328778170748,-33.7671221829252,33.7671221829252
2076,1.3038244488524504,1.0021016182277818,1.90147677035044,1.8974889729378983,0.8149708943614224,25.62912156512888,-64.37087843487112,64.37087843487112
2077,2.1138735858617226,2.1239819616093403,2.386112447317068,1.1234146477915996,0.8403054671695246,25.61988243067231,-64.3801175693277,64.3801175693277
2078,1.461879030667795,1.4139001765537915,1.6689956635679282,1.1804197292314516,0.955308186430628,38.89005757280101,-51.10994242719899,51.10994242719899
2079,1.4282681233264556,1.1368293811837131,2.206562326114633,1.9409793260419343,0.6112759703704028,70.63200662864607,-19.367993371353933,19.367993371353933
2080,1.2071068813224677,1.1594452601280538,1.3712685528279729,1.1826936553059213,1.0519231376499585,54.87079438902232,-35.12920561097768,35.12920561097768
2081,1.9086035621207809,1.9086393076896488,2.096430101440379,1.0983898806831374,0.9248338809592036,29.29697258369632,-60.703027416303684,60.703027416303684
2082,1.4783979621211876,1.4225369078531214,1.6612001211871192,1.1677729498731857,0.967665688830992,-69.80879237784212,20.19120762215789,20.191207622157876
2083,1.4783979621211876,1.1979656670785326,1.975058975738737,1.6486774454524182,0.9180235445682592,76.47629407073727,-13.523705929262732,13.523705929262732
2084,1.6784140066373283,0.9680489686465488,3.450397329477943,3.5642797433088758,0.5544394505163658,42.34379159407467,-47.65620840592533,47.65620840592533
2085,6.3032096182862585,3.9267363296818343,10.548208477175642,2.686253313583272,0.696620904164513,39.92919205325391,-50.07080794674609,50.07080794674609
2086,1.6195038256468852,1.280432035447101,2.2503100738186124,1.75746155322711,0.8206286478629884,69.43800595972031,-20.561994040279686,20.561994040279686
2087,2.890342586067156,2.8594300213508155,3.5625814300610945,1.2459061433432477,0.6707279806526723,-47.55410437472752,42.44589562527247,42.44589562527248
2088,2.86502522895345,2.149237547488989,4.019732647359757,1.8703063568083091,0.8129892568989947,-21.179949646398896,68.8200503536011,68.8200503536011
2089,6.095590954523553,4.67834665178071,8.219483703904103,1.7569206208299115,0.8417518185427734,38.05172943158332,-51.94827056841668,51.94827056841668
2090,2.708155340592215,2.396612131788712,3.135484277646297,1.3082985920237864,0.9795015624282116,47.70826631890559,-42.29173368109441,42.29173368109441
2091,1.2466946262544771,1.0580414925397748,1.5843839133039204,1.4974686006885112,0.99157865465475,16.633915611172743,-73.36608438882726,73.36608438882726
2092,1.663882010113248,1.4184239878645784,2.120676537917899,1.4950935376597474,0.9193964167787076,43.59626357311024,-46.40373642688976,46.40373642688976
2093,3.874042118542512,3.1196741939313344,5.062586403190817,1.6227933074033845,0.7668900160182244,65.5408973867805,-24.4591026132195,24.4591026132195
2094,1.5738748168108194,1.2144069555022106,2.2273062413105147,1.834069074801557,0.913926515351805,33.24118288484055,-56.75881711515945,56.75881711515945
2095,5.334993643984116,2.961370565126036,9.884285142679587,3.337740051542287,0.6125334585619046,84.37529028289187,-5.624709717108132,5.624709717108132
2096,2.181715595945335,1.4786530377309417,3.4725641444784587,2.348464484817386,0.7953283552823591,54.34186714078515,-35.65813285921485,35.65813285921485
2097,1.9956851445118324,1.5623247934116038,2.6713501399927524,1.7098558195184252,0.9482384385476672,-71.50091620152283,18.49908379847716,18.499083798477173
2098,1.7630924485867383,1.4846039191979012,2.3763784113628263,1.6006817580319546,0.8687605991189133,24.340556666694397,-65.6594433333056,65.6594433333056
2099,1.6492219709549814,1.351948724906516,2.1472852155786333,1.5882889461855243,0.9168147295073203,13.455446573525618,-76.54455342647438,76.54455342647438
2100,26.10255244080354,23.085638371673014,30.74429546561419,1.331749851168883,0.6298852503899648,41.71876869869133,-48.28123130130867,48.28123130130867
2101,1.7630924485867383,1.5603793774384864,2.0432874517048045,1.30948119492521,1.1390462286858984,-48.05984241853755,41.940157581462444,41.94015758146245
2102,40.396320689144254,35.407652070251075,46.72958808724405,1.3197595817573422,0.7703266794067986,48.21836307231704,-41.78163692768296,41.78163692768296
2103,2.055628946700877,1.6921923974458342,2.6833920118793597,1.5857487694245789,0.8541246872384075,52.817881593392585,-37.182118406607415,37.182118406607415
2104,6.3070612591090525,4.491841694948253,11.38577397521187,2.534767418009605,0.4400391832696682,-43.093453196453225,46.906546803546775,46.906546803546775
2105,1.7768132193231367,1.6127632884972245,2.1851008767581974,1.354880094520429,0.8349207797666439,3.075060213518978,-86.92493978648102,86.92493978648102
2106,1.4947343471339476,1.4919329980936606,1.694281766944958,1.1356285899633909,0.8863269002258211,-66.7748918545333,23.22510814546672,23.225108145466706
2107,6.881568007759696,5.510029951947951,8.763137555039682,1.590397444562287,0.9082511671510534,77.05765963061255,-12.942340369387452,12.942340369387452
2108,1.526882849696625,1.4083508706483343,2.1286622663842443,1.5114573440099588,0.688861348404288,-86.65621888383201,3.3437811161679747,3.343781116167989
2109,1.2466946262544771,1.1154566150545977,1.4908923651176706,1.33657584257071,1.134964186947054,-3.112283715950236,86.88771628404976,86.88771628404976
2110,15.000863127681171,14.07431062292368,20.001521527135047,1.421136854444392,0.5462259178680002,60.051761891632296,-29.948238108367704,29.948238108367704
2111,1.461879030667795,1.279289348995631,1.8054590927658865,1.4112984636222845,0.9177007375503612,-27.17941280452237,62.82058719547763,62.82058719547763
2112,1.4282681233264556,1.34887087770377,1.984105510299948,1.470938058709934,0.6774499913106268,-8.62227154991987,81.37772845008013,81.37772845008013
2113,12.193173769514456,9.717014023893816,15.764921435628027,1.6224038986526734,0.8059377595592544,17.00255876637632,-72.99744123362368,72.99744123362368
2114,1.857010129468512,1.1919699640082662,3.4436555181093085,2.889045548202612,0.6243321221936667,-84.1568190559104,5.843180944089596,5.843180944089596
2115,1.4282681233264556,0.8399635969624606,2.8727788209153946,3.420123004501806,0.5112551588566536,29.69178140403413,-60.30821859596587,60.30821859596587
2116,16.390300936691503,8.89394841719148,32.1798251133867,3.618170873487976,0.4694052150552192,26.345420040490406,-63.65457995950959,63.65457995950959
2117,8.469842723601879,6.459867477628796,15.793381945923324,2.444846121165407,0.4350550016655483,-35.29153810713772,54.70846189286229,54.70846189286228
2118,1.6492219709549814,1.3098844372199336,2.482234424634548,1.895002607942103,0.7544021985551596,-15.131919952800272,74.86808004719973,74.86808004719973
2119,2.0078170808425457,2.047227144737992,2.221087238875169,1.0849246721762418,0.8363616891006377,-31.194325357514693,58.805674642485315,58.80567464248531
2120,1.6044383463340146,1.362505495149462,2.1024007484961573,1.5430401976217585,0.8898504885038027,11.21542477669805,-78.78457522330194,78.78457522330194
2121,2.0078170808425457,1.6182489886255318,2.5912110263947943,1.601243717504593,1.0072629713661867,1.6568103865573007,-88.3431896134427,88.3431896134427
2122,1.5892300566907107,1.3089044724072485,2.05470704838707,1.5697914490338565,0.9567565280166274,-54.72044637317682,35.27955362682317,35.27955362682318
2123,1.3223193364400538,1.064186823567956,1.8179108723866853,1.708262902834747,0.9106891588721264,-55.57315638357054,34.426843616429466,34.42684361642946
2124,4.128940804655817,3.600365836885028,4.783734888874965,1.3286802246223308,1.0063791729664648,62.95384436346641,-27.04615563653359,27.04615563653359
2125,1.663882010113248,1.2976671633118326,2.2792456257843376,1.7564177396362377,0.9075228391851974,72.89478538572975,-17.105214614270253,17.105214614270253
2126,1.3585539723246187,1.2643785193364323,1.7116692942657292,1.3537633454608538,0.8559209845730712,60.70184630355412,-29.29815369644588,29.29815369644588
2127,3.5261848971734766,2.4541573358730058,5.228112701640951,2.130308690979333,0.8240242341936722,65.54686892963228,-24.453131070367718,24.453131070367718
2128,4.868498150329299,3.5707038487962146,6.798785439514776,1.9040462965885117,0.8299019171967301,89.21791418344651,-0.7820858165534901,0.7820858165534901
2129,9.5912472276218,8.840865668685929,14.49190924774163,1.6391957293358184,0.2030953212151696,-4.291955352910255,85.70804464708975,85.70804464708975
2130,20.33536262546729,12.911372605386834,34.91852190972514,2.704477903081859,0.4004753752556765,-32.02709348319185,57.97290651680815,57.97290651680815
2131,5.371286536215869,4.608808574577651,6.498069411586542,1.4099239112316615,0.7914177607480247,81.25150387931792,-8.748496120682077,8.748496120682077
2132,21.49757608292661,15.010736682227826,33.230075060287824,2.213753779295258,0.524180580176462,41.456246621802926,-48.543753378197074,48.543753378197074
2133,2.79639190560923,2.32062682250158,3.4221393437808314,1.4746616347784205,1.028094616130234,17.71357584631063,-72.28642415368937,72.28642415368937
2134,5.402842834362198,4.8470819948513775,6.4536334425423725,1.3314471365240963,0.6636431348758047,-48.05456332080592,41.945436679194074,41.94543667919408
2135,1.8173540983129992,1.0894116498363764,3.2579767396208643,2.9905837156323734,0.6575188965675458,77.83223068474156,-12.16776931525844,12.16776931525844
2136,1.3585539723246187,1.0403600702130738,1.8803521315276128,1.8074051334385624,0.977884409442693,-7.529294864744566,82.47070513525543,82.47070513525543
2137,3.936229754120056,3.5888057989431164,4.417210179408124,1.2308300941524806,0.8577703440196452,9.06387501199066,-80.93612498800934,80.93612498800934
2138,8.676627389239213,7.341913128779681,10.546902638241376,1.4365332922421004,0.8432517508926608,-66.08678455346733,23.91321544653266,23.913215446532675
2139,11.972082559973003,9.002559134671966,17.26935948684196,1.918272263309184,0.5121077653530113,23.850140429044878,-66.14985957095513,66.14985957095513
2140,9.258858632830387,5.988193965084014,15.741326339936352,2.628726863511927,0.5704127239745301,48.891832072470685,-41.108167927529315,41.108167927529315
2141,1.340559085464394,1.1476854030540566,1.954667256162867,1.7031385525697071,0.809439206519306,2.380126155208201,-87.6198738447918,87.6198738447918
2142,1.526882849696625,1.4576358168683947,1.8269461902671185,1.253362581465757,0.8893425667390619,80.09396895609206,-9.906031043907944,9.906031043907944
2143,6.552563387142143,3.68751673973192,13.006711581262437,3.527227806485298,0.4963624756522522,89.963481730325,-0.036518269674999715,0.036518269674999715
2144,1.2071068813224677,1.2018543963368329,1.3240506142527373,1.1016730631333962,1.1651057912263922,23.79117602591716,-66.20882397408283,66.20882397408283
2145,1.461879030667795,1.0839779850392672,2.194720648518616,2.024691164220565,0.7338536963923569,-80.87898804639438,9.121011953605603,9.121011953605617
2146,5.505254406207756,4.070823314964411,7.526538027275036,1.8488982313743176,0.8796924372457319,34.94324794472137,-55.05675205527863,55.05675205527863
2147,1.4282681233264556,1.1472951996025675,1.8822852954438023,1.6406285811148182,0.9941605064350424,13.123261685156857,-76.87673831484314,76.87673831484314
2148,2.2148574771042746,2.150566048643775,2.5175284345304707,1.1706352548986418,0.812145167396537,38.59689123085685,-51.40310876914315,51.40310876914315
2149,1.2660243778180809,1.181573432117921,1.4544784187009916,1.2309674364410004,1.1818313486815455,51.75828405439567,-38.24171594560433,38.24171594560433
2150,1.4111624987975715,1.209223036441095,1.8146199475388731,1.5006495020798996,0.979652336541794,-4.634011987218274,85.36598801278173,85.36598801278173
2151,1.5583682828180965,1.2157803969021823,2.186343391956085,1.798304527303536,0.9061063836507192,-55.60924032111258,34.390759678887434,34.39075967888742
2152,1.4947343471339476,1.425430608580557,1.618050702435419,1.1351311615559263,1.1935648177933174,32.17136425917828,-57.82863574082172,57.82863574082172
2153,4.607080670095599,2.753696653943496,9.319079354063534,3.3842069498533647,0.5184117866949066,7.811346664828259,-82.18865333517174,82.18865333517174
2154,3.2688608874546894,2.344692282603712,4.769069493338671,2.0339852392241253,0.8130210217140745,76.49185527576414,-13.508144724235862,13.508144724235862
2155,2.279696262327928,1.8003136731895364,4.54170043684458,2.522727291627047,0.3989187600499198,70.14161824253259,-19.858381757467413,19.858381757467413
2156,3.2390076512937704,2.5217282692163723,4.535229434484258,1.7984607976392244,0.6993386355313779,49.8398402850102,-40.1601597149898,40.1601597149898
2157,2.090770448616529,1.99535095316372,2.512947278576418,1.2594011467466542,0.6814463107862198,89.62255247273976,-0.37744752726024444,0.37744752726024444
2158,8.290167745497303,5.910989367059432,13.257429023309358,2.242844336210436,0.6050872301404321,-89.44827168404476,0.5517283159552449,0.5517283159552449
2159,2.4933892525089543,1.6532192210790757,4.0183280476029095,2.430608110750188,0.6862429597002291,-78.95264688622697,11.047353113773028,11.047353113773028
2160,3.0217882140215035,2.353165428625291,3.947626043804374,1.6775811831089835,0.878048432569122,-26.936553854545284,63.06344614545472,63.06344614545472
2161,3.2012996414972226,2.011963763107594,5.238841927826055,2.60384507111319,0.6979032846601392,-66.6992423573984,23.30075764260158,23.300757642601596
2162,1.3223193364400538,1.1777027219845704,1.6161234865011065,1.3722677687096998,1.0565922608504734,-2.735830585028734,87.26416941497126,87.26416941497126
2163,1.7071069228001237,1.3907413409578335,2.157369823543687,1.5512372861928876,1.0812421900356488,61.41911104733905,-28.58088895266095,28.58088895266095
2164,1.4783979621211876,1.1335658621846298,2.128012849770939,1.877273231984767,0.8455353110752506,18.83428944811693,-71.16571055188307,71.16571055188307
2165,2.34274122622605,1.972172627323857,2.850897965616068,1.445562080173782,1.006822181182656,-78.4811432405608,11.518856759439188,11.518856759439203
2166,1.4111624987975715,1.2707662837246811,1.753114570289931,1.37957277647583,0.8969461477646362,-50.97665053099252,39.023349469007485,39.02334946900748
2167,4.391171021134769,3.137237005365595,6.399361312641632,2.039808054570582,0.7386820191674591,-49.1122592821971,40.8877407178029,40.8877407178029
2168,1.3585539723246187,0.9342401527028046,2.2745347029244303,2.434635994122159,0.6952255117951625,-3.568095825980694,86.43190417401931,86.43190417401931
2169,2.424252116806765,1.942148444352452,3.6154462587014655,1.8615705041572777,0.6754543848006654,-72.19858637428472,17.80141362571527,17.801413625715284
2170,1.857010129468512,1.5656365244145245,2.2561010709004075,1.441012032945568,1.0510136485273185,53.09403303259991,-36.90596696740009,36.90596696740009
2171,1.6044383463340146,1.183134262505321,2.2547710878005627,1.9057609598981773,1.0285195568037548,80.88190426959227,-9.118095730407731,9.118095730407731
2172,1.895836839826219,1.1370532876545871,4.775391880378257,4.199796027351113,0.3739213513202255,87.61693413445471,-2.3830658655452908,2.3830658655452908
2173,5.999211903785406,3.424148661569896,12.173228064108416,3.555110851561936,0.4027311630528575,-53.37897646722684,36.621023532773165,36.62102353277316
2174,1.2660243778180809,1.075775421225023,1.554703541364238,1.4451934025354871,1.2116588174546463,-80.9276177682081,9.072382231791892,9.072382231791906
2175,1.663882010113248,1.0522233471835138,3.255773381989989,3.0941847001444303,0.5692956365455184,-86.5116073390633,3.488392660936711,3.4883926609366966
2176,4.803213632193296,3.3033851584288074,7.175852057731554,2.172272294504287,0.6942402507489249,-89.78983420499891,0.2101657950011031,0.2101657950010889
2177,6.979680852314242,2.7293001073898404,20.08926662735368,7.360592766240719,0.321158871532175,-66.65990242572134,23.340097574278673,23.34009757427866
2178,2.043780842560348,1.7972800757710794,2.514025228001953,1.398794357036074,0.8176286968266262,-63.73853503569475,26.261464964305247,26.261464964305247
2179,1.663882010113248,1.4430061315059222,2.2107820794816058,1.5320670031903691,0.8027052778097556,-56.41087141896799,33.589128581032014,33.58912858103201
2180,1.6195038256468852,1.5142862050770451,1.8306348799229144,1.2089094345475953,1.0814044775525125,-74.17991429501926,15.820085704980727,15.820085704980741
2181,1.4111624987975715,0.9864319780913124,2.1737804542064243,2.2036800331762976,0.9025106896631072,35.80005795462221,-54.19994204537779,54.19994204537779
2182,1.95883855734249,1.5648668296304378,2.741201854665148,1.7517157388482163,0.7927293140593207,51.74928651417941,-38.25071348582059,38.25071348582059
2183,1.3223193364400538,1.0997337594648875,1.867324783622104,1.6979789585896798,0.8887828661497371,11.851322975483129,-78.14867702451687,78.14867702451687
2184,1.8039417076383557,1.4063239076713,2.4866647205079766,1.7682019817366177,0.904067779198546,-85.84745622558955,4.1525437744104465,4.1525437744104465
2185,1.3938469657443524,1.1103215609256307,2.0393953662125166,1.8367610230970877,0.7864063313992625,-80.12586069637457,9.87413930362544,9.874139303625427
2186,2.6991730427448086,1.9426603726102265,5.466819772019695,2.814089302019521,0.3801853928362881,15.028535641731558,-74.97146435826843,74.97146435826843
2187,1.376313601551939,1.11275946405159,1.867371218270801,1.6781445394062495,0.9172477930673314,-46.33981313735372,43.66018686264627,43.66018686264628
2188,1.3223193364400538,0.9707698494718938,2.7937495225288616,2.877870098714626,0.4050414542628395,4.983262748957952,-85.01673725104204,85.01673725104204
2189,1.2660243778180809,1.2903363690298577,1.3793847455111574,1.0690117543135291,1.1255053688341874,44.18942704317352,-45.81057295682648,45.81057295682648
2190,5.126060538751648,3.312168498458973,8.224312006758671,2.4830596663741997,0.7104799265543033,79.66600616354846,-10.33399383645154,10.33399383645154
2191,2.5031101051741675,1.8501441278422712,3.752714024994917,2.028336046106589,0.7077081317114384,56.62448199475716,-33.37551800524284,33.37551800524284
2192,2.090770448616529,1.415240393115058,3.436166560546425,2.4279737755245563,0.6662171034315275,83.478580905615,-6.521419094384996,6.521419094384996
2193,2.989468694267895,2.427534468864416,3.897397687599872,1.605496332838087,0.8621233511152309,-18.430104637654445,71.56989536234556,71.56989536234556
2194,1.5738748168108194,1.328258144168616,2.045200431788114,1.539761258582944,0.9601287809954936,-75.4516400787521,14.54835992124788,14.548359921247894
2195,1.2466946262544771,1.034800977897691,1.6401345491513433,1.5849758399759657,1.1018214514749185,-7.378759151536293,82.62124084846371,82.62124084846371
2196,1.4783979621211876,1.0476589723528251,2.264674399465882,2.161652273525508,0.8592354704085474,-5.897774750643007,84.10222524935699,84.10222524935699
2197,2.236679259992467,1.8703285836052512,3.031613516499375,1.6208988854009958,0.6995639595225491,-51.93455866222538,38.065441337774615,38.06544133777462
2198,3.335053763946224,2.4634710145867844,5.311532185348344,2.1561171833959185,0.6110376552505726,63.729628596672605,-26.270371403327395,26.270371403327395
2199,18.46649976582282,16.907525546283626,21.52701804558423,1.2732210864715208,0.4984439487152784,-78.75442927990152,11.245570720098499,11.245570720098485
2200,2.5511588286726434,1.920006763151273,4.359383170265797,2.270504070053805,0.5766550881866473,40.18658787527264,-49.81341212472736,49.81341212472736
2201,1.857010129468512,1.5763909067477906,2.29000299615873,1.452687265802093,0.9621994275383908,34.76141051607296,-55.23858948392704,55.23858948392704
2202,1.4783979621211876,1.1071796818298223,2.067097788193617,1.8669939686549784,0.9391696586103182,48.10625597261793,-41.89374402738207,41.89374402738207
2203,1.4451712930335778,1.140656227214855,1.9976066812701083,1.7512784602488627,1.011324489792186,-73.35392026283682,16.646079737163177,16.646079737163177
2204,1.2850634067342854,1.0936720264518935,1.7827135766783395,1.6300257605215016,0.7984770053840795,-86.38826869571298,3.6117313042870194,3.6117313042870194
2205,1.3038244488524504,1.3063474777040536,1.4922113127478012,1.1422774860563203,1.0548943593289974,-88.24264434553109,1.7573556544689097,1.7573556544689097
2206,1.4783979621211876,1.3071862257655331,1.7518664106555208,1.3401812045789936,1.0651719711804026,41.52567281602216,-48.47432718397784,48.47432718397784
2207,1.7212740281460053,1.324981481248921,2.390191540557545,1.8039433564796412,0.8280374460352142,64.777207059599,-25.222792940401007,25.222792940401007
2208,1.186817925731738,1.0225477009053874,1.626993491920153,1.5911174515179831,0.9430380159399452,-72.87411357072679,17.12588642927321,17.12588642927321
2209,2.0674091517192297,1.455405441352493,3.070955014477013,2.1100340339687107,0.7998410378759482,61.97246344974232,-28.02753655025768,28.02753655025768
2210,1.3223193364400538,1.258330800636903,1.50114473817141,1.1929651069588434,1.065947365490444,57.1836491329076,-32.8163508670924,32.8163508670924
2211,18.50459808777193,14.501248863362848,30.630375263362225,2.1122577477274618,0.2417887604772529,70.51852221920191,-19.481477780798087,19.481477780798087
2212,1.3223193364400538,1.2211468842416286,1.5899339527554937,1.3020005809889883,1.0473597731636863,-13.538615302794431,76.46138469720557,76.46138469720557
2213,1.5738748168108194,1.425541965764751,2.1825389852799364,1.5310240159145958,0.7614207406091169,-24.70202231589806,65.29797768410194,65.29797768410194
2214,1.7353254778478429,1.421791061115807,2.267210561701637,1.5946158501814982,0.8731180214772781,-19.482973260003124,70.51702673999688,70.51702673999688
2215,23.601949387041174,20.64868657300233,28.30107270171532,1.3705991711220171,0.6189380422197355,71.31683838669764,-18.68316161330236,18.68316161330236
2216,2.4933892525089543,1.7316559494274353,3.973584350146868,2.294673114171852,0.6726150661968483,-18.3366935815834,71.6633064184166,71.6633064184166
2217,1.69282125807016,1.2325173296872909,2.538726588029373,2.0597897708046733,0.8514954391315287,63.2636386459441,-26.7363613540559,26.7363613540559
2218,1.4947343471339476,1.4675550813946583,1.6877248130212847,1.1500248504590322,0.9817640030632676,33.111752130032336,-56.888247869967664,56.888247869967664
2219,1.2660243778180809,1.2107634881149565,1.5125468441294163,1.2492504597114238,0.9577741811409518,55.55241929246479,-34.44758070753521,34.44758070753521
2220,3.327764020226496,2.404672791246384,4.930130599234763,2.050229294056839,0.7459051579085375,58.69014594784929,-31.309854052150712,31.309854052150712
2221,1.526882849696625,1.2437555000234188,2.1550575250708284,1.7327019056641362,0.8182376177207458,-45.11025903811313,44.88974096188687,44.88974096188687
2222,2.787693931488705,1.9318836930497625,4.197421143861408,2.172709029514692,0.7774627841918279,-61.959040400665714,28.040959599334286,28.040959599334286
2223,1.6784140066373283,1.5885244572807964,1.967964255459248,1.2388630508264058,0.8994664473062464,-76.36434633247218,13.635653667527833,13.63565366752782
2224,3.560453777195214,3.152062705600378,4.1423655116938125,1.3141761121483813,0.9273419129707948,27.30476079496826,-62.69523920503174,62.69523920503174
2225,2.5031101051741675,2.0190538248411585,3.249428195254628,1.6093816595059145,0.8661365951380454,-21.447104782212453,68.55289521778755,68.55289521778755
2226,1.7768132193231367,1.4786213215856567,2.2461472055986578,1.519082115757613,0.9827293705687812,41.2457258817127,-48.7542741182873,48.7542741182873
2227,1.2071068813224677,1.1118535188086118,1.42710282198532,1.2835349241998246,1.2427518406874831,-33.10747890688544,56.89252109311457,56.89252109311456
2228,2.192818546001692,1.7984961809280935,2.7879218300208897,1.5501405338443444,0.9180996619839592,-49.84051797137031,40.1594820286297,40.15948202862969
2229,1.526882849696625,1.5257715655102098,1.7610627459258157,1.15421127627118,0.9236327652343608,28.93073631636268,-61.06926368363732,61.06926368363732
2230,1.2850634067342854,1.1960539683593314,1.4806476072108337,1.2379438105471856,1.1706852921921007,-28.28162851515769,61.71837148484231,61.71837148484231
2231,1.4451712930335778,1.1304057988848502,1.938271244150221,1.7146685252874083,1.0616017567899636,-27.795246536832444,62.20475346316755,62.204753463167556
2232,1.7212740281460053,1.226498761847029,2.685253050992848,2.189364665113096,0.667691715164245,83.91316601963342,-6.086833980366578,6.086833980366578
2233,1.4451712930335778,1.3955637206887133,1.5795310778116995,1.1318229718899528,1.0789391872461418,61.06862449052092,-28.931375509479082,28.931375509479082
2234,2.363382516914025,1.667989665884975,3.429543558121649,2.05609400841345,0.8919784363227975,-37.06281671314162,52.937183286858385,52.93718328685838
2235,4.548727264377582,3.8262023595926897,5.821871391145956,1.5215795830949497,0.8059032939169073,50.2473839321334,-39.7526160678666,39.7526160678666
2236,1.526882849696625,0.9969098558675168,2.6075935785776925,2.615676395644167,0.6919445433180196,42.55391444064271,-47.44608555935729,47.44608555935729
2237,1.6195038256468852,1.4869899779082636,1.9169488114600597,1.289147095770353,0.9329834442578778,-70.27976949307433,19.720230506925674,19.720230506925674
2238,1.5738748168108194,1.209389814104338,2.324324000364521,1.92189811197136,0.7182099854087288,-43.1867141080602,46.81328589193981,46.8132858919398
2239,2.332352078688221,2.0009659274153813,2.946256176616481,1.4724169643518707,0.8766189989692892,64.11018675615078,-25.88981324384922,25.88981324384922
2240,2.181715595945335,1.374364703599542,4.03133306321749,2.933233844451325,0.5423197815043845,81.29355687621634,-8.706443123783657,8.706443123783657
2241,2.873489132855324,2.228403188692401,3.872074601003946,1.7376005476262268,0.8678962420220161,65.36725230301704,-24.63274769698296,24.63274769698296
2242,2.717107944649237,2.5425894048210917,2.9521052093863966,1.16106249943023,1.048882274646821,-81.38572794888312,8.61427205111687,8.614272051116885
2243,41.52166939729108,35.69098196900176,49.89072109055263,1.3978522959632658,0.7697516750584701,-39.05022908594943,50.94977091405056,50.94977091405057
2244,3.4425480562920105,2.477629539781245,4.9460832754815245,1.99629653911788,0.7957052828627019,-75.49161760581033,14.508382394189653,14.508382394189667
2245,3.5672680490315747,2.7756720935364885,5.133531073671606,1.849473172867104,0.72918418157032,-13.392582697616646,76.60741730238335,76.60741730238335
2246,8.995443847139997,5.249053427720199,16.55715701387388,3.154312914102893,0.4646260219938482,-84.85089745223135,5.149102547768649,5.149102547768649
2247,1.4947343471339476,1.387193000351604,1.7056047839863753,1.2295367577215754,1.0217893792364354,69.85225647014484,-20.147743529855163,20.147743529855163
2248,3.0537656993932494,2.6686274838580117,3.7936739803479993,1.4215824438949112,0.8093303136889538,-60.28721869384875,29.712781306151243,29.71278130615125
2249,2.34274122622605,2.08478348384483,2.765347892145772,1.3264436875937935,0.9581024951083984,51.49227109277662,-38.50772890722338,38.50772890722338
2250,4.457042264330483,2.8869118691298192,7.0719159027007645,2.4496473128680583,0.7375106417314395,-34.20200305131565,55.79799694868436,55.79799694868435
2251,1.5583682828180965,1.3985513974958357,1.8405103824018796,1.3160119718856165,0.9901227799997188,-42.12234050257227,47.877659497427715,47.87765949742773
2252,2.424252116806765,2.234325114576068,4.105907436983856,1.8376499508501003,0.4934609377000307,-6.532295555538555,83.46770444446145,83.46770444446145
2253,2.0078170808425457,1.6206864361076994,2.683540241559273,1.655804714454304,0.8363616891006377,-76.11499315505303,13.885006844946986,13.885006844946972
2254,1.3038244488524504,1.1164599817168477,1.654863452270879,1.482241620273837,0.9720801909918264,-82.55031302968825,7.449686970311745,7.449686970311745
2255,1.542705892513396,1.2782815986545035,1.9467418962850145,1.5229366505268638,1.0824124009680711,9.68966135064398,-80.31033864935603,80.31033864935603
2256,1.3223193364400538,1.1026631209204651,2.4037921386192025,2.1799877886662244,0.5365483647935458,-76.73202185676779,13.267978143232199,13.267978143232213
2257,11.607490227757552,8.431103900579577,16.76441818646232,1.9884013272935568,0.6833957680779899,57.90746206489697,-32.09253793510303,32.09253793510303
2258,1.8306682257451572,1.6564077128421062,2.2501124663050374,1.3584291167325209,0.913134203629863,-89.61045071760383,0.3895492823961604,0.3895492823961746
2259,1.6492219709549814,1.54555762183598,1.8670873515331,1.2080347734400043,0.981316679240381,81.23568564062872,-8.764314359371284,8.764314359371284
2260,1.7212740281460053,1.4040070169085102,2.2888526089362817,1.6302287533976272,0.8320799781117572,-58.42915951955162,31.570840480448396,31.570840480448382
2261,1.2270604129519955,1.024103099646063,1.6091281678949736,1.5712560272994969,0.9519688308917622,6.674363556643681,-83.32563644335632,83.32563644335632
2262,1.7353254778478429,1.4968475760503082,2.294960925660063,1.53319613992743,0.8416118303964473,-86.72217896861015,3.2778210313898626,3.2778210313898484
2263,8.815462242933691,6.427425910247636,12.170177548084858,1.8934761315072035,0.8403742772095391,84.90410388132214,-5.095896118677857,5.095896118677857
2264,1.9212854528773184,1.3554252628064951,2.864981915516314,2.1137144143117004,0.8096011662953936,-85.01417686334557,4.985823136654432,4.985823136654432
2265,2.102353753036351,1.5168407132224222,3.2089432540989398,2.1155439896399955,0.7501405596540622,86.52022251472384,-3.479777485276159,3.479777485276159
2266,4.516580379125865,4.681357114077825,5.0990936495764245,1.0892340672413945,0.6505627391034993,-71.42388422267909,18.576115777320922,18.576115777320908
2267,4.4077311214668455,3.385565707814289,5.854899879041981,1.7293712142488251,0.8192864651185763,27.491669764159383,-62.50833023584062,62.50833023584062
2268,1.6195038256468852,1.3975354599299434,2.174565981228976,1.5560005764275808,0.6988001304418459,73.83449120724882,-16.165508792751183,16.165508792751183
2269,11.531925292853913,7.893552364597775,19.13098213573176,2.423621362358138,0.5396689392112202,23.23507103437494,-66.76492896562506,66.76492896562506
2270,24.46191497176252,17.026984271046228,36.37147628974319,2.136107939653857,0.6187731502665896,31.8618920135618,-58.1381079864382,58.1381079864382
2271,1.6492219709549814,1.215419248013939,2.7225178730595534,2.2399825224985497,0.6644812314663844,-66.34179109878802,23.658208901211992,23.658208901211978
2272,1.5892300566907107,1.4089103639578398,1.9719602551498547,1.3996349985036125,0.8984285018779565,-52.20596865388912,37.79403134611087,37.79403134611088
2273,1.946401361393312,1.397956577668056,3.012804214806215,2.1551486383303127,0.7269409289993043,28.259266074049112,-61.74073392595089,61.74073392595089
2274,2.090770448616529,1.507487517035024,2.9911576503912967,1.9842006096835905,0.9276379930890108,68.34651737072942,-21.653482629270584,21.653482629270584
2275,1.69282125807016,1.7051504593218705,1.883356956649292,1.1045107171353623,0.9144604227990564,82.53226754023471,-7.467732459765287,7.467732459765287
2276,1.340559085464394,1.124103013898626,1.837349159911172,1.6345024763690104,0.9208850939487124,-73.11136217668478,16.888637823315207,16.88863782331522
2277,1.69282125807016,1.3632765667670743,2.156072799386149,1.5815373431519777,1.0876305534491657,-78.78035961009304,11.219640389906942,11.219640389906957
2278,1.95883855734249,1.384923785427033,2.877615830602565,2.077815299933829,0.8350791345771719,-68.39063727159723,21.609362728402772,21.609362728402772
2279,3.960831429587923,2.270630809138632,8.691900267491288,3.8279672029943854,0.369853470395949,3.624524659573983,-86.37547534042602,86.37547534042602
2280,22.15076759068785,18.24574252437908,41.31019800780676,2.2641006773284267,0.2827467488683867,-13.57136124113464,76.42863875886536,76.42863875886536
2281,1.6492219709549814,1.409183729293645,2.0959139119170547,1.487324802541989,0.893190324630873,-77.82307335721863,12.176926642781382,12.176926642781368
2282,8.984638505285417,7.120930770682644,11.560991465333512,1.6235225194058758,0.8274687953831306,78.45407673058143,-11.545923269418566,11.545923269418566
2283,2.9154400983602766,2.256879606538429,3.8803925605467264,1.7193617901924416,0.9127839979333524,-61.93984893219602,28.060151067803986,28.06015106780398
2284,5.805836930531266,3.661733663091593,9.751130130737035,2.6629818080499548,0.6573780307632117,-59.67794816631065,30.322051833689358,30.32205183368935
2285,4.701005904541085,3.7773816515227807,6.067817416015531,1.606355400590619,0.8281581672638921,10.778268188370168,-79.22173181162984,79.22173181162984
2286,2.1480624384075764,1.5577831559485344,5.347252926113639,3.432604150131342,0.3483955080010329,39.03053315701192,-50.96946684298808,50.96946684298808
2287,8.000972974644435,6.376233750266197,10.268599125103668,1.6104489777644948,0.7912400725552956,57.067347463129856,-32.932652536870144,32.932652536870144
2288,2.813707191225227,1.9379428563191996,4.331701852580927,2.2352061818831315,0.7341212352115701,-35.677831525928006,54.32216847407199,54.322168474071994
2289,2.5031101051741675,1.6119176510409523,4.528534330043674,2.809407991232811,0.5387053658356045,12.49865011712104,-77.50134988287896,77.50134988287896
2290,3.991370289023665,2.211223053973692,7.509671637653898,3.3961619675403605,0.6241629783455828,72.4752133670007,-17.524786632999295,17.524786632999295
2291,1.9711972828282505,1.7996241336975023,2.778281546012601,1.543812118314035,0.661699411621671,1.4397597667669664,-88.56024023323303,88.56024023323303
2292,1.749264059016166,1.538004938158979,2.4727496373590787,1.6077644330056613,0.6596208177793697,52.38350431474558,-37.61649568525442,37.61649568525442
2293,1.5892300566907107,1.2581357479119413,2.326836298501579,1.8494318298826669,0.6768660722318854,39.88924244158824,-50.11075755841176,50.11075755841176
2294,1.4947343471339476,1.2610356395427955,2.6676643346127227,2.1154551473104424,0.5472018081293804,-27.683820864121788,62.316179135878215,62.316179135878215
2295,10.120999145954148,9.294341443521756,11.106555566573284,1.1949803688689165,0.95622987795647,-57.45666526316282,32.54333473683718,32.54333473683718
2296,1.3585539723246187,1.1098611657019353,1.728494458906676,1.55739700813253,1.095928200513962,56.17731412577322,-33.82268587422678,33.82268587422678
2297,1.8829835605082688,1.410025776785374,2.9332097617817774,2.0802525812464308,0.7471017281717239,38.34276383065192,-51.65723616934808,51.65723616934808
2298,1.1451621372724683,0.7127742056650034,2.0441212030869766,2.867838351669663,0.7943625279764431,-86.1327212925567,3.8672787074432904,3.8672787074433046
2299,1.843886218520761,1.6839078082633414,2.262143636493999,1.34338924339748,0.8050211755682602,26.80464339348272,-63.19535660651728,63.19535660651728
2300,1.7212740281460053,1.6348427744790557,1.8713686465981616,1.1446780545575554,1.09859715241454,54.67978605474997,-35.32021394525003,35.32021394525003
2301,2.247510699902965,2.021504607508112,2.670292046956156,1.3209428447693707,0.916501600082417,48.44762527958296,-41.55237472041704,41.55237472041704
2302,1.3223193364400538,1.11713469787718,1.723869070716132,1.5431165767135249,0.968013334430206,83.5590111050574,-6.440988894942606,6.440988894942606
2303,3.0696295240609217,2.3595504950468795,4.430189446480806,1.877556532814436,0.6873686502005526,-25.19957191335214,64.80042808664786,64.80042808664786
2304,1.6784140066373283,1.1622556001624904,2.766153566192411,2.37998729866794,0.6626802762843155,53.194909829477794,-36.805090170522206,36.805090170522206
2305,1.4282681233264556,1.3120810987678395,1.6233696972089473,1.237247986220848,1.1267413574091054,-61.8329993634641,28.167000636535903,28.167000636535903
