,Particle_Diameters,Minor_Axis_Size,Major_Axis_Size,Aspect_ratio,Circularity,Orientation,Normal_Angle_X,Normal_Angle_X_Abs_Ori
0,1.4451712930335778,1.0556398542807726,3.226156708539062,3.0561149197394637,0.4384205283132648,9.935742028389823,-80.06425797161017,80.06425797161017
1,12.22698575092157,7.616082059338411,22.908034751062047,3.0078503057846526,0.5217045994135778,14.31037253372091,-75.68962746627909,75.68962746627909
2,3.186091481181058,2.880513970090907,3.6756861650226416,1.276052191792231,0.9258781302138734,-41.896958463352384,48.10304153664762,48.103041536647616
3,1.870041939381716,1.6352399322029274,2.2819604061030723,1.395489653331123,0.9543836324771284,-48.79767361532636,41.202326384673654,41.20232638467364
4,2.332352078688221,1.725464826029924,3.290203488913632,1.906850513136204,0.8609064370878261,87.5074826760136,-2.492517323986405,2.492517323986405
5,4.418736709438923,2.593124103104965,8.35438773584899,3.221746204065428,0.5043910374461256,89.47320945852854,-0.5267905414714562,0.5267905414714562
6,2.6991730427448086,1.580985185281879,4.895916195415353,3.0967502042357493,0.6772630840242465,57.94262531092642,-32.05737468907358,32.05737468907358
7,1.542705892513396,1.367985559811172,1.8360063728554377,1.3421240887285888,1.0069964973417402,14.790517472842623,-75.20948252715738,75.20948252715738
8,2.2038655607334228,1.3096121601353636,4.971075580024635,3.795837982682458,0.3601925632732948,-40.062237142773085,49.937762857226915,49.937762857226915
9,22.72013309802885,15.134812596471445,48.42154831527105,3.199349050847193,0.2842295970673449,-67.33944562663362,22.66055437336638,22.66055437336638
10,3.407093475293943,1.98563901503148,6.229552348981561,3.1373035591178686,0.5803998200150353,39.9170086836516,-50.0829913163484,50.0829913163484
11,3.364054777319084,2.7006537686720207,5.282710959025554,1.95608597455393,0.4632438653128504,45.23055914983772,-44.76944085016228,44.76944085016228
12,1.5738748168108194,1.4600875332110268,1.9567496516476588,1.3401591391883003,0.8651661786565615,57.237058331444096,-32.762941668555904,32.762941668555904
13,1.376313601551939,1.072688076119254,3.637571683390049,3.3910805614153663,0.3997066776784476,51.67932229545163,-38.32067770454837,38.32067770454837
14,4.374548232053245,4.144926335687485,5.41458087929436,1.3063153457457737,0.6299122046788292,48.827410456588574,-41.172589543411426,41.172589543411426
15,1.5108941070107518,0.91060394058293,2.86903264119502,3.150692099309813,0.7057337369797809,-22.04175754903196,67.95824245096804,67.95824245096804
16,1.95883855734249,1.625304006326159,2.4409202004769908,1.501823776337359,1.064245958676029,37.33109745433227,-52.66890254566773,52.66890254566773
17,1.542705892513396,1.2231671944166524,2.022087351079682,1.6531569521401754,1.0616583325390814,46.07323133892844,-43.92676866107156,43.92676866107156
18,2.717107944649237,1.8365751508610524,4.599986048256302,2.504654408560229,0.6882487503545742,-40.48715373848765,49.51284626151235,49.51284626151235
19,3.4284102221998127,3.2450599387006487,7.9782345596077535,2.458578488631033,0.3038326579492245,52.02205851997569,-37.97794148002431,37.97794148002431
20,2.4933892525089543,1.6028442603535051,4.154852108006536,2.592174555430725,0.7509882345175873,26.74099360548634,-63.25900639451366,63.25900639451366
21,1.857010129468512,1.4785028576720467,2.423720134572572,1.6393070341364118,1.0059807250050168,73.94587239485179,-16.05412760514821,16.05412760514821
22,1.3938469657443524,1.0825701475349856,2.026497667223537,1.8719319684159736,0.8940671007244744,29.98114341607154,-60.01885658392846,60.01885658392846
23,1.6344304437273447,1.4064735146886478,2.0384413982690357,1.4493279659946434,0.9703770029583272,-33.21662893118258,56.78337106881742,56.78337106881742
24,1.5583682828180965,1.3172607870295867,2.013709473054855,1.5287097990639764,0.9709118411268642,89.39697561039003,-0.6030243896099705,0.6030243896099705
25,1.8173540983129992,1.6670047087064803,2.138084504522793,1.282590560995985,0.9136052935750454,-15.909891299118804,74.09010870088119,74.09010870088119
26,5.674686353172903,5.302366525742221,6.835432618107356,1.289128653200853,0.6232646383292464,-67.32561753760056,22.67438246239942,22.674382462399436
27,1.9212854528773184,1.3894024880999891,3.0260677057951626,2.177963355984281,0.698527647510117,-69.51497247794691,20.485027522053088,20.485027522053088
28,8.210693328083895,4.751367814837417,15.97241279693382,3.361645197632498,0.3609582898634336,-8.395269854456735,81.60473014554327,81.60473014554327
29,8.875861631793425,6.509572308070701,14.2514304997275,2.1893036631697425,0.5878213889302083,-73.24060050278688,16.75939949721311,16.759399497213124
30,1.8829835605082688,1.6641734201612957,2.2959288372337445,1.3796211436974024,0.9558063187939608,71.69935029173332,-18.300649708266675,18.300649708266675
31,28.324602853854653,22.58382248297149,41.1145757570581,1.8205321879437832,0.5388174085799861,-16.3941890316564,73.6058109683436,73.6058109683436
32,1.6344304437273447,1.317713837220337,2.1281443381177545,1.6150276926642793,0.989863777332391,-50.962664485454525,39.037335514545475,39.037335514545475
33,1.5738748168108194,1.3953874460452698,1.8579132941571883,1.3314676862134485,1.1157135008779622,69.00440131743,-20.995598682570005,20.995598682570005
34,2.125330979189304,1.4038765370078587,3.472941705833995,2.473822743156618,0.6447383438285466,-14.297554672287925,75.70244532771207,75.70244532771207
35,1.376313601551939,1.2692182054876238,1.5822898574353457,1.246664955319832,1.0822590441976825,-56.09200667263504,33.90799332736498,33.90799332736496
36,1.4451712930335778,0.8748046860215402,2.7406192223610333,3.132835553070587,0.6802087923253023,33.0181861589253,-56.9818138410747,56.9818138410747
37,1.9956851445118324,1.328919105677985,3.479825362487486,2.618538139469488,0.6239019138526757,14.907990688538712,-75.09200931146128,75.09200931146128
38,4.612348917294352,3.786888771073552,6.072709579329278,1.603614456731908,0.7314506980934095,77.47090777574273,-12.529092224257269,12.529092224257269
39,17.798175939862436,13.804902883642942,23.569050660669795,1.7072956513584845,0.7722877531840687,55.66706877082822,-34.33293122917178,34.33293122917178
40,2.92375806133559,2.903106116463626,3.293485450417016,1.1344695365214292,0.7665339095148425,39.139461521086105,-50.860538478913895,50.860538478913895
41,1.7212740281460053,0.9993342006235448,3.70086208918532,3.703327762500402,0.4579489285644544,-27.926692851748133,62.07330714825187,62.07330714825187
42,1.749264059016166,1.33875088484611,2.450869149936362,1.8307133744438877,0.8058265573343516,31.255587436462147,-58.74441256353785,58.74441256353785
43,1.6784140066373283,1.297317424951666,2.769499487649453,2.1347894003294035,0.5378765696471679,-35.28229411905494,54.71770588094506,54.71770588094506
44,1.9086035621207809,1.3908406628558465,2.8641803068954688,2.0593159111514465,0.7133621928683818,-63.33617638218462,26.663823617815382,26.663823617815382
45,2.6169453581990307,1.847417474568322,4.169050777350057,2.25669121069899,0.6939260493289916,-73.31601409286654,16.68398590713346,16.68398590713346
46,1.69282125807016,1.3617006661342137,2.233582729398494,1.6402890774368946,0.931656253401046,48.089048874969606,-41.910951125030394,41.910951125030394
47,2.192818546001692,1.6985040835063292,3.000186935026864,1.7663701631104642,0.782269755527232,26.51114699497774,-63.488853005022264,63.488853005022264
48,2.192818546001692,1.581996800469288,3.213162753750441,2.031080437581972,0.760340294567181,59.8705168776534,-30.1294831223466,30.1294831223466
49,5.293866741283737,4.151796308313914,6.830005023321551,1.6450722810376226,0.9197240968809473,39.34204725563968,-50.65795274436032,50.65795274436032
50,3.305798341100134,2.3588875272146246,4.892828105469945,2.0742100032414004,0.7416325664212863,-89.62504234119264,0.3749576588073751,0.37495765880736087
51,2.2690184693770243,1.7998273670592306,2.989490228843302,1.660987205527318,0.9481856763846336,-49.295418427219104,40.70458157278091,40.704581572780896
52,6.368370707780771,4.759424856999772,9.85378492259976,2.070373042681328,0.547850188825058,-64.89439835654301,25.105601643456993,25.105601643456993
53,11.769550018888609,8.63879342860751,17.584630257255295,2.0355423940365904,0.5342729796070649,-40.19825946462097,49.801740535379025,49.80174053537903
54,11.52771271726391,10.264970854994626,13.675092004301606,1.3322095305947914,0.7723873409149569,7.985640695462135,-82.01435930453786,82.01435930453786
55,4.256371379297739,3.8497715981804568,5.1469757646676095,1.3369561371122014,0.7606210103284887,-33.75812047401786,56.24187952598214,56.24187952598214
56,3.746571453246819,2.968053307412527,5.118807555798091,1.7246346428530075,0.7437922253126472,38.30660708804007,-51.69339291195993,51.69339291195993
57,1.9086035621207809,1.4336145256753985,2.7248755704456293,1.9007030981092337,0.8129950752686914,14.716339729263492,-75.2836602707365,75.2836602707365
58,2.9320524271101838,1.980505723049064,6.522306394829647,3.29325299034648,0.4104519248741389,-50.22561308195448,39.774386918045536,39.77438691804552
59,1.843886218520761,1.5475851016927715,3.0238341291801927,1.953904910219592,0.6339845406743391,34.336033868464874,-55.663966131535126,55.663966131535126
60,3.648046620153854,2.4449431446727297,5.735556719205313,2.345885519547757,0.6748373737086619,-83.8175312406094,6.182468759390588,6.182468759390602
61,1.749264059016166,1.54798464124997,2.3953474115842868,1.5473974015983043,0.781701385872033,81.16694280094464,-8.83305719905536,8.83305719905536
62,1.8829835605082688,1.4791466199049708,2.5413213642381143,1.7180997002186194,0.8964609911271416,35.97398814297518,-54.02601185702482,54.02601185702482
63,3.3423276084952747,2.8635693182258386,4.129632979894862,1.442127820552788,0.7754470284745284,32.96706407650102,-57.03293592349898,57.03293592349898
64,1.4947343471339476,1.199817119229009,2.237850383056569,1.8651595707307376,0.8115880388378736,24.610939747193544,-65.38906025280646,65.38906025280646
65,4.898336007701698,3.975876977658078,6.36409989439186,1.6006782730336198,0.738353688272662,53.99405056593168,-36.00594943406832,36.00594943406832
66,2.2582901895629326,1.5346163855565114,4.141528588880194,2.698738673625145,0.5497067831842338,65.05895414380355,-24.941045856196453,24.941045856196453
67,1.4947343471339476,1.146662955082817,2.337238039691435,2.038295585752685,0.8284503116568663,47.6174154405762,-42.3825845594238,42.3825845594238
68,3.1631421441599654,2.4311008889267467,4.272226460948622,1.7573217468710949,0.8373593600744625,32.947094327432964,-57.052905672567036,57.052905672567036
69,4.210479241811078,3.515233355238243,5.230572742252897,1.4879731197527846,0.8353232908248647,0.4442701849983638,-89.55572981500164,89.55572981500164
70,2.5416217529397453,2.280460184189141,3.219344543037624,1.411708288247234,0.8065977351492354,22.37790358961072,-67.62209641038928,67.62209641038928
71,1.6195038256468852,1.6329531447345955,1.8911875227301047,1.1581394903020807,0.8497477924265019,1.6085550815110807,-88.39144491848892,88.39144491848892
72,2.8987325676804407,2.7501376197166647,3.225035145512783,1.1726813677946215,0.931960858589206,-17.139804321785228,72.86019567821478,72.86019567821478
73,1.6492219709549814,1.3095723967063508,2.3044772862240013,1.7597173642479735,0.8136495270128266,-61.96674677936137,28.033253220638642,28.033253220638628
74,2.5606603842001854,2.4792869683663104,3.2717039775973573,1.3196148809482908,0.6912723106303276,42.54646237232282,-47.45353762767718,47.45353762767718
75,1.4947343471339476,1.3620136056045686,1.8412527823310507,1.3518607852039466,0.959414407439014,-5.942111175910656,84.05788882408935,84.05788882408935
76,1.69282125807016,1.3528308397161042,2.3488062141295143,1.7362157523126975,0.8149699667759125,50.91415563020892,-39.08584436979108,39.08584436979108
77,2.1480624384075764,1.191696584775329,4.320880283985433,3.625822494741856,0.5913191839555668,21.17449942840764,-68.82550057159236,68.82550057159236
78,1.8173540983129992,1.4067053035293648,2.7442580198395383,1.950840743227675,0.6626926514435457,9.5127586139502,-80.4872413860498,80.4872413860498
79,1.7353254778478429,1.5606526100543507,2.23766354830428,1.4337998949211073,0.7558858316991753,1.0722018251353196,-88.92779817486468,88.92779817486468
80,1.6195038256468852,1.2118768264238216,2.311169598573964,1.9070994247774276,0.9527337847227212,53.834585206506006,-36.165414793493994,36.165414793493994
81,1.7353254778478429,1.3497619818546402,2.565141413126045,1.9004398165085472,0.7871982445445499,-75.81608250774413,14.183917492255887,14.183917492255873
82,2.5320487556361617,1.9508431388276517,4.031271095810947,2.066425032118942,0.6260484704271652,59.32440054137555,-30.675599458624447,30.675599458624447
83,2.708155340592215,2.1993616490445835,3.5983624975966864,1.6360940453607695,0.8173671223687704,19.917941480246185,-70.08205851975382,70.08205851975382
84,1.461879030667795,1.019586456347462,2.244198299248488,2.201086808555736,0.858853127716923,19.14004087890966,-70.85995912109034,70.85995912109034
85,1.857010129468512,1.6932190301434873,2.1483424845088805,1.2687918374782412,0.9877877786970666,75.58330403786154,-14.416695962138462,14.416695962138462
86,3.519291078464021,2.096033546521456,6.195983659245672,2.956051762400668,0.6452700403781205,13.625769539997403,-76.3742304600026,76.3742304600026
87,2.3009031958488952,1.6206856176660205,3.5495851150260798,2.1901749952824923,0.6929117230840771,60.90752341225999,-29.09247658774001,29.09247658774001
88,2.332352078688221,1.801453983345357,3.200455204062776,1.7765955909234104,0.8570443048450473,58.36501711512977,-31.634982884870233,31.634982884870233
89,4.181540897233058,3.5600348974518643,5.120819491001195,1.4384183409737024,0.8770687902135016,12.436480711121003,-77.563519288879,77.563519288879
90,4.227747171723445,3.0300208712062937,6.156774008511741,2.0319246203939985,0.7564645544531007,-78.60235644944838,11.397643550551606,11.39764355055162
91,3.607883415276711,2.067738020685912,8.312118142202683,4.019908740395159,0.378875303726813,31.98279031176293,-58.017209688237074,58.017209688237074
92,2.598319175852673,2.1410186542465715,3.42734821673988,1.6008025945696256,0.7918766127845269,-88.45706953911561,1.5429304608844063,1.5429304608843921
93,5.083243505879491,2.839232327125149,11.25494604277116,3.96408069013757,0.4461132548003494,-14.303169759738404,75.69683024026159,75.69683024026159
94,2.734925236834042,1.920719848190887,4.381197615142017,2.2810185562817176,0.6655774518836638,61.58561594778062,-28.414384052219383,28.414384052219383
95,1.8829835605082688,1.2578032940037045,3.477246782139888,2.764539414642085,0.5987210238670542,15.255916060479471,-74.74408393952052,74.74408393952052
96,1.69282125807016,1.159142109344665,2.95357836288197,2.548072698827076,0.6049608566938348,49.803221544021504,-40.196778455978496,40.196778455978496
97,2.363382516914025,1.803027995133228,3.435055425270962,1.9051592291095525,0.7524604441089607,50.78957687243007,-39.21042312756993,39.21042312756993
98,1.376313601551939,1.0194220730951475,2.2205557048322286,2.178249582226746,0.7189422302460585,67.14489632288448,-22.855103677115522,22.855103677115522
99,2.279696262327928,2.274781324502536,2.6213175737945638,1.152338268984079,0.680718202512547,-37.85656556053619,52.14343443946382,52.14343443946381
100,4.903291331182034,4.336255960992892,6.10008380079895,1.406762851564276,0.6957532619467373,32.40895677197754,-57.59104322802246,57.59104322802246
101,1.5108941070107518,1.302988394758597,1.9048014395867645,1.4618713775571766,0.9750208641577072,48.320424824399225,-41.679575175600775,41.679575175600775
102,1.2466946262544771,1.2076761996553742,1.337823850473406,1.1077670081228488,1.329415655619686,48.3579295337556,-41.6420704662444,41.6420704662444
103,2.856536246652911,1.6841636128445814,5.1498687776511325,3.057819761913105,0.6169950149378929,10.166904738545243,-79.83309526145476,79.83309526145476
104,1.7353254778478429,1.4520691405372776,2.209826648812621,1.5218467131633735,0.957055498720556,6.868629564519416,-83.13137043548059,83.13137043548059
105,14.262262807909307,10.745531259657657,29.406672472197805,2.7366420292871285,0.1960049220216634,20.77060989419576,-69.22939010580424,69.22939010580424
106,6.291640548359608,4.4346712124726615,11.49459132508841,2.591982759118531,0.4655581088465252,34.8397930981242,-55.1602069018758,55.1602069018758
107,1.9711972828282505,1.539615232516737,2.826554901856904,1.8358839547439831,0.75101091717928,55.7761055191937,-34.2238944808063,34.2238944808063
108,2.890342586067156,2.607136982784762,3.3092564516279968,1.2693067044345632,0.934567545329832,56.22180550359988,-33.77819449640012,33.77819449640012
109,1.5583682828180965,1.1612258521418044,2.3340650931067044,2.010000973369371,0.7858577172733555,1.092184612518031,-88.90781538748197,88.90781538748197
110,1.4282681233264556,1.3899415865058913,1.5544446797757996,1.1183525227728777,1.1105705870782874,-51.12456170987805,38.87543829012196,38.87543829012195
111,1.4451712930335778,1.1857342227049468,1.871713045600138,1.578526629121244,1.0341031578341702,74.586168850066,-15.413831149933998,15.413831149933998
112,2.770216054293097,2.348341564751016,3.3750048529625944,1.4371865250021372,0.9093501712102472,50.54401743859446,-39.45598256140554,39.45598256140554
113,6.662821772001092,6.290639619956863,7.588521750117046,1.206319580928256,0.6660815186673259,86.3080726553968,-3.691927344603201,3.691927344603201
114,2.956795924242375,2.572593115855048,4.569402592207715,1.7761855009430794,0.582165292816472,74.04871220641823,-15.95128779358177,15.95128779358177
115,2.890342586067156,2.6575427837796126,3.574432445077026,1.34501407348686,0.78865733540159,15.06252680402608,-74.93747319597392,74.93747319597392
116,2.373635851463476,2.252740196062436,2.7104593769215164,1.203183297239126,0.8393391455904053,-22.339831053569515,67.66016894643049,67.66016894643049
117,1.526882849696625,1.2802065581825968,2.255289219984141,1.761660417663997,0.6974138802967085,-29.816003442518863,60.18399655748114,60.18399655748114
118,6.425317033671426,3.831667629308581,12.330165652569628,3.2179632591970373,0.5402366190196861,-56.01011679852081,33.98988320147919,33.98988320147919
119,2.588955833054293,2.0865116423674417,3.768312082371085,1.8060345343174808,0.642467214673053,56.73927789488326,-33.26072210511674,33.26072210511674
120,3.727074851943596,3.336268808061805,4.743918587911118,1.4219233703375007,0.6681809442516263,8.734407284947359,-81.26559271505263,81.26559271505263
121,2.394010781836305,2.183656415781321,2.726731902371174,1.2487000622740083,0.9358723465970734,57.53567183171865,-32.46432816828135,32.46432816828135
122,2.363382516914025,2.1286159138943708,2.7580773771003857,1.2957139703303238,0.8952672429151086,57.8922986434426,-32.1077013565574,32.1077013565574
123,17.078180692266375,11.313498548208058,34.51789722004956,3.051036518276377,0.3267604197965472,22.3001308031476,-67.6998691968524,67.6998691968524
124,3.654697576669488,2.535134149444457,5.57107046930409,2.197544642962945,0.6866504388158665,-19.79721575383767,70.20278424616234,70.20278424616234
125,1.7904288454052892,1.1406213866615005,3.176206657425888,2.7846283565858507,0.6796059425623329,52.98374141957931,-37.01625858042069,37.01625858042069
126,3.147749633621639,3.0303932094935213,4.248256854268783,1.4018830430849625,0.6034453868671074,-46.02046440951308,43.97953559048693,43.97953559048692
127,2.1138735858617226,1.833590170842944,2.753594431313095,1.5017502139244148,0.7737244770831472,-21.22476229912268,68.77523770087731,68.77523770087731
128,2.332352078688221,2.0751856724751594,2.6927864985431325,1.297612321759785,0.9741641597163624,-82.36646223578148,7.6335377642185165,7.6335377642185165
129,1.5738748168108194,1.1727221916601545,2.3324986108144747,1.988960921352134,0.7759553563155712,-35.10056182273754,54.899438177262454,54.89943817726246
130,2.181715595945335,2.1660234283508304,2.4195527315115126,1.117048273736224,0.8999053521433503,-79.2778496978541,10.722150302145906,10.722150302145906
131,1.9086035621207809,1.389136556233375,2.8941350943085404,2.0834057539713364,0.7811537482323911,-78.80683746348383,11.193162536516184,11.19316253651617
132,1.5892300566907107,1.3305790829443644,2.0182155423230084,1.5167948814113412,0.9986472889887784,39.73605807509873,-50.26394192490127,50.26394192490127
133,2.125330979189304,1.2677170403158784,4.3419482278542105,3.425013697672094,0.5299972663774937,9.032489250221762,-80.96751074977824,80.96751074977824
134,1.843886218520761,1.7862341659053875,2.0221156498856145,1.1320551854189094,1.0427138506058424,79.10962227588374,-10.890377724116263,10.890377724116263
135,11.39421940036273,9.199953948666929,14.585355564669822,1.5853726709994278,0.74238454845336,-64.1581211016543,25.841878898345698,25.841878898345698
136,3.147749633621639,1.8499084463506648,5.985923398374331,3.235794403870542,0.5811060088702145,32.88907582697085,-57.11092417302915,57.11092417302915
137,2.1138735858617226,1.5061021068875555,3.38339770505888,2.2464597118523795,0.6873466082573509,-88.52565084072667,1.4743491592733449,1.4743491592733307
138,1.95883855734249,1.7149090226533932,2.4284596871084787,1.416086599947468,0.8555003051012438,16.226293089437547,-73.77370691056245,73.77370691056245
139,6.217869919988941,4.558883962825975,9.09364803797565,1.9947092560650852,0.6613091257751926,-41.55102348375195,48.44897651624805,48.44897651624805
140,1.376313601551939,1.166316512194864,1.769822166059477,1.5174458627263108,0.9628481049955484,60.5886898503524,-29.411310149647598,29.411310149647598
141,3.667963310218569,3.428617535735502,4.028318707982254,1.1749104897225302,0.894939861328536,12.657681945683846,-77.34231805431615,77.34231805431615
142,1.870041939381716,1.6466566741185271,2.2109911660495705,1.3427153339254143,1.0396767414350594,-61.35513891435768,28.644861085642333,28.64486108564232
143,1.5892300566907107,1.4523932041053724,1.8634852199249263,1.283044574057184,0.9382842518986086,-49.271012410441216,40.728987589558784,40.728987589558784
144,1.2270604129519955,0.9963729057858356,1.605219160238814,1.6110626362052505,1.0348527482528933,-74.02166055751586,15.978339442484128,15.978339442484142
145,1.9086035621207809,1.6029908837612068,2.488389986136869,1.552341944888788,0.8209324366773504,1.4542568800967073,-88.54574311990329,88.54574311990329
146,1.5738748168108194,1.5113634497026631,1.7102990661659794,1.1316265895555788,1.0884774816571012,27.660383929738504,-62.3396160702615,62.3396160702615
147,2.9320524271101838,2.470857140584965,4.004866176973552,1.6208408455477992,0.6580108813954921,-65.50739323249857,24.492606767501428,24.492606767501428
148,2.4639966035353127,2.456883024458484,2.872373441867265,1.1691128202981331,0.8120629146867461,35.18124703139669,-54.81875296860331,54.81875296860331
149,2.363382516914025,1.6915479183526951,3.775164852470624,2.2317812055522777,0.6439679646895496,38.23164549567012,-51.76835450432988,51.76835450432988
150,2.34274122622605,2.045433149273268,2.8310136951276874,1.3840656176583097,0.8899455924650095,-18.42494007765668,71.57505992234331,71.57505992234331
151,2.332352078688221,1.8668182157851363,3.3584324274209445,1.799014172361969,0.6666160384652128,22.8867307328746,-67.1132692671254,67.1132692671254
152,1.5738748168108194,1.3868999041296948,2.017794308259864,1.454895412604464,0.8134411885031165,72.6080852705482,-17.3919147294518,17.3919147294518
153,1.6492219709549814,1.2439802181646646,2.433127101755089,1.9559210558387012,0.8136495270128266,-78.23963342998387,11.760366570016117,11.760366570016132
154,3.077530771427696,2.8158519372943536,7.6908428681799,2.731266785131374,0.2947442216382548,89.21209234113573,-0.7879076588642704,0.7879076588642704
155,1.6195038256468852,1.5802220277561796,1.9111416587442445,1.2094133768391715,0.8710071316850915,28.16648181864552,-61.83351818135448,61.83351818135448
156,1.3223193364400538,1.0799870161167566,1.759066577911864,1.6287849313567049,1.0780537837759694,81.03701926622946,-8.962980733770536,8.962980733770536
157,1.542705892513396,1.3619279415130738,1.840228069076814,1.3511934170557942,1.0317132547646712,-28.474112840309694,61.52588715969031,61.525887159690306
158,3.5808576908105785,3.1703807595529767,4.465102096216749,1.4083803917755064,0.7635868762445852,25.33196455161881,-64.66803544838119,64.66803544838119
159,1.5583682828180965,0.8993986213904752,3.2330288196995056,3.594656187821619,0.6539439733730598,-32.62904440982477,57.37095559017523,57.37095559017523
160,1.5583682828180965,1.4340753348929316,1.796395824948776,1.252650946041754,1.0351522283002188,43.12833867226918,-46.87166132773082,46.87166132773082
161,3.313136415259456,2.117918778181024,5.6667085839934375,2.6756024085400925,0.5968246330313884,-87.60950700599247,2.3904929940075306,2.3904929940075306
162,4.559392524655856,3.9610625560024175,5.759441217656731,1.4540142035699812,0.6776804613001666,21.21618033741009,-68.7838196625899,68.7838196625899
163,3.641383515742072,3.7010689153046,4.077382593133301,1.10167702532438,0.7678910903733001,-15.835287493388176,74.16471250661182,74.16471250661182
164,1.4451712930335778,1.4280370377236296,1.5264157179096505,1.0688908463766753,1.197082178512336,-25.58879665237836,64.41120334762164,64.41120334762164
165,3.093272719512472,2.815434360530518,3.90934580132141,1.3885409143705856,0.7671090226560918,30.79684135589381,-59.20315864410619,59.20315864410619
166,3.5123837291586733,2.62058874965982,5.370021583858206,2.0491660832151903,0.6474349662300539,7.599912066934395,-82.4000879330656,82.4000879330656
167,2.512793352570581,2.0545115976599795,3.3957149236965973,1.652808836691019,0.7692908680747351,18.000491667379926,-71.99950833262008,71.99950833262008
168,5.835043624738875,4.832339112907247,10.302075487627684,2.131902427979587,0.4654240693540475,75.0430815742565,-14.956918425743496,14.956918425743496
169,4.329908816797095,4.06073694123087,4.870742194514204,1.1994724763032325,0.8393467983270443,38.94248837537497,-51.05751162462503,51.05751162462503
170,3.0537656993932494,2.809561085066518,3.6800560800267874,1.309833090865031,0.7164337165199506,13.01141682160372,-76.98858317839628,76.98858317839628
171,1.7353254778478429,1.4741306277965136,2.3112334117562185,1.5678620118021571,0.8466687976137989,15.281973579714103,-74.7180264202859,74.7180264202859
172,1.6044383463340146,1.1569880573616085,2.519795129727292,2.17789208254528,0.8438370259090433,-61.97389430359205,28.026105696407967,28.026105696407953
173,2.940323395380274,2.695571247376566,3.404460388691224,1.2629828990810672,0.8970564184048788,-39.44279545047844,50.55720454952154,50.55720454952156
174,3.193704613854007,2.419255798183277,6.867549614881069,2.838703381444082,0.3843609877916015,32.624424171176635,-57.375575828823365,57.375575828823365
175,2.055628946700877,1.6872734728792929,2.605483186439391,1.5441973268228977,0.9788501811351956,-8.652538542640801,81.3474614573592,81.3474614573592
176,1.8173540983129992,1.3632899075306812,2.745294083343772,2.0137272844015306,0.8337558526526365,-78.50292919331336,11.497070806686622,11.497070806686637
177,1.933884181003576,1.1917386070812443,3.785568905292615,3.176509414731532,0.5620459862793454,40.45713520597462,-49.54286479402538,49.54286479402538
178,1.4783979621211876,1.196998085265632,2.133213549913368,1.7821361422144424,0.8295487272069907,62.27366000020932,-27.72633999979068,27.72633999979068
179,1.857010129468512,1.5299519484941542,2.7707355561983804,1.8109951485244096,0.6487764364674098,-9.940683759193998,80.059316240806,80.059316240806
180,3.276281693571072,2.839696904131765,3.8665592201114896,1.3616098304314228,0.9625226931976149,-87.99623844446141,2.003761555538574,2.0037615555385884
181,2.588955833054293,2.012989697632316,3.681967793190202,1.8291041417255849,0.7787337472913827,-63.87097567730778,26.129024322692203,26.129024322692217
182,1.3585539723246187,1.1892179410743644,1.6787938245933036,1.4116788576841064,1.060380591045614,14.436000350432272,-75.56399964956773,75.56399964956773
183,2.9154400983602766,1.7801789797446732,5.211985327870836,2.9277872546379458,0.5446951292068393,77.04719973617101,-12.95280026382899,12.95280026382899
184,2.5606603842001854,2.4335405077526207,2.81727062966765,1.157683885142888,1.0045363644963543,1.638884048266505,-88.3611159517335,88.3611159517335
185,1.6044383463340146,1.3285836254352537,2.110041316116892,1.5881885609011828,0.9647912198158016,-21.015301364023703,68.9846986359763,68.9846986359763
186,1.3038244488524504,1.1058961373180924,1.6045900126441976,1.4509409685935672,1.1824793997267606,-31.99138258384605,58.00861741615395,58.00861741615395
187,1.3038244488524504,1.0994757461412774,1.6108530078630077,1.465110088618563,1.1824793997267606,76.48719086872885,-13.512809131271155,13.512809131271155
188,2.579558503195455,2.0069777941683906,3.849312527694958,1.917964682459257,0.669409429924445,16.274363736399323,-73.72563626360068,73.72563626360068
189,1.5892300566907107,1.2273486863653782,2.233889621962224,1.820093708314934,0.905061049357244,-89.2426200188586,0.7573799811414119,0.7573799811413977
190,6.341620757585168,6.082462781787683,6.759193941186337,1.1112593999629468,0.8493643960978772,-64.96104558126702,25.038954418733,25.038954418732985
191,4.628117677540188,3.0616234200890924,8.972351094720825,2.9305861184128688,0.4422759940871617,-13.201849303919026,76.79815069608097,76.79815069608097
192,3.029814226070162,2.6240374164706357,3.8089919247106265,1.4515768337761623,0.762568304725997,24.83921085029515,-65.16078914970485,65.16078914970485
193,4.868498150329299,3.420942634020108,7.61151692617466,2.224976487615057,0.5847045485163812,-0.5887945173323609,89.41120548266764,89.41120548266764
194,1.6344304437273447,1.425686556568635,2.000288724909838,1.4030354117416697,0.936390968755152,2.1925966309859857,-87.80740336901401,87.80740336901401
195,1.8306682257451572,1.5297829480480811,2.48007634353072,1.6211949196421367,0.8373631930634564,-64.50270274512664,25.49729725487336,25.49729725487336
196,1.4947343471339476,1.0710793700904149,2.3988201921880425,2.2396287886541475,0.7088307223791874,9.511282802576954,-80.48871719742304,80.48871719742304
197,5.344089973938186,4.88891020675318,6.249393546407705,1.27827946968125,0.7440125944265367,-68.07978770338367,21.92021229661634,21.920212296616327
198,1.2850634067342854,1.031329912593077,1.8025810546949443,1.7478219459015858,0.9283520815908248,-68.30263577067448,21.6973642293255,21.697364229325515
199,2.170555852193912,1.5842442118713749,3.4753461738159657,2.193693464538995,0.6125430585822267,-89.16550331137137,0.8344966886286329,0.8344966886286329
200,2.3114337002746863,1.7128050660235077,3.234405697019946,1.8883676614344824,0.8991476573312787,85.52434520594787,-4.475654794052133,4.475654794052133
201,1.5892300566907107,1.4663137183529458,2.2136546994163666,1.5096733200470092,0.7093140797018258,51.66226563094539,-38.33773436905461,38.33773436905461
202,3.3204582726208347,2.2760029539649005,5.997618713939012,2.635154187076466,0.5100020038492222,26.727125529956204,-63.272874470043796,63.272874470043796
203,2.181715595945335,1.7734892614388282,2.8666112639254724,1.6163679849968735,0.858390281141793,1.7448197451418748,-88.25518025485813,88.25518025485813
204,1.843886218520761,1.6286991409778957,2.211868882654149,1.358058604565917,1.0268850030082357,-72.91280745261498,17.08719254738503,17.087192547385015
205,2.4041334941401127,1.9238229008602803,3.5360969321805733,1.838057406739117,0.7178082770381292,6.913885452911993,-83.086114547088,83.086114547088
206,3.661336451490315,2.6107849041348645,5.811727735494027,2.2260461695981264,0.6110210687565051,-89.3210621126989,0.6789378873011174,0.6789378873011032
207,3.991370289023665,3.3019632008596784,5.383469087244375,1.6303843379728669,0.7377475818408807,8.114532167934199,-81.8854678320658,81.8854678320658
208,1.2660243778180809,1.0956963688519687,1.5205899028821643,1.387784012166969,1.2424938629824425,35.618094353571834,-54.381905646428166,54.381905646428166
209,2.170555852193912,1.3731376356285434,3.797275873744374,2.765400769170673,0.6553040032809746,19.524504659590608,-70.4754953404094,70.4754953404094
210,2.5511588286726434,2.307915495873771,3.021330594975961,1.3091166467653066,0.9348092052638968,74.69479074957198,-15.305209250428021,15.305209250428021
211,1.843886218520761,1.273971106266111,2.865652086269417,2.2493854626486565,0.7417495351653862,-79.13751119324925,10.862488806750747,10.862488806750747
212,1.3938469657443524,1.110288081960211,2.12002822931464,1.9094397785228276,0.7492094683689956,12.052002552578074,-77.94799744742193,77.94799744742193
213,6.713656026549314,5.674313774824593,9.184843218281609,1.618670306713085,0.5699420402445177,29.35922465513022,-60.64077534486978,60.64077534486978
214,3.8235638432564985,3.222528024966715,4.900618303291074,1.5207372178995064,0.7719562506173963,-73.44097657682157,16.559023423178417,16.55902342317843
215,2.92375806133559,2.198269151020252,4.268978832919389,1.9419727702306555,0.7407731866710017,1.9319832529511665,-88.06801674704883,88.06801674704883
216,2.181715595945335,1.4407186562564442,3.674584679945857,2.5505220356442657,0.6099924213436373,-9.726681210192714,80.27331878980729,80.27331878980729
217,1.6492219709549814,1.266317349919558,2.355410734771792,1.860047747842528,0.9234022399965164,19.26058488171773,-70.73941511828227,70.73941511828227
218,2.414213762644935,1.909037319151488,3.4471120057064466,1.8056807853492296,0.7093755542412161,-16.834241503837355,73.16575849616265,73.16575849616265
219,2.8987325676804407,2.5398207994513866,3.457596709800158,1.3613545926338642,0.8544876916144027,-83.423693011929,6.576306988070996,6.576306988070996
220,2.0674091517192297,1.9848185835215812,2.2303379974110253,1.123698667438829,1.0602833910914944,-4.151136211433744,85.84886378856626,85.84886378856626
221,19.674978164155903,12.57131801458732,34.43329582891549,2.739036256099821,0.4787576694070052,-70.66429396182852,19.33570603817148,19.33570603817148
222,1.4947343471339476,1.2248499906115211,2.070373965951416,1.690308186162255,0.8217172520354071,-62.50232732490289,27.497672675097107,27.497672675097107
223,2.1367269374441915,1.6442920382884478,3.029014155048656,1.842138795612957,0.8816183566163901,41.8343954557549,-48.1656045442451,48.1656045442451
224,6.043576428043007,4.96374672089966,7.768594236379905,1.5650666065757437,0.7678473149061266,-22.464672080842902,67.5353279191571,67.5353279191571
225,1.6195038256468852,0.7925806246245466,4.001376339910959,5.048541707421186,0.415593659222184,-4.261470043596511,85.73852995640348,85.73852995640348
226,4.057746832809731,3.41001177898427,5.470775643795959,1.6043274916268833,0.6523641657349184,-87.88605678960054,2.113943210399441,2.113943210399455
227,3.116736565636193,2.7598204595027696,4.404266268073035,1.5958524594989565,0.5899645848314689,69.31351860340025,-20.686481396599746,20.686481396599746
228,2.2690184693770243,1.7131394318041422,3.4849975489982103,2.034275485287317,0.7434996234656912,-78.85262106629979,11.147378933700224,11.14737893370021
229,1.542705892513396,1.412002233827211,1.9778863613815831,1.4007671616924795,0.7917760314315729,84.75453800452149,-5.245461995478507,5.245461995478507
230,1.4783979621211876,1.0515079706060702,2.403442248782005,2.2857099669883665,0.773694714485268,-1.1649587429289376,88.83504125707107,88.83504125707107
231,3.804461822802904,2.243459669233858,8.713023958541442,3.883744414053559,0.4235838992771042,56.40291050822597,-33.59708949177403,33.59708949177403
232,2.031863651507851,1.5234674175441163,2.987401361105816,1.9609223844915653,0.7875398177080721,58.787679022886856,-31.212320977113144,31.212320977113144
233,2.473832956432472,1.8164799078080824,3.8388235463269536,2.113331135580355,0.7048207828591009,54.80813948999696,-35.19186051000304,35.19186051000304
234,3.477641196323917,2.43305727412891,6.429847898820622,2.642703058078505,0.5101230455466166,50.897259173695645,-39.102740826304355,39.102740826304355
235,2.2257951114113315,2.1769156158688654,2.604381456913003,1.1963630734825357,0.7471912685873427,-32.393442221396434,57.60655777860356,57.606557778603566
236,1.5108941070107518,1.3813949375036905,1.817831511792399,1.31593902832552,1.0051768802535723,29.504510438693718,-60.495489561306286,60.495489561306286
237,1.461879030667795,0.9730156395185214,2.5313899063845904,2.6015922083608043,0.7242180334481163,45.22491819386855,-44.77508180613145,44.77508180613145
238,2.2257951114113315,1.936307272819427,2.8559381724076336,1.4749405801947677,0.8326928974153324,41.79036031351796,-48.20963968648204,48.20963968648204
239,1.843886218520761,1.2819445216316248,2.9684842914472718,2.3156105754631757,0.774501616481337,16.25850345683545,-73.74149654316454,73.74149654316454
240,2.9154400983602766,2.6057997430078843,3.6312607512309256,1.3935302438242425,0.7588973170360512,2.899922430085704,-87.10007756991429,87.10007756991429
241,1.6344304437273447,1.441708951022322,2.037283716403798,1.4131033277966063,0.8746211258476959,19.59131452946927,-70.40868547053073,70.40868547053073
242,1.9834790046600808,1.812236758384474,2.345908837021178,1.2944825372113342,0.8305394812237393,47.70376989911851,-42.29623010088149,42.29623010088149
243,1.542705892513396,1.464048779369916,1.738124751519975,1.1872041259909478,1.107623132495667,-68.97925573167653,21.020744268323483,21.02074426832347
244,4.296124876815153,3.735115034313921,5.630821323786642,1.507536253115945,0.6533754714510612,87.28562490134463,-2.714375098655367,2.714375098655367
245,1.895836839826219,1.496157056267883,2.5627227924953133,1.712870170788049,0.8718380480926368,44.23576538859615,-45.76423461140385,45.76423461140385
246,3.147749633621639,2.5931878428879607,4.1283729694725855,1.592006911799699,0.7354152341836488,-80.7997923257907,9.20020767420931,9.200207674209295
247,1.461879030667795,1.1947353889431125,2.084690919865234,1.7448976059120462,0.7551043218838698,-58.13029185853154,31.869708141468465,31.869708141468458
248,2.579558503195455,1.8899739865301972,4.096201401066278,2.167332159204208,0.6592568270781455,-50.13707916921987,39.862920830780126,39.86292083078013
249,1.8039417076383557,1.403174488523357,2.6631134009208246,1.8979203389903243,0.7464383796592666,42.82502135318197,-47.17497864681803,47.17497864681803
250,3.0537656993932494,2.5162107331821377,4.114983395643551,1.6353890162607796,0.6542340385490634,-85.16325562745084,4.836744372549163,4.836744372549163
251,1.461879030667795,1.1947353889431125,2.084690919865234,1.7448976059120462,0.7551043218838698,-58.13029185853154,31.869708141468465,31.869708141468458
252,2.512793352570581,1.8750061424508733,4.117292843994388,2.1958823231440503,0.605619005876984,-51.83909529717151,38.160904702828475,38.16090470282849
253,4.313049925456882,3.715547062439711,5.6878789258427815,1.5308321574879995,0.6782220756262411,0.1021254222011176,-89.89787457779889,89.89787457779889
254,3.5808576908105785,2.949129634862397,4.523901909367908,1.5339786545459837,0.8509185710507128,-4.257806869549453,85.74219313045054,85.74219313045054
255,2.8223249975951434,2.3797141520821787,3.617469824612131,1.520127878151648,0.8488248272061794,-28.56587329009035,61.43412670990965,61.43412670990965
256,1.7212740281460053,1.6509536684143529,2.629204802057375,1.5925369998920542,0.6284444127699017,-49.91271265447699,40.08728734552301,40.08728734552301
257,1.2270604129519955,1.084914206658839,1.4531775777582412,1.3394400855285378,1.2566109198752002,84.23813914805133,-5.7618608519486685,5.7618608519486685
258,2.4442051456532488,1.4656953101058066,4.597584694931375,3.136794300446715,0.5699101358029875,-40.529310924594434,49.47068907540557,49.470689075405566
259,12.083133852531493,7.515594430012489,25.79211214906909,3.431812664886739,0.3771718182719331,-45.8209374145753,44.1790625854247,44.1790625854247
260,13.740178308101198,11.37704882373419,16.866036997350793,1.4824615116501714,0.819126299584589,-78.44309357780983,11.556906422190167,11.556906422190167
261,6.760517013224226,6.264901261702654,7.427555536948746,1.18558221856638,0.9090145395519404,42.7814079358736,-47.2185920641264,47.2185920641264
262,1.95883855734249,1.2642213943637193,3.376818634042584,2.6710658822081803,0.6770855391072996,12.747815493823923,-77.25218450617608,77.25218450617608
263,1.4282681233264556,0.9923209555440142,2.215032305382805,2.232173263103641,0.8394160542151575,-8.31572847288884,81.68427152711116,81.68427152711116
264,1.2660243778180809,0.8742841554476,2.0878605018132013,2.388079995278305,0.8633784817017677,69.0103776977964,-20.9896223022036,20.9896223022036
265,1.6044383463340146,1.6290294634341378,1.73894728027337,1.0674744191596852,0.9287461428525036,80.04867040699035,-9.951329593009646,9.951329593009646
266,5.687510519478657,4.42214757212029,7.801961134658544,1.7642923505869643,0.7232721721094056,-3.023520378902579,86.97647962109743,86.97647962109743
267,2.8987325676804407,2.538773358010819,3.8083091675925154,1.5000587411931892,0.7106126696487381,21.39325870361201,-68.606741296388,68.606741296388
268,1.2071068813224677,1.107816831943682,1.3736415734891765,1.2399536944018994,1.296371678746121,61.15879233544953,-28.841207664550467,28.841207664550467
269,2.125330979189304,1.4653796122839988,3.165772549010913,2.1603770944217078,0.8699088694135477,-82.55036549458072,7.449634505419283,7.449634505419283
270,7.700925647835939,5.901339846965376,10.869153845236497,1.841811203404207,0.7404507129036882,-57.04546960191867,32.95453039808132,32.95453039808133
271,1.663882010113248,1.4129549730703943,2.204777333240754,1.5604016937989929,0.9193964167787076,-65.9156852970771,24.08431470292288,24.084314702922896
272,1.2466946262544771,0.8556860327740688,1.9546870710060509,2.2843507970664247,0.8887590317639555,-38.28223831884039,51.7177616811596,51.71776168115961
273,2.2582901895629326,1.801604126771977,3.0295427555280057,1.6815807149355209,0.8819139906119321,-52.49264225613463,37.507357743865384,37.50735774386537
274,1.6344304437273447,1.199047785732155,2.4153833684754504,2.014417938314764,0.8263155823454363,-12.386284686810017,77.61371531318999,77.61371531318999
275,2.717107944649237,1.8555179143305955,6.681659919193709,3.600967615343241,0.3113368062604014,26.477676283018788,-63.52232371698121,63.52232371698121
276,1.7768132193231367,1.329603638726076,2.4327206188163677,1.82965851473392,1.0572035545373148,6.521823406671934,-83.47817659332807,83.47817659332807
277,1.7212740281460053,1.376892192082085,2.363169375834956,1.7163067591090482,0.928103465397056,-72.10113952480172,17.898860475198262,17.898860475198276
278,4.767690170072132,3.309522984267183,7.426350080908205,2.2439336775153405,0.6693482767866531,27.518940094837387,-62.48105990516261,62.48105990516261
279,4.808266988280225,4.684022951713202,6.940045881074797,1.4816421594468157,0.4800065750740609,-2.3037324236934364,87.69626757630657,87.69626757630657
280,4.009581959056886,4.002095930894002,4.622828371155793,1.1551018393812291,0.7602183755825784,10.16345893137994,-79.83654106862006,79.83654106862006
281,1.663882010113248,1.2646158618252152,2.446168485057916,1.934317415193077,0.796932361198852,-19.89084146103915,70.10915853896086,70.10915853896086
282,1.3585539723246187,0.7886005678844464,2.610563706237237,3.3103751284893352,0.7195058160316764,57.68964195974471,-32.31035804025529,32.31035804025529
283,2.373635851463476,1.9381949052438296,3.01304799778914,1.5545639861281604,0.9469840794135151,-80.92606613084669,9.073933869153308,9.073933869153308
284,4.92306274739987,3.2396891283109017,7.850641095416432,2.4232698831537496,0.6717988774621374,34.116812121064775,-55.883187878935225,55.883187878935225
285,3.0217882140215035,2.185996494902517,4.575075531925452,2.092901586344709,0.7374277984290335,-81.15045905119852,8.849540948801462,8.849540948801476
286,5.9585938882878935,5.692559095745751,6.562419863004059,1.1528066292554406,0.8991123453371155,-24.904611368513788,65.09538863148622,65.09538863148622
287,1.4451712930335778,1.3381363007984255,1.6302912415487243,1.21832973261093,1.1447713956743657,-18.32154424877004,71.67845575122996,71.67845575122996
288,1.2850634067342854,0.9399015404003412,1.9400360669060932,2.064084357261246,0.896974870948539,-82.73860886260164,7.261391137398363,7.261391137398363
289,2.2257951114113315,1.7073747654706446,3.002812137575583,1.7587305366715116,0.951495871756574,-21.81320566664584,68.18679433335416,68.18679433335416
290,1.7353254778478429,1.5671533633451136,2.3405619327065934,1.4935117311751973,0.7252974537137964,-34.015170166280875,55.98482983371912,55.984829833719125
291,6.545146787836005,3.717246188151239,12.900866478134148,3.4705440062742667,0.5171894940188887,17.995538850996972,-72.00446114900302,72.00446114900302
292,1.4451712930335778,1.3478748288293734,1.707699148461907,1.2669567766504255,0.9878526046267584,-70.96293196266299,19.037068037337008,19.037068037337008
293,1.8039417076383557,1.5073407949369526,2.2607906584091686,1.499853693340616,1.0106522052962033,-37.90601114875952,52.09398885124048,52.09398885124048
294,1.7768132193231367,1.3502281057727268,2.7418634409851776,2.030666840115898,0.6877684736261442,-37.36950866611859,52.63049133388141,52.63049133388141
295,3.2464966963232005,2.998952653396347,4.202080216571867,1.401182580129421,0.7114329245084863,-58.14869876128992,31.85130123871008,31.85130123871008
296,1.2660243778180809,0.8969355956753389,1.8983891566650029,2.116527837470459,1.0150915785300314,79.38900229074858,-10.610997709251421,10.610997709251421
297,2.2148574771042746,1.4234673209406012,3.696192388130607,2.5966120428309027,0.7378336337316004,14.511705966490318,-75.48829403350967,75.48829403350967
298,2.5320487556361617,1.6447454576597291,4.026486458936507,2.4480909433035936,0.790740302670118,-41.74494760828698,48.255052391713036,48.25505239171302
299,1.6195038256468852,1.4561315821045735,1.9301101001118397,1.3255052797647695,1.0330951000029476,-13.436239607232656,76.56376039276735,76.56376039276735
300,3.186091481181058,2.608927101275702,4.367023390528275,1.6738771230491287,0.7094481079447235,-14.646208742285236,75.35379125771476,75.35379125771476
301,3.7595130166658177,1.8222368207497888,8.940200799523472,4.906168450621517,0.3413081251926838,1.414609815576429,-88.58539018442357,88.58539018442357
302,2.2257951114113315,1.3987292756745142,3.947101064472152,2.8219192470742613,0.6297778259642549,-50.559641691566725,39.440358308433275,39.440358308433275
303,2.383845085036066,1.5336649467457533,5.759104746045788,3.755125758247193,0.3992127355352552,-62.96606567045819,27.033934329541808,27.033934329541808
304,1.663882010113248,1.1594415788114996,2.664339314280956,2.297950464233024,0.8505305224734775,-67.87034639755592,22.12965360244408,22.12965360244408
305,5.447606174623641,3.853110771468754,8.382357175110371,2.175477859909833,0.7215707627226539,-17.942332458909565,72.05766754109044,72.05766754109044
306,5.557937466924609,3.183276559957386,10.181535337426867,3.1984451070010604,0.5271047092505154,-38.91229927086621,51.087700729133786,51.08770072913379
307,3.2464966963232005,2.298601479049376,5.242800325528109,2.280865288443282,0.6948147680513724,-0.1348609250069723,89.86513907499302,89.86513907499302
308,1.857010129468512,1.5608895528938562,2.2697602590393005,1.4541453332372,1.0576097627573544,-63.49830639833266,26.50169360166734,26.50169360166734
309,1.4111624987975715,0.8960262753215996,2.5962899604329697,2.8975600737836795,0.712279792493072,52.84757357246802,-37.15242642753198,37.15242642753198
310,1.2850634067342854,1.052885284257682,1.6756655705227357,1.5914987089064827,1.0728568798646352,-53.9106550550931,36.089344944906884,36.0893449449069
311,2.5320487556361617,1.4676110421949242,5.46865740432788,3.726230756719496,0.4652379208483456,-79.046531145312,10.953468854687998,10.953468854687998
312,3.2688608874546894,2.832611541682025,4.226403932303753,1.4920520763655734,0.7383417789784529,-63.22760490030191,26.772395099698088,26.772395099698088
313,8.59507568686035,7.26583084390333,10.588085162658972,1.4572435541275095,0.6968843617634936,-42.77794272381831,47.22205727618169,47.22205727618169
314,1.4783979621211876,0.9333075220305944,2.8455026486659505,3.048837153347911,0.6538255127781643,40.14428705495912,-49.85571294504088,49.85571294504088
315,2.0674091517192297,1.7904440751258393,2.68024958734284,1.4969747587086524,0.837795131797965,62.48485032354019,-27.515149676459806,27.515149676459806
316,1.7071069228001237,1.3312533229990398,2.2926256507097293,1.722155814450788,0.9369885784969786,15.663828665085209,-74.3361713349148,74.3361713349148
317,4.175729162809146,1.5440521593803058,12.790972478764528,8.284028749325472,0.2425722712212983,-2.565484899184717,87.43451510081529,87.43451510081529
318,2.363382516914025,1.9406098783083603,3.610462411395179,1.8604782196318803,0.5843704573175418,-44.30302320195791,45.6969767980421,45.69697679804209
319,1.3223193364400538,1.080972330129822,1.6778758111175696,1.5521912673898517,1.2162645254332396,62.95646327145639,-27.043536728543607,27.043536728543607
320,12.185204374042474,8.2784343413795,22.00757728405103,2.6584226408666227,0.3484665663170608,-49.23981774040246,40.76018225959754,40.76018225959754
321,1.6195038256468852,1.3417137397181629,2.0809926300342307,1.550995990002576,0.987952043077336,58.7446166299613,-31.2553833700387,31.2553833700387
322,1.2850634067342854,1.2081901110852928,1.5208836409023645,1.2588115288712185,1.0067280674076415,-19.473848250225053,70.52615174977495,70.52615174977495
323,1.6044383463340146,1.1422472294866286,3.042970509256509,2.664020914827818,0.5963110298869583,72.88324525756039,-17.11675474243961,17.11675474243961
324,3.3784619300798826,2.948841603437062,4.103463919998326,1.3915511484969143,0.7096604000777021,-25.55313745968659,64.44686254031342,64.44686254031342
325,1.5738748168108194,1.2764568558059628,2.03882206211648,1.5972510569729792,0.9794425334313016,-22.42476937000127,67.57523062999873,67.57523062999873
326,1.4111624987975715,1.1914302519344926,1.7677580721687725,1.4837277039914945,1.027194778495528,64.24989293930281,-25.75010706069719,25.75010706069719
327,1.461879030667795,1.3302738153077167,1.6796262396511032,1.2626169291790317,1.1322872109336444,-5.636436999438602,84.3635630005614,84.3635630005614
328,2.090770448616529,1.5049786881975362,2.9659771957996117,1.970776874821972,0.9459161350135832,40.19353795731213,-49.80646204268787,49.80646204268787
329,3.276281693571072,2.299500965715445,5.073053035066561,2.206153905000939,0.7896225042266035,-1.4489054894808224,88.55109451051918,88.55109451051918
330,6.283916002109437,4.566085509422607,8.988069710718502,1.9684409527965816,0.7681232103378949,-46.02647702699884,43.97352297300117,43.97352297300116
331,2.770216054293097,2.3653480845735877,3.3167262712827634,1.4022148760742272,1.024117654922033,-89.85617869525512,0.14382130474487553,0.14382130474487553
332,5.353170847053397,5.24472495352177,5.633517164113522,1.0741301429602488,0.9122442694774576,-68.31053478484459,21.689465215155394,21.68946521515541
333,2.0674091517192297,1.94394536197065,2.298907519351746,1.182598834476118,1.017621738929204,-75.72228997513186,14.277710024868156,14.277710024868142
334,2.717107944649237,1.9049826595363368,4.115154434072962,2.160205718132138,0.8030928342892562,86.48687678353677,-3.513123216463228,3.513123216463228
335,2.394010781836305,1.5814108531455902,4.114538157693689,2.601814796900784,0.531610743434194,-22.72647638189404,67.27352361810595,67.27352361810595
336,2.090770448616529,1.5143545610675573,2.95981392462903,1.954505239870961,0.928541929288204,6.704737726683979,-83.29526227331603,83.29526227331603
337,15.99131897390823,4.477753130470746,73.86584042459756,16.496184196030487,0.1144535108577562,-27.087211480078917,62.91278851992108,62.91278851992108
338,1.5108941070107518,1.1394371099758562,2.258025173791204,1.9817023283005493,0.7685260688078834,3.4281696995534583,-86.57183030044654,86.57183030044654
339,1.4783979621211876,1.331111228412616,1.943274029251564,1.459888541071784,0.8471724538195533,-54.12211802168679,35.87788197831321,35.87788197831321
340,2.236679259992467,1.6754121429405406,3.8287509126648342,2.285259139846592,0.5175274376354461,-60.606318431337655,29.393681568662345,29.393681568662345
341,1.7353254778478429,1.2242737765786005,2.548664369407805,2.081776493269662,0.9131422542920068,-3.992828785613943,86.00717121438606,86.00717121438606
342,3.0617078862766465,2.35633892199292,4.202755014064037,1.7835952947335243,0.8076475990797767,39.543920401410944,-50.456079598589056,50.456079598589056
343,1.6784140066373283,1.289181299155563,2.296219982762289,1.781145897994607,0.94165623226753,2.1556303088998736,-87.84436969110013,87.84436969110013
344,1.2071068813224677,0.7771175460161915,2.0286602067878023,2.610493376693793,0.9123086962916186,13.062313810132556,-76.93768618986745,76.93768618986745
345,2.4933892525089543,1.5863640224021387,4.140188446970326,2.609860277025874,0.7459187494691164,-4.7889380242451365,85.21106197575486,85.21106197575486
346,1.5738748168108194,1.2824302892700217,2.22900271907283,1.7381082915170476,0.8871277018150363,70.95501124128508,-19.044988758714922,19.044988758714922
347,7.083293854069455,5.701892980821683,9.763957034006529,1.7124062248884009,0.6274353056178296,-43.46265168387356,46.53734831612644,46.53734831612644
348,1.9956851445118324,1.5624657583766686,2.6688369517365347,1.7080930813545223,0.9486988462432724,36.103285351933366,-53.896714648066634,53.896714648066634
349,2.9731771904499835,2.044024563802619,4.759746389258868,2.3286150634139307,0.7013224963704707,-29.70050352184448,60.29949647815552,60.29949647815552
350,1.843886218520761,1.6059241168717868,2.5524654610869373,1.5894060212875676,0.7662036075655271,38.82370328192332,-51.17629671807668,51.17629671807668
351,1.3585539723246187,1.055937407575861,1.895881992954382,1.7954492182512982,0.8565010733294316,-43.34344127010686,46.656558729893135,46.65655872989314
352,5.557937466924609,4.217502676211386,9.48205913841908,2.2482639292447075,0.4774626449834072,-40.01574827567266,49.98425172432735,49.98425172432734
353,1.9086035621207809,1.7011337968986195,2.389023867124014,1.404371526495743,0.8289866080817405,7.695582530647978,-82.30441746935202,82.30441746935202
354,1.8306682257451572,1.0384015298887244,3.639506924018592,3.504912906290309,0.6059435877665981,-18.19046217930138,71.80953782069862,71.80953782069862
355,1.5738748168108194,1.0609915728311858,3.0997552265540467,2.921564417597168,0.5824205990458649,-52.331041322731096,37.668958677268904,37.668958677268904
356,1.663882010113248,1.2424342273833255,2.275402584606544,1.8314068740674825,1.073085108171434,-30.24512617753443,59.75487382246557,59.75487382246557
357,10.024560556378011,5.943790257373156,17.60863185947921,2.96252577850237,0.6023176338295342,-30.399569032576046,59.60043096742396,59.600430967423954
358,1.4111624987975715,1.182759078994796,1.870033464238888,1.5810772434130824,0.9567382669675696,-18.058155110069897,71.94184488993011,71.94184488993011
359,2.79639190560923,2.557778988497627,3.349642574213655,1.3095903083405764,0.7936426501810587,88.02401375658563,-1.9759862434143685,1.9759862434143685
360,3.276281693571072,2.800467005404825,3.907226413322887,1.3952053017521886,0.9690785340704168,-57.70023708177586,32.29976291822413,32.29976291822414
361,1.376313601551939,1.1062030345996865,1.7762080841003238,1.6056799959359174,1.1247684163169611,83.84535763805407,-6.154642361945932,6.154642361945932
362,1.7353254778478429,1.4151727829728462,2.2261939523502203,1.5730898580975152,1.080478003335489,7.726850204137754,-82.27314979586225,82.27314979586225
363,8.432486152925447,8.192831133359418,10.075703957457046,1.2298195572994275,0.6257414258539572,-18.43145042157336,71.56854957842664,71.56854957842664
364,3.132281482844322,2.294320676114004,4.465291988780015,1.946237086762904,0.8661096193966098,-71.84958215999285,18.15041784000715,18.15041784000715
365,2.5511588286726434,1.4394921463849306,8.092857348064337,5.622022578162958,0.2899892657869469,-18.75104207135484,71.24895792864515,71.24895792864515
366,2.778968733462305,2.556033172511319,4.703643129701626,1.840212083429366,0.4895330279668914,-74.59549444348607,15.404505556513925,15.404505556513925
367,2.2148574771042746,1.952457682668658,2.724809418805484,1.395579245067765,0.812145167396537,-81.15524884782866,8.844751152171341,8.844751152171341
368,1.7353254778478429,1.340509452180049,2.496116396275404,1.862065494738594,0.8366000344822366,76.3995038771321,-13.600496122867895,13.600496122867895
369,1.7768132193231367,1.9699530777558552,4.273963512648256,2.1695763015417096,0.2639019797944757,62.62209599252554,-27.377904007474463,27.377904007474463
370,2.181715595945335,1.37849632946606,3.609068740203329,2.61811994929377,0.7591774074700429,54.335103925054106,-35.664896074945894,35.664896074945894
371,3.979182870377424,2.471052924829722,6.71204568849168,2.716269498337111,0.6890863484847048,-40.68089883625458,49.319101163745415,49.31910116374542
372,2.055628946700877,1.7269101477565958,2.5592335035527944,1.4819725895278677,0.9692558064232268,-74.25869501446941,15.741304985530576,15.74130498553059
373,4.833454520430985,2.8407982323640817,8.609915437693816,3.030808502907557,0.5574358069972096,50.693234289633885,-39.306765710366115,39.306765710366115
374,3.2688608874546894,2.118945925103116,6.294092973470559,2.970388672454803,0.4509874825813533,-47.7167389989522,42.283261001047805,42.2832610010478
375,1.340559085464394,1.1591846775360486,1.9787532830121592,1.707021600059602,0.8236045087719388,84.75607014123995,-5.243929858760055,5.243929858760055
376,1.5108941070107518,1.4471406707776862,1.743106313238786,1.2045175347756962,1.006588266394948,76.19257182814574,-13.807428171854255,13.807428171854255
377,1.7212740281460053,1.6286535756577505,1.910453749449794,1.173026466772245,1.1006796031887525,69.05332301607149,-20.946676983928512,20.946676983928512
378,1.526882849696625,1.188129797589471,2.1227721561470325,1.7866500448467877,0.9296618496819624,70.00207142953322,-19.997928570466783,19.997928570466783
379,3.991370289023665,3.4712610626519806,5.028648055841322,1.4486516470759263,0.7320756031645475,-23.43285392270308,66.56714607729691,66.56714607729691
380,2.653805558851462,1.5589555872209584,5.738567156290616,3.6810331245679424,0.4907318380046873,-56.61038681957693,33.389613180423055,33.38961318042307
381,1.6492219709549814,1.0070682009601983,3.3752729870370084,3.351583322578177,0.5900024563405841,3.984134808230933,-86.01586519176907,86.01586519176907
382,1.2850634067342854,1.0296433593851886,1.7563812005264683,1.7058151101709846,0.9531582482298948,-4.66729726968205,85.33270273031795,85.33270273031795
383,5.006220210348335,3.399347539876474,8.370146981955152,2.46228044757651,0.6086942205538933,-18.48727498702074,71.51272501297926,71.51272501297926
384,4.402218009713912,2.772202721560552,8.09181605592987,2.918912095784524,0.4579525707714524,-45.52326465092846,44.47673534907153,44.47673534907154
385,2.4933892525089543,2.042894712578718,3.104286140340763,1.5195526823906973,0.9883368393028598,-24.285677045929923,65.71432295407007,65.71432295407007
386,4.478784062937135,3.0677636647213973,6.659471319341737,2.1707902065351976,0.8111466537018919,1.614566286432518,-88.38543371356748,88.38543371356748
387,1.376313601551939,1.296525094481851,1.63755050853922,1.2630303227518,1.0486811122993895,-84.89484707671636,5.10515292328364,5.10515292328364
388,1.6044383463340146,1.4152155433081413,1.9747180951114,1.3953479414841583,1.036569286852617,66.71087367412727,-23.28912632587273,23.28912632587273
389,2.055628946700877,2.0006815571244414,2.212398170821873,1.1058222448962491,1.072269806482545,0.9014268440268622,-89.09857315597314,89.09857315597314
390,1.4282681233264556,1.0436506534660512,2.683413875812667,2.5711801807442223,0.5633642046148881,27.725356578737458,-62.27464342126254,62.27464342126254
391,1.5583682828180965,1.3421936906429413,1.8839492548141916,1.4036344142787147,1.128599633755627,-24.482327361428062,65.51767263857194,65.51767263857194
392,1.69282125807016,1.396593211902112,2.258217604313697,1.6169472864887275,0.8679473800018346,43.2890442206103,-46.7109557793897,46.7109557793897
393,1.2660243778180809,1.004700661988786,2.4723968094446063,2.4608292827741782,0.5862171197498598,-32.63220657888466,57.36779342111534,57.36779342111534
394,1.6492219709549814,1.3951268021109409,2.2078639499458945,1.5825543216610962,0.8574509286121286,-51.39740682799162,38.60259317200837,38.60259317200838
395,4.152400884397278,3.1951747670774635,5.4897152929055455,1.7181267671085276,0.908317405968026,0.1295001754770259,-89.87049982452298,89.87049982452298
396,1.3938469657443524,0.8857806577178708,2.356481170505454,2.660343901137672,0.8253723873604135,87.31003664900598,-2.68996335099402,2.68996335099402
397,2.34274122622605,1.6372723906309388,3.655929947626074,2.2329393499497208,0.7518113251081215,-49.69193152810273,40.308068471897286,40.30806847189727
398,2.181715595945335,1.5421721722969854,3.31094430719023,2.146935579999962,0.7733980560256194,63.43969972373671,-26.56030027626329,26.56030027626329
399,1.5108941070107518,1.2832136072319429,1.8507328532820968,1.4422640492991392,1.121352981758927,-38.189123890755184,51.810876109244816,51.810876109244816
400,2.4041334941401127,2.1903068680894013,2.847878959299703,1.3002191614291472,0.8745502980131242,34.24491150154856,-55.75508849845144,55.75508849845144
401,1.9834790046600808,1.450936318147897,3.732593893335999,2.5725415007190744,0.5606767983502075,40.82876764393284,-49.17123235606716,49.17123235606716
402,4.654280224443876,3.7577492537163617,7.12513870295324,1.8961187194453109,0.5381163015473873,-77.64061135432387,12.35938864567612,12.359388645676134
403,2.653805558851462,2.0458855190493552,3.698969298650105,1.8080040472493664,0.8188245844673984,-88.53586784753642,1.464132152463577,1.464132152463577
404,2.881928179315977,2.1440754738734014,6.010370416017814,2.803245729572998,0.4302769511486335,55.94801256164673,-34.05198743835327,34.05198743835327
405,1.870041939381716,1.8655751136015664,2.010589845288403,1.077731917964364,0.9194773003209458,68.95599349983245,-21.044006500167555,21.044006500167555
406,2.102353753036351,1.3895486427981252,3.4909991930400395,2.512326006817751,0.7314386856965145,-64.12123472440226,25.878765275597743,25.878765275597743
407,1.3223193364400538,1.0587075449349366,1.7126232341101444,1.6176546982248952,1.0956326292046987,-35.53767779197435,54.462322208025654,54.46232220802565
408,3.116736565636193,3.0504637255702347,3.370404833439423,1.10488277739129,0.882987857479327,55.57130962484735,-34.42869037515265,34.42869037515265
409,2.5320487556361617,1.7928218273417444,6.42215480489895,3.58214893803542,0.3521214805049794,-49.29754311342381,40.702456886576186,40.70245688657619
410,1.5108941070107518,1.1562447155694842,2.100054759645039,1.8162718768497903,0.9658945994910572,-62.025045063725656,27.974954936274344,27.974954936274344
411,1.9956851445118324,1.595159104363158,2.890232525522278,1.8118772714375455,0.7091914726238893,-83.83843746953549,6.161562530464494,6.161562530464508
412,1.7071069228001237,1.5264551717464176,1.96923542718396,1.290070919626783,1.145647293878063,-64.1730813346602,25.826918665339804,25.826918665339804
413,1.4947343471339476,1.1616547421522545,2.0160117922383995,1.735465555370812,0.9744414849811182,34.30729458955097,-55.69270541044903,55.69270541044903
414,2.5320487556361617,1.9984109117084183,3.28882148111744,1.6457183364285497,0.9218991609118384,61.070668357233146,-28.929331642766854,28.929331642766854
415,6.159005831336359,3.8548190304791694,10.80750685869206,2.803635338842001,0.5527553834789214,69.58703258402149,-20.412967415978514,20.412967415978514
416,1.5738748168108194,0.9323255006254793,2.847340644207628,3.054019912892441,0.7138540890486198,-64.243454786941,25.756545213058985,25.756545213059
417,1.749264059016166,1.4011701143571464,2.494646394582951,1.7804022288382086,0.8603247459624086,-71.99072317828404,18.009276821715957,18.009276821715957
418,2.424252116806765,2.1340567815452336,2.9337815780617897,1.3747439165782127,0.8234250981116472,-79.97712839263743,10.02287160736256,10.022871607362575
419,1.3585539723246187,1.2377645073194965,1.5911873765956062,1.2855332069922434,1.1251666635732462,-40.96577877727732,49.03422122272269,49.03422122272268
420,1.7630924485867383,1.1494498573167435,2.8337147107950558,2.4652791009170523,0.7624968034834423,78.44415212660783,-11.555847873392167,11.555847873392167
421,2.3219164465724,1.5574881538405758,3.8560003358764536,2.4757814859573903,0.6763812880821813,49.32783474320411,-40.67216525679589,40.67216525679589
422,1.870041939381716,1.539234260244761,2.4361663400902382,1.582713173044142,0.8828003145733798,-24.94775635262592,65.05224364737408,65.05224364737408
423,1.4783979621211876,1.0812302921018246,2.1496142607870503,1.9881187906864624,0.9790534562192666,-87.85168156227373,2.1483184377262887,2.1483184377262745
424,5.691778820656883,2.896610590653085,12.963363162782002,4.475355853704592,0.4417319255987346,-45.44387243103217,44.55612756896784,44.55612756896783
425,4.221999042387116,2.7588952641373137,7.098558193201088,2.572971248845416,0.6283596017226132,-41.3051126161896,48.694887383810396,48.6948873838104
426,1.376313601551939,1.266014378845458,1.577240201721518,1.245831191238035,1.0839902917745452,-11.561766781527982,78.43823321847202,78.43823321847202
427,1.2850634067342854,0.8668838862345029,2.710457938623403,3.1266678059928665,0.6177465247982041,67.47567403096134,-22.524325969038657,22.524325969038657
428,1.6195038256468852,1.3126593180980275,2.2309611094341784,1.6995735897923006,0.8840713463106304,-1.2903200303554774,88.70967996964453,88.70967996964453
429,1.5108941070107518,1.1738055101329066,2.43774018179366,2.0767837267330957,0.6828844244571938,-29.610906170610168,60.389093829389836,60.389093829389836
430,1.3585539723246187,0.9846233092267502,1.9544247270834016,1.9849466377332277,1.0009414059893122,-40.77032830794936,49.22967169205063,49.22967169205064
431,2.192818546001692,1.420359142567253,3.717081001468492,2.617000792313688,0.6455882096547968,-6.8471605504147295,83.15283944958527,83.15283944958527
432,2.813707191225227,2.034622343875734,3.989874947470166,1.960990431211863,0.8738875189932604,65.72340020147907,-24.276599798520934,24.276599798520934
433,19.68731744298827,14.75772524785626,28.081628989774472,1.902842648046566,0.6199654628635448,-52.889697596749286,37.11030240325073,37.110302403250714
434,1.526882849696625,1.463250482767045,1.813344669358051,1.2392578650847044,0.9165178351024506,26.47507611365631,-63.524923886343686,63.524923886343686
435,1.6044383463340146,1.351686409465912,3.384864370993101,2.5041787409333747,0.4004896442862442,60.1686039996881,-29.831396000311898,29.831396000311898
436,3.261423196617267,2.702858350300312,4.212872875102901,1.5586732004046062,0.768881704687062,18.37445458659406,-71.62554541340594,71.62554541340594
437,2.383845085036066,1.910706855960861,3.251993960392237,1.701984765610142,0.9063648640203574,76.76515540579803,-13.234844594201974,13.234844594201974
438,6.249037383044387,5.236093961609039,7.610706650797525,1.4535084180305222,0.8779808838945403,57.22215556451865,-32.77784443548135,32.77784443548135
439,1.461879030667795,0.9259835698266452,2.6399241056963763,2.850940547671489,0.7541564514582162,59.00295058145466,-30.997049418545338,30.997049418545338
440,2.79639190560923,2.142324096551925,3.906646660763719,1.8235553934399915,0.7628482388604321,44.89469779943316,-45.10530220056684,45.10530220056684
441,3.2239773722754084,2.4242777847421704,4.476306340521759,1.8464494327731624,0.8413735291667118,31.48908526110104,-58.51091473889896,58.51091473889896
442,4.301773958646349,4.424986118904916,4.739625832602388,1.0711052430996866,0.7871894657125863,-44.98955676272655,45.01044323727345,45.01044323727345
443,2.1480624384075764,1.504375934263184,3.1862505919104533,2.1179882762954603,0.8906079385047296,18.040625851198232,-71.95937414880177,71.95937414880177
444,2.353084504890762,1.5109300424697218,3.907847600476964,2.586385531185356,0.771617454696718,67.5689260851685,-22.4310739148315,22.4310739148315
445,2.434249075164649,1.6197766921765675,3.880407165770281,2.395643291147745,0.7641668213782813,-11.308704216013902,78.69129578398609,78.69129578398609
446,1.933884181003576,1.6446131200801728,2.7598522303845225,1.678116389008245,0.7766493789808764,-52.51381933841077,37.48618066158923,37.48618066158923
447,2.4639966035353127,1.4044319982304443,4.727834707639757,3.3663678366747067,0.5821466140657713,74.46293850704335,-15.537061492956653,15.537061492956653
448,1.69282125807016,1.0989878529793378,2.9823696741775425,2.713742163839562,0.6345887184596748,28.128142717436337,-61.87185728256367,61.87185728256367
449,3.186091481181058,2.529127342268474,4.434125280521849,1.753223416795102,0.7747862598311138,-75.936853006065,14.063146993934993,14.063146993935007
450,1.4451712930335778,1.3330736568750132,1.6668307449471935,1.250366576783591,1.0861101303175822,66.33761152365591,-23.66238847634409,23.66238847634409
451,1.5892300566907107,1.081148822152909,2.5350696746393537,2.344792523189572,0.8182756519662612,-67.53217787787956,22.467822122120424,22.467822122120438
452,6.241260108863473,4.327744934033207,9.550645025241,2.206841015544868,0.7026732244076964,-60.9482641492608,29.051735850739192,29.0517358507392
453,2.043780842560348,1.1355412184935976,4.0752849737059975,3.588848125752975,0.6213141399812141,81.64820486253424,-8.351795137465757,8.351795137465757
454,2.424252116806765,1.8341315078898144,3.898907311180501,2.1257512312550757,0.696401080483797,-28.90602236803887,61.09397763196114,61.09397763196113
455,1.3223193364400538,1.010502483985287,1.9160984622033448,1.8961838219798413,0.9664926724166504,54.26254859955222,-35.73745140044778,35.73745140044778
456,2.079122611754846,1.635765170299578,3.254732939771908,1.9897311661036456,0.5781887952569633,-29.829115003348143,60.170884996651864,60.17088499665186
457,1.843886218520761,1.430629042032205,2.564183178097309,1.7923466550454568,0.9165266070627022,23.84449666131359,-66.15550333868642,66.15550333868642
458,5.789081233453995,5.165260582065375,6.612068818153055,1.2801036294492545,0.8717808336100001,-77.13170630768195,12.868293692318048,12.868293692318048
459,1.542705892513396,0.9898530219689292,3.623640208576042,3.660786124962485,0.4601954145754628,8.256394730040336,-81.74360526995966,81.74360526995966
460,1.3038244488524504,1.048007058985544,1.8890044748649133,1.8024730450703672,0.9411240751404778,73.00110191049072,-16.998898089509282,16.998898089509282
461,1.870041939381716,1.569585142757745,2.5766805581050924,1.6416315929047922,0.7681083635131577,-63.26305740815451,26.73694259184549,26.73694259184549
462,5.41631068118443,3.647879549184475,8.912628599741822,2.4432354411850965,0.5530661079161051,40.21892689378297,-49.78107310621703,49.78107310621703
463,1.4783979621211876,1.1131634684570193,2.416648856794303,2.1709739182728245,0.6946370555229843,3.39723819737952,-86.60276180262048,86.60276180262048
464,2.6991730427448086,2.070903587171226,3.628341646943809,1.7520572514435513,0.8892635536176169,-85.31973372666394,4.680266273336059,4.680266273336059
465,1.9711972828282505,1.3736444391740823,2.960886869917758,2.155497292806005,0.8600566428131157,22.10855693387113,-67.89144306612887,67.89144306612887
466,1.526882849696625,1.265240679423301,2.078308026197415,1.64261872068855,0.8590627934625792,-0.5806963878067202,89.41930361219327,89.41930361219327
467,1.9834790046600808,1.7839512728717062,2.31809328615155,1.2994151361656934,1.0543490740535135,1.772082416983523,-88.22791758301648,88.22791758301648
468,1.526882849696625,1.4972457437331588,1.6269282997674823,1.0866140755965548,1.1543477110707014,4.324660604125058,-85.67533939587494,85.67533939587494
469,1.7071069228001237,1.5650269983154712,2.0265447264735688,1.294894419492351,1.0246831615371454,64.64841445801251,-25.35158554198749,25.35158554198749
470,9.33721426366954,8.860545297636449,10.560662242752574,1.191874979248696,0.6710430578178304,88.08684156990341,-1.913158430096587,1.913158430096587
471,1.526882849696625,1.1592871983489743,2.1635978358218533,1.8663173706249765,0.936930684782098,39.06316674838952,-50.93683325161048,50.93683325161048
472,1.7212740281460053,1.4134216463885236,3.0558639272944386,2.162032777057412,0.4261899006659148,-87.30738836906124,2.6926116309387567,2.6926116309387567
473,4.737029465098906,4.421990292191164,5.472042106547404,1.2374613567584118,0.8450841492240894,78.22721593101448,-11.772784068985516,11.772784068985516
474,1.4111624987975715,1.03028454106903,2.094535383142744,2.0329678837745546,0.9740378070960578,4.42777530109884,-85.57222469890117,85.57222469890117
475,4.628117677540188,4.047768502244491,6.420884073121727,1.5862774932808883,0.6260879876300882,-43.25478363661866,46.74521636338133,46.74521636338134
476,3.261423196617267,2.6275084715524746,4.990361063581792,1.8992749662318755,0.6063645136123953,-49.8286168231178,40.171383176882216,40.1713831768822
477,1.870041939381716,1.3720347566725526,2.811633028975992,2.04924329744732,0.769946827684649,-23.287345326722555,66.71265467327744,66.71265467327744
478,7.8074095443255,7.927433965126313,10.98592323394263,1.385810753173216,0.4067947989349149,44.415489762590575,-45.584510237409425,45.584510237409425
479,4.256371379297739,3.2515862574693988,6.424140712263384,1.9756943853192068,0.6144300265480939,-73.0594402107644,16.940559789235607,16.940559789235607
480,2.043780842560348,1.466105191710651,3.023535081863601,2.0622906862063166,0.8098581756860785,32.22646259836599,-57.77353740163401,57.77353740163401
481,4.690662644694714,4.722967109120248,5.613326365712512,1.1885169292991566,0.6192687902710742,17.837583918075516,-72.16241608192448,72.16241608192448
482,2.9154400983602766,2.341241117720983,3.843563179740941,1.6416776344174036,0.8116268086847925,-50.63115357710916,39.36884642289084,39.36884642289084
483,2.2690184693770243,1.797817116026876,3.130356961028484,1.741198775516434,0.8029076278273833,-51.27455657354367,38.72544342645634,38.72544342645633
484,1.5892300566907107,1.1997864690617923,2.611435496188767,2.176583553430849,0.6841126280162064,31.110037724119262,-58.889962275880734,58.889962275880734
485,1.3938469657443524,0.9295117185666848,2.3425097130507937,2.520150812797674,0.716805110079847,-5.402321365096823,84.59767863490318,84.59767863490318
486,1.69282125807016,1.1696309393282591,2.954370516432812,2.525899766407993,0.6664476283808115,28.490755568415054,-61.509244431584946,61.509244431584946
487,1.5583682828180965,1.2820433083578655,2.107078467697985,1.6435314267166872,1.0139706637098842,86.13623033930594,-3.863769660694061,3.863769660694061
488,1.9086035621207809,1.5130597451031191,2.6181883412748164,1.7303932311650918,0.8625226881088502,79.79752200113336,-10.202477998866641,10.202477998866641
489,3.364054777319084,2.770677663529692,4.380307122793733,1.58095154136893,0.7898250403765171,28.733607691302435,-61.26639230869756,61.26639230869756
490,1.4111624987975715,1.1073885886613728,2.239473205212473,2.022301139945446,0.6447681191719417,31.69537524658005,-58.30462475341995,58.30462475341995
491,5.270879803598329,4.249208177263151,7.072233861952608,1.6643651162574302,0.6527028306055418,0.12420449646505,-89.87579550353495,89.87579550353495
492,1.6344304437273447,1.3443983104187014,2.3347524131600554,1.736652296470766,0.7893202950465801,27.73168557164463,-62.26831442835537,62.26831442835537
493,1.5108941070107518,1.1220888140049936,2.346004139162606,2.090747282997303,0.8292312570734796,69.55088790376335,-20.449112096236647,20.449112096236647
494,2.125330979189304,1.991153268266605,2.39342736475574,1.2020307039645088,0.965903562286178,35.791949474604,-54.208050525396,54.208050525396
495,2.672044986969093,2.485058778160275,3.085012566245255,1.241424385353627,0.8882995012545071,81.04041732051607,-8.95958267948393,8.95958267948393
496,2.752627203103878,2.27199946326293,3.623725345846706,1.5949499128148985,0.8395115693126177,-8.674468385251599,81.3255316147484,81.3255316147484
497,1.3038244488524504,0.83728383701237,2.461148088645933,2.939442970054099,0.6248426551035164,-32.826102075381804,57.17389792461819,57.173897924618196
498,1.5583682828180965,1.1817594407689274,2.2004846682481523,1.8620411162667567,0.9521805001384612,-45.35523836066737,44.644761639332614,44.64476163933263
499,2.890342586067156,2.7421235590539084,3.1410340714079705,1.1454750319462974,0.9678864171674176,57.01888468581497,-32.98111531418503,32.98111531418503
500,1.4451712930335778,1.030148476593598,2.228699703657831,2.1634742508453675,0.8920403650804555,48.12945604466155,-41.87054395533845,41.87054395533845
501,1.8829835605082688,1.6894524723312438,2.2106315519264386,1.3084899327626716,1.0624558532628428,-30.25570114050157,59.74429885949843,59.74429885949843
502,2.598319175852673,2.300367697238505,3.085553509072059,1.3413305676201837,0.9707877527783754,57.521788559432615,-32.478211440567385,32.478211440567385
503,6.810622112807637,3.95056283434489,12.241345756822334,3.098633351784741,0.5679830270567088,54.13827196020615,-35.86172803979385,35.86172803979385
504,1.7630924485867383,1.2099757226963963,3.9413336180290375,3.257365866189355,0.4510127425326497,-49.55808075450265,40.44191924549736,40.44191924549735
505,3.140025082999704,1.9580217362045276,5.96052827152176,3.044158377463051,0.5466532076981002,89.12348381633011,-0.8765161836698923,0.8765161836698923
506,6.139259048121843,3.3721639377727644,12.64481725320747,3.74976350098776,0.4236850779648998,-52.68793898077839,37.3120610192216,37.31206101922161
507,3.2239773722754084,2.801842936899637,4.66157037665922,1.6637514955843502,0.5370911408656716,31.102945731060217,-58.89705426893978,58.89705426893978
508,4.478784062937135,4.040635493650954,5.307048755659296,1.313419328221577,0.8661178745521378,86.44123606673243,-3.5587639332675707,3.5587639332675707
509,2.031863651507851,1.7209571560408372,2.5299503726270265,1.4700832985565575,0.9191254408361093,48.36453874260639,-41.63546125739361,41.63546125739361
510,1.4783979621211876,1.0912857767217283,2.331718359046999,2.1366707133777427,0.8306300488751633,-7.398900487766772,82.60109951223323,82.60109951223323
511,3.2910731082467106,2.791741564664468,4.264922593909456,1.5276924798094793,0.7496101279245663,-36.96423860830003,53.035761391699964,53.03576139169997
512,1.749264059016166,1.29345289815733,2.643323542017509,2.0436179359783586,0.7845585332138615,-13.1082750108551,76.8917249891449,76.8917249891449
513,2.4541208259039915,1.866140197753835,4.476669995300399,2.398892645198205,0.4747929129087561,-79.01188452989979,10.988115470100212,10.988115470100212
514,4.52195406380943,4.424634850698493,5.462903798562803,1.2346564141220386,0.5950725268294477,27.456488280660608,-62.54351171933939,62.54351171933939
515,1.5738748168108194,1.3797285280424112,1.8797106421744143,1.362377166210652,1.0636985821606462,44.19137206854619,-45.80862793145381,45.80862793145381
516,1.7071069228001237,1.325042121936521,2.7584273249356426,2.0817657637209748,0.5898755986436047,-41.07518582109014,48.924814178909855,48.92481417890986
517,7.7040785346201694,5.284905506600516,12.76524215801094,2.4154154018587377,0.5129065608282805,-64.25021420448714,25.749785795512878,25.749785795512864
518,1.663882010113248,1.0262703039802537,3.0892978321929143,3.010218477735818,0.5803352777876205,-48.05334006613764,41.94665993386235,41.94665993386236
519,1.5583682828180965,1.2311470858174351,2.171440191238272,1.763753670258268,0.8821609117802974,68.44463727606633,-21.55536272393367,21.55536272393367
520,3.253968505277106,3.119784867714521,4.453094300645151,1.4273722354155078,0.578882586624774,87.22395322680323,-2.776046773196768,2.776046773196768
521,1.4282681233264556,1.283678961683257,1.6351641720648329,1.2738108365667082,1.2466290757253629,-0.7730347160289242,89.22696528397108,89.22696528397108
522,1.5738748168108194,1.6016735020907482,1.691670525700837,1.0561893691146236,1.034250076984082,-73.2807796124052,16.719220387594817,16.719220387594802
523,2.7260311474694987,1.5990427233046811,4.804908867449611,3.0048658471860508,0.6738175336130603,-1.4055229471510489,88.59447705284894,88.59447705284894
524,1.3223193364400538,1.3244122856856566,1.43532519411811,1.0837450011837009,1.0685392077645968,-62.835449859264536,27.164550140735457,27.164550140735464
525,2.181715595945335,2.1071292226933758,2.722034906834428,1.2918215349674034,0.7354335926109943,-68.24966914295709,21.75033085704291,21.75033085704291
526,5.064097511272323,3.6902808840394217,7.136171657462,1.933774658814228,0.794917572225379,-64.67476662358365,25.32523337641635,25.32523337641635
527,4.716478264216189,2.933652384861689,8.003027191363826,2.7280080055364637,0.6401677047859217,73.5796763661759,-16.420323633824097,16.420323633824097
528,3.170810378792584,2.913226183176956,3.658341178905835,1.2557697030294812,0.8736149433829953,51.160669701759005,-38.839330298240995,38.839330298240995
529,2.473832956432472,1.483457699158606,4.359286662219494,2.9385985624612103,0.686022328661764,-47.45504510670792,42.54495489329207,42.54495489329208
530,2.373635851463476,1.8759539637250904,3.116680734735736,1.6613844449289834,0.9810399329607472,87.7055617571956,-2.2944382428044037,2.2944382428044037
531,1.749264059016166,1.5587223382203812,2.1014927356129167,1.3482149348114336,1.0314165706957357,1.7040651569553935,-88.2959348430446,88.2959348430446
532,1.3038244488524504,1.1675943341643804,1.5010253958201258,1.2855709829170885,1.2943112977992215,-75.23898272538385,14.761017274616165,14.761017274616151
533,2.5511588286726434,1.9696819086765285,4.078765242969075,2.0707735726271075,0.616962043846272,-75.92594809136527,14.074051908634715,14.074051908634729
534,3.3999581931683647,2.589026036544526,4.928859951726998,1.9037506313784929,0.7379024927701952,43.37569042069224,-46.62430957930776,46.62430957930776
535,2.5606603842001854,2.2256747534971577,3.3059786005314318,1.485382621758554,0.6734023533796972,25.444784432468687,-64.55521556753132,64.55521556753132
536,1.6344304437273447,1.4681502910533055,1.9328276877915045,1.3165053329825125,1.073566409646154,60.80806419302962,-29.191935806970378,29.191935806970378
537,2.332352078688221,2.1410579064288195,2.6577479574612504,1.241324650529534,0.989200935851648,83.7347424716396,-6.265257528360394,6.265257528360394
538,2.708155340592215,2.481571837170047,3.0424356926250256,1.2260115331154713,1.019734081358946,41.29123233745317,-48.70876766254683,48.70876766254683
539,1.2466946262544771,1.1103145207755416,1.4909326902589792,1.3428021181039589,1.1240692642626746,72.0928246893555,-17.907175310644504,17.907175310644504
540,9.073397753647033,5.4216608350534585,18.02913315222642,3.3253893411517046,0.4186838429650291,-84.52252388947545,5.477476110524549,5.477476110524549
541,2.8223249975951434,2.060546209208216,7.104830593899858,3.44803264403857,0.3121429444633681,-39.13128726886783,50.86871273113218,50.86871273113217
542,1.3938469657443524,0.9093882608282816,2.260379994438506,2.485604985025565,0.8160209285051192,-47.70141502408283,42.29858497591718,42.29858497591717
543,2.236679259992467,1.8701921436720637,2.8097644573574745,1.502393466288758,0.8927799995183514,-3.563252031556199,86.4367479684438,86.4367479684438
544,6.600568156286851,7.545398383405661,9.769822332319697,1.2948053682369025,0.3598321311597449,17.418494076691186,-72.58150592330881,72.58150592330881
545,1.7071069228001237,1.1897923764870248,2.650064817436971,2.227333835556704,0.8449529240102691,-13.439027540163202,76.56097245983679,76.56097245983679
546,2.373635851463476,1.7804220168710492,3.3747900416958743,1.895500061062377,0.7493629215620972,62.35913547780567,-27.640864522194327,27.640864522194327
547,1.2466946262544771,0.74032665275719,3.2548748147017283,4.396538747564518,0.3917436247364241,-28.094153792913907,61.905846207086086,61.90584620708609
548,1.6784140066373283,1.2746226922511124,3.4189811044944745,2.6823475882546925,0.4319358750020555,29.92085055263963,-60.079149447360365,60.079149447360365
549,1.3223193364400538,1.0757638305095976,2.1033221212578184,1.9551894771006184,0.7285946900406417,40.63414097287703,-49.36585902712297,49.36585902712297
550,1.6344304437273447,1.5392943172753812,1.8274194580767649,1.187180019810232,1.030163019007369,58.46906735044588,-31.530932649554117,31.530932649554117
551,2.279696262327928,1.626277341616562,3.4365590563745982,2.1131445224211074,0.7714757727302234,-87.02455890215404,2.975441097845959,2.975441097845959
552,5.102317657345287,3.6916805002101656,7.2047289153266565,1.9516122575928485,0.8110580014613835,56.59707898776349,-33.40292101223651,33.40292101223651
553,2.434249075164649,2.062465490791402,3.226242922430131,1.5642651655675304,0.7491398543182295,-13.028835814945806,76.97116418505419,76.97116418505419
554,1.5892300566907107,1.221052900508495,2.138977819626254,1.7517486906058688,1.0845554171049725,47.40132152094269,-42.59867847905731,42.59867847905731
555,1.7353254778478429,1.5148820339818074,2.0891349963505226,1.3790743764115507,1.0640106353818166,19.491917783997287,-70.50808221600272,70.50808221600272
556,1.5892300566907107,1.4302836059794175,2.0782480497261844,1.4530321406453226,0.8333051902741891,67.24858567120044,-22.751414328799555,22.751414328799555
557,1.9212854528773184,1.3266786964516266,3.234228519876641,2.437838587841203,0.7308544249393975,18.96059345618519,-71.0394065438148,71.0394065438148
558,22.209891883977104,12.831395095229189,44.240680295037215,3.447846470839811,0.4015811445460126,88.6093684654199,-1.3906315345800948,1.3906315345800948
559,1.857010129468512,1.62673670034749,2.3184850454379893,1.4252368222483294,0.8519700851357996,-9.166832834123412,80.83316716587659,80.83316716587659
560,1.9086035621207809,1.582948497952543,2.4279712626255168,1.5338283372870083,0.9877872816044146,83.42143739902515,-6.578562600974848,6.578562600974848
561,1.5738748168108194,1.4449958701958523,1.9833616486142231,1.3725725377646938,0.8876560291772969,53.79130081753532,-36.20869918246468,36.20869918246468
562,1.3038244488524504,1.003574537296929,1.808552690558483,1.802110977655648,1.009407553104965,-37.01517632597348,52.98482367402653,52.98482367402652
563,1.6784140066373283,1.3638210282294654,2.137551268927889,1.5673253489153876,1.0835909093711755,-88.26066235547486,1.7393376445251363,1.7393376445251363
564,1.6195038256468852,1.5026860109429665,3.630844791652723,2.416236502643885,0.3537327202351677,-45.68340086024013,44.31659913975989,44.31659913975987
565,3.3423276084952747,3.092124601379441,5.368807542522981,1.7362843464095457,0.4933435290758673,-81.46442529158986,8.535574708410138,8.535574708410138
566,1.7630924485867383,1.261674981781011,3.204110116126255,2.5395685595693243,0.5765741105858952,83.35809892176391,-6.6419010782360886,6.6419010782360886
567,1.3038244488524504,1.0288788321999518,2.085056922921442,2.026533016004584,0.7715334645574059,-17.20374562867065,72.79625437132935,72.79625437132935
568,1.895836839826219,1.5278779195244814,2.456971430880017,1.608094075765357,0.9909745973710876,86.38186492505957,-3.618135074940426,3.618135074940426
569,11.88249428876377,6.565722519162416,23.906820242828893,3.641156045363712,0.4592855266649653,-40.171336705509525,49.82866329449047,49.828663294490475
570,1.7630924485867383,1.252977831787616,2.610332776679249,2.083303240054218,0.8687605991189133,-84.15025742512644,5.849742574873574,5.849742574873559
571,3.785263406801592,2.471532897449868,6.015350323020767,2.433854038207388,0.741597883438424,-57.97611630373567,32.023883696264335,32.02388369626433
572,3.3928079051421145,3.0073211317550164,4.069940792774855,1.3533442603782435,0.8124325161153533,-8.068982217282976,81.93101778271702,81.93101778271702
573,6.039556755880287,3.470619448342372,11.607796985233705,3.344589390455294,0.4575750038804727,-27.26512715894461,62.73487284105539,62.73487284105539
574,1.6044383463340146,1.5028983791313055,1.914629480727632,1.2739580448774666,0.9497667708557974,-38.62139673421639,51.378603265783624,51.37860326578361
575,1.7768132193231367,1.3337153574837195,2.7087546368307005,2.03098406390193,0.7573392671337332,-12.543260413269437,77.45673958673056,77.45673958673056
576,2.598319175852673,1.976362428653168,3.630834070006377,1.8371296769088463,0.8372372368313903,3.65485467214477,-86.34514532785523,86.34514532785523
577,1.5108941070107518,1.325767354145285,1.889748984871332,1.4254001495531188,0.960759147713826,9.551505207508072,-80.44849479249193,80.44849479249193
578,3.2390076512937704,1.8126143267485315,6.093389356521225,3.3616579470888057,0.5148098137554131,-3.8466188448926366,86.15338115510737,86.15338115510737
579,2.881928179315977,2.576839680119405,3.458055681862794,1.3419754859186876,0.8468238845738707,-65.46749011384333,24.532509886156674,24.532509886156674
580,4.742153349198346,2.9545565805381373,12.364937546380492,4.185040025237345,0.2879448714771824,10.171060139750493,-79.8289398602495,79.8289398602495
581,3.116736565636193,2.6620282328107243,3.758187532077168,1.4117759856021717,0.9449200616267152,-31.2738940755062,58.726105924493794,58.7261059244938
582,2.1480624384075764,2.2567671890774497,2.817812052263387,1.2486055566127263,0.6197296968493239,45.74727327238599,-44.25272672761401,44.25272672761401
583,2.055628946700877,1.8909776324074663,2.389119833903261,1.263431038505513,0.9048353955723089,-50.22316819230525,39.77683180769475,39.77683180769475
584,3.38564251614032,1.431746967429622,9.915992248177552,6.92579937220295,0.2696823113664429,-4.435853794853415,85.56414620514659,85.56414620514659
585,1.4947343471339476,1.3654596252371842,2.081302254312338,1.5242503079875465,0.7146246146275542,31.81632698738497,-58.18367301261503,58.18367301261503
586,3.7595130166658177,2.671634590266533,5.599535430917603,2.095921145548191,0.6571433669895012,12.64563173445335,-77.35436826554665,77.35436826554665
587,21.36044894461201,10.01522661973851,53.560613652491455,5.347918293424486,0.2710792439591927,-20.460585450839066,69.53941454916094,69.53941454916094
588,2.424252116806765,1.4629674840012714,4.303445070932296,2.941586274468802,0.6235560157462411,-3.0654210410929723,86.93457895890703,86.93457895890703
589,1.5738748168108194,1.2157127513686696,2.3357373800597103,1.921290516555081,0.7575512873504076,25.3464971275486,-64.6535028724514,64.6535028724514
590,11.974110867070994,11.284797388610016,12.894431260449563,1.1426373745499574,0.8498805060995893,-83.21700827273074,6.782991727269263,6.782991727269263
591,1.4282681233264556,1.2393967538216275,1.9992124054578448,1.6130528011255134,0.8317031351997638,-57.01028336964993,32.989716630350074,32.98971663035007
592,2.770216054293097,2.378043288265745,3.348405184644004,1.4080505603772766,0.9246819507390304,71.01294755669493,-18.987052443305075,18.987052443305075
593,1.9212854528773184,1.498377012668617,2.6205145937851686,1.7489020264119106,0.8084238558714752,-36.19553432694721,53.80446567305279,53.80446567305279
594,2.332352078688221,1.9393715101015443,2.871325672863821,1.4805444227204718,1.0103568659437352,-7.01306948872279,82.98693051127721,82.98693051127721
595,1.340559085464394,1.1524293498277995,1.677176129546738,1.455339652532581,1.117909786626065,-16.8307193622375,73.1692806377625,73.1692806377625
596,1.7904288454052892,1.5824867912791012,2.141125146075452,1.3530129653371776,1.059547589741369,-25.155029502743563,64.84497049725644,64.84497049725644
597,1.3223193364400538,1.081673928310216,1.8473761621934837,1.7078863730028533,0.8676575922854615,-21.83210993934696,68.16789006065304,68.16789006065304
598,1.3938469657443524,1.029443687939848,2.199203514971238,2.136302879638173,0.7477653208445237,-78.60815685591186,11.391843144088142,11.391843144088142
599,1.6044383463340146,1.4151320049706615,2.636941669581085,1.86338918229452,0.5578458586573488,-86.24754420343348,3.7524557965665224,3.7524557965665224
600,2.9070983356311,2.488387496736905,3.50214140162146,1.40739390718444,0.925582400062674,-67.90765435295839,22.09234564704161,22.09234564704161
601,1.340559085464394,1.1543416398904909,1.7285066492848549,1.497396082366771,0.9761197125028218,-47.36387826923689,42.63612173076311,42.63612173076311
602,2.383845085036066,1.8389911103913943,3.384411057946247,1.840362924443903,0.7449064762781414,71.94026739239074,-18.059732607609263,18.059732607609263
603,1.6044383463340146,1.2685524496174856,2.245800792465489,1.7703649487592563,0.8855725231615972,0.0144997531622207,-89.98550024683777,89.98550024683777
604,2.2582901895629326,1.7144614976732235,3.274726374164155,1.9100611933300573,0.7985843578927116,36.33482550150218,-53.66517449849782,53.66517449849782
605,1.7212740281460053,1.4487303988867497,2.143877662718048,1.479832040775476,0.9792788329427808,-62.571541896521445,27.42845810347856,27.428458103478555
606,1.340559085464394,0.9643833702298684,2.264919991895408,2.3485680713838377,0.6667660171886501,64.56168118730862,-25.438318812691378,25.438318812691378
607,1.749264059016166,1.468632453763128,2.1644878122762337,1.4738117809735791,1.0246742143977052,-72.98967505409757,17.010324945902425,17.010324945902425
608,1.3038244488524504,1.0546715733206498,1.90343966179948,1.8047700440113985,0.8627937112869424,-59.04025643310318,30.959743566896805,30.95974356689682
609,1.4282681233264556,1.3611686276238018,1.550631070254609,1.1391910148278634,1.265873231194797,-9.251565497816028,80.74843450218397,80.74843450218397
610,1.5738748168108194,1.2920682760165885,2.1959248800553586,1.6995424474202985,0.8162886881200868,-40.53386235240677,49.46613764759323,49.46613764759323
611,1.9212854528773184,1.4510556587078702,2.7763287919491937,1.9133165397814216,0.8041600614705686,50.44313087887344,-39.55686912112656,39.55686912112656
612,1.4282681233264556,1.275019014571901,2.0536910462767266,1.6107140543047287,0.7742454787265246,-81.6606341274593,8.339365872540697,8.339365872540697
613,1.7353254778478429,1.1143671399543118,2.929510254162191,2.6288555621644574,0.7893043254758301,-76.26960179307844,13.730398206921564,13.730398206921564
614,2.672044986969093,1.7803593783842873,4.301097438669461,2.4158591186082865,0.6938702963725599,83.39678036684985,-6.603219633150147,6.603219633150147
615,1.461879030667795,1.30559710538012,1.8501578101231968,1.4170970527577342,0.9109339609041924,-37.51533320157462,52.48466679842538,52.48466679842538
616,1.5108941070107518,1.1956582271895178,2.024252130385745,1.6930023014552398,1.0767053073121018,-81.1990972688364,8.800902731163603,8.800902731163603
617,2.7260311474694987,1.876542465142784,4.739601167791798,2.525709519411897,0.5885628373159171,-46.64263395568292,43.357366044317075,43.35736604431708
618,2.1480624384075764,1.900726279658348,2.63827617665228,1.3880358286657168,0.8497890495900019,71.84539095711779,-18.154609042882214,18.154609042882214
619,1.946401361393312,1.8029149702233371,2.2513991370302238,1.2487550296125889,1.0029949210106217,-27.153071612998787,62.84692838700121,62.84692838700121
620,20.705783162727386,18.262215320460516,25.57243569237371,1.4002920918210298,0.5166486310884829,51.74836518440976,-38.25163481559024,38.25163481559024
621,1.6784140066373283,1.210241529909493,2.599500286117697,2.147918594656142,0.7968184818591971,-20.82688256835642,69.17311743164358,69.17311743164358
622,1.5108941070107518,1.024631665126654,2.5504569761135016,2.489145185453781,0.722973688617055,-40.33897348472693,49.66102651527308,49.66102651527307
623,12.536876705970364,8.920386249359638,18.494174550177885,2.073248179304513,0.6079209969943706,-5.693489622217053,84.30651037778294,84.30651037778294
624,2.373635851463476,2.158419765296401,2.6642168715908983,1.23433676545537,1.0285612944207678,-5.984276250555324,84.01572374944467,84.01572374944467
625,2.192818546001692,1.9332981766386388,2.701522826860728,1.3973648035802608,0.8507198718749435,47.56881724913802,-42.43118275086198,42.43118275086198
626,1.6044383463340146,1.4109479686425088,1.941399991402828,1.3759543473957254,1.059263116033413,47.10216511253292,-42.89783488746708,42.89783488746708
627,1.749264059016166,1.820942098156572,2.073985489689054,1.1389628982649422,0.7680775386620653,66.31123858771586,-23.688761412284137,23.688761412284137
628,1.4783979621211876,1.2349460368272471,1.873682320184893,1.517217970915272,1.0606558996386986,69.30312852229962,-20.696871477700384,20.696871477700384
629,3.7659671210165375,3.133784249700812,4.692906954550124,1.497520754658897,0.8697229164733012,-89.32584012454316,0.6741598754568372,0.6741598754568372
630,1.5892300566907107,0.7706363455756866,3.7057526486403782,4.808691764819474,0.4722014625582995,55.070646969616575,-34.929353030383425,34.929353030383425
631,2.6991730427448086,2.014280486462834,3.862988702719847,1.917800787269417,0.8055880859063833,16.76088536779765,-73.23911463220236,73.23911463220236
632,4.00352060720269,3.467224316580229,4.749121501647431,1.369718561022194,0.9305295744937284,60.552537957584974,-29.447462042415026,29.447462042415026
633,1.6492219709549814,1.4807730504589969,1.9107927557101023,1.290402168730591,1.079006661144478,46.09747887250101,-43.90252112749899,43.90252112749899
634,1.7904288454052892,1.310839459420605,3.2457834237359915,2.4761105567959008,0.5420015329448629,-3.063458830307372,86.93654116969263,86.93654116969263
635,5.121320768400371,5.244673091198402,5.495505894103881,1.047826203567659,0.6959284631673129,26.82351647776572,-63.17648352223428,63.17648352223428
636,49.91743332432916,25.162654851808924,120.5804815774173,4.792041312316012,0.238649982935115,39.37145769502987,-50.62854230497013,50.62854230497013
637,1.3938469657443524,1.1735882365742198,1.7701533862918923,1.5083257748553145,1.0378824502550583,88.86713090094163,-1.132869099058368,1.132869099058368
638,2.778968733462305,2.3216941009675462,3.940279129712656,1.6971568855994328,0.6970020117729334,54.66866722018642,-35.33133277981358,35.33133277981358
639,1.526882849696625,1.4792188896614893,1.66813486900906,1.1277133361856968,1.0565978805811989,-81.92912117160874,8.070878828391244,8.070878828391258
640,12.018647020653397,8.653952767018126,17.640837915748584,2.038471712369543,0.7151708013274677,-54.96295486320319,35.03704513679682,35.03704513679681
641,2.1480624384075764,1.9743431396677436,2.609587644332858,1.3217497971360836,0.8252140775834519,64.81061129637567,-25.18938870362433,25.18938870362433
642,1.526882849696625,1.097026546844265,2.29907734963372,2.0957353823818625,0.8308582982324717,-78.3811765323243,11.618823467675696,11.618823467675696
643,1.340559085464394,1.1074284433741972,1.878083110185226,1.695895677433514,0.9283895332117964,-11.89669777915533,78.10330222084467,78.10330222084467
644,3.356828013274657,2.418170179181089,4.853268696418534,2.007000474243748,0.8093740626484502,14.13680992567305,-75.86319007432695,75.86319007432695
645,12.191181909047106,10.511527129319646,14.793317829910958,1.4073424011481812,0.652290540581989,-29.91196516558313,60.088034834416874,60.088034834416874
646,2.043780842560348,1.4227195841268714,3.350741479843278,2.355166483421708,0.6551419365607161,80.9476724151301,-9.0523275848699,9.0523275848699
647,1.5738748168108194,0.9426793295681828,3.245834666753634,3.4432012721022187,0.5347502578172479,72.8418532154004,-17.158146784599595,17.158146784599595
648,1.5583682828180965,1.4697247713305817,1.7051975868147762,1.1602155859909842,1.146214077658945,88.68979802824028,-1.3102019717597244,1.3102019717597244
649,4.937839357161183,2.5654291482614493,11.117044622247152,4.333405438143165,0.3954013164212001,13.65534059388469,-76.34465940611531,76.34465940611531
650,5.657542246461382,5.341280428516257,8.983701863608337,1.6819378768517308,0.397348381378956,47.73348687406626,-42.26651312593374,42.26651312593374
651,2.5511588286726434,1.780044755251397,3.8132225732431273,2.1422060102666256,0.8240275184456026,-38.92533793039153,51.07466206960848,51.07466206960847
652,1.542705892513396,1.4155595894149249,1.841333990939056,1.3007816871207172,0.9477643078828764,39.99601009927932,-50.00398990072068,50.00398990072068
653,1.95883855734249,1.5296743381985922,3.1164456352304795,2.037326218664644,0.664393844451833,-54.03240378268745,35.96759621731255,35.96759621731255
654,4.664704157376443,3.2990527768576148,6.690468642444684,2.027996850907438,0.8574039519312776,-6.917303819131647,83.08269618086835,83.08269618086835
655,3.5808576908105785,3.1707803639267085,4.175600949087295,1.3169000907764588,0.9485301730939152,4.587326635542699,-85.4126733644573,85.4126733644573
656,5.6144529501561085,4.259958590685304,7.777380878361452,1.82569400917822,0.7697721184584613,-2.688079394117096,87.3119206058829,87.3119206058829
657,2.1138735858617226,1.4659519027915875,3.37796674998874,2.3042821142741,0.7773803219058146,64.05508583892855,-25.944914161071452,25.944914161071452
658,1.4783979621211876,1.3517268205457342,1.6571818267351195,1.2259739183587877,1.2391918724658864,18.67546067755279,-71.32453932244721,71.32453932244721
659,3.132281482844322,2.055864481472964,5.275144501790619,2.565900889542651,0.6830796021584851,34.26874421581316,-55.73125578418684,55.73125578418684
660,1.5108941070107518,1.5360640670572687,1.7353142135131865,1.129714736988564,0.8708145965986649,-80.6289190726346,9.371080927365398,9.371080927365398
661,1.749264059016166,1.5046221567137412,2.50894346731244,1.6674907092902618,0.6822344205237767,79.61887633707882,-10.381123662921183,10.381123662921183
662,1.4451712930335778,1.0721474275491674,2.1554022410824656,2.0103599427641416,0.8760220086405645,54.48776178008388,-35.51223821991612,35.51223821991612
663,1.461879030667795,1.2492180089309777,1.7708304871212066,1.4175511995993404,1.1831274087480292,-10.766558477124391,79.23344152287561,79.23344152287561
664,2.734925236834042,2.236958520778099,3.722256285151437,1.6639809145216942,0.7327510471495788,-77.5309700887701,12.469029911229882,12.469029911229896
665,1.749264059016166,1.4710053706796646,2.358054239239888,1.603022182135453,0.799488333089527,57.54229688077352,-32.45770311922648,32.45770311922648
666,1.3938469657443524,1.212843187844513,1.7584155124043537,1.4498292359867575,0.9241410743624866,81.12150020278808,-8.878499797211916,8.878499797211916
667,1.3038244488524504,1.3316301442539429,1.3945454981361165,1.047246868174062,0.989681590545622,-8.269912000614443,81.73008799938556,81.73008799938556
668,2.102353753036351,1.6239344601475187,2.8515184945745635,1.7559320062187305,0.9243414581493832,-0.0768656319023902,89.9231343680976,89.9231343680976
669,1.4282681233264556,0.9837367678417352,2.2440548918454044,2.281153826108115,0.9401180393619802,-29.061362281478463,60.938637718521534,60.938637718521534
670,1.4111624987975715,1.0036171722808809,2.117412461021783,2.109781019598961,0.9037963441958184,-7.33309647966454,82.66690352033547,82.66690352033547
671,1.3585539723246187,1.0093062735669065,2.117057456801863,2.0975372017852854,0.792559727884403,56.1195105796558,-33.8804894203442,33.8804894203442
672,1.8039417076383557,1.406919946705409,2.717458414866078,1.931494696076748,0.6824592582099982,69.21111829533609,-20.788881704663908,20.788881704663908
673,1.4111624987975715,1.243889126822005,1.8697855272031043,1.5031770009761187,0.8425889059390071,78.7385146678149,-11.261485332185103,11.261485332185103
674,1.526882849696625,1.2434046031073445,1.9374532502403423,1.5581840741127446,1.128920360698254,79.38400285510383,-10.61599714489617,10.61599714489617
675,1.8829835605082688,1.2147737612936869,3.552598569712889,2.924493994609753,0.5959468775619535,-15.80864994559107,74.19135005440893,74.19135005440893
676,1.7904288454052892,1.282601948006484,2.5900682803461805,2.0193858931618327,0.9424647033144404,-75.81397012997753,14.18602987002248,14.186029870022466
677,7.763740111277216,4.186445085836118,15.563909490308786,3.717691065139186,0.4525159037353913,4.263871004953027,-85.73612899504697,85.73612899504697
678,2.708155340592215,2.171571229319148,3.6959778499544056,1.7019832460725708,0.8267088739212788,13.959787385520247,-76.04021261447976,76.04021261447976
679,1.4783979621211876,1.328717782383966,1.6948237103985488,1.2755332493238112,1.1898970575838792,13.40113526781347,-76.59886473218653,76.59886473218653
680,1.3938469657443524,1.0954232291163284,1.9648150511218516,1.7936583768694192,0.9557583771139456,78.70112629083262,-11.298873709167381,11.298873709167381
681,1.4111624987975715,0.9804073278699258,2.2373771209310838,2.2820893493239214,0.8715271000872411,-12.608500786890094,77.39149921310991,77.39149921310991
682,14.665230873919494,14.2209595595999,15.490493901824491,1.089272059097277,0.8320067460980469,65.30232165469094,-24.697678345309058,24.697678345309058
683,1.2660243778180809,1.1466837850188207,1.428610846737553,1.245862953154173,1.3670270247562315,67.56254987823723,-22.437450121762765,22.437450121762765
684,1.186817925731738,1.0984277297369889,1.3981855351456076,1.272897157722333,1.128400769242154,5.535101288969682,-84.46489871103032,84.46489871103032
685,1.6044383463340146,1.1769230169800855,2.5239253558261674,2.1445118494686337,0.7899184259460535,11.38024285985678,-78.61975714014322,78.61975714014322
686,4.204707506072702,2.372212521622813,7.633961451849427,3.2180765349923584,0.6707999871613194,89.97121508070875,-0.028784919291254596,0.028784919291254596
687,7.656648911640603,5.287450675824934,12.184792507807886,2.3044739809146013,0.5760241102806939,13.154474776608865,-76.84552522339114,76.84552522339114
688,1.5738748168108194,0.8407626654478368,3.2197239919429173,3.8295277897810953,0.6042238466264258,-21.5835566383944,68.4164433616056,68.4164433616056
689,2.3009031958488952,1.4095283440838773,4.053282376979666,2.875630273057117,0.6042570907001008,-0.5505082224483028,89.4494917775517,89.4494917775517
690,1.9212854528773184,1.8292870954013196,2.1802065947635128,1.1918340211574097,0.9425309151350392,-89.49221107814252,0.5077889218574683,0.5077889218574825
691,1.5738748168108194,1.121229689118108,2.773143646565683,2.4733055800073145,0.670609397306612,43.99661554121589,-46.00338445878411,46.00338445878411
692,2.055628946700877,1.738919611624825,2.758545456097198,1.5863559405829275,0.907025963789144,-51.0270420248466,38.972957975153406,38.9729579751534
693,1.933884181003576,1.5934816122079996,2.450916299036672,1.5380888491336733,0.9173789666910164,-5.21464394398147,84.78535605601853,84.78535605601853
694,1.95883855734249,1.579789722251973,2.592238294085267,1.6408755276557057,0.8827026560439779,29.872354347383983,-60.12764565261602,60.12764565261602
695,2.839482146491885,1.9885438542648008,4.909680006339238,2.468982514923933,0.5538131282724358,-45.12432141512064,44.87567858487935,44.87567858487936
696,1.5108941070107518,1.180368605810861,2.0127182062242728,1.7051607407345648,1.006588266394948,-80.04406956296349,9.9559304370365,9.955930437036514
697,3.305798341100134,2.2720324002519736,5.015061813889048,2.2073020672297043,0.7697956825589786,-43.86463430168966,46.13536569831035,46.13536569831034
698,4.52195406380943,5.211286726997109,7.490995607198419,1.4374560448557283,0.3962823053376293,31.435636879326832,-58.564363120673164,58.564363120673164
699,1.376313601551939,0.9999146512528088,2.2006025703434764,2.200790405047378,0.9029723910433496,-17.533751749578826,72.46624825042117,72.46624825042117
700,3.574069328893803,2.621823195978958,6.322559288248478,2.4115124536030006,0.476706497531224,-1.51516897856783,88.48483102143217,88.48483102143217
701,4.543385245782498,4.483903617840237,4.840222227350945,1.0794661616037,0.8725403465968435,7.742915104462733,-82.25708489553726,82.25708489553726
702,3.170810378792584,1.6940988421293868,6.3299859665111065,3.736491525225689,0.5851324191163053,42.05061834822603,-47.94938165177397,47.94938165177397
703,12.470841574704362,11.378508194234216,17.162332670004492,1.5083113161267565,0.3436865708987972,-10.08491466829163,79.91508533170837,79.91508533170837
704,14.54217312722274,9.84285083833381,25.69220167217524,2.6102398679166003,0.3010206669428281,-5.7200621257628645,84.27993787423713,84.27993787423713
705,2.512793352570581,1.796148947684726,4.532480845566756,2.523443755268303,0.5820304460534641,42.419375356172445,-47.580624643827555,47.580624643827555
706,1.376313601551939,1.1017597849974812,1.9370606895409608,1.7581515643588217,0.923149041689682,39.37523243264154,-50.62476756735846,50.62476756735846
707,3.0537656993932494,1.8768348846986784,7.018157837343653,3.739358158014205,0.3766991200490099,-13.965454743793911,76.03454525620609,76.03454525620609
708,1.340559085464394,1.0763765438002626,1.751578578119951,1.6272916649928246,1.1675207222056323,-48.3252193336082,41.6747806663918,41.6747806663918
709,1.7071069228001237,1.3191184959038948,2.27438695201136,1.7241718307140328,1.036648271397642,60.67842933924295,-29.321570660757047,29.321570660757047
710,1.8829835605082688,1.6743896277219217,2.345923855271352,1.401062104322207,0.8249834428192457,-48.21035954473143,41.78964045526857,41.78964045526857
711,3.335053763946224,2.5325691434692006,5.177019383146566,2.044176916747436,0.6078094905821579,-18.963933143738668,71.03606685626133,71.03606685626133
712,1.7630924485867383,1.2373104413512086,2.664119102158057,2.1531533341371447,0.9067995267650856,-49.55289261045015,40.44710738954984,40.44710738954985
713,6.33395716474617,4.541530965002794,9.930020782189947,2.186491925016268,0.5393621226892886,-66.00036244797913,23.999637552020886,23.99963755202087
714,1.933884181003576,1.3312248140373049,3.163881213507944,2.376669350019555,0.7297327094407251,-4.888770520382069,85.11122947961793,85.11122947961793
715,4.554063016668723,3.081191534452492,6.870910086020987,2.229952279562492,0.7773442659182609,30.19336726095437,-59.806632739045625,59.806632739045625
716,1.4111624987975715,1.0882094467212446,2.19360483680855,2.0157928636052937,0.7184639973009932,-73.45080311908377,16.549196880916213,16.549196880916227
717,3.2464966963232005,2.581118578800184,6.174618094520674,2.392225659539789,0.4460674139030512,7.616997459319789,-82.38300254068021,82.38300254068021
718,1.7904288454052892,1.1156221282222931,3.28836335619416,2.947560175625109,0.680930748144683,-9.038385977222813,80.96161402277718,80.96161402277718
719,2.181715595945335,1.477012597149601,3.399200479873953,2.301402497469465,0.8182470105690856,-8.117950605191185,81.88204939480882,81.88204939480882
720,1.2660243778180809,1.1167968735073786,1.595187407942685,1.428359485761173,1.031870087769555,-62.5041210531273,27.495878946872693,27.4958789468727
721,1.2660243778180809,1.0547070593483687,1.603696027699142,1.520513220694622,1.128442873441491,-72.25162387893027,17.748376121069725,17.748376121069725
722,5.357705511862354,4.163010588891364,7.811043651446541,1.8762968492776928,0.6686875867789174,-0.0434668189101029,89.9565331810899,89.9565331810899
723,1.3938469657443524,1.1652459055581108,1.70909939613122,1.4667285145384166,1.2194090843582963,47.18326739577624,-42.81673260422376,42.81673260422376
724,1.2071068813224677,1.0424916946819918,1.4702509023376336,1.4103238518232302,1.2427518406874831,-21.477295755556373,68.52270424444363,68.52270424444363
725,3.8865592500870334,3.0020134682222843,6.025188456538342,2.0070491089789497,0.6161492692268872,-4.216908424301491,85.7830915756985,85.7830915756985
726,1.542705892513396,0.9558040430349924,3.122249300900239,3.2666207301091443,0.6067310110096836,55.37565633014358,-34.62434366985642,34.62434366985642
727,1.2850634067342854,1.1898872819298305,1.7597405288178578,1.4789136379067815,0.8176629620084136,-87.16977502931212,2.8302249706878797,2.8302249706878797
728,1.4947343471339476,1.18511587218812,1.997261735886536,1.685288150093647,0.9665678852938392,-29.911825839597107,60.0881741604029,60.08817416040289
729,1.3585539723246187,1.0500753596944803,1.8317256350494515,1.7443754090014951,1.1251666635732462,-18.35753971677174,71.64246028322826,71.64246028322826
730,2.090770448616529,1.861919443681633,2.524052730823877,1.355618654388713,0.940956926612324,-23.53199031042696,66.46800968957304,66.46800968957304
731,1.9956851445118324,1.4542309522431842,2.937371311255119,2.0198795155089755,0.910837394637062,-57.97363174284647,32.026368257153536,32.02636825715353
732,4.767690170072132,3.708786210479315,6.527335663498265,1.7599654693104263,0.7049717937319375,-6.001844041637645,83.99815595836236,83.99815595836236
733,1.933884181003576,1.4144611876662383,2.9021620044482987,2.051779171994576,0.8904190215630535,-39.8939092713739,50.1060907286261,50.1060907286261
734,1.5892300566907107,1.142844697136267,2.5484403236599187,2.229909566930472,0.7496065885945212,-45.38387669394568,44.616123306054305,44.61612330605432
735,1.3038244488524504,0.937308976096172,1.9805643266275088,2.113032497433689,0.8860281811999619,74.71112054161286,-15.288879458387143,15.288879458387143
736,1.2850634067342854,1.2608158550310171,1.4212692099500164,1.1272615301265003,1.0728568798646352,-79.80425140225725,10.19574859774275,10.19574859774275
737,2.653805558851462,2.599637675257157,2.779780353734073,1.0692953022613416,1.0533656238088092,13.092161662349488,-76.90783833765052,76.90783833765052
738,1.4451712930335778,1.2447915779029342,1.7525020619506757,1.4078678656414654,1.115723634024188,12.6766349651471,-77.3233650348529,77.3233650348529
739,1.526882849696625,1.5190749545836957,1.57836860733047,1.0390327367111545,1.2663174648685256,0.826549498058129,-89.17345050194187,89.17345050194187
740,1.6492219709549814,1.222615977668803,2.880290238646379,2.3558421378872465,0.5925389926625243,60.03828686478643,-29.96171313521357,29.96171313521357
741,2.0198761507134417,1.9491581703207188,2.2968319193337474,1.1783712344677608,0.866639134002324,16.85620761268258,-73.14379238731742,73.14379238731742
742,9.553191606468218,5.6969587813366935,19.59397560409287,3.439374648151391,0.3064107362930305,-25.35805762153461,64.64194237846539,64.64194237846539
743,1.895836839826219,1.5888290866126349,2.3082481950967613,1.4527982994180448,1.04848695282213,31.494383556101702,-58.5056164438983,58.5056164438983
744,1.6784140066373283,1.2274549326603643,3.13209473918959,2.551698360445008,0.5913579219109154,32.09597499026656,-57.90402500973344,57.90402500973344
745,2.6169453581990307,1.5546933571824406,4.534898070437195,2.9169083726296723,0.7544116515048754,8.939934488385227,-81.06006551161477,81.06006551161477
746,6.98663619121232,5.090896211396776,9.932750409550804,1.9510809093524184,0.7708373901997086,-45.24947699014278,44.750523009857204,44.75052300985722
747,2.6991730427448086,1.919214494663604,4.089542479784167,2.1308418059342413,0.7300767938944219,12.013336570439323,-77.98666342956068,77.98666342956068
748,1.5892300566907107,1.1736719411887089,2.2587578364868923,1.9245223108931069,1.0223282308190411,-44.82117004133895,45.178829958661055,45.17882995866105
749,2.031863651507851,1.5448457335842574,2.985131454832208,1.932316858529484,0.7435403391308583,-28.68275535659561,61.31724464340439,61.31724464340439
750,1.749264059016166,1.5748135395601115,2.0608569687662266,1.308635541285656,0.9448726929013348,41.43068886407511,-48.56931113592489,48.56931113592489
751,3.98528123850789,2.75074917814723,6.1291695272248,2.2281818989229354,0.7295130695732334,11.871185404335284,-78.12881459566472,78.12881459566472
752,1.895836839826219,1.058486141591778,4.227690008345856,3.99409103456768,0.4543963050782703,-22.205516109647945,67.79448389035205,67.79448389035205
753,1.542705892513396,1.1324535097391284,2.3046081192292176,2.0350575978700496,0.8858300172660353,10.924201472176478,-79.07579852782352,79.07579852782352
754,4.716478264216189,2.916270207798307,7.785527234970773,2.6696865105818173,0.7153355730446425,12.04211977011301,-77.957880229887,77.957880229887
755,1.2071068813224677,1.1042430398530425,1.385845234431761,1.2550183106575847,1.2691371101177444,-39.649324638050416,50.350675361949584,50.350675361949584
756,2.4541208259039915,1.6892895425209111,3.722121074374622,2.2033647759519868,0.8249964983487351,25.7905505979609,-64.2094494020391,64.2094494020391
757,1.6344304437273447,1.6018143488780885,1.7466165605486934,1.0903988728606562,1.0268303158723435,-51.98342507379076,38.016574926209245,38.01657492620924
758,2.102353753036351,1.8606940244859755,2.482711754670754,1.3342933991291843,0.9564263142915118,72.65291752997723,-17.34708247002277,17.34708247002277
759,3.681181238855987,3.4120217082848083,4.062767988429797,1.190721611930222,0.9600832188681784,-52.71453457597932,37.285465424020686,37.28546542402068
760,1.5738748168108194,1.372423890426872,1.915796551615124,1.395921890443953,0.9954888525809792,56.90560414870409,-33.09439585129591,33.09439585129591
761,1.9956851445118324,1.7863508015446414,2.3623274800873797,1.3224320094601216,0.8573163109134506,-60.81950707591479,29.1804929240852,29.180492924085208
762,1.8173540983129992,1.4497275086337695,2.4225167700221446,1.67101524637905,0.9896849044092236,80.8422059604527,-9.157794039547298,9.157794039547298
763,1.3585539723246187,1.2982710539197566,1.4845414119511675,1.1434757075335087,1.1882140404619117,41.27523182038296,-48.72476817961704,48.72476817961704
764,2.5416217529397453,2.858326333847435,6.565709997452859,2.2970470235339158,0.2411647826013714,-79.28582422439051,10.714175775609476,10.71417577560949
765,26.757687135413605,20.53345259161973,44.78776430071293,2.181209618834002,0.3500926976509151,-54.36326219938852,35.636737800611485,35.63673780061148
766,1.95883855734249,1.3147392696502231,3.2414603111973825,2.4654776700020147,0.6829587416697802,55.31014693745589,-34.68985306254411,34.68985306254411
767,1.376313601551939,0.9744584768820116,2.1297346593650435,2.185557116994441,0.910068107603298,-85.12971116536438,4.87028883463563,4.870288834635616
768,1.895836839826219,1.6912234499126444,2.729968516738721,1.614197412458851,0.6282456334244573,34.155071072952765,-55.844928927047235,55.844928927047235
769,1.3585539723246187,1.065428418426001,2.087453657655737,1.9592622287470176,0.8110224373131342,48.132747484952695,-41.867252515047305,41.867252515047305
770,1.5108941070107518,1.3047038954442178,1.8299174937473808,1.4025538669249864,1.0051768802535723,-80.590954613856,9.409045386143987,9.409045386144001
771,1.6344304437273447,1.2396904044943795,2.4173357011814374,1.9499511268439416,0.7902280046342638,26.68691980297933,-63.31308019702067,63.31308019702067
772,1.7768132193231367,1.6042930683686747,2.386354879374255,1.4874806395572224,0.7831638684198539,-74.04734832717439,15.952651672825596,15.95265167282561
773,4.279132885865594,3.8448316338096777,5.069661356540704,1.318565242743125,0.8483230152861657,83.41153613484036,-6.588463865159639,6.588463865159639
774,1.6044383463340146,1.1807668928573074,2.339325501105028,1.9811916435463013,0.8394091704099411,18.60040408490593,-71.39959591509407,71.39959591509407
775,1.3223193364400538,1.192834713695026,1.5693808026303984,1.315673315516574,1.1155259864865938,-28.59030005234805,61.409699947651944,61.40969994765195
776,1.9086035621207809,1.8383316168902009,3.0547728437248045,1.6617093541003158,0.5431191886109846,-76.38955574277409,13.610444257225907,13.610444257225907
777,1.2071068813224677,0.6506483210107452,3.643856885730469,5.60034778860252,0.2713433090764562,-18.050134228403078,71.94986577159692,71.94986577159692
778,1.95883855734249,1.7394692277748018,2.3393242564794043,1.3448494627708711,0.9307460243151122,-88.2629759285686,1.7370240714313923,1.7370240714314065
779,2.570126813468571,2.104500629846166,3.8678616731322113,1.8378999836245915,0.6068070210403436,-59.8662167481854,30.133783251814606,30.1337832518146
780,1.461879030667795,1.0941339784734072,2.0843417435829954,1.905015093755865,0.9572967127477272,2.816749147409437,-87.18325085259056,87.18325085259056
781,3.2688608874546894,4.613507756275815,5.755872965280257,1.247613154535281,0.3000284678476357,-24.932311623590685,65.06768837640931,65.06768837640931
782,1.3938469657443524,1.266217315017362,1.715050109133937,1.3544674273471142,1.0021412473127105,-25.83973633613435,64.16026366386565,64.16026366386565
783,1.843886218520761,1.6623845566241788,2.119791533030543,1.2751511222741536,1.0297680779682783,0.7426483707588877,-89.25735162924111,89.25735162924111
784,2.031863651507851,1.6565978134360246,2.8059216208168545,1.6937856600190515,0.805195260066343,71.2045413198713,-18.795458680128704,18.795458680128704
785,1.7768132193231367,1.3225928205206057,2.719785574119169,2.056404308204693,0.7475196630276703,-28.268367098155466,61.731632901844534,61.731632901844534
786,1.461879030667795,1.0404618277269748,2.4004241172650995,2.307075620937618,0.7486717961910089,46.10426620599338,-43.89573379400662,43.89573379400662
787,18.81306184200667,12.781126585573638,29.082506130165893,2.27542587388126,0.5968768752266851,0.322281971678408,-89.67771802832159,89.67771802832159
788,1.3938469657443524,0.9640533481307916,2.1778266274813216,2.259031236916424,0.933403187285434,11.257248279397997,-78.742751720602,78.742751720602
789,1.4451712930335778,1.0421071544353355,2.196093209544637,2.1073583462101726,0.8515055907997581,-14.60939873753302,75.39060126246699,75.39060126246699
790,1.5108941070107518,0.9719356096612652,2.620391277956958,2.696054401042272,0.7630662571823089,45.970607341053785,-44.029392658946215,44.029392658946215
791,3.855190220202856,3.5937089823622563,4.25117094608408,1.1829480258275262,0.9219519982096288,76.7514118678513,-13.248588132148697,13.248588132148697
792,1.4282681233264556,1.1545078113474276,1.958588716141176,1.6964707357460878,0.9878053156109724,3.285979455532591,-86.7140205444674,86.7140205444674
793,1.5583682828180965,1.282753752049367,2.209977929079822,1.7228387954812785,0.8012549906482588,-71.37845637938949,18.62154362061051,18.62154362061051
794,2.125330979189304,1.6878043851722715,2.828427051279581,1.6758026440314575,0.9345329329302898,3.909979624932615,-86.09002037506738,86.09002037506738
795,2.3114337002746863,1.8109835890765689,3.064526219182747,1.692188840179036,0.9338786442795988,-74.89634071429724,15.103659285702747,15.103659285702761
796,2.708155340592215,2.239545227078721,3.3584684864774577,1.499620747047055,0.9663714859422914,23.71598699507572,-66.28401300492428,66.28401300492428
797,1.5583682828180965,1.280751971515972,2.0004816898998645,1.5619587042540166,1.0591755271533894,2.223429964562605,-87.7765700354374,87.7765700354374
798,5.810018304447808,3.885039778943674,10.022096590213348,2.579663828548575,0.6043344433571356,-88.43354999861492,1.5664500013850784,1.5664500013850784
799,1.376313601551939,1.0703044003130897,1.980923588567528,1.8508039282918585,0.9159000944111498,-26.68089989757345,63.319100102426546,63.319100102426546
800,1.4947343471339476,1.4378236582231267,1.608124676261148,1.1184436054199305,1.2246391674656003,-16.96874380727684,73.03125619272316,73.03125619272316
801,2.125330979189304,1.592025992316742,3.250776340214632,2.041911599372853,0.7855041726756339,1.836424878398691,-88.16357512160131,88.16357512160131
802,1.4282681233264556,1.2250833879150722,1.9163195948374248,1.5642360460856006,0.8843256469411469,12.680253145879188,-77.31974685412081,77.31974685412081
803,2.090770448616529,1.7127136478808358,2.6854486600369984,1.5679495888642805,0.9793873772669464,3.315359821305609,-86.6846401786944,86.6846401786944
804,4.051757535327051,3.7588974374895794,5.881920610384165,1.5647994413788713,0.5872995035573256,85.33680144818089,-4.663198551819107,4.663198551819107
805,1.542705892513396,1.356513998940292,1.8734880650258072,1.3811048514717688,1.090719484589865,15.402596020680072,-74.59740397931992,74.59740397931992
806,1.946401361393312,1.5794904330238295,4.090842952157042,2.589976404178273,0.4624170478811608,4.0694751648404175,-85.93052483515959,85.93052483515959
807,2.414213762644935,2.16009003366352,2.770337277009838,1.2825100962626717,1.0487630040456624,-79.8360487638591,10.163951236140917,10.163951236140903
808,2.102353753036351,1.852160210016428,2.63130165731904,1.4206663349579796,0.904229977928038,54.25723232629588,-35.74276767370412,35.74276767370412
809,1.4783979621211876,1.3337100731287417,1.7347152701626698,1.300668942308588,1.1409195059140915,75.3486464789559,-14.6513535210441,14.6513535210441
810,2.353084504890762,1.7709806295311912,4.684264373005028,2.645011636431638,0.4927001916541407,10.347288113694882,-79.65271188630511,79.65271188630511
811,1.2850634067342854,1.2151359542815403,1.453994467649824,1.196569373596974,1.0631388783080264,-33.288556117375904,56.711443882624096,56.711443882624096
812,2.2582901895629326,1.937240169341836,2.76679212743645,1.4282132753712458,0.980816742769368,-31.944675169073975,58.055324830926025,58.055324830926025
813,1.5583682828180965,1.0364469363542204,2.633804631453066,2.541186180469278,0.7909404561922121,50.77124638743253,-39.22875361256747,39.22875361256747
814,2.031863651507851,1.3686920702234575,3.403328669354365,2.486555408185221,0.7078782004538136,2.677416185761228,-87.32258381423877,87.32258381423877
815,1.7630924485867383,0.8378306318638902,4.3789377836505565,5.226519080483962,0.4649337925776813,-62.51497919998966,27.485020800010346,27.48502080001034
816,1.2270604129519955,0.9406242319558824,1.754562274657763,1.8653168981298969,0.9970891164076296,57.02840423733917,-32.97159576266083,32.97159576266083
817,16.584728990738107,12.340816780248048,23.35152838560828,1.8922190322915493,0.681784354939082,-67.13363370858741,22.86636629141259,22.86636629141259
818,1.5108941070107518,1.243664705936864,2.0164689596428422,1.6213927676944226,0.9658945994910572,36.49991449965135,-53.50008550034865,53.50008550034865
819,2.2582901895629326,1.8060877660882264,3.015749632450953,1.6697691491387,0.8819139906119321,82.19529906007253,-7.804700939927471,7.804700939927471
820,1.9956851445118324,1.8934026669887267,2.1805233896749137,1.1516427158850604,1.034611376576985,7.212232076202624,-82.78776792379738,82.78776792379738
821,1.4282681233264556,1.1439617938332438,1.978455490654291,1.7294768945252834,0.9956291450747357,-8.429420031455942,81.57057996854405,81.57057996854405
822,2.5511588286726434,1.7852181973091523,3.836295481905763,2.1489224609564173,0.7955142310667077,-29.46180792782296,60.53819207217704,60.53819207217704
823,2.5416217529397453,1.5008602241504847,4.680452541247706,3.118513280540119,0.5826567782989762,66.45676848524106,-23.543231514758943,23.543231514758943
824,1.9956851445118324,1.8650939940481628,2.207069552170754,1.1833556695876428,1.0351361105218664,15.584037319134977,-74.41596268086502,74.41596268086502
825,3.804461822802904,2.797674032125281,5.471453721860374,1.955715233094518,0.7920993498128674,-79.635888357378,10.364111642621992,10.364111642622007
826,2.0674091517192297,1.3156326235096327,3.628382847215303,2.7578997224438595,0.6873304071563203,-45.73249211794172,44.26750788205828,44.26750788205828
827,1.4947343471339476,1.0099304747902738,2.267982607806714,2.2456819201120672,0.9851714947695236,1.3791679965468902,-88.6208320034531,88.6208320034531
828,2.644638672880108,2.0142607881179795,3.627556355884983,1.8009367889618615,0.872082268837641,72.1699467450001,-17.830053254999896,17.830053254999896
829,13.50306109011576,9.791793070152854,19.33281239589811,1.9743893950157092,0.7444476797734327,-58.77378598532341,31.2262140146766,31.226214014676593
830,1.340559085464394,1.2247817688357956,1.5222498994368523,1.2428743945819931,1.2267862874130775,-31.326019560910723,58.67398043908928,58.67398043908928
831,1.3223193364400538,0.9880124282922756,1.8508926781311144,1.873349590683064,1.0196019856908387,-1.9843401867296544,88.01565981327035,88.01565981327035
832,2.363382516914025,1.909575541592648,3.005612050991504,1.5739686571837457,0.990332378944728,54.49392183929348,-35.50607816070652,35.50607816070652
833,2.2148574771042746,1.6737328284117252,3.2651104061296365,1.9507954619185164,0.7419782565346396,-89.13842311161012,0.8615768883898909,0.8615768883898767
834,1.9212854528773184,1.197720349064378,3.5019991513191324,2.923887161184817,0.6466026569826768,49.35063820612103,-40.64936179387897,40.64936179387897
835,1.376313601551939,1.2172259654812845,1.7925323781314637,1.4726373154738823,0.9172477930673314,11.601038783677076,-78.39896121632293,78.39896121632293
836,3.62802059538288,2.995726540931927,6.192286537841296,2.067039982866716,0.5210936737648229,-41.28848923174444,48.71151076825555,48.71151076825556
837,2.055628946700877,1.525217713145172,2.892179307755131,1.896240309057996,0.871773529129011,-62.999566867499546,27.00043313250046,27.000433132500454
838,1.3938469657443524,1.1464508815046963,1.843006875399128,1.6075759591027696,1.012603635657099,87.33008858753921,-2.6699114124607917,2.6699114124607917
839,1.6195038256468852,1.2546731271104954,2.167925189202419,1.7278804673175217,1.069332602399696,64.6861416831501,-25.313858316849903,25.313858316849903
840,1.340559085464394,1.1371643527214284,1.6838607306586355,1.4807540586625578,1.0955570145318452,47.68718868616224,-42.31281131383776,42.31281131383776
841,2.4639966035353127,1.542660504115427,4.544155114480469,2.9456611499145886,0.5552968611004745,-27.61140574881828,62.388594251181715,62.388594251181715
842,1.2660243778180809,1.0474704339203829,1.6278286865786755,1.5540569297848128,1.19339823443249,70.22432572067991,-19.775674279320086,19.775674279320086
843,5.293866741283737,2.5542927596043663,11.843342166800486,4.636642421769578,0.4509197119658305,-14.101968273738327,75.89803172626168,75.89803172626168
844,1.3223193364400538,1.3144690989346068,1.4012420491434965,1.0660136858897789,1.204867489876698,86.21024511155488,-3.789754888445117,3.789754888445117
845,1.4111624987975715,1.3012894526075205,1.7775673062674109,1.3660045447271751,0.9398955436803346,-88.62334853675995,1.3766514632400515,1.3766514632400515
846,1.461879030667795,1.2195119896124105,2.250726070811394,1.8455956890811116,0.7551043218838698,-61.99273085486309,28.007269145136917,28.00726914513691
847,1.186817925731738,0.978167817680866,1.9071640358592947,1.949730916706074,0.8073344924850638,49.78471803306275,-40.21528196693725,40.21528196693725
848,1.8306682257451572,1.7679110633814965,1.9507920148693516,1.1034446558290425,1.176216575473572,82.75135889078767,-7.248641109212329,7.248641109212329
849,2.6169453581990307,1.9902840699990887,3.757115593947903,1.8877283150588768,0.844691299090713,-75.36851973773875,14.631480262261249,14.631480262261249
850,1.5108941070107518,1.2000413467746882,2.077069199389637,1.730831362579388,0.9393465368598192,69.7847864763888,-20.215213523611197,20.215213523611197
851,18.48227411360163,7.136483885439131,54.6565458469525,7.658749984494542,0.255873788026352,25.70767442636632,-64.29232557363368,64.29232557363368
852,14.50371276183682,8.828059458948497,34.604066108418834,3.919781722057013,0.2121305102176977,-48.60475642508954,41.39524357491047,41.39524357491046
853,1.2270604129519955,1.214147381097352,1.2966242993904915,1.0679299066795305,1.2841769020437328,-38.6212339195616,51.378766080438396,51.3787660804384
854,2.236679259992467,1.9346140855860672,2.8033841790666414,1.4490663538291106,0.9458188905180112,-36.856251874464,53.14374812553601,53.143748125536
855,2.159338434195847,1.787080277225805,2.6994369617612657,1.510529211341176,1.0167840358098472,-52.03610844603985,37.96389155396014,37.96389155396015
856,2.9070983356311,2.753027740345153,3.152476091737809,1.145094197758638,1.026367243171676,10.666477014943926,-79.33352298505608,79.33352298505608
857,2.8223249975951434,1.5322983938279615,5.487003547763259,3.5808975391899494,0.5672938759812431,-73.60081487381277,16.399185126187234,16.399185126187234
858,1.3223193364400538,0.7356632080282389,3.104499797058484,4.220001439761162,0.4910635936397255,35.475786600461824,-54.524213399538176,54.524213399538176
859,4.6176111539370925,4.164963423518892,6.650057649920901,1.5966665186947555,0.626333773154906,51.270191287148975,-38.729808712851025,38.729808712851025
860,1.7071069228001237,1.077718963073779,3.2539404571930275,3.019284775237149,0.6416223564038741,36.09829885939208,-53.90170114060792,53.90170114060792
861,1.3938469657443524,0.6701925080071374,3.480303570285028,5.192990862631313,0.3983817985529468,34.14992706513887,-55.85007293486113,55.85007293486113
862,10.287591559702172,9.447900036288658,16.694162645434602,1.766970711090677,0.3062125945344527,72.59809859769474,-17.401901402305256,17.401901402305256
863,1.7212740281460053,1.561045314780746,2.0108751618044747,1.2881593780555365,1.0455350804307089,69.47856895388148,-20.521431046118522,20.521431046118522
864,2.1367269374441915,1.9650561696095443,2.645510800438747,1.346277445577756,0.8375334958510591,-54.924245361710526,35.07575463828948,35.075754638289474
865,19.33633010903029,13.298116113970032,30.41349645479185,2.287053007669383,0.4969546552617611,75.9744012163694,-14.025598783630599,14.025598783630599
866,2.5606603842001854,2.084370695087039,3.2834406036561328,1.5752671112654573,0.934812334930508,70.84143316205046,-19.158566837949536,19.158566837949536
867,10.895212349247284,9.007109711205805,21.96582213526785,2.438720393062385,0.2936706732049718,-60.9267825216362,29.0732174783638,29.0732174783638
868,1.3938469657443524,1.1400078989949334,1.775711393165483,1.5576307802174054,1.1527248948109174,-5.037461036401827,84.96253896359818,84.96253896359818
869,1.7353254778478429,1.3232962220730935,3.308261063878985,2.5000154981899816,0.4571060565785734,70.8787298968817,-19.121270103118306,19.121270103118306
870,2.424252116806765,2.055261737151393,3.204114035551928,1.5589810181514168,0.7343704164252831,47.09739102227107,-42.90260897772893,42.90260897772893
871,3.1245186915221934,2.4906844325660664,4.09048301097659,1.6423128347746192,0.7752160855523134,31.329277319655656,-58.67072268034434,58.67072268034434
872,2.512793352570581,1.9506072633824387,3.5927137926130968,1.8418437478712004,0.7421518042370168,-38.11932806596278,51.880671934037224,51.88067193403722
873,2.2690184693770243,1.7339774357326008,3.117512525482631,1.7978968245140343,0.9041917228200828,-51.53541712018893,38.464582879811076,38.46458287981107
874,2.2690184693770243,2.004843184486265,2.8424875197691755,1.417810401214773,0.7887470713823227,7.694620391102827,-82.30537960889717,82.30537960889717
875,2.055628946700877,1.8351071751112735,2.417199212746933,1.3171978430090134,0.950877930407504,-5.830313718111141,84.16968628188886,84.16968628188886
876,11.330098354412742,9.39487098547719,15.207348530494148,1.6186862548726877,0.5535937091177783,9.773170198660331,-80.22682980133968,80.22682980133968
877,2.512793352570581,2.1226140999912206,3.212184774152564,1.5133154793261054,0.904047894809292,8.868145065922079,-81.13185493407792,81.13185493407792
878,1.2660243778180809,0.9189025498801784,2.1048703515893297,2.2906350100604214,0.7448757582787138,74.06660006535301,-15.933399934646985,15.933399934646985
879,1.4451712930335778,1.3347619867408538,1.6155778659667563,1.210386482395699,1.2732149087802525,-79.0272305781319,10.972769421868094,10.972769421868094
880,1.5892300566907107,1.4447440490935273,1.9311299013916188,1.3366588376697337,0.9100667962056068,29.21688893508961,-60.783111064910386,60.783111064910386
881,1.4451712930335778,1.305825162499629,1.690412053976042,1.294516373647013,1.1370127439134845,2.0369614046501225,-87.96303859534987,87.96303859534987
882,4.329908816797095,2.4478365958722046,7.931527997102876,3.2402195516146133,0.6008831249791972,-11.064019555947542,78.93598044405246,78.93598044405246
883,2.644638672880108,1.6711529482044305,4.461355823606992,2.66962747389489,0.6766375478723261,-46.40485575284519,43.59514424715482,43.59514424715481
884,4.175729162809146,3.9848867503650345,4.531789966082354,1.137244355982569,0.8606987548975089,48.35282537865212,-41.64717462134788,41.64717462134788
885,1.461879030667795,1.0053971126615342,2.593994713162093,2.5800697858532224,0.6495031620518611,77.348324070799,-12.651675929201005,12.651675929201005
886,1.3038244488524504,1.2173191658732576,1.776763620864224,1.459570892067277,0.7900197436289389,30.14658465922545,-59.853415340774546,59.853415340774546
887,17.662576641323007,10.058398181146169,34.9450116983724,3.474212401321973,0.4451975761459109,-89.33582708282901,0.6641729171709869,0.6641729171709869
888,1.542705892513396,1.4699687872678564,1.871350960709554,1.2730548953952436,0.9361957563294556,-76.06660842828808,13.933391571711923,13.933391571711923
889,8.637353736783387,6.530084821178068,15.143295017150644,2.319004336366139,0.4434062072593126,-62.38282806228617,27.617171937713834,27.617171937713827
890,1.8829835605082688,1.4609984901427862,2.722987015135684,1.8637849617966145,0.8033502461809271,-65.6990052036688,24.300994796331196,24.300994796331196
891,1.4282681233264556,1.369326790701736,1.62063565178838,1.1835273090347238,1.0988453403477043,68.80636381864103,-21.19363618135897,21.19363618135897
892,1.5108941070107518,1.098046397080954,2.234356985363446,2.034847517648853,0.932565484131376,17.954978303422223,-72.04502169657778,72.04502169657778
893,1.8039417076383557,1.5172871946294586,2.2458485137557944,1.4801736426071006,1.0897328946769245,81.8403467593514,-8.159653240648595,8.159653240648595
894,1.7768132193231367,1.2253186156534202,2.871189609925052,2.3432187948878465,0.812019394742066,-83.69445129168164,6.305548708318355,6.305548708318355
895,2.570126813468571,1.6901699722996488,4.105802057501372,2.429224353048356,0.7425072537245012,45.19878293609892,-44.80121706390108,44.80121706390108
896,1.376313601551939,1.3108961625551323,1.5196809376022995,1.1592687361600131,1.0925028020091463,-32.46569989301381,57.534300106986194,57.53430010698619
897,1.526882849696625,1.2453157761059723,1.9406668547895487,1.5583732993874837,1.0996139308719337,28.51506502239895,-61.48493497760105,61.48493497760105
898,4.612348917294352,2.908170332076492,8.088923818495628,2.781447747154472,0.5567133354918038,21.52806361590908,-68.47193638409092,68.47193638409092
899,69.58179823472386,59.35698812174981,82.24527525062945,1.3856039171315842,0.6196092622390111,-44.48881687164303,45.511183128356976,45.51118312835697
900,1.95883855734249,1.715080302768221,2.714097981622696,1.5824903226058935,0.7531476904940303,-54.33520809385748,35.66479190614251,35.66479190614252
901,1.9212854528773184,1.1702504641934903,3.359916517225418,2.871108895086827,0.7108932696282756,-84.58383945187826,5.416160548121752,5.416160548121738
902,1.5583682828180965,1.0727071656001117,2.627946483908461,2.449826539974953,0.7655811862608292,44.00817753168504,-45.99182246831496,45.99182246831496
903,1.2850634067342854,1.017427379940142,1.7475455367119217,1.7176120587738992,0.9443064712492028,-87.41906583785787,2.580934162142114,2.5809341621421282
904,1.4111624987975715,1.253953494045878,1.669618634888249,1.3314836976140385,1.189961861417546,39.34839106870013,-50.65160893129987,50.65160893129987
905,1.4451712930335778,1.2041671524670714,1.7923011440729042,1.488415574532885,1.1492103333582853,-73.48536677431161,16.514633225688385,16.514633225688385
906,1.5108941070107518,1.0789499174579549,2.225091783148659,2.062275317088912,0.9468080691141926,10.40230131775065,-79.59769868224934,79.59769868224934
907,1.7353254778478429,1.4107394957418713,2.2237284246201443,1.5762856511299013,1.0791112511567138,77.33093934220568,-12.669060657794319,12.669060657794319
908,2.414213762644935,1.219953897378533,5.249523372377959,4.303050618271938,0.5194406531696755,-79.05231197784471,10.94768802215529,10.94768802215529
909,2.3219164465724,1.7801800272589483,3.2945725862683046,1.8506962980261936,0.8659370229026732,19.665829480739397,-70.3341705192606,70.3341705192606
910,21.860524542858705,10.261917467394426,68.19762023617683,6.645699544248303,0.2254478965100407,-52.97155209507008,37.02844790492992,37.02844790492992
911,1.2466946262544771,1.067124758304137,1.6148665699202955,1.513287511468316,1.0122823486638597,-14.514883260668334,75.48511673933166,75.48511673933166
912,2.279696262327928,2.0611888853334963,2.736152338462258,1.3274631732838758,0.9182638921146068,-14.752512059101514,75.24748794089848,75.24748794089848
913,1.7768132193231367,1.4196091397976702,2.4252605314567903,1.7084001951427634,0.8978482684819376,22.58476577959092,-67.41523422040908,67.41523422040908
914,3.38564251614032,2.4784691021684404,4.991044137827357,2.013760887097861,0.7687742150176696,-45.104648993476815,44.895351006523185,44.895351006523185
915,1.3938469657443524,1.1753420933746623,1.7989260259958462,1.5305552622817575,1.029352009939677,44.999999999999964,-45.000000000000036,45.000000000000036
916,1.749264059016166,1.33937478063794,2.596654786308401,1.9387066442087424,0.7724502752517073,-87.38086303655935,2.619136963440667,2.6191369634406527
917,1.9212854528773184,1.395666731441798,3.048991380843293,2.184612781945101,0.7225555925444603,46.73456321103395,-43.26543678896605,43.26543678896605
918,1.4451712930335778,1.084558106305424,2.0427187475790745,1.8834571755105407,0.9699378491966344,-73.65741711643571,16.34258288356429,16.34258288356429
919,1.2660243778180809,1.0772046497571643,1.641761802964592,1.524094612230551,1.114909148313803,-88.30448498217851,1.6955150178214922,1.6955150178214922
920,1.2466946262544771,1.158374570039995,1.4156886772966135,1.222133767359667,1.2416748177977135,32.80149223940532,-57.19850776059468,57.19850776059468
921,1.4783979621211876,0.9409133384917622,2.870218974932485,3.050460502062076,0.6219583781236822,-57.90333505484484,32.09666494515517,32.09666494515516
922,2.5224394277803315,1.556231823717822,5.3356776697792485,3.4285879445855105,0.4773154891706703,-67.2862992002821,22.713700799717913,22.7137007997179
923,1.6344304437273447,1.4920386821685336,2.032236391708405,1.3620534212656916,0.8887281985456432,-13.073420617790427,76.92657938220957,76.92657938220957
924,1.3585539723246187,1.1891348378796014,1.6682449276589244,1.4029064446834687,1.0375699735426864,-21.392691494357614,68.60730850564238,68.60730850564238
925,1.2850634067342854,1.0204817748617467,1.853437991018125,1.816238208927568,0.8895414659957607,-33.00079204229272,56.999207957707284,56.99920795770728
926,1.4947343471339476,1.2082586049838984,1.9762078624645023,1.6355835202107567,1.0627622355168596,56.67383426404552,-33.32616573595448,33.32616573595448
927,2.192818546001692,1.6437817754886457,5.161338374883317,3.139917020523609,0.4121768143921332,-53.58065780362554,36.41934219637446,36.41934219637446
928,2.394010781836305,1.7117261711588692,4.265498966651991,2.4919283460883066,0.5319531431009451,17.30818977275759,-72.69181022724241,72.69181022724241
929,1.7630924485867383,1.3084514374184115,2.574535705168769,1.9676203728648536,0.8134706469600287,9.04832619602723,-80.95167380397277,80.95167380397277
930,1.7904288454052892,1.5526561969352035,2.227450956936029,1.4346066832649793,0.8838422084661052,6.236752613211477,-83.76324738678852,83.76324738678852
931,2.34274122622605,1.6911898602895483,3.46184860887336,2.0469899271277896,0.8147360964347219,-76.05228514331132,13.947714856688663,13.947714856688677
932,1.3938469657443524,1.3539604230235545,1.6039449361206992,1.1846320681507807,0.9860499557565056,-69.09976985478131,20.9002301452187,20.900230145218686
933,1.542705892513396,1.266022606660401,1.9656300339849548,1.552602634142549,1.090719484589865,9.93871571439572,-80.06128428560427,80.06128428560427
934,1.7768132193231367,1.3339182262831486,2.5019397504263936,1.875632029856762,0.9704381988155412,6.313697220399511,-83.68630277960048,83.68630277960048
935,1.7353254778478429,1.4002035106174595,2.396472600428022,1.711517348911109,0.7745415765232014,26.26680929018013,-63.733190709819866,63.733190709819866
936,1.3223193364400538,1.3309647681728347,1.3727781347495471,1.0314158327677707,1.193629901266778,44.40325528800968,-45.59674471199032,45.59674471199032
937,1.7768132193231367,1.4199626441174018,3.117244822105059,2.1953005841520765,0.5735727061870489,-88.66782546261003,1.3321745373899603,1.3321745373899745
938,1.9956851445118324,1.3116850952048102,3.2784277298132256,2.499401526935337,0.7098244714784969,38.169951855844815,-51.830048144155185,51.830048144155185
939,1.7212740281460053,1.4630164244907993,2.2395390979758663,1.5307682541946408,0.8818533197357024,68.82489588660016,-21.17510411339984,21.17510411339984
940,2.170555852193912,1.979573210618316,2.4652787986004774,1.2453587396398702,1.0185445659970571,77.0855047821585,-12.914495217841505,12.914495217841505
941,1.7768132193231367,1.5775392725156847,2.056211536883498,1.30342969757227,1.1154950209648078,37.74181454613276,-52.25818545386724,52.25818545386724
942,3.037819033220216,2.2323849949068792,4.589697853646107,2.0559616124088667,0.6956259430607614,-55.37662654056045,34.62337345943956,34.62337345943955
943,1.2660243778180809,1.104736474360547,1.5273032868405862,1.3825046264763123,1.2676247986187592,-36.71398444557452,53.28601555442549,53.28601555442548
944,1.340559085464394,0.9191484344204096,2.0824898796850766,2.265673096639978,0.9208850939487124,-6.327880587158038,83.67211941284197,83.67211941284197
945,1.933884181003576,1.6924613276790827,2.355228016284946,1.391599310286595,0.9494961177847824,-78.05224117461479,11.947758825385222,11.947758825385208
946,1.376313601551939,1.2234319251062518,1.6159671535825642,1.3208476257820572,1.1650462070446137,-14.61145423229526,75.38854576770474,75.38854576770474
947,1.4783979621211876,1.2827308363929544,1.7456735790231086,1.3609040412031814,1.2183433495211338,-36.37075126645769,53.62924873354231,53.62924873354231
948,5.298452161581528,4.586965443410038,6.435914045556941,1.4030875368383764,0.8614405033529242,-0.980273230704955,89.01972676929505,89.01972676929505
949,1.376313601551939,1.031471362918439,1.9048544581409008,1.8467351849219704,1.0558975695849826,72.28952401171445,-17.710475988285552,17.710475988285552
950,36.33171138382792,26.970425881444708,57.96797590895352,2.1493162979244875,0.4188012635828749,72.22603239648629,-17.77396760351371,17.77396760351371
951,1.5583682828180965,1.346835059068286,1.9472829724275296,1.4458214161536762,0.9869076522156548,-7.058429778809273,82.94157022119073,82.94157022119073
952,1.4783979621211876,1.4269740589924016,1.6202386328804108,1.135436641381186,1.0644326855765502,66.64973311379713,-23.350266886202874,23.350266886202874
953,1.3585539723246187,0.8300987129655284,2.625745646749552,3.16317277178888,0.7103770548022975,66.26193621174399,-23.738063788256014,23.738063788256014
954,1.3038244488524504,1.19120920024597,1.4799996496251318,1.2424347035932313,1.2908077634239148,-55.04846324188989,34.95153675811011,34.95153675811011
955,26.666773284874417,17.14071209026417,44.760831468064445,2.6113752586444967,0.4920255799408386,22.973989637205804,-67.0260103627942,67.0260103627942
956,3.641383515742072,3.323221482526166,4.055435732353371,1.2203326662629204,0.9732158055795164,-27.363256627992527,62.63674337200747,62.63674337200747
957,1.9956851445118324,1.482526250375159,2.8955336082126326,1.953107816795761,0.8722467918613286,-26.77556814345596,63.224431856544044,63.224431856544044
958,7.042031597055192,6.247833535596515,9.230351810508107,1.477368396247906,0.6121790418588053,31.921956584680053,-58.07804341531995,58.07804341531995
959,1.340559085464394,1.120934322849084,1.7981002082768534,1.604108440275621,0.9622262068715716,77.99513704988922,-12.004862950110777,12.004862950110777
960,1.2660243778180809,1.0485433948849612,1.764938828108972,1.6832291698357498,1.0035395659207806,79.69400640734048,-10.305993592659519,10.305993592659519
961,2.394010781836305,1.5420542324440027,4.091704884781626,2.653411792331506,0.5980264571214042,22.754878848848087,-67.24512115115192,67.24512115115192
962,2.247510699902965,2.1054753035994414,2.509827335050596,1.1920478624279702,0.9233843990760904,29.507870979127,-60.492129020873,60.492129020873
963,1.4111624987975715,1.2757407427926095,1.677884220807387,1.3152235125253435,1.141403937651297,-87.61527014878212,2.384729851217884,2.384729851217884
964,2.102353753036351,2.0211978863534745,2.251168578575018,1.1137794046660334,1.0570538220810612,-88.06437188400719,1.935628115992813,1.935628115992813
965,1.749264059016166,1.438664666668482,2.165075962841735,1.5049205092771234,1.1754624180988038,53.11879333948152,-36.88120666051848,36.88120666051848
966,1.4783979621211876,1.129164398117008,2.0223507718383824,1.7910153518928242,1.0667455125800738,23.328695752839742,-66.67130424716026,66.67130424716026
967,1.5738748168108194,1.4616720350309744,1.885555331521357,1.289998909694814,1.0502208676551714,76.73866367516837,-13.261336324831632,13.261336324831632
968,1.2660243778180809,1.1384581245892522,1.5446420782293118,1.35678427240054,1.031870087769555,58.38794513020421,-31.61205486979579,31.61205486979579
969,1.857010129468512,1.8327286607421736,2.011522890855257,1.0975563016735277,1.039777725417138,50.668822052159584,-39.331177947840416,39.331177947840416
970,1.3585539723246187,1.30407487361137,1.46176943371762,1.120924467833313,1.2482459546608962,-73.63238686394617,16.36761313605382,16.367613136053834
971,1.5738748168108194,1.2409736433678602,2.076719880175492,1.6734601022947688,1.0246779412157718,-82.8313426882738,7.168657311726179,7.168657311726193
972,2.34274122622605,2.135653540001148,2.6251227364672904,1.2291894201462472,1.0386003180084635,-37.45593490940912,52.54406509059088,52.54406509059088
973,5.691778820656883,5.051586185848829,6.6639599865538415,1.3191816869762227,0.8969170105784194,-28.22237615714789,61.77762384285211,61.77762384285211
974,1.4111624987975715,1.2782086095072762,1.6725351487363145,1.3084993609775817,1.0188979324156813,41.59494496782066,-48.40505503217934,48.40505503217934
975,1.749264059016166,1.4551344734740783,2.2168077424254053,1.5234384057528791,1.009581288216806,-55.55788484300604,34.442115156993964,34.44211515699396
976,2.9731771904499835,2.6504719212579757,3.5301194066815618,1.3318833443842275,0.9291595061647464,78.03030952922818,-11.969690470771823,11.969690470771823
977,1.9834790046600808,1.3494823852994935,3.1643076482894115,2.344830642296342,0.778204838977692,59.43193604337913,-30.56806395662087,30.56806395662087
978,1.2071068813224677,1.014647553238191,1.5160022081574651,1.4941170491361548,1.1523861805625084,7.623530301381077,-82.37646969861892,82.37646969861892
979,3.4284102221998127,3.211038890552963,6.635742488332774,2.066540678736549,0.4230356195397292,-66.44140744971735,23.55859255028264,23.558592550282654
980,1.376313601551939,1.2492962192282,1.6360341147871988,1.309564608942722,1.0739662894704347,2.9516571026848744,-87.04834289731512,87.04834289731512
981,3.778842259842732,3.580152107328067,4.58537339788235,1.280776140347986,0.7240955761691482,61.7455177514222,-28.2544822485778,28.2544822485778
982,1.3585539723246187,1.136440083721164,1.7568421284411655,1.5459170735060268,0.9534811422175208,25.755432450140923,-64.24456754985908,64.24456754985908
983,1.4451712930335778,1.4369774580080616,1.503801098823469,1.046502915159183,1.197082178512336,-35.08245088207481,54.91754911792519,54.91754911792519
984,1.376313601551939,0.8780883088829341,2.2567922346636298,2.5701198977750006,0.8890276726332152,-6.192279410393351,83.80772058960665,83.80772058960665
985,1.4451712930335778,0.9347736206875848,2.327785446933509,2.4902130263595548,0.9645361300498828,9.997953037643006,-80.002046962357,80.002046962357
986,1.376313601551939,0.9746483983170524,2.1431715529652684,2.198917637032936,0.9304843891191094,-70.2620507210254,19.73794927897461,19.737949278974597
987,2.644638672880108,1.9476824297706132,4.116234497015413,2.113401257873543,0.7033908934498188,89.90304343151288,-0.09695656848711565,0.09695656848711565
988,2.672044986969093,1.6382340724812212,4.832866527941302,2.9500464000370745,0.6412085062842385,36.17681640705021,-53.82318359294979,53.82318359294979
989,1.7212740281460053,1.633971044633996,1.9250042898798072,1.1781140774810983,1.0539257425876027,-2.425524685992194,87.5744753140078,87.5744753140078
990,1.9956851445118324,1.448873970953851,2.9055912248173064,2.0054133644932834,0.8630822718849547,53.81856302238557,-36.18143697761443,36.18143697761443
991,2.0078170808425457,1.387267283668592,3.5799310698712485,2.5805633218742208,0.6286918217893662,64.43508574717366,-25.56491425282634,25.56491425282634
992,1.7768132193231367,1.5108741176994842,2.2975440541702103,1.5206720581517013,0.8667119069461967,2.334328311510171,-87.66567168848982,87.66567168848982
993,22.77031508334361,29.107880928464247,31.980567279266413,1.0986910162873795,0.2184211448473765,8.515131053196328,-81.48486894680367,81.48486894680367
994,5.371286536215869,4.682560385751572,6.420779449612893,1.3712112435646315,0.8598370418008391,-68.43889814683274,21.56110185316726,21.56110185316726
995,2.881928179315977,1.9208754855311851,7.12535160468466,3.709429194320872,0.3494414759173833,-8.148995262422329,81.85100473757767,81.85100473757767
996,1.7212740281460053,1.0557330874619055,3.109719539370201,2.94555468261992,0.693147713071509,39.729579354843366,-50.270420645156634,50.270420645156634
997,2.579558503195455,2.170666860587984,3.4119732238174585,1.5718548459772557,0.8075217812745976,-32.332922792989905,57.667077207010095,57.667077207010095
998,3.8488857348393535,2.700051824211044,5.835095444053671,2.1611049801826256,0.7491096581008718,-51.90711837480501,38.09288162519499,38.09288162519499
999,1.542705892513396,1.118867710543909,3.0497258897269224,2.72572517822002,0.5764153537089003,-67.2133771134217,22.7866228865783,22.7866228865783
1000,3.1245186915221934,2.587029671857146,3.839946202415735,1.4843069811639076,0.9783029038185256,25.94620658585761,-64.05379341414239,64.05379341414239
1001,2.2257951114113315,1.5521416251919329,3.561143911663915,2.294342123080138,0.7586876134234208,51.42240846807068,-38.57759153192932,38.57759153192932
1002,1.340559085464394,0.9375537622125328,2.0723334218027447,2.2103622270281824,0.908150098499606,-88.0914701166016,1.908529883398387,1.9085298833984012
1003,1.4947343471339476,1.2849391122916916,1.9010857730095252,1.479514285792838,0.9328530106130934,-17.113559730888486,72.88644026911152,72.88644026911152
1004,2.588955833054293,1.797768692412853,3.939843229521337,2.1915184340169622,0.7878226844977564,59.34765016003461,-30.65234983996539,30.65234983996539
1005,1.6492219709549814,1.2375622732703877,2.4339200884055834,1.9667051436318392,0.815034627160537,24.37551214102281,-65.62448785897719,65.62448785897719
1006,1.5738748168108194,1.4375388008872625,1.876583696187783,1.3054142921426106,0.8876560291772969,-40.49062849932341,49.50937150067659,49.50937150067659
1007,1.6044383463340146,0.9530990586943976,5.1015452620062645,5.352586612554852,0.2825112232844065,85.55803295648384,-4.441967043516158,4.441967043516158
1008,1.461879030667795,1.081052000135937,2.568548363367278,2.375971149439893,0.6272521308169186,-61.97561548274366,28.02438451725635,28.024384517256337
1009,2.570126813468571,1.98227884727611,3.4072684206289847,1.718864339046437,0.9591742043987136,58.55369880956499,-31.44630119043501,31.44630119043501
1010,1.5583682828180965,1.3549077753336165,1.8943230839490337,1.398119575690381,1.0220841996955596,5.460096286781003,-84.53990371321899,84.53990371321899
1011,3.407093475293943,2.977743572200518,4.075307400158084,1.368589101561381,0.8742779042184817,82.0809233759574,-7.919076624042603,7.919076624042603
1012,3.186091481181058,2.6495085043246966,4.494909299187613,1.6965068396084542,0.5579320520855255,-86.55980028509906,3.4401997149009276,3.440199714900942
1013,2.3114337002746863,1.6278171592726682,4.292350404324736,2.636875019945495,0.4999520431059697,-82.42018988587998,7.579810114120022,7.579810114120022
1014,1.4783979621211876,1.079018253885632,2.129883377448541,1.9739085689965477,0.9696702574916596,-66.13064366120506,23.869356338794944,23.869356338794944
1015,1.749264059016166,1.4836830152220513,2.313961705247817,1.5596065207375205,0.823544255355735,45.05029862326823,-44.94970137673177,44.94970137673177
1016,2.3219164465724,1.423839213275517,3.931377566082225,2.7611106151783527,0.7216696551536788,10.610018648892524,-79.38998135110748,79.38998135110748
1017,1.7212740281460053,1.354785712151326,2.323838667503973,1.7152813516270728,0.926490859120888,-51.02362529628194,38.97637470371805,38.97637470371806
1018,1.933884181003576,1.7476626493875496,2.261243839747782,1.2938674638038477,1.0146537818899426,-13.310710972523951,76.68928902747605,76.68928902747605
1019,1.3223193364400538,1.0034697866824074,2.001342602888105,1.9944223826656364,0.8188961096350946,43.6811476449426,-46.3188523550574,46.3188523550574
1020,1.5892300566907107,1.171304906649212,2.3621489088936585,2.016681476773738,0.8106273173967886,-67.56411344208814,22.435886557911857,22.435886557911857
1021,1.6784140066373283,1.2137291819653182,2.447558829598282,2.0165609148781427,0.8896261832045054,74.32710705986085,-15.67289294013915,15.67289294013915
1022,1.2466946262544771,1.1270594866796286,1.4643388714769303,1.2992560630414842,1.1801670979875791,-57.076459391386095,32.923540608613905,32.923540608613905
1023,1.8829835605082688,1.0770969190948407,5.556757542064696,5.159013495957657,0.3186250741334265,23.4673522753518,-66.5326477246482,66.5326477246482
1024,3.1245186915221934,2.605842546940998,4.038039876459012,1.5496100795496155,0.7303038037341566,-57.564374901360445,32.43562509863955,32.435625098639555
1025,1.6044383463340146,1.3659976214511065,2.169747804365748,1.5883979373703547,0.8604789708651568,48.59728358639375,-41.40271641360625,41.40271641360625
1026,1.2270604129519955,0.7697190618054341,2.166360500737591,2.81448207305173,0.765340801406718,68.21542079121299,-21.784579208787008,21.784579208787008
1027,2.5511588286726434,1.9749454378572069,3.629444733202454,1.8377443060606071,0.8307030457173248,-73.06036141232907,16.939638587670913,16.939638587670927
1028,1.2850634067342854,1.120751681201596,1.537060250870275,1.3714547804401602,1.194323593279092,-76.73581492736538,13.264185072634632,13.264185072634618
1029,1.542705892513396,1.5132230596090848,1.6305202560626448,1.0775148090089652,1.1590489242944657,-39.71686218119473,50.28313781880527,50.28313781880527
1030,3.574069328893803,2.2509276368006628,5.909549588328229,2.625384082416669,0.6844764152543478,-37.93481105601698,52.06518894398302,52.06518894398302
1031,2.813707191225227,2.346011983623404,3.542856428395249,1.5101612664924775,0.8352204451644858,-19.91435834437781,70.0856416556222,70.0856416556222
1032,1.7630924485867383,1.4341001069993082,2.2620840467386256,1.5773543532269725,0.949020490510838,44.315048049819445,-45.684951950180555,45.684951950180555
1033,1.9834790046600808,1.5122022368717265,3.5389349951478724,2.340252453579769,0.5644061255679116,-33.405627013968875,56.59437298603112,56.594372986031125
1034,1.3223193364400538,1.0680815613154853,1.7405362694243114,1.6295911590128085,1.0754272680411816,-3.696301317543168,86.30369868245683,86.30369868245683
1035,2.4639966035353127,2.1488824716697468,3.214403328514824,1.4958488288180485,0.8291294889150144,70.90068768548122,-19.099312314518784,19.099312314518784
1036,1.5583682828180965,1.2183603362547244,2.080740626455624,1.707820391504111,1.0268829046862271,53.26344206503265,-36.73655793496735,36.73655793496735
1037,1.5892300566907107,1.1082416129059556,2.378189786380282,2.1459127311997923,0.9353047853953926,-40.79181280609214,49.20818719390786,49.20818719390786
1038,3.601145998724694,3.042700333581399,5.404257011570505,1.7761384359561443,0.4913404864183705,-87.19283937924052,2.8071606207594755,2.8071606207594755
1039,1.526882849696625,1.049550989241238,2.611975622433972,2.488660054831898,0.7593028379445236,-38.53530476446413,51.464695235535885,51.46469523553587
1040,2.0198761507134417,1.593681212191174,2.6764438010318155,1.679409771890287,0.942725729576939,-52.65435372069299,37.345646279307005,37.34564627930701
1041,1.461879030667795,1.3848893841414691,1.625604120188732,1.1738151355651327,1.104030796251866,86.45140457039795,-3.548595429602045,3.548595429602045
1042,18.9596493258268,15.535463296581892,31.551434163644064,2.030929722616383,0.3087917807700809,-14.00370351491863,75.99629648508137,75.99629648508137
1043,1.663882010113248,1.4987150326242051,2.0783181478798456,1.3867333700128257,0.902760805912578,50.0094032204364,-39.9905967795636,39.9905967795636
1044,4.772781138068276,4.524268740412999,5.156435674086588,1.139727980353325,0.9141252429558852,5.190881317591122,-84.80911868240888,84.80911868240888
1045,5.70456456231077,5.340000997919347,6.297257088753858,1.1792614067314766,0.9093223254006958,-55.18460829336583,34.81539170663416,34.81539170663417
1046,4.216243076462724,2.1101934960309583,11.429542948929551,5.416348297171451,0.3280581754313063,36.52370214979802,-53.47629785020198,53.47629785020198
1047,1.9086035621207809,1.5520480466835664,2.4728892310372843,1.5933071378308046,0.995248321332594,-0.5149891521800483,89.48501084781995,89.48501084781995
1048,1.3038244488524504,1.1209835202641012,1.7293147113750802,1.5426763017601344,0.9102139794731084,-74.58024006501888,15.41975993498113,15.419759934981116
1049,1.461879030667795,1.142327825904965,2.119596981824761,1.8555067413731197,0.8718617192378585,-17.170358588943454,72.82964141105654,72.82964141105654
1050,1.7212740281460053,1.2629810782530042,2.4128069105517485,1.910406222307954,1.019243847412404,13.159215522189758,-76.84078447781025,76.84078447781025
1051,1.663882010113248,1.1488165320591457,3.015167111124423,2.6245854120152843,0.6130772364779908,69.33655038538218,-20.663449614617818,20.663449614617818
1052,1.376313601551939,1.0783607960714905,1.8059580770974644,1.6747252716128391,1.1446416159213462,-58.83130615260859,31.16869384739141,31.16869384739141
1053,1.376313601551939,1.358474541623416,1.5243613300428869,1.1221125485511354,0.9850766298229234,-66.34382497739762,23.656175022602383,23.656175022602383
1054,3.335053763946224,2.694020305701559,4.80653032994608,1.7841477734127156,0.6462150437940918,-16.754442454250455,73.24555754574955,73.24555754574955
1055,1.9711972828282505,1.7109253786268332,2.91348157053942,1.7028688725616676,0.6350320322095957,17.08784709182913,-72.91215290817087,72.91215290817087
1056,2.3009031958488952,1.6130347520174635,3.4083708281639598,2.113017604798052,0.8783388539181927,-87.43193132818854,2.56806867181146,2.56806867181146
1057,1.9212854528773184,1.689113122919392,3.8607632165555,2.2856747509502027,0.4430418956893688,-47.5472316806587,42.45276831934132,42.4527683193413
1058,1.2466946262544771,1.1807969156260465,1.4010887202802391,1.1865619750009224,1.1833703294164313,32.872438556821734,-57.127561443178266,57.127561443178266
1059,1.5108941070107518,1.1698382539318817,2.1812145505439635,1.8645437035528616,0.8979836846425392,80.03797816705932,-9.962021832940678,9.962021832940678
1060,1.895836839826219,1.4404195939043158,2.799745413010564,1.94370128319467,0.7736756952145775,-53.33211141115966,36.667888588840356,36.66788858884034
1061,1.5108941070107518,1.0768143311908924,2.2643977638922825,2.1028674101950275,0.840657969920626,-17.49241477262795,72.50758522737205,72.50758522737205
1062,2.236679259992467,2.1174316970204163,2.406506029723755,1.1365212077962727,1.1197338356921178,-16.149375127172238,73.85062487282777,73.85062487282777
1063,1.2270604129519955,1.1816203468721045,1.3994962946115412,1.184387437399992,1.077631459790253,87.47308697496783,-2.5269130250321723,2.5269130250321723
1064,1.6195038256468852,1.4472917911505063,1.9519799522151364,1.3487121008704366,0.9792641588646492,45.234183243034686,-44.765816756965314,44.765816756965314
1065,1.4947343471339476,1.1329326793333652,2.0917427807482567,1.846308098358563,0.8834187556439193,-67.82127834041964,22.17872165958036,22.17872165958036
1066,6.055619435193289,4.1920542123498095,9.086950961369972,2.167660650618443,0.694768176016389,-76.66123512051301,13.338764879486973,13.338764879486988
1067,1.6044383463340146,1.072038532253133,2.489669667329502,2.3223695720123927,0.9112404415048712,80.82462958214315,-9.175370417856854,9.175370417856854
1068,2.813707191225227,2.3148099574300844,3.4967346496219838,1.510592538449281,0.9471865587078212,27.881576643933176,-62.11842335606683,62.11842335606683
1069,1.7212740281460053,1.0806845904595763,3.0128168912161506,2.787878089327533,0.688708658466832,65.97258546346414,-24.027414536535858,24.027414536535858
1070,2.2257951114113315,1.4652898660711022,3.6236257386639865,2.472975363147808,0.7310761653301431,25.572717032811852,-64.42728296718815,64.42728296718815
1071,1.4947343471339476,1.095288270687537,2.189687311797926,1.999188131927506,0.9523400500362011,-57.03422173867227,32.96577826132773,32.96577826132773
1072,8.013104858753696,5.659733051786287,12.94161922005265,2.2866130083587777,0.5357620309713715,-32.10698875883833,57.89301124116167,57.89301124116167
1073,1.3038244488524504,1.286311383124738,1.3711471187529345,1.0659527208894874,1.317796521345015,-34.781259022625434,55.218740977374566,55.218740977374566
1074,1.8039417076383557,1.723354466578976,2.054451785828425,1.1921237479986977,0.8772468953314435,79.40925265777138,-10.590747342228624,10.590747342228624
1075,16.53046088391391,11.376385776785188,25.11838865942721,2.207941006245072,0.6863928025969552,35.467936750067345,-54.532063249932655,54.532063249932655
1076,2.644638672880108,2.20574389216014,3.610782605984739,1.6369908668084805,0.7566919494714544,21.804483540102364,-68.19551645989763,68.19551645989763
1077,1.3585539723246187,1.1464975131165798,1.866574807595292,1.6280670356809508,0.9457738802716504,-11.684303582264238,78.31569641773577,78.31569641773577
1078,1.857010129468512,1.4470087672499976,2.614044414328791,1.806515947582484,0.8819070106057278,8.171145567484865,-81.82885443251513,81.82885443251513
1079,2.1480624384075764,1.957988975312124,2.5564499759181167,1.3056508530700957,0.8604075909151745,42.39473495772438,-47.60526504227562,47.60526504227562
1080,2.043780842560348,1.6492748376637854,2.75506798410009,1.670472331950854,0.8014989729992329,10.946676610929762,-79.05332338907024,79.05332338907024
1081,12.656406759217647,10.092615573996422,17.03757611157887,1.688122963434385,0.7058180300269374,81.94081113113148,-8.059188868868517,8.059188868868517
1082,1.3038244488524504,1.1237532044085377,1.652032117861874,1.4701022532179422,0.9233564847999666,67.76155443603413,-22.23844556396587,22.23844556396587
1083,1.6344304437273447,1.3396029971278418,2.0888970111988128,1.55934035358049,1.0281773161612202,48.256068604399104,-41.743931395600896,41.743931395600896
1084,2.8223249975951434,2.856157816428952,2.9464284825244795,1.0316056296246237,0.8954137213770109,-73.02897870886768,16.97102129113233,16.971021291132317
1085,1.8173540983129992,1.681169814454532,2.0528152496073737,1.2210635903389837,1.0631943261217942,-0.5995257960045479,89.40047420399546,89.40047420399546
1086,1.9956851445118324,1.1592195824510407,4.118043804104255,3.5524277422894377,0.5533266680854882,-63.5944944154584,26.4055055845416,26.4055055845416
1087,1.7212740281460053,1.22711709779464,2.8050780728236138,2.2859090447560924,0.6778965930686909,22.80185341985153,-67.19814658014847,67.19814658014847
1088,1.7353254778478429,1.5091771697351366,2.6609556205409164,1.7631830602154677,0.6348145837459055,-70.33730543247789,19.662694567522124,19.66269456752211
1089,2.579558503195455,2.56201846286974,2.90976531304679,1.1357315941382935,0.8320988793856606,-72.70493970332228,17.29506029667772,17.29506029667772
1090,3.5123837291586733,2.668931585402721,5.61586845643634,2.104163511403365,0.6242850085644818,16.567599239679534,-73.43240076032046,73.43240076032046
1091,3.155455274609836,2.587196909916839,3.960257367091208,1.5307135502177542,0.8738965963952954,-12.23491595405074,77.76508404594927,77.76508404594927
1092,1.5892300566907107,1.3714281230961145,1.890536101863064,1.3785163582580031,1.1754367936688712,61.85774356240292,-28.142256437597077,28.142256437597077
1093,1.7768132193231367,1.3294066569971277,2.67341681256533,2.0109849747586352,0.7600214215649953,82.90426313454697,-7.095736865453034,7.095736865453034
1094,1.3938469657443524,1.3600897517240524,1.6760966412811829,1.232342673824694,0.8684619876642073,-75.38751235440753,14.612487645592466,14.612487645592466
1095,1.663882010113248,1.5816291529256177,1.9646852673527604,1.24219085347446,0.8772889090379623,51.49730839595826,-38.50269160404174,38.50269160404174
1096,1.870041939381716,1.452278301731991,2.888085692266119,1.9886585710340647,0.697821523438104,-0.5748294732503275,89.42517052674967,89.42517052674967
1097,2.653805558851462,2.4426267573058187,3.067510357090198,1.2558244307753414,0.894954969386888,75.86401771146922,-14.135982288530784,14.135982288530784
1098,10.872899787738865,7.724994571159957,20.427820017961015,2.644379854223464,0.2274407881507859,-27.523482431639632,62.476517568360364,62.476517568360364
1099,1.4451712930335778,1.1099868691292472,2.0180837841622106,1.818115006842684,0.947883970741956,-31.756183728598806,58.24381627140119,58.243816271401194
1100,6.4517199739196105,6.871408841732356,7.512420552548678,1.0932867954127898,0.62070785569922,-46.01246561116079,43.98753438883921,43.98753438883921
1101,7.467170062637718,4.454535404397296,12.744138436713577,2.860935491529194,0.6483190345737906,23.649025907295773,-66.35097409270423,66.35097409270423
1102,1.461879030667795,0.8885584175169289,3.1705853117918528,3.568235075249227,0.4999753995925639,53.39967901330002,-36.60032098669998,36.60032098669998
1103,2.181715595945335,1.5459584783271498,3.30064017915444,2.1350121788044367,0.877420243718117,55.478377541592536,-34.521622458407464,34.521622458407464
1104,3.093272719512472,2.705562392897283,4.203699095434861,1.5537246919422474,0.6645572854556476,-44.12349379299089,45.8765062070091,45.87650620700911
1105,1.4783979621211876,1.236868878116956,2.0292341246365657,1.6406218642399095,0.8847071228241704,-38.49819012865571,51.50180987134428,51.50180987134429
1106,2.3219164465724,1.8092690219495544,3.400747457581965,1.879625095176578,0.7871759466421462,60.38442725543172,-29.615572744568283,29.615572744568283
1107,3.641383515742072,3.067548000811737,5.40607805829657,1.762345057637569,0.6147140943826528,61.876498182950215,-28.123501817049785,28.123501817049785
1108,2.964997870440077,3.4507471178486084,4.893805540786968,1.418187242836283,0.3528563830720196,-27.709082134861323,62.29091786513868,62.29091786513868
1109,1.4111624987975715,1.2430494904348453,1.7171110151730635,1.381369791296388,1.027194778495528,-60.5123871892809,29.4876128107191,29.4876128107191
1110,1.2270604129519955,1.0877549087390792,1.904214678570583,1.7505916666263914,0.6730580404397607,-50.63743744677062,39.362562553229395,39.36256255322938
1111,1.4783979621211876,1.2557165022364725,1.9164949840681893,1.5262162921764972,0.8911105019997468,-13.540441743186705,76.4595582568133,76.4595582568133
1112,1.2660243778180809,1.2181726928681758,1.512526529462551,1.2416355565328936,0.9585110721936312,54.86184846262994,-35.13815153737006,35.13815153737006
1113,1.5108941070107518,1.264490865314388,2.0768782833034605,1.6424620693381522,0.852322508641454,32.09306029564253,-57.90693970435747,57.90693970435747
1114,1.870041939381716,1.5642968798962469,2.6863365501832592,1.7172805141447527,0.7340994892687226,27.42287860840605,-62.57712139159395,62.57712139159395
1115,2.181715595945335,1.577519028386941,3.100044935835073,1.965139488051031,0.9007330191577824,12.287332263465176,-77.71266773653483,77.71266773653483
1116,1.4947343471339476,1.2854458772423407,1.8708399668001103,1.4554015847120785,1.0627622355168596,72.41312594324202,-17.586874056757978,17.586874056757978
1117,9.479184199131096,6.011704423910956,16.493212959664234,2.743516945720771,0.4398069536774508,2.9770312940375896,-87.02296870596241,87.02296870596241
1118,4.467926388630853,3.677437527783221,5.836321542294626,1.5870620501914523,0.6904303782970412,66.73671558556943,-23.263284414430572,23.263284414430572
1119,2.5031101051741675,2.0720015132949023,3.1298981793819944,1.5105675161427956,0.9453880076154813,85.53195107721814,-4.468048922781861,4.468048922781861
1120,1.2850634067342854,0.9788520262210376,1.8648885342085808,1.9051792142763213,0.96140497367289,26.19044904906992,-63.80955095093008,63.80955095093008
1121,2.940323395380274,2.72133414612682,3.30272931142037,1.2136434315209068,0.9215847111445216,3.3414234341419986,-86.658576565858,86.658576565858
1122,1.2850634067342854,1.0626751009753153,1.856359450681368,1.7468739495049943,0.8326752865158009,-75.43528456456364,14.56471543543637,14.564715435436355
1123,5.334993643984116,4.1219777949561305,6.978990226304556,1.6931168903540472,0.8446629790983587,63.06233630680863,-26.937663693191368,26.937663693191368
1124,1.4783979621211876,1.1703657544156396,2.027684008991569,1.7325216508953534,0.9617684605628886,-72.11181084166594,17.888189158334058,17.888189158334058
1125,7.476920452074276,6.614176949530597,8.672822313213166,1.3112473977323316,0.8725507822944241,-9.833981257300852,80.16601874269915,80.16601874269915
1126,1.5892300566907107,1.425060032889874,2.0659427162265414,1.4497232878231971,0.8805119013994451,-59.88355392980438,30.11644607019562,30.11644607019562
1127,1.4783979621211876,1.0138016911059755,2.510918876832445,2.476735735263211,0.7023452302461608,-23.099395710017635,66.90060428998237,66.90060428998237
1128,2.055628946700877,1.5461346433716283,2.8667977494495687,1.8541708264152168,0.8742404856444647,-78.34886528528573,11.65113471471426,11.651134714714274
1129,1.4783979621211876,1.171962358211163,1.998456999461954,1.7052228558878977,1.041891220434634,-4.25332520156143,85.74667479843858,85.74667479843858
1130,3.714020258937024,3.018304966406984,4.641407312623592,1.5377529322852896,0.9632430191336598,-11.460612352424905,78.5393876475751,78.5393876475751
1131,1.663882010113248,1.130016216980659,3.359267347074856,2.9727602990075965,0.4649253943998294,46.477338419162365,-43.522661580837635,43.522661580837635
1132,2.236679259992467,1.897486123816535,2.9571765160515078,1.5584706939008066,0.8376935933124396,28.38883877504239,-61.61116122495761,61.61116122495761
1133,1.7071069228001237,1.093591852223944,2.787372085938945,2.5488230186339678,0.8013463957575936,-87.94118814509564,2.058811854904377,2.058811854904363
1134,2.5031101051741675,1.3926783097154976,4.7187190378920425,3.38823330913799,0.6697103691928379,83.18947112540472,-6.810528874595278,6.810528874595278
1135,1.870041939381716,1.426098724395395,2.922069047754627,2.04899492424233,0.7538523631764223,19.004027026670347,-70.99597297332966,70.99597297332966
1136,1.5738748168108194,1.1358702952460342,2.3619185038987385,2.079391030634477,0.8521546920988953,17.868700098983965,-72.13129990101604,72.13129990101604
1137,1.8039417076383557,1.571063550521679,2.1736902876788533,1.3835788418342907,1.0463039126549594,-80.03793989246223,9.962060107537752,9.962060107537766
1138,1.2270604129519955,1.1359261450692222,1.3582107157470245,1.195685759714824,1.3889848768969428,46.31320281914542,-43.68679718085458,43.68679718085458
1139,2.031863651507851,1.6453922273500288,2.5859155862241927,1.5716104301701457,0.97652104677366,-35.67291145500242,54.32708854499758,54.32708854499758
1140,1.7904288454052892,1.1774298670894974,2.903085368926738,2.465612135441161,0.777585286136676,0.3488814505890951,-89.65111854941091,89.65111854941091
1141,1.857010129468512,1.196080244247839,2.9838929373839846,2.494726379550245,0.8247343007445643,-48.48789606777946,41.512103932220555,41.51210393222054
1142,1.8039417076383557,1.549666108015003,3.1434786329968776,2.028487695987247,0.4768171855840791,-31.65040418225504,58.349595817744955,58.349595817744955
1143,4.075661916973856,3.7452429281942505,4.518201916982085,1.2063842062070225,0.975940217884465,-61.82312564637464,28.17687435362535,28.176874353625358
1144,2.1480624384075764,2.190786000470249,2.370610619987816,1.082082238739415,0.8434761337714286,-23.505655408452157,66.49434459154784,66.49434459154784
1145,3.960831429587923,3.490050220721772,4.759032911781377,1.3636001234381,0.7637188333175916,-51.04896418209011,38.95103581790988,38.95103581790989
1146,1.6492219709549814,1.4111025179601455,2.1133546069086657,1.497661991251832,0.974681130077032,-73.79481268107091,16.20518731892909,16.20518731892909
1147,2.394010781836305,1.7322927970195634,3.515483460398801,2.029381791835217,0.7797216899643555,-9.727074123795894,80.27292587620411,80.27292587620411
1148,1.5108941070107518,1.2718135012974363,1.9125109395817983,1.5037668161493465,1.054260421217314,83.66321488693139,-6.336785113068615,6.336785113068615
1149,1.4783979621211876,1.2632026725450662,1.9363214998007003,1.5328668485948125,0.8659057174072133,-48.876804749501005,41.12319525049901,41.123195250498995
1150,1.6195038256468852,1.2179033387660647,2.304505336962868,1.8921906719606405,0.9480389451271064,-66.92279903886737,23.077200961132633,23.077200961132633
1151,1.69282125807016,1.4632926579675116,2.1222897661202285,1.450352227604321,0.9273121063825596,50.37146511483031,-39.62853488516969,39.62853488516969
1152,9.368373018558149,8.846392875379136,13.001017252096696,1.4696405003988138,0.4213017143940717,25.87269571917441,-64.1273042808256,64.1273042808256
1153,1.6492219709549814,1.3869159073288284,2.05748461135158,1.4834962959753293,1.0232149980294294,-59.71464469944332,30.285355300556688,30.28535530055668
1154,1.8306682257451572,1.2117331429785312,4.060364983441751,3.350873917223282,0.4440688031731954,-9.77878011901888,80.22121988098112,80.22121988098112
1155,1.9834790046600808,1.580752233495752,3.056446619374904,1.933539333115937,0.6133016797075977,-41.412373121107976,48.587626878892024,48.587626878892024
1156,1.9956851445118324,1.8879798573103048,2.3076343060411992,1.2222769735100627,0.9063586915027028,72.16265724011411,-17.837342759885885,17.837342759885885
1157,1.95883855734249,1.7032319461739382,2.4369045755538044,1.4307532106991971,0.89017226667964,-1.968023961794919,88.03197603820509,88.03197603820509
1158,1.526882849696625,0.9349478694992676,2.884961286556152,3.0856921339381813,0.6812429192766765,69.21995056534502,-20.780049434654984,20.780049434654984
1159,1.3223193364400538,1.293085989588849,1.42497007778543,1.1019917385683804,1.1463974886535715,-1.5815641230584576,88.41843587694154,88.41843587694154
1160,1.461879030667795,1.3914910145108037,1.6527098834761376,1.187725875511434,1.0497772595189951,28.429024998500992,-61.57097500149901,61.57097500149901
1161,4.140687459413903,2.432791186391856,7.851888713160389,3.2275226731669293,0.5686909057465513,-43.99259295518319,46.0074070448168,46.00740704481681
1162,2.424252116806765,2.4042414810830417,2.827815678675084,1.1761778926637745,0.7285308985342993,-18.060517515090464,71.93948248490953,71.93948248490953
1163,3.855190220202856,2.916156241227881,5.683319734711468,1.948907830918703,0.7176441159772438,-76.35641699775633,13.643583002243673,13.643583002243673
1164,3.085411785026792,2.237226725019428,4.4783772691227,2.001753876368436,0.7880133200346536,-42.11683268456625,47.88316731543375,47.88316731543375
1165,1.2850634067342854,1.1395347377234502,1.523187160936944,1.3366746186078982,1.148694274020282,1.244133309668235,-88.75586669033177,88.75586669033177
1166,2.34274122622605,1.6780053863230349,3.451638930775789,2.0569891842476538,0.8435414802879696,-38.430311453844254,51.56968854615576,51.569688546155746
1167,2.1367269374441915,1.4155481592916337,3.4200257244059893,2.416043355329877,0.7574665345716525,-4.289045476211668,85.71095452378833,85.71095452378833
1168,2.948571163041254,1.9866047300578096,4.601103103945738,2.3160637012134004,0.7695956641105941,-46.77507543739779,43.22492456260221,43.22492456260221
1169,25.45727074075025,18.513172384461143,41.46183138527626,2.239585443501669,0.5130023671763843,7.692917562910181,-82.30708243708982,82.30708243708982
1170,1.7212740281460053,1.3266415485827805,2.5703128144332417,1.9374584017657568,0.8657462099141097,-60.677093680291485,29.322906319708522,29.322906319708515
1171,1.542705892513396,1.4678160257222472,1.6683164401512736,1.1365977826344884,1.2395491329092834,-36.4418235099533,53.55817649004669,53.5581764900467
1172,9.794192786712449,7.541623678644319,15.470093926681264,2.051294865121428,0.5715804967807835,89.48913082903671,-0.5108691709632893,0.5108691709632893
1173,1.3223193364400538,1.131753226731263,1.6364420811622549,1.4459354234744592,1.1388176422468417,-63.678310964260255,26.32168903573975,26.321689035739745
1174,1.663882010113248,1.6012628660013148,1.81763710419404,1.1351272441189222,1.0527768746102777,86.35267093074917,-3.64732906925083,3.64732906925083
1175,2.290324274544937,1.7624351521245123,3.322935648830988,1.885422930214132,0.7820916315998179,-55.70019502934691,34.2998049706531,34.29980497065309
1176,1.2850634067342854,1.2886302602492707,1.4284384410544797,1.1084936347670158,1.082708739283929,-34.53556134719662,55.46443865280338,55.46443865280338
1177,1.6195038256468852,1.30911983871559,2.308803776009932,1.7636305766133349,0.8487263346552238,-37.61193211975768,52.38806788024232,52.38806788024232
1178,1.8173540983129992,1.5108315463285906,2.2644841498560497,1.4988329806581542,1.0681619895674896,-49.2404108586831,40.759589141316894,40.7595891413169
1179,7.362362477711974,4.81128835531412,13.775574782357197,2.8631779608765138,0.4962876461675954,-62.04975699824219,27.950243001757826,27.950243001757812
1180,1.3223193364400538,1.0781159150120685,1.7021332159587923,1.5788035333285464,1.0956326292046987,51.68616209955,-38.31383790045,38.31383790045
1181,1.5738748168108194,1.259350596986861,2.1017775954846045,1.6689376258790407,0.9738001997963536,18.66762174392239,-71.33237825607762,71.33237825607762
1182,2.770216054293097,1.498282693479423,5.4020626308539095,3.605502923022384,0.6004625760531864,-62.40984559039879,27.59015440960121,27.59015440960121
1183,2.473832956432472,1.9152676259881811,3.647621691700146,1.9044971272973703,0.6893472419054931,0.6085065157667964,-89.39149348423321,89.39149348423321
1184,7.0454793483496605,5.500737141149618,9.587318941816934,1.7429153031321265,0.7895906315564727,-56.16149072717837,33.838509272821625,33.83850927282163
1185,10.792192611637756,7.300689583854941,16.77160644438425,2.297263327216884,0.6358959721188115,-25.187866425875807,64.81213357412419,64.81213357412419
1186,2.414213762644935,2.145157831379978,2.82866348125156,1.3186272076921646,1.023613271117075,-46.80670398529357,43.19329601470645,43.19329601470643
1187,2.787693931488705,1.6996153055185623,4.707510224294271,2.7697504305881635,0.7154535914218094,-63.43256718293828,26.56743281706173,26.56743281706172
1188,1.3038244488524504,1.0403845972784287,1.7733593731923034,1.7045229022337356,1.0548943593289974,-61.315217646236086,28.68478235376392,28.684782353763914
1189,1.7212740281460053,1.3722408826419914,2.543746541567211,1.8537172108367053,0.7644091112230076,27.87087176032804,-62.12912823967196,62.12912823967196
1190,1.526882849696625,1.3297060259461235,1.8889030134943063,1.4205418164893238,1.005219152619154,-9.197473560796398,80.8025264392036,80.8025264392036
1191,1.9086035621207809,1.6063164985227778,2.4106851977281787,1.500753556316657,0.9143780222167444,-41.26828609364498,48.731713906355026,48.73171390635502
1192,2.0078170808425457,1.6125902700304366,2.58200311539831,1.6011526073201323,0.9651234206228514,-30.449174733366515,59.55082526663348,59.55082526663348
1193,1.9212854528773184,1.0985390766835912,3.636806814269463,3.3105848407766394,0.6732767785125355,-52.32501676202099,37.674983237979006,37.67498323797901
1194,1.5108941070107518,1.2310161577928014,1.982703775180084,1.6106236807931509,0.944915475449909,-38.84506078952948,51.15493921047053,51.15493921047052
1195,10.555572794524712,8.980851763742939,12.931233640860471,1.4398671730743653,0.8406588872370147,-57.5147739906007,32.4852260093993,32.4852260093993
1196,1.5583682828180965,0.9643434462968988,3.5012747937181232,3.630734265020517,0.4989038087052785,-75.65564887474945,14.344351125250569,14.344351125250554
1197,1.2850634067342854,1.1283624764338362,1.5250905525939942,1.351596303888098,1.2295618172940808,7.380557448724595,-82.6194425512754,82.6194425512754
1198,1.376313601551939,1.2230849141591993,1.736631678457248,1.4198782589441736,1.0673606693229245,76.15595567310496,-13.844044326895045,13.844044326895045
1199,12.858191041866824,8.070501057168155,22.489616625558448,2.786644406121891,0.49247715894548,-22.788247012174747,67.21175298782525,67.21175298782525
1200,23.17938587604557,20.14824581283045,29.70575308403177,1.4743592747471383,0.5330583290830404,-46.52049110489562,43.479508895104374,43.47950889510438
1201,1.4783979621211876,1.091927574707916,2.154856985867048,1.9734431438307245,0.9028996763308024,-34.786987618455505,55.2130123815445,55.213012381544495
1202,1.9956851445118324,1.6610594441782425,2.442177527957391,1.4702529379769325,1.0933904056859711,-63.63356590338208,26.366434096617922,26.366434096617922
1203,2.434249075164649,2.44209345178361,3.100808986495201,1.2697339588828964,0.6352791002655663,61.10678145277419,-28.893218547225807,28.893218547225807
1204,2.181715595945335,1.6770463419188577,2.9604745326353084,1.7652908322425764,0.9471803308879456,-14.396337648791052,75.60366235120895,75.60366235120895
1205,1.8829835605082688,1.4226691362634556,2.861167159701417,2.0111261900402786,0.7404517267316119,57.39656988601347,-32.60343011398653,32.60343011398653
1206,2.607648897704901,1.5107160849963093,5.117060232467848,3.3871753159233418,0.5839174285935141,-53.76968509088221,36.230314909117794,36.23031490911779
1207,1.461879030667795,1.085479759012172,2.2624580595247816,2.0842931807256404,0.769596921834222,48.300955787529766,-41.699044212470234,41.699044212470234
1208,1.7904288454052892,1.392367461567732,2.461092108738084,1.7675593380838022,0.9466724144082884,-22.432457104505477,67.56754289549453,67.56754289549453
1209,1.6044383463340146,1.5051786180068294,1.93025140196625,1.2824068711009895,0.9162494792164722,69.7206205947164,-20.279379405283606,20.279379405283606
1210,2.2038655607334228,1.639595274702636,3.086619854604621,1.882549859851496,0.904477696921521,-42.09056639228878,47.90943360771121,47.90943360771122
1211,2.170555852193912,1.7206730674849662,3.363719153428704,1.9548856880437533,0.7183129051005379,-57.07601884344291,32.92398115655709,32.92398115655709
1212,10.285230666599436,7.201956628275923,15.442379023305728,2.144192171704661,0.6786151297149381,-41.16837319637576,48.83162680362423,48.83162680362424
1213,1.69282125807016,1.3367749146518912,2.3333885957781955,1.7455358940407943,0.8848807758917261,-6.939517759910359,83.06048224008964,83.06048224008964
1214,1.933884181003576,1.6550023503613176,2.465920760149892,1.489980216409684,0.8676362599282568,85.01697029526191,-4.983029704738087,4.983029704738087
1215,1.4783979621211876,1.2203349568397428,1.9218862961480665,1.574884244179242,0.9461744855995582,-14.06389274892255,75.93610725107744,75.93610725107744
1216,1.7212740281460053,1.1243293801712717,3.311332346134519,2.9451621602471127,0.6386804743578023,62.13980007458694,-27.860199925413063,27.860199925413063
1217,1.4947343471339476,1.2397422477335125,1.9219546648082435,1.5502856890792798,0.9315801812426332,73.47586018596554,-16.524139814034456,16.524139814034456
1218,10.00030559570612,5.589014660118989,18.43047163781025,3.297624493512756,0.5597021456736285,5.7868727373152495,-84.21312726268475,84.21312726268475
1219,1.3223193364400538,1.2222866686549168,1.546552959807452,1.2652947949676805,1.125676459384969,-84.31261666054978,5.687383339450207,5.687383339450221
1220,1.5583682828180965,1.4844479542027298,1.8744647362127136,1.2627352349442624,0.94796887020879,-82.87958330708081,7.120416692919207,7.120416692919193
1221,1.843886218520761,1.7348027339248668,2.1490271628301825,1.238773216576713,0.948647322925174,75.7064537172587,-14.293546282741303,14.293546282741303
1222,5.41631068118443,3.825527565874712,10.383054951386498,2.714149819232161,0.4106354453604765,19.6206642638758,-70.3793357361242,70.3793357361242
1223,1.2466946262544771,0.94875680933295,2.227237426804621,2.347532481343183,0.6058996345529907,67.58920841963658,-22.410791580363423,22.410791580363423
1224,1.8039417076383557,1.337471556758809,2.7494860754399437,2.055734240885818,0.7814508336313164,11.639532275358292,-78.36046772464171,78.36046772464171
1225,1.3585539723246187,0.8825905798406466,2.3709815349981582,2.6863888978128947,0.7417367921191608,-68.62127772810263,21.378722271897374,21.378722271897374
1226,1.5738748168108194,1.007269474357219,2.928777311401803,2.9076402948384583,0.6956734243229444,-52.5204454097483,37.479554590251695,37.4795545902517
1227,1.8173540983129992,1.5112411454285772,2.914901691055326,1.9288130817988551,0.5718833091484132,33.46224289041756,-56.53775710958244,56.53775710958244
1228,4.128940804655817,3.196263210461505,5.778643293336577,1.8079372419714472,0.6602385017365787,-59.79425331666541,30.20574668333458,30.20574668333459
1229,7.127725083529134,7.340144212148841,11.020860952796165,1.501450194201264,0.347458017396652,-49.32286590461319,40.677134095386805,40.67713409538681
1230,9.833785440452528,8.414829109488146,12.32680527677875,1.4648907442314725,0.7017692552130664,31.27786924860119,-58.72213075139881,58.72213075139881
1231,1.946401361393312,1.6338585642482115,2.402560782964944,1.470482718356002,1.0152991083478282,-52.31511311921245,37.68488688078756,37.68488688078755
1232,2.6354399017991645,2.04587557263345,3.4762266768520926,1.699138854459998,0.9568596835088484,2.7315484476671883,-87.2684515523328,87.2684515523328
1233,1.542705892513396,1.3303511736236873,1.863456371331442,1.4007251681190704,1.11460859366999,-23.110981659123755,66.88901834087625,66.88901834087625
1234,1.4947343471339476,1.2888991992350256,1.873011064588144,1.4531866151362298,1.014015410561162,-28.02963407009727,61.97036592990273,61.97036592990273
1235,1.376313601551939,0.9487869537861026,2.209182361105201,2.328428265470486,0.7945315892321398,-44.09872981915926,45.901270180840754,45.90127018084074
1236,2.92375806133559,2.3233294987619986,3.948879335854346,1.6996639253960888,0.82543647276878,-81.3151899302858,8.684810069714217,8.684810069714203
1237,2.043780842560348,1.3345907905027716,3.224691932981696,2.416240210804151,0.824007825565889,86.85520140730684,-3.1447985926931636,3.1447985926931636
1238,3.519291078464021,2.6392303355576363,5.107123232668007,1.935080528539369,0.6993190403159391,-34.63476649975689,55.36523350024311,55.36523350024311
1239,2.3219164465724,1.6786912466324613,4.833317240986747,2.879217515837188,0.4510686791972351,39.46829442695741,-50.53170557304259,50.53170557304259
1240,1.7212740281460053,1.424764818229773,2.349885832042717,1.6493148918165867,0.8764346960489107,-75.57856743366038,14.421432566339604,14.421432566339618
1241,29.324665295664687,24.268498090844563,37.09849561128208,1.5286687899848943,0.7154037805399942,-18.54346927871788,71.45653072128212,71.45653072128212
1242,1.8173540983129992,1.7214063227293002,2.151485023643558,1.2498414785838392,0.8494972129609307,-59.59676123249334,30.40323876750665,30.403238767506657
1243,2.383845085036066,2.0574720099466965,3.000926734658034,1.458550454222597,0.9074911047805851,-68.58394394641493,21.416056053585066,21.416056053585066
1244,1.8306682257451572,1.343960868877838,2.896607046947445,2.1552763283696006,0.6310795085984207,21.82310595921412,-68.17689404078588,68.17689404078588
1245,3.101113727578844,2.0573211350867253,5.584543440733752,2.7144733729177086,0.5546062607661986,16.74125301198182,-73.25874698801817,73.25874698801817
1246,1.7212740281460053,1.2937369845147344,2.4788194308121843,1.9160149709579188,0.8221902010717704,-76.59902156669128,13.400978433308723,13.400978433308723
1247,1.4111624987975715,1.0867030663866348,1.9582747014613635,1.8020329214426225,1.0041084337396422,1.5920891427811317,-88.40791085721887,88.40791085721887
1248,1.5738748168108194,1.250095406916641,2.0898517728202077,1.671753820754229,0.9254229906967888,-88.41247809197678,1.5875219080232341,1.58752190802322
1249,2.290324274544937,2.0044189398571444,2.986801531232178,1.490108415880888,0.8237501693278578,-69.64264723994071,20.357352760059285,20.357352760059285
1250,4.123054927387453,4.350694172987161,6.930850664552677,1.5930447852633125,0.3305828820948162,88.13259278719863,-1.8674072128013677,1.8674072128013677
1251,2.5224394277803315,2.065716969984558,3.446451044039761,1.6684042848646028,0.7822201607465146,-2.9359153860368634,87.06408461396313,87.06408461396313
1252,1.9956851445118324,1.8048682819034296,2.2707815268189155,1.258142519089609,1.018540491122108,54.22570245690727,-35.77429754309273,35.77429754309273
1253,2.9731771904499835,1.6327610134421504,5.910569331520467,3.6199843595358367,0.5492005983683413,87.45774829965427,-2.54225170034573,2.54225170034573
1254,1.3038244488524504,1.2329823839410163,1.4855028978332765,1.2048046405051802,1.0548943593289974,-88.54387715567424,1.456122844325762,1.456122844325762
1255,1.9956851445118324,1.4176926567382353,2.965650477404151,2.0918853344612707,0.8286298438188447,6.09820953958856,-83.90179046041143,83.90179046041143
1256,1.9956851445118324,1.8897205571965343,2.3322754291525385,1.234190642775538,0.8360577516671562,-26.865673877903365,63.13432612209664,63.13432612209664
1257,1.7212740281460053,1.2972495542594182,2.761902931359806,2.129045195884872,0.6344248175851821,37.40252640502871,-52.59747359497129,52.59747359497129
1258,1.3585539723246187,0.8932912536801106,2.207487862652715,2.471184905884258,0.8779340206443622,-11.995726526542384,78.00427347345762,78.00427347345762
1259,1.843886218520761,1.5179148628575818,3.6262749412528312,2.3889844088001837,0.3728668845358185,-1.097202085012671,88.90279791498733,88.90279791498733
1260,1.376313601551939,1.3413213312916277,1.5676311243780126,1.1687215343607928,0.937907515244945,22.25304155069061,-67.74695844930939,67.74695844930939
1261,1.8173540983129992,1.3913551720607753,2.7091469116635305,1.9471282143228292,0.7045496205802271,72.52801095108808,-17.471989048911922,17.471989048911922
1262,18.09587019979501,14.27348357152132,23.94150374725222,1.6773413180662278,0.6368945701017499,-34.68038139452448,55.31961860547551,55.31961860547552
1263,3.560453777195214,2.140487617304913,7.605838318776856,3.553320401055794,0.425336587619362,67.816679453005,-22.183320546995006,22.183320546995006
1264,1.7630924485867383,1.2882196553026533,5.144027389556968,3.9931290974973006,0.3196627997630058,-54.91233561937773,35.08766438062227,35.08766438062227
1265,2.5224394277803315,1.4887718308807352,5.346497161570003,3.5912132743720004,0.4950070452290005,-73.6040251544976,16.395974845502394,16.395974845502394
1266,2.055628946700877,1.7731712602856016,4.045524523709236,2.281519340132792,0.4139567604026841,-72.5222536636695,17.477746336330483,17.477746336330497
1267,1.542705892513396,1.190774151327338,2.927786718062601,2.4587254558717464,0.5298487835408159,-68.89698245937971,21.10301754062027,21.103017540620286
1268,1.5108941070107518,1.24680517806098,1.9426102405520007,1.5580703984347664,1.09438948671391,11.47565224192174,-78.52434775807826,78.52434775807826
1269,2.414213762644935,2.2768280067196653,2.6622300972221917,1.169271499368893,1.0079017035564937,8.813816505095556,-81.18618349490444,81.18618349490444
1270,2.055628946700877,1.6440501187444785,2.7044917258335395,1.645017809979476,0.962594866198233,16.91672767166483,-73.08327232833517,73.08327232833517
1271,2.5320487556361617,2.065969025056802,3.221740831971412,1.5594332697620348,0.9642974223026856,-22.81919336089176,67.18080663910824,67.18080663910824
1272,2.4541208259039915,2.2193196835997657,2.965886348813536,1.3363943783001238,0.7998095211765226,-31.777118290328264,58.22288170967174,58.22288170967174
1273,1.4282681233264556,1.1821141413204812,2.3526895362238656,1.9902388897875736,0.6513377721872818,-80.10218467723028,9.897815322769702,9.897815322769716
1274,1.3585539723246187,1.103364055866213,1.8373140143552464,1.6651929203120854,0.9520341849470748,-49.68873348117564,40.31126651882437,40.31126651882436
1275,1.461879030667795,1.1211181454726125,2.087847247926971,1.8622901220163817,0.8390289906309816,44.99126588753996,-45.00873411246004,45.00873411246004
1276,3.954695358622917,3.203659618084118,5.1963565646068535,1.6220064501466689,0.8348533112869754,7.977400409461345,-82.02259959053866,82.02259959053866
1277,2.653805558851462,2.117007330841173,3.8796872686770496,1.8326281690935344,0.6901427853421245,58.90965536848591,-31.090344631514093,31.090344631514093
1278,1.4947343471339476,1.0412781615715176,2.693225082956646,2.5864607386867475,0.6207032513900466,31.49823005315705,-58.50176994684295,58.50176994684295
1279,2.394010781836305,1.422818021292386,4.348942170007359,3.056569501458163,0.6356727243556435,74.20499742599713,-15.795002574002865,15.795002574002865
1280,1.7071069228001237,1.493298781454964,2.053714887396701,1.3752873255516271,1.097724492308151,-74.79720793669192,15.202792063308095,15.202792063308081
1281,1.8306682257451572,1.6399330986913505,2.2134532157184243,1.3497216547947823,0.9325822228758768,86.60527697489198,-3.3947230251080214,3.3947230251080214
1282,2.4639966035353127,2.029626267168299,3.15379215802772,1.5538782725884992,0.9212277351284168,-33.544643515534304,56.455356484465696,56.455356484465696
1283,1.5108941070107518,1.172534969588296,2.157469450660165,1.840004355194372,0.8411656519321089,34.953600551019186,-55.046399448980814,55.046399448980814
1284,28.35973389202733,26.221695848811343,33.21728973561591,1.2667864781568534,0.5770348404530367,-26.369482398937663,63.63051760106234,63.63051760106234
1285,1.4947343471339476,1.0742664974732723,2.280420776398976,2.1227700777811065,0.8357747100210996,28.19971259808206,-61.80028740191794,61.80028740191794
1286,1.3938469657443524,1.3387715704433338,2.2237539963188486,1.6610406475710064,0.5116359094186359,80.37804202894927,-9.621957971050733,9.621957971050733
1287,9.28243477163285,5.919855804375434,17.01373723380434,2.8740121036781483,0.431461133789282,-15.014792253045725,74.98520774695427,74.98520774695427
1288,2.102353753036351,2.0731067075269545,3.1292633102428,1.5094559768106457,0.5325699842864036,-81.59781543803784,8.402184561962144,8.402184561962159
1289,1.663882010113248,1.2895861410857328,2.421953330350217,1.878085730908304,0.8076183285251542,-76.68769610156583,13.312303898434152,13.312303898434166
1290,1.7353254778478429,1.5712501445943317,2.4132097334049885,1.535853308721913,0.6387467801923591,15.827201759250752,-74.17279824074924,74.17279824074924
1291,3.6347081966259984,3.1584227750552656,4.231928916151281,1.339886778164849,0.9855216316158278,-79.13561704705677,10.864382952943231,10.864382952943231
1292,1.376313601551939,1.0411807792066514,1.9802391435159457,1.901916730565108,0.8940469805739768,-4.163607413551173,85.83639258644882,85.83639258644882
1293,1.4111624987975715,0.9933703747303686,2.5207531867877297,2.537576367195307,0.7347252378318432,-69.2688489736348,20.731151026365183,20.731151026365197
1294,2.4639966035353127,1.5434083419184792,4.431025947849225,2.870935595917147,0.6599779928819052,24.9767883695811,-65.0232116304189,65.0232116304189
1295,2.353084504890762,2.286580393098927,3.184182027663461,1.3925519685525003,0.5798718604209938,-38.944813912056034,51.05518608794398,51.055186087943966
1296,1.3938469657443524,1.2799204813996534,1.6658030109588955,1.301489455920935,1.0386374454200988,8.810070629064192,-81.1899293709358,81.1899293709358
1297,6.135302064759978,5.308429521816251,8.025385627788838,1.511819191496583,0.5484347751915956,85.74536210993902,-4.254637890060977,4.254637890060977
1298,1.4282681233264556,1.2731236531559464,1.6713703536316478,1.312810699485857,1.0808196104366607,73.83960860650072,-16.16039139349928,16.16039139349928
1299,1.340559085464394,1.2835789449141564,1.622785028515198,1.2642658520888463,0.8827672409591552,-33.58442978331513,56.41557021668487,56.41557021668487
1300,2.4541208259039915,2.1935698972900397,2.860528107156288,1.3040514964625545,0.9477008116016712,41.43916557465665,-48.56083442534335,48.56083442534335
1301,1.6344304437273447,1.2601268478062353,2.780326431583237,2.206386155825129,0.6469968255916229,-60.22752396812588,29.772476031874135,29.77247603187412
1302,1.526882849696625,1.0286215768519922,3.160149660023752,3.072217938199506,0.555909264373561,58.705240984525865,-31.294759015474135,31.294759015474135
1303,1.9086035621207809,1.4509189831652414,2.6504694271301936,1.8267521880154067,0.8484505992862433,-79.45856308300402,10.541436916995963,10.541436916995977
1304,1.9212854528773184,1.6122931256963655,3.1220341684632573,1.9363936487137348,0.5291425135220506,56.678153583147626,-33.321846416852374,33.321846416852374
1305,1.4111624987975715,1.3452996360773497,1.7201837557014663,1.27866217277603,0.9183543148616184,70.07635434365372,-19.92364565634628,19.92364565634628
1306,1.4947343471339476,1.2825912073114738,1.819361446141856,1.4185045365744728,1.1062498897760888,-42.9734567641375,47.026543235862505,47.0265432358625
1307,2.2257951114113315,1.3661081868592673,7.164988271182825,5.244817606763191,0.2812378827762083,-35.92049777129195,54.07950222870805,54.07950222870805
1308,2.0198761507134417,1.6040455805693952,2.631643491392834,1.6406288719418234,1.0477265273241363,65.06548962771191,-24.934510372288088,24.934510372288088
1309,1.8173540983129992,1.597570610340766,2.1847496113209344,1.3675449442919594,1.047836720038799,-78.50041682885943,11.499583171140557,11.499583171140571
1310,2.6354399017991645,1.9588558525271371,4.203752575020996,2.146024460961585,0.6536367885661244,-58.76532718242656,31.234672817573426,31.23467281757344
1311,2.787693931488705,1.8609585652618783,5.056898912910144,2.7173624428325334,0.6121016680790249,-37.40350789784851,52.59649210215149,52.59649210215149
1312,3.973075141726776,3.6089394602906144,4.622944267757094,1.2809703012820353,0.8594861163758805,-73.40792237603335,16.592077623966645,16.592077623966645
1313,1.7212740281460053,1.4357583195563466,2.2162631331258837,1.5436185205673856,0.9509281992539252,-63.05247210091615,26.947527899083866,26.947527899083852
1314,1.933884181003576,1.464420992007036,3.4826426715017256,2.3781704103603785,0.5720386953464103,30.47591116683803,-59.52408883316197,59.52408883316197
1315,1.843886218520761,1.5525262158245128,2.7761273503910417,1.7881355703334785,0.6697789989452384,73.28165653284286,-16.71834346715714,16.71834346715714
1316,1.3585539723246187,1.1523045947872523,1.7071917888332448,1.4815455883419784,1.0838485064251622,40.9263147394714,-49.0736852605286,49.0736852605286
1317,1.7904288454052892,1.0845494233737023,3.5564053866890286,3.279154743936091,0.4779448859776665,-73.98425264066532,16.015747359334682,16.015747359334682
1318,3.661336451490315,2.0785307836524667,7.352576853338946,3.537391368540976,0.5468077115968517,73.70845272004264,-16.291547279957356,16.291547279957356
1319,3.208876692668029,2.1774018729881246,5.126842978411723,2.354569012736256,0.721195345766586,-46.788971486582646,43.21102851341735,43.211028513417354
1320,1.461879030667795,1.2376402323050442,1.8667997664326752,1.5083541385494978,0.9461620068569696,47.14757388438663,-42.85242611561337,42.85242611561337
1321,2.247510699902965,1.5455112029662212,3.407985111408676,2.205085996703164,0.8303764288555003,2.936355974587836,-87.06364402541216,87.06364402541216
1322,1.3223193364400538,1.059564888991651,1.7347737605127322,1.637251081586568,1.0850341981669689,18.778192184582966,-71.22180781541704,71.22180781541704
1323,1.4111624987975715,1.2609318728142926,1.870797744813516,1.4836628252072448,0.7708534640464384,-3.801640353103977,86.19835964689602,86.19835964689602
1324,7.900174100344938,3.856810313105509,18.81210590827786,4.877633168619674,0.3866679758875727,-13.988929096585982,76.01107090341402,76.01107090341402
1325,1.3223193364400538,1.0635242958615372,1.7901073563037866,1.6831842612995134,0.974674679616907,31.432285417834237,-58.56771458216576,58.56771458216576
1326,1.5892300566907107,1.1154901643606174,2.3412950718884105,2.0988935148795385,0.9318466431038012,1.856991900552766,-88.14300809944723,88.14300809944723
1327,2.373635851463476,2.0216304782473866,2.9832066390287992,1.475643878111213,0.9261890937234426,-13.631752035966764,76.36824796403323,76.36824796403323
1328,9.391674244868648,7.460501910418017,12.155916697803653,1.6293698257524536,0.8622662012562828,82.26187494702648,-7.7381250529735155,7.7381250529735155
1329,1.4451712930335778,1.0789524614569244,2.465816617086329,2.2853802231070524,0.6846224927186577,-66.7245982075086,23.27540179249138,23.275401792491394
1330,1.2270604129519955,0.9939820538360844,1.6078861664282258,1.6176209220507507,1.0473388969008453,-8.770787987423315,81.22921201257668,81.22921201257668
1331,1.2850634067342854,1.234812729304548,1.406314046546146,1.138888523880207,1.2663829059017788,-43.09518386607561,46.904816133924385,46.90481613392439
1332,26.344260760637077,22.3586667176368,52.05641493115088,2.328243252988252,0.2929231041923793,79.70636592534996,-10.293634074650043,10.293634074650043
1333,1.461879030667795,1.378174678187152,1.8708447430203092,1.3574801312423,0.7109825588365144,32.585632423638444,-57.414367576361556,57.414367576361556
1334,1.526882849696625,0.9402168433567646,4.60502642444373,4.897834427218782,0.3082334501489015,15.101445463745174,-74.89855453625482,74.89855453625482
1335,33.49513154813194,33.84699299095664,46.5236900615151,1.3745294914069754,0.2765302600281943,82.4758987665781,-7.524101233421902,7.524101233421902
1336,2.717107944649237,2.6734672819963423,3.001195225981432,1.1225853580449907,0.835633735389869,-88.3762479235136,1.6237520764863973,1.6237520764863973
1337,1.526882849696625,0.8654026146638938,2.878095503806194,3.325730076426904,0.6448978542882673,2.0646244140417886,-87.93537558595821,87.93537558595821
1338,2.043780842560348,2.071903949940353,2.1301357418226745,1.028105449523371,1.0157659685968323,-36.92245755836359,53.07754244163641,53.07754244163641
1339,36.33973162926421,32.53618570410698,46.99259081504235,1.4443177587688334,0.388606034590852,86.08133923409603,-3.918660765903965,3.918660765903965
1340,2.787693931488705,1.9435457559451157,4.813052161207324,2.4764285309387084,0.6230327087562167,-68.3570989134076,21.642901086592417,21.642901086592403
1341,3.667963310218569,3.6015874361857194,4.690030551522273,1.3022120480543644,0.5886838680728332,76.5238548370568,-13.476145162943197,13.476145162943197
1342,4.72676503382805,2.681327112286932,9.694647616168362,3.615615406170901,0.4247405758498992,31.731532287594945,-58.268467712405055,58.268467712405055
1343,3.607883415276711,2.743611179536639,5.975399092579028,2.1779321855614384,0.5287649830245631,-1.3044411060626868,88.69555889393732,88.69555889393732
1344,1.4451712930335778,1.2561961116776432,1.7318105891896334,1.3786148301930417,1.184116678134069,-71.54109587207803,18.458904127921983,18.45890412792197
1345,5.411825122915066,2.563715238540754,14.512423792712816,5.660700367398515,0.2840572564314429,81.07320046690839,-8.92679953309161,8.92679953309161
1346,1.542705892513396,1.304812592497213,1.903456845679745,1.458797115098972,1.1434189044246563,-40.89848477209426,49.101515227905736,49.10151522790574
1347,11.816912584570126,9.545738885538851,16.72779591696758,1.7523835627128936,0.490838387656076,28.069867088206017,-61.93013291179398,61.93013291179398
1348,1.4111624987975715,1.1011541191879886,1.9744245038911847,1.7930501003321515,0.925451699679614,49.40134799793038,-40.59865200206962,40.59865200206962
1349,2.813707191225227,1.6405138560095858,5.080161426677836,3.096689130706221,0.6335987475471506,-24.55314067154188,65.44685932845812,65.44685932845812
1350,2.0078170808425457,2.1713441475656663,2.725433629247768,1.2551827089700642,0.5414480509315145,-83.69663352957666,6.303366470423327,6.303366470423342
1351,1.843886218520761,1.4311306834726902,2.6207227712274266,1.8312253391620037,0.8293268483107806,-3.0083005371847604,86.99169946281523,86.99169946281523
1352,1.843886218520761,1.1284343165738655,3.441608468558385,3.0498970281298625,0.5887034064763077,78.1369318818163,-11.863068118183705,11.863068118183705
1353,1.7212740281460053,1.2613646216321954,3.0006022270232164,2.378853961466322,0.6219454006304456,28.6588970917804,-61.3411029082196,61.3411029082196
1354,1.749264059016166,1.447287096331519,2.5565027967504697,1.7664102742507082,0.7633624226792439,20.164430673966844,-69.83556932603315,69.83556932603315
1355,1.5108941070107518,1.3922596413515431,1.802179640982717,1.294427840509147,1.0204428355054438,-43.41544983895068,46.58455016104932,46.58455016104932
1356,2.940323395380274,2.062897708366674,4.419564905226158,2.142406231439079,0.7907427302070759,8.402889469234648,-81.59711053076535,81.59711053076535
1357,1.3585539723246187,1.2664733118439482,1.6367444585552042,1.2923639552831572,0.9534811422175208,27.59257992295062,-62.40742007704938,62.40742007704938
1358,1.4111624987975715,1.2110736032967826,1.770018307168964,1.4615282690916749,1.0379187265485266,46.59891816766729,-43.40108183233271,43.40108183233271
1359,1.6195038256468852,1.340689453749517,2.382349854029035,1.7769587486246703,0.7758602227318225,46.46177888159801,-43.53822111840199,43.53822111840199
1360,1.542705892513396,1.043370699014985,2.493458598343036,2.389810832043717,0.8241975919859137,61.68277805964827,-28.31722194035173,28.31722194035173
1361,2.1480624384075764,1.5913006477902742,3.531697363999078,2.2193778208431536,0.6502380187376283,85.00795515876366,-4.992044841236336,4.992044841236336
1362,1.6784140066373283,1.267850513708831,2.5295356872726984,1.9951371710794767,0.7185322342688798,41.05047811017928,-48.94952188982072,48.94952188982072
1363,1.542705892513396,1.4525644280401966,1.866051881852148,1.2846603192464443,0.901559036015668,40.44857294784772,-49.55142705215228,49.55142705215228
1364,1.2071068813224677,0.8853082385969973,2.319650858194457,2.620161834109385,0.59327266459272,-37.77277329528823,52.22722670471177,52.22722670471177
1365,1.340559085464394,0.8299079942241935,2.4889874064232336,2.999112460351662,0.6667660171886501,-56.80884485103118,33.19115514896882,33.19115514896882
1366,1.95883855734249,1.7932368777792944,2.50080163993202,1.3945740637617037,0.8224363985656172,41.80098415488767,-48.19901584511233,48.19901584511233
1367,1.933884181003576,1.525125472462526,2.757560161169226,1.8080874072064144,0.8116293493680047,83.62020571526722,-6.379794284732782,6.379794284732782
1368,1.4947343471339476,1.326012513041824,2.0848387278653475,1.5722617300818709,0.7371545913963979,-51.81989104069218,38.18010895930783,38.18010895930782
1369,2.332352078688221,1.5297676187217712,3.883751007493568,2.5387849500558235,0.6714295036339889,58.90882360871406,-31.09117639128594,31.09117639128594
1370,1.3038244488524504,1.203399134504097,1.5049398821207376,1.2505741769050722,1.146766790037965,-43.95109570690399,46.048904293096,46.04890429309601
1371,1.5738748168108194,1.369108285732096,1.9483909045495855,1.423109424473122,0.931856516062516,-57.650459310784974,32.34954068921502,32.349540689215026
1372,2.4541208259039915,2.343368680360422,2.829825896041775,1.2075888526454717,0.885246255329942,-33.17475424173719,56.82524575826281,56.82524575826281
1373,2.383845085036066,2.3152346794857284,2.7112519672868824,1.1710484433004085,0.8942015722370608,-4.056157868201574,85.94384213179842,85.94384213179842
1374,1.3223193364400538,1.0682992116185774,1.725728510238624,1.6153980939703,1.038247768907964,-54.85161572032902,35.14838427967098,35.14838427967098
1375,3.648046620153854,2.2126764970514934,7.256688152845577,3.2795974298617496,0.4954539977214705,35.810751271100806,-54.189248728899194,54.189248728899194
1376,11.515065743936544,7.982372000108552,17.463714568085393,2.187785105460871,0.6513561011897547,-11.255834229610567,78.74416577038943,78.74416577038943
1377,1.9711972828282505,1.404777791473787,3.2831395277981854,2.3371237413667845,0.6476337202957171,23.547166404253478,-66.45283359574653,66.45283359574653
1378,1.4282681233264556,1.098851642384829,2.0598020776093646,1.874504253494123,0.8891232619691702,48.19389758358304,-41.80610241641696,41.80610241641696
1379,1.7071069228001237,1.244149046682973,2.6731765727402994,2.1485983370459176,0.8193569009165795,20.33960839843552,-69.66039160156448,69.66039160156448
1380,2.717107944649237,2.5828719335467065,2.961662631683124,1.1466548508335357,0.9221906093455262,-23.588274509375324,66.41172549062468,66.41172549062468
1381,6.782035954688048,6.430120391322625,7.505735597897144,1.1672776155211728,0.7261810422736292,15.927516271058703,-74.0724837289413,74.0724837289413
1382,1.461879030667795,1.2037692242151703,1.8378057657429383,1.5267093798158409,1.1416706952805644,76.67349099194136,-13.326509008058636,13.326509008058636
1383,2.989468694267895,2.822923736307151,3.5477063592417832,1.2567489208485552,0.7923233382360686,68.31135386297859,-21.688646137021408,21.688646137021408
1384,3.477641196323917,3.013175954255221,4.274344468467365,1.4185512340993944,0.8674959979370153,47.25193247742461,-42.74806752257539,42.74806752257539
1385,2.2582901895629326,1.3710491981361663,4.3189925068497,3.150136780445976,0.6138412973941503,-58.82116900221861,31.178830997781404,31.17883099778139
1386,3.186091481181058,2.5638810620795423,4.073868073545804,1.588945811020393,0.9071826497090422,12.984637681987364,-77.01536231801263,77.01536231801263
1387,1.3223193364400538,1.0251594315371406,3.6632589908715554,3.573355400319349,0.3449335083764187,-21.930727641439667,68.06927235856034,68.06927235856034
1388,11.653427587522918,8.723164332521,17.59119026754445,2.0166065428760054,0.3939880696411764,0.5884912734840578,-89.41150872651595,89.41150872651595
1389,2.9320524271101838,2.85689572655835,3.75453795896591,1.3142019584624227,0.7034972604925458,48.36488462968151,-41.63511537031849,41.63511537031849
1390,1.8829835605082688,1.9032980735998275,2.13536480171413,1.121928735878653,0.8349188525066268,-87.84844119700023,2.151558802999773,2.151558802999773
1391,2.055628946700877,1.3191943485605548,3.4404596385037483,2.6080005893428986,0.6800961942117522,47.13351074397478,-42.86648925602522,42.86648925602522
1392,1.5583682828180965,1.3539781681971907,2.0615910927211165,1.5226176766691193,0.8369710638490149,2.8406112511338875,-87.1593887488661,87.1593887488661
1393,1.5892300566907107,1.283157682276581,2.3021766688752754,1.794149464772521,0.8333051902741891,84.24090046832691,-5.759099531673087,5.759099531673087
1394,2.043780842560348,1.6696830330827293,2.846718027561744,1.704945172920551,0.7257403445199022,-42.00061820277783,47.999381797222156,47.99938179722217
1395,1.5892300566907107,1.1121177512465623,2.40000856369911,2.1580525632370886,0.8558940395295922,-37.04831382348733,52.95168617651268,52.95168617651267
1396,4.324296489335503,3.1012447824754976,6.43302397566659,2.074336089823769,0.7024389713244135,71.15161034963347,-18.848389650366528,18.848389650366528
1397,7.185412921052913,4.857418515185183,15.804454974155233,3.253673720876141,0.3296584471853676,41.79723299712053,-48.20276700287947,48.20276700287947
1398,1.526882849696625,1.342134199208427,1.896925615015221,1.4133650838597231,0.9302460833515568,-48.39069308957903,41.60930691042097,41.60930691042097
1399,7.958365740754848,4.549489894089115,18.105014588635203,3.979570239766437,0.2739449702602383,63.43695329836338,-26.563046701636623,26.563046701636623
1400,1.663882010113248,1.2228491627128062,2.4570892211301256,2.009315045593394,0.863274595333179,-74.2259018525503,15.774098147449706,15.774098147449706
1401,1.933884181003576,1.8917802882986667,2.489853127355707,1.3161428643465276,0.6860646721333142,-1.193253117541081,88.80674688245892,88.80674688245892
1402,1.7071069228001237,1.374929811691785,2.2026685477477463,1.6020225389087088,0.948589977495796,9.398489030752703,-80.6015109692473,80.6015109692473
1403,1.3038244488524504,0.8905897417741466,2.010451148429752,2.257438025756647,0.9811923143543034,-41.97158009094351,48.02841990905648,48.02841990905649
1404,1.3585539723246187,1.0327229480788045,1.901415624870818,1.8411672059849744,0.9698799922457232,13.257030588070135,-76.74296941192986,76.74296941192986
1405,1.8173540983129992,1.5707274250959575,2.2423919133542536,1.4276136505461878,0.99584345532909,7.840061328548745,-82.15993867145126,82.15993867145126
1406,2.1367269374441915,1.7015934539041064,2.8418849160957915,1.6701315520316675,0.924138437874981,-35.27616891267859,54.7238310873214,54.72383108732141
1407,3.727074851943596,2.6977079544776488,5.6981363312839495,2.112213933990222,0.6896198943113848,-37.179518072586696,52.82048192741331,52.820481927413304
1408,4.290468357078531,2.747912612543605,7.473384565873051,2.7196587445171017,0.5524401796682655,21.778026460118053,-68.22197353988194,68.22197353988194
1409,1.340559085464394,1.158747666231229,1.6905795601853888,1.4589712751559771,1.0017489762729324,-41.67167124209311,48.32832875790689,48.32832875790689
1410,1.376313601551939,0.7856342487583984,3.862882876823565,4.916897249487777,0.3491774439286384,32.28608697892457,-57.71391302107543,57.71391302107543
1411,24.483746225524648,15.612069965360748,40.61529500585611,2.6015317056592253,0.5054896762606134,88.34799356476849,-1.6520064352315131,1.6520064352315131
1412,2.644638672880108,1.851147169935996,3.971499463220656,2.1454261053474064,0.8180605724634337,2.997817778309709,-87.00218222169029,87.00218222169029
1413,1.2270604129519955,1.264370463502472,3.2083460339061065,2.537504731816154,0.3144384045024653,18.670997270932286,-71.32900272906771,71.32900272906771
1414,1.340559085464394,0.9826835902639104,2.073798455343229,2.1103420021354866,0.8827672409591552,68.35046289562074,-21.649537104379263,21.649537104379263
1415,3.313136415259456,2.5946634365653325,4.723117377309162,1.8203198575771184,0.6795291877137227,70.55610656856034,-19.443893431439662,19.443893431439662
1416,2.424252116806765,2.3855411131991127,2.661049662746937,1.115491008737366,0.8850058971088512,23.224062880304107,-66.7759371196959,66.7759371196959
1417,1.8829835605082688,1.0907267788075434,4.129731276897257,3.7862197546961847,0.4117992319448496,22.982328800742675,-67.01767119925732,67.01767119925732
1418,1.4111624987975715,0.8605987352629735,2.610473767279425,3.0333228022717718,0.6955257514690004,75.73085199069104,-14.269148009308964,14.269148009308964
1419,2.6169453581990307,1.699772490195533,4.602933319101102,2.70797024051825,0.6156100683538304,-22.17343943217067,67.82656056782933,67.82656056782933
1420,1.749264059016166,1.3618582799854224,2.3728980157931923,1.7423971720600708,0.8697607257961466,-39.34686424059238,50.65313575940763,50.65313575940762
1421,1.526882849696625,1.0326236343628357,2.936091840977011,2.8433320168859786,0.6021485885454707,-24.472813049235377,65.52718695076462,65.52718695076462
