,Particle_Diameters,Minor_Axis_Size,Major_Axis_Size,Aspect_ratio,Circularity,Orientation,Normal_Angle_X,Normal_Angle_X_Abs_Ori
0,1.6344304437273447,1.449806591961385,1.9940379111322644,1.375382014531063,0.9502609154478386,-80.17391779137563,9.82608220862437,9.82608220862437
1,2.743790495859625,2.734704070178632,2.824456981116806,1.0328199719731692,0.9566760017583976,60.0370818803947,-29.9629181196053,29.9629181196053
2,6.515395966596123,4.861766906463229,9.07186253871297,1.8659599921692755,0.7698002986549035,76.88297144334045,-13.117028556659548,13.117028556659548
3,1.340559085464394,1.2326109992817065,1.5792953397299896,1.2812601385597813,1.0859420458740976,82.20007275402996,-7.799927245970039,7.799927245970039
4,1.1661760393441107,0.8260111857379328,1.798801007996597,2.1776957008028943,1.002765992820705,33.2103180153283,-56.7896819846717,56.7896819846717
5,1.2466946262544771,1.1817138995754646,1.4424592034429211,1.2206501116396538,1.0215897026501668,68.1882641593125,-21.811735840687504,21.811735840687504
6,3.5672680490315747,2.4779236777576075,8.005533862224784,3.2307427117647856,0.3036461367276318,85.36733829353784,-4.632661706462159,4.632661706462159
7,1.663882010113248,1.4033765748151794,2.0600158063898526,1.4678995241609691,1.0904892722253334,-56.61793894139534,33.38206105860468,33.38206105860466
8,5.59278381121846,4.225183520866517,7.70241449820577,1.8229775014899536,0.7332672309294057,89.58114775471351,-0.41885224528648735,0.41885224528648735
9,2.125330979189304,1.7762108397285743,2.6677304717198003,1.501922188543484,0.953146692925529,-55.041514376693,34.95848562330701,34.958485623307
10,2.92375806133559,1.833519720389068,4.889972005959019,2.666986316853675,0.7017923979242573,-89.16472953637536,0.8352704636246244,0.8352704636246386
11,1.7212740281460053,1.507338062393182,2.240615193619204,1.4864715816051286,0.7696499264780012,52.0927664820386,-37.9072335179614,37.9072335179614
12,1.9086035621207809,1.6357847628732836,2.371420064591266,1.449713995639516,0.9473112013918832,7.465708589068773,-82.53429141093123,82.53429141093123
13,1.376313601551939,1.0696688273573651,2.008023822505969,1.877238796859048,0.8461875793671475,-32.233757108586126,57.76624289141387,57.766242891413874
14,2.4041334941401127,1.996596714406282,3.0316399528317186,1.518403757232077,0.910250146400318,69.11907905124275,-20.88092094875725,20.88092094875725
15,1.7353254778478429,1.336283552408769,2.3234261480353555,1.7387224020285028,1.0372383220273609,-81.80522983298262,8.194770167017396,8.194770167017381
16,1.2466946262544771,0.9033610602049866,1.830329145961424,2.026132436510041,1.0913991455361816,-81.71814751336784,8.281852486632147,8.281852486632161
17,1.2270604129519955,1.0607728290688243,1.4974244400774923,1.4116353653137714,1.157792750026421,68.97491522813341,-21.025084771866588,21.025084771866588
18,2.434249075164649,2.245945150138146,3.3127091072568704,1.4749732899991383,0.4676899389338109,21.715550874129043,-68.28444912587096,68.28444912587096
19,1.1451621372724683,0.7888988069158775,1.7954173086360912,2.275852483102489,0.988683291791769,-80.12346624818949,9.876533751810513,9.876533751810513
20,1.2466946262544771,0.8486421319968227,1.958059947227928,2.307285808000938,0.9628708838538628,-47.63593987135663,42.36406012864336,42.36406012864337
21,1.4783979621211876,1.5342998623679942,1.8917430649871725,1.232968281746119,0.6631277229259875,88.0948386725546,-1.9051613274453985,1.9051613274453985
22,2.607648897704901,1.546814354740032,4.96655501203422,3.2108281105711183,0.5653921013593267,-88.68184373181924,1.3181562681807577,1.3181562681807577
23,1.5583682828180965,1.465389754906463,1.9482470891501016,1.3295077863257343,0.7414222582115921,-31.44800697831625,58.55199302168376,58.55199302168375
24,1.5108941070107518,1.4849805898495652,1.9702325220804704,1.3267732491237905,0.7395953008156592,-26.95785147034524,63.04214852965475,63.04214852965476
25,2.079122611754846,1.764204134175353,3.017747924138718,1.710543505527671,0.5611934382531669,87.40171866012395,-2.5982813398760527,2.5982813398760527
26,1.4111624987975715,1.0755559490907816,2.6212828806923247,2.437142282470958,0.5084706252702185,-56.38274433847561,33.61725566152438,33.61725566152439
27,1.5738748168108194,1.1546101809596347,2.3804781348128032,2.061715870922175,0.8077333526586226,80.62849033568821,-9.371509664311787,9.371509664311787
28,1.461879030667795,1.3548301727871932,1.6964214451749808,1.2521284801954602,1.0008730228873377,-28.299165806536585,61.70083419346341,61.700834193463415
29,1.461879030667795,1.248841746333837,1.9624396299562104,1.57140777501813,0.8267456374958004,-59.0158416335326,30.984158366467398,30.984158366467398
30,1.6344304437273447,1.262643466364194,2.350528969759297,1.8615935791658516,0.8670172391479755,87.19562411494309,-2.8043758850569134,2.8043758850569134
31,1.526882849696625,1.3081896380131908,2.3205110457945297,1.773833837515178,0.6896535313171755,-26.178292833051227,63.82170716694877,63.82170716694877
32,1.4947343471339476,1.3648896997809823,1.8929912262278252,1.3869188305337676,0.8357747100210996,29.718280563527998,-60.281719436472,60.281719436472
33,2.964997870440077,1.870501902962024,4.857976265710699,2.5971512020478973,0.7311809269852791,-80.48958594069737,9.510414059302633,9.510414059302633
34,3.1089349599944707,2.763948310438109,3.876467117507231,1.4025107137017254,0.6519145236678919,75.1028436521418,-14.8971563478582,14.8971563478582
35,2.5606603842001854,2.022732637013921,3.5427706538521835,1.751477476075253,0.6869391093046548,-70.36506336230816,19.63493663769185,19.634936637691837
36,1.2660243778180809,1.078206731433634,1.712303137525983,1.588102807751186,0.8778988466196228,-23.51400183044089,66.48599816955911,66.48599816955911
37,1.3038244488524504,1.0174949640115247,1.9024728097376635,1.869761401311579,0.8926667207933209,41.51148534957364,-48.48851465042636,48.48851465042636
38,3.4284102221998127,2.445532811762494,4.946995603267814,2.022870263475433,0.805842299068525,-73.40913139808092,16.590868601919084,16.590868601919084
39,1.6044383463340146,1.2173662086000046,2.413391217076802,1.9824693670873696,0.7190641899987739,52.69821526947166,-37.30178473052834,37.30178473052834
40,2.0674091517192297,1.9859517562669975,2.2630319625902247,1.1395201094129577,0.9896274865939368,-17.858017694458017,72.14198230554199,72.14198230554199
41,1.3223193364400538,0.9935048322568492,1.8796619198430495,1.8919504554126856,0.976214700247542,75.75989811833144,-14.240101881668565,14.240101881668565
42,2.690160753669267,2.417283030510874,3.190483312756744,1.3198633641516355,0.8411275335017624,12.1519542253617,-77.8480457746383,77.8480457746383
43,8.679425850008396,3.252134769926049,28.04379674830012,8.623196371698278,0.2280173688086155,-64.56730771317353,25.432692286826466,25.432692286826466
44,1.3938469657443524,1.2242335984596726,1.802892962859994,1.4726707101719712,0.8549052982781231,-15.990126740919155,74.00987325908085,74.00987325908085
45,1.749264059016166,1.369775951748094,2.3509356561420764,1.7162921083129226,0.9221159382037454,45.47307684437147,-44.52692315562853,44.52692315562853
46,2.125330979189304,1.9299618624605588,2.532978859357489,1.3124502139789065,0.8135206063431742,-26.71469108674391,63.28530891325609,63.28530891325609
47,1.9212854528773184,1.38245372638883,2.9652238120536394,2.1448991423381925,0.7196231298415848,42.18926470743634,-47.81073529256366,47.81073529256366
48,1.3585539723246187,1.2506382706509491,1.6142909045472862,1.2907736332961075,1.1046958024540663,75.43318675900001,-14.566813240999991,14.566813240999991
49,1.5892300566907107,1.4068087086190082,1.913235867096829,1.3599829567268988,1.009113527430099,51.8968595750024,-38.1031404249976,38.1031404249976
50,2.332352078688221,1.7037080523878736,4.992489025218254,2.930366513335961,0.3111008852625639,-84.32199469965568,5.678005300344324,5.678005300344324
51,2.159338434195847,1.5616329754409355,3.2821950611209862,2.10177110290223,0.7661922769876252,-71.56518776818243,18.434812231817574,18.434812231817574
52,2.353084504890762,1.9667289076664909,3.178669096575021,1.6162212718714184,0.7296114031054931,86.9351687880983,-3.064831211901705,3.064831211901705
53,2.159338434195847,1.742077408423406,2.8801988964620078,1.6533128106337194,0.8606619768885545,-47.46592151074704,42.53407848925298,42.53407848925296
54,1.340559085464394,1.3979030731560134,1.634064883571747,1.1689400466675823,0.7166143424631795,45.21405247795171,-44.78594752204829,44.78594752204829
55,1.895836839826219,1.4744088517557483,3.116658241373899,2.1138358181060397,0.655872387355791,-55.04148486661935,34.958515133380644,34.95851513338065
56,3.037819033220216,1.9396100533176843,5.960006067711747,3.072785716653311,0.4260418056573282,-74.28323340678534,15.716766593214658,15.716766593214658
57,1.3585539723246187,0.9459303001199116,2.049304936673095,2.16644390861918,0.9619734538742444,-41.25207118013507,48.74792881986494,48.74792881986493
58,1.4282681233264556,0.8934888522855798,3.730859958276068,4.175608849212143,0.382771046259142,76.85666866693602,-13.143331333063983,13.143331333063983
59,4.527321370225499,4.046796624324917,9.457091695138056,2.3369327824117376,0.2884518970671277,26.801649647736557,-63.198350352263446,63.198350352263446
60,1.3038244488524504,1.2587731322918323,1.5309298070394262,1.2162078835064436,0.8552768327152629,-7.492351021979779,82.50764897802023,82.50764897802023
61,1.69282125807016,1.2996494650336652,2.3023063101014167,1.7714825205131597,0.9421807248974612,-81.138791432961,8.861208567039,8.861208567039
62,1.461879030667795,1.2389473082727125,1.8256230607970303,1.4735276057399376,0.99460036387366,27.5920584678534,-62.4079415321466,62.4079415321466
63,17.05256554140574,11.508482597502944,27.358242555425843,2.377224132168554,0.5209594607024408,-84.63186622313174,5.368133776868262,5.368133776868262
64,1.870041939381716,1.6820032661218258,2.6132121754351494,1.5536308567702133,0.6713514495170319,-79.87515947863848,10.124840521361534,10.12484052136152
65,1.2466946262544771,1.126852764341184,1.4822976596931718,1.315431533382091,1.1603449107420594,-61.865460062385125,28.134539937614875,28.134539937614875
66,1.6195038256468852,1.375103796285213,2.038854675012146,1.4826914742872712,0.9222148453834308,87.24370677377372,-2.7562932262262763,2.7562932262262763
67,1.4947343471339476,1.1865032805383704,2.142442119554756,1.805677367012953,0.7947636747381922,-56.4161972989097,33.58380270109029,33.5838027010903
68,2.9320524271101838,2.3955420069333955,3.7536897597511927,1.566948001281932,0.7645281001557611,50.55473101083589,-39.44526898916411,39.44526898916411
69,1.2466946262544771,1.123300833845975,1.59042384561295,1.4158485400279035,0.9644748428150834,-73.31187799203283,16.688122007967166,16.688122007967166
70,1.2270604129519955,0.823891526211488,2.048535977489933,2.486414670277949,0.8178300293942561,78.20782001703726,-11.792179982962736,11.792179982962736
71,1.526882849696625,1.3290160268073232,1.9430282827088736,1.4620051553302813,0.9296618496819624,-30.99775322073075,59.00224677926926,59.00224677926925
72,2.1367269374441915,1.6768103692539795,2.830073195784462,1.6877717645815695,0.839409970608451,-85.35846927294918,4.641530727050821,4.641530727050821
73,1.2850634067342854,1.224221434449289,1.4688115657179737,1.1997923940767403,1.0067280674076415,-50.07848275968114,39.92151724031885,39.92151724031886
74,2.192818546001692,1.7385414700296191,3.1146592485320057,1.7915357799770757,0.7563336327457388,-50.10506807629511,39.89493192370489,39.89493192370489
75,1.4282681233264556,1.0779882803705776,2.0374452386690787,1.8900439603746624,0.9493912564248574,-79.90361988769058,10.096380112309419,10.096380112309419
76,1.4111624987975715,1.3041938932598445,1.625993335818641,1.246742025263173,1.046449465317754,27.169607988871505,-62.830392011128495,62.830392011128495
77,2.090770448616529,1.461309017783842,3.800216972752856,2.60055671080173,0.5419062098480806,-38.94661827299649,51.05338172700351,51.05338172700351
78,1.843886218520761,1.5588409607183134,2.488823199184175,1.596585708164434,0.6637214193752671,59.76191330174414,-30.238086698255863,30.238086698255863
79,1.6044383463340146,1.2792979685617114,2.1291870604853544,1.6643402184708822,0.9545188373437808,-71.57364640326969,18.42635359673031,18.42635359673031
80,2.2690184693770243,1.661021206031828,3.296735264169256,1.984764103069545,0.7117420436081617,29.125294714209875,-60.87470528579013,60.87470528579013
81,1.6195038256468852,1.300813432923961,2.108042523104194,1.620557160426725,0.953948710006939,11.18639315444194,-78.81360684555806,78.81360684555806
82,1.4947343471339476,1.0913031873470762,2.213154882457731,2.0279926862834894,0.7923526729517979,-80.26440320391296,9.735596796087037,9.735596796087037
83,2.4442051456532488,1.7107261677898935,3.9062305166090425,2.283375674118287,0.6598999447489219,59.49977523105149,-30.500224768948513,30.500224768948513
84,1.9834790046600808,1.7573258387212194,2.811710465116553,1.599993810574477,0.6331930084040451,76.44187018473752,-13.558129815262475,13.558129815262475
85,1.5108941070107518,1.2529263617499629,1.961338811924218,1.5654062934591106,0.9531324238872912,-83.349484646336,6.650515353663991,6.650515353664005
86,1.7904288454052892,1.5078104421237564,2.201907545583591,1.4603344585425448,1.030106337694369,-78.92270884387028,11.077291156129718,11.077291156129718
87,2.948571163041254,1.969339946948034,4.602430641450285,2.3370422402606814,0.7228941867379964,-70.55485503636041,19.445144963639592,19.445144963639592
88,2.570126813468571,1.59070121753072,4.419741894552595,2.778486522700634,0.6623794391113949,79.92613951569349,-10.073860484306508,10.073860484306508
89,2.2038655607334228,1.6356363487713732,3.2872847111770325,2.0097894704078407,0.6385680845529405,-78.68852911691236,11.311470883087622,11.311470883087637
90,7.647127686512997,3.773400767552829,16.628618407182586,4.4067989147006985,0.3943347307000028,-78.22432531856138,11.775674681438602,11.775674681438616
91,1.7904288454052892,1.5593767376677474,2.200227197954659,1.410965769083735,0.9137201328188894,71.7543149619688,-18.245685038031198,18.245685038031198
92,4.313049925456882,2.3217652040775576,10.495130730761526,4.5203238950819165,0.3502658477547303,89.1991584547036,-0.8008415452963931,0.8008415452963931
93,10.111396677809308,7.038960989625521,15.967671215156932,2.268469911779753,0.4566901632171464,-86.74798653298052,3.2520134670194807,3.2520134670194807
94,1.340559085464394,1.0367171112024256,2.0095165082715987,1.938346041130624,0.7614316881422717,35.51810781380801,-54.48189218619199,54.48189218619199
95,1.5108941070107518,0.9717995058223632,3.461288219669917,3.5617307880197795,0.4390322562872408,-89.18367794542112,0.8163220545788761,0.8163220545788761
96,2.1480624384075764,1.7549456565394714,2.8818823044894764,1.6421490282338314,0.8061962438401186,-87.95978040682402,2.0402195931759763,2.0402195931759763
97,1.5108941070107518,1.168685457382819,2.1010622079411934,1.797799565886924,0.932565484131376,77.87428878368709,-12.125711216312908,12.125711216312908
98,3.435486411817406,2.9076942006768336,4.927576245140211,1.6946679757428422,0.5534124955804303,43.15580192787164,-46.84419807212836,46.84419807212836
99,2.956795924242375,1.7576826819325604,5.819751289384797,3.3110363714717947,0.5599757967967597,-76.88739842948317,13.11260157051683,13.11260157051683
100,1.4282681233264556,1.230851457958794,1.7353480263898786,1.4098760781968982,1.1199007026623384,50.41074018955805,-39.58925981044195,39.58925981044195
101,1.2850634067342854,1.1260914022724064,1.6071311218945,1.427176442916956,1.0067280674076415,70.60541589309581,-19.39458410690419,19.39458410690419
102,1.4451712930335778,1.0676129177973004,2.1189035587163656,1.984711428078342,0.896843902606035,49.77014411477323,-40.22985588522677,40.22985588522677
103,2.956795924242375,2.256799957016669,5.093013365041773,2.2567411653863987,0.4977757264587634,-39.96998730433474,50.03001269566528,50.03001269566526
104,1.2071068813224677,1.2128672280730914,1.47080167172614,1.2126650285232248,0.8351736129155832,12.767873037875416,-77.23212696212458,77.23212696212458
105,2.1138735858617226,1.6964470159192562,3.0602265033507776,1.8039033784338547,0.6609796609592569,78.2815725193071,-11.718427480692895,11.718427480692895
106,1.9956851445118324,1.465378135273561,2.8311142739121045,1.932002536248832,0.8866857193948346,-89.36179153805826,0.6382084619417583,0.6382084619417441
107,3.519291078464021,3.3301604439336363,3.837450355201207,1.152331973131106,0.9226414156726754,84.65515522992551,-5.344844770074488,5.344844770074488
108,1.5738748168108194,1.2956717272476437,2.0333698338393718,1.5693557180249642,0.9974534647072352,85.4200469385092,-4.579953061490798,4.579953061490798
109,1.69282125807016,0.9894541472877956,3.091791377469613,3.124744472439233,0.7455963084355652,-82.67035227065774,7.329647729342241,7.3296477293422555
110,3.560453777195214,2.5819251631530533,5.301318372018109,2.0532424594151,0.6421002029102736,70.25496679890715,-19.745033201092852,19.745033201092852
111,2.5606603842001854,1.6213440246955677,4.857559235851888,2.9960077330065524,0.4792727034009447,-81.27371677786257,8.726283222137425,8.726283222137425
112,2.1480624384075764,2.1032363237463256,2.3530415861423037,1.1187718467846826,0.7591674182537291,64.91704709554884,-25.08295290445116,25.08295290445116
113,1.5738748168108194,1.4069816979547634,2.304498390427176,1.637902180090241,0.6558043714300219,17.731772187373426,-72.26822781262658,72.26822781262658
114,1.69282125807016,1.2140306545005215,2.5964968538965234,2.138740767600121,0.7313339884164771,30.61958422107461,-59.38041577892539,59.38041577892539
115,1.6044383463340146,1.2323413172053967,2.335012974505886,1.8947778037670917,0.7757483289650556,78.81836769054219,-11.181632309457811,11.181632309457811
116,7.605731313329529,5.0174239273340335,12.042191363899578,2.400074527945677,0.5403421383068177,-87.79193308561659,2.2080669143834086,2.2080669143834086
117,1.749264059016166,1.70357012760005,1.969555381023495,1.156134020615963,0.934192045346606,-21.383750657616783,68.61624934238321,68.61624934238321
118,1.946401361393312,1.7873695399086946,3.606398649240262,2.017712940002597,0.3567604600001491,-17.21063208315119,72.78936791684882,72.78936791684882
119,2.236679259992467,1.643747246712269,3.345300968415716,2.0351674961626856,0.7190894439571988,43.008759327256335,-46.991240672743665,46.991240672743665
120,1.3223193364400538,0.940951246751084,2.1897974849425874,2.3272167314762786,0.7752224946835478,30.53503853454369,-59.46496146545631,59.46496146545631
121,2.644638672880108,2.021231741887415,3.6708195121282334,1.816129954846466,0.7752224946835478,-87.09393803122288,2.9060619687771236,2.9060619687771236
122,2.5511588286726434,1.8774090145809976,3.610430191998456,1.9230919655535128,0.8261461219453055,44.78784582946669,-45.21215417053331,45.21215417053331
123,1.2270604129519955,1.2220444341634928,1.3680591596822118,1.119483974098428,1.0375247829493788,40.45866200252187,-49.54133799747813,49.54133799747813
124,16.244447723875357,11.707692224921107,24.07663640223195,2.056480127738769,0.523020189912199,84.48186799082718,-5.518132009172817,5.518132009172817
125,3.013740827659439,1.776617787639909,5.789340184781498,3.2586300919975373,0.5635721753341558,-78.80188966603403,11.198110333965985,11.198110333965971
126,2.5320487556361617,1.7893069008177809,4.040256900686611,2.2580010722811505,0.5535721197504057,-69.41952658319869,20.58047341680131,20.58047341680131
127,3.991370289023665,3.528634514779161,5.304364917774127,1.50323443687851,0.4969623606687582,62.746686061393305,-27.253313938606695,27.253313938606695
128,3.435486411817406,3.1377543438881035,4.338974543813933,1.3828279936144887,0.613615010071553,10.449312852775488,-79.55068714722451,79.55068714722451
129,1.2270604129519955,1.1425575056352373,1.569951653606726,1.3740679535721634,0.8835185965377984,-82.31187437558691,7.6881256244130896,7.6881256244130896
130,2.473832956432472,2.2136158452635724,2.854967704880708,1.2897304249919528,0.9997733701509672,-23.701319799112454,66.29868020088755,66.29868020088755
131,1.7768132193231367,1.2187378375842015,2.928019110290317,2.402501194263629,0.5974249616862842,67.19612509975357,-22.803874900246427,22.803874900246427
132,1.9086035621207809,1.5718107722404604,2.4518485891073567,1.5598878900750182,0.9700576007290248,-84.64908012227161,5.350919877728387,5.350919877728387
133,1.7630924485867383,1.2261221048302495,2.706458363695313,2.207331841611328,0.8631345334012003,-67.80229876400936,22.19770123599062,22.197701235990635
134,8.826474692252905,6.765317188665383,16.91823265101803,2.5007301474885537,0.3478020581828743,83.43266007126739,-6.567339928732608,6.567339928732608
135,1.4451712930335778,1.0421846020361578,2.219530309509823,2.129690176935485,0.7493637765068715,73.48827269337919,-16.511727306620813,16.511727306620813
136,1.5108941070107518,1.2117134966393768,2.410425073929068,1.989269807272308,0.5596828248051414,58.72932272766423,-31.270677272335767,31.270677272335767
137,1.2660243778180809,1.198657864477923,1.4009813057306375,1.1687916521040276,1.2971457437911105,-15.523761115957546,74.47623888404246,74.47623888404246
138,1.3038244488524504,0.9503628159800062,2.128091478812584,2.2392411014293674,0.6944636583957053,-88.77129845068062,1.2287015493193962,1.228701549319382
139,1.461879030667795,1.24661705696193,1.8462747469883989,1.4810279842374894,1.0348436639733996,-88.7139761905137,1.286023809486295,1.286023809486295
140,2.708155340592215,1.838688351355113,4.1831969581519255,2.2750984173413125,0.7572206899249825,-80.90173079254727,9.098269207452745,9.09826920745273
141,1.2850634067342854,0.897849048055713,2.038683262434928,2.2706303101280607,0.7979249991749365,-63.68959805175643,26.310401948243566,26.310401948243573
142,1.4111624987975715,1.238521826039139,2.140387500952287,1.7281790727882154,0.616705502818676,37.64906705327259,-52.35093294672741,52.35093294672741
143,2.579558503195455,2.264859623916857,3.0783101841199567,1.3591615796462986,0.9046061817776638,71.54095945821634,-18.459040541783665,18.459040541783665
144,2.9070983356311,2.2880839315293726,5.9099374831426985,2.582919884058821,0.4243182418121669,64.4306338768075,-25.569366123192495,25.569366123192495
145,1.4947343471339476,1.2882943692447557,1.828941385843002,1.4196610879508795,1.0383116630551767,-53.25287715214996,36.74712284785005,36.74712284785004
146,1.340559085464394,1.057806380938651,1.8767761006046453,1.7742151441167109,0.8428620352941061,12.792906382384494,-77.2070936176155,77.2070936176155
147,1.7071069228001237,1.3655257347592766,2.438471662066877,1.7857383423804505,0.7322777129138778,-10.508673823591952,79.49132617640805,79.49132617640805
148,1.933884181003576,1.8654396060702216,2.1434590671568863,1.149036967040893,0.9746110898203376,-5.743183566012554,84.25681643398744,84.25681643398744
149,2.5224394277803315,1.8704311765039767,4.004996709925379,2.1412157582890154,0.6126344871380648,-21.049307042908413,68.95069295709159,68.95069295709159
150,2.0078170808425457,1.3184273068318093,3.2049852910931493,2.430915435751064,0.7676748178806608,-84.90865653065416,5.091343469345844,5.091343469345844
151,2.0198761507134417,2.057389358196457,2.1734938483192976,1.05643292051662,0.8662419575024964,-89.2734874554653,0.7265125445346996,0.7265125445346996
152,3.101113727578844,2.7205393688878563,4.203362903018787,1.5450476295577749,0.5088883703192013,-17.373941427963082,72.62605857203692,72.62605857203692
153,1.9834790046600808,1.4797798892410094,3.0624355262581293,2.069520979791715,0.6497127033547696,-1.0501202066581432,88.94987979334185,88.94987979334185
154,1.2850634067342854,1.187567332433808,1.5294648901735417,1.2878974087633808,0.9891731190990372,-32.86830918295165,57.13169081704835,57.13169081704835
155,3.132281482844322,2.1876906582797107,5.790210172676738,2.646722538564875,0.4959097619570817,-41.28470548553482,48.71529451446517,48.71529451446518
156,1.933884181003576,1.3430175806381537,2.8971156143702244,2.157168793720197,0.8515474466176466,-56.47600573603216,33.523994263967836,33.52399426396784
157,2.2690184693770243,2.1954563919465118,2.8006537851860087,1.2756590362985638,0.6309044649760049,25.085221162235044,-64.91477883776496,64.91477883776496
158,1.870041939381716,1.434887322694586,4.144891279950815,2.888652798302721,0.3931084630435658,-64.27778937004028,25.722210629959704,25.72221062995972
159,1.3585539723246187,1.23112736957568,1.6776628861311604,1.3627045646051903,0.9252375932144878,-84.67413724219165,5.325862757808352,5.325862757808352
160,1.2850634067342854,1.0600662369296454,1.671131981431595,1.5764410969939275,1.036497721704552,59.133804573300544,-30.866195426699456,30.866195426699456
161,1.749264059016166,1.6379905879960162,2.2404077116435777,1.367778135028592,0.6602686536605632,79.15741869145145,-10.842581308548546,10.842581308548546
162,1.4451712930335778,1.0851992249408215,2.080489257520333,1.917149597700632,0.9329760490458292,-20.91597108951383,69.08402891048617,69.08402891048617
163,1.526882849696625,1.4596634335674596,1.894966685743811,1.298221659983944,0.7737849410735036,77.4519939179103,-12.5480060820897,12.5480060820897
164,2.839482146491885,1.863805140646252,4.77053521151815,2.5595675789712784,0.6404301481494996,-66.0477310666484,23.952268933351604,23.952268933351604
165,1.6492219709549814,1.5177084623051154,2.059992146460337,1.3573042502059942,0.8624410789694958,60.68099672114689,-29.31900327885311,29.31900327885311
166,1.6784140066373283,1.0561431360726408,3.247034352167228,3.074426411785059,0.5172441620412052,-67.12222953335029,22.877770466649707,22.877770466649707
167,1.2466946262544771,1.217483860941791,1.4109206275545876,1.158882407248637,1.0006012972310836,-79.84776314501978,10.15223685498023,10.152236854980217
168,2.5606603842001854,1.819672986496142,4.181322707486448,2.2978429303046166,0.6120400992904057,-43.94098520482943,46.05901479517058,46.05901479517057
169,1.542705892513396,1.1956083726957418,2.12064857507882,1.7736983309153205,0.9703203243997244,16.95959837445555,-73.04040162554445,73.04040162554445
170,2.787693931488705,1.8600204128344329,4.458548847944242,2.3970429663994848,0.6415766395973739,-52.29249499192527,37.70750500807475,37.70750500807473
171,1.5108941070107518,1.1838403792250498,2.197414398797587,1.8561745631924045,0.7694695051222155,-6.7985332934013565,83.20146670659864,83.20146670659864
172,7.25604119076576,4.032653549761592,13.443773573418774,3.3337288729436136,0.5161274310040146,-89.81157399351868,0.18842600648133612,0.1884260064813219
173,6.842638794379343,6.750576845108433,7.0798740664841,1.048780604818132,0.8616771644947412,88.55061727490774,-1.4493827250922635,1.4493827250922635
174,2.34274122622605,1.5521768358849786,4.590014653783802,2.957146729461911,0.4737528006141355,-38.409718628005976,51.590281371994024,51.590281371994024
175,4.435193886363563,4.241724805791485,7.792671190583153,1.83714680875651,0.3625679896619598,53.74846498807268,-36.25153501192732,36.25153501192732
176,1.4947343471339476,1.4201006284191846,2.313158813014133,1.6288696496029829,0.5152685833649949,-45.60232012957383,44.397679870426174,44.39767987042617
177,2.363382516914025,2.201307106304662,3.415148256486188,1.5514183580768988,0.5078893594944351,-23.073523067113538,66.92647693288646,66.92647693288646
178,2.690160753669267,1.6430965938804252,5.277964571801195,3.2122058991896942,0.3849526710259963,31.50493983932273,-58.49506016067727,58.49506016067727
179,1.4451712930335778,1.3161476543654296,1.746881051984687,1.3272682940934406,0.9053810194873646,-62.14720709769901,27.85279290230099,27.85279290230099
180,2.394010781836305,1.8196530473776669,3.532835653073395,1.941488603096412,0.7079245609004527,88.09120444729848,-1.9087955527015197,1.9087955527015197
181,2.247510699902965,1.7206486176070983,3.140962964678886,1.8254528743044676,0.7664614756268429,-41.67480286049893,48.325197139501086,48.32519713950107
182,1.4111624987975715,1.1903140432676165,1.792167299364585,1.5056256031767703,1.0841284302430898,-80.38669969247412,9.61330030752589,9.613300307525876
183,1.5108941070107518,1.2130304702114838,2.031511341309977,1.6747405701653948,0.904390415958645,12.133171485914136,-77.86682851408587,77.86682851408587
184,1.376313601551939,1.057705840790701,2.2156561373659507,2.094775363734032,0.630189086241456,-67.65870056566649,22.341299434333507,22.341299434333507
185,1.4783979621211876,1.3361796449168863,1.7066997236962107,1.2772981014857263,1.119995384532218,-49.010896440532406,40.989103559467594,40.989103559467594
186,3.013740827659439,2.8761042086913773,4.0281304154045445,1.4005509269211551,0.427775399971113,-83.29185776840805,6.70814223159195,6.70814223159195
187,1.843886218520761,1.4444593151172187,2.8439289287512577,1.96885360424324,0.6774965073379711,-68.2741242858726,21.725875714127397,21.725875714127397
188,1.7353254778478429,1.5718039827104902,2.012306071649133,1.2802525593420506,0.9819503502908744,-48.7561976068252,41.2438023931748,41.2438023931748
189,1.7768132193231367,1.1509475183354183,3.304182779847925,2.870837051394548,0.6291038996709731,-1.140959844374818,88.85904015562518,88.85904015562518
190,1.7768132193231367,1.6720876654706525,1.9857003836426967,1.187557581249049,0.9439010292899608,17.877880521658632,-72.12211947834138,72.12211947834138
191,1.5738748168108194,1.324663027678152,2.1697226755535866,1.637943107204133,0.8025395817361407,84.37271460038268,-5.627285399617321,5.627285399617321
192,2.0674091517192297,1.8142463741151496,2.494910254606472,1.375177203164205,0.9027786185013252,-60.4804260353999,29.519573964600113,29.5195739646001
193,1.9834790046600808,1.694414616726862,2.639173786809112,1.5575726039871292,0.6397821757834832,-75.59876671776713,14.401233282232852,14.401233282232866
194,1.340559085464394,1.045851672207192,1.976332592399108,1.88968727107182,0.9283895332117964,40.116513544518426,-49.883486455481574,49.883486455481574
195,1.4111624987975715,1.273183749809534,1.9789293595584525,1.554315596515033,0.6358297299923464,8.546699681285299,-81.4533003187147,81.4533003187147
196,2.0078170808425457,1.7632929532073565,2.86111751775294,1.622599076658638,0.6171232016865514,-71.48425903465817,18.51574096534182,18.515740965341834
197,2.681118170928788,2.203695030962266,3.606526727576619,1.6365815945057482,0.6827269690479135,-61.83506490555853,28.16493509444146,28.164935094441468
198,3.253968505277106,1.963787822308708,5.763728552017323,2.9350057508968828,0.6021290385313277,-86.23100883403889,3.768991165961097,3.7689911659611113
199,1.3938469657443524,1.1335115244173513,1.852332231790432,1.6341538589495763,0.9041821489760546,-42.22576685314098,47.77423314685902,47.77423314685902
200,2.813707191225227,2.412711814093995,5.014484326416768,2.078360248880272,0.461462124786463,40.892179596077824,-49.107820403922176,49.107820403922176
201,2.2257951114113315,1.8246486566345848,3.0121103247319945,1.650789215655131,0.7424870518874717,64.02865098703897,-25.971349012961028,25.971349012961028
202,2.414213762644935,1.3873021024059966,4.391013354294549,3.165145750647404,0.6511299526875676,-73.8879923856129,16.112007614387096,16.112007614387096
203,2.055628946700877,1.617986699047557,2.849002499178218,1.7608318417297928,0.7721181521839628,17.517623455606962,-72.48237654439303,72.48237654439303
204,1.4947343471339476,1.381336001132905,1.7734426240722232,1.2838604239791993,0.924219319527951,-15.603315446143023,74.39668455385697,74.39668455385697
205,2.414213762644935,1.963828894533068,3.3686661549157413,1.7153562432518823,0.63877945752337,-49.40541774943088,40.59458225056912,40.59458225056912
206,1.6344304437273447,1.062304228573821,2.7001039430954523,2.541742629341156,0.7255513139142322,-73.22104821652522,16.77895178347478,16.77895178347478
207,2.079122611754846,1.995480189015352,2.320995094298913,1.1631261022161206,0.8872485553598631,-56.8612874340672,33.13871256593279,33.1387125659328
208,1.2850634067342854,0.9173516844689736,2.185057125373837,2.381918693089552,0.7144197413041422,60.17583398608511,-29.82416601391489,29.82416601391489
209,1.4947343471339476,1.169189967526442,2.064092665431188,1.7654040171059773,0.91272366532007,89.16596985126935,-0.8340301487306476,0.8340301487306476
210,1.4783979621211876,1.2298921982904345,1.9383072713960163,1.575997696456883,0.9260655666595196,-58.95703583477851,31.04296416522149,31.04296416522149
211,1.340559085464394,1.1759778770752745,1.742239979122879,1.4815244513408123,0.9208850939487124,-36.124719600190645,53.875280399809355,53.875280399809355
212,3.029814226070162,2.9056390357143265,3.2774813264080063,1.127972637386552,0.9329234984810276,33.62848926304718,-56.37151073695282,56.37151073695282
213,1.5738748168108194,1.1265311111342415,2.6134034401920214,2.319867968458262,0.6753196985792436,-54.485846983388285,35.514153016611715,35.514153016611715
214,1.7768132193231367,1.4488852441686282,2.6618329833212275,1.837159287827926,0.589237649986202,2.4765295090310246,-87.52347049096898,87.52347049096898
215,1.2850634067342854,1.1841814767412595,1.6423604421961395,1.3869161732843007,0.8236332539022163,-62.687375921938056,27.31262407806196,27.312624078061944
216,1.8039417076383557,1.2273927181142543,3.138680794258629,2.5571935925127907,0.5659008555835212,45.57416945549411,-44.42583054450589,44.42583054450589
217,1.6044383463340146,1.0216233810013031,2.721489997640652,2.663887738134275,0.7293324824734918,3.887958393343066,-86.11204160665693,86.11204160665693
218,1.9086035621207809,1.5855383929501494,2.364356237472581,1.4912008740913023,1.090970103419293,-89.79790183762034,0.20209816237965583,0.20209816237965583
219,3.746571453246819,2.3496864759567,6.481737754786833,2.7585543097394405,0.5872319168887816,-56.57493361053384,33.42506638946617,33.42506638946616
220,2.4933892525089543,1.9356211807390704,5.226476641238713,2.700154706533594,0.3604034131484347,-71.70393366844989,18.296066331550094,18.296066331550108
221,1.2466946262544771,0.8941551518832953,2.373230941127246,2.654160115421444,0.6110118900683004,-54.69571430070055,35.30428569929944,35.30428569929945
222,1.3938469657443524,1.279990962095075,1.8708001489139023,1.4615729363055796,0.6864584744398817,-32.352881179140134,57.64711882085987,57.647118820859866
223,1.2850634067342854,0.960270651436696,2.0245614476411817,2.1083237778975765,0.6446188317419772,-56.28356164057128,33.71643835942871,33.71643835942872
224,2.424252116806765,2.0133673767107467,3.121997074274476,1.550634578859078,0.8758958366038723,59.69478304635252,-30.30521695364748,30.30521695364748
225,1.663882010113248,1.5417667604679248,2.1323559584898955,1.3830600147604215,0.7225656709501079,-51.85089464479183,38.14910535520818,38.14910535520817
226,1.461879030667795,1.142837967052841,2.2249832217529737,1.94689298561788,0.7816228263331463,-72.15539531416995,17.844604685830063,17.84460468583005
227,2.34274122622605,1.563500413337911,4.261501654114297,2.7256159434051157,0.5823291717299607,-72.17498626127663,17.825013738723385,17.82501373872337
228,1.7212740281460053,1.4649077624330316,2.1243799305702926,1.4501799942966778,1.0004779638319932,80.42468101535314,-9.575318984646856,9.575318984646856
229,3.5123837291586733,2.244563474832788,5.885513357248916,2.622119366745628,0.6007197790946699,-85.94662425584147,4.053375744158529,4.053375744158529
230,1.7353254778478429,1.2959498141741077,2.4402738891282425,1.8830003001955733,1.0353486208000506,-69.2532063173644,20.746793682635598,20.746793682635598
231,4.396697984960036,2.2790664270723595,9.085300758297665,3.986413318355293,0.5036104684602701,-78.15577554977597,11.844224450224033,11.844224450224033
232,1.461879030667795,1.1431787603021002,1.967629941848913,1.7211918294641344,1.016555181798735,-44.20755888978205,45.792441110217965,45.79244111021795
233,1.340559085464394,0.8724557460243489,2.4134637136781425,2.7662878314183126,0.7380132263476603,20.064264094764876,-69.93573590523512,69.93573590523512
234,2.989468694267895,2.6312908826995525,5.067566256018479,1.9258859935772088,0.4547657181527399,31.922061070758748,-58.077938929241256,58.077938929241256
235,2.2257951114113315,1.783320720269388,3.092314780329475,1.7340205523223835,0.7660876767351972,48.81270457634089,-41.18729542365911,41.18729542365911
236,2.4041334941401127,1.356326266331373,4.522177856569284,3.3341371975350658,0.6165410422468447,-75.21316101670234,14.786838983297656,14.786838983297656
237,1.6784140066373283,1.565332333038848,1.8748644866183248,1.197742132482863,1.0452007837011272,-7.212277531402565,82.78772246859744,82.78772246859744
238,1.5108941070107518,1.2267542356593102,2.0155915881665125,1.6430280243403823,0.9896025096722358,-64.9669775068147,25.033022493185285,25.0330224931853
239,1.7768132193231367,1.4970091521866735,2.442335340083285,1.631476558787752,0.8057069363910341,-7.965981263939535,82.03401873606046,82.03401873606046
240,4.564715810210485,3.705515057192609,7.349566005051333,1.983412802704828,0.3525687311200243,28.356687830665404,-61.64331216933459,61.64331216933459
241,2.290324274544937,1.9170283589381047,2.8300021936193875,1.4762443030248151,0.9212519440053673,-66.57114799522721,23.428852004772807,23.428852004772793
242,1.5108941070107518,1.3449059481838537,2.0706534738277145,1.539626972892716,0.6752857494147345,-64.13241814694898,25.867581853051036,25.86758185305102
243,1.5583682828180965,1.215705322815722,2.459437874112536,2.023054294453673,0.712786512291953,50.22372734833999,-39.77627265166001,39.77627265166001
244,2.2148574771042746,1.5218807705036708,3.4388116059827536,2.259580167272019,0.7805172139726633,-74.92835182833926,15.07164817166074,15.07164817166074
245,1.5108941070107518,1.231912623691916,2.066498451284088,1.6774716092209558,0.7146981600002392,-63.92034283904643,26.07965716095356,26.079657160953573
246,1.340559085464394,1.4072719390612694,1.5377881677137475,1.0927441420735924,0.8345976841924531,-37.401583964721375,52.59841603527863,52.598416035278625
247,3.0696295240609217,2.7390361515552817,3.5440718355957723,1.2939120331009046,0.9089778810671456,54.738522187510654,-35.261477812489346,35.261477812489346
248,1.3223193364400538,1.287838019889246,1.632276279297219,1.2674546442087449,0.8448617638322857,81.16854664389668,-8.831453356103324,8.831453356103324
249,1.6344304437273447,1.318950644842548,2.455467510792093,1.861682634140733,0.7170694945600612,14.61839367664074,-75.38160632335926,75.38160632335926
250,2.170555852193912,1.830368726392124,3.225268827088433,1.7620869394145655,0.6626584763618727,70.01428138052775,-19.98571861947225,19.98571861947225
251,7.249344335448114,7.725951517494732,8.175923992533011,1.0582416902331522,0.366500821763183,-47.7411823213099,42.25881767869009,42.2588176786901
252,1.843886218520761,1.5222242558976946,2.34330038658465,1.539392357930038,0.9502069052863114,78.95774286689297,-11.042257133107029,11.042257133107029
253,3.587633208110207,2.187619523303052,6.598819159593601,3.0164382285408333,0.5801514895316925,-55.39508200396194,34.60491799603807,34.60491799603806
254,1.7904288454052892,1.5501519360282332,2.1881169812626133,1.4115500102970298,0.923318063853688,74.14574727601196,-15.85425272398804,15.85425272398804
255,1.4451712930335778,1.3757407295470556,1.8394787331838625,1.337082412170414,0.8285229719502241,-66.8092827896976,23.19071721030241,23.190717210302395
256,1.526882849696625,1.6565553448468002,1.969877423740518,1.1891407249799395,0.620160213929676,81.03809608926389,-8.961903910736112,8.961903910736112
257,2.5416217529397453,2.27999746972984,3.1126214748563847,1.3651863724327744,0.8010974999897476,59.20796231266663,-30.79203768733337,30.79203768733337
258,1.2270604129519955,0.8209730432717073,2.13440807759588,2.59985159694151,0.7912178884109848,-19.43824642454436,70.56175357545564,70.56175357545564
259,1.7071069228001237,1.6263383247804766,3.4856528780487497,2.1432520066322875,0.3928928169421267,-64.12344433287195,25.87655566712806,25.876555667128045
260,6.515395966596123,3.8176293273920394,11.260571200728428,2.949624029743332,0.6330398372874353,89.50673273298285,-0.4932672670171456,0.4932672670171456
261,1.542705892513396,1.4372118963677,1.8307431368528564,1.2738157410746025,0.9936912504356864,-76.1349716202541,13.865028379745894,13.865028379745894
262,1.3223193364400538,1.1819571269236346,1.6114079936589645,1.3633387852680343,1.0220265490413138,-43.55981122357623,46.44018877642378,46.44018877642377
263,1.8039417076383557,1.000398688045415,3.431452515127175,3.430084981250393,0.6593212811492465,-86.14897239497148,3.85102760502852,3.85102760502852
264,4.117160635699813,2.287612393602412,9.681345479289934,4.2320742387849455,0.4014700106824369,-81.46991396473497,8.530086035265015,8.530086035265029
265,1.5738748168108194,1.1791058776680086,2.212086519681676,1.8760711498246936,0.9461613189704412,-0.1113055496431432,89.88869445035685,89.88869445035685
266,1.5583682828180965,1.3869667136133992,1.8710431587740333,1.3490180697267729,0.9830079142490782,76.15419008901698,-13.845809910983021,13.845809910983021
267,4.752384544153474,3.840992970576533,8.593794910021277,2.237388866851102,0.3980692454482216,84.82312596189274,-5.1768740381072575,5.1768740381072575
268,3.132281482844322,2.6523333233535302,4.46145509999932,1.6820868858060385,0.6712022028349737,29.918235228088676,-60.081764771911324,60.081764771911324
269,2.5031101051741675,1.5387910474149915,4.472906547227995,2.906766682027434,0.6535646676051882,82.39939922983014,-7.600600770169862,7.600600770169862
270,2.626208910558587,1.665120139024439,4.540893639095989,2.7270666738535807,0.4991114357995418,-67.83179171596385,22.168208284036155,22.168208284036155
271,1.2850634067342854,1.0550616184049022,1.6578169338671636,1.5712986852592918,1.1056307773089011,59.28382106505282,-30.71617893494718,30.71617893494718
272,2.1480624384075764,1.7423379991467658,2.7819155698093323,1.596656659713359,0.9007647834378626,-12.323297331848424,77.67670266815158,77.67670266815158
273,1.4947343471339476,1.236716162915168,2.2923728800429566,1.8535966042842127,0.6166955253620751,-13.980922609885193,76.0190773901148,76.0190773901148
274,1.5892300566907107,1.0376941020692312,2.6917421788691853,2.5939649974897923,0.7821630767456379,-13.01389796244284,76.98610203755716,76.98610203755716
275,2.090770448616529,1.6566306297903042,2.76634236700222,1.6698606902809603,0.8108073430114153,80.80672542945702,-9.193274570542982,9.193274570542982
276,1.749264059016166,1.486559148714751,2.169366838134774,1.459320902239487,1.004266577710461,61.98012737568211,-28.01987262431789,28.01987262431789
277,1.4947343471339476,1.0850710693794037,2.2091123443124387,2.035914887654244,0.9025813709204248,-51.88605485853903,38.11394514146096,38.11394514146097
278,1.895836839826219,1.556565495913391,2.5204803022212405,1.6192574670571285,0.7924897249034526,75.86271917473331,-14.137280825266686,14.137280825266686
279,1.3223193364400538,1.0681853900730156,1.7944301498022814,1.6798864377649123,0.8959963076257742,-60.39729266795712,29.602707332042883,29.602707332042883
280,1.5108941070107518,1.1781208921083537,2.58576490386538,2.194821364416958,0.5662877202420482,-83.48701450279734,6.5129854972026635,6.5129854972026635
281,3.029814226070162,1.8797454464790069,5.331385874133241,2.8362275775794963,0.5784520003799387,-84.2778704050076,5.722129594992396,5.722129594992396
282,3.4284102221998127,2.6170798274940856,5.271143494345768,2.0141317200068025,0.5335244613706689,-64.30362537330434,25.696374626695672,25.696374626695658
283,1.2850634067342854,1.1823634657349384,1.4995460736484416,1.268261509345899,1.0631388783080264,-33.45207009763895,56.54792990236105,56.54792990236105
284,1.526882849696625,1.2770148789414884,2.086640638316992,1.6339986892295248,0.9230547496720378,-79.03305747946848,10.966942520531518,10.966942520531518
285,1.3038244488524504,1.0552104536711828,1.7004460243826929,1.6114757188641098,1.048107845337748,-17.628857487945666,72.37114251205433,72.37114251205433
286,1.6344304437273447,1.289096655961802,2.5496335186132475,1.9778451110098891,0.6440770083015919,32.41202691056567,-57.58797308943433,57.58797308943433
287,1.69282125807016,1.0911212439667153,3.4371940276486863,3.1501485711642307,0.4936609854355915,-84.10987672060676,5.8901232793932365,5.8901232793932365
288,1.3223193364400538,1.344539607161295,1.492103662867603,1.1097506201530631,0.7810962271081361,-1.2251757184520138,88.77482428154799,88.77482428154799
289,1.3585539723246187,1.2392977657979964,1.8202804300754984,1.4687998964505524,0.8505829879941724,-20.726255309901653,69.27374469009834,69.27374469009834
290,1.3585539723246187,1.0095605422241127,2.084237887375094,2.0645001465522945,0.8458640900900993,0.6556103638702708,-89.34438963612973,89.34438963612973
291,1.2660243778180809,1.0402135247326088,1.649552466939247,1.5857825607134568,1.031870087769555,23.691818486314148,-66.30818151368585,66.30818151368585
292,1.542705892513396,1.13525122394632,2.216273858028501,1.9522320798072943,0.9224766719368468,-67.50568523305824,22.494314766941756,22.494314766941756
293,1.526882849696625,1.317122088322486,1.9614020904152367,1.4891573892844807,1.0031704867308782,29.204486980873845,-60.795513019126155,60.795513019126155
294,1.4783979621211876,1.263656069162986,1.7979953546302263,1.4228518332691371,1.1409195059140915,-63.62918314173256,26.370816858267432,26.37081685826744
295,1.9834790046600808,1.5893587150857134,2.67217821329735,1.6812933341817935,0.8332983516309572,-52.35878843231137,37.64121156768863,37.64121156768863
296,2.363382516914025,1.7220540170119154,3.42802734097349,1.9906619113619652,0.7657166450949668,72.55958984692002,-17.44041015307998,17.44041015307998
297,1.5738748168108194,1.444134194546525,1.953595696467791,1.3527798897395702,0.8871277018150363,-78.57714471122615,11.42285528877386,11.422855288773846
298,1.461879030667795,1.2696467546615762,1.8859080553149576,1.485380125133818,0.8521900288751322,31.41837738174787,-58.581622618252126,58.581622618252126
299,1.3938469657443524,1.3824842495941034,1.5837671530252906,1.1455950789242508,0.9241410743624866,-28.74896176329326,61.251038236706734,61.25103823670674
300,1.376313601551939,1.1234302019335518,1.7619496022325494,1.568365884413676,1.0551138267509037,26.55506759506135,-63.444932404938655,63.444932404938655
301,2.4639966035353127,2.1609301080958314,2.9834302955392813,1.380623225324127,0.8323007011901813,39.81445920003923,-50.18554079996077,50.18554079996077
302,3.574069328893803,2.3182677150864497,6.282186523671947,2.7098624040656496,0.5125096795795738,77.87197523694637,-12.12802476305363,12.12802476305363
303,1.3585539723246187,1.1827211599227556,1.7507042174308884,1.4802341217478752,0.7650142382281376,82.74215256663848,-7.257847433361519,7.257847433361519
304,3.75304781322885,3.6714880215071455,6.109854536362387,1.6641357674522088,0.3760741438097795,-62.45773051289322,27.54226948710678,27.54226948710678
305,1.526882849696625,1.004853869528442,2.597362121191398,2.5848157627240758,0.70733623778772,-89.28289388982596,0.7171061101740293,0.7171061101740435
306,1.843886218520761,1.762401244349533,2.019618597140576,1.1459471012152949,0.9053870940137564,-66.75549377011134,23.244506229888657,23.244506229888657
307,8.263761198243996,4.981084655685213,15.361245914406352,3.0839158489052445,0.5214811297456726,78.73277324596732,-11.267226754032677,11.267226754032677
308,1.8306682257451572,1.3806117664012751,2.988169625963739,2.1643808192021643,0.614785225677905,-11.44356292677139,78.55643707322861,78.55643707322861
309,3.4284102221998127,2.5596058252708365,4.732248278785849,1.848819154912308,0.8102151399734943,87.20760064424049,-2.792399355759514,2.792399355759514
310,4.878464380105234,2.995105666152168,8.701870645401476,2.9053634880871586,0.5545899355718713,-83.51772538541626,6.48227461458373,6.482274614583744
311,1.3038244488524504,1.2473790829316742,1.4409521397622072,1.1551838246121495,1.2061271577924046,-63.6872982761529,26.312701723847113,26.3127017238471
312,3.34958565745192,2.4578570333954697,4.766535612081419,1.939305479251804,0.731143939893754,66.76296883885348,-23.23703116114652,23.23703116114652
313,1.2660243778180809,1.1286047397723973,1.4888172274162432,1.3191662013722265,1.1362533718335095,-87.16842698294258,2.8315730170574227,2.8315730170574227
314,2.363382516914025,2.2307016415954064,3.070008445607157,1.3762523810272878,0.6193063746604094,37.29174463669972,-52.70825536330028,52.70825536330028
315,2.043780842560348,1.659340244498683,3.1237047888401683,1.882498058608768,0.5308008783949818,-43.33567879740146,46.66432120259856,46.66432120259854
316,2.434249075164649,1.4688091420612104,4.496481215770743,3.0613107496463,0.5767814236642771,89.14492413081116,-0.8550758691888376,0.8550758691888376
317,3.093272719512472,2.679783046706384,3.6588543569449192,1.3653546922172948,0.9206860512898198,28.3431522041662,-61.6568477958338,61.6568477958338
318,1.1661760393441107,1.1195556146909105,1.302945045103126,1.1638055564241412,1.2241187150073616,31.897082652236254,-58.10291734776375,58.10291734776375
319,1.340559085464394,1.2192014610992452,1.5733195132515965,1.290450810182818,1.0479242630711398,65.61726310273403,-24.38273689726597,24.38273689726597
320,1.895836839826219,1.275223279762734,3.0799967590359945,2.4152607687722374,0.7208443095369781,75.652622830138,-14.347377169862,14.347377169862
321,1.4451712930335778,1.145070625620996,1.9398808550497424,1.694114591401473,0.962501802203932,-43.00830139593708,46.99169860406292,46.99169860406292
322,1.2466946262544771,1.0332583869090213,1.6832416416790053,1.6290616780904148,0.9731292760443933,-3.821606050093866,86.17839394990614,86.17839394990614
323,1.9834790046600808,1.6114319095335343,2.7034064642495146,1.677642380205861,0.8254856678278547,-62.07627012705078,27.923729872949224,27.923729872949217
324,1.186817925731738,1.1170227398540655,1.3579598465333411,1.21569579390188,1.1634814952674997,22.549307851062764,-67.45069214893724,67.45069214893724
325,3.045802802660224,2.0272698131668974,4.902391432116911,2.418223465015072,0.6538593432075097,-47.48075648728023,42.519243512719754,42.51924351271977
326,1.3938469657443524,1.236054604448645,1.6814522670625671,1.3603381768175171,0.9717943116912824,63.31048132041102,-26.68951867958898,26.68951867958898
327,1.4282681233264556,1.0906576204563314,2.0660792783531448,1.8943426787672344,0.8777741758895184,-50.62781902827434,39.37218097172567,39.37218097172566
328,1.4947343471339476,1.2223090779973322,2.0677640259646206,1.6916867126214157,0.7908879303627184,83.76588476550026,-6.23411523449974,6.23411523449974
329,1.4783979621211876,1.348064582315587,2.9029006814027247,2.1533839843313567,0.3950135053277903,78.9925545238081,-11.007445476191904,11.007445476191904
330,4.596526061339452,2.7725624231959203,9.504049708977108,3.4278938607347325,0.4508804164860623,87.26381494984423,-2.7361850501557683,2.7361850501557683
331,1.2850634067342854,1.1242215783392766,1.7857720800927273,1.5884520582950443,0.7377019922687953,61.64237064853204,-28.357629351467963,28.357629351467963
332,1.2660243778180809,0.9101723453715088,2.019321246490252,2.2186141523186107,0.8347983956327827,-29.07064079934221,60.929359200657785,60.929359200657785
333,3.942394565656501,3.5338680733142045,4.628026323671267,1.3096205709034625,0.758184675062587,-85.17023313258193,4.829766867418073,4.829766867418073
334,2.2038655607334228,1.6652336418482632,3.0537660871769794,1.833836412161099,0.9307584746473648,-88.32750358683631,1.6724964131636852,1.6724964131636852
335,1.5892300566907107,1.3966214360013942,2.1918763346941907,1.5694133558265124,0.7598144474832846,42.42924962810749,-47.57075037189251,47.57075037189251
336,1.3938469657443524,1.2674421064593904,1.7095769692163107,1.348840282726623,1.0224924632143164,-44.53503160780093,45.46496839219907,45.46496839219907
337,1.340559085464394,1.3349000229038477,1.646321678502495,1.2332921194511652,0.639266434028546,63.34140053348273,-26.658599466517273,26.658599466517273
338,5.460963627061732,4.818929912457999,6.317707685980095,1.311018794784175,0.8049985671061298,82.99983265849794,-7.000167341502063,7.000167341502063
339,1.6784140066373283,1.0743560670336103,3.002864709800215,2.7950367684815918,0.6792084814816787,-22.834686963202632,67.16531303679737,67.16531303679737
340,2.940323395380274,2.207732130223835,4.263972229519886,1.9313811540567536,0.6907143579533617,-52.24213791138062,37.75786208861939,37.75786208861938
341,1.2850634067342854,1.022831952104647,2.009906920249457,1.9650411938283108,0.6684453816893732,87.49061732945945,-2.509382670540546,2.509382670540546
342,3.085411785026792,2.46670651399304,5.365139446880873,2.175021396524358,0.4754475220561533,-54.95663421281579,35.0433657871842,35.04336578718421
343,3.2390076512937704,2.073577539218353,5.302843889188801,2.5573405329167187,0.6575122255835715,73.37816612015887,-16.621833879841134,16.621833879841134
344,1.5108941070107518,1.0366618919343455,2.517102145118335,2.428083992189181,0.6867553659945073,32.43883628789302,-57.56116371210698,57.56116371210698
345,1.4783979621211876,1.078808207924601,2.3955943442423107,2.220593360937555,0.6854772126056085,-15.110285802856362,74.88971419714363,74.88971419714363
346,2.787693931488705,2.352154961923881,3.50545886939957,1.4903179961121165,0.7905597275498084,48.819589921965,-41.180410078035,41.180410078035
347,6.511667556581736,6.884394784846372,7.408682030343441,1.076155894872721,0.605851700329963,-19.3827742753047,70.6172257246953,70.6172257246953
348,2.031863651507851,1.6512337725775197,2.569727409330852,1.5562468815784911,1.0241373663951936,68.37587406704007,-21.624125932959927,21.624125932959927
349,1.6044383463340146,1.208394948414344,2.9478129998882343,2.4394449875484456,0.5437189406882982,77.49540251128722,-12.504597488712776,12.504597488712776
350,1.4947343471339476,1.350853287077717,2.046118428954733,1.5146859015171616,0.784144383649048,-89.10417043166349,0.8958295683365236,0.8958295683365094
351,1.4282681233264556,1.088199373402533,2.2714455142035894,2.087343155787101,0.6034468399025287,31.320479865084177,-58.67952013491582,58.67952013491582
352,1.749264059016166,1.2819674111002448,2.464687599943607,1.9225821020117009,0.9850182727304856,86.00637296671489,-3.993627033285108,3.993627033285108
353,2.6169453581990307,2.505752631317089,2.971419082335895,1.185838955210052,0.7063679128100184,46.80395538990591,-43.19604461009409,43.19604461009409
354,1.4947343471339476,1.3196566768472056,2.057423244319146,1.5590594738887238,0.696290928746997,-46.83202694169583,43.16797305830417,43.16797305830417
355,1.2850634067342854,1.0852968374293486,1.5744155412719114,1.450677351093271,1.2209011099930267,-2.9351245017531604,87.06487549824683,87.06487549824683
356,1.8039417076383557,1.2886095405322069,2.978085011708836,2.311084093385543,0.5659008555835212,-86.2783787329201,3.721621267079911,3.7216212670798967
357,1.2466946262544771,1.232868703072854,1.3609801174983454,1.103913266762455,1.2070879712043348,9.201224901146643,-80.79877509885335,80.79877509885335
358,1.5108941070107518,1.3815305894438572,1.9647026843561808,1.4221202913408404,0.8231132003881443,15.530573092700296,-74.4694269072997,74.4694269072997
359,1.5583682828180965,1.1508762542180864,2.1794745923085714,1.8937523337722544,1.06283792693566,-78.82403647309422,11.175963526905775,11.175963526905775
360,1.9834790046600808,1.8129339039862171,2.312938564134824,1.275798615189011,1.035534045722013,-57.6885726509862,32.3114273490138,32.3114273490138
361,1.2270604129519955,0.915242869450762,1.8056131715886008,1.972824079658933,0.9988064499948156,-9.740014774407031,80.25998522559297,80.25998522559297
362,1.2071068813224677,1.0734124297719296,1.4327629347309694,1.3347739368318958,1.2826459750518429,27.963504494488856,-62.03649550551114,62.03649550551114
363,1.4111624987975715,0.9719042754739818,2.296773062326841,2.363167978869876,0.7828589841500098,-74.14243324245109,15.85756675754891,15.85756675754891
364,1.7630924485867383,1.283099898210737,2.750681349915071,2.1437780127259405,0.6746010176565234,7.583414291584427,-82.41658570841557,82.41658570841557
365,1.7768132193231367,1.3447899417942673,2.462903527582688,1.831441068258284,0.9760147426316116,-69.62175174086467,20.37824825913532,20.378248259135333
366,1.2466946262544771,1.0736455563811924,1.6692386019737369,1.5547389844373205,0.8303059602040469,53.74809565284034,-36.25190434715966,36.25190434715966
367,1.663882010113248,1.3667005864526216,2.27647906881896,1.6656750508373892,0.7779786619379894,45.83795050727195,-44.16204949272805,44.16204949272805
368,2.2582901895629326,2.188162320291048,2.543741472623635,1.1625012683178328,0.8670562287598013,82.88403249597322,-7.115967504026784,7.115967504026784
369,1.7904288454052892,1.4001203356870733,2.459254995073527,1.7564597359174208,0.7819367426930217,80.51421567373447,-9.48578432626553,9.48578432626553
370,1.4783979621211876,1.3109328378611955,1.8117033136527971,1.3819955235911363,0.9865100747820564,73.73391116810659,-16.266088831893413,16.266088831893413
371,1.340559085464394,1.2359123469009463,1.6055736810195824,1.2990999604830895,0.8752002081407191,-86.66070978279389,3.3392902172060985,3.3392902172061127
372,3.132281482844322,1.6988745694585257,6.161184703827291,3.626627188722365,0.5857516535776047,-86.0978748211148,3.9021251788852,3.9021251788852
373,7.062692858854256,3.3734181750534864,15.836412606945224,4.69447064821548,0.3871112961778573,-73.19472677301847,16.805273226981512,16.805273226981527
374,3.147749633621639,2.938430238235701,3.69262327461156,1.256665285621582,0.7142592782964402,46.08579396007727,-43.91420603992273,43.91420603992273
375,5.215297795409802,2.84828423622768,9.712558441546246,3.409968119758209,0.5778273832921651,73.96369460100449,-16.03630539899551,16.03630539899551
376,1.4111624987975715,1.3920253028595106,1.4981248287250444,1.0762195382853912,1.1194833925065826,-55.913302758967184,34.08669724103282,34.086697241032816
377,1.4451712930335778,1.0101452711599177,2.2437296271305707,2.221195001540885,0.9072368784234532,9.89252212386129,-80.10747787613872,80.10747787613872
378,1.376313601551939,0.8343121593468082,2.7837252469922817,3.336551212644065,0.6165834853722675,-16.881198472373967,73.11880152762603,73.11880152762603
379,1.7904288454052892,1.3020736172388163,2.5713317321968847,1.9747975061883696,0.863707528173551,-82.23702670065583,7.762973299344168,7.762973299344168
380,3.283685729439831,1.8259418676042625,6.46616059659101,3.5412740741165942,0.5090896558158416,-80.22022521030627,9.779774789693732,9.779774789693732
381,1.2850634067342854,1.1608281398188671,1.691100446755657,1.4568051796362655,0.896974870948539,-45.400084179666585,44.59991582033342,44.599915820333415
382,2.607648897704901,1.7929319334011735,4.283200266656638,2.3889363488169075,0.538554230223715,-89.48090473781818,0.5190952621818212,0.5190952621818212
383,1.2660243778180809,0.9720003683694298,1.7982762684120843,1.8500777643004045,0.9346351535499354,14.644487398551144,-75.35551260144885,75.35551260144885
384,1.340559085464394,1.253558720794767,1.6670774855921358,1.3298758629633196,0.8633979482390264,-75.51583923623534,14.484160763764663,14.484160763764663
385,1.5583682828180965,1.1559811577652128,2.440513604025486,2.1112053493532543,0.7447956075756017,39.138087275609145,-50.861912724390855,50.861912724390855
386,1.4282681233264556,1.361667747742735,1.6328076897918482,1.199123422360989,0.9567623103338502,17.203960172002752,-72.79603982799725,72.79603982799725
387,1.461879030667795,1.275535721911872,1.8337367887275104,1.4376208813493387,0.984885565045884,-7.4523004229802625,82.54769957701974,82.54769957701974
388,1.6492219709549814,1.379396951391993,2.2868559037131817,1.6578664331579414,0.7419127963115278,-77.72198850293951,12.278011497060504,12.27801149706049
389,1.376313601551939,1.1774529695109228,1.756959767015899,1.4921698042391325,1.0462598318798837,-70.5075054825537,19.49249451744629,19.492494517446303
390,2.170555852193912,1.5436550177223052,3.1798240576966776,2.059931799002975,0.875041214254842,84.58638960076935,-5.413610399230649,5.413610399230649
391,1.461879030667795,1.1234565569902912,2.027741220534662,1.8049128895263415,0.9869672028417404,16.3685653107532,-73.6314346892468,73.6314346892468
392,2.708155340592215,1.6918947193488865,4.594606857619989,2.715657661836187,0.6699921479199936,-87.22403732846705,2.775962671532966,2.7759626715329517
393,1.95883855734249,1.4074370226713877,2.8274439448931536,2.008931056486293,0.9031063393507924,-58.335030826038896,31.66496917396111,31.664969173961104
394,1.4282681233264556,1.3513809889297417,1.6584233864269646,1.227206391100997,0.9323108645221236,-81.24044574601359,8.759554253986408,8.759554253986408
395,1.6784140066373283,1.2371275539448237,3.5779645722053526,2.8921549445700334,0.4375632296536365,-73.20126591986062,16.798734080139383,16.798734080139383
396,1.186817925731738,1.095190219047255,1.6757814137027447,1.5301281773321227,0.7159639755095104,-19.18458706550752,70.81541293449249,70.81541293449249
397,1.843886218520761,1.3387817136575388,2.951950965220686,2.2049531563707907,0.6337123055616513,-75.27911039027755,14.720889609722462,14.720889609722448
398,1.2660243778180809,1.039498727166011,1.7299295754580946,1.664195953538498,0.8705932570971114,-12.538884349522638,77.46111565047737,77.46111565047737
399,3.186091481181058,2.8372633584988685,5.385631989306338,1.898178388401616,0.4084587638736646,-56.92693627136904,33.073063728630956,33.07306372863096
400,1.6195038256468852,1.3426349435244738,2.023323558304867,1.5069796656666457,1.0330951000029476,-47.6339409786565,42.36605902134352,42.3660590213435
401,2.4541208259039915,2.185310194231466,3.007260112664099,1.3761250556567777,0.8049806114757962,-88.2724133161403,1.7275866838596983,1.7275866838596983
402,1.4783979621211876,1.3834012027467275,1.7894560175385583,1.2935192003488312,0.8609125833357897,-62.863890017151135,27.136109982848865,27.136109982848865
403,2.770216054293097,1.8889812888520912,4.44835471858142,2.354896125670269,0.6027244794315311,-67.33694026334692,22.663059736653082,22.663059736653082
404,1.3585539723246187,0.9720915239118912,2.084710928214682,2.144562396579066,0.8394218619752388,1.5245451041099058,-88.4754548958901,88.4754548958901
405,1.3938469657443524,1.0900286201895957,2.00354550271548,1.8380668778834364,0.9022677666945438,-68.45995086703608,21.54004913296393,21.540049132963915
406,2.181715595945335,1.4455929922879602,3.556049632137058,2.459924509255436,0.6000160152834447,53.00404188061073,-36.99595811938927,36.99595811938927
407,1.6784140066373283,1.438439226604955,2.0735932530207406,1.441557776420554,0.975009995123973,-26.20433836930684,63.79566163069316,63.79566163069316
408,3.178460113381421,2.4425163479185628,4.392908741327046,1.7985176414768105,0.7074249241683753,-78.2415331492566,11.758466850743389,11.758466850743403
409,2.2582901895629326,1.6442417285085793,3.6364268288739656,2.211613271834678,0.581471709747163,-84.7386253435653,5.261374656434697,5.261374656434697
410,1.4111624987975715,0.938911533836988,2.933104199002848,3.123940960674243,0.5076728867632047,37.6701808234984,-52.3298191765016,52.3298191765016
411,1.663882010113248,1.2729334488699138,2.2879840428737483,1.797410575474293,0.9331864211056654,17.806571271227742,-72.19342872877226,72.19342872877226
412,1.843886218520761,1.3675978371107365,2.5684779988236395,1.8780945166233587,0.9288984332437544,73.45271449469357,-16.547285505306434,16.547285505306434
413,1.2270604129519955,1.1043076655304498,1.79835506488092,1.6284909731357222,0.7732720954732678,11.86019778615231,-78.13980221384769,78.13980221384769
414,1.2466946262544771,1.1182120059080372,1.5607531858214427,1.3957578505464558,0.9414666998239328,5.536330416492537,-84.46366958350747,84.46366958350747
415,1.376313601551939,1.3066929124759905,1.658011719351785,1.268861033469675,0.8211595293024935,-19.93670173757541,70.06329826242458,70.06329826242458
416,1.3038244488524504,1.2375180564311206,1.430398415318633,1.155860642101466,1.1968333506197633,-60.24402347132877,29.755976528671226,29.755976528671233
417,1.7353254778478429,1.525854464595077,2.21729227531287,1.4531479421933489,0.7341859020839795,80.43460161853257,-9.565398381467432,9.565398381467432
418,1.2660243778180809,0.9934984112289768,1.6864317100984492,1.6974679486525803,1.173547069712842,18.67358925165534,-71.32641074834466,71.32641074834466
419,6.927293215152224,3.2193932476191014,16.854691508532945,5.235362756941176,0.3542755657337481,79.74562101755215,-10.254378982447847,10.254378982447847
420,1.895836839826219,1.66730703171049,2.3938993200123657,1.4357879349650826,0.8321867500903559,80.782525588539,-9.217474411460998,9.217474411460998
421,2.778968733462305,1.993968234747045,6.49818400984516,3.2589205267201864,0.2380011267152667,-30.54662248541595,59.45337751458405,59.45337751458405
422,1.749264059016166,1.403885702552966,2.32722772952261,1.6577045590610024,0.9977882591665338,-60.89506563784148,29.10493436215853,29.104934362158517
423,1.895836839826219,1.6151941539038417,2.551239369140967,1.5795248905369996,0.6937367099931578,72.97648126602228,-17.023518733977724,17.023518733977724
424,1.4947343471339476,1.3239581121725683,1.813103069272183,1.3694565202647877,0.961371716450425,18.869007181221225,-71.13099281877878,71.13099281877878
425,2.770216054293097,2.339559128807073,3.438091699216194,1.469546829093931,0.7975727466623957,51.18683982423632,-38.81316017576368,38.81316017576368
426,1.542705892513396,1.0150417219322034,2.7543313135592213,2.71351536990633,0.6238050314244463,81.26308378060538,-8.736916219394615,8.736916219394615
427,1.4111624987975715,1.1356633398378062,1.854114335128162,1.6326267390060896,1.0041084337396422,40.91851285814102,-49.08148714185898,49.08148714185898
428,1.3223193364400538,1.1227136609842938,1.780377296148493,1.5857803801795902,0.7636720631057455,58.12451345813622,-31.87548654186378,31.87548654186378
429,2.332352078688221,2.3226565275632445,2.588488673085521,1.1144517677786685,0.7999204168089213,-63.91586032105273,26.08413967894728,26.084139678947267
430,1.461879030667795,1.2744851220413678,1.98589514740367,1.5581940605338906,0.820957879307101,46.07885116241708,-43.92114883758292,43.92114883758292
431,1.2850634067342854,1.0704510173295356,1.7472920586494196,1.6322952011465277,0.9465300946376612,12.828510867710207,-77.17148913228979,77.17148913228979
432,6.684655216990549,4.917558277369358,10.166666884527563,2.0674217388159173,0.5738363951384934,74.48775530840682,-15.512244691593182,15.512244691593182
433,1.8306682257451572,1.6519612035086566,2.80852648849722,1.7001164933729045,0.5697798074707265,84.96804968197684,-5.0319503180231635,5.0319503180231635
434,2.579558503195455,2.1886562207614624,4.045300904222684,1.8483034776540967,0.5437216183426491,79.97311436005685,-10.026885639943146,10.026885639943146
435,1.69282125807016,1.4528333816777432,2.310945228009155,1.5906471155972872,0.7622802629552268,8.03678708237319,-81.9632129176268,81.9632129176268
436,4.111257893401754,3.3737224746537766,7.827397563903054,2.320107128760296,0.3827999194717992,-73.8029185881878,16.197081411812206,16.197081411812206
437,1.7071069228001237,1.49052389554544,2.1022943859533147,1.4104399078982923,0.8563241679440654,-6.218384727855315,83.78161527214469,83.78161527214469
438,1.7768132193231367,1.1145837689618712,3.272514277295871,2.9360864283389905,0.5748515747002503,78.31827722362603,-11.681722776373974,11.681722776373974
439,1.7071069228001237,1.2238862254574834,3.1389402907077564,2.5647321012493904,0.4760825572147462,-49.34638580930646,40.65361419069353,40.65361419069354
440,1.4947343471339476,1.5507131312212474,2.2429336838990244,1.446388528439574,0.4745880971917487,-74.38590579430117,15.614094205698848,15.614094205698834
441,1.461879030667795,1.206598218482944,2.100858208530049,1.7411414805265153,0.7602087323582708,-29.04521289766001,60.95478710233999,60.95478710233999
442,1.2850634067342854,1.37093400299282,1.5312668597058123,1.116951550084087,0.846218734979898,1.5610652310578574,-88.43893476894215,88.43893476894215
443,4.767690170072132,2.455097226276308,11.357456184600151,4.626071856969273,0.3611149439947123,-78.47963144278827,11.520368557211725,11.520368557211725
444,2.964997870440077,2.4416308172646426,4.786476461598451,1.960360439323393,0.4848373416703378,-79.15882387345177,10.841176126548248,10.841176126548234
445,1.376313601551939,1.091195774761574,1.948599447343576,1.7857468773367862,0.8461875793671475,29.50601869718581,-60.49398130281419,60.49398130281419
446,2.373635851463476,1.7240253150581586,3.5887563561028326,2.0816146519181298,0.6750291201223713,59.38006651332915,-30.619933486670853,30.619933486670853
447,8.56393913382045,5.543892063328643,13.652787643432235,2.4626719798067063,0.6414387130284204,-59.574558378522994,30.425441621477006,30.425441621477006
448,1.461879030667795,1.1406280891550515,1.9678283971188757,1.7252147442525223,1.0108259210134272,-8.014190730431498,81.9858092695685,81.9858092695685
449,1.9956851445118324,1.832977315214994,2.4338648917674206,1.3278205199620527,0.8282540053640713,-59.978114802039606,30.021885197960387,30.021885197960394
450,2.247510699902965,1.481344468182891,3.924368123966362,2.6491934916260464,0.5872948743766169,-81.27765367308004,8.722346326919961,8.722346326919961
451,1.3038244488524504,0.9773777290991068,2.005814443311272,2.052240790426156,0.8296909542289462,-19.242713902935385,70.75728609706462,70.75728609706462
452,1.4947343471339476,1.2981378821380725,2.1674320311987274,1.6696470082429928,0.6166955253620751,48.27671923017095,-41.72328076982905,41.72328076982905
453,1.3038244488524504,1.0801811558417287,1.815923298457028,1.6811284742714974,0.8571657361192068,48.19524765732349,-41.80475234267651,41.80475234267651
454,2.940323395380274,2.150479168839724,4.257750935071469,1.9799080115566563,0.6774597643804544,72.09717169359074,-17.902828306409262,17.902828306409262
455,3.661336451490315,2.552860123693407,5.719106295817903,2.2402740529095886,0.5973070003959334,85.87687856003532,-4.123121439964677,4.123121439964677
456,1.5738748168108194,1.3194925806350426,2.2425972287948253,1.6995906318135665,0.741859670325119,63.31882373186495,-26.681176268135047,26.681176268135047
457,1.6344304437273447,1.3493273705196678,2.274704559996549,1.685806283704517,0.760171351040056,11.24894350099672,-78.75105649900328,78.75105649900328
458,2.394010781836305,1.410106968543457,4.924739856059197,3.492458349557773,0.4944082252638722,68.96510787655991,-21.034892123440088,21.034892123440088
459,1.6195038256468852,1.2415427457866142,2.9439581982951157,2.371209697198052,0.486276061309963,-54.41626520532606,35.583734794673944,35.58373479467394
460,1.2660243778180809,1.0048199026729718,1.7525402932822187,1.7441337384144149,0.9346351535499354,-47.370179568786526,42.62982043121349,42.629820431213474
461,1.4783979621211876,1.26600753880751,1.987818938040523,1.5701477890984032,0.8721057031420845,3.849798297419841,-86.15020170258016,86.15020170258016
462,1.4783979621211876,1.020391673429476,2.403310284088912,2.3552821398586365,0.7880871067546062,67.81207864768527,-22.18792135231473,22.18792135231473
463,1.2071068813224677,1.1580420590821263,1.438085932815114,1.2418253046482204,0.9049040945303596,-69.3341357841498,20.665864215850206,20.665864215850206
464,3.3204582726208347,2.481985373592286,4.608873559210649,1.8569301851042035,0.7274143319200855,86.53084254965738,-3.469157450342621,3.469157450342621
465,4.75749189065065,3.959750029054693,5.800287200518161,1.4648114547530813,0.8778228061559158,-80.77468289088817,9.225317109111813,9.225317109111828
466,1.7212740281460053,1.6176052347580336,1.9874893460502652,1.2286615444512703,0.8858148121028863,58.33926025037957,-31.660739749620433,31.660739749620433
467,1.4282681233264556,1.1664728011518082,1.881343647112252,1.6128482766632537,0.962162189512942,68.49101462187515,-21.508985378124848,21.508985378124848
468,1.4451712930335778,1.307923824479337,1.6882022827357523,1.2907496989802123,1.095026891235658,26.136759285187637,-63.86324071481236,63.86324071481236
469,2.0674091517192297,1.3373981412755012,3.341370866932404,2.49841147808511,0.7998410378759482,50.26858428893411,-39.73141571106589,39.73141571106589
470,1.7630924485867383,1.307026453872251,2.591266592764076,1.9825662939622088,0.7197290811592267,-63.41448422080855,26.58551577919144,26.585515779191446
471,2.363382516914025,2.0092844182556933,2.893226232558647,1.4399286662812645,1.0147824801770866,55.445068594499,-34.554931405501,34.554931405501
472,1.69282125807016,1.3252010860797412,2.270383901667712,1.7132372781130487,0.974069527675361,16.601531334515837,-73.39846866548416,73.39846866548416
473,1.3038244488524504,1.1777756929398329,1.5393841645632818,1.3070266042941012,1.0944076688464976,-68.79475092362047,21.205249076379516,21.20524907637953
474,1.4282681233264556,0.9951061579265962,2.2513650984273084,2.262437108336516,0.7616499013391715,48.23692660277938,-41.76307339722062,41.76307339722062
475,1.6195038256468852,1.44294189230585,2.0679905020120817,1.4331765631306133,0.7806570371430808,-66.33847814469071,23.661521855309275,23.66152185530929
476,1.2660243778180809,1.1484165081966515,1.561848091708813,1.3600014285421316,1.043916172059605,39.92960342694367,-50.07039657305633,50.07039657305633
477,1.4783979621211876,1.1260942333021249,2.0781393311823524,1.8454399904779544,0.9023226975604348,63.92408616917778,-26.075913830822223,26.075913830822223
478,1.6195038256468852,1.312998164085016,2.1021184453710795,1.601006385896948,0.9592643777724976,29.96307355481834,-60.03692644518166,60.03692644518166
479,1.3938469657443524,0.9481079650748184,2.3409188148170137,2.4690424519662,0.7203915753537968,67.4848182898385,-22.5151817101615,22.5151817101615
480,2.383845085036066,1.791549809255954,3.4814636325752697,1.943269237946084,0.7250576564139363,78.97386993981699,-11.026130060183007,11.026130060183007
481,2.0674091517192297,1.952200841389674,2.318297483748033,1.1875302144105997,0.936996381089556,10.749984227403765,-79.25001577259624,79.25001577259624
482,1.461879030667795,1.4078246148329547,2.5416048542896235,1.805341963417224,0.484698666750065,80.36792242087691,-9.632077579123091,9.632077579123091
483,1.186817925731738,1.070347989130846,1.4131355489718924,1.3202580500192278,1.1028480096731237,-7.409073625440402,82.5909263745596,82.5909263745596
484,5.674686353172903,5.478876118452701,6.021666252514614,1.0990696125130135,0.816410655005357,-81.41034219568239,8.589657804317596,8.58965780431761
485,1.7630924485867383,1.600407750387002,2.0106073659104373,1.2563094407811028,1.1306058785267423,46.646506410425445,-43.353493589574555,43.353493589574555
486,1.376313601551939,1.2314075314497086,1.6118906717184407,1.3089823072795388,1.1754537146808828,-76.45134374176617,13.548656258233848,13.548656258233834
487,1.895836839826219,1.6388839874561978,2.3274944632191,1.4201703604607991,0.8052740657528227,15.31907602040195,-74.68092397959805,74.68092397959805
488,1.895836839826219,1.465556997540114,2.5492942713146007,1.739471256043608,0.8980416853144315,87.64310530139365,-2.3568946986063537,2.3568946986063537
489,1.2270604129519955,1.2011789137722475,1.3473853581503905,1.1217191233560602,1.0994965561049586,-75.18812562441309,14.81187437558691,14.81187437558691
490,2.5320487556361617,2.2123124759075474,3.268665712021891,1.4774882606404869,0.6825354205737142,-39.1710299680764,50.8289700319236,50.8289700319236
491,2.363382516914025,1.70168715616204,3.4188799697660284,2.0091119318764323,0.8718066145640788,85.4830597571109,-4.516940242889106,4.516940242889106
492,1.7212740281460053,1.4701152492894654,2.22458658846371,1.5132055731949554,0.8585755421013702,11.53997377486359,-78.4600262251364,78.4600262251364
493,1.542705892513396,1.2173534193426845,2.3632718955186456,1.941319470556632,0.6702457538500485,67.30672443327114,-22.693275566728857,22.693275566728857
494,1.843886218520761,1.3667631978289727,2.6342531934916327,1.9273662018965665,0.8386741958690486,14.442143648970942,-75.55785635102906,75.55785635102906
495,1.2466946262544771,1.1287280926769956,1.4179514040418588,1.2562382501519165,1.3118578139190078,-39.87245911873159,50.1275408812684,50.12754088126841
496,1.7071069228001237,1.321333239985136,2.3572432691645337,1.7839884730297493,0.9953356835560664,75.24391586403098,-14.756084135969019,14.756084135969019
497,1.7071069228001237,1.6364289524219806,2.086305853721434,1.2749137997305764,0.763842895621771,-76.87829933956958,13.121700660430406,13.12170066043042
498,1.663882010113248,1.2031052956948434,2.5376882396615548,2.109281913014882,0.7796736320296482,-81.3170714069411,8.682928593058904,8.682928593058904
499,1.7212740281460053,1.7981867331335284,1.89814345924458,1.055587511724584,0.8029843356739923,37.51299065033849,-52.48700934966151,52.48700934966151
500,1.95883855734249,1.2975462512885456,3.111021459771203,2.397618933954579,0.7897806235867562,-77.24220225261348,12.757797747386519,12.757797747386519
501,1.6492219709549814,1.1400424198824404,2.473788584195074,2.1699092428948106,0.9108215239090712,10.602971265681594,-79.39702873431841,79.39702873431841
502,1.1661760393441107,1.0606928552062664,1.4060697362478196,1.3256144126419989,1.172117837694572,33.14633851672599,-56.85366148327401,56.85366148327401
503,1.6492219709549814,1.6847114085104733,1.778214185954475,1.055500768245329,0.9334514262154396,-3.244258847041712,86.7557411529583,86.7557411529583
504,3.4915796938584958,2.501936827226267,4.99036764046642,1.994601776575995,0.8564307403363169,-35.54250012076663,54.45749987923337,54.45749987923337
505,1.542705892513396,1.2785223112412638,2.052485762025492,1.6053577978102074,0.8841524681352273,29.319497480688952,-60.68050251931105,60.68050251931105
506,1.4451712930335778,1.259212061570273,1.910962574662264,1.517585983316614,0.7758889006084648,82.29135360034135,-7.708646399658647,7.708646399658647
507,1.749264059016166,1.590041884724323,2.012633180771158,1.2657736881692918,1.0739368732584789,-89.79165538410321,0.20834461589680586,0.20834461589679165
508,14.419749379686694,10.418028305064457,20.71586785509493,1.9884633875514093,0.7058262143178472,-46.87320524768592,43.12679475231408,43.12679475231408
509,11.825130188195107,7.839723918758964,18.97214114617462,2.420001181518383,0.603153500494749,-71.92828269204908,18.071717307950905,18.07171730795092
510,2.1367269374441915,1.3787893276705032,3.71322591631888,2.6931060763231045,0.648650880373692,-86.19992809541428,3.8000719045857068,3.800071904585721
511,1.4282681233264556,1.0745349269354445,1.9733026236063829,1.836424832866261,1.10802778175996,64.1326746714773,-25.867325328522696,25.867325328522696
512,1.7353254778478429,1.329432780870119,2.486117651011593,1.870058935499108,0.8019142832693271,-82.50215820947653,7.497841790523466,7.497841790523466
513,1.4282681233264556,1.1826873147460122,1.8131554760825568,1.5330810210574894,1.1793238867214295,76.50155142692566,-13.498448573074342,13.498448573074342
514,2.159338434195847,1.8061188008072249,3.23925397235558,1.7934888728846805,0.6073440849475215,26.65447435690643,-63.345525643093566,63.345525643093566
515,1.3585539723246187,1.0925718727682403,1.821030901956019,1.6667378571096545,0.9436728615262624,27.368447081196592,-62.63155291880341,62.63155291880341
516,1.6492219709549814,1.4087451387743344,2.2638709328692297,1.6070124187536785,0.7786856118450647,39.00346060911264,-50.99653939088736,50.99653939088736
517,1.8306682257451572,1.034523870412463,3.338671438004164,3.227254134477381,0.7204025518447493,-84.17205344795319,5.827946552046797,5.827946552046811
518,1.8173540983129992,1.7236074188802668,2.013778598445078,1.1683510852798018,0.9528864168335256,20.177353272588796,-69.82264672741121,69.82264672741121
519,2.031863651507851,1.520042648873679,2.866459774285373,1.8857758868867016,0.8310482544692737,75.59751138696707,-14.40248861303293,14.40248861303293
520,1.6344304437273447,1.5760762035791398,1.8540596848700592,1.176376929402044,0.8988201797402084,6.729946975068393,-83.27005302493161,83.27005302493161
521,2.6354399017991645,1.8411222667767395,3.94579364267167,2.1431459028408733,0.7278809446611959,82.22939130005233,-7.7706086999476724,7.7706086999476724
522,1.4282681233264556,1.3710550772208483,1.5222483299817628,1.1102751124100614,1.3252937927739612,-2.3592397493382404,87.64076025066176,87.64076025066176
523,1.9212854528773184,1.3943648951744654,2.9112601010395225,2.0878753553783787,0.7637043322871186,83.44651518787211,-6.553484812127891,6.553484812127891
524,1.857010129468512,1.6780446982309576,2.276152285901686,1.356431260920088,0.8327153909936482,-14.877170364418983,75.12282963558101,75.12282963558101
525,2.743790495859625,1.7574379956437398,4.837983564619189,2.752861595465314,0.5801891319877013,19.322609135855,-70.677390864145,70.677390864145
526,2.512793352570581,2.224377829902977,3.04712781758293,1.3698787034376438,0.8655927292377885,53.8230782041208,-36.1769217958792,36.1769217958792
527,1.2660243778180809,1.0106155572777118,1.8309237896620831,1.811691672938452,0.8633784817017677,66.25268465775484,-23.74731534224516,23.74731534224516
528,1.461879030667795,1.0615847524728943,2.1771541453504706,2.0508528784714817,0.8461335205327013,-78.61372922579876,11.38627077420125,11.386270774201236
529,1.7071069228001237,1.362358048232109,2.476963355532302,1.818144179312173,0.7715345546235551,76.92507889428427,-13.074921105715731,13.074921105715731
530,1.4783979621211876,1.327644040618834,1.7890781115689438,1.3475585750643138,1.047819721321829,83.31098248870813,-6.6890175112918655,6.6890175112918655
531,2.031863651507851,1.3340787208015192,3.274669174110893,2.454629642952,0.7294619703714166,-89.9193629111051,0.08063708889488908,0.08063708889490329
532,1.3585539723246187,1.2498243321092584,1.676056851309661,1.3410339423309785,0.8988542678201978,61.75616580571058,-28.24383419428942,28.24383419428942
533,1.6344304437273447,1.1088743521413658,2.637691181776728,2.378710605654318,0.7991200711733119,55.14053874016528,-34.85946125983472,34.85946125983472
534,6.310910549219671,3.15910913823044,14.042079436027402,4.444949136481244,0.4151537393852564,-83.47988061272271,6.520119387277305,6.5201193872772905
535,2.192818546001692,1.6113424478948744,3.3885903570617675,2.102961019545389,0.7261264151362073,-52.00195568929228,37.99804431070771,37.99804431070772
536,1.8829835605082688,1.2102701600904973,3.1175390822950115,2.575903451227699,0.735262051667806,66.73536810975459,-23.26463189024541,23.26463189024541
537,5.020752084777113,2.502673168361908,12.184995198775797,4.868792039174386,0.3730918508509701,89.68688478215006,-0.31311521784994056,0.31311521784994056
538,2.332352078688221,1.6531828455117894,3.460978146128425,2.0935241104906224,0.8224695611144164,67.34999902300878,-22.650000976991223,22.650000976991223
539,1.3938469657443524,0.9096580311782948,2.39530563892751,2.6331935263901665,0.7879639105526985,86.68070923827321,-3.3192907617267906,3.3192907617267906
540,2.3009031958488952,1.704246598998943,3.37163848004691,1.9783747739484276,0.7865363134637176,70.53708147561414,-19.462918524385856,19.462918524385856
541,1.2660243778180809,0.9466277314372984,1.7519987685671436,1.8507790447962285,1.1362533718335095,-67.62537289656387,22.374627103436126,22.374627103436126
542,4.913186984701541,2.7533540060713206,9.0405706294009,3.2834755754130662,0.5897729614221512,-65.88249248282881,24.11750751717119,24.11750751717119
543,2.0078170808425457,1.5310281234755516,2.7866700654957626,1.8201299001417472,0.85148437881375,-88.66993522089791,1.3300647791020879,1.3300647791020879
544,1.2270604129519955,0.8543839880792224,1.8129095153686725,2.1218907899296577,1.0918264841024037,5.629843861319111,-84.37015613868088,84.37015613868088
545,1.6344304437273447,1.2240347986098297,2.39667956362129,1.958015872051404,0.803649896376551,75.77604179116082,-14.223958208839178,14.223958208839178
546,3.155455274609836,1.8893303098798035,5.7014333890912114,3.0177006949377363,0.6126287037848676,82.49077836090495,-7.5092216390950455,7.5092216390950455
547,1.2071068813224677,1.0515679706866792,1.5407423138470226,1.4651856625500967,1.095577970025719,-51.63166437170319,38.36833562829682,38.36833562829681
548,1.3585539723246187,1.137924763136747,1.7938653362071215,1.5764358016625293,1.0217918530096617,63.641480057496246,-26.358519942503754,26.358519942503754
549,21.486276436373046,9.920037197091656,51.294322567985205,5.170779257060005,0.3623610454271714,85.46336139043682,-4.536638609563184,4.536638609563184
550,11.115874933849218,7.612891847313061,17.151620511183214,2.252970468408376,0.6002946972743718,-65.41994828036141,24.58005171963859,24.58005171963859
551,1.461879030667795,1.3073056712439244,2.042803692135129,1.5626060049073032,0.6196321442741973,33.590818322217025,-56.409181677782975,56.409181677782975
552,2.2257951114113315,1.69185798254173,3.3155811088512275,1.959727792205188,0.7695077487012228,89.48817859259097,-0.5118214074090304,0.5118214074090304
553,1.7904288454052892,1.1614999009797229,2.946249160693968,2.536590109227571,0.7444459625860339,81.26475025298761,-8.73524974701239,8.73524974701239
554,1.526882849696625,0.9607770374631038,2.610437722820893,2.7170067778822617,0.7651554877793985,79.07058996607365,-10.929410033926345,10.929410033926345
555,3.594395953429868,2.927275283840452,5.047380189040055,1.7242588071245974,0.6783508856883131,42.21417075571132,-47.78582924428868,47.78582924428868
556,1.4111624987975715,0.9895922041264328,2.183513366710184,2.206477938695657,0.8950778607678437,-28.2067486501378,61.7932513498622,61.7932513498622
557,1.3038244488524504,1.0397615917474126,1.751677198004489,1.684691194508001,1.0766122802591245,-20.43620414874416,69.56379585125583,69.56379585125583
558,2.5511588286726434,1.4466586269198327,4.675685903836892,3.232058909289591,0.6367705246505961,59.47422471577234,-30.525775284227663,30.525775284227663
559,2.5606603842001854,1.4651229778899308,4.599601711858313,3.1393963382395764,0.6641869582517679,79.02270762895985,-10.97729237104015,10.97729237104015
560,1.870041939381716,1.5782617234989569,2.356638468776992,1.493186100688293,0.9891539774803828,55.11922804523567,-34.88077195476433,34.88077195476433
561,1.4947343471339476,1.3855955575843075,1.686245738944638,1.216982639497267,1.0991221336810373,32.04559624908332,-57.95440375091668,57.95440375091668
562,1.8173540983129992,1.268791480145004,2.768356629829413,2.1818846304934447,0.9077190407954904,81.37157685297494,-8.62842314702506,8.62842314702506
563,1.5583682828180965,1.4808271500335397,1.81167525449933,1.2234211497663972,0.9084507717620648,47.83613025746176,-42.16386974253824,42.16386974253824
564,1.95883855734249,1.4687559185445291,2.704156688110866,1.8411205387962373,0.9251287937422864,-79.0450008747635,10.954999125236498,10.954999125236498
565,2.4442051456532488,1.7039608400475252,3.571658027095101,2.096091613816362,0.8878997214438821,-85.19583217974686,4.804167820253156,4.8041678202531415
566,1.843886218520761,1.665492950143637,2.183841819867872,1.311228498253043,0.9749779524509822,-6.780421362750845,83.21957863724916,83.21957863724916
567,1.4783979621211876,1.384052393189631,1.7223408351596745,1.244418812202938,0.9919715972880934,52.92303654132676,-37.07696345867324,37.07696345867324
568,2.5416217529397453,1.551221933102538,4.846273737703355,3.1241653010994463,0.5921488902030638,87.00858895389338,-2.99141104610662,2.99141104610662
569,1.870041939381716,1.4305446970694826,2.5814273750898877,1.804506619316422,0.9151544778300322,27.301473785832748,-62.69852621416725,62.69852621416725
570,2.2148574771042746,1.4332796115169464,3.6194392062919,2.5252847924496598,0.6537069659442838,-87.54740577657964,2.4525942234203626,2.4525942234203626
571,2.5320487556361617,1.6374553861378858,4.186187395970944,2.5565199708094126,0.7578601881533444,85.56321075713318,-4.436789242866823,4.436789242866823
572,1.5108941070107518,1.4228524824230049,1.800669159875995,1.2655346791886664,0.8848245628782002,-86.04892211565415,3.951077884345864,3.9510778843458496
573,1.3585539723246187,1.1304779620136076,1.7632033942351026,1.559697272730982,0.9964654809627406,19.398073911988774,-70.60192608801123,70.60192608801123
574,2.363382516914025,2.1597045431049366,2.9241354861853277,1.3539516298749796,0.6708835408614057,30.340322808210487,-59.65967719178951,59.65967719178951
575,1.5738748168108194,1.119833257420668,2.5112035370445285,2.242479869573287,0.8516577364645579,-89.35325640963289,0.646743590367123,0.6467435903671088
576,1.461879030667795,1.0547742175733734,2.230492921984311,2.1146638634340253,0.8521900288751322,24.53373779347055,-65.46626220652945,65.46626220652945
577,3.029814226070162,2.571642383108197,4.136411113516798,1.6084705792246876,0.7054582373214336,68.03732938488861,-21.962670615111392,21.962670615111392
578,1.9834790046600808,1.640274651491521,2.7483153827378493,1.6755214623592298,0.7188686244471378,66.13382149266789,-23.86617850733211,23.86617850733211
579,1.4111624987975715,1.1134698642252427,2.075104154837201,1.8636374647472544,0.7940861632700096,50.49529549045513,-39.50470450954487,39.50470450954487
580,1.69282125807016,1.3476506983809275,2.30722329236809,1.712033611632448,0.9149744895011817,61.75366971649743,-28.246330283502573,28.246330283502573
581,1.69282125807016,1.7216809293718145,1.9360095934619583,1.1244880282018026,0.7230444040749631,75.59965596338782,-14.400344036612182,14.400344036612182
582,1.2270604129519955,0.9742842345423316,1.8000378140467028,1.8475489495037012,0.8178300293942561,-57.21671896703741,32.78328103296258,32.78328103296259
583,1.663882010113248,1.0912332540120455,2.6483275329582088,2.42691241604059,0.8588561269978457,84.76557093369951,-5.234429066300493,5.234429066300493
584,1.1451621372724683,0.9690616015795708,1.4967823083045284,1.544568793010447,1.026789526247391,22.36966473111801,-67.63033526888199,67.63033526888199
585,1.2660243778180809,1.231054012919178,1.420361613778404,1.153776843966679,1.1591964287708831,80.82298868275673,-9.17701131724327,9.17701131724327
586,1.5738748168108194,1.2730669402555854,2.299270581992229,1.806087731357331,0.7327568770244991,-69.80278139337915,20.19721860662085,20.19721860662085
587,1.3585539723246187,0.9523682097316312,2.107778227489628,2.21319675095369,0.9306370849294244,-73.30314365570005,16.69685634429993,16.696856344299945
588,1.6044383463340146,1.232031433051776,2.1626164217465003,1.7553256870968297,1.0048470024213172,77.84749364704317,-12.152506352956834,12.152506352956834
589,1.9834790046600808,1.446233979278882,2.8370229799193285,1.9616625114381,0.8767466929034547,-83.8159522216911,6.184047778308894,6.184047778308894
590,2.681118170928788,2.179578529581093,3.503015056276987,1.6071983682782254,0.8011280404674042,-51.51722202608536,38.48277797391464,38.48277797391464
591,1.749264059016166,1.4371297933547933,2.353897142218284,1.6379154848104682,0.7903200224659302,-57.26079251798573,32.73920748201428,32.73920748201427
592,1.3038244488524504,1.1088624531432805,1.7476921069020632,1.5761126205941045,0.878206315200348,50.30213976740731,-39.69786023259269,39.69786023259269
593,1.5738748168108194,1.4293838187609749,1.8094607017289253,1.26590260640939,1.1439847123847446,-41.04461562817825,48.955384371821765,48.95538437182175
594,3.560453777195214,2.6047516510664,5.818526215246851,2.2338122764466672,0.5423669137039849,-71.35851095602818,18.64148904397183,18.641489043971816
595,1.8039417076383557,1.7896391983902729,1.9131743611486995,1.0690279710399408,1.0475591154435324,5.43118524438395,-84.56881475561605,84.56881475561605
596,1.7630924485867383,1.488040257276471,2.8138463134904823,1.8909745887121403,0.4945851652896084,-15.948107335660266,74.05189266433973,74.05189266433973
597,32.84351273965013,17.84927433997255,66.85754438208059,3.745672967351759,0.4106794197022291,-77.08453370260784,12.915466297392157,12.915466297392157
598,2.2690184693770243,2.6207631107556,4.41593061531649,1.68497892739467,0.2925614300444516,-37.00548970421843,52.994510295781566,52.99451029578157
599,1.5583682828180965,1.154718288219849,2.219859176477709,1.922424888498056,0.9084507717620648,-80.85574962481675,9.144250375183248,9.144250375183248
600,2.1138735858617226,1.7071889480614024,2.931461141848964,1.7171275301294462,0.7552083622935327,86.41551829867747,-3.584481701322531,3.584481701322531
601,1.5108941070107518,1.2243348331469923,1.9801500564063053,1.6173272235639893,1.0706625853735945,-21.205434690634704,68.7945653093653,68.7945653093653
602,1.7353254778478429,1.250992543684624,3.52267241968824,2.8159020111444475,0.5119760588867397,-88.90242490391455,1.0975750960854498,1.0975750960854498
603,1.2071068813224677,0.9991512439452832,1.5981060307353183,1.5994635851375028,1.0529240423893167,3.1535459673688315,-86.84645403263117,86.84645403263117
604,2.102353753036351,1.61280062370583,2.9492653698723883,1.828660856476904,0.814747369166823,-76.77261051941753,13.227389480582474,13.227389480582474
605,1.2071068813224677,0.9202272275784554,1.6697797724586798,1.814529849168498,1.1640701416853565,54.88211280101493,-35.11788719898507,35.11788719898507
606,3.335053763946224,2.363049187123984,5.079025918747802,2.149352601893732,0.7489833015369058,58.18222379930789,-31.81777620069211,31.81777620069211
607,2.434249075164649,1.541571067058496,4.145026494169481,2.688832570060291,0.6374312467769122,74.22330152520226,-15.77669847479774,15.77669847479774
608,1.7904288454052892,1.2826297459478715,2.7854447954266046,2.171667080251708,0.7422206149454527,77.34590018826428,-12.654099811735719,12.654099811735719
609,1.3038244488524504,1.051550417174136,1.6886076722743175,1.6058266391184226,1.1855510128438769,2.521704660384128,-87.47829533961587,87.47829533961587
610,2.5511588286726434,1.610494474209169,4.615024709127106,2.865594873520636,0.6165843144005333,59.799517726011366,-30.200482273988634,30.200482273988634
611,1.340559085464394,1.1280856590720485,1.761771305051811,1.5617353973819912,0.934559879575594,48.97430620246495,-41.02569379753505,41.02569379753505
612,1.3938469657443524,0.6502835968082438,3.3712284967621207,5.184243479781686,0.5447643600071611,-84.1223329752075,5.877667024792515,5.877667024792501
613,2.964997870440077,2.618319708759987,4.448229043426475,1.6988868962580268,0.4805340729378449,-18.561545447018545,71.43845455298145,71.43845455298145
614,1.340559085464394,1.2162698247599748,1.8087583072997844,1.48713572472024,0.7222174028528672,15.247225031279804,-74.75277496872019,74.75277496872019
615,1.526882849696625,1.21007384328371,2.1846627481369905,1.8053962245879085,0.7705800652664504,19.18374269243077,-70.81625730756923,70.81625730756923
616,1.95883855734249,1.332953640147474,3.2374281504037787,2.428762751302888,0.6800304270821762,63.14976048321997,-26.85023951678003,26.85023951678003
617,3.093272719512472,2.2598665327948964,4.67425795890484,2.068377884743458,0.6467402604343503,-43.08526140555256,46.91473859444744,46.91473859444744
618,1.2071068813224677,0.954933632585489,1.9062698028286889,1.996232761922366,0.7341948058111722,50.93072777974125,-39.06927222025875,39.06927222025875
619,1.542705892513396,1.5159978623010724,1.7886526870255235,1.1798517211037485,0.8797465659037887,1.7306920009432438,-88.26930799905675,88.26930799905675
620,1.6195038256468852,1.368042451721363,2.253490803201213,1.6472374818235496,0.7854984744618907,60.81636907145979,-29.18363092854021,29.18363092854021
621,1.4111624987975715,1.1802314551516864,2.1274823045688365,1.80259752888505,0.7333399312073545,-78.93777884649641,11.062221153503572,11.062221153503586
622,1.8829835605082688,1.542073004348136,2.8445703998710967,1.8446405532360328,0.5332856956673943,-52.29251041232169,37.70748958767831,37.70748958767831
623,1.6492219709549814,0.9917843952466056,3.2067553211838664,3.23331899206431,0.6272834927921678,81.35571409256819,-8.644285907431808,8.644285907431808
624,1.461879030667795,1.1215142136954517,2.985068420500101,2.6616411847908146,0.4345909446026955,70.76077736303982,-19.23922263696018,19.23922263696018
625,1.7768132193231367,1.405783044395715,2.662856609097209,1.894215910280704,0.707335328026128,-66.3084095174533,23.6915904825467,23.6915904825467
626,1.5892300566907107,1.42988567671029,1.8868021382535731,1.3195475477413705,1.0019347567770152,87.74468489613264,-2.2553151038673604,2.2553151038673604
627,1.9086035621207809,1.5336780353578865,2.844721232163512,1.8548359998516188,0.7332778715905356,-80.41365374481434,9.586346255185674,9.58634625518566
628,1.4451712930335778,0.862026033983132,2.769091573231773,3.212306199659346,0.6467886980781236,84.67071002736796,-5.32928997263204,5.32928997263204
629,1.6784140066373283,1.482830980334651,2.050020917222543,1.3825047793106442,0.9185987147882376,-72.94920628367282,17.050793716327178,17.050793716327178
630,1.4282681233264556,1.216130961246762,1.9453644134047732,1.5996339830131536,0.8777741758895184,-55.90709187639741,34.0929081236026,34.09290812360259
631,1.4947343471339476,1.311853568257827,1.848365308159856,1.4089722762385204,0.9831410930198416,-85.09256613748718,4.907433862512818,4.907433862512818
632,1.2466946262544771,0.9897009293055654,1.8121295839884464,1.8309870490471776,0.9148925873457424,57.94449352691523,-32.05550647308477,32.05550647308477
633,2.2582901895629326,1.6282387305423307,3.3663909548076507,2.067504532143379,0.7028811958542501,77.01290408463339,-12.98709591536661,12.98709591536661
634,3.077530771427696,2.2513688280464903,4.484189908367056,1.9917615685644816,0.5746518529612159,80.77562201207763,-9.224377987922367,9.224377987922367
635,1.4451712930335778,1.0959805246334555,2.5850119532160027,2.3586294602092,0.470445753439395,61.94360799295011,-28.056392007049887,28.056392007049887
636,2.079122611754846,1.8182869458323476,2.505333569058142,1.377853795189235,0.975151431402948,83.66466572093854,-6.335334279061456,6.335334279061456
637,2.0078170808425457,1.6382846735435197,2.6467176710458995,1.6155419835071734,0.8640787478600789,-80.18178047601852,9.818219523981497,9.818219523981483
638,1.8829835605082688,1.7235133616086775,2.191561495477558,1.2715662926059463,0.9486885716502405,54.56288587472525,-35.43711412527475,35.43711412527475
639,1.526882849696625,1.023700140370586,2.3353752555504204,2.281307937210012,0.9455566926632384,-82.92840583208987,7.071594167910121,7.071594167910135
640,1.376313601551939,1.0055303947797114,1.997774472018242,1.9867867569094304,0.9785727512232448,-75.12947329392026,14.870526706079744,14.870526706079744
641,1.933884181003576,1.5167300507440458,2.6017829583457823,1.7153896021704416,0.9397563982394764,80.65272048717588,-9.347279512824116,9.347279512824116
642,1.3223193364400538,1.0500278193217731,2.0944779872113024,1.9946880917537533,0.6540845556686866,82.2484994497814,-7.751500550218594,7.751500550218594
643,2.043780842560348,1.506695812717738,3.0322810230771893,2.012536968299952,0.6962062493178959,85.37840125352989,-4.621598746470113,4.621598746470113
644,2.414213762644935,1.7934541618826223,3.423245970708945,1.9087446133083763,0.86111757305598,85.5681323549336,-4.431867645066404,4.431867645066404
645,1.3938469657443524,1.3175482530251907,1.7956030460173922,1.362836648976272,0.7253808584182586,20.50454345078512,-69.49545654921488,69.49545654921488
646,1.4451712930335778,1.3943959693999586,1.633960668492725,1.1718053582698298,1.0789391872461418,-75.8196058490372,14.180394150962798,14.180394150962798
647,2.181715595945335,1.677960681423309,3.184362081458421,1.8977572697098757,0.7601207544316013,-66.0736423218558,23.9263576781442,23.9263576781442
648,1.526882849696625,1.410133904346322,1.7570398434164574,1.2460092179905042,0.9714595867208556,-63.77755771281944,26.22244228718057,26.222442287180563
649,1.2071068813224677,1.103922581549145,1.4683054539734215,1.3300800966612487,1.01093117863474,-38.81653487459744,51.18346512540256,51.18346512540256
650,1.9834790046600808,1.6459726217249122,2.6403620574014304,1.6041348577441334,0.8169948012655972,-78.15702736303021,11.84297263696979,11.84297263696979
651,3.1631421441599654,2.7302276073165985,3.812929181860246,1.3965609210170502,0.9125880135122388,-84.49614884831456,5.5038511516854385,5.5038511516854385
652,1.3938469657443524,1.2158874483755344,1.6744759498714628,1.377163611737762,1.208551120676827,-88.68037454802469,1.3196254519752983,1.3196254519753126
653,1.4783979621211876,1.3018105991616256,1.906946860872456,1.4648420147297485,0.8841474915435872,-36.19034722883343,53.80965277116657,53.80965277116657
654,1.8039417076383557,1.1904803109237672,2.985681657022165,2.507963911394209,0.7032055069556952,76.33686960871007,-13.663130391289926,13.663130391289926
655,1.3223193364400538,1.1512669861262297,1.6854110777321036,1.463961963682426,0.9264168089457092,-48.14059644311581,41.85940355688419,41.85940355688419
656,1.4111624987975715,0.986712710405506,2.1328461648528614,2.1615675387178634,0.9642861414297588,-5.3194780852855725,84.68052191471443,84.68052191471443
657,1.933884181003576,1.6067704948761323,2.419058251463195,1.505540622744434,0.93829376535306,48.54058388744667,-41.45941611255333,41.45941611255333
658,1.6044383463340146,1.5227366937014912,1.767071671886269,1.160457798906024,1.121988878199191,71.28936092190567,-18.71063907809433,18.71063907809433
659,1.95883855734249,1.3649593694670832,2.976831430236777,2.180893803014087,0.7752377496403006,-78.35150292873718,11.648497071262824,11.648497071262824
660,1.870041939381716,1.3876281536483392,2.642689493891712,1.904465174581228,0.9317335072557944,-85.3222254423508,4.677774557649201,4.677774557649201
661,1.2660243778180809,1.2291465306071032,1.4946496144798909,1.2160060474983805,1.031870087769555,-45.62171703805513,44.378282961944876,44.37828296194487
662,1.3223193364400538,1.3035459515540788,1.500209301426911,1.1508679840847738,0.9577078326759522,76.59710583510012,-13.402894164899877,13.402894164899877
663,1.6344304437273447,1.2367124921971002,2.336806569031457,1.8895309813519936,0.9358397452387612,51.42324883301328,-38.57675116698672,38.57675116698672
664,1.526882849696625,1.2338186635858102,1.9747391989042995,1.6005100726594408,1.032176734753058,13.880757120044905,-76.1192428799551,76.1192428799551
665,1.1661760393441107,0.8433947282810389,1.7710446096858703,2.099900023439223,1.002765992820705,39.03483202159984,-50.96516797840016,50.96516797840016
666,1.7071069228001237,1.2348720943035087,2.5284808956057208,2.047565012821698,0.8688695926759435,-82.23094848446593,7.769051515534073,7.769051515534073
667,2.9070983356311,1.88946198903938,4.731267661868151,2.504029024830276,0.7321409080550372,62.93132109162512,-27.068678908374878,27.068678908374878
668,1.3938469657443524,1.1516608416761167,1.8272725316804053,1.5866411929236124,1.0552645540571046,10.507449957021835,-79.49255004297817,79.49255004297817
669,1.340559085464394,1.239230904243589,1.5672939133213573,1.264731139252869,1.010265500554721,-66.3029444130118,23.6970555869882,23.6970555869882
670,1.4783979621211876,1.4141889104868215,1.6275253529370932,1.1508542747494976,1.1109785826871714,-31.55084959470748,58.44915040529253,58.44915040529252
671,1.8829835605082688,1.4087721821850605,3.0570474564726817,2.170008391087821,0.6887191967229539,-51.658749930614064,38.34125006938592,38.341250069385936
672,1.5583682828180965,1.1705546010671577,2.3910505827903714,2.042664716887641,0.7603171914896162,-89.98069224234614,0.019307757653848512,0.019307757653862723
673,1.9212854528773184,1.3246425084645608,2.9496637566196173,2.2267621171531595,0.7506570861319287,89.40373641667843,-0.5962635833215728,0.5962635833215728
674,1.376313601551939,1.134473806057185,1.795101049736137,1.5823204027732765,0.9865799221114704,27.805699402677565,-62.19430059732244,62.19430059732244
675,2.512793352570581,1.814328752619961,4.231795425825288,2.332430338059964,0.5130731572319975,-74.74802638107515,15.251973618924865,15.25197361892485
676,5.7300504579069,3.977421345019981,8.840838486953016,2.222756333829803,0.6886184536124775,-85.19819228692457,4.801807713075448,4.8018077130754335
677,5.006220210348335,3.1546034765002555,8.354340569368254,2.64830132585685,0.6310537887881147,-74.9466473056737,15.053352694326293,15.053352694326307
678,2.4541208259039915,1.76744411869775,3.5511997856070154,2.00922889048596,0.8742097873900776,72.11557789291047,-17.884422107089534,17.884422107089534
679,1.3938469657443524,1.1838159375924349,1.7483390299545905,1.4768672852219278,1.0209263076270771,83.50071220172634,-6.499287798273656,6.499287798273656
680,1.542705892513396,1.3342139350224684,2.63751960578697,1.9768341017533697,0.4923883195009054,83.69714180591149,-6.302858194088515,6.302858194088515
681,1.542705892513396,1.037857097973346,2.4150046709013973,2.326914442862363,0.853926163926435,88.3879971343008,-1.6120028656991963,1.6120028656991963
682,1.2660243778180809,1.1524880231633052,1.4681182223175704,1.2738685286185756,1.1704318177891495,24.863582496876028,-65.13641750312397,65.13641750312397
683,1.6784140066373283,1.3753249743231752,2.1164530236740857,1.5388748573519029,1.0705898407724328,78.40624311534984,-11.593756884650162,11.593756884650162
684,2.279696262327928,2.081342738608041,2.5660097581379717,1.232862666268058,1.0920107288634189,63.69640512465228,-26.30359487534772,26.30359487534772
685,2.1480624384075764,1.6612012464874264,3.0113884048838124,1.8127775976880147,0.7874641709746106,-86.27735833824437,3.722641661755631,3.722641661755631
686,1.2850634067342854,1.0109461782119342,1.8119072507726293,1.7922885409956832,0.881559036308812,-64.24318758482806,25.756812415171936,25.756812415171936
687,2.778968733462305,2.048031914659871,4.1565967744411445,2.029556641519161,0.6484555046210847,45.868931545155085,-44.131068454844915,44.131068454844915
688,1.6784140066373283,1.212261931907764,2.454650850088611,2.0248518785256846,0.9355261784765798,24.71271779771254,-65.28728220228746,65.28728220228746
689,1.4111624987975715,1.3801117641407128,1.5222823937245995,1.1030138524124566,1.2033411859685943,-23.605409448125684,66.39459055187432,66.39459055187432
690,2.2582901895629326,1.5987345616372324,3.395551738551318,2.123899626635957,0.7350607548671168,-78.93224851157238,11.067751488427632,11.067751488427618
691,2.373635851463476,1.805883126801209,3.335189787060168,1.8468469734073245,0.9079268203610495,-60.934927415393744,29.06507258460624,29.065072584606256
692,1.376313601551939,0.9967232370207776,2.2435717031813054,2.250947524698409,0.7908971176937096,81.63566066254958,-8.364339337450417,8.364339337450417
693,1.7904288454052892,1.4451628647701251,2.415981575525986,1.6717711438774647,0.8905742302552843,-76.95644872364781,13.04355127635219,13.04355127635219
694,1.3585539723246187,1.2631860069246188,1.5575722266336105,1.233050570616841,1.127902497084852,-3.244171195714162,86.75582880428584,86.75582880428584
695,2.6991730427448086,2.1237202106469946,3.74158650640942,1.7618076466247592,0.7719712051814128,84.81181658486888,-5.188183415131121,5.188183415131121
696,1.3938469657443524,1.2731330222663824,1.6819184021203015,1.3210861494474593,0.9696613602223192,-65.05336743881413,24.94663256118588,24.946632561185865
697,2.170555852193912,1.4760350535978,4.193997177471093,2.8413940219429925,0.4713553503259756,-44.94718288716459,45.05281711283541,45.05281711283541
698,1.946401361393312,1.552813327383754,2.6186075909126925,1.6863634184056326,0.8993074119441016,-40.77706572735472,49.22293427264529,49.22293427264528
699,6.291640548359608,3.1706194018860727,16.979676108214267,5.35531830093317,0.2888647244311309,79.06373904259053,-10.936260957409473,10.936260957409473
700,1.542705892513396,1.314377715064248,2.1718921058611764,1.6524109325415737,0.7661253232348222,12.328021959354071,-77.67197804064593,77.67197804064593
701,1.526882849696625,1.333881718953978,1.8462077162546051,1.3840865273289675,1.0500832949439645,62.08920802337465,-27.910791976625347,27.910791976625347
702,2.2148574771042746,1.4476477550599909,3.6345349375079503,2.510648688400953,0.6476079833389248,-87.53987311282543,2.4601268871745674,2.4601268871745674
703,3.077530771427696,2.644015071597688,4.2405398182279495,1.6038258872955429,0.6581771083751907,76.71305892095044,-13.286941079049555,13.286941079049555
704,5.7974651353608815,5.085828188572698,6.749723812430221,1.327163160485074,0.8933205508304893,-79.74084878688267,10.25915121311732,10.259151213117335
705,2.3114337002746863,1.7196414779771112,3.9022829751894568,2.269242179352339,0.5997569947148959,14.547776867501298,-75.4522231324987,75.4522231324987
706,2.2582901895629326,2.202378202530782,2.454902992712073,1.1146600478932782,0.8408175512744999,-55.72691635502628,34.273083644973724,34.27308364497372
707,1.3585539723246187,1.1059414700547472,1.8923388648791468,1.7110660158041373,0.8523807660905941,-15.183299235139089,74.81670076486091,74.81670076486091
708,1.3585539723246187,1.0894324999862663,1.915730900955507,1.7584668173380702,0.8848255424495444,-39.901660595426,50.098339404574006,50.098339404574
709,4.402218009713912,3.272545714145737,7.457937079991408,2.278940534811818,0.4354545591660559,84.25300770364449,-5.746992296355515,5.746992296355515
710,18.240233100769267,17.11510104295363,24.01390467726208,1.403082845785986,0.4136088984155384,-5.627301209450626,84.37269879054938,84.37269879054938
711,1.6784140066373283,1.3292476156427726,2.282222286513248,1.7169278768347864,0.8347420306883041,-14.776530304888055,75.22346969511194,75.22346969511194
712,13.724262014095109,9.136186125868775,23.7170350970308,2.595944825366121,0.4749518210397409,-89.2550042684395,0.7449957315604934,0.7449957315604934
713,4.643832893144799,2.0313412693981845,11.874922622083105,5.845853082875252,0.329026427471787,-85.43982221033866,4.5601777896613385,4.5601777896613385
714,1.8306682257451572,1.2696792151067613,2.8768095274520613,2.265776656988249,0.8125319548564516,-76.18063891577066,13.819361084229342,13.819361084229342
715,2.34274122622605,2.0360909596933108,2.998766795438824,1.4728059083816756,0.8374885974060481,83.64152027882112,-6.358479721178881,6.358479721178881
716,1.69282125807016,1.7408106020943277,2.0285417583025107,1.1652857329005353,0.7313339884164771,-0.639190286524509,89.36080971347549,89.36080971347549
717,1.2466946262544771,1.0567093838888713,1.7380796978733652,1.6448038830477067,0.8737431356148938,41.01483959252128,-48.98516040747872,48.98516040747872
718,1.6044383463340146,1.1420209679678055,2.421127859438979,2.1200380092384017,0.8383968835637448,-63.59010197795005,26.40989802204996,26.40989802204995
719,3.733585031318859,2.605314052840763,8.223811887643913,3.1565529993118853,0.3265210032877996,74.82234691218578,-15.177653087814221,15.177653087814221
720,1.8829835605082688,1.552248028588513,2.468372010528467,1.5901917509748762,0.8420675535193699,81.84645181509013,-8.153548184909866,8.153548184909866
721,1.6195038256468852,1.4601096547878123,1.91172649993706,1.3093033757213788,0.9604918201641156,24.48408751931453,-65.51591248068547,65.51591248068547
722,2.734925236834042,2.084564101943488,4.54062871657392,2.1782149622266767,0.5667020194188426,-86.67814302884103,3.3218569711589794,3.321856971158965
723,2.1138735858617226,1.8162848845115405,2.742295896720718,1.5098379775693684,0.8455860996175101,42.5815207221072,-47.4184792778928,47.4184792778928
724,1.5108941070107518,1.234252558402984,1.9412383754324256,1.5728048220084068,1.0706625853735945,-61.798095700530006,28.201904299469987,28.201904299469994
725,1.542705892513396,0.9975872485558602,2.5622226894035807,2.5684196476175267,0.7737484138415466,40.32988505865885,-49.67011494134115,49.67011494134115
726,1.376313601551939,1.1751913390203697,1.6576874113064584,1.4105680975221393,1.2450624501048908,39.51657596275161,-50.48342403724839,50.48342403724839
727,1.4783979621211876,1.2181852710284535,2.0742006079545057,1.702697165434746,0.9192824550427496,59.27197578084125,-30.728024219158748,30.728024219158748
728,2.79639190560923,1.7928347477797912,4.779093730177957,2.665663266565023,0.5949835658907545,83.62681647250267,-6.373183527497332,6.373183527497332
729,1.2660243778180809,0.989426592156354,1.7223419679505445,1.740747602302538,1.043916172059605,-89.75763784865327,0.24236215134672534,0.24236215134672534
730,1.186817925731738,1.006617687425946,1.5162922092509028,1.5063238289884031,1.1028480096731237,41.69420085250314,-48.30579914749686,48.30579914749686
731,6.356920226762843,3.5040855072942425,12.652517407292718,3.610790142236752,0.4393945745332595,71.07397482831755,-18.926025171682454,18.926025171682454
732,1.7353254778478429,1.321681176992031,2.4870571621065154,1.8817375970857997,0.8311983167923621,-72.21626967796067,17.783730322039332,17.783730322039332
733,1.5892300566907107,1.4049599310010148,1.8241542325133493,1.2983674425602048,1.2735033793771071,-42.60865789322824,47.39134210677176,47.39134210677176
734,2.2582901895629326,1.501935103868439,3.657733924921583,2.4353475163478038,0.6859955862818908,51.06675747606624,-38.93324252393376,38.93324252393376
735,1.4947343471339476,0.9737459459120068,2.5940870617112197,2.6640286130091217,0.8186894768679895,-67.54042883254075,22.459571167459245,22.459571167459245
736,2.8987325676804407,2.0752691270927817,4.144968118704102,1.9973159454796765,0.8026285998233639,87.73034111066022,-2.26965888933978,2.26965888933978
737,3.013740827659439,1.7871528830503376,5.302821939887602,2.9671898751251047,0.6766037048266287,-79.85991570753387,10.140084292466128,10.140084292466128
738,2.0674091517192297,1.6972572754217097,2.6049653899015586,1.5348087927649712,0.9965317050603372,76.778497696147,-13.221502303853,13.221502303853
739,1.4282681233264556,1.2099935545066045,1.802645833669266,1.489797881117082,1.0897765727678117,6.997924409506091,-83.00207559049392,83.00207559049392
740,2.394010781836305,1.568815135537224,3.940741955664405,2.511922447965764,0.6668343348698402,-85.67284313437158,4.32715686562841,4.3271568656284245
741,1.3223193364400538,1.1183367949184206,1.673028472062052,1.4959969837924312,1.065947365490444,6.360806933502455,-83.63919306649754,83.63919306649754
742,6.774870568688798,4.266006951363304,13.064205906511802,3.0623967694981897,0.5207856598922564,-82.90376009439261,7.096239905607376,7.096239905607391
743,2.34274122622605,1.8636106826472696,3.096631579739105,1.661630086462223,0.871090418608877,-61.79299642564097,28.20700357435902,28.207003574359028
744,1.2466946262544771,0.8510278446485788,2.3388594778203093,2.7482760905268755,0.6476397244805704,48.86864763553487,-41.13135236446513,41.13135236446513
745,1.340559085464394,1.0775376712824205,2.451315124969009,2.27492290088717,0.5144887078262035,58.19769207561012,-31.80230792438988,31.80230792438988
746,1.933884181003576,1.4016731595097065,2.9833521887897785,2.1284221421728087,0.7102520547469887,-57.80786821495211,32.19213178504788,32.19213178504789
747,1.3038244488524504,1.203766717663807,1.65778602231408,1.3771655238412013,0.8801717294308087,-19.120573727716515,70.87942627228348,70.87942627228348
748,1.2850634067342854,1.0539262299763072,1.716730094406136,1.6288901875463608,1.0339498557971678,-39.404800911743536,50.595199088256464,50.595199088256464
749,2.6354399017991645,2.157873379603524,3.715529933379983,1.7218479863089349,0.7026283079591157,63.54542220372359,-26.45457779627641,26.45457779627641
750,1.2270604129519955,1.266899515415751,1.5005092342344697,1.184394828458085,0.7531405915607439,58.559429783131165,-31.440570216868835,31.440570216868835
751,2.2038655607334228,1.6093909229965158,3.217667321584549,1.999307486830852,0.6997935643339248,87.84113871951372,-2.1588612804862777,2.1588612804862777
752,1.4111624987975715,1.118435305190382,1.853620176575603,1.6573333906515733,1.099914182232698,78.70325041735978,-11.296749582640217,11.296749582640217
753,1.9711972828282505,1.6717064817714864,2.6755876219177925,1.600512799999738,0.7287736567314307,-55.74213913596397,34.25786086403605,34.25786086403603
754,1.3223193364400538,1.017853633012439,1.9378911547092272,1.903899629432815,0.852137576944322,-62.500074552143,27.49992544785701,27.499925447857002
755,1.663882010113248,1.382950750839897,2.1186817018967163,1.532000832719454,0.958199477966663,-83.38619922028649,6.613800779713529,6.6138007797135145
756,1.3585539723246187,1.2435737538377016,1.586384946823487,1.2756661532360754,1.048882274646821,-63.35506645134175,26.64493354865826,26.64493354865825
757,2.2148574771042746,2.1126710668611905,2.4849974726934105,1.1762349149720632,0.7610309306587768,62.44104963555456,-27.558950364445437,27.558950364445437
758,1.1661760393441107,1.0093612794338105,1.4840496014966629,1.4702858448553957,1.0335418760828357,-32.23997285637087,57.76002714362913,57.76002714362913
759,2.964997870440077,2.371613339223888,4.091233737707966,1.7250846375517626,0.7279405294368713,-75.9476882380934,14.052311761906594,14.052311761906594
760,2.170555852193912,1.796522965348449,2.692946066750825,1.4989767003777257,0.973351183085495,-14.189658901274298,75.8103410987257,75.8103410987257
761,1.6044383463340146,1.3979253383873629,2.0132851095755293,1.4401950192118569,0.9611296374041928,-72.53314211387632,17.466857886123677,17.466857886123677
762,2.8480219617032505,2.3263172487206107,4.768024930912236,2.049602191418421,0.5271861340002253,38.3238004400025,-51.6761995599975,51.6761995599975
763,2.2690184693770243,1.714613338311807,4.19681728413602,2.447675630628284,0.5215097598124993,79.17751955742196,-10.82248044257804,10.82248044257804
764,1.5108941070107518,1.414968926815349,1.873683672688822,1.3241871515199248,0.8979836846425392,-59.77091281686367,30.22908718313633,30.22908718313633
765,1.2270604129519955,1.093294414063572,1.6383326996999823,1.4985283731676668,0.9018931380020632,-43.28806437753461,46.711935622465376,46.71193562246539
766,1.376313601551939,1.2182929058016732,1.9660792856814584,1.6137985178430627,0.7924881074502321,37.7687735589143,-52.2312264410857,52.2312264410857
767,1.2660243778180809,1.254765563080405,1.466726311834481,1.1689245824006516,0.9186909742071416,50.54579035641488,-39.45420964358512,39.45420964358512
768,12.57748991081915,5.7843071968484105,28.03829558113586,4.847304029151939,0.40804640422355,59.85005068976528,-30.149949310234717,30.149949310234717
769,1.4451712930335778,1.07557044973449,2.019381192311661,1.877497836436614,0.9857441067866924,-85.88733363096483,4.112666369035168,4.112666369035168
770,1.3223193364400538,1.2411264949725251,1.5195896188775833,1.2243632095785872,1.1155259864865938,-14.632988179917508,75.3670118200825,75.3670118200825
771,1.4282681233264556,1.4337520684113705,1.5417574156682403,1.075330560726962,0.9772918623440564,-53.93461373563215,36.065386264367845,36.06538626436785
772,1.2660243778180809,1.182863868928684,1.5402968154095489,1.302175893498709,0.9427633483819432,-75.53678708237318,14.463212917626834,14.46321291762682
773,1.2660243778180809,1.050748073710054,1.6486515627824174,1.5690264907755145,1.0535143808579843,-24.11879003778617,65.88120996221383,65.88120996221383
774,4.440666058569884,2.6076791595100843,7.861254330866598,3.014655503993645,0.6182749435996729,49.02317346410278,-40.97682653589722,40.97682653589722
775,1.376313601551939,1.247292864647043,1.6279769954756058,1.3052082967990748,1.0226882567775497,-86.92732977329798,3.07267022670203,3.072670226702016
776,2.1367269374441915,1.3739000165445092,5.153911032013566,3.751299927178215,0.3806296221003938,63.952213388524285,-26.047786611475715,26.047786611475715
777,2.434249075164649,1.650335187911205,3.838673196643131,2.325996091437437,0.7240538080267654,-86.57801512891538,3.421984871084618,3.421984871084618
778,2.770216054293097,1.8731391958165735,4.570106009388646,2.4398112108248102,0.6266870879227725,46.66350934872618,-43.33649065127382,43.33649065127382
779,2.332352078688221,2.3736507667752877,2.89859566427747,1.2211550683234436,0.6373801180445012,34.06076289941697,-55.93923710058303,55.93923710058303
780,2.0674091517192297,1.4893817305076298,3.420687758498929,2.2967166096048777,0.6350017943560288,44.2596489721965,-45.7403510278035,45.7403510278035
781,2.830916569973106,1.3957241857131808,6.082627581275776,4.358044120420327,0.4851437093969299,82.98260710621331,-7.017392893786692,7.017392893786692
782,1.6344304437273447,1.077489555154363,2.57255830141862,2.3875482496441194,0.8310789425663967,71.32820611012416,-18.671793889875843,18.671793889875843
783,1.3038244488524504,0.9081270557125818,2.150165563956878,2.3676924395449306,0.7834316994683168,36.54312066187844,-53.45687933812156,53.45687933812156
784,9.274582717692748,6.942924368481481,14.827009911174809,2.1355568812594874,0.5256517081465918,-57.93000943700776,32.069990562992245,32.06999056299224
785,2.383845085036066,1.8216345920057648,3.2869748156544025,1.804409528716284,0.7719451373504802,77.96231053604927,-12.037689463950727,12.037689463950727
786,1.5738748168108194,1.3828432866526976,1.907674396558432,1.3795304319523705,1.032175810890909,76.25090363106455,-13.749096368935454,13.749096368935454
787,2.9070983356311,1.6280805766707935,5.562297326738055,3.416475453636458,0.5729166233305605,-61.8749250260311,28.125074973968907,28.1250749739689
788,1.6044383463340146,1.4676495027432424,2.160330875628083,1.4719664821812852,0.8124800383438409,-59.06247031983859,30.93752968016142,30.93752968016141
789,1.2850634067342854,1.0202669496851002,1.8280288077019675,1.791716185912107,0.97981616058928,-35.10056182273754,54.899438177262454,54.89943817726246
790,2.6354399017991645,1.7050449968494044,4.875539122305227,2.85947827260529,0.5512128347077874,-70.89351573692558,19.106484263074435,19.10648426307442
791,1.6492219709549814,1.2240260164306718,2.3644058487002897,1.931663066766366,0.8408742398056963,89.39499681144127,-0.6050031885587259,0.6050031885587259
792,1.3938469657443524,1.1294581453614794,1.85048254308914,1.63838080294414,1.0665720977736557,73.24242751564658,-16.757572484353418,16.757572484353418
793,2.672044986969093,1.863026765775648,3.979573309634615,2.1360795146589155,0.8342164049090973,88.78308352389104,-1.2169164761089633,1.2169164761089633
794,3.8362456818684256,2.2141668272086044,7.240882621186809,3.2702516053478115,0.5479057043448485,89.83382915440836,-0.16617084559163686,0.16617084559163686
795,1.3038244488524504,1.311266948678658,1.3711281440750644,1.0456514178571552,1.107183818851096,-32.91044642665548,57.08955357334452,57.08955357334452
796,2.4541208259039915,2.5835390158230664,3.192663839176905,1.2357714823051678,0.5474524716371827,51.765705302762285,-38.234294697237715,38.234294697237715
797,1.376313601551939,1.255839608548373,1.58205960030851,1.2597624645214172,1.188923857249339,58.76013129968819,-31.23986870031181,31.23986870031181
798,2.570126813468571,1.8553993539573008,3.721670526387744,2.0058595571082605,0.8360305031797498,54.26170624475884,-35.73829375524116,35.73829375524116
799,1.5583682828180965,1.2499699156730908,2.099221786985328,1.6794178489127296,0.961515364241706,79.98071546101471,-10.01928453898529,10.01928453898529
800,2.9975812429533355,1.62826901543685,5.983943431040469,3.675033654948615,0.5106024958322976,71.03336879011036,-18.96663120988964,18.96663120988964
801,1.946401361393312,1.3155757965539776,2.9623730161064383,2.2517691674368634,0.8442745931662897,84.69658777780845,-5.303412222191554,5.303412222191554
802,1.5892300566907107,1.161611389777664,2.4403206137522613,2.1008063757186006,0.8289184450943484,-89.37377824968733,0.6262217503126521,0.6262217503126664
803,1.2850634067342854,1.1024459139539449,1.8023753181408988,1.6348877485305766,0.7266695035364047,57.57046868077931,-32.42953131922069,32.42953131922069
804,1.4783979621211876,1.2522953016771707,1.8795312700013045,1.500869058187866,1.0157396703800643,18.049881917891295,-71.9501180821087,71.9501180821087
805,1.6492219709549814,1.2198442898242787,2.812002613100569,2.3052143921628265,0.5392699540429053,84.2780896131175,-5.721910386882499,5.721910386882499
806,3.1245186915221934,2.1919061909782207,5.009908763608034,2.2856401356173794,0.6798987626585427,-72.78648817010613,17.21351182989389,17.213511829893875
807,1.9086035621207809,1.1494811821920845,3.366216947270607,2.928466337179319,0.7332778715905356,-77.1577277874221,12.842272212577882,12.842272212577896
808,2.890342586067156,1.868033460139728,5.632255978571133,3.015072320037481,0.5078985552918098,-66.44468296736959,23.5553170326304,23.555317032630413
809,1.6344304437273447,1.196140459911461,2.369526422338012,1.980976734549558,0.8100455481622642,-42.24093195706477,47.75906804293524,47.75906804293523
810,1.6492219709549814,1.2982733184310444,2.3692485520412823,1.8249227788987488,0.8515552544683701,-50.30668840134176,39.69331159865823,39.69331159865824
811,1.461879030667795,1.4281707727587063,2.195103952829186,1.5370038336445184,0.6389483890578195,-10.406980609348482,79.59301939065152,79.59301939065152
812,2.6169453581990307,2.514438453169326,3.0098614680174087,1.1970312752032672,0.8299482767246161,-43.00536352069262,46.99463647930739,46.99463647930738
813,1.5108941070107518,1.4957700283099205,1.6332895483882806,1.09193894614518,1.048405401586342,-19.214991427044865,70.78500857295514,70.78500857295514
814,2.125330979189304,2.3447654222251093,3.157027066517844,1.3464148850855724,0.4381296178897244,77.29248372726713,-12.707516272732875,12.707516272732875
815,1.2850634067342854,1.1098518897006873,1.5585590111080678,1.404294596036946,1.2048750583839645,14.972722738697126,-75.02727726130287,75.02727726130287
816,2.2582901895629326,2.2383642427941863,2.4179499490550675,1.0802307787211172,0.92737587736092,24.524080534632837,-65.47591946536716,65.47591946536716
817,1.526882849696625,1.3509527142845308,1.8377935328256243,1.360368511342698,1.0203244098582336,-39.2865511537201,50.7134488462799,50.7134488462799
818,1.8039417076383557,1.3620669670690655,2.5262404862081995,1.8547109263241557,0.8929145272050205,-7.38001538255547,82.61998461744453,82.61998461744453
819,1.8829835605082688,1.1511129443402464,4.048871977870334,3.517354224689847,0.4450037026890555,71.41262389225976,-18.58737610774024,18.58737610774024
820,1.5108941070107518,1.0920851872789317,2.270985068771496,2.079494434339818,0.7886513965527249,54.31091307174488,-35.68908692825512,35.68908692825512
821,1.526882849696625,1.4029155250322434,1.7612301294789392,1.2554071132960487,1.1113506351302764,-74.37692109658055,15.623078903419469,15.623078903419454
822,2.170555852193912,2.0513610052721574,4.894943721699403,2.386193219583982,0.2626755008044107,-13.21091379721276,76.78908620278725,76.78908620278725
823,1.6784140066373283,1.7268995495158663,2.544626155163412,1.4735229711981763,0.5499406046252213,-83.07571550522964,6.9242844947703475,6.924284494770362
824,2.1367269374441915,1.379866996971586,3.8297198475200704,2.775426802673889,0.5973419164507856,-79.43715065381761,10.56284934618239,10.56284934618239
825,3.116736565636193,2.105363697276348,4.808066420385839,2.2837224877610955,0.7258556255603711,-43.7387020168058,46.2612979831942,46.2612979831942
826,1.2850634067342854,1.0321312539183811,1.8695641880373983,1.8113628290392216,0.7266695035364047,-88.38073614197928,1.6192638580207017,1.619263858020716
827,1.895836839826219,1.742159474887624,2.2772247736084834,1.307127623178913,0.8009784601834031,84.55701216510191,-5.442987834898091,5.442987834898091
828,4.099426910906265,3.647170123096251,5.783386306931079,1.5857188208213593,0.5301909592888217,-77.38346357658232,12.616536423417699,12.616536423417685
829,1.9086035621207809,1.718853638221567,2.6766418378280226,1.5572249889743046,0.6071566127772348,-42.77527697234575,47.22472302765425,47.22472302765425
830,1.9086035621207809,1.2499420857379338,3.247341900342151,2.597993888992868,0.6618146609850565,68.50001478136386,-21.49998521863614,21.49998521863614
831,1.6492219709549814,1.3316170117435775,2.129826914237496,1.5994290366182446,0.9334514262154396,44.30775693139894,-45.69224306860106,45.69224306860106
832,2.3009031958488952,1.7884978281308,3.358508193419992,1.8778374458134208,0.6903628843458074,-37.85245655340579,52.14754344659421,52.14754344659421
833,4.808266988280225,2.788883399109111,11.129324570458222,3.990602322783881,0.3810335356544177,63.7653673178488,-26.2346326821512,26.2346326821512
834,1.2850634067342854,0.9868732188944525,1.8013993527857783,1.8253604599826927,0.9629574309302366,17.5876725579528,-72.4123274420472,72.4123274420472
835,1.7904288454052892,1.1521434714142895,2.900101254417699,2.5171355185979927,0.8572772781965173,-71.8634842364822,18.13651576351782,18.136515763517806
836,1.2850634067342854,1.038158205103185,1.7874676134681176,1.7217680356246443,0.9713319346965474,-23.44986406041368,66.55013593958631,66.55013593958631
837,1.340559085464394,1.1785175139626718,1.6597544005842286,1.4083408866818077,0.930467256826855,14.52911854118261,-75.47088145881739,75.47088145881739
838,1.2660243778180809,1.0795521299843047,1.6439736033082513,1.522829289709384,0.9953945039833956,-42.992912152294494,47.00708784770552,47.007087847705506
839,1.2071068813224677,1.0090667021162307,1.506950942848671,1.4934106334975372,1.2558405403870414,-36.37109803153001,53.62890196846999,53.62890196846999
840,2.090770448616529,1.4064208713170647,3.267945242236734,2.323589836359877,0.7387907892001951,79.37109920172114,-10.628900798278863,10.628900798278863
841,33.62610667024028,12.814979227152891,101.31047344375804,7.905629158500493,0.1486637353235526,85.52537829700158,-4.474621702998419,4.474621702998419
842,1.542705892513396,0.9086128822939752,2.856158283406104,3.1434270183305784,0.7028325500910019,-69.69762896479104,20.302371035208978,20.302371035208964
843,6.459243848165898,2.446977772969201,18.756328918492787,7.665099832816857,0.2986616070558862,-80.60102168212795,9.398978317872036,9.39897831787205
844,1.749264059016166,1.4753665384959709,2.1931108619959163,1.4864854290592997,0.9931288375694992,-81.77954716589109,8.220452834108926,8.220452834108912
845,4.134818303438459,3.2255636882086547,5.973071708282763,1.8517915892090049,0.702626209031577,-88.73527469550453,1.264725304495471,1.264725304495471
846,2.1138735858617226,1.4592351174853797,3.8097730867522577,2.610801399377937,0.5049119564215947,-51.2414448474546,38.7585551525454,38.7585551525454
847,1.2270604129519955,1.0336099415395248,1.5288154613811873,1.4791028994013655,1.1442785056631395,-66.56704176912183,23.43295823087817,23.43295823087817
848,1.6784140066373283,1.23237371921817,2.3883028327183817,1.937969623559925,0.9126920733469835,-76.67304189221306,13.326958107786936,13.326958107786936
849,2.0674091517192297,1.0906660645667503,4.151687907511882,3.806561918804243,0.5032803505782816,82.00816778056056,-7.991832219439445,7.991832219439445
850,2.672044986969093,1.498842167004069,5.164692618430942,3.4457881771196,0.5581921774450614,89.47626128619622,-0.5237387138037803,0.5237387138037803
851,1.7071069228001237,1.2543468452062332,3.2893983572509216,2.622399354550213,0.4857252902217878,-42.52395736404721,47.47604263595278,47.47604263595279
852,1.8173540983129992,1.6492011664574864,2.2710146114629963,1.3770391736631962,0.9013623195617324,-64.48010987164588,25.51989012835412,25.51989012835412
853,1.4111624987975715,1.1327019544355572,2.096950493940237,1.851281783110527,0.7463479247631671,87.64591722667812,-2.3540827733218777,2.3540827733218777
854,1.2466946262544771,1.1087057902189,1.5614245359976957,1.4083308211905448,0.9391931207559764,-21.40100423616704,68.59899576383296,68.59899576383296
855,2.4041334941401127,1.7176734441101231,3.547882802990231,2.065516478208281,0.8382841659456511,70.24715428161906,-19.75284571838094,19.75284571838094
856,2.653805558851462,1.4735871129958005,5.025010883626209,3.4100534941638907,0.6540923871408569,-83.23094166803344,6.769058331966562,6.769058331966562
857,1.3938469657443524,1.2396568164012098,1.6757279034859358,1.3517675870574113,1.057686273407893,-81.73683012457441,8.263169875425604,8.26316987542559
858,1.5108941070107518,1.4907788224632488,1.6145694242815445,1.0830375371269048,1.111740804935508,-5.469205811375305,84.5307941886247,84.5307941886247
859,1.6195038256468852,1.1920974883884723,2.413340421992426,2.0244488772934845,0.8108430169554929,-17.0603279780947,72.9396720219053,72.9396720219053
860,2.181715595945335,2.0970319890405373,2.3500522873520238,1.1206563846588011,0.9292099871253738,-47.460831143097685,42.53916885690231,42.539168856902315
861,1.4282681233264556,1.1637966939922442,2.046514092453928,1.7584807578664308,0.8317031351997638,-68.98221415473171,21.017785845268293,21.017785845268293
862,1.4783979621211876,1.394907595996528,1.6409612943459946,1.1763942637172928,1.1477143553056983,23.66098602495678,-66.33901397504322,66.33901397504322
863,1.3938469657443524,1.3139980757069716,1.5536261817349204,1.182365644560797,1.2507516215388546,14.840879259594292,-75.15912074040571,75.15912074040571
864,2.079122611754846,1.7212152871831583,2.671691637937304,1.5522123570664077,0.946266337360338,53.85634353635792,-36.14365646364208,36.14365646364208
865,1.749264059016166,1.1641237742231514,2.850969037037677,2.449025696550351,0.8283998437316972,58.2749623270662,-31.7250376729338,31.7250376729338
866,1.3585539723246187,0.9355174730144444,2.1199020385845246,2.266020785003332,0.8760548413618837,-57.44739839225984,32.552601607740144,32.55260160774016
867,1.5892300566907107,1.2243424974699368,2.166624813512015,1.7696231389413286,0.9580024716176352,79.89986375659365,-10.100136243406354,10.100136243406354
868,1.2270604129519955,1.177103508089096,1.3149783288300405,1.1171305834987866,1.3552742916152931,-64.19758225162305,25.802417748376968,25.802417748376953
869,2.0674091517192297,1.6379751815264716,2.6815908148026955,1.637137634957113,0.9950376323381764,-68.99704914372063,21.00295085627937,21.00295085627937
870,1.4111624987975715,1.1372236308477244,1.7980663618207666,1.581101828213355,1.161213372592344,-16.681435298806605,73.3185647011934,73.3185647011934
871,2.4041334941401127,2.164541298729054,3.0173175354977637,1.3939754983050825,0.7495200521193578,52.76597424051014,-37.23402575948986,37.23402575948986
872,1.8173540983129992,1.4188542041320722,2.899915869933896,2.043843448811433,0.7564526554941416,52.65249927419455,-37.34750072580545,37.34750072580545
873,1.3585539723246187,1.062368093297605,1.9593377833495844,1.844311586267405,0.9457738802716504,-73.09548973473386,16.90451026526614,16.90451026526614
874,3.037819033220216,1.8796627692641632,5.118782982987927,2.7232453962961616,0.6960060535379078,45.695147334767405,-44.304852665232595,44.304852665232595
875,5.020752084777113,3.3558862722533696,10.696412178295835,3.187358363939294,0.4046481901080514,-72.73113727394555,17.268862726054465,17.26886272605445
876,7.580144255736719,4.891023712129559,12.42780381568239,2.540941231763381,0.5852084850642586,-50.18361151578791,39.8163884842121,39.81638848421209
877,1.2660243778180809,1.156075103011181,1.5289374843061665,1.3225243587754862,1.0632455758009327,-0.4811623048380615,89.51883769516193,89.51883769516193
878,1.376313601551939,1.223037489955118,1.7440434940269158,1.4259934861775312,0.8449933667147792,31.790640444001635,-58.20935955599836,58.20935955599836
879,1.2466946262544771,1.2185996705673374,1.3307959666393328,1.092069855902522,1.3256019633999825,64.96393356374276,-25.036066436257244,25.036066436257244
880,2.743790495859625,1.8941243691932963,4.164218093855805,2.1984924335403258,0.8027968264997318,-57.14914442645021,32.85085557354978,32.85085557354979
881,1.2660243778180809,1.0387803823491213,1.7506480074876791,1.6852917490882189,0.8147176273039257,-88.83530423454809,1.16469576545191,1.16469576545191
882,1.5583682828180965,1.143611326263891,2.346702614410827,2.0520106442783868,0.8349585651613313,-74.47384638147064,15.52615361852935,15.526153618529364
883,1.4783979621211876,1.321169616685018,1.734060064278491,1.3125188790137845,1.150304021116106,-57.05769427847546,32.94230572152455,32.94230572152454
884,1.69282125807016,1.5063610917177666,1.9730646213114509,1.3098218164022564,1.1368105894200748,43.861371136850806,-46.138628863149194,46.138628863149194
885,1.2270604129519955,1.1296740946741797,1.4182137023543782,1.2554184512511275,1.2841769020437328,-28.923852429358774,61.076147570641226,61.076147570641226
886,2.1367269374441915,1.4215263310624835,3.4432592688394963,2.422226865306054,0.760004817745669,52.46337570325027,-37.53662429674973,37.53662429674973
887,1.4947343471339476,1.421106252026044,1.74851293236023,1.230388600336821,0.904367281109152,-25.90886421252733,64.09113578747267,64.09113578747267
888,1.7904288454052892,1.3263850017852856,2.7038203979623834,2.0384883682513744,0.768616128251163,-75.21796404572828,14.78203595427172,14.78203595427172
889,4.580648549089874,2.529743607182118,9.280092502755847,3.668392510770269,0.5222579651143734,81.39932557190569,-8.600674428094308,8.600674428094308
890,2.055628946700877,1.583906893158001,2.7392657669006235,1.7294361043148585,1.0060578555322812,-75.69506546118407,14.304934538815928,14.304934538815928
891,2.247510699902965,1.920879303400793,2.993785798876198,1.558549667111251,0.7667585465188974,-81.40499700967246,8.595002990327544,8.595002990327544
892,2.653805558851462,2.4531728438881943,2.951829000380412,1.203269882810974,0.9845025923389252,89.11984835115867,-0.8801516488413341,0.8801516488413341
893,1.376313601551939,1.2363481168901624,1.5915495636565429,1.287298894149516,1.1976382066057654,-19.304881020319776,70.69511897968022,70.69511897968022
894,2.9154400983602766,2.272565272639865,4.017255806767594,1.7677185580245425,0.730801852877758,71.14300289179859,-18.856997108201412,18.856997108201412
895,6.091605605320448,3.9437334531798367,9.98994053584522,2.533117578671632,0.5756182808674238,63.54853402908266,-26.45146597091734,26.45146597091734
896,2.125330979189304,1.3779941007844785,3.415761837220129,2.478792786758353,0.837834254445129,84.39008561854756,-5.609914381452441,5.609914381452441
897,1.663882010113248,1.2005905323111434,2.3893777727260725,1.990168761473162,1.0144630474233782,84.35443154067683,-5.645568459323172,5.645568459323172
898,3.4706509556956857,2.943443565730918,7.1132783532984325,2.4166518550295555,0.2913863983574554,-62.45747798684488,27.54252201315512,27.54252201315512
899,1.5108941070107518,1.147283413946608,2.166161232740865,1.888078574490465,0.8080811462401689,66.77375896465965,-23.22624103534035,23.22624103534035
900,1.8829835605082688,1.378694608803485,2.9308047137263245,2.1257823850271342,0.7450166654862576,83.75006843000092,-6.249931569999077,6.249931569999077
901,2.2257951114113315,1.216339413126752,4.685471376137439,3.8521084868020936,0.4751962880005811,52.01151206242081,-37.98848793757919,37.98848793757919
902,1.5892300566907107,1.0741767872867376,2.759307560468547,2.568764837525748,0.6151266378137775,50.568587794942296,-39.431412205057704,39.431412205057704
903,1.4451712930335778,1.252363549367541,1.787813721499534,1.4275517060540466,1.0877676064305957,86.10747489457339,-3.892525105426614,3.892525105426614
904,1.2660243778180809,1.169512363614404,1.4348075392344135,1.226842557525522,1.2971457437911105,-19.867079844110464,70.13292015588954,70.13292015588954
905,2.948571163041254,1.5609283710008073,5.700537450053874,3.652017322485405,0.5928678149096585,-76.07451601683965,13.925483983160348,13.925483983160348
906,2.332352078688221,1.534017859949039,3.7158529017651336,2.4223009384575067,0.7325635602318028,-64.78838799069975,25.211612009300268,25.211612009300254
907,1.4451712930335778,1.1719786489965902,1.90113250160595,1.6221562596158534,0.9857441067866924,-48.81795895966732,41.18204104033268,41.18204104033268
908,1.7768132193231367,1.5378766493122282,2.5771266213286164,1.6757693944317076,0.6291038996709731,80.92452140093651,-9.075478599063487,9.075478599063487
909,1.95883855734249,0.997843715609662,4.858717431469942,4.86921684775192,0.4069832068377608,-86.66836103531683,3.3316389646831794,3.3316389646831652
910,1.69282125807016,1.3684077846908986,2.3197461571444853,1.695215551312052,0.8635688945082695,-56.36807789083393,33.631922109166055,33.63192210916607
911,3.178460113381421,2.966964898858677,3.555418902506923,1.1983353439316422,0.8921322479070276,56.11916039837526,-33.88083960162474,33.88083960162474
912,1.3223193364400538,1.059971290204624,1.7806138026839118,1.6798698409465131,0.9829610275667556,5.31630558019425,-84.68369441980575,84.68369441980575
913,1.526882849696625,1.3937413140673351,1.810174785905327,1.2987882095729228,0.9524073029426816,-2.585885071487616,87.41411492851239,87.41411492851239
914,2.332352078688221,1.5390198155813533,4.186327742741677,2.7201259531283704,0.5524712067591608,-59.60940159717637,30.390598402823628,30.390598402823628
915,2.6169453581990307,2.1620006985245896,3.2756608112766425,1.5151062687038197,0.950350519495154,-89.31297521060905,0.6870247893909323,0.6870247893909465
916,1.7353254778478429,1.0663684416169803,2.950632606464614,2.7669916806525543,0.7835079851356788,74.70147347541442,-15.298526524585583,15.298526524585583
917,2.0674091517192297,1.9388933946119564,2.3444970662120905,1.20919338460138,0.9360697278511818,-77.75167097711883,12.248329022881165,12.248329022881165
918,1.461879030667795,1.502636608955627,1.575828985331654,1.0487092993341205,1.0023224203497476,-36.0360401189964,53.9639598810036,53.9639598810036
919,1.2466946262544771,1.0409289612491597,1.59791853349219,1.535088937841271,1.1686165013607674,79.99256598551942,-10.00743401448058,10.00743401448058
920,9.19569342488042,4.134067221412339,23.41011964860707,5.662733186183985,0.3259650460480011,-72.82300235938185,17.17699764061814,17.176997640618154
921,1.2071068813224677,1.0487225319777478,1.566455706835574,1.493679842924183,0.842374204801021,28.4892693083498,-61.510730691650195,61.510730691650195
922,1.376313601551939,1.3675395072329914,1.4485595264408877,1.0592451031793793,1.1650462070446137,86.36249752105533,-3.6375024789446684,3.6375024789446684
923,1.4282681233264556,1.103133388556189,2.019148909854047,1.830376027777352,0.8438524221776945,-72.1223813518167,17.8776186481833,17.8776186481833
924,1.9086035621207809,1.2528049890328887,3.066515234555319,2.447719526502314,0.7807940492711555,-69.60509813339917,20.394901866600833,20.394901866600833
925,2.353084504890762,1.953088849227386,3.255590689044448,1.6668932856445895,0.7731239242090594,22.77850185870731,-67.2214981412927,67.2214981412927
926,3.037819033220216,1.5785926235628085,6.203382506217032,3.929691811315001,0.5541487018754829,-89.66084803613425,0.33915196386573143,0.33915196386574564
927,1.5108941070107518,1.2628441604962095,1.9347943571040829,1.5320927297504736,0.9393465368598192,-58.53953909788055,31.46046090211945,31.46046090211945
928,1.6492219709549814,1.3550088061535024,2.197697682510222,1.6219065680826692,0.8796628149379326,-66.679454845484,23.320545154515997,23.320545154515997
929,1.526882849696625,1.141628898327408,2.349177246441072,2.0577415742390843,0.7737849410735036,44.82716414976467,-45.17283585023533,45.17283585023533
930,1.1661760393441107,1.0781791930515787,1.3472451597912447,1.2495558887369422,1.1845279694432282,-84.70696725359738,5.293032746402616,5.293032746402616
931,2.4041334941401127,1.5996913523716856,3.942157522046002,2.4643238310949176,0.7198886969155273,89.14250188294714,-0.857498117052856,0.857498117052856
932,1.1661760393441107,0.9094922315302466,1.7236336445511906,1.8951603815803109,0.8998680569397906,57.68694378612288,-32.31305621387712,32.31305621387712
933,2.159338434195847,1.7816444176029893,2.675470447165318,1.5016859821921569,1.0507935189470086,31.25017601856164,-58.74982398143836,58.74982398143836
934,1.376313601551939,1.3358312761685116,1.50715742980727,1.128254336228871,1.0739662894704347,31.421928186112023,-58.57807181388797,58.57807181388797
935,1.3585539723246187,1.2295301412199735,1.5492025901608673,1.2599956180201537,1.202085289038333,-84.87440062459127,5.12559937540874,5.125599375408726
936,2.9731771904499835,1.941538728259713,4.678553686619169,2.4097143253036024,0.732827310257248,86.66076706032769,-3.339232939672314,3.339232939672314
937,2.279696262327928,2.0902248149805054,2.973701851795814,1.422670820135464,0.6623512731782817,39.826142697107,-50.173857302893,50.173857302893
938,2.3009031958488952,1.503220461996808,3.779987825552416,2.514593115989957,0.7392149801648025,67.45449341554252,-22.545506584457485,22.545506584457485
939,1.542705892513396,1.2484738311393078,2.1225491178627105,1.700115024378009,0.9090569535206198,71.75190193407906,-18.248098065920942,18.248098065920942
940,1.340559085464394,1.2860676455015465,1.5064775066851788,1.1713827899757765,1.0570376936403605,43.255842729611416,-46.744157270388584,46.744157270388584
941,1.376313601551939,1.1996293753067135,2.0897978053444684,1.7420362058157857,0.7342161266436128,-26.10176221166751,63.898237788332494,63.898237788332494
942,1.4947343471339476,1.47945102215253,1.6212537744058495,1.0958482235167228,1.0991221336810373,-64.03639093699536,25.96360906300464,25.96360906300464
943,1.4111624987975715,1.0582601537232,2.124918252511328,2.007935614919812,0.917734276520028,56.96133716210664,-33.03866283789336,33.03866283789336
944,4.134818303438459,4.083576985135091,5.310558346806723,1.3004673025972209,0.6089016748339421,34.8602318487592,-55.1397681512408,55.1397681512408
945,1.6492219709549814,1.1582550878144005,2.505097459196547,2.1628201641864626,0.8370505090671587,82.09591181060402,-7.904088189395978,7.904088189395978
946,1.69282125807016,1.2877831345647448,2.381338286595415,1.8491764821879568,0.920852635211633,-38.000095931308245,51.99990406869176,51.999904068691755
947,5.334993643984116,3.0875599615670946,11.21422829185387,3.632068180519505,0.459096466317116,-83.34114060190021,6.658859398099793,6.658859398099793
948,1.3038244488524504,1.0212439773472133,1.799742035558672,1.7623036957668898,0.9645381984120378,81.6541131026469,-8.345886897353097,8.345886897353097
949,1.7353254778478429,1.452160248142556,2.207574148403751,1.5202000958416524,0.988325838381723,62.8715492284339,-27.1284507715661,27.1284507715661
950,1.4282681233264556,1.3180613686582676,1.6820460189936808,1.276151519944731,0.9329381288680498,80.9547553156539,-9.045244684346102,9.045244684346102
951,1.933884181003576,1.7082796213543152,2.2504774317877128,1.317394063393173,1.0837756842918935,82.83592084999243,-7.1640791500075665,7.1640791500075665
952,1.5583682828180965,1.4849787408304165,3.5681603772565182,2.402835999700012,0.2928356960581343,65.64621568581798,-24.353784314182022,24.353784314182022
953,1.4111624987975715,1.179325804412097,1.7542567470940469,1.487508151293745,1.141403937651297,46.59196764212798,-43.40803235787202,43.40803235787202
954,1.3938469657443524,1.1028377940098515,1.9323442460207572,1.7521563520187955,0.940766967248545,-66.32721640898804,23.672783591011978,23.672783591011964
955,1.7353254778478429,1.614420749651739,2.0050263654232707,1.2419478415746283,0.9614986160859874,28.86088928041164,-61.13911071958836,61.13911071958836
956,1.2850634067342854,1.084754926306828,1.8257013154982495,1.6830541823064666,0.9045018419717328,59.61927255750338,-30.38072744249662,30.38072744249662
957,1.3038244488524504,1.2273706662993653,1.4645109244114358,1.1932099769233284,1.1937178154301986,-18.47072512621734,71.52927487378267,71.52927487378267
958,2.9320524271101838,2.1712186222429706,4.134473639002336,1.9042180260646584,0.8405514956058496,49.85680406156844,-40.14319593843156,40.14319593843156
959,1.3223193364400538,1.322970999752327,1.4862794943446245,1.123440721393644,1.028469107325756,87.05399029393811,-2.9460097060618864,2.9460097060618864
960,1.6195038256468852,1.2601500479021424,2.224263150001478,1.7650780188473272,0.8882985886258772,27.93070278414033,-62.06929721585967,62.06929721585967
961,2.1138735858617226,1.435598720239081,5.09987393169017,3.5524369448036635,0.340188930855477,51.01189144492279,-38.98810855507721,38.98810855507721
962,1.1237553499514827,0.9467199533606984,1.4058472778357942,1.484966354459173,1.1649550580425974,-3.1674513710002623,86.83254862899973,86.83254862899973
963,2.0198761507134417,1.3034419998276476,3.459284792480697,2.653961428999613,0.6520827729081354,86.39199003784745,-3.6080099621525505,3.6080099621525505
964,1.3585539723246187,1.1303568300235605,1.7091129168921593,1.5120118457253322,1.1774996524025156,-6.208458820854518,83.79154117914548,83.79154117914548
965,1.749264059016166,1.0994494295072217,2.933855203918663,2.6684767167814445,0.75906651862232,72.96273687364314,-17.037263126356862,17.037263126356862
966,1.2270604129519955,0.7425845179720768,2.519144959777433,3.392401671202307,0.6661731494652824,-37.686392646980494,52.313607353019506,52.313607353019506
967,2.434249075164649,1.565012555838962,4.541154578573486,2.9016729365082266,0.5932119166592783,63.56568604738559,-26.43431395261441,26.43431395261441
968,1.9086035621207809,1.4140626718483236,2.646026752710072,1.871223111526907,0.9877872816044146,89.31010740675767,-0.6898925932423339,0.6898925932423339
969,1.2850634067342854,0.9267875424730616,2.016024866158928,2.175282655158829,0.8260251649375902,0.906156939734547,-89.09384306026546,89.09384306026546
970,2.9070983356311,2.355609350403183,4.236877571248965,1.7986333644514472,0.5645697935725994,-76.5721971863744,13.42780281362559,13.427802813625604
971,1.4451712930335778,1.1252884998144286,2.231568697974224,1.9831080637029808,0.7882055855743546,-71.13621038667671,18.86378961332329,18.86378961332329
972,1.9956851445118324,1.5189881488643082,2.9810043788739287,1.9624935066825349,0.7277435457366086,83.94875661621326,-6.0512433837867405,6.0512433837867405
973,1.3938469657443524,1.1475754073422602,3.1894247478540185,2.7792724795668127,0.4164234929446163,-65.28833278910753,24.71166721089247,24.71166721089247
974,1.6044383463340146,1.38046535349061,2.058286629691303,1.4910092632797856,0.923634422206144,76.277948217711,-13.722051782289,13.722051782289
975,1.1661760393441107,1.112523523320332,1.2638686789943017,1.1360377129126036,1.3882950288583973,58.44891997925658,-31.55108002074342,31.55108002074342
976,2.778968733462305,1.4866803418359056,5.466251588500188,3.676817022918255,0.5583971737806928,73.04282256870214,-16.957177431297865,16.957177431297865
977,2.170555852193912,1.5543050963676577,3.135733338202195,2.017450335542401,0.8231687963420158,68.44448317490729,-21.55551682509271,21.55551682509271
978,1.2466946262544771,1.196848138840046,1.3648797236523134,1.140395075498149,1.216935734811723,-44.36524761162429,45.634752388375716,45.63475238837571
979,1.749264059016166,1.7130550600307837,1.9765414279262936,1.1538107992225162,0.8382407398915335,78.07581011476593,-11.924189885234071,11.924189885234071
980,1.3223193364400538,1.1382286530034706,1.6257283668158695,1.4282968211404816,1.1463974886535715,-87.59406477501534,2.4059352249846597,2.4059352249846597
981,2.770216054293097,2.390779003657651,4.067934119777178,1.7015098901042918,0.6739617981822756,56.79274073072008,-33.20725926927992,33.20725926927992
982,1.9212854528773184,1.761531026592799,2.4396433932595083,1.3849562434210043,0.831878202499715,56.6212010424728,-33.3787989575272,33.3787989575272
983,4.3689932479305,2.424781310828549,8.808427425709908,3.632668804552962,0.4657711166349724,-87.84040536726043,2.1595946327395836,2.1595946327395694
984,1.2660243778180809,1.24494812505615,1.497318365964278,1.202715467278402,0.9186909742071416,20.49693161927213,-69.50306838072787,69.50306838072787
985,1.7630924485867383,1.4034362459353629,2.4714846785368425,1.7610238339609408,0.7236637326095828,88.89398342261089,-1.1060165773891129,1.1060165773891129
986,8.651400507710603,5.590000960903226,14.348270153565675,2.566774183746705,0.5969087091675633,72.87172316167155,-17.128276838328446,17.128276838328446
987,2.1367269374441915,1.8499388341488947,2.765281887799229,1.4947963882662414,0.7060023687559661,-70.48544938423308,19.51455061576692,19.51455061576692
988,1.843886218520761,1.6581885684481017,2.238482170093393,1.349956339518363,0.8832048336632801,-70.02629297750049,19.973707022499525,19.97370702249951
989,1.3223193364400538,1.2449810391622356,1.6152350083554985,1.2973972755781178,0.8533964100640591,-21.75220673684863,68.24779326315137,68.24779326315137
990,1.2850634067342854,1.1894758459573374,1.6425530275609428,1.3809049028977558,0.8326752865158009,-56.28816976639831,33.71183023360169,33.71183023360169
991,1.4111624987975715,1.3457514675524231,1.561601700828505,1.160393830867343,1.138722509447568,89.40325528800899,-0.5967447119910076,0.5967447119910076
992,2.690160753669267,1.981647219767408,4.206521874420916,2.1227400278212225,0.5969562854259475,-84.10892057315324,5.8910794268467725,5.891079426846758
993,1.7212740281460053,0.9916959442888468,3.3097223867169663,3.3374366465624656,0.6722870464080767,-85.26372530443435,4.736274695565669,4.736274695565655
994,1.5738748168108194,1.364690051074161,1.9303301681441336,1.4144824801974276,1.0818687560664728,81.4327244425436,-8.567275557456398,8.567275557456398
995,1.6492219709549814,1.4263712439455905,2.043516797085991,1.4326682522239222,1.0468714491823332,-79.95327899270679,10.046721007293229,10.046721007293215
996,2.3009031958488952,2.210996365980686,3.124961851133773,1.4133726763262673,0.6565385526231765,-49.5987988987267,40.4012011012733,40.4012011012733
997,1.7212740281460053,1.4827218757341798,2.169376865270705,1.4631043763325633,0.928103465397056,-82.23373172419525,7.766268275804748,7.766268275804748
998,2.079122611754846,1.3702576312636037,3.3965767613053783,2.478786969551977,0.7112200023640199,72.76475916206084,-17.23524083793916,17.23524083793916
999,1.8829835605082688,1.622263661693332,2.2483069082355125,1.38590721183307,1.081881790961901,64.35697272477718,-25.64302727522282,25.64302727522282
1000,2.5031101051741675,2.0792553741475444,3.3156711428964667,1.594643536393806,0.7653317402785509,-46.419230089870936,43.58076991012905,43.580769910129064
1001,1.4282681233264556,1.3415181295014555,1.5920819115596587,1.1867762921335394,1.10802778175996,51.8480483504346,-38.1519516495654,38.1519516495654
1002,1.5108941070107518,1.1197803968988098,2.261004340829352,2.019149778913008,0.8539437254563409,-17.637191178447026,72.36280882155297,72.36280882155297
1003,1.69282125807016,1.5304596675000195,1.9487709863472464,1.273323974313241,1.0719719106792365,40.3618917261922,-49.6381082738078,49.6381082738078
1004,2.353084504890762,1.6421435605752284,3.449433456049196,2.1005675379812043,0.9056944227123844,84.76280767760136,-5.237192322398641,5.237192322398641
1005,1.5108941070107518,1.4497444622407378,1.611203609029679,1.1113707629132024,1.3084386602344138,-83.4402675381009,6.559732461899102,6.559732461899102
1006,1.340559085464394,1.1447492321159414,1.8014414404634589,1.573655950075367,0.8156210911035434,-13.796254560263296,76.20374543973671,76.20374543973671
1007,3.155455274609836,2.997565157801682,4.117056422033267,1.3734668657052922,0.6878204335076444,-26.2467646040361,63.7532353959639,63.7532353959639
1008,2.079122611754846,1.6200325629134211,2.8165489699746,1.738575528944552,0.8427165599460665,66.84305079081987,-23.156949209180127,23.156949209180127
1009,1.2071068813224677,0.9870801504395004,1.6863454225772443,1.70841792515673,0.8727998109697386,-4.129718989939399,85.8702810100606,85.8702810100606
1010,1.4451712930335778,1.0080407482047975,2.2908191142209566,2.272546142902097,0.8594021507440898,-78.29330867093917,11.706691329060845,11.706691329060831
1011,1.4783979621211876,1.157976270881023,2.1705336870352587,1.87441983192268,0.6799736802815973,72.8167273651081,-17.183272634891907,17.183272634891907
1012,3.539932258850451,2.103689722839712,6.308840424695436,2.9989405548738945,0.6323639924710186,89.27151067442554,-0.7284893255744578,0.7284893255744578
1013,1.9711972828282505,1.8809135158237935,2.1397144264183687,1.137593200547143,1.0713238890498245,43.84441074454932,-46.15558925545068,46.15558925545068
1014,1.4451712930335778,1.276755588750923,1.9598463374448785,1.5350207625581946,0.7493637765068715,-77.41765072730114,12.582349272698877,12.582349272698863
1015,1.3223193364400538,0.9369124616858844,2.3389324080839167,2.4964257641265983,0.5738666158345489,-65.82067291640546,24.179327083594558,24.179327083594544
1016,15.34656525547538,12.824858343268293,23.208407785092646,1.8096424275340732,0.4861410455835613,18.563891577655024,-71.43610842234497,71.43610842234497
1017,1.6344304437273447,1.122471259393738,2.552383064323436,2.2738961402913893,0.8767406630805609,72.35980272962996,-17.640197270370038,17.640197270370038
1018,1.7904288454052892,1.484444165052131,2.3750874589723243,1.5999843678114465,0.8577184346426832,49.14828360543236,-40.85171639456764,40.85171639456764
1019,1.6344304437273447,1.1753776968891314,2.5349112215105363,2.1566780007989585,0.8192751683331619,69.73539712040416,-20.26460287959584,20.26460287959584
1020,2.873489132855324,1.494546668058984,5.7909553131926,3.8747236449387694,0.5266595036446026,65.01468266618495,-24.985317333815047,24.985317333815047
1021,2.0078170808425457,1.692448698152952,2.559722853060832,1.5124374853160254,0.8309409606037153,71.77813686811852,-18.221863131881477,18.221863131881477
1022,3.991370289023665,4.218119123541861,5.928758223072313,1.405545469302457,0.3349242028002158,-27.147061072810008,62.852938927189996,62.852938927189996
1023,1.376313601551939,1.3375499988988775,1.4994898117175688,1.1210719696101126,1.0673606693229245,9.69225783967895,-80.30774216032106,80.30774216032106
1024,2.373635851463476,1.4015281129179755,4.318868256971779,3.081542365910815,0.584411294757394,-82.55800583187963,7.441994168120374,7.441994168120374
1025,2.5511588286726434,1.7730066298044591,3.753365500035685,2.1169495008880115,0.9077050511307528,70.68060118492556,-19.319398815074436,19.319398815074436
1026,2.473832956432472,1.615955775129924,3.862386958517086,2.3901563507866093,0.7785474827317248,-83.78438296649263,6.215617033507385,6.215617033507371
1027,1.4451712930335778,1.1370880511698669,2.061255509977638,1.8127492482723415,0.7812676637153757,-80.83513501757976,9.164864982420227,9.16486498242024
1028,2.512793352570581,1.8577362978135965,4.303837011877603,2.3167104055311114,0.6141980400573649,-61.79347562118007,28.20652437881992,28.20652437881993
1029,1.376313601551939,1.265233820674097,1.5579031677662147,1.231316411488422,1.1754537146808828,-13.456750398245928,76.54324960175407,76.54324960175407
1030,2.170555852193912,1.8653157934070284,2.7398551402462124,1.4688425144580073,0.8650462709999466,31.901546084949143,-58.098453915050854,58.098453915050854
1031,1.5108941070107518,1.3972104427995622,1.7486453446771208,1.2515261059553746,0.9970163046102788,74.03677245564437,-15.963227544355632,15.963227544355632
1032,2.4836303530173915,2.367046248331962,2.7971549658152983,1.18170693444897,0.8787558261808028,76.7816465550454,-13.218353444954602,13.218353444954602
1033,1.526882849696625,1.1170691592903024,2.246361963734111,2.010942603733928,0.9100501154004382,-69.43278773102071,20.56721226897929,20.56721226897929
1034,2.090770448616529,1.2587555791990466,4.345027726684228,3.4518438674559797,0.5399424617037352,-78.53478539340014,11.465214606599858,11.465214606599858
1035,1.5583682828180965,1.329464528374863,2.3563248728336825,1.7723864176459476,0.6743238542196878,-19.978736181809342,70.02126381819066,70.02126381819066
1036,1.2270604129519955,1.0802876812675115,1.6519438216981022,1.5291702852335232,0.8609853120213319,-1.8651930853437264,88.13480691465628,88.13480691465628
1037,1.4451712930335778,1.1707922667154824,2.035175751764033,1.7382893700463835,0.8720147707905004,85.08931506859324,-4.910684931406763,4.910684931406763
1038,1.3585539723246187,0.9849240273141158,2.179917660305795,2.2132850858054733,0.8376649043766121,63.01486368062658,-26.985136319373417,26.985136319373417
1039,2.181715595945335,1.7436855492763663,2.934364062740785,1.682851626520936,0.8199792639438639,69.11526116634185,-20.884738833658147,20.884738833658147
1040,1.9212854528773184,1.457844116166031,2.706993402034937,1.85684695093055,0.8270382296920881,31.848627993719624,-58.151372006280376,58.151372006280376
1041,1.3938469657443524,1.0526064289513068,2.010121749688043,1.909661288778838,0.8531451840709675,-57.29907885588683,32.70092114411318,32.70092114411317
1042,1.461879030667795,1.2039181895824151,1.8194327006928663,1.511259416492366,1.2144952653805297,-77.98327521671267,12.016724783287316,12.01672478328733
1043,1.8039417076383557,1.453708179524726,2.607813049809156,1.7939040906144943,0.7557254468676404,-71.12095919309574,18.879040806904243,18.879040806904257
1044,1.4111624987975715,1.2340691619886432,1.9682681373819324,1.5949415138209615,0.8442952073306279,45.60172073561144,-44.39827926438856,44.39827926438856
1045,2.2582901895629326,1.6484801831847746,3.172859803243925,1.9247181953465355,0.8864917871824802,59.12725662354628,-30.87274337645372,30.87274337645372
1046,20.04548694074718,15.90359387157911,25.89600884639624,1.6283117549093296,0.7005323210882278,-75.29332257842718,14.706677421572806,14.70667742157282
1047,1.4282681233264556,1.2840161591001786,1.737498298293792,1.3531747914383006,0.9800733466497056,41.839490704408334,-48.160509295591666,48.160509295591666
1048,2.9975812429533355,1.8006920535160005,5.201718676241293,2.8887330657590824,0.6359195970544447,70.76985368912501,-19.230146310874986,19.230146310874986
1049,1.2660243778180809,1.1011318209558945,1.530636664813839,1.3900576077122997,1.2324890564797384,69.67161997584466,-20.328380024155337,20.328380024155337
1050,1.526882849696625,1.1125721714313683,2.610181748566866,2.3460785876108727,0.6982208661883473,-29.500613226875984,60.499386773124016,60.499386773124016
1051,1.6195038256468852,1.1349007699448004,2.3950523985947223,2.1103628282067457,0.9586875718159632,65.05018242871343,-24.949817571286573,24.949817571286573
1052,2.761435632667426,1.6809288226713694,5.220434489165374,3.1056844399092065,0.5792076660045566,49.35967496452442,-40.64032503547558,40.64032503547558
1053,2.681118170928788,1.644814937733191,4.568840974097425,2.77772341999398,0.6994849584273032,-74.23660328927934,15.763396710720656,15.763396710720656
1054,1.2850634067342854,1.1801300212936316,1.4763024520269108,1.2509659320492683,1.159611592132193,31.012385068169756,-58.987614931830244,58.987614931830244
1055,1.526882849696625,1.218854262468684,2.2275608621012304,1.8275858982430748,0.8069048235508742,-49.99602298549577,40.003977014504244,40.00397701450423
1056,3.0617078862766465,1.921403103561086,6.209030946186478,3.231508752473022,0.4487855659234725,85.29192819558585,-4.708071804414146,4.708071804414146
1057,1.663882010113248,1.118948507979288,2.606137371479797,2.329094996682401,0.8240268725399186,-87.0161413235943,2.9838586764057027,2.9838586764057027
1058,2.247510699902965,1.4929824057100851,3.876010962804567,2.596153141510785,0.5879178600594837,-77.59419758929101,12.405802410708986,12.405802410708986
1059,1.4111624987975715,0.9432945459984372,2.3360309826954966,2.476459757564809,0.8254100991408853,89.38959346811279,-0.6104065318872074,0.6104065318872074
1060,1.95883855734249,1.350244804800984,3.885073201766555,2.8773102388193865,0.496113340585035,-66.3651484090606,23.634851590939405,23.634851590939405
1061,2.9975812429533355,2.004740118137334,5.445131470592789,2.716128350667232,0.5698678560852377,42.18612095806432,-47.81387904193568,47.81387904193568
1062,1.749264059016166,1.2150015130637,2.6144174780168408,2.151781252868096,0.8813490609512475,-65.11393104650861,24.88606895349139,24.88606895349139
1063,1.186817925731738,1.0727162219594877,1.3738156796867138,1.2806888267031329,1.2303994300045686,6.374611050951318,-83.62538894904868,83.62538894904868
1064,1.2850634067342854,1.1058476377793156,1.6098516305494348,1.4557625983469331,0.9867976411755262,20.842466128371505,-69.15753387162849,69.15753387162849
1065,1.2270604129519955,1.096914569430952,1.4874698633130032,1.3560489620305256,0.9988064499948156,16.85503302602417,-73.14496697397583,73.14496697397583
1066,3.1245186915221934,1.913520731996839,7.085529776843197,3.702875886507459,0.3542664662608984,-79.12399101967644,10.876008980323547,10.876008980323562
1067,1.6044383463340146,0.9789999479245752,2.7250186822383484,2.783471733594302,0.8233718385926169,-86.82884122811348,3.1711587718865246,3.1711587718865246
1068,1.2071068813224677,1.051985074586578,1.4553412514099244,1.3834238589191603,1.2036015468284478,-40.894197940369885,49.10580205963012,49.105802059630115
1069,1.461879030667795,1.2633498598926156,1.964317659910761,1.5548485200114934,0.8034643690230627,-83.26362313358528,6.73637686641473,6.736376866414716
1070,1.7630924485867383,1.4312112586381998,2.335735521890201,1.6319991250716248,0.9687525965175612,45.37586921663792,-44.62413078336208,44.62413078336208
1071,1.895836839826219,1.070881999523071,3.652762107598949,3.41098469226838,0.543627633500627,85.05969465414174,-4.940305345858263,4.940305345858263
1072,2.3009031958488952,1.4661594432113594,3.777922725889641,2.576747531369971,0.7821817955258485,-72.81267513115988,17.187324868840108,17.187324868840122
1073,1.5583682828180965,1.1327740134198705,2.365460581723421,2.088201665733876,0.7956194829163777,53.12063030485928,-36.87936969514072,36.87936969514072
1074,1.6492219709549814,1.118549463604614,2.6539796293253164,2.3726976013851524,0.7693419824847421,-86.86732120233953,3.132678797660475,3.132678797660475
1075,1.3038244488524504,1.1194636477711015,2.130608878959963,1.9032407914290863,0.6542946557389583,-26.38783924888499,63.61216075111501,63.61216075111501
1076,1.376313601551939,1.1108384739043902,2.0562350324816574,1.8510657316849808,0.8134165628287293,67.57601772465067,-22.42398227534933,22.42398227534933
1077,1.2270604129519955,0.9339968311340324,1.75556855255654,1.879630095131028,0.996282491611911,-42.51013635325107,47.489863646748915,47.48986364674893
1078,2.353084504890762,2.228951694554385,2.5464419741157025,1.1424392822585554,0.9770601450409132,-61.10559901095888,28.894400989041117,28.894400989041117
1079,2.7260311474694987,1.5253887434940807,5.356675307217381,3.5116787966766374,0.4447707329978803,60.13371203495896,-29.86628796504104,29.86628796504104
1080,1.7768132193231367,1.228060023394004,2.826858662376047,2.3018896540280047,0.7475196630276703,79.40039665928701,-10.599603340712989,10.599603340712989
1081,5.177911666108585,4.392517670225389,7.988034177315696,1.818554819133104,0.477491709027141,-19.531901686822074,70.46809831317793,70.46809831317793
1082,2.1138735858617226,1.5881736335838128,3.235917106149633,2.037508391854853,0.6688890215210219,65.47296884640465,-24.527031153595345,24.527031153595345
1083,4.187344565393504,2.0284137313524404,9.754127486154356,4.808746527095739,0.4031877811583099,67.38818456048742,-22.611815439512583,22.611815439512583
1084,2.383845085036066,1.5121311207089567,3.9594764582495463,2.618474287066562,0.7449064762781414,-86.35765380999747,3.642346190002513,3.6423461900025274
1085,1.5892300566907107,1.4718225577546828,1.8559170785947563,1.2609652357999073,0.9802444060794516,-60.37949663784737,29.620503362152647,29.620503362152633
1086,1.6044383463340146,1.329314136764131,1.988043547116452,1.4955408147210607,1.1507121336550747,26.236892735452773,-63.76310726454723,63.76310726454723
1087,1.9956851445118324,1.202886506682283,3.554556495775542,2.95502233671194,0.6357666608137605,66.33095496005238,-23.66904503994762,23.66904503994762
1088,1.69282125807016,1.026488066609664,3.113723165462246,3.03337492830911,0.637981188345064,77.89694074532001,-12.10305925467999,12.10305925467999
1089,1.4783979621211876,1.3704886486599075,1.6623164911035917,1.2129370737430327,1.099641642062481,-58.24762107975958,31.752378920240403,31.752378920240417
1090,1.461879030667795,1.4767117075620146,1.6702315415859754,1.131047809151221,0.9333769660181332,-74.82587822084048,15.17412177915952,15.17412177915952
1091,1.3223193364400538,1.10407188251151,1.7517296094711965,1.5866082971757365,0.9181714842445586,-35.118131823451755,54.88186817654824,54.881868176548245
1092,3.2984439419099627,2.515348666872139,4.577449196781182,1.819807033938275,0.8282860925176831,-55.74712127393019,34.25287872606981,34.25287872606981
1093,1.2466946262544771,1.007556174943577,1.7233103092207258,1.7103863308834677,0.8887590317639555,87.72627567296506,-2.273724327034941,2.273724327034941
1094,8.269636606876919,4.341876075990913,16.802655161459267,3.869906664165795,0.4239203730429846,62.21395863667944,-27.786041363320557,27.786041363320557
1095,1.9711972828282505,1.8503130904320304,2.1753903481907613,1.1756877035782245,0.9748506653018804,23.561640941059277,-66.43835905894072,66.43835905894072
1096,1.9711972828282505,1.1150930869837778,3.8855816848752784,3.484535712964926,0.525030971489546,50.758497232169866,-39.241502767830134,39.241502767830134
1097,1.95883855734249,1.5683490877452837,2.577905461654826,1.643706418295507,0.9044698272511288,75.93792875938118,-14.06207124061882,14.06207124061882
1098,1.340559085464394,0.9236264192112018,2.121883317561392,2.297339350008555,0.8548304937853001,64.73877270210018,-25.261227297899822,25.261227297899822
1099,1.2270604129519955,1.1583809920746293,1.393042057003465,1.2025767571587689,1.1320972356932435,-19.140060055461927,70.85993994453807,70.85993994453807
1100,8.798917726175324,5.532562150892596,15.652437324661529,2.8291480326409424,0.5115160468968268,-89.56884647713946,0.43115352286054076,0.43115352286054076
1101,10.77642935892977,9.267679452845432,14.246680549874636,1.537243559443623,0.5887853267258111,-89.3159024807286,0.684097519271404,0.684097519271404
1102,1.9086035621207809,1.7862126382451962,2.0967624393205253,1.173859368378682,1.077583642683087,-50.751021696296135,39.248978303703865,39.248978303703865
1103,3.2164358944095217,1.7362911272195778,8.25391437677233,4.753761766893203,0.3245516768546765,-87.3472241002344,2.652775899765601,2.652775899765601
1104,1.1661760393441107,0.9404748191190352,1.5235321899470198,1.619960640067055,1.175507713119968,-6.005093060907525,83.99490693909247,83.99490693909247
1105,1.3038244488524504,1.0746320741923117,1.6605655362639793,1.545240995632903,1.21668068040835,15.100010491044454,-74.89998950895554,74.89998950895554
1106,42.644656231377816,35.35078408936185,67.79778683120797,1.9178580780506769,0.2509688941962742,-72.41046552517915,17.58953447482085,17.58953447482085
1107,1.4282681233264556,1.0989419755128655,2.023828117110692,1.8416150826945996,0.8843256469411469,62.85421658388774,-27.14578341611226,27.14578341611226
1108,2.0674091517192297,1.638288009661243,2.6849246255604218,1.6388599621843027,1.0305232132825468,-80.32188983774702,9.678110162252977,9.678110162252977
1109,1.5892300566907107,1.2704090016463605,2.1659401148445707,1.7049155917800216,0.8569481915857674,7.012515692845696,-82.9874843071543,82.9874843071543
1110,1.9834790046600808,1.3739276960222049,2.943780170096196,2.142601956870822,0.9059678286147292,82.06931975969952,-7.930680240300475,7.930680240300475
1111,3.560453777195214,3.7595338597738586,4.58282265331893,1.218986934086183,0.5086122675675618,-82.30933032940348,7.69066967059652,7.69066967059652
1112,1.2466946262544771,0.9431836054804114,1.9484155553795328,2.0657860718296788,0.8532576782189244,-77.71336138166616,12.286638618333825,12.28663861833384
1113,1.5738748168108194,1.2309254501729678,2.099412385351411,1.7055560798230345,1.0658686421515582,-4.255039445246326,85.74496055475367,85.74496055475367
1114,1.843886218520761,1.659731617577573,2.327709291042157,1.4024612572239346,0.8434072429136887,27.858070960756127,-62.14192903924388,62.14192903924388
1115,1.4111624987975715,1.2324327905704469,1.7550063590447105,1.4240179038342398,1.020440239240465,84.40775482261367,-5.5922451773863315,5.5922451773863315
1116,1.3038244488524504,1.033089241418138,1.7990720126564084,1.7414487931234224,0.9233564847999666,0.131592504678987,-89.86840749532101,89.86840749532101
1117,1.3585539723246187,0.9268225719123934,2.5736322975574275,2.77683385747396,0.5348503377024929,60.64687145579767,-29.353128544202328,29.353128544202328
1118,1.3223193364400538,1.3314032552793176,1.390083170995518,1.0440737361002546,1.1046383112426152,-0.6759309377795959,89.3240690622204,89.3240690622204
1119,1.6492219709549814,1.2512239605115476,2.370575563659333,1.8946053132567509,0.8356089343599078,71.10484724392737,-18.895152756072633,18.895152756072633
1120,2.8050629090725736,1.947987262531768,4.999678040141176,2.5665866180475816,0.5809126179323587,37.441361969249634,-52.558638030750366,52.558638030750366
1121,1.526882849696625,0.9937090044908036,2.705863042656757,2.7229933817931893,0.7299045038300316,48.60382093035181,-41.39617906964819,41.39617906964819
1122,1.7212740281460053,1.1801353244408812,2.888893240605458,2.447933877391683,0.6523160623439387,63.31410886884622,-26.68589113115378,26.68589113115378
1123,2.9070983356311,1.8443976612804969,5.593998660967898,3.0329677695883617,0.5091421038698714,-70.311066075715,19.68893392428498,19.688933924284996
1124,1.4783979621211876,1.370728360461348,1.8712808098908715,1.3651726074019883,0.7528342659876007,67.70317311665453,-22.296826883345474,22.296826883345474
1125,11.355790220404776,6.047047012391168,22.925464723946444,3.79118347798012,0.3858488877423889,-32.37681619154477,57.623183808455224,57.62318380845523
1126,1.4111624987975715,1.283280120131202,1.6515875452334243,1.2870046993828337,1.063829511511435,-78.19853527117955,11.801464728820463,11.801464728820449
1127,1.3223193364400538,1.075401005379556,1.6977580146752584,1.5787208735926794,1.1599042645101083,-71.00217382227682,18.997826177723198,18.997826177723184
1128,1.8829835605082688,1.171799332974098,4.157296697289622,3.547788926230356,0.4714108090487696,-72.56589399981307,17.434106000186944,17.43410600018693
1129,1.1661760393441107,1.158223375215714,1.3865605128371092,1.1971443009245677,0.8755261350771982,45.92133015332684,-44.07866984667316,44.07866984667316
1130,1.2270604129519955,1.192971504491196,1.3551263108312055,1.1359251295856971,1.157792750026421,-22.250894193693178,67.74910580630683,67.74910580630683
1131,2.3114337002746863,1.375382010795872,4.102623875122545,2.982897727990887,0.6192329731213762,79.35277100471403,-10.647228995285971,10.647228995285971
1132,1.2850634067342854,0.8528439452679414,3.2206096127304984,3.776317614260211,0.3844463579488409,73.25848512572387,-16.741514874276135,16.741514874276135
1133,3.186091481181058,3.563067847953344,3.895138748151616,1.0931980288809309,0.4877405891308716,-10.057144917877936,79.94285508212207,79.94285508212207
1134,1.8306682257451572,1.4193540212931175,3.939876328201104,2.7758235571218783,0.3645618787234123,-35.152092417076865,54.84790758292314,54.847907582923135
1135,1.3223193364400538,1.3143831532119514,1.4489095553035691,1.1023494570535814,1.097468175922467,72.08771189767755,-17.91228810232245,17.91228810232245
1136,2.5511588286726434,1.6725523578963275,4.1842965762236215,2.5017432527412597,0.7441292218352302,67.04010373527134,-22.959896264728656,22.959896264728656
1137,1.3038244488524504,0.8161787647122972,2.913368147701421,3.569522111652075,0.5028723665854405,-80.82523019898456,9.17476980101543,9.174769801015444
1138,1.8173540983129992,1.5580656050917283,2.2989858312878613,1.4755385291702865,0.8994333033311338,28.913994001003992,-61.08600599899601,61.08600599899601
1139,2.598319175852673,2.0323916289392363,3.6873817115099214,1.8143066813527828,0.735160787057174,-68.27818457498032,21.721815425019685,21.721815425019685
1140,3.7074757247616295,2.148662541332343,6.7381667068532005,3.135981838578988,0.6147127734905835,50.755097076490216,-39.244902923509784,39.244902923509784
1141,1.7904288454052892,1.0693697712185726,3.638246986170731,3.4022347405845044,0.4921120518902062,-87.58204156471959,2.4179584352804113,2.4179584352804113
1142,1.2466946262544771,1.055895830820527,1.7939183335585478,1.6989538941208908,0.758574586723608,27.86448902200844,-62.13551097799156,62.13551097799156
1143,1.2660243778180809,1.1881655768871484,1.4027169870736234,1.1805736627622,1.2840422546548649,-51.28946761874655,38.710532381253444,38.71053238125345
1144,1.6195038256468852,0.8502238482799254,3.2387180111642797,3.809253313367391,0.667971200572416,89.14522121390611,-0.8547787860938882,0.8547787860938882
1145,2.940323395380274,1.2830530474179167,10.270508061288387,8.004741566965837,0.1869041916841753,87.03614041569382,-2.963859584306178,2.963859584306178
1146,2.0078170808425457,1.688450300339446,2.4453812268750057,1.4482992045329297,1.0996207516760146,77.59985252773333,-12.400147472266667,12.400147472266667
1147,1.9086035621207809,1.5351081859976938,2.541527262500418,1.655601400398132,0.8573794360925244,-49.735645160495096,40.264354839504904,40.264354839504904
1148,11.159483869199988,5.652975537820852,32.23001508099222,5.7014248275725725,0.194485778175725,-68.07213159441152,21.92786840558847,21.927868405588484
1149,3.733585031318859,3.19780369128611,5.550461133889487,1.7357104030539074,0.5622854738298203,65.73187166995655,-24.268128330043453,24.268128330043453
1150,1.3585539723246187,1.166905143929646,1.8325587994478856,1.5704436722907895,0.8917985284896349,50.59073874157996,-39.40926125842004,39.40926125842004
1151,1.340559085464394,0.9906768372819472,1.8763531036909755,1.8940112790352484,1.0578445541185146,-11.96388027485211,78.03611972514788,78.03611972514788
1152,1.4783979621211876,1.0119829250834786,2.262929475028704,2.236134048251885,0.9637547231440992,-81.8825438588645,8.117456141135506,8.117456141135506
1153,2.5031101051741675,1.711088550873787,3.781037068702352,2.2097261224566798,0.8029492076870327,-89.48793373959145,0.5120662604085453,0.5120662604085453
1154,1.2660243778180809,1.262152464411758,1.3348557159741663,1.057602590505017,1.2051357670282916,14.956822995767546,-75.04317700423246,75.04317700423246
1155,1.340559085464394,1.07906780464875,1.862240262146807,1.7257861407078026,1.0212801095245363,72.36136030951101,-17.638639690488986,17.638639690488986
1156,1.186817925731738,1.1155081243341405,1.3355039531432753,1.197215801489974,1.2268325397804865,-55.24191942820336,34.758080571796654,34.75808057179664
1157,2.1138735858617226,1.2960100053340229,3.5884500296798008,2.768844387705899,0.7507501445503265,-67.25004115037888,22.749958849621123,22.749958849621123
1158,2.5320487556361617,1.605948915283933,4.380010740142284,2.727366168660412,0.6929539477336766,-76.84398589959368,13.15601410040631,13.156014100406324
1159,2.989468694267895,3.0034408195590423,3.0645271956543594,1.020338797987132,0.9419123481775162,-21.396277547321294,68.60372245267871,68.60372245267871
1160,1.5583682828180965,1.4784964472035296,1.829327083526401,1.2372887922635476,0.9703014686827875,47.14758166678553,-42.85241833321447,42.85241833321447
1161,3.178460113381421,1.9132108098517109,8.21110140671358,4.29179124664783,0.3419261947346713,-81.00776084694462,8.99223915305538,8.99223915305538
1162,2.6629408889963733,1.5336539929308597,4.831206726663035,3.15012822248808,0.660880302147861,-78.9522720787843,11.04772792121571,11.047727921215696
1163,7.810519446677204,5.53859823291736,11.252678538924572,2.031683481218572,0.7401830325430813,-77.88203500208893,12.117964997911088,12.117964997911074
1164,1.186817925731738,0.8559547656003913,1.852508387605565,2.164259680599082,0.8986181557808672,-34.1593716302014,55.840628369798594,55.8406283697986
1165,1.4451712930335778,1.0947536029669502,2.014297154213622,1.8399548069579927,1.0171245662175925,-51.628214863505846,38.37178513649417,38.371785136494154
1166,11.04354371656796,5.947616304161839,21.842735649031567,3.67251929714214,0.3998389270556636,-64.35854673792234,25.641453262077675,25.64145326207766
1167,2.6354399017991645,1.870062729458084,4.096362839795558,2.1904948830153,0.6161607704190563,-59.875921876724,30.124078123276007,30.124078123276
1168,1.6344304437273447,1.3704520147997432,2.09331874278503,1.5274659164851645,1.0190383577218418,-76.56674090609347,13.433259093906543,13.433259093906528
1169,13.241546174571347,7.743673930320368,29.902829515852464,3.861581696869736,0.2433595254763332,-71.77245328268354,18.227546717316443,18.227546717316457
1170,1.376313601551939,1.0838376906671348,2.0064206729833343,1.8512187666663649,0.8579111796847178,45.79848116514787,-44.20151883485213,44.20151883485213
1171,1.6044383463340146,1.1039254374908327,2.4247944106482846,2.1965200984585707,0.8866714688298408,-89.26539424870752,0.7346057512924631,0.7346057512924773
1172,2.881928179315977,2.952189453835148,3.192720371815151,1.08147543433147,0.7287428782825393,-17.743066261712823,72.25693373828717,72.25693373828717
1173,2.1367269374441915,1.355093717806573,3.57844896726186,2.640739101834321,0.6745420988938511,-78.64782492088848,11.352175079111532,11.352175079111518
1174,1.4783979621211876,1.0668359877482534,2.162795065043825,2.027298563117268,1.0229236783893918,65.90874535043702,-24.091254649562984,24.091254649562984
1175,1.1237553499514827,0.7532921842329002,2.5546491944173155,3.3913124918703232,0.4826534260160909,78.6446562044308,-11.355343795569198,11.355343795569198
1176,1.3938469657443524,1.326816755725364,1.5188949385941195,1.144766172148427,1.253877014812143,-58.354055751392,31.645944248608004,31.645944248607996
1177,2.0198761507134417,1.7523270541427731,2.478701891729292,1.4145201296009526,0.9154413403410808,-73.32716459334574,16.672835406654258,16.672835406654258
1178,1.340559085464394,1.107727178876371,1.7057242736919356,1.5398414936628586,1.117909786626065,-3.4702295954917948,86.5297704045082,86.5297704045082
1179,2.512793352570581,1.7834542949648733,3.659708418393351,2.052033757593677,0.848051164109601,72.58898480424311,-17.41101519575689,17.41101519575689
1180,5.266270375691215,2.22744376816876,14.393658777831543,6.46196280396562,0.3238706820965165,-80.32107219255911,9.678927807440886,9.678927807440886
1181,1.3038244488524504,1.0671683412971134,1.993048925593916,1.867604995826076,0.7149974650332497,-81.0915832574354,8.908416742564611,8.908416742564597
1182,1.663882010113248,1.3845404429080872,2.124020783314104,1.5340980425626378,0.9086221417380356,63.27813250280568,-26.721867497194317,26.721867497194317
1183,1.5108941070107518,1.175390469422227,2.112283656663301,1.797091019209652,0.9462018209663808,83.52041210481802,-6.479587895181979,6.479587895181979
1184,1.3223193364400538,1.2382717718789995,1.5988793725423476,1.2912184617728537,0.9519176460671034,61.45001639741496,-28.549983602585037,28.549983602585037
1185,1.857010129468512,1.1991891827112269,3.1325658770054368,2.612236603004599,0.7563379316706967,79.3580203317795,-10.6419796682205,10.6419796682205
1186,1.8173540983129992,1.6120058830084203,2.322678144164679,1.4408620766507132,0.833339313171144,-82.23497661853317,7.765023381466847,7.765023381466833
1187,2.6991730427448086,2.4786738593594886,3.358563646926424,1.354984091289165,0.8203775741749723,-84.87123274914387,5.128767250856129,5.128767250856129
1188,1.3038244488524504,1.1310827769303329,1.597887467591823,1.4127060372436762,1.048107845337748,4.8637892757008,-85.1362107242992,85.1362107242992
1189,2.2148574771042746,1.6658996730965856,3.101389468714776,1.8616904239796697,0.8967483106412031,88.19942736882112,-1.8005726311788806,1.8005726311788806
1190,1.2071068813224677,0.9942150159011376,1.5257063910661293,1.534583934726894,1.1913189457781517,-39.92542410051591,50.0745758994841,50.07457589948409
1191,1.870041939381716,1.3958192460020435,2.7938817710557244,2.0016071415106667,0.7272474193440627,-83.51261855602712,6.487381443972879,6.487381443972879
1192,3.34958565745192,2.117037007413939,5.592501512365512,2.6416645022171896,0.617417421552481,-54.935079957409485,35.06492004259053,35.064920042590515
1193,2.2690184693770243,1.52017344105686,3.5282312467655133,2.320939934533131,0.8460039725071694,71.58749402734605,-18.412505972653946,18.412505972653946
1194,1.7212740281460053,1.100025362029338,3.0982492550815066,2.8165252929858138,0.5963993355603022,-69.42084317090514,20.57915682909487,20.579156829094856
1195,1.1237553499514827,1.0373293879112215,1.3224144481009892,1.2748259747695168,1.1614847300287745,80.44207433602949,-9.557925663970508,9.557925663970508
1196,1.663882010113248,1.1144386711091585,2.6774472132809235,2.4025074530267,0.686774469229718,-77.72722107053794,12.27277892946205,12.272778929462064
1197,1.5583682828180965,1.2953881984388504,2.0293532846419366,1.5665985587082167,0.9263985070198562,81.15867464821905,-8.841325351780952,8.841325351780952
1198,2.2690184693770243,1.2795402148847703,4.336539015964102,3.3891385089093364,0.5967154104624169,78.52124814677988,-11.478751853220118,11.478751853220118
1199,6.310910549219671,2.288366304089827,19.112533977651385,8.352043090082638,0.2662700192012335,-82.931060726257,7.068939273743013,7.068939273742998
1200,1.1661760393441107,0.9357202695860984,1.5540039728734512,1.660756984094019,1.1478755871791315,-56.05136843922673,33.948631560773265,33.94863156077327
1201,2.0198761507134417,1.0347860463062015,4.551871025089757,4.398852343765391,0.4944372712401969,-87.56752888434835,2.4324711156516514,2.4324711156516514
1202,1.461879030667795,0.9596059706227864,3.405241845101718,3.5485834283541493,0.4064086706092177,-68.2449201756053,21.7550798243947,21.7550798243947
1203,1.4783979621211876,1.1237287632362956,2.082750523945037,1.8534281510662736,0.9474917645798002,-78.88446618263558,11.115533817364422,11.115533817364422
1204,1.6344304437273447,1.2098861281416364,2.318920585534685,1.9166436671990827,0.9184544216774644,87.63118073925129,-2.368819260748708,2.368819260748708
1205,1.2850634067342854,0.963417445008966,1.80705337153236,1.8756701790006949,1.0854390590658023,-12.98152832646024,77.01847167353976,77.01847167353976
1206,1.3938469657443524,1.3308908165462618,1.5726462174685831,1.1816493118118363,1.1454726519003775,-45.311377843603154,44.68862215639683,44.688622156396846
1207,3.614608273703613,2.2226926596816985,6.211852174642399,2.7947418405259725,0.6636000504990414,-49.196719296503126,40.80328070349688,40.803280703496874
1208,3.0696295240609217,2.030476796550405,5.101510126023153,2.512469058838867,0.6659527538822639,-12.057236268660144,77.94276373133985,77.94276373133985
1209,3.147749633621639,1.8830503901279445,5.864357727055566,3.114286137959968,0.6037602963917513,66.81122835909453,-23.188771640905472,23.188771640905472
1210,2.6354399017991645,1.7539789825616203,4.283050050102028,2.4419050015335952,0.6176695950410951,-55.7662164081601,34.23378359183991,34.2337835918399
1211,1.461879030667795,1.1196400985774806,2.095045473628678,1.8711776009902328,0.9245431946288896,59.6123502223972,-30.387649777602803,30.387649777602803
1212,2.2690184693770243,1.3667381020717264,4.082937460133242,2.987359066045097,0.6832436792221883,-80.8166019051304,9.183398094869602,9.183398094869602
1213,5.040062740996901,3.115433540761636,8.565018739149604,2.749222099295913,0.6098994931969791,-72.21906771008683,17.780932289913153,17.780932289913167
1214,2.031863651507851,1.3743241938988418,3.0940290642620454,2.2513094639515483,0.858555981170074,-86.32397153530543,3.676028464694582,3.676028464694568
1215,2.434249075164649,1.9313924596391088,3.370405138947067,1.7450648738562669,0.8344192259603288,72.30353027785738,-17.696469722142623,17.696469722142623
1216,7.059253514672287,2.3681268958937207,22.70532861596034,9.587885115164594,0.256606771939747,-87.7138241711674,2.2861758288325973,2.2861758288325973
1217,1.7353254778478429,1.0473682671647322,2.942467040567947,2.809391054526908,0.8083328847767961,85.56663582417853,-4.433364175821467,4.433364175821467
1218,1.2270604129519955,1.0486158577866844,1.543863921057338,1.472287405910468,1.1907990532479251,-10.31119523247878,79.68880476752122,79.68880476752122
1219,1.340559085464394,1.2342320071870945,1.7672759473294948,1.4318830957538091,0.744882284590555,56.567848628667925,-33.432151371332075,33.432151371332075
1220,1.4282681233264556,1.0763395865641063,1.9484030604878368,1.8102122088694452,1.09225677536773,-3.700474882493672,86.29952511750633,86.29952511750633
1221,2.579558503195455,1.5211583515717486,4.9364379453111775,3.245183474955493,0.5607304372433166,-74.18986194540588,15.81013805459412,15.81013805459412
1222,3.6213206439674015,2.374030081435294,5.702825891223194,2.4021708637219006,0.7540280817689217,-45.379012683836606,44.620987316163394,44.620987316163394
1223,1.3038244488524504,1.1615704431322256,1.5922199329985367,1.370747630858311,0.9411240751404778,33.10674465939076,-56.89325534060924,56.89325534060924
1224,1.2071068813224677,1.0814136296846948,1.3864754991690482,1.2820954546072252,1.3401746884947396,77.19066404122292,-12.809335958777083,12.809335958777083
1225,2.090770448616529,1.47190886254932,3.0806811467175157,2.092983624938456,0.8844175525848479,83.31014092599725,-6.689859074002754,6.689859074002754
1226,1.376313601551939,1.1711278555725184,1.923245144315217,1.642216206508911,0.8025901577715837,39.12028825803078,-50.87971174196922,50.87971174196922
1227,1.2660243778180809,1.066181351168607,1.564884206562869,1.4677467438795946,1.1966056892027488,0.8811955118302534,-89.11880448816974,89.11880448816974
1228,2.690160753669267,2.0032294836027478,4.229613182805741,2.1113972300362263,0.5934331749976061,-51.60660406389007,38.393395936109926,38.39339593610993
1229,2.9975812429533355,1.954992569305417,4.784266166853731,2.447204271755118,0.7857702232089714,61.37803892979206,-28.621961070207938,28.621961070207938
1230,2.383845085036066,2.2795837889774724,3.111115423444705,1.3647734461387022,0.7269290219615471,-53.34831201506644,36.651687984933574,36.65168798493356
1231,2.170555852193912,1.7370587209577293,2.819854795708897,1.623350299956565,0.8911562092100476,40.03763777482558,-49.96236222517442,49.96236222517442
1232,15.11215539650706,8.044172265956204,34.3010881094023,4.264091689653163,0.4134705212659345,-81.09268200625965,8.90731799374035,8.90731799374035
1233,1.4111624987975715,1.1458059295280008,1.822738465376888,1.5907916152325554,1.075133808407167,71.41390369606333,-18.58609630393667,18.58609630393667
1234,1.1451621372724683,0.6492812816373953,3.44875169985686,5.311645041051541,0.3291760879980279,71.47473234701336,-18.525267652986642,18.525267652986642
1235,3.2910731082467106,2.0989380080771745,5.503947933062838,2.622253688237784,0.6608445027987678,-88.59600225694308,1.4039977430569195,1.4039977430569195
1236,1.3938469657443524,1.2859451343077029,1.586691342049789,1.2338717257202385,1.2164115950554917,-79.00533728031753,10.99466271968248,10.994662719682466
1237,5.661833139946212,4.219057301533171,7.8438349841168815,1.8591439801650704,0.6725135371096547,-68.4235424734489,21.57645752655111,21.576457526551096
1238,1.5108941070107518,1.2910551256003977,1.9324539173084565,1.496802017969434,0.9307154131997356,-73.25052963636864,16.74947036363136,16.74947036363136
1239,2.4541208259039915,1.3805277971849712,4.511283366677741,3.267796110934297,0.6068936573461728,-82.08304007292412,7.9169599270758795,7.9169599270758795
1240,2.102353753036351,1.365353888098547,3.4662126820986323,2.5386917723769296,0.7884354506848841,88.13732493390354,-1.8626750660964575,1.8626750660964575
1241,1.4111624987975715,1.019339291385594,2.151806183031416,2.1109813005505287,0.8358824986800082,-45.35337363873357,44.64662636126644,44.64662636126643
1242,1.69282125807016,1.455850021710274,2.3980723936986585,1.6471974158996814,0.7444155026590503,25.768175107495424,-64.23182489250458,64.23182489250458
1243,1.186817925731738,0.977341298675796,1.5239387971233094,1.5592698264036329,1.1634814952674997,-11.26782045734458,78.73217954265542,78.73217954265542
1244,1.1661760393441107,1.1183327701696717,1.340208590695122,1.1983987471741415,1.1087790191208158,-43.732136161515534,46.26786383848446,46.267863838484466
1245,2.0078170808425457,1.4853292748993396,2.8305155105313577,1.9056485039138416,0.95887129425369,82.8938701761378,-7.106129823862204,7.106129823862204
1246,1.663882010113248,1.1960114978430638,2.598353755652849,2.172515699338031,0.7275483904423394,86.32659311368262,-3.6734068863173803,3.6734068863173803
1247,1.2071068813224677,0.6739269852362422,3.652271835812282,5.419388028410814,0.3319292642062872,68.8641697646526,-21.1358302353474,21.1358302353474
1248,1.933884181003576,1.5651729118369424,2.7093889019413058,1.7310476570677875,0.8058310134150183,81.71356027415669,-8.286439725843309,8.286439725843309
1249,2.353084504890762,2.080016413349942,2.8450811219230903,1.3678166689756952,0.8135451443323289,14.62229467380959,-75.37770532619041,75.37770532619041
1250,1.3585539723246187,1.2530721973364016,1.5870370185947331,1.2665168231872237,1.0933078054957777,-78.67730108753942,11.322698912460567,11.32269891246058
1251,2.1138735858617226,1.513376999399689,3.127029795407288,2.066259627738287,0.8328790301667417,-72.72630074017061,17.273699259829385,17.273699259829385
1252,1.186817925731738,0.8864394071485447,1.831787985464273,2.066455948023204,0.8818984064152314,38.28800929031871,-51.71199070968129,51.71199070968129
1253,2.332352078688221,2.522196825747673,2.563882481539124,1.0165275189334575,0.7660242074389904,-8.830757628639171,81.16924237136082,81.16924237136082
1254,3.435486411817406,3.5856398957386992,3.9048588881673054,1.0890270639859787,0.6360812918013592,70.45258998737687,-19.547410012623132,19.547410012623132
1255,1.4282681233264556,1.126317361055075,2.020058286594529,1.7935071911723397,0.9349024153627414,-10.41499410846197,79.58500589153803,79.58500589153803
1256,1.2270604129519955,0.859730305208646,2.054881309510904,2.3901464180819,0.7449946849081684,39.23644970476991,-50.76355029523009,50.76355029523009
1257,1.3038244488524504,1.2231572349989708,1.589593980892737,1.2995826991074249,0.8640944532011332,7.508527848092895,-82.4914721519071,82.4914721519071
1258,30.539247455483736,24.430507316248463,40.27649640640351,1.648614819374465,0.4255699859503308,-42.91823537561475,47.081764624385244,47.08176462438525
1259,1.6784140066373283,1.591155224484028,1.8675804260973767,1.1737261062653312,0.975009995123973,-68.57278431872547,21.427215681274532,21.427215681274532
1260,1.2466946262544771,0.8600492433144175,1.9137700175400905,2.225186560440299,1.0122823486638597,-11.271734111934936,78.72826588806507,78.72826588806507
1261,1.3223193364400538,1.2511017559475317,1.927810100392841,1.5408899325960892,0.6682893590992027,25.722008362533508,-64.2779916374665,64.2779916374665
1262,1.4783979621211876,1.2986701454825471,1.9910062002078972,1.5331115504068962,0.8104405222730215,54.82895222271392,-35.17104777728608,35.17104777728608
1263,2.181715595945335,1.461024382360077,3.7805522903222353,2.5876038319191434,0.6048661172407932,-38.28449426028579,51.71550573971422,51.71550573971421
1264,4.803213632193296,5.4140472656174605,6.06834681340761,1.1208522045873806,0.4156649081736134,-37.348326763845066,52.651673236154934,52.651673236154934
1265,1.4451712930335778,1.2703539570745588,1.8408052277984424,1.4490490760839212,1.053089332946454,-65.15384897862344,24.846151021376556,24.846151021376556
1266,1.5892300566907107,1.326948090283706,2.043542637706681,1.5400320876679996,0.855398640898993,41.57829430446947,-48.42170569553053,48.42170569553053
1267,1.946401361393312,1.592138966685901,2.602759944685705,1.6347567637914493,0.7823410054384912,53.574939338377526,-36.425060661622474,36.425060661622474
1268,2.6629408889963733,1.4896091747221354,5.240323353341523,3.5179182850555604,0.6191875592345979,-88.75237356636299,1.2476264336370093,1.2476264336370093
1269,1.2466946262544771,1.0621763523434062,1.5785971107380226,1.4861911652008375,1.171772790271726,60.33371195406866,-29.66628804593134,29.66628804593134
1270,4.898336007701698,3.117078421823315,10.254203085804631,3.28968402399273,0.4575688594711571,-66.67865932810881,23.321340671891193,23.321340671891193
1271,6.353098813597084,3.240675836939132,14.5454506639545,4.48840038184532,0.3310068159832423,-74.31776875150598,15.68223124849402,15.68223124849402
1272,3.335053763946224,2.6344260095905323,4.6019094484033145,1.7468357174011455,0.7379182961362081,-51.320277432070895,38.679722567929105,38.679722567929105
1273,3.6347081966259984,2.0149589069856804,6.817978686424814,3.3836812566189307,0.6089684940205788,85.33250739494764,-4.6674926050523595,4.6674926050523595
1274,6.541435334865133,3.072393701827624,14.615400605343847,4.757007735255357,0.4284552047885376,-86.87028764115641,3.129712358843591,3.129712358843591
1275,1.9212854528773184,1.3524397904943144,2.800135552437357,2.070432689217102,0.885073117380127,80.30048500494453,-9.699514995055466,9.699514995055466
1276,1.9834790046600808,1.332753381464476,4.974083017746529,3.732185629332888,0.2995963893768933,-86.77546527712292,3.224534722877081,3.224534722877081
1277,1.663882010113248,0.6233813538858252,5.130545326463615,8.230187339551538,0.2795266882896352,87.53121921765499,-2.468780782345007,2.468780782345007
1278,1.8173540983129992,1.3855804870953223,2.452890738321479,1.770298269329431,1.042427219007192,-86.48374385328957,3.5162561467104183,3.5162561467104325
1279,1.376313601551939,1.2649649483551535,1.711767798187585,1.353213620988798,0.9225083274996768,63.4280340536244,-26.5719659463756,26.5719659463756
1280,1.9834790046600808,1.3953101768972629,3.019987549533411,2.1643843781380045,0.7252146912364028,76.98896144029209,-13.011038559707913,13.011038559707913
1281,1.7353254778478429,1.097390342463857,3.400961876776328,3.09913596390916,0.5902647519485663,67.50558716719483,-22.494412832805168,22.494412832805168
1282,2.192818546001692,1.803411908803201,2.885240552751408,1.5998788400294754,0.8875576636663218,-81.97985933382358,8.020140666176417,8.020140666176417
1283,1.2466946262544771,1.1270890992895897,1.442581247567549,1.2799176644302706,1.232617037812355,-81.44863551547381,8.551364484526175,8.55136448452619
1284,3.0537656993932494,2.3521226330187397,4.07344392193749,1.7318161326944033,0.8803953107325194,3.287850948124555,-86.71214905187544,86.71214905187544
1285,1.2850634067342854,1.022198567029906,1.668973017561413,1.6327287783339115,1.194323593279092,-70.41766221819373,19.582337781806274,19.582337781806274
1286,1.186817925731738,1.1540375175597388,1.2764631018822887,1.106084579105733,1.3427950716563035,-83.6598082540901,6.3401917459099195,6.340191745909905
1287,1.526882849696625,1.3697814787775666,1.8589776134311624,1.3571344351145476,1.0357727191610713,-1.6922589761548872,88.30774102384511,88.30774102384511
1288,5.353170847053397,4.130392357159375,7.6187541876306035,1.844559433784713,0.7335897093898915,-25.984861300862036,64.01513869913796,64.01513869913796
1289,1.4451712930335778,1.0502473775433478,2.1784662679996023,2.0742410926988373,0.8311896977477778,59.583279512104006,-30.416720487895994,30.416720487895994
1290,1.946401361393312,1.294531884229937,3.792338401549737,2.929505597929433,0.4420252575087847,59.64398263613073,-30.35601736386927,30.35601736386927
1291,11.605397845545374,8.88218004023979,15.673018068856598,1.764546316090377,0.7095659789925426,64.0906612035226,-25.9093387964774,25.9093387964774
1292,1.3938469657443524,1.2566722671711783,1.5959341116016943,1.2699684343271205,1.2283468785700158,-75.80832292923506,14.19167707076494,14.19167707076494
1293,1.6195038256468852,1.3070896790358777,2.124943800745658,1.6257062042698076,0.987952043077336,-66.92140974213068,23.078590257869337,23.078590257869322
1294,2.2038655607334228,1.7108370229480616,2.928534144293972,1.711755184750218,0.9203594411882012,-79.31482671383537,10.685173286164627,10.685173286164627
1295,2.8987325676804407,1.8760939356151425,4.653345183286815,2.480336988969081,0.6935065154326727,72.70254420332462,-17.29745579667538,17.29745579667538
1296,2.770216054293097,2.2984366137263312,3.656643884700099,1.5909265728114987,0.7865935861997025,-5.9719631396968405,84.02803686030316,84.02803686030316
1297,1.9086035621207809,1.684525787247716,2.5938530850760566,1.5398120377332167,0.7449093011660918,-70.33292182178914,19.667078178210858,19.667078178210858
1298,2.79639190560923,1.8560872234499333,4.4997317411701125,2.4243104980844614,0.7570159970896597,48.828260362162574,-41.171739637837426,41.171739637837426
1299,1.4111624987975715,1.3569639917603076,1.5448334236637546,1.1384483545946826,1.2357333923568254,9.24160910647288,-80.75839089352712,80.75839089352712
1300,2.055628946700877,1.8259749854260667,2.379281693006177,1.30301987266874,1.0994386243032912,-76.54875041522958,13.451249584770437,13.451249584770423
1301,1.749264059016166,1.1901758299771046,2.653368519471756,2.2293920382527,0.9236914773055244,-81.24429258891477,8.755707411085211,8.755707411085226
1302,1.3585539723246187,1.02173625170167,2.850536569563696,2.78989471579991,0.5450538143562872,55.75115104784355,-34.24884895215645,34.24884895215645
1303,1.7630924485867383,1.294498272084806,2.967590842157357,2.2924641200007274,0.700198330700495,59.98463710712952,-30.015362892870478,30.015362892870478
1304,4.669907398433393,2.7271471773427143,8.743470772518098,3.20608687538367,0.5410465010027975,73.95551323693593,-16.04448676306407,16.04448676306407
1305,1.2270604129519955,1.1845527479706934,1.3768662376103753,1.1623511405204556,1.0473388969008453,35.128364502048804,-54.871635497951196,54.871635497951196
1306,1.9956851445118324,1.257882349666258,3.316348803012831,2.636453881313087,0.819772292836886,88.5101973433268,-1.4898026566732057,1.4898026566732057
1307,2.383845085036066,1.6512988608836,3.711002865901994,2.247323578916695,0.7549668297562956,-48.05198577262449,41.948014227375495,41.94801422737551
1308,2.8480219617032505,1.967360858268,4.984815572882566,2.5337576235358443,0.5745213423258168,72.1233823478464,-17.876617652153598,17.876617652153598
1309,2.940323395380274,2.5813421395404355,6.768410016960121,2.622050720546917,0.3462312640631737,-39.44593994697095,50.55406005302905,50.55406005302905
1310,1.3585539723246187,0.8794335099199814,2.205104554183459,2.5074147497337225,0.8956649819171231,-1.101868137227658,88.89813186277235,88.89813186277235
1311,1.6784140066373283,1.3957380018530194,2.3579758404628697,1.6894115065523454,0.6522544798005493,61.10458721846132,-28.89541278153868,28.89541278153868
1312,2.181715595945335,1.7086580594602168,2.970214026782865,1.7383314410615236,0.9084310331306604,-49.52356288241635,40.47643711758366,40.47643711758365
1313,2.770216054293097,1.93061218436049,4.195491492535144,2.1731404818233284,0.7145210150228687,-70.79287899966045,19.207121000339555,19.207121000339555
1314,1.9956851445118324,1.9540593298817064,2.0856268988793394,1.0673303860254837,1.1840762888565952,1.997840212729643,-88.00215978727036,88.00215978727036
1315,2.5224394277803315,1.9324243198198137,3.3764433407498844,1.747257735332536,0.9348632798906588,-67.7956696338382,22.2043303661618,22.2043303661618
1316,1.2071068813224677,0.8667304472124576,2.077347941252903,2.396763547345063,0.7527482701717269,-78.10509575480022,11.894904245199768,11.894904245199783
1317,1.4783979621211876,1.415024261636278,1.8105874547194611,1.2795451666855306,0.9059379136912156,81.54018426276662,-8.459815737233384,8.459815737233384
1318,1.526882849696625,1.1190780525947388,2.220626626870434,1.984335785802966,0.9296618496819624,-31.907522676205847,58.09247732379416,58.09247732379416
1319,3.997450064503461,2.4706556230283416,6.772117322559776,2.741020342713336,0.6587734469593062,65.31757323910968,-24.682426760890323,24.682426760890323
1320,1.8173540983129992,1.112162538840986,3.196823727944749,2.874421333482644,0.6894224277858018,-85.97924154664126,4.020758453358724,4.020758453358738
1321,1.376313601551939,1.2422774486477843,1.5997700754508883,1.287771968485972,1.104568817831742,-85.59250907233817,4.407490927661826,4.407490927661826
1322,1.376313601551939,1.161978240191254,1.7263409025088088,1.485691248594005,0.9954031499364002,48.12336708160641,-41.87663291839359,41.87663291839359
1323,3.614608273703613,2.180822136439019,10.139242527487983,4.649275315979672,0.2381520054574659,4.82410434250099,-85.17589565749901,85.17589565749901
1324,2.1138735858617226,1.8234982439511456,2.665932830477423,1.4619881534412091,0.865980571169581,-37.90716036187194,52.092839638128055,52.09283963812806
1325,1.3585539723246187,1.0415933880141348,1.8847220164961649,1.809460426865333,1.0578865763597387,-85.33661387063893,4.663386129361072,4.663386129361072
1326,2.2582901895629326,1.465890889496867,3.757273245529596,2.563132953789755,0.6883478651387354,-83.54834079277968,6.4516592072203025,6.451659207220317
1327,2.383845085036066,2.177738854298984,2.877553739673176,1.321349313299304,0.8633141953857564,5.998961747024215,-84.00103825297579,84.00103825297579
1328,2.1480624384075764,2.0429456424065844,2.6638972294654537,1.3039491478233312,0.7798347219335393,25.40548167565841,-64.59451832434159,64.59451832434159
1329,2.031863651507851,1.834419780161089,2.374990849761902,1.2946823161454042,0.9814409137552954,68.05504639802145,-21.944953601978554,21.944953601978554
1330,1.526882849696625,1.1861728483481966,2.476458980714656,2.08777243903639,0.7253052589670371,41.60042514090047,-48.39957485909953,48.39957485909953
1331,9.92229129366697,7.933000278673733,14.074993577120038,1.7742333395547474,0.5611041238332641,80.7513062790241,-9.248693720975893,9.248693720975893
1332,1.340559085464394,0.9925007654860448,1.9565986772748936,1.9713825372383604,0.9926054815270692,40.96163110929831,-49.03836889070169,49.03836889070169
1333,2.055628946700877,1.630964502561967,2.8950367773355024,1.77504585341244,0.8320722116274111,39.6084177108372,-50.3915822891628,50.3915822891628
1334,1.9086035621207809,1.4065206016703953,2.6688932218647565,1.897514489795,0.9354701136822646,-81.90247687970175,8.097523120298263,8.097523120298249
1335,7.055812493987858,6.785646980605418,7.856064629493032,1.1577473234235522,0.6796520813487096,-20.01798223322227,69.98201776677773,69.98201776677773
1336,4.664704157376443,3.305172170490546,7.031153683205309,2.127318433206389,0.6906325654054959,49.95828048165488,-40.04171951834512,40.04171951834512
1337,7.395274409661881,6.816823694117462,8.298380309747856,1.2173382622333178,0.8296631596662116,-40.2842348411688,49.7157651588312,49.7157651588312
1338,2.055628946700877,1.581804801413064,2.8709347552883484,1.814974105985564,0.8883015669511933,89.98631675407884,-0.01368324592115755,0.01368324592115755
1339,1.4282681233264556,1.039835282519774,2.5148105977792703,2.4184701558551387,0.6640129842470573,86.21542142674076,-3.784578573259239,3.784578573259239
1340,1.3585539723246187,1.1285144963220033,1.9056570358184275,1.6886420529193442,0.9008073217342843,1.3973519999799109,-88.60264800002008,88.60264800002008
1341,1.526882849696625,1.2693790164093957,1.963639437633773,1.5469291773769691,1.0031704867308782,79.14575668365217,-10.854243316347834,10.854243316347834
1342,1.8306682257451572,1.249238655772182,2.952107055115998,2.363124965334374,0.7193654195569075,88.72958076681441,-1.2704192331855921,1.2704192331855921
1343,2.031863651507851,1.3488776992089424,3.1935904559274184,2.367590818500683,0.8268453912550267,77.80216382907338,-12.197836170926621,12.197836170926621
1344,2.055628946700877,1.8255550785170456,2.4912526192598854,1.3646548650197978,0.8506023310450211,-65.24554087426195,24.754459125738038,24.75445912573805
1345,1.857010129468512,1.2544009564752343,3.085466121959742,2.459712826295711,0.7228737670687905,-40.53320190996836,49.46679809003163,49.46679809003164
1346,2.743790495859625,1.7878981612696354,4.372992123686124,2.445884345325766,0.6678665693353406,81.67043328466559,-8.329566715334408,8.329566715334408
1347,3.193704613854007,1.994491055974216,6.47314502033188,3.245512182640523,0.5098755003806756,-81.99191926228009,8.008080737719922,8.008080737719908
1348,1.340559085464394,1.1276451222241597,1.710961288739157,1.517287003702431,1.0479242630711398,13.620599151625289,-76.37940084837471,76.37940084837471
1349,1.186817925731738,1.0834194321010306,1.4368707577569917,1.3262368342152837,1.051562575359991,13.887966631675654,-76.11203336832435,76.11203336832435
1350,1.186817925731738,1.057919045795794,1.3868133894924264,1.3108880069828308,1.354940317580369,30.76906217964629,-59.23093782035371,59.23093782035371
1351,1.4451712930335778,1.0090406364016409,3.9159873070890314,3.880901487827,0.3597868198937362,55.133763892046055,-34.866236107953945,34.866236107953945
1352,2.2148574771042746,1.3030056804727166,4.154846997025458,3.1886637635517627,0.6177019343696364,-63.62995827041049,26.370041729589502,26.37004172958951
1353,2.102353753036351,1.3336689327803877,3.593010590278875,2.694079843929699,0.7410405312457978,-83.52967769385717,6.470322306142833,6.470322306142833
1354,1.340559085464394,1.250670558285108,1.5028334380316413,1.2016221442777817,1.192123827413167,27.573311329271466,-62.42668867072854,62.42668867072854
1355,2.734925236834042,1.732432514256309,5.048465174174426,2.914090524525632,0.5411450523824965,74.36608014183246,-15.633919858167545,15.633919858167545
1356,1.2466946262544771,1.1227210476538143,1.529126292542233,1.3619823871100454,0.9475087693248392,-38.658262497693954,51.341737502306046,51.341737502306046
1357,1.9711972828282505,1.3789022128618056,3.0528996834285858,2.214007385695993,0.7065720970368914,63.455571528974666,-26.544428471025334,26.544428471025334
1358,2.5031101051741675,1.6139709562089484,4.226447050470785,2.6186636346903502,0.6765134537895162,64.6436083917759,-25.3563916082241,25.3563916082241
1359,1.5892300566907107,1.139505774266529,2.8408198720648112,2.4930280620064207,0.6022350364046912,-87.44125740144126,2.5587425985587515,2.5587425985587373
1360,1.2466946262544771,0.9019370236821478,1.9317766780177843,2.141808826220846,0.8908518537766221,-72.72976676081758,17.270233239182403,17.270233239182417
1361,1.2850634067342854,1.0690297399292688,2.100084251021228,1.9644769201277577,0.6413264022921941,-38.29624578146843,51.70375421853157,51.70375421853157
1362,2.8480219617032505,1.994688477271368,4.288871363132786,2.1501459561243084,0.7320712953841502,-34.652759239291505,55.3472407607085,55.347240760708495
1363,16.058000274803323,15.045390279451478,20.08735630670714,1.335116998203883,0.5371176897305846,-72.48991808691925,17.51008191308074,17.510081913080754
1364,2.839482146491885,2.4834117653737064,3.69098767102276,1.4862568191414425,0.6747895819262792,31.3990626065029,-58.600937393497105,58.600937393497105
1365,7.694615998560399,3.1276573651431225,19.86396964926017,6.351069612240338,0.317635563652434,-82.16767169590665,7.832328304093352,7.832328304093352
1366,3.0537656993932494,1.799997258718773,5.365471486484944,2.980822032086901,0.6447291929128627,85.92764186609536,-4.072358133904643,4.072358133904643
1367,1.6784140066373283,1.740130820730506,2.038902358257306,1.171694871424308,0.7159672149528096,-46.98573768914776,43.014262310852246,43.01426231085224
1368,1.2466946262544771,0.8905735727848134,2.114887797310723,2.374747984826782,0.6839242386224985,-69.36512903827757,20.634870961722413,20.634870961722427
1369,3.327764020226496,4.009127367598425,4.9300903833944485,1.2297165770384852,0.2662681422849828,-32.184918918497175,57.815081081502825,57.815081081502825
1370,2.5320487556361617,1.7627025505439935,4.112963331729677,2.3333280651692268,0.5919229024192834,-79.85973846282802,10.140261537171966,10.14026153717198
1371,1.3585539723246187,1.172010572691602,1.6888505961645706,1.4409858029574003,0.9634431383274552,70.5575461462692,-19.442453853730797,19.442453853730797
1372,1.3223193364400538,1.245604688635833,1.6402189271458516,1.3168053573579543,0.95991488799629,-75.06877946016209,14.93122053983791,14.93122053983791
1373,2.839482146491885,1.3998972845034845,6.169238658003728,4.406922369445008,0.5244448610182366,-75.56897888413164,14.431021115868361,14.431021115868361
1374,2.290324274544937,1.5368155094624707,3.674428618503133,2.390936710281074,0.7637947035997225,55.61729544210876,-34.38270455789124,34.38270455789124
1375,2.247510699902965,1.3561186942205388,3.893942986500139,2.871388030483773,0.7332082087787749,74.84627882657227,-15.153721173427726,15.153721173427726
1376,1.69282125807016,1.2052728775878914,2.4950746158310837,2.070132550252411,0.9267876085953218,-19.65995781833653,70.34004218166348,70.34004218166348
1377,3.276281693571072,2.116588683217647,5.367746344962447,2.536036589216936,0.6116115415953925,72.84922471527389,-17.15077528472611,17.15077528472611
1378,4.015634161685092,2.314424563858503,7.6940660544597375,3.324396990339812,0.5143571408748437,65.06329148797192,-24.936708512028076,24.936708512028076
1379,2.383845085036066,2.011047427681818,3.070197824159377,1.5266660457125405,0.7868019727873742,69.68081752141231,-20.31918247858769,20.31918247858769
1380,2.6991730427448086,1.54944886257667,5.063580163575404,3.2679879187202587,0.6155815541217854,63.73447346328925,-26.26552653671075,26.26552653671075
1381,2.181715595945335,1.3595485696906062,3.65852213149744,2.690983031470522,0.782470096421529,67.63614329606224,-22.363856703937756,22.363856703937756
1382,1.3938469657443524,1.0834219134264074,1.9432967973352675,1.7936657670043223,0.9781492593306892,23.159206821102995,-66.840793178897,66.840793178897
1383,1.933884181003576,1.735380517578683,2.2575432662169668,1.3008923653048956,1.1131591085188377,89.47378684332378,-0.5262131566762207,0.5262131566762207
1384,2.279696262327928,1.2892404967170557,4.267728137790643,3.3102653451067194,0.5532673484953592,89.545078391452,-0.45492160854800545,0.45492160854800545
1385,2.0198761507134417,1.278871232506768,3.4611285825586964,2.706393337016735,0.737358543278542,69.98789343577224,-20.012106564227764,20.012106564227764
1386,2.6991730427448086,1.9563582052256616,3.909346110107178,1.998277258052669,0.7579486851085652,0.3183005565045436,-89.68169944349546,89.68169944349546
1387,1.895836839826219,1.5246551406488122,2.4548897252020185,1.610127864165629,0.9920754103650774,-87.72046805266947,2.2795319473305256,2.2795319473305256
1388,2.181715595945335,1.7880184253916118,2.761791836609394,1.5446103895738692,0.9471803308879456,-86.24650668443913,3.7534933155608883,3.753493315560874
1389,4.4242292369904375,2.157357860325269,9.667742899726324,4.481288467490831,0.4670587522947924,-89.70051071465733,0.2994892853426734,0.2994892853426734
1390,1.2071068813224677,1.1029751469527311,1.3683942779248166,1.2406392670817452,1.3738782186093093,49.3708292927539,-40.6291707072461,40.6291707072461
1391,6.578455638005078,3.6957612366664887,12.32818635674999,3.3357637485991374,0.5868459624212015,-77.0818561212399,12.918143878760105,12.918143878760105
1392,4.435193886363563,2.935497186527002,6.929750374348173,2.360673485279946,0.7317697387236723,89.02281028435475,-0.9771897156452525,0.9771897156452525
1393,2.681118170928788,1.8021055362951597,4.175240754977176,2.316868058438355,0.6897129608372476,84.37625605093078,-5.6237439490692225,5.6237439490692225
1394,1.2270604129519955,0.8787742660438209,2.1360900035929853,2.4307607609056534,0.7348691308884953,-51.901705397557166,38.09829460244282,38.098294602442834
1395,2.332352078688221,1.47252108397097,4.437300698180919,3.0134038462897808,0.4908232837330458,84.75444691706886,-5.2455530829311385,5.2455530829311385
1396,1.4783979621211876,1.4745581853461485,1.6118388754527078,1.0930995409138995,1.0229236783893918,88.57286813501713,-1.4271318649828686,1.4271318649828686
1397,2.0078170808425457,1.4842507455848106,2.876501096330537,1.938015598029675,0.8255263104456725,-82.51463282945815,7.485367170541849,7.485367170541849
1398,2.473832956432472,1.4940221178828323,4.218367699768388,2.823497489947609,0.7329688967580424,-87.96136653617842,2.038633463821583,2.038633463821583
1399,1.8306682257451572,1.47965175247936,2.3588117492255094,1.594166833697859,1.0426263097651158,48.96316316599167,-41.03683683400833,41.03683683400833
1400,1.3038244488524504,0.982296429913929,1.885805542167189,1.9197927272650557,0.9468970240072212,-82.89905023881553,7.1009497611844665,7.1009497611844665
1401,1.5738748168108194,1.2164045280982068,2.1818181960906298,1.7936616854771197,0.9534007840767678,-40.49387237224692,49.506127627753074,49.50612762775308
1402,1.8829835605082688,1.4341026041919271,2.691933433654525,1.8770856602490773,0.8845310611997588,78.40867420449545,-11.591325795504545,11.591325795504545
1403,1.3585539723246187,1.0632131100242077,1.8397056556322504,1.7303263459480516,1.078805801765831,-72.88379755663497,17.11620244336501,17.116202443365026
1404,1.340559085464394,1.282815461711465,2.3788780331583923,1.8544195203140268,0.4931020523371009,85.94485006321405,-4.055149936785952,4.055149936785952
1405,1.2660243778180809,1.2615393217162707,1.3616190196610862,1.0793314137910988,1.2170473197996912,-18.50834206053326,71.49165793946673,71.49165793946673
1406,1.4783979621211876,1.144134879828847,2.375010413521632,2.07581331134395,0.6902272111069438,-27.701592208701477,62.29840779129853,62.29840779129852
1407,2.6169453581990307,2.381185494378164,2.9116943185339044,1.222791893117206,1.0981674322856965,-13.596022723074256,76.40397727692574,76.40397727692574
1408,1.340559085464394,1.0806819536756722,1.8488065161315876,1.7107776342922445,0.896306776305353,56.58587983515999,-33.41412016484001,33.41412016484001
1409,3.2239773722754084,2.0586399012689167,5.742141157899988,2.7892887699109554,0.563793651888382,-65.4258627877978,24.574137212202203,24.574137212202203
1410,1.4947343471339476,1.414154790988438,1.7035022773901676,1.2046080727835229,1.0063298243212992,-88.16669196724636,1.8333080327536209,1.833308032753635
1411,1.9711972828282505,1.3205411127016586,3.365406332758873,2.5485055333670608,0.7216834756740966,-64.96849662384867,25.031503376151335,25.031503376151335
1412,2.0078170808425457,1.1574414835795015,3.892007372443234,3.362595368887953,0.5687661985886929,-60.38327023517604,29.61672976482396,29.61672976482396
1413,2.125330979189304,1.8465939244378324,2.5989491656570167,1.4074286345592886,0.8085637741812054,64.39692743240259,-25.60307256759741,25.60307256759741
1414,3.8362456818684256,2.509538805629575,6.795926325499321,2.70803795113836,0.5567124972544037,-89.637036354429,0.3629636455709999,0.3629636455709999
1415,2.192818546001692,1.530161322589452,3.4930673951397506,2.2828098864951856,0.6347840628767679,-82.11374152814685,7.886258471853154,7.886258471853154
1416,1.2270604129519955,0.9758039842505706,1.6008353047428578,1.6405295844045145,1.243721598389396,-61.51288103477584,28.48711896522417,28.487118965224163
1417,1.542705892513396,1.2753972190470575,1.948110913681822,1.5274542586327715,1.0824124009680711,85.55593761154847,-4.444062388451528,4.444062388451528
1418,1.857010129468512,1.717724111452583,2.089708704052192,1.2165566578005604,0.9754157277931552,6.561923169989685,-83.43807683001032,83.43807683001032
1419,1.2660243778180809,1.2501593940034543,1.4591764788548611,1.1671923483149296,0.9946146816530548,84.23382356946665,-5.766176430533349,5.766176430533349
1420,2.2257951114113315,1.6697719830208009,3.220526320141734,1.9287222165001527,0.7651520886335405,-42.10770141509989,47.89229858490012,47.89229858490011
1421,3.2239773722754084,2.9917355969266075,3.8733345448658745,1.2946780954991235,0.7091830929597173,13.217862106278682,-76.78213789372131,76.78213789372131
1422,3.013740827659439,2.9236866022038117,3.6870116965629744,1.2610830770246666,0.5279642179719108,-70.97391377827503,19.026086221724967,19.026086221724967
1423,4.36343119189067,2.321549036296739,8.736370607572104,3.763164366111381,0.5367299701044924,81.66217181513491,-8.337828184865089,8.337828184865089
1424,1.2071068813224677,1.1537957248372768,1.2876807619870954,1.116038770353999,1.4540236622461788,-45.00000000000007,44.99999999999994,44.99999999999993
1425,1.6344304437273447,1.2904351340104556,2.5461843206550405,1.9731207354390048,0.6290484505186914,46.738324256282176,-43.261675743717824,43.261675743717824
1426,1.2660243778180809,1.2018120708624376,1.4947544878952577,1.2437506030561003,0.8948634752269136,-83.56363150309727,6.43636849690273,6.43636849690273
1427,1.2660243778180809,0.9792190634611916,1.843654685887344,1.8827806306902155,0.8712318437951958,18.137531031977595,-71.8624689680224,71.8624689680224
1428,2.055628946700877,1.3942956410578844,4.3050013964317895,3.0875814781759523,0.4648547559387294,80.4416736230388,-9.558326376961205,9.558326376961205
1429,3.3204582726208347,1.7463291028518428,6.802945387003582,3.8955689256360855,0.5445008520280716,-86.88549280036628,3.114507199633721,3.114507199633721
1430,1.3223193364400538,0.937178025575344,2.049838534025508,2.187245622588184,0.9340942052295528,8.299463670753493,-81.7005363292465,81.7005363292465
1431,5.784884726027941,2.5367034272285114,14.8274471041014,5.845163823624902,0.3229698280813578,76.89468248323557,-13.10531751676443,13.10531751676443
1432,1.95883855734249,1.6990863044182636,2.346584418697444,1.3810860652548618,1.0343657422564785,-20.70041656719179,69.2995834328082,69.2995834328082
1433,1.3223193364400538,1.224543053790441,1.5072704300508106,1.2308839818944852,1.1388176422468417,69.77514056883193,-20.22485943116807,20.22485943116807
1434,1.2466946262544771,1.03684838401167,1.6535052446298295,1.5947415939756329,0.9141947620673389,51.85835823300084,-38.14164176699916,38.14164176699916
1435,1.870041939381716,1.4375489781183657,2.7590406569086414,1.9192672381291669,0.7075340420678783,18.127801689372,-71.872198310628,71.872198310628
1436,1.186817925731738,1.064440838519006,1.4688820861942735,1.379956530264266,1.0385790639928734,55.15452061686387,-34.84547938313613,34.84547938313613
1437,4.473358519984934,1.914482496313987,11.272542268032938,5.88803621330376,0.3796774169941228,-78.39525001521145,11.604749984788555,11.604749984788555
1438,5.334993643984116,4.627948819616599,6.25200115123101,1.3509227078593655,0.9333969644852677,-86.89690217256772,3.1030978274322933,3.103097827432279
1439,1.843886218520761,1.376064115832213,2.5785821289661968,1.87388225541128,0.9344166596424166,-78.94964252679014,11.050357473209857,11.050357473209857
1440,1.9086035621207809,1.2620129295159073,3.076452629072829,2.437734635771853,0.7043807365950961,80.92038684318328,-9.07961315681672,9.07961315681672
1441,1.2466946262544771,1.188384908030177,1.3997776191812414,1.1778823592614125,1.2070879712043348,22.89724881683539,-67.10275118316461,67.10275118316461
1442,1.2850634067342854,1.2016228917088811,1.41327200125257,1.1761360498406397,1.336453190572659,17.86097441095975,-72.13902558904024,72.13902558904024
1443,1.9212854528773184,1.3433451841935748,2.86303601752857,2.131273518687814,0.8868540838881273,88.88494121424347,-1.1150587857565313,1.1150587857565313
1444,4.075661916973856,2.747518547794565,6.378852743102597,2.321677772920917,0.7097746574964999,-76.33429040545244,13.665709594547565,13.665709594547565
1445,3.62802059538288,2.315711108210285,6.080403243416002,2.625717526619841,0.6441379989054883,-89.49353341676397,0.5064665832360333,0.5064665832360333
1446,1.186817925731738,0.9671001773280162,1.6283335338165512,1.6837278825813524,0.9797686454878876,-79.85526199756498,10.14473800243502,10.14473800243502
1447,2.0198761507134417,1.231307090904384,3.449014500648052,2.801100169182638,0.7793747079776535,-70.00575437066179,19.994245629338195,19.99424562933821
1448,1.376313601551939,1.349939267285576,1.474803499379829,1.0924961849175088,1.104568817831742,2.3493402586497094,-87.6506597413503,87.6506597413503
1449,2.414213762644935,1.4045282660390517,4.51321775722815,3.213333520126297,0.5855816779888111,56.87423009123125,-33.12576990876875,33.12576990876875
1450,1.2071068813224677,1.0396658130101375,1.5496740771923174,1.4905501919944413,1.02318669894017,-46.663360564254845,43.336639435745155,43.336639435745155
1451,1.186817925731738,0.9993145913946596,1.617761724914224,1.6188713132432595,0.9680880548172228,46.25928398057414,-43.74071601942586,43.74071601942586
1452,1.9711972828282505,1.2225788518016716,3.671662165124359,3.0032109255886104,0.5635523804676646,-31.92929506811597,58.07070493188402,58.07070493188403
1453,1.3223193364400538,1.136214926520898,1.6660346052886306,1.4663023398135122,1.0196019856908387,85.69462628386172,-4.305373716138277,4.305373716138277
1454,12.228971779644311,6.781776914014859,23.11497056669877,3.4083944163557782,0.4873308263395562,83.80188221509566,-6.1981177849043405,6.1981177849043405
1455,3.3423276084952747,2.016179076272019,5.905519395280938,2.9290649153052595,0.5809196198260742,83.34728468192785,-6.652715318072154,6.652715318072154
1456,10.346438805294412,8.090817127194056,13.647635126829863,1.6868055367311148,0.7590622862364462,-78.72052864225937,11.279471357740647,11.279471357740633
1457,2.778968733462305,2.01796742384466,4.050207867319433,2.007072968305365,0.7490603144566257,-48.96879322362329,41.031206776376706,41.03120677637671
1458,12.974761322784016,6.586415203725802,26.39036852416326,4.006787866825457,0.4604490084396818,-69.3549531899905,20.64504681000949,20.645046810009504
1459,1.2660243778180809,1.2294351608256844,1.4694508639345971,1.1952243686830293,1.0605587813933246,79.02565045823653,-10.974349541763473,10.974349541763473
1460,1.3038244488524504,1.051039800384144,1.9378574651036071,1.8437526955642791,0.8362885799747023,33.59727847966256,-56.40272152033744,56.40272152033744
1461,1.3938469657443524,1.2202182801361976,1.7047681313595302,1.3971009606324276,1.143615734182178,-84.91516356326161,5.084836436738385,5.084836436738385
1462,7.1447404457306725,3.5009303646125027,15.332212866555777,4.379468104117177,0.4676267718409089,83.68626612222222,-6.3137338777777785,6.3137338777777785
1463,1.7353254778478429,0.8496046812548274,4.560788503403638,5.368130148091418,0.4278335593954138,81.84065564691146,-8.159344353088542,8.159344353088542
1464,1.663882010113248,1.428561891490287,2.1209582351705247,1.484680676283423,0.883958405111311,-2.618229220234056,87.38177077976594,87.38177077976594
1465,5.8141966712622,2.874124839016996,13.766482029586138,4.789799608807017,0.3064932855859322,-53.22306028675238,36.77693971324763,36.77693971324762
1466,1.8829835605082688,1.065201864916502,5.009538632699671,4.702900734305749,0.3247083842289121,77.831356222725,-12.168643777274994,12.168643777274994
1467,7.245993586789585,6.978148130587032,13.245187338691006,1.8980948943508256,0.1445879475466288,-77.37176080171552,12.628239198284462,12.628239198284476
1468,1.3938469657443524,1.0547501728559228,1.998813286667056,1.895058505897103,0.8359754056090651,78.5853795511963,-11.414620448803703,11.414620448803703
1469,1.3038244488524504,1.184380452781162,1.546599121052918,1.305829657540526,1.104411493978301,16.100580435263446,-73.89941956473655,73.89941956473655
1470,4.643832893144799,1.7455562591080525,13.136388076944602,7.525617125429723,0.3115339267016136,85.06543835026648,-4.934561649733524,4.934561649733524
1471,1.946401361393312,1.6597898747475064,2.4436241686127143,1.472249111643995,0.8819651741179291,-41.63344073907742,48.36655926092257,48.36655926092258
1472,1.6044383463340146,0.999581306613862,3.062838289801001,3.064121217088921,0.6418748401437023,-59.16677517887253,30.833224821127487,30.833224821127473
1473,1.3585539723246187,1.2202502541341909,2.1084862519647287,1.7279129791788257,0.6521355507178875,-52.32008553264888,37.679914467351125,37.67991446735112
1474,1.2270604129519955,0.9505304527441458,1.675024197625578,1.7621994043324396,1.155649681998894,60.07176011419245,-29.92823988580755,29.92823988580755
1475,1.8306682257451572,0.9889970518532614,3.771481724058008,3.813440815612853,0.4719256277972351,78.81611572125661,-11.183884278743392,11.183884278743392
1476,2.332352078688221,1.2856257658816883,4.977539384214981,3.871686081836856,0.4685669729002734,89.96792970310203,-0.03207029689797025,0.03207029689797025
1477,1.461879030667795,1.131978795156002,2.378480503934593,2.101170546756405,0.6823538565771523,-45.82571590414639,44.17428409585361,44.17428409585361
1478,1.9212854528773184,1.545470098942317,2.667266382015117,1.7258608780852702,0.7811448067984331,-75.35908804419218,14.640911955807837,14.640911955807823
1479,1.3223193364400538,1.1795137699628984,1.5223274020915758,1.2906397880708596,1.25249677677818,53.92727416695964,-36.07272583304036,36.07272583304036
1480,1.9711972828282505,1.2545195695850375,3.183713192051338,2.5377947616268965,0.7986511293612087,81.96383653384606,-8.036163466153937,8.036163466153937
1481,2.830916569973106,1.953847201487115,6.062380241518818,3.102791373299105,0.3299795677184098,-71.10907667467647,18.890923325323513,18.890923325323527
1482,2.4933892525089543,1.357357556560768,5.022034795664131,3.699861375059356,0.5681111536687189,-89.34002988708676,0.6599701129132427,0.6599701129132427
1483,3.116736565636193,2.328036952041185,4.3120126362286895,1.852209705025509,0.8544065234487119,59.63577032571719,-30.36422967428281,30.36422967428281
1484,1.6344304437273447,1.1422453775177377,2.4453174827890374,2.140798755608065,0.956706345094647,83.92308703081872,-6.076912969181279,6.076912969181279
1485,7.195545118219172,2.938856874829709,18.7209755112557,6.370155577018523,0.3575418368736417,-85.32394704869682,4.676052951303177,4.676052951303177
1486,1.5738748168108194,1.1512411012359698,2.407488069930796,2.091211013354303,0.8349562715155955,82.70980662541751,-7.290193374582486,7.290193374582486
1487,1.857010129468512,1.1435109238514962,3.394230959957771,2.968254075374769,0.6235071700207023,-75.48015299505616,14.519847004943841,14.519847004943841
1488,4.484203041401843,1.891074931532672,11.514140733438891,6.088675039495633,0.4029746265747814,83.6751098307622,-6.324890169237804,6.324890169237804
1489,1.4451712930335778,1.4208030098161486,1.60859069880381,1.13217010922011,0.9121638531540848,-2.263099545485431,87.73690045451457,87.73690045451457
1490,9.38391359825076,5.893498267651257,15.563117711551024,2.640726611726555,0.5412909359717788,69.88325338061452,-20.11674661938548,20.11674661938548
1491,1.4111624987975715,1.206754561000305,1.8008036331712751,1.4922700036688077,0.9248244608619072,68.32346174224637,-21.676538257753634,21.676538257753634
1492,1.9086035621207809,1.117590320754163,3.679496981674404,3.292348648108759,0.64032538948926,-88.7501036890899,1.2498963109101169,1.2498963109101027
1493,2.0078170808425457,1.3127884704303954,3.225671624934339,2.457114529560736,0.7663020946564055,64.98416499702995,-25.01583500297005,25.01583500297005
1494,10.039085404212727,4.8941659235438015,21.494453557846253,4.3918522366488135,0.4622052878861712,-84.55943884638556,5.440561153614453,5.440561153614439
1495,1.2071068813224677,1.1360446232017742,1.375023851256732,1.2103607756017805,1.1094096838279042,18.80403547918517,-71.19596452081483,71.19596452081483
1496,4.893375666168412,3.0032716904531607,9.25933512188648,3.0830827431697827,0.5690888709804767,56.8714908643155,-33.1285091356845,33.1285091356845
1497,3.62802059538288,2.44902373222512,5.707212195804783,2.3304029767891863,0.7603986404133678,76.89866506577458,-13.10133493422542,13.10133493422542
1498,1.1451621372724683,1.1264454932492924,1.2090471157469584,1.0733294446936772,1.4201140178257663,-63.08681452288605,26.913185477113956,26.91318547711395
1499,1.2660243778180809,0.9561874827444438,1.7917819775487498,1.8738814404953172,0.9946146816530548,73.94245868699096,-16.05754131300904,16.05754131300904
1500,1.2850634067342854,1.1297873101401306,1.6267572004624749,1.439879157662608,0.8671619573420831,-48.04206827563871,41.95793172436129,41.95793172436129
1501,2.2690184693770243,1.673628236942756,3.420647550658551,2.0438514809639585,0.7591655280257114,78.57825348609842,-11.421746513901581,11.421746513901581
1502,1.376313601551939,1.2162380569560791,1.7889459493002162,1.4708846998074312,0.8729667508361244,60.71098318459038,-29.289016815409617,29.289016815409617
1503,1.1661760393441107,1.030738090276082,1.5272197132190637,1.4816758278623423,0.8364434306986969,5.620525414751362,-84.37947458524864,84.37947458524864
1504,1.2466946262544771,0.5483418787679735,3.447937406393472,6.287933750638148,0.3768264138464703,-68.359772669321,21.64022733067901,21.640227330678997
1505,1.749264059016166,1.1834178836489144,2.938764635681029,2.483285639236525,0.5711072607558574,-68.58342943638216,21.416570563617825,21.41657056361784
1506,2.0674091517192297,1.671536701681716,3.356723212020051,2.0081660239005736,0.5775604662739862,-80.56141486627835,9.43858513372163,9.438585133721645
1507,3.91767711468498,1.826365805308795,8.704640915688895,4.766099370885422,0.4882235185377786,65.45105987729207,-24.548940122707933,24.548940122707933
1508,1.95883855734249,1.4562873869028237,3.1109910298347696,2.1362480083351585,0.6363363673354067,-76.39053133783891,13.609468662161078,13.609468662161092
1509,1.526882849696625,1.1309112430840196,2.1478879132755297,1.899254186754915,1.0085925759587888,-56.6306743079655,33.369325692034494,33.3693256920345
1510,1.4783979621211876,1.2550589135444057,1.8955800888242456,1.5103514810081284,0.9749923462093606,-56.75098888190903,33.249011118090976,33.24901111809097
1511,2.236679259992467,1.4322333287019786,3.7252463714391664,2.601005225046206,0.698524247311694,-84.24773252751133,5.752267472488654,5.752267472488668
1512,1.3585539723246187,1.30337245181524,1.9376561598268407,1.4866480852255377,0.709938871656977,-39.193703521797175,50.806296478202825,50.806296478202825
1513,1.9956851445118324,1.259885196639052,3.603839884010517,2.860451010635211,0.6244242067318754,-79.66463181686348,10.335368183136524,10.335368183136524
1514,1.7768132193231367,1.1573619576876748,2.973731568785212,2.569404972258214,0.7163714428938521,83.40165730558826,-6.598342694411741,6.598342694411741
1515,1.4111624987975715,1.1561380168093844,2.224841020849445,1.9243732050169755,0.6801460504299788,-62.18517054796073,27.814829452039277,27.81482945203927
1516,4.329908816797095,2.524234816545601,8.204677116650267,3.25036207522021,0.5757009766904402,57.60690664819836,-32.39309335180164,32.39309335180164
1517,2.414213762644935,1.9479566801961288,3.1149651855261897,1.599093664245429,0.9005309297277481,66.75835847019503,-23.241641529804966,23.241641529804966
1518,1.1661760393441107,0.9745679389698344,1.465485486360561,1.5037283987708958,1.2241187150073616,53.463756532073525,-36.536243467926475,36.536243467926475
1519,2.125330979189304,1.3600783773900362,3.487272341359243,2.5640230734726117,0.7413143581916908,72.63062385280155,-17.36937614719845,17.36937614719845
1520,1.6344304437273447,1.120783345896304,3.287131313348012,2.932887364345384,0.5267490023967074,19.5516861509409,-70.4483138490591,70.4483138490591
1521,5.683239012665447,2.6425626603339656,14.889338513675035,5.634431583088111,0.3278762697517936,72.21481505555911,-17.785184944440886,17.785184944440886
1522,3.4425480562920105,2.4199031023328854,5.239113501196506,2.165009622139741,0.7194040417898299,-49.92776524037769,40.07223475962232,40.07223475962231
1523,1.2850634067342854,1.0418335937005565,1.6795754104073957,1.612134049586175,1.0631388783080264,-11.62904858692946,78.37095141307054,78.37095141307054
1524,4.087561685120696,3.243436300646917,6.148862213768107,1.8957863339390049,0.5912554074082773,83.47389704249035,-6.52610295750965,6.52610295750965
1525,3.356828013274657,3.0182923061108817,4.381166658883096,1.45153822577519,0.6422062224234247,-9.70460364895931,80.2953963510407,80.2953963510407
1526,1.7630924485867383,1.3346621868074042,2.6941725309320463,2.018617562977997,0.7423387292864693,76.89000797976212,-13.109992020237883,13.109992020237883
1527,5.670405185944732,2.5715612032005017,13.06377607891264,5.0800953376702775,0.4306326882335197,67.32696723563198,-22.673032764368017,22.673032764368017
1528,1.4282681233264556,1.2518439815039264,1.6808959132281314,1.3427359463826758,1.1895356499726453,-67.53899185387208,22.461008146127938,22.461008146127924
1529,2.4541208259039915,1.4088821414277248,5.124446657287611,3.6372429649045226,0.4723491906181331,80.90376307457507,-9.096236925424932,9.096236925424932
1530,1.4282681233264556,1.3610769460125542,1.5335474038868937,1.1267161701471862,1.3252937927739612,13.699870772996936,-76.30012922700307,76.30012922700307
1531,1.4783979621211876,1.2450837364437757,2.194392062940085,1.7624453670945344,0.731910153141218,18.94166675318457,-71.05833324681544,71.05833324681544
1532,8.715724073711046,4.507708538962717,19.948329292122494,4.425381348349747,0.3744783938077295,69.54122896649504,-20.45877103350496,20.45877103350496
1533,1.870041939381716,1.2123737877956162,3.322277771281191,2.740308149784302,0.6320216085244645,-70.12984877362862,19.870151226371377,19.870151226371377
1534,2.3114337002746863,1.638809733935258,3.4581554745946126,2.110162884064996,0.8808564822875713,70.40807920367722,-19.591920796322782,19.591920796322782
1535,2.5511588286726434,1.741981674992629,4.04156221055621,2.320094561599398,0.7154814833700622,-42.26626975880897,47.73373024119104,47.73373024119103
1536,1.461879030667795,1.2082514420918729,1.8977857326067489,1.5706877446974692,0.9474941601687804,15.525270977105649,-74.47472902289435,74.47472902289435
1537,1.2466946262544771,1.0775310839551695,1.6006967982974785,1.4855226193772382,0.9731292760443933,57.10498201149883,-32.89501798850117,32.89501798850117
1538,1.5108941070107518,1.191583813957168,2.3742224588060403,1.992493042450292,0.711427688067584,-35.692303790788564,54.30769620921143,54.307696209211436
1539,1.6195038256468852,1.271690359630283,2.2972388671828154,1.806445137989949,0.891521262618127,-17.336697230452952,72.66330276954704,72.66330276954704
1540,1.3938469657443524,1.168424756352276,1.840796611412972,1.575451565370614,0.9796179841362364,84.45625629251715,-5.543743707482847,5.543743707482847
1541,1.4451712930335778,1.2686415401219853,1.8277735611439063,1.44073286530422,0.938740195439446,-18.36066373531922,71.63933626468078,71.63933626468078
1542,1.461879030667795,0.9094626913438462,2.6989852423776406,2.967670106829285,0.5972729118942528,75.08592378850066,-14.914076211499335,14.914076211499335
1543,1.4282681233264556,0.986709949385516,2.379220392742838,2.411266243159423,0.7270010109534129,-2.040397610975896,87.9596023890241,87.9596023890241
1544,1.2850634067342854,0.9896363253695036,2.07842181215185,2.1001874717723434,0.7336723427390922,44.14860570243637,-45.85139429756363,45.85139429756363
1545,21.078911298435237,15.379563960834483,32.58476352451945,2.118705290182455,0.541027025545089,65.11049768242172,-24.889502317578277,24.889502317578277
1546,5.270879803598329,2.713905257201603,11.618064361148448,4.280939553920985,0.4584805587154082,58.75088979013773,-31.249110209862273,31.249110209862273
1547,1.2850634067342854,1.3621159961571918,1.4705222912117188,1.0795866837775665,0.8320874465859953,64.18374269243084,-25.81625730756916,25.81625730756916
1548,3.936229754120056,2.4465184406608502,6.471230242884343,2.64507723928553,0.7216500573595654,64.6007348155018,-25.399265184498205,25.399265184498205
1549,1.6044383463340146,1.42010917704251,2.5605653617223227,1.8030764135014627,0.5189064756758066,33.61855658790412,-56.38144341209588,56.38144341209588
1550,5.41631068118443,4.063158661465054,8.516849006047785,2.096115292474664,0.5787711544557717,-45.05162767909408,44.94837232090592,44.94837232090592
1551,1.2466946262544771,1.1205646263157072,1.4435319472965695,1.288218379731246,1.2416748177977135,-38.34195847544637,51.658041524553624,51.65804152455363
1552,1.4282681233264556,0.960711311365104,2.3619484193571045,2.4585412822931585,0.8150532336935415,-69.82543703236404,20.17456296763595,20.174562967635964
1553,1.4282681233264556,1.2135539968852382,1.825065537149487,1.503901385380281,1.0476589680605566,-33.34536890425313,56.65463109574688,56.65463109574687
1554,1.946401361393312,1.555997512769221,3.842776278126948,2.469654512035774,0.455034053801649,-15.730243265632812,74.26975673436719,74.26975673436719
1555,1.186817925731738,1.1133217363198449,1.330799013846624,1.1953409067945304,1.2279722552527148,-8.004934872064565,81.99506512793543,81.99506512793543
1556,1.5108941070107518,1.2592594677372604,2.201003514337419,1.7478554426057726,0.8205992706333349,44.48501539904852,-45.51498460095148,45.51498460095148
1557,1.933884181003576,1.4770197932692706,2.668021483445791,1.80635459023899,0.842426116624033,-9.245810593868445,80.75418940613156,80.75418940613156
1558,2.2038655607334228,2.072633550088016,2.565477005042866,1.2377861030638633,0.9494770560913268,35.487895190834124,-54.512104809165876,54.512104809165876
1559,1.526882849696625,1.1583924230644365,2.0846425721021924,1.7995996266856042,1.0357727191610713,-16.89408352141374,73.10591647858627,73.10591647858627
1560,1.3223193364400538,1.2333425633289172,1.579598083950713,1.280745618384577,0.9340942052295528,-4.0023644286464215,85.99763557135358,85.99763557135358
1561,1.4783979621211876,1.1469122013405348,2.3359110994162604,2.036695656987517,0.71605753462474,-51.22505113974409,38.774948860255904,38.77494886025591
1562,1.186817925731738,0.8411556772038262,1.771320186881806,2.1058173116895995,1.0647910820055984,-6.208722895038158,83.79127710496184,83.79127710496184
1563,1.4451712930335778,1.1319252767896502,2.15040854075414,1.8997795922122152,0.8656740064160504,-17.97666694941395,72.02333305058605,72.02333305058605
1564,1.4783979621211876,0.8753696268007136,3.049196026759758,3.4833239964058493,0.508826061991113,-70.34447228605738,19.655527713942604,19.655527713942618
1565,2.5224394277803315,1.952412663942482,3.401821997189346,1.742368332276687,0.8052940876216708,-68.05892134685352,21.941078653146462,21.941078653146477
1566,1.1661760393441107,0.9170551047244816,1.5944131689743983,1.7386230781119976,1.067753687789005,85.73656197392569,-4.263438026074311,4.263438026074311
1567,1.3223193364400538,0.9769189286932892,2.0533369250226827,2.101849871789456,0.7832427649754133,-78.4740256272566,11.525974372743406,11.525974372743406
1568,2.653805558851462,2.242378962532404,3.825604684136142,1.7060473488458618,0.5446359200507734,-86.93246039788916,3.0675396021108554,3.067539602110841
1569,1.2071068813224677,1.1175916001572868,1.353479984734654,1.2110685017175944,1.3548367051806531,87.06179127053903,-2.9382087294609676,2.9382087294609676
1570,2.778968733462305,2.23412525894162,3.912901560388277,1.7514244309837623,0.6643974162244687,68.73456590799672,-21.265434092003275,21.265434092003275
1571,14.665230873919494,6.764246261896665,36.67155803580093,5.421381276783732,0.2951262448679865,-80.57459724891706,9.425402751082942,9.425402751082942
1572,4.798154953978628,3.760459229431105,6.513650657885563,1.7321423423252935,0.6769904291222363,75.48021615184066,-14.519783848159335,14.519783848159335
1573,1.3223193364400538,1.0834497372967016,1.687896310798477,1.5578907379773062,1.2278240387282042,43.83988720724174,-46.16011279275826,46.16011279275826
1574,2.86502522895345,1.3726969039949062,6.808601283267699,4.960017949667471,0.4006913323624772,75.26722950281952,-14.732770497180482,14.732770497180482
1575,3.132281482844322,1.9426077031518607,5.325966869497609,2.741658473224564,0.6726452248423226,-59.0414668657639,30.95853313423609,30.9585331342361
1576,7.583347359304876,4.324972285911598,15.089960734385604,3.489030619581186,0.4573638656654848,-87.38842083109404,2.611579168905962,2.611579168905962
1577,2.881928179315977,2.262139398369071,3.854702300840059,1.7040074115764812,0.8762128596510863,-76.27125397704077,13.728746022959228,13.728746022959228
1578,1.3223193364400538,0.7357772792277201,3.689075066967624,5.013847493143193,0.2945218446535942,80.3140004106402,-9.685999589359795,9.685999589359795
1579,1.6044383463340146,1.3192520763616389,2.444280276746565,1.852777282327755,0.7325287564567812,-39.1103384132333,50.88966158676669,50.8896615867667
1580,1.2466946262544771,0.9407930390492752,1.9673749978475368,2.0911878768104843,0.8985324851210892,50.15242323438301,-39.84757676561699,39.84757676561699
1581,1.3038244488524504,1.2330669113044612,1.6397599540006988,1.3298223632211468,0.7541879780490686,54.76609904400923,-35.23390095599077,35.23390095599077
1582,2.090770448616529,1.5255217323422323,3.2151284424907938,2.1075599084087764,0.738149207507327,62.21459207551886,-27.78540792448114,27.78540792448114
1583,2.383845085036066,1.5085538145566602,4.0349278477089765,2.674699310541187,0.6348517038703785,-75.654531919219,14.345468080781018,14.345468080781004
1584,1.461879030667795,1.4229123086488678,1.7018151916329975,1.196008482946474,0.9333769660181332,23.68748075788069,-66.31251924211931,66.31251924211931
1585,1.2466946262544771,1.141100143283163,1.461195279573087,1.2805145001287523,1.1123937649447773,74.11030009366883,-15.889699906331174,15.889699906331174
1586,1.2466946262544771,1.0155223583211928,1.6274232473555028,1.6025479242484348,1.0913991455361816,-31.745805923328813,58.25419407667118,58.25419407667118
1587,2.6169453581990307,1.5252423631385232,4.799034590058873,3.146407879849205,0.6186737457564606,-84.6596104381814,5.340389561818597,5.340389561818597
1588,1.9834790046600808,1.4263306436239398,2.832996576229874,1.9862130768164368,0.9814659720161708,-86.65188988805427,3.3481101119457435,3.3481101119457293
1589,3.5808576908105785,1.891384086414815,7.458107078537493,3.9432007132272098,0.5470803714139401,-70.46451677759563,19.535483222404366,19.535483222404366
1590,6.944799670198081,3.230426009941032,16.139196439916777,4.995996314495804,0.3962755847809364,-89.01296611646559,0.9870338835344228,0.9870338835344086
1591,4.279132885865594,1.9717071039536345,9.720437842117978,4.929960348890926,0.4204707267650912,88.66214220777961,-1.3378577922203903,1.3378577922203903
1592,1.4111624987975715,1.335236710109355,1.956251229870189,1.4650969487724566,0.6234600970214852,53.73469051776056,-36.26530948223944,36.26530948223944
1593,1.2071068813224677,1.1187601374282186,1.4512020938016776,1.2971521287285668,0.9829429628896842,62.179307045499584,-27.820692954500416,27.820692954500416
1594,4.737029465098906,3.666707528019887,6.473859779389862,1.7655784460360018,0.7017762770735674,-11.478649312589049,78.52135068741094,78.52135068741094
1595,1.526882849696625,1.4053371321894683,1.9318316696813629,1.3746393128256942,0.823750169327858,-79.3928626832297,10.60713731677032,10.607137316770306
1596,1.3223193364400538,1.038629486861908,1.8467124451809207,1.77802813085977,0.968013334430206,84.50390967203745,-5.496090327962548,5.496090327962548
1597,2.079122611754846,1.480265916518556,3.3226600993147013,2.2446373062005507,0.6714332317098906,-35.32669853576357,54.67330146423643,54.67330146423643
1598,1.2660243778180809,1.1302389045927963,1.6185754401632475,1.4320648790145742,1.0035395659207806,53.59709413218293,-36.40290586781707,36.40290586781707
1599,5.905372814841544,4.862783188620241,8.34105867495095,1.715284920469101,0.5845173955140456,3.1761768049193244,-86.82382319508068,86.82382319508068
1600,2.031863651507851,1.558122651229744,4.0929524188726285,2.6268486730760747,0.3713477565355617,66.6729497512461,-23.327050248753906,23.327050248753906
1601,1.69282125807016,1.021452259892066,3.505118960215629,3.431505414248146,0.5454597612153863,-80.79863244824705,9.201367551752952,9.201367551752952
1602,1.340559085464394,1.3539112336410348,1.6664209001622652,1.230819908097525,0.8702094447049042,67.6339570920089,-22.3660429079911,22.3660429079911
1603,1.376313601551939,1.2332395973333077,1.7458317749974404,1.415646869247902,0.8865338546041396,-16.101642138943976,73.89835786105603,73.89835786105603
1604,1.3938469657443524,1.1996472207636868,1.8607052173141247,1.5510436610936449,0.8171399600379997,-45.64827611362025,44.351723886379744,44.35172388637975
1605,2.787693931488705,2.209685795390361,4.339075855129997,1.963661921609746,0.5648703636735117,23.90923915559581,-66.09076084440419,66.09076084440419
1606,2.055628946700877,1.856250768484296,2.5983947764685587,1.3998080542696574,0.815609375262226,-20.99921565972002,69.00078434027998,69.00078434027998
1607,1.340559085464394,1.064273416621615,1.9154807419031927,1.7998013593007092,0.9458055284732428,-23.34757625624883,66.65242374375117,66.65242374375117
1608,1.95883855734249,1.3910245393315743,3.460737110270768,2.4879051464712094,0.5959912955627119,72.09351300863544,-17.90648699136456,17.90648699136456
1609,7.134536098063149,4.833232196179948,11.191588670107368,2.315549556868567,0.6317584445676755,-77.81839173648233,12.18160826351766,12.181608263517674
1610,1.376313601551939,0.8650314185135387,2.641101417912163,3.0531855391456246,0.6615976660314882,79.95576726057242,-10.044232739427585,10.044232739427585
1611,3.5330652644909053,1.597852706317762,8.115659240396097,5.079103479505671,0.4696588403353922,83.37463012471157,-6.625369875288428,6.625369875288428
1612,8.296024452512155,3.9066712193688016,19.67049097086622,5.035102742545191,0.3876846715436061,-65.27584373267395,24.724156267326066,24.72415626732605
1613,3.085411785026792,2.2873763117663515,4.486386672692007,1.9613679872497851,0.7703857503673305,-59.459491237417225,30.54050876258276,30.540508762582775
1614,2.394010781836305,1.342978430271867,4.783253388489069,3.5616755121828474,0.5598451459837307,-84.02615028532232,5.9738497146776695,5.973849714677684
1615,1.4947343471339476,1.188686703971181,1.94736303946982,1.6382475154841412,1.1265606817566718,44.68394129523969,-45.31605870476031,45.31605870476031
1616,1.2071068813224677,0.9895659247383524,1.53867486763938,1.5548987987295697,1.2826459750518429,22.35156666633765,-67.64843333366235,67.64843333366235
1617,1.3038244488524504,1.0730679328385746,1.7911622680258767,1.669197460115815,0.95565655457879,35.86591893432081,-54.13408106567919,54.13408106567919
1618,1.933884181003576,1.3669757016862296,2.8485487907788505,2.083832790345161,0.8100801475793034,-70.99781979497908,19.00218020502092,19.00218020502092
1619,1.2270604129519955,0.991136052692791,2.0264123414322075,2.044534991867869,0.7290943996176225,-33.3854095552237,56.6145904447763,56.6145904447763
1620,1.69282125807016,1.4986348253389252,2.049108647098925,1.3673168489431755,1.0332697621893725,-30.41723791958388,59.58276208041612,59.58276208041612
1621,6.079633882766124,3.585282652662504,10.817314359596592,3.017144088085617,0.5840081481778794,67.59518552588611,-22.40481447411389,22.40481447411389
1622,1.3038244488524504,1.2718583089619648,1.459202079029193,1.1472992461087352,1.0739539137080982,-82.9548136640211,7.045186335978883,7.045186335978897
1623,3.178460113381421,2.575044534697776,4.410326141185369,1.7127183944812796,0.7214803583818511,11.645081439764557,-78.35491856023545,78.35491856023545
1624,2.830916569973106,2.1100899052108844,4.193698622933343,1.987450208911464,0.7206365243283942,-84.178269738088,5.821730261911995,5.821730261911995
1625,2.1367269374441915,1.3852277206372765,4.246467783199712,3.0655376873674727,0.5019049211700437,-57.915313651390846,32.084686348609154,32.084686348609154
1626,1.2466946262544771,1.078276849288329,1.5148550417647206,1.4048850652451053,1.2070879712043348,-32.810477721556936,57.189522278443064,57.189522278443064
1627,1.186817925731738,0.8971800746846473,1.8619677933765415,2.075355712765925,0.7396381400858945,56.10085381477855,-33.89914618522145,33.89914618522145
1628,1.1237553499514827,1.0165202718388835,1.3323913853778713,1.310737643202705,1.2038852366573758,-67.05626439238509,22.94373560761491,22.94373560761491
1629,5.50084137591442,4.06843524455292,8.655172423078769,2.1273958912500484,0.5466817636841753,-79.91043618808976,10.089563811910239,10.089563811910239
1630,1.2660243778180809,1.1315295968241457,1.5978027589375732,1.4120733239520311,0.9593410916048472,51.17955795930252,-38.82044204069748,38.82044204069748
1631,1.5108941070107518,1.318980774709139,2.1365859200613406,1.6198764690353424,0.7796796187855854,3.996902419837353,-86.00309758016265,86.00309758016265
1632,1.4783979621211876,1.1971091718082103,2.1783121401851973,1.8196436811981804,0.772265783744867,-76.50760351579333,13.492396484206665,13.492396484206665
1633,2.279696262327928,1.7806962004932698,3.120328107869452,1.752307949556522,0.9135308890046776,72.63326860229266,-17.36673139770734,17.36673139770734
1634,10.060833358124857,3.292836839472018,32.94520455659281,10.005112965717224,0.231982313441332,86.43403349457628,-3.5659665054237166,3.5659665054237166
1635,1.4451712930335778,1.0524613425879148,2.1186941582610648,2.0130850155991213,1.0274402553974913,74.03940622501358,-15.960593774986421,15.960593774986421
1636,9.873219324740132,3.2532581486078023,32.3724998457633,9.95079344060562,0.2162522127095481,81.17060330312462,-8.829396696875378,8.829396696875378
1637,12.014605101245111,10.763881907611632,14.490569002923252,1.3462214772791503,0.6823351108978335,-85.9379929795922,4.062007020407805,4.062007020407805
1638,7.841550635422911,4.359525883501735,14.920919177715286,3.4226013507987805,0.4944690474274626,-84.70833388092485,5.29166611907516,5.2916661190751455
1639,1.6344304437273447,1.15572102129737,2.464571241092944,2.1324966801471748,0.8599365873043924,15.256770220070589,-74.74322977992941,74.74322977992941
1640,2.0078170808425457,1.8320682148840968,2.876267228311073,1.5699564049764578,0.6555792665435692,82.50655671333357,-7.493443286666434,7.493443286666434
1641,2.2690184693770243,1.488876679733902,4.001061223954069,2.687301962892692,0.5409843538396094,-80.17757370315994,9.822426296840064,9.822426296840064
1642,1.2270604129519955,1.1159644563596856,1.5274169535607094,1.368696776009512,1.077631459790253,-62.16982585273233,27.830174147267655,27.83017414726767
1643,2.86502522895345,2.230038232451256,3.734464984858159,1.6746192646003375,0.9496778485063788,-72.36340615948832,17.636593840511694,17.63659384051168
1644,1.3038244488524504,1.1219322938494427,2.1477159675361888,1.9143008711935705,0.7112072759168749,-54.48394620428111,35.5160537957189,35.51605379571889
1645,3.6745782178649335,2.678475055019142,5.139825876501332,1.918937369556574,0.8623802143705659,69.52480097901775,-20.475199020982245,20.475199020982245
1646,1.2466946262544771,1.0058187359127844,1.652845342637914,1.643283509864181,1.0006012972310836,52.71636003822396,-37.28363996177604,37.28363996177604
1647,5.91359184848475,3.884067054883789,11.98211522703812,3.084940362183481,0.3519977304146565,-80.87094051608882,9.129059483911192,9.129059483911178
1648,1.933884181003576,1.5626745686789594,2.953420302882401,1.8899778380466885,0.5865805711066877,-7.9145212139891585,82.08547878601084,82.08547878601084
1649,1.186817925731738,1.092237157541255,1.4266228659832108,1.306147530445397,1.0830964435731034,-9.295533863390135,80.70446613660987,80.70446613660987
1650,3.829910011678639,1.6428214513564754,10.798021150468047,6.572851323284181,0.3114729165500602,-71.06363841645388,18.936361583546102,18.936361583546116
1651,8.088516880728431,5.26787909240725,14.91685354693766,2.8316620949857723,0.4567276834083149,28.83927089751186,-61.16072910248814,61.16072910248814
1652,1.5583682828180965,1.292173586552202,1.9676040779672843,1.5227087896273106,1.0606556432024243,84.16561299981552,-5.834387000184478,5.834387000184478
1653,1.2071068813224677,0.9297657173349204,1.7116915389200085,1.8409923134468749,1.1094096838279042,-76.52817393040384,13.471826069596148,13.471826069596162
1654,3.654697576669488,2.1166332196579325,7.431433396244906,3.510968894953796,0.5235263928392249,-18.604851357618205,71.3951486423818,71.3951486423818
1655,2.290324274544937,1.6216873114685462,3.6357466540082974,2.241952951284972,0.702165069879255,-80.49555037330538,9.504449626694623,9.504449626694623
1656,1.186817925731738,0.9411478833930642,1.723650387887555,1.8314341649193129,0.9705877001784512,5.41640229432696,-84.58359770567304,84.58359770567304
1657,6.1511147251729525,4.491872858955437,8.564104068512817,1.906577576308417,0.8151195689803354,83.0269557817223,-6.973044218277707,6.973044218277707
1658,11.030341627309667,7.882947457881818,17.399647754027857,2.207251519433978,0.5171241254287039,-76.3677479174472,13.632252082552782,13.632252082552796
1659,5.6144529501561085,4.747969048913533,6.896400973233234,1.4524949303979398,0.836267404745555,-30.635717766206746,59.36428223379326,59.364282233793254
1660,1.542705892513396,1.1995179010853,2.1967890619108785,1.8313933121992323,0.8841524681352273,-83.32606193866172,6.673938061338276,6.673938061338276
1661,4.8884102913064975,2.447882391651981,10.28390125935844,4.201141890815364,0.5298274529807826,-83.09284190420773,6.907158095792283,6.907158095792269
1662,2.473832956432472,1.6363162132738565,3.8968352573017127,2.3814683407097257,0.7553581915882376,-50.33975098662454,39.66024901337545,39.66024901337546
1663,1.2270604129519955,1.1846083352009575,1.3260628725279568,1.11941038495479,1.2062215119485094,-57.5951081982542,32.404891801745805,32.4048918017458
1664,10.418947797581865,6.708702966931537,19.310496266230462,2.878424691242933,0.449466897422714,-45.87701529009333,44.12298470990666,44.12298470990667
1665,2.3114337002746863,1.8018424341227888,3.175266197248382,1.7622329994654793,0.7590595408628311,72.41530126275022,-17.58469873724978,17.58469873724978
1666,1.4451712930335778,1.0268369116854852,2.5719958077541527,2.50477537229587,0.6244268347610509,-28.897442633903957,61.10255736609605,61.10255736609604
1667,1.340559085464394,1.2972751447597153,1.4369626590652635,1.1076776309712013,1.2267862874130775,30.5506511995792,-59.4493488004208,59.4493488004208
1668,1.6344304437273447,1.248322408413873,2.2911601029210544,1.835391311954592,0.880877113395118,64.44240550617432,-25.557594493825675,25.557594493825675
1669,1.1451621372724683,1.1570849654836874,1.513614821345288,1.30812763668791,0.7780893039973692,62.306155087571554,-27.693844912428446,27.693844912428446
1670,1.3223193364400538,1.14969613477757,1.8501413096635149,1.6092437416269638,0.8400628685568905,-77.36936417518093,12.63063582481908,12.630635824819066
1671,3.364054777319084,2.52423052489539,5.478013191001796,2.170171518399183,0.5424029725645484,-40.396292713885614,49.6037072861144,49.603707286114386
1672,2.964997870440077,2.626711652650595,3.759352353291449,1.4312010035429334,0.6794564169858528,53.54422511030776,-36.45577488969224,36.45577488969224
1673,4.495021399805931,3.395522075101977,7.241868175872515,2.1327701648516078,0.3991464919853676,-29.72371617057448,60.27628382942552,60.27628382942552
1674,2.6629408889963733,1.6826397564776712,4.922057506059327,2.9251998160098407,0.5212115404693495,-89.02253499697693,0.9774650030230703,0.9774650030230703
1675,1.3038244488524504,0.8250723779534459,2.891282964982109,3.5042779788044816,0.500635347406133,81.8490785025501,-8.1509214974499,8.1509214974499
1676,1.4783979621211876,0.8646259120888671,3.1622593466186824,3.657372861957048,0.5146760049698385,74.46306417863697,-15.53693582136303,15.53693582136303
1677,1.1451621372724683,1.0115901270977403,1.4904456334668663,1.4733690983550485,1.0505800265357983,-46.08129464911068,43.918705350889326,43.91870535088932
1678,1.6344304437273447,1.4085963378208772,2.167598431552645,1.538835771010137,0.7951136489420267,75.45615091264553,-14.543849087354474,14.543849087354474
1679,3.641383515742072,2.9138054772553024,4.978819839828207,1.7087001444303935,0.6004202226952621,-49.49742174390403,40.50257825609597,40.50257825609597
1680,1.3585539723246187,1.3578178161174783,1.4454196168022562,1.0645166086679176,1.137945660652412,70.85491840387844,-19.145081596121557,19.145081596121557
1681,4.858511476940655,3.096752160478054,8.309587447549731,2.6833233713694926,0.6762343925227908,-74.18450422159958,15.815495778400418,15.815495778400418
1682,4.467926388630853,2.21309867009576,10.382944805387009,4.691586934502899,0.432207369469231,-76.08384049154985,13.916159508450164,13.91615950845015
1683,2.873489132855324,1.381915808306888,6.367585504108196,4.607795544295647,0.489384456858551,79.46980038168634,-10.53019961831366,10.53019961831366
1684,1.2071068813224677,0.9794565968143024,2.047776428046407,2.0907270773476143,0.6460187455696231,-47.405767250839006,42.594232749160994,42.594232749160994
1685,1.6195038256468852,1.356439113253428,2.0347223221204813,1.5000469259841578,1.0290759040769464,-66.5191397456719,23.480860254328093,23.480860254328107
1686,1.4282681233264556,1.04102851104014,2.072162703505596,1.990495631512725,0.9401180393619802,-62.58505383268125,27.41494616731876,27.414946167318753
1687,1.870041939381716,1.20606650524832,3.360238377690291,2.786113670405301,0.6238170598825457,63.59295611162336,-26.40704388837664,26.40704388837664
1688,2.7260311474694987,2.1562258133464325,4.357805049978687,2.021033707603859,0.5365897596637368,-57.21360636775011,32.78639363224988,32.78639363224989
1689,1.9212854528773184,1.2783700435541472,3.403764935180843,2.6625818966452277,0.642750300905317,4.913800641919952,-85.08619935808005,85.08619935808005
1690,2.2582901895629326,1.9456134583267832,3.5753036175265187,1.837622782791223,0.4976836568596147,-81.35558534442629,8.644414655573712,8.644414655573712
1691,4.962369261514031,3.473527176773951,7.91218073015968,2.2778519722157875,0.677468785835363,-84.61283045482905,5.387169545170934,5.3871695451709485
1692,2.734925236834042,2.58501308136722,3.433229038869243,1.3281283037273448,0.7547054669939955,73.27009170745262,-16.72990829254738,16.72990829254738
1693,1.6344304437273447,1.3548340830202037,2.055725148327338,1.5173261243507428,1.0261973491338765,-11.7180442804347,78.2819557195653,78.2819557195653
1694,1.4451712930335778,1.1878061349318578,1.9361318110007752,1.630006576041003,0.9329760490458292,33.46975614778224,-56.53024385221776,56.53024385221776
1695,1.2270604129519955,0.9895626673448348,1.827483617663822,1.846758854158547,0.7332758500638457,-22.50000000000001,67.49999999999999,67.49999999999999
1696,1.7071069228001237,1.2653465811116285,3.2625780199907486,2.578406634745493,0.5198475499021213,-75.49236463122509,14.507635368774913,14.507635368774913
1697,16.023178755831584,6.6001713584867225,41.55519194367752,6.296077735958241,0.2931748873283815,-69.5599942252666,20.44000577473338,20.440005774733393
1698,9.73200680696656,5.612440351794479,18.34516262765212,3.268660596417132,0.4492157555655413,-67.01160855837243,22.988391441627584,22.98839144162757
1699,2.1138735858617226,1.1052005548766894,6.44932253814877,5.8354318677195565,0.2745123157170013,-53.15693579548358,36.84306420451642,36.84306420451642
1700,1.9086035621207809,1.7668849108882396,2.177462906274924,1.2323739327086565,0.9762491426421424,12.539059889386616,-77.46094011061338,77.46094011061338
1701,4.134818303438459,1.9673275401602996,12.409735969557408,6.307915543410862,0.2041663264875468,-42.59601709209081,47.40398290790918,47.40398290790919
1702,1.186817925731738,1.1203552677041448,1.4205756141359227,1.2679688801276363,0.9705877001784512,-27.26284422508835,62.737155774911656,62.73715577491165
1703,2.0674091517192297,1.419224015683533,3.1967871370016767,2.252489460208314,0.7955988229549933,-68.63528821723409,21.36471178276591,21.36471178276591
1704,1.1237553499514827,1.1130772899706185,1.217398530286214,1.0937232672479995,1.1489828119480805,-1.2771260565891835,88.72287394341082,88.72287394341082
1705,1.2071068813224677,1.0560148367100628,1.4573142956530984,1.38001308787787,1.2427518406874831,32.59628551342912,-57.40371448657088,57.40371448657088
1706,1.4783979621211876,1.250478831988247,2.9078450222438263,2.3253852427236903,0.4636065340105832,-45.63150471070616,44.36849528929383,44.36849528929384
1707,1.3038244488524504,1.033037314894076,1.9696458964162649,1.9066551304763133,0.7480421359933577,42.947789849095045,-47.052210150904955,47.052210150904955
1708,2.9320524271101838,1.7643357554125425,5.493084382006748,3.113400816797672,0.5200290844255474,88.40189594117574,-1.598104058824262,1.598104058824262
1709,6.023451242527637,2.8968168562481096,12.958976311313789,4.473522819836791,0.4676550525603238,-45.728351382172754,44.27164861782725,44.271648617827246
1710,1.1661760393441107,1.1086119580990883,1.2709816166239951,1.146462120797721,1.3418787133904777,-66.07083565728982,23.92916434271018,23.92916434271018
1711,2.5320487556361617,1.6656605372568265,4.222900883710192,2.535271016665185,0.6368652564283056,38.14583574374831,-51.85416425625169,51.85416425625169
1712,1.4947343471339476,1.184687393348804,1.934053808226188,1.6325435883631036,1.1636583696699394,-61.04766647153403,28.95233352846597,28.95233352846597
1713,1.340559085464394,1.1127435644546415,1.7715013816739604,1.5920122463634985,0.8982776769930365,-84.52169131334122,5.478308686658778,5.478308686658778
1714,1.8173540983129992,1.498202028665809,3.221864471755945,2.150487324212947,0.5130051658008152,-49.06846918353058,40.93153081646943,40.93153081646942
1715,1.186817925731738,0.9235528787092993,1.609831328583422,1.743085172159523,1.1058877480671838,62.38236746948087,-27.61763253051913,27.61763253051913
1716,2.4041334941401127,1.3154278569147295,4.712551763765976,3.5825239210145896,0.6448192246552382,89.67209782474147,-0.3279021752585294,0.3279021752585294
1717,8.657012834287068,4.545574956222556,23.278463468923924,5.121126302638004,0.2413653717990515,89.37706437897383,-0.6229356210261727,0.6229356210261727
1718,1.2660243778180809,0.9587657543048688,1.7944686119325932,1.8716444594265176,1.0413022657509694,76.1681814611253,-13.8318185388747,13.8318185388747
1719,6.98663619121232,4.409211153427382,18.27506693573468,4.144747506938751,0.2319974217816063,-76.4286973138726,13.57130268612741,13.571302686127396
1720,1.8039417076383557,1.5578775069108952,2.337803500705037,1.5006337085774168,0.7946136049908011,13.792812323925313,-76.20718767607468,76.20718767607468
1721,1.2466946262544771,1.037332928193354,1.7392921896366869,1.676696210411332,0.9559353493699392,45.07008644061537,-44.92991355938463,44.92991355938463
1722,1.2071068813224677,1.094947624823332,1.459294425305283,1.3327527200588594,1.084907485847718,-69.00639375209165,20.99360624790836,20.993606247908346
1723,1.69282125807016,1.3997550630427114,2.178851375419653,1.556594745000161,0.902881467180836,13.348593841304115,-76.65140615869589,76.65140615869589
1724,2.1367269374441915,1.389581748027833,3.581725527159605,2.577556543357724,0.6514261804135573,-75.05895510750874,14.941044892491277,14.941044892491263
1725,1.843886218520761,1.3467781700846797,2.781148293695068,2.065038144715548,0.8421029714890296,47.7227658447317,-42.2772341552683,42.2772341552683
1726,2.830916569973106,1.823736211667517,4.528577986682309,2.4831321315606507,0.7233039744813459,-86.75188764060233,3.2481123593976804,3.248112359397666
1727,1.5892300566907107,1.1158228114544115,2.433233714054551,2.180663174364548,0.8683569077677846,-79.18404676102953,10.815953238970451,10.815953238970465
1728,1.376313601551939,1.0552923089215018,1.9201844320700627,1.819575880385665,0.9318644176860968,-87.00157629781116,2.998423702188859,2.9984237021888447
1729,1.2071068813224677,1.1051172110709702,1.386127096721994,1.2542806164232088,1.2558405403870414,83.27803950755774,-6.721960492442264,6.721960492442264
1730,3.641383515742072,3.238675773010486,4.601469368973142,1.420787288224249,0.612285661453198,19.389271638198533,-70.61072836180146,70.61072836180146
1731,1.7904288454052892,1.4445630222669876,2.457280526566572,1.7010545671522883,0.8292638453194574,80.4885878339127,-9.511412166087297,9.511412166087297
1732,1.4111624987975715,1.2217659154671685,1.809612930574356,1.4811453713556997,0.9037963441958184,-24.60691594241394,65.39308405758607,65.39308405758607
1733,1.340559085464394,1.2623111856779092,1.704448689759846,1.3502603075203614,0.8088991078102769,1.5196997844634592,-88.48030021553654,88.48030021553654
1734,1.526882849696625,1.0169777969637657,2.5599921670106967,2.517254727343775,0.7358309781227237,1.0397336555804018,-88.9602663444196,88.9602663444196
1735,1.933884181003576,1.411706301064752,3.241022723827437,2.2958194076083385,0.5706780707988116,8.510452129608549,-81.48954787039145,81.48954787039145
1736,1.3038244488524504,0.843058696629956,2.778248339839442,3.2954388003412047,0.4467402397452961,-42.97373480892056,47.02626519107943,47.02626519107944
1737,2.2257951114113315,1.3149078010175137,3.9863980739839175,3.031693987136686,0.6263300421349132,57.70412703121266,-32.29587296878734,32.29587296878734
1738,1.1451621372724683,0.97193554814233,1.436656183037427,1.4781393537702392,1.2364903967483785,-17.165971797997173,72.83402820200283,72.83402820200283
1739,3.0056718953012043,2.7133193895707226,3.818771343669067,1.4074168188040843,0.5927515232384203,-69.57212872627647,20.427871273723525,20.427871273723525
1740,2.192818546001692,1.3360123135965432,3.740956364712178,2.8000912316755,0.679454666384901,20.424169554639025,-69.57583044536098,69.57583044536098
1741,1.1451621372724683,0.9747391088222472,1.4521563497905,1.4897897669717015,1.1302564863483373,-20.88897375025892,69.11102624974109,69.11102624974109
1742,1.3938469657443524,1.3455172736447312,1.722714690443546,1.280336361477593,0.9041821489760546,-2.837444491514064,87.16255550848594,87.16255550848594
1743,1.2270604129519955,1.1553899723751326,1.39779752469536,1.209805830166511,1.1463900066221675,30.8496221169968,-59.1503778830032,59.1503778830032
1744,1.6044383463340146,1.3333486488730415,2.388980267197659,1.7917146195909426,0.6172220423835096,-43.865458530040286,46.134541469959714,46.134541469959714
1745,1.1661760393441107,1.1350991168073032,1.3068183192160536,1.1512812404362938,1.1478755871791315,39.86660558364636,-50.13339441635364,50.13339441635364
1746,1.895836839826219,1.7380618842111468,2.568970342633748,1.4780660953276272,0.6643138392609116,-24.85022744595821,65.14977255404179,65.14977255404179
1747,1.5892300566907107,1.4979731857966967,1.7825222707944604,1.1899560604260258,1.1399671975259318,-85.01487085687532,4.985129143124681,4.985129143124681
1748,1.3223193364400538,1.1867223575775538,1.5902309217136794,1.34001934956362,1.0108490457612254,56.687831499581776,-33.312168500418224,33.312168500418224
1749,1.749264059016166,1.416393764182181,2.3763541585645678,1.6777496616109873,0.8436675626267368,45.00241999406051,-44.99758000593949,44.99758000593949
1750,1.6784140066373283,1.277501646512325,2.333964504044326,1.826975730650699,0.8427084386918562,-53.57380026217098,36.42619973782902,36.42619973782902
1751,1.2466946262544771,0.9067396600099188,1.8108064816016305,1.997052253765785,1.0811240226073242,-73.59062733876351,16.40937266123649,16.40937266123649
1752,7.496383184658706,5.707398151460215,10.134182954799927,1.7756222162645403,0.7600393193066112,-58.45436168594788,31.545638314052127,31.54563831405212
1753,9.651824128096807,8.492438727987647,13.247445996082376,1.5599106947247257,0.5061106571105951,81.81102041090006,-8.188979589099944,8.188979589099944
1754,1.526882849696625,1.3449907592847752,1.7961445761773265,1.3354326516952884,1.128920360698254,-75.06644961422818,14.93355038577181,14.933550385771824
1755,1.1661760393441107,1.0090519482150238,1.412503275193324,1.399832067805816,1.2822863373686888,-37.1401871954921,52.8598128045079,52.8598128045079
1756,18.479645990714022,9.273948978342377,46.2026856773785,4.981986183585491,0.3460060349783159,-62.71576237853135,27.284237621468662,27.284237621468648
1757,1.526882849696625,1.143387890140796,2.2070679997068976,1.9302880664890727,0.9714595867208556,-46.43800847400328,43.56199152599672,43.56199152599672
1758,1.9711972828282505,1.377362077927025,2.930352392993912,2.127510579791908,0.8600566428131157,73.00703819881657,-16.992961801183426,16.992961801183426
1759,1.2660243778180809,1.0351355485113083,2.127483505904727,2.055270451260601,0.6547800207730937,28.93621926534036,-61.063780734659645,61.063780734659645
1760,2.607648897704901,2.298031588083913,3.091963280571244,1.3454833678545328,1.0002820350138857,72.46650238593665,-17.53349761406335,17.53349761406335
1761,1.5892300566907107,1.4776077937414789,2.270570551614133,1.5366530693945368,0.6736534483684626,82.05300325815611,-7.94699674184389,7.94699674184389
1762,2.043780842560348,1.502279047766993,2.8722365984745863,1.911919495079104,0.9796977356841784,79.14866942852254,-10.851330571477462,10.851330571477462
1763,1.376313601551939,1.2580898953148796,1.6469193200474683,1.3090633079405436,0.8797110725271802,-41.51070826990388,48.48929173009611,48.48929173009612
1764,1.1451621372724683,1.035115555936536,1.321470255871383,1.2766403212593622,1.4035392566880267,-44.99999999999999,45.0,45.00000000000001
1765,1.4282681233264556,1.0769300013929894,2.1872881430511306,2.0310402163761,0.8712952403111426,-64.53790861691317,25.46209138308683,25.46209138308683
1766,1.2466946262544771,1.1929473967763675,1.397811503511425,1.1717293715453418,1.2578382970095614,-31.40093602574544,58.59906397425456,58.59906397425456
1767,1.340559085464394,0.9823390219609032,2.008213866075376,2.0443185307519043,0.935986079951908,-49.06858373776007,40.931416262239935,40.93141626223993
1768,1.4783979621211876,1.1762482403761227,1.9800178047638437,1.6833332767670737,0.9690281183544348,-89.02637402704525,0.9736259729547498,0.9736259729547498
1769,2.5511588286726434,2.029418843985723,5.130709175548327,2.5281667166703525,0.4426291530125086,-48.12630277566842,41.87369722433158,41.87369722433158
1770,1.1237553499514827,0.9765265016781972,1.3764822131748768,1.4095697462478909,1.1741918111565663,-25.49839945854492,64.50160054145508,64.50160054145508
1771,1.2850634067342854,1.2053690016193692,1.509365789644053,1.2522022613957016,0.9713319346965474,-41.9149124524852,48.0850875475148,48.0850875475148
1772,1.3223193364400538,0.9366459570130956,2.3676562042777025,2.527802726900149,0.6873883763268379,43.46991172061213,-46.53008827938787,46.53008827938787
1773,1.340559085464394,1.2048544319276744,1.7075785290893617,1.4172488259493452,0.9514615811865887,49.802866725584096,-40.197133274415904,40.197133274415904
1774,1.2071068813224677,1.020547759568929,1.4674241431586683,1.4378789521604518,1.3441789131260735,-14.603678137264772,75.39632186273522,75.39632186273522
1775,1.4783979621211876,1.4336513588887183,1.6650673525376622,1.1614172038509585,1.007269327887836,48.23392322316853,-41.76607677683147,41.76607677683147
1776,6.229575992328602,2.987112029579691,13.731328115791593,4.596857426108552,0.3868992722140209,85.98254057466605,-4.0174594253339535,4.0174594253339535
1777,1.2071068813224677,1.1070655746752094,1.393360059116549,1.2586066182442106,1.2826459750518429,-77.20298537700062,12.79701462299937,12.797014622999384
1778,1.9086035621207809,1.6961282816459742,2.1935541179038407,1.2932713531403115,1.126170856882629,3.3720006625401395,-86.62799933745985,86.62799933745985
1779,1.376313601551939,1.207347734619989,1.8251090558605216,1.5116680998577203,0.8449933667147792,54.76086513796008,-35.23913486203992,35.23913486203992
1780,1.6195038256468852,1.1377009258223996,2.494436284762281,2.1925237363757533,0.7617320915435941,88.36857411409026,-1.631425885909735,1.631425885909735
1781,1.5583682828180965,1.5660709318290544,1.929918793634008,1.232331661618932,0.7318380461934487,-66.22820201567487,23.771797984325133,23.771797984325133
1782,1.5892300566907107,1.0167357757158977,3.136172410723744,3.0845500725255013,0.470757712702941,-56.45912799360099,33.54087200639901,33.54087200639901
1783,2.778968733462305,1.6303879047789571,4.967931065499162,3.047085329164472,0.6415487077493633,67.73935719484564,-22.26064280515436,22.26064280515436
1784,1.2660243778180809,1.077169107579628,1.59538474815298,1.4810903292035265,1.114909148313803,-57.2661130284355,32.733886971564516,32.7338869715645
1785,1.2850634067342854,0.9032795436032228,1.956411258449099,2.165897890972806,0.9554132292211572,-0.0100448417189786,89.98995515828102,89.98995515828102
1786,1.2071068813224677,1.1397589677756144,1.3652570915144964,1.1978472028862124,1.1913189457781517,-76.04063627765413,13.95936372234587,13.95936372234587
1787,1.2071068813224677,0.8828532140493845,1.7634812140687028,1.997479519817502,1.0135537711943663,-54.731578305210526,35.26842169478948,35.268421694789474
1788,2.090770448616529,1.0955121511521302,4.105781678005045,3.747819386290759,0.6848040938271781,89.56817368160361,-0.4318263183963893,0.4318263183963893
1789,2.473832956432472,1.776245337747835,5.000674075935536,2.8153059544556323,0.3493026516454042,-85.55876317403688,4.441236825963131,4.4412368259631165
1790,1.4111624987975715,1.3462111377820718,1.5581791165163517,1.157455225844814,1.1512447465613953,-35.034429903124405,54.965570096875595,54.965570096875595
1791,6.556268540611616,3.0942802268851923,14.375162305247224,4.645720895071534,0.4709133896137719,-76.22683045771336,13.773169542286638,13.773169542286638
1792,1.5583682828180965,1.442676404813672,1.74109057189325,1.2068476105132666,1.1302276862200684,59.00030154879266,-30.999698451207337,30.999698451207337
1793,1.5738748168108194,1.2889630214518664,1.9994987491034777,1.5512460139091313,1.0658686421515582,-58.56302506708657,31.436974932913415,31.43697493291343
1794,1.2466946262544771,1.1424390020379311,1.5378844136481389,1.3461413790187444,0.9644748428150834,-17.65834552380028,72.34165447619972,72.34165447619972
1795,5.7932747010328365,2.768622660336977,13.265430451708504,4.791346484931945,0.3330955067368079,85.15809315561589,-4.841906844384113,4.841906844384113
1796,4.747271702926952,2.2358726216033395,10.657788015476848,4.766724147207532,0.4630314992233849,87.88689460700954,-2.1131053929904624,2.1131053929904624
1797,1.663882010113248,1.1606404609432588,3.4806781078419564,2.998928802648488,0.4507819833893748,-77.77537538926155,12.22462461073843,12.224624610738445
1798,1.9834790046600808,2.0635092241857635,2.578014990027349,1.2493353360436772,0.506045252546865,-48.86177508713466,41.138224912865326,41.13822491286534
1799,1.3585539723246187,1.2686896101052652,1.5661015904717583,1.2344245416669066,0.9964654809627406,38.156048601569104,-51.843951398430896,51.843951398430896
1800,1.3038244488524504,0.7777736938034404,2.444990708803168,3.143575989111645,0.7552509410549477,-81.20761703964536,8.792382960354644,8.792382960354644
1801,1.2466946262544771,1.0016217236270366,1.7658472263555005,1.7629881468236113,0.9475087693248392,27.68918793797137,-62.31081206202863,62.31081206202863
1802,3.407093475293943,2.57901521692668,4.711595057685154,1.826896959258656,0.7918001191465601,-87.2742210350111,2.725778964988905,2.725778964988905
1803,1.9956851445118324,1.4071449863358765,4.536863699296441,3.2241622173633786,0.4034320783455182,79.48695495466893,-10.513045045331069,10.513045045331069
1804,1.2850634067342854,1.209857523446678,1.997671113623925,1.651162285566403,0.5718922066841035,-53.95625469298162,36.04374530701838,36.04374530701838
1805,2.690160753669267,1.787760068940098,5.350193082996906,2.992679597194971,0.4847455896970301,27.32444325597974,-62.675556744020255,62.675556744020255
1806,1.376313601551939,0.7584331988961497,2.6445377420635503,3.4868433316375174,0.7099407089210614,-4.38016221579771,85.61983778420229,85.61983778420229
1807,1.1237553499514827,1.0356132039748491,1.3494283714811883,1.3030235287671754,1.0883951350021026,-23.18429040347653,66.81570959652348,66.81570959652348
1808,2.4041334941401127,2.029574033073252,3.2148190247996635,1.5839870694106548,0.7233125819582441,-77.98095834502648,12.019041654973535,12.01904165497352
1809,2.9320524271101838,2.487143786536102,3.67290935858961,1.4767579496097205,0.7099724220787096,-70.38723059803237,19.612769401967626,19.612769401967626
1810,1.2466946262544771,1.0847600382838132,2.0949889513597024,1.931292523159464,0.520469442233755,46.27086805893464,-43.72913194106536,43.72913194106536
1811,8.415188727217721,4.293176575292286,17.70833484942966,4.124762757568165,0.3851731957047173,82.16334538773792,-7.83665461226208,7.83665461226208
1812,1.663882010113248,1.2767887499651636,2.544833432772497,1.993151516131335,0.6419685796706494,63.28035860028535,-26.719641399714646,26.719641399714646
1813,1.5583682828180965,1.1822616086359017,2.525481145205269,2.136144087533368,0.6546618621876444,16.637040393523904,-73.3629596064761,73.3629596064761
1814,1.2270604129519955,0.9761209226876928,1.6819054598608885,1.723050311461267,1.0278479705352812,-7.314517309023536,82.68548269097647,82.68548269097647
1815,1.3223193364400538,1.1146367185820172,1.865423126319789,1.6735704963074274,0.7579934116638402,-83.03306649732149,6.966933502678501,6.966933502678515
1816,1.7630924485867383,1.5928231905860168,2.106997691584308,1.3228070158930323,0.9749009245946432,-71.66558227377368,18.33441772622632,18.33441772622632
1817,1.3223193364400538,1.240455732221342,1.4781993904885788,1.1916583172553028,1.204867489876698,32.7071933818638,-57.2928066181362,57.2928066181362
1818,6.478015302587541,3.807547094580406,11.621091378440967,3.0521201943850462,0.496161241192419,-81.14124707857981,8.858752921420205,8.85875292142019
1819,3.435486411817406,2.808524946676896,5.007972379387416,1.783132596102788,0.4780491860793989,-11.331420096460697,78.6685799035393,78.6685799035393
1820,1.4947343471339476,1.240840125564869,2.032928197858536,1.6383482093900563,0.8990962980586357,-85.49463504104784,4.505364958952157,4.505364958952157
1821,2.787693931488705,2.286214785013195,4.316358488011105,1.8879934275231245,0.5856303196471574,-26.25397074207761,63.74602925792239,63.74602925792239
1822,1.2270604129519955,1.266937779876243,1.4636222681152735,1.1552439996368595,0.8933617934784609,-20.19775642150927,69.80224357849073,69.80224357849073
1823,2.708155340592215,1.7406573377127552,4.468516147720754,2.5671429125691323,0.6425391456003683,85.2526275095996,-4.747372490400394,4.747372490400394
1824,1.843886218520761,1.2485442890269671,3.1035389182404134,2.4857259334060995,0.6465592486964827,72.94582099961413,-17.054179000385872,17.054179000385872
1825,1.376313601551939,1.2249754343821928,1.751182041898392,1.4295650286094002,0.9628481049955484,-65.10955806258404,24.89044193741597,24.890441937415957
1826,18.202915618539205,12.187953667529523,29.7672400838558,2.442349297992496,0.4076056735355049,-72.40928063409427,17.590719365905727,17.590719365905727
1827,1.1237553499514827,0.9521939956109052,1.4746452839571949,1.5486815614827494,1.111626511711597,50.334891402248346,-39.665108597751654,39.665108597751654
1828,1.5583682828180965,1.514112885030366,2.001185666655318,1.321688552049528,0.6355239429375225,-71.86978708403873,18.130212915961266,18.130212915961266
1829,1.1237553499514827,1.0297720118744826,1.2903814448391715,1.2530748844982729,1.2891310982256547,-70.46967080984781,19.5303291901522,19.530329190152187
1830,6.8034868336220535,5.853850059166462,8.874901261175859,1.516079361697824,0.4428225487412574,-84.41486573527109,5.585134264728907,5.585134264728907
1831,5.229248683807257,3.135383760254366,9.271155553984425,2.956944432611426,0.5318491726410826,64.79850881697664,-25.201491183023364,25.201491183023364
1832,3.8488857348393535,4.828891938483541,8.540495012006414,1.7686241731655854,0.2017774399460623,-28.210050179386226,61.78994982061377,61.78994982061377
1833,1.69282125807016,1.332810866897032,2.292083333902183,1.719736378829556,0.8971742859577471,16.066083983198524,-73.93391601680148,73.93391601680148
1834,1.3223193364400538,1.3175311173226405,1.6511709951147984,1.2532311179641429,0.8746148805221542,-73.1322987831438,16.867701216856204,16.867701216856204
1835,1.9711972828282505,1.8123953069473944,2.2935560685333383,1.265483341157156,0.943509614653362,24.01050533851451,-65.9894946614855,65.9894946614855
1836,2.4442051456532488,1.4710463715338964,5.631275208005898,3.828074571255037,0.3317087735145454,61.51618411902907,-28.48381588097093,28.48381588097093
1837,1.3585539723246187,1.15819519761389,2.1368802607692285,1.8450087387442309,0.6712972403752534,-58.90725152842201,31.092748471577977,31.09274847157799
1838,6.375992937567912,5.122060618293409,8.025725891330058,1.5668939689362962,0.8754093759754005,81.15957232985988,-8.840427670140116,8.840427670140116
1839,1.526882849696625,1.008678461472957,2.6206611571979743,2.5981135290338857,0.7504901125565605,4.052943490116027,-85.94705650988398,85.94705650988398
1840,1.4947343471339476,1.346518611248804,1.773708586322105,1.3172551582314271,1.073413665378249,-21.605592383371068,68.39440761662894,68.39440761662894
1841,1.2071068813224677,1.0227185101070306,1.519298446396673,1.4855489867272216,1.0640289252628632,17.73305588966924,-72.26694411033075,72.26694411033075
1842,3.948549752176839,3.688905273521716,4.976835384046898,1.3491361298349698,0.4480619668934149,-66.33388044639109,23.666119553608894,23.666119553608908
1843,1.9086035621207809,2.022328488907398,2.6592872309518434,1.3149630465763624,0.4789260634147053,-50.79357408466803,39.20642591533198,39.20642591533197
1844,14.63041426854709,5.175258830989596,48.05316901821812,9.285172121339013,0.2043649067305912,87.70090383863995,-2.2990961613600547,2.2990961613600547
1845,1.8173540983129992,1.719893146430939,2.3105324338053035,1.343416268969987,0.7202220253653085,20.65213753387002,-69.34786246612998,69.34786246612998
1846,2.031863651507851,1.8119101387932888,2.774268486568274,1.5311291808411116,0.627711127522379,32.61710200745143,-57.38289799254857,57.38289799254857
1847,1.2270604129519955,0.8610219568720634,2.008379676140928,2.33255338044689,0.8630127333461026,-83.88545818998384,6.1145418100161635,6.1145418100161635
1848,1.3585539723246187,1.291253591016952,1.5637169620847082,1.2110068641537504,1.0132434928849727,-80.35424225378266,9.645757746217328,9.645757746217342
1849,1.4282681233264556,0.937817393295474,2.621456194835212,2.7952735933201884,0.5338401120675188,-74.41514670555254,15.584853294447441,15.584853294447456
1850,3.38564251614032,2.953636826117662,4.025410202836803,1.3628656601386937,0.8645423037139235,34.57121706528125,-55.42878293471875,55.42878293471875
1851,1.4111624987975715,1.4451308984981237,2.247214876614869,1.5550251392107972,0.4610764426176296,-45.35123166185087,44.648768338149125,44.64876833814913
1852,3.371266049854449,1.9065007012042228,6.243493085687986,3.274844368923832,0.6312036552676165,67.46610408245253,-22.53389591754747,22.53389591754747
1853,1.2660243778180809,1.082635893319096,1.7858317154937944,1.6495219921250464,0.902477342070389,28.879180396582,-61.120819603418,61.120819603418
1854,1.376313601551939,0.5817064999829172,4.386893400408997,7.541420631431531,0.2592837569544641,-86.36388347579206,3.636116524207921,3.636116524207935
1855,2.752627203103878,2.521900360008417,3.060900423857272,1.2137277397617154,1.039907795329314,77.64364818115739,-12.356351818842612,12.356351818842612
1856,3.4425480562920105,1.876214075215305,6.478993430781717,3.453227175069679,0.5878257978192452,-84.28419806045608,5.715801939543923,5.715801939543923
1857,1.2466946262544771,1.1169121381751377,1.4688505538229062,1.3150994636183129,1.1572346515708996,-36.62521663121756,53.37478336878243,53.37478336878244
1858,3.2464966963232005,2.7816676787403174,4.689700208601078,1.6859311572131492,0.5638327065684897,39.65359429579309,-50.34640570420691,50.34640570420691
1859,1.186817925731738,1.0545263997354537,1.400321194536418,1.3279147823020012,1.2139791890408067,-22.11897435873309,67.88102564126692,67.88102564126692
1860,2.5224394277803315,1.4675779888149365,4.663374636980205,3.1775991957646226,0.6041204179714387,-85.87318783796671,4.126812162033275,4.126812162033289
1861,2.9813340704976232,1.86572386658968,5.013263868984779,2.687034216991835,0.6914983914267716,87.28476543708372,-2.7152345629162795,2.7152345629162795
1862,2.8480219617032505,1.8341154064301743,4.614060338388764,2.515687029405269,0.7405115186612715,76.62791035697789,-13.372089643022107,13.372089643022107
1863,2.373635851463476,2.2908439614586804,2.5487478238170413,1.1125802833791183,1.0661737777785998,-7.605736253236922,82.39426374676307,82.39426374676307
1864,1.663882010113248,1.2578384165346284,2.354003970294961,1.8714677015353784,0.8500617814945173,-67.26162553041348,22.738374469586518,22.738374469586518
1865,1.870041939381716,1.8893998345394276,2.4691411930799143,1.3068388955807273,0.6147123739096896,83.17871892856667,-6.821281071433333,6.821281071433333
1866,2.672044986969093,1.4512645795232535,5.165866372554325,3.559562084986139,0.5810113612161751,-59.31550774897935,30.684492251020657,30.68449225102065
1867,1.843886218520761,1.3628009471018276,2.6564271540017788,1.9492407601058797,0.7699712396319651,59.13898947528199,-30.86101052471801,30.86101052471801
1868,3.539932258850451,1.9505338947886488,6.870413735433943,3.522324710065287,0.5744457730653577,87.31448828176421,-2.6855117182357873,2.6855117182357873
1869,1.4451712930335778,1.2527426026518018,1.9344174691463083,1.5441459922026592,0.9190231956489824,-34.76375150008904,55.23624849991096,55.23624849991096
1870,1.8039417076383557,1.2638408335750024,2.6425885011475443,2.090918754122309,0.968592990529378,87.99800010178502,-2.001999898214976,2.001999898214976
1871,1.9212854528773184,1.0932548120045782,4.123787071664642,3.77202736853572,0.4380461828984558,-72.54453793793178,17.45546206206822,17.45546206206822
1872,1.2071068813224677,1.045519678481274,1.5737747850727035,1.505256015227542,0.9041951651391408,-14.51366409486258,75.48633590513742,75.48633590513742
1873,3.2464966963232005,1.7890296039321925,6.110175278454551,3.415357278059965,0.6546537737869509,79.28617967607263,-10.713820323927365,10.713820323927365
1874,2.0078170808425457,1.9094991745747465,2.1718124388101683,1.1373728083929862,1.0616445120436695,63.66634226465536,-26.333657735344637,26.333657735344637
1875,1.6195038256468852,1.3340930049383022,2.105512112361763,1.5782348791036025,1.016606944583464,89.529922977154,-0.4700770228459987,0.4700770228459987
1876,1.3938469657443524,1.1602531354988743,1.9273412690268945,1.66113859989544,0.8220379570136656,87.89407325495571,-2.105926745044286,2.105926745044286
1877,1.9086035621207809,1.6730044967851612,2.554451105475384,1.5268644587531035,0.7146986288957168,-67.52713426130884,22.472865738691155,22.472865738691155
1878,1.340559085464394,0.9529190975504778,1.9880996262419928,2.086325724138066,1.0212801095245363,10.180801637693078,-79.81919836230692,79.81919836230692
1879,1.3938469657443524,1.282481228234279,1.6324704326125787,1.2729000601904834,1.1843859616560488,-55.9902166751136,34.0097833248864,34.0097833248864
1880,2.653805558851462,2.132095025469309,3.3766054684416167,1.5837030845744648,1.0135044682770036,-89.75641085624613,0.24358914375386576,0.24358914375386576
1881,2.031863651507851,1.2809308597516351,3.379273070318979,2.6381385416650827,0.7647383470301817,-60.562946011556015,29.437053988443978,29.437053988443985
1882,11.779862427787949,10.20506571345682,14.039650892915567,1.375753109987553,0.7478790796977126,-72.14597135002273,17.854028649977266,17.854028649977266
1883,1.7904288454052892,1.488139252978878,2.3485869726746733,1.5782037655235537,0.954136378730432,-14.529782130682069,75.47021786931793,75.47021786931793
1884,3.0696295240609217,2.037924829079892,4.776839731825375,2.3439724879263992,0.7895464646875151,75.54673503509808,-14.45326496490192,14.45326496490192
1885,1.5583682828180965,0.9923846341882152,2.770291534431673,2.7915502104663394,0.615283180631229,-56.94854870189052,33.05145129810947,33.05145129810948
1886,2.102353753036351,1.0033361119500903,5.371198442625966,5.353339104067999,0.3337376259776765,-69.31552227475129,20.684477725248712,20.684477725248712
1887,2.043780842560348,1.3310535881003691,3.547624875040652,2.665275768576449,0.6373807024506207,-54.72826371415346,35.27173628584654,35.27173628584654
1888,2.579558503195455,1.4450277915916936,5.930757192596032,4.104251300290441,0.3701797237514319,-72.59774487683877,17.40225512316124,17.402255123161225
1889,1.3585539723246187,0.863463629140291,2.5337724820689544,2.9344287316325173,0.6667397193610609,-69.1002938805475,20.899706119452503,20.899706119452503
1890,1.7768132193231367,1.2047071893098191,2.720538623996161,2.2582571500671187,0.8837867412739029,-7.499939082277849,82.50006091772215,82.50006091772215
1891,1.340559085464394,0.7723144522672682,2.840110503641222,3.677401730996443,0.5382119176868511,-67.34282146117626,22.657178538823757,22.657178538823743
1892,1.5892300566907107,1.016895561923185,3.0078660007060334,2.9578907739723657,0.6117060896502616,-29.20534196783281,60.79465803216719,60.79465803216719
1893,1.3585539723246187,1.105352008870372,2.0884620821770574,1.8894090438315545,0.7255766194561066,-83.11563229725279,6.884367702747227,6.8843677027472125
1894,2.761435632667426,1.6629349224259389,5.218531933117304,3.138145613963266,0.6439129942262113,-44.27883205119901,45.721167948800996,45.72116794880099
1895,6.589521172550733,5.166719848867532,12.458470506509228,2.411292052004704,0.245314881731181,-60.48268889391608,29.517311106083923,29.517311106083923
1896,1.7768132193231367,1.3867391421203277,2.5865760085918064,1.8652217493745256,0.7827760075320405,-50.49220749536678,39.507792504633215,39.50779250463322
1897,5.474288486952879,2.953134850664845,10.81663313671278,3.662763024274902,0.4757720836377118,-73.49720875714756,16.502791242852425,16.50279124285244
1898,2.8223249975951434,1.6960058226640602,5.261852162776898,3.102496520036506,0.4639449339042897,-66.9658768981693,23.034123101830687,23.0341231018307
1899,1.4282681233264556,1.1379498576133782,2.2051218595239144,1.9378023071673085,0.6566788484869905,8.579553979338346,-81.42044602066166,81.42044602066166
1900,1.1661760393441107,0.943695186500428,1.7345704680999792,1.8380622185140207,0.8690980454934611,61.88007703573332,-28.119922964266678,28.119922964266678
1901,3.421319397189672,2.9932933591128363,4.626144962954519,1.545503366340823,0.6452365665599057,-58.81061876299284,31.189381237007154,31.18938123700716
1902,2.0078170808425457,1.3358187700422026,3.285185268121749,2.459304616611998,0.6488274036732808,-39.06365237301873,50.936347626981274,50.93634762698127
1903,1.3938469657443524,1.1050124082839567,1.9930251574891984,1.8036224231945888,0.7994438611572928,-80.33154357569445,9.668456424305532,9.668456424305546
1904,2.1138735858617226,1.7081032908088083,3.211657436246735,1.880247789187254,0.6488531382697179,68.21099423118565,-21.78900576881435,21.78900576881435
1905,5.974874229800433,3.7833870624060815,12.270047314410371,3.2431382546958103,0.3435245784488101,-67.13521664134822,22.864783358651778,22.864783358651778
1906,1.5583682828180965,1.6000344315548298,1.960763523192096,1.2254508306341434,0.6585248544029431,75.76516970585112,-14.234830294148878,14.234830294148878
1907,1.3585539723246187,0.9523490560768888,2.065654904719231,2.169010292537591,0.9232045961067183,84.14996084856718,-5.850039151432824,5.850039151432824
1908,1.8306682257451572,1.3334491778245667,2.6505128953844346,1.9877119724267027,0.8705876217538047,5.679948817981985,-84.32005118201802,84.32005118201802
1909,8.351458325618292,4.983252194356502,18.588272340621952,3.730148829648445,0.2117941537788068,-81.43008406520454,8.56991593479546,8.56991593479546
1910,1.7768132193231367,1.521114747158273,2.278510036394508,1.497921205912434,0.9038315137487356,5.885669637874501,-84.1143303621255,84.1143303621255
1911,1.6492219709549814,1.3381317307212597,2.439513838972168,1.8230745022818184,0.7243096752110052,-36.232171483841306,53.76782851615869,53.767828516158694
1912,2.0198761507134417,1.6484828255684445,3.087338926286543,1.872836573363717,0.5504771035326382,23.78695394066873,-66.21304605933128,66.21304605933128
1913,3.973075141726776,2.2858254079117715,7.430601844678077,3.2507302696693468,0.5539892538020901,-47.46751416361716,42.53248583638285,42.53248583638284
1914,1.2466946262544771,0.9772212876489536,1.9911321534687776,2.0375448003789804,0.6995884175656448,41.51349381122765,-48.48650618877235,48.48650618877235
1915,1.7071069228001237,1.4270666680666606,2.1054780324886857,1.4753886973907904,1.073180387132714,-89.14866080022662,0.8513391997733777,0.8513391997733777
1916,2.681118170928788,2.010007766719537,3.7006150137404186,1.8410948828223,0.9012065617499952,29.99098333757786,-60.00901666242214,60.00901666242214
1917,2.055628946700877,1.4857181296297837,2.946879495738258,1.983471451931849,0.9366809554182072,72.89380063937695,-17.10619936062305,17.10619936062305
1918,1.857010129468512,1.5487021632475169,2.3220484117051043,1.4993511772695765,1.0121568474545732,45.28969049115755,-44.71030950884245,44.71030950884245
1919,1.3038244488524504,1.0023309920372343,1.8897905917252895,1.88539574924676,0.8853922377923452,54.23506059080904,-35.76493940919096,35.76493940919096
1920,1.4282681233264556,1.114231146122385,1.9366566055303551,1.7381102765526502,0.9878053156109724,83.5376316486424,-6.462368351357597,6.462368351357597
1921,1.2466946262544771,1.111826230039437,1.641514567399282,1.4764128809418868,0.984331227665485,-8.654661716262888,81.3453382837371,81.3453382837371
1922,7.096994628678368,4.369372922695881,13.912015058799268,3.1839843622722013,0.4596728771068486,-75.34356013559568,14.65643986440432,14.65643986440432
1923,3.874042118542512,2.187266034443016,7.1049376496670815,3.24831892316032,0.6331897785353874,-82.90445101096103,7.095548989038974,7.095548989038974
1924,5.1496939537642605,2.524195113050515,11.72967969691961,4.646898980302745,0.437997264137258,-87.6899648022615,2.3100351977385003,2.3100351977385003
1925,1.2660243778180809,1.0291389130193234,1.966214907929375,1.910543740067923,0.6595411854547666,-13.042050647672347,76.95794935232766,76.95794935232766
1926,1.3585539723246187,1.0765145522094384,1.7975996495387017,1.6698331163747933,1.0472129011330695,-52.17966827212231,37.82033172787769,37.82033172787769
1927,5.738520603635994,3.681323888362132,11.48440064403853,3.1196387474474805,0.4427337332374403,82.79971349549568,-7.200286504504319,7.200286504504319
1928,1.6044383463340146,1.3822382049380222,1.9766191494612857,1.4300133959543644,1.0748089035324773,-16.128942446686718,73.87105755331328,73.87105755331328
1929,1.4451712930335778,1.0760459785908425,2.2561646000948774,2.0967176542488297,0.7493637765068715,-57.94052242919796,32.059477570802045,32.05947757080204
1930,4.9525718792788425,2.1117071282233093,12.21381730951862,5.783859488031728,0.3819995002628982,-87.49651021651339,2.5034897834866,2.5034897834866143
1931,1.4947343471339476,0.9833865665260634,3.629191560552393,3.690503494849404,0.3890330768637445,-85.49770545230459,4.5022945476954135,4.5022945476954135
1932,1.5108941070107518,1.3421220047812008,2.8775804581014315,2.144052811778873,0.4458374484973855,-64.73134824889313,25.26865175110686,25.268651751106873
1933,1.6195038256468852,1.2903055663735878,2.176296796661711,1.686652257711487,0.9574635852547316,48.23994970574352,-41.76005029425648,41.76005029425648
1934,1.2071068813224677,1.0673362310531782,1.4244985600761324,1.3346296308807295,1.2558405403870414,37.03929614126255,-52.96070385873745,52.96070385873745
1935,4.290468357078531,3.764437568657761,5.224223135797936,1.3877831788987998,0.7741771453782126,-74.37090565723268,15.629094342767303,15.629094342767317
1936,2.424252116806765,1.4006620477599412,4.505658258612358,3.216806128086495,0.5658684957534796,85.47058246978482,-4.529417530215184,4.529417530215184
1937,1.2270604129519955,1.0327701702321317,1.5438492452927153,1.4948623515585375,1.1102052063372092,50.44902581732504,-39.55097418267496,39.55097418267496
1938,1.3585539723246187,1.190829450568897,1.680671765640964,1.411345482628141,1.0670073260812931,81.00303620739095,-8.996963792609051,8.996963792609051
1939,1.2071068813224677,0.8521897435632685,2.387345441549048,2.8014247526223666,0.5769092185450236,-66.72368221785081,23.276317782149192,23.276317782149192
1940,2.5224394277803315,1.49772878505409,4.629204579201227,3.090816324955686,0.6461940007629471,29.555699224988505,-60.4443007750115,60.4443007750115
1941,2.4041334941401127,1.561368417384484,4.087054256824976,2.617610431541441,0.6977018695417667,-77.80733367020103,12.192666329798953,12.192666329798968
1942,2.34274122622605,1.3862294286417909,4.464774379313244,3.220804786757248,0.5063965815660862,-79.48241251417346,10.517587485826539,10.517587485826539
1943,2.570126813468571,1.4231119273741273,5.090459609660373,3.576991740244281,0.6028700879147448,-85.24965231676109,4.750347683238914,4.750347683238914
1944,1.95883855734249,1.46018317471602,2.987050699450554,2.0456684826761427,0.6433209007518464,-85.42132303900073,4.578676960999275,4.578676960999275
1945,1.4783979621211876,1.2640346980927335,1.7997399908648553,1.423805844555084,1.1224917514934534,2.6553236840236814,-87.34467631597632,87.34467631597632
1946,1.186817925731738,1.066337114826676,1.4380320326533742,1.3485716783731323,1.070454085942937,76.55765520610991,-13.442344793890086,13.442344793890086
1947,1.4451712930335778,1.0496439861247793,2.183751088862673,2.080468347105905,0.9259602019831265,40.14928260032472,-49.85071739967528,49.85071739967528
1948,1.5108941070107518,1.2779759962664226,1.9579935537987865,1.5321051095787552,0.9168330571717556,63.775961891677625,-26.224038108322375,26.224038108322375
1949,1.3223193364400538,1.080336629852966,1.6663164190700988,1.5424048144113052,1.2310285892088992,83.73014079007129,-6.269859209928711,6.269859209928711
1950,3.948549752176839,2.1964887953541035,7.306145960931801,3.3262841933841742,0.6399565239807818,-85.45828239070138,4.541717609298615,4.541717609298615
1951,1.933884181003576,1.5236060615673683,2.5225294616125686,1.6556310225082624,0.9619306676175244,21.878753201295844,-68.12124679870416,68.12124679870416
1952,2.1367269374441915,1.3821805686340531,3.62584892917719,2.6232816546975863,0.6266111074420226,-77.70918379507795,12.290816204922066,12.290816204922052
1953,1.340559085464394,1.241676372317055,1.5565029087874855,1.2535495910926793,1.1569452499234405,6.582071649136333,-83.41792835086366,83.41792835086366
1954,1.376313601551939,0.8919872025523589,2.760701368304676,3.095001094640285,0.4869659426298592,-89.96294807623629,0.03705192376372679,0.03705192376371258
1955,1.542705892513396,1.3412094037762834,1.8914763139936048,1.410276656775594,1.0009964510465497,43.664885605357135,-46.335114394642865,46.335114394642865
1956,1.5583682828180965,1.195553210985195,2.181468212321614,1.824651711255893,0.8937773908345901,-14.218385797322988,75.78161420267702,75.78161420267702
1957,1.186817925731738,1.1278018769025362,1.3130343978191603,1.1642420754125344,1.3387288320629762,-80.92794509971426,9.072054900285735,9.072054900285735
1958,2.5416217529397453,1.9626393031095872,3.5165373127904056,1.7917389645763422,0.859846066694909,86.23473232735674,-3.7652676726432617,3.7652676726432617
1959,1.2071068813224677,0.9173329269383188,1.9754210383068551,2.1534395858873188,0.7544329109406932,77.99813207760609,-12.001867922393913,12.001867922393913
1960,3.614608273703613,1.9208432252031071,7.187896265891719,3.7420525379585214,0.5004322843238678,-82.85265546187156,7.147344538128436,7.147344538128436
1961,1.542705892513396,0.7323411540261989,4.121928016774587,5.628426033568404,0.3985144278865004,88.8019793660812,-1.1980206339188015,1.1980206339188015
1962,2.5031101051741675,1.2413016540338226,5.274222703789514,4.248945199299479,0.5589172503972444,89.24430868439272,-0.7556913156072795,0.7556913156072795
1963,3.727074851943596,2.6417622457177674,5.539103494083368,2.0967456488796903,0.6936110638768321,-76.50161608090468,13.498383919095318,13.498383919095318
1964,1.6492219709549814,1.319814557622278,2.320872299740752,1.7584836341871672,0.8370505090671587,83.8580584449968,-6.1419415550032,6.1419415550032
1965,2.881928179315977,2.220981944910445,3.91517299047621,1.762811714632862,0.7606182699060818,-83.29784108388493,6.702158916115081,6.702158916115067
1966,4.873483812824012,3.373376239560054,7.35263293550662,2.179606546486356,0.6873344274504586,88.83199930173897,-1.1680006982610251,1.1680006982610251
1967,1.2660243778180809,1.0817307927141973,1.5327518764003636,1.4169439260895016,1.2549649765245892,-88.77415021211198,1.2258497878880235,1.2258497878880235
1968,1.526882849696625,1.0411505271991723,2.360534365173242,2.2672363923431718,0.8585443097061712,70.14138069138016,-19.858619308619836,19.858619308619836
1969,1.2270604129519955,0.8746513157628916,1.9412848112203536,2.2194956735726383,0.8061895246761817,4.8327418767560735,-85.16725812324393,85.16725812324393
1970,1.5892300566907107,1.468424435241365,1.7685587851017002,1.2043920971738682,1.1920626407653026,-59.39606559658865,30.60393440341136,30.60393440341135
1971,1.542705892513396,1.142403299766388,2.1992279959701886,1.9250889737625168,0.9652557904270556,-88.17169929466763,1.8283007053323672,1.8283007053323672
1972,3.1631421441599654,2.592576168672609,3.9368626730700136,1.5185137935930633,0.9942074488529868,65.78378918483793,-24.21621081516207,24.21621081516207
1973,1.4947343471339476,0.9862721452988862,3.814393757640312,3.8674860441124737,0.4226101610686824,-68.76268540899653,21.237314591003468,21.237314591003468
1974,1.5583682828180965,0.8745704714398332,3.2852930735365424,3.7564646655950544,0.5412016622860832,26.746386584478504,-63.2536134155215,63.2536134155215
1975,1.2270604129519955,0.9706976482549708,1.7642183150755872,1.8174745949443,0.9622156932249032,58.65747655607231,-31.34252344392769,31.34252344392769
1976,1.5738748168108194,1.1136681463151654,2.3490091363783665,2.109254129383712,0.8011214921756172,-88.33319652627311,1.6668034737268727,1.6668034737268869
1977,1.5583682828180965,1.4325942433016008,1.743314397412521,1.2168933426640225,1.194697971392432,82.38362977292098,-7.616370227079017,7.616370227079017
1978,1.186817925731738,0.7434000631222639,2.023288641511559,2.721668643682637,0.8142950646409871,-22.732499507807415,67.26750049219258,67.26750049219258
1979,10.52792829626683,7.812925994779478,15.764335434675408,2.017724914482613,0.533411780068321,-5.038686167020882,84.96131383297912,84.96131383297912
1980,1.8039417076383557,1.4545371141835188,2.404536551501348,1.6531283581932497,0.9035939646543816,-88.09677900332528,1.903220996674719,1.903220996674719
1981,1.946401361393312,1.942227195108453,1.9834803767408344,1.021240142109161,1.1867552508355796,72.80057743182604,-17.199422568173958,17.199422568173958
1982,2.890342586067156,2.82910094359956,3.0081850862047723,1.063300725628177,1.0026737639285714,-31.59661182610416,58.40338817389585,58.40338817389584
1983,5.644649995190287,3.899058965030709,8.310252674415217,2.1313482942799675,0.8186135891613647,-84.81292986813415,5.187070131865852,5.187070131865852
1984,1.6492219709549814,1.2322406604740903,2.2930449827417774,1.8608743050724803,0.9966654501001612,83.2216296858757,-6.778370314124302,6.778370314124302
1985,1.2466946262544771,0.9758024151335252,1.6766180947337088,1.7181942458138788,1.1833703294164313,-2.8708352733028546,87.12916472669714,87.12916472669714
1986,2.0198761507134417,1.3321029792518602,3.3870237349642838,2.542614037892561,0.59499377913947,89.76899012514386,-0.23100987485614155,0.23100987485614155
1987,2.043780842560348,1.2756360976286407,3.622715921863849,2.8399289802149226,0.6482604933875386,-30.83577829212178,59.16422170787823,59.16422170787822
1988,1.6044383463340146,1.5076123940933854,1.780847040350033,1.1812366675460766,1.081227730269283,82.9885991784663,-7.011400821533698,7.011400821533698
1989,3.553626438646273,1.9351648747560628,7.078546477661463,3.6578518812531406,0.491262913456135,-70.09971823702243,19.900281762977556,19.90028176297757
1990,1.5583682828180965,1.3340337633062394,1.9241117773925356,1.4423261466965125,1.0119370695008914,-27.106405430859827,62.89359456914018,62.89359456914018
1991,1.4451712930335778,1.1907311363998172,1.9175374620446748,1.6103865964590134,0.9857441067866924,-34.27807989628731,55.72192010371269,55.72192010371269
1992,2.079122611754846,1.4499068714568113,3.437447968122854,2.3708060398865736,0.6329019608508263,-72.19903777829289,17.800962221707096,17.80096222170711
1993,5.366763346751559,2.065242213213596,14.738026366261767,7.1362217332023405,0.3362722451015601,-70.82650196079989,19.173498039200126,19.173498039200112
1994,1.186817925731738,0.9926595379052224,1.52974235891345,1.5410544103989736,1.0948830558524534,-83.71895007538797,6.281049924612034,6.281049924612034
1995,2.236679259992467,1.3632476585916924,3.8946128767175914,2.856863792996302,0.6304064171862374,72.27587269720162,-17.72412730279838,17.72412730279838
1996,1.69282125807016,1.1666166257867945,2.696985317008101,2.311800858477556,0.7737492818953,74.6069950324973,-15.393004967502705,15.393004967502705
1997,2.0198761507134417,1.6350080337681845,2.642985414965069,1.6164968981062502,0.9446444190214852,89.50345488758289,-0.49654511241710964,0.49654511241710964
1998,3.116736565636193,1.9552290362195583,5.210901985314957,2.665110781798869,0.6971785645491905,84.14809268263929,-5.851907317360713,5.851907317360713
1999,1.4111624987975715,1.0095531034492151,2.385830801817987,2.363254388170977,0.6989112984698037,-59.68469695004917,30.315303049950842,30.315303049950828
2000,1.9834790046600808,1.4022179716886756,3.029433679799775,2.160458460071983,0.8223913299997015,67.23919647402361,-22.760803525976385,22.760803525976385
2001,1.933884181003576,1.6355633573122172,2.339779645021324,1.4305649698990397,1.051508022842944,-83.15510641098946,6.844893589010553,6.844893589010539
2002,2.778968733462305,1.5123861429485157,5.415513021420374,3.580774028293069,0.6159036468310345,-67.80041859887648,22.19958140112351,22.199581401123524
2003,1.3223193364400538,1.0242614281498594,1.902229415443471,1.8571717758419348,0.9032979242060722,29.908067037565925,-60.09193296243407,60.09193296243407
2004,2.92375806133559,1.9708849094825216,5.132437966870052,2.604128704916429,0.6509748707448545,67.66392489431549,-22.336075105684515,22.336075105684515
2005,1.3585539723246187,1.2744305001361171,1.5195909554426452,1.1923686346806228,1.1911831640715356,-16.95289797595826,73.04710202404175,73.04710202404175
2006,1.2660243778180809,1.2797452813631145,1.3457721383258678,1.0515937491032787,1.0712586009925655,80.37246110535813,-9.627538894641873,9.627538894641873
2007,3.313136415259456,3.272995657879564,4.412414499523208,1.3481272084491018,0.4699378262233768,-59.59005682993811,30.409943170061894,30.409943170061887
2008,2.1367269374441915,1.9817867072945012,2.364640291252881,1.1931860691915956,1.1325754404840964,73.32449596343729,-16.675504036562714,16.675504036562714
2009,3.093272719512472,3.344008958257974,4.817563446304108,1.4406550659522654,0.4045411822943405,-65.68887748625437,24.31112251374563,24.31112251374563
2010,1.2270604129519955,0.8267778799978516,2.288758424543492,2.7682869606398266,0.5703740840099124,-73.48069785171828,16.519302148281724,16.519302148281724
2011,12.563966762852903,5.999403244687436,28.577693164796376,4.763422627092513,0.3610648850596522,89.10471766329471,-0.8952823367052929,0.8952823367052929
2012,1.542705892513396,1.2413648418890886,1.9640265941161723,1.5821509743479998,1.134503773362157,-81.34924433288657,8.65075566711343,8.65075566711343
2013,1.2071068813224677,0.8708760490041649,1.7609745277769435,2.022072520872051,1.004056241563915,-21.320943614680687,68.67905638531931,68.67905638531931
2014,1.5108941070107518,1.4667174665368818,1.6393261028626789,1.1176836304631657,1.1030139694477064,35.74517503635614,-54.25482496364386,54.25482496364386
2015,4.516580379125865,2.477635289738911,8.806568958300927,3.554425057946664,0.5231630927964753,76.03644596550811,-13.963554034491892,13.963554034491892
2016,6.071639620422324,2.953437628592709,17.335616678256567,5.869640350765375,0.2893578123008794,-72.07164332575779,17.928356674242195,17.92835667424221
2017,1.3585539723246187,1.2130454080077655,1.6225331396269134,1.3375699944255723,1.0304488502612943,66.2090989324538,-23.7909010675462,23.7909010675462
2018,1.7904288454052892,1.246987275686348,2.696534892406542,2.1624397818513077,0.8486880100859108,83.62911645933269,-6.370883540667307,6.370883540667307
2019,1.2270604129519955,0.7831722267545048,2.103758411711888,2.6862015018458227,0.8609853120213319,-64.3552456817767,25.644754318223306,25.644754318223306
2020,1.2270604129519955,1.1665885148653885,1.3948543083403109,1.195669501770521,1.1463900066221675,-64.76731670168336,25.23268329831666,25.232683298316644
2021,1.9212854528773184,2.140240682419946,3.155844480662287,1.4745278447347376,0.4041443185157235,-0.0180101049377625,89.98198989506224,89.98198989506224
2022,2.332352078688221,1.5832438751354614,3.5506977978686365,2.2426726884162687,0.8337582860788314,-18.49235713435121,71.50764286564879,71.50764286564879
2023,2.090770448616529,1.6542610987707702,2.871647175416896,1.7359092694319702,0.8118939101333587,-0.5501072871719727,89.44989271282803,89.44989271282803
2024,2.125330979189304,1.5738186186804166,3.258785685691456,2.070623416835553,0.7038847141333413,-18.831010774333148,71.16898922566685,71.16898922566685
2025,3.1631421441599654,2.048617091777372,5.067769296969669,2.4737513502696067,0.7474534486921128,-19.486065988754333,70.51393401124567,70.51393401124567
2026,3.477641196323917,1.7500212504256163,7.468060054401361,4.2674110686284985,0.5166595191754921,86.81090229319351,-3.1890977068064927,3.1890977068064927
2027,2.383845085036066,1.471452968670717,5.230939566342049,3.5549485289139637,0.4481308797058454,79.4948562173322,-10.505143782667801,10.505143782667801
2028,2.0674091517192297,1.3327072028486924,3.3160822840012005,2.488230180577548,0.8005729114913792,89.07515267192987,-0.924847328070129,0.924847328070129
2029,7.154930239992095,3.5210663354236345,15.706836834330288,4.46081821188993,0.4348058388743834,-74.20486677134265,15.795133228657335,15.795133228657349
2030,1.2850634067342854,1.1290550762459115,1.6483807592563202,1.4599648803113814,0.97981616058928,-69.28076654448158,20.719233455518406,20.71923345551842
2031,5.780685172134311,3.0451613988559685,11.42914157302793,3.753213730254733,0.5424799475756453,-89.72889283618126,0.27110716381872635,0.27110716381874056
2032,2.8987325676804407,1.801170083394648,4.8569714628101295,2.696564587424327,0.6867926431029119,-84.14960045902285,5.8503995409771505,5.8503995409771505
2033,2.055628946700877,2.104909225319753,5.045919415830875,2.3972147374024444,0.3170929653731765,81.97563931992116,-8.024360680078843,8.024360680078843
2034,5.618776749757414,4.265119669079424,7.66020529963342,1.7960118106807506,0.7468943399259514,-31.02890036837696,58.97109963162305,58.97109963162304
2035,1.7071069228001237,1.173298672769256,2.575042454072654,2.1947032872669654,0.9009366855061032,-87.9590357223321,2.0409642776679107,2.0409642776678965
2036,6.310910549219671,4.209868162107011,9.997654797284545,2.374814225127845,0.6672753763510726,52.61608625289671,-37.38391374710329,37.38391374710329
2037,2.090770448616529,1.5016007789064318,3.321335218199421,2.211863009699718,0.7108690842038702,57.21420141072757,-32.78579858927243,32.78579858927243
2038,3.0617078862766465,1.732664709504482,5.938780133534785,3.4275414631335077,0.5504844034382126,-70.17647096067581,19.82352903932417,19.823529039324185
2039,1.3038244488524504,1.2242768902026535,1.4715065398558411,1.201939325680046,1.1352599668588277,80.85025097006981,-9.149749029930192,9.149749029930192
2040,1.3223193364400538,1.2381686131357428,1.4782053117651217,1.1938643057842262,1.1905701760343168,80.12158807887518,-9.878411921124822,9.878411921124822
2041,2.743790495859625,1.5246662906646795,5.331531319953887,3.4968513127089613,0.5941754779383048,61.30376692534563,-28.696233074654373,28.696233074654373
2042,2.0674091517192297,1.5640881317294322,3.06841693820422,1.9617928657328487,0.8168428804888993,-65.24006069196696,24.75993930803304,24.75993930803304
2043,1.2270604129519955,0.8232003849782642,2.329369572377999,2.829650732536409,0.6286618115001282,-70.86758185305106,19.132418146948936,19.132418146948936
2044,2.5031101051741675,2.00501156475459,3.37943537507974,1.6854942058617888,0.8664970806703468,-62.076188417421896,27.92381158257811,27.923811582578104
2045,14.161444015004218,11.489148256179355,18.545548607741765,1.6141795887930313,0.7339454894903618,68.33469966945123,-21.665300330548774,21.665300330548774
2046,11.697108593737832,8.329252285582834,19.859138648723597,2.384264273408782,0.517460614067855,83.86129312414,-6.138706875859995,6.138706875859995
2047,1.5108941070107518,1.3330884320297052,1.9828962061615956,1.4874453626024793,0.8539437254563409,73.18960695743836,-16.810393042561643,16.810393042561643
2048,1.340559085464394,1.292564102038969,1.4269006535843296,1.1039302819360757,1.3380525658788525,62.32988742562599,-27.67011257437401,27.67011257437401
2049,1.2850634067342854,0.9183996275926092,2.019467646819332,2.198898590707119,0.8895414659957607,61.85929934747495,-28.140700652525048,28.140700652525048
2050,1.9711972828282505,1.2875960894103655,3.1071617104956983,2.4131493843838667,0.8600566428131157,-53.85963211115741,36.140367888842604,36.14036788884259
2051,1.8829835605082688,1.305284078764726,2.9103002573909498,2.2296297830776832,0.7549233795696845,-40.50753522484779,49.4924647751522,49.49246477515221
2052,2.2690184693770243,1.2866753172311294,4.2745153935832665,3.3221398874595978,0.5466098413169741,-56.55828260795143,33.44171739204856,33.44171739204857
2053,2.8223249975951434,2.211172861122459,3.7263872082740046,1.6852536831436944,0.917734276520028,-56.28189526973348,33.71810473026653,33.71810473026652
2054,2.0078170808425457,1.1679684005359787,3.894165976738512,3.3341364158067,0.6070701608267327,88.11236583433102,-1.8876341656689846,1.8876341656689846
2055,1.5892300566907107,0.8445484004384175,3.344688053521258,3.9603272610367646,0.532942236904597,79.61271812338585,-10.387281876614153,10.387281876614153
2056,1.7071069228001237,1.357850628453581,2.212203596508567,1.6291951044924473,0.9887863749066546,3.4479488288149125,-86.55205117118508,86.55205117118508
2057,3.892802722786624,2.636622056341824,8.47718836122632,3.2151700850853,0.4208437022806138,-78.36893694098416,11.631063059015844,11.631063059015844
2058,2.2257951114113315,1.6198551383146509,3.5592963937068065,2.1972930230106957,0.7060374497743354,52.58627976745124,-37.41372023254876,37.41372023254876
2059,1.2660243778180809,0.613874366617712,3.2762219762404445,5.336958430585032,0.4320768290438453,-74.95949448019051,15.040505519809471,15.040505519809486
2060,2.102353753036351,1.6546066988248676,3.4124044011265378,2.0623658803932625,0.5563469331649089,-66.71237064526542,23.287629354734577,23.287629354734577
2061,1.8306682257451572,1.210085962832372,2.934534455931892,2.42506280220226,0.7490550640315817,-83.35502456823693,6.644975431763072,6.644975431763072
2062,1.1661760393441107,1.12252073532609,1.377150794308243,1.2268377331205231,1.032646210739132,57.90642610649175,-32.09357389350825,32.09357389350825
2063,1.340559085464394,0.9805748194054806,2.088717063864764,2.1300945348883693,0.8299496932987364,-87.2620325266775,2.737967473322499,2.737967473322499
2064,1.9956851445118324,1.295942864313446,3.437658406251209,2.6526311467229564,0.6208733053830001,64.27670580577932,-25.723294194220685,25.723294194220685
2065,5.407335843732735,3.511496973007564,9.174984332253706,2.612841304657432,0.6226530793886234,-66.87232784306347,23.127672156936512,23.127672156936526
2066,2.373635851463476,1.8998846497974464,3.359778080969046,1.7684116145299895,0.6112311361807682,39.869312641382805,-50.130687358617195,50.130687358617195
2067,1.340559085464394,0.9022731300243694,2.233606644595423,2.475532707634877,0.8363684878028506,11.24498098943202,-78.75501901056798,78.75501901056798
2068,1.7904288454052892,1.264657042299978,3.059308345845308,2.419081413789049,0.6946759749317928,-36.65305337126665,53.34694662873335,53.34694662873335
2069,7.014388579280502,4.666318938270021,10.92584649296584,2.341427287226205,0.7263978596884162,-87.99995445695428,2.000045543045701,2.000045543045715
2070,1.1661760393441107,0.8687767084205376,1.630084447600764,1.8762985146831423,1.1879718634526868,-4.615521703472146,85.38447829652786,85.38447829652786
2071,1.6195038256468852,1.2872741633272635,2.4966220296672748,1.9394641023588683,0.6932718111948181,29.76217821305551,-60.237821786944494,60.237821786944494
2072,1.4783979621211876,1.0040080811747052,2.6863811080588085,2.675656858175584,0.6545820620515757,83.79895296750425,-6.201047032495751,6.201047032495751
2073,3.0217882140215035,3.75382341064001,5.275487920066923,1.4053639031377547,0.252893132616837,56.96586034299789,-33.03413965700211,33.03413965700211
2074,1.3038244488524504,0.8374370867334823,2.5554504746770066,3.051513379524221,0.6129566385869158,-55.0538975850065,34.946102414993504,34.9461024149935
2075,1.2660243778180809,0.9481681653917764,2.2632684189294894,2.3869905165971512,0.6079631069881145,68.1398595771437,-21.860140422856304,21.860140422856304
2076,2.839482146491885,2.601267923926902,3.2680071327212783,1.2563131627702,0.8848464729285187,73.63367289101579,-16.36632710898421,16.36632710898421
2077,1.7071069228001237,1.5003840777079167,2.204568323025699,1.4693359892178672,0.885200639721104,13.029423638712617,-76.97057636128739,76.97057636128739
2078,1.3585539723246187,1.2650460214002008,1.5356917670964203,1.2139414227765868,1.168893332852763,-35.716854293443774,54.283145706556226,54.283145706556226
2079,1.461879030667795,1.407982384201585,1.6823508424591909,1.1948663998471756,0.9264363920335824,5.097164478016937,-84.90283552198306,84.90283552198306
2080,5.835043624738875,4.662049259621539,11.357690405017005,2.4362012867146348,0.3416851581883091,-34.01792509755082,55.98207490244917,55.98207490244918
2081,3.147749633621639,2.6370989482373277,4.94125182841145,1.87374532598189,0.4655202501244229,46.71992894072093,-43.28007105927907,43.28007105927907
2082,2.0198761507134417,0.959823663147462,4.809025732918993,5.010322122241908,0.4430691731835469,-89.58127151391538,0.41872848608460345,0.41872848608461766
2083,2.839482146491885,1.7271733573038566,4.9832477297970055,2.8852041450986308,0.6524695640866167,86.70704814282834,-3.2929518571716585,3.2929518571716585
2084,1.870041939381716,1.7489756975059465,2.278418532543382,1.3027159472784131,0.8005687153942178,-31.779727728587925,58.22027227141207,58.22027227141207
2085,2.0198761507134417,1.084722281706207,5.15998328971036,4.7569625670397375,0.3475336059896938,72.39614510581231,-17.60385489418769,17.60385489418769
2086,2.3219164465724,2.255483790522723,2.4881662301569474,1.103162984638563,1.0039702435828883,-6.304567549393615,83.69543245060639,83.69543245060639
2087,1.3038244488524504,0.7809242069174765,2.5364243202276877,3.247977585737359,0.6944636583957053,-75.79218497945442,14.207815020545581,14.207815020545581
2088,1.6195038256468852,1.2234479861966066,2.3132231633034506,1.890740913714429,0.953948710006939,-76.65624619802577,13.34375380197423,13.34375380197423
2089,1.749264059016166,1.245441780206911,3.039151634357585,2.4402197538713337,0.6289377643719519,72.1649240970224,-17.835075902977593,17.835075902977593
2090,2.4639966035353127,1.3623983831536597,4.782067965953325,3.510036436540584,0.5215258561734074,-62.13611796191369,27.863882038086302,27.86388203808631
2091,2.9070983356311,1.498242216965633,7.136832474994536,4.763470414983135,0.3892177703265962,89.15363401627,-0.8463659837299957,0.8463659837299957
2092,1.4451712930335778,1.2438462936783892,2.157495376859358,1.7345353584477563,0.7429312611683101,-17.263664932297903,72.7363350677021,72.7363350677021
2093,2.570126813468571,1.522835638826404,4.727827216310853,3.1046208111825018,0.5176097076165269,-67.20585812070306,22.794141879296944,22.794141879296944
2094,1.2466946262544771,1.051677167089273,1.7261734714178807,1.6413529982736157,0.9475087693248392,80.49432716477189,-9.505672835228111,9.505672835228111
2095,1.526882849696625,1.1135051009443766,2.314494235114608,2.078566351561083,0.775172522505757,81.66520908916489,-8.33479091083511,8.33479091083511
2096,2.9154400983602766,1.327127537896943,8.452038693560851,6.368671022345396,0.2808403609266378,-81.57247552154563,8.427524478454359,8.427524478454373
2097,1.9086035621207809,1.4773210910879822,2.5886157849362395,1.752236396374628,0.9721148872015918,84.22900296937055,-5.770997030629445,5.770997030629445
2098,1.2660243778180809,1.1920142309262822,1.433867565172129,1.2028946701902286,1.1849922538167612,53.465859746940616,-36.534140253059384,36.534140253059384
2099,1.3223193364400538,1.243676875896218,1.494991161982755,1.202073618121616,1.1599042645101083,87.52701672644793,-2.4729832735520745,2.4729832735520745
2100,4.868498150329299,2.5567400411946157,11.319681740365528,4.427388611270977,0.3166200634175421,66.03136057846997,-23.96863942153003,23.96863942153003
2101,1.376313601551939,1.0492780654997804,1.874237908346228,1.7862166092774576,1.104568817831742,81.70516437149392,-8.294835628506078,8.294835628506078
2102,1.3585539723246187,1.0142744511142732,2.6353341538386807,2.5982456237002967,0.5220534881146464,71.68294306201632,-18.31705693798368,18.31705693798368
2103,7.748084237085023,4.309050843634559,15.00401058832377,3.481975760506071,0.4461151276668464,82.02729719343185,-7.972702806568151,7.972702806568151
2104,1.6195038256468852,1.519701968889618,1.8028977431772637,1.1863495475330366,1.1369901174957602,-64.1079630623992,25.892036937600807,25.892036937600807
2105,1.5892300566907107,1.3202453391463376,1.9829202662059648,1.5019331690942448,1.1290005839634696,87.51538555434648,-2.48461444565352,2.48461444565352
2106,11.272077554737807,10.0741052688884,17.562980748971533,1.74337872001505,0.3573197023486417,-79.6390089839315,10.36099101606851,10.360991016068496
2107,1.8039417076383557,1.7945052926919565,1.914869545024616,1.067073779510619,1.0579825250486454,47.62090997348986,-42.37909002651014,42.37909002651014
2108,2.090770448616529,1.9987102421248717,3.079178966510613,1.540582972766014,0.4526608979161992,36.944559267858985,-53.055440732141015,53.055440732141015
2109,1.186817925731738,0.6883738164573775,2.648490054922259,3.847459028224452,0.5232739097126856,-73.2889739763556,16.711026023644393,16.711026023644393
2110,4.352285755573581,3.094649758584333,8.198537643208027,2.6492618818869182,0.4066123328107782,72.27873242242339,-17.72126757757661,17.72126757757661
2111,27.279903351140018,22.80409333264968,37.84887444162249,1.6597403759715583,0.3585988779170578,83.40882335802046,-6.591176641979544,6.591176641979544
2112,1.186817925731738,0.987558851053121,1.6056450713307795,1.6258727969665188,0.9501781974600282,-45.6226821333842,44.37731786661578,44.3773178666158
2113,1.6344304437273447,1.5174819635257983,1.865796202920318,1.229534352148231,1.0597386850526125,41.70640393037264,-48.29359606962736,48.29359606962736
2114,1.4783979621211876,0.8900759963286132,2.7078354621591973,3.0422519799752843,0.6757025141295774,-69.975165411174,20.024834588825996,20.024834588825996
2115,1.2071068813224677,1.1861447914354095,1.3000983152195686,1.0960705005046294,1.2863949748214845,-28.706550658515933,61.29344934148406,61.29344934148406
2116,1.4947343471339476,1.1725400765830516,1.972395854650581,1.682156451657007,1.1078971401338535,-3.3583728008258737,86.64162719917412,86.64162719917412
2117,4.903291331182034,2.3215813917193526,11.954672201456406,5.149365964121047,0.3793341846497809,73.70893466672618,-16.29106533327382,16.29106533327382
2118,1.2660243778180809,0.9995847279543204,1.8130148422234025,1.813768049391662,0.8347983956327827,-40.2480711986337,49.75192880136629,49.7519288013663
2119,1.6344304437273447,1.4947038164198458,1.8979640277534773,1.2697927220789005,1.0407435221634722,-40.802304054277926,49.197695945722074,49.197695945722074
2120,2.86502522895345,2.274530050643464,3.843386535269517,1.6897497283811322,0.8522456929422162,-45.81182527163249,44.1881747283675,44.18817472836751
2121,3.463646607576112,2.3997199761433703,5.452527320111619,2.272151490306159,0.6629057978594729,-75.41359400790175,14.586405992098264,14.58640599209825
2122,1.749264059016166,1.3712062999175911,2.387494941436572,1.741163923750977,0.8487024733745545,-59.52797415130559,30.472025848694415,30.472025848694408
2123,1.69282125807016,1.5492606645870537,1.9730818412687985,1.273563504431136,0.9822410670785482,20.323274829579592,-69.67672517042041,69.67672517042041
2124,2.170555852193912,1.7319863831600883,2.896512945227399,1.6723647329966755,0.9375152254707216,-57.20788157610888,32.79211842389111,32.79211842389112
2125,1.9086035621207809,1.1469037534242716,3.477527092588479,3.0321001934170537,0.6177413167952633,-66.69555052064955,23.304449479350467,23.304449479350453
2126,8.178093442408498,4.18699090845426,16.89325420315907,4.034700474044179,0.4985072428656283,72.79557418284976,-17.204425817150238,17.204425817150238
2127,1.340559085464394,1.2072008602518938,1.7579200993012962,1.4561952009663826,0.7078614574094271,-79.08477087672777,10.91522912327224,10.915229123272226
2128,7.3887037514035,5.590498183091705,11.271342790740183,2.0161607108343267,0.5229027232023726,66.5411526565245,-23.458847343475497,23.458847343475497
2129,2.373635851463476,1.868328751187183,3.2039271279585426,1.714862615009637,0.8624854385016864,-63.92056770882088,26.079432291179103,26.079432291179117
2130,1.3938469657443524,1.1789594153347558,1.7042633957398232,1.4455657875686176,1.208551120676827,52.36113096294838,-37.63886903705162,37.63886903705162
2131,1.4947343471339476,1.100058025924309,2.430409589314547,2.2093467181173723,0.7238592305855387,-62.94370729320649,27.0562927067935,27.056292706793514
2132,2.4541208259039915,1.5778537207405223,4.026046420421639,2.5515967465806173,0.7539691563479433,-85.57039094759902,4.429609052400963,4.429609052400977
2133,1.340559085464394,1.023555082128436,1.9257735964842364,1.8814557517311896,0.9229376623390616,-78.42717570342897,11.572824296571014,11.572824296571028
2134,1.461879030667795,1.2479661717475683,1.827164180921237,1.464113549137793,0.9773637540522424,-27.36025522920977,62.63974477079023,62.63974477079023
2135,1.2660243778180809,0.9257798477447572,1.8197322527162012,1.965620938011509,1.09416074282788,79.94249455746778,-10.057505442532218,10.057505442532218
2136,1.2660243778180809,1.1499581065242477,1.4609221619462032,1.2704133773723685,1.2051357670282916,-14.043223380829028,75.95677661917097,75.95677661917097
2137,2.1480624384075764,1.6196867156534998,2.955053948625358,1.824460199658472,0.8995289123019811,-85.88453613833981,4.115463861660203,4.115463861660189
2138,3.892802722786624,1.952813780875508,8.304741724365401,4.252705406780837,0.4978025257902573,-72.38504768444395,17.614952315556053,17.614952315556053
2139,1.4282681233264556,1.118077085982806,1.9908531408162504,1.780604544870233,1.0285988833430482,-17.26856041441197,72.73143958558803,72.73143958558803
2140,1.376313601551939,1.101766160696342,1.8447422008492085,1.6743500269451803,0.8884221453100036,-7.848631925857938,82.15136807414206,82.15136807414206
2141,1.376313601551939,1.0846004993603442,3.066278792351441,2.82710435239502,0.3887943107756703,-63.33879656644386,26.661203433556125,26.66120343355614
2142,1.2660243778180809,1.2593775888263712,1.352475706608257,1.0739239117861743,1.1818313486815455,42.354959397314175,-47.645040602685825,47.645040602685825
2143,2.079122611754846,1.5597447146990322,2.96382179786496,1.9001967244600395,0.8438743760628397,-62.422664518522,27.577335481478002,27.577335481478002
2144,1.3038244488524504,0.9779889660957468,2.269388843998468,2.3204646705352405,0.6743791632152987,-41.17658775832829,48.82341224167172,48.82341224167171
2145,1.6344304437273447,1.296092286261282,2.585014018065786,1.994467558728042,0.6405134402093025,-46.11879622417497,43.88120377582504,43.88120377582503
2146,3.477641196323917,1.9505350205210648,7.296999017360433,3.741024355159292,0.3988471580184713,83.86155655475562,-6.138443445244377,6.138443445244377
2147,1.9956851445118324,1.3114411193830096,3.206014490013947,2.4446499676037856,0.8069305231975852,-83.20965994545074,6.790340054549262,6.790340054549262
2148,1.3223193364400538,1.2795146925424998,1.5238507646954331,1.1909599581599315,0.9577078326759522,-84.85110027457858,5.1488997254214155,5.1488997254214155
2149,1.9212854528773184,1.545174161977091,2.4525682983299726,1.5872439228415829,1.005248986075973,46.25133754163696,-43.74866245836304,43.74866245836304
2150,2.9070983356311,1.6058237556464972,5.501264673081751,3.4258209555923327,0.5638266345769232,86.98542978274541,-3.0145702172545867,3.0145702172545867
2151,1.5583682828180965,1.0796537601828633,2.322148110406542,2.150826678002061,1.0119370695008914,-56.2101388396928,33.7898611603072,33.7898611603072
2152,1.3038244488524504,0.9953250636834148,2.0215191234033827,2.031013984438728,0.8853922377923452,-54.71029898306944,35.289701016930564,35.28970101693056
2153,1.542705892513396,1.443531160298492,2.060710710530236,1.4275484777925571,0.781096227108136,-17.91367026953528,72.08632973046471,72.08632973046471
2154,2.9813340704976232,2.210560120364621,4.155947258760307,1.8800426283248088,0.8425675673422968,-3.405735878003407,86.59426412199659,86.59426412199659
2155,2.363382516914025,1.866836291052529,3.1201970109582247,1.6713822341642215,0.940833670421204,-83.45059415412014,6.549405845879846,6.5494058458798605
2156,1.6195038256468852,1.6208222922269782,1.7468683161895309,1.0777667141962664,1.0792492125623454,47.54605756224953,-42.45394243775047,42.45394243775047
2157,1.69282125807016,1.2552369701286985,2.418236842681281,1.9265181796177824,0.8859210740810014,58.500212128826206,-31.499787871173794,31.499787871173794
2158,1.2270604129519955,1.0809743205268227,1.4442859401286037,1.3360964388355847,1.2841769020437328,35.88286804949469,-54.11713195050531,54.11713195050531
2159,1.5583682828180965,1.07398534470407,2.7099425367113503,2.523258394608781,0.6816733787413994,-27.33886140536287,62.66113859463712,62.66113859463713
2160,1.946401361393312,1.2801301059912091,3.2972821311210176,2.575739853073701,0.6790430232238659,-74.7091197826299,15.290880217370102,15.290880217370102
2161,2.192818546001692,1.5886330359796192,3.301528025160807,2.078219419077448,0.7748685794460681,-61.68943912165763,28.310560878342358,28.310560878342372
2162,14.004520887456051,11.480956618639825,17.3733063275014,1.5132281137004815,0.8021494753119458,-77.01674468935965,12.983255310640345,12.983255310640345
2163,1.6784140066373283,1.3335967819401908,3.101233910873004,2.3254659525806263,0.5283609011302873,-31.72518406570364,58.274815934296356,58.274815934296356
2164,1.2270604129519955,1.0970933036386394,1.4444446801475612,1.316610606734076,1.3114416804550026,58.06131075951924,-31.938689240480763,31.938689240480763
2165,2.1480624384075764,1.4579816572789748,3.2991041245782613,2.262788498131977,0.821279499476318,-34.4234027674209,55.576597232579104,55.5765972325791
2166,2.2257951114113315,1.437100333346225,3.863778758578293,2.6885935998509263,0.5584391068872214,-73.25055704827209,16.74944295172793,16.749442951727914
2167,3.5672680490315747,4.391212258326304,4.780351943321486,1.0886178262636528,0.3767919567439862,-11.39112521806198,78.60887478193803,78.60887478193803
2168,1.526882849696625,0.9770986572057118,2.601522804189643,2.662497573816577,0.8324022710997667,-87.95123880183715,2.0487611981628504,2.0487611981628504
2169,1.895836839826219,1.4728391152186742,2.6863297940902537,1.8239125823945888,0.7339451233886797,67.15910826029551,-22.84089173970449,22.84089173970449
2170,1.69282125807016,1.3341731397829946,2.37685355110684,1.7815180655588967,0.7271714779594273,82.99573151420728,-7.004268485792721,7.004268485792721
2171,2.0078170808425457,1.3090229953762216,4.383886153558035,3.3489756627980998,0.4999330263093913,76.88308754573197,-13.116912454268032,13.116912454268032
2172,4.612348917294352,2.503566436699788,9.019230619261782,3.602552936901875,0.5602461928549604,-88.34788641610517,1.6521135838948453,1.652113583894831
2173,4.918127344908679,2.480288172554459,10.923775707986817,4.4042365031867945,0.4993070924785646,74.57029965340811,-15.429700346591886,15.429700346591886
2174,3.5054627692732265,3.659758451211968,4.83180322969451,1.3202519494406544,0.5241776500466113,1.312385798626539,-88.68761420137346,88.68761420137346
2175,1.6784140066373283,1.3007980565896642,2.2506570734397844,1.730212512263733,1.008890327554355,84.07185963429585,-5.928140365704152,5.928140365704152
2176,1.2660243778180809,1.1374735948034855,1.4839420183944405,1.304594695801103,1.1362533718335095,24.852753566122708,-65.14724643387729,65.14724643387729
2177,4.087561685120696,2.8980912717611984,6.304434733840955,2.175374804538053,0.6966482260903815,87.08201438078495,-2.9179856192150453,2.9179856192150453
2178,2.125330979189304,1.429388573699132,3.269881350830608,2.287608429923602,0.876208559208978,-11.247001082800852,78.75299891719915,78.75299891719915
2179,8.831975767696418,6.1456870638819465,14.335546557511892,2.3326190234712003,0.5477002916346844,-86.06499501597108,3.9350049840289216,3.9350049840289216
2180,2.0198761507134417,1.8698540481196129,2.8358462235898902,1.5166136771165166,0.5408257826851298,76.64628513950643,-13.353714860493568,13.353714860493568
2181,1.895836839826219,1.4336967729235155,2.778031268584552,1.9376700297091016,0.8119984642952973,69.16262354349712,-20.83737645650288,20.83737645650288
2182,3.34958565745192,2.099502338795207,5.538996987797078,2.6382428280482952,0.6810751379239783,-67.87530458406519,22.12469541593481,22.12469541593481
2183,1.6044383463340146,1.4046863396063491,1.9197421458008488,1.366669619880293,1.0212027328688809,-77.81352481799547,12.186475182004529,12.186475182004529
2184,1.857010129468512,1.2906502331861964,2.8030747208865248,2.1718314139739032,0.8602973334956558,-68.26226320423184,21.73773679576817,21.737736795768157
2185,1.4783979621211876,0.9803695719130004,2.4221531094716733,2.4706530872284347,0.8306300488751633,-82.79575028667398,7.204249713326021,7.204249713326021
2186,2.1138735858617226,1.364448287178397,3.4556022973284963,2.532600414248377,0.8313609707081477,-43.56142819713965,46.43857180286034,46.43857180286035
2187,1.186817925731738,1.1511287262588543,1.632090146851266,1.4178172341815556,0.7797885194021102,-37.52228559068421,52.47771440931578,52.47771440931579
2188,1.186817925731738,1.196829975968717,1.2463683170446085,1.041391293726408,1.201326779331234,78.71649546106254,-11.283504538937464,11.283504538937464
2189,1.461879030667795,0.9815321161107337,2.4400855520771114,2.4859966495501085,0.7017923979242573,-63.74622831750374,26.25377168249625,26.253771682496257
2190,2.434249075164649,1.8210247804283468,3.46425741545952,1.9023669818730569,0.8564137748810381,48.28003638573914,-41.71996361426086,41.71996361426086
2191,3.4284102221998127,1.7541769342968303,7.552175161769553,4.305252802105095,0.4651467407843666,89.22581889652987,-0.7741811034701271,0.7741811034701271
2192,2.5224394277803315,1.713826646906285,4.115543072168603,2.401376521714012,0.6947294462975879,-72.0619599043142,17.938040095685807,17.938040095685807
2193,1.4111624987975715,1.0832023683028569,1.9784659433299967,1.8264970620677503,1.039504438721728,80.95533247904622,-9.04466752095378,9.04466752095378
2194,4.069698984860323,2.626503154762767,7.266927652229292,2.766769055293848,0.5268487969031092,65.86753325924602,-24.132466740753983,24.132466740753983
2195,1.7768132193231367,1.1504047828969235,2.8898454820722965,2.512024919433273,0.8601988874774071,-47.07821933634761,42.921780663652385,42.92178066365239
2196,2.6629408889963733,1.8250749149607737,4.437831017602865,2.4315884138368355,0.6139431042344051,75.5759792878431,-14.424020712156903,14.424020712156903
2197,2.434249075164649,1.6217727528035093,3.7762168894484094,2.32845007595582,0.8311971209282302,-80.75891916259054,9.24108083740947,9.241080837409456
2198,3.356828013274657,2.185189484858421,6.433906413218668,2.944324260115833,0.4552804960670956,82.9747178858986,-7.025282114101401,7.025282114101401
2199,1.376313601551939,1.3184748339233077,1.745831616140459,1.3241296467870312,0.7794577646283605,82.03212533255665,-7.967874667443354,7.967874667443354
2200,1.1661760393441107,0.9851686102137852,1.4144803375060966,1.4357748743122756,1.3725588687524723,75.9815850529134,-14.018414947086598,14.018414947086598
2201,1.4111624987975715,1.078348964631707,2.0524094048300365,1.903288705369142,0.834738951687618,-47.82882354765035,42.17117645234964,42.17117645234965
2202,10.484008763992728,7.85210388289561,15.658285142848191,1.9941515517843489,0.5046727158022792,-5.35454722230818,84.64545277769182,84.64545277769182
2203,1.4111624987975715,0.8877684712666867,2.577522175633168,2.9033720604602062,0.7398010447662106,78.20850253032587,-11.791497469674127,11.791497469674127
2204,1.9086035621207809,1.8446410860971936,2.002120458277771,1.085371280823938,1.211902088925877,68.90112438735818,-21.09887561264182,21.09887561264182
2205,1.4783979621211876,1.168072649864861,2.0656635730957844,1.7684375824866452,0.784217905646726,75.32533653483287,-14.674663465167129,14.674663465167129
2206,2.9070983356311,2.8642112056159945,3.026996407547185,1.056834217257446,1.011107124019392,-40.345468320986,49.654531679013985,49.654531679014
2207,5.557937466924609,3.7903199396273104,8.280618356521058,2.184675301403518,0.75642390901518,-85.8997561463564,4.1002438536436046,4.1002438536436046
2208,1.6344304437273447,1.223393116914742,2.301676774155621,1.8813877095860951,0.9632175749222964,81.53472539062709,-8.465274609372912,8.465274609372912
2209,1.8173540983129992,1.334993679337146,2.813454585468488,2.1074665962953705,0.7268327191960443,-48.5374253424562,41.4625746575438,41.4625746575438
2210,1.1451621372724683,0.9984873297772496,1.455044883476458,1.4572492209801606,1.0613010631018174,6.654589347700242,-83.34541065229976,83.34541065229976
2211,1.9212854528773184,1.2114452830860358,3.498045397217437,2.887497641087442,0.5479641002569811,-88.8527512292145,1.1472487707854953,1.1472487707854953
2212,1.4947343471339476,1.32721255678634,1.9875877829005784,1.4975655351794177,0.8300206843718461,-74.08694029760207,15.91305970239793,15.91305970239793
2213,1.3038244488524504,1.025258795032571,1.878246463705162,1.8319730323752,0.86218261350263,-45.49566854443003,44.50433145556997,44.50433145556997
2214,1.8829835605082688,1.697146687535917,2.140520933810087,1.261246861883167,1.1507683355964036,-72.7934101270616,17.206589872938395,17.206589872938395
2215,1.4947343471339476,1.1274507093400474,2.187127571548201,1.939887529831291,0.8643249846547005,25.75092848833032,-64.24907151166968,64.24907151166968
2216,1.1661760393441107,1.0379727187390038,1.457519573153333,1.4041983443688404,0.9459835197814086,-86.71228329939358,3.2877167006064383,3.287716700606424
2217,2.734925236834042,1.952289739635242,3.9151553009651807,2.005417137364392,0.8650941900945405,81.8644485645431,-8.135551435456904,8.135551435456904
2218,3.942394565656501,2.525701924512153,6.465888962295596,2.5600364395907493,0.5989041505607395,61.74149482668232,-28.25850517331768,28.25850517331768
2219,4.78802156367261,2.533363209261246,10.477680285312877,4.135877653472464,0.4483297768954021,70.18202881294035,-19.817971187059655,19.817971187059655
2220,1.8173540983129992,1.327321508110599,2.594917498370699,1.955002975928932,0.8643125623950305,89.68511712157184,-0.31488287842816476,0.31488287842816476
2221,1.5583682828180965,1.1366620084245505,2.524036429069702,2.220569008520041,0.7092466229996888,-47.327154604453845,42.67284539554615,42.672845395546155
2222,2.626208910558587,2.0083650912419224,4.105582219701498,2.04424097869711,0.6433843967204507,-75.92218476910273,14.077815230897272,14.077815230897272
2223,1.2071068813224677,0.9240464384655972,1.821228666763836,1.9709276405935103,0.922810525936392,-48.79732168429572,41.202678315704276,41.20267831570428
2224,1.340559085464394,1.2319213320538622,1.5076321561120245,1.2238055441401412,1.2267862874130775,-89.59415386214353,0.4058461378564857,0.4058461378564715
2225,1.6344304437273447,1.3198647403993862,2.1169216264445057,1.6038928548117233,0.9992958489382712,-9.911509273535884,80.08849072646412,80.08849072646412
2226,1.6784140066373283,1.379296618929407,2.6389559893510097,1.913262131679359,0.5731269395464997,70.24605107989838,-19.75394892010162,19.75394892010162
2227,1.857010129468512,1.356314310402982,2.7541504407296293,2.0306137151287067,0.826844622815645,-86.96990247383118,3.0300975261688166,3.0300975261688166
2228,1.526882849696625,1.1096071080743115,2.378100138407428,2.143191153970297,0.7701395764921596,-14.84520639529844,75.15479360470155,75.15479360470155
2229,1.5583682828180965,1.3853147307660505,1.7990507039169996,1.2986584665292351,1.2344206474301904,-73.24036340431935,16.75963659568066,16.759636595680647
2230,9.80410593984386,5.869053492161861,18.067118941014005,3.07837012648508,0.5153124848652628,-62.445399408825445,27.554600591174562,27.554600591174555
2231,1.2071068813224677,0.9072419152868828,1.7237355715678253,1.8999734718195376,1.0428691546357285,5.128155650389624,-84.87184434961037,84.87184434961037
2232,1.6784140066373283,1.5287772025803643,1.9467619588165117,1.273411165165628,1.100327614690169,-72.20412577608937,17.79587422391063,17.79587422391063
2233,2.031863651507851,1.614112344234332,3.20187385700862,1.9836747227947484,0.5559634162473504,-73.60511758377325,16.39488241622675,16.39488241622675
2234,2.031863651507851,1.584634523354133,2.7788616800204933,1.7536293947064758,0.8048416583754567,72.25264834000785,-17.747351659992148,17.747351659992148
2235,2.031863651507851,1.2402528636062211,3.582690582225672,2.888677532909267,0.6722187471595941,85.99178210550713,-4.008217894492873,4.008217894492873
2236,1.542705892513396,1.2128462126457042,2.034551554643115,1.6775016761646488,1.0394425303383756,-72.02684498597218,17.97315501402784,17.973155014027824
2237,3.1631421441599654,2.2294226249485174,4.76627926110405,2.137898488948059,0.7667170567169287,71.1312757477948,-18.868724252205197,18.868724252205197
2238,2.512793352570581,1.8995155580250471,3.726482432026574,1.9618067439790017,0.7673912823163823,79.22995308340205,-10.770046916597948,10.770046916597948
2239,1.2071068813224677,1.140957622578453,1.370702561647823,1.2013615006578149,1.155578472949083,83.34118301352532,-6.658816986474676,6.658816986474676
2240,2.332352078688221,1.8575362689503112,3.236042550522552,1.7421154055588002,0.8046708916025735,-79.87058937847111,10.129410621528905,10.12941062152889
2241,1.4111624987975715,1.0907296929320425,2.162840130786581,1.982929542307176,0.6989112984698037,-75.48486265875643,14.515137341243587,14.515137341243573
2242,5.289277345760215,3.755859621181333,8.160928815138435,2.172852459424874,0.7119554404650745,38.16725771031879,-51.83274228968121,51.83274228968121
2243,6.035534406612338,4.978205627695365,7.578719204945513,1.522379702996327,0.8639808872168038,59.370876739853216,-30.629123260146784,30.629123260146784
2244,1.7071069228001237,1.3315584689839683,2.2614356630438976,1.6983374862761094,1.059943011118821,84.62158773347244,-5.378412266527562,5.378412266527562
2245,1.4111624987975715,1.274863489819931,1.7109020058351323,1.34202761275781,1.0287559692346933,51.20027594904316,-38.79972405095684,38.79972405095684
2246,2.964997870440077,1.489556516455548,6.308809864470874,4.2353611929293615,0.5284307481843886,-79.02904178172433,10.970958218275655,10.970958218275669
2247,2.0198761507134417,1.6995601548286676,2.522353246646285,1.484121194227787,0.9592809866637776,-84.45247963426496,5.547520365735039,5.547520365735039
2248,2.043780842560348,1.201941212546434,3.7637396267663847,3.1313841205199395,0.5814494634402182,-83.44886717743087,6.551132822569116,6.55113282256913
2249,1.9086035621207809,1.3778787009764502,2.9863416264220355,2.1673472594545,0.64032538948926,-13.562555079655969,76.43744492034403,76.43744492034403
2250,3.1631421441599654,2.070944144652286,5.511652074701139,2.661419956174893,0.6265841433757582,-52.86153673929958,37.138463260700405,37.13846326070042
2251,2.4442051456532488,2.005986613757554,3.6200793005551546,1.804637815490768,0.723214606072319,-51.66794945663202,38.332050543367984,38.33205054336798
2252,2.079122611754846,1.3730178385031728,3.334227389403458,2.42839335069262,0.806066058857374,-82.18587656942424,7.814123430575762,7.814123430575762
2253,1.933884181003576,1.1993358657725783,3.4046699559246734,2.8387960813057824,0.6961489700856193,-48.17362418308988,41.826375816910115,41.82637581691012
2254,2.588955833054293,1.7829029387366266,4.709018163596493,2.6412083693873574,0.592070434204398,60.80992885677431,-29.190071143225687,29.190071143225687
2255,1.461879030667795,1.2554870025651013,1.7905000717014392,1.4261398708574808,1.041501482931949,-51.75735141144961,38.242648588550395,38.24264858855039
2256,1.3223193364400538,1.1533031792848425,1.8010443895595185,1.561640010978152,0.8959963076257742,-56.28823939187496,33.71176060812505,33.71176060812504
2257,1.4111624987975715,1.166000194278352,1.7931585589655816,1.5378715782079124,1.063056484960626,-69.65801375993284,20.341986240067172,20.341986240067158
2258,4.239220048099806,3.437597427963087,6.186231085326174,1.799579856269488,0.6899713802754088,-41.83186207101745,48.16813792898256,48.16813792898255
2259,1.4282681233264556,1.07709461686117,2.2204131706548877,2.061483862137882,0.7221150668529168,27.49278955944192,-62.50721044055808,62.50721044055808
2260,1.376313601551939,1.0073780798618426,2.0237910097884333,2.00896867843897,0.8717154232063625,-57.53820187004614,32.46179812995388,32.46179812995386
2261,1.857010129468512,1.5285584787366255,2.287692108949901,1.4966336851179614,1.1527171119137007,-32.237956801026655,57.762043198973345,57.762043198973345
2262,1.2071068813224677,1.1686000561296424,1.4511781291878822,1.241809053128174,0.9577403462345312,-11.885316650190658,78.11468334980934,78.11468334980934
2263,4.908241651807983,2.4478436396714685,10.282515192223068,4.200642159318277,0.4862510844776853,-84.03686805784024,5.963131942159748,5.963131942159762
2264,1.3223193364400538,1.4701160097852009,1.7256211548117195,1.1737993078953346,0.6136782132905594,84.68205221198217,-5.3179477880178325,5.3179477880178325
2265,1.9711972828282505,1.245999362854593,3.647619421436617,2.927464917060549,0.53348262486042,-81.0766523005035,8.923347699496503,8.923347699496503
2266,1.6195038256468852,0.961266405375299,2.9065232605403275,3.0236396947686512,0.7112068427551785,-89.36874373489636,0.6312562651036444,0.6312562651036444
2267,3.4284102221998127,2.132713054566157,5.729905134559803,2.686674197586978,0.6923083120816094,-73.18984204404538,16.810157955954622,16.810157955954622
2268,1.2466946262544771,1.0310623397282563,1.6328424274990632,1.5836505365227578,1.0006012972310836,-81.94829376942145,8.051706230578532,8.051706230578546
2269,1.3585539723246187,1.0209751371752058,1.963219257519124,1.92288645044862,1.0132434928849727,65.29317379765867,-24.706826202341333,24.706826202341333
2270,1.2270604129519955,1.2674087375726162,1.4505721418583897,1.144518022367886,0.909843335732352,-64.91214454277987,25.087855457220144,25.08785545722013
2271,1.186817925731738,1.0683422573150652,1.4695081263387952,1.3755031370114774,1.0107631863698112,59.87244064847111,-30.127559351528888,30.127559351528888
2272,1.461879030667795,1.2788703477359946,1.835797128760636,1.4354833795392767,0.962576353698634,-56.72167172330566,33.27832827669434,33.27832827669434
2273,1.9711972828282505,1.4043254621981782,3.2235939799024846,2.2954749925680487,0.698880410896592,-88.12957107786698,1.8704289221330157,1.8704289221330157
2274,1.2270604129519955,0.826744619820915,2.2846042290913315,2.7633735670226804,0.6183354058588505,-78.13523950880867,11.864760491191333,11.864760491191333
2275,1.7212740281460053,1.456489987946897,2.322670192733149,1.5947038510077505,0.7518213585682214,88.31660107492367,-1.6833989250763324,1.6833989250763324
2276,1.5108941070107518,1.3473996034443891,1.9182436072911413,1.4236634791842675,0.8974237135378162,50.520063503544655,-39.479936496455345,39.479936496455345
2277,1.376313601551939,1.194706506360263,1.8412713986247005,1.541191404602149,0.9318644176860968,29.084217736815624,-60.915782263184376,60.915782263184376
2278,1.4947343471339476,0.9672282380469976,3.285119103040214,3.3964259662987533,0.4663739952668658,88.88300922017122,-1.1169907798287824,1.1169907798287824
2279,1.7071069228001237,1.5033152891766524,2.080288793367488,1.3838007291915704,0.9869984318065302,68.11629226155168,-21.883707738448322,21.883707738448322
2280,1.6344304437273447,1.137532926175443,2.516690677030781,2.212411279814356,0.7792808433137455,-66.40163084596713,23.598369154032866,23.598369154032866
2281,2.473832956432472,1.8076058706512224,3.790775088716456,2.0971247937752944,0.6915098533600101,-74.89259607861129,15.107403921388709,15.107403921388709
2282,16.64903378567463,10.103274080775565,28.11510983010348,2.7827721593340424,0.5930529223028291,-68.60624211139731,21.393757888602693,21.393757888602693
2283,1.2071068813224677,1.2165059919974237,1.3022963570718833,1.0705219420527452,1.1064066543633555,26.13347720290564,-63.86652279709436,63.86652279709436
2284,2.881928179315977,1.7646061719019817,4.927523152724944,2.7924208988874897,0.6758703589657548,64.97212588794542,-25.027874112054576,25.027874112054576
2285,1.6044383463340146,1.3420962535258718,2.0854886456981845,1.5539039321653112,0.9345302126021752,28.97762802644733,-61.022371973552666,61.022371973552666
2286,14.550520624108565,7.794338478080029,30.755045440789274,3.945818561418843,0.3811862973047581,-84.22034476691856,5.779655233081428,5.779655233081442
2287,1.4783979621211876,1.2409211932214694,1.9009052929794756,1.5318501314694022,0.9404723313101984,-8.598512894726095,81.4014871052739,81.4014871052739
2288,1.4111624987975715,1.0272049316677774,2.306830862445772,2.2457357741657105,0.7278924156380461,65.04201250743023,-24.95798749256977,24.95798749256977
2289,12.501960379354138,9.267493479669008,18.173839068812995,1.961030683073335,0.4971189466418184,53.51398613022607,-36.48601386977393,36.48601386977393
2290,1.7768132193231367,1.221964183359248,2.8666785676529063,2.3459595679574226,0.616312746562748,89.16782608538551,-0.8321739146144864,0.8321739146144864
2291,1.1661760393441107,0.9851686102137852,1.414480337506096,1.4357748743122751,1.3725588687524723,14.018414947086612,-75.98158505291339,75.98158505291339
2292,1.2660243778180809,1.0632724349533331,1.648440726152853,1.5503465264057208,0.9882159684613052,24.30423442628313,-65.69576557371687,65.69576557371687
2293,1.2850634067342854,1.2476021138543698,1.4913816231620516,1.195398442019743,0.8895414659957607,0.906276342757802,-89.0937236572422,89.0937236572422
2294,1.1451621372724683,0.7792308249434845,2.142818654704595,2.7499151549350063,0.7182808745069641,-30.27390363713579,59.72609636286421,59.72609636286421
2295,2.588955833054293,1.6327744530276085,4.328398788882512,2.6509471536968765,0.7328456848310736,74.99942469512467,-15.000575304875326,15.000575304875326
2296,1.5583682828180965,1.1383806789068882,2.2736182795124518,1.9972389918771785,0.8745419566297978,44.59732358293743,-45.40267641706257,45.40267641706257
2297,1.2660243778180809,1.127665693232275,1.5500095351402696,1.3745292992796587,1.1255053688341874,14.108067657681152,-75.89193234231885,75.89193234231885
2298,1.663882010113248,1.0527131494298891,3.025996267832272,2.8744737058438385,0.6419685796706494,85.09207288634629,-4.907927113653713,4.907927113653713
2299,1.6784140066373283,1.1174890378961668,2.7061587323567124,2.4216423075177937,0.8029661773256908,-75.71430103125257,14.285698968747425,14.285698968747425
2300,2.236679259992467,1.6821752862856194,3.3728795186752425,2.005070188685768,0.7261581298482096,26.194704430513443,-63.80529556948656,63.80529556948656
2301,1.2071068813224677,1.185748235376447,1.346575853893034,1.1356338670540194,1.095577970025719,35.526074236902055,-54.473925763097945,54.473925763097945
2302,1.663882010113248,1.1339522480889572,2.746182641963664,2.4217797941595767,0.7783890558707506,-79.32806453025451,10.671935469745506,10.671935469745492
2303,2.690160753669267,1.7826446020959854,4.13351988522999,2.318757132167516,0.8679969477333364,-77.40379039057225,12.596209609427746,12.596209609427746
2304,1.4783979621211876,1.0045002386212885,2.6502753354240967,2.6384018973073533,0.6182212359252391,-73.65188015008728,16.348119849912734,16.34811984991272
2305,2.9813340704976232,1.8282530008443008,5.07209404155863,2.7742845433407197,0.6795680665937479,-85.9339855754681,4.066014424531886,4.0660144245319
2306,5.805836930531266,5.466168874788958,6.199389583289059,1.1341379538934222,1.0003346544270666,-64.84511170780408,25.15488829219592,25.15488829219592
2307,3.5261848971734766,2.527973363690687,5.255430808785641,2.078910673771116,0.7568931469066239,-52.8393287856476,37.16067121435239,37.1606712143524
2308,1.95883855734249,1.2869397959104698,3.7119176543273618,2.8842978250597158,0.5624581857648215,-71.99171688318908,18.0082831168109,18.008283116810915
2309,16.04741041996803,7.696813196683001,60.45101987426934,7.854032354627128,0.1420656578564063,-83.87703121865944,6.122968781340546,6.12296878134056
2310,2.125330979189304,1.7399120363513645,2.6900243335137,1.5460691559756912,0.9284319378824052,62.40645007473369,-27.59354992526631,27.59354992526631
2311,2.79639190560923,1.87595421677698,5.29405210995339,2.822058269123935,0.4002404441542849,-73.57153112124404,16.42846887875595,16.428468878755965
2312,2.1367269374441915,1.3351679723917833,3.5323263072580886,2.6456044335233537,0.8161842372146059,-46.968824831275455,43.03117516872453,43.031175168724545
2313,2.394010781836305,1.5284981405550766,3.878107530233278,2.5372013398884063,0.7726892066528491,81.44442019644401,-8.555579803555986,8.555579803555986
2314,1.1661760393441107,0.996801326982377,1.5346908837288262,1.5396156106400918,1.0457482903464448,47.18050951659544,-42.81949048340456,42.81949048340456
2315,13.452609124205528,8.512375381989203,23.60227851598176,2.772701796718261,0.5487577665856104,-72.53550963012717,17.464490369872834,17.464490369872834
2316,1.2850634067342854,0.9192074438350296,2.418405550723675,2.6309681965083245,0.5650495921760701,-89.91535944083783,0.0846405591621533,0.0846405591621675
2317,3.1245186915221934,1.8537905968701291,5.966821557651302,3.218713897743068,0.556262080817529,-65.87886375178576,24.121136248214242,24.121136248214242
2318,1.3223193364400538,1.1687219001815792,1.7359308082493956,1.485324103176035,0.9340942052295528,-83.65920905956406,6.340790940435937,6.340790940435937
2319,1.7353254778478429,0.995252764573458,3.6067442058098447,3.623947939853863,0.4240491148322982,-29.933952970348543,60.06604702965146,60.06604702965146
2320,6.607922552057019,3.162251667743985,15.90528007484003,5.029732527957581,0.3931176514086592,74.53888872319455,-15.461111276805454,15.461111276805454
2321,1.2466946262544771,1.1732635998627017,1.4010360772846289,1.1941358083968356,1.1833703294164313,60.68165110697504,-29.31834889302496,29.31834889302496
2322,2.353084504890762,1.8919640355594356,3.186798316236894,1.6843863077421497,0.7821098699221748,-79.40878393698446,10.591216063015537,10.591216063015537
2323,13.740178308101198,6.229878611495823,35.090777996098296,5.632658384602591,0.2914305613718921,71.83435058028626,-18.165649419713745,18.165649419713745
2324,1.69282125807016,1.5874472182434725,1.9206142180611587,1.2098759542924138,1.0552940473471688,-25.70365554290012,64.29634445709988,64.29634445709988
2325,4.52195406380943,3.0883568242937915,6.947225424588615,2.249489233219424,0.6762481741506934,64.18229896383414,-25.817701036165857,25.817701036165857
2326,1.895836839826219,1.668990785017075,2.247077709731045,1.3463691530855608,1.0369646300835424,-38.43619386697089,51.56380613302912,51.56380613302911
2327,1.4282681233264556,0.8477962632881272,2.8432872822060737,3.353738870207512,0.6071776955557295,-78.20349694161136,11.796503058388623,11.796503058388637
2328,1.2660243778180809,1.2359517306864272,1.393359560212505,1.1273575865609704,1.123514412560952,2.33027274129017,-87.66972725870983,87.66972725870983
2329,1.8173540983129992,1.066421788594276,3.343722003621131,3.135459195773486,0.7002401507800373,71.34426082291894,-18.65573917708106,18.65573917708106
2330,1.3938469657443524,1.2985759961251977,1.6272161070106994,1.253077303035114,1.0096106531269151,45.62515231141267,-44.37484768858733,44.37484768858733
2331,1.4111624987975715,1.1418607985964495,1.8847170587190696,1.650566392186966,0.9704900181865888,-60.35334209481495,29.646657905185066,29.64665790518505
2332,1.2660243778180809,1.1887913298379609,1.390143651844966,1.1693756649743154,1.3814245944257455,-6.868134152811274,83.13186584718872,83.13186584718872
2333,1.5583682828180965,0.7225323373564472,4.037009502018901,5.587306329830497,0.3977342692784881,-87.05982496469844,2.9401750353015643,2.9401750353015643
2334,3.942394565656501,2.165433701623541,8.606998533917947,3.974722720656292,0.4310448773905334,-82.92883111312514,7.071168886874858,7.071168886874858
2335,3.3204582726208347,3.413181678827247,6.245076021464889,1.82969340899857,0.3097877884306408,13.197003923881692,-76.8029960761183,76.8029960761183
2336,1.5108941070107518,1.4386578105561838,1.705173776279291,1.1852532018159845,1.0045137254767946,6.188578012546828,-83.81142198745317,83.81142198745317
2337,2.0078170808425457,1.2115155980954608,3.785940053611055,3.124961873840227,0.6124365659574169,-82.10545498077943,7.894545019220573,7.894545019220573
2338,3.0217882140215035,2.3127389155164604,5.659221424514585,2.4469780771820573,0.4409175821524669,-77.16820786496628,12.831792135033709,12.831792135033723
2339,7.605731313329529,4.142752860409252,16.13093022365777,3.893770825147469,0.4126852652758352,63.24417283465835,-26.75582716534165,26.75582716534165
2340,1.3038244488524504,0.8993256226635113,2.0983211002941364,2.3332161871242905,0.742458950241697,-17.999671663416798,72.00032833658321,72.00032833658321
2341,2.332352078688221,1.7688190551637153,3.294123948230031,1.862329523539161,0.6711949226230671,-74.79638488664928,15.203615113350736,15.203615113350722
2342,1.1661760393441107,0.9399107241203004,1.565211369699609,1.665276636953528,1.135003411500181,24.969607771063096,-65.0303922289369,65.0303922289369
2343,1.2660243778180809,1.1579018351796884,1.4534778056742867,1.2552685914421489,1.1704318177891495,16.15263300759472,-73.84736699240528,73.84736699240528
2344,1.749264059016166,1.1141694103782458,3.0861558117617216,2.7699161213858963,0.6298250542527296,-89.13292097836961,0.8670790216303885,0.8670790216303885
2345,1.340559085464394,1.1456384440393017,1.6828821799375029,1.4689470213691351,1.0010054253790623,-63.88883867063928,26.111161329360726,26.11116132936072
2346,2.5224394277803315,1.6157267700004545,4.11630213023386,2.547647415802056,0.6923663500515106,-77.26309523796935,12.736904762030633,12.736904762030647
2347,1.376313601551939,0.7849426990554986,2.910105361737099,3.707411210065084,0.5819419364292214,76.28928085104292,-13.710719148957082,13.710719148957082
