Tue Apr 01 14:16:35 2025

Number of Points = 3550
Depth (nm)	Load (µN)	Time (s)	Disp. Voltage(V)	Force Voltage(V)0.000000	6.079163	0.000000	0.002561	0.419197
0.265114	11.014559	0.005005	0.002497	0.434690
0.634440	15.898702	0.010010	0.002408	0.449613
0.858463	20.846455	0.015014	0.002355	0.464083
1.058212	25.800606	0.020019	0.002307	0.478107
1.383925	30.713161	0.025024	0.002229	0.491746
1.635658	35.650913	0.030029	0.002168	0.505010
1.834313	40.606327	0.035034	0.002121	0.517930
1.972325	45.588903	0.040038	0.002088	0.530546
2.200620	50.519160	0.045043	0.002033	0.542824
2.594497	55.428947	0.050048	0.001938	0.554926
2.604721	60.441687	0.055053	0.001936	0.566679
2.785244	65.395200	0.060058	0.001893	0.578202
3.198833	70.303201	0.065062	0.001793	0.589591
3.177060	75.320352	0.070067	0.001799	0.600650
3.436818	80.273964	0.075072	0.001736	0.611596
3.682047	85.195638	0.080077	0.001677	0.622271
3.829703	90.200575	0.085082	0.001642	0.632863
3.986334	95.151032	0.090086	0.001604	0.643177
4.158238	100.132750	0.095091	0.001563	0.653401
4.297858	105.097711	0.100096	0.001530	0.663412
4.474786	110.070368	0.105101	0.001487	0.673315
4.749955	114.970674	0.110106	0.001421	0.683005
4.884641	119.966453	0.115110	0.001389	0.692643
4.975176	124.933151	0.120115	0.001367	0.702063
5.170247	129.931214	0.125120	0.001320	0.711487
5.376343	134.854142	0.130125	0.001271	0.720659
5.424627	139.890330	0.135130	0.001259	0.729815
5.639578	144.818326	0.140134	0.001207	0.738773
5.676401	149.869991	0.145139	0.001198	0.747727
5.855909	154.832394	0.150144	0.001155	0.756510
6.215259	159.710841	0.155149	0.001069	0.765162
6.258596	164.725882	0.160154	0.001059	0.773752
6.456411	169.669836	0.165158	0.001011	0.782224
6.532708	174.717704	0.170163	0.000993	0.790703
6.641543	179.683853	0.175168	0.000967	0.798977
6.848211	184.655013	0.180173	0.000917	0.807233
6.850020	189.659733	0.185178	0.000917	0.815339
7.026565	194.633741	0.190182	0.000874	0.823418
7.209119	199.618472	0.195187	0.000830	0.831438
7.334016	204.579752	0.200192	0.000800	0.839313
7.441784	209.596548	0.205197	0.000774	0.847190
7.496084	214.572302	0.210202	0.000761	0.854902
7.740510	219.511331	0.215206	0.000703	0.862594
7.803836	224.559985	0.220211	0.000687	0.870284
8.078730	229.466958	0.225216	0.000621	0.877811
8.105828	234.498482	0.230221	0.000615	0.885324
8.241910	239.465085	0.235226	0.000582	0.892736
8.434066	244.408031	0.240230	0.000536	0.900083
8.508025	249.488446	0.245235	0.000518	0.907507
8.679088	254.423905	0.250240	0.000477	0.914713
8.769804	259.391187	0.255245	0.000455	0.921867
8.952038	264.395290	0.260250	0.000412	0.929064
9.115244	269.352265	0.265254	0.000372	0.936130
9.053026	274.381519	0.270259	0.000387	0.943130
9.320439	279.361494	0.275264	0.000323	0.950176
9.375000	284.360382	0.280269	0.000310	0.957089
9.373731	289.384158	0.285274	0.000310	0.963960
9.688582	294.313716	0.290278	0.000234	0.970809
9.940791	299.244488	0.295283	0.000174	0.977582
9.925829	304.313989	0.300288	0.000177	0.984363
9.899611	309.355989	0.305293	0.000184	0.991056
10.189219	314.260365	0.310298	0.000114	0.997675
10.300229	319.262345	0.315302	0.000087	1.004292
10.442853	324.225184	0.320307	0.000053	1.010830
10.596722	329.179585	0.325312	0.000016	1.017320
10.602435	334.236053	0.330317	0.000015	1.023831
10.631525	339.274745	0.335322	0.000008	1.030289
10.804556	344.228740	0.340326	-0.000034	1.036666
10.911949	349.203264	0.345331	-0.000060	1.042999
11.090387	354.192452	0.350336	-0.000103	1.049345
11.148563	359.191502	0.355341	-0.000117	1.055611
11.319800	364.133069	0.360346	-0.000158	1.061819
11.463578	369.200648	0.365350	-0.000192	1.068134
11.375140	374.228894	0.370355	-0.000171	1.074260
11.647531	379.115993	0.375360	-0.000237	1.080340
11.764867	384.180136	0.380365	-0.000265	1.086531
11.876890	389.110390	0.385370	-0.000292	1.092524
11.996236	394.088408	0.390374	-0.000321	1.098544
12.066777	399.148826	0.395379	-0.000338	1.104609
12.230182	404.110488	0.400384	-0.000377	1.110563
12.298245	409.115224	0.405389	-0.000393	1.116496
12.315688	414.110622	0.410394	-0.000398	1.122365
12.450552	419.142649	0.415398	-0.000430	1.128296
12.475083	424.139312	0.420403	-0.000436	1.134108
12.646662	429.067791	0.425408	-0.000477	1.139873
12.804987	434.171732	0.430413	-0.000515	1.145805
12.873019	439.108267	0.435418	-0.000532	1.151478
12.970249	444.106181	0.440422	-0.000555	1.157205
13.048985	449.103340	0.445427	-0.000574	1.162896
13.098181	454.122605	0.450432	-0.000586	1.168571
13.221604	459.104967	0.455437	-0.000616	1.174208
13.329857	464.040944	0.460442	-0.000642	1.179760
13.350863	469.193131	0.465446	-0.000647	1.185491
13.588345	474.063900	0.470451	-0.000704	1.190969
13.730022	479.047650	0.475456	-0.000738	1.196509
13.833188	484.033415	0.480461	-0.000763	1.202010
13.911295	489.066376	0.485466	-0.000781	1.207528
14.099611	494.023185	0.490470	-0.000827	1.212981
14.111222	499.006457	0.495475	-0.000830	1.218370
14.191046	504.107229	0.500480	-0.000849	1.223887
14.413441	509.041478	0.505485	-0.000902	1.229256
14.454485	514.059969	0.510490	-0.000912	1.234623
14.475557	519.023996	0.515494	-0.000917	1.239901
14.605960	524.108103	0.520499	-0.000949	1.245324
14.823223	528.991020	0.525504	-0.001001	1.250545
14.877017	534.023199	0.530509	-0.001014	1.255840
14.997827	538.979866	0.535514	-0.001043	1.261058
14.902326	544.148966	0.540518	-0.001020	1.266395
15.031680	549.082444	0.545523	-0.001051	1.271549
15.343805	553.981617	0.550528	-0.001126	1.276715
15.391511	558.997013	0.555533	-0.001138	1.281881
15.299363	564.094881	0.560538	-0.001116	1.287061
15.521641	569.026907	0.565542	-0.001169	1.292165
15.555145	574.018995	0.570547	-0.001177	1.297241
15.770455	579.024885	0.575552	-0.001229	1.302377
15.943950	583.977632	0.580557	-0.001271	1.307424
15.816132	589.022658	0.585562	-0.001240	1.312437
16.063867	593.928504	0.590566	-0.001300	1.317425
16.132602	598.965937	0.595571	-0.001316	1.322462
16.129393	603.991740	0.600576	-0.001316	1.327443
16.216949	608.986736	0.605581	-0.001337	1.332407
16.414823	613.895185	0.610586	-0.001384	1.337306
16.469814	618.989894	0.615590	-0.001397	1.342319
16.651005	623.962379	0.620595	-0.001441	1.347239
16.641197	628.991424	0.625600	-0.001439	1.352129
16.820782	633.920816	0.630605	-0.001482	1.356971
16.842633	638.948179	0.635610	-0.001487	1.361835
16.958894	643.975838	0.640614	-0.001515	1.366715
16.960523	648.966126	0.645619	-0.001516	1.371503
17.098977	653.937972	0.650624	-0.001549	1.376303
17.137910	658.980870	0.655629	-0.001558	1.381120
17.416843	663.987262	0.660634	-0.001625	1.385966
17.322007	669.011520	0.665638	-0.001603	1.390687
17.545193	673.954291	0.670643	-0.001656	1.395422
17.505318	678.952988	0.675648	-0.001647	1.400105
17.653386	684.045847	0.680653	-0.001682	1.404924
17.752214	688.951676	0.685658	-0.001706	1.409535
17.928199	693.951004	0.690662	-0.001748	1.414243
18.064916	698.840822	0.695667	-0.001781	1.418821
18.023445	704.079223	0.700672	-0.001772	1.423649
18.125307	708.974799	0.705677	-0.001796	1.428191
18.219353	713.995295	0.710682	-0.001819	1.432831
18.310753	718.941741	0.715686	-0.001841	1.437387
18.539106	723.952574	0.720691	-0.001896	1.442031
18.401503	729.026310	0.725696	-0.001863	1.446601
18.479490	734.012377	0.730701	-0.001882	1.451145
18.621817	738.962643	0.735706	-0.001916	1.455664
18.777125	743.959674	0.740710	-0.001953	1.460215
18.966192	749.038980	0.745715	-0.001998	1.464835
18.934481	753.999357	0.750720	-0.001991	1.469266
19.169641	758.972460	0.755725	-0.002047	1.473778
19.153055	763.913786	0.760730	-0.002044	1.478170
19.295551	769.032068	0.765734	-0.002078	1.482755
19.364203	773.956698	0.770739	-0.002094	1.487131
19.330431	779.001376	0.775744	-0.002086	1.491569
19.343928	784.001782	0.780749	-0.002090	1.495970
19.588142	788.963297	0.785754	-0.002148	1.500394
19.656812	794.065361	0.790758	-0.002165	1.504874
19.720740	799.007695	0.795763	-0.002180	1.509201
19.760181	804.067501	0.800768	-0.002190	1.513609
19.789430	808.975916	0.805773	-0.002197	1.517871
19.947629	814.086600	0.810778	-0.002235	1.522334
20.075133	819.027805	0.815782	-0.002266	1.526629
20.140199	824.035319	0.820787	-0.002282	1.530951
20.185156	829.010087	0.825792	-0.002292	1.535225
20.222371	834.047783	0.830797	-0.002301	1.539540
20.463369	839.137279	0.835802	-0.002359	1.543947
20.599841	844.020324	0.840806	-0.002392	1.548135
20.736014	849.030526	0.845811	-0.002425	1.552420
20.696586	853.992061	0.850816	-0.002416	1.556600
20.653186	859.110010	0.855821	-0.002405	1.560899
20.978659	864.058135	0.860826	-0.002483	1.565152
21.069797	868.994176	0.865830	-0.002505	1.569314
21.113537	874.034762	0.870835	-0.002516	1.573539
21.076721	878.993246	0.875840	-0.002507	1.577662
21.137024	884.200467	0.880845	-0.002522	1.582008
21.330171	889.086444	0.885850	-0.002568	1.586114
21.378405	894.091110	0.890854	-0.002580	1.590266
21.489512	899.076629	0.895859	-0.002607	1.594410
21.533116	904.058816	0.900864	-0.002617	1.598520
21.700581	909.144568	0.905869	-0.002657	1.602741
21.678081	914.086645	0.910874	-0.002652	1.606779
21.850260	919.076156	0.915878	-0.002693	1.610900
21.884824	924.070363	0.920883	-0.002702	1.614976
22.042404	929.067455	0.925888	-0.002740	1.619079
22.123534	934.217178	0.930893	-0.002759	1.623273
22.290239	939.066305	0.935898	-0.002799	1.627238
22.303903	944.121836	0.940902	-0.002803	1.631316
22.324131	949.095625	0.945907	-0.002808	1.635321
22.536123	954.071733	0.950912	-0.002859	1.639371
22.436820	959.218545	0.955917	-0.002835	1.643461
22.489651	964.112566	0.960922	-0.002848	1.647381
22.700057	969.141442	0.965926	-0.002898	1.651443
22.774885	974.078692	0.970931	-0.002916	1.655385
22.895660	979.107378	0.975936	-0.002945	1.659402
22.848045	984.272010	0.980941	-0.002934	1.663471
22.853935	989.206395	0.985946	-0.002936	1.667364
23.044373	994.209593	0.990950	-0.002981	1.671351
23.028338	999.174130	0.995955	-0.002978	1.675243
23.289610	1004.139766	1.000960	-0.003040	1.679201
23.279482	1009.272610	1.005965	-0.003038	1.683208
23.392939	1014.147461	1.010970	-0.003065	1.687037
23.462726	1019.216588	1.015974	-0.003082	1.690997
23.376261	1024.219527	1.020979	-0.003062	1.694854
23.576024	1029.193789	1.025984	-0.003110	1.698757
23.594068	1034.397481	1.030989	-0.003114	1.702780
23.831371	1039.210440	1.035994	-0.003171	1.706550
23.858320	1044.281674	1.040998	-0.003178	1.710455
23.980850	1049.232024	1.046003	-0.003207	1.714283
23.950109	1054.215599	1.051008	-0.003200	1.718089
24.066872	1059.354391	1.056013	-0.003228	1.722042
24.053279	1064.278249	1.061018	-0.003225	1.725789
24.304284	1069.254387	1.066022	-0.003285	1.729637
24.400668	1074.250403	1.071027	-0.003308	1.733451
24.379313	1079.198363	1.076032	-0.003303	1.737189
24.367939	1084.451351	1.081037	-0.003301	1.741152
24.636386	1089.297864	1.086042	-0.003365	1.744873
24.684655	1094.307523	1.091046	-0.003377	1.748651
24.848671	1099.316766	1.096051	-0.003416	1.752451
24.706839	1104.288913	1.101056	-0.003382	1.756136
24.811184	1109.420193	1.106061	-0.003407	1.759996
24.898305	1114.396600	1.111066	-0.003428	1.763727
24.939652	1119.349696	1.116070	-0.003438	1.767421
25.055915	1124.378971	1.121075	-0.003466	1.771183
25.059232	1129.335685	1.126080	-0.003467	1.774855
25.213833	1134.406830	1.131085	-0.003504	1.778642
25.277526	1139.544968	1.136090	-0.003520	1.782447
25.501713	1144.353393	1.141094	-0.003574	1.786042
25.528573	1149.408577	1.146099	-0.003580	1.789761
25.586731	1154.388161	1.151104	-0.003594	1.793425
25.613744	1159.357838	1.156109	-0.003601	1.797067
25.724432	1164.514621	1.161114	-0.003628	1.800859
25.713917	1169.477174	1.166118	-0.003625	1.804471
25.732333	1174.458082	1.171123	-0.003630	1.808096
25.840098	1179.476325	1.176128	-0.003656	1.811763
26.093535	1184.332286	1.181133	-0.003716	1.815342
26.219858	1189.460759	1.186138	-0.003747	1.819078
26.201801	1194.575941	1.191142	-0.003743	1.822763
26.204742	1199.499356	1.196147	-0.003743	1.826307
26.223810	1204.542586	1.201152	-0.003748	1.829934
26.297800	1209.511590	1.206157	-0.003766	1.833514
26.513081	1214.424528	1.211162	-0.003818	1.837081
26.545498	1219.606389	1.216166	-0.003826	1.840789
26.679377	1224.498373	1.221171	-0.003858	1.844307
26.735220	1229.524019	1.226176	-0.003871	1.847895
26.780499	1234.573627	1.231181	-0.003882	1.851490
26.691661	1239.497240	1.236186	-0.003861	1.854958
26.927687	1244.592436	1.241190	-0.003918	1.858617
27.035276	1249.712130	1.246195	-0.003944	1.862256
26.839409	1254.679294	1.251200	-0.003897	1.865709
27.213512	1259.633445	1.256205	-0.003987	1.869281
27.277281	1264.614348	1.261210	-0.004002	1.872791
27.284610	1269.571971	1.266214	-0.004004	1.876266
27.316443	1274.721135	1.271219	-0.004012	1.879873
27.464844	1279.665558	1.276224	-0.004047	1.883358
27.565578	1284.613373	1.281229	-0.004072	1.886828
27.581568	1289.678294	1.286234	-0.004076	1.890353
27.578976	1294.650205	1.291238	-0.004075	1.893803
27.693051	1299.674185	1.296243	-0.004103	1.897310
27.938098	1304.796091	1.301248	-0.004161	1.900908
27.905509	1309.717359	1.306253	-0.004154	1.904297
27.914623	1314.750352	1.311258	-0.004156	1.907766
27.929012	1319.812323	1.316262	-0.004160	1.911250
27.988302	1324.708197	1.321267	-0.004174	1.914624
28.231680	1329.744459	1.326272	-0.004232	1.918130
28.222274	1334.892007	1.331277	-0.004230	1.921649
28.174717	1339.787167	1.336282	-0.004219	1.924979
28.310111	1344.811814	1.341286	-0.004251	1.928435
28.487116	1349.784769	1.346291	-0.004294	1.931858
28.494282	1354.723372	1.351296	-0.004296	1.935213
28.500016	1359.906344	1.356301	-0.004297	1.938728
28.689160	1364.889695	1.361306	-0.004343	1.942143
28.801832	1369.788722	1.366310	-0.004370	1.945477
28.803460	1374.859020	1.371315	-0.004370	1.948896
28.715733	1379.870430	1.376320	-0.004350	1.952250
28.825486	1384.760581	1.381325	-0.004376	1.955561
29.020849	1389.880822	1.386330	-0.004423	1.959039
29.097771	1394.883830	1.391334	-0.004441	1.962406
29.107727	1399.836554	1.396339	-0.004444	1.965720
29.133746	1404.888719	1.401344	-0.004450	1.969097
29.298707	1409.839383	1.406349	-0.004490	1.972432
29.449609	1414.742421	1.411354	-0.004526	1.975726
29.559133	1419.980278	1.416358	-0.004553	1.979228
29.482171	1424.982596	1.421363	-0.004534	1.982527
29.617419	1429.883926	1.426368	-0.004567	1.985800
29.740499	1434.920713	1.431373	-0.004596	1.989154
29.769899	1439.884803	1.436378	-0.004604	1.992435
29.737224	1444.882281	1.441382	-0.004596	1.995718
29.936899	1450.024496	1.446387	-0.004644	1.999142
29.982193	1454.998049	1.451392	-0.004655	2.002415
30.131375	1459.907300	1.456397	-0.004691	2.005664
30.185545	1464.949613	1.461402	-0.004704	2.008974
30.165902	1469.955682	1.466406	-0.004699	2.012239
30.188347	1474.889264	1.471411	-0.004705	2.015460
30.352019	1480.145546	1.476416	-0.004744	2.018916
30.489988	1485.106472	1.481421	-0.004777	2.022170
30.434519	1490.050839	1.486426	-0.004764	2.025365
30.349716	1495.164163	1.491430	-0.004744	2.028659
30.520227	1500.120616	1.496435	-0.004785	2.031901
30.622086	1505.003110	1.501440	-0.004809	2.035075
30.753792	1510.186340	1.506445	-0.004841	2.038444
30.854535	1515.130957	1.511450	-0.004865	2.041648
30.866544	1520.061986	1.516454	-0.004868	2.044819
30.874496	1525.136183	1.521459	-0.004870	2.048076
31.089080	1530.103769	1.526464	-0.004922	2.051303
31.092332	1535.038333	1.531469	-0.004923	2.054460
31.190745	1540.204195	1.536474	-0.004946	2.057779
31.237537	1545.311971	1.541478	-0.004958	2.061045
31.225758	1550.222668	1.546483	-0.004955	2.064168
31.328035	1555.239059	1.551488	-0.004980	2.067378
31.390095	1560.272903	1.556493	-0.004995	2.070585
31.518317	1565.104408	1.561498	-0.005026	2.073673
31.484264	1570.252282	1.566502	-0.005018	2.076923
31.533335	1575.383760	1.571507	-0.005029	2.080174
31.677066	1580.224110	1.576512	-0.005064	2.083257
31.747855	1585.283043	1.581517	-0.005081	2.086457
31.804150	1590.316555	1.586522	-0.005095	2.089633
31.809407	1595.252143	1.591526	-0.005096	2.092733
31.934954	1600.284065	1.596531	-0.005126	2.095913
32.072022	1605.488153	1.601536	-0.005159	2.099199
32.142040	1610.382337	1.606541	-0.005176	2.102272
32.024844	1615.395047	1.611546	-0.005148	2.105376
32.182966	1620.412900	1.616550	-0.005186	2.108535
32.296295	1625.364974	1.621555	-0.005213	2.111639
32.298170	1630.316233	1.626560	-0.005214	2.114715
32.265187	1635.540205	1.631565	-0.005206	2.117949
32.457549	1640.503565	1.636570	-0.005252	2.121063
32.428443	1645.449704	1.641574	-0.005246	2.124116
32.647919	1650.449736	1.646579	-0.005298	2.127249
32.642304	1655.498836	1.651584	-0.005297	2.130361
32.828792	1660.308283	1.656589	-0.005342	2.133361
32.911790	1665.440451	1.661594	-0.005362	2.136533
33.163167	1670.553738	1.666598	-0.005422	2.139723
33.275756	1675.416263	1.671603	-0.005449	2.142727
33.275946	1680.444880	1.676608	-0.005449	2.145806
33.465614	1685.465076	1.681613	-0.005495	2.148913
33.573599	1690.359426	1.686618	-0.005521	2.151922
33.586645	1695.354975	1.691622	-0.005524	2.154970
33.732094	1700.553047	1.696627	-0.005559	2.158163
33.853997	1705.493180	1.701632	-0.005588	2.161191
33.938456	1710.386656	1.706637	-0.005609	2.164178
33.787257	1715.491801	1.711642	-0.005573	2.167242
33.905029	1720.519814	1.716646	-0.005601	2.170309
33.911457	1725.412969	1.721651	-0.005603	2.173268
33.990313	1730.595087	1.726656	-0.005622	2.176412
34.239877	1735.717826	1.731661	-0.005682	2.179548
34.227341	1740.593902	1.736666	-0.005679	2.182481
34.333840	1745.600508	1.741670	-0.005704	2.185511
34.384221	1750.657610	1.746675	-0.005717	2.188556
34.354284	1755.609503	1.751680	-0.005710	2.191519
34.478824	1760.564114	1.756685	-0.005740	2.194509
34.546844	1765.727076	1.761690	-0.005756	2.197609
34.801540	1770.678260	1.766694	-0.005817	2.200613
34.728599	1775.611866	1.771699	-0.005800	2.203540
34.627153	1780.697381	1.776704	-0.005776	2.206549
34.679489	1785.778042	1.781709	-0.005788	2.209579
34.861909	1790.594714	1.786714	-0.005832	2.212474
34.897680	1795.721596	1.791718	-0.005841	2.215521
35.069141	1800.896076	1.796723	-0.005882	2.218618
35.164028	1805.783828	1.801728	-0.005905	2.221526
35.156445	1810.788935	1.806733	-0.005903	2.224480
35.220761	1815.830957	1.811738	-0.005919	2.227466
35.380813	1820.807227	1.816742	-0.005957	2.230427
35.402510	1825.692814	1.821747	-0.005962	2.233305
35.403475	1830.851195	1.826752	-0.005963	2.236335
35.455368	1835.982035	1.831757	-0.005975	2.239355
35.484689	1840.843428	1.836762	-0.005983	2.242208
35.659987	1845.840440	1.841766	-0.006025	2.245165
35.750592	1850.904859	1.846771	-0.006047	2.248141
35.822469	1855.836470	1.851776	-0.006064	2.251032
35.834533	1860.831779	1.856781	-0.006067	2.253946
35.923381	1866.075875	1.861786	-0.006088	2.257014
36.010086	1871.113948	1.866790	-0.006109	2.259959
36.043295	1875.984538	1.871795	-0.006117	2.262793
36.115699	1881.015689	1.876800	-0.006135	2.265723
36.325502	1886.011691	1.881805	-0.006185	2.268655
36.247640	1890.924075	1.886810	-0.006167	2.271481
36.382053	1895.895006	1.891814	-0.006199	2.274377
36.351933	1901.152074	1.896819	-0.006192	2.277403
36.437077	1906.100132	1.901824	-0.006212	2.280269
36.483450	1911.030789	1.906829	-0.006224	2.283114
36.754718	1916.009732	1.911834	-0.006289	2.286025
36.557307	1921.151574	1.916838	-0.006242	2.288940
36.587131	1926.031961	1.921843	-0.006249	2.291742
36.623087	1931.089909	1.926848	-0.006258	2.294644
36.901074	1936.274391	1.931853	-0.006324	2.297659
36.777346	1941.299964	1.936858	-0.006295	2.300506
36.982676	1946.150912	1.941862	-0.006344	2.303309
36.985775	1951.229096	1.946867	-0.006345	2.306202
37.086591	1956.236321	1.951872	-0.006369	2.309069
37.045670	1961.103192	1.956877	-0.006360	2.311827
37.194182	1966.171097	1.961882	-0.006395	2.314729
37.318865	1971.336568	1.966886	-0.006425	2.317679
37.432881	1976.269825	1.971891	-0.006453	2.320492
37.300328	1981.247380	1.976896	-0.006421	2.323282
37.391023	1986.318764	1.981901	-0.006443	2.326162
37.361328	1991.381925	1.986906	-0.006436	2.329012
37.529802	1996.206576	1.991910	-0.006476	2.331760
37.544128	2001.352849	1.996915	-0.006480	2.334658
37.789363	2006.536890	2.001920	-0.006539	2.337615
37.860824	2011.486487	2.006925	-0.006556	2.340405
37.875891	2016.371346	2.011930	-0.006560	2.343146
38.031566	2021.388840	2.016934	-0.006597	2.345983
37.943863	2026.491164	2.021939	-0.006576	2.348820
38.085955	2031.291224	2.026944	-0.006611	2.351526
38.163046	2036.391602	2.031949	-0.006629	2.354385
38.314967	2041.539255	2.036954	-0.006666	2.357280
38.192106	2046.562349	2.041958	-0.006636	2.360054
38.245426	2051.467745	2.046963	-0.006649	2.362790
38.299737	2056.532699	2.051968	-0.006662	2.365612
38.324269	2061.605554	2.056973	-0.006669	2.368429
38.495705	2066.437785	2.061978	-0.006710	2.371136
38.375768	2071.530390	2.066982	-0.006681	2.373933
38.626153	2076.770756	2.071987	-0.006741	2.376872
38.647653	2081.736077	2.076992	-0.006746	2.379616
38.639862	2086.634236	2.081997	-0.006745	2.382315
38.676022	2091.680627	2.087002	-0.006754	2.385100
38.680440	2096.736138	2.092006	-0.006755	2.387882
38.884671	2101.613126	2.097011	-0.006804	2.390597
38.950494	2106.571299	2.102016	-0.006820	2.393329
39.045295	2111.796170	2.107021	-0.006842	2.396209
39.097766	2116.819054	2.112026	-0.006855	2.398968
39.145603	2121.699268	2.117030	-0.006867	2.401645
39.252779	2126.732111	2.122035	-0.006893	2.404412
39.153353	2131.832386	2.127040	-0.006869	2.407178
39.378008	2136.734802	2.132045	-0.006923	2.409888
39.366473	2141.707369	2.137050	-0.006920	2.412593
39.430603	2146.913346	2.142054	-0.006936	2.415435
39.364778	2152.072560	2.147059	-0.006920	2.418225
39.461852	2156.883682	2.152064	-0.006943	2.420852
39.599906	2161.897039	2.157069	-0.006977	2.423592
39.762264	2166.914877	2.162074	-0.007016	2.426336
39.715436	2171.946599	2.167078	-0.007005	2.429048
39.783497	2176.818642	2.172083	-0.007021	2.431691
39.903794	2181.912997	2.177088	-0.007050	2.434460
40.044474	2187.059882	2.182093	-0.007084	2.437257
39.902984	2192.036456	2.187098	-0.007050	2.439912
39.939357	2197.008027	2.192102	-0.007059	2.442591
39.971472	2202.066959	2.197107	-0.007067	2.445313
40.147443	2207.069691	2.202112	-0.007109	2.448027
40.255722	2211.937481	2.207117	-0.007135	2.450653
40.214208	2217.022767	2.212122	-0.007125	2.453368
40.295682	2222.291407	2.217126	-0.007145	2.456199
40.427877	2227.278976	2.222131	-0.007177	2.458885
40.448215	2232.142454	2.227136	-0.007182	2.461483
40.409738	2237.233081	2.232141	-0.007173	2.464190
40.548911	2242.244577	2.237146	-0.007206	2.466881
40.603846	2247.186547	2.242150	-0.007219	2.469518
40.671384	2252.128142	2.247155	-0.007236	2.472154
40.737406	2257.297143	2.252160	-0.007252	2.474908
40.765546	2262.444831	2.257165	-0.007259	2.477641
40.815405	2267.309771	2.262170	-0.007271	2.480225
40.869675	2272.283851	2.267174	-0.007284	2.482865
41.020238	2277.340043	2.272179	-0.007320	2.485561
41.117199	2282.271099	2.277184	-0.007343	2.488180
41.092759	2287.155636	2.282189	-0.007338	2.490751
41.291852	2292.207127	2.287194	-0.007385	2.493444
41.266332	2297.522077	2.292198	-0.007379	2.496236
41.339422	2302.530948	2.297203	-0.007397	2.498880
41.352835	2307.406883	2.302208	-0.007400	2.501442
41.542961	2312.436179	2.307213	-0.007446	2.504110
41.599860	2317.468975	2.312218	-0.007460	2.506756
41.526734	2322.440823	2.317222	-0.007442	2.509346
41.522708	2327.399073	2.322227	-0.007442	2.511938
41.596154	2332.583106	2.327232	-0.007459	2.514657
41.734309	2337.682736	2.332237	-0.007493	2.517339
41.756373	2342.555531	2.337242	-0.007498	2.519882
41.733951	2347.584091	2.342246	-0.007493	2.522496
41.891014	2352.598184	2.347251	-0.007530	2.525129
41.800970	2357.684526	2.352256	-0.007509	2.527757
42.044570	2362.480912	2.357261	-0.007567	2.530285
41.933278	2367.600994	2.362266	-0.007541	2.532922
41.989842	2372.901086	2.367270	-0.007555	2.535676
42.136712	2377.893577	2.372275	-0.007590	2.538282
42.457332	2382.635028	2.377280	-0.007667	2.540784
42.364945	2387.773706	2.382285	-0.007645	2.543422
42.286701	2392.854266	2.387290	-0.007626	2.546030
42.261682	2397.855121	2.392294	-0.007621	2.548603
42.485974	2402.713391	2.397299	-0.007674	2.551139
42.520659	2407.846254	2.402304	-0.007683	2.553784
42.547623	2413.011454	2.407309	-0.007689	2.556441
42.712509	2417.917842	2.412314	-0.007729	2.558985
42.759855	2422.850946	2.417318	-0.007740	2.561521
42.778623	2427.931295	2.422323	-0.007745	2.564126
42.703565	2433.003148	2.427328	-0.007727	2.566709
42.939733	2437.890286	2.432333	-0.007784	2.569243
42.828128	2442.888587	2.437338	-0.007757	2.571778
42.927164	2448.096088	2.442342	-0.007781	2.574450
43.140160	2453.080482	2.447347	-0.007832	2.577023
43.110203	2457.966961	2.452352	-0.007825	2.579505
43.385118	2462.879463	2.457357	-0.007891	2.582046
43.330260	2467.976734	2.462362	-0.007878	2.584628
43.295703	2473.026710	2.467366	-0.007870	2.587185
43.400287	2477.890415	2.472371	-0.007895	2.589668
43.492628	2482.879423	2.477376	-0.007918	2.592209
43.540702	2488.135927	2.482381	-0.007929	2.594877
43.544707	2493.188567	2.487386	-0.007930	2.597431
43.711083	2497.977768	2.492390	-0.007970	2.599876
43.592659	2503.104389	2.497395	-0.007942	2.602444
43.806676	2508.095426	2.502400	-0.007993	2.604993
43.768661	2513.156397	2.507405	-0.007984	2.607536
43.796448	2518.009494	2.512410	-0.007991	2.609981
43.931014	2523.040685	2.517414	-0.008024	2.612531
44.140237	2528.341565	2.522419	-0.008074	2.615224
43.943105	2533.413440	2.527424	-0.008027	2.617738
44.233961	2538.188866	2.532429	-0.008097	2.620176
44.189032	2543.234900	2.537434	-0.008086	2.622695
44.370235	2548.260855	2.542438	-0.008129	2.625236
44.328684	2553.298084	2.547443	-0.008120	2.627747
44.349623	2558.145666	2.552448	-0.008125	2.630170
44.396081	2563.270233	2.557453	-0.008136	2.632733
44.502034	2568.438215	2.562458	-0.008162	2.635324
44.564517	2573.430613	2.567462	-0.008177	2.637818
44.630191	2578.305903	2.572467	-0.008193	2.640253
44.681260	2583.364589	2.577472	-0.008205	2.642774
44.727571	2588.431773	2.582477	-0.008216	2.645296
44.641286	2593.456972	2.587482	-0.008196	2.647775
44.804053	2598.311673	2.592486	-0.008235	2.650204
44.901223	2603.467420	2.597491	-0.008258	2.652771
44.868050	2608.762613	2.602496	-0.008250	2.655384
45.024845	2613.718652	2.607501	-0.008288	2.657856
44.953906	2618.613267	2.612506	-0.008271	2.660261
45.053494	2623.652792	2.617510	-0.008295	2.662761
45.138093	2628.693378	2.622515	-0.008316	2.665257
45.094193	2633.683510	2.627520	-0.008305	2.667706
45.226331	2638.542009	2.632525	-0.008337	2.670115
45.244571	2643.673185	2.637530	-0.008341	2.672638
45.372081	2648.755358	2.642534	-0.008372	2.675152
45.395289	2653.755895	2.647539	-0.008378	2.677607
45.418341	2658.613175	2.652544	-0.008383	2.679990
45.527522	2663.675444	2.657549	-0.008410	2.682484
45.508930	2668.761676	2.662554	-0.008405	2.684968
45.569005	2673.745896	2.667558	-0.008420	2.687412
45.683531	2678.607657	2.672563	-0.008448	2.689802
45.791581	2683.694768	2.677568	-0.008474	2.692299
45.954980	2688.957261	2.682573	-0.008513	2.694887
45.893051	2693.979903	2.687578	-0.008498	2.697323
45.836593	2698.826876	2.692582	-0.008485	2.699672
45.949996	2703.890102	2.697587	-0.008512	2.702148
46.075710	2708.922825	2.702592	-0.008542	2.704610
46.152841	2713.924495	2.707597	-0.008561	2.707047
46.240507	2718.775454	2.712602	-0.008582	2.709410
46.400122	2723.806599	2.717606	-0.008620	2.711869
46.425464	2729.050369	2.722611	-0.008627	2.714409
46.399484	2734.086879	2.727616	-0.008620	2.716839
46.429402	2738.939789	2.732621	-0.008628	2.719187
46.404637	2743.996430	2.737626	-0.008622	2.721622
46.434529	2749.074993	2.742630	-0.008629	2.724074
46.676136	2754.073024	2.747635	-0.008687	2.726516
46.732913	2758.899593	2.752640	-0.008701	2.728846
46.766635	2763.946388	2.757645	-0.008709	2.731277
46.829691	2769.288770	2.762650	-0.008724	2.733852
46.752054	2774.402056	2.767654	-0.008706	2.736294
46.735944	2779.261829	2.772659	-0.008702	2.738621
46.803131	2784.244429	2.777664	-0.008719	2.741017
46.909402	2789.313793	2.782669	-0.008744	2.743459
47.178071	2794.279430	2.787674	-0.008809	2.745871
47.016190	2799.230864	2.792678	-0.008770	2.748213
47.146231	2804.185584	2.797683	-0.008801	2.750597
47.126627	2809.390738	2.802688	-0.008797	2.753076
47.383551	2814.460302	2.807693	-0.008858	2.755528
47.459157	2819.368423	2.812698	-0.008877	2.757875
47.305981	2824.331413	2.817702	-0.008840	2.760214
47.504052	2829.374676	2.822707	-0.008888	2.762639
47.433839	2834.441956	2.827712	-0.008871	2.765035
47.497220	2839.391809	2.832717	-0.008886	2.767392
47.399830	2844.338728	2.837722	-0.008863	2.769723
47.574927	2849.484281	2.842726	-0.008905	2.772184
47.701294	2854.720172	2.847731	-0.008936	2.774680
47.726780	2859.664908	2.852736	-0.008942	2.777021
47.790321	2864.453176	2.857741	-0.008957	2.779291
47.786593	2869.506751	2.862746	-0.008956	2.781676
47.973117	2874.537740	2.867750	-0.009001	2.784074
48.064632	2879.568001	2.872755	-0.009023	2.786457
47.990138	2884.411320	2.877760	-0.009005	2.788727
48.071105	2889.463783	2.882765	-0.009025	2.791114
48.093355	2894.732602	2.887770	-0.009030	2.793594
48.190060	2899.741439	2.892774	-0.009054	2.795959
48.396242	2904.579934	2.897779	-0.009103	2.798257
48.327304	2909.597259	2.902784	-0.009087	2.800600
48.265467	2914.718018	2.907789	-0.009072	2.802990
48.406111	2919.762338	2.912794	-0.009106	2.805369
48.336301	2924.658332	2.917798	-0.009089	2.807649
48.508082	2929.635172	2.922803	-0.009131	2.809998
48.528173	2934.877491	2.927808	-0.009136	2.812448
48.503408	2940.085963	2.932813	-0.009130	2.814873
48.544202	2945.014985	2.937818	-0.009140	2.817176
48.549258	2949.908880	2.942822	-0.009141	2.819455
48.761618	2954.955544	2.947827	-0.009192	2.821832
48.864460	2959.967371	2.952832	-0.009217	2.824176
48.904490	2964.991681	2.957837	-0.009227	2.826515
48.932390	2969.844702	2.962842	-0.009233	2.828771
48.978157	2974.925388	2.967846	-0.009245	2.831133
48.975060	2980.186382	2.972851	-0.009244	2.833570
49.227236	2985.175712	2.977856	-0.009304	2.835914
49.009082	2990.041065	2.982861	-0.009252	2.838135
49.240431	2995.029822	2.987866	-0.009308	2.840471
49.161411	3000.122002	2.992870	-0.009289	2.842812
49.228136	3005.198239	2.997875	-0.009305	2.845163
49.358379	3010.033963	3.002880	-0.009337	2.847410
49.366958	3015.044550	3.007885	-0.009339	2.849720
49.463491	3020.260936	3.012890	-0.009362	2.852134
49.459077	3025.458834	3.017894	-0.009361	2.854524
49.658442	3030.359252	3.022899	-0.009409	2.856802
49.557487	3035.293739	3.027904	-0.009385	2.859054
49.682178	3040.333359	3.032909	-0.009415	2.861383
49.734553	3045.387903	3.037914	-0.009428	2.863707
49.630088	3050.404775	3.042918	-0.009403	2.865991
49.849129	3055.245179	3.047923	-0.009455	2.868235
49.787093	3060.306117	3.052928	-0.009441	2.870542
49.848777	3065.566972	3.057933	-0.009456	2.872954
49.953396	3070.635155	3.062938	-0.009481	2.875281
50.124446	3075.456203	3.067942	-0.009522	2.877503
49.960343	3080.506764	3.072947	-0.009483	2.879784
49.952723	3085.583217	3.077952	-0.009481	2.882095
50.197100	3090.602613	3.082957	-0.009540	2.884412
50.358445	3095.504542	3.087962	-0.009578	2.886662
50.212294	3100.470248	3.092966	-0.009544	2.888899
50.441999	3105.603697	3.097971	-0.009599	2.891260
50.403084	3110.801694	3.102976	-0.009590	2.893613
50.484185	3115.809473	3.107981	-0.009609	2.895894
50.564115	3120.589903	3.112986	-0.009628	2.898070
50.625103	3125.630581	3.117990	-0.009643	2.900359
50.705099	3130.699495	3.122995	-0.009662	2.902662
50.669144	3135.744314	3.128000	-0.009654	2.904937
50.708623	3140.634432	3.133005	-0.009664	2.907150
50.784588	3145.605022	3.138010	-0.009682	2.909402
50.767830	3150.780702	3.143014	-0.009678	2.911734
50.976148	3155.904912	3.148019	-0.009728	2.914069
50.873362	3160.909602	3.153024	-0.009704	2.916308
51.111179	3165.710680	3.158029	-0.009761	2.918498
50.910807	3170.875284	3.163034	-0.009713	2.920794
51.186956	3175.839141	3.168038	-0.009779	2.923058
51.208849	3180.911822	3.173043	-0.009784	2.925337
51.129232	3185.743802	3.178048	-0.009765	2.927494
51.378253	3190.755704	3.183053	-0.009825	2.929771
51.334213	3196.083565	3.188058	-0.009815	2.932151
51.279918	3201.217589	3.193062	-0.009802	2.934441
51.324121	3206.126227	3.198067	-0.009813	2.936640
51.588578	3210.998029	3.203072	-0.009876	2.938850
51.578822	3216.060367	3.208077	-0.009874	2.941108
51.645054	3221.115409	3.213082	-0.009890	2.943371
51.556274	3226.167424	3.218086	-0.009869	2.945611
51.637648	3231.012020	3.223091	-0.009888	2.947779
51.649621	3236.040719	3.228096	-0.009891	2.950018
51.791002	3241.298386	3.233101	-0.009925	2.952373
51.910711	3246.330290	3.238106	-0.009954	2.954624
51.917155	3251.210482	3.243110	-0.009956	2.956791
51.894797	3256.222832	3.248115	-0.009951	2.959012
51.949027	3261.281276	3.253120	-0.009964	2.961261
52.028044	3266.333727	3.258125	-0.009983	2.963509
52.041492	3271.355750	3.263130	-0.009986	2.965733
52.026413	3276.201815	3.268134	-0.009983	2.967875
52.285486	3281.239989	3.273139	-0.010045	2.970134
52.211182	3286.671577	3.278144	-0.010027	2.972523
52.278583	3291.712023	3.283149	-0.010044	2.974756
52.434294	3296.506738	3.288154	-0.010081	2.976889
52.405084	3301.494129	3.293158	-0.010074	2.979083
52.397369	3306.618123	3.298163	-0.010072	2.981338
52.560924	3311.608092	3.303168	-0.010112	2.983554
52.523081	3316.596284	3.308173	-0.010103	2.985742
52.601642	3321.462086	3.313178	-0.010122	2.987889
52.640443	3326.541141	3.318182	-0.010131	2.990124
52.905172	3331.767399	3.323187	-0.010195	2.992449
52.847325	3336.807447	3.328192	-0.010181	2.994651
52.948245	3341.633835	3.333197	-0.010205	2.996777
52.941306	3346.639668	3.338202	-0.010204	2.998967
52.923179	3351.730856	3.343206	-0.010200	3.001192
52.937874	3356.819422	3.348211	-0.010203	3.003417
53.076574	3361.743123	3.353216	-0.010237	3.005585
53.105056	3366.617733	3.358221	-0.010244	3.007716
53.228569	3371.706121	3.363226	-0.010273	3.009950
53.323347	3377.042937	3.368230	-0.010296	3.012287
53.338654	3382.094271	3.373235	-0.010300	3.014488
53.366213	3386.842254	3.378240	-0.010307	3.016557
53.408943	3391.782453	3.383245	-0.010317	3.018711
53.417332	3396.885337	3.388250	-0.010319	3.020929
53.646663	3401.886123	3.393254	-0.010374	3.023128
53.581195	3406.936596	3.398259	-0.010359	3.025311
53.586121	3411.752699	3.403264	-0.010360	3.027400
53.579310	3416.834913	3.408269	-0.010359	3.029601
53.751575	3422.092867	3.413274	-0.010400	3.031898
53.922548	3427.106912	3.418278	-0.010441	3.034088
53.880918	3432.020128	3.423283	-0.010431	3.036207
53.946688	3436.975408	3.428288	-0.010447	3.038355
53.945966	3442.060597	3.433293	-0.010447	3.040550
53.919905	3447.139160	3.438298	-0.010441	3.042738
54.031404	3452.114861	3.443302	-0.010468	3.044896
54.102510	3456.948815	3.448307	-0.010485	3.046987
54.178574	3461.980619	3.453312	-0.010503	3.049162
54.138066	3467.367274	3.458317	-0.010494	3.051474
54.191580	3472.473131	3.463322	-0.010507	3.053675
54.483139	3477.301189	3.468326	-0.010577	3.055784
54.302981	3482.276376	3.473331	-0.010534	3.057898
54.410552	3487.302291	3.478336	-0.010560	3.060066
54.441046	3492.392598	3.483341	-0.010567	3.062252
54.428551	3497.456939	3.488346	-0.010564	3.064419
54.483793	3502.259422	3.493350	-0.010577	3.066481
54.509283	3507.291002	3.498355	-0.010584	3.068636
54.604505	3512.474098	3.503360	-0.010607	3.070863
54.589029	3517.616391	3.508365	-0.010603	3.073057
54.801342	3522.559439	3.513370	-0.010654	3.075192
54.804801	3527.422578	3.518374	-0.010655	3.077267
54.973149	3532.446286	3.523379	-0.010695	3.079428
54.919018	3537.534459	3.528384	-0.010683	3.081589
55.074906	3542.596677	3.533389	-0.010720	3.083762
54.919242	3547.490246	3.538394	-0.010683	3.085825
55.080358	3552.419207	3.543398	-0.010722	3.087938
55.165369	3557.622636	3.548403	-0.010742	3.090159
55.092514	3562.899197	3.553408	-0.010725	3.092390
55.164621	3567.939971	3.558413	-0.010742	3.094536
55.297039	3572.680278	3.563418	-0.010774	3.096561
55.249121	3577.763234	3.568422	-0.010763	3.098708
55.335616	3582.824448	3.573427	-0.010784	3.100860
55.309042	3587.910768	3.578432	-0.010777	3.103008
55.411514	3592.836504	3.583437	-0.010802	3.105102
55.536017	3597.710011	3.588442	-0.010832	3.107175
55.542531	3602.785008	3.593446	-0.010834	3.109318
55.588862	3608.048756	3.598451	-0.010845	3.111544
55.648273	3613.085244	3.603456	-0.010859	3.113674
55.664305	3617.948809	3.608461	-0.010863	3.115724
55.549663	3622.987964	3.613466	-0.010836	3.117832
55.663660	3628.033061	3.618470	-0.010864	3.119968
55.973440	3633.017565	3.623475	-0.010938	3.122099
55.921361	3638.089205	3.628480	-0.010925	3.124223
55.956847	3642.889586	3.633485	-0.010934	3.126243
55.971917	3647.975583	3.638490	-0.010938	3.128378
56.019319	3653.267764	3.643494	-0.010949	3.130602
56.092108	3658.458383	3.648499	-0.010967	3.132785
56.151204	3663.381145	3.653504	-0.010981	3.134853
56.174362	3668.221462	3.658509	-0.010987	3.136881
56.218791	3673.320528	3.663514	-0.010998	3.139018
56.268962	3678.353502	3.668518	-0.011010	3.141126
56.470424	3683.377757	3.673523	-0.011058	3.143247
56.323887	3688.310325	3.678528	-0.011023	3.145288
56.399866	3693.249764	3.683533	-0.011042	3.147357
56.448220	3698.290693	3.688538	-0.011053	3.149463
56.575101	3703.454611	3.693542	-0.011084	3.151628
56.518171	3708.561114	3.698547	-0.011070	3.153746
56.608080	3713.353972	3.703552	-0.011092	3.155750
56.594399	3718.383972	3.708557	-0.011089	3.157839
56.722692	3723.429077	3.713562	-0.011120	3.159948
56.834425	3728.442984	3.718566	-0.011147	3.162042
56.822120	3733.517289	3.723571	-0.011144	3.164145
56.797672	3738.327033	3.728576	-0.011138	3.166136
56.862661	3743.377875	3.733581	-0.011154	3.168236
56.909214	3748.728296	3.738586	-0.011165	3.170456
57.006186	3753.821202	3.743590	-0.011188	3.172573
56.973537	3758.807625	3.748595	-0.011181	3.174631
57.182061	3763.592122	3.753600	-0.011231	3.176631
57.012088	3768.749163	3.758605	-0.011190	3.178741
57.186354	3773.749828	3.763610	-0.011232	3.180824
57.397872	3778.760437	3.768614	-0.011283	3.182914
57.397603	3783.686907	3.773619	-0.011283	3.184943
57.403430	3788.611079	3.778624	-0.011285	3.186972
57.319518	3793.753088	3.783629	-0.011265	3.189079
57.378648	3799.029959	3.788634	-0.011279	3.191255
57.528268	3804.049729	3.793638	-0.011315	3.193335
57.633441	3808.868873	3.798643	-0.011340	3.195326
57.714322	3813.853582	3.803648	-0.011360	3.197381
57.539262	3818.956134	3.808653	-0.011318	3.199454
57.641361	3824.023125	3.813658	-0.011343	3.201543
57.723366	3829.050845	3.818662	-0.011362	3.203611
57.799247	3833.856942	3.823667	-0.011381	3.205587
57.909173	3838.871367	3.828672	-0.011407	3.207651
57.869769	3844.143806	3.833677	-0.011398	3.209802
58.060770	3849.240201	3.838682	-0.011444	3.211905
58.017876	3854.275825	3.843686	-0.011434	3.213957
58.078179	3859.076518	3.848691	-0.011448	3.215922
58.091556	3864.105628	3.853696	-0.011451	3.217975
58.013285	3869.231470	3.858701	-0.011433	3.220055
58.270512	3874.236240	3.863706	-0.011495	3.222122
58.150550	3879.212565	3.868710	-0.011466	3.224134
58.156796	3884.101371	3.873715	-0.011468	3.226124
58.326266	3889.096269	3.878720	-0.011508	3.228173
58.421537	3894.363300	3.883725	-0.011531	3.230323
58.622320	3899.423395	3.888730	-0.011579	3.232399
58.616405	3904.349595	3.893734	-0.011578	3.234397
58.537341	3909.279875	3.898739	-0.011559	3.236388
58.604504	3914.319800	3.903744	-0.011576	3.238437
58.735290	3919.381455	3.908749	-0.011607	3.240501
58.981363	3924.388668	3.913754	-0.011666	3.242554
58.855780	3929.290445	3.918758	-0.011636	3.244523
58.854647	3934.243908	3.923763	-0.011636	3.246525
58.974027	3939.301328	3.928768	-0.011665	3.248581
59.005746	3944.708662	3.933773	-0.011673	3.250767
59.095159	3949.735852	3.938778	-0.011694	3.252805
59.059865	3954.608048	3.943782	-0.011686	3.254766
59.194030	3959.548222	3.948787	-0.011718	3.256771
59.080868	3964.633903	3.953792	-0.011691	3.258807
59.222737	3969.665158	3.958797	-0.011725	3.260847
59.317761	3974.699618	3.963802	-0.011748	3.262881
59.366826	3979.538109	3.968806	-0.011760	3.264831
59.467662	3984.506512	3.973811	-0.011784	3.266838
59.392675	3989.690243	3.978816	-0.011766	3.268911
59.525895	3994.871963	3.983821	-0.011798	3.271004
59.488258	3999.968268	3.988826	-0.011790	3.273043
59.609029	4004.713343	3.993830	-0.011819	3.274957
59.682141	4009.763144	3.998835	-0.011836	3.276987
59.689184	4014.821065	4.003840	-0.011838	3.279012
59.770864	4019.888184	4.008845	-0.011858	3.281047
59.692604	4024.933478	4.013850	-0.011839	3.283056
59.776974	4029.734917	4.018854	-0.011860	3.284983
59.877466	4034.760235	4.023859	-0.011884	3.287000
59.975415	4040.021817	4.028864	-0.011907	3.289109
59.997901	4045.251856	4.033869	-0.011913	3.291197
59.800164	4050.379362	4.038874	-0.011866	3.293219
60.031343	4055.086625	4.043878	-0.011921	3.295118
60.121371	4060.023668	4.048883	-0.011943	3.297092
60.159670	4065.077004	4.053888	-0.011952	3.299106
60.207076	4070.114553	4.058893	-0.011964	3.301114
60.406312	4075.149148	4.063898	-0.012012	3.303135
60.339656	4079.951468	4.068902	-0.011996	3.305034
60.363281	4084.946129	4.073907	-0.012002	3.307019
60.526505	4090.171028	4.078912	-0.012041	3.309108
60.355291	4095.347402	4.083917	-0.012000	3.311141
60.604641	4100.392368	4.088922	-0.012060	3.313165
60.674584	4105.085103	4.093926	-0.012077	3.315030
60.633097	4110.196433	4.098931	-0.012067	3.317048
60.494907	4115.306111	4.103936	-0.012034	3.319054
60.770377	4120.300501	4.108941	-0.012100	3.321056
60.788430	4125.361266	4.113946	-0.012104	3.323056
60.715410	4130.148954	4.118950	-0.012087	3.324938
60.807854	4135.251657	4.123955	-0.012109	3.326960
60.799011	4140.537598	4.128960	-0.012107	3.329043
61.012805	4145.666581	4.133965	-0.012159	3.331085
61.063314	4150.706472	4.138970	-0.012171	3.333074
61.008022	4155.456285	4.143974	-0.012158	3.334938
61.143341	4160.526029	4.148979	-0.012190	3.336945
61.091081	4165.623016	4.153984	-0.012178	3.338943
61.069321	4170.655475	4.158989	-0.012173	3.340917
61.204736	4175.731227	4.163994	-0.012206	3.342923
61.295436	4180.461094	4.168998	-0.012227	3.344788
61.288953	4185.561327	4.174003	-0.012226	3.346787
61.284275	4190.784478	4.179008	-0.012225	3.348833
61.357903	4195.888452	4.184013	-0.012243	3.350840
61.483836	4200.967604	4.189018	-0.012273	3.352840
61.578498	4205.687486	4.194022	-0.012296	3.354696
61.390703	4210.794649	4.199027	-0.012251	3.356673
61.487578	4215.872683	4.204032	-0.012274	3.358667
61.659468	4220.889595	4.209037	-0.012316	3.360643
61.840264	4225.912031	4.214042	-0.012359	3.362621
61.885886	4230.712971	4.219046	-0.012370	3.364498
62.028085	4235.724822	4.224051	-0.012404	3.366466
61.997671	4240.959752	4.229056	-0.012397	3.368502
62.095194	4246.236242	4.234061	-0.012421	3.370566
62.180665	4251.259861	4.239066	-0.012441	3.372529
62.077011	4256.038813	4.244070	-0.012417	3.374377
62.201018	4261.071896	4.249075	-0.012446	3.376346
62.153768	4266.138358	4.254080	-0.012435	3.378309
62.284806	4271.153856	4.259085	-0.012467	3.380269
62.249437	4276.267406	4.264090	-0.012458	3.382249
62.195578	4281.101965	4.269094	-0.012446	3.384118
62.429811	4286.019928	4.274099	-0.012502	3.386047
62.528802	4291.148854	4.279104	-0.012526	3.388044
62.571746	4296.375091	4.284109	-0.012536	3.390071
62.502667	4301.488683	4.289114	-0.012520	3.392042
62.631343	4306.267004	4.294118	-0.012551	3.393902
62.488578	4311.289641	4.299123	-0.012517	3.395829
62.633726	4316.327102	4.304128	-0.012552	3.397788
62.755183	4321.346889	4.309133	-0.012581	3.399738
62.852062	4326.426083	4.314138	-0.012604	3.401706
62.738741	4331.344068	4.319142	-0.012577	3.403591
62.752804	4336.278395	4.324147	-0.012581	3.405494
62.915992	4341.360695	4.329152	-0.012620	3.407467
62.864760	4346.788769	4.334157	-0.012608	3.409551
63.042655	4351.807717	4.339162	-0.012651	3.411498
62.849160	4356.749590	4.344166	-0.012604	3.413379
63.001033	4361.598012	4.349171	-0.012641	3.415257
63.181909	4366.626390	4.354176	-0.012684	3.417205
63.216450	4371.686808	4.359181	-0.012693	3.419151
63.255857	4376.777379	4.364186	-0.012702	3.421107
63.214866	4381.681945	4.369190	-0.012693	3.422983
63.265738	4386.604155	4.374195	-0.012705	3.424873
63.322416	4391.632838	4.379200	-0.012719	3.426804
63.284346	4396.946291	4.384205	-0.012710	3.428834
63.347103	4402.038069	4.389210	-0.012725	3.430787
63.438497	4406.980093	4.394214	-0.012747	3.432685
63.599349	4411.795304	4.399219	-0.012785	3.434540
63.625802	4416.844319	4.404224	-0.012792	3.436471
63.698848	4421.950675	4.409229	-0.012810	3.438426
63.569108	4427.063771	4.414234	-0.012779	3.440364
63.575741	4432.055099	4.419238	-0.012780	3.442267
63.689161	4436.873840	4.424243	-0.012808	3.444114
63.789012	4441.904494	4.429248	-0.012832	3.446039
63.843934	4447.211121	4.434253	-0.012845	3.448063
63.829425	4452.436585	4.439258	-0.012842	3.450049
64.000520	4457.453940	4.444262	-0.012883	3.451973
64.072288	4462.217240	4.449267	-0.012900	3.453789
63.975940	4467.268862	4.454272	-0.012877	3.455698
64.186954	4472.190727	4.459277	-0.012928	3.457586
64.196202	4477.218003	4.464282	-0.012930	3.459493
64.230928	4482.272129	4.469286	-0.012939	3.461412
64.136974	4487.198208	4.474291	-0.012916	3.463270
64.228384	4492.117440	4.479296	-0.012938	3.465141
64.363073	4497.129170	4.484301	-0.012971	3.467050
64.494121	4502.466630	4.489306	-0.013002	3.469082
64.499922	4507.496667	4.494310	-0.013004	3.470984
64.374052	4512.436831	4.499315	-0.012974	3.472838
64.431443	4517.330364	4.504320	-0.012988	3.474691
64.464451	4522.422948	4.509325	-0.012996	3.476616
64.584899	4527.488204	4.514330	-0.013025	3.478538
64.553657	4532.559458	4.519334	-0.013017	3.480447
64.582768	4537.538829	4.524339	-0.013025	3.482326
64.753429	4542.318023	4.529344	-0.013066	3.484142
64.745559	4547.371693	4.534349	-0.013064	3.486043
64.843745	4552.717941	4.539354	-0.013087	3.488063
64.839242	4557.897738	4.544358	-0.013087	3.490010
64.875481	4562.944771	4.549363	-0.013095	3.491910
64.875723	4567.706676	4.554368	-0.013096	3.493698
64.974401	4572.754331	4.559373	-0.013119	3.495602
64.910385	4577.846935	4.564378	-0.013104	3.497506
65.035753	4582.861860	4.569382	-0.013134	3.499398
65.084630	4587.961066	4.574387	-0.013146	3.501314
65.098905	4592.766516	4.579392	-0.013150	3.503115
65.174702	4597.727673	4.584397	-0.013168	3.504979
65.235863	4602.835356	4.589402	-0.013183	3.506895
65.262455	4608.121460	4.594406	-0.013189	3.508874
65.257081	4613.232979	4.599411	-0.013188	3.510784
65.483915	4618.053968	4.604416	-0.013243	3.512606
65.445747	4622.961585	4.609421	-0.013234	3.514434
65.478127	4628.054301	4.614426	-0.013241	3.516338
65.447560	4633.119305	4.619430	-0.013234	3.518224
65.525418	4638.164391	4.624435	-0.013253	3.520111
65.543624	4643.205162	4.629440	-0.013258	3.521991
65.593948	4647.984052	4.634445	-0.013270	3.523774
65.722269	4653.065837	4.639450	-0.013301	3.525677
65.731714	4658.387135	4.644454	-0.013303	3.527657
65.922481	4663.565060	4.649459	-0.013349	3.529599
65.894126	4668.599869	4.654464	-0.013342	3.531467
65.985999	4673.337763	4.659469	-0.013364	3.533235
66.000466	4678.386560	4.664474	-0.013368	3.535110
66.002755	4683.430094	4.669478	-0.013369	3.536981
66.037340	4688.499520	4.674483	-0.013377	3.538864
66.087141	4693.556961	4.679488	-0.013389	3.540742
66.311942	4698.408852	4.684493	-0.013443	3.542560
66.319017	4703.319308	4.689498	-0.013445	3.544378
66.185724	4708.427947	4.694502	-0.013413	3.546256
66.170260	4713.763697	4.699507	-0.013410	3.548227
66.229414	4718.795974	4.704512	-0.013424	3.550092
66.283604	4723.756049	4.709517	-0.013437	3.551929
66.427087	4728.586041	4.714522	-0.013472	3.553725
66.453391	4733.607153	4.719526	-0.013478	3.555580
66.482176	4738.699721	4.724531	-0.013485	3.557461
66.587637	4743.741517	4.729536	-0.013510	3.559329
66.667594	4748.772736	4.734541	-0.013530	3.561190
66.743385	4753.565937	4.739546	-0.013548	3.562962
66.661430	4758.600289	4.744550	-0.013528	3.564807
66.635695	4763.806025	4.749555	-0.013522	3.566719
66.730002	4769.116939	4.754560	-0.013545	3.568680
66.805870	4774.164195	4.759565	-0.013564	3.570542
66.804414	4779.097743	4.764570	-0.013563	3.572353
66.794104	4783.953429	4.769574	-0.013561	3.574135
66.924247	4788.977389	4.774579	-0.013592	3.575990
67.041663	4794.053940	4.779584	-0.013621	3.577862
66.988046	4799.121920	4.784589	-0.013608	3.579714
66.939276	4804.175981	4.789594	-0.013596	3.581561
67.021976	4808.932909	4.794598	-0.013616	3.583310
67.050708	4814.052588	4.799603	-0.013623	3.585186
67.083691	4819.208934	4.804608	-0.013631	3.587075
67.195751	4824.395835	4.809613	-0.013658	3.588981
67.351837	4829.429576	4.814618	-0.013696	3.590834
67.374367	4834.248599	4.819622	-0.013701	3.592596
67.449290	4839.218166	4.824627	-0.013719	3.594416
67.451364	4844.263529	4.829632	-0.013720	3.596257
67.281494	4849.376999	4.834637	-0.013680	3.598106
67.246722	4854.489543	4.839642	-0.013671	3.599966
67.523245	4859.343552	4.844646	-0.013738	3.601759
67.582386	4864.219066	4.849651	-0.013752	3.603539
67.547475	4869.302474	4.854656	-0.013744	3.605385
67.657250	4874.613775	4.859661	-0.013770	3.607327
67.778693	4879.827235	4.864666	-0.013799	3.609232
67.757232	4884.893947	4.869670	-0.013794	3.611071
67.854805	4889.612978	4.874675	-0.013818	3.612793
67.875475	4894.668536	4.879680	-0.013823	3.614630
67.943231	4899.717942	4.884685	-0.013839	3.616468
67.912255	4904.786759	4.889690	-0.013832	3.618303
68.055094	4909.806943	4.894694	-0.013866	3.620134
68.025793	4914.715830	4.899699	-0.013860	3.621910
67.988952	4919.637545	4.904704	-0.013851	3.623689
68.018908	4924.703583	4.909709	-0.013858	3.625524
68.150037	4930.024269	4.914714	-0.013890	3.627460
68.264344	4935.050377	4.919718	-0.013917	3.629287
68.217006	4940.123771	4.924723	-0.013906	3.631115
68.261967	4944.848177	4.929728	-0.013917	3.632825
68.342197	4949.800850	4.934733	-0.013936	3.634620
68.241800	4954.888283	4.939738	-0.013912	3.636447
68.471305	4959.900372	4.944742	-0.013968	3.638274
68.392154	4964.986951	4.949747	-0.013949	3.640100
68.499245	4969.846145	4.954752	-0.013974	3.641860
68.588639	4974.775256	4.959757	-0.013996	3.643642
68.712771	4979.830438	4.964762	-0.014026	3.645472
68.760776	4985.252731	4.969766	-0.014038	3.647426
68.676588	4990.338471	4.974771	-0.014018	3.649247
68.655510	4995.383907	4.979776	-0.014013	3.651058
68.875907	5000.077979	4.984781	-0.014065	3.652763
68.758341	5005.207743	4.989786	-0.014038	3.654594
68.904572	5010.224347	4.994790	-0.014073	3.656407
68.917408	5015.304736	4.999795	-0.014076	3.658229
68.996198	5020.385970	5.004800	-0.014095	3.660057
69.068046	5025.220383	5.009805	-0.014112	3.661795
69.086259	5030.152662	5.014810	-0.014117	3.663563
69.035965	5035.206490	5.019814	-0.014105	3.665368
69.194707	5040.495312	5.024819	-0.014143	3.667273
69.194388	5045.630646	5.029824	-0.014143	3.669109
69.261930	5050.627566	5.034829	-0.014159	3.670900
69.307813	5055.392528	5.039834	-0.014170	3.672606
69.256166	5060.483604	5.044838	-0.014158	3.674420
69.426066	5065.490805	5.049843	-0.014199	3.676221
69.369305	5070.586335	5.054848	-0.014186	3.678033
69.429107	5075.635878	5.059853	-0.014200	3.679838
69.480470	5080.535669	5.064858	-0.014213	3.681589
69.569509	5085.457880	5.069862	-0.014234	3.683349
69.538518	5090.527367	5.074867	-0.014227	3.685151
69.628088	5095.939605	5.079872	-0.014248	3.687084
69.567145	5101.037064	5.084877	-0.014234	3.688892
69.718089	5106.079359	5.089882	-0.014270	3.690697
69.756130	5110.775353	5.094886	-0.014279	3.692368
69.855832	5115.860013	5.099891	-0.014303	3.694182
69.865122	5120.933201	5.104896	-0.014306	3.695984
69.806741	5125.991265	5.109901	-0.014292	3.697773
69.857883	5131.032286	5.114906	-0.014304	3.699565
70.121551	5135.910639	5.119910	-0.014368	3.701316
70.013726	5140.827999	5.124915	-0.014342	3.703049
70.129799	5145.861988	5.129920	-0.014370	3.704841
70.108005	5151.153882	5.134925	-0.014365	3.706712
70.132732	5156.298103	5.139930	-0.014371	3.708533
70.220135	5161.354286	5.144934	-0.014392	3.710328
70.290010	5166.072420	5.149939	-0.014409	3.712001
70.314198	5171.059717	5.154944	-0.014415	3.713765
70.265672	5176.149461	5.159949	-0.014403	3.715558
70.302778	5181.258882	5.164954	-0.014412	3.717364
70.358481	5186.308931	5.169958	-0.014426	3.719150
70.485885	5191.269473	5.174963	-0.014456	3.720909
70.519438	5196.123059	5.179968	-0.014465	3.722622
70.504186	5201.155122	5.184973	-0.014461	3.724393
70.543106	5206.456411	5.189978	-0.014471	3.726263
70.572065	5211.720088	5.194982	-0.014478	3.728117
70.636857	5216.758782	5.199987	-0.014493	3.729894
70.790418	5221.504859	5.204992	-0.014530	3.731575
70.851506	5226.448720	5.209997	-0.014545	3.733317
70.991693	5231.523319	5.215002	-0.014579	3.735111
70.856391	5236.632078	5.220006	-0.014546	3.736893
70.873142	5241.682280	5.225011	-0.014551	3.738667
70.858022	5246.752038	5.230016	-0.014547	3.740443
71.007293	5251.437951	5.235021	-0.014583	3.742098
70.972370	5256.561501	5.240026	-0.014575	3.743890
71.081189	5261.676646	5.245030	-0.014601	3.745690
70.948982	5266.974714	5.250035	-0.014569	3.747534
71.105570	5271.997315	5.255040	-0.014607	3.749304
71.179945	5276.874287	5.260045	-0.014625	3.751016
71.266191	5281.775796	5.265050	-0.014646	3.752736
71.191853	5286.828214	5.270054	-0.014628	3.754495
71.287439	5291.900270	5.275059	-0.014651	3.756274
71.346381	5296.946499	5.280064	-0.014665	3.758040
71.422053	5301.999340	5.285069	-0.014684	3.759809
71.380758	5306.847700	5.290074	-0.014674	3.761497
71.572490	5311.800690	5.295078	-0.014720	3.763238
71.428262	5316.925311	5.300083	-0.014686	3.765012
71.533209	5322.438226	5.305088	-0.014711	3.766940
71.593146	5327.479835	5.310093	-0.014725	3.768700
71.656761	5332.431428	5.315098	-0.014741	3.770428
71.759028	5337.192400	5.320102	-0.014765	3.772091
71.759032	5342.289697	5.325107	-0.014766	3.773863
71.608544	5347.373402	5.330112	-0.014730	3.775617
71.750418	5352.414309	5.335117	-0.014764	3.777379
71.724094	5357.493263	5.340122	-0.014758	3.779140
71.872224	5362.331420	5.345126	-0.014793	3.780830
71.952956	5367.242968	5.350131	-0.014813	3.782540
72.055620	5372.294111	5.355136	-0.014837	3.784299
71.997641	5377.589671	5.360141	-0.014824	3.786129
73.794001	5382.333773	5.365146	-0.015254	3.787913
74.821732	5387.134491	5.370150	-0.015499	3.789655
74.886883	5391.927941	5.375155	-0.015515	3.791319
75.104098	5396.894004	5.380160	-0.015567	3.793053
75.146339	5401.917449	5.385165	-0.015578	3.794793
74.962589	5407.106500	5.390170	-0.015534	3.796571
75.054158	5412.108062	5.395174	-0.015556	3.798305
75.279703	5417.079811	5.400179	-0.015610	3.800039
75.282984	5421.893297	5.405184	-0.015611	3.801700
75.357951	5426.917246	5.410189	-0.015629	3.803438
75.342132	5432.156993	5.415194	-0.015625	3.805243
75.463582	5437.455240	5.420198	-0.015655	3.807078
75.472539	5442.551142	5.425203	-0.015657	3.808833
75.684842	5447.438431	5.430208	-0.015708	3.810532
75.563735	5452.274238	5.435213	-0.015679	3.812186
75.664784	5457.355346	5.440218	-0.015703	3.813942
75.556848	5462.440453	5.445222	-0.015678	3.815681
75.606886	5467.508658	5.450227	-0.015690	3.817426
75.680350	5472.563932	5.455232	-0.015707	3.819168
75.743375	5477.409203	5.460237	-0.015723	3.820836
75.707928	5482.375192	5.465242	-0.015714	3.822537
75.726524	5487.411372	5.470246	-0.015719	3.824266
75.884420	5492.731942	5.475251	-0.015757	3.826102
75.934259	5497.800477	5.480256	-0.015769	3.827843
75.903668	5502.893912	5.485261	-0.015762	3.829585
76.050629	5507.448225	5.490266	-0.015797	3.831155
75.897407	5512.572597	5.495270	-0.015761	3.832897
75.984672	5517.579730	5.500275	-0.015782	3.834616
76.109688	5522.695788	5.505280	-0.015812	3.836375
76.148324	5527.704688	5.510285	-0.015821	3.838089
76.204291	5532.791507	5.515290	-0.015835	3.839831
76.092151	5537.528541	5.520294	-0.015808	3.841440
76.060346	5542.640301	5.525299	-0.015800	3.843182
76.227661	5547.800627	5.530304	-0.015841	3.844955
76.293665	5553.083034	5.535309	-0.015857	3.846761
76.267050	5558.195226	5.540314	-0.015850	3.848501
76.275216	5563.107652	5.545318	-0.015852	3.850175
76.311026	5567.931704	5.550323	-0.015861	3.851820
76.388294	5572.935780	5.555328	-0.015880	3.853529
76.484493	5578.056308	5.560333	-0.015903	3.855279
76.399252	5583.100991	5.565338	-0.015883	3.856988
76.492896	5588.155067	5.570342	-0.015905	3.858713
76.715683	5592.970509	5.575347	-0.015959	3.860365
76.578587	5597.945031	5.580352	-0.015926	3.862044
76.739839	5602.920025	5.585357	-0.015965	3.863745
76.668344	5608.285588	5.590362	-0.015948	3.865560
76.798641	5613.353989	5.595366	-0.015979	3.867289
76.840373	5618.426769	5.600371	-0.015989	3.869012
76.845992	5623.244387	5.605376	-0.015991	3.870645
76.881532	5628.171758	5.610381	-0.015999	3.872316
76.867700	5633.232063	5.615386	-0.015996	3.874028
77.026035	5638.330478	5.620390	-0.016034	3.875765
76.992691	5643.390368	5.625395	-0.016027	3.877474
77.185379	5648.421196	5.630400	-0.016073	3.879190
77.092462	5653.149401	5.635405	-0.016051	3.880780
77.139096	5658.212106	5.640410	-0.016062	3.882494
77.098781	5663.279521	5.645414	-0.016053	3.884202
77.276573	5668.811976	5.650419	-0.016095	3.886083
77.257840	5673.808063	5.655424	-0.016091	3.887767
77.385019	5678.838207	5.660429	-0.016121	3.889472
77.315601	5683.599628	5.665434	-0.016105	3.891072
77.326814	5688.669708	5.670438	-0.016108	3.892781
77.405178	5693.656849	5.675443	-0.016127	3.894466
77.531761	5698.769210	5.680448	-0.016157	3.896196
77.508259	5703.787701	5.685453	-0.016152	3.897883
77.501308	5708.801953	5.690458	-0.016150	3.899569
77.592120	5713.593608	5.695462	-0.016172	3.901187
77.725981	5718.627852	5.700467	-0.016204	3.902888
77.718445	5723.810454	5.705472	-0.016203	3.904628
77.770722	5729.029761	5.710477	-0.016215	3.906384
77.841350	5734.122752	5.715482	-0.016232	3.908099
77.725510	5739.057521	5.720486	-0.016205	3.909745
77.765685	5743.915686	5.725491	-0.016214	3.911377
77.850454	5748.914333	5.730496	-0.016235	3.913059
77.967283	5754.027499	5.735501	-0.016263	3.914780
77.935002	5759.079288	5.740506	-0.016255	3.916470
77.848674	5764.160832	5.745510	-0.016235	3.918164
78.035877	5769.103094	5.750515	-0.016280	3.919831
78.043115	5773.948346	5.755520	-0.016282	3.921452
77.977411	5779.007557	5.760525	-0.016266	3.923139
77.985909	5784.378994	5.765530	-0.016268	3.924934
78.086565	5789.648814	5.770534	-0.016293	3.926702
78.223157	5794.639222	5.775539	-0.016325	3.928378
78.391258	5799.505228	5.780544	-0.016366	3.930014
78.435301	5804.385129	5.785549	-0.016376	3.931644
78.271137	5809.477758	5.790554	-0.016337	3.933331
78.281763	5814.618205	5.795558	-0.016340	3.935045
78.442711	5819.623519	5.800563	-0.016379	3.936724
78.463064	5824.683812	5.805568	-0.016384	3.938410
78.533027	5829.495445	5.810573	-0.016401	3.940017
78.539410	5834.403452	5.815578	-0.016402	3.941650
78.548379	5839.510107	5.820582	-0.016405	3.943349
78.566835	5844.789761	5.825587	-0.016409	3.945106
78.655901	5849.926930	5.830592	-0.016431	3.946819
78.734431	5854.922904	5.835597	-0.016450	3.948484
78.740191	5859.766383	5.840602	-0.016451	3.950092
78.827303	5864.704487	5.845606	-0.016472	3.951737
78.822974	5869.763099	5.850611	-0.016471	3.953415
78.847947	5874.903281	5.855616	-0.016477	3.955121
78.912330	5879.911018	5.860621	-0.016493	3.956786
78.857399	5884.990686	5.865626	-0.016480	3.958465
78.944881	5889.782770	5.870630	-0.016501	3.960058
78.898572	5894.774222	5.875635	-0.016490	3.961707
79.097231	5899.820219	5.880640	-0.016538	3.963391
79.072646	5905.288009	5.885645	-0.016532	3.965197
79.047301	5910.417466	5.890650	-0.016526	3.966891
79.172433	5915.438635	5.895654	-0.016556	3.968559
79.182464	5920.217041	5.900659	-0.016559	3.970138
79.185825	5925.170884	5.905664	-0.016560	3.971774
79.369370	5930.256876	5.910669	-0.016604	3.973466
79.203511	5935.389972	5.915674	-0.016564	3.975148
79.330866	5940.408969	5.920678	-0.016595	3.976812
79.294788	5945.476149	5.925683	-0.016586	3.978480
79.436199	5950.208349	5.930688	-0.016620	3.980049
79.680403	5955.148217	5.935693	-0.016679	3.981693
79.511923	5960.300889	5.940698	-0.016639	3.983377
79.509782	5965.648211	5.945702	-0.016638	3.985137
79.647426	5970.681653	5.950707	-0.016672	3.986802
79.692540	5975.781435	5.955712	-0.016682	3.988482
79.553756	5980.516542	5.960717	-0.016649	3.990029
79.768042	5985.511569	5.965722	-0.016701	3.991685
79.650924	5990.645204	5.970726	-0.016673	3.993362
79.607138	5995.723642	5.975731	-0.016663	3.995026
79.841805	6000.758848	5.980736	-0.016719	3.996695
79.800377	6005.828656	5.985741	-0.016709	3.998355
79.956198	6010.571429	5.990746	-0.016747	3.999920
79.951155	6015.565264	5.995750	-0.016746	4.001557
79.932803	6020.666880	6.000755	-0.016741	4.003227
79.982467	6026.166389	6.005760	-0.016753	4.005031
80.061396	6031.223397	6.010765	-0.016772	4.006691
80.075511	6036.290394	6.015770	-0.016776	4.008350
80.169037	6040.993395	6.020774	-0.016798	4.009895
80.138272	6045.970703	6.025779	-0.016791	4.011520
80.231587	6051.083627	6.030784	-0.016814	4.013197
80.247971	6056.116348	6.035789	-0.016818	4.014842
80.229456	6061.202424	6.040794	-0.016813	4.016501
80.250632	6066.303354	6.045798	-0.016819	4.018167
80.314626	6071.044282	6.050803	-0.016834	4.019718
80.442028	6075.974910	6.055808	-0.016865	4.021335
80.327972	6081.065192	6.060813	-0.016838	4.022986
80.406970	6086.421087	6.065818	-0.016857	4.024737
80.387207	6091.519954	6.070822	-0.016852	4.026396
80.566531	6096.500843	6.075827	-0.016895	4.028030
80.692662	6101.337519	6.080832	-0.016925	4.029613
80.610332	6106.277051	6.085837	-0.016906	4.031214
80.660200	6111.351427	6.090842	-0.016918	4.032867
80.788928	6116.471097	6.095846	-0.016949	4.034540
80.739760	6121.492400	6.100851	-0.016937	4.036168
80.781701	6126.544900	6.105856	-0.016948	4.037812
80.776882	6131.368699	6.110861	-0.016947	4.039378
80.724903	6136.378287	6.115866	-0.016934	4.041000
80.946866	6141.376517	6.120870	-0.016987	4.042636
81.077732	6146.741402	6.125875	-0.017019	4.044384
80.921649	6151.970431	6.130880	-0.016982	4.046069
81.082819	6157.018499	6.135885	-0.017021	4.047715
80.865841	6161.905645	6.140890	-0.016969	4.049283
80.972557	6166.669995	6.145894	-0.016994	4.050833
81.074988	6171.665777	6.150899	-0.017019	4.052456
81.054400	6176.795117	6.155904	-0.017014	4.054114
81.223276	6181.798711	6.160909	-0.017055	4.055743
81.191495	6186.901675	6.165914	-0.017047	4.057390
81.262395	6191.736238	6.170918	-0.017065	4.058957
81.272275	6196.576522	6.175923	-0.017067	4.060520
81.357846	6201.755221	6.180928	-0.017088	4.062198
81.464777	6206.946225	6.185933	-0.017113	4.063880
81.422720	6212.107998	6.190938	-0.017103	4.065542
81.379456	6217.178172	6.195942	-0.017093	4.067174
81.592686	6222.071912	6.200947	-0.017144	4.068765
81.584265	6226.938353	6.205952	-0.017143	4.070333
81.596870	6231.973015	6.210957	-0.017146	4.071955
81.684671	6237.045736	6.215962	-0.017167	4.073594
81.770644	6242.127695	6.220966	-0.017188	4.075234
81.797100	6247.202517	6.225971	-0.017194	4.076868
81.793044	6252.170035	6.230976	-0.017193	4.078465
81.698156	6256.944269	6.235981	-0.017171	4.079994
81.807752	6262.068352	6.240986	-0.017197	4.081647
81.868175	6267.243451	6.245990	-0.017212	4.083313
81.780426	6272.675511	6.250995	-0.017191	4.085051
81.889886	6277.726262	6.256000	-0.017217	4.086679
81.988751	6282.644926	6.261005	-0.017241	4.088263
82.064389	6287.421240	6.266010	-0.017259	4.089799
82.115506	6292.463497	6.271014	-0.017272	4.091419
82.087160	6297.536543	6.276019	-0.017265	4.093042
82.272177	6302.610305	6.281024	-0.017309	4.094679
82.218500	6307.653512	6.286029	-0.017297	4.096290
82.260619	6312.728098	6.291034	-0.017307	4.097916
82.206257	6317.506958	6.296038	-0.017294	4.099442
82.197396	6322.513732	6.301043	-0.017292	4.101042
82.373302	6327.573082	6.306048	-0.017334	4.102670
82.281702	6332.910323	6.311053	-0.017313	4.104370
82.449509	6337.993099	6.316058	-0.017353	4.106004
82.581959	6343.023460	6.321062	-0.017385	4.107618
82.499191	6347.810514	6.326067	-0.017365	4.109140
82.577641	6352.817467	6.331072	-0.017384	4.110743
82.575568	6357.834755	6.336077	-0.017384	4.112342
82.725587	6362.920420	6.341082	-0.017420	4.113973
82.707284	6368.009609	6.346086	-0.017415	4.115593
82.764760	6373.047355	6.351091	-0.017429	4.117201
82.743841	6377.901747	6.356096	-0.017425	4.118745
82.898060	6382.785651	6.361101	-0.017462	4.120310
82.982046	6387.864166	6.366106	-0.017482	4.121931
82.829683	6393.233559	6.371110	-0.017446	4.123628
82.984458	6398.455281	6.376115	-0.017483	4.125298
82.949292	6403.521563	6.381120	-0.017474	4.126905
83.045085	6408.379815	6.386125	-0.017498	4.128455
82.944500	6413.227973	6.391130	-0.017474	4.129987
82.997351	6418.336544	6.396134	-0.017486	4.131612
83.109135	6423.356660	6.401139	-0.017513	4.133212
83.112745	6428.466271	6.406144	-0.017514	4.134833
83.258059	6433.545745	6.411149	-0.017549	4.136452
83.336250	6438.515464	6.416154	-0.017568	4.138032
83.137605	6443.320336	6.421158	-0.017521	4.139541
83.356348	6448.326018	6.426163	-0.017573	4.141140
83.293236	6453.483373	6.431168	-0.017558	4.142768
83.537350	6458.722924	6.436173	-0.017617	4.144441
83.521060	6463.817843	6.441178	-0.017613	4.146052
83.428447	6468.911087	6.446182	-0.017591	4.147656
83.469638	6473.595434	6.451187	-0.017601	4.149139
83.381949	6478.709242	6.456192	-0.017580	4.150749
83.515457	6483.729862	6.461197	-0.017612	4.152343
83.515265	6488.836240	6.466202	-0.017612	4.153955
83.658060	6493.866895	6.471206	-0.017647	4.155551
83.684456	6498.903685	6.476211	-0.017653	4.157141
83.773996	6503.768541	6.481216	-0.017675	4.158681
83.794167	6508.703382	6.486221	-0.017680	4.160238
83.736399	6513.789214	6.491226	-0.017666	4.161836
83.962176	6519.208863	6.496230	-0.017720	4.163557
84.034236	6524.358529	6.501235	-0.017738	4.165183
83.838170	6529.435894	6.506240	-0.017691	4.166768
83.976032	6534.273877	6.511245	-0.017724	4.168299
84.037074	6539.168473	6.516250	-0.017739	4.169842
84.013441	6544.196730	6.521254	-0.017733	4.171421
84.063317	6549.297943	6.526259	-0.017745	4.173027
84.065265	6554.370756	6.531264	-0.017746	4.174620
84.000615	6559.437650	6.536269	-0.017731	4.176207
84.240315	6564.352434	6.541274	-0.017788	4.177764
84.258490	6569.140234	6.546278	-0.017793	4.179268
84.245997	6574.205559	6.551283	-0.017790	4.180856
84.293634	6579.306887	6.556288	-0.017801	4.182458
84.442042	6584.645615	6.561293	-0.017837	4.184140
84.371775	6589.724130	6.566298	-0.017820	4.185726
84.528492	6594.760354	6.571302	-0.017858	4.187313
84.446050	6599.428109	6.576307	-0.017838	4.188769
84.563633	6604.492639	6.581312	-0.017867	4.190361
84.608029	6609.538416	6.586317	-0.017877	4.191942
84.581527	6614.668783	6.591322	-0.017871	4.193545
84.647273	6619.703282	6.596326	-0.017887	4.195122
84.747273	6624.712068	6.601331	-0.017911	4.196693
84.811362	6629.578757	6.606336	-0.017927	4.198217
84.781663	6634.468395	6.611341	-0.017920	4.199742
84.791908	6639.589186	6.616346	-0.017922	4.201341
84.851915	6644.942524	6.621350	-0.017937	4.203014
84.848883	6650.167010	6.626355	-0.017936	4.204643
84.904140	6655.275086	6.631360	-0.017950	4.206239
85.030553	6660.137915	6.636365	-0.017980	4.207762
84.958655	6664.942546	6.641370	-0.017963	4.209254
84.966741	6670.069371	6.646374	-0.017965	4.210851
85.120356	6675.060781	6.651379	-0.018002	4.212414
85.126906	6680.193783	6.656384	-0.018004	4.214012
85.030069	6685.210071	6.661389	-0.017981	4.215566
85.053405	6690.285430	6.666394	-0.017986	4.217145
85.187705	6694.994793	6.671398	-0.018019	4.218617
85.377498	6699.972574	6.676403	-0.018064	4.220175
85.356797	6705.087120	6.681408	-0.018059	4.221762
85.337120	6710.459858	6.686413	-0.018055	4.223429
85.407540	6715.515612	6.691418	-0.018072	4.225002
85.554157	6720.586879	6.696422	-0.018107	4.226584
85.541205	6725.397591	6.701427	-0.018104	4.228075
85.626515	6730.308064	6.706432	-0.018125	4.229602
85.408675	6735.418274	6.711437	-0.018073	4.231173
85.508153	6740.518155	6.716442	-0.018097	4.232759
85.540522	6745.580339	6.721446	-0.018105	4.234328
85.550890	6750.612287	6.726451	-0.018107	4.235886
85.727677	6755.571016	6.731456	-0.018150	4.237431
85.669419	6760.422886	6.736461	-0.018136	4.238929
85.848795	6765.452431	6.741466	-0.018179	4.240494
85.864403	6770.590773	6.746470	-0.018183	4.242083
85.885404	6776.070603	6.751475	-0.018188	4.243778
85.917658	6781.142040	6.756480	-0.018196	4.245346
86.058980	6786.154232	6.761485	-0.018230	4.246902
85.936395	6790.869244	6.766490	-0.018201	4.248349
86.090490	6795.908937	6.771494	-0.018238	4.249913
85.993921	6800.967577	6.776499	-0.018215	4.251468
86.054378	6806.078368	6.781504	-0.018229	4.253047
86.013441	6811.127145	6.786509	-0.018220	4.254600
86.132764	6816.154599	6.791514	-0.018248	4.256156
86.095596	6821.061353	6.796518	-0.018240	4.257665
86.110785	6825.912293	6.801523	-0.018244	4.259159
86.252685	6831.022141	6.806528	-0.018278	4.260740
86.361178	6836.169659	6.811533	-0.018304	4.262330
86.237742	6841.459220	6.816538	-0.018274	4.263949
86.292962	6846.538386	6.821542	-0.018288	4.265513
86.342531	6851.504650	6.826547	-0.018300	4.267042
86.480400	6856.233513	6.831552	-0.018333	4.268503
86.430293	6861.272839	6.836557	-0.018321	4.270047
86.460347	6866.354900	6.841562	-0.018328	4.271609
86.544818	6871.444922	6.846566	-0.018349	4.273175
86.602256	6876.488960	6.851571	-0.018363	4.274726
86.539557	6881.560366	6.856576	-0.018348	4.276277
86.645413	6886.357594	6.861581	-0.018373	4.277753
86.562590	6891.309960	6.866586	-0.018354	4.279266
86.620982	6896.403875	6.871590	-0.018368	4.280830
86.720040	6901.700143	6.876595	-0.018392	4.282457
86.828557	6906.973230	6.881600	-0.018418	4.284077
86.835989	6912.053853	6.886605	-0.018420	4.285632
86.918297	6916.929425	6.891610	-0.018439	4.287127
86.977405	6921.743628	6.896614	-0.018454	4.288602
86.852611	6926.834794	6.901619	-0.018424	4.290151
87.073073	6931.857532	6.906624	-0.018477	4.291698
87.063118	6936.940234	6.911629	-0.018475	4.293250
87.063563	6941.841804	6.916634	-0.018475	4.294746
87.081552	6946.929073	6.921638	-0.018479	4.296300
87.149473	6951.666060	6.926643	-0.018496	4.297749
87.262276	6956.639025	6.931648	-0.018523	4.299272
87.207498	6961.699050	6.936653	-0.018510	4.300811
87.152504	6967.020141	6.941658	-0.018497	4.302429
87.329240	6972.201021	6.946662	-0.018539	4.304018
87.309106	6977.244837	6.951667	-0.018535	4.305552
87.443026	6982.151272	6.956672	-0.018567	4.307053
87.321956	6986.948399	6.961677	-0.018538	4.308506
87.360141	6992.049344	6.966682	-0.018547	4.310060
87.441982	6997.121524	6.971686	-0.018567	4.311607
87.572883	7002.132094	6.976691	-0.018599	4.313138
87.496957	7007.275972	6.981696	-0.018581	4.314696
87.578306	7012.306480	6.986701	-0.018600	4.316229
87.669372	7017.064520	6.991706	-0.018622	4.317679
87.742008	7022.062096	6.996710	-0.018640	4.319200
87.722607	7027.124612	7.001715	-0.018635	4.320735
87.741255	7032.547397	7.006720	-0.018640	4.322381
87.801056	7037.755683	7.011725	-0.018654	4.323963
87.703657	7042.810210	7.016730	-0.018631	4.325490
87.842951	7047.732602	7.021734	-0.018665	4.326989
87.840715	7052.495973	7.026739	-0.018664	4.328432
87.845073	7057.607248	7.031744	-0.018665	4.329980
87.969136	7062.621182	7.036749	-0.018695	4.331504
87.843446	7067.728813	7.041754	-0.018665	4.333043
87.918776	7072.802692	7.046758	-0.018683	4.334582
88.102345	7077.823618	7.051763	-0.018728	4.336110
87.971742	7082.602807	7.056768	-0.018696	4.337547
88.191950	7087.550326	7.061773	-0.018749	4.339054
88.261764	7092.589967	7.066778	-0.018766	4.340580
88.173167	7097.942422	7.071782	-0.018745	4.342192
88.271617	7103.089172	7.076787	-0.018769	4.343750
88.388453	7108.146511	7.081792	-0.018797	4.345283
88.516590	7113.023496	7.086797	-0.018828	4.346761
88.438840	7117.806817	7.091802	-0.018809	4.348199
88.434680	7122.930632	7.096806	-0.018808	4.349743
88.395532	7127.982778	7.101811	-0.018799	4.351263
88.484993	7133.110946	7.106816	-0.018821	4.352812
88.376383	7138.164639	7.111821	-0.018795	4.354328
88.590911	7143.217925	7.116826	-0.018846	4.355861
88.580673	7148.023942	7.121830	-0.018844	4.357306
88.719577	7152.939703	7.126835	-0.018877	4.358792
88.650725	7158.006647	7.131840	-0.018861	4.360312
88.755010	7163.364235	7.136845	-0.018886	4.361928
88.805204	7168.578696	7.141850	-0.018898	4.363497
88.867172	7173.646355	7.146854	-0.018913	4.365023
88.897557	7178.592505	7.151859	-0.018921	4.366509
88.810454	7183.401158	7.156864	-0.018900	4.367948
88.951216	7188.409987	7.161869	-0.018934	4.369459
88.925207	7193.494105	7.166874	-0.018928	4.370982
88.919329	7198.651373	7.171878	-0.018927	4.372528
89.050537	7203.642254	7.176883	-0.018958	4.374031
89.092037	7208.723828	7.181888	-0.018968	4.375556
89.010112	7213.539357	7.186893	-0.018949	4.376994
89.094923	7218.465468	7.191898	-0.018969	4.378473
89.120412	7223.516481	7.196902	-0.018975	4.379987
89.202157	7228.724134	7.201907	-0.018995	4.381549
89.396653	7233.965853	7.206912	-0.019042	4.383127
89.376930	7239.048063	7.211917	-0.019037	4.384646
89.209858	7244.045324	7.216922	-0.018998	4.386131
89.339977	7248.774226	7.221926	-0.019029	4.387551
89.293014	7253.889364	7.226931	-0.019018	4.389076
89.538323	7258.900200	7.231936	-0.019077	4.390585
89.497233	7264.000064	7.236941	-0.019067	4.392105
89.390810	7269.055662	7.241946	-0.019042	4.393608
89.535445	7274.119950	7.246950	-0.019076	4.395126
89.569444	7278.999253	7.251955	-0.019085	4.396583
89.639302	7283.874914	7.256960	-0.019101	4.398040
89.584559	7288.988957	7.261965	-0.019089	4.399561
89.654441	7294.140480	7.266970	-0.019105	4.401099
89.798087	7299.613269	7.271974	-0.019140	4.402737
89.810033	7304.637131	7.276979	-0.019143	4.404233
90.027915	7309.673785	7.281984	-0.019195	4.405743
89.968704	7314.386090	7.286989	-0.019181	4.407141
89.949629	7319.365842	7.291994	-0.019177	4.408621
89.848569	7324.524423	7.296998	-0.019153	4.410149
90.032496	7329.544535	7.302003	-0.019197	4.411651
90.121964	7334.616565	7.307008	-0.019218	4.413162
90.105141	7339.721547	7.312013	-0.019215	4.414677
90.081868	7344.659007	7.317018	-0.019209	4.416142
90.035950	7349.415814	7.322022	-0.019198	4.417551
90.127327	7354.449106	7.327027	-0.019220	4.419049
90.148232	7359.586953	7.332032	-0.019225	4.420574
90.192901	7364.946786	7.337037	-0.019236	4.422165
90.359882	7369.977533	7.342042	-0.019276	4.423665
90.422129	7375.054586	7.347046	-0.019291	4.425172
90.454126	7379.861353	7.352051	-0.019299	4.426597
90.248808	7384.797327	7.357056	-0.019250	4.428048
90.417686	7389.830352	7.362061	-0.019291	4.429546
90.531320	7394.904255	7.367066	-0.019318	4.431053
90.527577	7399.984398	7.372070	-0.019317	4.432555
90.605736	7402.728866	7.377075	-0.019336	4.433371
90.492798	7402.786567	7.382080	-0.019309	4.433382
90.532151	7402.750344	7.387085	-0.019318	4.433373
90.454202	7402.776650	7.392090	-0.019299	4.433377
90.555419	7402.761403	7.397094	-0.019323	4.433378
90.652207	7402.739531	7.402099	-0.019346	4.433376
90.616888	7402.793309	7.407104	-0.019338	4.433390
90.537427	7402.760743	7.412109	-0.019318	4.433377
90.595644	7402.762439	7.417114	-0.019332	4.433380
90.585845	7402.771676	7.422118	-0.019330	4.433382
90.717013	7402.730129	7.427123	-0.019361	4.433377
90.658350	7402.761546	7.432128	-0.019346	4.433383
90.596743	7402.745956	7.437133	-0.019332	4.433375
90.564899	7402.754782	7.442138	-0.019324	4.433376
90.688095	7402.773748	7.447142	-0.019353	4.433388
90.681311	7402.728610	7.452147	-0.019351	4.433374
90.641564	7402.756755	7.457152	-0.019341	4.433380
90.524932	7402.751739	7.462157	-0.019313	4.433373
90.635360	7402.742290	7.467162	-0.019339	4.433376
90.745542	7402.737108	7.472166	-0.019366	4.433380
90.758281	7402.722384	7.477171	-0.019368	4.433376
90.714587	7402.752268	7.482176	-0.019358	4.433382
90.724914	7402.735849	7.487181	-0.019360	4.433378
90.750440	7402.703073	7.492186	-0.019366	4.433370
90.695173	7402.748686	7.497190	-0.019353	4.433380
90.564063	7402.758845	7.502195	-0.019321	4.433377
90.649345	7402.748467	7.507200	-0.019341	4.433378
90.685104	7402.732928	7.512205	-0.019350	4.433375
90.651281	7402.760048	7.517210	-0.019341	4.433381
90.697044	7402.757562	7.522214	-0.019352	4.433383
90.580710	7402.760942	7.527219	-0.019324	4.433378
90.606349	7402.758769	7.532224	-0.019330	4.433378
90.624520	7402.768448	7.537229	-0.019334	4.433382
90.681818	7402.774526	7.542234	-0.019347	4.433387
90.736924	7402.746137	7.547238	-0.019360	4.433381
90.656241	7402.742293	7.552243	-0.019341	4.433376
90.711298	7402.737143	7.557248	-0.019354	4.433377
90.751962	7402.718644	7.562253	-0.019363	4.433374
90.825376	7402.706095	7.567258	-0.019381	4.433374
90.879783	7402.731681	7.572262	-0.019394	4.433384
90.634620	7402.725667	7.577267	-0.019335	4.433370
90.693879	7402.735630	7.582272	-0.019349	4.433376
90.622077	7402.733418	7.587277	-0.019331	4.433371
90.764436	7402.724781	7.592282	-0.019365	4.433376
90.707421	7402.769641	7.597286	-0.019351	4.433386
90.718135	7402.756322	7.602291	-0.019354	4.433383
90.692400	7402.778876	7.607296	-0.019347	4.433388
90.763132	7402.749896	7.612301	-0.019364	4.433383
90.800233	7402.728845	7.617306	-0.019373	4.433379
90.836538	7402.708988	7.622310	-0.019381	4.433375
90.741829	7402.722354	7.627315	-0.019358	4.433374
90.677730	7402.738872	7.632320	-0.019343	4.433375
90.781556	7402.713671	7.637325	-0.019367	4.433373
90.819221	7402.696747	7.642330	-0.019376	4.433370
90.824224	7402.721375	7.647334	-0.019377	4.433377
90.769091	7402.712055	7.652339	-0.019364	4.433372
90.724948	7402.759968	7.657344	-0.019353	4.433384
90.793259	7402.746190	7.662349	-0.019369	4.433383
90.841067	7402.704280	7.667354	-0.019380	4.433373
90.788888	7402.721904	7.672358	-0.019368	4.433376
90.739596	7402.735861	7.677363	-0.019356	4.433377
90.907287	7402.717563	7.682368	-0.019396	4.433380
90.803473	7402.727224	7.687373	-0.019371	4.433378
90.784717	7402.734843	7.692378	-0.019366	4.433379
90.815547	7402.730716	7.697382	-0.019373	4.433379
90.864002	7402.762611	7.702387	-0.019384	4.433391
90.829539	7402.747604	7.707392	-0.019376	4.433385
90.821679	7402.719548	7.712397	-0.019374	4.433376
90.831707	7402.716908	7.717402	-0.019376	4.433376
90.992943	7402.715566	7.722406	-0.019414	4.433384
90.923696	7402.710800	7.727411	-0.019398	4.433379
90.958498	7402.704930	7.732416	-0.019406	4.433379
90.889194	7402.703342	7.737421	-0.019389	4.433375
90.887531	7402.716451	7.742426	-0.019388	4.433378
90.886526	7402.732615	7.747430	-0.019388	4.433383
91.001289	7402.683347	7.752435	-0.019415	4.433374
90.851353	7402.785462	7.757440	-0.019379	4.433397
90.853985	7402.758758	7.762445	-0.019380	4.433389
90.936126	7402.718301	7.767450	-0.019399	4.433381
90.893792	7402.719439	7.772454	-0.019389	4.433379
90.922285	7402.718885	7.777459	-0.019395	4.433381
90.822596	7402.745783	7.782464	-0.019371	4.433383
90.860340	7402.706671	7.787469	-0.019380	4.433374
90.844046	7402.715975	7.792474	-0.019376	4.433376
90.908349	7402.736681	7.797478	-0.019391	4.433385
90.910872	7402.700493	7.802483	-0.019391	4.433374
90.989352	7402.730361	7.807488	-0.019410	4.433387
90.888695	7402.754259	7.812493	-0.019386	4.433389
90.922887	7402.709425	7.817498	-0.019394	4.433377
90.954116	7402.733740	7.822502	-0.019401	4.433386
90.861625	7402.727715	7.827507	-0.019379	4.433380
90.812831	7402.747922	7.832512	-0.019367	4.433383
90.828458	7402.742201	7.837517	-0.019370	4.433382
90.978678	7402.718478	7.842522	-0.019406	4.433383
90.988578	7402.715860	7.847526	-0.019408	4.433382
90.963403	7402.671792	7.852531	-0.019402	4.433368
90.870584	7402.710174	7.857536	-0.019380	4.433375
90.949639	7402.723047	7.862541	-0.019398	4.433382
91.033567	7402.677002	7.867546	-0.019418	4.433373
91.030133	7402.711536	7.872550	-0.019417	4.433383
90.981910	7402.698910	7.877555	-0.019405	4.433377
90.994039	7402.726529	7.882560	-0.019408	4.433386
91.021391	7402.689213	7.887565	-0.019414	4.433376
90.938671	7402.712121	7.892570	-0.019394	4.433378
90.960509	7402.702158	7.897574	-0.019399	4.433377
91.002568	7402.690809	7.902579	-0.019409	4.433375
90.952883	7402.703778	7.907584	-0.019397	4.433377
90.911625	7402.720569	7.912589	-0.019387	4.433379
90.947700	7402.701808	7.917594	-0.019395	4.433376
90.945806	7402.721293	7.922598	-0.019395	4.433381
91.005868	7402.692047	7.927603	-0.019409	4.433376
90.963172	7402.727038	7.932608	-0.019399	4.433384
91.082230	7402.687586	7.937613	-0.019427	4.433378
91.125385	7402.693999	7.942618	-0.019437	4.433382
91.027543	7402.714242	7.947622	-0.019413	4.433383
91.100816	7402.696438	7.952627	-0.019431	4.433382
91.070731	7402.690178	7.957632	-0.019423	4.433378
90.991515	7402.689248	7.962637	-0.019404	4.433374
90.982277	7402.699444	7.967642	-0.019402	4.433376
90.968485	7402.715708	7.972646	-0.019398	4.433380
90.833468	7402.746605	7.977651	-0.019366	4.433382
90.981853	7402.721088	7.982656	-0.019401	4.433382
90.961733	7402.703600	7.987661	-0.019396	4.433376
91.099594	7402.683071	7.992666	-0.019429	4.433377
90.913875	7402.739634	7.997670	-0.019384	4.433384
90.975764	7402.686841	8.002675	-0.019399	4.433372
91.130635	7402.678153	8.007680	-0.019435	4.433377
90.997317	7402.703477	8.012685	-0.019403	4.433378
90.899961	7402.703573	8.017690	-0.019380	4.433373
91.070953	7402.693152	8.022694	-0.019421	4.433378
90.974779	7402.680373	8.027699	-0.019397	4.433370
90.985233	7402.717784	8.032704	-0.019400	4.433381
91.030052	7402.663721	8.037709	-0.019410	4.433367
90.953318	7402.701431	8.042714	-0.019392	4.433375
90.968698	7402.720040	8.047718	-0.019395	4.433381
91.021864	7402.681428	8.052723	-0.019408	4.433372
90.916982	7402.718728	8.057728	-0.019382	4.433378
90.943308	7402.703765	8.062733	-0.019388	4.433375
91.065668	7402.686973	8.067738	-0.019417	4.433376
90.835311	7402.732251	8.072742	-0.019362	4.433377
90.903238	7402.724875	8.077747	-0.019378	4.433379
91.115825	7402.674525	8.082752	-0.019429	4.433375
91.052011	7402.677266	8.087757	-0.019413	4.433372
91.019306	7402.666179	8.092762	-0.019405	4.433367
90.901975	7402.734144	8.097766	-0.019377	4.433381
90.931325	7402.697539	8.102771	-0.019384	4.433372
90.984164	7402.712836	8.107776	-0.019396	4.433379
90.917011	7402.748889	8.112781	-0.019380	4.433386
90.892462	7402.708937	8.117786	-0.019374	4.433373
90.983118	7402.700797	8.122790	-0.019395	4.433375
91.018963	7402.685243	8.127795	-0.019404	4.433372
91.048769	7402.678126	8.132800	-0.019411	4.433372
91.048240	7402.684704	8.137805	-0.019410	4.433374
90.989823	7402.691792	8.142810	-0.019396	4.433373
90.993883	7402.717638	8.147814	-0.019397	4.433381
90.925968	7402.671460	8.152819	-0.019380	4.433363
90.982014	7402.671419	8.157824	-0.019394	4.433366
90.977531	7402.720919	8.162829	-0.019392	4.433381
91.058039	7402.684968	8.167834	-0.019411	4.433374
91.020602	7402.712713	8.172838	-0.019402	4.433380
90.888324	7402.704067	8.177843	-0.019370	4.433371
90.943731	7402.689354	8.182848	-0.019383	4.433369
91.059809	7402.710606	8.187853	-0.019411	4.433382
91.083442	7402.701389	8.192858	-0.019416	4.433380
90.925468	7402.726754	8.197862	-0.019378	4.433379
91.072871	7402.679232	8.202867	-0.019414	4.433373
90.891831	7402.741322	8.207872	-0.019370	4.433382
91.030374	7402.723842	8.212877	-0.019403	4.433384
91.054566	7402.682850	8.217882	-0.019409	4.433373
91.052516	7402.712922	8.222886	-0.019408	4.433382
91.051875	7402.687840	8.227891	-0.019407	4.433374
91.156276	7402.695274	8.232896	-0.019432	4.433382
91.053000	7402.697450	8.237901	-0.019407	4.433377
91.138113	7402.676542	8.242906	-0.019427	4.433375
91.009399	7402.704238	8.247910	-0.019396	4.433377
90.864422	7402.742138	8.252915	-0.019362	4.433380
90.977913	7402.737440	8.257920	-0.019389	4.433385
90.984896	7402.738494	8.262925	-0.019390	4.433385
91.060397	7402.702354	8.267930	-0.019408	4.433378
91.098738	7402.710655	8.272934	-0.019417	4.433383
91.172643	7402.658951	8.277939	-0.019434	4.433371
91.033699	7402.711647	8.282944	-0.019401	4.433380
91.003957	7402.682097	8.287949	-0.019394	4.433369
91.013345	7402.705966	8.292954	-0.019396	4.433377
91.059304	7402.726677	8.297958	-0.019406	4.433385
91.106876	7402.674248	8.302963	-0.019418	4.433372
91.202430	7402.688492	8.307968	-0.019440	4.433381
91.078195	7402.690070	8.312973	-0.019410	4.433375
91.201501	7402.679450	8.317978	-0.019440	4.433378
91.022153	7402.696898	8.322982	-0.019396	4.433374
90.995799	7402.708999	8.327987	-0.019390	4.433377
90.974887	7402.714878	8.332992	-0.019385	4.433377
91.082650	7402.716451	8.337997	-0.019410	4.433383
90.984449	7402.710358	8.343002	-0.019387	4.433376
90.907722	7402.743844	8.348006	-0.019368	4.433382
91.073585	7402.699463	8.353011	-0.019407	4.433377
91.096166	7402.710491	8.358016	-0.019413	4.433382
91.100861	7402.707718	8.363021	-0.019414	4.433381
91.052561	7402.709887	8.368026	-0.019402	4.433379
91.147042	7402.730653	8.373030	-0.019424	4.433390
91.135029	7402.694867	8.378035	-0.019421	4.433379
91.031832	7402.722372	8.383040	-0.019396	4.433382
91.017629	7402.748210	8.388045	-0.019393	4.433389
91.157093	7402.720012	8.393050	-0.019426	4.433387
91.145158	7402.711668	8.398054	-0.019423	4.433384
91.127244	7402.717029	8.403059	-0.019418	4.433385
91.101391	7402.708981	8.408064	-0.019412	4.433381
91.119440	7402.735575	8.413069	-0.019416	4.433390
91.003574	7402.728314	8.418074	-0.019388	4.433382
91.107845	7402.712540	8.423078	-0.019413	4.433382
91.098090	7402.694314	8.428083	-0.019410	4.433377
90.978307	7402.725745	8.433088	-0.019381	4.433380
91.183229	7402.697839	8.438093	-0.019430	4.433382
91.016076	7402.714233	8.443098	-0.019390	4.433378
91.178311	7402.700047	8.448102	-0.019429	4.433382
91.121363	7402.686817	8.453107	-0.019415	4.433375
91.130016	7402.697087	8.458112	-0.019417	4.433379
91.116697	7402.731219	8.463117	-0.019413	4.433388
91.052315	7402.704493	8.468122	-0.019398	4.433377
91.163411	7402.711824	8.473126	-0.019424	4.433385
91.108521	7402.726750	8.478131	-0.019411	4.433386
91.154148	7402.714784	8.483136	-0.019421	4.433385
91.118147	7402.712714	8.488141	-0.019413	4.433382
91.139941	7402.681640	8.493146	-0.019418	4.433374
91.197278	7402.726782	8.498150	-0.019431	4.433391
91.099323	7402.716422	8.503155	-0.019407	4.433382
91.080338	7402.723024	8.508160	-0.019403	4.433383
91.213069	7402.720278	8.513165	-0.019434	4.433389
91.174407	7402.701774	8.518170	-0.019425	4.433382
91.133854	7402.712107	8.523174	-0.019415	4.433383
91.140050	7402.702738	8.528179	-0.019416	4.433380
91.042922	7402.709131	8.533184	-0.019393	4.433377
91.114010	7402.718103	8.538189	-0.019409	4.433383
91.070694	7402.726802	8.543194	-0.019399	4.433384
91.194575	7402.690740	8.548198	-0.019428	4.433379
91.188779	7402.698229	8.553203	-0.019427	4.433381
91.113984	7402.714486	8.558208	-0.019409	4.433382
91.096551	7402.731379	8.563213	-0.019404	4.433386
91.055223	7402.726007	8.568218	-0.019394	4.433382
91.195232	7402.697715	8.573223	-0.019427	4.433381
91.107169	7402.687756	8.578227	-0.019406	4.433374
91.159546	7402.694686	8.583232	-0.019418	4.433378
91.091001	7402.711973	8.588237	-0.019402	4.433380
91.050857	7402.686334	8.593242	-0.019392	4.433370
91.077721	7402.747305	8.598247	-0.019398	4.433390
91.059549	7402.730537	8.603251	-0.019394	4.433384
91.099542	7402.702650	8.608256	-0.019403	4.433377
91.115497	7402.709544	8.613261	-0.019407	4.433380
91.053713	7402.707711	8.618266	-0.019392	4.433377
91.119172	7402.716601	8.623271	-0.019407	4.433382
91.117484	7402.696981	8.628275	-0.019407	4.433377
91.131697	7402.696785	8.633280	-0.019410	4.433377
91.225479	7402.699719	8.638285	-0.019432	4.433383
91.027134	7402.717285	8.643290	-0.019384	4.433378
91.085422	7402.750646	8.648295	-0.019398	4.433391
91.170542	7402.705450	8.653299	-0.019418	4.433382
91.127264	7402.727870	8.658304	-0.019408	4.433386
91.176619	7402.749050	8.663309	-0.019419	4.433395
91.173616	7402.690587	8.668314	-0.019418	4.433377
91.235957	7402.710576	8.673319	-0.019433	4.433386
91.083783	7402.728602	8.678323	-0.019396	4.433384
91.140105	7402.738017	8.683328	-0.019410	4.433389
91.155615	7402.715422	8.688333	-0.019413	4.433383
91.131757	7402.718643	8.693338	-0.019407	4.433383
91.071747	7402.733398	8.698343	-0.019393	4.433384
91.127923	7402.705880	8.703347	-0.019406	4.433379
91.160609	7402.717272	8.708352	-0.019414	4.433384
91.105597	7402.731162	8.713357	-0.019400	4.433385
91.022559	7402.705551	8.718362	-0.019380	4.433373
90.990324	7402.761963	8.723367	-0.019372	4.433388
90.959375	7402.744236	8.728371	-0.019365	4.433382
91.173615	7402.709439	8.733376	-0.019416	4.433382
91.115061	7402.731334	8.738381	-0.019401	4.433386
91.060674	7402.700767	8.743386	-0.019388	4.433374
91.104217	7402.736678	8.748391	-0.019398	4.433387
91.175425	7402.684385	8.753395	-0.019415	4.433375
91.087779	7402.693361	8.758400	-0.019394	4.433373
91.176891	7402.716111	8.763405	-0.019415	4.433384
90.988204	7402.742566	8.768410	-0.019370	4.433382
91.230234	7402.711409	8.773415	-0.019427	4.433385
91.204451	7402.707572	8.778419	-0.019421	4.433383
91.170778	7402.693484	8.783424	-0.019413	4.433377
91.147737	7402.710292	8.788429	-0.019407	4.433381
91.167435	7402.712314	8.793434	-0.019412	4.433382
91.197281	7402.725253	8.798439	-0.019419	4.433387
91.137244	7402.694607	8.803443	-0.019404	4.433375
91.021567	7402.736943	8.808448	-0.019376	4.433382
91.222591	7402.720271	8.813453	-0.019424	4.433387
91.239013	7402.680622	8.818458	-0.019428	4.433376
91.093309	7402.697530	8.823463	-0.019393	4.433374
91.307499	7402.689140	8.828467	-0.019444	4.433382
91.201279	7402.698161	8.833472	-0.019418	4.433379
91.227964	7402.678912	8.838477	-0.019424	4.433375
91.245114	7402.690879	8.843482	-0.019428	4.433379
91.198796	7402.716993	8.848487	-0.019417	4.433385
91.235448	7402.711859	8.853491	-0.019425	4.433385
91.257170	7402.714588	8.858496	-0.019430	4.433387
91.087087	7402.758943	8.863501	-0.019389	4.433391
91.093946	7402.715669	8.868506	-0.019391	4.433379
91.240443	7402.714765	8.873511	-0.019426	4.433386
91.221129	7402.728816	8.878515	-0.019421	4.433389
91.234156	7402.703482	8.883520	-0.019424	4.433382
91.228027	7402.702581	8.888525	-0.019422	4.433382
91.165952	7402.682847	8.893530	-0.019407	4.433372
91.116652	7402.723204	8.898535	-0.019395	4.433382
91.045154	7402.726219	8.903539	-0.019378	4.433379
91.002327	7402.740113	8.908544	-0.019367	4.433381
91.171412	7402.746917	8.913549	-0.019408	4.433392
91.147054	7402.685813	8.918554	-0.019402	4.433372
91.220008	7402.710302	8.923559	-0.019419	4.433383
91.207157	7402.697892	8.928563	-0.019415	4.433379
91.150262	7402.715276	8.933568	-0.019402	4.433381
91.207150	7402.710866	8.938573	-0.019415	4.433382
91.212710	7402.679432	8.943578	-0.019416	4.433373
91.186783	7402.713634	8.948583	-0.019410	4.433382
91.221169	7402.700445	8.953587	-0.019418	4.433380
91.109388	7402.703036	8.958592	-0.019391	4.433375
91.096044	7402.736117	8.963597	-0.019387	4.433384
91.157651	7402.722443	8.968602	-0.019402	4.433383
91.238682	7402.746591	8.973607	-0.019421	4.433394
91.196232	7402.723462	8.978611	-0.019411	4.433385
91.164234	7402.719644	8.983616	-0.019403	4.433382
91.251862	7402.726811	8.988621	-0.019424	4.433389
91.036257	7402.714628	8.993626	-0.019372	4.433374
91.231027	7402.709598	8.998631	-0.019418	4.433383
91.283501	7402.681664	9.003635	-0.019431	4.433377
91.347266	7402.681344	9.008640	-0.019446	4.433380
91.203217	7402.737035	9.013645	-0.019411	4.433389
91.114510	7402.728243	9.018650	-0.019390	4.433382
91.101770	7402.721094	9.023655	-0.019386	4.433379
91.081609	7402.738459	9.028659	-0.019381	4.433383
91.247158	7402.704693	9.033664	-0.019421	4.433382
91.190071	7402.717886	9.038669	-0.019407	4.433383
91.142011	7402.686225	9.043674	-0.019395	4.433371
91.358120	7402.672223	9.048679	-0.019447	4.433378
91.181856	7402.720815	9.053683	-0.019404	4.433383
91.264182	7402.694053	9.058688	-0.019424	4.433379
91.155464	7402.737297	9.063693	-0.019397	4.433387
91.303809	7402.691723	9.068698	-0.019433	4.433381
91.263216	7402.702063	9.073703	-0.019423	4.433382
91.182658	7402.723541	9.078707	-0.019403	4.433384
91.274499	7402.706748	9.083712	-0.019425	4.433383
91.305602	7402.708910	9.088717	-0.019432	4.433386
91.172026	7402.744838	9.093722	-0.019400	4.433389
91.114064	7402.768743	9.098727	-0.019386	4.433393
91.237428	7402.720099	9.103731	-0.019415	4.433385
91.251483	7402.701979	9.108736	-0.019419	4.433381
91.289028	7402.748432	9.113741	-0.019427	4.433396
91.207902	7402.722490	9.118746	-0.019408	4.433384
91.235629	7402.728404	9.123751	-0.019414	4.433387
91.385984	7402.680371	9.128755	-0.019450	4.433381
91.190035	7402.714417	9.133760	-0.019403	4.433381
91.308037	7402.727945	9.138765	-0.019431	4.433391
91.257898	7402.694531	9.143770	-0.019419	4.433378
91.419205	7402.712185	9.148775	-0.019457	4.433392
91.263839	7402.712812	9.153779	-0.019420	4.433384
91.047489	7402.717653	9.158784	-0.019368	4.433374
91.218927	7402.718770	9.163789	-0.019409	4.433383
91.277406	7402.694021	9.168794	-0.019422	4.433379
91.294424	7402.707067	9.173799	-0.019426	4.433384
91.181171	7402.709913	9.178803	-0.019399	4.433379
91.228998	7402.706014	9.183808	-0.019410	4.433380
91.137277	7402.753709	9.188813	-0.019388	4.433389
91.265711	7402.698909	9.193818	-0.019418	4.433380
91.370045	7402.693683	9.198823	-0.019443	4.433383
91.233802	7402.715289	9.203827	-0.019410	4.433383
91.351648	7402.706670	9.208832	-0.019438	4.433386
91.334481	7402.720349	9.213837	-0.019434	4.433389
91.222595	7402.718735	9.218842	-0.019407	4.433383
91.242604	7402.738655	9.223847	-0.019412	4.433390
91.254088	7402.707253	9.228851	-0.019414	4.433381
91.293883	7402.712135	9.233856	-0.019424	4.433385
91.137747	7402.728735	9.238861	-0.019386	4.433382
91.200692	7402.708493	9.243866	-0.019401	4.433379
91.167276	7402.723928	9.248871	-0.019393	4.433382
91.207727	7402.717081	9.253875	-0.019402	4.433382
91.190244	7402.711808	9.258880	-0.019398	4.433379
91.341310	7402.706946	9.263885	-0.019434	4.433385
91.259968	7402.691601	9.268890	-0.019414	4.433377
91.174366	7402.718174	9.273895	-0.019393	4.433380
91.238085	7402.714694	9.278899	-0.019408	4.433382
91.192068	7402.723861	9.283904	-0.019397	4.433382
91.379206	7402.700087	9.288909	-0.019442	4.433385
91.245147	7402.695973	9.293914	-0.019409	4.433377
91.240861	7402.686305	9.298919	-0.019408	4.433374
91.196645	7402.705720	9.303923	-0.019397	4.433377
91.258180	7402.711065	9.308928	-0.019412	4.433382
91.349191	7402.692305	9.313933	-0.019433	4.433381
91.368234	7402.683881	9.318938	-0.019438	4.433379
91.280423	7402.680214	9.323943	-0.019417	4.433374
91.225588	7402.696186	9.328947	-0.019403	4.433376
91.209038	7402.693920	9.333952	-0.019399	4.433374
91.271380	7402.691734	9.338957	-0.019414	4.433377
91.201702	7402.696546	9.343962	-0.019397	4.433374
91.300742	7402.697515	9.348967	-0.019420	4.433380
91.229398	7402.682553	9.353971	-0.019403	4.433372
91.306887	7402.684082	9.358976	-0.019421	4.433376
91.240983	7402.700913	9.363981	-0.019405	4.433377
91.162749	7402.691366	9.368986	-0.019387	4.433371
91.308668	7402.695841	9.373991	-0.019421	4.433379
91.203174	7402.699457	9.378995	-0.019396	4.433375
91.191915	7402.716338	9.384000	-0.019393	4.433379
91.259682	7402.695263	9.389005	-0.019409	4.433377
91.326202	7402.653284	9.394010	-0.019425	4.433367
91.409831	7402.684374	9.399015	-0.019444	4.433381
91.320145	7402.693703	9.404019	-0.019423	4.433379
91.243800	7402.692276	9.409024	-0.019404	4.433375
91.250290	7402.720871	9.414029	-0.019406	4.433383
91.219298	7402.679921	9.419034	-0.019398	4.433370
91.249163	7402.710807	9.424039	-0.019405	4.433380
91.190139	7402.704273	9.429043	-0.019391	4.433375
91.230328	7402.687968	9.434048	-0.019400	4.433372
91.259586	7402.724239	9.439053	-0.019407	4.433385
91.167604	7402.706511	9.444058	-0.019385	4.433375
91.233321	7402.706909	9.449063	-0.019400	4.433378
91.254191	7402.691834	9.454067	-0.019405	4.433375
91.216253	7402.722833	9.459072	-0.019396	4.433382
91.281522	7402.738092	9.464077	-0.019411	4.433390
91.205134	7402.693380	9.469082	-0.019393	4.433372
91.286146	7402.695356	9.474087	-0.019412	4.433377
91.320579	7402.693774	9.479091	-0.019420	4.433378
91.335998	7402.683865	9.484096	-0.019423	4.433376
91.365672	7402.692610	9.489101	-0.019430	4.433380
91.190514	7402.693494	9.494106	-0.019388	4.433372
91.190767	7402.726334	9.499111	-0.019388	4.433381
91.279159	7402.683740	9.504115	-0.019409	4.433373
91.259202	7402.702126	9.509120	-0.019404	4.433377
91.281895	7402.713134	9.514125	-0.019409	4.433382
91.201612	7402.719781	9.519130	-0.019390	4.433380
91.181848	7402.723350	9.524135	-0.019385	4.433380
91.231955	7402.682099	9.529139	-0.019396	4.433370
91.283285	7402.679706	9.534144	-0.019409	4.433372
91.353351	7402.699415	9.539149	-0.019425	4.433381
91.241670	7402.693541	9.544154	-0.019398	4.433374
91.303413	7402.699906	9.549159	-0.019413	4.433379
91.284290	7402.689638	9.554163	-0.019408	4.433375
91.076145	7402.726850	9.559168	-0.019358	4.433375
91.239053	7402.727330	9.564173	-0.019397	4.433383
91.266337	7402.678411	9.569178	-0.019403	4.433370
91.404577	7402.687383	9.574183	-0.019436	4.433380
91.410448	7402.654840	9.579187	-0.019437	4.433371
91.144843	7402.710439	9.584192	-0.019373	4.433373
91.351875	7402.667385	9.589197	-0.019423	4.433371
91.225218	7402.702116	9.594202	-0.019392	4.433375
91.384079	7402.684290	9.599207	-0.019430	4.433378
91.326589	7402.678546	9.604211	-0.019416	4.433373
91.290900	7402.708101	9.609216	-0.019407	4.433380
91.228508	7402.711653	9.614221	-0.019392	4.433378
91.267510	7402.690273	9.619226	-0.019401	4.433373
91.245026	7402.703817	9.624231	-0.019396	4.433376
91.362018	7402.736527	9.629235	-0.019423	4.433392
91.216020	7402.694352	9.634240	-0.019388	4.433372
91.229153	7402.723909	9.639245	-0.019391	4.433381
91.176013	7402.717413	9.644250	-0.019378	4.433377
91.314299	7402.688362	9.649255	-0.019411	4.433375
91.168159	7402.712737	9.654259	-0.019376	4.433375
91.396089	7402.691410	9.659264	-0.019430	4.433380
91.229046	7402.732072	9.664269	-0.019390	4.433383
91.206241	7402.708713	9.669274	-0.019384	4.433375
91.372251	7402.701265	9.674279	-0.019424	4.433382
91.370512	7402.681654	9.679283	-0.019423	4.433376
91.274662	7402.689937	9.684288	-0.019400	4.433373
91.381355	7402.691694	9.689293	-0.019426	4.433379
91.175222	7402.696880	9.694298	-0.019376	4.433370
91.480935	7402.687441	9.699303	-0.019449	4.433383
91.333979	7402.695061	9.704307	-0.019414	4.433377
91.388310	7402.682646	9.709312	-0.019426	4.433377
91.334387	7402.700572	9.714317	-0.019413	4.433379
91.262630	7402.703632	9.719322	-0.019396	4.433376
91.233371	7402.727850	9.724327	-0.019389	4.433382
91.165488	7402.748191	9.729331	-0.019372	4.433384
91.174247	7402.724651	9.734336	-0.019374	4.433378
91.182135	7402.735053	9.739341	-0.019376	4.433381
91.245437	7402.713694	9.744346	-0.019391	4.433378
91.227768	7402.734852	9.749351	-0.019386	4.433383
91.185665	7402.711663	9.754355	-0.019376	4.433374
91.365571	7402.661686	9.759360	-0.019419	4.433369
91.350219	7402.676108	9.764365	-0.019415	4.433372
91.345952	7402.685444	9.769370	-0.019414	4.433375
91.345048	7402.702646	9.774375	-0.019413	4.433380
91.340501	7402.712030	9.779379	-0.019412	4.433382
91.186046	7402.699829	9.784384	-0.019375	4.433371
91.376811	7402.703939	9.789389	-0.019420	4.433382
91.284208	7402.700045	9.794394	-0.019398	4.433376
91.342997	7402.696361	9.799399	-0.019412	4.433377
91.348958	7402.688089	9.804403	-0.019413	4.433375
91.337093	7402.685012	9.809408	-0.019410	4.433374
91.229369	7402.731252	9.814413	-0.019384	4.433382
91.202616	7402.713856	9.819418	-0.019377	4.433375
91.274933	7402.720503	9.824423	-0.019394	4.433381
91.250544	7402.725929	9.829427	-0.019388	4.433381
91.205778	7402.710592	9.834432	-0.019377	4.433374
91.276304	7402.722830	9.839437	-0.019394	4.433382
91.232623	7402.708361	9.844442	-0.019383	4.433375
91.317244	7402.694930	9.849447	-0.019404	4.433375
91.368660	7402.696746	9.854451	-0.019416	4.433378
91.210455	7402.708424	9.859456	-0.019378	4.433374
91.311600	7402.712197	9.864461	-0.019402	4.433380
91.281680	7402.681621	9.869466	-0.019394	4.433369
91.461934	7402.661150	9.874471	-0.019437	4.433372
91.382549	7402.698264	9.879475	-0.019418	4.433379
91.410457	7402.695699	9.884480	-0.019424	4.433380
91.301296	7402.718956	9.889485	-0.019398	4.433381
91.346441	7402.685954	9.894490	-0.019409	4.433374
91.307574	7402.738234	9.899495	-0.019399	4.433387
91.435941	7402.700340	9.904499	-0.019430	4.433382
91.286866	7402.719942	9.909504	-0.019394	4.433381
91.374887	7402.742881	9.914509	-0.019415	4.433392
91.280224	7402.704497	9.919514	-0.019392	4.433376
91.316224	7402.717427	9.924519	-0.019400	4.433381
91.356138	7402.698002	9.929523	-0.019409	4.433377
91.350269	7402.696000	9.934528	-0.019408	4.433377
91.285517	7402.714743	9.939533	-0.019392	4.433379
91.237671	7402.716834	9.944538	-0.019381	4.433377
91.283990	7402.729036	9.949543	-0.019391	4.433383
91.297304	7402.717379	9.954547	-0.019394	4.433380
91.305549	7402.706600	9.959552	-0.019396	4.433377
91.312391	7402.720350	9.964557	-0.019398	4.433382
91.351832	7402.679888	9.969562	-0.019407	4.433372
91.334252	7402.711590	9.974567	-0.019402	4.433380
91.308007	7402.752183	9.979571	-0.019396	4.433391
91.309123	7402.715182	9.984576	-0.019396	4.433380
91.469414	7402.701332	9.989581	-0.019434	4.433384
91.499989	7402.665572	9.994586	-0.019441	4.433375
91.369258	7402.717903	9.999591	-0.019410	4.433383
91.331367	7402.708769	10.004595	-0.019400	4.433379
91.252412	7402.723633	10.009600	-0.019381	4.433379
91.255203	7402.746531	10.014605	-0.019382	4.433386
91.279948	7402.699108	10.019610	-0.019388	4.433373
91.321322	7402.724835	10.024615	-0.019397	4.433383
91.308201	7402.746263	10.029619	-0.019394	4.433388
91.216843	7402.723147	10.034624	-0.019372	4.433377
91.308012	7402.734981	10.039629	-0.019393	4.433385
91.287128	7402.683835	10.044634	-0.019388	4.433369
91.428902	7402.704867	10.049639	-0.019422	4.433382
91.390605	7402.691579	10.054643	-0.019413	4.433376
91.420669	7402.656963	10.059648	-0.019420	4.433367
91.365479	7402.733185	10.064653	-0.019406	4.433387
91.462178	7402.669090	10.069658	-0.019429	4.433373
91.413614	7402.702984	10.074663	-0.019417	4.433381
91.429153	7402.701503	10.079667	-0.019421	4.433381
91.267825	7402.741176	10.084672	-0.019382	4.433384
91.224997	7402.756126	10.089677	-0.019371	4.433387
91.375882	7402.725952	10.094682	-0.019407	4.433385
91.329251	7402.725722	10.099687	-0.019396	4.433383
91.379167	7402.727797	10.104691	-0.019408	4.433386
91.349427	7402.709862	10.109696	-0.019400	4.433379
91.215241	7402.739560	10.114701	-0.019368	4.433381
91.353708	7402.702030	10.119706	-0.019401	4.433377
91.304669	7402.722279	10.124711	-0.019389	4.433380
91.317146	7402.678034	10.129715	-0.019392	4.433368
91.295937	7402.689245	10.134720	-0.019387	4.433370
91.341112	7402.724874	10.139725	-0.019397	4.433383
91.317245	7402.706979	10.144730	-0.019391	4.433376
91.312974	7402.730043	10.149735	-0.019390	4.433383
91.299457	7402.727252	10.154739	-0.019387	4.433381
91.399978	7402.668832	10.159744	-0.019410	4.433369
91.409397	7402.689528	10.164749	-0.019412	4.433376
91.459568	7402.658825	10.169754	-0.019424	4.433369
91.337635	7402.701187	10.174759	-0.019395	4.433375
91.290343	7402.710574	10.179763	-0.019383	4.433376
91.290763	7402.714876	10.184768	-0.019383	4.433377
91.434819	7402.710170	10.189773	-0.019417	4.433383
91.397312	7402.696745	10.194778	-0.019408	4.433377
91.329630	7402.709660	10.199783	-0.019392	4.433377
91.420549	7402.690915	10.204787	-0.019413	4.433376
91.446486	7402.682355	10.209792	-0.019419	4.433375
91.319606	7402.728740	10.214797	-0.019389	4.433382
91.474750	7402.692550	10.219802	-0.019426	4.433379
91.396414	7402.699916	10.224807	-0.019407	4.433377
91.428041	7402.690372	10.229811	-0.019414	4.433376
91.341506	7402.684373	10.234816	-0.019393	4.433370
91.369332	7402.697661	10.239821	-0.019400	4.433375
91.445486	7402.678302	10.244826	-0.019418	4.433373
91.457138	7402.683829	10.249831	-0.019420	4.433376
91.402615	7402.698691	10.254835	-0.019407	4.433377
91.377907	7402.693611	10.259840	-0.019401	4.433374
91.340496	7402.720296	10.264845	-0.019392	4.433380
91.329676	7402.700144	10.269850	-0.019389	4.433374
91.393686	7402.698725	10.274855	-0.019404	4.433377
91.339797	7402.688135	10.279859	-0.019391	4.433371
91.344808	7402.700090	10.284864	-0.019392	4.433374
91.342430	7402.720715	10.289869	-0.019391	4.433380
91.345073	7402.724632	10.294874	-0.019392	4.433382
91.562843	7402.665993	10.299879	-0.019444	4.433375
91.453981	7402.694478	10.304883	-0.019417	4.433378
91.323797	7402.693918	10.309888	-0.019386	4.433371
91.494763	7402.720459	10.314893	-0.019427	4.433388
91.486241	7402.669286	10.319898	-0.019424	4.433372
91.397850	7402.716405	10.324903	-0.019403	4.433382
91.439689	7402.706151	10.329907	-0.019413	4.433381
91.340013	7402.688697	10.334912	-0.019389	4.433370
91.524781	7402.694900	10.339917	-0.019433	4.433382
91.404144	7402.685296	10.344922	-0.019404	4.433372
91.380399	7402.719121	10.349927	-0.019398	4.433381
91.392790	7402.705512	10.354931	-0.019401	4.433378
91.270857	7402.716196	10.359936	-0.019371	4.433375
91.318661	7402.722860	10.364941	-0.019382	4.433379
91.423331	7402.686954	10.369946	-0.019407	4.433374
91.357758	7402.704783	10.374951	-0.019391	4.433376
91.327632	7402.714368	10.379955	-0.019384	4.433377
91.418532	7400.752818	10.384960	-0.019405	4.432801
91.431849	7395.735369	10.389965	-0.019408	4.431318
91.323199	7390.657380	10.394970	-0.019381	4.429810
91.283457	7385.587135	10.399975	-0.019371	4.428308
91.278536	7380.653867	10.404979	-0.019370	4.426847
91.305825	7375.816767	10.409984	-0.019376	4.425416
91.343975	7370.800207	10.414989	-0.019384	4.423932
91.156846	7365.771843	10.419994	-0.019339	4.422432
90.937666	7360.441260	10.424999	-0.019286	4.420840
91.064682	7355.340749	10.430003	-0.019316	4.419334
91.049759	7350.202502	10.435008	-0.019311	4.417809
91.073790	7345.396887	10.440013	-0.019317	4.416384
91.029726	7340.491142	10.445018	-0.019306	4.414926
90.992797	7335.392368	10.450023	-0.019296	4.413409
91.052643	7330.406630	10.455027	-0.019310	4.411932
90.907491	7325.334474	10.460032	-0.019275	4.410417
90.955587	7320.237603	10.465037	-0.019285	4.408904
90.897375	7315.214641	10.470042	-0.019271	4.407407
90.883251	7310.541414	10.475047	-0.019267	4.406017
90.826716	7305.549806	10.480051	-0.019253	4.404528
90.772029	7300.432686	10.485056	-0.019239	4.403002
90.665440	7295.062312	10.490061	-0.019213	4.401398
90.722064	7289.752184	10.495066	-0.019226	4.399819
90.623824	7284.660829	10.500071	-0.019202	4.398296
90.578156	7279.799719	10.505075	-0.019191	4.396845
90.490989	7274.964298	10.510080	-0.019169	4.395399
90.580480	7269.863843	10.515085	-0.019190	4.393882
90.607679	7264.798094	10.520090	-0.019196	4.392372
90.489305	7259.742040	10.525095	-0.019167	4.390856
90.455941	7254.656001	10.530099	-0.019159	4.389336
90.537777	7249.548199	10.535104	-0.019178	4.387815
90.462308	7244.841937	10.540109	-0.019159	4.386404
90.377362	7239.877799	10.545114	-0.019138	4.384916
90.325291	7234.808270	10.550119	-0.019125	4.383398
90.291324	7229.657983	10.555123	-0.019116	4.381855
90.178769	7224.340920	10.560128	-0.019089	4.380258
90.138962	7219.317414	10.565133	-0.019079	4.378753
90.191513	7214.311525	10.570138	-0.019091	4.377257
90.158471	7209.559156	10.575143	-0.019082	4.375831
90.348968	7204.491358	10.580147	-0.019127	4.374323
90.133026	7199.467565	10.585152	-0.019075	4.372806
90.244960	7194.336023	10.590157	-0.019101	4.371273
90.115987	7189.311741	10.595162	-0.019070	4.369760
90.130699	7184.231293	10.600167	-0.019073	4.368236
90.147352	7179.392512	10.605171	-0.019076	4.366785
90.045812	7174.525560	10.610176	-0.019051	4.365318
90.000152	7169.469416	10.615181	-0.019040	4.363797
89.955687	7164.302628	10.620186	-0.019029	4.362242
89.970856	7158.853846	10.625191	-0.019032	4.360605
89.777802	7153.843180	10.630195	-0.018985	4.359088
89.842160	7148.755867	10.635200	-0.019000	4.357562
89.963129	7143.996274	10.640205	-0.019028	4.356136
89.899741	7138.957141	10.645210	-0.019012	4.354616
89.781869	7133.959672	10.650215	-0.018984	4.353105
89.792490	7128.852711	10.655219	-0.018986	4.351567
89.620037	7123.797168	10.660224	-0.018944	4.350035
89.650345	7118.750342	10.665229	-0.018950	4.348515
89.575274	7113.873402	10.670234	-0.018932	4.347041
89.601842	7108.973548	10.675239	-0.018938	4.345564
89.648515	7103.911346	10.680243	-0.018948	4.344040
89.579260	7098.819158	10.685248	-0.018931	4.342499
89.540186	7093.493812	10.690253	-0.018921	4.340889
89.570531	7088.443102	10.695258	-0.018928	4.339365
89.456054	7083.379125	10.700263	-0.018900	4.337829
89.465927	7078.676512	10.705267	-0.018902	4.336408
89.266607	7073.631471	10.710272	-0.018854	4.334871
89.380083	7068.559237	10.715277	-0.018880	4.333344
89.508077	7063.494364	10.720282	-0.018910	4.331818
89.453793	7058.411850	10.725287	-0.018897	4.330277
89.338044	7053.373300	10.730291	-0.018868	4.328745
89.265998	7048.477004	10.735296	-0.018851	4.327258
89.257150	7043.650201	10.740301	-0.018848	4.325795
89.406748	7038.563321	10.745306	-0.018883	4.324261
89.307307	7033.481532	10.750311	-0.018859	4.322715
89.057632	7028.038024	10.755315	-0.018798	4.321050
88.992487	7022.957933	10.760320	-0.018782	4.319505
89.099914	7017.911806	10.765325	-0.018807	4.317979
88.974677	7013.180480	10.770330	-0.018777	4.316536
89.061310	7008.126187	10.775335	-0.018797	4.315005
88.917265	7003.068780	10.780339	-0.018762	4.313460
88.854475	6997.976730	10.785344	-0.018746	4.311909
88.872776	6992.932180	10.790349	-0.018750	4.310376
88.840463	6987.874109	10.795354	-0.018742	4.308836
88.798830	6982.954986	10.800359	-0.018731	4.307337
88.863129	6978.115477	10.805363	-0.018746	4.305867
88.745092	6973.057011	10.810368	-0.018717	4.304320
88.772181	6967.946961	10.815373	-0.018723	4.302765
88.627155	6962.612415	10.820378	-0.018688	4.301131
88.652526	6957.520811	10.825383	-0.018694	4.299581
88.633013	6952.521232	10.830387	-0.018688	4.298055
88.553571	6947.768863	10.835392	-0.018669	4.296601
88.507751	6942.770487	10.840397	-0.018657	4.295073
88.613627	6937.571938	10.845402	-0.018682	4.293492
88.391139	6932.463813	10.850407	-0.018628	4.291919
88.463596	6927.396856	10.855411	-0.018645	4.290375
88.432820	6922.282452	10.860416	-0.018637	4.288811
88.447243	6917.469876	10.865421	-0.018640	4.287340
88.472977	6912.562935	10.870426	-0.018646	4.285841
88.244317	6907.562241	10.875431	-0.018590	4.284298
88.384246	6902.382519	10.880435	-0.018623	4.282721
88.351179	6896.917802	10.885440	-0.018615	4.281046
88.291788	6891.879034	10.890445	-0.018600	4.279499
88.253428	6886.892176	10.895450	-0.018590	4.277969
88.139178	6882.176941	10.900455	-0.018562	4.276517
88.222021	6877.078270	10.905459	-0.018582	4.274959
88.160872	6872.037905	10.910464	-0.018566	4.273409
88.163201	6866.970199	10.915469	-0.018566	4.271855
88.071507	6861.895525	10.920474	-0.018544	4.270292
87.962055	6856.825055	10.925479	-0.018517	4.268729
88.043405	6852.043824	10.930483	-0.018536	4.267265
88.044110	6847.071096	10.935488	-0.018536	4.265737
87.893549	6842.035164	10.940493	-0.018499	4.264180
87.996991	6836.826429	10.945498	-0.018523	4.262585
87.943450	6831.579152	10.950503	-0.018510	4.260967
87.892093	6826.528237	10.955507	-0.018497	4.259410
87.819455	6821.594743	10.960512	-0.018479	4.257887
87.757900	6816.804889	10.965517	-0.018464	4.256409
87.781923	6811.737094	10.970522	-0.018469	4.254849
87.720657	6806.713605	10.975527	-0.018454	4.253297
87.694339	6801.608405	10.980531	-0.018447	4.251722
87.700531	6796.513124	10.985536	-0.018448	4.250151
87.694403	6791.476696	10.990541	-0.018446	4.248597
87.649320	6786.806541	10.995546	-0.018434	4.247153
87.663417	6781.752652	11.000551	-0.018437	4.245593
87.476387	6776.747884	11.005555	-0.018392	4.244037
87.558289	6771.284750	11.010560	-0.018411	4.242354
87.545740	6766.085101	11.015565	-0.018407	4.240746
87.465929	6760.998150	11.020570	-0.018388	4.239168
87.456412	6756.163141	11.025575	-0.018385	4.237672
87.446752	6751.274382	11.030579	-0.018382	4.236159
87.407286	6746.183291	11.035584	-0.018372	4.234581
87.300851	6741.132088	11.040589	-0.018346	4.233010
87.219861	6736.048714	11.045594	-0.018326	4.231431
87.198201	6730.951904	11.050599	-0.018320	4.229850
87.325368	6725.978596	11.055603	-0.018350	4.228316
87.232556	6721.196094	11.060608	-0.018327	4.226828
87.311205	6716.124886	11.065613	-0.018345	4.225259
87.039404	6711.152839	11.070618	-0.018280	4.223700
87.006189	6705.775013	11.075623	-0.018271	4.222029
87.095057	6700.679444	11.080627	-0.018292	4.220451
87.026764	6695.608886	11.085632	-0.018275	4.218872
87.112560	6690.777807	11.090637	-0.018295	4.217375
86.951523	6685.888434	11.095642	-0.018256	4.215846
86.937254	6680.797023	11.100647	-0.018252	4.214261
86.868340	6675.755170	11.105651	-0.018235	4.212688
86.865652	6670.656335	11.110656	-0.018234	4.211101
86.867648	6665.594609	11.115661	-0.018234	4.209525
86.849774	6660.724003	11.120666	-0.018229	4.208007
86.706774	6655.873304	11.125671	-0.018194	4.206487
86.699407	6650.835980	11.130675	-0.018192	4.204916
86.667152	6645.656202	11.135680	-0.018183	4.203299
86.738242	6640.202281	11.140685	-0.018200	4.201602
86.665007	6635.152555	11.145690	-0.018182	4.200022
86.593135	6630.166482	11.150695	-0.018164	4.198461
86.586781	6625.424453	11.155699	-0.018162	4.196979
86.607046	6620.343231	11.160704	-0.018166	4.195393
86.644257	6615.312568	11.165709	-0.018175	4.193823
86.507840	6610.238634	11.170714	-0.018141	4.192228
86.448716	6605.127701	11.175719	-0.018127	4.190626
86.479874	6600.101937	11.180723	-0.018133	4.189055
86.468448	6595.324677	11.185728	-0.018130	4.187559
86.483409	6590.365545	11.190733	-0.018133	4.186007
86.375411	6585.305660	11.195738	-0.018107	4.184416
86.419301	6579.990001	11.200743	-0.018117	4.182752
86.317049	6574.879217	11.205747	-0.018092	4.181144
86.183032	6569.807495	11.210752	-0.018059	4.179545
86.324197	6564.958578	11.215757	-0.018092	4.178033
86.173320	6560.058093	11.220762	-0.018056	4.176485
86.122505	6555.000697	11.225767	-0.018043	4.174894
86.094670	6549.989443	11.230771	-0.018036	4.173319
86.101896	6544.880827	11.235776	-0.018037	4.171714
86.115651	6539.829498	11.240781	-0.018040	4.170127
86.005154	6534.926579	11.245786	-0.018013	4.168579
86.028942	6530.029906	11.250791	-0.018018	4.167040
86.036111	6525.060927	11.255795	-0.018019	4.165477
85.811641	6519.930143	11.260800	-0.017965	4.163847
85.904557	6514.425764	11.265805	-0.017986	4.162120
85.887195	6509.363465	11.270810	-0.017981	4.160524
85.746895	6504.331306	11.275815	-0.017947	4.158929
85.733976	6499.616576	11.280819	-0.017944	4.157442
85.810671	6494.516698	11.285824	-0.017961	4.155838
85.809708	6489.460810	11.290829	-0.017961	4.154243
85.741103	6484.376721	11.295834	-0.017944	4.152634
85.612242	6479.367831	11.300839	-0.017912	4.151044
85.650920	6474.275376	11.305843	-0.017921	4.149438
85.561533	6469.501634	11.310848	-0.017899	4.147923
85.628798	6464.526810	11.315853	-0.017915	4.146355
85.463328	6459.475633	11.320858	-0.017874	4.144747
85.519680	6454.171316	11.325863	-0.017887	4.143072
85.472414	6449.011992	11.330867	-0.017875	4.141437
85.496888	6443.936094	11.335872	-0.017881	4.139831
85.343997	6439.121129	11.340877	-0.017844	4.138296
85.406319	6434.224787	11.345882	-0.017858	4.136749
85.325677	6429.121403	11.350887	-0.017838	4.135126
85.396280	6424.101143	11.355891	-0.017854	4.133538
85.180583	6418.957842	11.360896	-0.017802	4.131893
85.234107	6413.936054	11.365901	-0.017814	4.130303
85.134846	6409.069587	11.370906	-0.017790	4.128751
85.224462	6404.198698	11.375911	-0.017811	4.127210
85.120586	6399.148210	11.380915	-0.017786	4.125599
85.172400	6393.999839	11.385920	-0.017797	4.123965
85.054543	6388.577252	11.390925	-0.017769	4.122234
85.034999	6383.515072	11.395930	-0.017763	4.120622
84.912940	6378.521532	11.400935	-0.017734	4.119025
84.934367	6373.763962	11.405939	-0.017738	4.117512
85.072624	6368.649470	11.410944	-0.017771	4.115892
84.955167	6363.594190	11.415949	-0.017742	4.114274
84.816898	6358.556876	11.420954	-0.017708	4.112659
84.857318	6353.469980	11.425959	-0.017717	4.111040
84.823680	6348.432274	11.430963	-0.017709	4.109431
84.856911	6343.718614	11.435968	-0.017716	4.107929
84.682598	6338.641708	11.440973	-0.017674	4.106297
84.625506	6333.640985	11.445978	-0.017660	4.104696
84.691313	6328.257868	11.450983	-0.017675	4.102981
84.768172	6323.171649	11.455987	-0.017693	4.101360
84.618644	6318.157573	11.460992	-0.017656	4.099747
84.642804	6313.345589	11.465997	-0.017662	4.098210
84.557340	6308.376137	11.471002	-0.017641	4.096614
84.586407	6303.318172	11.476007	-0.017647	4.094997
84.585472	6298.239031	11.481011	-0.017646	4.093370
84.430218	6293.208791	11.486016	-0.017608	4.091749
84.310944	6288.162585	11.491021	-0.017579	4.090124
84.409679	6283.298090	11.496026	-0.017602	4.088571
84.396996	6278.375321	11.501031	-0.017599	4.086991
84.245446	6273.373732	11.506035	-0.017562	4.085376
84.167956	6268.078068	11.511040	-0.017543	4.083671
84.320815	6262.727056	11.516045	-0.017579	4.081963
84.387372	6257.632889	11.521050	-0.017594	4.080331
84.121810	6252.784241	11.526055	-0.017530	4.078755
84.208165	6247.907518	11.531059	-0.017550	4.077193
84.248466	6242.812024	11.536064	-0.017559	4.075557
84.032420	6237.760251	11.541069	-0.017507	4.073917
84.109662	6232.670036	11.546074	-0.017525	4.072284
84.026236	6227.616635	11.551079	-0.017504	4.070651
83.901148	6222.747261	11.556083	-0.017474	4.069074
84.121632	6217.818731	11.561088	-0.017526	4.067500
83.930925	6212.819448	11.566093	-0.017480	4.065876
84.052285	6207.639196	11.571098	-0.017508	4.064213
83.855737	6202.394691	11.576103	-0.017461	4.062508
83.909168	6197.309030	11.581107	-0.017473	4.060869
83.831441	6192.329682	11.586112	-0.017454	4.059256
83.854528	6187.529690	11.591117	-0.017459	4.057707
83.811335	6182.506590	11.596122	-0.017448	4.056081
83.794435	6177.466590	11.601127	-0.017443	4.054450
83.666875	6172.370354	11.606131	-0.017412	4.052793
83.535708	6167.301108	11.611136	-0.017380	4.051144
83.632571	6162.236112	11.616141	-0.017403	4.049511
83.560575	6157.407508	11.621146	-0.017385	4.047943
83.631361	6152.322953	11.626151	-0.017401	4.046300
83.644885	6147.277313	11.631155	-0.017404	4.044666
83.616365	6141.764891	11.636160	-0.017397	4.042877
83.610565	6136.704423	11.641165	-0.017395	4.041235
83.493812	6131.749793	11.646170	-0.017366	4.039619
83.401515	6126.988275	11.651175	-0.017344	4.038067
83.461120	6121.885697	11.656179	-0.017357	4.036414
83.335164	6116.849634	11.661184	-0.017327	4.034770
83.413744	6111.749190	11.666189	-0.017345	4.033117
83.181424	6106.749005	11.671194	-0.017289	4.031476
83.283988	6101.647726	11.676199	-0.017313	4.029823
83.169203	6097.001387	11.681203	-0.017285	4.028303
83.142348	6091.919518	11.686208	-0.017278	4.026647
83.189570	6086.846363	11.691213	-0.017288	4.024998
83.052794	6081.473524	11.696218	-0.017255	4.023238
83.052483	6076.404038	11.701223	-0.017254	4.021586
83.091035	6071.393615	11.706227	-0.017263	4.019954
83.004800	6066.613171	11.711232	-0.017242	4.018389
82.982787	6061.620336	11.716237	-0.017236	4.016758
82.950687	6056.602964	11.721242	-0.017228	4.015118
83.014464	6051.395568	11.726247	-0.017242	4.013421
82.943595	6046.412466	11.731251	-0.017225	4.011788
82.794911	6041.407617	11.736256	-0.017189	4.010142
82.836976	6036.667462	11.741261	-0.017198	4.008595
82.763623	6031.621296	11.746266	-0.017180	4.006939
82.937376	6026.572100	11.751271	-0.017221	4.005298
82.746987	6021.054196	11.756275	-0.017175	4.003478
82.704283	6016.000470	11.761280	-0.017164	4.001820
82.689733	6010.960078	11.766285	-0.017160	4.000167
82.591646	6006.210712	11.771290	-0.017136	3.998603
82.594929	6001.124955	11.776295	-0.017136	3.996936
82.489481	5996.162222	11.781299	-0.017111	3.995300
82.440921	5991.034558	11.786304	-0.017098	3.993613
82.506147	5985.958257	11.791309	-0.017113	3.991951
82.321130	5980.992947	11.796314	-0.017069	3.990307
82.306230	5976.217950	11.801319	-0.017065	3.988737
82.324690	5971.153917	11.806323	-0.017068	3.987073
82.450976	5966.106190	11.811328	-0.017098	3.985421
82.331538	5960.756809	11.816333	-0.017069	3.983653
82.229190	5955.674556	11.821338	-0.017044	3.981972
82.192517	5950.639325	11.826343	-0.017034	3.980311
82.269444	5945.902331	11.831347	-0.017052	3.978756
82.249171	5940.806145	11.836352	-0.017047	3.977075
82.147849	5935.773822	11.841357	-0.017022	3.975408
82.241209	5930.694706	11.846362	-0.017044	3.973739
82.192627	5925.588287	11.851367	-0.017032	3.972051
82.208684	5920.578078	11.856371	-0.017035	3.970398
81.935799	5915.906469	11.861376	-0.016969	3.968835
81.966536	5910.824482	11.866381	-0.016976	3.967158
82.156025	5905.765557	11.871386	-0.017021	3.965499
81.942302	5900.264262	11.876391	-0.016969	3.963665
81.846555	5895.239461	11.881395	-0.016945	3.961995
81.863104	5890.152278	11.886400	-0.016949	3.960313
81.819000	5885.450659	11.891405	-0.016938	3.958753
81.828167	5880.396541	11.896410	-0.016939	3.957079
81.732618	5875.324584	11.901415	-0.016916	3.955391
81.859392	5870.232640	11.906419	-0.016946	3.953712
81.746053	5865.166970	11.911424	-0.016918	3.952023
81.800057	5860.106193	11.916429	-0.016930	3.950348
81.689280	5855.422319	11.921434	-0.016903	3.948785
81.516199	5850.369308	11.926439	-0.016861	3.947094
81.624161	5845.307010	11.931443	-0.016887	3.945420
81.548566	5839.951978	11.936448	-0.016868	3.943635
81.558230	5834.872967	11.941453	-0.016870	3.941946
81.585553	5829.901162	11.946458	-0.016876	3.940294
81.418996	5825.128863	11.951463	-0.016835	3.938694
81.426051	5820.079291	11.956467	-0.016836	3.937013
81.457873	5815.034030	11.961472	-0.016843	3.935334
81.471514	5809.886181	11.966477	-0.016846	3.933620
81.272243	5804.897947	11.971482	-0.016798	3.931942
81.261153	5799.918054	11.976487	-0.016795	3.930280
81.129329	5795.150649	11.981491	-0.016763	3.928680
81.234754	5790.080521	11.986496	-0.016787	3.926995
81.243372	5784.853095	11.991501	-0.016789	3.925250
81.089832	5779.532319	11.996506	-0.016751	3.923461
81.072430	5774.412369	12.001511	-0.016747	3.921748
81.112041	5769.524982	12.006515	-0.016756	3.920117
80.995131	5764.635321	12.011520	-0.016727	3.918472
80.997442	5759.596902	12.016525	-0.016727	3.916786
80.889119	5754.583752	12.021530	-0.016701	3.915100
80.977425	5749.407062	12.026535	-0.016721	3.913372
80.952763	5744.408082	12.031539	-0.016715	3.911695
80.898853	5739.470687	12.036544	-0.016701	3.910036
80.873973	5734.622146	12.041549	-0.016695	3.908407
80.796069	5729.568587	12.046554	-0.016675	3.906706
80.807085	5724.335157	12.051559	-0.016677	3.904950
80.770188	5719.144269	12.056563	-0.016668	3.903204
80.668463	5714.061838	12.061568	-0.016643	3.901488
80.756466	5709.233658	12.066573	-0.016664	3.899872
80.573341	5704.333053	12.071578	-0.016619	3.898210
80.701187	5699.236701	12.076583	-0.016649	3.896505
80.554688	5694.201645	12.081587	-0.016614	3.894800
80.622887	5689.141299	12.086592	-0.016629	3.893101
80.449492	5684.048053	12.091597	-0.016587	3.891372
80.392982	5679.331601	12.096602	-0.016573	3.889778
80.417673	5674.346551	12.101607	-0.016579	3.888099
80.507247	5669.260568	12.106611	-0.016600	3.886390
80.408553	5663.831521	12.111616	-0.016575	3.884551
80.450643	5658.700484	12.116621	-0.016585	3.882821
80.340073	5653.648725	12.121626	-0.016558	3.881107
80.321595	5648.873632	12.126631	-0.016553	3.879492
80.250168	5643.880441	12.131635	-0.016535	3.877798
80.222149	5638.821749	12.136640	-0.016528	3.876085
80.168932	5633.767169	12.141645	-0.016515	3.874371
80.125958	5628.696911	12.146650	-0.016504	3.872651
80.149126	5623.674227	12.151655	-0.016509	3.870952
79.985698	5618.972260	12.156659	-0.016469	3.869347
79.891921	5613.890395	12.161664	-0.016446	3.867617
79.944218	5608.813510	12.166669	-0.016458	3.865899
79.911867	5603.458580	12.171674	-0.016450	3.864080
79.907350	5598.353832	12.176679	-0.016448	3.862347
79.972180	5593.426289	12.181683	-0.016463	3.860679
79.912287	5588.616710	12.186688	-0.016448	3.859040
80.003219	5583.525006	12.191693	-0.016469	3.857317
79.811866	5578.534921	12.196698	-0.016423	3.855606
79.886355	5573.395401	12.201703	-0.016440	3.853863
79.838201	5568.391826	12.206707	-0.016428	3.852156
79.739665	5563.519955	12.211712	-0.016404	3.850490
79.753198	5558.648202	12.216717	-0.016407	3.848832
79.741859	5553.578899	12.221722	-0.016403	3.847103
79.659157	5548.393187	12.226727	-0.016383	3.845329
79.615875	5543.121496	12.231731	-0.016372	3.843528
79.525646	5538.059426	12.236736	-0.016350	3.841794
79.411064	5533.210829	12.241741	-0.016322	3.840130
79.512437	5528.238467	12.246746	-0.016346	3.838439
79.363201	5523.170786	12.251751	-0.016309	3.836696
79.330911	5518.156929	12.256755	-0.016301	3.834979
79.419634	5513.053456	12.261760	-0.016322	3.833241
79.331561	5507.974508	12.266765	-0.016300	3.831496
79.300056	5503.148760	12.271770	-0.016292	3.829842
79.283811	5498.066480	12.276775	-0.016288	3.828100
79.299236	5492.989438	12.281779	-0.016291	3.826362
79.284756	5487.666437	12.286784	-0.016287	3.824536
79.030494	5482.607341	12.291789	-0.016225	3.822781
79.210272	5477.649657	12.296794	-0.016268	3.821094
79.006341	5472.781264	12.301799	-0.016218	3.819408
79.021908	5467.788460	12.306803	-0.016221	3.817694
78.901453	5462.754006	12.311808	-0.016192	3.815955
78.965921	5457.620308	12.316813	-0.016207	3.814196
78.778867	5452.628235	12.321818	-0.016162	3.812465
78.945918	5447.623075	12.326823	-0.016201	3.810756
78.858519	5442.847096	12.331827	-0.016180	3.809105
78.821966	5437.767125	12.336832	-0.016170	3.807353
78.813862	5432.434818	12.341837	-0.016168	3.805515
78.690497	5427.257022	12.346842	-0.016138	3.803721
78.641908	5422.124548	12.351847	-0.016125	3.801947
78.716422	5417.325834	12.356851	-0.016143	3.800298
78.647435	5412.374454	12.361856	-0.016126	3.798583
78.540497	5407.334494	12.366861	-0.016099	3.796835
78.661443	5402.209997	12.371866	-0.016128	3.795074
78.616443	5397.125474	12.376871	-0.016116	3.793313
78.589019	5392.089892	12.381875	-0.016109	3.791570
78.556834	5387.353679	12.386880	-0.016101	3.789929
78.464660	5382.299444	12.391885	-0.016078	3.788173
78.466246	5377.262331	12.396890	-0.016078	3.786429
78.340892	5371.868055	12.401895	-0.016048	3.784550
78.411651	5366.819130	12.406899	-0.016064	3.782806
78.317855	5361.904512	12.411904	-0.016041	3.781094
78.349687	5357.029208	12.416909	-0.016048	3.779406
78.403784	5352.001691	12.421914	-0.016060	3.777665
78.175917	5346.976079	12.426919	-0.016005	3.775902
78.214107	5341.912824	12.431923	-0.016014	3.774146
78.167211	5336.830033	12.436928	-0.016002	3.772376
78.222262	5332.003742	12.441933	-0.016015	3.770702
78.088548	5327.097118	12.446938	-0.015982	3.768985
77.944135	5322.042752	12.451943	-0.015947	3.767215
77.968361	5316.588230	12.456947	-0.015952	3.765317
77.957310	5311.458139	12.461952	-0.015949	3.763529
77.906968	5306.439806	12.466957	-0.015937	3.761776
77.965490	5301.618184	12.471962	-0.015950	3.760100
77.914546	5296.583112	12.476967	-0.015937	3.758339
77.844093	5291.556688	12.481971	-0.015920	3.756579
77.746645	5286.461968	12.486976	-0.015896	3.754793
77.885643	5281.357339	12.491981	-0.015929	3.753021
77.864966	5276.468641	12.496986	-0.015923	3.751310
77.790007	5271.538434	12.501991	-0.015905	3.749580
77.816426	5266.542564	12.506995	-0.015910	3.747835
77.614865	5261.387505	12.512000	-0.015862	3.746015
77.535306	5256.139148	12.517005	-0.015842	3.744170
77.560488	5251.067036	12.522010	-0.015847	3.742396
77.643941	5246.210075	12.527015	-0.015867	3.740700
77.465738	5241.305347	12.532019	-0.015824	3.738966
77.335711	5236.274378	12.537024	-0.015792	3.737190
77.366457	5231.178428	12.542029	-0.015799	3.735404
77.356341	5226.110359	12.547034	-0.015796	3.733624
77.321678	5221.087711	12.552039	-0.015787	3.731856
77.393605	5216.348256	12.557043	-0.015804	3.730196
77.421247	5211.250102	12.562048	-0.015810	3.728406
77.355237	5206.078514	12.567053	-0.015793	3.726581
77.295932	5200.737667	12.572058	-0.015778	3.724696
77.151108	5195.678216	12.577063	-0.015743	3.722903
77.188644	5190.791505	12.582067	-0.015752	3.721184
77.216579	5185.889788	12.587072	-0.015758	3.719458
77.103859	5180.848690	12.592077	-0.015730	3.717671
77.080960	5175.786497	12.597082	-0.015724	3.715883
76.897564	5170.753519	12.602087	-0.015680	3.714092
77.015898	5165.665980	12.607091	-0.015707	3.712305
77.074084	5160.877559	12.612096	-0.015721	3.710618
76.944810	5155.885140	12.617101	-0.015689	3.708842
76.973405	5150.788585	12.622106	-0.015696	3.707042
76.846504	5145.467943	12.627111	-0.015665	3.705149
76.913087	5140.404616	12.632115	-0.015680	3.703362
76.818005	5135.495197	12.637120	-0.015657	3.701615
76.849445	5130.601687	12.642125	-0.015664	3.699884
76.874312	5125.525343	12.647130	-0.015669	3.698086
76.724896	5120.510764	12.652135	-0.015633	3.696295
76.700550	5115.445608	12.657139	-0.015626	3.694495
76.758109	5110.348775	12.662144	-0.015640	3.692690
76.818567	5105.579737	12.667149	-0.015653	3.691001
76.698725	5100.589938	12.672154	-0.015624	3.689218
76.565391	5095.589964	12.677159	-0.015592	3.687429
76.429242	5090.114929	12.682163	-0.015559	3.685470
76.401851	5085.049622	12.687168	-0.015551	3.683665
76.527290	5080.056904	12.692173	-0.015581	3.681898
76.416711	5075.258790	12.697178	-0.015554	3.680179
76.376396	5070.140774	12.702183	-0.015544	3.678351
76.417326	5065.107697	12.707187	-0.015553	3.676560
76.257571	5060.057030	12.712192	-0.015514	3.674745
76.254511	5054.992050	12.717197	-0.015513	3.672936
76.073880	5050.239816	12.722202	-0.015469	3.671224
76.192887	5045.204164	12.727207	-0.015497	3.669435
76.097619	5040.182287	12.732211	-0.015474	3.667631
75.912284	5034.897972	12.737216	-0.015429	3.665726
76.052372	5029.714777	12.742221	-0.015462	3.663883
76.018379	5024.804653	12.747226	-0.015453	3.662122
75.922323	5019.960409	12.752231	-0.015429	3.660379
75.872891	5014.934125	12.757235	-0.015417	3.658573
75.860305	5009.874613	12.762240	-0.015413	3.656758
75.831667	5004.804024	12.767245	-0.015406	3.654937
75.919500	4999.677003	12.772250	-0.015426	3.653104
75.874919	4994.860413	12.777255	-0.015415	3.651371
75.792961	4989.949012	12.782259	-0.015395	3.649599
75.674945	4984.888814	12.787264	-0.015366	3.647770
75.742605	4979.445890	12.792269	-0.015382	3.645819
75.752286	4974.328493	12.797274	-0.015384	3.643978
75.642523	4969.359198	12.802279	-0.015357	3.642180
75.560842	4964.557302	12.807283	-0.015337	3.640444
75.410922	4959.526261	12.812288	-0.015300	3.638618
75.390343	4954.442686	12.817293	-0.015295	3.636783
75.465083	4949.383050	12.822298	-0.015312	3.634965
75.490534	4944.213146	12.827303	-0.015318	3.633101
75.471676	4939.375476	12.832307	-0.015312	3.631353
75.584958	4934.357314	12.837312	-0.015339	3.629550
75.364130	4929.339536	12.842317	-0.015286	3.627717
75.321195	4924.035761	12.847322	-0.015275	3.625796
75.272007	4918.975290	12.852327	-0.015262	3.623961
75.310676	4914.017918	12.857331	-0.015271	3.622170
75.281883	4909.124849	12.862336	-0.015264	3.620395
75.083333	4904.128493	12.867341	-0.015216	3.618568
75.185783	4899.051246	12.872346	-0.015240	3.616736
75.205918	4893.942096	12.877351	-0.015244	3.614884
75.160201	4888.956328	12.882355	-0.015232	3.613071
75.086028	4884.177662	12.887360	-0.015214	3.611330
74.998699	4879.172484	12.892365	-0.015193	3.609504
75.041878	4874.049116	12.897370	-0.015202	3.607646
75.010170	4868.591903	12.902375	-0.015194	3.605659
74.796584	4863.583077	12.907379	-0.015142	3.603818
74.820547	4858.679072	12.912384	-0.015148	3.602035
74.832400	4853.748696	12.917389	-0.015150	3.600240
74.771401	4848.683318	12.922394	-0.015135	3.598389
74.789502	4843.591178	12.927399	-0.015138	3.596534
74.642730	4838.585171	12.932403	-0.015103	3.594695
74.624059	4833.535392	12.937408	-0.015098	3.592851
74.716598	4828.743404	12.942413	-0.015119	3.591110
74.768973	4823.660948	12.947418	-0.015131	3.589258
74.610807	4818.549281	12.952423	-0.015093	3.587375
74.595085	4813.319608	12.957427	-0.015089	3.585461
74.489307	4808.305680	12.962432	-0.015063	3.583618
74.418499	4803.444482	12.967437	-0.015045	3.581832
74.441647	4798.487062	12.972442	-0.015050	3.580018
74.397477	4793.393475	12.977447	-0.015039	3.578148
74.365656	4788.329363	12.982451	-0.015031	3.576288
74.305844	4783.267048	12.987456	-0.015016	3.574426
74.384682	4778.293560	12.992461	-0.015034	3.572608
74.392412	4773.477603	12.997466	-0.015036	3.570840
74.305167	4768.409342	13.002471	-0.015014	3.568970
74.208568	4763.150744	13.007475	-0.014990	3.567029
74.047222	4757.965162	13.012480	-0.014951	3.565107
74.097611	4752.856291	13.017485	-0.014963	3.563232
74.189556	4748.109590	13.022490	-0.014984	3.561493
74.105204	4743.052345	13.027495	-0.014963	3.559622
74.148470	4737.995381	13.032499	-0.014973	3.557762
74.018666	4732.955452	13.037504	-0.014942	3.555892
73.968828	4727.888498	13.042509	-0.014929	3.554019
74.035497	4723.032472	13.047514	-0.014944	3.552232
73.969939	4718.105616	13.052519	-0.014928	3.550407
73.828743	4713.072308	13.057523	-0.014894	3.548534
73.875693	4707.734669	13.062528	-0.014905	3.546565
73.798560	4702.643075	13.067533	-0.014885	3.544675
73.735622	4697.720261	13.072538	-0.014870	3.542847
73.664338	4692.898159	13.077543	-0.014852	3.541055
73.559223	4687.863575	13.082547	-0.014827	3.539180
73.716539	4682.747772	13.087552	-0.014864	3.537298
73.784431	4677.654114	13.092557	-0.014879	3.535415
73.546308	4672.658695	13.097562	-0.014822	3.533540
73.481377	4667.903310	13.102567	-0.014806	3.531769
73.494765	4662.851202	13.107571	-0.014808	3.529893
73.541667	4657.740596	13.112576	-0.014819	3.527998
73.516352	4652.303035	13.117581	-0.014812	3.525974
73.331878	4647.327365	13.122586	-0.014768	3.524106
73.399205	4642.418798	13.127591	-0.014783	3.522285
73.380372	4637.465323	13.132595	-0.014778	3.520438
73.355325	4632.391189	13.137600	-0.014772	3.518545
73.313934	4627.309609	13.142605	-0.014761	3.516646
73.199629	4622.285659	13.147610	-0.014733	3.514762
73.105034	4617.366605	13.152615	-0.014710	3.512917
73.062889	4612.488154	13.157619	-0.014699	3.511091
73.125794	4607.430822	13.162624	-0.014714	3.509207
73.111170	4602.181683	13.167629	-0.014710	3.507243
73.006923	4597.057875	13.172634	-0.014684	3.505317
72.902924	4592.008587	13.177639	-0.014659	3.503418
72.803650	4587.254311	13.182643	-0.014634	3.501628
72.781686	4582.183354	13.187648	-0.014629	3.499726
72.837052	4577.140049	13.192653	-0.014641	3.497841
72.864696	4572.051417	13.197658	-0.014647	3.495935
72.774174	4567.014116	13.202663	-0.014625	3.494036
72.849617	4562.211722	13.207667	-0.014643	3.492240
72.828182	4557.198296	13.212672	-0.014637	3.490355
72.758212	4552.075134	13.217677	-0.014620	3.488422
72.501250	4546.719345	13.222682	-0.014558	3.486384
72.503246	4541.641355	13.227687	-0.014557	3.484473
72.590257	4536.752984	13.232691	-0.014578	3.482641
72.536407	4531.836916	13.237696	-0.014564	3.480784
72.499041	4526.766991	13.242701	-0.014555	3.478870
72.406359	4521.756758	13.247706	-0.014532	3.476972
72.496054	4516.626687	13.252711	-0.014553	3.475044
72.432729	4511.700644	13.257715	-0.014537	3.473179
72.380528	4506.846374	13.262720	-0.014524	3.471340
72.350003	4501.762140	13.267725	-0.014516	3.469416
72.304578	4496.549111	13.272730	-0.014505	3.467440
72.405195	4491.378288	13.277735	-0.014528	3.465493
72.195352	4486.415310	13.282739	-0.014478	3.463594
72.168482	4481.621740	13.287744	-0.014471	3.461776
72.162513	4476.584124	13.292749	-0.014469	3.459866
72.331716	4471.472278	13.297754	-0.014508	3.457944
72.031672	4466.323414	13.302759	-0.014436	3.455962
72.014250	4461.274150	13.307763	-0.014431	3.454044
72.046350	4456.509406	13.312768	-0.014439	3.452237
72.035642	4451.441726	13.317773	-0.014435	3.450310
71.936604	4446.290819	13.322778	-0.014411	3.448342
71.774532	4440.977507	13.327783	-0.014372	3.446305
71.894515	4435.902787	13.332787	-0.014400	3.444384
71.761119	4431.089923	13.337792	-0.014367	3.442538
71.753416	4426.102121	13.342797	-0.014365	3.440637
71.680980	4421.043418	13.347802	-0.014347	3.438701
71.822895	4415.903874	13.352807	-0.014380	3.436754
71.764691	4410.884102	13.357811	-0.014366	3.434832
71.773463	4405.994012	13.362816	-0.014368	3.432965
71.669815	4401.084446	13.367821	-0.014342	3.431078
71.533653	4396.057714	13.372826	-0.014309	3.429143
71.470671	4390.737114	13.377831	-0.014293	3.427101
71.590932	4385.618578	13.382835	-0.014322	3.425154
71.575824	4380.723091	13.387840	-0.014317	3.423277
71.420531	4375.856977	13.392845	-0.014280	3.421397
71.505658	4370.776974	13.397850	-0.014299	3.419457
71.458409	4365.696088	13.402855	-0.014288	3.417503
71.212636	4360.706895	13.407859	-0.014228	3.415564
71.131693	4355.789149	13.412864	-0.014208	3.413667
71.044091	4350.943273	13.417869	-0.014187	3.411796
71.208487	4345.848319	13.422874	-0.014226	3.409853
71.220996	4340.497253	13.427879	-0.014228	3.407795
71.061871	4335.371590	13.432883	-0.014189	3.405806
71.058231	4330.368072	13.437888	-0.014188	3.403878
71.116813	4325.497248	13.442893	-0.014201	3.402006
71.023454	4320.486643	13.447898	-0.014178	3.400065
71.048633	4315.405738	13.452903	-0.014184	3.398107
71.049535	4310.352558	13.457907	-0.014184	3.396156
70.984923	4305.301287	13.462912	-0.014168	3.394198
70.815287	4300.539072	13.467917	-0.014126	3.392340
70.857399	4295.489585	13.472922	-0.014136	3.390392
70.892947	4290.262386	13.477927	-0.014144	3.388372
70.736527	4285.142373	13.482931	-0.014106	3.386374
70.760648	4280.089449	13.487936	-0.014111	3.384419
70.657970	4275.310339	13.492941	-0.014086	3.382556
70.668170	4270.264277	13.497946	-0.014088	3.380600
70.777087	4265.179655	13.502951	-0.014113	3.378637
70.674871	4260.151471	13.507955	-0.014088	3.376674
70.566497	4255.088479	13.512960	-0.014062	3.374696
70.554787	4250.321517	13.517965	-0.014058	3.372842
70.546408	4245.327640	13.522970	-0.014056	3.370898
70.524514	4240.107578	13.527975	-0.014050	3.368864
70.480340	4234.803464	13.532979	-0.014039	3.366794
70.361617	4229.770962	13.537984	-0.014010	3.364821
70.321484	4224.918077	13.542989	-0.014000	3.362925
70.408847	4219.911792	13.547994	-0.014020	3.360980
70.239687	4214.907533	13.552999	-0.013979	3.359010
70.208724	4209.768248	13.558003	-0.013971	3.356999
70.082683	4204.761280	13.563008	-0.013940	3.355030
70.091372	4199.940303	13.568013	-0.013942	3.353145
70.108832	4194.928315	13.573018	-0.013945	3.351186
70.043023	4189.836402	13.578023	-0.013929	3.349186
70.017074	4184.573096	13.583027	-0.013922	3.347121
69.985090	4179.510486	13.588032	-0.013914	3.345133
69.958834	4174.689733	13.593037	-0.013907	3.343240
70.016637	4169.697977	13.598042	-0.013921	3.341287
70.059064	4164.601038	13.603047	-0.013930	3.339289
69.987618	4159.573283	13.608051	-0.013912	3.337307
69.964734	4154.491451	13.613056	-0.013906	3.335306
69.702424	4149.697164	13.618061	-0.013843	3.333393
69.767757	4144.742690	13.623066	-0.013858	3.331450
69.664260	4139.618721	13.628071	-0.013833	3.329421
69.638715	4134.266132	13.633075	-0.013826	3.327309
69.534924	4129.220719	13.638080	-0.013801	3.325309
69.432954	4124.394654	13.643085	-0.013776	3.323394
69.548004	4119.393781	13.648090	-0.013803	3.321432
69.493640	4114.307339	13.653095	-0.013789	3.319417
69.464770	4109.226818	13.658099	-0.013782	3.317406
69.421616	4104.194162	13.663104	-0.013771	3.315411
69.427622	4099.329141	13.668109	-0.013772	3.313486
69.359794	4094.408239	13.673114	-0.013755	3.311530
69.428293	4089.247384	13.678119	-0.013771	3.309493
69.345412	4084.010477	13.683123	-0.013750	3.307408
69.202713	4078.971972	13.688128	-0.013716	3.305394
69.317324	4074.112056	13.693133	-0.013742	3.303477
69.225487	4069.190439	13.698138	-0.013720	3.301513
69.036871	4064.154270	13.703143	-0.013674	3.299491
69.093658	4059.030887	13.708147	-0.013687	3.297460
69.155629	4053.894369	13.713152	-0.013702	3.295422
69.108357	4049.043719	13.718157	-0.013690	3.293486
68.978089	4044.104965	13.723162	-0.013658	3.291505
69.003403	4038.879293	13.728167	-0.013663	3.289424
68.968891	4033.575651	13.733171	-0.013655	3.287305
68.867344	4028.526916	13.738176	-0.013630	3.285279
68.878363	4023.691571	13.743181	-0.013632	3.283349
68.842197	4018.697342	13.748186	-0.013623	3.281350
68.762248	4013.631089	13.753191	-0.013603	3.279315
68.817399	4008.540134	13.758195	-0.013615	3.277284
68.703631	4003.510197	13.763200	-0.013588	3.275258
68.674827	3998.704818	13.768205	-0.013580	3.273330
68.723724	3993.693296	13.773210	-0.013591	3.271326
68.520042	3988.538453	13.778215	-0.013542	3.269237
68.682248	3983.299445	13.783219	-0.013580	3.267152
68.440993	3978.306597	13.788224	-0.013522	3.265121
68.493976	3973.523235	13.793229	-0.013534	3.263204
68.527207	3968.438184	13.798234	-0.013542	3.261163
68.478640	3963.398949	13.803239	-0.013529	3.259130
68.213517	3958.380826	13.808243	-0.013465	3.257082
68.377323	3953.350449	13.813248	-0.013504	3.255073
68.480043	3948.476388	13.818253	-0.013528	3.253119
68.269974	3943.538245	13.823258	-0.013477	3.251105
68.154336	3938.197663	13.828263	-0.013449	3.248937
68.216031	3932.994336	13.833267	-0.013463	3.246842
68.114337	3928.031694	13.838272	-0.013438	3.244825
68.149466	3923.162311	13.843277	-0.013446	3.242860
68.022439	3918.140842	13.848282	-0.013415	3.240815
67.999395	3913.067889	13.853287	-0.013409	3.238758
67.890487	3908.036483	13.858291	-0.013382	3.236708
68.022975	3903.050889	13.863296	-0.013414	3.234701
68.055519	3898.163503	13.868301	-0.013421	3.232722
67.935782	3893.147539	13.873306	-0.013392	3.230673
67.898800	3887.848340	13.878311	-0.013382	3.228517
67.824619	3882.774596	13.883315	-0.013364	3.226446
67.744421	3877.909124	13.888320	-0.013344	3.224459
67.796410	3872.974478	13.893325	-0.013356	3.222457
67.850234	3867.904413	13.898330	-0.013368	3.220398
67.699741	3862.843302	13.903335	-0.013332	3.218319
67.502216	3857.832586	13.908339	-0.013284	3.216255
67.479306	3853.007833	13.913344	-0.013278	3.214284
67.456907	3848.062052	13.918349	-0.013272	3.212262
67.537253	3842.906898	13.923354	-0.013291	3.210165
67.426249	3837.656071	13.928359	-0.013263	3.208007
67.407444	3832.609137	13.933363	-0.013258	3.205940
67.484191	3827.757095	13.938368	-0.013276	3.203963
67.290287	3822.740786	13.943373	-0.013229	3.201887
67.387535	3817.702739	13.948378	-0.013252	3.199833
67.201866	3812.650476	13.953383	-0.013207	3.197741
67.205940	3807.596102	13.958387	-0.013207	3.195667
67.376916	3802.778205	13.963392	-0.013248	3.193708
67.298049	3797.656843	13.968397	-0.013228	3.191595
67.118719	3792.547045	13.973402	-0.013185	3.189474
66.991906	3787.425786	13.978407	-0.013154	3.187353
66.965543	3782.419586	13.983411	-0.013147	3.185289
67.070270	3777.537281	13.988416	-0.013171	3.183289
67.112348	3772.465206	13.993421	-0.013181	3.181203
66.838568	3767.476606	13.998426	-0.013115	3.179115
66.781391	3762.420670	14.003431	-0.013101	3.177021
66.888555	3757.483778	14.008435	-0.013126	3.174994
66.845685	3752.574034	14.013440	-0.013115	3.172960
66.939257	3747.453866	14.018445	-0.013137	3.170853
66.714227	3742.166310	14.023450	-0.013082	3.168640
66.782567	3737.058416	14.028455	-0.013098	3.166532
66.651963	3732.219548	14.033459	-0.013066	3.164512
66.662508	3727.228062	14.038464	-0.013068	3.162444
66.743735	3722.112312	14.043469	-0.013087	3.160330
66.594872	3717.091078	14.048474	-0.013051	3.158228
66.469134	3712.039919	14.053479	-0.013020	3.156115
66.545695	3707.249415	14.058483	-0.013038	3.154132
66.478052	3702.252840	14.063488	-0.013021	3.152046
66.558799	3696.967276	14.068493	-0.013040	3.149854
66.500672	3691.744936	14.073498	-0.013025	3.147672
66.208707	3686.806380	14.078503	-0.012955	3.145580
66.243842	3681.934605	14.083507	-0.012963	3.143552
66.159032	3676.925991	14.088512	-0.012942	3.141451
66.189407	3671.828034	14.093517	-0.012949	3.139325
66.251531	3666.740519	14.098522	-0.012963	3.137206
66.073785	3661.890629	14.103527	-0.012920	3.135157
66.119230	3656.948633	14.108531	-0.012930	3.133093
65.987889	3651.895059	14.113536	-0.012898	3.130962
66.043065	3646.466271	14.118541	-0.012911	3.128692
65.896151	3641.441279	14.123546	-0.012875	3.126568
65.983601	3636.585311	14.128551	-0.012896	3.124540
65.896257	3631.558188	14.133555	-0.012874	3.122419
65.963270	3626.508509	14.138560	-0.012890	3.120304
65.811279	3621.462224	14.143565	-0.012853	3.118164
65.731939	3616.452916	14.148570	-0.012833	3.116047
65.804287	3611.601765	14.153575	-0.012850	3.114012
65.654263	3606.574916	14.158579	-0.012813	3.111876
65.670613	3601.352626	14.163584	-0.012817	3.109676
65.518000	3596.240423	14.168589	-0.012780	3.107501
65.562637	3591.336977	14.173594	-0.012790	3.105435
65.540602	3586.418207	14.178599	-0.012784	3.103354
65.565837	3581.322912	14.183603	-0.012789	3.101203
65.590342	3576.247567	14.188608	-0.012795	3.099058
65.444534	3571.204278	14.193613	-0.012759	3.096905
65.460755	3566.398261	14.198618	-0.012763	3.094871
65.318519	3561.411701	14.203623	-0.012728	3.092740
65.406937	3556.184718	14.208627	-0.012749	3.090532
65.261838	3550.991423	14.213632	-0.012713	3.088310
65.171690	3545.962278	14.218637	-0.012691	3.086162
65.236913	3541.101408	14.223642	-0.012706	3.084103
65.219671	3536.046530	14.228647	-0.012701	3.081950
65.231492	3530.981278	14.233651	-0.012704	3.079794
65.250706	3525.900671	14.238656	-0.012708	3.077632
64.984906	3521.066587	14.243661	-0.012644	3.075539
64.930575	3516.141424	14.248666	-0.012630	3.073431
64.963484	3511.022224	14.253671	-0.012637	3.071249
65.001812	3505.756868	14.258675	-0.012646	3.069004
64.887487	3500.745758	14.263680	-0.012618	3.066847
64.861476	3495.893112	14.268685	-0.012611	3.064768
64.851372	3490.887739	14.273690	-0.012608	3.062623
64.835423	3485.824133	14.278695	-0.012604	3.060452
64.825977	3480.749217	14.283699	-0.012601	3.058274
64.659761	3475.837936	14.288704	-0.012561	3.056147
64.706868	3470.930331	14.293709	-0.012571	3.054045
64.734786	3465.895606	14.298714	-0.012578	3.051885
64.604439	3460.505746	14.303719	-0.012546	3.049552
64.438037	3455.485493	14.308723	-0.012505	3.047371
64.545788	3450.599670	14.313728	-0.012531	3.045280
64.530336	3445.578461	14.318733	-0.012526	3.043115
64.483758	3440.538407	14.323738	-0.012515	3.040935
64.300775	3435.519861	14.328743	-0.012470	3.038748
64.240932	3430.529117	14.333747	-0.012455	3.036585
64.340614	3425.685812	14.338752	-0.012479	3.034504
64.324460	3420.590259	14.343757	-0.012474	3.032298
64.301322	3415.353267	14.348762	-0.012468	3.030029
64.278768	3410.230293	14.353767	-0.012462	3.027807
64.218685	3405.340507	14.358771	-0.012447	3.025680
64.033857	3400.456787	14.363776	-0.012402	3.023540
63.983885	3395.393528	14.368781	-0.012390	3.021336
63.977148	3390.331189	14.373786	-0.012388	3.019136
64.072573	3385.252467	14.378791	-0.012410	3.016940
63.987557	3380.383786	14.383795	-0.012389	3.014812
63.966346	3375.321404	14.388800	-0.012383	3.012605
63.847332	3370.034485	14.393805	-0.012354	3.010288
63.680568	3364.929064	14.398810	-0.012314	3.008041
63.737043	3359.997174	14.403815	-0.012327	3.005897
63.776003	3355.051549	14.408819	-0.012336	3.003742
63.863706	3349.964997	14.413824	-0.012356	3.001531
63.675705	3344.918478	14.418829	-0.012310	2.999301
63.692971	3339.872824	14.423834	-0.012314	2.997095
63.685692	3335.088688	14.428839	-0.012312	2.994999
63.623370	3330.048515	14.433843	-0.012296	2.992783
63.697388	3324.794957	14.438848	-0.012313	2.990488
63.660988	3319.664780	14.443853	-0.012304	2.988232
63.540749	3314.774673	14.448858	-0.012275	2.986070
63.476217	3309.877377	14.453863	-0.012259	2.983909
63.379023	3304.835370	14.458867	-0.012235	2.981680
63.505529	3299.726752	14.463872	-0.012265	2.979447
63.321721	3294.713346	14.468877	-0.012220	2.977215
63.285438	3289.957923	14.473882	-0.012211	2.975115
63.115091	3284.936121	14.478887	-0.012170	2.972878
63.095789	3279.565694	14.483891	-0.012164	2.970505
63.178807	3274.417050	14.488896	-0.012184	2.968240
63.071586	3269.531007	14.493901	-0.012157	2.966066
63.135739	3264.563939	14.498906	-0.012172	2.963877
63.031641	3259.532036	14.503911	-0.012147	2.961635
62.940148	3254.450402	14.508915	-0.012124	2.959372
63.161149	3249.398508	14.513920	-0.012177	2.957159
63.030377	3244.607930	14.518925	-0.012145	2.955017
62.955022	3239.555645	14.523930	-0.012126	2.952763
62.877500	3234.301440	14.528935	-0.012107	2.950418
62.839575	3229.214857	14.533939	-0.012097	2.948150
62.892875	3224.345956	14.538944	-0.012110	2.945990
62.863343	3219.349408	14.543949	-0.012102	2.943760
62.669570	3214.346136	14.548954	-0.012055	2.941505
62.613517	3209.273193	14.553959	-0.012041	2.939234
62.535211	3204.326576	14.558963	-0.012022	2.937015
62.663655	3199.438479	14.563968	-0.012052	2.934847
62.610002	3194.350576	14.568973	-0.012039	2.932565
62.609986	3189.001670	14.573978	-0.012038	2.930171
62.295955	3184.014573	14.578983	-0.011962	2.927897
62.319834	3179.162401	14.583987	-0.011967	2.925725
62.401973	3174.124588	14.588992	-0.011986	2.923476
62.329433	3169.069603	14.593997	-0.011969	2.921197
62.206679	3164.030912	14.599002	-0.011939	2.918917
62.141054	3159.107538	14.604007	-0.011922	2.916695
62.122190	3154.189782	14.609011	-0.011917	2.914480
62.183800	3149.102274	14.614016	-0.011931	2.912197
62.188836	3143.839009	14.619021	-0.011932	2.909825
62.073135	3138.804319	14.624026	-0.011904	2.907539
62.095569	3133.984889	14.629031	-0.011909	2.905367
62.165598	3128.915628	14.634035	-0.011925	2.903086
62.090531	3123.847900	14.639040	-0.011906	2.900785
62.062823	3118.806458	14.644045	-0.011899	2.898500
62.027494	3113.964182	14.649050	-0.011890	2.896303
61.866832	3109.006077	14.654055	-0.011851	2.894035
61.859918	3103.690364	14.659059	-0.011849	2.891623
61.845923	3098.469137	14.664064	-0.011845	2.889251
61.653246	3093.533930	14.669069	-0.011798	2.886984
61.655243	3088.595896	14.674074	-0.011798	2.884739
61.484514	3083.623810	14.679079	-0.011757	2.882455
61.547953	3078.502383	14.684083	-0.011771	2.880131
61.546929	3073.457802	14.689088	-0.011771	2.877832
61.427756	3068.665620	14.694093	-0.011742	2.875631
61.557375	3063.591808	14.699098	-0.011772	2.873332
61.482156	3058.348341	14.704103	-0.011753	2.870927
61.386680	3053.270813	14.709107	-0.011730	2.868593
61.409382	3048.401255	14.714112	-0.011735	2.866368
61.448533	3043.381432	14.719117	-0.011744	2.864074
61.224993	3038.377133	14.724122	-0.011690	2.861751
61.337342	3033.273380	14.729127	-0.011716	2.859425
61.224922	3028.381098	14.734131	-0.011688	2.857165
61.215934	3023.455217	14.739136	-0.011686	2.854901
61.151946	3018.326581	14.744141	-0.011670	2.852534
60.995411	3013.071120	14.749146	-0.011632	2.850095
60.963623	3008.067878	14.754151	-0.011624	2.847787
60.888418	3003.203229	14.759155	-0.011605	2.845534
60.902115	2998.185994	14.764160	-0.011608	2.843222
60.917896	2993.060680	14.769165	-0.011611	2.840858
60.809636	2988.066968	14.774170	-0.011585	2.838536
60.835192	2983.199000	14.779175	-0.011590	2.836289
60.795129	2978.178007	14.784179	-0.011580	2.833959
60.823086	2972.955332	14.789184	-0.011586	2.831544
60.720913	2967.863967	14.794189	-0.011561	2.829170
60.592709	2962.976246	14.799194	-0.011530	2.826885
60.637261	2958.002384	14.804199	-0.011540	2.824582
60.682909	2952.925451	14.809203	-0.011550	2.822229
60.517451	2947.929256	14.814208	-0.011510	2.819883
60.461156	2942.965019	14.819213	-0.011496	2.817564
60.459257	2938.064666	14.824218	-0.011495	2.815281
60.469080	2932.955339	14.829223	-0.011497	2.812900
60.371104	2927.613749	14.834227	-0.011473	2.810394
60.191862	2922.693033	14.839232	-0.011429	2.808072
60.217288	2917.777853	14.844237	-0.011435	2.805777
60.324163	2912.708681	14.849242	-0.011460	2.803421
60.329826	2907.610117	14.854247	-0.011461	2.801034
60.267146	2902.574598	14.859251	-0.011445	2.798666
60.032841	2897.815401	14.864256	-0.011389	2.796401
60.099976	2892.723534	14.869261	-0.011404	2.794021
59.989210	2887.536852	14.874266	-0.011377	2.791569
59.992284	2882.440077	14.879271	-0.011377	2.789172
59.909791	2877.543305	14.884275	-0.011357	2.786857
60.074096	2872.548780	14.889280	-0.011396	2.784527
59.654179	2867.588866	14.894285	-0.011295	2.782130
59.807094	2862.466514	14.899290	-0.011331	2.779735
59.747447	2857.510998	14.904295	-0.011316	2.777387
59.854328	2852.515835	14.909299	-0.011341	2.775041
59.819402	2847.306762	14.914304	-0.011332	2.772572
59.730341	2842.091973	14.919309	-0.011310	2.770090
59.611069	2837.164801	14.924314	-0.011281	2.767739
59.526359	2832.278377	14.929319	-0.011260	2.765410
59.498026	2827.212435	14.934323	-0.011253	2.763001
59.632069	2822.125201	14.939328	-0.011284	2.760603
59.555907	2817.163624	14.944333	-0.011265	2.758233
59.455362	2812.311283	14.949338	-0.011241	2.755910
59.389897	2807.226638	14.954343	-0.011224	2.753479
59.385457	2801.985062	14.959347	-0.011223	2.750979
59.316468	2796.966875	14.964352	-0.011206	2.748575
59.353685	2792.087574	14.969357	-0.011214	2.746250
59.167187	2787.121453	14.974362	-0.011169	2.743850
59.151829	2782.039139	14.979367	-0.011165	2.741416
59.219223	2776.965429	14.984371	-0.011180	2.738996
59.239460	2772.140054	14.989376	-0.011185	2.736687
59.075305	2767.164730	14.994381	-0.011145	2.734277
59.077784	2761.786125	14.999386	-0.011145	2.731695
58.954721	2756.748057	15.004391	-0.011115	2.729256
58.956304	2751.859110	15.009395	-0.011115	2.726905
58.970538	2746.842891	15.014400	-0.011117	2.724492
58.882106	2741.789815	15.019405	-0.011096	2.722045
58.876142	2736.723851	15.024410	-0.011094	2.719601
58.791154	2731.898739	15.029415	-0.011073	2.717260
58.865748	2726.840911	15.034419	-0.011090	2.714827
58.690304	2721.684118	15.039424	-0.011047	2.712308
58.612906	2716.587383	15.044429	-0.011028	2.709831
58.602150	2711.713146	15.049434	-0.011025	2.707468
58.515115	2706.738533	15.054439	-0.011004	2.705043
58.467976	2701.654239	15.059443	-0.010992	2.702569
58.468354	2696.616939	15.064448	-0.010992	2.700122
58.449588	2691.720243	15.069453	-0.010986	2.697739
58.326328	2686.771965	15.074458	-0.010956	2.695313
58.342878	2681.554349	15.079463	-0.010960	2.692774
58.203036	2676.382139	15.084467	-0.010926	2.690232
58.345572	2671.442272	15.089472	-0.010959	2.687843
58.205195	2666.500259	15.094477	-0.010925	2.685409
58.240094	2661.443776	15.099482	-0.010933	2.682942
58.188751	2656.390404	15.104487	-0.010920	2.680462
58.122556	2651.471093	15.109491	-0.010904	2.678043
58.100951	2646.556222	15.114496	-0.010898	2.675631
57.965918	2641.304006	15.119501	-0.010865	2.673034
57.884448	2636.164754	15.124506	-0.010845	2.670498
57.859107	2631.254766	15.129511	-0.010838	2.668080
57.813785	2626.300709	15.134515	-0.010827	2.665636
57.879004	2621.215884	15.139520	-0.010842	2.663142
57.708199	2616.187318	15.144525	-0.010801	2.660637
57.712572	2611.285940	15.149530	-0.010801	2.658220
57.697528	2606.344953	15.154535	-0.010797	2.655777
57.738509	2601.088570	15.159539	-0.010806	2.653185
57.657749	2595.911908	15.164544	-0.010786	2.650612
57.581965	2590.991166	15.169549	-0.010768	2.648163
57.553876	2586.020305	15.174554	-0.010760	2.645695
57.484399	2580.995230	15.179559	-0.010743	2.643191
57.430369	2575.922840	15.184563	-0.010730	2.640664
57.460626	2571.011547	15.189568	-0.010736	2.638227
57.418624	2566.047948	15.194573	-0.010726	2.635750
57.371098	2560.872670	15.199578	-0.010714	2.633166
57.306714	2555.756116	15.204583	-0.010698	2.630605
57.263085	2550.860275	15.209587	-0.010687	2.628155
57.361084	2545.869826	15.214592	-0.010710	2.625677
57.297797	2540.806903	15.219597	-0.010694	2.623136
57.158186	2535.767731	15.224602	-0.010660	2.620593
57.148310	2530.894080	15.229607	-0.010657	2.618150
57.091161	2525.920164	15.234611	-0.010643	2.615647
57.105157	2520.660811	15.239616	-0.010646	2.613010
56.999070	2515.544837	15.244621	-0.010620	2.610423
56.882083	2510.680860	15.249626	-0.010591	2.607959
56.794556	2505.705324	15.254631	-0.010570	2.605441
56.912966	2500.578400	15.259635	-0.010597	2.602876
56.650877	2495.616955	15.264640	-0.010534	2.600333
56.791936	2490.722422	15.269645	-0.010567	2.597884
56.594997	2485.769085	15.274650	-0.010520	2.595350
56.641719	2480.480460	15.279655	-0.010530	2.592682
56.666170	2475.403100	15.284659	-0.010535	2.590115
56.633019	2470.584155	15.289664	-0.010527	2.587667
56.537275	2465.577623	15.294669	-0.010503	2.585112
56.563312	2460.465437	15.299674	-0.010509	2.582520
56.535695	2455.426338	15.304679	-0.010502	2.579954
56.450495	2450.638321	15.309683	-0.010481	2.577504
56.435818	2445.511050	15.314688	-0.010477	2.574891
56.267431	2440.253067	15.319693	-0.010436	2.572183
56.159323	2435.245447	15.324698	-0.010410	2.569610
56.238976	2430.353323	15.329703	-0.010428	2.567123
56.151548	2425.281893	15.334707	-0.010407	2.564516
56.084471	2420.262761	15.339712	-0.010390	2.561936
56.139923	2415.256182	15.344717	-0.010403	2.559379
56.014927	2410.364723	15.349722	-0.010372	2.556850
56.096511	2405.204139	15.354727	-0.010391	2.554213
56.037507	2400.033753	15.359731	-0.010377	2.551546
56.100460	2395.072991	15.364736	-0.010391	2.549004
55.885010	2390.177014	15.369741	-0.010339	2.546448
55.793639	2385.164067	15.374746	-0.010316	2.543849
55.799895	2380.067592	15.379751	-0.010317	2.541220
55.803290	2375.152732	15.384755	-0.010318	2.538681
55.850636	2370.161357	15.389760	-0.010328	2.536107
55.706073	2364.928562	15.394765	-0.010293	2.533375
55.678623	2359.823738	15.399770	-0.010286	2.530725
55.548711	2354.982355	15.404775	-0.010254	2.528193
55.501138	2349.960337	15.409779	-0.010243	2.525577
55.503385	2344.897850	15.414784	-0.010243	2.522946
55.364176	2339.872943	15.419789	-0.010209	2.520308
55.275339	2335.057653	15.424794	-0.010187	2.517786
55.382711	2329.938226	15.429799	-0.010212	2.515133
55.283565	2324.742153	15.434803	-0.010188	2.512405
55.320520	2319.716869	15.439808	-0.010196	2.509785
55.345513	2314.821605	15.444813	-0.010201	2.507228
55.180315	2309.782844	15.449818	-0.010161	2.504563
55.264689	2304.704953	15.454823	-0.010181	2.501914
55.142884	2299.800954	15.459827	-0.010151	2.499321
55.173104	2294.860611	15.464832	-0.010158	2.496731
55.054820	2289.629652	15.469837	-0.010129	2.493961
54.949511	2284.505163	15.474842	-0.010103	2.491246
54.989142	2279.577558	15.479847	-0.010112	2.488655
54.684608	2274.565605	15.484851	-0.010039	2.485961
54.824632	2269.450936	15.489856	-0.010072	2.483283
54.732865	2264.417604	15.494861	-0.010049	2.480606
54.750177	2259.566005	15.499866	-0.010053	2.478041
54.675524	2254.485069	15.504871	-0.010034	2.475337
54.822441	2249.224852	15.509875	-0.010069	2.472571
54.750960	2244.294955	15.514880	-0.010051	2.469941
54.570936	2239.391549	15.519885	-0.010008	2.467305
54.380051	2234.405690	15.524890	-0.009961	2.464620
54.354488	2229.345117	15.529895	-0.009955	2.461920
54.252698	2224.444661	15.534899	-0.009930	2.459289
54.438714	2219.425478	15.539904	-0.009974	2.456640
54.350190	2214.183807	15.544909	-0.009952	2.453824
54.228633	2209.074281	15.549914	-0.009922	2.451070
54.391361	2204.167731	15.554919	-0.009961	2.448469
54.232731	2199.159913	15.559923	-0.009922	2.445757
54.199873	2194.127698	15.564928	-0.009914	2.443049
54.006220	2189.183333	15.569933	-0.009867	2.440360
54.184654	2184.208943	15.574938	-0.009909	2.437713
54.113334	2179.115885	15.579943	-0.009891	2.434958
53.973237	2173.958758	15.584947	-0.009857	2.432153
54.053179	2169.040399	15.589952	-0.009876	2.429512
53.864294	2164.099058	15.594957	-0.009830	2.426809
53.914816	2159.016993	15.599962	-0.009841	2.424068
53.831255	2153.999146	15.604967	-0.009821	2.421336
53.761435	2149.172589	15.609971	-0.009804	2.418706
53.706657	2144.138514	15.614976	-0.009790	2.415964
53.680741	2138.800849	15.619981	-0.009783	2.413059
53.709309	2133.785370	15.624986	-0.009789	2.410334
53.621034	2128.870148	15.629991	-0.009768	2.407642
53.496446	2123.844312	15.634995	-0.009737	2.404879
53.608323	2118.741589	15.640000	-0.009764	2.402113
53.456871	2113.888021	15.645005	-0.009727	2.399433
53.445824	2108.890232	15.650010	-0.009724	2.396696
53.413806	2103.673248	15.655015	-0.009715	2.393833
53.267110	2098.669917	15.660019	-0.009680	2.391063
53.290407	2093.769411	15.665024	-0.009685	2.388376
53.241203	2088.723044	15.670029	-0.009672	2.385593
53.123818	2083.690801	15.675034	-0.009644	2.382802
53.108949	2078.722451	15.680039	-0.009640	2.380062
53.079704	2073.747121	15.685043	-0.009632	2.377312
52.940331	2068.566365	15.690048	-0.009598	2.374426
53.020299	2063.395958	15.695053	-0.009617	2.371581
52.907336	2058.573128	15.700058	-0.009589	2.368890
52.985393	2053.494965	15.705063	-0.009607	2.366089
52.740169	2048.474272	15.710067	-0.009548	2.363260
52.753907	2043.523699	15.715072	-0.009551	2.360512
52.795327	2038.571787	15.720077	-0.009560	2.357764
52.759664	2033.396824	15.725082	-0.009551	2.354876
52.668249	2028.313065	15.730087	-0.009529	2.352025
52.668235	2023.433148	15.735091	-0.009528	2.349300
52.610733	2018.419994	15.740096	-0.009514	2.346488
52.302684	2013.451493	15.745101	-0.009439	2.343653
52.388660	2008.394328	15.750106	-0.009459	2.340834
52.383280	2003.474307	15.755111	-0.009458	2.338074
52.428513	1998.217885	15.760115	-0.009468	2.335129
52.464450	1993.060621	15.765120	-0.009476	2.332236
52.239407	1988.212821	15.770125	-0.009421	2.329466
52.251002	1983.191777	15.775130	-0.009424	2.326637
52.204731	1978.138598	15.780135	-0.009412	2.323777
52.256908	1973.111912	15.785139	-0.009424	2.320946
52.247456	1968.203901	15.790144	-0.009421	2.318167
52.046469	1963.112806	15.795149	-0.009372	2.315247
51.968922	1957.984744	15.800154	-0.009353	2.312324
52.071849	1953.076457	15.805159	-0.009377	2.309555
51.974207	1948.062717	15.810163	-0.009353	2.306687
51.943548	1942.958508	15.815168	-0.009346	2.303776
51.858093	1938.018965	15.820173	-0.009325	2.300944
51.783401	1933.125575	15.825178	-0.009306	2.298138
51.889588	1927.871820	15.830183	-0.009331	2.295155
51.743129	1922.745223	15.835187	-0.009295	2.292195
51.610847	1917.935057	15.840192	-0.009263	2.289415
51.651253	1912.860893	15.845197	-0.009272	2.286512
51.748193	1907.753018	15.850202	-0.009295	2.283596
51.535980	1902.884200	15.855207	-0.009243	2.280757
51.521819	1897.940167	15.860211	-0.009240	2.277908
51.437643	1892.757163	15.865216	-0.009219	2.274904
51.541970	1887.640797	15.870221	-0.009243	2.271970
51.496821	1882.774926	15.875226	-0.009232	2.269149
51.378077	1877.728514	15.880231	-0.009203	2.266206
51.193237	1872.724517	15.885235	-0.009158	2.263272
51.216120	1867.803099	15.890240	-0.009163	2.260421
51.169353	1862.833478	15.895245	-0.009151	2.257525
51.228144	1857.493563	15.900250	-0.009165	2.254429
51.055207	1852.538166	15.905255	-0.009123	2.251510
51.071452	1847.583199	15.910259	-0.009126	2.248623
50.993602	1842.553513	15.915264	-0.009107	2.245671
50.914935	1837.504610	15.920269	-0.009088	2.242704
50.763705	1832.665407	15.925274	-0.009051	2.239841
50.912530	1827.555804	15.930279	-0.009086	2.236874
50.794461	1822.383851	15.935283	-0.009057	2.233815
50.626505	1817.470802	15.940288	-0.009016	2.230894
50.732962	1812.435890	15.945293	-0.009041	2.227951
50.643549	1807.388818	15.950298	-0.009019	2.224959
50.576769	1802.416598	15.955303	-0.009003	2.222011
50.550028	1797.515668	15.960307	-0.008996	2.219109
50.540607	1792.350112	15.965312	-0.008993	2.216050
50.463713	1787.182735	15.970317	-0.008974	2.212973
50.261426	1782.350523	15.975322	-0.008925	2.210066
50.359089	1777.278762	15.980327	-0.008948	2.207071
50.277420	1772.209285	15.985331	-0.008928	2.204039
50.242266	1767.317634	15.990336	-0.008919	2.201117
50.169331	1762.365009	15.995341	-0.008901	2.198148
50.234633	1757.069820	16.000346	-0.008916	2.194997
50.172916	1752.080491	16.005351	-0.008900	2.192000
50.152746	1747.156391	16.010355	-0.008895	2.189045
50.091685	1742.144587	16.015360	-0.008880	2.186027
49.978657	1737.097177	16.020365	-0.008852	2.182972
50.011144	1732.228429	16.025370	-0.008859	2.180049
49.946985	1727.111750	16.030375	-0.008843	2.176954
49.931108	1721.879886	16.035379	-0.008839	2.173795
49.781735	1717.004808	16.040384	-0.008803	2.170820
49.818988	1711.971031	16.045389	-0.008811	2.167782
49.777472	1706.901717	16.050394	-0.008801	2.164702
49.651080	1701.957303	16.055399	-0.008770	2.161677
49.771191	1696.940007	16.060403	-0.008798	2.158652
49.667979	1691.798692	16.065408	-0.008773	2.155504
49.533876	1686.794858	16.070413	-0.008740	2.152428
49.454176	1681.891455	16.075418	-0.008721	2.149420
49.400389	1676.884894	16.080423	-0.008707	2.146350
49.330145	1671.815196	16.085427	-0.008690	2.143234
49.372703	1666.937754	16.090432	-0.008699	2.140253
49.294935	1661.837230	16.095437	-0.008680	2.137108
49.278463	1656.611770	16.100442	-0.008676	2.133893
49.324295	1651.670061	16.105447	-0.008686	2.130860
49.215515	1646.651851	16.110451	-0.008659	2.127745
49.037565	1641.657918	16.115456	-0.008616	2.124627
49.046170	1636.709714	16.120461	-0.008618	2.121569
49.089521	1631.711125	16.125466	-0.008628	2.118484
49.096054	1626.490072	16.130471	-0.008629	2.115248
48.961702	1621.542543	16.135475	-0.008596	2.112148
48.773310	1616.679064	16.140480	-0.008550	2.109085
48.835968	1611.586024	16.145485	-0.008565	2.105926
48.847936	1606.562248	16.150490	-0.008567	2.102795
48.670050	1601.692759	16.155495	-0.008524	2.099717
48.723983	1596.447336	16.160499	-0.008536	2.096447
48.568391	1591.389275	16.165504	-0.008498	2.093246
48.541198	1586.490211	16.170509	-0.008491	2.090166
48.522524	1581.431992	16.175514	-0.008486	2.086984
48.503464	1576.370471	16.180519	-0.008481	2.083794
48.386761	1571.512957	16.185523	-0.008453	2.080708
48.292211	1566.443169	16.190528	-0.008429	2.077488
48.266918	1561.294816	16.195533	-0.008423	2.074227
48.191063	1556.396394	16.200538	-0.008404	2.071109
48.239220	1551.343946	16.205543	-0.008415	2.067915
48.238066	1546.254887	16.210547	-0.008414	2.064682
48.024752	1541.408893	16.215552	-0.008363	2.061555
47.973193	1536.386710	16.220557	-0.008350	2.058344
48.012741	1531.114960	16.225562	-0.008359	2.054988
47.799783	1526.238137	16.230567	-0.008307	2.051825
47.847464	1521.225975	16.235571	-0.008318	2.048627
48.012008	1516.113092	16.240576	-0.008357	2.045383
47.954467	1511.178883	16.245581	-0.008342	2.042202
47.887652	1506.168653	16.250586	-0.008326	2.038966
47.696641	1501.028664	16.255591	-0.008280	2.035613
47.589978	1496.089043	16.260595	-0.008254	2.032403
47.657442	1491.099547	16.265600	-0.008269	2.029193
47.587856	1486.055174	16.270605	-0.008252	2.025912
47.515217	1481.108802	16.275610	-0.008234	2.022689
47.622563	1476.145658	16.280615	-0.008259	2.019489
47.298970	1470.944518	16.285619	-0.008181	2.016036
47.308783	1465.955562	16.290624	-0.008183	2.012787
47.409371	1460.933946	16.295629	-0.008206	2.009532
47.409873	1455.838421	16.300634	-0.008206	2.006201
47.404599	1450.860707	16.305639	-0.008204	2.002941
47.229514	1445.961659	16.310643	-0.008162	1.999689
47.067618	1440.833158	16.315648	-0.008122	1.996285
47.062349	1435.821104	16.320653	-0.008121	1.992985
47.095343	1430.840563	16.325658	-0.008128	1.989710
47.113916	1425.786764	16.330663	-0.008132	1.986377
47.046567	1420.817021	16.335667	-0.008115	1.983076
46.889242	1415.908938	16.340672	-0.008077	1.979790
46.798892	1410.679072	16.345677	-0.008055	1.976299
46.645173	1405.707985	16.350682	-0.008017	1.972961
46.676429	1400.758119	16.355687	-0.008024	1.969672
46.596371	1395.705895	16.360691	-0.008005	1.966284
46.571426	1390.741358	16.365696	-0.007998	1.962962
46.550001	1385.793616	16.370701	-0.007992	1.959646
46.429950	1380.615518	16.375706	-0.007963	1.956148
46.529705	1375.607751	16.380711	-0.007986	1.952807
46.460543	1370.631651	16.385715	-0.007969	1.949444
46.479531	1365.581187	16.390720	-0.007973	1.946044
46.426055	1360.659696	16.395725	-0.007960	1.942710
46.384183	1355.659996	16.400730	-0.007949	1.939319
46.263267	1350.511856	16.405735	-0.007920	1.935804
46.144411	1345.601601	16.410739	-0.007891	1.932445
46.067539	1340.624625	16.415744	-0.007872	1.929044
46.102290	1335.497156	16.420749	-0.007880	1.925560
45.949199	1330.600008	16.425754	-0.007842	1.922183
45.921016	1325.568506	16.430759	-0.007835	1.918738
45.954484	1320.389111	16.435763	-0.007842	1.915199
45.877475	1315.504925	16.440768	-0.007823	1.911831
45.797341	1310.483834	16.445773	-0.007804	1.908362
45.679626	1305.465331	16.450778	-0.007775	1.904880
45.762930	1300.530632	16.455783	-0.007794	1.901496
45.578108	1295.387991	16.460787	-0.007750	1.897899
45.539830	1290.298227	16.465792	-0.007740	1.894367
45.512771	1285.368466	16.470797	-0.007733	1.890942
45.357580	1280.367416	16.475802	-0.007695	1.887430
45.484297	1275.314044	16.480807	-0.007725	1.883942
45.398193	1270.394093	16.485811	-0.007704	1.880491
45.310862	1265.213333	16.490816	-0.007682	1.876851
45.293595	1260.239579	16.495821	-0.007678	1.873365
45.179286	1255.297663	16.500826	-0.007650	1.869872
45.221595	1250.211784	16.505831	-0.007659	1.866308
45.149815	1245.302436	16.510835	-0.007641	1.862835
45.121909	1240.246373	16.515840	-0.007634	1.859262
44.995590	1235.076677	16.520845	-0.007603	1.855578
44.884685	1230.149784	16.525850	-0.007576	1.852063
44.830082	1225.126202	16.530855	-0.007563	1.848486
44.874735	1220.053067	16.535859	-0.007573	1.844891
44.703441	1215.212346	16.540864	-0.007531	1.841402
44.831339	1210.015856	16.545869	-0.007561	1.837725
44.870908	1204.936607	16.550874	-0.007570	1.834103
44.599550	1200.094818	16.555879	-0.007505	1.830568
44.632128	1194.971013	16.560883	-0.007512	1.826898
44.606239	1190.050578	16.565888	-0.007505	1.823353
44.608900	1184.999306	16.570893	-0.007505	1.819714
44.460416	1179.834587	16.575898	-0.007469	1.815948
44.268782	1174.984630	16.580903	-0.007423	1.812391
44.306522	1169.919810	16.585907	-0.007431	1.808729
44.242844	1164.887924	16.590912	-0.007415	1.805057
44.252129	1159.960372	16.595917	-0.007417	1.801473
44.108323	1154.845906	16.600922	-0.007382	1.797706
44.168690	1149.820969	16.605927	-0.007396	1.794048
44.120099	1144.856565	16.610931	-0.007384	1.790400
43.904666	1139.857451	16.615936	-0.007332	1.786677
43.958130	1134.901022	16.620941	-0.007344	1.783045
43.921421	1129.799622	16.625946	-0.007335	1.779277
43.904922	1124.662879	16.630951	-0.007330	1.775479
43.764090	1119.766293	16.635955	-0.007296	1.771819
43.796809	1114.696989	16.640960	-0.007303	1.768068
43.767082	1109.713885	16.645965	-0.007295	1.764356
43.583318	1104.757961	16.650970	-0.007251	1.760618
43.569083	1099.594472	16.655975	-0.007247	1.756761
43.539860	1094.665306	16.660979	-0.007239	1.753066
43.517601	1089.652834	16.665984	-0.007233	1.749303
43.563203	1084.595940	16.670989	-0.007244	1.745516
43.377534	1079.727824	16.675994	-0.007199	1.741803
43.349483	1074.502473	16.680999	-0.007191	1.737853
43.172280	1069.544529	16.686003	-0.007149	1.734058
43.173048	1064.563489	16.691008	-0.007148	1.730284
43.067865	1059.526609	16.696013	-0.007122	1.726431
43.051457	1054.616233	16.701018	-0.007118	1.722689
43.014430	1049.503671	16.706023	-0.007109	1.718779
42.946434	1044.459907	16.711027	-0.007092	1.714904
42.929894	1039.495571	16.716032	-0.007087	1.711095
42.782183	1034.484475	16.721037	-0.007051	1.707208
42.811239	1029.548686	16.726042	-0.007058	1.703416
42.870707	1024.403383	16.731047	-0.007071	1.699462
42.723326	1019.300882	16.736051	-0.007035	1.695477
42.509023	1014.431316	16.741056	-0.006984	1.691645
42.490475	1009.367242	16.746061	-0.006979	1.687705
42.505347	1004.418409	16.751066	-0.006982	1.683856
42.454511	999.364881	16.756071	-0.006969	1.679898
42.499021	994.214472	16.761075	-0.006979	1.675880
42.407807	989.307108	16.766080	-0.006957	1.672007
42.162328	984.333348	16.771085	-0.006897	1.668031
42.138031	979.392654	16.776090	-0.006891	1.664131
42.040133	974.339933	16.781095	-0.006867	1.660114
42.140822	969.149741	16.786099	-0.006890	1.656032
42.147756	964.215830	16.791104	-0.006892	1.652118
42.022694	959.188734	16.796109	-0.006861	1.648084
41.970249	954.240041	16.801114	-0.006848	1.644123
41.975053	949.180708	16.806119	-0.006849	1.640080
41.803959	944.125693	16.811123	-0.006807	1.635981
41.792410	939.195326	16.816128	-0.006804	1.632017
41.785828	934.131566	16.821133	-0.006802	1.627937
41.617422	929.250350	16.826138	-0.006761	1.623948
41.537438	924.129484	16.831143	-0.006741	1.619781
41.457154	919.055981	16.836147	-0.006721	1.615641
41.452984	914.086986	16.841152	-0.006720	1.611597
41.405646	909.037822	16.846157	-0.006708	1.607466
41.354112	904.126494	16.851162	-0.006695	1.603435
41.391941	898.966754	16.856167	-0.006703	1.599216
41.260959	893.985107	16.861171	-0.006671	1.595084
41.111944	889.047181	16.866176	-0.006635	1.590972
41.202491	883.981631	16.871181	-0.006656	1.586813
41.008581	879.076447	16.876186	-0.006609	1.582693
41.022842	873.859095	16.881191	-0.006612	1.578364
40.896544	868.924560	16.886195	-0.006581	1.574217
40.724548	863.977262	16.891200	-0.006540	1.570036
40.832464	858.914075	16.896205	-0.006565	1.565828
40.758169	853.925678	16.901210	-0.006547	1.561619
40.756605	848.806345	16.906215	-0.006546	1.557309
40.574317	843.928986	16.911219	-0.006502	1.553138
40.668755	838.818549	16.916224	-0.006524	1.548840
40.510192	833.917440	16.921229	-0.006485	1.544633
40.442405	828.805259	16.926234	-0.006468	1.540262
40.406638	823.751797	16.931239	-0.006459	1.535938
40.325077	818.769765	16.936243	-0.006439	1.531649
40.330839	813.731257	16.941248	-0.006440	1.527326
40.364231	808.782433	16.946253	-0.006447	1.523076
40.175216	803.673672	16.951258	-0.006402	1.518609
40.087032	798.743267	16.956263	-0.006380	1.514314
39.977491	793.740158	16.961267	-0.006353	1.509937
39.967861	788.766596	16.966272	-0.006350	1.505604
39.928876	783.716066	16.971277	-0.006340	1.501181
40.015936	778.537802	16.976282	-0.006361	1.496673
39.736779	773.680621	16.981287	-0.006293	1.492320
39.660744	768.651097	16.986291	-0.006275	1.487865
39.595889	763.727156	16.991296	-0.006258	1.483494
39.734076	758.526256	16.996301	-0.006291	1.478927
39.719937	753.567969	17.001306	-0.006287	1.474515
39.581939	748.587664	17.006311	-0.006253	1.470030
39.515986	743.619153	17.011315	-0.006237	1.465565
39.429198	738.560426	17.016320	-0.006216	1.460999
39.432849	733.480224	17.021325	-0.006216	1.456428
39.199622	728.552708	17.026330	-0.006160	1.451905
39.236531	723.503155	17.031335	-0.006168	1.447344
39.049290	718.590305	17.036339	-0.006123	1.442821
39.139889	713.403251	17.041344	-0.006144	1.438122
39.071620	708.497151	17.046349	-0.006127	1.433614
38.976309	703.456705	17.051354	-0.006103	1.428960
38.906298	698.539024	17.056359	-0.006086	1.424412
38.646146	693.451713	17.061363	-0.006023	1.419630
38.633885	688.472489	17.066368	-0.006020	1.415014
38.708038	683.405007	17.071373	-0.006037	1.410329
38.581974	678.462450	17.076378	-0.006006	1.405679
38.690677	673.351253	17.081383	-0.006032	1.400933
38.421789	668.409704	17.086387	-0.005967	1.396205
38.581638	663.345753	17.091392	-0.006004	1.391488
38.271083	658.463448	17.096397	-0.005930	1.386770
38.429721	653.331097	17.101402	-0.005967	1.381956
38.348312	648.252947	17.106407	-0.005947	1.377095
38.035227	643.357012	17.111411	-0.005872	1.372313
37.996005	638.353822	17.116416	-0.005862	1.367505
38.104028	633.318287	17.121421	-0.005887	1.362699
37.953534	628.258704	17.126426	-0.005850	1.357764
38.096870	623.236138	17.131431	-0.005884	1.352948
37.754419	618.334801	17.136435	-0.005801	1.348065
37.774461	613.309677	17.141440	-0.005806	1.343169
37.718448	608.183691	17.146445	-0.005792	1.338129
37.463811	603.298675	17.151450	-0.005730	1.333238
37.572562	598.239833	17.156455	-0.005756	1.328285
37.453242	593.284814	17.161459	-0.005727	1.323337
37.467028	588.163554	17.166464	-0.005729	1.318251
37.478946	583.185935	17.171469	-0.005732	1.313288
37.084166	578.290749	17.176474	-0.005637	1.308244
37.257314	573.247062	17.181479	-0.005677	1.303234
37.156770	568.186037	17.186483	-0.005653	1.298089
36.952577	563.275100	17.191488	-0.005603	1.293039
36.932146	558.258671	17.196493	-0.005598	1.287928
36.790303	553.265594	17.201498	-0.005564	1.282776
36.787915	548.203335	17.206503	-0.005562	1.277583
36.715926	543.214237	17.211507	-0.005545	1.272419
36.695685	538.221633	17.216512	-0.005539	1.267249
36.530372	533.193282	17.221517	-0.005499	1.261967
36.440984	528.166026	17.226522	-0.005477	1.256692
36.471603	523.136402	17.231527	-0.005484	1.251438
36.330711	518.200286	17.236531	-0.005450	1.246195
36.206725	513.138193	17.241536	-0.005419	1.240804
36.103124	508.198504	17.246541	-0.005394	1.235526
36.122144	503.129135	17.251546	-0.005398	1.230134
35.900230	498.246304	17.256551	-0.005344	1.224826
35.889664	493.072468	17.261555	-0.005341	1.219263
35.843127	488.109512	17.266560	-0.005330	1.213889
35.907300	483.058371	17.271565	-0.005344	1.208438
35.777940	478.065409	17.276570	-0.005313	1.202950
35.646468	473.078098	17.281575	-0.005281	1.197443
35.541850	468.086356	17.286579	-0.005255	1.191915
35.500786	463.123781	17.291584	-0.005245	1.186420
35.676111	457.914661	17.296589	-0.005286	1.180711
35.395983	453.034438	17.301594	-0.005219	1.175159
35.216320	448.057778	17.306599	-0.005175	1.169512
35.318697	443.009211	17.311603	-0.005199	1.163872
35.120739	438.013514	17.316608	-0.005151	1.158142
35.081412	433.020213	17.321613	-0.005141	1.152451
34.980599	428.075379	17.326618	-0.005116	1.146761
34.838218	422.981853	17.331623	-0.005082	1.140855
34.833584	417.993401	17.336627	-0.005080	1.135098
34.730825	412.993558	17.341632	-0.005055	1.129256
34.589837	408.019769	17.346637	-0.005021	1.123399
34.562411	402.973301	17.351642	-0.005014	1.117473
34.503753	397.974244	17.356647	-0.004999	1.111559
34.355176	393.045368	17.361651	-0.004963	1.105657
34.274564	387.942327	17.366656	-0.004943	1.099545
34.302037	382.939064	17.371661	-0.004949	1.093566
34.192432	377.976970	17.376666	-0.004922	1.087544
34.196683	372.876817	17.381671	-0.004923	1.081371
33.963840	367.971899	17.386675	-0.004866	1.075296
33.846252	363.003664	17.391680	-0.004838	1.069159
33.957758	357.871921	17.396685	-0.004864	1.062888
33.719492	352.932938	17.401690	-0.004806	1.056662
33.726231	347.902468	17.406695	-0.004807	1.050395
33.561594	342.930836	17.411699	-0.004767	1.044086
33.410524	337.950709	17.416704	-0.004731	1.037735
33.408697	332.926045	17.421709	-0.004730	1.031357
33.245096	327.959830	17.426714	-0.004690	1.024938
33.157785	322.925773	17.431719	-0.004669	1.018428
33.115146	317.909482	17.436723	-0.004658	1.011919
32.946840	312.973578	17.441728	-0.004617	1.005414
33.091105	307.860202	17.446733	-0.004651	0.998782
32.755680	302.960847	17.451738	-0.004570	0.992159
32.653902	297.988033	17.456743	-0.004545	0.985506
32.540691	292.927155	17.461747	-0.004518	0.978684
32.568091	287.905791	17.466752	-0.004523	0.971937
32.491816	282.920932	17.471757	-0.004505	0.965141
32.216047	277.970577	17.476762	-0.004438	0.958245
32.157550	272.977110	17.481767	-0.004424	0.951348
32.147158	267.930043	17.486771	-0.004421	0.944351
31.920882	262.963346	17.491776	-0.004366	0.937303
31.899823	257.959937	17.496781	-0.004360	0.930257
31.689389	252.963495	17.501786	-0.004309	0.923067
31.730266	247.961207	17.506791	-0.004319	0.915945
31.621710	242.994323	17.511795	-0.004292	0.908739
31.522565	237.910333	17.516800	-0.004268	0.901310
31.467921	232.915743	17.521805	-0.004254	0.893974
31.307219	227.970680	17.526810	-0.004215	0.886593
31.200350	222.956632	17.531815	-0.004189	0.879077
30.949070	218.036512	17.536819	-0.004128	0.871558
30.957791	212.964202	17.541824	-0.004130	0.863887
30.856586	207.986530	17.546829	-0.004105	0.856230
30.669690	203.044120	17.551834	-0.004060	0.848510
30.501034	198.042818	17.556839	-0.004019	0.840638
30.455590	193.056262	17.561843	-0.004007	0.832785
30.396819	188.023848	17.566848	-0.003993	0.824777
30.215115	183.061212	17.571853	-0.003949	0.816731
30.119998	178.071313	17.576858	-0.003925	0.808611
30.083586	173.030880	17.581863	-0.003916	0.800361
29.989973	168.056938	17.586867	-0.003893	0.792101
29.865984	163.039555	17.591872	-0.003863	0.783663
29.688634	158.077296	17.596877	-0.003820	0.775192
29.653085	153.068098	17.601882	-0.003811	0.766637
29.520433	148.085305	17.606887	-0.003779	0.757969
29.345379	143.134438	17.611891	-0.003736	0.749229
29.171809	138.114459	17.616896	-0.003694	0.740265
29.085717	133.146291	17.621901	-0.003673	0.731341
29.037267	128.106988	17.626906	-0.003661	0.722203
28.944664	123.140269	17.631911	-0.003638	0.713052
28.770345	118.143572	17.636915	-0.003596	0.703669
28.617078	113.178139	17.641920	-0.003559	0.694233
28.471008	108.202439	17.646925	-0.003523	0.684653
28.445200	103.193017	17.651930	-0.003516	0.674957
28.019086	98.321166	17.656935	-0.003414	0.665100
28.009085	93.294153	17.661939	-0.003411	0.655091
27.847366	88.316460	17.666944	-0.003372	0.644913
27.693369	83.353861	17.671949	-0.003334	0.634610
27.437696	78.393179	17.676954	-0.003273	0.624060
27.333059	73.414472	17.681959	-0.003247	0.613411
27.176620	68.428268	17.686963	-0.003209	0.602514
26.929743	63.504967	17.691968	-0.003149	0.591483
26.835764	58.476063	17.696973	-0.003126	0.580131
26.649981	53.522959	17.701978	-0.003081	0.568648
26.438455	48.573237	17.706983	-0.003030	0.556914
26.175903	43.641576	17.711987	-0.002967	0.544926
26.074367	38.643405	17.716992	-0.002942	0.532651
25.817246	33.702168	17.721997	-0.002880	0.520084
25.455891	28.806506	17.727002	-0.002793	0.507223
25.273975	23.844998	17.732007	-0.002749	0.494030
24.941642	18.920016	17.737011	-0.002669	0.480421
24.534922	14.048564	17.742016	-0.002571	0.466488
24.221511	9.133439	17.747021	-0.002495	0.452100
23.738149	4.279381	17.752026	-0.002379	0.437232
22.653867	-0.362974	17.757031	-0.002119	0.421803
14.569209	-0.271693	17.762035	-0.000185	0.412623
