Thu Mar 05 20:27:46 2026

Number of Points = 4598
Depth (nm)	Load (µN)	Time (s)	Disp. Voltage(V)	Force Voltage(V)0.000000	3.898239	0.000000	0.001162	0.982039
0.215902	8.999215	0.005005	0.001110	0.988749
0.382235	14.039138	0.010010	0.001070	0.995312
0.657828	19.028954	0.015014	0.001003	1.001819
1.042309	24.058793	0.020019	0.000911	1.008385
1.075198	29.150613	0.025024	0.000902	1.014826
1.322592	34.161861	0.030029	0.000843	1.021222
1.396378	39.342728	0.035034	0.000824	1.027711
1.774123	44.312790	0.040038	0.000734	1.034036
1.883771	49.355400	0.045043	0.000707	1.040291
2.037492	54.495833	0.050048	0.000669	1.046648
2.325255	59.480041	0.055053	0.000600	1.052836
2.512488	64.522666	0.060058	0.000555	1.059014
2.724273	69.676101	0.065062	0.000504	1.065300
2.685836	74.761316	0.070067	0.000512	1.071359
2.877483	79.833481	0.075072	0.000466	1.077468
3.006653	84.928127	0.080077	0.000435	1.083542
3.256281	89.949098	0.085082	0.000374	1.089547
3.341838	95.046874	0.090086	0.000353	1.095539
3.393937	100.129470	0.095091	0.000340	1.101467
3.486951	105.304726	0.100096	0.000318	1.107487
3.671145	110.347394	0.105101	0.000273	1.113360
3.855835	115.360907	0.110106	0.000228	1.119170
4.060392	120.490320	0.115110	0.000179	1.125089
4.184536	125.534284	0.120115	0.000149	1.130847
4.417487	130.576127	0.125120	0.000092	1.136618
4.488749	135.710052	0.130125	0.000075	1.142398
4.637389	140.822121	0.135130	0.000039	1.148155
4.774930	145.884611	0.140134	0.000005	1.153825
4.844420	150.931889	0.145139	-0.000012	1.159422
5.021588	156.089419	0.150144	-0.000055	1.165156
5.013803	161.141889	0.155149	-0.000053	1.170675
5.219546	166.203449	0.160154	-0.000103	1.176262
5.359277	171.291795	0.165158	-0.000137	1.181825
5.559869	176.410420	0.170163	-0.000186	1.187418
5.733845	181.442445	0.175168	-0.000228	1.192881
5.698024	186.552190	0.180173	-0.000220	1.198323
5.956718	191.642783	0.185178	-0.000282	1.203831
6.120597	196.675316	0.190182	-0.000322	1.209218
6.223952	201.800848	0.195187	-0.000347	1.214655
6.306341	206.829369	0.200192	-0.000367	1.219958
6.456170	212.076136	0.205197	-0.000404	1.225491
6.584440	217.076164	0.210202	-0.000435	1.230736
6.730813	222.154927	0.215206	-0.000470	1.236046
6.749214	227.257720	0.220211	-0.000475	1.241311
6.816074	232.405054	0.225216	-0.000492	1.246617
7.036520	237.435036	0.230221	-0.000545	1.251837
7.138138	242.511350	0.235226	-0.000570	1.257039
7.250535	247.642859	0.240230	-0.000597	1.262279
7.345034	252.767977	0.245235	-0.000620	1.267485
7.465630	257.837471	0.250240	-0.000650	1.272623
7.641977	262.870641	0.255245	-0.000693	1.277723
7.739340	268.020005	0.260250	-0.000716	1.282892
7.839850	273.104920	0.265254	-0.000741	1.287976
7.888538	278.220709	0.270259	-0.000753	1.293053
8.010711	283.247846	0.275264	-0.000783	1.298048
8.088689	288.431061	0.280269	-0.000802	1.303162
8.166495	293.480287	0.285274	-0.000821	1.308125
8.437038	298.510963	0.290278	-0.000886	1.313118
8.625609	303.506784	0.295283	-0.000932	1.318030
8.758674	308.675071	0.300288	-0.000964	1.323071
8.868044	313.724579	0.305293	-0.000991	1.327970
9.049680	318.795567	0.310298	-0.001035	1.332897
8.974220	323.883263	0.315302	-0.001018	1.337734
9.227632	329.054006	0.320307	-0.001079	1.342744
9.268208	334.125985	0.325312	-0.001089	1.347570
9.310335	339.241478	0.330317	-0.001099	1.352421
9.445190	344.281711	0.335322	-0.001132	1.357214
9.436974	349.464929	0.340326	-0.001131	1.362076
9.638484	354.517982	0.345331	-0.001180	1.366870
9.713771	359.599832	0.350336	-0.001198	1.371631
9.806769	364.677864	0.355341	-0.001221	1.376379
9.969925	369.798703	0.360346	-0.001260	1.381173
10.158336	374.913382	0.365350	-0.001306	1.385952
10.117763	380.023568	0.370355	-0.001297	1.390637
10.293371	385.073163	0.375360	-0.001339	1.395320
10.513734	390.108388	0.380365	-0.001393	1.399989
10.580080	395.286234	0.385370	-0.001409	1.404723
10.671901	400.315249	0.390374	-0.001431	1.409314
10.756648	405.442516	0.395379	-0.001452	1.413977
10.881276	410.443470	0.400384	-0.001483	1.418523
11.052556	415.711721	0.405389	-0.001524	1.423309
11.039603	420.743433	0.410394	-0.001522	1.427810
11.110194	425.874861	0.415398	-0.001539	1.432411
11.463077	430.809333	0.420403	-0.001624	1.436911
11.413947	436.025959	0.425408	-0.001613	1.441522
11.381122	441.166449	0.430413	-0.001605	1.446055
11.539339	446.213255	0.435418	-0.001644	1.450552
11.600882	451.316611	0.440422	-0.001659	1.455054
11.770957	456.383692	0.445427	-0.001700	1.459544
11.926115	461.593289	0.450432	-0.001738	1.464140
12.042820	466.593918	0.455437	-0.001766	1.468527
12.041223	471.754187	0.460442	-0.001766	1.473005
12.103803	476.755960	0.465446	-0.001782	1.477351
12.332583	481.931588	0.470451	-0.001837	1.481884
12.294326	487.024565	0.475456	-0.001828	1.486252
12.528688	492.055801	0.480461	-0.001885	1.490637
12.584896	497.140439	0.485466	-0.001899	1.495000
12.589664	502.281740	0.490470	-0.001901	1.499384
12.637521	507.537205	0.495475	-0.001913	1.503865
12.839830	512.480793	0.500480	-0.001962	1.508114
12.982607	517.604143	0.505485	-0.001996	1.512485
13.190665	522.564314	0.510490	-0.002047	1.516726
12.975741	527.869264	0.515494	-0.001996	1.521120
13.381756	532.862138	0.520499	-0.002093	1.525422
13.400910	537.940969	0.525504	-0.002098	1.529671
13.430788	543.082358	0.530509	-0.002106	1.533963
13.497946	548.129931	0.535514	-0.002123	1.538176
13.584500	553.427101	0.540518	-0.002144	1.542589
13.729776	558.415131	0.545523	-0.002179	1.546752
13.872776	563.501810	0.550528	-0.002214	1.550984
13.868610	568.581332	0.555533	-0.002213	1.555157
14.040481	573.643507	0.560538	-0.002255	1.559354
14.132936	578.836021	0.565542	-0.002278	1.563624
14.278979	583.830818	0.570547	-0.002313	1.567737
14.331557	588.973056	0.575552	-0.002326	1.571932
14.343954	594.030716	0.580557	-0.002330	1.576036
14.496365	599.206616	0.585562	-0.002367	1.580264
14.526223	604.360600	0.590566	-0.002374	1.584429
14.616511	609.424539	0.595571	-0.002397	1.588528
14.674069	614.558072	0.600576	-0.002411	1.592662
14.838420	619.528951	0.605581	-0.002451	1.596686
14.948313	624.742614	0.610586	-0.002477	1.600878
14.965432	629.837044	0.615590	-0.002482	1.604938
15.219373	634.865565	0.620595	-0.002543	1.609002
15.272605	639.992469	0.625600	-0.002557	1.613077
15.314556	645.032866	0.630605	-0.002567	1.617071
15.357776	650.336205	0.635610	-0.002578	1.621263
15.409292	655.391367	0.640614	-0.002591	1.625251
15.412737	660.506590	0.645619	-0.002592	1.629263
15.622368	665.552281	0.650624	-0.002643	1.633267
15.785822	670.541690	0.655629	-0.002683	1.637205
15.825531	675.799631	0.660634	-0.002693	1.641309
15.963284	680.816194	0.665638	-0.002726	1.645241
15.989194	685.928056	0.670643	-0.002733	1.649208
16.104437	691.018076	0.675648	-0.002761	1.653173
16.192209	696.040964	0.680653	-0.002782	1.657069
16.267928	701.352234	0.685658	-0.002801	1.661174
16.271088	706.408504	0.690662	-0.002802	1.665054
16.432522	711.457763	0.695667	-0.002841	1.668962
16.397112	716.607149	0.700672	-0.002833	1.672885
16.599269	721.594582	0.705677	-0.002882	1.676738
16.725857	726.812872	0.710682	-0.002913	1.680738
16.909196	731.832469	0.715686	-0.002958	1.684592
16.937914	736.915486	0.720691	-0.002965	1.688446
16.973067	742.066930	0.725696	-0.002974	1.692344
17.184717	747.016681	0.730701	-0.003025	1.696127
17.235484	752.321226	0.735706	-0.003038	1.700126
17.313345	757.424473	0.740710	-0.003057	1.703972
17.291290	762.515472	0.745715	-0.003052	1.707774
17.391371	767.647967	0.750720	-0.003077	1.711630
17.469212	772.637580	0.755725	-0.003096	1.715366
17.523634	777.826453	0.760730	-0.003109	1.719235
17.534647	783.015238	0.765734	-0.003112	1.723085
17.699901	788.004148	0.770739	-0.003152	1.726818
17.797310	793.125369	0.775744	-0.003176	1.730622
17.814375	798.184362	0.780749	-0.003181	1.734353
18.050253	803.276272	0.785754	-0.003238	1.738154
18.097269	808.538835	0.790758	-0.003250	1.742025
18.126216	813.540637	0.795763	-0.003257	1.745692
18.282211	818.650431	0.800768	-0.003295	1.749462
18.266467	823.768327	0.805773	-0.003292	1.753187
18.459768	828.749113	0.810778	-0.003338	1.756856
18.584222	834.015895	0.815782	-0.003369	1.760708
18.642118	839.051198	0.820787	-0.003383	1.764368
18.621562	844.162167	0.825792	-0.003379	1.768055
18.727543	849.306578	0.830797	-0.003405	1.771790
18.858859	854.268214	0.835802	-0.003437	1.775392
18.858503	859.563698	0.840806	-0.003437	1.779194
19.000065	864.704844	0.845811	-0.003471	1.782911
19.032449	869.706209	0.850816	-0.003480	1.786495
19.168116	874.835663	0.855821	-0.003513	1.790188
19.311195	879.862260	0.860826	-0.003547	1.793802
19.318511	884.975393	0.865830	-0.003550	1.797437
19.365967	890.226432	0.870835	-0.003562	1.801172
19.536758	895.201022	0.875840	-0.003603	1.804734
19.632273	900.296227	0.880845	-0.003626	1.808355
19.552472	905.474143	0.885850	-0.003608	1.811986
19.610145	910.466697	0.890854	-0.003622	1.815512
19.815610	915.722015	0.895859	-0.003672	1.819251
19.927187	920.819371	0.900864	-0.003699	1.822849
19.852164	925.917352	0.905869	-0.003681	1.826396
20.032729	931.024628	0.910874	-0.003725	1.830003
20.142749	936.018538	0.915878	-0.003752	1.833508
20.312812	941.122831	0.920883	-0.003793	1.837097
20.314296	946.375183	0.925888	-0.003794	1.840741
20.364978	951.396942	0.930893	-0.003807	1.844231
20.412819	956.502242	0.935898	-0.003819	1.847771
20.332878	961.700167	0.940902	-0.003800	1.851338
20.540135	966.641517	0.945907	-0.003850	1.854788
20.635446	971.891922	0.950912	-0.003874	1.858419
20.778446	977.083431	0.955917	-0.003908	1.862013
20.756636	982.106790	0.960922	-0.003904	1.865447
20.911806	987.173397	0.965926	-0.003941	1.868945
20.999108	992.278579	0.970931	-0.003963	1.872447
20.972587	997.334390	0.975936	-0.003957	1.875883
21.064395	1002.618775	0.980941	-0.003979	1.879495
21.115724	1007.667921	0.985946	-0.003992	1.882931
21.253712	1012.707185	0.990950	-0.004026	1.886374
21.310279	1017.867003	0.995955	-0.004040	1.889873
21.424288	1022.842132	1.000960	-0.004068	1.893255
21.445777	1028.009041	1.005965	-0.004073	1.896739
21.564310	1033.307779	1.010970	-0.004102	1.900327
21.612696	1038.322130	1.015974	-0.004114	1.903701
21.645634	1043.428565	1.020979	-0.004123	1.907128
21.830449	1048.507484	1.025984	-0.004167	1.910564
21.873454	1053.551484	1.030989	-0.004178	1.913939
21.896895	1058.740043	1.035994	-0.004184	1.917400
21.953497	1063.954323	1.040998	-0.004198	1.920879
22.087002	1068.899114	1.046003	-0.004231	1.924191
22.191509	1074.022902	1.051008	-0.004256	1.927608
22.145774	1079.215405	1.056013	-0.004246	1.931032
22.185527	1084.198515	1.061018	-0.004256	1.934330
22.260841	1089.443029	1.066022	-0.004274	1.937803
22.381802	1094.604721	1.071027	-0.004304	1.941225
22.522425	1099.514916	1.076032	-0.004338	1.944481
22.480761	1104.723698	1.081037	-0.004329	1.947886
22.673054	1109.806201	1.086042	-0.004375	1.951255
22.890972	1114.722123	1.091046	-0.004428	1.954514
22.806485	1120.029340	1.096051	-0.004408	1.957957
22.728587	1125.204908	1.101056	-0.004390	1.961309
22.924232	1130.162008	1.106061	-0.004437	1.964574
22.998824	1135.302426	1.111066	-0.004456	1.967926
23.023749	1140.410658	1.116070	-0.004462	1.971240
23.337765	1145.344476	1.121075	-0.004538	1.974498
23.303829	1150.678780	1.126080	-0.004530	1.977935
23.315491	1155.858472	1.131085	-0.004534	1.981276
23.450343	1160.824818	1.136090	-0.004566	1.984500
23.434582	1166.000974	1.141094	-0.004563	1.987821
23.555278	1171.110701	1.146099	-0.004592	1.991124
23.727769	1176.026251	1.151104	-0.004634	1.994308
23.708952	1181.300857	1.156109	-0.004630	1.997675
23.801396	1186.448545	1.161114	-0.004653	2.000980
23.844343	1191.432009	1.166118	-0.004664	2.004164
23.994868	1196.579143	1.171123	-0.004700	2.007470
24.117966	1201.679073	1.176128	-0.004730	2.010734
24.099035	1206.718155	1.181133	-0.004726	2.013925
24.177765	1211.994809	1.186138	-0.004746	2.017281
24.216689	1217.234478	1.191142	-0.004755	2.020600
24.335482	1222.139241	1.196147	-0.004784	2.023720
24.256893	1227.330123	1.201152	-0.004766	2.026973
24.437593	1232.448269	1.206157	-0.004810	2.030230
24.373397	1237.452163	1.211162	-0.004795	2.033358
24.547932	1242.615385	1.216166	-0.004837	2.036631
24.741620	1247.796665	1.221171	-0.004884	2.039915
24.725933	1252.799969	1.226176	-0.004881	2.043038
24.671906	1257.962099	1.231181	-0.004869	2.046248
24.895052	1263.063153	1.236186	-0.004922	2.049472
25.053958	1268.006852	1.241190	-0.004961	2.052580
25.039248	1273.214440	1.246195	-0.004958	2.055811
25.121583	1278.516467	1.251200	-0.004978	2.059115
25.259057	1283.510030	1.256205	-0.005012	2.062235
25.157777	1288.646922	1.261210	-0.004988	2.065390
25.194431	1293.799848	1.266214	-0.004997	2.068577
25.320727	1298.831973	1.271219	-0.005028	2.071704
25.411212	1303.873991	1.276224	-0.005050	2.074825
25.487962	1309.170023	1.281229	-0.005069	2.078094
25.617729	1314.216777	1.286234	-0.005101	2.081217
25.544368	1319.247511	1.291238	-0.005084	2.084283
25.654539	1324.394339	1.296243	-0.005110	2.087453
25.764813	1329.484832	1.301248	-0.005137	2.090584
25.869660	1334.482607	1.306253	-0.005163	2.093653
25.851815	1339.822806	1.311258	-0.005159	2.096901
25.994399	1345.007877	1.316262	-0.005194	2.100081
26.132372	1349.934530	1.321267	-0.005227	2.103100
26.212338	1355.066586	1.326272	-0.005247	2.106226
26.206522	1360.261158	1.331277	-0.005246	2.109369
26.224014	1365.250559	1.336282	-0.005251	2.112388
26.271755	1370.368396	1.341286	-0.005263	2.115486
26.482014	1375.573573	1.346291	-0.005314	2.118664
26.345914	1380.646153	1.351296	-0.005282	2.121689
26.510959	1385.707765	1.356301	-0.005322	2.124763
26.519515	1390.883955	1.361306	-0.005324	2.127870
26.688279	1395.905329	1.366310	-0.005365	2.130912
26.660844	1400.971505	1.371315	-0.005359	2.133937
26.836123	1406.274098	1.376320	-0.005401	2.137139
26.980410	1411.428894	1.381325	-0.005437	2.140242
27.030687	1416.402841	1.386330	-0.005449	2.143214
27.134932	1421.480547	1.391334	-0.005475	2.146255
27.235440	1426.598576	1.396339	-0.005499	2.149314
27.307531	1431.578935	1.401344	-0.005517	2.152282
27.352436	1436.767122	1.406349	-0.005528	2.155364
27.253887	1442.077584	1.411354	-0.005505	2.158485
27.236071	1447.106867	1.416358	-0.005501	2.161452
27.484952	1452.135047	1.421363	-0.005561	2.164466
27.623347	1457.276807	1.426368	-0.005595	2.167521
27.706736	1462.345612	1.431373	-0.005616	2.170518
27.626192	1467.400807	1.436378	-0.005597	2.173471
27.781372	1472.713210	1.441382	-0.005634	2.176617
27.873331	1477.895867	1.446387	-0.005657	2.179670
27.879947	1482.858348	1.451392	-0.005659	2.182573
27.939706	1488.001873	1.456397	-0.005674	2.185589
28.033771	1493.136276	1.461402	-0.005697	2.188601
28.135367	1498.102921	1.466406	-0.005722	2.191514
28.157535	1503.251951	1.471411	-0.005728	2.194513
28.150107	1508.562890	1.476416	-0.005726	2.197596
28.221858	1513.631198	1.481421	-0.005744	2.200550
28.295216	1518.653261	1.486426	-0.005762	2.203473
28.372845	1523.796755	1.491430	-0.005781	2.206463
28.485836	1528.927948	1.496435	-0.005809	2.209449
28.483241	1533.893345	1.501440	-0.005809	2.212314
28.507021	1539.161043	1.506445	-0.005815	2.215353
28.732096	1544.385859	1.511450	-0.005869	2.218402
28.732538	1549.388619	1.516454	-0.005870	2.221277
28.780942	1554.494987	1.521459	-0.005882	2.224216
28.910265	1559.595264	1.526464	-0.005913	2.227163
28.890804	1564.709118	1.531469	-0.005909	2.230087
28.839921	1569.748576	1.536474	-0.005898	2.232958
29.013063	1574.974769	1.541478	-0.005940	2.235974
29.034269	1580.206624	1.546483	-0.005945	2.238960
29.024188	1585.182350	1.551488	-0.005943	2.241792
29.307618	1590.258699	1.556493	-0.006012	2.244730
29.238503	1595.431105	1.561498	-0.005996	2.247655
29.319023	1600.435983	1.566502	-0.006015	2.250508
29.426537	1605.497558	1.571507	-0.006042	2.253395
29.379346	1610.908338	1.576512	-0.006031	2.256447
29.518522	1616.042296	1.581517	-0.006065	2.259373
29.695866	1620.947274	1.586522	-0.006108	2.262173
29.780751	1626.087280	1.591526	-0.006128	2.265085
29.848502	1631.242811	1.596531	-0.006145	2.267999
29.906433	1636.233935	1.601536	-0.006160	2.270814
29.976845	1641.326883	1.606541	-0.006177	2.273686
29.953250	1646.669717	1.611546	-0.006172	2.276677
30.037685	1651.747665	1.616550	-0.006193	2.279536
29.977680	1656.796670	1.621555	-0.006179	2.282349
30.037292	1661.883870	1.626560	-0.006194	2.285201
30.147965	1666.998851	1.631565	-0.006221	2.288074
30.216187	1672.005290	1.636570	-0.006237	2.290876
30.275226	1677.112357	1.641574	-0.006252	2.293728
30.290656	1682.548146	1.646579	-0.006256	2.296752
30.321999	1687.598752	1.651584	-0.006264	2.299560
30.511467	1692.551012	1.656589	-0.006310	2.302340
30.586931	1697.703064	1.661594	-0.006329	2.305206
30.657028	1702.851151	1.666598	-0.006346	2.308065
30.831033	1707.794206	1.671603	-0.006388	2.310826
30.826186	1712.947515	1.676608	-0.006387	2.313668
30.887544	1718.263718	1.681613	-0.006403	2.316608
30.919093	1723.346454	1.686618	-0.006411	2.319410
30.937014	1728.345649	1.691622	-0.006416	2.322161
31.141013	1733.442086	1.696627	-0.006465	2.324994
31.053249	1738.620173	1.701632	-0.006444	2.327818
31.156879	1743.599876	1.706637	-0.006470	2.330563
31.155547	1748.733543	1.711642	-0.006470	2.333371
31.224576	1754.141421	1.716646	-0.006487	2.336337
31.210771	1759.288353	1.721651	-0.006484	2.339143
31.390830	1764.211382	1.726656	-0.006528	2.341858
31.451673	1769.367911	1.731661	-0.006543	2.344675
31.528335	1774.494324	1.736666	-0.006562	2.347475
31.659460	1779.463441	1.741670	-0.006594	2.350197
31.580332	1784.595192	1.746675	-0.006575	2.352966
31.714490	1789.890796	1.751680	-0.006608	2.355858
31.776278	1795.016264	1.756685	-0.006623	2.358643
31.790258	1799.980673	1.761690	-0.006627	2.361328
31.957443	1805.072448	1.766694	-0.006668	2.364106
31.797228	1810.294921	1.771699	-0.006630	2.366894
31.799093	1815.342333	1.776704	-0.006631	2.369613
32.194424	1820.289189	1.781709	-0.006726	2.372342
32.328033	1825.615157	1.786714	-0.006758	2.375226
32.186581	1830.895539	1.791718	-0.006725	2.378036
32.236487	1835.855077	1.796723	-0.006737	2.380703
32.249439	1840.979808	1.801728	-0.006741	2.383449
32.478034	1846.067244	1.806733	-0.006796	2.386209
32.499046	1851.175877	1.811738	-0.006802	2.388942
32.542604	1856.180201	1.816742	-0.006813	2.391620
32.669317	1861.414683	1.821747	-0.006844	2.394431
32.747336	1866.649969	1.826752	-0.006863	2.397231
32.719148	1871.680042	1.831757	-0.006857	2.399901
32.774227	1876.734955	1.836762	-0.006870	2.402596
32.879843	1881.841132	1.841766	-0.006896	2.405323
32.872268	1887.016619	1.846771	-0.006895	2.408064
32.827043	1891.967357	1.851776	-0.006884	2.410677
33.032396	1897.181676	1.856781	-0.006934	2.413469
33.034909	1902.528242	1.861786	-0.006935	2.416293
33.116755	1907.603805	1.866790	-0.006955	2.418985
33.366303	1912.553971	1.871795	-0.007016	2.421635
33.295032	1917.724415	1.876800	-0.006999	2.424345
33.300944	1922.881344	1.881805	-0.007001	2.427057
33.361385	1927.882655	1.886810	-0.007016	2.429694
33.477379	1932.940125	1.891814	-0.007044	2.432367
33.444631	1938.287538	1.896819	-0.007037	2.435164
33.519843	1943.444223	1.901824	-0.007056	2.437875
33.575597	1948.384307	1.906829	-0.007069	2.440468
33.805941	1953.476668	1.911834	-0.007125	2.443165
33.760657	1958.613142	1.916838	-0.007115	2.445838
33.830137	1963.714691	1.921843	-0.007132	2.448508
33.916047	1968.662797	1.926848	-0.007153	2.451098
33.944474	1973.951049	1.931853	-0.007160	2.453853
33.996807	1979.261819	1.936858	-0.007173	2.456621
33.968087	1984.287656	1.941862	-0.007167	2.459224
34.026785	1989.354093	1.946867	-0.007181	2.461860
34.070754	1994.510537	1.951872	-0.007193	2.464537
34.166705	1999.653326	1.956877	-0.007216	2.467212
34.165424	2004.615126	1.961882	-0.007216	2.469776
34.252733	2009.723229	1.966886	-0.007238	2.472426
34.364794	2015.053908	1.971891	-0.007265	2.475193
34.454866	2020.158202	1.976896	-0.007287	2.477836
34.588376	2025.082603	1.981901	-0.007320	2.480391
34.676470	2030.237849	1.986906	-0.007341	2.483054
34.776293	2035.380419	1.991910	-0.007366	2.485711
34.615496	2040.506891	1.996915	-0.007328	2.488314
34.738515	2045.466314	2.001920	-0.007358	2.490874
34.796719	2050.771253	2.006925	-0.007372	2.493598
34.980145	2056.040577	2.011930	-0.007416	2.496321
34.956285	2061.085761	2.016934	-0.007411	2.498894
34.961266	2066.137562	2.021939	-0.007413	2.501471
35.070843	2071.264094	2.026944	-0.007440	2.504101
35.042611	2076.432797	2.031949	-0.007433	2.506728
35.113798	2081.430420	2.036954	-0.007451	2.509281
35.147225	2086.511927	2.041958	-0.007460	2.511867
35.197587	2091.843642	2.046963	-0.007472	2.514581
35.452313	2096.985217	2.051968	-0.007534	2.517228
35.446019	2101.917274	2.056973	-0.007533	2.519724
35.570096	2107.044080	2.061978	-0.007563	2.522337
35.472991	2112.236817	2.066982	-0.007540	2.524946
35.556733	2117.352832	2.071987	-0.007561	2.527542
35.642919	2122.278920	2.076992	-0.007582	2.530040
35.552710	2127.517802	2.081997	-0.007561	2.532666
35.553538	2132.889665	2.087002	-0.007561	2.535370
35.773471	2137.935734	2.092006	-0.007615	2.537941
35.862356	2142.909103	2.097011	-0.007636	2.540453
35.938524	2148.041399	2.102016	-0.007655	2.543040
35.850677	2153.220610	2.107021	-0.007635	2.545622
35.831294	2158.342712	2.112026	-0.007631	2.548184
36.152821	2163.234510	2.117030	-0.007708	2.550681
36.164935	2168.518661	2.122035	-0.007711	2.553324
36.234682	2173.747964	2.127040	-0.007729	2.555945
36.097320	2178.835783	2.132045	-0.007696	2.558461
36.262721	2183.864363	2.137050	-0.007736	2.560992
36.323111	2189.005983	2.142054	-0.007751	2.563561
36.377099	2194.167327	2.147059	-0.007765	2.566135
36.472338	2199.165869	2.152064	-0.007788	2.568633
36.540931	2204.232916	2.157069	-0.007805	2.571158
36.693955	2209.558442	2.162074	-0.007842	2.573822
36.639513	2214.778646	2.167078	-0.007830	2.576399
36.716219	2219.730470	2.172083	-0.007849	2.578860
36.773277	2224.783464	2.177088	-0.007863	2.581367
36.983302	2229.866856	2.182093	-0.007913	2.583909
37.036791	2235.009114	2.187098	-0.007927	2.586454
36.948035	2239.994759	2.192102	-0.007906	2.588897
36.997426	2245.119691	2.197107	-0.007918	2.591428
37.101749	2250.446506	2.202112	-0.007944	2.594064
36.992799	2255.680775	2.207117	-0.007918	2.596620
37.154415	2260.603125	2.212122	-0.007958	2.599061
37.155082	2265.684544	2.217126	-0.007958	2.601553
37.343554	2270.832575	2.222131	-0.008004	2.604104
37.322159	2275.996667	2.227136	-0.007999	2.606628
37.371142	2280.915572	2.232141	-0.008011	2.609041
37.491879	2286.023944	2.237146	-0.008041	2.611555
37.639828	2291.438731	2.242150	-0.008077	2.614220
37.586251	2296.670501	2.247155	-0.008065	2.616763
37.780429	2301.490910	2.252160	-0.008111	2.619140
37.687075	2306.673393	2.257165	-0.008090	2.621648
37.876000	2311.831879	2.262170	-0.008135	2.624184
37.890572	2316.920962	2.267174	-0.008139	2.626659
37.740908	2321.925869	2.272179	-0.008104	2.629065
37.916654	2327.016230	2.277184	-0.008147	2.631559
37.978807	2332.371150	2.282189	-0.008162	2.634162
38.008759	2337.539805	2.287194	-0.008170	2.636668
38.139084	2342.381466	2.292198	-0.008201	2.639028
38.136127	2347.571333	2.297203	-0.008201	2.641534
38.093904	2352.751197	2.302208	-0.008192	2.644028
38.190939	2357.878072	2.307213	-0.008215	2.646514
38.327414	2362.795513	2.312218	-0.008249	2.648902
38.425923	2367.914623	2.317222	-0.008273	2.651380
38.426816	2373.468742	2.322227	-0.008274	2.654050
38.550842	2378.561217	2.327232	-0.008304	2.656514
38.546554	2383.460437	2.332237	-0.008303	2.658864
38.667675	2388.572264	2.337242	-0.008333	2.661332
38.659542	2393.758696	2.342246	-0.008331	2.663815
38.735854	2398.900898	2.347251	-0.008350	2.666287
38.656609	2403.865662	2.352256	-0.008332	2.668649
38.771206	2408.984093	2.357261	-0.008360	2.671111
38.914502	2414.330993	2.362266	-0.008394	2.673683
38.985164	2419.452828	2.367270	-0.008412	2.676135
39.129059	2424.308092	2.372275	-0.008447	2.678468
39.025071	2429.473534	2.377280	-0.008422	2.680911
39.127096	2434.635320	2.382285	-0.008447	2.683380
39.035346	2439.824209	2.387290	-0.008426	2.685832
39.278075	2444.707639	2.392294	-0.008484	2.688184
39.281045	2449.831759	2.397299	-0.008486	2.690615
39.515767	2455.187381	2.402304	-0.008542	2.693185
39.257552	2460.467696	2.407309	-0.008481	2.695648
39.457096	2465.414097	2.412314	-0.008529	2.698015
39.461360	2470.500393	2.417318	-0.008531	2.700419
39.553922	2475.659288	2.422323	-0.008554	2.702867
39.589801	2480.779017	2.427328	-0.008563	2.705286
39.686641	2485.769684	2.432333	-0.008586	2.707652
39.752140	2490.835217	2.437338	-0.008603	2.710046
39.686777	2496.162369	2.442342	-0.008588	2.712542
39.820177	2501.376247	2.447347	-0.008620	2.715011
39.892016	2506.387211	2.452352	-0.008638	2.717374
39.963936	2511.396554	2.457357	-0.008655	2.719734
39.860120	2516.645561	2.462362	-0.008631	2.722179
39.977021	2521.751726	2.467366	-0.008660	2.724586
40.012436	2526.800746	2.472371	-0.008669	2.726953
40.070963	2531.759717	2.477376	-0.008683	2.729280
40.156176	2537.041996	2.482381	-0.008704	2.731759
40.212109	2542.396782	2.487386	-0.008718	2.734265
40.425335	2547.416695	2.492390	-0.008769	2.736635
40.474248	2552.392262	2.497395	-0.008782	2.738959
40.389553	2557.576414	2.502400	-0.008762	2.741360
40.422351	2562.709837	2.507405	-0.008770	2.743751
40.529288	2567.853194	2.512410	-0.008796	2.746156
40.577588	2572.764245	2.517414	-0.008808	2.748442
40.594348	2577.925198	2.522419	-0.008813	2.750838
40.632697	2583.305995	2.527424	-0.008823	2.753336
40.677700	2588.467744	2.532429	-0.008834	2.755732
40.738311	2593.363309	2.537434	-0.008849	2.758005
40.786821	2598.471312	2.542438	-0.008861	2.760372
40.818406	2603.656399	2.547443	-0.008869	2.762771
40.812115	2608.805818	2.552448	-0.008868	2.765146
40.916336	2613.767585	2.557453	-0.008894	2.767447
41.020397	2618.846148	2.562458	-0.008919	2.769801
41.180731	2624.152638	2.567462	-0.008958	2.772265
41.203531	2629.444977	2.572467	-0.008964	2.774701
41.349614	2634.430033	2.577472	-0.008999	2.777011
41.375228	2639.448236	2.582477	-0.009006	2.779318
41.398303	2644.635503	2.587482	-0.009012	2.781700
41.361773	2649.746734	2.592486	-0.009004	2.784037
41.419567	2654.820658	2.597491	-0.009018	2.786368
41.519353	2659.766943	2.602496	-0.009043	2.788644
41.401729	2665.026969	2.607501	-0.009015	2.791033
41.595047	2670.303420	2.612506	-0.009062	2.793468
41.583288	2675.446013	2.617510	-0.009060	2.795813
41.730150	2680.359014	2.622515	-0.009095	2.798073
41.746910	2685.499609	2.627520	-0.009100	2.800417
41.767717	2690.692045	2.632525	-0.009105	2.802783
41.786096	2695.832590	2.637530	-0.009110	2.805123
41.863438	2700.779266	2.642534	-0.009129	2.807382
41.951892	2705.861515	2.647539	-0.009151	2.809701
42.038522	2711.290040	2.652544	-0.009172	2.812175
42.098204	2716.514948	2.657549	-0.009187	2.814551
42.099561	2721.544228	2.662554	-0.009188	2.816829
42.064241	2726.573189	2.667558	-0.009180	2.819100
42.085749	2731.768378	2.672563	-0.009186	2.821452
42.195007	2736.877117	2.677568	-0.009212	2.823774
42.353444	2741.932066	2.682573	-0.009251	2.826077
42.309152	2746.924058	2.687578	-0.009241	2.828323
42.274742	2752.137480	2.692582	-0.009233	2.830668
42.493438	2757.423097	2.697587	-0.009286	2.833077
42.535554	2762.580475	2.702592	-0.009296	2.835402
42.608124	2767.461517	2.707597	-0.009314	2.837606
42.851835	2772.515236	2.712602	-0.009373	2.839908
42.606613	2777.763081	2.717606	-0.009315	2.842232
42.825741	2782.859579	2.722611	-0.009368	2.844546
42.782739	2787.869100	2.727616	-0.009358	2.846785
42.677753	2792.999738	2.732621	-0.009334	2.849068
42.810766	2798.310562	2.737626	-0.009366	2.851462
42.923925	2803.576520	2.742630	-0.009393	2.853830
42.946936	2808.650176	2.747635	-0.009400	2.856099
43.043493	2813.613313	2.752640	-0.009423	2.858327
43.027519	2818.779919	2.757645	-0.009420	2.860629
43.191044	2823.895483	2.762650	-0.009459	2.862929
43.275379	2829.022911	2.767654	-0.009480	2.865223
43.236701	2833.984648	2.772659	-0.009471	2.867425
43.239440	2839.120086	2.777664	-0.009473	2.869709
43.398099	2844.472967	2.782669	-0.009511	2.872107
43.401530	2849.660244	2.787674	-0.009512	2.874409
43.591159	2854.587587	2.792678	-0.009558	2.876619
43.507152	2859.707679	2.797683	-0.009539	2.878876
43.501206	2864.874652	2.802688	-0.009538	2.881163
43.614745	2870.000402	2.807693	-0.009566	2.883445
43.655820	2875.099743	2.812698	-0.009576	2.885705
43.709131	2880.027013	2.817702	-0.009589	2.887888
43.836538	2885.273365	2.822707	-0.009620	2.890220
43.911158	2890.717811	2.827712	-0.009639	2.892630
43.897775	2895.848577	2.832717	-0.009636	2.894889
43.966134	2900.743292	2.837722	-0.009653	2.897053
44.020066	2905.845355	2.842726	-0.009666	2.899305
44.059569	2911.015265	2.847731	-0.009676	2.901583
44.183995	2916.122720	2.852736	-0.009706	2.903842
44.144680	2921.150669	2.857741	-0.009698	2.906044
44.282030	2926.152673	2.862746	-0.009731	2.908255
44.315131	2931.386091	2.867750	-0.009739	2.910553
44.303947	2936.709919	2.872755	-0.009737	2.912883
44.364402	2941.833866	2.877760	-0.009752	2.915133
44.231301	2946.771959	2.882765	-0.009721	2.917275
44.542515	2951.871326	2.887770	-0.009796	2.919542
44.579463	2957.031030	2.892774	-0.009805	2.921800
44.429185	2962.248008	2.897779	-0.009770	2.924056
44.614169	2967.173129	2.902784	-0.009815	2.926227
44.666446	2972.242040	2.907789	-0.009828	2.928441
44.752466	2977.549079	2.912794	-0.009849	2.930762
44.902290	2982.847747	2.917798	-0.009885	2.933085
44.861595	2987.937406	2.922803	-0.009876	2.935291
44.923531	2992.870460	2.927808	-0.009891	2.937441
44.886250	2998.032172	2.932813	-0.009883	2.939676
45.046983	3003.200696	2.937818	-0.009922	2.941937
45.082616	3008.345755	2.942822	-0.009931	2.944171
45.072564	3013.311618	2.947827	-0.009929	2.946319
45.085361	3018.390780	2.952832	-0.009933	2.948518
45.135141	3023.672662	2.957837	-0.009945	2.950807
45.200275	3028.958606	2.962842	-0.009961	2.953099
45.163414	3034.008714	2.967846	-0.009953	2.955274
45.217361	3038.964828	2.972851	-0.009966	2.957418
45.401482	3044.065573	2.977856	-0.010011	2.959639
45.571109	3049.176559	2.982861	-0.010052	2.961861
45.405759	3054.396693	2.987866	-0.010013	2.964087
45.552756	3059.305501	2.992870	-0.010049	2.966216
45.521160	3064.439737	2.997875	-0.010042	2.968418
45.643382	3069.802252	3.002880	-0.010071	2.970735
45.655772	3075.092624	3.007885	-0.010075	2.973007
45.854804	3080.130536	3.012890	-0.010123	2.975191
45.879550	3085.066661	3.017894	-0.010129	2.977308
45.840314	3090.262387	3.022899	-0.010121	2.979528
45.805159	3095.475405	3.027904	-0.010113	2.981754
45.882505	3100.613498	3.032909	-0.010132	2.983959
46.055569	3105.549037	3.037914	-0.010174	2.986088
46.045226	3110.636218	3.042918	-0.010172	2.988259
46.088867	3115.851597	3.047923	-0.010183	2.990488
46.137963	3121.081795	3.052928	-0.010195	2.992723
46.185693	3126.137376	3.057933	-0.010207	2.994882
46.158258	3131.124039	3.062938	-0.010201	2.997001
46.331301	3136.221071	3.067942	-0.010243	2.999190
46.153743	3141.472836	3.072947	-0.010201	3.001400
46.364411	3146.575620	3.077952	-0.010252	3.003592
46.452931	3151.516664	3.082957	-0.010273	3.005700
46.333253	3156.655729	3.087962	-0.010245	3.007864
46.542372	3161.929382	3.092966	-0.010296	3.010124
46.592588	3167.269046	3.097971	-0.010308	3.012391
46.592007	3172.398294	3.102976	-0.010309	3.014561
46.811054	3177.243817	3.107981	-0.010362	3.016636
46.663971	3182.463132	3.112986	-0.010327	3.018824
46.672542	3187.632562	3.117990	-0.010330	3.021007
46.966369	3192.685931	3.122995	-0.010400	3.023174
46.908914	3197.740000	3.128000	-0.010387	3.025298
46.898754	3202.773868	3.133005	-0.010385	3.027418
47.005610	3208.030484	3.138010	-0.010411	3.029643
46.991656	3213.346603	3.143014	-0.010409	3.031878
47.043389	3218.506221	3.148019	-0.010422	3.034053
47.180731	3223.383751	3.153024	-0.010455	3.036118
47.142217	3228.529922	3.158029	-0.010446	3.038274
47.040100	3233.769100	3.163034	-0.010422	3.040460
47.204337	3238.871519	3.168038	-0.010462	3.042618
47.421572	3243.878485	3.173043	-0.010515	3.044741
47.424359	3248.856043	3.178048	-0.010516	3.046825
47.432493	3254.061728	3.183053	-0.010518	3.049003
47.504180	3259.543944	3.188058	-0.010536	3.051303
47.600050	3264.663139	3.193062	-0.010559	3.053453
47.627120	3269.603259	3.198067	-0.010566	3.055518
47.664808	3274.680024	3.203072	-0.010576	3.057640
47.692076	3279.821694	3.208077	-0.010583	3.059786
47.714622	3285.017043	3.213082	-0.010589	3.061953
47.716310	3290.121378	3.218086	-0.010590	3.064078
47.797405	3295.014823	3.223091	-0.010610	3.066123
47.918402	3300.155110	3.228096	-0.010639	3.068274
47.916218	3305.518458	3.233101	-0.010639	3.070501
48.180813	3310.668943	3.238106	-0.010703	3.072670
48.102656	3315.702821	3.243110	-0.010685	3.074749
48.102451	3320.719061	3.248115	-0.010685	3.076828
48.182627	3325.907016	3.253120	-0.010705	3.078986
48.137477	3331.101912	3.258125	-0.010695	3.081131
48.177127	3336.232973	3.263130	-0.010705	3.083258
48.174715	3341.194210	3.268134	-0.010705	3.085309
48.261388	3346.285139	3.273139	-0.010726	3.087422
48.336885	3351.590761	3.278144	-0.010745	3.089621
48.288307	3356.962735	3.283149	-0.010734	3.091831
48.513354	3362.060135	3.288154	-0.010788	3.093958
48.483748	3366.950657	3.293158	-0.010781	3.095969
48.494085	3372.129878	3.298163	-0.010784	3.098102
48.527313	3377.284298	3.303168	-0.010793	3.100227
48.726143	3382.369706	3.308173	-0.010841	3.102340
48.698219	3387.463050	3.313178	-0.010835	3.104429
48.600029	3392.473557	3.318182	-0.010812	3.106475
48.791886	3397.608645	3.323187	-0.010858	3.108604
48.844034	3402.988679	3.328192	-0.010871	3.110815
48.896957	3408.104779	3.333197	-0.010884	3.112917
48.879737	3413.110284	3.338202	-0.010881	3.114965
48.964733	3418.135063	3.343206	-0.010902	3.117030
49.036650	3423.308899	3.348211	-0.010919	3.119154
49.225884	3428.425583	3.353216	-0.010965	3.121266
49.181951	3433.529161	3.358221	-0.010955	3.123345
49.143598	3438.415686	3.363226	-0.010947	3.125334
49.216854	3443.527993	3.368230	-0.010965	3.127427
49.318963	3448.945417	3.373235	-0.010990	3.129647
49.370265	3454.244228	3.378240	-0.011002	3.131810
49.369605	3459.328507	3.383245	-0.011003	3.133879
49.455057	3464.254959	3.388250	-0.011024	3.135892
49.574124	3469.377456	3.393254	-0.011053	3.137987
49.548780	3474.587775	3.398259	-0.011047	3.140101
49.504206	3479.687612	3.403264	-0.011037	3.142165
49.563019	3484.705375	3.408269	-0.011052	3.144207
49.668259	3489.709040	3.413274	-0.011077	3.146247
49.500326	3494.949867	3.418278	-0.011038	3.148351
49.700794	3500.298188	3.423283	-0.011086	3.150539
49.876680	3505.455556	3.428288	-0.011129	3.152644
49.717329	3510.465832	3.433293	-0.011091	3.154652
49.889615	3515.437769	3.438298	-0.011133	3.156680
49.921061	3520.613247	3.443302	-0.011141	3.158773
49.932807	3525.811499	3.448307	-0.011144	3.160872
50.084343	3530.929235	3.453312	-0.011181	3.162952
50.080342	3535.858899	3.458317	-0.011181	3.164938
50.039135	3541.021317	3.463322	-0.011171	3.167012
50.056191	3546.345790	3.468326	-0.011176	3.169156
50.142140	3551.678347	3.473331	-0.011197	3.171310
50.275488	3556.784798	3.478336	-0.011229	3.173377
50.398521	3561.618282	3.483341	-0.011259	3.175332
50.266659	3566.817699	3.488346	-0.011228	3.177404
50.180689	3572.018834	3.493350	-0.011208	3.179481
50.339822	3577.105866	3.498355	-0.011247	3.181537
50.476314	3582.232833	3.503360	-0.011280	3.183606
50.591085	3587.123365	3.508365	-0.011308	3.185576
50.439095	3592.337832	3.513370	-0.011272	3.187646
50.623915	3597.690507	3.518374	-0.011317	3.189806
50.686314	3602.888674	3.523379	-0.011332	3.191890
50.721971	3607.890256	3.528384	-0.011342	3.193891
50.688909	3612.886266	3.533389	-0.011334	3.195880
50.843779	3618.030908	3.538394	-0.011372	3.197949
50.927810	3623.216984	3.543398	-0.011392	3.200025
50.784478	3628.388948	3.548403	-0.011359	3.202069
50.928268	3633.362312	3.553408	-0.011394	3.204064
51.008233	3638.396964	3.558413	-0.011413	3.206075
51.008850	3643.607940	3.563418	-0.011414	3.208147
51.098251	3649.007366	3.568422	-0.011436	3.210301
51.173372	3654.121666	3.573427	-0.011454	3.212339
51.154723	3659.117409	3.578432	-0.011450	3.214319
51.164678	3664.135270	3.583437	-0.011453	3.216310
51.378490	3669.282424	3.588442	-0.011505	3.218372
51.414604	3674.421034	3.593446	-0.011514	3.220411
51.377670	3679.596843	3.598451	-0.011506	3.222455
51.514234	3684.519836	3.603456	-0.011539	3.224417
51.468485	3689.561433	3.608461	-0.011529	3.226405
51.501189	3694.883831	3.613466	-0.011537	3.228510
51.523186	3700.183330	3.618470	-0.011543	3.230605
51.578719	3705.337905	3.623475	-0.011557	3.232644
51.761202	3710.164520	3.628480	-0.011601	3.234566
51.612724	3715.339952	3.633485	-0.011566	3.236590
51.719877	3720.486288	3.638490	-0.011592	3.238627
51.809641	3725.600108	3.643494	-0.011614	3.240649
51.827597	3730.801573	3.648499	-0.011619	3.242696
51.927225	3735.666545	3.653504	-0.011643	3.244619
51.972835	3740.798604	3.658509	-0.011654	3.246640
52.123317	3746.151588	3.663514	-0.011691	3.248757
52.058837	3751.495714	3.668518	-0.011676	3.250846
52.067215	3756.610218	3.673523	-0.011679	3.252852
52.233393	3761.476760	3.678528	-0.011719	3.254776
52.104348	3766.657404	3.683533	-0.011689	3.256791
52.333555	3771.797191	3.688538	-0.011744	3.258826
52.202344	3776.962435	3.693542	-0.011713	3.260833
52.276039	3782.074416	3.698547	-0.011731	3.262838
52.323154	3786.979993	3.703552	-0.011743	3.264759
52.453117	3792.074356	3.708557	-0.011775	3.266761
52.556305	3797.374382	3.713562	-0.011800	3.268840
52.422291	3802.577708	3.718566	-0.011768	3.270854
52.506652	3807.676239	3.723571	-0.011789	3.272849
52.669046	3812.571043	3.728576	-0.011828	3.274772
52.582987	3817.709137	3.733581	-0.011808	3.276763
52.759112	3822.921012	3.738586	-0.011851	3.278808
52.647620	3828.064938	3.743590	-0.011825	3.280796
52.730983	3833.198679	3.748595	-0.011845	3.282799
52.856664	3838.092648	3.753600	-0.011876	3.284711
52.839385	3843.252099	3.758605	-0.011872	3.286711
52.844472	3848.744615	3.763610	-0.011874	3.288842
53.088895	3853.891822	3.768614	-0.011933	3.290861
53.090629	3859.034126	3.773619	-0.011934	3.292853
53.184670	3863.910553	3.778624	-0.011957	3.294750
53.192185	3869.042880	3.783629	-0.011959	3.296736
53.230242	3874.263118	3.788634	-0.011969	3.298757
53.267309	3879.362341	3.793638	-0.011978	3.300731
53.347560	3884.503348	3.798643	-0.011998	3.302724
53.288510	3889.435885	3.803648	-0.011984	3.304621
53.351640	3894.550275	3.808653	-0.012000	3.306600
53.311621	3899.951088	3.813658	-0.011991	3.308678
53.299509	3905.143570	3.818662	-0.011989	3.310676
53.414894	3910.254398	3.823667	-0.012017	3.312655
53.459119	3915.143577	3.828672	-0.012028	3.314541
53.595904	3920.264557	3.833677	-0.012061	3.316523
53.542866	3925.512678	3.838682	-0.012049	3.318535
53.685394	3930.587984	3.843686	-0.012084	3.320498
53.714221	3935.703630	3.848691	-0.012091	3.322464
53.832446	3940.615582	3.853696	-0.012120	3.324360
53.880212	3945.748522	3.858701	-0.012132	3.326333
53.916148	3951.194145	3.863706	-0.012141	3.328423
53.852975	3956.482470	3.868710	-0.012126	3.330441
53.875557	3961.582492	3.873715	-0.012132	3.332395
54.024641	3966.446496	3.878720	-0.012168	3.334270
53.991555	3971.609520	3.883725	-0.012161	3.336240
54.057199	3976.763572	3.888730	-0.012177	3.338215
54.184693	3981.901208	3.893734	-0.012208	3.340189
54.091506	3987.066225	3.898739	-0.012187	3.342150
54.204541	3991.938591	3.903744	-0.012214	3.344020
54.337688	3997.065777	3.908749	-0.012246	3.345987
54.383369	4002.398508	3.913754	-0.012258	3.348022
54.413345	4007.657382	3.918758	-0.012266	3.350027
54.378243	4012.839558	3.923763	-0.012258	3.351995
54.486355	4017.680116	3.928768	-0.012284	3.353846
54.537515	4022.817711	3.933773	-0.012297	3.355803
54.622345	4028.009568	3.938778	-0.012318	3.357783
54.596185	4033.139681	3.943782	-0.012312	3.359727
54.527523	4038.315950	3.948787	-0.012296	3.361684
54.635715	4043.226667	3.953792	-0.012323	3.363556
54.830414	4048.289893	3.958797	-0.012370	3.365494
54.780420	4053.671402	3.963802	-0.012358	3.367526
54.839864	4059.038380	3.968806	-0.012373	3.369563
54.848512	4064.193107	3.973811	-0.012376	3.371513
55.026581	4069.080375	3.978816	-0.012419	3.373378
55.071377	4074.128234	3.983821	-0.012430	3.375290
54.994221	4079.292543	3.988826	-0.012412	3.377232
54.978310	4084.511754	3.993830	-0.012409	3.379200
55.031997	4089.655485	3.998835	-0.012422	3.381145
55.031647	4094.622324	4.003840	-0.012423	3.383016
55.175544	4099.636589	4.008845	-0.012457	3.384919
55.132302	4104.854861	4.013850	-0.012448	3.386880
55.250091	4110.199603	4.018854	-0.012476	3.388902
55.382201	4115.382758	4.023859	-0.012508	3.390864
55.381209	4120.376549	4.028864	-0.012509	3.392741
55.326524	4125.361214	4.033869	-0.012496	3.394608
55.488519	4130.511381	4.038874	-0.012535	3.396557
55.459171	4135.700686	4.043878	-0.012529	3.398501
55.401057	4140.875392	4.048883	-0.012516	3.400435
55.478379	4145.916399	4.053888	-0.012535	3.402332
55.571926	4150.845170	4.058893	-0.012558	3.404187
55.732135	4155.999741	4.063898	-0.012596	3.406132
55.768332	4161.522347	4.068902	-0.012606	3.408202
55.637369	4166.773977	4.073907	-0.012575	3.410153
55.819365	4171.831832	4.078912	-0.012619	3.412060
55.892755	4176.661319	4.083917	-0.012637	3.413871
55.892924	4181.844367	4.088922	-0.012637	3.415806
56.000448	4187.018662	4.093926	-0.012664	3.417746
55.959202	4192.189768	4.098931	-0.012654	3.419670
55.998611	4197.339707	4.103936	-0.012664	3.421593
56.050729	4202.188269	4.108941	-0.012677	3.423404
56.170626	4207.325733	4.113946	-0.012707	3.425328
56.163583	4212.541491	4.118950	-0.012705	3.427267
56.140790	4217.800351	4.123955	-0.012700	3.429221
56.254037	4222.944997	4.128960	-0.012728	3.431143
56.327300	4227.852233	4.133965	-0.012746	3.432973
56.325457	4232.963893	4.138970	-0.012746	3.434870
56.350555	4238.153141	4.143974	-0.012753	3.436797
56.362672	4243.303147	4.148979	-0.012756	3.438708
56.498666	4248.436172	4.153984	-0.012789	3.440623
56.445098	4253.405501	4.158989	-0.012777	3.442458
56.564197	4258.445596	4.163994	-0.012806	3.444335
56.638054	4263.586969	4.168998	-0.012824	3.446245
56.729223	4269.187113	4.174003	-0.012847	3.448324
56.772401	4274.332179	4.179008	-0.012857	3.450229
56.746226	4279.355716	4.184013	-0.012852	3.452082
56.530394	4284.435294	4.189018	-0.012801	3.453937
56.896771	4289.462499	4.194022	-0.012889	3.455826
56.846380	4294.644314	4.199027	-0.012877	3.457732
56.893231	4299.784761	4.204032	-0.012889	3.459631
56.903932	4304.890601	4.209037	-0.012892	3.461512
56.854657	4309.820188	4.214042	-0.012881	3.463322
57.003397	4314.979625	4.219046	-0.012917	3.465235
57.078839	4320.270114	4.224051	-0.012935	3.467187
57.142466	4325.577657	4.229056	-0.012951	3.469144
57.124962	4330.725134	4.234061	-0.012948	3.471033
57.198241	4335.579361	4.239066	-0.012966	3.472822
57.226832	4340.699348	4.244070	-0.012973	3.474703
57.357627	4345.831178	4.249075	-0.013005	3.476597
57.395802	4351.008022	4.254080	-0.013014	3.478498
57.437611	4356.134791	4.259085	-0.013025	3.480380
57.461968	4361.128023	4.264090	-0.013031	3.482211
57.486128	4366.142715	4.269094	-0.013038	3.484048
57.516808	4371.347971	4.274099	-0.013045	3.485955
57.480122	4376.911393	4.279104	-0.013037	3.487985
57.425229	4382.077440	4.284109	-0.013025	3.489867
57.561753	4387.093687	4.289114	-0.013058	3.491711
57.692514	4392.007981	4.294118	-0.013090	3.493517
57.642955	4397.227096	4.299123	-0.013078	3.495416
57.690321	4402.406659	4.304128	-0.013090	3.497308
57.715569	4407.521752	4.309133	-0.013097	3.499174
57.802211	4412.683329	4.314138	-0.013118	3.501062
57.785423	4417.545083	4.319142	-0.013114	3.502830
57.937789	4422.689599	4.324147	-0.013151	3.504715
57.848832	4427.967062	4.329152	-0.013131	3.506626
58.034935	4433.272070	4.334157	-0.013176	3.508571
58.093940	4438.452871	4.339162	-0.013190	3.510458
58.101377	4443.416252	4.344166	-0.013193	3.512260
58.135880	4448.421887	4.349171	-0.013201	3.514079
58.204461	4453.601596	4.354176	-0.013218	3.515964
58.203868	4458.751431	4.359181	-0.013219	3.517830
58.387117	4463.891669	4.364186	-0.013263	3.519708
58.469161	4468.930620	4.369190	-0.013283	3.521540
58.385832	4473.928078	4.374195	-0.013264	3.523341
58.562254	4479.070468	4.379200	-0.013307	3.525217
58.622526	4484.537524	4.384205	-0.013322	3.527198
58.628984	4489.808437	4.389210	-0.013324	3.529103
58.507190	4494.986149	4.394214	-0.013295	3.530961
58.524042	4499.808372	4.399219	-0.013300	3.532703
58.684640	4504.944374	4.404224	-0.013339	3.534570
58.582788	4510.105135	4.409229	-0.013315	3.536421
58.750086	4515.295238	4.414234	-0.013355	3.538306
58.842616	4520.414836	4.419238	-0.013378	3.540158
58.810318	4525.360797	4.424243	-0.013371	3.541936
58.891568	4530.434683	4.429248	-0.013391	3.543768
58.947209	4535.547108	4.434253	-0.013404	3.545612
58.950088	4541.002031	4.439258	-0.013406	3.547572
59.026272	4546.138364	4.444262	-0.013424	3.549424
59.145965	4551.156154	4.449267	-0.013454	3.551236
59.029434	4556.120159	4.454272	-0.013426	3.553007
58.961766	4561.308737	4.459277	-0.013411	3.554861
59.228799	4566.459029	4.464282	-0.013475	3.556731
59.248494	4571.591342	4.469286	-0.013480	3.558572
59.276901	4576.764284	4.474291	-0.013488	3.560426
59.250141	4581.680439	4.479296	-0.013482	3.562184
59.256950	4586.790643	4.484301	-0.013484	3.564012
59.424205	4591.985304	4.489306	-0.013524	3.565884
59.378269	4597.447693	4.494310	-0.013514	3.567832
59.432310	4602.626084	4.499315	-0.013527	3.569686
59.541649	4607.615097	4.504320	-0.013554	3.571476
59.600421	4612.553454	4.509325	-0.013569	3.573244
59.547634	4617.812468	4.514330	-0.013557	3.575114
59.542130	4622.976720	4.519334	-0.013556	3.576954
59.616556	4628.112586	4.524339	-0.013574	3.578790
59.720868	4633.233252	4.529344	-0.013600	3.580623
59.630573	4638.105997	4.534349	-0.013578	3.582349
59.712290	4643.237352	4.539354	-0.013599	3.584181
59.800305	4648.486649	4.544358	-0.013620	3.586055
59.830603	4653.822306	4.549363	-0.013628	3.587953
59.965463	4658.949640	4.554368	-0.013661	3.589786
59.990743	4663.888288	4.559373	-0.013667	3.591541
60.078875	4668.912563	4.564378	-0.013689	3.593331
60.092256	4674.102969	4.569382	-0.013693	3.595173
60.245024	4679.290162	4.574387	-0.013730	3.597025
60.177595	4684.469531	4.579392	-0.013714	3.598854
60.302371	4689.487263	4.584397	-0.013744	3.600641
60.240764	4694.466545	4.589402	-0.013730	3.602398
60.257462	4699.569509	4.594406	-0.013735	3.604204
60.330158	4704.853070	4.599411	-0.013753	3.606078
60.392772	4710.236432	4.604416	-0.013768	3.607986
60.586648	4715.346639	4.609421	-0.013815	3.609807
61.355843	4720.102709	4.614426	-0.014000	3.611552
63.815259	4724.521877	4.619430	-0.014588	3.613322
63.918108	4729.696913	4.624435	-0.014613	3.615156
64.065413	4734.838115	4.629440	-0.014649	3.616980
64.178988	4739.962677	4.634445	-0.014677	3.618795
64.135455	4745.074772	4.639450	-0.014667	3.620591
64.079025	4749.994622	4.644454	-0.014654	3.622318
64.262494	4755.133856	4.649459	-0.014698	3.624141
64.460926	4760.419583	4.654464	-0.014746	3.626016
64.259985	4765.743531	4.659469	-0.014699	3.627870
64.383081	4770.874301	4.664474	-0.014729	3.629682
64.399610	4775.820837	4.669478	-0.014733	3.631420
64.491206	4780.851283	4.674483	-0.014756	3.633192
64.631198	4786.012335	4.679488	-0.014790	3.635014
64.540010	4791.203361	4.684493	-0.014769	3.636826
64.725258	4796.343571	4.689498	-0.014813	3.638642
64.731457	4801.436869	4.694502	-0.014815	3.640426
64.766367	4806.286609	4.699507	-0.014824	3.642126
64.707260	4811.539799	4.704512	-0.014811	3.643959
64.855198	4816.864524	4.709517	-0.014847	3.645833
64.865152	4822.230631	4.714522	-0.014850	3.647709
64.720621	4827.391694	4.719526	-0.014816	3.649499
64.858292	4832.312933	4.724531	-0.014849	3.651229
64.976687	4837.354846	4.729536	-0.014878	3.652998
65.076843	4842.505702	4.734541	-0.014902	3.654803
65.000799	4847.706826	4.739546	-0.014885	3.656610
64.920559	4852.853242	4.744550	-0.014866	3.658396
65.011105	4857.977317	4.749555	-0.014888	3.660188
65.241515	4862.823693	4.754560	-0.014944	3.661894
65.184712	4867.984469	4.759565	-0.014931	3.663685
65.196264	4873.266978	4.764570	-0.014934	3.665523
65.245733	4878.625728	4.769574	-0.014946	3.667390
65.394705	4883.768357	4.774579	-0.014983	3.669189
65.395178	4888.768295	4.779584	-0.014983	3.670925
65.307181	4893.749449	4.784589	-0.014963	3.672646
65.415846	4898.901089	4.789594	-0.014989	3.674442
65.417558	4904.089824	4.794598	-0.014990	3.676242
65.547806	4909.209889	4.799603	-0.015022	3.678027
65.565743	4914.392624	4.804608	-0.015027	3.679823
65.502845	4919.215630	4.809613	-0.015012	3.681488
65.670909	4924.389148	4.814618	-0.015053	3.683292
65.821874	4929.652396	4.819622	-0.015089	3.685125
65.726546	4935.121440	4.824627	-0.015067	3.687008
65.740810	4940.350284	4.829632	-0.015071	3.688816
65.655337	4945.317870	4.834637	-0.015051	3.690525
65.770567	4950.261769	4.839642	-0.015079	3.692241
65.669978	4955.438431	4.844646	-0.015056	3.694019
65.933592	4960.569174	4.849651	-0.015119	3.695810
65.870972	4965.770798	4.854656	-0.015105	3.697598
65.808588	4970.875162	4.859661	-0.015091	3.699352
66.088063	4975.766756	4.864666	-0.015158	3.701059
66.011250	4980.871147	4.869670	-0.015140	3.702810
66.034555	4986.056798	4.874675	-0.015146	3.704596
66.096363	4991.533701	4.879680	-0.015161	3.706484
66.251846	4996.621513	4.884685	-0.015199	3.708246
66.286635	5001.721218	4.889690	-0.015208	3.710001
66.133241	5006.633156	4.894694	-0.015172	3.711675
66.295082	5011.773108	4.899699	-0.015211	3.713452
66.387840	5016.937334	4.904704	-0.015234	3.715232
66.387207	5022.085098	4.909709	-0.015234	3.716997
66.503747	5027.256908	4.914714	-0.015263	3.718779
66.426689	5032.243464	4.919718	-0.015245	3.720481
66.618421	5037.200040	4.924723	-0.015291	3.722194
66.481889	5042.466076	4.929728	-0.015259	3.723985
66.558184	5047.925565	4.934733	-0.015278	3.725859
66.618709	5053.131247	4.939738	-0.015293	3.727644
66.787510	5058.298496	4.944742	-0.015334	3.729423
66.762783	5063.123342	4.949747	-0.015328	3.731070
66.686820	5068.256804	4.954752	-0.015311	3.732816
66.675440	5073.428745	4.959757	-0.015308	3.734581
66.760564	5078.611646	4.964762	-0.015329	3.736355
66.870236	5083.745504	4.969766	-0.015356	3.738115
66.986587	5088.808788	4.974771	-0.015384	3.739850
66.907849	5093.750493	4.979776	-0.015366	3.741527
66.877908	5098.916845	4.984781	-0.015359	3.743283
67.136099	5104.188061	4.989786	-0.015422	3.745098
67.067240	5109.506144	4.994790	-0.015406	3.746902
67.106279	5114.663824	4.999795	-0.015416	3.748658
67.169706	5119.628045	5.004800	-0.015431	3.750350
67.161479	5124.607551	5.009805	-0.015430	3.752041
67.359685	5129.766543	5.014810	-0.015478	3.753809
67.132926	5135.021443	5.019814	-0.015424	3.755574
67.267682	5140.141230	5.024819	-0.015457	3.757322
67.271839	5145.361049	5.029824	-0.015458	3.759092
67.454884	5150.129882	5.034829	-0.015503	3.760722
67.491545	5155.306343	5.039834	-0.015512	3.762479
67.369417	5160.570974	5.044838	-0.015483	3.764252
67.472695	5166.078248	5.049843	-0.015509	3.766124
67.457126	5171.323210	5.054848	-0.015505	3.767897
67.463513	5176.327262	5.059853	-0.015508	3.769589
67.466835	5181.224319	5.064858	-0.015509	3.771244
67.643119	5186.406109	5.069862	-0.015552	3.773009
67.711344	5191.503481	5.074867	-0.015568	3.774735
67.713652	5196.746138	5.079872	-0.015569	3.776505
67.655681	5201.816339	5.084877	-0.015556	3.778211
67.802119	5206.836971	5.089882	-0.015592	3.779915
67.937696	5211.783673	5.094886	-0.015625	3.781593
67.857050	5216.952131	5.099891	-0.015606	3.783327
67.987427	5222.348786	5.104896	-0.015638	3.785155
68.093419	5227.532890	5.109901	-0.015663	3.786908
67.979586	5232.783980	5.114906	-0.015637	3.788665
68.115782	5237.645594	5.119910	-0.015670	3.790311
68.053301	5242.724162	5.124915	-0.015655	3.792013
68.234966	5247.873414	5.129920	-0.015699	3.793757
68.200401	5253.090592	5.134925	-0.015692	3.795506
68.107803	5258.289996	5.139930	-0.015670	3.797244
68.348442	5263.225387	5.144934	-0.015728	3.798918
68.285689	5268.070604	5.149939	-0.015714	3.800538
68.347820	5273.264669	5.154944	-0.015729	3.802284
68.439385	5278.388223	5.159949	-0.015751	3.804008
68.432789	5283.982335	5.164954	-0.015750	3.805881
68.409389	5289.149230	5.169958	-0.015745	3.807609
68.487844	5294.199032	5.174963	-0.015765	3.809304
68.537883	5299.083930	5.179968	-0.015777	3.810942
68.564957	5304.212532	5.184973	-0.015784	3.812658
68.688612	5309.428879	5.189978	-0.015814	3.814410
68.606453	5314.580563	5.194982	-0.015795	3.816125
68.819799	5319.718587	5.199987	-0.015847	3.817856
68.632036	5324.792287	5.204992	-0.015802	3.819535
68.854108	5329.750446	5.209997	-0.015856	3.821205
68.886822	5334.876670	5.215002	-0.015864	3.822917
68.865737	5340.254531	5.220006	-0.015860	3.824707
68.980424	5345.471834	5.225011	-0.015888	3.826454
68.928251	5350.697592	5.230016	-0.015876	3.828190
68.859790	5355.669469	5.235021	-0.015860	3.829839
69.101380	5360.635975	5.240026	-0.015918	3.831509
68.911374	5365.855748	5.245030	-0.015873	3.833231
69.172835	5370.965088	5.250035	-0.015936	3.834948
68.899895	5376.217661	5.255040	-0.015872	3.836673
69.208339	5381.299439	5.260045	-0.015946	3.838383
69.102839	5386.253362	5.265050	-0.015921	3.840019
69.173364	5391.320143	5.270054	-0.015939	3.841705
69.173204	5396.497444	5.275059	-0.015939	3.843422
69.362684	5402.034621	5.280064	-0.015985	3.845272
69.523343	5407.147446	5.285069	-0.016024	3.846978
69.554294	5412.307902	5.290074	-0.016032	3.848689
69.496262	5417.124692	5.295078	-0.016019	3.850279
69.594230	5422.198973	5.300083	-0.016042	3.851965
69.583926	5427.411327	5.305088	-0.016041	3.853688
69.673546	5432.582725	5.310093	-0.016063	3.855404
69.730831	5437.717427	5.315098	-0.016077	3.857105
69.785717	5442.830371	5.320102	-0.016090	3.858798
69.704771	5447.691398	5.325107	-0.016072	3.860397
69.803049	5452.886985	5.330112	-0.016096	3.862118
69.813300	5458.049780	5.335117	-0.016099	3.863822
69.924685	5463.502830	5.340122	-0.016126	3.865628
69.674669	5468.672797	5.345126	-0.016066	3.867313
69.851294	5473.697166	5.350131	-0.016109	3.868981
69.916020	5478.571481	5.355136	-0.016125	3.870591
70.108043	5483.740041	5.360141	-0.016172	3.872306
70.088887	5488.901257	5.365146	-0.016168	3.874003
70.111784	5494.084763	5.370150	-0.016174	3.875709
70.166574	5499.250132	5.375155	-0.016187	3.877411
70.210280	5504.255832	5.380160	-0.016198	3.879059
70.190969	5509.210230	5.385165	-0.016194	3.880684
70.360208	5514.324401	5.390170	-0.016235	3.882376
70.291395	5519.787065	5.395174	-0.016219	3.884163
70.330834	5525.122408	5.400179	-0.016229	3.885916
70.464417	5530.296323	5.405184	-0.016262	3.887621
70.515551	5535.238366	5.410189	-0.016274	3.889245
70.527035	5540.189402	5.415194	-0.016278	3.890867
70.590865	5545.394116	5.420198	-0.016294	3.892576
70.596429	5550.547288	5.425203	-0.016295	3.894263
70.624495	5555.787433	5.430208	-0.016303	3.895979
70.714422	5560.824209	5.435213	-0.016325	3.897632
70.771437	5565.822680	5.440218	-0.016339	3.899270
70.749832	5570.829227	5.445222	-0.016334	3.900904
70.722471	5575.981621	5.450227	-0.016328	3.902585
70.892357	5581.401564	5.455232	-0.016369	3.904366
70.859307	5586.630621	5.460237	-0.016362	3.906070
70.986782	5591.777620	5.465242	-0.016393	3.907757
71.080908	5596.701482	5.470246	-0.016416	3.909369
71.089603	5601.680774	5.475251	-0.016419	3.910992
71.235953	5606.879105	5.480256	-0.016454	3.912696
71.119367	5612.077328	5.485261	-0.016427	3.914380
71.281159	5617.184710	5.490266	-0.016466	3.916054
71.324962	5622.337609	5.495270	-0.016477	3.917733
71.241299	5627.318162	5.500275	-0.016458	3.919347
71.384198	5632.380581	5.505280	-0.016492	3.921002
71.481903	5637.461857	5.510285	-0.016516	3.922660
71.451472	5643.054289	5.515290	-0.016509	3.924474
71.325287	5648.331683	5.520294	-0.016480	3.926178
71.462817	5653.461995	5.525299	-0.016513	3.927852
71.491004	5658.386484	5.530304	-0.016520	3.929451
71.614643	5663.339256	5.535309	-0.016551	3.931066
71.579842	5668.534087	5.540314	-0.016543	3.932747
71.675416	5673.828867	5.545318	-0.016566	3.934468
71.695539	5678.868597	5.550323	-0.016572	3.936101
71.733712	5684.050247	5.555328	-0.016581	3.937781
71.784948	5688.976427	5.560333	-0.016594	3.939378
71.783128	5694.015680	5.565338	-0.016594	3.941008
71.894095	5699.158947	5.570342	-0.016621	3.942678
71.984837	5704.610405	5.575347	-0.016643	3.944446
71.918694	5709.812335	5.580352	-0.016628	3.946121
72.004996	5714.953235	5.585357	-0.016649	3.947786
72.114257	5719.774879	5.590362	-0.016676	3.949350
72.155979	5724.874570	5.595366	-0.016686	3.950998
72.206265	5730.045245	5.600371	-0.016699	3.952668
72.281668	5735.251423	5.605376	-0.016718	3.954351
72.217713	5740.383496	5.610381	-0.016703	3.956000
72.293772	5745.539646	5.615386	-0.016721	3.957666
72.384611	5750.390148	5.620390	-0.016744	3.959233
72.332519	5755.498779	5.625395	-0.016732	3.960873
72.404644	5760.703952	5.630400	-0.016750	3.962552
72.456965	5766.271185	5.635405	-0.016763	3.964346
72.422871	5771.443716	5.640410	-0.016755	3.966005
72.413437	5776.646120	5.645414	-0.016753	3.967676
72.556627	5781.431567	5.650419	-0.016788	3.969222
72.677384	5786.467030	5.655424	-0.016817	3.970846
72.607469	5791.693744	5.660429	-0.016801	3.972518
72.572744	5796.930618	5.665434	-0.016793	3.974195
72.727520	5802.025538	5.670438	-0.016831	3.975839
72.780389	5807.187476	5.675443	-0.016844	3.977496
72.943614	5812.096716	5.680448	-0.016884	3.979080
72.820588	5817.137892	5.685453	-0.016855	3.980685
72.849862	5822.339547	5.690458	-0.016862	3.982351
72.998592	5827.778362	5.695462	-0.016899	3.984101
73.118337	5832.915261	5.700467	-0.016928	3.985752
73.006215	5838.106093	5.705472	-0.016901	3.987403
73.074460	5843.004212	5.710477	-0.016918	3.988973
73.110506	5848.056893	5.715482	-0.016927	3.990589
73.093847	5853.220763	5.720486	-0.016924	3.992236
73.172130	5858.427092	5.725491	-0.016943	3.993902
73.134949	5863.621187	5.730496	-0.016935	3.995556
73.210671	5868.711956	5.735501	-0.016953	3.997184
73.296575	5873.601770	5.740506	-0.016975	3.998748
73.213763	5878.754078	5.745510	-0.016955	4.000384
73.356496	5883.825954	5.750515	-0.016990	4.002009
73.394382	5889.410915	5.755520	-0.017000	4.003789
73.345720	5894.683116	5.760525	-0.016988	4.005463
73.423035	5899.859941	5.765530	-0.017007	4.007115
73.373158	5904.804734	5.770534	-0.016996	4.008683
73.491725	5909.766671	5.775539	-0.017025	4.010268
73.656263	5914.934160	5.780544	-0.017065	4.011920
73.661231	5920.100405	5.785549	-0.017067	4.013561
73.675070	5925.079936	5.790554	-0.017070	4.015142
73.680276	5930.275877	5.795558	-0.017072	4.016791
73.765781	5935.185124	5.800563	-0.017093	4.018353
73.810249	5940.250812	5.805568	-0.017104	4.019962
73.780717	5945.426872	5.810573	-0.017098	4.021600
73.829673	5950.729382	5.815578	-0.017110	4.023283
73.856875	5955.988433	5.820582	-0.017117	4.024950
73.862068	5961.125070	5.825587	-0.017119	4.026576
73.972380	5966.196140	5.830592	-0.017146	4.028187
73.933493	5971.105296	5.835597	-0.017137	4.029737
74.030417	5976.203978	5.840602	-0.017161	4.031355
74.185535	5981.404131	5.845606	-0.017198	4.033009
74.143071	5986.574012	5.850611	-0.017189	4.034639
74.158493	5991.747609	5.855616	-0.017193	4.036273
74.263997	5996.792507	5.860621	-0.017219	4.037872
74.244476	6001.709373	5.865626	-0.017214	4.039422
74.345429	6006.896870	5.870630	-0.017239	4.041064
74.285441	6012.201604	5.875635	-0.017225	4.042733
74.327018	6017.707181	5.880640	-0.017236	4.044470
74.363704	6022.802700	5.885645	-0.017245	4.046077
74.485011	6027.828927	5.890650	-0.017275	4.047667
74.472529	6032.789985	5.895654	-0.017272	4.049228
74.441568	6037.915654	5.900659	-0.017265	4.050838
74.588569	6043.051736	5.905664	-0.017301	4.052463
74.680594	6048.228267	5.910669	-0.017324	4.054096
74.701495	6053.352233	5.915674	-0.017329	4.055707
74.806189	6058.489548	5.920678	-0.017355	4.057328
74.714163	6063.339850	5.925683	-0.017333	4.058844
74.715374	6068.505790	5.930688	-0.017334	4.060465
74.674794	6073.668584	5.935693	-0.017325	4.062082
74.735994	6079.147784	5.940698	-0.017340	4.063804
74.870377	6084.296257	5.945702	-0.017373	4.065427
74.767380	6089.518228	5.950707	-0.017349	4.067056
74.842774	6094.347162	5.955712	-0.017367	4.068574
74.895283	6099.425060	5.960717	-0.017380	4.070167
74.925052	6104.557589	5.965722	-0.017388	4.071775
75.098624	6109.791034	5.970726	-0.017430	4.073423
75.069571	6114.928945	5.975731	-0.017423	4.075028
75.155647	6120.101912	5.980736	-0.017445	4.076651
75.208461	6124.955064	5.985741	-0.017458	4.078170
75.174674	6130.033955	5.990746	-0.017450	4.079754
75.152117	6135.236502	5.995750	-0.017445	4.081377
75.185547	6140.752708	6.000755	-0.017454	4.083101
75.285748	6146.054231	6.005760	-0.017478	4.084761
75.342014	6151.197792	6.010765	-0.017492	4.086369
75.323960	6156.159400	6.015770	-0.017489	4.087914
75.499561	6161.101917	6.020774	-0.017531	4.089465
75.438687	6166.334799	6.025779	-0.017517	4.091091
75.568682	6171.480216	6.030784	-0.017549	4.092702
75.665256	6176.625563	6.035789	-0.017572	4.094309
75.675814	6181.759570	6.040794	-0.017575	4.095907
75.676839	6186.809182	6.045798	-0.017576	4.097477
75.778869	6191.661142	6.050803	-0.017601	4.098992
75.729924	6196.860511	6.055808	-0.017590	4.100605
75.832285	6202.098168	6.060813	-0.017615	4.102238
75.815676	6207.530338	6.065818	-0.017611	4.103924
75.724119	6212.687333	6.070822	-0.017590	4.105518
75.651085	6217.828411	6.075827	-0.017573	4.107109
75.843485	6222.627061	6.080832	-0.017620	4.108609
75.775568	6227.786056	6.085837	-0.017604	4.110204
75.888163	6232.928213	6.090842	-0.017631	4.111805
75.929362	6238.168670	6.095846	-0.017642	4.113431
76.052473	6243.274460	6.100851	-0.017672	4.115020
76.192610	6248.455459	6.105856	-0.017706	4.116632
76.154547	6253.329766	6.110861	-0.017697	4.118138
76.157198	6258.421666	6.115866	-0.017698	4.119713
76.111583	6263.631408	6.120870	-0.017688	4.121321
76.264213	6269.139229	6.125875	-0.017725	4.123033
76.323296	6274.356099	6.130880	-0.017740	4.124648
76.302339	6279.560988	6.135885	-0.017735	4.126254
76.391689	6284.479409	6.140890	-0.017757	4.127778
76.376238	6289.486759	6.145894	-0.017754	4.129322
76.432603	6294.599832	6.150899	-0.017768	4.130903
76.525144	6299.797671	6.155904	-0.017791	4.132511
76.549259	6304.957753	6.160909	-0.017797	4.134103
76.581648	6310.079639	6.165914	-0.017805	4.135683
76.616726	6315.127919	6.170918	-0.017814	4.137240
76.691977	6319.999575	6.175923	-0.017833	4.138744
76.630496	6325.247715	6.180928	-0.017818	4.140356
76.744667	6330.440022	6.185933	-0.017846	4.141960
76.810340	6335.851340	6.190938	-0.017863	4.143628
76.880893	6341.019046	6.195942	-0.017880	4.145221
76.874424	6346.149431	6.200947	-0.017879	4.146797
76.938546	6350.962533	6.205952	-0.017895	4.148279
76.853122	6356.147203	6.210957	-0.017875	4.149866
76.915101	6361.339741	6.215962	-0.017890	4.151463
76.986440	6366.503917	6.220966	-0.017908	4.153052
77.102731	6371.567378	6.225971	-0.017936	4.154612
76.966364	6376.818029	6.230976	-0.017904	4.156214
77.135742	6381.699463	6.235981	-0.017945	4.157720
77.140793	6386.755366	6.240986	-0.017947	4.159269
77.207125	6391.950755	6.245990	-0.017963	4.160864
77.356227	6397.404956	6.250995	-0.017999	4.162543
77.316338	6402.746201	6.256000	-0.017990	4.164175
77.335639	6407.881655	6.261005	-0.017996	4.165747
77.387694	6412.866453	6.266010	-0.018009	4.167274
77.338232	6417.843771	6.271014	-0.017997	4.168792
77.379274	6423.017383	6.276019	-0.018008	4.170375
77.398384	6428.184063	6.281024	-0.018013	4.171954
77.452775	6433.326230	6.286029	-0.018026	4.173528
77.395446	6438.504919	6.291034	-0.018013	4.175104
77.428132	6443.608232	6.296038	-0.018021	4.176663
77.437129	6448.398702	6.301043	-0.018024	4.178125
77.636630	6453.557535	6.306048	-0.018072	4.179709
77.795174	6458.708096	6.311053	-0.018111	4.181289
77.723143	6464.226346	6.316058	-0.018094	4.182965
77.806184	6469.376515	6.321062	-0.018115	4.184538
77.813227	6474.488339	6.326067	-0.018117	4.186095
77.912793	6479.384606	6.331072	-0.018141	4.187590
77.905215	6484.452768	6.336077	-0.018140	4.189131
77.784215	6489.649002	6.341082	-0.018111	4.190704
78.122994	6494.796162	6.346086	-0.018193	4.192289
78.011219	6499.960547	6.351091	-0.018167	4.193851
77.974771	6505.129401	6.356096	-0.018159	4.195418
78.034697	6510.105239	6.361101	-0.018173	4.196933
78.162817	6515.045756	6.366106	-0.018205	4.198440
78.027926	6520.287046	6.371110	-0.018173	4.200022
78.208609	6525.524652	6.376115	-0.018217	4.201621
78.348019	6531.019684	6.381120	-0.018250	4.203295
78.248151	6536.189999	6.386125	-0.018227	4.204855
78.425672	6541.272546	6.391130	-0.018270	4.206405
78.324055	6546.139678	6.396134	-0.018246	4.207873
78.317397	6551.255971	6.401139	-0.018245	4.209421
78.289841	6556.437076	6.406144	-0.018239	4.210987
78.388149	6561.608811	6.411149	-0.018263	4.212557
78.550959	6566.761589	6.416154	-0.018303	4.214125
78.468019	6571.928362	6.421158	-0.018283	4.215681
78.566835	6576.811279	6.426163	-0.018308	4.217163
78.610433	6581.860812	6.431168	-0.018318	4.218690
78.682490	6586.961438	6.436173	-0.018336	4.220234
78.703245	6592.334733	6.441178	-0.018342	4.221857
78.773286	6597.654926	6.446182	-0.018359	4.223466
78.757314	6602.836571	6.451187	-0.018356	4.225028
78.809174	6607.892945	6.456192	-0.018369	4.226555
78.815668	6612.801466	6.461197	-0.018371	4.228035
78.980249	6617.896511	6.466202	-0.018411	4.229579
78.865268	6623.123620	6.471206	-0.018384	4.231146
78.990630	6628.275767	6.476211	-0.018414	4.232705
79.049244	6633.413778	6.481216	-0.018429	4.234254
79.023447	6638.610584	6.486221	-0.018423	4.235816
79.022861	6643.460653	6.491226	-0.018423	4.237274
79.066146	6648.567749	6.496230	-0.018434	4.238811
79.067484	6653.705635	6.501235	-0.018435	4.240355
79.185192	6659.249093	6.506240	-0.018464	4.242027
79.311117	6664.556050	6.511245	-0.018495	4.243628
79.292834	6669.672392	6.516250	-0.018491	4.245162
79.293932	6674.693156	6.521254	-0.018492	4.246669
79.352574	6679.585884	6.526259	-0.018506	4.248139
79.301287	6684.790070	6.531264	-0.018494	4.249697
79.303276	6689.986903	6.536269	-0.018495	4.251254
79.360546	6695.172893	6.541274	-0.018510	4.252811
79.494243	6700.312701	6.546278	-0.018542	4.254358
79.552293	6705.393896	6.551283	-0.018556	4.255883
79.469967	6710.262922	6.556288	-0.018537	4.257335
79.443114	6715.313925	6.561293	-0.018531	4.258844
79.614111	6720.391319	6.566298	-0.018573	4.260373
79.738069	6725.826427	6.571302	-0.018603	4.262005
79.853591	6731.033296	6.576307	-0.018631	4.263567
79.808632	6736.207047	6.581312	-0.018621	4.265110
79.757345	6741.185183	6.586317	-0.018609	4.266594
79.732173	6746.106681	6.591322	-0.018604	4.268061
79.807545	6751.340240	6.596326	-0.018622	4.269627
79.847314	6756.441234	6.601331	-0.018632	4.271151
79.801247	6761.673575	6.606336	-0.018622	4.272709
79.938912	6766.876890	6.611341	-0.018655	4.274267
79.863902	6771.986525	6.616346	-0.018638	4.275786
80.087688	6776.757883	6.621350	-0.018692	4.277220
79.932476	6781.942962	6.626355	-0.018655	4.278755
80.057143	6787.127919	6.631360	-0.018686	4.280305
80.219742	6792.683285	6.636365	-0.018725	4.281967
80.197549	6797.893874	6.641370	-0.018720	4.283516
80.381103	6803.050410	6.646374	-0.018765	4.285059
80.166017	6808.032471	6.651379	-0.018714	4.286528
80.302822	6812.980874	6.656384	-0.018747	4.288006
80.447464	6818.165040	6.661389	-0.018782	4.289554
80.472728	6823.308559	6.666394	-0.018789	4.291082
80.431981	6828.480107	6.671398	-0.018780	4.292615
80.321367	6833.686717	6.676403	-0.018754	4.294153
80.373565	6838.844340	6.681408	-0.018767	4.295686
80.531844	6843.581429	6.686413	-0.018805	4.297099
80.459093	6848.716735	6.691418	-0.018788	4.298617
80.533451	6853.895609	6.696422	-0.018806	4.300156
80.515246	6859.366906	6.701427	-0.018803	4.301775
80.780543	6864.510450	6.706432	-0.018867	4.303313
80.740295	6869.711392	6.711437	-0.018858	4.304850
80.747121	6874.659387	6.716442	-0.018860	4.306314
80.849069	6879.670352	6.721446	-0.018885	4.307801
81.180245	6884.755098	6.726451	-0.018964	4.309323
81.057088	6889.966230	6.731456	-0.018935	4.310856
81.265258	6895.067273	6.736461	-0.018986	4.312375
81.172363	6900.267920	6.741466	-0.018964	4.313906
81.350542	6905.416371	6.746470	-0.019007	4.315435
81.429066	6910.233040	6.751475	-0.019026	4.316861
81.312271	6915.419198	6.756480	-0.018999	4.318385
81.550598	6920.547038	6.761485	-0.019057	4.319910
81.497581	6926.100922	6.766490	-0.019044	4.321545
81.677049	6931.354895	6.771494	-0.019088	4.323103
81.692316	6936.453869	6.776499	-0.019092	4.324606
81.774914	6941.471012	6.781504	-0.019112	4.326088
81.854390	6946.369563	6.786509	-0.019132	4.327534
81.777672	6951.573703	6.791514	-0.019114	4.329061
81.923791	6956.722233	6.796518	-0.019150	4.330584
81.757722	6961.929659	6.801523	-0.019110	4.332106
81.949778	6967.078635	6.806528	-0.019157	4.333630
81.989898	6972.208843	6.811533	-0.019167	4.335140
81.900786	6977.011957	6.816538	-0.019146	4.336546
81.975772	6982.173181	6.821542	-0.019165	4.338066
81.917863	6987.334292	6.826547	-0.019151	4.339578
82.114838	6992.698935	6.831552	-0.019199	4.341163
82.124837	6997.973560	6.836557	-0.019202	4.342711
82.110906	7003.112878	6.841562	-0.019199	4.344217
82.154121	7008.200801	6.846566	-0.019210	4.345711
82.296994	7013.025934	6.851571	-0.019245	4.347133
82.320065	7018.183920	6.856576	-0.019251	4.348645
82.263522	7023.412779	6.861581	-0.019238	4.350174
82.371544	7028.565113	6.866586	-0.019264	4.351688
82.305840	7033.712876	6.871590	-0.019249	4.353191
82.454429	7038.828273	6.876595	-0.019285	4.354695
82.422412	7043.771577	6.881600	-0.019278	4.356139
82.556348	7048.808826	6.886605	-0.019310	4.357619
82.537460	7053.961388	6.891610	-0.019306	4.359124
82.636442	7059.370913	6.896614	-0.019331	4.360709
82.743061	7064.752169	6.901619	-0.019357	4.362287
82.690750	7069.938853	6.906624	-0.019345	4.363798
82.762124	7075.041529	6.911629	-0.019362	4.365291
82.841469	7079.816989	6.916634	-0.019382	4.366688
82.703184	7085.003207	6.921638	-0.019349	4.368194
82.867980	7090.148610	6.926643	-0.019389	4.369702
82.787546	7095.417790	6.931648	-0.019370	4.371234
82.853767	7100.528040	6.936653	-0.019387	4.372726
82.942425	7105.630603	6.941658	-0.019409	4.374217
82.991033	7110.641415	6.946662	-0.019421	4.375678
82.871361	7115.606252	6.951667	-0.019393	4.377117
82.939072	7120.778981	6.956672	-0.019409	4.378625
83.034882	7126.017116	6.961677	-0.019433	4.380154
83.139352	7131.431678	6.966682	-0.019458	4.381734
83.143244	7136.597894	6.971686	-0.019460	4.383235
83.253298	7141.718670	6.976691	-0.019487	4.384729
83.222431	7146.625959	6.981696	-0.019480	4.386153
83.339091	7151.669412	6.986701	-0.019508	4.387623
83.318476	7156.834131	6.991706	-0.019504	4.389121
83.333134	7162.017900	6.996710	-0.019508	4.390626
83.434633	7167.165137	7.001715	-0.019533	4.392124
83.330466	7172.406257	7.006720	-0.019508	4.393638
83.430071	7177.490614	7.011725	-0.019533	4.395117
83.592330	7182.272280	7.016730	-0.019572	4.396511
83.477872	7187.493503	7.021734	-0.019545	4.398017
83.476732	7192.659392	7.026739	-0.019545	4.399513
83.604115	7198.338973	7.031744	-0.019576	4.401164
83.578575	7203.569081	7.036749	-0.019571	4.402676
83.703171	7208.684383	7.041754	-0.019601	4.404162
83.758685	7213.663757	7.046758	-0.019615	4.405604
83.659101	7218.572162	7.051763	-0.019592	4.407018
83.633044	7223.795262	7.056768	-0.019586	4.408526
83.649780	7228.945448	7.061773	-0.019590	4.410015
83.922164	7234.062395	7.066778	-0.019656	4.411506
83.821036	7239.262086	7.071782	-0.019632	4.413002
83.899052	7244.431462	7.076787	-0.019652	4.414498
83.907206	7249.319598	7.081792	-0.019654	4.415908
83.906453	7254.353817	7.086797	-0.019654	4.417360
83.880815	7259.533858	7.091802	-0.019649	4.418852
84.158245	7264.800277	7.096806	-0.019716	4.420384
84.116533	7270.122241	7.101811	-0.019706	4.421915
84.124208	7275.383025	7.106816	-0.019709	4.423430
84.183356	7280.456404	7.111821	-0.019723	4.424894
84.151346	7285.262339	7.116826	-0.019716	4.426276
84.228768	7290.439953	7.121830	-0.019735	4.427769
84.287191	7295.623798	7.126835	-0.019750	4.429263
84.331099	7300.821762	7.131840	-0.019761	4.430760
84.222186	7305.942121	7.136845	-0.019735	4.432226
84.302539	7311.055603	7.141850	-0.019755	4.433699
84.262450	7316.173653	7.146854	-0.019746	4.435167
84.310922	7321.049339	7.151859	-0.019758	4.436569
84.412211	7326.224021	7.156864	-0.019783	4.438060
84.505451	7331.355103	7.161869	-0.019806	4.439537
84.612471	7337.048309	7.166874	-0.019832	4.441175
84.557439	7342.190696	7.171878	-0.019819	4.442647
84.649032	7347.295855	7.176883	-0.019842	4.444115
84.592450	7352.268638	7.181888	-0.019829	4.445537
84.656666	7357.275148	7.186893	-0.019845	4.446974
84.711608	7362.415779	7.191898	-0.019858	4.448449
84.632474	7367.605693	7.196902	-0.019840	4.449931
84.727856	7372.747024	7.201907	-0.019863	4.451407
84.870213	7377.921143	7.206912	-0.019898	4.452894
84.725957	7383.123270	7.211917	-0.019864	4.454375
84.880186	7387.864102	7.216922	-0.019901	4.455738
84.969078	7392.992625	7.221926	-0.019923	4.457208
84.966669	7398.197860	7.226931	-0.019923	4.458695
85.023872	7403.533263	7.231936	-0.019937	4.460222
84.978498	7408.858900	7.236941	-0.019927	4.461740
85.100546	7414.050987	7.241946	-0.019957	4.463228
85.086615	7419.149270	7.246950	-0.019954	4.464682
85.222454	7423.903434	7.251955	-0.019987	4.466045
85.107707	7429.104638	7.256960	-0.019960	4.467522
85.177605	7434.280870	7.261965	-0.019977	4.469001
85.136372	7439.497889	7.266970	-0.019968	4.470485
85.281747	7444.618429	7.271974	-0.020003	4.471951
85.299560	7449.793548	7.276979	-0.020008	4.473426
85.398041	7454.831334	7.281984	-0.020032	4.474865
85.465343	7459.729141	7.286989	-0.020048	4.476262
85.472152	7464.881554	7.291994	-0.020051	4.477728
85.403430	7470.093750	7.296998	-0.020035	4.479207
85.485756	7475.591257	7.302003	-0.020055	4.480774
85.570349	7480.762895	7.307008	-0.020076	4.482247
85.695233	7485.847969	7.312013	-0.020106	4.483698
85.532253	7490.841480	7.317018	-0.020068	4.485108
85.644966	7495.808764	7.322022	-0.020095	4.486524
85.550951	7500.900186	7.327027	-0.020073	4.487965
85.682813	7506.108390	7.332032	-0.020105	4.489449
85.818765	7511.339673	7.337037	-0.020138	4.490939
85.764893	7516.434681	7.342042	-0.020126	4.492381
85.887047	7521.592499	7.347046	-0.020156	4.493849
85.911892	7526.482240	7.352051	-0.020162	4.495236
85.839922	7531.522380	7.357056	-0.020145	4.496660
85.998020	7536.650359	7.362061	-0.020184	4.498120
85.943550	7542.032653	7.367066	-0.020171	4.499641
86.090745	7547.406511	7.372070	-0.020207	4.501169
86.113869	7552.477849	7.377075	-0.020213	4.502605
86.119609	7557.678547	7.382080	-0.020215	4.504076
86.140429	7562.481872	7.387085	-0.020221	4.505435
86.080530	7567.528011	7.392090	-0.020207	4.506859
86.028820	7572.809725	7.397094	-0.020195	4.508348
86.133479	7577.985828	7.402099	-0.020220	4.509815
86.258614	7583.078329	7.407104	-0.020251	4.511259
86.247692	7588.307372	7.412109	-0.020249	4.512735
86.264651	7593.419404	7.417114	-0.020253	4.514178
86.441847	7598.177103	7.422118	-0.020296	4.515529
86.350387	7603.335092	7.427123	-0.020275	4.516979
86.421477	7608.540248	7.432128	-0.020292	4.518450
86.533848	7614.079182	7.437133	-0.020320	4.520016
86.534291	7619.316477	7.442138	-0.020321	4.521491
86.572355	7624.543575	7.447142	-0.020330	4.522965
86.623475	7629.547251	7.452147	-0.020343	4.524376
86.604922	7634.413388	7.457152	-0.020339	4.525745
86.642164	7639.630036	7.462157	-0.020348	4.527215
86.677659	7644.668839	7.467162	-0.020357	4.528634
86.730324	7649.977303	7.472166	-0.020371	4.530129
86.886170	7655.049099	7.477171	-0.020408	4.531562
86.926555	7660.045299	7.482176	-0.020419	4.532968
86.948065	7665.071801	7.487181	-0.020424	4.534381
86.750608	7669.992117	7.492186	-0.020378	4.535753
86.940750	7675.184691	7.497190	-0.020424	4.537220
86.965988	7680.327672	7.502195	-0.020430	4.538664
87.179516	7685.830285	7.507200	-0.020482	4.540218
87.018460	7691.017924	7.512205	-0.020444	4.541665
86.988080	7696.120705	7.517210	-0.020437	4.543095
87.152952	7701.107766	7.522214	-0.020477	4.544500
87.155897	7706.043239	7.527219	-0.020478	4.545883
87.268487	7711.224990	7.532224	-0.020506	4.547340
87.311595	7716.354236	7.537229	-0.020517	4.548778
87.195801	7721.601958	7.542234	-0.020489	4.550242
87.159552	7726.796799	7.547238	-0.020481	4.551694
87.421585	7731.876674	7.552243	-0.020544	4.553127
87.541049	7736.841257	7.557248	-0.020574	4.554521
87.533232	7741.788340	7.562253	-0.020572	4.555904
87.528407	7746.992268	7.567258	-0.020572	4.557358
87.520056	7752.242025	7.572262	-0.020570	4.558825
87.628209	7757.931399	7.577267	-0.020597	4.560419
87.708879	7763.043578	7.582272	-0.020616	4.561850
87.714390	7768.175418	7.587277	-0.020618	4.563282
87.542452	7773.104343	7.592282	-0.020578	4.564650
87.602963	7778.109335	7.597286	-0.020593	4.566049
87.652470	7783.224069	7.602291	-0.020605	4.567478
87.593539	7788.405352	7.607296	-0.020591	4.568919
87.643995	7793.598229	7.612301	-0.020604	4.570369
87.659584	7798.772736	7.617306	-0.020608	4.571811
87.800548	7803.937215	7.622310	-0.020642	4.573256
87.727960	7808.808781	7.627315	-0.020626	4.574609
87.881657	7813.819579	7.632320	-0.020663	4.576011
87.864719	7819.046256	7.637325	-0.020659	4.577464
87.960330	7824.231428	7.642330	-0.020683	4.578911
87.952212	7829.696905	7.647334	-0.020681	4.580431
87.962759	7834.833147	7.652339	-0.020684	4.581859
88.131874	7839.977627	7.657344	-0.020725	4.583296
88.261316	7844.848152	7.662349	-0.020757	4.584655
88.130131	7849.839201	7.667354	-0.020726	4.586036
88.206810	7855.068805	7.672358	-0.020745	4.587491
88.228773	7860.215646	7.677363	-0.020751	4.588921
88.173571	7865.349669	7.682368	-0.020738	4.590343
88.417857	7870.601961	7.687373	-0.020797	4.591811
88.307078	7875.747142	7.692378	-0.020771	4.593232
88.362507	7880.656221	7.697382	-0.020785	4.594596
88.385508	7885.647532	7.702387	-0.020791	4.595980
88.327630	7890.822546	7.707392	-0.020777	4.597411
88.515316	7896.199456	7.712397	-0.020823	4.598909
88.486304	7901.668566	7.717402	-0.020817	4.600422
88.485467	7906.868657	7.722406	-0.020817	4.601861
88.506785	7911.994564	7.727411	-0.020823	4.603280
88.830774	7916.807839	7.732416	-0.020901	4.604626
88.688557	7921.903455	7.737421	-0.020867	4.606029
88.681181	7927.033028	7.742426	-0.020866	4.607447
88.798076	7932.313616	7.747430	-0.020894	4.608911
88.776082	7937.404688	7.752435	-0.020890	4.610317
88.727798	7942.606685	7.757440	-0.020879	4.611751
88.796552	7947.760918	7.762445	-0.020896	4.613177
88.825048	7952.545391	7.767450	-0.020903	4.614499
88.908382	7957.675495	7.772454	-0.020923	4.615919
88.956466	7962.804937	7.777459	-0.020935	4.617336
88.865031	7968.162165	7.782464	-0.020914	4.618809
89.065905	7973.501414	7.787469	-0.020963	4.620290
89.125663	7978.662219	7.792474	-0.020977	4.621714
89.250474	7983.828962	7.797478	-0.021008	4.623143
89.116441	7988.616970	7.802483	-0.020976	4.624456
89.309910	7993.669251	7.807488	-0.021023	4.625856
89.499865	7998.847334	7.812493	-0.021069	4.627289
89.492034	8004.069970	7.817498	-0.021068	4.628726
89.413635	8009.230551	7.822502	-0.021049	4.630142
89.413657	8014.450601	7.827507	-0.021050	4.631578
89.421932	8019.556240	7.832512	-0.021052	4.632982
89.592792	8024.430806	7.837517	-0.021094	4.634329
89.627813	8029.480704	7.842522	-0.021103	4.635718
89.654172	8034.679017	7.847526	-0.021110	4.637147
89.698588	8040.040972	7.852531	-0.021121	4.638621
89.810316	8045.475889	7.857536	-0.021148	4.640118
89.729176	8050.708708	7.862541	-0.021129	4.641550
89.769659	8055.770216	7.867546	-0.021139	4.642940
89.763495	8060.716516	7.872550	-0.021138	4.644297
89.887977	8065.650464	7.877555	-0.021169	4.645655
89.901573	8070.865421	7.882560	-0.021173	4.647085
89.803099	8076.072302	7.887565	-0.021149	4.648507
90.153465	8081.156477	7.892570	-0.021234	4.649915
90.086110	8086.366192	7.897574	-0.021218	4.651338
90.008088	8091.473075	7.902579	-0.021200	4.652733
90.195522	8096.391429	7.907584	-0.021245	4.654087
90.148695	8101.357176	7.912589	-0.021235	4.655443
90.111642	8106.602537	7.917594	-0.021226	4.656876
90.276678	8111.853234	7.922598	-0.021266	4.658319
90.225667	8117.307375	7.927603	-0.021255	4.659808
90.282626	8122.426374	7.932608	-0.021269	4.661209
90.334702	8127.623139	7.937613	-0.021282	4.662631
90.286294	8132.458718	7.942618	-0.021271	4.663949
90.381415	8137.510011	7.947622	-0.021294	4.665332
90.419862	8142.668919	7.952627	-0.021304	4.666742
90.637641	8147.828926	7.957632	-0.021356	4.668159
90.568664	8153.013454	7.962637	-0.021341	4.669570
90.502663	8158.176162	7.967642	-0.021325	4.670975
90.418665	8163.338617	7.972646	-0.021306	4.672378
90.448525	8168.233980	7.977651	-0.021313	4.673714
90.681637	8173.213834	7.982656	-0.021370	4.675080
90.697760	8178.408856	7.987661	-0.021374	4.676496
90.656452	8183.634994	7.992666	-0.021365	4.677917
90.770198	8189.231069	7.997670	-0.021392	4.679445
90.752619	8194.454535	8.002675	-0.021389	4.680865
90.739999	8199.590423	8.007680	-0.021386	4.682262
90.946184	8204.534457	8.012685	-0.021436	4.683615
90.963915	8209.418306	8.017690	-0.021441	4.684943
90.974611	8214.643567	8.022694	-0.021444	4.686364
91.101018	8219.718134	8.027699	-0.021475	4.687748
90.959075	8224.974623	8.032704	-0.021441	4.689169
90.988319	8230.094805	8.037709	-0.021449	4.690561
91.015493	8235.295055	8.042714	-0.021456	4.691974
91.237095	8240.295599	8.047718	-0.021509	4.693340
91.187894	8245.258611	8.052723	-0.021498	4.694684
91.099634	8250.418983	8.057728	-0.021478	4.696080
91.156720	8255.605838	8.062733	-0.021492	4.697489
91.318462	8261.019042	8.067738	-0.021531	4.698963
91.255402	8266.249381	8.072742	-0.021516	4.700377
91.244294	8271.430694	8.077747	-0.021514	4.701780
91.355872	8276.484144	8.082752	-0.021542	4.703153
91.339871	8281.315175	8.087757	-0.021538	4.704460
91.468657	8286.407011	8.092762	-0.021570	4.705844
91.542583	8291.582591	8.097766	-0.021588	4.707247
91.495221	8296.800106	8.102771	-0.021577	4.708656
91.657607	8301.942281	8.107776	-0.021616	4.710053
91.686367	8307.234526	8.112781	-0.021624	4.711485
91.524679	8312.315764	8.117786	-0.021586	4.712852
91.594899	8317.129832	8.122790	-0.021603	4.714155
91.744901	8322.284638	8.127795	-0.021639	4.715553
91.704826	8327.406155	8.132800	-0.021630	4.716935
91.700007	8333.020112	8.137805	-0.021630	4.718450
91.673957	8338.317373	8.142810	-0.021624	4.719878
91.794570	8343.581381	8.147814	-0.021653	4.721303
91.897440	8348.662111	8.152819	-0.021678	4.722677
91.795685	8353.435798	8.157824	-0.021655	4.723960
91.881273	8358.513913	8.162829	-0.021676	4.725332
91.990006	8363.727957	8.167834	-0.021702	4.726741
91.939455	8368.937367	8.172838	-0.021691	4.728143
91.981205	8374.098512	8.177843	-0.021701	4.729534
91.852700	8379.227552	8.182848	-0.021671	4.730910
92.017852	8384.362800	8.187853	-0.021711	4.732298
92.088059	8389.212060	8.192858	-0.021728	4.733606
92.183139	8394.264442	8.197862	-0.021752	4.734969
92.050662	8399.433584	8.202867	-0.021720	4.736353
92.215029	8404.676058	8.207872	-0.021760	4.737769
92.205899	8410.149360	8.212877	-0.021759	4.739239
92.369889	8415.254527	8.217882	-0.021798	4.740618
92.277479	8420.522629	8.222886	-0.021777	4.742029
92.228858	8425.382207	8.227891	-0.021766	4.743331
92.339764	8430.354346	8.232896	-0.021793	4.744671
92.529304	8435.548975	8.237901	-0.021839	4.746072
92.470005	8440.677345	8.242906	-0.021825	4.747445
92.545461	8445.903645	8.247910	-0.021844	4.748850
92.483112	8451.036615	8.252915	-0.021829	4.750224
92.629894	8456.239143	8.257920	-0.021865	4.751624
92.510993	8461.185351	8.262925	-0.021837	4.752944
92.463623	8466.159638	8.267930	-0.021826	4.754275
92.493340	8471.296497	8.272934	-0.021834	4.755652
92.684579	8476.475194	8.277939	-0.021880	4.757046
92.608426	8482.105521	8.282944	-0.021862	4.758550
92.691229	8487.343092	8.287949	-0.021883	4.759954
92.714532	8492.534946	8.292954	-0.021889	4.761344
92.796640	8497.537521	8.297958	-0.021909	4.762685
92.904829	8502.388192	8.302963	-0.021935	4.763986
92.890979	8507.487113	8.307968	-0.021932	4.765348
92.871685	8512.715676	8.312973	-0.021928	4.766744
92.983919	8517.841176	8.317978	-0.021956	4.768117
93.015328	8523.005732	8.322982	-0.021964	4.769498
93.013386	8528.215266	8.327987	-0.021964	4.770888
93.020414	8533.299810	8.332992	-0.021966	4.772245
93.107969	8538.166900	8.337997	-0.021988	4.773547
93.145616	8543.177247	8.343002	-0.021997	4.774885
92.997764	8548.475988	8.348006	-0.021962	4.776292
93.015881	8553.815365	8.353011	-0.021967	4.777716
93.038660	8559.174412	8.358016	-0.021973	4.779145
93.226264	8564.391588	8.363021	-0.022019	4.780542
93.161212	8569.474636	8.368026	-0.022004	4.781893
93.235395	8574.375912	8.373030	-0.022022	4.783201
93.295369	8579.345128	8.378035	-0.022037	4.784526
93.232111	8584.587024	8.383040	-0.022022	4.785918
93.259702	8589.736307	8.388045	-0.022029	4.787289
93.250515	8594.907647	8.393050	-0.022027	4.788664
93.355997	8600.117956	8.398054	-0.022053	4.790054
93.476932	8605.233597	8.403059	-0.022083	4.791418
93.398056	8610.227911	8.408064	-0.022064	4.792742
93.554306	8615.123933	8.413069	-0.022102	4.794048
93.525286	8620.320743	8.418074	-0.022096	4.795427
93.615265	8625.592514	8.423078	-0.022118	4.796830
93.729405	8631.174159	8.428083	-0.022146	4.798316
93.672452	8636.406674	8.433088	-0.022133	4.799702
93.702572	8641.582307	8.438093	-0.022140	4.801076
93.737765	8646.584436	8.443098	-0.022149	4.802404
93.723784	8651.492516	8.448102	-0.022147	4.803705
93.854573	8656.546189	8.453107	-0.022178	4.805049
93.785903	8661.757048	8.458112	-0.022162	4.806427
93.704692	8666.990030	8.463117	-0.022144	4.807810
93.803252	8672.062110	8.468122	-0.022168	4.809157
93.850649	8677.306871	8.473126	-0.022180	4.810547
93.958731	8682.384079	8.478131	-0.022206	4.811895
93.952586	8687.174484	8.483136	-0.022205	4.813162
93.972639	8692.355528	8.488141	-0.022210	4.814533
93.933284	8697.462637	8.493146	-0.022201	4.815882
93.986349	8702.816749	8.498150	-0.022215	4.817300
94.182178	8708.152256	8.503155	-0.022262	4.818717
94.258450	8713.271105	8.508160	-0.022281	4.820073
94.255182	8718.563426	8.513165	-0.022281	4.821470
94.260137	8723.335814	8.518170	-0.022282	4.822731
94.315992	8728.330560	8.523174	-0.022296	4.824051
94.295354	8733.552797	8.528179	-0.022292	4.825429
94.426262	8738.669985	8.533184	-0.022324	4.826784
94.446266	8743.927359	8.538189	-0.022329	4.828171
94.308221	8749.043845	8.543194	-0.022296	4.829515
94.474472	8754.212596	8.548198	-0.022337	4.830884
94.468364	8759.276691	8.553203	-0.022336	4.832218
94.501685	8764.109112	8.558208	-0.022344	4.833492
94.550455	8769.310523	8.563213	-0.022356	4.834864
94.619979	8774.451233	8.568218	-0.022374	4.836220
94.621112	8779.963551	8.573223	-0.022374	4.837672
94.803398	8785.328853	8.578227	-0.022419	4.839090
94.715784	8790.507897	8.583232	-0.022398	4.840450
94.764726	8795.634927	8.588237	-0.022410	4.841800
94.713214	8800.399749	8.593242	-0.022399	4.843051
94.760187	8805.476373	8.598247	-0.022410	4.844387
94.733529	8810.496911	8.603251	-0.022404	4.845705
94.864145	8815.601574	8.608256	-0.022436	4.847051
94.822762	8820.916991	8.613261	-0.022427	4.848446
94.862877	8825.981240	8.618266	-0.022437	4.849777
94.942722	8831.168671	8.623271	-0.022457	4.851142
94.873540	8836.117613	8.628275	-0.022441	4.852438
94.964494	8841.027894	8.633280	-0.022463	4.853730
95.057342	8846.238051	8.638285	-0.022486	4.855100
95.028587	8851.408117	8.643290	-0.022479	4.856454
95.195508	8856.957664	8.648295	-0.022520	4.857915
95.320653	8862.129824	8.653299	-0.022550	4.859275
95.156169	8867.297980	8.658304	-0.022511	4.860623
95.152189	8872.317926	8.663309	-0.022511	4.861938
95.144277	8877.168055	8.668314	-0.022510	4.863207
95.243245	8882.374564	8.673319	-0.022534	4.864574
95.304638	8887.498225	8.678323	-0.022549	4.865917
95.317760	8892.725399	8.683328	-0.022553	4.867285
95.426418	8897.895629	8.688333	-0.022579	4.868641
95.452971	8902.959127	8.693338	-0.022586	4.869966
95.493389	8908.215623	8.698343	-0.022596	4.871342
95.479283	8913.053311	8.703347	-0.022593	4.872606
95.469483	8918.064953	8.708352	-0.022592	4.873915
95.709815	8923.311699	8.713357	-0.022650	4.875294
95.822692	8928.540249	8.718362	-0.022677	4.876663
95.664321	8934.226952	8.723367	-0.022640	4.878142
95.578395	8939.391023	8.728371	-0.022620	4.879486
95.604615	8944.552073	8.733376	-0.022627	4.880834
95.754909	8949.557706	8.738381	-0.022663	4.882145
95.799894	8954.446049	8.743386	-0.022674	4.883421
95.702917	8959.575241	8.748391	-0.022652	4.884755
95.749311	8964.698443	8.753395	-0.022663	4.886092
95.938103	8969.903336	8.758400	-0.022709	4.887454
95.916785	8975.118850	8.763405	-0.022704	4.888812
95.924887	8980.249113	8.768410	-0.022707	4.890148
96.062878	8985.346533	8.773415	-0.022740	4.891480
96.153886	8990.143359	8.778419	-0.022763	4.892732
96.063101	8995.267035	8.783424	-0.022741	4.894062
96.078545	9000.476272	8.788429	-0.022746	4.895417
95.976254	9005.798777	8.793434	-0.022722	4.896798
96.218127	9011.171608	8.798439	-0.022780	4.898203
96.258215	9016.305101	8.803443	-0.022790	4.899539
96.103944	9021.512816	8.808448	-0.022754	4.900886
96.173711	9026.415572	8.813453	-0.022771	4.902162
96.182286	9031.296516	8.818458	-0.022774	4.903430
96.372822	9036.553796	8.823463	-0.022820	4.904802
96.448391	9041.725634	8.828467	-0.022838	4.906147
96.357265	9046.967985	8.833472	-0.022817	4.907504
96.663793	9052.004922	8.838477	-0.022891	4.908821
96.477771	9057.259096	8.843482	-0.022847	4.910177
96.589892	9062.331868	8.848487	-0.022874	4.911496
96.568833	9067.138151	8.853491	-0.022870	4.912741
96.427000	9072.374913	8.858496	-0.022836	4.914094
96.592516	9077.465219	8.863501	-0.022877	4.915418
96.522166	9082.935285	8.868506	-0.022860	4.916832
96.614080	9088.373461	8.873511	-0.022883	4.918243
96.795315	9093.552965	8.878515	-0.022927	4.919590
96.769950	9098.685090	8.883520	-0.022921	4.920917
96.854164	9103.515729	8.888525	-0.022942	4.922170
96.818090	9108.549331	8.893530	-0.022934	4.923470
96.857277	9113.743451	8.898535	-0.022944	4.924815
96.881325	9118.825021	8.903539	-0.022950	4.926129
96.934957	9124.113115	8.908544	-0.022963	4.927498
96.843017	9129.298445	8.913549	-0.022942	4.928834
97.026479	9134.335551	8.918554	-0.022986	4.930141
96.938227	9139.421587	8.923559	-0.022966	4.931452
97.154618	9144.318049	8.928563	-0.023018	4.932723
97.001812	9149.480476	8.933568	-0.022982	4.934050
96.997718	9154.637006	8.938573	-0.022981	4.935380
97.143348	9159.971580	8.943578	-0.023017	4.936761
97.159186	9165.324539	8.948583	-0.023021	4.938142
97.261071	9170.526129	8.953587	-0.023046	4.939486
97.166251	9175.591086	8.958592	-0.023024	4.940789
97.252594	9180.506661	8.963597	-0.023045	4.942058
97.343405	9185.549014	8.968602	-0.023067	4.943360
97.449027	9190.739948	8.973607	-0.023093	4.944700
97.326762	9195.869546	8.978611	-0.023064	4.946017
97.361565	9201.118531	8.983616	-0.023073	4.947369
97.530714	9206.280068	8.988621	-0.023114	4.948702
97.422697	9211.455634	8.993626	-0.023089	4.950030
97.484145	9216.490582	8.998631	-0.023104	4.951327
97.567324	9221.305476	9.003635	-0.023125	4.952568
97.608373	9226.459849	9.008640	-0.023135	4.953894
97.603183	9231.683508	9.013645	-0.023134	4.955236
97.730201	9237.106797	9.018650	-0.023165	4.956634
97.776951	9242.575957	9.023655	-0.023177	4.958040
97.643876	9247.737642	9.028659	-0.023146	4.959361
97.618310	9252.807881	9.033664	-0.023140	4.960661
97.856994	9257.696108	9.038669	-0.023198	4.961924
97.796364	9262.682171	9.043674	-0.023184	4.963201
97.765701	9267.881165	9.048679	-0.023177	4.964533
97.895577	9273.056281	9.053683	-0.023208	4.965864
97.812658	9278.276882	9.058688	-0.023189	4.967200
97.922530	9283.392790	9.063693	-0.023216	4.968515
97.936160	9288.544211	9.068698	-0.023220	4.969835
97.903712	9293.668702	9.073703	-0.023212	4.971147
97.926133	9298.471795	9.078707	-0.023218	4.972377
98.104503	9303.571058	9.083712	-0.023261	4.973688
97.927567	9308.797053	9.088717	-0.023220	4.975020
98.154379	9314.119959	9.093722	-0.023274	4.976390
98.308949	9319.487672	9.098727	-0.023312	4.977768
98.304006	9324.679173	9.103731	-0.023311	4.979095
98.332116	9329.803177	9.108736	-0.023319	4.980406
98.319918	9334.714927	9.113741	-0.023316	4.981661
98.400142	9339.606552	9.118746	-0.023336	4.982914
98.381577	9344.876027	9.123751	-0.023332	4.984259
98.448640	9349.998058	9.128755	-0.023349	4.985570
98.516386	9355.175179	9.133760	-0.023365	4.986894
98.556242	9360.327818	9.138765	-0.023375	4.988210
98.371456	9365.575910	9.143770	-0.023332	4.989544
98.567932	9370.660373	9.148775	-0.023379	4.990847
98.572252	9375.415118	9.153779	-0.023381	4.992060
98.480596	9380.550293	9.158784	-0.023359	4.993366
98.574385	9385.804613	9.163789	-0.023382	4.994709
98.673535	9391.146695	9.168794	-0.023407	4.996074
98.728050	9396.711486	9.173799	-0.023420	4.997493
98.776923	9401.856883	9.178803	-0.023432	4.998805
98.789558	9406.944367	9.183808	-0.023436	5.000101
98.802017	9411.935078	9.188813	-0.023439	5.001372
98.844152	9416.835074	9.193818	-0.023450	5.002621
98.913681	9422.016385	9.198823	-0.023467	5.003941
98.855880	9427.148480	9.203827	-0.023454	5.005245
98.861875	9432.373496	9.208832	-0.023456	5.006574
98.965608	9437.516668	9.213837	-0.023481	5.007885
98.955942	9442.661621	9.218842	-0.023479	5.009193
98.994981	9447.843720	9.223847	-0.023489	5.010511
99.052692	9452.572631	9.228851	-0.023504	5.011714
99.029076	9457.662995	9.233856	-0.023498	5.013006
99.057963	9462.995408	9.238861	-0.023506	5.014361
99.111530	9468.133152	9.243866	-0.023519	5.015667
99.164321	9473.619292	9.248871	-0.023532	5.017061
99.348318	9478.698418	9.253875	-0.023577	5.018355
99.328276	9483.935443	9.258880	-0.023573	5.019683
99.385526	9489.041327	9.263885	-0.023587	5.020980
99.417377	9493.795699	9.268890	-0.023595	5.022186
99.315616	9498.985038	9.273895	-0.023571	5.023498
99.481600	9504.130946	9.278899	-0.023611	5.024807
99.407075	9509.371441	9.283904	-0.023594	5.026133
99.528624	9514.536582	9.288909	-0.023624	5.027444
99.447723	9519.680691	9.293914	-0.023605	5.028744
99.604412	9524.813486	9.298919	-0.023643	5.030048
99.590015	9529.689425	9.303923	-0.023640	5.031282
99.637089	9534.713424	9.308928	-0.023652	5.032554
99.682837	9539.978352	9.313933	-0.023663	5.033888
99.689949	9545.083866	9.318938	-0.023666	5.035179
99.795143	9550.859479	9.323943	-0.023691	5.036642
99.879391	9556.000570	9.328947	-0.023712	5.037944
99.741027	9561.232681	9.333952	-0.023679	5.039262
99.739059	9566.376885	9.338957	-0.023679	5.040561
99.809911	9571.085921	9.343962	-0.023697	5.041753
99.934707	9576.184162	9.348967	-0.023727	5.043043
99.906329	9581.329214	9.353971	-0.023721	5.044341
99.889518	9586.492765	9.358976	-0.023718	5.045644
100.054536	9591.815490	9.363981	-0.023758	5.046992
99.976138	9596.920993	9.368986	-0.023739	5.048277
99.988328	9602.077705	9.373991	-0.023743	5.049578
100.262882	9607.080793	9.378995	-0.023809	5.050847
100.262686	9611.965352	9.384000	-0.023809	5.052078
100.124204	9617.211967	9.389005	-0.023777	5.053396
100.151960	9622.329952	9.394010	-0.023784	5.054686
100.193050	9627.748977	9.399015	-0.023794	5.056052
100.335792	9632.982624	9.404019	-0.023829	5.057373
100.348701	9638.209395	9.409024	-0.023833	5.058689
100.302267	9643.428376	9.414029	-0.023822	5.060001
100.195377	9648.217656	9.419034	-0.023797	5.061203
100.361134	9653.236766	9.424039	-0.023837	5.062470
100.475718	9658.454418	9.429043	-0.023865	5.063785
100.480909	9663.544662	9.434048	-0.023867	5.065065
100.548021	9668.805383	9.439053	-0.023884	5.066389
100.449292	9673.878081	9.444058	-0.023860	5.067661
100.681235	9679.116070	9.449063	-0.023916	5.068983
100.694798	9684.229246	9.454067	-0.023920	5.070268
100.543337	9688.968673	9.459072	-0.023884	5.071453
100.593669	9694.139765	9.464077	-0.023897	5.072752
100.733823	9699.315452	9.469082	-0.023931	5.074055
100.772343	9704.627524	9.474087	-0.023941	5.075389
100.721719	9710.271304	9.479091	-0.023929	5.076803
100.784526	9715.375481	9.484096	-0.023945	5.078085
100.753268	9720.612670	9.489101	-0.023938	5.079396
100.874270	9725.555767	9.494106	-0.023967	5.080639
100.911022	9730.453743	9.499111	-0.023977	5.081867
100.978601	9735.586213	9.504115	-0.023993	5.083154
100.928277	9740.764746	9.509120	-0.023982	5.084450
100.933164	9746.009329	9.514125	-0.023984	5.085763
100.968072	9751.090888	9.519130	-0.023992	5.087036
101.130970	9756.277595	9.524135	-0.024032	5.088338
101.033990	9761.470488	9.529139	-0.024009	5.089634
101.080059	9766.324947	9.534144	-0.024021	5.090850
101.098668	9771.336069	9.539149	-0.024026	5.092103
101.110528	9776.531570	9.544154	-0.024029	5.093402
101.259300	9781.702792	9.549159	-0.024065	5.094699
101.376459	9787.121429	9.554163	-0.024094	5.096056
101.336243	9792.344433	9.559168	-0.024085	5.097359
101.305890	9797.588899	9.564173	-0.024078	5.098668
101.385872	9802.765895	9.569178	-0.024098	5.099963
101.377940	9807.508830	9.574183	-0.024096	5.101146
101.540672	9812.597669	9.579187	-0.024136	5.102421
101.444595	9817.774681	9.584192	-0.024113	5.103710
101.482130	9822.971678	9.589197	-0.024123	5.105007
101.637483	9828.160469	9.594202	-0.024161	5.106305
101.573504	9833.313971	9.599207	-0.024146	5.107588
101.529159	9838.482827	9.604211	-0.024136	5.108875
101.491163	9843.554507	9.609216	-0.024127	5.110137
101.558953	9848.457600	9.614221	-0.024144	5.111360
101.697783	9853.574591	9.619226	-0.024178	5.112639
101.678773	9858.754488	9.624231	-0.024174	5.113928
101.707285	9864.134848	9.629235	-0.024181	5.115268
101.886492	9869.470918	9.634240	-0.024224	5.116600
101.896094	9874.625292	9.639245	-0.024227	5.117883
101.852069	9879.784433	9.644250	-0.024217	5.119165
101.949897	9884.769568	9.649255	-0.024241	5.120407
102.016244	9889.660214	9.654259	-0.024257	5.121625
102.018353	9894.809201	9.659264	-0.024258	5.122904
102.105633	9899.992746	9.664269	-0.024280	5.124195
101.966959	9905.182567	9.669274	-0.024247	5.125480
102.066883	9910.340937	9.674279	-0.024272	5.126764
102.141952	9915.538592	9.679283	-0.024290	5.128056
102.154255	9920.591044	9.684288	-0.024294	5.129311
102.252447	9925.530820	9.689293	-0.024318	5.130539
102.207310	9930.503970	9.694298	-0.024307	5.131772
102.230713	9935.673433	9.699303	-0.024313	5.133055
102.198728	9940.811252	9.704307	-0.024306	5.134328
102.212347	9946.392454	9.709312	-0.024310	5.135712
102.402368	9951.635811	9.714317	-0.024356	5.137016
102.376473	9956.741651	9.719322	-0.024351	5.138281
102.324508	9961.864200	9.724327	-0.024339	5.139548
102.499147	9966.642990	9.729331	-0.024381	5.140737
102.399489	9971.744190	9.734336	-0.024358	5.141997
102.579076	9976.917070	9.739341	-0.024401	5.143282
102.597262	9982.048315	9.744346	-0.024406	5.144553
102.735571	9987.328041	9.749351	-0.024440	5.145863
102.694164	9992.467100	9.754355	-0.024430	5.147133
102.858667	9997.564866	9.759360	-0.024470	5.148398
102.871142	10002.698094	9.764365	-0.024474	5.149667
102.803974	10007.449601	9.769370	-0.024458	5.150840
102.709340	10012.558938	9.774375	-0.024436	5.152100
102.871679	10017.770656	9.779379	-0.024475	5.153392
102.772460	10023.084006	9.784384	-0.024452	5.154701
102.954032	10028.794575	9.789389	-0.024496	5.156116
102.814847	10033.935401	9.794394	-0.024463	5.157382
102.852061	10039.039514	9.799399	-0.024473	5.158642
103.012407	10044.127872	9.804403	-0.024512	5.159902
102.932787	10048.936926	9.809408	-0.024493	5.161086
103.075018	10054.067678	9.814413	-0.024528	5.162355
102.955623	10059.237846	9.819418	-0.024500	5.163627
103.055533	10064.433962	9.824423	-0.024524	5.164910
103.130789	10069.569411	9.829427	-0.024543	5.166178
103.139266	10074.705654	9.834432	-0.024545	5.167443
103.032764	10079.945398	9.839437	-0.024520	5.168731
103.131569	10084.937629	9.844442	-0.024544	5.169963
103.287676	10089.805777	9.849447	-0.024582	5.171166
103.313561	10094.989561	9.854451	-0.024589	5.172442
103.423004	10100.080768	9.859456	-0.024616	5.173698
103.357560	10105.545848	9.864461	-0.024600	5.175041
103.417242	10110.878505	9.869466	-0.024615	5.176354
103.336830	10116.049533	9.874471	-0.024597	5.177623
103.435206	10121.202967	9.879475	-0.024621	5.178893
103.474915	10126.127561	9.884480	-0.024631	5.180104
103.522573	10131.038505	9.889485	-0.024643	5.181312
103.514981	10136.169946	9.894490	-0.024641	5.182572
103.488581	10141.370717	9.899495	-0.024636	5.183849
103.576870	10146.634509	9.904499	-0.024657	5.185144
103.633289	10151.752879	9.909504	-0.024671	5.186401
103.740427	10156.924464	9.914509	-0.024697	5.187673
103.656281	10162.075306	9.919514	-0.024678	5.188935
103.617225	10166.957910	9.924519	-0.024669	5.190132
103.801285	10171.898622	9.929523	-0.024713	5.191348
103.715871	10177.083781	9.934528	-0.024694	5.192617
103.848270	10182.301074	9.939533	-0.024726	5.193899
103.814485	10188.010919	9.944538	-0.024718	5.195298
103.949702	10193.244692	9.949543	-0.024751	5.196583
104.063547	10198.475635	9.954547	-0.024779	5.197867
103.953294	10203.634134	9.959552	-0.024753	5.199128
104.044534	10208.382787	9.964557	-0.024775	5.200293
104.114843	10213.363039	9.969562	-0.024793	5.201513
104.152275	10218.563514	9.974567	-0.024802	5.202787
104.064524	10223.753885	9.979571	-0.024782	5.204054
104.253088	10228.993742	9.984576	-0.024827	5.205340
104.155008	10234.128965	9.989581	-0.024804	5.206594
104.108799	10239.292019	9.994586	-0.024794	5.207855
104.262283	10244.407791	9.999591	-0.024831	5.209109
104.286624	10247.421910	10.004595	-0.024837	5.209846
104.234052	10247.420739	10.009600	-0.024825	5.209844
104.214607	10247.411171	10.014592	-0.024820	5.209841
104.198167	10247.403858	10.019584	-0.024816	5.209839
104.320559	10247.440012	10.024576	-0.024846	5.209851
104.355265	10247.430038	10.029568	-0.024854	5.209850
104.258563	10247.425799	10.034560	-0.024831	5.209846
104.229706	10247.433846	10.039552	-0.024824	5.209847
104.300218	10247.413809	10.044544	-0.024841	5.209844
104.319562	10247.422057	10.049536	-0.024846	5.209847
104.387190	10247.403595	10.054528	-0.024862	5.209844
104.416011	10247.386536	10.059520	-0.024869	5.209840
104.374156	10247.407440	10.064512	-0.024859	5.209845
104.184173	10247.420416	10.069504	-0.024814	5.209843
104.391127	10247.409501	10.074496	-0.024863	5.209845
104.336634	10247.435539	10.079488	-0.024850	5.209850
104.223555	10247.403509	10.084480	-0.024823	5.209840
104.386113	10247.440685	10.089472	-0.024862	5.209853
104.344478	10247.420573	10.094464	-0.024852	5.209847
104.298348	10247.418855	10.099456	-0.024841	5.209845
104.401702	10247.409555	10.104448	-0.024866	5.209846
104.360258	10247.422731	10.109440	-0.024856	5.209848
104.496821	10247.429255	10.114432	-0.024889	5.209853
104.393350	10247.428270	10.119424	-0.024864	5.209850
104.331859	10247.440931	10.124416	-0.024850	5.209852
104.365402	10247.401611	10.129408	-0.024858	5.209843
104.299503	10247.419847	10.134400	-0.024842	5.209846
104.375169	10247.421061	10.139392	-0.024860	5.209848
104.215853	10247.438591	10.144384	-0.024822	5.209848
104.331106	10247.428075	10.149376	-0.024850	5.209849
104.255429	10247.435780	10.154368	-0.024832	5.209849
104.430669	10247.403765	10.159360	-0.024874	5.209845
104.371908	10247.417429	10.164352	-0.024860	5.209847
104.375884	10247.381129	10.169344	-0.024861	5.209838
104.402082	10247.430952	10.174336	-0.024867	5.209851
104.481376	10247.408736	10.179328	-0.024886	5.209848
104.534927	10247.362248	10.184320	-0.024899	5.209838
104.363912	10247.443745	10.189312	-0.024858	5.209853
104.335085	10247.374925	10.194304	-0.024851	5.209836
104.472892	10247.387727	10.199296	-0.024884	5.209842
104.616731	10247.317925	10.204288	-0.024919	5.209829
104.448253	10247.368417	10.209280	-0.024878	5.209837
104.474123	10247.395214	10.214272	-0.024885	5.209844
104.387631	10247.370717	10.219264	-0.024864	5.209836
104.485931	10247.370900	10.224256	-0.024888	5.209839
104.513998	10247.400036	10.229248	-0.024894	5.209846
104.424347	10247.377142	10.234240	-0.024873	5.209839
104.458964	10247.414575	10.239232	-0.024881	5.209849
104.375311	10247.397474	10.244224	-0.024861	5.209842
104.449221	10247.419365	10.249216	-0.024879	5.209850
104.569865	10247.401894	10.254208	-0.024908	5.209848
104.465857	10247.415054	10.259200	-0.024883	5.209849
104.624089	10247.374528	10.264192	-0.024921	5.209843
104.494522	10247.391581	10.269184	-0.024890	5.209844
104.454906	10247.412256	10.274176	-0.024881	5.209848
104.449632	10247.397398	10.279168	-0.024879	5.209844
104.476551	10247.381813	10.284160	-0.024886	5.209841
104.666782	10247.232971	10.289152	-0.024932	5.209809
104.483886	10247.372048	10.294144	-0.024888	5.209839
104.461363	10247.419161	10.299136	-0.024883	5.209850
104.580751	10247.397975	10.304128	-0.024911	5.209848
104.539784	10247.368827	10.309120	-0.024901	5.209840
104.546588	10247.369389	10.314112	-0.024903	5.209840
104.555864	10247.400443	10.319104	-0.024905	5.209848
104.611305	10247.412691	10.324096	-0.024919	5.209852
104.584412	10247.362890	10.329088	-0.024912	5.209839
104.565913	10247.367317	10.334080	-0.024908	5.209840
104.485457	10247.411380	10.339072	-0.024889	5.209849
104.594293	10247.369494	10.344064	-0.024915	5.209841
104.648511	10247.397239	10.349056	-0.024928	5.209849
104.432082	10247.405229	10.354048	-0.024876	5.209846
104.512136	10247.427773	10.359040	-0.024895	5.209853
104.597900	10247.406178	10.364032	-0.024916	5.209850
104.479293	10247.422111	10.369024	-0.024888	5.209851
104.560407	10247.399710	10.374016	-0.024907	5.209848
104.689474	10247.382660	10.379008	-0.024938	5.209847
104.499258	10247.390534	10.384000	-0.024893	5.209844
104.574011	10247.396966	10.388992	-0.024910	5.209847
104.687361	10247.367430	10.393984	-0.024938	5.209843
104.653092	10247.384997	10.398976	-0.024930	5.209846
104.601684	10247.392785	10.403968	-0.024917	5.209847
104.541243	10247.360502	10.408960	-0.024903	5.209838
104.624180	10247.382752	10.413952	-0.024923	5.209845
104.631720	10247.356336	10.418944	-0.024925	5.209839
104.667616	10247.416699	10.423936	-0.024933	5.209855
104.530455	10247.402500	10.428928	-0.024901	5.209848
104.616233	10247.400120	10.433920	-0.024921	5.209849
104.581922	10247.394633	10.438912	-0.024913	5.209847
104.606798	10247.375413	10.443904	-0.024919	5.209843
104.499356	10247.413265	10.448896	-0.024893	5.209850
104.553749	10247.383345	10.453888	-0.024906	5.209844
104.530182	10247.380603	10.458880	-0.024901	5.209842
104.502722	10247.424378	10.463872	-0.024894	5.209852
104.538041	10247.390000	10.468864	-0.024903	5.209845
104.539889	10247.438468	10.473856	-0.024903	5.209857
104.497330	10247.428698	10.478848	-0.024893	5.209853
104.362348	10247.437337	10.483840	-0.024861	5.209852
104.413944	10247.452539	10.488832	-0.024873	5.209857
104.503647	10247.397234	10.493824	-0.024895	5.209846
104.632049	10247.381533	10.498816	-0.024926	5.209845
104.490912	10247.394643	10.503808	-0.024892	5.209845
104.413154	10247.440993	10.508800	-0.024873	5.209854
104.422994	10247.468147	10.513792	-0.024876	5.209861
104.298490	10247.397570	10.518784	-0.024846	5.209841
104.522416	10247.437446	10.523776	-0.024900	5.209856
104.596134	10247.372244	10.528768	-0.024917	5.209842
104.529691	10247.371319	10.533760	-0.024902	5.209840
104.549676	10247.415372	10.538752	-0.024906	5.209851
104.555836	10247.413437	10.543744	-0.024908	5.209851
104.631240	10247.405711	10.548736	-0.024926	5.209851
104.645276	10247.395286	10.553728	-0.024929	5.209849
104.519662	10247.419621	10.558720	-0.024899	5.209852
104.658813	10247.419475	10.563712	-0.024933	5.209855
104.540906	10247.395624	10.568704	-0.024905	5.209846
104.591440	10247.407092	10.573696	-0.024917	5.209850
104.534009	10247.416776	10.578688	-0.024903	5.209851
104.608271	10247.425821	10.583680	-0.024921	5.209856
104.559169	10247.418001	10.588672	-0.024909	5.209852
104.575807	10247.393218	10.593664	-0.024913	5.209847
104.643210	10247.401682	10.598656	-0.024929	5.209850
104.644963	10247.404040	10.603648	-0.024930	5.209851
104.683232	10247.382172	10.608640	-0.024939	5.209847
104.647727	10247.397304	10.613632	-0.024931	5.209850
104.626647	10247.386622	10.618624	-0.024926	5.209846
104.638295	10247.390532	10.623616	-0.024929	5.209848
104.503516	10247.377371	10.628608	-0.024896	5.209841
104.741541	10247.383781	10.633600	-0.024953	5.209849
104.819844	10247.386007	10.638592	-0.024972	5.209851
104.632129	10247.375691	10.643584	-0.024927	5.209844
104.711389	10247.388068	10.648576	-0.024946	5.209849
104.558112	10247.412667	10.653568	-0.024910	5.209851
104.532762	10247.394734	10.658560	-0.024904	5.209846
104.625002	10247.387851	10.663552	-0.024926	5.209847
104.648899	10247.361045	10.668544	-0.024932	5.209841
104.488169	10247.441491	10.673536	-0.024893	5.209856
104.553415	10247.423273	10.678528	-0.024909	5.209854
104.662575	10247.387758	10.683520	-0.024935	5.209848
104.713292	10247.399208	10.688512	-0.024947	5.209852
104.556894	10247.380569	10.693504	-0.024910	5.209843
104.738414	10247.392750	10.698496	-0.024953	5.209851
104.768678	10247.372980	10.703488	-0.024961	5.209847
104.634663	10247.366147	10.708480	-0.024929	5.209842
104.668364	10247.392145	10.713472	-0.024937	5.209849
104.583564	10247.408468	10.718464	-0.024917	5.209851
104.713884	10247.402819	10.723456	-0.024948	5.209853
104.675662	10247.359299	10.728448	-0.024939	5.209841
104.579142	10247.388349	10.733440	-0.024916	5.209846
104.624723	10247.413134	10.738432	-0.024927	5.209853
104.582522	10247.403328	10.743424	-0.024917	5.209850
104.578322	10247.413981	10.748416	-0.024916	5.209852
104.554435	10247.390775	10.753408	-0.024910	5.209846
104.588069	10247.403969	10.758400	-0.024918	5.209850
104.705144	10247.390706	10.763392	-0.024946	5.209850
104.670210	10247.384001	10.768384	-0.024938	5.209847
104.698192	10247.422113	10.773376	-0.024945	5.209857
104.650675	10247.411568	10.778368	-0.024933	5.209853
104.650712	10247.411540	10.783360	-0.024933	5.209853
104.846479	10247.379991	10.788352	-0.024980	5.209850
104.809428	10247.376064	10.793344	-0.024971	5.209849
104.607765	10247.429945	10.798336	-0.024923	5.209857
104.603927	10247.403410	10.803328	-0.024922	5.209850
104.678284	10247.404758	10.808320	-0.024940	5.209852
104.760603	10247.386078	10.813312	-0.024960	5.209850
104.644149	10247.383856	10.818304	-0.024932	5.209846
104.667575	10247.386563	10.823296	-0.024938	5.209848
104.573445	10247.392309	10.828288	-0.024915	5.209847
104.636595	10247.399927	10.833280	-0.024931	5.209850
104.690661	10247.425126	10.838272	-0.024944	5.209858
104.671992	10247.364236	10.843264	-0.024939	5.209842
104.624452	10247.415185	10.848256	-0.024928	5.209854
104.607098	10247.418214	10.853248	-0.024924	5.209854
104.671443	10247.402650	10.858240	-0.024939	5.209852
104.751250	10247.402161	10.863232	-0.024958	5.209854
104.697629	10247.393522	10.868224	-0.024946	5.209850
104.762390	10247.412504	10.873216	-0.024961	5.209856
104.750638	10247.390621	10.878208	-0.024958	5.209851
104.671485	10247.423021	10.883200	-0.024939	5.209857
104.709170	10247.429396	10.888192	-0.024949	5.209859
104.593930	10247.410396	10.893184	-0.024921	5.209852
104.712351	10247.429022	10.898176	-0.024949	5.209859
104.655843	10247.405305	10.903168	-0.024936	5.209852
104.614645	10247.421018	10.908160	-0.024926	5.209855
104.810673	10247.402253	10.913152	-0.024973	5.209855
104.731868	10247.382094	10.918144	-0.024954	5.209848
104.675293	10247.424999	10.923136	-0.024941	5.209857
104.755433	10247.383481	10.928128	-0.024960	5.209849
104.856637	10247.380806	10.933120	-0.024984	5.209851
104.712177	10247.391693	10.938112	-0.024950	5.209850
104.646862	10247.381686	10.943104	-0.024934	5.209846
104.714132	10247.417066	10.948096	-0.024950	5.209856
104.679554	10247.361644	10.953088	-0.024942	5.209842
104.724010	10247.414727	10.958080	-0.024953	5.209856
104.670256	10247.407382	10.963072	-0.024940	5.209853
104.640887	10247.392423	10.968064	-0.024933	5.209849
104.748101	10247.392977	10.973056	-0.024959	5.209851
104.757602	10247.370204	10.978048	-0.024961	5.209846
104.641461	10247.406382	10.983040	-0.024933	5.209852
104.775362	10247.367060	10.988032	-0.024966	5.209846
104.661307	10247.374842	10.993024	-0.024938	5.209845
104.746847	10247.407075	10.998016	-0.024959	5.209855
104.674542	10247.388814	11.003008	-0.024942	5.209849
104.663368	10247.404022	11.008000	-0.024939	5.209852
104.674112	10247.395214	11.012992	-0.024942	5.209850
104.638305	10247.371944	11.017984	-0.024933	5.209844
104.660883	10247.400360	11.022976	-0.024939	5.209851
104.559965	10247.378616	11.027968	-0.024914	5.209843
104.671070	10247.418486	11.032960	-0.024941	5.209856
104.719766	10247.422456	11.037952	-0.024953	5.209858
104.809844	10247.402983	11.042944	-0.024974	5.209856
104.830272	10247.412401	11.047936	-0.024979	5.209858
104.611226	10247.393755	11.052928	-0.024927	5.209848
104.723158	10247.409201	11.057920	-0.024954	5.209855
104.791961	10247.363717	11.062912	-0.024970	5.209845
104.686675	10247.430813	11.067904	-0.024945	5.209859
104.621034	10247.419558	11.072896	-0.024930	5.209855
104.570665	10247.381122	11.077888	-0.024918	5.209844
104.747122	10247.402788	11.082880	-0.024960	5.209854
104.735940	10247.384689	11.087872	-0.024957	5.209849
104.546942	10247.415498	11.092864	-0.024912	5.209852
104.629177	10247.426290	11.097856	-0.024932	5.209857
104.615373	10247.396930	11.102848	-0.024929	5.209849
104.667433	10247.399275	11.107840	-0.024941	5.209851
104.711067	10247.381983	11.112832	-0.024952	5.209848
104.660860	10247.375557	11.117824	-0.024940	5.209845
104.761480	10247.403688	11.122816	-0.024964	5.209855
104.633820	10247.407734	11.127808	-0.024933	5.209852
104.823571	10247.389611	11.132800	-0.024979	5.209853
104.720487	10247.394990	11.137792	-0.024954	5.209851
104.749199	10247.394596	11.142784	-0.024961	5.209852
104.712519	10247.409847	11.147776	-0.024952	5.209855
104.807819	10247.393684	11.152768	-0.024975	5.209853
104.679213	10247.410638	11.157760	-0.024944	5.209854
104.739384	10247.404468	11.162752	-0.024959	5.209854
104.785013	10247.383129	11.167744	-0.024970	5.209850
104.790247	10247.397943	11.172736	-0.024971	5.209854
104.747398	10247.398451	11.177728	-0.024961	5.209853
104.789683	10247.408200	11.182720	-0.024971	5.209856
104.761316	10247.418759	11.187712	-0.024964	5.209858
104.709630	10247.403517	11.192704	-0.024952	5.209853
104.692788	10247.430834	11.197696	-0.024948	5.209860
104.814448	10247.376108	11.202688	-0.024977	5.209849
104.774358	10247.404519	11.207680	-0.024968	5.209855
104.644088	10247.417800	11.212672	-0.024937	5.209855
104.647443	10247.426400	11.217664	-0.024938	5.209857
104.727137	10247.428484	11.222656	-0.024957	5.209860
104.866514	10247.398852	11.227648	-0.024990	5.209856
104.673765	10247.424919	11.232640	-0.024944	5.209858
104.803973	10247.392380	11.237632	-0.024975	5.209853
104.897695	10247.386626	11.242624	-0.024998	5.209854
104.708329	10247.418753	11.247616	-0.024952	5.209857
104.880534	10247.356303	11.252608	-0.024994	5.209846
104.740283	10247.403911	11.257600	-0.024960	5.209854
104.675041	10247.388772	11.262592	-0.024945	5.209849
104.816711	10247.349937	11.267584	-0.024979	5.209843
104.708128	10247.404560	11.272576	-0.024953	5.209854
104.781668	10247.379089	11.277568	-0.024970	5.209849
104.872590	10247.395400	11.282560	-0.024992	5.209856
104.845375	10247.362285	11.287552	-0.024986	5.209847
104.869225	10247.404662	11.292544	-0.024991	5.209858
104.874141	10247.397730	11.297536	-0.024993	5.209856
104.771441	10247.356952	11.302528	-0.024968	5.209844
104.810021	10247.404230	11.307520	-0.024977	5.209856
104.825551	10247.389809	11.312512	-0.024981	5.209853
104.864578	10247.389642	11.317504	-0.024991	5.209854
104.801808	10247.406277	11.322496	-0.024976	5.209856
104.707194	10247.395419	11.327488	-0.024953	5.209851
104.793195	10247.396859	11.332480	-0.024974	5.209854
104.849703	10247.346225	11.337472	-0.024987	5.209843
104.837749	10247.367919	11.342464	-0.024985	5.209848
104.719003	10247.399239	11.347456	-0.024956	5.209853
104.780100	10247.376320	11.352448	-0.024971	5.209849
104.777171	10247.407341	11.357440	-0.024970	5.209856
104.901119	10247.356224	11.362432	-0.025000	5.209847
104.858259	10247.359296	11.367424	-0.024990	5.209846
104.851136	10247.393308	11.372416	-0.024988	5.209855
104.937533	10247.348589	11.377408	-0.025009	5.209846
104.731527	10247.397788	11.382400	-0.024960	5.209853
104.824045	10247.360131	11.387392	-0.024982	5.209846
104.834622	10247.384648	11.392384	-0.024984	5.209852
104.652279	10247.416058	11.397376	-0.024941	5.209855
104.709547	10247.355098	11.402368	-0.024955	5.209842
104.754364	10247.396615	11.407360	-0.024965	5.209853
104.781393	10247.388705	11.412352	-0.024972	5.209852
104.777777	10247.395456	11.417344	-0.024971	5.209853
104.788966	10247.396851	11.422336	-0.024974	5.209854
104.750477	10247.384103	11.427328	-0.024965	5.209850
104.854433	10247.378585	11.432320	-0.024990	5.209851
104.835788	10247.361249	11.437312	-0.024985	5.209846
104.871944	10247.357532	11.442304	-0.024994	5.209846
104.776261	10247.387777	11.447296	-0.024971	5.209851
104.750365	10247.380149	11.452288	-0.024965	5.209849
104.781140	10247.385949	11.457280	-0.024972	5.209851
104.811908	10247.382782	11.462272	-0.024980	5.209851
104.773819	10247.391772	11.467264	-0.024971	5.209852
104.770078	10247.406222	11.472256	-0.024970	5.209856
104.661798	10247.390354	11.477248	-0.024944	5.209849
104.591967	10247.426926	11.482240	-0.024927	5.209856
104.767945	10247.389712	11.487232	-0.024969	5.209852
104.637005	10247.388969	11.492224	-0.024938	5.209848
104.675675	10247.413179	11.497216	-0.024948	5.209855
104.600330	10247.406758	11.502208	-0.024930	5.209852
104.851937	10247.397690	11.507200	-0.024990	5.209856
104.671996	10247.400671	11.512192	-0.024947	5.209852
104.762341	10247.379889	11.517184	-0.024968	5.209849
104.595289	10247.416143	11.522176	-0.024929	5.209854
104.782850	10247.377745	11.527168	-0.024974	5.209849
104.721169	10247.382740	11.532160	-0.024959	5.209849
104.749152	10247.363203	11.537152	-0.024966	5.209845
104.722036	10247.391570	11.542144	-0.024959	5.209851
104.727073	10247.388469	11.547136	-0.024960	5.209850
104.781854	10247.385411	11.552128	-0.024974	5.209851
104.794036	10247.384143	11.557120	-0.024977	5.209851
104.772269	10247.378655	11.562112	-0.024971	5.209849
104.812106	10247.371999	11.567104	-0.024981	5.209849
104.831092	10247.382847	11.572096	-0.024986	5.209852
104.646932	10247.381134	11.577088	-0.024942	5.209847
104.675333	10247.392301	11.582080	-0.024948	5.209850
104.743444	10247.364823	11.587072	-0.024965	5.209845
104.681847	10247.389024	11.592064	-0.024950	5.209850
104.818655	10247.394243	11.597056	-0.024983	5.209854
104.717275	10247.380233	11.602048	-0.024959	5.209848
104.681381	10247.397966	11.607040	-0.024950	5.209852
104.835077	10247.377120	11.612032	-0.024987	5.209850
104.726351	10247.376670	11.617024	-0.024961	5.209848
104.680160	10247.401861	11.622016	-0.024950	5.209853
104.882104	10247.338935	11.627008	-0.024998	5.209842
104.905996	10247.406930	11.632000	-0.025004	5.209860
104.739327	10247.403431	11.636992	-0.024964	5.209855
104.811196	10247.389661	11.641984	-0.024982	5.209853
104.902695	10247.370042	11.646976	-0.025004	5.209850
104.883527	10247.357884	11.651968	-0.024999	5.209847
104.851710	10247.380325	11.656960	-0.024991	5.209852
104.726889	10247.366147	11.661952	-0.024962	5.209845
104.793529	10247.391343	11.666944	-0.024978	5.209853
104.951209	10247.377776	11.671936	-0.025015	5.209854
104.803747	10247.354380	11.676928	-0.024980	5.209844
104.748988	10247.407348	11.681920	-0.024967	5.209856
104.817194	10247.374736	11.686912	-0.024984	5.209850
104.779898	10247.395175	11.691904	-0.024975	5.209854
104.906580	10247.360433	11.696896	-0.025005	5.209848
104.699806	10247.334128	11.701888	-0.024956	5.209837
104.900698	10247.401980	11.706880	-0.025004	5.209858
104.778438	10247.372167	11.711872	-0.024975	5.209848
104.666386	10247.409208	11.716864	-0.024948	5.209854
104.625669	10247.394126	11.721856	-0.024938	5.209850
104.666951	10247.379637	11.726848	-0.024948	5.209847
104.691389	10247.407862	11.731840	-0.024954	5.209855
104.691792	10247.384737	11.736832	-0.024954	5.209849
104.829429	10247.360406	11.741824	-0.024987	5.209846
104.828298	10247.365622	11.746816	-0.024987	5.209848
104.783044	10247.345879	11.751808	-0.024976	5.209842
104.881194	10247.392197	11.756800	-0.025000	5.209856
104.783150	10247.393219	11.761792	-0.024976	5.209853
104.685482	10247.401889	11.766784	-0.024953	5.209853
104.818090	10247.402412	11.771776	-0.024985	5.209856
104.837002	10247.392770	11.776768	-0.024989	5.209855
104.792113	10247.408860	11.781760	-0.024979	5.209857
104.808712	10247.378956	11.786752	-0.024983	5.209850
104.863681	10247.366912	11.791744	-0.024996	5.209849
104.728877	10247.417807	11.796736	-0.024964	5.209858
104.725375	10247.395081	11.801728	-0.024963	5.209852
104.748052	10247.377367	11.806720	-0.024968	5.209849
104.859027	10247.355760	11.811712	-0.024995	5.209846
104.884743	10247.382574	11.816704	-0.025001	5.209853
104.842107	10247.388185	11.821696	-0.024991	5.209854
104.739426	10247.380713	11.826688	-0.024967	5.209849
104.755877	10247.389257	11.831680	-0.024971	5.209852
104.758963	10247.354328	11.836672	-0.024971	5.209843
104.956491	10247.372561	11.841664	-0.025019	5.209853
104.786758	10247.389873	11.846656	-0.024978	5.209853
104.810862	10247.380981	11.851648	-0.024984	5.209851
104.780429	10247.395594	11.856640	-0.024977	5.209854
104.776616	10247.383149	11.861632	-0.024976	5.209851
104.763596	10247.361395	11.866624	-0.024973	5.209845
104.892003	10247.359785	11.871616	-0.025004	5.209848
104.643366	10247.386436	11.876608	-0.024944	5.209848
104.888166	10247.374220	11.881600	-0.025003	5.209851
104.859380	10247.357919	11.886592	-0.024996	5.209847
104.810129	10247.388546	11.891584	-0.024984	5.209853
104.837318	10247.388307	11.896576	-0.024991	5.209854
104.737507	10247.361326	11.901568	-0.024967	5.209845
104.776605	10247.416238	11.906560	-0.024976	5.209859
104.918383	10247.364581	11.911552	-0.025010	5.209850
104.782163	10247.349005	11.916544	-0.024978	5.209843
104.777126	10247.357181	11.921536	-0.024977	5.209845
104.886008	10247.326820	11.926528	-0.025003	5.209840
104.786129	10247.395926	11.931520	-0.024979	5.209854
104.723395	10247.372844	11.936512	-0.024964	5.209847
104.988026	10247.363727	11.941504	-0.025027	5.209851
104.814683	10247.358347	11.946496	-0.024986	5.209846
104.834347	10247.333255	11.951488	-0.024991	5.209840
104.903105	10247.381295	11.956480	-0.025007	5.209854
104.811590	10247.340655	11.961472	-0.024985	5.209841
104.840400	10247.376120	11.966464	-0.024992	5.209851
105.028920	10247.345312	11.971456	-0.025037	5.209848
104.823153	10247.357336	11.976448	-0.024988	5.209846
105.051019	10247.328914	11.981440	-0.025043	5.209845
104.970296	10247.351226	11.986432	-0.025024	5.209848
104.797777	10247.382913	11.991424	-0.024982	5.209851
104.870906	10247.361328	11.996416	-0.025000	5.209848
104.949078	10247.331541	12.001408	-0.025019	5.209843
104.746397	10247.372715	12.006400	-0.024970	5.209848
104.794303	10247.358830	12.011392	-0.024982	5.209845
104.773659	10247.382692	12.016384	-0.024977	5.209851
104.923487	10247.345587	12.021376	-0.025013	5.209845
104.958142	10247.311277	12.026368	-0.025021	5.209838
104.814165	10247.369514	12.031360	-0.024987	5.209849
104.747530	10247.387825	12.036352	-0.024971	5.209851
104.771388	10247.410986	12.041344	-0.024977	5.209858
104.924848	10247.338920	12.046336	-0.025013	5.209844
104.787598	10247.343946	12.051328	-0.024981	5.209842
104.755347	10247.379243	12.056320	-0.024973	5.209850
104.699389	10247.388777	12.061312	-0.024960	5.209850
104.819818	10247.398231	12.066304	-0.024989	5.209856
104.881981	10247.393138	12.071296	-0.025003	5.209856
104.846964	10247.390285	12.076288	-0.024995	5.209855
104.845622	10247.387835	12.081280	-0.024995	5.209854
104.871813	10247.376168	12.086272	-0.025001	5.209852
104.994755	10247.391771	12.091264	-0.025031	5.209859
104.908000	10247.385234	12.096256	-0.025010	5.209855
104.778898	10247.390709	12.101248	-0.024979	5.209853
104.862368	10247.407781	12.106240	-0.024999	5.209859
104.827693	10247.366460	12.111232	-0.024991	5.209848
104.830519	10247.396893	12.116224	-0.024992	5.209856
104.836188	10247.345046	12.121216	-0.024993	5.209843
104.720921	10247.314519	12.126208	-0.024966	5.209833
104.863837	10247.387011	12.131200	-0.025000	5.209854
104.854042	10247.377739	12.136192	-0.024998	5.209852
104.941753	10247.372599	12.141184	-0.025019	5.209853
104.855053	10247.357089	12.146176	-0.024998	5.209847
104.791161	10247.368715	12.151168	-0.024983	5.209848
104.852304	10247.386786	12.156160	-0.024997	5.209854
104.766224	10247.380180	12.161152	-0.024977	5.209850
104.756218	10247.391426	12.166144	-0.024974	5.209853
104.797636	10247.392296	12.171136	-0.024984	5.209854
104.796123	10247.355275	12.176128	-0.024984	5.209845
104.847194	10247.378218	12.181120	-0.024996	5.209852
104.771402	10247.364156	12.186112	-0.024978	5.209846
104.864071	10247.386694	12.191104	-0.025001	5.209854
104.859571	10247.351259	12.196096	-0.025000	5.209845
104.837772	10247.349617	12.201088	-0.024994	5.209845
104.756223	10247.393792	12.206080	-0.024975	5.209853
104.824581	10247.363727	12.211072	-0.024991	5.209848
104.944399	10247.365556	12.216064	-0.025020	5.209851
104.883525	10247.371749	12.221056	-0.025006	5.209851
104.893306	10247.366883	12.226048	-0.025008	5.209850
104.891278	10247.365784	12.231040	-0.025008	5.209850
104.916835	10247.354182	12.236032	-0.025014	5.209848
104.880288	10247.369420	12.241024	-0.025005	5.209850
104.772153	10247.374034	12.246016	-0.024979	5.209849
104.924804	10247.359700	12.251008	-0.025016	5.209849
104.945364	10247.370387	12.256000	-0.025021	5.209852
104.851101	10247.378709	12.260992	-0.024998	5.209852
104.886052	10247.398174	12.265984	-0.025007	5.209858
104.865541	10247.395120	12.270976	-0.025002	5.209856
104.824643	10247.399273	12.275968	-0.024992	5.209856
104.802068	10247.395148	12.280960	-0.024987	5.209855
104.885334	10247.357155	12.285952	-0.025007	5.209848
104.851985	10247.351569	12.290944	-0.024999	5.209845
104.898904	10247.350595	12.295936	-0.025010	5.209846
104.871688	10247.372567	12.300928	-0.025004	5.209851
104.932471	10247.367616	12.305920	-0.025018	5.209851
104.908269	10247.341879	12.310912	-0.025013	5.209845
104.972812	10247.371133	12.315904	-0.025028	5.209853
104.892955	10247.371578	12.320896	-0.025009	5.209851
104.893431	10247.372786	12.325888	-0.025009	5.209852
104.721993	10247.383866	12.330880	-0.024968	5.209850
104.740147	10247.376863	12.335872	-0.024973	5.209849
104.761151	10247.402877	12.340864	-0.024978	5.209856
104.830668	10247.365007	12.345856	-0.024994	5.209848
104.719557	10247.398109	12.350848	-0.024968	5.209854
104.897799	10247.377318	12.355840	-0.025011	5.209853
104.915685	10247.348564	12.360832	-0.025015	5.209846
104.828336	10247.374114	12.365824	-0.024994	5.209850
104.929355	10247.348400	12.370816	-0.025018	5.209847
104.940751	10247.344649	12.375808	-0.025021	5.209846
104.905210	10247.375157	12.380800	-0.025013	5.209853
104.844461	10247.373651	12.385792	-0.024998	5.209851
104.791564	10247.398245	12.390784	-0.024986	5.209856
104.863319	10247.358865	12.395776	-0.025003	5.209848
104.968140	10247.336605	12.400768	-0.025028	5.209845
104.916536	10247.348257	12.405760	-0.025016	5.209846
104.800012	10247.369101	12.410752	-0.024988	5.209849
104.911930	10247.392235	12.415744	-0.025015	5.209857
104.839186	10247.375300	12.420736	-0.024997	5.209851
104.897988	10247.392329	12.425728	-0.025011	5.209857
104.942372	10247.391615	12.430720	-0.025022	5.209858
104.822540	10247.374364	12.435712	-0.024993	5.209850
104.783436	10247.392425	12.440704	-0.024984	5.209854
104.844299	10247.338785	12.445696	-0.024999	5.209842
104.884299	10247.362859	12.450688	-0.025008	5.209849
104.886031	10247.365219	12.455680	-0.025009	5.209850
104.945554	10247.341180	12.460672	-0.025023	5.209845
104.883860	10247.352581	12.465664	-0.025008	5.209847
104.921180	10247.378210	12.470656	-0.025017	5.209854
104.792677	10247.368251	12.475648	-0.024987	5.209848
104.929931	10247.356770	12.480640	-0.025020	5.209849
104.948387	10247.361266	12.485632	-0.025024	5.209850
104.987467	10247.382872	12.490624	-0.025034	5.209857
104.929836	10247.382328	12.495616	-0.025020	5.209855
104.870645	10247.398598	12.500608	-0.025006	5.209858
104.832404	10247.430663	12.505600	-0.024997	5.209865
104.886864	10247.386644	12.510592	-0.025010	5.209855
104.856709	10247.394823	12.515584	-0.025003	5.209856
104.824676	10247.368606	12.520576	-0.024995	5.209849
104.830717	10247.412802	12.525568	-0.024996	5.209860
104.940562	10247.405402	12.530560	-0.025023	5.209861
104.884132	10247.390644	12.535552	-0.025009	5.209856
104.806904	10247.413880	12.540544	-0.024991	5.209860
104.906769	10247.385721	12.545536	-0.025015	5.209856
104.899561	10247.376184	12.550528	-0.025013	5.209853
104.977519	10247.372040	12.555520	-0.025032	5.209854
104.837759	10247.391414	12.560512	-0.024999	5.209855
104.887848	10247.414458	12.565504	-0.025011	5.209862
104.905848	10247.357508	12.570496	-0.025015	5.209849
104.893573	10247.393327	12.575488	-0.025012	5.209857
104.916789	10247.381964	12.580480	-0.025018	5.209855
104.940416	10247.365434	12.585472	-0.025023	5.209851
104.948055	10247.376159	12.590464	-0.025025	5.209854
104.905035	10247.368999	12.595456	-0.025015	5.209851
104.872852	10247.386353	12.600448	-0.025007	5.209855
104.960061	10247.410730	12.605440	-0.025028	5.209863
104.864683	10247.365360	12.610432	-0.025006	5.209850
104.972069	10247.397925	12.615424	-0.025031	5.209860
104.887155	10247.365579	12.620416	-0.025011	5.209850
104.977157	10247.383265	12.625408	-0.025033	5.209857
104.945766	10247.360824	12.630400	-0.025025	5.209850
104.923874	10247.363036	12.635392	-0.025020	5.209850
104.891676	10247.366300	12.640384	-0.025012	5.209850
104.820217	10247.381260	12.645376	-0.024995	5.209852
104.821278	10247.377284	12.650368	-0.024996	5.209851
104.990144	10247.358732	12.655360	-0.025036	5.209851
104.885423	10247.365560	12.660352	-0.025011	5.209850
104.857022	10247.385090	12.665344	-0.025004	5.209854
105.027237	10247.340778	12.670336	-0.025045	5.209848
104.897450	10247.398847	12.675328	-0.025014	5.209859
105.005693	10247.354459	12.680320	-0.025040	5.209850
104.966117	10247.352072	12.685312	-0.025031	5.209849
105.044958	10247.361930	12.690304	-0.025050	5.209853
104.866567	10247.377563	12.695296	-0.025007	5.209853
104.957105	10247.358043	12.700288	-0.025029	5.209850
105.010283	10247.379490	12.705280	-0.025041	5.209857
104.874244	10247.370300	12.710272	-0.025009	5.209851
105.052667	10247.382799	12.715264	-0.025052	5.209859
104.880862	10247.364451	12.720256	-0.025011	5.209850
104.967060	10247.386369	12.725248	-0.025031	5.209857
104.961138	10247.357484	12.730240	-0.025030	5.209850
104.979805	10247.345305	12.735232	-0.025034	5.209848
104.947783	10247.395951	12.740224	-0.025027	5.209859
104.831433	10247.362972	12.745216	-0.024999	5.209848
104.925714	10247.393031	12.750208	-0.025022	5.209858
104.913546	10247.389125	12.755200	-0.025019	5.209857
104.933331	10247.370426	12.760192	-0.025024	5.209853
104.913396	10247.385249	12.765184	-0.025019	5.209856
104.859023	10247.338253	12.770176	-0.025006	5.209843
104.932806	10247.371688	12.775168	-0.025024	5.209853
105.013075	10247.363465	12.780160	-0.025043	5.209853
104.856496	10247.362778	12.785152	-0.025006	5.209849
104.885585	10247.366188	12.790144	-0.025013	5.209850
104.961076	10247.343081	12.795136	-0.025031	5.209847
105.020641	10247.370281	12.800128	-0.025045	5.209855
104.914626	10247.364430	12.805120	-0.025020	5.209851
104.892746	10247.361516	12.810112	-0.025015	5.209850
104.844182	10247.416414	12.815104	-0.025003	5.209862
105.056586	10247.348577	12.820096	-0.025054	5.209850
104.921472	10247.381568	12.825088	-0.025022	5.209855
104.876813	10247.383543	12.830080	-0.025011	5.209855
104.950293	10247.352954	12.835072	-0.025029	5.209849
104.794883	10247.394424	12.840064	-0.024991	5.209855
104.870279	10247.380293	12.845056	-0.025010	5.209854
104.983563	10247.359731	12.850048	-0.025037	5.209851
104.935174	10247.359525	12.855040	-0.025025	5.209850
104.879254	10247.347276	12.860032	-0.025012	5.209846
105.042850	10247.370257	12.865024	-0.025051	5.209856
104.873066	10247.360670	12.870016	-0.025011	5.209849
104.736193	10247.368220	12.875008	-0.024978	5.209847
104.914288	10247.383314	12.880000	-0.025020	5.209856
104.985591	10247.350385	12.884992	-0.025038	5.209849
105.111780	10247.374624	12.889984	-0.025068	5.209858
104.993934	10247.325144	12.894976	-0.025040	5.209843
104.945919	10247.360769	12.899968	-0.025028	5.209851
104.957262	10247.360867	12.904960	-0.025031	5.209851
104.881402	10247.364747	12.909952	-0.025013	5.209850
104.866150	10247.376529	12.914944	-0.025009	5.209853
104.901265	10247.369075	12.919936	-0.025018	5.209852
105.095403	10247.349223	12.924928	-0.025064	5.209852
104.982097	10247.349241	12.929920	-0.025037	5.209849
104.944736	10247.353032	12.934912	-0.025028	5.209849
104.933641	10247.378482	12.939904	-0.025026	5.209855
104.879737	10247.386525	12.944896	-0.025013	5.209856
104.882394	10247.351640	12.949888	-0.025014	5.209847
104.978007	10247.348255	12.954880	-0.025037	5.209849
104.970583	10247.341302	12.959872	-0.025035	5.209847
105.037118	10247.372915	12.964864	-0.025051	5.209856
104.999387	10247.330625	12.969856	-0.025042	5.209845
104.912634	10247.347148	12.974848	-0.025021	5.209847
104.962041	10247.365137	12.979840	-0.025033	5.209852
104.965383	10247.354522	12.984832	-0.025034	5.209850
105.074566	10247.339503	12.989824	-0.025060	5.209849
105.100374	10247.341967	12.994816	-0.025066	5.209850
104.982652	10245.041319	12.999808	-0.025038	5.209285
105.009738	10239.914394	13.004813	-0.025044	5.208033
104.965931	10234.742322	13.009818	-0.025033	5.206768
104.865287	10229.679490	13.014823	-0.025009	5.205527
104.853033	10224.363738	13.019827	-0.025005	5.204227
104.881258	10219.190632	13.024832	-0.025012	5.202962
104.857910	10214.062362	13.029837	-0.025006	5.201707
104.796208	10208.918882	13.034842	-0.024990	5.200446
104.737049	10204.319641	13.039847	-0.024976	5.199319
104.663268	10199.110962	13.044851	-0.024958	5.198042
104.891894	10193.905425	13.049856	-0.025012	5.196773
104.748185	10188.742227	13.054861	-0.024977	5.195504
104.570303	10182.898494	13.059866	-0.024934	5.194068
104.473034	10177.808393	13.064871	-0.024911	5.192818
104.510904	10172.609988	13.069875	-0.024919	5.191544
104.641936	10167.511347	13.074880	-0.024950	5.190297
104.514128	10162.764157	13.079885	-0.024919	5.189130
104.594596	10157.604418	13.084890	-0.024938	5.187866
104.611072	10152.408082	13.089895	-0.024942	5.186591
104.442737	10147.222191	13.094899	-0.024901	5.185314
104.636636	10141.927183	13.099904	-0.024947	5.184019
104.325513	10136.877119	13.104909	-0.024872	5.182771
104.461628	10131.604715	13.109914	-0.024904	5.181479
104.559767	10126.631074	13.114919	-0.024927	5.180260
104.426346	10121.790940	13.119923	-0.024895	5.179067
104.337249	10116.637419	13.124928	-0.024873	5.177798
104.392656	10111.496589	13.129933	-0.024886	5.176535
104.390432	10106.190465	13.134938	-0.024885	5.175230
104.275980	10100.732596	13.139943	-0.024857	5.173885
104.152713	10095.657709	13.144947	-0.024827	5.172633
103.962285	10090.489747	13.149952	-0.024781	5.171356
104.112606	10085.555727	13.154957	-0.024817	5.170145
104.169791	10080.538918	13.159962	-0.024830	5.168911
104.131249	10075.386465	13.164967	-0.024821	5.167641
104.081325	10070.212429	13.169971	-0.024808	5.166365
104.143218	10065.045480	13.174976	-0.024823	5.165094
104.084225	10059.854716	13.179981	-0.024808	5.163813
104.033047	10054.735326	13.184986	-0.024796	5.162549
103.982412	10049.581701	13.189991	-0.024783	5.161277
103.990268	10044.687587	13.194995	-0.024784	5.160070
103.936909	10039.696174	13.200000	-0.024771	5.158837
103.891811	10034.595031	13.205005	-0.024760	5.157577
103.684575	10029.463288	13.210010	-0.024710	5.156305
103.801353	10023.880710	13.215015	-0.024738	5.154930
103.776119	10018.432469	13.220019	-0.024731	5.153584
103.844181	10013.290221	13.225024	-0.024747	5.152315
103.854837	10008.141536	13.230029	-0.024749	5.151043
103.741802	10003.242450	13.235034	-0.024722	5.149829
103.801831	9998.226016	13.240039	-0.024736	5.148591
103.581241	9993.111225	13.245043	-0.024682	5.147320
103.594839	9987.948310	13.250048	-0.024685	5.146044
103.493542	9982.778994	13.255053	-0.024661	5.144762
103.574122	9977.539447	13.260058	-0.024680	5.143468
103.451273	9972.438166	13.265063	-0.024650	5.142202
103.517313	9967.278447	13.270067	-0.024665	5.140926
103.295716	9962.607781	13.275072	-0.024612	5.139763
103.446685	9957.368113	13.280077	-0.024647	5.138470
103.391317	9952.192667	13.285082	-0.024634	5.137186
103.395769	9947.056050	13.290087	-0.024634	5.135913
103.399608	9941.390610	13.295091	-0.024635	5.134509
103.306029	9936.275013	13.300096	-0.024612	5.133238
103.396281	9931.154295	13.305101	-0.024633	5.131970
103.313045	9926.113101	13.310106	-0.024613	5.130717
103.304355	9921.290116	13.315111	-0.024610	5.129520
103.366536	9916.195037	13.320115	-0.024625	5.128258
103.239357	9910.949894	13.325120	-0.024594	5.126952
103.321730	9905.848833	13.330125	-0.024613	5.125688
103.044966	9900.493521	13.335130	-0.024547	5.124350
103.145568	9895.479719	13.340135	-0.024570	5.123107
103.221002	9890.311628	13.345139	-0.024588	5.121825
103.153219	9885.361697	13.350144	-0.024571	5.120592
102.978130	9880.504040	13.355149	-0.024529	5.119380
103.062360	9875.293528	13.360154	-0.024549	5.118086
103.136243	9870.153230	13.365159	-0.024566	5.116810
102.944259	9864.815606	13.370163	-0.024520	5.115476
102.849961	9859.368147	13.375168	-0.024497	5.114118
102.909871	9854.213332	13.380173	-0.024511	5.112836
102.780445	9849.032165	13.385178	-0.024479	5.111543
102.893605	9844.188532	13.390183	-0.024506	5.110339
102.825539	9839.153393	13.395187	-0.024489	5.109083
102.786601	9833.943357	13.400192	-0.024480	5.107784
102.767509	9828.806309	13.405197	-0.024475	5.106503
102.826007	9823.581659	13.410202	-0.024488	5.105202
102.871395	9818.403617	13.415207	-0.024499	5.103912
102.765547	9813.266519	13.420211	-0.024473	5.102628
102.743739	9808.139987	13.425216	-0.024467	5.101348
102.810576	9803.346160	13.430221	-0.024483	5.100153
102.822337	9798.162029	13.435226	-0.024485	5.098860
102.736008	9793.046625	13.440231	-0.024464	5.097580
102.570516	9787.920296	13.445235	-0.024424	5.096295
102.592729	9782.282841	13.450240	-0.024429	5.094887
102.537038	9777.125526	13.455245	-0.024415	5.093597
102.485452	9771.925355	13.460250	-0.024403	5.092296
102.321775	9766.982823	13.465255	-0.024363	5.091055
102.437578	9762.108147	13.470259	-0.024390	5.089839
102.395905	9756.930682	13.475264	-0.024380	5.088543
102.556559	9751.695140	13.480269	-0.024418	5.087238
102.408107	9746.566269	13.485274	-0.024382	5.085950
102.534946	9741.390856	13.490279	-0.024412	5.084658
102.355550	9736.224567	13.495283	-0.024369	5.083359
102.330205	9731.039394	13.500288	-0.024362	5.082060
102.393507	9726.158082	13.505293	-0.024377	5.080839
102.249863	9721.172283	13.510298	-0.024342	5.079586
102.179948	9715.984934	13.515303	-0.024325	5.078283
102.172379	9710.846501	13.520307	-0.024323	5.076995
102.059824	9705.358069	13.525312	-0.024295	5.075615
102.129798	9699.991837	13.530317	-0.024312	5.074271
101.882465	9694.758445	13.535322	-0.024252	5.072951
101.914424	9689.686775	13.540327	-0.024259	5.071679
102.017179	9684.802108	13.545331	-0.024284	5.070456
102.028424	9679.766402	13.550336	-0.024286	5.069192
102.112685	9674.553148	13.555341	-0.024306	5.067885
101.809539	9669.442414	13.560346	-0.024233	5.066592
101.968992	9664.282665	13.565351	-0.024270	5.065300
101.806888	9659.096035	13.570355	-0.024231	5.063992
101.821175	9653.837958	13.575360	-0.024234	5.062670
101.758181	9648.818720	13.580365	-0.024219	5.061406
101.696526	9644.083540	13.585370	-0.024204	5.060213
101.756770	9638.960462	13.590375	-0.024218	5.058926
101.752645	9633.692449	13.595379	-0.024216	5.057600
101.567677	9628.485588	13.600384	-0.024171	5.056284
101.560220	9622.975289	13.605389	-0.024169	5.054896
101.726979	9617.774339	13.610394	-0.024209	5.053591
101.674802	9612.599354	13.615399	-0.024196	5.052286
101.662406	9607.682382	13.620403	-0.024192	5.051046
101.822725	9602.763475	13.625408	-0.024230	5.049811
101.650504	9597.606627	13.630413	-0.024189	5.048506
101.536555	9592.403390	13.635418	-0.024161	5.047190
101.558231	9587.263366	13.640423	-0.024166	5.045894
101.526427	9582.088964	13.645427	-0.024158	5.044588
101.502883	9576.888952	13.650432	-0.024152	5.043275
101.369158	9571.776410	13.655437	-0.024119	5.041980
101.378309	9566.936179	13.660442	-0.024121	5.040758
101.439661	9561.903016	13.665447	-0.024135	5.039489
101.253555	9556.710462	13.670451	-0.024091	5.038171
101.368150	9551.556146	13.675456	-0.024118	5.036872
101.352383	9545.776618	13.680461	-0.024113	5.035411
101.256943	9540.595996	13.685466	-0.024090	5.034098
101.168100	9535.390041	13.690471	-0.024068	5.032779
101.203853	9530.288926	13.695475	-0.024077	5.031489
101.333754	9525.452856	13.700480	-0.024107	5.030269
101.311008	9520.351448	13.705485	-0.024101	5.028978
100.854140	9515.224901	13.710490	-0.023992	5.027666
101.081733	9510.025660	13.715495	-0.024046	5.026356
101.032332	9504.818118	13.720499	-0.024033	5.025035
100.969558	9499.651774	13.725504	-0.024018	5.023725
100.857966	9494.523513	13.730509	-0.023991	5.022421
100.965250	9489.554732	13.735514	-0.024016	5.021165
101.133384	9484.545294	13.740519	-0.024056	5.019900
100.887575	9479.434849	13.745523	-0.023997	5.018596
100.951063	9474.280726	13.750528	-0.024012	5.017291
100.900106	9468.904479	13.755533	-0.023999	5.015925
100.892027	9463.550298	13.760538	-0.023997	5.014565
100.848089	9458.376537	13.765543	-0.023986	5.013250
100.691581	9453.247426	13.770547	-0.023948	5.011943
100.659322	9448.463285	13.775552	-0.023940	5.010727
100.698900	9443.409829	13.780557	-0.023949	5.009444
100.638956	9438.150032	13.785562	-0.023934	5.008105
100.615737	9433.030804	13.790567	-0.023928	5.006803
100.520060	9427.856772	13.795571	-0.023905	5.005484
100.565400	9422.697439	13.800576	-0.023915	5.004173
100.680567	9417.538194	13.805581	-0.023942	5.002864
100.651565	9412.449580	13.810586	-0.023935	5.001568
100.559281	9407.657059	13.815591	-0.023912	5.000345
100.615248	9402.517614	13.820595	-0.023925	4.999039
100.554974	9397.344866	13.825600	-0.023911	4.997719
100.440154	9391.887420	13.830605	-0.023883	4.996325
100.487627	9386.377092	13.835610	-0.023894	4.994922
100.433763	9381.266638	13.840615	-0.023880	4.993618
100.360027	9376.126951	13.845619	-0.023862	4.992305
100.365246	9371.304384	13.850624	-0.023863	4.991076
100.415283	9366.206986	13.855629	-0.023875	4.989777
100.329013	9360.966425	13.860634	-0.023854	4.988437
100.224269	9355.849461	13.865639	-0.023828	4.987127
100.283118	9350.693854	13.870643	-0.023842	4.985813
100.267062	9345.511071	13.875648	-0.023838	4.984489
100.150498	9340.372814	13.880653	-0.023809	4.983173
100.231114	9335.252755	13.885658	-0.023828	4.981867
100.228946	9330.520606	13.890663	-0.023827	4.980658
100.205329	9325.349036	13.895667	-0.023821	4.979335
100.131260	9320.147351	13.900672	-0.023803	4.978002
100.028558	9314.945805	13.905677	-0.023778	4.976669
99.978623	9309.402283	13.910682	-0.023766	4.975249
100.042027	9304.254672	13.915687	-0.023780	4.973934
99.983724	9299.048175	13.920691	-0.023766	4.972599
99.857845	9294.269802	13.925696	-0.023736	4.971371
99.939382	9289.275028	13.930701	-0.023755	4.970095
99.877420	9284.090116	13.935706	-0.023739	4.968764
99.809758	9278.931698	13.940711	-0.023723	4.967440
99.694032	9273.734501	13.945715	-0.023695	4.966105
99.768783	9268.540089	13.950720	-0.023712	4.964775
99.720449	9263.395574	13.955725	-0.023700	4.963454
99.782263	9258.246929	13.960730	-0.023715	4.962136
99.689191	9253.564647	13.965735	-0.023692	4.960931
99.733068	9248.391705	13.970739	-0.023702	4.959605
99.665339	9243.194268	13.975744	-0.023685	4.958268
99.648573	9237.920015	13.980749	-0.023681	4.956913
99.492288	9232.368555	13.985754	-0.023643	4.955482
99.601648	9227.144302	13.990759	-0.023669	4.954143
99.590258	9221.970932	13.995763	-0.023666	4.952814
99.678339	9217.035101	14.000768	-0.023686	4.951548
99.457933	9212.103752	14.005773	-0.023633	4.950272
99.401389	9206.911135	14.010778	-0.023619	4.948935
99.594857	9201.779938	14.015783	-0.023665	4.947621
99.505053	9196.554366	14.020787	-0.023643	4.946273
99.371718	9191.384370	14.025792	-0.023611	4.944938
99.555479	9186.172406	14.030797	-0.023655	4.943602
99.331036	9181.027936	14.035802	-0.023600	4.942270
99.371457	9176.329231	14.040807	-0.023610	4.941060
99.358981	9171.141858	14.045811	-0.023606	4.939723
99.324382	9165.945441	14.050816	-0.023598	4.938383
99.340450	9160.724494	14.055821	-0.023601	4.937037
99.222385	9155.247653	14.060826	-0.023572	4.935621
99.149798	9150.141607	14.065831	-0.023555	4.934301
99.081580	9144.969844	14.070835	-0.023538	4.932964
99.175282	9140.054125	14.075840	-0.023560	4.931698
99.197326	9135.071614	14.080845	-0.023565	4.930413
99.102928	9129.965397	14.085850	-0.023542	4.929091
98.990786	9124.756558	14.090855	-0.023515	4.927742
98.930783	9119.542352	14.095859	-0.023500	4.926392
98.947781	9114.369018	14.100864	-0.023503	4.925056
99.069720	9109.261798	14.105869	-0.023532	4.923740
98.890936	9104.094004	14.110874	-0.023489	4.922397
98.762373	9099.349477	14.115879	-0.023458	4.921165
98.876569	9094.249688	14.120883	-0.023485	4.919850
98.820063	9089.038627	14.125888	-0.023471	4.918499
98.842280	9083.629323	14.130893	-0.023476	4.917100
98.709741	9078.056340	14.135898	-0.023444	4.915652
98.819383	9073.001362	14.140903	-0.023469	4.914346
98.865311	9067.770583	14.145907	-0.023480	4.912993
98.722540	9062.956459	14.150912	-0.023445	4.911740
98.599200	9057.991713	14.155917	-0.023415	4.910449
98.640413	9052.692284	14.160922	-0.023425	4.909076
98.554327	9047.555644	14.165927	-0.023404	4.907741
98.539260	9042.425427	14.170931	-0.023400	4.906409
98.636839	9037.211857	14.175936	-0.023423	4.905060
98.441564	9032.078374	14.180941	-0.023376	4.903720
98.464850	9027.019403	14.185946	-0.023381	4.902408
98.308978	9022.252497	14.190951	-0.023343	4.901164
98.537037	9016.981384	14.195955	-0.023397	4.899803
98.504088	9011.815030	14.200960	-0.023389	4.898459
98.417029	9006.557671	14.205965	-0.023368	4.897089
98.382981	9001.065408	14.210970	-0.023359	4.895660
98.301039	8995.972440	14.215975	-0.023339	4.894332
98.272104	8990.843767	14.220979	-0.023332	4.892997
98.365414	8985.965179	14.225984	-0.023354	4.891731
98.430878	8980.923678	14.230989	-0.023369	4.890421
98.289589	8975.725508	14.235994	-0.023335	4.889063
98.204446	8970.603961	14.240999	-0.023314	4.887726
98.046412	8965.413390	14.246003	-0.023276	4.886368
98.118600	8960.200415	14.251008	-0.023293	4.885012
98.083554	8955.105150	14.256013	-0.023284	4.883683
98.177892	8950.072801	14.261018	-0.023306	4.882374
98.063502	8945.194515	14.266023	-0.023278	4.881098
98.020138	8940.064998	14.271027	-0.023267	4.879758
98.100699	8934.875831	14.276032	-0.023286	4.878407
97.957138	8929.328634	14.281037	-0.023252	4.876954
97.980740	8923.952901	14.286042	-0.023257	4.875551
97.970518	8918.737495	14.291047	-0.023254	4.874189
97.954538	8913.622317	14.296051	-0.023250	4.872852
97.857877	8908.858811	14.301056	-0.023226	4.871604
97.848308	8903.723995	14.306061	-0.023223	4.870261
97.952849	8898.462782	14.311066	-0.023248	4.868889
97.852479	8893.454239	14.316071	-0.023224	4.867576
97.772116	8888.124539	14.321075	-0.023204	4.866179
97.736849	8882.966772	14.326080	-0.023195	4.864828
97.874936	8877.817688	14.331085	-0.023228	4.863485
97.774330	8872.918546	14.336090	-0.023203	4.862199
97.813559	8867.955035	14.341095	-0.023212	4.860901
97.688294	8862.823599	14.346099	-0.023182	4.859552
97.699748	8857.617626	14.351104	-0.023184	4.858188
97.593715	8852.112500	14.356109	-0.023158	4.856741
97.556276	8846.928196	14.361114	-0.023149	4.855381
97.525966	8841.714616	14.366119	-0.023141	4.854012
97.491276	8836.701841	14.371123	-0.023133	4.852696
97.344535	8831.841550	14.376128	-0.023097	4.851416
97.387214	8826.680445	14.381133	-0.023107	4.850062
97.390184	8821.527459	14.386138	-0.023107	4.848710
97.478614	8816.399717	14.391143	-0.023128	4.847366
97.281016	8811.208501	14.396147	-0.023080	4.845995
97.409996	8805.847515	14.401152	-0.023111	4.844591
97.428868	8800.679125	14.406157	-0.023115	4.843234
97.317829	8795.919700	14.411162	-0.023088	4.841978
97.339809	8790.756045	14.416167	-0.023093	4.840621
97.311964	8785.629261	14.421171	-0.023086	4.839272
97.186037	8780.390670	14.426176	-0.023055	4.837889
97.244472	8774.719884	14.431181	-0.023069	4.836398
97.237594	8769.534203	14.436186	-0.023067	4.835033
97.110532	8764.437931	14.441191	-0.023036	4.833686
97.170640	8759.507667	14.446195	-0.023050	4.832389
97.120705	8754.551496	14.451200	-0.023037	4.831081
97.121792	8749.333706	14.456205	-0.023037	4.829706
97.018558	8744.190077	14.461210	-0.023012	4.828346
97.025706	8739.015831	14.466215	-0.023013	4.826982
96.922005	8733.838535	14.471219	-0.022988	4.825612
96.860769	8728.676868	14.476224	-0.022973	4.824248
96.940117	8723.723914	14.481229	-0.022992	4.822944
96.846534	8718.860536	14.486234	-0.022969	4.821656
96.785626	8713.691275	14.491239	-0.022954	4.820289
96.832287	8708.491744	14.496243	-0.022965	4.818917
96.796585	8703.085615	14.501248	-0.022956	4.817487
96.809582	8697.815916	14.506253	-0.022958	4.816094
96.747021	8692.570260	14.511258	-0.022943	4.814705
96.712395	8687.498032	14.516263	-0.022934	4.813362
96.636917	8682.723306	14.521267	-0.022916	4.812096
96.559618	8677.596222	14.526272	-0.022897	4.810737
96.610807	8672.526616	14.531277	-0.022909	4.809397
96.644400	8667.260489	14.536282	-0.022916	4.808004
96.676973	8662.020775	14.541287	-0.022924	4.806617
96.636330	8656.923804	14.546291	-0.022914	4.805265
96.572477	8651.723224	14.551296	-0.022898	4.803885
96.517199	8646.923325	14.556301	-0.022884	4.802611
96.528818	8641.845534	14.561306	-0.022887	4.801265
96.411141	8636.711184	14.566311	-0.022858	4.799898
96.392594	8631.640598	14.571315	-0.022853	4.798553
96.399490	8625.766738	14.576320	-0.022854	4.796994
96.357345	8620.704972	14.581325	-0.022844	4.795649
96.327185	8615.498317	14.586330	-0.022836	4.794265
96.154060	8610.569958	14.591335	-0.022795	4.792949
96.206215	8605.641096	14.596339	-0.022807	4.791642
96.244509	8600.401943	14.601344	-0.022815	4.790251
96.336642	8595.269258	14.606349	-0.022837	4.788890
96.097488	8590.062598	14.611354	-0.022779	4.787497
96.072035	8584.918167	14.616359	-0.022773	4.786127
96.140098	8579.746431	14.621363	-0.022789	4.784754
96.002547	8574.614152	14.626368	-0.022755	4.783383
96.047494	8569.920100	14.631373	-0.022766	4.782135
96.054547	8564.622002	14.636378	-0.022767	4.780724
96.188779	8559.473407	14.641383	-0.022799	4.779358
96.171423	8554.142080	14.646387	-0.022794	4.777937
96.062424	8548.741351	14.651392	-0.022768	4.776493
95.910510	8543.704486	14.656397	-0.022731	4.775145
95.900872	8538.429457	14.661402	-0.022728	4.773738
95.968959	8533.622092	14.666407	-0.022744	4.772458
95.965321	8528.548033	14.671411	-0.022743	4.771104
95.849985	8523.373615	14.676416	-0.022715	4.769718
95.776489	8518.351290	14.681421	-0.022697	4.768375
95.798493	8513.045240	14.686426	-0.022702	4.766959
95.733581	8507.921765	14.691431	-0.022686	4.765587
95.656882	8502.718572	14.696435	-0.022667	4.764194
95.773881	8497.834173	14.701440	-0.022695	4.762893
95.659617	8492.843782	14.706445	-0.022667	4.761554
95.567943	8487.627403	14.711450	-0.022644	4.760156
95.492984	8482.565317	14.716455	-0.022626	4.758799
95.535754	8476.793279	14.721459	-0.022636	4.757256
95.435989	8471.670331	14.726464	-0.022612	4.755880
95.570281	8466.418750	14.731469	-0.022643	4.754480
95.415328	8461.514431	14.736474	-0.022606	4.753160
95.382623	8456.509552	14.741479	-0.022598	4.751818
95.376203	8451.353111	14.746483	-0.022596	4.750436
95.474369	8446.175693	14.751488	-0.022619	4.749052
95.243430	8441.059025	14.756493	-0.022563	4.747670
95.271593	8435.912450	14.761498	-0.022569	4.746291
95.210682	8430.672392	14.766503	-0.022554	4.744883
95.294315	8425.661325	14.771507	-0.022574	4.743541
95.269865	8420.749126	14.776512	-0.022568	4.742222
95.217460	8415.716918	14.781517	-0.022555	4.740868
95.247422	8410.400790	14.786522	-0.022562	4.739441
95.104398	8405.128324	14.791527	-0.022527	4.738019
95.082143	8399.809256	14.796531	-0.022521	4.736589
94.973260	8394.610405	14.801536	-0.022495	4.735187
94.983667	8389.555462	14.806541	-0.022497	4.733827
95.002077	8384.659744	14.811546	-0.022501	4.732511
95.087027	8379.567481	14.816551	-0.022521	4.731144
94.913373	8374.343805	14.821555	-0.022479	4.729731
94.826039	8369.271100	14.826560	-0.022457	4.728362
94.923729	8364.060828	14.831565	-0.022480	4.726963
95.009093	8358.843492	14.836570	-0.022500	4.725561
94.944947	8353.690722	14.841575	-0.022485	4.724170
94.978113	8348.926665	14.846579	-0.022492	4.722887
94.936628	8343.842883	14.851584	-0.022482	4.721514
94.989955	8338.674530	14.856589	-0.022494	4.720123
94.810927	8333.346081	14.861594	-0.022451	4.718678
94.793580	8327.754302	14.866599	-0.022446	4.717168
94.817248	8322.576685	14.871603	-0.022452	4.715771
94.750012	8317.398176	14.876608	-0.022435	4.714370
94.719122	8312.606315	14.881613	-0.022427	4.713074
94.652742	8307.480352	14.886618	-0.022411	4.711687
94.629707	8302.360888	14.891623	-0.022405	4.710302
94.612554	8297.191240	14.896627	-0.022401	4.708904
94.666753	8292.038831	14.901632	-0.022413	4.707512
94.727967	8286.778393	14.906637	-0.022427	4.706092
94.476798	8281.683619	14.911642	-0.022367	4.704703
94.593616	8276.741904	14.916647	-0.022394	4.703370
94.484842	8271.818684	14.921651	-0.022368	4.702033
94.388117	8266.558507	14.926656	-0.022344	4.700604
94.422459	8261.468888	14.931661	-0.022352	4.699227
94.461157	8255.813367	14.936666	-0.022361	4.697696
94.356395	8250.717086	14.941671	-0.022336	4.696310
94.141507	8245.517196	14.946675	-0.022284	4.694891
94.380557	8240.566941	14.951680	-0.022341	4.693558
94.187418	8235.662506	14.956685	-0.022294	4.692219
94.202464	8230.499813	14.961690	-0.022297	4.690819
94.180321	8225.288034	14.966695	-0.022291	4.689403
94.122142	8220.155798	14.971699	-0.022277	4.688007
94.053962	8214.965747	14.976704	-0.022260	4.686594
94.164728	8209.849636	14.981709	-0.022286	4.685209
94.037341	8204.802758	14.986714	-0.022256	4.683831
94.127055	8199.943166	14.991719	-0.022277	4.682514
93.945577	8194.756095	14.996723	-0.022233	4.681096
94.022197	8189.605311	15.001728	-0.022251	4.679698
94.025980	8184.007348	15.006733	-0.022251	4.678174
93.920111	8178.793990	15.011738	-0.022225	4.676751
93.895687	8173.573060	15.016743	-0.022219	4.675328
93.930366	8168.560000	15.021747	-0.022227	4.673964
93.854960	8163.651421	15.026752	-0.022209	4.672623
93.692830	8158.584809	15.031757	-0.022169	4.671236
93.693832	8153.298575	15.036762	-0.022169	4.669795
93.807801	8148.206991	15.041767	-0.022196	4.668411
93.680502	8142.956526	15.046771	-0.022165	4.666973
93.593621	8137.819238	15.051776	-0.022144	4.665568
93.614518	8132.743318	15.056781	-0.022149	4.664183
93.793183	8127.899196	15.061786	-0.022191	4.662868
93.720133	8122.725436	15.066791	-0.022173	4.661452
93.632346	8117.610422	15.071795	-0.022152	4.660051
93.574386	8112.252432	15.076800	-0.022137	4.658584
93.701837	8106.918461	15.081805	-0.022167	4.657131
93.559004	8101.707292	15.086810	-0.022133	4.655700
93.455593	8096.650202	15.091815	-0.022108	4.654313
93.434772	8091.874866	15.096819	-0.022102	4.653005
93.452787	8086.654529	15.101824	-0.022106	4.651577
93.415945	8081.509415	15.106829	-0.022097	4.650167
93.404914	8076.329892	15.111834	-0.022094	4.648748
93.420557	8071.153443	15.116839	-0.022097	4.647331
93.287013	8065.994142	15.121843	-0.022065	4.645911
93.403859	8060.845872	15.126848	-0.022092	4.644505
93.213070	8056.114337	15.131853	-0.022046	4.643199
93.166973	8051.039210	15.136858	-0.022035	4.641805
93.150537	8045.834634	15.141863	-0.022031	4.640377
93.111026	8040.443103	15.146867	-0.022021	4.638895
93.161714	8034.926435	15.151872	-0.022032	4.637383
93.119691	8029.782042	15.156877	-0.022022	4.635968
93.038893	8024.684027	15.161882	-0.022002	4.634564
93.031513	8019.875807	15.166887	-0.022000	4.633243
93.193455	8014.712673	15.171891	-0.022038	4.631831
93.055183	8009.466050	15.176896	-0.022005	4.630382
92.892792	8004.416762	15.181901	-0.021966	4.628986
92.876760	7999.168700	15.186906	-0.021961	4.627542
93.018507	7993.993498	15.191911	-0.021995	4.626124
92.863273	7988.865030	15.196915	-0.021957	4.624705
92.783217	7984.092300	15.201920	-0.021938	4.623387
92.821722	7978.967672	15.206925	-0.021947	4.621977
92.788611	7973.772235	15.211930	-0.021938	4.620544
92.804633	7968.483339	15.216935	-0.021942	4.619087
92.678585	7963.055874	15.221939	-0.021911	4.617585
92.775082	7957.870630	15.226944	-0.021934	4.616160
92.603492	7952.744756	15.231949	-0.021892	4.614738
92.641395	7947.912575	15.236954	-0.021901	4.613406
92.491318	7942.897191	15.241959	-0.021865	4.612015
92.626924	7937.702817	15.246963	-0.021897	4.610586
92.509146	7932.539566	15.251968	-0.021868	4.609155
92.562409	7927.326629	15.256973	-0.021880	4.607717
92.547669	7922.165814	15.261978	-0.021876	4.606290
92.501739	7916.974387	15.266983	-0.021865	4.604853
92.474899	7912.257810	15.271987	-0.021858	4.603547
92.436819	7907.123519	15.276992	-0.021849	4.602125
92.409291	7901.968813	15.281997	-0.021842	4.600697
92.308654	7896.593023	15.287002	-0.021817	4.599205
92.212033	7891.087598	15.292007	-0.021794	4.597676
92.352777	7885.921858	15.297011	-0.021827	4.596251
92.246272	7880.747176	15.302016	-0.021801	4.594813
92.242419	7875.968512	15.307021	-0.021800	4.593488
92.264920	7870.827778	15.312026	-0.021805	4.592064
92.174169	7865.653063	15.317031	-0.021783	4.590624
92.143412	7860.566979	15.322035	-0.021775	4.589212
92.290900	7855.285779	15.327040	-0.021810	4.587753
92.158601	7850.149743	15.332045	-0.021778	4.586321
92.092418	7845.016909	15.337050	-0.021761	4.584893
91.989475	7840.336723	15.342055	-0.021736	4.583588
91.998355	7835.166618	15.347059	-0.021738	4.582152
92.021136	7829.963283	15.352064	-0.021743	4.580707
91.921179	7824.623409	15.357069	-0.021719	4.579218
92.009605	7819.266728	15.362074	-0.021739	4.577732
91.929869	7814.082997	15.367079	-0.021720	4.576286
91.797914	7809.037382	15.372083	-0.021688	4.574876
91.750180	7804.240770	15.377088	-0.021676	4.573539
91.875771	7799.024696	15.382093	-0.021706	4.572092
91.698187	7793.892690	15.387098	-0.021663	4.570654
91.670474	7788.739878	15.392103	-0.021656	4.569217
91.606690	7783.545374	15.397107	-0.021640	4.567766
91.607715	7778.385496	15.402112	-0.021640	4.566328
91.560006	7773.311406	15.407117	-0.021628	4.564910
91.588055	7768.490423	15.412122	-0.021635	4.563567
91.443370	7763.348233	15.417127	-0.021600	4.562125
91.522086	7758.182997	15.422131	-0.021618	4.560687
91.610463	7752.607533	15.427136	-0.021639	4.559134
91.514870	7747.322594	15.432141	-0.021615	4.557653
91.452209	7742.097605	15.437146	-0.021600	4.556190
91.641552	7737.037894	15.442151	-0.021645	4.554784
91.455141	7732.162767	15.447155	-0.021600	4.553413
91.386153	7727.004001	15.452160	-0.021583	4.551966
91.332603	7721.874447	15.457165	-0.021570	4.550529
91.366769	7716.656062	15.462170	-0.021577	4.549070
91.343472	7711.529206	15.467175	-0.021571	4.547633
91.305709	7706.339518	15.472179	-0.021562	4.546178
91.250631	7701.310391	15.477184	-0.021548	4.544767
91.331747	7696.402641	15.482189	-0.021567	4.543395
91.322148	7691.237596	15.487194	-0.021565	4.541947
91.208286	7686.101689	15.492199	-0.021537	4.540502
91.061649	7680.625746	15.497203	-0.021502	4.538959
91.152218	7675.342183	15.502208	-0.021523	4.537480
91.070504	7670.267183	15.507213	-0.021503	4.536052
90.983614	7665.339204	15.512218	-0.021482	4.534664
91.033565	7660.279713	15.517223	-0.021493	4.533246
91.024279	7655.017328	15.522227	-0.021491	4.531767
90.869229	7649.887845	15.527232	-0.021453	4.530318
91.013433	7644.687393	15.532237	-0.021487	4.528863
90.998811	7639.432115	15.537242	-0.021483	4.527384
90.884208	7634.340802	15.542247	-0.021455	4.525946
90.960849	7629.481723	15.547251	-0.021473	4.524583
90.968807	7624.375098	15.552256	-0.021475	4.523146
90.873422	7619.290910	15.557261	-0.021452	4.521710
90.791560	7614.122959	15.562266	-0.021432	4.520250
90.763048	7608.420327	15.567271	-0.021424	4.518642
90.647664	7603.316991	15.572275	-0.021396	4.517198
90.719737	7598.113747	15.577280	-0.021413	4.515734
90.497465	7593.261006	15.582285	-0.021360	4.514355
90.534232	7588.202018	15.587290	-0.021368	4.512930
90.590429	7583.047295	15.592295	-0.021381	4.511478
90.581613	7577.863268	15.597299	-0.021378	4.510014
90.478193	7572.646206	15.602304	-0.021353	4.508535
90.479154	7567.543470	15.607309	-0.021353	4.507094
90.435546	7562.306373	15.612314	-0.021342	4.505612
90.486240	7557.570600	15.617319	-0.021354	4.504276
90.329910	7552.484121	15.622323	-0.021316	4.502830
90.374507	7547.239141	15.627328	-0.021326	4.501348
90.414640	7541.938167	15.632333	-0.021336	4.499851
90.237864	7536.638617	15.637338	-0.021293	4.498342
90.256648	7531.408793	15.642343	-0.021297	4.496862
90.204302	7526.354901	15.647347	-0.021284	4.495428
90.210532	7521.529459	15.652352	-0.021285	4.494061
90.065921	7516.431818	15.657357	-0.021250	4.492610
90.011926	7511.239907	15.662362	-0.021237	4.491135
90.150255	7506.068344	15.667367	-0.021270	4.489675
90.102621	7500.932655	15.672371	-0.021258	4.488216
90.030064	7495.696250	15.677376	-0.021240	4.486727
90.034892	7490.723160	15.682381	-0.021241	4.485315
90.059038	7485.895604	15.687386	-0.021246	4.483946
89.989669	7480.666975	15.692391	-0.021229	4.482457
90.099095	7475.537721	15.697395	-0.021255	4.481005
89.890252	7470.074210	15.702400	-0.021204	4.479442
89.957565	7464.864551	15.707405	-0.021220	4.477964
89.831548	7459.623154	15.712410	-0.021190	4.476467
89.848759	7454.691128	15.717415	-0.021193	4.475064
89.715933	7449.761460	15.722419	-0.021161	4.473655
89.799522	7444.494283	15.727424	-0.021181	4.472159
89.695603	7439.406112	15.732429	-0.021155	4.470705
89.754923	7434.220012	15.737434	-0.021169	4.469231
89.549287	7429.090497	15.742439	-0.021120	4.467759
89.616476	7423.883448	15.747443	-0.021135	4.466277
89.566211	7418.988653	15.752448	-0.021123	4.464879
89.662911	7413.939546	15.757453	-0.021146	4.463444
89.535083	7408.767154	15.762458	-0.021115	4.461961
89.541523	7403.470268	15.767463	-0.021116	4.460450
89.480862	7398.137718	15.772467	-0.021101	4.458924
89.462524	7392.920904	15.777472	-0.021096	4.457433
89.384562	7387.817879	15.782477	-0.021077	4.455971
89.438059	7382.978540	15.787482	-0.021089	4.454590
89.380330	7377.843593	15.792487	-0.021075	4.453119
89.475494	7372.705350	15.797491	-0.021097	4.451654
89.551910	7367.448777	15.802496	-0.021115	4.450154
89.208931	7362.348391	15.807501	-0.021033	4.448677
89.223633	7357.181427	15.812506	-0.021036	4.447199
89.241160	7352.117041	15.817511	-0.021040	4.445749
89.382345	7347.209021	15.822515	-0.021073	4.444350
89.194875	7342.065275	15.827520	-0.021028	4.442867
89.153819	7336.953002	15.832525	-0.021018	4.441399
89.083950	7331.380571	15.837530	-0.021000	4.439797
89.192839	7326.109352	15.842535	-0.021026	4.438291
88.943204	7320.978350	15.847539	-0.020966	4.436805
88.900158	7316.002866	15.852544	-0.020955	4.435375
89.027803	7311.066162	15.857549	-0.020985	4.433964
88.968379	7305.857711	15.862554	-0.020971	4.432465
88.917804	7300.708130	15.867559	-0.020958	4.430982
88.911672	7295.542626	15.872563	-0.020956	4.429497
88.931376	7290.359069	15.877568	-0.020961	4.428008
88.895791	7285.180567	15.882573	-0.020952	4.426516
88.864667	7280.361021	15.887578	-0.020944	4.425128
88.703957	7275.365435	15.892583	-0.020905	4.423682
88.744905	7270.145886	15.897587	-0.020914	4.422181
88.717331	7264.842775	15.902592	-0.020907	4.420652
88.645559	7259.448641	15.907597	-0.020890	4.419094
88.564074	7254.279096	15.912602	-0.020870	4.417600
88.570303	7249.134625	15.917607	-0.020871	4.416117
88.578124	7244.413682	15.922611	-0.020872	4.414756
88.639816	7239.155486	15.927616	-0.020887	4.413242
88.550823	7234.023398	15.932621	-0.020865	4.411756
88.472846	7228.880281	15.937626	-0.020846	4.410267
88.584537	7223.691939	15.942631	-0.020872	4.408775
88.570904	7218.544018	15.947635	-0.020869	4.407287
88.447831	7213.524425	15.952640	-0.020839	4.405830
88.470865	7208.616318	15.957645	-0.020844	4.404412
88.470669	7203.448432	15.962650	-0.020843	4.402918
88.274574	7198.327273	15.967655	-0.020796	4.401426
88.297608	7192.650700	15.972659	-0.020801	4.399784
88.161726	7187.446957	15.977664	-0.020768	4.398271
88.339808	7182.207810	15.982669	-0.020810	4.396763
88.327918	7177.299936	15.987674	-0.020807	4.395341
88.229915	7172.315498	15.992679	-0.020783	4.393891
88.218987	7167.161935	15.997683	-0.020780	4.392397
88.191085	7161.969065	16.002688	-0.020773	4.390889
88.200575	7156.776598	16.007693	-0.020775	4.389383
88.091702	7151.581539	16.012698	-0.020749	4.387870
87.992188	7146.468334	16.017703	-0.020724	4.386381
87.958677	7141.756632	16.022707	-0.020716	4.385011
88.086435	7136.577608	16.027712	-0.020746	4.383513
87.997834	7131.460037	16.032717	-0.020725	4.382021
87.835039	7126.025903	16.037722	-0.020685	4.380433
87.844463	7120.739578	16.042727	-0.020687	4.378897
87.993523	7115.558448	16.047731	-0.020722	4.377397
87.775939	7110.579954	16.052736	-0.020670	4.375937
87.638665	7105.658250	16.057741	-0.020637	4.374497
87.876458	7100.451068	16.062746	-0.020693	4.372994
87.868883	7095.300055	16.067751	-0.020691	4.371493
87.806487	7090.101910	16.072755	-0.020675	4.369975
87.674299	7084.918357	16.077760	-0.020643	4.368457
87.585162	7079.787648	16.082765	-0.020622	4.366957
87.705746	7074.916761	16.087770	-0.020650	4.365542
87.886187	7069.802150	16.092775	-0.020693	4.364060
87.673195	7064.734639	16.097779	-0.020641	4.362569
87.560838	7059.342562	16.102784	-0.020614	4.360989
87.606580	7053.906338	16.107789	-0.020625	4.359404
87.541677	7048.680436	16.112794	-0.020609	4.357873
87.391808	7043.602309	16.117799	-0.020572	4.356381
87.258623	7038.837835	16.122803	-0.020540	4.354981
87.329587	7033.625378	16.127808	-0.020557	4.353460
87.359302	7028.501269	16.132813	-0.020563	4.351962
87.307162	7023.310827	16.137818	-0.020551	4.350440
87.290947	7018.114521	16.142823	-0.020546	4.348918
87.213126	7012.963391	16.147827	-0.020527	4.347405
87.075823	7008.034954	16.152832	-0.020494	4.345954
87.307379	7003.031453	16.157837	-0.020549	4.344500
87.132012	6997.863201	16.162842	-0.020507	4.342975
87.084464	6992.661437	16.167847	-0.020495	4.341447
87.285850	6987.226000	16.172851	-0.020543	4.339863
87.190697	6982.017653	16.177856	-0.020519	4.338329
87.073733	6976.910909	16.182861	-0.020491	4.336823
87.011095	6972.134911	16.187866	-0.020476	4.335417
87.102258	6966.977036	16.192871	-0.020497	4.333907
87.037461	6961.821269	16.197875	-0.020481	4.332388
87.062032	6956.628397	16.202880	-0.020487	4.330862
87.080223	6951.456578	16.207885	-0.020491	4.329342
86.990413	6946.297155	16.212890	-0.020469	4.327819
86.960858	6941.241815	16.217895	-0.020461	4.326330
86.916206	6936.441252	16.222899	-0.020450	4.324914
86.855182	6931.229871	16.227904	-0.020435	4.323376
86.845007	6926.051119	16.232909	-0.020432	4.321850
86.729015	6920.405767	16.237914	-0.020404	4.320179
86.668416	6915.256187	16.242919	-0.020389	4.318658
86.546823	6910.124102	16.247923	-0.020360	4.317137
86.662683	6905.234988	16.252928	-0.020387	4.315701
86.678934	6900.174729	16.257933	-0.020390	4.314208
86.593936	6895.019988	16.262938	-0.020370	4.312682
86.515278	6889.843715	16.267943	-0.020350	4.311149
86.588312	6884.632339	16.272947	-0.020367	4.309613
86.540800	6879.446532	16.277952	-0.020356	4.308077
86.656579	6874.393368	16.282957	-0.020383	4.306590
86.542697	6869.521320	16.287962	-0.020355	4.305142
86.402416	6864.383736	16.292967	-0.020321	4.303615
86.444716	6859.253653	16.297971	-0.020331	4.302099
86.526757	6853.686685	16.302976	-0.020350	4.300455
86.335686	6848.520120	16.307981	-0.020304	4.298914
86.348772	6843.391667	16.312986	-0.020307	4.297395
86.259822	6838.517058	16.317991	-0.020285	4.295945
86.270144	6833.494791	16.322995	-0.020287	4.294456
86.284720	6828.281927	16.328000	-0.020290	4.292911
86.262405	6823.172605	16.333005	-0.020285	4.291394
86.075762	6817.972184	16.338010	-0.020240	4.289840
86.163317	6812.758447	16.343015	-0.020260	4.288296
86.046203	6807.806116	16.348019	-0.020232	4.286819
86.132573	6802.865170	16.353024	-0.020252	4.285356
86.125926	6797.714651	16.358029	-0.020250	4.283824
85.947810	6792.560825	16.363034	-0.020207	4.282282
85.927032	6786.926680	16.368039	-0.020201	4.280604
86.079888	6781.712687	16.373043	-0.020238	4.279062
85.902794	6776.552981	16.378048	-0.020195	4.277516
85.871712	6771.728953	16.383053	-0.020187	4.276077
85.816396	6766.657608	16.388058	-0.020173	4.274563
85.749855	6761.447768	16.393063	-0.020157	4.273007
85.779799	6756.284216	16.398067	-0.020164	4.271469
85.716556	6751.088016	16.403072	-0.020148	4.269916
85.825252	6745.895322	16.408077	-0.020174	4.268373
85.714486	6740.928528	16.413082	-0.020147	4.266885
85.689133	6736.029723	16.418087	-0.020140	4.265421
85.743910	6730.855922	16.423091	-0.020153	4.263879
85.653272	6725.731754	16.428096	-0.020131	4.262343
85.704117	6720.202092	16.433101	-0.020143	4.260693
85.657725	6715.072243	16.438106	-0.020131	4.259157
85.659788	6709.729332	16.443111	-0.020131	4.257559
85.587933	6704.895093	16.448115	-0.020114	4.256109
85.559986	6699.795413	16.453120	-0.020107	4.254581
85.372005	6694.680480	16.458125	-0.020061	4.253038
85.499694	6689.469027	16.463130	-0.020091	4.251485
85.314501	6684.288605	16.468135	-0.020047	4.249922
85.417392	6679.155494	16.473139	-0.020071	4.248389
85.284856	6674.214431	16.478144	-0.020039	4.246900
85.283503	6669.246638	16.483149	-0.020038	4.245410
85.347480	6664.040112	16.488154	-0.020053	4.243852
85.166182	6658.807091	16.493159	-0.020009	4.242270
85.183322	6653.237188	16.498163	-0.020013	4.240599
85.159357	6648.044251	16.503168	-0.020007	4.239037
85.122700	6642.893094	16.508173	-0.019997	4.237487
85.199579	6638.053010	16.513178	-0.020015	4.236037
84.999074	6632.944632	16.518183	-0.019967	4.234489
85.165187	6627.779310	16.523187	-0.020006	4.232945
85.112123	6622.579660	16.528192	-0.019993	4.231377
85.080391	6617.428604	16.533197	-0.019985	4.229824
84.995832	6612.247254	16.538202	-0.019965	4.228259
84.899378	6607.343697	16.543207	-0.019941	4.226776
84.961115	6602.341617	16.548211	-0.019956	4.225272
85.027931	6597.124952	16.553216	-0.019971	4.223703
84.937178	6591.900640	16.558221	-0.019949	4.222122
84.807055	6586.491520	16.563226	-0.019917	4.220483
84.844735	6581.309204	16.568231	-0.019926	4.218921
84.817853	6576.277901	16.573235	-0.019919	4.217400
84.705606	6571.396398	16.578240	-0.019892	4.215919
84.679563	6566.275565	16.583245	-0.019885	4.214370
84.578559	6561.112474	16.588250	-0.019861	4.212804
84.633057	6555.923893	16.593255	-0.019873	4.211238
84.643655	6550.767521	16.598259	-0.019875	4.209679
84.626741	6545.561732	16.603264	-0.019871	4.208103
84.462927	6540.763172	16.608269	-0.019831	4.206640
84.544316	6535.674784	16.613274	-0.019850	4.205104
84.493755	6530.526645	16.618279	-0.019838	4.203542
84.419969	6525.146058	16.623283	-0.019820	4.201907
84.351650	6519.720180	16.628288	-0.019803	4.200258
84.341253	6514.587600	16.633293	-0.019800	4.198700
84.273100	6509.592826	16.638298	-0.019783	4.197181
84.385703	6504.607341	16.643303	-0.019810	4.195674
84.375192	6499.454686	16.648307	-0.019807	4.194109
84.147759	6494.340736	16.653312	-0.019752	4.192542
84.291805	6489.088409	16.658317	-0.019786	4.190955
84.168730	6483.949508	16.663322	-0.019756	4.189386
84.088527	6478.829734	16.668327	-0.019737	4.187824
84.190117	6474.004179	16.673331	-0.019761	4.186362
84.107484	6468.837323	16.678336	-0.019741	4.184785
84.014262	6463.750426	16.683341	-0.019718	4.183231
83.971050	6458.278305	16.688346	-0.019707	4.181562
84.044527	6453.029010	16.693351	-0.019724	4.179967
83.948567	6447.901470	16.698355	-0.019701	4.178399
83.914630	6442.971365	16.703360	-0.019692	4.176894
83.859908	6437.959175	16.708365	-0.019679	4.175362
83.760795	6432.822653	16.713370	-0.019655	4.173789
83.848034	6427.636573	16.718375	-0.019675	4.172211
83.780233	6422.455801	16.723379	-0.019659	4.170625
83.744306	6417.276780	16.728384	-0.019650	4.169041
83.773541	6412.300202	16.733389	-0.019656	4.167522
83.865734	6407.357757	16.738394	-0.019678	4.166017
83.741897	6402.186770	16.743399	-0.019648	4.164428
83.629633	6397.006295	16.748403	-0.019620	4.162837
83.634622	6391.370828	16.753408	-0.019621	4.161112
83.517253	6386.259801	16.758413	-0.019593	4.159540
83.595549	6381.114500	16.763418	-0.019611	4.157969
83.595044	6376.273243	16.768423	-0.019611	4.156486
83.564285	6371.152595	16.773427	-0.019603	4.154915
83.539017	6365.925894	16.778432	-0.019596	4.153311
83.466681	6360.750386	16.783437	-0.019579	4.151719
83.389748	6355.625627	16.788442	-0.019560	4.150142
83.437651	6350.416655	16.793447	-0.019571	4.148546
83.347299	6345.582160	16.798451	-0.019549	4.147055
83.295954	6340.525120	16.803456	-0.019536	4.145499
83.354751	6335.304524	16.808461	-0.019550	4.143898
83.289463	6329.965818	16.813466	-0.019534	4.142253
83.275244	6324.643281	16.818471	-0.019530	4.140615
83.307598	6319.550829	16.823475	-0.019537	4.139050
83.134591	6314.529271	16.828480	-0.019495	4.137494
83.116557	6309.597875	16.833485	-0.019491	4.135975
83.065420	6304.464222	16.838490	-0.019478	4.134390
83.229186	6299.196756	16.843495	-0.019517	4.132777
83.099620	6294.116424	16.848499	-0.019485	4.131203
83.107981	6288.915906	16.853504	-0.019487	4.129600
82.949898	6283.878740	16.858509	-0.019449	4.128036
82.906762	6278.980969	16.863514	-0.019438	4.126522
82.914883	6273.756084	16.868519	-0.019440	4.124910
82.871550	6268.666013	16.873523	-0.019429	4.123335
82.748727	6263.018252	16.878528	-0.019399	4.121582
82.905818	6257.875283	16.883533	-0.019436	4.120002
82.718086	6252.721848	16.888538	-0.019391	4.118397
82.724272	6247.888091	16.893543	-0.019392	4.116902
82.560670	6242.792209	16.898547	-0.019352	4.115315
82.610604	6237.591151	16.903552	-0.019364	4.113708
82.574935	6232.418699	16.908557	-0.019355	4.112104
82.646829	6227.229271	16.913562	-0.019372	4.110501
82.543544	6222.044504	16.918567	-0.019347	4.108887
82.558687	6217.186867	16.923571	-0.019350	4.107382
82.525969	6212.122439	16.928576	-0.019342	4.105809
82.476984	6207.001938	16.933581	-0.019329	4.104218
82.538252	6201.626487	16.938586	-0.019344	4.102553
82.496308	6196.279441	16.943591	-0.019333	4.100890
82.519099	6191.114175	16.948595	-0.019338	4.099287
82.456410	6186.164374	16.953600	-0.019323	4.097744
82.403404	6181.237554	16.958605	-0.019310	4.096209
82.385503	6176.076535	16.963610	-0.019305	4.094603
82.485582	6170.885190	16.968615	-0.019329	4.092994
82.420955	6165.657636	16.973619	-0.019313	4.091363
82.297585	6160.531530	16.978624	-0.019283	4.089759
82.187043	6155.524070	16.983629	-0.019256	4.088192
82.174589	6150.613478	16.988634	-0.019253	4.086661
82.208788	6145.442755	16.993639	-0.019260	4.085051
82.133357	6140.307761	16.998643	-0.019242	4.083445
81.998724	6134.679841	17.003648	-0.019209	4.081680
82.019534	6129.483196	17.008653	-0.019214	4.080060
82.004432	6124.377029	17.013658	-0.019210	4.078464
81.945805	6119.510731	17.018663	-0.019195	4.076941
81.971767	6114.400956	17.023667	-0.019201	4.075346
81.899838	6109.267583	17.028672	-0.019184	4.073736
81.900878	6104.013295	17.033677	-0.019183	4.072093
81.999267	6098.841640	17.038682	-0.019206	4.070481
81.739104	6093.722713	17.043687	-0.019144	4.068862
81.777470	6088.906597	17.048691	-0.019153	4.067357
81.875899	6083.761832	17.053696	-0.019176	4.065752
81.806887	6078.615140	17.058701	-0.019159	4.064135
81.762807	6073.146683	17.063706	-0.019148	4.062418
81.626660	6067.914768	17.068711	-0.019115	4.060768
81.685445	6062.766661	17.073715	-0.019129	4.059157
81.580530	6057.899465	17.078720	-0.019103	4.057622
81.706536	6052.807871	17.083725	-0.019133	4.056032
81.556664	6047.656742	17.088730	-0.019097	4.054404
81.486301	6042.457303	17.093735	-0.019079	4.052766
81.535090	6037.331326	17.098739	-0.019091	4.051158
81.341332	6032.190753	17.103744	-0.019044	4.049528
81.350636	6027.257732	17.108749	-0.019046	4.047977
81.454560	6022.221432	17.113754	-0.019070	4.046399
81.383972	6017.063131	17.118759	-0.019053	4.044770
81.378242	6011.699062	17.123763	-0.019051	4.043080
81.250734	6006.304421	17.128768	-0.019020	4.041372
81.287243	6001.119163	17.133773	-0.019028	4.039739
81.338519	5996.140724	17.138778	-0.019040	4.038173
81.218432	5991.150857	17.143783	-0.019011	4.036591
81.234797	5986.031348	17.148787	-0.019015	4.034976
81.122353	5980.867917	17.153792	-0.018987	4.033338
81.076728	5975.651006	17.158797	-0.018976	4.031687
81.017250	5970.504368	17.163802	-0.018961	4.030057
80.974411	5965.521204	17.168807	-0.018951	4.028479
81.048759	5960.606013	17.173811	-0.018968	4.026929
80.942122	5955.375832	17.178816	-0.018942	4.025267
81.025138	5950.164864	17.183821	-0.018962	4.023624
80.846568	5944.733465	17.188826	-0.018918	4.021892
80.991902	5939.563879	17.193831	-0.018953	4.020264
81.002560	5934.515539	17.198835	-0.018955	4.018665
80.818215	5929.625817	17.203840	-0.018910	4.017102
80.916002	5924.426149	17.208845	-0.018933	4.015460
80.682078	5919.234183	17.213850	-0.018877	4.013797
80.751084	5913.997692	17.218855	-0.018893	4.012139
80.626376	5908.892069	17.223859	-0.018863	4.010510
80.660828	5903.804766	17.228864	-0.018871	4.008896
80.611721	5898.907228	17.233869	-0.018859	4.007336
80.648993	5893.794867	17.238874	-0.018867	4.005713
80.593105	5888.565090	17.243879	-0.018853	4.004046
80.584699	5882.948722	17.248883	-0.018851	4.002259
80.570843	5877.771380	17.253888	-0.018847	4.000610
80.560360	5872.745417	17.258893	-0.018844	3.999008
80.416780	5867.845964	17.263898	-0.018809	3.997438
80.418930	5862.623477	17.268903	-0.018809	3.995773
80.377983	5857.572945	17.273907	-0.018799	3.994160
80.316936	5852.341873	17.278912	-0.018784	3.992487
80.450427	5847.129974	17.283917	-0.018816	3.990833
80.400987	5842.024959	17.288922	-0.018804	3.989200
80.302921	5837.177805	17.293927	-0.018780	3.987645
80.229516	5832.103552	17.298931	-0.018762	3.986019
80.237578	5826.900599	17.303936	-0.018763	3.984357
80.185040	5821.403422	17.308941	-0.018750	3.982595
80.220150	5816.264491	17.313946	-0.018758	3.980954
80.134418	5811.083477	17.318951	-0.018737	3.979290
80.022854	5806.296288	17.323955	-0.018710	3.977749
80.066321	5801.152064	17.328960	-0.018720	3.976105
79.963522	5796.017164	17.333965	-0.018695	3.974452
80.009916	5790.794771	17.338970	-0.018706	3.972781
79.957865	5785.611402	17.343975	-0.018693	3.971115
80.083587	5780.477405	17.348979	-0.018723	3.969477
79.871293	5775.691876	17.353984	-0.018671	3.967926
79.981096	5770.508053	17.358989	-0.018697	3.966269
79.870809	5765.396373	17.363994	-0.018671	3.964620
79.773444	5759.744035	17.368999	-0.018647	3.962796
79.792794	5754.660253	17.374003	-0.018651	3.961163
79.633766	5749.466849	17.379008	-0.018613	3.959482
79.636361	5744.612137	17.384013	-0.018613	3.957920
79.713302	5739.476534	17.389018	-0.018631	3.956272
79.586682	5734.344646	17.394023	-0.018600	3.954611
79.521769	5729.170535	17.399027	-0.018584	3.952939
79.589219	5723.948522	17.404032	-0.018600	3.951261
79.420133	5718.860559	17.409037	-0.018559	3.949608
79.564800	5714.046049	17.414042	-0.018593	3.948065
79.386732	5708.899432	17.419047	-0.018550	3.946392
79.402459	5703.771759	17.424051	-0.018554	3.944738
79.476115	5698.187114	17.429056	-0.018571	3.942939
79.389087	5693.035159	17.434061	-0.018549	3.941268
79.355953	5687.952814	17.439066	-0.018541	3.939623
79.293818	5683.085490	17.444071	-0.018526	3.938044
79.269142	5677.963995	17.449075	-0.018520	3.936386
79.148216	5672.847419	17.454080	-0.018490	3.934721
79.202981	5667.611661	17.459085	-0.018503	3.933029
79.136214	5662.448136	17.464090	-0.018487	3.931352
79.071820	5657.315210	17.469095	-0.018471	3.929684
79.129951	5652.543644	17.474099	-0.018484	3.928141
79.065947	5647.405232	17.479104	-0.018469	3.926470
78.969562	5642.229011	17.484109	-0.018445	3.924783
78.968261	5636.579366	17.489114	-0.018444	3.922949
78.946542	5631.405836	17.494119	-0.018439	3.921267
79.015299	5626.284742	17.499123	-0.018455	3.919608
79.021559	5621.393690	17.504128	-0.018456	3.918019
78.921884	5616.206419	17.509133	-0.018432	3.916325
78.807242	5611.136980	17.514138	-0.018404	3.914667
78.668774	5605.935929	17.519143	-0.018370	3.912965
78.813434	5600.702480	17.524147	-0.018404	3.911271
78.822919	5595.657291	17.529152	-0.018406	3.909628
78.813239	5590.757334	17.534157	-0.018403	3.908031
78.791127	5585.596935	17.539162	-0.018398	3.906347
78.663297	5580.482261	17.544167	-0.018367	3.904669
78.732297	5574.994323	17.549171	-0.018383	3.902883
78.665794	5569.818078	17.554176	-0.018367	3.901189
78.724458	5564.746331	17.559181	-0.018380	3.899537
78.605565	5559.887100	17.564186	-0.018351	3.897940
78.461896	5554.728873	17.569191	-0.018317	3.896244
78.444651	5549.586862	17.574195	-0.018312	3.894561
78.500271	5544.395587	17.579200	-0.018325	3.892867
78.540857	5539.175563	17.584205	-0.018334	3.891161
78.303041	5534.241857	17.589210	-0.018277	3.889528
78.233812	5529.313749	17.594215	-0.018260	3.887909
78.205102	5524.167249	17.599219	-0.018253	3.886220
78.287032	5518.838399	17.604224	-0.018272	3.884479
78.167858	5513.368345	17.609229	-0.018243	3.882676
78.254498	5508.213527	17.614234	-0.018263	3.880991
78.133494	5503.234678	17.619239	-0.018234	3.879347
78.224387	5498.199238	17.624243	-0.018255	3.877700
78.123336	5493.077719	17.629248	-0.018231	3.876010
78.129631	5487.921167	17.634253	-0.018232	3.874315
78.077613	5482.759039	17.639258	-0.018219	3.872614
78.134533	5477.539702	17.644263	-0.018232	3.870901
78.015180	5472.684561	17.649267	-0.018203	3.869294
77.952571	5467.615910	17.654272	-0.018188	3.867620
77.879158	5462.483683	17.659277	-0.018170	3.865924
77.932543	5457.098934	17.664282	-0.018182	3.864153
77.878892	5451.832491	17.669287	-0.018169	3.862413
77.720664	5446.723459	17.674291	-0.018131	3.860716
77.865147	5441.723631	17.679296	-0.018165	3.859076
77.813552	5436.706649	17.684301	-0.018152	3.857416
77.668011	5431.590150	17.689306	-0.018117	3.855715
77.771187	5426.352878	17.694311	-0.018141	3.853992
77.618923	5421.229292	17.699315	-0.018104	3.852287
77.774909	5416.029082	17.704320	-0.018141	3.850579
77.673643	5411.217428	17.709325	-0.018116	3.848979
77.725948	5406.150617	17.714330	-0.018129	3.847305
77.462688	5401.010248	17.719335	-0.018065	3.845583
77.568568	5395.515658	17.724339	-0.018090	3.843771
77.429507	5390.304051	17.729344	-0.018056	3.842033
77.331020	5385.199552	17.734349	-0.018032	3.840332
77.498142	5380.275222	17.739354	-0.018072	3.838711
77.394933	5375.147092	17.744359	-0.018047	3.837001
77.442658	5369.937255	17.749363	-0.018058	3.835275
77.303869	5364.814327	17.754368	-0.018024	3.833562
77.357463	5359.550535	17.759373	-0.018037	3.831817
77.332812	5354.535921	17.764378	-0.018030	3.830148
77.182006	5349.627225	17.769383	-0.017994	3.828503
77.211089	5344.462216	17.774387	-0.018000	3.826786
77.112901	5339.215035	17.779392	-0.017977	3.825032
77.202473	5333.848857	17.784397	-0.017998	3.823251
76.993203	5328.686191	17.789402	-0.017947	3.821515
77.024702	5323.669543	17.794407	-0.017954	3.819844
76.941844	5318.732615	17.799411	-0.017934	3.818191
76.934664	5313.573886	17.804416	-0.017932	3.816469
76.921606	5308.417894	17.809421	-0.017928	3.814747
76.957690	5303.222174	17.814426	-0.017936	3.813014
76.926793	5298.023559	17.819431	-0.017929	3.811274
76.895175	5293.136521	17.824435	-0.017921	3.809638
76.901493	5288.091732	17.829440	-0.017922	3.807951
76.835797	5282.913613	17.834445	-0.017906	3.806214
76.794744	5277.473977	17.839450	-0.017895	3.804389
76.684163	5272.183365	17.844455	-0.017869	3.802609
76.663716	5267.029227	17.849459	-0.017863	3.800880
76.652409	5262.118352	17.854464	-0.017860	3.799233
76.515442	5256.926687	17.859469	-0.017827	3.797481
76.585759	5251.780085	17.864474	-0.017843	3.795760
76.542094	5246.517871	17.869479	-0.017833	3.793990
76.619956	5241.359361	17.874483	-0.017851	3.792264
76.640607	5236.286935	17.879488	-0.017855	3.790561
76.707175	5231.370560	17.884493	-0.017871	3.788913
76.713254	5226.233560	17.889498	-0.017872	3.787186
76.385241	5221.020976	17.894503	-0.017793	3.785407
76.425135	5215.651941	17.899507	-0.017802	3.783603
76.362387	5210.442596	17.904512	-0.017787	3.781844
76.305563	5205.499275	17.909517	-0.017773	3.780174
76.295290	5200.496476	17.914522	-0.017770	3.778486
76.239807	5195.329582	17.919527	-0.017756	3.776740
76.173162	5190.231513	17.924531	-0.017740	3.775015
76.186484	5185.004480	17.929536	-0.017743	3.773251
76.161512	5179.856223	17.934541	-0.017736	3.771511
76.204107	5174.942291	17.939546	-0.017746	3.769854
76.081370	5169.907220	17.944551	-0.017716	3.768142
76.123616	5164.746687	17.949555	-0.017726	3.766401
76.008063	5159.219211	17.954560	-0.017698	3.764521
76.011587	5153.921391	17.959565	-0.017698	3.762729
75.934285	5148.761925	17.964570	-0.017679	3.760975
76.059195	5143.871117	17.969575	-0.017709	3.759328
75.896249	5138.776781	17.974579	-0.017669	3.757588
75.799021	5133.606062	17.979584	-0.017646	3.755827
75.778941	5128.491599	17.984589	-0.017640	3.754091
75.790536	5123.288449	17.989594	-0.017643	3.752325
75.867123	5118.197595	17.994599	-0.017661	3.750603
75.716045	5113.361512	17.999603	-0.017624	3.748948
75.751831	5108.106588	18.004608	-0.017632	3.747164
75.579038	5102.897346	18.009613	-0.017591	3.745379
75.586097	5097.585332	18.014618	-0.017592	3.743573
75.675392	5092.299753	18.019623	-0.017613	3.741780
75.507563	5087.456260	18.024627	-0.017572	3.740118
75.511425	5082.409896	18.029632	-0.017573	3.738399
75.440896	5077.255986	18.034637	-0.017555	3.736636
75.469834	5072.083975	18.039642	-0.017562	3.734875
75.415506	5066.934826	18.044647	-0.017549	3.733114
75.499791	5061.739155	18.049651	-0.017568	3.731347
75.521162	5056.889714	18.054656	-0.017573	3.729693
75.317215	5051.794752	18.059661	-0.017524	3.727936
75.348096	5046.582265	18.064666	-0.017531	3.726156
75.297118	5041.045593	18.069671	-0.017518	3.724259
75.398570	5035.834409	18.074675	-0.017542	3.722484
75.208543	5030.818272	18.079680	-0.017496	3.720752
75.284464	5025.895033	18.084685	-0.017514	3.719072
75.222981	5020.738535	18.089690	-0.017499	3.717300
75.271918	5015.504769	18.094695	-0.017510	3.715510
75.073339	5010.411061	18.099699	-0.017462	3.713747
75.060420	5005.263297	18.104704	-0.017459	3.711979
75.004571	5000.277238	18.109709	-0.017445	3.710263
74.815003	4995.352360	18.114714	-0.017399	3.708556
74.887935	4990.127957	18.119719	-0.017416	3.706767
74.881352	4984.742362	18.124723	-0.017414	3.704915
74.738999	4979.542231	18.129728	-0.017380	3.703115
74.770059	4974.382533	18.134733	-0.017387	3.701342
74.824297	4969.524426	18.139738	-0.017399	3.699674
74.806332	4964.359370	18.144743	-0.017395	3.697894
74.746313	4959.251164	18.149747	-0.017380	3.696128
74.697911	4954.019539	18.154752	-0.017368	3.694321
74.712582	4948.851527	18.159757	-0.017371	3.692539
74.645924	4943.893448	18.164762	-0.017355	3.690823
74.596022	4938.927387	18.169767	-0.017342	3.689104
74.513545	4933.768095	18.174771	-0.017322	3.687315
74.442472	4928.409029	18.179776	-0.017305	3.685457
74.521480	4923.068412	18.184781	-0.017323	3.683617
74.461910	4917.894269	18.189786	-0.017308	3.681822
74.393073	4912.982799	18.194791	-0.017292	3.680117
74.273805	4907.901771	18.199795	-0.017263	3.678348
74.424320	4902.676873	18.204800	-0.017298	3.676550
74.404303	4897.490683	18.209805	-0.017293	3.674751
74.264962	4892.361644	18.214810	-0.017259	3.672961
74.176664	4887.302126	18.219815	-0.017238	3.671198
74.277189	4882.382457	18.224819	-0.017261	3.669499
74.265566	4877.206045	18.229824	-0.017258	3.667700
74.181655	4871.929105	18.234829	-0.017238	3.665860
74.027542	4866.629462	18.239834	-0.017200	3.664005
74.088408	4861.465909	18.244839	-0.017215	3.662214
74.035347	4856.523236	18.249843	-0.017202	3.660489
74.032141	4851.465154	18.254848	-0.017200	3.658728
73.995149	4846.284990	18.259853	-0.017191	3.656921
73.959758	4841.158965	18.264858	-0.017182	3.655132
73.907022	4835.980544	18.269863	-0.017169	3.653322
73.899717	4830.895793	18.274867	-0.017167	3.651548
73.915730	4825.979628	18.279872	-0.017170	3.649833
74.000097	4820.809731	18.284877	-0.017190	3.648035
73.943778	4815.574372	18.289882	-0.017176	3.646202
73.919455	4810.049970	18.294887	-0.017170	3.644269
73.752576	4804.923476	18.299891	-0.017130	3.642462
73.745840	4799.950984	18.304896	-0.017128	3.640722
73.804906	4794.907027	18.309901	-0.017141	3.638962
73.781891	4789.800637	18.314906	-0.017136	3.637172
73.659662	4784.598696	18.319911	-0.017106	3.635339
73.560266	4779.471369	18.324915	-0.017082	3.633533
73.622288	4774.338731	18.329920	-0.017096	3.631738
73.568672	4769.460750	18.334925	-0.017083	3.630022
73.500185	4764.326413	18.339930	-0.017066	3.628214
73.422333	4759.097403	18.344935	-0.017047	3.626370
73.559892	4753.674091	18.349939	-0.017079	3.624476
73.351470	4748.561178	18.354944	-0.017029	3.622661
73.362354	4743.603536	18.359949	-0.017031	3.620918
73.337865	4738.579709	18.364954	-0.017025	3.619148
73.192190	4733.453051	18.369959	-0.016990	3.617330
73.204149	4728.298685	18.374963	-0.016992	3.615515
73.178860	4723.100172	18.379968	-0.016986	3.613681
73.091809	4717.981290	18.384973	-0.016965	3.611868
73.199306	4713.106039	18.389978	-0.016990	3.610157
73.176415	4707.970374	18.394983	-0.016984	3.608342
73.082424	4702.680528	18.399987	-0.016961	3.606466
73.161139	4697.159687	18.404992	-0.016980	3.604522
72.996884	4691.931484	18.409997	-0.016940	3.602659
73.040443	4686.949144	18.415002	-0.016950	3.600901
73.032965	4681.889965	18.420007	-0.016948	3.599110
72.884682	4676.770750	18.425011	-0.016912	3.597284
72.814234	4671.591108	18.430016	-0.016895	3.595443
72.765840	4666.444853	18.435021	-0.016883	3.593615
72.805793	4661.345621	18.440026	-0.016892	3.591810
72.758972	4656.431174	18.445031	-0.016880	3.590062
72.637065	4651.319473	18.450035	-0.016851	3.588237
72.682653	4645.977775	18.455040	-0.016861	3.586344
72.527832	4640.690674	18.460045	-0.016824	3.584452
72.578574	4635.522771	18.465050	-0.016835	3.582619
72.571537	4630.605959	18.470055	-0.016833	3.580869
72.652280	4625.525277	18.475059	-0.016852	3.579068
72.754689	4620.320827	18.480064	-0.016876	3.577224
72.589590	4615.149768	18.485069	-0.016836	3.575367
72.598338	4610.018364	18.490074	-0.016838	3.573539
72.600559	4604.970834	18.495079	-0.016838	3.571739
72.521043	4600.038708	18.500083	-0.016819	3.569973
72.404878	4594.924854	18.505088	-0.016790	3.568137
72.506069	4589.437619	18.510093	-0.016814	3.566186
72.302977	4584.186505	18.515098	-0.016765	3.564292
72.501005	4578.958830	18.520103	-0.016812	3.562440
72.389504	4574.113877	18.525107	-0.016785	3.560697
72.242240	4569.024659	18.530112	-0.016749	3.558862
72.216840	4563.848719	18.535117	-0.016743	3.557007
72.165749	4558.688816	18.540122	-0.016730	3.555153
72.165574	4553.519018	18.545127	-0.016730	3.553300
72.159946	4548.556035	18.550131	-0.016728	3.551520
72.005596	4543.541931	18.555136	-0.016691	3.549707
72.183792	4538.350637	18.560141	-0.016733	3.547859
72.145868	4532.969687	18.565146	-0.016723	3.545923
71.974598	4527.727257	18.570151	-0.016682	3.544023
71.877307	4522.694136	18.575155	-0.016658	3.542205
71.921925	4517.793211	18.580160	-0.016669	3.540445
71.944861	4512.599213	18.585165	-0.016674	3.538578
71.844442	4507.493221	18.590170	-0.016649	3.536730
71.947943	4502.256044	18.595175	-0.016674	3.534852
71.654278	4497.206191	18.600179	-0.016603	3.533005
71.639794	4492.309329	18.605184	-0.016599	3.531237
71.605531	4487.246885	18.610189	-0.016591	3.529407
71.660701	4482.031667	18.615194	-0.016603	3.527529
71.611786	4476.488385	18.620199	-0.016591	3.525522
71.542704	4471.321983	18.625203	-0.016574	3.523648
71.421757	4466.342175	18.630208	-0.016545	3.521836
71.357847	4461.342097	18.635213	-0.016529	3.520021
71.337244	4456.170003	18.640218	-0.016524	3.518146
71.264019	4451.000911	18.645223	-0.016506	3.516267
71.390118	4445.826059	18.650227	-0.016536	3.514403
71.235885	4440.708607	18.655232	-0.016498	3.512533
71.306352	4435.809479	18.660237	-0.016515	3.510762
71.297655	4430.698771	18.665242	-0.016512	3.508906
71.197506	4425.392858	18.670247	-0.016488	3.506970
71.158621	4420.086566	18.675251	-0.016478	3.505038
71.147455	4414.873251	18.680256	-0.016475	3.503141
71.119159	4409.964766	18.685261	-0.016468	3.501353
71.221457	4404.888779	18.690266	-0.016492	3.499515
71.162243	4399.716333	18.695271	-0.016477	3.497626
71.060746	4394.564195	18.700275	-0.016453	3.495739
70.967606	4389.420478	18.705280	-0.016430	3.493855
71.061198	4384.379715	18.710285	-0.016452	3.492025
70.921208	4379.452580	18.715290	-0.016418	3.490214
71.021028	4374.216304	18.720295	-0.016442	3.488311
70.862380	4368.751610	18.725299	-0.016403	3.486300
70.913026	4363.542109	18.730304	-0.016415	3.484400
70.836731	4358.427212	18.735309	-0.016396	3.482522
70.881684	4353.506219	18.740314	-0.016407	3.480726
70.863979	4348.341037	18.745319	-0.016402	3.478833
70.921963	4343.166347	18.750323	-0.016415	3.476943
70.870542	4337.988922	18.755328	-0.016403	3.475040
70.692304	4332.873688	18.760333	-0.016360	3.473147
70.728677	4328.042929	18.765338	-0.016368	3.471378
70.695690	4322.843684	18.770343	-0.016360	3.469466
70.610426	4317.663970	18.775347	-0.016339	3.467556
70.563089	4312.273723	18.780352	-0.016327	3.465570
70.398345	4307.122612	18.785357	-0.016287	3.463660
70.344830	4302.219292	18.790362	-0.016274	3.461851
70.413290	4297.129027	18.795367	-0.016290	3.459984
70.459476	4291.956481	18.800371	-0.016301	3.458083
70.369802	4286.805223	18.805376	-0.016279	3.456176
70.273659	4281.676263	18.810381	-0.016255	3.454275
70.399374	4276.598573	18.815386	-0.016285	3.452414
70.275026	4271.672662	18.820391	-0.016255	3.450583
70.111743	4266.567513	18.825395	-0.016215	3.448682
70.187163	4261.048833	18.830400	-0.016233	3.446650
70.028457	4255.801580	18.835405	-0.016195	3.444695
70.035039	4250.721009	18.840410	-0.016196	3.442816
69.924630	4245.754023	18.845415	-0.016169	3.440966
69.992118	4240.605257	18.850419	-0.016185	3.439066
69.931660	4235.447382	18.855424	-0.016170	3.437149
69.940788	4230.270402	18.860429	-0.016172	3.435230
69.987540	4225.070697	18.865434	-0.016182	3.433305
69.806733	4220.259214	18.870439	-0.016139	3.431502
69.776389	4215.148761	18.875443	-0.016131	3.429601
69.892191	4209.837405	18.880448	-0.016158	3.427638
69.757517	4204.395184	18.885453	-0.016126	3.425602
69.797785	4199.219232	18.890458	-0.016135	3.423680
69.685476	4194.300807	18.895463	-0.016108	3.421838
69.789878	4189.215454	18.900467	-0.016132	3.419954
69.602764	4184.126529	18.905472	-0.016087	3.418039
69.641222	4178.897163	18.910477	-0.016096	3.416093
69.601047	4173.736159	18.915482	-0.016086	3.414164
69.624364	4168.769094	18.920487	-0.016091	3.412312
69.471201	4163.785812	18.925491	-0.016054	3.410436
69.434979	4158.593143	18.930496	-0.016045	3.408492
69.554956	4153.042684	18.935501	-0.016073	3.406428
69.307883	4147.945540	18.940506	-0.016014	3.404497
69.463618	4142.866677	18.945511	-0.016050	3.402610
69.245659	4137.936192	18.950515	-0.015998	3.400743
69.270023	4132.753548	18.955520	-0.016003	3.398803
69.289789	4127.540083	18.960525	-0.016008	3.396849
69.269440	4122.409850	18.965530	-0.016002	3.394923
69.198864	4117.352892	18.970535	-0.015985	3.393017
69.172293	4112.412877	18.975539	-0.015978	3.391159
69.080457	4107.274076	18.980544	-0.015956	3.389219
69.189909	4101.888587	18.985549	-0.015982	3.387204
69.152627	4096.668700	18.990554	-0.015972	3.385236
69.008695	4091.555784	18.995559	-0.015938	3.383297
68.905315	4086.687198	19.000563	-0.015912	3.381453
68.926864	4081.545435	19.005568	-0.015917	3.379517
68.871865	4076.376835	19.010573	-0.015904	3.377562
68.881655	4071.227497	19.015578	-0.015906	3.375620
68.820176	4066.045915	19.020583	-0.015890	3.373658
68.915587	4061.206588	19.025587	-0.015913	3.371839
68.886986	4056.030544	19.030592	-0.015906	3.369879
68.721232	4050.734794	19.035597	-0.015865	3.367860
68.701694	4045.375338	19.040602	-0.015860	3.365830
68.743957	4040.182688	19.045607	-0.015870	3.363868
68.676213	4035.291916	19.050611	-0.015853	3.362008
68.591009	4030.168860	19.055616	-0.015833	3.360057
68.555692	4024.982310	19.060621	-0.015824	3.358086
68.601322	4019.837708	19.065626	-0.015834	3.356138
68.536699	4014.664886	19.070631	-0.015818	3.354167
68.501394	4009.765902	19.075635	-0.015810	3.352302
68.467802	4004.668912	19.080640	-0.015801	3.350361
68.413006	3999.409795	19.085645	-0.015788	3.348355
68.340839	3994.047715	19.090650	-0.015770	3.346306
68.349216	3988.858767	19.095655	-0.015772	3.344331
68.386658	3983.964993	19.100659	-0.015780	3.342469
68.225541	3978.916458	19.105664	-0.015741	3.340528
68.402237	3973.702144	19.110669	-0.015783	3.338556
68.245689	3968.544781	19.115674	-0.015745	3.336572
68.031358	3963.433501	19.120679	-0.015693	3.334598
68.145213	3958.479178	19.125683	-0.015720	3.332715
68.233787	3953.374300	19.130688	-0.015741	3.330772
67.927022	3948.208316	19.135693	-0.015667	3.328764
68.025306	3942.696929	19.140698	-0.015690	3.326664
67.991043	3937.554583	19.145703	-0.015682	3.324690
67.989553	3932.649277	19.150707	-0.015681	3.322809
67.932345	3927.566967	19.155712	-0.015667	3.320854
67.907168	3922.393847	19.160717	-0.015660	3.318866
67.864876	3917.236477	19.165722	-0.015650	3.316881
67.800287	3912.040177	19.170727	-0.015634	3.314878
67.626776	3907.163141	19.175731	-0.015592	3.312985
67.717699	3902.034149	19.180736	-0.015613	3.311021
67.575639	3896.934874	19.185741	-0.015579	3.309043
67.655663	3891.536100	19.190746	-0.015598	3.306972
67.643321	3886.292235	19.195751	-0.015594	3.304949
67.538270	3881.392540	19.200755	-0.015569	3.303049
67.466192	3876.368891	19.205760	-0.015551	3.301103
67.492024	3871.160632	19.210765	-0.015557	3.299095
67.438675	3866.064572	19.215770	-0.015544	3.297120
67.356273	3860.852541	19.220775	-0.015524	3.295097
67.477499	3855.890664	19.225779	-0.015552	3.293190
67.444887	3850.856330	19.230784	-0.015544	3.291238
67.362479	3845.660119	19.235789	-0.015524	3.289217
67.378699	3840.162272	19.240794	-0.015527	3.287088
67.169365	3834.998373	19.245799	-0.015477	3.285064
67.239113	3830.004819	19.250803	-0.015493	3.283134
67.125812	3824.975260	19.255808	-0.015466	3.281170
67.201380	3819.802866	19.260813	-0.015483	3.279168
67.152751	3814.657045	19.265818	-0.015471	3.277163
67.056360	3809.495829	19.270823	-0.015448	3.275145
67.081185	3804.533260	19.275827	-0.015453	3.273217
66.945636	3799.496969	19.280832	-0.015421	3.271241
66.989688	3794.306107	19.285837	-0.015431	3.269223
66.859564	3788.831952	19.290842	-0.015399	3.267075
66.863518	3783.612004	19.295847	-0.015400	3.265039
66.895366	3778.655670	19.300851	-0.015407	3.263108
66.832740	3773.605276	19.305856	-0.015391	3.261128
66.795201	3768.457040	19.310861	-0.015382	3.259112
66.865499	3763.307874	19.315866	-0.015398	3.257105
66.679534	3758.146747	19.320871	-0.015354	3.255066
66.691370	3753.246763	19.325875	-0.015356	3.253149
66.672301	3748.126949	19.330880	-0.015351	3.251141
66.687705	3742.883247	19.335885	-0.015354	3.249086
66.717854	3737.424108	19.340890	-0.015361	3.246948
66.517550	3732.310261	19.345895	-0.015313	3.244919
66.402013	3727.406541	19.350899	-0.015285	3.242981
66.514345	3722.302428	19.355904	-0.015311	3.240986
66.478721	3717.092797	19.360909	-0.015302	3.238934
66.265113	3712.008906	19.365914	-0.015251	3.236910
66.224248	3706.825523	19.370919	-0.015241	3.234865
66.238401	3701.983873	19.375923	-0.015244	3.232958
66.173074	3696.813439	19.380928	-0.015227	3.230913
66.152785	3691.593031	19.385933	-0.015222	3.228851
66.192931	3686.241877	19.390938	-0.015231	3.226743
66.154339	3681.061600	19.395943	-0.015222	3.224692
66.086294	3676.209192	19.400947	-0.015205	3.222767
66.168791	3671.038145	19.405952	-0.015224	3.220730
66.075312	3665.876083	19.410957	-0.015202	3.218677
65.937090	3660.779096	19.415962	-0.015168	3.216644
65.856007	3655.678600	19.420967	-0.015148	3.214614
65.817658	3650.793327	19.425971	-0.015139	3.212673
66.016408	3645.584900	19.430976	-0.015186	3.210628
65.846976	3640.240454	19.435981	-0.015145	3.208487
65.921873	3635.022759	19.440986	-0.015162	3.206423
65.839876	3629.926290	19.445991	-0.015142	3.204388
65.744560	3624.995972	19.450995	-0.015119	3.202416
65.654557	3619.862642	19.456000	-0.015097	3.200363
65.744509	3614.634423	19.461005	-0.015118	3.198290
65.640740	3609.502891	19.466010	-0.015093	3.196234
65.669895	3604.429359	19.471015	-0.015100	3.194214
65.550927	3599.484539	19.476019	-0.015071	3.192227
65.583745	3594.311636	19.481024	-0.015078	3.190165
65.615662	3588.855663	19.486029	-0.015085	3.187989
65.379061	3583.784815	19.491034	-0.015028	3.185935
65.492566	3578.734290	19.496039	-0.015055	3.183927
65.398290	3573.734954	19.501043	-0.015032	3.181915
65.288728	3568.619120	19.506048	-0.015006	3.179854
65.294539	3563.383310	19.511053	-0.015007	3.177755
65.274849	3558.262945	19.516058	-0.015001	3.175699
65.249264	3553.317790	19.521063	-0.014995	3.173711
65.456196	3548.150599	19.526067	-0.015044	3.171659
65.326949	3542.902276	19.531072	-0.015013	3.169535
65.125474	3537.557779	19.536077	-0.014964	3.167363
65.185826	3532.378037	19.541082	-0.014978	3.165285
65.195491	3527.500731	19.546087	-0.014980	3.163322
65.150971	3522.329169	19.551091	-0.014969	3.161233
64.989663	3517.191492	19.556096	-0.014930	3.159144
65.002139	3512.018156	19.561101	-0.014933	3.157058
64.876465	3506.944862	19.566106	-0.014902	3.154995
64.825264	3502.015945	19.571111	-0.014889	3.152998
64.795590	3496.871977	19.576115	-0.014882	3.150915
64.798321	3491.517327	19.581120	-0.014882	3.148749
64.737460	3486.280963	19.586125	-0.014867	3.146622
64.711876	3481.266495	19.591130	-0.014861	3.144588
64.655787	3476.293698	19.596135	-0.014847	3.142566
64.719714	3471.139532	19.601139	-0.014862	3.140482
64.601428	3465.958957	19.606144	-0.014833	3.138366
64.533598	3460.799532	19.611149	-0.014816	3.136263
64.555487	3455.848458	19.616154	-0.014821	3.134253
64.544830	3450.772165	19.621159	-0.014818	3.132187
64.515196	3445.563363	19.626163	-0.014811	3.130064
64.502248	3440.091432	19.631168	-0.014807	3.127834
64.369623	3434.956619	19.636173	-0.014775	3.125726
64.323021	3430.028079	19.641178	-0.014763	3.123711
64.353821	3424.785392	19.646183	-0.014770	3.121575
64.220825	3419.662634	19.651187	-0.014738	3.119468
64.287717	3414.460613	19.656192	-0.014754	3.117350
64.147392	3409.382784	19.661197	-0.014720	3.115257
64.093685	3404.475115	19.666202	-0.014707	3.113243
64.195610	3399.255437	19.671207	-0.014731	3.111117
64.201171	3393.925080	19.676211	-0.014731	3.108934
63.976536	3388.758947	19.681216	-0.014677	3.106790
64.049974	3383.718397	19.686221	-0.014694	3.104730
64.032143	3378.707247	19.691226	-0.014690	3.102670
63.965759	3373.527573	19.696231	-0.014673	3.100535
63.908842	3368.363289	19.701235	-0.014659	3.098405
63.809463	3363.256099	19.706240	-0.014635	3.096292
63.899918	3358.298258	19.711245	-0.014656	3.094261
64.013442	3353.185709	19.716250	-0.014683	3.092168
63.714839	3347.926315	19.721255	-0.014611	3.089965
63.719873	3342.562815	19.726259	-0.014612	3.087753
63.684199	3337.428417	19.731264	-0.014603	3.085629
63.701295	3332.506461	19.736269	-0.014607	3.083598
63.735711	3327.354928	19.741274	-0.014615	3.081472
63.735380	3322.164573	19.746279	-0.014614	3.079325
63.606314	3317.016027	19.751283	-0.014583	3.077178
63.557368	3311.993398	19.756288	-0.014571	3.075092
63.569626	3306.987966	19.761293	-0.014573	3.073018
63.539121	3301.844387	19.766298	-0.014566	3.070881
63.372053	3296.463681	19.771303	-0.014525	3.068628
63.549347	3291.260354	19.776307	-0.014567	3.066487
63.399203	3286.339146	19.781312	-0.014531	3.064423
63.290310	3281.274731	19.786317	-0.014504	3.062304
63.130487	3276.162166	19.791322	-0.014466	3.060157
63.170221	3270.983098	19.796327	-0.014475	3.058004
63.279340	3265.840604	19.801331	-0.014501	3.055873
63.073545	3260.978510	19.806336	-0.014451	3.053820
63.131151	3255.768492	19.811341	-0.014464	3.051652
62.879827	3250.441964	19.816346	-0.014404	3.049397
63.008899	3245.147742	19.821351	-0.014434	3.047199
62.941608	3240.124320	19.826355	-0.014418	3.045090
62.949303	3235.093014	19.831360	-0.014419	3.042984
62.889798	3229.936593	19.836365	-0.014405	3.040817
63.016383	3224.745643	19.841370	-0.014434	3.038655
62.842671	3219.581886	19.846375	-0.014392	3.036469
62.639582	3214.749837	19.851379	-0.014343	3.034416
62.824581	3209.554750	19.856384	-0.014387	3.032255
62.675236	3204.306869	19.861389	-0.014351	3.030031
62.586901	3199.050149	19.866394	-0.014330	3.027809
62.463862	3193.967221	19.871399	-0.014300	3.025654
62.469686	3189.003420	19.876403	-0.014301	3.023563
62.611236	3183.821147	19.881408	-0.014334	3.021395
62.564577	3178.629891	19.886413	-0.014323	3.019199
62.578210	3173.483033	19.891418	-0.014325	3.017027
62.466054	3168.551234	19.896423	-0.014298	3.014930
62.329222	3163.510336	19.901427	-0.014265	3.012782
62.523443	3158.174331	19.906432	-0.014311	3.010547
62.376025	3152.831379	19.911437	-0.014275	3.008267
62.357464	3147.704927	19.916442	-0.014271	3.006092
62.443338	3142.753476	19.921447	-0.014291	3.004003
62.239218	3137.646492	19.926451	-0.014241	3.001811
62.295499	3132.447384	19.931456	-0.014255	2.999609
62.126841	3127.332087	19.936461	-0.014214	2.997415
62.273140	3122.291835	19.941466	-0.014248	2.995289
62.200102	3117.258034	19.946471	-0.014230	2.993137
62.147034	3112.066876	19.951475	-0.014217	2.990920
62.027207	3106.638678	19.956480	-0.014188	2.988591
62.130816	3101.439410	19.961485	-0.014213	2.986386
62.027193	3096.593161	19.966490	-0.014187	2.984305
61.985541	3091.414173	19.971495	-0.014177	2.982087
61.885596	3086.268807	19.976499	-0.014153	2.979875
61.979595	3081.121612	19.981504	-0.014175	2.977684
61.853878	3076.188799	19.986509	-0.014144	2.975557
61.689324	3071.218937	19.991514	-0.014105	2.973407
61.770734	3065.916858	19.996519	-0.014124	2.971144
61.587047	3060.506865	20.001523	-0.014079	2.968800
61.719220	3055.314727	20.006528	-0.014110	2.966587
61.638810	3050.415199	20.011533	-0.014091	2.964471
61.544199	3045.291779	20.016538	-0.014068	2.962256
61.458755	3040.131905	20.021543	-0.014047	2.960025
61.514799	3034.884010	20.026547	-0.014060	2.957771
61.562161	3029.875704	20.031552	-0.014071	2.955618
61.457474	3024.852372	20.036557	-0.014045	2.953439
61.311984	3019.682555	20.041562	-0.014010	2.951189
61.338619	3014.320015	20.046567	-0.014016	2.948875
61.332675	3009.169513	20.051571	-0.014014	2.946648
61.218635	3004.297735	20.056576	-0.013987	2.944526
61.024258	2999.175819	20.061581	-0.013940	2.942284
61.235815	2993.967905	20.066586	-0.013990	2.940054
61.120354	2988.813949	20.071591	-0.013962	2.937804
61.190668	2983.781712	20.076595	-0.013978	2.935629
61.105497	2978.772037	20.081600	-0.013958	2.933443
61.227578	2973.453729	20.086605	-0.013986	2.931147
60.932411	2968.183642	20.091610	-0.013915	2.928817
61.023841	2963.048810	20.096615	-0.013937	2.926593
60.953408	2958.084841	20.101619	-0.013919	2.924422
60.813954	2952.982719	20.106624	-0.013886	2.922180
60.945961	2947.744027	20.111629	-0.013917	2.919911
60.848447	2942.627766	20.116634	-0.013893	2.917665
60.708435	2937.692735	20.121639	-0.013859	2.915491
60.623264	2932.615724	20.126643	-0.013838	2.913260
60.678926	2927.342919	20.131648	-0.013851	2.910959
60.589303	2922.069953	20.136653	-0.013829	2.908638
60.516676	2917.041228	20.141658	-0.013812	2.906425
60.555128	2912.027612	20.146663	-0.013820	2.904230
60.453961	2906.904646	20.151667	-0.013796	2.901968
60.412930	2901.754805	20.156672	-0.013786	2.899700
60.348250	2896.544180	20.161677	-0.013770	2.897401
60.540644	2891.610687	20.166682	-0.013815	2.895255
60.407008	2886.492573	20.171687	-0.013783	2.892984
60.312323	2881.098166	20.176691	-0.013760	2.890594
60.281548	2875.834745	20.181696	-0.013752	2.888269
60.251176	2870.808042	20.186701	-0.013744	2.886046
60.179797	2865.797142	20.191706	-0.013727	2.883823
60.199235	2860.615503	20.196711	-0.013731	2.881534
60.016346	2855.490473	20.201715	-0.013687	2.879243
60.175880	2850.332684	20.206720	-0.013725	2.876980
59.968224	2845.416049	20.211725	-0.013675	2.874774
60.104120	2840.249828	20.216730	-0.013707	2.872500
60.007159	2834.873554	20.221735	-0.013683	2.870101
59.948879	2829.711824	20.226739	-0.013669	2.867801
59.866121	2824.805672	20.231744	-0.013649	2.865609
59.832685	2819.661669	20.236749	-0.013640	2.863316
59.814112	2814.523769	20.241754	-0.013635	2.861025
59.736414	2809.360341	20.246759	-0.013616	2.858714
59.644611	2804.333989	20.251763	-0.013594	2.856460
59.658361	2799.333927	20.256768	-0.013597	2.854230
59.610777	2794.095826	20.261773	-0.013585	2.851884
59.573613	2788.698470	20.266778	-0.013576	2.849466
59.513817	2783.582232	20.271783	-0.013561	2.847169
59.534999	2778.627622	20.276787	-0.013566	2.844953
59.437015	2773.499393	20.281792	-0.013542	2.842642
59.437146	2768.301402	20.286797	-0.013542	2.840310
59.410639	2763.129390	20.291802	-0.013535	2.837985
59.275839	2758.188581	20.296807	-0.013502	2.835747
59.260415	2753.072335	20.301811	-0.013498	2.833445
59.274698	2747.772614	20.306816	-0.013501	2.831062
59.177696	2742.517658	20.311821	-0.013477	2.828682
59.145352	2737.553479	20.316826	-0.013469	2.826440
59.137655	2732.496766	20.321831	-0.013467	2.824158
59.139107	2727.338461	20.326835	-0.013467	2.821830
59.022220	2722.204733	20.331840	-0.013439	2.819494
58.860956	2717.140824	20.336845	-0.013400	2.817183
58.931887	2712.174102	20.341850	-0.013416	2.814944
59.125989	2706.906998	20.346855	-0.013462	2.812584
58.900389	2701.480215	20.351859	-0.013408	2.810094
58.941810	2696.330349	20.356864	-0.013417	2.807763
58.791363	2691.429640	20.361869	-0.013381	2.805517
58.926161	2686.267452	20.366874	-0.013413	2.803189
58.649468	2681.150050	20.371879	-0.013346	2.800824
58.690128	2675.962539	20.376883	-0.013355	2.798468
58.614794	2671.013651	20.381888	-0.013337	2.796203
58.640572	2665.905459	20.386893	-0.013343	2.793877
58.512392	2660.666540	20.391898	-0.013312	2.791469
58.492126	2655.426908	20.396903	-0.013306	2.789073
58.488329	2650.341858	20.401907	-0.013305	2.786747
58.527771	2645.326675	20.406912	-0.013314	2.784458
58.558330	2640.114470	20.411917	-0.013321	2.782075
58.320962	2634.995004	20.416922	-0.013264	2.779697
58.295966	2629.910924	20.421927	-0.013257	2.777361
58.429963	2624.868232	20.426931	-0.013289	2.775064
58.294348	2619.754164	20.431936	-0.013256	2.772696
58.242386	2614.310265	20.436941	-0.013243	2.770185
58.073461	2609.202342	20.441946	-0.013203	2.767811
58.118290	2604.243972	20.446951	-0.013213	2.765533
58.039403	2599.133563	20.451955	-0.013194	2.763166
57.987529	2593.954616	20.456960	-0.013181	2.760769
57.966262	2588.783917	20.461965	-0.013175	2.758377
58.039577	2583.862945	20.466970	-0.013192	2.756113
58.009272	2578.729304	20.471975	-0.013185	2.753733
57.853502	2573.444099	20.476979	-0.013147	2.751265
57.839338	2568.231911	20.481984	-0.013143	2.748847
57.812247	2563.238732	20.486989	-0.013136	2.746527
57.895278	2558.136927	20.491994	-0.013156	2.744170
57.635029	2553.041227	20.496999	-0.013093	2.741766
57.777515	2547.826466	20.502003	-0.013127	2.739360
57.681495	2542.857099	20.507008	-0.013103	2.737034
57.772686	2537.787131	20.512013	-0.013125	2.734684
57.647541	2532.505101	20.517018	-0.013094	2.732204
57.466778	2527.207802	20.522023	-0.013051	2.729706
57.379724	2522.135890	20.527027	-0.013030	2.727325
57.621600	2517.037342	20.532032	-0.013087	2.724975
57.443775	2511.907445	20.537037	-0.013044	2.722550
57.595155	2506.714837	20.542042	-0.013080	2.720139
57.477414	2501.654724	20.547047	-0.013051	2.717750
57.281464	2496.740971	20.552051	-0.013004	2.715417
57.405036	2491.468494	20.557056	-0.013033	2.712958
57.174983	2486.167505	20.562061	-0.012978	2.710434
57.176347	2481.066035	20.567066	-0.012978	2.708034
57.080241	2476.094472	20.572071	-0.012954	2.705680
57.040354	2470.991195	20.577075	-0.012944	2.703269
57.098654	2465.806723	20.582080	-0.012958	2.700832
56.934390	2460.718993	20.587085	-0.012918	2.698406
56.991048	2455.774114	20.592090	-0.012931	2.696077
56.975367	2450.621044	20.597095	-0.012927	2.693638
56.948957	2445.127852	20.602099	-0.012920	2.691034
56.789241	2440.003506	20.607104	-0.012882	2.688582
56.835596	2435.053353	20.612109	-0.012892	2.686241
56.734166	2429.966048	20.617114	-0.012868	2.683812
56.755366	2424.750497	20.622119	-0.012872	2.681337
56.714559	2419.599154	20.627123	-0.012862	2.678881
56.617982	2414.658202	20.632128	-0.012839	2.676515
56.591807	2409.512411	20.637133	-0.012832	2.674060
56.597799	2404.187573	20.642138	-0.012833	2.671521
56.494904	2399.035398	20.647143	-0.012808	2.669047
56.526710	2394.069351	20.652147	-0.012815	2.666679
56.589614	2388.924699	20.657152	-0.012830	2.664228
56.430836	2383.783441	20.662157	-0.012791	2.661744
56.335940	2378.646595	20.667162	-0.012768	2.659269
56.406143	2373.679269	20.672167	-0.012785	2.656897
56.452680	2368.534969	20.677171	-0.012795	2.654435
56.312046	2363.159272	20.682176	-0.012761	2.651832
56.244523	2357.932525	20.687181	-0.012745	2.649308
56.070641	2353.038714	20.692186	-0.012703	2.646927
56.137980	2347.892801	20.697191	-0.012719	2.644458
55.956550	2342.765475	20.702195	-0.012675	2.641959
55.911155	2337.615952	20.707200	-0.012663	2.639467
56.005291	2332.642973	20.712205	-0.012686	2.637078
55.883956	2327.570637	20.717210	-0.012656	2.634607
56.001622	2322.170871	20.722215	-0.012684	2.632011
55.977542	2316.998904	20.727219	-0.012678	2.629501
55.874321	2312.072517	20.732224	-0.012653	2.627097
55.747266	2306.905645	20.737229	-0.012622	2.624570
55.868029	2301.725062	20.742234	-0.012650	2.622071
55.748647	2296.571943	20.747239	-0.012621	2.619547
55.598168	2291.647436	20.752243	-0.012585	2.617127
55.680913	2286.520249	20.757248	-0.012604	2.614641
55.618191	2281.097824	20.762253	-0.012589	2.611987
55.608482	2275.926452	20.767258	-0.012586	2.609460
55.499732	2270.981292	20.772263	-0.012560	2.607027
55.344402	2265.877714	20.777267	-0.012522	2.604508
55.425024	2260.687823	20.782272	-0.012541	2.601978
55.431011	2255.511458	20.787277	-0.012542	2.599442
55.316367	2250.659500	20.792282	-0.012514	2.597045
55.291754	2245.532208	20.797287	-0.012508	2.594523
55.275638	2240.144172	20.802291	-0.012504	2.591872
55.186405	2235.011113	20.807296	-0.012482	2.589333
55.150682	2230.087201	20.812301	-0.012473	2.586903
55.051041	2224.987215	20.817306	-0.012449	2.584373
55.046498	2219.799835	20.822311	-0.012447	2.581813
54.950435	2214.701309	20.827315	-0.012424	2.579280
54.843001	2209.766905	20.832320	-0.012398	2.576824
54.774834	2204.583076	20.837325	-0.012381	2.574248
54.857352	2199.170423	20.842330	-0.012400	2.571579
54.856097	2194.025380	20.847335	-0.012399	2.569027
54.759044	2189.087175	20.852339	-0.012376	2.566561
54.748631	2183.932719	20.857344	-0.012373	2.563998
54.592975	2178.774539	20.862349	-0.012335	2.561408
54.734960	2173.671226	20.867354	-0.012369	2.558889
54.592255	2168.683509	20.872359	-0.012334	2.556382
54.478832	2163.517221	20.877363	-0.012307	2.553787
54.516852	2158.195468	20.882368	-0.012315	2.551135
54.500389	2153.115134	20.887373	-0.012311	2.548593
54.380613	2148.136956	20.892378	-0.012282	2.546083
54.329424	2142.966880	20.897383	-0.012269	2.543485
54.178229	2137.835523	20.902387	-0.012233	2.540889
54.209361	2132.804161	20.907392	-0.012240	2.538368
54.216597	2127.761260	20.912397	-0.012241	2.535836
54.079896	2122.433853	20.917402	-0.012208	2.533135
54.006690	2117.158542	20.922407	-0.012190	2.530468
54.064989	2112.137209	20.927411	-0.012204	2.527946
54.060991	2107.004708	20.932416	-0.012202	2.525356
54.048547	2101.867734	20.937421	-0.012199	2.522760
54.088982	2096.695265	20.942426	-0.012208	2.520151
53.903166	2091.782401	20.947431	-0.012163	2.517636
53.913316	2086.638454	20.952435	-0.012165	2.515032
53.855220	2081.277363	20.957440	-0.012151	2.512304
53.829278	2076.134326	20.962445	-0.012144	2.509689
53.760551	2071.225177	20.967450	-0.012128	2.507183
53.760865	2066.030518	20.972455	-0.012127	2.504541
53.731617	2060.893735	20.977459	-0.012120	2.501920
53.660887	2055.810149	20.982464	-0.012102	2.499318
53.524118	2050.860083	20.987469	-0.012069	2.496770
53.527104	2045.598251	20.992474	-0.012070	2.494082
53.653487	2040.201114	20.997479	-0.012099	2.491343
53.554294	2035.154755	21.002483	-0.012075	2.488743
53.635604	2030.060762	21.007488	-0.012094	2.486146
53.410568	2024.919236	21.012493	-0.012040	2.483472
53.304734	2019.801451	21.017498	-0.012014	2.480827
53.325983	2014.803348	21.022503	-0.012019	2.478261
53.230972	2009.740326	21.027507	-0.011996	2.475640
53.157184	2004.417170	21.032512	-0.011978	2.472885
53.174614	1999.219069	21.037517	-0.011982	2.470207
52.967062	1994.339922	21.042522	-0.011932	2.467655
52.961627	1989.191985	21.047527	-0.011930	2.464993
53.008789	1983.959567	21.052531	-0.011941	2.462293
53.059676	1978.881379	21.057536	-0.011952	2.459671
52.981154	1973.908099	21.062541	-0.011933	2.457079
52.943677	1968.677181	21.067546	-0.011924	2.454358
52.940000	1963.320799	21.072551	-0.011923	2.451574
52.860472	1958.287274	21.077555	-0.011903	2.448942
52.858675	1953.240195	21.082560	-0.011902	2.446313
52.669790	1948.075061	21.087565	-0.011857	2.443589
52.698626	1942.902091	21.092570	-0.011863	2.440894
52.754903	1937.914885	21.097575	-0.011876	2.438297
52.526556	1932.869148	21.102579	-0.011821	2.435620
52.445167	1927.556452	21.107584	-0.011801	2.432825
52.427605	1922.403602	21.112589	-0.011797	2.430120
52.307229	1917.489207	21.117594	-0.011768	2.427521
52.432684	1912.294570	21.122599	-0.011797	2.424812
52.254541	1907.170769	21.127603	-0.011754	2.422088
52.193183	1902.150822	21.132608	-0.011739	2.419434
52.247623	1897.061723	21.137613	-0.011752	2.416760
52.215985	1891.760323	21.142618	-0.011744	2.413957
52.075407	1886.517195	21.147623	-0.011710	2.411163
52.133507	1881.519489	21.152627	-0.011723	2.408529
51.985090	1876.417748	21.157632	-0.011687	2.405802
51.896401	1871.276227	21.162637	-0.011666	2.403061
51.882932	1866.139180	21.167642	-0.011662	2.400332
51.928049	1861.109528	21.172647	-0.011672	2.397667
52.004818	1855.863688	21.177651	-0.011690	2.394890
51.938307	1850.600106	21.182656	-0.011674	2.392075
51.815180	1845.574555	21.187661	-0.011644	2.389374
51.680603	1840.569489	21.192666	-0.011611	2.386680
51.690670	1835.390325	21.197671	-0.011613	2.383914
51.829062	1830.162188	21.202675	-0.011646	2.381140
51.677136	1825.289590	21.207680	-0.011609	2.378504
51.504442	1820.168413	21.212685	-0.011568	2.375728
51.514633	1814.743939	21.217690	-0.011570	2.372817
51.429987	1809.667904	21.222695	-0.011549	2.370074
51.431096	1804.660410	21.227699	-0.011549	2.367379
51.351037	1799.536744	21.232704	-0.011529	2.364605
51.280717	1794.368032	21.237709	-0.011512	2.361805
51.261718	1789.332728	21.242714	-0.011507	2.359082
51.255643	1784.234212	21.247719	-0.011505	2.356324
51.171238	1778.913580	21.252723	-0.011485	2.353429
51.068303	1773.815846	21.257728	-0.011460	2.350648
51.152882	1768.784055	21.262733	-0.011479	2.347933
51.128343	1763.637743	21.267738	-0.011473	2.345133
50.933188	1758.523889	21.272743	-0.011426	2.342317
50.909526	1753.509986	21.277747	-0.011420	2.339583
50.944965	1748.441888	21.282752	-0.011428	2.336825
50.896500	1743.055302	21.287757	-0.011416	2.333877
50.847253	1737.872170	21.292762	-0.011404	2.331035
50.671765	1732.938418	21.297767	-0.011361	2.328305
50.718584	1727.748997	21.302771	-0.011372	2.325470
50.748022	1722.550951	21.307776	-0.011379	2.322624
50.745236	1717.487726	21.312781	-0.011378	2.319842
50.604095	1712.490174	21.317786	-0.011344	2.317069
50.617312	1707.153431	21.322791	-0.011346	2.314134
50.534257	1701.982484	21.327795	-0.011326	2.311269
50.501261	1697.058895	21.332800	-0.011318	2.308545
50.327286	1691.942679	21.337805	-0.011276	2.305688
50.372715	1686.763958	21.342810	-0.011286	2.302830
50.310420	1681.743066	21.347815	-0.011271	2.300038
50.373297	1676.666470	21.352819	-0.011286	2.297234
50.153083	1671.379593	21.357824	-0.011232	2.294259
50.059608	1666.181048	21.362829	-0.011210	2.291351
50.091260	1661.217109	21.367834	-0.011217	2.288594
49.971015	1656.065590	21.372839	-0.011188	2.285701
50.086092	1650.824575	21.377843	-0.011215	2.282796
50.075442	1645.808150	21.382848	-0.011212	2.279991
49.874183	1640.777283	21.387853	-0.011163	2.277140
49.926417	1635.457353	21.392858	-0.011175	2.274169
49.814282	1630.335778	21.397863	-0.011148	2.271276
49.724773	1625.377380	21.402867	-0.011126	2.268475
49.753977	1620.216001	21.407872	-0.011133	2.265578
49.666535	1615.066686	21.412877	-0.011112	2.262662
49.622988	1610.070656	21.417882	-0.011101	2.259838
49.460438	1605.048012	21.422887	-0.011061	2.256973
49.515298	1599.605066	21.427891	-0.011074	2.253906
49.513833	1594.487816	21.432896	-0.011073	2.251010
49.345459	1589.497708	21.437901	-0.011033	2.248151
49.440339	1584.286806	21.442906	-0.011055	2.245211
49.215278	1579.184226	21.447911	-0.011001	2.242271
49.114558	1574.223734	21.452915	-0.010976	2.239430
49.175750	1569.047673	21.457920	-0.010990	2.236493
49.150473	1563.725878	21.462925	-0.010984	2.233452
49.058975	1558.715729	21.467930	-0.010962	2.230574
49.030582	1553.636281	21.472935	-0.010954	2.227663
48.986313	1548.472748	21.477939	-0.010943	2.224698
48.895393	1543.390832	21.482944	-0.010921	2.221767
48.935676	1538.376068	21.487949	-0.010931	2.218895
48.810035	1533.163332	21.492954	-0.010900	2.215875
48.872379	1527.790797	21.497959	-0.010915	2.212793
48.773891	1522.819948	21.502963	-0.010891	2.209909
48.729631	1517.713181	21.507968	-0.010880	2.206952
48.697723	1512.544771	21.512973	-0.010872	2.203959
48.768369	1507.458641	21.517978	-0.010888	2.201028
48.557384	1502.475188	21.522983	-0.010837	2.198100
48.362401	1497.258944	21.527987	-0.010790	2.195035
48.463763	1492.019353	21.532992	-0.010814	2.192009
48.450155	1487.044158	21.537997	-0.010810	2.189111
48.509536	1481.859578	21.543002	-0.010824	2.186101
48.368842	1476.731561	21.548007	-0.010790	2.183081
48.328981	1471.749473	21.553011	-0.010780	2.180162
48.357486	1466.589961	21.558016	-0.010786	2.177148
48.255265	1461.195160	21.563021	-0.010762	2.173967
48.159676	1456.164455	21.568026	-0.010738	2.170997
47.987693	1451.158755	21.573031	-0.010697	2.168022
48.050107	1445.961487	21.578035	-0.010711	2.164976
48.077912	1440.818800	21.583040	-0.010718	2.161950
47.962615	1435.834774	21.588045	-0.010690	2.158987
47.913484	1430.601082	21.593050	-0.010677	2.155885
47.865088	1425.391053	21.598055	-0.010665	2.152792
47.864454	1420.407679	21.603059	-0.010665	2.149839
47.799938	1415.301991	21.608064	-0.010649	2.146796
47.745456	1410.101866	21.613069	-0.010636	2.143695
47.747855	1405.079876	21.618074	-0.010636	2.140707
47.584295	1400.032178	21.623079	-0.010596	2.137666
47.539360	1394.652560	21.628083	-0.010585	2.134446
47.387521	1389.620450	21.633088	-0.010548	2.131409
47.516361	1384.531051	21.638093	-0.010579	2.128388
47.463451	1379.366941	21.643098	-0.010566	2.125282
47.336683	1374.274184	21.648103	-0.010535	2.122199
47.335858	1369.285788	21.653107	-0.010534	2.119200
47.194083	1364.091989	21.658112	-0.010500	2.116045
47.205383	1358.807026	21.663117	-0.010502	2.112860
47.128526	1353.869006	21.668122	-0.010483	2.109863
47.087048	1348.715402	21.673127	-0.010473	2.106739
46.880705	1343.618123	21.678131	-0.010423	2.103610
46.968304	1338.596533	21.683136	-0.010444	2.100582
46.968144	1333.428979	21.688141	-0.010443	2.097443
46.829581	1328.117377	21.693146	-0.010410	2.094184
46.710317	1323.106537	21.698151	-0.010381	2.091107
46.740229	1317.999708	21.703155	-0.010388	2.087997
46.747457	1312.830097	21.708160	-0.010389	2.084840
46.620379	1307.750400	21.713165	-0.010358	2.081705
46.717821	1302.666580	21.718170	-0.010381	2.078609
46.559023	1297.406401	21.723175	-0.010343	2.075348
46.563149	1292.268404	21.728179	-0.010343	2.072190
46.403411	1287.290744	21.733184	-0.010305	2.069092
46.468983	1282.102644	21.738189	-0.010320	2.065906
46.577529	1276.953715	21.743194	-0.010345	2.062748
46.447913	1272.001177	21.748199	-0.010314	2.059658
46.307103	1266.753712	21.753203	-0.010280	2.056378
46.177424	1261.539435	21.758208	-0.010249	2.053116
46.192172	1256.516778	21.763213	-0.010252	2.049998
46.214059	1251.345510	21.768218	-0.010256	2.046784
46.140923	1246.181861	21.773223	-0.010239	2.043549
46.002771	1241.246621	21.778227	-0.010205	2.040439
46.024396	1236.053912	21.783232	-0.010210	2.037196
46.003282	1230.778318	21.788237	-0.010204	2.033888
45.992736	1225.795201	21.793242	-0.010201	2.030759
45.835420	1220.712691	21.798247	-0.010163	2.027533
45.826613	1215.542872	21.803251	-0.010161	2.024277
45.707827	1210.576339	21.808256	-0.010132	2.021122
45.722344	1205.359804	21.813261	-0.010135	2.017831
45.691259	1200.037468	21.818266	-0.010127	2.014459
45.467576	1195.063284	21.823271	-0.010073	2.011261
45.460260	1189.957187	21.828275	-0.010071	2.008020
45.399230	1184.800917	21.833280	-0.010056	2.004730
45.414369	1179.754419	21.838285	-0.010059	2.001521
45.260326	1174.685373	21.843290	-0.010022	1.998257
45.354954	1169.362662	21.848295	-0.010044	1.994878
45.230376	1164.329847	21.853299	-0.010014	1.991632
45.294151	1159.210492	21.858304	-0.010029	1.988365
45.165898	1154.082761	21.863309	-0.009998	1.985047
45.142376	1149.064298	21.868314	-0.009992	1.981816
45.027327	1143.962813	21.873319	-0.009964	1.978506
44.937513	1138.657175	21.878323	-0.009942	1.975065
44.797298	1133.638910	21.883328	-0.009908	1.971792
44.839447	1128.504129	21.888333	-0.009918	1.968478
44.714918	1123.382803	21.893338	-0.009888	1.965131
44.669374	1118.368469	21.898343	-0.009876	1.961865
44.545757	1113.275762	21.903347	-0.009846	1.958525
44.561499	1107.974657	21.908352	-0.009850	1.955074
44.585171	1102.920596	21.913357	-0.009855	1.951781
44.365969	1097.907209	21.918362	-0.009802	1.948455
44.407906	1092.726493	21.923367	-0.009812	1.945071
44.494306	1087.652484	21.928371	-0.009832	1.941761
44.390704	1082.550059	21.933376	-0.009807	1.938385
44.282808	1077.291752	21.938381	-0.009780	1.934899
44.187957	1072.290920	21.943386	-0.009757	1.931579
44.118182	1067.166384	21.948391	-0.009740	1.928178
44.153760	1061.989548	21.953395	-0.009748	1.924760
44.108660	1056.998878	21.958400	-0.009737	1.921441
44.009546	1051.799072	21.963405	-0.009713	1.917965
44.015751	1046.558737	21.968410	-0.009714	1.914479
43.894948	1041.626240	21.973415	-0.009685	1.911164
43.776515	1036.496766	21.978419	-0.009656	1.907712
43.806206	1031.302904	21.983424	-0.009663	1.904244
43.782940	1026.305753	21.988429	-0.009657	1.900890
43.738616	1021.049282	21.993434	-0.009646	1.897351
43.637359	1015.882394	21.998439	-0.009621	1.893852
43.687323	1010.801073	22.003443	-0.009633	1.890439
43.603265	1005.681787	22.008448	-0.009612	1.886964
43.468466	1000.580396	22.013453	-0.009580	1.883483
43.498740	995.547074	22.018458	-0.009586	1.880079
43.398640	990.286459	22.023463	-0.009562	1.876485
43.287356	985.219552	22.028467	-0.009535	1.873013
43.150104	980.200450	22.033472	-0.009502	1.869562
43.171711	975.005304	22.038477	-0.009506	1.866020
43.117888	969.988983	22.043482	-0.009493	1.862577
43.068376	964.851697	22.048487	-0.009481	1.859045
42.969979	959.544087	22.053491	-0.009457	1.855378
42.881422	954.549299	22.058496	-0.009435	1.851921
42.917025	949.373756	22.063501	-0.009443	1.848363
42.727777	944.285644	22.068506	-0.009398	1.844805
42.696774	939.275906	22.073511	-0.009390	1.841332
42.689084	934.034408	22.078515	-0.009388	1.837697
42.688985	928.866705	22.083520	-0.009387	1.834107
42.615893	923.834333	22.088525	-0.009369	1.830588
42.455207	918.718268	22.093530	-0.009331	1.826983
42.545900	913.610780	22.098535	-0.009352	1.823436
42.375972	908.597223	22.103539	-0.009311	1.819886
42.344835	903.239031	22.108544	-0.009303	1.816121
42.213653	898.244243	22.113549	-0.009271	1.812579
42.252880	893.117287	22.118554	-0.009280	1.808978
42.023370	888.008402	22.123559	-0.009225	1.805318
41.962750	883.031984	22.128563	-0.009210	1.801785
41.930283	877.818686	22.133568	-0.009202	1.798084
41.913724	872.612243	22.138573	-0.009197	1.794384
41.868607	867.605618	22.143578	-0.009186	1.790811
41.747668	862.476530	22.148583	-0.009157	1.787126
41.908871	857.340255	22.153587	-0.009195	1.783497
41.730051	852.300937	22.158592	-0.009152	1.779846
41.596936	847.007528	22.163597	-0.009119	1.776017
41.561630	841.978771	22.168602	-0.009111	1.772394
41.485912	836.854637	22.173607	-0.009092	1.768685
41.444592	831.719157	22.178611	-0.009082	1.764969
41.452008	826.698128	22.183616	-0.009083	1.761339
41.401220	821.432842	22.188621	-0.009071	1.757511
41.372443	816.333816	22.193626	-0.009063	1.753800
41.214650	811.305929	22.198631	-0.009025	1.750101
41.104705	806.158873	22.203635	-0.008998	1.746319
41.184585	801.122141	22.208640	-0.009017	1.742657
41.013792	795.918051	22.213645	-0.008976	1.738802
41.019482	790.698364	22.218650	-0.008977	1.734972
40.926502	785.696182	22.223655	-0.008954	1.731268
40.903218	780.527713	22.228659	-0.008948	1.727451
40.833920	775.488839	22.233664	-0.008931	1.723709
40.703246	770.391759	22.238669	-0.008900	1.719901
40.497072	765.187555	22.243674	-0.008850	1.715986
40.574126	760.154632	22.248679	-0.008868	1.712261
40.561996	754.990128	22.253683	-0.008865	1.708408
40.434638	749.935830	22.258688	-0.008834	1.704598
40.334340	744.905060	22.263693	-0.008809	1.700804
40.435937	739.502725	22.268698	-0.008833	1.696775
40.347363	734.487478	22.273703	-0.008812	1.692979
40.181826	729.404463	22.278707	-0.008772	1.689103
40.091258	724.315018	22.283712	-0.008749	1.685233
40.189554	719.238994	22.288717	-0.008773	1.681413
39.991337	714.007033	22.293722	-0.008725	1.677388
39.900630	708.974762	22.298727	-0.008703	1.673534
39.863340	703.880097	22.303731	-0.008693	1.669638
39.816408	698.761127	22.308736	-0.008682	1.665711
39.620806	693.783015	22.313741	-0.008634	1.661844
39.611008	688.454035	22.318746	-0.008632	1.657747
39.598100	683.376751	22.323751	-0.008628	1.653833
39.362349	678.335982	22.328755	-0.008571	1.649879
39.350233	673.194160	22.333760	-0.008568	1.645896
39.157903	668.232584	22.338765	-0.008522	1.641996
39.302119	662.894565	22.343770	-0.008556	1.637884
39.160842	657.885435	22.348775	-0.008522	1.633941
39.265419	652.728764	22.353779	-0.008546	1.629940
39.091802	647.657348	22.358784	-0.008504	1.625920
39.016667	642.653777	22.363789	-0.008486	1.621970
38.902576	637.322695	22.368794	-0.008458	1.617742
38.877119	632.256507	22.373799	-0.008452	1.613737
38.715947	627.172083	22.378803	-0.008413	1.609669
38.764914	622.033456	22.383808	-0.008424	1.605607
38.621706	617.015424	22.388813	-0.008389	1.601576
38.421138	611.789629	22.393818	-0.008341	1.597354
38.471972	606.755524	22.398823	-0.008353	1.593344
38.430367	601.613905	22.403827	-0.008342	1.589212
38.402597	596.543922	22.408832	-0.008335	1.585131
38.267897	591.446886	22.413837	-0.008303	1.580987
38.066633	586.230818	22.418842	-0.008254	1.576717
38.006891	581.213965	22.423847	-0.008239	1.572637
38.022960	576.035497	22.428851	-0.008243	1.568437
38.020870	570.986150	22.433856	-0.008242	1.564326
37.855320	565.858404	22.438861	-0.008202	1.560092
37.771405	560.697177	22.443866	-0.008181	1.555844
37.743820	555.650086	22.448871	-0.008174	1.551693
37.593040	550.514696	22.453875	-0.008138	1.547423
37.559367	545.534571	22.458880	-0.008129	1.543304
37.522275	540.223656	22.463885	-0.008120	1.538898
37.331481	535.184275	22.468890	-0.008074	1.534661
37.271261	530.077320	22.473895	-0.008059	1.530394
37.379023	524.923554	22.478899	-0.008085	1.526125
37.208109	519.902231	22.483904	-0.008043	1.521873
37.102011	514.654891	22.488909	-0.008018	1.517438
36.963203	509.676909	22.493914	-0.007984	1.513207
37.019294	504.514946	22.498919	-0.007997	1.508867
36.863088	499.481309	22.503923	-0.007959	1.504560
36.830571	494.286243	22.508928	-0.007951	1.500141
36.603992	489.170289	22.513933	-0.007896	1.495717
36.617113	484.095744	22.518938	-0.007899	1.491388
36.584175	478.968726	22.523943	-0.007891	1.486987
36.515048	473.920622	22.528947	-0.007874	1.482631
36.391043	468.697758	22.533952	-0.007844	1.478094
36.287351	463.702709	22.538957	-0.007819	1.473746
36.307163	458.536945	22.543962	-0.007823	1.469275
36.141813	453.537057	22.548967	-0.007783	1.464878
35.997849	448.356972	22.553971	-0.007748	1.460317
36.040711	443.177449	22.558976	-0.007758	1.455800
35.925368	438.106296	22.563981	-0.007730	1.451314
35.881436	432.990161	22.568986	-0.007719	1.446798
35.751596	427.950713	22.573991	-0.007688	1.442308
35.595477	422.752136	22.578995	-0.007650	1.437655
35.619554	417.711636	22.584000	-0.007655	1.433185
35.404272	412.600704	22.589005	-0.007603	1.428561
35.332150	407.606753	22.594010	-0.007586	1.424073
35.354137	402.303992	22.599015	-0.007590	1.419323
35.178216	397.277990	22.604019	-0.007548	1.414744
35.211740	392.126199	22.609024	-0.007556	1.410102
35.027059	387.093980	22.614029	-0.007511	1.405484
34.946641	381.960689	22.619034	-0.007491	1.400793
34.945208	376.813113	22.624039	-0.007491	1.396098
34.720284	371.783982	22.629043	-0.007436	1.391423
34.740054	366.689722	22.634048	-0.007441	1.386752
34.501896	361.622154	22.639053	-0.007383	1.382006
34.535641	356.380455	22.644058	-0.007391	1.377171
34.286538	351.382921	22.649063	-0.007331	1.372453
34.240602	346.254785	22.654067	-0.007320	1.367664
34.239274	341.178678	22.659072	-0.007319	1.362921
33.996360	336.003244	22.664077	-0.007260	1.357989
34.081906	330.945521	22.669082	-0.007280	1.353259
33.930158	325.840317	22.674087	-0.007244	1.348388
33.665896	320.867769	22.679091	-0.007180	1.343587
33.600542	315.598556	22.684096	-0.007164	1.338553
33.581556	310.545480	22.689101	-0.007159	1.333724
33.534935	305.394172	22.694106	-0.007147	1.328772
33.306903	300.432513	22.699111	-0.007093	1.323923
33.277835	295.182779	22.704115	-0.007085	1.318846
33.217548	290.170700	22.709120	-0.007070	1.313969
33.143151	285.026594	22.714125	-0.007052	1.308940
32.778719	280.108880	22.719130	-0.006965	1.304013
32.682294	274.917138	22.724135	-0.006941	1.298891
32.600820	269.880236	22.729139	-0.006921	1.293907
32.637700	264.712676	22.734144	-0.006930	1.288816
32.567735	259.641377	22.739149	-0.006912	1.283763
32.459543	254.458168	22.744154	-0.006886	1.278564
32.195239	249.474947	22.749159	-0.006823	1.273489
32.151305	244.363177	22.754163	-0.006812	1.268343
32.112832	239.268680	22.759168	-0.006802	1.263195
31.784345	234.143951	22.764173	-0.006723	1.257891
31.842423	229.037349	22.769178	-0.006737	1.252723
31.631640	223.995664	22.774183	-0.006686	1.247502
31.416042	218.923539	22.779187	-0.006634	1.242226
31.122309	213.883510	22.784192	-0.006563	1.236932
31.170081	208.748674	22.789197	-0.006574	1.231643
30.926639	203.754006	22.794202	-0.006515	1.226369
30.846839	198.532354	22.799207	-0.006496	1.220896
30.691619	193.474400	22.804211	-0.006458	1.215542
30.611771	188.357696	22.809216	-0.006439	1.210131
30.508825	183.334779	22.814221	-0.006414	1.204786
30.195417	178.207214	22.819226	-0.006338	1.199225
30.079775	173.178611	22.824231	-0.006310	1.193820
29.969347	168.087154	22.829235	-0.006284	1.188325
30.015975	162.920060	22.834240	-0.006294	1.182784
29.727824	157.840368	22.839245	-0.006225	1.177181
29.414809	152.839263	22.844250	-0.006150	1.171627
29.153017	147.860604	22.849255	-0.006087	1.166090
29.202072	142.619890	22.854259	-0.006098	1.160363
29.002173	137.632084	22.859264	-0.006050	1.154787
28.821058	132.546545	22.864269	-0.006006	1.149084
28.613139	127.487478	22.869274	-0.005956	1.143370
28.403149	122.389512	22.874279	-0.005905	1.137584
28.255518	117.311276	22.879283	-0.005870	1.131815
27.905341	112.362119	22.884288	-0.005785	1.126080
27.716890	107.209829	22.889293	-0.005740	1.120151
27.554146	102.190399	22.894298	-0.005701	1.114353
27.355512	97.141086	22.899303	-0.005653	1.108475
27.253321	91.994793	22.904307	-0.005628	1.102494
26.850777	87.002505	22.909312	-0.005531	1.096533
26.749813	81.907982	22.914317	-0.005507	1.090548
26.371164	76.951758	22.919322	-0.005416	1.084574
26.256770	71.813975	22.924327	-0.005388	1.078465
26.108026	66.752561	22.929331	-0.005352	1.072397
25.896623	61.762059	22.934336	-0.005301	1.066353
25.566825	56.627622	22.939341	-0.005222	1.060049
25.327936	51.612223	22.944346	-0.005164	1.053891
25.007372	46.631747	22.949351	-0.005087	1.047703
24.659914	41.559869	22.954355	-0.005003	1.041355
24.366516	36.577246	22.959360	-0.004933	1.035102
24.092293	31.558843	22.964365	-0.004867	1.028775
23.538166	26.571606	22.969370	-0.004734	1.022320
23.168205	21.596490	22.974375	-0.004645	1.015924
22.798154	16.608425	22.979379	-0.004556	1.009471
22.317139	11.630063	22.984384	-0.004441	1.002937
21.653908	6.764678	22.989389	-0.004282	0.996420
21.011136	1.879469	22.994394	-0.004127	0.989844
15.887064	-1.421378	22.999399	-0.002902	0.983163
