Thu Mar 05 20:24:25 2026

Number of Points = 4598
Depth (nm)	Load (µN)	Time (s)	Disp. Voltage(V)	Force Voltage(V)0.000000	3.980228	0.000000	0.001302	0.981110
0.287172	9.062259	0.005005	0.001233	0.987836
0.483442	14.084096	0.010010	0.001185	0.994396
0.778132	19.058440	0.015014	0.001114	1.000899
0.988027	24.167395	0.020019	0.001064	1.007491
1.203216	29.186763	0.025024	0.001012	1.013930
1.151406	34.289806	0.030029	0.001023	1.020311
1.607768	39.361099	0.035034	0.000914	1.026843
1.801011	44.366436	0.040038	0.000867	1.033133
1.877153	49.432034	0.045043	0.000848	1.039408
1.995849	54.584153	0.050048	0.000819	1.045769
2.125160	59.608493	0.055053	0.000788	1.051941
2.323261	64.667988	0.060058	0.000740	1.058150
2.569619	69.772068	0.065062	0.000681	1.064397
2.669329	74.849154	0.070067	0.000656	1.070512
2.948947	79.868426	0.075072	0.000589	1.076601
3.046386	84.943636	0.080077	0.000565	1.082644
3.048947	90.110696	0.085082	0.000564	1.088720
3.324083	95.121878	0.090086	0.000498	1.094696
3.469178	100.142987	0.095091	0.000462	1.100597
3.721427	105.309648	0.100096	0.000402	1.106678
3.826565	110.330606	0.105101	0.000376	1.112499
3.934004	115.416272	0.110106	0.000350	1.118363
3.983806	120.577560	0.115110	0.000337	1.124259
4.120221	125.610185	0.120115	0.000304	1.130015
4.269189	130.697114	0.125120	0.000268	1.135807
4.351978	135.772810	0.130125	0.000248	1.141531
4.463881	140.955945	0.135130	0.000220	1.147357
4.718696	145.951683	0.140134	0.000159	1.153003
4.859999	150.987075	0.145139	0.000125	1.158621
5.114201	156.092634	0.150144	0.000063	1.164333
5.195594	161.138236	0.155149	0.000043	1.169883
5.351445	166.230505	0.160154	0.000006	1.175487
5.522993	171.256556	0.165158	-0.000036	1.180999
5.546512	176.461700	0.170163	-0.000042	1.186621
5.765219	181.480533	0.175168	-0.000095	1.192092
5.893629	186.535256	0.180173	-0.000126	1.197541
6.103418	191.627371	0.185178	-0.000177	1.203037
6.078046	196.751684	0.190182	-0.000171	1.208452
6.265178	201.809395	0.195187	-0.000216	1.213853
6.340683	206.866772	0.200192	-0.000235	1.219188
6.493292	212.091113	0.205197	-0.000272	1.224703
6.679303	217.081382	0.210202	-0.000317	1.229962
6.770411	222.194085	0.215206	-0.000339	1.235290
6.897269	227.215656	0.220211	-0.000370	1.240515
7.069170	232.378417	0.225216	-0.000412	1.245879
7.096231	237.433160	0.230221	-0.000419	1.251057
7.229571	242.516351	0.235226	-0.000451	1.256281
7.233144	247.660754	0.240230	-0.000453	1.261498
7.465579	252.765079	0.245235	-0.000509	1.266736
7.614498	257.818076	0.250240	-0.000545	1.271871
7.735110	262.872214	0.255245	-0.000574	1.276976
7.808094	267.997767	0.260250	-0.000592	1.282115
7.923083	273.103760	0.265254	-0.000620	1.287229
8.130102	278.145894	0.270259	-0.000670	1.292292
8.216341	283.220172	0.275264	-0.000691	1.297324
8.387523	288.325822	0.280269	-0.000733	1.302398
8.602669	293.369488	0.285274	-0.000785	1.307406
8.792248	298.407227	0.290278	-0.000831	1.312381
8.780009	303.486461	0.295283	-0.000828	1.317307
8.804237	308.669312	0.300288	-0.000834	1.322328
9.008046	313.694583	0.305293	-0.000884	1.327239
9.106952	318.794886	0.310298	-0.000908	1.332169
9.179393	323.846814	0.315302	-0.000926	1.337025
9.278479	329.027077	0.320307	-0.000950	1.341995
9.336846	334.145486	0.325312	-0.000964	1.346874
9.509043	339.188205	0.330317	-0.001006	1.351702
9.626775	344.236068	0.335322	-0.001035	1.356499
9.650857	349.379545	0.340326	-0.001041	1.361338
9.751862	354.484154	0.345331	-0.001066	1.366149
9.919927	359.533325	0.350336	-0.001106	1.370914
9.988295	364.615509	0.355341	-0.001123	1.375659
10.073879	369.749098	0.360346	-0.001144	1.380442
10.124058	374.971806	0.365350	-0.001157	1.385279
10.336968	379.943015	0.370355	-0.001208	1.389921
10.476249	385.034857	0.375360	-0.001242	1.394634
10.698945	390.014307	0.380365	-0.001296	1.399255
10.727096	395.257833	0.385370	-0.001303	1.404039
10.737290	400.289605	0.390374	-0.001306	1.408609
10.875431	405.396882	0.395379	-0.001339	1.413273
10.958820	410.423370	0.400384	-0.001360	1.417832
11.011067	415.691170	0.405389	-0.001373	1.422582
11.224460	420.691222	0.410394	-0.001424	1.427128
11.266590	425.819326	0.415398	-0.001435	1.431720
11.404651	430.847877	0.420403	-0.001469	1.436239
11.453029	436.013290	0.425408	-0.001481	1.440837
11.569852	441.123220	0.430413	-0.001509	1.445393
11.634889	446.176911	0.435418	-0.001525	1.449869
11.762358	451.259880	0.440422	-0.001556	1.454376
11.710251	456.359458	0.445427	-0.001544	1.458828
11.938693	461.599091	0.450432	-0.001599	1.463475
12.043191	466.574007	0.455437	-0.001625	1.467839
12.231829	471.675252	0.460442	-0.001671	1.472325
12.254681	476.710676	0.465446	-0.001676	1.476690
12.320852	481.898698	0.470451	-0.001693	1.481188
12.406723	486.993534	0.475456	-0.001714	1.485597
12.507958	492.057039	0.480461	-0.001739	1.489971
12.626993	497.141188	0.485466	-0.001768	1.494355
12.769985	502.155573	0.490470	-0.001802	1.498674
12.848260	507.455537	0.495475	-0.001822	1.503204
12.982403	512.423202	0.500480	-0.001854	1.507456
13.077715	517.550349	0.505485	-0.001877	1.511818
13.199494	522.564280	0.510490	-0.001907	1.516081
13.320908	527.721300	0.515494	-0.001937	1.520452
13.596396	532.781317	0.520499	-0.002003	1.524774
13.552689	537.881279	0.525504	-0.001993	1.529024
13.494294	543.045163	0.530509	-0.001980	1.533311
13.621336	548.038526	0.535514	-0.002010	1.537498
13.760212	553.320444	0.540518	-0.002044	1.541916
13.916873	558.332885	0.545523	-0.002082	1.546105
13.878475	563.469233	0.550528	-0.002074	1.550327
13.926359	568.567897	0.555533	-0.002085	1.554533
14.106830	573.593107	0.560538	-0.002129	1.558704
14.022191	578.885578	0.565542	-0.002109	1.563007
14.222030	583.818691	0.570547	-0.002158	1.567087
14.261011	588.974414	0.575552	-0.002168	1.571291
14.448646	593.984213	0.580557	-0.002213	1.575408
14.586535	599.129413	0.585562	-0.002246	1.579609
14.506943	604.380773	0.590566	-0.002228	1.583823
14.633631	609.380481	0.595571	-0.002259	1.587882
14.810625	614.477062	0.600576	-0.002302	1.592023
14.911183	619.484103	0.605581	-0.002326	1.596059
14.904915	624.707895	0.610586	-0.002325	1.600229
15.109405	629.785420	0.615590	-0.002375	1.604329
15.240926	634.803385	0.620595	-0.002407	1.608352
15.400427	639.935775	0.625600	-0.002445	1.612463
15.360533	644.958168	0.630605	-0.002436	1.616422
15.471861	650.232074	0.635610	-0.002463	1.620611
15.643471	655.297297	0.640614	-0.002505	1.624642
15.730521	660.340903	0.645619	-0.002526	1.628622
15.801555	665.485389	0.650624	-0.002544	1.632668
15.826896	670.483995	0.655629	-0.002550	1.636577
15.795895	675.743304	0.660634	-0.002543	1.640664
15.937315	680.812877	0.665638	-0.002578	1.644641
16.131014	685.824933	0.670643	-0.002625	1.648577
16.093002	691.011122	0.675648	-0.002616	1.652577
16.184766	695.988806	0.680653	-0.002638	1.656440
16.224985	701.293414	0.685658	-0.002649	1.660533
16.551736	706.294745	0.690662	-0.002727	1.664458
16.515032	711.374574	0.695667	-0.002719	1.668339
16.577335	716.524419	0.700672	-0.002734	1.672290
16.756340	721.470046	0.705677	-0.002778	1.676107
16.802369	726.699760	0.710682	-0.002789	1.680095
16.934579	731.797034	0.715686	-0.002821	1.683997
17.046627	736.815159	0.720691	-0.002849	1.687825
17.006010	742.013992	0.725696	-0.002839	1.691740
17.228880	746.964673	0.730701	-0.002893	1.695528
17.264192	752.227083	0.735706	-0.002902	1.699493
17.368757	757.380221	0.740710	-0.002928	1.703385
17.367710	762.422930	0.745715	-0.002928	1.707159
17.651403	767.497387	0.750720	-0.002996	1.711020
17.769625	772.494999	0.755725	-0.003025	1.714774
17.761781	777.653875	0.760730	-0.003024	1.718606
17.801837	782.876050	0.765734	-0.003034	1.722490
17.780965	787.910962	0.770739	-0.003029	1.726210
18.022677	793.001033	0.775744	-0.003088	1.730030
18.046540	798.052337	0.780749	-0.003094	1.733758
18.051531	803.177986	0.785754	-0.003096	1.737528
18.202722	808.447765	0.790758	-0.003132	1.741432
18.405196	813.398723	0.795763	-0.003181	1.745107
18.297183	818.581750	0.800768	-0.003156	1.748865
18.320410	823.705503	0.805773	-0.003162	1.752606
18.499315	828.671467	0.810778	-0.003205	1.756262
18.618763	833.915725	0.815782	-0.003234	1.760098
18.775981	838.946061	0.820787	-0.003272	1.763780
18.712721	844.074689	0.825792	-0.003258	1.767471
18.723254	849.225113	0.830797	-0.003261	1.771188
19.018208	854.162657	0.835802	-0.003332	1.774814
18.990055	859.427168	0.840806	-0.003326	1.778588
19.065427	864.624257	0.845811	-0.003344	1.782331
19.135916	869.621207	0.850816	-0.003362	1.785922
19.499007	874.667092	0.855821	-0.003449	1.789613
19.436761	879.770535	0.860826	-0.003435	1.793232
19.471890	884.844387	0.865830	-0.003443	1.796848
19.417517	890.132615	0.870835	-0.003431	1.800586
19.562216	895.134524	0.875840	-0.003466	1.804162
19.671949	900.193804	0.880845	-0.003493	1.807763
19.719269	905.360343	0.885850	-0.003505	1.811418
19.716084	910.378937	0.890854	-0.003504	1.814949
19.807210	915.598985	0.895859	-0.003527	1.818637
19.887577	920.780768	0.900864	-0.003546	1.822288
20.102439	925.721733	0.905869	-0.003598	1.825795
20.099261	930.897659	0.910874	-0.003598	1.829408
20.243771	935.952848	0.915878	-0.003633	1.832965
20.310254	941.006327	0.920883	-0.003650	1.836495
20.281841	946.322009	0.925888	-0.003643	1.840178
20.566886	951.253991	0.930893	-0.003712	1.843662
20.485389	956.394173	0.935898	-0.003693	1.847197
20.582146	961.533874	0.940902	-0.003717	1.850766
20.639348	966.545246	0.945907	-0.003731	1.854231
20.790640	971.731176	0.950912	-0.003768	1.857832
20.842045	977.002170	0.955917	-0.003780	1.861460
21.038129	981.910462	0.960922	-0.003828	1.864867
20.930172	987.094129	0.965926	-0.003802	1.868386
20.994810	992.206107	0.970931	-0.003818	1.871888
21.134405	997.195422	0.975936	-0.003852	1.875318
21.222762	1002.443955	0.980941	-0.003874	1.878906
21.429281	1007.508091	0.985946	-0.003924	1.882390
21.331504	1012.576726	0.990950	-0.003901	1.885800
21.494519	1017.706817	0.995955	-0.003940	1.889305
21.444879	1022.789924	1.000960	-0.003929	1.892723
21.553244	1027.839241	1.005965	-0.003956	1.896149
21.474098	1033.231395	1.010970	-0.003937	1.899756
21.653187	1038.216845	1.015974	-0.003980	1.903142
21.758660	1043.276986	1.020979	-0.004006	1.906555
21.906821	1048.398719	1.025984	-0.004042	1.910013
21.924342	1053.434387	1.030989	-0.004047	1.913378
22.009419	1058.573890	1.035994	-0.004068	1.916821
22.269878	1063.741622	1.040998	-0.004131	1.920316
22.226066	1068.777161	1.046003	-0.004121	1.923649
22.193979	1073.941460	1.051008	-0.004113	1.927064
22.384646	1079.027654	1.056013	-0.004159	1.930471
22.387077	1084.042699	1.061018	-0.004161	1.933784
22.593805	1089.187254	1.066022	-0.004211	1.937221
22.503346	1094.450033	1.071027	-0.004189	1.940664
22.683252	1099.400059	1.076032	-0.004233	1.943955
22.800201	1104.513898	1.081037	-0.004261	1.947335
22.786899	1109.680685	1.086042	-0.004259	1.950714
22.865804	1114.631590	1.091046	-0.004278	1.953967
22.981797	1119.825981	1.096051	-0.004306	1.957381
23.122161	1125.006494	1.101056	-0.004340	1.960786
23.112713	1129.992822	1.106061	-0.004339	1.964025
23.239751	1135.127224	1.111066	-0.004370	1.967386
23.318178	1140.258338	1.116070	-0.004389	1.970727
23.339524	1145.205044	1.121075	-0.004394	1.973932
23.455176	1150.490633	1.126080	-0.004423	1.977370
23.507360	1155.704239	1.131085	-0.004436	1.980743
23.482228	1160.678084	1.136090	-0.004430	1.983939
23.624307	1165.827960	1.141094	-0.004465	1.987278
23.595029	1170.992241	1.146099	-0.004458	1.990585
23.854907	1175.887737	1.151104	-0.004521	1.993776
23.809294	1181.123448	1.156109	-0.004510	1.997113
23.872481	1186.328631	1.161114	-0.004526	2.000450
23.955931	1191.303140	1.166118	-0.004547	2.003637
24.084155	1196.391021	1.171123	-0.004578	2.006902
24.114479	1201.578460	1.176128	-0.004585	2.010203
24.232994	1206.530495	1.181133	-0.004614	2.013369
24.293972	1211.805173	1.186138	-0.004629	2.016721
24.395183	1217.063666	1.191142	-0.004654	2.020067
24.461978	1222.004992	1.196147	-0.004671	2.023199
24.558866	1227.102196	1.201152	-0.004694	2.026431
24.572968	1232.241355	1.206157	-0.004698	2.029667
24.549091	1237.300866	1.211162	-0.004693	2.032840
24.701784	1242.419944	1.216166	-0.004730	2.036082
24.686584	1247.706873	1.221171	-0.004727	2.039389
24.713628	1252.732425	1.226176	-0.004734	2.042536
24.767105	1257.817546	1.231181	-0.004747	2.045721
24.980183	1262.903554	1.236186	-0.004799	2.048935
25.147258	1267.894206	1.241190	-0.004839	2.052074
25.082936	1273.012346	1.246195	-0.004824	2.055241
25.172339	1278.357133	1.251200	-0.004846	2.058574
25.131416	1283.437476	1.256205	-0.004837	2.061712
25.248735	1288.449125	1.261210	-0.004865	2.064835
25.340776	1293.617756	1.266214	-0.004888	2.068045
25.389466	1298.686426	1.271219	-0.004900	2.071179
25.544416	1303.694925	1.276224	-0.004938	2.074293
25.645469	1308.967066	1.281229	-0.004962	2.077554
25.748647	1314.092834	1.286234	-0.004988	2.080720
25.836399	1319.043160	1.291238	-0.005009	2.083771
25.826511	1324.207449	1.296243	-0.005007	2.086929
26.000232	1329.312804	1.301248	-0.005049	2.090082
25.946980	1334.300355	1.306253	-0.005037	2.093114
26.068276	1339.571733	1.311258	-0.005067	2.096349
26.091463	1344.856205	1.316262	-0.005073	2.099567
26.136222	1349.803111	1.321267	-0.005084	2.102579
26.141133	1354.948561	1.326272	-0.005085	2.105700
26.295700	1360.058298	1.331277	-0.005123	2.108825
26.289576	1365.105103	1.336282	-0.005122	2.111874
26.431538	1370.153427	1.341286	-0.005156	2.114950
26.425002	1375.443612	1.346291	-0.005155	2.118137
26.506059	1380.488703	1.351296	-0.005175	2.121190
26.620173	1385.510241	1.356301	-0.005203	2.124230
26.814879	1390.648194	1.361306	-0.005250	2.127352
26.904931	1395.727584	1.366310	-0.005272	2.130414
26.945707	1400.722184	1.371315	-0.005283	2.133411
26.889795	1406.086265	1.376320	-0.005270	2.136605
27.056755	1411.272382	1.381325	-0.005310	2.139732
27.156171	1416.184472	1.386330	-0.005334	2.142678
27.276108	1421.291740	1.391334	-0.005364	2.145740
27.207012	1426.469372	1.396339	-0.005348	2.148803
27.240497	1431.462764	1.401344	-0.005356	2.151772
27.327980	1436.577232	1.406349	-0.005378	2.154819
27.365660	1441.878742	1.411354	-0.005387	2.157963
27.389746	1446.967691	1.416358	-0.005393	2.160974
27.427604	1451.986698	1.421363	-0.005403	2.163942
27.559801	1457.136640	1.426368	-0.005435	2.167001
27.662558	1462.226833	1.431373	-0.005460	2.170015
27.857435	1467.197838	1.436378	-0.005507	2.172973
27.720719	1472.557983	1.441382	-0.005475	2.176092
27.938921	1477.716042	1.446387	-0.005528	2.179155
28.014558	1482.689571	1.451392	-0.005546	2.182079
28.025368	1487.832131	1.456397	-0.005549	2.185086
28.083511	1492.952430	1.461402	-0.005564	2.188084
28.156432	1498.008755	1.466406	-0.005582	2.191044
28.145802	1503.073940	1.471411	-0.005580	2.193989
28.290482	1508.364740	1.476416	-0.005615	2.197091
28.175272	1513.538501	1.481421	-0.005588	2.200071
28.349826	1518.484230	1.486426	-0.005630	2.202970
28.391968	1523.652128	1.491430	-0.005641	2.205968
28.541480	1528.748401	1.496435	-0.005677	2.208941
28.579246	1533.740438	1.501440	-0.005686	2.211830
28.779009	1538.839268	1.506445	-0.005735	2.214806
28.824002	1544.172009	1.511450	-0.005746	2.217884
28.759433	1549.264562	1.516454	-0.005731	2.220799
28.972611	1554.240205	1.521459	-0.005783	2.223695
29.037972	1559.413176	1.526464	-0.005799	2.226672
29.007233	1564.544864	1.531469	-0.005792	2.229605
29.001455	1569.540792	1.536474	-0.005791	2.232460
29.190089	1574.758621	1.541478	-0.005837	2.235475
29.381813	1579.933867	1.546483	-0.005883	2.238461
29.406494	1584.940910	1.551488	-0.005889	2.241318
29.286595	1590.088994	1.556493	-0.005861	2.244224
29.427717	1595.232700	1.561498	-0.005896	2.247172
29.420083	1600.314309	1.566502	-0.005894	2.250053
29.656470	1605.228761	1.571507	-0.005951	2.252881
29.650827	1610.618575	1.576512	-0.005950	2.255930
29.568603	1615.865139	1.581517	-0.005931	2.258879
29.855537	1620.732038	1.586522	-0.006000	2.261678
29.870587	1625.903444	1.591526	-0.006005	2.264596
29.924718	1631.037851	1.596531	-0.006018	2.267496
29.898816	1636.099917	1.601536	-0.006012	2.270338
29.930366	1641.156198	1.606541	-0.006020	2.273183
29.972010	1646.465978	1.611546	-0.006031	2.276168
30.020890	1651.620341	1.616550	-0.006043	2.279063
30.035858	1656.561270	1.621555	-0.006047	2.281830
30.289680	1661.639114	1.626560	-0.006108	2.284713
30.425457	1666.761486	1.631565	-0.006141	2.287595
30.478942	1671.753725	1.636570	-0.006155	2.290387
30.460795	1676.882296	1.641574	-0.006151	2.293238
30.504587	1682.239841	1.646579	-0.006162	2.296224
30.601058	1687.380405	1.651584	-0.006185	2.299095
30.761612	1692.299855	1.656589	-0.006224	2.301852
30.660068	1697.501415	1.661594	-0.006200	2.304714
30.734151	1702.656465	1.666598	-0.006219	2.307579
30.649050	1707.709513	1.671603	-0.006199	2.310356
30.723506	1712.770978	1.676608	-0.006217	2.313162
30.864819	1718.056439	1.681613	-0.006252	2.316099
31.033364	1723.141909	1.686618	-0.006292	2.318928
30.983578	1728.153809	1.691622	-0.006281	2.321675
31.264610	1733.187288	1.696627	-0.006349	2.324488
31.228916	1738.370433	1.701632	-0.006341	2.327324
31.334863	1743.382597	1.706637	-0.006366	2.330089
31.372830	1748.457890	1.711642	-0.006376	2.332872
31.446905	1753.860742	1.716646	-0.006394	2.335837
31.425800	1759.064761	1.721651	-0.006390	2.338674
31.433955	1764.035088	1.726656	-0.006392	2.341385
31.697325	1769.071227	1.731661	-0.006456	2.344172
31.708392	1774.240759	1.736666	-0.006459	2.346986
31.656493	1779.309746	1.741670	-0.006447	2.349730
31.694421	1784.359473	1.746675	-0.006457	2.352476
31.904685	1789.596038	1.751680	-0.006507	2.355350
31.972476	1794.800201	1.756685	-0.006524	2.358179
31.966188	1799.750781	1.761690	-0.006523	2.360854
32.022109	1804.857270	1.766694	-0.006537	2.363621
32.210347	1809.970296	1.771699	-0.006583	2.366411
32.183698	1815.091632	1.776704	-0.006577	2.369165
32.180920	1820.108285	1.781709	-0.006576	2.371864
32.237179	1825.385368	1.786714	-0.006590	2.374710
32.204436	1830.704619	1.791718	-0.006583	2.377560
32.294103	1835.654082	1.796723	-0.006605	2.380229
32.511822	1840.707663	1.801728	-0.006658	2.382973
32.426098	1845.903358	1.806733	-0.006638	2.385738
32.391588	1851.050219	1.811738	-0.006630	2.388482
32.530716	1855.975053	1.816742	-0.006664	2.391134
32.575650	1861.201257	1.821747	-0.006675	2.393928
32.677391	1866.481617	1.826752	-0.006700	2.396757
32.791177	1871.474341	1.831757	-0.006728	2.399432
32.767471	1876.474717	1.836762	-0.006722	2.402085
32.846144	1881.658973	1.841766	-0.006742	2.404849
32.942094	1886.784562	1.846771	-0.006765	2.407582
33.045028	1891.756903	1.851776	-0.006790	2.410233
33.241814	1896.827707	1.856781	-0.006838	2.412947
33.161487	1902.280600	1.861786	-0.006819	2.415815
33.151257	1907.419751	1.866790	-0.006817	2.418525
33.270431	1912.355864	1.871795	-0.006846	2.421147
33.463436	1917.475253	1.876800	-0.006893	2.423874
33.493078	1922.625245	1.881805	-0.006901	2.426588
33.347631	1927.708594	1.886810	-0.006866	2.429234
33.555423	1932.697553	1.891814	-0.006916	2.431887
33.603346	1937.994139	1.896819	-0.006928	2.434671
33.749599	1943.190730	1.901824	-0.006964	2.437416
33.722935	1948.160331	1.906829	-0.006958	2.440011
33.789723	1953.249339	1.911834	-0.006975	2.442681
33.765617	1958.415890	1.916838	-0.006969	2.445373
33.897333	1963.476591	1.921843	-0.007001	2.448033
33.897364	1968.479817	1.926848	-0.007002	2.450638
33.863777	1973.720490	1.931853	-0.006994	2.453359
34.042128	1979.002719	1.936858	-0.007037	2.456133
34.177906	1984.069646	1.941862	-0.007070	2.458785
34.145141	1989.080445	1.946867	-0.007063	2.461377
34.177196	1994.254130	1.951872	-0.007071	2.464062
34.302726	1999.393353	1.956877	-0.007102	2.466741
34.393897	2004.395157	1.961882	-0.007124	2.469341
34.572835	2009.423244	1.966886	-0.007167	2.471966
34.488648	2014.758601	1.971891	-0.007148	2.474704
34.608175	2019.937017	1.976896	-0.007177	2.477390
34.647270	2024.874899	1.981901	-0.007187	2.479938
34.770754	2029.984465	1.986906	-0.007217	2.482584
34.823119	2035.138477	1.991910	-0.007230	2.485239
34.780955	2040.255960	1.996915	-0.007220	2.487857
34.771203	2045.244345	2.001920	-0.007218	2.490412
35.011994	2050.413310	2.006925	-0.007277	2.493096
34.941314	2055.817895	2.011930	-0.007260	2.495848
35.017463	2060.892791	2.016934	-0.007279	2.498453
35.030200	2065.895118	2.021939	-0.007282	2.501007
35.220443	2071.002993	2.026944	-0.007328	2.503641
35.204901	2076.180663	2.031949	-0.007325	2.506275
35.193920	2081.182723	2.036954	-0.007323	2.508817
35.233592	2086.237734	2.041958	-0.007333	2.511392
35.426000	2091.476663	2.046963	-0.007380	2.514082
35.564474	2096.684773	2.051968	-0.007413	2.516744
35.460781	2101.726344	2.056973	-0.007389	2.519282
35.453680	2106.787726	2.061978	-0.007388	2.521842
35.675604	2111.939565	2.066982	-0.007441	2.524481
35.618560	2117.116892	2.071987	-0.007428	2.527086
35.688428	2122.051844	2.076992	-0.007446	2.529587
35.757196	2127.153830	2.081997	-0.007462	2.532168
35.712280	2132.621383	2.087002	-0.007452	2.534914
36.122208	2137.634511	2.092006	-0.007551	2.537499
35.889558	2142.634121	2.097011	-0.007496	2.539974
35.881032	2147.836176	2.102016	-0.007494	2.542584
35.998702	2152.962828	2.107021	-0.007523	2.545173
36.134229	2158.005992	2.112026	-0.007556	2.547719
36.225231	2162.990619	2.117030	-0.007578	2.550228
36.302294	2168.206025	2.122035	-0.007597	2.552847
36.287222	2173.499668	2.127040	-0.007594	2.555488
36.209899	2178.619163	2.132045	-0.007576	2.558030
36.239332	2183.629941	2.137050	-0.007583	2.560531
36.415790	2188.757183	2.142054	-0.007626	2.563111
36.495936	2193.870365	2.147059	-0.007646	2.565666
36.576203	2198.941817	2.152064	-0.007666	2.568198
36.700505	2203.961031	2.157069	-0.007696	2.570709
36.763418	2209.228663	2.162074	-0.007711	2.573330
36.869081	2214.475632	2.167078	-0.007737	2.575946
36.808827	2219.470336	2.172083	-0.007723	2.578408
36.968576	2224.452735	2.177088	-0.007762	2.580896
37.043438	2229.613126	2.182093	-0.007780	2.583456
37.102137	2234.748188	2.187098	-0.007795	2.585999
37.153656	2239.768246	2.192102	-0.007808	2.588481
37.068068	2244.855178	2.197107	-0.007788	2.590974
37.204126	2250.145973	2.202112	-0.007821	2.593597
37.370333	2255.314758	2.207117	-0.007861	2.596163
37.330173	2260.313724	2.212122	-0.007852	2.598611
37.273084	2265.402155	2.217126	-0.007839	2.601099
37.346871	2270.546511	2.222131	-0.007857	2.603631
37.363989	2275.730475	2.227136	-0.007862	2.606172
37.519671	2280.677580	2.232141	-0.007899	2.608615
37.604479	2285.731284	2.237146	-0.007920	2.611097
37.623059	2291.184683	2.242150	-0.007925	2.613762
37.673120	2296.356081	2.247155	-0.007938	2.616292
37.855744	2301.278895	2.252160	-0.007982	2.618718
37.809653	2306.385876	2.257165	-0.007971	2.621197
37.808918	2311.547416	2.262170	-0.007972	2.623707
37.850209	2316.705906	2.267174	-0.007982	2.626220
37.946873	2321.623081	2.272179	-0.008006	2.628621
38.002042	2326.723934	2.277184	-0.008019	2.631103
38.105704	2332.051474	2.282189	-0.008045	2.633699
38.048871	2337.238600	2.287194	-0.008032	2.636201
38.129134	2342.186094	2.292198	-0.008051	2.638605
38.174601	2347.272207	2.297203	-0.008063	2.641069
38.452407	2352.396340	2.302208	-0.008130	2.643583
38.526093	2357.523389	2.307213	-0.008148	2.646066
38.420135	2362.509182	2.312218	-0.008123	2.648453
38.594627	2367.610909	2.317222	-0.008165	2.650934
38.501111	2373.093733	2.322227	-0.008143	2.653557
38.573074	2378.289210	2.327232	-0.008161	2.656063
38.663122	2383.227733	2.332237	-0.008183	2.658446
38.627617	2388.318211	2.337242	-0.008175	2.660882
38.675587	2393.509970	2.342246	-0.008187	2.663376
38.738022	2398.642854	2.347251	-0.008202	2.665842
38.816315	2403.601973	2.352256	-0.008222	2.668225
38.885491	2408.679465	2.357261	-0.008239	2.670661
38.986073	2413.969388	2.362266	-0.008263	2.673200
39.039717	2419.196050	2.367270	-0.008277	2.675700
39.084162	2424.097356	2.372275	-0.008288	2.678042
39.282552	2429.126434	2.377280	-0.008336	2.680464
39.348612	2434.278267	2.382285	-0.008352	2.682924
39.396865	2439.419197	2.387290	-0.008364	2.685373
39.466371	2444.437366	2.392294	-0.008381	2.687765
39.438127	2449.513217	2.397299	-0.008375	2.690168
39.536597	2454.878403	2.402304	-0.008399	2.692725
39.584554	2460.152445	2.407309	-0.008411	2.695228
39.462478	2465.174197	2.412314	-0.008382	2.697586
39.516576	2470.195512	2.417318	-0.008396	2.699967
39.534433	2475.367144	2.422323	-0.008401	2.702411
39.781644	2480.481128	2.427328	-0.008460	2.704858
39.691496	2485.572688	2.432333	-0.008439	2.707245
39.835709	2490.520014	2.437338	-0.008474	2.709595
39.830439	2495.800089	2.442342	-0.008473	2.712078
39.876921	2501.064149	2.447347	-0.008485	2.714559
39.856954	2506.152111	2.452352	-0.008481	2.716945
39.974288	2511.126803	2.457357	-0.008509	2.719296
39.993925	2516.290389	2.462362	-0.008515	2.721719
40.122962	2521.431142	2.467366	-0.008546	2.724145
40.167849	2526.528990	2.472371	-0.008557	2.726537
40.084820	2531.496602	2.477376	-0.008538	2.728848
40.181225	2536.681471	2.482381	-0.008561	2.731283
40.339127	2542.056748	2.487386	-0.008600	2.733814
40.487090	2547.161393	2.492390	-0.008636	2.736215
40.443693	2552.079053	2.497395	-0.008626	2.738500
40.356704	2557.282885	2.502400	-0.008605	2.740910
40.539351	2562.416116	2.507405	-0.008650	2.743322
40.595346	2567.550755	2.512410	-0.008664	2.745716
40.853461	2572.382031	2.517414	-0.008726	2.747995
40.696667	2577.584234	2.522419	-0.008689	2.750386
40.736432	2582.937171	2.527424	-0.008699	2.752873
40.812227	2588.102782	2.532429	-0.008717	2.755275
40.872937	2593.057345	2.537434	-0.008732	2.757576
41.046305	2598.112945	2.542438	-0.008774	2.759936
40.995394	2603.291087	2.547443	-0.008763	2.762321
40.862927	2608.502667	2.552448	-0.008732	2.764708
41.018461	2613.483357	2.557453	-0.008769	2.767026
41.247030	2618.448633	2.562458	-0.008825	2.769344
41.287711	2623.792238	2.567462	-0.008835	2.771809
41.387935	2629.063174	2.572467	-0.008859	2.774247
41.278394	2634.159046	2.577472	-0.008834	2.776574
41.338260	2639.168747	2.582477	-0.008848	2.778882
41.474871	2644.268830	2.587482	-0.008882	2.781240
41.546865	2649.397231	2.592486	-0.008899	2.783600
41.599927	2654.485836	2.597491	-0.008913	2.785937
41.683970	2659.422805	2.602496	-0.008933	2.788208
41.662776	2664.592422	2.607501	-0.008929	2.790568
41.809801	2669.945022	2.612506	-0.008964	2.793033
41.848735	2675.104435	2.617510	-0.008974	2.795393
41.839973	2680.036432	2.622515	-0.008972	2.797641
41.915694	2685.161986	2.627520	-0.008991	2.799986
42.001528	2690.326622	2.632525	-0.009012	2.802349
42.109512	2695.432129	2.637530	-0.009038	2.804686
42.046838	2700.447296	2.642534	-0.009024	2.806957
42.011026	2705.535600	2.647539	-0.009016	2.809263
42.156321	2710.869981	2.652544	-0.009051	2.811703
42.191684	2716.193233	2.657549	-0.009060	2.814121
42.105981	2721.254718	2.662554	-0.009040	2.816402
42.067215	2726.299544	2.667558	-0.009031	2.818680
42.193864	2731.412330	2.672563	-0.009062	2.821009
42.278076	2736.559858	2.677568	-0.009083	2.823346
42.443519	2741.638692	2.682573	-0.009123	2.825661
42.348530	2746.591985	2.687578	-0.009101	2.827883
42.441006	2751.752510	2.692582	-0.009123	2.830222
42.531247	2757.087217	2.697587	-0.009145	2.832636
42.542293	2762.264441	2.702592	-0.009149	2.834967
42.551800	2767.226183	2.707597	-0.009151	2.837200
42.591279	2772.250479	2.712602	-0.009161	2.839462
42.680663	2777.420715	2.717606	-0.009183	2.841795
42.683898	2782.576611	2.722611	-0.009185	2.844108
42.898226	2787.553637	2.727616	-0.009236	2.846367
42.822125	2792.622515	2.732621	-0.009219	2.848627
43.244517	2797.785462	2.737626	-0.009320	2.850992
43.204107	2803.156009	2.742630	-0.009311	2.853388
43.076512	2808.318812	2.747635	-0.009281	2.855678
43.134666	2813.218015	2.752640	-0.009295	2.857872
43.170528	2818.385211	2.757645	-0.009304	2.860182
43.360377	2823.511650	2.762650	-0.009350	2.862491
43.365205	2828.675263	2.767654	-0.009352	2.864791
43.308868	2833.637647	2.772659	-0.009339	2.866992
43.427794	2838.701649	2.777664	-0.009368	2.869258
43.369872	2844.082779	2.782669	-0.009355	2.871641
43.522751	2849.279593	2.787674	-0.009392	2.873968
43.526048	2854.315795	2.792678	-0.009393	2.876202
43.576692	2859.309718	2.797683	-0.009406	2.878422
43.627652	2864.484453	2.802688	-0.009418	2.880720
43.710162	2869.635819	2.807693	-0.009439	2.883010
43.825339	2874.735203	2.812698	-0.009467	2.885279
43.954934	2879.685300	2.817702	-0.009498	2.887483
43.886224	2884.824871	2.822707	-0.009482	2.889743
44.037557	2890.311015	2.827712	-0.009519	2.892182
43.941353	2895.534915	2.832717	-0.009497	2.894472
43.983762	2900.443993	2.837722	-0.009507	2.896639
44.241878	2905.441169	2.842726	-0.009569	2.898871
44.042969	2910.616616	2.847731	-0.009522	2.901122
44.188896	2915.738788	2.852736	-0.009558	2.903391
44.264387	2920.840603	2.857741	-0.009576	2.905640
44.271025	2925.774099	2.862746	-0.009578	2.907805
44.305079	2931.005439	2.867750	-0.009587	2.910103
44.353551	2936.380089	2.872755	-0.009599	2.912463
44.391901	2941.497283	2.877760	-0.009609	2.914707
44.514843	2946.360478	2.882765	-0.009639	2.916850
44.639485	2951.454086	2.887770	-0.009669	2.919091
44.623214	2956.683160	2.892774	-0.009666	2.921372
44.613596	2961.848538	2.897779	-0.009664	2.923625
44.603467	2966.880497	2.902784	-0.009662	2.925818
44.737640	2971.870349	2.907789	-0.009695	2.928008
44.739466	2977.139587	2.912794	-0.009696	2.930302
44.814363	2982.519730	2.917798	-0.009714	2.932652
44.857798	2987.626555	2.922803	-0.009725	2.934877
44.942719	2992.508892	2.927808	-0.009746	2.937008
45.037109	2997.650440	2.932813	-0.009769	2.939251
44.989681	3002.841748	2.937818	-0.009758	2.941497
45.070697	3007.993625	2.942822	-0.009778	2.943739
45.218596	3012.942010	2.947827	-0.009814	2.945900
45.196989	3018.006252	2.952832	-0.009809	2.948089
45.245108	3023.255789	2.957837	-0.009821	2.950364
45.233231	3028.527322	2.962842	-0.009819	2.952640
45.336883	3033.648990	2.967846	-0.009844	2.954864
45.517869	3038.547518	2.972851	-0.009888	2.957000
45.446502	3043.687830	2.977856	-0.009871	2.959206
45.553556	3048.865728	2.982861	-0.009897	2.961450
45.607647	3053.985830	2.987866	-0.009911	2.963660
45.701277	3058.970669	2.992870	-0.009934	2.965816
45.740178	3064.014056	2.997875	-0.009944	2.967988
45.627624	3069.356042	3.002880	-0.009917	2.970268
45.786437	3074.752703	3.007885	-0.009956	2.972604
45.822683	3079.820823	3.012890	-0.009965	2.974781
45.784280	3084.749233	3.017894	-0.009956	2.976888
45.803217	3089.923711	3.022899	-0.009961	2.979106
46.037097	3095.060510	3.027904	-0.010018	2.981332
46.135177	3100.220946	3.032909	-0.010042	2.983551
46.193779	3105.155989	3.037914	-0.010056	2.985666
46.179516	3110.247707	3.042918	-0.010053	2.987838
46.122720	3115.424037	3.047923	-0.010040	2.990039
46.307772	3120.654818	3.052928	-0.010085	2.992292
46.453593	3125.777595	3.057933	-0.010120	2.994491
46.328986	3130.691931	3.062938	-0.010091	2.996568
46.266480	3135.909177	3.067942	-0.010077	2.998780
46.544443	3141.013049	3.072947	-0.010144	3.000983
46.627155	3146.136476	3.077952	-0.010164	3.003169
46.703219	3151.152971	3.082957	-0.010183	3.005307
46.590778	3156.199247	3.087962	-0.010156	3.007434
46.546939	3161.488265	3.092966	-0.010146	3.009670
46.768194	3166.842574	3.097971	-0.010200	3.011964
46.677337	3172.028130	3.102976	-0.010178	3.014147
46.822857	3176.911988	3.107981	-0.010214	3.016230
46.769409	3182.052131	3.112986	-0.010202	3.018396
46.900613	3187.239164	3.117990	-0.010233	3.020602
46.879405	3192.372441	3.122995	-0.010229	3.022765
46.864394	3197.393573	3.128000	-0.010226	3.024881
47.021280	3202.391935	3.133005	-0.010264	3.027006
46.899862	3207.594025	3.138010	-0.010235	3.029182
46.977520	3212.973023	3.143014	-0.010254	3.031454
46.997372	3218.155483	3.148019	-0.010260	3.033636
47.020133	3223.088874	3.153024	-0.010266	3.035711
47.299678	3228.137075	3.158029	-0.010333	3.037864
47.278528	3233.292963	3.163034	-0.010328	3.040024
47.333492	3238.462382	3.168038	-0.010342	3.042198
47.270844	3243.608957	3.173043	-0.010328	3.044347
47.458493	3248.502306	3.178048	-0.010373	3.046418
47.525249	3253.659206	3.183053	-0.010389	3.048583
47.592987	3259.077248	3.188058	-0.010406	3.050857
47.645525	3264.295799	3.193062	-0.010419	3.053043
47.539751	3269.345575	3.198067	-0.010394	3.055139
47.680434	3274.318439	3.203072	-0.010429	3.057230
47.978590	3279.415443	3.208077	-0.010500	3.059390
47.861070	3284.569652	3.213082	-0.010473	3.061523
47.882126	3289.775623	3.218086	-0.010478	3.063693
47.942368	3294.649273	3.223091	-0.010493	3.065728
47.960034	3299.772468	3.228096	-0.010498	3.067860
48.061268	3305.083347	3.233101	-0.010523	3.070078
48.015144	3310.324946	3.238106	-0.010512	3.072249
48.170579	3315.382940	3.243110	-0.010550	3.074365
48.089668	3320.359814	3.248115	-0.010531	3.076419
48.084515	3325.506535	3.253120	-0.010530	3.078551
48.184640	3330.703641	3.258125	-0.010555	3.080714
48.299880	3335.786999	3.263130	-0.010583	3.082830
48.389534	3340.796427	3.268134	-0.010605	3.084912
48.383709	3345.807904	3.273139	-0.010604	3.086982
48.386622	3351.115310	3.278144	-0.010605	3.089173
48.411419	3356.536212	3.283149	-0.010612	3.091413
48.552318	3361.635603	3.288154	-0.010646	3.093531
48.515311	3366.541660	3.293158	-0.010637	3.095548
48.721399	3371.600276	3.298163	-0.010687	3.097655
48.772184	3376.765528	3.303168	-0.010700	3.099786
48.821825	3381.961258	3.308173	-0.010712	3.101928
48.732828	3387.096461	3.313178	-0.010692	3.104028
48.779212	3392.050757	3.318182	-0.010703	3.106067
48.781685	3397.215340	3.323187	-0.010704	3.108187
48.965204	3402.535871	3.328192	-0.010749	3.110389
48.811979	3407.783562	3.333197	-0.010713	3.112522
48.886383	3412.755929	3.338202	-0.010731	3.114567
48.906349	3417.744369	3.343206	-0.010736	3.116611
49.104908	3422.879902	3.348211	-0.010784	3.118733
49.106210	3428.065913	3.353216	-0.010785	3.120853
49.177921	3433.144227	3.358221	-0.010803	3.122935
49.110576	3438.084541	3.363226	-0.010787	3.124944
49.209050	3443.159869	3.368230	-0.010811	3.127025
49.257026	3448.470933	3.373235	-0.010823	3.129195
49.320517	3453.832800	3.378240	-0.010839	3.131386
49.552296	3458.957161	3.383245	-0.010895	3.133498
49.413150	3463.843306	3.388250	-0.010862	3.135469
49.540404	3468.972558	3.393254	-0.010893	3.137569
49.684760	3474.126733	3.398259	-0.010928	3.139679
49.608857	3479.298881	3.403264	-0.010910	3.141770
49.818873	3484.362704	3.408269	-0.010961	3.143847
49.773090	3489.273801	3.413274	-0.010951	3.145833
49.742621	3494.465899	3.418278	-0.010944	3.147933
49.816442	3499.854193	3.423283	-0.010962	3.150123
49.861829	3505.029447	3.428288	-0.010973	3.152222
49.905397	3510.054958	3.433293	-0.010984	3.154259
49.942485	3515.012860	3.438298	-0.010994	3.156266
49.994410	3520.184097	3.443302	-0.011007	3.158360
50.004165	3525.371888	3.448307	-0.011009	3.160455
49.992433	3530.550421	3.453312	-0.011007	3.162542
50.237152	3535.514162	3.458317	-0.011066	3.164569
50.152041	3540.527227	3.463322	-0.011046	3.166579
50.184318	3545.840333	3.468326	-0.011055	3.168721
50.266871	3551.218625	3.473331	-0.011075	3.170893
50.365996	3556.311731	3.478336	-0.011099	3.172951
50.492075	3561.263212	3.483341	-0.011130	3.174954
50.340626	3566.401753	3.488346	-0.011094	3.177000
50.524090	3571.506672	3.493350	-0.011138	3.179068
50.575343	3576.673634	3.498355	-0.011151	3.181145
50.530506	3581.817174	3.503360	-0.011141	3.183201
50.582852	3586.712128	3.508365	-0.011154	3.185167
50.500872	3591.908939	3.513370	-0.011135	3.187237
50.669219	3597.201076	3.518374	-0.011176	3.189372
50.730941	3602.457059	3.523379	-0.011191	3.191479
50.786061	3607.512660	3.528384	-0.011205	3.193504
50.768889	3612.452631	3.533389	-0.011201	3.195473
50.894659	3617.597982	3.538394	-0.011232	3.197539
50.860172	3622.804324	3.543398	-0.011224	3.199611
50.895247	3627.974763	3.548403	-0.011233	3.201674
50.954359	3633.029059	3.553408	-0.011247	3.203692
50.987280	3638.004959	3.558413	-0.011256	3.205675
51.106943	3643.136404	3.563418	-0.011285	3.207728
51.166298	3648.540623	3.568422	-0.011300	3.209882
51.184410	3653.713466	3.573427	-0.011304	3.211938
51.360974	3658.688562	3.578432	-0.011347	3.213931
51.325551	3663.665084	3.583437	-0.011339	3.215901
51.325272	3668.863665	3.588442	-0.011340	3.217961
51.447256	3673.990753	3.593446	-0.011369	3.220005
51.509783	3679.155353	3.598451	-0.011385	3.222055
51.494174	3684.127238	3.603456	-0.011382	3.224020
51.555133	3689.165231	3.608461	-0.011397	3.226018
51.678674	3694.327837	3.613466	-0.011427	3.228071
51.637366	3699.718563	3.618470	-0.011417	3.230195
51.716752	3704.899833	3.623475	-0.011437	3.232248
51.800942	3709.786125	3.628480	-0.011458	3.234183
51.851159	3714.890571	3.633485	-0.011470	3.236200
51.814731	3719.998531	3.638490	-0.011462	3.238208
51.828390	3725.243768	3.643494	-0.011466	3.240274
51.898504	3730.338235	3.648499	-0.011483	3.242285
51.969583	3735.257669	3.653504	-0.011500	3.244226
52.105729	3740.323192	3.658509	-0.011533	3.246231
52.108864	3745.659872	3.663514	-0.011535	3.248326
52.039358	3751.076793	3.668518	-0.011519	3.250444
52.100367	3756.209733	3.673523	-0.011534	3.252463
52.286938	3760.991063	3.678528	-0.011579	3.254356
52.296522	3766.168742	3.683533	-0.011582	3.256385
52.354948	3771.299075	3.688538	-0.011596	3.258399
52.361679	3776.459211	3.693542	-0.011598	3.260418
52.310374	3781.689200	3.698547	-0.011587	3.262457
52.384822	3786.520287	3.703552	-0.011605	3.264352
52.459240	3791.666976	3.708557	-0.011623	3.266369
52.507383	3796.860713	3.713562	-0.011635	3.268401
52.562217	3802.142412	3.718566	-0.011649	3.270466
52.633024	3807.266135	3.723571	-0.011666	3.272470
52.599893	3812.143287	3.728576	-0.011659	3.274366
52.843109	3817.239251	3.733581	-0.011718	3.276374
52.864720	3822.405504	3.738586	-0.011723	3.278386
52.803142	3827.607530	3.743590	-0.011709	3.280402
52.834972	3832.744463	3.748595	-0.011717	3.282401
52.851854	3837.638371	3.753600	-0.011722	3.284303
52.931772	3842.761409	3.758605	-0.011741	3.286299
52.949029	3848.182075	3.763610	-0.011746	3.288403
52.924369	3853.541603	3.768614	-0.011741	3.290478
53.056070	3858.645288	3.773619	-0.011773	3.292468
53.087892	3863.481716	3.778624	-0.011781	3.294343
53.110758	3868.634885	3.783629	-0.011787	3.296339
53.171999	3873.840788	3.788634	-0.011802	3.298358
53.194898	3878.985704	3.793638	-0.011808	3.300349
53.254249	3884.084453	3.798643	-0.011823	3.302324
53.427054	3888.929671	3.803648	-0.011864	3.304211
53.453618	3894.090896	3.808653	-0.011871	3.306205
53.540363	3899.373824	3.813658	-0.011892	3.308250
53.540504	3904.623764	3.818662	-0.011893	3.310272
53.564694	3909.831624	3.823667	-0.011899	3.312280
53.718881	3914.621983	3.828672	-0.011937	3.314139
53.698746	3919.802992	3.833677	-0.011932	3.316129
53.658226	3924.988417	3.838682	-0.011923	3.318118
53.693456	3930.165096	3.843686	-0.011932	3.320109
53.836754	3935.297710	3.848691	-0.011967	3.322094
53.773089	3940.172917	3.853696	-0.011952	3.323958
53.886536	3945.331646	3.858701	-0.011980	3.325947
53.935540	3950.634349	3.863706	-0.011992	3.327984
53.977669	3956.021235	3.868710	-0.012003	3.330051
54.038169	3961.166742	3.873715	-0.012018	3.332026
54.114246	3965.978105	3.878720	-0.012036	3.333874
54.065675	3971.177817	3.883725	-0.012025	3.335857
54.253588	3976.286657	3.888730	-0.012071	3.337828
54.251675	3981.414034	3.893734	-0.012071	3.339785
54.186134	3986.633119	3.898739	-0.012056	3.341770
54.202439	3991.517740	3.903744	-0.012060	3.343635
54.300756	3996.642523	3.908749	-0.012084	3.345598
54.432789	4001.863190	3.913754	-0.012116	3.347600
54.373554	4007.203530	3.918758	-0.012102	3.349627
54.508458	4012.328036	3.923763	-0.012135	3.351590
54.359878	4017.284135	3.928768	-0.012100	3.353460
54.608146	4022.368524	3.933773	-0.012160	3.355416
54.570064	4027.524181	3.938778	-0.012152	3.357371
54.645655	4032.695937	3.943782	-0.012170	3.359341
54.601638	4037.894554	3.948787	-0.012160	3.361309
54.785087	4042.811198	3.953792	-0.012204	3.363191
54.687808	4047.911794	3.958797	-0.012182	3.365115
54.682454	4053.130682	3.963802	-0.012181	3.367091
54.742876	4058.625126	3.968806	-0.012196	3.369176
54.869393	4063.725184	3.973811	-0.012227	3.371118
54.933640	4068.709775	3.978816	-0.012243	3.373008
54.878476	4073.753026	3.983821	-0.012230	3.374908
54.988365	4078.855451	3.988826	-0.012257	3.376846
54.963717	4084.066127	3.993830	-0.012251	3.378810
55.158969	4089.183003	3.998835	-0.012299	3.380759
55.034897	4094.220062	4.003840	-0.012269	3.382646
55.222379	4099.189041	4.008845	-0.012315	3.384536
55.111210	4104.334484	4.013850	-0.012289	3.386463
55.321053	4109.719154	4.018854	-0.012339	3.388509
55.354075	4114.897192	4.023859	-0.012348	3.390460
55.366940	4119.963799	4.028864	-0.012351	3.392366
55.344904	4124.918424	4.033869	-0.012347	3.394225
55.517662	4130.021690	4.038874	-0.012388	3.396158
55.551489	4135.239565	4.043878	-0.012397	3.398119
55.517239	4140.388947	4.048883	-0.012389	3.400047
55.516113	4145.498525	4.053888	-0.012390	3.401962
55.638469	4150.384882	4.058893	-0.012419	3.403804
55.680645	4155.530661	4.063898	-0.012430	3.405735
55.650002	4160.979404	4.068902	-0.012423	3.407771
55.783333	4166.230482	4.073907	-0.012456	3.409747
55.789410	4171.354486	4.078912	-0.012457	3.411663
55.918718	4176.235637	4.083917	-0.012489	3.413498
55.874329	4181.364059	4.088922	-0.012479	3.415409
55.984777	4186.552616	4.093926	-0.012506	3.417355
56.094409	4191.663153	4.098931	-0.012532	3.419272
56.015827	4196.827449	4.103936	-0.012514	3.421189
55.981134	4201.799741	4.108941	-0.012506	3.423038
56.215252	4206.822337	4.113946	-0.012563	3.424930
56.121072	4211.977309	4.118950	-0.012541	3.426839
56.183732	4217.366166	4.123955	-0.012556	3.428849
56.266320	4222.454811	4.128960	-0.012577	3.430748
56.257603	4227.456187	4.133965	-0.012575	3.432605
56.387130	4232.441713	4.138970	-0.012607	3.434468
56.407837	4237.626998	4.143974	-0.012612	3.436394
56.399739	4242.836036	4.148979	-0.012611	3.438325
56.528719	4247.946409	4.153984	-0.012642	3.440232
56.467016	4253.023216	4.158989	-0.012628	3.442106
56.404628	4257.983163	4.163994	-0.012613	3.443937
56.610706	4263.094970	4.168998	-0.012663	3.445848
56.613063	4268.680490	4.174003	-0.012664	3.447914
56.718043	4273.862976	4.179008	-0.012690	3.449839
56.804698	4278.967680	4.184013	-0.012711	3.451733
56.763567	4283.842999	4.189018	-0.012702	3.453529
56.798112	4289.000326	4.194022	-0.012710	3.455435
56.794829	4294.229409	4.199027	-0.012710	3.457363
56.944353	4299.279380	4.204032	-0.012746	3.459239
56.940713	4304.484657	4.209037	-0.012746	3.461156
57.047553	4309.321252	4.214042	-0.012772	3.462947
56.992917	4314.477173	4.219046	-0.012760	3.464839
57.024652	4319.741343	4.224051	-0.012768	3.466778
57.156314	4325.062146	4.229056	-0.012800	3.468746
57.122214	4330.246118	4.234061	-0.012792	3.470647
57.252986	4335.136008	4.239066	-0.012824	3.472455
57.357916	4340.143107	4.244070	-0.012849	3.474302
57.308490	4345.378424	4.249075	-0.012838	3.476218
57.396712	4350.531537	4.254080	-0.012860	3.478115
57.328981	4355.744815	4.259085	-0.012844	3.480019
57.538366	4360.701590	4.264090	-0.012895	3.481853
57.548805	4365.672896	4.269094	-0.012898	3.483674
57.456630	4370.864784	4.274099	-0.012876	3.485565
57.603302	4376.308425	4.279104	-0.012912	3.487568
57.602902	4381.582934	4.284109	-0.012912	3.489495
57.722361	4386.686493	4.289114	-0.012941	3.491370
57.682801	4391.547979	4.294118	-0.012932	3.493141
57.908845	4396.685757	4.299123	-0.012987	3.495036
57.841745	4401.861617	4.304128	-0.012971	3.496917
57.894655	4407.029771	4.309133	-0.012985	3.498805
57.884649	4412.161672	4.314138	-0.012983	3.500674
57.914768	4417.078627	4.319142	-0.012990	3.502466
57.972325	4422.188633	4.324147	-0.013005	3.504331
58.063238	4427.411524	4.329152	-0.013027	3.506238
58.117146	4432.768590	4.334157	-0.013040	3.508190
57.979752	4437.935026	4.339162	-0.013008	3.510054
58.094400	4442.902522	4.344166	-0.013036	3.511868
58.112419	4447.915759	4.349171	-0.013041	3.513689
58.267957	4453.052177	4.354176	-0.013078	3.515566
58.307061	4458.259294	4.359181	-0.013088	3.517457
58.220113	4463.436090	4.364186	-0.013068	3.519324
58.334997	4468.516009	4.369190	-0.013096	3.521174
58.261576	4473.435987	4.374195	-0.013079	3.522948
58.381138	4478.577013	4.379200	-0.013108	3.524818
58.430274	4484.000122	4.384205	-0.013120	3.526783
58.522978	4489.299595	4.389210	-0.013143	3.528707
58.621562	4494.420659	4.394214	-0.013167	3.530565
58.694378	4499.306023	4.399219	-0.013185	3.532335
58.679834	4504.425096	4.404224	-0.013182	3.534180
58.718004	4509.608207	4.409229	-0.013192	3.536052
58.823805	4514.761660	4.414234	-0.013217	3.537919
58.747626	4519.934497	4.419238	-0.013200	3.539775
58.896863	4524.909151	4.424243	-0.013236	3.541580
58.893851	4529.859110	4.429248	-0.013236	3.543360
58.895483	4535.061355	4.434253	-0.013237	3.545231
58.918259	4540.435737	4.439258	-0.013243	3.547165
59.132309	4545.590043	4.444262	-0.013294	3.549036
59.086072	4550.779464	4.449267	-0.013284	3.550895
59.061639	4555.602446	4.454272	-0.013278	3.552624
59.243618	4560.737110	4.459277	-0.013322	3.554482
59.158103	4565.939833	4.464282	-0.013303	3.556339
59.241743	4571.076400	4.469286	-0.013323	3.558187
59.364145	4576.227890	4.474291	-0.013353	3.560043
59.358902	4581.199020	4.479296	-0.013352	3.561822
59.299659	4586.268013	4.484301	-0.013338	3.563630
59.326005	4591.398784	4.489306	-0.013345	3.565467
59.561251	4596.935945	4.494310	-0.013402	3.567467
59.625554	4602.109270	4.499315	-0.013418	3.569320
59.552495	4607.148573	4.504320	-0.013401	3.571113
59.586072	4612.075735	4.509325	-0.013409	3.572874
59.701754	4617.217167	4.514330	-0.013438	3.574718
59.667231	4622.438537	4.519334	-0.013430	3.576576
59.704754	4627.594060	4.524339	-0.013439	3.578416
59.865581	4632.684249	4.529344	-0.013478	3.580243
59.731403	4637.631065	4.534349	-0.013447	3.581992
59.849086	4642.683464	4.539354	-0.013475	3.583799
59.838076	4647.908793	4.544358	-0.013473	3.585656
60.004223	4653.299901	4.549363	-0.013514	3.587587
59.841893	4658.494869	4.554368	-0.013475	3.589418
59.878994	4663.525714	4.559373	-0.013485	3.591207
60.000629	4668.444221	4.564378	-0.013514	3.592963
60.038646	4673.587273	4.569382	-0.013524	3.594790
60.028559	4678.783479	4.574387	-0.013522	3.596631
60.165818	4683.896095	4.579392	-0.013555	3.598454
60.204328	4689.084858	4.584397	-0.013565	3.600295
60.230766	4693.922783	4.589402	-0.013572	3.602010
60.228046	4699.039368	4.594406	-0.013572	3.603819
60.344553	4704.275176	4.599411	-0.013600	3.605681
60.373239	4709.739264	4.604416	-0.013607	3.607614
60.448516	4714.894339	4.609421	-0.013626	3.609442
60.394127	4719.922631	4.614426	-0.013614	3.611212
60.409370	4724.862086	4.619430	-0.013618	3.612956
60.573116	4729.988289	4.624435	-0.013657	3.614778
60.652493	4735.138531	4.629440	-0.013677	3.616601
60.743064	4740.296659	4.634445	-0.013699	3.618426
60.646677	4745.476214	4.639450	-0.013676	3.620242
60.749773	4750.305611	4.644454	-0.013702	3.621950
60.739995	4755.521529	4.649459	-0.013700	3.623784
60.763234	4760.710766	4.654464	-0.013706	3.625611
60.881717	4766.020833	4.659469	-0.013735	3.627487
60.903081	4771.232749	4.664474	-0.013740	3.629320
60.970211	4776.186297	4.669478	-0.013757	3.631065
60.934384	4781.206309	4.674483	-0.013749	3.632824
60.883224	4786.364210	4.679488	-0.013737	3.634628
60.985586	4791.551693	4.684493	-0.013762	3.636456
61.028949	4796.686559	4.689498	-0.013773	3.638259
60.965039	4801.827586	4.694502	-0.013758	3.640054
61.065461	4806.729878	4.699507	-0.013783	3.641778
61.153006	4811.840229	4.704512	-0.013804	3.643574
61.186374	4817.087629	4.709517	-0.013813	3.645412
61.262186	4822.534738	4.714522	-0.013831	3.647322
61.348307	4827.714981	4.719526	-0.013852	3.649139
61.345716	4832.736741	4.724531	-0.013852	3.650892
61.432265	4837.667006	4.729536	-0.013874	3.652620
61.515232	4842.815336	4.734541	-0.013894	3.654423
61.527759	4848.044953	4.739546	-0.013897	3.656248
61.526645	4853.162182	4.744550	-0.013898	3.658031
61.540797	4858.344583	4.749555	-0.013902	3.659838
61.628250	4863.163967	4.754560	-0.013923	3.661523
61.437049	4868.341325	4.759565	-0.013878	3.663309
61.646535	4873.539179	4.764570	-0.013928	3.665134
61.850812	4878.918806	4.769574	-0.013978	3.667021
61.752707	4884.099522	4.774579	-0.013955	3.668813
61.842624	4889.062442	4.779584	-0.013977	3.670544
61.830924	4894.037629	4.784589	-0.013975	3.672271
61.895943	4899.230822	4.789594	-0.013991	3.674078
61.985897	4904.374720	4.794598	-0.014013	3.675869
61.964459	4909.549540	4.799603	-0.014008	3.677661
63.346337	4914.363384	4.804608	-0.014339	3.679443
65.531168	4918.799344	4.809613	-0.014862	3.681160
65.611230	4923.853226	4.814618	-0.014882	3.682916
65.657089	4929.046775	4.819622	-0.014893	3.684716
65.739649	4934.633337	4.824627	-0.014914	3.686655
65.809900	4939.744170	4.829632	-0.014931	3.688427
65.772688	4944.826073	4.834637	-0.014922	3.690179
65.822999	4949.711410	4.839642	-0.014935	3.691870
65.879338	4954.884416	4.844646	-0.014949	3.693660
66.019910	4960.040870	4.849651	-0.014983	3.695450
66.095671	4965.167241	4.854656	-0.015002	3.697224
66.137901	4970.345733	4.859661	-0.015012	3.699012
66.054206	4975.321758	4.864666	-0.014993	3.700719
66.062365	4980.336353	4.869670	-0.014995	3.702446
66.187211	4985.470875	4.874675	-0.015026	3.704223
66.163942	4990.915313	4.879680	-0.015021	3.706093
66.149161	4996.132481	4.884685	-0.015018	3.707886
66.217608	5001.242535	4.889690	-0.015034	3.709647
66.261793	5006.067998	4.894694	-0.015046	3.711308
66.418007	5011.224871	4.899699	-0.015083	3.713091
66.381476	5016.364210	4.904704	-0.015075	3.714852
66.451657	5021.550929	4.909709	-0.015092	3.716636
66.355374	5026.739298	4.914714	-0.015070	3.718407
66.475538	5031.719651	4.919718	-0.015099	3.720123
66.568044	5036.697912	4.924723	-0.015122	3.721836
66.532511	5041.865515	4.929728	-0.015114	3.723602
66.628039	5047.260301	4.934733	-0.015137	3.725455
66.718036	5052.569621	4.939738	-0.015159	3.727278
66.720568	5057.754109	4.944742	-0.015160	3.729051
66.796793	5062.669679	4.949747	-0.015179	3.730736
66.745425	5067.702462	4.954752	-0.015167	3.732451
66.744674	5072.898579	4.959757	-0.015168	3.734224
66.851270	5078.054627	4.964762	-0.015194	3.735992
66.840269	5083.200397	4.969766	-0.015192	3.737746
66.981920	5088.334846	4.974771	-0.015226	3.739507
67.030070	5093.138010	4.979776	-0.015238	3.741148
67.038543	5098.368873	4.984781	-0.015240	3.742930
66.978870	5103.562188	4.989786	-0.015227	3.744693
67.117375	5108.910832	4.994790	-0.015260	3.746523
67.163627	5114.156944	4.999795	-0.015272	3.748311
67.123922	5119.143573	5.004800	-0.015263	3.750003
67.119428	5124.086546	5.009805	-0.015262	3.751682
67.200902	5129.261822	5.014810	-0.015282	3.753446
67.198598	5134.436988	5.019814	-0.015282	3.755202
67.316813	5139.634393	5.024819	-0.015311	3.756975
67.330396	5144.757334	5.029824	-0.015315	3.758713
67.351143	5149.705021	5.034829	-0.015320	3.760392
67.366712	5154.765809	5.039834	-0.015325	3.762108
67.550005	5159.836999	5.044838	-0.015369	3.763840
67.503917	5165.488755	5.049843	-0.015358	3.765749
67.600079	5170.678393	5.054848	-0.015382	3.767512
67.713680	5175.806430	5.059853	-0.015410	3.769255
67.717512	5180.617708	5.064858	-0.015411	3.770882
67.670696	5185.774598	5.069862	-0.015400	3.772621
67.729757	5190.975930	5.074867	-0.015415	3.774382
67.738174	5196.115562	5.079872	-0.015418	3.776117
67.738175	5201.263207	5.084877	-0.015418	3.777854
68.008272	5206.313793	5.089882	-0.015483	3.779578
67.879344	5211.181908	5.094886	-0.015453	3.781209
67.866103	5216.426689	5.099891	-0.015450	3.782975
68.007515	5221.679053	5.104896	-0.015485	3.784755
68.034478	5226.995568	5.109901	-0.015492	3.786547
68.060751	5232.170910	5.114906	-0.015498	3.788290
68.129755	5237.129886	5.119910	-0.015515	3.789963
68.005621	5242.220975	5.124915	-0.015486	3.791665
68.092592	5247.315021	5.129920	-0.015507	3.793383
68.128646	5252.550490	5.134925	-0.015517	3.795145
68.214345	5257.635607	5.139930	-0.015538	3.796858
68.318025	5262.671460	5.144934	-0.015563	3.798556
68.285789	5267.578781	5.149939	-0.015556	3.800199
68.362452	5272.641152	5.154944	-0.015575	3.801902
68.450751	5277.819640	5.159949	-0.015596	3.803645
68.594222	5283.378547	5.164954	-0.015631	3.805517
68.504924	5288.541118	5.169958	-0.015610	3.807239
68.646779	5293.701641	5.174963	-0.015645	3.808977
68.677830	5298.502454	5.179968	-0.015653	3.810585
68.636289	5303.703901	5.184973	-0.015643	3.812321
68.585951	5308.884481	5.189978	-0.015632	3.814048
68.651990	5314.024002	5.194982	-0.015648	3.815770
68.736003	5319.238461	5.199987	-0.015668	3.817517
68.668999	5324.282973	5.204992	-0.015653	3.819196
68.820596	5329.168473	5.209997	-0.015690	3.820837
68.681078	5334.317216	5.215002	-0.015657	3.822543
68.773881	5339.557751	5.220006	-0.015680	3.824297
68.953299	5344.882264	5.225011	-0.015723	3.826084
68.907552	5350.124530	5.230016	-0.015713	3.827826
68.851805	5355.143444	5.235021	-0.015700	3.829492
68.960473	5360.053976	5.240026	-0.015726	3.831134
68.889732	5365.245885	5.245030	-0.015710	3.832855
69.153124	5370.403780	5.250035	-0.015773	3.834590
69.124481	5375.515630	5.255040	-0.015767	3.836286
69.248614	5380.728648	5.260045	-0.015797	3.838026
69.124698	5385.717070	5.265050	-0.015768	3.839673
69.206716	5390.720282	5.270054	-0.015788	3.841339
69.417904	5395.828302	5.275059	-0.015839	3.843049
69.444784	5401.257278	5.280064	-0.015846	3.844851
69.345201	5406.569409	5.285069	-0.015823	3.846603
69.447875	5411.741153	5.290074	-0.015848	3.848324
69.521418	5416.577524	5.295078	-0.015866	3.849930
69.607117	5421.676481	5.300083	-0.015887	3.851624
69.641207	5426.755355	5.305088	-0.015896	3.853307
69.620633	5432.043341	5.310093	-0.015891	3.855053
69.542943	5437.154751	5.315098	-0.015873	3.856737
69.612384	5442.344926	5.320102	-0.015890	3.858456
69.730696	5447.155715	5.325107	-0.015919	3.860054
69.536788	5452.264823	5.330112	-0.015873	3.861725
69.827509	5457.405439	5.335117	-0.015943	3.863443
69.735614	5462.957252	5.340122	-0.015922	3.865267
69.728930	5468.095555	5.345126	-0.015921	3.866960
69.973839	5473.202456	5.350131	-0.015980	3.868660
69.861478	5478.039927	5.355136	-0.015953	3.870245
70.024998	5483.142955	5.360141	-0.015993	3.871937
69.999327	5488.345656	5.365146	-0.015987	3.873647
70.061433	5493.451257	5.370150	-0.016003	3.875330
70.078059	5498.723151	5.375155	-0.016007	3.877065
70.146118	5503.754038	5.380160	-0.016024	3.878723
70.134513	5508.667981	5.385165	-0.016022	3.880336
70.076259	5513.844521	5.390170	-0.016008	3.882031
70.214353	5519.078478	5.395174	-0.016042	3.883759
70.420210	5524.528196	5.400179	-0.016092	3.885562
70.304265	5529.709314	5.405184	-0.016065	3.887252
70.398462	5534.758206	5.410189	-0.016088	3.888913
70.324178	5539.642780	5.415194	-0.016070	3.890508
70.331936	5544.811482	5.420198	-0.016073	3.892201
70.627969	5549.939370	5.425203	-0.016144	3.893901
70.602588	5555.134300	5.430208	-0.016138	3.895599
70.434618	5560.357403	5.435213	-0.016099	3.897295
70.743169	5565.283096	5.440218	-0.016173	3.898927
70.629183	5570.234865	5.445222	-0.016146	3.900537
70.648580	5575.407671	5.450227	-0.016151	3.902228
70.679574	5580.714072	5.455232	-0.016159	3.903962
70.720570	5586.025415	5.460237	-0.016170	3.905698
70.716959	5591.127847	5.465242	-0.016169	3.907362
70.715802	5596.184020	5.470246	-0.016170	3.909011
70.773770	5601.151654	5.475251	-0.016184	3.910634
70.899484	5606.257869	5.480256	-0.016215	3.912306
70.988453	5611.430042	5.485261	-0.016236	3.913997
70.901848	5616.669100	5.490266	-0.016216	3.915696
71.025129	5621.791203	5.495270	-0.016246	3.917371
71.087094	5626.771567	5.500275	-0.016261	3.918995
71.167744	5631.768156	5.505280	-0.016281	3.920625
71.138894	5636.938939	5.510285	-0.016275	3.922303
71.285792	5642.364610	5.515290	-0.016311	3.924076
71.129036	5647.793132	5.520294	-0.016274	3.925827
71.269533	5652.906621	5.525299	-0.016308	3.927497
71.321917	5657.848165	5.530304	-0.016321	3.929103
71.451528	5662.842228	5.535309	-0.016352	3.930732
71.399713	5667.940802	5.540314	-0.016340	3.932380
71.502083	5673.200506	5.545318	-0.016365	3.934091
71.500680	5678.341566	5.550323	-0.016366	3.935756
71.490717	5683.452908	5.555328	-0.016364	3.937410
71.491836	5688.463595	5.560333	-0.016364	3.939031
71.548441	5693.477738	5.565338	-0.016378	3.940657
71.691089	5698.564044	5.570342	-0.016413	3.942311
71.681853	5704.000726	5.575347	-0.016411	3.944067
71.766764	5709.198858	5.580352	-0.016432	3.945752
71.778763	5714.382252	5.585357	-0.016436	3.947427
71.820213	5719.334044	5.590362	-0.016446	3.949027
71.739698	5724.315384	5.595366	-0.016427	3.950629
71.798517	5729.495968	5.600371	-0.016442	3.952303
71.781876	5734.659334	5.605376	-0.016438	3.953966
72.076638	5739.779474	5.610381	-0.016509	3.955637
71.883287	5745.005972	5.615386	-0.016464	3.957306
72.064331	5749.919551	5.620390	-0.016507	3.958901
71.981387	5754.972023	5.625395	-0.016488	3.960521
72.071871	5760.102515	5.630400	-0.016510	3.962177
72.109921	5765.584543	5.635405	-0.016520	3.963943
72.134220	5770.882526	5.640410	-0.016526	3.965647
72.155610	5776.040528	5.645414	-0.016532	3.967305
72.209980	5780.992255	5.650419	-0.016545	3.968899
72.328365	5785.982740	5.655424	-0.016574	3.970509
72.208079	5791.104718	5.660429	-0.016546	3.972144
72.272423	5796.342741	5.665434	-0.016562	3.973828
72.358296	5801.479978	5.670438	-0.016583	3.975481
72.431952	5806.647354	5.675443	-0.016601	3.977142
72.532676	5811.613174	5.680448	-0.016626	3.978740
72.631640	5816.567749	5.685453	-0.016650	3.980333
72.593564	5821.735320	5.690458	-0.016641	3.981984
72.671692	5827.111363	5.695462	-0.016660	3.983709
72.824547	5832.384832	5.700467	-0.016698	3.985406
72.753607	5837.510365	5.705472	-0.016681	3.987039
72.853824	5842.494691	5.710477	-0.016706	3.988639
72.934896	5847.508626	5.715482	-0.016725	3.990246
72.837131	5852.640237	5.720486	-0.016703	3.991877
72.794793	5857.885327	5.725491	-0.016693	3.993548
72.880319	5863.062134	5.730496	-0.016714	3.995205
72.943578	5868.219444	5.735501	-0.016730	3.996854
72.862021	5873.203161	5.740506	-0.016711	3.998437
72.961074	5878.140404	5.745510	-0.016735	4.000017
73.155687	5883.341604	5.750515	-0.016782	4.001686
73.063595	5888.714177	5.755520	-0.016760	4.003390
73.122510	5894.112715	5.760525	-0.016775	4.005112
73.180168	5899.249763	5.765530	-0.016789	4.006750
73.144566	5904.252643	5.770534	-0.016781	4.008338
73.155277	5909.205378	5.775539	-0.016784	4.009913
73.139084	5914.357467	5.780544	-0.016781	4.011548
73.104489	5919.580468	5.785549	-0.016773	4.013205
73.392284	5924.547196	5.790554	-0.016842	4.014801
73.221316	5929.732571	5.795558	-0.016802	4.016434
73.360797	5934.754625	5.800563	-0.016836	4.018037
73.336660	5939.601696	5.805568	-0.016831	4.019572
73.524360	5944.788966	5.810573	-0.016876	4.021228
73.529957	5950.047601	5.815578	-0.016878	4.022894
73.620814	5955.431378	5.820582	-0.016900	4.024605
73.571586	5960.575825	5.825587	-0.016889	4.026230
73.687888	5965.627104	5.830592	-0.016917	4.027836
73.598806	5970.531335	5.835597	-0.016896	4.029381
73.793820	5975.658882	5.840602	-0.016944	4.031015
73.854547	5980.782353	5.845606	-0.016959	4.032638
73.826994	5986.017487	5.850611	-0.016953	4.034290
73.953850	5991.134170	5.855616	-0.016983	4.035914
73.958642	5996.260880	5.860621	-0.016985	4.037533
73.944298	6001.110615	5.865626	-0.016982	4.039062
73.905300	6006.302030	5.870630	-0.016973	4.040697
74.105091	6011.455193	5.875635	-0.017022	4.042334
74.019678	6017.095604	5.880640	-0.017002	4.044106
74.016971	6022.260086	5.885645	-0.017002	4.045733
74.237220	6027.363953	5.890650	-0.017055	4.047354
74.233015	6032.153924	5.895654	-0.017054	4.048862
74.275339	6037.350791	5.900659	-0.017065	4.050499
74.222192	6042.492339	5.905664	-0.017053	4.052113
74.336892	6047.653401	5.910669	-0.017081	4.053743
74.365083	6052.785998	5.915674	-0.017088	4.055358
74.440474	6057.936621	5.920678	-0.017106	4.056980
74.492564	6062.822700	5.925683	-0.017119	4.058518
74.474632	6067.909336	5.930688	-0.017116	4.060113
74.468068	6073.105074	5.935693	-0.017115	4.061743
74.552025	6078.530937	5.940698	-0.017135	4.063450
74.738912	6083.724473	5.945702	-0.017180	4.065090
74.622533	6088.921598	5.950707	-0.017153	4.066711
74.675120	6093.829353	5.955712	-0.017166	4.068252
74.668829	6098.792132	5.960717	-0.017165	4.069806
74.848599	6103.971501	5.965722	-0.017209	4.071438
74.839109	6109.164414	5.970726	-0.017207	4.073062
74.769497	6114.390861	5.975731	-0.017191	4.074692
74.711616	6119.553010	5.980736	-0.017177	4.076302
74.787951	6124.539438	5.985741	-0.017196	4.077866
74.829885	6129.491953	5.990746	-0.017207	4.079415
74.849786	6134.598935	5.995750	-0.017212	4.081011
74.998413	6140.047418	6.000755	-0.017248	4.082722
75.050277	6145.442201	6.005760	-0.017261	4.084408
75.087583	6150.605944	6.010765	-0.017270	4.086021
75.165158	6155.616170	6.015770	-0.017290	4.087588
75.172353	6160.498593	6.020774	-0.017292	4.089110
75.191429	6165.734234	6.025779	-0.017297	4.090742
75.233636	6170.852877	6.030784	-0.017307	4.092339
75.266186	6176.039729	6.035789	-0.017316	4.093955
75.329027	6181.170212	6.040794	-0.017331	4.095556
75.371529	6186.262735	6.045798	-0.017342	4.097142
75.342281	6191.128954	6.050803	-0.017335	4.098653
75.397061	6196.261003	6.055808	-0.017349	4.100252
75.545195	6201.440213	6.060813	-0.017385	4.101870
75.512748	6206.965312	6.065818	-0.017378	4.103584
75.512955	6212.107755	6.070822	-0.017378	4.105180
75.625786	6217.224061	6.075827	-0.017406	4.106775
75.511233	6222.112160	6.080832	-0.017379	4.108284
75.665226	6227.157477	6.085837	-0.017416	4.109858
75.890089	6232.328295	6.090842	-0.017471	4.111475
75.883043	6237.518447	6.095846	-0.017469	4.113082
75.689312	6242.740738	6.100851	-0.017424	4.114687
75.861466	6247.862987	6.105856	-0.017465	4.116284
75.923965	6252.753372	6.110861	-0.017481	4.117801
76.021959	6257.753412	6.115866	-0.017505	4.119354
76.027876	6262.908463	6.120870	-0.017507	4.120948
76.013289	6268.353571	6.125875	-0.017504	4.122630
76.158692	6273.674312	6.130880	-0.017539	4.124284
76.235548	6278.833246	6.135885	-0.017558	4.125882
76.234782	6283.892669	6.140890	-0.017558	4.127444
76.351527	6288.775305	6.145894	-0.017587	4.128958
76.354560	6293.966293	6.150899	-0.017588	4.130559
76.275392	6299.142573	6.155904	-0.017569	4.132151
76.335000	6304.299748	6.160909	-0.017584	4.133744
76.404709	6309.470058	6.165914	-0.017601	4.135342
76.514609	6314.570377	6.170918	-0.017628	4.136920
76.577496	6319.421564	6.175923	-0.017644	4.138417
76.448505	6324.628884	6.180928	-0.017613	4.140012
76.592073	6329.734316	6.185933	-0.017648	4.141592
76.808312	6335.193588	6.190938	-0.017700	4.143284
76.722585	6340.349485	6.195942	-0.017680	4.144864
76.911783	6345.524978	6.200947	-0.017726	4.146466
76.710110	6350.381909	6.205952	-0.017678	4.147946
76.973913	6355.438495	6.210957	-0.017742	4.149515
77.021547	6360.604726	6.215962	-0.017754	4.151103
77.161328	6365.760504	6.220966	-0.017788	4.152694
77.112019	6370.957373	6.225971	-0.017777	4.154285
77.158487	6376.120661	6.230976	-0.017788	4.155871
77.117547	6381.082419	6.235981	-0.017779	4.157389
77.189608	6386.047742	6.240986	-0.017797	4.158915
77.187728	6391.263232	6.245990	-0.017797	4.160512
77.293060	6396.683616	6.250995	-0.017822	4.162178
77.264286	6402.081047	6.256000	-0.017816	4.163828
77.502432	6407.210737	6.261005	-0.017874	4.165412
77.491507	6412.251395	6.266010	-0.017872	4.166953
77.551711	6417.105002	6.271014	-0.017886	4.168440
77.573151	6422.292055	6.276019	-0.017892	4.170026
77.605634	6427.427768	6.281024	-0.017900	4.171597
77.671142	6432.608945	6.286029	-0.017917	4.173183
77.627503	6437.791384	6.291034	-0.017907	4.174762
77.719679	6442.923102	6.296038	-0.017929	4.176333
77.802986	6447.731944	6.301043	-0.017950	4.177805
77.733316	6452.843361	6.306048	-0.017933	4.179359
77.793665	6458.010700	6.311053	-0.017948	4.180938
77.862318	6463.485859	6.316058	-0.017965	4.182610
77.942265	6468.666696	6.321062	-0.017985	4.184192
77.949148	6473.856850	6.326067	-0.017987	4.185773
78.013121	6478.788278	6.331072	-0.018003	4.187277
77.932498	6483.782001	6.336077	-0.017984	4.188791
77.997238	6488.946884	6.341082	-0.018000	4.190366
78.181615	6494.090033	6.346086	-0.018045	4.191940
78.104799	6499.303322	6.351091	-0.018027	4.193520
78.237586	6504.403066	6.356096	-0.018059	4.195077
78.347745	6509.507163	6.361101	-0.018086	4.196633
78.393434	6514.374893	6.366106	-0.018097	4.198113
78.298596	6519.530427	6.371110	-0.018075	4.199672
78.491582	6524.694891	6.376115	-0.018122	4.201249
78.385070	6530.339619	6.381120	-0.018097	4.202954
78.442493	6535.464857	6.386125	-0.018111	4.204511
78.597315	6540.605820	6.391130	-0.018149	4.206078
78.520660	6545.451954	6.396134	-0.018131	4.207541
78.530440	6550.545787	6.401139	-0.018134	4.209083
78.644637	6555.690110	6.406144	-0.018162	4.210647
78.719508	6560.838943	6.411149	-0.018180	4.212209
78.665054	6566.063627	6.416154	-0.018168	4.213785
78.774919	6571.190874	6.421158	-0.018194	4.215341
78.808315	6576.204826	6.426163	-0.018203	4.216858
78.736839	6581.159463	6.431168	-0.018186	4.218351
78.854691	6586.317667	6.436173	-0.018215	4.219915
78.787851	6591.573953	6.441178	-0.018199	4.221498
78.933446	6596.926246	6.446182	-0.018235	4.223121
78.995942	6602.104301	6.451187	-0.018250	4.224687
78.975224	6607.250825	6.456192	-0.018246	4.226237
78.889493	6612.071035	6.461197	-0.018226	4.227685
78.927890	6617.233505	6.466202	-0.018235	4.229242
78.924567	6622.382169	6.471206	-0.018235	4.230793
79.070940	6627.580333	6.476211	-0.018271	4.232366
78.982532	6632.720317	6.481216	-0.018250	4.233908
79.197932	6637.839411	6.486221	-0.018302	4.235460
79.230682	6642.837067	6.491226	-0.018310	4.236965
79.288017	6647.792265	6.496230	-0.018325	4.238458
79.474190	6652.960109	6.501235	-0.018370	4.240022
79.414446	6658.392783	6.506240	-0.018356	4.241650
79.470780	6663.817512	6.511245	-0.018370	4.243282
79.473927	6669.006010	6.516250	-0.018371	4.244840
79.440992	6674.033764	6.521254	-0.018364	4.246347
79.504580	6678.890555	6.526259	-0.018380	4.247807
79.542196	6684.015447	6.531264	-0.018389	4.249346
79.456403	6689.211878	6.536269	-0.018369	4.250899
79.599220	6694.416090	6.541274	-0.018404	4.252466
79.665160	6699.521369	6.546278	-0.018420	4.253999
79.717928	6704.725956	6.551283	-0.018433	4.255560
79.709172	6709.631325	6.556288	-0.018432	4.257028
79.812079	6714.487671	6.561293	-0.018457	4.258487
79.834161	6719.622267	6.566298	-0.018462	4.260024
79.772558	6724.995179	6.571302	-0.018448	4.261627
79.933423	6730.308561	6.576307	-0.018487	4.263224
79.916886	6735.505434	6.581312	-0.018484	4.264776
79.909182	6740.472472	6.586317	-0.018482	4.266259
80.046236	6745.399894	6.591322	-0.018516	4.267737
80.073382	6750.546824	6.596326	-0.018523	4.269275
80.148707	6755.720938	6.601331	-0.018541	4.270823
80.058272	6760.922374	6.606336	-0.018520	4.272369
80.077342	6766.070168	6.611341	-0.018525	4.273905
80.290308	6771.205836	6.616346	-0.018577	4.275447
80.347996	6776.028210	6.621350	-0.018591	4.276887
80.254618	6781.164149	6.626355	-0.018569	4.278411
80.197089	6786.364285	6.631360	-0.018556	4.279956
80.316775	6791.820039	6.636365	-0.018585	4.281586
80.550227	6797.116644	6.641370	-0.018641	4.283175
80.468466	6802.247375	6.646374	-0.018622	4.284696
80.513619	6807.288548	6.651379	-0.018634	4.286197
80.600023	6812.184955	6.656384	-0.018655	4.287657
80.576658	6817.370899	6.661389	-0.018650	4.289196
80.518901	6822.555758	6.666394	-0.018636	4.290733
80.665265	6827.670098	6.671398	-0.018672	4.292259
80.692945	6832.872982	6.676403	-0.018679	4.293804
80.725731	6838.015724	6.681408	-0.018687	4.295332
80.766837	6842.880718	6.686413	-0.018698	4.296776
80.875481	6847.971617	6.691418	-0.018724	4.298292
80.921447	6853.099373	6.696422	-0.018736	4.299814
80.952344	6858.501681	6.701427	-0.018744	4.301415
80.956354	6863.780313	6.706432	-0.018745	4.302979
80.975468	6868.902936	6.711437	-0.018750	4.304496
81.117154	6874.026445	6.716442	-0.018785	4.306020
81.073188	6878.903832	6.721446	-0.018775	4.307460
81.144180	6884.049516	6.726451	-0.018792	4.308985
81.223893	6889.215480	6.731456	-0.018812	4.310517
81.140538	6894.409711	6.736461	-0.018792	4.312047
81.307718	6899.552385	6.741466	-0.018833	4.313575
81.308230	6904.725029	6.746470	-0.018833	4.315102
81.134759	6909.720531	6.751475	-0.018792	4.316567
81.261645	6914.681514	6.756480	-0.018823	4.318038
81.294927	6919.834314	6.761485	-0.018832	4.319560
81.434035	6925.230732	6.766490	-0.018866	4.321158
81.400333	6930.625477	6.771494	-0.018858	4.322747
81.289091	6935.867103	6.776499	-0.018832	4.324285
81.586021	6940.836108	6.781504	-0.018903	4.325765
81.500664	6945.707471	6.786509	-0.018884	4.327194
81.496106	6950.897420	6.791514	-0.018883	4.328721
81.594255	6956.037168	6.796518	-0.018907	4.330239
81.588289	6961.270325	6.801523	-0.018906	4.331778
81.672088	6966.389871	6.806528	-0.018927	4.333288
81.619572	6971.521695	6.811533	-0.018915	4.334793
81.744851	6976.443710	6.816538	-0.018945	4.336246
81.848334	6981.434187	6.821542	-0.018970	4.337717
81.889902	6986.622926	6.826547	-0.018981	4.339243
81.900342	6991.872468	6.831552	-0.018984	4.340785
81.896937	6997.260542	6.836557	-0.018983	4.342365
82.016236	7002.460714	6.841562	-0.019013	4.343897
81.904177	7007.626739	6.846566	-0.018986	4.345405
81.963711	7012.365419	6.851571	-0.019001	4.346797
81.797408	7017.551259	6.856576	-0.018962	4.348308
81.941090	7022.680565	6.861581	-0.018997	4.349818
82.140317	7027.880375	6.866586	-0.019045	4.351351
82.157841	7032.988616	6.871590	-0.019049	4.352847
82.159161	7038.182714	6.876595	-0.019050	4.354367
82.101643	7043.193018	6.881600	-0.019037	4.355829
82.179341	7048.084002	6.886605	-0.019056	4.357264
82.269061	7053.333362	6.891610	-0.019078	4.358803
82.257518	7058.550839	6.896614	-0.019076	4.360327
82.369340	7064.117398	6.901619	-0.019103	4.361959
82.490359	7069.234141	6.906624	-0.019133	4.363459
82.479530	7074.423919	6.911629	-0.019131	4.364973
82.550910	7079.238712	6.916634	-0.019148	4.366382
82.533201	7084.314398	6.921638	-0.019144	4.367861
82.565728	7089.506837	6.926643	-0.019153	4.369377
82.515601	7094.708695	6.931648	-0.019141	4.370891
82.578340	7099.812425	6.936653	-0.019157	4.372381
82.740517	7104.972670	6.941658	-0.019196	4.373893
82.739627	7110.040088	6.946662	-0.019196	4.375368
82.784258	7114.912116	6.951667	-0.019207	4.376789
82.855027	7120.068572	6.956672	-0.019225	4.378293
82.773484	7125.189055	6.961677	-0.019206	4.379778
82.788271	7130.735090	6.966682	-0.019210	4.381391
82.843091	7135.907430	6.971686	-0.019224	4.382898
82.968093	7141.075273	6.976691	-0.019254	4.384406
82.893979	7146.021989	6.981696	-0.019237	4.385839
82.933689	7150.977621	6.986701	-0.019247	4.387280
83.034816	7156.195916	6.991706	-0.019271	4.388800
83.094757	7161.322358	6.996710	-0.019286	4.390291
83.131621	7166.452583	7.001715	-0.019296	4.391781
83.237045	7171.674465	7.006720	-0.019321	4.393301
83.080312	7176.858292	7.011725	-0.019284	4.394795
83.230827	7181.692052	7.016730	-0.019321	4.396204
83.393720	7186.712724	7.021734	-0.019360	4.397667
83.439325	7191.929859	7.026739	-0.019372	4.399180
83.520622	7197.434687	7.031744	-0.019392	4.400778
83.433772	7202.819659	7.036749	-0.019372	4.402332
83.445701	7207.987972	7.041754	-0.019375	4.403828
83.475349	7212.963745	7.046758	-0.019382	4.405268
83.359749	7217.885152	7.051763	-0.019355	4.406685
83.465766	7223.074102	7.056768	-0.019381	4.408190
83.585342	7228.177042	7.061773	-0.019410	4.409671
83.535498	7233.385615	7.066778	-0.019399	4.411172
83.589520	7238.445398	7.071782	-0.019412	4.412636
83.580119	7243.716216	7.076787	-0.019411	4.414157
83.705642	7248.653024	7.081792	-0.019441	4.415587
83.656815	7253.617211	7.086797	-0.019430	4.417017
83.702808	7258.793487	7.091802	-0.019441	4.418511
83.737901	7263.983226	7.096806	-0.019450	4.420009
83.692369	7269.487139	7.101811	-0.019440	4.421593
83.718243	7274.625777	7.106816	-0.019447	4.423074
83.837080	7279.769118	7.111821	-0.019476	4.424561
83.949578	7284.624617	7.116826	-0.019503	4.425964
84.017487	7289.633946	7.121830	-0.019520	4.427409
83.940732	7294.847572	7.126835	-0.019502	4.428905
84.049455	7300.078882	7.131840	-0.019528	4.430415
84.020693	7305.154983	7.136845	-0.019522	4.431872
84.241879	7310.315586	7.141850	-0.019576	4.433367
84.263139	7315.440577	7.146854	-0.019581	4.434840
84.167357	7320.361817	7.151859	-0.019559	4.436248
84.273090	7325.413199	7.156864	-0.019584	4.437704
84.382511	7330.555931	7.161869	-0.019611	4.439185
84.428312	7336.218876	7.166874	-0.019623	4.440812
84.426413	7341.390360	7.171878	-0.019623	4.442295
84.460160	7346.577981	7.176883	-0.019631	4.443784
84.524457	7351.622504	7.181888	-0.019647	4.445233
84.485682	7356.511360	7.186893	-0.019638	4.446631
84.642730	7361.656215	7.191898	-0.019677	4.448113
84.638677	7366.780985	7.196902	-0.019676	4.449580
84.634697	7372.047079	7.201907	-0.019676	4.451087
84.751840	7377.193291	7.206912	-0.019704	4.452565
84.636396	7382.317629	7.211917	-0.019677	4.454025
84.726414	7387.255802	7.216922	-0.019699	4.455441
84.813701	7392.240842	7.221926	-0.019720	4.456871
84.833602	7397.453489	7.226931	-0.019726	4.458361
84.889454	7402.702047	7.231936	-0.019740	4.459863
84.952501	7408.063769	7.236941	-0.019755	4.461397
85.073656	7413.252030	7.241946	-0.019785	4.462884
85.057990	7418.413404	7.246950	-0.019781	4.464356
85.003582	7423.264693	7.251955	-0.019769	4.465737
85.031214	7428.314503	7.256960	-0.019776	4.467179
85.086306	7433.521089	7.261965	-0.019790	4.468666
85.056904	7438.762750	7.266970	-0.019783	4.470158
85.064168	7443.850715	7.271974	-0.019785	4.471608
85.177493	7449.034844	7.276979	-0.019813	4.473090
85.121527	7454.215010	7.281984	-0.019800	4.474562
85.124793	7458.998208	7.286989	-0.019801	4.475924
85.304216	7464.125472	7.291994	-0.019845	4.477391
85.284372	7469.331798	7.296998	-0.019841	4.478871
85.302765	7474.831936	7.302003	-0.019846	4.480436
85.422786	7479.973669	7.307008	-0.019875	4.481903
85.293434	7485.162404	7.312013	-0.019844	4.483371
85.379723	7490.226529	7.317018	-0.019866	4.484814
85.409957	7495.030366	7.322022	-0.019873	4.486179
85.513850	7500.187074	7.327027	-0.019899	4.487648
85.496561	7505.405991	7.332032	-0.019895	4.489128
85.644467	7510.528845	7.337037	-0.019931	4.490589
85.622136	7515.677186	7.342042	-0.019926	4.492048
85.756289	7520.806910	7.347046	-0.019959	4.493509
85.867801	7525.814423	7.352051	-0.019986	4.494933
85.802885	7530.706146	7.357056	-0.019971	4.496316
85.840688	7535.902565	7.362061	-0.019980	4.497789
85.848650	7541.109120	7.367066	-0.019983	4.499264
85.997368	7546.548135	7.372070	-0.020019	4.500811
86.122021	7551.695211	7.377075	-0.020049	4.502273
86.086957	7556.890066	7.382080	-0.020041	4.503741
86.151741	7561.725004	7.387085	-0.020057	4.505111
86.139887	7566.719222	7.392090	-0.020055	4.506522
86.219517	7571.967915	7.397094	-0.020075	4.508009
86.326645	7577.079929	7.402099	-0.020101	4.509458
86.309307	7582.172797	7.407104	-0.020097	4.510896
86.292891	7587.400962	7.412109	-0.020094	4.512371
86.352539	7592.665477	7.417114	-0.020108	4.513859
86.372649	7597.412736	7.422118	-0.020114	4.515200
86.437772	7602.521334	7.427123	-0.020130	4.516643
86.448456	7607.706163	7.432128	-0.020133	4.518106
86.588655	7613.063491	7.437133	-0.020167	4.519623
86.530427	7618.594799	7.442138	-0.020154	4.521178
86.503323	7623.722513	7.447142	-0.020148	4.522621
86.673489	7628.816283	7.452147	-0.020189	4.524064
86.820095	7633.580700	7.457152	-0.020224	4.525412
86.765104	7638.756786	7.462157	-0.020212	4.526866
86.665797	7643.905364	7.467162	-0.020188	4.528309
86.779709	7649.102887	7.472166	-0.020216	4.529776
86.863816	7654.243840	7.477171	-0.020237	4.531225
86.833439	7659.264627	7.482176	-0.020230	4.532635
86.881484	7664.289337	7.487181	-0.020242	4.534049
86.944063	7669.143088	7.492186	-0.020258	4.535415
87.032032	7674.292100	7.497190	-0.020279	4.536865
86.971375	7679.459937	7.502195	-0.020265	4.538313
86.960954	7684.874707	7.507200	-0.020263	4.539832
87.022804	7690.195689	7.512205	-0.020278	4.541327
87.218648	7695.339002	7.517210	-0.020326	4.542778
87.195719	7700.346841	7.522214	-0.020321	4.544181
87.164745	7705.194884	7.527219	-0.020314	4.545538
87.249961	7710.370483	7.532224	-0.020335	4.546992
87.368075	7715.511057	7.537229	-0.020364	4.548437
87.307799	7720.801270	7.542234	-0.020350	4.549916
87.385436	7725.901740	7.547238	-0.020369	4.551347
87.356751	7731.108588	7.552243	-0.020362	4.552802
87.431662	7736.113425	7.557248	-0.020381	4.554206
87.423978	7740.961583	7.562253	-0.020380	4.555561
87.485546	7746.220809	7.567258	-0.020395	4.557034
87.625073	7751.307908	7.572262	-0.020429	4.558462
87.517841	7756.996460	7.577267	-0.020404	4.560046
87.607764	7762.260688	7.582272	-0.020426	4.561520
87.694185	7767.350498	7.587277	-0.020447	4.562945
87.709207	7772.363108	7.592282	-0.020451	4.564345
87.661444	7777.249975	7.597286	-0.020440	4.565706
87.772954	7782.436648	7.602291	-0.020467	4.567157
87.677008	7787.622285	7.607296	-0.020445	4.568599
87.674777	7792.768310	7.612301	-0.020445	4.570033
87.944010	7797.931735	7.617306	-0.020510	4.571484
87.903007	7803.112089	7.622310	-0.020500	4.572925
87.998798	7808.019262	7.627315	-0.020524	4.574296
87.963652	7813.002177	7.632320	-0.020516	4.575682
87.998321	7818.154644	7.637325	-0.020525	4.577117
88.148505	7823.293147	7.642330	-0.020561	4.578554
88.111058	7828.853668	7.647334	-0.020553	4.580099
88.107148	7833.990515	7.652339	-0.020552	4.581527
88.224954	7839.187677	7.657344	-0.020581	4.582976
88.140745	7844.108276	7.662349	-0.020561	4.584340
88.063242	7849.065189	7.667354	-0.020543	4.585713
88.200464	7854.261739	7.672358	-0.020577	4.587162
88.191722	7859.393809	7.677363	-0.020575	4.588587
88.273632	7864.601577	7.682368	-0.020595	4.590036
88.295977	7869.768946	7.687373	-0.020601	4.591470
88.332412	7874.915377	7.692378	-0.020610	4.592899
88.332749	7879.905990	7.697382	-0.020611	4.594283
88.409876	7884.769589	7.702387	-0.020630	4.595634
88.394121	7890.001322	7.707392	-0.020626	4.597083
88.655624	7895.140106	7.712397	-0.020689	4.598518
88.491251	7900.848050	7.717402	-0.020651	4.600092
88.396286	7906.031140	7.722406	-0.020628	4.601522
88.553277	7911.127636	7.727411	-0.020667	4.602939
88.618184	7916.080370	7.732416	-0.020683	4.604312
88.710019	7921.013313	7.737421	-0.020705	4.605681
88.735921	7926.211380	7.742426	-0.020712	4.607119
88.721114	7931.445890	7.747430	-0.020709	4.608565
88.821219	7936.536942	7.752435	-0.020733	4.609976
88.830832	7941.773032	7.757440	-0.020736	4.611423
88.830771	7946.818960	7.762445	-0.020736	4.612816
88.891760	7951.858856	7.767450	-0.020752	4.614210
88.965804	7956.757894	7.772454	-0.020770	4.615566
88.873546	7961.953336	7.777459	-0.020748	4.616995
88.956952	7967.195766	7.782464	-0.020769	4.618445
88.989235	7972.638329	7.787469	-0.020777	4.619947
89.019082	7977.867812	7.792474	-0.020785	4.621389
89.056947	7982.980930	7.797478	-0.020794	4.622800
89.040967	7987.922858	7.802483	-0.020791	4.624160
89.059783	7992.934380	7.807488	-0.020796	4.625541
89.199102	7998.058606	7.812493	-0.020830	4.626958
89.167918	8003.241144	7.817498	-0.020823	4.628383
89.304753	8008.408703	7.822502	-0.020856	4.629810
89.267699	8013.610133	7.827507	-0.020848	4.631239
89.467383	8018.710754	7.832512	-0.020896	4.632651
89.491389	8023.640985	7.837517	-0.020902	4.634007
89.374526	8028.650727	7.842522	-0.020875	4.635378
89.436773	8033.840361	7.847526	-0.020890	4.636807
89.495169	8039.075432	7.852531	-0.020905	4.638247
89.515553	8044.703754	7.857536	-0.020910	4.639793
89.527339	8049.938231	7.862541	-0.020913	4.641230
89.537745	8054.993591	7.867546	-0.020916	4.642617
89.573204	8059.974783	7.872550	-0.020925	4.643985
89.672382	8064.850592	7.877555	-0.020950	4.645326
89.648922	8070.072984	7.882560	-0.020944	4.646757
89.682544	8075.189980	7.887565	-0.020953	4.648160
89.758045	8080.410218	7.892570	-0.020972	4.649594
89.714796	8085.492299	7.897574	-0.020962	4.650984
89.802468	8090.696718	7.902579	-0.020983	4.652412
89.950188	8095.638912	7.907584	-0.021019	4.653771
89.938534	8100.548279	7.912589	-0.021017	4.655114
89.922783	8105.823852	7.917594	-0.021014	4.656556
89.875644	8110.944968	7.922598	-0.021003	4.657955
89.884960	8116.559069	7.927603	-0.021006	4.659490
90.027600	8121.613699	7.932608	-0.021040	4.660877
90.113948	8126.760973	7.937613	-0.021061	4.662287
90.062303	8131.746176	7.942618	-0.021049	4.663646
90.074368	8136.706861	7.947622	-0.021053	4.665001
90.157232	8141.819246	7.952627	-0.021073	4.666400
90.341244	8146.997529	7.957632	-0.021118	4.667821
90.344811	8152.151744	7.962637	-0.021119	4.669227
90.348929	8157.334909	7.967642	-0.021121	4.670641
90.428170	8162.455279	7.972646	-0.021140	4.672040
90.437227	8167.465520	7.977651	-0.021143	4.673406
90.340198	8172.419201	7.982656	-0.021120	4.674752
90.369052	8177.500347	7.987661	-0.021127	4.676137
90.311411	8182.751214	7.992666	-0.021114	4.677564
90.544907	8188.411694	7.997670	-0.021171	4.679115
90.701410	8193.584596	8.002675	-0.021208	4.680529
90.681116	8198.741666	8.007680	-0.021204	4.681931
90.554901	8203.808705	8.012685	-0.021174	4.683304
90.721770	8208.647076	8.017690	-0.021215	4.684627
90.753515	8213.844286	8.022694	-0.021223	4.686041
90.753966	8218.989289	8.027699	-0.021224	4.687439
90.755151	8224.213879	8.032704	-0.021224	4.688858
90.787172	8229.329527	8.037709	-0.021233	4.690248
90.842440	8234.531694	8.042714	-0.021246	4.691663
91.134472	8239.538036	8.047718	-0.021317	4.693034
90.937709	8244.355040	8.052723	-0.021270	4.694333
91.051393	8249.586221	8.057728	-0.021298	4.695756
91.018511	8254.730914	8.062733	-0.021290	4.697150
91.039482	8260.158011	8.067738	-0.021296	4.698622
91.116462	8265.404266	8.072742	-0.021315	4.700047
91.180148	8270.591926	8.077747	-0.021331	4.701455
91.145084	8275.733967	8.082752	-0.021323	4.702846
91.257793	8280.450198	8.087757	-0.021350	4.704128
91.275012	8285.609116	8.092762	-0.021355	4.705525
91.294660	8290.789974	8.097766	-0.021360	4.706927
91.377809	8295.984659	8.102771	-0.021380	4.708336
91.435665	8301.138582	8.107776	-0.021395	4.709732
91.434891	8306.313344	8.112781	-0.021395	4.711131
91.339103	8311.539867	8.117786	-0.021373	4.712540
91.261414	8316.290211	8.122790	-0.021355	4.713820
91.437520	8321.397582	8.127795	-0.021397	4.715207
91.451101	8326.498716	8.132800	-0.021401	4.716585
91.610934	8331.920460	8.137805	-0.021440	4.718055
91.771936	8337.434018	8.142810	-0.021479	4.719550
91.661692	8342.628025	8.147814	-0.021453	4.720946
91.775353	8347.707591	8.152819	-0.021481	4.722321
91.848248	8352.677844	8.157824	-0.021499	4.723664
91.910933	8357.574616	8.162829	-0.021514	4.724987
92.025329	8362.812622	8.167834	-0.021542	4.726403
91.959652	8367.908894	8.172838	-0.021527	4.727773
91.970872	8373.155084	8.177843	-0.021530	4.729186
91.960377	8378.339996	8.182848	-0.021528	4.730582
91.989610	8383.440436	8.187853	-0.021535	4.731956
91.977305	8388.478958	8.192858	-0.021533	4.733311
92.044784	8393.318946	8.197862	-0.021550	4.734616
92.123142	8398.562720	8.202867	-0.021569	4.736029
92.248052	8403.717511	8.207872	-0.021599	4.737420
92.213012	8409.303179	8.212877	-0.021592	4.738920
92.265313	8414.423184	8.217882	-0.021605	4.740298
92.203909	8419.624396	8.222886	-0.021590	4.741692
92.444348	8424.542678	8.227891	-0.021648	4.743022
92.395965	8429.476259	8.232896	-0.021637	4.744345
92.291756	8434.621936	8.237901	-0.021613	4.745722
92.431866	8439.758432	8.242906	-0.021647	4.747105
92.453902	8444.987313	8.247910	-0.021653	4.748509
92.426396	8450.070204	8.252915	-0.021647	4.749871
92.631523	8455.336785	8.257920	-0.021696	4.751290
92.486468	8460.339840	8.262925	-0.021662	4.752625
92.494423	8465.220258	8.267930	-0.021664	4.753933
92.718277	8470.391929	8.272934	-0.021718	4.755327
92.557700	8475.588050	8.277939	-0.021681	4.756712
92.846153	8481.071783	8.282944	-0.021750	4.758191
92.713738	8486.352032	8.287949	-0.021719	4.759599
92.727578	8491.576113	8.292954	-0.021723	4.760997
92.819527	8496.688678	8.297958	-0.021745	4.762368
92.768459	8501.472196	8.302963	-0.021734	4.763645
92.855923	8506.583626	8.307968	-0.021755	4.765014
92.934834	8511.819337	8.312973	-0.021774	4.766417
93.031509	8516.947641	8.317978	-0.021798	4.767790
92.920810	8522.103107	8.322982	-0.021772	4.769163
92.977305	8527.269510	8.327987	-0.021786	4.770544
92.856009	8532.379149	8.332992	-0.021758	4.771903
93.007485	8537.364990	8.337997	-0.021794	4.773239
93.046864	8542.332322	8.343002	-0.021804	4.774566
93.098953	8547.607147	8.348006	-0.021817	4.775975
93.182508	8552.778237	8.353011	-0.021838	4.777356
93.184148	8558.253317	8.358016	-0.021839	4.778816
93.232698	8563.396277	8.363021	-0.021851	4.780188
93.166185	8568.544527	8.368026	-0.021835	4.781556
93.210428	8573.592576	8.373030	-0.021846	4.782902
93.423272	8578.384224	8.378035	-0.021898	4.784186
93.419672	8583.642652	8.383040	-0.021897	4.785585
93.382681	8588.785386	8.388045	-0.021889	4.786952
93.429046	8593.987977	8.393050	-0.021901	4.788338
93.564392	8599.156938	8.398054	-0.021934	4.789717
93.650154	8604.291116	8.403059	-0.021955	4.791085
93.631869	8609.394773	8.408064	-0.021951	4.792441
93.581925	8614.252910	8.413069	-0.021939	4.793730
93.667015	8619.383303	8.418074	-0.021960	4.795096
93.660361	8624.576577	8.423078	-0.021959	4.796474
93.650693	8630.129376	8.428083	-0.021957	4.797948
93.729297	8635.500604	8.433088	-0.021977	4.799376
93.771526	8640.643260	8.438093	-0.021987	4.800742
93.757850	8645.770668	8.443098	-0.021985	4.802101
93.746241	8650.617764	8.448102	-0.021982	4.803386
93.799563	8655.601771	8.453107	-0.021996	4.804709
93.860590	8660.833517	8.458112	-0.022011	4.806098
93.817495	8666.047458	8.463117	-0.022001	4.807477
94.029429	8671.190004	8.468122	-0.022052	4.808847
94.032416	8676.368535	8.473126	-0.022053	4.810219
94.046391	8681.478560	8.478131	-0.022057	4.811572
94.061271	8686.382216	8.483136	-0.022061	4.812870
94.323295	8691.333564	8.488141	-0.022124	4.814189
94.292402	8696.527417	8.493146	-0.022117	4.815562
94.294797	8701.734560	8.498150	-0.022119	4.816939
94.274141	8707.251245	8.503155	-0.022114	4.818396
94.197239	8712.394672	8.508160	-0.022096	4.819752
94.190196	8717.618307	8.513165	-0.022095	4.821132
94.334377	8722.560790	8.518170	-0.022130	4.822442
94.415867	8727.428346	8.523174	-0.022150	4.823731
94.413604	8732.630803	8.528179	-0.022150	4.825104
94.356534	8737.777370	8.533184	-0.022137	4.826460
94.434132	8742.981002	8.538189	-0.022156	4.827835
94.472062	8748.085152	8.543194	-0.022166	4.829183
94.576678	8753.218094	8.548198	-0.022191	4.830540
94.545765	8758.410608	8.553203	-0.022184	4.831907
94.617431	8763.209824	8.558208	-0.022202	4.833174
94.530737	8768.362005	8.563213	-0.022182	4.834528
94.605770	8773.554643	8.568218	-0.022200	4.835899
94.683728	8778.936944	8.573223	-0.022219	4.837318
94.753770	8784.407373	8.578227	-0.022237	4.838761
94.846444	8789.622342	8.583232	-0.022259	4.840136
94.864821	8794.715035	8.588237	-0.022264	4.841477
94.947007	8799.600786	8.593242	-0.022284	4.842764
94.918621	8804.561431	8.598247	-0.022278	4.844068
94.869983	8809.603436	8.603251	-0.022267	4.845391
94.892723	8814.752167	8.608256	-0.022273	4.846745
94.974912	8819.974931	8.613261	-0.022293	4.848120
95.033857	8825.107301	8.618266	-0.022308	4.849470
95.103217	8830.202807	8.623271	-0.022325	4.850810
95.077450	8835.271256	8.628275	-0.022319	4.852139
95.081451	8840.173947	8.633280	-0.022320	4.853426
95.038295	8845.279656	8.638285	-0.022311	4.854764
95.155130	8850.483767	8.643290	-0.022339	4.856133
95.303995	8855.949371	8.648295	-0.022375	4.857571
95.289432	8861.185370	8.653299	-0.022372	4.858943
95.233219	8866.409502	8.658304	-0.022359	4.860310
95.144740	8871.483366	8.663309	-0.022339	4.861635
95.273808	8876.218738	8.668314	-0.022370	4.862880
95.401482	8881.425446	8.673319	-0.022401	4.864248
95.448266	8886.545717	8.678323	-0.022413	4.865590
95.446367	8891.731356	8.683328	-0.022413	4.866947
95.649569	8896.856984	8.688333	-0.022462	4.868295
95.671125	8902.061432	8.693338	-0.022468	4.869656
95.613412	8907.235162	8.698343	-0.022454	4.871007
95.595236	8912.160021	8.703347	-0.022451	4.872294
95.583494	8917.140268	8.708352	-0.022448	4.873595
95.635390	8922.358215	8.713357	-0.022461	4.874960
95.683636	8927.496834	8.718362	-0.022473	4.876303
95.864568	8933.208480	8.723367	-0.022517	4.877801
95.808915	8938.434816	8.728371	-0.022504	4.879163
95.861566	8943.600054	8.733376	-0.022517	4.880513
95.838316	8948.621405	8.738381	-0.022512	4.881822
95.914402	8953.354089	8.743386	-0.022531	4.883059
95.993285	8958.610967	8.748391	-0.022550	4.884432
96.030664	8963.741977	8.753395	-0.022560	4.885771
95.954078	8968.966463	8.758400	-0.022542	4.887129
96.110140	8974.091519	8.763405	-0.022580	4.888470
96.076249	8979.286753	8.768410	-0.022572	4.889822
96.119032	8984.392755	8.773415	-0.022583	4.891153
96.190775	8989.255152	8.778419	-0.022601	4.892421
96.123369	8994.339087	8.783424	-0.022585	4.893741
96.209447	8999.499816	8.788429	-0.022606	4.895087
96.126251	9004.731484	8.793434	-0.022587	4.896445
96.330321	9010.226372	8.798439	-0.022636	4.897881
96.273209	9015.295358	8.803443	-0.022623	4.899196
96.449020	9020.560484	8.808448	-0.022666	4.900571
96.430317	9025.530975	8.813453	-0.022662	4.901861
96.514551	9030.366425	8.818458	-0.022682	4.903120
96.609766	9035.527566	8.823463	-0.022705	4.904463
96.341865	9040.728825	8.828467	-0.022642	4.905804
96.549688	9045.929576	8.833472	-0.022692	4.907161
96.576676	9051.060755	8.838477	-0.022699	4.908493
96.572326	9056.282965	8.843482	-0.022699	4.909848
96.633881	9061.415998	8.848487	-0.022714	4.911181
96.451672	9066.169561	8.853491	-0.022671	4.912407
96.592434	9071.309259	8.858496	-0.022705	4.913744
96.649177	9076.438599	8.863501	-0.022719	4.915074
96.810587	9081.712246	8.868506	-0.022758	4.916446
96.816466	9087.380523	8.873511	-0.022760	4.917914
96.802199	9092.534483	8.878515	-0.022757	4.919248
96.838495	9097.673533	8.883520	-0.022766	4.920579
96.786387	9102.643373	8.888525	-0.022754	4.921863
96.962180	9107.608714	8.893530	-0.022797	4.923153
96.924923	9112.753079	8.898535	-0.022789	4.924482
96.906643	9117.897544	8.903539	-0.022785	4.925812
96.969204	9123.171745	8.908544	-0.022800	4.927177
96.958809	9128.255154	8.913549	-0.022798	4.928490
97.060421	9133.431655	8.918554	-0.022823	4.929831
97.036422	9138.517169	8.923559	-0.022818	4.931143
97.076803	9143.371893	8.928563	-0.022828	4.932398
97.068042	9148.500406	8.933568	-0.022826	4.933721
97.218487	9153.621677	8.938573	-0.022863	4.935048
97.177603	9158.839444	8.943578	-0.022854	4.936392
97.250459	9164.336850	8.948583	-0.022872	4.937813
97.235562	9169.512983	8.953587	-0.022869	4.939147
97.370075	9174.645711	8.958592	-0.022901	4.940474
97.426802	9179.632403	8.963597	-0.022915	4.941761
97.339744	9184.563861	8.968602	-0.022895	4.943029
97.301663	9189.704817	8.973607	-0.022886	4.944351
97.483099	9194.765446	8.978611	-0.022930	4.945660
97.520926	9200.110422	8.983616	-0.022940	4.947038
97.494802	9205.209120	8.988621	-0.022934	4.948349
97.377841	9210.473771	8.993626	-0.022907	4.949699
97.573223	9215.596486	8.998631	-0.022954	4.951023
97.670496	9220.334933	9.003635	-0.022978	4.952245
97.648530	9225.465190	9.008640	-0.022973	4.953563
97.701188	9230.690513	9.013645	-0.022986	4.954908
97.711696	9236.013813	9.018650	-0.022989	4.956276
97.972517	9241.575234	9.023655	-0.023052	4.957713
97.887982	9246.708230	9.028659	-0.023032	4.959028
97.892170	9251.866513	9.033664	-0.023034	4.960353
97.913461	9256.803789	9.038669	-0.023039	4.961620
98.109668	9261.689632	9.043674	-0.023087	4.962880
97.902024	9266.962896	9.048679	-0.023038	4.964226
97.798423	9272.036799	9.053683	-0.023013	4.965524
98.056826	9277.281602	9.058688	-0.023076	4.966877
98.006520	9282.444026	9.063693	-0.023064	4.968199
98.143452	9287.599928	9.068698	-0.023097	4.969524
98.190713	9292.779565	9.073703	-0.023109	4.970853
97.993287	9297.518495	9.078707	-0.023062	4.972060
98.044051	9302.632036	9.083712	-0.023075	4.973371
98.259887	9307.757828	9.088717	-0.023127	4.974690
98.133959	9313.058679	9.093722	-0.023098	4.976042
98.261638	9318.545028	9.098727	-0.023129	4.977450
98.135776	9323.674192	9.103731	-0.023099	4.978758
98.163700	9328.864718	9.108736	-0.023106	4.980086
98.349561	9333.794964	9.113741	-0.023151	4.981352
98.227167	9338.711412	9.118746	-0.023123	4.982605
98.415845	9343.924946	9.123751	-0.023168	4.983943
98.325889	9349.075786	9.128755	-0.023147	4.985256
98.475206	9354.321545	9.133760	-0.023183	4.986600
98.577677	9359.304314	9.138765	-0.023208	4.987875
98.579732	9364.521123	9.143770	-0.023209	4.989207
98.679089	9369.701503	9.148775	-0.023234	4.990532
98.653377	9374.493701	9.153779	-0.023228	4.991754
98.772217	9379.576397	9.158784	-0.023257	4.993054
98.772646	9384.803751	9.163789	-0.023258	4.994386
98.660225	9390.012204	9.168794	-0.023231	4.995710
98.792062	9395.687991	9.173799	-0.023263	4.997161
98.776312	9400.827275	9.178803	-0.023260	4.998470
98.684088	9406.015364	9.183808	-0.023239	4.999788
98.853923	9411.123367	9.188813	-0.023280	5.001094
98.813946	9415.916419	9.193818	-0.023271	5.002313
98.921872	9421.060471	9.198823	-0.023297	5.003625
98.969931	9426.181369	9.203827	-0.023309	5.004930
98.926553	9431.386066	9.208832	-0.023299	5.006252
99.053461	9436.568743	9.213837	-0.023330	5.007574
99.062269	9441.723107	9.218842	-0.023333	5.008885
99.180681	9446.886269	9.223847	-0.023361	5.010201
99.112953	9451.771321	9.228851	-0.023346	5.011440
99.220095	9456.807018	9.233856	-0.023372	5.012722
99.228134	9461.974182	9.238861	-0.023374	5.014035
99.182392	9467.120983	9.243866	-0.023364	5.015340
99.304857	9472.643475	9.248871	-0.023394	5.016746
99.313829	9477.742090	9.253875	-0.023396	5.018040
99.436488	9483.025118	9.258880	-0.023426	5.019384
99.305512	9488.195157	9.263885	-0.023395	5.020691
99.315305	9492.936873	9.268890	-0.023398	5.021893
99.203132	9498.028328	9.273895	-0.023372	5.023181
99.483986	9503.119010	9.278899	-0.023440	5.024479
99.380211	9508.461000	9.283904	-0.023415	5.025830
99.468865	9513.603613	9.288909	-0.023437	5.027135
99.625964	9518.712192	9.293914	-0.023475	5.028433
99.552888	9523.930081	9.298919	-0.023458	5.029752
99.676069	9528.859185	9.303923	-0.023488	5.031003
99.558431	9533.790165	9.308928	-0.023460	5.032248
99.668277	9538.952938	9.313933	-0.023487	5.033557
99.822559	9544.093229	9.318938	-0.023525	5.034862
99.750440	9549.741236	9.323943	-0.023508	5.036287
99.752099	9555.060794	9.328947	-0.023509	5.037632
99.748563	9560.310728	9.333952	-0.023508	5.038959
99.912202	9565.435757	9.338957	-0.023548	5.040258
99.868769	9570.224669	9.343962	-0.023538	5.041467
99.898948	9575.200071	9.348967	-0.023546	5.042724
99.916505	9580.436736	9.353971	-0.023551	5.044046
100.049894	9585.575618	9.358976	-0.023583	5.045347
100.044876	9590.810295	9.363981	-0.023582	5.046668
100.078369	9595.942735	9.368986	-0.023591	5.047963
100.030907	9601.108399	9.373991	-0.023580	5.049265
100.025779	9606.098213	9.378995	-0.023579	5.050523
100.067073	9610.857072	9.384000	-0.023590	5.051723
100.069399	9616.111125	9.389005	-0.023591	5.053047
100.196835	9621.326983	9.394010	-0.023622	5.054365
100.098137	9626.616803	9.399015	-0.023599	5.055694
100.237060	9632.003978	9.404019	-0.023632	5.057055
100.139443	9637.215832	9.409024	-0.023610	5.058364
100.276594	9642.385261	9.414029	-0.023643	5.059669
100.243623	9647.335291	9.419034	-0.023636	5.060913
100.298073	9652.301095	9.424039	-0.023649	5.062164
100.466891	9657.323022	9.429043	-0.023690	5.063432
100.449649	9662.576702	9.434048	-0.023686	5.064752
100.431124	9667.748662	9.439053	-0.023682	5.066052
100.289669	9672.935066	9.444058	-0.023649	5.067351
100.525789	9678.135863	9.449063	-0.023706	5.068664
100.604288	9683.250777	9.454067	-0.023725	5.069951
100.419975	9688.095433	9.459072	-0.023682	5.071162
100.675879	9693.130046	9.464077	-0.023744	5.072433
100.630893	9698.299253	9.469082	-0.023733	5.073729
100.576324	9703.464658	9.474087	-0.023721	5.075024
100.697305	9709.240905	9.479091	-0.023750	5.076476
100.835465	9714.410439	9.484096	-0.023784	5.077776
100.854362	9719.581431	9.489101	-0.023789	5.079073
100.785403	9724.646792	9.494106	-0.023773	5.080341
100.930783	9729.362177	9.499111	-0.023808	5.081527
100.831472	9734.549391	9.504115	-0.023785	5.082823
101.107482	9739.801905	9.509120	-0.023851	5.084147
100.977120	9744.941732	9.514125	-0.023821	5.085430
100.956515	9750.111374	9.519130	-0.023816	5.086723
101.106589	9755.295180	9.524135	-0.023853	5.088025
101.135509	9760.416865	9.529139	-0.023860	5.089307
101.158808	9765.436881	9.534144	-0.023866	5.090563
101.191364	9770.299755	9.539149	-0.023874	5.091780
101.189193	9775.476258	9.544154	-0.023874	5.093074
101.206044	9780.690634	9.549159	-0.023879	5.094378
101.195221	9786.065705	9.554163	-0.023877	5.095721
101.204097	9791.443697	9.559168	-0.023880	5.097064
101.191000	9796.605562	9.564173	-0.023877	5.098353
101.308919	9801.722586	9.569178	-0.023906	5.099634
101.394887	9806.611892	9.574183	-0.023927	5.100857
101.447133	9811.556261	9.579187	-0.023940	5.102092
101.436620	9816.840593	9.584192	-0.023938	5.103411
101.340994	9821.964409	9.589197	-0.023915	5.104686
101.502619	9827.208182	9.594202	-0.023955	5.105998
101.448176	9832.338697	9.599207	-0.023942	5.107276
101.559309	9837.443058	9.604211	-0.023969	5.108551
101.662553	9842.643596	9.609216	-0.023994	5.109850
101.694499	9847.423585	9.614221	-0.024002	5.111041
101.595864	9852.577912	9.619226	-0.023979	5.112322
101.765414	9857.734780	9.624231	-0.024020	5.113611
101.717206	9862.906098	9.629235	-0.024009	5.114897
101.747589	9868.492731	9.634240	-0.024017	5.116288
101.817271	9873.623448	9.639245	-0.024034	5.117567
101.702935	9878.852577	9.644250	-0.024008	5.118864
101.778772	9883.913638	9.649255	-0.024026	5.120125
102.023634	9888.626842	9.654259	-0.024085	5.121303
101.960542	9893.840247	9.659264	-0.024071	5.122597
101.987742	9898.953194	9.664269	-0.024078	5.123869
102.101188	9904.168453	9.669274	-0.024105	5.125167
102.076708	9909.337492	9.674279	-0.024100	5.126451
101.962858	9914.467411	9.679283	-0.024073	5.127721
102.056789	9919.624653	9.684288	-0.024096	5.129004
102.018928	9924.641759	9.689293	-0.024088	5.130248
102.223133	9929.492432	9.694298	-0.024137	5.131457
102.208209	9934.685642	9.699303	-0.024134	5.132745
102.197850	9939.860764	9.704307	-0.024132	5.134028
102.286585	9945.326015	9.709312	-0.024154	5.135386
102.343682	9950.595919	9.714317	-0.024168	5.136694
102.337428	9955.756945	9.719322	-0.024167	5.137972
102.325464	9960.916100	9.724327	-0.024165	5.139250
102.367811	9965.722661	9.729331	-0.024175	5.140442
102.429780	9970.732474	9.734336	-0.024191	5.141684
102.479411	9975.876030	9.739341	-0.024203	5.142959
102.609081	9981.033599	9.744346	-0.024235	5.144239
102.561294	9986.355660	9.749351	-0.024224	5.145554
102.637000	9991.443497	9.754355	-0.024242	5.146815
102.582167	9996.631365	9.759360	-0.024230	5.148097
102.643670	10001.687924	9.764365	-0.024245	5.149349
102.529720	10006.547483	9.769370	-0.024218	5.150547
102.529268	10011.600531	9.774375	-0.024219	5.151796
102.599211	10016.741976	9.779379	-0.024236	5.153068
102.718149	10021.916080	9.784384	-0.024265	5.154349
102.727947	10027.786034	9.789389	-0.024268	5.155799
102.739853	10032.921344	9.794394	-0.024271	5.157067
102.853522	10038.059628	9.799399	-0.024299	5.158338
102.978513	10043.134730	9.804403	-0.024329	5.159594
102.968228	10047.930721	9.809408	-0.024327	5.160777
102.960009	10053.082047	9.814413	-0.024326	5.162047
102.974084	10058.199331	9.819418	-0.024330	5.163310
103.101167	10063.348855	9.824423	-0.024360	5.164582
103.116381	10068.525563	9.829427	-0.024365	5.165859
103.320230	10073.721461	9.834432	-0.024414	5.167144
103.230985	10078.877672	9.839437	-0.024393	5.168412
103.308444	10083.938789	9.844442	-0.024412	5.169661
103.210855	10088.783876	9.849447	-0.024389	5.170851
103.195665	10093.872454	9.854451	-0.024386	5.172103
103.170908	10099.100296	9.859456	-0.024381	5.173389
103.429653	10104.329885	9.864461	-0.024443	5.174683
103.316452	10109.815965	9.869466	-0.024417	5.176029
103.354603	10114.980195	9.874471	-0.024426	5.177300
103.350798	10120.109487	9.879475	-0.024426	5.178561
103.385325	10125.180099	9.884480	-0.024435	5.179808
103.275544	10130.015539	9.889485	-0.024409	5.180994
103.408537	10135.125214	9.894490	-0.024441	5.182253
103.553907	10140.318771	9.899495	-0.024476	5.183532
103.487601	10145.539647	9.904499	-0.024461	5.184812
103.581105	10150.719634	9.909504	-0.024484	5.186086
103.577324	10155.864018	9.914509	-0.024484	5.187349
103.736800	10160.969708	9.919514	-0.024522	5.188606
103.830824	10165.963863	9.924519	-0.024545	5.189833
103.687469	10170.894828	9.929523	-0.024511	5.191039
103.806261	10176.075960	9.934528	-0.024540	5.192313
103.640689	10181.240806	9.939533	-0.024501	5.193575
103.914336	10186.805933	9.944538	-0.024567	5.194945
103.910214	10192.228072	9.949543	-0.024567	5.196274
103.935306	10197.360496	9.954547	-0.024573	5.197532
104.036999	10202.565305	9.959552	-0.024598	5.198809
103.983807	10207.435425	9.964557	-0.024586	5.200000
104.227573	10212.319408	9.969562	-0.024645	5.201202
104.340653	10217.479599	9.974567	-0.024672	5.202467
104.328131	10222.629742	9.979571	-0.024670	5.203727
104.349066	10227.938536	9.984576	-0.024675	5.205026
104.255218	10233.107211	9.989581	-0.024653	5.206288
104.439411	10238.211601	9.994586	-0.024698	5.207540
104.476152	10243.384729	9.999591	-0.024707	5.208806
104.345386	10246.731223	10.004595	-0.024676	5.209620
104.390531	10246.848364	10.009600	-0.024687	5.209650
104.535077	10246.833576	10.014592	-0.024722	5.209650
104.521156	10246.740192	10.019584	-0.024718	5.209627
104.491523	10246.698371	10.024576	-0.024711	5.209616
104.474606	10246.712892	10.029568	-0.024707	5.209619
104.515266	10246.779171	10.034560	-0.024717	5.209636
104.633954	10246.775993	10.039552	-0.024746	5.209638
104.544445	10246.760784	10.044544	-0.024724	5.209632
104.626585	10246.784398	10.049536	-0.024744	5.209640
104.711459	10246.771865	10.054528	-0.024764	5.209639
104.545467	10246.793934	10.059520	-0.024725	5.209640
104.564066	10246.753588	10.064512	-0.024729	5.209631
104.685376	10246.737332	10.069504	-0.024758	5.209630
104.630097	10246.766021	10.074496	-0.024745	5.209636
104.594651	10246.738883	10.079488	-0.024737	5.209628
104.444898	10246.804125	10.084480	-0.024701	5.209640
104.574064	10246.747358	10.089472	-0.024732	5.209630
104.692733	10246.794138	10.094464	-0.024760	5.209644
104.617111	10246.741644	10.099456	-0.024742	5.209630
104.619092	10246.714525	10.104448	-0.024743	5.209623
104.621122	10246.771943	10.109440	-0.024743	5.209637
104.678250	10246.734065	10.114432	-0.024757	5.209629
104.621981	10246.733393	10.119424	-0.024743	5.209628
104.626490	10246.750848	10.124416	-0.024745	5.209632
104.637268	10246.657502	10.129408	-0.024747	5.209609
104.704236	10246.710846	10.134400	-0.024763	5.209624
104.642659	10246.715841	10.139392	-0.024748	5.209624
104.575549	10246.777762	10.144384	-0.024732	5.209637
104.626223	10246.749510	10.149376	-0.024745	5.209632
104.785542	10246.733213	10.154368	-0.024783	5.209632
104.747519	10246.735800	10.159360	-0.024774	5.209631
104.710369	10246.729332	10.164352	-0.024765	5.209629
104.709573	10246.719149	10.169344	-0.024765	5.209626
104.629385	10246.735012	10.174336	-0.024746	5.209628
104.710497	10246.721582	10.179328	-0.024765	5.209627
104.646173	10246.771690	10.184320	-0.024750	5.209638
104.773910	10246.709945	10.189312	-0.024780	5.209626
104.688642	10246.751946	10.194304	-0.024760	5.209634
104.709961	10246.761279	10.199296	-0.024765	5.209637
104.739843	10246.700566	10.204288	-0.024772	5.209623
104.622907	10246.736836	10.209280	-0.024744	5.209629
104.751064	10246.725004	10.214272	-0.024775	5.209629
104.747124	10246.729232	10.219264	-0.024774	5.209630
104.792988	10246.714281	10.224256	-0.024785	5.209627
104.509079	10246.752242	10.229248	-0.024717	5.209630
104.701738	10246.779933	10.234240	-0.024763	5.209641
104.761378	10246.802003	10.239232	-0.024778	5.209648
104.702241	10246.763196	10.244224	-0.024764	5.209637
104.744471	10246.784482	10.249216	-0.024774	5.209643
104.640548	10246.741285	10.254208	-0.024749	5.209630
104.709670	10246.777757	10.259200	-0.024765	5.209641
104.779397	10246.728344	10.264192	-0.024782	5.209630
104.725359	10246.719758	10.269184	-0.024769	5.209627
104.727517	10246.792535	10.274176	-0.024770	5.209645
104.702203	10246.764362	10.279168	-0.024764	5.209637
104.701177	10246.741393	10.284160	-0.024764	5.209632
104.839973	10246.738722	10.289152	-0.024797	5.209635
104.814883	10246.739988	10.294144	-0.024791	5.209634
104.639729	10246.768116	10.299136	-0.024749	5.209637
104.740762	10246.711661	10.304128	-0.024773	5.209625
104.841035	10246.715488	10.309120	-0.024797	5.209629
104.669202	10246.749682	10.314112	-0.024756	5.209633
104.648742	10246.753037	10.319104	-0.024751	5.209633
104.743818	10246.794542	10.324096	-0.024774	5.209646
104.792493	10246.699885	10.329088	-0.024786	5.209624
104.787491	10246.754179	10.334080	-0.024785	5.209637
104.690024	10246.723132	10.339072	-0.024761	5.209627
104.742665	10246.763850	10.344064	-0.024774	5.209638
104.682478	10246.794321	10.349056	-0.024760	5.209644
104.690685	10246.712766	10.354048	-0.024762	5.209625
104.755430	10246.726628	10.359040	-0.024777	5.209630
104.672576	10246.738920	10.364032	-0.024757	5.209630
104.860068	10246.724868	10.369024	-0.024802	5.209632
104.708740	10246.737753	10.374016	-0.024766	5.209631
104.816033	10246.752391	10.379008	-0.024792	5.209637
104.819423	10246.702071	10.384000	-0.024793	5.209625
104.761756	10246.719475	10.388992	-0.024779	5.209628
104.618378	10246.769975	10.393984	-0.024745	5.209637
104.809470	10246.779894	10.398976	-0.024790	5.209644
104.674277	10246.784725	10.403968	-0.024758	5.209642
104.788837	10246.773002	10.408960	-0.024786	5.209642
104.795978	10246.673622	10.413952	-0.024787	5.209618
104.795111	10246.715965	10.418944	-0.024787	5.209628
104.898369	10246.722049	10.423936	-0.024812	5.209632
104.790920	10246.700988	10.428928	-0.024786	5.209624
104.632197	10246.777394	10.433920	-0.024748	5.209639
104.650023	10246.726880	10.438912	-0.024753	5.209627
104.738021	10246.724276	10.443904	-0.024774	5.209629
104.770253	10246.718403	10.448896	-0.024781	5.209628
104.621353	10246.719511	10.453888	-0.024746	5.209625
104.850186	10246.762720	10.458880	-0.024801	5.209641
104.743964	10246.715915	10.463872	-0.024775	5.209627
104.861229	10246.718006	10.468864	-0.024803	5.209630
104.845139	10246.760623	10.473856	-0.024800	5.209640
104.816551	10246.740470	10.478848	-0.024793	5.209635
104.832417	10246.759327	10.483840	-0.024797	5.209640
104.898137	10246.709043	10.488832	-0.024812	5.209629
104.887062	10246.714000	10.493824	-0.024810	5.209630
104.866269	10246.705860	10.498816	-0.024805	5.209627
104.865958	10246.710999	10.503808	-0.024805	5.209629
104.856370	10246.754233	10.508800	-0.024803	5.209639
104.723950	10246.752376	10.513792	-0.024771	5.209635
104.834285	10246.723151	10.518784	-0.024797	5.209631
104.823713	10246.801072	10.523776	-0.024795	5.209650
104.717589	10246.765784	10.528768	-0.024770	5.209638
104.782863	10246.812897	10.533760	-0.024785	5.209651
104.751490	10246.722577	10.538752	-0.024778	5.209629
104.778665	10246.710817	10.543744	-0.024784	5.209626
104.637557	10246.757242	10.548736	-0.024751	5.209634
104.751504	10246.721244	10.553728	-0.024778	5.209628
104.743937	10246.771957	10.558720	-0.024776	5.209640
104.775457	10246.785371	10.563712	-0.024784	5.209645
104.754832	10246.738786	10.568704	-0.024779	5.209633
104.910291	10246.793336	10.573696	-0.024816	5.209650
104.840420	10246.778683	10.578688	-0.024799	5.209645
104.838079	10246.769938	10.583680	-0.024799	5.209642
104.802408	10246.718485	10.588672	-0.024790	5.209629
104.940350	10246.731273	10.593664	-0.024823	5.209635
104.818641	10246.789807	10.598656	-0.024794	5.209647
104.842854	10246.796282	10.603648	-0.024800	5.209649
104.840592	10246.824678	10.608640	-0.024800	5.209656
104.824901	10246.735316	10.613632	-0.024796	5.209634
104.872098	10246.735601	10.618624	-0.024807	5.209635
104.748592	10246.732832	10.623616	-0.024778	5.209631
104.778059	10246.716995	10.628608	-0.024785	5.209628
104.833631	10246.736918	10.633600	-0.024798	5.209634
104.873396	10246.709781	10.638592	-0.024808	5.209629
104.672142	10246.767476	10.643584	-0.024760	5.209638
104.721742	10246.712434	10.648576	-0.024771	5.209625
104.827074	10246.723430	10.653568	-0.024797	5.209631
104.946960	10246.712444	10.658560	-0.024825	5.209631
104.848272	10246.748130	10.663552	-0.024802	5.209637
104.918250	10246.764020	10.668544	-0.024819	5.209643
104.819911	10246.768927	10.673536	-0.024795	5.209642
104.794102	10246.751052	10.678528	-0.024789	5.209637
105.002544	10246.757918	10.683520	-0.024839	5.209644
104.991827	10246.705196	10.688512	-0.024836	5.209630
104.930014	10246.739676	10.693504	-0.024822	5.209637
104.861217	10246.723631	10.698496	-0.024805	5.209632
104.941717	10246.679522	10.703488	-0.024825	5.209623
105.015463	10246.760356	10.708480	-0.024842	5.209645
104.896804	10246.702011	10.713472	-0.024814	5.209627
104.928650	10246.717954	10.718464	-0.024822	5.209632
104.795902	10246.719973	10.723456	-0.024790	5.209629
104.840565	10246.715392	10.728448	-0.024801	5.209629
104.841224	10246.722994	10.733440	-0.024801	5.209631
104.933618	10246.694321	10.738432	-0.024823	5.209626
104.975941	10246.715599	10.743424	-0.024833	5.209633
104.904156	10246.734446	10.748416	-0.024816	5.209635
104.878018	10246.721728	10.753408	-0.024810	5.209632
104.879009	10246.742105	10.758400	-0.024810	5.209637
104.962277	10246.679780	10.763392	-0.024830	5.209624
104.949946	10246.678461	10.768384	-0.024827	5.209623
104.891527	10246.738213	10.773376	-0.024813	5.209636
104.885355	10246.723455	10.778368	-0.024812	5.209632
104.897190	10246.727353	10.783360	-0.024814	5.209634
104.811867	10246.697626	10.788352	-0.024794	5.209624
104.805299	10246.705966	10.793344	-0.024793	5.209626
104.744604	10246.727522	10.798336	-0.024778	5.209630
104.906215	10246.732768	10.803328	-0.024817	5.209635
104.951684	10246.707609	10.808320	-0.024828	5.209630
104.854319	10246.703451	10.813312	-0.024804	5.209627
104.956139	10246.726335	10.818304	-0.024829	5.209635
104.915129	10246.735632	10.823296	-0.024819	5.209636
104.884486	10246.714408	10.828288	-0.024812	5.209630
104.856742	10246.758216	10.833280	-0.024805	5.209640
104.828359	10246.735481	10.838272	-0.024798	5.209634
104.904290	10246.743076	10.843264	-0.024817	5.209638
104.889764	10246.734296	10.848256	-0.024813	5.209635
104.930461	10246.731402	10.853248	-0.024823	5.209635
104.888236	10246.760037	10.858240	-0.024813	5.209641
104.886416	10246.701282	10.863232	-0.024813	5.209627
104.873593	10246.784557	10.868224	-0.024810	5.209647
104.826558	10246.749636	10.873216	-0.024798	5.209637
104.845436	10246.727195	10.878208	-0.024803	5.209632
104.898853	10246.767834	10.883200	-0.024816	5.209644
104.830821	10246.731217	10.888192	-0.024799	5.209633
104.938268	10246.767616	10.893184	-0.024825	5.209645
104.912049	10246.754906	10.898176	-0.024819	5.209641
104.768208	10246.729878	10.903168	-0.024785	5.209631
104.822119	10246.762781	10.908160	-0.024798	5.209640
104.836025	10246.751095	10.913152	-0.024801	5.209638
104.880334	10246.736303	10.918144	-0.024812	5.209635
104.805761	10246.722130	10.923136	-0.024794	5.209630
104.991526	10246.708255	10.928128	-0.024838	5.209631
104.898485	10246.731836	10.933120	-0.024816	5.209635
104.838318	10246.711067	10.938112	-0.024802	5.209628
104.908945	10246.712799	10.943104	-0.024819	5.209630
104.955400	10246.756712	10.948096	-0.024830	5.209642
104.908896	10246.748637	10.953088	-0.024819	5.209639
104.875485	10246.775091	10.958080	-0.024811	5.209645
104.886624	10246.725260	10.963072	-0.024813	5.209633
104.868486	10246.727097	10.968064	-0.024809	5.209633
104.851899	10246.759517	10.973056	-0.024805	5.209640
104.779787	10246.725879	10.978048	-0.024788	5.209630
104.888884	10246.780042	10.983040	-0.024814	5.209646
104.781337	10246.748743	10.988032	-0.024788	5.209636
105.058814	10246.757521	10.993024	-0.024855	5.209645
104.930672	10246.688617	10.998016	-0.024824	5.209625
104.834462	10246.686902	11.003008	-0.024801	5.209622
104.978385	10246.696517	11.008000	-0.024836	5.209628
104.989523	10246.676147	11.012992	-0.024838	5.209624
104.920782	10246.729269	11.017984	-0.024822	5.209635
104.894741	10246.703732	11.022976	-0.024816	5.209628
104.935551	10246.698264	11.027968	-0.024826	5.209628
104.812465	10246.800491	11.032960	-0.024796	5.209650
104.944502	10246.697315	11.037952	-0.024828	5.209628
104.860082	10246.713610	11.042944	-0.024808	5.209630
104.810982	10246.704520	11.047936	-0.024796	5.209626
104.986677	10246.690393	11.052928	-0.024838	5.209627
104.962524	10246.727430	11.057920	-0.024832	5.209635
104.921699	10246.626547	11.062912	-0.024823	5.209610
104.993852	10246.674238	11.067904	-0.024840	5.209623
105.018157	10246.655085	11.072896	-0.024846	5.209619
104.996664	10246.688007	11.077888	-0.024841	5.209627
104.844649	10246.758604	11.082880	-0.024804	5.209640
104.904391	10246.728144	11.087872	-0.024819	5.209634
104.949529	10246.767068	11.092864	-0.024829	5.209645
104.939310	10246.750161	11.097856	-0.024827	5.209640
105.017886	10246.711373	11.102848	-0.024846	5.209633
104.882961	10246.764852	11.107840	-0.024814	5.209643
104.832011	10246.699589	11.112832	-0.024802	5.209625
104.856556	10246.722683	11.117824	-0.024807	5.209632
105.022480	10246.676250	11.122816	-0.024847	5.209625
105.015657	10246.708954	11.127808	-0.024846	5.209632
105.033627	10246.707101	11.132800	-0.024850	5.209632
104.818015	10246.725272	11.137792	-0.024798	5.209631
104.882741	10246.707113	11.142784	-0.024814	5.209629
105.057671	10246.716121	11.147776	-0.024856	5.209635
104.817662	10246.720134	11.152768	-0.024798	5.209630
104.968204	10246.691925	11.157760	-0.024834	5.209627
104.839151	10246.678195	11.162752	-0.024804	5.209620
104.845996	10246.736402	11.167744	-0.024805	5.209635
104.846211	10246.704339	11.172736	-0.024805	5.209627
104.909924	10246.687564	11.177728	-0.024821	5.209625
105.039884	10246.667863	11.182720	-0.024852	5.209623
104.868296	10246.676413	11.187712	-0.024811	5.209621
104.892151	10246.709825	11.192704	-0.024817	5.209630
104.985026	10246.679822	11.197696	-0.024839	5.209625
105.031421	10246.692998	11.202688	-0.024850	5.209629
105.039000	10246.728073	11.207680	-0.024852	5.209638
105.068522	10246.701983	11.212672	-0.024859	5.209632
105.019426	10246.709544	11.217664	-0.024847	5.209633
104.925327	10246.719142	11.222656	-0.024825	5.209633
105.050826	10246.735764	11.227648	-0.024855	5.209640
104.987604	10246.684564	11.232640	-0.024840	5.209626
104.776124	10246.722809	11.237632	-0.024789	5.209630
104.977544	10246.699648	11.242624	-0.024837	5.209629
105.004543	10246.666130	11.247616	-0.024844	5.209622
104.971518	10246.724568	11.252608	-0.024836	5.209635
104.927147	10246.675285	11.257600	-0.024825	5.209622
104.883967	10246.663028	11.262592	-0.024815	5.209618
105.089503	10246.676595	11.267584	-0.024864	5.209626
105.054149	10246.677629	11.272576	-0.024856	5.209626
105.037515	10246.674187	11.277568	-0.024852	5.209625
105.064880	10246.672655	11.282560	-0.024859	5.209625
105.118344	10246.673580	11.287552	-0.024871	5.209626
105.103170	10246.727633	11.292544	-0.024868	5.209639
105.016414	10246.756976	11.297536	-0.024847	5.209644
105.094776	10246.690028	11.302528	-0.024866	5.209630
104.987905	10246.709898	11.307520	-0.024840	5.209632
104.878405	10246.706979	11.312512	-0.024814	5.209629
104.857879	10246.724431	11.317504	-0.024809	5.209632
104.892362	10246.687586	11.322496	-0.024818	5.209624
104.971346	10246.705117	11.327488	-0.024837	5.209630
105.043939	10246.701526	11.332480	-0.024854	5.209631
105.083358	10246.670581	11.337472	-0.024863	5.209625
105.013768	10246.695608	11.342464	-0.024847	5.209629
105.127537	10246.668594	11.347456	-0.024874	5.209625
105.083492	10246.702540	11.352448	-0.024864	5.209633
104.961996	10246.682914	11.357440	-0.024835	5.209625
104.990288	10246.690253	11.362432	-0.024841	5.209627
104.972373	10246.722810	11.367424	-0.024837	5.209635
104.932446	10246.680759	11.372416	-0.024828	5.209624
105.040647	10246.696585	11.377408	-0.024854	5.209630
104.951603	10246.722319	11.382400	-0.024832	5.209634
105.064894	10246.662050	11.387392	-0.024859	5.209622
104.891538	10246.723299	11.392384	-0.024818	5.209633
104.985380	10246.702165	11.397376	-0.024840	5.209630
105.012592	10246.699367	11.402368	-0.024847	5.209630
105.002040	10246.700429	11.407360	-0.024845	5.209630
104.949270	10246.689151	11.412352	-0.024832	5.209626
104.996493	10246.729142	11.417344	-0.024843	5.209637
104.997471	10246.705968	11.422336	-0.024844	5.209631
105.140754	10246.704120	11.427328	-0.024878	5.209635
104.891242	10246.697575	11.432320	-0.024818	5.209627
104.965105	10246.684886	11.437312	-0.024836	5.209625
104.976974	10246.678533	11.442304	-0.024839	5.209624
104.877390	10246.678444	11.447296	-0.024815	5.209622
104.906059	10246.742107	11.452288	-0.024822	5.209638
104.963232	10246.745215	11.457280	-0.024836	5.209640
104.938750	10246.681090	11.462272	-0.024830	5.209624
104.934431	10246.687919	11.467264	-0.024829	5.209625
105.106253	10246.670345	11.472256	-0.024870	5.209625
105.132893	10246.667606	11.477248	-0.024876	5.209625
105.040300	10246.696265	11.482240	-0.024854	5.209630
104.961696	10246.715808	11.487232	-0.024836	5.209633
105.007457	10246.754668	11.492224	-0.024847	5.209644
105.039163	10246.656620	11.497216	-0.024854	5.209620
105.024929	10246.686239	11.502208	-0.024851	5.209627
104.977392	10246.679551	11.507200	-0.024839	5.209625
104.844970	10246.684098	11.512192	-0.024808	5.209622
104.950988	10246.688620	11.517184	-0.024833	5.209626
104.948422	10246.655560	11.522176	-0.024833	5.209618
105.013506	10246.691164	11.527168	-0.024848	5.209628
105.034437	10246.673637	11.532160	-0.024853	5.209625
105.131702	10246.684177	11.537152	-0.024877	5.209630
105.065779	10246.771596	11.542144	-0.024861	5.209649
104.928430	10246.745904	11.547136	-0.024828	5.209640
105.033867	10246.746642	11.552128	-0.024853	5.209642
105.016848	10246.736835	11.557120	-0.024849	5.209640
104.982060	10246.753182	11.562112	-0.024841	5.209643
104.784210	10246.811811	11.567104	-0.024794	5.209652
104.946450	10246.777283	11.572096	-0.024833	5.209648
105.009188	10246.772136	11.577088	-0.024848	5.209648
104.911020	10246.729631	11.582080	-0.024824	5.209635
105.089318	10246.698586	11.587072	-0.024867	5.209632
105.081032	10246.760901	11.592064	-0.024865	5.209647
105.050102	10246.742268	11.597056	-0.024858	5.209642
105.075480	10246.643587	11.602048	-0.024864	5.209618
105.130762	10246.726307	11.607040	-0.024877	5.209640
105.000022	10246.690973	11.612032	-0.024846	5.209628
104.940084	10246.738071	11.617024	-0.024831	5.209638
105.059911	10246.670729	11.622016	-0.024860	5.209625
105.131283	10246.704410	11.627008	-0.024877	5.209635
104.960259	10246.706496	11.632000	-0.024836	5.209631
104.937919	10246.680581	11.636992	-0.024831	5.209624
104.932394	10246.713153	11.641984	-0.024830	5.209632
104.829633	10246.732603	11.646976	-0.024805	5.209634
104.923151	10246.703816	11.651968	-0.024828	5.209629
104.919800	10246.719512	11.656960	-0.024827	5.209633
104.991749	10246.713425	11.661952	-0.024844	5.209633
104.908680	10246.751358	11.666944	-0.024824	5.209640
104.833177	10246.707818	11.671936	-0.024806	5.209628
104.968273	10246.731144	11.676928	-0.024839	5.209637
105.063783	10246.761078	11.681920	-0.024861	5.209647
105.002639	10246.701979	11.686912	-0.024847	5.209631
104.977514	10246.714777	11.691904	-0.024841	5.209633
105.066366	10246.644196	11.696896	-0.024862	5.209618
104.989851	10246.705797	11.701888	-0.024844	5.209631
105.022797	10246.680637	11.706880	-0.024852	5.209626
105.051513	10246.702024	11.711872	-0.024859	5.209632
105.140056	10246.717298	11.716864	-0.024880	5.209638
104.951002	10246.685361	11.721856	-0.024835	5.209625
105.231215	10246.675926	11.726848	-0.024902	5.209630
105.069711	10246.726997	11.731840	-0.024863	5.209639
105.047055	10246.671652	11.736832	-0.024858	5.209625
105.097543	10246.702343	11.741824	-0.024870	5.209633
104.944045	10246.720573	11.746816	-0.024833	5.209634
104.876570	10246.750507	11.751808	-0.024817	5.209640
104.832316	10246.740922	11.756800	-0.024807	5.209636
105.054746	10246.738672	11.761792	-0.024860	5.209641
105.047774	10246.785482	11.766784	-0.024858	5.209652
104.938777	10246.696688	11.771776	-0.024832	5.209628
104.947734	10246.714970	11.776768	-0.024834	5.209633
105.040320	10246.690121	11.781760	-0.024857	5.209629
104.971402	10246.695865	11.786752	-0.024840	5.209629
104.877088	10246.708047	11.791744	-0.024818	5.209629
104.963263	10246.660796	11.796736	-0.024838	5.209620
105.037984	10246.705663	11.801728	-0.024856	5.209633
105.090162	10246.646515	11.806720	-0.024869	5.209620
104.946854	10246.698289	11.811712	-0.024835	5.209629
105.106290	10246.724252	11.816704	-0.024873	5.209639
104.972627	10246.684093	11.821696	-0.024841	5.209626
105.145449	10246.670260	11.826688	-0.024882	5.209627
105.049753	10246.662088	11.831680	-0.024859	5.209622
105.063024	10246.650467	11.836672	-0.024863	5.209620
105.054781	10246.653854	11.841664	-0.024861	5.209620
104.986697	10246.644142	11.846656	-0.024844	5.209616
104.991796	10246.670504	11.851648	-0.024846	5.209623
104.994360	10246.694563	11.856640	-0.024846	5.209629
105.033972	10246.693060	11.861632	-0.024856	5.209630
104.951508	10246.729651	11.866624	-0.024836	5.209636
104.987016	10246.685015	11.871616	-0.024845	5.209626
105.011855	10246.741384	11.876608	-0.024851	5.209641
104.933520	10246.751933	11.881600	-0.024832	5.209641
104.983713	10246.722449	11.886592	-0.024844	5.209635
104.984584	10246.737715	11.891584	-0.024844	5.209639
104.984846	10246.714614	11.896576	-0.024844	5.209634
104.987373	10246.730991	11.901568	-0.024845	5.209638
104.993939	10246.744394	11.906560	-0.024847	5.209641
105.021080	10246.713422	11.911552	-0.024853	5.209634
105.019847	10246.775017	11.916544	-0.024853	5.209649
105.020721	10246.703177	11.921536	-0.024853	5.209632
105.135174	10246.678656	11.926528	-0.024881	5.209629
105.098492	10246.704164	11.931520	-0.024872	5.209634
105.055450	10246.705983	11.936512	-0.024862	5.209633
105.142283	10246.730398	11.941504	-0.024882	5.209641
105.074903	10246.697556	11.946496	-0.024866	5.209632
104.973007	10246.701546	11.951488	-0.024842	5.209630
104.940925	10246.726584	11.956480	-0.024834	5.209635
105.077802	10246.663904	11.961472	-0.024867	5.209624
104.985518	10246.713027	11.966464	-0.024845	5.209633
104.981946	10246.664698	11.971456	-0.024844	5.209621
104.967178	10246.672595	11.976448	-0.024841	5.209623
105.057391	10246.653112	11.981440	-0.024862	5.209620
104.927165	10246.713797	11.986432	-0.024831	5.209632
105.043540	10246.718542	11.991424	-0.024859	5.209636
105.084224	10246.719491	11.996416	-0.024869	5.209637
105.061483	10246.726922	12.001408	-0.024863	5.209639
105.180603	10246.717296	12.006400	-0.024892	5.209639
105.210473	10246.687326	12.011392	-0.024899	5.209633
105.164019	10246.684370	12.016384	-0.024888	5.209631
105.144453	10246.701724	12.021376	-0.024883	5.209635
105.126795	10246.730411	12.026368	-0.024879	5.209641
105.015144	10246.711060	12.031360	-0.024853	5.209634
105.000342	10246.702308	12.036352	-0.024849	5.209631
105.089378	10246.713688	12.041344	-0.024870	5.209636
105.041012	10246.709647	12.046336	-0.024859	5.209634
104.977672	10246.698168	12.051328	-0.024844	5.209630
104.935355	10246.729376	12.056320	-0.024834	5.209636
105.031169	10246.711883	12.061312	-0.024857	5.209634
105.081096	10246.790027	12.066304	-0.024869	5.209655
105.107718	10246.675846	12.071296	-0.024875	5.209627
104.904542	10246.705556	12.076288	-0.024827	5.209630
105.033445	10246.670592	12.081280	-0.024857	5.209624
105.012110	10246.688126	12.086272	-0.024852	5.209628
104.884528	10246.760069	12.091264	-0.024822	5.209642
105.020292	10246.666761	12.096256	-0.024854	5.209623
105.060000	10246.710082	12.101248	-0.024864	5.209635
105.049238	10246.694512	12.106240	-0.024861	5.209630
105.049787	10246.697001	12.111232	-0.024862	5.209631
105.057622	10246.787132	12.116224	-0.024863	5.209653
105.061191	10246.723983	12.121216	-0.024864	5.209638
105.144217	10246.703954	12.126208	-0.024884	5.209635
105.051793	10246.718504	12.131200	-0.024862	5.209636
104.991919	10246.734853	12.136192	-0.024848	5.209639
105.125586	10246.723740	12.141184	-0.024880	5.209640
105.062347	10246.690475	12.146176	-0.024865	5.209630
105.034773	10246.795752	12.151168	-0.024858	5.209655
105.031525	10246.675657	12.156160	-0.024858	5.209625
105.107291	10246.687113	12.161152	-0.024876	5.209630
105.072217	10246.759852	12.166144	-0.024867	5.209647
104.965619	10246.732298	12.171136	-0.024842	5.209638
104.948538	10246.775017	12.176128	-0.024838	5.209648
104.978492	10246.742477	12.181120	-0.024845	5.209640
105.140750	10246.710509	12.186112	-0.024884	5.209637
104.999921	10246.697982	12.191104	-0.024850	5.209630
104.863334	10246.738822	12.196096	-0.024818	5.209637
105.103927	10246.744964	12.201088	-0.024875	5.209644
105.209332	10246.722648	12.206080	-0.024900	5.209641
104.957560	10246.716333	12.211072	-0.024840	5.209634
105.068815	10246.716477	12.216064	-0.024867	5.209636
105.067254	10246.702529	12.221056	-0.024867	5.209633
105.188075	10246.708100	12.226048	-0.024896	5.209637
105.085045	10246.681463	12.231040	-0.024871	5.209628
105.065896	10246.732079	12.236032	-0.024866	5.209640
105.156394	10246.688229	12.241024	-0.024888	5.209632
105.026056	10246.666944	12.246016	-0.024857	5.209623
105.121882	10246.726307	12.251008	-0.024880	5.209640
105.022542	10246.728755	12.256000	-0.024856	5.209638
105.021947	10246.700618	12.260992	-0.024856	5.209631
105.043272	10246.720198	12.265984	-0.024861	5.209637
105.173936	10246.677368	12.270976	-0.024893	5.209630
105.107605	10246.708467	12.275968	-0.024877	5.209635
104.888140	10246.697570	12.280960	-0.024824	5.209627
105.077881	10246.685851	12.285952	-0.024870	5.209629
105.144209	10246.703395	12.290944	-0.024886	5.209635
105.015358	10246.697329	12.295936	-0.024855	5.209630
105.061771	10246.742527	12.300928	-0.024866	5.209643
104.947567	10246.718313	12.305920	-0.024839	5.209634
105.026286	10246.679510	12.310912	-0.024858	5.209626
105.126158	10246.637264	12.315904	-0.024881	5.209619
105.088938	10246.678198	12.320896	-0.024873	5.209628
104.982335	10246.745435	12.325888	-0.024847	5.209641
104.925499	10246.702550	12.330880	-0.024834	5.209630
105.040585	10246.707426	12.335872	-0.024861	5.209634
105.128581	10246.736846	12.340864	-0.024882	5.209643
105.019074	10246.726242	12.345856	-0.024856	5.209638
105.210530	10246.748934	12.350848	-0.024902	5.209648
105.159398	10246.706746	12.355840	-0.024890	5.209636
105.096498	10246.720842	12.360832	-0.024875	5.209638
104.995749	10246.743929	12.365824	-0.024851	5.209641
104.942851	10246.695517	12.370816	-0.024838	5.209628
105.055379	10246.707059	12.375808	-0.024865	5.209634
105.046066	10246.673408	12.380800	-0.024863	5.209625
105.099027	10246.705127	12.385792	-0.024876	5.209635
104.981799	10246.727336	12.390784	-0.024848	5.209637
105.053104	10246.696976	12.395776	-0.024865	5.209631
105.096085	10246.681039	12.400768	-0.024875	5.209629
105.136052	10246.687186	12.405760	-0.024885	5.209631
104.997331	10246.693657	12.410752	-0.024851	5.209629
105.221214	10246.742498	12.415744	-0.024905	5.209647
105.024628	10246.676744	12.420736	-0.024858	5.209626
104.988159	10246.732972	12.425728	-0.024849	5.209639
105.127926	10246.732765	12.430720	-0.024883	5.209642
105.108436	10246.684782	12.435712	-0.024878	5.209630
105.095776	10246.743702	12.440704	-0.024875	5.209644
105.118291	10246.700394	12.445696	-0.024881	5.209634
105.111303	10246.708776	12.450688	-0.024879	5.209636
105.150615	10246.663752	12.455680	-0.024888	5.209626
105.210276	10246.657639	12.460672	-0.024903	5.209626
105.061763	10246.713787	12.465664	-0.024867	5.209636
105.084304	10246.656386	12.470656	-0.024873	5.209622
105.156517	10246.736096	12.475648	-0.024890	5.209644
105.097420	10246.644764	12.480640	-0.024876	5.209620
104.971362	10246.685809	12.485632	-0.024846	5.209627
105.018188	10246.748898	12.490624	-0.024857	5.209643
104.997435	10246.688235	12.495616	-0.024852	5.209628
105.031435	10246.686025	12.500608	-0.024860	5.209628
105.200286	10246.659788	12.505600	-0.024901	5.209626
105.000884	10246.713451	12.510592	-0.024853	5.209634
104.916788	10246.683598	12.515584	-0.024833	5.209625
105.099888	10246.661029	12.520576	-0.024877	5.209624
105.200252	10246.696871	12.525568	-0.024901	5.209635
105.205897	10246.738549	12.530560	-0.024902	5.209645
105.155455	10246.682200	12.535552	-0.024890	5.209630
105.099744	10246.744238	12.540544	-0.024877	5.209644
105.172316	10246.688129	12.545536	-0.024894	5.209632
105.234049	10246.717672	12.550528	-0.024909	5.209641
104.958109	10246.715107	12.555520	-0.024843	5.209634
105.003195	10246.700235	12.560512	-0.024854	5.209631
105.125816	10246.731242	12.565504	-0.024883	5.209642
105.029778	10246.706452	12.570496	-0.024860	5.209633
105.032280	10246.707460	12.575488	-0.024861	5.209634
105.033020	10246.691996	12.580480	-0.024861	5.209630
105.142614	10246.674376	12.585472	-0.024888	5.209628
105.058543	10246.741873	12.590464	-0.024867	5.209643
105.081957	10246.674135	12.595456	-0.024873	5.209627
105.159223	10246.690561	12.600448	-0.024892	5.209633
105.082803	10246.667610	12.605440	-0.024873	5.209625
105.104669	10246.715316	12.610432	-0.024879	5.209637
105.251305	10246.691350	12.615424	-0.024914	5.209635
105.036785	10246.711971	12.620416	-0.024862	5.209635
105.019086	10246.713762	12.625408	-0.024858	5.209635
104.901124	10246.732204	12.630400	-0.024830	5.209636
105.099407	10246.729860	12.635392	-0.024878	5.209641
105.064959	10246.767948	12.640384	-0.024869	5.209649
105.173605	10246.692782	12.645376	-0.024895	5.209634
105.047580	10246.676180	12.650368	-0.024865	5.209626
105.127155	10246.698775	12.655360	-0.024884	5.209634
104.918217	10246.718827	12.660352	-0.024834	5.209634
105.070593	10246.735264	12.665344	-0.024871	5.209641
105.104269	10246.695939	12.670336	-0.024879	5.209633
105.016472	10246.697208	12.675328	-0.024858	5.209631
105.035987	10246.665734	12.680320	-0.024863	5.209624
105.042731	10246.667590	12.685312	-0.024864	5.209624
105.229872	10246.662542	12.690304	-0.024909	5.209628
105.132834	10246.659631	12.695296	-0.024886	5.209625
105.216438	10246.680533	12.700288	-0.024906	5.209632
105.206140	10246.655949	12.705280	-0.024904	5.209625
105.085573	10246.722052	12.710272	-0.024875	5.209639
105.182066	10246.719861	12.715264	-0.024898	5.209640
105.140013	10246.675465	12.720256	-0.024888	5.209629
105.060746	10246.716852	12.725248	-0.024869	5.209637
105.143210	10246.722500	12.730240	-0.024889	5.209640
105.203659	10246.689406	12.735232	-0.024903	5.209634
105.185350	10246.681012	12.740224	-0.024899	5.209631
104.994682	10246.699196	12.745216	-0.024853	5.209631
105.084451	10246.770708	12.750208	-0.024875	5.209650
105.125033	10246.719148	12.755200	-0.024885	5.209639
105.053597	10246.707216	12.760192	-0.024868	5.209634
105.139764	10246.681742	12.765184	-0.024888	5.209630
105.024382	10246.689672	12.770176	-0.024861	5.209629
105.052027	10246.703483	12.775168	-0.024867	5.209633
105.062705	10246.657541	12.780160	-0.024870	5.209622
105.187408	10246.697302	12.785152	-0.024900	5.209635
105.098183	10246.685906	12.790144	-0.024879	5.209630
105.024843	10246.681855	12.795136	-0.024861	5.209627
105.132982	10246.674631	12.800128	-0.024887	5.209628
105.219952	10246.660604	12.805120	-0.024908	5.209627
105.263957	10246.720138	12.810112	-0.024918	5.209643
105.222686	10246.661571	12.815104	-0.024909	5.209627
105.146364	10246.701377	12.820096	-0.024890	5.209635
105.160468	10246.679423	12.825088	-0.024894	5.209630
105.129387	10246.680020	12.830080	-0.024886	5.209630
105.078825	10246.697979	12.835072	-0.024874	5.209633
105.193564	10246.728510	12.840064	-0.024902	5.209643
105.093745	10246.673364	12.845056	-0.024878	5.209627
105.043312	10246.675938	12.850048	-0.024866	5.209626
105.160469	10246.637050	12.855040	-0.024894	5.209620
105.033136	10246.726901	12.860032	-0.024864	5.209639
105.152110	10246.669894	12.865024	-0.024892	5.209628
105.013689	10246.695549	12.870016	-0.024859	5.209630
105.141394	10246.661988	12.875008	-0.024890	5.209625
105.169371	10246.638617	12.880000	-0.024896	5.209620
105.131226	10246.666836	12.884992	-0.024887	5.209626
105.157528	10246.691032	12.889984	-0.024894	5.209633
105.014834	10246.715843	12.894976	-0.024859	5.209635
105.044695	10246.710213	12.899968	-0.024867	5.209635
105.128574	10246.652949	12.904960	-0.024887	5.209623
105.088557	10246.685202	12.909952	-0.024877	5.209630
105.179853	10246.665609	12.914944	-0.024899	5.209627
105.107937	10246.652445	12.919936	-0.024882	5.209622
105.290227	10246.690164	12.924928	-0.024926	5.209636
105.187447	10246.678872	12.929920	-0.024901	5.209631
105.144160	10246.705055	12.934912	-0.024891	5.209636
105.126544	10246.704276	12.939904	-0.024887	5.209635
105.185453	10246.686711	12.944896	-0.024901	5.209633
105.146024	10246.703532	12.949888	-0.024891	5.209636
105.168738	10246.675575	12.954880	-0.024897	5.209630
105.136338	10246.731388	12.959872	-0.024889	5.209642
105.071268	10246.647072	12.964864	-0.024873	5.209620
105.060855	10246.655805	12.969856	-0.024871	5.209622
105.107710	10246.720172	12.974848	-0.024882	5.209639
105.163452	10246.644007	12.979840	-0.024896	5.209622
105.257539	10246.707391	12.984832	-0.024918	5.209640
105.184995	10246.704539	12.989824	-0.024901	5.209637
105.229363	10246.670526	12.994816	-0.024912	5.209630
105.099590	10243.986566	12.999808	-0.024880	5.208971
105.209843	10238.805758	13.004813	-0.024906	5.207707
105.231958	10233.645425	13.009818	-0.024911	5.206446
105.044741	10228.458035	13.014823	-0.024866	5.205173
105.067999	10223.265653	13.019827	-0.024871	5.203904
104.995381	10218.141815	13.024832	-0.024853	5.202648
105.119182	10212.917354	13.029837	-0.024882	5.201373
104.892263	10207.984117	13.034842	-0.024828	5.200160
104.900486	10203.097934	13.039847	-0.024829	5.198964
104.923337	10197.904143	13.044851	-0.024834	5.197692
104.854321	10192.824359	13.049856	-0.024817	5.196447
104.787783	10187.427026	13.054861	-0.024801	5.195122
104.835864	10181.745324	13.059866	-0.024812	5.193731
104.769569	10176.644980	13.064871	-0.024796	5.192479
104.775243	10171.464550	13.069875	-0.024797	5.191209
104.869966	10166.524311	13.074880	-0.024819	5.190000
104.622611	10161.622165	13.079885	-0.024759	5.188791
104.597837	10156.498232	13.084890	-0.024753	5.187534
104.589953	10151.308914	13.089895	-0.024751	5.186260
104.544832	10146.086624	13.094899	-0.024739	5.184977
104.542328	10140.881511	13.099904	-0.024738	5.183698
104.457664	10135.737151	13.104909	-0.024718	5.182433
104.563408	10130.562614	13.109914	-0.024743	5.181164
104.733835	10125.616256	13.114919	-0.024783	5.179953
104.555933	10120.682318	13.119923	-0.024740	5.178736
104.639720	10115.594997	13.124928	-0.024760	5.177488
104.646360	10110.421819	13.129933	-0.024761	5.176216
104.571487	10105.035163	13.134938	-0.024742	5.174889
104.509528	10099.607942	13.139943	-0.024727	5.173552
104.363993	10094.508130	13.144947	-0.024692	5.172293
104.336483	10089.338731	13.149952	-0.024685	5.171020
104.289407	10084.508682	13.154957	-0.024673	5.169830
104.286595	10079.413922	13.159962	-0.024672	5.168575
104.362232	10074.281625	13.164967	-0.024690	5.167313
104.286455	10069.098302	13.169971	-0.024671	5.166034
104.185141	10063.926612	13.174976	-0.024646	5.164756
104.182423	10058.745684	13.179981	-0.024645	5.163479
104.188228	10053.622097	13.184986	-0.024646	5.162216
104.188426	10048.497831	13.189991	-0.024646	5.160952
104.218447	10043.670256	13.194995	-0.024653	5.159762
104.138441	10038.667110	13.200000	-0.024633	5.158525
104.083670	10033.508164	13.205005	-0.024620	5.157251
104.146152	10028.378338	13.210010	-0.024634	5.155986
104.175205	10022.568185	13.215015	-0.024641	5.154552
103.984740	10017.340692	13.220019	-0.024595	5.153256
103.989082	10012.232485	13.225024	-0.024595	5.151994
103.968638	10007.034735	13.230029	-0.024590	5.150709
104.019569	10002.325604	13.235034	-0.024602	5.149546
103.807018	9997.178957	13.240039	-0.024550	5.148268
103.709164	9991.997202	13.245043	-0.024527	5.146984
103.794159	9986.924330	13.250048	-0.024546	5.145731
103.778207	9981.660540	13.255053	-0.024542	5.144429
103.687133	9976.507189	13.260058	-0.024520	5.143151
103.817655	9971.308246	13.265063	-0.024551	5.141867
103.765901	9966.286821	13.270067	-0.024538	5.140623
103.705354	9961.485640	13.275072	-0.024523	5.139432
103.826064	9956.265008	13.280077	-0.024552	5.138142
103.731001	9951.118460	13.285082	-0.024528	5.136864
103.660987	9945.903716	13.290087	-0.024511	5.135570
103.546012	9940.350250	13.295091	-0.024483	5.134190
103.600785	9935.247891	13.300096	-0.024496	5.132926
103.503896	9930.075400	13.305101	-0.024472	5.131640
103.606976	9925.148895	13.310106	-0.024496	5.130421
103.515189	9920.233747	13.315111	-0.024474	5.129199
103.559991	9915.073287	13.320115	-0.024484	5.127919
103.305457	9909.879369	13.325120	-0.024423	5.126622
103.385771	9904.727632	13.330125	-0.024442	5.125345
103.501790	9899.481457	13.335130	-0.024469	5.124045
103.338721	9894.397007	13.340135	-0.024430	5.122777
103.304668	9889.165111	13.345139	-0.024421	5.121476
103.265890	9884.393408	13.350144	-0.024411	5.120289
103.266545	9879.352277	13.355149	-0.024411	5.119035
103.164310	9874.241037	13.360154	-0.024386	5.117761
103.354225	9869.077100	13.365159	-0.024431	5.116482
103.131590	9863.530313	13.370163	-0.024378	5.115095
103.081159	9858.300637	13.375168	-0.024365	5.113792
103.090130	9853.033044	13.380173	-0.024367	5.112481
103.245829	9847.963404	13.385178	-0.024404	5.111223
103.060257	9843.219080	13.390183	-0.024359	5.110036
103.022387	9838.100953	13.395187	-0.024349	5.108759
103.041022	9832.893824	13.400192	-0.024353	5.107462
103.025405	9827.739464	13.405197	-0.024349	5.106177
103.091100	9822.474560	13.410202	-0.024364	5.104866
102.959025	9817.374795	13.415207	-0.024332	5.103590
102.876763	9812.215645	13.420211	-0.024312	5.102301
102.777435	9807.156083	13.425216	-0.024288	5.101036
102.863128	9802.336937	13.430221	-0.024308	5.099835
102.811841	9797.188118	13.435226	-0.024296	5.098548
102.760108	9792.005664	13.440231	-0.024283	5.097253
102.855179	9786.770326	13.445235	-0.024305	5.095948
102.899636	9781.259712	13.450240	-0.024315	5.094572
102.702112	9776.066737	13.455245	-0.024268	5.093269
102.695426	9770.944490	13.460250	-0.024265	5.091988
102.678821	9765.999449	13.465255	-0.024261	5.090751
102.589889	9761.032699	13.470259	-0.024239	5.089506
102.531374	9755.880271	13.475264	-0.024225	5.088216
102.498170	9750.665132	13.480269	-0.024217	5.086910
102.499095	9745.585855	13.485274	-0.024216	5.085639
102.552650	9740.335957	13.490279	-0.024229	5.084326
102.490535	9735.155577	13.495283	-0.024213	5.083027
102.481607	9730.057638	13.500288	-0.024211	5.081749
102.441139	9725.145284	13.505293	-0.024201	5.080517
102.417961	9720.138713	13.510298	-0.024195	5.079262
102.350271	9714.980385	13.515303	-0.024178	5.077967
102.373448	9709.840252	13.520307	-0.024183	5.076679
102.279239	9704.087738	13.525312	-0.024160	5.075233
102.295770	9698.942437	13.530317	-0.024164	5.073943
102.183284	9693.732585	13.535322	-0.024137	5.072633
102.203709	9688.642953	13.540327	-0.024141	5.071356
102.276602	9683.858080	13.545331	-0.024158	5.070156
102.228458	9678.727951	13.550336	-0.024146	5.068867
102.228214	9673.506554	13.555341	-0.024146	5.067555
102.148389	9668.402664	13.560346	-0.024126	5.066271
102.203361	9663.230899	13.565351	-0.024139	5.064972
102.095808	9658.055900	13.570355	-0.024113	5.063668
102.101959	9652.855267	13.575360	-0.024114	5.062361
102.047863	9647.825643	13.580365	-0.024100	5.061094
102.087847	9643.024471	13.585370	-0.024109	5.059888
102.026557	9637.846826	13.590375	-0.024094	5.058583
102.057391	9632.654716	13.595379	-0.024101	5.057277
101.943410	9627.355796	13.600384	-0.024074	5.055940
101.980080	9621.917802	13.605389	-0.024082	5.054571
101.948265	9616.750843	13.610394	-0.024074	5.053269
101.854723	9611.601206	13.615399	-0.024051	5.051968
101.808886	9606.704894	13.620403	-0.024040	5.050733
101.953061	9601.716666	13.625408	-0.024074	5.049480
101.812524	9596.560424	13.630413	-0.024040	5.048175
101.873757	9591.364236	13.635418	-0.024054	5.046867
101.827212	9586.266346	13.640423	-0.024042	5.045579
101.649306	9581.103783	13.645427	-0.023999	5.044271
101.711197	9575.918949	13.650432	-0.024014	5.042964
101.628805	9570.779874	13.655437	-0.023994	5.041664
101.580917	9566.047158	13.660442	-0.023982	5.040467
101.577703	9560.911080	13.665447	-0.023981	5.039170
101.408341	9555.724580	13.670451	-0.023940	5.037854
101.496107	9550.445650	13.675456	-0.023960	5.036523
101.475453	9544.705728	13.680461	-0.023955	5.035071
101.443926	9539.614370	13.685466	-0.023947	5.033783
101.511102	9534.422355	13.690471	-0.023962	5.032471
101.474754	9529.429215	13.695475	-0.023953	5.031207
101.450310	9524.533351	13.700480	-0.023947	5.029967
101.252718	9519.385843	13.705485	-0.023899	5.028658
101.410399	9514.200485	13.710490	-0.023937	5.027350
101.317038	9509.027091	13.715495	-0.023914	5.026037
101.321758	9503.782815	13.720499	-0.023914	5.024709
101.104455	9498.664171	13.725504	-0.023862	5.023405
101.087796	9493.516401	13.730509	-0.023858	5.022100
101.226544	9488.641657	13.735514	-0.023890	5.020868
101.168893	9483.601170	13.740519	-0.023876	5.019588
101.349410	9478.375458	13.745523	-0.023919	5.018268
101.043347	9473.297746	13.750528	-0.023845	5.016970
101.085033	9467.755886	13.755533	-0.023855	5.015565
101.112570	9462.546831	13.760538	-0.023861	5.014243
101.068396	9457.329475	13.765543	-0.023850	5.012917
100.849495	9452.308195	13.770547	-0.023797	5.011635
101.054172	9447.471012	13.775552	-0.023846	5.010412
100.964992	9442.271794	13.780557	-0.023824	5.009088
101.208307	9437.082251	13.785562	-0.023882	5.007777
101.031200	9432.014451	13.790567	-0.023839	5.006483
100.979636	9426.844186	13.795571	-0.023826	5.005166
100.920602	9421.768247	13.800576	-0.023812	5.003873
100.880577	9416.525682	13.805581	-0.023802	5.002538
100.924254	9411.586928	13.810586	-0.023812	5.001282
100.815592	9406.670688	13.815591	-0.023785	5.000027
100.847705	9401.441646	13.820595	-0.023793	4.998696
100.829697	9396.353773	13.825600	-0.023788	4.997400
100.657754	9390.716627	13.830605	-0.023746	4.995958
100.696387	9385.345287	13.835610	-0.023755	4.994590
100.712183	9380.225586	13.840615	-0.023758	4.993286
100.663279	9375.057735	13.845619	-0.023746	4.991966
100.707243	9370.381468	13.850624	-0.023756	4.990775
100.673285	9365.114040	13.855629	-0.023748	4.989430
100.486344	9359.952762	13.860634	-0.023703	4.988107
100.510610	9354.869238	13.865639	-0.023708	4.986810
100.562904	9349.664936	13.870643	-0.023720	4.985483
100.574915	9344.498826	13.875648	-0.023722	4.984164
100.556503	9339.242585	13.880653	-0.023718	4.982820
100.507700	9334.342173	13.885658	-0.023706	4.981567
100.413878	9329.468204	13.890663	-0.023683	4.980318
100.344700	9324.333541	13.895667	-0.023666	4.979003
100.446790	9319.167713	13.900672	-0.023690	4.977685
100.232096	9313.785653	13.905677	-0.023638	4.976301
100.377499	9308.469531	13.910682	-0.023672	4.974946
100.307747	9303.262476	13.915687	-0.023655	4.973611
100.194347	9298.097718	13.920691	-0.023628	4.972285
100.213163	9293.321125	13.925696	-0.023632	4.971062
100.159288	9288.219770	13.930701	-0.023618	4.969754
100.071703	9283.063129	13.935706	-0.023597	4.968430
100.119144	9277.935819	13.940711	-0.023608	4.967117
100.116090	9272.699366	13.945715	-0.023607	4.965775
100.033543	9267.620525	13.950720	-0.023587	4.964470
99.981348	9262.366358	13.955725	-0.023574	4.963120
99.971255	9257.406367	13.960730	-0.023571	4.961848
100.090793	9252.556406	13.965735	-0.023599	4.960607
100.003139	9247.421540	13.970739	-0.023578	4.959286
99.899835	9242.225633	13.975744	-0.023552	4.957949
99.925359	9236.761862	13.980749	-0.023558	4.956546
100.004309	9231.313441	13.985754	-0.023576	4.955149
99.885049	9226.164057	13.990759	-0.023548	4.953822
99.724240	9220.983774	13.995763	-0.023509	4.952485
99.895147	9216.113190	14.000768	-0.023549	4.951238
99.780687	9211.053507	14.005773	-0.023521	4.949933
99.869515	9205.878005	14.010778	-0.023542	4.948605
99.731458	9200.767078	14.015783	-0.023509	4.947285
99.630758	9195.536305	14.020787	-0.023484	4.945936
99.609929	9190.413073	14.025792	-0.023479	4.944616
99.714982	9185.151299	14.030797	-0.023503	4.943265
99.683799	9180.173957	14.035802	-0.023496	4.941981
99.638015	9175.324597	14.040807	-0.023484	4.940730
99.575743	9170.183077	14.045811	-0.023469	4.939403
99.665682	9165.007458	14.050816	-0.023490	4.938072
99.592760	9159.557784	14.055821	-0.023472	4.936664
99.550324	9154.221901	14.060826	-0.023461	4.935287
99.520479	9149.132695	14.065831	-0.023454	4.933973
99.441027	9143.931573	14.070835	-0.023434	4.932628
99.456474	9139.085909	14.075840	-0.023438	4.931377
99.445503	9134.049073	14.080845	-0.023435	4.930076
99.290279	9128.874101	14.085850	-0.023397	4.928734
99.386844	9123.732883	14.090855	-0.023420	4.927409
99.294548	9118.495755	14.095859	-0.023397	4.926053
99.320420	9113.401592	14.100864	-0.023403	4.924737
99.324214	9108.229584	14.105869	-0.023403	4.923400
99.224620	9103.173949	14.110874	-0.023379	4.922089
99.137667	9098.309882	14.115879	-0.023358	4.920828
99.271196	9093.164736	14.120883	-0.023390	4.919501
99.219129	9088.000771	14.125888	-0.023377	4.918162
99.064312	9082.509376	14.130893	-0.023339	4.916735
99.098985	9077.121158	14.135898	-0.023347	4.915341
99.053250	9072.010178	14.140903	-0.023336	4.914015
99.055492	9066.738845	14.145907	-0.023336	4.912650
98.916748	9062.038021	14.150912	-0.023302	4.911426
99.020294	9056.906556	14.155917	-0.023326	4.910100
98.890248	9051.752073	14.160922	-0.023295	4.908758
98.931065	9046.587172	14.165927	-0.023304	4.907420
98.861526	9041.357739	14.170931	-0.023287	4.906061
98.800131	9036.240542	14.175936	-0.023272	4.904730
98.750606	9030.992114	14.180941	-0.023260	4.903366
98.815579	9026.091702	14.185946	-0.023275	4.902096
98.807543	9021.193875	14.190951	-0.023273	4.900823
98.734578	9015.990027	14.195955	-0.023255	4.899468
98.722661	9010.814307	14.200960	-0.023251	4.898123
98.809253	9005.377074	14.205965	-0.023272	4.896712
98.770155	9000.060257	14.210970	-0.023262	4.895328
98.586322	8994.928776	14.215975	-0.023217	4.893987
98.569768	8989.825484	14.220979	-0.023213	4.892659
98.559017	8985.092218	14.225984	-0.023210	4.891427
98.566263	8979.908066	14.230989	-0.023211	4.890077
98.566037	8974.744329	14.235994	-0.023211	4.888733
98.434190	8969.634509	14.240999	-0.023179	4.887397
98.399427	8964.418377	14.246003	-0.023170	4.886037
98.459712	8959.274714	14.251008	-0.023184	4.884698
98.458774	8954.001817	14.256013	-0.023184	4.883324
98.392953	8949.206055	14.261018	-0.023167	4.882071
98.553275	8944.206181	14.266023	-0.023205	4.880772
98.313787	8939.050015	14.271027	-0.023148	4.879419
98.399432	8933.905058	14.276032	-0.023168	4.878079
98.306895	8928.180624	14.281037	-0.023145	4.876581
98.287614	8923.008666	14.286042	-0.023140	4.875230
98.225694	8917.800929	14.291047	-0.023125	4.873868
98.216846	8912.732002	14.296051	-0.023122	4.872543
98.199423	8907.927211	14.301056	-0.023118	4.871287
98.244870	8902.707880	14.306061	-0.023128	4.869924
98.205153	8897.538641	14.311066	-0.023118	4.868571
98.046673	8892.453926	14.316071	-0.023080	4.867235
98.029178	8887.172385	14.321075	-0.023075	4.865853
98.146329	8882.032541	14.326080	-0.023103	4.864512
98.024473	8876.899434	14.331085	-0.023073	4.863164
98.012967	8872.061402	14.336090	-0.023070	4.861897
98.040532	8867.017846	14.341095	-0.023076	4.860577
97.961166	8861.861676	14.346099	-0.023057	4.859223
97.981618	8856.674167	14.351104	-0.023061	4.857864
97.840882	8851.105438	14.356109	-0.023027	4.856400
97.735012	8845.981235	14.361114	-0.023001	4.855052
97.668029	8840.812653	14.366119	-0.022985	4.853694
97.811074	8835.822345	14.371123	-0.023019	4.852390
97.692484	8830.895700	14.376128	-0.022990	4.851093
97.703381	8825.736049	14.381133	-0.022992	4.849739
97.713170	8820.595821	14.386138	-0.022994	4.848389
97.713296	8815.363282	14.391143	-0.022994	4.847015
97.541669	8810.153701	14.396147	-0.022952	4.845640
97.592626	8804.949159	14.401152	-0.022964	4.844274
97.639099	8799.794192	14.406157	-0.022974	4.842921
97.681939	8795.016304	14.411162	-0.022984	4.841666
97.600712	8789.872391	14.416167	-0.022964	4.840310
97.650119	8784.721212	14.421171	-0.022976	4.838957
97.548165	8779.382641	14.426176	-0.022951	4.837548
97.377191	8773.799171	14.431181	-0.022910	4.836072
97.376659	8768.716397	14.436186	-0.022909	4.834734
97.230163	8763.541699	14.441191	-0.022874	4.833365
97.234341	8758.647145	14.446195	-0.022874	4.832076
97.361374	8753.638346	14.451200	-0.022904	4.830761
97.355135	8748.385520	14.456205	-0.022902	4.829376
97.280794	8743.288202	14.461210	-0.022884	4.828029
97.220315	8738.150140	14.466215	-0.022869	4.826671
97.204948	8732.903070	14.471219	-0.022865	4.825287
97.403278	8727.732658	14.476224	-0.022912	4.823929
97.213204	8722.814736	14.481229	-0.022866	4.822624
97.212509	8717.865547	14.486234	-0.022866	4.821317
97.202245	8712.765412	14.491239	-0.022863	4.819970
97.180647	8707.573788	14.496243	-0.022857	4.818597
97.144059	8702.117649	14.501248	-0.022848	4.817154
96.925524	8696.967619	14.506253	-0.022795	4.815784
96.997778	8691.669258	14.511258	-0.022812	4.814386
97.026840	8686.657060	14.516263	-0.022819	4.813061
96.914789	8681.748879	14.521267	-0.022791	4.811759
96.835304	8676.664041	14.526272	-0.022772	4.810410
96.957714	8671.529498	14.531277	-0.022801	4.809055
96.912449	8666.285879	14.536282	-0.022789	4.807665
96.947948	8661.133617	14.541287	-0.022798	4.806302
96.921602	8655.959827	14.546291	-0.022791	4.804930
96.792975	8650.775052	14.551296	-0.022760	4.803551
96.808366	8646.076343	14.556301	-0.022763	4.802306
96.785663	8640.946390	14.561306	-0.022757	4.800945
96.727130	8635.814796	14.566311	-0.022743	4.799581
96.687033	8630.547913	14.571315	-0.022733	4.798182
96.664386	8624.874308	14.576320	-0.022727	4.796676
96.616307	8619.736418	14.581325	-0.022715	4.795310
96.584787	8614.517693	14.586330	-0.022707	4.793923
96.660139	8609.650561	14.591335	-0.022724	4.792633
96.598967	8604.643443	14.596339	-0.022709	4.791300
96.391257	8599.449819	14.601344	-0.022659	4.789911
96.571042	8594.323929	14.606349	-0.022702	4.788556
96.570691	8589.008316	14.611354	-0.022701	4.787142
96.511190	8583.979760	14.616359	-0.022687	4.785802
96.334412	8578.800680	14.621363	-0.022644	4.784417
96.375735	8573.803822	14.626368	-0.022653	4.783089
96.363569	8568.904030	14.631373	-0.022650	4.781784
96.285895	8563.722058	14.636378	-0.022631	4.780401
96.302907	8558.599330	14.641383	-0.022635	4.779037
96.142859	8553.134807	14.646387	-0.022596	4.777574
96.214877	8547.865415	14.651392	-0.022613	4.776172
96.247354	8542.723894	14.656397	-0.022620	4.774803
96.235221	8537.554061	14.661402	-0.022617	4.773424
96.163949	8532.853027	14.666407	-0.022599	4.772167
96.116983	8527.658399	14.671411	-0.022588	4.770779
96.211423	8522.443454	14.676416	-0.022610	4.769390
96.113186	8517.303788	14.681421	-0.022586	4.768014
96.070075	8512.080425	14.686426	-0.022575	4.766617
96.026738	8506.966132	14.691431	-0.022564	4.765249
96.020805	8501.742707	14.696435	-0.022562	4.763853
95.953457	8497.020276	14.701440	-0.022546	4.762588
95.888935	8491.922798	14.706445	-0.022530	4.761222
95.996385	8486.685962	14.711450	-0.022555	4.759826
95.761811	8481.506828	14.716455	-0.022499	4.758431
95.709420	8475.858053	14.721459	-0.022486	4.756917
95.833811	8470.744685	14.726464	-0.022515	4.755553
95.678161	8465.485259	14.731469	-0.022477	4.754139
95.673463	8460.656117	14.736474	-0.022476	4.752845
95.690057	8455.610779	14.741479	-0.022479	4.751494
95.726692	8450.395027	14.746483	-0.022488	4.750097
95.514202	8445.275929	14.751488	-0.022436	4.748716
95.493257	8440.083418	14.756493	-0.022431	4.747323
95.502139	8434.965973	14.761498	-0.022433	4.745951
95.639229	8429.708810	14.766503	-0.022465	4.744545
95.510487	8424.825301	14.771507	-0.022434	4.743229
95.385977	8419.887911	14.776512	-0.022404	4.741899
95.555775	8414.718646	14.781517	-0.022444	4.740517
95.528567	8409.505843	14.786522	-0.022437	4.739116
95.456277	8404.082934	14.791527	-0.022419	4.737656
95.377053	8398.823008	14.796531	-0.022400	4.736239
95.491230	8393.620514	14.801536	-0.022427	4.734844
95.522917	8388.624517	14.806541	-0.022434	4.733502
95.378069	8383.727140	14.811546	-0.022399	4.732178
95.338771	8378.636726	14.816551	-0.022389	4.730807
95.253329	8373.450361	14.821555	-0.022368	4.729407
95.248364	8368.332302	14.826560	-0.022366	4.728029
95.231996	8363.063317	14.831565	-0.022362	4.726609
95.110525	8357.964657	14.836570	-0.022333	4.725230
95.080691	8352.844461	14.841575	-0.022325	4.723849
95.080404	8348.079105	14.846579	-0.022325	4.722565
95.215479	8342.866335	14.851584	-0.022356	4.721164
95.160320	8337.708083	14.856589	-0.022343	4.719771
95.013287	8332.286447	14.861594	-0.022307	4.718302
95.020488	8326.821254	14.866599	-0.022308	4.716827
94.936112	8321.673376	14.871603	-0.022288	4.715434
94.877376	8316.537032	14.876608	-0.022273	4.714044
94.926137	8311.741807	14.881613	-0.022285	4.712751
94.953636	8306.553739	14.886618	-0.022291	4.711350
94.980916	8301.455004	14.891623	-0.022297	4.709973
94.817533	8296.233186	14.896627	-0.022257	4.708554
94.831327	8291.070290	14.901632	-0.022260	4.707158
94.869025	8285.876437	14.906637	-0.022269	4.705754
94.836216	8280.775606	14.911642	-0.022260	4.704373
94.648773	8275.913188	14.916647	-0.022215	4.703049
94.642163	8270.883956	14.921651	-0.022213	4.701686
94.715796	8265.658385	14.926656	-0.022230	4.700274
94.888282	8260.474547	14.931661	-0.022271	4.698877
94.596710	8254.917500	14.936666	-0.022201	4.697358
94.484341	8249.908263	14.941671	-0.022174	4.695996
94.533459	8244.660518	14.946675	-0.022185	4.694575
94.556702	8239.826807	14.951680	-0.022190	4.693264
94.580797	8234.738928	14.956685	-0.022196	4.691885
94.405302	8229.591211	14.961690	-0.022153	4.690480
94.363642	8224.463592	14.966695	-0.022143	4.689086
94.393695	8219.289693	14.971699	-0.022149	4.687682
94.419122	8214.078981	14.976704	-0.022155	4.686268
94.447988	8208.966938	14.981709	-0.022162	4.684879
94.349545	8204.018438	14.986714	-0.022138	4.683530
94.255643	8199.115463	14.991719	-0.022115	4.682193
94.204745	8193.854947	14.996723	-0.022102	4.680760
94.203480	8188.768499	15.001728	-0.022101	4.679376
94.203222	8183.022778	15.006733	-0.022101	4.677812
94.196760	8177.902505	15.011738	-0.022099	4.676418
94.192389	8172.643599	15.016743	-0.022097	4.674986
94.218976	8167.706923	15.021747	-0.022103	4.673642
94.165972	8162.753097	15.026752	-0.022090	4.672290
94.078151	8157.679019	15.031757	-0.022069	4.670903
94.116953	8152.451672	15.036762	-0.022078	4.669479
94.060383	8147.330036	15.041767	-0.022064	4.668080
93.954022	8142.104446	15.046771	-0.022038	4.666650
94.124788	8136.911591	15.051776	-0.022078	4.665240
94.072642	8131.901431	15.056781	-0.022065	4.663870
94.003631	8127.022283	15.061786	-0.022048	4.662535
93.801429	8121.904830	15.066791	-0.022000	4.661128
93.761639	8116.794402	15.071795	-0.021990	4.659730
93.793692	8111.297372	15.076800	-0.021997	4.658229
93.899133	8106.033779	15.081805	-0.022022	4.656795
93.733443	8100.870263	15.086810	-0.021982	4.655375
93.660155	8095.869574	15.091815	-0.021964	4.654004
93.707140	8090.973526	15.096819	-0.021974	4.652666
93.714437	8085.788620	15.101824	-0.021976	4.651247
93.661754	8080.664901	15.106829	-0.021963	4.649842
93.593343	8075.443796	15.111834	-0.021946	4.648409
93.467673	8070.340451	15.116839	-0.021915	4.647006
93.527286	8065.138816	15.121843	-0.021929	4.645583
93.445003	8060.221923	15.126848	-0.021909	4.644231
93.500540	8055.281277	15.131853	-0.021922	4.642879
93.453948	8050.121521	15.136858	-0.021910	4.641461
93.587647	8044.957549	15.141863	-0.021942	4.640050
93.377503	8039.436796	15.146867	-0.021891	4.638526
93.525834	8034.037259	15.151872	-0.021926	4.637049
93.320467	8028.848994	15.156877	-0.021877	4.635616
93.267707	8023.896055	15.161882	-0.021864	4.634252
93.337670	8018.989810	15.166887	-0.021880	4.632907
93.217042	8013.898427	15.171891	-0.021851	4.631502
93.280111	8008.673788	15.176896	-0.021865	4.630068
93.243876	8003.548289	15.181901	-0.021856	4.628657
93.159788	7998.312884	15.186906	-0.021836	4.627213
93.147747	7993.167432	15.191911	-0.021832	4.625796
93.129785	7988.092533	15.196915	-0.021828	4.624398
92.987735	7983.292911	15.201920	-0.021793	4.623070
93.047884	7978.155269	15.206925	-0.021807	4.621657
93.061805	7972.901986	15.211930	-0.021810	4.620210
92.991345	7967.548375	15.216935	-0.021793	4.618731
92.993346	7962.188266	15.221939	-0.021793	4.617253
92.911447	7957.119473	15.226944	-0.021773	4.615851
92.813318	7952.044673	15.231949	-0.021749	4.614447
92.913803	7947.077469	15.236954	-0.021773	4.613080
92.950545	7942.006645	15.241959	-0.021781	4.611682
92.869024	7936.778952	15.246963	-0.021761	4.610235
92.904789	7931.651521	15.251968	-0.021769	4.608820
92.685452	7926.491152	15.256973	-0.021716	4.607384
92.660675	7921.321353	15.261978	-0.021710	4.605954
92.829575	7916.260703	15.266983	-0.021750	4.604562
92.811302	7911.386431	15.271987	-0.021745	4.603213
92.611283	7906.291434	15.276992	-0.021697	4.601794
92.706736	7901.096045	15.281997	-0.021719	4.600361
92.556631	7895.576771	15.287002	-0.021683	4.598826
92.569666	7890.265086	15.292007	-0.021686	4.597355
92.444464	7885.085726	15.297011	-0.021655	4.595915
92.555029	7880.047662	15.302016	-0.021681	4.594524
92.593516	7875.082503	15.307021	-0.021690	4.593149
92.513677	7869.989492	15.312026	-0.021670	4.591733
92.295690	7864.896961	15.317031	-0.021618	4.590311
92.410411	7859.686551	15.322035	-0.021645	4.588870
92.440969	7854.495979	15.327040	-0.021652	4.587431
92.393918	7849.282605	15.332045	-0.021640	4.585982
92.262549	7844.361178	15.337050	-0.021608	4.584609
92.541361	7839.406725	15.342055	-0.021674	4.583245
92.329738	7834.259898	15.347059	-0.021623	4.581805
92.256617	7829.143708	15.352064	-0.021606	4.580380
92.245816	7823.636111	15.357069	-0.021602	4.578848
92.191845	7818.414632	15.362074	-0.021589	4.577393
92.131533	7813.293473	15.367079	-0.021574	4.575965
92.192686	7808.250406	15.372083	-0.021588	4.574564
92.069778	7803.362484	15.377088	-0.021559	4.573198
91.994222	7798.189176	15.382093	-0.021540	4.571754
91.978235	7793.070453	15.387098	-0.021536	4.570327
92.068645	7787.889856	15.392103	-0.021557	4.568887
91.990352	7782.645777	15.397107	-0.021538	4.567422
91.941816	7777.555204	15.402112	-0.021526	4.566000
91.964536	7772.517116	15.407117	-0.021531	4.564596
91.819093	7767.628102	15.412122	-0.021496	4.563225
91.939804	7762.539950	15.417127	-0.021524	4.561810
91.768516	7757.348566	15.422131	-0.021483	4.560353
91.670977	7751.691785	15.427136	-0.021459	4.558769
91.833166	7746.476533	15.432141	-0.021497	4.557319
91.712467	7741.277502	15.437146	-0.021468	4.555861
91.660111	7736.336784	15.442151	-0.021455	4.554477
91.555393	7731.372810	15.447155	-0.021430	4.553084
91.650688	7726.189610	15.452160	-0.021452	4.551638
91.749402	7721.027535	15.457165	-0.021475	4.550198
91.611433	7715.793911	15.462170	-0.021442	4.548727
91.507063	7710.720291	15.467175	-0.021416	4.547302
91.499834	7705.525078	15.472179	-0.021414	4.545846
91.585906	7700.566603	15.477184	-0.021434	4.544461
91.537895	7695.623140	15.482189	-0.021422	4.543073
91.550523	7690.445022	15.487194	-0.021425	4.541622
91.415043	7685.236611	15.492199	-0.021392	4.540155
91.419811	7679.732683	15.497203	-0.021393	4.538611
91.250412	7674.614688	15.502208	-0.021352	4.537167
91.358665	7669.438389	15.507213	-0.021377	4.535719
91.331272	7664.547743	15.512218	-0.021370	4.534344
91.268854	7659.520014	15.517223	-0.021355	4.532929
91.245676	7654.196207	15.522227	-0.021349	4.531432
91.248775	7649.003005	15.527232	-0.021349	4.529973
91.095161	7643.857886	15.532237	-0.021312	4.528519
91.183376	7638.603735	15.537242	-0.021333	4.527045
91.189021	7633.526086	15.542247	-0.021334	4.525617
91.142917	7628.742724	15.547251	-0.021322	4.524268
91.072427	7623.599023	15.552256	-0.021305	4.522817
91.129198	7618.445426	15.557261	-0.021318	4.521368
91.111973	7613.123167	15.562266	-0.021314	4.519868
91.074196	7607.603458	15.567271	-0.021304	4.518311
90.976961	7602.431270	15.572275	-0.021280	4.516848
90.975981	7597.290933	15.577280	-0.021280	4.515399
90.890576	7592.511862	15.582285	-0.021259	4.514047
90.807459	7587.325640	15.587290	-0.021239	4.512579
90.774152	7582.274210	15.592295	-0.021230	4.511152
90.868161	7577.015859	15.597299	-0.021252	4.509672
90.856197	7571.856846	15.602304	-0.021249	4.508214
90.686731	7566.727482	15.607309	-0.021208	4.506757
90.695495	7561.598115	15.612314	-0.021210	4.505307
90.655768	7556.830902	15.617319	-0.021200	4.503958
90.680601	7551.678795	15.622323	-0.021205	4.502502
90.633287	7546.513107	15.627328	-0.021193	4.501038
90.572797	7541.085532	15.632333	-0.021179	4.499500
90.547783	7535.840106	15.637338	-0.021172	4.498014
90.527805	7530.651776	15.642343	-0.021167	4.496543
90.516357	7525.610248	15.647347	-0.021164	4.495115
90.810397	7520.670975	15.652352	-0.021234	4.493730
90.502866	7515.620698	15.657357	-0.021160	4.492283
90.482147	7510.398396	15.662362	-0.021154	4.490801
90.451720	7505.227919	15.667367	-0.021147	4.489333
90.454415	7500.079841	15.672371	-0.021147	4.487873
90.490936	7494.921004	15.677376	-0.021155	4.486411
90.224175	7490.025081	15.682381	-0.021091	4.485008
90.343474	7485.026727	15.687386	-0.021119	4.483594
90.277623	7479.910277	15.692391	-0.021103	4.482137
90.315020	7474.650236	15.697395	-0.021111	4.480644
90.166500	7469.224272	15.702400	-0.021075	4.479095
90.119978	7464.118454	15.707405	-0.021064	4.477640
90.149082	7458.812458	15.712410	-0.021070	4.476132
90.176903	7454.007582	15.717415	-0.021077	4.474767
90.139874	7448.930298	15.722419	-0.021067	4.473319
89.959312	7443.777655	15.727424	-0.021024	4.471843
89.859915	7438.633479	15.732429	-0.020999	4.470373
89.942927	7433.413273	15.737434	-0.021019	4.468890
90.035640	7428.263174	15.742439	-0.021041	4.467427
89.891974	7423.023457	15.747443	-0.021006	4.465926
89.998477	7418.235514	15.752448	-0.021031	4.464565
89.965776	7413.173502	15.757453	-0.021023	4.463120
89.806735	7408.034582	15.762458	-0.020984	4.461645
89.934010	7402.657115	15.767463	-0.021014	4.460116
89.904820	7397.293518	15.772467	-0.021007	4.458583
89.767076	7392.140899	15.777472	-0.020973	4.457104
89.708614	7387.113771	15.782477	-0.020959	4.455665
89.655332	7382.168180	15.787482	-0.020946	4.454248
89.717310	7377.050043	15.792487	-0.020960	4.452788
89.818715	7371.887358	15.797491	-0.020984	4.451316
89.672417	7366.730603	15.802496	-0.020949	4.449833
89.570378	7361.560197	15.807501	-0.020924	4.448348
89.565055	7356.394152	15.812506	-0.020922	4.446868
89.598393	7351.452961	15.817511	-0.020930	4.445455
89.597266	7346.458397	15.822515	-0.020929	4.444024
89.472980	7341.307466	15.827520	-0.020899	4.442541
89.489580	7336.195485	15.832525	-0.020902	4.441076
89.248611	7330.566932	15.837530	-0.020844	4.439449
89.386896	7325.357601	15.842535	-0.020877	4.437962
89.411971	7320.161299	15.847539	-0.020882	4.436472
89.444105	7315.302523	15.852544	-0.020890	4.435078
89.249293	7310.298525	15.857549	-0.020843	4.433631
89.318047	7305.060443	15.862554	-0.020859	4.432130
89.165337	7299.923143	15.867559	-0.020822	4.430646
89.230368	7294.714208	15.872563	-0.020837	4.429152
89.284759	7289.542547	15.877568	-0.020849	4.427667
89.125119	7284.424767	15.882573	-0.020811	4.426187
89.240981	7279.614419	15.887578	-0.020838	4.424808
89.157166	7274.465905	15.892583	-0.020818	4.423322
89.137793	7269.294657	15.897587	-0.020812	4.421832
88.950623	7263.984958	15.902592	-0.020767	4.420293
89.019579	7258.644456	15.907597	-0.020783	4.418757
89.060619	7253.428803	15.912602	-0.020793	4.417256
89.040909	7248.445513	15.917607	-0.020788	4.415818
88.998450	7243.543671	15.922611	-0.020777	4.414402
88.797799	7238.395875	15.927616	-0.020729	4.412906
88.832154	7233.247805	15.932621	-0.020736	4.411422
88.787548	7228.039937	15.937626	-0.020725	4.409916
89.001749	7222.911713	15.942631	-0.020776	4.408445
88.745046	7217.763797	15.947635	-0.020714	4.406945
88.754002	7212.800020	15.952640	-0.020716	4.405510
88.844879	7207.838244	15.957645	-0.020737	4.404081
88.719880	7202.684848	15.962650	-0.020707	4.402584
88.703897	7197.448887	15.967655	-0.020703	4.401068
88.711316	7191.814714	15.972659	-0.020704	4.399438
88.544860	7186.652760	15.977664	-0.020664	4.397934
88.538667	7181.519747	15.982669	-0.020662	4.396447
88.498277	7176.699545	15.987674	-0.020652	4.395049
88.459326	7171.581215	15.992679	-0.020642	4.393563
88.490234	7166.411082	15.997683	-0.020649	4.392066
88.614719	7161.184868	16.002688	-0.020678	4.390557
88.378889	7156.062245	16.007693	-0.020621	4.389058
88.271906	7150.917020	16.012698	-0.020595	4.387559
88.327900	7145.874128	16.017703	-0.020608	4.386098
88.270058	7140.958891	16.022707	-0.020594	4.384668
88.323600	7135.795109	16.027712	-0.020607	4.383170
88.111861	7130.683436	16.032717	-0.020555	4.381674
88.336902	7125.126924	16.037722	-0.020609	4.380070
88.170009	7119.987175	16.042727	-0.020568	4.378567
88.182612	7114.768266	16.047731	-0.020571	4.377049
88.214728	7109.875823	16.052736	-0.020578	4.375627
88.217833	7104.856220	16.057741	-0.020579	4.374166
88.074707	7099.694553	16.062746	-0.020544	4.372655
88.229446	7094.602460	16.067751	-0.020581	4.371180
87.976845	7089.341202	16.072755	-0.020520	4.369633
87.975239	7084.186954	16.077760	-0.020519	4.368131
88.115680	7079.045939	16.082765	-0.020552	4.366639
88.066889	7074.246267	16.087770	-0.020540	4.365236
87.810915	7069.166290	16.092775	-0.020478	4.363740
88.003799	7063.917041	16.097779	-0.020524	4.362218
87.822844	7058.486991	16.102784	-0.020480	4.360623
87.820281	7053.169400	16.107789	-0.020479	4.359069
87.869978	7047.955185	16.112794	-0.020491	4.357548
87.749507	7042.960949	16.117799	-0.020461	4.356082
87.797195	7038.012195	16.122803	-0.020472	4.354637
87.775676	7032.854795	16.127808	-0.020467	4.353128
87.635979	7027.739114	16.132813	-0.020433	4.351623
87.597843	7022.545727	16.137818	-0.020423	4.350101
87.675551	7017.357298	16.142823	-0.020442	4.348586
87.620698	7012.171702	16.147827	-0.020428	4.347064
87.626030	7007.352840	16.152832	-0.020429	4.345652
87.639912	7002.308202	16.157837	-0.020432	4.344174
87.505863	6997.090408	16.162842	-0.020399	4.342637
87.562991	6991.800773	16.167847	-0.020413	4.341088
87.511753	6986.444810	16.172851	-0.020400	4.339514
87.489018	6981.239705	16.177856	-0.020394	4.337985
87.334552	6976.242677	16.182861	-0.020357	4.336509
87.330586	6971.339512	16.187866	-0.020355	4.335068
87.272761	6966.220663	16.192871	-0.020341	4.333561
87.263255	6961.058518	16.197875	-0.020338	4.332043
87.253778	6955.850410	16.202880	-0.020336	4.330511
87.292647	6950.711543	16.207885	-0.020344	4.329002
87.055559	6945.547416	16.212890	-0.020287	4.327469
87.092752	6940.683950	16.217895	-0.020296	4.326040
87.050579	6935.646087	16.222899	-0.020285	4.324554
87.039252	6930.527907	16.227904	-0.020282	4.323046
87.142504	6925.202592	16.232909	-0.020306	4.321482
87.137196	6919.679228	16.237914	-0.020305	4.319854
86.988474	6914.512948	16.242919	-0.020269	4.318322
87.143734	6909.364597	16.247923	-0.020305	4.316812
86.950690	6904.561514	16.252928	-0.020259	4.315384
86.916379	6899.417291	16.257933	-0.020250	4.313863
86.843282	6894.184926	16.262938	-0.020232	4.312314
86.883507	6888.994457	16.267943	-0.020241	4.310783
86.759489	6883.864168	16.272947	-0.020211	4.309260
86.710764	6878.733180	16.277952	-0.020199	4.307741
86.711939	6873.800456	16.282957	-0.020199	4.306282
86.737235	6868.716073	16.287962	-0.020205	4.304780
86.781631	6863.605594	16.292967	-0.020215	4.303270
86.758977	6858.374575	16.297971	-0.020209	4.301720
86.732939	6852.930003	16.302976	-0.020202	4.300106
86.703337	6847.789508	16.307981	-0.020195	4.298582
86.784648	6842.591953	16.312986	-0.020214	4.297046
86.546229	6837.891598	16.317991	-0.020156	4.295639
86.560039	6832.741951	16.322995	-0.020159	4.294113
86.427465	6827.586093	16.328000	-0.020127	4.292576
86.436535	6822.405266	16.333005	-0.020129	4.291039
86.309937	6817.223647	16.338010	-0.020098	4.289494
86.353774	6811.998961	16.343015	-0.020108	4.287945
86.398084	6807.006160	16.348019	-0.020118	4.286464
86.283805	6802.086188	16.353024	-0.020091	4.284995
86.406863	6796.937985	16.358029	-0.020120	4.283472
86.278724	6791.704004	16.363034	-0.020089	4.281908
86.274562	6786.167172	16.368039	-0.020087	4.280260
86.259265	6780.977550	16.373043	-0.020083	4.278715
86.382250	6775.781246	16.378048	-0.020112	4.277175
86.266708	6771.029532	16.383053	-0.020084	4.275753
86.287770	6765.808057	16.388058	-0.020088	4.274199
86.126089	6760.678922	16.393063	-0.020049	4.272661
86.135810	6755.541925	16.398067	-0.020051	4.271130
86.174007	6750.322823	16.403072	-0.020060	4.269575
86.145370	6745.139337	16.408077	-0.020053	4.268027
85.969658	6740.249480	16.413082	-0.020010	4.266558
86.068316	6735.246001	16.418087	-0.020033	4.265069
85.900972	6730.114503	16.423091	-0.019993	4.263527
85.843384	6724.855185	16.428096	-0.019979	4.261952
85.878248	6719.419236	16.433101	-0.019987	4.260330
85.893671	6714.291816	16.438106	-0.019990	4.258797
85.911298	6709.025979	16.443111	-0.019994	4.257223
85.846433	6704.211925	16.448115	-0.019978	4.255779
85.710996	6699.090905	16.453120	-0.019945	4.254238
85.692812	6693.943954	16.458125	-0.019940	4.252696
85.551953	6688.735026	16.463130	-0.019906	4.251127
85.753890	6683.557683	16.468135	-0.019954	4.249588
85.518522	6678.414614	16.473139	-0.019897	4.248032
85.688342	6673.492828	16.478144	-0.019937	4.246566
85.673828	6668.481418	16.483149	-0.019933	4.245062
85.653986	6663.298075	16.488154	-0.019928	4.243505
85.548490	6657.957521	16.493159	-0.019903	4.241896
85.563739	6652.444904	16.498163	-0.019906	4.240241
85.480852	6647.293219	16.503168	-0.019886	4.238689
85.525606	6642.245366	16.508173	-0.019896	4.237174
85.421975	6637.304970	16.513178	-0.019871	4.235683
85.405069	6632.177198	16.518183	-0.019866	4.234140
85.292998	6627.054258	16.523187	-0.019839	4.232592
85.307214	6621.789371	16.528192	-0.019842	4.231008
85.219260	6616.691498	16.533197	-0.019820	4.229468
85.255503	6611.489423	16.538202	-0.019829	4.227903
85.255363	6606.657905	16.543207	-0.019828	4.226447
85.279353	6601.606902	16.548211	-0.019833	4.224926
85.130402	6596.451746	16.553216	-0.019797	4.223363
85.278942	6591.066534	16.558221	-0.019833	4.221748
85.149936	6585.712811	16.563226	-0.019801	4.220124
85.103235	6580.556015	16.568231	-0.019790	4.218565
85.203810	6575.539739	16.573235	-0.019813	4.217056
85.065970	6570.662894	16.578240	-0.019780	4.215575
85.156082	6565.474531	16.583245	-0.019801	4.214012
85.003516	6560.361514	16.588250	-0.019764	4.212457
85.070032	6555.149600	16.593255	-0.019780	4.210885
84.951077	6550.017338	16.598259	-0.019751	4.209325
84.934780	6544.841040	16.603264	-0.019746	4.207758
84.886781	6540.080161	16.608269	-0.019734	4.206314
84.859378	6534.922138	16.613274	-0.019727	4.204750
84.839254	6529.768730	16.618279	-0.019722	4.203187
84.664746	6524.254291	16.623283	-0.019680	4.201505
84.790194	6518.936160	16.628288	-0.019710	4.199900
84.636888	6513.839720	16.633293	-0.019672	4.198345
84.567934	6508.890050	16.638298	-0.019656	4.196839
84.704052	6503.883117	16.643303	-0.019688	4.195328
84.601293	6498.727849	16.648307	-0.019663	4.193756
84.593083	6493.550687	16.653312	-0.019660	4.192183
84.610051	6488.380754	16.658317	-0.019664	4.190613
84.581180	6483.182824	16.663322	-0.019657	4.189031
84.512758	6478.179463	16.668327	-0.019640	4.187505
84.437099	6473.311742	16.673331	-0.019621	4.186020
84.508144	6468.107907	16.678336	-0.019638	4.184440
84.394038	6462.988956	16.683341	-0.019610	4.182875
84.382605	6457.427245	16.688346	-0.019607	4.181180
84.390839	6452.312582	16.693351	-0.019608	4.179622
84.334692	6447.168612	16.698355	-0.019595	4.178051
84.319737	6442.309114	16.703360	-0.019591	4.176568
84.300835	6437.186068	16.708365	-0.019586	4.175005
84.291240	6432.019102	16.713370	-0.019583	4.173427
84.259412	6426.886142	16.718375	-0.019575	4.171859
84.208625	6421.629098	16.723379	-0.019562	4.170250
84.322713	6416.420824	16.728384	-0.019589	4.168666
84.116743	6411.635003	16.733389	-0.019539	4.167191
84.068212	6406.625423	16.738394	-0.019527	4.165656
84.072221	6401.518380	16.743399	-0.019528	4.164095
83.745534	6396.191847	16.748403	-0.019449	4.162445
83.870954	6390.680966	16.753408	-0.019479	4.160766
83.862025	6385.504046	16.758413	-0.019476	4.159180
83.858734	6380.491018	16.763418	-0.019475	4.157645
83.962041	6375.526665	16.768423	-0.019499	4.156130
83.813937	6370.346846	16.773427	-0.019464	4.154533
83.957848	6365.196812	16.778432	-0.019498	4.152963
83.705598	6360.083700	16.783437	-0.019437	4.151379
83.703033	6354.850085	16.788442	-0.019436	4.149772
83.786029	6349.698846	16.793447	-0.019455	4.148196
83.822834	6344.919669	16.798451	-0.019464	4.146730
83.657562	6339.780638	16.803456	-0.019424	4.145141
83.682932	6334.586830	16.808461	-0.019429	4.143547
83.692124	6329.113014	16.813466	-0.019431	4.141864
83.553774	6323.944249	16.818471	-0.019397	4.140266
83.536074	6318.772371	16.823475	-0.019393	4.138673
83.488187	6313.849941	16.828480	-0.019381	4.137155
83.334038	6308.863702	16.833485	-0.019344	4.135610
83.456228	6303.652078	16.838490	-0.019372	4.134012
83.498874	6298.529475	16.843495	-0.019382	4.132436
83.378118	6293.336705	16.848499	-0.019353	4.130828
83.273351	6288.193352	16.853504	-0.019327	4.129235
83.292575	6283.203847	16.858509	-0.019332	4.127697
83.372530	6278.190688	16.863514	-0.019350	4.126154
83.278108	6273.086498	16.868519	-0.019327	4.124572
83.207203	6267.789524	16.873523	-0.019310	4.122932
83.181208	6262.258250	16.878528	-0.019303	4.121221
83.204546	6257.149349	16.883533	-0.019308	4.119643
83.086790	6252.110569	16.888538	-0.019280	4.118077
82.987624	6247.212209	16.893543	-0.019256	4.116556
83.146301	6241.994699	16.898547	-0.019293	4.114951
83.133995	6236.823221	16.903552	-0.019290	4.113349
83.110980	6231.603548	16.908557	-0.019284	4.111731
83.015028	6226.488520	16.913562	-0.019260	4.110140
82.957675	6221.349468	16.918567	-0.019246	4.108543
83.003851	6216.526402	16.923571	-0.019257	4.107051
82.997718	6211.370665	16.928576	-0.019255	4.105451
82.766876	6206.271129	16.933581	-0.019199	4.103854
82.810881	6200.798459	16.938586	-0.019209	4.102158
82.953786	6195.585085	16.943591	-0.019243	4.100548
82.731318	6190.453908	16.948595	-0.019189	4.098939
82.735839	6185.542206	16.953600	-0.019190	4.097413
82.717932	6180.537568	16.958605	-0.019185	4.095856
82.623606	6175.355915	16.963610	-0.019162	4.094238
82.631104	6170.178410	16.968615	-0.019164	4.092627
82.640848	6164.969388	16.973619	-0.019166	4.091006
82.436143	6159.810727	16.978624	-0.019116	4.089386
82.549388	6154.885032	16.983629	-0.019143	4.087859
82.547175	6149.930933	16.988634	-0.019142	4.086315
82.658251	6144.758040	16.993639	-0.019168	4.084709
82.470727	6139.440813	16.998643	-0.019123	4.083039
82.388522	6133.920951	17.003648	-0.019103	4.081311
82.432875	6128.709181	17.008653	-0.019113	4.079687
82.372594	6123.720081	17.013658	-0.019098	4.078125
82.411251	6118.804295	17.018663	-0.019107	4.076592
82.327099	6113.616226	17.023667	-0.019086	4.074965
82.219574	6108.500009	17.028672	-0.019060	4.073358
82.200826	6103.267588	17.033677	-0.019055	4.071721
82.125270	6098.091995	17.038682	-0.019037	4.070096
82.128011	6093.035808	17.043687	-0.019037	4.068514
82.094556	6088.239320	17.048691	-0.019029	4.067010
82.037600	6083.061916	17.053696	-0.019015	4.065384
82.012376	6077.885957	17.058701	-0.019008	4.063760
81.933806	6072.379738	17.063706	-0.018989	4.062029
81.973399	6067.189562	17.068711	-0.018998	4.060403
81.873375	6062.109221	17.073715	-0.018973	4.058803
81.907337	6057.297233	17.078720	-0.018981	4.057294
81.966101	6052.104105	17.083725	-0.018995	4.055668
81.914663	6046.922208	17.088730	-0.018982	4.054036
81.897719	6041.748097	17.093735	-0.018978	4.052409
82.077935	6036.587347	17.098739	-0.019020	4.050799
81.834051	6031.487796	17.103744	-0.018962	4.049179
81.925702	6026.608607	17.108749	-0.018983	4.047649
81.931674	6021.461649	17.113754	-0.018984	4.046030
81.860261	6016.344911	17.118759	-0.018967	4.044414
81.712885	6010.860787	17.123763	-0.018931	4.042676
81.541255	6005.606027	17.128768	-0.018889	4.041009
81.616737	6000.397483	17.133773	-0.018907	4.039372
81.553252	5995.493441	17.138778	-0.018891	4.037821
81.583168	5990.464772	17.143783	-0.018898	4.036236
81.554368	5985.333773	17.148787	-0.018891	4.034614
81.577921	5980.090008	17.153792	-0.018896	4.032960
81.405175	5974.952101	17.158797	-0.018854	4.031325
81.447330	5969.779798	17.163802	-0.018864	4.029693
81.352603	5964.887311	17.168807	-0.018841	4.028140
81.463986	5959.844567	17.173811	-0.018867	4.026553
81.330598	5954.697775	17.178816	-0.018835	4.024915
81.278905	5949.397766	17.183821	-0.018822	4.023234
81.334655	5944.073266	17.188826	-0.018835	4.021552
81.287127	5938.853674	17.193831	-0.018823	4.019895
81.335086	5933.890743	17.198835	-0.018834	4.018325
81.183627	5928.949455	17.203840	-0.018797	4.016748
81.138155	5923.845927	17.208845	-0.018786	4.015126
81.264639	5918.459041	17.213850	-0.018816	4.013425
81.067332	5913.325200	17.218855	-0.018768	4.011782
81.057501	5908.175229	17.223859	-0.018765	4.010146
81.024544	5903.129550	17.228864	-0.018757	4.008541
81.105448	5898.235449	17.233869	-0.018776	4.006991
81.119319	5893.110135	17.238874	-0.018779	4.005362
81.008205	5887.753553	17.243879	-0.018752	4.003650
80.893892	5882.284251	17.248883	-0.018724	4.001902
80.892225	5877.127611	17.253888	-0.018723	4.000260
80.833748	5872.090100	17.258893	-0.018709	3.998652
80.833745	5867.115591	17.263898	-0.018708	3.997067
80.751197	5862.012869	17.268903	-0.018688	3.995434
80.747021	5856.871977	17.273907	-0.018687	3.993795
80.713902	5851.650367	17.278912	-0.018678	3.992127
80.745988	5846.452170	17.283917	-0.018686	3.990470
80.677994	5841.421309	17.288922	-0.018669	3.988859
80.678993	5836.518402	17.293927	-0.018669	3.987293
80.690567	5831.350431	17.298931	-0.018671	3.985642
80.422474	5826.175414	17.303936	-0.018607	3.983970
80.500039	5820.800432	17.308941	-0.018625	3.982256
80.359124	5815.604528	17.313946	-0.018591	3.980584
80.476381	5810.522959	17.318951	-0.018618	3.978965
80.474100	5805.611503	17.323955	-0.018617	3.977392
80.292235	5800.467902	17.328960	-0.018573	3.975732
80.347453	5795.334752	17.333965	-0.018586	3.974091
80.311097	5790.111521	17.338970	-0.018577	3.972414
80.524390	5784.915382	17.343975	-0.018628	3.970762
80.292138	5779.915921	17.348979	-0.018572	3.969142
80.288332	5775.022786	17.353984	-0.018570	3.967571
80.194549	5769.875030	17.358989	-0.018547	3.965911
80.094156	5764.665800	17.363994	-0.018523	3.964230
80.162723	5759.064818	17.368999	-0.018539	3.962435
80.125934	5753.945422	17.374003	-0.018530	3.960786
80.024314	5748.852913	17.379008	-0.018505	3.959141
80.132514	5743.922611	17.384013	-0.018530	3.957562
80.079597	5738.794625	17.389018	-0.018517	3.955907
80.104881	5733.611098	17.394023	-0.018523	3.954239
80.094582	5728.444271	17.399027	-0.018520	3.952574
80.056464	5723.253726	17.404032	-0.018510	3.950898
79.977638	5718.231059	17.409037	-0.018491	3.949273
79.868519	5713.309966	17.414042	-0.018465	3.947677
79.843221	5708.193710	17.419047	-0.018458	3.946024
79.827794	5702.983686	17.424051	-0.018454	3.944341
79.823023	5697.533938	17.429056	-0.018452	3.942580
79.807984	5692.415312	17.434061	-0.018448	3.940925
79.832888	5687.320039	17.439066	-0.018454	3.939279
79.666697	5682.450106	17.444071	-0.018414	3.937692
79.689674	5677.326646	17.449075	-0.018419	3.936036
79.750034	5672.093976	17.454080	-0.018433	3.934346
79.615296	5666.931340	17.459085	-0.018400	3.932665
79.547970	5661.767740	17.464090	-0.018384	3.930987
79.536389	5656.751103	17.469095	-0.018380	3.929360
79.496643	5651.899632	17.474099	-0.018371	3.927784
79.470493	5646.693048	17.479104	-0.018364	3.926093
79.465730	5641.421500	17.484109	-0.018362	3.924382
79.437151	5635.886395	17.489114	-0.018355	3.922583
79.413125	5630.712212	17.494119	-0.018349	3.920900
79.330814	5625.680836	17.499123	-0.018329	3.919259
79.508364	5620.719162	17.504128	-0.018371	3.917659
79.342396	5615.575093	17.509133	-0.018331	3.915974
79.193038	5610.486230	17.514138	-0.018294	3.914308
79.232691	5605.233222	17.519143	-0.018303	3.912601
79.176303	5600.089001	17.524147	-0.018290	3.910921
79.171073	5595.091868	17.529152	-0.018288	3.909293
79.097808	5590.138673	17.534157	-0.018270	3.907673
79.024873	5584.990290	17.539162	-0.018252	3.905989
79.134194	5579.713871	17.544167	-0.018278	3.904276
79.062963	5574.350602	17.549171	-0.018260	3.902520
79.131543	5569.166233	17.554176	-0.018276	3.900832
78.966954	5564.160966	17.559181	-0.018236	3.899186
78.873593	5559.229943	17.564186	-0.018214	3.897567
78.910271	5554.062082	17.569191	-0.018222	3.895881
78.868153	5548.920628	17.574195	-0.018212	3.894196
78.902899	5543.699463	17.579200	-0.018219	3.892490
78.916347	5538.560638	17.584205	-0.018222	3.890809
78.739498	5533.632215	17.589210	-0.018180	3.889182
78.864086	5528.590211	17.594215	-0.018209	3.887539
78.805326	5523.437820	17.599219	-0.018194	3.885846
78.669911	5518.020174	17.604224	-0.018162	3.884060
78.667109	5512.739135	17.609229	-0.018160	3.882327
78.735007	5507.553090	17.614234	-0.018176	3.880630
78.564780	5502.600230	17.619239	-0.018135	3.878991
78.593125	5497.583297	17.624243	-0.018141	3.877345
78.526108	5492.411242	17.629248	-0.018125	3.875641
78.533140	5487.280934	17.634253	-0.018126	3.873955
78.470716	5482.082048	17.639258	-0.018111	3.872240
78.338190	5476.934386	17.644263	-0.018079	3.870536
78.483575	5472.077568	17.649267	-0.018113	3.868948
78.481621	5466.966667	17.654272	-0.018112	3.867265
78.427570	5461.844101	17.659277	-0.018099	3.865573
78.341148	5456.355150	17.664282	-0.018078	3.863757
78.345932	5451.207971	17.669287	-0.018078	3.862060
78.363259	5446.007255	17.674291	-0.018082	3.860345
78.270840	5441.198536	17.679296	-0.018060	3.858751
78.426262	5436.025084	17.684301	-0.018096	3.857055
78.163834	5430.943204	17.689306	-0.018033	3.855356
78.171451	5425.736716	17.694311	-0.018035	3.853636
78.146086	5420.596622	17.699315	-0.018028	3.851934
78.040754	5415.463633	17.704320	-0.018002	3.850229
78.175438	5410.656995	17.709325	-0.018034	3.848648
78.061127	5405.447498	17.714330	-0.018006	3.846915
78.052821	5400.281459	17.719335	-0.018004	3.845203
77.919363	5394.812589	17.724339	-0.017972	3.843380
77.737760	5389.637801	17.729344	-0.017928	3.841651
77.825497	5384.619942	17.734349	-0.017948	3.839993
77.825421	5379.624105	17.739354	-0.017948	3.838336
77.715150	5374.474873	17.744359	-0.017921	3.836618
77.756145	5369.364175	17.749363	-0.017931	3.834924
77.746764	5364.117789	17.754368	-0.017928	3.833180
77.738758	5358.951413	17.759373	-0.017925	3.831462
77.645792	5354.001866	17.764378	-0.017903	3.829808
77.639120	5349.001106	17.769383	-0.017901	3.828144
77.654688	5343.839930	17.774387	-0.017904	3.826427
77.542686	5338.552623	17.779392	-0.017877	3.824658
77.620757	5333.201116	17.784397	-0.017895	3.822881
77.540919	5328.050033	17.789402	-0.017876	3.821158
77.584501	5323.120277	17.794407	-0.017886	3.819517
77.363125	5318.118315	17.799411	-0.017832	3.817832
77.267332	5312.935684	17.804416	-0.017809	3.816095
77.479623	5307.733722	17.809421	-0.017859	3.814374
77.410778	5302.581429	17.814426	-0.017842	3.812647
77.276013	5297.448427	17.819431	-0.017810	3.810922
77.228562	5292.534004	17.824435	-0.017798	3.809275
77.313369	5287.472958	17.829440	-0.017818	3.807588
77.180911	5282.332359	17.834445	-0.017786	3.805858
77.075477	5276.763800	17.839450	-0.017760	3.803985
77.159648	5271.500241	17.844455	-0.017780	3.802228
77.118939	5266.405561	17.849459	-0.017769	3.800518
77.058892	5261.539189	17.854464	-0.017755	3.798882
77.051606	5256.252459	17.859469	-0.017752	3.797108
77.086888	5251.080262	17.864474	-0.017760	3.795375
77.013386	5245.894515	17.869479	-0.017742	3.793628
76.914786	5240.770851	17.874483	-0.017718	3.791899
76.832304	5235.736872	17.879488	-0.017698	3.790201
77.091061	5230.736156	17.884493	-0.017760	3.788540
76.878154	5225.678238	17.889498	-0.017708	3.786822
76.890515	5220.320327	17.894503	-0.017711	3.785020
76.750798	5215.045467	17.899507	-0.017677	3.783234
76.810386	5209.829086	17.904512	-0.017691	3.781481
76.783564	5204.885142	17.909517	-0.017684	3.779813
76.658719	5199.916967	17.914522	-0.017654	3.778128
76.584073	5194.709017	17.919527	-0.017635	3.776366
76.752677	5189.569358	17.924531	-0.017675	3.774645
76.574238	5184.387483	17.929536	-0.017632	3.772882
76.645506	5179.213113	17.934541	-0.017649	3.771139
76.698962	5174.393475	17.939546	-0.017661	3.769515
76.629960	5169.265425	17.944551	-0.017644	3.767776
76.600831	5164.129596	17.949555	-0.017637	3.766037
76.424797	5158.510918	17.954560	-0.017594	3.764122
76.404662	5153.331926	17.959565	-0.017589	3.762367
76.357377	5148.251977	17.964570	-0.017577	3.760643
76.313813	5143.344840	17.969575	-0.017567	3.758976
76.216358	5138.171611	17.974579	-0.017543	3.757215
76.228318	5133.033354	17.979584	-0.017545	3.755473
76.236968	5127.832017	17.984589	-0.017547	3.753709
76.229210	5122.644300	17.989594	-0.017545	3.751947
76.154006	5117.642921	17.994599	-0.017526	3.750243
76.097032	5112.698380	17.999603	-0.017512	3.748558
76.195272	5107.493987	18.004608	-0.017535	3.746797
76.046144	5102.232305	18.009613	-0.017499	3.744995
76.082224	5096.949196	18.014618	-0.017507	3.743200
76.203645	5091.708247	18.019623	-0.017536	3.741426
76.034883	5086.858367	18.024627	-0.017495	3.739761
76.011110	5081.794484	18.029632	-0.017489	3.738033
75.890621	5076.633830	18.034637	-0.017460	3.736264
75.971734	5071.419272	18.039642	-0.017479	3.734492
75.837524	5066.302462	18.044647	-0.017446	3.732735
75.838936	5061.215723	18.049651	-0.017446	3.730999
75.711325	5056.372734	18.054656	-0.017415	3.729335
75.696252	5051.265288	18.059661	-0.017411	3.727588
75.653371	5045.933048	18.064666	-0.017400	3.725762
75.728292	5040.458025	18.069671	-0.017418	3.723895
75.644315	5035.293074	18.074675	-0.017397	3.722121
75.542862	5030.271478	18.079680	-0.017373	3.720394
75.547397	5025.322972	18.084685	-0.017373	3.718699
75.498954	5020.200661	18.089690	-0.017361	3.716940
75.552691	5014.954739	18.094695	-0.017374	3.715145
75.402566	5009.857694	18.099699	-0.017337	3.713385
75.413717	5004.662300	18.104704	-0.017340	3.711603
75.378027	4999.804093	18.109709	-0.017331	3.709932
75.437208	4994.666696	18.114714	-0.017344	3.708172
75.488329	4989.500925	18.119719	-0.017356	3.706401
75.399611	4984.053863	18.124723	-0.017334	3.704521
75.374177	4978.854116	18.129728	-0.017328	3.702730
75.292764	4973.849717	18.134733	-0.017308	3.701001
75.188640	4968.904736	18.139738	-0.017283	3.699290
75.220796	4963.750373	18.144743	-0.017290	3.697517
75.271598	4958.631177	18.149747	-0.017302	3.695757
75.000385	4953.456857	18.154752	-0.017236	3.693950
75.085895	4948.262888	18.159757	-0.017256	3.692166
75.121404	4943.325633	18.164762	-0.017265	3.690464
75.033453	4938.298867	18.169767	-0.017243	3.688721
75.000511	4933.173790	18.174771	-0.017235	3.686948
74.988486	4927.641665	18.179776	-0.017231	3.685035
75.022480	4922.413735	18.184781	-0.017239	3.683230
74.882387	4917.282154	18.189786	-0.017205	3.681443
74.920422	4912.403699	18.194791	-0.017214	3.679757
74.934009	4907.211543	18.199795	-0.017217	3.677960
74.850531	4902.100934	18.204800	-0.017196	3.676183
74.760570	4896.956560	18.209805	-0.017174	3.674392
74.731151	4891.751666	18.214810	-0.017167	3.672584
74.741193	4886.748596	18.219815	-0.017169	3.670849
74.691445	4881.799948	18.224819	-0.017156	3.669127
74.563227	4876.667526	18.229824	-0.017125	3.667334
74.555171	4871.287039	18.234829	-0.017123	3.665463
74.616051	4866.014877	18.239834	-0.017137	3.663635
74.587008	4860.852119	18.244839	-0.017130	3.661837
74.524182	4856.024673	18.249843	-0.017114	3.660152
74.462110	4850.866710	18.254848	-0.017099	3.658351
74.488913	4845.712371	18.259853	-0.017105	3.656557
74.434931	4840.556672	18.264858	-0.017092	3.654756
74.464638	4835.378943	18.269863	-0.017098	3.652953
74.374907	4830.366683	18.274867	-0.017076	3.651197
74.381277	4825.366831	18.279872	-0.017078	3.649452
74.305065	4820.280202	18.284877	-0.017059	3.647670
74.245049	4814.866108	18.289882	-0.017044	3.645773
74.304166	4809.510074	18.294887	-0.017058	3.643906
74.089632	4804.389637	18.299891	-0.017006	3.642097
74.121519	4799.431804	18.304896	-0.017013	3.640365
74.112220	4794.342715	18.309901	-0.017011	3.638582
73.945924	4789.228097	18.314906	-0.016970	3.636777
74.156500	4784.019662	18.319911	-0.017020	3.634970
74.085819	4778.868388	18.324915	-0.017003	3.633158
73.942781	4773.837763	18.329920	-0.016968	3.631381
73.967963	4768.906790	18.334925	-0.016974	3.629653
73.965715	4763.711889	18.339930	-0.016973	3.627828
73.888343	4758.433852	18.344935	-0.016954	3.625968
73.838791	4753.145591	18.349939	-0.016942	3.624105
73.893747	4747.937676	18.354944	-0.016954	3.622278
73.790146	4743.106190	18.359949	-0.016929	3.620569
73.717159	4738.013324	18.364954	-0.016911	3.618770
73.880035	4732.801011	18.369959	-0.016950	3.616949
73.724001	4727.689162	18.374963	-0.016912	3.615134
73.754458	4722.471716	18.379968	-0.016919	3.613298
73.626826	4717.472369	18.384973	-0.016888	3.611523
73.658938	4712.510045	18.389978	-0.016895	3.609775
73.498629	4707.382159	18.394983	-0.016857	3.607951
73.431861	4701.984068	18.399987	-0.016840	3.606038
73.393243	4696.624391	18.404992	-0.016830	3.604141
73.560002	4691.297755	18.409997	-0.016870	3.602272
73.471873	4686.428643	18.415002	-0.016848	3.600541
73.303736	4681.331895	18.420007	-0.016808	3.598723
73.358318	4676.167488	18.425011	-0.016820	3.596899
73.428826	4670.914575	18.430016	-0.016837	3.595044
73.343113	4665.756275	18.435021	-0.016816	3.593207
73.143077	4660.811672	18.440026	-0.016768	3.591436
73.274947	4655.819072	18.445031	-0.016799	3.589676
73.396651	4650.585204	18.450035	-0.016827	3.587829
73.194211	4645.302541	18.455040	-0.016779	3.585934
73.074315	4640.099100	18.460045	-0.016749	3.584075
73.142398	4634.882984	18.465050	-0.016765	3.582226
73.044637	4630.070840	18.470055	-0.016741	3.580505
73.038606	4624.941237	18.475059	-0.016740	3.578679
73.051790	4619.735035	18.480064	-0.016742	3.576826
73.044629	4614.601350	18.485069	-0.016740	3.574996
72.999129	4609.449964	18.490074	-0.016729	3.573156
73.001475	4604.466233	18.495079	-0.016729	3.571378
72.950598	4599.457859	18.500083	-0.016716	3.569587
72.882850	4594.330292	18.505088	-0.016700	3.567750
72.889732	4588.819145	18.510093	-0.016701	3.565782
72.764871	4583.614253	18.515098	-0.016671	3.563911
72.791712	4578.464584	18.520103	-0.016677	3.562071
72.828448	4573.583807	18.525107	-0.016685	3.560328
72.700808	4568.433009	18.530112	-0.016654	3.558473
72.712740	4563.299232	18.535117	-0.016656	3.556636
72.492653	4558.141894	18.540122	-0.016603	3.554768
72.556812	4552.959641	18.545127	-0.016618	3.552916
72.578413	4548.060340	18.550131	-0.016623	3.551160
72.511886	4542.979177	18.555136	-0.016607	3.549331
72.451895	4537.859053	18.560141	-0.016592	3.547487
72.526398	4532.397235	18.565146	-0.016609	3.545531
72.272569	4527.254329	18.570151	-0.016548	3.543660
72.345136	4522.215424	18.575155	-0.016565	3.541854
72.319380	4517.243391	18.580160	-0.016558	3.540063
72.402989	4512.077640	18.585165	-0.016578	3.538211
72.355169	4506.914324	18.590170	-0.016566	3.536346
72.349487	4501.752788	18.595175	-0.016564	3.534486
72.317107	4496.598022	18.600179	-0.016556	3.532624
72.307850	4491.744751	18.605184	-0.016554	3.530872
72.173623	4486.618936	18.610189	-0.016521	3.529010
72.052376	4481.362143	18.615194	-0.016492	3.527101
72.067504	4475.859146	18.620199	-0.016495	3.525113
72.069053	4470.720024	18.625203	-0.016495	3.523256
71.869169	4465.805627	18.630208	-0.016446	3.521460
71.821432	4460.757478	18.635213	-0.016435	3.519628
71.934693	4455.551909	18.640218	-0.016461	3.517754
71.890290	4450.372145	18.645223	-0.016450	3.515873
71.764988	4445.253303	18.650227	-0.016420	3.514006
71.707794	4440.176969	18.655232	-0.016406	3.512160
71.915675	4435.201187	18.660237	-0.016455	3.510373
71.725370	4430.062904	18.665242	-0.016409	3.508490
71.799034	4424.704014	18.670247	-0.016426	3.506550
71.656181	4419.497712	18.675251	-0.016392	3.504645
71.692539	4414.300793	18.680256	-0.016400	3.502758
71.615620	4409.474802	18.685261	-0.016381	3.500995
71.639595	4404.300971	18.690266	-0.016386	3.499114
71.594863	4399.155760	18.695271	-0.016375	3.497236
71.655454	4393.932017	18.700275	-0.016389	3.495337
71.455386	4388.804953	18.705280	-0.016341	3.493450
71.503991	4383.899566	18.710285	-0.016352	3.491664
71.339110	4378.846104	18.715290	-0.016312	3.489805
71.406019	4373.685682	18.720295	-0.016328	3.487926
71.296017	4368.154123	18.725299	-0.016301	3.485895
71.179749	4362.943253	18.730304	-0.016273	3.483979
71.128292	4357.983411	18.735309	-0.016260	3.482159
71.277244	4352.945697	18.740314	-0.016295	3.480329
71.155192	4347.766866	18.745319	-0.016266	3.478421
71.071321	4342.697111	18.750323	-0.016245	3.476556
70.991447	4337.520127	18.755328	-0.016226	3.474651
71.005289	4332.380145	18.760333	-0.016229	3.472767
71.048384	4327.496616	18.765338	-0.016239	3.470978
71.036734	4322.328566	18.770343	-0.016235	3.469079
71.036073	4317.062869	18.775347	-0.016235	3.467145
70.902117	4311.762612	18.780352	-0.016202	3.465184
70.991813	4306.569010	18.785357	-0.016223	3.463282
71.004370	4301.693802	18.790362	-0.016226	3.461489
70.866342	4296.575412	18.795367	-0.016192	3.459591
70.732375	4291.464783	18.800371	-0.016160	3.457696
70.841691	4286.227388	18.805376	-0.016186	3.455776
70.869382	4281.055098	18.810381	-0.016192	3.453871
70.761606	4276.167113	18.815386	-0.016166	3.452057
70.708182	4271.140245	18.820391	-0.016152	3.450196
70.753897	4265.980161	18.825395	-0.016163	3.448294
70.543710	4260.396732	18.830400	-0.016112	3.446210
70.514813	4255.253206	18.835405	-0.016105	3.444305
70.467992	4250.212419	18.840410	-0.016093	3.442435
70.442931	4245.221938	18.845415	-0.016087	3.440585
70.577217	4240.019028	18.850419	-0.016119	3.438671
70.397098	4234.895979	18.855424	-0.016075	3.436755
70.470416	4229.734591	18.860429	-0.016092	3.434847
70.461721	4224.585254	18.865434	-0.016090	3.432936
70.366354	4219.698884	18.870439	-0.016066	3.431112
70.346281	4214.545479	18.875443	-0.016061	3.429196
70.259659	4209.244919	18.880448	-0.016040	3.427218
70.283638	4203.901464	18.885453	-0.016045	3.425233
70.304802	4198.664983	18.890458	-0.016050	3.423286
70.274823	4193.789969	18.895463	-0.016042	3.421468
70.114266	4188.697234	18.900467	-0.016003	3.419556
70.239589	4183.518871	18.905472	-0.016033	3.417638
70.122520	4178.348779	18.910477	-0.016005	3.415698
70.045860	4173.233169	18.915482	-0.015986	3.413782
70.018645	4168.277431	18.920487	-0.015979	3.411929
69.949769	4163.205622	18.925491	-0.015962	3.410028
69.968857	4157.958694	18.930496	-0.015966	3.408068
69.959325	4152.533552	18.935501	-0.015963	3.406038
69.898493	4147.373415	18.940506	-0.015948	3.404102
69.803767	4142.410035	18.945511	-0.015925	3.402234
69.830915	4137.338807	18.950515	-0.015931	3.400337
69.704409	4132.207673	18.955520	-0.015901	3.398401
69.721676	4127.030707	18.960525	-0.015904	3.396461
69.568042	4121.885078	18.965530	-0.015867	3.394515
69.627480	4116.861893	18.970535	-0.015881	3.392635
69.643146	4111.884366	18.975539	-0.015884	3.390766
69.508594	4106.714334	18.980544	-0.015852	3.388810
69.516860	4101.328617	18.985549	-0.015853	3.386785
69.510413	4096.169693	18.990554	-0.015851	3.384843
69.566321	4091.057234	18.995559	-0.015864	3.382923
69.491587	4086.144741	19.000563	-0.015846	3.381065
69.408385	4080.980525	19.005568	-0.015826	3.379110
69.366233	4075.859967	19.010573	-0.015815	3.377174
69.303864	4070.652518	19.015578	-0.015800	3.375202
69.435852	4065.564547	19.020583	-0.015831	3.373294
69.262544	4060.721540	19.025587	-0.015789	3.371447
69.248785	4055.535931	19.030592	-0.015785	3.369485
69.174449	4050.093559	19.035597	-0.015767	3.367419
69.122419	4044.820247	19.040602	-0.015754	3.365418
69.102963	4039.705586	19.045607	-0.015749	3.363479
69.195421	4034.794478	19.050611	-0.015771	3.361627
68.963061	4029.639067	19.055616	-0.015715	3.359649
68.909472	4024.509220	19.060621	-0.015701	3.357697
68.887188	4019.352002	19.065626	-0.015696	3.355737
68.960147	4014.143336	19.070631	-0.015713	3.353766
68.817781	4009.315908	19.075635	-0.015678	3.351917
68.934317	4004.089433	19.080640	-0.015706	3.349941
68.978824	3998.809379	19.085645	-0.015716	3.347937
68.865484	3993.540189	19.090650	-0.015688	3.345919
68.881169	3988.379696	19.095655	-0.015692	3.343955
68.798021	3983.551906	19.100659	-0.015671	3.342106
68.705351	3978.360245	19.105664	-0.015649	3.340117
68.599065	3973.268519	19.110669	-0.015623	3.338163
68.595256	3968.089982	19.115674	-0.015622	3.336185
68.626875	3962.899494	19.120679	-0.015629	3.334206
68.644605	3958.056163	19.125683	-0.015633	3.332356
68.560607	3952.905269	19.130688	-0.015612	3.330377
68.528598	3947.635342	19.135693	-0.015604	3.328357
68.448443	3942.246832	19.140698	-0.015584	3.326285
68.525585	3937.058113	19.145703	-0.015602	3.324304
68.476839	3932.131083	19.150707	-0.015590	3.322410
68.272089	3927.061701	19.155712	-0.015541	3.320445
68.301505	3921.925532	19.160717	-0.015547	3.318476
68.319166	3916.729684	19.165722	-0.015551	3.316482
68.219425	3911.550074	19.170727	-0.015527	3.314481
68.213269	3906.694643	19.175731	-0.015525	3.312613
68.152324	3901.549020	19.180736	-0.015510	3.310627
68.089408	3896.357583	19.185741	-0.015495	3.308622
68.017769	3891.007988	19.190746	-0.015477	3.306553
67.893776	3885.890162	19.195751	-0.015447	3.304568
68.030598	3880.960484	19.200755	-0.015479	3.302680
68.013137	3875.790590	19.205760	-0.015475	3.300683
68.047428	3870.651333	19.210765	-0.015482	3.298702
67.788005	3865.551016	19.215770	-0.015420	3.296704
67.819208	3860.367126	19.220775	-0.015427	3.294703
67.765596	3855.536400	19.225779	-0.015414	3.292829
67.787704	3850.352945	19.230784	-0.015419	3.290824
67.871352	3845.097472	19.235789	-0.015438	3.288797
67.695811	3839.667687	19.240794	-0.015396	3.286675
67.759621	3834.452245	19.245799	-0.015410	3.284658
67.620093	3829.614961	19.250803	-0.015377	3.282767
67.654360	3824.432850	19.255808	-0.015384	3.280758
67.569063	3819.318669	19.260813	-0.015364	3.278762
67.647097	3814.079028	19.265818	-0.015382	3.276733
67.485052	3808.954728	19.270823	-0.015343	3.274723
67.551931	3804.058833	19.275827	-0.015358	3.272824
67.375147	3798.986356	19.280832	-0.015316	3.270830
67.367796	3793.776518	19.285837	-0.015313	3.268799
67.546498	3788.257728	19.290842	-0.015356	3.266665
67.428723	3783.094414	19.295847	-0.015327	3.264638
67.213253	3778.286595	19.300851	-0.015275	3.262738
67.306134	3773.097223	19.305856	-0.015297	3.260721
67.201860	3767.985336	19.310861	-0.015271	3.258711
67.231799	3762.774491	19.315866	-0.015278	3.256676
67.154102	3757.637979	19.320871	-0.015259	3.254657
67.191025	3752.802281	19.325875	-0.015268	3.252767
67.063893	3747.682057	19.330880	-0.015237	3.250748
67.002150	3742.356515	19.335885	-0.015222	3.248653
66.898235	3736.973375	19.340890	-0.015196	3.246529
66.861145	3731.842130	19.345895	-0.015187	3.244511
66.989393	3726.934998	19.350899	-0.015217	3.242596
67.006343	3721.760527	19.355904	-0.015221	3.240564
66.865198	3716.645293	19.360909	-0.015187	3.238537
66.890522	3711.479021	19.365914	-0.015192	3.236506
66.812940	3706.360318	19.370919	-0.015173	3.234482
66.759553	3701.475910	19.375923	-0.015160	3.232551
66.852431	3696.294649	19.380928	-0.015182	3.230518
66.692513	3690.995723	19.385933	-0.015143	3.228410
66.672818	3685.760519	19.390938	-0.015138	3.226340
66.598400	3680.691948	19.395943	-0.015120	3.224330
66.657183	3675.754021	19.400947	-0.015133	3.222384
66.594024	3670.586112	19.405952	-0.015118	3.220333
66.523931	3665.469124	19.410957	-0.015101	3.218300
66.526129	3660.273608	19.415962	-0.015101	3.216242
66.551937	3655.226215	19.420967	-0.015107	3.214244
66.491244	3650.260441	19.425971	-0.015092	3.212268
66.375530	3645.161643	19.430976	-0.015064	3.210232
66.367777	3639.763379	19.435981	-0.015061	3.208088
66.389902	3634.481582	19.440986	-0.015066	3.205991
66.297853	3629.503408	19.445991	-0.015044	3.204002
66.334709	3624.471433	19.450995	-0.015052	3.202004
66.161573	3619.351408	19.456000	-0.015010	3.199947
66.077675	3614.207386	19.461005	-0.014990	3.197889
66.163123	3609.002699	19.466010	-0.015010	3.195823
66.162051	3604.025153	19.471015	-0.015009	3.193837
66.056220	3598.984572	19.476019	-0.014983	3.191814
66.084421	3593.773238	19.481024	-0.014990	3.189736
65.975719	3588.401856	19.486029	-0.014963	3.187577
65.806918	3583.305709	19.491034	-0.014922	3.185521
65.932057	3578.329375	19.496039	-0.014952	3.183543
65.766571	3573.271618	19.501043	-0.014912	3.181500
65.854333	3568.083473	19.506048	-0.014932	3.179430
65.805208	3562.959363	19.511053	-0.014920	3.177370
65.711643	3557.788497	19.516058	-0.014897	3.175286
65.798712	3552.892016	19.521063	-0.014918	3.173329
65.644515	3547.804173	19.526067	-0.014880	3.171268
65.680367	3542.396800	19.531072	-0.014889	3.169099
65.701653	3537.081660	19.536077	-0.014893	3.166963
65.715980	3531.941019	19.541082	-0.014896	3.164895
65.532013	3527.026926	19.546087	-0.014852	3.162896
65.496938	3521.907208	19.551091	-0.014843	3.160828
65.493393	3516.728820	19.556096	-0.014842	3.158739
65.362837	3511.602597	19.561101	-0.014810	3.156656
65.410556	3506.546837	19.566106	-0.014821	3.154619
65.425446	3501.559707	19.571111	-0.014824	3.152606
65.411931	3496.401406	19.576115	-0.014821	3.150518
65.294808	3491.012752	19.581120	-0.014792	3.148325
65.236249	3485.869239	19.586125	-0.014778	3.146236
65.270868	3480.871461	19.591130	-0.014786	3.144214
65.195338	3475.814808	19.596135	-0.014767	3.142156
65.049742	3470.741551	19.601139	-0.014732	3.140081
64.992964	3465.525798	19.606144	-0.014718	3.137957
65.036593	3460.352007	19.611149	-0.014728	3.135860
64.991694	3455.483193	19.616154	-0.014717	3.133876
65.039000	3450.348085	19.621159	-0.014727	3.131792
65.041509	3444.992589	19.626163	-0.014728	3.129613
64.944933	3439.642119	19.631168	-0.014704	3.127422
64.781537	3434.558118	19.636173	-0.014665	3.125331
64.775211	3429.666797	19.641178	-0.014663	3.123335
64.773223	3424.340044	19.646183	-0.014662	3.121161
64.788070	3419.196488	19.651187	-0.014665	3.119062
64.641355	3414.037705	19.656192	-0.014629	3.116937
64.649013	3408.974837	19.661197	-0.014631	3.114867
64.629519	3404.000628	19.666202	-0.014626	3.112829
64.594158	3398.841283	19.671207	-0.014617	3.110712
64.547763	3393.444081	19.676211	-0.014605	3.108494
64.546730	3388.272545	19.681216	-0.014605	3.106373
64.482981	3383.286198	19.686221	-0.014589	3.104320
64.503202	3378.223634	19.691226	-0.014593	3.102243
64.315719	3373.105171	19.696231	-0.014548	3.100118
64.376350	3367.922130	19.701235	-0.014562	3.097994
64.336427	3362.759946	19.706240	-0.014552	3.095865
64.370697	3357.862630	19.711245	-0.014560	3.093852
64.316921	3352.769549	19.716250	-0.014547	3.091747
64.163158	3347.399751	19.721255	-0.014509	3.089515
64.149258	3342.103862	19.726259	-0.014506	3.087328
64.116376	3337.008984	19.731264	-0.014497	3.085220
64.076562	3332.055480	19.736269	-0.014487	3.083169
64.141507	3326.910029	19.741274	-0.014502	3.081049
64.092057	3321.716283	19.746279	-0.014490	3.078894
64.072829	3316.593883	19.751283	-0.014485	3.076771
63.965684	3311.629878	19.756288	-0.014459	3.074702
63.811116	3306.620037	19.761293	-0.014422	3.072606
63.872286	3301.387153	19.766298	-0.014436	3.070442
63.809598	3296.027210	19.771303	-0.014420	3.068209
63.846735	3290.886613	19.776307	-0.014429	3.066078
63.768790	3285.985940	19.781312	-0.014410	3.064031
63.775760	3280.830024	19.786317	-0.014411	3.061886
63.879719	3275.655040	19.791322	-0.014436	3.059744
63.694094	3270.505630	19.796327	-0.014391	3.057576
63.787994	3265.423777	19.801331	-0.014413	3.055468
63.496887	3260.555127	19.806336	-0.014343	3.053403
63.572143	3255.365821	19.811341	-0.014360	3.051245
63.564973	3249.882131	19.816346	-0.014358	3.048953
63.414241	3244.734717	19.821351	-0.014322	3.046783
63.409359	3239.773789	19.826355	-0.014320	3.044706
63.458413	3234.666921	19.831360	-0.014331	3.042574
63.268866	3229.532426	19.836365	-0.014286	3.040400
63.372674	3224.314651	19.841370	-0.014310	3.038224
63.312262	3219.160940	19.846375	-0.014295	3.036054
63.268242	3214.285763	19.851379	-0.014284	3.034002
63.256623	3209.129973	19.856384	-0.014281	3.031834
63.174224	3203.799684	19.861389	-0.014261	3.029583
63.087812	3198.614685	19.866394	-0.014240	3.027390
63.115731	3193.567206	19.871399	-0.014246	3.025268
63.159356	3188.563253	19.876403	-0.014256	3.023164
63.140311	3183.362898	19.881408	-0.014251	3.020969
62.887364	3178.258326	19.886413	-0.014190	3.018785
62.894095	3173.113690	19.891418	-0.014191	3.016613
62.910665	3168.172297	19.896423	-0.014195	3.014526
62.913863	3163.055099	19.901427	-0.014195	3.012362
62.771788	3157.707679	19.906432	-0.014161	3.010082
62.878533	3152.367560	19.911437	-0.014186	3.007833
62.865125	3147.302514	19.916442	-0.014182	3.005684
62.739808	3142.343460	19.921447	-0.014152	3.003566
62.602502	3137.269315	19.926451	-0.014118	3.001395
62.597957	3132.067182	19.931456	-0.014117	2.999185
62.605471	3126.902166	19.936461	-0.014118	2.996990
62.756803	3121.919419	19.941466	-0.014154	2.994889
62.591616	3116.838723	19.946471	-0.014114	2.992706
62.533168	3111.603995	19.951475	-0.014100	2.990469
62.343612	3106.255331	19.956480	-0.014054	2.988165
62.297320	3101.175106	19.961485	-0.014042	2.985992
62.429339	3096.179387	19.966490	-0.014074	2.983875
62.326201	3091.043062	19.971495	-0.014048	2.981668
62.182307	3085.917095	19.976499	-0.014014	2.979458
62.223562	3080.781583	19.981504	-0.014023	2.977266
62.141129	3075.843988	19.986509	-0.014003	2.975141
62.138669	3070.774982	19.991514	-0.014002	2.972969
62.043197	3065.445890	19.996519	-0.013979	2.970671
62.093356	3060.088815	20.001523	-0.013990	2.968378
62.053832	3054.978000	20.006528	-0.013980	2.966178
61.952919	3050.035206	20.011533	-0.013956	2.964041
62.094937	3044.864014	20.016538	-0.013989	2.961834
62.024488	3039.679842	20.021543	-0.013972	2.959594
62.031182	3034.473192	20.026547	-0.013973	2.957352
61.936548	3029.535494	20.031552	-0.013950	2.955211
61.806475	3024.479198	20.036557	-0.013919	2.953014
61.804182	3019.228906	20.041562	-0.013918	2.950746
61.703490	3013.924206	20.046567	-0.013893	2.948442
61.753183	3008.813643	20.051571	-0.013904	2.946238
61.836674	3003.833471	20.056576	-0.013924	2.944093
61.652479	2998.770196	20.061581	-0.013880	2.941877
61.603514	2993.561070	20.066586	-0.013867	2.939614
61.554776	2988.397645	20.071591	-0.013855	2.937368
61.561622	2983.472403	20.076595	-0.013856	2.935231
61.408404	2978.411442	20.081600	-0.013819	2.933013
61.425189	2973.082177	20.086605	-0.013823	2.930699
61.210267	2967.815960	20.091610	-0.013771	2.928381
61.380771	2962.694529	20.096615	-0.013811	2.926172
61.430280	2957.690548	20.101619	-0.013823	2.923998
61.396703	2952.533157	20.106624	-0.013814	2.921745
61.220949	2947.381453	20.111629	-0.013772	2.919475
61.189869	2942.252813	20.116634	-0.013764	2.917231
61.266508	2937.300519	20.121639	-0.013782	2.915076
61.212926	2932.205391	20.126643	-0.013769	2.912841
61.108701	2926.913532	20.131648	-0.013743	2.910511
61.027106	2921.665718	20.136653	-0.013723	2.908202
61.102385	2916.641510	20.141658	-0.013741	2.906008
60.988709	2911.635921	20.146663	-0.013713	2.903798
60.885773	2906.520214	20.151667	-0.013688	2.901538
60.839208	2901.341786	20.156672	-0.013677	2.899257
60.882527	2896.164818	20.161677	-0.013687	2.896986
60.852467	2891.288989	20.166682	-0.013679	2.894836
60.860330	2886.118129	20.171687	-0.013681	2.892559
60.617710	2880.675731	20.176691	-0.013622	2.890129
60.577784	2875.494646	20.181696	-0.013612	2.887838
60.624601	2870.504531	20.186701	-0.013623	2.885641
60.795216	2865.357907	20.191706	-0.013663	2.883389
60.546905	2860.224824	20.196711	-0.013603	2.881087
60.537826	2855.079256	20.201715	-0.013601	2.878808
60.634264	2849.987377	20.206720	-0.013623	2.876565
60.539578	2845.014913	20.211725	-0.013600	2.874349
60.449761	2839.856372	20.216730	-0.013578	2.872049
60.341964	2834.504808	20.221735	-0.013552	2.869659
60.380250	2829.343418	20.226739	-0.013561	2.867371
60.332128	2824.436605	20.231744	-0.013549	2.865183
60.327313	2819.261461	20.236749	-0.013547	2.862879
60.416599	2814.086132	20.241754	-0.013568	2.860585
60.215082	2808.950138	20.246759	-0.013520	2.858270
60.316340	2803.946090	20.251763	-0.013544	2.856051
60.220154	2798.910632	20.256768	-0.013520	2.853790
60.093561	2793.619204	20.261773	-0.013489	2.851409
60.013680	2788.342316	20.266778	-0.013470	2.849039
59.876422	2783.278403	20.271783	-0.013437	2.846755
60.000297	2778.245953	20.276787	-0.013466	2.844517
59.936473	2773.097658	20.281792	-0.013450	2.842201
59.776667	2767.945553	20.286797	-0.013411	2.839868
59.673688	2762.819320	20.291802	-0.013386	2.837553
59.784443	2757.833229	20.296807	-0.013412	2.835327
59.752989	2752.708849	20.301811	-0.013405	2.833018
59.683568	2747.343277	20.306816	-0.013387	2.830594
59.620298	2742.171722	20.311821	-0.013372	2.828256
59.506626	2737.238016	20.316826	-0.013344	2.826016
59.700420	2732.074696	20.321831	-0.013390	2.823712
59.593366	2726.967367	20.326835	-0.013364	2.821392
59.594727	2721.773002	20.331840	-0.013364	2.819044
59.507782	2716.770402	20.336845	-0.013343	2.816770
59.420638	2711.791244	20.341850	-0.013322	2.814504
59.372125	2706.536120	20.346855	-0.013310	2.812117
59.399206	2701.105598	20.351859	-0.013316	2.809658
59.386618	2696.005058	20.356864	-0.013312	2.807342
59.286704	2691.062980	20.361869	-0.013288	2.805083
59.354135	2685.897035	20.366874	-0.013303	2.802744
59.090316	2680.773530	20.371879	-0.013240	2.800378
59.236148	2675.560853	20.376883	-0.013274	2.798024
59.185252	2670.666060	20.381888	-0.013262	2.795786
59.100625	2665.534761	20.386893	-0.013241	2.793434
59.066585	2660.242461	20.391898	-0.013233	2.791014
58.975431	2655.004458	20.396903	-0.013210	2.788608
58.910310	2650.060856	20.401907	-0.013194	2.786339
58.921961	2644.956049	20.406912	-0.013197	2.784004
58.915930	2639.746978	20.411917	-0.013195	2.781618
58.828024	2634.617031	20.416922	-0.013173	2.779254
58.828391	2629.568685	20.421927	-0.013173	2.776938
58.833578	2624.556419	20.426931	-0.013174	2.774637
58.845149	2619.275482	20.431936	-0.013176	2.772211
58.757947	2613.917921	20.436941	-0.013155	2.769735
58.862190	2608.813987	20.441946	-0.013179	2.767399
58.704757	2603.869993	20.446951	-0.013141	2.765100
58.557003	2598.773025	20.451955	-0.013106	2.762729
58.556171	2593.567825	20.456960	-0.013105	2.760326
58.639368	2588.382667	20.461965	-0.013124	2.757942
58.564874	2583.510112	20.466970	-0.013106	2.755679
58.350620	2578.389212	20.471975	-0.013054	2.753280
58.417577	2572.998382	20.476979	-0.013070	2.750792
58.319576	2567.854107	20.481984	-0.013046	2.748394
58.357700	2562.917903	20.486989	-0.013055	2.746109
58.305330	2557.801109	20.491994	-0.013042	2.743725
58.081289	2552.687009	20.496999	-0.012988	2.741317
58.254905	2547.495609	20.502003	-0.013029	2.738927
58.173631	2542.553739	20.507008	-0.013009	2.736615
58.030737	2537.493873	20.512013	-0.012974	2.734237
58.072571	2532.120937	20.517018	-0.012984	2.731737
58.101797	2526.802791	20.522023	-0.012991	2.729258
57.937552	2521.820547	20.527027	-0.012951	2.726907
57.920888	2516.737081	20.532032	-0.012946	2.724528
57.859505	2511.564123	20.537037	-0.012931	2.722098
57.840883	2506.429621	20.542042	-0.012926	2.719690
57.797870	2501.375539	20.547047	-0.012916	2.717314
57.729880	2496.387252	20.552051	-0.012899	2.714963
57.638389	2491.153264	20.557056	-0.012877	2.712492
57.667037	2485.864779	20.562061	-0.012883	2.710010
57.662762	2480.782662	20.567066	-0.012882	2.707618
57.658237	2475.743541	20.572071	-0.012880	2.705244
57.616277	2470.626759	20.577075	-0.012870	2.702826
57.474576	2465.475138	20.582080	-0.012835	2.700375
57.422180	2460.399183	20.587085	-0.012822	2.697970
57.480667	2455.423130	20.592090	-0.012836	2.695627
57.206819	2450.271144	20.597095	-0.012770	2.693150
57.260807	2444.834793	20.602099	-0.012783	2.690584
57.269757	2439.702247	20.607104	-0.012784	2.688152
57.238048	2434.764207	20.612109	-0.012776	2.685805
57.178540	2429.648950	20.617114	-0.012762	2.683368
57.148991	2424.449217	20.622119	-0.012754	2.680892
57.142831	2419.324645	20.627123	-0.012752	2.678454
57.059567	2414.374850	20.632128	-0.012732	2.676085
57.091948	2409.164020	20.637133	-0.012739	2.673607
56.996259	2403.842343	20.642138	-0.012716	2.671054
57.080408	2398.660926	20.647143	-0.012736	2.668593
56.874975	2393.791955	20.652147	-0.012686	2.666236
56.846271	2388.637050	20.657152	-0.012679	2.663766
56.844947	2383.464956	20.662157	-0.012678	2.661290
56.883165	2378.322807	20.667162	-0.012687	2.658831
56.841816	2373.410552	20.672167	-0.012676	2.656469
56.793686	2368.283734	20.677171	-0.012664	2.654001
56.691228	2362.783373	20.682176	-0.012639	2.651343
56.611619	2357.634553	20.687181	-0.012620	2.648855
56.616231	2352.711975	20.692186	-0.012621	2.646485
56.509624	2347.581195	20.697191	-0.012595	2.643997
56.588015	2342.392592	20.702195	-0.012613	2.641506
56.650893	2337.187701	20.707200	-0.012628	2.639002
56.485392	2332.328730	20.712205	-0.012588	2.636630
56.547669	2327.173919	20.717210	-0.012602	2.634146
56.168692	2321.890509	20.722215	-0.012511	2.631532
56.360425	2316.677889	20.727219	-0.012556	2.629034
56.326326	2311.751871	20.732224	-0.012548	2.626639
56.268726	2306.552170	20.737229	-0.012534	2.624106
56.274674	2301.389178	20.742234	-0.012535	2.621598
56.092859	2296.274309	20.747239	-0.012491	2.619083
56.275433	2291.321396	20.752243	-0.012534	2.616698
56.071323	2286.219531	20.757248	-0.012485	2.614181
56.001999	2280.773853	20.762253	-0.012468	2.611514
56.015806	2275.630075	20.767258	-0.012471	2.609004
55.985361	2270.682236	20.772263	-0.012463	2.606581
55.934098	2265.561383	20.777267	-0.012450	2.604068
55.948773	2260.376893	20.782272	-0.012453	2.601531
55.757955	2255.301430	20.787277	-0.012407	2.599014
55.878759	2250.300542	20.792282	-0.012436	2.596578
55.835782	2245.124805	20.797287	-0.012425	2.594030
55.787718	2239.800876	20.802291	-0.012413	2.591405
55.633688	2234.755801	20.807296	-0.012376	2.588899
55.611165	2229.769720	20.812301	-0.012370	2.586439
55.726802	2224.589033	20.817306	-0.012397	2.583902
55.537067	2219.454053	20.822311	-0.012351	2.581338
55.536887	2214.384768	20.827315	-0.012351	2.578834
55.487402	2209.388878	20.832320	-0.012339	2.576356
55.357948	2204.180988	20.837325	-0.012307	2.573758
55.362020	2198.858006	20.842330	-0.012308	2.571121
55.356739	2193.765728	20.847335	-0.012306	2.568594
55.262109	2188.765675	20.852339	-0.012283	2.566097
55.222787	2183.607216	20.857344	-0.012273	2.563527
55.034924	2178.456137	20.862349	-0.012228	2.560935
55.165509	2173.409248	20.867354	-0.012259	2.558442
55.038849	2168.375815	20.872359	-0.012228	2.555913
55.038519	2163.122415	20.877363	-0.012227	2.553292
55.134337	2157.840664	20.882368	-0.012250	2.550668
54.965781	2152.851559	20.887373	-0.012209	2.548147
54.866102	2147.801626	20.892378	-0.012185	2.545604
54.812568	2142.663434	20.897383	-0.012172	2.543022
54.830460	2137.475737	20.902387	-0.012175	2.540423
54.705620	2132.547259	20.907392	-0.012145	2.537929
54.690160	2127.438334	20.912397	-0.012141	2.535359
54.612551	2122.086501	20.917402	-0.012122	2.532655
54.601153	2116.807590	20.922407	-0.012119	2.529994
54.428871	2111.906882	20.927411	-0.012077	2.527497
54.440849	2106.761986	20.932416	-0.012080	2.524902
54.368212	2101.580662	20.937421	-0.012062	2.522274
54.488241	2096.434473	20.942426	-0.012090	2.519690
54.449449	2091.486112	20.947431	-0.012080	2.517179
54.408504	2086.305051	20.952435	-0.012070	2.514548
54.171678	2081.040804	20.957440	-0.012013	2.511840
54.304284	2075.883240	20.962445	-0.012044	2.509242
54.261049	2070.916675	20.967450	-0.012034	2.506711
54.090187	2065.798912	20.972455	-0.011992	2.504080
54.165899	2060.603765	20.977459	-0.012010	2.501446
54.245502	2055.551748	20.982464	-0.012029	2.498882
54.069679	2050.551404	20.987469	-0.011986	2.496302
54.028925	2045.257143	20.992474	-0.011976	2.493590
54.027684	2039.922183	20.997479	-0.011975	2.490861
53.835493	2034.982887	21.002483	-0.011929	2.488301
53.929266	2029.807686	21.007488	-0.011951	2.485664
53.939297	2024.633955	21.012493	-0.011953	2.483010
53.701792	2019.545161	21.017498	-0.011896	2.480358
53.723123	2014.580122	21.022503	-0.011900	2.477809
53.724787	2009.419317	21.027507	-0.011900	2.475152
53.677647	2004.093722	21.032512	-0.011888	2.472400
53.657905	1998.953610	21.037517	-0.011883	2.469745
53.546906	1994.041834	21.042522	-0.011856	2.467191
53.460793	1988.874826	21.047527	-0.011835	2.464505
53.450969	1983.719148	21.052531	-0.011833	2.461835
53.585703	1978.596347	21.057536	-0.011864	2.459203
53.494146	1973.599502	21.062541	-0.011842	2.456597
53.353750	1968.355601	21.067546	-0.011808	2.453851
53.261712	1963.083574	21.072551	-0.011786	2.451095
53.295366	1958.089577	21.077555	-0.011793	2.448502
53.237453	1952.987935	21.082560	-0.011779	2.445835
53.180488	1947.782700	21.087565	-0.011765	2.443111
53.116399	1942.672495	21.092570	-0.011749	2.440433
53.131955	1937.702297	21.097575	-0.011752	2.437837
52.964487	1932.573387	21.102579	-0.011712	2.435126
53.032131	1927.225916	21.107584	-0.011728	2.432336
53.076427	1922.107861	21.112589	-0.011738	2.429660
52.964322	1917.128167	21.117594	-0.011711	2.427027
52.904232	1911.987348	21.122599	-0.011696	2.424315
52.789219	1906.853907	21.127603	-0.011668	2.421595
52.992637	1901.789111	21.132608	-0.011716	2.418961
52.818796	1896.780044	21.137613	-0.011674	2.416291
52.760169	1891.428190	21.142618	-0.011660	2.413456
52.701661	1886.188291	21.147623	-0.011645	2.410676
52.636366	1881.247030	21.152627	-0.011629	2.408051
52.716746	1876.097000	21.157632	-0.011648	2.405336
52.491454	1870.988436	21.162637	-0.011594	2.402590
52.480828	1865.850010	21.167642	-0.011591	2.399860
52.535958	1860.799952	21.172647	-0.011603	2.397185
52.299885	1855.633025	21.177651	-0.011546	2.394396
52.147411	1850.401583	21.182656	-0.011510	2.391583
52.260676	1845.357815	21.187661	-0.011536	2.388912
52.243861	1840.283108	21.192666	-0.011532	2.386199
52.119712	1835.120665	21.197671	-0.011502	2.383418
52.189991	1829.974377	21.202675	-0.011518	2.380676
52.121045	1825.031579	21.207680	-0.011501	2.378016
52.170363	1819.769765	21.212685	-0.011512	2.375202
52.146633	1814.447294	21.217690	-0.011506	2.372339
51.946405	1809.445532	21.222695	-0.011458	2.369616
51.816662	1804.418841	21.227699	-0.011427	2.366887
51.946755	1799.208326	21.232704	-0.011457	2.364101
51.751574	1794.047165	21.237709	-0.011410	2.361283
51.788039	1789.104198	21.242714	-0.011418	2.358619
51.753156	1783.934500	21.247719	-0.011410	2.355817
51.736530	1778.608142	21.252723	-0.011405	2.352930
51.681016	1773.552207	21.257728	-0.011392	2.350179
51.562812	1768.562725	21.262733	-0.011363	2.347451
51.407715	1763.469150	21.267738	-0.011325	2.344656
51.372552	1758.284427	21.272743	-0.011316	2.341829
51.381377	1753.304453	21.277747	-0.011318	2.339118
51.351638	1748.217540	21.282752	-0.011311	2.336338
51.342703	1742.762345	21.287757	-0.011308	2.333358
51.462872	1737.597313	21.292762	-0.011336	2.330555
51.198440	1732.661928	21.297767	-0.011273	2.327808
51.150798	1727.526867	21.302771	-0.011261	2.324985
51.163943	1722.300437	21.307776	-0.011264	2.322120
51.139569	1717.276464	21.312781	-0.011257	2.319356
51.150662	1712.218491	21.317786	-0.011260	2.316576
51.130294	1706.876365	21.322791	-0.011254	2.313630
51.034113	1701.773853	21.327795	-0.011231	2.310800
51.037433	1696.776036	21.332800	-0.011231	2.308041
50.890094	1691.647334	21.337805	-0.011195	2.305181
50.915443	1686.480413	21.342810	-0.011201	2.302326
50.730583	1681.541056	21.347815	-0.011156	2.299556
50.697410	1676.473302	21.352819	-0.011148	2.296739
50.619805	1671.070495	21.357824	-0.011129	2.293724
50.644619	1665.929986	21.362829	-0.011135	2.290869
50.715964	1660.901930	21.367834	-0.011151	2.288082
50.560399	1655.790902	21.372839	-0.011114	2.285204
50.458538	1650.623588	21.377843	-0.011089	2.282301
50.553006	1645.590072	21.382848	-0.011111	2.279505
50.456316	1640.511031	21.387853	-0.011087	2.276645
50.366504	1635.204599	21.392858	-0.011065	2.273655
50.237432	1630.119138	21.397863	-0.011034	2.270778
50.317422	1625.119987	21.402867	-0.011053	2.267984
50.262494	1619.973257	21.407872	-0.011039	2.265079
50.153063	1614.828863	21.412877	-0.011013	2.262162
50.086125	1609.901799	21.417882	-0.010996	2.259371
50.102384	1604.706734	21.422887	-0.011000	2.256441
49.909315	1599.385151	21.427891	-0.010953	2.253397
49.990450	1594.286755	21.432896	-0.010972	2.250525
49.871651	1589.214026	21.437901	-0.010943	2.247628
49.945252	1584.030455	21.442906	-0.010960	2.244699
49.797785	1578.892173	21.447911	-0.010925	2.241751
49.759565	1573.967706	21.452915	-0.010915	2.238942
49.805660	1568.707034	21.457920	-0.010926	2.235953
49.795224	1563.443783	21.462925	-0.010923	2.232948
49.644550	1558.477694	21.467930	-0.010886	2.230082
49.574587	1553.394572	21.472935	-0.010869	2.227162
49.530462	1548.235983	21.477939	-0.010858	2.224198
49.533357	1543.123431	21.482944	-0.010858	2.221266
49.401068	1538.157098	21.487949	-0.010826	2.218389
49.422971	1532.854559	21.492954	-0.010831	2.215344
49.303415	1527.601987	21.497959	-0.010802	2.212296
49.309078	1522.608988	21.502963	-0.010803	2.209418
49.348344	1517.448665	21.507968	-0.010812	2.206446
49.224661	1512.293757	21.512973	-0.010782	2.203442
49.272261	1507.256464	21.517978	-0.010793	2.200534
49.004544	1502.257649	21.522983	-0.010729	2.197585
49.071136	1496.900821	21.527987	-0.010744	2.194488
48.796785	1491.879344	21.532992	-0.010678	2.191516
48.894568	1486.828542	21.537997	-0.010701	2.188594
48.820267	1481.706712	21.543002	-0.010683	2.185594
48.886974	1476.513911	21.548007	-0.010698	2.182576
48.824638	1471.565675	21.553011	-0.010683	2.179671
48.690734	1466.367877	21.558016	-0.010650	2.176603
48.653566	1461.000887	21.563021	-0.010641	2.173450
48.624954	1455.978506	21.568026	-0.010634	2.170496
48.679390	1450.849858	21.573031	-0.010646	2.167492
48.673467	1445.692092	21.578035	-0.010645	2.164455
48.547963	1440.635713	21.583040	-0.010614	2.161450
48.466146	1435.633991	21.588045	-0.010594	2.158482
48.442272	1430.367958	21.593050	-0.010588	2.155364
48.305390	1425.197938	21.598055	-0.010555	2.152277
48.266537	1420.250139	21.603059	-0.010545	2.149337
48.128400	1415.138015	21.608064	-0.010512	2.146275
48.205178	1409.887522	21.613069	-0.010530	2.143169
48.192132	1404.902773	21.618074	-0.010526	2.140198
48.038050	1399.781780	21.623079	-0.010489	2.137115
47.876279	1394.461801	21.628083	-0.010450	2.133907
48.080782	1389.372981	21.633088	-0.010498	2.130905
48.024496	1384.310669	21.638093	-0.010484	2.127863
47.979186	1379.157855	21.643098	-0.010473	2.124764
47.861014	1374.098359	21.648103	-0.010444	2.121702
47.846363	1369.071340	21.653107	-0.010440	2.118676
47.880782	1363.785941	21.658112	-0.010448	2.115500
47.853425	1358.573517	21.663117	-0.010441	2.112351
47.815433	1353.588006	21.668122	-0.010432	2.109332
47.845183	1348.419213	21.673127	-0.010438	2.106211
47.695976	1343.308523	21.678131	-0.010402	2.103085
47.682853	1338.351701	21.683136	-0.010399	2.100075
47.673858	1333.108472	21.688141	-0.010396	2.096887
47.495940	1327.857429	21.693146	-0.010353	2.093656
47.427125	1322.851696	21.698151	-0.010336	2.090592
47.457009	1317.719811	21.703155	-0.010343	2.087466
47.380129	1312.566287	21.708160	-0.010324	2.084300
47.337175	1307.491477	21.713165	-0.010313	2.081184
47.376197	1302.408132	21.718170	-0.010322	2.078076
47.224226	1297.126763	21.723175	-0.010285	2.074802
46.988299	1292.123820	21.728179	-0.010229	2.071677
47.061599	1287.049050	21.733184	-0.010246	2.068566
46.996123	1281.914515	21.738189	-0.010230	2.065385
46.955811	1276.835393	21.743194	-0.010220	2.062239
46.816857	1271.830257	21.748199	-0.010186	2.059114
46.880605	1266.483480	21.753203	-0.010201	2.055813
46.728109	1261.348359	21.758208	-0.010164	2.052595
46.655482	1256.314085	21.763213	-0.010146	2.049450
46.516321	1251.197938	21.768218	-0.010112	2.046236
46.567464	1246.040755	21.773223	-0.010124	2.043030
46.641914	1241.025224	21.778227	-0.010141	2.039913
46.520288	1235.825620	21.783232	-0.010112	2.036635
46.309520	1230.655642	21.788237	-0.010061	2.033352
46.479265	1225.638550	21.793242	-0.010101	2.030239
46.380376	1220.511661	21.798247	-0.010077	2.026996
46.286219	1215.342665	21.803251	-0.010054	2.023722
46.286787	1210.366755	21.808256	-0.010054	2.020584
46.137006	1205.146594	21.813261	-0.010018	2.017256
45.952280	1199.897742	21.818266	-0.009973	2.013896
45.941772	1194.903219	21.823271	-0.009970	2.010729
45.898517	1189.775111	21.828275	-0.009959	2.007466
45.867671	1184.634299	21.833280	-0.009952	2.004191
45.786516	1179.649992	21.838285	-0.009932	2.001000
45.638945	1174.527600	21.843290	-0.009896	1.997702
45.738890	1169.224667	21.848295	-0.009919	1.994336
45.594914	1164.221221	21.853299	-0.009885	1.991103
45.673370	1159.075251	21.858304	-0.009903	1.987822
45.591903	1153.918779	21.863309	-0.009883	1.984494
45.550220	1148.933550	21.868314	-0.009873	1.981279
45.543016	1143.731084	21.873319	-0.009870	1.977927
45.428601	1138.454154	21.878323	-0.009843	1.974497
45.491740	1133.405732	21.883328	-0.009857	1.971248
45.335698	1128.328901	21.888333	-0.009820	1.967928
45.299114	1123.170700	21.893338	-0.009810	1.964575
45.311773	1118.155356	21.898343	-0.009813	1.961319
45.236282	1112.998591	21.903347	-0.009794	1.957947
45.195557	1107.734535	21.908352	-0.009784	1.954507
45.069116	1102.784903	21.913357	-0.009754	1.951248
44.944700	1097.709177	21.918362	-0.009723	1.947901
44.910657	1092.536451	21.923367	-0.009715	1.944504
45.025005	1087.505894	21.928371	-0.009742	1.941228
44.902386	1082.363639	21.933376	-0.009712	1.937820
44.702875	1077.146745	21.938381	-0.009664	1.934340
44.593860	1072.186469	21.943386	-0.009637	1.931043
44.682388	1066.975931	21.948391	-0.009658	1.927619
44.686982	1061.806124	21.953395	-0.009659	1.924197
44.473653	1056.907959	21.958400	-0.009607	1.920901
44.550226	1051.600271	21.963405	-0.009625	1.917391
44.414813	1046.455451	21.968410	-0.009592	1.913936
44.502163	1041.392018	21.973415	-0.009613	1.910580
44.441740	1036.262110	21.978419	-0.009598	1.907139
44.395032	1031.157381	21.983424	-0.009586	1.903712
44.269437	1026.149688	21.988429	-0.009556	1.900327
44.244485	1020.836522	21.993434	-0.009550	1.896752
44.084573	1015.726615	21.998439	-0.009511	1.893278
44.201950	1010.631276	22.003443	-0.009538	1.889870
44.277868	1005.422787	22.008448	-0.009556	1.886369
43.878940	1000.479020	22.013453	-0.009460	1.882933
43.863248	995.428731	22.018458	-0.009456	1.879506
43.781080	990.133665	22.023463	-0.009436	1.875891
43.799335	985.084403	22.028467	-0.009440	1.872460
43.805529	979.991715	22.033472	-0.009441	1.868990
43.537289	974.901916	22.038477	-0.009377	1.865452
43.410456	969.932014	22.043482	-0.009346	1.862022
43.479261	964.691837	22.048487	-0.009362	1.858446
43.336499	959.433556	22.053491	-0.009327	1.854802
43.460671	954.371592	22.058496	-0.009356	1.851347
43.370293	949.241389	22.063501	-0.009334	1.847789
43.157358	944.198217	22.068506	-0.009283	1.844255
43.336986	939.087589	22.073511	-0.009326	1.840761
43.276478	933.833792	22.078515	-0.009311	1.837103
43.268610	928.708610	22.083520	-0.009308	1.833540
43.071795	923.701132	22.088525	-0.009261	1.830008
43.112534	918.507269	22.093530	-0.009270	1.826395
42.942064	913.522067	22.098535	-0.009229	1.822870
42.932019	908.390230	22.103539	-0.009226	1.819274
42.815941	903.110198	22.108544	-0.009198	1.815542
42.795837	898.089867	22.113549	-0.009193	1.812007
42.767353	892.960663	22.118554	-0.009185	1.808387
42.630610	887.848852	22.123559	-0.009152	1.804746
42.587490	882.838328	22.128563	-0.009142	1.801192
42.532868	877.599827	22.133568	-0.009128	1.797466
42.458122	872.471322	22.138573	-0.009110	1.793806
42.444574	867.434550	22.143578	-0.009106	1.790218
42.391219	862.292450	22.148583	-0.009093	1.786539
42.371290	857.242088	22.153587	-0.009088	1.782925
42.251812	852.105560	22.158592	-0.009059	1.779218
42.231097	846.804343	22.163597	-0.009053	1.775410
42.167714	841.816687	22.168602	-0.009038	1.771808
42.100939	836.669180	22.173607	-0.009021	1.768083
42.077697	831.558262	22.178611	-0.009015	1.764387
41.979247	826.548064	22.183616	-0.008991	1.760738
41.834391	821.291752	22.188621	-0.008956	1.756891
41.783031	816.259658	22.193626	-0.008944	1.753221
41.839701	811.116262	22.198631	-0.008957	1.749490
41.683009	806.008708	22.203635	-0.008919	1.745724
41.662698	801.022857	22.208640	-0.008914	1.742073
41.697465	795.692138	22.213645	-0.008921	1.738175
41.500605	790.610444	22.218650	-0.008874	1.734393
41.503801	785.532468	22.223655	-0.008874	1.730656
41.507522	780.353016	22.228659	-0.008875	1.726837
41.478014	775.339227	22.233664	-0.008867	1.723123
41.285578	770.227967	22.238669	-0.008821	1.719287
41.212868	765.023243	22.243674	-0.008803	1.715403
41.141910	760.017482	22.248679	-0.008786	1.711660
41.067712	754.863920	22.253683	-0.008767	1.707797
40.966665	749.834371	22.258688	-0.008743	1.704011
40.812164	744.748985	22.263693	-0.008705	1.700161
40.825169	739.422105	22.268698	-0.008708	1.696164
40.773380	734.419072	22.273703	-0.008695	1.692384
40.568861	729.328062	22.278707	-0.008646	1.688491
40.556820	724.227272	22.283712	-0.008643	1.684631
40.457195	719.164311	22.288717	-0.008618	1.680767
40.513767	713.871499	22.293722	-0.008631	1.676761
40.323465	708.891812	22.298727	-0.008585	1.672920
40.321407	703.772020	22.303731	-0.008585	1.669012
40.318508	698.659400	22.308736	-0.008583	1.665100
40.111977	693.648782	22.313741	-0.008534	1.661203
40.170994	688.281295	22.318746	-0.008547	1.657093
40.061620	683.285442	22.323751	-0.008521	1.653215
40.135663	678.129246	22.328755	-0.008538	1.649252
39.876769	673.089678	22.333760	-0.008476	1.645281
39.859260	668.049956	22.338765	-0.008471	1.641365
39.681866	662.815586	22.343770	-0.008428	1.637245
39.714657	657.765918	22.348775	-0.008436	1.633316
39.609466	652.671947	22.353779	-0.008410	1.629305
39.510791	647.598103	22.358784	-0.008386	1.625302
39.536889	642.511758	22.363789	-0.008392	1.621313
39.396094	637.222720	22.368794	-0.008358	1.617109
39.292758	632.205038	22.373799	-0.008332	1.613119
39.275311	627.055566	22.378803	-0.008328	1.609038
39.189902	621.989758	22.383808	-0.008307	1.604994
39.358817	616.797516	22.388813	-0.008347	1.600910
39.093842	611.642163	22.393818	-0.008283	1.596724
38.956398	606.681539	22.398823	-0.008250	1.592718
38.966237	601.503509	22.403827	-0.008252	1.588570
38.840316	596.481135	22.408832	-0.008221	1.584497
38.761639	591.309087	22.413837	-0.008202	1.580307
38.727566	586.094563	22.418842	-0.008193	1.576083
38.555372	581.087502	22.423847	-0.008152	1.571978
38.618518	575.906569	22.428851	-0.008166	1.567787
38.682850	570.845963	22.433856	-0.008181	1.563683
38.515011	565.673515	22.438861	-0.008141	1.559411
38.413175	560.587529	22.443866	-0.008116	1.555216
38.392565	555.504807	22.448871	-0.008111	1.551037
38.146098	550.433000	22.453875	-0.008051	1.546790
38.198459	545.399604	22.458880	-0.008063	1.542649
38.057241	540.095486	22.463885	-0.008029	1.538217
37.915626	535.084244	22.468890	-0.007995	1.534015
37.923140	529.926793	22.473895	-0.007996	1.529723
37.796207	524.883175	22.478899	-0.007965	1.525475
37.812252	519.755766	22.483904	-0.007969	1.521187
37.747537	514.550418	22.488909	-0.007953	1.516798
37.576138	509.561638	22.493914	-0.007912	1.512547
37.540962	504.419829	22.498919	-0.007903	1.508194
37.484705	499.388266	22.503923	-0.007889	1.503917
37.354691	494.176544	22.508928	-0.007857	1.499452
37.212299	489.063337	22.513933	-0.007823	1.495054
37.313930	483.944516	22.518938	-0.007847	1.490711
37.164112	478.873019	22.523943	-0.007810	1.486321
37.122381	473.800240	22.528947	-0.007800	1.481949
37.089747	468.569092	22.533952	-0.007792	1.477430
36.991561	463.555156	22.538957	-0.007768	1.473065
36.868644	458.446256	22.543962	-0.007738	1.468598
36.761758	453.444697	22.548967	-0.007712	1.464215
36.663580	448.197536	22.553971	-0.007688	1.459607
36.625507	443.088863	22.558976	-0.007679	1.455124
36.469726	438.017403	22.563981	-0.007641	1.450624
36.423079	432.928495	22.568986	-0.007629	1.446129
36.251842	427.856894	22.573991	-0.007588	1.441595
36.359233	422.620419	22.578995	-0.007613	1.436989
36.321184	417.578324	22.584000	-0.007604	1.432494
36.130476	412.474938	22.589005	-0.007558	1.427883
36.010125	407.479771	22.594010	-0.007528	1.423376
36.040491	402.153824	22.599015	-0.007535	1.418606
35.804126	397.189253	22.604019	-0.007478	1.414060
35.844641	392.019983	22.609024	-0.007488	1.409402
35.593176	387.035361	22.614029	-0.007427	1.404804
35.651104	381.820914	22.619034	-0.007440	1.400080
35.610421	376.713697	22.624039	-0.007430	1.395406
35.534665	371.621406	22.629043	-0.007412	1.390720
35.344759	366.613625	22.634048	-0.007366	1.386057
35.338309	361.412152	22.639053	-0.007364	1.381260
35.198833	356.267995	22.644058	-0.007330	1.376456
34.997988	351.233249	22.649063	-0.007282	1.371717
34.961324	346.130110	22.654067	-0.007272	1.366951
34.917646	341.033106	22.659072	-0.007262	1.362173
34.779849	335.878482	22.664077	-0.007228	1.357292
34.643930	330.848832	22.669082	-0.007195	1.352511
34.511026	325.777839	22.674087	-0.007163	1.347676
34.515693	320.657876	22.679091	-0.007164	1.342823
34.450639	315.444624	22.684096	-0.007148	1.337840
34.200135	310.458216	22.689101	-0.007087	1.332992
34.154609	305.336776	22.694106	-0.007076	1.328067
33.995414	300.311692	22.699111	-0.007037	1.323178
33.972651	295.093278	22.704115	-0.007032	1.318130
33.962002	290.034683	22.709120	-0.007029	1.313222
33.815479	284.937913	22.714125	-0.006993	1.308211
33.603834	279.949966	22.719130	-0.006942	1.303265
33.555233	274.756170	22.724135	-0.006930	1.298155
33.434798	269.714610	22.729139	-0.006901	1.293150
33.364068	264.617830	22.734144	-0.006883	1.288087
33.365052	259.496305	22.739149	-0.006883	1.283006
33.034928	254.417171	22.744154	-0.006804	1.277829
33.048207	249.322892	22.749159	-0.006807	1.272739
32.834650	244.286069	22.754163	-0.006755	1.267604
32.833807	239.137558	22.759168	-0.006755	1.262412
32.624591	234.001673	22.764173	-0.006704	1.257136
32.609473	228.909026	22.769178	-0.006700	1.251953
32.418087	223.878530	22.774183	-0.006654	1.246747
32.165425	218.782579	22.779187	-0.006593	1.241429
32.250063	213.643944	22.784192	-0.006613	1.236169
32.065396	208.575330	22.789197	-0.006568	1.230859
32.015926	203.545170	22.794202	-0.006556	1.225617
31.920740	198.280150	22.799207	-0.006533	1.220090
31.639324	193.316065	22.804211	-0.006465	1.214783
31.499092	188.206517	22.809216	-0.006431	1.209352
31.493776	183.113357	22.814221	-0.006429	1.203966
31.308797	177.975718	22.819226	-0.006385	1.198440
31.141865	172.958140	22.824231	-0.006344	1.193023
31.123294	167.849220	22.829235	-0.006339	1.187541
30.983920	162.725019	22.834240	-0.006306	1.181970
30.606519	157.703496	22.839245	-0.006215	1.176391
30.504388	152.620205	22.844250	-0.006190	1.170826
30.540388	147.538570	22.849255	-0.006198	1.165290
30.419973	142.347137	22.854259	-0.006169	1.159546
30.117981	137.390218	22.859264	-0.006096	1.153960
29.981315	132.322149	22.864269	-0.006063	1.148289
29.881430	127.193706	22.869274	-0.006039	1.142537
29.634209	122.127266	22.874279	-0.005979	1.136766
29.422145	117.053687	22.879283	-0.005928	1.130972
29.199392	112.079185	22.884288	-0.005875	1.125256
29.133624	106.888184	22.889293	-0.005858	1.119329
28.786809	101.919884	22.894298	-0.005775	1.113509
28.455575	96.936204	22.899303	-0.005695	1.107647
28.200992	91.811161	22.904307	-0.005634	1.101622
28.151447	86.732654	22.909312	-0.005622	1.095704
27.921204	81.678649	22.914317	-0.005566	1.089707
27.553825	76.703333	22.919322	-0.005478	1.083710
27.353231	71.619826	22.924327	-0.005430	1.077623
27.028222	66.604445	22.929331	-0.005351	1.071529
26.904901	61.564605	22.934336	-0.005321	1.065459
26.629142	56.424176	22.939341	-0.005255	1.059166
26.326190	51.426310	22.944346	-0.005182	1.052996
26.064179	46.443962	22.949351	-0.005119	1.046826
25.615860	41.402773	22.954355	-0.005011	1.040465
25.339881	36.418615	22.959360	-0.004945	1.034212
24.966936	31.449951	22.964365	-0.004855	1.027896
24.639368	26.353436	22.969370	-0.004777	1.021402
24.392144	21.350712	22.974375	-0.004717	1.015021
24.004572	16.374155	22.979379	-0.004624	1.008569
23.559122	11.369301	22.984384	-0.004517	1.002011
22.982751	6.485595	22.989389	-0.004379	0.995505
22.355343	1.606482	22.994394	-0.004228	0.988938
15.661844	-1.154847	22.999399	-0.002627	0.982208
