Sun Mar 01 17:24:08 2026

Number of Points = 4598
Depth (nm)	Load (µN)	Time (s)	Disp. Voltage(V)	Force Voltage(V)0.000000	3.924104	0.000000	0.001274	0.981479
0.526188	8.906775	0.005005	0.001148	0.988200
0.896786	13.871395	0.010010	0.001059	0.994779
1.120772	18.870673	0.015014	0.001005	1.001291
1.505898	23.915596	0.020019	0.000912	1.007893
1.732824	28.929456	0.025024	0.000858	1.014340
1.912974	33.940363	0.030029	0.000814	1.020722
2.208781	39.078219	0.035034	0.000743	1.027274
2.413161	44.082462	0.040038	0.000693	1.033578
2.560238	49.117306	0.045043	0.000658	1.039856
2.838539	54.217165	0.050048	0.000591	1.046234
2.858129	59.281019	0.055053	0.000586	1.052416
3.243990	64.257713	0.060058	0.000493	1.058616
3.483075	69.388132	0.065062	0.000435	1.064901
3.660926	74.410902	0.070067	0.000392	1.070994
3.835853	79.480561	0.075072	0.000350	1.077107
4.049733	84.518845	0.080077	0.000298	1.083165
4.125943	89.637496	0.085082	0.000280	1.089225
4.388419	94.669170	0.090086	0.000217	1.095228
4.531421	99.696101	0.095091	0.000182	1.101144
4.761748	104.835121	0.100096	0.000126	1.107193
4.859381	109.882584	0.105101	0.000103	1.113049
5.044691	114.932175	0.110106	0.000058	1.118913
5.350668	120.014062	0.115110	-0.000016	1.124833
5.453552	125.048610	0.120115	-0.000041	1.130585
5.393761	130.208535	0.125120	-0.000027	1.136383
5.574738	135.274836	0.130125	-0.000071	1.142144
5.823814	140.370806	0.135130	-0.000131	1.147937
5.949887	145.421538	0.140134	-0.000161	1.153601
6.001427	150.484488	0.145139	-0.000174	1.159221
6.201688	155.626270	0.150144	-0.000222	1.164960
6.421893	160.605227	0.155149	-0.000276	1.170500
6.625488	165.669983	0.160154	-0.000325	1.176101
6.695757	170.765253	0.165158	-0.000342	1.181656
6.941504	175.879658	0.170163	-0.000401	1.187274
7.201532	180.887375	0.175168	-0.000464	1.192757
7.263580	185.949169	0.180173	-0.000479	1.198196
7.391512	191.098585	0.185178	-0.000510	1.203729
7.750420	196.054925	0.190182	-0.000596	1.209120
7.930411	201.133382	0.195187	-0.000640	1.214548
8.093883	206.140720	0.200192	-0.000679	1.219871
8.123360	211.415741	0.205197	-0.000687	1.225400
8.411236	216.380281	0.210202	-0.000756	1.230677
8.607046	221.444490	0.215206	-0.000804	1.236002
8.691038	226.510616	0.220211	-0.000824	1.241264
8.962156	231.594589	0.225216	-0.000889	1.246590
8.947277	236.682693	0.230221	-0.000886	1.251794
9.111079	241.753157	0.235226	-0.000926	1.257023
9.301824	246.855124	0.240230	-0.000972	1.262273
9.156161	252.071115	0.245235	-0.000938	1.267494
9.438042	257.081849	0.250240	-0.001005	1.272641
9.520275	262.130706	0.255245	-0.001026	1.277734
9.658810	267.279414	0.260250	-0.001059	1.282926
9.755381	272.349853	0.265254	-0.001083	1.288005
9.935721	277.408678	0.270259	-0.001126	1.293082
10.144342	282.421438	0.275264	-0.001177	1.298104
10.142728	287.625148	0.280269	-0.001177	1.303219
10.299258	292.644641	0.285274	-0.001214	1.308190
10.462033	297.720942	0.290278	-0.001254	1.313200
10.700875	302.699129	0.295283	-0.001311	1.318122
10.720865	307.910691	0.300288	-0.001317	1.323175
10.697265	312.999367	0.305293	-0.001311	1.328076
10.805628	318.092698	0.310298	-0.001338	1.333009
11.117864	323.045063	0.315302	-0.001413	1.337858
11.093176	328.299191	0.320307	-0.001408	1.342862
11.189360	333.381347	0.325312	-0.001431	1.347726
11.351949	338.436787	0.330317	-0.001470	1.352569
11.482060	343.468139	0.335322	-0.001502	1.357361
11.574144	348.625108	0.340326	-0.001524	1.362242
11.667343	353.702879	0.345331	-0.001547	1.367031
11.893123	358.754052	0.350336	-0.001601	1.371823
11.897772	363.844421	0.355341	-0.001603	1.376562
12.027364	368.992836	0.360346	-0.001634	1.381379
12.075906	374.137583	0.365350	-0.001647	1.386149
12.230189	379.174197	0.370355	-0.001684	1.390838
12.225371	384.296521	0.375360	-0.001683	1.395539
12.288938	389.373096	0.380365	-0.001699	1.400203
12.485717	394.526199	0.385370	-0.001746	1.404965
12.657260	399.512439	0.390374	-0.001788	1.409551
12.599879	404.683701	0.395379	-0.001775	1.414217
12.907120	409.619155	0.400384	-0.001848	1.418771
12.851331	414.952787	0.405389	-0.001836	1.423552
13.150429	419.893447	0.410394	-0.001908	1.428078
13.274040	425.009269	0.415398	-0.001938	1.432691
13.325142	430.037896	0.420403	-0.001950	1.437188
13.472696	435.190677	0.425408	-0.001986	1.441812
13.604045	440.256820	0.430413	-0.002018	1.446339
13.752877	445.329314	0.435418	-0.002054	1.450863
13.743541	450.448767	0.440422	-0.002052	1.455365
13.959772	455.506323	0.445427	-0.002104	1.459869
14.031001	460.736553	0.450432	-0.002122	1.464465
14.007982	465.773010	0.455437	-0.002117	1.468849
14.190027	470.884821	0.460442	-0.002161	1.473348
14.138122	475.930710	0.465446	-0.002149	1.477705
14.308262	481.123714	0.470451	-0.002190	1.482244
14.505576	486.133296	0.475456	-0.002237	1.486619
14.418967	491.280857	0.480461	-0.002217	1.491014
14.706420	496.273674	0.485466	-0.002286	1.495376
14.668837	501.428435	0.490470	-0.002278	1.499767
14.810802	506.613966	0.495475	-0.002312	1.504224
14.925771	511.638175	0.500480	-0.002340	1.508523
14.986938	516.768150	0.505485	-0.002355	1.512883
15.016035	521.796836	0.510490	-0.002363	1.517136
15.181978	526.974811	0.515494	-0.002403	1.521543
15.133730	532.081058	0.520499	-0.002392	1.525814
15.328315	537.135315	0.525504	-0.002439	1.530101
15.528337	542.195720	0.530509	-0.002487	1.534382
15.655130	547.256152	0.535514	-0.002518	1.538631
15.627808	552.565136	0.540518	-0.002512	1.543028
15.863977	557.500088	0.545523	-0.002569	1.547181
15.969807	562.625432	0.550528	-0.002594	1.551441
16.074907	567.663462	0.555533	-0.002620	1.555618
16.076815	572.817123	0.560538	-0.002621	1.559849
16.173869	577.977314	0.565542	-0.002645	1.564101
16.353361	582.941756	0.570547	-0.002688	1.568206
16.351544	588.129768	0.575552	-0.002688	1.572430
16.466904	593.129349	0.580557	-0.002716	1.576523
16.486246	598.383010	0.585562	-0.002721	1.580783
16.713206	603.468165	0.590566	-0.002776	1.584955
16.784905	608.504726	0.595571	-0.002793	1.589033
16.906887	613.635786	0.600576	-0.002823	1.593191
16.833413	618.672605	0.605581	-0.002806	1.597208
17.049606	623.881732	0.610586	-0.002858	1.601432
17.193220	628.901987	0.615590	-0.002893	1.605476
17.299673	633.976488	0.620595	-0.002919	1.609541
17.474648	639.058429	0.625600	-0.002961	1.613622
17.430613	644.114265	0.630605	-0.002951	1.617611
17.456280	649.479043	0.635610	-0.002957	1.621853
17.562796	654.470319	0.640614	-0.002983	1.625812
17.538387	659.593579	0.645619	-0.002978	1.629830
17.794802	664.635933	0.650624	-0.003040	1.633850
17.964891	669.615585	0.655629	-0.003081	1.637789
18.008768	674.885925	0.660634	-0.003092	1.641910
18.089762	679.900280	0.665638	-0.003112	1.645832
18.260869	684.972182	0.670643	-0.003153	1.649813
18.332898	690.091068	0.675648	-0.003171	1.653795
18.648774	695.019493	0.680653	-0.003247	1.657685
18.634114	700.360969	0.685658	-0.003244	1.661796
18.676500	705.374379	0.690662	-0.003254	1.665660
18.684654	710.507534	0.695667	-0.003257	1.669598
18.845697	715.591960	0.700672	-0.003296	1.673530
18.876769	720.615299	0.705677	-0.003303	1.677372
18.933199	725.888565	0.710682	-0.003317	1.681401
18.884755	730.954615	0.715686	-0.003306	1.685236
18.982844	736.048768	0.720691	-0.003330	1.689122
19.184745	741.116227	0.725696	-0.003379	1.693007
19.229552	746.133747	0.730701	-0.003390	1.696803
19.436229	751.416918	0.735706	-0.003440	1.700833
19.508834	756.469780	0.740710	-0.003458	1.704646
19.547737	761.552953	0.745715	-0.003468	1.708464
19.725416	766.658875	0.750720	-0.003510	1.712327
19.688294	771.663409	0.755725	-0.003502	1.716050
19.651643	776.941509	0.760730	-0.003494	1.719969
19.947877	781.954748	0.765734	-0.003565	1.723767
19.929790	787.044483	0.770739	-0.003561	1.727533
20.100973	792.158414	0.775744	-0.003603	1.731357
20.050811	797.184744	0.780749	-0.003591	1.735052
20.314733	802.354102	0.785754	-0.003655	1.738924
20.356115	807.575121	0.790758	-0.003665	1.742769
20.466838	812.536541	0.795763	-0.003692	1.746433
20.533875	817.698068	0.800768	-0.003708	1.750224
20.698608	822.686350	0.805773	-0.003748	1.753906
20.642913	827.848026	0.810778	-0.003735	1.757650
20.709629	833.101045	0.815782	-0.003752	1.761484
20.899416	838.043421	0.820787	-0.003797	1.765114
20.974660	843.179455	0.825792	-0.003816	1.768849
20.830332	848.362247	0.830797	-0.003782	1.772556
20.908641	853.364570	0.835802	-0.003801	1.776179
21.009188	858.676427	0.840806	-0.003826	1.780024
21.091234	863.747464	0.845811	-0.003846	1.783682
21.179053	868.773335	0.850816	-0.003867	1.787303
21.193824	873.933732	0.855821	-0.003871	1.790994
21.550976	878.863969	0.860826	-0.003957	1.794597
21.601142	884.037557	0.865830	-0.003969	1.798291
21.756267	889.194348	0.870835	-0.004007	1.801991
21.887799	894.160724	0.875840	-0.004039	1.805543
21.990099	899.298291	0.880845	-0.004064	1.809202
22.009125	904.409687	0.885850	-0.004069	1.812814
22.114681	909.396004	0.890854	-0.004094	1.816353
22.175946	914.747016	0.895859	-0.004109	1.820130
22.194951	919.805833	0.900864	-0.004114	1.823685
22.077187	924.924693	0.905869	-0.004087	1.827241
22.342789	930.008507	0.910874	-0.004151	1.830858
22.411514	935.008362	0.915878	-0.004168	1.834362
22.599891	940.134668	0.920883	-0.004213	1.837976
22.598072	945.393713	0.925888	-0.004213	1.841630
22.692376	950.348450	0.930893	-0.004236	1.845089
22.843186	955.461299	0.935898	-0.004273	1.848664
22.933630	960.556517	0.940902	-0.004295	1.852205
22.971101	965.577593	0.945907	-0.004304	1.855676
23.024195	970.914498	0.950912	-0.004317	1.859362
23.133089	975.992208	0.955917	-0.004344	1.862875
23.214660	981.032809	0.960922	-0.004364	1.866350
23.271560	986.189874	0.965926	-0.004378	1.869892
23.159181	991.264084	0.970931	-0.004351	1.873332
23.284602	996.360456	0.975936	-0.004382	1.876836
23.408728	1001.577799	0.980941	-0.004412	1.880415
23.552781	1006.581527	0.985946	-0.004447	1.883847
23.707938	1011.646056	0.990950	-0.004484	1.887316
23.629148	1016.831037	0.995955	-0.004466	1.890807
23.852511	1021.770475	1.000960	-0.004520	1.894195
24.018837	1026.947464	1.005965	-0.004560	1.897723
24.126561	1032.210682	1.010970	-0.004586	1.901290
24.120675	1037.186640	1.015974	-0.004585	1.904632
24.202284	1042.325846	1.020979	-0.004605	1.908096
24.245859	1047.452289	1.025984	-0.004616	1.911538
24.239496	1052.461286	1.030989	-0.004615	1.914883
24.422399	1057.684351	1.035994	-0.004659	1.918408
24.293692	1062.878371	1.040998	-0.004629	1.921837
24.365163	1067.864357	1.046003	-0.004646	1.925167
24.505492	1073.021641	1.051008	-0.004680	1.928620
24.645338	1078.085121	1.056013	-0.004714	1.932005
24.643030	1083.116824	1.061018	-0.004714	1.935331
24.742076	1088.396509	1.066022	-0.004738	1.938837
24.707014	1093.513222	1.071027	-0.004730	1.942200
24.917075	1098.493887	1.076032	-0.004781	1.945522
24.999399	1103.616595	1.081037	-0.004801	1.948903
25.087629	1108.672623	1.086042	-0.004823	1.952236
25.141075	1113.704152	1.091046	-0.004836	1.955540
25.223258	1118.983118	1.096051	-0.004856	1.959006
25.372577	1124.022290	1.101056	-0.004892	1.962324
25.306322	1129.080254	1.106061	-0.004877	1.965602
25.409111	1134.243560	1.111066	-0.004902	1.968980
25.548398	1139.265102	1.116070	-0.004936	1.972267
25.643288	1144.291677	1.121075	-0.004959	1.975543
25.777768	1149.649787	1.126080	-0.004991	1.979036
25.887034	1154.667893	1.131085	-0.005018	1.982299
26.029086	1159.696716	1.136090	-0.005052	1.985570
26.010332	1164.864480	1.141094	-0.005048	1.988890
26.088671	1169.909388	1.146099	-0.005068	1.992147
26.066595	1175.012990	1.151104	-0.005063	1.995414
26.176849	1180.239858	1.156109	-0.005090	1.998783
26.249575	1185.290141	1.161114	-0.005107	2.002026
26.308489	1190.341527	1.166118	-0.005122	2.005262
26.325912	1195.506203	1.171123	-0.005127	2.008555
26.402659	1200.593494	1.176128	-0.005145	2.011806
26.408460	1205.625626	1.181133	-0.005147	2.015003
26.499810	1211.016050	1.186138	-0.005170	2.018439
26.509429	1216.130657	1.191142	-0.005172	2.021677
26.725990	1221.071546	1.196147	-0.005225	2.024845
26.764061	1226.225385	1.201152	-0.005234	2.028104
26.941599	1231.244635	1.206157	-0.005277	2.031302
27.028108	1236.270416	1.211162	-0.005298	2.034480
27.110410	1241.524001	1.216166	-0.005318	2.037796
27.235907	1246.640744	1.221171	-0.005349	2.041029
27.364233	1251.607243	1.226176	-0.005380	2.044164
27.370878	1256.771137	1.231181	-0.005382	2.047392
27.421753	1261.919485	1.236186	-0.005394	2.050614
27.389045	1266.934421	1.241190	-0.005387	2.053731
27.539747	1272.154317	1.246195	-0.005424	2.057009
27.554166	1277.415274	1.251200	-0.005428	2.060278
27.632789	1282.364715	1.256205	-0.005447	2.063363
27.686769	1287.517538	1.261210	-0.005460	2.066564
27.861632	1292.594876	1.266214	-0.005502	2.069738
27.822197	1297.626304	1.271219	-0.005493	2.072835
27.872131	1302.817415	1.276224	-0.005506	2.076044
27.973295	1308.061855	1.281229	-0.005530	2.079291
28.066416	1313.068011	1.286234	-0.005553	2.082385
28.004656	1318.139761	1.291238	-0.005539	2.085484
28.012170	1323.296861	1.296243	-0.005541	2.088644
28.233085	1328.298810	1.301248	-0.005594	2.091747
28.156834	1333.419270	1.306253	-0.005577	2.094859
28.364663	1338.775320	1.311258	-0.005627	2.098166
28.368324	1343.843465	1.316262	-0.005628	2.101252
28.508686	1348.821039	1.321267	-0.005662	2.104306
28.674070	1353.964977	1.326272	-0.005702	2.107462
28.631644	1359.080332	1.331277	-0.005692	2.110553
28.752719	1364.063341	1.336282	-0.005722	2.113593
28.798843	1369.295167	1.341286	-0.005733	2.116764
28.994685	1374.426045	1.346291	-0.005781	2.119899
29.181167	1379.325596	1.351296	-0.005826	2.122888
29.118533	1384.513512	1.356301	-0.005811	2.125997
29.005801	1389.730646	1.361306	-0.005785	2.129110
29.107464	1394.726554	1.366310	-0.005809	2.132127
29.264590	1399.839680	1.371315	-0.005847	2.135221
29.404245	1405.151225	1.376320	-0.005881	2.138426
29.334745	1410.210495	1.381325	-0.005865	2.141434
29.379656	1415.288520	1.386330	-0.005876	2.144472
29.529069	1420.407951	1.391334	-0.005912	2.147550
29.416005	1425.512424	1.396339	-0.005886	2.150564
29.618717	1430.481033	1.401344	-0.005935	2.153555
29.752373	1435.720566	1.406349	-0.005967	2.156688
29.897109	1440.883740	1.411354	-0.006002	2.159774
29.829372	1445.877523	1.416358	-0.005986	2.162715
29.995027	1450.980474	1.421363	-0.006026	2.165760
30.120130	1456.135510	1.426368	-0.006057	2.168825
30.048657	1461.166986	1.431373	-0.006040	2.171774
30.089312	1466.314944	1.436378	-0.006050	2.174810
30.215170	1471.681934	1.441382	-0.006081	2.177986
30.254474	1476.703685	1.446387	-0.006091	2.180939
30.424063	1481.666268	1.451392	-0.006132	2.183877
30.476557	1486.826359	1.456397	-0.006145	2.186906
30.641089	1491.906814	1.461402	-0.006185	2.189904
30.682717	1496.891679	1.466406	-0.006195	2.192820
30.741236	1502.142113	1.471411	-0.006209	2.195889
30.929293	1507.347528	1.476416	-0.006255	2.198953
30.677357	1512.388989	1.481421	-0.006195	2.201833
30.755027	1517.503527	1.486426	-0.006214	2.204815
30.897038	1522.645897	1.491430	-0.006248	2.207821
30.836040	1527.696708	1.496435	-0.006234	2.210732
30.920349	1532.754468	1.501440	-0.006255	2.213670
30.880873	1538.102069	1.506445	-0.006246	2.216748
30.998672	1543.243321	1.511450	-0.006275	2.219732
31.136509	1548.176321	1.516454	-0.006308	2.222597
31.218052	1553.328115	1.521459	-0.006328	2.225573
31.375126	1558.438944	1.526464	-0.006366	2.228535
31.342580	1563.462300	1.531469	-0.006359	2.231408
31.547746	1568.545196	1.536474	-0.006408	2.234356
31.558274	1573.881374	1.541478	-0.006411	2.237408
31.629564	1578.918684	1.546483	-0.006429	2.240297
31.785606	1583.903043	1.551488	-0.006466	2.243168
31.851818	1589.062046	1.556493	-0.006483	2.246118
32.019572	1594.184307	1.561498	-0.006523	2.249061
31.867443	1599.204255	1.566502	-0.006487	2.251885
31.807944	1604.421029	1.571507	-0.006473	2.254833
32.044920	1609.712567	1.576512	-0.006531	2.257873
32.124943	1614.715029	1.581517	-0.006550	2.260718
32.151263	1619.779059	1.586522	-0.006557	2.263584
32.200135	1624.925008	1.591526	-0.006569	2.266497
32.211945	1630.054367	1.596531	-0.006572	2.269390
32.283478	1635.030870	1.601536	-0.006590	2.272204
32.416385	1640.238318	1.606541	-0.006622	2.275155
32.585552	1645.450113	1.611546	-0.006663	2.278112
32.751201	1650.402206	1.616550	-0.006703	2.280918
32.662236	1655.525612	1.621555	-0.006682	2.283771
32.852365	1660.656292	1.626560	-0.006728	2.286675
32.801876	1665.725633	1.631565	-0.006717	2.289497
32.897136	1670.710642	1.636570	-0.006740	2.292296
33.017056	1675.973073	1.641574	-0.006769	2.295249
32.980735	1681.263100	1.646579	-0.006761	2.298187
33.041258	1686.252780	1.651584	-0.006776	2.300971
33.140845	1691.342637	1.656589	-0.006800	2.303814
33.212604	1696.494544	1.661594	-0.006817	2.306683
33.252795	1701.597316	1.666598	-0.006828	2.309516
33.344963	1706.548782	1.671603	-0.006850	2.312271
33.566038	1711.753014	1.676608	-0.006903	2.315185
33.527207	1717.005900	1.681613	-0.006894	2.318076
33.517255	1722.020506	1.686618	-0.006893	2.320837
33.623908	1727.097960	1.691622	-0.006919	2.323650
33.761745	1732.185009	1.696627	-0.006952	2.326471
33.664003	1737.334344	1.701632	-0.006929	2.329281
33.652467	1742.352603	1.706637	-0.006927	2.332031
33.823423	1747.619865	1.711642	-0.006968	2.334946
33.875480	1752.901261	1.716646	-0.006981	2.337844
33.924455	1757.885764	1.721651	-0.006993	2.340576
33.962372	1762.974672	1.726656	-0.007003	2.343360
34.094712	1768.097975	1.731661	-0.007035	2.346175
34.075328	1773.232023	1.736666	-0.007030	2.348967
34.243417	1778.165317	1.741670	-0.007071	2.351679
34.230675	1783.415111	1.746675	-0.007069	2.354528
34.393318	1788.661729	1.751680	-0.007108	2.357402
34.298602	1793.704226	1.756685	-0.007086	2.360118
34.444823	1798.733771	1.761690	-0.007121	2.362865
34.536709	1803.842894	1.766694	-0.007144	2.365643
34.568119	1808.982812	1.771699	-0.007151	2.368423
34.538914	1813.954603	1.776704	-0.007145	2.371100
34.681481	1819.144137	1.781709	-0.007179	2.373920
34.819044	1824.464609	1.786714	-0.007213	2.376806
34.979798	1829.499728	1.791718	-0.007252	2.379539
35.078472	1834.497301	1.796723	-0.007276	2.382238
35.207510	1839.661088	1.801728	-0.007307	2.385029
35.110511	1844.835622	1.806733	-0.007284	2.387784
35.280306	1849.765049	1.811738	-0.007325	2.390449
35.376502	1854.902882	1.816742	-0.007349	2.393211
35.356480	1860.220782	1.821747	-0.007345	2.396046
35.433198	1865.344097	1.826752	-0.007363	2.398790
35.374300	1870.328233	1.831757	-0.007350	2.401434
35.461497	1875.494476	1.836762	-0.007371	2.404196
35.309243	1880.683945	1.841766	-0.007335	2.406928
35.520012	1885.652009	1.846771	-0.007386	2.409600
35.473428	1890.741814	1.851776	-0.007375	2.412290
35.597336	1896.087243	1.856781	-0.007405	2.415141
35.772200	1901.253453	1.861786	-0.007448	2.417902
35.835911	1906.179588	1.866790	-0.007463	2.420515
35.949390	1911.272373	1.871795	-0.007491	2.423222
36.020058	1916.444869	1.876800	-0.007508	2.425960
36.065077	1921.528696	1.881805	-0.007519	2.428644
36.224000	1926.483091	1.886810	-0.007558	2.431276
36.241657	1931.736878	1.891814	-0.007562	2.434039
36.255355	1936.974971	1.896819	-0.007566	2.436790
36.138265	1942.078391	1.901824	-0.007539	2.439446
36.172944	1947.127024	1.906829	-0.007547	2.442095
36.321758	1952.239330	1.911834	-0.007583	2.444793
36.407476	1957.392753	1.916838	-0.007604	2.447500
36.447217	1962.339825	1.921843	-0.007614	2.450088
36.472352	1967.443236	1.926848	-0.007621	2.452752
36.745919	1972.808337	1.931853	-0.007687	2.455591
36.766094	1977.930831	1.936858	-0.007692	2.458259
36.801752	1982.888117	1.941862	-0.007701	2.460840
36.881562	1988.037788	1.946867	-0.007720	2.463526
36.972517	1993.148664	1.951872	-0.007743	2.466191
36.923473	1998.250478	1.956877	-0.007731	2.468825
36.970202	2003.254663	1.961882	-0.007743	2.471422
37.042776	2008.521379	1.966886	-0.007761	2.474155
37.040292	2013.780538	1.971891	-0.007761	2.476870
37.076660	2018.795258	1.976896	-0.007770	2.479462
37.145597	2023.840533	1.981901	-0.007787	2.482072
37.318921	2028.975383	1.986906	-0.007829	2.484742
37.377942	2034.131816	1.991910	-0.007843	2.487402
37.401429	2039.077697	1.996915	-0.007849	2.489946
37.589984	2044.160104	2.001920	-0.007895	2.492583
37.517227	2049.650182	2.006925	-0.007878	2.495385
37.625388	2054.724709	2.011930	-0.007904	2.497999
37.597698	2059.695768	2.016934	-0.007898	2.500537
37.840840	2064.787735	2.021939	-0.007957	2.503176
37.795343	2069.992570	2.026944	-0.007946	2.505825
37.752681	2075.046652	2.031949	-0.007936	2.508394
37.900867	2080.040054	2.036954	-0.007972	2.510961
37.831192	2085.322266	2.041958	-0.007956	2.513636
37.987987	2090.536876	2.046963	-0.007994	2.516311
38.028987	2095.582657	2.051968	-0.008004	2.518879
38.128300	2100.583150	2.056973	-0.008028	2.521430
38.132780	2105.775763	2.061978	-0.008030	2.524061
38.170441	2110.913186	2.066982	-0.008039	2.526667
38.256773	2115.889753	2.071987	-0.008061	2.529196
38.455516	2120.947195	2.076992	-0.008108	2.531781
38.473000	2126.333911	2.081997	-0.008113	2.534501
38.462139	2131.524149	2.087002	-0.008111	2.537115
38.533659	2136.475503	2.092006	-0.008129	2.539619
38.552552	2141.584400	2.097011	-0.008133	2.542191
38.778356	2146.692566	2.102016	-0.008188	2.544793
38.697885	2151.887155	2.107021	-0.008169	2.547388
38.709500	2156.830510	2.112026	-0.008172	2.549868
38.839518	2161.976853	2.117030	-0.008204	2.552466
39.033644	2167.256959	2.122035	-0.008251	2.555138
38.971000	2172.411115	2.127040	-0.008236	2.557705
39.126814	2177.311878	2.132045	-0.008274	2.560176
39.252750	2182.453640	2.137050	-0.008305	2.562761
39.278152	2187.632616	2.142054	-0.008311	2.565346
39.284465	2192.738334	2.147059	-0.008313	2.567889
39.273646	2197.760512	2.152064	-0.008311	2.570385
39.260602	2203.014230	2.157069	-0.008308	2.572994
39.532938	2208.259637	2.162074	-0.008374	2.575639
39.574034	2213.315017	2.167078	-0.008384	2.578152
39.574640	2218.308368	2.172083	-0.008385	2.580626
39.429681	2223.505267	2.177088	-0.008350	2.583176
39.543944	2228.641736	2.182093	-0.008378	2.585733
39.671891	2233.613158	2.187098	-0.008409	2.588209
39.773233	2238.625112	2.192102	-0.008434	2.590697
39.905956	2243.871475	2.197107	-0.008466	2.593304
39.862263	2249.160846	2.202112	-0.008456	2.595902
39.999291	2254.141986	2.207117	-0.008489	2.598374
40.156923	2259.113681	2.212122	-0.008527	2.600841
40.067552	2264.325542	2.217126	-0.008507	2.603387
40.117096	2269.461052	2.222131	-0.008519	2.605914
40.229583	2274.468223	2.227136	-0.008546	2.608385
40.165733	2279.556830	2.232141	-0.008531	2.610868
40.338276	2284.893005	2.237146	-0.008573	2.613504
40.309404	2290.160452	2.242150	-0.008567	2.616074
40.307203	2295.134774	2.247155	-0.008567	2.618502
40.499104	2300.173172	2.252160	-0.008613	2.620988
40.438441	2305.366684	2.257165	-0.008599	2.623510
40.613332	2310.468849	2.262170	-0.008641	2.626020
40.502853	2315.509288	2.267174	-0.008615	2.628455
40.777744	2320.460867	2.272179	-0.008681	2.630902
40.759161	2325.813283	2.277184	-0.008677	2.633498
40.759637	2331.002859	2.282189	-0.008678	2.636015
40.872454	2335.983309	2.287194	-0.008705	2.638444
40.975247	2341.042114	2.292198	-0.008730	2.640908
40.952861	2346.214204	2.297203	-0.008725	2.643406
41.042186	2351.362672	2.302208	-0.008747	2.645907
41.177402	2356.316717	2.307213	-0.008780	2.648318
41.193434	2361.390274	2.312218	-0.008784	2.650768
41.193027	2366.811595	2.317222	-0.008785	2.653380
41.198405	2372.068106	2.322227	-0.008786	2.655911
41.244861	2377.045667	2.327232	-0.008798	2.658311
41.396108	2382.063550	2.332237	-0.008835	2.660744
41.447473	2387.217265	2.337242	-0.008847	2.663226
41.516975	2392.398318	2.342246	-0.008864	2.665720
41.460753	2397.412463	2.347251	-0.008851	2.668115
41.647788	2402.416090	2.352256	-0.008897	2.670537
41.629584	2407.745799	2.357261	-0.008893	2.673083
41.733802	2412.942841	2.362266	-0.008918	2.675582
41.773175	2417.958965	2.367270	-0.008928	2.677982
41.935826	2422.965238	2.372275	-0.008967	2.680393
41.976353	2428.107419	2.377280	-0.008977	2.682849
41.904580	2433.276464	2.382285	-0.008961	2.685299
42.099740	2438.234270	2.387290	-0.009008	2.687686
42.173772	2443.281142	2.392294	-0.009026	2.690094
42.114883	2448.616766	2.397299	-0.009012	2.692619
42.173448	2453.920609	2.402304	-0.009027	2.695143
42.224165	2458.939839	2.407309	-0.009039	2.697529
42.343010	2463.913975	2.412314	-0.009068	2.699901
42.427736	2469.102885	2.417318	-0.009089	2.702368
42.553164	2474.214267	2.422323	-0.009119	2.704802
42.511387	2479.305251	2.427328	-0.009110	2.707200
42.604556	2484.280009	2.432333	-0.009133	2.709560
42.562262	2489.549707	2.437338	-0.009123	2.712038
42.627642	2494.834937	2.442342	-0.009139	2.714536
42.632775	2499.921451	2.447347	-0.009141	2.716930
42.612551	2504.913764	2.452352	-0.009136	2.719274
42.887333	2509.989363	2.457357	-0.009202	2.721697
42.985265	2515.155324	2.462362	-0.009226	2.724135
42.895725	2520.322252	2.467366	-0.009205	2.726544
42.933040	2525.232960	2.472371	-0.009215	2.728850
43.146566	2530.403324	2.477376	-0.009266	2.731300
43.176940	2535.810330	2.482381	-0.009274	2.733832
43.242568	2540.904262	2.487386	-0.009290	2.736221
43.018236	2545.916179	2.492390	-0.009237	2.738530
43.257088	2550.984467	2.497395	-0.009294	2.740927
43.313908	2556.151979	2.502400	-0.009308	2.743342
43.263915	2561.314415	2.507405	-0.009297	2.745739
43.294937	2566.261055	2.512410	-0.009305	2.748044
43.335704	2571.403839	2.517414	-0.009315	2.750440
43.519939	2576.682498	2.522419	-0.009360	2.752917
43.482020	2581.899011	2.527424	-0.009351	2.755332
43.590562	2586.857396	2.532429	-0.009377	2.757645
43.532338	2591.932444	2.537434	-0.009364	2.759987
43.820117	2597.044978	2.542438	-0.009433	2.762393
43.866190	2602.170629	2.547443	-0.009445	2.764769
43.878835	2607.224124	2.552448	-0.009448	2.767105
43.808392	2612.270087	2.557453	-0.009432	2.769425
43.934648	2617.540746	2.562458	-0.009462	2.771873
43.997735	2622.877624	2.567462	-0.009478	2.774340
43.998622	2627.973850	2.572467	-0.009479	2.776686
44.094473	2632.923262	2.577472	-0.009502	2.778976
44.145969	2638.080262	2.582477	-0.009515	2.781353
44.058856	2643.271287	2.587482	-0.009494	2.783725
44.287796	2648.332735	2.592486	-0.009549	2.786078
44.262617	2653.256616	2.597491	-0.009544	2.788332
44.396204	2658.352181	2.602496	-0.009576	2.790684
44.459390	2663.737095	2.607501	-0.009592	2.793157
44.435930	2668.897008	2.612506	-0.009587	2.795513
44.528406	2673.826627	2.617510	-0.009609	2.797778
44.555965	2678.956701	2.622515	-0.009616	2.800124
44.562792	2684.144473	2.627520	-0.009618	2.802491
44.489916	2689.344439	2.632525	-0.009601	2.804851
44.677860	2694.265873	2.637530	-0.009647	2.807117
44.654163	2699.374041	2.642534	-0.009642	2.809438
44.631148	2704.708822	2.647539	-0.009636	2.811860
45.039862	2709.928994	2.652544	-0.009735	2.814286
44.789642	2715.050305	2.657549	-0.009675	2.816576
45.092587	2719.942250	2.662554	-0.009748	2.818835
45.251456	2725.084788	2.667558	-0.009787	2.821186
45.105394	2730.298784	2.672563	-0.009752	2.823527
45.274465	2735.355850	2.677568	-0.009793	2.825837
45.189212	2740.324782	2.682573	-0.009773	2.828071
45.274812	2745.446498	2.687578	-0.009794	2.830396
45.512125	2750.797791	2.692582	-0.009851	2.832842
45.310569	2756.006449	2.697587	-0.009803	2.835163
45.305772	2760.941660	2.702592	-0.009803	2.837386
45.409265	2766.030718	2.707597	-0.009828	2.839690
45.501623	2771.205006	2.712602	-0.009850	2.842030
45.475395	2776.339872	2.717606	-0.009845	2.844334
45.621959	2781.277253	2.722611	-0.009880	2.846570
45.702162	2786.338984	2.727616	-0.009900	2.848851
45.850757	2791.583320	2.732621	-0.009936	2.851222
45.900116	2796.962974	2.737626	-0.009948	2.853638
45.902525	2802.072043	2.742630	-0.009949	2.855925
45.936628	2806.968501	2.747635	-0.009958	2.858119
46.133739	2812.122286	2.752640	-0.010005	2.860448
46.062197	2817.307176	2.757645	-0.009989	2.862753
46.026649	2822.466783	2.762650	-0.009981	2.865051
46.126106	2827.385774	2.767654	-0.010005	2.867256
46.188996	2832.471435	2.772659	-0.010020	2.869530
46.099855	2837.866596	2.777664	-0.009999	2.871919
46.226571	2843.024116	2.782669	-0.010030	2.874229
46.348223	2848.037606	2.787674	-0.010060	2.876473
46.350322	2853.076559	2.792678	-0.010061	2.878710
46.487726	2858.215165	2.797683	-0.010094	2.881008
46.625232	2863.338886	2.802688	-0.010127	2.883297
46.649938	2868.452347	2.807693	-0.010134	2.885565
46.671411	2873.432472	2.812698	-0.010139	2.887772
46.590186	2878.632022	2.817702	-0.010120	2.890061
46.677791	2884.117338	2.822707	-0.010142	2.892496
46.705113	2889.300150	2.827712	-0.010149	2.894788
46.855421	2894.132792	2.832717	-0.010185	2.896939
46.810447	2899.264545	2.837722	-0.010175	2.899196
46.876320	2904.463814	2.842726	-0.010191	2.901495
46.897433	2909.557468	2.847731	-0.010196	2.903739
46.953178	2914.603132	2.852736	-0.010210	2.905966
47.141460	2919.514071	2.857741	-0.010256	2.908148
47.099994	2924.763471	2.862746	-0.010246	2.910448
47.158230	2930.087063	2.867750	-0.010261	2.912791
47.206929	2935.220413	2.872755	-0.010273	2.915048
47.308027	2940.100226	2.877760	-0.010297	2.917199
47.444049	2945.212572	2.882765	-0.010330	2.919454
47.363263	2950.438019	2.887770	-0.010311	2.921730
47.498135	2955.543735	2.892774	-0.010344	2.923979
47.538073	2960.556444	2.897779	-0.010354	2.926173
47.489678	2965.646379	2.902784	-0.010343	2.928389
47.571948	2970.910120	2.907789	-0.010363	2.930694
47.692589	2976.227183	2.912794	-0.010392	2.933027
47.677437	2981.394734	2.917798	-0.010389	2.935275
47.800596	2986.225616	2.922803	-0.010419	2.937392
47.790790	2991.387826	2.927808	-0.010417	2.939635
47.872316	2996.563623	2.932813	-0.010437	2.941894
47.963608	3001.680909	2.937818	-0.010459	2.944127
47.965235	3006.688958	2.942822	-0.010460	2.946299
48.035642	3011.742169	2.947827	-0.010478	2.948499
48.081469	3017.026174	2.952832	-0.010489	2.950793
47.943403	3022.341880	2.957837	-0.010456	2.953076
48.106513	3027.387387	2.962842	-0.010496	2.955279
48.209353	3032.319607	2.967846	-0.010521	2.957423
48.314505	3037.456572	2.972851	-0.010546	2.959654
48.245210	3042.683673	2.977856	-0.010530	2.961901
48.357435	3047.749685	2.982861	-0.010558	2.964099
48.544764	3052.660267	2.987866	-0.010603	2.966238
48.501972	3057.777475	2.992870	-0.010593	2.968436
48.592557	3063.128879	2.997875	-0.010615	2.970749
48.625972	3068.457988	3.002880	-0.010624	2.973044
48.678551	3073.510188	3.007885	-0.010637	2.975221
48.677289	3078.458537	3.012890	-0.010637	2.977345
48.812426	3083.659053	3.017894	-0.010670	2.979592
48.850031	3088.805427	3.022899	-0.010679	2.981803
48.869130	3093.958000	3.027904	-0.010684	2.984012
48.962365	3098.902055	3.032909	-0.010707	2.986139
48.986459	3104.008143	3.037914	-0.010713	2.988326
49.040859	3109.295700	3.042918	-0.010726	2.990592
49.135819	3114.540630	3.047923	-0.010750	2.992843
49.088474	3119.644172	3.052928	-0.010739	2.995015
49.241979	3124.450324	3.057933	-0.010776	2.997083
49.427954	3129.514479	3.062938	-0.010821	2.999264
49.451932	3134.709161	3.067942	-0.010827	3.001478
49.419869	3139.875908	3.072947	-0.010820	3.003673
49.345050	3144.910920	3.077952	-0.010802	3.005805
49.395693	3149.998370	3.082957	-0.010815	3.007972
49.427869	3155.247027	3.087962	-0.010823	3.010204
49.604862	3160.599848	3.092966	-0.010866	3.012497
49.579740	3165.721670	3.097971	-0.010860	3.014665
49.673481	3170.633583	3.102976	-0.010883	3.016757
49.771727	3175.749813	3.107981	-0.010907	3.018934
49.742596	3180.954587	3.112986	-0.010901	3.021133
49.882736	3186.059064	3.117990	-0.010935	3.023307
49.798643	3191.107256	3.122995	-0.010915	3.025429
49.868500	3196.133167	3.128000	-0.010932	3.027559
50.075763	3201.310384	3.133005	-0.010982	3.029768
50.035039	3206.674916	3.138010	-0.010973	3.032024
50.027284	3211.843543	3.143014	-0.010971	3.034200
50.059972	3216.715071	3.148019	-0.010980	3.036254
50.184137	3221.861847	3.153024	-0.011010	3.038434
50.155575	3227.045793	3.158029	-0.011003	3.040609
50.184232	3232.177893	3.163034	-0.011011	3.042768
50.297861	3237.227199	3.168038	-0.011038	3.044901
50.383289	3242.186023	3.173043	-0.011059	3.046991
50.382022	3247.402204	3.178048	-0.011059	3.049177
50.597331	3252.816962	3.183053	-0.011111	3.051470
50.344551	3258.051878	3.188058	-0.011051	3.053631
50.640628	3262.912793	3.193062	-0.011123	3.055698
50.717140	3267.973341	3.198067	-0.011141	3.057822
50.736592	3273.153676	3.203072	-0.011146	3.059988
50.654523	3278.348229	3.208077	-0.011127	3.062146
50.759556	3283.448221	3.213082	-0.011153	3.064286
50.690582	3288.357833	3.218086	-0.011137	3.066324
50.842469	3293.459965	3.223091	-0.011173	3.068466
51.134294	3298.798923	3.228096	-0.011244	3.070722
51.284311	3303.952613	3.233101	-0.011280	3.072883
51.295780	3308.981953	3.238106	-0.011283	3.074974
51.324158	3313.976901	3.243110	-0.011290	3.077052
51.437427	3319.098231	3.248115	-0.011318	3.079191
51.504477	3324.294079	3.253120	-0.011334	3.081353
51.585107	3329.413698	3.258125	-0.011354	3.083484
51.664535	3334.344184	3.263130	-0.011374	3.085535
51.657406	3339.475705	3.268134	-0.011372	3.087658
51.883519	3344.716324	3.273139	-0.011427	3.089852
51.874738	3350.074651	3.278144	-0.011425	3.092065
51.865970	3355.202383	3.283149	-0.011424	3.094182
51.915535	3360.109272	3.288154	-0.011436	3.096213
51.917049	3365.279635	3.293158	-0.011437	3.098346
52.004329	3370.434228	3.298163	-0.011458	3.100480
52.076999	3375.558563	3.303168	-0.011476	3.102599
52.020065	3380.594249	3.308173	-0.011463	3.104665
52.076872	3385.589493	3.313178	-0.011477	3.106726
52.119472	3390.802484	3.318182	-0.011487	3.108874
52.294215	3396.132179	3.323187	-0.011530	3.111083
52.347554	3401.304664	3.328192	-0.011543	3.113212
52.331620	3406.224322	3.333197	-0.011539	3.115229
52.444017	3411.294408	3.338202	-0.011567	3.117320
52.418495	3416.500717	3.343206	-0.011561	3.119449
52.585384	3421.609191	3.348211	-0.011601	3.121560
52.483202	3426.790376	3.353216	-0.011578	3.123668
52.590935	3431.672446	3.358221	-0.011604	3.125676
52.648055	3436.849187	3.363226	-0.011618	3.127797
52.594494	3442.222251	3.368230	-0.011605	3.129985
52.841643	3447.382720	3.373235	-0.011665	3.132118
52.829603	3452.479023	3.378240	-0.011663	3.134194
52.726115	3457.449125	3.383245	-0.011638	3.136208
52.964421	3462.509025	3.388250	-0.011696	3.138295
53.046599	3467.702209	3.393254	-0.011716	3.140417
53.079012	3472.850454	3.398259	-0.011724	3.142514
53.100277	3477.875342	3.403264	-0.011730	3.144559
53.112063	3482.889200	3.408269	-0.011733	3.146596
53.280259	3488.033301	3.413274	-0.011773	3.148702
53.240937	3493.449818	3.418278	-0.011765	3.150895
53.320502	3498.554562	3.423283	-0.011784	3.152972
53.316458	3503.513747	3.428288	-0.011783	3.154980
53.358341	3508.602348	3.433293	-0.011794	3.157045
53.395765	3513.768099	3.438298	-0.011803	3.159138
53.464368	3518.913276	3.443302	-0.011820	3.161226
53.588266	3524.079949	3.448307	-0.011850	3.163326
53.580448	3528.987628	3.453312	-0.011849	3.165307
53.581334	3534.146026	3.458317	-0.011850	3.167388
53.667412	3539.499039	3.463322	-0.011871	3.169555
53.805252	3544.736924	3.468326	-0.011904	3.171681
53.813717	3549.847813	3.473331	-0.011906	3.173740
53.715561	3554.808030	3.478336	-0.011883	3.175725
53.866520	3559.923723	3.483341	-0.011920	3.177798
53.915944	3565.079914	3.488346	-0.011932	3.179876
54.073483	3570.214612	3.493350	-0.011970	3.181955
54.019248	3575.298532	3.498355	-0.011958	3.183989
54.129830	3580.233992	3.503360	-0.011985	3.185981
54.041351	3585.434178	3.508365	-0.011964	3.188055
54.104280	3590.830317	3.513370	-0.011980	3.190223
54.197296	3595.984759	3.518374	-0.012002	3.192297
54.253677	3601.026097	3.523379	-0.012016	3.194319
54.308185	3605.980544	3.528384	-0.012030	3.196306
54.230673	3611.206207	3.533389	-0.012012	3.198385
54.392493	3616.345069	3.538394	-0.012051	3.200455
54.556860	3621.462368	3.543398	-0.012090	3.202514
54.482638	3626.482642	3.548403	-0.012073	3.204508
54.307876	3631.593679	3.553408	-0.012032	3.206526
54.504517	3636.803023	3.558413	-0.012079	3.208621
54.650887	3642.106412	3.563418	-0.012115	3.210748
54.680363	3647.244077	3.568422	-0.012122	3.212794
54.596260	3652.184830	3.573427	-0.012103	3.214749
54.738314	3657.255929	3.578432	-0.012137	3.216779
54.839350	3662.398050	3.583437	-0.012162	3.218831
54.905673	3667.559193	3.588442	-0.012178	3.220885
55.086373	3672.643856	3.593446	-0.012222	3.222920
54.870314	3677.581426	3.598451	-0.012170	3.224854
55.013941	3682.712451	3.603456	-0.012205	3.226901
55.205324	3688.005934	3.608461	-0.012251	3.229016
55.227128	3693.246126	3.613466	-0.012257	3.231090
55.249971	3698.395376	3.618470	-0.012263	3.233128
55.092427	3703.292944	3.623475	-0.012226	3.235045
55.185688	3708.446106	3.628480	-0.012248	3.237089
55.210770	3713.620951	3.633485	-0.012255	3.239133
55.359750	3718.686457	3.638490	-0.012291	3.241146
55.342421	3723.854677	3.643494	-0.012287	3.243180
55.208573	3728.809249	3.648499	-0.012256	3.245117
55.494448	3733.907712	3.653504	-0.012325	3.247153
55.505216	3739.381327	3.658509	-0.012328	3.249307
55.592702	3744.598741	3.663514	-0.012349	3.251367
55.720093	3749.644171	3.668518	-0.012380	3.253362
55.704304	3754.609477	3.673523	-0.012377	3.255309
55.695977	3759.782741	3.678528	-0.012375	3.257337
55.856416	3764.907559	3.683533	-0.012414	3.259363
55.771684	3770.066324	3.688538	-0.012394	3.261375
56.007647	3775.095192	3.693542	-0.012451	3.263369
56.060723	3780.034181	3.698547	-0.012464	3.265307
55.990056	3785.224093	3.703552	-0.012448	3.267329
56.200115	3790.594549	3.708557	-0.012498	3.269450
56.169432	3795.791514	3.713562	-0.012491	3.271476
56.287785	3800.779803	3.718566	-0.012520	3.273436
56.315118	3805.668970	3.723571	-0.012527	3.275346
56.466886	3810.801709	3.728576	-0.012564	3.277363
56.688165	3815.899069	3.733581	-0.012617	3.279372
56.590489	3821.068751	3.738586	-0.012594	3.281374
56.598251	3826.165263	3.743590	-0.012597	3.283358
56.572432	3831.136501	3.748595	-0.012591	3.285289
56.675702	3836.302020	3.753600	-0.012616	3.287307
56.648279	3841.837632	3.758605	-0.012610	3.289455
56.658270	3847.051507	3.763610	-0.012613	3.291480
56.725271	3852.080345	3.768614	-0.012629	3.293437
56.750860	3857.012063	3.773619	-0.012636	3.295352
56.800833	3862.171482	3.778624	-0.012648	3.297357
56.986011	3867.239254	3.783629	-0.012693	3.299338
56.884287	3872.487230	3.788634	-0.012669	3.301359
57.008608	3877.467621	3.793638	-0.012699	3.303298
56.964726	3882.504514	3.798643	-0.012689	3.305240
57.143008	3887.632542	3.803648	-0.012732	3.307240
57.200891	3892.972814	3.808653	-0.012747	3.309307
57.254272	3898.166286	3.813658	-0.012760	3.311317
57.216547	3903.205654	3.818662	-0.012751	3.313256
57.209763	3908.196820	3.823667	-0.012750	3.315179
57.253845	3913.363094	3.828672	-0.012761	3.317173
57.386266	3918.507508	3.833677	-0.012793	3.319167
57.347994	3923.685578	3.838682	-0.012784	3.321155
57.463880	3928.709848	3.843686	-0.012813	3.323098
57.432969	3933.677532	3.848691	-0.012806	3.325004
57.562003	3938.825399	3.853696	-0.012837	3.326994
57.574335	3944.368482	3.858701	-0.012840	3.329123
57.849641	3949.467966	3.863706	-0.012907	3.331106
57.741943	3954.542007	3.868710	-0.012881	3.333040
57.643839	3959.511266	3.873715	-0.012858	3.334934
57.647800	3964.654633	3.878720	-0.012860	3.336904
57.822985	3969.827798	3.883725	-0.012902	3.338901
57.799419	3974.986182	3.888730	-0.012897	3.340871
57.962580	3980.019249	3.893734	-0.012936	3.342811
57.908219	3985.006183	3.898739	-0.012924	3.344711
57.897903	3990.154510	3.903744	-0.012922	3.346675
58.069508	3995.542947	3.908749	-0.012963	3.348748
58.087485	4000.763792	3.913754	-0.012968	3.350741
58.103801	4005.825102	3.918758	-0.012972	3.352671
58.245670	4010.713748	3.923763	-0.013007	3.354547
58.269325	4015.874905	3.928768	-0.013013	3.356514
58.332008	4021.048581	3.933773	-0.013028	3.358488
58.409190	4026.184566	3.938778	-0.013047	3.360448
58.422479	4031.321393	3.943782	-0.013051	3.362402
58.413391	4036.216241	3.948787	-0.013049	3.364259
58.489608	4041.385241	3.953792	-0.013068	3.366229
58.551142	4046.790017	3.958797	-0.013083	3.368285
58.570114	4052.064239	3.963802	-0.013088	3.370286
58.525504	4057.255155	3.968806	-0.013078	3.372248
58.498883	4062.058392	3.973811	-0.013072	3.374064
58.657685	4067.237549	3.978816	-0.013110	3.376040
58.813943	4072.373401	3.983821	-0.013148	3.377998
58.805519	4077.493220	3.988826	-0.013146	3.379932
58.864216	4082.664629	3.993830	-0.013161	3.381892
58.856079	4087.528076	3.998835	-0.013159	3.383727
58.991770	4092.667099	4.003840	-0.013192	3.385680
58.993814	4097.930001	4.008845	-0.013193	3.387664
59.092452	4103.220609	4.013850	-0.013217	3.389668
59.005687	4108.416614	4.018854	-0.013197	3.391617
59.035838	4113.308999	4.023859	-0.013205	3.393462
59.037499	4118.416448	4.028864	-0.013205	3.395384
59.108705	4123.595126	4.033869	-0.013223	3.397338
59.091697	4128.749817	4.038874	-0.013219	3.399274
59.177810	4133.928950	4.043878	-0.013240	3.401227
59.207909	4138.850247	4.048883	-0.013248	3.403078
59.354854	4143.890487	4.053888	-0.013284	3.404983
59.446602	4149.121106	4.058893	-0.013306	3.406953
59.585829	4154.570841	4.063898	-0.013340	3.409009
59.594538	4159.751637	4.068902	-0.013342	3.410951
59.590937	4164.724161	4.073907	-0.013342	3.412812
59.628528	4169.746360	4.078912	-0.013351	3.414694
59.686516	4174.878831	4.083917	-0.013366	3.416619
59.636425	4180.060468	4.088922	-0.013354	3.418550
59.677582	4185.235713	4.093926	-0.013364	3.420487
59.698738	4190.237518	4.098931	-0.013370	3.422357
59.748304	4195.182856	4.103936	-0.013382	3.424206
59.875845	4200.341970	4.108941	-0.013413	3.426142
59.940998	4205.696076	4.113946	-0.013429	3.428144
59.958949	4210.971559	4.118950	-0.013434	3.430110
59.948409	4216.065275	4.123955	-0.013432	3.432005
60.146412	4220.794316	4.128960	-0.013480	3.433784
60.217137	4225.949914	4.133965	-0.013497	3.435707
60.228663	4231.123615	4.138970	-0.013500	3.437631
60.258809	4236.267697	4.143974	-0.013508	3.439545
60.215509	4241.462079	4.148979	-0.013498	3.441469
60.228994	4246.339259	4.153984	-0.013502	3.443280
60.432370	4251.466838	4.158989	-0.013551	3.445200
60.314379	4256.818628	4.163994	-0.013523	3.447172
60.297058	4262.258139	4.168998	-0.013519	3.449185
60.516984	4267.332251	4.174003	-0.013572	3.451085
60.537417	4272.251725	4.179008	-0.013578	3.452907
60.643394	4277.271881	4.184013	-0.013603	3.454773
60.585319	4282.490450	4.189018	-0.013590	3.456696
60.658040	4287.681917	4.194022	-0.013608	3.458620
60.803763	4292.756179	4.199027	-0.013643	3.460507
60.798291	4297.784618	4.204032	-0.013642	3.462362
60.878478	4302.769374	4.209037	-0.013662	3.464208
60.796498	4307.996369	4.214042	-0.013643	3.466127
60.880902	4313.407707	4.219046	-0.013663	3.468128
60.801251	4318.570421	4.224051	-0.013645	3.470021
60.851577	4323.634139	4.229056	-0.013657	3.471889
60.934789	4328.550436	4.234061	-0.013678	3.473705
60.890208	4333.692100	4.239066	-0.013667	3.475590
61.066878	4338.878145	4.244070	-0.013710	3.477512
61.087730	4344.007137	4.249075	-0.013716	3.479397
61.194387	4349.168225	4.254080	-0.013741	3.481301
61.310393	4354.040308	4.259085	-0.013770	3.483099
61.277874	4359.186846	4.264090	-0.013762	3.484982
61.373137	4364.463203	4.269094	-0.013786	3.486924
61.450779	4369.838256	4.274099	-0.013805	3.488899
61.496897	4375.025525	4.279104	-0.013816	3.490802
61.341699	4379.988181	4.284109	-0.013779	3.492603
61.371617	4385.008228	4.289114	-0.013787	3.494440
61.502048	4390.183326	4.294118	-0.013819	3.496343
61.589482	4395.335373	4.299123	-0.013840	3.498233
61.553429	4400.535931	4.304128	-0.013832	3.500127
61.557624	4405.549366	4.309133	-0.013833	3.501957
61.665119	4410.492285	4.314138	-0.013859	3.503769
61.894260	4415.627411	4.319142	-0.013915	3.505661
61.748232	4421.124791	4.324147	-0.013880	3.507650
61.836274	4426.302096	4.329152	-0.013902	3.509542
62.099944	4431.336778	4.334157	-0.013965	3.511398
62.030755	4436.195070	4.339162	-0.013949	3.513158
62.216981	4441.376571	4.344166	-0.013994	3.515058
62.120925	4446.550139	4.349171	-0.013972	3.516929
62.220614	4451.706553	4.354176	-0.013996	3.518810
62.304089	4456.880158	4.359181	-0.014016	3.520694
62.072933	4461.858150	4.364186	-0.013961	3.522479
62.152632	4466.945931	4.369190	-0.013981	3.524330
62.336289	4472.084519	4.374195	-0.014025	3.526208
62.443338	4477.606481	4.379200	-0.014051	3.528217
62.508990	4482.761406	4.384205	-0.014068	3.530088
62.464339	4487.741171	4.389210	-0.014057	3.531885
62.488826	4492.726911	4.394214	-0.014064	3.533690
62.545558	4497.891252	4.399219	-0.014078	3.535561
62.596621	4503.054576	4.404224	-0.014090	3.537430
62.657477	4508.206093	4.409229	-0.014105	3.539295
62.667766	4513.321017	4.414234	-0.014108	3.541141
62.756591	4518.222428	4.419238	-0.014130	3.542916
62.695745	4523.355124	4.424243	-0.014116	3.544760
62.722970	4528.660154	4.429248	-0.014123	3.546673
62.766244	4534.004838	4.434253	-0.014134	3.548601
62.786246	4539.130822	4.439258	-0.014139	3.550447
62.825137	4544.020316	4.444262	-0.014149	3.552209
62.944038	4549.069615	4.449267	-0.014177	3.554034
62.944945	4554.238652	4.454272	-0.014178	3.555891
62.954402	4559.408269	4.459277	-0.014181	3.557748
63.000903	4564.583583	4.464282	-0.014192	3.559610
63.157818	4569.590589	4.469286	-0.014230	3.561420
63.256192	4574.480558	4.474291	-0.014254	3.563181
63.328374	4579.640058	4.479296	-0.014272	3.565036
63.250249	4585.171715	4.484301	-0.014254	3.567010
63.187893	4590.467800	4.489306	-0.014239	3.568901
63.271866	4595.603907	4.494310	-0.014260	3.570745
63.260498	4600.436128	4.499315	-0.014258	3.572472
63.291378	4605.608891	4.504320	-0.014265	3.574323
63.523320	4610.739080	4.509325	-0.014321	3.576176
63.629478	4615.872440	4.514330	-0.014347	3.578018
63.484822	4621.062464	4.519334	-0.014313	3.579857
63.605896	4625.989085	4.524339	-0.014342	3.581625
63.816476	4630.997753	4.529344	-0.014393	3.583429
63.817586	4636.157895	4.534349	-0.014394	3.585268
63.804192	4641.567171	4.539354	-0.014391	3.587193
63.791316	4646.820403	4.544358	-0.014389	3.589061
63.737934	4651.901970	4.549363	-0.014376	3.590864
63.822210	4656.792395	4.554368	-0.014397	3.592610
63.764489	4661.980206	4.559373	-0.014383	3.594449
63.776563	4667.147364	4.564378	-0.014387	3.596285
64.048671	4672.262172	4.569382	-0.014452	3.598125
63.931901	4677.433684	4.574387	-0.014425	3.599949
64.139784	4682.364436	4.579392	-0.014475	3.601716
64.102604	4687.417615	4.584397	-0.014467	3.603504
64.167769	4692.568106	4.589402	-0.014483	3.605335
64.348897	4698.186722	4.594406	-0.014526	3.607340
64.346709	4703.291290	4.599411	-0.014526	3.609146
64.264321	4708.307666	4.604416	-0.014507	3.610914
64.435510	4713.132926	4.609421	-0.014548	3.612634
64.499826	4718.301218	4.614426	-0.014564	3.614466
64.453028	4723.482471	4.619430	-0.014554	3.616293
64.458039	4728.613883	4.624435	-0.014555	3.618105
64.474810	4733.791021	4.629440	-0.014560	3.619933
64.554097	4738.704089	4.634445	-0.014579	3.621672
64.522152	4743.774195	4.639450	-0.014572	3.623457
64.688660	4748.920798	4.644454	-0.014612	3.625285
64.723806	4754.374251	4.649459	-0.014621	3.627208
64.815508	4759.527623	4.654464	-0.014643	3.629030
64.763920	4764.607475	4.659469	-0.014631	3.630812
64.849636	4769.441543	4.664474	-0.014652	3.632519
64.945052	4774.612307	4.669478	-0.014676	3.634345
64.899807	4779.825161	4.674483	-0.014665	3.636172
64.866748	4784.997640	4.679488	-0.014658	3.637985
64.847132	4790.185446	4.684493	-0.014654	3.639804
64.964210	4795.065850	4.689498	-0.014682	3.641526
65.072348	4800.180574	4.694502	-0.014708	3.643328
65.119448	4805.281447	4.699507	-0.014720	3.645120
65.119055	4810.904557	4.704512	-0.014720	3.647089
65.097915	4816.078958	4.709517	-0.014716	3.648899
65.152673	4821.084071	4.714522	-0.014729	3.650655
65.412611	4825.947429	4.719526	-0.014792	3.652377
65.360629	4831.138583	4.724531	-0.014780	3.654187
65.385641	4836.311936	4.729536	-0.014786	3.655997
65.485237	4841.458258	4.734541	-0.014811	3.657802
65.514138	4846.605400	4.739546	-0.014818	3.659601
65.566018	4851.550828	4.744550	-0.014831	3.661331
65.498499	4856.642873	4.749555	-0.014815	3.663101
65.602017	4861.799260	4.754560	-0.014840	3.664906
65.841438	4867.171195	4.759565	-0.014898	3.666798
65.682332	4872.336777	4.764570	-0.014861	3.668583
65.814346	4877.493244	4.769574	-0.014893	3.670388
65.772277	4882.360097	4.774579	-0.014883	3.672078
65.852034	4887.496360	4.779584	-0.014902	3.673870
65.888872	4892.686787	4.784589	-0.014912	3.675677
65.928851	4897.822384	4.789594	-0.014922	3.677464
65.938808	4903.019855	4.794598	-0.014925	3.679269
65.937128	4907.981475	4.799603	-0.014925	3.680990
66.069067	4912.971979	4.804608	-0.014957	3.682732
66.077234	4918.129606	4.809613	-0.014959	3.684521
66.073987	4923.695338	4.814618	-0.014959	3.686449
66.277659	4928.878217	4.819622	-0.015008	3.688261
66.179251	4934.054620	4.824627	-0.014985	3.690044
66.328496	4938.828720	4.829632	-0.015021	3.691708
66.298632	4943.979131	4.834637	-0.015014	3.693487
66.342211	4949.126258	4.839642	-0.015025	3.695270
66.471753	4954.291568	4.844646	-0.015056	3.697065
66.648475	4959.447303	4.849651	-0.015099	3.698860
66.575149	4964.470565	4.854656	-0.015082	3.700587
66.631228	4969.449990	4.859661	-0.015096	3.702310
66.578645	4974.597945	4.864666	-0.015084	3.704080
66.733824	4979.959039	4.869670	-0.015121	3.705941
66.765013	4985.202740	4.874675	-0.015129	3.707750
66.795219	4990.351294	4.879680	-0.015137	3.709525
66.791669	4995.298002	4.884685	-0.015137	3.711227
66.758561	5000.317528	4.889690	-0.015129	3.712951
66.934881	5005.481404	4.894694	-0.015172	3.714741
66.869951	5010.695858	4.899699	-0.015157	3.716528
67.011403	5015.834877	4.904704	-0.015191	3.718304
67.016130	5020.921420	4.909709	-0.015192	3.720051
67.030739	5025.791450	4.914714	-0.015196	3.721723
67.003831	5031.024882	4.919718	-0.015190	3.723516
67.091840	5036.284702	4.924723	-0.015212	3.725327
67.270491	5041.675179	4.929728	-0.015255	3.727189
67.252924	5046.877635	4.934733	-0.015251	3.728969
67.281293	5051.765265	4.939738	-0.015259	3.730645
67.287592	5056.807220	4.944742	-0.015261	3.732370
67.450566	5061.968920	4.949747	-0.015300	3.734149
67.395454	5067.119599	4.954752	-0.015287	3.735906
68.516946	5072.029817	4.959757	-0.015556	3.737673
69.658830	5076.956279	4.964762	-0.015829	3.739448
69.764347	5081.780404	4.969766	-0.015855	3.741103
69.980818	5086.864356	4.974771	-0.015907	3.742855
69.932518	5092.107197	4.979776	-0.015896	3.744639
70.002256	5097.470494	4.984781	-0.015913	3.746473
70.061645	5102.633573	4.989786	-0.015928	3.748237
70.257483	5107.715798	4.994790	-0.015975	3.749984
70.364236	5112.545196	4.999795	-0.016001	3.751636
70.331968	5117.754361	5.004800	-0.015994	3.753406
70.407849	5122.892937	5.009805	-0.016013	3.755160
70.498539	5128.038748	5.014810	-0.016035	3.756916
70.535833	5133.236234	5.019814	-0.016044	3.758685
70.472082	5138.219784	5.024819	-0.016029	3.760372
70.522803	5143.211956	5.029824	-0.016042	3.762071
70.517617	5148.396138	5.034829	-0.016041	3.763830
70.610528	5153.849919	5.039834	-0.016064	3.765687
70.687390	5159.145267	5.044838	-0.016083	3.767488
70.835813	5164.291035	5.049843	-0.016119	3.769243
70.961353	5169.151361	5.054848	-0.016149	3.770899
70.917402	5174.273749	5.059853	-0.016139	3.772629
70.935219	5179.407190	5.064858	-0.016144	3.774368
70.945142	5184.639939	5.069862	-0.016147	3.776138
71.075053	5189.693948	5.074867	-0.016178	3.777857
71.034280	5194.825023	5.079872	-0.016169	3.779587
70.950163	5199.695729	5.084877	-0.016149	3.781226
71.011654	5204.840945	5.089882	-0.016164	3.782968
71.259670	5210.135068	5.094886	-0.016224	3.784773
71.150689	5215.522784	5.099891	-0.016198	3.786582
71.149133	5220.695503	5.104896	-0.016198	3.788325
71.230931	5225.718806	5.109901	-0.016218	3.790024
71.407149	5230.540848	5.114906	-0.016261	3.791662
71.388890	5235.806025	5.119910	-0.016257	3.793433
71.388364	5240.936855	5.124915	-0.016257	3.795160
71.406765	5246.118575	5.129920	-0.016262	3.796904
71.512841	5251.329838	5.134925	-0.016288	3.798664
71.700722	5256.169721	5.139930	-0.016333	3.800305
71.698686	5261.237718	5.144934	-0.016333	3.802007
71.599575	5266.400087	5.149939	-0.016310	3.803733
71.721715	5271.830247	5.154944	-0.016340	3.805565
71.908749	5277.002366	5.159949	-0.016385	3.807314
71.874891	5282.142931	5.164954	-0.016377	3.809035
71.900340	5287.013141	5.169958	-0.016384	3.810669
71.948736	5292.164509	5.174963	-0.016396	3.812398
72.033873	5297.282757	5.179968	-0.016417	3.814118
72.090929	5302.467635	5.184973	-0.016431	3.815858
72.192085	5307.573847	5.189978	-0.016455	3.817574
72.362577	5312.715077	5.194982	-0.016497	3.819306
72.360191	5317.536681	5.199987	-0.016497	3.820917
72.281403	5322.764775	5.204992	-0.016478	3.822658
72.344574	5327.983341	5.209997	-0.016494	3.824405
72.301190	5333.381166	5.215002	-0.016484	3.826203
72.387555	5338.516001	5.220006	-0.016505	3.827923
72.476851	5343.533576	5.225011	-0.016527	3.829603
72.459232	5348.472844	5.230016	-0.016523	3.831248
72.396183	5353.686082	5.235021	-0.016508	3.832980
72.491821	5358.891754	5.240026	-0.016532	3.834721
72.627775	5363.994956	5.245030	-0.016565	3.836430
72.664804	5369.167106	5.250035	-0.016574	3.838153
72.644204	5374.167848	5.255040	-0.016569	3.839815
72.809267	5379.172692	5.260045	-0.016609	3.841491
72.859437	5384.272607	5.265050	-0.016622	3.843189
72.879206	5389.754023	5.270054	-0.016627	3.845011
72.991625	5394.938584	5.275059	-0.016654	3.846741
72.974574	5400.126648	5.280064	-0.016651	3.848461
73.073836	5405.053407	5.285069	-0.016675	3.850103
72.991922	5410.083626	5.290074	-0.016656	3.851764
73.061930	5415.196550	5.295078	-0.016673	3.853464
73.015881	5420.431346	5.300083	-0.016662	3.855194
73.234567	5425.535044	5.305088	-0.016715	3.856901
73.251661	5430.694189	5.310093	-0.016720	3.858609
73.188047	5435.585946	5.315098	-0.016705	3.860223
73.344547	5440.690678	5.320102	-0.016743	3.861922
73.509471	5445.780697	5.325107	-0.016783	3.863617
73.716239	5451.184006	5.330112	-0.016833	3.865417
73.606228	5456.412585	5.335117	-0.016807	3.867136
73.726670	5461.537620	5.340122	-0.016836	3.868836
73.823783	5466.365434	5.345126	-0.016860	3.870436
73.825722	5471.490337	5.350131	-0.016861	3.872127
73.937170	5476.601383	5.355136	-0.016888	3.873820
73.772260	5481.841248	5.360141	-0.016849	3.875534
73.870511	5486.998672	5.365146	-0.016873	3.877240
73.859623	5492.094683	5.370150	-0.016870	3.878917
74.021410	5496.947288	5.375155	-0.016910	3.880525
74.011558	5502.080627	5.380160	-0.016908	3.882213
74.225820	5507.326492	5.385165	-0.016959	3.883954
74.134491	5512.830411	5.390170	-0.016938	3.885756
74.470577	5517.977868	5.395174	-0.017019	3.887471
74.374190	5523.071321	5.400179	-0.016996	3.889137
74.275304	5527.941036	5.405184	-0.016973	3.890727
74.411906	5533.122754	5.410189	-0.017006	3.892437
74.433782	5538.267658	5.415194	-0.017012	3.894126
74.492249	5543.429502	5.420198	-0.017026	3.895822
74.452478	5548.579306	5.425203	-0.017017	3.897507
74.441532	5553.628592	5.430208	-0.017015	3.899159
74.514097	5558.598454	5.435213	-0.017033	3.900792
74.485782	5563.685450	5.440218	-0.017026	3.902454
74.569399	5569.071446	5.445222	-0.017047	3.904222
74.824930	5574.313752	5.450227	-0.017108	3.905954
74.699220	5579.543815	5.455232	-0.017079	3.907654
74.720007	5584.511264	5.460237	-0.017084	3.909278
74.807174	5589.429708	5.465242	-0.017106	3.910890
74.939703	5594.609007	5.470246	-0.017138	3.912590
74.947915	5599.782750	5.475251	-0.017140	3.914279
74.955443	5604.971329	5.480256	-0.017142	3.915971
74.918790	5610.169064	5.485261	-0.017134	3.917663
74.832829	5615.142247	5.490266	-0.017114	3.919277
75.090023	5620.126883	5.495270	-0.017176	3.920919
74.997212	5625.266852	5.500275	-0.017154	3.922585
75.067227	5630.799097	5.505280	-0.017171	3.924390
75.084442	5636.135304	5.510285	-0.017176	3.926127
75.283938	5641.197364	5.515290	-0.017224	3.927787
75.437247	5646.155547	5.520294	-0.017261	3.929409
75.388042	5651.164310	5.525299	-0.017250	3.931033
75.351839	5656.304019	5.530304	-0.017242	3.932699
75.491376	5661.531323	5.535309	-0.017275	3.934405
75.501171	5666.619116	5.540314	-0.017278	3.936056
75.546076	5671.804365	5.545318	-0.017289	3.937741
75.414130	5676.759041	5.550323	-0.017258	3.939338
75.428699	5681.800116	5.555328	-0.017262	3.940972
75.523424	5686.964535	5.560333	-0.017285	3.942651
75.681253	5692.314124	5.565338	-0.017324	3.944394
75.628815	5697.579058	5.570342	-0.017311	3.946094
75.737078	5702.713524	5.575347	-0.017338	3.947763
75.838214	5707.606439	5.580352	-0.017362	3.949352
75.896994	5712.614978	5.585357	-0.017377	3.950975
75.942466	5717.812166	5.590362	-0.017388	3.952657
75.891525	5723.027820	5.595366	-0.017377	3.954337
76.012512	5728.180062	5.600371	-0.017406	3.956009
75.950164	5733.334866	5.605376	-0.017391	3.957668
76.000896	5738.244438	5.610381	-0.017404	3.959255
76.088560	5743.236089	5.615386	-0.017425	3.960870
76.001097	5748.482132	5.620390	-0.017405	3.962554
76.148394	5753.948761	5.625395	-0.017441	3.964325
76.174341	5759.220250	5.630400	-0.017447	3.966024
76.233713	5764.375149	5.635405	-0.017462	3.967687
76.262923	5769.260193	5.640410	-0.017469	3.969261
76.292969	5774.321800	5.645414	-0.017477	3.970891
76.295328	5779.480886	5.650419	-0.017478	3.972549
76.404134	5784.675399	5.655424	-0.017505	3.974225
76.536036	5789.788374	5.660429	-0.017537	3.975877
76.472910	5794.950656	5.665434	-0.017522	3.977529
76.413715	5799.925424	5.670438	-0.017508	3.979122
76.525676	5804.922546	5.675443	-0.017535	3.980732
76.584523	5810.075413	5.680448	-0.017550	3.982389
76.610907	5815.457665	5.685453	-0.017557	3.984115
76.598904	5820.698492	5.690458	-0.017554	3.985793
76.578553	5825.902368	5.695462	-0.017550	3.987458
76.665161	5830.802413	5.700467	-0.017571	3.989033
76.860779	5835.765814	5.705472	-0.017618	3.990634
76.856605	5840.985238	5.710477	-0.017618	3.992303
76.793801	5846.143287	5.715482	-0.017603	3.993948
76.986509	5851.278715	5.720486	-0.017650	3.995602
77.012604	5856.485429	5.725491	-0.017656	3.997267
77.034857	5861.417403	5.730496	-0.017662	3.998844
77.120234	5866.417988	5.735501	-0.017683	4.000446
77.136843	5871.576317	5.740506	-0.017687	4.002092
77.086899	5877.090834	5.745510	-0.017676	4.003848
77.162582	5882.374104	5.750515	-0.017694	4.005537
77.156028	5887.537121	5.755520	-0.017693	4.007182
77.251680	5892.491139	5.760525	-0.017717	4.008766
77.128502	5897.515586	5.765530	-0.017688	4.010357
77.326588	5902.639050	5.770534	-0.017735	4.012001
77.437090	5907.838385	5.775539	-0.017762	4.013663
77.451920	5912.983767	5.780544	-0.017766	4.015300
77.629459	5918.068987	5.785549	-0.017809	4.016929
77.630012	5923.031956	5.790554	-0.017810	4.018505
77.831413	5928.018909	5.795558	-0.017858	4.020103
77.667338	5933.248135	5.800563	-0.017820	4.021752
77.609392	5938.396809	5.805568	-0.017806	4.023382
77.732354	5943.717712	5.810573	-0.017836	4.025078
77.704855	5948.868087	5.815578	-0.017830	4.026709
77.649075	5953.924095	5.820582	-0.017817	4.028308
77.627393	5958.825038	5.825587	-0.017812	4.029860
77.698410	5963.991135	5.830592	-0.017830	4.031500
77.785626	5969.153948	5.835597	-0.017851	4.033141
77.950399	5974.235334	5.840602	-0.017891	4.034760
78.003365	5979.489617	5.845606	-0.017904	4.036425
78.108880	5984.515708	5.850611	-0.017930	4.038022
78.043648	5989.413023	5.855616	-0.017915	4.039565
78.151992	5994.562064	5.860621	-0.017941	4.041199
78.270234	5999.813962	5.865626	-0.017970	4.042866
78.272618	6005.331942	5.870630	-0.017971	4.044608
78.154868	6010.533300	5.875635	-0.017943	4.046241
78.113430	6015.631508	5.880640	-0.017933	4.047847
78.192787	6020.520048	5.885645	-0.017953	4.049393
78.307952	6025.658543	5.890650	-0.017981	4.051020
78.485300	6030.801896	5.895654	-0.018024	4.052653
78.322573	6035.973398	5.900659	-0.017985	4.054270
78.352577	6041.115267	5.905664	-0.017993	4.055891
78.538666	6046.226369	5.910669	-0.018038	4.057512
78.572107	6051.048037	5.915674	-0.018046	4.059031
78.622319	6056.224523	5.920678	-0.018059	4.060662
78.539135	6061.375479	5.925683	-0.018039	4.062275
78.773248	6066.827636	5.930688	-0.018096	4.064003
78.756011	6072.059469	5.935693	-0.018092	4.065645
78.844540	6077.174755	5.940698	-0.018114	4.067257
78.818637	6082.021510	5.945702	-0.018108	4.068776
78.806928	6087.090085	5.950707	-0.018106	4.070365
78.842802	6092.243300	5.955712	-0.018115	4.071983
78.933831	6097.473724	5.960717	-0.018137	4.073628
78.909282	6102.642730	5.965722	-0.018131	4.075246
79.018178	6107.827796	5.970726	-0.018158	4.076877
78.943090	6112.714221	5.975731	-0.018140	4.078402
79.138018	6117.721761	5.980736	-0.018187	4.079982
79.190812	6122.918654	5.985741	-0.018201	4.081611
79.221142	6128.408937	5.990746	-0.018208	4.083329
79.253867	6133.754177	5.995750	-0.018217	4.085002
79.184878	6138.915881	6.000755	-0.018201	4.086610
79.340322	6143.783971	6.005760	-0.018238	4.088141
79.304172	6148.784762	6.010765	-0.018230	4.089700
79.430989	6153.943731	6.015770	-0.018261	4.091318
79.301881	6159.168899	6.020774	-0.018230	4.092939
79.220139	6164.321179	6.025779	-0.018211	4.094541
79.374908	6169.460497	6.030784	-0.018249	4.096152
79.469163	6174.522220	6.035789	-0.018272	4.097736
79.486211	6179.426456	6.040794	-0.018276	4.099264
79.554188	6184.597811	6.045798	-0.018293	4.100879
79.646995	6189.804221	6.050803	-0.018315	4.102505
79.797311	6195.202611	6.055808	-0.018352	4.104194
79.793597	6200.376994	6.060813	-0.018351	4.105803
79.787399	6205.435377	6.065818	-0.018350	4.107375
79.858779	6210.318905	6.070822	-0.018368	4.108896
79.847619	6215.459538	6.075827	-0.018366	4.110492
79.837234	6220.642235	6.080832	-0.018364	4.112101
79.782687	6225.873270	6.085837	-0.018351	4.113721
79.840074	6231.004819	6.090842	-0.018365	4.115317
79.882328	6236.151557	6.095846	-0.018376	4.116915
79.971524	6240.977398	6.100851	-0.018398	4.118417
79.931190	6246.069426	6.105856	-0.018388	4.119992
80.088597	6251.228668	6.110861	-0.018426	4.121601
80.258884	6256.783670	6.115866	-0.018468	4.123331
80.298026	6262.055174	6.120870	-0.018477	4.124965
80.283097	6267.198550	6.125875	-0.018474	4.126556
80.352851	6272.095364	6.130880	-0.018491	4.128075
80.243524	6277.188189	6.135885	-0.018466	4.129642
80.308619	6282.269496	6.140890	-0.018482	4.131217
80.297250	6287.464405	6.145894	-0.018480	4.132821
80.339703	6292.649331	6.150899	-0.018490	4.134424
80.454257	6297.811462	6.155904	-0.018518	4.136025
80.512823	6302.821077	6.160909	-0.018532	4.137575
80.488755	6307.719840	6.165914	-0.018527	4.139084
80.480387	6312.945311	6.170918	-0.018526	4.140695
80.655702	6318.153680	6.175923	-0.018568	4.142311
80.805320	6323.522413	6.180928	-0.018604	4.143974
80.720151	6328.743337	6.185933	-0.018584	4.145577
80.855655	6333.809867	6.190938	-0.018617	4.147145
80.888438	6338.659731	6.195942	-0.018625	4.148640
80.843693	6343.792011	6.200947	-0.018615	4.150216
81.018208	6348.986384	6.205952	-0.018657	4.151824
80.973001	6354.124727	6.210957	-0.018647	4.153400
80.907310	6359.315900	6.215962	-0.018632	4.154991
80.961285	6364.516350	6.220966	-0.018645	4.156592
80.925520	6369.338289	6.225971	-0.018637	4.158070
81.200600	6374.388071	6.230976	-0.018703	4.159637
81.058068	6379.624920	6.235981	-0.018670	4.161235
81.069725	6385.201209	6.240986	-0.018673	4.162946
81.122774	6390.462811	6.245990	-0.018686	4.164562
81.403206	6395.556343	6.250995	-0.018753	4.166140
81.328649	6400.546006	6.256000	-0.018736	4.167664
81.336828	6405.513683	6.261005	-0.018738	4.169186
81.510818	6410.638554	6.266010	-0.018781	4.170765
81.567882	6415.827704	6.271014	-0.018795	4.172357
81.394751	6421.021185	6.276019	-0.018754	4.173934
81.482965	6426.174331	6.281024	-0.018775	4.175515
81.588340	6431.219763	6.286029	-0.018801	4.177064
81.570422	6436.088428	6.291034	-0.018797	4.178550
81.543975	6441.235557	6.296038	-0.018791	4.180121
81.732939	6446.374218	6.301043	-0.018837	4.181701
81.668782	6451.899091	6.306048	-0.018822	4.183383
81.851864	6457.046107	6.311053	-0.018866	4.184964
81.765236	6462.177336	6.316058	-0.018846	4.186524
81.838491	6467.012190	6.321062	-0.018864	4.188002
81.983065	6472.132741	6.326067	-0.018899	4.189571
81.906310	6477.269664	6.331072	-0.018881	4.191131
82.026617	6482.453298	6.336077	-0.018910	4.192717
81.971937	6487.595812	6.341082	-0.018898	4.194279
81.951110	6492.763248	6.346086	-0.018893	4.195850
82.174974	6497.687857	6.351091	-0.018947	4.197361
82.000311	6502.687361	6.356096	-0.018906	4.198871
82.050114	6507.877239	6.361101	-0.018918	4.200451
82.213846	6513.230450	6.366106	-0.018958	4.202087
82.202335	6518.728528	6.371110	-0.018955	4.203756
82.417328	6523.808442	6.376115	-0.019007	4.205311
82.478897	6528.845584	6.381120	-0.019022	4.206844
82.485731	6533.727633	6.386125	-0.019024	4.208325
82.530889	6538.868459	6.391130	-0.019036	4.209887
82.677587	6543.979801	6.396134	-0.019071	4.211445
82.540678	6549.152210	6.401139	-0.019039	4.213004
82.576095	6554.325451	6.406144	-0.019048	4.214573
82.598592	6559.514524	6.411149	-0.019054	4.216146
82.617512	6564.352396	6.416154	-0.019059	4.217611
82.691551	6569.480371	6.421158	-0.019077	4.219167
82.695631	6574.659141	6.426163	-0.019078	4.220734
82.711287	6580.045145	6.431168	-0.019082	4.222363
82.857190	6585.250577	6.436173	-0.019118	4.223945
82.917944	6590.388957	6.441178	-0.019133	4.225501
83.063983	6595.413243	6.446182	-0.019168	4.227027
83.101201	6600.277677	6.451187	-0.019177	4.228498
83.148195	6605.480236	6.456192	-0.019189	4.230071
83.148931	6610.671041	6.461197	-0.019190	4.231637
83.106409	6615.856710	6.466202	-0.019180	4.233198
83.154993	6621.049233	6.471206	-0.019192	4.234766
83.146064	6626.196919	6.476211	-0.019190	4.236317
83.212212	6631.004250	6.481216	-0.019207	4.237769
83.180346	6636.162145	6.486221	-0.019199	4.239320
83.172260	6641.343207	6.491226	-0.019198	4.240879
83.268295	6647.028875	6.496230	-0.019221	4.242596
83.398343	6652.164181	6.501235	-0.019253	4.244148
83.475265	6657.301374	6.506240	-0.019272	4.245697
83.515942	6662.291691	6.511245	-0.019282	4.247200
83.506227	6667.227080	6.516250	-0.019280	4.248682
83.518137	6672.423007	6.521254	-0.019283	4.250243
83.661662	6677.579673	6.526259	-0.019318	4.251800
83.619415	6682.740016	6.531264	-0.019309	4.253346
83.610674	6687.941514	6.536269	-0.019307	4.254906
83.669899	6692.985977	6.541274	-0.019322	4.256423
83.729794	6697.866527	6.546278	-0.019336	4.257889
83.722858	6703.039900	6.551283	-0.019335	4.259439
83.762719	6708.177958	6.556288	-0.019345	4.260981
83.804180	6713.704403	6.561293	-0.019355	4.262639
83.683379	6718.884698	6.566298	-0.019327	4.264182
83.905829	6723.973408	6.571302	-0.019381	4.265718
83.963768	6728.702267	6.576307	-0.019395	4.267136
84.032354	6733.665591	6.581312	-0.019412	4.268624
84.042543	6738.921855	6.586317	-0.019415	4.270196
84.068772	6744.096510	6.591322	-0.019421	4.271744
84.148740	6749.240755	6.596326	-0.019441	4.273286
84.138796	6754.402087	6.601331	-0.019439	4.274826
84.127437	6759.463037	6.606336	-0.019437	4.276336
84.078972	6764.390591	6.611341	-0.019426	4.277804
84.207032	6769.525638	6.616346	-0.019457	4.279343
84.249069	6774.733531	6.621350	-0.019467	4.280899
84.346751	6780.285685	6.626355	-0.019491	4.282559
84.450078	6785.435485	6.631360	-0.019516	4.284100
84.402078	6790.666461	6.636365	-0.019505	4.285655
84.478058	6795.452983	6.641370	-0.019524	4.287084
84.532640	6800.534748	6.646374	-0.019537	4.288600
84.619601	6805.684551	6.651379	-0.019559	4.290138
84.635237	6810.854046	6.656384	-0.019563	4.291676
84.697840	6816.037443	6.661389	-0.019578	4.293221
84.803880	6821.198687	6.666394	-0.019604	4.294761
84.763581	6826.278300	6.671398	-0.019595	4.296268
84.774053	6831.141863	6.676403	-0.019598	4.297713
84.758387	6836.333840	6.681408	-0.019594	4.299254
84.830682	6841.517260	6.686413	-0.019612	4.300796
84.869887	6846.942489	6.691418	-0.019622	4.302408
84.827529	6852.139947	6.696422	-0.019612	4.303947
84.916089	6857.308089	6.701427	-0.019634	4.305485
84.984187	6862.188047	6.706432	-0.019651	4.306935
85.079686	6867.223617	6.711437	-0.019674	4.308432
85.114123	6872.346331	6.716442	-0.019683	4.309951
85.160216	6877.545646	6.721446	-0.019694	4.311493
85.167680	6882.729876	6.726451	-0.019696	4.313028
85.332028	6887.871532	6.731456	-0.019736	4.314558
85.273243	6892.999134	6.736461	-0.019722	4.316072
85.171336	6897.849384	6.741466	-0.019699	4.317500
85.162873	6903.043848	6.746470	-0.019697	4.319035
85.315654	6908.167494	6.751475	-0.019734	4.320557
85.343425	6913.844117	6.756480	-0.019741	4.322235
85.487119	6918.997683	6.761485	-0.019776	4.323765
85.432957	6924.144830	6.766490	-0.019763	4.325281
85.462221	6929.036772	6.771494	-0.019771	4.326726
85.517817	6934.066227	6.776499	-0.019785	4.328212
85.548793	6939.213256	6.781504	-0.019792	4.329731
85.774915	6944.349874	6.786509	-0.019847	4.331257
85.669207	6949.472132	6.791514	-0.019822	4.332761
85.732015	6954.720431	6.796518	-0.019838	4.334310
85.633025	6959.846055	6.801523	-0.019814	4.335813
85.867393	6964.620374	6.806528	-0.019871	4.337231
85.922871	6969.730118	6.811533	-0.019885	4.338738
85.862674	6974.952441	6.816538	-0.019871	4.340270
85.854187	6980.463266	6.821542	-0.019869	4.341890
85.831095	6985.608056	6.826547	-0.019864	4.343401
85.977507	6990.747488	6.831552	-0.019899	4.344919
86.135214	6995.711228	6.836557	-0.019938	4.346385
86.043759	7000.599687	6.841562	-0.019916	4.347815
86.232977	7005.793947	6.846566	-0.019962	4.349350
86.298500	7010.982225	6.851571	-0.019978	4.350876
86.223617	7016.156895	6.856576	-0.019961	4.352389
86.324453	7021.314579	6.861581	-0.019985	4.353907
86.334404	7026.471769	6.866586	-0.019988	4.355419
86.422323	7031.291238	6.871590	-0.020009	4.356836
86.525923	7036.405785	6.876595	-0.020035	4.358339
86.436889	7041.588710	6.881600	-0.020014	4.359852
86.531906	7047.176803	6.886605	-0.020037	4.361492
86.524254	7052.369750	6.891610	-0.020036	4.363011
86.577818	7057.539319	6.896614	-0.020049	4.364526
86.571412	7062.581854	6.901619	-0.020048	4.366000
86.593066	7067.509803	6.906624	-0.020053	4.367441
86.667998	7072.689275	6.911629	-0.020072	4.368959
86.751426	7077.785614	6.916634	-0.020092	4.370452
86.786431	7083.010277	6.921638	-0.020101	4.371979
86.830411	7088.096043	6.926643	-0.020112	4.373466
86.765774	7093.277357	6.931648	-0.020097	4.374974
86.910153	7098.241128	6.936653	-0.020132	4.376429
86.832421	7103.239854	6.941658	-0.020114	4.377883
86.866118	7108.432975	6.946662	-0.020122	4.379398
86.929353	7113.736092	6.951667	-0.020138	4.380947
86.942617	7119.029885	6.956672	-0.020141	4.382489
86.906038	7124.272464	6.961677	-0.020133	4.384014
86.997160	7129.341168	6.966682	-0.020155	4.385494
87.044174	7134.108452	6.971686	-0.020167	4.386883
87.182571	7139.276025	6.976691	-0.020201	4.388394
87.262663	7144.415253	6.981696	-0.020220	4.389892
87.393670	7149.630772	6.986701	-0.020252	4.391415
87.566237	7154.743855	6.991706	-0.020294	4.392910
87.316952	7159.986057	6.996710	-0.020235	4.394420
87.472510	7164.942332	7.001715	-0.020272	4.395867
87.364846	7169.954595	7.006720	-0.020247	4.397316
87.371928	7175.134869	7.011725	-0.020249	4.398820
87.329133	7180.406706	7.016730	-0.020239	4.400347
87.573811	7185.988957	7.021734	-0.020298	4.401978
87.587951	7191.114229	7.026739	-0.020302	4.403465
87.522156	7196.202913	7.031744	-0.020287	4.404936
87.618569	7201.087133	7.036749	-0.020310	4.406356
87.682557	7206.141645	7.041754	-0.020326	4.407823
87.791268	7211.331082	7.046758	-0.020352	4.409331
87.642171	7216.577525	7.051763	-0.020317	4.410841
87.707685	7221.694155	7.056768	-0.020333	4.412325
87.743718	7226.857796	7.061773	-0.020342	4.413820
88.022822	7231.890821	7.066778	-0.020410	4.415289
87.832098	7236.786563	7.071782	-0.020364	4.416694
87.940148	7241.902403	7.076787	-0.020391	4.418178
87.897878	7247.057841	7.081792	-0.020381	4.419664
87.969874	7252.568693	7.086797	-0.020399	4.421259
87.984418	7257.781348	7.091802	-0.020403	4.422764
88.027296	7262.962558	7.096806	-0.020413	4.424261
87.976419	7267.945809	7.101811	-0.020402	4.425696
88.216496	7272.776722	7.106816	-0.020460	4.427101
88.198187	7278.013025	7.111821	-0.020456	4.428609
88.382249	7283.130365	7.116826	-0.020500	4.430093
88.454178	7288.351921	7.121830	-0.020518	4.431601
88.304693	7293.466257	7.126835	-0.020482	4.433066
88.414869	7298.624839	7.131840	-0.020509	4.434556
88.438542	7303.578153	7.136845	-0.020515	4.435982
88.332854	7308.620177	7.141850	-0.020490	4.437427
88.279371	7313.805454	7.146854	-0.020478	4.438916
88.398527	7319.237641	7.151859	-0.020507	4.440483
88.392472	7324.654936	7.156864	-0.020506	4.442039
88.435212	7329.850218	7.161869	-0.020517	4.443534
88.528746	7334.904487	7.166874	-0.020540	4.444990
88.509283	7339.705293	7.171878	-0.020535	4.446367
88.714618	7344.833315	7.176883	-0.020585	4.447849
88.727130	7350.040823	7.181888	-0.020588	4.449344
88.874661	7355.188066	7.186893	-0.020624	4.450827
88.974663	7360.285576	7.191898	-0.020648	4.452294
88.933858	7365.459817	7.196902	-0.020639	4.453774
89.018777	7370.511096	7.201907	-0.020660	4.455226
88.985214	7375.361462	7.206912	-0.020652	4.456613
88.933754	7380.560032	7.211917	-0.020640	4.458099
89.054190	7385.713646	7.216922	-0.020670	4.459580
89.000585	7391.294752	7.221926	-0.020657	4.461174
89.062955	7396.408705	7.226931	-0.020673	4.462640
89.175706	7401.578837	7.231936	-0.020700	4.464124
89.148509	7406.553553	7.236941	-0.020694	4.465544
89.296780	7411.499023	7.241946	-0.020730	4.466965
89.277850	7416.720330	7.246950	-0.020726	4.468455
89.368003	7421.870657	7.251955	-0.020748	4.469931
89.338784	7427.010818	7.256960	-0.020741	4.471396
89.253693	7432.162440	7.261965	-0.020721	4.472862
89.300996	7437.292556	7.266970	-0.020733	4.474328
89.258232	7442.178421	7.271974	-0.020723	4.475719
89.422835	7447.320907	7.276979	-0.020763	4.477193
89.407593	7452.495447	7.281984	-0.020760	4.478667
89.609773	7457.817887	7.286989	-0.020809	4.480193
89.528609	7463.180643	7.291994	-0.020790	4.481717
89.626664	7468.303389	7.296998	-0.020814	4.483180
89.562006	7473.511022	7.302003	-0.020799	4.484659
89.694467	7478.204260	7.307008	-0.020831	4.486001
89.834464	7483.376287	7.312013	-0.020865	4.487479
89.853301	7488.495331	7.317018	-0.020870	4.488935
89.801276	7493.678877	7.322022	-0.020858	4.490406
89.952685	7498.872779	7.327027	-0.020894	4.491889
90.000459	7503.969880	7.332032	-0.020906	4.493339
90.022569	7509.064290	7.337037	-0.020912	4.494787
89.790242	7513.931582	7.342042	-0.020857	4.496157
89.818394	7519.119450	7.347046	-0.020864	4.497631
89.960752	7524.167117	7.352051	-0.020899	4.499070
90.045429	7529.688848	7.357056	-0.020919	4.500640
90.016670	7534.934714	7.362061	-0.020913	4.502126
90.071508	7540.094070	7.367066	-0.020927	4.503590
90.050098	7545.080891	7.372070	-0.020922	4.505002
90.348078	7549.948142	7.377075	-0.020994	4.506395
90.358124	7555.126787	7.382080	-0.020996	4.507862
90.332972	7560.299931	7.387085	-0.020991	4.509325
90.394103	7565.477586	7.392090	-0.021006	4.510793
90.509779	7570.654209	7.397094	-0.021034	4.512263
90.387816	7575.804840	7.402099	-0.021005	4.513713
90.187411	7580.763964	7.407104	-0.020958	4.515105
90.493277	7585.757206	7.412109	-0.021031	4.516531
90.492998	7590.842081	7.417114	-0.021032	4.517968
90.581374	7596.105807	7.422118	-0.021053	4.519458
90.609182	7601.763241	7.427123	-0.021060	4.521057
90.647553	7606.865440	7.432128	-0.021070	4.522498
90.711759	7612.054522	7.437133	-0.021086	4.523966
90.685282	7616.935261	7.442138	-0.021080	4.525341
90.754440	7621.923011	7.447142	-0.021097	4.526750
90.925950	7627.079928	7.452147	-0.021138	4.528212
90.958430	7632.254448	7.457152	-0.021147	4.529672
90.913620	7637.397220	7.462157	-0.021136	4.531118
90.885034	7642.537756	7.467162	-0.021130	4.532564
90.984141	7647.790264	7.472166	-0.021154	4.534047
91.117321	7652.548292	7.477171	-0.021186	4.535393
90.995234	7657.544145	7.482176	-0.021158	4.536792
91.039596	7662.817551	7.487181	-0.021169	4.538277
91.037953	7668.163787	7.492186	-0.021169	4.539780
91.107955	7673.345250	7.497190	-0.021186	4.541240
91.199346	7678.509229	7.502195	-0.021208	4.542695
91.291869	7683.620226	7.507200	-0.021231	4.544135
91.272000	7688.471573	7.512205	-0.021227	4.545496
91.434961	7693.507150	7.517210	-0.021266	4.546917
91.433332	7698.707822	7.522214	-0.021266	4.548376
91.503560	7703.938149	7.527219	-0.021283	4.549847
91.445323	7709.047026	7.532224	-0.021270	4.551277
91.419871	7714.285648	7.537229	-0.021264	4.552744
91.477008	7719.377269	7.542234	-0.021278	4.554174
91.366184	7724.197745	7.547238	-0.021252	4.555519
91.569157	7729.367271	7.552243	-0.021301	4.556976
91.567415	7734.492494	7.557248	-0.021301	4.558411
91.563389	7740.122860	7.562253	-0.021301	4.559987
91.766152	7745.442715	7.567258	-0.021350	4.561485
91.753380	7750.558132	7.572262	-0.021347	4.562915
91.699259	7755.625097	7.577267	-0.021335	4.564329
91.758265	7760.443521	7.582272	-0.021349	4.565679
91.833859	7765.638298	7.587277	-0.021368	4.567134
91.727608	7770.742085	7.592282	-0.021343	4.568555
91.918993	7775.923129	7.597286	-0.021389	4.570011
91.878585	7781.151133	7.602291	-0.021380	4.571468
91.929492	7786.270523	7.607296	-0.021392	4.572899
91.875267	7791.341833	7.612301	-0.021380	4.574312
91.911771	7796.152236	7.617306	-0.021389	4.575655
91.891134	7801.383391	7.622310	-0.021384	4.577113
92.086122	7806.477438	7.627315	-0.021432	4.578542
92.060971	7812.018571	7.632320	-0.021426	4.580085
92.220788	7817.222721	7.637325	-0.021465	4.581542
92.306313	7822.314145	7.642330	-0.021486	4.582964
92.336531	7827.378171	7.647334	-0.021493	4.584375
92.487183	7832.203992	7.652339	-0.021530	4.585725
92.360337	7837.380043	7.657344	-0.021500	4.587159
92.473187	7842.584433	7.662349	-0.021527	4.588612
92.536025	7847.727988	7.667354	-0.021543	4.590045
92.364791	7852.931878	7.672358	-0.021502	4.591483
92.362632	7858.159011	7.677363	-0.021502	4.592936
92.373563	7863.103505	7.682368	-0.021505	4.594310
92.544094	7868.048035	7.687373	-0.021546	4.595690
92.529327	7873.156074	7.692378	-0.021543	4.597108
92.525892	7878.282955	7.697382	-0.021543	4.598531
92.715887	7884.004405	7.702387	-0.021589	4.600126
92.735737	7889.141001	7.707392	-0.021594	4.601552
92.772889	7894.364213	7.712397	-0.021604	4.603002
92.971250	7899.275493	7.717402	-0.021651	4.604372
92.886276	7904.253672	7.722406	-0.021631	4.605748
92.995572	7909.341422	7.727411	-0.021658	4.607162
92.999755	7914.462547	7.732416	-0.021660	4.608580
92.981424	7919.797581	7.737421	-0.021656	4.610056
93.001175	7924.820103	7.742426	-0.021661	4.611447
93.143105	7930.056793	7.747430	-0.021695	4.612902
93.015352	7935.070263	7.752435	-0.021665	4.614283
93.145655	7939.939438	7.757440	-0.021697	4.615635
93.096641	7945.169002	7.762445	-0.021685	4.617079
93.169915	7950.274160	7.767450	-0.021703	4.618493
93.300266	7955.843033	7.772454	-0.021735	4.620037
93.295515	7960.915510	7.777459	-0.021734	4.621437
93.355160	7966.140864	7.782464	-0.021749	4.622882
93.321073	7971.136350	7.787469	-0.021741	4.624260
93.418560	7976.011365	7.792474	-0.021765	4.625609
93.495977	7981.214846	7.797478	-0.021784	4.627048
93.432356	7986.349821	7.802483	-0.021769	4.628461
93.519804	7991.533404	7.807488	-0.021791	4.629893
93.516550	7996.717336	7.812493	-0.021790	4.631322
93.448534	8001.934808	7.817498	-0.021774	4.632756
93.590525	8006.903599	7.822502	-0.021809	4.634130
93.603320	8011.772139	7.827507	-0.021812	4.635471
93.646850	8017.009286	7.832512	-0.021823	4.636915
93.734736	8022.139971	7.837517	-0.021845	4.638330
93.776807	8027.884667	7.842522	-0.021855	4.639912
93.864146	8032.979061	7.847526	-0.021877	4.641317
93.915851	8038.170456	7.852531	-0.021889	4.642746
93.859853	8043.078399	7.857536	-0.021876	4.644092
93.937216	8048.074460	7.862541	-0.021895	4.645468
93.969124	8053.225938	7.867546	-0.021903	4.646884
94.000082	8058.380285	7.872550	-0.021911	4.648301
94.023299	8063.590914	7.877555	-0.021917	4.649732
94.085772	8068.675148	7.882560	-0.021933	4.651129
94.143690	8073.885735	7.887565	-0.021947	4.652561
93.992204	8078.831693	7.892570	-0.021911	4.653911
94.124719	8083.703253	7.897574	-0.021943	4.655252
94.209922	8088.916451	7.902579	-0.021964	4.656684
94.192477	8094.095101	7.907584	-0.021960	4.658102
94.425531	8099.583430	7.912589	-0.022017	4.659616
94.386290	8104.748279	7.917594	-0.022008	4.661028
94.412801	8109.878060	7.922598	-0.022015	4.662433
94.442610	8114.972360	7.927603	-0.022022	4.663828
94.385740	8119.839865	7.932608	-0.022009	4.665157
94.576013	8124.997509	7.937613	-0.022055	4.666576
94.620464	8130.143181	7.942618	-0.022066	4.667985
94.473009	8135.349161	7.947622	-0.022031	4.669401
94.448959	8140.546428	7.952627	-0.022026	4.670820
94.533758	8145.642440	7.957632	-0.022047	4.672216
94.619154	8150.726184	7.962637	-0.022067	4.673607
94.732797	8155.538231	7.967642	-0.022095	4.674926
94.720123	8160.744461	7.972646	-0.022092	4.676346
94.742426	8165.840352	7.977651	-0.022098	4.677737
94.748101	8171.540301	7.982656	-0.022100	4.679292
94.853188	8176.781097	7.987661	-0.022126	4.680725
94.920182	8181.933243	7.992666	-0.022142	4.682132
95.070128	8186.874624	7.997670	-0.022178	4.683485
94.954843	8191.842756	8.002675	-0.022151	4.684834
94.907522	8196.938153	8.007680	-0.022140	4.686219
95.002972	8202.126384	8.012685	-0.022164	4.687636
95.042785	8207.324860	8.017690	-0.022174	4.689052
95.075703	8212.524843	8.022694	-0.022182	4.690468
95.128331	8217.649875	8.027699	-0.022195	4.691864
95.200483	8222.701075	8.032704	-0.022213	4.693241
95.193539	8227.511022	8.037709	-0.022212	4.694548
95.257344	8232.711214	8.042714	-0.022227	4.695964
95.251312	8237.881267	8.047718	-0.022226	4.697368
95.372559	8243.284989	8.052723	-0.022256	4.698841
95.382423	8248.538575	8.057728	-0.022259	4.700268
95.493734	8253.742449	8.062733	-0.022286	4.701685
95.419693	8258.875223	8.067738	-0.022268	4.703074
95.464152	8263.628647	8.072742	-0.022279	4.704365
95.443698	8268.810191	8.077747	-0.022275	4.705770
95.408701	8273.967869	8.082752	-0.022267	4.707167
95.532419	8279.152231	8.087757	-0.022297	4.708577
95.470769	8284.333210	8.092762	-0.022283	4.709978
95.534979	8289.487191	8.097766	-0.022299	4.711377
95.654154	8294.658518	8.102771	-0.022328	4.712782
95.710869	8299.416501	8.107776	-0.022342	4.714072
95.733273	8304.567576	8.112781	-0.022347	4.715467
95.792399	8309.684563	8.117786	-0.022362	4.716854
95.839544	8315.120082	8.122790	-0.022374	4.718326
95.893539	8320.586296	8.127795	-0.022387	4.719806
95.929854	8325.838597	8.132800	-0.022396	4.721227
95.885938	8330.962572	8.137805	-0.022386	4.722610
95.846181	8335.825014	8.142810	-0.022377	4.723922
95.777906	8340.813377	8.147814	-0.022361	4.725266
95.881973	8346.079978	8.152819	-0.022387	4.726692
95.841541	8351.211634	8.157824	-0.022377	4.728076
95.964271	8356.420720	8.162829	-0.022407	4.729486
96.016949	8361.519305	8.167834	-0.022420	4.730863
96.164726	8366.610786	8.172838	-0.022456	4.732242
96.125795	8371.605784	8.177843	-0.022447	4.733587
96.334111	8376.509212	8.182848	-0.022497	4.734917
96.296078	8381.742170	8.187853	-0.022489	4.736326
96.274925	8386.881383	8.192858	-0.022484	4.737709
96.375539	8392.404970	8.197862	-0.022509	4.739200
96.512567	8397.580325	8.202867	-0.022542	4.740599
96.303615	8402.786098	8.207872	-0.022492	4.741992
96.414112	8407.691130	8.212877	-0.022519	4.743316
96.435220	8412.659752	8.217882	-0.022525	4.744653
96.447204	8417.754250	8.222886	-0.022528	4.746023
96.732538	8422.947473	8.227891	-0.022597	4.747430
96.551994	8428.126130	8.232896	-0.022554	4.748815
96.636039	8433.301508	8.237901	-0.022574	4.750208
96.685991	8438.464927	8.242906	-0.022587	4.751597
96.667629	8443.480744	8.247910	-0.022583	4.752943
96.622246	8448.442681	8.252915	-0.022572	4.754273
96.732940	8453.578208	8.257920	-0.022599	4.755655
96.815058	8458.806823	8.262925	-0.022620	4.757061
96.833354	8464.246786	8.267930	-0.022624	4.758521
96.777185	8469.627288	8.272934	-0.022611	4.759961
96.801099	8474.802929	8.277939	-0.022618	4.761349
96.860208	8479.885124	8.282944	-0.022632	4.762713
96.915672	8484.687224	8.287949	-0.022646	4.764001
96.880608	8489.808401	8.292954	-0.022638	4.765371
97.078778	8495.030632	8.297958	-0.022686	4.766777
97.162719	8500.106856	8.302963	-0.022706	4.768139
97.189586	8505.292197	8.307968	-0.022713	4.769527
97.205469	8510.457330	8.312973	-0.022717	4.770909
97.348924	8515.650681	8.317978	-0.022752	4.772304
97.485529	8520.414404	8.322982	-0.022785	4.773582
97.384136	8525.558023	8.327987	-0.022761	4.774953
97.324489	8530.781094	8.332992	-0.022748	4.776346
97.298017	8535.966889	8.337997	-0.022742	4.777730
97.416194	8541.453354	8.343002	-0.022770	4.779200
97.319228	8546.564862	8.348006	-0.022748	4.780560
97.399284	8551.772357	8.353011	-0.022767	4.781953
97.469434	8556.673841	8.358016	-0.022785	4.783263
97.420546	8561.680756	8.363021	-0.022773	4.784597
97.553839	8566.863834	8.368026	-0.022806	4.785984
97.635159	8571.938906	8.373030	-0.022826	4.787340
97.725349	8577.229757	8.378035	-0.022848	4.788753
97.652553	8582.283415	8.383040	-0.022831	4.790096
97.699646	8587.534384	8.388045	-0.022842	4.791497
97.868367	8592.572156	8.393050	-0.022883	4.792844
97.795659	8597.421281	8.398054	-0.022866	4.794132
97.849546	8602.665169	8.403059	-0.022879	4.795530
97.714608	8607.749045	8.408064	-0.022848	4.796877
97.887218	8613.442510	8.413069	-0.022889	4.798397
97.908782	8618.684046	8.418074	-0.022895	4.799792
98.020445	8623.818899	8.423078	-0.022922	4.801161
97.906184	8629.014973	8.428083	-0.022895	4.802537
98.029328	8633.676232	8.433088	-0.022925	4.803780
98.071126	8638.854912	8.438093	-0.022936	4.805157
98.218617	8643.972789	8.443098	-0.022971	4.806521
98.144639	8649.128803	8.448102	-0.022954	4.807886
98.194743	8654.373125	8.453107	-0.022967	4.809280
98.161234	8659.428540	8.458112	-0.022959	4.810619
98.327691	8664.653243	8.463117	-0.022999	4.812011
98.218323	8669.508067	8.468122	-0.022974	4.813294
98.329947	8674.478522	8.473126	-0.023001	4.814616
98.363797	8679.723155	8.478131	-0.023009	4.816006
98.305948	8684.911722	8.483136	-0.022996	4.817379
98.500303	8690.405253	8.488141	-0.023043	4.818841
98.434792	8695.579095	8.493146	-0.023028	4.820208
98.523978	8700.749980	8.498150	-0.023049	4.821580
98.646664	8705.725207	8.503155	-0.023079	4.822900
98.530694	8710.563518	8.508160	-0.023052	4.824176
98.661550	8715.748131	8.513165	-0.023084	4.825552
98.664049	8720.954898	8.518170	-0.023085	4.826928
98.768983	8726.113136	8.523174	-0.023110	4.828295
98.861272	8731.303029	8.528179	-0.023133	4.829670
98.818897	8736.424881	8.533184	-0.023123	4.831021
98.790414	8741.456312	8.538189	-0.023117	4.832349
98.850881	8746.345216	8.543194	-0.023131	4.833641
98.900179	8751.483125	8.548198	-0.023144	4.834999
98.861293	8756.760419	8.553203	-0.023135	4.836390
98.999997	8762.190515	8.558208	-0.023169	4.837827
99.092488	8767.544716	8.563213	-0.023191	4.839243
98.986007	8772.769846	8.568218	-0.023166	4.840616
99.057625	8777.882464	8.573223	-0.023184	4.841966
99.171582	8782.594711	8.578227	-0.023211	4.843212
99.206160	8787.748522	8.583232	-0.023220	4.844570
99.269781	8792.923426	8.588237	-0.023236	4.845935
99.185252	8798.124168	8.593242	-0.023216	4.847301
99.322118	8803.269190	8.598247	-0.023249	4.848660
99.281302	8808.447718	8.603251	-0.023240	4.850021
99.413842	8813.572549	8.608256	-0.023272	4.851374
99.337457	8818.568947	8.613261	-0.023254	4.852685
99.484591	8823.397645	8.618266	-0.023290	4.853959
99.554940	8828.497393	8.623271	-0.023307	4.855302
99.547741	8833.624841	8.628275	-0.023306	4.856649
99.594851	8839.151533	8.633280	-0.023318	4.858102
99.740909	8844.284387	8.638285	-0.023353	4.859455
99.891678	8849.525117	8.643290	-0.023389	4.860837
100.015890	8854.590214	8.648295	-0.023420	4.862170
99.999242	8859.337097	8.653299	-0.023416	4.863415
99.864303	8864.556362	8.658304	-0.023384	4.864779
99.926325	8869.699740	8.663309	-0.023399	4.866130
99.988976	8874.905227	8.668314	-0.023415	4.867497
100.055569	8880.068756	8.673319	-0.023431	4.868852
100.050687	8885.243621	8.678323	-0.023431	4.870208
100.040689	8890.386059	8.683328	-0.023429	4.871554
100.115785	8895.286839	8.688333	-0.023447	4.872840
100.067333	8900.353866	8.693338	-0.023436	4.874165
100.155448	8905.471462	8.698343	-0.023457	4.875507
100.328466	8910.685034	8.703347	-0.023499	4.876878
100.171250	8916.375273	8.708352	-0.023462	4.878360
100.464372	8921.521738	8.713357	-0.023533	4.879717
100.482209	8926.671638	8.718362	-0.023537	4.881063
100.498537	8931.684572	8.723367	-0.023542	4.882374
100.557150	8936.543678	8.728371	-0.023556	4.883646
100.450468	8941.786502	8.733376	-0.023531	4.885011
100.542127	8946.891258	8.738381	-0.023553	4.886347
100.718510	8952.079172	8.743386	-0.023596	4.887708
100.508824	8957.227904	8.748391	-0.023546	4.889044
100.622584	8962.399742	8.753395	-0.023574	4.890398
100.643758	8967.463541	8.758400	-0.023580	4.891719
100.850251	8972.281992	8.763405	-0.023629	4.892983
100.888924	8977.394038	8.768410	-0.023639	4.894317
100.900303	8982.575889	8.773415	-0.023642	4.895668
100.986907	8987.913159	8.778419	-0.023663	4.897061
100.985644	8993.277063	8.783424	-0.023664	4.898459
100.928287	8998.460629	8.788429	-0.023650	4.899806
100.993138	9003.671064	8.793434	-0.023666	4.901165
101.023384	9008.554106	8.798439	-0.023674	4.902437
101.071660	9013.486393	8.803443	-0.023686	4.903722
101.051035	9018.714966	8.808448	-0.023681	4.905081
101.117756	9023.835962	8.813453	-0.023698	4.906415
101.072688	9029.039468	8.818458	-0.023688	4.907766
101.211459	9034.160817	8.823463	-0.023721	4.909102
101.213772	9039.376431	8.828467	-0.023722	4.910458
101.088087	9044.421936	8.833472	-0.023693	4.911764
101.194578	9049.296956	8.838477	-0.023718	4.913034
101.390688	9054.441490	8.843482	-0.023766	4.914376
101.393331	9059.618178	8.848487	-0.023767	4.915720
101.475030	9065.062488	8.853491	-0.023787	4.917135
101.446777	9070.503809	8.858496	-0.023781	4.918546
101.548762	9075.694528	8.863501	-0.023805	4.919895
101.585263	9080.834004	8.868506	-0.023815	4.921229
101.518629	9085.664552	8.873511	-0.023799	4.922479
101.523467	9090.755515	8.878515	-0.023801	4.923798
101.599864	9095.797358	8.883520	-0.023819	4.925107
101.663624	9101.008619	8.888525	-0.023835	4.926459
101.604743	9106.282210	8.893530	-0.023822	4.927822
101.659388	9111.358849	8.898535	-0.023835	4.929138
101.753684	9116.526938	8.903539	-0.023858	4.930479
101.891525	9121.600182	8.908544	-0.023891	4.931796
101.769311	9126.477368	8.913549	-0.023863	4.933053
101.793559	9131.579163	8.918554	-0.023869	4.934373
101.941987	9136.700994	8.923559	-0.023905	4.935702
101.865818	9142.200587	8.928563	-0.023887	4.937121
101.818035	9147.462328	8.933568	-0.023876	4.938479
101.884778	9152.634291	8.938573	-0.023893	4.939817
102.033997	9157.819826	8.943578	-0.023929	4.941161
102.013364	9162.640818	8.948583	-0.023924	4.942404
102.083728	9167.701539	8.953587	-0.023941	4.943713
102.067769	9172.859633	8.958592	-0.023938	4.945043
102.058419	9178.015825	8.963597	-0.023936	4.946373
102.095901	9183.175760	8.968602	-0.023946	4.947705
102.236076	9188.305528	8.973607	-0.023980	4.949032
102.327161	9193.549727	8.978611	-0.024002	4.950386
102.169782	9198.602341	8.983616	-0.023965	4.951683
102.378850	9203.434011	8.988621	-0.024015	4.952935
102.387092	9208.661652	8.993626	-0.024018	4.954281
102.364759	9213.795237	8.998631	-0.024013	4.955602
102.436140	9219.341414	9.003635	-0.024030	4.957032
102.555426	9224.594196	9.008640	-0.024059	4.958388
102.426810	9229.813778	9.013645	-0.024029	4.959726
102.398922	9235.047202	9.018650	-0.024023	4.961071
102.455148	9239.750173	9.023655	-0.024037	4.962282
102.587197	9244.825953	9.028659	-0.024069	4.963591
102.552885	9249.925773	9.033664	-0.024061	4.964900
102.703534	9255.158681	9.038669	-0.024097	4.966250
102.705695	9260.345293	9.043674	-0.024098	4.967582
102.760425	9265.518030	9.048679	-0.024112	4.968912
102.794872	9270.747076	9.053683	-0.024121	4.970255
102.866094	9275.723403	9.058688	-0.024138	4.971535
102.958308	9280.551081	9.063693	-0.024160	4.972776
102.779729	9285.736031	9.068698	-0.024118	4.974100
103.000075	9290.887127	9.073703	-0.024171	4.975428
103.012883	9296.332918	9.078707	-0.024175	4.976825
102.947237	9301.617248	9.083712	-0.024160	4.978177
103.106455	9306.762212	9.088717	-0.024198	4.979500
103.198369	9311.945199	9.093722	-0.024221	4.980831
103.193524	9316.759042	9.098727	-0.024220	4.982064
103.161819	9321.816533	9.103731	-0.024213	4.983357
103.307051	9326.922401	9.108736	-0.024248	4.984669
103.407428	9332.161033	9.113741	-0.024272	4.986013
103.387860	9337.395553	9.118746	-0.024268	4.987351
103.280950	9342.515551	9.123751	-0.024243	4.988657
103.318177	9347.676033	9.128755	-0.024252	4.989978
103.417072	9352.709168	9.133760	-0.024276	4.991267
103.401114	9357.624941	9.138765	-0.024273	4.992523
103.262437	9362.726076	9.143770	-0.024240	4.993822
103.355107	9367.880052	9.148775	-0.024263	4.995141
103.520787	9373.377191	9.153779	-0.024303	4.996550
103.577294	9378.782008	9.158784	-0.024317	4.997931
103.615613	9383.938573	9.163789	-0.024327	4.999249
103.530238	9389.114464	9.168794	-0.024307	5.000566
103.610819	9393.963645	9.173799	-0.024326	5.001806
103.846769	9398.945218	9.178803	-0.024383	5.003084
103.786681	9404.123135	9.183808	-0.024369	5.004402
103.791840	9409.278324	9.188813	-0.024371	5.005716
103.692299	9414.538611	9.193818	-0.024348	5.007053
103.681405	9419.598009	9.198823	-0.024346	5.008341
103.810517	9424.836226	9.203827	-0.024377	5.009680
103.832313	9429.924886	9.208832	-0.024383	5.010976
103.889827	9434.643647	9.213837	-0.024397	5.012179
103.986583	9439.752556	9.218842	-0.024420	5.013482
103.955657	9445.038204	9.223847	-0.024413	5.014826
104.017570	9450.383741	9.228851	-0.024429	5.016187
104.035414	9455.728832	9.233856	-0.024433	5.017547
104.216034	9460.928747	9.238861	-0.024477	5.018874
104.249303	9466.092987	9.243866	-0.024485	5.020188
104.362279	9470.994361	9.248871	-0.024513	5.021436
104.241635	9475.924533	9.253875	-0.024484	5.022685
104.400687	9481.103059	9.258880	-0.024523	5.024005
104.361556	9486.301203	9.263885	-0.024514	5.025323
104.165484	9491.528580	9.268890	-0.024468	5.026644
104.356106	9496.623706	9.273895	-0.024514	5.027943
104.271433	9501.909026	9.278899	-0.024494	5.029281
104.261150	9506.971160	9.283904	-0.024492	5.030564
104.331477	9511.780888	9.288909	-0.024509	5.031786
104.390167	9516.786620	9.293914	-0.024524	5.033056
104.573663	9522.065497	9.298919	-0.024568	5.034400
104.508671	9527.319426	9.303923	-0.024553	5.035729
104.545267	9533.034529	9.308928	-0.024562	5.037178
104.580619	9538.138550	9.313933	-0.024571	5.038471
104.736267	9543.284789	9.318938	-0.024609	5.039778
104.742040	9548.382733	9.323943	-0.024610	5.041069
104.800286	9553.189313	9.328947	-0.024625	5.042287
104.713023	9558.313414	9.333952	-0.024604	5.043580
104.791739	9563.453303	9.338957	-0.024624	5.044882
104.809664	9568.664874	9.343962	-0.024628	5.046200
104.871448	9573.870049	9.348967	-0.024644	5.047518
104.831501	9579.120993	9.353971	-0.024635	5.048844
104.871050	9584.207993	9.358976	-0.024644	5.050130
104.954475	9589.112991	9.363981	-0.024665	5.051371
105.070446	9594.022726	9.368986	-0.024693	5.052614
105.000489	9599.221966	9.373991	-0.024677	5.053925
104.904527	9604.482567	9.378995	-0.024654	5.055249
105.129422	9609.896681	9.384000	-0.024708	5.056622
105.104008	9615.139255	9.389005	-0.024703	5.057944
105.177180	9620.297116	9.394010	-0.024721	5.059246
105.174777	9625.470303	9.399015	-0.024721	5.060550
105.209955	9630.229030	9.404019	-0.024729	5.061751
105.118389	9635.327421	9.409024	-0.024708	5.063033
105.109054	9640.549918	9.414029	-0.024706	5.064348
105.248371	9645.711468	9.419034	-0.024740	5.065652
105.363170	9650.833893	9.424039	-0.024768	5.066945
105.474634	9656.062256	9.429043	-0.024795	5.068265
105.464042	9661.210930	9.434048	-0.024793	5.069560
105.457326	9666.277304	9.439053	-0.024792	5.070834
105.536666	9671.144842	9.444058	-0.024811	5.072061
105.503393	9676.250386	9.449063	-0.024804	5.073344
105.580380	9681.483316	9.454067	-0.024823	5.074662
105.592083	9686.911676	9.459072	-0.024826	5.076026
105.656027	9692.387547	9.464077	-0.024842	5.077404
105.789877	9697.554647	9.469082	-0.024874	5.078706
105.668523	9702.685931	9.474087	-0.024845	5.079991
105.676628	9707.525960	9.479091	-0.024848	5.081206
105.585621	9712.496937	9.484096	-0.024827	5.082451
105.763036	9717.679081	9.489101	-0.024869	5.083757
105.902972	9722.903084	9.494106	-0.024903	5.085072
105.792834	9728.115351	9.499111	-0.024877	5.086376
105.930884	9733.204093	9.504115	-0.024911	5.087656
105.938710	9738.374096	9.509120	-0.024913	5.088952
105.982373	9743.528790	9.514125	-0.024924	5.090245
106.108161	9748.260281	9.519130	-0.024955	5.091434
106.040198	9753.419269	9.524135	-0.024939	5.092725
106.109879	9758.638388	9.529139	-0.024956	5.094034
105.978575	9763.792361	9.534144	-0.024925	5.095320
106.236025	9769.320508	9.539149	-0.024987	5.096711
106.187328	9774.441413	9.544154	-0.024976	5.097991
106.155569	9779.612806	9.549159	-0.024969	5.099284
106.311204	9784.712707	9.554163	-0.025006	5.100564
106.242174	9789.542618	9.559168	-0.024990	5.101770
106.355302	9794.659947	9.564173	-0.025018	5.103052
106.303690	9799.884986	9.569178	-0.025006	5.104357
106.398212	9804.994595	9.574183	-0.025029	5.105636
106.363959	9810.181528	9.579187	-0.025021	5.106931
106.452959	9815.331894	9.584192	-0.025043	5.108220
106.475909	9820.414856	9.589197	-0.025049	5.109489
106.465473	9825.584213	9.594202	-0.025047	5.110779
106.327868	9830.444072	9.599207	-0.025014	5.111988
106.570031	9835.630935	9.604211	-0.025073	5.113289
106.540312	9840.772541	9.609216	-0.025066	5.114571
106.636710	9846.309290	9.614221	-0.025090	5.115954
106.660282	9851.579034	9.619226	-0.025096	5.117268
106.585483	9856.695930	9.624231	-0.025078	5.118542
106.847561	9861.879899	9.629235	-0.025141	5.119841
106.902760	9866.708887	9.634240	-0.025155	5.121045
106.947877	9871.714439	9.639245	-0.025166	5.122293
106.941138	9876.893872	9.644250	-0.025165	5.123582
106.906958	9882.048854	9.649255	-0.025157	5.124865
106.894169	9887.343231	9.654259	-0.025155	5.126182
107.005846	9892.416619	9.659264	-0.025182	5.127447
106.980265	9897.592090	9.664269	-0.025176	5.128734
107.055306	9902.741227	9.669274	-0.025195	5.130016
107.029694	9907.491014	9.674279	-0.025189	5.131196
107.148397	9912.616404	9.679283	-0.025218	5.132474
107.089438	9917.775557	9.684288	-0.025204	5.133754
107.137321	9922.959227	9.689293	-0.025216	5.135043
107.167605	9928.542200	9.694298	-0.025224	5.136430
107.042802	9933.681211	9.699303	-0.025194	5.137703
107.243267	9938.850631	9.704307	-0.025243	5.138992
107.211689	9943.896247	9.709312	-0.025236	5.140243
107.307862	9948.714944	9.714317	-0.025259	5.141441
107.431075	9953.859068	9.719322	-0.025289	5.142721
107.417748	9958.961731	9.724327	-0.025286	5.143986
107.427726	9964.129812	9.729331	-0.025289	5.145267
107.407677	9969.342816	9.734336	-0.025285	5.146559
107.428679	9974.534947	9.739341	-0.025290	5.147846
107.427110	9979.659035	9.744346	-0.025290	5.149115
107.559133	9984.644855	9.749351	-0.025322	5.150354
107.666998	9989.580351	9.754355	-0.025348	5.151579
107.780633	9994.705606	9.759360	-0.025376	5.152851
107.688944	9999.910223	9.764365	-0.025355	5.154136
107.804937	10005.430255	9.769370	-0.025383	5.155505
107.857936	10010.889267	9.774375	-0.025396	5.156857
107.917947	10015.956302	9.779379	-0.025411	5.158112
107.906466	10021.057659	9.784384	-0.025409	5.159373
107.741812	10026.016562	9.789389	-0.025370	5.160594
107.798117	10030.989136	9.794394	-0.025383	5.161825
107.952540	10036.167065	9.799399	-0.025421	5.163108
108.049941	10041.269100	9.804403	-0.025445	5.164371
108.028263	10046.501676	9.809408	-0.025440	5.165663
108.149966	10051.647905	9.814413	-0.025469	5.166936
107.891053	10056.843023	9.819418	-0.025408	5.168212
108.057942	10061.980593	9.824423	-0.025448	5.169484
108.050396	10066.842177	9.829427	-0.025447	5.170683
108.072289	10071.838429	9.834432	-0.025453	5.171916
108.287692	10077.007471	9.839437	-0.025505	5.173196
108.263737	10082.142853	9.844442	-0.025499	5.174462
108.298849	10087.739345	9.849447	-0.025508	5.175842
108.340326	10092.960287	9.854451	-0.025519	5.177129
108.256898	10098.135107	9.859456	-0.025499	5.178402
108.434096	10103.270552	9.864461	-0.025542	5.179671
108.450905	10108.042770	9.869466	-0.025546	5.180847
108.520473	10113.052703	9.874471	-0.025563	5.182082
108.541220	10118.324086	9.879475	-0.025569	5.183380
108.376433	10123.441463	9.884480	-0.025530	5.184634
108.495689	10128.666850	9.889485	-0.025559	5.185923
108.599998	10133.834217	9.894490	-0.025584	5.187196
108.637696	10138.988374	9.899495	-0.025594	5.188464
108.716295	10144.087377	9.904499	-0.025613	5.189720
108.822005	10148.818822	9.909504	-0.025639	5.190885
108.793973	10154.003990	9.914509	-0.025632	5.192158
108.741929	10159.210760	9.919514	-0.025620	5.193436
108.822449	10164.538301	9.924519	-0.025640	5.194746
108.857283	10170.273950	9.929523	-0.025649	5.196155
108.835873	10175.394972	9.934528	-0.025644	5.197412
108.940482	10180.603219	9.939533	-0.025670	5.198692
108.867211	10185.618917	9.944538	-0.025653	5.199921
108.933448	10190.351230	9.949543	-0.025669	5.201083
109.027647	10195.507006	9.954547	-0.025692	5.202350
108.978657	10200.620471	9.959552	-0.025681	5.203602
109.059578	10205.832404	9.964557	-0.025700	5.204881
109.083063	10210.929305	9.969562	-0.025706	5.206131
109.184289	10216.134044	9.974567	-0.025731	5.207408
109.199578	10221.305697	9.979571	-0.025735	5.208675
109.334012	10226.278744	9.984576	-0.025768	5.209896
109.284702	10231.190460	9.989581	-0.025756	5.211097
109.261541	10236.303445	9.994586	-0.025751	5.212348
109.379463	10241.443856	9.999591	-0.025780	5.213608
109.437788	10244.954026	10.004595	-0.025794	5.214469
109.357100	10244.916051	10.009600	-0.025775	5.214457
109.491273	10244.973821	10.014592	-0.025807	5.214475
109.458023	10244.952962	10.019584	-0.025799	5.214469
109.264097	10244.804151	10.024576	-0.025753	5.214428
109.549428	10244.967826	10.029568	-0.025821	5.214475
109.450839	10244.957577	10.034560	-0.025797	5.214470
109.536051	10244.916766	10.039552	-0.025818	5.214462
109.525261	10244.897419	10.044544	-0.025815	5.214457
109.531095	10244.928817	10.049536	-0.025816	5.214465
109.546595	10244.973290	10.054528	-0.025820	5.214476
109.451616	10244.931955	10.059520	-0.025797	5.214464
109.702520	10244.923882	10.064512	-0.025857	5.214468
109.521187	10244.914529	10.069504	-0.025814	5.214461
109.500891	10244.862896	10.074496	-0.025809	5.214448
109.577727	10244.911251	10.079488	-0.025827	5.214462
109.696858	10244.820856	10.084480	-0.025856	5.214443
109.661576	10244.874430	10.089472	-0.025847	5.214455
109.654594	10244.923792	10.094464	-0.025846	5.214467
109.615600	10244.926563	10.099456	-0.025836	5.214466
109.502943	10244.920331	10.104448	-0.025809	5.214462
109.646749	10244.891364	10.109440	-0.025844	5.214458
109.706133	10244.889060	10.114432	-0.025858	5.214459
109.648304	10244.905300	10.119424	-0.025844	5.214462
109.628533	10244.872808	10.124416	-0.025839	5.214453
109.496718	10244.867282	10.129408	-0.025808	5.214449
109.572970	10244.919536	10.134400	-0.025826	5.214464
109.520782	10244.939031	10.139392	-0.025813	5.214467
109.565632	10244.929275	10.144384	-0.025824	5.214466
109.469551	10244.859901	10.149376	-0.025801	5.214446
109.671616	10244.913195	10.154368	-0.025849	5.214464
109.595879	10244.895460	10.159360	-0.025831	5.214458
109.713593	10244.874315	10.164352	-0.025859	5.214456
109.752454	10244.939402	10.169344	-0.025869	5.214473
109.537755	10244.977015	10.174336	-0.025817	5.214477
109.731317	10244.972325	10.179328	-0.025864	5.214480
109.812998	10244.916524	10.184320	-0.025883	5.214469
109.818001	10244.927533	10.189312	-0.025884	5.214472
109.688831	10244.953724	10.194304	-0.025853	5.214475
109.636777	10244.813244	10.199296	-0.025841	5.214439
109.639919	10244.958813	10.204288	-0.025842	5.214475
109.740548	10244.915125	10.209280	-0.025866	5.214467
109.782822	10244.878763	10.214272	-0.025876	5.214459
109.620405	10244.912238	10.219264	-0.025837	5.214463
109.706299	10244.931501	10.224256	-0.025857	5.214470
109.749540	10244.959024	10.229248	-0.025868	5.214478
109.611787	10244.923400	10.234240	-0.025835	5.214465
109.596502	10244.950588	10.239232	-0.025831	5.214472
109.792112	10244.908575	10.244224	-0.025878	5.214466
109.749387	10244.911733	10.249216	-0.025868	5.214466
109.643521	10244.977739	10.254208	-0.025842	5.214479
109.700470	10244.928339	10.259200	-0.025856	5.214469
109.775551	10244.942325	10.264192	-0.025874	5.214474
109.642581	10244.936918	10.269184	-0.025842	5.214469
109.723683	10244.895253	10.274176	-0.025861	5.214461
109.745671	10244.789330	10.279168	-0.025867	5.214436
109.697686	10244.886450	10.284160	-0.025855	5.214458
109.794611	10244.959597	10.289152	-0.025878	5.214479
109.769546	10244.975001	10.294144	-0.025872	5.214482
109.852823	10244.889602	10.299136	-0.025892	5.214463
109.933471	10244.886374	10.304128	-0.025911	5.214464
109.844817	10244.909647	10.309120	-0.025890	5.214468
109.914528	10244.902435	10.314112	-0.025907	5.214468
109.815196	10244.887144	10.319104	-0.025883	5.214462
109.900723	10244.875732	10.324096	-0.025903	5.214461
109.995794	10244.905563	10.329088	-0.025926	5.214471
109.834105	10244.906970	10.334080	-0.025887	5.214467
109.907433	10244.904501	10.339072	-0.025905	5.214468
109.812225	10244.929733	10.344064	-0.025882	5.214472
109.969519	10244.890411	10.349056	-0.025920	5.214466
109.851289	10244.914189	10.354048	-0.025892	5.214469
109.874087	10244.882404	10.359040	-0.025897	5.214462
109.751542	10244.934783	10.364032	-0.025868	5.214472
109.882118	10244.908466	10.369024	-0.025899	5.214469
109.882478	10244.871328	10.374016	-0.025899	5.214459
109.869490	10244.932830	10.379008	-0.025896	5.214474
109.879089	10244.901133	10.384000	-0.025898	5.214467
109.897042	10244.946632	10.388992	-0.025902	5.214478
109.663379	10244.905590	10.393984	-0.025846	5.214462
109.666291	10244.878425	10.398976	-0.025847	5.214456
109.698511	10244.905809	10.403968	-0.025855	5.214463
109.827622	10244.889882	10.408960	-0.025886	5.214463
109.770710	10244.911146	10.413952	-0.025872	5.214466
109.727575	10244.918185	10.418944	-0.025862	5.214467
109.809288	10244.909729	10.423936	-0.025881	5.214467
109.847581	10244.910890	10.428928	-0.025890	5.214468
109.840161	10244.901432	10.433920	-0.025888	5.214466
109.784819	10244.884142	10.438912	-0.025875	5.214460
109.917457	10244.892164	10.443904	-0.025907	5.214465
109.808958	10244.894459	10.448896	-0.025881	5.214463
109.771424	10244.927791	10.453888	-0.025872	5.214470
109.674288	10244.863645	10.458880	-0.025849	5.214452
109.852469	10244.927092	10.463872	-0.025891	5.214472
109.862388	10244.941431	10.468864	-0.025894	5.214476
109.759696	10244.834351	10.473856	-0.025869	5.214447
109.886718	10244.878785	10.478848	-0.025899	5.214461
109.718258	10244.916726	10.483840	-0.025859	5.214466
109.902407	10244.930928	10.488832	-0.025903	5.214474
109.735299	10244.959770	10.493824	-0.025863	5.214477
109.669158	10244.925684	10.498816	-0.025847	5.214467
109.823697	10244.923758	10.503808	-0.025884	5.214471
109.760044	10244.904770	10.508800	-0.025869	5.214464
109.918160	10244.933187	10.513792	-0.025907	5.214475
109.810723	10244.964804	10.518784	-0.025881	5.214480
109.794871	10244.869201	10.523776	-0.025877	5.214457
109.859081	10244.947017	10.528768	-0.025893	5.214477
109.816684	10244.920708	10.533760	-0.025882	5.214470
109.812571	10244.898110	10.538752	-0.025881	5.214464
109.878363	10244.901541	10.543744	-0.025897	5.214467
109.654851	10244.941347	10.548736	-0.025844	5.214471
109.799702	10244.932747	10.553728	-0.025878	5.214472
109.859490	10244.889451	10.558720	-0.025892	5.214463
109.868648	10244.969133	10.563712	-0.025895	5.214483
109.914993	10244.925951	10.568704	-0.025906	5.214474
109.951330	10244.856932	10.573696	-0.025914	5.214458
109.993547	10244.940867	10.578688	-0.025924	5.214479
110.102948	10244.897549	10.583680	-0.025951	5.214471
110.081296	10244.918999	10.588672	-0.025945	5.214476
109.923337	10244.896985	10.593664	-0.025908	5.214467
109.843158	10244.943694	10.598656	-0.025888	5.214476
109.806014	10244.948833	10.603648	-0.025879	5.214476
109.898350	10244.885529	10.608640	-0.025902	5.214463
109.790777	10244.951712	10.613632	-0.025876	5.214477
109.860635	10244.909932	10.618624	-0.025892	5.214468
109.845313	10244.818113	10.623616	-0.025889	5.214445
109.876433	10244.890401	10.628608	-0.025896	5.214464
109.901124	10244.877615	10.633600	-0.025902	5.214461
109.861620	10244.934186	10.638592	-0.025893	5.214474
109.947697	10244.902243	10.643584	-0.025913	5.214469
109.877323	10244.922342	10.648576	-0.025896	5.214472
109.961921	10244.909748	10.653568	-0.025917	5.214471
109.963264	10244.894263	10.658560	-0.025917	5.214467
109.863284	10244.940464	10.663552	-0.025893	5.214476
109.921982	10244.940791	10.668544	-0.025907	5.214477
109.817259	10244.933736	10.673536	-0.025882	5.214473
110.038222	10244.919810	10.678528	-0.025935	5.214475
109.999000	10244.932842	10.683520	-0.025925	5.214477
109.980556	10244.930924	10.688512	-0.025921	5.214476
109.935159	10244.916443	10.693504	-0.025910	5.214472
109.977689	10244.799434	10.698496	-0.025920	5.214444
109.921065	10244.844982	10.703488	-0.025907	5.214454
110.055305	10244.809328	10.708480	-0.025939	5.214448
109.987150	10244.931573	10.713472	-0.025922	5.214477
109.931857	10244.919397	10.718464	-0.025909	5.214472
109.813495	10244.886882	10.723456	-0.025881	5.214461
109.792640	10244.936402	10.728448	-0.025876	5.214473
109.720170	10244.928565	10.733440	-0.025858	5.214469
109.877053	10244.948151	10.738432	-0.025896	5.214478
109.796963	10244.951341	10.743424	-0.025877	5.214477
109.870573	10244.881020	10.748416	-0.025894	5.214461
109.950848	10244.920061	10.753408	-0.025913	5.214473
109.998989	10244.885650	10.758400	-0.025925	5.214466
110.047905	10244.935619	10.763392	-0.025937	5.214479
110.185258	10244.886846	10.768384	-0.025969	5.214471
109.946296	10244.905218	10.773376	-0.025912	5.214469
109.984240	10244.937128	10.778368	-0.025921	5.214478
109.958353	10244.912947	10.783360	-0.025915	5.214471
110.017173	10244.862074	10.788352	-0.025929	5.214460
109.866499	10244.876416	10.793344	-0.025893	5.214460
109.934947	10244.805350	10.798336	-0.025909	5.214444
109.790515	10244.936778	10.803328	-0.025875	5.214473
109.873782	10244.875693	10.808320	-0.025895	5.214460
109.888515	10244.894652	10.813312	-0.025898	5.214465
109.891592	10244.889225	10.818304	-0.025899	5.214464
109.916199	10244.884126	10.823296	-0.025905	5.214463
109.943176	10244.936368	10.828288	-0.025911	5.214477
109.861252	10244.896239	10.833280	-0.025892	5.214465
109.975315	10244.930499	10.838272	-0.025919	5.214476
109.992777	10244.896708	10.843264	-0.025923	5.214468
109.907113	10244.878721	10.848256	-0.025902	5.214462
109.878657	10244.916232	10.853248	-0.025896	5.214470
109.947728	10244.897568	10.858240	-0.025912	5.214467
109.900976	10244.979204	10.863232	-0.025901	5.214486
109.898890	10244.921844	10.868224	-0.025900	5.214472
109.915647	10244.939314	10.873216	-0.025904	5.214477
110.022986	10244.942279	10.878208	-0.025930	5.214480
109.937426	10244.920442	10.883200	-0.025910	5.214473
110.084365	10244.929542	10.888192	-0.025945	5.214479
109.997941	10244.923151	10.893184	-0.025924	5.214475
109.926009	10244.925495	10.898176	-0.025907	5.214474
110.160007	10244.882065	10.903168	-0.025963	5.214469
110.136918	10244.919020	10.908160	-0.025957	5.214477
110.138823	10244.932909	10.913152	-0.025958	5.214481
110.049599	10244.893536	10.918144	-0.025936	5.214469
110.039064	10244.849848	10.923136	-0.025934	5.214458
110.033799	10244.845286	10.928128	-0.025932	5.214457
110.046876	10244.808110	10.933120	-0.025935	5.214448
110.093110	10244.922341	10.938112	-0.025947	5.214477
110.161863	10244.908830	10.943104	-0.025963	5.214475
110.053559	10244.880391	10.948096	-0.025937	5.214466
110.087040	10244.926840	10.953088	-0.025945	5.214478
110.160826	10244.903849	10.958080	-0.025963	5.214474
110.244911	10244.923301	10.963072	-0.025983	5.214481
110.097851	10244.897598	10.968064	-0.025948	5.214471
110.106882	10244.909470	10.973056	-0.025950	5.214474
110.124656	10244.915317	10.978048	-0.025954	5.214476
110.103355	10244.952086	10.983040	-0.025949	5.214484
110.031669	10244.981279	10.988032	-0.025932	5.214490
110.009223	10244.940105	10.993024	-0.025926	5.214479
109.945106	10244.928843	10.998016	-0.025911	5.214475
109.999220	10244.914289	11.003008	-0.025924	5.214473
110.049156	10244.918083	11.008000	-0.025936	5.214475
110.066994	10244.916245	11.012992	-0.025940	5.214475
110.050465	10244.853983	11.017984	-0.025936	5.214459
110.120128	10244.919719	11.022976	-0.025953	5.214477
110.155047	10244.895636	11.027968	-0.025961	5.214472
110.055896	10244.912318	11.032960	-0.025937	5.214474
109.998357	10244.972037	11.037952	-0.025923	5.214487
110.049014	10244.933527	11.042944	-0.025935	5.214479
110.151500	10244.901164	11.047936	-0.025960	5.214473
109.942190	10244.959972	11.052928	-0.025910	5.214482
109.944729	10244.972517	11.057920	-0.025910	5.214485
110.172043	10244.952814	11.062912	-0.025965	5.214486
109.898272	10244.946638	11.067904	-0.025899	5.214478
110.030228	10244.894585	11.072896	-0.025931	5.214469
110.032883	10244.922474	11.077888	-0.025931	5.214475
109.979335	10244.944669	11.082880	-0.025919	5.214479
109.998753	10244.981058	11.087872	-0.025923	5.214489
109.997670	10244.921035	11.092864	-0.025923	5.214474
110.010635	10244.964492	11.097856	-0.025926	5.214485
110.154554	10244.906080	11.102848	-0.025960	5.214474
110.069531	10244.950732	11.107840	-0.025940	5.214483
110.184326	10244.914534	11.112832	-0.025968	5.214477
110.188156	10244.893672	11.117824	-0.025968	5.214472
110.215420	10244.837110	11.122816	-0.025975	5.214459
110.076688	10244.928277	11.127808	-0.025942	5.214478
110.078498	10244.921701	11.132800	-0.025942	5.214476
110.077537	10244.889819	11.137792	-0.025942	5.214469
110.085005	10244.898013	11.142784	-0.025944	5.214471
110.034520	10244.928848	11.147776	-0.025932	5.214477
110.062283	10244.929821	11.152768	-0.025938	5.214478
109.847260	10244.961069	11.157760	-0.025887	5.214480
109.971453	10244.971246	11.162752	-0.025916	5.214486
109.983628	10244.913688	11.167744	-0.025919	5.214472
110.041610	10244.943522	11.172736	-0.025933	5.214481
109.972059	10244.948180	11.177728	-0.025916	5.214480
109.897351	10244.859954	11.182720	-0.025899	5.214457
110.068873	10244.933050	11.187712	-0.025940	5.214479
109.974292	10244.921106	11.192704	-0.025917	5.214474
109.994463	10244.888313	11.197696	-0.025922	5.214466
110.006787	10244.921599	11.202688	-0.025925	5.214474
110.059441	10244.875203	11.207680	-0.025937	5.214464
110.032661	10244.939414	11.212672	-0.025931	5.214479
109.881342	10244.877042	11.217664	-0.025895	5.214460
109.926275	10244.942779	11.222656	-0.025905	5.214478
109.934901	10244.890708	11.227648	-0.025907	5.214465
109.992324	10244.912922	11.232640	-0.025921	5.214472
109.957346	10244.919116	11.237632	-0.025913	5.214473
110.068846	10244.893497	11.242624	-0.025939	5.214469
110.083279	10244.947039	11.247616	-0.025943	5.214483
110.055044	10244.941017	11.252608	-0.025936	5.214480
110.016298	10244.937364	11.257600	-0.025927	5.214479
109.918819	10244.966670	11.262592	-0.025903	5.214483
109.891848	10244.914448	11.267584	-0.025897	5.214470
110.006832	10244.921740	11.272576	-0.025924	5.214474
109.858529	10244.938396	11.277568	-0.025889	5.214475
109.738545	10244.950839	11.282560	-0.025860	5.214475
109.831192	10244.955326	11.287552	-0.025882	5.214478
109.913192	10244.921246	11.292544	-0.025902	5.214472
110.055900	10244.902631	11.297536	-0.025936	5.214471
110.037970	10244.894261	11.302528	-0.025932	5.214469
109.926372	10244.951904	11.307520	-0.025905	5.214480
110.098194	10244.908517	11.312512	-0.025946	5.214474
110.092197	10244.733831	11.317504	-0.025944	5.214431
110.022095	10244.870354	11.322496	-0.025928	5.214462
109.997358	10244.911318	11.327488	-0.025922	5.214472
110.020712	10244.841085	11.332480	-0.025927	5.214455
110.212347	10244.901860	11.337472	-0.025973	5.214475
110.080827	10244.901421	11.342464	-0.025942	5.214471
109.967507	10244.918292	11.347456	-0.025915	5.214473
110.050750	10244.894321	11.352448	-0.025934	5.214469
110.070281	10244.902545	11.357440	-0.025939	5.214471
110.164431	10244.880003	11.362432	-0.025962	5.214468
109.987700	10244.891927	11.367424	-0.025919	5.214467
110.139073	10244.908245	11.372416	-0.025955	5.214474
110.055231	10244.911824	11.377408	-0.025935	5.214473
110.141568	10244.923364	11.382400	-0.025956	5.214478
110.063628	10244.946807	11.387392	-0.025937	5.214482
110.098022	10244.876709	11.392384	-0.025946	5.214466
110.150001	10244.937878	11.397376	-0.025958	5.214482
110.047002	10244.938323	11.402368	-0.025933	5.214479
110.050598	10244.940520	11.407360	-0.025934	5.214480
110.028356	10244.954352	11.412352	-0.025929	5.214483
110.135245	10244.929211	11.417344	-0.025954	5.214479
110.211362	10244.934132	11.422336	-0.025973	5.214483
110.128312	10244.897957	11.427328	-0.025953	5.214472
110.170904	10244.832129	11.432320	-0.025963	5.214457
110.246684	10244.886993	11.437312	-0.025981	5.214472
110.257924	10244.843609	11.442304	-0.025984	5.214462
110.432334	10244.796115	11.447296	-0.026025	5.214454
110.141771	10244.883818	11.452288	-0.025956	5.214469
110.217048	10244.865791	11.457280	-0.025974	5.214466
110.239957	10244.890302	11.462272	-0.025979	5.214473
110.283113	10244.844890	11.467264	-0.025989	5.214463
110.184303	10244.798831	11.472256	-0.025966	5.214449
110.176624	10244.852105	11.477248	-0.025964	5.214462
110.071959	10244.851443	11.482240	-0.025939	5.214459
110.165208	10244.912175	11.487232	-0.025961	5.214476
110.112673	10244.906111	11.492224	-0.025949	5.214473
110.211515	10244.911237	11.497216	-0.025972	5.214477
110.142410	10244.899212	11.502208	-0.025956	5.214472
110.226231	10244.862384	11.507200	-0.025976	5.214465
110.299860	10244.848367	11.512192	-0.025993	5.214464
110.256654	10244.879728	11.517184	-0.025983	5.214470
110.293204	10244.895147	11.522176	-0.025992	5.214475
110.236002	10244.819183	11.527168	-0.025978	5.214455
110.237002	10244.820369	11.532160	-0.025978	5.214455
110.283169	10244.894938	11.537152	-0.025989	5.214475
110.160674	10244.844935	11.542144	-0.025960	5.214459
110.119844	10244.892686	11.547136	-0.025950	5.214470
110.148644	10244.855160	11.552128	-0.025957	5.214462
110.298939	10244.860073	11.557120	-0.025993	5.214467
110.086938	10244.897406	11.562112	-0.025942	5.214470
110.082354	10244.929884	11.567104	-0.025941	5.214478
110.250172	10244.932982	11.572096	-0.025981	5.214483
110.251461	10244.898306	11.577088	-0.025981	5.214475
110.341092	10244.931261	11.582080	-0.026003	5.214485
110.313082	10244.895782	11.587072	-0.025996	5.214476
110.197484	10244.882175	11.592064	-0.025968	5.214469
110.335593	10244.885792	11.597056	-0.026001	5.214474
110.178210	10244.882913	11.602048	-0.025964	5.214469
110.130934	10244.862228	11.607040	-0.025952	5.214463
110.243110	10244.832700	11.612032	-0.025979	5.214458
110.243727	10244.846723	11.617024	-0.025979	5.214462
110.402586	10244.882742	11.622016	-0.026017	5.214475
110.321037	10244.851531	11.627008	-0.025998	5.214465
110.146008	10244.849201	11.632000	-0.025956	5.214460
110.196305	10244.819686	11.636992	-0.025968	5.214454
110.109835	10244.877284	11.641984	-0.025947	5.214466
110.199425	10244.883368	11.646976	-0.025969	5.214470
110.295491	10244.823517	11.651968	-0.025992	5.214458
110.128111	10244.843429	11.656960	-0.025951	5.214458
110.087961	10244.877033	11.661952	-0.025942	5.214465
110.068668	10244.822736	11.666944	-0.025937	5.214452
110.146629	10244.896569	11.671936	-0.025956	5.214472
110.105598	10244.881635	11.676928	-0.025946	5.214467
110.114934	10244.922908	11.681920	-0.025948	5.214477
110.085145	10244.890173	11.686912	-0.025941	5.214469
110.049716	10244.873380	11.691904	-0.025933	5.214464
110.167018	10244.888110	11.696896	-0.025961	5.214470
110.142061	10244.889426	11.701888	-0.025955	5.214470
110.103326	10244.856339	11.706880	-0.025945	5.214461
110.143007	10244.890629	11.711872	-0.025955	5.214470
110.104618	10244.862624	11.716864	-0.025946	5.214462
110.223488	10244.865674	11.721856	-0.025974	5.214466
110.067061	10244.875494	11.726848	-0.025937	5.214464
110.083942	10244.862238	11.731840	-0.025941	5.214462
110.023549	10244.899219	11.736832	-0.025926	5.214469
110.035880	10244.833967	11.741824	-0.025929	5.214453
110.033244	10244.879040	11.746816	-0.025928	5.214464
110.013976	10244.895123	11.751808	-0.025924	5.214468
110.019227	10244.898429	11.756800	-0.025925	5.214469
110.133180	10244.875115	11.761792	-0.025952	5.214466
110.148458	10244.910653	11.766784	-0.025956	5.214475
110.124243	10244.922131	11.771776	-0.025950	5.214477
110.294683	10244.831538	11.776768	-0.025991	5.214459
110.378459	10244.909889	11.781760	-0.026011	5.214481
110.322372	10244.888836	11.786752	-0.025997	5.214474
110.284523	10244.813427	11.791744	-0.025988	5.214455
110.120842	10244.916137	11.796736	-0.025949	5.214476
110.176235	10244.897610	11.801728	-0.025962	5.214473
110.150515	10244.918202	11.806720	-0.025956	5.214477
110.253862	10244.904945	11.811712	-0.025981	5.214476
110.286867	10244.859305	11.816704	-0.025989	5.214466
110.192434	10244.862701	11.821696	-0.025966	5.214464
110.067963	10244.873049	11.826688	-0.025936	5.214464
110.207466	10244.870123	11.831680	-0.025970	5.214467
110.149645	10244.890201	11.836672	-0.025956	5.214470
110.142459	10244.856404	11.841664	-0.025954	5.214462
110.138215	10244.908042	11.846656	-0.025953	5.214474
110.302254	10244.900014	11.851648	-0.025992	5.214476
110.117278	10244.898715	11.856640	-0.025948	5.214471
110.206572	10244.930424	11.861632	-0.025969	5.214481
110.014175	10244.900460	11.866624	-0.025923	5.214469
110.028084	10244.932302	11.871616	-0.025927	5.214477
109.868250	10244.920720	11.876608	-0.025888	5.214470
110.083666	10244.924004	11.881600	-0.025940	5.214477
110.051101	10244.931228	11.886592	-0.025932	5.214478
110.078886	10244.849018	11.891584	-0.025939	5.214458
110.128084	10244.911755	11.896576	-0.025950	5.214475
110.200218	10244.851824	11.901568	-0.025968	5.214462
110.281820	10244.866414	11.906560	-0.025987	5.214468
110.207784	10244.865137	11.911552	-0.025969	5.214465
110.202777	10244.827275	11.916544	-0.025968	5.214456
110.190434	10244.911745	11.921536	-0.025965	5.214476
110.241917	10244.853953	11.926528	-0.025977	5.214464
110.123607	10244.875180	11.931520	-0.025949	5.214466
110.253694	10244.845076	11.936512	-0.025980	5.214462
110.218592	10244.748907	11.941504	-0.025972	5.214437
109.991700	10244.913193	11.946496	-0.025917	5.214472
109.984822	10244.902399	11.951488	-0.025916	5.214469
110.136940	10244.790670	11.956480	-0.025952	5.214445
110.187970	10244.846819	11.961472	-0.025964	5.214460
110.231953	10244.805161	11.966464	-0.025975	5.214451
110.290058	10244.886170	11.971456	-0.025989	5.214473
110.157521	10244.843606	11.976448	-0.025957	5.214459
110.193869	10244.825774	11.981440	-0.025966	5.214455
110.272777	10244.881594	11.986432	-0.025984	5.214471
110.186941	10244.834191	11.991424	-0.025964	5.214457
110.241962	10244.906562	11.996416	-0.025977	5.214476
110.325031	10244.855735	12.001408	-0.025997	5.214466
110.385819	10244.898076	12.006400	-0.026011	5.214478
110.217594	10244.909118	12.011392	-0.025971	5.214476
110.211578	10244.863683	12.016384	-0.025970	5.214465
110.319375	10244.869160	12.021376	-0.025995	5.214469
110.320073	10244.884455	12.026368	-0.025996	5.214473
110.365449	10244.888721	12.031360	-0.026006	5.214475
110.274460	10244.867446	12.036352	-0.025985	5.214468
110.388602	10244.777568	12.041344	-0.026012	5.214448
110.414774	10244.902838	12.046336	-0.026018	5.214480
110.483928	10244.856012	12.051328	-0.026035	5.214470
110.368237	10244.870569	12.056320	-0.026007	5.214471
110.243094	10244.820840	12.061312	-0.025977	5.214455
110.204095	10244.892715	12.066304	-0.025968	5.214472
110.311541	10244.908467	12.071296	-0.025993	5.214479
110.287140	10244.899488	12.076288	-0.025987	5.214476
110.324844	10244.756104	12.081280	-0.025996	5.214442
110.376340	10244.823722	12.086272	-0.026009	5.214459
110.297982	10244.843369	12.091264	-0.025990	5.214462
110.304156	10244.840180	12.096256	-0.025991	5.214462
110.369435	10244.793756	12.101248	-0.026007	5.214452
110.423272	10244.835537	12.106240	-0.026020	5.214464
110.488498	10244.822391	12.111232	-0.026035	5.214462
110.448738	10244.823961	12.116224	-0.026026	5.214461
110.416821	10244.900222	12.121216	-0.026018	5.214479
110.335353	10244.872842	12.126208	-0.025999	5.214470
110.484600	10244.888102	12.131200	-0.026034	5.214478
110.377407	10244.842911	12.136192	-0.026009	5.214464
110.467965	10244.886007	12.141184	-0.026030	5.214477
110.323977	10244.926530	12.146176	-0.025996	5.214483
110.403530	10244.874788	12.151168	-0.026015	5.214473
110.536942	10244.889129	12.156160	-0.026047	5.214479
110.417525	10244.889995	12.161152	-0.026018	5.214477
110.373834	10244.853581	12.166144	-0.026008	5.214467
110.405669	10244.873328	12.171136	-0.026015	5.214472
110.531765	10244.828281	12.176128	-0.026046	5.214464
110.459287	10244.893388	12.181120	-0.026028	5.214479
110.424494	10244.793346	12.186112	-0.026020	5.214453
110.338068	10244.897010	12.191104	-0.025999	5.214476
110.522807	10244.839488	12.196096	-0.026043	5.214467
110.331523	10244.865716	12.201088	-0.025997	5.214469
110.333968	10244.911543	12.206080	-0.025998	5.214480
110.209777	10244.884750	12.211072	-0.025968	5.214470
110.337037	10244.894609	12.216064	-0.025999	5.214476
110.466183	10244.892756	12.221056	-0.026030	5.214479
110.557733	10244.905036	12.226048	-0.026051	5.214484
110.467112	10244.911876	12.231040	-0.026030	5.214483
110.482515	10244.916690	12.236032	-0.026033	5.214485
110.349784	10244.899739	12.241024	-0.026002	5.214477
110.511512	10244.866357	12.246016	-0.026040	5.214473
110.357629	10244.878472	12.251008	-0.026004	5.214472
110.449080	10244.884363	12.256000	-0.026025	5.214476
110.285351	10244.898778	12.260992	-0.025986	5.214475
110.436039	10244.892134	12.265984	-0.026022	5.214478
110.334262	10244.932123	12.270976	-0.025998	5.214485
110.352321	10244.886752	12.275968	-0.026002	5.214474
110.317364	10244.892943	12.280960	-0.025994	5.214475
110.305964	10244.864702	12.285952	-0.025991	5.214468
110.350260	10244.752627	12.290944	-0.026002	5.214441
110.350275	10244.869089	12.295936	-0.026002	5.214470
110.409486	10244.784903	12.300928	-0.026016	5.214451
110.225128	10244.851364	12.305920	-0.025972	5.214462
110.213680	10244.894791	12.310912	-0.025969	5.214473
110.371413	10244.884857	12.315904	-0.026006	5.214474
110.321519	10244.922029	12.320896	-0.025995	5.214482
110.162646	10244.883474	12.325888	-0.025957	5.214469
110.294311	10244.922310	12.330880	-0.025988	5.214481
110.234289	10244.899106	12.335872	-0.025974	5.214474
110.133843	10244.932558	12.340864	-0.025950	5.214480
110.216618	10244.903517	12.345856	-0.025969	5.214475
110.253787	10244.876642	12.350848	-0.025978	5.214469
110.392624	10244.900658	12.355840	-0.026011	5.214479
110.350141	10244.887154	12.360832	-0.026001	5.214474
110.307637	10244.900527	12.365824	-0.025991	5.214476
110.395988	10244.910578	12.370816	-0.026012	5.214481
110.251521	10244.869250	12.375808	-0.025978	5.214467
110.245558	10244.898032	12.380800	-0.025976	5.214474
110.254038	10244.879248	12.385792	-0.025978	5.214470
110.181866	10244.841946	12.390784	-0.025961	5.214459
110.267364	10244.909880	12.395776	-0.025981	5.214478
110.169979	10244.905904	12.400768	-0.025958	5.214474
110.297531	10244.900377	12.405760	-0.025988	5.214476
110.211008	10244.832570	12.410752	-0.025968	5.214457
110.193253	10244.847217	12.415744	-0.025963	5.214460
110.197854	10244.894100	12.420736	-0.025964	5.214472
110.235627	10244.839008	12.425728	-0.025973	5.214459
110.178826	10244.865379	12.430720	-0.025960	5.214464
110.271696	10244.849369	12.435712	-0.025982	5.214463
110.369708	10244.805951	12.440704	-0.026005	5.214455
110.370919	10244.869822	12.445696	-0.026006	5.214470
110.324357	10244.852901	12.450688	-0.025995	5.214465
110.263925	10244.884767	12.455680	-0.025980	5.214471
110.403427	10244.857527	12.460672	-0.026013	5.214468
110.260202	10244.827587	12.465664	-0.025979	5.214457
110.327532	10244.764314	12.470656	-0.025995	5.214443
110.297243	10244.836567	12.475648	-0.025988	5.214460
110.182730	10244.925225	12.480640	-0.025961	5.214479
110.305693	10244.862586	12.485632	-0.025990	5.214467
110.300084	10244.875975	12.490624	-0.025989	5.214470
110.321071	10244.900685	12.495616	-0.025994	5.214477
110.321285	10244.869960	12.500608	-0.025994	5.214469
110.359266	10244.912104	12.505600	-0.026003	5.214480
110.383185	10244.859728	12.510592	-0.026008	5.214468
110.495107	10244.772639	12.515584	-0.026035	5.214450
110.405726	10244.904762	12.520576	-0.026014	5.214480
110.365892	10244.861551	12.525568	-0.026004	5.214468
110.394911	10244.918701	12.530560	-0.026011	5.214483
110.368786	10244.902222	12.535552	-0.026005	5.214478
110.382549	10244.808668	12.540544	-0.026008	5.214456
110.411693	10244.781344	12.545536	-0.026015	5.214450
110.294297	10244.819112	12.550528	-0.025987	5.214456
110.352210	10244.892464	12.555520	-0.026001	5.214475
110.328865	10244.878257	12.560512	-0.025995	5.214471
110.377026	10244.896312	12.565504	-0.026007	5.214477
110.327834	10244.888622	12.570496	-0.025995	5.214474
110.475419	10244.869502	12.575488	-0.026030	5.214473
110.315750	10244.907811	12.580480	-0.025992	5.214478
110.283819	10244.834347	12.585472	-0.025984	5.214459
110.379593	10244.870504	12.590464	-0.026007	5.214471
110.374422	10244.886407	12.595456	-0.026006	5.214474
110.366660	10244.862907	12.600448	-0.026004	5.214469
110.339437	10244.909248	12.605440	-0.025997	5.214479
110.483885	10244.857180	12.610432	-0.026032	5.214470
110.527808	10244.838563	12.615424	-0.026042	5.214467
110.461214	10244.837795	12.620416	-0.026027	5.214465
110.526251	10244.836186	12.625408	-0.026042	5.214466
110.535300	10244.881328	12.630400	-0.026044	5.214477
110.537056	10244.828689	12.635392	-0.026045	5.214464
110.420393	10244.712816	12.640384	-0.026017	5.214433
110.579111	10244.879380	12.645376	-0.026055	5.214478
110.576662	10244.755512	12.650368	-0.026054	5.214448
110.604459	10244.880613	12.655360	-0.026061	5.214479
110.571611	10244.853314	12.660352	-0.026053	5.214471
110.520657	10244.881639	12.665344	-0.026041	5.214477
110.468275	10244.902433	12.670336	-0.026028	5.214481
110.437776	10244.854415	12.675328	-0.026021	5.214468
110.419783	10244.876765	12.680320	-0.026016	5.214473
110.476305	10244.873478	12.685312	-0.026030	5.214474
110.438442	10244.808307	12.690304	-0.026021	5.214457
110.516445	10244.852704	12.695296	-0.026039	5.214470
110.624263	10244.803152	12.700288	-0.026065	5.214460
110.536740	10244.808391	12.705280	-0.026044	5.214459
110.523130	10244.786777	12.710272	-0.026041	5.214454
110.545830	10244.793394	12.715264	-0.026046	5.214456
110.502922	10244.875912	12.720256	-0.026036	5.214475
110.576047	10244.790284	12.725248	-0.026053	5.214456
110.509483	10244.817666	12.730240	-0.026038	5.214461
110.649040	10244.778902	12.735232	-0.026071	5.214455
110.507755	10244.780754	12.740224	-0.026037	5.214452
110.588233	10244.823615	12.745216	-0.026056	5.214464
110.528841	10244.836177	12.750208	-0.026042	5.214466
110.508517	10244.803741	12.755200	-0.026037	5.214458
110.430305	10244.788821	12.760192	-0.026018	5.214452
110.527806	10244.773610	12.765184	-0.026042	5.214451
110.552304	10244.783879	12.770176	-0.026048	5.214454
110.614321	10244.822254	12.775168	-0.026062	5.214465
110.463371	10244.862219	12.780160	-0.026026	5.214471
110.549155	10244.850782	12.785152	-0.026047	5.214470
110.532694	10244.851218	12.790144	-0.026043	5.214470
110.439163	10244.848122	12.795136	-0.026020	5.214467
110.479570	10244.800435	12.800128	-0.026030	5.214456
110.423214	10244.866431	12.805120	-0.026017	5.214471
110.522078	10244.843401	12.810112	-0.026040	5.214468
110.545867	10244.810234	12.815104	-0.026046	5.214460
110.714499	10244.820926	12.820096	-0.026086	5.214467
110.631115	10244.778387	12.825088	-0.026066	5.214454
110.737909	10244.653438	12.830080	-0.026092	5.214427
110.593059	10244.783631	12.835072	-0.026057	5.214455
110.662708	10244.805858	12.840064	-0.026074	5.214462
110.515033	10244.837805	12.845056	-0.026038	5.214466
110.534771	10244.760268	12.850048	-0.026043	5.214448
110.442834	10244.838908	12.855040	-0.026021	5.214464
110.276168	10244.807558	12.860032	-0.025981	5.214453
110.421528	10244.805305	12.865024	-0.026016	5.214456
110.368104	10244.823647	12.870016	-0.026003	5.214459
110.359964	10244.825781	12.875008	-0.026001	5.214459
110.369547	10244.863190	12.880000	-0.026003	5.214469
110.280430	10244.864755	12.884992	-0.025982	5.214467
110.281328	10244.890267	12.889984	-0.025982	5.214473
110.279318	10244.876409	12.894976	-0.025982	5.214469
110.302489	10244.856102	12.899968	-0.025987	5.214465
110.341266	10244.875130	12.904960	-0.025996	5.214471
110.307184	10244.864595	12.909952	-0.025988	5.214467
110.383389	10244.852870	12.914944	-0.026006	5.214466
110.310166	10244.889901	12.919936	-0.025989	5.214474
110.362089	10244.805189	12.924928	-0.026001	5.214454
110.416676	10244.835376	12.929920	-0.026014	5.214463
110.375742	10244.860103	12.934912	-0.026005	5.214468
110.498489	10244.883227	12.939904	-0.026034	5.214477
110.373520	10244.885948	12.944896	-0.026004	5.214474
110.426097	10244.881790	12.949888	-0.026017	5.214474
110.432901	10244.913089	12.954880	-0.026018	5.214482
110.517053	10244.865989	12.959872	-0.026038	5.214473
110.611804	10244.875378	12.964864	-0.026061	5.214478
110.376418	10244.875462	12.969856	-0.026005	5.214472
110.381721	10244.825014	12.974848	-0.026006	5.214459
110.480804	10244.814759	12.979840	-0.026029	5.214459
110.396392	10244.783844	12.984832	-0.026009	5.214450
110.419361	10244.812188	12.989824	-0.026015	5.214457
110.426728	10244.816553	12.994816	-0.026016	5.214458
110.303362	10242.007730	12.999808	-0.025987	5.213768
110.284974	10236.905218	13.004813	-0.025982	5.212520
110.222511	10231.761317	13.009818	-0.025966	5.211259
110.251001	10226.811992	13.014823	-0.025973	5.210048
110.321041	10221.839080	13.019827	-0.025989	5.208833
110.310852	10216.681916	13.024832	-0.025986	5.207570
110.423672	10211.566685	13.029837	-0.026013	5.206320
110.219843	10206.415689	13.034842	-0.025963	5.205052
110.202456	10201.228650	13.039847	-0.025959	5.203781
110.248930	10196.127880	13.044851	-0.025969	5.202532
110.228783	10190.933460	13.049856	-0.025964	5.201258
110.245479	10186.105585	13.054861	-0.025967	5.200074
109.988775	10181.125591	13.059866	-0.025906	5.198846
110.065663	10176.006099	13.064871	-0.025923	5.197592
109.948202	10170.826916	13.069875	-0.025895	5.196318
110.050312	10165.213830	13.074880	-0.025919	5.194942
110.046392	10159.795210	13.079885	-0.025917	5.193612
109.874690	10154.599109	13.084890	-0.025876	5.192331
109.941096	10149.478205	13.089895	-0.025891	5.191075
109.882248	10144.561108	13.094899	-0.025877	5.189865
109.839731	10139.520238	13.099904	-0.025866	5.188625
109.913953	10134.386896	13.104909	-0.025883	5.187365
109.856975	10129.138005	13.109914	-0.025869	5.186073
109.811243	10123.973002	13.114919	-0.025858	5.184801
109.716909	10118.843654	13.119923	-0.025835	5.183537
109.702275	10113.658857	13.124928	-0.025831	5.182260
109.769042	10108.580766	13.129933	-0.025846	5.181012
109.787375	10103.765192	13.134938	-0.025850	5.179827
109.619901	10098.710792	13.139943	-0.025809	5.178578
109.711924	10093.532192	13.144947	-0.025831	5.177305
109.688608	10088.331773	13.149952	-0.025825	5.176023
109.780741	10082.757943	13.154957	-0.025846	5.174652
109.681148	10077.569682	13.159962	-0.025822	5.173370
109.642712	10072.443230	13.164967	-0.025812	5.172105
109.632309	10067.258056	13.169971	-0.025809	5.170826
109.611818	10062.510565	13.174976	-0.025804	5.169654
109.690808	10057.411787	13.179981	-0.025822	5.168398
109.566997	10052.198366	13.184986	-0.025792	5.167108
109.404528	10047.095435	13.189991	-0.025753	5.165844
109.443500	10041.853058	13.194995	-0.025762	5.164551
109.426283	10036.702780	13.200000	-0.025757	5.163278
109.388161	10031.610389	13.205005	-0.025747	5.162019
109.331903	10026.531337	13.210010	-0.025734	5.160763
109.354749	10021.673487	13.215015	-0.025739	5.159563
109.376197	10016.526504	13.220019	-0.025743	5.158291
109.308086	10011.407005	13.225024	-0.025726	5.157023
109.248101	10006.128879	13.230029	-0.025712	5.155716
109.279588	10000.411832	13.235034	-0.025718	5.154302
109.202347	9995.327616	13.240039	-0.025700	5.153042
109.281266	9990.124071	13.245043	-0.025718	5.151756
109.109942	9985.164966	13.250048	-0.025676	5.150523
109.140172	9980.250401	13.255053	-0.025683	5.149307
109.187600	9975.079281	13.260058	-0.025694	5.148027
109.040972	9969.990107	13.265063	-0.025658	5.146762
109.165182	9964.794148	13.270067	-0.025688	5.145478
109.048451	9959.544314	13.275072	-0.025659	5.144173
109.107833	9954.393374	13.280077	-0.025673	5.142897
109.022762	9949.227023	13.285082	-0.025652	5.141614
109.065325	9944.460494	13.290087	-0.025662	5.140432
109.075392	9939.423174	13.295091	-0.025664	5.139182
109.254356	9934.209782	13.300096	-0.025706	5.137893
109.182274	9929.101109	13.305101	-0.025688	5.136623
109.057079	9923.613757	13.310106	-0.025658	5.135257
108.782395	9918.321821	13.315111	-0.025592	5.133935
108.702687	9913.156477	13.320115	-0.025572	5.132649
108.675700	9908.009145	13.325120	-0.025565	5.131369
108.765759	9903.244262	13.330125	-0.025586	5.130187
108.573205	9898.153165	13.335130	-0.025540	5.128916
108.456413	9893.008421	13.340135	-0.025511	5.127633
108.425877	9887.915508	13.345139	-0.025503	5.126365
108.572109	9882.623278	13.350144	-0.025538	5.125052
108.684596	9877.470367	13.355149	-0.025564	5.123773
108.630983	9872.250976	13.360154	-0.025551	5.122472
108.583135	9867.231587	13.365159	-0.025539	5.121221
108.594064	9862.446147	13.370163	-0.025541	5.120029
108.620324	9857.247858	13.375168	-0.025547	5.118735
108.741372	9852.189173	13.380173	-0.025575	5.117477
108.580437	9846.940850	13.385178	-0.025536	5.116165
108.412716	9841.386710	13.390183	-0.025496	5.114775
108.256002	9836.194597	13.395187	-0.025458	5.113476
108.326450	9831.037989	13.400192	-0.025474	5.112191
108.342649	9826.017708	13.405197	-0.025478	5.110939
108.366212	9821.044087	13.410202	-0.025483	5.109698
108.370730	9815.986320	13.415207	-0.025483	5.108436
108.251572	9810.817721	13.420211	-0.025454	5.107142
108.210718	9805.693969	13.425216	-0.025444	5.105861
108.249233	9800.447447	13.430221	-0.025453	5.104551
108.198431	9795.261249	13.435226	-0.025440	5.103253
108.148381	9790.108769	13.440231	-0.025428	5.101964
108.076079	9785.308504	13.445235	-0.025410	5.100762
107.977837	9780.265238	13.450240	-0.025386	5.099498
107.951254	9775.101413	13.455245	-0.025379	5.098205
107.816978	9769.922669	13.460250	-0.025346	5.096906
107.931472	9764.483241	13.465255	-0.025373	5.095547
107.805424	9759.147934	13.470259	-0.025343	5.094208
107.889043	9753.944305	13.475264	-0.025362	5.092907
107.770018	9748.829090	13.480269	-0.025333	5.091623
107.737977	9744.043983	13.485274	-0.025325	5.090423
107.936807	9738.955340	13.490279	-0.025372	5.089154
107.799254	9733.732781	13.495283	-0.025339	5.087840
107.662310	9728.546400	13.500288	-0.025305	5.086536
107.861003	9723.442904	13.505293	-0.025352	5.085262
107.801788	9718.258805	13.510298	-0.025338	5.083960
107.775022	9713.038662	13.515303	-0.025331	5.082649
107.698406	9708.028451	13.520307	-0.025312	5.081389
107.696987	9703.188491	13.525312	-0.025311	5.080174
107.659812	9698.044346	13.530317	-0.025302	5.078882
107.546230	9692.854582	13.535322	-0.025274	5.077575
107.528365	9687.559243	13.540327	-0.025269	5.076244
107.569440	9681.965199	13.545331	-0.025279	5.074839
107.601698	9676.839415	13.550336	-0.025286	5.073552
107.540514	9671.631610	13.555341	-0.025271	5.072240
107.459562	9666.705537	13.560346	-0.025251	5.070999
107.448429	9661.778630	13.565351	-0.025248	5.069759
107.515795	9656.599227	13.570355	-0.025263	5.068458
107.510936	9651.371414	13.575360	-0.025262	5.067142
107.338091	9646.308754	13.580365	-0.025220	5.065862
107.329008	9641.086627	13.585370	-0.025217	5.064547
107.232085	9635.903583	13.590375	-0.025194	5.063239
107.185451	9630.775384	13.595379	-0.025182	5.061945
107.187356	9626.016798	13.600384	-0.025182	5.060746
107.185095	9620.979961	13.605389	-0.025181	5.059476
107.153554	9615.796846	13.610394	-0.025173	5.058169
107.154942	9610.656936	13.615399	-0.025173	5.056872
107.110477	9605.005366	13.620403	-0.025162	5.055445
107.086252	9599.809449	13.625408	-0.025155	5.054133
107.239947	9594.650406	13.630413	-0.025191	5.052836
106.989430	9589.651296	13.635418	-0.025131	5.051566
106.979474	9584.870545	13.640423	-0.025128	5.050359
107.036077	9579.652849	13.645427	-0.025141	5.049042
106.979602	9574.448905	13.650432	-0.025127	5.047726
106.926883	9569.395337	13.655437	-0.025114	5.046447
106.898428	9564.142554	13.660442	-0.025107	5.045118
106.861982	9558.932870	13.665447	-0.025098	5.043800
106.876671	9553.780074	13.670451	-0.025101	5.042497
106.739799	9548.936955	13.675456	-0.025067	5.041268
106.766092	9543.972855	13.680461	-0.025073	5.040012
106.733525	9538.829680	13.685466	-0.025065	5.038709
106.822148	9533.634876	13.690471	-0.025086	5.037397
106.770949	9527.994965	13.695475	-0.025073	5.035967
106.778283	9522.612007	13.700480	-0.025074	5.034604
106.801558	9517.462629	13.705485	-0.025079	5.033300
106.782728	9512.290165	13.710490	-0.025074	5.031988
106.694945	9507.548604	13.715495	-0.025053	5.030783
106.625888	9502.421829	13.720499	-0.025036	5.029481
106.570625	9497.220870	13.725504	-0.025022	5.028160
106.646090	9492.170118	13.730509	-0.025040	5.026881
106.576129	9486.849435	13.735514	-0.025022	5.025529
106.571749	9481.726272	13.740519	-0.025021	5.024228
106.547722	9476.544156	13.745523	-0.025015	5.022912
106.500996	9471.525985	13.750528	-0.025003	5.021636
106.578666	9466.654726	13.755533	-0.025021	5.020401
106.553160	9461.474296	13.760538	-0.025014	5.019083
106.543294	9456.324004	13.765543	-0.025012	5.017774
106.435580	9450.962479	13.770547	-0.024985	5.016407
106.347249	9445.602501	13.775552	-0.024964	5.015042
106.344040	9440.483789	13.780557	-0.024962	5.013739
106.260574	9435.253691	13.785562	-0.024942	5.012406
106.296577	9430.441891	13.790567	-0.024950	5.011182
106.182562	9425.396095	13.795571	-0.024922	5.009894
106.101861	9420.213858	13.800576	-0.024902	5.008572
106.127240	9415.106801	13.805581	-0.024908	5.007272
106.238185	9409.882562	13.810586	-0.024934	5.005945
106.126891	9404.786663	13.815591	-0.024907	5.004643
106.046912	9399.558399	13.820595	-0.024887	5.003307
106.097611	9394.500056	13.825600	-0.024899	5.002019
106.168329	9389.729350	13.830605	-0.024915	5.000805
106.041561	9384.568512	13.835610	-0.024885	4.999484
106.110404	9379.341690	13.840615	-0.024901	4.998152
105.932544	9374.009061	13.845619	-0.024857	4.996786
105.962263	9368.458638	13.850624	-0.024864	4.995370
105.933717	9363.390157	13.855629	-0.024857	4.994074
105.697666	9358.077890	13.860634	-0.024800	4.992710
105.748578	9353.236681	13.865639	-0.024811	4.991474
105.874261	9348.240641	13.870643	-0.024841	4.990201
105.716644	9343.142481	13.875648	-0.024803	4.988893
105.648126	9337.968502	13.880653	-0.024786	4.987568
105.664724	9332.703360	13.885658	-0.024789	4.986221
105.702586	9327.591886	13.890663	-0.024798	4.984915
105.668226	9322.472619	13.895667	-0.024789	4.983604
105.687959	9317.250277	13.900672	-0.024794	4.982267
105.713216	9312.488232	13.905677	-0.024799	4.981049
105.565706	9307.359339	13.910682	-0.024763	4.979730
105.530537	9302.223610	13.915687	-0.024754	4.978414
105.585928	9297.000943	13.920691	-0.024767	4.977077
105.494444	9291.487894	13.925696	-0.024745	4.975661
105.476674	9286.316423	13.930701	-0.024740	4.974334
105.554439	9281.142619	13.935706	-0.024758	4.973010
105.366252	9276.257374	13.940711	-0.024713	4.971751
105.378527	9271.284432	13.945715	-0.024715	4.970475
105.459196	9266.065599	13.950720	-0.024734	4.969138
105.513119	9260.976822	13.955725	-0.024746	4.967833
105.417521	9255.794352	13.960730	-0.024723	4.966499
105.418292	9250.560781	13.965735	-0.024723	4.965155
105.352622	9245.404017	13.970739	-0.024706	4.963828
105.340117	9240.277010	13.975744	-0.024703	4.962510
105.403152	9235.598171	13.980749	-0.024718	4.961309
105.230975	9230.470143	13.985754	-0.024676	4.959985
105.194643	9225.334438	13.990759	-0.024667	4.958663
105.163937	9220.099892	13.995763	-0.024659	4.957315
104.985496	9214.395921	14.000768	-0.024616	4.955841
105.055578	9209.262860	14.005773	-0.024632	4.954522
104.960772	9204.034998	14.010778	-0.024609	4.953173
104.974294	9199.135047	14.015783	-0.024611	4.951911
104.836889	9194.163921	14.020787	-0.024578	4.950626
104.896099	9188.984358	14.025792	-0.024592	4.949293
105.033042	9183.794813	14.030797	-0.024624	4.947960
104.879872	9178.613064	14.035802	-0.024587	4.946619
104.771685	9173.447458	14.040807	-0.024560	4.945283
104.710336	9168.295295	14.045811	-0.024545	4.943951
104.686768	9163.195232	14.050816	-0.024539	4.942635
104.582060	9158.447017	14.055821	-0.024514	4.941405
104.623440	9153.202033	14.060826	-0.024523	4.940053
104.690685	9148.101330	14.065831	-0.024539	4.938738
104.707959	9142.830904	14.070835	-0.024542	4.937377
104.655264	9137.263089	14.075840	-0.024529	4.935936
104.687305	9132.199020	14.080845	-0.024536	4.934628
104.624635	9127.036497	14.085850	-0.024521	4.933292
104.578354	9122.132749	14.090855	-0.024509	4.932022
104.603086	9117.091760	14.095859	-0.024515	4.930719
104.697000	9111.896957	14.100864	-0.024537	4.929378
104.652815	9106.820743	14.105869	-0.024526	4.928063
104.314172	9101.618558	14.110874	-0.024444	4.926704
104.418919	9096.469936	14.115879	-0.024469	4.925375
104.389201	9091.317647	14.120883	-0.024461	4.924039
104.258666	9086.115120	14.125888	-0.024429	4.922687
104.222204	9081.372484	14.130893	-0.024420	4.921456
104.165909	9076.205001	14.135898	-0.024406	4.920115
104.232923	9071.121205	14.140903	-0.024422	4.918799
104.243589	9065.773079	14.145907	-0.024424	4.917412
104.230548	9060.180574	14.150912	-0.024420	4.915960
104.132199	9055.099105	14.155917	-0.024396	4.914638
104.151776	9049.804823	14.160922	-0.024400	4.913265
104.134095	9044.935365	14.165927	-0.024396	4.912000
104.205178	9039.954295	14.170931	-0.024412	4.910708
104.102777	9034.750306	14.175936	-0.024387	4.909353
104.143737	9029.642620	14.180941	-0.024396	4.908027
103.969503	9024.427169	14.185946	-0.024354	4.906665
103.965362	9019.268334	14.190951	-0.024353	4.905323
103.953214	9014.060382	14.195955	-0.024349	4.903969
103.826242	9009.031359	14.200960	-0.024318	4.902656
103.961524	9004.241782	14.205965	-0.024350	4.901414
103.911867	8999.046661	14.210970	-0.024338	4.900060
103.885344	8993.887025	14.215975	-0.024331	4.898716
103.843572	8988.657766	14.220979	-0.024321	4.897352
103.683385	8983.134499	14.225984	-0.024282	4.895908
103.723027	8977.953526	14.230989	-0.024291	4.894559
103.781769	8972.876758	14.235994	-0.024304	4.893238
103.702601	8968.032021	14.240999	-0.024285	4.891972
103.584926	8963.010672	14.246003	-0.024256	4.890658
103.524478	8957.798630	14.251008	-0.024241	4.889296
103.664817	8952.582195	14.256013	-0.024274	4.887940
103.614157	8947.424345	14.261018	-0.024262	4.886592
103.556683	8942.299951	14.266023	-0.024248	4.885252
103.568486	8937.122079	14.271027	-0.024250	4.883900
103.563291	8932.158278	14.276032	-0.024248	4.882603
103.532094	8927.300907	14.281037	-0.024240	4.881333
103.401950	8922.168164	14.286042	-0.024209	4.879987
103.593333	8916.955703	14.291047	-0.024254	4.878631
103.496792	8911.415380	14.296051	-0.024230	4.877179
103.420250	8906.023146	14.301056	-0.024211	4.875765
103.472131	8900.808065	14.306061	-0.024223	4.874403
103.417312	8895.674733	14.311066	-0.024210	4.873057
103.401696	8890.949961	14.316071	-0.024206	4.871819
103.440380	8885.820766	14.321075	-0.024214	4.870478
103.345035	8880.536331	14.326080	-0.024191	4.869090
103.360312	8875.420392	14.331085	-0.024194	4.867750
103.257481	8870.273388	14.336090	-0.024169	4.866397
103.269126	8865.163171	14.341095	-0.024171	4.865058
103.153500	8859.930374	14.346099	-0.024143	4.863681
103.069009	8855.060094	14.351104	-0.024123	4.862401
103.113421	8850.095868	14.356109	-0.024133	4.861100
103.129911	8844.850210	14.361114	-0.024136	4.859724
103.025130	8839.707347	14.366119	-0.024111	4.858369
102.998162	8834.244856	14.371123	-0.024104	4.856934
102.995492	8828.973104	14.376128	-0.024102	4.855549
102.908119	8823.693307	14.381133	-0.024081	4.854159
102.962977	8818.612498	14.386138	-0.024094	4.852825
102.933466	8813.718228	14.391143	-0.024086	4.851537
102.950990	8808.595519	14.396147	-0.024090	4.850191
102.970450	8803.365969	14.401152	-0.024094	4.848816
102.815246	8798.304771	14.406157	-0.024056	4.847478
102.873561	8793.115395	14.411162	-0.024070	4.846115
102.832724	8787.844181	14.416167	-0.024060	4.844725
102.858254	8782.822366	14.421171	-0.024065	4.843404
102.760418	8778.024303	14.426176	-0.024041	4.842136
102.778939	8772.877031	14.431181	-0.024045	4.840781
102.742218	8767.746097	14.436186	-0.024036	4.839427
102.726894	8762.367310	14.441191	-0.024032	4.838008
102.635082	8756.909779	14.446195	-0.024009	4.836566
102.448541	8751.746576	14.451200	-0.023964	4.835197
102.509861	8746.541496	14.456205	-0.023978	4.833826
102.493826	8741.736756	14.461210	-0.023974	4.832557
102.388483	8736.652734	14.466215	-0.023948	4.831211
102.457502	8731.470925	14.471219	-0.023964	4.829845
102.434575	8726.348538	14.476224	-0.023958	4.828491
102.485897	8721.101256	14.481229	-0.023970	4.827106
102.416438	8715.960063	14.486234	-0.023953	4.825745
102.402112	8710.768796	14.491239	-0.023949	4.824372
102.299028	8705.775811	14.496243	-0.023924	4.823047
102.418226	8700.888181	14.501248	-0.023952	4.821759
102.401485	8695.772338	14.506253	-0.023947	4.820404
102.407342	8690.624041	14.511258	-0.023948	4.819042
102.326108	8685.238540	14.516263	-0.023928	4.817613
102.346921	8679.884822	14.521267	-0.023933	4.816196
102.249166	8674.717009	14.526272	-0.023909	4.814823
102.274565	8669.583665	14.531277	-0.023915	4.813464
102.180050	8664.821125	14.536282	-0.023892	4.812198
102.196721	8659.714207	14.541287	-0.023895	4.810844
102.093391	8654.509478	14.546291	-0.023870	4.809460
101.964246	8649.379423	14.551296	-0.023838	4.808094
102.066341	8644.125750	14.556301	-0.023862	4.806704
102.125576	8638.984418	14.561306	-0.023876	4.805342
102.249007	8633.828194	14.566311	-0.023905	4.803977
101.796741	8629.050514	14.571315	-0.023796	4.802691
101.784257	8624.055467	14.576320	-0.023793	4.801364
101.788318	8618.857362	14.581325	-0.023793	4.799982
101.777259	8613.631238	14.586330	-0.023790	4.798593
101.664898	8607.967007	14.591335	-0.023763	4.797082
101.565419	8602.774517	14.596339	-0.023739	4.795697
101.638828	8597.632325	14.601344	-0.023756	4.794332
101.805160	8592.731410	14.606349	-0.023795	4.793034
101.736996	8587.671281	14.611354	-0.023778	4.791685
101.760714	8582.559339	14.616359	-0.023783	4.790325
101.662508	8577.370537	14.621363	-0.023759	4.788939
101.681113	8572.191977	14.626368	-0.023763	4.787560
101.640838	8567.023513	14.631373	-0.023753	4.786181
101.497463	8561.825974	14.636378	-0.023718	4.784790
101.410204	8556.834821	14.641383	-0.023697	4.783455
101.475208	8551.940963	14.646387	-0.023712	4.782152
101.318941	8546.830514	14.651392	-0.023674	4.780783
101.290918	8541.672331	14.656397	-0.023667	4.779405
101.225356	8536.315369	14.661402	-0.023651	4.777972
101.291806	8530.945283	14.666407	-0.023666	4.776541
101.305096	8525.772758	14.671411	-0.023669	4.775160
101.229786	8520.573898	14.676416	-0.023650	4.773768
101.206440	8515.903818	14.681421	-0.023644	4.772518
101.155543	8510.725285	14.686426	-0.023632	4.771132
101.098406	8505.493166	14.691431	-0.023617	4.769731
101.111057	8500.393476	14.696435	-0.023620	4.768367
101.261649	8495.135993	14.701440	-0.023656	4.766966
101.145355	8489.970875	14.706445	-0.023627	4.765579
101.087791	8484.841723	14.711450	-0.023613	4.764203
101.047119	8480.015777	14.716455	-0.023603	4.762909
101.005817	8475.024615	14.721459	-0.023592	4.761571
101.119891	8469.672774	14.726464	-0.023619	4.760141
101.073651	8464.502417	14.731469	-0.023608	4.758753
100.947567	8458.912391	14.736474	-0.023577	4.757249
100.837235	8453.729168	14.741479	-0.023550	4.755855
101.018591	8448.500476	14.746483	-0.023593	4.754459
100.871990	8443.658411	14.751488	-0.023557	4.753154
100.940448	8438.663467	14.756493	-0.023573	4.751816
100.760043	8433.480453	14.761498	-0.023530	4.750417
100.983456	8428.316412	14.766503	-0.023583	4.749039
100.729030	8423.140610	14.771507	-0.023521	4.747638
100.601599	8418.032151	14.776512	-0.023490	4.746260
100.549859	8412.818635	14.781517	-0.023477	4.744856
100.485258	8407.852381	14.786522	-0.023461	4.743518
100.455855	8402.915906	14.791527	-0.023454	4.742189
100.480458	8397.758066	14.796531	-0.023459	4.740802
100.408843	8392.576790	14.801536	-0.023442	4.739405
100.418115	8387.166888	14.806541	-0.023443	4.737949
100.575488	8381.908998	14.811546	-0.023480	4.736539
100.565735	8376.706841	14.816551	-0.023478	4.735137
100.579222	8371.737876	14.821555	-0.023480	4.733799
100.516794	8366.741266	14.826560	-0.023465	4.732450
100.455164	8361.713560	14.831565	-0.023450	4.731092
100.520991	8356.453872	14.836570	-0.023465	4.729676
100.357336	8351.358989	14.841575	-0.023425	4.728295
100.340378	8346.143890	14.846579	-0.023421	4.726887
100.196252	8341.017904	14.851584	-0.023386	4.725497
100.219451	8335.958192	14.856589	-0.023391	4.724132
100.217371	8331.166136	14.861594	-0.023390	4.722837
100.169948	8325.997548	14.866599	-0.023378	4.721439
100.193174	8320.788547	14.871603	-0.023383	4.720032
100.154214	8315.247635	14.876608	-0.023373	4.718533
100.121055	8309.893457	14.881613	-0.023365	4.717084
100.018435	8304.755812	14.886618	-0.023340	4.715690
99.993582	8299.602049	14.891623	-0.023333	4.714294
100.038926	8294.813898	14.896627	-0.023344	4.713000
99.993478	8289.678921	14.901632	-0.023332	4.711608
99.892953	8284.555077	14.906637	-0.023308	4.710216
99.963173	8279.327053	14.911642	-0.023324	4.708803
99.896033	8274.172372	14.916647	-0.023308	4.707403
99.931365	8268.957419	14.921651	-0.023316	4.705991
99.735517	8263.841776	14.926656	-0.023268	4.704596
99.830198	8258.962627	14.931661	-0.023290	4.703277
99.765997	8253.934423	14.936666	-0.023275	4.701910
99.857378	8248.700799	14.941671	-0.023296	4.700493
99.754683	8243.544695	14.946675	-0.023271	4.699089
99.700236	8238.050482	14.951680	-0.023257	4.697595
99.765479	8232.985406	14.956685	-0.023272	4.696222
99.755290	8227.669231	14.961690	-0.023269	4.694777
99.728549	8222.837345	14.966695	-0.023263	4.693463
99.715553	8217.768157	14.971699	-0.023259	4.692084
99.760296	8212.607705	14.976704	-0.023269	4.690683
99.791434	8207.426797	14.981709	-0.023276	4.689275
99.601868	8202.306993	14.986714	-0.023230	4.687873
99.360961	8197.162363	14.991719	-0.023172	4.686463
99.488075	8191.971204	14.996723	-0.023202	4.685055
99.487731	8187.040981	15.001728	-0.023201	4.683712
99.412763	8182.144437	15.006733	-0.023183	4.682375
99.336325	8176.988375	15.011738	-0.023164	4.680967
99.322144	8171.790949	15.016743	-0.023160	4.679549
99.386766	8166.085951	15.021747	-0.023175	4.677996
99.341929	8160.926377	15.026752	-0.023164	4.676587
99.278167	8155.739305	15.031757	-0.023148	4.675169
99.270567	8150.822941	15.036762	-0.023146	4.673827
99.420379	8145.820402	15.041767	-0.023181	4.672468
99.322057	8140.667356	15.046771	-0.023157	4.671056
99.008558	8135.550865	15.051776	-0.023082	4.669645
99.106249	8130.346195	15.056781	-0.023105	4.668227
99.098373	8125.221366	15.061786	-0.023102	4.666826
99.069741	8120.029426	15.066791	-0.023095	4.665405
99.064734	8115.106983	15.071795	-0.023093	4.664059
99.007576	8110.061839	15.076800	-0.023079	4.662676
99.007793	8104.998880	15.081805	-0.023079	4.661290
99.036450	8099.747060	15.086810	-0.023085	4.659854
98.993957	8094.271003	15.091815	-0.023074	4.658352
98.995007	8089.081558	15.096819	-0.023074	4.656931
98.993609	8083.894086	15.101824	-0.023073	4.655510
98.944753	8078.952615	15.106829	-0.023061	4.654153
98.755322	8074.066797	15.111834	-0.023015	4.652805
98.677758	8068.894918	15.116839	-0.022996	4.651384
98.736290	8063.726898	15.121843	-0.023010	4.649968
98.739323	8058.551065	15.126848	-0.023010	4.648548
98.641140	8053.380426	15.131853	-0.022986	4.647124
98.629447	8048.263550	15.136858	-0.022983	4.645719
98.727784	8043.212498	15.141863	-0.023006	4.644336
98.636339	8038.419318	15.146867	-0.022984	4.643015
98.717648	8033.126285	15.151872	-0.023002	4.641564
98.663068	8028.032611	15.156877	-0.022989	4.640161
98.547279	8022.427009	15.161882	-0.022961	4.638615
98.587221	8017.155802	15.166887	-0.022970	4.637166
98.586412	8012.002798	15.171891	-0.022969	4.635748
98.510044	8006.929268	15.176896	-0.022950	4.634348
98.564402	8002.087984	15.181901	-0.022963	4.633018
98.313147	7996.884644	15.186906	-0.022902	4.631573
98.258301	7991.713728	15.191911	-0.022889	4.630146
98.274750	7986.599773	15.196915	-0.022892	4.628738
98.215886	7981.458741	15.201920	-0.022877	4.627318
98.229444	7976.252160	15.206925	-0.022880	4.625883
98.128543	7971.229746	15.211930	-0.022856	4.624493
98.178414	7966.364396	15.216935	-0.022867	4.623152
98.227441	7961.119449	15.221939	-0.022878	4.621707
98.197337	7956.044948	15.226944	-0.022871	4.620305
98.279113	7950.461104	15.231949	-0.022890	4.618766
98.084416	7945.295612	15.236954	-0.022843	4.617330
98.058796	7940.120182	15.241959	-0.022836	4.615899
98.113392	7935.085785	15.246963	-0.022848	4.614510
98.016909	7930.189179	15.251968	-0.022825	4.613151
97.998627	7925.024037	15.256973	-0.022820	4.611722
97.979700	7919.892195	15.261978	-0.022815	4.610301
97.768015	7914.724527	15.266983	-0.022764	4.608861
97.954719	7909.561274	15.271987	-0.022808	4.607440
97.846030	7904.400388	15.276992	-0.022782	4.606006
97.832181	7899.375520	15.281997	-0.022778	4.604613
97.920741	7894.450345	15.287002	-0.022798	4.603252
97.805523	7889.324558	15.292007	-0.022770	4.601826
97.839967	7884.216440	15.297011	-0.022778	4.600411
97.804123	7878.526083	15.302016	-0.022769	4.598831
97.619485	7873.319930	15.307021	-0.022724	4.597378
97.590091	7868.175492	15.312026	-0.022717	4.595949
97.463738	7863.208222	15.317031	-0.022686	4.594564
97.615548	7858.233892	15.322035	-0.022722	4.593189
97.432367	7853.082360	15.327040	-0.022678	4.591750
97.440171	7847.963985	15.332045	-0.022679	4.590327
97.358009	7842.738488	15.337050	-0.022659	4.588871
97.378144	7837.557313	15.342055	-0.022663	4.587431
97.323690	7832.428213	15.347059	-0.022650	4.586002
97.442321	7827.421367	15.352064	-0.022678	4.584614
97.285317	7822.479466	15.357069	-0.022640	4.583231
97.295377	7817.354532	15.362074	-0.022641	4.581805
97.362356	7812.175823	15.367079	-0.022657	4.580366
97.211878	7806.728843	15.372083	-0.022620	4.578841
97.100099	7801.514765	15.377088	-0.022593	4.577383
97.105843	7796.290734	15.382093	-0.022594	4.575927
97.097242	7791.408789	15.387098	-0.022592	4.574565
97.112583	7786.391160	15.392103	-0.022595	4.573166
97.177924	7781.281732	15.397107	-0.022610	4.571743
97.038143	7776.126354	15.402112	-0.022576	4.570298
97.062336	7770.919643	15.407117	-0.022581	4.568845
97.085671	7765.771721	15.412122	-0.022586	4.567409
97.113007	7760.561061	15.417127	-0.022592	4.565954
97.067060	7755.664728	15.422131	-0.022581	4.564583
97.026126	7750.723262	15.427136	-0.022571	4.563200
96.888443	7745.572879	15.432141	-0.022537	4.561753
96.993023	7740.327866	15.437146	-0.022562	4.560291
96.939464	7734.672580	15.442151	-0.022548	4.558706
96.834323	7729.512990	15.447155	-0.022523	4.557257
96.764827	7724.310082	15.452160	-0.022506	4.555797
96.818473	7719.437016	15.457165	-0.022518	4.554434
96.664660	7714.391889	15.462170	-0.022481	4.553013
96.727435	7709.218439	15.467175	-0.022495	4.551566
96.682736	7704.127036	15.472179	-0.022484	4.550137
96.629344	7698.806090	15.477184	-0.022471	4.548642
96.711895	7693.676530	15.482189	-0.022490	4.547207
96.511720	7688.542826	15.487194	-0.022442	4.545756
96.559002	7683.673757	15.492199	-0.022452	4.544392
96.558027	7678.687556	15.497203	-0.022452	4.542992
96.550341	7673.463993	15.502208	-0.022449	4.541524
96.630467	7667.983989	15.507213	-0.022468	4.539988
96.384890	7662.572029	15.512218	-0.022409	4.538455
96.443397	7657.467950	15.517223	-0.022422	4.537023
96.340372	7652.349556	15.522227	-0.022397	4.535578
96.324729	7647.507573	15.527232	-0.022393	4.534215
96.350858	7642.413736	15.532237	-0.022399	4.532783
96.401424	7637.197604	15.537242	-0.022410	4.531317
96.406954	7631.999666	15.542247	-0.022411	4.529853
96.367115	7626.835501	15.547251	-0.022401	4.528396
96.274965	7621.675270	15.552256	-0.022379	4.526938
96.347983	7616.570533	15.557261	-0.022395	4.525502
96.315968	7611.850608	15.562266	-0.022387	4.524170
96.314434	7606.620032	15.567271	-0.022386	4.522694
96.202707	7601.484100	15.572275	-0.022359	4.521240
96.147432	7595.995164	15.577280	-0.022346	4.519688
95.995386	7590.702672	15.582285	-0.022309	4.518186
96.076038	7585.471624	15.587290	-0.022327	4.516712
95.919353	7580.443111	15.592295	-0.022289	4.515284
95.907533	7575.578061	15.597299	-0.022286	4.513909
95.805290	7570.386623	15.602304	-0.022261	4.512436
95.813174	7565.298316	15.607309	-0.022263	4.510997
95.924548	7560.124334	15.612314	-0.022289	4.509539
95.838040	7554.821659	15.617319	-0.022268	4.508034
95.787865	7549.730657	15.622323	-0.022255	4.506591
95.845340	7544.792525	15.627328	-0.022268	4.505195
95.780321	7539.852769	15.632333	-0.022252	4.503793
95.768494	7534.658629	15.637338	-0.022249	4.502320
95.643754	7529.552858	15.642343	-0.022219	4.500867
95.643684	7523.987977	15.647347	-0.022218	4.499289
95.621920	7518.835993	15.652352	-0.022212	4.497827
95.634120	7513.661113	15.657357	-0.022215	4.496359
95.576071	7508.760739	15.662362	-0.022200	4.494966
95.655621	7503.718220	15.667367	-0.022219	4.493538
95.676041	7498.618284	15.672371	-0.022223	4.492091
95.615907	7493.491109	15.677376	-0.022209	4.490631
95.510077	7488.267008	15.682381	-0.022183	4.489141
95.511286	7483.088664	15.687386	-0.022182	4.487669
95.603561	7477.943383	15.692391	-0.022204	4.486211
95.463751	7473.155073	15.697395	-0.022170	4.484842
95.241356	7468.023929	15.702400	-0.022116	4.483370
95.346935	7462.938270	15.707405	-0.022141	4.481928
95.193102	7457.704321	15.712410	-0.022104	4.480430
95.072061	7452.180422	15.717415	-0.022074	4.478851
95.024927	7447.080517	15.722419	-0.022063	4.477395
95.132761	7441.937672	15.727424	-0.022088	4.475935
95.145201	7437.147080	15.732429	-0.022090	4.474570
95.195430	7431.906971	15.737434	-0.022102	4.473078
95.117365	7426.765469	15.742439	-0.022083	4.471607
95.267693	7421.614078	15.747443	-0.022118	4.470144
95.070207	7416.433507	15.752448	-0.022071	4.468655
95.240239	7411.192379	15.757453	-0.022111	4.467167
95.064417	7406.262844	15.762458	-0.022068	4.465750
94.968678	7401.365632	15.767463	-0.022045	4.464346
94.890072	7396.200533	15.772467	-0.022026	4.462865
94.838799	7390.965773	15.777472	-0.022013	4.461366
94.668777	7385.615133	15.782477	-0.021972	4.459826
94.695328	7380.377898	15.787482	-0.021977	4.458329
94.908000	7375.117193	15.792487	-0.022028	4.456834
94.725510	7370.264837	15.797491	-0.021984	4.455435
94.545428	7365.251257	15.802496	-0.021940	4.453990
94.608743	7360.108061	15.807501	-0.021955	4.452520
94.602578	7354.960329	15.812506	-0.021953	4.451044
94.675644	7349.702288	15.817511	-0.021970	4.449540
94.605266	7344.618356	15.822515	-0.021952	4.448078
94.527650	7339.422076	15.827520	-0.021933	4.446584
94.551053	7334.546793	15.832525	-0.021938	4.445186
94.439750	7329.476252	15.837530	-0.021911	4.443724
94.479072	7324.357809	15.842535	-0.021920	4.442256
94.407651	7319.068432	15.847539	-0.021903	4.440733
94.447235	7313.479813	15.852544	-0.021912	4.439129
94.264595	7308.356251	15.857549	-0.021867	4.437647
94.355097	7303.258469	15.862554	-0.021889	4.436185
94.266788	7298.427539	15.867559	-0.021867	4.434791
94.225723	7293.269726	15.872563	-0.021857	4.433304
94.352801	7288.040231	15.877568	-0.021887	4.431806
94.374131	7282.909423	15.882573	-0.021891	4.430329
94.232945	7277.774731	15.887578	-0.021857	4.428843
94.246059	7272.555675	15.892583	-0.021860	4.427340
94.253244	7267.535452	15.897587	-0.021861	4.425893
94.228724	7262.655708	15.902592	-0.021854	4.424484
94.167703	7257.527597	15.907597	-0.021839	4.423002
93.927278	7252.375033	15.912602	-0.021781	4.421503
94.037318	7246.769814	15.917607	-0.021807	4.419891
93.948874	7241.679051	15.922611	-0.021785	4.418416
93.907614	7236.472371	15.927616	-0.021775	4.416910
93.828778	7231.638320	15.932621	-0.021756	4.415509
93.733228	7226.595002	15.937626	-0.021732	4.414047
93.860420	7221.387965	15.942631	-0.021762	4.412548
93.807162	7216.279990	15.947635	-0.021749	4.411068
93.876421	7211.031854	15.952640	-0.021765	4.409553
93.758872	7205.973503	15.957645	-0.021737	4.408083
93.808175	7200.728198	15.962650	-0.021748	4.406567
93.838376	7195.994706	15.967655	-0.021755	4.405197
93.576313	7190.895420	15.972659	-0.021691	4.403706
93.697985	7185.752062	15.977664	-0.021720	4.402222
93.665084	7180.230374	15.982669	-0.021712	4.400620
93.494194	7174.885374	15.987674	-0.021670	4.399060
93.488323	7169.661891	15.992679	-0.021668	4.397545
93.419396	7164.729175	15.997683	-0.021651	4.396110
93.428667	7159.748378	16.002688	-0.021653	4.394664
93.300784	7154.621141	16.007693	-0.021622	4.393168
93.517334	7149.381344	16.012698	-0.021673	4.391658
93.472649	7144.223146	16.017703	-0.021662	4.390156
93.424248	7139.079217	16.022707	-0.021650	4.388658
93.459611	7133.860577	16.027712	-0.021658	4.387143
93.309716	7129.022030	16.032717	-0.021622	4.385727
93.365805	7124.000461	16.037722	-0.021635	4.384269
93.278914	7118.766514	16.042727	-0.021613	4.382740
93.343448	7113.529198	16.047731	-0.021628	4.381219
93.060171	7108.122760	16.052736	-0.021560	4.379629
93.048372	7103.017783	16.057741	-0.021557	4.378141
93.006495	7097.877235	16.062746	-0.021546	4.376640
92.953043	7093.085273	16.067751	-0.021533	4.375240
93.039136	7087.921429	16.072755	-0.021553	4.373738
93.061855	7082.730336	16.077760	-0.021558	4.372224
93.020151	7077.537921	16.082765	-0.021548	4.370706
93.118161	7072.353657	16.087770	-0.021570	4.369198
93.097852	7067.181206	16.092775	-0.021565	4.367686
93.096404	7062.204701	16.097779	-0.021564	4.366232
92.824819	7057.260495	16.102784	-0.021499	4.364772
93.005017	7052.126757	16.107789	-0.021541	4.363280
92.939123	7046.940959	16.112794	-0.021525	4.361760
92.799909	7041.317175	16.117799	-0.021491	4.360107
92.845968	7036.181661	16.122803	-0.021502	4.358606
92.696430	7031.047891	16.127808	-0.021466	4.357095
92.773806	7026.172268	16.132813	-0.021484	4.355671
92.760209	7021.099899	16.137818	-0.021480	4.354184
92.742792	7015.912832	16.142823	-0.021475	4.352662
92.584023	7010.813459	16.147827	-0.021437	4.351159
92.702528	7005.552615	16.152832	-0.021465	4.349622
92.682478	7000.370430	16.157837	-0.021459	4.348100
92.688465	6995.362813	16.162842	-0.021460	4.346631
92.553115	6990.511851	16.167847	-0.021427	4.345199
92.557352	6985.360198	16.172851	-0.021428	4.343686
92.340535	6980.229264	16.177856	-0.021376	4.342167
92.242490	6974.753064	16.182861	-0.021352	4.340552
92.364516	6969.562664	16.187866	-0.021380	4.339032
92.279322	6964.342740	16.192871	-0.021359	4.337492
92.295675	6959.481239	16.197875	-0.021363	4.336062
92.288548	6954.421055	16.202880	-0.021361	4.334573
92.301493	6949.270863	16.207885	-0.021363	4.333057
92.334602	6944.110210	16.212890	-0.021371	4.331539
92.322926	6938.895134	16.217895	-0.021367	4.330001
92.228731	6933.774712	16.222899	-0.021344	4.328487
92.211058	6928.644914	16.227904	-0.021340	4.326973
92.153727	6923.866192	16.232909	-0.021325	4.325561
92.107373	6918.700843	16.237914	-0.021314	4.324034
92.032782	6913.538417	16.242919	-0.021296	4.322506
92.057537	6907.984898	16.247923	-0.021301	4.320868
91.914465	6902.769456	16.252928	-0.021266	4.319319
91.898539	6897.575257	16.257933	-0.021262	4.317783
91.965714	6892.630170	16.262938	-0.021277	4.316325
91.779803	6887.658531	16.267943	-0.021233	4.314845
91.780391	6882.479284	16.272947	-0.021232	4.313313
91.832879	6877.276236	16.277952	-0.021244	4.311776
91.653584	6872.070391	16.282957	-0.021201	4.310225
91.837165	6866.915806	16.287962	-0.021244	4.308709
91.702215	6861.765396	16.292967	-0.021211	4.307176
91.766095	6857.008941	16.297971	-0.021226	4.305770
91.656858	6851.866704	16.302976	-0.021200	4.304240
91.609150	6846.696749	16.307981	-0.021188	4.302704
91.630319	6841.266171	16.312986	-0.021192	4.301094
91.590618	6836.035381	16.317991	-0.021182	4.299540
91.509162	6830.936421	16.322995	-0.021162	4.298022
91.578610	6825.938787	16.328000	-0.021178	4.296542
91.408103	6820.951809	16.333005	-0.021137	4.295051
91.443535	6815.766625	16.338010	-0.021145	4.293512
91.454737	6810.641465	16.343015	-0.021147	4.291989
91.372179	6805.437358	16.348019	-0.021127	4.290437
91.474870	6800.276355	16.353024	-0.021151	4.288907
91.439822	6795.118327	16.358029	-0.021142	4.287370
91.469773	6790.373338	16.363034	-0.021149	4.285959
91.367837	6785.177173	16.368039	-0.021124	4.284406
91.209506	6780.080702	16.373043	-0.021086	4.282879
91.115253	6774.528660	16.378048	-0.021063	4.281219
91.103587	6769.233082	16.383053	-0.021059	4.279639
91.192616	6764.068749	16.388058	-0.021080	4.278104
91.069194	6759.145857	16.393063	-0.021050	4.276629
91.019625	6754.145655	16.398067	-0.021038	4.275133
91.097446	6748.933463	16.403072	-0.021056	4.273582
91.062806	6743.828406	16.408077	-0.021047	4.272055
91.045147	6738.632061	16.413082	-0.021042	4.270502
91.051968	6733.393205	16.418087	-0.021044	4.268936
91.001339	6728.312471	16.423091	-0.021031	4.267414
90.909612	6723.380307	16.428096	-0.021009	4.265934
90.768160	6718.247703	16.433101	-0.020974	4.264390
90.742613	6713.067482	16.438106	-0.020968	4.262838
90.711591	6707.593101	16.443111	-0.020960	4.261197
90.840753	6702.408711	16.448115	-0.020990	4.259652
90.681802	6697.223639	16.453120	-0.020952	4.258089
90.638667	6692.359636	16.458125	-0.020941	4.256628
90.669667	6687.326785	16.463130	-0.020948	4.255121
90.658585	6682.159227	16.468135	-0.020945	4.253570
90.558282	6677.011927	16.473139	-0.020920	4.252020
90.529309	6671.778844	16.478144	-0.020913	4.250447
90.628609	6666.607993	16.483149	-0.020936	4.248901
90.677379	6661.556894	16.488154	-0.020947	4.247386
90.605817	6656.686829	16.493159	-0.020929	4.245918
90.465824	6651.577403	16.498163	-0.020895	4.244374
90.367293	6646.413012	16.503168	-0.020871	4.242815
90.433441	6640.687169	16.508173	-0.020887	4.241097
90.399343	6635.578535	16.513178	-0.020878	4.239557
90.272941	6630.366427	16.518183	-0.020847	4.237981
90.165347	6625.541283	16.523187	-0.020821	4.236521
90.174722	6620.474262	16.528192	-0.020823	4.234995
90.142280	6615.325077	16.533197	-0.020815	4.233441
90.018097	6610.151250	16.538202	-0.020784	4.231874
90.176309	6604.914696	16.543207	-0.020822	4.230304
90.157675	6599.817151	16.548211	-0.020817	4.228765
90.052860	6594.818019	16.553216	-0.020791	4.227250
90.071174	6589.864753	16.558221	-0.020795	4.225755
90.163219	6584.681718	16.563226	-0.020817	4.224195
90.097557	6579.476841	16.568231	-0.020800	4.222619
90.063500	6573.991992	16.573235	-0.020792	4.220959
90.025411	6568.785714	16.578240	-0.020782	4.219382
89.911110	6563.688252	16.583245	-0.020754	4.217833
89.995710	6558.932026	16.588250	-0.020774	4.216399
89.845400	6553.739120	16.593255	-0.020738	4.214818
89.815425	6548.618242	16.598259	-0.020730	4.213265
89.627871	6543.438704	16.603264	-0.020685	4.211685
89.760648	6538.265799	16.608269	-0.020716	4.210125
89.731871	6533.107175	16.613274	-0.020708	4.208560
89.673624	6528.188918	16.618279	-0.020694	4.207064
89.562073	6523.232576	16.623283	-0.020667	4.205554
89.537599	6518.021152	16.628288	-0.020661	4.203971
89.547921	6512.691708	16.633293	-0.020663	4.202353
89.511520	6507.230744	16.638298	-0.020653	4.200692
89.418167	6502.044192	16.643303	-0.020630	4.199111
89.289684	6497.100739	16.648307	-0.020599	4.197600
89.495206	6492.137826	16.653312	-0.020648	4.196104
89.350630	6486.989772	16.658317	-0.020613	4.194529
89.267855	6481.830363	16.663322	-0.020593	4.192954
89.462329	6476.601249	16.668327	-0.020639	4.191374
89.434007	6471.479980	16.673331	-0.020631	4.189813
89.307619	6466.284915	16.678336	-0.020601	4.188222
89.375197	6461.472034	16.683341	-0.020616	4.186760
89.235667	6456.391969	16.688346	-0.020582	4.185202
89.272473	6451.216146	16.693351	-0.020591	4.183626
89.191901	6445.829419	16.698355	-0.020571	4.181978
89.386837	6440.541028	16.703360	-0.020617	4.180375
89.280880	6435.367028	16.708365	-0.020591	4.178789
89.193547	6430.464144	16.713370	-0.020570	4.177286
89.101115	6425.427188	16.718375	-0.020547	4.175741
89.075848	6420.315329	16.723379	-0.020541	4.174177
88.837746	6415.167513	16.728384	-0.020483	4.172588
88.874237	6409.984903	16.733389	-0.020491	4.171005
88.882075	6404.804912	16.738394	-0.020493	4.169421
88.862391	6399.785367	16.743399	-0.020488	4.167883
88.882041	6394.913665	16.748403	-0.020492	4.166392
88.857370	6389.737801	16.753408	-0.020485	4.164805
88.891889	6384.540778	16.758413	-0.020493	4.163214
88.828715	6378.884921	16.763418	-0.020478	4.161476
88.726194	6373.726841	16.768423	-0.020453	4.159888
88.770380	6368.594016	16.773427	-0.020463	4.158315
88.746799	6363.752399	16.778432	-0.020457	4.156828
88.622306	6358.614767	16.783437	-0.020426	4.155242
88.630664	6353.449193	16.788442	-0.020428	4.153656
88.579806	6348.275239	16.793447	-0.020415	4.152063
88.579904	6343.110218	16.798451	-0.020415	4.150475
88.499349	6337.918877	16.803456	-0.020395	4.148873
88.582165	6333.002804	16.808461	-0.020414	4.147366
88.484743	6328.003396	16.813466	-0.020390	4.145821
88.400394	6322.787282	16.818471	-0.020370	4.144210
88.413278	6317.478460	16.823475	-0.020372	4.142576
88.363596	6312.217889	16.828480	-0.020360	4.140952
88.363463	6307.002977	16.833485	-0.020359	4.139344
88.278973	6302.022885	16.838490	-0.020339	4.137803
88.228593	6297.037720	16.843495	-0.020326	4.136262
88.066559	6291.905260	16.848499	-0.020287	4.134668
88.085843	6286.776237	16.853504	-0.020291	4.133086
88.108526	6281.548419	16.858509	-0.020296	4.131473
88.145466	6276.393472	16.863514	-0.020304	4.129882
88.016991	6271.321798	16.868519	-0.020273	4.128307
87.972544	6266.527668	16.873523	-0.020262	4.126821
88.028527	6261.307008	16.878528	-0.020275	4.125210
88.073195	6256.129020	16.883533	-0.020285	4.123611
88.081443	6250.502704	16.888538	-0.020286	4.121870
87.921295	6245.344709	16.893543	-0.020248	4.120262
87.945300	6240.204366	16.898547	-0.020253	4.118671
88.015443	6235.374787	16.903552	-0.020269	4.117179
87.890015	6230.243823	16.908557	-0.020239	4.115580
87.766433	6225.150746	16.913562	-0.020209	4.113993
87.798076	6219.915051	16.918567	-0.020216	4.112370
87.761077	6214.750858	16.923571	-0.020206	4.110765
87.722723	6209.490463	16.928576	-0.020197	4.109129
87.583837	6204.741254	16.933581	-0.020163	4.107645
87.661351	6199.691000	16.938586	-0.020181	4.106080
87.683749	6194.538557	16.943591	-0.020186	4.104480
87.630752	6189.199951	16.948595	-0.020173	4.102816
87.526829	6183.870046	16.953600	-0.020147	4.101151
87.416583	6178.712128	16.958605	-0.020121	4.099539
87.418274	6173.754646	16.963610	-0.020120	4.097995
87.535254	6168.691974	16.968615	-0.020148	4.096426
87.377496	6163.603008	16.973619	-0.020110	4.094830
87.288336	6158.490836	16.978624	-0.020088	4.093230
87.189773	6153.288559	16.983629	-0.020064	4.091602
87.140110	6148.096241	16.988634	-0.020051	4.089978
87.156203	6143.100359	16.993639	-0.020055	4.088420
87.170782	6138.221661	16.998643	-0.020058	4.086898
87.271319	6133.003097	17.003648	-0.020081	4.085274
87.266770	6127.790470	17.008653	-0.020080	4.083645
87.205266	6122.220331	17.013658	-0.020065	4.081900
87.240820	6117.010648	17.018663	-0.020073	4.080273
87.192427	6111.922311	17.023667	-0.020060	4.078678
87.044083	6107.054319	17.028672	-0.020024	4.077145
87.040302	6101.911761	17.033677	-0.020023	4.075535
87.088515	6096.770337	17.038682	-0.020034	4.073928
86.998829	6091.486427	17.043687	-0.020012	4.072266
86.905665	6086.364754	17.048691	-0.019989	4.070654
86.774594	6081.244121	17.053696	-0.019958	4.069040
86.761387	6076.444141	17.058701	-0.019954	4.067533
86.779029	6071.303295	17.063706	-0.019958	4.065921
86.683953	6066.115549	17.068711	-0.019934	4.064286
86.748488	6060.663872	17.073715	-0.019949	4.062578
86.689080	6055.529571	17.078720	-0.019935	4.060961
86.738753	6050.327739	17.083725	-0.019946	4.059329
86.630830	6045.496624	17.088730	-0.019920	4.057803
86.623795	6040.372277	17.093735	-0.019918	4.056190
86.617432	6035.182384	17.098739	-0.019916	4.054556
86.573576	6029.977698	17.103744	-0.019905	4.052915
86.518826	6024.850767	17.108749	-0.019891	4.051296
86.508337	6019.730436	17.113754	-0.019888	4.049682
86.505038	6014.767090	17.118759	-0.019887	4.048118
86.488898	6009.773730	17.123763	-0.019882	4.046542
86.485404	6004.653985	17.128768	-0.019881	4.044927
86.398690	5999.240354	17.133773	-0.019860	4.043212
86.212270	5993.906499	17.138778	-0.019815	4.041516
86.357430	5988.669775	17.143783	-0.019849	4.039872
86.387352	5983.735152	17.148787	-0.019856	4.038314
86.201397	5978.718827	17.153792	-0.019811	4.036716
86.282772	5973.585664	17.158797	-0.019830	4.035098
86.268145	5968.393014	17.163802	-0.019826	4.033455
86.137757	5963.219180	17.168807	-0.019794	4.031808
86.175125	5958.079879	17.173811	-0.019802	4.030184
86.123862	5953.083679	17.178816	-0.019790	4.028598
85.981239	5948.134513	17.183821	-0.019755	4.027020
85.950811	5943.024610	17.188826	-0.019747	4.025398
85.902376	5937.782815	17.193831	-0.019735	4.023732
85.864407	5932.249758	17.198835	-0.019725	4.021974
85.853566	5927.051642	17.203840	-0.019722	4.020324
85.857675	5922.063826	17.208845	-0.019723	4.018740
85.848194	5917.068101	17.213850	-0.019720	4.017153
85.821093	5911.872828	17.218855	-0.019713	4.015500
85.834615	5906.813384	17.223859	-0.019716	4.013892
85.680932	5901.599370	17.228864	-0.019679	4.012224
85.612483	5896.389935	17.233869	-0.019662	4.010562
85.664621	5891.421624	17.238874	-0.019674	4.008984
85.685221	5886.493379	17.243879	-0.019678	4.007416
85.608233	5881.334198	17.248883	-0.019659	4.005767
85.521057	5876.112750	17.253888	-0.019638	4.004097
85.535139	5870.523235	17.258893	-0.019641	4.002316
85.546281	5865.369373	17.263898	-0.019643	4.000673
85.579528	5860.311671	17.268903	-0.019650	3.999061
85.534493	5855.416576	17.273907	-0.019639	3.997496
85.441220	5850.272821	17.278912	-0.019616	3.995847
85.422830	5845.164922	17.283917	-0.019611	3.994213
85.426855	5839.928302	17.288922	-0.019612	3.992540
85.202855	5834.781120	17.293927	-0.019558	3.990879
85.238766	5829.729376	17.298931	-0.019566	3.989265
85.103519	5824.821961	17.303936	-0.019533	3.987686
85.172619	5819.644236	17.308941	-0.019549	3.986033
84.984568	5814.509599	17.313946	-0.019504	3.984375
84.962364	5809.014939	17.318951	-0.019498	3.982613
84.977555	5803.857390	17.323955	-0.019501	3.980961
84.959722	5798.823985	17.328960	-0.019496	3.979346
84.979953	5793.900168	17.333965	-0.019501	3.977768
85.032895	5788.710550	17.338970	-0.019513	3.976106
84.868407	5783.634415	17.343975	-0.019473	3.974465
85.058446	5778.389214	17.348979	-0.019518	3.972793
85.089515	5773.188453	17.353984	-0.019525	3.971124
84.960514	5768.159619	17.358989	-0.019493	3.969498
85.079500	5763.278902	17.363994	-0.019521	3.967937
84.870480	5758.115374	17.368999	-0.019471	3.966261
84.850464	5752.966289	17.374003	-0.019466	3.964603
84.908903	5747.389332	17.379008	-0.019479	3.962811
84.725391	5742.182513	17.384013	-0.019435	3.961121
84.546502	5737.168737	17.389018	-0.019391	3.959492
84.604195	5732.273904	17.394023	-0.019405	3.957918
84.622099	5727.061627	17.399027	-0.019409	3.956238
84.466530	5721.994899	17.404032	-0.019371	3.954592
84.595136	5716.756042	17.409037	-0.019401	3.952910
84.638964	5711.547581	17.414042	-0.019411	3.951231
84.362238	5706.513891	17.419047	-0.019344	3.949585
84.345670	5701.691945	17.424051	-0.019340	3.948025
84.416707	5696.459831	17.429056	-0.019356	3.946338
84.448796	5691.286714	17.434061	-0.019364	3.944667
84.348147	5685.873888	17.439066	-0.019339	3.942908
84.237544	5680.651757	17.444071	-0.019312	3.941210
84.270054	5675.641383	17.449075	-0.019319	3.939589
84.158841	5670.746525	17.454080	-0.019292	3.937995
84.147873	5665.588041	17.459085	-0.019289	3.936322
84.106066	5660.503985	17.464090	-0.019279	3.934670
84.092052	5655.217783	17.469095	-0.019275	3.932954
84.168412	5650.064950	17.474099	-0.019293	3.931287
84.165393	5644.983680	17.479104	-0.019291	3.929636
84.084662	5640.134025	17.484109	-0.019272	3.928055
84.174921	5635.018111	17.489114	-0.019293	3.926399
84.029927	5629.709560	17.494119	-0.019257	3.924662
83.883702	5624.181071	17.499123	-0.019222	3.922854
83.936254	5619.023646	17.504128	-0.019234	3.921179
83.868947	5613.961076	17.509133	-0.019217	3.919526
83.946851	5609.037183	17.514138	-0.019236	3.917928
83.742113	5603.890501	17.519143	-0.019186	3.916236
83.572291	5598.814976	17.524147	-0.019145	3.914569
83.545904	5593.620855	17.529152	-0.019138	3.912873
83.512412	5588.365519	17.534157	-0.019130	3.911156
83.693390	5583.375665	17.539162	-0.019173	3.909540
83.610540	5578.402452	17.544167	-0.019152	3.907910
83.609706	5573.311831	17.549171	-0.019152	3.906247
83.493928	5568.050294	17.554176	-0.019123	3.904519
83.646137	5562.594024	17.559181	-0.019159	3.902746
83.545634	5557.517057	17.564186	-0.019135	3.901078
83.478256	5552.494051	17.569191	-0.019118	3.899429
83.371650	5547.551535	17.574195	-0.019092	3.897804
83.330312	5542.415492	17.579200	-0.019082	3.896118
83.229470	5537.213999	17.584205	-0.019057	3.894406
83.429326	5532.028606	17.589210	-0.019104	3.892721
83.237811	5526.873834	17.594215	-0.019058	3.891017
83.307321	5521.942716	17.599219	-0.019074	3.889404
83.332084	5516.926634	17.604224	-0.019080	3.887759
83.264804	5511.792591	17.609229	-0.019063	3.886068
83.330977	5506.335437	17.614234	-0.019078	3.884280
83.267002	5500.905190	17.619239	-0.019063	3.882491
83.176808	5495.857342	17.624243	-0.019041	3.880824
83.011202	5490.945320	17.629248	-0.019000	3.879196
83.062672	5485.896582	17.634253	-0.019012	3.877538
83.028196	5480.721401	17.639258	-0.019004	3.875832
82.977139	5475.548447	17.644263	-0.018991	3.874124
82.902212	5470.414417	17.649267	-0.018972	3.872427
82.774925	5465.251844	17.654272	-0.018941	3.870715
82.706781	5460.429375	17.659277	-0.018925	3.869119
82.868722	5455.253434	17.664282	-0.018963	3.867424
82.728057	5450.169662	17.669287	-0.018929	3.865735
82.824875	5444.688692	17.674291	-0.018951	3.863932
82.831837	5439.478967	17.679296	-0.018953	3.862211
82.771343	5434.305677	17.684301	-0.018938	3.860497
82.796452	5429.518389	17.689306	-0.018943	3.858915
82.635022	5424.391235	17.694311	-0.018904	3.857207
82.663955	5419.256357	17.699315	-0.018910	3.855509
82.635161	5414.034993	17.704320	-0.018903	3.853778
82.487518	5408.932406	17.709325	-0.018867	3.852077
82.591172	5403.788371	17.714330	-0.018892	3.850380
82.456205	5398.988722	17.719335	-0.018859	3.848778
82.443140	5393.819071	17.724339	-0.018855	3.847062
82.389555	5388.644938	17.729344	-0.018842	3.845341
82.289513	5383.111414	17.734349	-0.018817	3.843496
82.369191	5377.963523	17.739354	-0.018836	3.841792
82.331395	5372.842719	17.744359	-0.018826	3.840088
82.374303	5367.972472	17.749363	-0.018836	3.838472
82.325224	5362.775160	17.754368	-0.018824	3.836739
82.187929	5357.689416	17.759373	-0.018791	3.835037
82.108062	5352.434441	17.764378	-0.018771	3.833281
82.003790	5347.321479	17.769383	-0.018746	3.831570
82.100436	5342.316750	17.774387	-0.018768	3.829910
81.963246	5337.358173	17.779392	-0.018735	3.828247
81.814823	5332.202206	17.784397	-0.018699	3.826516
81.880991	5326.931292	17.789402	-0.018714	3.824762
81.842291	5321.563324	17.794407	-0.018705	3.822967
81.912968	5316.341094	17.799411	-0.018721	3.821229
81.940664	5311.427200	17.804416	-0.018727	3.819589
81.798201	5306.418044	17.809421	-0.018693	3.817904
81.927726	5301.216273	17.814426	-0.018723	3.816174
81.930662	5296.029048	17.819431	-0.018723	3.814439
81.905764	5290.883208	17.824435	-0.018717	3.812715
81.714045	5285.741651	17.829440	-0.018670	3.810978
81.647358	5280.977211	17.834445	-0.018654	3.809377
81.607678	5275.823959	17.839450	-0.018644	3.807647
81.678762	5270.643868	17.844455	-0.018660	3.805915
81.501263	5264.969707	17.849459	-0.018617	3.803998
81.524302	5259.700536	17.854464	-0.018622	3.802231
81.519960	5254.652978	17.859469	-0.018621	3.800536
81.397192	5249.750184	17.864474	-0.018591	3.798879
81.421074	5244.558492	17.869479	-0.018596	3.797136
81.373883	5239.475620	17.874483	-0.018585	3.795424
81.484127	5234.217672	17.879488	-0.018610	3.793663
81.286585	5229.102787	17.884493	-0.018563	3.791927
81.315997	5224.103792	17.889498	-0.018569	3.790246
81.203450	5219.175973	17.894503	-0.018542	3.788577
81.183890	5213.966734	17.899507	-0.018537	3.786820
81.087424	5208.722181	17.904512	-0.018513	3.785044
81.090263	5203.373839	17.909517	-0.018513	3.783240
80.887762	5198.242124	17.914522	-0.018464	3.781493
80.944765	5193.338325	17.919527	-0.018477	3.779841
81.014548	5188.239628	17.924531	-0.018494	3.778125
81.048286	5183.059230	17.929536	-0.018501	3.776377
81.075891	5177.851253	17.934541	-0.018507	3.774618
81.183534	5172.687990	17.939546	-0.018533	3.772880
81.120810	5167.533486	17.944551	-0.018517	3.771131
81.049549	5162.730030	17.949555	-0.018500	3.769499
80.998416	5157.583024	17.954560	-0.018487	3.767751
80.969578	5152.369675	17.959565	-0.018479	3.765983
80.909107	5146.817239	17.964570	-0.018464	3.764095
80.860540	5141.653148	17.969575	-0.018452	3.762340
80.680014	5136.599540	17.974579	-0.018409	3.760611
80.717732	5131.675715	17.979584	-0.018417	3.758942
80.667450	5126.515482	17.984589	-0.018405	3.757185
80.730897	5121.347627	17.989594	-0.018419	3.755434
80.564175	5116.207533	17.994599	-0.018379	3.753673
80.626547	5111.008958	17.999603	-0.018393	3.751910
80.455683	5106.099470	18.004608	-0.018352	3.750226
80.607864	5101.062475	18.009613	-0.018388	3.748523
80.587457	5095.841823	18.014618	-0.018383	3.746743
80.546379	5090.477379	18.019623	-0.018372	3.744912
80.337974	5085.319628	18.024627	-0.018322	3.743136
80.331408	5080.114262	18.029632	-0.018320	3.741360
80.346852	5075.254671	18.034637	-0.018323	3.739703
80.220937	5070.157104	18.039642	-0.018292	3.737953
80.310359	5064.952843	18.044647	-0.018313	3.736182
80.252690	5059.831296	18.049651	-0.018299	3.734427
80.252336	5054.607390	18.054656	-0.018298	3.732641
80.340968	5049.549342	18.059661	-0.018319	3.730918
80.311704	5044.648166	18.064666	-0.018312	3.729238
80.162842	5039.506651	18.069671	-0.018276	3.727466
80.112296	5034.158552	18.074675	-0.018263	3.725630
80.132288	5028.780060	18.079680	-0.018267	3.723788
80.075797	5023.592515	18.084685	-0.018253	3.722005
79.966994	5018.702814	18.089690	-0.018227	3.720319
79.809068	5013.678742	18.094695	-0.018188	3.718582
79.882181	5008.498775	18.099699	-0.018205	3.716809
79.723548	5003.349770	18.104704	-0.018167	3.715027
79.727366	4998.189331	18.109709	-0.018167	3.713254
79.706268	4993.039984	18.114714	-0.018162	3.711482
79.627349	4988.157230	18.119719	-0.018143	3.709796
79.618876	4983.073190	18.124723	-0.018140	3.708045
79.569926	4977.844348	18.129728	-0.018128	3.706241
79.495831	4972.441941	18.134733	-0.018110	3.704373
79.568641	4967.251863	18.139738	-0.018127	3.702590
79.557949	4962.249750	18.144743	-0.018123	3.700864
79.544091	4957.315865	18.149747	-0.018120	3.699161
79.390244	4952.171620	18.154752	-0.018082	3.697373
79.445446	4946.978319	18.159757	-0.018095	3.695584
79.367339	4941.865355	18.164762	-0.018076	3.693811
79.322778	4936.663804	18.169767	-0.018065	3.692009
79.348479	4931.809054	18.174771	-0.018070	3.690332
79.330826	4926.664641	18.179776	-0.018066	3.688551
79.395350	4921.519321	18.184781	-0.018081	3.686775
79.265257	4915.960640	18.189786	-0.018049	3.684839
79.166328	4910.768583	18.194791	-0.018025	3.683032
79.388564	4905.697645	18.199795	-0.018078	3.681292
79.237425	4900.802986	18.204800	-0.018041	3.679582
79.243894	4895.588676	18.209805	-0.018042	3.677773
79.180924	4890.505047	18.214810	-0.018026	3.676003
79.137652	4885.279884	18.219815	-0.018016	3.674184
78.916100	4880.184518	18.224819	-0.017962	3.672395
78.945302	4875.185041	18.229824	-0.017969	3.670659
78.767740	4870.217829	18.234829	-0.017926	3.668917
78.760111	4865.086653	18.239834	-0.017923	3.667130
78.795313	4859.650973	18.244839	-0.017931	3.665241
78.833316	4854.398387	18.249843	-0.017940	3.663414
78.810576	4849.263320	18.254848	-0.017934	3.661622
78.732340	4844.434144	18.259853	-0.017915	3.659932
78.727713	4839.253099	18.264858	-0.017913	3.658124
78.633416	4834.106069	18.269863	-0.017890	3.656319
78.678086	4828.896816	18.274867	-0.017900	3.654504
78.745682	4823.730160	18.279872	-0.017916	3.652704
78.610108	4818.825801	18.284877	-0.017883	3.650978
78.602507	4813.807218	18.289882	-0.017881	3.649222
78.598194	4808.551194	18.294887	-0.017879	3.647383
78.479283	4803.122263	18.299891	-0.017850	3.645472
78.361783	4797.909743	18.304896	-0.017822	3.643637
78.326475	4792.764608	18.309901	-0.017813	3.641831
78.262422	4787.963725	18.314906	-0.017797	3.640142
78.307238	4782.733844	18.319911	-0.017807	3.638311
78.126174	4777.658290	18.324915	-0.017763	3.636514
78.125660	4772.426839	18.329920	-0.017763	3.634677
78.103993	4767.260917	18.334925	-0.017757	3.632861
78.124292	4762.332486	18.339930	-0.017761	3.631130
78.047032	4757.338681	18.344935	-0.017742	3.629367
78.061468	4752.156476	18.349939	-0.017745	3.627545
78.046006	4746.761579	18.354944	-0.017741	3.625645
78.014820	4741.555908	18.359949	-0.017733	3.623809
78.063269	4736.410555	18.364954	-0.017744	3.622000
78.021250	4731.535044	18.369959	-0.017734	3.620278
77.838312	4726.415697	18.374963	-0.017689	3.618456
77.894645	4721.237094	18.379968	-0.017702	3.616634
77.753842	4716.059687	18.384973	-0.017668	3.614794
77.912197	4710.903811	18.389978	-0.017706	3.612986
77.792688	4705.957878	18.394983	-0.017677	3.611228
77.927560	4700.797741	18.399987	-0.017708	3.609415
77.829417	4695.657431	18.404992	-0.017684	3.607588
77.795506	4690.112525	18.409997	-0.017676	3.605622
77.758490	4684.874588	18.415002	-0.017666	3.603764
77.588629	4679.770569	18.420007	-0.017625	3.601941
77.596167	4674.866078	18.425011	-0.017627	3.600203
77.474068	4669.707098	18.430016	-0.017597	3.598362
77.480658	4664.551771	18.435021	-0.017598	3.596533
77.520807	4659.390824	18.440026	-0.017607	3.594704
77.398455	4654.239892	18.445031	-0.017577	3.592864
77.335847	4649.302664	18.450035	-0.017562	3.591104
77.389664	4644.224262	18.455040	-0.017574	3.589303
77.368386	4639.080005	18.460045	-0.017569	3.587471
77.407704	4633.628839	18.465050	-0.017577	3.585534
77.246402	4628.473649	18.470055	-0.017538	3.583684
77.293792	4623.415168	18.475059	-0.017549	3.581886
77.370246	4618.416833	18.480064	-0.017567	3.580110
77.204582	4613.296025	18.485069	-0.017527	3.578269
77.265641	4608.171816	18.490074	-0.017541	3.576446
77.201214	4602.978027	18.495079	-0.017525	3.574586
76.985995	4597.881013	18.500083	-0.017473	3.572746
77.011735	4593.002229	18.505088	-0.017479	3.571005
76.948735	4587.902488	18.510093	-0.017463	3.569176
76.999361	4582.715327	18.515098	-0.017475	3.567324
76.919382	4577.154240	18.520103	-0.017455	3.565326
76.809674	4571.979256	18.525107	-0.017428	3.563463
76.887993	4567.009525	18.530112	-0.017447	3.561689
76.872427	4561.968016	18.535117	-0.017443	3.559880
76.892938	4556.816579	18.540122	-0.017447	3.558034
76.849317	4551.636763	18.545127	-0.017436	3.556171
76.796128	4546.520292	18.550131	-0.017423	3.554330
76.742098	4541.375426	18.555136	-0.017409	3.552476
76.602168	4536.595872	18.560141	-0.017375	3.550746
76.537590	4531.461476	18.565146	-0.017359	3.548893
76.546110	4526.164999	18.570151	-0.017361	3.546988
76.346660	4520.854662	18.575155	-0.017313	3.545059
76.477196	4515.676500	18.580160	-0.017344	3.543205
76.245228	4510.765434	18.585165	-0.017288	3.541414
76.397066	4505.704953	18.590170	-0.017323	3.539603
76.330797	4500.539643	18.595175	-0.017307	3.537734
76.350670	4495.339153	18.600179	-0.017311	3.535858
76.402899	4490.186913	18.605184	-0.017323	3.534002
76.203918	4485.208979	18.610189	-0.017275	3.532186
76.223720	4480.234229	18.615194	-0.017279	3.530389
76.226383	4475.079904	18.620199	-0.017280	3.528525
76.175877	4469.614753	18.625203	-0.017267	3.526542
76.082815	4464.320224	18.630208	-0.017244	3.524617
75.954731	4459.213140	18.635213	-0.017213	3.522755
75.977331	4454.411996	18.640218	-0.017218	3.521016
75.911931	4449.163678	18.645223	-0.017202	3.519107
76.118244	4444.053031	18.650227	-0.017251	3.517271
75.885660	4438.901294	18.655232	-0.017195	3.515380
75.941085	4433.682643	18.660237	-0.017207	3.513489
75.831217	4428.832937	18.665242	-0.017181	3.511716
75.849797	4423.692487	18.670247	-0.017185	3.509849
75.748949	4418.559936	18.675251	-0.017160	3.507972
75.762468	4413.109869	18.680256	-0.017163	3.505989
75.688644	4407.917098	18.685261	-0.017145	3.504091
75.747752	4402.880373	18.690266	-0.017158	3.502261
75.769499	4397.911319	18.695271	-0.017163	3.500451
75.531285	4392.817048	18.700275	-0.017105	3.498571
75.561438	4387.623670	18.705280	-0.017112	3.496678
75.547049	4382.463141	18.710285	-0.017108	3.494792
75.479690	4377.323911	18.715290	-0.017092	3.492908
75.430630	4372.462018	18.720295	-0.017079	3.491126
75.449292	4367.319275	18.725299	-0.017083	3.489246
75.447170	4361.987557	18.730304	-0.017082	3.487295
75.330307	4356.604349	18.735309	-0.017054	3.485313
75.462735	4351.395352	18.740314	-0.017085	3.483416
75.430003	4346.500037	18.745319	-0.017077	3.481619
75.405401	4341.396717	18.750323	-0.017070	3.479745
75.301021	4336.232197	18.755328	-0.017045	3.477839
75.289172	4331.042810	18.760333	-0.017042	3.475933
75.188845	4325.933116	18.765338	-0.017017	3.474046
75.106357	4320.972841	18.770343	-0.016997	3.472215
75.075940	4315.942571	18.775347	-0.016989	3.470362
75.015704	4310.814864	18.780352	-0.016974	3.468470
74.887589	4305.388519	18.785357	-0.016943	3.466460
75.040537	4300.185247	18.790362	-0.016979	3.464557
74.846233	4295.178231	18.795367	-0.016932	3.462693
74.799530	4290.230307	18.800371	-0.016920	3.460864
74.745821	4285.100714	18.805376	-0.016907	3.458966
74.858909	4279.858698	18.810381	-0.016934	3.457042
74.621514	4274.752957	18.815386	-0.016876	3.455133
74.615617	4269.585097	18.820391	-0.016875	3.453223
74.634714	4264.759745	18.825395	-0.016879	3.451440
74.683139	4259.568341	18.830400	-0.016890	3.449524
74.575942	4254.281346	18.835405	-0.016864	3.447556
74.620610	4248.876817	18.840410	-0.016874	3.445558
74.569052	4243.718985	18.845415	-0.016861	3.443642
74.566612	4238.803109	18.850419	-0.016860	3.441818
74.587724	4233.643221	18.855424	-0.016864	3.439906
74.494776	4228.515443	18.860429	-0.016842	3.437993
74.481723	4223.342328	18.865434	-0.016838	3.436071
74.465015	4218.179769	18.870439	-0.016834	3.434150
74.381711	4213.127014	18.875443	-0.016813	3.432263
74.405323	4208.012686	18.880448	-0.016818	3.430363
74.271882	4202.904671	18.885453	-0.016786	3.428448
74.220108	4197.512945	18.890458	-0.016773	3.426435
74.272507	4192.277637	18.895463	-0.016785	3.424489
74.097409	4187.346573	18.900467	-0.016743	3.422633
74.079487	4182.361031	18.905472	-0.016738	3.420771
74.000804	4177.182356	18.910477	-0.016719	3.418830
74.073828	4172.007637	18.915482	-0.016735	3.416904
73.832819	4166.887600	18.920487	-0.016677	3.414967
73.977280	4161.799590	18.925491	-0.016711	3.413078
73.930996	4156.876209	18.930496	-0.016700	3.411232
74.010870	4151.681977	18.935501	-0.016718	3.409295
73.879267	4146.286212	18.940506	-0.016686	3.407261
73.920379	4140.980613	18.945511	-0.016696	3.405276
73.885842	4135.884916	18.950515	-0.016687	3.403362
73.822855	4131.015725	18.955520	-0.016672	3.401528
73.740213	4125.818424	18.960525	-0.016651	3.399569
73.619469	4120.689693	18.965530	-0.016622	3.397631
73.695291	4115.505491	18.970535	-0.016640	3.395689
73.588944	4110.351568	18.975539	-0.016614	3.393741
73.590727	4105.486925	18.980544	-0.016614	3.391910
73.565553	4100.357520	18.985549	-0.016607	3.389976
73.567179	4095.141241	18.990554	-0.016607	3.388011
73.474280	4089.767921	18.995559	-0.016584	3.385977
73.437065	4084.610115	19.000563	-0.016575	3.384028
73.413132	4079.715660	19.005568	-0.016569	3.382178
73.181141	4074.678026	19.010573	-0.016513	3.380253
73.285790	4069.530885	19.015578	-0.016537	3.378319
73.385722	4064.282199	19.020583	-0.016561	3.376344
73.155013	4059.186288	19.025587	-0.016505	3.374394
73.096538	4054.304955	19.030592	-0.016490	3.372541
73.171442	4049.160737	19.035597	-0.016508	3.370600
73.075538	4043.990741	19.040602	-0.016484	3.368632
73.096841	4038.478714	19.045607	-0.016489	3.366544
73.152127	4033.317447	19.050611	-0.016502	3.364592
73.094032	4028.377924	19.055616	-0.016487	3.362711
73.167583	4023.238272	19.060621	-0.016504	3.360766
73.083071	4018.155262	19.065626	-0.016484	3.358826
72.913282	4012.995773	19.070631	-0.016443	3.356848
72.959793	4007.784356	19.075635	-0.016453	3.354869
72.850414	4002.841508	19.080640	-0.016427	3.352977
72.791216	3997.812945	19.085645	-0.016412	3.351056
72.830894	3992.645052	19.090650	-0.016421	3.349090
72.656457	3987.254852	19.095655	-0.016379	3.347017
72.666202	3982.073238	19.100659	-0.016380	3.345041
72.624487	3977.107666	19.105664	-0.016370	3.343141
72.545734	3972.057450	19.110669	-0.016351	3.341203
72.519687	3966.918758	19.115674	-0.016344	3.339237
72.476613	3961.710063	19.120679	-0.016333	3.337240
72.521753	3956.577504	19.125683	-0.016343	3.335280
72.655691	3951.513389	19.130688	-0.016375	3.333355
72.426669	3946.592625	19.135693	-0.016320	3.331446
72.364137	3941.442800	19.140698	-0.016304	3.329466
72.360720	3935.911081	19.145703	-0.016303	3.327343
72.354394	3930.731668	19.150707	-0.016301	3.325355
72.320714	3925.701540	19.155712	-0.016292	3.323419
72.181409	3920.739627	19.160717	-0.016259	3.321498
72.078501	3915.605433	19.165722	-0.016234	3.319514
72.150846	3910.380943	19.170727	-0.016250	3.317511
72.116439	3905.265656	19.175731	-0.016242	3.315538
72.080621	3900.199174	19.180736	-0.016233	3.313583
72.021166	3895.256134	19.185741	-0.016218	3.311672
72.041369	3890.110340	19.190746	-0.016222	3.309689
72.017459	3884.678451	19.195751	-0.016216	3.307590
71.950252	3879.513684	19.200755	-0.016199	3.305589
71.911577	3874.493939	19.205760	-0.016190	3.303646
72.054844	3869.459525	19.210765	-0.016223	3.301714
72.073961	3864.302033	19.215770	-0.016227	3.299721
71.807425	3859.140527	19.220775	-0.016163	3.297696
71.790991	3854.022161	19.225779	-0.016159	3.295712
71.804418	3848.998803	19.230784	-0.016162	3.293767
71.693709	3844.053308	19.235789	-0.016135	3.291837
71.596184	3838.947968	19.240794	-0.016111	3.289847
71.535418	3833.393813	19.245799	-0.016096	3.287684
71.599044	3828.170890	19.250803	-0.016110	3.285661
71.531561	3823.128241	19.255808	-0.016094	3.283694
71.499583	3818.167433	19.260813	-0.016086	3.281761
71.373925	3813.062151	19.265818	-0.016055	3.279762
71.294964	3807.851387	19.270823	-0.016036	3.277724
71.420218	3802.646184	19.275827	-0.016065	3.275709
71.340208	3797.536637	19.280832	-0.016046	3.273708
71.118505	3792.554550	19.285837	-0.015992	3.271741
71.209491	3787.447088	19.290842	-0.016013	3.269757
71.184650	3781.981396	19.295847	-0.016007	3.267619
71.265137	3776.796885	19.300851	-0.016026	3.265601
71.160738	3771.790385	19.305856	-0.016000	3.263632
71.121594	3766.808528	19.310861	-0.015990	3.261679
71.023791	3761.698754	19.315866	-0.015966	3.259667
71.043322	3756.499346	19.320871	-0.015971	3.257632
71.132370	3751.311573	19.325875	-0.015991	3.255608
70.941817	3746.412934	19.330880	-0.015945	3.253666
70.955989	3741.320740	19.335885	-0.015948	3.251668
70.893913	3736.191787	19.340890	-0.015933	3.249647
70.840909	3730.684049	19.345895	-0.015920	3.247477
70.839223	3725.517732	19.350899	-0.015919	3.245444
70.794982	3720.533446	19.355904	-0.015908	3.243478
70.762178	3715.476994	19.360909	-0.015899	3.241484
70.661340	3710.358048	19.365914	-0.015875	3.239456
70.597119	3705.184186	19.370919	-0.015859	3.237409
70.520100	3700.041600	19.375923	-0.015840	3.235372
70.684506	3695.071115	19.380928	-0.015879	3.233427
70.483221	3689.987420	19.385933	-0.015830	3.231398
70.498831	3684.827858	19.390938	-0.015833	3.229360
70.484592	3679.408956	19.395943	-0.015829	3.227215
70.507801	3674.271359	19.400947	-0.015835	3.225184
70.384227	3669.395016	19.405952	-0.015805	3.223240
70.379320	3664.277664	19.410957	-0.015803	3.221211
70.359226	3659.157417	19.415962	-0.015798	3.219179
70.338274	3653.923440	19.420967	-0.015792	3.217100
70.336709	3648.825163	19.425971	-0.015791	3.215076
70.100680	3643.989325	19.430976	-0.015734	3.213129
70.136347	3638.816609	19.435981	-0.015742	3.211077
70.189025	3633.531148	19.440986	-0.015754	3.208980
70.070425	3628.261150	19.445991	-0.015725	3.206870
69.877937	3623.185579	19.450995	-0.015679	3.204827
69.902936	3618.229595	19.456000	-0.015684	3.202855
69.951206	3613.058231	19.461005	-0.015695	3.200798
69.947391	3607.872281	19.466010	-0.015694	3.198728
69.831876	3602.724798	19.471015	-0.015666	3.196660
69.791239	3597.675113	19.476019	-0.015656	3.194638
69.747605	3592.728596	19.481024	-0.015645	3.192655
69.694575	3587.554476	19.486029	-0.015632	3.190579
69.767760	3582.185593	19.491034	-0.015649	3.188438
69.515422	3577.027565	19.496039	-0.015588	3.186344
69.612181	3571.980896	19.501043	-0.015610	3.184332
69.477327	3566.994439	19.506048	-0.015578	3.182317
69.552230	3561.799892	19.511053	-0.015595	3.180240
69.505224	3556.645933	19.516058	-0.015583	3.178165
69.412224	3551.493966	19.521063	-0.015561	3.176084
69.469458	3546.494420	19.526067	-0.015574	3.174080
69.538906	3541.456657	19.531072	-0.015590	3.172060
69.411523	3536.225662	19.536077	-0.015559	3.169939
69.276409	3530.851634	19.541082	-0.015526	3.167759
69.350840	3525.651442	19.546087	-0.015543	3.165670
69.405511	3520.684388	19.551091	-0.015556	3.163672
69.237843	3515.631524	19.556096	-0.015515	3.161614
69.248008	3510.446656	19.561101	-0.015517	3.159520
69.134919	3505.284421	19.566106	-0.015490	3.157421
69.177074	3500.118474	19.571111	-0.015499	3.155335
69.110222	3495.279650	19.576115	-0.015483	3.153369
69.052826	3490.122282	19.581120	-0.015469	3.151274
68.904566	3484.820916	19.586125	-0.015433	3.149108
69.008248	3479.578509	19.591130	-0.015457	3.146993
68.825637	3474.522282	19.596135	-0.015413	3.144921
68.825424	3469.555955	19.601139	-0.015412	3.142904
68.712667	3464.421128	19.606144	-0.015385	3.140804
68.740577	3459.227940	19.611149	-0.015391	3.138695
68.617361	3454.123668	19.616154	-0.015361	3.136604
68.733040	3449.092511	19.621159	-0.015388	3.134568
68.702272	3444.086661	19.626163	-0.015380	3.132525
68.673351	3438.889939	19.631168	-0.015373	3.130402
68.432635	3433.327040	19.636173	-0.015315	3.128105
68.467271	3428.170559	19.641178	-0.015323	3.126004
68.414350	3423.218972	19.646183	-0.015310	3.123974
68.497730	3418.055019	19.651187	-0.015329	3.121872
68.439040	3412.910998	19.656192	-0.015314	3.119761
68.336326	3407.775831	19.661197	-0.015289	3.117647
68.399224	3402.629479	19.666202	-0.015304	3.115545
68.365791	3397.725689	19.671207	-0.015296	3.113531
68.357486	3392.575434	19.676211	-0.015293	3.111417
68.254621	3387.264142	19.681216	-0.015268	3.109225
68.218700	3382.003365	19.686221	-0.015259	3.107059
68.291916	3376.965678	19.691226	-0.015276	3.104996
68.198641	3371.945759	19.696231	-0.015253	3.102921
68.062592	3366.843347	19.701235	-0.015220	3.100805
67.961304	3361.728737	19.706240	-0.015195	3.098686
67.968077	3356.531540	19.711245	-0.015196	3.096544
68.011256	3351.569131	19.716250	-0.015206	3.094502
67.878060	3346.509457	19.721255	-0.015174	3.092398
67.836428	3341.237345	19.726259	-0.015163	3.090216
67.835843	3335.883530	19.731264	-0.015163	3.088002
67.858684	3330.707323	19.736269	-0.015168	3.085864
67.750793	3325.859981	19.741274	-0.015141	3.083845
67.796850	3320.662405	19.746279	-0.015152	3.081697
67.686141	3315.516785	19.751283	-0.015125	3.079552
67.682996	3310.325145	19.756288	-0.015124	3.077398
67.645037	3305.299513	19.761293	-0.015114	3.075307
67.601237	3300.333799	19.766298	-0.015103	3.073239
67.544166	3295.180691	19.771303	-0.015089	3.071091
67.457240	3289.785978	19.776307	-0.015068	3.068837
67.364746	3284.673490	19.781312	-0.015045	3.066698
67.412503	3279.657130	19.786317	-0.015056	3.064614
67.441591	3274.582011	19.791322	-0.015063	3.062502
67.429122	3269.441989	19.796327	-0.015059	3.060357
67.284770	3264.292530	19.801331	-0.015024	3.058190
67.320670	3259.136468	19.806336	-0.015032	3.056041
67.436576	3254.216873	19.811341	-0.015059	3.053998
67.251123	3249.129365	19.816346	-0.015015	3.051848
67.176068	3243.702052	19.821351	-0.014996	3.049568
67.093967	3238.476013	19.826355	-0.014976	3.047369
67.068595	3233.452220	19.831360	-0.014969	3.045260
66.940854	3228.408689	19.836365	-0.014938	3.043129
66.921515	3223.286880	19.841370	-0.014933	3.040977
66.800196	3218.131353	19.846375	-0.014904	3.038797
66.827615	3212.955417	19.851379	-0.014910	3.036624
66.833529	3208.045194	19.856384	-0.014911	3.034559
66.766976	3202.916349	19.861389	-0.014894	3.032392
66.790543	3197.642751	19.866394	-0.014899	3.030173
66.769556	3192.363392	19.871399	-0.014894	3.027945
66.772159	3187.286904	19.876403	-0.014894	3.025804
66.581734	3182.360301	19.881408	-0.014848	3.023701
66.584064	3177.183179	19.886413	-0.014848	3.021514
66.661412	3171.981170	19.891418	-0.014866	3.019324
66.664828	3166.819341	19.896423	-0.014866	3.017141
66.597209	3161.877457	19.901427	-0.014850	3.015040
66.448370	3156.850122	19.906432	-0.014814	3.012892
66.336768	3151.573710	19.911437	-0.014786	3.010641
66.382802	3146.197698	19.916442	-0.014797	3.008366
66.224783	3141.110055	19.921447	-0.014759	3.006186
66.255838	3136.171469	19.926451	-0.014766	3.004091
66.200661	3131.039922	19.931456	-0.014752	3.001903
66.237104	3125.839145	19.936461	-0.014760	2.999694
66.259212	3120.673374	19.941466	-0.014765	2.997497
66.130401	3115.588032	19.946471	-0.014734	2.995314
66.066017	3110.560547	19.951475	-0.014718	2.993162
65.926813	3105.361329	19.956480	-0.014684	2.990926
65.914607	3100.015142	19.961485	-0.014680	2.988641
65.841069	3094.899352	19.966490	-0.014662	2.986445
65.812266	3089.994926	19.971495	-0.014655	2.984344
65.872041	3084.830271	19.976499	-0.014669	2.982140
65.733683	3079.712153	19.981504	-0.014635	2.979931
65.698450	3074.583713	19.986509	-0.014626	2.977728
65.799617	3069.582310	19.991514	-0.014650	2.975594
65.865450	3064.506592	19.996519	-0.014665	2.973423
65.872324	3059.232776	20.001523	-0.014666	2.971158
65.780038	3053.855635	20.006528	-0.014644	2.968835
65.706174	3048.702299	20.011533	-0.014626	2.966608
65.555134	3043.843129	20.016538	-0.014589	2.964497
65.546479	3038.619329	20.021543	-0.014587	2.962245
65.432960	3033.452011	20.026547	-0.014559	2.960003
65.471240	3028.284876	20.031552	-0.014568	2.957777
65.245228	3023.359330	20.036557	-0.014513	2.955622
65.310661	3018.302518	20.041562	-0.014528	2.953444
65.237377	3013.057659	20.046567	-0.014510	2.951166
65.229900	3007.741735	20.051571	-0.014508	2.948864
65.058336	3002.676693	20.056576	-0.014466	2.946648
65.080995	2997.710826	20.061581	-0.014471	2.944498
65.241201	2992.498224	20.066586	-0.014509	2.942257
65.145497	2987.340211	20.071591	-0.014486	2.940005
65.054686	2982.198429	20.076595	-0.014463	2.937760
65.102407	2977.248189	20.081600	-0.014474	2.935613
65.061004	2972.147961	20.086605	-0.014464	2.933388
65.126081	2966.876154	20.091610	-0.014479	2.931100
64.827977	2961.579359	20.096615	-0.014407	2.928754
64.935090	2956.454687	20.101619	-0.014432	2.926532
64.816729	2951.521955	20.106624	-0.014404	2.924364
64.700243	2946.377366	20.111629	-0.014375	2.922102
64.672180	2941.218387	20.116634	-0.014368	2.919843
64.752241	2936.038553	20.121639	-0.014387	2.917586
64.624587	2931.142317	20.126643	-0.014356	2.915426
64.632988	2926.035176	20.131648	-0.014357	2.913189
64.648293	2920.674480	20.136653	-0.014360	2.910840
64.652206	2915.450100	20.141658	-0.014361	2.908548
64.648907	2910.409551	20.146663	-0.014359	2.906333
64.499598	2905.436491	20.151667	-0.014323	2.904128
64.421955	2900.244300	20.156672	-0.014304	2.901834
64.248528	2895.105323	20.161677	-0.014262	2.899550
64.223062	2889.994083	20.166682	-0.014256	2.897294
64.188928	2885.096015	20.171687	-0.014247	2.895130
64.218738	2879.947531	20.176691	-0.014254	2.892862
64.122878	2874.518101	20.181696	-0.014230	2.890452
64.095926	2869.266649	20.186701	-0.014223	2.888127
64.079329	2864.306378	20.191706	-0.014219	2.885931
64.036053	2859.238520	20.196711	-0.014208	2.883682
63.934494	2854.072573	20.201715	-0.014183	2.881380
64.013060	2848.882932	20.206720	-0.014201	2.879089
63.954890	2843.793517	20.211725	-0.014187	2.876823
63.984862	2838.819455	20.216730	-0.014194	2.874618
63.881140	2833.683879	20.221735	-0.014168	2.872322
63.872696	2828.296615	20.226739	-0.014166	2.869925
63.668076	2823.185677	20.231744	-0.014116	2.867623
63.730813	2818.247368	20.236749	-0.014131	2.865431
63.731704	2813.102008	20.241754	-0.014131	2.863137
63.718304	2807.967748	20.246759	-0.014127	2.860844
63.617229	2802.787796	20.251763	-0.014102	2.858517
63.662208	2797.797672	20.256768	-0.014113	2.856293
63.578894	2792.756195	20.261773	-0.014092	2.854027
63.495274	2787.488797	20.266778	-0.014072	2.851658
63.577850	2782.107437	20.271783	-0.014091	2.849258
63.460170	2777.071168	20.276787	-0.014062	2.846984
63.550756	2772.023068	20.281792	-0.014083	2.844731
63.362581	2766.919003	20.286797	-0.014038	2.842414
63.350503	2761.690408	20.291802	-0.014035	2.840062
63.120534	2756.616884	20.296807	-0.013979	2.837749
63.135539	2751.667600	20.301811	-0.013982	2.835523
63.136218	2746.568490	20.306816	-0.013982	2.833225
63.017511	2741.205533	20.311821	-0.013953	2.830791
62.948661	2736.060052	20.316826	-0.013936	2.828459
63.104597	2731.026749	20.321831	-0.013973	2.826207
62.976335	2725.959612	20.326835	-0.013942	2.823899
62.935899	2720.812163	20.331840	-0.013931	2.821565
62.952160	2715.630221	20.336845	-0.013935	2.819220
62.989131	2710.565597	20.341850	-0.013943	2.816930
62.895324	2705.591833	20.346855	-0.013920	2.814661
62.942384	2700.346095	20.351859	-0.013931	2.812287
62.806421	2694.964436	20.356864	-0.013898	2.809823
62.793341	2689.821648	20.361869	-0.013894	2.807483
62.629985	2684.904503	20.366874	-0.013855	2.805223
62.597542	2679.760824	20.371879	-0.013847	2.802876
62.482723	2674.604769	20.376883	-0.013819	2.800510
62.509609	2669.461109	20.381888	-0.013825	2.798167
62.533784	2664.528949	20.386893	-0.013830	2.795919
62.474191	2659.385863	20.391898	-0.013815	2.793560
62.365643	2654.084943	20.396903	-0.013789	2.791121
62.283629	2648.857192	20.401907	-0.013768	2.788717
62.265849	2643.896921	20.406912	-0.013764	2.786442
62.276499	2638.762804	20.411917	-0.013766	2.784089
62.149813	2633.653401	20.416922	-0.013735	2.781727
62.180896	2628.484544	20.421927	-0.013742	2.779357
62.174543	2623.427599	20.426931	-0.013740	2.777031
62.152566	2618.432444	20.431936	-0.013734	2.774730
62.118216	2613.153707	20.436941	-0.013725	2.772295
62.008587	2607.825518	20.441946	-0.013699	2.769824
61.889642	2602.778892	20.446951	-0.013670	2.767480
61.819364	2597.791726	20.451955	-0.013652	2.765167
62.028240	2592.579022	20.456960	-0.013702	2.762788
61.919267	2587.439817	20.461965	-0.013675	2.760396
61.922914	2582.312656	20.466970	-0.013676	2.758023
61.820674	2577.365653	20.471975	-0.013651	2.755717
61.874509	2572.201928	20.476979	-0.013663	2.753330
61.774464	2566.876111	20.481984	-0.013639	2.750845
61.718505	2561.683744	20.486989	-0.013625	2.748425
61.643027	2556.827378	20.491994	-0.013606	2.746157
61.429678	2551.732573	20.496999	-0.013555	2.743757
61.459281	2546.538157	20.502003	-0.013561	2.741342
61.350057	2541.431360	20.507008	-0.013535	2.738947
61.210756	2536.512687	20.512013	-0.013501	2.736633
61.335034	2531.365558	20.517018	-0.013530	2.734247
61.315858	2525.937301	20.522023	-0.013525	2.731707
61.159326	2520.696716	20.527027	-0.013487	2.729234
61.112297	2515.722735	20.532032	-0.013475	2.726899
61.126535	2510.630756	20.537037	-0.013478	2.724515
61.088828	2505.492277	20.542042	-0.013469	2.722100
61.089179	2500.317029	20.547047	-0.013468	2.719670
61.014243	2495.312495	20.552051	-0.013450	2.717309
60.983209	2490.296497	20.557056	-0.013442	2.714946
61.072936	2484.958807	20.562061	-0.013463	2.712446
61.030771	2479.720649	20.567066	-0.013452	2.709973
60.879451	2474.686932	20.572071	-0.013416	2.707578
60.777901	2469.708224	20.577075	-0.013391	2.705214
60.844612	2464.549771	20.582080	-0.013406	2.702787
60.835497	2459.332956	20.587085	-0.013404	2.700319
60.762311	2454.324883	20.592090	-0.013386	2.697939
60.585173	2449.369753	20.597095	-0.013343	2.695567
60.495711	2444.139826	20.602099	-0.013321	2.693075
60.588622	2438.743316	20.607104	-0.013343	2.690528
60.551117	2433.636339	20.612109	-0.013333	2.688097
60.381900	2428.686713	20.617114	-0.013292	2.685720
60.356966	2423.505760	20.622119	-0.013286	2.683251
60.348746	2418.291766	20.627123	-0.013283	2.680767
60.307153	2413.221676	20.632128	-0.013273	2.678344
60.163131	2408.302973	20.637133	-0.013238	2.675977
60.235524	2403.072212	20.642138	-0.013255	2.673489
60.266185	2397.712673	20.647143	-0.013262	2.670932
60.142508	2392.654188	20.652147	-0.013232	2.668494
60.115941	2387.714318	20.657152	-0.013225	2.666125
60.074416	2382.562010	20.662157	-0.013214	2.663650
60.047629	2377.372311	20.667162	-0.013207	2.661156
60.114289	2372.239052	20.672167	-0.013223	2.658701
60.082385	2367.298861	20.677171	-0.013215	2.656322
60.093046	2362.120533	20.682176	-0.013217	2.653832
59.830903	2356.697527	20.687181	-0.013154	2.651183
59.934498	2351.548570	20.692186	-0.013178	2.648716
59.872063	2346.597171	20.697191	-0.013162	2.646318
59.799806	2341.467482	20.702195	-0.013145	2.643831
59.570321	2336.370842	20.707200	-0.013089	2.641334
59.611641	2331.226962	20.712205	-0.013099	2.638851
59.625086	2326.289723	20.717210	-0.013101	2.636462
59.615099	2321.111384	20.722215	-0.013099	2.633951
59.463324	2315.775411	20.727219	-0.013062	2.631340
59.522768	2310.621002	20.732224	-0.013075	2.628845
59.488525	2305.635507	20.737229	-0.013067	2.626417
59.598377	2300.469847	20.742234	-0.013093	2.623920
59.347802	2295.354452	20.747239	-0.013032	2.621392
59.356236	2290.214885	20.752243	-0.013034	2.618887
59.364906	2285.257946	20.757248	-0.013035	2.616470
59.194632	2280.099318	20.762253	-0.012994	2.613925
59.109728	2274.709361	20.767258	-0.012973	2.611277
59.063117	2269.604914	20.772263	-0.012962	2.608772
59.043361	2264.637954	20.777267	-0.012956	2.606336
59.122257	2259.469114	20.782272	-0.012975	2.603814
58.975777	2254.311705	20.787277	-0.012939	2.601261
58.949368	2249.265849	20.792282	-0.012932	2.598778
58.948175	2244.276108	20.797287	-0.012932	2.596324
58.781996	2239.116023	20.802291	-0.012891	2.593759
58.882268	2233.775433	20.807296	-0.012915	2.591143
58.833849	2228.704466	20.812301	-0.012903	2.588635
58.820422	2223.721869	20.817306	-0.012899	2.586173
58.860868	2218.518105	20.822311	-0.012908	2.583608
58.698489	2213.354435	20.827315	-0.012869	2.581029
58.631860	2208.344594	20.832320	-0.012853	2.578539
58.426992	2203.375262	20.837325	-0.012803	2.576045
58.356898	2198.121505	20.842330	-0.012786	2.573428
58.278842	2192.862071	20.847335	-0.012767	2.570804
58.208387	2187.819765	20.852339	-0.012749	2.568287
58.194219	2182.775113	20.857344	-0.012745	2.565775
58.170456	2177.611185	20.862349	-0.012739	2.563199
58.257641	2172.401937	20.867354	-0.012760	2.560615
58.084836	2167.449187	20.872359	-0.012718	2.558117
58.180963	2162.308036	20.877363	-0.012740	2.555563
58.176657	2157.048565	20.882368	-0.012739	2.552933
58.058557	2151.830321	20.887373	-0.012710	2.550302
58.068738	2146.868660	20.892378	-0.012712	2.547817
57.850906	2141.818769	20.897383	-0.012659	2.545251
57.912758	2136.605782	20.902387	-0.012674	2.542643
57.922794	2131.424397	20.907392	-0.012675	2.540040
57.816105	2126.553345	20.912397	-0.012649	2.537573
57.737618	2121.380929	20.917402	-0.012630	2.534956
57.776352	2115.921614	20.922407	-0.012639	2.532209
57.802763	2110.755495	20.927411	-0.012645	2.529606
57.651572	2105.839729	20.932416	-0.012608	2.527099
57.658070	2100.656898	20.937421	-0.012609	2.524479
57.586332	2095.515145	20.942426	-0.012592	2.521865
57.544191	2090.398813	20.947431	-0.012581	2.519266
57.308518	2085.483893	20.952435	-0.012524	2.516735
57.439629	2080.241821	20.957440	-0.012555	2.514094
57.291983	2074.986946	20.962445	-0.012519	2.511399
57.356293	2069.948365	20.967450	-0.012534	2.508846
57.210484	2064.914455	20.972455	-0.012499	2.506258
57.227150	2059.728119	20.977459	-0.012502	2.503616
57.184638	2054.580357	20.982464	-0.012492	2.500982
57.048520	2049.644622	20.987469	-0.012458	2.498438
57.088302	2044.550839	20.992474	-0.012467	2.495839
57.100556	2039.141257	20.997479	-0.012470	2.493071
56.914492	2033.931365	21.002483	-0.012425	2.490370
57.107606	2028.913132	21.007488	-0.012471	2.487826
56.915769	2023.785728	21.012493	-0.012424	2.485161
56.967866	2018.620147	21.017498	-0.012436	2.482513
56.816796	2013.546608	21.022503	-0.012400	2.479877
56.861021	2008.538852	21.027507	-0.012410	2.477303
56.728403	2003.357845	21.032512	-0.012377	2.474609
56.629172	1998.102623	21.037517	-0.012353	2.471879
56.672112	1992.987972	21.042522	-0.012363	2.469241
56.497344	1988.037107	21.047527	-0.012321	2.466650
56.768271	1982.775065	21.052531	-0.012385	2.463968
56.367459	1977.757231	21.057536	-0.012289	2.461300
56.495300	1972.705704	21.062541	-0.012319	2.458698
56.498570	1967.617506	21.067546	-0.012319	2.456054
56.483294	1962.243790	21.072551	-0.012315	2.453255
56.211138	1957.088376	21.077555	-0.012249	2.450524
56.193435	1952.114667	21.082560	-0.012245	2.447927
56.206883	1946.928765	21.087565	-0.012247	2.445222
56.161029	1941.788136	21.092570	-0.012236	2.442528
56.030197	1936.723177	21.097575	-0.012204	2.439856
55.977432	1931.737255	21.102579	-0.012191	2.437235
56.009814	1926.529085	21.107584	-0.012198	2.434510
55.915360	1921.261782	21.112589	-0.012175	2.431729
55.901525	1916.239334	21.117594	-0.012171	2.429087
55.875544	1911.166583	21.122599	-0.012165	2.426413
55.873124	1905.999888	21.127603	-0.012163	2.423691
55.725845	1900.917844	21.132608	-0.012128	2.420987
55.786692	1895.934852	21.137613	-0.012142	2.418366
55.848463	1890.749695	21.142618	-0.012156	2.415636
55.763480	1885.367863	21.147623	-0.012135	2.412775
55.522171	1880.300166	21.152627	-0.012077	2.410050
55.594125	1875.283434	21.157632	-0.012094	2.407401
55.468252	1870.102021	21.162637	-0.012063	2.404629
55.356384	1864.961262	21.167642	-0.012036	2.401878
55.272837	1859.980501	21.172647	-0.012015	2.399214
55.296876	1854.897443	21.177651	-0.012021	2.396510
55.302687	1849.579283	21.182656	-0.012022	2.393674
55.113223	1844.432455	21.187661	-0.011976	2.390894
55.227071	1839.454692	21.192666	-0.012003	2.388252
55.049236	1834.338482	21.197671	-0.011959	2.385484
55.141798	1829.095616	21.202675	-0.011981	2.382691
55.047589	1824.091477	21.207680	-0.011958	2.379990
54.995961	1819.066182	21.212685	-0.011945	2.377283
54.875525	1813.799811	21.217690	-0.011916	2.374431
54.773912	1808.561099	21.222695	-0.011891	2.371593
54.697425	1803.585303	21.227699	-0.011872	2.368898
54.884660	1798.406100	21.232704	-0.011917	2.366136
54.681452	1793.270175	21.237709	-0.011868	2.363327
54.772680	1788.115663	21.242714	-0.011889	2.360555
54.680942	1783.171222	21.247719	-0.011866	2.357862
54.657350	1777.933333	21.252723	-0.011860	2.355018
54.651314	1772.661403	21.257728	-0.011858	2.352156
54.604058	1767.640720	21.262733	-0.011847	2.349419
54.566450	1762.590716	21.267738	-0.011837	2.346665
54.411235	1757.451301	21.272743	-0.011799	2.343839
54.363395	1752.317075	21.277747	-0.011788	2.341031
54.341806	1747.386380	21.282752	-0.011782	2.338335
54.194048	1742.171493	21.287757	-0.011746	2.335459
54.144197	1736.833197	21.292762	-0.011734	2.332528
54.001164	1731.860538	21.297767	-0.011699	2.329778
54.083118	1726.732838	21.302771	-0.011718	2.326979
54.014150	1721.547381	21.307776	-0.011701	2.324119
53.898490	1716.404009	21.312781	-0.011673	2.321269
53.852117	1711.473457	21.317786	-0.011661	2.318546
53.905202	1706.229621	21.322791	-0.011673	2.315665
53.898407	1700.944211	21.327795	-0.011671	2.312746
54.001090	1695.899916	21.332800	-0.011695	2.309976
53.825678	1690.856678	21.337805	-0.011653	2.307154
53.726023	1685.738801	21.342810	-0.011629	2.304301
53.713871	1680.580939	21.347815	-0.011625	2.301438
53.593588	1675.674344	21.352819	-0.011596	2.298691
53.636551	1670.449083	21.357824	-0.011606	2.295793
53.483842	1665.115954	21.362829	-0.011569	2.292797
53.421129	1660.104559	21.367834	-0.011553	2.289991
53.384294	1655.019186	21.372839	-0.011544	2.287146
53.258945	1649.879894	21.377843	-0.011513	2.284251
53.362309	1644.707263	21.382848	-0.011538	2.281375
53.290448	1639.740651	21.387853	-0.011520	2.278580
53.245565	1634.541785	21.392858	-0.011509	2.275655
53.220635	1629.269043	21.397863	-0.011502	2.272688
53.074243	1624.279798	21.402867	-0.011467	2.269856
53.063097	1619.227185	21.407872	-0.011464	2.267008
53.134380	1614.019850	21.412877	-0.011480	2.264085
52.947312	1608.954577	21.417882	-0.011435	2.261191
52.899887	1604.002012	21.422887	-0.011423	2.258383
52.629827	1598.802108	21.427891	-0.011358	2.255390
52.645619	1593.460426	21.432896	-0.011361	2.252365
52.590796	1588.469517	21.437901	-0.011348	2.249523
52.523807	1583.349975	21.442906	-0.011331	2.246601
52.622151	1578.145768	21.447911	-0.011354	2.243658
52.615525	1573.058160	21.452915	-0.011352	2.240758
52.526068	1568.052651	21.457920	-0.011330	2.237886
52.464590	1562.788664	21.462925	-0.011315	2.234868
52.444518	1557.582486	21.467930	-0.011310	2.231886
52.526597	1552.608336	21.472935	-0.011329	2.229052
52.363390	1547.488570	21.477939	-0.011289	2.226086
52.361784	1542.325983	21.482944	-0.011289	2.223121
52.297242	1537.310088	21.487949	-0.011273	2.220224
52.078573	1532.302633	21.492954	-0.011220	2.217300
51.946873	1526.894324	21.497959	-0.011188	2.214157
51.823460	1521.810169	21.502963	-0.011158	2.211199
51.886094	1516.781922	21.507968	-0.011172	2.208304
51.952726	1511.589958	21.512973	-0.011188	2.205311
51.841859	1506.445829	21.517978	-0.011161	2.202308
51.787270	1501.495238	21.522983	-0.011147	2.199424
51.736945	1496.327289	21.527987	-0.011135	2.196410
51.725312	1491.042357	21.532992	-0.011131	2.193332
51.682497	1486.021776	21.537997	-0.011121	2.190398
51.608993	1480.977865	21.543002	-0.011103	2.187440
51.514421	1475.805165	21.548007	-0.011079	2.184399
51.458611	1470.703039	21.553011	-0.011066	2.181402
51.467311	1465.691760	21.558016	-0.011067	2.178467
51.378326	1460.363219	21.563021	-0.011045	2.175323
51.207981	1455.190599	21.568026	-0.011004	2.172250
51.229770	1450.205905	21.573031	-0.011009	2.169321
51.352579	1445.006934	21.578035	-0.011038	2.166281
51.235387	1439.870457	21.583040	-0.011009	2.163227
51.340112	1434.829927	21.588045	-0.011034	2.160268
51.099813	1429.774801	21.593050	-0.010976	2.157230
51.178280	1424.419839	21.598055	-0.010994	2.154072
51.262938	1419.338719	21.603059	-0.011014	2.151072
51.033739	1414.321612	21.608064	-0.010958	2.148046
50.962903	1409.166476	21.613069	-0.010941	2.144964
50.900765	1404.081369	21.618074	-0.010926	2.141921
50.670567	1399.142074	21.623079	-0.010870	2.138928
50.548872	1393.872269	21.628083	-0.010841	2.135754
50.406540	1388.695076	21.633088	-0.010806	2.132627
50.458783	1383.667954	21.638093	-0.010818	2.129623
50.429701	1378.531712	21.643098	-0.010811	2.126534
50.324257	1373.390450	21.648103	-0.010785	2.123422
50.372510	1368.383680	21.653107	-0.010796	2.120417
50.490134	1363.184686	21.658112	-0.010824	2.117306
50.360040	1357.896332	21.663117	-0.010792	2.114087
50.338481	1352.874143	21.668122	-0.010786	2.111045
50.193943	1347.838181	21.673127	-0.010751	2.107966
50.167286	1342.668702	21.678131	-0.010744	2.104826
50.110865	1337.629248	21.683136	-0.010730	2.101753
50.042077	1332.612049	21.688141	-0.010713	2.098688
50.081450	1327.243392	21.693146	-0.010722	2.095425
50.059726	1322.091131	21.698151	-0.010717	2.092277
49.977100	1317.091836	21.703155	-0.010696	2.089205
49.865008	1311.950382	21.708160	-0.010669	2.086036
49.788404	1306.799740	21.713165	-0.010650	2.082864
49.758133	1301.814720	21.718170	-0.010643	2.079797
49.740650	1296.586205	21.723175	-0.010638	2.076580
49.802320	1291.318315	21.728179	-0.010652	2.073349
49.553003	1286.405669	21.733184	-0.010592	2.070268
49.506762	1281.263503	21.738189	-0.010580	2.067083
49.416834	1276.132424	21.743194	-0.010558	2.063891
49.466847	1271.123081	21.748199	-0.010570	2.060798
49.385689	1265.949518	21.753203	-0.010550	2.057571
49.273048	1260.632429	21.758208	-0.010523	2.054244
49.082640	1255.661345	21.763213	-0.010477	2.051110
49.084659	1250.550766	21.768218	-0.010476	2.047925
49.134194	1245.364889	21.773223	-0.010488	2.044697
49.027530	1240.348321	21.778227	-0.010462	2.041538
49.132907	1235.229740	21.783232	-0.010487	2.038355
49.063111	1229.944595	21.788237	-0.010469	2.035025
48.865236	1224.942378	21.793242	-0.010422	2.031840
48.916306	1219.859580	21.798247	-0.010433	2.028652
48.844328	1214.666083	21.803251	-0.010416	2.025364
48.902051	1209.600924	21.808256	-0.010429	2.022178
48.737733	1204.600179	21.813261	-0.010389	2.018982
48.620612	1199.249170	21.818266	-0.010361	2.015568
48.522810	1194.178196	21.823271	-0.010337	2.012330
48.409159	1189.146760	21.828275	-0.010309	2.009109
48.543870	1183.928084	21.833280	-0.010341	2.005816
48.353284	1178.904535	21.838285	-0.010295	2.002573
48.252545	1173.897605	21.843290	-0.010270	1.999355
48.218260	1168.583465	21.848295	-0.010261	1.995949
48.173761	1163.473428	21.853299	-0.010250	1.992666
48.148278	1158.461490	21.858304	-0.010244	1.989444
48.003074	1153.326901	21.863309	-0.010208	1.986112
48.027509	1148.222265	21.868314	-0.010214	1.982831
48.150420	1143.162007	21.873319	-0.010243	1.979595
47.904494	1137.896876	21.878323	-0.010183	1.976140
47.773303	1132.782268	21.883328	-0.010151	1.972802
47.707817	1127.756175	21.888333	-0.010135	1.969530
47.693695	1122.592972	21.893338	-0.010131	1.966175
47.675796	1117.492612	21.898343	-0.010127	1.962854
47.546295	1112.482875	21.903347	-0.010095	1.959562
47.537357	1107.209344	21.908352	-0.010093	1.956118
47.508361	1102.103808	21.913357	-0.010085	1.952774
47.409258	1097.093228	21.918362	-0.010061	1.949471
47.458803	1091.900012	21.923367	-0.010072	1.946076
47.354414	1086.867972	21.928371	-0.010047	1.942746
47.360203	1081.811126	21.933376	-0.010048	1.939419
47.211151	1076.527667	21.938381	-0.010012	1.935902
47.065829	1071.488063	21.943386	-0.009976	1.932541
47.019579	1066.411718	21.948391	-0.009965	1.929171
46.901586	1061.267272	21.953395	-0.009936	1.925735
46.958847	1056.217472	21.958400	-0.009949	1.922394
46.728887	1051.160931	21.963405	-0.009894	1.918979
46.672148	1045.890164	21.968410	-0.009880	1.915453
46.685542	1040.838137	21.973415	-0.009882	1.912084
46.603148	1035.730089	21.978419	-0.009862	1.908649
46.471361	1030.633779	21.983424	-0.009830	1.905204
46.586242	1025.563601	21.988429	-0.009857	1.901827
46.567636	1020.378817	21.993434	-0.009852	1.898336
46.501936	1015.099352	21.998439	-0.009836	1.894764
46.468249	1010.087790	22.003443	-0.009827	1.891374
46.529901	1004.940184	22.008448	-0.009842	1.887908
46.333059	999.836740	22.013453	-0.009794	1.884405
46.274855	994.845374	22.018458	-0.009780	1.881005
46.201761	989.616947	22.023463	-0.009762	1.877433
46.083589	984.483855	22.028467	-0.009733	1.873909
45.986964	979.474092	22.033472	-0.009709	1.870468
46.048539	974.278557	22.038477	-0.009724	1.866929
45.941176	969.232075	22.043482	-0.009697	1.863447
45.878027	964.200100	22.048487	-0.009682	1.859979
45.758563	958.832895	22.053491	-0.009653	1.856261
45.745098	953.782317	22.058496	-0.009649	1.852778
45.713990	948.680357	22.063501	-0.009641	1.849249
45.632092	943.527398	22.068506	-0.009621	1.845665
45.562752	938.535526	22.073511	-0.009604	1.842190
45.444688	933.379440	22.078515	-0.009575	1.838582
45.413643	928.171230	22.083520	-0.009567	1.834952
45.363625	923.159688	22.088525	-0.009555	1.831447
45.091818	918.096193	22.093530	-0.009489	1.827846
45.205814	912.946022	22.098535	-0.009516	1.824270
45.242252	907.882981	22.103539	-0.009524	1.820729
45.045354	902.614274	22.108544	-0.009477	1.816980
44.948881	897.538132	22.113549	-0.009453	1.813384
45.039572	892.419994	22.118554	-0.009474	1.809796
44.860444	887.317512	22.123559	-0.009431	1.806147
44.884959	882.283905	22.128563	-0.009436	1.802588
44.893887	877.086191	22.133568	-0.009438	1.798902
44.763018	871.883279	22.138573	-0.009406	1.795171
44.724980	866.903380	22.143578	-0.009397	1.791613
44.758893	861.725305	22.148583	-0.009404	1.787925
44.496062	856.701023	22.153587	-0.009341	1.784266
44.512276	851.660307	22.158592	-0.009344	1.780657
44.397012	846.314229	22.163597	-0.009316	1.776788
44.292607	841.290254	22.168602	-0.009291	1.773145
44.129649	836.247249	22.173607	-0.009251	1.769467
44.007519	831.115889	22.178611	-0.009222	1.765727
44.139433	826.066826	22.183616	-0.009253	1.762103
43.963011	820.872782	22.188621	-0.009210	1.758288
44.022793	815.696781	22.193626	-0.009224	1.754538
43.988171	810.662143	22.198631	-0.009215	1.750858
43.926853	805.484211	22.203635	-0.009200	1.747060
43.765742	800.495199	22.208640	-0.009161	1.743367
43.718610	795.332157	22.213645	-0.009149	1.739567
43.728239	790.047685	22.218650	-0.009151	1.735683
43.591617	785.069049	22.223655	-0.009118	1.731979
43.441669	779.949326	22.228659	-0.009081	1.728160
43.523754	774.837240	22.233664	-0.009100	1.724397
43.442812	769.759769	22.238669	-0.009081	1.720609
43.459405	764.475602	22.243674	-0.009084	1.716685
43.385739	759.496565	22.248679	-0.009066	1.712956
43.275591	754.365617	22.253683	-0.009039	1.709095
43.247851	749.260022	22.258688	-0.009032	1.705267
43.189247	744.256579	22.263693	-0.009018	1.701498
43.187391	738.888398	22.268698	-0.009017	1.697461
43.000707	733.884974	22.273703	-0.008971	1.693642
42.865947	728.791271	22.278707	-0.008939	1.689759
42.851678	723.651914	22.283712	-0.008935	1.685865
42.740061	718.673350	22.288717	-0.008908	1.682058
42.702602	713.414423	22.293722	-0.008898	1.678048
42.576202	708.357960	22.298727	-0.008867	1.674160
42.424128	703.296537	22.303731	-0.008831	1.670252
42.417093	698.144992	22.308736	-0.008828	1.666304
42.459139	693.141977	22.313741	-0.008838	1.662474
42.322059	687.874943	22.318746	-0.008805	1.658384
42.306536	682.729877	22.323751	-0.008800	1.654411
42.215906	677.672201	22.328755	-0.008778	1.650475
42.177577	672.540548	22.333760	-0.008769	1.646487
42.097376	667.550651	22.338765	-0.008749	1.642588
42.032364	662.301578	22.343770	-0.008733	1.638482
41.944130	657.226121	22.348775	-0.008711	1.634495
41.863437	652.163695	22.353779	-0.008691	1.630510
41.761839	647.058789	22.358784	-0.008667	1.626477
41.603456	642.076162	22.363789	-0.008628	1.622514
41.576322	636.780082	22.368794	-0.008621	1.618330
41.400546	631.743052	22.373799	-0.008579	1.614299
41.448044	626.578538	22.378803	-0.008590	1.610219
41.252328	621.521710	22.383808	-0.008542	1.606147
41.374280	616.432850	22.388813	-0.008571	1.602127
41.226171	611.194184	22.393818	-0.008535	1.597901
41.008366	606.219655	22.398823	-0.008483	1.593857
41.152102	601.032120	22.403827	-0.008516	1.589733
41.025340	595.962462	22.408832	-0.008486	1.585617
40.919117	590.918828	22.413837	-0.008460	1.581517
40.856840	585.610807	22.418842	-0.008444	1.577205
40.748850	580.614432	22.423847	-0.008418	1.573121
40.607481	575.504802	22.428851	-0.008384	1.568924
40.720809	570.399704	22.433856	-0.008410	1.564793
40.522259	565.301801	22.438861	-0.008362	1.560567
40.453822	560.122239	22.443866	-0.008345	1.556300
40.387868	555.107180	22.448871	-0.008329	1.552158
40.253758	549.972662	22.453875	-0.008297	1.547886
40.344967	544.913501	22.458880	-0.008318	1.543730
40.256495	539.670116	22.463885	-0.008296	1.539358
40.181859	534.553686	22.468890	-0.008278	1.535083
39.999537	529.516804	22.473895	-0.008234	1.530830
40.007435	524.372610	22.478899	-0.008235	1.526532
39.855410	519.367942	22.483904	-0.008198	1.522292
39.798160	514.111615	22.488909	-0.008184	1.517856
39.727897	509.087878	22.493914	-0.008167	1.513600
39.616413	503.961358	22.498919	-0.008140	1.509232
39.616685	498.900436	22.503923	-0.008139	1.504941
39.524023	493.745254	22.508928	-0.008117	1.500529
39.554205	488.537843	22.513933	-0.008123	1.496097
39.376844	483.512978	22.518938	-0.008080	1.491745
39.429116	478.363342	22.523943	-0.008092	1.487343
39.386162	473.327215	22.528947	-0.008082	1.482996
39.104058	468.144985	22.533952	-0.008014	1.478438
39.062377	463.117503	22.538957	-0.008003	1.474073
38.881234	458.037203	22.543962	-0.007959	1.469606
39.013849	452.921948	22.548967	-0.007991	1.465192
38.781519	447.785339	22.553971	-0.007935	1.460634
38.645412	442.655487	22.558976	-0.007902	1.456096
38.502177	437.610075	22.563981	-0.007867	1.451617
38.460929	432.492620	22.568986	-0.007856	1.447092
38.433823	427.441711	22.573991	-0.007849	1.442615
38.354373	422.197856	22.578995	-0.007830	1.437938
38.394151	417.153474	22.584000	-0.007839	1.433460
38.181616	412.048835	22.589005	-0.007788	1.428835
38.374492	406.953177	22.594010	-0.007833	1.424331
38.241636	401.712305	22.599015	-0.007801	1.419578
38.037977	396.683045	22.604019	-0.007752	1.414978
37.929988	391.596910	22.609024	-0.007726	1.410342
37.805320	386.543999	22.614029	-0.007695	1.405716
37.894151	381.346166	22.619034	-0.007716	1.401011
37.737898	376.260661	22.624039	-0.007678	1.396314
37.583702	371.201932	22.629043	-0.007641	1.391626
37.439016	366.153341	22.634048	-0.007606	1.386934
37.436965	361.032750	22.639053	-0.007605	1.382207
37.237190	355.851254	22.644058	-0.007556	1.377342
37.097803	350.819452	22.649063	-0.007523	1.372619
36.865924	345.749270	22.654067	-0.007467	1.367813
36.981693	340.641311	22.659072	-0.007494	1.363071
36.896624	335.424379	22.664077	-0.007473	1.358142
36.832641	330.381464	22.669082	-0.007457	1.353367
36.717282	325.283594	22.674087	-0.007429	1.348505
36.594580	320.269060	22.679091	-0.007399	1.343703
36.441701	315.026702	22.684096	-0.007362	1.338656
36.357430	310.014306	22.689101	-0.007341	1.333833
36.285689	304.867879	22.694106	-0.007324	1.328868
36.247768	299.847726	22.699111	-0.007314	1.324018
36.158111	294.616565	22.704115	-0.007292	1.318928
36.126437	289.586272	22.709120	-0.007284	1.314033
36.088828	284.449577	22.714125	-0.007275	1.309014
35.939960	279.458147	22.719130	-0.007239	1.304080
35.784315	274.275460	22.724135	-0.007201	1.298936
35.709697	269.238506	22.729139	-0.007183	1.293944
35.645696	264.118179	22.734144	-0.007167	1.288854
35.575092	259.056956	22.739149	-0.007149	1.283800
35.502120	253.855490	22.744154	-0.007131	1.278585
35.276435	248.875745	22.749159	-0.007077	1.273517
35.193315	243.752612	22.754163	-0.007057	1.268335
35.151679	238.655646	22.759168	-0.007046	1.263173
34.916443	233.519938	22.764173	-0.006989	1.257881
34.807471	228.458677	22.769178	-0.006963	1.252688
34.669193	223.396590	22.774183	-0.006929	1.247461
34.667517	218.231629	22.779187	-0.006928	1.242158
34.444781	213.183186	22.784192	-0.006875	1.236870
34.526467	208.029830	22.789197	-0.006894	1.231563
34.317572	203.027521	22.794202	-0.006843	1.226283
34.348904	197.778425	22.799207	-0.006850	1.220811
34.116472	192.742889	22.804211	-0.006794	1.215440
34.169699	187.580541	22.809216	-0.006806	1.210020
33.916111	182.608928	22.814221	-0.006745	1.204660
33.948211	177.366118	22.819226	-0.006752	1.199097
33.732841	172.375999	22.824231	-0.006700	1.193683
33.713126	167.257810	22.829235	-0.006695	1.188183
33.569986	162.152748	22.834240	-0.006660	1.182623
33.278455	157.084855	22.839245	-0.006590	1.177019
33.291544	151.950309	22.844250	-0.006593	1.171435
33.119040	146.951074	22.849255	-0.006551	1.165899
33.086837	141.738257	22.854259	-0.006543	1.160158
33.107539	136.668656	22.859264	-0.006547	1.154567
32.829039	131.642709	22.864269	-0.006480	1.148878
32.673090	126.549018	22.869274	-0.006443	1.143134
32.637461	121.388105	22.874279	-0.006433	1.137335
32.375263	116.348016	22.879283	-0.006370	1.131549
32.317907	111.309847	22.884288	-0.006356	1.125820
32.065430	106.168636	22.889293	-0.006295	1.119864
31.999068	101.107917	22.894298	-0.006279	1.114045
31.780173	96.088851	22.899303	-0.006226	1.108181
31.707465	90.910958	22.904307	-0.006208	1.102162
31.558117	85.854617	22.909312	-0.006172	1.096219
31.426813	80.761428	22.914317	-0.006140	1.090208
31.411367	75.673200	22.919322	-0.006136	1.084220
31.298974	70.552551	22.924327	-0.006108	1.078118
31.218030	65.446002	22.929331	-0.006089	1.072011
30.940482	60.482920	22.934336	-0.006022	1.065956
30.799927	55.290557	22.939341	-0.005988	1.059650
30.649598	50.244743	22.944346	-0.005951	1.053480
30.533397	45.190027	22.949351	-0.005923	1.047277
30.308413	40.069974	22.954355	-0.005869	1.040909
30.063378	35.072185	22.959360	-0.005809	1.034643
29.727752	30.086143	22.964365	-0.005729	1.028313
29.503934	24.962689	22.969370	-0.005675	1.021823
29.260792	19.962350	22.974375	-0.005616	1.015437
29.198104	14.858318	22.979379	-0.005601	1.008963
28.734784	9.870805	22.984384	-0.005489	1.002409
28.513239	4.849659	22.989389	-0.005436	0.995882
27.610938	0.072701	22.994394	-0.005219	0.989307
17.384317	-1.407492	22.999399	-0.002773	0.982560
