Sun Mar 01 16:45:57 2026

Number of Points = 4598
Depth (nm)	Load (µN)	Time (s)	Disp. Voltage(V)	Force Voltage(V)0.000000	3.788889	0.000000	0.001191	0.979305
0.515494	8.803864	0.005005	0.001067	0.986078
0.761933	13.796662	0.010010	0.001008	0.992650
1.177200	18.758636	0.015014	0.000909	0.999218
1.496617	23.813345	0.020019	0.000832	1.005816
1.839661	28.765609	0.025024	0.000749	1.012253
2.105022	33.788521	0.030029	0.000686	1.018702
2.181304	38.945533	0.035034	0.000667	1.025192
2.428191	43.966227	0.040038	0.000608	1.031549
2.609231	49.001949	0.045043	0.000564	1.037856
2.967315	54.036169	0.050048	0.000478	1.044201
3.084965	59.102778	0.055053	0.000450	1.050442
3.217919	64.172842	0.060058	0.000417	1.056656
3.554858	69.197504	0.065062	0.000336	1.062869
3.710058	74.315212	0.070067	0.000299	1.069078
4.000486	79.320957	0.075072	0.000229	1.075176
4.249195	84.311050	0.080077	0.000169	1.081203
4.354644	89.458679	0.085082	0.000144	1.087321
4.682343	94.440168	0.090086	0.000065	1.093304
4.908347	99.449556	0.095091	0.000011	1.099245
5.082807	104.624995	0.100096	-0.000031	1.105324
5.215873	109.649660	0.105101	-0.000064	1.111178
5.278070	114.741690	0.110106	-0.000079	1.117050
5.660217	119.738486	0.115110	-0.000171	1.122915
5.595077	124.908815	0.120115	-0.000155	1.128762
5.980053	129.895774	0.125120	-0.000248	1.134556
6.039851	134.955358	0.130125	-0.000262	1.140270
6.273782	140.117259	0.135130	-0.000319	1.146140
6.368752	145.156506	0.140134	-0.000342	1.151788
6.471080	150.226681	0.145139	-0.000366	1.157446
6.754832	155.276984	0.150144	-0.000435	1.163126
6.927160	160.338584	0.155149	-0.000476	1.168747
7.046091	165.415417	0.160154	-0.000505	1.174336
7.255429	170.413328	0.165158	-0.000555	1.179849
7.328395	175.655837	0.170163	-0.000573	1.185547
7.467064	180.665869	0.175168	-0.000607	1.190994
7.644421	185.728806	0.180173	-0.000650	1.196487
7.865908	190.756175	0.185178	-0.000703	1.201934
7.881405	195.923380	0.190182	-0.000707	1.207426
8.045880	200.966237	0.195187	-0.000747	1.212818
8.149003	206.031743	0.200192	-0.000772	1.218188
8.487591	211.149783	0.205197	-0.000853	1.223676
8.711357	216.162780	0.210202	-0.000907	1.228989
8.976341	221.209328	0.215206	-0.000970	1.234328
9.088431	226.231147	0.220211	-0.000998	1.239562
9.111408	231.464733	0.225216	-0.001003	1.244959
9.273078	236.449788	0.230221	-0.001042	1.250129
9.310087	241.580471	0.235226	-0.001052	1.255381
9.631040	246.557631	0.240230	-0.001129	1.260558
9.668177	251.793560	0.245235	-0.001138	1.265872
9.678659	256.865342	0.250240	-0.001141	1.270990
9.918780	261.906180	0.255245	-0.001199	1.276139
10.035956	266.972029	0.260250	-0.001227	1.281248
10.182274	272.107641	0.265254	-0.001262	1.286416
10.334532	277.146041	0.270259	-0.001299	1.291469
10.492373	282.205617	0.275264	-0.001337	1.296526
10.664539	287.295919	0.280269	-0.001379	1.301598
10.849988	292.368789	0.285274	-0.001423	1.306637
10.849123	297.459736	0.290278	-0.001423	1.311611
11.132524	302.450603	0.295283	-0.001492	1.316566
11.167781	307.583855	0.300288	-0.001500	1.321556
11.231328	312.711445	0.305293	-0.001516	1.326530
11.419487	317.726110	0.310298	-0.001561	1.331421
11.558848	322.805273	0.315302	-0.001595	1.336338
11.651646	327.938202	0.320307	-0.001617	1.341273
11.695684	333.100724	0.325312	-0.001628	1.346201
11.961021	338.096699	0.330317	-0.001692	1.351029
11.999607	343.183787	0.335322	-0.001702	1.355849
12.300681	348.210726	0.340326	-0.001774	1.360683
12.373091	353.372403	0.345331	-0.001792	1.365549
12.485666	358.398030	0.350336	-0.001819	1.370285
12.520371	363.536164	0.355341	-0.001828	1.375084
12.764098	368.539664	0.360346	-0.001886	1.379810
12.872886	373.789044	0.365350	-0.001913	1.384702
12.877126	378.816105	0.370355	-0.001914	1.389339
13.048686	383.918247	0.375360	-0.001955	1.394083
13.175498	388.896477	0.380365	-0.001986	1.398683
13.292355	394.122977	0.385370	-0.002014	1.403492
13.315530	399.167512	0.390374	-0.002020	1.408088
13.509619	404.243956	0.395379	-0.002067	1.412754
13.618083	409.273474	0.400384	-0.002093	1.417334
13.885319	414.437188	0.405389	-0.002158	1.422070
13.832840	419.568713	0.410394	-0.002145	1.426661
13.983948	424.624319	0.415398	-0.002182	1.431233
14.081621	429.687498	0.420403	-0.002205	1.435781
14.262220	434.749545	0.425408	-0.002249	1.440339
14.384506	439.904732	0.430413	-0.002279	1.444947
14.541996	444.902777	0.435418	-0.002317	1.449413
14.355984	450.129197	0.440422	-0.002272	1.453959
14.454534	455.133070	0.445427	-0.002296	1.458384
14.704810	460.381828	0.450432	-0.002357	1.463056
14.844835	465.380784	0.455437	-0.002390	1.467462
14.983494	470.457959	0.460442	-0.002424	1.471923
15.029153	475.527425	0.465446	-0.002435	1.476334
15.166547	480.646171	0.470451	-0.002468	1.480803
15.283924	485.754435	0.475456	-0.002497	1.485244
15.438650	490.773006	0.480461	-0.002534	1.489605
15.414296	495.918506	0.485466	-0.002529	1.494009
15.547454	500.936382	0.490470	-0.002561	1.498337
15.741986	506.175209	0.495475	-0.002608	1.502860
15.737965	511.220523	0.500480	-0.002607	1.507146
15.948488	516.299714	0.505485	-0.002658	1.511512
15.956870	521.377097	0.510490	-0.002660	1.515804
16.062902	526.504586	0.515494	-0.002686	1.520155
16.120391	531.670070	0.520499	-0.002700	1.524511
16.303694	536.662237	0.525504	-0.002744	1.528746
16.409002	541.797795	0.530509	-0.002770	1.533067
16.307825	546.852916	0.535514	-0.002746	1.537248
16.631922	552.060304	0.540518	-0.002824	1.541668
16.716546	557.122297	0.545523	-0.002844	1.545885
16.809438	562.196464	0.550528	-0.002867	1.550104
16.873142	567.293261	0.555533	-0.002882	1.554321
16.967726	572.330406	0.560538	-0.002905	1.558487
17.181661	577.526380	0.565542	-0.002957	1.562805
17.225382	582.543580	0.570547	-0.002968	1.566918
17.259734	587.661864	0.575552	-0.002976	1.571099
17.298871	592.741969	0.580557	-0.002986	1.575239
17.348361	597.880270	0.585562	-0.002998	1.579419
17.537435	603.077503	0.590566	-0.003044	1.583674
17.693128	608.048612	0.595571	-0.003081	1.587727
17.715530	613.205372	0.600576	-0.003087	1.591881
17.774129	618.228786	0.605581	-0.003101	1.595927
17.848313	623.400416	0.610586	-0.003119	1.600086
18.065564	628.510320	0.615590	-0.003172	1.604225
18.208096	633.520288	0.620595	-0.003206	1.608253
18.192159	638.700266	0.625600	-0.003203	1.612361
18.281324	643.708701	0.630605	-0.003224	1.616353
18.465513	648.915560	0.635610	-0.003269	1.620518
18.423650	654.071005	0.640614	-0.003259	1.624569
18.571954	659.104621	0.645619	-0.003295	1.628567
18.573656	664.256890	0.650624	-0.003296	1.632607
18.715322	669.223700	0.655629	-0.003330	1.636531
18.710502	674.484333	0.660634	-0.003329	1.640635
18.827086	679.552993	0.665638	-0.003357	1.644612
18.996669	684.571199	0.670643	-0.003398	1.648555
19.126963	689.690875	0.675648	-0.003430	1.652556
19.315072	694.641499	0.680653	-0.003475	1.656432
19.344595	699.922968	0.685658	-0.003482	1.660512
19.391147	705.043723	0.690662	-0.003494	1.664463
19.613155	710.046925	0.695667	-0.003547	1.668361
19.635489	715.201583	0.700672	-0.003553	1.672313
19.671013	720.197127	0.705677	-0.003562	1.676138
19.738919	725.425505	0.710682	-0.003578	1.680139
19.869545	730.525095	0.715686	-0.003610	1.684050
19.872243	735.591445	0.720691	-0.003611	1.687893
20.017500	740.701074	0.725696	-0.003646	1.691797
20.100331	745.726427	0.730701	-0.003666	1.695613
20.305562	750.917635	0.735706	-0.003716	1.699576
20.384301	756.082668	0.740710	-0.003735	1.703478
20.462682	761.080503	0.745715	-0.003754	1.707245
20.489958	766.229899	0.750720	-0.003761	1.711104
20.680437	771.235273	0.755725	-0.003807	1.714890
20.719975	776.386349	0.760730	-0.003816	1.718736
20.756457	781.607049	0.765734	-0.003826	1.722625
20.852921	786.580990	0.770739	-0.003849	1.726337
21.009998	791.696956	0.775744	-0.003887	1.730162
20.975004	796.782077	0.780749	-0.003879	1.733907
21.019115	801.902089	0.785754	-0.003890	1.737690
21.175097	807.180681	0.790758	-0.003927	1.741609
21.286789	812.149657	0.795763	-0.003954	1.745281
21.415250	817.243236	0.800768	-0.003985	1.749041
21.546192	822.354542	0.805773	-0.004017	1.752806
21.637129	827.307136	0.810778	-0.004039	1.756438
21.758280	832.571941	0.815782	-0.004069	1.760296
21.921471	837.612612	0.820787	-0.004108	1.763994
21.924386	842.698236	0.825792	-0.004109	1.767677
21.979397	847.851879	0.830797	-0.004122	1.771415
22.086350	852.838305	0.835802	-0.004148	1.775037
22.205142	858.046604	0.840806	-0.004177	1.778814
22.267896	863.255234	0.845811	-0.004192	1.782569
22.189604	868.299414	0.850816	-0.004174	1.786164
22.180239	873.467557	0.855821	-0.004172	1.789857
22.444161	878.451132	0.860826	-0.004236	1.793478
22.583269	883.501280	0.865830	-0.004269	1.797108
22.590480	888.766878	0.870835	-0.004271	1.800853
22.595863	893.806574	0.875840	-0.004273	1.804428
22.811691	898.863249	0.880845	-0.004325	1.808060
22.915360	903.965907	0.885850	-0.004350	1.811689
23.012779	908.954037	0.890854	-0.004374	1.815230
23.012859	914.242327	0.895859	-0.004374	1.818951
23.230142	919.343260	0.900864	-0.004426	1.822584
23.187299	924.415213	0.905869	-0.004416	1.826129
23.227005	929.545492	0.910874	-0.004426	1.829727
23.374381	934.619039	0.915878	-0.004462	1.833303
23.390480	939.661407	0.920883	-0.004466	1.836820
23.567228	944.900586	0.925888	-0.004509	1.840505
23.738163	949.897316	0.930893	-0.004550	1.844013
23.772433	954.978586	0.935898	-0.004558	1.847541
23.954675	960.089839	0.940902	-0.004602	1.851117
23.965000	965.106948	0.945907	-0.004605	1.854582
24.108032	970.305955	0.950912	-0.004640	1.858196
24.122269	975.569606	0.955917	-0.004644	1.861817
24.041714	980.606709	0.960922	-0.004625	1.865254
24.188957	985.721351	0.965926	-0.004660	1.868791
24.237695	990.804911	0.970931	-0.004672	1.872276
24.121226	995.876559	0.975936	-0.004645	1.875710
24.213094	1001.146786	0.980941	-0.004667	1.879320
24.376003	1006.193756	0.985946	-0.004706	1.882787
24.474517	1011.224295	0.990950	-0.004730	1.886223
24.389433	1016.431414	0.995955	-0.004710	1.889729
24.503224	1021.463449	1.000960	-0.004738	1.893157
24.799476	1026.485164	1.005965	-0.004809	1.896612
24.876471	1031.772042	1.010970	-0.004828	1.900190
25.040045	1036.771718	1.015974	-0.004867	1.903588
25.124049	1041.860654	1.020979	-0.004888	1.907022
25.101706	1047.009426	1.025984	-0.004883	1.910466
25.271039	1051.987827	1.030989	-0.004923	1.913833
25.314973	1057.156011	1.035994	-0.004934	1.917292
25.409515	1062.387329	1.040998	-0.004957	1.920798
25.439939	1067.371260	1.046003	-0.004965	1.924119
25.615535	1072.479188	1.051008	-0.005007	1.927549
25.766263	1077.580455	1.056013	-0.005044	1.930963
25.719127	1082.607276	1.061018	-0.005033	1.934278
25.717526	1087.854951	1.066022	-0.005033	1.937743
25.869246	1093.021813	1.071027	-0.005069	1.941183
25.990759	1097.965714	1.076032	-0.005099	1.944463
25.982638	1103.154745	1.081037	-0.005097	1.947870
26.134642	1108.213049	1.086042	-0.005134	1.951220
26.168098	1113.208540	1.091046	-0.005142	1.954498
26.217135	1118.450088	1.096051	-0.005154	1.957934
26.211798	1123.649444	1.101056	-0.005153	1.961325
26.330046	1128.599003	1.106061	-0.005182	1.964574
26.521600	1133.707432	1.111066	-0.005228	1.967937
26.511491	1138.866119	1.116070	-0.005226	1.971284
26.516579	1143.857052	1.121075	-0.005227	1.974519
26.623570	1149.125360	1.126080	-0.005253	1.977950
26.721311	1154.316491	1.131085	-0.005277	1.981323
26.782954	1159.280250	1.136090	-0.005292	1.984537
26.883045	1164.417634	1.141094	-0.005316	1.987865
27.068875	1169.495893	1.146099	-0.005361	1.991168
27.045359	1174.504655	1.151104	-0.005356	1.994376
27.161050	1179.718618	1.156109	-0.005384	1.997741
27.329513	1184.847116	1.161114	-0.005425	2.001056
27.315479	1189.864823	1.166118	-0.005422	2.004256
27.423602	1194.992179	1.171123	-0.005448	2.007546
27.498074	1200.097523	1.176128	-0.005466	2.010811
27.524361	1205.123266	1.181133	-0.005473	2.014009
27.419813	1210.450645	1.186138	-0.005448	2.017365
27.524016	1215.683936	1.191142	-0.005473	2.020701
27.728133	1220.588459	1.196147	-0.005522	2.023844
27.718898	1225.743578	1.201152	-0.005520	2.027096
27.778660	1230.889949	1.206157	-0.005535	2.030352
27.866917	1235.832282	1.211162	-0.005557	2.033480
27.991611	1241.038755	1.216166	-0.005587	2.036776
28.058130	1246.239724	1.221171	-0.005603	2.040052
28.201892	1251.192653	1.226176	-0.005638	2.043183
28.271602	1256.319067	1.231181	-0.005655	2.046402
28.303080	1261.459545	1.236186	-0.005663	2.049617
28.286001	1266.522469	1.241190	-0.005659	2.052769
28.364399	1271.640055	1.246195	-0.005678	2.055970
28.437360	1276.929659	1.251200	-0.005696	2.059271
28.576642	1281.923253	1.256205	-0.005729	2.062398
28.697074	1286.995090	1.261210	-0.005759	2.065564
28.677134	1292.176373	1.266214	-0.005754	2.068764
28.879487	1297.162512	1.271219	-0.005803	2.071884
28.850015	1302.248263	1.276224	-0.005796	2.075013
29.122893	1307.495132	1.281229	-0.005862	2.078299
28.945142	1312.637271	1.286234	-0.005820	2.081423
29.081225	1317.645816	1.291238	-0.005852	2.084524
29.214369	1322.752368	1.296243	-0.005885	2.087681
29.369328	1327.816138	1.301248	-0.005922	2.090810
29.322847	1332.861580	1.306253	-0.005911	2.093883
29.255978	1338.211764	1.311258	-0.005896	2.097134
29.432349	1343.398624	1.316262	-0.005938	2.100328
29.448639	1348.360961	1.321267	-0.005942	2.103350
29.505776	1353.501139	1.326272	-0.005956	2.106483
29.774435	1358.590628	1.331277	-0.006021	2.109623
29.692264	1363.591685	1.336282	-0.006002	2.112635
29.759924	1368.771877	1.341286	-0.006018	2.115780
29.818309	1374.006609	1.346291	-0.006033	2.118952
29.931413	1378.969764	1.351296	-0.006060	2.121967
29.853256	1384.112995	1.356301	-0.006042	2.125047
30.051309	1389.211786	1.361306	-0.006089	2.128151
30.168654	1394.261675	1.366310	-0.006118	2.131206
30.292861	1399.274157	1.371315	-0.006148	2.134234
30.305660	1404.630062	1.376320	-0.006151	2.137442
30.409325	1409.763964	1.381325	-0.006176	2.140531
30.527976	1414.731866	1.386330	-0.006205	2.143519
30.435515	1419.926494	1.391334	-0.006183	2.146596
30.706581	1424.986727	1.396339	-0.006248	2.149660
30.631860	1429.979504	1.401344	-0.006231	2.152613
30.763830	1435.170377	1.406349	-0.006263	2.155719
30.879381	1440.370783	1.411354	-0.006291	2.158822
30.892702	1445.403671	1.416358	-0.006294	2.161803
31.005424	1450.497954	1.421363	-0.006322	2.164835
31.080427	1455.654418	1.426368	-0.006340	2.167892
31.034939	1460.751309	1.431373	-0.006329	2.170887
31.136201	1465.755204	1.436378	-0.006354	2.173850
31.174957	1471.156197	1.441382	-0.006363	2.177031
31.232115	1476.293677	1.446387	-0.006378	2.180057
31.261132	1481.233991	1.451392	-0.006385	2.182957
31.303588	1486.406338	1.456397	-0.006395	2.185992
31.445977	1491.515342	1.461402	-0.006430	2.189004
31.442996	1496.513197	1.466406	-0.006429	2.191920
31.665734	1501.621831	1.471411	-0.006483	2.194940
31.711749	1506.913071	1.476416	-0.006494	2.198028
31.782622	1511.956137	1.481421	-0.006512	2.200972
31.900611	1516.951908	1.486426	-0.006540	2.203894
31.960259	1522.110278	1.491430	-0.006555	2.206895
31.937942	1527.249480	1.496435	-0.006550	2.209865
31.954783	1532.238007	1.501440	-0.006554	2.212752
32.056489	1537.526921	1.506445	-0.006579	2.215824
32.259820	1542.699454	1.511450	-0.006628	2.218844
32.257495	1547.697439	1.516454	-0.006628	2.221721
32.307516	1552.825900	1.521459	-0.006640	2.224679
32.425861	1557.915108	1.526464	-0.006668	2.227623
32.505267	1563.002240	1.531469	-0.006688	2.230555
32.566025	1568.020613	1.536474	-0.006703	2.233440
32.634170	1573.316502	1.541478	-0.006719	2.236482
32.739332	1578.481849	1.546483	-0.006745	2.239451
32.714726	1583.441211	1.551488	-0.006739	2.242276
32.791972	1588.610998	1.556493	-0.006758	2.245235
32.876342	1593.716440	1.561498	-0.006779	2.248155
32.877485	1598.765607	1.566502	-0.006779	2.251024
33.101032	1603.777923	1.571507	-0.006833	2.253910
33.051768	1609.206907	1.576512	-0.006822	2.256977
32.964518	1614.378698	1.581517	-0.006801	2.259888
33.019962	1619.318962	1.586522	-0.006815	2.262691
33.289755	1624.417799	1.591526	-0.006880	2.265619
33.329239	1629.603000	1.596531	-0.006889	2.268549
33.389511	1634.536910	1.601536	-0.006904	2.271339
33.537180	1639.656203	1.606541	-0.006940	2.274244
33.773607	1644.905653	1.611546	-0.006997	2.277236
33.689150	1650.019670	1.616550	-0.006977	2.280089
33.805530	1655.013739	1.621555	-0.007005	2.282908
33.774086	1660.176372	1.626560	-0.006998	2.285791
33.845485	1665.343989	1.631565	-0.007015	2.288691
33.857802	1670.256245	1.636570	-0.007018	2.291435
33.934010	1675.421706	1.641574	-0.007037	2.294328
33.929239	1680.787813	1.646579	-0.007036	2.297315
33.925843	1685.869993	1.651584	-0.007036	2.300140
34.074288	1690.869155	1.656589	-0.007072	2.302943
34.073019	1696.030693	1.661594	-0.007072	2.305806
34.236615	1701.160119	1.666598	-0.007111	2.308677
34.228257	1706.108987	1.671603	-0.007109	2.311413
34.414474	1711.244381	1.676608	-0.007154	2.314284
34.571894	1716.511246	1.681613	-0.007192	2.317219
34.543501	1721.589128	1.686618	-0.007186	2.320013
34.479917	1726.661403	1.691622	-0.007171	2.322795
34.606320	1731.804150	1.696627	-0.007202	2.325645
34.674992	1736.910337	1.701632	-0.007218	2.328462
34.535497	1741.921070	1.706637	-0.007185	2.331186
34.868638	1747.030742	1.711642	-0.007265	2.334045
34.947241	1752.403194	1.716646	-0.007285	2.336998
35.026153	1757.451484	1.721651	-0.007304	2.339772
34.972284	1762.465247	1.726656	-0.007291	2.342499
35.242994	1767.564238	1.731661	-0.007356	2.345327
35.266472	1772.733239	1.736666	-0.007362	2.348146
35.330083	1777.696410	1.741670	-0.007378	2.350857
35.471038	1782.815454	1.746675	-0.007412	2.353663
35.512552	1788.131538	1.751680	-0.007422	2.356555
35.532807	1793.238498	1.756685	-0.007427	2.359327
35.475577	1798.227294	1.761690	-0.007414	2.362018
35.584045	1803.393404	1.766694	-0.007440	2.364831
35.653010	1808.493288	1.771699	-0.007457	2.367597
35.579060	1813.517835	1.776704	-0.007440	2.370296
35.592434	1818.643470	1.781709	-0.007443	2.373060
35.809847	1823.977496	1.786714	-0.007496	2.375968
35.835174	1829.106700	1.791718	-0.007502	2.378730
35.813031	1834.084770	1.796723	-0.007497	2.381400
35.926281	1839.224602	1.801728	-0.007525	2.384176
36.161487	1844.331803	1.806733	-0.007581	2.386952
36.052365	1849.443676	1.811738	-0.007555	2.389669
36.112274	1854.459505	1.816742	-0.007570	2.392361
36.189838	1859.724357	1.821747	-0.007589	2.395185
36.242328	1864.930779	1.826752	-0.007602	2.397970
36.315115	1869.896437	1.831757	-0.007620	2.400628
36.523842	1874.972847	1.836762	-0.007670	2.403364
36.462414	1880.147975	1.841766	-0.007655	2.406104
36.533418	1885.242664	1.846771	-0.007673	2.408821
36.564466	1890.207629	1.851776	-0.007681	2.411459
36.819406	1895.449043	1.856781	-0.007742	2.414278
36.785767	1900.762786	1.861786	-0.007734	2.417084
36.907615	1905.738649	1.866790	-0.007764	2.419734
37.083133	1910.756947	1.871795	-0.007806	2.422412
36.958077	1915.962494	1.876800	-0.007776	2.425136
36.867641	1921.154005	1.881805	-0.007755	2.427855
37.062647	1926.046696	1.886810	-0.007802	2.430462
37.013841	1931.246816	1.891814	-0.007791	2.433187
37.131373	1936.540480	1.896819	-0.007819	2.435985
37.116410	1941.641643	1.901824	-0.007816	2.438658
37.143678	1946.634322	1.906829	-0.007823	2.441277
37.324639	1951.756566	1.911834	-0.007866	2.443987
37.273439	1956.950420	1.916838	-0.007855	2.446693
37.406340	1961.921320	1.921843	-0.007887	2.449310
37.466374	1966.929486	1.926848	-0.007901	2.451932
37.694056	1972.248366	1.931853	-0.007956	2.454740
37.579786	1977.520823	1.936858	-0.007929	2.457465
37.697186	1982.455355	1.941862	-0.007958	2.460049
37.788583	1987.572636	1.946867	-0.007980	2.462721
37.989026	1992.678207	1.951872	-0.008028	2.465402
38.088577	1997.789115	1.956877	-0.008052	2.468066
38.088203	2002.739547	1.961882	-0.008053	2.470628
38.210994	2007.905768	1.966886	-0.008082	2.473319
38.230537	2013.221591	1.971891	-0.008087	2.476067
38.176156	2018.320622	1.976896	-0.008075	2.478689
38.280411	2023.312075	1.981901	-0.008100	2.481278
38.303658	2028.477617	1.986906	-0.008106	2.483941
38.285823	2033.676735	1.991910	-0.008102	2.486612
38.486510	2038.652656	1.996915	-0.008150	2.489200
38.424981	2043.692598	2.001920	-0.008136	2.491777
38.539210	2049.025015	2.006925	-0.008164	2.494528
38.568370	2054.282863	2.011930	-0.008171	2.497225
38.608932	2059.242107	2.016934	-0.008181	2.499768
38.626479	2064.355714	2.021939	-0.008185	2.502384
38.694237	2069.499732	2.026944	-0.008202	2.505021
38.766120	2074.649146	2.031949	-0.008219	2.507658
38.876022	2079.550894	2.036954	-0.008246	2.510172
38.905047	2084.741504	2.041958	-0.008253	2.512818
38.855266	2090.109276	2.046963	-0.008242	2.515539
39.021383	2095.151816	2.051968	-0.008282	2.518126
39.145162	2100.099184	2.056973	-0.008312	2.520655
39.281889	2105.220152	2.061978	-0.008345	2.523271
39.274802	2110.398879	2.066982	-0.008344	2.525892
39.364789	2115.481817	2.071987	-0.008365	2.528476
39.448471	2120.460361	2.076992	-0.008386	2.531004
39.390147	2125.804541	2.081997	-0.008372	2.533692
39.490115	2131.077722	2.087002	-0.008396	2.536366
39.588856	2136.057026	2.092006	-0.008420	2.538889
39.626049	2141.079022	2.097011	-0.008430	2.541422
39.649813	2146.243195	2.102016	-0.008436	2.544021
39.725205	2151.394508	2.107021	-0.008454	2.546619
39.759383	2156.369580	2.112026	-0.008463	2.549120
39.837164	2161.472271	2.117030	-0.008481	2.551689
39.932163	2166.769197	2.122035	-0.008505	2.554355
39.810631	2171.994933	2.127040	-0.008476	2.556949
39.931570	2176.927507	2.132045	-0.008505	2.559432
40.150189	2181.999072	2.137050	-0.008558	2.561997
40.225743	2187.167281	2.142054	-0.008576	2.564585
40.116034	2192.360886	2.147059	-0.008550	2.567155
40.241405	2197.263688	2.152064	-0.008581	2.569614
40.388896	2202.408234	2.157069	-0.008616	2.572194
40.445278	2207.776362	2.162074	-0.008630	2.574868
40.641955	2212.857567	2.167078	-0.008677	2.577419
40.595248	2217.802322	2.172083	-0.008667	2.579862
40.589426	2222.944502	2.177088	-0.008665	2.582407
40.719961	2228.081395	2.182093	-0.008697	2.584968
40.744172	2233.188180	2.187098	-0.008703	2.587495
40.790009	2238.137362	2.192102	-0.008714	2.589945
40.965526	2243.258206	2.197107	-0.008757	2.592497
40.987077	2248.586459	2.202112	-0.008762	2.595125
41.027799	2253.708313	2.207117	-0.008772	2.597653
41.158414	2258.616093	2.212122	-0.008804	2.600086
41.147978	2263.796853	2.217126	-0.008802	2.602629
41.256214	2268.951080	2.222131	-0.008828	2.605175
41.305806	2274.026124	2.227136	-0.008840	2.607671
41.284924	2279.020190	2.232141	-0.008836	2.610114
41.222584	2284.294251	2.237146	-0.008821	2.612685
41.428533	2289.627800	2.242150	-0.008871	2.615324
41.535959	2294.678808	2.247155	-0.008897	2.617807
41.442133	2299.668160	2.252160	-0.008875	2.620227
41.559067	2304.815200	2.257165	-0.008903	2.622754
41.557337	2309.966950	2.262170	-0.008903	2.625262
41.728703	2314.995995	2.267174	-0.008944	2.627735
41.850502	2319.972706	2.272179	-0.008974	2.630172
41.901868	2325.158558	2.277184	-0.008986	2.632698
41.929527	2330.474780	2.282189	-0.008993	2.635281
42.097914	2335.467869	2.287194	-0.009034	2.637726
42.104113	2340.472194	2.292198	-0.009036	2.640150
42.100394	2345.674914	2.297203	-0.009035	2.642667
42.120921	2350.820926	2.302208	-0.009040	2.645157
42.277187	2355.846090	2.307213	-0.009078	2.647607
42.267964	2360.856072	2.312218	-0.009076	2.650022
42.332640	2366.152722	2.317222	-0.009092	2.652585
42.216279	2371.567588	2.322227	-0.009065	2.655175
42.450696	2376.546762	2.327232	-0.009121	2.657604
42.511855	2381.546822	2.332237	-0.009136	2.660016
42.523941	2386.704888	2.337242	-0.009139	2.662495
42.646816	2391.826998	2.342246	-0.009169	2.664970
42.680141	2396.891155	2.347251	-0.009177	2.667402
42.581311	2401.913253	2.352256	-0.009154	2.669793
42.748608	2407.117051	2.357261	-0.009194	2.672307
42.769769	2412.413217	2.362266	-0.009200	2.674841
42.778218	2417.506995	2.367270	-0.009202	2.677275
42.801383	2422.477226	2.372275	-0.009208	2.679649
42.970718	2427.564275	2.377280	-0.009249	2.682098
42.892117	2432.781511	2.382285	-0.009230	2.684572
42.962549	2437.859358	2.387290	-0.009247	2.686998
43.082783	2442.769099	2.392294	-0.009277	2.689349
43.157646	2447.990850	2.397299	-0.009295	2.691840
43.311599	2453.376605	2.402304	-0.009332	2.694417
43.411535	2458.482785	2.407309	-0.009356	2.696852
43.418312	2463.395528	2.412314	-0.009358	2.699180
43.396413	2468.556781	2.417318	-0.009353	2.701619
43.484065	2473.732624	2.422323	-0.009375	2.704079
43.457817	2478.872802	2.427328	-0.009369	2.706503
43.569227	2483.804732	2.432333	-0.009396	2.708846
43.676746	2488.911065	2.437338	-0.009422	2.711269
43.513239	2494.370050	2.442342	-0.009383	2.713818
43.796663	2499.466138	2.447347	-0.009451	2.716256
43.865238	2504.313359	2.452352	-0.009468	2.718545
43.915834	2509.476547	2.457357	-0.009480	2.720978
43.895840	2514.654927	2.462362	-0.009476	2.723406
43.966352	2519.822078	2.467366	-0.009493	2.725840
44.091774	2524.756121	2.472371	-0.009523	2.728169
44.093195	2529.876382	2.477376	-0.009524	2.730567
44.115720	2535.306641	2.482381	-0.009530	2.733110
44.124206	2540.482179	2.487386	-0.009532	2.735530
44.162895	2545.454592	2.492390	-0.009542	2.737857
44.368467	2550.434195	2.497395	-0.009591	2.740209
44.292459	2555.633079	2.502400	-0.009573	2.742621
44.378886	2560.807374	2.507405	-0.009594	2.745043
44.482885	2565.774289	2.512410	-0.009620	2.747369
44.532839	2570.805277	2.517414	-0.009632	2.749714
44.624876	2576.099662	2.522419	-0.009654	2.752186
44.720438	2581.303582	2.527424	-0.009678	2.754615
44.805715	2586.356918	2.532429	-0.009698	2.756970
44.772163	2591.371855	2.537434	-0.009691	2.759288
44.853670	2596.506478	2.542438	-0.009710	2.761676
44.905828	2601.660408	2.547443	-0.009723	2.764067
44.891892	2606.781738	2.552448	-0.009720	2.766432
45.002157	2611.728404	2.557453	-0.009747	2.768731
45.010255	2616.939830	2.562458	-0.009749	2.771136
44.997990	2622.389532	2.567462	-0.009747	2.773646
45.068016	2627.515158	2.572467	-0.009764	2.776016
45.202140	2632.392639	2.577472	-0.009796	2.778279
45.226591	2637.545197	2.582477	-0.009802	2.780651
45.226203	2642.717021	2.587482	-0.009803	2.783026
45.289123	2647.852012	2.592486	-0.009818	2.785391
45.278715	2652.780219	2.597491	-0.009816	2.787650
45.448008	2657.838396	2.602496	-0.009857	2.789990
45.519492	2663.143439	2.607501	-0.009874	2.792429
45.509373	2668.388564	2.612506	-0.009872	2.794826
45.615362	2673.358452	2.617510	-0.009898	2.797112
45.579123	2678.440222	2.622515	-0.009889	2.799428
45.759956	2683.529714	2.627520	-0.009933	2.801774
45.657921	2688.749021	2.632525	-0.009909	2.804140
45.784725	2693.788458	2.637530	-0.009940	2.806452
45.790384	2698.771839	2.642534	-0.009941	2.808721
45.869586	2704.020493	2.647539	-0.009961	2.811118
45.904837	2709.433751	2.652544	-0.009969	2.813582
46.205767	2714.521549	2.657549	-0.010042	2.815932
46.188819	2719.401106	2.662554	-0.010038	2.818143
46.251639	2724.564171	2.667558	-0.010053	2.820492
46.305290	2729.734272	2.672563	-0.010066	2.822840
46.288382	2734.888763	2.677568	-0.010063	2.825170
46.519461	2739.791404	2.682573	-0.010118	2.827417
46.561872	2744.899470	2.687578	-0.010129	2.829730
46.561633	2750.213882	2.692582	-0.010129	2.832129
46.469031	2755.489318	2.697587	-0.010107	2.834496
46.526964	2760.487818	2.702592	-0.010122	2.836756
46.535415	2765.541634	2.707597	-0.010124	2.839032
46.613625	2770.664410	2.712602	-0.010143	2.841347
46.656012	2775.819287	2.717606	-0.010153	2.843670
46.736577	2780.856633	2.722611	-0.010173	2.845943
46.810281	2785.783144	2.727616	-0.010191	2.848164
46.930050	2790.980004	2.732621	-0.010220	2.850510
46.903581	2796.430386	2.737626	-0.010214	2.852949
47.066909	2801.533323	2.742630	-0.010253	2.855255
47.142298	2806.455359	2.747635	-0.010272	2.857466
47.129450	2811.578951	2.752640	-0.010269	2.859755
47.062778	2816.841264	2.757645	-0.010253	2.862096
47.238323	2821.894256	2.762650	-0.010296	2.864374
47.178434	2826.938914	2.767654	-0.010282	2.866616
47.238647	2832.007078	2.772659	-0.010297	2.868882
47.303694	2837.211858	2.777664	-0.010312	2.871207
47.420151	2842.504880	2.782669	-0.010341	2.873577
47.615696	2847.507317	2.787674	-0.010388	2.875826
47.580530	2852.483293	2.792678	-0.010380	2.878031
47.581036	2857.691244	2.797683	-0.010380	2.880342
47.640984	2862.844502	2.802688	-0.010395	2.882635
47.725382	2867.983492	2.807693	-0.010415	2.884923
47.768425	2872.935470	2.812698	-0.010426	2.887121
47.755399	2878.030395	2.817702	-0.010423	2.889373
47.748530	2883.510448	2.822707	-0.010422	2.891794
47.815717	2888.727471	2.827712	-0.010438	2.894107
47.861360	2893.730620	2.832717	-0.010450	2.896321
47.863410	2898.713449	2.837722	-0.010450	2.898518
47.951390	2903.926727	2.842726	-0.010472	2.900827
48.035600	2909.011936	2.847731	-0.010492	2.903077
48.002623	2914.120921	2.852736	-0.010485	2.905320
48.323781	2918.969899	2.857741	-0.010562	2.907493
48.202970	2924.196015	2.862746	-0.010533	2.909773
48.262739	2929.512613	2.867750	-0.010548	2.912114
48.442080	2934.632265	2.872755	-0.010591	2.914382
48.503501	2939.587722	2.877760	-0.010606	2.916562
48.635260	2944.675621	2.882765	-0.010638	2.918806
48.630046	2949.814954	2.887770	-0.010637	2.921055
48.562423	2955.005564	2.892774	-0.010621	2.923316
48.601680	2960.076353	2.897779	-0.010631	2.925536
48.687102	2965.046113	2.902784	-0.010652	2.927716
48.699593	2970.249712	2.907789	-0.010655	2.929988
48.819275	2975.687235	2.912794	-0.010684	2.932373
48.953389	2980.776584	2.917798	-0.010717	2.934607
48.914577	2985.754666	2.922803	-0.010708	2.936768
49.001403	2990.832334	2.927808	-0.010729	2.938987
49.068462	2996.028092	2.932813	-0.010745	2.941254
49.127475	3001.162596	2.937818	-0.010760	2.943491
49.165503	3006.207020	2.942822	-0.010769	2.945684
49.181043	3011.204063	2.947827	-0.010773	2.947853
49.281644	3016.363434	2.952832	-0.010798	2.950100
49.358182	3021.717659	2.957837	-0.010816	2.952428
49.372048	3026.871774	2.962842	-0.010820	2.954659
49.260139	3031.831805	2.967846	-0.010793	2.956789
49.351045	3036.920811	2.972851	-0.010815	2.958999
49.479882	3042.062840	2.977856	-0.010847	2.961234
49.599561	3047.229543	2.982861	-0.010876	2.963477
49.700716	3052.207690	2.987866	-0.010900	2.965635
49.563735	3057.241032	2.992870	-0.010868	2.967786
49.758325	3062.447201	2.997875	-0.010915	2.970050
49.868809	3067.880507	3.002880	-0.010941	2.972400
49.993873	3073.010891	3.007885	-0.010972	2.974620
49.966551	3077.888319	3.012890	-0.010965	2.976711
49.897077	3083.089833	3.017894	-0.010949	2.978934
49.934707	3088.285005	3.022899	-0.010959	2.981166
50.048524	3093.401098	3.027904	-0.010986	2.983372
50.122442	3098.409855	3.032909	-0.011004	2.985525
50.092886	3103.453233	3.037914	-0.010997	2.987679
50.145949	3108.645445	3.042918	-0.011010	2.989905
50.216774	3113.993686	3.047923	-0.011028	2.992198
50.206250	3119.166549	3.052928	-0.011026	2.994405
50.358130	3123.943323	3.057933	-0.011062	2.996460
50.436991	3129.035845	3.062938	-0.011081	2.998640
50.621110	3134.201160	3.067942	-0.011126	3.000863
50.492690	3139.379262	3.072947	-0.011095	3.003051
50.560181	3144.421688	3.077952	-0.011112	3.005204
50.609578	3149.408965	3.082957	-0.011124	3.007329
50.614623	3154.590349	3.087962	-0.011126	3.009530
50.781645	3160.051905	3.092966	-0.011166	3.011868
50.638137	3165.261176	3.097971	-0.011132	3.014059
50.716969	3170.146535	3.102976	-0.011151	3.016139
50.863113	3175.207982	3.107981	-0.011186	3.018300
50.963619	3180.361333	3.112986	-0.011211	3.020492
50.928897	3185.517617	3.117990	-0.011203	3.022668
50.939640	3190.644773	3.122995	-0.011206	3.024836
51.055690	3195.563122	3.128000	-0.011234	3.026926
51.153457	3200.687720	3.133005	-0.011258	3.029100
51.290344	3206.038318	3.138010	-0.011291	3.031372
51.284033	3211.210317	3.143014	-0.011289	3.033551
51.356584	3216.201306	3.148019	-0.011307	3.035661
51.303617	3221.256462	3.153024	-0.011295	3.037781
51.389899	3226.460809	3.158029	-0.011316	3.039979
51.484124	3231.582719	3.163034	-0.011339	3.042142
51.398630	3236.773102	3.168038	-0.011319	3.044311
51.489836	3241.665004	3.173043	-0.011341	3.046374
51.391482	3246.854998	3.178048	-0.011318	3.048538
51.538984	3252.277632	3.183053	-0.011353	3.050827
51.575710	3257.502055	3.188058	-0.011362	3.053019
51.744127	3262.458048	3.193062	-0.011403	3.055112
51.928769	3267.406975	3.198067	-0.011447	3.057202
51.796690	3272.587401	3.203072	-0.011416	3.059351
51.740446	3277.798738	3.208077	-0.011403	3.061519
51.907075	3282.921992	3.213082	-0.011443	3.063676
52.033073	3287.831832	3.218086	-0.011474	3.065738
52.013007	3292.943420	3.223091	-0.011469	3.067865
52.105611	3298.184509	3.228096	-0.011492	3.070057
52.061937	3303.508856	3.233101	-0.011482	3.072267
52.056229	3308.613768	3.238106	-0.011481	3.074388
52.290979	3313.467704	3.243110	-0.011537	3.076432
52.409114	3318.605098	3.248115	-0.011566	3.078578
52.353651	3323.815000	3.253120	-0.011553	3.080733
52.524149	3328.954066	3.258125	-0.011594	3.082883
52.466706	3333.981051	3.263130	-0.011581	3.084959
52.608162	3338.955854	3.268134	-0.011615	3.087035
52.604750	3344.215314	3.273139	-0.011614	3.089210
52.585132	3349.642398	3.278144	-0.011610	3.091452
52.665768	3354.821680	3.283149	-0.011630	3.093601
52.636843	3359.748423	3.288154	-0.011623	3.095631
52.619909	3364.837040	3.293158	-0.011619	3.097728
52.683084	3369.972692	3.298163	-0.011635	3.099853
52.770747	3375.134642	3.303168	-0.011656	3.101990
52.664668	3380.326020	3.308173	-0.011631	3.104115
52.897245	3385.166379	3.313178	-0.011687	3.106133
52.958078	3390.318248	3.318182	-0.011702	3.108258
52.964283	3395.694072	3.323187	-0.011704	3.110467
52.996353	3400.839866	3.328192	-0.011712	3.112584
53.099850	3405.887147	3.333197	-0.011737	3.114667
53.247692	3410.830343	3.338202	-0.011772	3.116710
53.241123	3416.011724	3.343206	-0.011771	3.118833
53.397324	3421.144653	3.348211	-0.011809	3.120952
53.322435	3426.329894	3.353216	-0.011791	3.123065
53.466143	3431.296940	3.358221	-0.011826	3.125113
53.381507	3436.387055	3.363226	-0.011806	3.127183
53.460892	3441.556719	3.368230	-0.011826	3.129303
53.356060	3447.008140	3.373235	-0.011801	3.131516
53.633754	3452.107999	3.378240	-0.011868	3.133627
53.635512	3456.982663	3.383245	-0.011868	3.135614
53.636354	3462.116004	3.388250	-0.011869	3.137705
53.626363	3467.314072	3.393254	-0.011867	3.139820
53.776235	3472.414721	3.398259	-0.011903	3.141911
53.733181	3477.543599	3.403264	-0.011893	3.143991
53.898216	3482.430912	3.408269	-0.011933	3.145995
53.843256	3487.605112	3.413274	-0.011920	3.148089
53.911813	3492.998154	3.418278	-0.011937	3.150284
54.014419	3498.171449	3.423283	-0.011962	3.152393
53.964114	3503.212239	3.428288	-0.011950	3.154429
53.997777	3508.221606	3.433293	-0.011958	3.156461
53.955537	3513.396325	3.438298	-0.011949	3.158550
54.066374	3518.526223	3.443302	-0.011975	3.160637
54.203013	3523.687254	3.448307	-0.012009	3.162737
54.247525	3528.628792	3.453312	-0.012019	3.164737
54.392857	3533.669642	3.458317	-0.012055	3.166787
54.440675	3538.911700	3.463322	-0.012066	3.168907
54.446529	3544.338501	3.468326	-0.012068	3.171094
54.453440	3549.495016	3.473331	-0.012070	3.173172
54.709473	3554.350816	3.478336	-0.012132	3.175154
54.628501	3559.498419	3.483341	-0.012113	3.177216
54.624796	3564.683358	3.488346	-0.012112	3.179299
54.656542	3569.836347	3.493350	-0.012120	3.181373
54.728599	3574.957578	3.498355	-0.012138	3.183436
54.749973	3579.825874	3.503360	-0.012143	3.185391
54.814338	3585.007918	3.508365	-0.012159	3.187476
54.761931	3590.357756	3.513370	-0.012147	3.189614
54.931548	3595.539064	3.518374	-0.012188	3.191707
55.041608	3600.648762	3.523379	-0.012214	3.193763
55.059763	3605.533796	3.528384	-0.012219	3.195718
54.984271	3610.750546	3.533389	-0.012201	3.197795
55.204205	3615.891798	3.538394	-0.012254	3.199872
55.122843	3621.071510	3.543398	-0.012235	3.201930
55.328275	3626.111536	3.548403	-0.012285	3.203963
55.260975	3631.076200	3.553408	-0.012269	3.205934
55.274778	3636.261754	3.558413	-0.012272	3.208001
55.377422	3641.670514	3.563418	-0.012297	3.210166
55.304821	3646.818089	3.568422	-0.012280	3.212205
55.374164	3651.851842	3.573427	-0.012297	3.214214
55.495036	3656.790697	3.578432	-0.012326	3.216189
55.452818	3662.001778	3.583437	-0.012317	3.218254
55.751902	3667.083586	3.588442	-0.012389	3.220303
55.697806	3672.252579	3.593446	-0.012376	3.222347
55.718753	3677.248494	3.598451	-0.012381	3.224329
55.977765	3682.179146	3.603456	-0.012444	3.226309
55.837475	3687.482055	3.608461	-0.012410	3.228393
55.863428	3692.812876	3.613466	-0.012417	3.230505
56.033172	3697.943239	3.618470	-0.012458	3.232551
55.988492	3702.899248	3.623475	-0.012448	3.234504
55.852964	3708.026706	3.628480	-0.012415	3.236514
55.917981	3713.197383	3.633485	-0.012431	3.238561
55.883459	3718.388690	3.638490	-0.012423	3.240604
56.154431	3723.455763	3.643494	-0.012489	3.242630
56.079408	3728.405211	3.648499	-0.012471	3.244571
56.114651	3733.495319	3.653504	-0.012480	3.246578
56.184125	3738.836618	3.658509	-0.012497	3.248687
56.214585	3744.206208	3.663514	-0.012504	3.250801
56.428161	3749.281251	3.668518	-0.012556	3.252817
56.533144	3754.137346	3.673523	-0.012581	3.254734
56.448340	3759.316339	3.678528	-0.012561	3.256757
56.452043	3764.501834	3.683533	-0.012563	3.258791
56.488661	3769.621968	3.688538	-0.012572	3.260801
56.486706	3774.804262	3.693542	-0.012572	3.262831
56.642441	3779.639521	3.698547	-0.012609	3.264739
56.694094	3784.761834	3.703552	-0.012622	3.266748
56.670072	3790.119288	3.708557	-0.012616	3.268840
56.843818	3795.316913	3.713562	-0.012658	3.270889
56.843148	3800.472541	3.718566	-0.012658	3.272902
56.928568	3805.232950	3.723571	-0.012679	3.274768
57.021963	3810.364756	3.728576	-0.012702	3.276779
57.231047	3815.493689	3.733581	-0.012752	3.278799
57.257121	3820.641061	3.738586	-0.012759	3.280807
57.220354	3825.795528	3.743590	-0.012750	3.282809
57.247011	3830.673693	3.748595	-0.012757	3.284710
57.256657	3835.850008	3.753600	-0.012760	3.286723
57.282902	3841.284698	3.758605	-0.012766	3.288837
57.232904	3846.614512	3.763610	-0.012755	3.290901
57.203157	3851.770838	3.768614	-0.012748	3.292899
57.289919	3856.609384	3.773619	-0.012769	3.294785
57.281484	3861.764504	3.778624	-0.012767	3.296782
57.389989	3866.912619	3.783629	-0.012794	3.298787
57.503673	3872.064956	3.788634	-0.012821	3.300793
57.450479	3877.208286	3.793638	-0.012809	3.302778
57.612328	3882.064184	3.798643	-0.012848	3.304672
57.743824	3887.182319	3.803648	-0.012880	3.306663
57.696640	3892.525645	3.808653	-0.012869	3.308722
57.804213	3897.792419	3.813658	-0.012895	3.310765
57.937956	3902.859623	3.818662	-0.012927	3.312733
58.017803	3907.727862	3.823667	-0.012947	3.314618
58.013791	3912.888589	3.828672	-0.012946	3.316606
58.001925	3918.084496	3.833677	-0.012943	3.318605
57.995871	3923.251965	3.838682	-0.012942	3.320593
58.022794	3928.392699	3.843686	-0.012949	3.322573
58.088054	3933.276122	3.848691	-0.012965	3.324456
58.189416	3938.412152	3.853696	-0.012990	3.326439
58.153690	3943.819310	3.858701	-0.012982	3.328511
58.327171	3949.094870	3.863706	-0.013023	3.330553
58.285685	3954.232483	3.868710	-0.013014	3.332518
58.257476	3959.141422	3.873715	-0.013007	3.334397
58.337703	3964.241461	3.878720	-0.013027	3.336358
58.411085	3969.457299	3.883725	-0.013045	3.338362
58.356558	3974.580142	3.888730	-0.013032	3.340316
58.464927	3979.737462	3.893734	-0.013058	3.342298
58.556415	3984.574564	3.898739	-0.013081	3.344155
58.448547	3989.754631	3.903744	-0.013055	3.346123
58.438656	3995.036356	3.908749	-0.013053	3.348137
58.553878	4000.337550	3.913754	-0.013081	3.350170
58.695709	4005.466257	3.918758	-0.013115	3.352140
58.803980	4010.347787	3.923763	-0.013141	3.354010
58.929499	4015.455587	3.928768	-0.013172	3.355967
58.864149	4020.628723	3.933773	-0.013157	3.357929
59.125309	4025.728411	3.938778	-0.013219	3.359894
59.155150	4030.852277	3.943782	-0.013227	3.361845
59.135428	4035.804642	3.948787	-0.013222	3.363724
59.236906	4040.878622	3.953792	-0.013247	3.365660
59.099517	4046.231154	3.958797	-0.013215	3.367677
59.278592	4051.652444	3.963802	-0.013258	3.369750
59.259092	4056.784501	3.968806	-0.013253	3.371693
59.270069	4061.734278	3.973811	-0.013256	3.373569
59.299663	4066.771059	3.978816	-0.013264	3.375478
59.307457	4071.964972	3.983821	-0.013266	3.377444
59.457008	4077.077906	3.988826	-0.013302	3.379392
59.445078	4082.252421	3.993830	-0.013300	3.381346
59.437101	4087.250278	3.998835	-0.013298	3.383233
59.564217	4092.235640	4.003840	-0.013329	3.385127
59.670204	4097.382489	4.008845	-0.013354	3.387078
59.636061	4102.835487	4.013850	-0.013347	3.389131
59.770650	4107.983552	4.018854	-0.013379	3.391084
59.896923	4112.957666	4.023859	-0.013410	3.392969
59.814949	4117.913116	4.028864	-0.013390	3.394826
59.797161	4123.154310	4.033869	-0.013387	3.396796
60.026586	4128.235609	4.038874	-0.013442	3.398728
60.097840	4133.401595	4.043878	-0.013459	3.400676
60.105764	4138.469704	4.048883	-0.013461	3.402580
60.063863	4143.439547	4.053888	-0.013452	3.404441
60.156327	4148.565498	4.058893	-0.013474	3.406372
60.353225	4154.013953	4.063898	-0.013522	3.408434
60.490928	4159.219340	4.068902	-0.013555	3.410397
60.291180	4164.332277	4.073907	-0.013508	3.412292
60.216908	4169.211970	4.078912	-0.013490	3.414111
60.491895	4174.392369	4.083917	-0.013556	3.416075
60.598304	4179.543309	4.088922	-0.013582	3.418011
60.404286	4184.740372	4.093926	-0.013536	3.419934
60.438130	4189.886597	4.098931	-0.013544	3.421859
60.407337	4194.741910	4.103936	-0.013537	3.423667
60.488205	4199.926045	4.108941	-0.013557	3.425609
60.642460	4205.188105	4.113946	-0.013594	3.427585
60.592186	4210.493274	4.118950	-0.013583	3.429556
60.662500	4215.638805	4.123955	-0.013600	3.431479
60.740993	4220.501501	4.128960	-0.013619	3.433296
61.024632	4225.456875	4.133965	-0.013687	3.435166
60.896808	4230.650011	4.138970	-0.013657	3.437084
60.941285	4235.831228	4.143974	-0.013668	3.439013
60.987135	4240.979694	4.148979	-0.013679	3.440929
61.017562	4245.904425	4.153984	-0.013687	3.442760
61.042005	4251.026126	4.158989	-0.013693	3.444662
61.160104	4256.162921	4.163994	-0.013721	3.446577
61.074404	4261.780427	4.168998	-0.013701	3.448650
61.130814	4266.888408	4.174003	-0.013715	3.450547
61.100694	4271.886312	4.179008	-0.013708	3.452393
61.381463	4276.814231	4.184013	-0.013776	3.454242
61.318285	4282.011793	4.189018	-0.013761	3.456158
61.483733	4287.152187	4.194022	-0.013801	3.458073
61.430828	4292.311430	4.199027	-0.013789	3.459973
61.425982	4297.414697	4.204032	-0.013788	3.461855
61.619604	4302.285612	4.209037	-0.013834	3.463670
61.509164	4307.484773	4.214042	-0.013808	3.465577
61.538193	4312.796188	4.219046	-0.013816	3.467536
61.524516	4318.060422	4.224051	-0.013813	3.469473
61.669548	4323.204088	4.229056	-0.013848	3.471380
61.744342	4328.049276	4.234061	-0.013866	3.473169
61.633310	4333.246572	4.239066	-0.013840	3.475070
61.896128	4338.344967	4.244070	-0.013903	3.476968
61.877007	4343.554348	4.249075	-0.013899	3.478879
61.853406	4348.716672	4.254080	-0.013893	3.480771
61.951400	4353.662846	4.259085	-0.013917	3.482595
62.113396	4358.655907	4.264090	-0.013956	3.484441
62.091010	4363.882431	4.269094	-0.013951	3.486354
62.111137	4369.382434	4.274099	-0.013957	3.488370
62.265969	4374.575987	4.279104	-0.013994	3.490285
62.243445	4379.589377	4.284109	-0.013989	3.492117
62.237150	4384.523571	4.289114	-0.013988	3.493921
62.281637	4389.638890	4.294118	-0.013999	3.495794
62.471458	4394.850239	4.299123	-0.014044	3.497715
62.312768	4400.004460	4.304128	-0.014007	3.499582
62.380928	4405.155522	4.309133	-0.014023	3.501468
62.365067	4410.065955	4.314138	-0.014020	3.503257
62.554839	4415.151566	4.319142	-0.014066	3.505128
62.633878	4420.478728	4.324147	-0.014085	3.507076
62.612624	4425.732908	4.329152	-0.014080	3.508987
62.696523	4430.923160	4.334157	-0.014101	3.510883
62.687617	4435.832186	4.339162	-0.014099	3.512668
62.833033	4440.863859	4.344166	-0.014134	3.514510
62.826176	4446.105794	4.349171	-0.014133	3.516414
62.735661	4451.250300	4.354176	-0.014111	3.518274
62.704881	4456.468552	4.359181	-0.014104	3.520165
62.673188	4461.461685	4.364186	-0.014097	3.521973
62.794507	4466.407828	4.369190	-0.014126	3.523777
62.911324	4471.617942	4.374195	-0.014155	3.525676
63.076284	4477.098239	4.379200	-0.014195	3.527675
63.179455	4482.289160	4.384205	-0.014220	3.529564
63.249879	4487.428937	4.389210	-0.014237	3.531429
63.350018	4492.203018	4.394214	-0.014261	3.533165
63.255474	4497.429918	4.399219	-0.014239	3.535045
63.198672	4502.606911	4.404224	-0.014226	3.536910
63.449144	4507.710799	4.409229	-0.014286	3.538775
63.327271	4512.914670	4.414234	-0.014257	3.540641
63.507957	4517.778246	4.419238	-0.014301	3.542412
63.484575	4522.876234	4.424243	-0.014295	3.544247
63.369127	4528.078661	4.429248	-0.014268	3.546111
63.396225	4533.532768	4.434253	-0.014275	3.548077
63.465553	4538.709530	4.439258	-0.014292	3.549946
63.421580	4543.712320	4.444262	-0.014282	3.551742
63.566402	4548.633356	4.449267	-0.014317	3.553524
63.527086	4553.812966	4.454272	-0.014307	3.555381
63.701348	4558.955294	4.459277	-0.014350	3.557244
63.791119	4564.083065	4.464282	-0.014371	3.559092
63.913997	4569.190529	4.469286	-0.014401	3.560935
63.871695	4574.075132	4.474291	-0.014391	3.562683
63.907082	4579.202524	4.479296	-0.014400	3.564524
63.949095	4584.546270	4.484301	-0.014410	3.566442
64.063797	4589.929001	4.489306	-0.014438	3.568379
64.002617	4595.075434	4.494310	-0.014424	3.570215
64.164296	4600.018344	4.499315	-0.014463	3.571997
64.040755	4605.089287	4.504320	-0.014434	3.573799
64.091154	4610.263132	4.509325	-0.014446	3.575652
64.340964	4615.380844	4.514330	-0.014506	3.577501
64.360323	4620.528397	4.519334	-0.014511	3.579340
64.283859	4625.619940	4.524339	-0.014493	3.581149
64.519862	4630.458358	4.529344	-0.014550	3.582895
64.518588	4635.633688	4.534349	-0.014550	3.584739
64.500233	4640.997372	4.539354	-0.014546	3.586648
64.611861	4646.218765	4.544358	-0.014573	3.588517
64.474233	4651.452429	4.549363	-0.014541	3.590367
64.517787	4656.379023	4.554368	-0.014551	3.592123
64.591791	4661.408621	4.559373	-0.014569	3.593917
64.524371	4666.634575	4.564378	-0.014554	3.595768
64.716312	4671.781084	4.569382	-0.014600	3.597612
64.561631	4676.997716	4.574387	-0.014563	3.599450
64.755439	4681.971315	4.579392	-0.014610	3.601231
64.902114	4686.936974	4.584397	-0.014645	3.603004
64.990585	4692.039229	4.589402	-0.014667	3.604820
64.827151	4697.598958	4.594406	-0.014628	3.606775
65.068702	4702.820875	4.599411	-0.014686	3.608644
65.124341	4707.837736	4.604416	-0.014700	3.610424
65.028271	4712.736101	4.609421	-0.014677	3.612148
65.157986	4717.802489	4.614426	-0.014709	3.613950
65.020519	4723.014447	4.619430	-0.014676	3.615780
65.136699	4728.171537	4.624435	-0.014704	3.617611
65.232117	4733.304493	4.629440	-0.014727	3.619430
65.343738	4738.319270	4.634445	-0.014754	3.621209
65.257259	4743.295349	4.639450	-0.014734	3.622956
65.261927	4748.463383	4.644454	-0.014735	3.624778
65.310462	4753.830796	4.649459	-0.014747	3.626673
65.485124	4759.045296	4.654464	-0.014790	3.628523
65.634105	4764.183570	4.659469	-0.014826	3.630344
65.578389	4769.013716	4.664474	-0.014813	3.632038
65.598347	4774.131522	4.669478	-0.014818	3.633839
65.786856	4779.279410	4.674483	-0.014863	3.635664
65.736325	4784.471919	4.679488	-0.014851	3.637483
65.779745	4789.602420	4.684493	-0.014862	3.639287
65.725767	4794.676300	4.689498	-0.014849	3.641063
65.711648	4799.617422	4.694502	-0.014846	3.642794
65.762537	4804.800856	4.699507	-0.014859	3.644615
65.792444	4810.259399	4.704512	-0.014866	3.646530
65.821343	4815.564092	4.709517	-0.014874	3.648390
65.957694	4820.717049	4.714522	-0.014907	3.650205
65.942053	4825.545970	4.719526	-0.014903	3.651892
66.042764	4830.675935	4.724531	-0.014928	3.653694
66.149333	4835.796334	4.729536	-0.014954	3.655493
66.189618	4840.979081	4.734541	-0.014964	3.657306
66.200168	4846.097335	4.739546	-0.014966	3.659094
66.321331	4851.144026	4.744550	-0.014996	3.660865
66.405561	4856.057044	4.749555	-0.015016	3.662586
66.307740	4861.241040	4.754560	-0.014993	3.664384
66.394913	4866.642979	4.759565	-0.015014	3.666274
66.306741	4871.872866	4.764570	-0.014994	3.668088
66.312946	4877.008178	4.769574	-0.014995	3.669876
66.626598	4881.885504	4.774579	-0.015071	3.671599
66.448676	4887.016068	4.779584	-0.015029	3.673368
66.468211	4892.196926	4.784589	-0.015034	3.675170
66.613135	4897.328712	4.789594	-0.015069	3.676965
66.732495	4902.490766	4.794598	-0.015097	3.678768
66.774530	4907.576731	4.799603	-0.015108	3.680536
66.910975	4912.406720	4.804608	-0.015141	3.682223
66.875646	4917.627680	4.809613	-0.015133	3.684030
66.957406	4923.011528	4.814618	-0.015153	3.685903
67.020907	4928.361938	4.819622	-0.015168	3.687761
66.907240	4933.545398	4.824627	-0.015141	3.689547
66.852152	4938.426779	4.829632	-0.015128	3.691231
67.134124	4943.488192	4.834637	-0.015196	3.693005
69.896225	4947.970090	4.839642	-0.015857	3.694782
70.053834	4953.117142	4.844646	-0.015895	3.696574
70.136622	4958.267380	4.849651	-0.015915	3.698359
70.231899	4963.381885	4.854656	-0.015939	3.700132
70.429276	4968.181361	4.859661	-0.015986	3.701804
70.575646	4973.280421	4.864666	-0.016021	3.703575
70.577680	4978.576608	4.869670	-0.016022	3.705401
70.544305	4983.928224	4.874675	-0.016015	3.707242
70.574208	4989.089736	4.879680	-0.016022	3.709022
70.594517	4994.100875	4.884685	-0.016027	3.710748
70.689308	4999.075823	4.889690	-0.016050	3.712467
70.697402	5004.257990	4.894694	-0.016053	3.714250
70.554186	5009.502092	4.899699	-0.016019	3.716041
70.712699	5014.565470	4.904704	-0.016057	3.717793
70.898957	5019.694756	4.909709	-0.016102	3.719570
70.963382	5024.563307	4.914714	-0.016118	3.721246
70.834809	5029.768212	4.919718	-0.016087	3.723021
70.901351	5034.951340	4.924723	-0.016103	3.724804
70.991174	5040.448552	4.929728	-0.016125	3.726695
71.090582	5045.627274	4.934733	-0.016149	3.728477
71.152292	5050.701569	4.939738	-0.016165	3.730219
71.227414	5055.500459	4.944742	-0.016183	3.731868
71.264398	5060.729466	4.949747	-0.016192	3.733660
71.229259	5065.922259	4.954752	-0.016184	3.735432
71.289976	5071.043791	4.959757	-0.016199	3.737187
71.316285	5076.245316	4.964762	-0.016205	3.738966
71.380659	5081.203508	4.969766	-0.016221	3.740664
71.309027	5086.205975	4.974771	-0.016204	3.742366
71.346285	5091.371879	4.979776	-0.016214	3.744131
71.493359	5096.748022	4.984781	-0.016249	3.745976
71.560825	5101.954020	4.989786	-0.016266	3.747755
71.724844	5107.083060	4.994790	-0.016305	3.749516
71.538175	5112.008694	4.999795	-0.016261	3.751178
71.724776	5117.043614	5.004800	-0.016306	3.752906
71.776345	5122.250204	5.009805	-0.016319	3.754681
71.877758	5127.359455	5.014810	-0.016343	3.756426
71.833899	5132.567540	5.019814	-0.016333	3.758193
71.734355	5137.669713	5.024819	-0.016310	3.759918
71.716679	5142.552754	5.029824	-0.016306	3.761575
71.777836	5147.806918	5.034829	-0.016321	3.763363
71.890546	5153.143642	5.039834	-0.016348	3.765182
71.850182	5158.560096	5.044838	-0.016339	3.767015
71.942368	5163.732687	5.049843	-0.016361	3.768775
72.015532	5168.638359	5.054848	-0.016379	3.770443
72.100054	5173.679161	5.059853	-0.016399	3.772156
72.121474	5178.824609	5.064858	-0.016405	3.773899
72.209262	5183.952408	5.069862	-0.016426	3.775640
72.226104	5189.152645	5.074867	-0.016431	3.777400
72.248903	5194.251366	5.079872	-0.016436	3.779125
72.221044	5199.205174	5.084877	-0.016430	3.780796
72.247484	5204.314118	5.089882	-0.016437	3.782523
72.283213	5209.414001	5.094886	-0.016446	3.784247
72.428650	5214.885161	5.099891	-0.016481	3.786104
72.522254	5220.016344	5.104896	-0.016504	3.787842
72.563435	5225.188909	5.109901	-0.016514	3.789588
72.611825	5229.963611	5.114906	-0.016526	3.791200
72.573129	5235.190777	5.119910	-0.016517	3.792957
72.734066	5240.339001	5.124915	-0.016556	3.794702
72.798568	5245.445074	5.129920	-0.016571	3.796425
72.697301	5250.706872	5.134925	-0.016547	3.798187
72.785092	5255.681289	5.139930	-0.016569	3.799865
72.815509	5260.645128	5.144934	-0.016576	3.801535
72.833664	5265.807401	5.149939	-0.016581	3.803270
72.973129	5271.002734	5.154944	-0.016615	3.805025
72.900536	5276.396346	5.159949	-0.016598	3.806829
72.779539	5281.656480	5.164954	-0.016569	3.808583
72.810894	5286.540228	5.169958	-0.016577	3.810223
73.187043	5291.511896	5.174963	-0.016667	3.811917
73.063585	5296.672347	5.179968	-0.016638	3.813636
73.224634	5301.875250	5.184973	-0.016677	3.815390
73.162666	5307.017855	5.189978	-0.016663	3.817106
73.219073	5312.172051	5.194982	-0.016676	3.818834
73.283978	5317.091251	5.199987	-0.016692	3.820483
73.351873	5322.121256	5.204992	-0.016709	3.822169
73.334240	5327.386235	5.209997	-0.016705	3.823926
73.380879	5332.805442	5.215002	-0.016716	3.825739
73.331690	5337.978662	5.220006	-0.016705	3.827461
73.377587	5343.111889	5.225011	-0.016716	3.829177
73.514483	5347.921318	5.230016	-0.016749	3.830790
73.541660	5353.038960	5.235021	-0.016756	3.832498
73.612094	5358.255908	5.240026	-0.016773	3.834241
73.603007	5363.370499	5.245030	-0.016772	3.835943
73.668015	5368.578400	5.250035	-0.016787	3.837681
73.758647	5373.668324	5.255040	-0.016810	3.839381
73.850351	5378.556492	5.260045	-0.016832	3.841013
73.970644	5383.635704	5.265050	-0.016861	3.842710
73.849113	5389.040027	5.270054	-0.016832	3.844496
73.996091	5394.425370	5.275059	-0.016868	3.846295
73.850335	5399.648234	5.280064	-0.016833	3.848018
73.931091	5404.605534	5.285069	-0.016853	3.849668
74.149226	5409.518792	5.290074	-0.016905	3.851314
74.031270	5414.640348	5.295078	-0.016877	3.853003
73.975951	5419.885654	5.300083	-0.016865	3.854736
74.060661	5424.968670	5.305088	-0.016885	3.856426
74.131047	5430.206233	5.310093	-0.016902	3.858165
74.290475	5435.090080	5.315098	-0.016941	3.859793
74.315468	5440.105538	5.320102	-0.016947	3.861453
74.342141	5445.245580	5.325107	-0.016954	3.863155
74.420119	5450.641874	5.330112	-0.016973	3.864943
74.493482	5455.879116	5.335117	-0.016991	3.866679
74.554064	5461.062972	5.340122	-0.017006	3.868395
74.615163	5465.934867	5.345126	-0.017021	3.870007
74.622604	5470.983715	5.350131	-0.017023	3.871673
74.575687	5476.124625	5.355136	-0.017012	3.873364
74.521960	5481.393419	5.360141	-0.016999	3.875097
74.763932	5486.474895	5.365146	-0.017057	3.876788
74.825230	5491.571735	5.370150	-0.017072	3.878471
74.630517	5496.584991	5.375155	-0.017026	3.880107
74.881528	5501.548745	5.380160	-0.017087	3.881758
74.892773	5506.757401	5.385165	-0.017090	3.883472
74.997349	5512.313209	5.390170	-0.017115	3.885306
74.977941	5517.525903	5.395174	-0.017111	3.887017
74.933153	5522.723742	5.400179	-0.017100	3.888721
75.062682	5527.504365	5.405184	-0.017132	3.890299
75.091108	5532.621705	5.410189	-0.017139	3.891981
75.132214	5537.764141	5.415194	-0.017149	3.893670
75.126462	5542.944999	5.420198	-0.017148	3.895368
75.260032	5548.063685	5.425203	-0.017180	3.897055
75.123035	5553.245909	5.430208	-0.017148	3.898743
75.276023	5558.077693	5.435213	-0.017185	3.900336
75.243406	5563.220940	5.440218	-0.017177	3.902017
75.403493	5568.351186	5.445222	-0.017216	3.903707
75.481298	5573.813331	5.450227	-0.017235	3.905499
75.539175	5579.029259	5.455232	-0.017249	3.907208
75.618463	5584.054440	5.460237	-0.017268	3.908855
75.672591	5588.941055	5.465242	-0.017282	3.910455
75.637094	5594.137512	5.470246	-0.017274	3.912148
75.653922	5599.303547	5.475251	-0.017278	3.913835
75.707240	5604.457027	5.480256	-0.017291	3.915520
75.797488	5609.592111	5.485261	-0.017313	3.917201
75.855359	5614.678146	5.490266	-0.017327	3.918862
75.777301	5619.618123	5.495270	-0.017309	3.920466
75.869661	5624.802453	5.500275	-0.017331	3.922160
75.879125	5630.095647	5.505280	-0.017334	3.923883
75.958945	5635.578174	5.510285	-0.017353	3.925673
76.116856	5640.722359	5.515290	-0.017391	3.927357
76.031220	5645.746713	5.520294	-0.017371	3.928984
76.151921	5650.626712	5.525299	-0.017400	3.930578
76.187069	5655.804501	5.530304	-0.017409	3.932262
76.276710	5660.953283	5.535309	-0.017431	3.933939
76.314169	5666.114815	5.540314	-0.017440	3.935617
76.269559	5671.301424	5.545318	-0.017430	3.937296
76.316363	5676.328550	5.550323	-0.017441	3.938929
76.336910	5681.252735	5.555328	-0.017447	3.940526
76.374894	5686.412230	5.560333	-0.017456	3.942200
76.292046	5691.678559	5.565338	-0.017437	3.943900
76.449902	5697.043890	5.570342	-0.017475	3.945647
76.433745	5702.222961	5.575347	-0.017471	3.947322
76.571895	5707.178267	5.580352	-0.017505	3.948934
76.695030	5712.118645	5.585357	-0.017534	3.950539
76.704377	5717.277318	5.590362	-0.017537	3.952207
76.832940	5722.424676	5.595366	-0.017568	3.953878
76.925079	5727.599625	5.600371	-0.017591	3.955556
76.826516	5732.725551	5.605376	-0.017567	3.957203
76.865078	5737.800417	5.610381	-0.017577	3.958842
76.800684	5742.700355	5.615386	-0.017562	3.960418
76.850603	5747.874735	5.620390	-0.017574	3.962089
76.970431	5753.252232	5.625395	-0.017603	3.963830
77.017528	5758.646031	5.630400	-0.017615	3.965570
77.006824	5763.828754	5.635405	-0.017612	3.967237
76.980742	5768.881124	5.640410	-0.017607	3.968861
77.092134	5773.789168	5.645414	-0.017634	3.970448
77.176243	5778.924651	5.650419	-0.017654	3.972104
77.312865	5784.113096	5.655424	-0.017687	3.973781
77.418082	5789.248377	5.660429	-0.017713	3.975438
77.362253	5794.376015	5.665434	-0.017700	3.977081
77.316374	5799.401440	5.670438	-0.017689	3.978690
77.525241	5804.363010	5.675443	-0.017739	3.980297
77.499163	5809.511875	5.680448	-0.017733	3.981946
77.615917	5814.767376	5.685453	-0.017762	3.983639
77.571110	5820.188716	5.690458	-0.017751	3.985373
77.571979	5825.306141	5.695462	-0.017752	3.987012
77.713163	5830.327102	5.700467	-0.017786	3.988629
77.760429	5835.216244	5.705472	-0.017798	3.990197
77.824406	5840.374111	5.710477	-0.017813	3.991851
77.924471	5845.540033	5.715482	-0.017837	3.993510
77.977687	5850.694780	5.720486	-0.017851	3.995161
78.035949	5855.864274	5.725491	-0.017865	3.996817
77.962648	5860.935166	5.730496	-0.017848	3.998431
78.107237	5865.853640	5.735501	-0.017882	4.000011
78.148673	5871.066350	5.740506	-0.017893	4.001677
78.177005	5876.309513	5.745510	-0.017900	4.003352
78.096334	5881.867191	5.750515	-0.017881	4.005118
78.134688	5887.007880	5.755520	-0.017890	4.006759
78.302682	5892.033704	5.760525	-0.017931	4.008371
78.354686	5896.852092	5.765530	-0.017944	4.009909
78.243118	5902.013424	5.770534	-0.017917	4.011545
78.333119	5907.231837	5.775539	-0.017939	4.013211
78.418808	5912.355192	5.780544	-0.017960	4.014846
78.525728	5917.503630	5.785549	-0.017986	4.016491
78.682356	5922.587590	5.790554	-0.018024	4.018117
78.553071	5927.456497	5.795558	-0.017993	4.019655
78.735970	5932.611698	5.800563	-0.018037	4.021304
78.720893	5937.683388	5.805568	-0.018034	4.022913
78.886510	5943.071929	5.810573	-0.018074	4.024634
78.996269	5948.222667	5.815578	-0.018101	4.026275
78.786712	5953.402111	5.820582	-0.018051	4.027902
78.971820	5958.221780	5.825587	-0.018095	4.029442
78.830830	5963.352191	5.830592	-0.018062	4.031058
79.043493	5968.467687	5.835597	-0.018113	4.032692
78.852512	5973.775578	5.840602	-0.018068	4.034359
78.983907	5978.890883	5.845606	-0.018100	4.035986
78.923336	5984.043066	5.850611	-0.018086	4.037611
79.185033	5988.780349	5.855616	-0.018148	4.039127
79.069845	5993.996526	5.860621	-0.018121	4.040767
79.150511	5999.147635	5.865626	-0.018141	4.042400
79.302548	6004.719918	5.870630	-0.018178	4.044169
79.266056	6009.901179	5.875635	-0.018169	4.045802
79.256267	6015.090758	5.880640	-0.018167	4.047439
79.331342	6019.934792	5.885645	-0.018186	4.048971
79.237902	6025.046039	5.890650	-0.018164	4.050576
79.319358	6030.107546	5.895654	-0.018183	4.052177
79.546188	6035.307989	5.900659	-0.018238	4.053830
79.619501	6040.461633	5.905664	-0.018256	4.055457
79.567859	6045.626797	5.910669	-0.018244	4.057079
79.814101	6050.526904	5.915674	-0.018303	4.058637
79.762687	6055.534226	5.920678	-0.018291	4.060209
79.874247	6060.746642	5.925683	-0.018318	4.061854
79.948765	6066.149846	5.930688	-0.018336	4.063557
79.915215	6071.400055	5.935693	-0.018329	4.065204
79.949352	6076.526803	5.940698	-0.018337	4.066816
80.013901	6081.471131	5.945702	-0.018353	4.068372
79.948239	6086.498382	5.950707	-0.018338	4.069945
79.918087	6091.608742	5.955712	-0.018331	4.071545
79.989835	6096.857174	5.960717	-0.018348	4.073195
80.111145	6102.012698	5.965722	-0.018378	4.074819
80.151354	6107.127443	5.970726	-0.018388	4.076424
80.201387	6112.179336	5.975731	-0.018400	4.078009
80.177292	6117.087051	5.980736	-0.018394	4.079543
80.337548	6122.272559	5.985741	-0.018433	4.081176
80.507189	6127.590041	5.990746	-0.018474	4.082850
80.443604	6133.066201	5.995750	-0.018459	4.084558
80.493580	6138.239198	6.000755	-0.018471	4.086177
80.506482	6143.301011	6.005760	-0.018475	4.087759
80.511182	6148.188483	6.010765	-0.018476	4.089286
80.488951	6153.356492	6.015770	-0.018471	4.090897
80.513167	6158.468850	6.020774	-0.018478	4.092494
80.641835	6163.699717	6.025779	-0.018509	4.094133
80.444088	6168.862159	6.030784	-0.018462	4.095730
80.792144	6173.967591	6.035789	-0.018545	4.097344
80.729851	6178.799238	6.040794	-0.018531	4.098845
80.789531	6183.875138	6.045798	-0.018545	4.100429
80.938629	6189.077986	6.050803	-0.018581	4.102058
80.816248	6194.568873	6.055808	-0.018552	4.103759
81.019301	6199.683549	6.060813	-0.018601	4.105362
80.885617	6204.895900	6.065818	-0.018570	4.106974
81.048812	6209.713429	6.070822	-0.018609	4.108482
81.063595	6214.831743	6.075827	-0.018613	4.110073
81.046540	6219.955585	6.080832	-0.018609	4.111663
80.890496	6225.241792	6.085837	-0.018572	4.113294
80.958343	6230.400458	6.090842	-0.018589	4.114899
81.069315	6235.496923	6.095846	-0.018616	4.116487
81.106155	6240.489772	6.100851	-0.018625	4.118037
81.154349	6245.471099	6.105856	-0.018637	4.119584
81.205194	6250.638210	6.110861	-0.018649	4.121188
81.381413	6256.020600	6.115866	-0.018692	4.122866
81.459236	6261.395148	6.120870	-0.018711	4.124535
81.475813	6266.579596	6.125875	-0.018715	4.126140
81.498229	6271.587204	6.130880	-0.018721	4.127691
81.708183	6276.441198	6.135885	-0.018771	4.129205
81.654258	6281.641929	6.140890	-0.018759	4.130809
81.710103	6286.733302	6.145894	-0.018772	4.132386
81.710047	6291.949261	6.150899	-0.018773	4.133996
81.844535	6297.094290	6.155904	-0.018805	4.135593
81.818461	6302.231594	6.160909	-0.018799	4.137177
81.837861	6307.074133	6.165914	-0.018804	4.138672
81.897705	6312.202817	6.170918	-0.018819	4.140258
81.928107	6317.376956	6.175923	-0.018827	4.141855
82.099020	6322.810289	6.180928	-0.018868	4.143539
82.184980	6328.012759	6.185933	-0.018889	4.145147
82.255874	6333.173687	6.190938	-0.018906	4.146741
82.138229	6338.041112	6.195942	-0.018878	4.148232
82.145468	6343.125443	6.200947	-0.018880	4.149796
82.179742	6348.256979	6.205952	-0.018889	4.151377
82.223641	6353.480956	6.210957	-0.018900	4.152985
82.224862	6358.638392	6.215962	-0.018900	4.154570
82.006876	6363.874675	6.220966	-0.018849	4.156165
82.174626	6368.820347	6.225971	-0.018889	4.157695
82.335934	6373.762076	6.230976	-0.018928	4.159222
82.322194	6378.909941	6.235981	-0.018925	4.160800
82.454895	6384.328474	6.240986	-0.018957	4.162471
82.423704	6389.765986	6.245990	-0.018950	4.164136
82.591691	6394.906744	6.250995	-0.018990	4.165722
82.885188	6399.906013	6.256000	-0.019061	4.167272
82.781248	6404.706857	6.261005	-0.019036	4.168736
82.760842	6409.914796	6.266010	-0.019032	4.170329
82.757738	6415.102875	6.271014	-0.019032	4.171916
82.861787	6420.303044	6.276019	-0.019057	4.173514
82.934424	6425.413520	6.281024	-0.019074	4.175081
82.872055	6430.549960	6.286029	-0.019060	4.176647
82.796422	6435.467181	6.291034	-0.019042	4.178145
82.843516	6440.552703	6.296038	-0.019054	4.179701
82.863309	6445.698778	6.301043	-0.019059	4.181274
83.028244	6451.112379	6.306048	-0.019099	4.182936
83.046305	6456.349806	6.311053	-0.019103	4.184535
83.011269	6461.565043	6.316058	-0.019095	4.186124
83.049138	6466.494231	6.321062	-0.019105	4.187629
83.179359	6471.476440	6.326067	-0.019136	4.189155
83.305130	6476.618210	6.331072	-0.019167	4.190729
83.230476	6481.803955	6.336077	-0.019149	4.192304
83.215850	6486.963255	6.341082	-0.019146	4.193874
83.404257	6492.112795	6.346086	-0.019191	4.195452
83.422988	6497.185179	6.351091	-0.019196	4.196997
83.302574	6502.054007	6.356096	-0.019168	4.198470
83.267211	6507.242475	6.361101	-0.019160	4.200045
83.621639	6512.430499	6.366106	-0.019245	4.201643
83.408094	6518.013961	6.371110	-0.019194	4.203326
83.701850	6523.161676	6.376115	-0.019265	4.204907
83.601735	6528.317454	6.381120	-0.019241	4.206465
83.756289	6533.079910	6.386125	-0.019278	4.207920
83.873610	6538.160286	6.391130	-0.019307	4.209467
83.892046	6543.402196	6.396134	-0.019311	4.211058
83.900460	6548.588315	6.401139	-0.019314	4.212630
83.964701	6553.737518	6.406144	-0.019329	4.214194
83.870653	6558.905461	6.411149	-0.019307	4.215753
84.006781	6563.894764	6.416154	-0.019340	4.217272
83.942681	6568.799496	6.421158	-0.019325	4.218752
84.116717	6573.972803	6.426163	-0.019367	4.220328
83.992279	6579.257452	6.431168	-0.019338	4.221918
84.094526	6584.611020	6.436173	-0.019363	4.223543
84.107735	6589.789911	6.441178	-0.019366	4.225108
84.304320	6594.872677	6.446182	-0.019413	4.226655
84.275008	6599.760768	6.451187	-0.019407	4.228130
84.337128	6604.893305	6.456192	-0.019422	4.229682
84.433954	6610.012664	6.461197	-0.019445	4.231233
84.524234	6615.250128	6.466202	-0.019467	4.232818
84.510071	6620.372294	6.471206	-0.019464	4.234361
84.493517	6625.546519	6.476211	-0.019461	4.235920
84.493379	6630.457226	6.481216	-0.019461	4.237399
84.459863	6635.486066	6.486221	-0.019453	4.238912
84.535496	6640.706950	6.491226	-0.019472	4.240488
84.537040	6646.163180	6.496230	-0.019473	4.242130
84.747215	6651.532054	6.501235	-0.019523	4.243758
84.738975	6656.631010	6.506240	-0.019522	4.245291
84.817863	6661.661862	6.511245	-0.019541	4.246808
84.949914	6666.540801	6.516250	-0.019573	4.248282
84.911260	6671.711416	6.521254	-0.019564	4.249833
85.026084	6676.868633	6.526259	-0.019592	4.251388
85.086554	6682.023770	6.531264	-0.019606	4.252939
85.280950	6687.125675	6.536269	-0.019653	4.254481
85.089479	6692.339737	6.541274	-0.019608	4.256034
85.014386	6697.206102	6.546278	-0.019590	4.257489
85.070332	6702.325809	6.551283	-0.019604	4.259027
85.060193	6707.484145	6.556288	-0.019602	4.260572
85.157844	6712.885153	6.561293	-0.019625	4.262196
85.113000	6718.069685	6.566298	-0.019615	4.263745
85.188198	6723.216205	6.571302	-0.019633	4.265290
85.479045	6728.106955	6.576307	-0.019703	4.266770
85.470616	6733.007127	6.581312	-0.019702	4.268235
85.412355	6738.186979	6.586317	-0.019688	4.269781
85.613603	6743.356294	6.591322	-0.019737	4.271337
85.647516	6748.509616	6.596326	-0.019745	4.272879
85.607382	6753.697876	6.601331	-0.019736	4.274426
85.675629	6758.823235	6.606336	-0.019752	4.275960
85.653815	6763.661222	6.611341	-0.019747	4.277403
85.683983	6768.795402	6.616346	-0.019755	4.278937
85.643932	6773.952237	6.621350	-0.019746	4.280472
85.731442	6779.537854	6.626355	-0.019767	4.282143
85.834055	6784.790648	6.631360	-0.019792	4.283714
85.809304	6789.867503	6.636365	-0.019786	4.285225
85.956268	6794.920620	6.641370	-0.019822	4.286738
86.054613	6799.786633	6.646374	-0.019846	4.288192
86.016360	6805.001494	6.651379	-0.019837	4.289742
86.178721	6810.133732	6.656384	-0.019876	4.291278
86.007188	6815.338934	6.661389	-0.019835	4.292816
86.198921	6820.485067	6.666394	-0.019882	4.294357
86.184049	6825.647269	6.671398	-0.019878	4.295890
86.192334	6830.517845	6.676403	-0.019881	4.297338
86.224093	6835.571704	6.681408	-0.019889	4.298840
86.076995	6840.771802	6.686413	-0.019854	4.300376
86.314165	6846.223704	6.691418	-0.019911	4.302007
86.282100	6851.455209	6.696422	-0.019904	4.303557
86.299538	6856.627596	6.701427	-0.019908	4.305092
86.414842	6861.569437	6.706432	-0.019936	4.306563
86.470021	6866.469608	6.711437	-0.019950	4.308018
86.500524	6871.714487	6.716442	-0.019957	4.309574
86.585763	6876.856006	6.721446	-0.019978	4.311101
86.681579	6882.040624	6.726451	-0.020001	4.312641
86.656544	6887.141281	6.731456	-0.019996	4.314149
86.724275	6892.308526	6.736461	-0.020012	4.315681
86.655551	6897.211942	6.741466	-0.019996	4.317128
86.763843	6902.290624	6.746470	-0.020022	4.318635
86.869143	6907.462554	6.751475	-0.020048	4.320169
86.726923	6912.995879	6.756480	-0.020014	4.321796
86.742880	6918.309001	6.761485	-0.020018	4.323365
86.856871	6923.430015	6.766490	-0.020046	4.324883
86.979132	6928.445487	6.771494	-0.020076	4.326370
86.982191	6933.353851	6.776499	-0.020077	4.327818
87.047715	6938.520043	6.781504	-0.020093	4.329345
87.116746	6943.634456	6.786509	-0.020109	4.330856
87.252262	6948.811333	6.791514	-0.020142	4.332389
87.239902	6953.951003	6.796518	-0.020140	4.333902
87.187435	6959.152994	6.801523	-0.020127	4.335431
87.213124	6963.948626	6.806528	-0.020134	4.336844
87.169875	6969.042041	6.811533	-0.020124	4.338341
87.369716	6974.237217	6.816538	-0.020172	4.339880
87.174370	6979.652494	6.821542	-0.020126	4.341461
87.356492	6984.918532	6.826547	-0.020170	4.343019
87.428777	6990.067783	6.831552	-0.020187	4.344536
87.381275	6995.126362	6.836557	-0.020176	4.346019
87.529360	6999.965212	6.841562	-0.020212	4.347448
87.531850	7005.135954	6.846566	-0.020213	4.348966
87.651772	7010.306891	6.851571	-0.020242	4.350490
87.808115	7015.470784	6.856576	-0.020280	4.352013
87.761278	7020.561376	6.861581	-0.020269	4.353504
87.892903	7025.740963	6.866586	-0.020301	4.355029
87.882653	7030.656729	6.871590	-0.020298	4.356469
87.912730	7035.735069	6.876595	-0.020306	4.357958
87.873411	7040.871720	6.881600	-0.020297	4.359460
87.716322	7046.278326	6.886605	-0.020260	4.361034
87.771616	7051.756417	6.891610	-0.020273	4.362640
87.880441	7056.856237	6.896614	-0.020300	4.364138
88.048683	7061.953283	6.901619	-0.020340	4.365637
88.039370	7066.818899	6.906624	-0.020338	4.367059
88.060356	7071.888882	6.911629	-0.020344	4.368542
88.084513	7077.103245	6.916634	-0.020350	4.370066
88.086319	7082.276500	6.921638	-0.020351	4.371577
88.285499	7087.412032	6.926643	-0.020399	4.373087
88.159480	7092.590983	6.931648	-0.020369	4.374591
88.231548	7097.562957	6.936653	-0.020386	4.376045
88.253588	7102.515807	6.941658	-0.020392	4.377491
88.293572	7107.686588	6.946662	-0.020402	4.379000
88.270349	7112.941470	6.951667	-0.020397	4.380530
88.455904	7118.349667	6.956672	-0.020441	4.382116
88.480569	7123.515899	6.961677	-0.020448	4.383622
88.499138	7128.676447	6.966682	-0.020452	4.385125
88.565265	7133.492088	6.971686	-0.020469	4.386530
88.590665	7138.577550	6.976691	-0.020475	4.388010
88.621488	7143.772192	6.981696	-0.020483	4.389523
88.635021	7148.942787	6.986701	-0.020486	4.391027
88.690105	7154.117256	6.991706	-0.020500	4.392533
88.785457	7159.237818	6.996710	-0.020523	4.394026
88.855598	7164.343235	7.001715	-0.020540	4.395512
88.824204	7169.221492	7.006720	-0.020533	4.396927
88.774573	7174.431693	7.011725	-0.020521	4.398436
88.857483	7179.567937	7.016730	-0.020542	4.399931
88.840638	7185.157944	7.021734	-0.020538	4.401551
88.924304	7190.409743	7.026739	-0.020558	4.403078
89.076103	7195.576705	7.031744	-0.020595	4.404584
89.080505	7200.509193	7.036749	-0.020596	4.406013
89.013333	7205.472405	7.041754	-0.020581	4.407447
89.194377	7210.638225	7.046758	-0.020624	4.408952
89.319920	7215.788924	7.051763	-0.020655	4.410449
89.204188	7221.013032	7.056768	-0.020627	4.411955
89.314929	7226.100865	7.061773	-0.020654	4.413432
89.291271	7231.295663	7.066778	-0.020649	4.414933
89.311778	7236.096435	7.071782	-0.020654	4.416321
89.279347	7241.192461	7.076787	-0.020647	4.417792
89.428702	7246.351520	7.081792	-0.020683	4.419290
89.479236	7251.731280	7.086797	-0.020695	4.420846
89.511556	7257.050235	7.091802	-0.020703	4.422383
89.401113	7262.202969	7.096806	-0.020677	4.423864
89.616233	7267.385602	7.101811	-0.020729	4.425370
89.702602	7272.132926	7.106816	-0.020750	4.426744
89.667490	7277.254465	7.111821	-0.020742	4.428218
89.892683	7282.415629	7.116826	-0.020796	4.429717
89.838395	7287.670870	7.121830	-0.020783	4.431228
89.827759	7292.795389	7.126835	-0.020781	4.432703
89.927743	7297.920295	7.131840	-0.020805	4.434184
89.831226	7302.947467	7.136845	-0.020783	4.435625
89.882388	7307.875017	7.141850	-0.020795	4.437046
89.846900	7313.084521	7.146854	-0.020787	4.438542
89.942126	7318.280097	7.151859	-0.020810	4.440040
89.893745	7323.901752	7.156864	-0.020799	4.441654
90.063117	7329.044357	7.161869	-0.020840	4.443140
90.046211	7334.231617	7.166874	-0.020836	4.444629
90.177972	7339.069027	7.171878	-0.020868	4.446024
90.141479	7344.136938	7.176883	-0.020860	4.447477
90.273011	7349.250709	7.181888	-0.020891	4.448951
90.178660	7354.507477	7.186893	-0.020869	4.450454
90.461770	7359.644724	7.191898	-0.020937	4.451941
90.546198	7364.718697	7.196902	-0.020958	4.453400
90.545856	7369.869279	7.201907	-0.020958	4.454875
90.468886	7374.776747	7.206912	-0.020940	4.456277
90.540889	7379.891707	7.211917	-0.020958	4.457745
90.482407	7385.022662	7.216922	-0.020944	4.459211
90.557052	7390.401347	7.221926	-0.020962	4.460754
90.593632	7395.727494	7.226931	-0.020971	4.462279
90.640390	7400.916098	7.231936	-0.020983	4.463766
90.569913	7405.924985	7.236941	-0.020966	4.465194
90.833667	7410.735776	7.241946	-0.021030	4.466582
90.829277	7415.965746	7.246950	-0.021029	4.468076
90.884950	7421.093991	7.251955	-0.021043	4.469543
90.784471	7426.305999	7.256960	-0.021019	4.471026
90.919665	7431.433561	7.261965	-0.021052	4.472496
90.894229	7436.662110	7.266970	-0.021046	4.473987
90.939533	7441.587708	7.271974	-0.021057	4.475394
90.988241	7446.529606	7.276979	-0.021069	4.476805
90.921784	7451.796645	7.281984	-0.021053	4.478303
91.022172	7456.999044	7.286989	-0.021078	4.479790
91.229630	7462.419126	7.291994	-0.021128	4.481345
91.200215	7467.522745	7.296998	-0.021121	4.482796
91.210411	7472.740680	7.302003	-0.021124	4.484282
91.317857	7477.605449	7.307008	-0.021150	4.485672
91.308453	7482.602941	7.312013	-0.021148	4.487093
91.594260	7487.727500	7.317018	-0.021217	4.488564
91.538079	7492.947257	7.322022	-0.021204	4.490045
91.674214	7498.037564	7.327027	-0.021237	4.491499
91.606835	7503.224196	7.332032	-0.021221	4.492969
91.547990	7508.423120	7.337037	-0.021207	4.494442
91.660631	7513.264101	7.342042	-0.021234	4.495822
91.521367	7518.322900	7.347046	-0.021201	4.497251
91.775709	7523.479205	7.352051	-0.021263	4.498727
91.613334	7528.856776	7.357056	-0.021224	4.500244
91.736230	7534.169255	7.362061	-0.021254	4.501756
91.765010	7539.374204	7.367066	-0.021261	4.503233
91.759613	7544.451216	7.372070	-0.021260	4.504671
91.820371	7549.202091	7.377075	-0.021275	4.506020
91.828480	7554.412245	7.382080	-0.021277	4.507496
91.971269	7559.527050	7.387085	-0.021312	4.508951
91.959225	7564.747389	7.392090	-0.021309	4.510427
91.988710	7569.816610	7.397094	-0.021317	4.511863
92.111095	7575.091234	7.402099	-0.021346	4.513360
91.946923	7580.143963	7.407104	-0.021307	4.514781
92.133853	7584.929286	7.412109	-0.021352	4.516142
92.050841	7590.143585	7.417114	-0.021333	4.517612
92.102895	7595.308817	7.422118	-0.021346	4.519073
92.216363	7600.918654	7.427123	-0.021373	4.520662
92.186866	7606.141166	7.432128	-0.021366	4.522135
92.353127	7611.299879	7.437133	-0.021407	4.523599
92.469382	7616.249658	7.442138	-0.021435	4.525000
92.449927	7621.145508	7.447142	-0.021430	4.526380
92.482955	7626.347376	7.452147	-0.021439	4.527848
92.502939	7631.473383	7.457152	-0.021444	4.529294
92.712793	7636.669623	7.462157	-0.021494	4.530767
92.658490	7641.871462	7.467162	-0.021482	4.532230
92.596461	7646.944290	7.472166	-0.021467	4.533655
92.699999	7651.938475	7.477171	-0.021492	4.535065
92.519915	7656.933476	7.482176	-0.021449	4.536462
92.639297	7662.063533	7.487181	-0.021478	4.537911
92.643412	7667.333592	7.492186	-0.021480	4.539393
92.793578	7672.621783	7.497190	-0.021516	4.540886
92.977524	7677.812714	7.502195	-0.021560	4.542354
92.856998	7682.907822	7.507200	-0.021532	4.543779
92.948706	7687.771885	7.512205	-0.021554	4.545150
93.085004	7692.730029	7.517210	-0.021587	4.546548
93.030030	7697.940025	7.522214	-0.021574	4.548007
93.046524	7703.167474	7.527219	-0.021578	4.549475
93.124795	7708.343921	7.532224	-0.021598	4.550930
93.081191	7713.446749	7.537229	-0.021587	4.552359
93.268168	7718.629427	7.542234	-0.021633	4.553820
93.229909	7723.541812	7.547238	-0.021624	4.555195
93.163312	7728.599759	7.552243	-0.021608	4.556609
93.298820	7733.758097	7.557248	-0.021641	4.558059
93.267674	7739.147907	7.562253	-0.021634	4.559567
93.399865	7744.631569	7.567258	-0.021666	4.561107
93.591043	7749.786922	7.572262	-0.021712	4.562558
93.484081	7754.942393	7.577267	-0.021687	4.563995
93.492637	7759.731715	7.582272	-0.021689	4.565335
93.685553	7764.771012	7.587277	-0.021735	4.566752
93.756579	7769.998756	7.592282	-0.021753	4.568216
93.693202	7775.172315	7.597286	-0.021738	4.569658
93.857878	7780.344224	7.602291	-0.021778	4.571110
93.739651	7785.465284	7.607296	-0.021750	4.572534
93.734587	7790.630655	7.612301	-0.021749	4.573975
93.723220	7795.456184	7.617306	-0.021747	4.575320
93.852504	7800.530766	7.622310	-0.021778	4.576741
93.769622	7805.739555	7.627315	-0.021758	4.578190
93.861405	7811.099195	7.632320	-0.021781	4.579688
93.900475	7816.390883	7.637325	-0.021790	4.581164
93.913180	7821.649408	7.642330	-0.021794	4.582629
94.040934	7826.698850	7.647334	-0.021825	4.584041
94.071803	7831.521322	7.652339	-0.021832	4.585384
94.173121	7836.610766	7.657344	-0.021857	4.586805
94.241925	7841.719523	7.662349	-0.021874	4.588229
94.214267	7847.038898	7.667354	-0.021867	4.589707
94.291354	7852.084410	7.672358	-0.021886	4.591114
94.383672	7857.298645	7.677363	-0.021909	4.592567
94.310099	7862.483360	7.682368	-0.021891	4.594004
94.389873	7867.222918	7.687373	-0.021911	4.595324
94.547143	7872.414478	7.692378	-0.021949	4.596773
94.451672	7877.533266	7.697382	-0.021926	4.598189
94.586693	7883.017598	7.702387	-0.021959	4.599717
94.649599	7888.374882	7.707392	-0.021974	4.601206
94.633707	7893.512585	7.712397	-0.021971	4.602630
94.661298	7898.745019	7.717402	-0.021978	4.604081
94.604802	7903.456514	7.722406	-0.021965	4.605385
94.697820	7908.628446	7.727411	-0.021987	4.606822
94.812498	7913.711682	7.732416	-0.022015	4.608235
94.704570	7918.927483	7.737421	-0.021989	4.609674
94.703791	7924.168062	7.742426	-0.021990	4.611124
94.710764	7929.267973	7.747430	-0.021992	4.612536
94.911708	7934.379711	7.752435	-0.022040	4.613959
94.758281	7939.250242	7.757440	-0.022004	4.615299
94.856005	7944.353619	7.762445	-0.022027	4.616714
94.978601	7949.531390	7.767450	-0.022057	4.618150
95.050781	7954.930319	7.772454	-0.022075	4.619645
95.066743	7960.173919	7.777459	-0.022079	4.621094
95.304209	7965.346051	7.782464	-0.022136	4.622533
95.198548	7970.419162	7.787469	-0.022111	4.623928
95.206648	7975.240047	7.792474	-0.022113	4.625259
95.383326	7980.371320	7.797478	-0.022156	4.626682
95.353741	7985.582748	7.802483	-0.022149	4.628118
95.395714	7990.753685	7.807488	-0.022160	4.629545
95.338340	7995.946740	7.812493	-0.022146	4.630974
95.493264	8001.141263	7.817498	-0.022184	4.632412
95.511700	8006.184776	7.822502	-0.022188	4.633802
95.506122	8011.014796	7.827507	-0.022187	4.635132
95.489801	8016.206376	7.832512	-0.022184	4.636560
95.520949	8021.364713	7.837517	-0.022192	4.637981
95.771529	8026.879984	7.842522	-0.022252	4.639509
95.822010	8032.198656	7.847526	-0.022264	4.640974
95.932139	8037.314137	7.852531	-0.022291	4.642385
95.849097	8042.433643	7.857536	-0.022271	4.643788
95.828094	8047.178833	7.862541	-0.022267	4.645091
95.993966	8052.380969	7.867546	-0.022307	4.646527
95.914062	8057.535211	7.872550	-0.022288	4.647939
95.942079	8062.747758	7.877555	-0.022295	4.649371
95.939499	8067.898513	7.882560	-0.022295	4.650784
96.077803	8073.063736	7.887565	-0.022328	4.652207
96.156623	8078.218392	7.892570	-0.022347	4.653624
96.271447	8082.896294	7.897574	-0.022375	4.654912
96.211962	8088.116932	7.902579	-0.022361	4.656340
96.266337	8093.251608	7.907584	-0.022375	4.657750
96.287770	8098.642710	7.912589	-0.022380	4.659227
96.483511	8103.945257	7.917594	-0.022427	4.660688
96.576958	8109.062653	7.922598	-0.022450	4.662093
96.613584	8114.239650	7.927603	-0.022459	4.663511
96.531300	8119.006709	7.932608	-0.022440	4.664812
96.544391	8124.160758	7.937613	-0.022443	4.666222
96.615257	8129.290143	7.942618	-0.022461	4.667627
96.593600	8134.514471	7.947622	-0.022456	4.669054
96.630189	8139.631822	7.952627	-0.022465	4.670454
96.592557	8144.822954	7.957632	-0.022456	4.671871
96.629917	8149.922703	7.962637	-0.022465	4.673265
96.703363	8154.785011	7.967642	-0.022483	4.674596
96.855098	8159.866410	7.972646	-0.022520	4.675989
96.875288	8165.094701	7.977651	-0.022525	4.677416
96.966347	8170.479499	7.982656	-0.022547	4.678889
96.984443	8175.904906	7.987661	-0.022552	4.680369
97.020296	8181.105896	7.992666	-0.022561	4.681788
96.885025	8186.228608	7.997670	-0.022529	4.683179
97.062984	8191.023173	8.002675	-0.022572	4.684492
96.954578	8196.152644	8.007680	-0.022546	4.685885
97.051182	8201.305605	8.012685	-0.022570	4.687292
97.001066	8206.504751	8.017690	-0.022558	4.688705
97.119162	8211.636859	8.022694	-0.022587	4.690106
97.268894	8216.837943	8.027699	-0.022623	4.691527
97.273105	8221.986288	8.032704	-0.022624	4.692928
97.356558	8226.787371	8.037709	-0.022644	4.694236
97.426127	8231.841268	8.042714	-0.022661	4.695613
97.468787	8237.024946	8.047718	-0.022672	4.697023
97.568763	8242.293299	8.052723	-0.022696	4.698458
97.601163	8247.748518	8.057728	-0.022704	4.699941
97.660008	8252.822947	8.062733	-0.022719	4.701321
97.582474	8258.044175	8.067738	-0.022701	4.702735
97.476452	8262.968639	8.072742	-0.022675	4.704066
97.450455	8267.998426	8.077747	-0.022670	4.705429
97.722233	8273.090968	8.082752	-0.022735	4.706821
97.644652	8278.304444	8.087757	-0.022717	4.708231
97.574113	8283.497634	8.092762	-0.022700	4.709635
97.580969	8288.613627	8.097766	-0.022702	4.711022
97.864981	8293.764746	8.102771	-0.022770	4.712428
97.839418	8298.805738	8.107776	-0.022765	4.713792
97.906798	8303.692061	8.112781	-0.022781	4.715117
97.994484	8308.966721	8.117786	-0.022802	4.716548
97.907617	8314.035340	8.122790	-0.022782	4.717916
98.171556	8319.813967	8.127795	-0.022846	4.719489
98.133409	8324.911805	8.132800	-0.022837	4.720866
98.135070	8330.144858	8.137805	-0.022837	4.722280
98.231521	8335.056467	8.142810	-0.022861	4.723611
98.105204	8339.990652	8.147814	-0.022831	4.724938
98.154863	8345.164260	8.152819	-0.022843	4.726337
98.154007	8350.367906	8.157824	-0.022843	4.727742
98.055519	8355.533525	8.162829	-0.022820	4.729132
98.335706	8360.635138	8.167834	-0.022888	4.730519
98.286658	8365.788190	8.172838	-0.022876	4.731907
98.377858	8370.858982	8.177843	-0.022898	4.733278
98.375895	8375.676596	8.182848	-0.022898	4.734576
98.368748	8380.850895	8.187853	-0.022897	4.735970
98.501187	8386.048536	8.192858	-0.022929	4.737376
98.405296	8391.463065	8.197862	-0.022906	4.738830
98.404011	8396.772189	8.202867	-0.022906	4.740259
98.572947	8401.884429	8.207872	-0.022947	4.741642
98.541233	8407.012138	8.212877	-0.022940	4.743021
98.588748	8411.740549	8.217882	-0.022951	4.744294
98.522861	8416.984236	8.222886	-0.022936	4.745702
98.738434	8422.076897	8.227891	-0.022988	4.747079
98.794951	8427.290212	8.232896	-0.023002	4.748483
98.849109	8432.433382	8.237901	-0.023015	4.749867
98.848739	8437.672253	8.242906	-0.023015	4.751274
98.893002	8442.772275	8.247910	-0.023026	4.752645
98.967638	8447.588916	8.252915	-0.023044	4.753941
98.997882	8452.710213	8.257920	-0.023052	4.755317
98.988578	8457.845879	8.262925	-0.023050	4.756694
99.087065	8463.245220	8.267930	-0.023074	4.758146
99.034710	8468.753702	8.272934	-0.023062	4.759621
99.205965	8473.905614	8.277939	-0.023103	4.761009
99.006525	8479.080355	8.282944	-0.023056	4.762387
99.103042	8483.982988	8.287949	-0.023079	4.763704
99.136526	8488.979132	8.292954	-0.023088	4.765044
99.142781	8494.169656	8.297958	-0.023089	4.766434
99.291037	8499.308010	8.302963	-0.023125	4.767815
99.187834	8504.434914	8.307968	-0.023101	4.769183
99.179598	8509.656611	8.312973	-0.023099	4.770579
99.373379	8514.805639	8.317978	-0.023146	4.771964
99.427322	8519.737421	8.322982	-0.023159	4.773284
99.529923	8524.672758	8.327987	-0.023184	4.774607
99.525221	8529.880048	8.332992	-0.023183	4.775999
99.547404	8535.015931	8.337997	-0.023189	4.777371
99.569234	8540.542721	8.343002	-0.023195	4.778848
99.543576	8545.779939	8.348006	-0.023189	4.780245
99.606192	8550.909791	8.353011	-0.023204	4.781617
99.696169	8556.006695	8.358016	-0.023226	4.782980
99.779164	8560.802906	8.363021	-0.023246	4.784263
99.820154	8565.956690	8.368026	-0.023256	4.785638
99.784984	8571.107877	8.373030	-0.023248	4.787010
99.811052	8576.270331	8.378035	-0.023255	4.788387
99.867901	8581.497761	8.383040	-0.023269	4.789782
100.069013	8586.568533	8.388045	-0.023317	4.791140
100.066948	8591.784152	8.393050	-0.023317	4.792529
99.963301	8596.605523	8.398054	-0.023293	4.793808
100.003571	8601.693504	8.403059	-0.023303	4.795164
100.049147	8606.906572	8.408064	-0.023314	4.796553
100.036742	8612.284547	8.413069	-0.023311	4.797982
100.252159	8617.810757	8.418074	-0.023363	4.799460
100.237035	8622.965691	8.423078	-0.023360	4.800830
100.231050	8628.059667	8.428083	-0.023359	4.802183
100.176196	8633.037558	8.433088	-0.023346	4.803503
100.292578	8637.960314	8.438093	-0.023374	4.804815
100.415843	8643.148055	8.443098	-0.023404	4.806197
100.409934	8648.339491	8.448102	-0.023403	4.807575
100.397647	8653.514505	8.453107	-0.023400	4.808948
100.319069	8658.694653	8.458112	-0.023382	4.810319
100.507506	8663.764847	8.463117	-0.023427	4.811671
100.615367	8668.759777	8.468122	-0.023453	4.812999
100.469157	8673.661843	8.473126	-0.023419	4.814293
100.505713	8678.838258	8.478131	-0.023428	4.815666
100.476364	8684.073933	8.483136	-0.023421	4.817052
100.644154	8689.512783	8.488141	-0.023462	4.818499
100.717912	8694.758023	8.493146	-0.023480	4.819890
100.561412	8699.931539	8.498150	-0.023443	4.821254
100.728271	8704.928128	8.503155	-0.023483	4.822582
100.860920	8709.789381	8.508160	-0.023515	4.823873
100.889672	8714.868682	8.513165	-0.023522	4.825217
100.900768	8720.038136	8.518170	-0.023525	4.826584
101.014993	8725.268809	8.523174	-0.023553	4.827971
100.990015	8730.381369	8.528179	-0.023547	4.829321
101.070878	8735.578426	8.533184	-0.023567	4.830697
101.051989	8740.740302	8.538189	-0.023563	4.832059
101.101624	8745.526097	8.543194	-0.023575	4.833325
101.105190	8750.629631	8.548198	-0.023576	4.834672
101.115879	8755.825881	8.553203	-0.023579	4.836043
101.077531	8761.182053	8.558208	-0.023570	4.837455
101.143695	8766.712093	8.563213	-0.023586	4.838916
101.280831	8771.839406	8.568218	-0.023619	4.840272
101.199966	8777.079493	8.573223	-0.023600	4.841651
101.291802	8781.981501	8.578227	-0.023623	4.842946
101.411569	8786.825203	8.583232	-0.023652	4.844226
101.378849	8792.103092	8.588237	-0.023644	4.845615
101.498212	8797.230659	8.593242	-0.023673	4.846969
101.328824	8802.401402	8.598247	-0.023633	4.848324
101.486720	8807.557322	8.603251	-0.023671	4.849686
101.578304	8812.689602	8.608256	-0.023693	4.851039
101.625172	8817.803478	8.613261	-0.023705	4.852386
101.750689	8822.650065	8.618266	-0.023735	4.853665
101.670913	8827.629997	8.623271	-0.023716	4.854971
101.625603	8832.741904	8.628275	-0.023706	4.856312
101.859417	8838.128911	8.633280	-0.023762	4.857736
101.865551	8843.477942	8.638285	-0.023764	4.859141
101.849567	8848.613948	8.643290	-0.023761	4.860488
101.689569	8853.789241	8.648295	-0.023723	4.861841
101.795393	8858.643404	8.653299	-0.023748	4.863118
101.933906	8863.688358	8.658304	-0.023782	4.864447
101.894244	8868.880880	8.663309	-0.023773	4.865807
101.838879	8874.074635	8.668314	-0.023760	4.867167
101.931426	8879.195748	8.673319	-0.023782	4.868512
101.967265	8884.434584	8.678323	-0.023791	4.869886
101.890291	8889.578445	8.683328	-0.023773	4.871231
101.929419	8894.481145	8.688333	-0.023783	4.872516
102.064825	8899.493523	8.693338	-0.023815	4.873833
102.060431	8904.613637	8.698343	-0.023815	4.875173
102.256445	8909.736219	8.703347	-0.023862	4.876521
102.262837	8915.502260	8.708352	-0.023864	4.878029
102.227397	8920.746885	8.713357	-0.023856	4.879400
102.367507	8925.855429	8.718362	-0.023890	4.880740
102.452847	8930.946643	8.723367	-0.023910	4.882074
102.462911	8935.750840	8.728371	-0.023913	4.883330
102.333101	8940.857496	8.733376	-0.023882	4.884659
102.414054	8946.086148	8.738381	-0.023902	4.886027
102.455500	8951.248731	8.743386	-0.023912	4.887377
102.439389	8956.344043	8.748391	-0.023909	4.888706
102.480333	8961.590911	8.753395	-0.023919	4.890077
102.562192	8966.716392	8.758400	-0.023939	4.891417
102.387934	8971.612351	8.763405	-0.023898	4.892687
102.530329	8976.719182	8.768410	-0.023932	4.894024
102.656475	8981.838043	8.773415	-0.023962	4.895362
102.795191	8986.887140	8.778419	-0.023996	4.896683
102.733456	8992.552105	8.783424	-0.023982	4.898157
102.800390	8997.641435	8.788429	-0.023998	4.899484
102.756970	9002.771073	8.793434	-0.023988	4.900818
102.977111	9007.889277	8.798439	-0.024041	4.902158
102.838249	9012.751431	8.803443	-0.024008	4.903419
102.731705	9017.867280	8.808448	-0.023983	4.904746
102.738176	9023.054495	8.813453	-0.023985	4.906095
102.997476	9028.271555	8.818458	-0.024047	4.907461
103.088062	9033.375893	8.823463	-0.024069	4.908791
103.080363	9038.551316	8.828467	-0.024068	4.910135
103.081394	9043.778664	8.833472	-0.024068	4.911493
103.146287	9048.528840	8.838477	-0.024084	4.912729
103.189917	9053.552435	8.843482	-0.024095	4.914035
103.273567	9058.821008	8.848487	-0.024115	4.915406
103.247198	9064.049234	8.853491	-0.024109	4.916762
103.467111	9069.631129	8.858496	-0.024162	4.918218
103.438534	9074.741068	8.863501	-0.024156	4.919542
103.464608	9079.969122	8.868506	-0.024162	4.920899
103.322941	9084.993307	8.873511	-0.024129	4.922196
103.304548	9089.871053	8.878515	-0.024125	4.923460
103.488352	9095.031688	8.883520	-0.024169	4.924803
103.465616	9100.200714	8.888525	-0.024164	4.926141
103.537197	9105.405654	8.893530	-0.024181	4.927491
103.504062	9110.569230	8.898535	-0.024174	4.928827
103.509253	9115.715851	8.903539	-0.024175	4.930159
103.636510	9120.811520	8.908544	-0.024206	4.931482
103.668175	9125.660489	8.913549	-0.024214	4.932737
103.788502	9130.773081	8.918554	-0.024243	4.934063
103.772306	9135.905084	8.923559	-0.024240	4.935390
103.765226	9141.142363	8.928563	-0.024238	4.936743
103.814040	9146.686701	8.933568	-0.024250	4.938177
103.850172	9151.823353	8.938573	-0.024259	4.939505
103.894337	9156.967597	8.943578	-0.024270	4.940835
103.959767	9161.886710	8.948583	-0.024286	4.942108
103.933244	9166.879646	8.953587	-0.024280	4.943395
103.918887	9171.973925	8.958592	-0.024277	4.944709
104.194025	9177.028054	8.963597	-0.024343	4.946023
104.212052	9182.419878	8.968602	-0.024348	4.947414
104.199546	9187.554416	8.973607	-0.024345	4.948737
104.204092	9192.734132	8.978611	-0.024347	4.950072
104.289771	9197.818647	8.983616	-0.024368	4.951386
104.318683	9202.611353	8.988621	-0.024375	4.952621
104.385730	9207.754293	8.993626	-0.024391	4.953948
104.350303	9212.965298	8.998631	-0.024383	4.955289
104.295006	9218.328262	9.003635	-0.024370	4.956667
104.395311	9223.957661	9.008640	-0.024395	4.958119
104.437535	9229.057394	9.013645	-0.024405	4.959433
104.341793	9234.217613	9.018650	-0.024382	4.960757
104.323724	9239.129931	9.023655	-0.024378	4.962019
104.557593	9244.053477	9.028659	-0.024435	4.963293
104.548066	9249.212637	9.033664	-0.024433	4.964618
104.599159	9254.344703	9.038669	-0.024445	4.965939
104.651952	9259.590979	9.043674	-0.024458	4.967288
104.654197	9264.683480	9.048679	-0.024459	4.968596
104.684428	9269.866161	9.053683	-0.024467	4.969927
104.792825	9275.003714	9.058688	-0.024493	4.971250
104.812406	9279.718414	9.063693	-0.024498	4.972460
104.685799	9284.931333	9.068698	-0.024468	4.973793
104.688934	9290.069356	9.073703	-0.024469	4.975111
104.921449	9295.360882	9.078707	-0.024525	4.976475
104.943485	9300.826982	9.083712	-0.024531	4.977877
104.935261	9305.963398	9.088717	-0.024529	4.979193
105.105245	9311.134531	9.093722	-0.024570	4.980523
104.970202	9316.060637	9.098727	-0.024538	4.981780
105.065887	9320.975684	9.103731	-0.024561	4.983042
105.243577	9326.154815	9.108736	-0.024604	4.984374
105.225688	9331.285772	9.113741	-0.024600	4.985686
105.135079	9336.488314	9.118746	-0.024579	4.987014
105.194200	9341.639075	9.123751	-0.024594	4.988333
105.301544	9346.864487	9.128755	-0.024620	4.989673
105.324821	9352.018901	9.133760	-0.024625	4.990992
105.249272	9356.773000	9.138765	-0.024608	4.992204
105.178468	9361.967556	9.143770	-0.024591	4.993529
105.263675	9367.110813	9.148775	-0.024612	4.994846
105.412674	9372.333011	9.153779	-0.024648	4.996184
105.444687	9378.028767	9.158784	-0.024656	4.997639
105.467376	9383.124243	9.163789	-0.024662	4.998940
105.556325	9388.320424	9.168794	-0.024683	5.000269
105.633263	9393.302870	9.173799	-0.024702	5.001543
105.748637	9398.169159	9.178803	-0.024730	5.002787
105.644771	9403.349445	9.183808	-0.024705	5.004105
105.625622	9408.548655	9.188813	-0.024701	5.005430
105.595053	9413.748211	9.193818	-0.024694	5.006754
105.793337	9418.801722	9.198823	-0.024742	5.008047
105.688287	9424.010833	9.203827	-0.024717	5.009371
105.702000	9429.139072	9.208832	-0.024721	5.010677
105.765524	9434.056403	9.213837	-0.024736	5.011931
105.897875	9439.082989	9.218842	-0.024768	5.013214
105.845817	9444.240535	9.223847	-0.024756	5.014525
105.933799	9449.355060	9.228851	-0.024778	5.015829
105.909293	9454.936704	9.233856	-0.024772	5.017247
106.070654	9460.070765	9.238861	-0.024811	5.018558
106.103853	9465.304349	9.243866	-0.024819	5.019889
106.101862	9470.354435	9.248871	-0.024819	5.021172
106.125874	9475.084265	9.253875	-0.024825	5.022374
106.066277	9480.303771	9.258880	-0.024811	5.023698
106.159680	9485.401291	9.263885	-0.024834	5.024995
106.213330	9490.618205	9.268890	-0.024847	5.026321
106.248211	9495.774833	9.273895	-0.024856	5.027631
106.221229	9500.953937	9.278899	-0.024850	5.028944
106.487813	9506.190769	9.283904	-0.024914	5.030280
106.486354	9511.021027	9.288909	-0.024914	5.031505
106.435243	9515.996474	9.293914	-0.024902	5.032765
106.578435	9521.100968	9.298919	-0.024937	5.034063
106.455495	9526.346480	9.303923	-0.024908	5.035388
106.461667	9532.073134	9.308928	-0.024909	5.036839
106.575784	9537.293877	9.313933	-0.024937	5.038165
106.651464	9542.499732	9.318938	-0.024955	5.039485
106.666374	9547.669939	9.323943	-0.024959	5.040794
106.705655	9552.333858	9.328947	-0.024969	5.041975
106.536312	9557.493160	9.333952	-0.024929	5.043275
106.547780	9562.705936	9.338957	-0.024932	5.044594
106.797982	9567.875169	9.343962	-0.024992	5.045909
106.815665	9572.996080	9.348967	-0.024997	5.047204
106.871426	9578.106304	9.353971	-0.025010	5.048497
107.018918	9583.321737	9.358976	-0.025046	5.049819
107.039549	9588.385727	9.363981	-0.025051	5.051099
106.998612	9593.233370	9.368986	-0.025042	5.052322
107.029440	9598.348120	9.373991	-0.025050	5.053614
107.235011	9603.491472	9.378995	-0.025099	5.054918
107.095639	9608.884198	9.384000	-0.025066	5.056275
107.229465	9614.241917	9.389005	-0.025099	5.057630
107.208668	9619.457407	9.394010	-0.025094	5.058945
107.138120	9624.624461	9.399015	-0.025077	5.060246
107.185298	9629.462905	9.404019	-0.025089	5.061467
107.216304	9634.458094	9.409024	-0.025097	5.062726
107.277565	9639.693844	9.414029	-0.025112	5.064047
107.384160	9644.822695	9.419034	-0.025138	5.065342
107.359167	9650.080118	9.424039	-0.025132	5.066665
107.530030	9655.165591	9.429043	-0.025173	5.067951
107.448453	9660.372889	9.434048	-0.025154	5.069259
107.443998	9665.440838	9.439053	-0.025153	5.070534
107.530550	9670.242359	9.444058	-0.025174	5.071744
107.443618	9675.429319	9.449063	-0.025154	5.073046
107.559332	9680.603606	9.454067	-0.025182	5.074351
107.538390	9685.881078	9.459072	-0.025177	5.075677
107.738804	9691.496684	9.464077	-0.025226	5.077094
107.636091	9696.673540	9.469082	-0.025201	5.078391
107.719975	9701.837230	9.474087	-0.025222	5.079690
107.644934	9706.860502	9.479091	-0.025204	5.080950
107.624864	9711.696961	9.484096	-0.025200	5.082163
107.704049	9716.828995	9.489101	-0.025219	5.083453
107.823772	9722.054681	9.494106	-0.025248	5.084768
107.819840	9727.192884	9.499111	-0.025247	5.086057
107.933955	9732.363436	9.504115	-0.025275	5.087357
108.029573	9737.588561	9.509120	-0.025298	5.088670
107.944091	9742.716558	9.514125	-0.025278	5.089952
108.003954	9747.580964	9.519130	-0.025293	5.091173
107.993623	9752.575599	9.524135	-0.025291	5.092424
108.045047	9757.799906	9.529139	-0.025303	5.093734
108.002990	9762.964084	9.534144	-0.025293	5.095026
108.126908	9768.443368	9.539149	-0.025323	5.096401
108.130894	9773.622389	9.544154	-0.025325	5.097698
108.103749	9778.827540	9.549159	-0.025319	5.098999
108.303130	9783.999138	9.554163	-0.025367	5.100298
108.398973	9788.742055	9.559168	-0.025390	5.101487
108.297156	9793.868528	9.564173	-0.025366	5.102766
108.384203	9799.054486	9.569178	-0.025387	5.104065
108.504477	9804.197989	9.574183	-0.025416	5.105354
108.631928	9809.400743	9.579187	-0.025447	5.106657
108.560152	9814.551437	9.584192	-0.025430	5.107941
108.535734	9819.717992	9.589197	-0.025425	5.109231
108.589551	9824.871895	9.594202	-0.025438	5.110519
108.479737	9829.607930	9.599207	-0.025412	5.111698
108.469281	9834.769162	9.604211	-0.025410	5.112985
108.470304	9840.070572	9.609216	-0.025410	5.114308
108.534074	9845.356195	9.614221	-0.025426	5.115628
108.584951	9850.809976	9.619226	-0.025439	5.116989
108.619299	9855.893806	9.624231	-0.025447	5.118257
108.838447	9860.970474	9.629235	-0.025500	5.119528
108.822271	9865.997424	9.634240	-0.025496	5.120780
108.910318	9870.809469	9.639245	-0.025518	5.121981
109.018015	9876.017928	9.644250	-0.025544	5.123281
109.026569	9881.142361	9.649255	-0.025546	5.124557
109.054761	9886.405111	9.654259	-0.025553	5.125868
108.983095	9891.536155	9.659264	-0.025536	5.127143
109.089063	9896.704951	9.664269	-0.025562	5.128431
108.972638	9901.848596	9.669274	-0.025535	5.129707
109.124447	9906.710964	9.674279	-0.025571	5.130921
109.108241	9911.656169	9.679283	-0.025568	5.132149
109.224633	9916.871645	9.684288	-0.025596	5.133449
109.230048	9922.046853	9.689293	-0.025598	5.134735
109.280134	9927.597993	9.694298	-0.025610	5.136115
109.258287	9932.786485	9.699303	-0.025605	5.137403
109.308790	9937.888972	9.704307	-0.025617	5.138671
109.357661	9943.150166	9.709312	-0.025630	5.139978
109.358916	9947.847995	9.714317	-0.025630	5.141144
109.357567	9952.952444	9.719322	-0.025630	5.142410
109.328411	9958.083895	9.724327	-0.025624	5.143682
109.585734	9963.271746	9.729331	-0.025685	5.144976
109.492334	9968.598042	9.734336	-0.025663	5.146293
109.522072	9973.658829	9.739341	-0.025671	5.147548
109.573654	9978.819260	9.744346	-0.025684	5.148828
109.631054	9983.855560	9.749351	-0.025698	5.150078
109.715812	9988.655578	9.754355	-0.025718	5.151269
109.672558	9993.803742	9.759360	-0.025708	5.152542
109.883307	9998.951737	9.764365	-0.025759	5.153822
109.745146	10004.297091	9.769370	-0.025726	5.155141
109.754124	10009.992376	9.774375	-0.025729	5.156550
110.006461	10015.099541	9.779379	-0.025790	5.157820
109.979722	10020.257501	9.784384	-0.025783	5.159095
110.127123	10025.205727	9.789389	-0.025819	5.160322
109.945425	10030.144341	9.794394	-0.025776	5.161538
110.013410	10035.208486	9.799399	-0.025793	5.162791
110.168407	10040.344034	9.804403	-0.025830	5.164064
110.067377	10045.599757	9.809408	-0.025806	5.165359
110.010423	10050.762199	9.814413	-0.025793	5.166633
110.067346	10055.980583	9.819418	-0.025807	5.167922
110.180583	10061.047425	9.824423	-0.025834	5.169176
110.166304	10066.073645	9.829427	-0.025831	5.170416
110.269718	10070.988350	9.834432	-0.025856	5.171631
110.242441	10076.113324	9.839437	-0.025850	5.172894
110.341272	10081.255072	9.844442	-0.025874	5.174164
110.290714	10086.675144	9.849447	-0.025862	5.175499
110.230528	10092.022878	9.854451	-0.025848	5.176815
110.418826	10097.191912	9.859456	-0.025894	5.178094
110.555794	10102.276512	9.864461	-0.025927	5.179349
110.543199	10107.219913	9.869466	-0.025924	5.180566
110.452076	10112.219804	9.874471	-0.025903	5.181795
110.525624	10117.374509	9.879475	-0.025921	5.183066
110.492444	10122.494946	9.884480	-0.025913	5.184325
110.664549	10127.719108	9.889485	-0.025954	5.185614
110.755982	10132.874502	9.894490	-0.025977	5.186885
110.695769	10138.025729	9.899495	-0.025963	5.188150
110.758852	10143.213362	9.904499	-0.025978	5.189427
110.810892	10148.083306	9.909504	-0.025991	5.190625
110.835804	10153.098318	9.914509	-0.025997	5.191858
110.829872	10158.319891	9.919514	-0.025996	5.193140
110.867793	10163.473276	9.924519	-0.026005	5.194407
110.791521	10169.259307	9.929523	-0.025988	5.195826
110.821271	10174.474740	9.934528	-0.025995	5.197106
110.842731	10179.581647	9.939533	-0.026001	5.198360
110.917140	10184.778398	9.944538	-0.026019	5.199637
110.957901	10189.464436	9.949543	-0.026029	5.200788
111.071030	10194.574281	9.954547	-0.026056	5.202044
110.980829	10199.776749	9.959552	-0.026035	5.203317
111.093378	10204.936312	9.964557	-0.026062	5.204584
111.221403	10210.103191	9.969562	-0.026093	5.205854
111.374046	10215.261150	9.974567	-0.026130	5.207121
111.336508	10220.446616	9.979571	-0.026121	5.208390
111.370728	10225.571031	9.984576	-0.026130	5.209646
111.364598	10230.301683	9.989581	-0.026129	5.210804
111.512986	10235.414074	9.994586	-0.026165	5.212059
111.495462	10240.607480	9.999591	-0.026161	5.213329
111.470792	10243.159753	10.004595	-0.026155	5.213953
111.520495	10243.175842	10.009600	-0.026167	5.213958
111.347763	10243.143912	10.014592	-0.026125	5.213946
111.395766	10243.109562	10.019584	-0.026137	5.213939
111.458963	10243.123535	10.024576	-0.026152	5.213944
111.487230	10243.106585	10.029568	-0.026158	5.213940
111.590278	10243.221341	10.034560	-0.026183	5.213971
111.559712	10243.150358	10.039552	-0.026175	5.213953
111.404265	10243.204917	10.044544	-0.026138	5.213962
111.433894	10243.207018	10.049536	-0.026145	5.213964
111.367606	10243.194756	10.054528	-0.026129	5.213959
111.541541	10243.201084	10.059520	-0.026170	5.213965
111.579976	10243.113989	10.064512	-0.026180	5.213945
111.515691	10243.104078	10.069504	-0.026164	5.213940
111.364568	10243.240074	10.074496	-0.026128	5.213970
111.368647	10243.196205	10.079488	-0.026129	5.213959
111.386916	10243.176454	10.084480	-0.026133	5.213955
111.475878	10243.102032	10.089472	-0.026154	5.213939
111.504938	10243.177120	10.094464	-0.026161	5.213958
111.608324	10243.158777	10.099456	-0.026185	5.213956
111.581228	10243.128377	10.104448	-0.026179	5.213948
111.648517	10243.213575	10.109440	-0.026195	5.213971
111.528602	10243.114754	10.114432	-0.026166	5.213943
111.703075	10243.211867	10.119424	-0.026208	5.213971
111.685833	10243.157414	10.124416	-0.026203	5.213958
111.534508	10243.152691	10.129408	-0.026167	5.213953
111.507717	10243.260441	10.134400	-0.026160	5.213978
111.513495	10243.158820	10.139392	-0.026162	5.213954
111.548756	10243.162896	10.144384	-0.026170	5.213956
111.491770	10243.154787	10.149376	-0.026156	5.213952
111.676962	10243.157388	10.154368	-0.026200	5.213957
111.536417	10243.219358	10.159360	-0.026167	5.213969
111.662022	10243.081001	10.164352	-0.026197	5.213938
111.535798	10243.227210	10.169344	-0.026166	5.213971
111.541310	10243.203664	10.174336	-0.026167	5.213965
111.657834	10243.181400	10.179328	-0.026195	5.213963
111.600042	10243.115799	10.184320	-0.026181	5.213945
111.577235	10243.175795	10.189312	-0.026176	5.213959
111.501926	10243.231001	10.194304	-0.026158	5.213971
111.602890	10243.183482	10.199296	-0.026182	5.213962
111.659307	10243.068933	10.204288	-0.026195	5.213935
111.589580	10243.174737	10.209280	-0.026178	5.213959
111.721441	10243.172634	10.214272	-0.026210	5.213962
111.586013	10243.245588	10.219264	-0.026177	5.213976
111.723716	10243.203216	10.224256	-0.026210	5.213970
111.742906	10243.235827	10.229248	-0.026214	5.213978
111.729709	10243.163042	10.234240	-0.026211	5.213960
111.701347	10243.182672	10.239232	-0.026204	5.213964
111.673898	10243.193250	10.244224	-0.026197	5.213966
111.783452	10243.165312	10.249216	-0.026223	5.213962
111.718319	10243.152930	10.254208	-0.026208	5.213957
111.741272	10243.185151	10.259200	-0.026213	5.213966
111.637910	10243.133232	10.264192	-0.026188	5.213950
111.668095	10243.206925	10.269184	-0.026195	5.213969
111.714892	10243.172699	10.274176	-0.026206	5.213962
111.575178	10243.174449	10.279168	-0.026173	5.213959
111.749657	10243.068128	10.284160	-0.026214	5.213937
111.727309	10243.160063	10.289152	-0.026209	5.213959
111.750296	10243.206355	10.294144	-0.026214	5.213971
111.755853	10243.122669	10.299136	-0.026216	5.213950
111.778890	10243.147204	10.304128	-0.026221	5.213957
111.937831	10243.171720	10.309120	-0.026259	5.213967
111.893126	10243.129071	10.314112	-0.026248	5.213956
111.854111	10243.176675	10.319104	-0.026239	5.213966
111.765702	10243.160309	10.324096	-0.026217	5.213960
111.795338	10243.170086	10.329088	-0.026224	5.213963
111.815586	10243.189792	10.334080	-0.026229	5.213968
111.783754	10243.194428	10.339072	-0.026221	5.213969
111.755955	10243.237030	10.344064	-0.026214	5.213978
111.831068	10243.210104	10.349056	-0.026232	5.213974
111.842350	10243.256330	10.354048	-0.026235	5.213985
111.819000	10243.242174	10.359040	-0.026229	5.213981
111.787775	10243.208363	10.364032	-0.026222	5.213972
111.758832	10243.248525	10.369024	-0.026214	5.213981
111.967777	10243.212839	10.374016	-0.026264	5.213978
111.832589	10243.194926	10.379008	-0.026232	5.213970
111.759618	10243.201269	10.384000	-0.026214	5.213970
111.824148	10243.179280	10.388992	-0.026230	5.213966
111.910335	10243.224135	10.393984	-0.026250	5.213979
111.893912	10243.164479	10.398976	-0.026246	5.213964
111.899302	10243.221552	10.403968	-0.026247	5.213978
111.815333	10243.198328	10.408960	-0.026227	5.213970
111.848026	10243.154050	10.413952	-0.026235	5.213960
111.793044	10243.172602	10.418944	-0.026221	5.213963
111.910596	10243.160468	10.423936	-0.026249	5.213963
111.843569	10243.131649	10.428928	-0.026233	5.213955
111.856509	10243.199454	10.433920	-0.026236	5.213971
111.939646	10243.174255	10.438912	-0.026256	5.213967
111.895843	10243.150704	10.443904	-0.026245	5.213961
111.753326	10243.156583	10.448896	-0.026211	5.213958
111.903743	10243.149996	10.453888	-0.026247	5.213961
111.908940	10243.150792	10.458880	-0.026248	5.213961
111.774118	10243.136681	10.463872	-0.026216	5.213954
111.884963	10243.153390	10.468864	-0.026242	5.213961
111.834082	10243.113940	10.473856	-0.026230	5.213950
111.835168	10243.222638	10.478848	-0.026230	5.213976
111.991505	10243.215438	10.483840	-0.026267	5.213979
111.915412	10243.179882	10.488832	-0.026249	5.213968
111.927966	10243.188872	10.493824	-0.026252	5.213971
111.913263	10243.177657	10.498816	-0.026248	5.213967
112.018532	10243.207739	10.503808	-0.026273	5.213977
111.960351	10243.195916	10.508800	-0.026259	5.213973
112.026513	10243.154564	10.513792	-0.026275	5.213965
112.033196	10243.226857	10.518784	-0.026276	5.213982
111.852915	10243.153486	10.523776	-0.026233	5.213960
111.843416	10243.194190	10.528768	-0.026231	5.213970
112.011818	10243.179341	10.533760	-0.026271	5.213970
111.942517	10243.162273	10.538752	-0.026254	5.213964
111.764134	10243.202578	10.543744	-0.026211	5.213970
111.819465	10243.203293	10.548736	-0.026224	5.213971
111.938317	10243.185905	10.553728	-0.026253	5.213970
112.060052	10243.197647	10.558720	-0.026282	5.213976
112.096420	10243.142753	10.563712	-0.026290	5.213963
112.089987	10243.238156	10.568704	-0.026289	5.213986
112.004527	10243.158790	10.573696	-0.026268	5.213965
111.961964	10243.233630	10.578688	-0.026258	5.213982
112.180321	10243.204646	10.583680	-0.026310	5.213981
112.017471	10243.208793	10.588672	-0.026271	5.213977
111.955939	10243.190919	10.593664	-0.026256	5.213971
112.063611	10243.167015	10.598656	-0.026281	5.213968
112.087826	10243.211900	10.603648	-0.026287	5.213980
112.035359	10243.202043	10.608640	-0.026274	5.213976
111.922364	10243.158798	10.613632	-0.026247	5.213963
111.913830	10243.214756	10.618624	-0.026245	5.213976
111.989516	10243.105885	10.623616	-0.026263	5.213951
112.131791	10243.216575	10.628608	-0.026297	5.213982
111.979731	10243.183779	10.633600	-0.026261	5.213970
111.929418	10243.235113	10.638592	-0.026248	5.213981
111.996591	10243.276822	10.643584	-0.026264	5.213993
111.948677	10243.203799	10.648576	-0.026253	5.213974
112.047236	10243.189795	10.653568	-0.026276	5.213973
111.952619	10243.180470	10.658560	-0.026253	5.213969
111.870850	10243.178769	10.663552	-0.026234	5.213966
112.037403	10243.160274	10.668544	-0.026273	5.213966
112.032232	10243.086657	10.673536	-0.026272	5.213948
111.938481	10243.191115	10.678528	-0.026250	5.213971
111.979571	10243.084552	10.683520	-0.026259	5.213946
112.106329	10243.086816	10.688512	-0.026289	5.213950
112.018373	10243.144613	10.693504	-0.026268	5.213961
112.157376	10243.070118	10.698496	-0.026301	5.213947
112.109209	10243.125068	10.703488	-0.026290	5.213959
112.079946	10243.174219	10.708480	-0.026283	5.213970
112.103402	10243.118105	10.713472	-0.026288	5.213957
112.154453	10243.187076	10.718464	-0.026300	5.213975
111.982948	10243.207475	10.723456	-0.026259	5.213976
111.980383	10243.188604	10.728448	-0.026258	5.213971
112.021565	10243.110180	10.733440	-0.026268	5.213953
111.996193	10243.142294	10.738432	-0.026262	5.213960
111.881532	10243.178550	10.743424	-0.026234	5.213966
111.966374	10243.158292	10.748416	-0.026254	5.213963
111.825729	10243.213876	10.753408	-0.026221	5.213973
111.899394	10243.175585	10.758400	-0.026238	5.213966
111.936569	10243.014411	10.763392	-0.026247	5.213927
112.119085	10243.143958	10.768384	-0.026290	5.213964
112.032192	10243.200365	10.773376	-0.026270	5.213975
112.063049	10243.252238	10.778368	-0.026277	5.213989
112.022840	10243.134913	10.783360	-0.026267	5.213959
112.020603	10243.165908	10.788352	-0.026266	5.213966
112.083843	10243.228497	10.793344	-0.026281	5.213983
112.014414	10243.171778	10.798336	-0.026265	5.213968
111.960282	10243.263172	10.803328	-0.026252	5.213989
112.023950	10243.195210	10.808320	-0.026267	5.213974
112.124002	10243.179773	10.813312	-0.026290	5.213972
112.053785	10243.230612	10.818304	-0.026274	5.213983
111.967163	10243.221737	10.823296	-0.026253	5.213979
112.024314	10243.164687	10.828288	-0.026266	5.213966
111.926477	10243.183845	10.833280	-0.026243	5.213968
112.222288	10243.196728	10.838272	-0.026313	5.213979
111.925567	10243.203242	10.843264	-0.026242	5.213973
111.994610	10243.141121	10.848256	-0.026259	5.213960
111.957001	10243.255111	10.853248	-0.026249	5.213986
112.099088	10243.162384	10.858240	-0.026283	5.213967
111.838282	10243.166455	10.863232	-0.026221	5.213962
111.909665	10243.212846	10.868224	-0.026238	5.213975
111.942476	10243.181350	10.873216	-0.026245	5.213968
112.022834	10243.230649	10.878208	-0.026265	5.213982
111.964124	10243.185614	10.883200	-0.026250	5.213970
112.045243	10243.196450	10.888192	-0.026270	5.213974
112.094221	10243.234929	10.893184	-0.026281	5.213985
112.240143	10243.139245	10.898176	-0.026316	5.213965
112.126430	10243.211228	10.903168	-0.026289	5.213980
112.162410	10243.180683	10.908160	-0.026297	5.213973
112.236291	10243.216580	10.913152	-0.026315	5.213984
112.256004	10243.192840	10.918144	-0.026319	5.213979
112.206779	10243.020153	10.923136	-0.026307	5.213935
112.100455	10243.202684	10.928128	-0.026282	5.213977
112.103673	10243.164021	10.933120	-0.026282	5.213968
112.069345	10243.198344	10.938112	-0.026274	5.213975
112.032549	10243.190700	10.943104	-0.026265	5.213972
112.111352	10243.057195	10.948096	-0.026284	5.213942
112.109826	10243.153370	10.953088	-0.026283	5.213965
112.060340	10243.127849	10.958080	-0.026271	5.213958
112.112132	10243.157080	10.963072	-0.026284	5.213966
112.182083	10243.155000	10.968064	-0.026300	5.213967
112.166733	10243.124660	10.973056	-0.026297	5.213960
112.209157	10243.190687	10.978048	-0.026307	5.213977
112.169346	10243.102749	10.983040	-0.026297	5.213954
112.172326	10243.179264	10.988032	-0.026298	5.213973
112.043098	10243.238781	10.993024	-0.026266	5.213984
112.133244	10243.169353	10.998016	-0.026288	5.213970
112.120809	10243.216760	11.003008	-0.026285	5.213981
112.082152	10243.156850	11.008000	-0.026275	5.213965
112.068038	10243.181400	11.012992	-0.026272	5.213971
112.167337	10243.212101	11.017984	-0.026296	5.213981
112.097947	10243.183527	11.022976	-0.026279	5.213972
112.086750	10243.201377	11.027968	-0.026276	5.213976
112.170134	10243.196624	11.032960	-0.026296	5.213977
112.188634	10243.217792	11.037952	-0.026300	5.213983
112.017475	10243.189535	11.042944	-0.026259	5.213971
112.161864	10243.012125	11.047936	-0.026293	5.213932
112.089779	10243.189825	11.052928	-0.026276	5.213973
112.135328	10243.210747	11.057920	-0.026287	5.213980
112.098392	10243.196720	11.062912	-0.026278	5.213975
112.185271	10243.168574	11.067904	-0.026299	5.213971
112.107572	10243.162612	11.072896	-0.026280	5.213967
112.085223	10243.230239	11.077888	-0.026274	5.213983
112.104627	10243.184780	11.082880	-0.026279	5.213972
112.071403	10243.245857	11.087872	-0.026271	5.213986
112.133511	10243.220280	11.092864	-0.026286	5.213982
112.117274	10243.183635	11.097856	-0.026282	5.213972
112.115728	10243.227353	11.102848	-0.026281	5.213983
112.216357	10243.199061	11.107840	-0.026305	5.213979
112.250107	10243.171307	11.112832	-0.026313	5.213973
112.248042	10243.181812	11.117824	-0.026312	5.213975
112.175270	10243.151030	11.122816	-0.026295	5.213966
112.210245	10243.235742	11.127808	-0.026303	5.213987
112.172808	10243.138601	11.132800	-0.026294	5.213963
112.106801	10243.142943	11.137792	-0.026278	5.213962
112.182238	10243.228577	11.142784	-0.026296	5.213985
112.237944	10243.183193	11.147776	-0.026309	5.213975
112.232852	10243.194012	11.152768	-0.026308	5.213978
112.207752	10243.131417	11.157760	-0.026302	5.213962
112.307773	10243.142852	11.162752	-0.026325	5.213967
112.288603	10243.210148	11.167744	-0.026321	5.213983
112.211431	10243.164468	11.172736	-0.026302	5.213970
112.218587	10243.226476	11.177728	-0.026304	5.213985
112.105380	10243.124398	11.182720	-0.026277	5.213957
112.077649	10243.204097	11.187712	-0.026270	5.213976
112.147779	10243.213514	11.192704	-0.026286	5.213980
112.039477	10243.116045	11.197696	-0.026260	5.213954
112.146345	10243.160035	11.202688	-0.026286	5.213967
111.972483	10243.115426	11.207680	-0.026244	5.213952
112.022663	10243.111557	11.212672	-0.026256	5.213952
112.121913	10243.185766	11.217664	-0.026280	5.213973
112.097985	10243.078268	11.222656	-0.026274	5.213946
112.264569	10243.167246	11.227648	-0.026313	5.213972
112.111009	10243.179386	11.232640	-0.026277	5.213971
112.182340	10243.174604	11.237632	-0.026294	5.213971
112.197100	10243.191042	11.242624	-0.026297	5.213976
112.210374	10243.189721	11.247616	-0.026300	5.213976
112.364080	10243.217340	11.252608	-0.026337	5.213986
112.252307	10243.159894	11.257600	-0.026310	5.213970
112.027350	10243.197351	11.262592	-0.026256	5.213973
112.119457	10243.212165	11.267584	-0.026278	5.213979
112.192083	10243.110009	11.272576	-0.026295	5.213956
112.249372	10243.202643	11.277568	-0.026309	5.213980
112.088765	10243.193763	11.282560	-0.026270	5.213974
112.151894	10243.278116	11.287552	-0.026285	5.213996
112.027615	10243.204054	11.292544	-0.026255	5.213975
112.146798	10243.125218	11.297536	-0.026283	5.213958
112.197230	10243.182738	11.302528	-0.026295	5.213974
112.198353	10243.169882	11.307520	-0.026296	5.213971
112.210921	10243.169914	11.312512	-0.026298	5.213971
112.178777	10243.186097	11.317504	-0.026291	5.213974
112.142457	10243.189919	11.322496	-0.026282	5.213974
112.241141	10243.196375	11.327488	-0.026305	5.213978
112.152646	10243.165943	11.332480	-0.026284	5.213968
112.170699	10243.203790	11.337472	-0.026288	5.213978
112.162450	10243.185509	11.342464	-0.026286	5.213973
112.134748	10243.188437	11.347456	-0.026279	5.213973
112.172187	10243.192287	11.352448	-0.026288	5.213975
112.369304	10243.155269	11.357440	-0.026335	5.213971
112.314640	10243.224968	11.362432	-0.026322	5.213987
112.266047	10243.160970	11.367424	-0.026310	5.213970
112.367609	10243.073725	11.372416	-0.026334	5.213951
112.283634	10243.118314	11.377408	-0.026314	5.213960
112.229819	10243.132906	11.382400	-0.026301	5.213962
112.292582	10243.185309	11.387392	-0.026316	5.213976
112.248043	10243.161835	11.392384	-0.026305	5.213970
112.255858	10243.132932	11.397376	-0.026307	5.213963
112.345212	10243.103250	11.402368	-0.026328	5.213958
112.166767	10243.172988	11.407360	-0.026285	5.213970
112.336009	10243.100477	11.412352	-0.026326	5.213957
112.273075	10243.140325	11.417344	-0.026311	5.213965
112.317159	10243.065438	11.422336	-0.026321	5.213948
112.304670	10243.146116	11.427328	-0.026318	5.213967
112.300269	10243.142789	11.432320	-0.026317	5.213966
112.445765	10243.091932	11.437312	-0.026351	5.213957
112.288477	10243.147961	11.442304	-0.026314	5.213967
112.299145	10243.169941	11.447296	-0.026316	5.213973
112.279795	10243.173283	11.452288	-0.026311	5.213973
112.282330	10243.132132	11.457280	-0.026312	5.213963
112.262339	10243.102274	11.462272	-0.026307	5.213955
112.142116	10243.167255	11.467264	-0.026278	5.213968
112.079045	10243.189204	11.472256	-0.026263	5.213972
112.011055	10243.137454	11.477248	-0.026246	5.213957
112.243323	10243.142852	11.482240	-0.026302	5.213965
112.393030	10243.176004	11.487232	-0.026337	5.213976
112.240999	10243.147043	11.492224	-0.026301	5.213966
112.229292	10243.107369	11.497216	-0.026298	5.213956
112.232685	10243.199195	11.502208	-0.026299	5.213978
112.342460	10243.127732	11.507200	-0.026325	5.213963
112.228648	10243.163899	11.512192	-0.026298	5.213969
112.329839	10243.136828	11.517184	-0.026322	5.213965
112.295296	10243.118715	11.522176	-0.026313	5.213960
112.118521	10243.178044	11.527168	-0.026271	5.213970
112.245903	10243.098358	11.532160	-0.026301	5.213954
112.168757	10243.117929	11.537152	-0.026283	5.213956
112.314458	10243.093919	11.542144	-0.026317	5.213954
112.295371	10243.079321	11.547136	-0.026313	5.213950
112.298156	10243.103397	11.552128	-0.026313	5.213956
112.222330	10243.066534	11.557120	-0.026295	5.213945
112.247933	10243.089524	11.562112	-0.026301	5.213951
112.342387	10243.036283	11.567104	-0.026323	5.213941
112.371376	10243.134411	11.572096	-0.026330	5.213966
112.242192	10243.161937	11.577088	-0.026299	5.213969
112.335680	10243.069132	11.582080	-0.026321	5.213949
112.264699	10243.164832	11.587072	-0.026304	5.213970
112.328378	10243.148048	11.592064	-0.026319	5.213968
112.267636	10243.071237	11.597056	-0.026305	5.213947
112.288103	10243.157454	11.602048	-0.026309	5.213969
112.312814	10243.135754	11.607040	-0.026315	5.213964
112.280055	10243.158399	11.612032	-0.026307	5.213969
112.244184	10243.163454	11.617024	-0.026299	5.213969
112.392865	10243.126341	11.622016	-0.026334	5.213964
112.385831	10243.165510	11.627008	-0.026332	5.213973
112.414009	10243.084595	11.632000	-0.026339	5.213954
112.337558	10243.104094	11.636992	-0.026320	5.213957
112.358232	10243.132713	11.641984	-0.026325	5.213965
112.309546	10243.046974	11.646976	-0.026313	5.213942
112.339207	10243.019644	11.651968	-0.026320	5.213936
112.267520	10243.089827	11.656960	-0.026303	5.213952
112.241066	10243.225692	11.661952	-0.026297	5.213984
112.094388	10243.124525	11.666944	-0.026261	5.213956
112.033332	10243.173135	11.671936	-0.026247	5.213966
112.174906	10243.166186	11.676928	-0.026280	5.213968
112.111906	10243.060181	11.681920	-0.026265	5.213940
112.286107	10243.171399	11.686912	-0.026307	5.213972
112.302403	10243.128822	11.691904	-0.026311	5.213962
112.214767	10243.122611	11.696896	-0.026289	5.213958
112.246516	10243.142405	11.701888	-0.026297	5.213964
112.322978	10243.087191	11.706880	-0.026315	5.213952
112.279760	10243.139068	11.711872	-0.026305	5.213964
112.172967	10243.131006	11.716864	-0.026279	5.213959
112.219447	10243.150552	11.721856	-0.026290	5.213965
112.255233	10243.173765	11.726848	-0.026298	5.213972
112.489026	10243.093280	11.731840	-0.026354	5.213958
112.297927	10243.157934	11.736832	-0.026308	5.213969
112.328497	10243.052461	11.741824	-0.026316	5.213944
112.281472	10243.061232	11.746816	-0.026304	5.213945
112.406028	10243.126419	11.751808	-0.026334	5.213964
112.425516	10243.101423	11.756800	-0.026338	5.213958
112.446761	10243.108232	11.761792	-0.026343	5.213961
112.446506	10243.142860	11.766784	-0.026343	5.213969
112.364810	10243.110444	11.771776	-0.026323	5.213959
112.404826	10243.163926	11.776768	-0.026333	5.213973
112.371147	10243.158518	11.781760	-0.026325	5.213971
112.404199	10243.087333	11.786752	-0.026332	5.213954
112.276954	10243.174794	11.791744	-0.026302	5.213972
112.178906	10243.209326	11.796736	-0.026278	5.213978
112.212096	10243.150923	11.801728	-0.026286	5.213965
112.178843	10243.099409	11.806720	-0.026278	5.213951
112.516262	10243.165554	11.811712	-0.026359	5.213976
112.220257	10243.171994	11.816704	-0.026288	5.213970
112.371962	10243.138406	11.821696	-0.026324	5.213966
112.390610	10243.145484	11.826688	-0.026328	5.213968
112.341119	10243.079021	11.831680	-0.026316	5.213950
112.392226	10243.162060	11.836672	-0.026328	5.213972
112.357410	10243.083840	11.841664	-0.026320	5.213952
112.379616	10243.143007	11.846656	-0.026325	5.213967
112.341702	10243.090697	11.851648	-0.026316	5.213953
112.334218	10243.049306	11.856640	-0.026314	5.213943
112.329598	10243.111256	11.861632	-0.026313	5.213958
112.338754	10243.157703	11.866624	-0.026315	5.213970
112.324356	10243.178443	11.871616	-0.026311	5.213974
112.323325	10243.182444	11.876608	-0.026311	5.213975
112.232011	10243.171497	11.881600	-0.026289	5.213970
112.272540	10243.143040	11.886592	-0.026298	5.213964
112.324786	10243.081380	11.891584	-0.026311	5.213950
112.361766	10243.136457	11.896576	-0.026320	5.213965
112.265799	10243.210438	11.901568	-0.026296	5.213981
112.262965	10243.091796	11.906560	-0.026296	5.213951
112.282695	10243.208797	11.911552	-0.026300	5.213981
112.354980	10243.118191	11.916544	-0.026317	5.213960
112.449164	10243.127672	11.921536	-0.026340	5.213965
112.381835	10243.139827	11.926528	-0.026324	5.213966
112.303760	10243.073769	11.931520	-0.026305	5.213948
112.331421	10243.196345	11.936512	-0.026311	5.213979
112.412301	10243.164983	11.941504	-0.026330	5.213973
112.296853	10243.147582	11.946496	-0.026303	5.213966
112.354110	10243.109713	11.951488	-0.026316	5.213958
112.326752	10243.040955	11.956480	-0.026310	5.213940
112.504068	10243.163366	11.961472	-0.026352	5.213975
112.460257	10243.079681	11.966464	-0.026341	5.213953
112.460828	10243.174358	11.971456	-0.026341	5.213976
112.423443	10243.182129	11.976448	-0.026332	5.213977
112.374144	10243.122043	11.981440	-0.026320	5.213961
112.477888	10243.102384	11.986432	-0.026345	5.213959
112.313630	10243.152739	11.991424	-0.026306	5.213967
112.252429	10243.179613	11.996416	-0.026291	5.213972
112.334045	10243.200633	12.001408	-0.026310	5.213980
112.300406	10243.144041	12.006400	-0.026302	5.213965
112.391896	10243.196025	12.011392	-0.026324	5.213980
112.340755	10243.138689	12.016384	-0.026311	5.213965
112.366570	10243.171893	12.021376	-0.026317	5.213973
112.334153	10243.181707	12.026368	-0.026310	5.213975
112.417796	10243.060495	12.031360	-0.026329	5.213947
112.365914	10243.072328	12.036352	-0.026317	5.213949
112.441047	10243.097859	12.041344	-0.026335	5.213957
112.330148	10243.133724	12.046336	-0.026308	5.213963
112.322584	10243.142241	12.051328	-0.026306	5.213965
112.337924	10243.083130	12.056320	-0.026310	5.213951
112.265401	10243.148282	12.061312	-0.026292	5.213965
112.211322	10243.157784	12.066304	-0.026279	5.213966
112.398648	10243.115384	12.071296	-0.026324	5.213960
112.302150	10243.131843	12.076288	-0.026301	5.213962
112.345419	10243.181150	12.081280	-0.026311	5.213975
112.382915	10243.142771	12.086272	-0.026320	5.213966
112.360100	10243.094013	12.091264	-0.026314	5.213954
112.397149	10243.154201	12.096256	-0.026323	5.213970
112.458270	10243.141521	12.101248	-0.026337	5.213968
112.366361	10243.084574	12.106240	-0.026315	5.213952
112.374141	10243.146518	12.111232	-0.026317	5.213967
112.327684	10243.111727	12.116224	-0.026306	5.213957
112.325253	10243.063414	12.121216	-0.026305	5.213945
112.413289	10243.032590	12.126208	-0.026326	5.213940
112.175099	10243.134113	12.131200	-0.026269	5.213959
112.164535	10243.153177	12.136192	-0.026266	5.213963
112.223946	10243.094613	12.141184	-0.026280	5.213950
112.196464	10243.084724	12.146176	-0.026274	5.213947
112.292414	10243.076109	12.151168	-0.026296	5.213948
112.300029	10243.168777	12.156160	-0.026298	5.213971
112.451871	10243.020021	12.161152	-0.026334	5.213938
112.265267	10243.066296	12.166144	-0.026290	5.213945
112.506529	10243.156486	12.171136	-0.026347	5.213973
112.473469	10243.138219	12.176128	-0.026339	5.213967
112.344710	10243.094050	12.181120	-0.026308	5.213953
112.405937	10243.154289	12.186112	-0.026323	5.213970
112.433999	10243.058033	12.191104	-0.026329	5.213947
112.390119	10243.181630	12.196096	-0.026319	5.213976
112.332189	10243.127557	12.201088	-0.026305	5.213961
112.383679	10243.120994	12.206080	-0.026317	5.213961
112.479633	10243.207060	12.211072	-0.026340	5.213984
112.437797	10243.119331	12.216064	-0.026330	5.213962
112.398169	10243.138850	12.221056	-0.026320	5.213966
112.445113	10243.176260	12.226048	-0.026331	5.213976
112.499924	10243.118173	12.231040	-0.026344	5.213963
112.503440	10243.076921	12.236032	-0.026345	5.213953
112.467955	10243.116482	12.241024	-0.026336	5.213962
112.429799	10243.027092	12.246016	-0.026327	5.213939
112.477707	10243.109184	12.251008	-0.026338	5.213960
112.423524	10243.203142	12.256000	-0.026325	5.213982
112.476889	10243.156721	12.260992	-0.026338	5.213972
112.107292	10243.126011	12.265984	-0.026249	5.213955
112.365855	10243.209289	12.270976	-0.026311	5.213982
112.275695	10243.147043	12.275968	-0.026289	5.213964
112.411168	10243.163758	12.280960	-0.026321	5.213972
112.450918	10243.163530	12.285952	-0.026331	5.213973
112.342159	10243.112169	12.290944	-0.026305	5.213957
112.389941	10243.176361	12.295936	-0.026316	5.213974
112.355994	10243.177378	12.300928	-0.026308	5.213974
112.451668	10243.088185	12.305920	-0.026331	5.213954
112.486449	10243.171638	12.310912	-0.026339	5.213976
112.355498	10243.112343	12.315904	-0.026307	5.213958
112.337725	10243.031075	12.320896	-0.026303	5.213937
112.245066	10243.035622	12.325888	-0.026281	5.213936
112.343308	10243.074110	12.330880	-0.026304	5.213948
112.228656	10243.194810	12.335872	-0.026276	5.213975
112.469274	10243.072673	12.340864	-0.026334	5.213951
112.360489	10243.165896	12.345856	-0.026308	5.213971
112.504132	10243.122908	12.350848	-0.026342	5.213964
112.331892	10243.089645	12.355840	-0.026301	5.213951
112.349163	10243.140368	12.360832	-0.026305	5.213964
112.460361	10243.171116	12.365824	-0.026331	5.213975
112.477169	10243.175826	12.370816	-0.026335	5.213976
112.384026	10243.135640	12.375808	-0.026313	5.213964
112.395727	10243.209971	12.380800	-0.026315	5.213982
112.430363	10243.192361	12.385792	-0.026323	5.213979
112.435910	10243.186724	12.390784	-0.026325	5.213978
112.346025	10243.182025	12.395776	-0.026303	5.213974
112.382814	10243.173148	12.400768	-0.026312	5.213973
112.334938	10243.162815	12.405760	-0.026300	5.213969
112.412383	10243.129250	12.410752	-0.026318	5.213963
112.348971	10243.109012	12.415744	-0.026303	5.213956
112.442840	10243.089098	12.420736	-0.026325	5.213954
112.497062	10243.100164	12.425728	-0.026338	5.213958
112.549308	10243.120391	12.430720	-0.026351	5.213964
112.601592	10243.173881	12.435712	-0.026363	5.213979
112.673472	10243.124260	12.440704	-0.026380	5.213968
112.452664	10243.191994	12.445696	-0.026327	5.213979
112.445933	10243.133892	12.450688	-0.026325	5.213965
112.486403	10243.123353	12.455680	-0.026335	5.213963
112.239294	10243.157990	12.460672	-0.026276	5.213966
112.352024	10243.137399	12.465664	-0.026303	5.213963
112.477362	10243.189711	12.470656	-0.026332	5.213979
112.381825	10243.153612	12.475648	-0.026309	5.213968
112.406421	10243.166471	12.480640	-0.026315	5.213972
112.350170	10243.159564	12.485632	-0.026302	5.213969
112.393197	10243.066874	12.490624	-0.026312	5.213947
112.443694	10243.115431	12.495616	-0.026324	5.213960
112.333685	10243.096187	12.500608	-0.026297	5.213953
112.320482	10243.095053	12.505600	-0.026294	5.213952
112.380576	10243.149012	12.510592	-0.026308	5.213967
112.302480	10243.137974	12.515584	-0.026289	5.213962
112.414238	10243.201930	12.520576	-0.026316	5.213981
112.201042	10243.199783	12.525568	-0.026265	5.213975
112.236656	10243.215337	12.530560	-0.026273	5.213979
112.291806	10243.208394	12.535552	-0.026286	5.213979
112.324978	10243.115447	12.540544	-0.026294	5.213957
112.386592	10243.205074	12.545536	-0.026309	5.213981
112.478377	10243.180258	12.550528	-0.026331	5.213977
112.495203	10243.167053	12.555520	-0.026335	5.213974
112.540420	10243.147066	12.560512	-0.026345	5.213970
112.476329	10243.139694	12.565504	-0.026330	5.213967
112.562387	10243.144899	12.570496	-0.026350	5.213970
112.532403	10243.154462	12.575488	-0.026343	5.213972
112.389571	10243.128385	12.580480	-0.026309	5.213962
112.310723	10243.187796	12.585472	-0.026290	5.213974
112.329284	10243.153940	12.590464	-0.026294	5.213966
112.350397	10243.211941	12.595456	-0.026299	5.213981
112.322870	10243.184144	12.600448	-0.026292	5.213974
112.413840	10243.178604	12.605440	-0.026314	5.213975
112.409746	10243.203395	12.610432	-0.026313	5.213981
112.379488	10243.154129	12.615424	-0.026305	5.213968
112.458226	10243.189522	12.620416	-0.026324	5.213978
112.429948	10243.149008	12.625408	-0.026317	5.213968
112.547965	10243.070292	12.630400	-0.026345	5.213951
112.484862	10243.125512	12.635392	-0.026330	5.213963
112.527086	10243.100717	12.640384	-0.026340	5.213958
112.508932	10243.077065	12.645376	-0.026336	5.213952
112.379372	10243.044495	12.650368	-0.026304	5.213941
112.349069	10243.059208	12.655360	-0.026297	5.213944
112.493956	10243.104374	12.660352	-0.026332	5.213958
112.517369	10243.003483	12.665344	-0.026337	5.213934
112.628208	10243.062416	12.670336	-0.026363	5.213951
112.459747	10243.090176	12.675328	-0.026323	5.213954
112.454391	10243.122774	12.680320	-0.026322	5.213962
112.477708	10243.138324	12.685312	-0.026327	5.213966
112.474675	10243.139973	12.690304	-0.026326	5.213966
112.518237	10243.116319	12.695296	-0.026336	5.213962
112.502715	10243.162766	12.700288	-0.026333	5.213973
112.442280	10243.163971	12.705280	-0.026318	5.213971
112.340786	10243.120813	12.710272	-0.026294	5.213958
112.307949	10243.080772	12.715264	-0.026286	5.213948
112.309159	10243.186898	12.720256	-0.026286	5.213974
112.329723	10243.154114	12.725248	-0.026291	5.213966
112.282788	10243.141123	12.730240	-0.026279	5.213962
112.308806	10243.178145	12.735232	-0.026285	5.213971
112.388948	10243.123829	12.740224	-0.026304	5.213960
112.395898	10243.110369	12.745216	-0.026306	5.213957
112.286008	10243.101348	12.750208	-0.026279	5.213952
112.492392	10243.159330	12.755200	-0.026329	5.213971
112.548393	10243.143342	12.760192	-0.026342	5.213969
112.573126	10243.117802	12.765184	-0.026348	5.213963
112.520633	10243.147611	12.770176	-0.026335	5.213969
112.318955	10243.076458	12.775168	-0.026287	5.213947
112.529856	10243.110941	12.780160	-0.026337	5.213961
112.495335	10243.141445	12.785152	-0.026329	5.213967
112.428362	10243.102384	12.790144	-0.026313	5.213956
112.447925	10243.015966	12.795136	-0.026317	5.213935
112.400855	10243.114304	12.800128	-0.026306	5.213958
112.317035	10243.130728	12.805120	-0.026286	5.213960
112.390892	10243.176863	12.810112	-0.026303	5.213973
112.411621	10243.062175	12.815104	-0.026308	5.213945
112.496640	10243.166008	12.820096	-0.026328	5.213973
112.400294	10243.161980	12.825088	-0.026305	5.213970
112.401558	10243.206686	12.830080	-0.026305	5.213981
112.207350	10243.194894	12.835072	-0.026259	5.213973
112.487775	10243.050717	12.840064	-0.026325	5.213945
112.551378	10243.150374	12.845056	-0.026341	5.213971
112.392983	10243.082409	12.850048	-0.026303	5.213950
112.380951	10243.115699	12.855040	-0.026300	5.213958
112.427461	10243.137800	12.860032	-0.026311	5.213964
112.479554	10243.103026	12.865024	-0.026323	5.213957
112.521387	10243.112818	12.870016	-0.026333	5.213961
112.643581	10243.097644	12.875008	-0.026362	5.213960
112.649334	10243.089426	12.880000	-0.026363	5.213958
112.585831	10243.172835	12.884992	-0.026348	5.213977
112.611412	10243.094748	12.889984	-0.026354	5.213958
112.589775	10243.063781	12.894976	-0.026348	5.213950
112.538624	10243.088333	12.899968	-0.026336	5.213955
112.486837	10243.144938	12.904960	-0.026324	5.213967
112.395901	10243.133951	12.909952	-0.026302	5.213962
112.347272	10243.112181	12.914944	-0.026290	5.213956
112.311943	10243.145328	12.919936	-0.026281	5.213963
112.205495	10243.143627	12.924928	-0.026256	5.213960
112.387107	10243.126129	12.929920	-0.026299	5.213960
112.401945	10243.124646	12.934912	-0.026302	5.213960
112.374876	10243.131347	12.939904	-0.026296	5.213961
112.376930	10243.063377	12.944896	-0.026296	5.213945
112.391440	10243.088797	12.949888	-0.026300	5.213951
112.371260	10243.071753	12.954880	-0.026295	5.213946
112.571612	10243.076622	12.959872	-0.026342	5.213953
112.562343	10243.077639	12.964864	-0.026340	5.213953
112.656476	10243.116554	12.969856	-0.026362	5.213965
112.367573	10243.101785	12.974848	-0.026293	5.213954
112.408390	10243.093770	12.979840	-0.026303	5.213953
112.463070	10243.139334	12.984832	-0.026316	5.213965
112.362458	10243.035950	12.989824	-0.026292	5.213937
112.503684	10243.110924	12.994816	-0.026325	5.213959
112.456077	10241.186880	12.999808	-0.026314	5.213487
112.395366	10236.067811	13.004813	-0.026298	5.212233
112.418248	10230.897932	13.009818	-0.026303	5.210969
112.440424	10226.054543	13.014823	-0.026308	5.209783
112.495489	10221.013765	13.019827	-0.026321	5.208551
112.307511	10215.814722	13.024832	-0.026275	5.207272
112.465099	10210.738899	13.029837	-0.026312	5.206033
112.344382	10205.532847	13.034842	-0.026283	5.204754
112.323221	10200.369896	13.039847	-0.026277	5.203488
112.289413	10195.215902	13.044851	-0.026268	5.202224
112.129178	10190.052264	13.049856	-0.026229	5.200953
112.203983	10185.359027	13.054861	-0.026247	5.199804
112.136369	10180.266988	13.059866	-0.026230	5.198553
111.985710	10175.099719	13.064871	-0.026193	5.197281
112.109869	10170.003949	13.069875	-0.026222	5.196034
112.041598	10164.098163	13.074880	-0.026205	5.194582
112.135743	10158.936986	13.079885	-0.026227	5.193317
112.167513	10153.722650	13.084890	-0.026234	5.192037
112.051471	10148.584986	13.089895	-0.026206	5.190772
112.173704	10143.858984	13.094899	-0.026235	5.189613
111.994472	10138.696187	13.099904	-0.026191	5.188340
111.891858	10133.535438	13.104909	-0.026166	5.187068
111.881287	10128.437253	13.109914	-0.026163	5.185814
111.988650	10123.134830	13.114919	-0.026188	5.184512
111.976136	10117.998759	13.119923	-0.026184	5.183248
111.857546	10112.780169	13.124928	-0.026155	5.181961
111.773494	10107.768437	13.129933	-0.026135	5.180725
111.784268	10102.955664	13.134938	-0.026137	5.179540
111.827978	10097.770355	13.139943	-0.026147	5.178264
111.721199	10092.568281	13.144947	-0.026120	5.176980
111.731441	10087.386602	13.149952	-0.026122	5.175703
111.740603	10081.885892	13.154957	-0.026124	5.174347
111.662901	10076.749254	13.159962	-0.026105	5.173079
111.669011	10071.575729	13.164967	-0.026106	5.171803
111.512520	10066.591917	13.169971	-0.026068	5.170570
111.589941	10061.672571	13.174976	-0.026085	5.169358
111.640594	10056.596611	13.179981	-0.026097	5.168107
111.593572	10051.438887	13.184986	-0.026085	5.166832
111.347771	10046.204175	13.189991	-0.026026	5.165533
111.401529	10041.034314	13.194995	-0.026038	5.164258
111.390419	10035.880365	13.200000	-0.026035	5.162985
111.421142	10030.766082	13.205005	-0.026041	5.161722
111.423538	10025.862018	13.210010	-0.026041	5.160510
111.460507	10020.866930	13.215015	-0.026050	5.159276
111.468011	10015.779041	13.220019	-0.026051	5.158018
111.392251	10010.604331	13.225024	-0.026032	5.156736
111.377886	10005.136495	13.230029	-0.026028	5.155383
111.339146	9999.600872	13.235034	-0.026018	5.154012
111.195465	9994.450321	13.240039	-0.025983	5.152733
111.196975	9989.360751	13.245043	-0.025983	5.151473
111.183216	9984.465715	13.250048	-0.025979	5.150261
111.295070	9979.443284	13.255053	-0.026005	5.149020
111.290433	9974.240874	13.260058	-0.026004	5.147731
111.130166	9969.107377	13.265063	-0.025965	5.146454
111.051628	9963.969922	13.270067	-0.025945	5.145179
111.086588	9958.733046	13.275072	-0.025953	5.143881
110.799926	9953.641444	13.280077	-0.025884	5.142610
110.903153	9948.433591	13.285082	-0.025908	5.141321
110.892103	9943.735413	13.290087	-0.025905	5.140155
110.966779	9938.606136	13.295091	-0.025922	5.138884
110.962251	9933.385089	13.300096	-0.025920	5.137588
110.867644	9928.298623	13.305101	-0.025897	5.136322
110.796133	9922.651573	13.310106	-0.025879	5.134918
110.804829	9917.514774	13.315111	-0.025881	5.133642
110.737432	9912.387780	13.320115	-0.025864	5.132366
110.731023	9907.339378	13.325120	-0.025862	5.131111
110.734309	9902.509592	13.330125	-0.025862	5.129910
110.704665	9897.373334	13.335130	-0.025855	5.128632
110.860781	9892.144660	13.340135	-0.025891	5.127336
110.793337	9887.059148	13.345139	-0.025875	5.126068
110.658987	9881.774250	13.350144	-0.025842	5.124749
110.692572	9876.668650	13.355149	-0.025849	5.123479
110.687133	9871.563706	13.360154	-0.025847	5.122208
110.645793	9866.585675	13.365159	-0.025837	5.120967
110.654839	9861.626958	13.370163	-0.025838	5.119732
110.516513	9856.499502	13.375168	-0.025805	5.118450
110.550654	9851.323711	13.380173	-0.025812	5.117161
110.398158	9846.001415	13.385178	-0.025775	5.115830
110.411964	9840.541435	13.390183	-0.025778	5.114469
110.267145	9835.408853	13.395187	-0.025743	5.113185
110.165295	9830.250176	13.400192	-0.025718	5.111895
110.159936	9825.442040	13.405197	-0.025716	5.110694
110.212142	9820.355829	13.410202	-0.025728	5.109426
110.194413	9815.178861	13.415207	-0.025723	5.108133
110.311447	9810.023999	13.420211	-0.025750	5.106849
110.318620	9804.789296	13.425216	-0.025751	5.105542
110.200038	9799.681574	13.430221	-0.025722	5.104262
110.255531	9794.453967	13.435226	-0.025735	5.102957
110.032773	9789.332164	13.440231	-0.025681	5.101670
110.126211	9784.632132	13.445235	-0.025703	5.100497
110.076789	9779.431715	13.450240	-0.025691	5.099195
110.092423	9774.255064	13.455245	-0.025694	5.097900
110.011839	9769.082129	13.460250	-0.025674	5.096604
109.924118	9763.535997	13.465255	-0.025652	5.095213
109.895805	9758.409644	13.470259	-0.025645	5.093928
109.890528	9753.122377	13.475264	-0.025643	5.092604
110.010878	9748.148357	13.480269	-0.025671	5.091361
110.024896	9743.303753	13.485274	-0.025674	5.090148
109.988568	9738.126146	13.490279	-0.025665	5.088849
110.038595	9732.928591	13.495283	-0.025676	5.087548
109.930676	9727.774450	13.500288	-0.025650	5.086252
109.718108	9722.642601	13.505293	-0.025598	5.084959
109.755188	9717.490364	13.510298	-0.025606	5.083667
109.600669	9712.283512	13.515303	-0.025569	5.082356
109.511741	9707.411094	13.520307	-0.025547	5.081130
109.583587	9702.458833	13.525312	-0.025564	5.079889
109.629685	9697.293268	13.530317	-0.025574	5.078593
109.497120	9692.141338	13.535322	-0.025542	5.077295
109.523663	9686.598080	13.540327	-0.025547	5.075903
109.395606	9681.281982	13.545331	-0.025516	5.074563
109.425895	9675.995808	13.550336	-0.025523	5.073234
109.559763	9670.897375	13.555341	-0.025554	5.071956
109.452003	9666.072031	13.560346	-0.025528	5.070739
109.574071	9660.952647	13.565351	-0.025557	5.069455
109.549501	9655.825869	13.570355	-0.025550	5.068164
109.388055	9650.655894	13.575360	-0.025511	5.066858
109.320509	9645.464980	13.580365	-0.025494	5.065549
109.342751	9640.342826	13.585370	-0.025499	5.064259
109.299459	9635.135604	13.590375	-0.025488	5.062946
109.304587	9630.075106	13.595379	-0.025488	5.061671
109.187617	9625.257106	13.600384	-0.025460	5.060453
109.225188	9620.099895	13.605389	-0.025468	5.059154
109.130707	9614.977129	13.610394	-0.025445	5.057860
109.267492	9609.717857	13.615399	-0.025477	5.056537
109.379147	9604.203117	13.620403	-0.025503	5.055149
109.156157	9599.020703	13.625408	-0.025449	5.053834
109.174276	9593.907177	13.630413	-0.025453	5.052544
109.072767	9588.977477	13.635418	-0.025428	5.051296
109.102166	9583.989998	13.640423	-0.025435	5.050037
109.049706	9578.814686	13.645427	-0.025421	5.048728
108.900219	9573.674680	13.650432	-0.025385	5.047425
108.698240	9568.559677	13.655437	-0.025336	5.046126
108.757694	9563.346520	13.660442	-0.025350	5.044810
108.809403	9558.150456	13.665447	-0.025362	5.043497
108.904385	9553.036865	13.670451	-0.025384	5.042206
108.913660	9548.250792	13.675456	-0.025385	5.040996
108.939977	9543.166539	13.680461	-0.025391	5.039710
108.979379	9537.964840	13.685466	-0.025400	5.038394
108.935181	9532.729052	13.690471	-0.025389	5.037067
108.976553	9526.940725	13.695475	-0.025398	5.035602
108.993770	9521.785377	13.700480	-0.025401	5.034297
108.781439	9516.649547	13.705485	-0.025350	5.032988
108.728543	9511.677874	13.710490	-0.025337	5.031727
108.662903	9506.757039	13.715495	-0.025321	5.030477
108.713020	9501.590632	13.720499	-0.025332	5.029168
108.592190	9496.413301	13.725504	-0.025302	5.027851
108.593537	9491.296171	13.730509	-0.025302	5.026552
108.581498	9486.065170	13.735514	-0.025299	5.025224
108.521242	9480.877147	13.740519	-0.025284	5.023905
108.440580	9475.772917	13.745523	-0.025264	5.022607
108.491570	9470.935216	13.750528	-0.025275	5.021379
108.504838	9465.921506	13.755533	-0.025278	5.020106
108.458742	9460.713731	13.760538	-0.025266	5.018781
108.419195	9455.554426	13.765543	-0.025256	5.017468
108.321773	9450.096742	13.770547	-0.025232	5.016077
108.261908	9444.847039	13.775552	-0.025217	5.014740
108.245656	9439.700088	13.780557	-0.025213	5.013430
108.201941	9434.559125	13.785562	-0.025202	5.012120
108.270219	9429.790661	13.790567	-0.025218	5.010909
108.319316	9424.649324	13.795571	-0.025229	5.009601
108.194036	9419.406024	13.800576	-0.025198	5.008262
108.250187	9414.325337	13.805581	-0.025211	5.006969
108.228858	9409.095138	13.810586	-0.025205	5.005636
108.205610	9403.978029	13.815591	-0.025199	5.004331
108.277487	9398.809952	13.820595	-0.025216	5.003016
108.195063	9393.806987	13.825600	-0.025195	5.001737
108.102087	9388.906999	13.830605	-0.025173	5.000484
108.048543	9383.767185	13.835610	-0.025159	4.999171
108.027614	9378.584274	13.840615	-0.025154	4.997848
107.933841	9373.103758	13.845619	-0.025131	4.996446
107.833686	9367.672066	13.850624	-0.025106	4.995055
107.773895	9362.520362	13.855629	-0.025091	4.993738
107.799493	9357.394691	13.860634	-0.025097	4.992429
107.788595	9352.619432	13.865639	-0.025093	4.991208
107.751619	9347.536013	13.870643	-0.025084	4.989908
107.691587	9342.268836	13.875648	-0.025069	4.988559
107.717131	9337.204630	13.880653	-0.025075	4.987265
107.701909	9331.923603	13.885658	-0.025070	4.985913
107.939793	9326.803397	13.890663	-0.025127	4.984610
107.846657	9321.576525	13.895667	-0.025104	4.983270
107.701020	9316.607714	13.900672	-0.025068	4.981993
107.578920	9311.739613	13.905677	-0.025039	4.980742
107.696286	9306.622886	13.910682	-0.025066	4.979435
107.557901	9301.435333	13.915687	-0.025032	4.978101
107.591176	9296.073818	13.920691	-0.025040	4.976728
107.428197	9290.701125	13.925696	-0.025000	4.975346
107.373492	9285.580265	13.930701	-0.024986	4.974031
107.387359	9280.414262	13.935706	-0.024989	4.972706
107.498155	9275.572995	13.940711	-0.025015	4.971467
107.390381	9270.517697	13.945715	-0.024989	4.970167
107.426149	9265.328565	13.950720	-0.024997	4.968836
107.407969	9260.158696	13.955725	-0.024992	4.967508
107.362106	9255.010795	13.960730	-0.024980	4.966184
107.248136	9249.866987	13.965735	-0.024952	4.964859
107.239886	9244.674500	13.970739	-0.024950	4.963524
107.113343	9239.663852	13.975744	-0.024919	4.962232
107.066585	9234.854265	13.980749	-0.024907	4.960993
107.190388	9229.677888	13.985754	-0.024936	4.959666
107.109788	9224.466246	13.990759	-0.024916	4.958323
107.056209	9219.043881	13.995763	-0.024903	4.956926
106.952639	9213.558002	14.000768	-0.024877	4.955510
107.025863	9208.441138	14.005773	-0.024894	4.954195
107.095120	9203.271583	14.010778	-0.024910	4.952866
107.197734	9198.386246	14.015783	-0.024934	4.951611
107.137895	9193.360956	14.020787	-0.024919	4.950314
107.117451	9188.138075	14.025792	-0.024914	4.948968
107.023954	9183.081151	14.030797	-0.024891	4.947661
106.828631	9177.839172	14.035802	-0.024843	4.946302
106.914738	9172.682871	14.040807	-0.024863	4.944975
106.919916	9167.492559	14.045811	-0.024864	4.943636
106.780184	9162.415789	14.050816	-0.024830	4.942321
106.727822	9157.621568	14.055821	-0.024817	4.941082
106.835936	9152.462943	14.060826	-0.024842	4.939753
106.549644	9147.333381	14.065831	-0.024773	4.938419
106.616614	9141.878471	14.070835	-0.024789	4.937012
106.644454	9136.517220	14.075840	-0.024795	4.935627
106.676516	9131.312680	14.080845	-0.024802	4.934283
106.725483	9126.193028	14.085850	-0.024813	4.932960
106.599849	9121.421268	14.090855	-0.024782	4.931722
106.747021	9116.328679	14.095859	-0.024817	4.930409
106.596729	9111.134463	14.100864	-0.024780	4.929060
106.583777	9106.023597	14.105869	-0.024776	4.927737
106.481386	9100.813857	14.110874	-0.024751	4.926384
106.295219	9095.733620	14.115879	-0.024706	4.925062
106.391415	9090.485914	14.120883	-0.024729	4.923706
106.433542	9085.574481	14.125888	-0.024738	4.922435
106.364302	9080.680346	14.130893	-0.024721	4.921164
106.349385	9075.481658	14.135898	-0.024717	4.919815
106.386233	9070.241381	14.140903	-0.024725	4.918457
106.499573	9064.748044	14.145907	-0.024752	4.917036
106.309134	9059.428019	14.150912	-0.024705	4.915649
106.375526	9054.202644	14.155917	-0.024721	4.914295
106.320962	9049.062230	14.160922	-0.024707	4.912959
106.200304	9044.369624	14.165927	-0.024678	4.911736
106.223299	9039.171045	14.170931	-0.024682	4.910386
106.182581	9033.981250	14.175936	-0.024672	4.909036
106.142128	9028.924971	14.180941	-0.024662	4.907721
105.927483	9023.705011	14.185946	-0.024610	4.906356
105.887496	9018.471425	14.190951	-0.024600	4.904993
105.899486	9013.384694	14.195955	-0.024602	4.903671
105.971663	9008.498753	14.200960	-0.024619	4.902402
105.999224	9003.466564	14.205965	-0.024625	4.901093
105.893324	8998.337461	14.210970	-0.024599	4.899754
105.915631	8993.204414	14.215975	-0.024603	4.898418
105.898280	8987.707832	14.220979	-0.024599	4.896986
105.899848	8982.463083	14.225984	-0.024598	4.895619
105.878098	8977.322377	14.230989	-0.024593	4.894279
105.737715	8972.162100	14.235994	-0.024558	4.892929
105.773384	8967.362388	14.240999	-0.024566	4.891678
105.745793	8962.323584	14.246003	-0.024559	4.890363
105.714460	8957.017456	14.251008	-0.024551	4.888977
105.768622	8951.829154	14.256013	-0.024563	4.887625
105.633299	8946.715992	14.261018	-0.024531	4.886286
105.642906	8941.516311	14.266023	-0.024532	4.884928
105.595779	8936.392765	14.271027	-0.024520	4.883588
105.629277	8931.566651	14.276032	-0.024528	4.882328
105.668248	8926.506905	14.281037	-0.024537	4.881007
105.695363	8921.306848	14.286042	-0.024542	4.879649
105.557799	8916.214425	14.291047	-0.024509	4.878313
105.401848	8910.488664	14.296051	-0.024471	4.876809
105.381365	8905.311587	14.301056	-0.024465	4.875454
105.304628	8900.186649	14.306061	-0.024446	4.874110
105.490218	8895.077043	14.311066	-0.024490	4.872779
105.245998	8890.189060	14.316071	-0.024431	4.871490
105.338891	8885.099726	14.321075	-0.024453	4.870161
105.227736	8879.848154	14.326080	-0.024426	4.868781
105.101095	8874.696730	14.331085	-0.024395	4.867426
105.260445	8869.570255	14.336090	-0.024432	4.866088
105.157179	8864.301812	14.341095	-0.024407	4.864703
105.179871	8859.175698	14.346099	-0.024412	4.863359
105.265295	8854.419448	14.351104	-0.024432	4.862114
105.252265	8849.325990	14.356109	-0.024428	4.860777
105.158098	8844.156048	14.361114	-0.024405	4.859417
105.024109	8838.964599	14.366119	-0.024372	4.858049
105.151895	8833.399418	14.371123	-0.024402	4.856592
105.102411	8828.255080	14.376128	-0.024390	4.855238
105.064272	8822.987074	14.381133	-0.024380	4.853852
104.879261	8818.028500	14.386138	-0.024335	4.852542
104.864243	8812.962040	14.391143	-0.024331	4.851209
104.825961	8807.878875	14.396147	-0.024321	4.849871
104.773537	8802.742157	14.401152	-0.024308	4.848517
104.911286	8797.440219	14.406157	-0.024340	4.847127
104.855587	8792.389883	14.411162	-0.024326	4.845796
104.858669	8787.211763	14.416167	-0.024327	4.844432
104.821794	8782.186500	14.421171	-0.024317	4.843107
104.771142	8777.292528	14.426176	-0.024305	4.841816
104.741756	8772.227490	14.431181	-0.024297	4.840480
104.743107	8766.966496	14.436186	-0.024297	4.839093
104.596664	8761.519545	14.441191	-0.024261	4.837652
104.582822	8756.151365	14.446195	-0.024257	4.836235
104.690688	8750.891757	14.451200	-0.024282	4.834851
104.570687	8745.842156	14.456205	-0.024253	4.833514
104.619706	8741.012422	14.461210	-0.024264	4.832241
104.578282	8735.853957	14.466215	-0.024254	4.830877
104.508530	8730.780170	14.471219	-0.024236	4.829535
104.593708	8725.521548	14.476224	-0.024256	4.828149
104.612542	8720.377798	14.481229	-0.024260	4.826790
104.496017	8715.250058	14.486234	-0.024231	4.825430
104.314959	8710.035023	14.491239	-0.024188	4.824044
104.524925	8705.256662	14.496243	-0.024237	4.822788
104.345075	8700.162352	14.501248	-0.024194	4.821433
104.308887	8695.020672	14.506253	-0.024184	4.820071
104.100027	8689.952342	14.511258	-0.024134	4.818722
104.290669	8684.273023	14.516263	-0.024179	4.817225
104.225886	8679.217741	14.521267	-0.024163	4.815883
104.181827	8673.991259	14.526272	-0.024152	4.814497
104.183666	8668.998796	14.531277	-0.024151	4.813174
104.204190	8664.154561	14.536282	-0.024156	4.811890
104.137002	8658.908694	14.541287	-0.024139	4.810497
104.123487	8653.830805	14.546291	-0.024135	4.809149
104.098627	8648.633624	14.551296	-0.024129	4.807769
104.017294	8643.447270	14.556301	-0.024109	4.806390
103.913043	8638.353927	14.561306	-0.024083	4.805034
103.909278	8633.189925	14.566311	-0.024082	4.803662
103.854174	8628.527220	14.571315	-0.024068	4.802421
103.719165	8623.285185	14.576320	-0.024035	4.801023
103.786932	8618.146864	14.581325	-0.024051	4.799660
103.781812	8612.793945	14.586330	-0.024049	4.798237
103.583249	8607.172574	14.591335	-0.024001	4.796734
103.696803	8602.106096	14.596339	-0.024027	4.795391
103.624748	8596.868585	14.601344	-0.024009	4.793994
103.695212	8592.035237	14.606349	-0.024026	4.792711
103.725281	8587.029664	14.611354	-0.024032	4.791379
103.835542	8581.774657	14.616359	-0.024058	4.789984
103.636202	8576.689398	14.621363	-0.024010	4.788621
103.812510	8571.376194	14.626368	-0.024051	4.787212
103.660801	8566.286983	14.631373	-0.024014	4.785850
103.660222	8561.113916	14.636378	-0.024014	4.784471
103.479888	8556.191068	14.641383	-0.023970	4.783151
103.520508	8551.298070	14.646387	-0.023979	4.781847
103.508132	8545.988369	14.651392	-0.023975	4.780430
103.549874	8540.937758	14.656397	-0.023985	4.779083
103.367488	8535.356845	14.661402	-0.023941	4.777586
103.174771	8530.230390	14.666407	-0.023894	4.776209
103.316635	8525.022290	14.671411	-0.023927	4.774823
103.367786	8519.950516	14.676416	-0.023939	4.773470
103.273233	8515.146898	14.681421	-0.023916	4.772182
103.284403	8509.940233	14.686426	-0.023918	4.770790
103.280216	8504.705843	14.691431	-0.023916	4.769390
103.174972	8499.571953	14.696435	-0.023890	4.768012
103.150584	8494.394943	14.701440	-0.023884	4.766626
103.174183	8489.216996	14.706445	-0.023889	4.765240
103.135517	8484.152370	14.711450	-0.023879	4.763883
103.010035	8479.407426	14.716455	-0.023849	4.762607
102.931330	8474.226924	14.721459	-0.023829	4.761216
102.995408	8469.083791	14.726464	-0.023844	4.759840
102.906232	8463.633097	14.731469	-0.023822	4.758375
102.971952	8458.193616	14.736474	-0.023837	4.756919
103.001091	8452.955569	14.741479	-0.023843	4.755515
102.939185	8447.843169	14.746483	-0.023828	4.754140
102.867701	8443.134933	14.751488	-0.023810	4.752874
102.867481	8437.956890	14.756493	-0.023810	4.751484
102.952449	8432.792019	14.761498	-0.023829	4.750100
102.824260	8427.554821	14.766503	-0.023798	4.748688
102.720150	8422.493342	14.771507	-0.023773	4.747324
102.739994	8417.269582	14.776512	-0.023777	4.745920
102.693047	8412.156076	14.781517	-0.023765	4.744543
102.513575	8407.299603	14.786522	-0.023721	4.743230
102.565940	8402.277368	14.791527	-0.023733	4.741881
102.447231	8397.155871	14.796531	-0.023704	4.740498
102.578543	8391.886895	14.801536	-0.023735	4.739085
102.419397	8386.409388	14.806541	-0.023696	4.737604
102.389914	8381.224654	14.811546	-0.023689	4.736206
102.517597	8376.061734	14.816551	-0.023719	4.734820
102.472822	8371.107060	14.821555	-0.023707	4.733483
102.507299	8366.146433	14.826560	-0.023715	4.732147
102.450451	8360.898901	14.831565	-0.023701	4.730730
102.379767	8355.862205	14.836570	-0.023683	4.729368
102.274011	8350.624059	14.841575	-0.023657	4.727950
102.271126	8345.480608	14.846579	-0.023656	4.726562
102.314347	8340.266910	14.851584	-0.023666	4.725156
102.344859	8335.354902	14.856589	-0.023673	4.723831
102.327185	8330.459691	14.861594	-0.023668	4.722508
102.121191	8325.205248	14.866599	-0.023618	4.721079
102.218929	8320.139409	14.871603	-0.023641	4.719714
102.268209	8314.389689	14.876608	-0.023652	4.718162
102.312233	8309.155087	14.881613	-0.023662	4.716748
102.247206	8303.991796	14.886618	-0.023646	4.715348
102.180500	8298.951430	14.891623	-0.023629	4.713981
102.196450	8294.040566	14.896627	-0.023632	4.712653
102.194660	8288.913614	14.901632	-0.023631	4.711264
102.007566	8283.776276	14.906637	-0.023586	4.709865
101.828736	8278.656536	14.911642	-0.023543	4.708470
101.828225	8273.383106	14.916647	-0.023542	4.707041
101.773721	8268.272725	14.921651	-0.023528	4.705653
101.693345	8263.194328	14.926656	-0.023508	4.704273
101.775251	8258.305324	14.931661	-0.023527	4.702950
101.829795	8253.187204	14.936666	-0.023540	4.701563
101.730838	8248.062071	14.941671	-0.023516	4.700168
101.849800	8242.665676	14.946675	-0.023543	4.698708
101.779961	8237.340346	14.951680	-0.023526	4.697259
101.873289	8232.100582	14.956685	-0.023548	4.695839
101.810970	8227.001355	14.961690	-0.023532	4.694451
101.626063	8222.170704	14.966695	-0.023487	4.693130
101.664034	8217.112869	14.971699	-0.023496	4.691756
101.679867	8211.872870	14.976704	-0.023499	4.690332
101.545948	8206.819507	14.981709	-0.023466	4.688951
101.565056	8201.599348	14.986714	-0.023470	4.687531
101.501562	8196.453250	14.991719	-0.023455	4.686128
101.296143	8191.293002	14.996723	-0.023405	4.684714
101.406566	8186.519436	15.001728	-0.023431	4.683418
101.484203	8181.275689	15.006733	-0.023449	4.681993
101.295729	8176.253747	15.011738	-0.023403	4.680616
101.264503	8170.906494	15.016743	-0.023395	4.679157
101.294773	8165.403648	15.021747	-0.023402	4.677657
101.336806	8160.152438	15.026752	-0.023411	4.676226
101.314208	8155.013613	15.031757	-0.023405	4.674823
101.267028	8150.187804	15.036762	-0.023393	4.673504
101.136443	8145.164972	15.041767	-0.023361	4.672126
101.208801	8140.018058	15.046771	-0.023378	4.670724
101.253969	8134.779831	15.051776	-0.023388	4.669294
101.046224	8129.596704	15.056781	-0.023338	4.667869
101.072567	8124.494817	15.061786	-0.023344	4.666475
101.202309	8119.307374	15.066791	-0.023374	4.665062
101.070310	8114.458314	15.071795	-0.023342	4.663730
100.951054	8109.353125	15.076800	-0.023313	4.662328
100.958268	8104.199871	15.081805	-0.023314	4.660918
101.062626	8099.021408	15.086810	-0.023338	4.659504
101.149252	8093.443818	15.091815	-0.023358	4.657981
100.934584	8088.363538	15.096819	-0.023306	4.656579
100.929608	8083.195790	15.101824	-0.023305	4.655163
100.780077	8078.383920	15.106829	-0.023268	4.653837
100.922325	8073.289203	15.111834	-0.023302	4.652447
100.774800	8068.138464	15.116839	-0.023266	4.651027
100.809768	8063.042226	15.121843	-0.023274	4.649631
100.726260	8057.809418	15.126848	-0.023253	4.648191
100.593479	8052.660012	15.131853	-0.023221	4.646771
100.718549	8047.477921	15.136858	-0.023250	4.645353
100.627857	8042.682925	15.141863	-0.023228	4.644032
100.751378	8037.604055	15.146867	-0.023257	4.642642
100.636572	8032.461424	15.151872	-0.023229	4.641223
100.647240	8027.207234	15.156877	-0.023231	4.639779
100.421574	8021.638432	15.161882	-0.023176	4.638237
100.499052	8016.437072	15.166887	-0.023194	4.636810
100.429645	8011.284668	15.171891	-0.023177	4.635389
100.356797	8006.439422	15.176896	-0.023159	4.634051
100.345034	8001.368148	15.181901	-0.023155	4.632654
100.308370	7996.214023	15.186906	-0.023146	4.631233
100.287269	7991.028401	15.191911	-0.023140	4.629803
100.316055	7985.913362	15.196915	-0.023147	4.628394
100.349567	7980.702879	15.201920	-0.023154	4.626959
100.239505	7975.526215	15.206925	-0.023127	4.625526
100.306407	7970.676760	15.211930	-0.023142	4.624191
100.284037	7965.582952	15.216935	-0.023136	4.622785
100.326987	7960.463179	15.221939	-0.023146	4.621373
100.065874	7955.222339	15.226944	-0.023083	4.619914
100.000582	7949.789931	15.231949	-0.023067	4.618411
100.010977	7944.609125	15.236954	-0.023069	4.616980
99.954827	7939.431683	15.241959	-0.023055	4.615546
99.884971	7934.574206	15.246963	-0.023037	4.614200
99.783193	7929.520196	15.251968	-0.023012	4.612797
99.814320	7924.387473	15.256973	-0.023019	4.611379
99.737873	7919.249011	15.261978	-0.023000	4.609953
99.802356	7914.032829	15.266983	-0.023015	4.608512
99.768591	7908.897399	15.271987	-0.023007	4.607089
99.805295	7903.688965	15.276992	-0.023015	4.605647
99.705704	7898.886301	15.281997	-0.022990	4.604312
99.812201	7893.820513	15.287002	-0.023015	4.602913
99.804360	7888.651082	15.292007	-0.023013	4.601479
99.879205	7883.375190	15.297011	-0.023030	4.600019
99.703626	7877.752664	15.302016	-0.022987	4.598452
99.633374	7872.652484	15.307021	-0.022970	4.597033
99.518988	7867.452072	15.312026	-0.022942	4.595584
99.671273	7862.587244	15.317031	-0.022978	4.594240
99.613056	7857.561723	15.322035	-0.022963	4.592841
99.634781	7852.350478	15.327040	-0.022968	4.591394
99.567557	7847.225135	15.332045	-0.022951	4.589967
99.583827	7841.933849	15.337050	-0.022955	4.588496
99.520346	7836.832482	15.342055	-0.022939	4.587074
99.500547	7831.707559	15.347059	-0.022933	4.585648
99.662999	7826.816617	15.352064	-0.022972	4.584294
99.433351	7821.793374	15.357069	-0.022916	4.582885
99.396148	7816.635679	15.362074	-0.022907	4.581447
99.362613	7811.408411	15.367079	-0.022898	4.579989
99.298877	7805.960412	15.372083	-0.022882	4.578468
99.159113	7800.781053	15.377088	-0.022848	4.577018
99.185115	7795.639696	15.382093	-0.022854	4.575586
99.095475	7790.867200	15.387098	-0.022832	4.574250
99.032655	7785.717975	15.392103	-0.022816	4.572811
99.136560	7780.605308	15.397107	-0.022840	4.571389
99.192758	7775.346716	15.402112	-0.022853	4.569923
99.113865	7770.231889	15.407117	-0.022834	4.568491
99.059981	7765.072062	15.412122	-0.022820	4.567047
98.986542	7759.880281	15.417127	-0.022802	4.565593
99.030020	7755.141921	15.422131	-0.022812	4.564271
99.021377	7750.016187	15.427136	-0.022809	4.562837
99.059617	7744.868605	15.432141	-0.022818	4.561399
98.853274	7739.457857	15.437146	-0.022768	4.559875
98.799862	7733.919659	15.442151	-0.022754	4.558323
98.803320	7728.828720	15.447155	-0.022755	4.556898
98.727508	7723.706969	15.452160	-0.022736	4.555460
98.702915	7718.905847	15.457165	-0.022730	4.554113
98.837060	7713.721928	15.462170	-0.022761	4.552667
98.560778	7708.550698	15.467175	-0.022694	4.551204
98.589042	7703.386759	15.472179	-0.022700	4.549758
98.581768	7698.251581	15.477184	-0.022698	4.548317
98.556252	7693.014308	15.482189	-0.022691	4.546846
98.675732	7687.967816	15.487194	-0.022719	4.545435
98.447065	7683.177271	15.492199	-0.022664	4.544079
98.369994	7678.070317	15.497203	-0.022645	4.542641
98.462669	7672.886321	15.502208	-0.022667	4.541189
98.477314	7667.285086	15.507213	-0.022670	4.539616
98.366404	7662.033473	15.512218	-0.022642	4.538134
98.277793	7656.758744	15.517223	-0.022621	4.536646
98.164177	7651.838429	15.522227	-0.022593	4.535257
98.340496	7646.947009	15.527232	-0.022634	4.533889
98.305090	7641.705939	15.532237	-0.022625	4.532412
98.246562	7636.637911	15.537242	-0.022611	4.530982
98.332222	7631.398482	15.542247	-0.022631	4.529510
98.391594	7626.212839	15.547251	-0.022644	4.528052
98.216241	7621.040029	15.552256	-0.022602	4.526586
98.285076	7616.120725	15.557261	-0.022618	4.525202
98.231673	7611.141850	15.562266	-0.022604	4.523795
98.201105	7605.993566	15.567271	-0.022596	4.522341
98.207607	7600.915831	15.572275	-0.022597	4.520908
98.111269	7595.156252	15.577280	-0.022574	4.519278
97.994307	7589.996978	15.582285	-0.022545	4.517815
97.946278	7584.833133	15.587290	-0.022533	4.516354
97.900455	7579.926871	15.592295	-0.022521	4.514965
97.784903	7574.947955	15.597299	-0.022493	4.513552
97.921803	7569.758407	15.602304	-0.022525	4.512092
97.882007	7564.611878	15.607309	-0.022515	4.510634
97.715966	7559.430252	15.612314	-0.022475	4.509160
97.839343	7554.274485	15.617319	-0.022504	4.507706
97.697999	7549.147166	15.622323	-0.022469	4.506248
97.751779	7544.264580	15.627328	-0.022482	4.504868
97.738680	7539.217610	15.632333	-0.022478	4.503437
97.787923	7534.068969	15.637338	-0.022489	4.501980
97.645652	7528.728219	15.642343	-0.022454	4.500459
97.568808	7523.398930	15.647347	-0.022435	4.498944
97.575017	7518.232054	15.652352	-0.022436	4.497479
97.593415	7513.030652	15.657357	-0.022440	4.496004
97.469389	7508.264682	15.662362	-0.022410	4.494645
97.544445	7503.156784	15.667367	-0.022427	4.493198
97.527680	7497.990604	15.672371	-0.022423	4.491730
97.643912	7492.720641	15.677376	-0.022450	4.490238
97.498011	7487.643988	15.682381	-0.022414	4.488788
97.378506	7482.521615	15.687386	-0.022385	4.487325
97.426657	7477.323496	15.692391	-0.022396	4.485849
97.304148	7472.563825	15.697395	-0.022366	4.484489
97.270370	7467.464421	15.702400	-0.022357	4.483036
97.124366	7462.309496	15.707405	-0.022322	4.481561
96.978916	7456.881104	15.712410	-0.022287	4.480008
97.042925	7451.622962	15.717415	-0.022301	4.478513
96.985109	7446.480946	15.722419	-0.022287	4.477045
96.988971	7441.451393	15.727424	-0.022287	4.475611
96.941300	7436.523322	15.732429	-0.022275	4.474204
96.958958	7431.389499	15.737434	-0.022279	4.472740
96.940184	7426.197007	15.742439	-0.022274	4.471257
97.106723	7420.991238	15.747443	-0.022313	4.469780
96.922488	7415.790765	15.752448	-0.022268	4.468286
96.938230	7410.626906	15.757453	-0.022271	4.466811
97.038241	7405.695741	15.762458	-0.022295	4.465407
96.912094	7400.691204	15.767463	-0.022264	4.463971
96.968706	7395.552427	15.772467	-0.022277	4.462504
96.879888	7390.338348	15.777472	-0.022255	4.461008
96.625053	7384.892378	15.782477	-0.022194	4.459437
96.660705	7379.740712	15.787482	-0.022201	4.457965
96.689769	7374.536294	15.792487	-0.022208	4.456476
96.696427	7369.714685	15.797491	-0.022209	4.455096
96.640165	7364.588619	15.802496	-0.022195	4.453624
96.677381	7359.398708	15.807501	-0.022203	4.452139
96.617837	7354.294073	15.812506	-0.022188	4.450672
96.630660	7349.111915	15.817511	-0.022191	4.449187
96.527549	7343.891109	15.822515	-0.022165	4.447684
96.384437	7338.827137	15.827520	-0.022131	4.446224
96.457412	7334.038588	15.832525	-0.022147	4.444853
96.380007	7328.926003	15.837530	-0.022128	4.443381
96.291346	7323.674779	15.842535	-0.022107	4.441868
96.281467	7318.237537	15.847539	-0.022104	4.440305
96.275956	7312.892654	15.852544	-0.022102	4.438768
96.234129	7307.749331	15.857549	-0.022091	4.437287
96.304404	7302.691921	15.862554	-0.022107	4.435836
96.134521	7297.798354	15.867559	-0.022066	4.434419
96.323269	7292.644951	15.872563	-0.022111	4.432946
96.347005	7287.480420	15.877568	-0.022116	4.431460
96.446620	7282.226003	15.882573	-0.022139	4.429952
96.213366	7277.113116	15.887578	-0.022082	4.428467
96.166057	7271.908051	15.892583	-0.022071	4.426964
96.240679	7267.081340	15.897587	-0.022088	4.425576
96.171025	7262.042804	15.902592	-0.022071	4.424120
96.104816	7256.876572	15.907597	-0.022054	4.422626
95.916934	7251.667992	15.912602	-0.022009	4.421113
95.929375	7246.202498	15.917607	-0.022011	4.419535
95.878030	7241.070364	15.922611	-0.021998	4.418051
95.904649	7235.863261	15.927616	-0.022004	4.416548
95.872240	7231.101699	15.932621	-0.021995	4.415170
95.865316	7225.933189	15.937626	-0.021993	4.413675
95.733685	7220.791096	15.942631	-0.021961	4.412182
95.833563	7215.647821	15.947635	-0.021984	4.410699
95.919024	7210.422554	15.952640	-0.022004	4.409191
95.756368	7205.296760	15.957645	-0.021965	4.407699
95.730363	7200.268754	15.962650	-0.021958	4.406242
95.737918	7195.394750	15.967655	-0.021959	4.404830
95.643545	7190.281159	15.972659	-0.021936	4.403344
95.541240	7185.112611	15.977664	-0.021911	4.401840
95.554199	7179.440513	15.982669	-0.021913	4.400196
95.578403	7174.254886	15.987674	-0.021919	4.398693
95.372530	7169.055834	15.992679	-0.021869	4.397173
95.541529	7164.161459	15.997683	-0.021909	4.395762
95.509452	7159.121374	16.002688	-0.021900	4.394297
95.538126	7153.922532	16.007693	-0.021907	4.392788
95.444644	7148.828309	16.012698	-0.021884	4.391303
95.228252	7143.616503	16.017703	-0.021831	4.389777
95.405942	7138.476344	16.022707	-0.021873	4.388291
95.335738	7133.276911	16.027712	-0.021856	4.386775
95.321464	7128.475678	16.032717	-0.021852	4.385378
95.281054	7123.359012	16.037722	-0.021841	4.383886
95.088197	7118.214116	16.042727	-0.021795	4.382378
95.191123	7112.848598	16.047731	-0.021819	4.380821
95.116736	7107.576389	16.052736	-0.021800	4.379281
94.973554	7102.428993	16.057741	-0.021766	4.377773
94.938213	7097.389949	16.062746	-0.021756	4.376302
95.018958	7092.428676	16.067751	-0.021775	4.374859
95.074029	7087.291849	16.072755	-0.021788	4.373363
94.983632	7082.154649	16.077760	-0.021766	4.371859
94.998195	7076.942185	16.082765	-0.021768	4.370338
95.079470	7071.757716	16.087770	-0.021787	4.368828
95.009078	7066.544215	16.092775	-0.021770	4.367301
95.001718	7061.767380	16.097779	-0.021767	4.365905
94.924461	7056.706018	16.102784	-0.021748	4.364421
94.827125	7051.568993	16.107789	-0.021725	4.362913
94.798448	7046.223691	16.112794	-0.021717	4.361348
94.768432	7040.700316	16.117799	-0.021709	4.359730
94.796378	7035.579813	16.122803	-0.021715	4.358232
94.764514	7030.422052	16.127808	-0.021707	4.356720
94.712358	7025.609738	16.132813	-0.021694	4.355307
94.829871	7020.467153	16.137818	-0.021722	4.353806
94.705112	7015.301018	16.142823	-0.021691	4.352285
94.683310	7010.135693	16.147827	-0.021685	4.350769
94.720989	7004.974946	16.152832	-0.021694	4.349257
94.680347	6999.759292	16.157837	-0.021683	4.347724
94.528868	6994.868096	16.162842	-0.021647	4.346280
94.454101	6989.854799	16.167847	-0.021628	4.344803
94.388499	6984.715080	16.172851	-0.021612	4.343290
94.502798	6979.486246	16.177856	-0.021639	4.341760
94.175437	6974.109165	16.182861	-0.021560	4.340161
94.183912	6968.976033	16.187866	-0.021561	4.338652
94.123095	6963.760028	16.192871	-0.021546	4.337114
94.189680	6958.979193	16.197875	-0.021561	4.335710
94.290778	6953.754454	16.202880	-0.021585	4.334178
94.121583	6948.646834	16.207885	-0.021544	4.332664
94.294173	6943.482261	16.212890	-0.021584	4.331152
94.135302	6938.310668	16.217895	-0.021546	4.329619
94.190039	6933.168611	16.222899	-0.021558	4.328106
94.157063	6928.143251	16.227904	-0.021550	4.326622
93.976118	6923.272303	16.232909	-0.021506	4.325175
94.086281	6918.114509	16.237914	-0.021532	4.323659
94.028644	6912.875891	16.242919	-0.021517	4.322110
93.866318	6907.314335	16.247923	-0.021478	4.320458
93.756266	6902.165607	16.252928	-0.021451	4.318931
93.901770	6896.929321	16.257933	-0.021485	4.317391
93.815512	6892.167280	16.262938	-0.021464	4.315979
93.832704	6887.026307	16.267943	-0.021467	4.314459
93.894969	6881.875451	16.272947	-0.021482	4.312939
93.869458	6876.662841	16.277952	-0.021475	4.311395
93.617929	6871.474871	16.282957	-0.021414	4.309845
93.779054	6866.333973	16.287962	-0.021452	4.308331
93.638678	6861.287818	16.292967	-0.021418	4.306828
93.706765	6856.405083	16.297971	-0.021434	4.305385
93.562266	6851.233725	16.302976	-0.021399	4.303843
93.491491	6845.994479	16.307981	-0.021381	4.302286
93.483535	6840.553731	16.312986	-0.021379	4.300671
93.445946	6835.407779	16.317991	-0.021369	4.299141
93.553775	6830.299063	16.322995	-0.021394	4.297631
93.379294	6825.415101	16.328000	-0.021352	4.296170
93.466229	6820.308615	16.333005	-0.021372	4.294658
93.671085	6815.109987	16.338010	-0.021420	4.293124
93.490179	6809.950050	16.343015	-0.021377	4.291580
93.530406	6804.793862	16.348019	-0.021386	4.290049
93.449877	6799.648948	16.353024	-0.021366	4.288513
93.392973	6794.668133	16.358029	-0.021352	4.287027
93.511562	6789.724660	16.363034	-0.021379	4.285562
93.212556	6784.567294	16.368039	-0.021307	4.284009
93.178983	6779.304447	16.373043	-0.021299	4.282439
93.028350	6773.750786	16.378048	-0.021262	4.280775
93.120509	6768.581920	16.383053	-0.021283	4.279239
93.068760	6763.493798	16.388058	-0.021270	4.277718
93.028110	6758.657476	16.393063	-0.021260	4.276273
93.049244	6753.550530	16.398067	-0.021264	4.274749
93.062036	6748.317381	16.403072	-0.021267	4.273188
93.147371	6743.152631	16.408077	-0.021287	4.271650
93.035430	6737.970282	16.413082	-0.021259	4.270095
92.909988	6732.791418	16.418087	-0.021229	4.268539
92.902259	6727.860028	16.423091	-0.021226	4.267064
92.946798	6722.718862	16.428096	-0.021236	4.265529
92.867223	6717.575355	16.433101	-0.021217	4.263985
92.793456	6712.374223	16.438106	-0.021198	4.262423
92.565078	6706.963127	16.443111	-0.021143	4.260790
92.501506	6701.821296	16.448115	-0.021127	4.259246
92.541589	6696.652930	16.453120	-0.021136	4.257699
92.676398	6691.811646	16.458125	-0.021168	4.256255
92.699097	6686.682511	16.463130	-0.021173	4.254718
92.600187	6681.447741	16.468135	-0.021149	4.253142
92.682460	6676.346146	16.473139	-0.021168	4.251616
92.670656	6671.113895	16.478144	-0.021164	4.250044
92.500496	6666.012087	16.483149	-0.021123	4.248502
92.583787	6661.100754	16.488154	-0.021142	4.247031
92.556200	6656.021602	16.493159	-0.021135	4.245503
92.402964	6650.928294	16.498163	-0.021098	4.243962
92.318817	6645.606511	16.503168	-0.021077	4.242357
92.428676	6640.068393	16.508173	-0.021103	4.240697
92.404201	6634.906036	16.513178	-0.021096	4.239141
92.179137	6629.855284	16.518183	-0.021042	4.237607
92.271067	6625.019032	16.523187	-0.021063	4.236156
92.172796	6619.846646	16.528192	-0.021039	4.234591
92.200534	6614.684658	16.533197	-0.021045	4.233037
92.212544	6609.481059	16.538202	-0.021048	4.231469
92.207019	6604.320075	16.543207	-0.021046	4.229911
92.240211	6599.161670	16.548211	-0.021053	4.228356
92.138272	6594.247789	16.553216	-0.021028	4.226867
92.037965	6589.227858	16.558221	-0.021003	4.225345
92.107917	6584.039900	16.563226	-0.021020	4.223782
91.985564	6578.728493	16.568231	-0.020990	4.222169
92.045701	6573.382189	16.573235	-0.021003	4.220556
91.931171	6568.238486	16.578240	-0.020975	4.218994
91.986336	6563.203573	16.583245	-0.020988	4.217474
91.939382	6558.319520	16.588250	-0.020976	4.215993
91.900718	6553.092259	16.593255	-0.020966	4.214408
92.032932	6547.932149	16.598259	-0.020997	4.212853
92.021634	6542.747673	16.603264	-0.020994	4.211281
91.965886	6537.556423	16.608269	-0.020980	4.209704
91.790974	6532.483372	16.613274	-0.020938	4.208155
91.872134	6527.690811	16.618279	-0.020957	4.206706
91.717568	6522.567018	16.623283	-0.020919	4.205142
91.656955	6517.392616	16.628288	-0.020904	4.203568
91.634659	6511.880566	16.633293	-0.020898	4.201893
91.410368	6506.688254	16.638298	-0.020844	4.200302
91.414189	6501.419783	16.643303	-0.020844	4.198701
91.382798	6496.557653	16.648307	-0.020836	4.197220
91.365707	6491.524029	16.653312	-0.020831	4.195688
91.377362	6486.355204	16.658317	-0.020833	4.194117
91.511389	6481.199823	16.663322	-0.020865	4.192556
91.433061	6475.994342	16.668327	-0.020846	4.190966
91.423159	6470.827424	16.673331	-0.020843	4.189391
91.330969	6465.831518	16.678336	-0.020820	4.187863
91.365216	6460.912563	16.683341	-0.020828	4.186366
91.240755	6455.793685	16.688346	-0.020797	4.184798
91.265491	6450.601899	16.693351	-0.020802	4.183215
91.138552	6445.174435	16.698355	-0.020771	4.181551
91.159888	6439.982250	16.703360	-0.020776	4.179968
91.048481	6434.817610	16.708365	-0.020749	4.178384
91.045616	6429.978535	16.713370	-0.020747	4.176905
91.187092	6424.811928	16.718375	-0.020781	4.175335
91.015293	6419.756073	16.723379	-0.020739	4.173778
91.040547	6414.503353	16.728384	-0.020744	4.172173
90.967808	6409.358045	16.733389	-0.020726	4.170594
91.051934	6404.223939	16.738394	-0.020746	4.169028
90.971142	6399.302318	16.743399	-0.020726	4.167516
90.987483	6394.291606	16.748403	-0.020729	4.165982
90.904609	6389.132618	16.753408	-0.020709	4.164396
90.767199	6383.809446	16.758413	-0.020675	4.162756
90.782794	6378.339462	16.763418	-0.020679	4.161080
90.614434	6373.169304	16.768423	-0.020638	4.159483
90.725071	6368.129899	16.773427	-0.020664	4.157943
90.582495	6363.238093	16.778432	-0.020629	4.156432
90.690405	6358.021991	16.783437	-0.020654	4.154837
90.499283	6352.886704	16.788442	-0.020608	4.153247
90.608645	6347.662087	16.793447	-0.020633	4.151648
90.677845	6342.522710	16.798451	-0.020649	4.150072
90.676953	6337.339614	16.803456	-0.020648	4.148478
90.658052	6332.520246	16.808461	-0.020643	4.146994
90.617659	6327.359165	16.813466	-0.020633	4.145402
90.655988	6322.181035	16.818471	-0.020642	4.143810
90.477109	6316.826160	16.823475	-0.020598	4.142149
90.418047	6311.637487	16.828480	-0.020584	4.140546
90.431512	6306.441132	16.833485	-0.020586	4.138945
90.287922	6301.545974	16.838490	-0.020551	4.137426
90.348994	6296.475354	16.843495	-0.020565	4.135866
90.200742	6291.334062	16.848499	-0.020529	4.134269
90.291605	6286.166192	16.853504	-0.020550	4.132679
90.148823	6280.973248	16.858509	-0.020516	4.131066
90.137957	6275.806922	16.863514	-0.020512	4.129469
90.174133	6270.858140	16.868519	-0.020520	4.127941
90.046630	6265.931565	16.873523	-0.020489	4.126410
90.048968	6260.755264	16.878528	-0.020489	4.124808
90.024457	6255.447296	16.883533	-0.020483	4.123164
89.940198	6249.938975	16.888538	-0.020462	4.121453
89.903896	6244.774824	16.893543	-0.020453	4.119851
89.901744	6239.752752	16.898547	-0.020452	4.118295
89.827287	6234.820948	16.903552	-0.020433	4.116761
89.875346	6229.650400	16.908557	-0.020444	4.115161
89.841751	6224.564052	16.913562	-0.020436	4.113581
89.652972	6219.380869	16.918567	-0.020390	4.111960
89.773773	6214.187282	16.923571	-0.020418	4.110356
89.799535	6209.034373	16.928576	-0.020424	4.108757
89.724254	6204.270999	16.933581	-0.020405	4.107272
89.679967	6199.121349	16.938586	-0.020394	4.105669
89.650966	6193.927402	16.943591	-0.020386	4.104052
89.752637	6188.417499	16.948595	-0.020410	4.102344
89.598623	6183.278695	16.953600	-0.020373	4.100735
89.430455	6178.139877	16.958605	-0.020332	4.099125
89.354607	6173.274676	16.963610	-0.020313	4.097605
89.333940	6168.179453	16.968615	-0.020307	4.096016
89.405777	6163.036988	16.973619	-0.020324	4.094418
89.340949	6157.885817	16.978624	-0.020308	4.092807
89.299458	6152.688820	16.983629	-0.020297	4.091183
89.335235	6147.568878	16.988634	-0.020305	4.089588
89.310652	6142.621457	16.993639	-0.020299	4.088042
89.318182	6137.601267	16.998643	-0.020300	4.086475
89.127266	6132.460437	17.003648	-0.020254	4.084856
89.221574	6127.059565	17.008653	-0.020276	4.083175
89.295702	6121.605189	17.013658	-0.020293	4.081474
89.120920	6116.483385	17.018663	-0.020250	4.079861
89.069987	6111.487457	17.023667	-0.020238	4.078294
88.985150	6106.502538	17.028672	-0.020217	4.076728
89.044739	6101.323926	17.033677	-0.020230	4.075110
88.869028	6096.231410	17.038682	-0.020188	4.073503
88.928678	6090.988152	17.043687	-0.020202	4.071864
88.837977	6085.872037	17.048691	-0.020179	4.070254
88.774288	6080.793122	17.053696	-0.020163	4.068657
88.817824	6075.862869	17.058701	-0.020173	4.067113
88.816072	6070.755030	17.063706	-0.020172	4.065509
88.729483	6065.566611	17.068711	-0.020151	4.063874
88.746415	6060.117129	17.073715	-0.020154	4.062163
88.586564	6054.923592	17.078720	-0.020115	4.060520
88.716034	6049.779604	17.083725	-0.020146	4.058912
88.699349	6044.964095	17.088730	-0.020141	4.057396
88.567667	6039.835316	17.093735	-0.020109	4.055773
88.479917	6034.681532	17.098739	-0.020088	4.054145
88.378576	6029.499012	17.103744	-0.020063	4.052507
88.379625	6024.304959	17.108749	-0.020062	4.050870
88.378630	6019.231295	17.113754	-0.020062	4.049271
88.374354	6014.403881	17.118759	-0.020060	4.047749
88.315635	6009.236472	17.123763	-0.020045	4.046115
88.405211	6004.064555	17.128768	-0.020066	4.044489
88.238657	5998.506848	17.133773	-0.020026	4.042724
88.350292	5993.309859	17.138778	-0.020052	4.041090
88.199807	5988.087451	17.143783	-0.020015	4.039430
88.270691	5983.263777	17.148787	-0.020032	4.037910
88.295105	5978.166428	17.153792	-0.020037	4.036300
88.275199	5973.015376	17.158797	-0.020031	4.034670
88.156616	5967.831134	17.163802	-0.020002	4.033021
88.002662	5962.666427	17.168807	-0.019965	4.031376
88.047406	5957.536555	17.173811	-0.019975	4.029754
88.032806	5952.641066	17.178816	-0.019971	4.028202
88.096658	5947.555465	17.183821	-0.019986	4.026595
87.914094	5942.412115	17.188826	-0.019941	4.024952
87.959537	5936.987155	17.193831	-0.019952	4.023234
87.917761	5931.684407	17.198835	-0.019941	4.021548
87.984060	5926.412949	17.203840	-0.019956	4.019879
87.905889	5921.501781	17.208845	-0.019937	4.018314
87.932937	5916.516043	17.213850	-0.019943	4.016732
87.682571	5911.381391	17.218855	-0.019882	4.015083
87.689544	5906.228258	17.223859	-0.019884	4.013445
87.660900	5901.024010	17.228864	-0.019876	4.011788
87.698594	5895.890108	17.233869	-0.019885	4.010156
87.687308	5890.956043	17.238874	-0.019881	4.008585
87.565651	5885.969172	17.243879	-0.019852	4.006988
87.575941	5880.835526	17.248883	-0.019853	4.005353
87.619028	5875.400219	17.253888	-0.019863	4.003623
87.564901	5869.945057	17.258893	-0.019850	4.001880
87.520099	5864.875778	17.263898	-0.019838	4.000260
87.555590	5859.877367	17.268903	-0.019846	3.998667
87.630723	5854.807882	17.273907	-0.019863	3.997054
87.534841	5849.681468	17.278912	-0.019840	3.995410
87.544763	5844.522682	17.283917	-0.019842	3.993762
87.413484	5839.314440	17.288922	-0.019810	3.992088
87.317456	5834.170122	17.293927	-0.019786	3.990436
87.235262	5829.247421	17.298931	-0.019766	3.988855
87.307201	5824.235874	17.303936	-0.019783	3.987256
87.255863	5819.059935	17.308941	-0.019770	3.985595
87.200273	5813.801341	17.313946	-0.019756	3.983907
87.131480	5808.473830	17.318951	-0.019739	3.982195
87.213857	5803.299915	17.323955	-0.019758	3.980542
87.147903	5798.292603	17.328960	-0.019741	3.978931
87.083309	5793.356114	17.333965	-0.019725	3.977342
87.054812	5788.204725	17.338970	-0.019718	3.975687
87.051972	5782.996465	17.343975	-0.019717	3.974014
86.994402	5777.864462	17.348979	-0.019702	3.972361
87.067754	5772.611968	17.353984	-0.019719	3.970678
86.981710	5767.636104	17.358989	-0.019698	3.969072
86.937314	5762.770641	17.363994	-0.019687	3.967504
86.869523	5757.622180	17.368999	-0.019670	3.965843
86.787743	5752.270490	17.374003	-0.019650	3.964114
86.808410	5746.828093	17.379008	-0.019654	3.962362
86.769135	5741.663685	17.384013	-0.019644	3.960696
86.757835	5736.686119	17.389018	-0.019641	3.959090
86.704566	5731.678117	17.394023	-0.019628	3.957472
86.781514	5726.527635	17.399027	-0.019645	3.955815
86.734170	5721.360994	17.404032	-0.019633	3.954144
86.653050	5716.188472	17.409037	-0.019613	3.952469
86.607364	5711.083858	17.414042	-0.019602	3.950816
86.625331	5706.033138	17.419047	-0.019606	3.949185
86.582271	5701.101177	17.424051	-0.019595	3.947588
86.427402	5695.983412	17.429056	-0.019557	3.945922
86.387838	5690.642883	17.434061	-0.019547	3.944191
86.346231	5685.363981	17.439066	-0.019536	3.942479
86.376264	5680.131411	17.444071	-0.019543	3.940787
86.201619	5675.199436	17.449075	-0.019501	3.939176
86.155717	5670.246048	17.454080	-0.019489	3.937568
86.087543	5665.004068	17.459085	-0.019472	3.935863
86.136347	5659.909907	17.464090	-0.019483	3.934214
86.209674	5654.670115	17.469095	-0.019500	3.932519
86.139933	5649.514079	17.474099	-0.019483	3.930840
86.092526	5644.642685	17.479104	-0.019471	3.929254
86.122694	5639.606300	17.484109	-0.019478	3.927620
86.163818	5634.448595	17.489114	-0.019487	3.925946
86.152175	5629.010079	17.494119	-0.019483	3.924176
85.895918	5623.601229	17.499123	-0.019422	3.922398
85.937733	5618.466534	17.504128	-0.019431	3.920730
85.893394	5613.503564	17.509133	-0.019420	3.919110
86.033916	5608.429867	17.514138	-0.019453	3.917467
85.894812	5603.336881	17.519143	-0.019419	3.915797
85.827317	5598.147914	17.524147	-0.019402	3.914101
85.869298	5592.962772	17.529152	-0.019412	3.912412
85.845142	5587.807923	17.534157	-0.019405	3.910728
85.856432	5582.884536	17.539162	-0.019407	3.909122
85.692911	5577.927469	17.544167	-0.019368	3.907491
85.686953	5572.713009	17.549171	-0.019366	3.905786
85.490297	5567.371381	17.554176	-0.019318	3.904026
85.534007	5562.092301	17.559181	-0.019328	3.902303
85.583567	5556.939206	17.564186	-0.019339	3.900620
85.465079	5552.065120	17.569191	-0.019310	3.899016
85.401437	5547.012134	17.574195	-0.019294	3.897357
85.381905	5541.857155	17.579200	-0.019289	3.895667
85.353753	5536.603489	17.584205	-0.019282	3.893943
85.353487	5531.531558	17.589210	-0.019281	3.892279
85.296136	5526.319454	17.594215	-0.019267	3.890565
85.475332	5521.450531	17.599219	-0.019309	3.888981
85.256795	5516.436746	17.604224	-0.019256	3.887319
85.311009	5511.235820	17.609229	-0.019269	3.885614
85.274817	5505.675557	17.614234	-0.019259	3.883784
85.287733	5500.422130	17.619239	-0.019262	3.882058
85.056776	5495.354805	17.624243	-0.019206	3.880375
85.070313	5490.503350	17.629248	-0.019209	3.878779
85.083435	5485.340113	17.634253	-0.019211	3.877081
84.945791	5480.254712	17.639258	-0.019178	3.875396
84.889121	5475.007470	17.644263	-0.019163	3.873663
84.897006	5469.884437	17.649267	-0.019165	3.871975
84.928804	5464.731749	17.654272	-0.019172	3.870278
84.871682	5459.919242	17.659277	-0.019157	3.868686
84.947956	5454.719287	17.664282	-0.019175	3.866975
84.861294	5449.561177	17.669287	-0.019154	3.865266
84.744989	5444.125765	17.674291	-0.019125	3.863461
84.756079	5438.969236	17.679296	-0.019127	3.861758
84.711477	5433.907801	17.684301	-0.019116	3.860081
84.808876	5428.942940	17.689306	-0.019139	3.858446
84.551198	5423.850093	17.694311	-0.019077	3.856742
84.499905	5418.754380	17.699315	-0.019064	3.855051
84.469143	5413.541300	17.704320	-0.019056	3.853322
84.365384	5408.387609	17.709325	-0.019030	3.851606
84.478809	5403.364985	17.714330	-0.019057	3.849950
84.456361	5398.447763	17.719335	-0.019051	3.848317
84.364989	5393.338484	17.724339	-0.019028	3.846615
84.350760	5387.996769	17.729344	-0.019024	3.844841
84.365782	5382.595427	17.734349	-0.019027	3.843048
84.350284	5377.424308	17.739354	-0.019023	3.841329
84.335636	5372.454393	17.744359	-0.019019	3.839676
84.307278	5367.459706	17.749363	-0.019012	3.838013
84.308960	5362.266140	17.754368	-0.019011	3.836285
84.258369	5357.094324	17.759373	-0.018999	3.834560
84.118615	5351.942365	17.764378	-0.018965	3.832834
84.035765	5346.747943	17.769383	-0.018944	3.831097
83.995878	5341.889811	17.774387	-0.018934	3.829475
84.003268	5336.835728	17.779392	-0.018935	3.827790
84.033963	5331.579233	17.784397	-0.018942	3.826039
84.018084	5326.205776	17.789402	-0.018938	3.824244
83.905921	5320.976529	17.794407	-0.018910	3.822490
83.935907	5315.841469	17.799411	-0.018917	3.820777
83.869168	5311.020394	17.804416	-0.018900	3.819161
83.823544	5305.913658	17.809421	-0.018889	3.817450
83.745758	5300.741947	17.814426	-0.018870	3.815714
83.792922	5295.538359	17.819431	-0.018880	3.813976
83.745184	5290.371959	17.824435	-0.018868	3.812243
83.698778	5285.363248	17.829440	-0.018856	3.810562
83.622530	5280.436279	17.834445	-0.018838	3.808905
83.564446	5275.289428	17.839450	-0.018823	3.807175
83.497072	5270.048424	17.844455	-0.018806	3.805412
83.657791	5264.357385	17.849459	-0.018844	3.803515
83.510756	5259.219749	17.854464	-0.018808	3.801779
83.349341	5254.274626	17.859469	-0.018769	3.800105
83.506497	5249.204410	17.864474	-0.018806	3.798414
83.430917	5244.053593	17.869479	-0.018788	3.796676
83.383983	5238.892051	17.874483	-0.018776	3.794937
83.409520	5233.751407	17.879488	-0.018781	3.793209
83.342166	5228.538128	17.884493	-0.018765	3.791449
83.309599	5223.684417	17.889498	-0.018756	3.789812
83.459744	5218.539487	17.894503	-0.018792	3.788090
83.264848	5213.433184	17.899507	-0.018744	3.786353
83.053616	5208.115575	17.904512	-0.018693	3.784543
83.158901	5202.792922	17.909517	-0.018718	3.782756
83.163964	5197.650405	17.914522	-0.018718	3.781020
83.203392	5192.810054	17.919527	-0.018727	3.779389
82.970707	5187.648767	17.924531	-0.018671	3.777627
83.054739	5182.546618	17.929536	-0.018690	3.775909
83.094324	5177.295563	17.934541	-0.018699	3.774136
83.001583	5172.220725	17.939546	-0.018677	3.772412
83.017238	5167.111958	17.944551	-0.018680	3.770684
82.889808	5162.275717	17.949555	-0.018649	3.769036
82.864737	5157.152455	17.954560	-0.018642	3.767298
82.650377	5151.720219	17.959565	-0.018590	3.765440
82.682102	5146.332771	17.964570	-0.018597	3.763615
82.805425	5141.116988	17.969575	-0.018626	3.761856
82.753361	5136.199258	17.974579	-0.018613	3.760182
82.774657	5131.163656	17.979584	-0.018617	3.758474
82.587865	5125.944688	17.984589	-0.018572	3.756686
82.667778	5120.800900	17.989594	-0.018591	3.754944
82.671204	5115.631471	17.994599	-0.018591	3.753186
82.738979	5110.431967	17.999603	-0.018607	3.751422
82.584981	5105.649961	18.004608	-0.018569	3.749782
82.643222	5100.476637	18.009613	-0.018582	3.748025
82.650242	5095.335134	18.014618	-0.018584	3.746274
82.503949	5089.883109	18.019623	-0.018548	3.744404
82.467505	5084.714690	18.024627	-0.018539	3.742639
82.399814	5079.677737	18.029632	-0.018522	3.740915
82.261129	5074.782346	18.034637	-0.018488	3.739233
82.224706	5069.639403	18.039642	-0.018479	3.737473
82.208215	5064.463144	18.044647	-0.018474	3.735704
82.205847	5059.301542	18.049651	-0.018473	3.733939
82.201287	5054.098174	18.054656	-0.018471	3.732159
82.118462	5049.185767	18.059661	-0.018451	3.730472
82.044883	5044.196834	18.064666	-0.018433	3.728758
82.132464	5038.947990	18.069671	-0.018453	3.726968
82.067334	5033.507200	18.074675	-0.018437	3.725098
81.975384	5028.298579	18.079680	-0.018414	3.723305
82.049025	5023.090685	18.084685	-0.018431	3.721525
81.925058	5018.279473	18.089690	-0.018401	3.719864
81.946698	5013.130494	18.094695	-0.018406	3.718098
81.854139	5007.993713	18.099699	-0.018383	3.716326
81.926181	5002.766842	18.104704	-0.018400	3.714536
81.773553	4997.629292	18.109709	-0.018362	3.712758
81.810980	4992.621631	18.114714	-0.018371	3.711038
81.831017	4987.624938	18.119719	-0.018375	3.709321
81.827286	4982.480242	18.124723	-0.018373	3.707549
81.765662	4977.203131	18.129728	-0.018358	3.705727
81.637037	4971.892930	18.134733	-0.018327	3.703886
81.742306	4966.731702	18.139738	-0.018351	3.702115
81.617073	4961.816858	18.144743	-0.018321	3.700410
81.536801	4956.786895	18.149747	-0.018301	3.698667
81.529872	4951.605352	18.154752	-0.018299	3.696878
81.444954	4946.434058	18.159757	-0.018278	3.695085
81.464443	4941.272029	18.164762	-0.018282	3.693302
81.497466	4936.140852	18.169767	-0.018289	3.691531
81.506880	4931.310114	18.174771	-0.018291	3.689861
81.342007	4926.156092	18.179776	-0.018251	3.688063
81.270377	4920.874195	18.184781	-0.018233	3.686229
81.372600	4915.438971	18.189786	-0.018257	3.684354
81.300029	4910.244596	18.194791	-0.018239	3.682548
81.384541	4905.273542	18.199795	-0.018259	3.680831
81.365424	4900.231518	18.204800	-0.018253	3.679080
81.230332	4895.086591	18.209805	-0.018221	3.677283
81.218918	4889.928967	18.214810	-0.018217	3.675491
81.275055	4884.724423	18.219815	-0.018230	3.673687
81.132770	4879.602348	18.224819	-0.018195	3.671895
81.122948	4874.772337	18.229824	-0.018192	3.670215
80.979628	4869.653650	18.234829	-0.018158	3.668422
80.999142	4864.450864	18.239834	-0.018162	3.666612
80.935014	4859.030571	18.244839	-0.018146	3.664719
80.917681	4853.884000	18.249843	-0.018141	3.662924
80.826628	4848.887522	18.254848	-0.018119	3.661174
80.694366	4843.913235	18.259853	-0.018086	3.659428
80.726179	4838.747987	18.264858	-0.018093	3.657628
80.822873	4833.492741	18.269863	-0.018116	3.655802
80.504394	4828.434066	18.274867	-0.018039	3.654008
80.558827	4823.286196	18.279872	-0.018051	3.652213
80.472751	4818.434540	18.284877	-0.018030	3.650510
80.663038	4813.268568	18.289882	-0.018075	3.648719
80.525786	4808.078119	18.294887	-0.018042	3.646890
80.313827	4802.638320	18.299891	-0.017990	3.644967
80.340183	4797.395021	18.304896	-0.017996	3.643133
80.368168	4792.386364	18.309901	-0.018002	3.641379
80.379735	4787.407228	18.314906	-0.018004	3.639634
80.376430	4782.242818	18.319911	-0.018003	3.637822
80.360950	4777.048368	18.324915	-0.017999	3.635997
80.200620	4771.920123	18.329920	-0.017960	3.634182
80.193129	4766.741400	18.334925	-0.017957	3.632362
80.231812	4761.902082	18.339930	-0.017966	3.630664
80.224853	4756.745994	18.344935	-0.017964	3.628850
80.098638	4751.599315	18.349939	-0.017933	3.627028
80.049847	4746.174919	18.354944	-0.017921	3.625113
80.112180	4740.993927	18.359949	-0.017935	3.623294
79.951381	4736.023075	18.364954	-0.017896	3.621528
79.866721	4731.083063	18.369959	-0.017875	3.619779
79.853994	4725.918249	18.374963	-0.017872	3.617955
79.957351	4720.703846	18.379968	-0.017896	3.616124
79.648801	4715.638554	18.384973	-0.017821	3.614308
79.886508	4710.419537	18.389978	-0.017878	3.612485
79.658665	4705.609969	18.394983	-0.017822	3.610765
79.596830	4700.390648	18.399987	-0.017807	3.608913
79.699145	4695.141811	18.404992	-0.017831	3.607065
79.765350	4689.556237	18.409997	-0.017846	3.605093
79.687480	4684.431024	18.415002	-0.017827	3.603271
79.497231	4679.438128	18.420007	-0.017781	3.601485
79.513548	4674.464918	18.425011	-0.017784	3.599722
79.547292	4669.247915	18.430016	-0.017792	3.597875
79.571666	4664.016532	18.435021	-0.017797	3.596020
79.456035	4658.923289	18.440026	-0.017769	3.594201
79.500625	4653.769586	18.445031	-0.017779	3.592374
79.434666	4648.935408	18.450035	-0.017762	3.590649
79.448986	4643.770531	18.455040	-0.017765	3.588814
79.349336	4638.513538	18.460045	-0.017741	3.586934
79.392990	4633.114474	18.465050	-0.017750	3.585016
79.315769	4627.972364	18.470055	-0.017731	3.583177
79.225533	4623.013908	18.475059	-0.017709	3.581402
79.287197	4617.981972	18.480064	-0.017723	3.579613
79.191340	4612.856659	18.485069	-0.017700	3.577776
79.039163	4607.725182	18.490074	-0.017663	3.575931
79.090199	4602.527869	18.495079	-0.017674	3.574079
79.017705	4597.477313	18.500083	-0.017657	3.572268
78.923279	4592.610257	18.505088	-0.017633	3.570520
78.943034	4587.404966	18.510093	-0.017637	3.568660
78.940937	4582.118826	18.515098	-0.017636	3.566768
78.847219	4576.681224	18.520103	-0.017613	3.564813
78.893383	4571.503846	18.525107	-0.017624	3.562962
78.809698	4566.626053	18.530112	-0.017603	3.561206
78.788913	4561.494872	18.535117	-0.017598	3.559364
78.854700	4556.360530	18.540122	-0.017613	3.557528
78.726426	4551.212656	18.545127	-0.017581	3.555668
78.842494	4545.998135	18.550131	-0.017609	3.553806
78.697912	4541.069092	18.555136	-0.017573	3.552021
78.685459	4536.081076	18.560141	-0.017570	3.550227
78.616510	4530.945650	18.565146	-0.017553	3.548373
78.598880	4525.562545	18.570151	-0.017548	3.546434
78.544095	4520.362390	18.575155	-0.017534	3.544557
78.496970	4515.233271	18.580160	-0.017522	3.542704
78.588916	4510.314613	18.585165	-0.017544	3.540940
78.438543	4505.211312	18.590170	-0.017507	3.539085
78.494903	4500.024549	18.595175	-0.017520	3.537219
78.492120	4494.840573	18.600179	-0.017519	3.535347
78.477220	4489.676195	18.605184	-0.017515	3.533480
78.221504	4484.826051	18.610189	-0.017453	3.531704
78.292727	4479.755983	18.615194	-0.017469	3.529877
78.237250	4474.588224	18.620199	-0.017455	3.528002
78.242265	4469.000266	18.625203	-0.017456	3.525980
78.176003	4463.838369	18.630208	-0.017440	3.524104
77.977977	4458.836294	18.635213	-0.017392	3.522273
78.063974	4453.837122	18.640218	-0.017412	3.520468
78.100647	4448.640339	18.645223	-0.017420	3.518586
78.112394	4443.485256	18.650227	-0.017422	3.516716
78.143949	4438.300432	18.655232	-0.017429	3.514836
77.909293	4433.174955	18.660237	-0.017372	3.512952
78.020830	4428.312994	18.665242	-0.017398	3.511195
78.004471	4423.154361	18.670247	-0.017394	3.509317
77.964363	4417.913561	18.675251	-0.017384	3.507406
77.924166	4412.535081	18.680256	-0.017373	3.505444
77.830776	4407.412045	18.685261	-0.017350	3.503569
77.780299	4402.489038	18.690266	-0.017338	3.501770
77.679052	4397.393962	18.695271	-0.017313	3.499902
77.599452	4392.300460	18.700275	-0.017293	3.498036
77.556643	4387.164513	18.705280	-0.017282	3.496157
77.594323	4381.909338	18.710285	-0.017291	3.494241
77.510610	4376.972074	18.715290	-0.017270	3.492428
77.448541	4371.978160	18.720295	-0.017255	3.490596
77.605059	4366.805343	18.725299	-0.017292	3.488718
77.488456	4361.374426	18.730304	-0.017263	3.486719
77.341435	4356.106897	18.735309	-0.017227	3.484776
77.297803	4351.044405	18.740314	-0.017216	3.482916
77.231988	4346.111974	18.745319	-0.017200	3.481102
77.285477	4340.952811	18.750323	-0.017212	3.479214
77.177241	4335.840865	18.755328	-0.017186	3.477327
77.102694	4330.626306	18.760333	-0.017167	3.475405
77.185107	4325.466517	18.765338	-0.017186	3.473516
77.039710	4320.617817	18.770343	-0.017151	3.471720
77.130292	4315.464783	18.775347	-0.017172	3.469833
77.103533	4310.250245	18.780352	-0.017165	3.467911
76.972093	4304.849146	18.785357	-0.017133	3.465909
77.042613	4299.710631	18.790362	-0.017149	3.464022
76.997909	4294.729537	18.795367	-0.017138	3.462182
77.037248	4289.708531	18.800371	-0.017147	3.460333
76.887474	4284.586210	18.805376	-0.017110	3.458428
76.966564	4279.367799	18.810381	-0.017129	3.456509
76.960644	4274.200990	18.815386	-0.017127	3.454599
76.832143	4269.219471	18.820391	-0.017095	3.452745
76.751143	4264.279164	18.825395	-0.017075	3.450910
76.696143	4259.108011	18.830400	-0.017062	3.448991
76.573237	4253.681523	18.835405	-0.017032	3.446970
76.567248	4248.414496	18.840410	-0.017030	3.445018
76.593775	4243.258308	18.845415	-0.017035	3.443108
76.643443	4238.357358	18.850419	-0.017047	3.441295
76.572410	4233.193046	18.855424	-0.017029	3.439372
76.566470	4228.012434	18.860429	-0.017027	3.437447
76.529309	4222.905739	18.865434	-0.017018	3.435546
76.568934	4217.605022	18.870439	-0.017026	3.433579
76.482454	4212.728218	18.875443	-0.017005	3.431757
76.370371	4207.584703	18.880448	-0.016978	3.429832
76.200850	4202.386809	18.885453	-0.016937	3.427880
76.299429	4197.066843	18.890458	-0.016960	3.425907
76.156323	4191.853973	18.895463	-0.016925	3.423950
76.095515	4187.001982	18.900467	-0.016910	3.422135
76.091205	4181.863730	18.905472	-0.016908	3.420216
76.073608	4176.688325	18.910477	-0.016903	3.418282
76.023363	4171.534301	18.915482	-0.016891	3.416351
76.197740	4166.308546	18.920487	-0.016932	3.414414
76.065395	4161.406017	18.925491	-0.016899	3.412568
75.980760	4156.400467	18.930496	-0.016879	3.410686
76.066305	4151.195369	18.935501	-0.016898	3.408745
76.078508	4145.688137	18.940506	-0.016901	3.406683
75.898186	4140.493774	18.945511	-0.016857	3.404718
75.803695	4135.543180	18.950515	-0.016834	3.402851
75.707363	4130.553406	18.955520	-0.016810	3.400969
75.650336	4125.400003	18.960525	-0.016796	3.399028
75.536920	4120.250065	18.965530	-0.016768	3.397082
75.363549	4115.118673	18.970535	-0.016726	3.395136
75.525592	4110.043467	18.975539	-0.016764	3.393242
75.494555	4105.107393	18.980544	-0.016756	3.391381
75.484542	4099.910012	18.985549	-0.016753	3.389423
75.407395	4094.602223	18.990554	-0.016734	3.387415
75.372330	4089.335507	18.995559	-0.016725	3.385426
75.462629	4084.218805	19.000563	-0.016746	3.383504
75.470069	4079.323321	19.005568	-0.016747	3.381657
75.417530	4074.168469	19.010573	-0.016734	3.379705
75.463032	4068.990247	19.015578	-0.016745	3.377752
75.366050	4063.848014	19.020583	-0.016721	3.375798
75.408241	4058.713746	19.025587	-0.016730	3.373860
75.182341	4053.914540	19.030592	-0.016676	3.372020
75.118890	4048.747681	19.035597	-0.016660	3.370057
75.180547	4043.335426	19.040602	-0.016674	3.368012
74.962322	4038.053887	19.045607	-0.016621	3.365987
75.192610	4032.864801	19.050611	-0.016676	3.364041
75.008136	4027.996738	19.055616	-0.016631	3.362174
74.965919	4022.832957	19.060621	-0.016620	3.360208
74.987509	4017.708879	19.065626	-0.016625	3.358263
75.005307	4012.514077	19.070631	-0.016628	3.356289
74.859646	4007.354504	19.075635	-0.016593	3.354311
74.722231	4002.484391	19.080640	-0.016560	3.352442
74.726458	3997.355425	19.085645	-0.016560	3.350489
74.597291	3992.183410	19.090650	-0.016528	3.348504
74.607695	3986.765126	19.095655	-0.016530	3.346438
74.598896	3981.661051	19.100659	-0.016528	3.344489
74.523260	3976.745878	19.105664	-0.016509	3.342604
74.527216	3971.632062	19.110669	-0.016509	3.340651
74.423028	3966.521122	19.115674	-0.016484	3.338686
74.491930	3961.307293	19.120679	-0.016500	3.336698
74.503145	3956.142718	19.125683	-0.016502	3.334722
74.402844	3951.251785	19.130688	-0.016477	3.332839
74.643221	3946.065347	19.135693	-0.016534	3.330875
74.620683	3940.877969	19.140698	-0.016528	3.328884
74.512741	3935.384375	19.145703	-0.016502	3.326765
74.610667	3930.213081	19.150707	-0.016524	3.324789
74.241411	3925.385160	19.155712	-0.016436	3.322897
74.136308	3920.306002	19.160717	-0.016410	3.320934
74.124387	3915.192266	19.165722	-0.016406	3.318966
74.090145	3909.932575	19.170727	-0.016398	3.316938
74.094805	3904.805220	19.175731	-0.016398	3.314964
74.059208	3899.885981	19.180736	-0.016389	3.313065
74.001972	3894.826352	19.185741	-0.016375	3.311108
73.928460	3889.651883	19.190746	-0.016357	3.309105
73.884016	3884.234345	19.195751	-0.016345	3.307009
73.902229	3879.126850	19.200755	-0.016349	3.305038
73.948369	3874.107044	19.205760	-0.016359	3.303103
73.820941	3869.079765	19.210765	-0.016328	3.301145
73.774390	3863.969495	19.215770	-0.016317	3.299163
73.929208	3858.723327	19.220775	-0.016353	3.297148
73.849317	3853.590266	19.225779	-0.016333	3.295151
73.743223	3848.664587	19.230784	-0.016307	3.293231
73.804656	3843.581342	19.235789	-0.016322	3.291265
73.685571	3838.377095	19.240794	-0.016292	3.289233
73.687257	3832.851387	19.245799	-0.016292	3.287088
73.754780	3827.685197	19.250803	-0.016308	3.285087
73.697785	3822.740769	19.255808	-0.016294	3.283159
73.611161	3817.708502	19.260813	-0.016272	3.281192
73.577659	3812.528806	19.265818	-0.016264	3.279172
73.510889	3807.362005	19.270823	-0.016247	3.277152
73.562094	3802.176490	19.275827	-0.016259	3.275136
73.355896	3797.213431	19.280832	-0.016209	3.273179
73.264168	3792.089236	19.285837	-0.016186	3.271170
73.308694	3786.930153	19.290842	-0.016196	3.269160
73.055617	3781.579155	19.295847	-0.016135	3.267042
73.069693	3776.452306	19.300851	-0.016138	3.265039
73.095332	3771.485851	19.305856	-0.016143	3.263099
73.086395	3766.355407	19.310861	-0.016141	3.261090
73.092126	3761.224192	19.315866	-0.016141	3.259080
72.912993	3756.108344	19.320871	-0.016098	3.257056
73.005497	3750.890953	19.325875	-0.016120	3.255020
72.931458	3746.066717	19.330880	-0.016101	3.253119
72.959738	3740.886361	19.335885	-0.016107	3.251088
73.095248	3735.573942	19.340890	-0.016139	3.249015
72.829146	3730.231640	19.345895	-0.016075	3.246886
72.888446	3725.050470	19.350899	-0.016089	3.244854
72.875282	3720.174292	19.355904	-0.016085	3.242933
72.774662	3715.049626	19.360909	-0.016060	3.240904
72.631502	3709.911177	19.365914	-0.016025	3.238863
72.658952	3704.755321	19.370919	-0.016031	3.236833
72.620092	3699.588161	19.375923	-0.016021	3.234789
72.657852	3694.722111	19.380928	-0.016030	3.232872
72.514074	3689.584906	19.385933	-0.015995	3.230827
72.579239	3684.250081	19.390938	-0.016010	3.228724
72.381301	3678.995378	19.395943	-0.015962	3.226624
72.363996	3673.947579	19.400947	-0.015957	3.224624
72.432686	3669.006490	19.405952	-0.015973	3.222674
72.331437	3663.838008	19.410957	-0.015948	3.220614
72.294851	3658.734829	19.415962	-0.015939	3.218586
72.181656	3653.551847	19.420967	-0.015911	3.216517
72.128284	3648.546992	19.425971	-0.015898	3.214524
72.106698	3643.574337	19.430976	-0.015892	3.212545
72.167952	3638.400950	19.435981	-0.015906	3.210495
72.181511	3633.014751	19.440986	-0.015909	3.208353
72.130110	3627.787754	19.445991	-0.015896	3.206266
72.015871	3622.814709	19.450995	-0.015868	3.204272
72.019067	3617.794859	19.456000	-0.015868	3.202272
71.927496	3612.634935	19.461005	-0.015846	3.200203
71.953014	3607.450416	19.466010	-0.015851	3.198136
71.898999	3602.262771	19.471015	-0.015838	3.196058
71.841696	3597.350382	19.476019	-0.015823	3.194089
71.646899	3592.332599	19.481024	-0.015776	3.192061
71.598627	3587.135400	19.486029	-0.015764	3.189976
71.622740	3581.734039	19.491034	-0.015769	3.187815
71.532373	3576.573197	19.496039	-0.015747	3.185737
71.612232	3571.677486	19.501043	-0.015765	3.183783
71.432497	3566.574102	19.506048	-0.015722	3.181715
71.470046	3561.409260	19.511053	-0.015730	3.179646
71.504824	3556.235315	19.516058	-0.015738	3.177571
71.539623	3551.060068	19.521063	-0.015746	3.175494
71.359854	3546.220815	19.526067	-0.015702	3.173528
71.368850	3541.097992	19.531072	-0.015704	3.171466
71.334543	3535.702900	19.536077	-0.015695	3.169289
71.355350	3530.413334	19.541082	-0.015699	3.167160
71.191477	3525.309524	19.546087	-0.015659	3.165083
71.207496	3520.367772	19.551091	-0.015663	3.163090
71.097160	3515.238940	19.556096	-0.015636	3.161006
70.988595	3510.095288	19.561101	-0.015609	3.158916
71.043446	3504.907856	19.566106	-0.015622	3.156824
71.053611	3499.861068	19.571111	-0.015623	3.154783
70.947284	3494.902773	19.576115	-0.015597	3.152763
71.097369	3489.702273	19.581120	-0.015633	3.150673
71.096223	3484.250456	19.586125	-0.015632	3.148462
71.216010	3479.094515	19.591130	-0.015660	3.146383
70.969352	3474.183611	19.596135	-0.015600	3.144362
70.892166	3469.110161	19.601139	-0.015581	3.142292
70.970959	3463.961738	19.606144	-0.015599	3.140208
70.944659	3458.772057	19.611149	-0.015593	3.138093
70.689287	3453.690545	19.616154	-0.015531	3.135996
70.676479	3448.776139	19.621159	-0.015527	3.133993
70.745681	3443.630886	19.626163	-0.015543	3.131903
70.648998	3438.319906	19.631168	-0.015519	3.129726
70.563801	3432.864216	19.636173	-0.015498	3.127489
70.628843	3427.755958	19.641178	-0.015513	3.125410
70.559492	3422.806643	19.646183	-0.015496	3.123379
70.472439	3417.670899	19.651187	-0.015475	3.121269
70.513781	3412.492399	19.656192	-0.015484	3.119154
70.534726	3407.280374	19.661197	-0.015488	3.117022
70.397491	3402.327494	19.666202	-0.015455	3.114976
70.532072	3397.255287	19.671207	-0.015487	3.112911
70.307706	3392.153748	19.676211	-0.015432	3.110792
70.214507	3386.770073	19.681216	-0.015409	3.108570
70.156624	3381.589309	19.686221	-0.015395	3.106434
70.142256	3376.689176	19.691226	-0.015391	3.104418
69.942311	3371.639853	19.696231	-0.015343	3.102317
69.990358	3366.446182	19.701235	-0.015353	3.100184
70.096784	3361.220868	19.706240	-0.015378	3.098043
69.918525	3356.111744	19.711245	-0.015335	3.095915
70.037235	3351.238818	19.716250	-0.015363	3.093918
69.976022	3346.061648	19.721255	-0.015348	3.091773
69.938458	3340.676812	19.726259	-0.015338	3.089544
69.891615	3335.410172	19.731264	-0.015326	3.087361
69.747370	3330.401505	19.736269	-0.015291	3.085271
69.678119	3325.443175	19.741274	-0.015274	3.083210
69.713243	3320.272965	19.746279	-0.015282	3.081072
69.494458	3315.146481	19.751283	-0.015229	3.078921
69.487536	3309.973421	19.756288	-0.015227	3.076774
69.317139	3305.038401	19.761293	-0.015185	3.074705
69.286268	3300.003101	19.766298	-0.015177	3.072609
69.375234	3294.716239	19.771303	-0.015198	3.070421
69.331209	3289.428382	19.776307	-0.015187	3.068216
69.340774	3284.259733	19.781312	-0.015188	3.066064
69.331418	3279.343447	19.786317	-0.015186	3.064015
69.407746	3274.189328	19.791322	-0.015203	3.061875
69.325655	3269.024926	19.796327	-0.015183	3.059710
69.194643	3263.877214	19.801331	-0.015151	3.057545
69.142806	3258.909632	19.806336	-0.015138	3.055464
69.063288	3253.882332	19.811341	-0.015119	3.053352
69.108741	3248.725667	19.816346	-0.015129	3.051200
69.037285	3243.239561	19.821351	-0.015111	3.048894
68.791793	3238.118719	19.826355	-0.015052	3.046720
68.888053	3233.157658	19.831360	-0.015074	3.044651
68.924641	3228.012953	19.836365	-0.015082	3.042496
68.812651	3222.916749	19.841370	-0.015055	3.040343
68.865123	3217.696846	19.846375	-0.015067	3.038156
68.860107	3212.606004	19.851379	-0.015065	3.036014
68.901725	3207.665784	19.856384	-0.015075	3.033940
68.783746	3202.499048	19.861389	-0.015046	3.031751
68.904630	3197.117495	19.866394	-0.015074	3.029497
68.759783	3191.951208	19.871399	-0.015039	3.027301
68.596516	3187.006928	19.876403	-0.014999	3.025195
68.581747	3181.956879	19.881408	-0.014995	3.023060
68.478823	3176.791364	19.886413	-0.014970	3.020865
68.460246	3171.632319	19.891418	-0.014965	3.018681
68.368450	3166.513254	19.896423	-0.014942	3.016503
68.429055	3161.610405	19.901427	-0.014956	3.014434
68.288140	3156.506655	19.906432	-0.014922	3.012254
68.269292	3151.096086	19.911437	-0.014917	3.009957
68.187652	3145.844978	19.916442	-0.014897	3.007718
68.178819	3140.802687	19.921447	-0.014894	3.005575
68.169543	3135.783945	19.926451	-0.014891	3.003441
68.247346	3130.599476	19.931456	-0.014909	3.001245
68.172926	3125.413686	19.936461	-0.014891	2.999028
68.117348	3120.285006	19.941466	-0.014877	2.996836
68.037556	3115.318534	19.946471	-0.014857	2.994709
68.032537	3110.169728	19.951475	-0.014855	2.992512
67.957203	3104.892700	19.956480	-0.014837	2.990250
67.828421	3099.620334	19.961485	-0.014805	2.987981
67.825984	3094.623265	19.966490	-0.014804	2.985844
67.853687	3089.579597	19.971495	-0.014810	2.983690
67.784527	3084.449874	19.976499	-0.014793	2.981484
67.855822	3079.271472	19.981504	-0.014809	2.979274
67.696450	3074.169353	19.986509	-0.014771	2.977066
67.701209	3069.301960	19.991514	-0.014771	2.974978
67.629552	3064.182963	19.996519	-0.014753	2.972771
67.682178	3058.759929	20.001523	-0.014765	2.970447
67.592400	3053.472581	20.006528	-0.014743	2.968161
67.521452	3048.431186	20.011533	-0.014726	2.965982
67.509850	3043.403325	20.016538	-0.014722	2.963815
67.385140	3038.279813	20.021543	-0.014692	2.961591
67.235666	3033.107993	20.026547	-0.014656	2.959341
67.324595	3027.959223	20.031552	-0.014676	2.957129
67.371500	3023.019192	20.036557	-0.014687	2.955001
67.373989	3017.873136	20.041562	-0.014687	2.952776
67.236523	3012.616826	20.046567	-0.014653	2.950485
67.298279	3007.344865	20.051571	-0.014668	2.948209
67.245517	3002.343925	20.056576	-0.014654	2.946035
67.259126	2997.265714	20.061581	-0.014657	2.943835
67.254157	2992.116824	20.066586	-0.014655	2.941599
67.045400	2986.993899	20.071591	-0.014605	2.939348
67.110852	2981.841933	20.076595	-0.014620	2.937117
66.944172	2977.011870	20.081600	-0.014579	2.934995
66.939487	2971.828951	20.086605	-0.014578	2.932738
66.917612	2966.427904	20.091610	-0.014572	2.930382
66.689987	2961.235186	20.096615	-0.014517	2.928089
66.670906	2956.231732	20.101619	-0.014512	2.925903
66.710745	2951.155681	20.106624	-0.014521	2.923692
66.820150	2945.992642	20.111629	-0.014546	2.921449
66.730681	2940.828231	20.116634	-0.014524	2.919179
66.570622	2935.737500	20.121639	-0.014485	2.916931
66.543770	2930.818121	20.126643	-0.014478	2.914773
66.476683	2925.719683	20.131648	-0.014462	2.912529
66.511726	2920.281897	20.136653	-0.014469	2.910148
66.448913	2915.139188	20.141658	-0.014454	2.907882
66.336500	2910.191045	20.146663	-0.014426	2.905693
66.434067	2905.092791	20.151667	-0.014449	2.903464
66.304949	2899.939380	20.156672	-0.014417	2.901180
66.178196	2894.758933	20.161677	-0.014387	2.898882
66.189858	2889.731494	20.166682	-0.014389	2.896667
66.287501	2884.726771	20.171687	-0.014412	2.894472
66.193642	2879.551708	20.176691	-0.014388	2.892176
66.219463	2874.028113	20.181696	-0.014394	2.889739
66.104911	2868.915614	20.186701	-0.014366	2.887463
66.003017	2864.045420	20.191706	-0.014341	2.885295
66.017717	2858.846165	20.196711	-0.014344	2.882995
66.055432	2853.685186	20.201715	-0.014352	2.880712
66.034031	2848.537068	20.206720	-0.014347	2.878426
66.010345	2843.483705	20.211725	-0.014340	2.876180
65.795333	2838.505582	20.216730	-0.014288	2.873940
65.667574	2833.301705	20.221735	-0.014257	2.871610
65.636210	2827.984189	20.226739	-0.014249	2.869240
65.549165	2822.933324	20.231744	-0.014228	2.866979
65.572177	2817.944644	20.236749	-0.014233	2.864759
65.479869	2812.817219	20.241754	-0.014210	2.862460
65.508812	2807.622826	20.246759	-0.014216	2.860145
65.393480	2802.470662	20.251763	-0.014188	2.857828
65.522045	2797.559129	20.256768	-0.014218	2.855649
65.349498	2792.445860	20.261773	-0.014176	2.853338
65.439185	2787.021625	20.266778	-0.014197	2.850921
65.404008	2781.781294	20.271783	-0.014188	2.848567
65.356728	2776.763839	20.276787	-0.014176	2.846310
65.385356	2771.701690	20.281792	-0.014183	2.844042
65.270307	2766.525988	20.286797	-0.014154	2.841701
65.094926	2761.425769	20.291802	-0.014112	2.839385
65.142316	2756.335758	20.296807	-0.014123	2.837100
65.152239	2751.335674	20.301811	-0.014124	2.834850
65.063344	2746.162985	20.306816	-0.014103	2.832506
65.072617	2740.799014	20.311821	-0.014104	2.830088
65.067449	2735.638787	20.316826	-0.014102	2.827757
65.006258	2730.747255	20.321831	-0.014087	2.825539
64.910989	2725.630170	20.326835	-0.014064	2.823212
64.832316	2720.472466	20.331840	-0.014044	2.820867
64.730053	2715.329490	20.336845	-0.014019	2.818523
64.721577	2710.378629	20.341850	-0.014017	2.816278
64.746748	2705.276656	20.346855	-0.014022	2.813966
64.573254	2699.959884	20.351859	-0.013980	2.811529
64.525472	2694.671094	20.356864	-0.013968	2.809118
64.417962	2689.659046	20.361869	-0.013942	2.806824
64.464556	2684.610376	20.366874	-0.013952	2.804532
64.313941	2679.489902	20.371879	-0.013915	2.802178
64.312094	2674.298294	20.376883	-0.013914	2.799811
64.365634	2669.191088	20.381888	-0.013927	2.797487
64.451052	2664.185237	20.386893	-0.013946	2.795212
64.388176	2659.046458	20.391898	-0.013931	2.792854
64.245212	2653.703892	20.396903	-0.013896	2.790390
64.261741	2648.560046	20.401907	-0.013899	2.788037
64.257443	2643.591492	20.406912	-0.013898	2.785759
64.093953	2638.472879	20.411917	-0.013858	2.783389
64.040437	2633.324006	20.416922	-0.013845	2.781018
63.838478	2628.210753	20.421927	-0.013796	2.778641
63.821412	2623.272310	20.426931	-0.013791	2.776367
63.844113	2618.174887	20.431936	-0.013796	2.774024
63.917062	2612.736889	20.436941	-0.013813	2.771529
63.644391	2607.588015	20.441946	-0.013747	2.769118
63.692385	2602.559267	20.446951	-0.013758	2.766804
63.746481	2597.451798	20.451955	-0.013770	2.764452
63.855651	2592.275520	20.456960	-0.013796	2.762074
63.721465	2587.122241	20.461965	-0.013763	2.759672
63.545925	2582.157037	20.466970	-0.013720	2.757348
63.660522	2577.107498	20.471975	-0.013747	2.755024
63.602288	2571.858766	20.476979	-0.013733	2.752581
63.638018	2566.555061	20.481984	-0.013741	2.750124
63.408654	2561.537446	20.486989	-0.013685	2.747761
63.336296	2556.556508	20.491994	-0.013667	2.745434
63.353147	2551.400279	20.496999	-0.013671	2.743036
63.351161	2546.211982	20.502003	-0.013670	2.740619
63.340323	2541.119256	20.507008	-0.013666	2.738243
63.327871	2536.178553	20.512013	-0.013663	2.735935
63.374007	2530.969240	20.517018	-0.013673	2.733509
63.188615	2525.515520	20.522023	-0.013628	2.730933
63.393491	2520.277452	20.527027	-0.013677	2.728511
63.307152	2515.409151	20.532032	-0.013655	2.726219
63.048576	2510.345018	20.537037	-0.013593	2.723808
63.085147	2505.134354	20.542042	-0.013601	2.721369
62.963327	2500.042378	20.547047	-0.013571	2.718961
62.977289	2495.038333	20.552051	-0.013574	2.716611
62.923915	2489.946073	20.557056	-0.013561	2.714208
62.744200	2484.659068	20.562061	-0.013517	2.711693
62.732868	2479.472073	20.567066	-0.013514	2.709247
62.754465	2474.462453	20.572071	-0.013519	2.706887
62.627733	2469.387504	20.577075	-0.013488	2.704473
62.676793	2464.237766	20.582080	-0.013499	2.702046
62.654859	2459.056621	20.587085	-0.013493	2.699593
62.587512	2454.133193	20.592090	-0.013476	2.697253
62.567839	2449.052146	20.597095	-0.013471	2.694842
62.429281	2443.731861	20.602099	-0.013437	2.692300
62.348519	2438.451817	20.607104	-0.013417	2.689782
62.261392	2433.428930	20.612109	-0.013396	2.687383
62.259660	2428.388045	20.617114	-0.013395	2.684985
62.164526	2423.252704	20.622119	-0.013371	2.682527
62.136576	2418.059218	20.627123	-0.013364	2.680049
62.125552	2413.025111	20.632128	-0.013361	2.677647
62.168571	2407.941239	20.637133	-0.013371	2.675227
62.036787	2402.719561	20.642138	-0.013338	2.672713
62.032794	2397.458922	20.647143	-0.013337	2.670197
62.032947	2392.422369	20.652147	-0.013336	2.667787
61.980285	2387.414852	20.657152	-0.013323	2.665380
62.020787	2382.232619	20.662157	-0.013332	2.662902
61.852415	2377.121184	20.667162	-0.013291	2.660424
61.772080	2372.095058	20.672167	-0.013272	2.657998
61.726480	2367.112337	20.677171	-0.013260	2.655595
61.768833	2361.781897	20.682176	-0.013270	2.653036
61.577758	2356.456934	20.687181	-0.013223	2.650443
61.586746	2351.408760	20.692186	-0.013225	2.648010
61.548365	2346.401293	20.697191	-0.013215	2.645588
61.540675	2341.208853	20.702195	-0.013213	2.643079
61.458407	2336.066647	20.707200	-0.013192	2.640580
61.351575	2331.041932	20.712205	-0.013166	2.638132
61.430608	2326.013596	20.717210	-0.013185	2.635708
61.434950	2320.744244	20.722215	-0.013185	2.633154
61.381962	2315.440912	20.727219	-0.013172	2.630572
61.298377	2310.436698	20.732224	-0.013151	2.628128
61.221132	2305.384548	20.737229	-0.013132	2.625660
61.282304	2300.239449	20.742234	-0.013146	2.623165
61.034540	2295.126046	20.747239	-0.013086	2.620636
61.249224	2290.025423	20.752243	-0.013137	2.618181
61.181528	2285.027021	20.757248	-0.013120	2.615731
61.063007	2279.732740	20.762253	-0.013091	2.613126
61.040347	2274.411267	20.767258	-0.013085	2.610520
60.900939	2269.432365	20.772263	-0.013051	2.608062
60.940240	2264.376412	20.777267	-0.013060	2.605590
60.998569	2259.212200	20.782272	-0.013073	2.603066
60.994921	2254.023979	20.787277	-0.013072	2.600518
60.868374	2249.053795	20.792282	-0.013041	2.598056
60.810082	2244.033183	20.797287	-0.013027	2.595578
60.590205	2238.764396	20.802291	-0.012973	2.592950
60.632468	2233.523746	20.807296	-0.012983	2.590373
60.471050	2228.573506	20.812301	-0.012944	2.587907
60.346175	2223.549541	20.817306	-0.012913	2.585407
60.350545	2218.339568	20.822311	-0.012914	2.582832
60.381481	2213.146475	20.827315	-0.012920	2.580267
60.203754	2208.206715	20.832320	-0.012877	2.577793
60.387758	2203.071340	20.837325	-0.012921	2.575275
60.302561	2197.762876	20.842330	-0.012900	2.572627
60.234826	2192.559122	20.847335	-0.012883	2.570031
60.261552	2187.577827	20.852339	-0.012889	2.567558
60.202834	2182.446183	20.857344	-0.012874	2.564995
60.195010	2177.273308	20.862349	-0.012872	2.562416
60.007661	2172.176705	20.867354	-0.012826	2.559845
60.124317	2167.210499	20.872359	-0.012853	2.557384
59.928047	2162.069084	20.877363	-0.012806	2.554784
59.959751	2156.749334	20.882368	-0.012813	2.552127
59.840726	2151.612251	20.887373	-0.012784	2.549536
59.853570	2146.640096	20.892378	-0.012786	2.547046
59.855452	2141.483719	20.897383	-0.012786	2.544458
59.638294	2136.384252	20.902387	-0.012734	2.541863
59.678528	2131.261893	20.907392	-0.012743	2.539294
59.645543	2126.260688	20.912397	-0.012734	2.536771
59.406142	2121.064317	20.917402	-0.012676	2.534116
59.413898	2115.704073	20.922407	-0.012678	2.531413
59.254072	2110.683052	20.927411	-0.012639	2.528853
59.331400	2105.634953	20.932416	-0.012657	2.526314
59.223227	2100.477715	20.937421	-0.012630	2.523688
59.330124	2095.300369	20.942426	-0.012655	2.521082
59.135052	2090.333569	20.947431	-0.012608	2.518533
59.180105	2085.236676	20.952435	-0.012618	2.515954
59.142118	2079.971799	20.957440	-0.012608	2.513273
59.077612	2074.737991	20.962445	-0.012592	2.510601
59.076787	2069.818191	20.967450	-0.012592	2.508096
59.033163	2064.681805	20.972455	-0.012581	2.505472
59.024319	2059.493804	20.977459	-0.012578	2.502824
58.990131	2054.346998	20.982464	-0.012569	2.500190
59.102856	2049.393599	20.987469	-0.012595	2.497676
58.904305	2044.271793	20.992474	-0.012547	2.495023
58.823384	2038.834693	20.997479	-0.012527	2.492224
58.734266	2033.712336	21.002483	-0.012505	2.489583
58.716400	2028.720293	21.007488	-0.012501	2.487017
58.751386	2023.534743	21.012493	-0.012508	2.484358
58.704462	2018.386698	21.017498	-0.012497	2.481702
58.583781	2013.383279	21.022503	-0.012467	2.479105
58.376894	2008.380366	21.027507	-0.012417	2.476492
58.441432	2003.098986	21.032512	-0.012432	2.473777
58.482572	1997.836729	21.037517	-0.012441	2.471064
58.290750	1992.902948	21.042522	-0.012395	2.468481
58.368785	1987.765423	21.047527	-0.012413	2.465834
58.413927	1982.568734	21.052531	-0.012423	2.463147
58.313453	1977.465150	21.057536	-0.012398	2.460482
58.136920	1972.574221	21.062541	-0.012355	2.457913
58.158877	1967.383782	21.067546	-0.012360	2.455217
58.215832	1961.974367	21.072551	-0.012373	2.452410
58.148032	1956.862639	21.077555	-0.012356	2.449735
58.012501	1951.890252	21.082560	-0.012323	2.447118
58.004026	1946.673626	21.087565	-0.012321	2.444392
57.993976	1941.545363	21.092570	-0.012318	2.441708
57.988184	1936.525116	21.097575	-0.012316	2.439079
57.957665	1931.448401	21.102579	-0.012308	2.436414
57.812508	1926.212931	21.107584	-0.012272	2.433643
57.823932	1920.979914	21.112589	-0.012275	2.430896
57.762348	1916.052645	21.117594	-0.012259	2.428295
57.732830	1910.916657	21.122599	-0.012252	2.425587
57.704069	1905.763088	21.127603	-0.012244	2.422866
57.694765	1900.659158	21.132608	-0.012241	2.420172
57.529743	1895.719378	21.137613	-0.012201	2.417535
57.431755	1890.462644	21.142618	-0.012177	2.414739
57.161565	1885.251149	21.147623	-0.012112	2.411935
57.262056	1880.198342	21.152627	-0.012135	2.409274
57.306263	1875.099162	21.157632	-0.012145	2.406576
57.304166	1869.869933	21.162637	-0.012144	2.403798
57.200495	1864.725839	21.167642	-0.012119	2.401045
57.102880	1859.810266	21.172647	-0.012095	2.398412
57.180400	1854.605211	21.177651	-0.012113	2.395651
57.103902	1849.307850	21.182656	-0.012094	2.392811
57.150442	1844.214360	21.187661	-0.012104	2.390098
57.013617	1839.214244	21.192666	-0.012071	2.387401
57.005466	1834.054028	21.197671	-0.012069	2.384636
56.923085	1828.928017	21.202675	-0.012048	2.381874
56.882467	1823.942123	21.207680	-0.012038	2.379192
56.834624	1818.851503	21.212685	-0.012026	2.376448
56.674077	1813.504168	21.217690	-0.011987	2.373544
56.713040	1808.319031	21.222695	-0.011996	2.370758
56.656524	1803.348277	21.227699	-0.011982	2.368068
56.613116	1798.179611	21.232704	-0.011971	2.365271
56.543498	1792.995407	21.237709	-0.011953	2.362457
56.479216	1787.989292	21.242714	-0.011937	2.359737
56.416771	1782.951247	21.247719	-0.011922	2.356997
56.408980	1777.651130	21.252723	-0.011919	2.354121
56.109764	1772.535747	21.257728	-0.011847	2.351291
56.254857	1767.533477	21.262733	-0.011881	2.348597
56.225957	1762.410943	21.267738	-0.011874	2.345804
56.109083	1757.263064	21.272743	-0.011845	2.342978
55.964138	1752.231941	21.277747	-0.011810	2.340208
55.941098	1747.235884	21.282752	-0.011804	2.337475
55.870477	1741.915726	21.287757	-0.011786	2.334553
55.838020	1736.654738	21.292762	-0.011778	2.331666
55.885367	1731.649341	21.297767	-0.011789	2.328930
55.869023	1726.477760	21.302771	-0.011784	2.326088
55.900864	1721.278625	21.307776	-0.011791	2.323237
55.856047	1716.218991	21.312781	-0.011780	2.320444
55.782684	1711.215963	21.317786	-0.011762	2.317675
55.828707	1705.928676	21.322791	-0.011772	2.314767
55.824193	1700.698103	21.327795	-0.011770	2.311877
55.791027	1695.729843	21.332800	-0.011762	2.309124
55.701133	1690.609891	21.337805	-0.011740	2.306274
55.509004	1685.494532	21.342810	-0.011693	2.303404
55.450285	1680.472119	21.347815	-0.011679	2.300606
55.467659	1675.440100	21.352819	-0.011682	2.297813
55.267905	1670.186478	21.357824	-0.011634	2.294854
55.293881	1664.899647	21.362829	-0.011639	2.291914
55.288446	1659.890630	21.367834	-0.011638	2.289119
55.216551	1654.765536	21.372839	-0.011620	2.286243
55.098765	1649.629906	21.377843	-0.011591	2.283350
55.196938	1644.546645	21.382848	-0.011614	2.280522
55.098785	1639.532612	21.387853	-0.011590	2.277694
55.048917	1634.271660	21.392858	-0.011577	2.274732
55.014452	1629.074799	21.397863	-0.011568	2.271804
55.011146	1624.097764	21.402867	-0.011567	2.269003
54.907819	1619.009365	21.407872	-0.011542	2.266117
54.802514	1613.858742	21.412877	-0.011516	2.263192
54.856538	1608.799801	21.417882	-0.011528	2.260344
54.826989	1603.753517	21.422887	-0.011521	2.257485
54.607296	1598.442908	21.427891	-0.011467	2.254437
54.526612	1593.258619	21.432896	-0.011448	2.251482
54.407479	1588.297477	21.437901	-0.011418	2.248643
54.460511	1583.099541	21.442906	-0.011431	2.245698
54.378429	1577.949670	21.447911	-0.011410	2.242750
54.443422	1572.924541	21.452915	-0.011425	2.239898
54.430503	1567.801189	21.457920	-0.011422	2.236971
54.292184	1562.502202	21.462925	-0.011388	2.233917
54.235786	1557.438297	21.467930	-0.011374	2.231008
54.223232	1552.419615	21.472935	-0.011370	2.228130
54.100760	1547.292482	21.477939	-0.011340	2.225165
53.972138	1542.193265	21.482944	-0.011309	2.222211
53.930741	1537.245298	21.487949	-0.011298	2.219357
53.901477	1531.981319	21.492954	-0.011291	2.216319
53.663275	1526.702726	21.497959	-0.011233	2.213229
53.770670	1521.633590	21.502963	-0.011258	2.210321
53.850996	1516.518903	21.507968	-0.011277	2.207377
53.728399	1511.383035	21.512973	-0.011247	2.204380
53.764471	1506.285674	21.517978	-0.011255	2.201430
53.779372	1501.240691	21.522983	-0.011258	2.198503
53.683162	1496.000155	21.527987	-0.011234	2.195437
53.734642	1490.785547	21.532992	-0.011246	2.192410
53.622504	1485.844931	21.537997	-0.011219	2.189507
53.439195	1480.783756	21.543002	-0.011174	2.186517
53.451026	1475.594169	21.548007	-0.011176	2.183484
53.368318	1470.548144	21.553011	-0.011156	2.180514
53.372222	1465.483946	21.558016	-0.011156	2.177545
53.306523	1460.036811	21.563021	-0.011140	2.174334
53.171252	1455.014709	21.568026	-0.011107	2.171355
53.134611	1449.968125	21.573031	-0.011098	2.168376
53.054081	1444.820366	21.578035	-0.011078	2.165325
53.262038	1439.631185	21.583040	-0.011127	2.162301
53.017377	1434.702324	21.588045	-0.011068	2.159339
53.036374	1429.465082	21.593050	-0.011072	2.156242
53.005823	1424.232907	21.598055	-0.011064	2.153133
52.952082	1419.254165	21.603059	-0.011051	2.150166
52.922436	1414.108109	21.608064	-0.011043	2.147100
52.842175	1408.956426	21.613069	-0.011023	2.144017
52.669582	1403.997627	21.618074	-0.010981	2.141025
52.758603	1398.882127	21.623079	-0.011002	2.137988
52.507101	1393.545837	21.628083	-0.010941	2.134747
52.520743	1388.459617	21.633088	-0.010944	2.131703
52.531168	1383.393406	21.638093	-0.010946	2.128666
52.472745	1378.284080	21.643098	-0.010931	2.125586
52.553503	1373.104508	21.648103	-0.010950	2.122486
52.415367	1368.160110	21.653107	-0.010916	2.119480
52.277643	1362.940071	21.658112	-0.010883	2.116303
52.365099	1357.656370	21.663117	-0.010903	2.113128
52.280152	1352.705969	21.668122	-0.010882	2.110116
52.196352	1347.589325	21.673127	-0.010861	2.106998
52.303173	1342.382741	21.678131	-0.010886	2.103860
52.078990	1337.467063	21.683136	-0.010832	2.100828
51.895334	1332.372783	21.688141	-0.010788	2.097690
51.835431	1327.022518	21.693146	-0.010773	2.094416
51.847875	1321.956191	21.698151	-0.010775	2.091326
51.770454	1316.891827	21.703155	-0.010756	2.088214
51.690326	1311.725659	21.708160	-0.010736	2.085034
51.609851	1306.668262	21.713165	-0.010716	2.081916
51.683436	1301.591904	21.718170	-0.010733	2.078813
51.651722	1296.294699	21.723175	-0.010725	2.075548
51.608053	1291.183485	21.728179	-0.010714	2.072390
51.502309	1286.192416	21.733184	-0.010688	2.069289
51.356322	1281.080629	21.738189	-0.010653	2.066100
51.268223	1275.973527	21.743194	-0.010631	2.062921
51.405804	1270.917789	21.748199	-0.010663	2.059815
51.120413	1265.739535	21.753203	-0.010595	2.056542
51.102269	1260.460729	21.758208	-0.010590	2.053256
51.104697	1255.456043	21.763213	-0.010590	2.050139
50.950190	1250.359037	21.768218	-0.010552	2.046928
51.056197	1245.146626	21.773223	-0.010577	2.043693
51.051549	1240.173354	21.778227	-0.010575	2.040581
51.087176	1234.960054	21.783232	-0.010583	2.037321
51.023001	1229.714210	21.788237	-0.010567	2.034015
50.900402	1224.783186	21.793242	-0.010537	2.030889
50.869195	1219.648577	21.798247	-0.010529	2.027649
50.735056	1214.489450	21.803251	-0.010496	2.024367
50.747475	1209.490703	21.808256	-0.010499	2.021212
50.682005	1204.317385	21.813261	-0.010482	2.017925
50.537413	1199.023871	21.818266	-0.010447	2.014540
50.491542	1194.014797	21.823271	-0.010436	2.011350
50.288739	1188.961559	21.828275	-0.010387	2.008095
50.376599	1183.774568	21.833280	-0.010407	2.004810
50.321648	1178.739303	21.838285	-0.010393	2.001586
50.407167	1173.583227	21.843290	-0.010413	1.998310
50.118723	1168.354821	21.848295	-0.010344	1.994902
50.114067	1163.330467	21.853299	-0.010342	1.991680
50.178472	1158.221178	21.858304	-0.010357	1.988414
50.058331	1153.072606	21.863309	-0.010327	1.985076
50.010908	1148.075976	21.868314	-0.010315	1.981847
49.935833	1142.947644	21.873319	-0.010297	1.978521
49.952564	1137.572589	21.878323	-0.010300	1.975051
49.948114	1132.547664	21.883328	-0.010299	1.971796
49.827284	1127.485160	21.888333	-0.010269	1.968486
49.679212	1122.370536	21.893338	-0.010233	1.965131
49.597898	1117.367228	21.898343	-0.010213	1.961857
49.625503	1112.218290	21.903347	-0.010219	1.958506
49.824401	1106.879933	21.908352	-0.010266	1.955064
49.628173	1101.878088	21.913357	-0.010218	1.951749
49.561269	1096.789307	21.918362	-0.010202	1.948400
49.438266	1091.675432	21.923367	-0.010172	1.945016
49.310078	1086.707974	21.928371	-0.010141	1.941721
49.261314	1081.559407	21.933376	-0.010128	1.938319
49.185594	1076.300398	21.938381	-0.010110	1.934832
49.185091	1071.293638	21.943386	-0.010109	1.931522
48.920498	1066.229649	21.948391	-0.010045	1.928110
48.999198	1061.033066	21.953395	-0.010063	1.924681
48.968317	1056.050190	21.958400	-0.010055	1.921363
48.783717	1050.865592	21.963405	-0.010010	1.917870
48.880047	1045.607277	21.968410	-0.010033	1.914385
48.752955	1040.660289	21.973415	-0.010002	1.911051
48.673954	1035.501185	21.978419	-0.009982	1.907580
48.699577	1030.356202	21.983424	-0.009988	1.904136
48.626102	1025.379363	21.988429	-0.009970	1.900777
48.559258	1020.098321	21.993434	-0.009953	1.897208
48.617493	1014.880744	21.998439	-0.009967	1.893704
48.476290	1009.865150	22.003443	-0.009932	1.890284
48.438701	1004.731253	22.008448	-0.009923	1.886801
48.266391	999.692266	22.013453	-0.009881	1.883346
48.319272	994.622920	22.018458	-0.009893	1.879915
48.167769	989.356033	22.023463	-0.009856	1.876297
48.119990	984.310901	22.028467	-0.009844	1.872847
48.013944	979.258770	22.033472	-0.009818	1.869372
48.066963	974.062334	22.038477	-0.009830	1.865828
48.038605	969.047101	22.043482	-0.009823	1.862384
47.888489	963.919674	22.048487	-0.009786	1.858827
47.831448	958.611714	22.053491	-0.009772	1.855161
47.876603	953.585605	22.058496	-0.009782	1.851706
47.716757	948.490608	22.063501	-0.009743	1.848149
47.678093	943.335966	22.068506	-0.009733	1.844572
47.639389	938.343167	22.073511	-0.009724	1.841101
47.529463	933.105473	22.078515	-0.009697	1.837436
47.402339	928.004022	22.083520	-0.009666	1.833854
47.275788	922.988018	22.088525	-0.009635	1.830326
47.224140	917.848945	22.093530	-0.009622	1.826722
47.316136	912.760190	22.098535	-0.009643	1.823180
47.317565	907.613183	22.103539	-0.009643	1.819569
47.178633	902.351221	22.108544	-0.009609	1.815837
47.111281	897.318845	22.113549	-0.009593	1.812275
47.144544	892.161990	22.118554	-0.009600	1.808643
47.080786	887.052541	22.123559	-0.009584	1.805014
46.959227	882.069979	22.128563	-0.009554	1.801454
46.906914	876.841143	22.133568	-0.009541	1.797728
46.785881	871.729071	22.138573	-0.009512	1.794061
46.916188	866.643321	22.143578	-0.009542	1.790466
46.716375	861.522971	22.148583	-0.009494	1.786759
46.699917	856.480072	22.153587	-0.009489	1.783145
46.582136	851.370354	22.158592	-0.009461	1.779450
46.605098	846.046160	22.163597	-0.009465	1.775628
46.586237	841.035808	22.168602	-0.009460	1.772013
46.387554	835.940267	22.173607	-0.009412	1.768286
46.160970	830.888928	22.178611	-0.009357	1.764575
46.317044	825.796995	22.183616	-0.009394	1.760922
46.343297	820.491910	22.188621	-0.009400	1.757075
46.121617	815.503880	22.193626	-0.009346	1.753387
46.134907	810.393509	22.198631	-0.009349	1.749662
45.992255	805.279949	22.203635	-0.009314	1.745887
46.001649	800.256852	22.208640	-0.009316	1.742209
45.794247	795.048320	22.213645	-0.009266	1.738332
45.777590	789.888141	22.218650	-0.009261	1.734530
45.662169	784.859508	22.223655	-0.009233	1.730792
45.527010	779.717842	22.228659	-0.009200	1.726956
45.543123	774.694774	22.233664	-0.009203	1.723239
45.515861	769.508212	22.238669	-0.009196	1.719382
45.494937	764.300736	22.243674	-0.009190	1.715501
45.560846	759.260579	22.248679	-0.009206	1.711759
45.472957	754.096205	22.253683	-0.009184	1.707877
45.431685	749.062246	22.258688	-0.009173	1.704095
45.270230	743.974827	22.263693	-0.009134	1.700234
45.329146	738.636987	22.268698	-0.009148	1.696232
45.158578	733.687130	22.273703	-0.009106	1.692454
45.043769	728.538020	22.278707	-0.009078	1.688531
44.841485	723.526690	22.283712	-0.009029	1.684681
44.908350	718.394349	22.288717	-0.009045	1.680801
44.725320	713.175028	22.293722	-0.009000	1.676779
44.733842	708.146734	22.298727	-0.009002	1.672945
44.621758	703.030604	22.303731	-0.008974	1.669002
44.695312	697.918940	22.308736	-0.008991	1.665103
44.584578	692.871819	22.313741	-0.008964	1.661195
44.621078	687.535675	22.318746	-0.008972	1.657095
44.541492	682.531567	22.323751	-0.008953	1.653209
44.405393	677.408199	22.328755	-0.008920	1.649207
44.352617	672.330594	22.333760	-0.008906	1.645254
44.200373	667.309572	22.338765	-0.008869	1.641308
44.102083	662.060862	22.343770	-0.008845	1.637189
44.054006	657.054379	22.348775	-0.008833	1.633263
44.130906	651.871877	22.353779	-0.008851	1.629224
44.044741	646.824892	22.358784	-0.008830	1.625236
43.859788	641.783523	22.363789	-0.008785	1.621216
43.827369	636.464580	22.368794	-0.008777	1.617009
43.721881	631.452651	22.373799	-0.008751	1.613014
43.802154	626.279716	22.378803	-0.008769	1.608932
43.789802	621.200071	22.383808	-0.008766	1.604889
43.675753	616.117607	22.388813	-0.008738	1.600804
43.482582	610.947272	22.393818	-0.008691	1.596617
43.568833	605.861961	22.398823	-0.008711	1.592566
43.452951	600.732672	22.403827	-0.008683	1.588411
43.328705	595.724719	22.408832	-0.008652	1.584342
43.230422	590.556444	22.413837	-0.008628	1.580140
43.160518	585.352456	22.418842	-0.008611	1.575905
42.966078	580.381855	22.423847	-0.008564	1.571813
42.922521	575.194965	22.428851	-0.008553	1.567578
42.892351	570.198666	22.433856	-0.008545	1.563490
42.916516	564.946576	22.438861	-0.008550	1.559198
42.736635	559.894778	22.443866	-0.008507	1.555000
42.839531	554.765658	22.448871	-0.008531	1.550808
42.654810	549.684611	22.453875	-0.008486	1.546562
42.627680	544.650150	22.458880	-0.008479	1.542388
42.365130	539.400115	22.463885	-0.008415	1.537955
42.534398	534.282286	22.468890	-0.008455	1.533745
42.361602	529.207939	22.473895	-0.008413	1.529460
42.318431	524.131987	22.478899	-0.008402	1.525200
42.217322	519.029640	22.483904	-0.008378	1.520888
42.018003	513.882598	22.488909	-0.008329	1.516498
42.051443	508.821919	22.493914	-0.008337	1.512237
41.978414	503.692374	22.498919	-0.008319	1.507873
42.013074	498.653775	22.503923	-0.008326	1.503607
41.875630	493.405514	22.508928	-0.008293	1.499098
41.803330	488.322082	22.513933	-0.008275	1.494736
41.879029	483.172023	22.518938	-0.008293	1.490349
41.775101	478.115443	22.523943	-0.008267	1.485974
41.578916	473.045526	22.528947	-0.008220	1.481548
41.438717	467.897497	22.533952	-0.008185	1.477057
41.357915	462.879620	22.538957	-0.008166	1.472684
41.378475	457.683032	22.543962	-0.008170	1.468173
41.308375	452.711120	22.548967	-0.008153	1.463817
41.156405	447.439837	22.553971	-0.008116	1.459160
40.997082	442.408808	22.558976	-0.008077	1.454697
41.003905	437.271197	22.563981	-0.008078	1.450178
41.046939	432.164856	22.568986	-0.008088	1.445684
40.860066	427.083670	22.573991	-0.008042	1.441126
40.889795	421.889116	22.578995	-0.008049	1.436521
40.839752	416.830805	22.584000	-0.008036	1.431998
40.767963	411.705023	22.589005	-0.008018	1.427393
40.622673	406.690138	22.594010	-0.007983	1.422849
40.662263	401.392904	22.599015	-0.007992	1.418095
40.479893	396.415096	22.604019	-0.007948	1.413543
40.298698	391.303942	22.609024	-0.007904	1.408856
40.445330	386.211413	22.614029	-0.007938	1.404275
40.295885	381.016051	22.619034	-0.007902	1.399490
40.357828	375.913806	22.624039	-0.007916	1.394843
40.004337	370.898134	22.629043	-0.007831	1.390124
40.040783	365.828692	22.634048	-0.007839	1.385467
39.910088	360.643268	22.639053	-0.007807	1.380632
40.069026	355.435045	22.644058	-0.007845	1.375854
39.922842	350.365363	22.649063	-0.007809	1.371088
39.777205	345.312131	22.654067	-0.007774	1.366320
39.645927	340.204104	22.659072	-0.007742	1.361490
39.465463	335.116112	22.664077	-0.007698	1.356644
39.329080	330.066855	22.669082	-0.007665	1.351833
39.275073	324.991641	22.674087	-0.007651	1.347007
38.987497	319.933842	22.679091	-0.007582	1.342102
39.051980	314.709697	22.684096	-0.007597	1.337139
39.019483	309.618248	22.689101	-0.007588	1.332252
38.916255	304.538187	22.694106	-0.007563	1.327334
38.775669	299.473674	22.699111	-0.007529	1.322399
38.746269	294.297307	22.704115	-0.007521	1.317376
38.905231	289.173053	22.709120	-0.007559	1.312450
38.819993	284.070067	22.714125	-0.007538	1.307441
38.690976	279.013173	22.719130	-0.007506	1.302442
38.408553	273.952033	22.724135	-0.007438	1.297367
38.396515	268.845183	22.729139	-0.007435	1.292321
38.410166	263.715670	22.734144	-0.007437	1.287242
38.157817	258.660292	22.739149	-0.007376	1.282123
38.013972	253.551294	22.744154	-0.007341	1.276968
37.988066	248.465526	22.749159	-0.007334	1.271857
37.808548	243.428466	22.754163	-0.007291	1.266720
37.802468	238.226856	22.759168	-0.007289	1.261458
37.661337	233.142591	22.764173	-0.007254	1.256244
37.522001	228.064092	22.769178	-0.007221	1.251015
37.715356	222.928674	22.774183	-0.007266	1.245828
37.518484	217.761943	22.779187	-0.007219	1.240442
37.456914	212.718696	22.784192	-0.007203	1.235212
37.354038	207.594829	22.789197	-0.007178	1.229860
37.057775	202.643170	22.794202	-0.007107	1.224591
36.973762	197.403134	22.799207	-0.007086	1.219078
36.918156	192.329141	22.804211	-0.007072	1.213725
36.789609	187.259363	22.809216	-0.007041	1.208324
36.591453	182.191539	22.814221	-0.006993	1.202876
36.569630	177.048808	22.819226	-0.006987	1.197390
36.465929	171.963946	22.824231	-0.006961	1.191909
36.398511	166.905208	22.829235	-0.006945	1.186445
36.332127	161.688488	22.834240	-0.006928	1.180785
36.231993	156.643039	22.839245	-0.006904	1.175271
36.156178	151.529795	22.844250	-0.006885	1.169667
36.092590	146.461617	22.849255	-0.006869	1.164089
35.811909	141.372804	22.854259	-0.006801	1.158376
35.753310	136.305133	22.859264	-0.006787	1.152747
35.511683	131.302217	22.864269	-0.006728	1.147088
35.371307	126.123490	22.869274	-0.006694	1.141246
35.303822	121.067636	22.874279	-0.006677	1.135541
35.140739	115.969538	22.879283	-0.006638	1.129721
34.873803	110.955461	22.884288	-0.006573	1.123923
34.828314	105.809374	22.889293	-0.006562	1.118036
34.702640	100.741055	22.894298	-0.006531	1.112174
34.631940	95.684507	22.899303	-0.006514	1.106317
34.328166	90.548439	22.904307	-0.006441	1.100238
34.216008	85.500304	22.909312	-0.006413	1.094310
34.113589	80.416828	22.914317	-0.006388	1.088312
33.985400	75.284423	22.919322	-0.006357	1.082211
33.867801	70.234230	22.924327	-0.006328	1.076179
33.532210	65.237811	22.929331	-0.006247	1.070082
33.417476	60.152703	22.934336	-0.006219	1.063939
33.092048	55.086282	22.939341	-0.006141	1.057692
33.082994	49.953256	22.944346	-0.006138	1.051465
32.884044	44.943521	22.949351	-0.006090	1.045268
32.523991	39.894594	22.954355	-0.006003	1.038914
32.431729	34.821532	22.959360	-0.005980	1.032611
32.162102	29.835598	22.964365	-0.005915	1.026298
31.931446	24.688732	22.969370	-0.005860	1.019761
31.641359	19.692408	22.974375	-0.005790	1.013345
31.304549	14.730104	22.979379	-0.005708	1.006910
30.771293	9.732671	22.984384	-0.005580	1.000296
30.264694	4.822315	22.989389	-0.005459	0.993764
29.425118	0.040219	22.994394	-0.005257	0.987196
19.057295	-1.415498	22.999399	-0.002777	0.980398
