Thu Mar 05 20:18:13 2026

Number of Points = 4598
Depth (nm)	Load (µN)	Time (s)	Disp. Voltage(V)	Force Voltage(V)0.000000	3.999229	0.000000	0.001285	0.980141
0.422637	9.078587	0.005005	0.001184	0.986934
0.516496	14.116281	0.010010	0.001161	0.993473
0.730187	19.143361	0.015014	0.001109	1.000012
0.969814	24.243292	0.020019	0.001051	1.006612
1.064290	29.281574	0.025024	0.001028	1.013025
1.299763	34.310094	0.030029	0.000972	1.019450
1.422596	39.482350	0.035034	0.000942	1.025962
1.744145	44.445117	0.040038	0.000865	1.032263
1.941209	49.489707	0.045043	0.000817	1.038571
2.126746	54.585349	0.050048	0.000772	1.044898
2.231656	59.647232	0.055053	0.000747	1.051111
2.500347	64.666232	0.060058	0.000682	1.057307
2.700471	69.759076	0.065062	0.000634	1.063525
3.027739	74.788791	0.070067	0.000555	1.069687
3.105101	79.882462	0.075072	0.000536	1.075782
3.286692	84.909384	0.080077	0.000492	1.081808
3.535595	89.991459	0.085082	0.000432	1.087895
3.796280	95.007730	0.090086	0.000370	1.093875
3.859310	100.066872	0.095091	0.000354	1.099790
4.033608	105.253772	0.100096	0.000312	1.105867
4.174772	110.273405	0.105101	0.000278	1.111705
4.411210	115.300324	0.110106	0.000221	1.117560
4.398967	120.471426	0.115110	0.000223	1.123446
4.589661	125.514391	0.120115	0.000177	1.129239
4.699129	130.611273	0.125120	0.000151	1.135031
4.966911	135.606004	0.130125	0.000086	1.140743
5.083997	140.794749	0.135130	0.000058	1.146581
5.221144	145.823903	0.140134	0.000025	1.152222
5.354554	150.889343	0.145139	-0.000008	1.157873
5.486243	155.993973	0.150144	-0.000040	1.163539
5.692201	161.035786	0.155149	-0.000089	1.169138
5.760675	166.147168	0.160154	-0.000106	1.174733
5.838172	171.200169	0.165158	-0.000125	1.180241
6.094320	176.354817	0.170163	-0.000187	1.185902
6.232787	181.365101	0.175168	-0.000220	1.191336
6.211888	186.502954	0.180173	-0.000216	1.196821
6.281277	191.608332	0.185178	-0.000233	1.202280
6.611397	196.643295	0.190182	-0.000312	1.207739
6.718201	201.719849	0.195187	-0.000338	1.213133
6.860445	206.760387	0.200192	-0.000373	1.218479
6.788857	212.033636	0.205197	-0.000356	1.223964
6.879466	217.082473	0.210202	-0.000378	1.229252
7.012630	222.183956	0.215206	-0.000410	1.234587
7.043584	227.227651	0.220211	-0.000418	1.239802
7.141121	232.426253	0.225216	-0.000442	1.245179
7.211999	237.475940	0.230221	-0.000459	1.250371
7.557658	242.476812	0.235226	-0.000542	1.255591
7.644335	247.561573	0.240230	-0.000564	1.260781
7.647970	252.791218	0.245235	-0.000565	1.266066
7.819964	257.798245	0.250240	-0.000606	1.271166
8.009016	262.854322	0.255245	-0.000652	1.276300
8.023931	267.982586	0.260250	-0.000656	1.281424
8.212299	273.082846	0.265254	-0.000701	1.286561
8.319347	278.146932	0.270259	-0.000728	1.291614
8.474086	283.204271	0.275264	-0.000765	1.296656
8.586138	288.323863	0.280269	-0.000792	1.301725
8.727804	293.397041	0.285274	-0.000826	1.306740
8.834902	298.457603	0.290278	-0.000853	1.311711
8.919395	303.520649	0.295283	-0.000873	1.316657
8.903415	308.681352	0.300288	-0.000870	1.321645
9.183628	313.734973	0.305293	-0.000937	1.326613
9.194170	318.813378	0.310298	-0.000940	1.331494
9.357791	323.869132	0.315302	-0.000980	1.336387
9.400843	329.023405	0.320307	-0.000990	1.341315
9.618102	334.118473	0.325312	-0.001043	1.346228
9.717574	339.177218	0.330317	-0.001067	1.351049
9.816473	344.254736	0.335322	-0.001091	1.355871
9.943075	349.320516	0.340326	-0.001122	1.360674
9.897240	354.530925	0.345331	-0.001111	1.365537
9.969495	359.585543	0.350336	-0.001129	1.370277
10.197336	364.642437	0.355341	-0.001184	1.375055
10.434069	369.656743	0.360346	-0.001241	1.379779
10.407751	374.957631	0.365350	-0.001235	1.384665
10.338037	380.011030	0.370355	-0.001219	1.389293
10.539491	385.092010	0.375360	-0.001267	1.394018
10.746454	390.080477	0.380365	-0.001317	1.398645
10.752983	395.328875	0.385370	-0.001319	1.403428
10.988925	400.286003	0.390374	-0.001376	1.408005
11.158487	405.391240	0.395379	-0.001417	1.412680
11.158123	410.432461	0.400384	-0.001417	1.417227
11.316103	415.635282	0.405389	-0.001456	1.421955
11.316939	420.763754	0.410394	-0.001456	1.426551
11.421197	425.839687	0.415398	-0.001482	1.431118
11.561944	430.881530	0.420403	-0.001516	1.435651
11.531646	436.012043	0.425408	-0.001509	1.440196
11.767595	441.143593	0.430413	-0.001566	1.444810
11.744707	446.210174	0.435418	-0.001561	1.449271
11.980782	451.277671	0.440422	-0.001618	1.453800
12.071827	456.302195	0.445427	-0.001640	1.458233
12.180683	461.578099	0.450432	-0.001666	1.462877
12.245497	466.599466	0.455437	-0.001682	1.467271
12.222687	471.741527	0.460442	-0.001677	1.471730
12.424636	476.748925	0.465446	-0.001726	1.476127
12.605680	481.860371	0.470451	-0.001770	1.480595
12.682526	486.989092	0.475456	-0.001788	1.485033
12.802963	492.034506	0.480461	-0.001818	1.489399
12.793356	497.179685	0.485466	-0.001816	1.493798
12.907863	502.179158	0.490470	-0.001844	1.498098
13.050494	507.467748	0.495475	-0.001878	1.502639
13.130952	512.476582	0.500480	-0.001898	1.506911
13.189085	517.590932	0.505485	-0.001912	1.511254
13.356657	522.614954	0.510490	-0.001953	1.515540
13.416739	527.738694	0.515494	-0.001967	1.519867
13.531408	532.907013	0.520499	-0.001995	1.524234
13.536299	537.944246	0.525504	-0.001997	1.528447
13.727412	543.050897	0.530509	-0.002043	1.532761
13.910810	548.033132	0.535514	-0.002087	1.536957
13.791623	553.364152	0.540518	-0.002059	1.541343
13.969124	558.408483	0.545523	-0.002102	1.545565
14.091560	563.465615	0.550528	-0.002132	1.549771
14.152417	568.594087	0.555533	-0.002147	1.554006
14.191571	573.609279	0.560538	-0.002157	1.558130
14.273506	578.869188	0.565542	-0.002177	1.562456
14.278790	583.899017	0.570547	-0.002178	1.566561
14.519637	588.956456	0.575552	-0.002236	1.570744
14.607654	594.038424	0.580557	-0.002258	1.574892
14.631270	599.167373	0.585562	-0.002264	1.579050
14.753766	604.384229	0.590566	-0.002294	1.583295
14.879496	609.366354	0.595571	-0.002324	1.587341
14.943091	614.515160	0.600576	-0.002340	1.591493
15.111773	619.530426	0.605581	-0.002380	1.595556
15.161671	624.688079	0.610586	-0.002393	1.599690
15.314622	629.812678	0.615590	-0.002430	1.603815
15.281959	634.890340	0.620595	-0.002422	1.607842
15.310896	640.024140	0.625600	-0.002430	1.611919
15.404837	645.051527	0.630605	-0.002453	1.615921
15.549692	650.250939	0.635610	-0.002488	1.620061
15.679547	655.392948	0.640614	-0.002519	1.624142
15.783490	660.430575	0.645619	-0.002545	1.628124
15.668571	665.614715	0.650624	-0.002517	1.632151
15.824257	670.601568	0.655629	-0.002555	1.636088
16.038993	675.742018	0.660634	-0.002607	1.640151
16.130408	680.857569	0.665638	-0.002629	1.644151
16.190227	685.895835	0.670643	-0.002644	1.648073
16.256619	691.032200	0.675648	-0.002660	1.652063
16.301703	696.063457	0.680653	-0.002671	1.655957
16.473136	701.249869	0.685658	-0.002713	1.659994
16.320893	706.470943	0.690662	-0.002677	1.663963
16.724862	711.403578	0.695667	-0.002774	1.667849
16.682419	716.576338	0.700672	-0.002764	1.671791
16.747044	721.593279	0.705677	-0.002780	1.675633
16.855351	726.757916	0.710682	-0.002806	1.679590
16.925511	731.911785	0.715686	-0.002824	1.683520
17.019904	736.940404	0.720691	-0.002847	1.687352
17.118487	742.061443	0.725696	-0.002871	1.691246
17.192110	747.094768	0.730701	-0.002889	1.695059
17.334527	752.255431	0.735706	-0.002923	1.698976
17.308970	757.526479	0.740710	-0.002917	1.702924
17.371547	762.531960	0.745715	-0.002933	1.706687
17.478947	767.644424	0.750720	-0.002959	1.710533
17.674454	772.651769	0.755725	-0.003006	1.714315
17.729780	777.773689	0.760730	-0.003020	1.718138
17.644126	783.036894	0.765734	-0.003000	1.722020
17.781015	787.989191	0.770739	-0.003033	1.725721
17.908635	793.102475	0.775744	-0.003064	1.729531
18.097776	798.177395	0.780749	-0.003109	1.733319
18.218726	803.193970	0.785754	-0.003139	1.737039
18.130071	808.558959	0.790758	-0.003118	1.740953
18.197694	813.602047	0.795763	-0.003135	1.744663
18.314785	818.669331	0.800768	-0.003163	1.748394
18.512267	823.744199	0.805773	-0.003211	1.752144
18.470539	828.774058	0.810778	-0.003201	1.755793
18.619715	833.981142	0.815782	-0.003237	1.759610
18.719264	839.090501	0.820787	-0.003262	1.763336
18.795246	844.119190	0.825792	-0.003280	1.766991
18.837069	849.291792	0.830797	-0.003291	1.770732
18.967025	854.288494	0.835802	-0.003322	1.774362
19.022900	859.482722	0.840806	-0.003336	1.778107
19.204705	864.701562	0.845811	-0.003380	1.781893
19.245346	869.655799	0.850816	-0.003390	1.785447
19.138236	874.889077	0.855821	-0.003365	1.789157
19.249414	879.948888	0.860826	-0.003392	1.792789
19.461423	884.913873	0.865830	-0.003443	1.796371
19.501112	890.195294	0.870835	-0.003453	1.800129
19.561992	895.232759	0.875840	-0.003468	1.803711
19.640014	900.318445	0.880845	-0.003487	1.807324
19.805577	905.410896	0.885850	-0.003527	1.810955
19.622065	910.518608	0.890854	-0.003483	1.814507
19.841661	915.674077	0.895859	-0.003536	1.818181
20.064310	920.813739	0.900864	-0.003590	1.821838
20.115049	925.826623	0.905869	-0.003603	1.825358
20.153460	930.970438	0.910874	-0.003612	1.828959
20.293573	936.031320	0.915878	-0.003646	1.832520
20.335505	941.066156	0.920883	-0.003657	1.836032
20.516481	946.307810	0.925888	-0.003700	1.839714
20.529850	951.389558	0.930893	-0.003704	1.843238
20.674397	956.432875	0.935898	-0.003739	1.846760
20.602277	961.630816	0.940902	-0.003722	1.850331
20.683404	966.643392	0.945907	-0.003742	1.853804
20.753578	971.794121	0.950912	-0.003759	1.857362
20.950356	977.046405	0.955917	-0.003807	1.861013
20.825079	982.078723	0.960922	-0.003777	1.864431
20.952727	987.203095	0.965926	-0.003808	1.867964
21.113300	992.303238	0.970931	-0.003847	1.871482
21.192553	997.264500	0.975936	-0.003866	1.874880
21.187561	1002.547368	0.980941	-0.003865	1.878471
21.315561	1007.653517	0.985946	-0.003897	1.881965
21.411499	1012.632727	0.990950	-0.003920	1.885360
21.442436	1017.803102	0.995955	-0.003928	1.888863
21.497849	1022.885008	1.000960	-0.003941	1.892306
21.721812	1027.873587	1.005965	-0.003995	1.895717
21.604944	1033.274786	1.010970	-0.003968	1.899323
21.790130	1038.301810	1.015974	-0.004013	1.902739
21.794742	1043.376806	1.020979	-0.004014	1.906140
21.862727	1048.511213	1.025984	-0.004031	1.909589
21.936538	1053.552598	1.030989	-0.004049	1.912971
22.054447	1058.634055	1.035994	-0.004077	1.916384
22.227333	1063.832745	1.040998	-0.004119	1.919881
22.095102	1068.938174	1.046003	-0.004088	1.923242
22.188862	1074.005802	1.051008	-0.004111	1.926622
22.314601	1079.156650	1.056013	-0.004141	1.930058
22.503870	1084.127001	1.061018	-0.004187	1.933383
22.455052	1089.310045	1.066022	-0.004176	1.936790
22.584269	1094.553656	1.071027	-0.004207	1.940270
22.672597	1099.514263	1.076032	-0.004229	1.943549
22.672370	1104.637392	1.081037	-0.004229	1.946909
22.727086	1109.780033	1.086042	-0.004243	1.950288
22.889364	1114.727759	1.091046	-0.004282	1.953558
23.014263	1119.904493	1.096051	-0.004312	1.956964
23.122166	1125.100366	1.101056	-0.004338	1.960372
23.145040	1130.095554	1.106061	-0.004344	1.963625
23.181332	1135.228102	1.111066	-0.004353	1.966966
23.251400	1140.356643	1.116070	-0.004371	1.970305
23.366961	1145.338425	1.121075	-0.004399	1.973553
23.353621	1150.573114	1.126080	-0.004396	1.976932
23.621022	1155.784361	1.131085	-0.004460	1.980350
23.585019	1160.789838	1.136090	-0.004452	1.983564
23.780147	1165.861530	1.141094	-0.004499	1.986866
23.766173	1171.022648	1.146099	-0.004496	1.990174
23.846579	1175.981562	1.151104	-0.004516	1.993368
23.986565	1181.141117	1.156109	-0.004550	1.996698
24.080836	1186.380937	1.161114	-0.004573	2.000063
24.106014	1191.343645	1.166118	-0.004579	2.003232
24.001575	1196.540586	1.171123	-0.004555	2.006517
24.259082	1201.608080	1.176128	-0.004617	2.009791
24.344071	1206.615931	1.181133	-0.004637	2.012986
24.349837	1211.825195	1.186138	-0.004639	2.016286
24.339546	1217.171890	1.191142	-0.004637	2.019664
24.482041	1222.117554	1.196147	-0.004672	2.022816
24.524431	1227.196806	1.201152	-0.004682	2.026026
24.601370	1232.361040	1.206157	-0.004701	2.029292
24.583151	1237.404400	1.211162	-0.004697	2.032457
24.800144	1242.442687	1.216166	-0.004749	2.035662
24.791281	1247.756696	1.221171	-0.004748	2.038988
24.870365	1252.786566	1.226176	-0.004767	2.042149
24.938048	1257.856601	1.231181	-0.004784	2.045329
24.972521	1263.014019	1.236186	-0.004792	2.048550
24.952458	1268.064877	1.241190	-0.004788	2.051690
25.122127	1273.090968	1.246195	-0.004829	2.054848
25.208270	1278.426063	1.251200	-0.004850	2.058175
25.202439	1283.543325	1.256205	-0.004849	2.061344
25.284589	1288.541569	1.261210	-0.004869	2.064452
25.413858	1293.700791	1.266214	-0.004900	2.067664
25.466585	1298.801240	1.271219	-0.004913	2.070820
25.509407	1303.781596	1.276224	-0.004924	2.073895
25.662039	1309.029381	1.281229	-0.004961	2.077151
25.711051	1314.202936	1.286234	-0.004973	2.080337
25.690302	1319.175281	1.291238	-0.004969	2.083380
25.799694	1324.322762	1.296243	-0.004995	2.086552
25.817291	1329.466787	1.301248	-0.005000	2.089698
25.973855	1334.424207	1.306253	-0.005038	2.092754
25.988505	1339.668385	1.311258	-0.005042	2.095952
26.112265	1344.920561	1.316262	-0.005072	2.099171
26.232143	1349.933184	1.321267	-0.005101	2.102239
26.129271	1355.051075	1.326272	-0.005077	2.105323
26.350062	1360.144869	1.331277	-0.005130	2.108451
26.372583	1365.204188	1.336282	-0.005136	2.111515
26.338506	1370.250168	1.341286	-0.005128	2.114555
26.665572	1375.481782	1.346291	-0.005207	2.117774
26.626655	1380.571284	1.351296	-0.005198	2.120830
26.736307	1385.586522	1.356301	-0.005224	2.123866
26.913251	1390.715466	1.361306	-0.005267	2.126980
26.897841	1395.843035	1.366310	-0.005264	2.130050
26.886119	1400.842108	1.371315	-0.005261	2.133040
27.032905	1406.083144	1.376320	-0.005297	2.136201
27.136508	1411.345695	1.381325	-0.005322	2.139362
27.207220	1416.296599	1.386330	-0.005340	2.142326
27.110465	1421.424531	1.391334	-0.005317	2.145359
27.129989	1426.601462	1.396339	-0.005322	2.148439
27.341635	1431.555493	1.401344	-0.005373	2.151420
27.344735	1436.678660	1.406349	-0.005374	2.154456
27.407610	1441.989861	1.411354	-0.005390	2.157611
27.511255	1447.047564	1.416358	-0.005415	2.160620
27.586707	1452.057542	1.421363	-0.005433	2.163591
27.588610	1457.210103	1.426368	-0.005434	2.166627
27.803824	1462.306570	1.431373	-0.005486	2.169667
27.882305	1467.281401	1.436378	-0.005505	2.172605
27.786526	1472.574930	1.441382	-0.005483	2.175693
27.852871	1477.847530	1.446387	-0.005499	2.178795
27.905009	1482.830660	1.451392	-0.005512	2.181721
28.056573	1487.905979	1.456397	-0.005549	2.184716
28.015818	1493.097896	1.461402	-0.005539	2.187738
27.956301	1498.194243	1.466406	-0.005526	2.190696
28.262100	1503.154575	1.471411	-0.005599	2.193641
28.194539	1508.462382	1.476416	-0.005583	2.196713
28.285903	1513.597196	1.481421	-0.005606	2.199710
28.330191	1518.570581	1.486426	-0.005617	2.202601
28.414895	1523.730612	1.491430	-0.005637	2.205604
28.493172	1528.863339	1.496435	-0.005656	2.208585
28.533001	1533.851833	1.501440	-0.005666	2.211472
28.656109	1538.963702	1.506445	-0.005696	2.214442
28.730719	1544.320210	1.511450	-0.005715	2.217540
28.829272	1549.355878	1.516454	-0.005739	2.220453
28.911799	1554.394717	1.521459	-0.005759	2.223362
28.856288	1559.555247	1.526464	-0.005746	2.226310
29.084791	1564.666536	1.531469	-0.005801	2.229280
29.108367	1569.620116	1.536474	-0.005807	2.232117
29.118992	1574.848937	1.541478	-0.005810	2.235105
29.240337	1580.090821	1.546483	-0.005839	2.238118
29.276290	1585.082842	1.551488	-0.005848	2.240968
29.458757	1590.134341	1.556493	-0.005893	2.243875
29.464797	1595.319386	1.561498	-0.005894	2.246822
29.390812	1600.426440	1.566502	-0.005877	2.249707
29.490946	1605.402159	1.571507	-0.005901	2.252545
29.589710	1610.689349	1.576512	-0.005926	2.255555
29.567106	1615.991893	1.581517	-0.005921	2.258548
29.663409	1620.919405	1.586522	-0.005944	2.261347
29.768701	1626.023619	1.591526	-0.005970	2.264244
29.888530	1631.163043	1.596531	-0.005999	2.267159
29.798247	1636.266599	1.601536	-0.005978	2.270013
30.012354	1641.211711	1.606541	-0.006029	2.272829
30.187530	1646.474984	1.611546	-0.006071	2.275813
30.262405	1651.659899	1.616550	-0.006090	2.278731
30.116985	1656.663303	1.621555	-0.006055	2.281504
30.331657	1661.770441	1.626560	-0.006107	2.284396
30.234234	1666.924634	1.631565	-0.006084	2.287255
30.410712	1671.912840	1.636570	-0.006127	2.290067
30.483574	1676.941698	1.641574	-0.006145	2.292880
30.483527	1682.338421	1.646579	-0.006145	2.295880
30.606751	1687.513887	1.651584	-0.006175	2.298776
30.578584	1692.485423	1.656589	-0.006169	2.301528
30.587008	1697.642896	1.661594	-0.006171	2.304387
30.764931	1702.750747	1.666598	-0.006214	2.307244
30.853736	1707.791555	1.671603	-0.006236	2.310045
30.873035	1712.822877	1.676608	-0.006241	2.312825
30.824060	1718.158686	1.681613	-0.006230	2.315758
31.123441	1723.275108	1.686618	-0.006302	2.318627
31.040570	1728.241681	1.691622	-0.006282	2.321343
31.103158	1733.372837	1.696627	-0.006298	2.324172
31.216397	1738.484979	1.701632	-0.006325	2.326996
31.310570	1743.536227	1.706637	-0.006348	2.329780
31.247514	1748.601835	1.711642	-0.006333	2.332541
31.264259	1753.992860	1.716646	-0.006338	2.335491
31.493881	1759.176267	1.721651	-0.006393	2.338360
31.532403	1764.082797	1.726656	-0.006403	2.341042
31.311835	1769.319945	1.731661	-0.006351	2.343856
31.619385	1774.394048	1.736666	-0.006425	2.346669
31.637430	1779.438162	1.741670	-0.006429	2.349412
31.962417	1784.398485	1.746675	-0.006507	2.352160
31.895119	1789.690844	1.751680	-0.006492	2.355017
31.740266	1794.990035	1.756685	-0.006455	2.357859
31.849246	1799.929080	1.761690	-0.006482	2.360548
31.924788	1804.975841	1.766694	-0.006500	2.363287
32.045688	1810.122951	1.771699	-0.006530	2.366084
31.983193	1815.275065	1.776704	-0.006515	2.368849
32.049397	1820.234993	1.781709	-0.006531	2.371530
32.166742	1825.502485	1.786714	-0.006560	2.374382
32.277103	1830.764346	1.791718	-0.006587	2.377226
32.388166	1835.784214	1.796723	-0.006614	2.379937
32.314072	1840.868574	1.801728	-0.006596	2.382648
32.518762	1845.975413	1.806733	-0.006646	2.385415
32.470517	1851.166388	1.811738	-0.006635	2.388181
32.593283	1856.061093	1.816742	-0.006664	2.390815
32.685768	1861.263461	1.821747	-0.006687	2.393604
32.681610	1866.567634	1.826752	-0.006686	2.396429
32.694545	1871.661558	1.831757	-0.006690	2.399141
32.886196	1876.579840	1.836762	-0.006736	2.401787
33.040562	1881.687870	1.841766	-0.006773	2.404524
33.004626	1886.890203	1.846771	-0.006765	2.407276
32.998302	1891.882673	1.851776	-0.006764	2.409919
33.081037	1896.998654	1.856781	-0.006784	2.412639
33.268289	1902.354993	1.861786	-0.006830	2.415501
33.218137	1907.539340	1.866790	-0.006818	2.418228
33.298390	1912.452880	1.871795	-0.006838	2.420832
33.245920	1917.627997	1.876800	-0.006825	2.423549
33.274943	1922.768672	1.881805	-0.006833	2.426258
33.363712	1927.838336	1.886810	-0.006855	2.428936
33.548000	1932.793129	1.891814	-0.006899	2.431567
33.512748	1938.111713	1.896819	-0.006891	2.434350
33.566118	1943.347651	1.901824	-0.006904	2.437101
33.722301	1948.275671	1.906829	-0.006942	2.439704
33.725045	1953.396532	1.911834	-0.006943	2.442381
33.828516	1958.516511	1.916838	-0.006968	2.445070
33.765015	1963.693104	1.921843	-0.006953	2.447759
33.819676	1968.612469	1.926848	-0.006967	2.450330
34.060536	1973.721782	1.931853	-0.007025	2.453028
34.120069	1979.133538	1.936858	-0.007040	2.455850
34.156016	1984.220159	1.941862	-0.007049	2.458496
34.128354	1989.205406	1.946867	-0.007042	2.461077
34.260485	1994.353872	1.951872	-0.007075	2.463765
34.251288	1999.515146	1.956877	-0.007073	2.466434
34.353943	2004.521613	1.961882	-0.007098	2.469039
34.381764	2009.567413	1.966886	-0.007105	2.471648
34.463387	2014.856705	1.971891	-0.007125	2.474390
34.629124	2020.019225	1.976896	-0.007165	2.477076
34.526235	2025.041319	1.981901	-0.007141	2.479644
34.636207	2030.146701	1.986906	-0.007167	2.482287
34.695688	2035.283074	1.991910	-0.007182	2.484934
34.870479	2040.358545	1.996915	-0.007224	2.487566
34.796914	2045.328296	2.001920	-0.007207	2.490101
34.970887	2050.498941	2.006925	-0.007249	2.492776
35.067247	2055.907401	2.011930	-0.007273	2.495557
35.010069	2061.002574	2.016934	-0.007259	2.498151
35.145854	2065.973470	2.021939	-0.007292	2.500710
35.107008	2071.134072	2.026944	-0.007283	2.503334
35.083475	2076.333024	2.031949	-0.007278	2.505978
35.248272	2081.358554	2.036954	-0.007318	2.508561
35.270216	2086.355693	2.041958	-0.007324	2.511104
35.467099	2091.591511	2.046963	-0.007371	2.513793
35.308070	2096.864412	2.051968	-0.007334	2.516442
35.547237	2101.833600	2.056973	-0.007391	2.518997
35.488002	2106.918750	2.061978	-0.007377	2.521561
35.561071	2112.066246	2.066982	-0.007395	2.524175
35.621918	2117.243007	2.071987	-0.007410	2.526799
35.809566	2122.144754	2.076992	-0.007456	2.529302
35.707045	2127.243271	2.081997	-0.007432	2.531855
35.661744	2132.736429	2.087002	-0.007421	2.534614
35.868623	2137.838289	2.092006	-0.007471	2.537212
35.864494	2142.779513	2.097011	-0.007470	2.539695
35.949163	2147.909054	2.102016	-0.007491	2.542283
36.081723	2153.036232	2.107021	-0.007523	2.544874
36.092578	2158.190096	2.112026	-0.007526	2.547458
35.986363	2163.177816	2.117030	-0.007501	2.549937
36.176723	2168.353370	2.122035	-0.007547	2.552554
36.365890	2173.608515	2.127040	-0.007593	2.555208
36.384870	2178.701025	2.132045	-0.007598	2.557752
36.472021	2183.694564	2.137050	-0.007619	2.560254
36.531681	2188.822574	2.142054	-0.007634	2.562816
36.428699	2194.015890	2.147059	-0.007610	2.565384
36.531648	2199.072063	2.152064	-0.007635	2.567912
36.639066	2204.078735	2.157069	-0.007661	2.570414
36.690536	2209.354747	2.162074	-0.007674	2.573039
36.816875	2214.598653	2.167078	-0.007704	2.575656
36.842224	2219.613952	2.172083	-0.007711	2.578142
37.035497	2224.552824	2.177088	-0.007757	2.580614
36.873004	2229.785359	2.182093	-0.007719	2.583174
37.103322	2234.882158	2.187098	-0.007774	2.585724
36.976459	2239.941981	2.192102	-0.007744	2.588200
37.061255	2244.981292	2.197107	-0.007765	2.590695
37.308801	2250.176830	2.202112	-0.007825	2.593289
37.155360	2255.467866	2.207117	-0.007789	2.595866
37.294279	2260.464631	2.212122	-0.007822	2.598341
37.419177	2265.484214	2.217126	-0.007852	2.600823
37.198932	2270.740144	2.222131	-0.007800	2.603366
37.515644	2275.795361	2.227136	-0.007876	2.605889
37.447860	2280.833720	2.232141	-0.007861	2.608343
37.503189	2285.912648	2.237146	-0.007874	2.610834
37.590869	2291.261642	2.242150	-0.007896	2.613459
37.723494	2296.483870	2.247155	-0.007928	2.616026
37.798681	2301.446171	2.252160	-0.007946	2.618455
37.698134	2306.544368	2.257165	-0.007923	2.620922
37.854433	2311.675571	2.262170	-0.007960	2.623441
37.884850	2316.817709	2.267174	-0.007968	2.625945
38.076395	2321.734230	2.272179	-0.008014	2.628360
38.000002	2326.826827	2.277184	-0.007997	2.630819
38.145077	2332.137432	2.282189	-0.008032	2.633413
38.194746	2337.324631	2.287194	-0.008044	2.635932
38.200534	2342.298634	2.292198	-0.008046	2.638338
38.284283	2347.355929	2.297203	-0.008066	2.640794
38.318900	2352.547757	2.302208	-0.008075	2.643305
38.359013	2357.713726	2.307213	-0.008085	2.645803
38.448722	2362.695802	2.312218	-0.008107	2.648216
38.463219	2367.772780	2.317222	-0.008111	2.650662
38.452854	2373.206861	2.322227	-0.008109	2.653274
38.471465	2378.425565	2.327232	-0.008114	2.655784
38.556222	2383.398814	2.332237	-0.008134	2.658184
38.703909	2388.418750	2.337242	-0.008170	2.660613
38.756437	2393.590818	2.342246	-0.008183	2.663099
38.972767	2398.703794	2.347251	-0.008235	2.665577
38.911001	2403.729474	2.352256	-0.008221	2.667972
38.905593	2408.787689	2.357261	-0.008220	2.670388
39.001039	2414.081042	2.362266	-0.008243	2.672929
39.069834	2419.284062	2.367270	-0.008260	2.675420
39.047880	2424.261770	2.372275	-0.008255	2.677789
39.152644	2429.286956	2.377280	-0.008281	2.680196
39.240057	2434.440811	2.382285	-0.008302	2.682660
39.273677	2439.586102	2.387290	-0.008310	2.685110
39.260115	2444.651000	2.392294	-0.008308	2.687513
39.431472	2449.636357	2.397299	-0.008349	2.689902
39.458317	2454.946591	2.402304	-0.008356	2.692422
39.455014	2460.253742	2.407309	-0.008356	2.694935
39.582105	2465.275669	2.412314	-0.008386	2.697328
39.579343	2470.308159	2.417318	-0.008386	2.699706
39.541246	2475.506523	2.422323	-0.008377	2.702155
39.709314	2480.613825	2.427328	-0.008418	2.704589
39.656001	2485.713496	2.432333	-0.008406	2.706985
39.854152	2490.640634	2.437338	-0.008454	2.709333
39.804778	2495.898729	2.442342	-0.008442	2.711800
39.729715	2501.238397	2.447347	-0.008425	2.714300
39.888882	2506.283228	2.452352	-0.008463	2.716691
39.923550	2511.261429	2.457357	-0.008472	2.719032
40.087214	2516.398461	2.462362	-0.008511	2.721464
39.963534	2521.588265	2.467366	-0.008482	2.723877
40.180809	2526.662466	2.472371	-0.008535	2.726283
40.194351	2531.610550	2.477376	-0.008538	2.728598
40.306655	2536.722479	2.482381	-0.008566	2.731002
40.355075	2542.183285	2.487386	-0.008578	2.733558
40.377020	2547.327613	2.492390	-0.008583	2.735960
40.403100	2552.234588	2.497395	-0.008590	2.738250
40.531015	2557.342692	2.502400	-0.008621	2.740646
40.558087	2562.526403	2.507405	-0.008628	2.743061
40.515822	2567.697752	2.512410	-0.008618	2.745458
40.701870	2572.592251	2.517414	-0.008663	2.747756
40.641663	2577.740759	2.522419	-0.008649	2.750137
40.782554	2583.037247	2.527424	-0.008683	2.752611
40.821996	2588.211657	2.532429	-0.008693	2.755013
40.964967	2593.186967	2.537434	-0.008728	2.757335
40.850988	2598.284240	2.542438	-0.008701	2.759675
41.009062	2603.419777	2.547443	-0.008739	2.762069
40.963019	2608.573863	2.552448	-0.008729	2.764442
41.094096	2613.613318	2.557453	-0.008760	2.766784
41.131931	2618.644142	2.562458	-0.008770	2.769107
41.080784	2623.917318	2.567462	-0.008758	2.771527
41.168131	2629.278229	2.572467	-0.008779	2.774005
41.341609	2634.309166	2.577472	-0.008821	2.776340
41.480815	2639.229430	2.582477	-0.008855	2.778619
41.405721	2644.435873	2.587482	-0.008837	2.780997
41.368147	2649.580421	2.592486	-0.008829	2.783350
41.524808	2654.659486	2.597491	-0.008867	2.785697
41.571227	2659.580356	2.602496	-0.008878	2.787956
41.804954	2664.651304	2.607501	-0.008935	2.790306
41.620385	2670.099938	2.612506	-0.008891	2.792770
41.682181	2675.261462	2.617510	-0.008906	2.795134
41.752641	2680.205679	2.622515	-0.008923	2.797399
41.752063	2685.327079	2.627520	-0.008924	2.799732
41.867740	2690.451343	2.632525	-0.008952	2.802081
41.794972	2695.647949	2.637530	-0.008935	2.804435
41.820572	2700.670067	2.642534	-0.008941	2.806722
42.007342	2705.681076	2.647539	-0.008986	2.809022
42.001916	2710.991080	2.652544	-0.008986	2.811431
42.080377	2716.331201	2.657549	-0.009005	2.813863
42.099778	2721.409327	2.662554	-0.009010	2.816166
42.268289	2726.325593	2.667558	-0.009051	2.818414
42.321528	2731.477279	2.672563	-0.009064	2.820751
42.241621	2736.691088	2.677568	-0.009045	2.823097
42.334121	2741.801782	2.682573	-0.009068	2.825417
42.409912	2746.702880	2.687578	-0.009086	2.827638
42.490358	2751.818495	2.692582	-0.009106	2.829955
42.603512	2757.180436	2.697587	-0.009133	2.832385
42.694675	2762.341134	2.702592	-0.009155	2.834720
42.682385	2767.323951	2.707597	-0.009153	2.836959
42.714492	2772.347723	2.712602	-0.009161	2.839220
42.948011	2777.440305	2.717606	-0.009217	2.841538
42.944920	2782.619706	2.722611	-0.009217	2.843861
42.795570	2787.708904	2.727616	-0.009182	2.846122
42.809625	2792.740995	2.732621	-0.009185	2.848378
43.022249	2797.945796	2.737626	-0.009237	2.850735
43.071217	2803.325805	2.742630	-0.009249	2.853147
42.973433	2808.491136	2.747635	-0.009226	2.855442
43.142992	2813.345293	2.752640	-0.009267	2.857631
43.113981	2818.511197	2.757645	-0.009260	2.859932
43.169161	2823.693104	2.762650	-0.009274	2.862249
43.327877	2828.783804	2.767654	-0.009312	2.864536
43.405875	2833.768142	2.772659	-0.009332	2.866765
43.319598	2838.886463	2.777664	-0.009311	2.869029
43.442250	2844.144026	2.782669	-0.009341	2.871381
43.508935	2849.412412	2.787674	-0.009357	2.873729
43.634821	2854.427802	2.792678	-0.009388	2.875969
43.636607	2859.425497	2.797683	-0.009389	2.878185
43.608299	2864.612092	2.802688	-0.009382	2.880478
43.744884	2869.758391	2.807693	-0.009416	2.882773
43.878816	2874.884200	2.812698	-0.009448	2.885057
43.874379	2879.770169	2.817702	-0.009447	2.887215
43.956846	2884.913977	2.822707	-0.009468	2.889497
43.907373	2890.447803	2.827712	-0.009456	2.891932
43.855100	2895.647665	2.832717	-0.009444	2.894217
44.089791	2900.604599	2.837722	-0.009501	2.896430
44.032736	2905.588959	2.842726	-0.009487	2.898616
44.052012	2910.755215	2.847731	-0.009492	2.900891
44.164145	2915.922100	2.852736	-0.009520	2.903176
44.298192	2920.960151	2.857741	-0.009552	2.905405
44.228243	2925.930882	2.862746	-0.009536	2.907577
44.254649	2931.097559	2.867750	-0.009543	2.909845
44.355086	2936.472177	2.872755	-0.009567	2.912212
44.426567	2941.616977	2.877760	-0.009585	2.914473
44.495413	2946.521639	2.882765	-0.009601	2.916627
44.609714	2951.632645	2.887770	-0.009629	2.918875
44.709641	2956.753938	2.892774	-0.009654	2.921124
44.680487	2961.906430	2.897779	-0.009647	2.923369
44.690010	2966.976509	2.902784	-0.009650	2.925581
44.843777	2971.937905	2.907789	-0.009687	2.927762
44.762150	2977.208304	2.912794	-0.009668	2.930046
44.827677	2982.631381	2.917798	-0.009684	2.932414
44.902782	2987.788116	2.922803	-0.009702	2.934665
44.900995	2992.656027	2.927808	-0.009702	2.936779
44.905478	2997.795467	2.932813	-0.009704	2.939010
45.090624	3002.953150	2.937818	-0.009749	2.941270
45.314786	3008.022969	2.942822	-0.009803	2.943495
45.100114	3013.153475	2.947827	-0.009752	2.945690
45.332439	3018.089430	2.952832	-0.009808	2.947855
45.128808	3023.377342	2.957837	-0.009759	2.950116
45.279407	3028.687649	2.962842	-0.009796	2.952430
45.277893	3033.830208	2.967846	-0.009796	2.954650
45.356277	3038.711234	2.972851	-0.009815	2.956765
45.562172	3043.751984	2.977856	-0.009865	2.958964
45.641005	3048.924289	2.982861	-0.009884	2.961201
45.672062	3054.100422	2.987866	-0.009892	2.963433
45.603376	3059.131098	2.992870	-0.009876	2.965589
45.680201	3064.154333	2.997875	-0.009895	2.967757
45.708005	3069.403242	3.002880	-0.009902	2.970015
45.842998	3074.799480	3.007885	-0.009934	2.972348
45.833685	3079.972464	3.012890	-0.009933	2.974565
45.837303	3084.880328	3.017894	-0.009934	2.976668
45.941211	3090.035106	3.022899	-0.009959	2.978888
45.948332	3095.247634	3.027904	-0.009961	2.981120
45.972304	3100.374541	3.032909	-0.009967	2.983315
46.102215	3105.382239	3.037914	-0.009999	2.985470
46.181512	3110.373639	3.042918	-0.010018	2.987611
46.103781	3115.537032	3.047923	-0.010000	2.989805
46.101566	3120.885625	3.052928	-0.010000	2.992085
46.286600	3125.941685	3.057933	-0.010045	2.994261
46.318984	3130.868067	3.062938	-0.010053	2.996362
46.403775	3135.973182	3.067942	-0.010074	2.998544
46.466250	3141.137612	3.072947	-0.010089	3.000747
46.338676	3146.349483	3.077952	-0.010059	3.002945
46.471060	3151.358229	3.082957	-0.010091	3.005087
46.539544	3156.341595	3.087962	-0.010108	3.007209
46.582141	3161.559099	3.092966	-0.010118	3.009426
46.638792	3167.013186	3.097971	-0.010132	3.011743
46.728842	3172.164656	3.102976	-0.010154	3.013934
46.567969	3177.099948	3.107981	-0.010116	3.016002
46.771947	3182.149683	3.112986	-0.010165	3.018160
46.744624	3187.366113	3.117990	-0.010159	3.020360
46.940333	3192.472262	3.122995	-0.010207	3.022538
46.960991	3197.579032	3.128000	-0.010212	3.024695
46.911435	3202.525481	3.133005	-0.010201	3.026773
47.009187	3207.680701	3.138010	-0.010224	3.028956
47.028667	3213.058427	3.143014	-0.010229	3.031221
47.125444	3218.204496	3.148019	-0.010253	3.033396
47.206040	3223.167108	3.153024	-0.010273	3.035491
47.102280	3228.255006	3.158029	-0.010248	3.037616
47.356609	3233.413091	3.163034	-0.010310	3.039810
47.431588	3238.524925	3.168038	-0.010328	3.041962
47.369310	3243.709567	3.173043	-0.010313	3.044127
47.317366	3248.662258	3.178048	-0.010301	3.046195
47.369379	3253.786122	3.183053	-0.010314	3.048345
47.378689	3259.280402	3.188058	-0.010317	3.050644
47.671437	3264.405519	3.193062	-0.010387	3.052819
47.730289	3269.399578	3.198067	-0.010402	3.054911
47.646513	3274.425851	3.203072	-0.010382	3.056999
47.627820	3279.585582	3.208077	-0.010378	3.059148
47.888701	3284.697597	3.213082	-0.010441	3.061308
47.828191	3289.865079	3.218086	-0.010427	3.063453
47.865808	3294.817287	3.223091	-0.010436	3.065518
47.878932	3299.905134	3.228096	-0.010440	3.067635
48.054847	3305.143398	3.233101	-0.010483	3.069832
48.119004	3310.448322	3.238106	-0.010498	3.072042
47.925273	3315.628913	3.243110	-0.010452	3.074169
48.125507	3320.461969	3.248115	-0.010501	3.076196
48.201252	3325.623224	3.253120	-0.010519	3.078343
48.204692	3330.796973	3.258125	-0.010521	3.080486
48.176821	3335.986827	3.263130	-0.010514	3.082630
48.400273	3340.946337	3.268134	-0.010568	3.084707
48.184569	3346.022554	3.273139	-0.010517	3.086779
48.372200	3351.221212	3.278144	-0.010562	3.088948
48.362018	3356.670149	3.283149	-0.010560	3.091195
48.519374	3361.791652	3.288154	-0.010598	3.093325
48.625551	3366.686934	3.293158	-0.010624	3.095354
48.563215	3371.797639	3.298163	-0.010610	3.097451
48.710392	3376.964384	3.303168	-0.010645	3.099594
48.627103	3382.069651	3.308173	-0.010626	3.101684
48.686213	3387.228479	3.313178	-0.010640	3.103811
48.742179	3392.103520	3.318182	-0.010654	3.105819
48.775849	3397.286223	3.323187	-0.010663	3.107950
48.908336	3402.627877	3.328192	-0.010695	3.110156
48.964104	3407.847555	3.333197	-0.010709	3.112301
49.086613	3412.870886	3.338202	-0.010738	3.114372
48.990995	3417.848095	3.343206	-0.010716	3.116398
49.031238	3423.013883	3.348211	-0.010726	3.118516
49.133854	3428.181235	3.353216	-0.010751	3.120639
49.205797	3433.245935	3.358221	-0.010768	3.122716
49.184356	3438.248016	3.363226	-0.010764	3.124755
49.071050	3443.307811	3.368230	-0.010737	3.126806
49.450519	3448.506102	3.373235	-0.010828	3.128968
49.451034	3453.941488	3.378240	-0.010829	3.131182
49.465027	3459.063977	3.383245	-0.010833	3.133269
49.434869	3463.995539	3.388250	-0.010826	3.135272
49.416009	3469.139918	3.393254	-0.010822	3.137361
49.577855	3474.252574	3.398259	-0.010861	3.139456
49.599579	3479.421119	3.403264	-0.010866	3.141557
49.705394	3484.504575	3.408269	-0.010892	3.143631
49.771443	3489.435991	3.413274	-0.010908	3.145638
49.692332	3494.617029	3.418278	-0.010890	3.147729
49.805451	3499.931472	3.423283	-0.010917	3.149893
49.680277	3505.226275	3.428288	-0.010888	3.152022
49.887381	3510.205596	3.433293	-0.010938	3.154058
49.899286	3515.149795	3.438298	-0.010941	3.156057
49.900294	3520.334427	3.443302	-0.010942	3.158151
49.946957	3525.483681	3.448307	-0.010953	3.160235
50.037353	3530.623600	3.453312	-0.010975	3.162318
50.184834	3535.596354	3.458317	-0.011011	3.164338
50.279102	3540.650484	3.463322	-0.011034	3.166384
50.225153	3545.878797	3.468326	-0.011022	3.168483
50.153066	3551.369381	3.473331	-0.011005	3.170684
50.418105	3556.465541	3.478336	-0.011069	3.172761
50.277942	3561.401386	3.483341	-0.011035	3.174729
50.433922	3566.505208	3.488346	-0.011073	3.176795
50.323369	3571.685911	3.493350	-0.011047	3.178862
50.426877	3576.814681	3.498355	-0.011072	3.180929
50.559692	3581.994182	3.503360	-0.011105	3.183019
50.639873	3586.834285	3.508365	-0.011124	3.184966
50.565442	3591.987932	3.513370	-0.011107	3.187020
50.666591	3597.288406	3.518374	-0.011131	3.189151
50.625713	3602.573276	3.523379	-0.011122	3.191259
50.854687	3607.665486	3.528384	-0.011177	3.193317
50.850107	3612.558525	3.533389	-0.011177	3.195270
50.861202	3617.685949	3.538394	-0.011180	3.197316
51.003644	3622.889114	3.543398	-0.011214	3.199406
50.875064	3628.066593	3.548403	-0.011184	3.201455
51.014446	3633.151115	3.553408	-0.011218	3.203494
50.987726	3638.119919	3.558413	-0.011212	3.205468
51.033932	3643.263651	3.563418	-0.011223	3.207518
51.202684	3648.647864	3.568422	-0.011264	3.209676
51.216659	3653.789827	3.573427	-0.011268	3.211719
51.267115	3658.859094	3.578432	-0.011280	3.213736
51.175924	3663.830500	3.583437	-0.011259	3.215698
51.359596	3668.942548	3.588442	-0.011303	3.217744
51.479047	3674.124952	3.593446	-0.011332	3.219809
51.523221	3679.238757	3.598451	-0.011343	3.221838
51.573687	3684.294898	3.603456	-0.011356	3.223844
51.514622	3689.263691	3.608461	-0.011342	3.225802
51.605031	3694.463905	3.613466	-0.011364	3.227866
51.522529	3699.883350	3.618470	-0.011345	3.229997
51.803755	3704.967746	3.623475	-0.011412	3.232034
51.702729	3709.977838	3.628480	-0.011389	3.233999
51.756851	3714.995928	3.633485	-0.011402	3.235982
51.783439	3720.178348	3.638490	-0.011409	3.238026
51.775059	3725.355205	3.643494	-0.011407	3.240063
51.989674	3730.453155	3.648499	-0.011459	3.242091
51.948510	3735.434825	3.653504	-0.011449	3.244045
52.024469	3740.490570	3.658509	-0.011468	3.246039
52.009791	3745.763872	3.663514	-0.011465	3.248108
52.136078	3751.188163	3.668518	-0.011496	3.250250
52.251600	3756.272531	3.673523	-0.011524	3.252256
52.258318	3761.207551	3.678528	-0.011526	3.254190
52.173876	3766.340559	3.683533	-0.011506	3.256192
52.191650	3771.506770	3.688538	-0.011511	3.258216
52.113631	3776.698638	3.693542	-0.011492	3.260239
52.299691	3781.791115	3.698547	-0.011537	3.262249
52.259619	3786.757817	3.703552	-0.011528	3.264185
52.442834	3791.770164	3.708557	-0.011572	3.266161
52.493191	3796.927544	3.713562	-0.011585	3.268179
52.571018	3802.243363	3.718566	-0.011604	3.270260
52.648670	3807.390364	3.723571	-0.011623	3.272274
52.510765	3812.380760	3.728576	-0.011590	3.274204
52.693401	3817.390495	3.733581	-0.011634	3.276173
52.737155	3822.587221	3.738586	-0.011645	3.278199
52.886415	3827.667515	3.743590	-0.011681	3.280190
52.739411	3832.891692	3.748595	-0.011647	3.282204
52.914567	3837.768726	3.753600	-0.011689	3.284116
52.886426	3842.892634	3.758605	-0.011683	3.286102
52.815689	3848.292637	3.763610	-0.011666	3.288189
52.979965	3853.594137	3.768614	-0.011706	3.290261
53.055063	3858.755834	3.773619	-0.011724	3.292268
53.158264	3863.593802	3.778624	-0.011749	3.294151
53.099799	3868.739783	3.783629	-0.011736	3.296136
53.201603	3873.898851	3.788634	-0.011761	3.298141
53.188932	3879.046175	3.793638	-0.011758	3.300129
53.202501	3884.236547	3.798643	-0.011762	3.302135
53.411375	3889.068492	3.803648	-0.011812	3.304021
53.315986	3894.243654	3.808653	-0.011790	3.306008
53.436892	3899.486203	3.813658	-0.011819	3.308041
53.609801	3904.733685	3.818662	-0.011861	3.310081
53.563118	3909.933799	3.823667	-0.011850	3.312078
53.641642	3914.789088	3.828672	-0.011869	3.313954
53.627192	3919.894187	3.833677	-0.011866	3.315916
53.773752	3925.061394	3.838682	-0.011902	3.317917
53.772255	3930.183824	3.843686	-0.011902	3.319885
53.836595	3935.332616	3.848691	-0.011918	3.321868
53.938161	3940.287493	3.853696	-0.011942	3.323779
53.898117	3945.419367	3.858701	-0.011933	3.325743
53.892044	3950.749863	3.863706	-0.011932	3.327785
53.973693	3956.137210	3.868710	-0.011952	3.329856
54.007207	3961.262363	3.873715	-0.011961	3.331821
54.057028	3966.193600	3.878720	-0.011973	3.333713
54.026847	3971.264658	3.883725	-0.011966	3.335648
54.206332	3976.407036	3.888730	-0.012009	3.337631
54.190323	3981.589110	3.893734	-0.012006	3.339608
54.129966	3986.761325	3.898739	-0.011992	3.341576
54.319236	3991.676268	3.903744	-0.012038	3.343469
54.246193	3996.758638	3.908749	-0.012021	3.345399
54.458915	4001.941238	3.913754	-0.012072	3.347395
54.458510	4007.300905	3.918758	-0.012072	3.349436
54.397369	4012.485210	3.923763	-0.012058	3.351402
54.442936	4017.475469	3.928768	-0.012069	3.353304
54.517151	4022.465201	3.933773	-0.012088	3.355208
54.653655	4027.637197	3.938778	-0.012121	3.357186
54.655460	4032.833475	3.943782	-0.012122	3.359159
54.710003	4037.947437	3.948787	-0.012135	3.361105
54.692425	4042.993419	3.953792	-0.012131	3.363016
54.648930	4048.016880	3.958797	-0.012121	3.364916
54.894709	4053.149196	3.963802	-0.012181	3.366884
54.790428	4058.736300	3.968806	-0.012156	3.368988
54.825361	4063.855563	3.973811	-0.012165	3.370928
54.903931	4068.883838	3.978816	-0.012184	3.372837
54.889785	4073.847360	3.983821	-0.012181	3.374711
54.936123	4079.007954	3.988826	-0.012193	3.376665
55.163789	4084.094673	3.993830	-0.012247	3.378607
55.161238	4089.279771	3.998835	-0.012247	3.380563
55.154818	4094.333023	4.003840	-0.012246	3.382467
55.157941	4099.282212	4.008845	-0.012247	3.384332
55.154314	4104.482177	4.013850	-0.012247	3.386290
55.307453	4109.844512	4.018854	-0.012284	3.388323
55.419563	4114.997410	4.023859	-0.012311	3.390272
55.510955	4120.067298	4.028864	-0.012333	3.392187
55.395636	4125.004042	4.033869	-0.012306	3.394030
55.541365	4130.129586	4.038874	-0.012342	3.395969
55.573127	4135.354971	4.043878	-0.012350	3.397933
55.704989	4140.454292	4.048883	-0.012382	3.399858
55.620455	4145.642408	4.053888	-0.012362	3.401795
55.763661	4150.449597	4.058893	-0.012396	3.403610
55.747644	4155.652418	4.063898	-0.012393	3.405556
55.818842	4161.023492	4.068902	-0.012410	3.407573
55.781409	4166.394031	4.073907	-0.012402	3.409578
55.737182	4171.583985	4.078912	-0.012392	3.411514
55.862643	4176.357860	4.083917	-0.012422	3.413309
55.955344	4181.481456	4.088922	-0.012445	3.415231
55.967380	4186.694826	4.093926	-0.012448	3.417178
55.989377	4191.831576	4.098931	-0.012454	3.419096
56.025826	4196.971695	4.103936	-0.012463	3.421015
56.141451	4201.879790	4.108941	-0.012491	3.422854
56.141472	4206.967008	4.113946	-0.012491	3.424749
56.143943	4212.182293	4.118950	-0.012492	3.426690
56.167507	4217.418639	4.123955	-0.012499	3.428639
56.385679	4222.521582	4.128960	-0.012551	3.430557
56.351316	4227.528208	4.133965	-0.012543	3.432413
56.334739	4232.596899	4.138970	-0.012540	3.434294
56.414138	4237.695985	4.143974	-0.012559	3.436194
56.540247	4242.839028	4.148979	-0.012590	3.438113
56.542356	4248.052908	4.153984	-0.012591	3.440046
56.560336	4253.094546	4.158989	-0.012595	3.441915
56.517467	4258.081088	4.163994	-0.012586	3.443758
56.724068	4263.216752	4.168998	-0.012635	3.445678
56.635974	4268.741235	4.174003	-0.012615	3.447712
56.628249	4274.018658	4.179008	-0.012613	3.449662
56.823023	4279.070808	4.184013	-0.012660	3.451547
56.975165	4283.867698	4.189018	-0.012697	3.453333
56.850645	4289.092939	4.194022	-0.012668	3.455249
56.881789	4294.226401	4.199027	-0.012676	3.457146
56.880992	4299.428420	4.204032	-0.012676	3.459063
56.855976	4304.604724	4.209037	-0.012670	3.460968
56.980504	4309.510973	4.214042	-0.012701	3.462786
57.017256	4314.580437	4.219046	-0.012710	3.464655
56.967910	4319.824765	4.224051	-0.012698	3.466580
57.200969	4325.140542	4.229056	-0.012755	3.468556
57.288921	4330.310928	4.234061	-0.012776	3.470463
57.245759	4335.277589	4.239066	-0.012766	3.472283
57.221725	4340.312614	4.244070	-0.012761	3.474129
57.293636	4345.460534	4.249075	-0.012779	3.476024
57.287920	4350.658181	4.254080	-0.012778	3.477929
57.512424	4355.734004	4.259085	-0.012832	3.479810
57.411968	4360.855537	4.264090	-0.012808	3.481676
57.448995	4365.793198	4.269094	-0.012817	3.483487
57.419894	4370.971214	4.274099	-0.012811	3.485379
57.655609	4376.382452	4.279104	-0.012868	3.487379
57.655853	4381.646031	4.284109	-0.012868	3.489302
57.638371	4386.840026	4.289114	-0.012864	3.491198
57.717693	4391.674536	4.294118	-0.012884	3.492970
57.715519	4396.809364	4.299123	-0.012884	3.494843
57.770378	4401.989973	4.304128	-0.012897	3.496737
57.853562	4407.072034	4.309133	-0.012918	3.498597
57.937633	4412.258629	4.314138	-0.012938	3.500494
57.808365	4417.262341	4.319142	-0.012908	3.502304
57.961343	4422.273247	4.324147	-0.012945	3.504141
57.876799	4427.525051	4.329152	-0.012925	3.506043
58.023347	4432.844570	4.334157	-0.012960	3.507990
58.114210	4438.002258	4.339162	-0.012982	3.509872
58.230930	4443.019518	4.344166	-0.013011	3.511704
58.038428	4448.057502	4.349171	-0.012965	3.513515
58.273558	4453.197609	4.354176	-0.013022	3.515401
58.189364	4458.365317	4.359181	-0.013002	3.517266
58.369338	4463.455033	4.364186	-0.013046	3.519127
58.263932	4468.653321	4.369190	-0.013021	3.521000
58.412935	4473.471555	4.374195	-0.013057	3.522757
58.509637	4478.667865	4.379200	-0.013080	3.524645
58.545986	4484.016798	4.384205	-0.013090	3.526583
58.476524	4489.441739	4.389210	-0.013073	3.528537
58.593772	4494.557667	4.394214	-0.013102	3.530395
58.678568	4499.449975	4.399219	-0.013123	3.532169
58.797564	4504.528409	4.404224	-0.013151	3.534012
58.711004	4509.722176	4.409229	-0.013131	3.535877
58.755112	4514.834164	4.414234	-0.013142	3.537723
58.883426	4520.022399	4.419238	-0.013173	3.539603
58.921706	4525.004223	4.424243	-0.013183	3.541400
58.934749	4529.957542	4.429248	-0.013186	3.543184
58.918994	4535.128887	4.434253	-0.013183	3.545042
58.948354	4540.514141	4.439258	-0.013190	3.546981
58.946618	4545.755342	4.444262	-0.013190	3.548864
59.034543	4550.891881	4.449267	-0.013212	3.550716
59.059190	4555.711823	4.454272	-0.013218	3.552448
59.130305	4560.848194	4.459277	-0.013236	3.554297
59.107873	4566.053959	4.464282	-0.013231	3.556161
59.353620	4571.176961	4.469286	-0.013290	3.558019
59.357559	4576.323260	4.474291	-0.013291	3.559863
59.343983	4581.330000	4.479296	-0.013288	3.561654
59.441362	4586.303133	4.484301	-0.013312	3.563442
59.370494	4591.509804	4.489306	-0.013296	3.565297
59.439440	4597.024547	4.494310	-0.013313	3.567275
59.354087	4602.247344	4.499315	-0.013293	3.569133
59.614169	4607.281025	4.504320	-0.013355	3.570953
59.642055	4612.137405	4.509325	-0.013362	3.572688
59.513123	4617.354300	4.514330	-0.013332	3.574538
59.622137	4622.511815	4.519334	-0.013358	3.576386
59.743357	4627.640116	4.524339	-0.013388	3.578224
59.732956	4632.823608	4.529344	-0.013386	3.580069
59.836191	4637.745868	4.534349	-0.013411	3.581830
59.900118	4642.789953	4.539354	-0.013427	3.583630
59.918725	4647.976806	4.544358	-0.013431	3.585476
59.962260	4653.346500	4.549363	-0.013442	3.587389
59.910484	4658.545509	4.554368	-0.013430	3.589231
60.069758	4663.543316	4.559373	-0.013469	3.591019
60.078130	4668.511973	4.564378	-0.013471	3.592783
60.106473	4673.691249	4.569382	-0.013478	3.594623
60.171538	4678.812237	4.574387	-0.013494	3.596444
60.149468	4684.030290	4.579392	-0.013490	3.598291
60.158578	4689.175500	4.584397	-0.013492	3.600114
60.364308	4694.016830	4.589402	-0.013542	3.601845
60.429274	4699.032603	4.594406	-0.013558	3.603625
60.367388	4704.246070	4.599411	-0.013543	3.605464
60.439995	4709.787231	4.604416	-0.013561	3.607428
60.472342	4714.948736	4.609421	-0.013569	3.609254
60.472989	4719.972878	4.614426	-0.013570	3.611028
60.470694	4724.944457	4.619430	-0.013570	3.612782
60.475749	4730.092842	4.624435	-0.013571	3.614599
60.619668	4735.300412	4.629440	-0.013606	3.616447
60.683783	4740.422854	4.634445	-0.013622	3.618258
60.724207	4745.542111	4.639450	-0.013632	3.620064
60.718314	4750.376224	4.644454	-0.013631	3.621765
60.749398	4755.495633	4.649459	-0.013639	3.623569
60.760688	4760.724520	4.654464	-0.013642	3.625409
60.846797	4766.128953	4.659469	-0.013663	3.627316
60.954537	4771.283907	4.664474	-0.013689	3.629136
60.879544	4776.320299	4.669478	-0.013672	3.630898
60.936178	4781.248967	4.674483	-0.013686	3.632632
61.171872	4786.353036	4.679488	-0.013743	3.634443
60.992560	4791.618806	4.684493	-0.013700	3.636274
61.122311	4796.743011	4.689498	-0.013732	3.638081
61.118489	4801.933257	4.694502	-0.013731	3.639898
61.116902	4806.788389	4.699507	-0.013731	3.641598
61.243657	4811.922716	4.704512	-0.013762	3.643405
61.196008	4817.154347	4.709517	-0.013751	3.645231
61.252471	4822.662766	4.714522	-0.013765	3.647161
61.260101	4827.796189	4.719526	-0.013767	3.648956
61.385971	4832.818743	4.724531	-0.013798	3.650720
61.566175	4837.722458	4.729536	-0.013841	3.652447
61.549239	4842.902388	4.734541	-0.013838	3.654253
61.519285	4848.085313	4.739546	-0.013831	3.656057
61.510631	4853.245962	4.744550	-0.013829	3.657855
61.602563	4858.370669	4.749555	-0.013852	3.659648
61.695523	4863.311136	4.754560	-0.013874	3.661376
61.638965	4868.389401	4.759565	-0.013861	3.663139
61.737601	4873.554100	4.764570	-0.013885	3.664944
61.796315	4879.029126	4.769574	-0.013900	3.666852
61.804188	4884.181311	4.774579	-0.013902	3.668644
61.940272	4889.251411	4.779584	-0.013935	3.670416
61.826682	4894.175014	4.784589	-0.013908	3.672116
61.919385	4899.319738	4.789594	-0.013931	3.673909
62.019500	4904.497651	4.794598	-0.013955	3.675713
62.098235	4909.639109	4.799603	-0.013974	3.677502
62.102053	4914.848730	4.804608	-0.013976	3.679307
62.105170	4919.760828	4.809613	-0.013977	3.681009
62.068820	4924.804576	4.814618	-0.013969	3.682752
62.190381	4930.003525	4.819622	-0.013998	3.684561
62.312837	4935.512774	4.824627	-0.014028	3.686476
62.425738	4940.664027	4.829632	-0.014055	3.688266
62.303294	4945.820437	4.834637	-0.014026	3.690037
62.353717	4950.656979	4.839642	-0.014039	3.691712
62.426376	4955.797144	4.844646	-0.014057	3.693492
62.456772	4960.929026	4.849651	-0.014064	3.695265
62.381243	4966.151897	4.854656	-0.014047	3.697060
62.528379	4971.267413	4.859661	-0.014082	3.698835
62.681861	4976.238905	4.864666	-0.014120	3.700560
62.676990	4981.252991	4.869670	-0.014119	3.702286
62.567651	4986.404828	4.874675	-0.014093	3.704050
62.763659	4991.760991	4.879680	-0.014140	3.705909
62.760916	4996.971639	4.884685	-0.014140	3.707700
62.857428	5002.156810	4.889690	-0.014164	3.709490
62.769059	5007.028192	4.894694	-0.014143	3.711156
65.769494	5011.457420	4.899699	-0.014861	3.712920
66.385887	5016.483152	4.904704	-0.015009	3.714695
66.371589	5021.682952	4.909709	-0.015006	3.716477
66.494525	5026.750893	4.914714	-0.015036	3.718225
66.450321	5031.908005	4.919718	-0.015026	3.719988
66.561527	5036.772958	4.924723	-0.015053	3.721664
66.646071	5041.923699	4.929728	-0.015073	3.723434
66.745187	5047.313506	4.934733	-0.015097	3.725286
66.674707	5052.693834	4.939738	-0.015081	3.727120
66.944052	5057.767707	4.944742	-0.015146	3.728877
66.725888	5062.810425	4.949747	-0.015094	3.730582
66.839561	5067.797653	4.954752	-0.015122	3.732295
66.853524	5072.928587	4.959757	-0.015125	3.734047
66.945882	5078.152475	4.964762	-0.015148	3.735837
66.934406	5083.279606	4.969766	-0.015146	3.737585
67.099753	5088.395232	4.974771	-0.015186	3.739342
67.082639	5093.294808	4.979776	-0.015182	3.741010
66.988375	5098.396139	4.984781	-0.015160	3.742740
67.151576	5103.589162	4.989786	-0.015199	3.744521
67.205431	5109.024089	4.994790	-0.015213	3.746374
67.193844	5114.173988	4.999795	-0.015210	3.748125
67.218228	5119.254514	5.004800	-0.015216	3.749854
67.294874	5124.153348	5.009805	-0.015235	3.751524
67.213148	5129.358852	5.014810	-0.015216	3.753286
67.311723	5134.536746	5.019814	-0.015240	3.755051
67.423630	5139.619215	5.024819	-0.015267	3.756785
67.451943	5144.811907	5.029824	-0.015274	3.758548
67.540186	5149.809799	5.034829	-0.015296	3.760249
67.662166	5154.738558	5.039834	-0.015326	3.761929
67.563913	5159.990850	5.044838	-0.015303	3.763700
67.690222	5165.475742	5.049843	-0.015333	3.765566
67.708076	5170.755055	5.054848	-0.015338	3.767354
67.686932	5175.924960	5.059853	-0.015333	3.769101
67.764980	5180.730634	5.064858	-0.015352	3.770731
67.796629	5185.892948	5.069862	-0.015360	3.772478
67.866279	5191.008189	5.074867	-0.015377	3.774211
67.895927	5196.174833	5.079872	-0.015385	3.775958
67.853884	5201.399318	5.084877	-0.015375	3.777717
67.953705	5206.424939	5.089882	-0.015400	3.779420
67.921909	5211.347083	5.094886	-0.015392	3.781077
67.859348	5216.511076	5.099891	-0.015378	3.782812
67.964791	5221.754563	5.104896	-0.015404	3.784586
68.188728	5227.085479	5.109901	-0.015458	3.786398
68.186707	5232.245567	5.114906	-0.015457	3.788134
68.166773	5237.293303	5.119910	-0.015453	3.789831
68.036731	5242.228371	5.124915	-0.015422	3.791480
68.172666	5247.421253	5.129920	-0.015455	3.793235
68.280204	5252.571053	5.134925	-0.015482	3.794973
68.224373	5257.748685	5.139930	-0.015469	3.796707
68.363256	5262.778811	5.144934	-0.015502	3.798406
68.304234	5267.756101	5.149939	-0.015489	3.800071
68.579584	5272.673776	5.154944	-0.015555	3.801741
68.632300	5277.820844	5.159949	-0.015568	3.803470
68.555087	5283.382247	5.164954	-0.015550	3.805327
68.656509	5288.592994	5.169958	-0.015575	3.807079
68.653132	5293.767635	5.174963	-0.015574	3.808811
68.730763	5298.624579	5.179968	-0.015593	3.810441
68.708200	5303.746543	5.184973	-0.015588	3.812152
68.603072	5308.924226	5.189978	-0.015563	3.813874
68.745810	5314.127088	5.194982	-0.015598	3.815623
68.813066	5319.222420	5.199987	-0.015614	3.817330
68.916611	5324.400666	5.204992	-0.015640	3.819066
68.850779	5329.213662	5.209997	-0.015624	3.820667
68.739867	5334.426598	5.215002	-0.015598	3.822397
68.886694	5339.613170	5.220006	-0.015634	3.824136
68.886089	5345.058771	5.225011	-0.015634	3.825951
68.839342	5350.213617	5.230016	-0.015623	3.827664
68.975943	5355.264363	5.235021	-0.015656	3.829355
69.208992	5360.100269	5.240026	-0.015713	3.830982
69.246046	5365.339599	5.245030	-0.015722	3.832727
69.269000	5370.439860	5.250035	-0.015728	3.834424
69.327950	5375.642306	5.255040	-0.015742	3.836157
69.285534	5380.818377	5.260045	-0.015733	3.837873
69.430364	5385.817955	5.265050	-0.015768	3.839544
69.386334	5390.773098	5.270054	-0.015758	3.841184
69.509729	5395.946674	5.275059	-0.015787	3.842910
69.603233	5401.293268	5.280064	-0.015810	3.844689
69.425894	5406.688477	5.285069	-0.015768	3.846464
69.478372	5411.790990	5.290074	-0.015781	3.848158
69.552561	5416.769201	5.295078	-0.015799	3.849811
69.620847	5421.731093	5.300083	-0.015816	3.851459
69.714938	5426.901714	5.305088	-0.015839	3.853176
69.654609	5432.081125	5.310093	-0.015825	3.854884
69.523736	5437.256014	5.315098	-0.015794	3.856585
69.748688	5442.372934	5.320102	-0.015848	3.858292
70.003378	5447.240587	5.325107	-0.015910	3.859918
69.843917	5452.309409	5.330112	-0.015872	3.861579
69.915586	5457.492186	5.335117	-0.015890	3.863294
69.962689	5462.929951	5.340122	-0.015901	3.865091
70.122727	5468.089142	5.345126	-0.015940	3.866804
70.121262	5473.223385	5.350131	-0.015940	3.868495
70.066835	5478.128059	5.355136	-0.015928	3.870106
70.030681	5483.261167	5.360141	-0.015919	3.871793
70.141796	5488.363539	5.365146	-0.015946	3.873481
70.183420	5493.596698	5.370150	-0.015957	3.875205
70.315448	5498.648621	5.375155	-0.015989	3.876875
70.237740	5503.878860	5.380160	-0.015971	3.878589
70.392910	5508.676273	5.385165	-0.016008	3.880176
70.373494	5513.835161	5.390170	-0.016004	3.881868
70.409469	5519.069572	5.395174	-0.016013	3.883589
70.394237	5524.646136	5.400179	-0.016010	3.885417
70.522338	5529.793406	5.405184	-0.016041	3.887114
70.532017	5534.876916	5.410189	-0.016044	3.888781
70.567451	5539.740514	5.415194	-0.016052	3.890377
70.392788	5544.924598	5.420198	-0.016011	3.892062
70.584632	5550.038954	5.425203	-0.016057	3.893750
70.731188	5555.189515	5.430208	-0.016093	3.895446
70.672405	5560.394635	5.435213	-0.016079	3.897144
70.591623	5565.437811	5.440218	-0.016060	3.898787
70.804860	5570.285069	5.445222	-0.016112	3.900386
70.831819	5575.472981	5.450227	-0.016119	3.902083
70.906095	5580.755977	5.455232	-0.016137	3.903813
71.022863	5586.086479	5.460237	-0.016165	3.905561
70.960633	5591.265629	5.465242	-0.016151	3.907246
71.105105	5596.280632	5.470246	-0.016186	3.908891
71.009663	5601.220499	5.475251	-0.016163	3.910494
71.028603	5606.340302	5.480256	-0.016168	3.912164
71.064933	5611.605172	5.485261	-0.016177	3.913881
71.057747	5616.739024	5.490266	-0.016176	3.915551
71.237695	5621.843417	5.495270	-0.016220	3.917225
71.237528	5626.904278	5.500275	-0.016220	3.918871
71.160118	5631.862281	5.505280	-0.016202	3.920477
71.234284	5636.993619	5.510285	-0.016220	3.922150
71.253514	5642.457464	5.515290	-0.016225	3.923926
71.316420	5647.834363	5.520294	-0.016240	3.925676
71.374110	5653.000252	5.525299	-0.016255	3.927357
71.417872	5657.963503	5.530304	-0.016266	3.928970
71.467194	5662.908329	5.535309	-0.016278	3.930577
71.404076	5668.062890	5.540314	-0.016263	3.932243
71.518292	5673.281002	5.545318	-0.016291	3.933942
71.589084	5678.408706	5.550323	-0.016308	3.935608
71.650308	5683.532018	5.555328	-0.016323	3.937270
71.666714	5688.531244	5.560333	-0.016328	3.938889
71.688008	5693.518912	5.565338	-0.016333	3.940504
71.656670	5698.694948	5.570342	-0.016326	3.942175
71.840366	5703.959572	5.575347	-0.016370	3.943889
71.866052	5709.287125	5.580352	-0.016377	3.945612
71.844234	5714.473600	5.585357	-0.016372	3.947285
71.961675	5719.393912	5.590362	-0.016401	3.948881
71.981455	5724.406244	5.595366	-0.016406	3.950500
72.008944	5729.528378	5.600371	-0.016413	3.952154
72.159056	5734.697678	5.605376	-0.016449	3.953830
72.134418	5739.888800	5.610381	-0.016444	3.955501
72.096038	5745.041463	5.615386	-0.016435	3.957158
72.163068	5750.048260	5.620390	-0.016451	3.958775
72.141386	5755.053089	5.625395	-0.016447	3.960384
72.290101	5760.185104	5.630400	-0.016483	3.962045
72.253072	5765.604312	5.635405	-0.016474	3.963785
72.327497	5770.950253	5.640410	-0.016493	3.965508
72.343810	5776.138107	5.645414	-0.016497	3.967176
72.440348	5781.094919	5.650419	-0.016520	3.968774
72.421525	5786.091349	5.655424	-0.016516	3.970377
72.648066	5791.238225	5.660429	-0.016571	3.972044
72.654970	5796.380248	5.665434	-0.016573	3.973694
72.512239	5801.603454	5.670438	-0.016539	3.975358
72.644986	5806.721637	5.675443	-0.016571	3.977008
72.504596	5811.702001	5.680448	-0.016538	3.978593
72.643470	5816.650475	5.685453	-0.016572	3.980188
72.686059	5821.869511	5.690458	-0.016583	3.981861
72.716588	5827.172408	5.695462	-0.016590	3.983560
72.837631	5832.430777	5.700467	-0.016620	3.985250
72.885774	5837.628936	5.705472	-0.016632	3.986915
72.965758	5842.597678	5.710477	-0.016651	3.988508
72.941201	5847.537100	5.715482	-0.016646	3.990084
72.963849	5852.730452	5.720486	-0.016652	3.991743
72.968868	5857.906268	5.725491	-0.016653	3.993395
73.005716	5863.071536	5.730496	-0.016662	3.995046
73.088497	5868.217366	5.735501	-0.016683	3.996692
73.073031	5873.288403	5.740506	-0.016679	3.998308
73.149886	5878.201596	5.745510	-0.016698	3.999878
73.191371	5883.357647	5.750515	-0.016708	4.001523
73.125957	5888.743662	5.755520	-0.016693	4.003234
73.349062	5894.169484	5.760525	-0.016747	4.004975
73.304236	5899.260255	5.765530	-0.016737	4.006592
73.439490	5904.289141	5.770534	-0.016770	4.008200
73.488272	5909.232408	5.775539	-0.016782	4.009774
73.533952	5914.379781	5.780544	-0.016793	4.011413
73.524680	5919.608813	5.785549	-0.016791	4.013073
73.550851	5924.629830	5.790554	-0.016798	4.014668
73.566218	5929.771269	5.795558	-0.016802	4.016301
73.473096	5934.859089	5.800563	-0.016780	4.017908
73.596588	5939.701038	5.805568	-0.016810	4.019452
73.734693	5944.846227	5.810573	-0.016844	4.021092
73.650915	5950.015964	5.815578	-0.016824	4.022724
73.747936	5955.536985	5.820582	-0.016848	4.024479
73.890295	5960.674996	5.825587	-0.016882	4.026115
73.911932	5965.752859	5.830592	-0.016888	4.027723
73.987872	5970.552737	5.835597	-0.016906	4.029246
73.898540	5975.729135	5.840602	-0.016885	4.030877
73.995936	5980.895821	5.845606	-0.016909	4.032516
74.027577	5986.063697	5.850611	-0.016917	4.034151
74.128389	5991.190409	5.855616	-0.016942	4.035776
74.079305	5996.377534	5.860621	-0.016930	4.037410
74.097693	6001.193285	5.865626	-0.016935	4.038931
74.166337	6006.350740	5.870630	-0.016952	4.040562
74.181155	6011.501820	5.875635	-0.016956	4.042187
74.201632	6017.091742	5.880640	-0.016961	4.043950
74.292395	6022.324371	5.885645	-0.016983	4.045605
74.309415	6027.448718	5.890650	-0.016988	4.047219
74.372246	6032.305583	5.895654	-0.017003	4.048752
74.296740	6037.364026	5.900659	-0.016986	4.050339
74.427976	6042.526035	5.905664	-0.017017	4.051971
74.404102	6047.769350	5.910669	-0.017012	4.053618
74.507391	6052.832160	5.915674	-0.017037	4.055216
74.629339	6058.004429	5.920678	-0.017067	4.056849
74.581229	6062.924014	5.925683	-0.017056	4.058390
74.622505	6067.949131	5.930688	-0.017066	4.059970
74.718219	6073.139007	5.935693	-0.017089	4.061605
74.703561	6078.549184	5.940698	-0.017086	4.063301
74.802645	6083.807410	5.945702	-0.017110	4.064956
74.623196	6088.950505	5.950707	-0.017068	4.066556
74.816783	6093.892248	5.955712	-0.017115	4.068117
74.854585	6098.882350	5.960717	-0.017124	4.069682
74.831927	6104.040592	5.965722	-0.017119	4.071295
74.858368	6109.273493	5.970726	-0.017126	4.072934
74.866137	6114.379606	5.975731	-0.017128	4.074531
74.826007	6119.576575	5.980736	-0.017119	4.076154
75.053712	6124.601108	5.985741	-0.017174	4.077739
75.132833	6129.534548	5.990746	-0.017193	4.079285
75.128498	6134.719170	5.995750	-0.017193	4.080904
75.119759	6140.061815	6.000755	-0.017191	4.082571
75.102746	6145.495418	6.005760	-0.017187	4.084265
75.285191	6150.642715	6.010765	-0.017231	4.085882
75.265583	6155.717708	6.015770	-0.017227	4.087463
75.297389	6160.627733	6.020774	-0.017235	4.088996
75.323418	6165.768327	6.025779	-0.017242	4.090599
75.337206	6170.918486	6.030784	-0.017246	4.092203
75.426684	6176.085153	6.035789	-0.017267	4.093818
75.507073	6181.196555	6.040794	-0.017287	4.095413
75.536023	6186.387833	6.045798	-0.017294	4.097030
75.534674	6191.204773	6.050803	-0.017294	4.098527
75.515941	6196.312372	6.055808	-0.017290	4.100114
75.548542	6201.516918	6.060813	-0.017299	4.101733
75.697661	6206.937888	6.065818	-0.017335	4.103426
75.780815	6212.069909	6.070822	-0.017355	4.105024
75.702371	6217.278373	6.075827	-0.017337	4.106636
75.719812	6222.196391	6.080832	-0.017341	4.108162
75.815685	6227.198857	6.085837	-0.017365	4.109719
75.863225	6232.362247	6.090842	-0.017376	4.111323
75.809640	6237.612866	6.095846	-0.017364	4.112946
75.928335	6242.718390	6.100851	-0.017393	4.114535
75.970697	6247.824385	6.105856	-0.017403	4.116119
76.012311	6252.869954	6.110861	-0.017414	4.117683
76.049715	6257.834537	6.115866	-0.017423	4.119221
76.217950	6262.970186	6.120870	-0.017464	4.120820
76.176452	6268.383993	6.125875	-0.017454	4.122491
76.221096	6273.773335	6.130880	-0.017465	4.124159
76.249302	6278.980178	6.135885	-0.017473	4.125769
76.276891	6283.983884	6.140890	-0.017480	4.127315
76.314136	6288.911632	6.145894	-0.017489	4.128839
76.368451	6294.075587	6.150899	-0.017502	4.130435
76.346428	6299.187199	6.155904	-0.017498	4.132010
76.323306	6304.385045	6.160909	-0.017492	4.133611
76.374594	6309.559672	6.165914	-0.017505	4.135209
76.529196	6314.707266	6.170918	-0.017543	4.136804
76.669085	6319.481634	6.175923	-0.017576	4.138283
76.576083	6324.628502	6.180928	-0.017555	4.139862
76.596760	6329.803015	6.185933	-0.017560	4.141455
76.642269	6335.291258	6.190938	-0.017571	4.143146
76.622498	6340.469941	6.195942	-0.017567	4.144737
76.872977	6345.576736	6.200947	-0.017627	4.146322
76.704550	6350.495667	6.205952	-0.017587	4.147823
76.780686	6355.592728	6.210957	-0.017606	4.149393
76.848109	6360.785045	6.215962	-0.017623	4.150991
76.972228	6365.933370	6.220966	-0.017653	4.152579
76.847358	6371.102261	6.225971	-0.017623	4.154156
76.896360	6376.254397	6.230976	-0.017635	4.155739
77.075732	6381.212183	6.235981	-0.017679	4.157270
77.019609	6386.115212	6.240986	-0.017666	4.158769
77.163121	6391.345901	6.245990	-0.017701	4.160380
77.266436	6396.712175	6.250995	-0.017726	4.162029
77.306196	6402.127024	6.256000	-0.017736	4.163689
77.237982	6407.367661	6.261005	-0.017720	4.165288
77.253426	6412.415875	6.266010	-0.017724	4.166833
77.299998	6417.245238	6.271014	-0.017735	4.168312
77.392805	6422.412454	6.276019	-0.017758	4.169897
77.347605	6427.575509	6.281024	-0.017748	4.171471
77.466894	6432.752646	6.286029	-0.017777	4.173059
77.406258	6437.870517	6.291034	-0.017763	4.174618
77.542995	6443.019484	6.296038	-0.017796	4.176197
77.517177	6447.881386	6.301043	-0.017790	4.177679
77.536364	6452.980801	6.306048	-0.017795	4.179235
77.576661	6458.138365	6.311053	-0.017805	4.180809
77.777141	6463.492527	6.316058	-0.017853	4.182452
77.835414	6468.760245	6.321062	-0.017868	4.184060
77.791232	6473.928302	6.326067	-0.017858	4.185631
77.652684	6478.932324	6.331072	-0.017825	4.187145
77.867878	6483.861781	6.336077	-0.017877	4.188658
78.005609	6488.986083	6.341082	-0.017910	4.190225
77.863386	6494.189381	6.346086	-0.017877	4.191798
78.065600	6499.383938	6.351091	-0.017925	4.193389
77.898121	6504.567328	6.356096	-0.017886	4.194953
78.119967	6509.646826	6.361101	-0.017939	4.196509
78.200191	6514.442502	6.366106	-0.017959	4.197969
78.188570	6519.629509	6.371110	-0.017956	4.199542
78.172866	6524.828528	6.376115	-0.017953	4.201118
78.177731	6530.446662	6.381120	-0.017955	4.202822
78.314062	6535.565169	6.386125	-0.017988	4.204381
78.337093	6540.744005	6.391130	-0.017994	4.205952
78.396951	6545.598942	6.396134	-0.018008	4.207426
78.315150	6550.692835	6.401139	-0.017989	4.208963
78.338705	6555.821509	6.406144	-0.017995	4.210516
78.566807	6560.993453	6.411149	-0.018050	4.212095
78.611626	6566.125943	6.416154	-0.018061	4.213649
78.510794	6571.322998	6.421158	-0.018038	4.215214
78.546414	6576.366037	6.426163	-0.018047	4.216740
78.641700	6581.240037	6.431168	-0.018070	4.218218
78.759359	6586.453673	6.436173	-0.018098	4.219800
78.756956	6591.642101	6.441178	-0.018098	4.221366
78.705462	6597.101799	6.446182	-0.018086	4.223010
78.780815	6602.274836	6.451187	-0.018105	4.224575
78.728078	6607.440644	6.456192	-0.018093	4.226129
78.787624	6612.194823	6.461197	-0.018107	4.227566
78.931949	6617.287503	6.466202	-0.018142	4.229109
78.949346	6622.453474	6.471206	-0.018147	4.230666
78.909366	6627.696826	6.476211	-0.018138	4.232242
79.052919	6632.794356	6.481216	-0.018173	4.233784
79.068093	6638.000749	6.486221	-0.018177	4.235352
79.071236	6642.976760	6.491226	-0.018178	4.236848
79.213273	6647.907826	6.496230	-0.018212	4.238339
79.156386	6653.125521	6.501235	-0.018199	4.239904
79.200153	6658.434743	6.506240	-0.018210	4.241501
79.155045	6663.982603	6.511245	-0.018200	4.243165
79.402536	6669.076522	6.516250	-0.018259	4.244708
79.494127	6674.198382	6.521254	-0.018282	4.246251
79.575906	6678.980516	6.526259	-0.018301	4.247690
79.583033	6684.137976	6.531264	-0.018304	4.249237
79.654264	6689.318271	6.536269	-0.018321	4.250794
79.640373	6694.495031	6.541274	-0.018318	4.252344
79.560714	6699.613387	6.546278	-0.018300	4.253873
79.659119	6704.768066	6.551283	-0.018324	4.255422
79.808858	6709.687347	6.556288	-0.018360	4.256903
79.805279	6714.577372	6.561293	-0.018359	4.258366
79.877628	6719.686224	6.566298	-0.018377	4.259898
79.870614	6725.052389	6.571302	-0.018376	4.261502
79.966319	6730.400842	6.576307	-0.018399	4.263106
80.007876	6735.555847	6.581312	-0.018409	4.264649
80.119587	6740.621908	6.586317	-0.018437	4.266168
80.039456	6745.480810	6.591322	-0.018418	4.267614
80.166773	6750.600810	6.596326	-0.018449	4.269150
80.182180	6755.782840	6.601331	-0.018453	4.270697
80.341316	6760.927743	6.606336	-0.018491	4.272240
80.240653	6766.135742	6.611341	-0.018468	4.273787
80.347315	6771.258841	6.616346	-0.018494	4.275320
80.281590	6776.136878	6.621350	-0.018478	4.276770
80.263060	6781.220381	6.626355	-0.018474	4.278283
80.304202	6786.408622	6.631360	-0.018485	4.279830
80.528438	6791.837722	6.636365	-0.018539	4.281458
80.474321	6797.185503	6.641370	-0.018526	4.283046
80.451554	6802.413782	6.646374	-0.018521	4.284599
80.563973	6807.385066	6.651379	-0.018548	4.286084
80.637655	6812.198400	6.656384	-0.018566	4.287518
80.567022	6817.458053	6.661389	-0.018550	4.289077
80.745072	6822.579884	6.666394	-0.018593	4.290608
80.793569	6827.787068	6.671398	-0.018605	4.292156
80.866282	6832.915798	6.676403	-0.018623	4.293682
80.748427	6838.072981	6.681408	-0.018595	4.295205
80.859871	6843.021148	6.686413	-0.018622	4.296679
80.823770	6848.042131	6.691418	-0.018614	4.298165
80.871327	6853.226058	6.696422	-0.018626	4.299704
80.930940	6858.550832	6.701427	-0.018640	4.301285
80.897509	6863.840304	6.706432	-0.018633	4.302849
80.894108	6869.051130	6.711437	-0.018633	4.304392
80.973744	6874.089892	6.716442	-0.018652	4.305887
80.967917	6878.992402	6.721446	-0.018651	4.307337
81.054513	6884.123100	6.726451	-0.018672	4.308859
81.067673	6889.275785	6.731456	-0.018676	4.310383
81.078013	6894.509023	6.736461	-0.018679	4.311930
81.284835	6899.586744	6.741466	-0.018728	4.313441
81.332826	6904.758504	6.746470	-0.018740	4.314971
81.334355	6909.700694	6.751475	-0.018741	4.316430
81.270909	6914.726570	6.756480	-0.018726	4.317909
81.334348	6919.872240	6.761485	-0.018742	4.319431
81.360342	6925.260778	6.766490	-0.018749	4.321021
81.505182	6930.697949	6.771494	-0.018784	4.322632
81.348429	6935.925425	6.776499	-0.018747	4.324163
81.506449	6940.989925	6.781504	-0.018785	4.325664
81.581093	6945.778040	6.786509	-0.018803	4.327078
81.636214	6950.915087	6.791514	-0.018817	4.328593
81.620170	6956.083128	6.796518	-0.018813	4.330113
81.721705	6961.277796	6.801523	-0.018838	4.331646
81.811895	6966.410609	6.806528	-0.018860	4.333160
81.709701	6971.596946	6.811533	-0.018836	4.334679
81.856537	6976.509262	6.816538	-0.018872	4.336131
81.705627	6981.483863	6.821542	-0.018836	4.337584
81.951981	6986.657547	6.826547	-0.018895	4.339116
81.964540	6991.860528	6.831552	-0.018899	4.340644
81.962590	6997.328756	6.836557	-0.018899	4.342248
81.842860	7002.468438	6.841562	-0.018870	4.343749
81.799125	7007.665019	6.846566	-0.018860	4.345271
81.962458	7012.422450	6.851571	-0.018900	4.346674
82.075961	7017.546594	6.856576	-0.018927	4.348182
82.157252	7022.725403	6.861581	-0.018947	4.349703
82.088912	7027.935786	6.866586	-0.018931	4.351225
82.290965	7033.030920	6.871590	-0.018980	4.352727
82.416229	7038.196449	6.876595	-0.019011	4.354246
82.193086	7043.260356	6.881600	-0.018958	4.355715
82.252110	7048.166144	6.886605	-0.018972	4.357153
82.284393	7053.347673	6.891610	-0.018980	4.358669
82.276887	7058.559698	6.896614	-0.018979	4.360191
82.320403	7064.177870	6.901619	-0.018990	4.361835
82.365264	7069.322054	6.906624	-0.019001	4.363339
82.555660	7074.488422	6.911629	-0.019047	4.364858
82.516700	7079.345523	6.916634	-0.019038	4.366273
82.607468	7084.341009	6.921638	-0.019060	4.367735
82.590771	7089.535607	6.926643	-0.019057	4.369249
82.657495	7094.700686	6.931648	-0.019073	4.370758
82.711752	7099.845202	6.936653	-0.019086	4.372260
82.730141	7105.029136	6.941658	-0.019091	4.373771
82.709346	7110.115856	6.946662	-0.019087	4.375251
82.863175	7114.967590	6.951667	-0.019124	4.376672
82.731329	7120.097231	6.956672	-0.019093	4.378157
82.757160	7125.247105	6.961677	-0.019099	4.379657
82.930937	7130.742294	6.966682	-0.019141	4.381264
82.787743	7135.991022	6.971686	-0.019108	4.382782
82.983645	7141.119776	6.976691	-0.019155	4.384283
82.899521	7146.088335	6.981696	-0.019135	4.385722
83.021912	7151.064061	6.986701	-0.019165	4.387173
82.937641	7156.228426	6.991706	-0.019145	4.388668
83.055638	7161.414925	6.996710	-0.019174	4.390180
83.064400	7166.642387	7.001715	-0.019176	4.391697
83.163812	7171.737909	7.006720	-0.019200	4.393180
83.269936	7176.879208	7.011725	-0.019226	4.394676
83.141093	7181.744717	7.016730	-0.019196	4.396079
83.239635	7186.807824	7.021734	-0.019220	4.397551
83.126426	7192.052071	7.026739	-0.019193	4.399064
83.219213	7197.457266	7.031744	-0.019216	4.400634
83.492568	7202.806025	7.036749	-0.019282	4.402196
83.514562	7207.963462	7.041754	-0.019287	4.403689
83.476281	7213.082746	7.046758	-0.019279	4.405168
83.564351	7217.934802	7.051763	-0.019300	4.406575
83.642447	7223.014939	7.056768	-0.019319	4.408047
83.776447	7228.173229	7.061773	-0.019352	4.409545
83.742440	7233.399102	7.066778	-0.019344	4.411052
83.593974	7238.581280	7.071782	-0.019309	4.412541
83.730716	7243.755228	7.076787	-0.019342	4.414041
83.621718	7248.708707	7.081792	-0.019316	4.415465
83.832346	7253.619621	7.086797	-0.019367	4.416892
83.744551	7258.857285	7.091802	-0.019347	4.418398
83.835763	7264.036600	7.096806	-0.019369	4.419896
83.953825	7269.528256	7.101811	-0.019398	4.421484
83.739888	7274.690822	7.106816	-0.019347	4.422960
83.967139	7279.823125	7.111821	-0.019402	4.424450
84.007834	7284.687774	7.116826	-0.019412	4.425852
83.887029	7289.730261	7.121830	-0.019383	4.427297
84.098827	7294.900881	7.126835	-0.019434	4.428795
84.137084	7300.060693	7.131840	-0.019444	4.430281
84.105309	7305.261827	7.136845	-0.019437	4.431775
84.124093	7310.480732	7.141850	-0.019442	4.433275
84.180751	7315.557751	7.146854	-0.019456	4.434737
84.306056	7320.339446	7.151859	-0.019486	4.436116
84.135325	7325.532852	7.156864	-0.019446	4.437599
84.152892	7330.694658	7.161869	-0.019450	4.439081
84.403271	7336.182770	7.166874	-0.019511	4.440668
84.340682	7341.447257	7.171878	-0.019496	4.442175
84.411641	7346.630060	7.176883	-0.019513	4.443664
84.341759	7351.715239	7.181888	-0.019497	4.445118
84.477513	7356.515196	7.186893	-0.019530	4.446501
84.450760	7361.727927	7.191898	-0.019524	4.447992
84.566342	7366.896653	7.196902	-0.019552	4.449478
84.603793	7372.109233	7.201907	-0.019561	4.450972
84.527039	7377.190846	7.206912	-0.019544	4.452422
84.610641	7382.379140	7.211917	-0.019564	4.453910
84.562204	7387.381586	7.216922	-0.019553	4.455338
84.636172	7392.335779	7.221926	-0.019571	4.456758
84.571155	7397.497287	7.226931	-0.019556	4.458230
84.758648	7402.696108	7.231936	-0.019601	4.459724
84.959038	7408.154718	7.236941	-0.019649	4.461293
84.866530	7413.342691	7.241946	-0.019628	4.462770
84.907473	7418.437944	7.246950	-0.019638	4.464226
84.911322	7423.355272	7.251955	-0.019639	4.465629
85.076402	7428.354445	7.256960	-0.019679	4.467063
85.249581	7433.561959	7.261965	-0.019721	4.468556
85.313622	7438.704801	7.266970	-0.019737	4.470025
85.299487	7443.934181	7.271974	-0.019734	4.471514
85.265573	7449.139135	7.276979	-0.019726	4.472995
85.379712	7454.173146	7.281984	-0.019754	4.474434
85.437100	7458.956466	7.286989	-0.019768	4.475798
85.479501	7464.145497	7.291994	-0.019779	4.477277
85.478388	7469.292199	7.296998	-0.019779	4.478741
85.501345	7474.744987	7.302003	-0.019785	4.480292
85.587974	7480.001917	7.307008	-0.019806	4.481791
85.643593	7485.170392	7.312013	-0.019820	4.483262
85.760177	7490.170669	7.317018	-0.019848	4.484688
85.688943	7495.043344	7.322022	-0.019831	4.486068
85.760285	7500.212985	7.327027	-0.019849	4.487540
85.823418	7505.303239	7.332032	-0.019864	4.488987
85.904911	7510.514164	7.337037	-0.019884	4.490470
85.874706	7515.740545	7.342042	-0.019877	4.491950
85.960082	7520.823219	7.347046	-0.019898	4.493395
86.102358	7525.820664	7.352051	-0.019933	4.494819
86.049910	7530.738542	7.357056	-0.019921	4.496210
86.044343	7535.972888	7.362061	-0.019920	4.497692
86.063809	7541.060206	7.367066	-0.019925	4.499133
86.229531	7546.568680	7.372070	-0.019965	4.500701
86.288178	7551.789564	7.377075	-0.019979	4.502181
86.316053	7556.861800	7.382080	-0.019986	4.503617
86.330923	7561.770044	7.387085	-0.019990	4.505006
86.224612	7566.802110	7.392090	-0.019965	4.506423
86.302559	7571.953459	7.397094	-0.019984	4.507883
86.510589	7577.096489	7.402099	-0.020035	4.509345
86.327526	7582.344346	7.407104	-0.019991	4.510819
86.394650	7587.491560	7.412109	-0.020008	4.512275
86.544428	7592.603170	7.417114	-0.020044	4.513725
86.486739	7597.506034	7.422118	-0.020031	4.515106
86.569219	7602.561493	7.427123	-0.020051	4.516535
86.721626	7607.718562	7.432128	-0.020088	4.517997
86.491583	7613.157088	7.437133	-0.020033	4.519519
86.740403	7618.562803	7.442138	-0.020093	4.521054
86.792257	7623.670107	7.447142	-0.020106	4.522495
86.908562	7628.918963	7.452147	-0.020134	4.523979
86.746379	7633.680886	7.457152	-0.020096	4.525311
86.907943	7638.743437	7.462157	-0.020135	4.526744
86.832941	7644.002944	7.467162	-0.020117	4.528220
86.990748	7649.118305	7.472166	-0.020155	4.529666
86.802087	7654.284833	7.477171	-0.020111	4.531110
86.998514	7659.345908	7.482176	-0.020158	4.532541
86.997451	7664.416301	7.487181	-0.020158	4.533966
86.935310	7669.201740	7.492186	-0.020144	4.535307
87.025529	7674.338841	7.497190	-0.020166	4.536754
87.152920	7679.490282	7.502195	-0.020197	4.538206
87.243753	7684.939967	7.507200	-0.020219	4.539739
87.222084	7690.177731	7.512205	-0.020214	4.541208
87.124578	7695.369752	7.517210	-0.020191	4.542659
87.130597	7700.489280	7.522214	-0.020193	4.544095
87.259487	7705.294636	7.527219	-0.020224	4.545447
87.200486	7710.430415	7.532224	-0.020211	4.546884
87.191974	7715.607311	7.537229	-0.020209	4.548333
87.372323	7720.755473	7.542234	-0.020253	4.549783
87.426632	7725.922990	7.547238	-0.020266	4.551232
87.344651	7731.155037	7.552243	-0.020247	4.552692
87.320944	7736.174762	7.557248	-0.020242	4.554095
87.602540	7741.038075	7.562253	-0.020309	4.555468
87.494901	7746.184291	7.567258	-0.020284	4.556902
87.433398	7751.342312	7.572262	-0.020270	4.558340
87.594913	7757.077449	7.577267	-0.020309	4.559950
87.666509	7762.234743	7.582272	-0.020326	4.561394
87.753242	7767.421384	7.587277	-0.020348	4.562846
87.669107	7772.472394	7.592282	-0.020328	4.564252
87.835565	7777.269756	7.597286	-0.020368	4.565598
87.810992	7782.462842	7.602291	-0.020363	4.567045
87.779761	7787.572440	7.607296	-0.020356	4.568468
87.788209	7792.768930	7.612301	-0.020358	4.569917
87.823513	7797.944717	7.617306	-0.020367	4.571361
87.904463	7803.081007	7.622310	-0.020387	4.572796
88.098841	7808.061241	7.627315	-0.020434	4.574192
88.010171	7812.959490	7.632320	-0.020413	4.575551
87.981507	7818.105102	7.637325	-0.020406	4.576982
88.063921	7823.330595	7.642330	-0.020426	4.578440
88.105436	7828.811465	7.647334	-0.020437	4.579966
88.085253	7834.041504	7.652339	-0.020432	4.581419
88.215487	7839.198016	7.657344	-0.020464	4.582859
88.259984	7844.171323	7.662349	-0.020475	4.584243
88.303631	7849.076595	7.667354	-0.020486	4.585607
88.389704	7854.215900	7.672358	-0.020507	4.587038
88.400770	7859.403945	7.677363	-0.020510	4.588479
88.353148	7864.620073	7.682368	-0.020499	4.589925
88.427216	7869.729088	7.687373	-0.020517	4.591346
88.553195	7874.958470	7.692378	-0.020548	4.592802
88.502452	7879.896226	7.697382	-0.020536	4.594168
88.627806	7884.829336	7.702387	-0.020566	4.595542
88.475285	7890.041223	7.707392	-0.020530	4.596979
88.608658	7895.190253	7.712397	-0.020563	4.598411
88.565381	7900.908544	7.717402	-0.020553	4.599993
88.611160	7906.008660	7.722406	-0.020564	4.601407
88.661099	7911.217997	7.727411	-0.020577	4.602851
88.666752	7916.190113	7.732416	-0.020578	4.604227
88.722323	7921.070978	7.737421	-0.020592	4.605579
88.578576	7926.367182	7.742426	-0.020558	4.607037
88.709279	7931.402706	7.747430	-0.020590	4.608435
88.839488	7936.624065	7.752435	-0.020621	4.609883
88.843113	7941.725078	7.757440	-0.020623	4.611293
89.022832	7946.856969	7.762445	-0.020666	4.612718
88.952725	7951.889309	7.767450	-0.020650	4.614104
88.961775	7956.764470	7.772454	-0.020652	4.615450
89.155210	7962.050546	7.777459	-0.020699	4.616917
89.135636	7967.143866	7.782464	-0.020695	4.618321
89.140163	7972.726339	7.787469	-0.020696	4.619860
89.226408	7977.827468	7.792474	-0.020717	4.621270
89.264154	7982.990068	7.797478	-0.020727	4.622694
89.179855	7988.017370	7.802483	-0.020707	4.624076
89.272490	7992.889750	7.807488	-0.020730	4.625422
89.301143	7998.125383	7.812493	-0.020737	4.626864
89.321419	8003.214238	7.817498	-0.020742	4.628266
89.413707	8008.432749	7.822502	-0.020765	4.629706
89.346394	8013.572759	7.827507	-0.020749	4.631116
89.369998	8018.758895	7.832512	-0.020755	4.632543
89.400106	8023.736595	7.837517	-0.020763	4.633913
89.455712	8028.673092	7.842522	-0.020776	4.635272
89.458893	8033.884200	7.847526	-0.020778	4.636704
89.484220	8039.017231	7.852531	-0.020784	4.638115
89.707671	8044.764144	7.857536	-0.020838	4.639702
89.794953	8049.847495	7.862541	-0.020859	4.641101
89.742266	8055.030799	7.867546	-0.020847	4.642521
89.676832	8059.950174	7.872550	-0.020832	4.643868
89.787383	8064.927418	7.877555	-0.020859	4.645237
89.899317	8070.048324	7.882560	-0.020886	4.646646
89.912831	8075.221661	7.887565	-0.020890	4.648064
89.952270	8080.438086	7.892570	-0.020899	4.649495
89.942270	8085.530523	7.897574	-0.020897	4.650889
90.010323	8090.794674	7.902579	-0.020914	4.652334
90.051300	8095.695125	7.907584	-0.020924	4.653677
89.992271	8100.637815	7.912589	-0.020911	4.655027
90.021390	8105.774687	7.917594	-0.020918	4.656433
90.124095	8110.978082	7.922598	-0.020943	4.657860
90.196534	8116.476811	7.927603	-0.020961	4.659367
90.145169	8121.642539	7.932608	-0.020949	4.660776
90.177207	8126.771627	7.937613	-0.020957	4.662179
90.389916	8131.788297	7.942618	-0.021008	4.663558
90.304085	8136.662160	7.947622	-0.020988	4.664886
90.364374	8141.831436	7.952627	-0.021003	4.666299
90.315473	8146.978127	7.957632	-0.020992	4.667702
90.415572	8152.194708	7.962637	-0.021016	4.669129
90.573303	8157.335253	7.967642	-0.021054	4.670538
90.460513	8162.497699	7.972646	-0.021028	4.671940
90.482458	8167.569702	7.977651	-0.021033	4.673324
90.428592	8172.397149	7.982656	-0.021021	4.674637
90.478815	8177.596079	7.987661	-0.021033	4.676055
90.648262	8182.735702	7.992666	-0.021074	4.677462
90.692087	8188.320755	7.997670	-0.021085	4.678984
90.743079	8193.613958	8.002675	-0.021098	4.680427
90.768171	8198.724589	8.007680	-0.021104	4.681818
90.688167	8203.824277	8.012685	-0.021086	4.683202
90.800178	8208.718973	8.017690	-0.021113	4.684538
90.996581	8213.764053	8.022694	-0.021160	4.685917
90.891605	8218.998436	8.027699	-0.021136	4.687335
90.872109	8224.153400	8.032704	-0.021131	4.688735
90.782882	8229.345914	8.037709	-0.021110	4.690141
91.011132	8234.467029	8.042714	-0.021165	4.691541
90.909406	8239.628894	8.047718	-0.021142	4.692938
91.021454	8244.371673	8.052723	-0.021169	4.694230
91.091762	8249.578011	8.057728	-0.021186	4.695645
91.096065	8254.706237	8.062733	-0.021187	4.697036
91.126552	8260.132592	8.067738	-0.021195	4.698508
91.242461	8265.364409	8.072742	-0.021223	4.699931
91.253041	8270.611628	8.077747	-0.021226	4.701353
91.261396	8275.758176	8.082752	-0.021229	4.702747
91.328006	8280.504141	8.087757	-0.021245	4.704035
91.367977	8285.607296	8.092762	-0.021255	4.705418
91.401400	8290.796036	8.097766	-0.021263	4.706823
91.334966	8296.009601	8.102771	-0.021248	4.708231
91.575060	8301.112324	8.107776	-0.021306	4.709621
91.615058	8306.279339	8.112781	-0.021316	4.711020
91.543305	8311.484491	8.117786	-0.021299	4.712424
91.604545	8316.325507	8.122790	-0.021314	4.713734
91.695266	8321.402690	8.127795	-0.021336	4.715110
91.734171	8326.601374	8.132800	-0.021346	4.716515
91.698492	8331.863782	8.137805	-0.021338	4.717934
91.837723	8337.463470	8.142810	-0.021372	4.719451
91.803446	8342.631732	8.147814	-0.021364	4.720844
91.773655	8347.857556	8.152819	-0.021357	4.722253
91.887604	8352.642940	8.157824	-0.021385	4.723548
91.965465	8357.643591	8.162829	-0.021404	4.724899
91.747706	8362.894063	8.167834	-0.021352	4.726305
92.064760	8368.040190	8.172838	-0.021429	4.727704
92.002009	8373.195095	8.177843	-0.021414	4.729090
92.034472	8378.305902	8.182848	-0.021422	4.730468
92.125579	8383.467421	8.187853	-0.021444	4.731861
92.167799	8388.370930	8.192858	-0.021455	4.733182
92.262427	8393.309765	8.197862	-0.021478	4.734514
92.189653	8398.542065	8.202867	-0.021461	4.735919
92.207933	8403.761137	8.207872	-0.021466	4.737323
92.306501	8409.247430	8.212877	-0.021490	4.738801
92.370133	8414.446674	8.217882	-0.021505	4.740201
92.243596	8419.533980	8.222886	-0.021476	4.741562
92.354417	8424.659483	8.227891	-0.021503	4.742943
92.419081	8429.399099	8.232896	-0.021518	4.744218
92.461990	8434.634181	8.237901	-0.021529	4.745625
92.526406	8439.837381	8.242906	-0.021545	4.747024
92.449338	8445.046813	8.247910	-0.021527	4.748418
92.533773	8450.160471	8.252915	-0.021548	4.749792
92.623252	8455.340116	8.257920	-0.021569	4.751185
92.581496	8460.416046	8.262925	-0.021560	4.752543
92.523356	8465.218470	8.267930	-0.021546	4.753828
92.777338	8470.402757	8.272934	-0.021607	4.755226
92.797246	8475.549706	8.277939	-0.021613	4.756605
92.775204	8481.041435	8.282944	-0.021608	4.758075
92.711454	8486.434814	8.287949	-0.021593	4.759515
92.914032	8491.544369	8.292954	-0.021642	4.760890
92.913509	8496.654952	8.297958	-0.021642	4.762257
92.893030	8501.501338	8.302963	-0.021638	4.763552
93.018521	8506.634840	8.307968	-0.021668	4.764929
92.945582	8511.793103	8.312973	-0.021651	4.766305
93.091282	8517.008480	8.317978	-0.021686	4.767704
93.060540	8522.133160	8.322982	-0.021679	4.769071
93.159488	8527.322210	8.327987	-0.021704	4.770460
93.243507	8532.457660	8.332992	-0.021724	4.771834
93.298634	8537.287567	8.337997	-0.021738	4.773125
93.307657	8542.365465	8.343002	-0.021740	4.774480
93.262582	8547.508886	8.348006	-0.021730	4.775850
93.230417	8552.728017	8.353011	-0.021723	4.777241
93.426521	8558.207179	8.358016	-0.021770	4.778708
93.418254	8563.383786	8.363021	-0.021768	4.780087
93.549235	8568.559261	8.368026	-0.021800	4.781471
93.464564	8573.518961	8.373030	-0.021780	4.782789
93.441922	8578.502685	8.378035	-0.021775	4.784115
93.589178	8583.594593	8.383040	-0.021811	4.785475
93.500674	8588.792494	8.388045	-0.021790	4.786855
93.596213	8594.041582	8.393050	-0.021814	4.788255
93.789546	8599.035059	8.398054	-0.021860	4.789590
93.746238	8604.355395	8.403059	-0.021850	4.791003
93.724384	8609.411023	8.408064	-0.021845	4.792346
93.724444	8614.249844	8.413069	-0.021846	4.793631
93.909701	8619.352510	8.418074	-0.021891	4.794994
93.893629	8624.457387	8.423078	-0.021887	4.796349
93.783067	8630.165372	8.428083	-0.021861	4.797860
93.836637	8635.412717	8.433088	-0.021875	4.799254
93.941682	8640.629514	8.438093	-0.021900	4.800642
94.063781	8645.779484	8.443098	-0.021930	4.802013
94.160874	8650.514140	8.448102	-0.021953	4.803272
94.049631	8655.656759	8.453107	-0.021927	4.804631
94.133460	8660.783557	8.458112	-0.021948	4.805993
94.131955	8665.982933	8.463117	-0.021948	4.807370
94.316839	8671.179641	8.468122	-0.021992	4.808754
94.220343	8676.290596	8.473126	-0.021970	4.810103
94.425477	8681.488634	8.478131	-0.022019	4.811487
94.284381	8686.410587	8.483136	-0.021986	4.812784
94.280944	8691.381556	8.488141	-0.021985	4.814099
94.454087	8696.562589	8.493146	-0.022027	4.815476
94.447506	8701.623011	8.498150	-0.022026	4.816814
94.490983	8707.263650	8.503155	-0.022037	4.818306
94.457567	8712.393468	8.508160	-0.022029	4.819661
94.501279	8717.502002	8.513165	-0.022040	4.821012
94.560180	8722.620477	8.518170	-0.022055	4.822366
94.501251	8727.380965	8.523174	-0.022041	4.823621
94.560406	8732.608656	8.528179	-0.022056	4.825003
94.671374	8737.747741	8.533184	-0.022083	4.826363
94.681333	8742.884762	8.538189	-0.022085	4.827719
94.765094	8748.083894	8.543194	-0.022106	4.829093
94.619367	8753.222008	8.548198	-0.022071	4.830442
94.818404	8758.419773	8.553203	-0.022120	4.831820
94.619012	8763.236491	8.558208	-0.022072	4.833082
94.890083	8768.291960	8.563213	-0.022137	4.834423
94.929585	8773.476149	8.568218	-0.022147	4.835790
94.880895	8778.869815	8.573223	-0.022136	4.837209
94.956143	8784.382981	8.578227	-0.022155	4.838662
95.054093	8789.568342	8.583232	-0.022178	4.840031
95.058639	8794.648331	8.588237	-0.022180	4.841367
95.195929	8799.539093	8.593242	-0.022213	4.842658
95.106866	8804.573125	8.598247	-0.022192	4.843979
95.136006	8809.575448	8.603251	-0.022200	4.845295
95.157127	8814.722841	8.608256	-0.022205	4.846648
95.241084	8819.886735	8.613261	-0.022226	4.848008
95.252122	8825.084796	8.618266	-0.022229	4.849373
95.281931	8830.229399	8.623271	-0.022236	4.850725
95.153398	8835.229614	8.628275	-0.022206	4.852033
95.368152	8840.124215	8.633280	-0.022258	4.853325
95.446611	8845.243713	8.638285	-0.022277	4.854671
95.382072	8850.433186	8.643290	-0.022262	4.856030
95.317392	8855.886107	8.648295	-0.022247	4.857457
95.477242	8861.136979	8.653299	-0.022286	4.858839
95.525381	8866.318960	8.658304	-0.022298	4.860199
95.514251	8871.487902	8.663309	-0.022295	4.861552
95.531869	8876.277592	8.668314	-0.022300	4.862807
95.578156	8881.343645	8.673319	-0.022311	4.864136
95.622140	8886.540241	8.678323	-0.022322	4.865497
95.688499	8891.673196	8.683328	-0.022339	4.866843
95.686397	8896.886177	8.688333	-0.022339	4.868207
95.753428	8902.104308	8.693338	-0.022355	4.869574
95.820073	8907.210528	8.698343	-0.022371	4.870911
95.902660	8912.198933	8.703347	-0.022392	4.872218
95.999660	8917.122215	8.708352	-0.022415	4.873508
95.943605	8922.286372	8.713357	-0.022402	4.874855
95.966938	8927.486578	8.718362	-0.022408	4.876214
96.060149	8933.197758	8.723367	-0.022431	4.877709
96.056526	8938.361626	8.728371	-0.022431	4.879057
96.006475	8943.530818	8.733376	-0.022419	4.880404
96.067927	8948.643238	8.738381	-0.022434	4.881740
96.042972	8953.434748	8.743386	-0.022429	4.882988
96.125709	8958.566186	8.748391	-0.022449	4.884329
96.128309	8963.774559	8.753395	-0.022450	4.885687
96.156062	8968.858776	8.758400	-0.022457	4.887013
96.189554	8974.051472	8.763405	-0.022465	4.888367
96.169511	8979.303176	8.768410	-0.022461	4.889734
96.312094	8984.379779	8.773415	-0.022496	4.891061
96.250522	8989.224943	8.778419	-0.022481	4.892320
96.449536	8994.294315	8.783424	-0.022529	4.893646
96.498601	8999.482438	8.788429	-0.022541	4.894998
96.507153	9004.566994	8.793434	-0.022544	4.896321
96.454092	9010.218345	8.798439	-0.022532	4.897788
96.558575	9015.357834	8.803443	-0.022557	4.899128
96.590233	9020.521703	8.808448	-0.022565	4.900471
96.459064	9025.617386	8.813453	-0.022534	4.901790
96.482025	9030.459443	8.818458	-0.022540	4.903049
96.634047	9035.568134	8.823463	-0.022577	4.904381
96.518436	9040.722284	8.828467	-0.022550	4.905715
96.610549	9045.971706	8.833472	-0.022572	4.907080
96.691802	9051.036324	8.838477	-0.022592	4.908397
96.782404	9056.237110	8.843482	-0.022614	4.909749
96.812329	9061.452213	8.848487	-0.022622	4.911103
96.724023	9066.266482	8.853491	-0.022601	4.912348
96.922962	9071.240324	8.858496	-0.022649	4.913644
96.964079	9076.467760	8.863501	-0.022659	4.915000
97.001232	9081.740568	8.868506	-0.022668	4.916367
97.100202	9087.349135	8.873511	-0.022693	4.917822
97.123984	9092.523041	8.878515	-0.022699	4.919163
96.938046	9097.781455	8.883520	-0.022655	4.920517
97.103829	9102.717478	8.888525	-0.022695	4.921800
97.085932	9107.532906	8.893530	-0.022691	4.923045
97.093679	9112.693900	8.898535	-0.022693	4.924380
97.292997	9117.821526	8.903539	-0.022741	4.925713
97.291975	9123.065017	8.908544	-0.022741	4.927068
97.283476	9128.127259	8.913549	-0.022740	4.928376
97.294527	9133.368380	8.918554	-0.022743	4.929730
97.480753	9138.521582	8.923559	-0.022788	4.931067
97.407018	9143.335247	8.928563	-0.022771	4.932308
97.341207	9148.439380	8.933568	-0.022755	4.933623
97.505462	9153.558470	8.938573	-0.022795	4.934949
97.497442	9158.807892	8.943578	-0.022793	4.936303
97.532691	9164.257729	8.948583	-0.022802	4.937710
97.617049	9169.495681	8.953587	-0.022823	4.939064
97.627252	9174.661125	8.958592	-0.022826	4.940395
97.626932	9179.561559	8.963597	-0.022826	4.941658
97.597026	9184.555544	8.968602	-0.022819	4.942944
97.661452	9189.731377	8.973607	-0.022835	4.944279
97.742456	9194.859197	8.978611	-0.022855	4.945602
97.842786	9200.085380	8.983616	-0.022879	4.946951
97.856559	9205.195566	8.988621	-0.022883	4.948267
97.945044	9210.440702	8.993626	-0.022905	4.949619
97.902978	9215.553558	8.998631	-0.022895	4.950933
98.017387	9220.308896	9.003635	-0.022923	4.952159
97.966120	9225.482636	9.008640	-0.022911	4.953488
98.077849	9230.606485	9.013645	-0.022938	4.954808
97.899334	9235.919582	9.018650	-0.022896	4.956168
98.147175	9241.483429	9.023655	-0.022956	4.957605
98.160979	9246.699515	9.028659	-0.022959	4.958945
98.148987	9251.882606	9.033664	-0.022957	4.960275
98.163075	9256.757196	9.038669	-0.022961	4.961527
98.198651	9261.675305	9.043674	-0.022970	4.962790
98.056935	9266.909352	9.048679	-0.022936	4.964128
98.313152	9272.036958	9.053683	-0.022998	4.965452
98.252680	9277.258592	9.058688	-0.022984	4.966789
98.152694	9282.323398	9.063693	-0.022960	4.968084
98.275490	9287.597639	9.068698	-0.022990	4.969439
98.295083	9292.713356	9.073703	-0.022995	4.970750
98.366977	9297.480031	9.078707	-0.023013	4.971974
98.398604	9302.513937	9.083712	-0.023021	4.973264
98.282032	9307.753259	9.088717	-0.022993	4.974601
98.519987	9313.010259	9.093722	-0.023051	4.975954
98.525030	9318.498241	9.098727	-0.023052	4.977358
98.632777	9323.581775	9.103731	-0.023079	4.978662
98.595544	9328.802115	9.108736	-0.023070	4.979996
98.756662	9333.777871	9.113741	-0.023109	4.981273
98.657671	9338.666628	9.118746	-0.023086	4.982519
98.621482	9343.769890	9.123751	-0.023078	4.983822
98.670176	9348.968971	9.128755	-0.023090	4.985152
98.804131	9354.179579	9.133760	-0.023122	4.986487
98.798007	9359.323509	9.138765	-0.023121	4.987800
98.747335	9364.544079	9.143770	-0.023109	4.989131
98.884347	9369.653311	9.148775	-0.023143	4.990439
98.864263	9374.533799	9.153779	-0.023138	4.991683
98.894038	9379.557430	9.158784	-0.023146	4.992966
98.867762	9384.735048	9.163789	-0.023140	4.994285
98.922322	9389.900318	9.168794	-0.023153	4.995603
99.018873	9395.648649	9.173799	-0.023177	4.997071
99.075458	9400.822717	9.178803	-0.023191	4.998391
98.996296	9405.962249	9.183808	-0.023172	4.999698
98.975078	9411.006427	9.188813	-0.023168	5.000982
99.231377	9415.814031	9.193818	-0.023229	5.002214
99.283177	9420.942553	9.198823	-0.023242	5.003520
99.250814	9426.146610	9.203827	-0.023235	5.004844
99.294310	9431.340244	9.208832	-0.023246	5.006166
99.367737	9436.443182	9.213837	-0.023264	5.007466
99.412631	9441.686066	9.218842	-0.023275	5.008800
99.509713	9446.820767	9.223847	-0.023299	5.010109
99.377452	9451.731813	9.228851	-0.023267	5.011352
99.303270	9456.700843	9.233856	-0.023250	5.012612
99.451331	9461.873822	9.238861	-0.023286	5.013931
99.539761	9467.076394	9.243866	-0.023307	5.015255
99.668134	9472.537498	9.248871	-0.023339	5.016645
99.561583	9477.732257	9.253875	-0.023314	5.017960
99.647853	9482.955333	9.258880	-0.023335	5.019288
99.830067	9488.067203	9.263885	-0.023379	5.020590
99.662280	9492.816626	9.268890	-0.023339	5.021789
99.540702	9497.949495	9.273895	-0.023310	5.023086
99.663664	9503.110682	9.278899	-0.023340	5.024398
99.682986	9508.320307	9.283904	-0.023345	5.025719
99.842800	9513.479801	9.288909	-0.023384	5.027031
99.789473	9518.681237	9.293914	-0.023372	5.028346
99.846630	9523.802855	9.298919	-0.023386	5.029645
99.863585	9528.857878	9.303923	-0.023390	5.030925
99.963038	9533.713003	9.308928	-0.023414	5.032156
99.910057	9538.835758	9.313933	-0.023402	5.033451
100.001237	9544.126435	9.318938	-0.023424	5.034792
100.055514	9549.655136	9.323943	-0.023438	5.036191
100.119578	9555.003876	9.328947	-0.023453	5.037545
100.010606	9560.182052	9.333952	-0.023428	5.038851
100.052442	9565.290355	9.338957	-0.023438	5.040142
100.158234	9570.234108	9.343962	-0.023464	5.041394
100.342230	9575.164838	9.348967	-0.023508	5.042645
100.314901	9580.350849	9.353971	-0.023502	5.043954
100.271738	9585.559879	9.358976	-0.023492	5.045267
100.199313	9590.732899	9.363981	-0.023476	5.046570
100.269480	9595.884098	9.368986	-0.023493	5.047872
100.382430	9601.067471	9.373991	-0.023520	5.049182
100.424155	9606.118254	9.378995	-0.023531	5.050457
100.374213	9610.947071	9.384000	-0.023519	5.051673
100.361091	9616.072516	9.389005	-0.023516	5.052964
100.306058	9621.258752	9.394010	-0.023504	5.054269
100.338837	9626.662799	9.399015	-0.023512	5.055631
100.557176	9631.965830	9.404019	-0.023565	5.056973
100.521358	9637.139032	9.409024	-0.023556	5.058274
100.513803	9642.292861	9.414029	-0.023555	5.059571
100.524519	9647.293226	9.419034	-0.023558	5.060830
100.640640	9652.102481	9.424039	-0.023586	5.062043
100.636643	9657.391351	9.429043	-0.023586	5.063373
100.645960	9662.555862	9.434048	-0.023588	5.064671
100.762990	9667.761268	9.439053	-0.023617	5.065983
100.756430	9672.847067	9.444058	-0.023616	5.067261
100.834899	9678.070876	9.449063	-0.023635	5.068576
100.913509	9683.246320	9.454067	-0.023654	5.069878
100.915554	9688.149766	9.459072	-0.023655	5.071109
100.783404	9693.087433	9.464077	-0.023624	5.072345
100.904541	9698.327751	9.469082	-0.023653	5.073664
100.925178	9703.433050	9.474087	-0.023658	5.074945
100.933439	9709.144783	9.479091	-0.023661	5.076378
100.967853	9714.406865	9.484096	-0.023670	5.077699
101.047143	9719.539348	9.489101	-0.023689	5.078988
101.108224	9724.609238	9.494106	-0.023704	5.080261
101.300164	9729.272811	9.499111	-0.023750	5.081435
101.161396	9734.532756	9.504115	-0.023718	5.082748
101.240592	9739.750217	9.509120	-0.023737	5.084058
101.338815	9744.887049	9.514125	-0.023761	5.085347
101.225917	9750.065688	9.519130	-0.023734	5.086640
101.320431	9755.250499	9.524135	-0.023757	5.087940
101.368124	9760.424561	9.529139	-0.023769	5.089236
101.291146	9765.428243	9.534144	-0.023751	5.090485
101.294449	9770.266633	9.539149	-0.023752	5.091696
101.459042	9775.459899	9.544154	-0.023792	5.092999
101.482958	9780.710573	9.549159	-0.023798	5.094312
101.426031	9786.073034	9.554163	-0.023785	5.095650
101.531755	9791.380873	9.559168	-0.023811	5.096979
101.440323	9796.553779	9.564173	-0.023789	5.098269
101.545940	9801.714337	9.569178	-0.023815	5.099560
101.684024	9806.608634	9.574183	-0.023849	5.100786
101.632417	9811.555673	9.579187	-0.023837	5.102019
101.694544	9816.715015	9.584192	-0.023852	5.103308
101.705511	9821.830145	9.589197	-0.023855	5.104584
101.819417	9827.022572	9.594202	-0.023883	5.105883
101.609737	9832.183980	9.599207	-0.023833	5.107163
101.732913	9837.423106	9.604211	-0.023863	5.108473
101.861579	9842.626658	9.609216	-0.023894	5.109773
101.974321	9847.367136	9.614221	-0.023921	5.110957
101.790234	9852.452967	9.619226	-0.023878	5.112219
101.807091	9857.630312	9.624231	-0.023882	5.113509
101.808508	9862.760529	9.629235	-0.023883	5.114786
102.084796	9868.437109	9.634240	-0.023949	5.116206
102.008314	9873.606384	9.639245	-0.023932	5.117490
102.155613	9878.749443	9.644250	-0.023967	5.118774
101.979525	9883.820662	9.649255	-0.023926	5.120030
102.126353	9888.541905	9.654259	-0.023961	5.121208
102.209565	9893.682097	9.659264	-0.023981	5.122488
102.210947	9898.851538	9.664269	-0.023982	5.123773
102.287229	9904.088112	9.669274	-0.024001	5.125076
102.294267	9909.289718	9.674279	-0.024003	5.126368
102.197481	9914.414859	9.679283	-0.023980	5.127638
102.413568	9919.554434	9.684288	-0.024032	5.128920
102.291217	9924.547813	9.689293	-0.024004	5.130156
102.452617	9929.373899	9.694298	-0.024043	5.131358
102.450420	9934.542652	9.699303	-0.024042	5.132640
102.542229	9939.678429	9.704307	-0.024065	5.133917
102.504773	9945.134461	9.709312	-0.024056	5.135268
102.496414	9950.498033	9.714317	-0.024055	5.136598
102.713032	9955.661933	9.719322	-0.024107	5.137883
102.622070	9960.834413	9.724327	-0.024086	5.139162
102.706684	9965.696504	9.729331	-0.024106	5.140369
102.715715	9970.648713	9.734336	-0.024109	5.141596
102.632729	9975.813930	9.739341	-0.024089	5.142872
102.705763	9980.986103	9.744346	-0.024107	5.144155
102.768427	9986.208664	9.749351	-0.024123	5.145449
102.719120	9991.327360	9.754355	-0.024111	5.146714
102.871916	9996.490993	9.759360	-0.024148	5.147995
102.851254	10001.628053	9.764365	-0.024144	5.149265
102.752471	10006.533606	9.769370	-0.024121	5.150475
102.978291	10011.502425	9.774375	-0.024175	5.151709
102.976203	10016.704370	9.779379	-0.024175	5.152994
103.010905	10021.854347	9.784384	-0.024184	5.154267
103.022803	10027.627559	9.789389	-0.024187	5.155693
103.157263	10032.797330	9.794394	-0.024220	5.156973
103.034638	10037.948009	9.799399	-0.024191	5.158242
103.014245	10043.129425	9.804403	-0.024186	5.159520
103.174362	10047.816910	9.809408	-0.024225	5.160681
103.145260	10052.972608	9.814413	-0.024218	5.161951
103.236137	10058.173700	9.819418	-0.024241	5.163237
103.276496	10063.304261	9.824423	-0.024251	5.164502
103.293467	10068.501928	9.829427	-0.024255	5.165784
103.370570	10073.699545	9.834432	-0.024274	5.167067
103.250955	10078.818037	9.839437	-0.024246	5.168325
103.362657	10083.932148	9.844442	-0.024273	5.169587
103.384558	10088.693164	9.849447	-0.024279	5.170760
103.398408	10093.788414	9.854451	-0.024282	5.172015
103.476953	10099.001104	9.859456	-0.024302	5.173300
103.515599	10104.237101	9.864461	-0.024311	5.174589
103.497530	10109.765996	9.869466	-0.024307	5.175949
103.614442	10114.962146	9.874471	-0.024336	5.177230
103.583579	10120.135835	9.879475	-0.024329	5.178501
103.623666	10125.150887	9.884480	-0.024339	5.179735
103.726493	10129.929313	9.889485	-0.024364	5.180912
103.684504	10135.105310	9.894490	-0.024354	5.182183
103.793397	10140.259103	9.899495	-0.024381	5.183451
103.723083	10145.407545	9.904499	-0.024364	5.184714
103.799894	10150.592689	9.909504	-0.024383	5.185989
103.828576	10155.728193	9.914509	-0.024390	5.187250
103.781425	10160.937763	9.919514	-0.024380	5.188528
103.892170	10165.915780	9.924519	-0.024406	5.189752
103.948504	10170.840842	9.929523	-0.024420	5.190961
103.975500	10175.982756	9.934528	-0.024427	5.192223
103.894825	10181.133294	9.939533	-0.024408	5.193483
103.959277	10186.719691	9.944538	-0.024424	5.194854
103.959364	10192.207215	9.949543	-0.024425	5.196199
103.944234	10197.303891	9.954547	-0.024421	5.197447
104.122413	10202.462124	9.959552	-0.024465	5.198715
104.051940	10207.410151	9.964557	-0.024448	5.199925
103.941742	10212.357029	9.969562	-0.024422	5.201133
104.002245	10217.472434	9.974567	-0.024437	5.202386
104.003253	10222.605417	9.979571	-0.024438	5.203642
104.289520	10227.837980	9.984576	-0.024507	5.204930
104.211341	10232.966313	9.989581	-0.024488	5.206182
104.241553	10238.125618	9.994586	-0.024496	5.207444
104.315811	10243.270180	9.999591	-0.024514	5.208703
104.206231	10245.831119	10.004595	-0.024488	5.209327
104.341365	10245.864274	10.009600	-0.024520	5.209338
104.303493	10245.795163	10.014592	-0.024511	5.209320
104.397313	10245.832978	10.019584	-0.024534	5.209332
104.332833	10245.837029	10.024576	-0.024518	5.209331
104.382898	10245.767891	10.029568	-0.024530	5.209316
104.349403	10245.800793	10.034560	-0.024522	5.209323
104.331448	10245.857721	10.039552	-0.024518	5.209336
104.224405	10245.872528	10.044544	-0.024492	5.209337
104.382668	10245.890947	10.049536	-0.024530	5.209346
104.438788	10245.787890	10.054528	-0.024543	5.209322
104.396537	10245.834495	10.059520	-0.024533	5.209332
104.457346	10245.820612	10.064512	-0.024548	5.209330
104.498548	10245.779277	10.069504	-0.024557	5.209321
104.516417	10245.827419	10.074496	-0.024562	5.209333
104.477484	10245.831420	10.079488	-0.024552	5.209333
104.465186	10245.850627	10.084480	-0.024549	5.209338
104.265322	10245.885171	10.089472	-0.024501	5.209341
104.410211	10245.853726	10.094464	-0.024536	5.209337
104.570017	10245.848933	10.099456	-0.024574	5.209340
104.436165	10245.740966	10.104448	-0.024542	5.209310
104.503971	10245.795529	10.109440	-0.024558	5.209325
104.518461	10245.726186	10.114432	-0.024562	5.209309
104.577378	10245.767570	10.119424	-0.024576	5.209320
104.628881	10245.843013	10.124416	-0.024588	5.209340
104.559097	10245.736179	10.129408	-0.024571	5.209312
104.578753	10245.869950	10.134400	-0.024576	5.209345
104.574199	10245.821766	10.139392	-0.024575	5.209333
104.672260	10245.783582	10.144384	-0.024598	5.209327
104.475243	10245.803746	10.149376	-0.024551	5.209327
104.427143	10245.852230	10.154368	-0.024540	5.209337
104.647448	10245.822040	10.159360	-0.024592	5.209335
104.527602	10245.766432	10.164352	-0.024564	5.209319
104.444866	10245.817177	10.169344	-0.024544	5.209329
104.427402	10245.845878	10.174336	-0.024539	5.209336
104.506883	10245.792944	10.179328	-0.024558	5.209325
104.563608	10245.846080	10.184320	-0.024572	5.209339
104.543590	10245.604800	10.189312	-0.024567	5.209280
104.502103	10245.735857	10.194304	-0.024557	5.209311
104.537030	10245.824521	10.199296	-0.024565	5.209333
104.483964	10245.813317	10.204288	-0.024553	5.209329
104.498855	10245.896345	10.209280	-0.024556	5.209350
104.687061	10245.783625	10.214272	-0.024601	5.209327
104.499762	10245.866833	10.219264	-0.024556	5.209342
104.564110	10245.873081	10.224256	-0.024572	5.209346
104.597312	10245.794141	10.229248	-0.024580	5.209327
104.562177	10245.837457	10.234240	-0.024571	5.209337
104.505875	10245.840671	10.239232	-0.024558	5.209336
104.596421	10245.885226	10.244224	-0.024579	5.209349
104.576185	10245.865541	10.249216	-0.024574	5.209344
104.568904	10245.865024	10.254208	-0.024573	5.209344
104.566277	10245.910140	10.259200	-0.024572	5.209355
104.621877	10245.807136	10.264192	-0.024585	5.209331
104.632639	10245.832951	10.269184	-0.024588	5.209337
104.543549	10245.845922	10.274176	-0.024566	5.209338
104.470155	10245.848323	10.279168	-0.024549	5.209337
104.527824	10245.892396	10.284160	-0.024562	5.209349
104.693971	10245.798582	10.289152	-0.024602	5.209331
104.627222	10245.799022	10.294144	-0.024586	5.209329
104.445154	10245.836869	10.299136	-0.024543	5.209334
104.537611	10245.803101	10.304128	-0.024565	5.209328
104.727640	10245.813148	10.309120	-0.024610	5.209335
104.698237	10245.785436	10.314112	-0.024603	5.209327
104.700938	10245.879957	10.319104	-0.024604	5.209351
104.657016	10245.857571	10.324096	-0.024593	5.209344
104.679868	10245.734861	10.329088	-0.024598	5.209315
104.743326	10245.825731	10.334080	-0.024614	5.209338
104.720975	10245.829317	10.339072	-0.024608	5.209339
104.653312	10245.895171	10.344064	-0.024592	5.209353
104.749686	10245.882775	10.349056	-0.024615	5.209353
104.633833	10245.867744	10.354048	-0.024587	5.209346
104.560619	10245.932884	10.359040	-0.024570	5.209360
104.573704	10245.847034	10.364032	-0.024573	5.209339
104.729914	10245.887437	10.369024	-0.024610	5.209353
104.699881	10245.876438	10.374016	-0.024603	5.209350
104.654690	10245.829847	10.379008	-0.024592	5.209337
104.713435	10245.868688	10.384000	-0.024606	5.209348
104.722393	10245.828087	10.388992	-0.024608	5.209338
104.818599	10245.827236	10.393984	-0.024631	5.209341
104.841225	10245.789080	10.398976	-0.024636	5.209332
104.726775	10245.791836	10.403968	-0.024609	5.209330
104.762340	10245.867628	10.408960	-0.024617	5.209349
104.716737	10245.883837	10.413952	-0.024606	5.209352
104.662993	10245.856052	10.418944	-0.024594	5.209344
104.612691	10245.834318	10.423936	-0.024582	5.209337
104.712413	10245.810053	10.428928	-0.024605	5.209334
104.613607	10245.832983	10.433920	-0.024582	5.209337
104.723831	10245.828136	10.438912	-0.024608	5.209338
104.784503	10245.879588	10.443904	-0.024622	5.209353
104.607401	10245.869538	10.448896	-0.024580	5.209346
104.716593	10245.808443	10.453888	-0.024606	5.209333
104.675418	10245.875431	10.458880	-0.024596	5.209349
104.717762	10245.787870	10.463872	-0.024606	5.209328
104.725533	10245.778130	10.468864	-0.024608	5.209326
104.568768	10245.785213	10.473856	-0.024571	5.209324
104.723323	10245.796326	10.478848	-0.024607	5.209331
104.685091	10245.864293	10.483840	-0.024598	5.209346
104.695085	10245.842799	10.488832	-0.024601	5.209341
104.590883	10245.675445	10.493824	-0.024576	5.209298
104.578654	10245.781738	10.498816	-0.024573	5.209323
104.583287	10245.877342	10.503808	-0.024574	5.209347
104.695513	10245.847957	10.508800	-0.024601	5.209342
104.726489	10245.840967	10.513792	-0.024608	5.209342
104.778715	10245.843331	10.518784	-0.024620	5.209343
104.684272	10245.819707	10.523776	-0.024598	5.209335
104.591617	10245.795900	10.528768	-0.024576	5.209327
104.728143	10245.874176	10.533760	-0.024608	5.209350
104.650222	10245.845020	10.538752	-0.024589	5.209341
104.864366	10245.778318	10.543744	-0.024641	5.209330
104.702286	10245.811559	10.548736	-0.024602	5.209334
104.616822	10245.804948	10.553728	-0.024581	5.209330
104.700213	10245.872007	10.558720	-0.024601	5.209348
104.634422	10245.830084	10.563712	-0.024585	5.209337
104.725390	10245.866911	10.568704	-0.024607	5.209348
104.756575	10245.848372	10.573696	-0.024615	5.209344
104.729035	10245.811503	10.578688	-0.024608	5.209334
104.725934	10245.815683	10.583680	-0.024607	5.209335
104.641131	10245.843584	10.588672	-0.024587	5.209340
104.804808	10245.793569	10.593664	-0.024626	5.209332
104.742905	10245.821691	10.598656	-0.024611	5.209337
104.742159	10245.814102	10.603648	-0.024611	5.209335
104.715962	10245.796308	10.608640	-0.024605	5.209330
104.832223	10245.803652	10.613632	-0.024632	5.209335
104.748862	10245.858303	10.618624	-0.024612	5.209346
104.817095	10245.732234	10.623616	-0.024629	5.209317
104.722225	10245.832888	10.628608	-0.024606	5.209339
104.795170	10245.871558	10.633600	-0.024623	5.209351
104.761257	10245.845587	10.638592	-0.024615	5.209343
104.868174	10245.855168	10.643584	-0.024641	5.209348
104.848516	10245.791877	10.648576	-0.024636	5.209332
104.756967	10245.792292	10.653568	-0.024614	5.209330
104.701092	10245.803147	10.658560	-0.024600	5.209332
104.842482	10245.779745	10.663552	-0.024634	5.209329
104.803448	10245.833706	10.668544	-0.024625	5.209342
104.808597	10245.808865	10.673536	-0.024626	5.209336
104.670443	10245.752567	10.678528	-0.024593	5.209318
104.828622	10245.801733	10.683520	-0.024631	5.209334
104.896446	10245.783291	10.688512	-0.024647	5.209332
104.778098	10245.769796	10.693504	-0.024619	5.209325
104.745196	10245.800076	10.698496	-0.024611	5.209332
104.825456	10245.768835	10.703488	-0.024630	5.209326
104.770616	10245.800077	10.708480	-0.024617	5.209332
104.706880	10245.809175	10.713472	-0.024601	5.209333
104.874389	10245.842019	10.718464	-0.024641	5.209345
104.694725	10245.770753	10.723456	-0.024598	5.209323
104.727974	10245.699492	10.728448	-0.024606	5.209307
104.839685	10245.762375	10.733440	-0.024633	5.209325
104.815430	10245.799456	10.738432	-0.024627	5.209333
104.892657	10245.813353	10.743424	-0.024646	5.209339
104.954345	10245.800661	10.748416	-0.024660	5.209337
104.885453	10245.765459	10.753408	-0.024644	5.209327
104.855708	10245.855613	10.758400	-0.024637	5.209348
104.741326	10245.762303	10.763392	-0.024609	5.209322
104.956117	10245.819770	10.768384	-0.024660	5.209342
104.964438	10245.788200	10.773376	-0.024662	5.209334
104.845101	10245.792736	10.778368	-0.024634	5.209332
105.023714	10245.821883	10.783360	-0.024677	5.209344
104.897261	10245.747738	10.788352	-0.024646	5.209323
105.070265	10245.846621	10.793344	-0.024688	5.209351
104.984260	10245.838784	10.798336	-0.024667	5.209347
104.996096	10245.783800	10.803328	-0.024670	5.209334
105.060506	10245.843836	10.808320	-0.024685	5.209350
105.002385	10245.766546	10.813312	-0.024671	5.209330
104.936109	10245.815608	10.818304	-0.024655	5.209340
105.027948	10245.793430	10.823296	-0.024677	5.209337
105.002604	10245.817814	10.828288	-0.024671	5.209342
104.939811	10245.846027	10.833280	-0.024656	5.209348
105.058465	10245.771157	10.838272	-0.024684	5.209332
104.898126	10245.823432	10.843264	-0.024646	5.209341
104.987428	10245.752843	10.848256	-0.024667	5.209326
105.046104	10245.835238	10.853248	-0.024681	5.209348
104.987810	10245.836095	10.858240	-0.024667	5.209347
105.026107	10245.773283	10.863232	-0.024676	5.209332
105.034534	10245.812145	10.868224	-0.024678	5.209342
104.919490	10245.816242	10.873216	-0.024651	5.209340
104.934367	10245.777598	10.878208	-0.024654	5.209331
105.125666	10245.834906	10.883200	-0.024700	5.209350
105.034102	10245.818672	10.888192	-0.024678	5.209343
105.113137	10245.837507	10.893184	-0.024697	5.209350
105.017604	10245.801186	10.898176	-0.024674	5.209339
105.127216	10245.686255	10.903168	-0.024700	5.209313
105.179532	10245.666837	10.908160	-0.024713	5.209310
105.128004	10245.751534	10.913152	-0.024700	5.209329
105.079969	10245.844839	10.918144	-0.024689	5.209351
104.969983	10245.804872	10.923136	-0.024662	5.209338
105.036542	10245.831387	10.928128	-0.024678	5.209347
104.980117	10245.810279	10.933120	-0.024665	5.209340
104.966542	10245.720751	10.938112	-0.024661	5.209318
104.924931	10245.803153	10.943104	-0.024651	5.209337
104.974524	10245.792979	10.948096	-0.024663	5.209336
104.893534	10245.824333	10.953088	-0.024644	5.209341
104.972813	10245.844424	10.958080	-0.024663	5.209348
104.989300	10245.737734	10.963072	-0.024667	5.209322
104.943593	10245.811589	10.968064	-0.024656	5.209339
104.963402	10245.787810	10.973056	-0.024660	5.209334
105.005984	10245.798845	10.978048	-0.024670	5.209338
105.053201	10245.801722	10.983040	-0.024682	5.209340
105.043942	10245.733526	10.988032	-0.024679	5.209323
105.003790	10245.797848	10.993024	-0.024670	5.209337
104.902963	10245.838915	10.998016	-0.024646	5.209345
105.002328	10245.812125	11.003008	-0.024669	5.209341
105.043365	10245.828442	11.008000	-0.024679	5.209346
104.865341	10245.797993	11.012992	-0.024637	5.209334
104.968070	10245.848987	11.017984	-0.024661	5.209349
105.065973	10245.796731	11.022976	-0.024684	5.209339
104.841377	10245.809467	11.027968	-0.024631	5.209336
104.902099	10245.836579	11.032960	-0.024645	5.209344
104.862199	10245.829151	11.037952	-0.024636	5.209342
104.871547	10245.864077	11.042944	-0.024638	5.209350
104.941528	10245.819799	11.047936	-0.024654	5.209341
104.954323	10245.823633	11.052928	-0.024657	5.209342
104.966258	10245.831398	11.057920	-0.024660	5.209345
105.086002	10245.821737	11.062912	-0.024689	5.209345
104.869164	10245.861857	11.067904	-0.024637	5.209350
104.834706	10245.819291	11.072896	-0.024629	5.209338
104.898474	10245.821757	11.077888	-0.024644	5.209341
104.954488	10245.862158	11.082880	-0.024657	5.209352
104.900163	10245.830589	11.087872	-0.024644	5.209343
105.037321	10245.860132	11.092864	-0.024677	5.209353
104.853270	10245.845669	11.097856	-0.024633	5.209345
105.048765	10245.862844	11.102848	-0.024680	5.209354
105.067653	10245.841720	11.107840	-0.024684	5.209350
104.983662	10245.832396	11.112832	-0.024664	5.209345
104.981768	10245.832609	11.117824	-0.024663	5.209345
104.941961	10245.822610	11.122816	-0.024654	5.209342
105.064161	10245.831909	11.127808	-0.024683	5.209347
105.054670	10245.835461	11.132800	-0.024681	5.209348
105.019720	10245.796788	11.137792	-0.024672	5.209337
104.987672	10245.842350	11.142784	-0.024665	5.209348
104.981501	10245.825070	11.147776	-0.024663	5.209343
104.885860	10245.884818	11.152768	-0.024640	5.209356
105.103643	10245.819025	11.157760	-0.024692	5.209345
105.006215	10245.821321	11.162752	-0.024669	5.209343
105.091065	10245.897198	11.167744	-0.024689	5.209364
104.990650	10245.876745	11.172736	-0.024665	5.209356
105.120149	10245.885298	11.177728	-0.024696	5.209362
105.197933	10245.858153	11.182720	-0.024715	5.209357
105.152396	10245.810316	11.187712	-0.024704	5.209344
105.114855	10245.862844	11.192704	-0.024695	5.209356
105.176295	10245.830966	11.197696	-0.024709	5.209350
105.050716	10245.875844	11.202688	-0.024679	5.209358
105.069080	10245.834282	11.207680	-0.024683	5.209348
105.051633	10245.871948	11.212672	-0.024679	5.209357
105.096931	10245.866055	11.217664	-0.024690	5.209356
105.077437	10245.882156	11.222656	-0.024685	5.209360
105.063714	10245.859244	11.227648	-0.024682	5.209354
105.009445	10245.867374	11.232640	-0.024669	5.209354
105.152524	10245.813060	11.237632	-0.024703	5.209345
105.201016	10245.849108	11.242624	-0.024715	5.209355
105.174518	10245.817255	11.247616	-0.024708	5.209346
105.115925	10245.796368	11.252608	-0.024694	5.209340
105.021482	10245.825256	11.257600	-0.024672	5.209344
104.999733	10245.805726	11.262592	-0.024666	5.209339
105.004373	10245.801428	11.267584	-0.024667	5.209338
104.970475	10245.819003	11.272576	-0.024659	5.209342
105.112401	10245.839093	11.277568	-0.024693	5.209350
105.007152	10245.840908	11.282560	-0.024668	5.209348
104.869707	10245.773010	11.287552	-0.024635	5.209328
105.108406	10245.813944	11.292544	-0.024692	5.209344
104.921874	10245.762592	11.297536	-0.024647	5.209327
105.095280	10245.853749	11.302528	-0.024689	5.209353
105.140657	10245.827356	11.307520	-0.024700	5.209348
105.118152	10245.779726	11.312512	-0.024694	5.209336
105.217068	10245.804214	11.317504	-0.024718	5.209344
105.031149	10245.809153	11.322496	-0.024673	5.209341
104.992947	10245.798990	11.327488	-0.024664	5.209337
105.247080	10245.766623	11.332480	-0.024725	5.209336
105.122609	10245.802422	11.337472	-0.024695	5.209341
105.044342	10245.848868	11.342464	-0.024676	5.209351
105.058040	10245.818029	11.347456	-0.024680	5.209343
104.975269	10245.827792	11.352448	-0.024660	5.209344
105.134359	10245.821792	11.357440	-0.024698	5.209346
105.013346	10245.825219	11.362432	-0.024669	5.209344
105.077432	10245.849425	11.367424	-0.024684	5.209352
104.964692	10245.819986	11.372416	-0.024657	5.209342
105.127046	10245.859762	11.377408	-0.024696	5.209355
105.051582	10245.821388	11.382400	-0.024678	5.209344
105.161176	10245.778183	11.387392	-0.024704	5.209336
105.042659	10245.830024	11.392384	-0.024675	5.209346
105.113499	10245.812555	11.397376	-0.024692	5.209343
105.146934	10245.843738	11.402368	-0.024700	5.209352
105.169735	10245.827337	11.407360	-0.024706	5.209348
105.193632	10245.805702	11.412352	-0.024711	5.209344
105.218574	10245.831349	11.417344	-0.024717	5.209351
105.099614	10245.812792	11.422336	-0.024689	5.209343
105.168857	10245.824944	11.427328	-0.024705	5.209348
105.178909	10245.839305	11.432320	-0.024708	5.209352
105.096120	10245.788873	11.437312	-0.024688	5.209337
105.098188	10245.828385	11.442304	-0.024688	5.209347
105.080543	10245.848140	11.447296	-0.024684	5.209351
105.201049	10245.848647	11.452288	-0.024713	5.209354
105.216157	10245.820226	11.457280	-0.024716	5.209348
105.140006	10245.840839	11.462272	-0.024698	5.209351
105.168636	10245.845616	11.467264	-0.024705	5.209353
105.081541	10245.799466	11.472256	-0.024684	5.209339
105.174832	10245.804036	11.477248	-0.024706	5.209343
105.253772	10245.829286	11.482240	-0.024725	5.209351
105.059410	10245.776172	11.487232	-0.024679	5.209333
105.066946	10245.818968	11.492224	-0.024680	5.209344
105.048761	10245.783704	11.497216	-0.024676	5.209335
105.219584	10245.811086	11.502208	-0.024717	5.209346
105.105918	10245.822727	11.507200	-0.024690	5.209346
105.177514	10245.806461	11.512192	-0.024707	5.209343
105.249174	10245.859352	11.517184	-0.024724	5.209358
105.123899	10245.833755	11.522176	-0.024694	5.209349
105.173019	10245.805699	11.527168	-0.024705	5.209343
105.153729	10245.823060	11.532160	-0.024701	5.209347
105.171653	10245.809720	11.537152	-0.024705	5.209344
105.124591	10245.845290	11.542144	-0.024694	5.209352
105.155632	10245.772973	11.547136	-0.024701	5.209335
105.185826	10245.833946	11.552128	-0.024708	5.209350
105.182335	10245.840726	11.557120	-0.024707	5.209352
105.074532	10245.837679	11.562112	-0.024682	5.209348
105.138258	10245.868326	11.567104	-0.024697	5.209358
105.142856	10245.843541	11.572096	-0.024698	5.209352
105.215347	10245.863046	11.577088	-0.024715	5.209358
105.251061	10245.870941	11.582080	-0.024724	5.209361
105.265612	10245.827207	11.587072	-0.024727	5.209351
105.245126	10245.819074	11.592064	-0.024722	5.209348
105.173100	10245.827739	11.597056	-0.024705	5.209348
105.109700	10245.866260	11.602048	-0.024690	5.209356
105.073656	10245.854595	11.607040	-0.024681	5.209353
105.213360	10245.830085	11.612032	-0.024714	5.209350
105.091966	10245.892467	11.617024	-0.024685	5.209362
105.189930	10245.867101	11.622016	-0.024709	5.209358
105.158480	10245.872898	11.627008	-0.024701	5.209359
105.194461	10245.850027	11.632000	-0.024710	5.209354
105.090867	10245.881131	11.636992	-0.024685	5.209359
105.133496	10245.876792	11.641984	-0.024695	5.209359
105.178811	10245.826070	11.646976	-0.024706	5.209348
105.209538	10245.775559	11.651968	-0.024713	5.209337
105.154519	10245.792731	11.656960	-0.024700	5.209339
105.093811	10245.824573	11.661952	-0.024685	5.209346
105.174010	10245.820235	11.666944	-0.024704	5.209347
105.220269	10245.787348	11.671936	-0.024715	5.209340
105.215548	10245.827555	11.676928	-0.024714	5.209349
105.136702	10245.812581	11.681920	-0.024695	5.209344
105.242353	10245.815888	11.686912	-0.024721	5.209347
105.267386	10245.817191	11.691904	-0.024726	5.209348
105.311983	10245.798562	11.696896	-0.024737	5.209345
105.257128	10245.842614	11.701888	-0.024724	5.209354
105.180039	10245.828741	11.706880	-0.024705	5.209349
105.258725	10245.824559	11.711872	-0.024724	5.209350
105.174538	10245.847274	11.716864	-0.024704	5.209353
105.275839	10245.756247	11.721856	-0.024728	5.209333
105.336905	10245.765393	11.726848	-0.024743	5.209337
105.375119	10245.812737	11.731840	-0.024752	5.209350
105.108541	10245.733706	11.736832	-0.024688	5.209324
105.281905	10245.803095	11.741824	-0.024729	5.209345
105.207848	10245.852952	11.746816	-0.024712	5.209355
105.262787	10245.817896	11.751808	-0.024725	5.209348
105.290990	10245.790697	11.756800	-0.024731	5.209342
105.243784	10245.830125	11.761792	-0.024720	5.209351
105.096050	10245.852933	11.766784	-0.024685	5.209353
105.155351	10245.800781	11.771776	-0.024699	5.209341
105.233075	10245.796697	11.776768	-0.024717	5.209342
105.128121	10245.804885	11.781760	-0.024692	5.209342
105.142324	10245.814980	11.786752	-0.024696	5.209344
105.225772	10245.815434	11.791744	-0.024716	5.209347
105.318308	10245.790623	11.796736	-0.024738	5.209343
105.323582	10245.811877	11.801728	-0.024739	5.209348
105.129301	10245.842006	11.806720	-0.024692	5.209351
105.197580	10245.810710	11.811712	-0.024709	5.209345
105.215275	10245.833255	11.816704	-0.024713	5.209351
105.179900	10245.809995	11.821696	-0.024704	5.209344
105.194134	10245.766293	11.826688	-0.024708	5.209334
105.127603	10245.812819	11.831680	-0.024692	5.209343
105.244057	10245.795810	11.836672	-0.024720	5.209342
105.221714	10245.780182	11.841664	-0.024714	5.209338
105.154665	10245.789619	11.846656	-0.024698	5.209338
105.119410	10245.772750	11.851648	-0.024690	5.209333
105.092796	10245.749875	11.856640	-0.024683	5.209327
105.121716	10245.851963	11.861632	-0.024690	5.209353
105.048848	10245.868398	11.866624	-0.024673	5.209355
105.207095	10245.794603	11.871616	-0.024710	5.209341
105.140117	10245.860387	11.876608	-0.024694	5.209355
105.236144	10245.822411	11.881600	-0.024717	5.209348
105.085578	10245.819893	11.886592	-0.024681	5.209344
105.126802	10245.881019	11.891584	-0.024691	5.209360
105.147778	10245.799484	11.896576	-0.024696	5.209341
105.138062	10245.885030	11.901568	-0.024694	5.209361
105.223762	10245.796878	11.906560	-0.024714	5.209342
105.191079	10245.763096	11.911552	-0.024706	5.209333
105.112241	10245.832654	11.916544	-0.024687	5.209348
105.011102	10245.754640	11.921536	-0.024663	5.209326
105.105838	10245.828225	11.926528	-0.024686	5.209347
105.196557	10245.822812	11.931520	-0.024707	5.209348
105.160757	10245.867477	11.936512	-0.024699	5.209358
105.032556	10245.872919	11.941504	-0.024668	5.209356
105.115138	10245.864496	11.946496	-0.024688	5.209356
105.091753	10245.898926	11.951488	-0.024682	5.209363
105.025721	10245.842938	11.956480	-0.024666	5.209348
105.222118	10245.829282	11.961472	-0.024713	5.209350
105.141634	10245.818318	11.966464	-0.024694	5.209345
105.066289	10245.788898	11.971456	-0.024676	5.209336
105.214720	10245.828816	11.976448	-0.024711	5.209349
105.174861	10245.820103	11.981440	-0.024702	5.209346
105.085050	10245.819059	11.986432	-0.024680	5.209344
105.187758	10245.820105	11.991424	-0.024705	5.209347
105.289615	10245.745671	11.996416	-0.024729	5.209331
105.247428	10245.863994	12.001408	-0.024719	5.209359
105.113291	10245.861078	12.006400	-0.024687	5.209355
105.153853	10245.836458	12.011392	-0.024696	5.209350
105.290554	10245.832747	12.016384	-0.024729	5.209352
105.258808	10245.809116	12.021376	-0.024721	5.209346
105.207059	10245.829796	12.026368	-0.024709	5.209349
105.079841	10245.856911	12.031360	-0.024678	5.209353
105.149475	10245.838284	12.036352	-0.024695	5.209350
105.200983	10245.847126	12.041344	-0.024707	5.209353
105.273383	10245.838463	12.046336	-0.024725	5.209353
105.288826	10245.868924	12.051328	-0.024728	5.209361
105.113345	10245.817721	12.056320	-0.024686	5.209344
105.127966	10245.832896	12.061312	-0.024690	5.209348
105.251609	10245.838206	12.066304	-0.024719	5.209353
105.234578	10245.775927	12.071296	-0.024715	5.209337
105.214190	10245.858721	12.076288	-0.024710	5.209357
105.141604	10245.780349	12.081280	-0.024693	5.209336
105.284641	10245.782395	12.086272	-0.024727	5.209340
105.209849	10245.831046	12.091264	-0.024709	5.209350
105.168500	10245.842978	12.096256	-0.024699	5.209352
105.206259	10245.850665	12.101248	-0.024708	5.209354
105.100184	10245.820544	12.106240	-0.024683	5.209344
105.365279	10245.779372	12.111232	-0.024746	5.209341
105.285939	10245.825927	12.116224	-0.024727	5.209350
105.344284	10245.813577	12.121216	-0.024741	5.209349
105.246229	10245.849238	12.126208	-0.024717	5.209355
105.207120	10245.834044	12.131200	-0.024708	5.209350
105.322386	10245.847895	12.136192	-0.024736	5.209357
105.165096	10245.866557	12.141184	-0.024698	5.209357
105.179927	10245.813829	12.146176	-0.024701	5.209345
105.269753	10245.843088	12.151168	-0.024723	5.209354
105.302152	10245.830830	12.156160	-0.024731	5.209352
105.174420	10245.841347	12.161152	-0.024700	5.209351
105.151926	10245.843667	12.166144	-0.024694	5.209351
105.311428	10245.803044	12.171136	-0.024733	5.209345
105.314268	10245.827108	12.176128	-0.024733	5.209351
105.381298	10245.801063	12.181120	-0.024749	5.209347
105.351951	10245.814329	12.186112	-0.024742	5.209349
105.288292	10245.860562	12.191104	-0.024727	5.209359
105.179756	10245.852466	12.196096	-0.024701	5.209354
105.196625	10245.868692	12.201088	-0.024705	5.209358
105.233455	10245.765044	12.206080	-0.024714	5.209334
105.322009	10245.779065	12.211072	-0.024735	5.209340
105.256181	10245.831923	12.216064	-0.024719	5.209351
105.254282	10245.792432	12.221056	-0.024718	5.209341
105.223280	10245.854538	12.226048	-0.024711	5.209356
105.338857	10245.832495	12.231040	-0.024739	5.209353
105.313848	10245.809455	12.236032	-0.024733	5.209347
105.218559	10245.805128	12.241024	-0.024710	5.209343
105.303371	10245.765738	12.246016	-0.024730	5.209336
105.340590	10245.847766	12.251008	-0.024739	5.209357
105.275762	10245.799339	12.256000	-0.024723	5.209343
105.202454	10245.842716	12.260992	-0.024706	5.209352
105.302416	10245.832515	12.265984	-0.024730	5.209352
105.289193	10245.810833	12.270976	-0.024726	5.209347
105.386248	10245.836792	12.275968	-0.024750	5.209355
105.225193	10245.809730	12.280960	-0.024711	5.209345
105.354112	10245.810658	12.285952	-0.024742	5.209348
105.188647	10245.819910	12.290944	-0.024702	5.209346
105.352915	10245.801854	12.295936	-0.024741	5.209346
105.152500	10245.858226	12.300928	-0.024693	5.209355
105.286853	10245.844510	12.305920	-0.024725	5.209355
105.303070	10245.831344	12.310912	-0.024729	5.209352
105.402306	10245.821218	12.315904	-0.024753	5.209352
105.424944	10245.803554	12.320896	-0.024758	5.209348
105.252550	10245.832726	12.325888	-0.024717	5.209351
105.262605	10245.812505	12.330880	-0.024719	5.209346
105.215990	10245.800641	12.335872	-0.024708	5.209342
105.294067	10245.811890	12.340864	-0.024727	5.209347
105.373224	10245.802536	12.345856	-0.024746	5.209347
105.460371	10245.834631	12.350848	-0.024767	5.209357
105.275776	10245.744656	12.355840	-0.024722	5.209330
105.316284	10245.725164	12.360832	-0.024732	5.209326
105.368569	10245.760824	12.365824	-0.024744	5.209336
105.204718	10245.826265	12.370816	-0.024705	5.209348
105.346259	10245.811814	12.375808	-0.024739	5.209348
105.348129	10245.779623	12.380800	-0.024739	5.209340
105.269750	10245.797902	12.385792	-0.024721	5.209343
105.248553	10245.832109	12.390784	-0.024716	5.209351
105.299543	10245.778245	12.395776	-0.024728	5.209339
105.352050	10245.847183	12.400768	-0.024740	5.209357
105.320428	10245.794080	12.405760	-0.024733	5.209343
105.299365	10245.745021	12.410752	-0.024727	5.209331
105.348774	10245.788660	12.415744	-0.024739	5.209342
105.331477	10245.781482	12.420736	-0.024735	5.209340
105.320465	10245.831298	12.425728	-0.024732	5.209352
105.290960	10245.776698	12.430720	-0.024725	5.209338
105.389615	10245.761508	12.435712	-0.024749	5.209337
105.390949	10245.770357	12.440704	-0.024749	5.209339
105.364766	10245.767930	12.445696	-0.024743	5.209338
105.382899	10245.796835	12.450688	-0.024747	5.209345
105.296850	10245.740332	12.455680	-0.024726	5.209329
105.233296	10245.730199	12.460672	-0.024711	5.209325
105.349668	10245.766991	12.465664	-0.024739	5.209337
105.403353	10245.696201	12.470656	-0.024752	5.209321
105.333682	10245.773788	12.475648	-0.024735	5.209338
105.269387	10245.748361	12.480640	-0.024720	5.209331
105.341192	10245.717985	12.485632	-0.024737	5.209325
105.400901	10245.801556	12.490624	-0.024751	5.209347
105.326141	10245.793849	12.495616	-0.024733	5.209343
105.371368	10245.731609	12.500608	-0.024744	5.209329
105.326028	10245.782373	12.505600	-0.024733	5.209340
105.390555	10245.803973	12.510592	-0.024748	5.209347
105.291351	10245.798765	12.515584	-0.024725	5.209343
105.245781	10245.780389	12.520576	-0.024714	5.209338
105.277935	10245.820669	12.525568	-0.024721	5.209348
105.439130	10245.818297	12.530560	-0.024760	5.209352
105.369969	10245.792087	12.535552	-0.024743	5.209344
105.410596	10245.808445	12.540544	-0.024753	5.209349
105.481164	10245.807655	12.545536	-0.024770	5.209350
105.369576	10245.838294	12.550528	-0.024743	5.209355
105.301031	10245.804336	12.555520	-0.024727	5.209345
105.301739	10245.817091	12.560512	-0.024727	5.209348
105.357124	10245.793518	12.565504	-0.024740	5.209344
105.427931	10245.779894	12.570496	-0.024757	5.209342
105.297100	10245.847083	12.575488	-0.024725	5.209355
105.262583	10245.772503	12.580480	-0.024717	5.209336
105.219160	10245.833317	12.585472	-0.024707	5.209350
105.315964	10245.820878	12.590464	-0.024730	5.209349
105.245252	10245.814038	12.595456	-0.024713	5.209346
105.256132	10245.855212	12.600448	-0.024715	5.209356
105.196007	10245.805024	12.605440	-0.024701	5.209342
105.190651	10245.820960	12.610432	-0.024700	5.209346
105.357556	10245.805197	12.615424	-0.024740	5.209347
105.203957	10245.794023	12.620416	-0.024703	5.209340
105.394969	10245.773233	12.625408	-0.024748	5.209340
105.435076	10245.761468	12.630400	-0.024758	5.209338
105.138540	10245.775155	12.635392	-0.024687	5.209334
105.202820	10245.801903	12.640384	-0.024702	5.209342
105.260956	10245.775486	12.645376	-0.024716	5.209337
105.385788	10245.744812	12.650368	-0.024746	5.209332
105.342152	10245.776189	12.655360	-0.024735	5.209339
105.323551	10245.730721	12.660352	-0.024731	5.209327
105.242064	10245.774934	12.665344	-0.024711	5.209336
105.288156	10245.725414	12.670336	-0.024722	5.209325
105.315365	10245.812307	12.675328	-0.024729	5.209347
105.331402	10245.758174	12.680320	-0.024733	5.209334
105.301030	10245.777950	12.685312	-0.024725	5.209338
105.218464	10245.838923	12.690304	-0.024706	5.209351
105.239944	10245.802165	12.695296	-0.024711	5.209343
105.275336	10245.797286	12.700288	-0.024719	5.209342
105.291056	10245.825157	12.705280	-0.024723	5.209350
105.200714	10245.822885	12.710272	-0.024701	5.209347
105.383595	10245.809331	12.715264	-0.024745	5.209348
105.269282	10245.776210	12.720256	-0.024717	5.209337
105.197639	10245.743850	12.725248	-0.024700	5.209327
105.283113	10245.791485	12.730240	-0.024721	5.209341
105.264605	10245.824136	12.735232	-0.024716	5.209349
105.197003	10245.810575	12.740224	-0.024700	5.209344
105.265287	10245.792086	12.745216	-0.024716	5.209341
105.319677	10245.856989	12.750208	-0.024729	5.209358
105.372574	10245.815738	12.755200	-0.024742	5.209349
105.418018	10245.827762	12.760192	-0.024753	5.209353
105.314663	10245.797362	12.765184	-0.024728	5.209343
105.393142	10245.771427	12.770176	-0.024747	5.209339
105.343008	10245.821401	12.775168	-0.024735	5.209350
105.296067	10245.805726	12.780160	-0.024723	5.209345
105.474022	10245.817011	12.785152	-0.024766	5.209352
105.309713	10245.824863	12.790144	-0.024726	5.209350
105.351245	10245.801425	12.795136	-0.024736	5.209345
105.416945	10245.831871	12.800128	-0.024752	5.209354
105.227979	10245.808943	12.805120	-0.024707	5.209344
105.247715	10245.841527	12.810112	-0.024711	5.209353
105.245818	10245.825090	12.815104	-0.024711	5.209348
105.320749	10245.827695	12.820096	-0.024729	5.209351
105.341888	10245.825554	12.825088	-0.024734	5.209351
105.251055	10245.770820	12.830080	-0.024712	5.209335
105.297018	10245.869885	12.835072	-0.024723	5.209361
105.339004	10245.836154	12.840064	-0.024733	5.209353
105.340726	10245.792450	12.845056	-0.024733	5.209343
105.487891	10245.772301	12.850048	-0.024769	5.209342
105.356640	10245.789581	12.855040	-0.024737	5.209342
105.464780	10245.778545	12.860032	-0.024763	5.209342
105.393445	10245.769207	12.865024	-0.024746	5.209338
105.306217	10245.803761	12.870016	-0.024725	5.209345
105.311212	10245.835290	12.875008	-0.024726	5.209353
105.187297	10245.808274	12.880000	-0.024696	5.209343
105.328920	10245.765636	12.884992	-0.024730	5.209336
105.147370	10245.786779	12.889984	-0.024687	5.209337
105.239347	10245.697986	12.894976	-0.024709	5.209317
105.279715	10245.830923	12.899968	-0.024718	5.209351
105.322410	10245.816332	12.904960	-0.024728	5.209348
105.301799	10245.758261	12.909952	-0.024723	5.209333
105.361344	10245.816233	12.914944	-0.024738	5.209349
105.380707	10245.807869	12.919936	-0.024742	5.209348
105.357812	10245.816633	12.924928	-0.024737	5.209349
105.369558	10245.812890	12.929920	-0.024740	5.209348
105.215923	10245.841425	12.934912	-0.024703	5.209352
105.385212	10245.792117	12.939904	-0.024743	5.209344
105.296937	10245.811408	12.944896	-0.024722	5.209346
105.181710	10245.842420	12.949888	-0.024694	5.209351
105.266815	10245.811965	12.954880	-0.024715	5.209346
105.363441	10245.809791	12.959872	-0.024738	5.209348
105.336416	10245.793361	12.964864	-0.024731	5.209343
105.384766	10245.797403	12.969856	-0.024743	5.209345
105.325218	10245.790703	12.974848	-0.024728	5.209342
105.365439	10245.746906	12.979840	-0.024738	5.209332
105.371062	10245.793740	12.984832	-0.024739	5.209344
105.245893	10245.810399	12.989824	-0.024709	5.209345
105.387574	10245.802338	12.994816	-0.024743	5.209346
105.353447	10243.942250	12.999808	-0.024735	5.208891
105.343309	10238.758924	13.004813	-0.024732	5.207624
105.366633	10233.611735	13.009818	-0.024737	5.206366
105.372355	10228.472697	13.014823	-0.024738	5.205109
105.213526	10223.236960	13.019827	-0.024699	5.203824
105.201578	10218.093338	13.024832	-0.024696	5.202566
105.300820	10212.888481	13.029837	-0.024719	5.201294
105.235986	10207.997658	13.034842	-0.024703	5.200096
105.333632	10203.151116	13.039847	-0.024726	5.198911
105.053246	10198.022271	13.044851	-0.024658	5.197648
105.266854	10192.848679	13.049856	-0.024709	5.196386
105.270850	10187.422834	13.054861	-0.024709	5.195057
105.183347	10181.818101	13.059866	-0.024688	5.193681
105.061083	10176.637428	13.064871	-0.024658	5.192408
105.043669	10171.468785	13.069875	-0.024653	5.191140
104.967435	10166.578636	13.074880	-0.024635	5.189939
104.945837	10161.551602	13.079885	-0.024629	5.188705
105.077373	10156.371102	13.084890	-0.024660	5.187437
104.949742	10151.253291	13.089895	-0.024629	5.186178
104.935767	10146.077805	13.094899	-0.024625	5.184907
104.921567	10140.850226	13.099904	-0.024621	5.183623
104.858894	10135.696395	13.104909	-0.024606	5.182355
104.888244	10130.576093	13.109914	-0.024612	5.181098
104.928434	10125.694697	13.114919	-0.024621	5.179899
104.830700	10120.658783	13.119923	-0.024597	5.178659
104.831076	10115.604858	13.124928	-0.024597	5.177416
104.817635	10110.420324	13.129933	-0.024593	5.176141
104.747548	10105.000680	13.134938	-0.024576	5.174806
104.704020	10099.645614	13.139943	-0.024565	5.173487
104.658596	10094.502680	13.144947	-0.024554	5.172220
104.595796	10089.385691	13.149952	-0.024538	5.170959
104.643232	10084.514335	13.154957	-0.024549	5.169761
104.681365	10079.466370	13.159962	-0.024558	5.168519
104.649394	10074.286425	13.164967	-0.024549	5.167242
104.598185	10069.152897	13.169971	-0.024537	5.165975
104.530922	10063.975496	13.174976	-0.024520	5.164698
104.549347	10058.787694	13.179981	-0.024524	5.163419
104.620960	10053.595473	13.184986	-0.024540	5.162141
104.448151	10048.492752	13.189991	-0.024499	5.160878
104.346614	10043.721510	13.194995	-0.024474	5.159698
104.420535	10038.599824	13.200000	-0.024491	5.158436
104.258350	10033.447878	13.205005	-0.024452	5.157160
104.339228	10028.295076	13.210010	-0.024471	5.155890
104.330224	10022.466846	13.215015	-0.024468	5.154450
104.257676	10017.349726	13.220019	-0.024450	5.153184
104.299335	10012.149513	13.225024	-0.024459	5.151901
104.166396	10007.073072	13.230029	-0.024427	5.150642
104.205302	10002.321486	13.235034	-0.024436	5.149469
104.178257	9997.220847	13.240039	-0.024429	5.148207
104.066048	9992.038586	13.245043	-0.024402	5.146922
104.203336	9986.854470	13.250048	-0.024434	5.145643
104.184094	9981.612969	13.255053	-0.024429	5.144346
104.091083	9976.464086	13.260058	-0.024406	5.143069
104.079127	9971.288740	13.265063	-0.024403	5.141787
104.019745	9966.273668	13.270067	-0.024388	5.140544
103.976089	9961.413121	13.275072	-0.024377	5.139339
104.040640	9956.262144	13.280077	-0.024392	5.138064
104.058500	9951.191872	13.285082	-0.024396	5.136808
104.102655	9945.836588	13.290087	-0.024406	5.135482
103.971256	9940.359720	13.295091	-0.024374	5.134121
103.932907	9935.221494	13.300096	-0.024364	5.132845
103.873865	9930.036504	13.305101	-0.024349	5.131558
103.861344	9925.163474	13.310106	-0.024346	5.130348
103.834445	9920.239101	13.315111	-0.024339	5.129125
103.721464	9915.077713	13.320115	-0.024311	5.127841
103.805611	9909.934779	13.325120	-0.024331	5.126566
103.724959	9904.730945	13.330125	-0.024311	5.125271
103.752048	9899.525278	13.335130	-0.024317	5.123979
103.656004	9894.442644	13.340135	-0.024294	5.122713
103.757548	9889.242590	13.345139	-0.024317	5.121424
103.686483	9884.459826	13.350144	-0.024300	5.120232
103.668422	9879.355942	13.355149	-0.024295	5.118963
103.596901	9874.167690	13.360154	-0.024277	5.117670
103.484352	9869.127135	13.365159	-0.024250	5.116413
103.432099	9863.551768	13.370163	-0.024237	5.115024
103.470762	9858.290013	13.375168	-0.024246	5.113715
103.406055	9853.149015	13.380173	-0.024230	5.112433
103.369439	9847.983608	13.385178	-0.024220	5.111146
103.333082	9843.234247	13.390183	-0.024211	5.109962
103.335526	9838.053179	13.395187	-0.024211	5.108671
103.180058	9832.907511	13.400192	-0.024174	5.107384
103.267193	9827.762086	13.405197	-0.024194	5.106104
103.205942	9822.568355	13.410202	-0.024179	5.104807
103.256975	9817.412063	13.415207	-0.024190	5.103522
103.052254	9812.193446	13.420211	-0.024141	5.102214
103.129390	9807.171908	13.425216	-0.024159	5.100963
103.067285	9802.263687	13.430221	-0.024144	5.099736
103.097931	9797.142328	13.435226	-0.024150	5.098458
103.103838	9791.997561	13.440231	-0.024151	5.097174
103.040187	9786.709564	13.445235	-0.024135	5.095851
102.895166	9781.309815	13.450240	-0.024100	5.094498
102.925710	9776.082577	13.455245	-0.024107	5.093192
102.954998	9770.886782	13.460250	-0.024114	5.091894
102.918623	9765.996921	13.465255	-0.024104	5.090670
102.925042	9760.978539	13.470259	-0.024105	5.089415
102.739514	9755.913547	13.475264	-0.024060	5.088142
102.683655	9750.699014	13.480269	-0.024047	5.086836
102.868275	9745.520532	13.485274	-0.024090	5.085545
102.862251	9740.376484	13.490279	-0.024088	5.084257
102.687298	9735.228286	13.495283	-0.024046	5.082962
102.671495	9730.035669	13.500288	-0.024042	5.081661
102.779220	9725.228772	13.505293	-0.024067	5.080460
102.764497	9720.196761	13.510298	-0.024063	5.079198
102.761341	9715.020221	13.515303	-0.024062	5.077900
102.625722	9709.886503	13.520307	-0.024029	5.076609
102.587675	9704.197701	13.525312	-0.024019	5.075181
102.572284	9698.965738	13.530317	-0.024015	5.073868
102.579083	9693.701457	13.535322	-0.024016	5.072547
102.592387	9688.626807	13.540327	-0.024019	5.071274
102.391671	9683.919033	13.545331	-0.023970	5.070086
102.389251	9678.764182	13.550336	-0.023969	5.068791
102.523941	9673.548650	13.555341	-0.024001	5.067485
102.467690	9668.425087	13.560346	-0.023987	5.066196
102.358612	9663.163719	13.565351	-0.023960	5.064870
102.312957	9657.983241	13.570355	-0.023949	5.063566
102.331931	9652.853626	13.575360	-0.023953	5.062277
102.378483	9647.893334	13.580365	-0.023963	5.061031
102.482201	9643.035472	13.585370	-0.023988	5.059811
102.378713	9637.926534	13.590375	-0.023962	5.058523
102.175291	9632.722820	13.595379	-0.023913	5.057207
102.301731	9627.376208	13.600384	-0.023943	5.055864
102.295682	9621.952436	13.605389	-0.023941	5.054498
102.151807	9616.809129	13.610394	-0.023906	5.053198
102.036099	9611.686149	13.615399	-0.023878	5.051904
102.108966	9606.786140	13.620403	-0.023895	5.050671
102.013537	9601.802035	13.625408	-0.023871	5.049411
102.197691	9596.534696	13.630413	-0.023915	5.048089
102.093657	9591.440329	13.635418	-0.023889	5.046800
102.049126	9586.200402	13.640423	-0.023878	5.045477
102.083348	9581.035347	13.645427	-0.023886	5.044175
102.051119	9575.836266	13.650432	-0.023878	5.042861
102.008553	9570.738684	13.655437	-0.023867	5.041573
102.020323	9566.019064	13.660442	-0.023869	5.040381
101.901100	9560.887467	13.665447	-0.023840	5.039081
101.872749	9555.706808	13.670451	-0.023833	5.037771
101.870655	9550.446548	13.675456	-0.023832	5.036441
101.872144	9544.699561	13.680461	-0.023832	5.034988
101.809936	9539.554356	13.685466	-0.023816	5.033685
101.800286	9534.402940	13.690471	-0.023814	5.032382
101.765938	9529.438423	13.695475	-0.023805	5.031125
101.844704	9524.447942	13.700480	-0.023823	5.029864
101.711090	9519.296916	13.705485	-0.023791	5.028556
101.809187	9514.150070	13.710490	-0.023814	5.027255
101.746079	9509.012950	13.715495	-0.023798	5.025952
101.701600	9503.798532	13.720499	-0.023787	5.024630
101.663526	9498.659862	13.725504	-0.023777	5.023326
101.580836	9493.452837	13.730509	-0.023757	5.022004
101.568485	9488.669552	13.735514	-0.023753	5.020791
101.457880	9483.613830	13.740519	-0.023726	5.019505
101.546376	9478.428125	13.745523	-0.023747	5.018192
101.394784	9473.308708	13.750528	-0.023710	5.016889
101.439202	9467.717839	13.755533	-0.023720	5.015471
101.510239	9462.540854	13.760538	-0.023737	5.014159
101.447042	9457.422194	13.765543	-0.023721	5.012857
101.468713	9452.332580	13.770547	-0.023726	5.011565
101.416016	9447.515078	13.775552	-0.023713	5.010339
101.473714	9442.340076	13.780557	-0.023726	5.009025
101.364265	9437.140293	13.785562	-0.023699	5.007700
101.335903	9432.015420	13.790567	-0.023692	5.006396
101.227837	9426.852616	13.795571	-0.023666	5.005080
101.333252	9421.715189	13.800576	-0.023690	5.003776
101.110802	9416.462523	13.805581	-0.023637	5.002432
100.999165	9411.621948	13.810586	-0.023610	5.001196
101.123142	9406.636991	13.815591	-0.023639	4.999931
101.205605	9401.442677	13.820595	-0.023658	4.998611
101.088248	9396.312461	13.825600	-0.023629	4.997300
100.897931	9390.703892	13.830605	-0.023583	4.995865
100.954213	9385.446013	13.835610	-0.023596	4.994527
101.056700	9380.286627	13.840615	-0.023620	4.993214
101.086604	9375.107000	13.845619	-0.023627	4.991894
100.956656	9370.367167	13.850624	-0.023595	4.990681
100.946580	9365.234310	13.855629	-0.023592	4.989371
100.851379	9360.054723	13.860634	-0.023569	4.988046
100.915550	9354.938546	13.865639	-0.023584	4.986742
100.838438	9349.653110	13.870643	-0.023565	4.985390
100.795991	9344.588435	13.875648	-0.023554	4.984095
100.867384	9339.360535	13.880653	-0.023571	4.982762
100.878220	9334.444540	13.885658	-0.023573	4.981506
100.878996	9329.439457	13.890663	-0.023573	4.980226
100.803284	9324.302440	13.895667	-0.023554	4.978910
100.738976	9319.211747	13.900672	-0.023538	4.977606
100.737490	9313.749653	13.905677	-0.023537	4.976209
100.620555	9308.418324	13.910682	-0.023509	4.974841
100.686976	9303.286071	13.915687	-0.023524	4.973529
100.550073	9298.123558	13.920691	-0.023491	4.972203
100.591159	9293.432364	13.925696	-0.023500	4.971003
100.579928	9288.279762	13.930701	-0.023497	4.969683
100.556185	9283.048497	13.935706	-0.023491	4.968341
100.497658	9277.959474	13.940711	-0.023476	4.967035
100.384652	9272.782540	13.945715	-0.023449	4.965704
100.312072	9267.562933	13.950720	-0.023431	4.964363
100.491748	9262.326019	13.955725	-0.023473	4.963026
100.334097	9257.475336	13.960730	-0.023435	4.961776
100.363800	9252.605663	13.965735	-0.023442	4.960527
100.395478	9247.373369	13.970739	-0.023449	4.959185
100.268392	9242.243016	13.975744	-0.023418	4.957864
100.212813	9236.725733	13.980749	-0.023404	4.956445
100.119998	9231.383701	13.985754	-0.023381	4.955069
100.240664	9226.177344	13.990759	-0.023409	4.953735
100.159266	9220.977656	13.995763	-0.023389	4.952396
100.174520	9216.217374	14.000768	-0.023393	4.951172
100.102430	9211.128448	14.005773	-0.023375	4.949861
100.092219	9205.869117	14.010778	-0.023372	4.948508
100.103262	9200.838966	14.015783	-0.023374	4.947214
100.000446	9195.575000	14.020787	-0.023349	4.945855
100.076295	9190.478563	14.025792	-0.023367	4.944546
100.076363	9185.190838	14.030797	-0.023366	4.943184
100.089841	9180.219098	14.035802	-0.023369	4.941903
99.912275	9175.371523	14.040807	-0.023326	4.940648
99.873322	9170.211739	14.045811	-0.023316	4.939317
99.805694	9165.026812	14.050816	-0.023299	4.937978
99.947936	9159.583630	14.055821	-0.023333	4.936579
99.869784	9154.295262	14.060826	-0.023313	4.935212
99.850911	9149.103492	14.065831	-0.023308	4.933872
99.898989	9143.914086	14.070835	-0.023319	4.932534
99.754406	9139.180456	14.075840	-0.023284	4.931307
99.747214	9134.107341	14.080845	-0.023282	4.929997
99.737209	9128.894551	14.085850	-0.023279	4.928650
99.713241	9123.772005	14.090855	-0.023273	4.927326
99.673990	9118.511529	14.095859	-0.023263	4.925965
99.725251	9113.371057	14.100864	-0.023275	4.924638
99.602301	9108.173946	14.105869	-0.023245	4.923290
99.556170	9103.277153	14.110874	-0.023233	4.922022
99.625768	9098.447251	14.115879	-0.023249	4.920774
99.547131	9093.148342	14.120883	-0.023230	4.919400
99.401298	9088.087706	14.125888	-0.023195	4.918085
99.417816	9082.553760	14.130893	-0.023198	4.916653
99.458155	9077.150847	14.135898	-0.023207	4.915255
99.297956	9071.979592	14.140903	-0.023168	4.913910
99.297365	9066.840473	14.145907	-0.023168	4.912578
99.245356	9062.144282	14.150912	-0.023155	4.911359
99.256112	9056.931693	14.155917	-0.023157	4.910007
99.222563	9051.772152	14.160922	-0.023148	4.908668
99.129655	9046.726597	14.165927	-0.023126	4.907356
99.169480	9041.414561	14.170931	-0.023135	4.905979
99.198399	9036.277425	14.175936	-0.023141	4.904646
99.221582	9031.046260	14.180941	-0.023146	4.903289
99.024123	9026.168083	14.185946	-0.023098	4.902015
99.067978	9021.196529	14.190951	-0.023108	4.900725
99.055749	9016.040358	14.195955	-0.023105	4.899385
99.036757	9010.917731	14.200960	-0.023100	4.898053
98.990917	9005.395490	14.205965	-0.023088	4.896615
98.889417	9000.208818	14.210970	-0.023063	4.895263
98.767149	8995.091192	14.215975	-0.023034	4.893927
98.836826	8989.898837	14.220979	-0.023050	4.892579
98.769024	8985.142529	14.225984	-0.023033	4.891338
98.670572	8980.035472	14.230989	-0.023009	4.890005
98.721912	8974.768221	14.235994	-0.023021	4.888635
98.638403	8969.626064	14.240999	-0.023000	4.887293
98.783144	8964.391046	14.246003	-0.023034	4.885934
98.682711	8959.318711	14.251008	-0.023010	4.884608
98.755554	8954.138145	14.256013	-0.023027	4.883260
98.654451	8949.297342	14.261018	-0.023002	4.881994
98.648153	8944.258297	14.266023	-0.023000	4.880679
98.577536	8939.052272	14.271027	-0.022983	4.879318
98.701699	8934.005469	14.276032	-0.023012	4.878006
98.556496	8928.228959	14.281037	-0.022977	4.876492
98.484896	8923.034757	14.286042	-0.022959	4.875133
98.587937	8917.867243	14.291047	-0.022983	4.873787
98.548915	8912.806502	14.296051	-0.022973	4.872463
98.473977	8907.913284	14.301056	-0.022955	4.871182
98.529581	8902.775492	14.306061	-0.022968	4.869841
98.367645	8897.638986	14.311066	-0.022928	4.868492
98.367480	8892.481824	14.316071	-0.022928	4.867143
98.355303	8887.189345	14.321075	-0.022924	4.865757
98.347112	8882.060036	14.326080	-0.022922	4.864415
98.278099	8876.926181	14.331085	-0.022905	4.863068
98.204740	8872.171049	14.336090	-0.022887	4.861820
98.216278	8867.072998	14.341095	-0.022889	4.860485
98.242347	8861.867119	14.346099	-0.022895	4.859122
98.180814	8856.717635	14.351104	-0.022880	4.857770
98.166715	8851.176084	14.356109	-0.022876	4.856317
98.135784	8845.968246	14.361114	-0.022868	4.854950
98.048110	8840.836362	14.366119	-0.022846	4.853601
98.152510	8835.901853	14.371123	-0.022871	4.852310
98.178163	8830.903402	14.376128	-0.022876	4.850999
98.130584	8825.795152	14.381133	-0.022864	4.849656
98.078024	8820.565394	14.386138	-0.022851	4.848281
98.063894	8815.368644	14.391143	-0.022847	4.846915
97.914818	8810.281209	14.396147	-0.022811	4.845573
97.960961	8804.899664	14.401152	-0.022822	4.844161
97.923649	8799.926685	14.406157	-0.022812	4.842852
97.920507	8795.033395	14.411162	-0.022811	4.841565
97.924732	8789.969489	14.416167	-0.022812	4.840233
97.855383	8784.698943	14.421171	-0.022794	4.838844
97.779681	8779.299167	14.426176	-0.022776	4.837420
97.635018	8773.870334	14.431181	-0.022741	4.835985
97.805128	8768.612465	14.436186	-0.022781	4.834607
97.731190	8763.505179	14.441191	-0.022763	4.833259
97.699859	8758.781950	14.446195	-0.022755	4.832013
97.574427	8753.649139	14.451200	-0.022724	4.830656
97.666850	8748.409059	14.456205	-0.022746	4.829278
97.552002	8743.354656	14.461210	-0.022718	4.827941
97.596426	8738.068630	14.466215	-0.022728	4.826548
97.440736	8732.944807	14.471219	-0.022690	4.825190
97.486730	8727.791670	14.476224	-0.022701	4.823832
97.480214	8722.867304	14.481229	-0.022698	4.822531
97.451740	8717.982832	14.486234	-0.022691	4.821240
97.531466	8712.747582	14.491239	-0.022710	4.819861
97.444579	8707.662613	14.496243	-0.022688	4.818514
97.393440	8702.132314	14.501248	-0.022676	4.817050
97.308782	8696.848145	14.506253	-0.022655	4.815650
97.340553	8691.717806	14.511258	-0.022662	4.814294
97.446608	8686.665673	14.516263	-0.022687	4.812962
97.369396	8681.800225	14.521267	-0.022668	4.811672
97.327342	8676.722349	14.526272	-0.022657	4.810326
97.318893	8671.496096	14.531277	-0.022655	4.808942
97.145499	8666.377376	14.536282	-0.022613	4.807580
97.144803	8661.247299	14.541287	-0.022612	4.806221
97.191393	8655.977622	14.546291	-0.022623	4.804826
97.128925	8650.925262	14.551296	-0.022607	4.803485
97.110200	8646.143580	14.556301	-0.022602	4.802216
97.137444	8640.986983	14.561306	-0.022608	4.800850
97.051627	8635.876295	14.566311	-0.022587	4.799491
96.938817	8630.455684	14.571315	-0.022560	4.798048
96.884331	8624.984850	14.576320	-0.022546	4.796594
97.020800	8619.728076	14.581325	-0.022578	4.795203
96.941751	8614.546107	14.586330	-0.022559	4.793824
96.961773	8609.767338	14.591335	-0.022563	4.792555
96.828677	8604.623075	14.596339	-0.022531	4.791183
96.863012	8599.533677	14.601344	-0.022538	4.789832
96.737182	8594.372564	14.606349	-0.022508	4.788454
96.774234	8589.138964	14.611354	-0.022516	4.787064
96.741671	8584.014331	14.616359	-0.022508	4.785699
96.702433	8578.773664	14.621363	-0.022498	4.784303
96.685116	8573.910130	14.626368	-0.022493	4.783008
96.750170	8568.857773	14.631373	-0.022508	4.781665
96.765270	8563.699212	14.636378	-0.022511	4.780292
96.633506	8558.616196	14.641383	-0.022479	4.778932
96.638015	8553.129479	14.646387	-0.022480	4.777470
96.517214	8547.912099	14.651392	-0.022451	4.776075
96.544342	8542.658336	14.656397	-0.022456	4.774675
96.662498	8537.612842	14.661402	-0.022484	4.773334
96.457999	8532.825258	14.666407	-0.022435	4.772048
96.598902	8527.656376	14.671411	-0.022468	4.770674
96.536075	8522.502364	14.676416	-0.022452	4.769296
96.519840	8517.265890	14.681421	-0.022448	4.767897
96.425453	8512.141740	14.686426	-0.022425	4.766525
96.347835	8506.950044	14.691431	-0.022406	4.765134
96.286743	8501.822865	14.696435	-0.022391	4.763762
96.454726	8497.083875	14.701440	-0.022430	4.762501
96.230144	8491.966065	14.706445	-0.022376	4.761124
96.200744	8486.808246	14.711450	-0.022369	4.759743
96.139631	8481.440782	14.716455	-0.022353	4.758304
96.054821	8475.940839	14.721459	-0.022333	4.756829
96.070751	8470.716901	14.726464	-0.022336	4.755431
96.083790	8465.613808	14.731469	-0.022339	4.754065
96.043088	8460.733357	14.736474	-0.022328	4.752756
96.010023	8455.721500	14.741479	-0.022320	4.751411
95.994993	8450.477816	14.746483	-0.022316	4.750005
95.911424	8445.385554	14.751488	-0.022295	4.748636
95.936515	8440.178572	14.756493	-0.022301	4.747241
95.908514	8434.990305	14.761498	-0.022294	4.745848
95.976465	8429.909120	14.766503	-0.022309	4.744487
95.991644	8424.862805	14.771507	-0.022312	4.743133
95.883056	8419.968879	14.776512	-0.022286	4.741815
95.904542	8414.751306	14.781517	-0.022291	4.740414
95.835434	8409.597576	14.786522	-0.022273	4.739027
95.849162	8404.133343	14.791527	-0.022276	4.737559
95.682955	8398.913655	14.796531	-0.022236	4.736149
95.680731	8393.780168	14.801536	-0.022235	4.734768
95.723343	8388.726183	14.806541	-0.022245	4.733410
95.639759	8383.856119	14.811546	-0.022224	4.732097
95.555653	8378.645363	14.816551	-0.022203	4.730691
95.515852	8373.569830	14.821555	-0.022193	4.729323
95.498120	8368.325549	14.826560	-0.022189	4.727910
95.591247	8363.191325	14.831565	-0.022210	4.726530
95.599970	8357.963535	14.836570	-0.022212	4.725122
95.487058	8352.991868	14.841575	-0.022184	4.723777
95.375095	8348.153495	14.846579	-0.022157	4.722468
95.520125	8342.964065	14.851584	-0.022191	4.721075
95.374325	8337.840853	14.856589	-0.022156	4.719687
95.456002	8332.304253	14.861594	-0.022175	4.718196
95.361964	8326.910432	14.866599	-0.022152	4.716736
95.476578	8321.663599	14.871603	-0.022179	4.715324
95.481862	8316.629023	14.876608	-0.022180	4.713964
95.464448	8311.803840	14.881613	-0.022175	4.712660
95.308106	8306.653411	14.886618	-0.022137	4.711262
95.288213	8301.434183	14.891623	-0.022132	4.709850
95.204118	8296.354418	14.896627	-0.022111	4.708473
95.146450	8291.125586	14.901632	-0.022097	4.707056
95.081423	8285.992912	14.906637	-0.022081	4.705665
95.038815	8280.763788	14.911642	-0.022070	4.704247
95.039615	8276.040399	14.916647	-0.022070	4.702969
94.898113	8270.906618	14.921651	-0.022035	4.701573
94.976393	8265.771935	14.926656	-0.022054	4.700185
94.847354	8260.497656	14.931661	-0.022022	4.698750
94.858866	8255.068778	14.936666	-0.022024	4.697279
94.822242	8249.925268	14.941671	-0.022015	4.695883
94.760469	8244.764138	14.946675	-0.022000	4.694481
94.803580	8239.842748	14.951680	-0.022010	4.693147
94.773286	8234.863853	14.956685	-0.022002	4.691795
94.657758	8229.668375	14.961690	-0.021974	4.690380
94.574435	8224.597145	14.966695	-0.021953	4.688999
94.614108	8219.283251	14.971699	-0.021962	4.687557
94.569968	8214.195285	14.976704	-0.021951	4.686173
94.611333	8209.041666	14.981709	-0.021961	4.684774
94.491021	8204.143021	14.986714	-0.021931	4.683437
94.467992	8199.150430	14.991719	-0.021925	4.682078
94.511522	8193.960811	14.996723	-0.021935	4.680669
94.513213	8188.775776	15.001728	-0.021935	4.679258
94.502256	8183.122929	15.006733	-0.021932	4.677719
94.430940	8177.957068	15.011738	-0.021914	4.676309
94.388259	8172.841065	15.016743	-0.021904	4.674914
94.414682	8167.802946	15.021747	-0.021909	4.673542
94.380805	8162.913122	15.026752	-0.021901	4.672208
94.265397	8157.723633	15.031757	-0.021873	4.670789
94.083459	8152.604496	15.036762	-0.021829	4.669385
94.241969	8147.334344	15.041767	-0.021866	4.667954
94.195883	8142.215502	15.046771	-0.021854	4.666556
94.190531	8136.968332	15.051776	-0.021853	4.665123
94.245127	8132.091859	15.056781	-0.021865	4.663794
94.173580	8127.050166	15.061786	-0.021848	4.662414
94.189989	8122.015651	15.066791	-0.021851	4.661040
94.164336	8116.818995	15.071795	-0.021844	4.659618
94.168025	8111.316709	15.076800	-0.021845	4.658115
94.131685	8106.123862	15.081805	-0.021835	4.656693
94.037270	8100.914341	15.086810	-0.021812	4.655264
93.993075	8095.994055	15.091815	-0.021801	4.653916
93.966416	8091.030248	15.096819	-0.021794	4.652556
93.980532	8085.882462	15.101824	-0.021797	4.651148
93.994747	8080.717977	15.106829	-0.021800	4.649734
93.908671	8075.568590	15.111834	-0.021779	4.648320
93.848086	8070.420193	15.116839	-0.021764	4.646907
93.821738	8065.254307	15.121843	-0.021757	4.645489
93.891073	8060.179627	15.126848	-0.021773	4.644101
93.832241	8055.352077	15.131853	-0.021759	4.642775
93.786930	8050.153981	15.136858	-0.021747	4.641347
93.715220	8045.058368	15.141863	-0.021730	4.639945
93.663318	8039.417627	15.146867	-0.021717	4.638394
93.601651	8034.217986	15.151872	-0.021701	4.636964
93.575617	8029.059766	15.156877	-0.021695	4.635546
93.595092	8023.979967	15.161882	-0.021699	4.634151
93.703948	8019.095311	15.166887	-0.021724	4.632813
93.479506	8013.985793	15.171891	-0.021670	4.631399
93.585227	8008.849126	15.176896	-0.021695	4.629991
93.493701	8003.602477	15.181901	-0.021672	4.628543
93.461089	7998.445646	15.186906	-0.021664	4.627123
93.646109	7993.235229	15.191911	-0.021708	4.625697
93.293632	7988.264209	15.196915	-0.021623	4.624312
93.288024	7983.368479	15.201920	-0.021621	4.622964
93.271220	7978.204057	15.206925	-0.021617	4.621540
93.466348	7973.011795	15.211930	-0.021663	4.620118
93.233206	7967.559147	15.216935	-0.021607	4.618604
93.270432	7962.321894	15.221939	-0.021615	4.617161
93.248612	7957.184015	15.226944	-0.021609	4.615743
93.296192	7952.123663	15.231949	-0.021620	4.614349
93.292759	7947.216657	15.236954	-0.021619	4.612994
93.258801	7942.059378	15.241959	-0.021610	4.611569
93.176676	7936.949895	15.246963	-0.021590	4.610154
93.164386	7931.741484	15.251968	-0.021586	4.608714
92.973723	7926.638048	15.256973	-0.021540	4.607295
93.049823	7921.391517	15.261978	-0.021558	4.605848
92.995542	7916.423927	15.266983	-0.021545	4.604472
93.009632	7911.504323	15.271987	-0.021547	4.603112
92.976208	7906.338915	15.276992	-0.021539	4.601681
93.056487	7901.232250	15.281997	-0.021558	4.600271
92.831846	7895.601632	15.287002	-0.021503	4.598702
93.047464	7890.423317	15.292007	-0.021554	4.597277
92.894710	7885.140786	15.297011	-0.021517	4.595807
92.900092	7880.142880	15.302016	-0.021518	4.594422
92.952265	7875.284113	15.307021	-0.021530	4.593077
92.873546	7870.011329	15.312026	-0.021511	4.591612
92.805846	7864.938755	15.317031	-0.021494	4.590201
92.776721	7859.754599	15.322035	-0.021487	4.588761
92.609940	7854.596807	15.327040	-0.021446	4.587322
92.786244	7849.431833	15.332045	-0.021488	4.585896
92.633857	7844.416576	15.337050	-0.021451	4.584496
92.638108	7839.573875	15.342055	-0.021451	4.583151
92.578022	7834.373603	15.347059	-0.021436	4.581703
92.715482	7829.194257	15.352064	-0.021469	4.580269
92.713502	7823.744158	15.357069	-0.021468	4.578754
92.504693	7818.497022	15.362074	-0.021417	4.577284
92.539490	7813.372009	15.367079	-0.021425	4.575860
92.599576	7808.353198	15.372083	-0.021439	4.574465
92.642931	7803.354348	15.377088	-0.021449	4.573076
92.409675	7798.278171	15.382093	-0.021393	4.571651
92.325156	7793.081656	15.387098	-0.021372	4.570199
92.303708	7787.957052	15.392103	-0.021366	4.568770
92.385556	7782.746464	15.397107	-0.021385	4.567321
92.331527	7777.573389	15.402112	-0.021372	4.565876
92.184732	7772.732856	15.407117	-0.021336	4.564519
92.207940	7767.701230	15.412122	-0.021341	4.563116
92.359272	7762.564934	15.417127	-0.021377	4.561689
92.235901	7757.452260	15.422131	-0.021347	4.560256
92.218814	7751.643019	15.427136	-0.021342	4.558632
92.155403	7746.578624	15.432141	-0.021326	4.557214
92.063328	7741.355301	15.437146	-0.021304	4.555750
92.084053	7736.419717	15.442151	-0.021308	4.554371
92.068703	7731.426890	15.447155	-0.021304	4.552974
92.098749	7726.221622	15.452160	-0.021311	4.551519
92.013622	7721.173288	15.457165	-0.021290	4.550102
91.893496	7715.923876	15.462170	-0.021261	4.548627
91.824772	7710.779091	15.467175	-0.021244	4.547183
91.766760	7705.620801	15.472179	-0.021229	4.545736
91.767295	7700.791921	15.477184	-0.021229	4.544382
91.814787	7695.694909	15.482189	-0.021240	4.542956
91.730189	7690.545901	15.487194	-0.021219	4.541508
91.658478	7685.346320	15.492199	-0.021201	4.540047
91.827120	7679.795482	15.497203	-0.021241	4.538497
91.813470	7674.647451	15.502208	-0.021237	4.537052
91.732166	7669.524663	15.507213	-0.021218	4.535610
91.614939	7664.665217	15.512218	-0.021189	4.534239
91.748477	7659.608402	15.517223	-0.021220	4.532825
91.573715	7654.307345	15.522227	-0.021178	4.531327
91.569463	7649.144815	15.527232	-0.021177	4.529876
91.443157	7643.922382	15.532237	-0.021146	4.528401
91.454571	7638.802730	15.537242	-0.021148	4.526962
91.475972	7633.618673	15.542247	-0.021153	4.525504
91.588713	7628.842267	15.547251	-0.021179	4.524165
91.459320	7623.773379	15.552256	-0.021148	4.522732
91.289814	7618.593231	15.557261	-0.021107	4.521265
91.387842	7613.095818	15.562266	-0.021129	4.519721
91.490230	7607.690332	15.567271	-0.021153	4.518202
91.399182	7602.475578	15.572275	-0.021131	4.516727
91.275439	7597.429712	15.577280	-0.021101	4.515299
91.325081	7592.682431	15.582285	-0.021112	4.513962
91.414603	7587.403212	15.587290	-0.021133	4.512476
91.257331	7582.280511	15.592295	-0.021095	4.511023
91.272930	7577.152167	15.597299	-0.021098	4.509575
91.156388	7571.966218	15.602304	-0.021070	4.508105
91.250499	7566.793555	15.607309	-0.021092	4.506648
91.071111	7561.829378	15.612314	-0.021049	4.505236
91.056782	7556.964464	15.617319	-0.021045	4.503860
91.201336	7551.712958	15.622323	-0.021079	4.502382
91.169589	7546.613569	15.627328	-0.021071	4.500937
90.998886	7541.153591	15.632333	-0.021029	4.499384
91.013211	7535.862300	15.637338	-0.021032	4.497886
90.836290	7530.791852	15.642343	-0.020989	4.496442
90.859325	7525.843020	15.647347	-0.020994	4.495041
90.902473	7520.771100	15.652352	-0.021004	4.493606
90.898008	7515.684747	15.657357	-0.021002	4.492164
90.613072	7510.589949	15.662362	-0.020934	4.490705
90.795485	7505.370194	15.667367	-0.020977	4.489234
90.603958	7500.206639	15.672371	-0.020931	4.487759
90.607734	7495.061743	15.677376	-0.020931	4.486299
90.583016	7490.166403	15.682381	-0.020925	4.484908
90.722470	7485.104653	15.687386	-0.020957	4.483477
90.596741	7480.027689	15.692391	-0.020927	4.482028
90.586028	7474.852332	15.697395	-0.020924	4.480557
90.495252	7469.301671	15.702400	-0.020901	4.478974
90.414176	7464.167296	15.707405	-0.020882	4.477510
90.425388	7458.961568	15.712410	-0.020884	4.476030
90.325171	7454.153116	15.717415	-0.020859	4.474656
90.236618	7449.026155	15.722419	-0.020838	4.473192
90.235217	7443.846293	15.727424	-0.020837	4.471717
90.251987	7438.719770	15.732429	-0.020840	4.470258
90.124237	7433.513814	15.737434	-0.020809	4.468768
90.224761	7428.341051	15.742439	-0.020833	4.467298
90.140653	7423.216373	15.747443	-0.020812	4.465833
90.178678	7418.450745	15.752448	-0.020821	4.464475
90.219102	7413.276973	15.757453	-0.020830	4.463001
90.090654	7408.137679	15.762458	-0.020799	4.461528
90.134852	7402.800482	15.767463	-0.020809	4.460006
90.207917	7397.414140	15.772467	-0.020826	4.458472
90.045038	7392.235914	15.777472	-0.020786	4.456984
90.123175	7387.235669	15.782477	-0.020804	4.455559
89.919985	7382.334373	15.787482	-0.020755	4.454147
90.147709	7377.148418	15.792487	-0.020809	4.452676
89.896848	7372.007783	15.797491	-0.020749	4.451192
89.925186	7366.842778	15.802496	-0.020755	4.449716
89.812569	7361.767513	15.807501	-0.020727	4.448257
89.954774	7356.418011	15.812506	-0.020761	4.446732
89.968562	7351.571276	15.817511	-0.020764	4.445344
89.794993	7346.615284	15.822515	-0.020722	4.443915
89.722453	7341.451463	15.827520	-0.020704	4.442432
89.759173	7336.206965	15.832525	-0.020712	4.440930
89.700336	7330.593712	15.837530	-0.020697	4.439316
89.734461	7325.441453	15.842535	-0.020705	4.437840
89.716916	7320.295691	15.847539	-0.020700	4.436362
89.651513	7315.411245	15.852544	-0.020684	4.434956
89.543130	7310.383837	15.857549	-0.020658	4.433506
89.597332	7305.153280	15.862554	-0.020670	4.432006
89.675091	7300.035415	15.867559	-0.020688	4.430539
89.466999	7294.845133	15.872563	-0.020638	4.429036
89.481702	7289.671349	15.877568	-0.020641	4.427549
89.556095	7284.557033	15.882573	-0.020658	4.426081
89.464916	7279.749342	15.887578	-0.020636	4.424693
89.468517	7274.555498	15.892583	-0.020636	4.423198
89.576470	7269.447776	15.897587	-0.020662	4.421732
89.406182	7264.022954	15.902592	-0.020620	4.420161
89.426991	7258.814036	15.907597	-0.020625	4.418661
89.342069	7253.578128	15.912602	-0.020604	4.417147
89.344268	7248.555766	15.917607	-0.020604	4.415699
89.301013	7243.632992	15.922611	-0.020593	4.414276
89.139368	7238.508023	15.927616	-0.020554	4.412789
89.072868	7233.389415	15.932621	-0.020537	4.411308
89.161254	7228.145331	15.937626	-0.020558	4.409798
89.084094	7223.037532	15.942631	-0.020539	4.408318
89.015997	7217.881235	15.947635	-0.020522	4.406825
88.892375	7213.000167	15.952640	-0.020492	4.405407
89.095026	7207.972443	15.957645	-0.020540	4.403964
88.875228	7202.769800	15.962650	-0.020487	4.402448
88.961702	7197.435121	15.967655	-0.020507	4.400909
89.036540	7191.916740	15.972659	-0.020525	4.399315
88.910081	7186.747095	15.977664	-0.020494	4.397812
88.958327	7181.625317	15.982669	-0.020505	4.396331
88.982694	7176.776725	15.987674	-0.020510	4.394927
88.931236	7171.585839	15.992679	-0.020497	4.393420
88.832136	7166.429053	15.997683	-0.020473	4.391919
88.804745	7161.258929	16.002688	-0.020466	4.390418
88.805558	7156.143567	16.007693	-0.020466	4.388934
88.697715	7150.943161	16.012698	-0.020439	4.387419
88.784244	7145.916818	16.017703	-0.020460	4.385964
88.890980	7141.005591	16.022707	-0.020485	4.384543
88.671032	7135.872705	16.027712	-0.020432	4.383040
88.513252	7130.789419	16.032717	-0.020393	4.381554
88.413004	7125.246527	16.037722	-0.020369	4.379938
88.639143	7120.020845	16.042727	-0.020422	4.378430
88.695066	7114.862232	16.047731	-0.020435	4.376932
88.433095	7110.015360	16.052736	-0.020372	4.375507
88.355519	7105.047519	16.057741	-0.020353	4.374057
88.476935	7099.799582	16.062746	-0.020381	4.372535
88.600988	7094.653663	16.067751	-0.020411	4.371042
88.483474	7089.426174	16.072755	-0.020382	4.369512
88.371308	7084.264885	16.077760	-0.020355	4.368002
88.295850	7079.185392	16.082765	-0.020336	4.366516
88.444142	7074.424017	16.087770	-0.020371	4.365135
88.428935	7069.215966	16.092775	-0.020367	4.363614
88.260194	7064.063568	16.097779	-0.020326	4.362101
88.279590	7058.496896	16.102784	-0.020330	4.360476
88.242213	7053.214104	16.107789	-0.020321	4.358931
88.393451	7047.977550	16.112794	-0.020356	4.357409
88.084549	7043.115730	16.117799	-0.020282	4.355971
88.251348	7038.128523	16.122803	-0.020321	4.354521
88.216878	7032.897260	16.127808	-0.020313	4.352989
88.234414	7027.821451	16.132813	-0.020316	4.351504
87.988669	7022.633884	16.137818	-0.020257	4.349972
87.807736	7017.499143	16.142823	-0.020213	4.348459
87.941801	7012.289922	16.147827	-0.020245	4.346940
87.890056	7007.489635	16.152832	-0.020232	4.345530
87.953367	7002.436441	16.157837	-0.020246	4.344052
88.058701	6997.191957	16.162842	-0.020271	4.342520
87.931469	6991.898755	16.167847	-0.020240	4.340960
87.913592	6986.567007	16.172851	-0.020235	4.339395
87.720598	6981.399407	16.177856	-0.020189	4.337867
87.643579	6976.402409	16.182861	-0.020170	4.336395
87.834202	6971.472144	16.187866	-0.020215	4.334957
87.867328	6966.290205	16.192871	-0.020222	4.333436
87.718757	6961.163002	16.197875	-0.020186	4.331921
87.553543	6955.959012	16.202880	-0.020146	4.330381
87.639789	6950.818287	16.207885	-0.020166	4.328874
87.548579	6945.681662	16.212890	-0.020144	4.327357
87.692485	6940.775487	16.217895	-0.020178	4.325921
87.494910	6935.787335	16.222899	-0.020130	4.324441
87.599890	6930.588650	16.227904	-0.020155	4.322915
87.548797	6925.258897	16.232909	-0.020142	4.321342
87.400152	6919.791597	16.237914	-0.020106	4.319722
87.498037	6914.613625	16.242919	-0.020129	4.318200
87.357139	6909.550974	16.247923	-0.020094	4.316699
87.338448	6904.655479	16.252928	-0.020090	4.315253
87.284462	6899.500747	16.257933	-0.020076	4.313728
87.117706	6894.358467	16.262938	-0.020036	4.312200
87.105591	6889.169982	16.267943	-0.020032	4.310667
87.015580	6884.069818	16.272947	-0.020010	4.309154
87.208942	6878.841065	16.277952	-0.020056	4.307619
87.207506	6873.901999	16.282957	-0.020055	4.306158
86.975104	6868.898408	16.287962	-0.019999	4.304665
87.104699	6863.741870	16.292967	-0.020029	4.303146
86.993609	6858.512337	16.297971	-0.020002	4.301592
87.103100	6853.091302	16.302976	-0.020028	4.299992
87.078647	6847.916704	16.307981	-0.020022	4.298458
86.938178	6842.813299	16.312986	-0.019988	4.296938
86.990034	6837.982774	16.317991	-0.019999	4.295508
87.065557	6832.807300	16.322995	-0.020017	4.293978
86.878473	6827.637122	16.328000	-0.019972	4.292433
86.750562	6822.531266	16.333005	-0.019941	4.290911
86.724873	6817.337424	16.338010	-0.019934	4.289367
86.776505	6812.160202	16.343015	-0.019946	4.287832
86.760446	6807.261380	16.348019	-0.019941	4.286376
86.613123	6802.226403	16.353024	-0.019906	4.284871
86.755602	6797.121296	16.358029	-0.019939	4.283361
86.668851	6791.816014	16.363034	-0.019918	4.281778
86.714226	6786.257795	16.368039	-0.019928	4.280127
86.581562	6781.089064	16.373043	-0.019896	4.278581
86.573692	6775.960280	16.378048	-0.019894	4.277053
86.536452	6771.186860	16.383053	-0.019884	4.275630
86.493233	6765.968858	16.388058	-0.019873	4.274072
86.495453	6760.840427	16.393063	-0.019873	4.272544
86.523830	6755.651248	16.398067	-0.019880	4.270998
86.419180	6750.488365	16.403072	-0.019854	4.269452
86.442710	6745.390695	16.408077	-0.019859	4.267932
86.356245	6740.443501	16.413082	-0.019838	4.266451
86.328167	6735.466987	16.418087	-0.019831	4.264963
86.338739	6730.310288	16.423091	-0.019833	4.263423
86.265904	6724.985537	16.428096	-0.019815	4.261828
86.271087	6719.547563	16.433101	-0.019816	4.260202
86.218913	6714.403477	16.438106	-0.019803	4.258661
86.217649	6709.212862	16.443111	-0.019802	4.257108
86.128650	6704.304934	16.448115	-0.019780	4.255634
86.052665	6699.178306	16.453120	-0.019761	4.254095
86.023135	6694.068569	16.458125	-0.019754	4.252563
86.084953	6688.893034	16.463130	-0.019768	4.251016
86.050650	6683.678564	16.468135	-0.019759	4.249452
86.049744	6678.524122	16.473139	-0.019759	4.247906
85.870414	6673.689165	16.478144	-0.019715	4.246446
85.866472	6668.686721	16.483149	-0.019714	4.244945
85.955679	6663.445434	16.488154	-0.019734	4.243377
85.821237	6658.061230	16.493159	-0.019702	4.241752
85.784755	6652.679878	16.498163	-0.019693	4.240134
85.675877	6647.505795	16.503168	-0.019666	4.238573
85.672342	6642.480387	16.508173	-0.019665	4.237062
85.668867	6637.537733	16.513178	-0.019663	4.235576
85.711896	6632.352201	16.518183	-0.019673	4.234019
85.662091	6627.253023	16.523187	-0.019661	4.232481
85.506570	6622.034237	16.528192	-0.019623	4.230901
85.463724	6616.881529	16.533197	-0.019612	4.229347
85.568116	6611.658492	16.538202	-0.019637	4.227780
85.615303	6606.826602	16.543207	-0.019647	4.226327
85.489754	6601.783646	16.548211	-0.019617	4.224799
85.391233	6596.591325	16.553216	-0.019593	4.223227
85.435177	6591.254120	16.558221	-0.019603	4.221620
85.320004	6585.983168	16.563226	-0.019575	4.220022
85.326351	6580.794879	16.568231	-0.019576	4.218456
85.439165	6575.790226	16.573235	-0.019602	4.216952
85.316385	6570.812854	16.578240	-0.019572	4.215440
85.280450	6565.731445	16.583245	-0.019563	4.213903
85.370834	6560.516633	16.588250	-0.019584	4.212331
85.304967	6555.303475	16.593255	-0.019568	4.210751
85.199667	6550.185674	16.598259	-0.019542	4.209196
85.066309	6545.098007	16.603264	-0.019510	4.207648
85.174969	6540.275942	16.608269	-0.019535	4.206194
85.194867	6535.087573	16.613274	-0.019540	4.204624
85.111097	6529.974108	16.618279	-0.019519	4.203070
85.018717	6524.375136	16.623283	-0.019496	4.201367
85.049191	6519.143296	16.628288	-0.019503	4.199782
85.082379	6513.949926	16.633293	-0.019511	4.198209
85.100552	6509.058717	16.638298	-0.019514	4.196725
84.906558	6504.027143	16.643303	-0.019467	4.195186
84.916440	6498.873877	16.648307	-0.019469	4.193622
84.899419	6493.730941	16.653312	-0.019465	4.192058
84.945918	6488.509555	16.658317	-0.019475	4.190474
84.895475	6483.359659	16.663322	-0.019463	4.188905
84.895280	6478.331049	16.668327	-0.019462	4.187376
84.748267	6473.436019	16.673331	-0.019427	4.185878
84.859958	6468.232952	16.678336	-0.019453	4.184301
84.751788	6463.100125	16.683341	-0.019426	4.182731
84.611663	6457.646678	16.688346	-0.019392	4.181062
84.592750	6452.477599	16.693351	-0.019387	4.179485
84.632791	6447.333545	16.698355	-0.019396	4.177920
84.579339	6442.502790	16.703360	-0.019383	4.176443
84.611829	6437.359882	16.708365	-0.019390	4.174876
84.606712	6432.190601	16.713370	-0.019389	4.173298
84.490418	6427.052641	16.718375	-0.019360	4.171723
84.461410	6421.845046	16.723379	-0.019353	4.170131
84.494528	6416.644391	16.728384	-0.019360	4.168544
84.442819	6411.828301	16.733389	-0.019347	4.167068
84.355615	6406.827066	16.738394	-0.019326	4.165534
84.227668	6401.657274	16.743399	-0.019295	4.163945
84.386501	6396.262649	16.748403	-0.019332	4.162304
84.178552	6390.873337	16.753408	-0.019282	4.160642
84.206408	6385.661112	16.758413	-0.019288	4.159047
84.306957	6380.623753	16.763418	-0.019312	4.157510
84.219523	6375.635186	16.768423	-0.019290	4.155976
84.201043	6370.520581	16.773427	-0.019285	4.154407
84.135859	6365.387800	16.778432	-0.019269	4.152829
84.149371	6360.181111	16.783437	-0.019272	4.151232
84.087175	6355.005920	16.788442	-0.019256	4.149640
84.083178	6349.855562	16.793447	-0.019255	4.148058
83.985444	6345.098037	16.798451	-0.019231	4.146591
84.083040	6339.903533	16.803456	-0.019254	4.145001
83.923761	6334.777119	16.808461	-0.019215	4.143415
83.937468	6329.275657	16.813466	-0.019218	4.141724
83.808483	6324.074199	16.818471	-0.019187	4.140116
83.806640	6318.930201	16.823475	-0.019186	4.138533
83.796972	6314.062497	16.828480	-0.019183	4.137034
83.831210	6309.028532	16.833485	-0.019191	4.135486
83.807022	6303.842139	16.838490	-0.019184	4.133886
83.719825	6298.687769	16.843495	-0.019163	4.132292
83.723713	6293.502740	16.848499	-0.019163	4.130694
83.812238	6288.310607	16.853504	-0.019184	4.129098
83.658639	6283.372020	16.858509	-0.019147	4.127564
83.639144	6278.390832	16.863514	-0.019142	4.126025
83.705024	6273.245528	16.868519	-0.019157	4.124441
83.683540	6267.962357	16.873523	-0.019151	4.122807
83.630406	6262.447358	16.878528	-0.019138	4.121099
83.467311	6257.303397	16.883533	-0.019098	4.119499
83.493901	6252.241843	16.888538	-0.019104	4.117935
83.486552	6247.309190	16.893543	-0.019102	4.116408
83.456996	6242.176173	16.898547	-0.019094	4.114818
83.335012	6237.062046	16.903552	-0.019065	4.113226
83.344858	6231.831251	16.908557	-0.019067	4.111607
83.245359	6226.715569	16.913562	-0.019042	4.110015
83.242278	6221.530786	16.918567	-0.019041	4.108408
83.234921	6216.754532	16.923571	-0.019039	4.106926
83.193353	6211.566458	16.928576	-0.019028	4.105314
83.085289	6206.462483	16.933581	-0.019002	4.103723
83.118992	6200.975503	16.938586	-0.019009	4.102021
83.197990	6195.750787	16.943591	-0.019028	4.100403
83.105562	6190.650776	16.948595	-0.019005	4.098813
82.996706	6185.766024	16.953600	-0.018979	4.097287
83.151562	6180.639080	16.958605	-0.019015	4.095703
83.038311	6175.488069	16.963610	-0.018988	4.094093
83.077292	6170.329782	16.968615	-0.018996	4.092490
83.046418	6165.188925	16.973619	-0.018988	4.090888
82.832242	6160.028828	16.978624	-0.018937	4.089267
82.866995	6155.124945	16.983629	-0.018945	4.087741
82.871571	6150.076905	16.988634	-0.018945	4.086168
82.891388	6144.900522	16.993639	-0.018949	4.084555
82.796427	6139.545819	16.998643	-0.018926	4.082879
82.755403	6134.110157	17.003648	-0.018916	4.081180
82.876563	6128.969075	17.008653	-0.018944	4.079582
82.731946	6123.928084	17.013658	-0.018909	4.077999
82.612220	6118.949869	17.018663	-0.018880	4.076435
82.733494	6113.806696	17.023667	-0.018908	4.074836
82.622596	6108.662852	17.028672	-0.018881	4.073220
82.640944	6103.448303	17.033677	-0.018885	4.071590
82.540842	6098.324326	17.038682	-0.018861	4.069980
82.565723	6093.225235	17.043687	-0.018866	4.068385
82.556083	6088.379514	17.048691	-0.018863	4.066867
82.367017	6083.207380	17.053696	-0.018818	4.065234
82.429314	6078.031746	17.058701	-0.018832	4.063616
82.315267	6072.590357	17.063706	-0.018804	4.061903
82.348798	6067.417992	17.068711	-0.018812	4.060282
82.386228	6062.261783	17.073715	-0.018820	4.058667
82.369916	6057.409188	17.078720	-0.018816	4.057142
82.389724	6052.286481	17.083725	-0.018820	4.055535
82.277485	6047.182526	17.088730	-0.018793	4.053924
82.379158	6041.937490	17.093735	-0.018816	4.052282
82.216126	6036.786784	17.098739	-0.018777	4.050651
82.259938	6031.608697	17.103744	-0.018787	4.049026
82.182633	6026.851895	17.108749	-0.018768	4.047524
82.164101	6021.700808	17.113754	-0.018763	4.045901
82.084188	6016.537937	17.118759	-0.018743	4.044269
82.097399	6010.959318	17.123763	-0.018746	4.042513
81.915344	6005.744085	17.128768	-0.018702	4.040857
82.011420	6000.578387	17.133773	-0.018724	4.039234
81.939977	5995.732048	17.138778	-0.018707	4.037701
81.863214	5990.637455	17.143783	-0.018688	4.036088
81.784569	5985.519616	17.148787	-0.018669	4.034467
81.882892	5980.318065	17.153792	-0.018692	4.032831
81.872242	5975.178168	17.158797	-0.018688	4.031206
81.791229	5969.973258	17.163802	-0.018669	4.029555
81.811347	5965.037354	17.168807	-0.018673	4.027996
81.834036	5960.045579	17.173811	-0.018678	4.026418
81.805616	5954.859443	17.178816	-0.018670	4.024775
81.602230	5949.589275	17.183821	-0.018621	4.023093
81.625624	5944.261463	17.188826	-0.018626	4.021407
81.579013	5939.127066	17.193831	-0.018615	4.019777
81.494676	5934.240096	17.198835	-0.018594	4.018223
81.482758	5929.166415	17.203840	-0.018591	4.016613
81.521415	5923.972834	17.208845	-0.018599	4.014968
81.508561	5918.705776	17.213850	-0.018596	4.013295
81.495173	5913.528528	17.218855	-0.018592	4.011651
81.436419	5908.391569	17.223859	-0.018577	4.010015
81.353961	5903.457260	17.228864	-0.018557	4.008442
81.261597	5898.472039	17.233869	-0.018535	4.006851
81.348516	5893.266046	17.238874	-0.018555	4.005201
81.263004	5887.920417	17.243879	-0.018534	4.003495
81.132628	5882.567070	17.248883	-0.018502	4.001782
81.098353	5877.388632	17.253888	-0.018493	4.000131
81.260045	5872.288010	17.258893	-0.018532	3.998517
80.991929	5867.379336	17.263898	-0.018467	3.996934
81.097859	5862.229079	17.268903	-0.018492	3.995300
81.086682	5857.083478	17.273907	-0.018489	3.993658
81.090831	5851.831055	17.278912	-0.018489	3.991982
80.968362	5846.733171	17.283917	-0.018459	3.990347
80.883855	5841.717244	17.288922	-0.018439	3.988739
80.813782	5836.713945	17.293927	-0.018421	3.987136
80.952990	5831.576865	17.298931	-0.018454	3.985504
80.891554	5826.334646	17.303936	-0.018439	3.983823
80.702543	5820.976714	17.308941	-0.018393	3.982097
80.808158	5815.785002	17.313946	-0.018418	3.980443
80.824460	5810.761890	17.318951	-0.018421	3.978836
80.770080	5805.812571	17.323955	-0.018408	3.977247
80.550859	5800.660167	17.328960	-0.018355	3.975581
80.632929	5795.550135	17.333965	-0.018374	3.973949
80.741179	5790.279792	17.338970	-0.018399	3.972266
80.685006	5785.086103	17.343975	-0.018385	3.970596
80.630633	5780.143223	17.348979	-0.018372	3.969006
80.417939	5775.241462	17.353984	-0.018320	3.967418
80.522825	5770.049449	17.358989	-0.018345	3.965758
80.573540	5764.763479	17.363994	-0.018357	3.964063
80.451128	5759.279387	17.368999	-0.018327	3.962291
80.352249	5754.090653	17.374003	-0.018303	3.960616
80.256223	5749.131522	17.379008	-0.018279	3.959014
80.356508	5744.170588	17.384013	-0.018303	3.957424
80.383706	5738.961879	17.389018	-0.018309	3.955749
80.255387	5733.869609	17.394023	-0.018277	3.954099
80.256529	5728.692257	17.399027	-0.018277	3.952431
80.334141	5723.481079	17.404032	-0.018295	3.950756
80.218843	5718.482496	17.409037	-0.018267	3.949136
80.208911	5713.586861	17.414042	-0.018264	3.947555
80.214221	5708.337887	17.419047	-0.018265	3.945861
80.174732	5703.126071	17.424051	-0.018255	3.944176
80.075595	5697.759484	17.429056	-0.018231	3.942435
80.113039	5692.566325	17.434061	-0.018239	3.940759
80.037689	5687.550609	17.439066	-0.018221	3.939132
79.988393	5682.638397	17.444071	-0.018208	3.937539
79.973520	5677.436123	17.449075	-0.018204	3.935854
79.971812	5672.328643	17.454080	-0.018203	3.934201
80.107255	5667.090139	17.459085	-0.018235	3.932514
79.852205	5662.010744	17.464090	-0.018174	3.930850
79.963167	5656.993862	17.469095	-0.018200	3.929231
79.828248	5652.040688	17.474099	-0.018167	3.927615
79.815972	5646.901991	17.479104	-0.018164	3.925947
79.758135	5641.582204	17.484109	-0.018149	3.924216
79.810664	5636.060765	17.489114	-0.018161	3.922427
79.708054	5630.907436	17.494119	-0.018136	3.920746
79.558974	5625.949061	17.499123	-0.018100	3.919123
79.623093	5620.941975	17.504128	-0.018115	3.917500
79.640626	5615.820547	17.509133	-0.018118	3.915835
79.522141	5610.638253	17.514138	-0.018090	3.914140
79.493970	5605.442148	17.519143	-0.018082	3.912447
79.621842	5600.269422	17.524147	-0.018112	3.910771
79.532408	5595.272379	17.529152	-0.018091	3.909136
79.474290	5590.338519	17.534157	-0.018076	3.907524
79.537836	5585.163483	17.539162	-0.018091	3.905841
79.319842	5579.896079	17.544167	-0.018038	3.904107
79.383976	5574.559038	17.549171	-0.018053	3.902369
79.264607	5569.381638	17.554176	-0.018024	3.900670
79.232289	5564.455712	17.559181	-0.018016	3.899058
79.218201	5559.429418	17.564186	-0.018012	3.897415
79.171297	5554.262653	17.569191	-0.018000	3.895722
79.236229	5549.142010	17.574195	-0.018015	3.894051
79.165149	5543.906886	17.579200	-0.017998	3.892333
78.966380	5538.801654	17.584205	-0.017949	3.890647
79.098520	5533.841389	17.589210	-0.017981	3.889032
79.013497	5528.881008	17.594215	-0.017960	3.887401
79.063472	5523.717456	17.599219	-0.017971	3.885712
79.004000	5518.219814	17.604224	-0.017956	3.883904
78.920407	5512.895662	17.609229	-0.017936	3.882151
78.926455	5507.755524	17.614234	-0.017937	3.880465
78.926819	5502.866968	17.619239	-0.017936	3.878859
78.843850	5497.776733	17.624243	-0.017916	3.877181
78.870049	5492.631082	17.629248	-0.017922	3.875491
78.767399	5487.463335	17.634253	-0.017897	3.873785
78.906003	5482.279000	17.639258	-0.017929	3.872089
78.835293	5477.102039	17.644263	-0.017912	3.870380
78.776264	5472.285021	17.649267	-0.017897	3.868790
78.811090	5467.163718	17.654272	-0.017905	3.867106
78.695496	5462.033866	17.659277	-0.017877	3.865407
78.564845	5456.601991	17.664282	-0.017845	3.863606
78.529769	5451.345221	17.669287	-0.017836	3.861870
78.613787	5446.284456	17.674291	-0.017856	3.860206
78.617676	5441.402712	17.679296	-0.017856	3.858595
78.555658	5436.281709	17.684301	-0.017841	3.856899
78.420126	5431.148358	17.689306	-0.017808	3.855193
78.379225	5425.962013	17.694311	-0.017798	3.853475
78.279929	5420.850622	17.699315	-0.017773	3.851778
78.401808	5415.735971	17.704320	-0.017802	3.850095
78.328293	5410.869423	17.709325	-0.017784	3.848478
78.411040	5405.681210	17.714330	-0.017803	3.846767
78.313992	5400.489733	17.719335	-0.017779	3.845039
78.323480	5395.008132	17.724339	-0.017781	3.843223
78.076577	5389.848810	17.729344	-0.017722	3.841494
78.235925	5384.802238	17.734349	-0.017759	3.839832
78.260801	5379.823049	17.739354	-0.017765	3.838181
78.086361	5374.665535	17.744359	-0.017722	3.836456
78.065722	5369.543188	17.749363	-0.017717	3.834753
78.074195	5364.316018	17.754368	-0.017718	3.833016
77.954911	5359.183116	17.759373	-0.017689	3.831301
78.062210	5354.200034	17.764378	-0.017715	3.829651
78.013320	5349.212346	17.769383	-0.017702	3.827988
77.849424	5344.082352	17.774387	-0.017663	3.826268
77.836979	5338.717837	17.779392	-0.017659	3.824480
77.810584	5333.464861	17.784397	-0.017652	3.822728
77.847498	5328.298191	17.789402	-0.017661	3.821008
77.756655	5323.346387	17.794407	-0.017638	3.819350
77.530444	5318.352797	17.799411	-0.017584	3.817666
77.738592	5313.136143	17.804416	-0.017633	3.815941
77.638137	5307.964193	17.809421	-0.017608	3.814206
77.555584	5302.865279	17.814426	-0.017588	3.812496
77.531485	5297.618989	17.819431	-0.017582	3.810741
77.532366	5292.843561	17.824435	-0.017582	3.809144
77.521466	5287.666985	17.829440	-0.017579	3.807411
77.543937	5282.523363	17.834445	-0.017583	3.805691
77.477214	5276.908479	17.839450	-0.017567	3.803806
77.507117	5271.744729	17.844455	-0.017574	3.802078
77.416401	5266.674306	17.849459	-0.017551	3.800371
77.368376	5261.771388	17.854464	-0.017539	3.798724
77.423641	5256.479384	17.859469	-0.017552	3.796953
77.340507	5251.341593	17.864474	-0.017532	3.795222
77.353979	5246.094730	17.869479	-0.017534	3.793461
77.284008	5240.958687	17.874483	-0.017517	3.791730
77.143435	5235.966637	17.879488	-0.017483	3.790041
77.312668	5231.014127	17.884493	-0.017523	3.788389
77.244179	5225.855902	17.889498	-0.017506	3.786649
77.078048	5220.542664	17.894503	-0.017466	3.784848
77.156172	5215.245194	17.899507	-0.017484	3.783070
77.073485	5210.044749	17.904512	-0.017464	3.781312
77.086656	5205.141353	17.909517	-0.017466	3.779660
77.088423	5200.078875	17.914522	-0.017466	3.777953
76.938855	5194.943561	17.919527	-0.017430	3.776209
76.946565	5189.750243	17.924531	-0.017431	3.774457
76.840971	5184.654893	17.929536	-0.017405	3.772729
76.794982	5179.496366	17.934541	-0.017394	3.770982
76.960774	5174.648605	17.939546	-0.017433	3.769357
76.827524	5169.532468	17.944551	-0.017401	3.767617
76.690086	5164.354200	17.949555	-0.017367	3.765855
76.833342	5158.724958	17.954560	-0.017401	3.763961
76.743215	5153.555547	17.959565	-0.017379	3.762203
76.644166	5148.557437	17.964570	-0.017355	3.760503
76.736369	5143.558600	17.969575	-0.017376	3.758816
76.692233	5138.380111	17.974579	-0.017365	3.757056
76.528674	5133.232783	17.979584	-0.017326	3.755298
76.495041	5128.107331	17.984589	-0.017317	3.753555
76.540913	5122.899552	17.989594	-0.017327	3.751791
76.502821	5117.981179	17.994599	-0.017318	3.750117
76.451875	5112.944018	17.999603	-0.017305	3.748401
76.435942	5107.757794	18.004608	-0.017301	3.746637
76.466098	5102.397168	18.009613	-0.017307	3.744816
76.264053	5097.205295	18.014618	-0.017259	3.743033
76.146957	5092.044694	18.019623	-0.017230	3.741266
76.284184	5087.140445	18.024627	-0.017262	3.739607
76.234558	5081.984398	18.029632	-0.017250	3.737846
76.126314	5076.872908	18.034637	-0.017224	3.736094
76.069741	5071.740764	18.039642	-0.017210	3.734339
76.207839	5066.517848	18.044647	-0.017242	3.732567
76.159284	5061.481017	18.049651	-0.017230	3.730844
76.085173	5056.572230	18.054656	-0.017212	3.729161
76.022212	5051.410989	18.059661	-0.017196	3.727392
76.062990	5046.085433	18.064666	-0.017205	3.725574
76.005023	5040.679838	18.069671	-0.017191	3.723721
76.024968	5035.502121	18.074675	-0.017195	3.721950
76.040934	5030.519224	18.079680	-0.017199	3.720245
76.099278	5025.468487	18.084685	-0.017212	3.718520
75.903901	5020.358740	18.089690	-0.017165	3.716753
75.795759	5015.193605	18.094695	-0.017138	3.714973
75.780183	5010.071016	18.099699	-0.017134	3.713214
75.786032	5004.879415	18.104704	-0.017135	3.711433
75.681689	5000.059921	18.109709	-0.017110	3.709769
75.628018	4994.975344	18.114714	-0.017096	3.708018
75.582481	4989.765943	18.119719	-0.017085	3.706224
75.566050	4984.336172	18.124723	-0.017080	3.704355
75.549487	4979.128722	18.129728	-0.017076	3.702563
75.493267	4974.123617	18.134733	-0.017062	3.700835
75.619048	4969.152969	18.139738	-0.017091	3.699134
75.529389	4963.996471	18.144743	-0.017069	3.697350
75.366227	4958.893436	18.149747	-0.017030	3.695577
75.401957	4953.689586	18.154752	-0.017038	3.693786
75.424811	4948.492209	18.159757	-0.017043	3.691994
75.403396	4943.640610	18.164762	-0.017037	3.690318
75.324341	4938.595247	18.169767	-0.017018	3.688569
75.233081	4933.478424	18.174771	-0.016996	3.686793
75.310639	4927.889627	18.179776	-0.017013	3.684868
75.125652	4922.714579	18.184781	-0.016969	3.683062
75.169169	4917.534592	18.189786	-0.016979	3.681274
75.224240	4912.668999	18.194791	-0.016991	3.679594
75.005922	4907.568032	18.199795	-0.016939	3.677809
75.086591	4902.335215	18.204800	-0.016957	3.676002
75.045415	4897.161944	18.209805	-0.016947	3.674205
75.040903	4892.011253	18.214810	-0.016945	3.672418
75.002965	4887.062630	18.219815	-0.016936	3.670697
74.999685	4882.036134	18.224819	-0.016934	3.668952
74.889393	4876.909150	18.229824	-0.016908	3.667162
74.802751	4871.531178	18.234829	-0.016886	3.665285
74.839976	4866.298657	18.239834	-0.016895	3.663469
74.741518	4861.127262	18.244839	-0.016871	3.661662
74.902926	4856.224335	18.249843	-0.016909	3.659969
74.703443	4851.147599	18.254848	-0.016861	3.658184
74.655346	4845.981519	18.259853	-0.016849	3.656380
74.803933	4840.741205	18.264858	-0.016884	3.654566
74.554600	4835.631306	18.269863	-0.016823	3.652763
74.643269	4830.649375	18.274867	-0.016844	3.651032
74.659097	4825.639018	18.279872	-0.016847	3.649285
74.703836	4820.433734	18.284877	-0.016858	3.647470
74.569889	4815.061476	18.289882	-0.016825	3.645582
74.602068	4809.758251	18.294887	-0.016832	3.643731
74.546051	4804.611936	18.299891	-0.016818	3.641926
74.610725	4799.711100	18.304896	-0.016833	3.640216
74.536660	4794.577700	18.309901	-0.016815	3.638413
74.523164	4789.455409	18.314906	-0.016811	3.636617
74.248615	4784.289203	18.319911	-0.016745	3.634783
74.340767	4779.118036	18.324915	-0.016767	3.632978
74.226784	4774.121167	18.329920	-0.016739	3.631215
74.324344	4769.127135	18.334925	-0.016762	3.629470
74.258161	4763.979581	18.339930	-0.016745	3.627657
74.309938	4758.597270	18.344935	-0.016757	3.625771
74.138196	4753.383814	18.349939	-0.016715	3.623923
74.023639	4748.249730	18.354944	-0.016688	3.622108
74.039047	4743.365244	18.359949	-0.016691	3.620390
73.981858	4738.268408	18.364954	-0.016677	3.618591
73.928467	4733.104084	18.369959	-0.016663	3.616768
73.967653	4727.904821	18.374963	-0.016672	3.614939
73.798502	4722.796032	18.379968	-0.016631	3.613123
73.878737	4717.762787	18.384973	-0.016650	3.611354
73.989933	4712.773078	18.389978	-0.016676	3.609603
73.828430	4707.651531	18.394983	-0.016637	3.607781
73.783527	4702.185269	18.399987	-0.016625	3.605846
73.755201	4696.889220	18.404992	-0.016618	3.603971
73.766628	4691.602119	18.409997	-0.016620	3.602102
73.770472	4686.719208	18.415002	-0.016621	3.600375
73.662538	4681.542364	18.420007	-0.016594	3.598533
73.561732	4676.458998	18.425011	-0.016570	3.596724
73.609905	4671.234336	18.430016	-0.016581	3.594877
73.634874	4666.067317	18.435021	-0.016586	3.593047
73.589492	4661.092603	18.440026	-0.016575	3.591278
73.524329	4656.076831	18.445031	-0.016559	3.589492
73.548038	4650.895881	18.450035	-0.016564	3.587655
73.460672	4645.585795	18.455040	-0.016543	3.585761
73.476671	4640.330458	18.460045	-0.016546	3.583894
73.480690	4635.229114	18.465050	-0.016546	3.582080
73.358668	4630.348154	18.470055	-0.016517	3.580333
73.238328	4625.232481	18.475059	-0.016487	3.578501
73.346003	4620.063407	18.480064	-0.016513	3.576669
73.272307	4614.856600	18.485069	-0.016494	3.574807
73.268387	4609.718523	18.490074	-0.016493	3.572975
73.114300	4604.774932	18.495079	-0.016456	3.571198
73.132274	4599.752984	18.500083	-0.016459	3.569407
73.249333	4594.540424	18.505088	-0.016487	3.567556
73.210284	4588.991628	18.510093	-0.016477	3.565570
73.064296	4583.854760	18.515098	-0.016442	3.563721
72.990292	4578.811051	18.520103	-0.016423	3.561911
72.930210	4573.892972	18.525107	-0.016408	3.560145
72.974181	4568.698807	18.530112	-0.016418	3.558290
72.999925	4563.517069	18.535117	-0.016424	3.556436
72.919609	4558.394749	18.540122	-0.016404	3.554593
72.890548	4553.205847	18.545127	-0.016397	3.552730
72.804704	4548.354772	18.550131	-0.016376	3.550982
72.859101	4543.224401	18.555136	-0.016388	3.549145
72.626264	4538.068814	18.560141	-0.016332	3.547273
72.798803	4532.605254	18.565146	-0.016373	3.545325
72.690419	4527.458314	18.570151	-0.016346	3.543465
72.675055	4522.501870	18.575155	-0.016342	3.541681
72.685296	4517.489529	18.580160	-0.016344	3.539878
72.602394	4512.331262	18.585165	-0.016324	3.538013
72.685148	4507.177856	18.590170	-0.016343	3.536164
72.531373	4502.006318	18.595175	-0.016306	3.534286
72.500540	4496.915155	18.600179	-0.016298	3.532447
72.512468	4492.078101	18.605184	-0.016300	3.530703
72.311440	4486.933391	18.610189	-0.016252	3.528827
72.186093	4481.631770	18.615194	-0.016221	3.526901
72.146126	4476.217655	18.620199	-0.016211	3.524941
72.128522	4471.065969	18.625203	-0.016206	3.523076
72.182259	4466.129537	18.630208	-0.016219	3.521295
72.207681	4461.016407	18.635213	-0.016224	3.519447
72.159228	4455.860652	18.640218	-0.016212	3.517575
72.083771	4450.658429	18.645223	-0.016194	3.515683
72.171181	4445.475082	18.650227	-0.016214	3.513812
72.018603	4440.518052	18.655232	-0.016177	3.512000
72.008715	4435.547661	18.660237	-0.016174	3.510195
72.106839	4430.356771	18.665242	-0.016197	3.508319
72.022675	4425.021057	18.670247	-0.016176	3.506373
71.806843	4419.833002	18.675251	-0.016124	3.504467
71.911639	4414.635128	18.680256	-0.016149	3.502586
71.865481	4409.756679	18.685261	-0.016137	3.500807
71.873490	4404.607365	18.690266	-0.016139	3.498932
71.780098	4399.468318	18.695271	-0.016116	3.497052
71.921337	4394.247338	18.700275	-0.016149	3.495162
71.799828	4389.132080	18.705280	-0.016119	3.493285
71.686209	4384.235757	18.710285	-0.016092	3.491488
71.774187	4379.127037	18.715290	-0.016112	3.489631
71.573198	4373.934932	18.720295	-0.016064	3.487716
71.652859	4368.405089	18.725299	-0.016082	3.485702
71.534212	4363.299744	18.730304	-0.016053	3.483824
71.438959	4358.294510	18.735309	-0.016030	3.481984
71.425511	4353.285781	18.740314	-0.016026	3.480149
71.404553	4348.119685	18.745319	-0.016021	3.478255
71.590906	4342.914191	18.750323	-0.016065	3.476365
71.427218	4337.772804	18.755328	-0.016025	3.474465
71.285950	4332.718799	18.760333	-0.015991	3.472597
71.491881	4327.753921	18.765338	-0.016040	3.470794
71.306864	4322.605080	18.770343	-0.015995	3.468886
71.261389	4317.328626	18.775347	-0.015983	3.466943
71.201813	4312.048539	18.780352	-0.015969	3.464996
71.121454	4306.865804	18.785357	-0.015949	3.463082
71.241540	4302.000531	18.790362	-0.015977	3.461302
71.255963	4296.825547	18.795367	-0.015980	3.459398
71.035585	4291.791884	18.800371	-0.015927	3.457522
71.001728	4286.584906	18.805376	-0.015918	3.455600
71.090052	4281.372586	18.810381	-0.015939	3.453685
70.991634	4276.471141	18.815386	-0.015915	3.451867
70.966674	4271.395542	18.820391	-0.015908	3.449990
70.966429	4266.232783	18.825395	-0.015908	3.448083
71.014101	4260.679893	18.830400	-0.015919	3.446034
70.946231	4255.517526	18.835405	-0.015902	3.444118
70.707995	4250.585398	18.840410	-0.015844	3.442271
70.746286	4245.509516	18.845415	-0.015853	3.440395
70.882124	4240.304471	18.850419	-0.015885	3.438479
70.672308	4235.198234	18.855424	-0.015834	3.436566
70.622417	4230.000997	18.860429	-0.015822	3.434633
70.774906	4224.931509	18.865434	-0.015858	3.432767
70.565131	4220.022213	18.870439	-0.015807	3.430924
70.596792	4214.887439	18.875443	-0.015814	3.429019
70.555766	4209.441660	18.880448	-0.015804	3.426990
70.465005	4204.196477	18.885453	-0.015782	3.425031
70.551615	4199.051380	18.890458	-0.015802	3.423124
70.564740	4194.110702	18.895463	-0.015804	3.421286
70.462482	4189.011313	18.900467	-0.015779	3.419376
70.409114	4183.842805	18.905472	-0.015766	3.417444
70.274658	4178.679683	18.910477	-0.015733	3.415505
70.462515	4173.514397	18.915482	-0.015778	3.413596
70.268688	4168.686714	18.920487	-0.015731	3.411774
70.137048	4163.533236	18.925491	-0.015699	3.409836
70.151510	4158.269120	18.930496	-0.015702	3.407869
70.192339	4152.836863	18.935501	-0.015711	3.405841
70.107305	4147.707136	18.940506	-0.015690	3.403913
69.959362	4142.775776	18.945511	-0.015654	3.402052
69.980354	4137.702761	18.950515	-0.015659	3.400153
70.032232	4132.549665	18.955520	-0.015671	3.398227
69.969743	4127.312544	18.960525	-0.015655	3.396256
69.996257	4122.171057	18.965530	-0.015661	3.394329
70.090214	4117.172107	18.970535	-0.015683	3.392461
69.952721	4112.177637	18.975539	-0.015650	3.390570
69.945442	4106.986251	18.980544	-0.015647	3.388618
69.671491	4101.642947	18.985549	-0.015581	3.386581
69.826562	4096.460399	18.990554	-0.015618	3.384646
69.834480	4091.416709	18.995559	-0.015619	3.382747
69.725668	4086.470742	19.000563	-0.015593	3.380872
69.634149	4081.312813	19.005568	-0.015570	3.378919
69.545751	4076.154611	19.010573	-0.015549	3.376964
69.564444	4070.986481	19.015578	-0.015553	3.375015
69.555293	4065.966568	19.020583	-0.015550	3.373118
69.599752	4060.989218	19.025587	-0.015560	3.371241
69.576753	4055.851409	19.030592	-0.015554	3.369296
69.301397	4050.438303	19.035597	-0.015488	3.367221
69.353337	4045.187395	19.040602	-0.015500	3.365238
69.263206	4040.082061	19.045607	-0.015478	3.363295
69.400758	4035.099846	19.050611	-0.015510	3.361421
69.237962	4030.026718	19.055616	-0.015471	3.359481
69.217223	4024.806813	19.060621	-0.015465	3.357498
69.240107	4019.662451	19.065626	-0.015470	3.355547
69.188167	4014.533232	19.070631	-0.015457	3.353593
69.151553	4009.641132	19.075635	-0.015448	3.351730
69.132665	4004.487808	19.080640	-0.015443	3.349768
69.046432	3999.214892	19.085645	-0.015422	3.347753
69.084725	3993.935528	19.090650	-0.015430	3.345746
69.043974	3988.756204	19.095655	-0.015420	3.343769
69.072107	3983.886920	19.100659	-0.015426	3.341915
69.065519	3978.726686	19.105664	-0.015424	3.339946
68.955358	3973.535343	19.110669	-0.015397	3.337954
69.118152	3968.353944	19.115674	-0.015436	3.335991
68.934564	3963.228931	19.120679	-0.015391	3.334014
68.826994	3958.394798	19.125683	-0.015365	3.332155
68.751203	3953.251560	19.130688	-0.015346	3.330180
68.714671	3947.935567	19.135693	-0.015337	3.328141
68.790424	3942.518333	19.140698	-0.015355	3.326074
68.665652	3937.388498	19.145703	-0.015324	3.324095
68.629714	3932.558211	19.150707	-0.015315	3.322239
68.578408	3927.396313	19.155712	-0.015302	3.320253
68.520831	3922.235113	19.160717	-0.015288	3.318266
68.512522	3917.094090	19.165722	-0.015286	3.316290
68.462584	3911.915158	19.170727	-0.015273	3.314294
68.390084	3907.072336	19.175731	-0.015255	3.312424
68.363675	3901.934631	19.180736	-0.015248	3.310444
68.480892	3896.639660	19.185741	-0.015276	3.308417
68.316166	3891.374663	19.190746	-0.015236	3.306371
68.285095	3886.173955	19.195751	-0.015228	3.304363
68.255978	3881.301931	19.200755	-0.015221	3.302480
68.214675	3876.194978	19.205760	-0.015210	3.300505
68.236790	3870.998336	19.210765	-0.015215	3.298500
68.168507	3865.874033	19.215770	-0.015198	3.296512
68.113181	3860.730849	19.220775	-0.015184	3.294518
68.068141	3855.837308	19.225779	-0.015173	3.292619
68.167298	3850.745480	19.230784	-0.015196	3.290658
67.998949	3845.394988	19.235789	-0.015156	3.288568
67.982372	3840.050300	19.240794	-0.015151	3.286494
67.858724	3834.849302	19.245799	-0.015121	3.284464
67.839929	3829.958992	19.250803	-0.015116	3.282564
67.839277	3824.846488	19.255808	-0.015115	3.280579
67.843605	3819.673910	19.260813	-0.015116	3.278569
67.888305	3814.489730	19.265818	-0.015126	3.276558
67.731066	3809.296767	19.270823	-0.015088	3.274521
67.803806	3804.450613	19.275827	-0.015105	3.272642
67.716736	3799.326159	19.280832	-0.015083	3.270637
67.816526	3794.033291	19.285837	-0.015107	3.268584
67.725521	3788.626625	19.290842	-0.015084	3.266466
67.668179	3783.476802	19.295847	-0.015070	3.264450
67.743049	3778.567366	19.300851	-0.015088	3.262540
67.541484	3773.443176	19.305856	-0.015039	3.260517
67.605738	3768.268672	19.310861	-0.015054	3.258500
67.511314	3763.135841	19.315866	-0.015031	3.256482
67.487531	3757.956215	19.320871	-0.015024	3.254452
67.586325	3753.095160	19.325875	-0.015048	3.252558
67.624704	3747.910688	19.330880	-0.015056	3.250530
67.329244	3742.618462	19.335885	-0.014985	3.248423
67.381701	3737.271404	19.340890	-0.014997	3.246330
67.299964	3732.185539	19.345895	-0.014977	3.244325
67.322120	3727.239354	19.350899	-0.014982	3.242383
67.198974	3722.153399	19.355904	-0.014952	3.240371
67.134053	3716.957424	19.360909	-0.014936	3.238319
67.147417	3711.804747	19.365914	-0.014938	3.236292
67.128301	3706.687804	19.370919	-0.014933	3.234275
67.094998	3701.790877	19.375923	-0.014925	3.232341
67.012171	3696.649100	19.380928	-0.014905	3.230304
67.019764	3691.309875	19.385933	-0.014906	3.228198
67.000531	3686.056442	19.390938	-0.014901	3.226121
66.894595	3681.069892	19.395943	-0.014875	3.224139
66.906934	3676.063202	19.400947	-0.014877	3.222161
66.878415	3670.949927	19.405952	-0.014870	3.220134
66.759377	3665.760286	19.410957	-0.014841	3.218067
66.800390	3660.593781	19.415962	-0.014850	3.216025
66.760275	3655.593413	19.420967	-0.014840	3.214038
66.712534	3650.587988	19.425971	-0.014828	3.212047
66.680443	3645.483155	19.430976	-0.014820	3.210018
66.596165	3640.054655	19.435981	-0.014799	3.207853
66.571123	3634.888651	19.440986	-0.014793	3.205797
66.363371	3629.915209	19.445991	-0.014743	3.203797
66.425913	3624.819867	19.450995	-0.014757	3.201776
66.337271	3619.739748	19.456000	-0.014735	3.199743
66.219499	3614.546258	19.461005	-0.014707	3.197661
66.182565	3609.413301	19.466010	-0.014697	3.195611
66.247090	3604.436004	19.471015	-0.014712	3.193632
66.277996	3599.355196	19.476019	-0.014719	3.191607
66.264635	3594.148225	19.481024	-0.014715	3.189526
66.117252	3588.806243	19.486029	-0.014680	3.187374
66.127012	3583.677940	19.491034	-0.014681	3.185324
66.249266	3578.692274	19.496039	-0.014710	3.183342
66.293198	3573.545539	19.501043	-0.014720	3.181285
66.185687	3568.462883	19.506048	-0.014694	3.179237
65.968593	3563.294374	19.511053	-0.014642	3.177140
66.035663	3558.145127	19.516058	-0.014657	3.175081
66.130609	3553.237971	19.521063	-0.014679	3.173121
65.972961	3548.063371	19.526067	-0.014641	3.171025
65.942033	3542.715566	19.531072	-0.014633	3.168871
65.924735	3537.402587	19.536077	-0.014628	3.166732
65.925759	3532.283543	19.541082	-0.014628	3.164671
65.744864	3527.420610	19.546087	-0.014584	3.162692
65.745142	3522.237873	19.551091	-0.014584	3.160603
65.703800	3517.083892	19.556096	-0.014574	3.158519
65.727079	3511.921798	19.561101	-0.014579	3.156438
65.752036	3506.918719	19.566106	-0.014584	3.154420
65.687326	3501.890927	19.571111	-0.014568	3.152381
65.715471	3496.735972	19.576115	-0.014574	3.150299
65.583568	3491.363866	19.581120	-0.014542	3.148110
65.522760	3486.159424	19.586125	-0.014527	3.145996
65.538127	3481.247922	19.591130	-0.014530	3.144007
65.433527	3476.180109	19.596135	-0.014505	3.141940
65.352670	3471.034537	19.601139	-0.014485	3.139843
65.394979	3465.837771	19.606144	-0.014494	3.137738
65.407813	3460.684853	19.611149	-0.014497	3.135645
65.349792	3455.829691	19.616154	-0.014483	3.133665
65.311219	3450.664652	19.621159	-0.014473	3.131559
65.321107	3445.309593	19.626163	-0.014475	3.129380
65.219415	3440.009738	19.631168	-0.014450	3.127209
65.243754	3434.875537	19.636173	-0.014455	3.125118
65.162757	3429.960521	19.641178	-0.014435	3.123104
65.037382	3424.730711	19.646183	-0.014405	3.120955
64.981797	3419.547906	19.651187	-0.014391	3.118831
64.886553	3414.398711	19.656192	-0.014368	3.116716
64.925911	3409.385931	19.661197	-0.014377	3.114669
64.904154	3404.361328	19.666202	-0.014371	3.112610
64.851619	3399.187059	19.671207	-0.014358	3.110485
64.774515	3393.799312	19.676211	-0.014339	3.108267
64.761740	3388.684441	19.681216	-0.014335	3.106168
64.607432	3383.733956	19.686221	-0.014298	3.104118
64.753020	3378.617700	19.691226	-0.014332	3.102033
64.657859	3373.463091	19.696231	-0.014309	3.099904
64.803944	3368.235175	19.701235	-0.014343	3.097770
64.585013	3363.163818	19.706240	-0.014290	3.095658
64.556407	3358.277242	19.711245	-0.014283	3.093642
64.543667	3353.125158	19.716250	-0.014280	3.091517
64.579291	3347.705872	19.721255	-0.014287	3.089286
64.393946	3342.454860	19.726259	-0.014243	3.087098
64.340343	3337.421825	19.731264	-0.014229	3.085013
64.361790	3332.434727	19.736269	-0.014234	3.082954
64.289400	3327.306569	19.741274	-0.014216	3.080825
64.301711	3322.122157	19.746279	-0.014219	3.078681
64.161587	3316.969583	19.751283	-0.014184	3.076531
64.276729	3311.981328	19.756288	-0.014212	3.074477
64.198581	3306.934464	19.761293	-0.014192	3.072375
64.239111	3301.685696	19.766298	-0.014201	3.070201
64.247532	3296.354165	19.771303	-0.014203	3.067988
64.205155	3291.200642	19.776307	-0.014192	3.065841
64.073497	3286.335394	19.781312	-0.014160	3.063803
64.086767	3281.162872	19.786317	-0.014163	3.061652
63.991072	3276.032002	19.791322	-0.014140	3.059504
63.884474	3270.882372	19.796327	-0.014114	3.057345
63.951331	3265.850173	19.801331	-0.014129	3.055254
63.875214	3260.878703	19.806336	-0.014110	3.053171
63.795517	3255.700918	19.811341	-0.014091	3.050999
63.855519	3250.208327	19.816346	-0.014105	3.048711
63.700698	3245.063752	19.821351	-0.014067	3.046541
63.787881	3240.088287	19.826355	-0.014087	3.044469
63.774047	3235.008207	19.831360	-0.014084	3.042339
63.728587	3229.879523	19.836365	-0.014072	3.040185
63.613353	3224.714606	19.841370	-0.014044	3.038005
63.467994	3219.626625	19.846375	-0.014009	3.035852
63.624422	3214.641570	19.851379	-0.014046	3.033777
63.453840	3209.541143	19.856384	-0.014004	3.031613
63.378691	3204.147427	19.861389	-0.013986	3.029336
63.502955	3198.944733	19.866394	-0.014015	3.027161
63.345636	3193.972655	19.871399	-0.013977	3.025048
63.236217	3188.946908	19.876403	-0.013950	3.022916
63.329228	3183.796527	19.881408	-0.013972	3.020755
63.227099	3178.628055	19.886413	-0.013947	3.018561
63.173586	3173.491012	19.891418	-0.013934	3.016385
63.228482	3168.577312	19.896423	-0.013946	3.014314
63.139343	3163.435486	19.901427	-0.013924	3.012128
63.172038	3158.051341	19.906432	-0.013932	3.009853
63.101354	3152.766841	19.911437	-0.013914	3.007606
63.084451	3147.740504	19.916442	-0.013910	3.005473
63.110220	3142.707112	19.921447	-0.013915	3.003341
62.972274	3137.578180	19.926451	-0.013882	3.001146
62.883153	3132.417902	19.931456	-0.013860	2.998943
62.857751	3127.257306	19.936461	-0.013853	2.996746
63.009229	3122.312105	19.941466	-0.013889	2.994660
62.784608	3117.254358	19.946471	-0.013835	2.992480
62.796211	3111.948655	19.951475	-0.013837	2.990220
62.725477	3106.606709	19.956480	-0.013820	2.987934
62.747382	3101.546006	19.961485	-0.013825	2.985777
62.718129	3096.562712	19.966490	-0.013817	2.983645
62.602335	3091.424350	19.971495	-0.013789	2.981435
62.621155	3086.217914	19.976499	-0.013793	2.979210
62.514016	3081.134400	19.981504	-0.013767	2.977022
62.603801	3076.206886	19.986509	-0.013788	2.974922
62.488377	3071.138957	19.991514	-0.013759	2.972736
62.446039	3065.791285	19.996519	-0.013749	2.970437
62.391339	3060.466572	20.001523	-0.013735	2.968144
62.410579	3055.375486	20.006528	-0.013739	2.965959
62.385012	3050.353221	20.011533	-0.013733	2.963797
62.277386	3045.253650	20.016538	-0.013706	2.961590
62.253916	3040.069332	20.021543	-0.013700	2.959355
62.211385	3034.879187	20.026547	-0.013690	2.957113
62.216484	3029.952931	20.031552	-0.013690	2.954990
62.145825	3024.831338	20.036557	-0.013673	2.952771
62.121986	3019.531095	20.041562	-0.013667	2.950479
61.948841	3014.334859	20.046567	-0.013625	2.948212
62.061390	3009.235323	20.051571	-0.013651	2.946020
61.957149	3004.295510	20.056576	-0.013626	2.943869
61.951597	2999.105487	20.061581	-0.013624	2.941620
61.998972	2993.925820	20.066586	-0.013635	2.939381
61.836824	2988.811759	20.071591	-0.013595	2.937142
61.852485	2983.864743	20.076595	-0.013599	2.934996
61.974517	2978.737001	20.081600	-0.013627	2.932784
61.865227	2973.362417	20.086605	-0.013601	2.930433
61.902611	2968.100556	20.091610	-0.013609	2.928148
61.774014	2963.097007	20.096615	-0.013578	2.925953
61.619296	2958.095493	20.101619	-0.013540	2.923754
61.557145	2952.963779	20.106624	-0.013525	2.921508
61.519508	2947.774625	20.111629	-0.013515	2.919238
61.454662	2942.650248	20.116634	-0.013499	2.916992
61.407205	2937.753276	20.121639	-0.013487	2.914845
61.460017	2932.599108	20.126643	-0.013500	2.912597
61.315727	2927.300585	20.131648	-0.013465	2.910259
61.275039	2922.092518	20.136653	-0.013454	2.907972
61.370994	2917.041183	20.141658	-0.013477	2.905769
61.399440	2912.007484	20.146663	-0.013483	2.903563
61.216127	2906.882589	20.151667	-0.013439	2.901289
61.115951	2901.749782	20.156672	-0.013414	2.899020
61.223531	2896.552302	20.161677	-0.013439	2.896748
61.243318	2891.601951	20.166682	-0.013444	2.894571
61.136111	2886.499471	20.171687	-0.013417	2.892310
61.081676	2880.974471	20.176691	-0.013404	2.889867
60.924983	2875.860107	20.181696	-0.013366	2.887590
60.962959	2870.875616	20.186701	-0.013374	2.885394
60.936095	2865.740741	20.191706	-0.013368	2.883121
60.870453	2860.628964	20.196711	-0.013351	2.880851
60.830261	2855.457439	20.201715	-0.013341	2.878557
60.886485	2850.403590	20.206720	-0.013354	2.876325
60.849466	2845.385008	20.211725	-0.013345	2.874096
60.786011	2840.195162	20.216730	-0.013329	2.871785
60.651362	2834.886904	20.221735	-0.013296	2.869410
60.682391	2829.736329	20.226739	-0.013303	2.867125
60.703369	2824.832046	20.231744	-0.013308	2.864947
60.642079	2819.658910	20.236749	-0.013293	2.862636
60.527714	2814.528594	20.241754	-0.013265	2.860336
60.380039	2809.391890	20.246759	-0.013229	2.858026
60.368175	2804.428150	20.251763	-0.013225	2.855810
60.475300	2799.339129	20.256768	-0.013251	2.853552
60.308214	2793.976051	20.261773	-0.013210	2.851133
60.371851	2788.685446	20.266778	-0.013225	2.848775
60.220907	2783.668366	20.271783	-0.013188	2.846509
60.301268	2778.600143	20.276787	-0.013207	2.844249
60.258808	2773.490459	20.281792	-0.013196	2.841953
60.156438	2768.311379	20.286797	-0.013171	2.839615
60.211720	2763.134849	20.291802	-0.013184	2.837298
60.187490	2758.191376	20.296807	-0.013178	2.835073
60.061834	2753.083139	20.301811	-0.013147	2.832758
59.999303	2747.717283	20.306816	-0.013132	2.830335
59.964863	2742.567358	20.311821	-0.013123	2.828010
59.955337	2737.623364	20.316826	-0.013120	2.825779
59.929881	2732.497793	20.321831	-0.013113	2.823462
59.846240	2727.354174	20.326835	-0.013093	2.821128
59.870329	2722.180381	20.331840	-0.013098	2.818792
59.880568	2717.198428	20.336845	-0.013100	2.816540
59.806400	2712.131591	20.341850	-0.013082	2.814236
59.654997	2706.876149	20.346855	-0.013045	2.811834
59.649531	2701.476280	20.351859	-0.013043	2.809384
59.602711	2696.435684	20.356864	-0.013032	2.807090
59.576743	2691.437039	20.361869	-0.013025	2.804816
59.714587	2686.266429	20.366874	-0.013057	2.802483
59.524528	2681.129700	20.371879	-0.013011	2.800120
59.327883	2676.028813	20.376883	-0.012964	2.797770
59.446300	2671.102751	20.381888	-0.012992	2.795541
59.482186	2665.918331	20.386893	-0.013000	2.793181
59.370155	2660.590663	20.391898	-0.012972	2.790733
59.340385	2655.416827	20.396903	-0.012965	2.788365
59.389508	2650.440335	20.401907	-0.012976	2.786095
59.255238	2645.351764	20.406912	-0.012943	2.783748
59.221282	2640.177871	20.411917	-0.012935	2.781373
59.127072	2635.031725	20.416922	-0.012912	2.779001
59.184203	2629.992005	20.421927	-0.012925	2.776696
59.105973	2624.961964	20.426931	-0.012906	2.774375
59.067418	2619.668447	20.431936	-0.012896	2.771936
59.083452	2614.333543	20.436941	-0.012899	2.769484
58.952773	2609.294316	20.441946	-0.012867	2.767146
58.912715	2604.275802	20.446951	-0.012857	2.764827
58.794397	2599.163693	20.451955	-0.012828	2.762453
58.804391	2593.970533	20.456960	-0.012830	2.760057
58.731092	2588.885694	20.461965	-0.012812	2.757697
58.756786	2583.939735	20.466970	-0.012818	2.755413
58.660080	2578.776099	20.471975	-0.012794	2.753010
58.559775	2573.422067	20.476979	-0.012770	2.750516
58.566771	2568.284572	20.481984	-0.012771	2.748135
58.567782	2563.355048	20.486989	-0.012771	2.745847
58.510711	2558.244054	20.491994	-0.012756	2.743465
58.382708	2553.086880	20.496999	-0.012725	2.741050
58.458565	2547.889502	20.502003	-0.012743	2.738643
58.443253	2542.996649	20.507008	-0.012739	2.736362
58.380274	2537.894478	20.512013	-0.012723	2.733975
58.243264	2532.520585	20.517018	-0.012690	2.731449
58.354514	2527.216441	20.522023	-0.012716	2.728988
58.314710	2522.203310	20.527027	-0.012706	2.726640
58.201339	2517.153172	20.532032	-0.012678	2.724262
58.286572	2511.969319	20.537037	-0.012698	2.721847
58.060070	2506.844195	20.542042	-0.012643	2.719414
58.190339	2501.817044	20.547047	-0.012674	2.717074
58.013061	2496.763450	20.552051	-0.012631	2.714677
58.054090	2491.513365	20.557056	-0.012640	2.712216
57.896837	2486.264531	20.562061	-0.012602	2.709726
57.921194	2481.229916	20.567066	-0.012608	2.707360
57.922373	2476.196055	20.572071	-0.012607	2.704989
57.677132	2471.078558	20.577075	-0.012548	2.702541
57.694951	2465.915772	20.582080	-0.012552	2.700107
57.650846	2460.868100	20.587085	-0.012541	2.697717
57.756128	2455.825484	20.592090	-0.012566	2.695348
57.716592	2450.576306	20.597095	-0.012556	2.692858
57.591656	2445.238486	20.602099	-0.012525	2.690312
57.609035	2440.159743	20.607104	-0.012529	2.687907
57.667232	2435.119258	20.612109	-0.012542	2.685524
57.637049	2429.984382	20.617114	-0.012535	2.683081
57.544005	2424.841664	20.622119	-0.012512	2.680623
57.374216	2419.763622	20.627123	-0.012471	2.678182
57.450850	2414.747543	20.632128	-0.012488	2.675804
57.328608	2409.564239	20.637133	-0.012459	2.673316
57.270620	2404.238192	20.642138	-0.012444	2.670767
57.408159	2399.116865	20.647143	-0.012477	2.668341
57.288125	2394.171451	20.652147	-0.012447	2.665960
57.089090	2389.082888	20.657152	-0.012399	2.663497
57.094148	2383.891686	20.662157	-0.012400	2.661011
57.047047	2378.786243	20.667162	-0.012388	2.658558
57.101882	2373.847169	20.672167	-0.012401	2.656196
56.957475	2368.680444	20.677171	-0.012366	2.653694
56.966414	2363.209183	20.682176	-0.012367	2.651066
56.911806	2358.109317	20.687181	-0.012354	2.648604
56.913928	2353.115576	20.692186	-0.012354	2.646200
56.799572	2348.015444	20.697191	-0.012326	2.643725
56.671367	2342.852237	20.702195	-0.012295	2.641215
56.824005	2337.712949	20.707200	-0.012331	2.638756
56.632922	2332.799166	20.712205	-0.012285	2.636352
56.663952	2327.634325	20.717210	-0.012291	2.633858
56.663192	2322.273965	20.722215	-0.012291	2.631262
56.633144	2317.145406	20.727219	-0.012283	2.628772
56.447597	2312.221547	20.732224	-0.012238	2.626356
56.544493	2306.990648	20.737229	-0.012261	2.623829
56.391810	2301.868150	20.742234	-0.012224	2.621317
56.350457	2296.798117	20.747239	-0.012213	2.618844
56.416153	2291.787988	20.752243	-0.012229	2.616413
56.428099	2286.609414	20.757248	-0.012231	2.613891
56.243571	2281.209383	20.762253	-0.012186	2.611228
56.270387	2276.077112	20.767258	-0.012192	2.608725
56.232775	2271.142420	20.772263	-0.012183	2.606307
56.288721	2265.963070	20.777267	-0.012195	2.603780
56.216207	2260.811792	20.782272	-0.012178	2.601246
56.058683	2255.763200	20.787277	-0.012139	2.598747
56.022607	2250.787247	20.792282	-0.012130	2.596299
56.049170	2245.583697	20.797287	-0.012136	2.593747
55.889825	2240.269662	20.802291	-0.012097	2.591110
55.821166	2235.224267	20.807296	-0.012081	2.588616
55.904197	2230.199281	20.812301	-0.012100	2.586152
55.914482	2225.057428	20.817306	-0.012102	2.583618
55.811241	2219.928935	20.822311	-0.012077	2.581070
55.720490	2214.883179	20.827315	-0.012054	2.578563
55.704987	2209.823662	20.832320	-0.012050	2.576058
55.552753	2204.609455	20.837325	-0.012013	2.573453
55.480015	2199.309419	20.842330	-0.011995	2.570815
55.528935	2194.264203	20.847335	-0.012007	2.568319
55.557503	2189.163840	20.852339	-0.012013	2.565790
55.494641	2184.049261	20.857344	-0.011997	2.563238
55.393660	2178.878504	20.862349	-0.011973	2.560650
55.351261	2173.888224	20.867354	-0.011962	2.558157
55.437328	2168.792793	20.872359	-0.011982	2.555630
55.269211	2163.552281	20.877363	-0.011941	2.552988
55.308505	2158.322889	20.882368	-0.011950	2.550382
55.139305	2153.354757	20.887373	-0.011909	2.547871
54.960178	2148.296822	20.892378	-0.011866	2.545311
55.073327	2143.121035	20.897383	-0.011892	2.542735
55.156249	2137.900990	20.902387	-0.011912	2.540129
54.939226	2133.026059	20.907392	-0.011859	2.537647
54.836616	2127.900838	20.912397	-0.011834	2.535055
54.833959	2122.474937	20.917402	-0.011833	2.532324
54.857157	2117.244483	20.922407	-0.011838	2.529693
54.860542	2112.280868	20.927411	-0.011838	2.527191
54.847750	2107.172930	20.932416	-0.011835	2.524611
54.813315	2101.957117	20.937421	-0.011826	2.521970
54.730806	2096.864114	20.942426	-0.011806	2.519381
54.679319	2091.921456	20.947431	-0.011793	2.516870
54.635134	2086.711197	20.952435	-0.011782	2.514223
54.513973	2081.472551	20.957440	-0.011752	2.511546
54.510512	2076.387596	20.962445	-0.011751	2.508963
54.492134	2071.354557	20.967450	-0.011746	2.506401
54.441753	2066.238526	20.972455	-0.011734	2.503789
54.295676	2061.082919	20.977459	-0.011698	2.501139
54.343634	2056.072822	20.982464	-0.011709	2.498592
54.385621	2050.946809	20.987469	-0.011719	2.495982
54.233251	2045.633923	20.992474	-0.011682	2.493242
54.155755	2040.417061	20.997479	-0.011663	2.490561
54.147532	2035.424599	21.002483	-0.011660	2.488002
54.241768	2030.241893	21.007488	-0.011682	2.485360
54.157383	2025.070540	21.012493	-0.011661	2.482692
54.120721	2019.944242	21.017498	-0.011652	2.480053
54.100093	2015.005873	21.022503	-0.011647	2.477509
54.015752	2009.824019	21.027507	-0.011626	2.474828
53.879627	2004.549304	21.032512	-0.011593	2.472087
53.960828	1999.416018	21.037517	-0.011612	2.469451
53.922821	1994.434800	21.042522	-0.011602	2.466872
53.904439	1989.277671	21.047527	-0.011597	2.464202
53.853148	1984.117157	21.052531	-0.011585	2.461522
53.746650	1979.118373	21.057536	-0.011559	2.458914
53.569486	1974.112817	21.062541	-0.011516	2.456289
53.618190	1968.766414	21.067546	-0.011527	2.453520
53.798168	1963.461346	21.072551	-0.011569	2.450791
53.542405	1958.566792	21.077555	-0.011508	2.448202
53.387875	1953.488582	21.082560	-0.011470	2.445530
53.519314	1948.240348	21.087565	-0.011501	2.442814
53.411352	1943.111335	21.092570	-0.011475	2.440118
53.418772	1938.118007	21.097575	-0.011476	2.437509
53.311429	1932.968759	21.102579	-0.011450	2.434796
53.196718	1927.716264	21.107584	-0.011422	2.432025
53.276427	1922.632595	21.112589	-0.011440	2.429372
53.208466	1917.613999	21.117594	-0.011424	2.426725
53.241802	1912.431000	21.122599	-0.011431	2.424006
53.153511	1907.273148	21.127603	-0.011409	2.421277
53.084085	1902.324571	21.132608	-0.011392	2.418658
52.901032	1897.265188	21.137613	-0.011348	2.415960
52.923855	1891.857650	21.142618	-0.011353	2.413108
52.922808	1886.686529	21.147623	-0.011352	2.410374
52.767951	1881.741112	21.152627	-0.011315	2.407731
52.890306	1876.544617	21.157632	-0.011343	2.404998
52.760906	1871.425872	21.162637	-0.011312	2.402261
52.762584	1866.303319	21.167642	-0.011312	2.399541
52.715974	1861.271978	21.172647	-0.011300	2.396858
52.671659	1856.014298	21.177651	-0.011289	2.394052
52.576171	1850.812090	21.182656	-0.011266	2.391264
52.526848	1845.849368	21.187661	-0.011253	2.388608
52.513265	1840.741530	21.192666	-0.011250	2.385878
52.467180	1835.594992	21.197671	-0.011238	2.383118
52.432847	1830.457125	21.202675	-0.011229	2.380362
52.436755	1825.475529	21.207680	-0.011230	2.377693
52.362174	1820.235114	21.212685	-0.011211	2.374868
52.238772	1814.924998	21.217690	-0.011181	2.371995
52.339599	1809.895059	21.222695	-0.011205	2.369306
52.402992	1804.773422	21.227699	-0.011220	2.366560
52.183722	1799.681560	21.232704	-0.011167	2.363777
52.113944	1794.494232	21.237709	-0.011149	2.360965
52.044910	1789.548193	21.242714	-0.011132	2.358281
52.045495	1784.374564	21.247719	-0.011132	2.355482
52.084290	1779.037068	21.252723	-0.011141	2.352598
51.981919	1774.020330	21.257728	-0.011116	2.349860
51.894646	1769.011010	21.262733	-0.011094	2.347125
51.849170	1763.857919	21.267738	-0.011083	2.344316
51.872446	1758.689673	21.272743	-0.011088	2.341508
51.836961	1753.726175	21.277747	-0.011079	2.338797
51.687925	1748.625371	21.282752	-0.011043	2.335989
51.667822	1743.210836	21.287757	-0.011038	2.333028
51.556780	1738.136055	21.292762	-0.011010	2.330234
51.606171	1733.072291	21.297767	-0.011022	2.327470
51.490608	1727.956532	21.302771	-0.010994	2.324645
51.357681	1722.809408	21.307776	-0.010961	2.321797
51.417213	1717.811514	21.312781	-0.010975	2.319061
51.425887	1712.644624	21.317786	-0.010977	2.316220
51.283263	1707.375330	21.322791	-0.010942	2.313293
51.212282	1702.269460	21.327795	-0.010924	2.310464
51.178785	1697.292068	21.332800	-0.010916	2.307710
51.078458	1692.157233	21.337805	-0.010891	2.304853
51.251172	1686.915595	21.342810	-0.010932	2.301982
51.054087	1682.032676	21.347815	-0.010885	2.299241
51.021527	1676.898772	21.352819	-0.010876	2.296386
50.911301	1671.531153	21.357824	-0.010849	2.293384
50.896592	1666.435780	21.362829	-0.010845	2.290547
50.859329	1661.402149	21.367834	-0.010836	2.287737
50.834814	1656.231316	21.372839	-0.010830	2.284849
50.737032	1651.053446	21.377843	-0.010806	2.281940
50.773321	1646.120626	21.382848	-0.010814	2.279188
50.823051	1640.917688	21.387853	-0.010825	2.276285
50.539292	1635.678191	21.392858	-0.010757	2.273296
50.625623	1630.608369	21.397863	-0.010777	2.270467
50.681229	1625.545827	21.402867	-0.010790	2.267632
50.628583	1620.408861	21.407872	-0.010777	2.264732
50.496425	1615.277296	21.412877	-0.010744	2.261817
50.361310	1610.371586	21.417882	-0.010712	2.259025
50.527513	1605.102673	21.422887	-0.010751	2.256080
50.262771	1599.811455	21.427891	-0.010687	2.253039
50.273272	1594.759265	21.432896	-0.010689	2.250180
50.200971	1589.662115	21.437901	-0.010671	2.247276
50.200735	1584.502405	21.442906	-0.010671	2.244347
50.210048	1579.383931	21.447911	-0.010672	2.241438
50.150725	1574.375969	21.452915	-0.010658	2.238577
49.957921	1569.203906	21.457920	-0.010611	2.235593
49.947467	1563.942092	21.462925	-0.010608	2.232588
49.834227	1558.974252	21.467930	-0.010580	2.229728
49.874192	1553.842424	21.472935	-0.010589	2.226799
49.707364	1548.725845	21.477939	-0.010549	2.223836
49.696426	1543.647185	21.482944	-0.010546	2.220920
49.843029	1538.571313	21.487949	-0.010580	2.218031
49.795902	1533.240526	21.492954	-0.010569	2.214956
49.712227	1528.022465	21.497959	-0.010548	2.211934
49.531340	1523.114419	21.502963	-0.010504	2.209069
49.509529	1517.948860	21.507968	-0.010499	2.206081
49.583066	1512.753365	21.512973	-0.010516	2.203090
49.590984	1507.736783	21.517978	-0.010517	2.200186
49.358222	1502.716919	21.522983	-0.010461	2.197231
49.283030	1497.381624	21.527987	-0.010442	2.194119
49.385140	1492.282402	21.532992	-0.010466	2.191173
49.315756	1487.263794	21.537997	-0.010449	2.188237
49.235667	1482.110188	21.543002	-0.010429	2.185217
49.115893	1477.017307	21.548007	-0.010400	2.182220
49.055375	1472.071973	21.553011	-0.010385	2.179317
49.046596	1466.788674	21.558016	-0.010383	2.176222
49.015571	1461.477323	21.563021	-0.010375	2.173101
48.921849	1456.459492	21.568026	-0.010352	2.170137
48.922829	1451.361650	21.573031	-0.010352	2.167140
49.007238	1446.146878	21.578035	-0.010371	2.164085
48.852224	1441.141254	21.583040	-0.010334	2.161104
48.802554	1436.079377	21.588045	-0.010321	2.158106
48.775293	1430.789553	21.593050	-0.010314	2.154973
48.745829	1425.673592	21.598055	-0.010307	2.151938
48.664726	1420.663069	21.603059	-0.010287	2.148951
48.681154	1415.504394	21.608064	-0.010290	2.145891
48.733951	1410.286835	21.613069	-0.010302	2.142798
48.564446	1405.363944	21.618074	-0.010261	2.139834
48.384718	1400.216965	21.623079	-0.010218	2.136729
48.346392	1394.878645	21.628083	-0.010208	2.133533
48.465226	1389.828484	21.633088	-0.010236	2.130536
48.357928	1384.749710	21.638093	-0.010210	2.127473
48.227147	1379.623624	21.643098	-0.010178	2.124373
48.059545	1374.625506	21.648103	-0.010137	2.121338
48.161802	1369.527235	21.653107	-0.010161	2.118291
48.083864	1364.266086	21.658112	-0.010142	2.115106
47.980598	1359.135525	21.663117	-0.010117	2.111990
47.892346	1354.130034	21.668122	-0.010095	2.108948
47.835663	1348.995619	21.673127	-0.010081	2.105830
47.852824	1343.826235	21.678131	-0.010085	2.102701
47.773912	1338.893339	21.683136	-0.010065	2.099691
47.679649	1333.651553	21.688141	-0.010042	2.096487
47.607023	1328.367914	21.693146	-0.010024	2.093256
47.770153	1323.342430	21.698151	-0.010063	2.090225
47.550413	1318.245362	21.703155	-0.010010	2.087069
47.474413	1313.111235	21.708160	-0.009991	2.083914
47.415245	1308.097561	21.713165	-0.009977	2.080832
47.521869	1302.910645	21.718170	-0.010001	2.077673
47.375249	1297.661390	21.723175	-0.009966	2.074418
47.373050	1292.602160	21.728179	-0.009965	2.071306
47.242285	1287.547764	21.733184	-0.009933	2.068165
47.200823	1282.401799	21.738189	-0.009923	2.064981
47.180442	1277.366606	21.743194	-0.009917	2.061865
47.164378	1272.318700	21.748199	-0.009913	2.058738
46.974239	1266.999756	21.753203	-0.009867	2.055401
47.028423	1261.840936	21.758208	-0.009879	2.052209
47.036455	1256.786171	21.763213	-0.009881	2.049068
46.893999	1251.657858	21.768218	-0.009846	2.045844
46.928147	1246.538605	21.773223	-0.009854	2.042658
46.880280	1241.511720	21.778227	-0.009842	2.039507
46.878781	1236.280551	21.783232	-0.009841	2.036234
46.825767	1231.093576	21.788237	-0.009828	2.032972
46.653716	1226.142140	21.793242	-0.009786	2.029827
46.735027	1220.967596	21.798247	-0.009805	2.026591
46.714000	1215.808306	21.803251	-0.009799	2.023338
46.695571	1210.814971	21.808256	-0.009795	2.020184
46.509664	1205.578819	21.813261	-0.009750	2.016837
46.371991	1200.338637	21.818266	-0.009716	2.013492
46.316834	1195.379974	21.823271	-0.009702	2.010337
46.422174	1190.172913	21.828275	-0.009727	2.007054
46.223227	1185.067938	21.833280	-0.009679	2.003766
46.283878	1180.082976	21.838285	-0.009693	2.000603
46.270576	1174.848623	21.843290	-0.009689	1.997261
46.191239	1169.647041	21.848295	-0.009670	1.993920
46.077282	1164.667563	21.853299	-0.009642	1.990709
46.049037	1159.511610	21.858304	-0.009635	1.987397
46.043493	1154.353274	21.863309	-0.009633	1.984083
45.969482	1149.389397	21.868314	-0.009615	1.980874
45.954352	1144.168444	21.873319	-0.009611	1.977507
45.845392	1138.910229	21.878323	-0.009584	1.974090
45.850355	1133.893961	21.883328	-0.009585	1.970848
45.757271	1128.768011	21.888333	-0.009562	1.967508
45.670933	1123.629820	21.893338	-0.009541	1.964156
45.620899	1118.686552	21.898343	-0.009528	1.960933
45.504438	1113.472751	21.903347	-0.009500	1.957514
45.601121	1108.193278	21.908352	-0.009522	1.954093
45.561402	1103.227594	21.913357	-0.009512	1.950841
45.410211	1098.118364	21.918362	-0.009476	1.947465
45.317565	1092.993921	21.923367	-0.009453	1.944086
45.247936	1088.025376	21.928371	-0.009436	1.940808
45.173615	1082.798385	21.933376	-0.009418	1.937354
44.961961	1077.657499	21.938381	-0.009366	1.933921
45.014550	1072.610458	21.943386	-0.009379	1.930601
45.078290	1067.440665	21.948391	-0.009393	1.927197
45.003227	1062.321028	21.953395	-0.009375	1.923790
44.962060	1057.310992	21.958400	-0.009364	1.920457
44.732975	1052.129900	21.963405	-0.009309	1.916962
44.801790	1046.915637	21.968410	-0.009325	1.913505
44.835392	1041.890242	21.973415	-0.009333	1.910161
44.759019	1036.744300	21.978419	-0.009314	1.906705
44.654740	1031.682628	21.983424	-0.009288	1.903293
44.564900	1026.655237	21.988429	-0.009266	1.899901
44.456012	1021.321826	21.993434	-0.009240	1.896293
44.555748	1016.197608	21.998439	-0.009263	1.892866
44.373396	1011.158501	22.003443	-0.009219	1.889427
44.219423	1006.056561	22.008448	-0.009182	1.885945
44.252797	1001.000334	22.013453	-0.009189	1.882530
44.275996	995.840301	22.018458	-0.009194	1.879037
44.075220	990.638480	22.023463	-0.009146	1.875457
44.173014	985.558047	22.028467	-0.009168	1.872021
44.187846	980.447937	22.033472	-0.009172	1.868540
44.038089	975.306319	22.038477	-0.009135	1.864993
44.038176	970.303577	22.043482	-0.009135	1.861569
44.013785	965.088169	22.048487	-0.009128	1.857987
43.878784	959.843643	22.053491	-0.009096	1.854352
43.822872	954.848856	22.058496	-0.009082	1.850901
43.741795	949.717073	22.063501	-0.009062	1.847342
43.650044	944.625271	22.068506	-0.009039	1.843802
43.726332	939.573835	22.073511	-0.009057	1.840323
43.774324	934.245626	22.078515	-0.009068	1.836638
43.555633	929.226299	22.083520	-0.009015	1.833098
43.489452	924.166307	22.088525	-0.008999	1.829559
43.325520	919.049524	22.093530	-0.008959	1.825949
43.240415	914.057578	22.098535	-0.008938	1.822439
43.258366	908.834722	22.103539	-0.008942	1.818785
43.124516	903.602749	22.108544	-0.008909	1.815080
43.077114	898.609744	22.113549	-0.008898	1.811557
43.186984	893.409972	22.118554	-0.008923	1.807919
43.022243	888.354876	22.123559	-0.008883	1.804310
42.862940	883.365928	22.128563	-0.008845	1.800742
42.897227	878.063551	22.133568	-0.008853	1.796991
42.832394	872.992191	22.138573	-0.008836	1.793373
42.846155	867.900974	22.143578	-0.008839	1.789752
42.640145	862.818204	22.148583	-0.008789	1.786076
42.695533	857.759890	22.153587	-0.008802	1.782474
42.573463	852.579538	22.158592	-0.008772	1.778733
42.563610	847.329204	22.163597	-0.008770	1.774963
42.551376	842.300268	22.168602	-0.008766	1.771342
42.486210	837.146989	22.173607	-0.008750	1.767612
42.411328	832.086123	22.178611	-0.008732	1.763938
42.345680	827.011366	22.183616	-0.008715	1.760249
42.208959	821.774307	22.188621	-0.008682	1.756416
42.183575	816.739722	22.193626	-0.008676	1.752751
42.143672	811.625826	22.198631	-0.008666	1.749016
42.022266	806.520309	22.203635	-0.008636	1.745258
41.957229	801.528465	22.208640	-0.008620	1.741590
41.922366	796.224575	22.213645	-0.008611	1.737693
41.923322	791.082430	22.218650	-0.008611	1.733915
41.901510	786.021351	22.223655	-0.008605	1.730183
41.744071	780.879228	22.228659	-0.008567	1.726348
41.569878	775.929435	22.233664	-0.008525	1.722643
41.625985	770.688183	22.238669	-0.008538	1.718773
41.719274	765.469789	22.243674	-0.008559	1.714920
41.603470	760.484567	22.248679	-0.008531	1.711179
41.559402	755.320541	22.253683	-0.008520	1.707314
41.399953	750.313302	22.258688	-0.008481	1.703528
41.455901	745.121158	22.263693	-0.008494	1.699651
41.283339	739.888444	22.268698	-0.008453	1.695675
41.219112	734.889412	22.273703	-0.008437	1.691894
41.260581	729.690119	22.278707	-0.008446	1.687981
41.236479	724.626675	22.283712	-0.008440	1.684145
41.255835	719.510612	22.288717	-0.008444	1.680271
41.085863	714.268215	22.293722	-0.008403	1.676242
41.107435	709.258713	22.298727	-0.008407	1.672432
40.841067	704.196192	22.303731	-0.008343	1.668497
40.915102	699.078425	22.308736	-0.008360	1.664600
40.886041	693.995427	22.313741	-0.008353	1.660693
40.681426	688.731330	22.318746	-0.008303	1.656590
40.610829	683.740897	22.323751	-0.008286	1.652725
40.615948	678.575529	22.328755	-0.008287	1.648735
40.370462	673.563869	22.333760	-0.008228	1.644788
40.259374	668.504629	22.338765	-0.008200	1.640830
40.284644	663.216674	22.343770	-0.008206	1.636721
40.293681	658.205763	22.348775	-0.008208	1.632814
40.259090	653.032579	22.353779	-0.008199	1.628759
40.082284	648.036829	22.358784	-0.008156	1.624794
40.104365	642.900041	22.363789	-0.008161	1.620763
40.050049	637.598350	22.368794	-0.008147	1.616570
39.900225	632.638313	22.373799	-0.008111	1.612611
39.933358	627.425761	22.378803	-0.008118	1.608492
39.759470	622.440317	22.383808	-0.008076	1.604486
39.792078	617.266342	22.388813	-0.008083	1.600377
39.755866	612.051223	22.393818	-0.008074	1.596205
39.714445	607.019735	22.398823	-0.008064	1.592168
39.567191	601.905362	22.403827	-0.008028	1.588024
39.453190	596.896804	22.408832	-0.008000	1.583965
39.412488	591.690015	22.413837	-0.007990	1.579755
39.311829	586.524414	22.418842	-0.007966	1.575550
39.237952	581.481630	22.423847	-0.007947	1.571442
39.264774	576.300892	22.428851	-0.007953	1.567239
39.058308	571.353601	22.433856	-0.007903	1.563149
38.992068	566.134088	22.438861	-0.007887	1.558865
38.902936	561.052093	22.443866	-0.007865	1.554676
38.848922	555.966668	22.448871	-0.007852	1.550482
38.874935	550.814629	22.453875	-0.007857	1.546246
38.875147	545.771367	22.458880	-0.007857	1.542080
38.654902	540.496303	22.463885	-0.007804	1.537647
38.663083	535.446271	22.468890	-0.007805	1.533454
38.633558	530.315987	22.473895	-0.007798	1.529173
38.461496	525.305654	22.478899	-0.007756	1.524937
38.388719	520.162027	22.483904	-0.007738	1.520607
38.464095	514.944787	22.488909	-0.007756	1.516247
38.303897	509.915013	22.493914	-0.007717	1.511963
38.304852	504.754176	22.498919	-0.007716	1.507603
38.200788	499.791380	22.503923	-0.007691	1.503367
38.049683	494.511559	22.508928	-0.007654	1.498836
38.068542	489.428292	22.513933	-0.007658	1.494509
37.851276	484.362270	22.518938	-0.007606	1.490114
37.729860	479.325205	22.523943	-0.007576	1.485760
37.765708	474.179551	22.528947	-0.007584	1.481346
37.636334	469.014577	22.533952	-0.007553	1.476853
37.585554	463.977092	22.538957	-0.007540	1.472480
37.498369	458.837176	22.543962	-0.007519	1.467994
37.445427	453.848228	22.548967	-0.007506	1.463637
37.399949	448.545300	22.553971	-0.007494	1.458994
37.254625	443.506124	22.558976	-0.007459	1.454537
37.107933	438.423239	22.563981	-0.007423	1.450027
37.016207	433.360650	22.568986	-0.007401	1.445538
37.108581	428.176249	22.573991	-0.007423	1.440985
36.941230	423.051964	22.578995	-0.007382	1.436390
36.844371	418.007347	22.584000	-0.007358	1.431873
36.721932	412.917572	22.589005	-0.007329	1.427293
36.703669	407.843842	22.594010	-0.007324	1.422745
36.624529	402.586757	22.599015	-0.007304	1.417999
36.581922	397.549599	22.604019	-0.007293	1.413447
36.464740	392.419571	22.609024	-0.007265	1.408772
36.594629	387.338330	22.614029	-0.007296	1.404206
36.311373	382.188830	22.619034	-0.007227	1.399429
36.217328	377.151735	22.624039	-0.007204	1.394799
36.225180	372.000427	22.629043	-0.007206	1.390083
36.048214	366.989552	22.634048	-0.007163	1.385419
35.982241	361.792853	22.639053	-0.007146	1.380605
35.930693	356.642732	22.644058	-0.007134	1.375821
35.783565	351.580056	22.649063	-0.007098	1.371071
35.670494	346.526531	22.654067	-0.007070	1.366324
35.664958	341.367201	22.659072	-0.007069	1.361497
35.530161	336.262934	22.664077	-0.007036	1.356661
35.361449	331.221017	22.669082	-0.006995	1.351855
35.393843	326.115689	22.674087	-0.007002	1.347040
35.332952	320.986318	22.679091	-0.006987	1.342154
35.155564	315.839487	22.684096	-0.006944	1.337193
35.179301	310.740429	22.689101	-0.006949	1.332328
34.897905	305.706437	22.694106	-0.006881	1.327403
35.085710	300.538883	22.699111	-0.006926	1.322492
34.995079	295.373397	22.704115	-0.006904	1.317469
34.726654	290.390193	22.709120	-0.006839	1.312543
34.807220	285.251874	22.714125	-0.006858	1.307567
34.589791	280.214696	22.719130	-0.006805	1.302568
34.490248	275.073961	22.724135	-0.006781	1.297489
34.406281	270.007463	22.729139	-0.006760	1.292468
34.227286	264.942535	22.734144	-0.006717	1.287396
34.071313	259.877749	22.739149	-0.006679	1.282313
34.066726	254.692342	22.744154	-0.006677	1.277142
33.976767	249.614297	22.749159	-0.006655	1.272028
33.885222	244.552543	22.754163	-0.006633	1.266908
33.791191	239.384946	22.759168	-0.006610	1.261660
33.527320	234.341418	22.764173	-0.006546	1.256455
33.514337	229.210696	22.769178	-0.006543	1.251230
33.445873	224.159520	22.774183	-0.006526	1.246044
33.180561	219.049962	22.779187	-0.006462	1.240705
33.169186	213.962058	22.784192	-0.006459	1.235458
33.087264	208.839292	22.789197	-0.006439	1.230127
32.901671	203.851330	22.794202	-0.006394	1.224874
32.944904	198.552837	22.799207	-0.006403	1.219359
32.583835	193.612844	22.804211	-0.006317	1.214044
32.673677	188.434675	22.809216	-0.006338	1.208624
32.564919	183.355853	22.814221	-0.006311	1.203210
32.414298	178.235275	22.819226	-0.006275	1.197711
32.326429	173.159139	22.824231	-0.006253	1.192259
32.083411	168.152106	22.829235	-0.006194	1.186795
32.047496	162.954692	22.834240	-0.006185	1.181181
31.806893	157.925280	22.839245	-0.006127	1.175643
31.652943	152.843537	22.844250	-0.006090	1.170055
31.543219	147.810565	22.849255	-0.006063	1.164511
31.470471	142.629289	22.854259	-0.006045	1.158792
31.364185	137.584173	22.859264	-0.006019	1.153182
31.047886	132.596572	22.864269	-0.005943	1.147525
30.970583	127.414666	22.869274	-0.005924	1.141718
30.873155	122.331104	22.874279	-0.005900	1.135984
30.603041	117.292518	22.879283	-0.005835	1.130201
30.466672	112.228350	22.884288	-0.005802	1.124414
30.301885	107.113339	22.889293	-0.005762	1.118528
30.130541	102.072694	22.894298	-0.005721	1.112693
29.833869	97.090877	22.899303	-0.005649	1.106843
29.758261	91.875333	22.904307	-0.005630	1.100783
29.615150	86.842142	22.909312	-0.005596	1.094874
29.361879	81.810933	22.914317	-0.005535	1.088888
29.084278	76.765206	22.919322	-0.005468	1.082842
29.018034	71.670162	22.924327	-0.005451	1.076793
28.965277	66.554970	22.929331	-0.005438	1.070693
28.722360	61.531747	22.934336	-0.005380	1.064585
28.499680	56.413944	22.939341	-0.005326	1.058337
28.222233	51.399697	22.944346	-0.005259	1.052152
28.096783	46.357098	22.949351	-0.005228	1.045964
28.058133	41.179925	22.954355	-0.005219	1.039613
27.676518	36.204266	22.959360	-0.005127	1.033318
27.400195	31.230582	22.964365	-0.005060	1.027034
27.011494	26.132944	22.969370	-0.004967	1.020505
26.791104	21.125520	22.974375	-0.004914	1.014124
26.712909	16.050410	22.979379	-0.004894	1.007683
26.231140	11.041851	22.984384	-0.004779	1.001098
25.892847	6.079396	22.989389	-0.004697	0.994595
25.493672	1.106142	22.994394	-0.004601	0.988007
19.629485	-1.969923	22.999399	-0.003198	0.981254
