Wed Apr 02 00:36:45 2025

Number of Points = 4164
Depth (nm)	Load (µN)	Time (s)	Disp. Voltage(V)	Force Voltage(V)0.000000	5.984749	0.000000	0.002537	0.428113
0.409662	10.836320	0.005005	0.002439	0.443202
0.479420	15.833180	0.010010	0.002422	0.457849
0.796207	20.753373	0.015014	0.002346	0.472084
1.059122	25.676850	0.020019	0.002282	0.485856
1.233875	30.630411	0.025024	0.002240	0.499241
1.380117	35.624790	0.030029	0.002205	0.512354
1.601016	40.559312	0.035034	0.002152	0.525059
1.735096	45.529862	0.040038	0.002119	0.537474
2.037429	50.455213	0.045043	0.002047	0.549648
2.249621	55.396458	0.050048	0.001996	0.561518
2.453074	60.353166	0.055053	0.001947	0.573170
2.579306	65.334658	0.060058	0.001916	0.584581
2.892574	70.265262	0.065062	0.001841	0.595814
3.048188	75.224238	0.070067	0.001803	0.606774
3.155073	80.201047	0.075072	0.001777	0.617539
3.396646	85.154239	0.080077	0.001719	0.628174
3.450391	90.162761	0.085082	0.001706	0.638603
3.686530	95.111032	0.090086	0.001649	0.648878
3.760578	100.098807	0.095091	0.001631	0.658953
3.995483	105.055945	0.100096	0.001575	0.668933
4.150931	109.998515	0.105101	0.001537	0.678681
4.379657	114.948251	0.110106	0.001482	0.688355
4.567500	119.891135	0.115110	0.001437	0.697855
4.560328	124.937448	0.120115	0.001438	0.707285
4.773327	129.890248	0.125120	0.001387	0.716569
4.944391	134.840843	0.130125	0.001346	0.725701
5.096573	139.812335	0.135130	0.001309	0.734745
5.256170	144.782247	0.140134	0.001271	0.743681
5.420622	149.776148	0.145139	0.001231	0.752556
5.537975	154.732611	0.150144	0.001203	0.761233
5.667290	159.737996	0.155149	0.001171	0.769903
5.788432	164.700909	0.160154	0.001142	0.778400
6.033659	169.667480	0.165158	0.001083	0.786887
6.258927	174.603235	0.170163	0.001029	0.795220
6.171528	179.650884	0.175168	0.001049	0.803462
6.431939	184.587484	0.180173	0.000987	0.811647
6.521080	189.564434	0.185178	0.000965	0.819715
6.698740	194.587909	0.190182	0.000922	0.827829
6.727057	199.578976	0.195187	0.000915	0.835727
6.838908	204.549390	0.200192	0.000888	0.843567
7.078923	209.501165	0.205197	0.000830	0.851378
7.351324	214.409187	0.210202	0.000765	0.859070
7.460502	219.442045	0.215206	0.000739	0.866791
7.647609	224.382802	0.220211	0.000693	0.874349
7.550225	229.430747	0.225216	0.000716	0.881847
7.806652	234.392319	0.230221	0.000655	0.889345
7.859162	239.381819	0.235226	0.000642	0.896712
7.943770	244.391095	0.240230	0.000621	0.904065
8.131465	249.368486	0.245235	0.000576	0.911366
8.104438	254.388597	0.250240	0.000582	0.918559
8.461350	259.314189	0.255245	0.000497	0.925760
8.423836	264.321082	0.260250	0.000505	0.932818
8.689874	269.239944	0.265254	0.000441	0.939854
8.703109	274.334921	0.270259	0.000438	0.946954
8.844146	279.285496	0.275264	0.000404	0.953867
8.953924	284.241002	0.280269	0.000377	0.960721
9.097463	289.274118	0.285274	0.000342	0.967649
9.276714	294.212912	0.290278	0.000299	0.974417
9.372791	299.187514	0.295283	0.000276	0.981147
9.416701	304.283750	0.300288	0.000265	0.987967
9.610116	309.201934	0.305293	0.000219	0.994576
9.753591	314.144754	0.310298	0.000184	1.001151
9.854323	319.187494	0.315302	0.000159	1.007793
9.869040	324.170854	0.320307	0.000156	1.014274
9.799602	329.187150	0.325312	0.000172	1.020716
10.074418	334.211239	0.330317	0.000106	1.027288
10.189673	339.159146	0.335322	0.000078	1.033648
10.360307	344.086092	0.340326	0.000037	1.039968
10.476226	349.141425	0.345331	0.000009	1.046386
10.634651	354.069175	0.350336	-0.000029	1.052624
10.649967	359.068250	0.355341	-0.000033	1.058850
10.783673	364.136699	0.360346	-0.000066	1.065179
10.863310	369.103204	0.365350	-0.000085	1.071320
11.115053	374.034509	0.370355	-0.000146	1.077460
11.208789	379.039952	0.375360	-0.000168	1.083585
11.311815	384.024846	0.380365	-0.000193	1.089655
11.440917	389.010427	0.385370	-0.000225	1.095704
11.545377	393.964320	0.390374	-0.000250	1.101671
11.556964	399.079741	0.395379	-0.000253	1.107758
11.693630	404.021351	0.400384	-0.000286	1.113659
11.899285	408.938938	0.405389	-0.000336	1.119531
11.941312	414.029410	0.410394	-0.000346	1.125504
12.015118	418.973297	0.415398	-0.000364	1.131290
12.062923	423.985984	0.420403	-0.000376	1.137114
12.160269	429.014744	0.425408	-0.000399	1.142948
12.411406	433.975949	0.430413	-0.000460	1.148738
12.473082	438.975193	0.435418	-0.000475	1.154465
12.564342	443.912936	0.440422	-0.000497	1.160105
12.731826	448.964660	0.445427	-0.000537	1.165878
12.860958	453.891494	0.450432	-0.000568	1.171467
12.985770	458.864056	0.455437	-0.000599	1.177079
13.094585	463.866941	0.460442	-0.000625	1.182691
13.174480	468.909949	0.465446	-0.000644	1.188309
13.120461	473.941104	0.470451	-0.000632	1.193835
13.218906	478.893789	0.475456	-0.000656	1.199310
13.457402	483.919734	0.480461	-0.000713	1.204894
13.484469	488.872125	0.485466	-0.000720	1.210291
13.636714	493.868422	0.490470	-0.000757	1.215759
13.620090	498.872225	0.495475	-0.000753	1.221146
13.801133	503.954420	0.500480	-0.000797	1.226669
13.959695	508.876463	0.505485	-0.000835	1.231988
14.084389	513.837366	0.510490	-0.000865	1.237312
14.139560	518.869440	0.515494	-0.000879	1.242663
14.092282	523.921786	0.520499	-0.000868	1.247973
14.197753	528.905281	0.525504	-0.000893	1.253246
14.425887	533.803291	0.530509	-0.000948	1.258453
14.516249	538.897427	0.535514	-0.000970	1.263792
14.682522	543.835551	0.540518	-0.001010	1.268974
14.708434	548.866789	0.545523	-0.001017	1.274180
14.918888	553.758659	0.550528	-0.001067	1.279289
14.921370	558.899801	0.555533	-0.001068	1.284557
15.022844	563.823712	0.560538	-0.001093	1.289617
15.089232	568.863924	0.565542	-0.001109	1.294764
15.234521	573.772359	0.570547	-0.001144	1.299785
15.482805	578.821698	0.575552	-0.001204	1.304966
15.489333	583.739247	0.580557	-0.001206	1.309907
15.529286	588.783373	0.585562	-0.001216	1.314969
15.522281	593.748488	0.590566	-0.001214	1.319916
15.533641	598.874450	0.595571	-0.001217	1.325010
15.722015	603.749093	0.600576	-0.001263	1.329898
15.903524	608.742085	0.605581	-0.001306	1.334883
16.034235	613.656716	0.610586	-0.001338	1.339755
16.081392	618.828695	0.615590	-0.001350	1.344831
16.078887	623.767835	0.620595	-0.001349	1.349645
16.233378	628.772417	0.625600	-0.001387	1.354558
16.309239	633.674504	0.630605	-0.001405	1.359329
16.486858	638.784871	0.635610	-0.001448	1.364317
16.535008	643.709177	0.640614	-0.001460	1.369065
16.614013	648.727914	0.645619	-0.001479	1.373897
16.786203	653.631632	0.650624	-0.001520	1.378635
16.719567	658.869611	0.655629	-0.001505	1.383592
16.775776	663.812954	0.660634	-0.001519	1.388295
16.965202	668.782971	0.665638	-0.001564	1.393052
16.903961	673.770218	0.670643	-0.001550	1.397725
17.165791	678.778361	0.675648	-0.001613	1.402509
17.191658	683.768981	0.680653	-0.001619	1.407182
17.405795	688.709378	0.685658	-0.001671	1.411855
17.336866	693.730753	0.690662	-0.001655	1.416495
17.541506	698.740667	0.695667	-0.001704	1.421199
17.612735	703.794911	0.700672	-0.001721	1.425884
17.728424	708.743245	0.705677	-0.001749	1.430472
17.792292	713.760030	0.710682	-0.001765	1.435090
17.823035	718.712854	0.715686	-0.001773	1.439625
18.007151	723.785585	0.720691	-0.001817	1.444304
18.122063	728.704271	0.725696	-0.001845	1.448805
18.207107	733.722883	0.730701	-0.001866	1.453374
18.270975	738.639740	0.735706	-0.001881	1.457830
18.481119	743.775639	0.740710	-0.001932	1.462515
18.436517	748.787184	0.745715	-0.001921	1.466994
18.443702	753.792460	0.750720	-0.001923	1.471469
18.580373	758.733092	0.755725	-0.001956	1.475914
18.575129	763.786186	0.760730	-0.001956	1.480402
18.801402	768.780009	0.765734	-0.002010	1.484895
18.915985	773.692154	0.770739	-0.002038	1.489268
18.917060	778.771836	0.775744	-0.002038	1.493740
18.952008	783.692090	0.780749	-0.002047	1.498070
19.160789	788.819128	0.785754	-0.002097	1.502621
19.312562	793.732594	0.790758	-0.002134	1.506955
19.230097	798.794045	0.795763	-0.002114	1.511334
19.246079	803.776675	0.800768	-0.002119	1.515662
19.317529	808.781616	0.805773	-0.002136	1.520013
19.591312	813.807381	0.810778	-0.002202	1.524431
19.643738	818.744516	0.815782	-0.002215	1.528694
19.840342	823.716153	0.820787	-0.002262	1.533017
19.750362	828.708879	0.825792	-0.002241	1.537261
19.813621	833.870849	0.830797	-0.002256	1.541682
19.864843	838.859869	0.835802	-0.002269	1.545941
19.932696	843.841612	0.840806	-0.002285	1.550186
19.979360	848.847822	0.845811	-0.002297	1.554435
20.129159	853.767508	0.850816	-0.002333	1.558629
20.441552	858.833624	0.855821	-0.002408	1.562983
20.360019	863.765983	0.860826	-0.002389	1.567097
20.447221	868.794930	0.865830	-0.002410	1.571331
20.482031	873.770206	0.870835	-0.002419	1.575493
20.606895	878.815964	0.875840	-0.002449	1.579728
20.771077	883.878681	0.880845	-0.002489	1.583978
20.792725	888.800321	0.885850	-0.002494	1.588059
20.856020	893.859668	0.890854	-0.002510	1.592255
20.828714	898.806231	0.895859	-0.002503	1.596321
20.988034	903.851965	0.900864	-0.002542	1.600511
21.130227	908.858118	0.905869	-0.002576	1.604653
21.173851	913.835107	0.910874	-0.002587	1.608733
21.204195	918.885958	0.915878	-0.002595	1.612859
21.280193	923.796494	0.920883	-0.002613	1.616873
21.360530	928.964874	0.925888	-0.002633	1.621087
21.548064	933.902890	0.930893	-0.002678	1.625134
21.527264	938.906277	0.935898	-0.002673	1.629166
21.665849	943.932829	0.940902	-0.002707	1.633251
21.725943	948.835417	0.945907	-0.002721	1.637204
21.837158	953.936518	0.950912	-0.002748	1.641321
22.005711	958.863462	0.955917	-0.002789	1.645304
22.029067	963.855904	0.960922	-0.002795	1.649289
22.048604	968.907374	0.965926	-0.002800	1.653311
22.088182	973.802677	0.970931	-0.002810	1.657205
22.315849	978.966074	0.975936	-0.002864	1.661353
22.364212	983.925003	0.980941	-0.002876	1.665281
22.477936	988.896941	0.985946	-0.002904	1.669227
22.608668	993.911502	0.990950	-0.002935	1.673202
22.553946	998.831240	0.995955	-0.002923	1.677044
22.750172	1003.938060	1.000960	-0.002970	1.681090
22.686015	1008.950840	1.005965	-0.002955	1.684983
22.955568	1013.853320	1.010970	-0.003020	1.688871
22.960228	1018.923038	1.015974	-0.003021	1.692809
23.023267	1023.797471	1.020979	-0.003036	1.696602
23.160774	1028.993673	1.025984	-0.003070	1.700655
23.105639	1034.030169	1.030989	-0.003057	1.704525
23.320101	1038.946129	1.035994	-0.003108	1.708364
23.380029	1043.993680	1.040998	-0.003123	1.712254
23.366728	1048.916964	1.046003	-0.003120	1.716022
23.463630	1053.981891	1.051008	-0.003144	1.719918
23.664477	1058.992790	1.056013	-0.003192	1.723792
23.644356	1063.941900	1.061018	-0.003188	1.727552
23.656152	1069.023182	1.066022	-0.003191	1.731412
23.855057	1073.898151	1.071027	-0.003239	1.735157
23.874118	1078.996647	1.076032	-0.003244	1.739015
23.829192	1084.145826	1.081037	-0.003233	1.742887
23.998588	1089.009948	1.086042	-0.003274	1.746591
24.077467	1094.074557	1.091046	-0.003293	1.750414
24.208969	1098.995489	1.096051	-0.003325	1.754135
24.293648	1103.996110	1.101056	-0.003346	1.757895
24.321224	1109.121104	1.106061	-0.003353	1.761726
24.292097	1114.052908	1.111066	-0.003346	1.765390
24.455024	1119.058228	1.116070	-0.003385	1.769150
24.512282	1124.083057	1.121075	-0.003399	1.772889
24.739351	1128.952623	1.126080	-0.003454	1.776549
24.717419	1134.195170	1.131085	-0.003449	1.780414
24.800994	1139.123524	1.136090	-0.003469	1.784065
24.956403	1144.069649	1.141094	-0.003507	1.787740
24.920700	1149.143025	1.146099	-0.003499	1.791453
25.130853	1153.994331	1.151104	-0.003549	1.795057
25.113477	1159.115108	1.156109	-0.003545	1.798794
25.218271	1164.180050	1.161114	-0.003571	1.802513
25.225841	1169.065529	1.166118	-0.003573	1.806070
25.263229	1174.123711	1.171123	-0.003582	1.809752
25.338853	1179.100958	1.176128	-0.003600	1.813378
25.322069	1184.093736	1.181133	-0.003597	1.816985
25.532925	1189.280552	1.186138	-0.003648	1.820781
25.791744	1194.152329	1.191142	-0.003710	1.824353
25.627630	1199.182319	1.196147	-0.003671	1.827930
25.715721	1204.214345	1.201152	-0.003692	1.831561
26.002707	1209.043408	1.206157	-0.003761	1.835089
25.989419	1214.167749	1.211162	-0.003758	1.838748
26.084112	1219.252088	1.216166	-0.003781	1.842398
26.136029	1224.154339	1.221171	-0.003794	1.845900
26.155717	1229.221563	1.226176	-0.003799	1.849506
26.168410	1234.202793	1.231181	-0.003803	1.853041
26.433012	1239.062789	1.236186	-0.003866	1.856544
26.471272	1244.346101	1.241190	-0.003876	1.860286
26.459177	1249.292995	1.246195	-0.003873	1.863771
26.509061	1254.283684	1.251200	-0.003885	1.867295
26.522125	1259.360579	1.256205	-0.003889	1.870864
26.614081	1264.241117	1.261210	-0.003911	1.874307
26.637175	1269.297982	1.266214	-0.003917	1.877851
26.824440	1274.377675	1.271219	-0.003962	1.881443
26.971239	1279.233018	1.276224	-0.003997	1.884863
26.907601	1284.315362	1.281229	-0.003983	1.888384
27.010029	1289.349338	1.286234	-0.004007	1.891905
27.090738	1294.237163	1.291238	-0.004027	1.895312
27.101574	1299.443005	1.296243	-0.004030	1.898917
27.283750	1304.439076	1.301248	-0.004074	1.902410
27.461780	1309.299493	1.306253	-0.004117	1.905803
27.368514	1314.412126	1.311258	-0.004095	1.909300
27.434158	1319.399170	1.316262	-0.004111	1.912741
27.485105	1324.329335	1.321267	-0.004123	1.916133
27.598597	1329.512489	1.326272	-0.004151	1.919707
27.826624	1334.404398	1.331277	-0.004206	1.923102
27.779427	1339.396893	1.336282	-0.004195	1.926496
27.771779	1344.468176	1.341286	-0.004193	1.929947
27.962718	1349.357056	1.346291	-0.004239	1.933313
28.006059	1354.368612	1.351296	-0.004250	1.936723
28.190805	1359.514187	1.356301	-0.004294	1.940250
28.107591	1364.456105	1.361306	-0.004275	1.943572
28.188847	1369.448072	1.366310	-0.004295	1.946959
28.286452	1374.471155	1.371315	-0.004318	1.950365
28.295348	1379.415247	1.376320	-0.004321	1.953692
28.536421	1384.368500	1.381325	-0.004379	1.957071
28.540941	1389.522944	1.386330	-0.004380	1.960527
28.514661	1394.453683	1.391334	-0.004374	1.963820
28.684669	1399.426247	1.396339	-0.004415	1.967179
28.697533	1404.492993	1.401344	-0.004419	1.970560
28.833862	1409.367143	1.406349	-0.004452	1.973835
28.754331	1414.515052	1.411354	-0.004433	1.977238
28.965876	1419.647878	1.416358	-0.004484	1.980689
28.995712	1424.496567	1.421363	-0.004491	1.983907
29.162722	1429.468566	1.426368	-0.004531	1.987231
29.168356	1434.544473	1.431373	-0.004533	1.990582
29.170009	1439.465720	1.436378	-0.004534	1.993826
29.212692	1444.560852	1.441382	-0.004544	1.997187
29.335681	1449.664037	1.446387	-0.004574	2.000565
29.531404	1454.506077	1.451392	-0.004621	2.003782
29.595325	1459.534262	1.456397	-0.004637	2.007088
29.608965	1464.563359	1.461402	-0.004641	2.010377
29.650642	1469.469747	1.466406	-0.004651	2.013587
29.738185	1474.572856	1.471411	-0.004672	2.016930
29.835155	1479.764495	1.476416	-0.004696	2.020327
29.864437	1484.651013	1.481421	-0.004703	2.023506
29.855410	1489.703757	1.486426	-0.004701	2.026780
30.007773	1494.714752	1.491430	-0.004738	2.030055
30.102050	1499.597026	1.496435	-0.004761	2.033230
30.073611	1504.674182	1.501440	-0.004754	2.036499
30.171426	1509.789931	1.506445	-0.004778	2.039815
30.166376	1514.706168	1.511450	-0.004777	2.042975
30.184171	1519.716857	1.516454	-0.004782	2.046196
30.333751	1524.743760	1.521459	-0.004818	2.049450
30.475003	1529.633849	1.526464	-0.004852	2.052610
30.584958	1534.641915	1.531469	-0.004879	2.055833
30.680052	1539.879788	1.536474	-0.004902	2.059195
30.725307	1544.825392	1.541478	-0.004913	2.062355
30.759831	1549.774545	1.546483	-0.004921	2.065510
30.806471	1554.818311	1.551488	-0.004933	2.068722
30.958419	1559.742815	1.556493	-0.004970	2.071876
30.907619	1564.701336	1.561498	-0.004958	2.075005
31.098289	1569.872646	1.566502	-0.005004	2.078314
31.006726	1574.909451	1.571507	-0.004982	2.081473
31.107508	1579.828012	1.576512	-0.005006	2.084594
31.196468	1584.872114	1.581517	-0.005028	2.087786
31.274249	1589.866267	1.586522	-0.005047	2.090940
31.313109	1594.798394	1.591526	-0.005057	2.094042
31.365573	1599.990520	1.596531	-0.005070	2.097305
31.600101	1605.023266	1.601536	-0.005126	2.100500
31.620705	1609.868724	1.606541	-0.005131	2.103530
31.610422	1614.933746	1.611546	-0.005129	2.106687
31.763116	1619.965645	1.616550	-0.005166	2.109851
31.719999	1624.862172	1.621555	-0.005156	2.112886
31.816086	1629.931666	1.626560	-0.005179	2.116053
31.874430	1635.086476	1.631565	-0.005194	2.119260
31.921175	1639.984896	1.636570	-0.005205	2.122301
32.173990	1644.925476	1.641574	-0.005266	2.125406
32.070985	1650.034296	1.646579	-0.005242	2.128538
32.178047	1654.943131	1.651584	-0.005267	2.131584
32.134380	1659.913975	1.656589	-0.005257	2.134634
32.286176	1665.150066	1.661594	-0.005294	2.137882
32.555198	1670.096961	1.666598	-0.005359	2.140971
32.429265	1675.052794	1.671603	-0.005329	2.143982
32.788127	1680.012363	1.676608	-0.005415	2.147088
33.160467	1684.929463	1.681613	-0.005504	2.150166
33.236320	1689.781912	1.686618	-0.005523	2.153142
33.462758	1694.871496	1.691622	-0.005577	2.156287
33.571991	1699.965818	1.696627	-0.005604	2.159408
33.507968	1704.914218	1.701632	-0.005589	2.162401
33.674507	1709.857899	1.706637	-0.005629	2.165432
33.580257	1714.939483	1.711642	-0.005607	2.168492
33.754057	1719.854377	1.716646	-0.005649	2.171499
33.912933	1724.790893	1.721651	-0.005687	2.174512
33.900015	1730.110616	1.726656	-0.005684	2.177718
33.882234	1735.138373	1.731661	-0.005680	2.180743
34.033650	1740.016549	1.736666	-0.005717	2.183706
34.162592	1745.041652	1.741670	-0.005748	2.186750
34.122565	1750.101644	1.746675	-0.005739	2.189777
34.182614	1754.974954	1.751680	-0.005753	2.192708
34.462762	1760.001179	1.756685	-0.005821	2.195769
34.407967	1765.126798	1.761690	-0.005808	2.198820
34.522352	1770.045949	1.766694	-0.005836	2.201777
34.406556	1775.074456	1.771699	-0.005808	2.204750
34.621656	1780.073613	1.776704	-0.005860	2.207765
34.647158	1785.084894	1.781709	-0.005867	2.210747
34.523061	1790.048184	1.786714	-0.005837	2.213668
34.769711	1795.232517	1.791718	-0.005897	2.216787
34.950187	1800.284425	1.796723	-0.005940	2.219811
34.930772	1805.151289	1.801728	-0.005936	2.222683
34.923607	1810.244141	1.806733	-0.005934	2.225687
35.108622	1815.230891	1.811738	-0.005979	2.228661
35.049645	1820.161227	1.816742	-0.005965	2.231552
35.218722	1825.115453	1.821747	-0.006006	2.234496
35.174018	1830.368038	1.826752	-0.005996	2.237570
35.099463	1835.388288	1.831757	-0.005978	2.240499
35.341128	1840.227998	1.836762	-0.006036	2.243378
35.417726	1845.282231	1.841766	-0.006055	2.246348
35.530164	1850.333532	1.846771	-0.006082	2.249318
35.540677	1855.180114	1.851776	-0.006085	2.252146
35.589128	1860.342425	1.856781	-0.006097	2.255162
35.677705	1865.528581	1.861786	-0.006118	2.258195
35.857549	1870.438555	1.866790	-0.006162	2.261080
35.896008	1875.374249	1.871795	-0.006171	2.263951
35.754879	1880.460205	1.876800	-0.006138	2.266871
35.855827	1885.462458	1.881805	-0.006162	2.269784
35.941886	1890.309752	1.886810	-0.006183	2.272601
36.166961	1895.410792	1.891814	-0.006237	2.275587
36.166090	1900.546717	1.896819	-0.006237	2.278547
36.053116	1905.481324	1.901824	-0.006211	2.281367
36.215002	1910.452590	1.906829	-0.006250	2.284255
36.202533	1915.508961	1.911834	-0.006247	2.287156
36.408509	1920.448135	1.916838	-0.006297	2.290027
36.472772	1925.355554	1.921843	-0.006312	2.292849
36.553927	1930.548992	1.926848	-0.006332	2.295835
36.673051	1935.679958	1.931853	-0.006361	2.298788
36.675730	1940.544668	1.936858	-0.006362	2.301564
36.766429	1945.553215	1.941862	-0.006384	2.304435
36.746198	1950.605694	1.946867	-0.006379	2.307307
36.879307	1955.541309	1.951872	-0.006412	2.310137
36.869853	1960.494998	1.956877	-0.006410	2.312948
36.971928	1965.618819	1.961882	-0.006434	2.315872
37.082257	1970.733588	1.966886	-0.006461	2.318789
37.021530	1975.620284	1.971891	-0.006447	2.321542
37.146589	1980.624119	1.976896	-0.006477	2.324392
37.207577	1985.687796	1.981901	-0.006492	2.327260
37.343628	1990.615526	1.986906	-0.006525	2.330062
37.388741	1995.575157	1.991910	-0.006536	2.332862
37.369271	2000.819679	1.996915	-0.006532	2.335807
37.406606	2005.967348	2.001920	-0.006541	2.338704
37.533763	2010.807975	2.006925	-0.006572	2.341442
37.600443	2015.781460	2.011930	-0.006588	2.344239
37.751913	2020.794862	2.016934	-0.006625	2.347071
37.769667	2025.773286	2.021939	-0.006629	2.349857
37.904251	2030.669635	2.026944	-0.006662	2.352614
38.048654	2035.789741	2.031949	-0.006697	2.355494
38.068233	2040.906685	2.036954	-0.006702	2.358346
38.049582	2045.825424	2.041958	-0.006697	2.361079
38.105832	2050.829591	2.046963	-0.006711	2.363869
38.301181	2055.836204	2.051968	-0.006758	2.366681
38.449061	2060.819951	2.056973	-0.006794	2.369469
38.389433	2065.725191	2.061978	-0.006780	2.372174
38.447879	2070.946114	2.066982	-0.006794	2.375071
38.553535	2076.077919	2.071987	-0.006820	2.377923
38.631135	2080.969399	2.076992	-0.006839	2.380635
38.678120	2085.918408	2.081997	-0.006850	2.383370
38.799355	2090.943920	2.087002	-0.006880	2.386156
38.765416	2095.994220	2.092006	-0.006872	2.388926
38.742559	2100.867647	2.097011	-0.006867	2.391598
38.814368	2105.978673	2.102016	-0.006884	2.394414
38.965609	2111.136598	2.107021	-0.006921	2.397265
39.013533	2116.055538	2.112026	-0.006933	2.399965
39.077879	2121.027744	2.117030	-0.006948	2.402693
39.162982	2126.069492	2.122035	-0.006969	2.405460
39.232388	2131.109145	2.127040	-0.006986	2.408220
39.197656	2136.005553	2.132045	-0.006978	2.410881
39.261334	2141.052401	2.137050	-0.006993	2.413637
39.425698	2146.320900	2.142054	-0.007033	2.416528
39.363230	2151.329489	2.147059	-0.007019	2.419236
39.490327	2156.149330	2.152064	-0.007049	2.421871
39.613847	2161.189026	2.157069	-0.007079	2.424621
39.470098	2166.262904	2.162074	-0.007045	2.427342
39.776862	2171.112420	2.167078	-0.007119	2.430014
39.706517	2176.120060	2.172083	-0.007102	2.432705
39.770937	2181.312312	2.177088	-0.007118	2.435515
39.792955	2186.438316	2.182093	-0.007124	2.438280
39.831744	2191.243199	2.187098	-0.007133	2.440871
40.003136	2196.250936	2.192102	-0.007175	2.443591
40.128657	2201.283936	2.197107	-0.007205	2.446313
40.081058	2206.310598	2.202112	-0.007194	2.449000
40.189777	2211.206721	2.207117	-0.007220	2.451641
40.290916	2216.364250	2.212122	-0.007245	2.454417
40.235147	2221.577823	2.217126	-0.007232	2.457194
40.348532	2226.464757	2.222131	-0.007259	2.459821
40.247120	2231.470832	2.227136	-0.007235	2.462473
40.546450	2236.457312	2.232141	-0.007307	2.465179
40.605380	2241.492066	2.237146	-0.007322	2.467868
40.636841	2246.353119	2.242150	-0.007329	2.470456
40.660651	2251.412589	2.247155	-0.007335	2.473146
40.909771	2256.572980	2.252160	-0.007395	2.475924
40.793037	2261.627272	2.257165	-0.007368	2.478583
40.878566	2266.480299	2.262170	-0.007389	2.481165
40.900639	2271.543397	2.267174	-0.007394	2.483845
40.880152	2276.558648	2.272179	-0.007390	2.486490
40.940204	2281.514837	2.277184	-0.007404	2.489114
41.010995	2286.433833	2.282189	-0.007421	2.491718
41.125188	2291.632358	2.287194	-0.007449	2.494473
41.318499	2296.781271	2.292198	-0.007496	2.497211
41.224901	2301.710573	2.297203	-0.007474	2.499785
41.303967	2306.677128	2.302208	-0.007493	2.502404
41.391418	2311.720232	2.307213	-0.007514	2.505061
41.400652	2316.770582	2.312218	-0.007517	2.507707
41.432538	2321.633228	2.317222	-0.007525	2.510256
41.547408	2326.641957	2.322227	-0.007552	2.512891
41.584459	2331.895519	2.327232	-0.007562	2.515639
41.751499	2336.868137	2.332237	-0.007602	2.518259
41.775245	2341.725967	2.337242	-0.007608	2.520793
41.825478	2346.783130	2.342246	-0.007620	2.523432
41.917588	2351.818267	2.347251	-0.007643	2.526064
42.030584	2356.777066	2.352256	-0.007670	2.528657
42.020757	2361.726199	2.357261	-0.007668	2.531222
42.142853	2366.860318	2.362266	-0.007697	2.533902
42.133425	2372.084819	2.367270	-0.007696	2.536605
42.307171	2376.978170	2.372275	-0.007737	2.539162
42.324637	2381.930101	2.377280	-0.007742	2.541723
42.289863	2387.024473	2.382285	-0.007734	2.544346
42.301496	2392.065877	2.387290	-0.007737	2.546947
42.397361	2396.950070	2.392294	-0.007760	2.549477
42.588036	2401.901412	2.397299	-0.007806	2.552055
42.588233	2407.104482	2.402304	-0.007807	2.554729
42.745190	2412.182434	2.407309	-0.007845	2.557360
42.790209	2417.039387	2.412314	-0.007856	2.559859
42.937609	2422.035524	2.417318	-0.007891	2.562442
42.947296	2427.093958	2.422323	-0.007894	2.565032
43.118619	2432.118055	2.427328	-0.007935	2.567628
43.125314	2436.972432	2.432333	-0.007937	2.570109
43.186935	2442.053391	2.437338	-0.007952	2.572711
43.322095	2447.297162	2.442342	-0.007985	2.575406
43.344220	2452.211231	2.447347	-0.007990	2.577912
43.342005	2457.067548	2.452352	-0.007990	2.580382
43.420688	2462.106580	2.457357	-0.008009	2.582955
43.562067	2467.123836	2.462362	-0.008043	2.585525
43.598315	2472.129008	2.467366	-0.008052	2.588070
43.715413	2476.978231	2.472371	-0.008081	2.590545
43.728990	2482.098490	2.477376	-0.008084	2.593140
43.882660	2487.257120	2.482381	-0.008121	2.595772
43.806900	2492.239716	2.487386	-0.008104	2.598278
43.866058	2497.145128	2.492390	-0.008118	2.600764
43.781972	2502.241039	2.497395	-0.008098	2.603320
43.774786	2507.300208	2.502400	-0.008097	2.605868
44.014346	2512.207007	2.507405	-0.008155	2.608374
43.981749	2517.139633	2.512410	-0.008147	2.610850
44.082171	2522.339908	2.517414	-0.008172	2.613477
44.356424	2527.456858	2.522419	-0.008237	2.616087
44.284225	2532.407685	2.527424	-0.008220	2.618558
44.348705	2537.340043	2.532429	-0.008236	2.621038
44.284721	2542.436254	2.537434	-0.008221	2.623579
44.373086	2547.473655	2.542438	-0.008243	2.626110
44.542497	2552.338164	2.547443	-0.008284	2.628566
44.604385	2557.267445	2.552448	-0.008299	2.631034
44.710642	2562.461455	2.557453	-0.008324	2.633640
44.652431	2567.615760	2.562458	-0.008311	2.636198
44.757345	2572.499647	2.567462	-0.008336	2.638643
44.919600	2577.422928	2.572467	-0.008375	2.641115
44.895139	2582.513988	2.577472	-0.008370	2.643639
45.054222	2587.535214	2.582477	-0.008408	2.646154
44.978896	2592.473638	2.587482	-0.008391	2.648591
45.041521	2597.437348	2.592486	-0.008406	2.651058
45.059894	2602.732231	2.597491	-0.008411	2.653680
45.155682	2607.873753	2.602496	-0.008434	2.656235
45.250005	2612.739851	2.607501	-0.008457	2.658652
45.169011	2617.722161	2.612506	-0.008438	2.661098
45.148045	2622.820837	2.617510	-0.008433	2.663608
45.308636	2627.829026	2.622515	-0.008472	2.666098
45.387331	2632.700287	2.627520	-0.008491	2.668506
45.455590	2637.677631	2.632525	-0.008508	2.670962
45.442194	2642.780841	2.637530	-0.008505	2.673466
45.593782	2647.878696	2.642534	-0.008541	2.675989
45.751677	2652.743752	2.647539	-0.008579	2.678397
45.798280	2657.683057	2.652544	-0.008591	2.680822
45.772361	2662.805691	2.657549	-0.008585	2.683324
45.746954	2667.837081	2.662554	-0.008579	2.685780
45.794686	2672.777562	2.667558	-0.008591	2.688199
45.848278	2677.718200	2.672563	-0.008604	2.690618
46.078196	2682.907784	2.677568	-0.008659	2.693181
46.091681	2688.072992	2.682573	-0.008663	2.695698
46.047851	2693.009180	2.687578	-0.008653	2.698093
46.098223	2697.942736	2.692582	-0.008665	2.700499
46.106832	2703.019263	2.697587	-0.008668	2.702966
46.285171	2708.014913	2.702592	-0.008711	2.705415
46.284326	2712.994651	2.707597	-0.008711	2.707829
46.387050	2717.880820	2.712602	-0.008736	2.710211
46.375798	2723.059681	2.717606	-0.008733	2.712715
46.534784	2728.199611	2.722611	-0.008772	2.715223
46.476151	2733.162292	2.727616	-0.008758	2.717612
46.666561	2738.030440	2.732621	-0.008804	2.719989
46.571622	2743.135050	2.737626	-0.008781	2.722436
46.679756	2748.182395	2.742630	-0.008808	2.724883
46.856914	2753.120978	2.747635	-0.008850	2.727286
46.943386	2757.993580	2.752640	-0.008871	2.729641
47.058172	2763.147390	2.757645	-0.008899	2.732134
47.031846	2768.421465	2.762650	-0.008893	2.734662
47.050255	2773.434409	2.767654	-0.008898	2.737068
47.312484	2778.210498	2.772659	-0.008961	2.739394
47.083657	2783.338220	2.777664	-0.008906	2.741817
47.287630	2788.362756	2.782669	-0.008956	2.744249
47.146423	2793.441350	2.787674	-0.008922	2.746656
47.351160	2798.213705	2.792678	-0.008971	2.748964
47.448392	2803.259689	2.797683	-0.008995	2.751385
47.427845	2808.539028	2.802688	-0.008990	2.753899
47.624853	2813.565913	2.807693	-0.009038	2.756320
47.581681	2818.394051	2.812698	-0.009028	2.758612
47.725019	2823.398946	2.817702	-0.009063	2.761011
47.772879	2828.447033	2.822707	-0.009074	2.763416
47.784406	2833.492514	2.827712	-0.009077	2.765812
47.739651	2838.385775	2.832717	-0.009067	2.768126
47.851640	2843.362715	2.837722	-0.009094	2.770499
48.016571	2848.612729	2.842726	-0.009134	2.773008
47.956300	2853.780828	2.847731	-0.009120	2.775443
47.980777	2858.649503	2.852736	-0.009126	2.777748
48.105297	2863.543667	2.857741	-0.009156	2.780076
48.060457	2868.567388	2.862746	-0.009146	2.782439
48.219368	2873.618162	2.867750	-0.009184	2.784842
48.371541	2878.522824	2.872755	-0.009221	2.787173
48.222033	2883.471342	2.877760	-0.009185	2.789481
48.490695	2888.579873	2.882765	-0.009250	2.791920
48.343386	2893.802696	2.887770	-0.009215	2.794353
48.457483	2898.794772	2.892774	-0.009243	2.796711
48.645118	2903.599011	2.897779	-0.009288	2.798990
48.599720	2908.666997	2.902784	-0.009277	2.801358
48.675495	2913.753716	2.907789	-0.009296	2.803750
48.730350	2918.758140	2.912794	-0.009309	2.806098
48.780853	2923.596981	2.917798	-0.009322	2.808367
48.814158	2928.674203	2.922803	-0.009330	2.810742
48.848887	2934.005006	2.927808	-0.009339	2.813234
48.929762	2939.117328	2.932813	-0.009358	2.815629
48.930563	2943.932267	2.937818	-0.009359	2.817872
49.101577	2948.895852	2.942822	-0.009400	2.820205
49.072120	2953.987406	2.947827	-0.009393	2.822569
49.098027	2959.039468	2.952832	-0.009400	2.824919
49.211079	2963.947174	2.957837	-0.009427	2.827213
49.279288	2968.847778	2.962842	-0.009444	2.829496
49.333191	2974.018002	2.967846	-0.009457	2.831899
49.324718	2979.186564	2.972851	-0.009455	2.834292
49.533854	2984.124578	2.977856	-0.009506	2.836605
49.621902	2988.987179	2.982861	-0.009527	2.838865
49.666407	2994.035405	2.987866	-0.009538	2.841203
49.663884	2999.111654	2.992870	-0.009538	2.843546
49.605720	3004.182548	2.997875	-0.009524	2.845876
49.712157	3008.982634	3.002880	-0.009550	2.848103
49.691687	3014.064898	3.007885	-0.009545	2.850440
49.794206	3019.364714	3.012890	-0.009570	2.852892
50.090524	3024.389977	3.017894	-0.009641	2.855242
49.900728	3029.304344	3.022899	-0.009596	2.857474
50.000303	3034.269119	3.027904	-0.009621	2.859766
50.102065	3039.346261	3.032909	-0.009645	2.862107
50.001692	3044.409206	3.037914	-0.009622	2.864414
50.002864	3049.362157	3.042918	-0.009622	2.866682
50.202955	3054.247740	3.047923	-0.009670	2.868943
50.343942	3059.325889	3.052928	-0.009704	2.871283
50.382648	3064.541798	3.057933	-0.009714	2.873671
50.350866	3069.562083	3.062938	-0.009707	2.875958
50.389085	3074.423641	3.067942	-0.009716	2.878180
50.621129	3079.418016	3.072947	-0.009772	2.880486
50.614760	3084.505285	3.077952	-0.009771	2.882801
50.748145	3089.532936	3.082957	-0.009803	2.885106
50.790319	3094.373192	3.087962	-0.009813	2.887311
50.727114	3099.431165	3.092966	-0.009799	2.889600
50.919520	3104.572178	3.097971	-0.009845	2.891959
50.796408	3109.725780	3.102976	-0.009816	2.894280
50.939610	3114.677831	3.107981	-0.009850	2.896542
50.866021	3119.603817	3.112986	-0.009833	2.898763
50.918730	3124.660801	3.117990	-0.009846	2.901058
51.095056	3129.685557	3.122995	-0.009889	2.903352
51.222558	3134.658578	3.128000	-0.009919	2.905615
51.254660	3139.490655	3.133005	-0.009927	2.907800
51.278266	3144.541419	3.138010	-0.009933	2.910081
51.342162	3149.814684	3.143014	-0.009949	2.912465
51.417784	3154.851019	3.148019	-0.009967	2.914743
51.489275	3159.703008	3.153024	-0.009985	2.916935
51.396020	3164.738607	3.158029	-0.009963	2.919187
51.517749	3169.751187	3.163034	-0.009992	2.921455
51.563229	3174.794434	3.168038	-0.010004	2.923724
51.676373	3179.796481	3.173043	-0.010031	2.925982
51.583576	3184.681609	3.178048	-0.010009	2.928160
51.647036	3189.783643	3.183053	-0.010025	2.930453
51.943693	3195.056827	3.188058	-0.010096	2.932851
51.812900	3200.151403	3.193062	-0.010065	2.935112
51.764061	3205.002048	3.198067	-0.010054	2.937273
51.896099	3209.946593	3.203072	-0.010085	2.939498
51.936209	3215.032493	3.208077	-0.010095	2.941772
52.089031	3220.043251	3.213082	-0.010132	2.944025
52.029075	3225.021836	3.218086	-0.010118	2.946235
52.226729	3229.899131	3.223091	-0.010166	2.948431
52.246620	3235.021793	3.228096	-0.010171	2.950712
52.219469	3240.268638	3.233101	-0.010165	2.953040
52.306250	3245.283931	3.238106	-0.010186	2.955278
52.335588	3250.080815	3.243110	-0.010193	2.957411
52.376855	3255.131336	3.248115	-0.010203	2.959655
52.366131	3260.199780	3.253120	-0.010201	2.961900
52.555340	3265.237840	3.258125	-0.010247	2.964154
52.561596	3270.153171	3.263130	-0.010249	2.966330
52.656536	3275.061071	3.268134	-0.010272	2.968511
52.565899	3280.324319	3.273139	-0.010250	2.970825
52.706541	3285.540908	3.278144	-0.010284	2.973145
52.744308	3290.582616	3.283149	-0.010294	2.975374
52.841758	3295.373834	3.288154	-0.010317	2.977498
53.032216	3300.363424	3.293158	-0.010363	2.979719
52.932868	3305.480707	3.298163	-0.010340	2.981959
52.837579	3310.566551	3.303168	-0.010317	2.984183
53.155679	3315.392156	3.308173	-0.010394	2.986344
53.302996	3320.288865	3.313178	-0.010429	2.988512
53.193580	3325.512958	3.318182	-0.010403	2.990791
53.276746	3330.690887	3.323187	-0.010424	2.993071
53.372087	3335.646964	3.328192	-0.010447	2.995255
53.428869	3340.517708	3.333197	-0.010461	2.997394
53.566462	3345.502666	3.338202	-0.010494	2.999592
53.522772	3350.602432	3.343206	-0.010484	3.001816
53.555723	3355.682228	3.348211	-0.010492	3.004039
53.607725	3360.545092	3.353216	-0.010505	3.006169
53.666432	3365.506190	3.358221	-0.010519	3.008340
53.639007	3370.705048	3.363226	-0.010513	3.010603
53.778316	3375.936222	3.368230	-0.010547	3.012898
53.807880	3380.901627	3.373235	-0.010554	3.015063
53.894993	3385.631856	3.378240	-0.010575	3.017131
54.106444	3390.628664	3.383245	-0.010626	3.019329
54.147116	3395.700136	3.388250	-0.010636	3.021536
54.161392	3400.774820	3.393254	-0.010640	3.023740
54.157791	3405.703394	3.398259	-0.010639	3.025877
54.259648	3410.609507	3.403264	-0.010664	3.028016
54.313049	3415.754098	3.408269	-0.010677	3.030250
54.348509	3420.947947	3.413274	-0.010686	3.032502
54.367895	3426.020166	3.418278	-0.010691	3.034698
54.420807	3430.790369	3.423283	-0.010704	3.036766
54.411535	3435.843033	3.428288	-0.010702	3.038946
54.515320	3440.932154	3.433293	-0.010727	3.041155
54.461601	3446.000190	3.438298	-0.010715	3.043334
54.688704	3450.876043	3.443302	-0.010769	3.045462
54.678444	3455.825246	3.448307	-0.010767	3.047592
54.706757	3460.949332	3.453312	-0.010774	3.049800
54.718053	3466.287447	3.458317	-0.010777	3.052097
54.856460	3471.296877	3.463322	-0.010811	3.054266
54.986097	3476.118881	3.468326	-0.010842	3.056351
54.944738	3481.132304	3.473331	-0.010832	3.058497
54.986732	3486.198885	3.478336	-0.010843	3.060675
54.879181	3491.290983	3.483341	-0.010817	3.062844
55.129731	3496.221487	3.488346	-0.010878	3.064984
55.062782	3501.084598	3.493350	-0.010862	3.067057
55.163305	3506.118500	3.498355	-0.010886	3.069221
55.285704	3511.362650	3.503360	-0.010916	3.071476
55.241648	3516.473987	3.508365	-0.010906	3.073653
55.312249	3521.321433	3.513370	-0.010923	3.075730
55.529745	3526.202541	3.518374	-0.010975	3.077836
55.450695	3531.344404	3.523379	-0.010957	3.080018
55.490787	3536.377673	3.528384	-0.010967	3.082165
55.577874	3541.434501	3.533389	-0.010988	3.084327
55.484872	3546.261169	3.538394	-0.010966	3.086368
55.569124	3551.322055	3.543398	-0.010986	3.088528
55.688362	3556.615189	3.548403	-0.011015	3.090789
55.781156	3561.718591	3.553408	-0.011038	3.092966
55.999580	3566.634056	3.558413	-0.011090	3.095075
56.033768	3571.480688	3.563418	-0.011099	3.097132
56.104596	3576.520352	3.568422	-0.011116	3.099274
56.097829	3581.618869	3.573427	-0.011115	3.101431
56.075751	3586.669009	3.578432	-0.011110	3.103563
56.088097	3591.566782	3.583437	-0.011113	3.105634
56.285924	3596.495932	3.588442	-0.011161	3.107739
56.318067	3601.668741	3.593446	-0.011169	3.109925
56.387432	3606.827565	3.598451	-0.011186	3.112108
56.455255	3611.858531	3.603456	-0.011202	3.114236
56.463434	3616.659394	3.608461	-0.011204	3.116258
56.452130	3621.724034	3.613466	-0.011202	3.118388
56.389632	3626.839597	3.618470	-0.011188	3.120532
56.557363	3631.888083	3.623475	-0.011228	3.122673
56.421114	3636.859805	3.628480	-0.011196	3.124745
56.601178	3641.722066	3.633485	-0.011239	3.126806
56.806751	3646.718398	3.638490	-0.011289	3.128925
56.913214	3652.142541	3.643494	-0.011314	3.131210
56.911946	3657.214597	3.648499	-0.011314	3.133334
56.731403	3662.131647	3.653504	-0.011272	3.135371
57.079246	3666.992551	3.658509	-0.011355	3.137444
56.983892	3672.080993	3.663514	-0.011333	3.139560
57.166202	3677.106743	3.668518	-0.011377	3.141679
56.951783	3682.250952	3.673523	-0.011326	3.143802
57.076466	3687.002069	3.678528	-0.011356	3.145798
57.302137	3691.994699	3.683533	-0.011410	3.147905
57.326483	3697.119851	3.688538	-0.011416	3.150042
57.423946	3702.226332	3.693542	-0.011440	3.152179
57.171347	3707.312982	3.698547	-0.011380	3.154266
57.323045	3712.084805	3.703552	-0.011416	3.156267
57.325658	3717.155091	3.708557	-0.011417	3.158374
57.375278	3722.225012	3.713562	-0.011429	3.160484
57.506463	3727.256615	3.718566	-0.011461	3.162587
57.591235	3732.213838	3.723571	-0.011482	3.164652
57.550591	3737.087022	3.728576	-0.011472	3.166666
57.661303	3742.148494	3.733581	-0.011499	3.168775
57.824724	3747.508535	3.738586	-0.011539	3.171011
57.692313	3752.601398	3.743590	-0.011507	3.173102
57.772772	3757.491786	3.748595	-0.011527	3.175132
57.852711	3762.377158	3.753600	-0.011546	3.177158
57.905190	3767.469098	3.758605	-0.011559	3.179266
57.938066	3772.540966	3.763610	-0.011567	3.181361
58.091257	3777.521538	3.768614	-0.011604	3.183431
58.064168	3782.414615	3.773619	-0.011598	3.185444
58.177694	3787.391155	3.778624	-0.011626	3.187505
58.076218	3792.596012	3.783629	-0.011602	3.189635
58.305897	3797.724845	3.788634	-0.011657	3.191768
58.370042	3802.777932	3.793638	-0.011673	3.193851
58.409675	3807.557218	3.798643	-0.011682	3.195818
58.302406	3812.646193	3.803648	-0.011657	3.197894
58.547841	3817.696787	3.808653	-0.011716	3.199992
58.561603	3822.735403	3.813658	-0.011720	3.202058
58.515964	3827.739106	3.818662	-0.011709	3.204102
58.366262	3832.652621	3.823667	-0.011674	3.206097
58.420136	3837.649586	3.828672	-0.011687	3.208146
58.687039	3842.961625	3.833677	-0.011751	3.210347
58.642721	3848.047463	3.838682	-0.011741	3.212419
58.873089	3852.884605	3.843686	-0.011796	3.214419
58.799669	3857.836170	3.848691	-0.011779	3.216430
58.835347	3862.862683	3.853696	-0.011788	3.218483
58.949407	3867.929683	3.858701	-0.011816	3.220560
58.983067	3872.988544	3.863706	-0.011824	3.222624
59.009470	3877.834622	3.868710	-0.011831	3.224598
59.049056	3882.805338	3.873715	-0.011840	3.226624
59.094535	3887.912106	3.878720	-0.011852	3.228704
59.134500	3893.180536	3.883725	-0.011861	3.230848
59.239951	3898.206447	3.888730	-0.011887	3.232899
59.300159	3903.008976	3.893734	-0.011902	3.234853
59.210846	3908.048477	3.898739	-0.011881	3.236886
59.253722	3913.078985	3.903744	-0.011891	3.238929
59.450686	3918.117132	3.908749	-0.011939	3.240990
59.416257	3923.160000	3.913754	-0.011931	3.243026
59.415037	3927.986316	3.918758	-0.011931	3.244977
59.527496	3933.018686	3.923763	-0.011958	3.247023
59.608782	3938.174707	3.928768	-0.011978	3.249114
59.606356	3943.487897	3.933773	-0.011978	3.251258
59.699626	3948.497289	3.938778	-0.012000	3.253288
59.746046	3953.255747	3.943782	-0.012012	3.255211
59.787238	3958.310711	3.948787	-0.012022	3.257251
59.854280	3963.344161	3.953792	-0.012038	3.259285
59.895904	3968.402270	3.958797	-0.012048	3.261324
59.920264	3973.413764	3.963802	-0.012055	3.263341
59.782331	3978.286376	3.968806	-0.012022	3.265284
60.103305	3983.303191	3.973811	-0.012099	3.267333
60.107308	3988.514568	3.978816	-0.012100	3.269425
60.120884	3993.662895	3.983821	-0.012104	3.271491
60.216585	3998.661087	3.988826	-0.012127	3.273504
60.176815	4003.456495	3.993830	-0.012118	3.275421
60.227702	4008.534998	3.998835	-0.012130	3.277459
60.297058	4013.572778	4.003840	-0.012147	3.279482
60.380161	4018.635846	4.008845	-0.012168	3.281515
60.444437	4023.593723	4.013850	-0.012183	3.283503
60.363245	4028.500687	4.018854	-0.012164	3.285454
60.446572	4033.532305	4.023859	-0.012184	3.287471
60.567217	4038.893137	4.028864	-0.012214	3.289621
60.664781	4044.003471	4.033869	-0.012237	3.291669
60.628157	4048.984540	4.038874	-0.012229	3.293649
60.591752	4053.747316	4.043878	-0.012221	3.295541
60.722885	4058.751361	4.048883	-0.012252	3.297546
60.788146	4063.826071	4.053888	-0.012268	3.299570
60.920557	4068.852505	4.058893	-0.012300	3.301582
60.929889	4073.787743	4.063898	-0.012303	3.303542
60.948732	4078.664410	4.068902	-0.012308	3.305480
60.946210	4083.735345	4.073907	-0.012307	3.307491
60.993528	4089.032644	4.078912	-0.012319	3.309596
61.163368	4094.072657	4.083917	-0.012360	3.311610
61.212864	4099.028195	4.088922	-0.012372	3.313577
61.212384	4103.853762	4.093926	-0.012372	3.315487
61.316030	4108.912326	4.098931	-0.012397	3.317498
61.118543	4114.076380	4.103936	-0.012350	3.319519
61.376108	4119.057466	4.108941	-0.012412	3.321513
61.363702	4124.039328	4.113946	-0.012410	3.323478
61.359831	4128.899212	4.118950	-0.012409	3.325395
61.374151	4133.981301	4.123955	-0.012413	3.327400
61.528848	4139.327083	4.128960	-0.012450	3.329523
61.538178	4144.439015	4.133965	-0.012453	3.331537
61.688785	4149.349044	4.138970	-0.012489	3.333484
61.533768	4154.235924	4.143974	-0.012452	3.335391
61.678564	4159.275569	4.148979	-0.012487	3.337387
61.904744	4164.307474	4.153984	-0.012542	3.339386
61.838456	4169.363581	4.158989	-0.012526	3.341365
61.990100	4174.315139	4.163994	-0.012563	3.343323
61.940963	4179.181613	4.168998	-0.012551	3.345227
62.026187	4184.214384	4.174003	-0.012572	3.347208
61.840296	4189.569994	4.179008	-0.012528	3.349287
61.958339	4194.635506	4.184013	-0.012557	3.351282
62.063182	4199.579789	4.189018	-0.012582	3.353227
62.161913	4204.399981	4.194022	-0.012606	3.355122
62.259984	4209.452457	4.199027	-0.012630	3.357106
62.201829	4214.571543	4.204032	-0.012616	3.359099
62.275652	4219.620334	4.209037	-0.012634	3.361078
62.331154	4224.593604	4.214042	-0.012648	3.363023
62.337583	4229.449476	4.219046	-0.012650	3.364917
62.469018	4234.502645	4.224051	-0.012681	3.366899
62.491483	4239.847584	4.229056	-0.012687	3.368983
62.425172	4244.995637	4.234061	-0.012672	3.370980
62.571814	4249.983463	4.239066	-0.012707	3.372934
62.601134	4254.758617	4.244070	-0.012714	3.374793
62.630606	4259.789576	4.249075	-0.012722	3.376751
62.637653	4264.914489	4.254080	-0.012724	3.378742
62.742555	4269.951278	4.259085	-0.012749	3.380706
62.880264	4274.925440	4.264090	-0.012782	3.382649
62.798838	4279.746896	4.269094	-0.012763	3.384510
62.855741	4284.807937	4.274099	-0.012777	3.386476
62.904674	4290.008693	4.279104	-0.012789	3.388495
62.986174	4295.114630	4.284109	-0.012809	3.390478
63.027065	4300.204117	4.289114	-0.012819	3.392451
62.964301	4304.949014	4.294118	-0.012804	3.394278
63.149343	4310.009748	4.299123	-0.012849	3.396251
63.163625	4315.066227	4.304128	-0.012853	3.398205
63.117638	4320.175026	4.309133	-0.012842	3.400171
63.382311	4325.169300	4.314138	-0.012906	3.402123
63.322749	4329.949552	4.319142	-0.012892	3.403959
63.464985	4334.992173	4.324147	-0.012926	3.405916
63.514969	4340.175679	4.329152	-0.012938	3.407916
63.505231	4345.457033	4.334157	-0.012936	3.409947
63.549892	4350.501865	4.339162	-0.012947	3.411891
63.615230	4355.320842	4.344166	-0.012963	3.413749
63.567770	4360.340317	4.349171	-0.012952	3.415672
63.657518	4365.365105	4.354176	-0.012974	3.417610
63.674839	4370.420971	4.359181	-0.012979	3.419551
63.667265	4375.490931	4.364186	-0.012977	3.421494
63.774714	4380.347103	4.369190	-0.013003	3.423366
63.858464	4385.278039	4.374195	-0.013024	3.425262
63.744364	4390.398210	4.379200	-0.012997	3.427211
63.902228	4395.640824	4.384205	-0.013035	3.429232
64.085122	4400.687480	4.389210	-0.013079	3.431179
64.122039	4405.598358	4.394214	-0.013088	3.433059
64.124863	4410.506675	4.399219	-0.013089	3.434934
64.209086	4415.559882	4.404224	-0.013109	3.436871
64.170167	4420.662683	4.409229	-0.013100	3.438814
64.163737	4425.710172	4.414234	-0.013099	3.440737
64.262895	4430.656757	4.419238	-0.013123	3.442632
64.246253	4435.546799	4.424243	-0.013120	3.444492
64.345695	4440.566051	4.429248	-0.013144	3.446412
64.398703	4445.965989	4.434253	-0.013157	3.448472
64.367575	4451.136578	4.439258	-0.013150	3.450435
64.488774	4456.115546	4.444262	-0.013179	3.452338
64.478001	4460.903601	4.449267	-0.013177	3.454155
64.584777	4465.829121	4.454272	-0.013203	3.456035
64.546090	4470.923213	4.459277	-0.013194	3.457964
64.664700	4475.931147	4.464282	-0.013222	3.459874
64.662352	4480.968183	4.469286	-0.013222	3.461782
64.632038	4485.800638	4.474291	-0.013215	3.463610
64.840351	4490.753078	4.479296	-0.013265	3.465504
64.929554	4495.928890	4.484301	-0.013287	3.467471
64.929735	4501.202690	4.489306	-0.013287	3.469465
64.908364	4506.207252	4.494310	-0.013283	3.471354
65.016562	4511.066304	4.499315	-0.013309	3.473199
65.105530	4515.954307	4.504320	-0.013330	3.475053
65.088903	4521.053487	4.509325	-0.013327	3.476975
65.196511	4526.127713	4.514330	-0.013353	3.478898
65.106138	4531.215346	4.519334	-0.013331	3.480807
65.223088	4536.115462	4.524339	-0.013360	3.482664
65.162433	4541.019463	4.529344	-0.013346	3.484504
65.374602	4546.036368	4.534349	-0.013397	3.486412
65.438951	4551.481647	4.539354	-0.013412	3.488466
65.292961	4556.563810	4.544358	-0.013378	3.490362
65.414727	4561.518758	4.549363	-0.013407	3.492234
65.474009	4566.332269	4.554368	-0.013422	3.494047
65.424983	4571.410794	4.559373	-0.013410	3.495948
65.673874	4576.431255	4.564378	-0.013470	3.497854
65.710272	4581.454909	4.569382	-0.013479	3.499740
65.629694	4586.609564	4.574387	-0.013460	3.501664
65.764381	4591.324865	4.579392	-0.013493	3.503442
65.747137	4596.422478	4.584397	-0.013489	3.505348
65.825452	4601.574290	4.589402	-0.013508	3.507282
65.885761	4606.735949	4.594406	-0.013523	3.509217
65.887979	4611.829618	4.599411	-0.013524	3.511120
65.998344	4616.654213	4.604416	-0.013550	3.512932
65.784375	4621.675450	4.609421	-0.013500	3.514786
65.962721	4626.725230	4.614426	-0.013543	3.516686
66.117366	4631.751005	4.619430	-0.013580	3.518574
66.148039	4636.809349	4.624435	-0.013588	3.520461
66.108493	4641.761145	4.629440	-0.013578	3.522302
66.293951	4646.607094	4.634445	-0.013623	3.524123
66.292956	4651.702264	4.639450	-0.013623	3.526018
66.338072	4657.087807	4.644454	-0.013634	3.528024
66.425778	4662.205413	4.649459	-0.013656	3.529934
66.471032	4667.178209	4.654464	-0.013667	3.531785
66.579556	4671.918483	4.659469	-0.013693	3.533555
66.620209	4677.001083	4.664474	-0.013703	3.535444
66.583105	4682.072700	4.669478	-0.013695	3.537321
66.621421	4687.145305	4.674483	-0.013704	3.539205
66.631252	4692.202334	4.679488	-0.013707	3.541079
66.628813	4697.012860	4.684493	-0.013707	3.542860
66.797950	4701.982004	4.689498	-0.013747	3.544714
66.869774	4707.068879	4.694502	-0.013765	3.546602
66.843279	4712.394646	4.699507	-0.013759	3.548568
66.847495	4717.422517	4.704512	-0.013760	3.550426
66.966574	4722.293807	4.709517	-0.013789	3.552236
67.217198	4727.148964	4.714522	-0.013849	3.554050
67.348596	4732.154388	4.719526	-0.013881	3.555908
67.595140	4737.198701	4.724531	-0.013940	3.557790
67.601082	4742.251187	4.729536	-0.013942	3.559653
67.486729	4747.295847	4.734541	-0.013915	3.561500
67.698177	4752.080307	4.739546	-0.013966	3.563280
67.715409	4757.142097	4.744550	-0.013970	3.565144
67.699780	4762.413276	4.749555	-0.013967	3.567081
67.822361	4767.628141	4.754560	-0.013997	3.569009
67.790819	4772.681071	4.759565	-0.013989	3.570862
67.981412	4777.473295	4.764570	-0.014035	3.572638
67.928600	4782.442932	4.769574	-0.014023	3.574457
68.014890	4787.537070	4.774579	-0.014044	3.576333
68.139178	4792.567604	4.779584	-0.014074	3.578188
68.162609	4797.635522	4.784589	-0.014080	3.580047
68.150667	4802.598688	4.789594	-0.014077	3.581863
68.268633	4807.391217	4.794598	-0.014106	3.583628
68.380400	4812.452283	4.799603	-0.014133	3.585489
68.462512	4817.742714	4.804608	-0.014153	3.587431
68.579329	4822.813995	4.809613	-0.014181	3.589294
68.600087	4827.865894	4.814618	-0.014187	3.591141
68.496428	4832.632282	4.819622	-0.014162	3.592872
68.677121	4837.658246	4.824627	-0.014206	3.594722
68.734996	4842.742238	4.829632	-0.014220	3.596581
68.793975	4847.820048	4.834637	-0.014234	3.598437
68.839871	4852.845372	4.839642	-0.014246	3.600272
68.879396	4857.728160	4.844646	-0.014255	3.602053
68.955795	4862.655112	4.849651	-0.014274	3.603853
69.011373	4867.732080	4.854656	-0.014288	3.605705
68.943344	4873.219381	4.859661	-0.014272	3.607694
69.196520	4878.236176	4.864666	-0.014333	3.609539
69.081951	4883.234908	4.869670	-0.014305	3.611344
69.248127	4887.980197	4.874675	-0.014346	3.613082
69.091459	4893.068780	4.879680	-0.014308	3.614914
69.215851	4898.107877	4.884685	-0.014338	3.616752
69.241651	4903.213745	4.889690	-0.014345	3.618605
69.347166	4908.264325	4.894694	-0.014371	3.620444
69.379416	4913.096187	4.899699	-0.014379	3.622197
69.369812	4918.081936	4.904704	-0.014377	3.624000
69.435863	4923.106430	4.909709	-0.014393	3.625823
69.479337	4928.439458	4.914714	-0.014403	3.627755
69.486084	4933.509320	4.919718	-0.014405	3.629588
69.645020	4938.459761	4.924723	-0.014444	3.631390
69.761206	4943.166887	4.929728	-0.014472	3.633099
69.788755	4948.188229	4.934733	-0.014479	3.634913
69.749274	4953.295627	4.939738	-0.014470	3.636752
69.725854	4958.328990	4.944742	-0.014464	3.638564
69.860245	4963.386166	4.949747	-0.014497	3.640398
69.847315	4968.192275	4.954752	-0.014494	3.642127
69.837127	4973.221246	4.959757	-0.014492	3.643936
69.970919	4978.320868	4.964762	-0.014524	3.645782
69.994496	4983.677760	4.969766	-0.014530	3.647710
70.039433	4988.776074	4.974771	-0.014541	3.649547
70.020398	4993.709604	4.979776	-0.014537	3.651317
70.027703	4998.567942	4.984781	-0.014539	3.653062
70.018144	5003.658861	4.989786	-0.014537	3.654888
70.199549	5008.660878	4.994790	-0.014581	3.656697
70.314468	5013.716918	4.999795	-0.014609	3.658520
70.248741	5018.805250	5.004800	-0.014593	3.660337
70.211620	5023.592853	5.009805	-0.014585	3.662049
70.464374	5028.567926	5.014810	-0.014646	3.663851
70.373819	5033.684355	5.019814	-0.014624	3.665674
70.517560	5038.981061	5.024819	-0.014659	3.667580
70.402628	5044.067353	5.029824	-0.014632	3.669389
70.583752	5048.983059	5.034829	-0.014676	3.671160
70.589767	5053.827968	5.039834	-0.014677	3.672891
70.643453	5058.837156	5.044838	-0.014690	3.674683
70.767586	5063.960009	5.049843	-0.014720	3.676521
70.739652	5068.985545	5.054848	-0.014714	3.678310
70.695417	5074.066424	5.059853	-0.014704	3.680117
70.766035	5078.924629	5.064858	-0.014721	3.681854
70.912250	5083.855958	5.069862	-0.014756	3.683622
70.856605	5088.989844	5.074867	-0.014743	3.685444
70.992758	5094.406915	5.079872	-0.014776	3.687382
71.059841	5099.455722	5.084877	-0.014793	3.689183
71.257237	5104.412289	5.089882	-0.014840	3.690961
71.215433	5109.174189	5.094886	-0.014831	3.692648
71.170368	5114.251291	5.099891	-0.014820	3.694447
71.224898	5119.322481	5.104896	-0.014833	3.696251
71.330799	5124.375337	5.109901	-0.014859	3.698052
71.280412	5129.432904	5.114906	-0.014847	3.699840
71.396511	5134.262711	5.119910	-0.014876	3.701561
71.359691	5139.252229	5.124915	-0.014867	3.703325
71.474030	5144.255563	5.129920	-0.014895	3.705105
71.565196	5149.587156	5.134925	-0.014917	3.706999
71.529758	5154.675518	5.139930	-0.014909	3.708796
71.507013	5159.689157	5.144934	-0.014904	3.710566
71.631130	5164.439371	5.149939	-0.014934	3.712254
71.555804	5169.522109	5.154944	-0.014916	3.714043
71.595386	5174.556633	5.159949	-0.014926	3.715823
71.756195	5179.635316	5.164954	-0.014965	3.717628
71.734346	5184.704083	5.169958	-0.014960	3.719413
71.846963	5189.598723	5.174963	-0.014987	3.721147
71.907680	5194.457211	5.179968	-0.015002	3.722864
71.904824	5199.502994	5.184973	-0.015001	3.724640
71.932492	5204.907013	5.189978	-0.015008	3.726544
71.866652	5210.046957	5.194982	-0.014993	3.728347
72.024184	5215.139391	5.199987	-0.015031	3.730150
72.139628	5219.842446	5.204992	-0.015059	3.731813
72.040044	5224.891652	5.209997	-0.015035	3.733578
72.239022	5229.942649	5.215002	-0.015083	3.735368
72.070679	5235.050784	5.220006	-0.015043	3.737146
72.248933	5240.066093	5.225011	-0.015086	3.738920
72.313773	5244.979990	5.230016	-0.015102	3.740648
72.367219	5249.837324	5.235021	-0.015115	3.742355
72.444654	5254.914242	5.240026	-0.015134	3.744139
72.355747	5260.129167	5.245030	-0.015113	3.745958
72.377379	5265.327378	5.250035	-0.015119	3.747778
72.404771	5270.394661	5.255040	-0.015126	3.749553
72.586945	5275.175069	5.260045	-0.015169	3.751239
72.681781	5280.116287	5.265050	-0.015192	3.752973
72.697507	5285.186182	5.270054	-0.015197	3.754745
72.599604	5290.323927	5.275059	-0.015173	3.756531
72.614920	5295.383505	5.280064	-0.015177	3.758298
72.576514	5300.424664	5.285069	-0.015169	3.760053
72.776031	5305.144007	5.290074	-0.015217	3.761714
72.841726	5310.196370	5.295078	-0.015233	3.763480
72.934292	5315.381256	5.300083	-0.015255	3.765293
72.908794	5320.766124	5.305088	-0.015249	3.767166
72.935788	5325.849085	5.310093	-0.015256	3.768937
73.051398	5330.762454	5.315098	-0.015284	3.770655
73.161145	5335.541113	5.320102	-0.015311	3.772325
73.032661	5340.665683	5.325107	-0.015280	3.774095
73.150545	5345.746290	5.330112	-0.015309	3.775869
73.077651	5350.812562	5.335117	-0.015292	3.777622
73.218666	5355.897209	5.340122	-0.015326	3.779397
73.278560	5360.658839	5.345126	-0.015340	3.781054
73.263466	5365.644114	5.350131	-0.015337	3.782781
73.290968	5370.750837	5.355136	-0.015344	3.784553
73.462889	5375.956961	5.360141	-0.015386	3.786369
73.434054	5381.114744	5.365146	-0.015379	3.788153
73.464782	5386.126053	5.370150	-0.015387	3.789889
73.558579	5390.839154	5.375155	-0.015409	3.791526
73.552944	5395.956240	5.380160	-0.015408	3.793295
73.681456	5400.962165	5.385165	-0.015439	3.795035
73.726665	5406.051687	5.390170	-0.015451	3.796796
73.707980	5411.125491	5.395174	-0.015446	3.798547
73.706159	5416.070217	5.400179	-0.015446	3.800253
73.986073	5420.890082	5.405184	-0.015514	3.801937
73.828270	5425.957835	5.410189	-0.015476	3.803672
73.800305	5431.254961	5.415194	-0.015470	3.805495
73.868993	5436.480216	5.420198	-0.015487	3.807300
74.019040	5441.538150	5.425203	-0.015523	3.809053
73.930823	5446.457992	5.430208	-0.015502	3.810740
74.153739	5451.254501	5.435213	-0.015556	3.812407
74.140317	5456.410666	5.440218	-0.015553	3.814178
74.044133	5461.476990	5.445222	-0.015530	3.815912
74.226301	5466.482978	5.450227	-0.015574	3.817646
74.210687	5471.602156	5.455232	-0.015571	3.819402
74.129826	5476.341626	5.460237	-0.015552	3.821023
74.392041	5481.371987	5.465242	-0.015615	3.822768
74.372493	5486.418785	5.470246	-0.015610	3.824497
74.416719	5491.759700	5.475251	-0.015621	3.826331
74.462734	5496.848462	5.480256	-0.015633	3.828078
74.419099	5501.763567	5.485261	-0.015622	3.829758
74.554899	5506.471864	5.490266	-0.015655	3.831379
74.581845	5511.548837	5.495270	-0.015662	3.833118
74.641761	5516.577834	5.500275	-0.015677	3.834843
74.601547	5521.680820	5.505280	-0.015667	3.836584
74.640166	5526.712752	5.510285	-0.015677	3.838306
74.746329	5531.690734	5.515290	-0.015703	3.840014
74.633227	5536.543312	5.520294	-0.015676	3.841662
74.768622	5541.565855	5.525299	-0.015709	3.843386
74.873409	5546.849322	5.530304	-0.015734	3.845196
74.904012	5552.020831	5.535309	-0.015742	3.846961
75.036470	5557.146405	5.540314	-0.015774	3.848717
75.051257	5561.963111	5.545318	-0.015778	3.850359
75.100011	5566.860554	5.550323	-0.015790	3.852030
75.123067	5571.898911	5.555328	-0.015795	3.853746
75.177598	5577.001394	5.560333	-0.015809	3.855485
75.130906	5582.045066	5.565338	-0.015798	3.857197
75.308800	5587.089879	5.570342	-0.015841	3.858924
75.312559	5591.888762	5.575347	-0.015842	3.860555
75.390826	5596.846085	5.580352	-0.015861	3.862244
75.402873	5601.872704	5.585357	-0.015864	3.863950
75.493186	5607.257067	5.590362	-0.015886	3.865784
75.481453	5612.307383	5.595366	-0.015884	3.867495
75.605958	5617.362090	5.600371	-0.015914	3.869218
75.556853	5622.089620	5.605376	-0.015902	3.870815
75.529194	5627.133424	5.610381	-0.015896	3.872521
75.732700	5632.183834	5.615386	-0.015945	3.874246
75.732626	5637.251884	5.620390	-0.015946	3.875960
75.743600	5642.323438	5.625395	-0.015948	3.877676
75.855707	5647.339883	5.630400	-0.015976	3.879380
75.854929	5652.069165	5.635405	-0.015976	3.880978
76.018049	5657.145306	5.640410	-0.016015	3.882705
75.949672	5662.277388	5.645414	-0.015999	3.884432
75.941810	5667.696438	5.650419	-0.015998	3.886260
75.940181	5672.766686	5.655424	-0.015997	3.887970
76.148447	5677.689405	5.660429	-0.016048	3.889645
76.131728	5682.481988	5.665434	-0.016044	3.891259
76.167105	5687.543261	5.670438	-0.016053	3.892966
76.119580	5692.631402	5.675443	-0.016042	3.894676
76.177026	5697.735918	5.680448	-0.016056	3.896398
76.291987	5702.702967	5.685453	-0.016084	3.898077
76.310172	5707.699837	5.690458	-0.016088	3.899759
76.407663	5712.475302	5.695462	-0.016112	3.901371
76.560376	5717.535369	5.700467	-0.016149	3.903082
76.400236	5722.844460	5.705472	-0.016111	3.904853
76.409368	5728.038081	5.710477	-0.016113	3.906597
76.473495	5733.052659	5.715482	-0.016129	3.908284
76.434889	5737.911144	5.720486	-0.016120	3.909911
76.605667	5742.829497	5.725491	-0.016161	3.911572
76.621913	5747.832980	5.730496	-0.016165	3.913250
76.461764	5753.036353	5.735501	-0.016127	3.914981
76.546860	5758.051623	5.740506	-0.016148	3.916666
76.647414	5763.068529	5.745510	-0.016173	3.918352
76.771101	5767.909915	5.750515	-0.016202	3.919981
76.758403	5772.894976	5.755520	-0.016200	3.921647
76.835111	5777.913244	5.760525	-0.016218	3.923329
76.954967	5783.338441	5.765530	-0.016247	3.925150
77.040018	5788.488503	5.770534	-0.016268	3.926876
77.168787	5793.503239	5.775539	-0.016299	3.928559
77.084324	5798.350020	5.780544	-0.016279	3.930170
77.162798	5803.278757	5.785549	-0.016298	3.931820
77.009491	5808.397291	5.790554	-0.016262	3.933515
77.288310	5813.453868	5.795558	-0.016329	3.935220
77.309882	5818.476282	5.800563	-0.016335	3.936894
77.364192	5823.550068	5.805568	-0.016348	3.938587
77.315228	5828.283262	5.810573	-0.016337	3.940159
77.305864	5833.303629	5.815578	-0.016335	3.941828
77.358428	5838.350377	5.820582	-0.016348	3.943510
77.343678	5843.715347	5.825587	-0.016344	3.945292
77.404631	5848.806116	5.830592	-0.016359	3.946988
77.456835	5853.860537	5.835597	-0.016372	3.948670
77.676600	5858.522784	5.840602	-0.016425	3.950233
77.631092	5863.581648	5.845606	-0.016414	3.951908
77.634001	5868.664287	5.850611	-0.016415	3.953594
77.663598	5873.757514	5.855616	-0.016423	3.955285
77.809968	5878.736553	5.860621	-0.016458	3.956945
77.711303	5883.846459	5.865626	-0.016435	3.958630
77.848354	5888.549777	5.870630	-0.016468	3.960197
77.788193	5893.624491	5.875635	-0.016454	3.961873
77.829607	5898.722141	5.880640	-0.016464	3.963562
77.842577	5904.189723	5.885645	-0.016468	3.965371
77.920436	5909.229341	5.890650	-0.016487	3.967042
77.878087	5914.312769	5.895654	-0.016477	3.968719
77.903382	5919.029364	5.900659	-0.016483	3.970278
78.128981	5924.024003	5.905664	-0.016537	3.971943
77.885831	5929.157322	5.910669	-0.016480	3.973619
78.211265	5934.194709	5.915674	-0.016558	3.975304
78.212511	5939.231161	5.920678	-0.016558	3.976964
78.366359	5944.211772	5.925683	-0.016596	3.978617
78.225676	5948.956444	5.930688	-0.016562	3.980170
78.352182	5954.004775	5.935693	-0.016593	3.981841
78.399789	5959.189608	5.940698	-0.016605	3.983551
78.457680	5964.458032	5.945702	-0.016619	3.985288
78.431953	5969.538507	5.950707	-0.016613	3.986957
78.463501	5974.568154	5.955712	-0.016621	3.988613
78.503794	5979.254052	5.960717	-0.016631	3.990155
78.705789	5984.327848	5.965722	-0.016679	3.991836
78.644044	5989.416667	5.970726	-0.016665	3.993503
78.694344	5994.463045	5.975731	-0.016677	3.995162
78.726249	5999.543969	5.980736	-0.016685	3.996831
78.746084	6004.561955	5.985741	-0.016690	3.998478
78.754788	6009.347150	5.990746	-0.016693	4.000047
78.786978	6014.412335	5.995750	-0.016701	4.001709
78.706441	6019.514755	6.000755	-0.016682	4.003375
78.942894	6024.987683	6.005760	-0.016739	4.005183
78.986269	6029.989321	6.010765	-0.016749	4.006822
79.006745	6035.079921	6.015770	-0.016755	4.008489
79.167876	6039.746840	6.020774	-0.016794	4.010026
79.204752	6044.776963	6.025779	-0.016803	4.011672
79.156589	6049.900555	6.030784	-0.016791	4.013343
79.124020	6054.942681	6.035789	-0.016784	4.014987
79.266180	6060.000094	6.040794	-0.016818	4.016648
79.286898	6065.035245	6.045798	-0.016824	4.018292
79.243833	6069.816753	6.050803	-0.016814	4.019849
79.399899	6074.815244	6.055808	-0.016851	4.021489
79.331599	6079.880798	6.060813	-0.016835	4.023135
79.432208	6085.277471	6.065818	-0.016860	4.024900
79.480958	6090.287449	6.070822	-0.016872	4.026535
79.403704	6095.393804	6.075827	-0.016854	4.028192
79.477632	6100.092669	6.080832	-0.016872	4.029726
79.629406	6105.071927	6.085837	-0.016908	4.031355
79.704674	6110.148858	6.090842	-0.016926	4.033011
79.629256	6115.249554	6.095846	-0.016909	4.034663
79.813641	6120.273454	6.100851	-0.016953	4.036308
79.586123	6125.406932	6.105856	-0.016899	4.037959
79.715869	6130.103828	6.110861	-0.016930	4.039492
79.711128	6135.178783	6.115866	-0.016930	4.041139
79.957941	6140.196081	6.120870	-0.016989	4.042782
79.819306	6145.675648	6.125875	-0.016956	4.044550
79.926943	6150.774233	6.130880	-0.016982	4.046209
79.891344	6155.855342	6.135885	-0.016974	4.047852
80.127338	6160.446565	6.140890	-0.017031	4.049355
80.108292	6165.416308	6.145894	-0.017027	4.050962
79.998722	6170.474227	6.150899	-0.017001	4.052591
80.149706	6175.555820	6.155904	-0.017037	4.054244
80.092012	6180.598429	6.160909	-0.017024	4.055871
80.286573	6185.624038	6.165914	-0.017071	4.057507
80.233702	6190.465726	6.170918	-0.017058	4.059068
80.358303	6195.371465	6.175923	-0.017088	4.060660
80.337876	6200.473403	6.180928	-0.017084	4.062305
80.339334	6205.790692	6.185933	-0.017085	4.064021
80.346741	6210.954078	6.190938	-0.017087	4.065686
80.371570	6215.964898	6.195942	-0.017093	4.067303
80.603529	6220.784157	6.200947	-0.017149	4.068871
80.547369	6225.746678	6.205952	-0.017136	4.070466
80.526517	6230.788285	6.210957	-0.017131	4.072088
80.666064	6235.869961	6.215962	-0.017165	4.073733
80.648537	6240.943090	6.220966	-0.017161	4.075364
80.695160	6245.993507	6.225971	-0.017172	4.076991
80.807788	6250.870281	6.230976	-0.017200	4.078566
80.777576	6255.741146	6.235981	-0.017193	4.080129
80.714916	6260.853787	6.240986	-0.017178	4.081767
80.913306	6266.064155	6.245990	-0.017226	4.083453
80.782631	6271.473044	6.250995	-0.017195	4.085181
81.126461	6276.490905	6.256000	-0.017277	4.086813
81.152912	6281.363045	6.261005	-0.017284	4.088377
81.174207	6286.188425	6.266010	-0.017289	4.089925
81.218976	6291.283737	6.271014	-0.017301	4.091561
81.205200	6296.344220	6.276019	-0.017298	4.093181
81.230153	6301.398860	6.281024	-0.017304	4.094801
81.302631	6306.445893	6.286029	-0.017322	4.096421
81.250891	6311.460527	6.291034	-0.017309	4.098022
81.336361	6316.215038	6.296038	-0.017330	4.099548
81.442887	6321.224966	6.301043	-0.017356	4.101156
81.576920	6326.334926	6.306048	-0.017388	4.102798
81.530853	6331.642644	6.311053	-0.017378	4.104490
81.660899	6336.684285	6.316058	-0.017409	4.106108
81.655055	6341.783698	6.321062	-0.017408	4.107735
81.551021	6346.488930	6.326067	-0.017384	4.109230
81.576806	6351.556468	6.331072	-0.017390	4.110848
81.663762	6356.608819	6.336077	-0.017411	4.112464
81.736868	6361.704183	6.341082	-0.017429	4.114092
81.843680	6366.663470	6.346086	-0.017455	4.115679
81.782195	6371.783005	6.351091	-0.017441	4.117305
81.938661	6376.571452	6.356096	-0.017478	4.118839
81.962636	6381.538429	6.361101	-0.017484	4.120421
81.880010	6386.652364	6.366106	-0.017465	4.122043
81.972126	6392.045658	6.371110	-0.017487	4.123763
81.992082	6397.185450	6.376115	-0.017492	4.125398
81.985331	6402.284456	6.381120	-0.017491	4.127017
82.134844	6407.083848	6.386125	-0.017527	4.128551
82.124176	6411.997693	6.391130	-0.017525	4.130110
82.305355	6417.003074	6.396134	-0.017569	4.131710
82.370154	6422.084834	6.401139	-0.017584	4.133326
82.309051	6427.172989	6.406144	-0.017570	4.134935
82.352605	6432.174300	6.411149	-0.017581	4.136523
82.279539	6437.167223	6.416154	-0.017564	4.138100
82.449136	6441.995491	6.421158	-0.017605	4.139640
82.418241	6447.051843	6.426163	-0.017598	4.141239
82.523588	6452.252826	6.431168	-0.017623	4.142891
82.521219	6457.493074	6.436173	-0.017623	4.144549
82.581462	6462.572906	6.441178	-0.017638	4.146159
82.634639	6467.545483	6.446182	-0.017651	4.147734
82.480676	6472.319816	6.451187	-0.017614	4.149232
82.672310	6477.382405	6.456192	-0.017660	4.150843
82.791145	6482.422839	6.461197	-0.017689	4.152442
82.820573	6487.499731	6.466202	-0.017696	4.154046
82.922718	6492.532571	6.471206	-0.017721	4.155640
83.009972	6497.593089	6.476211	-0.017742	4.157242
82.959354	6502.315260	6.481216	-0.017731	4.158727
83.213185	6507.337854	6.486221	-0.017792	4.160326
83.242053	6512.431522	6.491226	-0.017799	4.161932
83.348403	6517.892748	6.496230	-0.017825	4.163658
83.395245	6522.976082	6.501235	-0.017836	4.165261
83.481411	6528.045727	6.506240	-0.017857	4.166861
83.542257	6532.813537	6.511245	-0.017872	4.168364
83.717535	6537.721548	6.516250	-0.017914	4.169918
83.643407	6542.807507	6.521254	-0.017897	4.171512
83.882603	6547.855890	6.526259	-0.017954	4.173113
83.737377	6552.924848	6.531264	-0.017920	4.174696
83.788916	6558.002955	6.536269	-0.017933	4.176293
83.822093	6562.922416	6.541274	-0.017941	4.177838
83.863568	6567.747517	6.546278	-0.017951	4.179354
84.002075	6572.815363	6.551283	-0.017985	4.180952
83.986629	6577.983961	6.556288	-0.017981	4.182571
83.980523	6583.225490	6.561293	-0.017980	4.184213
84.044756	6588.344705	6.566298	-0.017996	4.185820
84.115216	6593.338027	6.571302	-0.018013	4.187388
84.043328	6598.040645	6.576307	-0.017996	4.188855
84.135903	6603.093204	6.581312	-0.018019	4.190441
84.158182	6608.155371	6.586317	-0.018024	4.192026
84.145178	6613.293233	6.591322	-0.018022	4.193631
84.437634	6618.266892	6.596326	-0.018092	4.195203
84.473356	6623.336259	6.601331	-0.018101	4.196789
84.602523	6628.132450	6.606336	-0.018132	4.198294
84.388541	6633.111865	6.611341	-0.018081	4.199835
84.527923	6638.150784	6.616346	-0.018115	4.201416
84.505641	6643.574294	6.621350	-0.018110	4.203106
84.610612	6648.737033	6.626355	-0.018135	4.204722
84.524311	6653.797437	6.631360	-0.018115	4.206294
84.597822	6658.662502	6.636365	-0.018133	4.207814
84.684480	6663.518794	6.641370	-0.018154	4.209332
84.711233	6668.574966	6.646374	-0.018161	4.210908
84.587574	6673.657974	6.651379	-0.018131	4.212482
84.695896	6678.747409	6.656384	-0.018158	4.214072
84.683048	6683.810878	6.661389	-0.018155	4.215646
84.897796	6688.776268	6.666394	-0.018206	4.217202
84.975867	6693.533648	6.671398	-0.018225	4.218685
84.969792	6698.554144	6.676403	-0.018224	4.220244
84.958794	6703.665932	6.681408	-0.018222	4.221831
85.087567	6709.026507	6.686413	-0.018253	4.223502
85.054716	6714.125301	6.691418	-0.018246	4.225082
85.115897	6719.153642	6.696422	-0.018261	4.226645
84.912149	6723.956523	6.701427	-0.018212	4.228122
85.160001	6728.906492	6.706432	-0.018272	4.229671
85.115558	6733.968566	6.711437	-0.018261	4.231237
85.393982	6739.015289	6.716442	-0.018328	4.232816
85.199494	6744.135959	6.721446	-0.018282	4.234390
85.217693	6749.154397	6.726451	-0.018287	4.235944
85.273233	6754.102976	6.731456	-0.018301	4.237478
85.237920	6758.946448	6.736461	-0.018292	4.238974
85.476941	6764.000087	6.741466	-0.018350	4.240550
85.616755	6769.163450	6.746470	-0.018384	4.242154
85.569955	6774.586619	6.751475	-0.018373	4.243827
85.645436	6779.701522	6.756480	-0.018391	4.245410
85.690785	6784.648043	6.761485	-0.018402	4.246940
85.776496	6789.395429	6.766490	-0.018423	4.248410
85.707126	6794.444126	6.771494	-0.018407	4.249963
85.717617	6799.507902	6.776499	-0.018410	4.251525
85.857003	6804.585659	6.781504	-0.018443	4.253098
85.760492	6809.656169	6.786509	-0.018421	4.254655
85.864395	6814.673453	6.791514	-0.018446	4.256206
85.900099	6819.514789	6.796518	-0.018455	4.257699
85.987139	6824.387729	6.801523	-0.018476	4.259203
86.002101	6829.556113	6.806528	-0.018480	4.260794
85.992713	6834.758428	6.811533	-0.018478	4.262394
86.108583	6839.959458	6.816538	-0.018506	4.263999
86.162478	6844.988187	6.821542	-0.018519	4.265548
86.047425	6849.952897	6.826547	-0.018492	4.267067
86.176953	6854.749405	6.831552	-0.018523	4.268547
86.318734	6859.746720	6.836557	-0.018557	4.270089
86.288180	6864.855504	6.841562	-0.018551	4.271655
86.244111	6869.975806	6.846566	-0.018540	4.273223
86.247488	6874.996435	6.851571	-0.018541	4.274763
86.354429	6880.068784	6.856576	-0.018567	4.276324
86.464044	6884.809304	6.861581	-0.018594	4.277783
86.451045	6889.813914	6.866586	-0.018591	4.279315
86.406385	6894.881282	6.871590	-0.018581	4.280865
86.469753	6900.282276	6.876595	-0.018596	4.282521
86.550400	6905.495411	6.881600	-0.018616	4.284121
86.489442	6910.510236	6.886605	-0.018602	4.285651
86.584011	6915.439698	6.891610	-0.018625	4.287164
86.735555	6920.182586	6.896614	-0.018661	4.288622
86.615270	6925.336321	6.901619	-0.018633	4.290190
86.704588	6930.436647	6.906624	-0.018654	4.291753
86.728888	6935.476260	6.911629	-0.018661	4.293293
86.806245	6940.404529	6.916634	-0.018679	4.294802
86.822947	6945.432777	6.921638	-0.018684	4.296337
86.922441	6950.142420	6.926643	-0.018708	4.297779
86.964427	6955.199202	6.931648	-0.018718	4.299323
87.045437	6960.222942	6.936653	-0.018738	4.300859
86.955721	6965.570069	6.941658	-0.018717	4.302483
87.128306	6970.650358	6.946662	-0.018758	4.304040
87.096082	6975.752865	6.951667	-0.018751	4.305591
87.208912	6980.670422	6.956672	-0.018778	4.307094
87.171138	6985.490187	6.961677	-0.018770	4.308559
87.232129	6990.555222	6.966682	-0.018785	4.310102
87.258102	6995.629558	6.971686	-0.018791	4.311647
87.292902	7000.713345	6.976691	-0.018800	4.313193
87.403243	7005.752213	6.981696	-0.018826	4.314730
87.489718	7010.811686	6.986701	-0.018847	4.316272
87.338372	7015.528817	6.991706	-0.018812	4.317695
87.496588	7020.567335	6.996710	-0.018850	4.319233
87.473587	7025.633659	7.001715	-0.018845	4.320769
87.506008	7031.169402	7.006720	-0.018853	4.322450
87.634976	7036.233354	7.011725	-0.018884	4.323992
87.588627	7041.327045	7.016730	-0.018873	4.325533
87.607155	7046.146822	7.021734	-0.018878	4.326994
87.612570	7050.984028	7.026739	-0.018879	4.328459
87.654719	7056.112213	7.031744	-0.018890	4.330014
87.755448	7061.140787	7.036749	-0.018914	4.331541
87.838951	7066.179463	7.041754	-0.018935	4.333070
87.858439	7071.252234	7.046758	-0.018940	4.334605
87.880710	7076.306677	7.051763	-0.018945	4.336134
87.889347	7081.027498	7.056768	-0.018948	4.337561
87.734095	7086.053515	7.061773	-0.018911	4.339071
87.928635	7091.115027	7.066778	-0.018958	4.340610
87.929528	7096.480344	7.071782	-0.018958	4.342230
87.940461	7101.585083	7.076787	-0.018961	4.343771
87.947703	7106.652970	7.081792	-0.018963	4.345300
87.969743	7111.546008	7.086797	-0.018969	4.346777
88.087678	7116.355035	7.091802	-0.018997	4.348233
88.063159	7121.452534	7.096806	-0.018992	4.349768
88.199214	7126.500069	7.101811	-0.019025	4.351296
88.307642	7131.594841	7.106816	-0.019051	4.352836
88.171112	7136.654642	7.111821	-0.019019	4.354351
88.301862	7141.678454	7.116826	-0.019050	4.355870
88.381706	7146.439178	7.121830	-0.019070	4.357307
88.431855	7151.410349	7.126835	-0.019082	4.358804
88.342790	7156.543267	7.131840	-0.019061	4.360343
88.432008	7161.906805	7.136845	-0.019083	4.361959
88.498638	7167.072670	7.141850	-0.019099	4.363515
88.525622	7172.138316	7.146854	-0.019106	4.365037
88.693456	7177.031785	7.151859	-0.019146	4.366515
88.541707	7181.871730	7.156864	-0.019110	4.367959
88.593638	7186.952672	7.161869	-0.019123	4.369486
88.675512	7191.985288	7.166874	-0.019143	4.371000
88.759070	7197.063122	7.171878	-0.019163	4.372527
88.647858	7202.106622	7.176883	-0.019137	4.374032
88.816708	7207.196790	7.181888	-0.019178	4.375566
88.921019	7211.945762	7.186893	-0.019203	4.376993
88.976408	7216.904241	7.191898	-0.019217	4.378481
88.863870	7221.998612	7.196902	-0.019190	4.379999
89.098786	7227.190620	7.201907	-0.019246	4.381565
89.259921	7232.390349	7.206912	-0.019285	4.383129
89.135683	7237.468148	7.211917	-0.019256	4.384640
89.306797	7242.406511	7.216922	-0.019297	4.386125
89.269062	7247.216339	7.221926	-0.019289	4.387560
89.458116	7252.262597	7.226931	-0.019334	4.389077
89.431848	7257.358140	7.231936	-0.019328	4.390596
89.499675	7262.410566	7.236941	-0.019345	4.392108
89.556975	7267.438352	7.241946	-0.019359	4.393611
89.511473	7272.496480	7.246950	-0.019348	4.395117
89.683984	7277.332514	7.251955	-0.019390	4.396568
89.621768	7282.274403	7.256960	-0.019375	4.398037
89.803809	7287.276605	7.261965	-0.019419	4.399537
89.831982	7292.527808	7.266970	-0.019426	4.401102
89.832369	7297.978761	7.271974	-0.019427	4.402725
89.772867	7303.033035	7.276979	-0.019413	4.404226
89.903504	7308.129131	7.281984	-0.019444	4.405749
89.930034	7312.771759	7.286989	-0.019451	4.407131
89.892757	7317.822977	7.291994	-0.019442	4.408631
90.030075	7322.891572	7.296998	-0.019475	4.410144
89.967459	7327.976949	7.302003	-0.019461	4.411652
90.116173	7333.010293	7.307008	-0.019497	4.413155
90.147418	7338.062756	7.312013	-0.019505	4.414656
90.234860	7343.042968	7.317018	-0.019526	4.416139
90.119508	7347.846596	7.322022	-0.019498	4.417558
90.262508	7352.860437	7.327027	-0.019533	4.419053
90.311109	7357.944057	7.332032	-0.019545	4.420563
90.322561	7363.341407	7.337037	-0.019548	4.422163
90.266979	7368.398262	7.342042	-0.019535	4.423658
90.252007	7373.469786	7.347046	-0.019532	4.425160
90.444294	7378.223382	7.352051	-0.019578	4.426577
90.535135	7383.138564	7.357056	-0.019600	4.428037
90.602322	7388.217786	7.362061	-0.019617	4.429543
90.541163	7393.306198	7.367066	-0.019602	4.431045
90.531531	7398.385290	7.372070	-0.019600	4.432546
90.639403	7403.429944	7.377075	-0.019626	4.434043
90.567029	7408.496902	7.382080	-0.019610	4.435537
90.672257	7413.176551	7.387085	-0.019635	4.436924
90.687921	7418.249572	7.392090	-0.019639	4.438423
90.698187	7423.298798	7.397094	-0.019642	4.439914
90.852427	7428.760882	7.402099	-0.019679	4.441534
90.877709	7433.976217	7.407104	-0.019685	4.443074
90.947689	7438.990853	7.412109	-0.019703	4.444556
90.939205	7443.914740	7.417114	-0.019701	4.446007
91.035754	7448.720489	7.422118	-0.019724	4.447428
91.080353	7453.768831	7.427123	-0.019735	4.448918
91.188335	7458.787873	7.432128	-0.019761	4.450401
91.306052	7463.847260	7.437133	-0.019790	4.451897
91.195480	7468.917737	7.442138	-0.019764	4.453384
91.225864	7474.003982	7.447142	-0.019771	4.454882
91.531993	7478.741203	7.452147	-0.019845	4.456290
91.499884	7483.682188	7.457152	-0.019838	4.457741
91.450594	7488.822116	7.462157	-0.019826	4.459250
91.463808	7494.004126	7.467162	-0.019830	4.460773
91.641856	7499.264030	7.472166	-0.019873	4.462327
91.549432	7504.307036	7.477171	-0.019851	4.463803
91.537121	7509.345508	7.482176	-0.019848	4.465281
91.664272	7514.059732	7.487181	-0.019879	4.466671
91.574687	7519.124149	7.492186	-0.019858	4.468152
91.723687	7524.155076	7.497190	-0.019894	4.469634
91.652017	7529.253878	7.502195	-0.019877	4.471125
91.710563	7534.345095	7.507200	-0.019891	4.472620
91.846654	7539.374814	7.512205	-0.019924	4.474100
91.956701	7544.308282	7.517210	-0.019951	4.475550
92.037284	7549.106502	7.522214	-0.019970	4.476959
92.148671	7554.176334	7.527219	-0.019997	4.478448
92.124948	7559.270677	7.532224	-0.019992	4.479937
92.090189	7564.682468	7.537229	-0.019984	4.481518
92.250037	7569.700246	7.542234	-0.020023	4.482993
92.184202	7574.774792	7.547238	-0.020007	4.484473
92.211669	7579.640792	7.552243	-0.020014	4.485896
92.281644	7584.485169	7.557248	-0.020031	4.487314
92.306404	7589.537603	7.562253	-0.020037	4.488791
92.255874	7594.613964	7.567258	-0.020026	4.490270
92.432219	7599.703189	7.572262	-0.020068	4.491764
92.388012	7604.709057	7.577267	-0.020058	4.493222
92.403810	7609.776101	7.582272	-0.020062	4.494700
92.540811	7614.561040	7.587277	-0.020095	4.496101
92.466304	7619.462139	7.592282	-0.020078	4.497526
92.549991	7624.536660	7.597286	-0.020098	4.499008
92.705783	7629.731671	7.602291	-0.020136	4.500529
92.654866	7635.060541	7.607296	-0.020124	4.502077
92.730556	7640.110488	7.612301	-0.020142	4.503551
92.719669	7645.126069	7.617306	-0.020140	4.505009
92.719976	7649.823607	7.622310	-0.020140	4.506376
92.779127	7654.886543	7.627315	-0.020155	4.507850
92.871600	7659.937031	7.632320	-0.020177	4.509323
93.005452	7664.986636	7.637325	-0.020210	4.510796
92.886324	7670.094901	7.642330	-0.020181	4.512274
93.049728	7675.138671	7.647334	-0.020221	4.513747
92.989245	7680.063036	7.652339	-0.020207	4.515173
93.116555	7684.895487	7.657344	-0.020237	4.516581
93.172860	7689.944658	7.662349	-0.020251	4.518049
92.980318	7694.989172	7.667354	-0.020205	4.519502
93.182944	7700.509746	7.672358	-0.020254	4.521112
93.326699	7705.588410	7.677363	-0.020289	4.522591
93.320207	7710.685966	7.682368	-0.020288	4.524067
93.257036	7715.531419	7.687373	-0.020273	4.525468
93.265603	7720.330971	7.692378	-0.020275	4.526857
93.258020	7725.466950	7.697382	-0.020274	4.528344
93.249444	7730.475265	7.702387	-0.020272	4.529792
93.298022	7735.602123	7.707392	-0.020284	4.531277
93.371174	7740.682375	7.712397	-0.020302	4.532750
93.441928	7745.680431	7.717402	-0.020319	4.534198
93.544936	7750.539752	7.722406	-0.020344	4.535607
93.583967	7755.438092	7.727411	-0.020354	4.537023
93.747717	7760.499277	7.732416	-0.020393	4.538493
93.656279	7765.603779	7.737421	-0.020372	4.539962
93.681272	7770.918155	7.742426	-0.020378	4.541497
93.697358	7776.044202	7.747430	-0.020382	4.542976
93.810879	7781.020728	7.752435	-0.020410	4.544417
93.731764	7785.852559	7.757440	-0.020391	4.545806
93.726782	7790.813561	7.762445	-0.020390	4.547235
93.752728	7795.874059	7.767450	-0.020397	4.548695
93.864399	7800.950474	7.772454	-0.020424	4.550162
93.880295	7806.012632	7.777459	-0.020428	4.551620
93.918259	7811.086948	7.782464	-0.020437	4.553083
93.899762	7816.145996	7.787469	-0.020433	4.554537
93.982094	7820.841914	7.792474	-0.020453	4.555892
94.137055	7825.868472	7.797478	-0.020491	4.557345
94.207354	7830.907085	7.802483	-0.020508	4.558796
94.311543	7836.366702	7.807488	-0.020533	4.560370
94.200190	7841.622746	7.812493	-0.020507	4.561875
94.219471	7846.670280	7.817498	-0.020512	4.563326
94.220821	7851.700556	7.822502	-0.020512	4.564770
94.356673	7856.303925	7.827507	-0.020545	4.566097
94.453429	7861.337194	7.832512	-0.020569	4.567546
94.392973	7866.531211	7.837517	-0.020555	4.569033
94.354338	7871.554610	7.842522	-0.020546	4.570472
94.275790	7876.618649	7.847526	-0.020527	4.571919
94.323934	7881.714121	7.852531	-0.020539	4.573382
94.396921	7886.663387	7.857536	-0.020557	4.574803
94.502201	7891.392078	7.862541	-0.020582	4.576162
94.522071	7896.461947	7.867546	-0.020587	4.577614
94.522082	7901.536599	7.872550	-0.020588	4.579067
94.662215	7906.893940	7.877555	-0.020622	4.580606
94.609911	7912.020649	7.882560	-0.020609	4.582070
94.727909	7916.994119	7.887565	-0.020638	4.583497
94.895415	7921.929629	7.892570	-0.020678	4.584915
94.754207	7926.809740	7.897574	-0.020645	4.586303
94.829358	7931.783756	7.902579	-0.020663	4.587728
94.886764	7936.902115	7.907584	-0.020677	4.589192
94.891331	7942.017369	7.912589	-0.020679	4.590652
94.855583	7946.985265	7.917594	-0.020670	4.592069
94.947596	7952.175266	7.922598	-0.020693	4.593553
94.941317	7956.975228	7.927603	-0.020692	4.594922
94.976417	7961.873030	7.932608	-0.020700	4.596320
95.041904	7966.940628	7.937613	-0.020716	4.597767
95.129457	7971.872674	7.942618	-0.020738	4.599177
95.317507	7977.495292	7.947622	-0.020783	4.600787
95.150119	7982.628652	7.952627	-0.020743	4.602241
95.200681	7987.651448	7.957632	-0.020756	4.603673
95.285883	7992.568341	7.962637	-0.020776	4.605076
95.362347	7997.346543	7.967642	-0.020795	4.606439
95.323228	8002.437442	7.972646	-0.020786	4.607885
95.276137	8007.521290	7.977651	-0.020775	4.609328
95.373663	8012.586284	7.982656	-0.020799	4.610772
95.449033	8017.680536	7.987661	-0.020817	4.612223
95.406929	8022.726610	7.992666	-0.020807	4.613654
95.531500	8027.510703	7.997670	-0.020837	4.615018
95.621492	8032.435835	8.002675	-0.020859	4.616421
95.555380	8037.499046	8.007680	-0.020844	4.617854
95.567567	8042.604449	8.012685	-0.020847	4.619303
95.649352	8048.000105	8.017690	-0.020867	4.620837
95.719621	8053.001778	8.022694	-0.020884	4.622258
95.765169	8058.084867	8.027699	-0.020895	4.623701
95.823516	8062.851288	8.032704	-0.020910	4.625054
95.792188	8067.806090	8.037709	-0.020902	4.626456
95.879173	8072.862051	8.042714	-0.020924	4.627892
95.808598	8077.916411	8.047718	-0.020907	4.629319
95.844849	8083.055098	8.052723	-0.020916	4.630775
95.910005	8088.036426	8.057728	-0.020932	4.632187
95.866334	8093.140974	8.062733	-0.020922	4.633629
95.905010	8097.983701	8.067738	-0.020931	4.635000
95.933684	8102.855928	8.072742	-0.020939	4.636378
96.097832	8108.001601	8.077747	-0.020978	4.637839
95.987826	8113.156841	8.082752	-0.020952	4.639291
96.204768	8118.595161	8.087757	-0.021004	4.640836
96.144429	8123.686349	8.092762	-0.020990	4.642270
96.179208	8128.701436	8.097766	-0.020999	4.643687
96.245872	8133.518381	8.102771	-0.021015	4.645049
96.494664	8138.292269	8.107776	-0.021075	4.646406
96.451645	8143.432322	8.112781	-0.021065	4.647853
96.453795	8148.447415	8.117786	-0.021066	4.649267
96.359446	8153.617289	8.122790	-0.021044	4.650720
96.461827	8158.680031	8.127795	-0.021068	4.652150
96.591242	8163.664843	8.132800	-0.021100	4.653560
96.563841	8168.546422	8.137805	-0.021094	4.654933
96.540343	8173.367819	8.142810	-0.021088	4.656288
96.640202	8178.508134	8.147814	-0.021112	4.657739
96.616382	8183.620021	8.152819	-0.021107	4.659176
96.762792	8188.989720	8.157824	-0.021142	4.660692
96.790484	8194.042613	8.162829	-0.021149	4.662113
96.827027	8199.057933	8.167834	-0.021158	4.663524
96.805459	8203.936853	8.172838	-0.021154	4.664894
96.745911	8208.772907	8.177843	-0.021140	4.666249
96.901750	8213.881441	8.182848	-0.021177	4.667690
96.941548	8218.924562	8.187853	-0.021187	4.669107
96.881560	8223.967581	8.192858	-0.021173	4.670520
97.009014	8229.068472	8.197862	-0.021204	4.671956
97.026208	8234.069530	8.202867	-0.021208	4.673359
97.183400	8238.951903	8.207872	-0.021246	4.674734
97.060084	8243.811059	8.212877	-0.021217	4.676090
97.203012	8248.960410	8.217882	-0.021252	4.677539
97.232457	8254.082711	8.222886	-0.021259	4.678975
97.257529	8259.540716	8.227891	-0.021265	4.680504
97.364487	8264.571007	8.232896	-0.021291	4.681916
97.105045	8269.695597	8.237901	-0.021230	4.683339
97.340555	8274.421743	8.242906	-0.021286	4.684671
97.505038	8279.337449	8.247910	-0.021326	4.686053
97.351714	8284.460670	8.252915	-0.021290	4.687479
97.430073	8289.448082	8.257920	-0.021309	4.688876
97.434370	8294.615677	8.262925	-0.021310	4.690320
97.439216	8299.582431	8.267930	-0.021311	4.691707
97.537015	8304.756026	8.272934	-0.021335	4.693156
97.413726	8309.489782	8.277939	-0.021306	4.694472
97.525941	8314.436051	8.282944	-0.021333	4.695857
97.611978	8319.458210	8.287949	-0.021354	4.697261
97.593102	8324.608279	8.292954	-0.021350	4.698697
97.639345	8329.957476	8.297958	-0.021361	4.700190
97.805715	8334.973579	8.302963	-0.021401	4.701595
97.824450	8340.071311	8.307968	-0.021406	4.703016
97.812483	8344.897114	8.312973	-0.021404	4.704360
97.887324	8349.750741	8.317978	-0.021422	4.705714
97.919999	8354.848664	8.322982	-0.021430	4.707135
97.843634	8359.927157	8.327987	-0.021412	4.708545
97.797387	8365.018432	8.332992	-0.021401	4.709960
97.908617	8370.085846	8.337997	-0.021428	4.711374
97.851693	8375.113236	8.343002	-0.021415	4.712769
98.003376	8380.107021	8.348006	-0.021452	4.714164
98.112793	8384.827610	8.353011	-0.021478	4.715480
98.058462	8390.015232	8.358016	-0.021466	4.716919
98.128414	8394.984997	8.363021	-0.021483	4.718302
98.290068	8400.661511	8.368026	-0.021522	4.719884
98.249555	8405.640452	8.373030	-0.021512	4.721265
98.373626	8410.764522	8.378035	-0.021542	4.722691
98.282093	8415.421775	8.383040	-0.021521	4.723979
98.432768	8420.036015	8.388045	-0.021557	4.725265
98.407363	8425.160343	8.393050	-0.021551	4.726685
98.480424	8430.170500	8.398054	-0.021569	4.728076
98.535692	8435.343643	8.403059	-0.021583	4.729512
98.528833	8440.342499	8.408064	-0.021581	4.730896
98.586689	8445.423656	8.413069	-0.021595	4.732305
98.492480	8450.363663	8.418074	-0.021573	4.733669
98.569924	8455.209163	8.423078	-0.021592	4.735013
98.572172	8460.202361	8.428083	-0.021593	4.736394
98.664995	8465.308132	8.433088	-0.021616	4.737810
98.739757	8470.629247	8.438093	-0.021634	4.739284
98.740924	8475.757041	8.443098	-0.021634	4.740702
98.862999	8480.874621	8.448102	-0.021664	4.742121
98.813972	8485.853339	8.453107	-0.021652	4.743494
98.875153	8490.521422	8.458112	-0.021667	4.744786
98.774849	8495.592843	8.463117	-0.021644	4.746182
98.918464	8500.695240	8.468122	-0.021678	4.747596
99.096331	8505.724135	8.473126	-0.021721	4.748990
99.036341	8510.775014	8.478131	-0.021707	4.750381
99.045742	8515.855933	8.483136	-0.021710	4.751783
99.078121	8520.950929	8.488141	-0.021718	4.753189
99.126004	8525.556917	8.493146	-0.021730	4.754460
99.199737	8530.671577	8.498150	-0.021748	4.755872
99.219290	8535.694602	8.503155	-0.021753	4.757256
99.286327	8541.035522	8.508160	-0.021769	4.758730
99.181743	8546.334452	8.513165	-0.021744	4.760184
99.365151	8551.453373	8.518170	-0.021789	4.761600
99.346723	8556.434529	8.523174	-0.021785	4.762970
99.356776	8561.175793	8.528179	-0.021787	4.764274
99.384575	8566.074834	8.533184	-0.021794	4.765622
99.359351	8571.314472	8.538189	-0.021789	4.767061
99.540522	8576.276526	8.543194	-0.021832	4.768432
99.497160	8581.404754	8.548198	-0.021822	4.769839
99.479571	8586.444435	8.553203	-0.021818	4.771222
99.564320	8591.512094	8.558208	-0.021839	4.772617
99.579549	8596.333944	8.563213	-0.021843	4.773941
99.665329	8601.160868	8.568218	-0.021864	4.775269
99.642089	8606.310674	8.573223	-0.021858	4.776680
99.699369	8611.373266	8.578227	-0.021872	4.778071
99.796443	8616.823570	8.583232	-0.021896	4.779569
99.791711	8621.802253	8.588237	-0.021895	4.780933
99.748940	8626.930134	8.593242	-0.021885	4.782337
99.790380	8631.803780	8.598247	-0.021896	4.783673
99.874176	8636.650078	8.603251	-0.021916	4.785003
99.862886	8641.699219	8.608256	-0.021914	4.786385
99.944401	8646.738014	8.613261	-0.021933	4.787767
99.866989	8651.874611	8.618266	-0.021915	4.789170
99.987593	8656.898370	8.623271	-0.021944	4.790548
100.067628	8662.010330	8.628275	-0.021964	4.791949
100.026416	8666.940756	8.633280	-0.021954	4.793295
100.111875	8671.781853	8.638285	-0.021975	4.794622
100.132275	8676.770481	8.643290	-0.021980	4.795985
100.335779	8681.895226	8.648295	-0.022029	4.797393
100.279706	8687.315902	8.653299	-0.022016	4.798871
100.217365	8692.520606	8.658304	-0.022002	4.800289
100.213729	8697.584846	8.663309	-0.022001	4.801671
100.380536	8702.536609	8.668314	-0.022041	4.803028
100.404238	8707.256523	8.673319	-0.022047	4.804316
100.394123	8712.233165	8.678323	-0.022045	4.805673
100.496928	8717.411039	8.683328	-0.022070	4.807088
100.434210	8722.510084	8.688333	-0.022055	4.808475
100.535434	8727.553692	8.693338	-0.022080	4.809853
100.539666	8732.597172	8.698343	-0.022081	4.811226
100.699759	8737.563397	8.703347	-0.022120	4.812584
100.739548	8742.331869	8.708352	-0.022130	4.813884
100.532202	8747.284607	8.713357	-0.022081	4.815224
100.623851	8752.397537	8.718362	-0.022103	4.816618
100.766878	8757.522187	8.723367	-0.022137	4.818017
100.845366	8762.896059	8.728371	-0.022156	4.819481
100.870274	8767.982481	8.733376	-0.022163	4.820864
100.982570	8772.964250	8.738381	-0.022190	4.822222
100.949349	8777.835044	8.743386	-0.022182	4.823544
100.966510	8782.676175	8.748391	-0.022187	4.824859
101.018210	8787.748572	8.753395	-0.022199	4.826238
100.926519	8792.826910	8.758400	-0.022178	4.827613
101.057803	8797.871878	8.763405	-0.022210	4.828987
100.903344	8802.974233	8.768410	-0.022173	4.830365
100.987752	8808.022696	8.773415	-0.022193	4.831737
101.097418	8813.001255	8.778419	-0.022220	4.833091
101.171818	8817.726780	8.783424	-0.022238	4.834374
101.131546	8822.783632	8.788429	-0.022229	4.835743
101.118015	8827.893635	8.793434	-0.022226	4.837127
101.182002	8833.340597	8.798439	-0.022242	4.838604
101.206507	8838.547712	8.803443	-0.022248	4.840015
101.287915	8843.601039	8.808448	-0.022268	4.841385
101.283127	8848.662758	8.813453	-0.022267	4.842754
101.458551	8853.273501	8.818458	-0.022309	4.844008
101.392178	8858.289641	8.823463	-0.022293	4.845362
101.371296	8863.395796	8.828467	-0.022289	4.846742
101.483814	8868.487903	8.833472	-0.022316	4.848122
101.550780	8873.520539	8.838477	-0.022332	4.849484
101.605787	8878.545799	8.843482	-0.022346	4.850843
101.646429	8883.633370	8.848487	-0.022356	4.852219
101.653432	8888.412256	8.853491	-0.022358	4.853509
101.578274	8893.376872	8.858496	-0.022340	4.854846
101.653929	8898.370272	8.863501	-0.022359	4.856196
101.602551	8903.537042	8.868506	-0.022347	4.857588
101.835049	8908.953709	8.873511	-0.022403	4.859057
101.919901	8913.951458	8.878515	-0.022423	4.860407
101.954049	8919.065072	8.883520	-0.022432	4.861786
101.894060	8923.943399	8.888525	-0.022418	4.863098
101.917897	8928.722709	8.893530	-0.022424	4.864387
101.867161	8933.825040	8.898535	-0.022412	4.865759
101.825762	8938.864931	8.903539	-0.022402	4.867114
101.959246	8944.022451	8.908544	-0.022435	4.868507
101.980823	8946.511990	8.913549	-0.022440	4.869177
101.988322	8946.580646	8.918554	-0.022442	4.869196
102.071802	8946.531403	8.923559	-0.022462	4.869186
101.837284	8946.545988	8.928563	-0.022406	4.869181
102.039880	8946.508944	8.933568	-0.022454	4.869178
102.055079	8946.568466	8.938573	-0.022458	4.869195
102.195347	8946.479270	8.943578	-0.022491	4.869176
102.192529	8946.504027	8.948583	-0.022490	4.869183
102.139350	8946.492465	8.953587	-0.022478	4.869178
102.123018	8946.493469	8.958592	-0.022474	4.869177
102.012261	8946.534728	8.963597	-0.022447	4.869184
102.252328	8946.506686	8.968602	-0.022505	4.869185
102.242572	8946.510306	8.973607	-0.022502	4.869186
102.199798	8946.517104	8.978611	-0.022492	4.869186
102.095827	8946.542386	8.983616	-0.022467	4.869189
102.136633	8946.528920	8.988621	-0.022477	4.869187
102.131497	8946.495961	8.993626	-0.022476	4.869178
102.196770	8946.532659	8.998631	-0.022491	4.869190
102.229690	8946.531833	9.003635	-0.022499	4.869191
102.106698	8946.535246	9.008640	-0.022470	4.869188
102.203271	8946.485443	9.013645	-0.022493	4.869178
102.343235	8946.490280	9.018650	-0.022526	4.869184
102.293144	8946.482954	9.023655	-0.022514	4.869180
102.160262	8946.520157	9.028659	-0.022482	4.869186
102.189547	8946.498921	9.033664	-0.022489	4.869181
102.255956	8946.487893	9.038669	-0.022505	4.869180
102.286072	8946.486275	9.043674	-0.022512	4.869181
102.411685	8946.472111	9.048679	-0.022542	4.869182
102.250828	8946.488621	9.053683	-0.022504	4.869180
102.251879	8946.500105	9.058688	-0.022504	4.869183
102.282092	8946.513559	9.063693	-0.022511	4.869188
102.322130	8946.474665	9.068698	-0.022521	4.869179
102.375182	8946.495563	9.073703	-0.022533	4.869187
102.362841	8946.483277	9.078707	-0.022530	4.869183
102.180290	8946.486392	9.083712	-0.022487	4.869177
102.314388	8946.502443	9.088717	-0.022519	4.869186
102.155321	8946.466500	9.093722	-0.022481	4.869171
102.200824	8946.498833	9.098727	-0.022491	4.869181
102.348652	8946.428371	9.103731	-0.022527	4.869168
102.191174	8946.468806	9.108736	-0.022489	4.869173
102.311465	8946.486671	9.113741	-0.022518	4.869182
102.230515	8946.455550	9.118746	-0.022498	4.869171
102.198003	8946.483048	9.123751	-0.022491	4.869177
102.354366	8946.446276	9.128755	-0.022528	4.869173
102.340403	8946.503828	9.133760	-0.022525	4.869188
102.311924	8946.483219	9.138765	-0.022518	4.869181
102.311776	8946.476294	9.143770	-0.022518	4.869179
102.355593	8946.519293	9.148775	-0.022528	4.869192
102.359426	8946.467749	9.153779	-0.022529	4.869178
102.310287	8946.483506	9.158784	-0.022517	4.869181
102.346300	8946.468349	9.163789	-0.022526	4.869178
102.339115	8946.434499	9.168794	-0.022524	4.869169
102.512608	8946.470903	9.173799	-0.022566	4.869185
102.355496	8946.479959	9.178803	-0.022528	4.869182
102.363164	8946.459243	9.183808	-0.022530	4.869176
102.432367	8946.513991	9.188813	-0.022546	4.869193
102.387444	8946.444484	9.193818	-0.022535	4.869173
102.383541	8946.484469	9.198823	-0.022535	4.869184
102.395001	8946.466735	9.203827	-0.022537	4.869179
102.610303	8946.393210	9.208832	-0.022589	4.869167
102.457166	8946.477170	9.213837	-0.022552	4.869184
102.315697	8946.447038	9.218842	-0.022518	4.869171
102.354962	8946.472068	9.223847	-0.022528	4.869179
102.417825	8946.453383	9.228851	-0.022543	4.869177
102.390191	8946.466314	9.233856	-0.022536	4.869179
102.520967	8946.507171	9.238861	-0.022567	4.869195
102.566928	8946.408318	9.243866	-0.022578	4.869170
102.565216	8946.451496	9.248871	-0.022578	4.869181
102.558233	8946.457073	9.253875	-0.022576	4.869183
102.513822	8946.447840	9.258880	-0.022565	4.869178
102.414753	8946.482922	9.263885	-0.022542	4.869184
102.482683	8946.433401	9.268890	-0.022558	4.869174
102.429311	8946.452035	9.273895	-0.022545	4.869177
102.456807	8946.446119	9.278899	-0.022552	4.869176
102.571719	8946.413634	9.283904	-0.022579	4.869171
102.471726	8946.434912	9.288909	-0.022555	4.869174
102.431358	8946.443715	9.293914	-0.022545	4.869174
102.467982	8946.464450	9.298919	-0.022554	4.869181
102.386337	8946.474034	9.303923	-0.022534	4.869181
102.548090	8946.453961	9.308928	-0.022573	4.869181
102.511272	8946.456495	9.313933	-0.022564	4.869181
102.475906	8946.447235	9.318938	-0.022556	4.869177
102.540290	8946.488692	9.323943	-0.022571	4.869190
102.552679	8946.502167	9.328947	-0.022574	4.869194
102.369735	8946.490248	9.333952	-0.022530	4.869185
102.541757	8946.463023	9.338957	-0.022571	4.869183
102.361694	8946.466972	9.343962	-0.022528	4.869178
102.449464	8946.494912	9.348967	-0.022549	4.869189
102.547919	8946.492439	9.353971	-0.022573	4.869192
102.287024	8946.467553	9.358976	-0.022510	4.869176
102.463276	8946.512878	9.363981	-0.022553	4.869194
102.338010	8946.484098	9.368986	-0.022523	4.869182
102.397328	8946.489087	9.373991	-0.022537	4.869185
102.497200	8946.487587	9.378995	-0.022561	4.869188
102.392579	8946.503671	9.384000	-0.022535	4.869189
102.390850	8946.536408	9.389005	-0.022535	4.869198
102.560009	8946.435294	9.394010	-0.022575	4.869177
102.507812	8946.479302	9.399015	-0.022563	4.869187
102.445955	8946.502533	9.404019	-0.022548	4.869191
102.458608	8946.452151	9.409024	-0.022551	4.869178
102.537775	8946.470778	9.414029	-0.022570	4.869185
102.531266	8946.427555	9.419034	-0.022568	4.869174
102.469430	8946.482114	9.424039	-0.022554	4.869186
102.479497	8946.483130	9.429043	-0.022556	4.869187
102.487717	8946.458860	9.434048	-0.022558	4.869180
102.479954	8946.481945	9.439053	-0.022556	4.869186
102.577202	8946.457583	9.444058	-0.022579	4.869183
102.535264	8946.467752	9.449063	-0.022569	4.869184
102.446883	8946.530440	9.454067	-0.022548	4.869198
102.514306	8946.435729	9.459072	-0.022564	4.869175
102.496066	8946.508929	9.464077	-0.022560	4.869194
102.672789	8946.449756	9.469082	-0.022602	4.869184
102.484393	8946.491931	9.474087	-0.022557	4.869189
102.590279	8946.465273	9.479091	-0.022582	4.869186
102.543096	8946.484255	9.484096	-0.022571	4.869189
102.497394	8946.464748	9.489101	-0.022560	4.869182
102.605766	8946.442405	9.494106	-0.022586	4.869180
102.641714	8946.441181	9.499111	-0.022594	4.869181
102.526254	8946.524833	9.504115	-0.022567	4.869199
102.350263	8946.484150	9.509120	-0.022525	4.869182
102.589229	8946.452772	9.514125	-0.022582	4.869182
102.516426	8946.456553	9.519130	-0.022564	4.869181
102.596610	8946.447197	9.524135	-0.022583	4.869181
102.527980	8946.444627	9.529139	-0.022567	4.869178
102.508279	8946.458837	9.534144	-0.022562	4.869181
102.640765	8946.477422	9.539149	-0.022594	4.869191
102.670882	8946.439831	9.544154	-0.022601	4.869182
102.470091	8946.468550	9.549159	-0.022553	4.869182
102.508114	8946.483300	9.554163	-0.022562	4.869188
102.568163	8946.429012	9.559168	-0.022576	4.869175
102.552022	8946.472925	9.564173	-0.022572	4.869186
102.612000	8946.453459	9.569178	-0.022587	4.869183
102.492115	8946.500559	9.574183	-0.022558	4.869192
102.476830	8946.479376	9.579187	-0.022554	4.869185
102.498992	8946.443991	9.584192	-0.022560	4.869177
102.470284	8946.504641	9.589197	-0.022553	4.869192
102.592915	8946.469981	9.594202	-0.022582	4.869187
102.560219	8946.499824	9.599207	-0.022574	4.869194
102.541152	8946.476817	9.604211	-0.022570	4.869187
102.617565	8946.426182	9.609216	-0.022588	4.869176
102.563778	8946.468078	9.614221	-0.022575	4.869185
102.589817	8946.426382	9.619226	-0.022581	4.869175
102.618980	8946.441135	9.624231	-0.022588	4.869180
102.599149	8946.446079	9.629235	-0.022583	4.869181
102.521770	8946.443499	9.634240	-0.022565	4.869177
102.544280	8946.471890	9.639245	-0.022570	4.869186
102.608638	8946.432122	9.644250	-0.022585	4.869177
102.511134	8946.415939	9.649255	-0.022562	4.869169
102.535787	8946.474220	9.654259	-0.022568	4.869186
102.524801	8946.429265	9.659264	-0.022565	4.869174
102.591143	8946.437973	9.664269	-0.022581	4.869178
102.544905	8946.437103	9.669274	-0.022570	4.869176
102.550772	8946.437511	9.674279	-0.022571	4.869177
102.525081	8946.465273	9.679283	-0.022565	4.869183
102.614196	8946.464026	9.684288	-0.022587	4.869186
102.590490	8946.505453	9.689293	-0.022581	4.869196
102.633171	8946.459248	9.694298	-0.022591	4.869185
102.721092	8946.460480	9.699303	-0.022612	4.869189
102.517798	8946.504613	9.704307	-0.022563	4.869193
102.594380	8946.438869	9.709312	-0.022582	4.869178
102.452413	8946.505116	9.714317	-0.022548	4.869191
102.669158	8946.447648	9.719322	-0.022599	4.869183
102.662059	8946.466004	9.724327	-0.022598	4.869188
102.642231	8946.462825	9.729331	-0.022593	4.869187
102.561765	8946.487340	9.734336	-0.022574	4.869190
102.614428	8946.509449	9.739341	-0.022586	4.869198
102.613530	8946.459687	9.744346	-0.022586	4.869185
102.674271	8946.442442	9.749351	-0.022600	4.869182
102.622349	8946.486414	9.754355	-0.022588	4.869192
102.609683	8946.439359	9.759360	-0.022585	4.869179
102.665737	8946.443617	9.764365	-0.022598	4.869182
102.554499	8946.493062	9.769370	-0.022572	4.869192
102.527979	8946.465232	9.774375	-0.022565	4.869183
102.619093	8946.496215	9.779379	-0.022587	4.869195
102.494104	8946.459275	9.784384	-0.022557	4.869180
102.603360	8946.485553	9.789389	-0.022583	4.869191
102.418304	8946.473911	9.794394	-0.022539	4.869182
102.615112	8946.423704	9.799399	-0.022586	4.869175
102.456976	8946.449139	9.804403	-0.022548	4.869176
102.731195	8946.407328	9.809408	-0.022614	4.869175
102.681473	8946.427803	9.814413	-0.022602	4.869178
102.600690	8946.421029	9.819418	-0.022582	4.869174
102.621862	8946.454238	9.824423	-0.022587	4.869183
102.744549	8946.438137	9.829427	-0.022617	4.869183
102.663795	8946.433679	9.834432	-0.022597	4.869179
102.732771	8946.467570	9.839437	-0.022614	4.869191
102.642256	8946.438865	9.844442	-0.022592	4.869180
102.617238	8946.467699	9.849447	-0.022586	4.869187
102.560426	8946.498390	9.854451	-0.022573	4.869193
102.691551	8946.431282	9.859456	-0.022604	4.869180
102.719991	8946.441489	9.864461	-0.022611	4.869183
102.748457	8946.397152	9.869466	-0.022617	4.869173
102.489387	8946.506634	9.874471	-0.022555	4.869193
102.453779	8946.454470	9.879475	-0.022547	4.869178
102.665072	8946.453417	9.884480	-0.022597	4.869185
102.821531	8946.470013	9.889485	-0.022635	4.869195
102.819894	8946.435434	9.894490	-0.022634	4.869185
102.729613	8946.440350	9.899495	-0.022613	4.869183
102.615941	8946.479671	9.904499	-0.022585	4.869190
102.720355	8946.464811	9.909504	-0.022610	4.869190
102.698175	8946.483989	9.914509	-0.022605	4.869194
102.730185	8946.490245	9.919514	-0.022613	4.869197
102.622062	8946.488222	9.924519	-0.022587	4.869193
102.644377	8946.450495	9.929523	-0.022592	4.869183
102.658570	8946.434724	9.934528	-0.022595	4.869179
102.731678	8946.493602	9.939533	-0.022613	4.869198
102.573592	8946.485378	9.944538	-0.022575	4.869190
102.578820	8946.474266	9.949543	-0.022576	4.869187
102.590707	8946.564395	9.954547	-0.022579	4.869212
102.612846	8946.469831	9.959552	-0.022584	4.869187
102.596404	8946.462726	9.964557	-0.022580	4.869185
102.677723	8946.376633	9.969562	-0.022600	4.869164
102.646938	8946.460764	9.974567	-0.022592	4.869186
102.698065	8946.440140	9.979571	-0.022605	4.869182
102.579621	8946.409303	9.984576	-0.022576	4.869170
102.618934	8946.443610	9.989581	-0.022586	4.869180
102.675584	8946.431543	9.994586	-0.022599	4.869179
102.721059	8946.456918	9.999591	-0.022610	4.869188
102.627094	8946.472762	10.004595	-0.022588	4.869188
102.683466	8946.438684	10.009600	-0.022601	4.869181
102.652578	8946.491498	10.014605	-0.022594	4.869194
102.663678	8946.485416	10.019610	-0.022596	4.869193
102.710576	8946.453743	10.024615	-0.022607	4.869186
102.634827	8946.522894	10.029619	-0.022589	4.869202
102.624316	8946.495283	10.034624	-0.022587	4.869194
102.599190	8946.477714	10.039629	-0.022581	4.869189
102.631021	8946.468908	10.044634	-0.022588	4.869188
102.626498	8946.466039	10.049639	-0.022587	4.869187
102.552124	8946.474668	10.054643	-0.022569	4.869186
102.675751	8946.452642	10.059648	-0.022599	4.869185
102.606624	8946.473346	10.064653	-0.022582	4.869188
102.537493	8946.472002	10.069658	-0.022566	4.869185
102.555295	8946.458077	10.074663	-0.022570	4.869182
102.683402	8946.456350	10.079667	-0.022600	4.869186
102.641670	8946.422396	10.084672	-0.022590	4.869175
102.643662	8946.494098	10.089677	-0.022591	4.869195
102.571073	8946.430547	10.094682	-0.022574	4.869175
102.704764	8946.443171	10.099687	-0.022605	4.869183
102.651498	8946.480358	10.104691	-0.022593	4.869191
102.564873	8946.434896	10.109696	-0.022572	4.869176
102.620314	8946.446197	10.114701	-0.022585	4.869181
102.687834	8946.503488	10.119706	-0.022601	4.869199
102.596047	8946.465667	10.124711	-0.022579	4.869185
102.689354	8946.460389	10.129715	-0.022602	4.869187
102.690228	8946.447527	10.134720	-0.022602	4.869184
102.710131	8946.463497	10.139725	-0.022606	4.869189
102.689535	8946.439531	10.144730	-0.022602	4.869182
102.530186	8946.459324	10.149735	-0.022563	4.869181
102.495310	8946.549795	10.154739	-0.022555	4.869204
102.623350	8946.468007	10.159744	-0.022586	4.869187
102.718611	8946.438104	10.164749	-0.022608	4.869182
102.757615	8946.415591	10.169754	-0.022618	4.869178
102.711194	8946.443756	10.174759	-0.022607	4.869183
102.711979	8946.458756	10.179763	-0.022607	4.869188
102.654114	8946.462895	10.184768	-0.022593	4.869187
102.758619	8946.450343	10.189773	-0.022618	4.869187
102.636754	8946.436201	10.194778	-0.022589	4.869179
102.822801	8946.432664	10.199783	-0.022633	4.869184
102.750508	8946.471190	10.204787	-0.022616	4.869192
102.642427	8946.432028	10.209792	-0.022590	4.869178
102.765604	8946.413542	10.214797	-0.022619	4.869177
102.739282	8946.436745	10.219802	-0.022613	4.869183
102.628170	8946.440918	10.224807	-0.022586	4.869180
102.649259	8946.479940	10.229811	-0.022591	4.869191
102.681264	8946.437459	10.234816	-0.022599	4.869181
102.734927	8946.459437	10.239821	-0.022612	4.869188
102.667023	8946.448649	10.244826	-0.022595	4.869183
102.610799	8946.456054	10.249831	-0.022582	4.869183
102.825998	8946.486981	10.254835	-0.022633	4.869199
102.687334	8946.388014	10.259840	-0.022600	4.869168
102.847734	8946.355354	10.264845	-0.022639	4.869164
102.790630	8946.440622	10.269850	-0.022625	4.869185
102.731561	8946.415909	10.274855	-0.022611	4.869177
102.826577	8946.423171	10.279859	-0.022633	4.869182
102.758570	8946.415878	10.284864	-0.022617	4.869178
102.753795	8946.439731	10.289869	-0.022616	4.869184
102.567841	8946.466501	10.294874	-0.022571	4.869184
102.733657	8946.426167	10.299879	-0.022611	4.869179
102.684954	8946.449990	10.304883	-0.022599	4.869184
102.665059	8946.430574	10.309888	-0.022595	4.869178
102.738098	8946.447685	10.314893	-0.022612	4.869185
102.651254	8946.485802	10.319898	-0.022591	4.869193
102.751849	8946.421546	10.324903	-0.022615	4.869179
102.828661	8946.435841	10.329907	-0.022634	4.869185
102.744274	8946.409812	10.334912	-0.022613	4.869175
102.794260	8946.418349	10.339917	-0.022625	4.869179
102.774690	8946.438344	10.344922	-0.022621	4.869184
102.748639	8946.445266	10.349927	-0.022614	4.869185
102.776267	8946.442814	10.354931	-0.022621	4.869185
102.631036	8946.412015	10.359936	-0.022586	4.869172
102.749823	8946.444003	10.364941	-0.022615	4.869185
102.611866	8946.469108	10.369946	-0.022581	4.869187
102.675241	8946.408581	10.374951	-0.022597	4.869173
102.629608	8946.465653	10.379955	-0.022586	4.869186
102.585918	8946.431957	10.384960	-0.022575	4.869176
102.669383	8946.463944	10.389965	-0.022595	4.869187
102.679555	8946.424332	10.394970	-0.022598	4.869177
102.701951	8946.458541	10.399975	-0.022603	4.869187
102.810222	8946.433891	10.404979	-0.022629	4.869184
102.756234	8946.399226	10.409984	-0.022616	4.869173
102.705627	8946.447668	10.414989	-0.022604	4.869184
102.910619	8946.410311	10.419994	-0.022653	4.869181
102.781028	8946.419231	10.424999	-0.022622	4.869179
102.778669	8946.477580	10.430003	-0.022621	4.869195
102.790630	8946.423808	10.435008	-0.022624	4.869181
102.823190	8946.431152	10.440013	-0.022632	4.869184
102.668584	8946.448001	10.445018	-0.022595	4.869183
102.760229	8946.442941	10.450023	-0.022616	4.869185
102.714854	8946.484893	10.455027	-0.022606	4.869194
102.751928	8946.434784	10.460032	-0.022614	4.869182
102.636177	8946.470897	10.465037	-0.022587	4.869188
102.814159	8946.427804	10.470042	-0.022629	4.869183
102.677350	8946.433031	10.475047	-0.022596	4.869179
102.788827	8946.464820	10.480051	-0.022623	4.869192
102.842702	8946.393937	10.485056	-0.022636	4.869174
102.792098	8946.462106	10.490061	-0.022624	4.869191
102.807174	8946.424170	10.495066	-0.022627	4.869181
102.668336	8946.464476	10.500071	-0.022594	4.869187
102.729270	8946.484339	10.505075	-0.022609	4.869195
102.744543	8946.435933	10.510080	-0.022612	4.869182
102.763727	8946.436912	10.515085	-0.022617	4.869183
102.839183	8946.418894	10.520090	-0.022635	4.869181
102.783210	8946.439030	10.525095	-0.022621	4.869184
102.828768	8946.423779	10.530099	-0.022632	4.869182
102.681627	8946.437326	10.535104	-0.022597	4.869180
102.773773	8946.461211	10.540109	-0.022619	4.869190
102.761444	8946.441961	10.545114	-0.022616	4.869184
102.692049	8946.405840	10.550119	-0.022599	4.869172
102.752546	8946.489583	10.555123	-0.022614	4.869197
102.813099	8946.418983	10.560128	-0.022628	4.869180
102.772722	8946.424305	10.565133	-0.022619	4.869180
102.775297	8946.454156	10.570138	-0.022619	4.869188
102.715531	8946.472470	10.575143	-0.022605	4.869191
102.762330	8946.466339	10.580147	-0.022616	4.869191
102.527800	8946.454234	10.585152	-0.022560	4.869179
102.809385	8946.438145	10.590157	-0.022627	4.869185
102.779899	8946.438555	10.595162	-0.022620	4.869184
102.750749	8946.441243	10.600167	-0.022613	4.869184
102.828383	8946.471676	10.605171	-0.022632	4.869195
102.801607	8946.448522	10.610176	-0.022625	4.869188
102.766441	8946.449679	10.615181	-0.022617	4.869187
102.805364	8946.457348	10.620186	-0.022626	4.869190
102.812839	8946.469148	10.625191	-0.022628	4.869193
102.832353	8946.456158	10.630195	-0.022633	4.869191
102.827390	8946.426657	10.635200	-0.022631	4.869183
102.744028	8946.480563	10.640205	-0.022611	4.869194
102.790462	8946.432705	10.645210	-0.022622	4.869183
102.771010	8946.434118	10.650215	-0.022618	4.869183
102.750185	8946.457760	10.655219	-0.022613	4.869188
102.820390	8946.405619	10.660224	-0.022629	4.869177
102.823558	8946.392456	10.665229	-0.022630	4.869173
102.787292	8946.494714	10.670234	-0.022621	4.869199
102.784461	8946.392987	10.675239	-0.022621	4.869172
102.911384	8946.429709	10.680243	-0.022651	4.869186
102.916237	8946.375710	10.685248	-0.022652	4.869172
102.847969	8946.460124	10.690253	-0.022636	4.869192
102.872257	8946.404732	10.695258	-0.022642	4.869178
102.869515	8946.414393	10.700263	-0.022641	4.869181
102.766832	8946.465035	10.705267	-0.022616	4.869191
102.756800	8946.404869	10.710272	-0.022614	4.869174
102.825503	8946.460844	10.715277	-0.022630	4.869192
102.798093	8946.443576	10.720282	-0.022624	4.869186
102.802744	8946.419774	10.725287	-0.022625	4.869180
102.743547	8946.478628	10.730291	-0.022611	4.869193
102.756962	8946.437429	10.735296	-0.022614	4.869183
102.861415	8946.429526	10.740301	-0.022639	4.869184
102.755641	8946.450403	10.745306	-0.022613	4.869186
102.949365	8946.414526	10.750311	-0.022660	4.869183
102.834161	8946.461011	10.755315	-0.022632	4.869192
102.933550	8946.402714	10.760320	-0.022656	4.869180
102.801601	8946.423549	10.765325	-0.022624	4.869181
103.015066	8946.422212	10.770330	-0.022675	4.869188
102.740236	8946.414241	10.775335	-0.022610	4.869176
102.827035	8946.452753	10.780339	-0.022630	4.869189
102.690189	8946.478873	10.785344	-0.022598	4.869192
102.857882	8946.438293	10.790349	-0.022638	4.869187
102.827169	8946.451629	10.795354	-0.022630	4.869189
102.759628	8946.419905	10.800359	-0.022614	4.869178
102.692209	8946.492604	10.805363	-0.022598	4.869195
102.791815	8946.460969	10.810368	-0.022622	4.869190
102.822656	8946.489427	10.815373	-0.022629	4.869199
102.889912	8946.407502	10.820378	-0.022645	4.869179
102.936802	8946.438493	10.825383	-0.022656	4.869189
102.958621	8946.491345	10.830387	-0.022661	4.869204
102.844627	8946.481970	10.835392	-0.022634	4.869198
102.789566	8946.488062	10.840397	-0.022621	4.869198
102.802159	8946.501511	10.845402	-0.022624	4.869202
102.766168	8946.466803	10.850407	-0.022615	4.869191
102.809444	8946.444889	10.855411	-0.022626	4.869187
102.873828	8946.417882	10.860416	-0.022641	4.869182
102.749101	8946.463297	10.865421	-0.022611	4.869189
102.748430	8946.434392	10.870426	-0.022611	4.869182
102.880790	8946.432106	10.875431	-0.022643	4.869186
102.924051	8946.457772	10.880435	-0.022653	4.869194
102.761426	8946.424616	10.885440	-0.022614	4.869179
102.808618	8946.431198	10.890445	-0.022625	4.869183
102.802218	8946.465709	10.895450	-0.022624	4.869192
102.786830	8946.450342	10.900455	-0.022620	4.869187
102.868150	8946.461725	10.905459	-0.022639	4.869193
102.903680	8946.425743	10.910464	-0.022648	4.869185
102.883729	8946.424901	10.915469	-0.022643	4.869184
102.802335	8946.479708	10.920474	-0.022623	4.869196
102.915750	8946.441618	10.925479	-0.022651	4.869189
102.840483	8946.468930	10.930483	-0.022633	4.869194
103.000186	8946.410833	10.935488	-0.022671	4.869184
103.043510	8946.431849	10.940493	-0.022681	4.869191
102.963514	8946.416847	10.945498	-0.022662	4.869184
102.848559	8946.415722	10.950503	-0.022634	4.869180
102.851420	8946.443214	10.955507	-0.022635	4.869188
102.914744	8946.418667	10.960512	-0.022650	4.869183
102.830445	8946.436722	10.965517	-0.022630	4.869185
102.818829	8946.487004	10.970522	-0.022627	4.869198
102.766795	8946.432356	10.975527	-0.022615	4.869182
102.823920	8946.436473	10.980531	-0.022628	4.869185
102.851916	8946.430492	10.985536	-0.022635	4.869184
102.954162	8946.436804	10.990541	-0.022659	4.869189
102.890585	8946.482308	10.995546	-0.022644	4.869199
102.823492	8946.418034	11.000551	-0.022628	4.869180
102.963742	8946.456487	11.005555	-0.022662	4.869195
102.893414	8946.472707	11.010560	-0.022645	4.869197
102.881159	8946.480137	11.015565	-0.022642	4.869198
102.793439	8946.445262	11.020570	-0.022621	4.869186
102.756417	8946.451305	11.025575	-0.022612	4.869186
102.999854	8946.401934	11.030579	-0.022670	4.869182
102.871158	8946.353876	11.035584	-0.022639	4.869164
102.829006	8946.393084	11.040589	-0.022629	4.869173
102.677767	8946.506966	11.045594	-0.022593	4.869198
102.939273	8946.425050	11.050599	-0.022655	4.869186
102.823802	8946.477372	11.055603	-0.022628	4.869196
102.787933	8946.548247	11.060608	-0.022619	4.869213
102.753485	8946.468079	11.065613	-0.022611	4.869191
102.864473	8946.497612	11.070618	-0.022637	4.869203
102.675088	8946.473773	11.075623	-0.022592	4.869189
102.848692	8946.477673	11.080627	-0.022634	4.869197
102.850509	8946.449602	11.085632	-0.022634	4.869189
102.830973	8946.491641	11.090637	-0.022629	4.869200
102.859670	8946.494851	11.095642	-0.022636	4.869202
102.807988	8946.487734	11.100647	-0.022624	4.869198
102.721581	8946.564087	11.105651	-0.022603	4.869215
102.913515	8946.444895	11.110656	-0.022649	4.869190
102.889636	8946.453852	11.115661	-0.022643	4.869192
102.893243	8946.507936	11.120666	-0.022644	4.869206
102.867277	8946.470751	11.125671	-0.022638	4.869195
102.820263	8946.502475	11.130675	-0.022626	4.869202
102.917895	8946.459495	11.135680	-0.022650	4.869194
103.006558	8946.432779	11.140685	-0.022671	4.869190
102.713249	8946.467850	11.145690	-0.022601	4.869189
102.786916	8946.465152	11.150695	-0.022618	4.869191
102.821899	8946.517435	11.155699	-0.022627	4.869206
102.915343	8946.429749	11.160704	-0.022649	4.869186
102.900512	8946.458405	11.165709	-0.022645	4.869193
102.975584	8946.462485	11.170714	-0.022663	4.869197
102.679905	8946.444488	11.175719	-0.022593	4.869182
102.792930	8946.480715	11.180723	-0.022620	4.869195
102.989216	8946.435219	11.185728	-0.022666	4.869190
102.884251	8946.476877	11.190733	-0.022641	4.869198
102.763524	8946.514804	11.195738	-0.022612	4.869203
102.870542	8946.452024	11.200743	-0.022638	4.869190
102.903538	8946.468595	11.205747	-0.022646	4.869196
102.826102	8946.448615	11.210752	-0.022627	4.869188
102.735226	8946.502347	11.215757	-0.022605	4.869199
102.859479	8946.467474	11.220762	-0.022635	4.869194
102.870576	8946.434703	11.225767	-0.022638	4.869186
102.793681	8946.484277	11.230771	-0.022619	4.869196
102.871283	8946.448571	11.235776	-0.022638	4.869189
102.770731	8946.466441	11.240781	-0.022614	4.869191
102.801107	8946.479874	11.245786	-0.022621	4.869195
102.833639	8946.446608	11.250791	-0.022629	4.869188
102.887701	8946.498705	11.255795	-0.022642	4.869203
102.838309	8946.506372	11.260800	-0.022630	4.869204
102.862219	8946.454511	11.265805	-0.022636	4.869191
102.905451	8946.477860	11.270810	-0.022646	4.869198
102.979593	8946.418239	11.275815	-0.022664	4.869185
102.896814	8946.468586	11.280819	-0.022644	4.869196
102.806009	8946.488657	11.285824	-0.022622	4.869198
102.826136	8946.439614	11.290829	-0.022627	4.869185
102.892939	8946.440138	11.295834	-0.022643	4.869188
102.903550	8946.432960	11.300839	-0.022645	4.869186
102.896870	8946.447781	11.305843	-0.022644	4.869190
102.758234	8946.495023	11.310848	-0.022610	4.869198
102.751935	8946.464537	11.315853	-0.022609	4.869189
102.703520	8946.512691	11.320858	-0.022597	4.869201
102.659031	8946.457052	11.325863	-0.022587	4.869184
102.722253	8946.467330	11.330867	-0.022602	4.869189
102.860888	8946.483947	11.335872	-0.022635	4.869198
102.746543	8946.452570	11.340877	-0.022607	4.869186
102.758927	8946.485774	11.345882	-0.022610	4.869195
102.891865	8946.491535	11.350887	-0.022642	4.869202
102.910130	8946.426491	11.355891	-0.022646	4.869185
102.970130	8946.434872	11.360896	-0.022661	4.869189
102.913705	8946.431859	11.365901	-0.022647	4.869186
102.856082	8946.481223	11.370906	-0.022633	4.869198
102.928733	8946.431081	11.375911	-0.022651	4.869187
102.965651	8946.495874	11.380915	-0.022660	4.869205
102.959879	8946.510576	11.385920	-0.022658	4.869209
102.932822	8946.436400	11.390925	-0.022652	4.869188
102.801509	8946.475717	11.395930	-0.022620	4.869194
102.917253	8946.455887	11.400935	-0.022648	4.869193
102.857345	8946.510193	11.405939	-0.022633	4.869205
102.963584	8946.460280	11.410944	-0.022659	4.869196
102.828862	8946.475677	11.415949	-0.022627	4.869195
102.882670	8946.492994	11.420954	-0.022639	4.869202
102.870223	8946.425022	11.425959	-0.022636	4.869183
102.868436	8946.482136	11.430963	-0.022636	4.869198
102.874402	8946.457001	11.435968	-0.022637	4.869192
102.902181	8946.461492	11.440973	-0.022644	4.869194
103.024777	8946.474414	11.445978	-0.022673	4.869202
102.890593	8946.431719	11.450983	-0.022641	4.869185
103.090423	8946.471628	11.455987	-0.022689	4.869203
102.829928	8946.471056	11.460992	-0.022627	4.869194
103.069398	8946.392036	11.465997	-0.022684	4.869181
102.950094	8946.443701	11.471002	-0.022655	4.869191
102.875487	8946.445397	11.476007	-0.022637	4.869188
102.767485	8946.446840	11.481011	-0.022611	4.869185
102.910780	8946.465165	11.486016	-0.022646	4.869195
103.008547	8946.410564	11.491021	-0.022669	4.869184
102.914640	8946.504149	11.496026	-0.022647	4.869206
102.932040	8946.436897	11.501031	-0.022651	4.869188
102.988495	8946.430658	11.506035	-0.022664	4.869188
102.785161	8946.472475	11.511040	-0.022616	4.869193
102.856802	8946.459600	11.516045	-0.022633	4.869192
102.906714	8946.512242	11.521050	-0.022645	4.869208
102.961093	8946.458699	11.526055	-0.022657	4.869195
102.876180	8946.484958	11.531059	-0.022637	4.869199
102.914680	8946.440463	11.536064	-0.022646	4.869188
102.988708	8946.456285	11.541069	-0.022664	4.869195
102.906041	8946.475286	11.546074	-0.022644	4.869198
102.952347	8946.446012	11.551079	-0.022655	4.869191
102.923651	8946.431233	11.556083	-0.022648	4.869186
102.850534	8946.464066	11.561088	-0.022631	4.869193
102.891114	8946.454111	11.566093	-0.022640	4.869191
102.928230	8946.434167	11.571098	-0.022649	4.869187
102.944873	8946.441282	11.576103	-0.022653	4.869190
103.058070	8946.414824	11.581107	-0.022680	4.869187
102.916461	8946.443890	11.586112	-0.022646	4.869189
102.886924	8946.480280	11.591117	-0.022639	4.869198
103.013149	8946.463715	11.596122	-0.022669	4.869198
102.857554	8946.414549	11.601127	-0.022632	4.869179
102.961564	8946.455442	11.606131	-0.022657	4.869194
103.021775	8946.437106	11.611136	-0.022671	4.869191
102.828682	8946.469455	11.616141	-0.022625	4.869193
102.897785	8946.451111	11.621146	-0.022642	4.869191
102.865375	8946.443782	11.626151	-0.022634	4.869188
102.884214	8946.437844	11.631155	-0.022638	4.869187
102.782063	8946.515105	11.636160	-0.022614	4.869204
103.006499	8946.416012	11.641165	-0.022668	4.869185
102.831360	8946.457606	11.646170	-0.022626	4.869190
102.986561	8946.385015	11.651175	-0.022663	4.869176
102.853453	8946.460542	11.656179	-0.022631	4.869192
102.834375	8946.471189	11.661184	-0.022626	4.869194
102.961084	8946.440635	11.666189	-0.022657	4.869190
102.989865	8946.469364	11.671194	-0.022663	4.869199
102.940015	8946.405145	11.676199	-0.022651	4.869180
102.870235	8946.428255	11.681203	-0.022635	4.869183
102.895490	8946.482976	11.686208	-0.022641	4.869199
102.972207	8946.441584	11.691213	-0.022659	4.869191
102.902381	8946.482107	11.696218	-0.022642	4.869199
102.858638	8946.456540	11.701223	-0.022632	4.869191
102.980873	8946.484596	11.706227	-0.022661	4.869203
102.997416	8946.452269	11.711232	-0.022665	4.869194
102.929540	8946.448439	11.716237	-0.022649	4.869191
102.864159	8946.493020	11.721242	-0.022633	4.869201
102.781823	8946.459759	11.726247	-0.022613	4.869189
103.031904	8946.426922	11.731251	-0.022673	4.869189
102.904169	8946.472732	11.736256	-0.022642	4.869197
102.830371	8946.427906	11.741261	-0.022625	4.869182
102.907467	8946.446805	11.746266	-0.022643	4.869190
102.890621	8946.394496	11.751271	-0.022639	4.869175
102.917549	8946.448998	11.756275	-0.022646	4.869191
102.851362	8946.458872	11.761280	-0.022630	4.869191
102.895951	8946.410096	11.766285	-0.022640	4.869179
102.860411	8946.470483	11.771290	-0.022632	4.869194
102.896774	8946.445997	11.776295	-0.022640	4.869189
102.874944	8946.419872	11.781299	-0.022635	4.869181
103.000085	8946.416214	11.786304	-0.022665	4.869185
102.862350	8946.447092	11.791309	-0.022632	4.869188
103.022379	8946.495711	11.796314	-0.022670	4.869207
102.885559	8946.438276	11.801319	-0.022638	4.869187
102.869960	8946.443825	11.806323	-0.022634	4.869188
102.815892	8946.503165	11.811328	-0.022621	4.869202
102.859704	8946.427802	11.816333	-0.022631	4.869183
102.831129	8946.452462	11.821338	-0.022624	4.869188
103.013717	8946.418048	11.826343	-0.022668	4.869186
102.854641	8946.415756	11.831347	-0.022630	4.869179
102.839727	8946.449065	11.836352	-0.022626	4.869188
102.893734	8946.411816	11.841357	-0.022639	4.869180
102.882990	8946.449219	11.846362	-0.022637	4.869189
103.000624	8946.417537	11.851367	-0.022665	4.869185
102.968670	8946.454244	11.856371	-0.022657	4.869194
102.814946	8946.455891	11.861376	-0.022620	4.869189
102.834507	8946.454500	11.866381	-0.022625	4.869189
102.907975	8946.468074	11.871386	-0.022643	4.869195
103.038885	8946.436968	11.876391	-0.022674	4.869192
102.900139	8946.443610	11.881395	-0.022641	4.869188
102.872117	8946.493727	11.886400	-0.022634	4.869201
102.824141	8946.473358	11.891405	-0.022622	4.869194
102.767800	8946.463371	11.896410	-0.022609	4.869189
102.890548	8946.447263	11.901415	-0.022638	4.869189
102.873272	8946.469278	11.906419	-0.022634	4.869194
102.924630	8946.456746	11.911424	-0.022646	4.869193
102.878798	8946.429133	11.916429	-0.022635	4.869184
102.831921	8944.916382	11.921434	-0.022624	4.868775
102.871456	8939.825056	11.926439	-0.022633	4.867406
102.870670	8934.777569	11.931443	-0.022632	4.866048
102.819515	8929.784506	11.936448	-0.022620	4.864702
102.788947	8924.793601	11.941453	-0.022612	4.863356
102.889146	8920.000017	11.946458	-0.022636	4.862068
102.698885	8914.976168	11.951463	-0.022590	4.860708
102.649812	8909.942046	11.956467	-0.022578	4.859349
102.656800	8904.641428	11.961472	-0.022579	4.857920
102.595832	8899.391889	11.966477	-0.022564	4.856502
102.663100	8894.339775	11.971482	-0.022580	4.855142
102.672417	8889.333774	11.976487	-0.022581	4.853791
102.472393	8884.631089	11.981491	-0.022533	4.852514
102.651320	8879.604077	11.986496	-0.022576	4.851164
102.445626	8874.560336	11.991501	-0.022526	4.849794
102.366000	8869.507037	11.996506	-0.022507	4.848426
102.382292	8864.395016	12.001511	-0.022510	4.847045
102.491296	8859.276669	12.006515	-0.022536	4.845665
102.532135	8854.255455	12.011520	-0.022545	4.844309
102.435204	8849.543789	12.016525	-0.022522	4.843031
102.319226	8844.556716	12.021530	-0.022493	4.841678
102.409237	8839.460365	12.026535	-0.022515	4.840302
102.302665	8834.425296	12.031539	-0.022489	4.838935
102.326042	8828.843889	12.036544	-0.022494	4.837425
102.229758	8823.810479	12.041549	-0.022470	4.836058
102.218195	8818.688752	12.046554	-0.022467	4.834670
102.208978	8813.907981	12.051559	-0.022465	4.833374
102.137326	8809.021771	12.056563	-0.022447	4.832047
102.337173	8803.905661	12.061568	-0.022495	4.830667
102.050021	8798.917859	12.066573	-0.022425	4.829304
102.103328	8793.804890	12.071578	-0.022438	4.827918
102.056960	8788.763250	12.076583	-0.022426	4.826548
101.955405	8783.623607	12.081587	-0.022402	4.825150
101.997174	8778.733861	12.086592	-0.022411	4.823823
102.096902	8773.978924	12.091597	-0.022435	4.822535
102.058715	8768.893572	12.096602	-0.022425	4.821152
101.951240	8763.909873	12.101607	-0.022399	4.819794
101.980494	8758.588589	12.106611	-0.022406	4.818349
101.876737	8753.380039	12.111616	-0.022380	4.816928
101.805751	8748.282190	12.116621	-0.022363	4.815539
101.850602	8743.246851	12.121626	-0.022373	4.814171
101.936370	8738.592706	12.126631	-0.022394	4.812907
101.914302	8733.549769	12.131635	-0.022388	4.811534
101.709466	8728.570042	12.136640	-0.022338	4.810170
101.525870	8723.423851	12.141645	-0.022294	4.808761
101.760711	8718.312195	12.146650	-0.022350	4.807377
101.809328	8713.267656	12.151655	-0.022361	4.806004
101.763774	8708.197442	12.156659	-0.022350	4.804620
101.565358	8703.572170	12.161664	-0.022302	4.803351
101.518284	8698.539345	12.166669	-0.022290	4.801977
101.518060	8693.552985	12.171674	-0.022290	4.800616
101.464714	8688.387817	12.176679	-0.022277	4.799204
101.431193	8682.805263	12.181683	-0.022268	4.797679
101.458997	8677.763488	12.186688	-0.022275	4.796303
101.399710	8672.652959	12.191693	-0.022260	4.794905
101.541459	8667.929555	12.196698	-0.022294	4.793619
101.346480	8662.962953	12.201703	-0.022247	4.792255
101.444312	8657.901146	12.206707	-0.022270	4.790874
101.314451	8652.829103	12.211712	-0.022238	4.789482
101.379757	8647.725665	12.216717	-0.022253	4.788089
101.336634	8642.642243	12.221722	-0.022243	4.786696
101.337508	8637.599784	12.226727	-0.022242	4.785316
101.311161	8632.711933	12.231731	-0.022236	4.783976
101.250643	8627.865572	12.236736	-0.022221	4.782647
101.171462	8622.856835	12.241741	-0.022202	4.781271
101.153973	8617.773709	12.246746	-0.022197	4.779878
101.123769	8612.487743	12.251751	-0.022189	4.778427
101.231215	8607.259187	12.256755	-0.022215	4.776998
101.051603	8602.223890	12.261760	-0.022171	4.775610
100.884848	8597.159861	12.266765	-0.022131	4.774214
100.921255	8592.533939	12.271770	-0.022139	4.772946
100.878403	8587.396209	12.276775	-0.022129	4.771534
100.961267	8582.329797	12.281779	-0.022148	4.770146
100.854207	8577.324625	12.286784	-0.022122	4.768767
100.893155	8572.185539	12.291789	-0.022131	4.767356
100.772612	8567.188658	12.296794	-0.022102	4.765978
100.696194	8562.110934	12.301799	-0.022083	4.764579
100.812930	8557.493154	12.306803	-0.022111	4.763314
100.749793	8552.401653	12.311808	-0.022095	4.761911
100.811327	8547.363158	12.316813	-0.022109	4.760527
100.845439	8542.096381	12.321818	-0.022117	4.759079
100.797885	8536.689765	12.326823	-0.022105	4.757588
100.540477	8531.599253	12.331827	-0.022043	4.756176
100.584331	8526.590863	12.336832	-0.022054	4.754798
100.599736	8521.787339	12.341837	-0.022057	4.753475
100.602443	8516.888440	12.346842	-0.022057	4.752125
100.504114	8511.806132	12.351847	-0.022033	4.750719
100.514867	8506.736903	12.356851	-0.022035	4.749322
100.471924	8501.663280	12.361856	-0.022025	4.747920
100.390110	8496.593352	12.366861	-0.022005	4.746518
100.457961	8491.538511	12.371866	-0.022021	4.745125
100.322313	8486.755166	12.376871	-0.021988	4.743799
100.385340	8481.838387	12.381875	-0.022002	4.742443
100.275339	8476.778437	12.386880	-0.021976	4.741041
100.228301	8471.660119	12.391885	-0.021964	4.739624
100.380816	8466.233408	12.396890	-0.022000	4.738130
100.334367	8461.189264	12.401895	-0.021989	4.736733
100.236067	8456.111236	12.406899	-0.021965	4.735325
100.212326	8451.374804	12.411904	-0.021959	4.734013
100.182209	8446.375583	12.416909	-0.021951	4.732628
100.211881	8441.395100	12.421914	-0.021958	4.731251
100.282445	8436.270362	12.426919	-0.021974	4.729834
100.073736	8431.218114	12.431923	-0.021924	4.728426
100.254054	8426.107512	12.436928	-0.021967	4.727017
100.055481	8421.090662	12.441933	-0.021919	4.725619
100.034139	8416.242060	12.446938	-0.021913	4.724273
100.074587	8411.131485	12.451943	-0.021923	4.722857
100.163198	8405.976024	12.456947	-0.021943	4.721431
99.940497	8400.999151	12.461952	-0.021890	4.720040
100.096268	8395.289342	12.466957	-0.021927	4.718462
99.885163	8390.303880	12.471962	-0.021876	4.717069
99.774142	8385.178318	12.476967	-0.021849	4.715640
99.739458	8380.379051	12.481971	-0.021840	4.714305
99.866641	8375.403543	12.486976	-0.021870	4.712928
99.660428	8370.393078	12.491981	-0.021820	4.711526
99.673314	8365.350844	12.496986	-0.021823	4.710124
99.669089	8360.275595	12.501991	-0.021822	4.708712
99.706685	8355.120555	12.506995	-0.021830	4.707279
99.628015	8350.177089	12.512000	-0.021811	4.705900
99.692031	8345.125483	12.517005	-0.021826	4.704496
99.672528	8340.400384	12.522010	-0.021821	4.703179
99.700129	8335.286467	12.527015	-0.021827	4.701755
99.454471	8330.322039	12.532019	-0.021768	4.700362
99.473270	8324.943775	12.537024	-0.021772	4.698863
99.489572	8319.801539	12.542029	-0.021776	4.697430
99.509682	8314.674849	12.547034	-0.021780	4.696001
99.442505	8309.759565	12.552039	-0.021763	4.694626
99.350648	8305.026113	12.557043	-0.021741	4.693301
99.258887	8299.939586	12.562048	-0.021719	4.691877
99.133485	8294.959117	12.567053	-0.021688	4.690481
99.388687	8289.787136	12.572058	-0.021749	4.689047
99.148053	8284.766567	12.577063	-0.021691	4.687634
99.203928	8279.626272	12.582067	-0.021704	4.686199
99.115306	8274.782631	12.587072	-0.021682	4.684841
99.121129	8269.932994	12.592077	-0.021683	4.683485
99.136992	8264.957180	12.597082	-0.021687	4.682094
99.052362	8259.859590	12.602087	-0.021666	4.680664
99.073280	8254.489074	12.607091	-0.021671	4.679161
99.066086	8249.218126	12.612096	-0.021669	4.677685
99.150968	8244.118872	12.617101	-0.021689	4.676260
99.042897	8239.186066	12.622106	-0.021662	4.674873
99.061235	8234.392759	12.627111	-0.021666	4.673530
98.955026	8229.404709	12.632115	-0.021641	4.672127
98.849204	8224.316851	12.637120	-0.021615	4.670696
98.887377	8219.277841	12.642125	-0.021624	4.669284
98.911328	8214.163516	12.647130	-0.021629	4.667849
98.782006	8209.129525	12.652135	-0.021598	4.666431
98.847292	8204.094339	12.657139	-0.021613	4.665019
98.730835	8199.412680	12.662144	-0.021585	4.663700
98.858196	8194.318801	12.667149	-0.021615	4.662274
98.748124	8189.290226	12.672154	-0.021588	4.660856
98.636735	8184.063564	12.677159	-0.021561	4.659381
98.665556	8178.760676	12.682163	-0.021567	4.657891
98.653622	8173.787454	12.687168	-0.021564	4.656492
98.538349	8168.762691	12.692173	-0.021536	4.655073
98.666200	8164.039560	12.697178	-0.021566	4.653749
98.677772	8158.960759	12.702183	-0.021569	4.652319
98.603426	8153.878898	12.707187	-0.021551	4.650885
98.557597	8148.872934	12.712192	-0.021539	4.649472
98.373765	8143.731227	12.717197	-0.021495	4.648015
98.353789	8138.749909	12.722202	-0.021490	4.646610
98.348780	8133.739032	12.727207	-0.021488	4.645197
98.343023	8129.014183	12.732211	-0.021486	4.643864
98.360267	8123.991795	12.737216	-0.021490	4.642447
98.355998	8118.896826	12.742221	-0.021489	4.641009
98.293919	8113.574633	12.747226	-0.021473	4.639503
98.349988	8108.226060	12.752231	-0.021486	4.637995
98.113312	8103.233648	12.757235	-0.021429	4.636574
98.264064	8098.246075	12.762240	-0.021465	4.635171
98.166038	8093.407659	12.767245	-0.021441	4.633799
98.147797	8088.422614	12.772250	-0.021436	4.632389
98.118193	8083.276429	12.777255	-0.021429	4.630932
98.143227	8078.292202	12.782259	-0.021435	4.629522
98.109686	8073.181805	12.787264	-0.021426	4.628074
98.039072	8068.067739	12.792269	-0.021409	4.626623
98.101688	8063.193634	12.797274	-0.021423	4.625245
97.960092	8058.387918	12.802279	-0.021389	4.623878
98.014732	8053.354916	12.807283	-0.021402	4.622454
97.903715	8048.282038	12.812288	-0.021375	4.621011
97.903126	8042.916203	12.817293	-0.021374	4.619489
97.901586	8037.865897	12.822298	-0.021374	4.618056
97.900741	8032.639941	12.827303	-0.021373	4.616573
97.836442	8027.850056	12.832307	-0.021357	4.615211
97.805097	8023.004786	12.837312	-0.021349	4.613834
97.760257	8017.932279	12.842317	-0.021338	4.612391
97.795499	8012.944432	12.847322	-0.021346	4.610976
97.703863	8007.781363	12.852327	-0.021324	4.609504
97.709968	8002.773750	12.857331	-0.021325	4.608081
97.638059	7997.723937	12.862336	-0.021307	4.606642
97.546777	7992.772039	12.867341	-0.021285	4.605229
97.651777	7987.982828	12.872346	-0.021310	4.603871
97.744275	7982.888794	12.877351	-0.021332	4.602425
97.565420	7977.913587	12.882355	-0.021289	4.601001
97.625978	7972.388252	12.887360	-0.021303	4.599430
97.500686	7967.214002	12.892365	-0.021272	4.597950
97.432823	7962.206542	12.897370	-0.021256	4.596520
97.542300	7957.276670	12.902375	-0.021281	4.595119
97.402515	7952.385479	12.907379	-0.021248	4.593718
97.389437	7947.387143	12.912384	-0.021244	4.592291
97.321510	7942.353105	12.917389	-0.021227	4.590852
97.380786	7937.194433	12.922394	-0.021241	4.589382
97.274786	7932.188235	12.927399	-0.021215	4.587948
97.314953	7927.029288	12.932403	-0.021225	4.586476
97.275216	7922.250677	12.937408	-0.021215	4.585109
97.223501	7917.390214	12.942413	-0.021202	4.583718
97.176546	7912.265163	12.947418	-0.021190	4.582250
97.156737	7907.236771	12.952423	-0.021185	4.580811
97.186031	7901.816960	12.957427	-0.021192	4.579262
97.137018	7896.756156	12.962432	-0.021180	4.577812
97.000220	7891.726257	12.967437	-0.021147	4.576366
97.052543	7886.939201	12.972442	-0.021159	4.574997
97.008313	7881.973934	12.977447	-0.021148	4.573573
96.940043	7876.963961	12.982451	-0.021131	4.572134
97.033943	7871.923068	12.987456	-0.021153	4.570694
96.925938	7866.770221	12.992461	-0.021127	4.569211
96.979772	7861.770512	12.997466	-0.021139	4.567780
96.983455	7856.678133	13.002471	-0.021140	4.566319
96.829651	7851.912909	13.007475	-0.021103	4.564945
96.718908	7847.017190	13.012480	-0.021076	4.563534
96.749888	7841.924097	13.017485	-0.021083	4.562073
96.815402	7836.740124	13.022490	-0.021098	4.560587
96.789875	7831.259647	13.027495	-0.021092	4.559011
96.664116	7826.178422	13.032499	-0.021061	4.557545
96.736289	7821.095114	13.037504	-0.021078	4.556086
96.681518	7816.426808	13.042509	-0.021064	4.554741
96.584108	7811.407680	13.047514	-0.021041	4.553292
96.580806	7806.283831	13.052519	-0.021040	4.551818
96.606273	7801.282751	13.057523	-0.021045	4.550379
96.469757	7796.163202	13.062528	-0.021012	4.548898
96.501470	7791.041882	13.067533	-0.021019	4.547424
96.489571	7786.125358	13.072538	-0.021016	4.546007
96.405989	7781.441852	13.077543	-0.020996	4.544653
96.327627	7776.318327	13.082547	-0.020977	4.543172
96.359944	7771.289928	13.087552	-0.020984	4.541723
96.445369	7766.014298	13.092557	-0.021004	4.540205
96.406766	7760.751996	13.097562	-0.020994	4.538684
96.290739	7755.760336	13.102567	-0.020966	4.537237
96.307327	7750.815632	13.107571	-0.020970	4.535810
96.178265	7745.970859	13.112576	-0.020939	4.534404
96.206521	7740.950657	13.117581	-0.020945	4.532954
96.242905	7735.928559	13.122586	-0.020953	4.531504
96.126713	7730.805716	13.127591	-0.020925	4.530017
96.177929	7725.728327	13.132595	-0.020937	4.528551
96.137271	7720.722672	13.137600	-0.020927	4.527100
96.037922	7715.843666	13.142605	-0.020903	4.525683
96.049848	7710.977016	13.147610	-0.020905	4.524275
95.971548	7705.954309	13.152615	-0.020886	4.522816
95.978834	7700.918065	13.157619	-0.020887	4.521357
96.069223	7695.275263	13.162624	-0.020909	4.519726
95.923561	7690.255855	13.167629	-0.020873	4.518263
96.032589	7685.194958	13.172634	-0.020899	4.516801
95.771749	7680.395868	13.177639	-0.020836	4.515396
95.777495	7675.428394	13.182643	-0.020837	4.513955
95.845018	7670.412490	13.187648	-0.020853	4.512502
95.724430	7665.397118	13.192653	-0.020824	4.511039
95.688212	7660.239401	13.197658	-0.020815	4.509539
95.744707	7655.173281	13.202663	-0.020828	4.508070
95.708903	7650.096214	13.207667	-0.020819	4.506592
95.677364	7645.418361	13.212672	-0.020811	4.505230
95.726739	7640.360386	13.217677	-0.020822	4.503761
95.633111	7635.378285	13.222682	-0.020800	4.502307
95.529472	7630.186085	13.227687	-0.020774	4.500791
95.577825	7624.864177	13.232691	-0.020785	4.499243
95.608323	7619.782832	13.237696	-0.020792	4.497765
95.383818	7614.800403	13.242701	-0.020738	4.496302
95.362573	7610.139094	13.247706	-0.020733	4.494942
95.503891	7605.053705	13.252711	-0.020766	4.493467
95.324346	7599.965899	13.257715	-0.020723	4.491974
95.444899	7594.962198	13.262720	-0.020751	4.490520
95.331260	7589.860330	13.267725	-0.020724	4.489026
95.283416	7584.778017	13.272730	-0.020712	4.487540
95.201865	7579.882640	13.277735	-0.020692	4.486106
95.208735	7575.111823	13.282739	-0.020693	4.484713
95.195584	7570.053168	13.287744	-0.020690	4.483234
95.199680	7564.975126	13.292749	-0.020690	4.481749
95.141205	7559.571992	13.297754	-0.020676	4.480167
95.077617	7554.554740	13.302759	-0.020660	4.478696
95.066638	7549.427862	13.307763	-0.020657	4.477195
95.119304	7544.580946	13.312768	-0.020669	4.475779
95.028595	7539.658521	13.317773	-0.020647	4.474333
95.028069	7534.625469	13.322778	-0.020647	4.472859
94.990708	7529.574748	13.327783	-0.020638	4.471377
94.938558	7524.398289	13.332787	-0.020625	4.469857
94.926910	7519.392402	13.337792	-0.020622	4.468389
94.844245	7514.336366	13.342797	-0.020601	4.466902
94.920132	7509.618966	13.347802	-0.020619	4.465522
94.872091	7504.613499	13.352807	-0.020607	4.464051
94.762167	7499.500084	13.357811	-0.020581	4.462544
94.854687	7494.365634	13.362816	-0.020602	4.461041
94.758058	7489.105754	13.367821	-0.020579	4.459491
94.858073	7483.988374	13.372826	-0.020602	4.457992
94.593217	7479.031620	13.377831	-0.020539	4.456521
94.692715	7474.278622	13.382835	-0.020562	4.455128
94.697174	7469.285476	13.387840	-0.020563	4.453660
94.682567	7464.184797	13.392845	-0.020559	4.452158
94.560328	7459.061864	13.397850	-0.020529	4.450644
94.765805	7454.008556	13.402855	-0.020578	4.449166
94.512105	7448.931795	13.407859	-0.020517	4.447658
94.523683	7444.103666	13.412864	-0.020519	4.446236
94.547851	7439.214551	13.417869	-0.020525	4.444796
94.551956	7434.144137	13.422874	-0.020525	4.443301
94.459988	7429.068680	13.427879	-0.020503	4.441800
94.375032	7423.610792	13.432883	-0.020482	4.440185
94.378462	7418.530971	13.437888	-0.020482	4.438686
94.253422	7413.447545	13.442893	-0.020452	4.437179
94.266282	7408.646446	13.447898	-0.020455	4.435761
94.201517	7403.745132	13.452903	-0.020439	4.434310
94.219895	7398.599766	13.457907	-0.020443	4.432790
94.266151	7393.552689	13.462912	-0.020454	4.431300
94.179701	7388.506005	13.467917	-0.020433	4.429803
94.112490	7383.398636	13.472922	-0.020416	4.428289
94.094270	7378.407938	13.477927	-0.020411	4.426811
94.028186	7373.726666	13.482931	-0.020395	4.425421
94.110982	7368.682670	13.487936	-0.020415	4.423932
94.005707	7363.572947	13.492941	-0.020389	4.422413
94.009207	7358.240692	13.497946	-0.020389	4.420833
93.963816	7353.137866	13.502951	-0.020378	4.419318
93.892177	7348.037168	13.507955	-0.020361	4.417801
93.929302	7343.196007	13.512960	-0.020369	4.416367
93.935168	7338.289283	13.517965	-0.020370	4.414911
93.845474	7333.259963	13.522970	-0.020348	4.413414
93.815957	7328.216604	13.527975	-0.020341	4.411914
93.771256	7323.073596	13.532979	-0.020330	4.410384
93.839977	7318.042781	13.537984	-0.020346	4.408893
93.793097	7312.971947	13.542989	-0.020334	4.407383
93.654346	7308.286384	13.547994	-0.020301	4.405983
93.665441	7303.284324	13.552999	-0.020303	4.404495
93.508410	7298.263124	13.558003	-0.020265	4.402993
93.653610	7292.916866	13.563008	-0.020299	4.401409
93.528273	7287.602253	13.568013	-0.020269	4.399820
93.573882	7282.520434	13.573018	-0.020279	4.398309
93.475040	7277.532840	13.578023	-0.020255	4.396817
93.435385	7272.753307	13.583027	-0.020245	4.395391
93.417761	7267.714969	13.588032	-0.020241	4.393887
93.483389	7262.657380	13.593037	-0.020256	4.392382
93.416464	7257.548560	13.598042	-0.020240	4.390854
93.356217	7252.543891	13.603047	-0.020225	4.389357
93.476882	7247.371978	13.608051	-0.020253	4.387819
93.370178	7242.605792	13.613056	-0.020227	4.386390
93.397056	7237.678566	13.618061	-0.020234	4.384919
93.315884	7232.607143	13.623066	-0.020214	4.383399
93.222657	7227.495798	13.628071	-0.020191	4.381866
93.303427	7222.169596	13.633075	-0.020210	4.380277
93.306541	7217.087576	13.638080	-0.020210	4.378757
93.133093	7212.018923	13.643085	-0.020168	4.377230
93.190620	7207.371762	13.648090	-0.020182	4.375842
93.186102	7202.272293	13.653095	-0.020180	4.374315
93.055044	7197.177379	13.658099	-0.020149	4.372781
93.046905	7192.167545	13.663104	-0.020146	4.371279
93.070808	7187.076671	13.668109	-0.020152	4.369754
92.874995	7182.034125	13.673114	-0.020104	4.368231
92.959688	7177.160661	13.678119	-0.020124	4.366773
92.842234	7172.266743	13.683123	-0.020096	4.365298
92.855950	7167.262646	13.688128	-0.020099	4.363796
92.850268	7162.148381	13.693133	-0.020097	4.362260
92.857372	7156.683508	13.698138	-0.020098	4.360619
92.776240	7151.617677	13.703143	-0.020078	4.359092
92.676810	7146.533057	13.708147	-0.020054	4.357557
92.692981	7141.842526	13.713152	-0.020058	4.356148
92.686997	7136.821348	13.718157	-0.020056	4.354637
92.616370	7131.730587	13.723162	-0.020038	4.353100
92.672568	7126.651963	13.728167	-0.020052	4.351574
92.712316	7121.548014	13.733171	-0.020061	4.350039
92.678662	7116.544056	13.738176	-0.020052	4.348530
92.611283	7111.588330	13.743181	-0.020036	4.347033
92.495714	7106.785918	13.748186	-0.020008	4.345578
92.403588	7101.740798	13.753191	-0.019985	4.344052
92.435325	7096.640916	13.758195	-0.019992	4.342515
92.280848	7091.318017	13.763200	-0.019955	4.340900
92.464402	7086.212921	13.768205	-0.019999	4.339368
92.336508	7081.162982	13.773210	-0.019968	4.337836
92.254796	7076.432945	13.778215	-0.019948	4.336402
92.275694	7071.415266	13.783219	-0.019952	4.334887
92.240787	7066.409484	13.788224	-0.019944	4.333372
92.256664	7061.304369	13.793229	-0.019947	4.331828
92.218860	7056.214972	13.798234	-0.019938	4.330286
92.138042	7051.173398	13.803239	-0.019918	4.328756
92.219670	7046.232871	13.808243	-0.019937	4.327265
92.159447	7041.456981	13.813248	-0.019922	4.325815
92.064648	7036.401590	13.818253	-0.019899	4.324278
92.063882	7031.371003	13.823258	-0.019898	4.322753
91.969278	7025.851822	13.828263	-0.019875	4.321074
91.983625	7020.731650	13.833267	-0.019878	4.319522
92.100637	7015.670628	13.838272	-0.019906	4.317993
91.930043	7010.908845	13.843277	-0.019865	4.316538
91.900221	7005.965606	13.848282	-0.019857	4.315035
92.056539	7000.811107	13.853287	-0.019894	4.313479
91.760277	6995.835061	13.858291	-0.019823	4.311950
91.833519	6990.754936	13.863296	-0.019840	4.310410
91.868759	6985.636373	13.868301	-0.019848	4.308855
91.762371	6980.737624	13.873306	-0.019822	4.307359
91.687715	6975.906571	13.878311	-0.019804	4.305885
91.733414	6970.812988	13.883315	-0.019815	4.304337
91.751968	6965.791839	13.888320	-0.019819	4.302809
91.774127	6960.363959	13.893325	-0.019824	4.301157
91.734263	6955.259993	13.898330	-0.019814	4.299600
91.624387	6950.258901	13.903335	-0.019787	4.298069
91.661870	6945.464711	13.908339	-0.019796	4.296609
91.613156	6940.510055	13.913344	-0.019784	4.295095
91.478016	6935.274500	13.918349	-0.019751	4.293490
91.536965	6930.219669	13.923354	-0.019765	4.291950
91.422790	6925.137443	13.928359	-0.019737	4.290391
91.359467	6920.103852	13.933363	-0.019721	4.288850
91.587337	6915.168100	13.938368	-0.019775	4.287355
91.283385	6910.368676	13.943373	-0.019702	4.285870
91.450291	6905.288398	13.948378	-0.019742	4.284326
91.162871	6900.207816	13.953383	-0.019673	4.282755
91.167753	6894.720781	13.958387	-0.019673	4.281076
91.164733	6889.640084	13.963392	-0.019672	4.279521
91.189471	6884.587645	13.968397	-0.019678	4.277974
91.271818	6879.884883	13.973402	-0.019697	4.276538
91.203542	6874.844169	13.978407	-0.019680	4.274990
91.136769	6869.754120	13.983411	-0.019664	4.273425
91.070979	6864.703428	13.988416	-0.019648	4.271872
91.084857	6859.601006	13.993421	-0.019651	4.270307
90.980476	6854.553136	13.998426	-0.019626	4.268752
91.088720	6849.723421	14.003431	-0.019651	4.267275
91.095659	6844.791400	14.008435	-0.019652	4.265761
91.006819	6839.788714	14.013440	-0.019631	4.264219
90.831969	6834.684214	14.018445	-0.019588	4.262640
90.795384	6829.341451	14.023450	-0.019579	4.260995
90.898788	6824.246343	14.028455	-0.019604	4.259433
90.917343	6819.240068	14.033459	-0.019608	4.257894
90.783679	6814.541136	14.038464	-0.019575	4.256440
90.807544	6809.439062	14.043469	-0.019581	4.254870
90.809559	6804.402773	14.048474	-0.019581	4.253318
90.785752	6799.376240	14.053479	-0.019575	4.251768
90.599954	6794.294099	14.058483	-0.019530	4.250191
90.752089	6789.247107	14.063488	-0.019566	4.248643
90.678305	6784.432894	14.068493	-0.019548	4.247153
90.606641	6779.520869	14.073498	-0.019530	4.245633
90.528575	6774.430858	14.078503	-0.019511	4.244057
90.572589	6769.093195	14.083507	-0.019521	4.242411
90.546339	6763.815389	14.088512	-0.019515	4.240779
90.495869	6758.714902	14.093517	-0.019502	4.239200
90.446297	6753.866530	14.098522	-0.019490	4.237698
90.467844	6748.998279	14.103527	-0.019495	4.236193
90.347944	6743.914561	14.108531	-0.019466	4.234613
90.425856	6738.885829	14.113536	-0.019484	4.233061
90.217950	6733.824733	14.118541	-0.019434	4.231482
90.260959	6728.727770	14.123546	-0.019444	4.229906
90.159444	6723.676421	14.128551	-0.019419	4.228334
90.088153	6719.033050	14.133555	-0.019401	4.226891
90.288834	6713.923524	14.138560	-0.019449	4.225318
90.234585	6708.845521	14.143565	-0.019436	4.223740
90.249368	6703.526877	14.148570	-0.019439	4.222090
90.119476	6698.424053	14.153575	-0.019407	4.220498
89.999681	6693.348398	14.158579	-0.019378	4.218915
90.146277	6688.511890	14.163584	-0.019413	4.217421
90.167284	6683.575632	14.168589	-0.019418	4.215888
90.105864	6678.553601	14.173594	-0.019403	4.214323
90.079192	6673.494655	14.178599	-0.019396	4.212748
89.999437	6668.425759	14.183603	-0.019376	4.211166
89.897473	6663.393159	14.188608	-0.019352	4.209593
89.988745	6658.426466	14.193613	-0.019373	4.208052
89.864259	6653.623444	14.198618	-0.019343	4.206549
89.873094	6648.575052	14.203623	-0.019345	4.204976
89.757815	6643.465407	14.208627	-0.019317	4.203376
89.777714	6637.973266	14.213632	-0.019321	4.201665
89.858202	6632.888864	14.218637	-0.019340	4.200084
89.802591	6627.864707	14.223642	-0.019326	4.198512
89.593000	6623.152238	14.228647	-0.019276	4.197028
89.665340	6618.103988	14.233651	-0.019292	4.195456
89.697161	6613.066467	14.238656	-0.019300	4.193884
89.635581	6607.950085	14.243661	-0.019285	4.192281
89.599727	6602.871614	14.248666	-0.019276	4.190691
89.584869	6597.822935	14.253671	-0.019272	4.189111
89.392193	6593.066144	14.258675	-0.019225	4.187611
89.586361	6588.100180	14.263680	-0.019271	4.186069
89.489402	6583.054138	14.268685	-0.019248	4.184483
89.498662	6577.830896	14.273690	-0.019249	4.182847
89.351028	6572.656242	14.278695	-0.019214	4.181216
89.459829	6567.535149	14.283699	-0.019239	4.179618
89.459761	6562.676124	14.288704	-0.019239	4.178094
89.330920	6557.806239	14.293709	-0.019208	4.176558
89.234844	6552.741813	14.298714	-0.019184	4.174963
89.374005	6547.692953	14.303719	-0.019217	4.173386
89.394455	6542.553926	14.308723	-0.019222	4.171773
89.259783	6537.545641	14.313728	-0.019189	4.170191
89.088178	6532.586271	14.318733	-0.019148	4.168622
89.010817	6527.850556	14.323738	-0.019129	4.167128
89.073982	6522.795227	14.328743	-0.019144	4.165542
89.127095	6517.717987	14.333747	-0.019156	4.163947
88.924845	6512.225893	14.338752	-0.019107	4.162206
88.942793	6507.118012	14.343757	-0.019111	4.160598
88.838056	6502.067973	14.348762	-0.019085	4.159001
88.847031	6497.332245	14.353767	-0.019087	4.157509
88.959071	6492.240280	14.358771	-0.019114	4.155910
88.951099	6487.181843	14.363776	-0.019111	4.154314
88.826249	6482.165258	14.368781	-0.019081	4.152724
88.756612	6477.120934	14.373786	-0.019064	4.151127
88.880045	6472.018636	14.378791	-0.019093	4.149524
88.708027	6467.179317	14.383795	-0.019052	4.147984
88.759858	6462.261952	14.388800	-0.019064	4.146434
88.853718	6457.164299	14.393805	-0.019086	4.144828
88.677727	6451.973076	14.398810	-0.019043	4.143175
88.546841	6446.782928	14.403815	-0.019011	4.141525
88.647488	6441.684014	14.408819	-0.019035	4.139917
88.464828	6436.883899	14.413824	-0.018991	4.138386
88.521155	6431.970091	14.418829	-0.019004	4.136833
88.421118	6426.903047	14.423834	-0.018980	4.135221
88.476149	6421.854395	14.428839	-0.018993	4.133624
88.422999	6416.716039	14.433843	-0.018980	4.131992
88.464923	6411.698520	14.438848	-0.018989	4.130402
88.368336	6406.707610	14.443853	-0.018966	4.128812
88.266221	6401.939007	14.448858	-0.018941	4.127292
88.448432	6396.877538	14.453863	-0.018984	4.125696
88.393171	6391.787837	14.458867	-0.018970	4.124075
88.318771	6386.290554	14.463872	-0.018952	4.122323
88.241536	6381.250687	14.468877	-0.018933	4.120716
88.158922	6376.230572	14.473882	-0.018913	4.119114
88.113912	6371.506023	14.478887	-0.018902	4.117607
88.097013	6366.395181	14.483891	-0.018898	4.115979
88.116813	6361.403472	14.488896	-0.018902	4.114391
88.021345	6356.302620	14.493901	-0.018879	4.112759
88.031745	6351.218775	14.498906	-0.018881	4.111140
88.082053	6346.178827	14.503911	-0.018892	4.109536
88.003756	6341.418214	14.508915	-0.018873	4.108012
87.825150	6336.443851	14.513920	-0.018830	4.106414
87.848699	6331.392600	14.518925	-0.018835	4.104803
87.930760	6326.031450	14.523930	-0.018855	4.103096
87.853156	6320.946054	14.528935	-0.018836	4.101466
87.895240	6315.820950	14.533939	-0.018845	4.099831
87.763910	6310.991636	14.538944	-0.018814	4.098278
87.720181	6306.091828	14.543949	-0.018803	4.096708
87.749621	6300.999610	14.548954	-0.018809	4.095081
87.739871	6296.006078	14.553959	-0.018807	4.093482
87.606654	6290.904037	14.558963	-0.018774	4.091839
87.737149	6285.782760	14.563968	-0.018805	4.090207
87.544556	6280.968643	14.568973	-0.018759	4.088652
87.609711	6276.078768	14.573978	-0.018774	4.087088
87.568825	6271.083825	14.578983	-0.018764	4.085483
87.655008	6265.797495	14.583987	-0.018784	4.083793
87.481251	6260.433971	14.588992	-0.018742	4.082060
87.498541	6255.376026	14.593997	-0.018746	4.080437
87.534001	6250.424234	14.599002	-0.018754	4.078848
87.382600	6245.621239	14.604007	-0.018717	4.077295
87.284097	6240.541372	14.609011	-0.018693	4.075655
87.367397	6235.502164	14.614016	-0.018713	4.074040
87.300296	6230.384090	14.619021	-0.018696	4.072388
87.320792	6225.295784	14.624026	-0.018701	4.070752
87.266400	6220.387679	14.629031	-0.018687	4.069168
87.184719	6215.572356	14.634035	-0.018668	4.067611
87.061264	6210.542755	14.639040	-0.018638	4.065982
87.066465	6205.456893	14.644045	-0.018639	4.064343
87.108459	6200.104239	14.649050	-0.018648	4.062619
87.032429	6195.076976	14.654055	-0.018630	4.060992
86.931957	6190.033567	14.659059	-0.018605	4.059357
86.936759	6185.290530	14.664064	-0.018606	4.057826
87.023422	6180.238714	14.669069	-0.018626	4.056200
86.908403	6175.183071	14.674074	-0.018598	4.054558
87.043345	6170.039425	14.679079	-0.018630	4.052904
86.862548	6165.026584	14.684083	-0.018587	4.051271
86.846232	6160.011817	14.689088	-0.018582	4.049647
86.866241	6155.139105	14.694093	-0.018587	4.048071
86.903173	6150.057553	14.699098	-0.018595	4.046428
86.884642	6145.049246	14.704103	-0.018590	4.044804
86.748736	6139.478775	14.709107	-0.018557	4.042989
86.762645	6134.443014	14.714112	-0.018560	4.041358
86.668657	6129.421032	14.719117	-0.018537	4.039722
86.636068	6124.659655	14.724122	-0.018529	4.038175
86.636822	6119.607626	14.729127	-0.018529	4.036535
86.658899	6114.554189	14.734131	-0.018534	4.034895
86.621406	6109.533414	14.739136	-0.018525	4.033262
86.490744	6104.431280	14.744141	-0.018493	4.031594
86.447542	6099.388961	14.749146	-0.018482	4.029952
86.483861	6094.617169	14.754151	-0.018490	4.028402
86.367921	6089.605511	14.759155	-0.018462	4.026763
86.520528	6084.517006	14.764160	-0.018498	4.025117
86.465814	6079.217832	14.769165	-0.018485	4.023388
86.369571	6074.150908	14.774170	-0.018462	4.021730
86.399531	6069.059778	14.779175	-0.018468	4.020073
86.344434	6064.292885	14.784179	-0.018455	4.018515
86.258410	6059.318074	14.789184	-0.018434	4.016886
86.136317	6054.289726	14.794189	-0.018404	4.015236
86.143031	6049.171533	14.799194	-0.018405	4.013566
86.266950	6044.114079	14.804199	-0.018435	4.011922
86.275188	6039.032251	14.809203	-0.018436	4.010262
86.154706	6034.287922	14.814208	-0.018407	4.008703
86.091462	6029.350213	14.819213	-0.018392	4.007084
86.009328	6024.325937	14.824218	-0.018371	4.005435
86.167228	6018.844227	14.829223	-0.018409	4.003652
86.157907	6013.659321	14.834227	-0.018406	4.001953
85.883638	6008.675256	14.839232	-0.018340	4.000302
85.850846	6003.840659	14.844237	-0.018332	3.998715
85.810368	5998.880124	14.849242	-0.018322	3.997086
85.927299	5993.762840	14.854247	-0.018349	3.995416
85.810158	5988.694139	14.859251	-0.018321	3.993745
85.856494	5983.621647	14.864256	-0.018332	3.992083
85.715778	5978.617344	14.869261	-0.018298	3.990430
85.760923	5973.759286	14.874266	-0.018308	3.988837
85.874833	5968.787948	14.879271	-0.018335	3.987211
85.804391	5963.745554	14.884275	-0.018318	3.985548
85.676409	5958.444169	14.889280	-0.018287	3.983795
85.515399	5953.329531	14.894285	-0.018248	3.982101
85.557882	5948.234693	14.899290	-0.018258	3.980427
85.608631	5943.488999	14.904295	-0.018269	3.978867
85.589448	5938.448297	14.909299	-0.018264	3.977205
85.577141	5933.446128	14.914304	-0.018261	3.975555
85.464793	5928.372632	14.919309	-0.018234	3.973875
85.307168	5923.312838	14.924314	-0.018196	3.972194
85.413387	5918.282354	14.929319	-0.018221	3.970542
85.440275	5913.473121	14.934323	-0.018227	3.968956
85.448494	5908.488335	14.939328	-0.018228	3.967310
85.423602	5903.457881	14.944333	-0.018222	3.965646
85.337262	5897.993217	14.949338	-0.018201	3.963833
85.380234	5892.864951	14.954343	-0.018211	3.962140
85.315049	5887.801573	14.959347	-0.018195	3.960460
85.218020	5883.008372	14.964352	-0.018171	3.958866
85.162976	5878.046034	14.969357	-0.018158	3.957219
85.114553	5873.006162	14.974362	-0.018146	3.955546
85.212495	5867.898500	14.979367	-0.018169	3.953860
85.036469	5862.859186	14.984371	-0.018126	3.952177
84.980603	5857.799155	14.989376	-0.018112	3.950494
85.054953	5853.068921	14.994381	-0.018130	3.948930
84.987539	5848.025890	14.999386	-0.018113	3.947251
85.014977	5842.981581	15.004391	-0.018119	3.945578
84.954547	5837.668944	15.009395	-0.018105	3.943808
84.867995	5832.554941	15.014400	-0.018083	3.942102
84.742022	5827.541765	15.019405	-0.018053	3.940426
84.833304	5822.793607	15.024410	-0.018074	3.938853
84.896499	5817.725127	15.029415	-0.018089	3.937170
84.774781	5812.736138	15.034419	-0.018060	3.935500
84.819255	5807.597282	15.039424	-0.018070	3.933791
84.724908	5802.533681	15.044429	-0.018047	3.932097
84.731901	5797.487862	15.049434	-0.018048	3.930415
84.760281	5792.785827	15.054439	-0.018055	3.928849
84.628107	5787.758354	15.059443	-0.018023	3.927162
84.554845	5782.665179	15.064448	-0.018005	3.925456
84.549160	5777.155877	15.069453	-0.018003	3.923616
84.430716	5772.080873	15.074458	-0.017974	3.921912
84.474274	5767.088790	15.079463	-0.017984	3.920246
84.497183	5762.286233	15.084467	-0.017989	3.918642
84.319534	5757.232465	15.089472	-0.017946	3.916938
84.383321	5752.214332	15.094477	-0.017961	3.915263
84.311549	5747.047869	15.099482	-0.017944	3.913528
84.381921	5742.050350	15.104487	-0.017960	3.911859
84.166813	5737.086307	15.109491	-0.017908	3.910179
84.405569	5732.198838	15.114496	-0.017965	3.908558
84.257096	5727.205023	15.119501	-0.017929	3.906872
84.232301	5722.071122	15.124506	-0.017923	3.905148
84.118355	5716.802744	15.129511	-0.017895	3.903371
84.121638	5711.720321	15.134515	-0.017895	3.901664
84.281101	5706.789946	15.139520	-0.017933	3.900019
84.084253	5701.949656	15.144525	-0.017886	3.898377
84.124055	5696.919588	15.149530	-0.017895	3.896689
84.055529	5691.863430	15.154535	-0.017878	3.894982
83.988157	5686.748056	15.159539	-0.017862	3.893256
84.005128	5681.719389	15.164544	-0.017865	3.891564
83.919634	5676.884912	15.169549	-0.017844	3.889929
83.811033	5671.984400	15.174554	-0.017818	3.888269
83.860014	5666.912583	15.179559	-0.017829	3.886562
83.783491	5661.644756	15.184563	-0.017811	3.884780
83.759381	5656.370634	15.189568	-0.017804	3.882998
83.746304	5651.299896	15.194573	-0.017801	3.881285
83.753334	5646.436740	15.199578	-0.017802	3.879643
83.812938	5641.510494	15.204583	-0.017816	3.877983
83.686701	5636.439842	15.209587	-0.017786	3.876259
83.696741	5631.385756	15.214592	-0.017788	3.874550
83.602887	5626.306992	15.219597	-0.017765	3.872825
83.643436	5621.268179	15.224602	-0.017774	3.871122
83.614737	5616.524271	15.229607	-0.017767	3.869513
83.533628	5611.533206	15.234611	-0.017747	3.867816
83.646149	5606.434338	15.239616	-0.017773	3.866096
83.386818	5601.177876	15.244621	-0.017711	3.864294
83.476157	5596.028030	15.249626	-0.017732	3.862554
83.537043	5591.024710	15.254631	-0.017746	3.860860
83.533463	5586.214334	15.259635	-0.017745	3.859226
83.373182	5581.235846	15.264640	-0.017706	3.857523
83.292239	5576.204360	15.269645	-0.017686	3.855807
83.396144	5571.069850	15.274650	-0.017711	3.854069
83.263819	5566.053403	15.279655	-0.017679	3.852352
83.214399	5561.108859	15.284659	-0.017667	3.850666
83.216299	5556.283430	15.289664	-0.017667	3.849023
83.002243	5551.277195	15.294669	-0.017615	3.847301
83.116341	5546.089381	15.299674	-0.017642	3.845542
83.114191	5540.761346	15.304679	-0.017641	3.843725
83.034174	5535.698430	15.309683	-0.017622	3.841992
83.028566	5530.782211	15.314688	-0.017620	3.840314
83.010466	5525.902931	15.319693	-0.017615	3.838647
82.908290	5520.828879	15.324698	-0.017590	3.836906
82.820636	5515.835219	15.329703	-0.017569	3.835193
82.805441	5510.705271	15.334707	-0.017565	3.833438
82.903397	5505.601641	15.339712	-0.017588	3.831700
82.857904	5500.803336	15.344717	-0.017577	3.830055
82.756270	5495.744313	15.349722	-0.017552	3.828316
82.862497	5490.620071	15.354727	-0.017577	3.826569
82.689902	5485.356607	15.359731	-0.017535	3.824752
82.656398	5480.212000	15.364736	-0.017527	3.822986
82.617715	5475.179251	15.369741	-0.017517	3.821257
82.791705	5470.363918	15.374746	-0.017558	3.819618
82.802255	5465.341812	15.379751	-0.017561	3.817895
82.552005	5460.301565	15.384755	-0.017500	3.816145
82.495717	5455.256401	15.389760	-0.017486	3.814407
82.559741	5450.161030	15.394765	-0.017501	3.812661
82.566123	5445.198051	15.399770	-0.017503	3.810955
82.460240	5440.448599	15.404775	-0.017477	3.809313
82.397712	5435.349558	15.409779	-0.017461	3.807553
82.443150	5430.174133	15.414784	-0.017472	3.805774
82.348977	5424.833329	15.419789	-0.017449	3.803927
82.305314	5419.765369	15.424794	-0.017438	3.802177
82.231129	5414.911232	15.429799	-0.017420	3.800497
82.317976	5409.962200	15.434803	-0.017440	3.798796
82.243661	5404.927047	15.439808	-0.017422	3.797053
82.282840	5399.850437	15.444813	-0.017431	3.795303
82.226443	5394.758972	15.449818	-0.017417	3.793540
82.169627	5389.753978	15.454823	-0.017403	3.791805
82.154281	5384.907978	15.459827	-0.017399	3.790128
82.148604	5379.964482	15.464832	-0.017398	3.788418
82.151265	5374.881533	15.469837	-0.017398	3.786659
82.003904	5369.542990	15.474842	-0.017362	3.784799
82.072293	5364.446357	15.479847	-0.017378	3.783039
81.941214	5359.439813	15.484851	-0.017346	3.781293
81.901044	5354.677774	15.489856	-0.017336	3.779639
81.870384	5349.651126	15.494861	-0.017329	3.777893
81.849475	5344.567029	15.499866	-0.017323	3.776127
81.732394	5339.503670	15.504871	-0.017295	3.774359
81.698432	5334.471368	15.509875	-0.017286	3.772608
81.624983	5329.577967	15.514880	-0.017268	3.770902
81.671829	5324.708681	15.519885	-0.017279	3.769213
81.813614	5319.595517	15.524890	-0.017313	3.767445
81.584676	5314.334574	15.529895	-0.017258	3.765596
81.622621	5309.086892	15.534899	-0.017266	3.763772
81.464347	5304.014833	15.539904	-0.017228	3.761992
81.578485	5299.148754	15.544909	-0.017255	3.760306
81.469510	5294.203519	15.549914	-0.017228	3.758572
81.464241	5289.108847	15.554919	-0.017227	3.756795
81.431051	5284.022107	15.559923	-0.017218	3.755017
81.460537	5278.982380	15.564928	-0.017225	3.753259
81.272335	5273.994172	15.569933	-0.017180	3.751502
81.421505	5269.178121	15.574938	-0.017215	3.749831
81.211852	5264.182544	15.579943	-0.017164	3.748067
81.207127	5259.041363	15.584947	-0.017163	3.746268
81.281537	5253.703375	15.589952	-0.017180	3.744406
81.277987	5248.676579	15.594957	-0.017179	3.742645
81.166843	5243.805278	15.599962	-0.017152	3.740930
81.238496	5238.906509	15.604967	-0.017169	3.739219
81.202411	5233.831896	15.609971	-0.017160	3.737436
81.111720	5228.749208	15.614976	-0.017138	3.735646
81.090762	5223.709774	15.619981	-0.017132	3.733875
81.183320	5218.585132	15.624986	-0.017154	3.732083
80.987263	5213.932222	15.629991	-0.017107	3.730433
81.032177	5208.873047	15.634995	-0.017117	3.728658
80.905458	5203.798362	15.640000	-0.017086	3.726863
80.952381	5198.379813	15.645005	-0.017097	3.724961
80.844784	5193.262350	15.650010	-0.017071	3.723151
81.013760	5188.313613	15.655015	-0.017111	3.721422
80.814798	5183.506663	15.660019	-0.017063	3.719712
80.756176	5178.438251	15.665024	-0.017049	3.717920
80.678537	5173.388234	15.670029	-0.017030	3.716133
80.770492	5168.301192	15.675034	-0.017051	3.714346
80.646853	5163.257943	15.680039	-0.017021	3.712555
80.703039	5158.420949	15.685043	-0.017034	3.710851
80.516083	5153.495334	15.690048	-0.016989	3.709096
80.527797	5148.451596	15.695053	-0.016992	3.707314
80.561894	5143.116473	15.700058	-0.017000	3.705429
80.499081	5138.032495	15.705063	-0.016984	3.703625
80.560382	5132.987245	15.710067	-0.016998	3.701844
80.535528	5128.221868	15.715072	-0.016992	3.700154
80.429930	5123.201876	15.720077	-0.016966	3.698367
80.428013	5118.117815	15.725082	-0.016966	3.696564
80.360999	5113.032126	15.730087	-0.016949	3.694754
80.372919	5108.014883	15.735091	-0.016952	3.692975
80.420103	5103.124527	15.740096	-0.016962	3.691242
80.315968	5098.223633	15.745101	-0.016937	3.689493
80.171134	5093.165154	15.750106	-0.016902	3.687683
80.268485	5087.802131	15.755111	-0.016925	3.685784
80.263438	5082.630850	15.760115	-0.016923	3.683944
80.166444	5077.601293	15.765120	-0.016900	3.682146
80.228958	5072.797012	15.770125	-0.016914	3.680440
80.019452	5067.769004	15.775130	-0.016864	3.678631
80.051563	5062.762795	15.780135	-0.016871	3.676850
79.990583	5057.654915	15.785139	-0.016856	3.675023
79.913072	5052.584990	15.790144	-0.016837	3.673208
80.010140	5047.671377	15.795149	-0.016860	3.671462
79.887648	5042.797937	15.800154	-0.016830	3.669711
79.911915	5037.751545	15.805159	-0.016836	3.667910
79.902216	5032.451978	15.810163	-0.016833	3.666014
79.745843	5027.327734	15.815168	-0.016795	3.664168
79.847851	5022.262714	15.820173	-0.016819	3.662365
79.735069	5017.550053	15.825178	-0.016792	3.660668
79.787098	5012.485114	15.830183	-0.016804	3.658858
79.668309	5007.452716	15.835187	-0.016775	3.657044
79.585547	5002.348152	15.840192	-0.016755	3.655207
79.605506	4997.267914	15.845197	-0.016759	3.653386
79.739622	4992.343100	15.850202	-0.016791	3.651630
79.663191	4987.516714	15.855207	-0.016772	3.649891
79.411877	4982.504876	15.860211	-0.016712	3.648069
79.505782	4977.073972	15.865216	-0.016734	3.646125
79.378500	4971.971972	15.870221	-0.016703	3.644279
79.327332	4966.885702	15.875226	-0.016690	3.642444
79.420699	4962.141258	15.880231	-0.016712	3.640744
79.394711	4957.061737	15.885235	-0.016706	3.638913
79.406018	4952.047778	15.890240	-0.016708	3.637107
79.328992	4946.923201	15.895245	-0.016689	3.635253
79.211950	4941.863611	15.900250	-0.016661	3.633418
79.304212	4936.913137	15.905255	-0.016683	3.631639
79.113410	4932.026697	15.910259	-0.016637	3.629858
79.195982	4926.913146	15.915264	-0.016656	3.628018
79.244851	4921.586559	15.920269	-0.016667	3.626097
79.115426	4916.472933	15.925274	-0.016636	3.624237
79.071462	4911.490742	15.930279	-0.016625	3.622430
79.093324	4906.692723	15.935283	-0.016630	3.620695
79.032151	4901.681634	15.940288	-0.016615	3.618875
78.843240	4896.663275	15.945293	-0.016569	3.617041
78.849675	4891.538616	15.950298	-0.016570	3.615183
78.962546	4886.482217	15.955303	-0.016597	3.613359
78.905364	4881.627484	15.960307	-0.016583	3.611592
78.824075	4876.711315	15.965312	-0.016563	3.609800
79.052428	4871.625110	15.970317	-0.016617	3.607973
78.733749	4866.190542	15.975322	-0.016541	3.605970
78.808211	4861.105523	15.980327	-0.016558	3.604127
78.653448	4856.158144	15.985331	-0.016521	3.602313
78.735434	4851.281373	15.990336	-0.016540	3.600545
78.709356	4846.247937	15.995341	-0.016533	3.598710
78.587607	4841.189653	16.000346	-0.016504	3.596856
78.540204	4836.133175	16.005351	-0.016492	3.595009
78.504213	4831.050883	16.010355	-0.016483	3.593152
78.431240	4826.235052	16.015360	-0.016465	3.591388
78.453453	4821.271193	16.020365	-0.016470	3.589577
78.352415	4816.194439	16.025370	-0.016445	3.587714
78.416159	4810.859244	16.030375	-0.016460	3.585769
78.375869	4805.797954	16.035379	-0.016450	3.583915
78.300064	4800.920236	16.040384	-0.016432	3.582123
78.403007	4796.003291	16.045389	-0.016456	3.580333
78.442751	4790.912371	16.050394	-0.016465	3.578472
78.325875	4785.893668	16.055399	-0.016437	3.576622
78.276997	4780.787004	16.060403	-0.016425	3.574746
78.111031	4775.794068	16.065408	-0.016385	3.572899
78.202612	4771.056584	16.070413	-0.016406	3.571169
78.169676	4766.038882	16.075418	-0.016398	3.569323
77.959224	4760.884400	16.080423	-0.016347	3.567411
77.875606	4755.537958	16.085427	-0.016327	3.565438
77.938066	4750.471157	16.090432	-0.016341	3.563580
77.980236	4745.621436	16.095437	-0.016351	3.561799
77.996457	4740.661770	16.100442	-0.016354	3.559975
78.022462	4735.567521	16.105447	-0.016360	3.558101
77.870675	4730.538904	16.110451	-0.016323	3.556234
77.705121	4725.515510	16.115456	-0.016283	3.554366
77.796840	4720.536737	16.120461	-0.016305	3.552538
77.707759	4715.692719	16.125466	-0.016283	3.550742
77.834280	4710.579450	16.130471	-0.016313	3.548865
77.779275	4705.350328	16.135475	-0.016300	3.546928
77.683625	4700.224388	16.140480	-0.016276	3.545024
77.836367	4695.160916	16.145485	-0.016313	3.543165
77.708882	4690.430313	16.150490	-0.016282	3.541402
77.717643	4685.372762	16.155495	-0.016283	3.539530
77.599008	4680.369428	16.160499	-0.016255	3.537666
77.521115	4675.249293	16.165504	-0.016236	3.535761
77.586902	4670.208503	16.170509	-0.016251	3.533897
77.409625	4665.394235	16.175514	-0.016208	3.532095
77.493638	4660.389473	16.180519	-0.016228	3.530244
77.440136	4655.369113	16.185523	-0.016215	3.528374
77.349977	4649.901958	16.190528	-0.016193	3.526334
77.311829	4644.857401	16.195533	-0.016183	3.524455
77.116718	4639.958338	16.200538	-0.016136	3.522614
77.177264	4635.051553	16.205543	-0.016150	3.520793
77.234612	4629.961200	16.210547	-0.016163	3.518902
77.257790	4624.840972	16.215552	-0.016169	3.516996
77.276356	4619.815056	16.220557	-0.016173	3.515124
77.035950	4614.796549	16.225562	-0.016115	3.513230
76.992262	4610.033125	16.230567	-0.016104	3.511448
77.062832	4604.955467	16.235571	-0.016120	3.509558
76.943168	4599.816611	16.240576	-0.016091	3.507627
77.027415	4594.590783	16.245581	-0.016111	3.505681
76.936115	4589.531568	16.250586	-0.016089	3.503780
77.012119	4584.693751	16.255591	-0.016107	3.501976
76.810961	4579.725591	16.260595	-0.016058	3.500097
76.966655	4574.648089	16.265600	-0.016095	3.498209
76.766521	4569.596880	16.270605	-0.016047	3.496297
76.820861	4564.509278	16.275610	-0.016059	3.494394
76.774638	4559.663226	16.280615	-0.016048	3.492571
76.787761	4554.731776	16.285619	-0.016051	3.490720
76.681303	4549.673243	16.290624	-0.016025	3.488810
76.747652	4544.287101	16.295629	-0.016040	3.486792
76.592936	4539.165052	16.300634	-0.016003	3.484851
76.517248	4534.256752	16.305639	-0.015984	3.482996
76.569674	4529.360519	16.310643	-0.015997	3.481158
76.663404	4524.256016	16.315648	-0.016019	3.479244
76.636600	4519.209286	16.320653	-0.016012	3.477339
76.529884	4514.129061	16.325658	-0.015986	3.475413
76.395574	4509.134705	16.330663	-0.015953	3.473516
76.443913	4504.351155	16.335667	-0.015965	3.471714
76.365528	4499.321735	16.340672	-0.015945	3.469807
76.495787	4494.122192	16.345677	-0.015976	3.467854
76.218527	4488.957674	16.350682	-0.015909	3.465875
76.147848	4483.890334	16.355687	-0.015892	3.463951
76.320743	4479.049051	16.360691	-0.015933	3.462135
76.309411	4474.011011	16.365696	-0.015930	3.460225
76.109976	4469.026373	16.370701	-0.015882	3.458317
75.960971	4463.988249	16.375706	-0.015846	3.456392
76.065555	4458.815912	16.380711	-0.015870	3.454440
76.146734	4453.894888	16.385715	-0.015889	3.452579
76.036839	4448.989322	16.390720	-0.015863	3.450706
75.961012	4443.915261	16.395725	-0.015844	3.448770
75.858168	4438.486473	16.400730	-0.015819	3.446696
75.884155	4433.415635	16.405735	-0.015825	3.444769
75.884587	4428.521328	16.410739	-0.015825	3.442906
75.861118	4423.557049	16.415744	-0.015819	3.441012
75.834635	4418.514378	16.420749	-0.015812	3.439088
75.707055	4413.468203	16.425754	-0.015781	3.437151
75.736334	4408.386841	16.430759	-0.015788	3.435215
75.718209	4403.455239	16.435763	-0.015783	3.433331
75.787742	4398.536816	16.440768	-0.015799	3.431459
75.698407	4393.520871	16.445773	-0.015778	3.429533
75.506451	4388.299570	16.450778	-0.015731	3.427518
75.594172	4383.156426	16.455783	-0.015752	3.425559
75.608238	4378.155555	16.460787	-0.015755	3.423646
75.519454	4373.307463	16.465792	-0.015733	3.421780
75.451966	4368.308421	16.470797	-0.015717	3.419857
75.512555	4363.225914	16.475802	-0.015731	3.417914
75.265283	4358.184781	16.480807	-0.015671	3.415956
75.407583	4353.105953	16.485811	-0.015705	3.414020
75.195620	4348.398102	16.490816	-0.015654	3.412191
75.360911	4343.314884	16.495821	-0.015693	3.410253
75.301912	4338.090424	16.500826	-0.015678	3.408238
75.256798	4332.812812	16.505831	-0.015667	3.406203
75.193840	4327.771526	16.510835	-0.015652	3.404256
75.102224	4323.015124	16.515840	-0.015629	3.402414
75.261043	4317.919570	16.520845	-0.015667	3.400466
75.151219	4312.899627	16.525850	-0.015640	3.398519
74.997245	4307.834052	16.530855	-0.015603	3.396549
74.920153	4302.814036	16.535859	-0.015584	3.394603
75.053952	4297.944872	16.540864	-0.015616	3.392735
75.032402	4292.959088	16.545869	-0.015610	3.390806
74.977226	4287.841133	16.550874	-0.015597	3.388821
74.929094	4282.578419	16.555879	-0.015585	3.386779
74.901520	4277.549776	16.560883	-0.015578	3.384829
74.769111	4272.678245	16.565888	-0.015546	3.382929
74.823083	4267.727793	16.570893	-0.015558	3.381015
74.661816	4262.724424	16.575898	-0.015519	3.379058
74.691860	4257.625750	16.580903	-0.015526	3.377082
74.801956	4252.552840	16.585907	-0.015552	3.375123
74.635621	4247.717876	16.590912	-0.015512	3.373228
74.698277	4242.764077	16.595917	-0.015526	3.371308
74.611057	4237.666376	16.600922	-0.015505	3.369316
74.624231	4232.291654	16.605927	-0.015508	3.367225
74.579371	4227.238140	16.610931	-0.015497	3.365253
74.481328	4222.324674	16.615936	-0.015473	3.363328
74.580780	4217.399857	16.620941	-0.015496	3.361418
74.403907	4212.359631	16.625946	-0.015454	3.359433
74.281794	4207.261127	16.630951	-0.015424	3.357430
74.299906	4202.234900	16.635955	-0.015428	3.355469
74.226252	4197.325594	16.640960	-0.015410	3.353543
74.400918	4192.379562	16.645965	-0.015451	3.351626
74.206522	4187.373199	16.650970	-0.015405	3.349647
74.214465	4182.050375	16.655975	-0.015406	3.347564
74.236877	4176.951755	16.660979	-0.015411	3.345569
74.157664	4172.065663	16.665984	-0.015392	3.343645
74.129994	4167.135609	16.670989	-0.015385	3.341709
74.137057	4162.076930	16.675994	-0.015386	3.339724
74.005826	4157.070716	16.680999	-0.015354	3.337745
73.997230	4151.951434	16.686003	-0.015352	3.335732
74.022846	4147.028765	16.691008	-0.015357	3.333799
73.980635	4142.167854	16.696013	-0.015347	3.331883
73.918814	4137.109502	16.701018	-0.015332	3.329885
73.853781	4131.742046	16.706023	-0.015316	3.327765
73.739877	4126.640232	16.711027	-0.015288	3.325742
73.829166	4121.673749	16.716032	-0.015309	3.323793
73.838901	4116.818708	16.721037	-0.015311	3.321878
73.746985	4111.738462	16.726042	-0.015289	3.319863
73.760723	4106.692982	16.731047	-0.015292	3.317871
73.797373	4101.582160	16.736051	-0.015300	3.315854
73.683020	4096.704887	16.741056	-0.015272	3.313913
73.446351	4091.891709	16.746061	-0.015215	3.311984
73.580828	4086.769083	16.751066	-0.015247	3.309969
73.542862	4081.471787	16.756071	-0.015237	3.307866
73.571683	4076.387857	16.761075	-0.015244	3.305854
73.463813	4071.496263	16.766080	-0.015218	3.303902
73.537651	4066.555208	16.771085	-0.015235	3.301948
73.432164	4061.523470	16.776090	-0.015209	3.299938
73.327985	4056.463872	16.781095	-0.015184	3.297917
73.387543	4051.402847	16.786099	-0.015198	3.295910
73.310260	4046.420856	16.791104	-0.015179	3.293919
73.238713	4041.542300	16.796109	-0.015162	3.291969
73.322233	4036.396320	16.801114	-0.015181	3.289928
73.130887	4031.013515	16.806119	-0.015135	3.287762
73.084588	4025.945054	16.811123	-0.015124	3.285735
73.120859	4021.027644	16.816128	-0.015132	3.283776
73.114338	4016.096306	16.821133	-0.015130	3.281806
72.983314	4011.092231	16.826138	-0.015098	3.279792
72.969697	4005.988486	16.831143	-0.015094	3.277750
72.964731	4000.954279	16.836147	-0.015093	3.275735
72.938109	3996.048937	16.841152	-0.015086	3.273768
72.969271	3991.129716	16.846157	-0.015093	3.271800
72.751972	3986.059615	16.851162	-0.015041	3.269745
72.833276	3980.756593	16.856167	-0.015060	3.267626
72.820954	3975.684707	16.861171	-0.015057	3.265589
72.688744	3970.897202	16.866176	-0.015025	3.263652
72.777065	3965.856868	16.871181	-0.015045	3.261636
72.748755	3960.817171	16.876186	-0.015038	3.259606
72.621406	3955.769674	16.881191	-0.015007	3.257562
72.596353	3950.730798	16.886195	-0.015001	3.255530
72.564314	3945.887505	16.891200	-0.014993	3.253576
72.593359	3940.906251	16.896205	-0.014999	3.251571
72.596776	3935.681087	16.901210	-0.015000	3.249463
72.578973	3930.422427	16.906215	-0.014995	3.247339
72.472603	3925.358468	16.911219	-0.014969	3.245282
72.343385	3920.591125	16.916224	-0.014938	3.243341
72.443755	3915.530894	16.921229	-0.014962	3.241306
72.422135	3910.453098	16.926234	-0.014956	3.239249
72.268189	3905.450055	16.931239	-0.014919	3.237206
72.298796	3900.379421	16.936243	-0.014926	3.235155
72.316666	3895.582518	16.941248	-0.014930	3.233212
72.278159	3890.542733	16.946253	-0.014920	3.231164
72.204391	3885.333365	16.951258	-0.014902	3.229041
72.190290	3880.175272	16.956263	-0.014898	3.226944
72.203182	3875.182244	16.961267	-0.014901	3.224916
72.114105	3870.360074	16.966272	-0.014879	3.222945
72.172238	3865.288267	16.971277	-0.014893	3.220888
72.017447	3860.262926	16.976282	-0.014855	3.218824
72.120280	3855.152668	16.981287	-0.014880	3.216753
71.977435	3850.296778	16.986291	-0.014845	3.214758
71.836082	3845.429794	16.991296	-0.014811	3.212756
71.853109	3840.382720	16.996301	-0.014814	3.210698
71.936719	3835.021514	17.001306	-0.014834	3.208517
71.832223	3829.981671	17.006311	-0.014809	3.206445
71.912448	3825.045007	17.011315	-0.014827	3.204434
71.701315	3820.153944	17.016320	-0.014777	3.202409
71.681669	3815.124612	17.021325	-0.014771	3.200347
71.628938	3809.984074	17.026330	-0.014758	3.198234
71.620044	3804.921137	17.031335	-0.014756	3.196157
71.490937	3800.142588	17.036339	-0.014725	3.194182
71.558052	3795.092958	17.041344	-0.014740	3.192116
71.428026	3790.027600	17.046349	-0.014709	3.190020
71.427276	3784.788031	17.051354	-0.014708	3.187865
71.373683	3779.696741	17.056359	-0.014695	3.185765
71.307155	3774.948139	17.061363	-0.014679	3.183802
71.449874	3769.866377	17.066368	-0.014712	3.181724
71.383348	3764.820997	17.071373	-0.014696	3.179637
71.363802	3759.730687	17.076378	-0.014691	3.177535
71.209792	3754.771644	17.081383	-0.014654	3.175471
71.283242	3749.917482	17.086387	-0.014671	3.173474
71.287591	3744.846455	17.091392	-0.014672	3.171378
71.143622	3739.606956	17.096397	-0.014637	3.169195
70.989857	3734.460507	17.101402	-0.014600	3.167048
71.073375	3729.473249	17.106407	-0.014619	3.164992
71.080296	3724.584551	17.111411	-0.014621	3.162966
71.130902	3719.500465	17.116416	-0.014632	3.160864
71.069246	3714.436718	17.121421	-0.014617	3.158756
70.845989	3709.426342	17.126426	-0.014563	3.156650
70.998405	3704.513970	17.131431	-0.014599	3.154626
70.873336	3699.612669	17.136435	-0.014569	3.152574
70.777691	3694.489067	17.141440	-0.014546	3.150431
70.761091	3689.163056	17.146445	-0.014541	3.148212
70.715376	3684.086943	17.151450	-0.014530	3.146091
70.757809	3679.261210	17.156455	-0.014540	3.144084
70.692107	3674.255590	17.161459	-0.014524	3.141988
70.635918	3669.185701	17.166464	-0.014510	3.139866
70.622483	3664.153903	17.171469	-0.014506	3.137762
70.581787	3659.137414	17.176474	-0.014496	3.135660
70.474684	3654.339432	17.181479	-0.014470	3.133641
70.613346	3649.271563	17.186483	-0.014503	3.131535
70.446429	3643.880148	17.191488	-0.014463	3.129258
70.415658	3638.767405	17.196493	-0.014455	3.127111
70.451609	3633.860883	17.201498	-0.014463	3.125057
70.415929	3628.914747	17.206503	-0.014454	3.122977
70.417636	3623.868042	17.211507	-0.014454	3.120858
70.292405	3618.777916	17.216512	-0.014424	3.118704
70.316515	3613.744599	17.221517	-0.014429	3.116589
70.253760	3608.907615	17.226522	-0.014414	3.114546
70.214272	3603.908112	17.231527	-0.014404	3.112436
70.256868	3598.761335	17.236531	-0.014414	3.110272
70.099157	3593.610319	17.241536	-0.014376	3.108081
70.070184	3588.571776	17.246541	-0.014368	3.105952
70.020538	3583.752268	17.251546	-0.014356	3.103910
70.028048	3578.680928	17.256551	-0.014357	3.101768
69.933244	3573.642024	17.261555	-0.014334	3.099626
70.021693	3568.517764	17.266560	-0.014355	3.097468
69.956339	3563.644343	17.271565	-0.014339	3.095396
69.932734	3558.728073	17.276570	-0.014333	3.093310
69.861310	3553.623734	17.281575	-0.014316	3.091137
69.870866	3548.263832	17.286579	-0.014317	3.088864
69.777791	3543.205211	17.291584	-0.014295	3.086705
69.733439	3538.377580	17.296589	-0.014284	3.084648
69.707796	3533.371136	17.301594	-0.014277	3.082516
69.621946	3528.343764	17.306599	-0.014256	3.080366
69.680996	3523.260017	17.311603	-0.014270	3.078208
69.659450	3518.240223	17.316608	-0.014265	3.076067
69.634045	3513.426268	17.321613	-0.014258	3.074011
69.522619	3508.408287	17.326618	-0.014231	3.071856
69.512928	3503.131775	17.331623	-0.014228	3.069602
69.557051	3498.041383	17.336627	-0.014238	3.067432
69.470681	3493.136049	17.341632	-0.014217	3.065324
69.418137	3488.218892	17.346637	-0.014204	3.063213
69.345684	3483.182414	17.351642	-0.014187	3.061048
69.305235	3478.091107	17.356647	-0.014177	3.058861
69.261341	3473.045899	17.361651	-0.014166	3.056693
69.309329	3468.242694	17.366656	-0.014177	3.054637
69.287271	3463.230378	17.371661	-0.014171	3.052482
69.187745	3457.959977	17.376666	-0.014147	3.050205
69.122104	3452.784250	17.381671	-0.014131	3.047971
69.099370	3447.851278	17.386675	-0.014125	3.045845
69.040087	3442.932685	17.391680	-0.014110	3.043720
69.024659	3437.881478	17.396685	-0.014106	3.041541
69.022814	3432.791749	17.401690	-0.014106	3.039346
68.877056	3427.787864	17.406695	-0.014070	3.037168
68.948845	3422.931285	17.411699	-0.014087	3.035080
68.945836	3417.900369	17.416704	-0.014086	3.032905
68.758119	3412.773964	17.421709	-0.014041	3.030665
68.863592	3407.561390	17.426714	-0.014065	3.028421
68.727245	3402.614198	17.431719	-0.014032	3.026262
68.773153	3397.724622	17.436723	-0.014043	3.024148
68.836970	3392.637721	17.441728	-0.014058	3.021949
68.656993	3387.597021	17.446733	-0.014015	3.019739
68.559156	3382.574392	17.451738	-0.013991	3.017545
68.657791	3377.689082	17.456743	-0.014014	3.015433
68.620198	3372.628057	17.461747	-0.014005	3.013227
68.622933	3367.399559	17.466752	-0.014005	3.010951
68.379133	3362.222871	17.471757	-0.013946	3.008666
68.386945	3357.202024	17.476762	-0.013948	3.006478
68.381005	3352.337473	17.481767	-0.013946	3.004354
68.435567	3347.290637	17.486771	-0.013958	3.002157
68.320709	3342.208795	17.491776	-0.013931	2.999923
68.360791	3337.163469	17.496781	-0.013940	2.997721
68.307232	3332.298723	17.501786	-0.013927	2.995586
68.214141	3327.326761	17.506791	-0.013904	2.993397
68.193959	3322.180511	17.511795	-0.013899	2.991139
68.161416	3316.976181	17.516800	-0.013890	2.988853
68.120014	3312.001619	17.521805	-0.013880	2.986664
68.183145	3307.112004	17.526810	-0.013895	2.984524
68.083683	3302.086548	17.531815	-0.013871	2.982303
68.114719	3297.010208	17.536819	-0.013878	2.980074
67.977584	3291.966839	17.541824	-0.013845	2.977837
67.973829	3287.128276	17.546829	-0.013843	2.975705
67.969861	3282.116261	17.551834	-0.013842	2.973495
67.869891	3276.929350	17.556839	-0.013818	2.971194
67.921365	3271.670315	17.561843	-0.013829	2.968878
67.914193	3266.665780	17.566848	-0.013827	2.966666
67.769206	3261.845271	17.571853	-0.013792	2.964516
67.702650	3256.783182	17.576858	-0.013776	2.962268
67.831710	3251.650334	17.581863	-0.013806	2.960011
67.681008	3246.641037	17.586867	-0.013770	2.957772
67.524795	3241.803230	17.591872	-0.013732	2.955606
67.582550	3236.818132	17.596877	-0.013746	2.953401
67.595799	3231.637926	17.601882	-0.013748	2.951101
67.649757	3226.426278	17.606887	-0.013761	2.948791
67.434982	3221.543621	17.611891	-0.013709	2.946592
67.406209	3216.619373	17.616896	-0.013702	2.944396
67.480723	3211.582482	17.621901	-0.013719	2.942161
67.457681	3206.487642	17.626906	-0.013713	2.939887
67.299040	3201.464157	17.631911	-0.013675	2.937625
67.406508	3196.639027	17.636915	-0.013700	2.935484
67.315948	3191.628164	17.641920	-0.013678	2.933233
67.182725	3186.375220	17.646925	-0.013646	2.930866
67.227468	3181.189997	17.651930	-0.013656	2.928551
67.231031	3176.260987	17.656935	-0.013657	2.926343
67.138545	3171.363900	17.661939	-0.013634	2.924136
67.116988	3166.297193	17.666944	-0.013629	2.921860
67.118565	3161.206958	17.671949	-0.013629	2.919575
67.075715	3156.200817	17.676954	-0.013618	2.917320
67.010654	3151.385377	17.681959	-0.013602	2.915146
67.095504	3146.327333	17.686963	-0.013622	2.912881
66.962192	3141.068378	17.691968	-0.013590	2.910495
66.937864	3136.044187	17.696973	-0.013584	2.908227
66.835053	3131.167558	17.701978	-0.013559	2.906014
66.844202	3126.174002	17.706983	-0.013560	2.903761
66.710761	3121.158345	17.711987	-0.013528	2.901477
66.842156	3116.008337	17.716992	-0.013559	2.899166
66.736417	3111.118257	17.721997	-0.013533	2.896939
66.556784	3106.306342	17.727002	-0.013490	2.894736
66.522794	3101.147696	17.732007	-0.013482	2.892394
66.565118	3095.733182	17.737011	-0.013491	2.889944
66.488224	3090.648421	17.742016	-0.013473	2.887625
66.577332	3085.807665	17.747021	-0.013493	2.885438
66.422337	3080.800123	17.752026	-0.013456	2.883140
66.524740	3075.659852	17.757031	-0.013480	2.880815
66.453363	3070.636281	17.762035	-0.013463	2.878518
66.320028	3065.794218	17.767040	-0.013430	2.876293
66.480936	3060.768867	17.772045	-0.013468	2.874022
66.348512	3055.624503	17.777050	-0.013436	2.871656
66.259527	3050.480742	17.782055	-0.013415	2.869295
66.232457	3045.537627	17.787059	-0.013408	2.867031
66.207324	3040.579452	17.792064	-0.013401	2.864759
66.201962	3035.558838	17.797069	-0.013400	2.862459
66.135516	3030.484407	17.802074	-0.013383	2.860124
65.952607	3025.511235	17.807079	-0.013339	2.857818
65.921550	3020.723750	17.812083	-0.013331	2.855617
65.951474	3015.632881	17.817088	-0.013338	2.853282
66.007341	3010.261717	17.822093	-0.013351	2.850819
65.927861	3005.180679	17.827098	-0.013332	2.848470
65.776247	3000.355910	17.832103	-0.013295	2.846228
65.829215	2995.336662	17.837107	-0.013307	2.843921
65.872356	2990.255996	17.842112	-0.013317	2.841583
65.912300	2985.163522	17.847117	-0.013326	2.839237
65.754062	2980.291722	17.852122	-0.013288	2.836965
65.766307	2975.330987	17.857127	-0.013291	2.834672
65.589474	2970.259518	17.862131	-0.013248	2.832301
65.574277	2965.048185	17.867136	-0.013244	2.829885
65.519953	2960.118618	17.872141	-0.013231	2.827592
65.474608	2955.218025	17.877146	-0.013219	2.825312
65.459179	2950.170864	17.882151	-0.013215	2.822966
65.444755	2945.086649	17.887155	-0.013212	2.820601
65.398898	2940.040055	17.892160	-0.013200	2.818248
65.299599	2935.269419	17.897165	-0.013176	2.816013
65.426612	2930.212610	17.902170	-0.013206	2.813675
65.361680	2924.815980	17.907175	-0.013190	2.811149
65.341663	2919.734013	17.912179	-0.013185	2.808775
65.237311	2914.910910	17.917184	-0.013160	2.806507
65.104834	2909.927779	17.922189	-0.013127	2.804160
65.063089	2904.872894	17.927194	-0.013117	2.801789
65.156316	2899.744012	17.932199	-0.013139	2.799400
65.140311	2894.865293	17.937203	-0.013135	2.797111
65.053431	2889.908284	17.942208	-0.013114	2.794774
65.193966	2884.713753	17.947213	-0.013147	2.792355
65.086781	2879.564657	17.952218	-0.013121	2.789921
64.889473	2874.645052	17.957223	-0.013073	2.787580
64.879138	2869.746883	17.962227	-0.013070	2.785273
64.869736	2864.699466	17.967232	-0.013068	2.782894
64.801816	2859.610074	17.972237	-0.013051	2.780485
64.792500	2854.542893	17.977242	-0.013048	2.778093
64.700397	2849.678950	17.982247	-0.013026	2.775783
64.854178	2844.586744	17.987251	-0.013062	2.773397
64.664507	2839.261219	17.992256	-0.013017	2.770851
64.567916	2834.265104	17.997261	-0.012993	2.768472
64.737108	2829.395604	18.002266	-0.013033	2.766188
64.557369	2824.375974	18.007271	-0.012990	2.763782
64.610965	2819.286512	18.012275	-0.013002	2.761373
64.425127	2814.271677	18.017280	-0.012957	2.758964
64.474009	2809.410981	18.022285	-0.012969	2.756659
64.522741	2804.371437	18.027290	-0.012980	2.754268
64.323685	2799.198100	18.032295	-0.012932	2.751775
64.367108	2794.095744	18.037299	-0.012942	2.749348
64.329528	2789.193223	18.042304	-0.012933	2.747003
64.215993	2784.221406	18.047309	-0.012905	2.744612
64.304830	2779.180177	18.052314	-0.012926	2.742215
64.290103	2774.086026	18.057319	-0.012922	2.739776
64.109198	2769.249768	18.062323	-0.012878	2.737434
64.170915	2764.264863	18.067328	-0.012893	2.735053
64.021253	2759.070035	18.072333	-0.012856	2.732540
64.117271	2753.830992	18.077338	-0.012879	2.730038
64.031659	2748.912445	18.082343	-0.012858	2.727662
63.965441	2743.995693	18.087347	-0.012842	2.725287
63.895798	2738.940385	18.092352	-0.012825	2.722843
63.914368	2733.849102	18.097357	-0.012829	2.720392
63.856264	2728.926313	18.102362	-0.012815	2.718010
63.864318	2723.981014	18.107367	-0.012816	2.715623
63.813967	2718.873420	18.112371	-0.012804	2.713148
63.773707	2713.678453	18.117376	-0.012794	2.710630
63.745429	2708.718765	18.122381	-0.012787	2.708225
63.738794	2703.810485	18.127386	-0.012785	2.705846
63.535196	2698.803908	18.132391	-0.012735	2.703389
63.517964	2693.748151	18.137395	-0.012731	2.700933
63.509037	2688.747829	18.142400	-0.012728	2.698502
63.590192	2683.836063	18.147405	-0.012747	2.696126
63.561070	2678.716681	18.152410	-0.012740	2.693630
63.373644	2673.452851	18.157415	-0.012695	2.691038
63.406639	2668.476238	18.162419	-0.012702	2.688617
63.324704	2663.605074	18.167424	-0.012682	2.686227
63.248444	2658.580699	18.172429	-0.012664	2.683762
63.226653	2653.496754	18.177434	-0.012658	2.681273
63.276053	2648.456088	18.182439	-0.012670	2.678813
63.176839	2643.641168	18.187443	-0.012645	2.676440
63.061943	2638.581949	18.192448	-0.012618	2.673943
63.031173	2633.244032	18.197453	-0.012610	2.671319
63.054793	2628.246311	18.202458	-0.012615	2.668868
63.076725	2623.336188	18.207463	-0.012620	2.666457
63.033023	2618.312021	18.212467	-0.012609	2.663978
62.934015	2613.250936	18.217472	-0.012585	2.661470
62.853787	2608.263696	18.222477	-0.012565	2.659000
62.905734	2603.400616	18.227482	-0.012577	2.656608
62.812697	2598.318394	18.232487	-0.012555	2.654083
62.800488	2592.990696	18.237491	-0.012551	2.651448
62.791848	2587.965149	18.242496	-0.012549	2.648959
62.722136	2583.105787	18.247501	-0.012532	2.646542
62.675130	2578.068119	18.252506	-0.012520	2.644037
62.525615	2573.027270	18.257511	-0.012484	2.641513
62.587649	2568.003626	18.262515	-0.012499	2.639026
62.488968	2563.161053	18.267520	-0.012475	2.636604
62.597365	2558.026382	18.272525	-0.012500	2.634065
62.518272	2552.809968	18.277530	-0.012481	2.631454
62.430501	2547.832002	18.282535	-0.012459	2.628958
62.517233	2542.921857	18.287539	-0.012480	2.626521
62.404078	2537.891672	18.292544	-0.012452	2.623991
62.235802	2532.847563	18.297549	-0.012412	2.621443
62.246850	2527.897373	18.302554	-0.012414	2.618966
62.281633	2522.976407	18.307559	-0.012422	2.616506
62.197626	2517.860645	18.312563	-0.012401	2.613928
62.197943	2512.600015	18.317568	-0.012401	2.611287
62.117632	2507.653325	18.322573	-0.012381	2.608789
61.938306	2502.784359	18.327578	-0.012338	2.606312
62.138942	2497.640793	18.332583	-0.012386	2.603753
62.115452	2492.592733	18.337587	-0.012380	2.601205
61.912484	2487.711961	18.342592	-0.012331	2.598712
62.010398	2482.748260	18.347597	-0.012354	2.596221
61.951983	2477.618707	18.352602	-0.012339	2.593619
61.849081	2472.451478	18.357607	-0.012314	2.590989
61.919569	2467.526502	18.362611	-0.012331	2.588505
61.751685	2462.605461	18.367616	-0.012290	2.585985
61.888375	2457.516604	18.372621	-0.012323	2.583423
61.618403	2452.514952	18.377626	-0.012258	2.580841
61.571841	2447.627493	18.382631	-0.012246	2.578349
61.606851	2442.597198	18.387635	-0.012254	2.575794
61.620801	2437.322907	18.392640	-0.012257	2.573109
61.407535	2432.250348	18.397645	-0.012206	2.570489
61.328203	2427.402741	18.402650	-0.012186	2.568002
61.400558	2422.324683	18.407655	-0.012203	2.565418
61.325055	2417.291547	18.412659	-0.012185	2.562831
61.307913	2412.208454	18.417664	-0.012180	2.560226
61.290720	2407.398735	18.422669	-0.012176	2.557758
61.127019	2402.367084	18.427674	-0.012136	2.555151
61.220081	2397.091968	18.432679	-0.012158	2.552456
61.166304	2392.087504	18.437683	-0.012145	2.549875
61.122975	2387.215588	18.442688	-0.012134	2.547361
61.219309	2382.115645	18.447693	-0.012157	2.544749
61.030660	2377.121286	18.452698	-0.012111	2.542143
61.037587	2372.093098	18.457703	-0.012113	2.539549
61.010205	2367.222216	18.462707	-0.012106	2.537027
60.786317	2362.125365	18.467712	-0.012052	2.534355
60.836175	2356.883946	18.472717	-0.012063	2.531649
60.855264	2351.931483	18.477722	-0.012067	2.529085
60.742010	2346.975851	18.482727	-0.012040	2.526495
60.846749	2341.899798	18.487731	-0.012064	2.523875
60.759551	2336.848616	18.492736	-0.012043	2.521235
60.720728	2331.961383	18.497741	-0.012034	2.518685
60.662851	2326.975409	18.502746	-0.012019	2.516078
60.567987	2321.796384	18.507751	-0.011996	2.513361
60.431856	2316.757092	18.512755	-0.011963	2.510708
60.599652	2311.817190	18.517760	-0.012003	2.508153
60.455561	2306.850268	18.522765	-0.011968	2.505531
60.498641	2301.751416	18.527770	-0.011978	2.502867
60.417991	2296.745402	18.532775	-0.011958	2.500229
60.385728	2291.897063	18.537779	-0.011950	2.497679
60.256100	2286.797345	18.542784	-0.011919	2.494979
60.237097	2281.494494	18.547789	-0.011914	2.492186
60.332564	2276.515514	18.552794	-0.011936	2.489580
60.261534	2271.577415	18.557799	-0.011919	2.486965
60.335515	2266.412930	18.562803	-0.011936	2.484252
60.155796	2261.395215	18.567808	-0.011893	2.481572
60.125630	2256.457180	18.572813	-0.011885	2.478955
60.038977	2251.507760	18.577818	-0.011864	2.476321
59.939369	2246.338655	18.582823	-0.011840	2.473565
60.044383	2241.197221	18.587827	-0.011865	2.470854
59.969917	2236.379290	18.592832	-0.011846	2.468283
59.812669	2231.369207	18.597837	-0.011808	2.465593
59.810937	2226.312386	18.602842	-0.011808	2.462901
59.632090	2221.342101	18.607847	-0.011765	2.460223
59.770183	2216.404193	18.612851	-0.011797	2.457612
59.470078	2211.357285	18.617856	-0.011725	2.454867
59.460876	2206.134591	18.622861	-0.011722	2.452073
59.734977	2201.099541	18.627866	-0.011788	2.449424
59.640711	2196.171233	18.632871	-0.011765	2.446768
59.494304	2191.155272	18.637875	-0.011729	2.444053
59.425550	2186.092784	18.642880	-0.011712	2.441323
59.434212	2181.195763	18.647885	-0.011714	2.438691
59.336613	2176.228287	18.652890	-0.011690	2.436002
59.449769	2170.933053	18.657895	-0.011717	2.433168
59.372410	2165.936745	18.662899	-0.011698	2.430460
59.233671	2161.071906	18.667904	-0.011664	2.427809
59.267533	2156.010553	18.672909	-0.011672	2.425079
59.328207	2150.948190	18.677914	-0.011686	2.422350
59.235431	2145.981420	18.682919	-0.011664	2.419643
59.142406	2141.064346	18.687923	-0.011641	2.416960
59.046181	2135.834595	18.692928	-0.011618	2.414104
59.031568	2130.719446	18.697933	-0.011614	2.411320
59.076072	2125.818061	18.702938	-0.011624	2.408660
59.009297	2120.786706	18.707943	-0.011608	2.405907
58.928103	2115.723933	18.712947	-0.011588	2.403131
58.835791	2110.776536	18.717952	-0.011565	2.400414
58.824619	2105.846329	18.722957	-0.011562	2.397716
58.799873	2100.721027	18.727962	-0.011556	2.394906
58.718313	2095.586926	18.732967	-0.011536	2.392078
58.621070	2090.690511	18.737971	-0.011512	2.389375
58.751149	2085.646443	18.742976	-0.011543	2.386627
58.568527	2080.635612	18.747981	-0.011499	2.383840
58.548376	2075.574056	18.752986	-0.011494	2.381049
58.557253	2070.689560	18.757991	-0.011496	2.378358
58.502404	2065.586183	18.762995	-0.011482	2.375533
58.429319	2060.361403	18.768000	-0.011464	2.372633
58.423219	2055.401905	18.773005	-0.011462	2.369888
58.508602	2050.402012	18.778010	-0.011482	2.367134
58.391837	2045.373692	18.783015	-0.011454	2.364326
58.229362	2040.367301	18.788019	-0.011415	2.361518
58.222286	2035.517296	18.793024	-0.011413	2.358821
58.217683	2030.411861	18.798029	-0.011411	2.355980
58.174623	2025.237974	18.803034	-0.011401	2.353090
58.095790	2020.273963	18.808039	-0.011381	2.350307
57.980549	2015.379956	18.813043	-0.011353	2.347553
58.035819	2010.316228	18.818048	-0.011366	2.344732
57.971125	2005.199963	18.823053	-0.011350	2.341856
57.877921	2000.399427	18.828058	-0.011328	2.339149
57.826958	1995.296634	18.833063	-0.011315	2.336277
57.873887	1990.012672	18.838067	-0.011326	2.333317
57.702144	1985.090067	18.843072	-0.011284	2.330517
57.870687	1980.091452	18.848077	-0.011324	2.327732
57.736121	1975.066328	18.853082	-0.011292	2.324874
57.601897	1970.024700	18.858087	-0.011259	2.322004
57.652164	1965.156055	18.863091	-0.011271	2.319261
57.583448	1960.101731	18.868096	-0.011254	2.316388
57.517078	1954.893567	18.873101	-0.011238	2.313425
57.294201	1950.010432	18.878106	-0.011184	2.310614
57.447485	1944.993208	18.883111	-0.011220	2.307791
57.334317	1939.985128	18.888115	-0.011193	2.304922
57.401997	1934.853505	18.893120	-0.011209	2.302012
57.287003	1930.036256	18.898125	-0.011181	2.299245
57.326135	1924.914327	18.903130	-0.011190	2.296328
57.215074	1919.681280	18.908135	-0.011163	2.293316
57.176121	1914.750713	18.913139	-0.011153	2.290487
57.179917	1909.792966	18.918144	-0.011154	2.287647
57.192365	1904.682806	18.923149	-0.011156	2.284717
57.046092	1899.713970	18.928154	-0.011121	2.281835
57.039654	1894.827343	18.933159	-0.011119	2.279023
57.042805	1889.724274	18.938163	-0.011119	2.276084
56.959080	1884.583447	18.943168	-0.011099	2.273104
56.804332	1879.701578	18.948173	-0.011061	2.270256
56.916265	1874.695747	18.953178	-0.011088	2.267383
56.753693	1869.638614	18.958183	-0.011048	2.264425
56.782900	1864.611310	18.963187	-0.011055	2.261516
56.685914	1859.757360	18.968192	-0.011031	2.258681
56.772967	1854.511857	18.973197	-0.011052	2.255649
56.653055	1849.382317	18.978202	-0.011023	2.252641
56.425317	1844.538582	18.983207	-0.010968	2.249776
56.430708	1839.500125	18.988211	-0.010969	2.246837
56.464214	1834.416733	18.993216	-0.010976	2.243873
56.512374	1829.431836	18.998221	-0.010988	2.240966
56.441498	1824.525857	19.003226	-0.010970	2.238079
56.261278	1819.358863	19.008231	-0.010927	2.235015
56.159849	1814.344157	19.013235	-0.010902	2.232050
56.253574	1809.373679	19.018240	-0.010924	2.229145
56.211700	1804.307989	19.023245	-0.010914	2.226154
56.072610	1799.307541	19.028250	-0.010880	2.223179
56.005924	1794.403277	19.033255	-0.010864	2.220270
56.021806	1789.384043	19.038259	-0.010867	2.217306
55.990295	1784.104912	19.043264	-0.010859	2.214174
56.012174	1779.114878	19.048269	-0.010864	2.211220
55.736040	1774.262450	19.053274	-0.010798	2.208286
55.860619	1769.129610	19.058279	-0.010827	2.205259
55.890027	1764.077816	19.063283	-0.010834	2.202257
55.806590	1759.232788	19.068288	-0.010813	2.199353
55.670716	1754.098905	19.073293	-0.010780	2.196263
55.497095	1749.010953	19.078298	-0.010738	2.193188
55.546405	1744.103104	19.083303	-0.010750	2.190260
55.578553	1739.059257	19.088307	-0.010757	2.187243
55.631892	1733.960612	19.093312	-0.010770	2.184193
55.588756	1729.038490	19.098317	-0.010759	2.181227
55.556654	1724.079844	19.103322	-0.010751	2.178236
55.409751	1718.814409	19.108327	-0.010715	2.175034
55.437823	1713.780540	19.113331	-0.010722	2.172001
55.395421	1708.876769	19.118336	-0.010711	2.169029
55.361516	1703.825166	19.123341	-0.010703	2.165965
55.347550	1698.727645	19.128346	-0.010699	2.162873
55.318645	1693.852780	19.133351	-0.010691	2.159908
55.125543	1688.799241	19.138355	-0.010645	2.156798
54.984653	1683.679708	19.143360	-0.010611	2.153654
55.142311	1678.715176	19.148365	-0.010648	2.150659
55.102630	1673.713541	19.153370	-0.010638	2.147598
55.000188	1668.659695	19.158375	-0.010613	2.144489
54.943868	1663.753864	19.163379	-0.010599	2.141474
54.838985	1658.815384	19.168384	-0.010574	2.138426
54.851374	1653.528556	19.173389	-0.010577	2.135182
54.787388	1648.545432	19.178394	-0.010561	2.132106
54.801956	1643.557248	19.183399	-0.010564	2.129037
54.669676	1638.526188	19.188403	-0.010532	2.125908
54.657493	1633.501918	19.193408	-0.010529	2.122803
54.589763	1628.610662	19.198413	-0.010512	2.119764
54.623641	1623.478550	19.203418	-0.010520	2.116593
54.507158	1618.375267	19.208423	-0.010491	2.113404
54.372852	1613.538232	19.213427	-0.010459	2.110371
54.451416	1608.462063	19.218432	-0.010477	2.107230
54.349842	1603.421280	19.223437	-0.010453	2.104068
54.349127	1598.540992	19.228442	-0.010452	2.101023
54.282809	1593.449198	19.233447	-0.010436	2.097828
54.226075	1588.224226	19.238451	-0.010422	2.094546
54.070331	1583.331712	19.243456	-0.010384	2.091447
54.194867	1578.291923	19.248461	-0.010414	2.088309
54.069638	1573.260977	19.253466	-0.010383	2.085121
53.938943	1568.319386	19.258471	-0.010352	2.081982
54.020143	1563.328610	19.263475	-0.010371	2.078852
53.959024	1558.153626	19.268480	-0.010356	2.075571
54.008530	1553.117559	19.273485	-0.010367	2.072395
53.954324	1548.201195	19.278490	-0.010354	2.069270
53.916313	1543.104778	19.283495	-0.010344	2.066028
53.793076	1538.151302	19.288499	-0.010314	2.062854
53.719624	1533.247171	19.293504	-0.010296	2.059718
53.706783	1528.029548	19.298509	-0.010293	2.056389
53.655226	1522.965585	19.303514	-0.010280	2.053145
53.456333	1518.103774	19.308519	-0.010232	2.049994
53.508376	1513.015300	19.313523	-0.010244	2.046746
53.472784	1507.999367	19.318528	-0.010235	2.043521
53.438499	1503.101403	19.323533	-0.010227	2.040366
53.371365	1497.967646	19.328538	-0.010210	2.037049
53.297306	1492.844352	19.333543	-0.010192	2.033731
53.327889	1487.961741	19.338547	-0.010199	2.030585
53.282096	1482.907921	19.343552	-0.010188	2.027307
53.200092	1477.869504	19.348557	-0.010168	2.024027
53.135046	1473.031572	19.353562	-0.010152	2.020874
53.128758	1467.863865	19.358567	-0.010150	2.017515
53.027084	1462.690922	19.363571	-0.010125	2.014127
53.007013	1457.819047	19.368576	-0.010120	2.010946
52.982957	1452.724253	19.373581	-0.010114	2.007615
52.833076	1447.715562	19.378586	-0.010078	2.004306
52.890004	1442.801184	19.383591	-0.010091	2.001099
52.740936	1437.741911	19.388595	-0.010055	1.997747
52.695973	1432.615039	19.393600	-0.010044	1.994368
52.756451	1427.696761	19.398605	-0.010058	1.991143
52.662634	1422.674627	19.403610	-0.010035	1.987810
52.657458	1417.610643	19.408615	-0.010033	1.984464
52.520296	1412.758112	19.413619	-0.010000	1.981223
52.681614	1407.559599	19.418624	-0.010038	1.977814
52.721426	1402.343288	19.423629	-0.010047	1.974359
52.527668	1397.530453	19.428634	-0.010001	1.971115
52.441049	1392.500234	19.433639	-0.009980	1.967745
52.381320	1387.460358	19.438643	-0.009965	1.964369
52.346929	1382.595013	19.443648	-0.009956	1.961109
52.282221	1377.463502	19.448653	-0.009940	1.957659
52.252259	1372.347822	19.453658	-0.009933	1.954220
52.074771	1367.488556	19.458663	-0.009890	1.950915
51.987301	1362.467083	19.463667	-0.009869	1.947516
52.118154	1357.401403	19.468672	-0.009900	1.944130
51.967960	1352.543256	19.473677	-0.009863	1.940815
52.064820	1347.354792	19.478682	-0.009886	1.937326
51.919628	1342.326052	19.483687	-0.009851	1.933885
51.776640	1337.426687	19.488691	-0.009816	1.930525
51.748410	1332.350452	19.493696	-0.009809	1.927066
51.744102	1327.325206	19.498701	-0.009808	1.923641
51.593773	1322.456676	19.503706	-0.009771	1.920283
51.689286	1317.213539	19.508711	-0.009794	1.916719
51.628954	1312.247591	19.513715	-0.009779	1.913303
51.628617	1307.273322	19.518720	-0.009779	1.909889
51.518421	1302.217211	19.523725	-0.009752	1.906387
51.461775	1297.300520	19.528730	-0.009738	1.902987
51.503485	1292.251037	19.533735	-0.009747	1.899513
51.327502	1287.065747	19.538739	-0.009705	1.895887
51.330467	1282.122669	19.543744	-0.009705	1.892463
51.180800	1277.149650	19.548749	-0.009669	1.888978
51.093546	1272.129205	19.553754	-0.009648	1.885467
51.203971	1267.170354	19.558759	-0.009674	1.882039
51.086484	1262.106291	19.563763	-0.009645	1.878478
51.056690	1256.963858	19.568768	-0.009638	1.874876
51.066437	1252.036604	19.573773	-0.009640	1.871427
50.902963	1247.045853	19.578778	-0.009600	1.867886
50.743679	1242.084581	19.583783	-0.009562	1.864360
50.821067	1237.129133	19.588787	-0.009580	1.860888
51.002156	1231.830425	19.593792	-0.009623	1.857191
50.805472	1226.870914	19.598797	-0.009575	1.853637
50.793110	1221.873830	19.603802	-0.009572	1.850094
50.652494	1216.834217	19.608807	-0.009538	1.846483
50.586343	1211.915940	19.613811	-0.009522	1.842969
50.645598	1206.844629	19.618816	-0.009536	1.839369
50.482626	1201.745662	19.623821	-0.009496	1.835689
50.569657	1196.789961	19.628826	-0.009517	1.832165
50.281996	1191.850626	19.633831	-0.009447	1.828554
50.329397	1186.779040	19.638835	-0.009458	1.824923
50.334858	1181.863279	19.643840	-0.009459	1.821387
50.272855	1176.660988	19.648845	-0.009444	1.817620
50.221367	1171.650473	19.653850	-0.009431	1.813987
50.166218	1166.698233	19.658855	-0.009418	1.810388
50.112236	1161.638331	19.663859	-0.009404	1.806704
50.063703	1156.709424	19.668864	-0.009392	1.803109
49.990442	1151.660715	19.673869	-0.009375	1.799413
49.967395	1146.531617	19.678874	-0.009369	1.795664
49.848395	1141.651694	19.683879	-0.009340	1.792065
49.746938	1136.628876	19.688883	-0.009315	1.788358
49.711345	1131.648230	19.693888	-0.009306	1.784692
49.747760	1126.673817	19.698893	-0.009315	1.781040
49.633209	1121.451754	19.703898	-0.009287	1.777160
49.470749	1116.533323	19.708903	-0.009247	1.773484
49.467144	1111.517468	19.713907	-0.009246	1.769768
49.436599	1106.482686	19.718912	-0.009239	1.766024
49.508519	1101.544535	19.723917	-0.009255	1.762370
49.390590	1096.423935	19.728922	-0.009227	1.758523
49.374697	1091.360512	19.733927	-0.009223	1.754737
49.230353	1086.452828	19.738931	-0.009188	1.751027
49.194154	1081.409705	19.743936	-0.009179	1.747234
49.130622	1076.488143	19.748941	-0.009163	1.743518
49.106866	1071.411770	19.753946	-0.009157	1.739688
49.091798	1066.231883	19.758951	-0.009153	1.735773
48.991181	1061.330819	19.763955	-0.009128	1.732038
48.959601	1056.282248	19.768960	-0.009121	1.728201
48.747748	1051.369169	19.773965	-0.009069	1.724411
48.723025	1046.377024	19.778970	-0.009063	1.720602
48.819068	1041.152454	19.783975	-0.009086	1.716639
48.717392	1036.264549	19.788979	-0.009061	1.712872
48.833203	1031.186429	19.793984	-0.009088	1.709008
48.672497	1026.231620	19.798989	-0.009049	1.705157
48.560392	1021.311103	19.803994	-0.009022	1.701337
48.452824	1016.092420	19.808999	-0.008996	1.697279
48.415175	1011.143267	19.814003	-0.008987	1.693438
48.381297	1006.114216	19.819008	-0.008978	1.689528
48.444995	1001.068207	19.824013	-0.008993	1.685622
48.404984	996.138998	19.829018	-0.008983	1.681770
48.154548	991.048777	19.834023	-0.008923	1.677726
48.329932	986.004942	19.839027	-0.008964	1.673824
48.221108	981.021313	19.844032	-0.008938	1.669884
48.026928	976.052471	19.849037	-0.008891	1.665922
48.096363	971.105207	19.854042	-0.008907	1.662040
47.935676	965.926833	19.859047	-0.008869	1.657903
47.967342	960.934491	19.864051	-0.008876	1.653956
48.062091	955.865454	19.869056	-0.008898	1.649955
47.873380	950.900997	19.874061	-0.008852	1.645951
47.858204	945.980163	19.879066	-0.008848	1.642019
47.799533	940.803619	19.884071	-0.008834	1.637861
47.681124	935.889543	19.889075	-0.008805	1.633886
47.600039	930.897041	19.894080	-0.008785	1.629850
47.604452	925.887337	19.899085	-0.008786	1.625813
47.620794	920.913313	19.904090	-0.008790	1.621798
47.418224	915.717878	19.909095	-0.008741	1.617532
47.311442	910.820397	19.914099	-0.008715	1.613524
47.342750	905.773690	19.919104	-0.008722	1.609424
47.200723	900.824640	19.924109	-0.008688	1.605343
47.161757	895.828308	19.929114	-0.008678	1.601243
47.137956	890.672709	19.934119	-0.008672	1.597006
47.187257	885.714389	19.939123	-0.008683	1.592941
47.015053	880.722667	19.944128	-0.008642	1.588774
47.000472	875.760997	19.949133	-0.008638	1.584667
46.972743	870.673116	19.954138	-0.008631	1.580441
46.993990	865.537918	19.959143	-0.008635	1.576177
46.723732	860.660274	19.964147	-0.008570	1.572033
46.811516	855.585553	19.969152	-0.008591	1.567817
46.637198	850.687190	19.974157	-0.008549	1.563661
46.620515	845.562083	19.979162	-0.008545	1.559349
46.646398	840.550993	19.984167	-0.008550	1.555135
46.575492	835.575051	19.989171	-0.008533	1.550909
46.420050	830.586325	19.994176	-0.008495	1.546637
46.350935	825.640289	19.999181	-0.008478	1.542414
46.313961	820.436435	20.004186	-0.008469	1.537970
46.214067	815.531823	20.009191	-0.008445	1.533750
46.299483	810.419874	20.014195	-0.008465	1.529395
46.231853	805.476239	20.019200	-0.008448	1.525128
46.172585	800.429596	20.024205	-0.008434	1.520762
46.107246	795.388619	20.029210	-0.008418	1.516386
46.149172	790.383131	20.034215	-0.008427	1.512061
45.950977	785.395334	20.039219	-0.008380	1.507666
45.876682	780.506383	20.044224	-0.008361	1.503382
45.960442	775.240581	20.049229	-0.008381	1.498805
45.845177	770.309973	20.054234	-0.008353	1.494446
45.729023	765.321509	20.059239	-0.008325	1.490024
45.683992	760.351812	20.064243	-0.008314	1.485627
45.676833	755.293694	20.069248	-0.008312	1.481150
45.467147	750.287946	20.074253	-0.008261	1.476643
45.463713	745.321545	20.079258	-0.008260	1.472222
45.325684	740.319774	20.084263	-0.008227	1.467714
45.432402	735.333931	20.089267	-0.008252	1.463283
45.369950	730.143353	20.094272	-0.008236	1.458601
45.213825	725.248792	20.099277	-0.008199	1.454141
45.225266	720.170379	20.104282	-0.008201	1.449555
45.205565	715.223654	20.109287	-0.008196	1.445064
45.061171	710.161817	20.114291	-0.008161	1.440413
45.004635	705.168698	20.119296	-0.008147	1.435839
44.862270	700.204961	20.124301	-0.008113	1.431250
45.003426	695.160652	20.129306	-0.008146	1.426663
44.925468	690.120038	20.134311	-0.008127	1.421994
44.816529	685.026749	20.139315	-0.008100	1.417250
44.617644	680.123401	20.144320	-0.008052	1.412638
44.655217	675.069165	20.149325	-0.008061	1.407947
44.587532	670.130835	20.154330	-0.008044	1.403314
44.496320	665.009568	20.159335	-0.008022	1.398487
44.477295	660.068719	20.164339	-0.008017	1.393837
44.461915	655.025739	20.169344	-0.008013	1.389076
44.393425	650.104315	20.174349	-0.007996	1.384396
44.224863	644.951140	20.179354	-0.007956	1.379446
44.277025	639.967550	20.184359	-0.007968	1.374714
44.219156	634.905247	20.189363	-0.007954	1.369854
44.185981	629.981623	20.194368	-0.007945	1.365118
43.921575	624.945167	20.199373	-0.007882	1.360177
44.064492	619.917107	20.204378	-0.007915	1.355367
43.904730	614.926239	20.209383	-0.007877	1.350471
43.735748	610.018743	20.214387	-0.007836	1.345635
43.810651	604.865102	20.219392	-0.007854	1.340626
43.701634	599.881899	20.224397	-0.007827	1.335701
43.672340	594.851736	20.229402	-0.007820	1.330740
43.661055	589.884164	20.234407	-0.007817	1.325828
43.416610	584.859579	20.239411	-0.007758	1.320759
43.527897	579.838259	20.244416	-0.007784	1.315800
43.328729	574.866385	20.249421	-0.007736	1.310761
43.406798	569.884647	20.254426	-0.007754	1.305792
43.196344	564.852637	20.259431	-0.007703	1.300649
43.166348	559.867728	20.264435	-0.007696	1.295599
42.983829	554.877761	20.269440	-0.007652	1.290469
43.004354	549.897832	20.274445	-0.007656	1.285402
42.992158	544.773706	20.279450	-0.007653	1.280155
42.769501	539.886605	20.284455	-0.007599	1.275054
42.775915	534.824728	20.289459	-0.007601	1.269836
42.619191	529.932308	20.294464	-0.007563	1.264711
42.706148	524.715821	20.299469	-0.007583	1.259319
42.615555	519.779777	20.304474	-0.007561	1.254131
42.469259	514.785556	20.309479	-0.007526	1.248839
42.369093	509.818762	20.314483	-0.007501	1.243571
42.394131	504.724624	20.319488	-0.007507	1.238193
42.344530	499.737032	20.324493	-0.007495	1.232877
42.209560	494.793110	20.329498	-0.007462	1.227551
42.148932	489.707465	20.334503	-0.007447	1.222079
42.030384	484.697480	20.339507	-0.007418	1.216641
42.156120	479.623944	20.344512	-0.007448	1.211205
41.985847	474.712533	20.349517	-0.007407	1.205805
41.981364	469.589185	20.354522	-0.007405	1.200215
41.795338	464.680900	20.359527	-0.007361	1.194762
41.626708	459.705252	20.364531	-0.007320	1.189218
41.648718	454.686535	20.369536	-0.007325	1.183675
41.626943	449.583020	20.374541	-0.007319	1.177994
41.486558	444.626524	20.379546	-0.007285	1.172403
41.392315	439.671249	20.384551	-0.007262	1.166805
41.305078	434.593999	20.389555	-0.007241	1.161045
41.320954	429.629642	20.394560	-0.007244	1.155426
41.173842	424.627765	20.399565	-0.007209	1.149670
41.226768	419.595965	20.404570	-0.007221	1.143934
41.013706	414.574027	20.409575	-0.007170	1.138069
40.894162	409.596279	20.414579	-0.007141	1.132265
40.824473	404.643070	20.419584	-0.007124	1.126480
40.757303	399.549392	20.424589	-0.007107	1.120501
40.801346	394.558359	20.429594	-0.007117	1.114659
40.630452	389.598606	20.434599	-0.007076	1.108731
40.420220	384.595417	20.439603	-0.007025	1.102702
40.495057	379.542911	20.444608	-0.007043	1.096705
40.292749	374.568953	20.449613	-0.006994	1.090648
40.489089	369.501203	20.454618	-0.007041	1.084619
40.378071	364.480773	20.459623	-0.007014	1.078478
40.143130	359.552518	20.464627	-0.006957	1.072360
40.051451	354.598058	20.469632	-0.006935	1.066239
39.975507	349.479629	20.474637	-0.006916	1.059886
40.023926	344.458632	20.479642	-0.006927	1.053672
39.931836	339.497044	20.484647	-0.006905	1.047432
39.778444	334.459833	20.489651	-0.006868	1.041031
39.705465	329.491844	20.494656	-0.006850	1.034715
39.618557	324.516939	20.499661	-0.006829	1.028346
39.639079	319.412004	20.504666	-0.006833	1.021819
39.444880	314.479749	20.509671	-0.006787	1.015373
39.199962	309.555211	20.514675	-0.006728	1.008872
39.176787	304.488892	20.519680	-0.006722	1.002249
39.248149	299.471611	20.524685	-0.006738	0.995691
39.118565	294.507162	20.529690	-0.006707	0.989063
38.928428	289.468617	20.534695	-0.006661	0.982262
38.949241	284.445731	20.539699	-0.006666	0.975538
38.808068	279.489250	20.544704	-0.006631	0.968777
38.696881	274.455343	20.549709	-0.006604	0.961878
38.656886	269.465302	20.554714	-0.006595	0.955025
38.589447	264.489370	20.559719	-0.006578	0.948128
38.300408	259.485996	20.564723	-0.006508	0.941029
38.382106	254.447676	20.569728	-0.006528	0.934018
38.208627	249.505786	20.574733	-0.006486	0.926958
38.050323	244.499123	20.579738	-0.006447	0.919759
38.055547	239.487520	20.584743	-0.006448	0.912582
37.906430	234.508172	20.589747	-0.006412	0.905314
37.745365	229.499952	20.594752	-0.006373	0.897937
37.844267	224.442216	20.599757	-0.006397	0.890567
37.637448	219.463124	20.604762	-0.006347	0.883086
37.603110	214.468728	20.609767	-0.006338	0.875613
37.547831	209.485738	20.614771	-0.006325	0.868081
37.348758	204.467591	20.619776	-0.006277	0.860349
37.136338	199.531015	20.624781	-0.006225	0.852665
37.070055	194.526702	20.629786	-0.006209	0.844889
36.970579	189.544503	20.634791	-0.006185	0.837056
36.821953	184.585972	20.639795	-0.006149	0.829159
36.842064	179.489913	20.644800	-0.006153	0.821064
36.652587	174.552825	20.649805	-0.006108	0.813021
36.537293	169.557144	20.654810	-0.006080	0.804847
36.303729	164.617318	20.659815	-0.006023	0.796609
36.319898	159.591677	20.664819	-0.006027	0.788295
36.206812	154.567367	20.669824	-0.005999	0.779814
36.075593	149.603493	20.674829	-0.005968	0.771332
35.956935	144.594555	20.679834	-0.005939	0.762685
35.868867	139.621938	20.684839	-0.005917	0.754023
35.814270	134.589303	20.689843	-0.005904	0.745175
35.673947	129.608955	20.694848	-0.005870	0.736258
35.527424	124.640732	20.699853	-0.005835	0.727250
35.347166	119.667502	20.704858	-0.005791	0.718097
35.203142	114.706144	20.709863	-0.005756	0.708872
35.091106	109.680854	20.714867	-0.005729	0.699427
35.032747	104.699900	20.719872	-0.005715	0.689975
34.762135	99.751076	20.724877	-0.005650	0.680303
34.744782	94.761125	20.729882	-0.005645	0.670593
34.627238	89.750788	20.734887	-0.005617	0.660627
34.498008	84.783947	20.739891	-0.005585	0.650587
34.244553	79.833814	20.744896	-0.005524	0.640330
34.131781	74.859830	20.749901	-0.005497	0.629965
34.007403	69.849716	20.754906	-0.005467	0.619340
33.644954	64.965740	20.759911	-0.005380	0.608612
33.715930	59.900742	20.764915	-0.005396	0.597646
33.557062	54.932564	20.769920	-0.005358	0.586501
33.346433	49.973337	20.774925	-0.005307	0.575116
33.063898	45.044309	20.779930	-0.005239	0.563510
32.700336	40.156659	20.784935	-0.005152	0.551687
32.685915	35.106795	20.789939	-0.005148	0.539524
32.415533	30.190382	20.794944	-0.005083	0.527177
32.248469	25.237780	20.799949	-0.005043	0.514539
31.953324	20.286115	20.804954	-0.004972	0.501461
31.670671	15.368905	20.809959	-0.004904	0.488137
31.398655	10.452310	20.814963	-0.004838	0.474452
31.075304	5.516986	20.819968	-0.004760	0.460252
30.577651	0.682571	20.824973	-0.004641	0.445706
23.645671	-1.772726	20.829978	-0.002983	0.430629
10.073479	0.419758	20.834983	0.000264	0.421836
