Sun Mar 01 17:04:56 2026

Number of Points = 4598
Depth (nm)	Load (µN)	Time (s)	Disp. Voltage(V)	Force Voltage(V)0.000000	4.011043	0.000000	0.001273	0.981784
0.473278	9.022329	0.005005	0.001159	0.988515
0.661986	14.053928	0.010010	0.001114	0.995093
1.074810	18.992171	0.015014	0.001015	1.001613
1.394815	24.047511	0.020019	0.000938	1.008196
1.651563	29.060681	0.025024	0.000876	1.014654
1.913341	34.057159	0.030029	0.000813	1.021053
2.118526	39.204702	0.035034	0.000763	1.027574
2.439318	44.176502	0.040038	0.000686	1.033888
2.728862	49.154276	0.045043	0.000616	1.040158
2.942703	54.282976	0.050048	0.000565	1.046540
3.059136	59.319010	0.055053	0.000536	1.052729
3.257062	64.361285	0.060058	0.000489	1.058924
3.463941	69.510191	0.065062	0.000439	1.065216
3.594161	74.544423	0.070067	0.000407	1.071300
3.760770	79.601552	0.075072	0.000367	1.077393
3.998736	84.652656	0.080077	0.000309	1.083474
4.204145	89.711546	0.085082	0.000260	1.089517
4.347350	94.792331	0.090086	0.000225	1.095526
4.592207	99.789675	0.095091	0.000166	1.101448
4.711920	104.967328	0.100096	0.000137	1.107494
5.136518	109.906865	0.105101	0.000035	1.113361
5.312121	114.928402	0.110106	-0.000007	1.119187
5.641369	120.026221	0.115110	-0.000087	1.125133
5.665300	125.086133	0.120115	-0.000093	1.130880
5.967930	130.114861	0.125120	-0.000166	1.136676
6.173871	135.191010	0.130125	-0.000215	1.142457
6.420139	140.256585	0.135130	-0.000275	1.148212
6.372920	145.394632	0.140134	-0.000264	1.153903
6.594265	150.383579	0.145139	-0.000317	1.159507
6.764845	155.556577	0.150144	-0.000359	1.165267
6.989295	160.526577	0.155149	-0.000413	1.170797
7.049418	165.638355	0.160154	-0.000428	1.176392
7.282901	170.691752	0.165158	-0.000484	1.181964
7.559635	175.769657	0.170163	-0.000551	1.187553
7.680982	180.822939	0.175168	-0.000580	1.193029
7.788912	185.874320	0.180173	-0.000606	1.198474
7.879141	191.044463	0.185178	-0.000628	1.204013
8.285910	195.999076	0.190182	-0.000726	1.209419
8.369428	201.112060	0.195187	-0.000747	1.214845
8.340514	206.190295	0.200192	-0.000740	1.220168
8.527811	211.391944	0.205197	-0.000785	1.225679
8.565694	216.435663	0.210202	-0.000795	1.230944
8.895241	221.446598	0.215206	-0.000874	1.236262
8.986778	226.530025	0.220211	-0.000896	1.241543
9.074405	231.678235	0.225216	-0.000918	1.246867
9.146777	236.754906	0.230221	-0.000936	1.252090
9.512058	241.740156	0.235226	-0.001023	1.257305
9.617828	246.882018	0.240230	-0.001049	1.262562
9.783620	251.967567	0.245235	-0.001089	1.267763
9.837357	257.063652	0.250240	-0.001103	1.272912
9.911478	262.113843	0.255245	-0.001121	1.278003
9.982086	267.290820	0.260250	-0.001138	1.283198
10.090851	272.358448	0.265254	-0.001165	1.288277
10.261210	277.428072	0.270259	-0.001206	1.293360
10.362432	282.484458	0.275264	-0.001231	1.298386
10.329686	287.710968	0.280269	-0.001223	1.303512
10.600322	292.663240	0.285274	-0.001288	1.308456
10.625501	297.799897	0.290278	-0.001295	1.313475
10.878325	302.759407	0.295283	-0.001356	1.318383
11.109179	307.915579	0.300288	-0.001411	1.323454
11.117149	312.977134	0.305293	-0.001414	1.328339
11.249069	318.072290	0.310298	-0.001446	1.333280
11.462601	323.067277	0.315302	-0.001497	1.338135
11.723514	328.240297	0.320307	-0.001560	1.343158
11.822984	333.278918	0.325312	-0.001584	1.347980
11.858275	338.397209	0.330317	-0.001593	1.352839
11.986337	343.420787	0.335322	-0.001624	1.357622
12.153683	348.568078	0.340326	-0.001665	1.362518
12.141917	353.674087	0.345331	-0.001663	1.367298
12.229825	358.761736	0.350336	-0.001684	1.372077
12.392869	363.802620	0.355341	-0.001724	1.376821
12.494391	368.958526	0.360346	-0.001748	1.381635
12.749032	374.048154	0.365350	-0.001810	1.386421
12.736926	379.144358	0.370355	-0.001807	1.391109
12.816702	384.231494	0.375360	-0.001827	1.395804
12.953350	389.301890	0.380365	-0.001860	1.400486
13.050272	394.468198	0.385370	-0.001884	1.405226
13.153451	399.486733	0.390374	-0.001909	1.409819
13.194544	404.615415	0.395379	-0.001919	1.414476
13.324617	409.635532	0.400384	-0.001951	1.419049
13.545888	414.864853	0.405389	-0.002004	1.423824
13.594676	419.878507	0.410394	-0.002016	1.428335
13.750374	424.989608	0.415398	-0.002054	1.432952
13.747266	430.040500	0.420403	-0.002053	1.437452
14.010304	435.170273	0.425408	-0.002117	1.442090
14.190550	440.204176	0.430413	-0.002160	1.446603
14.264406	445.298853	0.435418	-0.002179	1.451123
14.224749	450.431965	0.440422	-0.002170	1.455627
14.286648	455.564021	0.445427	-0.002185	1.460147
14.656915	460.662224	0.450432	-0.002274	1.464719
14.771307	465.664165	0.455437	-0.002302	1.469114
14.702360	470.862555	0.460442	-0.002286	1.473611
14.887472	475.816793	0.465446	-0.002330	1.477960
14.748914	481.127793	0.470451	-0.002298	1.482506
14.921917	486.123496	0.475456	-0.002339	1.486861
15.052883	491.220040	0.480461	-0.002371	1.491277
15.149454	496.258144	0.485466	-0.002395	1.495620
15.183686	501.442982	0.490470	-0.002403	1.500056
15.265014	506.617863	0.495475	-0.002423	1.504485
15.469189	511.601037	0.500480	-0.002473	1.508775
15.578884	516.731198	0.505485	-0.002499	1.513149
15.840503	521.662990	0.510490	-0.002562	1.517389
15.831805	526.927383	0.515494	-0.002561	1.521816
15.927751	531.960999	0.520499	-0.002584	1.526067
15.969870	537.094338	0.525504	-0.002595	1.530375
16.151458	542.131886	0.530509	-0.002639	1.534631
16.180654	547.234201	0.535514	-0.002646	1.538885
16.289778	552.510715	0.540518	-0.002673	1.543295
16.227138	557.528360	0.545523	-0.002658	1.547428
16.316576	562.668868	0.550528	-0.002680	1.551696
16.537761	567.658663	0.555533	-0.002733	1.555866
16.574201	572.817353	0.560538	-0.002742	1.560110
16.778568	577.928596	0.565542	-0.002792	1.564352
16.914661	582.923090	0.570547	-0.002825	1.568467
16.990191	588.080649	0.575552	-0.002843	1.572688
17.118273	593.072494	0.580557	-0.002874	1.576777
17.142698	598.339249	0.585562	-0.002881	1.581049
17.319866	603.414891	0.590566	-0.002924	1.585199
17.365869	608.472939	0.595571	-0.002935	1.589286
17.390385	613.616529	0.600576	-0.002941	1.593426
17.449717	618.635016	0.605581	-0.002956	1.597464
17.594320	623.866914	0.610586	-0.002991	1.601687
17.527502	628.944671	0.615590	-0.002976	1.605716
17.597479	634.052362	0.620595	-0.002993	1.609798
17.868646	639.081633	0.625600	-0.003058	1.613862
17.904731	644.150140	0.630605	-0.003067	1.617883
18.159346	649.392370	0.635610	-0.003129	1.622090
18.198764	654.418737	0.640614	-0.003138	1.626058
18.363766	659.484255	0.645619	-0.003178	1.630081
18.583097	664.522463	0.650624	-0.003231	1.634088
18.605251	669.601326	0.655629	-0.003237	1.638063
18.680735	674.838244	0.660634	-0.003256	1.642166
18.803328	679.832643	0.665638	-0.003285	1.646083
18.910211	684.935577	0.670643	-0.003311	1.650070
18.932592	690.035027	0.675648	-0.003317	1.654023
18.868728	695.167271	0.680653	-0.003302	1.657968
19.018086	700.419031	0.685658	-0.003339	1.662053
19.132116	705.412971	0.690662	-0.003366	1.665921
19.306374	710.485256	0.695667	-0.003408	1.669855
19.364311	715.577646	0.700672	-0.003423	1.673765
19.431440	720.613899	0.705677	-0.003439	1.677626
19.537444	725.861700	0.710682	-0.003465	1.681648
19.675642	730.860197	0.715686	-0.003499	1.685480
19.710018	735.976617	0.720691	-0.003507	1.689366
19.605008	741.134169	0.725696	-0.003483	1.693237
19.767111	746.146577	0.730701	-0.003522	1.697060
19.947111	751.436341	0.735706	-0.003565	1.701087
20.106127	756.449018	0.740710	-0.003604	1.704892
19.982401	761.591605	0.745715	-0.003575	1.708712
20.177754	766.664676	0.750720	-0.003622	1.712554
20.166159	771.698465	0.755725	-0.003620	1.716305
20.157424	776.962790	0.760730	-0.003618	1.720220
20.462709	781.975023	0.765734	-0.003691	1.724019
20.637631	786.993487	0.770739	-0.003734	1.727781
20.626765	792.171331	0.775744	-0.003732	1.731606
20.696083	797.168198	0.780749	-0.003749	1.735309
20.767908	802.390467	0.785754	-0.003766	1.739170
20.957599	807.554979	0.790758	-0.003812	1.743010
20.961474	812.570957	0.795763	-0.003813	1.746687
21.124912	817.693826	0.800768	-0.003853	1.750473
21.090024	822.763010	0.805773	-0.003845	1.754163
21.191397	827.848887	0.810778	-0.003870	1.757891
21.193423	833.140623	0.815782	-0.003871	1.761736
21.412023	838.062508	0.820787	-0.003924	1.765358
21.465551	843.206582	0.825792	-0.003937	1.769093
21.553836	848.309196	0.830797	-0.003958	1.772799
21.541986	853.355785	0.835802	-0.003956	1.776431
21.825578	858.617606	0.840806	-0.004024	1.780284
21.848754	863.680265	0.845811	-0.004030	1.783922
21.973283	868.708792	0.850816	-0.004061	1.787552
21.971142	873.876485	0.855821	-0.004060	1.791244
22.038949	878.880811	0.860826	-0.004077	1.794828
22.121136	884.069043	0.865830	-0.004097	1.798540
22.194878	889.241469	0.870835	-0.004115	1.802231
22.310739	894.220566	0.875840	-0.004144	1.805788
22.286678	899.394532	0.880845	-0.004138	1.809441
22.466051	904.436927	0.885850	-0.004182	1.813043
22.585724	909.465956	0.890854	-0.004211	1.816615
22.573470	914.836456	0.895859	-0.004208	1.820388
22.813040	919.785733	0.900864	-0.004266	1.823917
22.980448	924.845040	0.905869	-0.004306	1.827500
23.004498	929.991635	0.910874	-0.004313	1.831102
23.019432	935.014840	0.915878	-0.004317	1.834610
23.093460	940.186699	0.920883	-0.004335	1.838228
23.335219	945.337639	0.925888	-0.004393	1.841863
23.323237	950.342108	0.930893	-0.004391	1.845331
23.455197	955.458996	0.935898	-0.004423	1.848903
23.363012	960.623589	0.940902	-0.004401	1.852449
23.311653	965.681925	0.945907	-0.004389	1.855925
23.482311	970.986083	0.950912	-0.004431	1.859615
23.513785	976.072879	0.955917	-0.004439	1.863116
23.549697	981.120130	0.960922	-0.004448	1.866584
23.692543	986.261343	0.965926	-0.004482	1.870135
23.827207	991.239298	0.970931	-0.004515	1.873566
23.945318	996.354036	0.975936	-0.004544	1.877080
23.990739	1001.619048	0.980941	-0.004555	1.880673
24.088156	1006.585761	0.985946	-0.004579	1.884068
24.292293	1011.676829	0.990950	-0.004628	1.887566
24.465073	1016.761575	0.995955	-0.004670	1.891047
24.372253	1021.821191	1.000960	-0.004648	1.894443
24.351495	1027.083756	1.005965	-0.004644	1.897986
24.396787	1032.311530	1.010970	-0.004655	1.901514
24.656274	1037.236193	1.015974	-0.004717	1.904881
24.713679	1042.366408	1.020979	-0.004732	1.908334
24.756009	1047.488874	1.025984	-0.004742	1.911772
24.797628	1052.498061	1.030989	-0.004753	1.915128
24.884954	1057.733758	1.035994	-0.004774	1.918639
24.978489	1062.872117	1.040998	-0.004797	1.922080
25.209691	1067.799155	1.046003	-0.004853	1.925406
25.303236	1072.963804	1.051008	-0.004875	1.928853
25.276107	1078.086618	1.056013	-0.004869	1.932239
25.277003	1083.106621	1.061018	-0.004870	1.935558
25.276305	1088.449022	1.066022	-0.004870	1.939083
25.554617	1093.446862	1.071027	-0.004937	1.942436
25.508125	1098.497425	1.076032	-0.004927	1.945747
25.499112	1103.670098	1.081037	-0.004925	1.949141
25.525814	1108.730585	1.086042	-0.004932	1.952463
25.731910	1113.740188	1.091046	-0.004982	1.955785
25.785281	1119.039175	1.096051	-0.004995	1.959257
25.784992	1124.092876	1.101056	-0.004995	1.962552
25.984660	1129.100006	1.106061	-0.005043	1.965854
26.008143	1134.257266	1.111066	-0.005050	1.969210
26.163245	1139.293241	1.116070	-0.005087	1.972510
26.247498	1144.332075	1.121075	-0.005108	1.975791
26.319211	1149.684449	1.126080	-0.005125	1.979266
26.423953	1154.701128	1.131085	-0.005151	1.982526
26.503844	1159.755317	1.136090	-0.005170	1.985800
26.500879	1164.939383	1.141094	-0.005170	1.989133
26.582737	1169.968992	1.146099	-0.005190	1.992381
26.597353	1175.054688	1.151104	-0.005194	1.995644
26.837097	1180.256096	1.156109	-0.005252	1.999024
26.784151	1185.343211	1.161114	-0.005240	2.002263
26.948622	1190.355898	1.166118	-0.005280	2.005496
26.914205	1195.553068	1.171123	-0.005272	2.008799
27.031200	1200.605059	1.176128	-0.005300	2.012036
27.151986	1205.638666	1.181133	-0.005330	2.015257
27.186096	1211.042582	1.186138	-0.005338	2.018689
27.198074	1216.127283	1.191142	-0.005341	2.021908
27.253030	1221.125164	1.196147	-0.005355	2.025077
27.394697	1226.249174	1.201152	-0.005389	2.028339
27.360633	1231.336573	1.206157	-0.005382	2.031535
27.485627	1236.356928	1.211162	-0.005412	2.034718
27.393386	1241.693410	1.216166	-0.005391	2.038048
27.465542	1246.788713	1.221171	-0.005408	2.041257
27.650761	1251.768136	1.226176	-0.005453	2.044411
27.817397	1256.895840	1.231181	-0.005493	2.047649
27.897631	1261.971569	1.236186	-0.005513	2.050832
27.977057	1266.993306	1.241190	-0.005532	2.053976
28.090769	1272.232247	1.246195	-0.005560	2.057257
28.259792	1277.401411	1.251200	-0.005601	2.060501
28.432267	1282.311076	1.256205	-0.005643	2.063580
28.243810	1287.551229	1.261210	-0.005598	2.066785
28.373974	1292.683970	1.266214	-0.005630	2.069984
28.297829	1297.693056	1.271219	-0.005612	2.073059
28.469746	1302.875388	1.276224	-0.005653	2.076287
28.510721	1308.107208	1.281229	-0.005664	2.079514
28.574677	1313.092877	1.286234	-0.005679	2.082589
28.515430	1318.218387	1.291238	-0.005666	2.085720
28.658151	1323.338636	1.296243	-0.005700	2.088885
28.818432	1328.352377	1.301248	-0.005739	2.091983
28.923791	1333.428136	1.306253	-0.005765	2.095103
29.107867	1338.758209	1.311258	-0.005809	2.098390
29.045282	1343.844260	1.316262	-0.005795	2.101473
29.177831	1348.840480	1.321267	-0.005827	2.104536
29.124297	1354.033346	1.326272	-0.005815	2.107677
29.223025	1359.123677	1.331277	-0.005839	2.110782
29.146215	1364.158327	1.336282	-0.005821	2.113813
29.391630	1369.348431	1.341286	-0.005880	2.116998
29.483972	1374.499566	1.346291	-0.005903	2.120124
29.458442	1379.491018	1.351296	-0.005897	2.123126
29.533266	1384.648395	1.356301	-0.005915	2.126244
29.728447	1389.729619	1.361306	-0.005962	2.129335
29.938242	1394.691951	1.366310	-0.006013	2.132353
29.955871	1399.866461	1.371315	-0.006018	2.135456
30.100220	1405.176402	1.376320	-0.006053	2.138660
30.159616	1410.201097	1.381325	-0.006067	2.141673
30.156351	1415.275994	1.386330	-0.006067	2.144699
30.282308	1420.411934	1.391334	-0.006098	2.147782
30.247200	1425.488110	1.396339	-0.006090	2.150794
30.278276	1430.496551	1.401344	-0.006098	2.153774
30.289482	1435.799515	1.406349	-0.006101	2.156921
30.373425	1440.948974	1.411354	-0.006121	2.159987
30.372409	1445.963499	1.416358	-0.006121	2.162952
30.449468	1451.115159	1.421363	-0.006140	2.166009
30.494912	1456.252439	1.426368	-0.006152	2.169047
30.636334	1461.210923	1.431373	-0.006186	2.171994
30.800305	1466.353482	1.436378	-0.006226	2.175050
30.801830	1471.741072	1.441382	-0.006226	2.178214
30.926517	1476.745168	1.446387	-0.006257	2.181172
30.991996	1481.755730	1.451392	-0.006273	2.184119
30.955454	1486.928461	1.456397	-0.006265	2.187137
31.109477	1491.978748	1.461402	-0.006302	2.190116
31.156250	1496.996794	1.466406	-0.006314	2.193051
31.211267	1502.240443	1.471411	-0.006327	2.196116
31.322637	1507.447848	1.476416	-0.006354	2.199165
31.356151	1512.412781	1.481421	-0.006363	2.202055
31.321245	1517.569992	1.486426	-0.006355	2.205040
31.536962	1522.664751	1.491430	-0.006407	2.208032
31.494412	1527.731759	1.496435	-0.006397	2.210955
31.623422	1532.782650	1.501440	-0.006428	2.213897
31.703828	1538.148560	1.506445	-0.006448	2.217008
31.813380	1543.218412	1.511450	-0.006475	2.219949
31.898148	1548.218950	1.516454	-0.006496	2.222842
31.924421	1553.365199	1.521459	-0.006502	2.225804
31.810959	1558.565838	1.526464	-0.006476	2.228768
31.980296	1563.515877	1.531469	-0.006517	2.231636
31.972160	1568.687951	1.536474	-0.006515	2.234595
32.083105	1573.962737	1.541478	-0.006542	2.237630
32.152721	1579.008581	1.546483	-0.006559	2.240523
32.030503	1584.088043	1.551488	-0.006530	2.243397
32.283766	1589.205477	1.556493	-0.006592	2.246357
32.332679	1594.338814	1.561498	-0.006604	2.249285
32.411281	1599.264071	1.566502	-0.006623	2.252096
32.674707	1604.457734	1.571507	-0.006686	2.255090
32.518121	1609.824554	1.576512	-0.006649	2.258101
32.767366	1614.765219	1.581517	-0.006709	2.260941
32.808823	1619.842674	1.586522	-0.006720	2.263817
32.959388	1624.970295	1.591526	-0.006756	2.266738
32.882334	1630.104335	1.596531	-0.006738	2.269617
33.026806	1635.059042	1.601536	-0.006773	2.272431
33.027457	1640.326466	1.606541	-0.006774	2.275392
33.169411	1645.514029	1.611546	-0.006808	2.278330
33.122264	1650.554761	1.616550	-0.006798	2.281147
33.192618	1655.629412	1.621555	-0.006815	2.284001
33.292501	1660.785581	1.626560	-0.006839	2.286903
33.382672	1665.823123	1.631565	-0.006861	2.289732
33.501229	1670.797064	1.636570	-0.006890	2.292528
33.583106	1676.109951	1.641574	-0.006910	2.295503
33.529719	1681.374715	1.646579	-0.006898	2.298423
33.622230	1686.339562	1.651584	-0.006920	2.301198
33.768835	1691.416629	1.656589	-0.006956	2.304043
33.759985	1696.591095	1.661594	-0.006954	2.306910
33.855357	1701.676772	1.666598	-0.006978	2.309742
33.751094	1706.722055	1.671603	-0.006953	2.312514
34.020207	1711.911253	1.676608	-0.007018	2.315428
33.946860	1717.169049	1.681613	-0.007001	2.318315
33.973937	1722.141498	1.686618	-0.007008	2.321059
34.111170	1727.233872	1.691622	-0.007041	2.323886
34.176237	1732.349663	1.696627	-0.007057	2.326709
34.288305	1737.406025	1.701632	-0.007084	2.329505
34.380124	1742.405500	1.706637	-0.007107	2.332262
34.486950	1747.731005	1.711642	-0.007133	2.335197
34.514475	1753.004089	1.716646	-0.007140	2.338086
34.634021	1757.925228	1.721651	-0.007169	2.340795
34.597524	1763.070273	1.726656	-0.007161	2.343596
34.639353	1768.248324	1.731661	-0.007171	2.346426
34.818541	1773.260858	1.736666	-0.007214	2.349185
34.771949	1778.285036	1.741670	-0.007204	2.351909
34.865136	1783.519519	1.746675	-0.007226	2.354768
34.822133	1788.782217	1.751680	-0.007217	2.357615
34.762195	1793.836377	1.756685	-0.007203	2.360343
34.992832	1798.841071	1.761690	-0.007258	2.363091
35.095639	1803.957142	1.766694	-0.007283	2.365874
35.128468	1809.093749	1.771699	-0.007292	2.368652
35.320896	1814.000575	1.776704	-0.007338	2.371331
35.269235	1819.293675	1.781709	-0.007326	2.374174
35.405165	1824.600262	1.786714	-0.007359	2.377052
35.466817	1829.631157	1.791718	-0.007374	2.379765
35.533035	1834.642811	1.796723	-0.007391	2.382467
35.609743	1839.794957	1.801728	-0.007410	2.385242
35.557105	1844.995634	1.806733	-0.007397	2.388018
35.571699	1849.951781	1.811738	-0.007401	2.390671
35.776124	1855.052945	1.816742	-0.007451	2.393431
35.833432	1860.364195	1.821747	-0.007465	2.396275
35.843611	1865.488074	1.826752	-0.007468	2.399008
35.805855	1870.502723	1.831757	-0.007459	2.401671
35.927395	1875.629338	1.836762	-0.007489	2.404418
36.082578	1880.733902	1.841766	-0.007526	2.407156
36.205975	1885.709892	1.846771	-0.007556	2.409817
36.291977	1890.770165	1.851776	-0.007577	2.412513
36.166145	1896.226996	1.856781	-0.007548	2.415381
36.345562	1901.378816	1.861786	-0.007591	2.418136
36.313642	1906.327440	1.866790	-0.007584	2.420744
36.462208	1911.421284	1.871795	-0.007620	2.423457
36.316552	1916.642457	1.876800	-0.007586	2.426184
36.581832	1921.675790	1.881805	-0.007649	2.428878
36.534548	1926.662186	1.886810	-0.007639	2.431492
36.595412	1931.907668	1.891814	-0.007654	2.434258
36.632876	1937.174258	1.896819	-0.007663	2.437027
36.734670	1942.174799	1.901824	-0.007688	2.439665
36.949087	1947.178495	1.906829	-0.007740	2.442320
36.934507	1952.337720	1.911834	-0.007737	2.445016
37.098139	1957.484582	1.916838	-0.007776	2.447731
37.080957	1962.402541	1.921843	-0.007773	2.450295
37.043779	1967.593489	1.926848	-0.007764	2.452994
37.174827	1972.972493	1.931853	-0.007796	2.455816
37.343779	1978.035350	1.936858	-0.007837	2.458477
37.258797	1983.031027	1.941862	-0.007817	2.461059
37.338994	1988.155854	1.946867	-0.007837	2.463731
37.369556	1993.327156	1.951872	-0.007844	2.466417
37.419495	1998.370466	1.956877	-0.007857	2.469037
37.525732	2003.391566	1.961882	-0.007883	2.471652
37.691414	2008.649994	1.966886	-0.007923	2.474396
37.614603	2013.901576	1.971891	-0.007905	2.477094
37.732313	2018.865067	1.976896	-0.007933	2.479673
37.815174	2023.944442	1.981901	-0.007954	2.482302
37.854021	2029.103409	1.986906	-0.007963	2.484963
37.837117	2034.285038	1.991910	-0.007960	2.487624
37.919861	2039.205345	1.996915	-0.007980	2.490163
37.971676	2044.342558	2.001920	-0.007993	2.492806
38.104660	2049.760800	2.006925	-0.008025	2.495604
38.094092	2054.861317	2.011930	-0.008023	2.498212
38.068112	2059.859547	2.016934	-0.008017	2.500764
38.113026	2065.011711	2.021939	-0.008029	2.503402
38.136784	2070.169189	2.026944	-0.008035	2.506037
38.321147	2075.189563	2.031949	-0.008079	2.508625
38.467748	2080.168695	2.036954	-0.008115	2.511184
38.481974	2085.442277	2.041958	-0.008119	2.513868
38.510291	2090.671011	2.046963	-0.008126	2.516529
38.744190	2095.664765	2.051968	-0.008182	2.519101
38.812210	2100.702659	2.056973	-0.008199	2.521666
38.737202	2105.892201	2.061978	-0.008182	2.524282
38.796045	2111.049237	2.066982	-0.008196	2.526901
38.780510	2116.038835	2.071987	-0.008193	2.529421
38.766975	2121.172578	2.076992	-0.008190	2.532011
38.946090	2126.550627	2.081997	-0.008233	2.534752
39.105892	2131.640858	2.087002	-0.008272	2.537341
38.999579	2136.618695	2.092006	-0.008247	2.539831
39.058299	2141.745909	2.097011	-0.008262	2.542418
39.137312	2146.914067	2.102016	-0.008281	2.545027
39.237865	2152.007151	2.107021	-0.008305	2.547598
39.303304	2156.955243	2.112026	-0.008322	2.550089
39.303960	2162.160852	2.117030	-0.008322	2.552697
39.450005	2167.429555	2.122035	-0.008358	2.555355
39.414685	2172.548301	2.127040	-0.008350	2.557908
39.572011	2177.500691	2.132045	-0.008388	2.560405
39.648866	2182.633427	2.137050	-0.008407	2.562978
39.624630	2187.858957	2.142054	-0.008401	2.565578
39.639290	2192.923744	2.147059	-0.008405	2.568102
39.811031	2197.892664	2.152064	-0.008447	2.570599
39.947585	2203.139819	2.157069	-0.008480	2.573227
39.999662	2208.431016	2.162074	-0.008493	2.575861
40.150813	2213.432895	2.167078	-0.008529	2.578365
40.098981	2218.465915	2.172083	-0.008517	2.580850
40.290238	2223.531872	2.177088	-0.008564	2.583386
40.341607	2228.680666	2.182093	-0.008576	2.585939
40.248546	2233.730659	2.187098	-0.008555	2.588419
40.449605	2238.732761	2.192102	-0.008603	2.590918
40.470644	2244.006710	2.197107	-0.008609	2.593521
40.420305	2249.269816	2.202112	-0.008597	2.596105
40.455208	2254.288185	2.207117	-0.008606	2.598580
40.416399	2259.357788	2.212122	-0.008597	2.601065
40.480643	2264.537074	2.217126	-0.008613	2.603618
40.580587	2269.634451	2.222131	-0.008637	2.606134
40.596719	2274.631182	2.227136	-0.008642	2.608585
40.766580	2279.695284	2.232141	-0.008683	2.611090
40.841032	2285.063973	2.237146	-0.008701	2.613727
40.970164	2290.269904	2.242150	-0.008732	2.616290
40.985990	2295.225169	2.247155	-0.008737	2.618712
41.037043	2300.308428	2.252160	-0.008749	2.621199
41.044292	2305.500628	2.257165	-0.008751	2.623730
41.136239	2310.620008	2.262170	-0.008774	2.626235
41.258825	2315.570877	2.267174	-0.008804	2.628661
41.309370	2320.608468	2.272179	-0.008816	2.631116
41.302131	2325.969555	2.277184	-0.008815	2.633718
41.309319	2331.161815	2.282189	-0.008817	2.636237
41.415803	2336.103142	2.287194	-0.008843	2.638646
41.542413	2341.178422	2.292198	-0.008874	2.641122
41.683301	2346.324910	2.297203	-0.008908	2.643631
41.729677	2351.474092	2.302208	-0.008919	2.646126
41.622771	2356.481290	2.307213	-0.008894	2.648527
41.625552	2361.579126	2.312218	-0.008895	2.650985
41.784397	2366.999599	2.317222	-0.008934	2.653620
41.831168	2372.185722	2.322227	-0.008946	2.656123
41.734387	2377.189755	2.327232	-0.008923	2.658515
41.817560	2382.269099	2.332237	-0.008943	2.660967
41.815581	2387.453843	2.337242	-0.008943	2.663456
41.902701	2392.580586	2.342246	-0.008965	2.665927
42.149150	2397.493672	2.347251	-0.009024	2.668316
42.021184	2402.645461	2.352256	-0.008994	2.670764
42.264658	2407.912133	2.357261	-0.009052	2.673317
42.219026	2413.117857	2.362266	-0.009042	2.675798
42.306591	2418.101581	2.367270	-0.009063	2.678189
42.422763	2423.133546	2.372275	-0.009092	2.680606
42.481129	2428.245278	2.377280	-0.009106	2.683050
42.555393	2433.402171	2.382285	-0.009124	2.685515
42.675261	2438.380621	2.387290	-0.009153	2.687900
42.717061	2443.428539	2.392294	-0.009164	2.690305
42.685795	2448.823464	2.397299	-0.009157	2.692861
42.632093	2454.115015	2.402304	-0.009145	2.695363
42.679709	2459.113935	2.407309	-0.009156	2.697739
42.812892	2464.110623	2.412314	-0.009189	2.700123
42.857743	2469.293589	2.417318	-0.009200	2.702581
42.922534	2474.422414	2.422323	-0.009216	2.705014
42.956652	2479.480449	2.427328	-0.009224	2.707407
42.952543	2484.511442	2.432333	-0.009224	2.709780
43.002887	2489.767041	2.437338	-0.009236	2.712264
43.246099	2494.980112	2.442342	-0.009295	2.714753
43.307164	2500.033744	2.447347	-0.009310	2.717139
43.224264	2505.054692	2.452352	-0.009291	2.719488
43.395178	2510.193931	2.457357	-0.009332	2.721925
43.364201	2515.340548	2.462362	-0.009325	2.724336
43.432451	2520.457272	2.467366	-0.009342	2.726744
43.467440	2525.449160	2.472371	-0.009351	2.729087
43.529817	2530.653386	2.477376	-0.009366	2.731532
43.572545	2536.040543	2.482381	-0.009377	2.734056
43.724118	2541.104564	2.487386	-0.009414	2.736443
43.788546	2546.017818	2.492390	-0.009429	2.738745
43.761094	2551.178393	2.497395	-0.009423	2.741148
43.784673	2556.319503	2.502400	-0.009429	2.743547
44.052549	2561.463207	2.507405	-0.009494	2.745978
43.989737	2566.390778	2.512410	-0.009479	2.748261
44.139746	2571.466518	2.517414	-0.009516	2.750641
44.038023	2576.879534	2.522419	-0.009492	2.753140
44.073100	2582.043145	2.527424	-0.009501	2.755540
44.214352	2586.959918	2.532429	-0.009535	2.757839
44.097825	2592.095313	2.537434	-0.009508	2.760201
44.230882	2597.249758	2.542438	-0.009540	2.762604
44.302903	2602.385054	2.547443	-0.009558	2.764988
44.444348	2607.362821	2.552448	-0.009592	2.767307
44.426909	2612.452357	2.557453	-0.009588	2.769653
44.487200	2617.737112	2.562458	-0.009603	2.772099
44.495430	2623.088823	2.567462	-0.009605	2.774565
44.476635	2628.117456	2.572467	-0.009601	2.776877
44.683475	2633.075753	2.577472	-0.009651	2.779186
44.654296	2638.261301	2.582477	-0.009645	2.781565
44.794962	2643.375677	2.587482	-0.009679	2.783933
44.803726	2648.487323	2.592486	-0.009681	2.786279
44.820746	2653.394371	2.597491	-0.009686	2.788530
44.921112	2658.579370	2.602496	-0.009710	2.790919
44.954512	2663.927948	2.607501	-0.009719	2.793371
44.970273	2669.080156	2.612506	-0.009723	2.795728
45.199369	2673.928785	2.617510	-0.009778	2.797974
45.198521	2679.069808	2.622515	-0.009779	2.800321
45.137909	2684.285553	2.627520	-0.009765	2.802691
45.125736	2689.443379	2.632525	-0.009762	2.805040
45.314483	2694.422653	2.637530	-0.009808	2.807333
45.295917	2699.514713	2.642534	-0.009804	2.809647
45.338410	2704.889765	2.647539	-0.009814	2.812095
45.491105	2710.100134	2.652544	-0.009851	2.814482
45.474739	2715.181797	2.657549	-0.009848	2.816786
45.625431	2720.132234	2.662554	-0.009884	2.819051
45.625047	2725.319470	2.667558	-0.009885	2.821401
45.673012	2730.462972	2.672563	-0.009897	2.823735
45.560177	2735.613229	2.677568	-0.009870	2.826050
45.742776	2740.510656	2.682573	-0.009914	2.828287
45.793210	2745.707551	2.687578	-0.009927	2.830640
45.889471	2751.042768	2.692582	-0.009950	2.833060
45.944450	2756.198654	2.697587	-0.009964	2.835392
45.907899	2761.097254	2.702592	-0.009956	2.837594
45.941987	2766.266179	2.707597	-0.009964	2.839924
46.150492	2771.349953	2.712602	-0.010015	2.842238
46.234020	2776.483688	2.717606	-0.010035	2.844556
46.285593	2781.481460	2.722611	-0.010048	2.846807
46.181421	2786.567173	2.727616	-0.010023	2.849074
46.215840	2791.899148	2.732621	-0.010032	2.851469
46.448127	2797.112795	2.737626	-0.010088	2.853834
46.446747	2802.219945	2.742630	-0.010088	2.856120
46.425943	2807.201364	2.747635	-0.010084	2.858345
46.533391	2812.328076	2.752640	-0.010110	2.860649
46.577250	2817.511152	2.757645	-0.010121	2.862969
46.645450	2822.613618	2.762650	-0.010138	2.865254
46.778895	2827.527349	2.767654	-0.010170	2.867461
46.747720	2832.676736	2.772659	-0.010163	2.869751
46.941586	2837.977877	2.777664	-0.010210	2.872135
46.987684	2843.191774	2.782669	-0.010221	2.874459
47.006515	2848.169718	2.787674	-0.010226	2.876673
46.994608	2853.232927	2.792678	-0.010224	2.878920
46.856716	2858.467751	2.797683	-0.010191	2.881224
47.067834	2863.565576	2.802688	-0.010242	2.883511
47.017053	2868.671169	2.807693	-0.010231	2.885766
47.090314	2873.643004	2.812698	-0.010249	2.887975
47.193276	2878.833929	2.817702	-0.010274	2.890284
47.186406	2884.302735	2.822707	-0.010273	2.892700
47.384605	2889.449800	2.827712	-0.010320	2.894997
47.566491	2894.302062	2.832717	-0.010364	2.897161
47.426538	2899.448455	2.837722	-0.010331	2.899412
47.516453	2904.634167	2.842726	-0.010353	2.901708
47.528981	2909.734356	2.847731	-0.010357	2.903954
47.727936	2914.692114	2.852736	-0.010405	2.906160
47.697366	2919.715286	2.857741	-0.010398	2.908363
47.671232	2924.951499	2.862746	-0.010392	2.910659
47.825121	2930.296303	2.867750	-0.010429	2.913024
47.745288	2935.431063	2.872755	-0.010411	2.915265
47.952713	2940.254203	2.877760	-0.010461	2.917404
47.876272	2945.464155	2.882765	-0.010443	2.919675
47.944674	2950.644109	2.887770	-0.010460	2.921949
48.139103	2955.743839	2.892774	-0.010507	2.924203
48.027672	2960.780746	2.897779	-0.010481	2.926388
48.121720	2965.824309	2.902784	-0.010504	2.928601
48.229126	2971.119985	2.907789	-0.010530	2.930924
48.248547	2976.447439	2.912794	-0.010535	2.933248
48.337768	2981.512950	2.917798	-0.010557	2.935464
48.380985	2986.424732	2.922803	-0.010567	2.937607
48.336339	2991.645604	2.927808	-0.010557	2.939871
48.497971	2996.770828	2.932813	-0.010596	2.942117
48.507951	3001.919221	2.937818	-0.010599	2.944353
48.432377	3006.917566	2.942822	-0.010582	2.946512
48.420808	3011.983283	2.947827	-0.010579	2.948706
48.678564	3017.258052	2.952832	-0.010641	2.951022
48.777242	3022.499788	2.957837	-0.010666	2.953303
48.827161	3027.535722	2.962842	-0.010678	2.955487
48.924359	3032.499674	2.967846	-0.010702	2.957644
48.995435	3037.633192	2.972851	-0.010719	2.959869
49.042382	3042.802135	2.977856	-0.010731	2.962105
49.027336	3047.944961	2.982861	-0.010728	2.964321
49.032803	3052.858842	2.987866	-0.010729	2.966438
49.248249	3057.930845	2.992870	-0.010781	2.968648
49.066705	3063.365020	2.997875	-0.010738	2.970964
49.279173	3068.609975	3.002880	-0.010790	2.973244
49.166044	3073.727473	3.007885	-0.010763	2.975428
49.177742	3078.663830	3.012890	-0.010766	2.977549
49.285753	3083.831056	3.017894	-0.010793	2.979778
49.409169	3089.033512	3.022899	-0.010823	2.982023
49.391288	3094.178173	3.027904	-0.010819	2.984224
49.612237	3099.071653	3.032909	-0.010872	2.986345
49.514691	3104.195378	3.037914	-0.010849	2.988524
49.683584	3109.477809	3.042918	-0.010890	2.990802
49.654903	3114.759926	3.047923	-0.010884	2.993054
49.677471	3119.723979	3.052928	-0.010890	2.995174
49.677797	3124.694228	3.057933	-0.010890	2.997294
49.661468	3129.835459	3.062938	-0.010887	2.999482
49.725975	3135.040339	3.067942	-0.010903	3.001706
49.735962	3140.186057	3.072947	-0.010905	3.003896
49.816413	3145.109083	3.077952	-0.010925	3.005999
49.932770	3150.208443	3.082957	-0.010953	3.008179
49.973959	3155.515344	3.087962	-0.010964	3.010437
50.105888	3160.826271	3.092966	-0.010996	3.012706
50.289333	3165.865826	3.097971	-0.011040	3.014864
50.256085	3170.811243	3.102976	-0.011033	3.016955
50.370144	3175.935254	3.107981	-0.011060	3.019138
50.360781	3181.125299	3.112986	-0.011059	3.021332
50.428033	3186.297422	3.117990	-0.011075	3.023526
50.479128	3191.284912	3.122995	-0.011088	3.025639
50.557178	3196.314161	3.128000	-0.011107	3.027771
50.443390	3201.619662	3.133005	-0.011080	3.029995
50.594235	3206.888319	3.138010	-0.011117	3.032233
50.478285	3212.076108	3.143014	-0.011089	3.034404
50.557222	3216.916449	3.148019	-0.011109	3.036451
50.630249	3222.080327	3.153024	-0.011127	3.038631
50.654925	3227.277931	3.158029	-0.011133	3.040818
50.822988	3232.359293	3.163034	-0.011174	3.042972
50.821483	3237.425134	3.168038	-0.011174	3.045098
50.817463	3242.440857	3.173043	-0.011173	3.047201
50.816590	3247.680488	3.178048	-0.011174	3.049397
51.047476	3253.104790	3.183053	-0.011229	3.051695
51.048671	3258.255319	3.188058	-0.011230	3.053851
51.204666	3263.138178	3.193062	-0.011268	3.055911
51.069315	3268.276664	3.198067	-0.011236	3.058042
51.232460	3273.402890	3.203072	-0.011275	3.060202
51.160227	3278.582426	3.208077	-0.011259	3.062355
51.327850	3283.626368	3.213082	-0.011299	3.064478
51.238060	3288.628418	3.218086	-0.011278	3.066552
51.443549	3293.726520	3.223091	-0.011328	3.068699
51.619174	3299.057303	3.228096	-0.011370	3.070938
51.728766	3304.208518	3.233101	-0.011397	3.073093
51.658466	3309.254425	3.238106	-0.011380	3.075181
51.646341	3314.306253	3.243110	-0.011378	3.077278
51.759565	3319.439347	3.248115	-0.011406	3.079421
51.777070	3324.605840	3.253120	-0.011410	3.081566
51.658002	3329.812593	3.258125	-0.011382	3.083709
51.702130	3334.700559	3.263130	-0.011393	3.085739
51.786355	3339.845447	3.268134	-0.011414	3.087878
51.866446	3345.175585	3.273139	-0.011433	3.090091
51.720181	3350.521322	3.278144	-0.011399	3.092283
51.895038	3355.594464	3.283149	-0.011441	3.094399
51.903643	3360.501802	3.288154	-0.011444	3.096425
51.949945	3365.674472	3.293158	-0.011455	3.098563
52.081817	3370.802663	3.298163	-0.011487	3.100692
52.238235	3375.921539	3.303168	-0.011525	3.102818
52.232958	3380.960724	3.308173	-0.011524	3.104891
52.332277	3385.926357	3.313178	-0.011549	3.106945
52.424081	3391.157274	3.318182	-0.011571	3.109105
52.476999	3396.468064	3.323187	-0.011584	3.111293
52.433547	3401.659465	3.328192	-0.011574	3.113418
52.502497	3406.593252	3.333197	-0.011591	3.115450
52.661004	3411.625832	3.338202	-0.011629	3.117531
52.599151	3416.857122	3.343206	-0.011615	3.119666
52.560689	3422.013767	3.348211	-0.011606	3.121773
52.740044	3427.137217	3.353216	-0.011650	3.123889
52.789514	3432.038891	3.358221	-0.011662	3.125898
52.734110	3437.193693	3.363226	-0.011649	3.127998
52.743217	3442.547527	3.368230	-0.011652	3.130184
52.828437	3447.785311	3.373235	-0.011673	3.132331
52.988841	3452.800646	3.378240	-0.011712	3.134394
53.071463	3457.752681	3.383245	-0.011732	3.136420
53.071449	3462.918693	3.388250	-0.011732	3.138524
53.021282	3468.124268	3.393254	-0.011721	3.140636
53.029132	3473.257411	3.398259	-0.011723	3.142724
53.137972	3478.230858	3.403264	-0.011750	3.144757
53.037432	3483.332940	3.408269	-0.011726	3.146818
53.136089	3488.481970	3.413274	-0.011750	3.148918
53.280087	3493.816843	3.418278	-0.011785	3.151098
53.326585	3498.958807	3.423283	-0.011797	3.153186
53.338578	3503.897764	3.428288	-0.011800	3.155188
53.518500	3508.978896	3.433293	-0.011843	3.157264
53.581653	3514.123330	3.438298	-0.011859	3.159352
53.692710	3519.272719	3.443302	-0.011886	3.161446
53.584108	3524.471171	3.448307	-0.011860	3.163533
53.599575	3529.338005	3.453312	-0.011865	3.165500
53.692961	3534.511652	3.458317	-0.011887	3.167597
53.711507	3539.913806	3.463322	-0.011892	3.169777
53.785945	3545.172580	3.468326	-0.011911	3.171904
53.790581	3550.258540	3.473331	-0.011912	3.173952
53.846547	3555.160636	3.478336	-0.011926	3.175930
53.912100	3560.337372	3.483341	-0.011942	3.178019
53.940330	3565.481112	3.488346	-0.011949	3.180088
54.016893	3570.664001	3.493350	-0.011968	3.182178
54.091866	3575.645304	3.498355	-0.011986	3.184185
54.131457	3580.651902	3.503360	-0.011996	3.186197
54.086554	3585.877992	3.508365	-0.011986	3.188287
54.169060	3591.224788	3.513370	-0.012006	3.190437
54.296919	3596.378712	3.518374	-0.012037	3.192514
54.318875	3601.331453	3.523379	-0.012043	3.194497
54.341573	3606.407392	3.528384	-0.012049	3.196529
54.458028	3611.572834	3.533389	-0.012077	3.198605
54.379060	3616.711943	3.538394	-0.012059	3.200648
54.495658	3621.887992	3.543398	-0.012087	3.202726
54.610750	3626.792145	3.548403	-0.012115	3.204694
54.728203	3631.878982	3.553408	-0.012144	3.206733
54.832390	3637.153881	3.558413	-0.012169	3.208845
54.767998	3642.453736	3.563418	-0.012154	3.210947
54.838549	3647.652880	3.568422	-0.012172	3.213022
54.828070	3652.508851	3.573427	-0.012169	3.214951
55.010796	3657.587403	3.578432	-0.012214	3.216988
55.050607	3662.751249	3.583437	-0.012224	3.219042
55.153298	3667.857291	3.588442	-0.012249	3.221078
55.026396	3673.086268	3.593446	-0.012219	3.223137
55.022426	3677.946311	3.598451	-0.012218	3.225062
55.169175	3683.126584	3.603456	-0.012254	3.227129
55.079802	3688.463256	3.608461	-0.012233	3.229231
55.224420	3693.656427	3.613466	-0.012268	3.231300
55.266079	3698.787537	3.618470	-0.012278	3.233332
55.404303	3703.675200	3.623475	-0.012312	3.235277
55.475981	3708.806156	3.628480	-0.012330	3.237310
55.400074	3714.019753	3.633485	-0.012312	3.239358
55.451312	3719.127081	3.638490	-0.012325	3.241377
55.564521	3724.195549	3.643494	-0.012352	3.243386
55.694211	3729.133470	3.648499	-0.012384	3.245344
55.515494	3734.295541	3.653504	-0.012341	3.247356
55.615620	3739.816196	3.658509	-0.012366	3.249537
55.620551	3744.998221	3.663514	-0.012367	3.251574
55.783285	3750.026570	3.668518	-0.012407	3.253566
55.831556	3754.932058	3.673523	-0.012419	3.255496
55.694029	3760.176198	3.678528	-0.012386	3.257538
55.895241	3765.311152	3.683533	-0.012435	3.259572
55.895699	3770.456211	3.688538	-0.012435	3.261588
56.105707	3775.470097	3.693542	-0.012486	3.263573
56.018500	3780.463005	3.698547	-0.012466	3.265517
56.133180	3785.576487	3.703552	-0.012494	3.267529
56.220157	3791.017055	3.708557	-0.012515	3.269664
56.303733	3796.139850	3.713562	-0.012535	3.271673
56.240817	3801.073761	3.718566	-0.012521	3.273592
56.192234	3806.085170	3.723571	-0.012510	3.275542
56.185258	3811.243039	3.728576	-0.012508	3.277552
56.296187	3816.434306	3.733581	-0.012535	3.279586
56.288645	3821.580254	3.738586	-0.012534	3.281589
56.388799	3826.575403	3.743590	-0.012558	3.283543
56.321056	3831.599872	3.748595	-0.012543	3.285490
56.511882	3836.710240	3.753600	-0.012589	3.287496
56.596035	3842.324215	3.758605	-0.012609	3.289685
56.629589	3847.410726	3.763610	-0.012618	3.291663
56.727608	3852.441288	3.768614	-0.012642	3.293624
56.931688	3857.383842	3.773619	-0.012691	3.295561
57.039781	3862.524172	3.778624	-0.012717	3.297564
57.041869	3867.712781	3.783629	-0.012718	3.299573
57.040199	3872.836147	3.788634	-0.012718	3.301556
56.963217	3877.876806	3.793638	-0.012700	3.303497
57.022628	3882.860771	3.798643	-0.012715	3.305430
56.999041	3888.062097	3.803648	-0.012710	3.307437
57.072695	3893.493180	3.808653	-0.012728	3.309541
57.078199	3898.628503	3.813658	-0.012730	3.311523
57.110929	3903.656833	3.818662	-0.012738	3.313465
57.167747	3908.596657	3.823667	-0.012752	3.315375
57.272381	3913.756173	3.828672	-0.012778	3.317372
57.436945	3918.933824	3.833677	-0.012817	3.319382
57.216609	3924.110069	3.838682	-0.012765	3.321351
57.388593	3929.136088	3.843686	-0.012807	3.323300
57.438701	3934.143668	3.848691	-0.012819	3.325229
57.302953	3939.294317	3.853696	-0.012787	3.327193
57.479494	3944.854647	3.858701	-0.012830	3.329345
57.519880	3949.967596	3.863706	-0.012840	3.331310
57.597081	3954.976920	3.868710	-0.012859	3.333238
57.537442	3960.006469	3.873715	-0.012845	3.335159
57.709273	3965.099488	3.878720	-0.012887	3.337126
57.738284	3970.307440	3.883725	-0.012894	3.339121
57.916310	3975.410722	3.888730	-0.012937	3.341091
57.959836	3980.432324	3.893734	-0.012948	3.343014
57.999338	3985.403929	3.898739	-0.012958	3.344917
58.011677	3990.599855	3.903744	-0.012961	3.346902
58.009836	3996.008877	3.908749	-0.012961	3.348965
58.062264	4001.162902	3.913754	-0.012974	3.350935
58.150032	4006.241869	3.918758	-0.012996	3.352879
58.135282	4011.174382	3.923763	-0.012993	3.354756
57.957596	4016.372229	3.928768	-0.012951	3.356717
58.041914	4021.609521	3.933773	-0.012971	3.358718
58.042898	4026.751842	3.938778	-0.012972	3.360673
58.388046	4031.747125	3.943782	-0.013055	3.362605
58.281147	4036.693373	3.948787	-0.013030	3.364472
58.230229	4041.887725	3.953792	-0.013018	3.366439
58.411104	4047.354723	3.958797	-0.013062	3.368530
58.448314	4052.559506	3.963802	-0.013071	3.370507
58.601276	4057.639056	3.968806	-0.013108	3.372446
58.673611	4062.508368	3.973811	-0.013126	3.374297
58.673545	4067.664169	3.978816	-0.013127	3.376248
58.783903	4072.839597	3.983821	-0.013153	3.378216
58.660472	4078.004607	3.988826	-0.013124	3.380156
58.781189	4083.130479	3.993830	-0.013154	3.382104
58.954278	4087.932223	3.998835	-0.013196	3.383934
58.883343	4093.117074	4.003840	-0.013179	3.385883
59.040990	4098.425180	4.008845	-0.013217	3.387900
58.975188	4103.718324	4.013850	-0.013202	3.389889
59.075359	4108.854549	4.018854	-0.013226	3.391833
61.010745	4113.200618	4.023859	-0.013690	3.393658
61.581602	4118.205853	4.028864	-0.013827	3.395597
61.619213	4123.363216	4.033869	-0.013836	3.397540
61.695167	4128.511117	4.038874	-0.013855	3.399482
61.675785	4133.676702	4.043878	-0.013851	3.401420
61.717419	4138.631420	4.048883	-0.013861	3.403284
61.701660	4143.722755	4.053888	-0.013858	3.405192
61.814319	4148.972802	4.058893	-0.013885	3.407171
61.830294	4154.405951	4.063898	-0.013889	3.409209
61.883189	4159.577642	4.068902	-0.013903	3.411151
61.788386	4164.530115	4.073907	-0.013880	3.412995
61.875182	4169.576941	4.078912	-0.013902	3.414891
61.971055	4174.729510	4.083917	-0.013925	3.416827
62.195664	4179.823434	4.088922	-0.013979	3.418752
62.069247	4185.049235	4.093926	-0.013949	3.420692
62.206323	4190.035218	4.098931	-0.013983	3.422566
62.209740	4195.029092	4.103936	-0.013984	3.424429
62.296834	4200.203510	4.108941	-0.014005	3.426366
62.404643	4205.538156	4.113946	-0.014031	3.428364
62.386481	4210.780029	4.118950	-0.014028	3.430315
62.473307	4215.828416	4.123955	-0.014049	3.432202
62.302791	4220.679568	4.128960	-0.014008	3.433990
62.467078	4225.792475	4.133965	-0.014048	3.435907
62.451857	4230.995527	4.138970	-0.014045	3.437839
62.614537	4236.127300	4.143974	-0.014084	3.439760
62.577679	4241.325755	4.148979	-0.014076	3.441686
62.701495	4246.147539	4.153984	-0.014106	3.443487
62.790895	4251.266234	4.158989	-0.014128	3.445393
62.721252	4256.659407	4.163994	-0.014112	3.447385
62.737395	4262.078424	4.168998	-0.014116	3.449393
62.989435	4267.116317	4.174003	-0.014177	3.451282
62.925377	4272.063915	4.179008	-0.014162	3.453106
62.971652	4277.216517	4.184013	-0.014174	3.455015
62.759363	4282.372897	4.189018	-0.014123	3.456901
62.821005	4287.550920	4.194022	-0.014138	3.458819
63.072642	4292.616567	4.199027	-0.014199	3.460712
63.059810	4297.585717	4.204032	-0.014196	3.462544
63.027141	4302.656554	4.209037	-0.014189	3.464411
63.093689	4307.831119	4.214042	-0.014205	3.466324
63.302199	4313.214100	4.219046	-0.014256	3.468326
63.201997	4318.431897	4.224051	-0.014232	3.470237
63.419262	4323.412264	4.229056	-0.014285	3.472090
63.440457	4328.394224	4.234061	-0.014290	3.473924
63.609194	4333.471372	4.239066	-0.014331	3.475806
63.501811	4338.695375	4.244070	-0.014306	3.477714
63.584272	4343.813654	4.249075	-0.014326	3.479601
63.628034	4348.951362	4.254080	-0.014337	3.481490
63.590279	4353.857056	4.259085	-0.014328	3.483286
63.568833	4359.046563	4.264090	-0.014324	3.485186
63.719349	4364.412755	4.269094	-0.014360	3.487165
63.820493	4369.739956	4.274099	-0.014385	3.489125
63.697239	4374.934897	4.279104	-0.014356	3.491014
63.745127	4379.856234	4.284109	-0.014368	3.492819
63.885661	4384.901971	4.289114	-0.014402	3.494676
64.017720	4390.058583	4.294118	-0.014434	3.496572
64.030516	4395.179716	4.299123	-0.014437	3.498443
63.979844	4400.359820	4.304128	-0.014426	3.500329
64.066408	4405.387379	4.309133	-0.014447	3.502170
64.229049	4410.314499	4.314138	-0.014486	3.503981
64.252652	4415.503799	4.319142	-0.014492	3.505874
64.157211	4420.950559	4.324147	-0.014470	3.507849
64.171985	4426.161540	4.329152	-0.014474	3.509747
64.409142	4431.188084	4.334157	-0.014531	3.511597
64.330356	4436.118958	4.339162	-0.014513	3.513382
64.244456	4441.308476	4.344166	-0.014493	3.515260
64.464732	4446.453110	4.349171	-0.014546	3.517149
64.601250	4451.549343	4.354176	-0.014579	3.519011
64.598721	4456.759806	4.359181	-0.014579	3.520901
64.741424	4461.602505	4.364186	-0.014613	3.522670
64.690079	4466.770313	4.369190	-0.014602	3.524538
64.715511	4472.055250	4.374195	-0.014608	3.526455
64.786513	4477.513682	4.379200	-0.014626	3.528437
65.023943	4482.614238	4.384205	-0.014683	3.530304
64.865585	4487.560915	4.389210	-0.014645	3.532079
64.819239	4492.641002	4.394214	-0.014635	3.533911
64.864276	4497.776955	4.399219	-0.014646	3.535770
64.816669	4502.981130	4.404224	-0.014635	3.537645
65.047435	4508.079662	4.409229	-0.014691	3.539506
64.841611	4513.211900	4.414234	-0.014642	3.541338
64.967784	4518.083804	4.419238	-0.014673	3.543106
65.058549	4523.259075	4.424243	-0.014695	3.544979
65.081341	4528.568502	4.429248	-0.014701	3.546893
65.273527	4533.816969	4.434253	-0.014747	3.548799
65.330060	4538.967514	4.439258	-0.014761	3.550657
65.210562	4543.900497	4.444262	-0.014733	3.552420
65.297307	4548.989721	4.449267	-0.014754	3.554257
65.291706	4554.140185	4.454272	-0.014753	3.556106
65.425296	4559.282272	4.459277	-0.014786	3.557964
65.461110	4564.430460	4.464282	-0.014795	3.559815
65.351975	4569.501460	4.469286	-0.014769	3.561623
65.467020	4574.487215	4.474291	-0.014797	3.563421
65.604835	4579.605869	4.479296	-0.014831	3.565267
65.732874	4585.116001	4.484301	-0.014862	3.567251
65.616407	4590.361631	4.489306	-0.014834	3.569118
65.751207	4595.496327	4.494310	-0.014867	3.570967
65.879881	4600.267508	4.499315	-0.014898	3.572684
65.915776	4605.391662	4.504320	-0.014907	3.574518
65.793012	4610.638945	4.509325	-0.014878	3.576381
65.890975	4615.762719	4.514330	-0.014902	3.578219
65.861814	4620.941518	4.519334	-0.014896	3.580064
66.024692	4625.875980	4.524339	-0.014935	3.581838
65.947925	4630.913161	4.529344	-0.014917	3.583626
65.941652	4636.128324	4.534349	-0.014916	3.585484
66.136804	4641.509753	4.539354	-0.014963	3.587417
66.095125	4646.704059	4.544358	-0.014954	3.589262
66.146975	4651.757747	4.549363	-0.014967	3.591064
66.249910	4656.640691	4.554368	-0.014992	3.592808
66.355428	4661.781156	4.559373	-0.015017	3.594644
66.329226	4666.968046	4.564378	-0.015012	3.596484
66.373856	4672.167478	4.569382	-0.015023	3.598334
66.434646	4677.307546	4.574387	-0.015038	3.600162
66.573117	4682.203127	4.579392	-0.015071	3.601910
66.646882	4687.290555	4.584397	-0.015089	3.603720
66.562097	4692.509293	4.589402	-0.015070	3.605561
66.705931	4698.030181	4.594406	-0.015105	3.607528
66.626223	4703.252272	4.599411	-0.015086	3.609369
66.761730	4708.139226	4.604416	-0.015119	3.611110
66.722596	4713.079192	4.609421	-0.015110	3.612853
66.791912	4718.188596	4.614426	-0.015127	3.614664
66.727318	4723.414607	4.619430	-0.015112	3.616504
67.048956	4728.507490	4.624435	-0.015189	3.618330
67.000966	4733.661290	4.629440	-0.015178	3.620144
66.994662	4738.583459	4.634445	-0.015177	3.621879
67.089445	4743.651706	4.639450	-0.015200	3.623674
67.063166	4748.827305	4.644454	-0.015195	3.625495
67.114428	4754.255361	4.649459	-0.015207	3.627410
67.014287	4759.459564	4.654464	-0.015184	3.629233
67.121422	4764.505016	4.659469	-0.015210	3.631017
67.159939	4769.399115	4.664474	-0.015220	3.632741
67.205055	4774.568537	4.669478	-0.015231	3.634562
67.210318	4779.760902	4.674483	-0.015233	3.636386
67.212461	4784.900591	4.679488	-0.015234	3.638190
67.277412	4790.089910	4.684493	-0.015250	3.640017
67.393992	4794.956823	4.689498	-0.015278	3.641733
67.569775	4800.032671	4.694502	-0.015320	3.643528
67.632162	4805.209819	4.699507	-0.015336	3.645347
67.592713	4810.758412	4.704512	-0.015327	3.647287
67.687456	4815.916167	4.709517	-0.015350	3.649100
67.710007	4820.925247	4.714522	-0.015356	3.650854
67.692495	4825.920515	4.719526	-0.015352	3.652599
67.625937	4831.083677	4.724531	-0.015337	3.654398
67.619827	4836.272328	4.729536	-0.015336	3.656210
67.734704	4841.403089	4.734541	-0.015364	3.658011
67.863398	4846.533987	4.739546	-0.015395	3.659813
67.718692	4851.525576	4.744550	-0.015361	3.661542
67.939089	4856.529254	4.749555	-0.015414	3.663305
67.842453	4861.714715	4.754560	-0.015391	3.665103
67.941635	4867.169425	4.759565	-0.015415	3.667012
67.933709	4872.360304	4.764570	-0.015414	3.668818
67.999577	4877.394221	4.769574	-0.015430	3.670575
68.120734	4882.261074	4.774579	-0.015460	3.672278
68.158233	4887.417988	4.779584	-0.015469	3.674074
68.165175	4892.660260	4.784589	-0.015471	3.675896
68.165906	4897.785227	4.789594	-0.015472	3.677675
68.249396	4902.932446	4.794598	-0.015492	3.679469
68.457850	4907.850686	4.799603	-0.015542	3.681193
68.393125	4912.927592	4.804608	-0.015527	3.682948
68.455921	4918.127770	4.809613	-0.015543	3.684756
68.673691	4923.614400	4.814618	-0.015596	3.686674
68.585596	4928.809039	4.819622	-0.015575	3.688466
68.713278	4933.944752	4.824627	-0.015606	3.690254
68.853788	4938.735104	4.829632	-0.015640	3.691922
68.844225	4943.941859	4.834637	-0.015638	3.693722
68.853099	4949.090733	4.839642	-0.015641	3.695502
68.945947	4954.193168	4.844646	-0.015663	3.697272
68.888873	4959.380792	4.849651	-0.015650	3.699059
68.868736	4964.358517	4.854656	-0.015646	3.700775
68.985979	4969.384646	4.859661	-0.015674	3.702518
68.887828	4974.529576	4.864666	-0.015651	3.704284
68.800401	4980.003317	4.869670	-0.015631	3.706163
69.043173	4985.160269	4.874675	-0.015689	3.707959
68.943018	4990.360336	4.879680	-0.015666	3.709741
69.155395	4995.150278	4.884685	-0.015717	3.711407
69.207188	5000.218365	4.889690	-0.015730	3.713154
69.153024	5005.479269	4.894694	-0.015718	3.714958
69.246507	5010.585984	4.899699	-0.015740	3.716721
69.456173	5015.692223	4.904704	-0.015791	3.718492
69.471342	5020.806932	4.909709	-0.015795	3.720249
69.578520	5025.700286	4.914714	-0.015821	3.721936
69.465408	5030.891024	4.919718	-0.015795	3.723708
69.548625	5036.272871	4.924723	-0.015815	3.725559
69.592532	5041.629332	4.929728	-0.015826	3.727398
69.573481	5046.782632	4.934733	-0.015822	3.729161
69.702400	5051.672695	4.939738	-0.015853	3.730846
69.546472	5056.756221	4.944742	-0.015816	3.732572
69.642191	5061.948078	4.949747	-0.015840	3.734356
69.668379	5067.111305	4.954752	-0.015846	3.736123
69.789669	5072.285700	4.959757	-0.015876	3.737900
69.734881	5077.416195	4.964762	-0.015863	3.739648
69.841857	5082.252184	4.969766	-0.015889	3.741308
69.895553	5087.408549	4.974771	-0.015903	3.743071
69.886044	5092.606916	4.979776	-0.015901	3.744843
69.931840	5098.051286	4.984781	-0.015912	3.746703
69.904568	5103.222196	4.989786	-0.015906	3.748462
69.989929	5108.223345	4.994790	-0.015927	3.750172
69.957185	5113.212252	4.999795	-0.015920	3.751868
70.123703	5118.278855	5.004800	-0.015960	3.753605
70.132588	5123.505931	5.009805	-0.015962	3.755383
70.192046	5128.675896	5.014810	-0.015977	3.757145
70.388263	5133.767656	5.019814	-0.016025	3.758891
70.403635	5138.722918	5.024819	-0.016029	3.760575
70.534035	5143.765803	5.029824	-0.016060	3.762297
70.576704	5148.896849	5.034829	-0.016071	3.764041
70.516570	5154.499926	5.039834	-0.016057	3.765936
70.700931	5159.689554	5.044838	-0.016102	3.767710
70.806824	5164.863092	5.049843	-0.016127	3.769471
70.638183	5169.688917	5.054848	-0.016088	3.771092
70.634862	5174.837180	5.059853	-0.016087	3.772834
70.710301	5180.011051	5.064858	-0.016106	3.774591
70.822655	5185.154778	5.069862	-0.016133	3.776339
70.731578	5190.322281	5.074867	-0.016112	3.778079
70.805331	5195.399362	5.079872	-0.016130	3.779800
70.971578	5200.230796	5.084877	-0.016170	3.781445
70.843363	5205.452701	5.089882	-0.016140	3.783197
71.013782	5210.678153	5.094886	-0.016181	3.784974
71.069121	5216.018873	5.099891	-0.016195	3.786779
70.971757	5221.213135	5.104896	-0.016172	3.788522
71.201056	5226.177598	5.109901	-0.016227	3.790213
71.277301	5231.152836	5.114906	-0.016246	3.791895
71.201396	5236.321289	5.119910	-0.016228	3.793629
71.171489	5241.583547	5.124915	-0.016222	3.795397
71.231443	5246.694743	5.129920	-0.016236	3.797120
71.361642	5251.836675	5.134925	-0.016268	3.798859
71.465406	5256.751049	5.139930	-0.016293	3.800518
71.373988	5261.809249	5.144934	-0.016272	3.802210
71.398189	5267.037459	5.149939	-0.016278	3.803967
71.584306	5272.407664	5.154944	-0.016323	3.805784
71.598198	5277.581749	5.159949	-0.016327	3.807520
71.686388	5282.677788	5.164954	-0.016348	3.809235
71.630826	5287.565016	5.169958	-0.016336	3.810869
71.766657	5292.645325	5.174963	-0.016369	3.812581
71.758422	5297.871071	5.179968	-0.016367	3.814330
71.724572	5303.045363	5.184973	-0.016359	3.816059
71.758723	5308.238149	5.189978	-0.016368	3.817798
71.735983	5313.303442	5.194982	-0.016363	3.819490
71.982236	5318.169252	5.199987	-0.016422	3.821135
71.855361	5323.341334	5.204992	-0.016393	3.822853
71.843964	5328.647349	5.209997	-0.016390	3.824624
72.033272	5333.953939	5.215002	-0.016436	3.826410
72.157108	5339.123570	5.220006	-0.016466	3.828144
72.173942	5344.136451	5.225011	-0.016471	3.829816
72.184156	5349.088390	5.230016	-0.016473	3.831468
72.163786	5354.301581	5.235021	-0.016469	3.833203
72.316415	5359.427074	5.240026	-0.016506	3.834921
72.347132	5364.598627	5.245030	-0.016514	3.836645
72.391622	5369.777828	5.250035	-0.016525	3.838371
72.282522	5374.759553	5.255040	-0.016499	3.840020
72.412212	5379.751102	5.260045	-0.016531	3.841689
72.510661	5384.899519	5.265050	-0.016555	3.843407
72.465344	5390.380980	5.270054	-0.016544	3.845224
72.606367	5395.640235	5.275059	-0.016579	3.846980
72.625507	5400.690534	5.280064	-0.016584	3.848657
72.751918	5405.631168	5.285069	-0.016614	3.850305
72.820274	5410.650221	5.290074	-0.016631	3.851974
72.758712	5415.856376	5.295078	-0.016617	3.853695
72.832889	5421.053920	5.300083	-0.016635	3.855422
72.926157	5426.162729	5.305088	-0.016658	3.857120
72.985835	5431.330481	5.310093	-0.016673	3.858835
72.862459	5436.179391	5.315098	-0.016644	3.860430
72.941637	5441.296194	5.320102	-0.016663	3.862127
72.959746	5446.468737	5.325107	-0.016668	3.863838
73.010206	5451.928376	5.330112	-0.016680	3.865646
72.961653	5457.073385	5.335117	-0.016669	3.867341
73.109208	5462.158491	5.340122	-0.016705	3.869030
73.105292	5467.010205	5.345126	-0.016704	3.870631
73.170503	5472.187371	5.350131	-0.016720	3.872343
73.219657	5477.289936	5.355136	-0.016733	3.874028
73.215356	5482.547019	5.360141	-0.016732	3.875760
73.299655	5487.632949	5.365146	-0.016753	3.877441
73.363521	5492.714317	5.370150	-0.016768	3.879119
73.422544	5497.623428	5.375155	-0.016783	3.880738
73.500698	5502.790455	5.380160	-0.016802	3.882444
73.472482	5508.138437	5.385165	-0.016796	3.884200
73.594997	5513.561508	5.390170	-0.016826	3.885991
73.628688	5518.689466	5.395174	-0.016834	3.887678
73.451985	5523.756387	5.400179	-0.016792	3.889328
73.683096	5528.609598	5.405184	-0.016848	3.890938
73.721632	5533.772545	5.410189	-0.016858	3.892634
73.742948	5539.010168	5.415194	-0.016863	3.894353
73.933295	5544.080919	5.420198	-0.016909	3.896029
73.866046	5549.265692	5.425203	-0.016894	3.897723
73.988651	5554.213948	5.430208	-0.016924	3.899352
73.923918	5559.232754	5.435213	-0.016908	3.900990
74.050593	5564.376142	5.440218	-0.016939	3.902683
73.921747	5569.743834	5.445222	-0.016909	3.904429
74.075298	5575.054912	5.450227	-0.016946	3.906176
74.174785	5580.165416	5.455232	-0.016970	3.907853
74.148334	5585.150282	5.460237	-0.016965	3.909479
74.036019	5590.153402	5.465242	-0.016938	3.911105
74.190244	5595.247747	5.470246	-0.016975	3.912779
74.258461	5600.511771	5.475251	-0.016992	3.914501
74.325581	5605.616530	5.480256	-0.017009	3.916170
74.462012	5610.779042	5.485261	-0.017042	3.917862
74.524114	5615.728325	5.490266	-0.017057	3.919479
74.566322	5620.744482	5.495270	-0.017068	3.921116
74.614303	5625.914960	5.500275	-0.017080	3.922802
74.670996	5631.393831	5.505280	-0.017094	3.924589
74.654650	5636.764599	5.510285	-0.017090	3.926335
74.565360	5641.883918	5.515290	-0.017069	3.927992
74.621632	5646.798371	5.520294	-0.017083	3.929593
74.625102	5651.840886	5.525299	-0.017085	3.931231
74.611041	5656.982658	5.530304	-0.017082	3.932900
74.675246	5662.218107	5.535309	-0.017097	3.934604
74.744947	5667.346826	5.540314	-0.017115	3.936272
74.752097	5672.444309	5.545318	-0.017117	3.937926
74.846664	5677.342642	5.550323	-0.017140	3.939520
74.998951	5682.389342	5.555328	-0.017177	3.941166
74.961663	5687.554057	5.560333	-0.017168	3.942836
74.955108	5693.012280	5.565338	-0.017167	3.944602
75.207039	5698.147993	5.570342	-0.017228	3.946282
75.163456	5703.321758	5.575347	-0.017218	3.947952
75.114588	5708.249660	5.580352	-0.017207	3.949542
75.199214	5713.320379	5.585357	-0.017227	3.951187
75.170839	5718.430519	5.590362	-0.017221	3.952835
75.161964	5723.701956	5.595366	-0.017219	3.954537
75.371179	5728.789670	5.600371	-0.017270	3.956194
75.291564	5733.955223	5.605376	-0.017251	3.957855
75.386318	5738.924136	5.610381	-0.017274	3.959464
75.334181	5743.950379	5.615386	-0.017262	3.961080
75.520903	5749.085537	5.620390	-0.017308	3.962748
75.559308	5754.659517	5.625395	-0.017317	3.964546
75.608593	5759.859265	5.630400	-0.017330	3.966223
75.798393	5764.957889	5.635405	-0.017375	3.967877
75.822177	5769.850164	5.640410	-0.017381	3.969453
75.746509	5774.945657	5.645414	-0.017364	3.971086
75.821823	5780.100792	5.650419	-0.017382	3.972748
75.829299	5785.306851	5.655424	-0.017385	3.974421
75.756800	5790.476052	5.660429	-0.017368	3.976076
75.869919	5795.605204	5.665434	-0.017395	3.977731
75.971458	5800.523966	5.670438	-0.017420	3.979316
75.916477	5805.574016	5.675443	-0.017407	3.980932
75.930424	5810.709555	5.680448	-0.017411	3.982579
76.042542	5816.243035	5.685453	-0.017438	3.984360
76.145140	5821.352167	5.690458	-0.017463	3.986004
76.191668	5826.481401	5.695462	-0.017475	3.987650
76.183808	5831.474264	5.700467	-0.017474	3.989247
76.285487	5836.466970	5.705472	-0.017498	3.990852
76.314175	5841.639534	5.710477	-0.017506	3.992508
76.361242	5846.827879	5.715482	-0.017517	3.994170
76.349209	5851.998875	5.720486	-0.017515	3.995821
76.408433	5857.126368	5.725491	-0.017530	3.997463
76.550705	5862.043504	5.730496	-0.017564	3.999043
76.423321	5867.159518	5.735501	-0.017534	4.000667
76.545432	5872.278790	5.740506	-0.017564	4.002309
76.621881	5877.772321	5.745510	-0.017582	4.004066
76.586575	5883.099270	5.750515	-0.017575	4.005761
76.621973	5888.218273	5.755520	-0.017583	4.007395
76.763406	5893.087234	5.760525	-0.017618	4.008955
76.775450	5898.119236	5.765530	-0.017621	4.010558
76.841229	5903.278146	5.770534	-0.017637	4.012204
76.839114	5908.498872	5.775539	-0.017637	4.013865
76.915151	5913.619617	5.780544	-0.017656	4.015498
76.715886	5918.836644	5.785549	-0.017609	4.017143
76.830792	5923.734119	5.790554	-0.017637	4.018707
76.874866	5928.735173	5.795558	-0.017648	4.020298
77.028245	5933.883115	5.800563	-0.017685	4.021942
76.994585	5939.146873	5.805568	-0.017677	4.023611
76.956024	5944.400065	5.810573	-0.017668	4.025274
77.120095	5949.545321	5.815578	-0.017708	4.026917
77.258493	5954.567159	5.820582	-0.017742	4.028518
77.349633	5959.441414	5.825587	-0.017764	4.030068
77.260204	5964.604409	5.830592	-0.017743	4.031697
77.236098	5969.857192	5.835597	-0.017738	4.033358
77.272614	5974.969995	5.840602	-0.017747	4.034979
77.432660	5980.150483	5.845606	-0.017786	4.036628
77.457875	5985.136539	5.850611	-0.017792	4.038206
77.388727	5990.090199	5.855616	-0.017776	4.039767
77.416225	5995.293146	5.860621	-0.017783	4.041413
77.634605	6000.557715	5.865626	-0.017836	4.043090
77.615238	6006.016263	5.870630	-0.017832	4.044812
77.625253	6011.180957	5.875635	-0.017834	4.046442
77.626047	6016.247711	5.880640	-0.017835	4.048040
77.629117	6021.188223	5.885645	-0.017836	4.049598
77.731852	6026.261212	5.890650	-0.017861	4.051204
77.802624	6031.443095	5.895654	-0.017879	4.052841
77.771182	6036.664488	5.900659	-0.017872	4.054483
77.841746	6041.804021	5.905664	-0.017889	4.056106
77.856614	6046.931548	5.910669	-0.017893	4.057720
77.749372	6051.733364	5.915674	-0.017868	4.059223
77.937218	6056.903965	5.920678	-0.017913	4.060861
78.010266	6062.118706	5.925683	-0.017931	4.062505
78.038807	6067.539741	5.930688	-0.017938	4.064210
78.086909	6072.727267	5.935693	-0.017950	4.065842
78.096215	6077.868320	5.940698	-0.017953	4.067457
78.207683	6082.649675	5.945702	-0.017980	4.068964
78.291079	6087.814032	5.950707	-0.018001	4.070590
78.314478	6092.951201	5.955712	-0.018007	4.072202
78.282780	6098.150751	5.960717	-0.018000	4.073829
78.361201	6103.276536	5.965722	-0.018019	4.075440
78.436508	6108.397048	5.970726	-0.018037	4.077049
78.504930	6113.351464	5.975731	-0.018054	4.078604
78.375137	6118.447918	5.980736	-0.018023	4.080190
78.455088	6123.610417	5.985741	-0.018043	4.081810
78.561231	6129.140062	5.990746	-0.018069	4.083546
78.608943	6134.387512	5.995750	-0.018081	4.085189
78.720450	6139.571846	6.000755	-0.018108	4.086816
78.767667	6144.489669	6.005760	-0.018120	4.088355
78.618400	6149.527198	6.010765	-0.018084	4.089918
78.847076	6154.600216	6.015770	-0.018140	4.091516
78.832368	6159.805876	6.020774	-0.018137	4.093138
78.873927	6164.957864	6.025779	-0.018147	4.094748
78.865981	6170.148199	6.030784	-0.018146	4.096365
79.089628	6175.093171	6.035789	-0.018199	4.097920
78.971681	6180.088733	6.040794	-0.018172	4.099468
79.045001	6185.260227	6.045798	-0.018190	4.101083
78.935584	6190.536777	6.050803	-0.018164	4.102718
79.083397	6195.880712	6.055808	-0.018200	4.104390
79.218148	6201.063872	6.060813	-0.018233	4.106010
79.216075	6206.094509	6.065818	-0.018233	4.107573
79.315784	6210.975426	6.070822	-0.018257	4.109096
79.429611	6216.105616	6.075827	-0.018284	4.110697
79.333448	6221.264991	6.080832	-0.018262	4.112293
79.519946	6226.466775	6.085837	-0.018307	4.113919
79.303081	6231.634856	6.090842	-0.018256	4.115508
79.578917	6236.733809	6.095846	-0.018322	4.117107
79.527346	6241.626070	6.100851	-0.018310	4.118620
79.608037	6246.745900	6.105856	-0.018330	4.120212
79.568624	6251.909511	6.110861	-0.018321	4.121809
79.566740	6257.537389	6.115866	-0.018321	4.123551
79.383316	6262.755853	6.120870	-0.018278	4.125155
79.609328	6267.861171	6.125875	-0.018332	4.126748
79.563753	6272.753504	6.130880	-0.018322	4.128259
79.792439	6277.811728	6.135885	-0.018377	4.129837
79.711186	6282.926203	6.140890	-0.018358	4.131412
79.761873	6288.167288	6.145894	-0.018370	4.133034
79.918266	6293.286738	6.150899	-0.018408	4.134625
79.860490	6298.443798	6.155904	-0.018395	4.136213
79.942334	6303.416485	6.160909	-0.018415	4.137753
79.992346	6308.383360	6.165914	-0.018427	4.139288
79.969169	6313.539168	6.170918	-0.018422	4.140876
80.171380	6318.835494	6.175923	-0.018471	4.142521
80.275855	6324.183260	6.180928	-0.018497	4.144175
80.112785	6329.424298	6.185933	-0.018458	4.145779
80.087781	6334.465818	6.190938	-0.018453	4.147329
80.062019	6339.341936	6.195942	-0.018447	4.148828
80.109064	6344.505518	6.200947	-0.018459	4.150419
80.274437	6349.619699	6.205952	-0.018499	4.152002
80.297262	6354.819615	6.210957	-0.018504	4.153602
80.373119	6359.981336	6.215962	-0.018523	4.155192
80.348642	6365.190770	6.220966	-0.018518	4.156791
80.522252	6369.951264	6.225971	-0.018560	4.158263
80.530923	6375.097833	6.230976	-0.018562	4.159843
80.639523	6380.310669	6.235981	-0.018589	4.161449
80.584242	6385.917037	6.240986	-0.018576	4.163165
80.777145	6391.100796	6.245990	-0.018623	4.164766
80.764253	6396.294446	6.250995	-0.018620	4.166357
80.679508	6401.195658	6.256000	-0.018600	4.167853
80.771304	6406.206869	6.261005	-0.018622	4.169393
80.696053	6411.345367	6.266010	-0.018605	4.170961
80.844002	6416.509298	6.271014	-0.018641	4.172550
80.808764	6421.712034	6.276019	-0.018633	4.174139
80.963808	6426.797867	6.281024	-0.018670	4.175704
81.022322	6431.809999	6.286029	-0.018685	4.177239
81.100503	6436.749526	6.291034	-0.018704	4.178753
81.092641	6441.919755	6.296038	-0.018703	4.180331
81.093169	6447.148557	6.301043	-0.018703	4.181928
81.209843	6452.553613	6.306048	-0.018732	4.183584
81.317288	6457.693472	6.311053	-0.018758	4.185159
81.170488	6462.867659	6.316058	-0.018723	4.186727
81.206552	6467.683515	6.321062	-0.018732	4.188198
81.366101	6472.788991	6.326067	-0.018771	4.189763
81.284277	6477.905600	6.331072	-0.018752	4.191316
81.830060	6483.068241	6.336077	-0.018883	4.192921
81.943774	6488.175447	6.341082	-0.018910	4.194483
82.046731	6493.333944	6.346086	-0.018935	4.196058
82.018938	6498.280162	6.351091	-0.018929	4.197561
82.147585	6503.266894	6.356096	-0.018960	4.199085
82.228012	6508.425341	6.361101	-0.018980	4.200657
82.206260	6513.892802	6.366106	-0.018975	4.202317
82.331805	6519.233459	6.371110	-0.019006	4.203946
82.320956	6524.400614	6.376115	-0.019004	4.205514
82.431043	6529.405789	6.381120	-0.019031	4.207040
82.456969	6534.294622	6.386125	-0.019037	4.208524
82.258777	6539.519921	6.391130	-0.018990	4.210097
82.589879	6544.622899	6.396134	-0.019070	4.211663
82.561592	6549.821558	6.401139	-0.019064	4.213237
82.603969	6554.914384	6.406144	-0.019074	4.214782
82.721902	6560.106599	6.411149	-0.019103	4.216361
82.841735	6564.918694	6.416154	-0.019132	4.217825
82.870790	6570.024912	6.421158	-0.019139	4.219371
82.903755	6575.199352	6.426163	-0.019148	4.220938
82.899881	6580.592642	6.431168	-0.019147	4.222569
83.138526	6585.806004	6.436173	-0.019205	4.224158
82.997515	6591.013322	6.441178	-0.019172	4.225723
83.057747	6595.986543	6.446182	-0.019186	4.227229
82.954615	6600.904660	6.451187	-0.019162	4.228707
82.970400	6606.140534	6.456192	-0.019166	4.230288
83.132060	6611.313552	6.461197	-0.019206	4.231858
83.076826	6616.503065	6.466202	-0.019193	4.233420
83.184555	6621.634610	6.471206	-0.019219	4.234973
83.313542	6626.718319	6.476211	-0.019250	4.236512
83.096080	6631.620773	6.481216	-0.019199	4.237976
83.291046	6636.757459	6.486221	-0.019246	4.239535
83.450263	6641.891666	6.491226	-0.019284	4.241089
83.496662	6647.596739	6.496230	-0.019296	4.242809
83.563593	6652.703163	6.501235	-0.019313	4.244348
83.559400	6657.892825	6.506240	-0.019312	4.245908
83.646438	6662.787154	6.511245	-0.019333	4.247384
83.603581	6667.822809	6.516250	-0.019323	4.248895
83.507843	6672.993204	6.521254	-0.019301	4.250442
83.577478	6678.174923	6.526259	-0.019318	4.252002
83.509409	6683.290623	6.531264	-0.019302	4.253533
83.617891	6688.480050	6.536269	-0.019329	4.255096
83.829488	6693.524400	6.541274	-0.019380	4.256622
83.761458	6698.405038	6.546278	-0.019364	4.258081
83.843964	6703.553045	6.551283	-0.019384	4.259628
83.736937	6708.792786	6.556288	-0.019359	4.261192
83.977703	6714.245565	6.561293	-0.019417	4.262839
84.080090	6719.348622	6.566298	-0.019442	4.264372
84.000450	6724.510614	6.571302	-0.019424	4.265912
84.111720	6729.263902	6.576307	-0.019451	4.267341
84.093284	6734.314279	6.581312	-0.019447	4.268850
84.102917	6739.491600	6.586317	-0.019449	4.270398
84.067911	6744.700298	6.591322	-0.019441	4.271952
84.087803	6749.850139	6.596326	-0.019447	4.273492
84.181023	6755.003424	6.601331	-0.019469	4.275036
84.297849	6760.000288	6.606336	-0.019498	4.276534
84.249998	6764.909184	6.611341	-0.019487	4.277996
84.348630	6770.070079	6.616346	-0.019511	4.279541
84.417232	6775.314031	6.621350	-0.019528	4.281109
84.635586	6780.897888	6.626355	-0.019580	4.282786
84.522334	6786.069626	6.631360	-0.019554	4.284320
84.609089	6791.252073	6.636365	-0.019575	4.285869
84.563545	6796.050620	6.641370	-0.019565	4.287295
84.623430	6801.102309	6.646374	-0.019579	4.288802
84.710961	6806.307935	6.651379	-0.019601	4.290356
84.467198	6811.536726	6.656384	-0.019543	4.291897
84.745443	6816.632023	6.661389	-0.019610	4.293428
84.820356	6821.770094	6.666394	-0.019628	4.294959
84.777956	6826.810457	6.671398	-0.019619	4.296454
84.844688	6831.756087	6.676403	-0.019635	4.297927
84.818586	6836.909352	6.681408	-0.019629	4.299455
84.942182	6842.090689	6.686413	-0.019659	4.301000
85.072859	6847.554651	6.691418	-0.019691	4.302629
85.108273	6852.682938	6.696422	-0.019700	4.304152
85.049229	6857.877315	6.701427	-0.019686	4.305688
85.071860	6862.704029	6.706432	-0.019692	4.307120
85.254213	6867.800363	6.711437	-0.019736	4.308640
85.069917	6872.938455	6.716442	-0.019693	4.310151
85.288809	6878.104311	6.721446	-0.019745	4.311693
85.229913	6883.299287	6.726451	-0.019732	4.313227
85.243192	6888.461346	6.731456	-0.019735	4.314755
85.183161	6893.557781	6.736461	-0.019722	4.316259
85.327362	6898.415702	6.741466	-0.019757	4.317703
85.410745	6903.522374	6.746470	-0.019777	4.319217
85.552506	6908.774179	6.751475	-0.019811	4.320777
85.574987	6914.388738	6.756480	-0.019817	4.322436
85.718163	6919.514169	6.761485	-0.019852	4.323957
85.760119	6924.667890	6.766490	-0.019862	4.325480
85.780593	6929.546981	6.771494	-0.019868	4.326921
85.687564	6934.605722	6.776499	-0.019846	4.328407
85.799266	6939.722023	6.781504	-0.019873	4.329922
85.774686	6944.971662	6.786509	-0.019868	4.331468
85.764475	6950.138859	6.791514	-0.019866	4.332989
85.754603	6955.299322	6.796518	-0.019864	4.334508
85.762000	6960.350169	6.801523	-0.019866	4.335996
85.918703	6965.194457	6.806528	-0.019904	4.337430
85.905179	6970.399116	6.811533	-0.019901	4.338960
86.031184	6975.547700	6.816538	-0.019932	4.340481
86.002788	6981.044531	6.821542	-0.019926	4.342096
85.990404	6986.214203	6.826547	-0.019923	4.343614
86.227589	6991.327486	6.831552	-0.019980	4.345129
86.255835	6996.241229	6.836557	-0.019987	4.346574
86.095351	7001.282143	6.841562	-0.019949	4.348045
86.188898	7006.447717	6.846566	-0.019972	4.349566
86.259997	7011.626750	6.851571	-0.019990	4.351089
86.160270	7016.801009	6.856576	-0.019966	4.352601
86.209615	7021.964285	6.861581	-0.019979	4.354118
86.303123	7027.033816	6.866586	-0.020001	4.355608
86.464393	7031.826093	6.871590	-0.020040	4.357021
86.417485	7037.055152	6.876595	-0.020030	4.358550
86.437108	7042.161728	6.881600	-0.020035	4.360046
86.557708	7047.791281	6.886605	-0.020064	4.361700
86.723499	7052.999450	6.891610	-0.020104	4.363233
86.708353	7058.191658	6.896614	-0.020101	4.364750
86.760457	7063.140412	6.901619	-0.020114	4.366200
86.828618	7068.003458	6.906624	-0.020131	4.367625
86.746109	7073.256063	6.911629	-0.020112	4.369155
86.825130	7078.412312	6.916634	-0.020131	4.370665
86.742985	7083.620344	6.921638	-0.020112	4.372181
86.820144	7088.777328	6.926643	-0.020131	4.373690
86.805572	7093.935845	6.931648	-0.020128	4.375194
86.793127	7098.772403	6.936653	-0.020125	4.376604
86.928762	7103.871447	6.941658	-0.020158	4.378098
86.869455	7109.005873	6.946662	-0.020144	4.379591
86.893363	7114.436524	6.951667	-0.020151	4.381175
87.024563	7119.680105	6.956672	-0.020182	4.382709
87.068009	7124.844020	6.961677	-0.020193	4.384215
87.147505	7129.890480	6.966682	-0.020213	4.385688
87.163429	7134.751726	6.971686	-0.020217	4.387103
87.292937	7139.911592	6.976691	-0.020248	4.388610
87.297364	7145.105757	6.981696	-0.020250	4.390121
87.204200	7150.357103	6.986701	-0.020228	4.391642
87.339509	7155.427833	6.991706	-0.020261	4.393123
87.445422	7160.574472	6.996710	-0.020287	4.394623
87.403936	7165.531402	7.001715	-0.020277	4.396060
87.445630	7170.556579	7.006720	-0.020288	4.397521
87.465703	7175.725114	7.011725	-0.020293	4.399022
87.661219	7181.012135	7.016730	-0.020340	4.400566
87.715673	7186.559277	7.021734	-0.020354	4.402177
87.593141	7191.759177	7.026739	-0.020325	4.403678
87.713533	7196.829525	7.031744	-0.020354	4.405153
87.671568	7201.717547	7.036749	-0.020345	4.406567
87.672022	7206.780617	7.041754	-0.020345	4.408033
87.612466	7211.968404	7.046758	-0.020331	4.409531
87.736206	7217.174473	7.051763	-0.020361	4.411044
87.787591	7222.309068	7.056768	-0.020374	4.412532
87.719337	7227.509100	7.061773	-0.020358	4.414032
87.795492	7232.506623	7.066778	-0.020377	4.415481
87.788088	7237.385790	7.071782	-0.020376	4.416891
87.880146	7242.567478	7.076787	-0.020398	4.418392
87.995342	7247.703546	7.081792	-0.020426	4.419881
88.089778	7253.225853	7.086797	-0.020449	4.421480
88.249735	7258.369451	7.091802	-0.020488	4.422973
88.210913	7263.521275	7.096806	-0.020479	4.424457
88.150992	7268.463130	7.101811	-0.020465	4.425879
88.334958	7273.392105	7.106816	-0.020510	4.427310
88.301753	7278.667146	7.111821	-0.020502	4.428828
88.205519	7283.761255	7.116826	-0.020480	4.430291
88.327604	7288.920985	7.121830	-0.020509	4.431783
88.334991	7294.171310	7.126835	-0.020512	4.433295
88.386814	7299.296154	7.131840	-0.020524	4.434773
88.474414	7304.108123	7.136845	-0.020546	4.436162
88.394442	7309.234842	7.141850	-0.020527	4.437632
88.493289	7314.392199	7.146854	-0.020551	4.439120
88.527764	7319.871303	7.151859	-0.020560	4.440697
88.582280	7325.229258	7.156864	-0.020573	4.442239
88.502681	7330.445507	7.161869	-0.020555	4.443733
88.752408	7335.479943	7.166874	-0.020615	4.445192
88.728660	7340.314437	7.171878	-0.020610	4.446578
88.719403	7345.466698	7.176883	-0.020608	4.448056
88.783484	7350.559777	7.181888	-0.020624	4.449520
88.801099	7355.808694	7.186893	-0.020629	4.451026
88.813082	7360.962356	7.191898	-0.020632	4.452504
88.844207	7366.133962	7.196902	-0.020640	4.453988
88.867068	7371.131091	7.201907	-0.020646	4.455421
89.059649	7376.039903	7.206912	-0.020692	4.456836
88.999586	7381.283941	7.211917	-0.020678	4.458334
89.109003	7386.402740	7.216922	-0.020705	4.459805
89.193490	7391.834350	7.221926	-0.020726	4.461363
89.261318	7397.046994	7.226931	-0.020742	4.462857
89.228067	7402.230035	7.231936	-0.020735	4.464337
89.149492	7407.114657	7.236941	-0.020716	4.465730
89.192309	7412.136830	7.241946	-0.020727	4.467167
89.242202	7417.319004	7.246950	-0.020740	4.468649
89.495096	7422.497934	7.251955	-0.020801	4.470141
89.319743	7427.674954	7.256960	-0.020759	4.471610
89.363325	7432.830602	7.261965	-0.020770	4.473083
89.357180	7438.056872	7.266970	-0.020769	4.474573
89.340930	7442.884769	7.271974	-0.020765	4.475949
89.481137	7447.932171	7.276979	-0.020799	4.477395
89.398760	7453.081472	7.281984	-0.020780	4.478858
89.508742	7458.558396	7.286989	-0.020807	4.480424
89.656923	7463.794865	7.291994	-0.020843	4.481922
89.687811	7468.947169	7.296998	-0.020851	4.483391
89.701049	7474.095465	7.302003	-0.020854	4.484857
89.780476	7478.816862	7.307008	-0.020874	4.486204
89.823419	7483.962145	7.312013	-0.020885	4.487669
89.773496	7489.171378	7.317018	-0.020873	4.489148
89.674821	7494.432521	7.322022	-0.020850	4.490638
89.925175	7499.427143	7.327027	-0.020910	4.492070
90.079525	7504.581888	7.332032	-0.020948	4.493541
90.081534	7509.684470	7.337037	-0.020949	4.494990
90.015788	7514.539709	7.342042	-0.020933	4.496365
90.152684	7519.662883	7.347046	-0.020967	4.497826
90.330933	7524.849970	7.352051	-0.021010	4.499306
90.273909	7530.414184	7.357056	-0.020997	4.500881
90.323272	7535.516961	7.362061	-0.021009	4.502330
90.191665	7540.717598	7.367066	-0.020978	4.503797
90.348520	7545.643149	7.372070	-0.021016	4.505200
90.308640	7550.585399	7.377075	-0.021007	4.506598
90.371763	7555.729831	7.382080	-0.021022	4.508057
90.306557	7560.985161	7.387085	-0.021007	4.509542
90.327029	7566.151338	7.392090	-0.021012	4.511004
90.440408	7571.278967	7.397094	-0.021040	4.512460
90.493999	7576.471547	7.402099	-0.021053	4.513931
90.508144	7581.331242	7.407104	-0.021057	4.515305
90.662971	7586.281048	7.412109	-0.021095	4.516711
90.665799	7591.533691	7.417114	-0.021096	4.518195
90.753159	7596.867601	7.422118	-0.021117	4.519706
90.866326	7602.334972	7.427123	-0.021145	4.521254
90.835956	7607.529989	7.432128	-0.021138	4.522719
90.914677	7612.706969	7.437133	-0.021157	4.524183
90.938996	7617.492999	7.442138	-0.021163	4.525534
91.035040	7622.544032	7.447142	-0.021187	4.526963
90.935989	7627.750647	7.452147	-0.021164	4.528425
90.961688	7632.873424	7.457152	-0.021170	4.529870
91.010949	7638.109137	7.462157	-0.021183	4.531347
91.061126	7643.269898	7.467162	-0.021195	4.532802
91.127010	7648.313188	7.472166	-0.021211	4.534225
91.133591	7653.167280	7.477171	-0.021213	4.535591
91.200131	7658.307947	7.482176	-0.021230	4.537040
91.303111	7663.458545	7.487181	-0.021255	4.538494
91.272155	7668.905611	7.492186	-0.021248	4.540024
91.559471	7674.008497	7.497190	-0.021317	4.541471
91.436756	7679.181220	7.502195	-0.021288	4.542919
91.387109	7684.282075	7.507200	-0.021277	4.544349
91.362893	7689.086623	7.512205	-0.021271	4.545697
91.485023	7694.211696	7.517210	-0.021301	4.547141
91.413981	7699.369839	7.522214	-0.021284	4.548585
91.483044	7704.580619	7.527219	-0.021301	4.550050
91.610347	7709.720950	7.532224	-0.021332	4.551497
91.529083	7714.918033	7.537229	-0.021313	4.552950
91.723697	7719.948999	7.542234	-0.021360	4.554369
91.817995	7724.818959	7.547238	-0.021383	4.555738
91.778891	7729.999310	7.552243	-0.021374	4.557186
91.945075	7735.088930	7.557248	-0.021415	4.558619
91.896345	7740.800783	7.562253	-0.021404	4.560215
91.850921	7746.001779	7.567258	-0.021393	4.561668
91.957863	7751.218047	7.572262	-0.021419	4.563132
91.996818	7756.261982	7.577267	-0.021429	4.564544
91.860242	7761.042959	7.582272	-0.021397	4.565874
91.974499	7766.249467	7.587277	-0.021424	4.567335
92.074573	7771.400794	7.592282	-0.021449	4.568778
91.962193	7776.611489	7.597286	-0.021422	4.570228
92.134874	7781.775298	7.602291	-0.021464	4.571678
92.255193	7786.859985	7.607296	-0.021493	4.573102
92.240514	7791.900427	7.612301	-0.021490	4.574508
92.205976	7796.792327	7.617306	-0.021483	4.575870
92.274175	7801.941906	7.622310	-0.021499	4.577309
92.443988	7807.140155	7.627315	-0.021540	4.578766
92.372252	7812.645670	7.632320	-0.021524	4.580297
92.308889	7817.853428	7.637325	-0.021509	4.581744
92.375094	7823.018982	7.642330	-0.021525	4.583186
92.380902	7827.946012	7.647334	-0.021527	4.584558
92.405909	7832.905014	7.652339	-0.021534	4.585939
92.420379	7838.086117	7.657344	-0.021538	4.587381
92.503967	7843.205826	7.662349	-0.021558	4.588809
92.547365	7848.439339	7.667354	-0.021569	4.590266
92.688557	7853.527005	7.672358	-0.021603	4.591686
92.781407	7858.716384	7.677363	-0.021626	4.593132
92.811490	7863.653554	7.682368	-0.021633	4.594505
92.853837	7868.571081	7.687373	-0.021644	4.595872
92.915793	7873.809695	7.692378	-0.021659	4.597329
92.947606	7878.995292	7.697382	-0.021667	4.598770
92.893913	7884.700763	7.702387	-0.021655	4.600350
92.942974	7889.846423	7.707392	-0.021667	4.601780
93.020845	7894.981108	7.712397	-0.021686	4.603207
92.986906	7899.908083	7.717402	-0.021679	4.604571
92.911784	7904.856748	7.722406	-0.021661	4.605938
92.967037	7910.076453	7.727411	-0.021675	4.607387
93.097766	7915.218994	7.732416	-0.021707	4.608817
93.071539	7920.350360	7.737421	-0.021701	4.610236
93.262036	7925.562026	7.742426	-0.021747	4.611687
93.159656	7930.699940	7.747430	-0.021723	4.613103
93.305427	7935.652346	7.752435	-0.021758	4.614480
93.332896	7940.572380	7.757440	-0.021765	4.615841
93.413618	7945.798177	7.762445	-0.021785	4.617289
93.308658	7951.044406	7.767450	-0.021760	4.618734
93.486392	7956.461290	7.772454	-0.021803	4.620238
93.571545	7961.645051	7.777459	-0.021824	4.621673
93.302927	7966.755250	7.782464	-0.021760	4.623072
93.378227	7971.761618	7.787469	-0.021779	4.624457
93.389930	7976.712988	7.792474	-0.021782	4.625823
93.579033	7981.837630	7.797478	-0.021828	4.627245
93.520268	7987.072901	7.802483	-0.021814	4.628686
93.657477	7992.230674	7.807488	-0.021847	4.630114
93.759103	7997.374270	7.812493	-0.021872	4.631535
93.704725	8002.527531	7.817498	-0.021860	4.632952
93.796781	8007.446809	7.822502	-0.021882	4.634311
93.962391	8012.461245	7.827507	-0.021922	4.635699
93.806347	8017.595718	7.832512	-0.021885	4.637105
93.895070	8022.885451	7.837517	-0.021907	4.638564
93.853105	8028.506592	7.842522	-0.021897	4.640108
93.888564	8033.678837	7.847526	-0.021906	4.641532
93.888385	8038.794754	7.852531	-0.021907	4.642938
93.908088	8043.731776	7.857536	-0.021912	4.644296
93.916869	8048.726550	7.862541	-0.021914	4.645668
94.045008	8053.841368	7.867546	-0.021946	4.647078
94.014791	8058.979575	7.872550	-0.021939	4.648488
94.176651	8064.228722	7.877555	-0.021978	4.649935
94.232382	8069.345055	7.882560	-0.021992	4.651341
94.219125	8074.503506	7.887565	-0.021989	4.652756
94.297818	8079.464451	7.892570	-0.022008	4.654119
94.271628	8084.367182	7.897574	-0.022003	4.655462
94.493097	8089.567084	7.902579	-0.022056	4.656897
94.401665	8094.688245	7.907584	-0.022035	4.658296
94.416068	8100.284447	7.912589	-0.022039	4.659829
94.480874	8105.427443	7.917594	-0.022054	4.661240
94.549047	8110.590879	7.922598	-0.022071	4.662656
94.611815	8115.545633	7.927603	-0.022087	4.664014
94.560175	8120.443401	7.932608	-0.022075	4.665352
94.716648	8125.647775	7.937613	-0.022113	4.666782
94.849299	8130.827844	7.942618	-0.022145	4.668203
94.866216	8136.010590	7.947622	-0.022149	4.669620
94.811293	8141.120482	7.952627	-0.022137	4.671014
94.801246	8146.312870	7.957632	-0.022135	4.672432
94.765288	8151.267306	7.962637	-0.022127	4.673783
94.741788	8156.253242	7.967642	-0.022121	4.675143
94.610611	8161.394795	7.972646	-0.022091	4.676540
94.653528	8166.609044	7.977651	-0.022101	4.677965
94.726307	8172.233566	7.982656	-0.022119	4.679502
94.836471	8177.450954	7.987661	-0.022146	4.680929
94.850551	8182.585285	7.992666	-0.022150	4.682328
94.822514	8187.649794	7.997670	-0.022144	4.683707
94.972582	8192.483985	8.002675	-0.022180	4.685030
95.085667	8197.636098	8.007680	-0.022207	4.686438
95.237268	8202.752833	8.012685	-0.022244	4.687837
95.343460	8208.011298	8.017690	-0.022270	4.689273
95.425421	8213.090381	8.022694	-0.022290	4.690658
95.429783	8218.307022	8.027699	-0.022292	4.692077
95.368353	8223.314941	8.032704	-0.022277	4.693436
95.264287	8228.222914	8.037709	-0.022253	4.694766
95.316161	8233.347123	8.042714	-0.022266	4.696160
95.418044	8238.512264	8.047718	-0.022291	4.697568
95.504826	8243.998663	8.052723	-0.022312	4.699061
95.509497	8249.230369	8.057728	-0.022313	4.700482
95.415867	8254.422444	8.062733	-0.022292	4.701887
95.470120	8259.481624	8.067738	-0.022305	4.703262
95.517089	8264.261387	8.072742	-0.022317	4.704560
95.674816	8269.465312	8.077747	-0.022355	4.705978
95.744307	8274.596877	8.082752	-0.022372	4.707372
95.677390	8279.846564	8.087757	-0.022356	4.708792
95.837272	8284.986946	8.092762	-0.022395	4.710191
95.702153	8290.199496	8.097766	-0.022363	4.711597
95.863599	8295.303551	8.102771	-0.022402	4.712986
95.924624	8300.095766	8.107776	-0.022417	4.714286
95.885569	8305.227711	8.112781	-0.022408	4.715673
95.983928	8310.438268	8.117786	-0.022432	4.717086
95.845375	8315.855154	8.122790	-0.022400	4.718546
96.119761	8321.359679	8.127795	-0.022466	4.720045
96.055153	8326.410517	8.132800	-0.022451	4.721408
96.075619	8331.699458	8.137805	-0.022456	4.722837
96.098755	8336.459008	8.142810	-0.022462	4.724124
96.204577	8341.535677	8.147814	-0.022488	4.725499
96.242179	8346.677424	8.152819	-0.022497	4.726889
96.193454	8351.898584	8.157824	-0.022486	4.728296
96.089103	8357.017458	8.162829	-0.022462	4.729673
96.328239	8362.255935	8.167834	-0.022519	4.731095
96.334708	8367.295041	8.172838	-0.022521	4.732454
96.262919	8372.246656	8.177843	-0.022505	4.733786
96.253408	8377.211090	8.182848	-0.022503	4.735124
96.229898	8382.409677	8.187853	-0.022498	4.736523
96.328150	8387.632004	8.192858	-0.022522	4.737934
96.534415	8393.098254	8.197862	-0.022572	4.739414
96.475584	8398.349816	8.202867	-0.022558	4.740825
96.485724	8403.467225	8.207872	-0.022561	4.742203
96.580344	8408.401639	8.212877	-0.022584	4.743534
96.583653	8413.280355	8.217882	-0.022585	4.744846
96.627455	8418.496952	8.222886	-0.022596	4.746250
96.719064	8423.627781	8.227891	-0.022618	4.747633
96.864229	8428.854374	8.232896	-0.022654	4.749043
97.024483	8433.957089	8.237901	-0.022692	4.750420
96.697938	8439.170166	8.242906	-0.022615	4.751807
96.890977	8444.160494	8.247910	-0.022661	4.753155
96.929643	8449.079937	8.252915	-0.022671	4.754476
96.952788	8454.239316	8.257920	-0.022677	4.755862
96.939072	8459.398713	8.262925	-0.022674	4.757245
96.994817	8465.063952	8.267930	-0.022688	4.758766
97.014434	8470.226203	8.272934	-0.022693	4.760151
97.115658	8475.489690	8.277939	-0.022718	4.761566
97.172881	8480.543357	8.282944	-0.022732	4.762922
97.121491	8485.320809	8.287949	-0.022720	4.764199
97.285064	8490.437328	8.292954	-0.022760	4.765576
97.239017	8495.588750	8.297958	-0.022749	4.766953
97.206705	8500.872633	8.302963	-0.022742	4.768366
97.228313	8505.973859	8.307968	-0.022748	4.769731
97.252135	8511.205818	8.312973	-0.022754	4.771131
97.209272	8516.348727	8.317978	-0.022744	4.772505
97.393887	8521.077575	8.322982	-0.022789	4.773776
97.287128	8526.254953	8.327987	-0.022764	4.775155
97.375096	8531.385265	8.332992	-0.022785	4.776529
97.473082	8536.768148	8.337997	-0.022809	4.777971
97.567671	8542.078336	8.343002	-0.022832	4.779392
97.605852	8547.329390	8.348006	-0.022842	4.780795
97.658282	8552.466397	8.353011	-0.022855	4.782168
97.599006	8557.360231	8.358016	-0.022841	4.783471
97.730856	8562.343317	8.363021	-0.022873	4.784805
97.704005	8567.506812	8.368026	-0.022867	4.786181
97.679042	8572.692596	8.373030	-0.022861	4.787562
97.675728	8577.877881	8.378035	-0.022861	4.788943
97.829164	8583.048829	8.383040	-0.022898	4.790327
97.821967	8588.228313	8.388045	-0.022897	4.791706
97.827190	8593.192839	8.393050	-0.022899	4.793028
97.830656	8598.137875	8.398054	-0.022900	4.794344
97.927457	8603.287806	8.403059	-0.022924	4.795718
97.966328	8608.495785	8.408064	-0.022933	4.797105
98.180594	8614.131917	8.413069	-0.022985	4.798612
98.083958	8619.368600	8.418074	-0.022963	4.800000
98.153375	8624.506352	8.423078	-0.022980	4.801368
98.131508	8629.544797	8.428083	-0.022975	4.802706
98.222210	8634.376747	8.433088	-0.022997	4.803993
98.195933	8639.533824	8.438093	-0.022991	4.805361
98.313368	8644.723379	8.443098	-0.023020	4.806743
98.262817	8649.891618	8.448102	-0.023008	4.808113
98.176667	8655.041727	8.453107	-0.022988	4.809476
98.294817	8660.226264	8.458112	-0.023017	4.810855
98.220867	8665.388130	8.463117	-0.022999	4.812221
98.545249	8670.093728	8.468122	-0.023077	4.813481
98.359609	8675.212003	8.473126	-0.023033	4.814830
98.535358	8680.431873	8.478131	-0.023076	4.816220
98.606251	8685.736702	8.483136	-0.023093	4.817628
98.735113	8691.119715	8.488141	-0.023125	4.819058
98.574146	8696.328759	8.493146	-0.023087	4.820431
98.645927	8701.470589	8.498150	-0.023104	4.821794
98.761210	8706.316161	8.503155	-0.023132	4.823080
98.879113	8711.292548	8.508160	-0.023161	4.824401
98.758909	8716.484938	8.513165	-0.023133	4.825769
98.757867	8721.594472	8.518170	-0.023133	4.827120
98.817978	8726.829076	8.523174	-0.023148	4.828505
98.903546	8731.996579	8.528179	-0.023169	4.829874
99.025802	8737.110709	8.533184	-0.023198	4.831229
98.942139	8742.233045	8.538189	-0.023179	4.832578
99.068697	8747.032455	8.543194	-0.023210	4.833850
99.108957	8752.233481	8.548198	-0.023220	4.835224
99.121328	8757.411537	8.553203	-0.023223	4.836590
99.112242	8762.914936	8.558208	-0.023221	4.838042
99.108102	8768.311515	8.563213	-0.023221	4.839464
99.257101	8773.433389	8.568218	-0.023257	4.840820
99.174998	8778.583380	8.573223	-0.023238	4.842174
99.208616	8783.397288	8.578227	-0.023246	4.843443
99.203915	8788.422964	8.583232	-0.023246	4.844767
99.313367	8793.660481	8.588237	-0.023272	4.846150
99.270000	8798.868784	8.593242	-0.023262	4.847519
99.294297	8803.951584	8.598247	-0.023269	4.848857
99.449765	8809.170528	8.603251	-0.023306	4.850236
99.527978	8814.291403	8.608256	-0.023325	4.851586
99.584270	8819.167398	8.613261	-0.023339	4.852870
99.500863	8824.103422	8.618266	-0.023320	4.854164
99.558605	8829.214713	8.623271	-0.023334	4.855509
99.710904	8834.372489	8.628275	-0.023371	4.856870
99.570758	8839.901833	8.633280	-0.023338	4.858317
99.615045	8845.027734	8.638285	-0.023349	4.859665
99.702989	8850.245355	8.643290	-0.023371	4.861037
99.704333	8855.274224	8.648295	-0.023371	4.862357
99.863972	8860.093238	8.653299	-0.023410	4.863627
99.940417	8865.172729	8.658304	-0.023429	4.864962
99.882038	8870.387833	8.663309	-0.023415	4.866327
99.970496	8875.648384	8.668314	-0.023437	4.867709
100.071298	8880.708567	8.673319	-0.023461	4.869039
100.179732	8885.969345	8.678323	-0.023488	4.870421
100.407687	8891.088775	8.683328	-0.023543	4.871770
100.275566	8895.899198	8.688333	-0.023512	4.873025
100.279678	8901.023665	8.693338	-0.023513	4.874366
100.198225	8906.180414	8.698343	-0.023494	4.875713
100.316254	8911.469870	8.703347	-0.023523	4.877101
100.367718	8917.129373	8.708352	-0.023536	4.878583
100.467786	8922.241755	8.713357	-0.023560	4.879923
100.454417	8927.373514	8.718362	-0.023557	4.881264
100.396849	8932.363374	8.723367	-0.023544	4.882566
100.510469	8937.289289	8.728371	-0.023572	4.883857
100.646769	8942.420263	8.733376	-0.023605	4.885202
100.756406	8947.630476	8.738381	-0.023631	4.886566
100.645385	8952.834011	8.743386	-0.023605	4.887921
100.742604	8957.876556	8.748391	-0.023629	4.889240
100.878244	8963.082816	8.753395	-0.023662	4.890603
100.845075	8968.183045	8.758400	-0.023654	4.891932
100.882482	8972.980473	8.763405	-0.023664	4.893184
100.860840	8978.147699	8.768410	-0.023659	4.894530
100.816605	8983.334982	8.773415	-0.023649	4.895881
100.931787	8988.627914	8.778419	-0.023677	4.897264
100.892648	8994.059561	8.783424	-0.023668	4.898677
101.076396	8999.211984	8.788429	-0.023712	4.900025
100.968696	9004.371685	8.793434	-0.023687	4.901364
101.083417	9009.190780	8.798439	-0.023715	4.902623
101.120280	9014.291676	8.803443	-0.023724	4.903951
101.187209	9019.428329	8.808448	-0.023741	4.905289
101.239338	9024.551585	8.813453	-0.023754	4.906623
101.235173	9029.826755	8.818458	-0.023753	4.907995
101.279301	9034.913087	8.823463	-0.023764	4.909318
101.348717	9040.081533	8.828467	-0.023781	4.910663
101.322242	9045.140460	8.833472	-0.023775	4.911976
101.428642	9049.961683	8.838477	-0.023801	4.913232
101.300071	9055.170430	8.843482	-0.023771	4.914580
101.254569	9060.363442	8.848487	-0.023761	4.915926
101.551000	9065.868394	8.853491	-0.023832	4.917365
101.579795	9071.214552	8.858496	-0.023839	4.918752
101.534495	9076.438451	8.863501	-0.023829	4.920106
101.634025	9081.598715	8.868506	-0.023853	4.921447
101.597787	9086.323089	8.873511	-0.023845	4.922670
101.728104	9091.371125	8.878515	-0.023877	4.923982
101.687404	9096.644558	8.883520	-0.023867	4.925347
101.810209	9101.790439	8.888525	-0.023897	4.926684
101.863115	9106.933751	8.893530	-0.023910	4.928017
101.802045	9112.120103	8.898535	-0.023896	4.929358
101.873335	9117.319301	8.903539	-0.023914	4.930705
101.746900	9122.274490	8.908544	-0.023884	4.931983
101.747280	9127.130879	8.913549	-0.023884	4.933239
101.708281	9132.410336	8.918554	-0.023876	4.934603
101.805870	9137.499293	8.923559	-0.023899	4.935921
101.899930	9142.990056	8.928563	-0.023922	4.937343
101.902830	9148.217634	8.933568	-0.023924	4.938694
102.025061	9153.369307	8.938573	-0.023953	4.940029
102.145142	9158.543251	8.943578	-0.023982	4.941369
102.153427	9163.314755	8.948583	-0.023985	4.942601
102.193358	9168.523726	8.953587	-0.023995	4.943946
102.304253	9173.643752	8.958592	-0.024022	4.945271
102.251861	9178.799845	8.963597	-0.024010	4.946599
102.356298	9183.980421	8.968602	-0.024035	4.947938
102.258316	9189.165823	8.973607	-0.024012	4.949272
102.264018	9194.316062	8.978611	-0.024014	4.950599
102.276271	9199.270502	8.983616	-0.024017	4.951876
102.277060	9204.228927	8.988621	-0.024018	4.953153
102.319982	9209.430514	8.993626	-0.024029	4.954494
102.429182	9214.582468	8.998631	-0.024055	4.955824
102.499150	9220.170402	9.003635	-0.024073	4.957265
102.595901	9225.451908	9.008640	-0.024096	4.958627
102.548935	9230.660022	9.013645	-0.024085	4.959965
102.523385	9235.780550	9.018650	-0.024080	4.961281
102.610905	9240.457887	9.023655	-0.024101	4.962486
102.586142	9245.653807	9.028659	-0.024096	4.963821
102.577869	9250.818613	9.033664	-0.024094	4.965148
102.584781	9256.004721	9.038669	-0.024096	4.966480
102.694458	9261.188732	9.043674	-0.024123	4.967815
102.738619	9266.297458	9.048679	-0.024134	4.969128
102.760193	9271.487083	9.053683	-0.024140	4.970461
102.760391	9276.472779	9.058688	-0.024140	4.971740
102.781295	9281.335396	9.063693	-0.024146	4.972989
102.940461	9286.509027	9.068698	-0.024184	4.974321
102.919699	9291.640118	9.073703	-0.024180	4.975636
103.079233	9297.133228	9.078707	-0.024218	4.977049
103.143385	9302.359878	9.083712	-0.024234	4.978391
103.245902	9307.573316	9.088717	-0.024259	4.979730
103.275912	9312.702332	9.093722	-0.024267	4.981044
103.174900	9317.464050	9.098727	-0.024243	4.982260
103.100575	9322.567461	9.103731	-0.024226	4.983564
103.128593	9327.784856	9.108736	-0.024233	4.984901
103.190751	9332.973702	9.113741	-0.024248	4.986230
103.284751	9338.062265	9.118746	-0.024271	4.987535
103.192225	9343.244165	9.123751	-0.024249	4.988857
103.233662	9348.516732	9.128755	-0.024260	4.990206
103.253410	9353.521051	9.133760	-0.024265	4.991486
103.358680	9358.336246	9.138765	-0.024291	4.992720
103.387689	9363.524058	9.143770	-0.024298	4.994046
103.494559	9368.634989	9.148775	-0.024324	4.995355
103.643549	9374.205482	9.153779	-0.024360	4.996782
103.604433	9379.524782	9.158784	-0.024351	4.998138
103.632369	9384.662126	9.163789	-0.024358	4.999450
103.649883	9389.857210	9.168794	-0.024363	5.000776
103.677551	9394.737778	9.173799	-0.024370	5.002022
103.760583	9399.735097	9.178803	-0.024390	5.003299
103.754087	9404.921284	9.183808	-0.024389	5.004621
103.703204	9410.080075	9.188813	-0.024378	5.005934
103.792925	9415.319486	9.193818	-0.024400	5.007272
103.960627	9420.408413	9.198823	-0.024440	5.008573
103.916977	9425.637819	9.203827	-0.024430	5.009903
103.861551	9430.677510	9.208832	-0.024417	5.011185
103.859198	9435.509464	9.213837	-0.024417	5.012414
104.002631	9440.626379	9.218842	-0.024452	5.013721
104.020820	9445.736871	9.223847	-0.024457	5.015022
103.922091	9451.167649	9.228851	-0.024434	5.016400
104.134347	9456.513537	9.233856	-0.024485	5.017766
104.088483	9461.718395	9.238861	-0.024475	5.019087
104.038633	9466.922645	9.243866	-0.024463	5.020408
104.099548	9471.737279	9.248871	-0.024478	5.021633
104.150988	9476.793994	9.253875	-0.024491	5.022919
104.222272	9481.928277	9.258880	-0.024508	5.024225
104.334597	9487.120373	9.263885	-0.024536	5.025547
104.309035	9492.327103	9.268890	-0.024530	5.026867
104.449012	9497.391832	9.273895	-0.024564	5.028157
104.478860	9502.621567	9.278899	-0.024572	5.029484
104.443189	9507.759744	9.283904	-0.024563	5.030786
104.543502	9512.552551	9.288909	-0.024588	5.032004
104.414824	9517.719439	9.293914	-0.024558	5.033310
104.526659	9522.859526	9.298919	-0.024585	5.034616
104.561446	9528.212507	9.303923	-0.024594	5.035973
104.424783	9533.914525	9.308928	-0.024561	5.037413
104.473069	9538.981495	9.313933	-0.024573	5.038697
104.519371	9544.142527	9.318938	-0.024585	5.040005
104.593820	9549.134927	9.323943	-0.024603	5.041270
104.657266	9554.022562	9.328947	-0.024619	5.042509
104.794682	9559.169110	9.333952	-0.024652	5.043815
104.603971	9564.350534	9.338957	-0.024607	5.045119
104.767050	9569.585613	9.343962	-0.024647	5.046448
104.780270	9574.675886	9.348967	-0.024650	5.047735
104.853500	9579.841788	9.353971	-0.024668	5.049042
104.958242	9584.996604	9.358976	-0.024694	5.050347
104.947454	9589.860050	9.363981	-0.024691	5.051575
104.938509	9594.864201	9.368986	-0.024690	5.052838
104.960383	9600.042796	9.373991	-0.024695	5.054146
105.012808	9605.191854	9.378995	-0.024708	5.055447
105.154003	9610.720254	9.384000	-0.024743	5.056846
105.065766	9615.914929	9.389005	-0.024722	5.058154
105.096840	9621.193256	9.394010	-0.024730	5.059485
105.309888	9626.255558	9.399015	-0.024781	5.060768
105.542436	9630.936518	9.404019	-0.024837	5.061955
105.347253	9636.078535	9.409024	-0.024791	5.063244
105.299389	9641.315843	9.414029	-0.024780	5.064562
105.286681	9646.586279	9.419034	-0.024778	5.065889
105.371269	9651.701437	9.424039	-0.024798	5.067179
105.477152	9656.807955	9.429043	-0.024824	5.068468
105.495962	9661.998086	9.434048	-0.024829	5.069774
105.463994	9666.972155	9.439053	-0.024822	5.071025
105.536856	9671.874220	9.444058	-0.024840	5.072260
105.557959	9677.015825	9.449063	-0.024845	5.073553
105.661140	9682.199996	9.454067	-0.024870	5.074859
105.671482	9687.723230	9.459072	-0.024873	5.076248
105.798147	9693.092617	9.464077	-0.024904	5.077601
105.816367	9698.308395	9.469082	-0.024909	5.078911
105.929186	9703.434841	9.474087	-0.024937	5.080202
105.819465	9708.331263	9.479091	-0.024911	5.081428
105.888639	9713.278791	9.484096	-0.024928	5.082672
106.026228	9718.455973	9.489101	-0.024961	5.083975
105.939733	9723.625859	9.494106	-0.024941	5.085269
105.910288	9728.826482	9.499111	-0.024934	5.086573
106.005889	9733.967772	9.504115	-0.024958	5.087864
106.042719	9739.180769	9.509120	-0.024967	5.089172
106.076172	9744.264685	9.514125	-0.024975	5.090447
106.243221	9749.062675	9.519130	-0.025016	5.091654
106.034609	9754.179702	9.524135	-0.024966	5.092930
106.238185	9759.347409	9.529139	-0.025015	5.094230
106.238069	9764.593718	9.534144	-0.025016	5.095543
106.431848	9770.045999	9.539149	-0.025063	5.096914
106.375152	9775.285414	9.544154	-0.025050	5.098223
106.404704	9780.438817	9.549159	-0.025057	5.099513
106.492053	9785.454529	9.554163	-0.025079	5.100770
106.432203	9790.277410	9.559168	-0.025065	5.101974
106.542184	9795.440364	9.564173	-0.025091	5.103268
106.572626	9800.637537	9.569178	-0.025099	5.104568
106.624598	9805.851069	9.574183	-0.025112	5.105872
106.569477	9811.079476	9.579187	-0.025099	5.107176
106.529558	9816.204931	9.584192	-0.025090	5.108455
106.646287	9821.319994	9.589197	-0.025119	5.109735
106.683406	9826.257820	9.594202	-0.025128	5.110969
106.609688	9831.214503	9.599207	-0.025111	5.112203
106.821103	9836.465275	9.604211	-0.025162	5.113519
106.883823	9841.624222	9.609216	-0.025177	5.114808
106.870470	9847.193864	9.614221	-0.025175	5.116196
106.945883	9852.436769	9.619226	-0.025193	5.117505
106.904243	9857.530187	9.624231	-0.025184	5.118773
107.000948	9862.718207	9.629235	-0.025207	5.120069
106.845482	9867.434704	9.634240	-0.025170	5.121239
106.959119	9872.504218	9.639245	-0.025198	5.122505
107.097654	9877.683823	9.644250	-0.025232	5.123798
107.151671	9882.830407	9.649255	-0.025245	5.125081
107.170658	9888.117758	9.654259	-0.025250	5.126397
107.184837	9893.179841	9.659264	-0.025254	5.127657
107.208898	9898.372624	9.664269	-0.025260	5.128949
107.362154	9903.455524	9.669274	-0.025297	5.130217
107.339748	9908.196438	9.674279	-0.025292	5.131395
107.302942	9913.367194	9.679283	-0.025284	5.132679
107.182889	9918.563630	9.684288	-0.025256	5.133967
107.269854	9923.838751	9.689293	-0.025277	5.135280
107.462687	9929.366203	9.694298	-0.025324	5.136658
107.362007	9934.511650	9.699303	-0.025300	5.137932
107.334891	9939.647636	9.704307	-0.025294	5.139206
107.426681	9944.624446	9.709312	-0.025316	5.140444
107.496707	9949.451359	9.714317	-0.025334	5.141643
107.456486	9954.644127	9.719322	-0.025324	5.142930
107.502425	9959.743010	9.724327	-0.025336	5.144196
107.599310	9965.018883	9.729331	-0.025360	5.145507
107.654579	9970.116802	9.734336	-0.025373	5.146772
107.754291	9975.308109	9.739341	-0.025398	5.148061
107.849215	9980.486149	9.744346	-0.025421	5.149346
107.823851	9985.361062	9.749351	-0.025415	5.150553
107.812042	9990.361720	9.754355	-0.025413	5.151791
107.846174	9995.537635	9.759360	-0.025421	5.153073
107.886333	10000.630918	9.764365	-0.025431	5.154334
108.068718	10006.255033	9.769370	-0.025476	5.155731
107.940415	10011.613066	9.774375	-0.025445	5.157053
108.029783	10016.789527	9.779379	-0.025467	5.158335
108.055446	10021.925009	9.784384	-0.025474	5.159606
108.082776	10026.754612	9.789389	-0.025481	5.160800
108.216379	10031.743068	9.794394	-0.025513	5.162036
108.135228	10036.910334	9.799399	-0.025494	5.163311
108.177545	10042.145066	9.804403	-0.025505	5.164605
108.207352	10047.325579	9.809408	-0.025512	5.165885
108.347695	10052.365118	9.814413	-0.025546	5.167133
108.313991	10057.636049	9.819418	-0.025539	5.168433
108.163636	10062.799443	9.824423	-0.025503	5.169703
108.232881	10067.536557	9.829427	-0.025520	5.170873
108.232150	10072.655791	9.834432	-0.025521	5.172136
108.422069	10077.832957	9.839437	-0.025566	5.173417
108.452269	10083.050201	9.844442	-0.025574	5.174704
108.435663	10088.647548	9.849447	-0.025571	5.176083
108.489831	10093.743256	9.854451	-0.025584	5.177340
108.582558	10098.855094	9.859456	-0.025607	5.178602
108.659211	10103.976267	9.864461	-0.025626	5.179865
108.714564	10108.801690	9.869466	-0.025639	5.181054
108.772728	10113.927307	9.874471	-0.025654	5.182318
108.814782	10119.053373	9.879475	-0.025664	5.183580
108.856593	10124.250530	9.884480	-0.025675	5.184860
108.937831	10129.489213	9.889485	-0.025694	5.186150
108.840463	10134.666964	9.894490	-0.025672	5.187421
108.840302	10139.819113	9.899495	-0.025672	5.188688
108.931317	10144.872644	9.904499	-0.025694	5.189932
108.914032	10149.767351	9.909504	-0.025691	5.191134
108.882601	10154.854064	9.914509	-0.025684	5.192383
108.919787	10160.016097	9.919514	-0.025693	5.193652
108.920223	10165.419808	9.924519	-0.025693	5.194979
108.968985	10171.024588	9.929523	-0.025706	5.196356
109.129117	10176.180192	9.934528	-0.025744	5.197625
109.147961	10181.281977	9.939533	-0.025749	5.198878
109.149097	10186.293937	9.944538	-0.025750	5.200107
108.976638	10191.183982	9.949543	-0.025709	5.201302
109.083755	10196.342511	9.954547	-0.025735	5.202569
109.123390	10201.472455	9.959552	-0.025745	5.203828
109.078306	10206.720813	9.964557	-0.025735	5.205113
109.269043	10211.888471	9.969562	-0.025781	5.206384
109.239982	10217.019189	9.974567	-0.025775	5.207640
109.310431	10222.179020	9.979571	-0.025792	5.208905
109.244323	10227.127322	9.984576	-0.025777	5.210115
109.357533	10232.031328	9.989581	-0.025804	5.211318
109.464510	10237.208923	9.994586	-0.025830	5.212588
109.597529	10242.309811	9.999591	-0.025862	5.213839
109.535265	10245.105108	10.004595	-0.025848	5.214521
109.476666	10245.069228	10.009600	-0.025834	5.214511
109.521833	10245.087587	10.014592	-0.025845	5.214517
109.536300	10245.082253	10.019584	-0.025848	5.214516
109.506983	10245.069938	10.024576	-0.025841	5.214512
109.451730	10245.140932	10.029568	-0.025828	5.214528
109.418682	10245.131563	10.034560	-0.025820	5.214525
109.487043	10245.046422	10.039552	-0.025836	5.214506
109.461423	10245.128423	10.044544	-0.025830	5.214525
109.487199	10245.060491	10.049536	-0.025836	5.214509
109.410485	10245.086360	10.054528	-0.025818	5.214514
109.461205	10245.099024	10.059520	-0.025830	5.214518
109.506398	10245.075150	10.064512	-0.025841	5.214513
109.635308	10245.078435	10.069504	-0.025872	5.214517
109.639944	10245.060042	10.074496	-0.025873	5.214513
109.719893	10245.097833	10.079488	-0.025892	5.214524
109.714359	10245.076655	10.084480	-0.025890	5.214519
109.635803	10245.078400	10.089472	-0.025872	5.214517
109.758244	10245.180893	10.094464	-0.025901	5.214546
109.634129	10245.038910	10.099456	-0.025871	5.214508
109.678108	10245.063791	10.104448	-0.025882	5.214515
109.640144	10245.129155	10.109440	-0.025873	5.214530
109.752567	10245.043288	10.114432	-0.025900	5.214512
109.838867	10245.071463	10.119424	-0.025920	5.214521
110.043700	10245.001616	10.124416	-0.025969	5.214509
110.291174	10244.983659	10.129408	-0.026028	5.214511
110.263715	10244.978830	10.134400	-0.026022	5.214509
110.358345	10244.961352	10.139392	-0.026044	5.214507
110.422952	10244.963620	10.144384	-0.026060	5.214509
110.396807	10244.944578	10.149376	-0.026054	5.214504
110.210656	10244.970266	10.154368	-0.026009	5.214505
110.345627	10244.974203	10.159360	-0.026041	5.214510
110.417130	10244.988555	10.164352	-0.026058	5.214515
110.361562	10245.028869	10.169344	-0.026045	5.214524
110.348056	10245.000838	10.174336	-0.026042	5.214516
110.350219	10244.983982	10.179328	-0.026042	5.214512
110.425670	10244.991526	10.184320	-0.026060	5.214516
110.568103	10244.971655	10.189312	-0.026094	5.214515
110.512577	10244.928782	10.194304	-0.026081	5.214503
110.449092	10244.926405	10.199296	-0.026066	5.214501
110.460224	10245.030194	10.204288	-0.026069	5.214526
110.437476	10244.980085	10.209280	-0.026063	5.214514
110.421127	10244.981783	10.214272	-0.026059	5.214514
110.608254	10244.963681	10.219264	-0.026104	5.214514
110.440118	10244.931194	10.224256	-0.026064	5.214502
110.518232	10245.005009	10.229248	-0.026082	5.214522
110.489381	10244.954253	10.234240	-0.026076	5.214509
110.419660	10244.976837	10.239232	-0.026059	5.214512
110.569623	10244.968983	10.244224	-0.026095	5.214514
110.566300	10244.939898	10.249216	-0.026094	5.214507
110.438537	10245.005607	10.254208	-0.026063	5.214520
110.438937	10244.945422	10.259200	-0.026063	5.214505
110.466736	10244.989897	10.264192	-0.026070	5.214517
110.578544	10244.961681	10.269184	-0.026097	5.214513
110.512289	10244.958311	10.274176	-0.026081	5.214510
110.637742	10244.961955	10.279168	-0.026111	5.214514
110.531348	10244.942268	10.284160	-0.026085	5.214507
110.683436	10244.963628	10.289152	-0.026122	5.214516
110.804963	10244.997114	10.294144	-0.026151	5.214527
110.585328	10244.952044	10.299136	-0.026098	5.214510
110.746105	10245.000660	10.304128	-0.026137	5.214526
110.590150	10244.951553	10.309120	-0.026099	5.214510
110.580365	10245.006320	10.314112	-0.026097	5.214524
110.661970	10244.988912	10.319104	-0.026117	5.214521
110.662623	10244.936379	10.324096	-0.026117	5.214509
110.691587	10244.979453	10.329088	-0.026124	5.214520
110.706818	10244.952284	10.334080	-0.026127	5.214514
110.869592	10244.940545	10.339072	-0.026166	5.214515
110.615569	10244.970704	10.344064	-0.026106	5.214516
110.689948	10244.948925	10.349056	-0.026123	5.214512
110.668762	10244.954964	10.354048	-0.026118	5.214513
110.595759	10244.874229	10.359040	-0.026101	5.214492
110.545610	10244.963891	10.364032	-0.026089	5.214512
110.693327	10244.972907	10.369024	-0.026124	5.214518
110.680603	10244.961432	10.374016	-0.026121	5.214515
110.592681	10244.994860	10.379008	-0.026100	5.214521
110.649745	10244.914727	10.384000	-0.026114	5.214503
110.679807	10244.946170	10.388992	-0.026121	5.214511
110.607737	10244.992032	10.393984	-0.026104	5.214521
110.581532	10244.970436	10.398976	-0.026097	5.214515
110.739718	10245.006522	10.403968	-0.026135	5.214528
110.734884	10244.971194	10.408960	-0.026134	5.214519
110.723457	10244.962144	10.413952	-0.026131	5.214516
110.821258	10244.991689	10.418944	-0.026155	5.214526
110.662478	10244.977428	10.423936	-0.026117	5.214519
110.718435	10244.985712	10.428928	-0.026130	5.214522
110.654750	10245.076777	10.433920	-0.026115	5.214543
110.620788	10245.022711	10.438912	-0.026107	5.214529
110.652929	10245.020665	10.443904	-0.026114	5.214529
110.815031	10244.974442	10.448896	-0.026153	5.214522
110.700591	10245.032372	10.453888	-0.026126	5.214533
110.739822	10244.910575	10.458880	-0.026135	5.214504
110.739917	10245.005271	10.463872	-0.026135	5.214527
110.780232	10244.958867	10.468864	-0.026145	5.214517
110.856989	10244.922765	10.473856	-0.026163	5.214510
110.732068	10244.961305	10.478848	-0.026133	5.214516
110.844222	10244.936893	10.483840	-0.026160	5.214513
110.785391	10244.928915	10.488832	-0.026146	5.214510
110.783465	10244.961112	10.493824	-0.026145	5.214518
110.750463	10244.965815	10.498816	-0.026137	5.214518
110.640593	10244.969523	10.503808	-0.026111	5.214516
110.602327	10244.944057	10.508800	-0.026102	5.214509
110.680287	10244.969258	10.513792	-0.026121	5.214517
110.709337	10244.975211	10.518784	-0.026128	5.214519
110.604523	10244.938723	10.523776	-0.026103	5.214508
110.646401	10244.948465	10.528768	-0.026113	5.214511
110.833008	10244.902263	10.533760	-0.026157	5.214505
110.867156	10244.942241	10.538752	-0.026165	5.214515
110.847516	10244.944280	10.543744	-0.026161	5.214515
110.808997	10244.938036	10.548736	-0.026151	5.214513
110.949011	10244.933773	10.553728	-0.026185	5.214515
110.892796	10244.873054	10.558720	-0.026171	5.214499
110.910115	10244.946769	10.563712	-0.026176	5.214517
110.750879	10244.951752	10.568704	-0.026137	5.214515
110.812692	10244.933835	10.573696	-0.026152	5.214512
110.782030	10244.993324	10.578688	-0.026145	5.214525
110.962189	10244.910677	10.583680	-0.026188	5.214510
110.806110	10244.947326	10.588672	-0.026151	5.214515
110.695740	10244.976681	10.593664	-0.026124	5.214519
110.808566	10244.961157	10.598656	-0.026151	5.214518
110.942960	10244.976673	10.603648	-0.026183	5.214525
110.909110	10244.925155	10.608640	-0.026175	5.214512
110.857484	10244.948423	10.613632	-0.026163	5.214516
110.772981	10244.941825	10.618624	-0.026143	5.214513
110.789916	10244.950312	10.623616	-0.026147	5.214515
110.816981	10244.962870	10.628608	-0.026153	5.214519
110.839777	10244.909322	10.633600	-0.026159	5.214506
110.756101	10244.988381	10.638592	-0.026139	5.214524
110.830871	10244.905134	10.643584	-0.026156	5.214505
110.808519	10244.886978	10.648576	-0.026151	5.214500
110.747623	10244.985432	10.653568	-0.026137	5.214523
110.769317	10244.980630	10.658560	-0.026142	5.214522
110.934892	10244.941725	10.663552	-0.026181	5.214517
110.887396	10244.883942	10.668544	-0.026170	5.214501
110.828765	10244.939930	10.673536	-0.026156	5.214514
110.799598	10244.963432	10.678528	-0.026149	5.214519
110.877744	10244.929745	10.683520	-0.026168	5.214512
110.836334	10244.945557	10.688512	-0.026158	5.214515
110.807861	10244.945951	10.693504	-0.026151	5.214515
110.777079	10244.944025	10.698496	-0.026143	5.214513
110.886505	10244.969806	10.703488	-0.026170	5.214522
110.728959	10244.938780	10.708480	-0.026132	5.214511
110.702193	10244.967152	10.713472	-0.026126	5.214517
110.688178	10244.936615	10.718464	-0.026122	5.214509
110.660608	10244.929237	10.723456	-0.026116	5.214507
110.753868	10244.937496	10.728448	-0.026138	5.214511
110.839354	10244.929924	10.733440	-0.026158	5.214511
110.905184	10244.915430	10.738432	-0.026174	5.214510
110.850120	10244.946733	10.743424	-0.026161	5.214516
110.897490	10244.952068	10.748416	-0.026172	5.214518
110.808131	10244.972847	10.753408	-0.026151	5.214521
110.892881	10244.914161	10.758400	-0.026171	5.214509
110.822434	10244.936820	10.763392	-0.026154	5.214513
110.775124	10244.928928	10.768384	-0.026143	5.214510
110.842173	10244.960379	10.773376	-0.026159	5.214519
110.916099	10244.950165	10.778368	-0.026177	5.214518
110.715884	10244.965791	10.783360	-0.026129	5.214517
110.917451	10244.934676	10.788352	-0.026177	5.214515
110.776065	10244.963404	10.793344	-0.026143	5.214518
110.841340	10244.957926	10.798336	-0.026159	5.214518
110.865886	10244.951548	10.803328	-0.026165	5.214517
110.860626	10244.936740	10.808320	-0.026163	5.214514
110.909440	10244.935526	10.813312	-0.026175	5.214515
110.802326	10244.951746	10.818304	-0.026149	5.214516
110.877200	10244.972148	10.823296	-0.026167	5.214523
110.944244	10244.938332	10.828288	-0.026183	5.214516
110.797907	10244.948377	10.833280	-0.026148	5.214515
110.719497	10245.023051	10.838272	-0.026129	5.214531
110.816142	10244.947776	10.843264	-0.026153	5.214515
110.843840	10244.961547	10.848256	-0.026159	5.214519
110.823021	10244.996982	10.853248	-0.026154	5.214527
110.785228	10244.938193	10.858240	-0.026145	5.214512
110.779653	10244.995084	10.863232	-0.026144	5.214526
110.833542	10244.956232	10.868224	-0.026157	5.214518
110.953720	10244.934828	10.873216	-0.026185	5.214515
111.064653	10244.923340	10.878208	-0.026212	5.214515
111.018199	10244.896162	10.883200	-0.026201	5.214508
111.022829	10244.921282	10.888192	-0.026202	5.214514
110.998561	10244.913562	10.893184	-0.026196	5.214511
111.003732	10244.942465	10.898176	-0.026197	5.214519
111.027622	10244.993744	10.903168	-0.026203	5.214532
110.970156	10244.916517	10.908160	-0.026189	5.214511
111.007083	10244.962606	10.913152	-0.026198	5.214524
110.887375	10244.923821	10.918144	-0.026169	5.214511
110.946577	10244.918972	10.923136	-0.026184	5.214511
110.964759	10244.901735	10.928128	-0.026188	5.214508
110.949511	10244.912277	10.933120	-0.026184	5.214510
111.035373	10244.939220	10.938112	-0.026205	5.214519
110.949148	10244.945597	10.943104	-0.026184	5.214518
110.823948	10244.966249	10.948096	-0.026154	5.214520
110.941203	10245.023214	10.953088	-0.026182	5.214537
110.973512	10244.955883	10.958080	-0.026190	5.214521
110.887950	10244.940435	10.963072	-0.026169	5.214515
110.922816	10244.922750	10.968064	-0.026178	5.214512
110.897664	10244.980389	10.973056	-0.026172	5.214525
110.805717	10244.954085	10.978048	-0.026150	5.214516
110.819110	10244.950143	10.983040	-0.026153	5.214516
110.860906	10244.961174	10.988032	-0.026163	5.214520
110.880172	10244.941265	10.993024	-0.026168	5.214515
110.966250	10244.910597	10.998016	-0.026188	5.214510
110.966168	10244.987395	11.003008	-0.026188	5.214529
110.941519	10244.934923	11.008000	-0.026182	5.214515
111.057451	10245.003542	11.012992	-0.026210	5.214535
110.988193	10244.965929	11.017984	-0.026193	5.214524
110.922853	10244.973981	11.022976	-0.026178	5.214524
110.972892	10244.952165	11.027968	-0.026190	5.214520
111.017446	10244.914280	11.032960	-0.026200	5.214512
110.878256	10244.947900	11.037952	-0.026167	5.214517
110.986318	10244.931590	11.042944	-0.026193	5.214515
110.831228	10244.974536	11.047936	-0.026156	5.214522
110.938409	10244.989031	11.052928	-0.026181	5.214528
110.814992	10244.946791	11.057920	-0.026152	5.214515
110.826076	10244.962284	11.062912	-0.026154	5.214519
110.591413	10244.971241	11.067904	-0.026098	5.214515
110.732808	10244.964276	11.072896	-0.026132	5.214517
110.828584	10245.023465	11.077888	-0.026155	5.214534
111.073428	10244.931557	11.082880	-0.026214	5.214518
110.994002	10244.962825	11.087872	-0.026195	5.214523
110.943331	10244.950162	11.092864	-0.026182	5.214519
110.903558	10244.959405	11.097856	-0.026173	5.214520
110.870998	10244.981978	11.102848	-0.026165	5.214525
111.111725	10244.908414	11.107840	-0.026223	5.214513
110.851868	10244.982689	11.112832	-0.026161	5.214525
110.972285	10244.951022	11.117824	-0.026189	5.214520
110.965749	10244.956822	11.122816	-0.026188	5.214521
110.995237	10244.940974	11.127808	-0.026195	5.214518
110.998762	10244.915018	11.132800	-0.026196	5.214512
111.059750	10244.893347	11.137792	-0.026210	5.214508
111.007197	10244.932069	11.142784	-0.026198	5.214516
110.961807	10244.957251	11.147776	-0.026187	5.214521
111.068629	10244.974344	11.152768	-0.026212	5.214528
110.999447	10244.925205	11.157760	-0.026196	5.214514
110.978373	10244.959386	11.162752	-0.026191	5.214522
110.938574	10244.932799	11.167744	-0.026181	5.214515
110.757721	10245.029604	11.172736	-0.026138	5.214534
110.797736	10244.942279	11.177728	-0.026147	5.214513
110.965729	10244.941516	11.182720	-0.026188	5.214517
110.922393	10244.966486	11.187712	-0.026177	5.214522
110.835104	10244.976812	11.192704	-0.026156	5.214523
110.786994	10244.975402	11.197696	-0.026145	5.214521
111.008326	10244.907686	11.202688	-0.026198	5.214510
111.056449	10244.893746	11.207680	-0.026209	5.214508
111.048112	10244.958602	11.212672	-0.026207	5.214524
111.085651	10244.899687	11.217664	-0.026216	5.214510
111.177436	10244.917058	11.222656	-0.026238	5.214517
111.109007	10244.929270	11.227648	-0.026222	5.214518
111.113074	10244.904537	11.232640	-0.026223	5.214512
110.980292	10244.969487	11.237632	-0.026191	5.214525
110.786518	10244.931976	11.242624	-0.026145	5.214510
110.870406	10244.959123	11.247616	-0.026165	5.214519
110.980487	10244.904212	11.252608	-0.026191	5.214509
110.994087	10244.891289	11.257600	-0.026194	5.214506
111.001643	10244.936582	11.262592	-0.026196	5.214517
110.830531	10244.932556	11.267584	-0.026155	5.214512
110.947775	10244.939611	11.272576	-0.026183	5.214516
110.826229	10244.920213	11.277568	-0.026154	5.214509
110.862605	10244.911329	11.282560	-0.026163	5.214507
110.953560	10244.958220	11.287552	-0.026185	5.214521
110.918256	10244.911971	11.292544	-0.026176	5.214509
110.798087	10244.955138	11.297536	-0.026147	5.214516
110.948282	10244.929345	11.302528	-0.026183	5.214514
110.871405	10244.924515	11.307520	-0.026165	5.214511
110.921329	10244.909110	11.312512	-0.026177	5.214508
110.912056	10244.906235	11.317504	-0.026175	5.214507
110.941938	10244.928739	11.322496	-0.026182	5.214514
111.051627	10244.908421	11.327488	-0.026208	5.214511
110.999720	10244.917642	11.332480	-0.026196	5.214512
111.040487	10244.947976	11.337472	-0.026205	5.214521
111.038667	10244.866264	11.342464	-0.026205	5.214501
110.870391	10244.982242	11.347456	-0.026165	5.214525
110.939866	10244.981448	11.352448	-0.026181	5.214526
110.838099	10244.943364	11.357440	-0.026157	5.214515
110.880084	10244.995328	11.362432	-0.026167	5.214528
110.850865	10244.942049	11.367424	-0.026160	5.214515
110.879956	10244.974873	11.372416	-0.026167	5.214523
110.800877	10244.929320	11.377408	-0.026148	5.214510
110.934697	10244.897544	11.382400	-0.026180	5.214506
110.887773	10244.920326	11.387392	-0.026169	5.214510
110.994795	10244.924600	11.392384	-0.026194	5.214514
111.074469	10244.931708	11.397376	-0.026213	5.214518
111.038607	10244.954623	11.402368	-0.026205	5.214522
110.983817	10244.937267	11.407360	-0.026192	5.214517
111.018046	10244.952922	11.412352	-0.026200	5.214521
111.030113	10244.913283	11.417344	-0.026203	5.214512
110.863230	10244.943373	11.422336	-0.026163	5.214515
110.905400	10244.939009	11.427328	-0.026173	5.214515
110.989261	10244.906010	11.432320	-0.026193	5.214509
110.959170	10244.912970	11.437312	-0.026186	5.214510
110.927029	10244.909905	11.442304	-0.026178	5.214509
111.078922	10244.908252	11.447296	-0.026214	5.214512
111.042161	10244.900546	11.452288	-0.026205	5.214509
111.168153	10244.939968	11.457280	-0.026236	5.214522
111.096964	10244.980621	11.462272	-0.026219	5.214530
111.151962	10244.876386	11.467264	-0.026232	5.214506
111.045597	10244.883570	11.472256	-0.026206	5.214505
111.040783	10244.931423	11.477248	-0.026205	5.214517
111.027766	10244.911020	11.482240	-0.026202	5.214511
111.035514	10244.910222	11.487232	-0.026204	5.214511
110.984701	10244.892454	11.492224	-0.026192	5.214506
110.869067	10244.972264	11.497216	-0.026164	5.214522
110.988946	10244.958570	11.502208	-0.026193	5.214522
110.817572	10244.971208	11.507200	-0.026152	5.214521
111.028232	10244.980104	11.512192	-0.026202	5.214528
110.907954	10244.908104	11.517184	-0.026173	5.214508
110.982312	10244.941357	11.522176	-0.026191	5.214518
111.158361	10244.888570	11.527168	-0.026233	5.214509
110.940214	10244.907333	11.532160	-0.026181	5.214508
110.939134	10244.922807	11.537152	-0.026181	5.214512
111.058377	10244.911737	11.542144	-0.026209	5.214512
110.993982	10244.936329	11.547136	-0.026194	5.214517
111.004956	10244.922399	11.552128	-0.026196	5.214514
111.002767	10244.920070	11.557120	-0.026196	5.214513
110.921190	10244.964358	11.562112	-0.026176	5.214522
110.963028	10244.892201	11.567104	-0.026186	5.214505
110.861021	10244.921969	11.572096	-0.026162	5.214510
110.962325	10244.906360	11.577088	-0.026186	5.214509
111.049967	10244.903683	11.582080	-0.026207	5.214510
111.088995	10244.881728	11.587072	-0.026216	5.214506
110.979455	10244.905877	11.592064	-0.026190	5.214509
111.077654	10244.963536	11.597056	-0.026214	5.214525
111.059442	10244.920635	11.602048	-0.026209	5.214515
111.087619	10244.911321	11.607040	-0.026216	5.214513
111.094740	10244.970736	11.612032	-0.026218	5.214528
110.981683	10244.917185	11.617024	-0.026191	5.214512
111.002650	10244.994362	11.622016	-0.026196	5.214531
110.952731	10244.939388	11.627008	-0.026184	5.214516
111.089667	10244.938004	11.632000	-0.026216	5.214520
110.857953	10244.959453	11.636992	-0.026161	5.214519
110.928850	10244.927797	11.641984	-0.026178	5.214513
110.942885	10245.008252	11.646976	-0.026181	5.214533
111.089478	10244.935481	11.651968	-0.026216	5.214519
111.034091	10244.930985	11.656960	-0.026203	5.214516
110.978254	10244.977725	11.661952	-0.026190	5.214526
111.145204	10244.925881	11.666944	-0.026230	5.214518
110.986196	10244.919322	11.671936	-0.026192	5.214512
111.032164	10244.901766	11.676928	-0.026203	5.214509
111.188669	10244.868920	11.681920	-0.026240	5.214505
111.033093	10244.873523	11.686912	-0.026203	5.214502
110.929469	10244.904738	11.691904	-0.026178	5.214507
110.962365	10244.933329	11.696896	-0.026186	5.214515
111.061558	10244.903861	11.701888	-0.026210	5.214510
111.010586	10244.928341	11.706880	-0.026197	5.214515
111.102587	10244.886821	11.711872	-0.026219	5.214507
111.014778	10244.892082	11.716864	-0.026198	5.214506
111.053909	10244.923866	11.721856	-0.026208	5.214515
111.122938	10244.883445	11.726848	-0.026224	5.214507
111.023329	10244.924482	11.731840	-0.026200	5.214515
110.994695	10244.918494	11.736832	-0.026194	5.214512
110.944478	10244.894266	11.741824	-0.026182	5.214505
110.990459	10244.948376	11.746816	-0.026193	5.214520
110.877345	10244.910188	11.751808	-0.026165	5.214507
110.920667	10244.940257	11.756800	-0.026176	5.214516
110.991247	10244.961104	11.761792	-0.026193	5.214523
111.073158	10244.895034	11.766784	-0.026212	5.214509
110.876557	10244.923083	11.771776	-0.026165	5.214510
110.948979	10244.888710	11.776768	-0.026183	5.214504
110.972805	10244.895204	11.781760	-0.026188	5.214506
111.038461	10244.880728	11.786752	-0.026204	5.214504
111.148965	10244.868005	11.791744	-0.026230	5.214504
111.145887	10244.971988	11.796736	-0.026230	5.214529
111.027204	10244.927978	11.801728	-0.026201	5.214515
110.975862	10244.930741	11.806720	-0.026189	5.214515
111.088133	10244.972864	11.811712	-0.026216	5.214528
111.145104	10244.895300	11.816704	-0.026229	5.214510
111.186409	10244.907662	11.821696	-0.026239	5.214515
111.090832	10244.884294	11.826688	-0.026216	5.214506
111.132410	10244.904306	11.831680	-0.026226	5.214512
111.016868	10244.904762	11.836672	-0.026199	5.214510
110.936365	10244.920784	11.841664	-0.026179	5.214511
111.002070	10244.938297	11.846656	-0.026195	5.214517
110.982443	10244.931376	11.851648	-0.026190	5.214515
111.113585	10244.898598	11.856640	-0.026222	5.214510
111.105950	10244.944185	11.861632	-0.026220	5.214521
111.087651	10244.885936	11.866624	-0.026216	5.214507
111.005447	10244.911092	11.871616	-0.026196	5.214511
111.024887	10244.918041	11.876608	-0.026201	5.214513
111.131276	10244.892947	11.881600	-0.026226	5.214510
111.137385	10244.874401	11.886592	-0.026227	5.214505
110.994749	10244.910937	11.891584	-0.026193	5.214510
111.064382	10244.897329	11.896576	-0.026210	5.214509
110.937072	10244.900284	11.901568	-0.026179	5.214506
111.000852	10244.928234	11.906560	-0.026195	5.214515
111.079698	10244.934148	11.911552	-0.026214	5.214518
110.984539	10244.886420	11.916544	-0.026191	5.214504
111.077793	10244.936913	11.921536	-0.026213	5.214519
111.045121	10244.904468	11.926528	-0.026205	5.214510
111.201476	10244.888275	11.931520	-0.026243	5.214510
111.086159	10244.943737	11.936512	-0.026215	5.214521
111.071063	10244.903073	11.941504	-0.026211	5.214510
111.010468	10244.909354	11.946496	-0.026197	5.214510
111.056450	10244.908434	11.951488	-0.026208	5.214511
111.030997	10244.925152	11.956480	-0.026202	5.214515
111.069426	10244.919895	11.961472	-0.026211	5.214515
111.017959	10244.900916	11.966464	-0.026199	5.214509
111.088396	10244.976808	11.971456	-0.026216	5.214529
110.941606	10244.942107	11.976448	-0.026180	5.214517
110.984210	10244.978650	11.981440	-0.026191	5.214527
111.081855	10245.015890	11.986432	-0.026214	5.214538
111.034344	10244.945310	11.991424	-0.026203	5.214520
111.132121	10244.955662	11.996416	-0.026226	5.214525
111.106173	10244.983949	12.001408	-0.026220	5.214531
111.137007	10244.923170	12.006400	-0.026227	5.214517
111.067902	10244.967446	12.011392	-0.026211	5.214526
111.079732	10244.931671	12.016384	-0.026213	5.214518
111.028157	10244.928059	12.021376	-0.026201	5.214515
110.994242	10244.940535	12.026368	-0.026193	5.214518
111.120146	10244.942853	12.031360	-0.026223	5.214521
111.012635	10244.955275	12.036352	-0.026197	5.214522
110.976676	10244.910373	12.041344	-0.026189	5.214510
111.115111	10244.917792	12.046336	-0.026222	5.214515
110.987055	10244.895229	12.051328	-0.026191	5.214506
111.040455	10244.933213	12.056320	-0.026204	5.214517
111.139356	10244.890977	12.061312	-0.026228	5.214509
111.146068	10244.899244	12.066304	-0.026229	5.214511
111.142629	10244.908563	12.071296	-0.026228	5.214514
111.051906	10244.887251	12.076288	-0.026207	5.214506
111.137239	10244.906570	12.081280	-0.026227	5.214513
111.046228	10244.919842	12.086272	-0.026205	5.214514
110.972923	10244.904404	12.091264	-0.026188	5.214508
110.901007	10244.920817	12.096256	-0.026170	5.214510
110.994668	10244.897041	12.101248	-0.026193	5.214507
110.955128	10244.939533	12.106240	-0.026183	5.214516
110.894403	10244.963745	12.111232	-0.026169	5.214521
110.857842	10244.941941	12.116224	-0.026160	5.214515
111.090331	10244.917861	12.121216	-0.026216	5.214515
111.007286	10244.897034	12.126208	-0.026196	5.214507
111.134989	10244.900445	12.131200	-0.026226	5.214511
111.057907	10244.900756	12.136192	-0.026208	5.214510
111.150361	10244.903980	12.141184	-0.026230	5.214513
111.173284	10244.892651	12.146176	-0.026235	5.214510
111.144368	10244.822705	12.151168	-0.026229	5.214493
111.200807	10244.877011	12.156160	-0.026242	5.214507
110.982427	10244.918834	12.161152	-0.026190	5.214512
111.032548	10244.893170	12.166144	-0.026202	5.214507
111.149466	10244.924574	12.171136	-0.026230	5.214518
111.073872	10244.881218	12.176128	-0.026212	5.214505
111.144758	10244.876439	12.181120	-0.026229	5.214506
110.913851	10244.928518	12.186112	-0.026173	5.214513
111.083102	10244.872596	12.191104	-0.026214	5.214503
111.124662	10244.914366	12.196096	-0.026224	5.214515
111.113323	10244.915545	12.201088	-0.026221	5.214515
111.011203	10244.945324	12.206080	-0.026197	5.214519
110.997593	10244.950578	12.211072	-0.026193	5.214520
111.000678	10244.952822	12.216064	-0.026194	5.214521
111.060112	10244.955627	12.221056	-0.026208	5.214523
110.874591	10244.964612	12.226048	-0.026164	5.214520
111.096380	10244.903247	12.231040	-0.026217	5.214511
110.932185	10244.963773	12.236032	-0.026178	5.214522
111.090245	10244.926927	12.241024	-0.026215	5.214517
111.046084	10244.944303	12.246016	-0.026205	5.214520
110.891898	10244.920607	12.251008	-0.026168	5.214510
111.122175	10244.906994	12.256000	-0.026223	5.214513
111.168654	10244.890666	12.260992	-0.026234	5.214510
111.164209	10244.907767	12.265984	-0.026233	5.214514
111.140239	10244.948647	12.270976	-0.026227	5.214523
111.166423	10244.911385	12.275968	-0.026234	5.214515
111.239393	10244.914068	12.280960	-0.026251	5.214517
111.057519	10244.927794	12.285952	-0.026208	5.214516
111.105352	10244.925403	12.290944	-0.026219	5.214517
111.088593	10244.930982	12.295936	-0.026215	5.214518
111.215611	10244.880715	12.300928	-0.026245	5.214509
111.116335	10244.905081	12.305920	-0.026222	5.214512
110.927153	10244.890130	12.310912	-0.026176	5.214504
111.024538	10244.912039	12.315904	-0.026200	5.214511
111.090645	10244.893677	12.320896	-0.026215	5.214509
111.068994	10244.861371	12.325888	-0.026210	5.214500
111.112446	10244.899105	12.330880	-0.026221	5.214510
111.150912	10244.878488	12.335872	-0.026230	5.214506
111.257994	10244.910911	12.340864	-0.026255	5.214517
111.077715	10244.952626	12.345856	-0.026212	5.214523
111.123803	10244.887707	12.350848	-0.026223	5.214508
111.158228	10244.927657	12.355840	-0.026231	5.214519
111.103933	10244.925607	12.360832	-0.026218	5.214517
111.065813	10244.918042	12.365824	-0.026209	5.214514
111.000657	10244.952951	12.370816	-0.026194	5.214521
111.017810	10244.898708	12.375808	-0.026198	5.214508
111.045137	10244.920196	12.380800	-0.026204	5.214514
111.120979	10244.895707	12.385792	-0.026223	5.214510
111.060636	10244.912200	12.390784	-0.026208	5.214512
111.188047	10244.901565	12.395776	-0.026239	5.214513
111.110357	10244.886582	12.400768	-0.026220	5.214507
111.100024	10244.876138	12.405760	-0.026217	5.214505
111.094561	10244.884387	12.410752	-0.026216	5.214506
111.016896	10244.910353	12.415744	-0.026198	5.214511
111.051855	10244.915694	12.420736	-0.026206	5.214513
111.092528	10244.897407	12.425728	-0.026216	5.214510
111.028129	10244.932237	12.430720	-0.026200	5.214516
111.028604	10244.887401	12.435712	-0.026200	5.214505
110.987473	10244.949255	12.440704	-0.026190	5.214520
111.005940	10244.960143	12.445696	-0.026195	5.214523
111.054535	10244.891126	12.450688	-0.026207	5.214507
111.171927	10244.910963	12.455680	-0.026235	5.214515
111.069242	10244.867854	12.460672	-0.026210	5.214502
111.118893	10244.895989	12.465664	-0.026222	5.214510
111.053485	10244.896370	12.470656	-0.026206	5.214508
111.098814	10244.864803	12.475648	-0.026217	5.214502
111.082227	10244.875484	12.480640	-0.026213	5.214504
111.117988	10244.894819	12.485632	-0.026222	5.214510
111.040222	10244.918236	12.490624	-0.026203	5.214513
111.115402	10244.861821	12.495616	-0.026221	5.214501
110.999730	10244.881487	12.500608	-0.026193	5.214503
111.021599	10244.898422	12.505600	-0.026199	5.214508
111.065162	10244.861919	12.510592	-0.026209	5.214500
111.033713	10244.893336	12.515584	-0.026201	5.214507
111.099484	10244.873729	12.520576	-0.026217	5.214504
111.138355	10244.860748	12.525568	-0.026226	5.214502
111.161424	10244.894195	12.530560	-0.026232	5.214510
111.221009	10244.850914	12.535552	-0.026246	5.214501
111.223086	10244.868620	12.540544	-0.026247	5.214506
111.198841	10244.881373	12.545536	-0.026241	5.214508
111.162523	10244.868503	12.550528	-0.026232	5.214504
110.982527	10244.916588	12.555520	-0.026189	5.214511
111.088323	10244.891555	12.560512	-0.026214	5.214508
111.068143	10244.941000	12.565504	-0.026210	5.214520
111.080974	10244.908961	12.570496	-0.026213	5.214512
110.964383	10244.872413	12.575488	-0.026185	5.214500
111.084963	10244.894479	12.580480	-0.026214	5.214509
110.982738	10244.878198	12.585472	-0.026189	5.214502
111.048853	10244.894388	12.590464	-0.026205	5.214508
111.056164	10244.861641	12.595456	-0.026207	5.214500
111.154174	10244.877087	12.600448	-0.026230	5.214506
111.020551	10244.922928	12.605440	-0.026198	5.214514
111.199968	10244.910744	12.610432	-0.026241	5.214515
111.070216	10244.939547	12.615424	-0.026210	5.214519
111.103515	10244.902828	12.620416	-0.026218	5.214511
111.175147	10244.872376	12.625408	-0.026235	5.214505
111.221456	10244.898297	12.630400	-0.026246	5.214513
111.171662	10244.862507	12.635392	-0.026234	5.214503
111.178186	10244.882311	12.640384	-0.026236	5.214508
111.028901	10244.901619	12.645376	-0.026200	5.214509
111.147701	10244.928989	12.650368	-0.026228	5.214519
111.210839	10244.923733	12.655360	-0.026244	5.214519
111.105032	10244.889906	12.660352	-0.026218	5.214508
111.205478	10244.898701	12.665344	-0.026242	5.214513
111.131312	10244.892311	12.670336	-0.026224	5.214509
111.105303	10244.892450	12.675328	-0.026218	5.214509
111.021899	10244.927969	12.680320	-0.026198	5.214515
110.892327	10244.913241	12.685312	-0.026167	5.214508
111.068934	10244.924384	12.690304	-0.026209	5.214515
111.090442	10244.923440	12.695296	-0.026215	5.214516
111.147892	10244.876540	12.700288	-0.026228	5.214506
111.009278	10244.953612	12.705280	-0.026195	5.214521
110.932275	10244.905284	12.710272	-0.026177	5.214507
111.062098	10244.898238	12.715264	-0.026208	5.214509
111.126304	10244.906948	12.720256	-0.026223	5.214513
111.122337	10244.930398	12.725248	-0.026222	5.214518
111.276666	10244.947689	12.730240	-0.026259	5.214526
111.219643	10244.916487	12.735232	-0.026245	5.214517
111.276181	10244.900396	12.740224	-0.026259	5.214515
111.207817	10244.930518	12.745216	-0.026243	5.214520
111.280416	10244.885889	12.750208	-0.026260	5.214511
111.254740	10244.923106	12.755200	-0.026254	5.214520
111.180268	10244.861718	12.760192	-0.026236	5.214503
111.083727	10244.897318	12.765184	-0.026213	5.214509
111.117556	10244.864383	12.770176	-0.026221	5.214502
111.156800	10244.868000	12.775168	-0.026230	5.214504
111.160835	10244.818956	12.780160	-0.026231	5.214492
111.211848	10244.866145	12.785152	-0.026243	5.214505
111.078592	10244.914507	12.790144	-0.026212	5.214513
111.245958	10244.871578	12.795136	-0.026252	5.214507
111.186076	10244.884185	12.800128	-0.026237	5.214509
111.390234	10244.865599	12.805120	-0.026286	5.214509
111.159591	10244.842145	12.810112	-0.026231	5.214498
111.188565	10244.860903	12.815104	-0.026238	5.214503
111.214138	10244.842901	12.820096	-0.026244	5.214499
111.144225	10244.860386	12.825088	-0.026227	5.214502
111.047089	10244.875572	12.830080	-0.026204	5.214503
111.101355	10244.840520	12.835072	-0.026217	5.214496
111.259761	10244.861227	12.840064	-0.026255	5.214505
111.198847	10244.899535	12.845056	-0.026240	5.214513
111.212456	10244.862296	12.850048	-0.026244	5.214504
111.254143	10244.865660	12.855040	-0.026253	5.214506
111.210530	10244.839468	12.860032	-0.026243	5.214498
111.232277	10244.855136	12.865024	-0.026248	5.214503
111.187476	10244.862341	12.870016	-0.026238	5.214503
111.206876	10244.868014	12.875008	-0.026242	5.214505
111.224815	10244.895594	12.880000	-0.026246	5.214512
111.173688	10244.872740	12.884992	-0.026234	5.214505
111.178948	10244.908032	12.889984	-0.026235	5.214514
111.096728	10244.893518	12.894976	-0.026216	5.214509
111.036455	10244.860094	12.899968	-0.026201	5.214499
111.019249	10244.886196	12.904960	-0.026197	5.214505
110.962285	10244.884422	12.909952	-0.026184	5.214503
111.020731	10244.932122	12.914944	-0.026198	5.214516
111.196857	10244.916440	12.919936	-0.026240	5.214517
111.248904	10244.881618	12.924928	-0.026252	5.214510
111.193525	10244.907835	12.929920	-0.026239	5.214515
111.225959	10244.914717	12.934912	-0.026247	5.214517
111.115719	10244.926141	12.939904	-0.026220	5.214517
111.284350	10244.888200	12.944896	-0.026261	5.214512
111.204664	10244.906697	12.949888	-0.026241	5.214515
111.190816	10244.890219	12.954880	-0.026238	5.214510
111.072984	10244.838442	12.959872	-0.026210	5.214494
111.107184	10244.878415	12.964864	-0.026218	5.214505
111.102037	10244.887911	12.969856	-0.026217	5.214507
111.089353	10244.876431	12.974848	-0.026214	5.214504
111.186659	10244.863795	12.979840	-0.026237	5.214504
111.321169	10244.871621	12.984832	-0.026269	5.214509
111.360261	10244.868856	12.989824	-0.026279	5.214509
111.225085	10244.886702	12.994816	-0.026246	5.214510
111.313306	10242.772577	12.999808	-0.026267	5.213995
111.303161	10237.634324	13.004813	-0.026264	5.212738
111.164061	10232.430340	13.009818	-0.026231	5.211461
111.025437	10227.529901	13.014823	-0.026197	5.210258
111.017551	10222.668020	13.019827	-0.026195	5.209068
110.962096	10217.518998	13.024832	-0.026181	5.207806
110.984924	10212.389831	13.029837	-0.026186	5.206550
110.935507	10207.181526	13.034842	-0.026173	5.205273
110.768421	10201.995750	13.039847	-0.026133	5.203998
110.887787	10196.829665	13.044851	-0.026161	5.202735
110.900016	10191.604740	13.049856	-0.026164	5.201454
110.869998	10186.758520	13.054861	-0.026156	5.200265
110.976741	10181.801033	13.059866	-0.026181	5.199052
110.815979	10176.662904	13.064871	-0.026142	5.197787
111.025258	10171.503585	13.069875	-0.026192	5.196526
110.999200	10165.955713	13.074880	-0.026185	5.195164
110.779771	10160.534007	13.079885	-0.026132	5.193827
110.746667	10155.305037	13.084890	-0.026123	5.192542
110.646835	10150.210252	13.089895	-0.026099	5.191288
110.661161	10145.287561	13.094899	-0.026102	5.190079
110.659642	10140.283864	13.099904	-0.026101	5.188849
110.654394	10135.166191	13.104909	-0.026099	5.187591
110.692471	10130.000712	13.109914	-0.026108	5.186322
110.618840	10124.810321	13.114919	-0.026090	5.185043
110.512222	10119.567651	13.119923	-0.026064	5.183751
110.577347	10114.385346	13.124928	-0.026079	5.182477
110.572750	10109.296735	13.129933	-0.026078	5.181225
110.555088	10104.351506	13.134938	-0.026073	5.180007
110.515970	10099.380590	13.139943	-0.026063	5.178782
110.355542	10094.247721	13.144947	-0.026024	5.177513
110.383586	10089.052805	13.149952	-0.026030	5.176234
110.278520	10083.565676	13.154957	-0.026005	5.174879
110.204120	10078.307198	13.159962	-0.025986	5.173581
110.127439	10073.146534	13.164967	-0.025968	5.172307
110.198326	10068.040833	13.169971	-0.025984	5.171049
110.187287	10063.266660	13.174976	-0.025981	5.169871
110.258665	10058.131651	13.179981	-0.025998	5.168606
110.295886	10052.935809	13.184986	-0.026006	5.167325
110.259106	10047.799865	13.189991	-0.025997	5.166056
110.380163	10042.557003	13.194995	-0.026025	5.164765
110.158383	10037.445009	13.200000	-0.025972	5.163497
110.236339	10032.227111	13.205005	-0.025990	5.162210
110.136245	10027.175204	13.210010	-0.025965	5.160959
110.088617	10022.488891	13.215015	-0.025954	5.159799
110.002494	10017.300226	13.220019	-0.025933	5.158514
110.007677	10012.129392	13.225024	-0.025933	5.157236
109.849321	10006.939906	13.230029	-0.025895	5.155948
109.937246	10001.170808	13.235034	-0.025915	5.154523
109.885374	9996.011516	13.240039	-0.025903	5.153245
109.810759	9990.833321	13.245043	-0.025884	5.151961
109.849479	9985.851986	13.250048	-0.025893	5.150729
109.869602	9981.023887	13.255053	-0.025897	5.149534
109.734605	9975.890153	13.260058	-0.025865	5.148258
109.800045	9970.683915	13.265063	-0.025880	5.146970
109.672352	9965.540645	13.270067	-0.025849	5.145692
109.772320	9960.330645	13.275072	-0.025872	5.144403
109.760229	9955.107917	13.280077	-0.025869	5.143108
109.772007	9949.945530	13.285082	-0.025871	5.141828
109.582142	9945.073618	13.290087	-0.025825	5.140614
109.639955	9940.132560	13.295091	-0.025839	5.139390
109.589093	9934.970838	13.300096	-0.025826	5.138107
109.575582	9929.837687	13.305101	-0.025822	5.136832
109.536514	9924.391882	13.310106	-0.025812	5.135479
109.515372	9919.054856	13.315111	-0.025807	5.134153
109.498105	9913.928607	13.320115	-0.025802	5.132879
109.711310	9908.713730	13.325120	-0.025853	5.131589
109.563389	9903.938741	13.330125	-0.025817	5.130398
109.531012	9898.834265	13.335130	-0.025809	5.129128
109.547429	9893.699213	13.340135	-0.025812	5.127851
109.547871	9888.554686	13.345139	-0.025812	5.126571
109.291864	9883.352543	13.350144	-0.025750	5.125270
109.196286	9878.197651	13.355149	-0.025727	5.123984
109.166635	9873.004025	13.360154	-0.025719	5.122690
109.374598	9867.898909	13.365159	-0.025768	5.121425
109.156124	9863.234349	13.370163	-0.025716	5.120257
109.085376	9858.050436	13.375168	-0.025698	5.118964
109.014953	9852.897883	13.380173	-0.025681	5.117678
108.997797	9847.695503	13.385178	-0.025676	5.116381
109.156542	9842.160158	13.390183	-0.025714	5.115005
108.999331	9836.986458	13.395187	-0.025676	5.113710
108.992227	9831.761948	13.400192	-0.025674	5.112407
109.198672	9826.762102	13.405197	-0.025722	5.111165
108.929643	9821.906585	13.410202	-0.025658	5.109946
108.959255	9816.744258	13.415207	-0.025664	5.108658
108.923346	9811.569480	13.420211	-0.025655	5.107365
108.941218	9806.389853	13.425216	-0.025659	5.106072
108.918066	9801.212496	13.430221	-0.025653	5.104778
109.067635	9795.992861	13.435226	-0.025688	5.103478
108.768522	9790.828666	13.440231	-0.025616	5.102178
108.922050	9785.867168	13.445235	-0.025652	5.100942
108.827081	9780.959219	13.450240	-0.025629	5.099712
108.893325	9775.835428	13.455245	-0.025645	5.098432
108.743127	9770.589461	13.460250	-0.025608	5.097116
108.758536	9765.212214	13.465255	-0.025611	5.095770
108.718537	9759.855274	13.470259	-0.025601	5.094428
108.647801	9754.666640	13.475264	-0.025584	5.093127
108.573165	9749.572038	13.480269	-0.025566	5.091849
108.505924	9744.735810	13.485274	-0.025549	5.090635
108.553211	9739.669411	13.490279	-0.025560	5.089367
108.617481	9734.510118	13.495283	-0.025575	5.088076
108.451969	9729.339086	13.500288	-0.025535	5.086775
108.493091	9724.180141	13.505293	-0.025544	5.085482
108.500238	9718.995357	13.510298	-0.025545	5.084182
108.445455	9713.794264	13.515303	-0.025532	5.082875
108.410818	9708.707841	13.520307	-0.025523	5.081598
108.365242	9703.959749	13.525312	-0.025512	5.080404
108.315446	9698.837819	13.530317	-0.025499	5.079117
108.525157	9693.613351	13.535322	-0.025549	5.077811
108.485775	9688.351148	13.540327	-0.025539	5.076488
108.364388	9682.692532	13.545331	-0.025509	5.075062
108.287938	9677.540668	13.550336	-0.025491	5.073765
108.246356	9672.378575	13.555341	-0.025480	5.072466
108.153407	9667.413810	13.560346	-0.025457	5.071215
108.178620	9662.554203	13.565351	-0.025463	5.069993
108.255634	9657.318652	13.570355	-0.025481	5.068678
108.202058	9652.134663	13.575360	-0.025468	5.067372
108.180186	9646.999102	13.580365	-0.025462	5.066079
108.042595	9641.770764	13.585370	-0.025429	5.064758
108.167185	9636.647712	13.590375	-0.025458	5.063471
108.040056	9631.471668	13.595379	-0.025427	5.062164
107.973639	9626.640327	13.600384	-0.025411	5.060944
107.911926	9621.643651	13.605389	-0.025395	5.059683
107.946406	9616.389107	13.610394	-0.025403	5.058359
107.940180	9611.295529	13.615399	-0.025401	5.057074
107.845974	9605.781902	13.620403	-0.025378	5.055681
107.726627	9600.573468	13.625408	-0.025349	5.054363
107.662094	9595.403134	13.630413	-0.025333	5.053056
107.646397	9590.253016	13.635418	-0.025329	5.051755
107.911590	9585.506809	13.640423	-0.025392	5.050565
107.775371	9580.342825	13.645427	-0.025359	5.049257
107.721945	9575.112162	13.650432	-0.025346	5.047933
107.747906	9570.056120	13.655437	-0.025351	5.046657
107.734261	9564.739388	13.660442	-0.025348	5.045312
107.821737	9559.610616	13.665447	-0.025368	5.044018
107.799614	9554.464317	13.670451	-0.025362	5.042716
107.779940	9549.526370	13.675456	-0.025357	5.041466
107.591025	9544.652140	13.680461	-0.025311	5.040227
107.552124	9539.461223	13.685466	-0.025302	5.038912
107.539402	9534.342471	13.690471	-0.025298	5.037616
107.473558	9528.816081	13.695475	-0.025282	5.036214
107.418230	9523.387325	13.700480	-0.025268	5.034838
107.349681	9518.215485	13.705485	-0.025251	5.033525
107.303052	9513.023860	13.710490	-0.025240	5.032208
107.311220	9508.233272	13.715495	-0.025241	5.030994
107.356466	9503.169683	13.720499	-0.025252	5.029711
107.239871	9497.964744	13.725504	-0.025223	5.028388
107.232917	9492.856038	13.730509	-0.025221	5.027091
107.123811	9487.585288	13.735514	-0.025194	5.025750
107.336925	9482.425164	13.740519	-0.025245	5.024447
107.184893	9477.281755	13.745523	-0.025208	5.023137
107.146053	9472.225349	13.750528	-0.025198	5.021851
107.124062	9467.400427	13.755533	-0.025193	5.020625
107.071201	9462.210703	13.760538	-0.025179	5.019305
107.169413	9457.033163	13.765543	-0.025202	5.017992
107.058783	9451.828763	13.770547	-0.025175	5.016665
107.028088	9446.381404	13.775552	-0.025168	5.015279
106.976204	9441.172590	13.780557	-0.025155	5.013953
107.154944	9435.930405	13.785562	-0.025197	5.012625
107.215319	9431.117635	13.790567	-0.025211	5.011402
106.945708	9426.131238	13.795571	-0.025146	5.010124
106.994003	9420.933740	13.800576	-0.025157	5.008802
106.916764	9415.792469	13.805581	-0.025138	5.007490
106.887608	9410.560796	13.810586	-0.025131	5.006156
106.814345	9405.393610	13.815591	-0.025113	5.004837
106.693748	9400.254546	13.820595	-0.025083	5.003524
106.770113	9395.116699	13.825600	-0.025101	5.002216
106.631803	9390.407339	13.830605	-0.025068	5.001011
106.613175	9385.266841	13.835610	-0.025063	4.999699
106.559405	9380.056258	13.840615	-0.025049	4.998368
106.757476	9374.821539	13.845619	-0.025096	4.997038
106.744420	9369.086491	13.850624	-0.025093	4.995573
106.683573	9363.956901	13.855629	-0.025078	4.994262
106.583611	9358.799390	13.860634	-0.025053	4.992941
106.518412	9353.932110	13.865639	-0.025037	4.991695
106.608381	9348.949961	13.870643	-0.025058	4.990425
106.521699	9343.703207	13.875648	-0.025037	4.989081
106.494368	9338.604201	13.880653	-0.025030	4.987776
106.385180	9333.469312	13.885658	-0.025003	4.986459
106.363271	9328.296674	13.890663	-0.024998	4.985135
106.339529	9323.089054	13.895667	-0.024991	4.983802
106.335688	9317.920549	13.900672	-0.024990	4.982479
106.370014	9313.227709	13.905677	-0.024998	4.981278
106.400075	9308.062376	13.910682	-0.025004	4.979957
106.280548	9302.846804	13.915687	-0.024975	4.978617
106.336990	9297.678431	13.920691	-0.024988	4.977294
106.160229	9292.218468	13.925696	-0.024946	4.975889
106.204579	9287.099521	13.930701	-0.024956	4.974578
106.247864	9281.832325	13.935706	-0.024966	4.973229
106.109242	9276.845418	13.940711	-0.024932	4.971945
106.079024	9271.989490	13.945715	-0.024924	4.970698
106.036514	9266.851751	13.950720	-0.024914	4.969378
105.951961	9261.690396	13.955725	-0.024893	4.968050
105.848054	9256.504977	13.960730	-0.024868	4.966715
105.902311	9251.344358	13.965735	-0.024880	4.965391
105.987346	9246.147109	13.970739	-0.024900	4.964059
105.978278	9240.965809	13.975744	-0.024897	4.962727
105.951887	9236.205878	13.980749	-0.024891	4.961503
105.846690	9231.140455	13.985754	-0.024865	4.960197
105.831325	9225.972521	13.990759	-0.024861	4.958867
105.886234	9220.761682	13.995763	-0.024873	4.957528
105.872040	9215.012902	14.000768	-0.024869	4.956049
105.856026	9209.969440	14.005773	-0.024865	4.954750
105.772720	9204.722674	14.010778	-0.024845	4.953396
105.891317	9199.725015	14.015783	-0.024873	4.952113
105.566589	9194.828781	14.020787	-0.024795	4.950841
105.579801	9189.674197	14.025792	-0.024797	4.949513
105.570246	9184.486420	14.030797	-0.024794	4.948175
105.588306	9179.294019	14.035802	-0.024798	4.946837
105.639420	9174.086590	14.040807	-0.024810	4.945496
105.643022	9168.915822	14.045811	-0.024810	4.944162
105.519763	9163.754605	14.050816	-0.024780	4.942827
105.477584	9159.055876	14.055821	-0.024770	4.941612
105.464583	9153.946991	14.060826	-0.024766	4.940293
105.291440	9148.785576	14.065831	-0.024724	4.938954
105.454345	9143.569313	14.070835	-0.024763	4.937612
105.379677	9138.053463	14.075840	-0.024744	4.936185
105.288818	9132.931491	14.080845	-0.024722	4.934858
105.308045	9127.620101	14.085850	-0.024726	4.933486
105.356369	9122.720397	14.090855	-0.024737	4.932220
105.296609	9117.868814	14.095859	-0.024723	4.930963
105.167380	9112.636757	14.100864	-0.024691	4.929605
105.158688	9107.485501	14.105869	-0.024689	4.928272
105.217059	9102.313484	14.110874	-0.024702	4.926935
105.276928	9097.114926	14.115879	-0.024716	4.925591
105.276319	9091.918574	14.120883	-0.024715	4.924245
105.257167	9086.789969	14.125888	-0.024710	4.922916
105.236973	9082.091727	14.130893	-0.024705	4.921697
105.212745	9076.927927	14.135898	-0.024699	4.920358
105.067960	9071.792458	14.140903	-0.024664	4.919022
105.193120	9066.541741	14.145907	-0.024693	4.917664
105.049061	9060.867571	14.150912	-0.024658	4.916187
104.999437	9055.721416	14.155917	-0.024646	4.914850
104.954309	9050.497905	14.160922	-0.024635	4.913493
104.808608	9045.623563	14.165927	-0.024599	4.912222
104.831864	9040.655734	14.170931	-0.024604	4.910932
104.879031	9035.503344	14.175936	-0.024615	4.909596
104.774514	9030.391958	14.180941	-0.024590	4.908264
104.828596	9025.103319	14.185946	-0.024602	4.906891
104.709355	9019.937944	14.190951	-0.024573	4.905544
104.547135	9014.878243	14.195955	-0.024534	4.904222
104.592488	9009.643141	14.200960	-0.024544	4.902862
104.565064	9004.944758	14.205965	-0.024537	4.901639
104.614061	8999.777869	14.210970	-0.024548	4.900295
104.608552	8994.596979	14.215975	-0.024547	4.898946
104.589119	8989.323510	14.220979	-0.024541	4.897572
104.532978	8983.859978	14.225984	-0.024528	4.896147
104.514672	8978.733147	14.230989	-0.024523	4.894811
104.331456	8973.540305	14.235994	-0.024478	4.893451
104.471187	8968.688184	14.240999	-0.024511	4.892191
104.468877	8963.698600	14.246003	-0.024510	4.890890
104.518841	8958.432767	14.251008	-0.024522	4.889518
104.475345	8953.286424	14.256013	-0.024511	4.888173
104.444480	8948.175667	14.261018	-0.024503	4.886838
104.488617	8942.946059	14.266023	-0.024513	4.885475
104.395041	8937.809655	14.271027	-0.024490	4.884130
104.316633	8932.872191	14.276032	-0.024471	4.882838
104.198892	8927.996405	14.281037	-0.024442	4.881559
104.248235	8922.807571	14.286042	-0.024454	4.880205
104.123563	8917.659580	14.291047	-0.024423	4.878855
104.175311	8912.179625	14.296051	-0.024435	4.877424
104.048252	8906.767633	14.301056	-0.024404	4.876004
104.068556	8901.628063	14.306061	-0.024409	4.874659
103.963197	8896.372451	14.311066	-0.024383	4.873280
104.079320	8891.551636	14.316071	-0.024410	4.872022
104.036360	8886.523929	14.321075	-0.024400	4.870704
103.967698	8881.299744	14.326080	-0.024383	4.869333
103.984313	8876.153415	14.331085	-0.024386	4.867986
103.989632	8870.974339	14.336090	-0.024387	4.866628
103.914337	8865.790020	14.341095	-0.024369	4.865267
103.856050	8860.604815	14.346099	-0.024354	4.863905
103.897741	8855.666632	14.351104	-0.024364	4.862611
103.868395	8850.689655	14.356109	-0.024356	4.861304
103.873641	8845.541501	14.361114	-0.024357	4.859953
103.792942	8840.407935	14.366119	-0.024337	4.858603
103.767703	8834.904326	14.371123	-0.024331	4.857157
103.772850	8829.667894	14.376128	-0.024331	4.855781
103.744521	8824.565932	14.381133	-0.024324	4.854440
103.644821	8819.284138	14.386138	-0.024300	4.853048
103.541604	8814.453226	14.391143	-0.024275	4.851774
103.655503	8809.315419	14.396147	-0.024301	4.850427
103.617135	8804.173056	14.401152	-0.024292	4.849073
103.517461	8798.958879	14.406157	-0.024267	4.847698
103.591232	8793.750318	14.411162	-0.024284	4.846330
103.540598	8788.633026	14.416167	-0.024272	4.844981
103.421961	8783.409386	14.421171	-0.024243	4.843601
103.419365	8778.633116	14.426176	-0.024242	4.842343
103.400035	8773.622302	14.431181	-0.024237	4.841022
103.411872	8768.385784	14.436186	-0.024239	4.839642
103.414883	8763.214761	14.441191	-0.024239	4.838279
103.407466	8757.531728	14.446195	-0.024237	4.836780
103.318298	8752.386276	14.451200	-0.024215	4.835420
103.219082	8747.278031	14.456205	-0.024191	4.834068
103.279497	8742.252696	14.461210	-0.024205	4.832744
103.248114	8737.297321	14.466215	-0.024197	4.831435
103.202021	8732.143246	14.471219	-0.024186	4.830072
103.208736	8726.965406	14.476224	-0.024187	4.828705
103.144303	8721.827509	14.481229	-0.024171	4.827345
103.044731	8716.611044	14.486234	-0.024147	4.825962
103.037803	8711.460827	14.491239	-0.024144	4.824600
103.032131	8706.466525	14.496243	-0.024143	4.823279
102.890589	8701.541379	14.501248	-0.024108	4.821971
102.926783	8696.444734	14.506253	-0.024116	4.820624
103.016407	8691.272271	14.511258	-0.024137	4.819259
103.012713	8685.876428	14.516263	-0.024136	4.817830
102.926868	8680.576476	14.521267	-0.024115	4.816423
102.791149	8675.331211	14.526272	-0.024082	4.815029
102.900118	8670.236151	14.531277	-0.024108	4.813683
102.845959	8665.508659	14.536282	-0.024094	4.812428
102.876340	8660.279256	14.541287	-0.024101	4.811042
102.763262	8655.212081	14.546291	-0.024073	4.809694
102.751339	8650.002338	14.551296	-0.024070	4.808312
102.708032	8644.871563	14.556301	-0.024059	4.806949
102.772246	8639.696154	14.561306	-0.024074	4.805578
102.805362	8634.463205	14.566311	-0.024082	4.804190
102.591115	8629.702444	14.571315	-0.024030	4.802917
102.524966	8624.598411	14.576320	-0.024014	4.801559
102.665815	8619.489347	14.581325	-0.024047	4.800207
102.669282	8614.353450	14.586330	-0.024047	4.798842
102.675106	8608.576445	14.591335	-0.024048	4.797306
102.481085	8603.428916	14.596339	-0.024001	4.795929
102.527583	8598.157596	14.601344	-0.024012	4.794529
102.467617	8593.258733	14.606349	-0.023997	4.793223
102.396785	8588.321759	14.611354	-0.023980	4.791906
102.338645	8583.152176	14.616359	-0.023965	4.790527
102.257806	8578.038982	14.621363	-0.023945	4.789162
102.209569	8572.785417	14.626368	-0.023933	4.787761
102.152684	8567.696319	14.631373	-0.023919	4.786403
102.153888	8562.451460	14.636378	-0.023919	4.785005
102.216864	8557.368838	14.641383	-0.023934	4.783652
102.158799	8552.668199	14.646387	-0.023919	4.782396
102.191154	8547.426672	14.651392	-0.023927	4.780999
102.132388	8542.319358	14.656397	-0.023912	4.779634
102.076795	8536.918371	14.661402	-0.023898	4.778190
102.061554	8531.587915	14.666407	-0.023894	4.776766
101.969018	8526.398990	14.671411	-0.023871	4.775376
101.968881	8521.221352	14.676416	-0.023871	4.773993
101.937799	8516.490121	14.681421	-0.023863	4.772727
101.868766	8511.274153	14.686426	-0.023846	4.771330
101.913370	8506.157343	14.691431	-0.023856	4.769963
102.030979	8500.945996	14.696435	-0.023884	4.768574
101.847073	8495.745765	14.701440	-0.023839	4.767175
101.873855	8490.597543	14.706445	-0.023845	4.765799
101.870473	8485.424958	14.711450	-0.023844	4.764414
101.842538	8480.651517	14.716455	-0.023837	4.763134
101.927213	8475.515364	14.721459	-0.023857	4.761762
101.913116	8470.393021	14.726464	-0.023853	4.760389
101.848943	8465.214389	14.731469	-0.023837	4.758998
101.645716	8459.556186	14.736474	-0.023788	4.757473
101.651497	8454.369194	14.741479	-0.023789	4.756082
101.598661	8449.222718	14.746483	-0.023776	4.754700
101.588760	8444.273752	14.751488	-0.023773	4.753371
101.465060	8439.357136	14.756493	-0.023743	4.752047
101.309820	8434.202497	14.761498	-0.023705	4.750656
101.239913	8428.979686	14.766503	-0.023688	4.749251
101.445971	8423.844899	14.771507	-0.023737	4.747880
101.453019	8418.570627	14.776512	-0.023738	4.746463
101.450485	8413.473554	14.781517	-0.023737	4.745092
101.496470	8408.398525	14.786522	-0.023747	4.743730
101.564232	8403.546822	14.791527	-0.023763	4.742427
101.465332	8398.385035	14.796531	-0.023739	4.741035
101.535833	8393.195798	14.801536	-0.023755	4.739641
101.450340	8387.827500	14.806541	-0.023734	4.738192
101.311091	8382.482893	14.811546	-0.023701	4.736748
101.199675	8377.308427	14.816551	-0.023673	4.735349
101.222299	8372.231112	14.821555	-0.023678	4.733982
101.170274	8367.469998	14.826560	-0.023666	4.732697
101.042900	8362.267715	14.831565	-0.023635	4.731289
100.962721	8357.137420	14.836570	-0.023615	4.729902
101.020733	8351.941406	14.841575	-0.023628	4.728503
101.025903	8346.778071	14.846579	-0.023629	4.727110
101.061970	8341.562989	14.851584	-0.023637	4.725704
100.984201	8336.447690	14.856589	-0.023618	4.724319
101.009490	8331.682312	14.861594	-0.023624	4.723033
100.866670	8326.606424	14.866599	-0.023589	4.721656
100.803601	8321.448281	14.871603	-0.023574	4.720260
100.769997	8316.060847	14.876608	-0.023565	4.718802
100.792055	8310.547680	14.881613	-0.023570	4.717312
100.638703	8305.361968	14.886618	-0.023533	4.715903
100.667067	8300.236580	14.891623	-0.023539	4.714518
100.667760	8295.367218	14.896627	-0.023539	4.713200
100.702520	8290.288747	14.901632	-0.023546	4.711827
100.616180	8285.108129	14.906637	-0.023525	4.710420
100.568253	8279.948541	14.911642	-0.023513	4.709021
100.607823	8274.717152	14.916647	-0.023522	4.707605
100.516371	8269.627249	14.921651	-0.023500	4.706221
100.633839	8264.330558	14.926656	-0.023528	4.704790
100.701554	8259.520781	14.931661	-0.023543	4.703489
100.536626	8254.475461	14.936666	-0.023503	4.702113
100.535745	8249.348838	14.941671	-0.023503	4.700722
100.401846	8244.172972	14.946675	-0.023470	4.699312
100.361924	8238.640431	14.951680	-0.023460	4.697808
100.477213	8233.443093	14.956685	-0.023487	4.696401
100.289665	8228.352758	14.961690	-0.023442	4.695010
100.374447	8223.363072	14.966695	-0.023462	4.693658
100.330700	8218.421141	14.971699	-0.023451	4.692312
100.332162	8213.194670	14.976704	-0.023451	4.690891
100.264647	8208.143457	14.981709	-0.023434	4.689514
100.215947	8202.847602	14.986714	-0.023422	4.688071
100.318343	8197.740914	14.991719	-0.023446	4.686686
100.296704	8192.530044	14.996723	-0.023440	4.685266
100.309054	8187.653602	15.001728	-0.023443	4.683939
100.142012	8182.750369	15.006733	-0.023402	4.682596
100.158059	8177.542782	15.011738	-0.023406	4.681178
99.998165	8172.454730	15.016743	-0.023367	4.679784
100.079825	8166.751170	15.021747	-0.023386	4.678232
99.877403	8161.573476	15.026752	-0.023337	4.676812
99.967037	8156.321920	15.031757	-0.023358	4.675383
99.880757	8151.277954	15.036762	-0.023337	4.674002
99.965955	8146.397270	15.041767	-0.023357	4.672674
99.891431	8141.276678	15.046771	-0.023338	4.671272
99.880558	8136.097359	15.051776	-0.023335	4.669857
99.988982	8130.930552	15.056781	-0.023361	4.668450
99.858626	8125.742329	15.061786	-0.023329	4.667026
99.857438	8120.567346	15.066791	-0.023328	4.665611
99.796195	8115.565483	15.071795	-0.023313	4.664241
99.680947	8110.729958	15.076800	-0.023285	4.662913
99.756239	8105.545201	15.081805	-0.023303	4.661498
99.684397	8100.424027	15.086810	-0.023285	4.660093
99.635090	8094.875623	15.091815	-0.023273	4.658571
99.388156	8089.760360	15.096819	-0.023213	4.657160
99.490360	8084.487716	15.101824	-0.023237	4.655719
99.496112	8079.537215	15.106829	-0.023238	4.654363
99.412944	8074.593159	15.111834	-0.023218	4.653004
99.300933	8069.508313	15.116839	-0.023191	4.651605
99.445365	8064.334190	15.121843	-0.023225	4.650192
99.289523	8059.128604	15.126848	-0.023187	4.648756
99.340322	8053.971374	15.131853	-0.023198	4.647343
99.288506	8048.796808	15.136858	-0.023186	4.645920
99.347278	8043.749410	15.141863	-0.023199	4.644536
99.297316	8038.818573	15.146867	-0.023187	4.643180
99.352947	8033.716703	15.151872	-0.023200	4.641780
99.152754	8028.631142	15.156877	-0.023151	4.640373
99.150236	8023.095532	15.161882	-0.023150	4.638851
99.319717	8017.747535	15.166887	-0.023190	4.637387
99.244502	8012.567458	15.171891	-0.023172	4.635959
99.178687	8007.522453	15.176896	-0.023155	4.634567
99.212025	8002.613858	15.181901	-0.023163	4.633217
99.131022	7997.505165	15.186906	-0.023143	4.631807
99.188209	7992.280649	15.191911	-0.023156	4.630370
99.080647	7987.160147	15.196915	-0.023130	4.628954
98.945092	7981.939309	15.201920	-0.023097	4.627509
98.984641	7976.789271	15.206925	-0.023106	4.626091
98.818982	7971.789342	15.211930	-0.023066	4.624704
98.736447	7966.924618	15.216935	-0.023046	4.623358
98.803437	7961.771380	15.221939	-0.023061	4.621939
98.734894	7956.553431	15.226944	-0.023045	4.620495
98.716282	7951.185503	15.231949	-0.023040	4.619012
98.729510	7945.857085	15.236954	-0.023042	4.617541
98.629292	7940.677527	15.241959	-0.023018	4.616105
98.621610	7935.685603	15.246963	-0.023015	4.614725
98.723411	7930.772226	15.251968	-0.023039	4.613371
98.605549	7925.654440	15.256973	-0.023011	4.611950
98.736082	7920.432432	15.261978	-0.023041	4.610511
98.781028	7915.274443	15.266983	-0.023052	4.609085
98.689914	7910.098481	15.271987	-0.023029	4.607648
98.686125	7904.898654	15.276992	-0.023028	4.606208
98.518296	7899.973995	15.281997	-0.022987	4.604836
98.517945	7895.035897	15.287002	-0.022987	4.603468
98.541913	7889.911730	15.292007	-0.022992	4.602049
98.446410	7884.749009	15.297011	-0.022969	4.600613
98.347757	7879.155156	15.302016	-0.022945	4.599057
98.244584	7873.918357	15.307021	-0.022920	4.597599
98.250788	7868.691186	15.312026	-0.022921	4.596149
98.269110	7863.720026	15.317031	-0.022924	4.594769
98.246633	7858.857091	15.322035	-0.022919	4.593418
98.189858	7853.639404	15.327040	-0.022905	4.591966
98.167109	7848.530121	15.332045	-0.022899	4.590545
98.252665	7843.276581	15.337050	-0.022919	4.589089
98.182023	7838.188494	15.342055	-0.022901	4.587671
98.062447	7832.994476	15.347059	-0.022872	4.586220
97.993646	7827.920537	15.352064	-0.022855	4.584806
98.031522	7823.089654	15.357069	-0.022864	4.583463
98.014715	7817.907049	15.362074	-0.022859	4.582019
97.973505	7812.785042	15.367079	-0.022849	4.580591
98.030803	7807.243834	15.372083	-0.022862	4.579050
98.005746	7802.011591	15.377088	-0.022856	4.577591
97.886230	7796.952335	15.382093	-0.022827	4.576175
97.836609	7791.931221	15.387098	-0.022814	4.574772
97.875415	7786.964126	15.392103	-0.022823	4.573389
97.834597	7781.855126	15.397107	-0.022813	4.571961
97.713237	7776.630273	15.402112	-0.022783	4.570497
97.701959	7771.524096	15.407117	-0.022780	4.569071
97.715570	7766.311425	15.412122	-0.022783	4.567616
97.688480	7761.142950	15.417127	-0.022776	4.566171
97.585679	7756.263531	15.422131	-0.022751	4.564803
97.396808	7751.299474	15.427136	-0.022705	4.563406
97.502992	7746.153742	15.432141	-0.022730	4.561972
97.498448	7741.006905	15.437146	-0.022729	4.560532
97.498567	7735.190451	15.442151	-0.022728	4.558905
97.434867	7730.080405	15.447155	-0.022712	4.557471
97.417216	7724.894033	15.452160	-0.022708	4.556019
97.431977	7719.954647	15.457165	-0.022711	4.554636
97.486772	7714.958785	15.462170	-0.022723	4.553239
97.412107	7709.753398	15.467175	-0.022705	4.551776
97.309847	7704.685735	15.472179	-0.022680	4.550351
97.332513	7699.421689	15.477184	-0.022685	4.548876
97.306552	7694.286595	15.482189	-0.022678	4.547434
97.333557	7689.087479	15.487194	-0.022684	4.545976
97.181695	7684.271593	15.492199	-0.022648	4.544617
96.998103	7679.236871	15.497203	-0.022603	4.543195
97.202756	7674.015959	15.502208	-0.022652	4.541738
97.227412	7668.667100	15.507213	-0.022657	4.540236
97.117923	7663.227194	15.512218	-0.022630	4.538702
97.178407	7657.994644	15.517223	-0.022644	4.537234
97.004533	7652.903368	15.522227	-0.022602	4.535794
97.155776	7648.051554	15.527232	-0.022638	4.534436
97.018837	7642.983838	15.532237	-0.022605	4.533003
96.982374	7637.793145	15.537242	-0.022596	4.531540
97.144782	7632.623548	15.542247	-0.022634	4.530092
97.020705	7627.413412	15.547251	-0.022604	4.528619
96.884305	7622.295730	15.552256	-0.022571	4.527170
96.821210	7617.206002	15.557261	-0.022555	4.525733
96.811624	7612.389986	15.562266	-0.022552	4.524374
96.705795	7607.298551	15.567271	-0.022527	4.522933
96.658730	7602.179931	15.572275	-0.022515	4.521487
96.572888	7596.605067	15.577280	-0.022494	4.519909
96.661702	7591.203532	15.582285	-0.022514	4.518388
96.644830	7586.030765	15.587290	-0.022510	4.516927
96.604034	7580.973161	15.592295	-0.022500	4.515496
96.568928	7576.151470	15.597299	-0.022491	4.514132
96.632801	7571.016128	15.602304	-0.022506	4.512683
96.617733	7565.792202	15.607309	-0.022502	4.511205
96.605692	7560.547402	15.612314	-0.022498	4.509721
96.444002	7555.460230	15.617319	-0.022459	4.508273
96.452958	7550.315609	15.622323	-0.022461	4.506818
96.392878	7545.314619	15.627328	-0.022446	4.505399
96.400857	7540.430236	15.632333	-0.022447	4.504016
96.362337	7535.285442	15.637338	-0.022438	4.502556
96.382657	7530.103538	15.642343	-0.022442	4.501088
96.412379	7524.680574	15.647347	-0.022449	4.499552
96.393760	7519.436202	15.652352	-0.022444	4.498064
96.205915	7514.244847	15.657357	-0.022398	4.496582
96.126367	7509.326895	15.662362	-0.022379	4.495183
96.154379	7504.348984	15.667367	-0.022385	4.493771
96.258018	7499.164957	15.672371	-0.022409	4.492304
96.111111	7494.056821	15.677376	-0.022374	4.490845
95.931099	7488.888031	15.682381	-0.022330	4.489368
96.050565	7483.673362	15.687386	-0.022358	4.487891
96.020183	7478.472153	15.692391	-0.022350	4.486411
96.060844	7473.666357	15.697395	-0.022360	4.485046
95.974744	7468.631750	15.702400	-0.022339	4.483609
96.034933	7463.450459	15.707405	-0.022353	4.482138
95.889118	7458.180693	15.712410	-0.022317	4.480630
95.778250	7452.774037	15.717415	-0.022290	4.479085
95.804642	7447.604966	15.722419	-0.022296	4.477613
95.851318	7442.375993	15.727424	-0.022307	4.476125
96.037782	7437.574298	15.732429	-0.022351	4.474766
95.759508	7432.549964	15.737434	-0.022284	4.473319
95.633020	7427.350851	15.742439	-0.022253	4.471829
95.680138	7422.219334	15.747443	-0.022264	4.470367
95.688551	7416.948651	15.752448	-0.022265	4.468863
95.589432	7411.803558	15.757453	-0.022241	4.467389
95.615160	7406.742069	15.762458	-0.022247	4.465944
95.604170	7401.867820	15.767463	-0.022244	4.464551
95.563699	7396.756754	15.772467	-0.022234	4.463088
95.605498	7391.616515	15.777472	-0.022243	4.461620
95.440849	7386.137827	15.782477	-0.022203	4.460045
95.484917	7380.902509	15.787482	-0.022213	4.458549
95.540823	7375.722464	15.792487	-0.022226	4.457069
95.384567	7370.796364	15.797491	-0.022188	4.455651
95.315874	7365.812810	15.802496	-0.022171	4.454220
95.329589	7360.649607	15.807501	-0.022174	4.452742
95.314866	7355.510575	15.812506	-0.022170	4.451268
95.174440	7350.335631	15.817511	-0.022136	4.449777
95.076515	7345.132076	15.822515	-0.022112	4.448280
95.151637	7339.938777	15.827520	-0.022130	4.446794
95.217117	7335.133948	15.832525	-0.022145	4.445418
95.224370	7330.095184	15.837530	-0.022146	4.443972
95.119494	7324.885592	15.842535	-0.022121	4.442471
95.122769	7319.637908	15.847539	-0.022121	4.440964
95.048607	7314.076660	15.852544	-0.022103	4.439362
95.131527	7308.917282	15.857549	-0.022122	4.437883
95.088010	7303.721353	15.862554	-0.022111	4.436386
95.061005	7298.993029	15.867559	-0.022104	4.435025
94.969068	7293.810204	15.872563	-0.022082	4.433529
94.924804	7288.673776	15.877568	-0.022071	4.432048
94.832110	7283.550991	15.882573	-0.022048	4.430568
94.753153	7278.315867	15.887578	-0.022029	4.429056
94.763625	7273.099041	15.892583	-0.022031	4.427554
94.660353	7268.146953	15.897587	-0.022006	4.426121
94.598927	7263.276688	15.902592	-0.021990	4.424714
94.743732	7258.062530	15.907597	-0.022025	4.423217
94.545223	7252.891193	15.912602	-0.021977	4.421715
94.583808	7247.436804	15.917607	-0.021985	4.420143
94.623924	7242.269486	15.922611	-0.021994	4.418653
94.568386	7236.991424	15.927616	-0.021981	4.417126
94.609384	7232.155911	15.932621	-0.021990	4.415731
94.631364	7227.113646	15.937626	-0.021995	4.414275
94.441603	7221.969789	15.942631	-0.021949	4.412778
94.430820	7216.874222	15.947635	-0.021946	4.411303
94.462322	7211.569875	15.952640	-0.021953	4.409770
94.550723	7206.396215	15.957645	-0.021974	4.408278
94.390775	7201.286460	15.962650	-0.021935	4.406790
94.367567	7196.470624	15.967655	-0.021929	4.405394
94.360476	7191.450823	15.972659	-0.021927	4.403940
94.344982	7186.222001	15.977664	-0.021922	4.402424
94.264331	7180.885130	15.982669	-0.021903	4.400872
94.212080	7175.409383	15.987674	-0.021890	4.399282
94.083699	7170.256133	15.992679	-0.021858	4.397780
94.160915	7165.212515	15.997683	-0.021876	4.396321
94.126542	7160.286554	16.002688	-0.021868	4.394889
94.060798	7155.137880	16.007693	-0.021852	4.393390
94.008365	7149.977812	16.012698	-0.021838	4.391889
93.985189	7144.757258	16.017703	-0.021832	4.390370
94.034274	7139.628419	16.022707	-0.021844	4.388882
93.890520	7134.464595	16.027712	-0.021809	4.387373
94.011087	7129.517206	16.032717	-0.021837	4.385940
94.016299	7124.481994	16.037722	-0.021838	4.384475
94.001449	7119.329880	16.042727	-0.021834	4.382975
94.018619	7114.116853	16.047731	-0.021838	4.381458
93.980786	7108.643507	16.052736	-0.021828	4.379862
93.906812	7103.471251	16.057741	-0.021810	4.378351
93.955090	7098.319061	16.062746	-0.021821	4.376851
93.955597	7093.482499	16.067751	-0.021821	4.375441
93.722475	7088.431444	16.072755	-0.021764	4.373955
93.567063	7083.249138	16.077760	-0.021727	4.372435
93.737196	7078.063313	16.082765	-0.021767	4.370931
93.639642	7072.876134	16.087770	-0.021743	4.369411
93.538902	7067.700997	16.092775	-0.021719	4.367894
93.452653	7062.788897	16.097779	-0.021697	4.366454
93.530550	7057.831060	16.102784	-0.021716	4.365009
93.587797	7052.664061	16.107789	-0.021729	4.363501
93.445134	7047.550717	16.112794	-0.021694	4.361998
93.309123	7041.899187	16.117799	-0.021661	4.360337
93.392258	7036.708394	16.122803	-0.021681	4.358823
93.366039	7031.528973	16.127808	-0.021674	4.357305
93.273409	7026.690856	16.132813	-0.021651	4.355883
93.200232	7021.644052	16.137818	-0.021633	4.354400
93.265493	7016.400763	16.142823	-0.021648	4.352867
93.258257	7011.281359	16.147827	-0.021646	4.351365
93.272024	7006.089578	16.152832	-0.021649	4.349843
93.100123	7000.934143	16.157837	-0.021607	4.348321
93.080309	6995.854360	16.162842	-0.021602	4.346829
93.197082	6990.962457	16.167847	-0.021630	4.345399
93.254616	6985.869542	16.172851	-0.021643	4.343907
93.029298	6980.704683	16.177856	-0.021588	4.342377
93.189936	6975.230717	16.182861	-0.021626	4.340777
93.027092	6970.043148	16.187866	-0.021587	4.339243
92.960953	6964.860617	16.192871	-0.021571	4.337715
92.946260	6959.935543	16.197875	-0.021567	4.336265
92.820139	6954.949191	16.202880	-0.021536	4.334791
92.866637	6949.812440	16.207885	-0.021547	4.333281
92.812764	6944.658123	16.212890	-0.021533	4.331760
92.870410	6939.407376	16.217895	-0.021547	4.330216
92.719797	6934.314071	16.222899	-0.021510	4.328706
92.776843	6929.086185	16.227904	-0.021523	4.327168
92.720139	6924.374711	16.232909	-0.021509	4.325775
92.706590	6919.231334	16.237914	-0.021506	4.324257
92.582309	6914.073592	16.242919	-0.021475	4.322728
92.655528	6908.551719	16.247923	-0.021492	4.321102
92.582602	6903.197890	16.252928	-0.021474	4.319516
92.588162	6898.054157	16.257933	-0.021475	4.317997
92.456920	6893.100692	16.262938	-0.021443	4.316526
92.515666	6888.120465	16.267943	-0.021457	4.315056
92.580312	6882.937113	16.272947	-0.021472	4.313527
92.516330	6877.793620	16.277952	-0.021456	4.312002
92.348147	6872.593648	16.282957	-0.021415	4.310453
92.296058	6867.441083	16.287962	-0.021402	4.308924
92.338081	6862.274634	16.292967	-0.021412	4.307397
92.517956	6857.477871	16.297971	-0.021455	4.305985
92.284982	6852.358665	16.302976	-0.021398	4.304455
92.251862	6847.198140	16.307981	-0.021390	4.302923
92.378297	6841.786036	16.312986	-0.021420	4.301325
92.297595	6836.500504	16.317991	-0.021400	4.299752
92.101397	6831.393499	16.322995	-0.021353	4.298225
92.011636	6826.386893	16.328000	-0.021331	4.296733
92.080916	6821.455783	16.333005	-0.021347	4.295273
91.957460	6816.275240	16.338010	-0.021317	4.293726
92.060228	6811.155298	16.343015	-0.021341	4.292210
91.981855	6805.912157	16.348019	-0.021322	4.290647
91.791575	6800.795176	16.353024	-0.021276	4.289114
91.906069	6795.622856	16.358029	-0.021302	4.287581
91.888565	6790.795342	16.363034	-0.021298	4.286143
91.942287	6785.645524	16.368039	-0.021310	4.284613
91.915358	6780.536035	16.373043	-0.021303	4.283089
91.904402	6775.012590	16.378048	-0.021300	4.281443
91.812360	6769.678557	16.383053	-0.021278	4.279847
91.961152	6764.490804	16.388058	-0.021313	4.278309
91.917075	6759.503064	16.393063	-0.021302	4.276818
91.866847	6754.575789	16.398067	-0.021289	4.275345
91.795368	6749.385590	16.403072	-0.021272	4.273792
91.693638	6744.293016	16.408077	-0.021247	4.272265
91.677239	6739.084504	16.413082	-0.021242	4.270708
91.555001	6733.916058	16.418087	-0.021213	4.269156
91.652575	6728.779168	16.423091	-0.021236	4.267626
91.587497	6723.861273	16.428096	-0.021220	4.266152
91.460677	6718.703486	16.433101	-0.021189	4.264601
91.490818	6713.543349	16.438106	-0.021195	4.263059
91.431419	6708.147997	16.443111	-0.021181	4.261440
91.443042	6702.884790	16.448115	-0.021183	4.259864
91.442528	6697.651922	16.453120	-0.021182	4.258297
91.421916	6692.740435	16.458125	-0.021177	4.256823
91.256703	6687.773332	16.463130	-0.021137	4.255324
91.256160	6682.591865	16.468135	-0.021136	4.253770
91.298712	6677.508996	16.473139	-0.021146	4.252248
91.110729	6672.330263	16.478144	-0.021101	4.250682
91.211481	6667.096307	16.483149	-0.021124	4.249117
91.013553	6662.033566	16.488154	-0.021076	4.247584
90.971510	6657.220763	16.493159	-0.021066	4.246136
91.109729	6652.055680	16.498163	-0.021099	4.244591
91.067218	6646.867464	16.503168	-0.021088	4.243029
90.975687	6641.289160	16.508173	-0.021065	4.241345
91.025387	6636.020558	16.513178	-0.021077	4.239763
91.084502	6630.848496	16.518183	-0.021091	4.238209
91.014285	6625.982424	16.523187	-0.021073	4.236740
90.993894	6620.918695	16.528192	-0.021068	4.235213
90.839598	6615.775295	16.533197	-0.021031	4.233654
90.788952	6610.636312	16.538202	-0.021018	4.232102
90.713199	6605.423422	16.543207	-0.020999	4.230525
90.813493	6600.213141	16.548211	-0.021023	4.228959
90.639885	6595.252964	16.553216	-0.020981	4.227452
90.553813	6590.360127	16.558221	-0.020960	4.225969
90.657300	6585.118620	16.563226	-0.020984	4.224392
90.628478	6579.971180	16.568231	-0.020977	4.222836
90.635819	6574.519038	16.573235	-0.020978	4.221188
90.506138	6569.296281	16.578240	-0.020946	4.219601
90.619564	6564.145258	16.583245	-0.020973	4.218050
90.582262	6559.305376	16.588250	-0.020964	4.216583
90.610175	6554.187235	16.593255	-0.020970	4.215036
90.479355	6549.088909	16.598259	-0.020938	4.213484
90.388660	6543.885653	16.603264	-0.020916	4.211902
90.339373	6538.736966	16.608269	-0.020904	4.210339
90.396610	6533.569129	16.613274	-0.020917	4.208776
90.285003	6528.652777	16.618279	-0.020890	4.207278
90.340596	6523.651580	16.623283	-0.020903	4.205764
90.247222	6518.465702	16.628288	-0.020880	4.204185
90.464143	6513.133878	16.633293	-0.020931	4.202579
90.248473	6507.645294	16.638298	-0.020879	4.200899
90.334529	6502.442171	16.643303	-0.020899	4.199324
90.199000	6497.421609	16.648307	-0.020866	4.197790
90.369465	6492.485784	16.653312	-0.020907	4.196299
90.249870	6487.368224	16.658317	-0.020877	4.194735
90.212708	6482.244401	16.663322	-0.020868	4.193174
90.061118	6477.065319	16.668327	-0.020831	4.191588
90.121470	6471.883905	16.673331	-0.020845	4.190014
89.924790	6466.756739	16.678336	-0.020798	4.188440
89.900832	6461.929973	16.683341	-0.020792	4.186968
89.844314	6456.810377	16.688346	-0.020778	4.185404
89.850886	6451.661674	16.693351	-0.020779	4.183834
89.972898	6446.297402	16.698355	-0.020807	4.182205
89.811913	6440.968317	16.703360	-0.020768	4.180569
89.778082	6435.825481	16.708365	-0.020760	4.178997
89.746500	6430.856857	16.713370	-0.020752	4.177477
89.715446	6425.890966	16.718375	-0.020744	4.175958
89.779113	6420.734266	16.723379	-0.020759	4.174386
89.612374	6415.599227	16.728384	-0.020718	4.172805
89.641982	6410.393047	16.733389	-0.020725	4.171215
89.724640	6405.198575	16.738394	-0.020744	4.169630
89.569851	6400.144590	16.743399	-0.020707	4.168074
89.397183	6395.368303	16.748403	-0.020665	4.166600
89.577960	6390.158770	16.753408	-0.020708	4.165016
89.600807	6384.981985	16.758413	-0.020713	4.163431
89.447456	6379.369279	16.763418	-0.020675	4.161700
89.170926	6374.185835	16.768423	-0.020609	4.160094
89.455206	6369.016305	16.773427	-0.020676	4.158525
89.368902	6364.167629	16.778432	-0.020655	4.157032
89.473387	6359.011709	16.783437	-0.020680	4.155455
89.270915	6353.884282	16.788442	-0.020631	4.153867
89.283420	6348.712288	16.793447	-0.020633	4.152279
89.251851	6343.577604	16.798451	-0.020625	4.150699
89.148067	6338.362089	16.803456	-0.020600	4.149088
89.184517	6333.449934	16.808461	-0.020608	4.147579
89.052708	6328.459110	16.813466	-0.020576	4.146035
88.931345	6323.296717	16.818471	-0.020547	4.144438
88.919827	6318.015709	16.823475	-0.020543	4.142811
88.965878	6312.608560	16.828480	-0.020554	4.141148
88.961994	6307.471969	16.833485	-0.020553	4.139565
88.999063	6302.433270	16.838490	-0.020561	4.138013
89.071083	6297.484444	16.843495	-0.020578	4.136491
89.018778	6292.335175	16.848499	-0.020565	4.134899
88.937772	6287.205900	16.853504	-0.020545	4.133311
88.971405	6281.980410	16.858509	-0.020552	4.131699
89.017317	6276.829205	16.863514	-0.020563	4.130111
88.861902	6271.680743	16.868519	-0.020525	4.128510
88.896716	6266.886120	16.873523	-0.020533	4.127029
88.699180	6261.729010	16.878528	-0.020485	4.125422
88.746678	6256.644829	16.883533	-0.020496	4.123852
88.707973	6250.997365	16.888538	-0.020487	4.122101
88.621586	6245.834852	16.893543	-0.020465	4.120497
88.559700	6240.701592	16.898547	-0.020450	4.118903
88.606243	6235.793833	16.903552	-0.020461	4.117385
88.517746	6230.706197	16.908557	-0.020439	4.115802
88.460821	6225.508373	16.913562	-0.020425	4.114187
88.440652	6220.318124	16.918567	-0.020420	4.112575
88.445532	6215.220297	16.923571	-0.020420	4.110993
88.347857	6210.030961	16.928576	-0.020397	4.109376
88.234454	6205.130329	16.933581	-0.020369	4.107846
88.335728	6200.090826	16.938586	-0.020393	4.106287
88.361715	6194.913104	16.943591	-0.020398	4.104679
88.304115	6189.626192	16.948595	-0.020384	4.103031
88.135258	6184.231985	16.953600	-0.020343	4.101342
88.232277	6179.079915	16.958605	-0.020366	4.099745
88.178456	6174.134486	16.963610	-0.020353	4.098202
88.222048	6169.157731	16.968615	-0.020363	4.096654
88.236318	6163.930456	16.973619	-0.020366	4.095027
88.228387	6158.801987	16.978624	-0.020363	4.093428
88.153633	6153.655357	16.983629	-0.020345	4.091818
88.107482	6148.493832	16.988634	-0.020333	4.090205
88.015661	6143.406860	16.993639	-0.020311	4.088611
87.960872	6138.607152	16.998643	-0.020297	4.087109
87.969793	6133.395191	17.003648	-0.020299	4.085482
87.856626	6128.279652	17.008653	-0.020271	4.083876
87.745008	6122.633572	17.013658	-0.020244	4.082104
87.751496	6117.452483	17.018663	-0.020245	4.080485
87.586403	6112.371100	17.023667	-0.020205	4.078884
87.652635	6107.531748	17.028672	-0.020221	4.077374
87.643614	6102.388827	17.033677	-0.020218	4.075764
87.654585	6097.201904	17.038682	-0.020220	4.074140
87.713835	6091.955144	17.043687	-0.020234	4.072500
87.655386	6086.863569	17.048691	-0.020219	4.070900
87.618382	6081.672963	17.053696	-0.020210	4.069270
87.756299	6076.764243	17.058701	-0.020243	4.067739
87.644807	6071.707675	17.063706	-0.020215	4.066145
87.577571	6066.540438	17.068711	-0.020199	4.064519
87.576965	6061.163524	17.073715	-0.020198	4.062830
87.494750	6055.928181	17.078720	-0.020178	4.061180
87.327225	6050.768534	17.083725	-0.020138	4.059547
87.321225	6045.831185	17.088730	-0.020136	4.057994
87.362077	6040.779693	17.093735	-0.020145	4.056408
87.387134	6035.674964	17.098739	-0.020150	4.054803
87.261112	6030.484098	17.103744	-0.020120	4.053161
87.279529	6025.278810	17.108749	-0.020124	4.051523
87.191843	6020.136636	17.113754	-0.020102	4.049897
87.206651	6015.207653	17.118759	-0.020105	4.048344
87.241632	6010.205019	17.123763	-0.020113	4.046769
87.173986	6005.029083	17.128768	-0.020097	4.045132
87.065966	5999.693672	17.133773	-0.020070	4.043441
86.987329	5994.290047	17.138778	-0.020051	4.041730
86.917974	5989.142743	17.143783	-0.020034	4.040099
86.842778	5984.151905	17.148787	-0.020015	4.038517
86.802575	5979.141804	17.153792	-0.020005	4.036931
86.946566	5973.975176	17.158797	-0.020039	4.035307
86.834189	5968.899521	17.163802	-0.020012	4.033694
86.829626	5963.604786	17.168807	-0.020010	4.032018
86.997699	5958.420503	17.173811	-0.020050	4.030388
86.875450	5953.452742	17.178816	-0.020020	4.028807
86.870156	5948.534994	17.183821	-0.020019	4.027248
86.823682	5943.352182	17.188826	-0.020007	4.025602
86.867295	5938.107036	17.193831	-0.020017	4.023942
86.787205	5932.556851	17.198835	-0.019997	4.022176
86.706709	5927.426224	17.203840	-0.019978	4.020542
86.574144	5922.398286	17.208845	-0.019945	4.018937
86.510611	5917.481485	17.213850	-0.019930	4.017371
86.489559	5912.332590	17.218855	-0.019924	4.015733
86.495888	5907.205478	17.223859	-0.019925	4.014104
86.466270	5901.953664	17.228864	-0.019918	4.012432
86.425609	5896.808451	17.233869	-0.019907	4.010792
86.516659	5891.745026	17.238874	-0.019929	4.009187
86.429108	5886.865002	17.243879	-0.019907	4.007627
86.446012	5881.749898	17.248883	-0.019911	4.005999
86.278937	5876.559775	17.253888	-0.019870	4.004333
86.271014	5870.971511	17.258893	-0.019868	4.002551
86.338619	5865.768814	17.263898	-0.019884	4.000897
86.198177	5860.690255	17.268903	-0.019850	3.999267
86.206775	5855.827211	17.273907	-0.019851	3.997715
85.976034	5850.655879	17.278912	-0.019796	3.996048
86.035320	5845.570893	17.283917	-0.019809	3.994428
86.118405	5840.298224	17.288922	-0.019829	3.992748
86.066176	5835.097922	17.293927	-0.019816	3.991082
86.056405	5829.982384	17.298931	-0.019813	3.989445
86.193344	5825.125051	17.303936	-0.019845	3.987900
86.124814	5819.981417	17.308941	-0.019828	3.986249
85.978653	5814.843070	17.313946	-0.019793	3.984594
86.055206	5809.375227	17.318951	-0.019811	3.982847
85.997490	5804.229994	17.323955	-0.019796	3.981194
85.972462	5799.041875	17.328960	-0.019790	3.979529
85.738871	5794.268943	17.333965	-0.019734	3.977982
85.648607	5789.150751	17.338970	-0.019712	3.976333
85.573549	5783.986690	17.343975	-0.019693	3.974670
85.525362	5778.816069	17.348979	-0.019681	3.973006
85.505651	5773.668647	17.353984	-0.019676	3.971350
85.538855	5768.497312	17.358989	-0.019683	3.969690
85.575062	5763.685647	17.363994	-0.019692	3.968146
85.584638	5758.546891	17.368999	-0.019693	3.966493
85.463815	5753.399866	17.374003	-0.019664	3.964828
85.486774	5747.757429	17.379008	-0.019669	3.963013
85.454654	5742.582090	17.384013	-0.019661	3.961344
85.346301	5737.447847	17.389018	-0.019634	3.959682
85.443126	5732.615702	17.394023	-0.019657	3.958131
85.300539	5727.507666	17.399027	-0.019623	3.956473
85.309773	5722.302867	17.404032	-0.019624	3.954794
85.245179	5717.159928	17.409037	-0.019608	3.953130
85.209356	5712.014817	17.414042	-0.019599	3.951466
85.164324	5706.843950	17.419047	-0.019588	3.949792
85.054057	5702.091339	17.424051	-0.019561	3.948248
85.193759	5696.862040	17.429056	-0.019594	3.946567
85.147834	5691.668864	17.434061	-0.019583	3.944884
85.122629	5686.210055	17.439066	-0.019576	3.943116
85.082690	5681.043278	17.444071	-0.019566	3.941440
85.122684	5675.902594	17.449075	-0.019575	3.939778
85.069998	5671.083064	17.454080	-0.019562	3.938213
85.100467	5665.916894	17.459085	-0.019569	3.936540
85.012312	5660.762647	17.464090	-0.019547	3.934863
84.871886	5655.616367	17.469095	-0.019513	3.933183
84.803644	5650.478549	17.474099	-0.019496	3.931511
84.719048	5645.362889	17.479104	-0.019476	3.929843
84.612759	5640.566499	17.484109	-0.019450	3.928278
84.711102	5635.365751	17.489114	-0.019473	3.926595
84.595944	5630.189382	17.494119	-0.019445	3.924903
84.712901	5624.537918	17.499123	-0.019472	3.923074
84.703343	5619.371675	17.504128	-0.019470	3.921392
84.674426	5614.325072	17.509133	-0.019462	3.919747
84.704360	5609.387371	17.514138	-0.019469	3.918141
84.681797	5604.202733	17.519143	-0.019463	3.916450
84.581419	5599.108446	17.524147	-0.019438	3.914782
84.546813	5593.820876	17.529152	-0.019430	3.913055
84.592380	5588.746528	17.534157	-0.019440	3.911403
84.497930	5583.669049	17.539162	-0.019417	3.909739
84.485350	5578.749562	17.544167	-0.019414	3.908132
84.388416	5573.649228	17.549171	-0.019390	3.906459
84.245236	5568.421949	17.554176	-0.019355	3.904740
84.303542	5563.020438	17.559181	-0.019369	3.902979
84.229533	5557.846431	17.564186	-0.019350	3.901281
84.282935	5552.826598	17.569191	-0.019363	3.899642
84.235489	5547.862801	17.574195	-0.019351	3.898014
84.214568	5542.668347	17.579200	-0.019345	3.896311
84.051992	5537.619244	17.584205	-0.019306	3.894645
84.128205	5532.345730	17.589210	-0.019324	3.892922
83.974400	5527.224905	17.594215	-0.019287	3.891231
84.065353	5522.230505	17.599219	-0.019308	3.889599
83.944582	5517.277921	17.604224	-0.019279	3.887965
83.847915	5512.145254	17.609229	-0.019255	3.886272
83.843643	5506.755672	17.614234	-0.019253	3.884502
83.754598	5501.383747	17.619239	-0.019232	3.882730
83.821834	5496.172921	17.624243	-0.019247	3.881021
83.890278	5491.229787	17.629248	-0.019263	3.879400
83.785434	5486.214721	17.634253	-0.019238	3.877742
83.748319	5481.127842	17.639258	-0.019228	3.876065
83.896419	5475.870773	17.644263	-0.019263	3.874344
83.911020	5470.683894	17.649267	-0.019266	3.872636
83.827750	5465.527948	17.654272	-0.019246	3.870930
83.812117	5460.675186	17.659277	-0.019242	3.869329
83.641704	5455.653064	17.664282	-0.019200	3.867659
83.594305	5450.475896	17.669287	-0.019188	3.865947
83.577414	5445.088106	17.674291	-0.019184	3.864166
83.379234	5439.856140	17.679296	-0.019136	3.862423
83.341283	5434.743411	17.684301	-0.019126	3.860730
83.447590	5429.833498	17.689306	-0.019151	3.859114
83.349282	5424.752955	17.694311	-0.019127	3.857426
83.471281	5419.526760	17.699315	-0.019156	3.855706
83.391903	5414.379534	17.704320	-0.019137	3.853996
83.404345	5409.185561	17.709325	-0.019139	3.852276
83.447642	5404.073562	17.714330	-0.019149	3.850585
83.237793	5399.250891	17.719335	-0.019098	3.848970
83.272566	5394.190386	17.724339	-0.019106	3.847295
83.254808	5388.923888	17.729344	-0.019102	3.845546
83.209628	5383.448837	17.734349	-0.019090	3.843724
83.026921	5378.271712	17.739354	-0.019046	3.841991
83.039605	5373.191588	17.744359	-0.019049	3.840304
82.930610	5368.313192	17.749363	-0.019022	3.838674
82.926788	5363.117335	17.754368	-0.019021	3.836946
82.849358	5357.971541	17.759373	-0.019002	3.835228
83.024701	5352.785483	17.764378	-0.019043	3.833515
82.927534	5347.548531	17.769383	-0.019019	3.831763
82.925649	5342.607979	17.774387	-0.019018	3.830117
82.906157	5337.580865	17.779392	-0.019013	3.828440
82.849920	5332.475431	17.784397	-0.018999	3.826733
82.861604	5327.184626	17.789402	-0.019002	3.824969
82.818206	5321.888279	17.794407	-0.018991	3.823198
82.686982	5316.702358	17.799411	-0.018959	3.821456
82.542933	5311.801138	17.804416	-0.018924	3.819807
82.730249	5306.692641	17.809421	-0.018968	3.818114
82.463936	5301.615622	17.814426	-0.018904	3.816396
82.412061	5296.421837	17.819431	-0.018891	3.814655
82.363163	5291.311829	17.824435	-0.018879	3.812941
82.323409	5286.059411	17.829440	-0.018869	3.811179
82.412471	5281.209395	17.834445	-0.018890	3.809561
82.460212	5276.141783	17.839450	-0.018901	3.807867
82.423875	5270.927239	17.844455	-0.018892	3.806116
82.362180	5265.323617	17.849459	-0.018876	3.804231
82.357174	5260.054789	17.854464	-0.018875	3.802463
82.275364	5254.892560	17.859469	-0.018855	3.800723
82.436727	5250.056728	17.864474	-0.018893	3.799111
82.157693	5244.886045	17.869479	-0.018826	3.797352
82.122405	5239.783236	17.874483	-0.018817	3.795633
82.046968	5234.607576	17.879488	-0.018798	3.793887
82.104679	5229.426757	17.884493	-0.018811	3.792148
82.152150	5224.411976	17.889498	-0.018822	3.790463
82.055066	5219.437469	17.894503	-0.018799	3.788780
82.043577	5214.321280	17.899507	-0.018795	3.787055
82.112165	5208.935204	17.904512	-0.018811	3.785245
81.911688	5203.685264	17.909517	-0.018763	3.783458
81.982325	5198.486957	17.914522	-0.018779	3.781710
81.824484	5193.533548	17.919527	-0.018741	3.780025
81.778681	5188.595220	17.924531	-0.018730	3.778354
81.798885	5183.342635	17.929536	-0.018734	3.776580
81.654647	5178.229499	17.934541	-0.018699	3.774840
81.481901	5173.096792	17.939546	-0.018657	3.773091
81.567710	5167.887026	17.944551	-0.018677	3.771335
81.590446	5163.093562	17.949555	-0.018682	3.769714
81.428162	5157.920363	17.954560	-0.018643	3.767949
81.569777	5152.741494	17.959565	-0.018676	3.766205
81.484035	5147.197193	17.964570	-0.018655	3.764319
81.589302	5141.955332	17.969575	-0.018680	3.762549
81.773466	5136.903534	17.974579	-0.018724	3.760850
81.599053	5131.944107	17.979584	-0.018681	3.759152
81.600043	5126.804478	17.984589	-0.018681	3.757407
81.430464	5121.710779	17.989594	-0.018640	3.755662
81.462861	5116.437305	17.994599	-0.018647	3.753872
81.299450	5111.358986	17.999603	-0.018608	3.752132
81.282030	5106.352557	18.004608	-0.018603	3.750427
81.291486	5101.315524	18.009613	-0.018605	3.748713
81.219701	5096.204521	18.014618	-0.018587	3.746967
81.074340	5090.867690	18.019623	-0.018552	3.745137
81.221331	5085.563802	18.024627	-0.018587	3.743340
80.986178	5080.438147	18.029632	-0.018530	3.741573
81.107729	5075.529400	18.034637	-0.018559	3.739908
81.051389	5070.454317	18.039642	-0.018545	3.738171
81.024924	5065.301477	18.044647	-0.018538	3.736409
81.043173	5060.067482	18.049651	-0.018542	3.734622
80.970841	5054.922132	18.054656	-0.018524	3.732857
80.843325	5049.877110	18.059661	-0.018493	3.731121
80.796762	5044.992359	18.064666	-0.018481	3.729446
80.798795	5039.845808	18.069671	-0.018481	3.727684
80.776198	5034.592677	18.074675	-0.018475	3.725883
80.714737	5029.082575	18.079680	-0.018460	3.723990
80.615287	5023.935675	18.084685	-0.018436	3.722217
80.691002	5018.963703	18.089690	-0.018454	3.720518
80.704363	5013.898664	18.094695	-0.018456	3.718781
80.818121	5008.744957	18.099699	-0.018483	3.717021
80.597022	5003.585688	18.104704	-0.018430	3.715230
80.638238	4998.421348	18.109709	-0.018439	3.713459
80.593712	4993.264345	18.114714	-0.018428	3.711682
80.613956	4988.385738	18.119719	-0.018432	3.710006
80.593902	4983.322074	18.124723	-0.018427	3.708261
80.345941	4978.168949	18.129728	-0.018367	3.706467
80.329213	4972.714321	18.134733	-0.018363	3.704587
80.261670	4967.564342	18.139738	-0.018346	3.702806
80.136461	4962.526527	18.144743	-0.018316	3.701059
80.014445	4957.644188	18.149747	-0.018286	3.699364
80.086037	4952.456685	18.154752	-0.018303	3.697580
80.155463	4947.278502	18.159757	-0.018319	3.695797
80.197911	4942.093860	18.164762	-0.018328	3.694010
80.196249	4936.891525	18.169767	-0.018328	3.692212
80.198150	4932.051016	18.174771	-0.018328	3.690538
80.047095	4926.990276	18.179776	-0.018291	3.688774
80.070259	4921.837202	18.184781	-0.018296	3.686993
80.088283	4916.311995	18.189786	-0.018300	3.685081
79.870223	4911.098324	18.194791	-0.018247	3.683256
80.012300	4905.979447	18.199795	-0.018281	3.681494
79.876014	4901.096988	18.204800	-0.018248	3.679789
79.893719	4895.898403	18.209805	-0.018251	3.677987
79.911087	4890.754588	18.214810	-0.018255	3.676203
79.848104	4885.531874	18.219815	-0.018240	3.674383
79.707082	4880.422108	18.224819	-0.018205	3.672596
79.796114	4875.451798	18.229824	-0.018226	3.670875
79.768281	4870.435569	18.234829	-0.018219	3.669128
79.895968	4865.228307	18.239834	-0.018249	3.667327
79.566582	4859.901238	18.244839	-0.018170	3.665445
79.558164	4854.725632	18.249843	-0.018167	3.663641
79.591259	4849.521092	18.254848	-0.018175	3.661830
79.478131	4844.690005	18.259853	-0.018147	3.660136
79.394564	4839.562387	18.264858	-0.018127	3.658340
79.452269	4834.397901	18.269863	-0.018140	3.656543
79.200076	4829.274021	18.274867	-0.018079	3.654732
79.184728	4824.090265	18.279872	-0.018075	3.652920
79.250547	4819.065404	18.284877	-0.018090	3.651169
79.350032	4814.077639	18.289882	-0.018114	3.649433
79.434795	4808.895933	18.294887	-0.018133	3.647627
79.190966	4803.500190	18.299891	-0.018075	3.645718
79.240690	4798.194972	18.304896	-0.018086	3.643864
79.262181	4792.990125	18.309901	-0.018091	3.642042
79.392325	4788.115899	18.314906	-0.018121	3.640344
79.241562	4782.961354	18.319911	-0.018085	3.638524
79.182441	4777.864607	18.324915	-0.018070	3.636730
79.083885	4772.658171	18.329920	-0.018046	3.634894
79.120518	4767.492671	18.334925	-0.018054	3.633082
79.026100	4762.503657	18.339930	-0.018031	3.631321
78.877175	4757.529455	18.344935	-0.017995	3.629559
78.911665	4752.408437	18.349939	-0.018003	3.627761
78.651466	4747.075197	18.354944	-0.017940	3.625861
78.779415	4741.783330	18.359949	-0.017970	3.624009
78.869482	4736.598132	18.364954	-0.017992	3.622189
78.889179	4731.762919	18.369959	-0.017996	3.620487
78.821614	4726.656530	18.374963	-0.017979	3.618680
78.571822	4721.534357	18.379968	-0.017919	3.616851
78.734689	4716.270846	18.384973	-0.017957	3.615007
78.641376	4711.140550	18.389978	-0.017935	3.613187
78.486791	4706.193006	18.394983	-0.017897	3.611425
78.450637	4701.153659	18.399987	-0.017888	3.609640
78.479856	4695.911125	18.404992	-0.017895	3.607788
78.421439	4690.439614	18.409997	-0.017880	3.605847
78.305518	4685.208147	18.415002	-0.017852	3.603984
78.282937	4680.031445	18.420007	-0.017846	3.602148
78.415436	4675.158385	18.425011	-0.017877	3.600432
78.260315	4669.987601	18.430016	-0.017840	3.598585
78.478265	4664.818604	18.435021	-0.017891	3.596770
78.328625	4659.632466	18.440026	-0.017855	3.594916
78.364441	4654.432510	18.445031	-0.017863	3.593072
78.195413	4649.534983	18.450035	-0.017822	3.591316
78.066473	4644.548414	18.455040	-0.017791	3.589532
78.081354	4639.376322	18.460045	-0.017794	3.587694
78.039977	4633.969034	18.465050	-0.017783	3.585766
77.983702	4628.778695	18.470055	-0.017770	3.583912
78.066016	4623.681313	18.475059	-0.017789	3.582103
77.977926	4618.785216	18.480064	-0.017767	3.580350
77.865320	4613.600910	18.485069	-0.017740	3.578492
77.775989	4608.455584	18.490074	-0.017718	3.576648
77.779012	4603.280525	18.495079	-0.017718	3.574800
77.749185	4598.150333	18.500083	-0.017711	3.572965
77.799552	4593.199473	18.505088	-0.017722	3.571200
77.801784	4588.132877	18.510093	-0.017722	3.569389
77.746637	4582.978349	18.515098	-0.017709	3.567540
77.744619	4577.386949	18.520103	-0.017708	3.565539
77.762469	4572.263517	18.525107	-0.017711	3.563706
77.523674	4567.249871	18.530112	-0.017654	3.561888
77.473013	4562.280163	18.535117	-0.017641	3.560102
77.481815	4557.111991	18.540122	-0.017643	3.558249
77.485083	4551.937443	18.545127	-0.017643	3.556392
77.645623	4546.745662	18.550131	-0.017681	3.554542
77.628458	4541.568528	18.555136	-0.017676	3.552681
77.511896	4536.755763	18.560141	-0.017648	3.550941
77.463720	4531.636750	18.565146	-0.017636	3.549096
77.327326	4526.395762	18.570151	-0.017603	3.547198
77.298733	4521.051025	18.575155	-0.017596	3.545271
77.447915	4515.855559	18.580160	-0.017631	3.543413
77.256467	4510.912226	18.585165	-0.017585	3.541615
77.188915	4505.931056	18.590170	-0.017568	3.539813
77.160377	4500.761878	18.595175	-0.017561	3.537946
77.099340	4495.621713	18.600179	-0.017546	3.536085
77.016352	4490.421479	18.605184	-0.017525	3.534199
76.993005	4485.370688	18.610189	-0.017519	3.532372
76.938154	4480.492718	18.615194	-0.017506	3.530604
76.839545	4475.345100	18.620199	-0.017482	3.528733
76.889910	4469.936125	18.625203	-0.017493	3.526781
76.972618	4464.556505	18.630208	-0.017512	3.524840
76.858392	4459.397159	18.635213	-0.017485	3.522961
76.936574	4454.548017	18.640218	-0.017503	3.521210
76.883491	4449.352894	18.645223	-0.017490	3.519322
76.804877	4444.262471	18.650227	-0.017470	3.517467
76.761425	4439.029233	18.655232	-0.017459	3.515564
76.603579	4433.889451	18.660237	-0.017421	3.513682
76.539938	4428.999338	18.665242	-0.017406	3.511899
76.548604	4423.933029	18.670247	-0.017407	3.510058
76.638218	4418.759782	18.675251	-0.017428	3.508184
76.408587	4413.367797	18.680256	-0.017373	3.506200
76.560742	4408.091044	18.685261	-0.017409	3.504293
76.644022	4403.041739	18.690266	-0.017428	3.502460
76.435551	4398.136229	18.695271	-0.017378	3.500653
76.439297	4393.006107	18.700275	-0.017378	3.498782
76.309661	4387.866210	18.705280	-0.017347	3.496894
76.268737	4382.713575	18.710285	-0.017336	3.495008
76.423381	4377.502369	18.715290	-0.017373	3.493119
76.262936	4372.678371	18.720295	-0.017334	3.491340
76.317190	4367.513305	18.725299	-0.017346	3.489456
76.111530	4362.282016	18.730304	-0.017297	3.487523
76.189118	4356.802149	18.735309	-0.017315	3.485523
76.034091	4351.677370	18.740314	-0.017277	3.483631
76.122108	4346.706708	18.745319	-0.017298	3.481818
76.014694	4341.663904	18.750323	-0.017272	3.479958
75.818908	4336.519521	18.755328	-0.017224	3.478052
76.012741	4331.287646	18.760333	-0.017270	3.476149
76.000932	4326.182147	18.765338	-0.017267	3.474273
76.025177	4321.108464	18.770343	-0.017272	3.472410
75.744038	4316.201689	18.775347	-0.017205	3.470579
75.803670	4310.997182	18.780352	-0.017218	3.468670
75.732293	4305.621148	18.785357	-0.017201	3.466684
75.832440	4300.422306	18.790362	-0.017224	3.464778
75.792744	4295.298320	18.795367	-0.017214	3.462886
75.546591	4290.445594	18.800371	-0.017155	3.461073
75.559965	4285.267935	18.805376	-0.017158	3.459164
75.657839	4280.092707	18.810381	-0.017181	3.457263
75.625893	4274.955112	18.815386	-0.017172	3.455362
75.464062	4269.812143	18.820391	-0.017133	3.453446
75.529497	4264.989638	18.825395	-0.017148	3.451669
75.545280	4259.806863	18.830400	-0.017152	3.449753
75.502740	4254.481678	18.835405	-0.017141	3.447778
75.464955	4249.041217	18.840410	-0.017132	3.445759
75.447408	4243.873322	18.845415	-0.017127	3.443842
75.382916	4238.971168	18.850419	-0.017111	3.442019
75.299395	4233.856099	18.855424	-0.017091	3.440113
75.352988	4228.698650	18.860429	-0.017103	3.438203
75.290401	4223.532673	18.865434	-0.017087	3.436279
75.031310	4218.423413	18.870439	-0.017025	3.434355
75.198301	4213.268132	18.875443	-0.017064	3.432454
75.108976	4208.267066	18.880448	-0.017043	3.430585
75.073789	4203.113144	18.885453	-0.017034	3.428663
75.087635	4197.700635	18.890458	-0.017036	3.426649
75.043382	4192.507248	18.895463	-0.017025	3.424709
75.103201	4187.467473	18.900467	-0.017039	3.422835
74.960541	4182.547006	18.905472	-0.017005	3.420986
75.067440	4177.357583	18.910477	-0.017030	3.419059
74.902409	4172.210240	18.915482	-0.016990	3.417121
74.873874	4167.032341	18.920487	-0.016982	3.415183
74.739365	4161.955693	18.925491	-0.016950	3.413271
74.744721	4157.038528	18.930496	-0.016951	3.411432
74.697401	4151.906666	18.935501	-0.016939	3.409507
74.624505	4146.515185	18.940506	-0.016921	3.407480
74.587716	4141.216702	18.945511	-0.016912	3.405491
74.500532	4136.098333	18.950515	-0.016890	3.403563
74.478609	4131.187271	18.955520	-0.016885	3.401718
74.522550	4126.031526	18.960525	-0.016895	3.399787
74.454290	4120.926879	18.965530	-0.016878	3.397863
74.314896	4115.694119	18.970535	-0.016844	3.395883
74.368598	4110.556293	18.975539	-0.016856	3.393956
74.385478	4105.662348	18.980544	-0.016860	3.392116
74.462181	4100.547427	18.985549	-0.016878	3.390198
74.204743	4095.368897	18.990554	-0.016816	3.388222
74.144566	4089.981575	18.995559	-0.016801	3.386185
73.990273	4084.871092	19.000563	-0.016763	3.384243
74.100693	4079.951127	19.005568	-0.016789	3.382397
74.042085	4074.833117	19.010573	-0.016775	3.380459
74.121999	4069.668766	19.015578	-0.016794	3.378516
74.076367	4064.480618	19.020583	-0.016782	3.376550
74.167163	4059.336685	19.025587	-0.016803	3.374614
74.094565	4054.377669	19.030592	-0.016786	3.372730
74.107481	4049.332368	19.035597	-0.016788	3.370821
74.072384	4044.167349	19.040602	-0.016779	3.368860
73.901066	4038.662216	19.045607	-0.016738	3.366756
74.014364	4033.443295	19.050611	-0.016764	3.364788
73.881629	4028.528553	19.055616	-0.016732	3.362910
73.721220	4023.532621	19.060621	-0.016693	3.360996
73.657575	4018.360666	19.065626	-0.016678	3.359025
73.593192	4013.145174	19.070631	-0.016662	3.357035
73.620427	4007.999040	19.075635	-0.016668	3.355080
73.533851	4003.020201	19.080640	-0.016647	3.353177
73.516728	3997.972741	19.085645	-0.016642	3.351253
73.414119	3992.858069	19.090650	-0.016617	3.349293
73.479754	3987.434605	19.095655	-0.016632	3.347232
73.412232	3982.269476	19.100659	-0.016616	3.345254
73.426289	3977.250313	19.105664	-0.016618	3.343340
73.536115	3972.232534	19.110669	-0.016644	3.341434
73.507475	3967.062910	19.115674	-0.016637	3.339455
73.349539	3961.892033	19.120679	-0.016599	3.337462
73.387268	3956.741299	19.125683	-0.016607	3.335495
73.318967	3951.694071	19.130688	-0.016590	3.333555
73.165491	3946.766760	19.135693	-0.016553	3.331652
73.176487	3941.647509	19.140698	-0.016555	3.329691
73.139790	3936.108518	19.145703	-0.016546	3.327563
73.091686	3930.933084	19.150707	-0.016534	3.325571
73.163470	3925.882708	19.155712	-0.016551	3.323639
73.061357	3920.844639	19.160717	-0.016526	3.321693
73.140007	3915.718750	19.165722	-0.016544	3.319730
73.148716	3910.552701	19.170727	-0.016546	3.317743
73.055264	3905.398938	19.175731	-0.016523	3.315750
72.841156	3900.395322	19.180736	-0.016471	3.313801
72.806517	3895.407126	19.185741	-0.016463	3.311875
72.758879	3890.292553	19.190746	-0.016451	3.309898
72.582772	3884.978932	19.195751	-0.016408	3.307830
72.686302	3879.718202	19.200755	-0.016432	3.305809
72.675860	3874.624999	19.205760	-0.016429	3.303840
72.625834	3869.701983	19.210765	-0.016417	3.301932
72.514268	3864.572240	19.215770	-0.016390	3.299937
72.603593	3859.382572	19.220775	-0.016411	3.297937
72.560519	3854.173194	19.225779	-0.016400	3.295915
72.582672	3849.115597	19.230784	-0.016405	3.293958
72.556742	3844.204202	19.235789	-0.016398	3.292051
72.459366	3839.087014	19.240794	-0.016374	3.290056
72.431813	3833.593371	19.245799	-0.016367	3.287920
72.352201	3828.324480	19.250803	-0.016348	3.285865
72.419536	3823.282300	19.255808	-0.016363	3.283913
72.302001	3818.295632	19.260813	-0.016335	3.281961
72.178683	3813.181187	19.265818	-0.016305	3.279958
72.156938	3807.992289	19.270823	-0.016299	3.277935
72.177730	3802.788025	19.275827	-0.016303	3.275910
72.125956	3797.784894	19.280832	-0.016291	3.273954
72.085190	3792.713022	19.285837	-0.016280	3.271971
72.042597	3787.551977	19.290842	-0.016270	3.269952
71.958964	3782.200564	19.295847	-0.016249	3.267853
72.143104	3776.944593	19.300851	-0.016293	3.265818
71.970491	3771.982965	19.305856	-0.016251	3.263860
71.910689	3766.960636	19.310861	-0.016236	3.261888
71.945982	3761.820202	19.315866	-0.016244	3.259879
71.905207	3756.598981	19.320871	-0.016234	3.257829
71.882349	3751.482133	19.325875	-0.016228	3.255821
71.779378	3746.460787	19.330880	-0.016203	3.253840
71.682457	3741.497368	19.335885	-0.016179	3.251882
71.631863	3736.394991	19.340890	-0.016167	3.249872
71.663479	3730.819420	19.345895	-0.016174	3.247685
71.554891	3725.686897	19.350899	-0.016147	3.245655
71.509321	3720.673111	19.355904	-0.016136	3.243677
71.547131	3715.616947	19.360909	-0.016144	3.241690
71.541501	3710.497151	19.365914	-0.016143	3.239672
71.536696	3705.275033	19.370919	-0.016141	3.237613
71.556684	3700.133411	19.375923	-0.016145	3.235587
71.518510	3695.190184	19.380928	-0.016136	3.233631
71.485092	3690.140420	19.385933	-0.016127	3.231633
71.355006	3684.965924	19.390938	-0.016096	3.229574
71.316280	3679.586206	19.395943	-0.016086	3.227443
71.182771	3674.453364	19.400947	-0.016053	3.225397
71.269774	3669.508492	19.405952	-0.016074	3.223448
71.052636	3664.429152	19.410957	-0.016021	3.221413
71.135809	3659.289084	19.415962	-0.016041	3.219384
71.098515	3654.110918	19.420967	-0.016031	3.217325
71.004300	3649.004189	19.425971	-0.016008	3.215288
71.016420	3644.091886	19.430976	-0.016011	3.213338
71.047935	3638.964499	19.435981	-0.016018	3.211303
70.979197	3633.712197	19.440986	-0.016001	3.209207
70.760106	3628.408533	19.445991	-0.015948	3.207072
70.723463	3623.287735	19.450995	-0.015939	3.205029
70.913096	3618.332677	19.456000	-0.015984	3.203075
70.866224	3613.162348	19.461005	-0.015972	3.201008
70.731556	3608.061511	19.466010	-0.015939	3.198958
70.624338	3602.882267	19.471015	-0.015913	3.196879
70.603498	3597.819611	19.476019	-0.015908	3.194854
70.724822	3592.826034	19.481024	-0.015936	3.192871
70.669154	3587.657514	19.486029	-0.015923	3.190797
70.461873	3582.388724	19.491034	-0.015872	3.188665
70.485933	3577.118834	19.496039	-0.015878	3.186557
70.582716	3572.064597	19.501043	-0.015900	3.184542
70.460547	3567.127810	19.506048	-0.015871	3.182548
70.415039	3561.925913	19.511053	-0.015859	3.180456
70.370206	3556.783229	19.516058	-0.015848	3.178385
70.308209	3551.621427	19.521063	-0.015833	3.176304
70.182674	3546.675238	19.526067	-0.015802	3.174302
70.053221	3541.683654	19.531072	-0.015771	3.172279
70.032135	3536.478030	19.536077	-0.015765	3.170180
70.003640	3530.970373	19.541082	-0.015758	3.167958
69.959366	3525.820023	19.546087	-0.015747	3.165877
70.035028	3520.867601	19.551091	-0.015765	3.163887
70.025815	3515.730505	19.556096	-0.015762	3.161812
69.991679	3510.613672	19.561101	-0.015753	3.159741
70.097851	3505.418416	19.566106	-0.015778	3.157653
70.048017	3500.234717	19.571111	-0.015766	3.155551
69.977605	3495.399420	19.576115	-0.015748	3.153586
69.864687	3490.232873	19.581120	-0.015721	3.151481
69.855971	3484.919472	19.586125	-0.015718	3.149326
69.691007	3479.701227	19.591130	-0.015678	3.147191
69.651830	3474.620341	19.596135	-0.015669	3.145125
69.755626	3469.639416	19.601139	-0.015693	3.143114
69.594398	3464.505101	19.606144	-0.015654	3.141009
69.621293	3459.353849	19.611149	-0.015660	3.138917
69.636040	3454.212439	19.616154	-0.015663	3.136827
69.602672	3449.152122	19.621159	-0.015654	3.134763
69.607664	3444.148125	19.626163	-0.015655	3.132724
69.450420	3439.007761	19.631168	-0.015617	3.130611
69.333913	3433.442794	19.636173	-0.015589	3.128327
69.444047	3428.205216	19.641178	-0.015615	3.126201
69.474123	3423.242336	19.646183	-0.015621	3.124177
69.280656	3418.191143	19.651187	-0.015575	3.122089
69.126593	3413.066887	19.656192	-0.015537	3.119976
69.082628	3407.882103	19.661197	-0.015526	3.117848
69.199695	3402.725529	19.666202	-0.015554	3.115749
69.128373	3397.843155	19.671207	-0.015536	3.113739
69.252530	3392.626665	19.676211	-0.015565	3.111613
68.982905	3387.384702	19.681216	-0.015500	3.109431
69.023600	3382.118036	19.686221	-0.015510	3.107272
69.073854	3377.052785	19.691226	-0.015521	3.105195
69.146673	3372.040007	19.696231	-0.015538	3.103142
68.990783	3366.932666	19.701235	-0.015500	3.101022
69.123754	3361.733303	19.706240	-0.015532	3.098895
68.813149	3356.649657	19.711245	-0.015457	3.096764
68.828120	3351.694556	19.716250	-0.015460	3.094722
68.826448	3346.611249	19.721255	-0.015459	3.092624
68.756047	3341.373749	19.726259	-0.015442	3.090452
68.672113	3335.956479	19.731264	-0.015421	3.088204
68.635969	3330.809778	19.736269	-0.015412	3.086071
68.577466	3325.935298	19.741274	-0.015398	3.084046
68.525803	3320.775035	19.746279	-0.015385	3.081903
68.516903	3315.607932	19.751283	-0.015382	3.079760
68.622537	3310.392823	19.756288	-0.015407	3.077610
68.544042	3305.298262	19.761293	-0.015388	3.075486
68.418059	3300.417427	19.766298	-0.015357	3.073444
68.457534	3295.219448	19.771303	-0.015366	3.071289
68.366340	3289.895136	19.776307	-0.015344	3.069063
68.371631	3284.709637	19.781312	-0.015345	3.066906
68.210256	3279.757373	19.786317	-0.015306	3.064824
68.264189	3274.697196	19.791322	-0.015318	3.062722
68.211589	3269.534939	19.796327	-0.015305	3.060563
68.078463	3264.401212	19.801331	-0.015273	3.058404
67.982392	3259.255523	19.806336	-0.015249	3.056244
68.073050	3254.366420	19.811341	-0.015270	3.054211
68.077535	3249.233891	19.816346	-0.015271	3.052065
68.018941	3243.813266	19.821351	-0.015256	3.049789
67.909445	3238.577205	19.826355	-0.015230	3.047583
67.801203	3233.528543	19.831360	-0.015203	3.045455
67.928227	3228.481145	19.836365	-0.015233	3.043353
67.973410	3223.330871	19.841370	-0.015244	3.041196
67.718611	3218.194547	19.846375	-0.015182	3.039009
67.765905	3213.002026	19.851379	-0.015193	3.036832
67.654474	3208.106578	19.856384	-0.015166	3.034759
67.664971	3203.011769	19.861389	-0.015168	3.032616
67.566732	3197.764574	19.866394	-0.015144	3.030394
67.576730	3192.441064	19.871399	-0.015146	3.028151
67.506541	3187.371300	19.876403	-0.015129	3.026004
67.517771	3182.411501	19.881408	-0.015131	3.023912
67.461973	3177.277587	19.886413	-0.015117	3.021736
67.449164	3172.121928	19.891418	-0.015113	3.019555
67.461315	3166.887677	19.896423	-0.015116	3.017343
67.359216	3161.961673	19.901427	-0.015091	3.015245
67.405012	3156.899949	19.906432	-0.015101	3.013106
67.376257	3151.629595	19.911437	-0.015094	3.010868
67.170714	3146.283169	19.916442	-0.015044	3.008575
67.148987	3141.127583	19.921447	-0.015039	3.006383
67.161491	3136.251025	19.926451	-0.015041	3.004313
67.057377	3131.099762	19.931456	-0.015016	3.002110
67.048415	3125.920861	19.936461	-0.015013	2.999905
67.107928	3120.746806	19.941466	-0.015027	2.997709
67.030395	3115.747356	19.946471	-0.015008	2.995569
67.007967	3110.624576	19.951475	-0.015002	2.993382
66.983372	3105.370143	19.956480	-0.014996	2.991137
66.761445	3100.095542	19.961485	-0.014942	2.988857
66.821685	3094.916184	19.966490	-0.014956	2.986651
66.887603	3090.017007	19.971495	-0.014971	2.984563
66.756862	3084.914140	19.976499	-0.014940	2.982363
66.904639	3079.686735	19.981504	-0.014975	2.980142
66.754404	3074.591992	19.986509	-0.014938	2.977940
66.540866	3069.645045	19.991514	-0.014887	2.975792
66.550064	3064.599534	19.996519	-0.014888	2.973627
66.462266	3059.433613	20.001523	-0.014867	2.971397
66.389145	3054.015521	20.006528	-0.014849	2.969059
66.455116	3048.820113	20.011533	-0.014864	2.966831
66.209638	3043.961346	20.016538	-0.014805	2.964709
66.345266	3038.681138	20.021543	-0.014837	2.962451
66.389798	3033.499043	20.026547	-0.014847	2.960221
66.325665	3028.351283	20.031552	-0.014831	2.957992
66.275556	3023.350825	20.036557	-0.014819	2.955826
66.338138	3018.326747	20.041562	-0.014833	2.953663
66.236251	3013.124831	20.046567	-0.014808	2.951400
66.227357	3007.754578	20.051571	-0.014806	2.949075
66.119410	3002.654793	20.056576	-0.014779	2.946852
65.950802	2997.766414	20.061581	-0.014739	2.944712
66.060225	2992.589423	20.066586	-0.014764	2.942480
66.071248	2987.398634	20.071591	-0.014767	2.940227
65.977971	2982.279932	20.076595	-0.014744	2.937992
65.990570	2977.275331	20.081600	-0.014746	2.935817
65.954471	2972.225356	20.086605	-0.014737	2.933615
66.039210	2966.949398	20.091610	-0.014757	2.931329
65.810474	2961.627631	20.096615	-0.014702	2.928980
65.681270	2956.558409	20.101619	-0.014670	2.926753
65.715740	2951.555219	20.106624	-0.014678	2.924574
65.706389	2946.396221	20.111629	-0.014675	2.922319
65.588986	2941.251745	20.116634	-0.014647	2.920055
65.578413	2936.085405	20.121639	-0.014644	2.917794
65.402023	2931.201291	20.126643	-0.014601	2.915633
65.338716	2926.133577	20.131648	-0.014586	2.913404
65.408317	2920.817763	20.136653	-0.014602	2.911082
65.361977	2915.536195	20.141658	-0.014590	2.908759
65.376195	2910.472956	20.146663	-0.014593	2.906537
65.445474	2905.477846	20.151667	-0.014609	2.904350
65.393756	2900.301626	20.156672	-0.014596	2.902067
65.390680	2895.076392	20.161677	-0.014595	2.899766
65.376270	2889.945725	20.166682	-0.014591	2.897504
65.340828	2885.043192	20.171687	-0.014582	2.895338
65.182727	2879.959320	20.176691	-0.014544	2.893074
65.092758	2874.562161	20.181696	-0.014522	2.890679
65.074789	2869.298973	20.186701	-0.014517	2.888351
64.952863	2864.330653	20.191706	-0.014488	2.886138
64.963620	2859.221805	20.196711	-0.014490	2.883878
64.841235	2854.132496	20.201715	-0.014460	2.881608
64.743935	2848.962514	20.206720	-0.014436	2.879303
64.704987	2843.842299	20.211725	-0.014426	2.877026
64.668424	2838.925759	20.216730	-0.014417	2.874838
64.669168	2833.736632	20.221735	-0.014417	2.872532
64.706245	2828.345291	20.226739	-0.014425	2.870139
64.837274	2823.159537	20.231744	-0.014456	2.867848
64.664974	2818.245852	20.236749	-0.014414	2.865637
64.584959	2813.138254	20.241754	-0.014395	2.863349
64.519562	2808.001122	20.246759	-0.014379	2.861048
64.530217	2802.800470	20.251763	-0.014381	2.858728
64.515569	2797.839094	20.256768	-0.014377	2.856508
64.380126	2792.831828	20.261773	-0.014344	2.854251
64.273155	2787.605503	20.266778	-0.014318	2.851898
64.266746	2782.191751	20.271783	-0.014316	2.849472
64.204168	2777.080977	20.276787	-0.014300	2.847172
64.285289	2772.117892	20.281792	-0.014319	2.844956
64.242677	2766.903079	20.286797	-0.014309	2.842608
64.328842	2761.708932	20.291802	-0.014329	2.840285
64.151628	2756.581804	20.296807	-0.014286	2.837956
64.151921	2751.664678	20.301811	-0.014285	2.835742
64.161526	2746.516599	20.306816	-0.014287	2.833424
63.983454	2741.219618	20.311821	-0.014244	2.831012
63.955709	2736.030285	20.316826	-0.014237	2.828666
63.974362	2730.991905	20.321831	-0.014241	2.826393
63.868405	2725.995658	20.326835	-0.014215	2.824121
63.699111	2720.848310	20.331840	-0.014174	2.821770
63.680906	2715.695939	20.336845	-0.014169	2.819434
63.741515	2710.628585	20.341850	-0.014183	2.817146
63.784590	2705.602834	20.346855	-0.014193	2.814873
63.768448	2700.388892	20.351859	-0.014189	2.812504
63.632707	2694.990038	20.356864	-0.014156	2.810033
63.665030	2689.803036	20.361869	-0.014163	2.807679
63.541945	2684.942694	20.366874	-0.014133	2.805451
63.625241	2679.732621	20.371879	-0.014153	2.803090
63.580828	2674.571528	20.376883	-0.014142	2.800731
63.590741	2669.406930	20.381888	-0.014143	2.798377
63.420264	2664.500372	20.386893	-0.014102	2.796114
63.411079	2659.409384	20.391898	-0.014100	2.793786
63.418811	2654.054223	20.396903	-0.014101	2.791338
63.259950	2648.904513	20.401907	-0.014062	2.788960
63.381193	2643.815143	20.406912	-0.014091	2.786645
63.119530	2638.791178	20.411917	-0.014028	2.784306
63.160030	2633.646477	20.416922	-0.014037	2.781950
62.978321	2628.473594	20.421927	-0.013993	2.779550
63.071390	2623.423887	20.426931	-0.014015	2.777241
62.996046	2618.433151	20.431936	-0.013996	2.774935
62.852648	2613.218097	20.436941	-0.013962	2.772514
62.850660	2607.869430	20.441946	-0.013961	2.770049
62.815877	2602.711194	20.446951	-0.013952	2.767665
62.732723	2597.784093	20.451955	-0.013932	2.765379
62.701173	2592.651873	20.456960	-0.013923	2.763004
62.759348	2587.404203	20.461965	-0.013937	2.760585
62.715232	2582.333877	20.466970	-0.013926	2.758233
62.649808	2577.439312	20.471975	-0.013910	2.755956
62.664346	2572.257042	20.476979	-0.013913	2.753556
62.535226	2566.942616	20.481984	-0.013881	2.751072
62.568612	2561.748453	20.486989	-0.013889	2.748664
62.501413	2556.791634	20.491994	-0.013872	2.746351
62.485450	2551.669421	20.496999	-0.013868	2.743966
62.520235	2546.535816	20.502003	-0.013876	2.741580
62.489193	2541.342658	20.507008	-0.013868	2.739156
62.436973	2536.383238	20.512013	-0.013855	2.736835
62.292315	2531.382874	20.517018	-0.013820	2.734480
62.228462	2525.941923	20.522023	-0.013804	2.731929
62.235298	2520.649698	20.527027	-0.013805	2.729455
62.207425	2515.659330	20.532032	-0.013798	2.727115
62.042289	2510.626522	20.537037	-0.013758	2.724734
61.958056	2505.522003	20.542042	-0.013738	2.722328
61.951012	2500.315079	20.547047	-0.013735	2.719883
61.875699	2495.310052	20.552051	-0.013717	2.717522
61.855236	2490.249120	20.557056	-0.013712	2.715139
61.806211	2485.028812	20.562061	-0.013699	2.712676
61.794017	2479.771052	20.567066	-0.013696	2.710197
61.795522	2474.658279	20.572071	-0.013696	2.707787
61.860144	2469.642816	20.577075	-0.013711	2.705430
61.737195	2464.522341	20.582080	-0.013681	2.702994
61.588780	2459.360086	20.587085	-0.013645	2.700533
61.624064	2454.269246	20.592090	-0.013653	2.698129
61.559632	2449.342817	20.597095	-0.013637	2.695787
61.480514	2444.128195	20.602099	-0.013618	2.693304
61.516642	2438.698800	20.607104	-0.013626	2.690733
61.570619	2433.564234	20.612109	-0.013638	2.688303
61.526999	2428.621347	20.617114	-0.013627	2.685947
61.390425	2423.478036	20.622119	-0.013594	2.683481
61.423174	2418.271281	20.627123	-0.013601	2.681006
61.464972	2413.133360	20.632128	-0.013611	2.678564
61.419872	2408.155277	20.637133	-0.013600	2.676183
61.312777	2403.014796	20.642138	-0.013574	2.673713
61.249093	2397.677260	20.647143	-0.013558	2.671153
61.129662	2392.582261	20.652147	-0.013529	2.668698
61.187814	2387.621968	20.657152	-0.013542	2.666332
60.984171	2382.531211	20.662157	-0.013493	2.663862
60.836845	2377.400219	20.667162	-0.013457	2.661380
60.789303	2372.261347	20.672167	-0.013446	2.658906
60.948240	2367.304190	20.677171	-0.013483	2.656547
60.853633	2362.169516	20.682176	-0.013460	2.654063
60.700191	2356.686196	20.687181	-0.013423	2.651401
60.639505	2351.590448	20.692186	-0.013408	2.648936
60.576655	2346.645688	20.697191	-0.013392	2.646542
60.739940	2341.460804	20.702195	-0.013431	2.644062
60.747756	2336.273467	20.707200	-0.013432	2.641557
60.658954	2331.144667	20.712205	-0.013411	2.639063
60.578962	2326.242688	20.717210	-0.013391	2.636677
60.526890	2321.072020	20.722215	-0.013378	2.634164
60.508489	2315.711421	20.727219	-0.013373	2.631561
60.432980	2310.566675	20.732224	-0.013355	2.629051
60.303747	2305.639746	20.737229	-0.013323	2.626638
60.251961	2300.507737	20.742234	-0.013310	2.624133
60.344819	2295.275580	20.747239	-0.013332	2.621599
60.378200	2290.175763	20.752243	-0.013340	2.619119
60.280034	2285.256584	20.757248	-0.013316	2.616704
60.271015	2280.054639	20.762253	-0.013313	2.614162
60.135326	2274.676921	20.767258	-0.013280	2.611513
60.122827	2269.535500	20.772263	-0.013277	2.608996
59.979244	2264.616323	20.777267	-0.013242	2.606565
59.965238	2259.468592	20.782272	-0.013238	2.604039
59.875437	2254.286460	20.787277	-0.013216	2.601483
59.857388	2249.205943	20.792282	-0.013211	2.598985
59.842406	2244.224263	20.797287	-0.013207	2.596533
59.723254	2239.080484	20.802291	-0.013178	2.593984
59.689237	2233.744971	20.807296	-0.013169	2.591350
59.640100	2228.659688	20.812301	-0.013157	2.588835
59.562992	2223.720731	20.817306	-0.013138	2.586385
59.638560	2218.547856	20.822311	-0.013156	2.583841
59.707018	2213.288204	20.827315	-0.013172	2.581250
59.573804	2208.278651	20.832320	-0.013139	2.578750
59.649424	2203.234606	20.837325	-0.013157	2.576262
59.642445	2198.004415	20.842330	-0.013155	2.573667
59.499546	2192.711715	20.847335	-0.013120	2.571017
59.313677	2187.725026	20.852339	-0.013075	2.568510
59.269384	2182.702780	20.857344	-0.013064	2.566005
59.311985	2177.491349	20.862349	-0.013074	2.563416
59.245806	2172.331249	20.867354	-0.013058	2.560833
59.083182	2167.368132	20.872359	-0.013018	2.558332
59.096493	2162.302819	20.877363	-0.013021	2.555804
59.081444	2157.002882	20.882368	-0.013017	2.553151
59.028247	2151.775114	20.887373	-0.013004	2.550527
59.004144	2146.805335	20.892378	-0.012997	2.548033
58.799921	2141.750572	20.897383	-0.012948	2.545466
58.882075	2136.567925	20.902387	-0.012967	2.542877
58.851204	2131.391358	20.907392	-0.012959	2.540271
58.824429	2126.435954	20.912397	-0.012953	2.537774
58.827779	2121.287095	20.917402	-0.012953	2.535182
58.709368	2115.873908	20.922407	-0.012924	2.532434
58.684927	2110.681140	20.927411	-0.012918	2.529810
58.562218	2105.784644	20.932416	-0.012888	2.527318
58.605337	2100.606433	20.937421	-0.012898	2.524706
58.724824	2095.415994	20.942426	-0.012926	2.522098
58.489796	2090.337011	20.947431	-0.012869	2.519487
58.488161	2085.396966	20.952435	-0.012868	2.516981
58.324008	2080.216762	20.957440	-0.012829	2.514325
58.456113	2074.857554	20.962445	-0.012860	2.511622
58.425564	2069.797822	20.967450	-0.012852	2.509043
58.387319	2064.786444	20.972455	-0.012842	2.506484
58.201440	2059.680532	20.977459	-0.012797	2.503852
58.091706	2054.558504	20.982464	-0.012771	2.501220
58.085308	2049.529108	20.987469	-0.012769	2.498649
58.132421	2044.451285	20.992474	-0.012779	2.496060
58.082051	2039.081234	20.997479	-0.012767	2.493302
57.864145	2033.825458	21.002483	-0.012714	2.490574
57.916621	2028.855998	21.007488	-0.012726	2.488032
57.727661	2023.764410	21.012493	-0.012681	2.485386
57.860908	2018.575821	21.017498	-0.012712	2.482740
57.841805	2013.426682	21.022503	-0.012707	2.480086
57.696887	2008.504085	21.027507	-0.012672	2.477527
57.738341	2003.291200	21.032512	-0.012681	2.474844
57.671049	1997.977798	21.037517	-0.012665	2.472090
57.717261	1992.909133	21.042522	-0.012675	2.469477
57.633544	1987.881991	21.047527	-0.012655	2.466862
57.600681	1982.743396	21.052531	-0.012646	2.464194
57.576099	1977.588231	21.057536	-0.012640	2.461517
57.478189	1972.609538	21.062541	-0.012616	2.458916
57.571734	1967.503431	21.067546	-0.012638	2.456277
57.473566	1962.163094	21.072551	-0.012614	2.453483
57.363919	1956.976268	21.077555	-0.012587	2.450763
57.191715	1952.024050	21.082560	-0.012546	2.448152
57.274451	1946.838963	21.087565	-0.012565	2.445459
57.313546	1941.649974	21.092570	-0.012574	2.442754
57.363284	1936.520015	21.097575	-0.012585	2.440078
57.168463	1931.595953	21.102579	-0.012538	2.437467
57.041175	1926.409040	21.107584	-0.012507	2.434726
57.061258	1921.100476	21.112589	-0.012512	2.431943
57.040214	1916.092967	21.117594	-0.012506	2.429308
56.909967	1911.069578	21.122599	-0.012474	2.426644
56.817188	1905.916434	21.127603	-0.012452	2.423914
56.775275	1900.750136	21.132608	-0.012441	2.421183
56.655319	1895.840138	21.137613	-0.012412	2.418572
56.686455	1890.706808	21.142618	-0.012419	2.415864
56.527623	1885.318674	21.147623	-0.012381	2.412987
56.516192	1880.210644	21.152627	-0.012377	2.410280
56.676492	1875.141146	21.157632	-0.012415	2.407618
56.507760	1869.991670	21.162637	-0.012374	2.404857
56.506178	1864.847567	21.167642	-0.012374	2.402122
56.626265	1859.754659	21.172647	-0.012402	2.399433
56.403728	1854.726695	21.177651	-0.012348	2.396717
56.425345	1849.431479	21.182656	-0.012353	2.393897
56.371808	1844.240236	21.187661	-0.012339	2.391117
56.292234	1839.297698	21.192666	-0.012320	2.388461
56.194058	1834.204495	21.197671	-0.012296	2.385719
56.165121	1829.023591	21.202675	-0.012289	2.382939
56.151281	1823.949833	21.207680	-0.012285	2.380215
55.955367	1818.978944	21.212685	-0.012238	2.377513
56.054843	1813.667186	21.217690	-0.012261	2.374674
55.997882	1808.390572	21.222695	-0.012247	2.371824
55.910378	1803.412900	21.227699	-0.012225	2.369127
55.817166	1798.338077	21.232704	-0.012203	2.366373
55.794990	1793.117780	21.237709	-0.012197	2.363550
55.776885	1787.995041	21.242714	-0.012192	2.360777
55.723007	1783.041588	21.247719	-0.012179	2.358086
55.456405	1777.892486	21.252723	-0.012114	2.355249
55.599694	1772.549507	21.257728	-0.012148	2.352374
55.343516	1767.594191	21.262733	-0.012086	2.349637
55.598675	1762.463869	21.267738	-0.012147	2.346891
55.318132	1757.359707	21.272743	-0.012079	2.344062
55.361865	1752.199814	21.277747	-0.012089	2.341256
55.417833	1747.245354	21.282752	-0.012102	2.338561
55.380816	1742.021428	21.287757	-0.012093	2.335700
55.489962	1736.610946	21.292762	-0.012118	2.332758
55.418130	1731.569183	21.297767	-0.012101	2.329983
55.348873	1726.513305	21.302771	-0.012084	2.327198
55.164181	1721.381172	21.307776	-0.012039	2.324346
55.168958	1716.193073	21.312781	-0.012040	2.321494
55.065953	1711.300608	21.317786	-0.012015	2.318783
55.055649	1706.085912	21.322791	-0.012012	2.315906
54.939595	1700.798822	21.327795	-0.011983	2.312968
54.837668	1695.783591	21.332800	-0.011959	2.310178
54.588224	1690.802642	21.337805	-0.011899	2.307378
54.686559	1685.621624	21.342810	-0.011922	2.304525
54.639900	1680.469048	21.347815	-0.011910	2.301659
54.634232	1675.527742	21.352819	-0.011908	2.298914
54.671455	1670.301051	21.357824	-0.011916	2.296015
54.605706	1664.952637	21.362829	-0.011900	2.293026
54.666336	1659.898296	21.367834	-0.011914	2.290219
54.595373	1654.822573	21.372839	-0.011897	2.287373
54.541889	1649.638704	21.377843	-0.011884	2.284467
54.378879	1644.538281	21.382848	-0.011844	2.281584
54.521790	1639.544109	21.387853	-0.011878	2.278812
54.387531	1634.386320	21.392858	-0.011845	2.275894
54.168985	1629.136308	21.397863	-0.011792	2.272906
54.159545	1624.126863	21.402867	-0.011790	2.270087
54.203357	1619.042455	21.407872	-0.011800	2.267232
54.057108	1613.881616	21.412877	-0.011764	2.264296
54.199640	1608.745660	21.417882	-0.011798	2.261423
53.919194	1603.854918	21.422887	-0.011730	2.258607
54.179033	1598.485712	21.427891	-0.011792	2.255616
53.986114	1593.242598	21.432896	-0.011745	2.252609
53.868064	1588.242183	21.437901	-0.011717	2.249750
53.671473	1583.176420	21.442906	-0.011669	2.246836
53.736928	1577.971095	21.447911	-0.011684	2.243887
53.626145	1572.913168	21.452915	-0.011657	2.240985
53.709998	1567.884947	21.457920	-0.011677	2.238132
53.506751	1562.639571	21.462925	-0.011628	2.235099
53.589599	1557.399233	21.467930	-0.011647	2.232117
53.412290	1552.468428	21.472935	-0.011604	2.229260
53.448501	1547.300917	21.477939	-0.011612	2.226304
53.385078	1542.160361	21.482944	-0.011597	2.223341
53.313090	1537.153205	21.487949	-0.011579	2.220448
53.272498	1532.093910	21.492954	-0.011569	2.217528
53.263009	1526.679672	21.497959	-0.011566	2.214405
53.272967	1521.542105	21.502963	-0.011568	2.211441
53.138037	1516.553543	21.507968	-0.011535	2.208533
53.089740	1511.390361	21.512973	-0.011523	2.205535
53.173157	1506.210721	21.517978	-0.011543	2.202549
52.929917	1501.312696	21.522983	-0.011484	2.199660
52.873369	1496.127707	21.527987	-0.011470	2.196636
52.917658	1490.822936	21.532992	-0.011480	2.193557
52.910835	1485.770303	21.537997	-0.011478	2.190611
52.838913	1480.748642	21.543002	-0.011460	2.187667
52.764606	1475.606423	21.548007	-0.011442	2.184648
52.838740	1470.422894	21.553011	-0.011459	2.181629
52.760562	1465.457294	21.558016	-0.011440	2.178705
52.725552	1460.119813	21.563021	-0.011431	2.175566
52.528813	1454.948311	21.568026	-0.011384	2.172490
52.418416	1449.974210	21.573031	-0.011357	2.169542
52.452307	1444.806190	21.578035	-0.011365	2.166503
52.414806	1439.662674	21.583040	-0.011355	2.163461
52.392647	1434.650748	21.588045	-0.011349	2.160495
52.298424	1429.565708	21.593050	-0.011326	2.157468
52.149532	1424.264905	21.598055	-0.011290	2.154298
52.117747	1419.211468	21.603059	-0.011282	2.151293
52.243869	1414.084451	21.608064	-0.011312	2.148271
52.121076	1408.954724	21.613069	-0.011282	2.145194
52.070769	1403.876183	21.618074	-0.011269	2.142158
51.984446	1398.876294	21.623079	-0.011248	2.139157
52.050598	1393.566900	21.628083	-0.011264	2.135997
52.041711	1388.313680	21.633088	-0.011261	2.132851
51.982058	1383.342539	21.638093	-0.011246	2.129860
51.785768	1378.235455	21.643098	-0.011199	2.126756
51.745032	1373.084794	21.648103	-0.011189	2.123652
51.644326	1368.100051	21.653107	-0.011164	2.120631
51.682765	1362.971874	21.658112	-0.011173	2.117547
51.519333	1357.668300	21.663117	-0.011133	2.114313
51.458356	1352.665274	21.668122	-0.011118	2.111275
51.467193	1347.579753	21.673127	-0.011120	2.108198
51.459267	1342.387050	21.678131	-0.011117	2.105047
51.491673	1337.302850	21.683136	-0.011125	2.101966
51.397372	1332.313282	21.688141	-0.011102	2.098912
51.182912	1327.046251	21.693146	-0.011050	2.095661
51.131341	1321.859293	21.698151	-0.011037	2.092486
51.135958	1316.847788	21.703155	-0.011038	2.089425
51.172323	1311.677362	21.708160	-0.011046	2.086269
51.069546	1306.496591	21.713165	-0.011021	2.083073
50.989796	1301.560462	21.718170	-0.011001	2.080027
50.922929	1296.336526	21.723175	-0.010985	2.076803
50.895082	1291.118471	21.728179	-0.010978	2.073585
50.939604	1286.109720	21.733184	-0.010988	2.070506
50.764007	1280.992606	21.738189	-0.010945	2.067310
50.713772	1275.858376	21.743194	-0.010933	2.064124
50.730467	1270.835574	21.748199	-0.010936	2.061017
50.697590	1265.706017	21.753203	-0.010928	2.057828
50.765704	1260.280040	21.758208	-0.010944	2.054471
50.610474	1255.284893	21.763213	-0.010906	2.051330
50.551079	1250.224639	21.768218	-0.010892	2.048164
50.312428	1245.114361	21.773223	-0.010834	2.044924
50.448521	1240.030264	21.778227	-0.010866	2.041774
50.404511	1234.961223	21.783232	-0.010855	2.038591
50.141697	1229.708544	21.788237	-0.010792	2.035241
50.242946	1224.639281	21.793242	-0.010816	2.032078
50.062659	1219.628900	21.798247	-0.010772	2.028888
49.969335	1214.459464	21.803251	-0.010749	2.025611
50.112175	1209.330244	21.808256	-0.010783	2.022403
49.858831	1204.363771	21.813261	-0.010722	2.019210
49.964977	1198.970208	21.818266	-0.010747	2.015817
49.981596	1193.810486	21.823271	-0.010750	2.012548
49.820720	1188.835456	21.828275	-0.010711	2.009353
49.765113	1183.683553	21.833280	-0.010697	2.006063
49.750108	1178.575523	21.838285	-0.010693	2.002804
49.752186	1173.552684	21.843290	-0.010693	1.999598
49.720057	1168.240765	21.848295	-0.010685	1.996194
49.599306	1163.130205	21.853299	-0.010656	1.992895
49.503406	1158.125880	21.858304	-0.010632	1.989663
49.544421	1152.953854	21.863309	-0.010642	1.986349
49.354984	1147.912134	21.868314	-0.010596	1.983062
49.375930	1142.877659	21.873319	-0.010600	1.979821
49.362386	1137.548288	21.878323	-0.010597	1.976376
49.197246	1132.445104	21.883328	-0.010557	1.973038
49.380947	1127.324960	21.888333	-0.010600	1.969760
49.163986	1122.236295	21.893338	-0.010548	1.966410
49.112191	1117.153354	21.898343	-0.010535	1.963093
49.064822	1112.122808	21.903347	-0.010523	1.959806
49.036909	1106.852764	21.908352	-0.010516	1.956361
48.869504	1101.764858	21.913357	-0.010475	1.952999
48.841830	1096.748712	21.918362	-0.010468	1.949709
48.706038	1091.599981	21.923367	-0.010435	1.946302
48.687176	1086.525742	21.928371	-0.010430	1.942964
48.646287	1081.508875	21.933376	-0.010420	1.939653
48.472162	1076.237415	21.938381	-0.010378	1.936140
48.525704	1071.132094	21.943386	-0.010390	1.932780
48.561020	1066.038669	21.948391	-0.010398	1.929418
48.471632	1060.882905	21.953395	-0.010376	1.925981
48.394478	1055.866183	21.958400	-0.010358	1.922633
48.338707	1050.755136	21.963405	-0.010344	1.919221
48.229815	1045.499093	21.968410	-0.010317	1.915694
48.310716	1040.419609	21.973415	-0.010336	1.912322
48.141110	1035.367093	21.978419	-0.010295	1.908905
48.079558	1030.215567	21.983424	-0.010280	1.905440
48.103352	1025.173832	21.988429	-0.010285	1.902062
47.993225	1020.028770	21.993434	-0.010258	1.898578
47.937513	1014.743561	21.998439	-0.010244	1.895005
47.807895	1009.755658	22.003443	-0.010213	1.891609
47.722343	1004.648863	22.008448	-0.010192	1.888137
47.721915	999.472976	22.013453	-0.010191	1.884632
47.718464	994.487700	22.018458	-0.010190	1.881248
47.647555	989.259154	22.023463	-0.010173	1.877678
47.505883	984.109237	22.028467	-0.010138	1.874137
47.566320	979.059956	22.033472	-0.010152	1.870706
47.505363	973.911842	22.038477	-0.010137	1.867173
47.502853	968.831106	22.043482	-0.010136	1.863692
47.451285	963.782639	22.048487	-0.010123	1.860216
47.304562	958.450435	22.053491	-0.010088	1.856516
47.241976	953.394937	22.058496	-0.010072	1.853019
47.037249	948.364557	22.063501	-0.010023	1.849499
47.132371	943.159691	22.068506	-0.010045	1.845922
47.115274	938.123397	22.073511	-0.010041	1.842429
47.051833	932.983687	22.078515	-0.010025	1.838846
46.955973	927.761707	22.083520	-0.010001	1.835192
46.983925	922.731390	22.088525	-0.010008	1.831693
46.954619	917.571118	22.093530	-0.010000	1.828083
46.864562	912.477861	22.098535	-0.009978	1.824498
46.839067	907.468570	22.103539	-0.009972	1.820981
46.777195	902.160751	22.108544	-0.009956	1.817238
46.694766	897.039762	22.113549	-0.009936	1.813614
46.637928	891.997741	22.118554	-0.009922	1.810045
46.494420	886.868386	22.123559	-0.009887	1.806386
46.406759	881.857784	22.128563	-0.009866	1.802817
46.405440	876.696889	22.133568	-0.009865	1.799156
46.278853	871.464481	22.138573	-0.009834	1.795405
46.344245	866.461190	22.143578	-0.009849	1.791857
46.182852	861.358712	22.148583	-0.009810	1.788175
46.092224	856.260116	22.153587	-0.009788	1.784507
46.106238	851.241140	22.158592	-0.009791	1.780913
46.101910	845.864007	22.163597	-0.009790	1.777050
45.960961	840.836524	22.168602	-0.009755	1.773397
45.893011	835.736352	22.173607	-0.009739	1.769701
45.842559	830.581985	22.178611	-0.009726	1.765964
45.825310	825.576818	22.183616	-0.009721	1.762334
45.711078	820.384476	22.188621	-0.009694	1.758537
45.717429	815.199588	22.193626	-0.009695	1.754768
45.624472	810.179283	22.198631	-0.009672	1.751085
45.515178	805.054184	22.203635	-0.009645	1.747314
45.519073	799.998495	22.208640	-0.009646	1.743614
45.435569	794.873234	22.213645	-0.009625	1.739833
45.384682	789.591661	22.218650	-0.009613	1.735937
45.435370	784.524693	22.223655	-0.009624	1.732217
45.230050	779.444286	22.228659	-0.009575	1.728413
45.252145	774.334066	22.233664	-0.009580	1.724637
45.235604	769.269118	22.238669	-0.009575	1.720876
45.044406	764.039623	22.243674	-0.009529	1.716940
45.060769	758.982465	22.248679	-0.009532	1.713176
44.709991	753.965420	22.253683	-0.009448	1.709340
44.846326	748.807845	22.258688	-0.009480	1.705515
44.720332	743.822446	22.263693	-0.009450	1.701744
44.751235	738.456590	22.268698	-0.009456	1.697718
44.664487	733.377648	22.273703	-0.009435	1.693869
44.514376	728.315898	22.278707	-0.009399	1.690007
44.647985	723.121076	22.283712	-0.009430	1.686110
44.541502	718.145221	22.288717	-0.009404	1.682307
44.559607	712.869844	22.293722	-0.009408	1.678300
44.416165	707.793203	22.298727	-0.009373	1.674393
44.333346	702.719613	22.303731	-0.009353	1.670495
44.291806	697.577071	22.308736	-0.009343	1.666545
44.390935	692.546722	22.313741	-0.009366	1.662710
44.224045	687.321711	22.318746	-0.009326	1.658646
44.168439	682.172990	22.323751	-0.009312	1.654660
44.100775	677.105027	22.328755	-0.009295	1.650723
44.013265	671.983062	22.333760	-0.009274	1.646730
43.821563	667.030764	22.338765	-0.009227	1.642831
43.913584	661.750092	22.343770	-0.009249	1.638744
43.861127	656.638875	22.348775	-0.009236	1.634739
43.717626	651.617265	22.353779	-0.009201	1.630771
43.624476	646.479633	22.358784	-0.009178	1.626715
43.588180	641.466572	22.363789	-0.009169	1.622762
43.581566	636.160979	22.368794	-0.009167	1.618577
43.559723	631.054463	22.373799	-0.009161	1.614535
43.214255	626.056432	22.378803	-0.009078	1.610479
43.379123	620.873506	22.383808	-0.009117	1.606407
43.201211	615.864964	22.388813	-0.009074	1.602369
43.139993	610.612636	22.393818	-0.009059	1.598158
43.075296	605.558463	22.398823	-0.009043	1.594094
42.889316	600.507263	22.403827	-0.008998	1.589988
42.993651	595.362444	22.408832	-0.009023	1.585877
43.075685	590.245559	22.413837	-0.009042	1.581772
43.086022	584.910353	22.418842	-0.009044	1.577459
42.772520	579.987983	22.423847	-0.008968	1.573378
42.836223	574.811643	22.428851	-0.008983	1.569186
42.809707	569.739062	22.433856	-0.008976	1.565042
42.754413	564.614474	22.438861	-0.008963	1.560837
42.631207	559.445720	22.443866	-0.008933	1.556564
42.514832	554.439848	22.448871	-0.008904	1.552416
42.484680	549.276211	22.453875	-0.008897	1.548151
42.323917	544.306449	22.458880	-0.008858	1.543997
42.297368	539.041029	22.463885	-0.008851	1.539626
42.186601	533.920979	22.468890	-0.008824	1.535338
42.052959	528.863760	22.473895	-0.008791	1.531084
41.960410	523.755600	22.478899	-0.008769	1.526788
42.045773	518.679866	22.483904	-0.008789	1.522559
41.882237	513.447998	22.488909	-0.008749	1.518113
41.911453	508.407165	22.493914	-0.008756	1.513873
41.942820	503.227319	22.498919	-0.008763	1.509504
41.719640	498.243005	22.503923	-0.008709	1.505212
41.699514	493.067248	22.508928	-0.008703	1.500806
41.620879	487.863277	22.513933	-0.008684	1.496345
41.561892	482.815619	22.518938	-0.008670	1.492010
41.354440	477.732043	22.523943	-0.008620	1.487587
41.444701	472.668513	22.528947	-0.008641	1.483258
41.266128	467.466940	22.533952	-0.008597	1.478716
41.256740	462.402258	22.538957	-0.008595	1.474330
41.160275	457.300530	22.543962	-0.008571	1.469872
41.227466	452.194124	22.548967	-0.008587	1.465446
41.221538	447.008694	22.553971	-0.008585	1.460916
41.128895	441.832548	22.558976	-0.008562	1.456353
41.103104	436.759451	22.563981	-0.008556	1.451886
40.940348	431.667560	22.568986	-0.008516	1.447347
40.814317	426.657480	22.573991	-0.008486	1.442878
40.712056	421.422399	22.578995	-0.008461	1.438202
40.515084	416.457349	22.584000	-0.008413	1.433721
40.394995	411.324811	22.589005	-0.008384	1.429101
40.306395	406.327341	22.594010	-0.008362	1.424597
40.240098	401.089662	22.599015	-0.008346	1.419870
40.314261	395.931466	22.604019	-0.008363	1.415244
40.247141	390.839663	22.609024	-0.008347	1.410617
40.150299	385.763816	22.614029	-0.008323	1.405980
40.232376	380.587869	22.619034	-0.008342	1.401295
40.132433	375.455364	22.624039	-0.008318	1.396574
40.073995	370.380361	22.629043	-0.008303	1.391903
39.866149	365.340346	22.634048	-0.008253	1.387200
39.839664	360.229379	22.639053	-0.008246	1.382475
39.754672	354.988700	22.644058	-0.008225	1.377595
39.617135	349.971980	22.649063	-0.008192	1.372888
39.462503	344.874922	22.654067	-0.008155	1.368084
39.504392	339.797260	22.659072	-0.008164	1.363346
39.344792	334.606466	22.664077	-0.008125	1.358419
39.363623	329.551174	22.669082	-0.008129	1.353661
39.074553	324.494740	22.674087	-0.008060	1.348782
39.211569	319.407865	22.679091	-0.008092	1.344000
39.212041	314.098171	22.684096	-0.008092	1.338942
39.182789	309.062608	22.689101	-0.008084	1.334117
39.047802	303.936147	22.694106	-0.008052	1.329151
38.856668	298.971393	22.699111	-0.008005	1.324303
38.815580	293.715522	22.704115	-0.007995	1.319207
38.778465	288.695925	22.709120	-0.007986	1.314323
38.606606	283.583448	22.714125	-0.007944	1.309283
38.489254	278.605277	22.719130	-0.007916	1.304374
38.278094	273.420617	22.724135	-0.007865	1.299210
38.338231	268.353652	22.729139	-0.007878	1.294237
38.243458	263.228444	22.734144	-0.007855	1.289133
38.126869	258.194496	22.739149	-0.007827	1.284092
37.987420	253.003281	22.744154	-0.007793	1.278865
38.044913	247.914359	22.749159	-0.007806	1.273790
37.997003	242.792703	22.754163	-0.007794	1.268624
37.908020	237.723077	22.759168	-0.007773	1.263474
37.731612	232.535078	22.764173	-0.007730	1.258152
37.818854	227.411848	22.769178	-0.007750	1.252969
37.579778	222.390011	22.774183	-0.007693	1.247749
37.359598	217.314116	22.779187	-0.007640	1.242458
37.334970	212.171492	22.784192	-0.007633	1.237147
37.250090	207.084810	22.789197	-0.007612	1.231850
37.269902	202.004348	22.794202	-0.007617	1.226575
37.052227	196.843459	22.799207	-0.007564	1.221104
37.159270	191.682645	22.804211	-0.007589	1.215732
37.023382	186.587954	22.809216	-0.007556	1.210313
36.828255	181.591572	22.814221	-0.007509	1.204951
36.735022	176.396952	22.819226	-0.007486	1.199393
36.612649	171.371458	22.824231	-0.007457	1.193979
36.571113	166.244916	22.829235	-0.007446	1.188463
36.514779	161.128519	22.834240	-0.007432	1.182926
36.292339	156.015019	22.839245	-0.007379	1.177302
36.164988	150.963794	22.844250	-0.007348	1.171755
36.052766	145.918188	22.849255	-0.007320	1.166195
36.003111	140.713020	22.854259	-0.007308	1.160457
35.850985	135.701526	22.859264	-0.007271	1.154864
35.718776	130.623990	22.864269	-0.007239	1.149178
35.580666	125.531385	22.869274	-0.007205	1.143444
35.528565	120.362497	22.874279	-0.007193	1.137631
35.607481	115.206433	22.879283	-0.007211	1.131856
35.544517	110.159862	22.884288	-0.007195	1.126117
35.393985	104.982294	22.889293	-0.007159	1.120164
35.215247	99.971508	22.894298	-0.007116	1.114358
35.207137	94.859188	22.899303	-0.007113	1.108476
35.039380	89.738556	22.904307	-0.007073	1.102486
34.829441	84.678847	22.909312	-0.007022	1.096516
34.668301	79.596386	22.914317	-0.006983	1.090507
34.486061	74.564820	22.919322	-0.006939	1.084517
34.183897	69.497988	22.924327	-0.006866	1.078399
34.145674	64.403074	22.929331	-0.006857	1.072327
34.079518	59.349810	22.934336	-0.006840	1.066259
33.907001	54.160021	22.939341	-0.006798	1.059944
33.748897	49.122561	22.944346	-0.006760	1.053783
33.483397	44.110495	22.949351	-0.006696	1.047568
33.429439	38.939200	22.954355	-0.006683	1.041216
33.274905	33.918355	22.959360	-0.006645	1.034965
33.085155	28.862264	22.964365	-0.006600	1.028616
32.814798	23.767542	22.969370	-0.006534	1.022143
32.525918	18.768041	22.974375	-0.006465	1.015740
32.298745	13.732093	22.979379	-0.006410	1.009279
31.883730	8.717094	22.984384	-0.006310	1.002715
31.334173	3.816124	22.989389	-0.006178	0.996192
30.183077	-0.867649	22.994394	-0.005903	0.989623
15.477610	-0.706610	22.999399	-0.002385	0.982893
