Thu Mar 05 20:11:43 2026

Number of Points = 4598
Depth (nm)	Load (µN)	Time (s)	Disp. Voltage(V)	Force Voltage(V)0.000000	4.001495	0.000000	0.001200	0.977955
0.321846	9.045544	0.005005	0.001122	0.984670
0.717379	14.019407	0.010010	0.001027	0.991284
0.836359	19.084856	0.015014	0.000999	0.997842
1.113278	24.135129	0.020019	0.000932	1.004412
1.202768	29.213428	0.025024	0.000910	1.010887
1.319358	34.283531	0.030029	0.000882	1.017324
1.631521	39.336918	0.035034	0.000807	1.023788
1.962328	44.346376	0.040038	0.000728	1.030165
2.281788	49.352289	0.045043	0.000651	1.036493
2.310528	54.459243	0.050048	0.000644	1.042778
2.326091	59.596273	0.055053	0.000640	1.049056
2.608047	64.616173	0.060058	0.000572	1.055271
2.751175	69.668767	0.065062	0.000537	1.061429
2.879456	74.848305	0.070067	0.000506	1.067696
3.016289	79.898519	0.075072	0.000473	1.073777
3.234021	84.886127	0.080077	0.000421	1.079784
3.358353	90.062313	0.085082	0.000391	1.085940
3.466542	95.092076	0.090086	0.000365	1.091883
3.538753	100.174423	0.095091	0.000347	1.097840
3.707673	105.314737	0.100096	0.000306	1.103872
3.963646	110.337272	0.105101	0.000245	1.109772
4.021189	115.438294	0.110106	0.000231	1.115648
4.228392	120.461393	0.115110	0.000181	1.121467
4.338940	125.598953	0.120115	0.000154	1.127346
4.486505	130.654237	0.125120	0.000119	1.133116
4.602828	135.706321	0.130125	0.000090	1.138841
4.830079	140.869782	0.135130	0.000036	1.144706
4.824595	145.942499	0.140134	0.000037	1.150347
5.096448	150.968969	0.145139	-0.000029	1.156020
5.233637	156.028178	0.150144	-0.000062	1.161648
5.383563	161.141685	0.155149	-0.000098	1.167313
5.486569	166.201316	0.160154	-0.000123	1.172874
5.551667	171.290334	0.165158	-0.000139	1.178426
5.787960	176.424742	0.170163	-0.000196	1.184067
5.864859	181.487481	0.175168	-0.000214	1.189542
6.003423	186.574940	0.180173	-0.000248	1.195043
6.147887	191.595209	0.185178	-0.000283	1.200449
6.424228	196.710330	0.190182	-0.000349	1.205981
6.264154	201.840288	0.195187	-0.000311	1.211339
6.516800	206.881456	0.200192	-0.000372	1.216735
6.643910	211.999431	0.205197	-0.000403	1.222141
6.797099	217.133827	0.210202	-0.000440	1.227549
6.776495	222.228436	0.215206	-0.000435	1.232828
6.938379	227.257064	0.220211	-0.000474	1.238084
7.178044	232.374150	0.225216	-0.000532	1.243438
7.279683	237.428276	0.230221	-0.000556	1.248653
7.359518	242.545501	0.235226	-0.000576	1.253903
7.416054	247.593677	0.240230	-0.000589	1.259052
7.584409	252.812403	0.245235	-0.000630	1.264393
7.725038	257.818769	0.250240	-0.000664	1.269488
7.840009	262.935491	0.255245	-0.000692	1.274664
7.918051	267.960139	0.260250	-0.000711	1.279714
8.179616	273.117863	0.265254	-0.000774	1.284942
8.292418	278.132568	0.270259	-0.000801	1.289954
8.415831	283.243559	0.275264	-0.000831	1.295045
8.466894	288.296416	0.280269	-0.000843	1.300034
8.640175	293.461398	0.285274	-0.000885	1.305156
8.719617	298.477371	0.290278	-0.000904	1.310081
8.639142	303.633038	0.295283	-0.000886	1.315067
8.907039	308.613660	0.300288	-0.000950	1.319985
8.974124	313.812816	0.305293	-0.000966	1.325026
9.202117	318.792626	0.310298	-0.001021	1.329893
9.211003	323.935624	0.315302	-0.001024	1.334823
9.284932	328.982377	0.320307	-0.001042	1.339666
9.380047	334.230220	0.325312	-0.001065	1.344689
9.628785	339.174488	0.330317	-0.001124	1.349458
9.695993	344.304817	0.335322	-0.001141	1.354325
9.899441	349.289977	0.340326	-0.001190	1.359083
9.853962	354.571463	0.345331	-0.001179	1.364020
9.897448	359.587188	0.350336	-0.001190	1.368720
9.977469	364.715932	0.355341	-0.001209	1.373521
10.330202	369.648039	0.360346	-0.001294	1.378213
10.354749	374.956547	0.365350	-0.001300	1.383129
10.278090	380.034735	0.370355	-0.001282	1.387783
10.532889	385.085982	0.375360	-0.001344	1.392504
10.711063	390.080409	0.380365	-0.001387	1.397132
10.730454	395.288110	0.385370	-0.001391	1.401888
10.854886	400.354921	0.390374	-0.001422	1.406534
10.981703	405.411082	0.395379	-0.001452	1.411156
11.024569	410.515779	0.400384	-0.001463	1.415779
11.107760	415.639826	0.405389	-0.001483	1.420418
11.306023	420.770754	0.410394	-0.001531	1.425084
11.406665	425.801525	0.415398	-0.001555	1.429615
11.397443	430.943148	0.420403	-0.001553	1.434195
11.526759	435.964151	0.425408	-0.001584	1.438697
11.558448	441.222609	0.430413	-0.001592	1.443365
11.705817	446.205548	0.435418	-0.001628	1.447811
11.828503	451.318209	0.440422	-0.001658	1.452349
12.014314	456.332678	0.445427	-0.001702	1.456807
12.108543	461.546759	0.450432	-0.001725	1.461397
12.198898	466.637113	0.455437	-0.001747	1.465864
12.418500	471.663270	0.460442	-0.001800	1.470301
12.414053	476.792788	0.465446	-0.001799	1.474746
12.469828	481.850026	0.470451	-0.001813	1.479134
12.566853	487.050820	0.475456	-0.001836	1.483644
12.606949	492.057209	0.480461	-0.001846	1.487957
12.718234	497.186387	0.485466	-0.001873	1.492384
12.833950	502.219015	0.490470	-0.001901	1.496717
12.943746	507.408895	0.495475	-0.001928	1.501169
12.952839	512.554863	0.500480	-0.001930	1.505541
13.057296	517.618636	0.505485	-0.001956	1.509858
13.303521	522.666383	0.510490	-0.002015	1.514192
13.261671	527.732808	0.515494	-0.002005	1.518445
13.365590	532.969005	0.520499	-0.002030	1.522870
13.512295	537.955685	0.525504	-0.002066	1.527087
13.611645	543.063563	0.530509	-0.002090	1.531379
13.773834	548.088025	0.535514	-0.002129	1.535609
13.816768	553.265459	0.540518	-0.002140	1.539918
13.892277	558.468722	0.545523	-0.002158	1.544247
13.881530	563.520091	0.550528	-0.002156	1.548413
13.974503	568.644303	0.555533	-0.002178	1.552658
14.103131	573.624731	0.560538	-0.002209	1.556784
14.212351	578.833013	0.565542	-0.002236	1.561079
14.294564	583.914553	0.570547	-0.002256	1.565252
14.254725	589.028948	0.575552	-0.002247	1.569405
14.403308	594.115342	0.580557	-0.002282	1.573578
14.574938	599.109166	0.585562	-0.002324	1.577672
14.711570	604.391478	0.590566	-0.002357	1.581978
14.729680	609.429183	0.595571	-0.002361	1.586042
14.866674	614.524365	0.600576	-0.002395	1.590175
15.000277	619.560056	0.605581	-0.002427	1.594249
15.058206	624.651164	0.610586	-0.002441	1.598336
15.224517	629.868557	0.615590	-0.002481	1.602543
15.185326	634.880551	0.620595	-0.002472	1.606519
15.441403	639.969259	0.625600	-0.002534	1.610627
15.405070	645.065491	0.630605	-0.002525	1.614650
15.650696	650.135399	0.635610	-0.002584	1.618720
15.812532	655.363171	0.640614	-0.002623	1.622881
15.894465	660.345571	0.645619	-0.002643	1.626817
15.889488	665.512111	0.650624	-0.002642	1.630864
15.995552	670.542977	0.655629	-0.002668	1.634825
16.032448	675.670487	0.660634	-0.002677	1.638833
16.236672	680.839173	0.665638	-0.002726	1.642908
16.133255	685.886459	0.670643	-0.002702	1.646797
16.186365	691.035481	0.675648	-0.002715	1.650797
16.321575	696.067018	0.680653	-0.002748	1.654718
16.456804	701.183056	0.685658	-0.002780	1.658695
16.554833	706.419368	0.690662	-0.002804	1.662746
16.514721	711.451351	0.695667	-0.002795	1.666593
16.711051	716.545951	0.700672	-0.002842	1.670542
16.756275	721.601227	0.705677	-0.002853	1.674411
16.859290	726.684814	0.710682	-0.002878	1.678308
16.938987	731.915538	0.715686	-0.002898	1.682302
16.977632	736.916195	0.720691	-0.002907	1.686102
17.196963	741.997673	0.725696	-0.002960	1.690001
17.286471	747.075837	0.730701	-0.002982	1.693855
17.295289	752.182281	0.735706	-0.002984	1.697700
17.297399	757.529896	0.740710	-0.002985	1.701716
17.527279	762.457009	0.745715	-0.003040	1.705466
17.511846	767.603694	0.750720	-0.003037	1.709309
17.673046	772.679530	0.755725	-0.003076	1.713136
17.746902	777.698887	0.760730	-0.003094	1.716890
17.744632	782.987223	0.765734	-0.003093	1.720816
17.832323	788.005667	0.770739	-0.003115	1.724556
17.983264	793.080778	0.775744	-0.003151	1.728346
17.919266	798.246789	0.780749	-0.003136	1.732141
18.150145	803.194709	0.785754	-0.003192	1.735841
18.329036	808.438948	0.790758	-0.003235	1.739737
18.427482	813.536578	0.795763	-0.003259	1.743497
18.481356	818.586454	0.800768	-0.003272	1.747203
18.628996	823.697815	0.805773	-0.003308	1.750969
18.442911	828.806446	0.810778	-0.003263	1.754643
18.626135	833.920499	0.815782	-0.003307	1.758404
18.686271	839.117181	0.820787	-0.003322	1.762186
18.938982	844.058678	0.825792	-0.003383	1.765824
18.996230	849.210219	0.830797	-0.003397	1.769557
18.988087	854.298997	0.835802	-0.003395	1.773221
19.008892	859.388605	0.840806	-0.003401	1.776886
19.039274	864.738761	0.845811	-0.003408	1.780731
19.242006	869.682543	0.850816	-0.003457	1.784320
19.340481	874.765267	0.855821	-0.003481	1.787976
19.379085	879.915541	0.860826	-0.003490	1.791658
19.400767	884.919070	0.865830	-0.003496	1.795223
19.562209	890.096300	0.870835	-0.003535	1.798939
19.705958	895.231558	0.875840	-0.003570	1.802613
19.611827	900.288024	0.880845	-0.003547	1.806166
19.749881	905.417518	0.885850	-0.003581	1.809820
19.727467	910.499974	0.890854	-0.003576	1.813395
19.810821	915.592846	0.895859	-0.003596	1.816995
20.038477	920.842497	0.900864	-0.003651	1.820733
19.983270	925.897766	0.905869	-0.003638	1.824260
20.207018	930.934895	0.910874	-0.003692	1.827833
20.253649	936.058252	0.915878	-0.003703	1.831418
20.359097	941.045323	0.920883	-0.003729	1.834914
20.397230	946.279422	0.925888	-0.003738	1.838560
20.493125	951.454743	0.930893	-0.003761	1.842171
20.573349	956.439960	0.935898	-0.003781	1.845640
20.832038	961.519690	0.940902	-0.003843	1.849210
20.656034	966.675667	0.945907	-0.003801	1.852723
20.772147	971.704689	0.950912	-0.003829	1.856211
20.887459	977.040647	0.955917	-0.003857	1.859903
20.969352	982.088190	0.960922	-0.003877	1.863382
21.053855	987.142070	0.965926	-0.003898	1.866859
20.949948	992.338372	0.970931	-0.003873	1.870384
21.093569	997.328070	0.975936	-0.003908	1.873818
21.301268	1002.429357	0.980941	-0.003958	1.877337
21.327280	1007.655259	0.985946	-0.003964	1.880891
21.466193	1012.632755	0.990950	-0.003998	1.884297
21.482308	1017.779587	0.995955	-0.004002	1.887783
21.531054	1022.927924	1.000960	-0.004014	1.891271
21.645460	1027.861063	1.005965	-0.004042	1.894623
21.757867	1033.125741	1.010970	-0.004069	1.898191
21.727433	1038.389563	1.015974	-0.004062	1.901720
21.744690	1043.347114	1.020979	-0.004067	1.905047
22.030949	1048.424528	1.025984	-0.004135	1.908510
22.056022	1053.545933	1.030989	-0.004142	1.911937
22.105404	1058.563625	1.035994	-0.004154	1.915294
22.240655	1063.795698	1.040998	-0.004186	1.918807
22.169936	1068.944609	1.046003	-0.004170	1.922212
22.472750	1073.895794	1.051008	-0.004243	1.925564
22.503129	1079.074263	1.056013	-0.004250	1.928999
22.501951	1084.159853	1.061018	-0.004250	1.932360
22.619324	1089.174882	1.066022	-0.004279	1.935695
22.673050	1094.482400	1.071027	-0.004292	1.939203
22.693465	1099.554125	1.076032	-0.004297	1.942542
22.850718	1104.547209	1.081037	-0.004335	1.945853
22.859407	1109.697290	1.086042	-0.004337	1.949230
22.923784	1114.758076	1.091046	-0.004353	1.952554
22.916866	1119.843805	1.096051	-0.004352	1.955873
23.012449	1125.119730	1.101056	-0.004375	1.959333
23.196198	1130.096519	1.106061	-0.004419	1.962612
23.198900	1135.189828	1.111066	-0.004420	1.965921
23.275308	1140.353992	1.116070	-0.004439	1.969287
23.193835	1145.407874	1.121075	-0.004420	1.972541
23.427207	1150.441019	1.126080	-0.004476	1.975845
23.601268	1155.763868	1.131085	-0.004518	1.979317
23.602156	1160.801241	1.136090	-0.004518	1.982562
23.724305	1165.844463	1.141094	-0.004548	1.985832
23.563126	1171.076924	1.146099	-0.004509	1.989156
23.772500	1176.065763	1.151104	-0.004560	1.992399
23.849119	1181.110647	1.156109	-0.004579	1.995644
24.022321	1186.361176	1.161114	-0.004620	1.999035
24.043500	1191.419688	1.166118	-0.004626	2.002266
24.130392	1196.460786	1.171123	-0.004647	2.005494
24.160523	1201.643513	1.176128	-0.004654	2.008795
24.286944	1206.674457	1.181133	-0.004685	2.012015
24.310672	1211.733229	1.186138	-0.004691	2.015226
24.479205	1217.118801	1.191142	-0.004731	2.018669
24.497360	1222.146485	1.196147	-0.004736	2.021848
24.393630	1227.234052	1.201152	-0.004712	2.025034
24.617050	1232.308558	1.206157	-0.004765	2.028276
24.648214	1237.386447	1.211162	-0.004773	2.031475
24.860649	1242.383735	1.216166	-0.004824	2.034655
24.751878	1247.712123	1.221171	-0.004799	2.037971
24.859657	1252.815368	1.226176	-0.004825	2.041186
24.947052	1257.821218	1.231181	-0.004846	2.044331
25.075832	1262.942840	1.236186	-0.004877	2.047552
25.036071	1268.084884	1.241190	-0.004868	2.050746
25.022945	1273.076830	1.246195	-0.004865	2.053847
25.187076	1278.350482	1.251200	-0.004905	2.057154
25.439158	1283.487913	1.256205	-0.004965	2.060390
25.481164	1288.447219	1.261210	-0.004976	2.063468
25.530971	1293.605539	1.266214	-0.004988	2.066665
25.499539	1298.770916	1.271219	-0.004981	2.069845
25.661961	1303.719808	1.276224	-0.005020	2.072927
25.776730	1308.896648	1.281229	-0.005048	2.076134
25.744360	1314.177279	1.286234	-0.005040	2.079370
25.791741	1319.165374	1.291238	-0.005052	2.082439
25.898973	1324.225795	1.296243	-0.005078	2.085559
26.094123	1329.359646	1.301248	-0.005125	2.088736
26.005415	1334.419590	1.306253	-0.005104	2.091807
26.109906	1339.514402	1.311258	-0.005129	2.094934
26.218510	1344.894044	1.316262	-0.005155	2.098229
26.141869	1349.958186	1.321267	-0.005137	2.101291
26.351487	1354.932498	1.326272	-0.005188	2.104351
26.465705	1360.090265	1.331277	-0.005216	2.107499
26.343350	1365.226305	1.336282	-0.005187	2.110582
26.455242	1370.174237	1.341286	-0.005214	2.113593
26.547357	1375.413926	1.346291	-0.005236	2.116772
26.666309	1380.599310	1.351296	-0.005265	2.119919
26.588377	1385.590470	1.356301	-0.005247	2.122906
26.780485	1390.679585	1.361306	-0.005293	2.126000
26.748335	1395.857210	1.366310	-0.005285	2.129099
26.811595	1400.852953	1.371315	-0.005301	2.132103
26.876305	1406.037376	1.376320	-0.005317	2.135216
27.107509	1411.312134	1.381325	-0.005372	2.138411
27.052047	1416.369855	1.386330	-0.005359	2.141416
27.103375	1421.442657	1.391334	-0.005372	2.144446
27.126457	1426.552681	1.396339	-0.005378	2.147489
27.290377	1431.624624	1.401344	-0.005417	2.150532
27.301671	1436.614996	1.406349	-0.005420	2.153493
27.372081	1441.896301	1.411354	-0.005437	2.156633
27.524492	1447.067106	1.416358	-0.005474	2.159720
27.478095	1452.036582	1.421363	-0.005463	2.162644
27.478252	1457.224061	1.426368	-0.005464	2.165703
27.581058	1462.348449	1.431373	-0.005489	2.168739
27.737778	1467.335478	1.436378	-0.005527	2.171701
27.846886	1472.457246	1.441382	-0.005553	2.174729
27.808105	1477.834325	1.446387	-0.005544	2.177874
27.936598	1482.879610	1.451392	-0.005575	2.180852
28.116918	1487.831086	1.456397	-0.005619	2.183782
28.136607	1493.004893	1.461402	-0.005624	2.186806
28.240888	1498.109551	1.466406	-0.005649	2.189802
28.271906	1503.078004	1.471411	-0.005657	2.192701
28.367300	1508.323283	1.476416	-0.005680	2.195769
28.437295	1513.532312	1.481421	-0.005697	2.198807
28.529568	1518.495946	1.486426	-0.005719	2.201702
28.602944	1523.616353	1.491430	-0.005737	2.204681
28.569115	1528.785337	1.496435	-0.005729	2.207664
28.586039	1533.870959	1.501440	-0.005734	2.210605
28.740817	1538.830843	1.506445	-0.005771	2.213494
28.721314	1544.221070	1.511450	-0.005767	2.216595
28.778966	1549.387131	1.516454	-0.005781	2.219578
28.992989	1554.310682	1.521459	-0.005832	2.222446
28.938310	1559.491501	1.526464	-0.005819	2.225408
28.954374	1564.654888	1.531469	-0.005824	2.228369
29.090906	1569.610860	1.536474	-0.005857	2.231230
29.144221	1574.762326	1.541478	-0.005870	2.234184
29.166427	1580.068939	1.546483	-0.005875	2.237216
29.304908	1585.132725	1.551488	-0.005909	2.240128
29.397089	1590.108398	1.556493	-0.005931	2.242977
29.336506	1595.309942	1.561498	-0.005917	2.245922
29.485830	1600.398695	1.566502	-0.005953	2.248838
29.603366	1605.335273	1.571507	-0.005981	2.251659
29.569544	1610.590428	1.576512	-0.005974	2.254628
29.737337	1615.873300	1.581517	-0.006014	2.257646
29.788058	1620.899665	1.586522	-0.006027	2.260494
29.845108	1625.957774	1.591526	-0.006041	2.263358
29.914476	1631.091552	1.596531	-0.006057	2.266262
29.990244	1636.225179	1.601536	-0.006076	2.269164
29.992235	1641.216570	1.606541	-0.006077	2.271969
30.052319	1646.425595	1.611546	-0.006091	2.274903
30.233909	1651.632087	1.616550	-0.006135	2.277854
30.126804	1656.664329	1.621555	-0.006110	2.280651
30.190199	1661.761542	1.626560	-0.006125	2.283512
30.415192	1666.828614	1.631565	-0.006179	2.286382
30.494428	1671.910674	1.636570	-0.006199	2.289230
30.462704	1676.922027	1.641574	-0.006191	2.292016
30.605787	1682.157919	1.646579	-0.006226	2.294954
30.706411	1687.447140	1.651584	-0.006250	2.297910
30.649372	1692.474886	1.656589	-0.006237	2.300690
30.727951	1697.546623	1.661594	-0.006256	2.303514
30.820928	1702.680124	1.666598	-0.006279	2.306372
30.903267	1707.749437	1.671603	-0.006299	2.309189
31.003513	1712.740332	1.676608	-0.006323	2.311962
30.884022	1718.030827	1.681613	-0.006295	2.314859
31.042325	1723.243766	1.686618	-0.006333	2.317758
31.208061	1728.225010	1.691622	-0.006373	2.320527
31.253836	1733.256362	1.696627	-0.006384	2.323300
31.119611	1738.477948	1.701632	-0.006352	2.326142
31.244610	1743.560298	1.706637	-0.006383	2.328949
31.298911	1748.547626	1.711642	-0.006396	2.331689
31.520535	1753.764204	1.716646	-0.006449	2.334580
31.478741	1759.116088	1.721651	-0.006440	2.337496
31.556647	1764.109709	1.726656	-0.006459	2.340233
31.704375	1769.132252	1.731661	-0.006494	2.342995
31.604323	1774.339971	1.736666	-0.006471	2.345812
31.760781	1779.452028	1.741670	-0.006508	2.348617
31.675734	1784.405267	1.746675	-0.006488	2.351292
31.875813	1789.587258	1.751680	-0.006537	2.354136
31.803896	1794.909507	1.756685	-0.006520	2.357006
31.935584	1799.912982	1.761690	-0.006551	2.359736
32.009856	1804.903878	1.766694	-0.006570	2.362445
32.100087	1810.046250	1.771699	-0.006591	2.365236
32.155905	1815.203657	1.776704	-0.006605	2.368025
32.184570	1820.167527	1.781709	-0.006612	2.370703
32.334987	1825.310366	1.786714	-0.006649	2.373495
32.344069	1830.711811	1.791718	-0.006651	2.376398
32.356794	1835.778979	1.796723	-0.006654	2.379118
32.646604	1840.703475	1.801728	-0.006724	2.381807
32.605114	1845.881977	1.806733	-0.006714	2.384572
32.625453	1851.036941	1.811738	-0.006720	2.387331
32.678930	1856.070993	1.816742	-0.006733	2.390029
32.639486	1861.163014	1.821747	-0.006724	2.392739
32.782910	1866.474630	1.826752	-0.006758	2.395593
32.837282	1871.642119	1.831757	-0.006772	2.398353
32.808503	1876.583935	1.836762	-0.006765	2.400975
32.929096	1881.675977	1.841766	-0.006794	2.403699
33.082273	1886.776531	1.846771	-0.006831	2.406430
33.135092	1891.869561	1.851776	-0.006844	2.409137
33.134427	1896.916177	1.856781	-0.006844	2.411808
33.158114	1902.222168	1.861786	-0.006850	2.414617
33.282685	1907.457868	1.866790	-0.006880	2.417402
33.356767	1912.424804	1.871795	-0.006898	2.420034
33.420812	1917.522784	1.876800	-0.006914	2.422731
33.512213	1922.657334	1.881805	-0.006936	2.425448
33.582458	1927.791582	1.886810	-0.006953	2.428159
33.528823	1932.784995	1.891814	-0.006941	2.430772
33.573978	1937.975987	1.896819	-0.006952	2.433502
33.623856	1943.259885	1.901824	-0.006964	2.436278
33.633097	1948.346842	1.906829	-0.006967	2.438942
33.762857	1953.313063	1.911834	-0.006998	2.441560
33.793439	1958.461191	1.916838	-0.007006	2.444253
33.898671	1963.584990	1.921843	-0.007031	2.446943
34.006759	1968.560426	1.926848	-0.007057	2.449553
34.196449	1973.612852	1.931853	-0.007103	2.452214
34.020063	1979.053314	1.936858	-0.007061	2.455014
34.108147	1984.236840	1.941862	-0.007083	2.457720
34.186572	1989.132918	1.946867	-0.007102	2.460273
34.255315	1994.283374	1.951872	-0.007118	2.462953
34.253918	1999.467771	1.956877	-0.007118	2.465636
34.388760	2004.523668	1.961882	-0.007151	2.468273
34.359894	2009.540106	1.966886	-0.007144	2.470859
34.331413	2014.763540	1.971891	-0.007138	2.473550
34.629953	2019.984679	1.976896	-0.007210	2.476289
34.620761	2025.030052	1.981901	-0.007208	2.478885
34.720417	2030.022730	1.986906	-0.007232	2.481469
34.709871	2035.228630	1.991910	-0.007230	2.484142
34.734561	2040.377709	1.996915	-0.007236	2.486789
34.857658	2045.323702	2.001920	-0.007266	2.489345
35.012703	2050.371611	2.006925	-0.007303	2.491955
35.018162	2055.807298	2.011930	-0.007305	2.494737
35.090332	2061.020770	2.016934	-0.007322	2.497412
35.003492	2065.949507	2.021939	-0.007302	2.499915
35.158868	2071.077838	2.026944	-0.007339	2.502555
35.230644	2076.211010	2.031949	-0.007357	2.505182
35.286791	2081.320713	2.036954	-0.007371	2.507791
35.320879	2086.293947	2.041958	-0.007379	2.510325
35.463094	2091.462180	2.046963	-0.007413	2.512972
35.555163	2096.761723	2.051968	-0.007436	2.515675
35.538736	2101.829825	2.056973	-0.007432	2.518241
35.563391	2106.836356	2.061978	-0.007438	2.520780
35.711013	2111.971607	2.066982	-0.007474	2.523400
35.802912	2117.104518	2.071987	-0.007496	2.526008
35.891010	2122.143710	2.076992	-0.007518	2.528565
35.769941	2127.228376	2.081997	-0.007489	2.531110
35.874398	2132.491954	2.087002	-0.007514	2.533778
35.899409	2137.775174	2.092006	-0.007521	2.536440
36.029241	2142.741026	2.097011	-0.007552	2.538956
36.097006	2147.783007	2.102016	-0.007569	2.541499
36.089138	2152.984204	2.107021	-0.007567	2.544107
35.981154	2158.154040	2.112026	-0.007542	2.546681
36.185199	2163.086057	2.117030	-0.007591	2.549182
36.337757	2168.151336	2.122035	-0.007627	2.551739
36.374853	2173.514974	2.127040	-0.007637	2.554424
36.325628	2178.721280	2.132045	-0.007625	2.557015
36.497198	2183.612310	2.137050	-0.007667	2.559480
36.530029	2188.758766	2.142054	-0.007675	2.562049
36.568144	2193.914739	2.147059	-0.007684	2.564620
36.588877	2199.079689	2.152064	-0.007689	2.567191
36.651576	2203.989429	2.157069	-0.007705	2.569639
36.746966	2209.154446	2.162074	-0.007728	2.572216
36.736631	2214.574305	2.167078	-0.007726	2.574901
36.809174	2219.645359	2.172083	-0.007743	2.577423
37.029376	2224.509351	2.177088	-0.007796	2.579863
36.841815	2229.716933	2.182093	-0.007752	2.582408
37.005801	2234.841540	2.187098	-0.007791	2.584963
37.147929	2239.907722	2.192102	-0.007826	2.587483
37.175530	2244.867309	2.197107	-0.007833	2.589931
37.208649	2250.106864	2.202112	-0.007841	2.592515
37.305564	2255.395943	2.207117	-0.007864	2.595131
37.297340	2260.441927	2.212122	-0.007863	2.597608
37.378889	2265.414959	2.217126	-0.007883	2.600062
37.347313	2270.585326	2.222131	-0.007875	2.602592
37.434807	2275.730968	2.227136	-0.007897	2.605126
37.496589	2280.818050	2.232141	-0.007912	2.607625
37.664331	2285.775759	2.237146	-0.007952	2.610074
37.682960	2291.068645	2.242150	-0.007957	2.612662
37.734774	2296.357933	2.247155	-0.007970	2.615251
37.656981	2301.466212	2.252160	-0.007951	2.617729
37.856589	2306.434668	2.257165	-0.007999	2.620179
37.892152	2311.582450	2.262170	-0.008008	2.622689
37.895601	2316.748830	2.267174	-0.008009	2.625201
37.992685	2321.737268	2.272179	-0.008033	2.627638
37.896048	2326.793269	2.277184	-0.008010	2.630077
38.155361	2331.952982	2.282189	-0.008072	2.632616
38.111077	2337.270217	2.287194	-0.008062	2.635185
38.199177	2342.317985	2.292198	-0.008084	2.637640
38.244266	2347.294412	2.297203	-0.008095	2.640052
38.315420	2352.445025	2.302208	-0.008112	2.642550
38.247539	2357.646682	2.307213	-0.008096	2.645049
38.526949	2362.630444	2.312218	-0.008163	2.647493
38.494898	2367.675258	2.317222	-0.008156	2.649917
38.582591	2372.948656	2.322227	-0.008177	2.652467
38.495990	2378.345357	2.327232	-0.008157	2.655048
38.616577	2383.360511	2.332237	-0.008186	2.657474
38.735838	2388.309099	2.337242	-0.008215	2.659866
38.788754	2393.496684	2.342246	-0.008228	2.662360
38.800334	2398.666458	2.347251	-0.008231	2.664837
38.878213	2403.715870	2.352256	-0.008250	2.667264
38.903627	2408.706731	2.357261	-0.008256	2.669653
38.984913	2413.928471	2.362266	-0.008276	2.672159
39.081508	2419.193078	2.367270	-0.008299	2.674685
39.070185	2424.245015	2.372275	-0.008297	2.677091
39.228566	2429.187271	2.377280	-0.008335	2.679467
39.237673	2434.349733	2.382285	-0.008338	2.681925
39.266767	2439.522727	2.387290	-0.008345	2.684388
39.397260	2444.591641	2.392294	-0.008377	2.686815
39.514906	2449.531510	2.397299	-0.008405	2.689175
39.612651	2454.742663	2.402304	-0.008429	2.691660
39.608039	2460.143826	2.407309	-0.008428	2.694217
39.549805	2465.254719	2.412314	-0.008414	2.696628
39.529182	2470.215478	2.417318	-0.008410	2.698970
39.761034	2475.296976	2.422323	-0.008466	2.701403
39.727695	2480.510582	2.427328	-0.008458	2.703859
39.864144	2485.650709	2.432333	-0.008491	2.706302
39.754690	2490.594300	2.437338	-0.008465	2.708615
39.899849	2495.707782	2.442342	-0.008500	2.711043
39.945443	2501.090266	2.447347	-0.008511	2.713580
39.956434	2506.264823	2.452352	-0.008514	2.716013
39.933278	2511.156850	2.457357	-0.008509	2.718306
40.039480	2516.277913	2.462362	-0.008535	2.720723
40.282493	2521.438567	2.467366	-0.008593	2.723175
40.277365	2526.568256	2.472371	-0.008592	2.725576
40.186914	2531.573772	2.477376	-0.008571	2.727905
40.264524	2536.635460	2.482381	-0.008590	2.730281
40.472673	2542.007020	2.487386	-0.008640	2.732818
40.456605	2547.237825	2.492390	-0.008636	2.735256
40.356281	2552.238480	2.497395	-0.008613	2.737573
40.414320	2557.301292	2.502400	-0.008627	2.739939
40.597312	2562.456712	2.507405	-0.008671	2.742363
40.519053	2567.596688	2.512410	-0.008653	2.744742
40.613050	2572.596890	2.517414	-0.008675	2.747078
40.733555	2577.613676	2.522419	-0.008705	2.749423
40.896998	2582.838891	2.527424	-0.008744	2.751868
40.839070	2588.136827	2.532429	-0.008730	2.754314
40.936549	2593.190723	2.537434	-0.008754	2.756667
40.898760	2598.195388	2.542438	-0.008745	2.758976
40.915688	2603.344748	2.547443	-0.008750	2.761358
41.149135	2608.469329	2.552448	-0.008806	2.763756
41.105388	2613.601006	2.557453	-0.008796	2.766117
41.086046	2618.538697	2.562458	-0.008791	2.768391
41.077639	2623.768811	2.567462	-0.008790	2.770798
41.195237	2629.160191	2.572467	-0.008818	2.773295
41.378540	2634.267937	2.577472	-0.008862	2.775668
41.339185	2639.208892	2.582477	-0.008853	2.777932
41.402430	2644.309214	2.587482	-0.008869	2.780281
41.529514	2649.433781	2.592486	-0.008899	2.782648
41.672086	2654.520011	2.597491	-0.008934	2.784998
41.613391	2659.571285	2.602496	-0.008920	2.787302
41.711401	2664.629481	2.607501	-0.008944	2.789629
41.582758	2669.949688	2.612506	-0.008913	2.792043
41.845142	2675.130732	2.617510	-0.008977	2.794444
41.755785	2680.201969	2.622515	-0.008955	2.796746
41.841743	2685.213197	2.627520	-0.008976	2.799041
41.838250	2690.392143	2.632525	-0.008976	2.801400
41.977773	2695.534599	2.637530	-0.009010	2.803759
41.992477	2700.626936	2.642534	-0.009013	2.806076
42.051946	2705.582422	2.647539	-0.009028	2.808336
42.103654	2710.762993	2.652544	-0.009041	2.810694
42.223553	2716.210166	2.657549	-0.009070	2.813181
42.349567	2721.305482	2.662554	-0.009100	2.815507
42.303067	2726.256536	2.667558	-0.009089	2.817743
42.316225	2731.387218	2.672563	-0.009093	2.820066
42.519454	2736.538067	2.677568	-0.009142	2.822421
42.381432	2741.717612	2.682573	-0.009109	2.824742
42.491103	2746.666610	2.687578	-0.009135	2.826991
42.524731	2751.755521	2.692582	-0.009144	2.829290
42.540275	2757.029951	2.697587	-0.009148	2.831669
42.599512	2762.280042	2.702592	-0.009162	2.834040
42.659837	2767.305122	2.707597	-0.009177	2.836308
42.651452	2772.325917	2.712602	-0.009175	2.838564
42.850295	2777.420683	2.717606	-0.009223	2.840878
42.959354	2782.523739	2.722611	-0.009250	2.843183
42.889803	2787.692355	2.727616	-0.009233	2.845491
43.008179	2792.588440	2.732621	-0.009262	2.847700
43.016641	2797.731230	2.737626	-0.009264	2.850004
43.058372	2803.235018	2.742630	-0.009275	2.852471
43.075586	2808.398551	2.747635	-0.009279	2.854781
43.146149	2813.322689	2.752640	-0.009296	2.856989
43.116216	2818.434702	2.757645	-0.009290	2.859266
43.135370	2823.616995	2.762650	-0.009294	2.861580
43.184725	2828.770139	2.767654	-0.009307	2.863882
43.366872	2833.759620	2.772659	-0.009350	2.866126
43.376506	2838.786551	2.777664	-0.009353	2.868364
43.345268	2844.023265	2.782669	-0.009346	2.870687
43.569320	2849.298138	2.787674	-0.009400	2.873059
43.589957	2854.434001	2.792678	-0.009405	2.875340
43.453924	2859.347656	2.797683	-0.009373	2.877501
43.642783	2864.490453	2.802688	-0.009418	2.879804
43.677062	2869.662654	2.807693	-0.009427	2.882098
43.753819	2874.795578	2.812698	-0.009446	2.884378
43.886266	2879.775096	2.817702	-0.009478	2.886596
43.866225	2884.860069	2.822707	-0.009473	2.888839
44.006773	2890.217305	2.827712	-0.009507	2.891221
44.017409	2895.529598	2.832717	-0.009510	2.893565
44.031123	2900.588693	2.837722	-0.009514	2.895796
44.072839	2905.520140	2.842726	-0.009524	2.897972
44.086387	2910.650899	2.847731	-0.009527	2.900231
44.178719	2915.824659	2.852736	-0.009550	2.902517
44.201253	2920.977949	2.857741	-0.009555	2.904783
44.242264	2925.834609	2.862746	-0.009566	2.906920
44.402130	2930.961002	2.867750	-0.009604	2.909188
44.403808	2936.316808	2.872755	-0.009605	2.911535
44.476517	2941.516605	2.877760	-0.009623	2.913821
44.399785	2946.563094	2.882765	-0.009605	2.916019
44.413520	2951.536514	2.887770	-0.009608	2.918196
44.704639	2956.658800	2.892774	-0.009678	2.920470
44.775786	2961.787852	2.897779	-0.009695	2.922718
44.722355	2966.939619	2.902784	-0.009683	2.924958
44.763679	2971.856617	2.907789	-0.009693	2.927106
44.892165	2976.995228	2.912794	-0.009724	2.929360
44.948604	2982.473658	2.917798	-0.009738	2.931752
44.963868	2987.647376	2.922803	-0.009742	2.934003
45.039454	2992.610778	2.927808	-0.009760	2.936169
45.188610	2997.617865	2.932813	-0.009796	2.938362
45.002057	3002.841857	2.937818	-0.009752	2.940605
45.270459	3007.945539	2.942822	-0.009817	2.942851
45.189340	3013.087277	2.947827	-0.009798	2.945068
45.315739	3018.004464	2.952832	-0.009828	2.947212
45.248328	3023.180884	2.957837	-0.009812	2.949443
45.244504	3028.613925	2.962842	-0.009812	2.951791
45.398684	3033.742773	2.967846	-0.009849	2.954025
45.369130	3038.693738	2.972851	-0.009842	2.956158
45.366892	3043.725896	2.977856	-0.009842	2.958328
45.465616	3048.882869	2.982861	-0.009866	2.960562
45.496584	3054.014572	2.987866	-0.009874	2.962776
45.635493	3059.114905	2.992870	-0.009907	2.964987
45.678400	3064.056967	2.997875	-0.009918	2.967117
45.672172	3069.224528	3.002880	-0.009917	2.969337
45.691893	3074.760272	3.007885	-0.009922	2.971716
45.818585	3079.863680	3.012890	-0.009952	2.973920
45.928825	3084.864885	3.017894	-0.009979	2.976078
45.860473	3089.964442	3.022899	-0.009963	2.978254
45.881606	3095.137039	3.027904	-0.009968	2.980470
45.988388	3100.287633	3.032909	-0.009994	2.982686
45.974970	3105.390842	3.037914	-0.009991	2.984866
46.091017	3110.307362	3.042918	-0.010019	2.986980
46.122458	3115.449061	3.047923	-0.010027	2.989178
46.251733	3120.722719	3.052928	-0.010058	2.991443
46.368294	3125.839151	3.057933	-0.010087	2.993637
46.432624	3130.791616	3.062938	-0.010102	2.995754
46.441681	3135.857982	3.067942	-0.010105	2.997911
47.341161	3140.767782	3.072947	-0.010320	3.000107
48.029443	3145.774603	3.077952	-0.010485	3.002318
48.271194	3150.828953	3.082957	-0.010543	3.004493
48.352853	3155.716785	3.087962	-0.010563	3.006576
48.336087	3160.915100	3.092966	-0.010559	3.008778
48.417117	3166.357842	3.097971	-0.010579	3.011094
48.417656	3171.533243	3.102976	-0.010580	3.013285
48.500888	3176.559820	3.107981	-0.010600	3.015421
48.655371	3181.515918	3.112986	-0.010637	3.017535
48.864170	3186.647984	3.117990	-0.010687	3.019728
48.925713	3191.786271	3.122995	-0.010702	3.021904
48.725089	3197.001589	3.128000	-0.010655	3.024080
48.815475	3201.907265	3.133005	-0.010677	3.026159
48.812304	3207.050340	3.138010	-0.010676	3.028325
48.949342	3212.335617	3.143014	-0.010709	3.030566
48.946119	3217.592386	3.148019	-0.010709	3.032776
48.998456	3222.659748	3.153024	-0.010722	3.034913
48.989049	3227.628383	3.158029	-0.010720	3.036998
49.165577	3232.766093	3.163034	-0.010762	3.039176
49.214408	3237.915947	3.168038	-0.010774	3.041341
49.329347	3243.056117	3.173043	-0.010802	3.043509
49.435427	3247.995948	3.178048	-0.010828	3.045591
49.354922	3253.143846	3.183053	-0.010809	3.047736
49.425314	3258.426935	3.188058	-0.010826	3.049954
49.434377	3263.812567	3.193062	-0.010829	3.052206
49.548648	3268.877279	3.198067	-0.010856	3.054334
49.583518	3273.765054	3.203072	-0.010865	3.056378
49.575007	3278.930356	3.208077	-0.010863	3.058531
49.555603	3284.120327	3.213082	-0.010859	3.060692
49.700184	3289.280778	3.218086	-0.010894	3.062858
49.785567	3294.287425	3.223091	-0.010915	3.064952
49.776743	3299.255559	3.228096	-0.010913	3.067017
49.814769	3304.476929	3.233101	-0.010922	3.069191
49.790580	3309.835962	3.238106	-0.010917	3.071414
49.797516	3315.014834	3.243110	-0.010919	3.073564
50.077314	3319.823692	3.248115	-0.010986	3.075591
50.073563	3324.925975	3.253120	-0.010985	3.077705
50.100750	3330.146040	3.258125	-0.010992	3.079871
50.098980	3335.275242	3.263130	-0.010992	3.081993
50.190736	3340.394743	3.268134	-0.011014	3.084121
50.119667	3345.352374	3.273139	-0.010998	3.086162
50.206518	3350.488543	3.278144	-0.011019	3.088293
50.176641	3356.020199	3.283149	-0.011012	3.090573
50.198123	3361.198618	3.288154	-0.011017	3.092711
50.342247	3366.167703	3.293158	-0.011052	3.094776
50.410749	3371.169528	3.298163	-0.011069	3.096844
50.667260	3376.262854	3.303168	-0.011131	3.098970
50.609685	3381.452329	3.308173	-0.011117	3.101098
50.613913	3386.606912	3.313178	-0.011118	3.103217
50.580873	3391.567040	3.318182	-0.011111	3.105251
50.898772	3396.581435	3.323187	-0.011187	3.107345
50.747198	3401.906108	3.328192	-0.011151	3.109512
51.023424	3407.123521	3.333197	-0.011218	3.111682
50.959170	3412.298707	3.338202	-0.011203	3.113795
50.934404	3417.220802	3.343206	-0.011197	3.115807
50.918623	3422.394728	3.348211	-0.011194	3.117922
51.044986	3427.524448	3.353216	-0.011224	3.120033
51.174944	3432.687282	3.358221	-0.011256	3.122157
51.022413	3437.677773	3.363226	-0.011219	3.124177
51.235782	3442.604830	3.368230	-0.011271	3.126212
51.324349	3447.751158	3.373235	-0.011292	3.128320
51.227913	3453.319171	3.378240	-0.011270	3.130578
51.395823	3458.424020	3.383245	-0.011310	3.132675
51.440757	3463.411218	3.388250	-0.011321	3.134710
51.423264	3468.471864	3.393254	-0.011317	3.136765
51.539185	3473.582083	3.398259	-0.011345	3.138855
51.620623	3478.727550	3.403264	-0.011365	3.140954
51.524678	3483.932214	3.408269	-0.011342	3.143055
51.546954	3488.876795	3.413274	-0.011348	3.145063
51.705335	3493.940476	3.418278	-0.011386	3.147133
51.686071	3499.212112	3.423283	-0.011382	3.149266
51.816202	3504.499533	3.428288	-0.011413	3.151420
51.835623	3509.629526	3.433293	-0.011418	3.153497
51.658808	3514.520829	3.438298	-0.011376	3.155455
51.968938	3519.637977	3.443302	-0.011451	3.157556
52.118854	3524.791744	3.448307	-0.011487	3.159653
52.102963	3529.910036	3.453312	-0.011484	3.161716
52.104095	3535.023903	3.458317	-0.011484	3.163778
52.183643	3539.976246	3.463322	-0.011504	3.165782
52.231186	3545.148382	3.468326	-0.011515	3.167870
52.164007	3550.666553	3.473331	-0.011500	3.170082
52.276845	3555.826346	3.478336	-0.011527	3.172169
52.436182	3560.788804	3.483341	-0.011565	3.174181
52.449972	3565.784877	3.488346	-0.011569	3.176189
52.494828	3571.005203	3.493350	-0.011580	3.178289
52.464843	3576.132605	3.498355	-0.011573	3.180342
52.487647	3581.314367	3.503360	-0.011579	3.182421
52.512231	3586.284624	3.508365	-0.011585	3.184414
52.647355	3591.273929	3.513370	-0.011618	3.186426
52.605475	3596.576939	3.518374	-0.011608	3.188543
52.765854	3601.856548	3.523379	-0.011647	3.190671
52.704437	3607.024956	3.528384	-0.011632	3.192729
52.776835	3611.963958	3.533389	-0.011650	3.194708
52.769679	3617.045073	3.538394	-0.011649	3.196735
52.866603	3622.236641	3.543398	-0.011672	3.198815
52.869988	3627.409209	3.548403	-0.011673	3.200877
52.891699	3632.551124	3.553408	-0.011679	3.202927
52.976283	3637.465846	3.558413	-0.011699	3.204892
53.074169	3642.581811	3.563418	-0.011723	3.206937
53.105274	3647.935251	3.568422	-0.011731	3.209068
53.173681	3653.145352	3.573427	-0.011747	3.211145
53.214448	3658.271924	3.578432	-0.011758	3.213184
53.325521	3663.119811	3.583437	-0.011784	3.215119
53.503020	3668.200835	3.588442	-0.011827	3.217153
53.694641	3673.400355	3.593446	-0.011873	3.219233
53.606841	3678.541553	3.598451	-0.011853	3.221259
53.705663	3683.642668	3.603456	-0.011877	3.223288
53.824838	3688.529899	3.608461	-0.011905	3.225234
53.694273	3693.708746	3.613466	-0.011874	3.227266
53.833609	3699.082138	3.618470	-0.011908	3.229403
53.868952	3704.260083	3.623475	-0.011917	3.231451
54.025075	3709.268660	3.628480	-0.011955	3.233443
53.886098	3714.271893	3.633485	-0.011922	3.235400
54.028020	3719.380873	3.638490	-0.011956	3.237428
54.155258	3724.566866	3.643494	-0.011987	3.239483
54.206652	3729.728176	3.648499	-0.011999	3.241519
54.244061	3734.716225	3.653504	-0.012009	3.243485
54.360463	3739.709941	3.658509	-0.012037	3.245459
54.323368	3744.860860	3.663514	-0.012028	3.247478
54.522474	3750.403552	3.668518	-0.012076	3.249675
54.376746	3755.570382	3.673523	-0.012042	3.251686
54.448096	3760.557086	3.678528	-0.012059	3.253648
54.534776	3765.518807	3.683533	-0.012080	3.255601
54.667193	3770.669114	3.688538	-0.012112	3.257631
54.542234	3775.877999	3.693542	-0.012082	3.259656
54.578271	3781.054191	3.698547	-0.012091	3.261684
54.734170	3785.996191	3.703552	-0.012129	3.263631
54.943511	3790.962906	3.708557	-0.012179	3.265593
54.781012	3796.200837	3.713562	-0.012141	3.267620
54.928123	3801.482588	3.718566	-0.012176	3.269696
54.997706	3806.608993	3.723571	-0.012193	3.271701
54.955619	3811.601620	3.728576	-0.012184	3.273642
54.917003	3816.662036	3.733581	-0.012175	3.275608
55.038030	3821.774429	3.738586	-0.012204	3.277610
55.140306	3826.935947	3.743590	-0.012229	3.279628
55.145615	3832.136139	3.748595	-0.012230	3.281649
55.138680	3837.093543	3.753600	-0.012229	3.283574
55.151713	3842.163586	3.758605	-0.012232	3.285543
55.345406	3847.303770	3.763610	-0.012279	3.287557
55.364599	3852.823809	3.768614	-0.012284	3.289699
55.368438	3858.001706	3.773619	-0.012285	3.291706
55.366094	3862.965033	3.778624	-0.012285	3.293628
55.429576	3868.035647	3.783629	-0.012300	3.295596
55.451978	3873.160583	3.788634	-0.012306	3.297581
55.511866	3878.335237	3.793638	-0.012321	3.299587
55.567187	3883.467384	3.798643	-0.012334	3.301575
55.651660	3888.400785	3.803648	-0.012355	3.303488
55.649797	3893.517756	3.808653	-0.012355	3.305462
55.670741	3898.632562	3.813658	-0.012360	3.307437
55.637160	3904.097913	3.818662	-0.012352	3.309539
55.902119	3909.174025	3.823667	-0.012416	3.311521
55.983378	3914.098147	3.828672	-0.012436	3.313425
55.993783	3919.146937	3.833677	-0.012439	3.315368
55.850100	3924.364441	3.838682	-0.012405	3.317359
56.024795	3929.496997	3.843686	-0.012447	3.319349
56.015423	3934.690979	3.848691	-0.012445	3.321342
55.989902	3939.667727	3.853696	-0.012439	3.323249
55.919492	3944.701482	3.858701	-0.012422	3.325173
56.081676	3949.913990	3.863706	-0.012462	3.327187
56.127693	3955.401590	3.868710	-0.012473	3.329294
56.219085	3960.546299	3.873715	-0.012495	3.331272
56.287231	3965.500241	3.878720	-0.012512	3.333175
56.183908	3970.553524	3.883725	-0.012487	3.335097
56.439364	3975.656042	3.888730	-0.012549	3.337072
56.547641	3980.829741	3.893734	-0.012575	3.339059
56.536099	3985.979083	3.898739	-0.012573	3.341023
56.438031	3991.037888	3.903744	-0.012549	3.342943
56.588720	3995.991795	3.908749	-0.012586	3.344847
56.631582	4001.120239	3.913754	-0.012596	3.346806
56.658708	4006.556777	3.918758	-0.012603	3.348879
56.722162	4011.740204	3.923763	-0.012619	3.350858
56.811605	4016.756542	3.928768	-0.012640	3.352775
56.903563	4021.687230	3.933773	-0.012663	3.354658
56.970109	4026.836137	3.938778	-0.012679	3.356621
56.970501	4032.056346	3.943782	-0.012679	3.358603
56.928217	4037.231523	3.948787	-0.012670	3.360563
56.935429	4042.270813	3.953792	-0.012672	3.362475
57.024584	4047.252064	3.958797	-0.012693	3.364372
57.034559	4052.384564	3.963802	-0.012696	3.366317
57.120051	4057.864942	3.968806	-0.012717	3.368400
57.317492	4063.045596	3.973811	-0.012764	3.370380
57.288344	4068.158671	3.978816	-0.012758	3.372310
57.331894	4073.061586	3.983821	-0.012768	3.374168
57.235135	4078.216153	3.988826	-0.012746	3.376105
57.323698	4083.386713	3.993830	-0.012767	3.378066
57.390099	4088.556133	3.998835	-0.012783	3.380023
57.425213	4093.666299	4.003840	-0.012792	3.381953
57.510412	4098.526103	4.008845	-0.012813	3.383793
57.568039	4103.655235	4.013850	-0.012827	3.385730
57.514017	4109.017846	4.018854	-0.012814	3.387744
57.618931	4114.267754	4.023859	-0.012840	3.389729
57.533972	4119.429565	4.028864	-0.012820	3.391662
57.717498	4124.242278	4.033869	-0.012864	3.393488
57.809334	4129.346600	4.038874	-0.012886	3.395414
57.809852	4134.543182	4.043878	-0.012887	3.397365
57.701001	4139.788484	4.048883	-0.012861	3.399322
57.947317	4144.857603	4.053888	-0.012920	3.401246
58.070894	4149.767192	4.058893	-0.012950	3.403098
58.054960	4154.871412	4.063898	-0.012946	3.405008
58.086209	4160.127347	4.068902	-0.012954	3.406978
58.099067	4165.559705	4.073907	-0.012958	3.409012
58.096327	4170.746232	4.078912	-0.012957	3.410950
58.277442	4175.676100	4.083917	-0.013001	3.412810
58.439850	4180.647823	4.088922	-0.013040	3.414682
58.177978	4185.912163	4.093926	-0.012978	3.416622
58.298194	4191.036814	4.098931	-0.013007	3.418545
58.512003	4196.132817	4.103936	-0.013058	3.420465
58.399556	4201.208260	4.108941	-0.013032	3.422346
58.384847	4206.200991	4.113946	-0.013029	3.424203
58.521604	4211.361454	4.118950	-0.013062	3.426137
58.724990	4216.621977	4.123955	-0.013111	3.428113
58.702148	4221.777268	4.128960	-0.013105	3.430028
58.730983	4226.892778	4.133965	-0.013113	3.431931
58.693957	4231.769843	4.138970	-0.013104	3.433739
58.822358	4236.931053	4.143974	-0.013135	3.435667
59.001882	4242.073723	4.148979	-0.013178	3.437592
58.848965	4247.252930	4.153984	-0.013142	3.439497
58.944237	4252.424641	4.158989	-0.013165	3.441423
59.025872	4257.260417	4.163994	-0.013185	3.443221
59.116329	4262.422999	4.168998	-0.013207	3.445141
59.123779	4267.760772	4.174003	-0.013209	3.447116
59.019307	4273.152945	4.179008	-0.013184	3.449100
59.270128	4278.321587	4.184013	-0.013245	3.451033
59.127138	4283.220610	4.189018	-0.013211	3.452829
59.197865	4288.301231	4.194022	-0.013228	3.454711
59.168540	4293.531997	4.199027	-0.013221	3.456638
59.391498	4298.620212	4.204032	-0.013275	3.458535
59.268004	4303.813760	4.209037	-0.013246	3.460437
59.305952	4308.778332	4.214042	-0.013255	3.462269
59.463772	4313.788919	4.219046	-0.013293	3.464128
59.482890	4318.942705	4.224051	-0.013298	3.466026
59.522195	4324.373617	4.229056	-0.013308	3.468026
59.477503	4329.575737	4.234061	-0.013298	3.469934
59.634745	4334.566299	4.239066	-0.013336	3.471782
59.661069	4339.490649	4.244070	-0.013342	3.473592
59.737867	4344.627794	4.249075	-0.013361	3.475484
59.867069	4349.811569	4.254080	-0.013392	3.477396
59.764981	4355.010713	4.259085	-0.013368	3.479292
59.932314	4360.115583	4.264090	-0.013408	3.481178
60.033705	4364.966987	4.269094	-0.013433	3.482963
60.024785	4370.140634	4.274099	-0.013431	3.484856
60.117877	4375.453590	4.279104	-0.013454	3.486807
60.159095	4380.865517	4.284109	-0.013464	3.488789
60.132105	4386.015620	4.289114	-0.013458	3.490668
60.152505	4390.925615	4.294118	-0.013463	3.492462
60.174145	4395.991007	4.299123	-0.013468	3.494313
60.177261	4401.181053	4.304128	-0.013469	3.496206
60.342449	4406.298025	4.309133	-0.013509	3.498086
60.397548	4411.448916	4.314138	-0.013523	3.499968
60.323106	4416.521088	4.319142	-0.013505	3.501808
60.401639	4421.496560	4.324147	-0.013524	3.503626
60.476233	4426.597539	4.329152	-0.013543	3.505488
60.473616	4432.033291	4.334157	-0.013542	3.507464
60.525025	4437.181816	4.339162	-0.013555	3.509340
60.590023	4442.298753	4.344166	-0.013571	3.511204
60.699526	4447.174132	4.349171	-0.013597	3.512983
60.647870	4452.378149	4.354176	-0.013585	3.514866
60.791686	4457.543777	4.359181	-0.013620	3.516752
60.790117	4462.678791	4.364186	-0.013620	3.518613
60.815555	4467.827015	4.369190	-0.013626	3.520480
60.922422	4472.742845	4.374195	-0.013652	3.522269
60.971687	4477.844755	4.379200	-0.013664	3.524120
60.899233	4483.132585	4.384205	-0.013647	3.526025
60.999610	4488.618605	4.389210	-0.013672	3.528017
61.161358	4493.742345	4.394214	-0.013711	3.529883
61.256312	4498.747975	4.399219	-0.013734	3.531698
61.129947	4503.742100	4.404224	-0.013704	3.533489
61.306889	4508.863220	4.409229	-0.013746	3.535352
61.212779	4514.039810	4.414234	-0.013724	3.537210
61.316376	4519.187261	4.419238	-0.013749	3.539074
61.256128	4524.338289	4.424243	-0.013735	3.540923
61.442206	4529.142751	4.429248	-0.013780	3.542669
61.472139	4534.347793	4.434253	-0.013788	3.544544
61.462119	4539.612415	4.439258	-0.013785	3.546436
61.475230	4544.943628	4.444262	-0.013789	3.548353
61.580681	4550.068773	4.449267	-0.013815	3.550203
61.533134	4554.990955	4.454272	-0.013803	3.551966
61.666571	4560.009138	4.459277	-0.013836	3.553778
61.689957	4565.162531	4.464282	-0.013842	3.555628
61.698934	4570.359644	4.469286	-0.013844	3.557491
61.725046	4575.530840	4.474291	-0.013851	3.559346
61.839428	4580.580019	4.479296	-0.013878	3.561164
61.892931	4585.532542	4.484301	-0.013891	3.562941
61.960260	4590.685816	4.489306	-0.013908	3.564790
61.980207	4596.125143	4.494310	-0.013913	3.566737
61.978262	4601.405037	4.499315	-0.013913	3.568623
62.108028	4606.555581	4.504320	-0.013944	3.570474
62.115311	4611.396055	4.509325	-0.013946	3.572202
62.157152	4616.499962	4.514330	-0.013957	3.574027
62.160276	4621.655427	4.519334	-0.013958	3.575865
62.242476	4626.812501	4.524339	-0.013978	3.577710
62.298589	4631.938352	4.529344	-0.013991	3.579541
62.368022	4637.004809	4.534349	-0.014008	3.581351
62.380925	4641.961363	4.539354	-0.014012	3.583116
62.477230	4647.151007	4.544358	-0.014035	3.584970
62.426407	4652.614005	4.549363	-0.014023	3.586907
62.435534	4657.779585	4.554368	-0.014026	3.588743
62.530330	4662.928586	4.559373	-0.014049	3.590580
62.656446	4667.732980	4.564378	-0.014079	3.592296
62.579263	4672.918675	4.569382	-0.014061	3.594129
62.773451	4678.008029	4.574387	-0.014108	3.595950
62.639256	4683.158280	4.579392	-0.014076	3.597764
62.720943	4688.376466	4.584397	-0.014096	3.599619
62.840433	4693.321767	4.589402	-0.014125	3.601381
62.712857	4698.282177	4.594406	-0.014095	3.603125
62.978047	4703.367211	4.599411	-0.014158	3.604946
62.970384	4708.945457	4.604416	-0.014157	3.606917
63.119541	4714.145602	4.609421	-0.014193	3.608768
63.131770	4719.222644	4.614426	-0.014196	3.610561
63.168057	4724.064561	4.619430	-0.014205	3.612274
63.247786	4729.244311	4.624435	-0.014224	3.614108
63.127591	4734.437249	4.629440	-0.014196	3.615928
63.179693	4739.573166	4.634445	-0.014209	3.617743
63.250048	4744.747140	4.639450	-0.014226	3.619572
63.234739	4749.735232	4.644454	-0.014223	3.621326
63.238190	4754.730059	4.649459	-0.014224	3.623084
63.256416	4759.858674	4.654464	-0.014228	3.624890
63.414895	4765.317384	4.659469	-0.014267	3.626822
63.455205	4770.493075	4.664474	-0.014277	3.628644
63.615432	4775.609453	4.669478	-0.014315	3.630455
63.545245	4780.420346	4.674483	-0.014299	3.632138
63.536787	4785.586981	4.679488	-0.014297	3.633950
63.723596	4790.758862	4.684493	-0.014342	3.635779
63.733503	4795.908440	4.689498	-0.014345	3.637585
63.724295	4801.089261	4.694502	-0.014343	3.639399
63.888803	4806.034548	4.699507	-0.014383	3.641145
63.843296	4811.049869	4.704512	-0.014372	3.642896
63.947133	4816.236008	4.709517	-0.014397	3.644719
63.959493	4821.757631	4.714522	-0.014401	3.646651
63.994552	4826.985402	4.719526	-0.014409	3.648480
63.970142	4832.120153	4.724531	-0.014404	3.650272
64.026411	4836.947311	4.729536	-0.014417	3.651962
64.106298	4842.073515	4.734541	-0.014437	3.653757
64.154535	4847.197339	4.739546	-0.014449	3.655548
64.110120	4852.463287	4.744550	-0.014438	3.657380
64.197960	4857.616769	4.749555	-0.014460	3.659183
64.222808	4862.575425	4.754560	-0.014466	3.660912
64.338630	4867.537050	4.759565	-0.014494	3.662649
64.310965	4872.760727	4.764570	-0.014488	3.664464
64.338367	4878.170451	4.769574	-0.014495	3.666348
64.499498	4883.295806	4.774579	-0.014534	3.668142
64.589851	4888.463132	4.779584	-0.014555	3.669945
64.580402	4893.329548	4.784589	-0.014554	3.671634
64.737194	4898.427490	4.789594	-0.014591	3.673416
64.779622	4903.555276	4.794598	-0.014602	3.675199
64.730486	4908.755153	4.799603	-0.014590	3.676998
64.700176	4913.988206	4.804608	-0.014583	3.678809
64.836141	4918.966925	4.809613	-0.014616	3.680545
64.791153	4923.945166	4.814618	-0.014606	3.682264
64.894157	4929.070033	4.819622	-0.014631	3.684047
65.002528	4934.517532	4.824627	-0.014657	3.685940
64.991083	4939.813918	4.829632	-0.014655	3.687770
65.035226	4944.949701	4.834637	-0.014666	3.689548
65.067389	4949.790659	4.839642	-0.014674	3.691223
65.067914	4954.945259	4.844646	-0.014674	3.693002
65.118481	4960.107659	4.849651	-0.014686	3.694788
65.142852	4965.245288	4.854656	-0.014693	3.696562
65.277826	4970.469682	4.859661	-0.014725	3.698374
65.108360	4975.513260	4.864666	-0.014685	3.700098
65.332920	4980.374227	4.869670	-0.014739	3.701790
65.384163	4985.584225	4.874675	-0.014752	3.703588
65.408248	4990.830424	4.879680	-0.014758	3.705395
65.405345	4996.147318	4.884685	-0.014757	3.707223
65.544068	5001.271659	4.889690	-0.014791	3.708996
65.538028	5006.261823	4.894694	-0.014790	3.710710
65.661470	5011.216450	4.899699	-0.014819	3.712421
65.524553	5016.407682	4.904704	-0.014787	3.714192
65.740418	5021.645577	4.909709	-0.014839	3.716006
65.792957	5026.732464	4.914714	-0.014852	3.717755
65.753913	5031.911662	4.919718	-0.014843	3.719527
65.840271	5036.728374	4.924723	-0.014864	3.721184
65.923990	5041.833300	4.929728	-0.014884	3.722939
65.947406	5047.136396	4.934733	-0.014890	3.724756
65.888091	5052.659604	4.939738	-0.014876	3.726641
65.944149	5057.784060	4.944742	-0.014890	3.728398
65.971227	5062.803549	4.949747	-0.014897	3.730115
65.975802	5067.765741	4.954752	-0.014898	3.731811
66.194646	5072.880219	4.959757	-0.014951	3.733575
66.115336	5078.068899	4.964762	-0.014932	3.735339
66.082047	5083.291329	4.969766	-0.014925	3.737118
66.194393	5088.398804	4.974771	-0.014952	3.738869
66.311449	5093.282223	4.979776	-0.014980	3.740543
66.280199	5098.400539	4.984781	-0.014973	3.742284
66.212764	5103.533351	4.989786	-0.014957	3.744026
66.224786	5108.980267	4.994790	-0.014960	3.745881
66.379562	5114.162483	4.999795	-0.014998	3.747656
66.518649	5119.243423	5.004800	-0.015031	3.749395
66.410174	5124.119884	5.009805	-0.015006	3.751043
66.580720	5129.248710	5.014810	-0.015047	3.752799
66.579923	5134.420828	5.019814	-0.015047	3.754555
66.662549	5139.635751	5.024819	-0.015067	3.756332
66.630593	5144.786858	5.029824	-0.015060	3.758077
66.847476	5149.789472	5.034829	-0.015112	3.759790
66.733571	5154.759834	5.039834	-0.015085	3.761466
66.707859	5159.939561	5.044838	-0.015079	3.763218
66.959221	5165.307295	5.049843	-0.015140	3.765056
66.978255	5170.693814	5.054848	-0.015144	3.766880
66.986405	5175.866697	5.059853	-0.015147	3.768631
67.137264	5180.800200	5.064858	-0.015183	3.770311
67.018279	5185.801224	5.069862	-0.015155	3.771991
67.093905	5190.979383	5.074867	-0.015173	3.773747
67.117024	5196.151781	5.079872	-0.015179	3.775495
67.263436	5201.234237	5.084877	-0.015215	3.777222
67.239702	5206.443547	5.089882	-0.015209	3.778977
67.101205	5211.300238	5.094886	-0.015176	3.780604
67.301985	5216.427152	5.099891	-0.015225	3.782348
67.341292	5221.597462	5.104896	-0.015234	3.784093
67.459168	5227.029331	5.109901	-0.015263	3.785931
67.322755	5232.246922	5.114906	-0.015231	3.787676
67.413963	5237.288216	5.119910	-0.015253	3.789379
67.445164	5242.191471	5.124915	-0.015261	3.791031
67.470342	5247.284991	5.129920	-0.015267	3.792745
67.560465	5252.509027	5.134925	-0.015289	3.794507
67.529001	5257.664892	5.139930	-0.015282	3.796236
67.739558	5262.678209	5.144934	-0.015332	3.797935
67.805170	5267.683368	5.149939	-0.015348	3.799619
67.729867	5272.675606	5.154944	-0.015331	3.801287
67.837022	5277.824734	5.159949	-0.015357	3.803022
67.921391	5283.187440	5.164954	-0.015377	3.804825
67.972002	5288.504505	5.169958	-0.015390	3.806609
68.056674	5293.702478	5.174963	-0.015410	3.808356
68.033486	5298.655952	5.179968	-0.015405	3.810012
68.048006	5303.691651	5.184973	-0.015409	3.811697
67.964882	5308.828486	5.189978	-0.015389	3.813408
68.098968	5314.028275	5.194982	-0.015421	3.815155
68.305059	5319.133658	5.199987	-0.015471	3.816876
68.238249	5324.298982	5.204992	-0.015455	3.818595
68.224140	5329.244979	5.209997	-0.015452	3.820245
68.211305	5334.270521	5.215002	-0.015450	3.821920
68.266799	5339.480328	5.220006	-0.015463	3.823661
68.323946	5344.902052	5.225011	-0.015477	3.825472
68.401521	5350.101409	5.230016	-0.015496	3.827210
68.486912	5355.207589	5.235021	-0.015517	3.828917
68.411611	5360.073898	5.240026	-0.015499	3.830530
68.574553	5365.168819	5.245030	-0.015538	3.832237
68.498812	5370.386903	5.250035	-0.015521	3.833967
68.485819	5375.544227	5.255040	-0.015518	3.835680
68.578868	5380.770059	5.260045	-0.015540	3.837423
68.653238	5385.776831	5.265050	-0.015559	3.839091
68.693509	5390.720141	5.270054	-0.015568	3.840735
68.620425	5395.908648	5.275059	-0.015551	3.842450
68.789191	5401.159645	5.280064	-0.015592	3.844204
68.919866	5406.557371	5.285069	-0.015624	3.846003
68.912882	5411.681494	5.290074	-0.015622	3.847700
69.036646	5416.661442	5.295078	-0.015652	3.849359
69.028586	5421.652562	5.300083	-0.015651	3.851010
69.098121	5426.732139	5.305088	-0.015668	3.852696
69.176355	5431.967792	5.310093	-0.015687	3.854434
69.365202	5437.011845	5.315098	-0.015732	3.856115
69.314492	5442.273674	5.320102	-0.015720	3.857850
69.253823	5447.233774	5.325107	-0.015706	3.859484
69.272808	5452.204529	5.330112	-0.015711	3.861126
69.409213	5457.350681	5.335117	-0.015744	3.862835
69.390852	5462.746909	5.340122	-0.015740	3.864613
69.516265	5467.989282	5.345126	-0.015770	3.866351
69.566188	5473.142969	5.350131	-0.015782	3.868053
69.502694	5478.064631	5.355136	-0.015768	3.869670
69.704295	5483.100591	5.360141	-0.015816	3.871343
69.659778	5488.220464	5.365146	-0.015806	3.873024
69.640687	5493.378619	5.370150	-0.015801	3.874720
69.797686	5498.616448	5.375155	-0.015839	3.876454
69.829978	5503.692647	5.380160	-0.015847	3.878125
69.944911	5508.647093	5.385165	-0.015875	3.879761
69.841386	5513.711383	5.390170	-0.015851	3.881417
69.843471	5518.890260	5.395174	-0.015852	3.883117
69.989325	5524.419062	5.400179	-0.015887	3.884942
70.013019	5529.580711	5.405184	-0.015893	3.886636
70.031751	5534.785729	5.410189	-0.015898	3.888344
69.966656	5539.600996	5.415194	-0.015882	3.889917
70.078890	5544.709534	5.420198	-0.015909	3.891599
70.105134	5549.867095	5.425203	-0.015916	3.893289
70.241771	5555.048178	5.430208	-0.015949	3.894995
70.212137	5560.218861	5.435213	-0.015942	3.896684
70.325431	5565.314221	5.440218	-0.015970	3.898359
70.201014	5570.189385	5.445222	-0.015940	3.899943
70.389721	5575.277118	5.450227	-0.015986	3.901619
70.349807	5580.478944	5.455232	-0.015977	3.903315
70.368156	5586.003017	5.460237	-0.015981	3.905119
70.574885	5591.081227	5.465242	-0.016031	3.906791
70.562943	5596.184185	5.470246	-0.016029	3.908455
70.608681	5601.070628	5.475251	-0.016040	3.910051
70.600699	5606.230630	5.480256	-0.016038	3.911732
70.708230	5611.357764	5.485261	-0.016064	3.913409
70.801147	5616.515294	5.490266	-0.016087	3.915095
70.841577	5621.682813	5.495270	-0.016097	3.916780
70.866395	5626.717784	5.500275	-0.016103	3.918420
70.897416	5631.639231	5.505280	-0.016111	3.920022
70.916537	5636.797807	5.510285	-0.016116	3.921700
70.925262	5642.040657	5.515290	-0.016118	3.923404
71.166589	5647.624089	5.520294	-0.016176	3.925235
71.155986	5652.772052	5.525299	-0.016174	3.926905
70.961417	5657.877900	5.530304	-0.016128	3.928548
71.132780	5662.764961	5.535309	-0.016169	3.930145
71.111847	5667.901391	5.540314	-0.016164	3.931809
71.306807	5673.049526	5.545318	-0.016211	3.933491
71.317166	5678.192164	5.550323	-0.016214	3.935157
71.351813	5683.309487	5.555328	-0.016223	3.936817
71.293526	5688.439661	5.560333	-0.016209	3.938473
71.280088	5693.323760	5.565338	-0.016206	3.940052
71.432527	5698.445867	5.570342	-0.016243	3.941719
71.648212	5703.702257	5.575347	-0.016295	3.943433
71.491308	5709.080979	5.580352	-0.016258	3.945160
71.599937	5714.266791	5.585357	-0.016284	3.946843
71.680028	5719.314047	5.590362	-0.016303	3.948478
71.715291	5724.140945	5.595366	-0.016312	3.950038
71.739504	5729.358424	5.600371	-0.016318	3.951722
71.589714	5734.548202	5.605376	-0.016283	3.953385
71.695639	5739.687412	5.610381	-0.016308	3.955049
71.869321	5744.827668	5.615386	-0.016350	3.956717
71.928837	5749.896038	5.620390	-0.016365	3.958353
71.907363	5754.833739	5.625395	-0.016360	3.959941
71.849017	5759.972598	5.630400	-0.016346	3.961590
72.009054	5765.236141	5.635405	-0.016385	3.963294
72.057608	5770.730142	5.640410	-0.016397	3.965064
71.951859	5775.916988	5.645414	-0.016372	3.966723
72.145466	5780.950778	5.650419	-0.016419	3.968354
72.075738	5785.829694	5.655424	-0.016402	3.969915
72.275617	5790.995680	5.660429	-0.016450	3.971587
72.243617	5796.178958	5.665434	-0.016443	3.973248
72.322502	5801.326823	5.670438	-0.016462	3.974904
72.390727	5806.446039	5.675443	-0.016479	3.976549
72.189542	5811.533876	5.680448	-0.016431	3.978166
72.297634	5816.418623	5.685453	-0.016457	3.979738
72.408109	5821.606207	5.690458	-0.016484	3.981406
72.434311	5826.835610	5.695462	-0.016491	3.983081
72.536191	5832.257898	5.700467	-0.016515	3.984823
72.600001	5837.348961	5.705472	-0.016531	3.986455
72.570493	5842.510051	5.710477	-0.016524	3.988102
72.589997	5847.390046	5.715482	-0.016529	3.989663
72.582259	5852.513448	5.720486	-0.016528	3.991298
72.742213	5857.648964	5.725491	-0.016566	3.992949
72.696699	5862.870815	5.730496	-0.016556	3.994612
72.671965	5868.038486	5.735501	-0.016550	3.996258
72.855795	5873.068634	5.740506	-0.016594	3.997875
72.910913	5877.946170	5.745510	-0.016608	3.999433
72.904751	5883.132783	5.750515	-0.016607	4.001085
72.940837	5888.338985	5.755520	-0.016616	4.002745
73.054866	5893.925093	5.760525	-0.016643	4.004531
73.147921	5899.053977	5.765530	-0.016666	4.006169
72.970337	5904.234849	5.770534	-0.016624	4.007804
73.073828	5909.007215	5.775539	-0.016649	4.009329
73.242495	5914.116374	5.780544	-0.016689	4.010964
73.195029	5919.361172	5.785549	-0.016678	4.012626
73.125001	5924.516550	5.790554	-0.016662	4.014259
73.250215	5929.518368	5.795558	-0.016692	4.015855
73.362660	5934.607605	5.800563	-0.016719	4.017477
73.252568	5939.471484	5.805568	-0.016693	4.019012
73.363865	5944.667453	5.810573	-0.016720	4.020667
73.375641	5949.756634	5.815578	-0.016723	4.022280
73.604177	5955.206105	5.820582	-0.016778	4.024021
73.562962	5960.394622	5.825587	-0.016769	4.025661
73.510117	5965.574875	5.830592	-0.016757	4.027297
73.591971	5970.397078	5.835597	-0.016776	4.028828
73.585415	5975.468910	5.840602	-0.016775	4.030432
73.693432	5980.551147	5.845606	-0.016801	4.032046
73.657415	5985.879324	5.850611	-0.016793	4.033727
73.714074	5990.993417	5.855616	-0.016807	4.035346
73.767778	5996.206139	5.860621	-0.016820	4.036995
73.856549	6001.058422	5.865626	-0.016842	4.038532
73.815337	6006.042898	5.870630	-0.016832	4.040102
73.778467	6011.310585	5.875635	-0.016824	4.041761
73.886492	6016.795609	5.880640	-0.016850	4.043497
74.065957	6022.040071	5.885645	-0.016893	4.045161
73.953499	6027.185496	5.890650	-0.016867	4.046775
73.964079	6032.177171	5.895654	-0.016869	4.048347
74.026763	6037.146956	5.900659	-0.016885	4.049915
74.184194	6042.306268	5.905664	-0.016923	4.051548
74.245943	6047.479825	5.910669	-0.016938	4.053179
74.257736	6052.633168	5.915674	-0.016941	4.054800
74.376717	6057.788001	5.920678	-0.016970	4.056427
74.427832	6062.785159	5.925683	-0.016982	4.058000
74.539962	6067.697917	5.930688	-0.017009	4.059550
74.498572	6072.866540	5.935693	-0.017000	4.061169
74.518602	6078.169708	5.940698	-0.017005	4.062834
74.468455	6083.544469	5.945702	-0.016993	4.064517
74.652278	6088.671418	5.950707	-0.017037	4.066136
74.636764	6093.716446	5.955712	-0.017034	4.067715
74.665105	6098.605749	5.960717	-0.017041	4.069249
74.552866	6103.805419	5.965722	-0.017015	4.070869
74.744359	6108.926978	5.970726	-0.017061	4.072485
74.766156	6114.170754	5.975731	-0.017066	4.074126
74.776201	6119.319240	5.980736	-0.017069	4.075737
74.821100	6124.414579	5.985741	-0.017080	4.077333
75.233382	6129.184870	5.990746	-0.017179	4.078850
75.475895	6134.294186	5.995750	-0.017237	4.080462
75.690948	6139.483303	6.000755	-0.017289	4.082096
75.824234	6145.119739	6.005760	-0.017321	4.083863
75.787794	6150.276287	6.010765	-0.017313	4.085470
75.948098	6155.363118	6.015770	-0.017352	4.087066
76.000596	6160.145709	6.020774	-0.017364	4.088560
76.118712	6165.294300	6.025779	-0.017393	4.090172
75.880849	6170.438248	6.030784	-0.017336	4.091759
76.145283	6175.632924	6.035789	-0.017400	4.093394
76.249726	6180.780482	6.040794	-0.017425	4.095002
76.216222	6185.899303	6.045798	-0.017418	4.096593
76.312585	6190.818652	6.050803	-0.017441	4.098129
76.276865	6195.839377	6.055808	-0.017433	4.099687
76.214239	6201.076539	6.060813	-0.017418	4.101311
76.383824	6206.425854	6.065818	-0.017459	4.102983
76.401916	6211.690861	6.070822	-0.017464	4.104619
76.393818	6216.913046	6.075827	-0.017462	4.106239
76.470429	6221.835092	6.080832	-0.017481	4.107771
76.543987	6226.766672	6.085837	-0.017499	4.109305
76.553150	6231.942952	6.090842	-0.017501	4.110911
76.539951	6237.145987	6.095846	-0.017498	4.112522
76.537654	6242.305482	6.100851	-0.017498	4.114121
76.662076	6247.431997	6.105856	-0.017528	4.115716
76.664487	6252.547140	6.110861	-0.017529	4.117299
76.703955	6257.443753	6.115866	-0.017539	4.118817
76.694735	6262.587339	6.120870	-0.017537	4.120407
76.875353	6267.789125	6.125875	-0.017580	4.122027
76.847168	6273.372020	6.130880	-0.017574	4.123751
76.871708	6278.547248	6.135885	-0.017580	4.125351
76.821145	6283.718546	6.140890	-0.017568	4.126945
76.883312	6288.506770	6.145894	-0.017584	4.128427
76.997086	6293.650520	6.150899	-0.017611	4.130021
76.974688	6298.778406	6.155904	-0.017606	4.131602
77.076939	6303.951803	6.160909	-0.017631	4.133203
77.059035	6309.114135	6.165914	-0.017627	4.134793
77.182390	6314.191024	6.170918	-0.017657	4.136365
77.153789	6319.141503	6.175923	-0.017650	4.137888
77.137679	6324.196744	6.180928	-0.017647	4.139443
77.298002	6329.369349	6.185933	-0.017685	4.141045
77.371255	6334.749396	6.190938	-0.017703	4.142705
77.473140	6339.975558	6.195942	-0.017728	4.144318
77.382322	6345.220362	6.200947	-0.017707	4.145925
77.299533	6350.162724	6.205952	-0.017687	4.147439
77.475635	6355.133931	6.210957	-0.017730	4.148976
77.356771	6360.326160	6.215962	-0.017701	4.150563
77.471200	6365.465199	6.220966	-0.017729	4.152148
77.482237	6370.672851	6.225971	-0.017732	4.153746
77.621491	6375.825154	6.230976	-0.017766	4.155335
77.705092	6380.836870	6.235981	-0.017786	4.156877
77.730463	6385.735834	6.240986	-0.017792	4.158380
77.708593	6390.922279	6.245990	-0.017787	4.159967
77.687697	6396.133952	6.250995	-0.017783	4.161562
77.898819	6401.721352	6.256000	-0.017834	4.163285
77.922770	6406.916987	6.261005	-0.017840	4.164877
78.030563	6412.011053	6.266010	-0.017866	4.166441
77.869136	6416.859688	6.271014	-0.017827	4.167914
77.921702	6421.957313	6.276019	-0.017840	4.169475
77.987477	6427.107368	6.281024	-0.017856	4.171053
77.980297	6432.305660	6.286029	-0.017855	4.172640
77.961598	6437.411065	6.291034	-0.017851	4.174198
77.995241	6442.595917	6.296038	-0.017859	4.175782
78.141577	6447.544320	6.301043	-0.017895	4.177301
78.173925	6452.515233	6.306048	-0.017903	4.178818
78.155599	6457.634278	6.311053	-0.017899	4.180378
78.163860	6462.970240	6.316058	-0.017901	4.182004
78.228608	6468.340103	6.321062	-0.017917	4.183644
78.280028	6473.511699	6.326067	-0.017929	4.185222
78.308809	6478.556398	6.331072	-0.017937	4.186759
78.421807	6483.439501	6.336077	-0.017964	4.188252
78.404648	6488.572960	6.341082	-0.017960	4.189812
78.379765	6493.733477	6.346086	-0.017954	4.191380
78.564396	6498.893463	6.351091	-0.017999	4.192959
78.588232	6504.070835	6.356096	-0.018005	4.194534
78.550973	6509.262242	6.361101	-0.017996	4.196108
78.578196	6514.128117	6.366106	-0.018003	4.197587
78.629888	6519.191512	6.371110	-0.018016	4.199127
78.603545	6524.369964	6.376115	-0.018010	4.200696
78.793088	6529.843426	6.381120	-0.018056	4.202367
78.796442	6535.144669	6.386125	-0.018057	4.203975
78.919008	6540.270919	6.391130	-0.018086	4.205535
78.970611	6545.270827	6.396134	-0.018099	4.207053
78.926318	6550.273892	6.401139	-0.018089	4.208565
78.873948	6555.394834	6.406144	-0.018077	4.210112
79.139480	6560.506780	6.411149	-0.018140	4.211675
79.010544	6565.716743	6.416154	-0.018110	4.213243
78.912316	6570.914316	6.421158	-0.018087	4.214809
79.057586	6576.038150	6.426163	-0.018122	4.216366
79.063527	6580.801604	6.431168	-0.018123	4.217805
79.057958	6585.984541	6.436173	-0.018122	4.219370
79.074558	6591.139206	6.441178	-0.018127	4.220928
79.206156	6596.615752	6.446182	-0.018159	4.222588
79.236549	6601.832745	6.451187	-0.018166	4.224164
79.334966	6606.941083	6.456192	-0.018190	4.225710
79.506744	6611.833992	6.461197	-0.018231	4.227195
79.464100	6616.883436	6.466202	-0.018222	4.228715
79.298107	6622.085176	6.471206	-0.018182	4.230272
79.386403	6627.273468	6.476211	-0.018204	4.231839
79.473828	6632.392308	6.481216	-0.018225	4.233385
79.493574	6637.546964	6.486221	-0.018230	4.234938
79.453060	6642.637376	6.491226	-0.018221	4.236467
79.555694	6647.504507	6.496230	-0.018245	4.237936
79.705337	6652.684180	6.501235	-0.018281	4.239502
79.643996	6657.870373	6.506240	-0.018267	4.241056
79.714137	6663.521562	6.511245	-0.018284	4.242758
79.820576	6668.677133	6.516250	-0.018310	4.244312
79.780397	6673.850526	6.521254	-0.018301	4.245863
79.861588	6678.661997	6.526259	-0.018320	4.247311
79.955619	6683.678788	6.531264	-0.018343	4.248821
80.124296	6688.868353	6.536269	-0.018384	4.250387
80.009900	6694.081197	6.541274	-0.018357	4.251942
79.999565	6699.210175	6.546278	-0.018355	4.253478
80.004530	6704.351605	6.551283	-0.018356	4.255018
80.032020	6709.413379	6.556288	-0.018363	4.256535
80.103043	6714.122193	6.561293	-0.018380	4.257949
80.123331	6719.310975	6.566298	-0.018386	4.259502
80.165409	6724.500599	6.571302	-0.018396	4.261057
80.113752	6729.972308	6.576307	-0.018384	4.262689
80.141443	6735.161280	6.581312	-0.018391	4.264242
80.338100	6740.285237	6.586317	-0.018438	4.265784
80.345993	6745.090749	6.591322	-0.018441	4.267219
80.412830	6750.185733	6.596326	-0.018457	4.268744
80.475772	6755.385850	6.601331	-0.018472	4.270299
80.455840	6760.570246	6.606336	-0.018468	4.271845
80.502719	6765.764677	6.611341	-0.018479	4.273396
80.514615	6770.900656	6.616346	-0.018482	4.274928
80.514234	6775.918222	6.621350	-0.018483	4.276423
80.548114	6780.827229	6.626355	-0.018491	4.277887
80.660914	6785.999708	6.631360	-0.018518	4.279434
80.692855	6791.248248	6.636365	-0.018526	4.280998
80.696366	6796.831541	6.641370	-0.018528	4.282660
80.770125	6801.983716	6.646374	-0.018546	4.284196
80.836329	6807.133951	6.651379	-0.018562	4.285731
80.973933	6811.878536	6.656384	-0.018595	4.287149
80.846165	6817.076567	6.661389	-0.018565	4.288687
80.922233	6822.189377	6.666394	-0.018583	4.290210
80.965843	6827.359609	6.671398	-0.018594	4.291747
81.094814	6832.537625	6.676403	-0.018625	4.293291
81.008740	6837.735120	6.681408	-0.018605	4.294829
81.214052	6842.679275	6.686413	-0.018654	4.296307
81.139657	6847.629655	6.691418	-0.018637	4.297770
81.304325	6852.810421	6.696422	-0.018676	4.299315
81.273921	6858.035217	6.701427	-0.018670	4.300861
81.211642	6863.443959	6.706432	-0.018655	4.302460
81.393890	6868.586042	6.711437	-0.018699	4.303992
81.357321	6873.759650	6.716442	-0.018690	4.305521
81.458825	6878.539695	6.721446	-0.018715	4.306941
81.482405	6883.681240	6.726451	-0.018721	4.308463
81.394001	6888.838279	6.731456	-0.018700	4.309983
81.561917	6894.073599	6.736461	-0.018741	4.311540
81.412581	6899.233057	6.741466	-0.018705	4.313056
81.604212	6904.354602	6.746470	-0.018751	4.314579
81.665984	6909.430457	6.751475	-0.018767	4.316081
81.492351	6914.344855	6.756480	-0.018725	4.317522
81.636072	6919.494557	6.761485	-0.018760	4.319049
81.745174	6924.724601	6.766490	-0.018786	4.320598
81.891335	6930.303374	6.771494	-0.018822	4.322250
81.968642	6935.458556	6.776499	-0.018841	4.323774
81.907965	6940.584115	6.781504	-0.018826	4.325281
82.139183	6945.381300	6.786509	-0.018882	4.326706
82.025381	6950.452364	6.791514	-0.018855	4.328193
82.023545	6955.620972	6.796518	-0.018855	4.329714
82.100878	6960.852008	6.801523	-0.018874	4.331257
82.154198	6965.975797	6.806528	-0.018887	4.332767
82.059317	6971.194803	6.811533	-0.018864	4.334296
82.181568	6976.198896	6.816538	-0.018894	4.335773
82.157902	6981.069222	6.821542	-0.018889	4.337203
82.283625	6986.245132	6.826547	-0.018919	4.338730
82.178467	6991.433818	6.831552	-0.018894	4.340248
82.267082	6996.946922	6.836557	-0.018916	4.341870
82.422077	7002.063469	6.841562	-0.018953	4.343380
82.430330	7007.193030	6.846566	-0.018955	4.344885
82.351472	7012.135989	6.851571	-0.018937	4.346329
82.376380	7017.163670	6.856576	-0.018943	4.347804
82.531203	7022.344927	6.861581	-0.018981	4.349331
82.493731	7027.465454	6.866586	-0.018972	4.350828
82.495302	7032.629591	6.871590	-0.018973	4.352340
82.686164	7037.817189	6.876595	-0.019019	4.353869
82.649203	7042.921616	6.881600	-0.019010	4.355360
82.726247	7047.724947	6.886605	-0.019029	4.356769
82.677505	7052.907556	6.891610	-0.019017	4.358282
82.959850	7058.007604	6.896614	-0.019085	4.359788
82.840909	7063.679095	6.901619	-0.019057	4.361438
82.875364	7068.857324	6.906624	-0.019066	4.362952
83.044377	7074.010553	6.911629	-0.019107	4.364466
82.865962	7079.031351	6.916634	-0.019064	4.365922
83.035418	7083.945125	6.921638	-0.019105	4.367364
82.971170	7089.105678	6.926643	-0.019090	4.368866
82.949299	7094.293436	6.931648	-0.019085	4.370377
82.991362	7099.485229	6.936653	-0.019095	4.371893
83.046216	7104.635775	6.941658	-0.019109	4.373396
83.002523	7109.801801	6.946662	-0.019099	4.374899
83.090147	7114.641075	6.951667	-0.019120	4.376312
83.242110	7119.649373	6.956672	-0.019157	4.377778
83.355540	7124.840263	6.961677	-0.019184	4.379294
83.334667	7130.245290	6.966682	-0.019180	4.380865
83.365068	7135.506540	6.971686	-0.019187	4.382397
83.469222	7140.663852	6.976691	-0.019212	4.383901
83.522614	7145.747285	6.981696	-0.019225	4.385381
83.404297	7150.588395	6.986701	-0.019197	4.386781
83.439561	7155.784926	6.991706	-0.019206	4.388292
83.617802	7160.924013	6.996710	-0.019249	4.389793
83.650923	7166.166510	7.001715	-0.019257	4.391316
83.534943	7171.281713	7.006720	-0.019230	4.392793
83.641708	7176.436952	7.011725	-0.019256	4.394294
83.705605	7181.433684	7.016730	-0.019271	4.395745
83.706938	7186.394889	7.021734	-0.019272	4.397183
83.620263	7191.604263	7.026739	-0.019252	4.398688
83.677817	7196.882132	7.031744	-0.019266	4.400219
83.935035	7202.412834	7.036749	-0.019328	4.401833
83.967989	7207.584588	7.041754	-0.019336	4.403332
83.975985	7212.746409	7.046758	-0.019338	4.404825
83.954974	7217.527551	7.051763	-0.019333	4.406207
83.954649	7222.612147	7.056768	-0.019334	4.407677
84.023411	7227.777886	7.061773	-0.019350	4.409173
84.039457	7232.992683	7.066778	-0.019355	4.410680
83.998425	7238.131913	7.071782	-0.019345	4.412162
84.139294	7243.272740	7.076787	-0.019379	4.413654
84.085412	7248.364715	7.081792	-0.019366	4.415120
84.114467	7253.254133	7.086797	-0.019374	4.416532
84.171525	7258.376142	7.091802	-0.019388	4.418013
84.150439	7263.538746	7.096806	-0.019383	4.419500
84.411155	7268.987590	7.101811	-0.019446	4.421084
84.241158	7274.181431	7.106816	-0.019405	4.422571
84.285735	7279.423312	7.111821	-0.019416	4.424083
84.498031	7284.317215	7.116826	-0.019467	4.425503
84.460027	7289.243167	7.121830	-0.019459	4.426919
84.426352	7294.462923	7.126835	-0.019451	4.428419
84.467651	7299.650497	7.131840	-0.019461	4.429913
84.616065	7304.793677	7.136845	-0.019497	4.431400
84.723010	7309.929690	7.141850	-0.019523	4.432881
84.588625	7315.071095	7.146854	-0.019491	4.434352
84.621954	7320.009452	7.151859	-0.019499	4.435772
84.627460	7325.016306	7.156864	-0.019501	4.437210
84.855370	7330.155151	7.161869	-0.019556	4.438697
84.798159	7335.551822	7.166874	-0.019542	4.440242
84.766338	7341.028599	7.171878	-0.019535	4.441812
84.848130	7346.227013	7.176883	-0.019555	4.443307
84.945893	7351.337247	7.181888	-0.019579	4.444777
85.004526	7356.074734	7.186893	-0.019593	4.446137
84.967240	7361.215320	7.191898	-0.019584	4.447608
85.064800	7366.377490	7.196902	-0.019608	4.449091
85.133008	7371.592380	7.201907	-0.019625	4.450588
84.958318	7376.714233	7.206912	-0.019583	4.452045
85.044510	7381.911978	7.211917	-0.019604	4.453536
85.042494	7386.988306	7.216922	-0.019604	4.454988
84.998522	7391.830100	7.221926	-0.019594	4.456370
85.147083	7397.029675	7.226931	-0.019630	4.457863
85.119842	7402.235573	7.231936	-0.019624	4.459349
85.270363	7407.693074	7.236941	-0.019660	4.460916
85.344183	7412.806149	7.241946	-0.019678	4.462379
85.324580	7417.968958	7.246950	-0.019674	4.463852
85.398444	7422.982561	7.251955	-0.019691	4.465286
85.410421	7427.892554	7.256960	-0.019695	4.466687
85.477683	7433.075875	7.261965	-0.019711	4.468169
85.487620	7438.255579	7.266970	-0.019714	4.469646
85.504073	7443.432578	7.271974	-0.019718	4.471122
85.521480	7448.623184	7.276979	-0.019723	4.472601
85.633112	7453.690601	7.281984	-0.019750	4.474050
85.589094	7458.664959	7.286989	-0.019739	4.475464
85.725274	7463.694110	7.291994	-0.019772	4.476902
85.426103	7468.876079	7.296998	-0.019701	4.478361
85.672136	7474.192509	7.302003	-0.019760	4.479886
85.754100	7479.540310	7.307008	-0.019780	4.481410
85.760714	7484.675569	7.312013	-0.019782	4.482870
85.759695	7489.865472	7.317018	-0.019782	4.484344
85.681233	7494.639515	7.322022	-0.019764	4.485697
85.846734	7499.734680	7.327027	-0.019804	4.487151
85.872975	7504.797250	7.332032	-0.019810	4.488590
85.849444	7510.073593	7.337037	-0.019805	4.490086
86.017726	7515.271348	7.342042	-0.019845	4.491569
86.005059	7520.376460	7.347046	-0.019843	4.493016
86.092395	7525.502379	7.352051	-0.019864	4.494473
86.048262	7530.337440	7.357056	-0.019854	4.495841
86.087545	7535.464945	7.362061	-0.019863	4.497296
86.266122	7540.606624	7.367066	-0.019906	4.498760
86.303323	7546.110637	7.372070	-0.019916	4.500320
86.450267	7551.335206	7.377075	-0.019951	4.501806
86.365581	7556.425685	7.382080	-0.019931	4.503242
86.386335	7561.501949	7.387085	-0.019936	4.504679
86.543353	7566.396441	7.392090	-0.019974	4.506071
86.518475	7571.517956	7.397094	-0.019969	4.507517
86.637023	7576.684059	7.402099	-0.019997	4.508982
86.423227	7581.927295	7.407104	-0.019947	4.510453
86.468763	7587.021870	7.412109	-0.019958	4.511894
86.576349	7592.241371	7.417114	-0.019984	4.513373
86.713407	7597.162179	7.422118	-0.020017	4.514768
86.677933	7602.140420	7.427123	-0.020009	4.516171
86.612724	7607.334496	7.432128	-0.019993	4.517632
86.769742	7612.562318	7.437133	-0.020031	4.519114
86.852016	7618.150238	7.442138	-0.020051	4.520692
86.852564	7623.310659	7.447142	-0.020052	4.522146
86.945149	7628.482668	7.452147	-0.020074	4.523607
86.879153	7633.307242	7.457152	-0.020059	4.524963
86.871201	7638.336422	7.462157	-0.020057	4.526378
86.874583	7643.590522	7.467162	-0.020058	4.527856
87.010254	7648.645311	7.472166	-0.020091	4.529285
87.064189	7653.842097	7.477171	-0.020104	4.530749
87.003550	7659.003227	7.482176	-0.020090	4.532197
87.100001	7663.917334	7.487181	-0.020114	4.533582
87.168204	7668.855506	7.492186	-0.020130	4.534973
87.174865	7673.868925	7.497190	-0.020132	4.536381
87.233068	7679.127702	7.502195	-0.020146	4.537860
87.156584	7684.393008	7.507200	-0.020128	4.539335
87.393114	7689.735511	7.512205	-0.020185	4.540845
87.361585	7694.954440	7.517210	-0.020178	4.542307
87.382304	7700.083890	7.522214	-0.020183	4.543746
87.463725	7704.892920	7.527219	-0.020203	4.545098
87.436453	7709.993449	7.532224	-0.020197	4.546526
87.407536	7715.142660	7.537229	-0.020190	4.547967
87.581151	7720.338867	7.542234	-0.020232	4.549430
87.543615	7725.508427	7.547238	-0.020224	4.550876
87.709478	7730.620076	7.552243	-0.020264	4.552314
87.672543	7735.710229	7.557248	-0.020255	4.553737
87.679447	7740.569161	7.562253	-0.020257	4.555096
87.682361	7745.712738	7.567258	-0.020258	4.556534
87.742913	7750.859539	7.572262	-0.020273	4.557976
87.880063	7756.350628	7.577267	-0.020306	4.559516
87.848565	7761.743027	7.582272	-0.020299	4.561021
87.975661	7766.954377	7.587277	-0.020329	4.562482
87.936573	7772.076376	7.592282	-0.020320	4.563910
88.060188	7776.793756	7.597286	-0.020350	4.565232
88.074462	7782.004036	7.602291	-0.020354	4.566687
88.165727	7787.082353	7.607296	-0.020376	4.568107
88.038782	7792.352833	7.612301	-0.020346	4.569571
88.153127	7797.483233	7.617306	-0.020374	4.571006
88.159289	7802.601725	7.622310	-0.020376	4.572432
88.286332	7807.752363	7.627315	-0.020406	4.573873
88.252416	7812.483726	7.632320	-0.020399	4.575189
88.179050	7817.662612	7.637325	-0.020381	4.576627
88.363318	7822.864750	7.642330	-0.020426	4.578083
88.315972	7828.250273	7.647334	-0.020415	4.579579
88.357667	7833.589260	7.652339	-0.020425	4.581066
88.285944	7838.764381	7.657344	-0.020408	4.582502
88.384746	7843.823312	7.662349	-0.020432	4.583912
88.455367	7848.649070	7.667354	-0.020449	4.585256
88.524712	7853.758631	7.672358	-0.020466	4.586678
88.466758	7859.018778	7.677363	-0.020453	4.588136
88.657621	7864.109498	7.682368	-0.020499	4.589558
88.657101	7869.220680	7.687373	-0.020499	4.590977
88.662534	7874.511435	7.692378	-0.020501	4.592444
88.580017	7879.528840	7.697382	-0.020481	4.593832
88.654757	7884.356602	7.702387	-0.020499	4.595174
88.770546	7889.472034	7.707392	-0.020527	4.596597
88.901900	7894.644033	7.712397	-0.020559	4.598036
88.915020	7900.295689	7.717402	-0.020563	4.599602
88.812233	7905.496691	7.722406	-0.020538	4.601037
88.981578	7910.712733	7.727411	-0.020579	4.602489
88.845162	7915.738487	7.732416	-0.020547	4.603874
88.873936	7920.617098	7.737421	-0.020554	4.605224
89.026384	7925.768456	7.742426	-0.020591	4.606656
89.163583	7930.879879	7.747430	-0.020624	4.608075
89.114412	7936.145000	7.752435	-0.020612	4.609528
89.099304	7941.206245	7.757440	-0.020609	4.610926
89.067160	7946.436811	7.762445	-0.020602	4.612369
89.308594	7951.458747	7.767450	-0.020660	4.613767
89.288925	7956.359119	7.772454	-0.020655	4.615118
89.270906	7961.526552	7.777459	-0.020651	4.616544
89.178546	7966.645261	7.782464	-0.020630	4.617952
89.315903	7972.156620	7.787469	-0.020663	4.619478
89.415814	7977.408560	7.792474	-0.020687	4.620930
89.408210	7982.527590	7.797478	-0.020686	4.622340
89.498860	7987.559930	7.802483	-0.020708	4.623731
89.472106	7992.399468	7.807488	-0.020702	4.625063
89.575384	7997.582473	7.812493	-0.020727	4.626495
89.495544	8002.718080	7.817498	-0.020708	4.627905
89.708561	8007.935596	7.822502	-0.020759	4.629350
89.611240	8013.095307	7.827507	-0.020736	4.630765
89.708946	8018.289089	7.832512	-0.020760	4.632198
89.758174	8023.275306	7.837517	-0.020772	4.633571
89.758340	8028.179935	7.842522	-0.020772	4.634919
89.717299	8033.330032	7.847526	-0.020763	4.636332
89.847039	8038.493230	7.852531	-0.020794	4.637756
89.723726	8044.132541	7.857536	-0.020765	4.639299
89.806935	8049.397460	7.862541	-0.020785	4.640748
89.850848	8054.588350	7.867546	-0.020796	4.642175
89.907999	8059.560233	7.872550	-0.020810	4.643541
89.931815	8064.470559	7.877555	-0.020816	4.644889
89.997085	8069.584170	7.882560	-0.020832	4.646294
90.002851	8074.763416	7.887565	-0.020834	4.647714
90.108956	8079.912475	7.892570	-0.020859	4.649129
90.135283	8085.000472	7.897574	-0.020866	4.650524
90.168894	8090.281550	7.902579	-0.020874	4.651972
90.133379	8095.311687	7.907584	-0.020866	4.653348
90.236304	8100.096797	7.912589	-0.020891	4.654662
90.452581	8105.270617	7.917594	-0.020943	4.656087
90.293724	8110.452425	7.922598	-0.020905	4.657497
90.227826	8115.899808	7.927603	-0.020890	4.658984
90.316547	8121.176200	7.932608	-0.020912	4.660430
90.496418	8126.253747	7.937613	-0.020955	4.661825
90.483701	8131.448702	7.942618	-0.020952	4.663244
90.205909	8136.201883	7.947622	-0.020886	4.664530
90.501432	8141.371139	7.952627	-0.020957	4.665954
90.499649	8146.467169	7.957632	-0.020957	4.667345
90.439592	8151.747736	7.962637	-0.020943	4.668783
90.608104	8156.861543	7.967642	-0.020984	4.670185
90.688708	8162.059314	7.972646	-0.021003	4.671606
90.787390	8167.180287	7.977651	-0.021027	4.673006
90.620829	8171.988850	7.982656	-0.020988	4.674310
90.612366	8177.101933	7.987661	-0.020986	4.675702
90.713819	8182.255668	7.992666	-0.021010	4.677110
90.768566	8187.700318	7.997670	-0.021024	4.678595
90.813076	8193.142563	8.002675	-0.021035	4.680078
90.930995	8198.249318	8.007680	-0.021063	4.681473
90.841558	8203.363269	8.012685	-0.021042	4.682860
91.018943	8208.180337	8.017690	-0.021085	4.684178
90.922270	8213.312121	8.022694	-0.021062	4.685569
91.015331	8218.479342	8.027699	-0.021085	4.686977
91.090514	8223.654346	8.032704	-0.021103	4.688387
91.055113	8228.827252	8.037709	-0.021095	4.689790
91.296840	8234.005090	8.042714	-0.021153	4.691207
91.183490	8239.095327	8.047718	-0.021126	4.692584
91.209669	8244.012594	8.052723	-0.021133	4.693919
91.266576	8249.087674	8.057728	-0.021147	4.695299
91.320813	8254.241803	8.062733	-0.021160	4.696699
91.260859	8259.531271	8.067738	-0.021146	4.698131
91.237089	8264.938899	8.072742	-0.021141	4.699595
91.391341	8270.106686	8.077747	-0.021178	4.701002
91.446471	8275.271606	8.082752	-0.021192	4.702404
91.528913	8280.118012	8.087757	-0.021212	4.703720
91.467112	8285.171151	8.092762	-0.021197	4.705085
91.515052	8290.297853	8.097766	-0.021209	4.706475
91.524040	8295.505864	8.102771	-0.021211	4.707884
91.682410	8300.663871	8.107776	-0.021250	4.709286
91.657180	8305.836339	8.112781	-0.021244	4.710684
91.586803	8311.026425	8.117786	-0.021227	4.712084
91.691602	8315.950011	8.122790	-0.021253	4.713419
91.869068	8320.848991	8.127795	-0.021295	4.714750
91.836545	8326.094462	8.132800	-0.021288	4.716165
91.873879	8331.199113	8.137805	-0.021297	4.717545
91.870874	8336.994964	8.142810	-0.021297	4.719110
91.871878	8342.057394	8.147814	-0.021297	4.720476
91.873088	8347.323801	8.152819	-0.021298	4.721897
91.955733	8352.278512	8.157824	-0.021318	4.723236
92.042803	8357.179559	8.162829	-0.021339	4.724561
91.820977	8362.408805	8.167834	-0.021287	4.725962
92.038239	8367.514440	8.172838	-0.021339	4.727347
92.116179	8372.719059	8.177843	-0.021358	4.728752
92.104550	8377.816950	8.182848	-0.021355	4.730124
92.200296	8382.975604	8.187853	-0.021379	4.731517
92.232838	8388.038544	8.192858	-0.021387	4.732881
92.127115	8392.918252	8.197862	-0.021362	4.734190
92.215518	8398.025613	8.202867	-0.021383	4.735567
92.358183	8403.215785	8.207872	-0.021418	4.736969
92.354675	8408.609381	8.212877	-0.021417	4.738418
92.447453	8413.956576	8.217882	-0.021440	4.739859
92.425839	8419.059821	8.222886	-0.021435	4.741229
92.580906	8424.270759	8.227891	-0.021472	4.742635
92.486842	8429.033119	8.232896	-0.021450	4.743910
92.496440	8434.150040	8.237901	-0.021453	4.745284
92.560068	8439.330233	8.242906	-0.021468	4.746677
92.740694	8444.498103	8.247910	-0.021512	4.748071
92.639681	8449.699973	8.252915	-0.021488	4.749462
92.642531	8454.799453	8.257920	-0.021489	4.750829
92.730334	8459.996166	8.262925	-0.021510	4.752226
92.779419	8464.784186	8.267930	-0.021522	4.753511
92.711926	8469.910078	8.272934	-0.021506	4.754881
92.900605	8475.071909	8.277939	-0.021552	4.756271
92.798848	8480.418068	8.282944	-0.021528	4.757699
92.910240	8485.910556	8.287949	-0.021555	4.759173
92.921982	8491.103211	8.292954	-0.021558	4.760563
92.941386	8496.269414	8.297958	-0.021563	4.761946
93.020224	8501.166857	8.302963	-0.021582	4.763259
93.163458	8506.176515	8.307968	-0.021617	4.764604
93.083013	8511.306878	8.312973	-0.021598	4.765972
93.339988	8516.421978	8.317978	-0.021660	4.767348
93.112494	8521.608377	8.322982	-0.021605	4.768725
93.261025	8526.791492	8.327987	-0.021641	4.770115
93.387864	8531.981673	8.332992	-0.021672	4.771505
93.234952	8536.881982	8.337997	-0.021636	4.772807
93.336299	8541.886929	8.343002	-0.021660	4.774147
93.285064	8546.976415	8.348006	-0.021648	4.775502
93.347099	8552.215938	8.353011	-0.021663	4.776902
93.368216	8557.703080	8.358016	-0.021669	4.778365
93.503120	8562.814512	8.363021	-0.021701	4.779733
93.570610	8568.121234	8.368026	-0.021718	4.781149
93.605893	8573.122388	8.373030	-0.021727	4.782483
93.576426	8577.965474	8.378035	-0.021720	4.783771
93.518726	8583.147059	8.383040	-0.021706	4.785148
93.688565	8588.244404	8.388045	-0.021747	4.786511
93.768101	8593.517091	8.393050	-0.021767	4.787917
93.737434	8598.602993	8.398054	-0.021760	4.789269
93.761925	8603.851464	8.403059	-0.021766	4.790665
93.737962	8608.992166	8.408064	-0.021761	4.792031
93.795691	8613.747749	8.413069	-0.021775	4.793297
93.909186	8618.929083	8.418074	-0.021802	4.794678
93.840911	8624.048727	8.423078	-0.021786	4.796035
93.989655	8629.446736	8.428083	-0.021822	4.797474
93.826374	8634.953526	8.433088	-0.021783	4.798929
93.940084	8640.135120	8.438093	-0.021811	4.800308
94.068882	8645.310193	8.443098	-0.021842	4.801686
93.982188	8650.183256	8.448102	-0.021822	4.802975
94.044700	8655.190545	8.453107	-0.021837	4.804305
94.079567	8660.344547	8.458112	-0.021845	4.805673
94.104397	8665.495567	8.463117	-0.021852	4.807038
94.181294	8670.746717	8.468122	-0.021870	4.808432
94.223191	8675.826367	8.473126	-0.021881	4.809779
94.176607	8681.030902	8.478131	-0.021870	4.811155
94.293438	8686.035548	8.483136	-0.021898	4.812484
94.388149	8690.860673	8.488141	-0.021921	4.813765
94.356498	8696.081564	8.493146	-0.021914	4.815145
94.481992	8701.110465	8.498150	-0.021944	4.816479
94.496993	8706.631213	8.503155	-0.021948	4.817940
94.409711	8711.947197	8.508160	-0.021928	4.819341
94.398731	8717.056570	8.513165	-0.021925	4.820691
94.553465	8722.190064	8.518170	-0.021963	4.822053
94.513752	8726.919755	8.523174	-0.021953	4.823300
94.626084	8732.038418	8.528179	-0.021981	4.824656
94.520364	8737.293374	8.533184	-0.021956	4.826039
94.666468	8742.411414	8.538189	-0.021991	4.827395
94.868399	8747.581088	8.543194	-0.022040	4.828766
94.837456	8752.710409	8.548198	-0.022033	4.830118
94.787810	8757.869837	8.553203	-0.022021	4.831476
94.928626	8762.829850	8.558208	-0.022055	4.832788
94.917161	8767.792438	8.563213	-0.022053	4.834096
94.980080	8772.919012	8.568218	-0.022068	4.835448
94.903904	8778.206396	8.573223	-0.022050	4.836838
94.999434	8783.862678	8.578227	-0.022073	4.838331
94.940128	8789.029825	8.583232	-0.022059	4.839688
95.022805	8794.166743	8.588237	-0.022079	4.841043
95.121972	8799.167507	8.593242	-0.022104	4.842362
95.108389	8803.989440	8.598247	-0.022101	4.843630
95.111581	8809.179661	8.603251	-0.022102	4.844994
95.159912	8814.165492	8.608256	-0.022114	4.846306
95.173513	8819.363087	8.613261	-0.022117	4.847673
95.147312	8824.567669	8.618266	-0.022111	4.849039
95.200668	8829.719888	8.623271	-0.022124	4.850394
95.250111	8834.836045	8.628275	-0.022136	4.851739
95.218424	8839.643647	8.633280	-0.022129	4.852999
95.151614	8844.782197	8.638285	-0.022113	4.854345
95.400136	8849.883404	8.643290	-0.022173	4.855692
95.379220	8855.268515	8.648295	-0.022169	4.857104
95.560348	8860.617834	8.653299	-0.022212	4.858513
95.600733	8865.793936	8.658304	-0.022222	4.859871
95.572846	8870.957047	8.663309	-0.022216	4.861223
95.586356	8875.859625	8.668314	-0.022219	4.862507
95.577597	8880.786826	8.673319	-0.022218	4.863797
95.606216	8886.041758	8.678323	-0.022225	4.865174
95.707959	8891.130702	8.683328	-0.022249	4.866510
95.692984	8896.338471	8.688333	-0.022246	4.867872
95.702245	8901.577802	8.693338	-0.022249	4.869243
95.815795	8906.669454	8.698343	-0.022276	4.870578
95.769630	8911.737745	8.703347	-0.022265	4.871902
95.839520	8916.610004	8.708352	-0.022282	4.873178
95.893889	8921.777235	8.713357	-0.022296	4.874530
95.944425	8926.914165	8.718362	-0.022308	4.875874
95.824024	8932.498999	8.723367	-0.022280	4.877328
96.035942	8937.832254	8.728371	-0.022331	4.878728
96.105537	8942.992602	8.733376	-0.022348	4.880077
95.956750	8948.224669	8.738381	-0.022313	4.881437
96.081252	8952.995046	8.743386	-0.022343	4.882686
96.136848	8957.993897	8.748391	-0.022356	4.883991
96.221051	8963.195026	8.753395	-0.022377	4.885350
96.418942	8968.331971	8.758400	-0.022424	4.886696
96.242299	8973.504111	8.763405	-0.022382	4.888038
96.290837	8978.775537	8.768410	-0.022394	4.889413
96.333665	8983.884977	8.773415	-0.022405	4.890745
96.419334	8988.769400	8.778419	-0.022426	4.892020
96.480552	8993.706387	8.783424	-0.022441	4.893307
96.426301	8998.882163	8.788429	-0.022428	4.894652
96.501418	9004.082811	8.793434	-0.022446	4.896007
96.371899	9009.539231	8.798439	-0.022416	4.897422
96.465799	9014.765549	8.803443	-0.022438	4.898784
96.580214	9019.940155	8.808448	-0.022466	4.900133
96.599590	9025.073637	8.813453	-0.022471	4.901468
96.576693	9029.853597	8.818458	-0.022466	4.902709
96.781060	9034.909832	8.823463	-0.022515	4.904029
96.694806	9040.126430	8.828467	-0.022495	4.905381
96.729842	9045.346352	8.833472	-0.022504	4.906737
96.670048	9050.482869	8.838477	-0.022490	4.908068
96.814983	9055.604419	8.843482	-0.022525	4.909401
96.836022	9060.788375	8.848487	-0.022530	4.910747
96.772704	9065.757345	8.853491	-0.022515	4.912033
96.827356	9070.719213	8.858496	-0.022528	4.913321
96.811229	9075.873680	8.863501	-0.022525	4.914656
96.919525	9081.104700	8.868506	-0.022551	4.916015
96.936119	9086.739878	8.873511	-0.022555	4.917476
96.846540	9091.931301	8.878515	-0.022534	4.918817
97.092686	9097.085941	8.883520	-0.022594	4.920160
97.100371	9102.233614	8.888525	-0.022596	4.921492
97.126302	9106.998934	8.893530	-0.022602	4.922726
97.121752	9112.118313	8.898535	-0.022601	4.924050
96.974659	9117.345906	8.903539	-0.022567	4.925397
97.168061	9122.490417	8.908544	-0.022613	4.926733
97.186425	9127.603719	8.913549	-0.022618	4.928055
97.253780	9132.837669	8.918554	-0.022634	4.929410
97.284250	9137.943725	8.923559	-0.022642	4.930730
97.232734	9142.901047	8.928563	-0.022630	4.932008
97.331529	9147.886002	8.933568	-0.022654	4.933299
97.426134	9153.030098	8.938573	-0.022677	4.934630
97.302973	9158.231774	8.943578	-0.022648	4.935968
97.328353	9163.715692	8.948583	-0.022654	4.937383
97.398722	9169.012530	8.953587	-0.022671	4.938752
97.671890	9174.115005	8.958592	-0.022737	4.940076
97.487035	9179.164406	8.963597	-0.022693	4.941372
97.463550	9183.961545	8.968602	-0.022688	4.942607
97.650360	9189.144760	8.973607	-0.022733	4.943949
97.748056	9194.310642	8.978611	-0.022756	4.945282
97.633968	9199.518618	8.983616	-0.022729	4.946619
97.663199	9204.639137	8.988621	-0.022737	4.947939
97.723421	9209.860172	8.993626	-0.022751	4.949284
97.826262	9215.011624	8.998631	-0.022776	4.950613
97.767970	9219.874424	9.003635	-0.022763	4.951862
97.843843	9224.886347	9.008640	-0.022781	4.953153
97.924104	9230.047218	9.013645	-0.022801	4.954482
97.900660	9235.244655	9.018650	-0.022795	4.955817
97.953258	9240.908925	9.023655	-0.022808	4.957274
98.048641	9246.148797	9.028659	-0.022832	4.958623
98.110294	9251.306884	9.033664	-0.022847	4.959950
98.185645	9256.349075	9.038669	-0.022865	4.961247
98.192698	9261.126364	9.043674	-0.022867	4.962473
98.174344	9266.291391	9.048679	-0.022863	4.963798
98.077011	9271.494618	9.053683	-0.022840	4.965129
98.190504	9276.654156	9.058688	-0.022867	4.966456
98.245348	9281.725123	9.063693	-0.022881	4.967758
98.363446	9287.002598	9.068698	-0.022909	4.969114
98.316753	9292.120865	9.073703	-0.022899	4.970424
98.344518	9297.023842	9.078707	-0.022906	4.971681
98.384001	9301.974131	9.083712	-0.022915	4.972950
98.459035	9307.204122	9.088717	-0.022934	4.974292
98.379807	9312.419636	9.093722	-0.022915	4.975624
98.396117	9317.918535	9.098727	-0.022919	4.977032
98.451951	9323.040552	9.103731	-0.022933	4.978344
98.628246	9328.201281	9.108736	-0.022975	4.979670
98.640552	9333.346183	9.113741	-0.022979	4.980986
98.685476	9338.120702	9.118746	-0.022990	4.982208
98.588067	9343.203803	9.123751	-0.022967	4.983504
98.707473	9348.393024	9.128755	-0.022996	4.984833
98.697109	9353.648798	9.133760	-0.022993	4.986176
98.748940	9358.707466	9.138765	-0.023006	4.987469
98.852646	9363.889404	9.143770	-0.023031	4.988795
98.766168	9369.052430	9.148775	-0.023011	4.990110
98.882543	9374.063030	9.153779	-0.023039	4.991392
98.864958	9378.977793	9.158784	-0.023035	4.992646
98.841161	9384.136970	9.163789	-0.023030	4.993961
99.043084	9389.263341	9.168794	-0.023078	4.995274
98.880137	9394.911680	9.173799	-0.023040	4.996709
99.161992	9400.198911	9.178803	-0.023108	4.998065
99.091284	9405.374422	9.183808	-0.023091	4.999381
99.139898	9410.471542	9.188813	-0.023103	5.000681
99.106513	9415.293182	9.193818	-0.023095	5.001907
99.114781	9420.383156	9.198823	-0.023097	5.003203
99.093345	9425.582401	9.203827	-0.023093	5.004526
99.224558	9430.695490	9.208832	-0.023124	5.005831
99.237216	9435.851542	9.213837	-0.023128	5.007143
99.257655	9441.058336	9.218842	-0.023133	5.008467
99.293990	9446.241227	9.223847	-0.023142	5.009786
99.283367	9451.240829	9.228851	-0.023140	5.011056
99.449080	9456.077551	9.233856	-0.023180	5.012290
99.543634	9461.246255	9.238861	-0.023203	5.013606
99.522138	9466.495691	9.243866	-0.023198	5.014939
99.449943	9471.876917	9.248871	-0.023181	5.016303
99.639166	9477.121911	9.253875	-0.023226	5.017640
99.728722	9482.322669	9.258880	-0.023248	5.018963
99.672383	9487.413346	9.263885	-0.023235	5.020252
99.811038	9492.317873	9.268890	-0.023269	5.021500
99.553474	9497.382603	9.273895	-0.023207	5.022777
99.852821	9502.499233	9.278899	-0.023279	5.024083
99.736882	9507.694709	9.283904	-0.023252	5.025396
99.775269	9512.870365	9.288909	-0.023261	5.026709
99.745768	9518.066686	9.293914	-0.023255	5.028024
99.813227	9523.267445	9.298919	-0.023271	5.029343
99.940204	9528.366206	9.303923	-0.023302	5.030638
100.051368	9533.136369	9.308928	-0.023329	5.031848
100.006395	9538.237466	9.313933	-0.023318	5.033138
99.960389	9543.476986	9.318938	-0.023307	5.034462
100.127003	9548.835545	9.323943	-0.023348	5.035822
99.966390	9554.405290	9.328947	-0.023310	5.037225
100.044928	9559.594581	9.333952	-0.023329	5.038539
100.132156	9564.696481	9.338957	-0.023350	5.039831
100.135625	9569.697263	9.343962	-0.023351	5.041095
100.141321	9574.579120	9.348967	-0.023353	5.042328
100.257855	9579.733348	9.353971	-0.023381	5.043633
100.306494	9584.899511	9.358976	-0.023393	5.044939
100.367727	9590.116252	9.363981	-0.023408	5.046257
100.354123	9595.286349	9.368986	-0.023405	5.047561
100.336322	9600.417429	9.373991	-0.023401	5.048855
100.430855	9605.641731	9.378995	-0.023424	5.050175
100.364760	9610.408423	9.384000	-0.023408	5.051375
100.668856	9615.399959	9.389005	-0.023481	5.052642
100.582475	9620.600105	9.394010	-0.023461	5.053950
100.561658	9625.780192	9.399015	-0.023456	5.055254
100.549901	9631.399407	9.404019	-0.023454	5.056669
100.555733	9636.565488	9.409024	-0.023456	5.057970
100.702696	9641.687753	9.414029	-0.023491	5.059264
100.608743	9646.827301	9.419034	-0.023469	5.060554
100.494888	9651.559699	9.424039	-0.023442	5.061742
100.672931	9656.735573	9.429043	-0.023485	5.063049
100.754937	9661.947687	9.434048	-0.023505	5.064362
100.780875	9667.094467	9.439053	-0.023511	5.065657
100.761464	9672.303778	9.444058	-0.023507	5.066965
100.737755	9677.445346	9.449063	-0.023502	5.068257
100.915790	9682.615632	9.454067	-0.023545	5.069561
100.925463	9687.631631	9.459072	-0.023547	5.070821
101.025022	9692.434473	9.464077	-0.023571	5.072030
100.878113	9697.661455	9.469082	-0.023537	5.073338
100.977614	9702.800146	9.474087	-0.023561	5.074630
100.965626	9708.381223	9.479091	-0.023558	5.076030
101.023449	9713.690591	9.484096	-0.023572	5.077363
101.090620	9718.844644	9.489101	-0.023589	5.078658
101.176087	9724.045243	9.494106	-0.023610	5.079964
101.224787	9728.891419	9.499111	-0.023622	5.081180
101.341503	9733.836836	9.504115	-0.023650	5.082423
101.263697	9739.066416	9.509120	-0.023631	5.083730
101.344963	9744.185500	9.514125	-0.023651	5.085015
101.320537	9749.416572	9.519130	-0.023646	5.086324
101.507662	9754.549842	9.524135	-0.023691	5.087614
101.435460	9759.764130	9.529139	-0.023674	5.088917
101.381248	9764.865351	9.534144	-0.023661	5.090192
101.417573	9769.594215	9.539149	-0.023670	5.091375
101.387203	9774.770071	9.544154	-0.023663	5.092669
101.383502	9779.989149	9.549159	-0.023663	5.093974
101.481295	9785.272939	9.554163	-0.023686	5.095297
101.667305	9790.708025	9.559168	-0.023731	5.096660
101.712297	9795.811946	9.564173	-0.023742	5.097937
101.760279	9801.043091	9.569178	-0.023754	5.099245
101.710562	9806.041579	9.574183	-0.023743	5.100491
101.681934	9810.876276	9.579187	-0.023736	5.101697
101.825640	9816.036644	9.584192	-0.023771	5.102989
101.864778	9821.142616	9.589197	-0.023780	5.104264
101.909239	9826.434537	9.594202	-0.023791	5.105585
101.830516	9831.607773	9.599207	-0.023773	5.106873
101.940258	9836.766048	9.604211	-0.023799	5.108162
102.036673	9841.894587	9.609216	-0.023823	5.109443
101.868295	9846.813648	9.614221	-0.023783	5.110664
101.965412	9851.841867	9.619226	-0.023806	5.111920
101.876545	9857.012577	9.624231	-0.023785	5.113205
102.030326	9862.169895	9.629235	-0.023823	5.114493
102.061961	9867.749887	9.634240	-0.023830	5.115883
102.175598	9872.906945	9.639245	-0.023858	5.117170
102.225594	9878.097542	9.644250	-0.023870	5.118463
102.150607	9883.209265	9.649255	-0.023853	5.119732
102.239649	9887.941095	9.654259	-0.023874	5.120911
102.353431	9893.014133	9.659264	-0.023902	5.122176
102.305230	9898.233344	9.664269	-0.023891	5.123472
102.387785	9903.395362	9.669274	-0.023911	5.124757
102.314297	9908.559670	9.674279	-0.023893	5.126038
102.341368	9913.756849	9.679283	-0.023900	5.127329
102.385712	9918.955948	9.684288	-0.023911	5.128621
102.416189	9923.990621	9.689293	-0.023919	5.129872
102.489581	9928.770179	9.694298	-0.023937	5.131060
102.494536	9933.910753	9.699303	-0.023938	5.132336
102.546951	9939.148073	9.704307	-0.023951	5.133636
102.660051	9944.351103	9.709312	-0.023978	5.134930
102.653055	9949.839431	9.714317	-0.023977	5.136291
102.731845	9955.032592	9.719322	-0.023996	5.137580
102.620418	9960.162252	9.724327	-0.023970	5.138848
102.521150	9965.226281	9.729331	-0.023946	5.140100
102.767433	9970.024301	9.734336	-0.024006	5.141295
102.846714	9975.135532	9.739341	-0.024025	5.142563
102.890543	9980.265787	9.744346	-0.024036	5.143834
102.797269	9985.519493	9.749351	-0.024014	5.145132
102.741005	9990.735137	9.754355	-0.024001	5.146421
102.943601	9995.834320	9.759360	-0.024049	5.147688
102.915562	10000.992682	9.764365	-0.024043	5.148963
103.034325	10005.970971	9.769370	-0.024072	5.150197
103.134661	10010.847649	9.774375	-0.024096	5.151405
103.042825	10016.022968	9.779379	-0.024074	5.152682
103.183120	10021.169404	9.784384	-0.024108	5.153957
102.980806	10026.732071	9.789389	-0.024060	5.155326
103.228895	10032.164162	9.794394	-0.024120	5.156674
103.266988	10037.229568	9.799399	-0.024129	5.157926
103.326540	10042.441909	9.804403	-0.024144	5.159214
103.291853	10047.362019	9.809408	-0.024136	5.160427
103.413259	10052.281720	9.814413	-0.024165	5.161644
103.357921	10057.500047	9.819418	-0.024152	5.162930
103.293436	10062.640866	9.824423	-0.024137	5.164196
103.387607	10067.876159	9.829427	-0.024160	5.165489
103.511462	10073.007008	9.834432	-0.024190	5.166757
103.283458	10078.152585	9.839437	-0.024136	5.168018
103.390735	10083.275063	9.844442	-0.024162	5.169283
103.554715	10088.055571	9.849447	-0.024201	5.170465
103.487982	10093.102653	9.854451	-0.024186	5.171706
103.486987	10098.336745	9.859456	-0.024186	5.172994
103.622327	10103.457469	9.864461	-0.024218	5.174258
103.536337	10109.101626	9.869466	-0.024198	5.175645
103.569920	10114.254819	9.874471	-0.024207	5.176913
103.573541	10119.442919	9.879475	-0.024208	5.178189
103.627325	10124.595261	9.884480	-0.024221	5.179457
103.576125	10129.312804	9.889485	-0.024209	5.180615
103.819095	10134.427354	9.894490	-0.024267	5.181879
103.812823	10139.542711	9.899495	-0.024266	5.183135
103.894233	10144.605617	9.904499	-0.024286	5.184381
103.833737	10149.926215	9.909504	-0.024272	5.185686
103.921333	10155.052041	9.914509	-0.024293	5.186947
103.942234	10160.252259	9.919514	-0.024299	5.188223
104.063276	10165.350424	9.924519	-0.024328	5.189478
104.012171	10170.191618	9.929523	-0.024316	5.190664
103.994266	10175.329609	9.934528	-0.024312	5.191924
104.077039	10180.454552	9.939533	-0.024332	5.193182
104.171240	10185.826665	9.944538	-0.024355	5.194502
104.167513	10191.512267	9.949543	-0.024354	5.195895
104.236929	10196.688454	9.954547	-0.024371	5.197165
104.154279	10201.894402	9.959552	-0.024352	5.198438
104.174683	10206.846167	9.964557	-0.024357	5.199652
104.532088	10211.678879	9.969562	-0.024443	5.200844
104.451832	10216.782397	9.974567	-0.024424	5.202091
104.246952	10221.961185	9.979571	-0.024375	5.203353
104.448568	10227.195096	9.984576	-0.024424	5.204639
104.536204	10232.323348	9.989581	-0.024445	5.205896
104.529156	10237.494492	9.994586	-0.024444	5.207160
104.591548	10242.640622	9.999591	-0.024459	5.208420
104.478711	10245.117173	10.004595	-0.024432	5.209022
104.720769	10245.061947	10.009600	-0.024490	5.209015
104.477835	10245.100957	10.014592	-0.024432	5.209018
104.390499	10245.153496	10.019584	-0.024411	5.209029
104.619941	10245.078859	10.024576	-0.024465	5.209016
104.579503	10245.120196	10.029568	-0.024455	5.209025
104.561943	10245.083641	10.034560	-0.024451	5.209016
104.481242	10245.084280	10.039552	-0.024432	5.209014
104.486811	10245.088896	10.044544	-0.024433	5.209015
104.580568	10245.083207	10.049536	-0.024455	5.209016
104.595171	10245.068971	10.054528	-0.024458	5.209013
104.575438	10245.100506	10.059520	-0.024454	5.209020
104.504249	10245.087367	10.064512	-0.024436	5.209015
104.596871	10245.054903	10.069504	-0.024458	5.209010
104.509843	10245.080519	10.074496	-0.024437	5.209014
104.492645	10245.084904	10.079488	-0.024433	5.209014
104.562213	10245.082970	10.084480	-0.024450	5.209016
104.653093	10245.060929	10.089472	-0.024471	5.209013
104.723090	10245.056390	10.094464	-0.024488	5.209013
104.639253	10245.077839	10.099456	-0.024468	5.209016
104.645902	10245.091308	10.104448	-0.024469	5.209020
104.586724	10245.110233	10.109440	-0.024455	5.209023
104.646778	10245.069577	10.114432	-0.024469	5.209014
104.624474	10245.089850	10.119424	-0.024464	5.209019
104.512949	10245.119254	10.124416	-0.024437	5.209023
104.536354	10245.132289	10.129408	-0.024442	5.209027
104.644271	10245.096979	10.134400	-0.024468	5.209021
104.630201	10245.075433	10.139392	-0.024464	5.209015
104.649060	10245.079970	10.144384	-0.024469	5.209017
104.631157	10245.058816	10.149376	-0.024464	5.209011
104.545456	10245.088139	10.154368	-0.024444	5.209016
104.812940	10245.062110	10.159360	-0.024507	5.209017
104.700410	10245.072409	10.164352	-0.024480	5.209016
104.649654	10245.121204	10.169344	-0.024468	5.209027
104.713321	10245.072496	10.174336	-0.024483	5.209017
104.750728	10245.066170	10.179328	-0.024492	5.209016
104.758512	10245.055193	10.184320	-0.024494	5.209014
104.665165	10245.054566	10.189312	-0.024471	5.209011
104.688848	10245.062450	10.194304	-0.024477	5.209014
104.709785	10245.059091	10.199296	-0.024482	5.209013
104.868015	10245.062170	10.204288	-0.024519	5.209018
104.785863	10245.086007	10.209280	-0.024499	5.209022
104.743526	10245.067354	10.214272	-0.024489	5.209016
104.562216	10245.107741	10.219264	-0.024446	5.209021
104.833849	10245.055677	10.224256	-0.024511	5.209015
104.730413	10245.081692	10.229248	-0.024486	5.209019
104.707340	10245.078995	10.234240	-0.024480	5.209018
104.659433	10245.054509	10.239232	-0.024468	5.209011
104.690292	10245.064220	10.244224	-0.024476	5.209014
104.639916	10245.056634	10.249216	-0.024463	5.209011
104.661551	10245.072411	10.254208	-0.024468	5.209015
104.751338	10245.074811	10.259200	-0.024490	5.209018
104.646279	10245.092029	10.264192	-0.024464	5.209019
104.773311	10245.114947	10.269184	-0.024495	5.209028
104.752471	10245.073606	10.274176	-0.024490	5.209018
104.803442	10245.073576	10.279168	-0.024502	5.209019
104.768734	10245.073350	10.284160	-0.024493	5.209018
104.696467	10245.074406	10.289152	-0.024476	5.209016
104.777217	10245.077731	10.294144	-0.024495	5.209019
104.815058	10245.034226	10.299136	-0.024504	5.209009
104.835510	10245.069332	10.304128	-0.024509	5.209019
104.747340	10245.057930	10.309120	-0.024487	5.209014
104.720534	10245.032566	10.314112	-0.024481	5.209007
104.696259	10245.073529	10.319104	-0.024475	5.209016
104.718853	10245.095611	10.324096	-0.024480	5.209022
104.728728	10245.066493	10.329088	-0.024482	5.209015
104.691656	10245.102363	10.334080	-0.024473	5.209023
104.813323	10245.038755	10.339072	-0.024502	5.209010
104.830809	10245.049835	10.344064	-0.024506	5.209014
104.851194	10245.074704	10.349056	-0.024511	5.209020
104.723425	10245.104489	10.354048	-0.024480	5.209024
104.707701	10245.079271	10.359040	-0.024476	5.209018
104.817449	10245.014322	10.364032	-0.024502	5.209004
104.951872	10245.036484	10.369024	-0.024534	5.209013
104.949752	10245.071339	10.374016	-0.024534	5.209022
104.693313	10245.109170	10.379008	-0.024472	5.209024
104.890773	10245.046770	10.384000	-0.024519	5.209014
104.764832	10245.054599	10.388992	-0.024489	5.209013
104.834961	10245.083341	10.393984	-0.024506	5.209022
104.734414	10245.065523	10.398976	-0.024482	5.209015
104.715330	10245.082906	10.403968	-0.024477	5.209019
104.861530	10245.051361	10.408960	-0.024512	5.209014
104.725552	10245.029486	10.413952	-0.024479	5.209006
104.771249	10245.053044	10.418944	-0.024490	5.209013
104.704278	10245.050998	10.423936	-0.024474	5.209010
104.761552	10245.063128	10.428928	-0.024487	5.209015
104.792566	10245.042091	10.433920	-0.024494	5.209010
104.862717	10245.011926	10.438912	-0.024511	5.209005
104.906030	10245.040851	10.443904	-0.024521	5.209013
104.963709	10245.010682	10.448896	-0.024535	5.209007
104.851724	10245.067024	10.453888	-0.024508	5.209018
104.748371	10245.089189	10.458880	-0.024483	5.209021
104.765678	10245.061871	10.463872	-0.024487	5.209014
105.021227	10245.020418	10.468864	-0.024548	5.209011
104.890211	10244.987790	10.473856	-0.024517	5.208999
104.678796	10245.102967	10.478848	-0.024466	5.209022
104.779590	10245.058142	10.483840	-0.024490	5.209014
104.816276	10245.042927	10.488832	-0.024498	5.209011
104.859146	10245.052689	10.493824	-0.024509	5.209014
104.663004	10245.061300	10.498816	-0.024461	5.209012
104.825791	10245.044705	10.503808	-0.024500	5.209012
104.777181	10245.040780	10.508800	-0.024488	5.209009
104.732606	10245.046686	10.513792	-0.024478	5.209010
104.956535	10245.059688	10.518784	-0.024531	5.209019
104.974907	10245.052750	10.523776	-0.024535	5.209017
104.786260	10245.110534	10.528768	-0.024490	5.209027
104.909334	10245.057027	10.533760	-0.024519	5.209017
104.796746	10245.060929	10.538752	-0.024492	5.209015
104.783695	10245.049523	10.543744	-0.024489	5.209012
104.753971	10245.064153	10.548736	-0.024482	5.209014
104.887291	10245.056976	10.553728	-0.024513	5.209016
104.824117	10245.071188	10.558720	-0.024498	5.209018
104.753929	10245.061788	10.563712	-0.024481	5.209014
104.779771	10245.063048	10.568704	-0.024487	5.209015
104.862937	10245.028991	10.573696	-0.024507	5.209009
104.996929	10245.084491	10.578688	-0.024539	5.209025
104.933879	10245.067958	10.583680	-0.024524	5.209020
104.972926	10245.051220	10.588672	-0.024533	5.209017
104.876193	10245.111124	10.593664	-0.024510	5.209029
104.886539	10245.081957	10.598656	-0.024512	5.209022
104.832011	10245.050466	10.603648	-0.024499	5.209013
104.906439	10245.035230	10.608640	-0.024516	5.209011
104.866645	10245.023999	10.613632	-0.024507	5.209007
104.950888	10245.034650	10.618624	-0.024527	5.209012
104.811073	10245.072071	10.623616	-0.024493	5.209018
104.929214	10245.088217	10.628608	-0.024521	5.209024
104.989267	10245.051402	10.633600	-0.024535	5.209017
104.962719	10245.073391	10.638592	-0.024529	5.209022
104.965481	10245.119271	10.643584	-0.024529	5.209033
104.868529	10245.030655	10.648576	-0.024506	5.209009
104.874122	10245.080087	10.653568	-0.024507	5.209021
104.863735	10245.104263	10.658560	-0.024505	5.209027
104.903633	10245.056706	10.663552	-0.024514	5.209016
104.848338	10245.079076	10.668544	-0.024501	5.209020
104.852658	10245.060770	10.673536	-0.024502	5.209016
104.828518	10245.095317	10.678528	-0.024496	5.209024
104.950195	10245.032989	10.683520	-0.024525	5.209011
104.889012	10245.052119	10.688512	-0.024510	5.209014
104.838578	10245.086796	10.693504	-0.024498	5.209022
105.031559	10245.028695	10.698496	-0.024544	5.209012
104.898390	10245.091047	10.703488	-0.024512	5.209024
104.931732	10245.077454	10.708480	-0.024519	5.209022
104.831499	10245.094178	10.713472	-0.024495	5.209023
104.911112	10245.073289	10.718464	-0.024514	5.209020
104.908191	10245.064688	10.723456	-0.024513	5.209018
104.898961	10245.087465	10.728448	-0.024511	5.209023
104.935399	10245.050507	10.733440	-0.024520	5.209015
104.792959	10245.054903	10.738432	-0.024485	5.209013
104.872784	10245.123629	10.743424	-0.024504	5.209031
104.816208	10245.074420	10.748416	-0.024491	5.209018
104.941765	10245.075721	10.753408	-0.024521	5.209021
104.909516	10245.062438	10.758400	-0.024513	5.209017
104.976375	10245.059501	10.763392	-0.024529	5.209018
105.019802	10245.030791	10.768384	-0.024539	5.209012
104.881340	10245.036060	10.773376	-0.024505	5.209010
104.966708	10245.045315	10.778368	-0.024526	5.209014
104.892602	10245.040157	10.783360	-0.024508	5.209011
104.851265	10245.053415	10.788352	-0.024498	5.209014
104.943146	10245.060723	10.793344	-0.024520	5.209018
104.848446	10245.042306	10.798336	-0.024497	5.209011
105.023548	10245.060306	10.803328	-0.024539	5.209019
105.020517	10245.019703	10.808320	-0.024538	5.209009
105.002714	10245.057443	10.813312	-0.024533	5.209018
105.064798	10245.029385	10.818304	-0.024548	5.209013
105.056442	10245.037987	10.823296	-0.024546	5.209015
104.922277	10245.058183	10.828288	-0.024514	5.209016
105.084723	10245.022415	10.833280	-0.024552	5.209012
105.040463	10245.060302	10.838272	-0.024542	5.209020
105.036022	10245.041612	10.843264	-0.024540	5.209015
105.013349	10245.009422	10.848256	-0.024535	5.209007
105.131755	10245.026821	10.853248	-0.024563	5.209014
105.021902	10245.041968	10.858240	-0.024537	5.209015
104.981462	10245.035926	10.863232	-0.024527	5.209012
105.064732	10245.049237	10.868224	-0.024547	5.209018
105.044058	10245.029647	10.873216	-0.024541	5.209012
104.964661	10245.040397	10.878208	-0.024522	5.209013
104.931371	10245.050270	10.883200	-0.024514	5.209014
104.885469	10245.051190	10.888192	-0.024503	5.209014
105.069233	10245.060620	10.893184	-0.024547	5.209020
104.942793	10245.037768	10.898176	-0.024516	5.209012
104.921758	10245.079680	10.903168	-0.024511	5.209021
105.015912	10245.024010	10.908160	-0.024534	5.209010
104.954621	10245.032907	10.913152	-0.024519	5.209011
105.016761	10245.045820	10.918144	-0.024534	5.209015
105.017505	10245.048368	10.923136	-0.024534	5.209016
104.987382	10245.088650	10.928128	-0.024526	5.209025
105.103255	10245.046124	10.933120	-0.024554	5.209018
104.959270	10245.028908	10.938112	-0.024519	5.209010
105.079393	10245.046132	10.943104	-0.024548	5.209017
105.016421	10245.014224	10.948096	-0.024533	5.209008
105.062075	10245.071081	10.953088	-0.024543	5.209023
105.170581	10245.016503	10.958080	-0.024569	5.209012
104.930592	10245.052650	10.963072	-0.024512	5.209015
105.010562	10245.062458	10.968064	-0.024531	5.209019
105.096834	10245.034485	10.973056	-0.024551	5.209014
105.039956	10245.078785	10.978048	-0.024537	5.209024
105.075798	10245.023960	10.983040	-0.024546	5.209011
104.985921	10245.011452	10.988032	-0.024524	5.209006
105.014802	10245.089234	10.993024	-0.024531	5.209026
104.932273	10245.028594	10.998016	-0.024511	5.209009
105.046829	10245.063034	11.003008	-0.024538	5.209020
104.898630	10245.050092	11.008000	-0.024503	5.209013
104.956311	10245.068583	11.012992	-0.024516	5.209019
104.914534	10245.107496	11.017984	-0.024506	5.209028
104.962522	10245.048867	11.022976	-0.024517	5.209014
105.044125	10245.066191	11.027968	-0.024537	5.209021
105.031621	10245.041924	11.032960	-0.024534	5.209014
105.201914	10245.016878	11.037952	-0.024574	5.209013
105.099628	10245.027409	11.042944	-0.024550	5.209013
105.014774	10245.034875	11.047936	-0.024529	5.209012
105.038982	10245.087524	11.052928	-0.024535	5.209026
105.077417	10245.041398	11.057920	-0.024544	5.209015
105.084404	10245.053552	11.062912	-0.024545	5.209019
105.074507	10245.026456	11.067904	-0.024543	5.209012
104.879943	10245.027223	11.072896	-0.024496	5.209007
104.939174	10245.026347	11.077888	-0.024510	5.209008
105.048712	10245.056178	11.082880	-0.024536	5.209018
105.046175	10245.083393	11.087872	-0.024536	5.209025
105.027560	10245.080239	11.092864	-0.024531	5.209024
104.998522	10245.038456	11.097856	-0.024524	5.209013
105.032661	10245.077284	11.102848	-0.024532	5.209023
105.033426	10245.079830	11.107840	-0.024532	5.209024
105.043791	10245.053223	11.112832	-0.024534	5.209017
104.966546	10245.079119	11.117824	-0.024516	5.209022
105.138688	10245.005223	11.122816	-0.024557	5.209008
105.189400	10245.042355	11.127808	-0.024569	5.209018
105.014057	10245.061643	11.132800	-0.024526	5.209019
105.156160	10245.025396	11.137792	-0.024560	5.209013
105.082125	10245.048402	11.142784	-0.024542	5.209017
105.098741	10245.039082	11.147776	-0.024546	5.209015
105.060413	10245.041788	11.152768	-0.024537	5.209015
105.052143	10245.038856	11.157760	-0.024535	5.209014
105.042199	10245.029693	11.162752	-0.024532	5.209011
105.054260	10245.087427	11.167744	-0.024535	5.209026
105.018078	10245.064302	11.172736	-0.024526	5.209019
105.049436	10245.052193	11.177728	-0.024534	5.209017
105.101180	10245.036718	11.182720	-0.024546	5.209014
105.065301	10245.053258	11.187712	-0.024537	5.209018
105.020062	10245.055390	11.192704	-0.024526	5.209017
105.006780	10245.033764	11.197696	-0.024523	5.209011
105.193920	10245.063337	11.202688	-0.024567	5.209023
105.095441	10245.064515	11.207680	-0.024544	5.209021
105.063928	10245.104939	11.212672	-0.024536	5.209030
105.169545	10245.067304	11.217664	-0.024561	5.209024
105.078184	10245.061350	11.222656	-0.024539	5.209020
105.063442	10245.087252	11.227648	-0.024535	5.209026
105.141262	10245.051181	11.232640	-0.024554	5.209019
105.035321	10245.051842	11.237632	-0.024528	5.209016
105.016382	10245.090979	11.242624	-0.024524	5.209025
105.092053	10245.035919	11.247616	-0.024542	5.209014
105.060326	10245.099415	11.252608	-0.024534	5.209029
105.062297	10245.022445	11.257600	-0.024534	5.209010
105.025393	10245.046774	11.262592	-0.024525	5.209015
105.261307	10245.076479	11.267584	-0.024582	5.209028
105.172460	10245.043376	11.272576	-0.024560	5.209018
105.018466	10245.082248	11.277568	-0.024523	5.209023
105.077081	10245.037898	11.282560	-0.024537	5.209014
105.037134	10245.051013	11.287552	-0.024527	5.209016
105.119040	10245.024768	11.292544	-0.024547	5.209012
105.062598	10245.022924	11.297536	-0.024533	5.209010
104.883651	10245.031056	11.302528	-0.024490	5.209007
105.070414	10245.006886	11.307520	-0.024535	5.209006
105.113654	10245.038379	11.312512	-0.024545	5.209015
105.171511	10245.078622	11.317504	-0.024559	5.209026
105.159042	10245.094047	11.322496	-0.024556	5.209029
105.014391	10245.080741	11.327488	-0.024521	5.209023
105.086751	10245.074681	11.332480	-0.024538	5.209023
105.070993	10245.031539	11.337472	-0.024534	5.209012
105.197951	10244.980195	11.342464	-0.024564	5.209003
105.100132	10245.018440	11.347456	-0.024541	5.209009
105.241266	10245.056563	11.352448	-0.024574	5.209022
105.114752	10245.011949	11.357440	-0.024544	5.209008
105.069345	10245.055076	11.362432	-0.024533	5.209018
105.109075	10245.071562	11.367424	-0.024542	5.209023
105.041301	10245.058073	11.372416	-0.024526	5.209018
105.102590	10245.077476	11.377408	-0.024540	5.209024
105.013354	10245.046975	11.382400	-0.024519	5.209014
105.170215	10245.100135	11.387392	-0.024556	5.209031
105.223835	10245.044771	11.392384	-0.024569	5.209019
105.075173	10245.040840	11.397376	-0.024533	5.209014
105.235816	10245.066722	11.402368	-0.024571	5.209024
104.982699	10245.028661	11.407360	-0.024511	5.209009
105.182489	10245.073587	11.412352	-0.024558	5.209025
105.134942	10245.072114	11.417344	-0.024547	5.209023
105.100398	10245.071871	11.422336	-0.024539	5.209022
105.166799	10245.062579	11.427328	-0.024554	5.209022
105.170662	10245.037917	11.432320	-0.024555	5.209016
105.262983	10245.042619	11.437312	-0.024577	5.209019
105.058905	10245.059725	11.442304	-0.024528	5.209018
105.090756	10245.039882	11.447296	-0.024535	5.209014
105.172341	10245.050805	11.452288	-0.024555	5.209019
105.100232	10245.039040	11.457280	-0.024537	5.209014
105.107920	10245.063928	11.462272	-0.024539	5.209020
105.153211	10245.027344	11.467264	-0.024550	5.209013
105.155822	10245.013054	11.472256	-0.024550	5.209009
105.075771	10245.105825	11.477248	-0.024531	5.209030
105.088505	10245.061048	11.482240	-0.024534	5.209019
104.966602	10245.068464	11.487232	-0.024505	5.209018
105.025439	10245.058665	11.492224	-0.024518	5.209017
105.119359	10245.026068	11.497216	-0.024541	5.209011
105.192676	10245.028873	11.502208	-0.024558	5.209014
105.076991	10245.031812	11.507200	-0.024530	5.209012
105.078312	10245.050948	11.512192	-0.024531	5.209016
105.168621	10245.026404	11.517184	-0.024552	5.209013
105.093824	10245.012353	11.522176	-0.024534	5.209007
105.040950	10245.092098	11.527168	-0.024521	5.209025
104.991304	10245.019130	11.532160	-0.024509	5.209006
105.064026	10245.080901	11.537152	-0.024526	5.209023
105.143634	10245.048488	11.542144	-0.024545	5.209017
105.099351	10245.038997	11.547136	-0.024535	5.209014
105.127497	10245.057950	11.552128	-0.024541	5.209019
105.015668	10245.055371	11.557120	-0.024514	5.209016
105.147724	10245.038080	11.562112	-0.024546	5.209015
105.303505	10245.001714	11.567104	-0.024583	5.209010
105.186367	10245.034253	11.572096	-0.024555	5.209015
105.124606	10245.070089	11.577088	-0.024540	5.209022
104.973755	10245.017722	11.582080	-0.024503	5.209005
105.233939	10245.046223	11.587072	-0.024566	5.209019
105.297780	10245.073048	11.592064	-0.024581	5.209027
105.128356	10245.014898	11.597056	-0.024540	5.209009
105.236885	10245.061479	11.602048	-0.024566	5.209023
105.096244	10245.068252	11.607040	-0.024532	5.209021
105.003144	10245.065037	11.612032	-0.024510	5.209018
105.217374	10245.016287	11.617024	-0.024561	5.209011
105.042882	10245.006036	11.622016	-0.024519	5.209004
105.128573	10245.024222	11.627008	-0.024539	5.209011
105.144192	10245.026529	11.632000	-0.024543	5.209012
105.070654	10245.063570	11.636992	-0.024525	5.209019
105.106464	10245.065091	11.641984	-0.024533	5.209020
105.095655	10245.044492	11.646976	-0.024531	5.209015
105.025001	10245.076116	11.651968	-0.024514	5.209021
105.077173	10245.038828	11.656960	-0.024526	5.209013
105.181324	10245.064088	11.661952	-0.024551	5.209022
105.062316	10245.043037	11.666944	-0.024522	5.209014
105.191367	10245.024772	11.671936	-0.024553	5.209012
105.251528	10245.080145	11.676928	-0.024567	5.209027
105.121820	10245.046102	11.681920	-0.024536	5.209016
105.155153	10245.056841	11.686912	-0.024544	5.209019
105.109235	10245.097458	11.691904	-0.024533	5.209028
105.132936	10245.032351	11.696896	-0.024538	5.209013
105.192788	10245.067267	11.701888	-0.024552	5.209023
105.173604	10245.052647	11.706880	-0.024548	5.209019
105.143117	10245.057111	11.711872	-0.024540	5.209019
104.995908	10245.049189	11.716864	-0.024505	5.209013
104.964952	10245.049860	11.721856	-0.024497	5.209013
105.098216	10245.056775	11.726848	-0.024529	5.209018
105.036085	10245.041427	11.731840	-0.024514	5.209012
105.100815	10245.045111	11.736832	-0.024529	5.209015
105.122902	10245.030110	11.741824	-0.024534	5.209012
105.068984	10245.034411	11.746816	-0.024521	5.209011
105.139784	10245.043876	11.751808	-0.024538	5.209015
105.169825	10244.998608	11.756800	-0.024545	5.209005
105.099104	10245.072496	11.761792	-0.024528	5.209021
105.120161	10245.051197	11.766784	-0.024533	5.209017
105.081088	10245.024527	11.771776	-0.024523	5.209009
105.236805	10245.073963	11.776768	-0.024561	5.209025
105.114125	10245.085300	11.781760	-0.024531	5.209025
105.189697	10245.046898	11.786752	-0.024549	5.209017
105.085262	10245.064051	11.791744	-0.024524	5.209019
105.034714	10245.050080	11.796736	-0.024512	5.209014
105.264681	10245.098320	11.801728	-0.024566	5.209032
105.250878	10245.048575	11.806720	-0.024563	5.209019
105.115713	10245.036860	11.811712	-0.024531	5.209013
105.047125	10245.015771	11.816704	-0.024514	5.209006
105.067848	10245.038044	11.821696	-0.024519	5.209012
105.149313	10245.066907	11.826688	-0.024538	5.209021
105.160753	10245.063238	11.831680	-0.024541	5.209020
105.132517	10245.063631	11.836672	-0.024534	5.209020
105.052260	10245.050138	11.841664	-0.024514	5.209014
105.027181	10245.055330	11.846656	-0.024508	5.209015
105.182547	10245.086874	11.851648	-0.024545	5.209027
105.184246	10245.027859	11.856640	-0.024546	5.209012
105.071142	10244.990837	11.861632	-0.024518	5.209000
105.108104	10245.053706	11.866624	-0.024527	5.209017
105.100507	10245.055828	11.871616	-0.024525	5.209017
105.191210	10245.095270	11.876608	-0.024547	5.209029
105.115778	10245.055673	11.881600	-0.024528	5.209017
105.214007	10245.039282	11.886592	-0.024552	5.209016
105.202470	10245.025160	11.891584	-0.024549	5.209012
105.160204	10245.033391	11.896576	-0.024539	5.209013
105.162177	10245.085754	11.901568	-0.024539	5.209026
105.079522	10245.034091	11.906560	-0.024519	5.209011
105.132395	10245.059477	11.911552	-0.024532	5.209019
105.105502	10245.048207	11.916544	-0.024525	5.209015
104.934299	10245.070913	11.921536	-0.024484	5.209016
105.108684	10245.039045	11.926528	-0.024525	5.209013
105.187905	10245.028441	11.931520	-0.024544	5.209012
105.154045	10245.084472	11.936512	-0.024536	5.209025
105.060803	10245.077430	11.941504	-0.024514	5.209021
104.990352	10245.088545	11.946496	-0.024497	5.209022
105.190008	10245.109154	11.951488	-0.024544	5.209032
105.146080	10245.026637	11.956480	-0.024533	5.209011
105.142379	10245.079581	11.961472	-0.024532	5.209024
105.087953	10245.022469	11.966464	-0.024519	5.209008
105.115657	10245.047869	11.971456	-0.024526	5.209015
105.238423	10245.050736	11.976448	-0.024555	5.209019
105.045370	10245.027018	11.981440	-0.024509	5.209008
105.130479	10245.072154	11.986432	-0.024529	5.209021
105.199434	10245.042112	11.991424	-0.024545	5.209016
105.176184	10245.020225	11.996416	-0.024539	5.209010
105.273632	10245.039769	12.001408	-0.024563	5.209017
105.033112	10245.047799	12.006400	-0.024505	5.209013
105.123361	10245.043749	12.011392	-0.024526	5.209014
105.211484	10245.038637	12.016384	-0.024547	5.209015
105.080799	10245.023902	12.021376	-0.024516	5.209008
105.234119	10245.059497	12.026368	-0.024552	5.209021
104.946983	10245.091506	12.031360	-0.024484	5.209021
105.176861	10245.107742	12.036352	-0.024538	5.209031
105.184517	10245.053240	12.041344	-0.024540	5.209018
105.150960	10245.093873	12.046336	-0.024532	5.209027
105.177142	10245.087416	12.051328	-0.024538	5.209026
105.133484	10245.076581	12.056320	-0.024527	5.209022
105.213207	10245.142757	12.061312	-0.024546	5.209040
105.267806	10245.039913	12.066304	-0.024559	5.209017
105.134465	10245.070269	12.071296	-0.024527	5.209021
105.242325	10245.104114	12.076288	-0.024553	5.209032
105.142955	10245.109224	12.081280	-0.024529	5.209030
105.079817	10245.082455	12.086272	-0.024514	5.209022
105.307122	10245.034928	12.091264	-0.024568	5.209016
105.123838	10245.049906	12.096256	-0.024524	5.209015
105.188273	10245.049779	12.101248	-0.024539	5.209017
105.176230	10245.021623	12.106240	-0.024536	5.209010
105.249164	10245.119227	12.111232	-0.024554	5.209035
105.279061	10245.022752	12.116224	-0.024561	5.209013
105.153283	10245.058736	12.121216	-0.024530	5.209018
105.132861	10245.076256	12.126208	-0.024525	5.209022
105.101306	10245.065463	12.131200	-0.024518	5.209019
105.052309	10245.111518	12.136192	-0.024506	5.209029
105.176388	10245.102726	12.141184	-0.024535	5.209029
105.184778	10245.110895	12.146176	-0.024537	5.209032
105.135853	10245.128771	12.151168	-0.024525	5.209035
105.157816	10245.063841	12.156160	-0.024530	5.209019
105.175767	10245.062068	12.161152	-0.024534	5.209019
105.267538	10245.064265	12.166144	-0.024556	5.209022
105.151945	10245.092805	12.171136	-0.024528	5.209026
105.240611	10245.086356	12.176128	-0.024550	5.209027
105.178962	10245.042788	12.181120	-0.024535	5.209015
105.143922	10245.055401	12.186112	-0.024526	5.209017
105.024046	10245.057488	12.191104	-0.024497	5.209014
105.096315	10245.048876	12.196096	-0.024514	5.209014
105.160565	10245.102549	12.201088	-0.024530	5.209029
105.090227	10245.084200	12.206080	-0.024513	5.209023
105.135124	10245.116805	12.211072	-0.024523	5.209032
105.122971	10245.054086	12.216064	-0.024520	5.209016
105.111981	10245.106495	12.221056	-0.024517	5.209029
105.116524	10245.121460	12.226048	-0.024518	5.209032
105.301998	10245.044921	12.231040	-0.024563	5.209018
105.238729	10245.092436	12.236032	-0.024547	5.209028
105.177045	10245.061676	12.241024	-0.024532	5.209019
105.164060	10245.037458	12.246016	-0.024529	5.209013
105.197854	10245.069919	12.251008	-0.024537	5.209022
105.095259	10245.034382	12.256000	-0.024512	5.209010
105.278931	10245.096324	12.260992	-0.024556	5.209030
105.243437	10245.069287	12.265984	-0.024548	5.209023
105.164132	10245.054416	12.270976	-0.024528	5.209017
105.201659	10245.055762	12.275968	-0.024537	5.209018
105.028180	10245.094067	12.280960	-0.024496	5.209023
105.132035	10245.092466	12.285952	-0.024520	5.209025
105.204629	10245.037722	12.290944	-0.024538	5.209014
105.327100	10245.009887	12.295936	-0.024567	5.209010
105.201899	10245.062459	12.300928	-0.024537	5.209020
105.153034	10245.030388	12.305920	-0.024525	5.209011
105.256510	10245.058279	12.310912	-0.024549	5.209020
105.161302	10245.033511	12.315904	-0.024526	5.209012
105.104556	10245.053467	12.320896	-0.024513	5.209015
105.127558	10245.051177	12.325888	-0.024518	5.209015
105.070797	10245.031439	12.330880	-0.024504	5.209009
105.203663	10245.060164	12.335872	-0.024536	5.209019
105.244235	10245.012537	12.340864	-0.024545	5.209009
105.092708	10245.043474	12.345856	-0.024509	5.209012
105.106076	10245.103635	12.350848	-0.024512	5.209027
105.205899	10245.061470	12.355840	-0.024536	5.209019
105.202529	10245.075965	12.360832	-0.024535	5.209023
105.202962	10245.065740	12.365824	-0.024535	5.209020
105.277974	10245.076055	12.370816	-0.024553	5.209025
105.165866	10245.132409	12.375808	-0.024526	5.209036
105.231477	10245.051488	12.380800	-0.024541	5.209018
105.164877	10245.122394	12.385792	-0.024525	5.209033
105.078477	10245.054467	12.390784	-0.024504	5.209014
104.941328	10245.073688	12.395776	-0.024471	5.209016
105.144368	10245.068341	12.400768	-0.024520	5.209019
105.108765	10245.031071	12.405760	-0.024511	5.209009
105.232094	10245.058210	12.410752	-0.024541	5.209019
105.058502	10245.044025	12.415744	-0.024499	5.209011
104.985742	10245.077145	12.420736	-0.024481	5.209018
105.137154	10245.051470	12.425728	-0.024517	5.209015
105.238466	10245.042447	12.430720	-0.024541	5.209015
105.178376	10245.065307	12.435712	-0.024527	5.209019
105.153038	10245.052597	12.440704	-0.024521	5.209016
105.211344	10245.067183	12.445696	-0.024534	5.209021
105.219340	10245.085636	12.450688	-0.024536	5.209025
105.204397	10245.024483	12.455680	-0.024533	5.209010
105.260113	10245.047017	12.460672	-0.024546	5.209017
105.136598	10245.048195	12.465664	-0.024516	5.209014
105.119894	10245.071738	12.470656	-0.024512	5.209019
105.098449	10245.116253	12.475648	-0.024507	5.209030
105.297415	10245.071626	12.480640	-0.024554	5.209024
105.247821	10245.075485	12.485632	-0.024542	5.209024
105.238935	10245.053408	12.490624	-0.024540	5.209018
105.181245	10245.028643	12.495616	-0.024526	5.209010
105.280736	10245.050539	12.500608	-0.024549	5.209018
105.245310	10245.058069	12.505600	-0.024541	5.209019
105.188637	10245.126678	12.510592	-0.024527	5.209035
105.205037	10245.094331	12.515584	-0.024531	5.209027
105.266839	10245.080387	12.520576	-0.024546	5.209025
105.255656	10245.182758	12.525568	-0.024543	5.209050
105.130950	10245.116189	12.530560	-0.024513	5.209030
105.258504	10245.110884	12.535552	-0.024543	5.209032
105.266812	10245.038388	12.540544	-0.024545	5.209015
105.285736	10245.059564	12.545536	-0.024549	5.209020
105.226477	10245.047765	12.550528	-0.024535	5.209016
105.146458	10245.081628	12.555520	-0.024516	5.209022
105.254027	10245.098855	12.560512	-0.024541	5.209029
105.214623	10245.029961	12.565504	-0.024532	5.209011
105.269554	10245.047453	12.570496	-0.024545	5.209017
105.248738	10245.052208	12.575488	-0.024540	5.209018
105.288877	10245.013590	12.580480	-0.024549	5.209009
105.304727	10245.053009	12.585472	-0.024553	5.209019
105.125628	10245.031704	12.590464	-0.024510	5.209009
105.202307	10245.038006	12.595456	-0.024528	5.209013
105.258842	10245.059176	12.600448	-0.024541	5.209019
105.100089	10245.058839	12.605440	-0.024503	5.209015
105.186252	10245.046243	12.610432	-0.024524	5.209014
105.199518	10245.052633	12.615424	-0.024527	5.209016
105.252009	10245.061411	12.620416	-0.024539	5.209020
105.220723	10245.042907	12.625408	-0.024531	5.209014
105.173075	10245.038883	12.630400	-0.024520	5.209012
105.364361	10245.053946	12.635392	-0.024565	5.209021
105.218244	10245.025425	12.640384	-0.024530	5.209010
105.206049	10245.045944	12.645376	-0.024527	5.209015
105.349646	10245.033874	12.650368	-0.024561	5.209015
105.235295	10245.076373	12.655360	-0.024534	5.209023
105.301027	10245.024891	12.660352	-0.024550	5.209012
105.145565	10245.026778	12.665344	-0.024512	5.209009
105.346766	10245.045949	12.670336	-0.024560	5.209018
105.207309	10245.030831	12.675328	-0.024527	5.209011
105.172940	10245.052340	12.680320	-0.024518	5.209015
105.152859	10245.059580	12.685312	-0.024513	5.209017
105.355975	10245.015809	12.690304	-0.024562	5.209011
105.279562	10245.031376	12.695296	-0.024543	5.209013
105.270655	10245.061803	12.700288	-0.024541	5.209020
105.190929	10245.052098	12.705280	-0.024522	5.209016
105.302841	10245.076564	12.710272	-0.024548	5.209024
105.265701	10245.045854	12.715264	-0.024539	5.209016
105.284314	10245.052977	12.720256	-0.024544	5.209018
105.157667	10245.062159	12.725248	-0.024513	5.209017
105.304270	10245.047221	12.730240	-0.024548	5.209017
105.295518	10245.076352	12.735232	-0.024546	5.209024
105.188513	10245.077122	12.740224	-0.024520	5.209022
105.110687	10245.096674	12.745216	-0.024501	5.209024
105.129472	10245.053839	12.750208	-0.024506	5.209014
105.271615	10245.018868	12.755200	-0.024540	5.209009
105.277900	10245.050302	12.760192	-0.024541	5.209017
105.142954	10245.027040	12.765184	-0.024509	5.209008
105.170503	10245.084469	12.770176	-0.024515	5.209023
105.328629	10245.037619	12.775168	-0.024553	5.209015
105.299453	10245.061157	12.780160	-0.024546	5.209020
105.353154	10245.062128	12.785152	-0.024558	5.209022
105.271093	10245.034734	12.790144	-0.024539	5.209013
105.303685	10245.057073	12.795136	-0.024546	5.209019
105.203942	10245.022525	12.800128	-0.024522	5.209009
105.264871	10245.045806	12.805120	-0.024537	5.209016
105.214004	10245.145835	12.810112	-0.024524	5.209039
105.324594	10245.016773	12.815104	-0.024551	5.209010
105.202620	10245.076698	12.820096	-0.024521	5.209022
105.303750	10245.038241	12.825088	-0.024545	5.209015
105.186047	10245.050350	12.830080	-0.024517	5.209015
105.236772	10245.078516	12.835072	-0.024529	5.209023
105.216226	10245.071719	12.840064	-0.024524	5.209021
105.128665	10245.071779	12.845056	-0.024503	5.209019
105.145166	10245.068874	12.850048	-0.024507	5.209018
105.048883	10245.073669	12.855040	-0.024483	5.209017
105.227111	10245.045249	12.860032	-0.024526	5.209014
105.158748	10245.045906	12.865024	-0.024509	5.209013
105.178479	10245.069561	12.870016	-0.024514	5.209019
105.344582	10245.043664	12.875008	-0.024554	5.209017
105.323848	10245.044569	12.880000	-0.024548	5.209017
105.390859	10245.044178	12.884992	-0.024564	5.209018
105.165443	10245.040418	12.889984	-0.024510	5.209012
105.298448	10245.001260	12.894976	-0.024542	5.209005
105.344691	10245.095193	12.899968	-0.024553	5.209029
105.247445	10245.079597	12.904960	-0.024529	5.209023
105.287760	10245.062730	12.909952	-0.024539	5.209020
105.200769	10245.044805	12.914944	-0.024518	5.209014
105.254977	10245.054688	12.919936	-0.024531	5.209017
105.354918	10245.129039	12.924928	-0.024555	5.209038
105.204697	10245.112462	12.929920	-0.024518	5.209030
105.188893	10245.083410	12.934912	-0.024515	5.209023
105.226437	10245.094998	12.939904	-0.024523	5.209026
105.258925	10245.094299	12.944896	-0.024531	5.209027
105.250741	10245.079833	12.949888	-0.024529	5.209023
105.214688	10245.069501	12.954880	-0.024520	5.209020
105.148207	10245.095576	12.959872	-0.024504	5.209024
105.245078	10245.072921	12.964864	-0.024527	5.209021
105.331366	10245.082082	12.969856	-0.024548	5.209026
105.310622	10245.084269	12.974848	-0.024542	5.209026
105.284060	10245.035829	12.979840	-0.024536	5.209013
105.193773	10245.082268	12.984832	-0.024514	5.209022
105.372627	10245.020491	12.989824	-0.024557	5.209012
105.189974	10245.068698	12.994816	-0.024513	5.209019
105.254198	10243.291813	12.999808	-0.024528	5.208586
105.319923	10238.123536	13.004813	-0.024543	5.207324
105.284683	10232.969409	13.009818	-0.024534	5.206063
105.219403	10227.815799	13.014823	-0.024518	5.204801
105.088585	10222.617892	13.019827	-0.024486	5.203526
105.227503	10217.421566	13.024832	-0.024519	5.202257
105.222137	10212.302567	13.029837	-0.024517	5.201004
105.012226	10207.491528	13.034842	-0.024466	5.199821
104.987530	10202.495503	13.039847	-0.024459	5.198597
105.015448	10197.318073	13.044851	-0.024465	5.197329
104.912643	10192.168194	13.049856	-0.024440	5.196065
104.794261	10186.633999	13.054861	-0.024411	5.194706
105.037246	10181.202520	13.059866	-0.024469	5.193380
104.896780	10176.009600	13.064871	-0.024434	5.192103
104.794027	10170.881525	13.069875	-0.024409	5.190843
104.834362	10166.029919	13.074880	-0.024418	5.189654
104.787744	10160.951871	13.079885	-0.024407	5.188407
104.745794	10155.826238	13.084890	-0.024396	5.187148
104.790601	10150.616481	13.089895	-0.024406	5.185870
104.674668	10145.423582	13.094899	-0.024378	5.184592
104.717353	10140.240759	13.099904	-0.024387	5.183320
104.742444	10135.043258	13.104909	-0.024393	5.182043
104.659260	10129.966405	13.109914	-0.024372	5.180794
104.685173	10125.151084	13.114919	-0.024378	5.179611
104.725427	10120.087747	13.119923	-0.024387	5.178367
104.591926	10114.943690	13.124928	-0.024354	5.177099
104.644118	10109.780020	13.129933	-0.024366	5.175830
104.562965	10104.219376	13.134938	-0.024346	5.174459
104.571024	10098.976753	13.139943	-0.024347	5.173169
104.586271	10093.815832	13.144947	-0.024350	5.171899
104.431209	10088.713585	13.149952	-0.024313	5.170639
104.333848	10083.962655	13.154957	-0.024289	5.169466
104.359259	10078.861396	13.159962	-0.024294	5.168210
104.162373	10073.616595	13.164967	-0.024246	5.166913
104.323427	10068.531244	13.169971	-0.024284	5.165664
104.281819	10063.285147	13.174976	-0.024274	5.164369
104.104444	10058.161260	13.179981	-0.024231	5.163101
104.093807	10053.011942	13.184986	-0.024228	5.161831
104.097418	10047.937021	13.189991	-0.024228	5.160579
104.232422	10043.135104	13.194995	-0.024259	5.159398
104.171186	10037.965827	13.200000	-0.024244	5.158120
104.205849	10032.830507	13.205005	-0.024252	5.156853
104.261249	10027.542508	13.210010	-0.024264	5.155549
104.154118	10021.838651	13.215015	-0.024238	5.154137
103.918294	10016.637993	13.220019	-0.024181	5.152846
104.030388	10011.563970	13.225024	-0.024207	5.151595
104.070431	10006.543160	13.230029	-0.024216	5.150355
104.104293	10001.660571	13.235034	-0.024224	5.149148
103.911135	9996.532411	13.240039	-0.024177	5.147875
103.987745	9991.431746	13.245043	-0.024195	5.146615
103.856791	9986.240116	13.250048	-0.024163	5.145327
103.782512	9980.994453	13.255053	-0.024144	5.144027
103.761451	9975.908250	13.260058	-0.024139	5.142767
103.815288	9970.707955	13.265063	-0.024151	5.141481
103.889941	9965.841918	13.270067	-0.024168	5.140278
103.761448	9960.855616	13.275072	-0.024137	5.139039
103.775543	9955.669729	13.280077	-0.024140	5.137754
103.733309	9950.565627	13.285082	-0.024129	5.136488
103.608157	9945.162181	13.290087	-0.024098	5.135145
103.700717	9939.814253	13.295091	-0.024120	5.133821
103.739142	9934.574321	13.300096	-0.024128	5.132522
103.668669	9929.454666	13.305101	-0.024111	5.131250
103.584544	9924.677422	13.310106	-0.024090	5.130062
103.552693	9919.567308	13.315111	-0.024082	5.128793
103.516357	9914.426279	13.320115	-0.024073	5.127515
103.606980	9909.316453	13.325120	-0.024094	5.126249
103.496313	9904.138483	13.330125	-0.024067	5.124959
103.467881	9898.994164	13.335130	-0.024059	5.123680
103.487069	9893.794343	13.340135	-0.024063	5.122388
103.530485	9888.674746	13.345139	-0.024073	5.121117
103.453855	9883.950166	13.350144	-0.024054	5.119940
103.343705	9878.781132	13.355149	-0.024027	5.118651
103.309028	9873.672748	13.360154	-0.024018	5.117379
103.239189	9868.496826	13.365159	-0.024001	5.116089
103.257928	9862.873380	13.370163	-0.024005	5.114690
103.119733	9857.739224	13.375168	-0.023971	5.113407
103.192920	9852.522482	13.380173	-0.023988	5.112110
103.037077	9847.486937	13.385178	-0.023950	5.110851
103.020852	9842.606083	13.390183	-0.023945	5.109635
103.025925	9837.439677	13.395187	-0.023946	5.108347
102.990839	9832.281611	13.400192	-0.023937	5.107060
103.020715	9827.186366	13.405197	-0.023944	5.105791
103.094874	9821.958460	13.410202	-0.023961	5.104489
103.074145	9816.777649	13.415207	-0.023955	5.103196
103.034110	9811.656638	13.420211	-0.023945	5.101917
103.002927	9806.798544	13.425216	-0.023937	5.100703
102.916949	9801.721538	13.430221	-0.023916	5.099433
102.875405	9796.548267	13.435226	-0.023905	5.098140
102.868154	9791.396157	13.440231	-0.023903	5.096853
102.851614	9786.059010	13.445235	-0.023898	5.095519
102.829975	9780.725097	13.450240	-0.023892	5.094185
102.833635	9775.468363	13.455245	-0.023893	5.092871
102.657677	9770.372110	13.460250	-0.023850	5.091592
102.726806	9765.499967	13.465255	-0.023866	5.090375
102.825749	9760.443376	13.470259	-0.023889	5.089113
102.679206	9755.328880	13.475264	-0.023853	5.087829
102.623076	9750.139227	13.480269	-0.023839	5.086528
102.646702	9744.986622	13.485274	-0.023844	5.085239
102.631701	9739.786169	13.490279	-0.023840	5.083936
102.546811	9734.582656	13.495283	-0.023819	5.082630
102.458769	9729.435686	13.500288	-0.023797	5.081338
102.538259	9724.720320	13.505293	-0.023816	5.080158
102.422202	9719.611502	13.510298	-0.023787	5.078874
102.391212	9714.436886	13.515303	-0.023779	5.077576
102.328366	9709.266054	13.520307	-0.023764	5.076277
102.477110	9703.548152	13.525312	-0.023799	5.074847
102.380870	9698.400165	13.530317	-0.023775	5.073552
102.466445	9693.186340	13.535322	-0.023795	5.072246
102.371971	9688.140283	13.540327	-0.023772	5.070976
102.322407	9683.326447	13.545331	-0.023759	5.069766
102.429831	9678.147483	13.550336	-0.023784	5.068468
102.385188	9672.916782	13.555341	-0.023773	5.067152
102.314044	9667.793645	13.560346	-0.023755	5.065862
102.247653	9662.610431	13.565351	-0.023739	5.064557
102.104847	9657.456161	13.570355	-0.023704	5.063257
102.169027	9652.275220	13.575360	-0.023719	5.061956
102.099696	9647.420244	13.580365	-0.023702	5.060732
102.066312	9642.425778	13.585370	-0.023693	5.059475
102.026352	9637.270878	13.590375	-0.023683	5.058176
102.020929	9632.087204	13.595379	-0.023681	5.056870
101.883355	9626.662664	13.600384	-0.023647	5.055500
101.902453	9621.378481	13.605389	-0.023651	5.054170
101.946777	9616.149684	13.610394	-0.023661	5.052853
101.996307	9611.067766	13.615399	-0.023672	5.051574
101.976208	9606.288841	13.620403	-0.023667	5.050369
101.839467	9601.141161	13.625408	-0.023634	5.049066
101.864644	9595.958270	13.630413	-0.023639	5.047760
101.787270	9590.833462	13.635418	-0.023620	5.046465
101.743305	9585.644165	13.640423	-0.023609	5.045154
101.895014	9580.516975	13.645427	-0.023644	5.043864
101.735313	9575.304615	13.650432	-0.023606	5.042543
101.679547	9570.363045	13.655437	-0.023592	5.041293
101.689200	9565.485322	13.660442	-0.023593	5.040061
101.609024	9560.300823	13.665447	-0.023574	5.038749
101.489465	9555.150829	13.670451	-0.023544	5.037444
101.604253	9549.728355	13.675456	-0.023571	5.036076
101.555657	9544.091196	13.680461	-0.023559	5.034649
101.505355	9539.019808	13.685466	-0.023546	5.033365
101.474519	9533.841284	13.690471	-0.023538	5.032053
101.488712	9529.012676	13.695475	-0.023541	5.030832
101.457221	9523.973724	13.700480	-0.023533	5.029555
101.472882	9518.745443	13.705485	-0.023536	5.028232
101.409716	9513.635297	13.710490	-0.023520	5.026935
101.394028	9508.443112	13.715495	-0.023516	5.025620
101.130193	9503.323035	13.720499	-0.023452	5.024314
101.394193	9498.105802	13.725504	-0.023515	5.023000
101.368210	9492.957112	13.730509	-0.023508	5.021693
101.353864	9488.255159	13.735514	-0.023504	5.020500
101.246363	9483.062368	13.740519	-0.023478	5.019180
101.258149	9477.888418	13.745523	-0.023480	5.017867
101.109404	9472.718193	13.750528	-0.023444	5.016550
101.203973	9467.211015	13.755533	-0.023466	5.015155
101.157808	9462.040930	13.760538	-0.023454	5.013841
101.000009	9456.844101	13.765543	-0.023415	5.012516
101.048174	9451.915851	13.770547	-0.023426	5.011265
101.162176	9446.945118	13.775552	-0.023453	5.010005
100.990354	9441.778624	13.780557	-0.023411	5.008687
101.004880	9436.665513	13.785562	-0.023414	5.007387
100.969332	9431.489931	13.790567	-0.023405	5.006070
101.101766	9426.291339	13.795571	-0.023436	5.004751
100.986721	9421.070636	13.800576	-0.023408	5.003419
100.925978	9415.972193	13.805581	-0.023393	5.002119
100.995354	9411.199849	13.810586	-0.023409	5.000906
100.973061	9406.107808	13.815591	-0.023403	4.999609
100.856646	9400.947877	13.820595	-0.023374	4.998291
100.751491	9395.783045	13.825600	-0.023349	4.996971
100.805920	9390.049880	13.830605	-0.023361	4.995512
100.878201	9384.934477	13.835610	-0.023378	4.994210
100.771750	9379.744699	13.840615	-0.023352	4.992883
100.728067	9374.696589	13.845619	-0.023340	4.991594
100.659051	9369.874403	13.850624	-0.023323	4.990362
100.653068	9364.714084	13.855629	-0.023321	4.989044
100.567982	9359.544225	13.860634	-0.023300	4.987722
100.510818	9354.338041	13.865639	-0.023286	4.986391
100.494544	9349.131811	13.870643	-0.023282	4.985060
100.558855	9344.008513	13.875648	-0.023296	4.983754
100.558584	9338.843339	13.880653	-0.023296	4.982434
100.353848	9334.072799	13.885658	-0.023246	4.981208
100.443589	9328.924615	13.890663	-0.023267	4.979894
100.386727	9323.757155	13.895667	-0.023253	4.978571
100.289681	9318.690108	13.900672	-0.023229	4.977271
100.344629	9313.092879	13.905677	-0.023241	4.975841
100.241869	9307.903756	13.910682	-0.023216	4.974509
100.303129	9302.677034	13.915687	-0.023230	4.973173
100.067003	9297.731890	13.920691	-0.023173	4.971899
100.146247	9292.966273	13.925696	-0.023191	4.970681
100.146401	9287.676990	13.930701	-0.023191	4.969325
100.058221	9282.545298	13.935706	-0.023169	4.968007
100.104771	9277.389355	13.940711	-0.023180	4.966687
100.079172	9272.250031	13.945715	-0.023173	4.965368
100.006714	9267.041374	13.950720	-0.023155	4.964030
99.978837	9261.830897	13.955725	-0.023148	4.962692
99.927405	9257.048126	13.960730	-0.023135	4.961463
99.933852	9252.076757	13.965735	-0.023136	4.960187
100.108631	9246.857807	13.970739	-0.023177	4.958853
99.912108	9241.782521	13.975744	-0.023129	4.957543
99.893420	9236.063748	13.980749	-0.023124	4.956073
99.947399	9230.943492	13.985754	-0.023136	4.954759
99.750406	9225.712282	13.990759	-0.023089	4.953408
99.795819	9220.597097	13.995763	-0.023099	4.952094
99.856216	9215.787193	14.000768	-0.023113	4.950859
99.793672	9210.625414	14.005773	-0.023097	4.949529
99.694408	9205.411545	14.010778	-0.023073	4.948184
99.720937	9200.269001	14.015783	-0.023079	4.946861
99.741260	9195.059517	14.020787	-0.023083	4.945521
99.703194	9189.936563	14.025792	-0.023073	4.944200
99.690374	9184.737803	14.030797	-0.023069	4.942860
99.580340	9179.903165	14.035802	-0.023042	4.941611
99.755618	9174.872912	14.040807	-0.023084	4.940320
99.597061	9169.683830	14.045811	-0.023045	4.938977
99.639785	9164.559633	14.050816	-0.023055	4.937657
99.455513	9159.020974	14.055821	-0.023010	4.936222
99.596656	9153.897716	14.060826	-0.023043	4.934905
99.343652	9148.638470	14.065831	-0.022982	4.933539
99.372874	9143.599071	14.070835	-0.022988	4.932239
99.395170	9138.777075	14.075840	-0.022993	4.930995
99.341229	9133.649613	14.080845	-0.022980	4.929669
99.368136	9128.422353	14.085850	-0.022985	4.928319
99.328478	9123.303074	14.090855	-0.022975	4.926995
99.237263	9118.161754	14.095859	-0.022953	4.925662
99.317338	9112.931766	14.100864	-0.022971	4.924313
99.214887	9107.760961	14.105869	-0.022946	4.922972
99.123846	9102.988267	14.110874	-0.022924	4.921734
99.301644	9097.900349	14.115879	-0.022966	4.920423
99.193550	9092.740456	14.120883	-0.022939	4.919084
99.218212	9087.572931	14.125888	-0.022945	4.917747
98.991332	9081.914518	14.130893	-0.022890	4.916274
98.947213	9076.701219	14.135898	-0.022879	4.914921
98.927705	9071.499363	14.140903	-0.022873	4.913573
99.062148	9066.486891	14.145907	-0.022905	4.912278
99.004207	9061.631230	14.150912	-0.022890	4.911017
99.076926	9056.438124	14.155917	-0.022907	4.909673
99.033016	9051.319669	14.160922	-0.022896	4.908343
98.853871	9046.209765	14.165927	-0.022853	4.907011
98.815792	9040.935807	14.170931	-0.022843	4.905641
98.811598	9035.817525	14.175936	-0.022841	4.904312
98.720686	9030.656904	14.180941	-0.022819	4.902969
98.712196	9025.785936	14.185946	-0.022816	4.901703
98.694761	9020.736020	14.190951	-0.022811	4.900390
98.739358	9015.565069	14.195955	-0.022821	4.899048
98.652643	9010.468333	14.200960	-0.022800	4.897720
98.672044	9004.847438	14.205965	-0.022804	4.896258
98.590804	8999.726510	14.210970	-0.022784	4.894923
98.528138	8994.536128	14.215975	-0.022768	4.893571
98.561577	8989.481802	14.220979	-0.022776	4.892256
98.672896	8984.646165	14.225984	-0.022802	4.891001
98.521566	8979.438339	14.230989	-0.022765	4.889640
98.569735	8974.233882	14.235994	-0.022776	4.888286
98.549835	8969.122700	14.240999	-0.022770	4.886953
98.469791	8963.994691	14.246003	-0.022751	4.885614
98.437781	8958.767026	14.251008	-0.022742	4.884250
98.434354	8953.615969	14.256013	-0.022741	4.882907
98.408373	8948.967226	14.261018	-0.022734	4.881693
98.293158	8943.817276	14.266023	-0.022706	4.880345
98.190577	8938.639559	14.271027	-0.022681	4.878990
98.184410	8933.428693	14.276032	-0.022679	4.877630
98.165832	8927.715318	14.281037	-0.022674	4.876137
98.239364	8922.554021	14.286042	-0.022691	4.874792
98.288288	8917.350886	14.291047	-0.022702	4.873434
98.270785	8912.369652	14.296051	-0.022697	4.872131
98.183448	8907.432721	14.301056	-0.022675	4.870838
98.062631	8902.293989	14.306061	-0.022646	4.869489
97.983329	8897.168940	14.311066	-0.022626	4.868146
98.285285	8891.892921	14.316071	-0.022698	4.866776
98.148247	8886.825155	14.321075	-0.022664	4.865445
98.126245	8881.639300	14.326080	-0.022659	4.864087
98.006046	8876.510103	14.331085	-0.022629	4.862739
98.058652	8871.728068	14.336090	-0.022641	4.861489
98.105567	8866.551273	14.341095	-0.022652	4.860134
97.918164	8861.359330	14.346099	-0.022606	4.858767
97.959913	8856.144473	14.351104	-0.022616	4.857401
97.739489	8850.643437	14.356109	-0.022562	4.855951
97.828802	8845.520253	14.361114	-0.022583	4.854610
97.795281	8840.404725	14.366119	-0.022574	4.853267
97.846104	8835.513276	14.371123	-0.022586	4.851985
97.780709	8830.471529	14.376128	-0.022570	4.850659
97.849027	8825.294960	14.381133	-0.022585	4.849302
97.594586	8820.165780	14.386138	-0.022524	4.847945
97.680279	8814.992072	14.391143	-0.022544	4.846589
97.702408	8809.648079	14.396147	-0.022549	4.845186
97.584756	8804.471128	14.401152	-0.022520	4.843820
97.458235	8799.579439	14.406157	-0.022489	4.842529
97.633248	8794.599594	14.411162	-0.022530	4.841226
97.503581	8789.485571	14.416167	-0.022499	4.839876
97.419711	8784.282404	14.421171	-0.022478	4.838503
97.379555	8778.733125	14.426176	-0.022468	4.837041
97.305256	8773.458219	14.431181	-0.022449	4.835649
97.480486	8768.205607	14.436186	-0.022490	4.834272
97.312153	8763.143585	14.441191	-0.022450	4.832932
97.275023	8758.398620	14.446195	-0.022440	4.831680
97.384410	8753.151196	14.451200	-0.022466	4.830301
97.251011	8748.008024	14.456205	-0.022433	4.828940
97.318761	8742.901948	14.461210	-0.022449	4.827595
97.265791	8737.636808	14.466215	-0.022435	4.826204
97.121376	8732.556411	14.471219	-0.022400	4.824858
97.173064	8727.323286	14.476224	-0.022412	4.823478
97.099464	8722.514799	14.481229	-0.022394	4.822206
97.131505	8717.487038	14.486234	-0.022401	4.820879
97.162070	8712.215116	14.491239	-0.022407	4.819487
97.054700	8707.135502	14.496243	-0.022381	4.818141
96.915545	8701.632045	14.501248	-0.022347	4.816680
97.151234	8696.375761	14.506253	-0.022403	4.815299
96.908329	8691.344651	14.511258	-0.022344	4.813959
96.831512	8686.390508	14.516263	-0.022325	4.812646
96.773914	8681.412596	14.521267	-0.022311	4.811326
96.948552	8676.294519	14.526272	-0.022352	4.809978
97.049088	8671.048111	14.531277	-0.022375	4.808592
96.989256	8665.941550	14.536282	-0.022361	4.807237
96.832142	8660.738418	14.541287	-0.022322	4.805852
96.811029	8655.571572	14.546291	-0.022317	4.804482
96.766996	8650.641441	14.551296	-0.022306	4.803173
96.794448	8645.695369	14.556301	-0.022312	4.801863
96.744466	8640.561681	14.561306	-0.022299	4.800499
96.757189	8635.414590	14.566311	-0.022301	4.799134
96.658382	8629.941550	14.571315	-0.022277	4.797677
96.729487	8624.544547	14.576320	-0.022293	4.796247
96.654056	8619.271295	14.581325	-0.022275	4.794844
96.565871	8614.232933	14.586330	-0.022253	4.793502
96.512008	8609.407214	14.591335	-0.022240	4.792218
96.488806	8604.211963	14.596339	-0.022233	4.790836
96.499317	8599.117844	14.601344	-0.022235	4.789482
96.489069	8593.965953	14.606349	-0.022232	4.788111
96.379388	8588.740743	14.611354	-0.022205	4.786717
96.383086	8583.571060	14.616359	-0.022206	4.785341
96.381403	8578.366115	14.621363	-0.022205	4.783956
96.485304	8573.571773	14.626368	-0.022229	4.782683
96.263563	8568.500102	14.631373	-0.022175	4.781324
96.384657	8563.384822	14.636378	-0.022204	4.779966
96.300282	8558.168468	14.641383	-0.022183	4.778573
96.072477	8552.688803	14.646387	-0.022128	4.777103
96.199574	8547.501032	14.651392	-0.022157	4.775725
96.164280	8542.249451	14.656397	-0.022148	4.774323
96.198563	8537.384737	14.661402	-0.022156	4.773026
96.159338	8532.411591	14.666407	-0.022146	4.771697
95.985978	8527.295741	14.671411	-0.022104	4.770325
96.087027	8522.121388	14.676416	-0.022127	4.768947
96.113426	8516.890479	14.681421	-0.022133	4.767551
96.052446	8511.772046	14.686426	-0.022118	4.766181
95.881562	8506.552092	14.691431	-0.022076	4.764779
95.829644	8501.575477	14.696435	-0.022063	4.763447
95.998146	8496.714959	14.701440	-0.022103	4.762154
95.887620	8491.543149	14.706445	-0.022076	4.760766
95.691037	8486.439220	14.711450	-0.022028	4.759393
95.768265	8481.001389	14.716455	-0.022046	4.757940
95.775408	8475.540554	14.721459	-0.022047	4.756479
95.792901	8470.294340	14.726464	-0.022051	4.755074
95.592436	8465.210061	14.731469	-0.022002	4.753704
95.612974	8460.452260	14.736474	-0.022007	4.752430
95.707518	8455.275985	14.741479	-0.022029	4.751047
95.623694	8450.057761	14.746483	-0.022008	4.749644
95.647044	8444.961390	14.751488	-0.022013	4.748278
95.456602	8439.770217	14.756493	-0.021967	4.746878
95.558152	8434.604722	14.761498	-0.021990	4.745496
95.674496	8429.468738	14.766503	-0.022018	4.744122
95.429772	8424.596047	14.771507	-0.021958	4.742804
95.567547	8419.627130	14.776512	-0.021991	4.741475
95.475219	8414.411518	14.781517	-0.021968	4.740070
95.599760	8409.212745	14.786522	-0.021997	4.738678
95.464600	8403.637365	14.791527	-0.021964	4.737174
95.487872	8398.477761	14.796531	-0.021969	4.735787
95.509590	8393.354710	14.801536	-0.021974	4.734410
95.384554	8388.473238	14.806541	-0.021943	4.733092
95.283393	8383.515352	14.811546	-0.021918	4.731753
95.358634	8378.246031	14.816551	-0.021936	4.730338
95.363620	8373.188193	14.821555	-0.021936	4.728976
95.361659	8367.910353	14.826560	-0.021935	4.727554
95.219589	8362.817365	14.831565	-0.021901	4.726176
95.272945	8357.569090	14.836570	-0.021913	4.724764
95.245580	8352.700405	14.841575	-0.021906	4.723450
95.018492	8347.797219	14.846579	-0.021851	4.722118
95.066917	8342.696528	14.851584	-0.021862	4.720744
95.029809	8337.414722	14.856589	-0.021852	4.719318
95.105198	8331.761325	14.861594	-0.021870	4.717795
95.113997	8326.584557	14.866599	-0.021871	4.716397
94.878591	8321.368871	14.871603	-0.021814	4.714979
94.843275	8316.387932	14.876608	-0.021805	4.713632
95.006939	8311.433685	14.881613	-0.021844	4.712300
94.993247	8306.249051	14.886618	-0.021840	4.710898
94.977688	8301.092800	14.891623	-0.021835	4.709503
94.841657	8295.954098	14.896627	-0.021802	4.708107
94.827321	8290.773053	14.901632	-0.021798	4.706705
94.842749	8285.617856	14.906637	-0.021801	4.705310
94.886425	8280.484089	14.911642	-0.021811	4.703922
94.771827	8275.747156	14.916647	-0.021783	4.702635
94.638170	8270.491279	14.921651	-0.021750	4.701205
94.515655	8265.457679	14.926656	-0.021720	4.699836
94.564518	8259.974388	14.931661	-0.021732	4.698352
94.568702	8254.719559	14.936666	-0.021732	4.696928
94.521836	8249.478751	14.941671	-0.021720	4.695504
94.554472	8244.416053	14.946675	-0.021727	4.694132
94.581258	8239.637551	14.951680	-0.021733	4.692837
94.434881	8234.529323	14.956685	-0.021697	4.691444
94.499066	8229.306349	14.961690	-0.021712	4.690028
94.339053	8224.163117	14.966695	-0.021673	4.688625
94.451536	8218.941576	14.971699	-0.021700	4.687211
94.435661	8213.864269	14.976704	-0.021695	4.685830
94.367361	8208.623168	14.981709	-0.021678	4.684402
94.458726	8203.890508	14.986714	-0.021699	4.683119
94.312445	8198.757470	14.991719	-0.021664	4.681717
94.340997	8193.629942	14.996723	-0.021670	4.680323
94.224085	8188.223678	15.001728	-0.021641	4.678847
94.239461	8182.755087	15.006733	-0.021644	4.677358
94.167444	8177.527582	15.011738	-0.021627	4.675932
94.211943	8172.468082	15.016743	-0.021637	4.674555
94.181442	8167.560317	15.021747	-0.021629	4.673216
94.007655	8162.559444	15.026752	-0.021587	4.671846
94.084648	8157.335598	15.031757	-0.021604	4.670425
94.012266	8152.248746	15.036762	-0.021586	4.669034
93.907865	8147.003670	15.041767	-0.021561	4.667599
93.822029	8141.901457	15.046771	-0.021540	4.666202
93.967644	8136.698334	15.051776	-0.021574	4.664788
93.879030	8131.872851	15.056781	-0.021552	4.663467
93.825165	8126.787347	15.061786	-0.021539	4.662075
93.706374	8121.682698	15.066791	-0.021510	4.660675
93.729017	8116.487792	15.071795	-0.021514	4.659256
93.762452	8110.950258	15.076800	-0.021522	4.657744
93.739328	8105.776061	15.081805	-0.021516	4.656328
93.710775	8100.575774	15.086810	-0.021508	4.654904
93.630684	8095.808374	15.091815	-0.021488	4.653595
93.742241	8090.699730	15.096819	-0.021514	4.652202
93.718125	8085.615088	15.101824	-0.021508	4.650808
93.753914	8080.399454	15.106829	-0.021516	4.649381
93.633979	8075.273774	15.111834	-0.021487	4.647972
93.620451	8070.046329	15.116839	-0.021483	4.646538
93.610018	8064.911098	15.121843	-0.021480	4.645130
93.441641	8060.040300	15.126848	-0.021439	4.643787
93.473856	8055.040216	15.131853	-0.021446	4.642417
93.373406	8049.862397	15.136858	-0.021421	4.640992
93.496539	8044.721266	15.141863	-0.021450	4.639586
93.285671	8039.042340	15.146867	-0.021399	4.638017
93.244367	8033.919217	15.151872	-0.021388	4.636608
93.159806	8028.751140	15.156877	-0.021368	4.635185
93.364913	8023.724875	15.161882	-0.021416	4.633812
93.278587	8018.810014	15.166887	-0.021395	4.632457
93.243442	8013.567222	15.171891	-0.021386	4.631014
93.119663	8008.493401	15.176896	-0.021356	4.629613
93.141182	8003.224402	15.181901	-0.021360	4.628164
93.113861	7998.107739	15.186906	-0.021353	4.626754
93.071881	7992.981382	15.191911	-0.021342	4.625341
92.941957	7988.029347	15.196915	-0.021311	4.623971
93.061421	7983.095545	15.201920	-0.021339	4.622617
93.027543	7977.833182	15.206925	-0.021330	4.621166
93.038844	7972.791710	15.211930	-0.021332	4.619776
93.036176	7967.139317	15.216935	-0.021331	4.618218
93.123643	7961.975659	15.221939	-0.021351	4.616797
93.037250	7956.864139	15.226944	-0.021330	4.615383
93.015407	7951.915730	15.231949	-0.021324	4.614016
92.857027	7946.968167	15.236954	-0.021285	4.612643
92.742757	7941.747145	15.241959	-0.021257	4.611196
92.808770	7936.610582	15.246963	-0.021272	4.609780
92.747640	7931.391051	15.251968	-0.021257	4.608335
92.622882	7926.264758	15.256973	-0.021227	4.606912
92.613011	7921.111353	15.261978	-0.021224	4.605486
92.699307	7916.173072	15.266983	-0.021244	4.604124
92.680922	7911.232871	15.271987	-0.021239	4.602756
92.701060	7906.028499	15.276992	-0.021243	4.601317
92.660126	7900.884136	15.281997	-0.021233	4.599891
92.459248	7895.254514	15.287002	-0.021184	4.598323
92.556099	7890.046093	15.292007	-0.021206	4.596884
92.590225	7884.844965	15.297011	-0.021214	4.595444
92.549627	7879.969530	15.302016	-0.021204	4.594091
92.446895	7874.935681	15.307021	-0.021178	4.592690
92.452802	7869.800164	15.312026	-0.021179	4.591266
92.489866	7864.652158	15.317031	-0.021188	4.589839
92.311198	7859.508343	15.322035	-0.021144	4.588403
92.201787	7854.326772	15.327040	-0.021117	4.586960
92.378225	7849.102375	15.332045	-0.021159	4.585517
92.116399	7844.206341	15.337050	-0.021096	4.584145
92.183826	7839.239959	15.342055	-0.021111	4.582768
92.028558	7834.113916	15.347059	-0.021073	4.581335
92.285927	7828.906123	15.352064	-0.021134	4.579899
92.177090	7823.385188	15.357069	-0.021108	4.578358
92.087990	7818.231981	15.362074	-0.021086	4.576920
92.106562	7813.068324	15.367079	-0.021090	4.575484
92.087428	7808.196134	15.372083	-0.021084	4.574126
92.046947	7803.174240	15.377088	-0.021074	4.572726
92.008562	7798.045990	15.382093	-0.021064	4.571295
91.964387	7792.899030	15.387098	-0.021053	4.569859
91.970250	7787.652503	15.392103	-0.021054	4.568397
91.881747	7782.512796	15.397107	-0.021032	4.566959
91.968057	7777.348068	15.402112	-0.021052	4.565523
91.967072	7772.491361	15.407117	-0.021051	4.564167
91.868588	7767.465476	15.412122	-0.021027	4.562760
91.878313	7762.292434	15.417127	-0.021029	4.561316
91.863793	7757.007697	15.422131	-0.021025	4.559839
91.773188	7751.417771	15.427136	-0.021002	4.558273
91.730495	7746.260768	15.432141	-0.020992	4.556830
91.644662	7741.112586	15.437146	-0.020970	4.555387
91.804359	7736.239972	15.442151	-0.021008	4.554031
91.727066	7731.116984	15.447155	-0.020989	4.552595
91.660852	7726.019449	15.452160	-0.020972	4.551165
91.507571	7720.846616	15.457165	-0.020935	4.549710
91.501560	7715.653133	15.462170	-0.020933	4.548255
91.431867	7710.493126	15.467175	-0.020916	4.546807
91.456807	7705.332333	15.472179	-0.020921	4.545362
91.427253	7700.572096	15.477184	-0.020914	4.544026
91.261872	7695.417372	15.482189	-0.020873	4.542573
91.462114	7690.234246	15.487194	-0.020921	4.541129
91.416105	7684.988299	15.492199	-0.020909	4.539655
91.372990	7679.605660	15.497203	-0.020898	4.538143
91.394782	7674.448544	15.502208	-0.020903	4.536696
91.263703	7669.290976	15.507213	-0.020871	4.535241
91.141792	7664.505825	15.512218	-0.020841	4.533891
91.278117	7659.209859	15.517223	-0.020873	4.532410
91.169140	7654.013550	15.522227	-0.020846	4.530944
91.073151	7648.876717	15.527232	-0.020823	4.529495
91.146345	7643.626440	15.532237	-0.020839	4.528022
91.095538	7638.505300	15.537242	-0.020827	4.526578
91.111845	7633.505339	15.542247	-0.020830	4.525172
91.082264	7628.539083	15.547251	-0.020822	4.523772
90.975976	7623.507551	15.552256	-0.020796	4.522350
91.008492	7618.347746	15.557261	-0.020803	4.520898
90.959525	7612.760330	15.562266	-0.020791	4.519321
91.064619	7607.394556	15.567271	-0.020816	4.517814
90.807026	7602.255958	15.572275	-0.020753	4.516352
90.911569	7597.250106	15.577280	-0.020778	4.514945
90.961457	7592.294903	15.582285	-0.020789	4.513549
90.831252	7587.214831	15.587290	-0.020757	4.512109
90.800915	7582.025441	15.592295	-0.020749	4.510642
90.835862	7576.839881	15.597299	-0.020757	4.509179
90.809393	7571.760380	15.602304	-0.020750	4.507743
90.622958	7566.545252	15.607309	-0.020705	4.506260
90.694995	7561.613449	15.612314	-0.020722	4.504869
90.656648	7556.717474	15.617319	-0.020712	4.503483
90.640082	7551.475022	15.622323	-0.020707	4.501999
90.706333	7546.303955	15.627328	-0.020722	4.500539
90.584504	7540.824944	15.632333	-0.020693	4.498982
90.620700	7535.664685	15.637338	-0.020701	4.497522
90.729143	7530.461732	15.642343	-0.020726	4.496054
90.527459	7525.656317	15.647347	-0.020677	4.494682
90.477250	7520.620453	15.652352	-0.020665	4.493252
90.457431	7515.393826	15.657357	-0.020659	4.491769
90.442782	7510.257185	15.662362	-0.020655	4.490312
90.356361	7505.085074	15.667367	-0.020634	4.488840
90.474097	7499.843190	15.672371	-0.020661	4.487358
90.278345	7494.779137	15.677376	-0.020614	4.485910
90.361198	7490.015988	15.682381	-0.020633	4.484562
90.315525	7484.918253	15.687386	-0.020622	4.483111
90.322596	7479.740565	15.692391	-0.020623	4.481640
90.208671	7474.458143	15.697395	-0.020595	4.480133
90.205280	7469.079358	15.702400	-0.020593	4.478603
90.063916	7463.821795	15.707405	-0.020559	4.477101
90.038293	7458.756574	15.712410	-0.020552	4.475658
90.151517	7453.993482	15.717415	-0.020579	4.474308
90.000102	7448.778971	15.722419	-0.020542	4.472815
89.965775	7443.652192	15.727424	-0.020533	4.471353
89.981021	7438.468081	15.732429	-0.020536	4.469877
89.791871	7433.325651	15.737434	-0.020490	4.468402
89.832546	7428.120843	15.742439	-0.020499	4.466920
89.984048	7423.054926	15.747443	-0.020535	4.465482
90.018050	7418.204755	15.752448	-0.020542	4.464100
89.914013	7412.995182	15.757453	-0.020517	4.462608
89.818022	7407.850489	15.762458	-0.020493	4.461135
89.872858	7402.426474	15.767463	-0.020506	4.459588
89.863538	7397.192558	15.772467	-0.020503	4.458093
89.819563	7391.977395	15.777472	-0.020492	4.456600
89.559469	7387.071582	15.782477	-0.020429	4.455184
89.746097	7382.091218	15.787482	-0.020473	4.453769
89.639260	7376.950026	15.792487	-0.020447	4.452293
89.563058	7371.799735	15.797491	-0.020428	4.450816
89.624556	7366.590982	15.802496	-0.020442	4.449328
89.671964	7361.377710	15.807501	-0.020453	4.447837
89.666568	7356.271366	15.812506	-0.020451	4.446374
89.504274	7351.426395	15.817511	-0.020411	4.444978
89.419023	7346.313483	15.822515	-0.020390	4.443508
89.540890	7341.175536	15.827520	-0.020419	4.442041
89.404236	7335.880302	15.832525	-0.020386	4.440515
89.476732	7330.337820	15.837530	-0.020402	4.438929
89.327980	7325.212722	15.842535	-0.020366	4.437450
89.212411	7320.107424	15.847539	-0.020338	4.435978
89.199185	7315.356339	15.852544	-0.020334	4.434613
89.247549	7310.068850	15.857549	-0.020345	4.433097
89.237395	7304.936903	15.862554	-0.020342	4.431621
89.059551	7299.852727	15.867559	-0.020299	4.430150
89.160336	7294.661096	15.872563	-0.020322	4.428662
89.172091	7289.434925	15.877568	-0.020324	4.427159
89.164201	7284.435292	15.882573	-0.020322	4.425720
89.084175	7279.536878	15.887578	-0.020302	4.424306
89.094838	7274.393010	15.892583	-0.020304	4.422825
88.970806	7269.245623	15.897587	-0.020274	4.421336
89.055796	7263.696583	15.902592	-0.020294	4.419741
89.063281	7258.568336	15.907597	-0.020295	4.418263
88.875536	7253.418241	15.912602	-0.020249	4.416768
88.920206	7248.471857	15.917607	-0.020259	4.415344
88.806553	7243.408271	15.922611	-0.020231	4.413877
88.866274	7238.273178	15.927616	-0.020245	4.412398
88.772483	7233.108927	15.932621	-0.020222	4.410902
88.755668	7227.958588	15.937626	-0.020217	4.409413
88.770947	7222.793428	15.942631	-0.020220	4.407921
88.704621	7217.629553	15.947635	-0.020204	4.406425
88.756897	7212.858530	15.952640	-0.020216	4.405048
88.716049	7207.730159	15.957645	-0.020205	4.403563
88.685859	7202.609165	15.962650	-0.020198	4.402080
88.479019	7197.143184	15.967655	-0.020147	4.400487
88.475142	7191.704109	15.972659	-0.020146	4.398912
88.647321	7186.550985	15.977664	-0.020186	4.397428
88.593792	7181.504940	15.982669	-0.020173	4.395963
88.285285	7176.661754	15.987674	-0.020099	4.394544
88.454098	7171.433538	15.992679	-0.020138	4.393037
88.428538	7166.270216	15.997683	-0.020132	4.391538
88.494695	7161.092057	16.002688	-0.020147	4.390039
88.373455	7155.936697	16.007693	-0.020117	4.388536
88.359423	7150.774452	16.012698	-0.020113	4.387037
88.401572	7145.886455	16.017703	-0.020123	4.385619
88.279925	7140.850335	16.022707	-0.020093	4.384150
88.321242	7135.712215	16.027712	-0.020102	4.382659
88.185488	7130.460933	16.032717	-0.020069	4.381125
88.186390	7125.004199	16.037722	-0.020069	4.379538
88.338581	7119.816946	16.042727	-0.020105	4.378037
88.209383	7114.675202	16.047731	-0.020073	4.376534
88.099162	7109.875989	16.052736	-0.020046	4.375131
88.060653	7104.738338	16.057741	-0.020036	4.373632
88.119990	7099.608161	16.062746	-0.020050	4.372141
88.194421	7094.442679	16.067751	-0.020067	4.370640
88.000447	7089.262727	16.072755	-0.020020	4.369119
87.994102	7084.064211	16.077760	-0.020018	4.367603
88.009619	7079.104254	16.082765	-0.020021	4.366157
88.007030	7074.200599	16.087770	-0.020020	4.364726
87.941166	7069.067423	16.092775	-0.020003	4.363224
87.707283	7063.963671	16.097779	-0.019947	4.361721
87.892155	7058.282608	16.102784	-0.019990	4.360071
87.805611	7053.047676	16.107789	-0.019969	4.358537
87.680563	7047.903920	16.112794	-0.019938	4.357026
87.725186	7043.066992	16.117799	-0.019949	4.355614
87.536534	7037.995017	16.122803	-0.019903	4.354120
87.757354	7032.769352	16.127808	-0.019955	4.352603
87.609587	7027.627298	16.132813	-0.019919	4.351090
87.559413	7022.448812	16.137818	-0.019906	4.349570
87.572314	7017.292465	16.142823	-0.019909	4.348061
87.558215	7012.197223	16.147827	-0.019905	4.346567
87.523474	7007.418497	16.152832	-0.019896	4.345164
87.496251	7002.243931	16.157837	-0.019889	4.343645
87.404238	6997.097023	16.162842	-0.019866	4.342130
87.299092	6991.667163	16.167847	-0.019840	4.340531
87.279022	6986.441542	16.172851	-0.019835	4.338996
87.467001	6981.236549	16.177856	-0.019879	4.337478
87.337964	6976.285617	16.182861	-0.019848	4.336017
87.299093	6971.293074	16.187866	-0.019838	4.334547
87.417374	6966.146630	16.192871	-0.019866	4.333041
87.264632	6961.030107	16.197875	-0.019828	4.331528
87.199626	6955.825854	16.202880	-0.019812	4.329994
87.223474	6950.654635	16.207885	-0.019817	4.328473
87.136599	6945.496341	16.212890	-0.019796	4.326950
87.214716	6940.744764	16.217895	-0.019814	4.325555
87.140890	6935.594963	16.222899	-0.019796	4.324034
87.153208	6930.427714	16.227904	-0.019798	4.322512
87.216398	6924.914964	16.232909	-0.019813	4.320890
87.103690	6919.636201	16.237914	-0.019785	4.319328
87.014649	6914.514733	16.242919	-0.019763	4.317812
87.054997	6909.416315	16.247923	-0.019772	4.316310
86.936145	6904.510260	16.252928	-0.019743	4.314855
86.870312	6899.376072	16.257933	-0.019727	4.313335
86.931223	6894.196654	16.262938	-0.019741	4.311808
86.804305	6888.998383	16.267943	-0.019710	4.310265
86.708360	6883.841592	16.272947	-0.019686	4.308735
86.745749	6878.694281	16.277952	-0.019694	4.307215
86.720806	6873.878132	16.282957	-0.019688	4.305789
86.772713	6868.752685	16.287962	-0.019700	4.304275
86.681885	6863.600070	16.292967	-0.019677	4.302745
86.612048	6858.255621	16.297971	-0.019660	4.301158
86.531255	6852.953171	16.302976	-0.019640	4.299583
86.611950	6847.742232	16.307981	-0.019659	4.298043
86.590615	6842.730383	16.312986	-0.019653	4.296556
86.586165	6837.826548	16.317991	-0.019651	4.295101
86.452019	6832.625920	16.322995	-0.019619	4.293551
86.528821	6827.528163	16.328000	-0.019636	4.292043
86.483563	6822.359649	16.333005	-0.019625	4.290506
86.338413	6817.215121	16.338010	-0.019590	4.288970
86.410469	6812.034368	16.343015	-0.019606	4.287434
86.338715	6807.198937	16.348019	-0.019588	4.285993
86.424719	6802.114647	16.353024	-0.019608	4.284487
86.422926	6796.918682	16.358029	-0.019607	4.282941
86.223731	6791.486260	16.363034	-0.019559	4.281314
86.220437	6786.174894	16.368039	-0.019558	4.279733
86.160560	6780.998952	16.373043	-0.019543	4.278188
86.182511	6775.959148	16.378048	-0.019547	4.276689
86.075009	6771.049556	16.383053	-0.019521	4.275220
86.122463	6765.861753	16.388058	-0.019532	4.273676
86.087519	6760.721932	16.393063	-0.019523	4.272142
86.037608	6755.495785	16.398067	-0.019510	4.270580
85.921169	6750.384743	16.403072	-0.019482	4.269048
85.927071	6745.225976	16.408077	-0.019482	4.267509
85.923437	6740.374072	16.413082	-0.019481	4.266060
85.861930	6735.355173	16.418087	-0.019466	4.264557
85.901703	6730.148323	16.423091	-0.019475	4.263004
85.998095	6724.777917	16.428096	-0.019497	4.261404
85.905853	6719.497974	16.433101	-0.019474	4.259820
85.835512	6714.337904	16.438106	-0.019457	4.258272
85.823955	6709.209093	16.443111	-0.019453	4.256737
85.753269	6704.206153	16.448115	-0.019436	4.255235
85.786590	6699.060895	16.453120	-0.019443	4.253697
85.793668	6693.903796	16.458125	-0.019444	4.252152
85.724214	6688.694601	16.463130	-0.019427	4.250587
85.505744	6683.600491	16.468135	-0.019374	4.249047
85.590087	6678.420589	16.473139	-0.019394	4.247499
85.621094	6673.671160	16.478144	-0.019401	4.246076
85.440986	6668.535647	16.483149	-0.019357	4.244524
85.435902	6663.346319	16.488154	-0.019355	4.242966
85.449388	6657.832052	16.493159	-0.019358	4.241311
85.588948	6652.463777	16.498163	-0.019390	4.239706
85.474744	6647.309827	16.503168	-0.019362	4.238150
85.378984	6642.399240	16.508173	-0.019339	4.236668
85.490126	6637.361952	16.513178	-0.019365	4.235160
85.499230	6632.201031	16.518183	-0.019366	4.233607
85.352513	6627.073376	16.523187	-0.019331	4.232055
85.367050	6621.825001	16.528192	-0.019334	4.230476
85.090158	6616.715201	16.533197	-0.019267	4.228921
85.084747	6611.633135	16.538202	-0.019265	4.227389
85.161787	6606.820564	16.543207	-0.019283	4.225943
85.280627	6601.597713	16.548211	-0.019311	4.224375
85.051638	6596.520302	16.553216	-0.019255	4.222830
85.097788	6590.971023	16.558221	-0.019265	4.221158
84.992781	6585.830935	16.563226	-0.019240	4.219600
85.105679	6580.642857	16.568231	-0.019266	4.218040
85.044190	6575.762596	16.573235	-0.019251	4.216562
84.877220	6570.733293	16.578240	-0.019210	4.215032
84.961780	6565.534661	16.583245	-0.019230	4.213466
84.826356	6560.393529	16.588250	-0.019197	4.211903
84.871846	6555.221886	16.593255	-0.019207	4.210341
84.735116	6550.097269	16.598259	-0.019174	4.208782
84.771451	6545.067347	16.603264	-0.019182	4.207261
84.734939	6540.173131	16.608269	-0.019173	4.205777
84.764260	6535.033813	16.613274	-0.019179	4.204221
84.679187	6529.842734	16.618279	-0.019158	4.202643
84.661996	6524.182129	16.623283	-0.019153	4.200925
84.823981	6519.022535	16.628288	-0.019191	4.199370
84.616980	6513.922282	16.633293	-0.019141	4.197810
84.748919	6509.017134	16.638298	-0.019172	4.196329
84.615223	6503.958589	16.643303	-0.019140	4.194785
84.550687	6498.764952	16.648307	-0.019123	4.193203
84.457829	6493.587124	16.653312	-0.019101	4.191624
84.553724	6488.384125	16.658317	-0.019123	4.190048
84.551350	6483.186124	16.663322	-0.019122	4.188467
84.538096	6478.375975	16.668327	-0.019118	4.187003
84.292674	6473.354139	16.673331	-0.019059	4.185460
84.425152	6468.239642	16.678336	-0.019090	4.183910
84.338594	6462.919466	16.683341	-0.019068	4.182285
84.408450	6457.520057	16.688346	-0.019084	4.180644
84.235725	6452.354368	16.693351	-0.019043	4.179059
84.301007	6447.318312	16.698355	-0.019058	4.177527
84.228757	6442.484452	16.703360	-0.019040	4.176048
84.222095	6437.288364	16.708365	-0.019037	4.174462
84.268850	6432.128579	16.713370	-0.019048	4.172890
84.244995	6426.961321	16.718375	-0.019042	4.171311
84.061289	6421.754424	16.723379	-0.018997	4.169709
83.975896	6416.667807	16.728384	-0.018976	4.168149
84.057367	6411.864187	16.733389	-0.018995	4.166685
83.962487	6406.721956	16.738394	-0.018972	4.165107
83.863561	6401.624347	16.743399	-0.018947	4.163541
83.898239	6396.022556	16.748403	-0.018955	4.161829
83.863967	6390.766175	16.753408	-0.018946	4.160217
83.902262	6385.597132	16.758413	-0.018955	4.158636
83.837536	6380.675877	16.763418	-0.018939	4.157124
83.745812	6375.677345	16.768423	-0.018916	4.155586
83.885777	6370.422334	16.773427	-0.018949	4.153984
83.817763	6365.299715	16.778432	-0.018932	4.152408
83.787755	6360.089016	16.783437	-0.018924	4.150807
83.654610	6354.950957	16.788442	-0.018892	4.149221
83.763101	6349.937911	16.793447	-0.018917	4.147688
83.654533	6345.004038	16.798451	-0.018891	4.146166
83.637225	6339.794594	16.803456	-0.018886	4.144564
83.603672	6334.616850	16.808461	-0.018877	4.142969
83.505818	6329.185196	16.813466	-0.018853	4.141293
83.522908	6324.030738	16.818471	-0.018857	4.139708
83.538198	6318.865430	16.823475	-0.018860	4.138118
83.595638	6314.056440	16.828480	-0.018873	4.136641
83.445959	6308.903075	16.833485	-0.018836	4.135044
83.477165	6303.739346	16.838490	-0.018843	4.133455
83.376669	6298.590167	16.843495	-0.018818	4.131861
83.350782	6293.443027	16.848499	-0.018812	4.130272
83.357114	6288.303465	16.853504	-0.018813	4.128687
83.366449	6283.417082	16.858509	-0.018814	4.127179
83.292214	6278.323045	16.863514	-0.018796	4.125601
83.267423	6273.176442	16.868519	-0.018789	4.124010
83.163021	6267.709666	16.873523	-0.018764	4.122314
83.240350	6262.367635	16.878528	-0.018781	4.120668
83.122938	6257.228964	16.883533	-0.018753	4.119071
83.112907	6252.255027	16.888538	-0.018750	4.117532
83.084730	6247.295739	16.893543	-0.018742	4.115995
83.046364	6242.104479	16.898547	-0.018733	4.114385
83.156446	6236.920153	16.903552	-0.018758	4.112787
82.893397	6231.798106	16.908557	-0.018695	4.111183
82.868745	6226.619220	16.913562	-0.018688	4.109576
82.893721	6221.590231	16.918567	-0.018694	4.108018
82.949847	6216.643285	16.923571	-0.018706	4.106487
82.819025	6211.522301	16.928576	-0.018675	4.104889
82.760231	6206.352360	16.933581	-0.018660	4.103281
82.682762	6200.862671	16.938586	-0.018641	4.101571
82.834654	6195.710876	16.943591	-0.018676	4.099980
82.739046	6190.591895	16.948595	-0.018653	4.098383
82.627005	6185.806593	16.953600	-0.018626	4.096887
82.578794	6180.627583	16.958605	-0.018613	4.095273
82.585067	6175.457450	16.963610	-0.018614	4.093665
82.639402	6170.274413	16.968615	-0.018627	4.092055
82.577702	6165.091300	16.973619	-0.018611	4.090437
82.438273	6159.958383	16.978624	-0.018577	4.088829
82.450121	6155.152796	16.983629	-0.018580	4.087332
82.476571	6150.003547	16.988634	-0.018585	4.085728
82.477135	6144.921716	16.993639	-0.018585	4.084143
82.421754	6139.360273	16.998643	-0.018571	4.082404
82.343099	6134.080021	17.003648	-0.018551	4.080750
82.416616	6128.906307	17.008653	-0.018568	4.079139
82.456395	6123.962424	17.013658	-0.018577	4.077597
82.306226	6118.931008	17.018663	-0.018541	4.076015
82.345750	6113.760339	17.023667	-0.018550	4.074401
82.353207	6108.599372	17.028672	-0.018551	4.072787
82.266118	6103.428199	17.033677	-0.018529	4.071164
82.177187	6098.220613	17.038682	-0.018507	4.069528
82.279291	6093.272391	17.043687	-0.018531	4.067985
82.198384	6088.320322	17.048691	-0.018511	4.066428
81.983219	6083.224874	17.053696	-0.018459	4.064817
81.910127	6077.940577	17.058701	-0.018441	4.063156
82.066015	6072.486241	17.063706	-0.018478	4.061455
81.969932	6067.368320	17.068711	-0.018454	4.059843
81.995555	6062.300597	17.073715	-0.018460	4.058254
82.037900	6057.392382	17.078720	-0.018469	4.056715
82.066940	6052.213563	17.083725	-0.018475	4.055090
81.855057	6047.069410	17.088730	-0.018424	4.053460
81.962380	6041.845585	17.093735	-0.018449	4.051824
81.975417	6036.719035	17.098739	-0.018452	4.050213
81.779981	6031.707726	17.103744	-0.018404	4.048623
81.882331	6026.782668	17.108749	-0.018428	4.047080
81.947049	6021.608642	17.113754	-0.018443	4.045455
81.720103	6016.467292	17.118759	-0.018388	4.043820
81.564437	6010.933764	17.123763	-0.018350	4.042066
81.717529	6005.747540	17.128768	-0.018386	4.040441
81.563356	6000.588507	17.133773	-0.018349	4.038803
81.535697	5995.728426	17.138778	-0.018342	4.037268
81.526359	5990.608245	17.143783	-0.018339	4.035651
81.455720	5985.469452	17.148787	-0.018321	4.034023
81.410786	5980.280889	17.153792	-0.018310	4.032381
81.538810	5975.095429	17.158797	-0.018340	4.030751
81.471367	5969.971132	17.163802	-0.018323	4.029126
81.269930	5965.188142	17.168807	-0.018274	4.027600
81.319838	5959.996704	17.173811	-0.018286	4.025960
81.230166	5954.832993	17.178816	-0.018263	4.024320
81.381114	5949.389761	17.183821	-0.018299	4.022606
81.235474	5944.232407	17.188826	-0.018263	4.020962
81.085620	5939.148031	17.193831	-0.018227	4.019341
81.209194	5934.227214	17.198835	-0.018256	4.017789
81.101865	5929.119185	17.203840	-0.018230	4.016161
81.117980	5923.916187	17.208845	-0.018233	4.014511
80.933507	5918.700980	17.213850	-0.018188	4.012843
81.083536	5913.527840	17.218855	-0.018223	4.011211
81.081312	5908.338107	17.223859	-0.018222	4.009562
80.944081	5903.457211	17.228864	-0.018189	4.008001
80.974121	5898.383550	17.233869	-0.018195	4.006390
80.931275	5893.253882	17.238874	-0.018185	4.004755
80.881124	5887.763009	17.243879	-0.018172	4.003004
80.891914	5882.485065	17.248883	-0.018174	4.001324
80.795941	5877.294886	17.253888	-0.018150	3.999665
80.657580	5872.434340	17.258893	-0.018117	3.998107
80.719657	5867.338931	17.263898	-0.018131	3.996487
80.854171	5862.138036	17.268903	-0.018162	3.994837
80.728898	5857.011566	17.273907	-0.018132	3.993193
80.686996	5851.827313	17.278912	-0.018121	3.991536
80.692401	5846.646806	17.283917	-0.018122	3.989882
80.521616	5841.754496	17.288922	-0.018080	3.988308
80.583656	5836.754557	17.293927	-0.018095	3.986714
80.717336	5831.525398	17.298931	-0.018126	3.985052
80.537555	5826.187208	17.303936	-0.018082	3.983332
80.464839	5820.987358	17.308941	-0.018064	3.981663
80.321463	5815.802010	17.313946	-0.018029	3.979994
80.531688	5810.790261	17.318951	-0.018079	3.978403
80.312359	5805.838013	17.323955	-0.018026	3.976802
80.234327	5800.713190	17.328960	-0.018007	3.975154
80.338235	5795.488921	17.333965	-0.018031	3.973486
80.331621	5790.274145	17.338970	-0.018029	3.971813
80.253807	5785.150893	17.343975	-0.018009	3.970164
80.324784	5780.205695	17.348979	-0.018026	3.968581
80.327644	5775.188739	17.353984	-0.018026	3.966970
80.286676	5770.054092	17.358989	-0.018015	3.965318
80.226822	5764.672218	17.363994	-0.018001	3.963584
80.044897	5759.313370	17.368999	-0.017956	3.961848
80.146365	5754.096294	17.374003	-0.017980	3.960177
80.137876	5749.155497	17.379008	-0.017977	3.958586
79.988883	5744.208433	17.384013	-0.017941	3.956983
79.916380	5739.023898	17.389018	-0.017923	3.955308
79.883781	5733.885214	17.394023	-0.017915	3.953650
79.867710	5728.653112	17.399027	-0.017910	3.951962
79.811318	5723.496879	17.404032	-0.017896	3.950295
79.741461	5718.605064	17.409037	-0.017879	3.948712
79.713225	5713.575600	17.414042	-0.017872	3.947087
79.790335	5708.458531	17.419047	-0.017889	3.945440
79.916558	5703.061324	17.424051	-0.017919	3.943705
79.689816	5697.748376	17.429056	-0.017864	3.941972
79.563905	5692.650407	17.434061	-0.017833	3.940315
79.627254	5687.695628	17.439066	-0.017848	3.938717
79.545756	5682.700255	17.444071	-0.017828	3.937095
79.788374	5677.523186	17.449075	-0.017885	3.935436
79.590955	5672.338598	17.454080	-0.017837	3.933743
79.575258	5667.195475	17.459085	-0.017833	3.932076
79.549615	5662.011460	17.464090	-0.017826	3.930393
79.655869	5657.062552	17.469095	-0.017851	3.928796
79.492118	5652.070995	17.474099	-0.017811	3.927165
79.439118	5646.922579	17.479104	-0.017798	3.925491
79.420185	5641.416064	17.484109	-0.017793	3.923701
79.493637	5636.081045	17.489114	-0.017810	3.921974
79.529713	5630.928511	17.494119	-0.017818	3.920302
79.346916	5626.036642	17.499123	-0.017773	3.918698
79.295366	5621.044970	17.504128	-0.017760	3.917071
79.240877	5615.843069	17.509133	-0.017747	3.915375
79.271365	5610.640032	17.514138	-0.017753	3.913683
79.178488	5605.497144	17.519143	-0.017731	3.912002
79.216470	5600.241363	17.524147	-0.017739	3.910292
79.040114	5595.437466	17.529152	-0.017696	3.908714
79.102912	5590.376858	17.534157	-0.017711	3.907068
79.019980	5585.239614	17.539162	-0.017690	3.905386
79.034602	5579.834335	17.544167	-0.017693	3.903623
78.936334	5574.577920	17.549171	-0.017669	3.901900
78.870283	5569.468658	17.554176	-0.017652	3.900226
79.029224	5564.521841	17.559181	-0.017690	3.898621
79.041788	5559.430949	17.564186	-0.017692	3.896958
78.940070	5554.328479	17.569191	-0.017667	3.895282
78.906993	5549.118543	17.574195	-0.017659	3.893574
78.794950	5543.992352	17.579200	-0.017631	3.891888
78.830780	5538.819317	17.584205	-0.017639	3.890197
78.834127	5533.992065	17.589210	-0.017640	3.888615
78.621420	5528.908246	17.594215	-0.017588	3.886934
78.573667	5523.784226	17.599219	-0.017576	3.885250
78.610452	5518.140256	17.604224	-0.017584	3.883401
78.463816	5512.988777	17.609229	-0.017548	3.881700
78.394950	5507.851713	17.614234	-0.017531	3.880008
78.554208	5502.970019	17.619239	-0.017569	3.878416
78.564689	5497.847129	17.624243	-0.017571	3.876733
78.409790	5492.690346	17.629248	-0.017533	3.875026
78.503106	5487.513554	17.634253	-0.017555	3.873330
78.403484	5482.343309	17.639258	-0.017530	3.871622
78.523899	5477.242702	17.644263	-0.017558	3.869952
78.511009	5472.358006	17.649267	-0.017555	3.868342
78.407499	5467.224730	17.654272	-0.017529	3.866643
78.418335	5462.080392	17.659277	-0.017531	3.864948
78.318070	5456.594121	17.664282	-0.017507	3.863131
78.265672	5451.497056	17.669287	-0.017494	3.861446
78.245516	5446.402551	17.674291	-0.017488	3.859763
78.222689	5441.481022	17.679296	-0.017482	3.858136
78.295940	5436.309403	17.684301	-0.017499	3.856433
78.244997	5431.207682	17.689306	-0.017486	3.854743
78.158308	5425.976559	17.694311	-0.017465	3.853007
78.037541	5420.891386	17.699315	-0.017435	3.851315
78.008757	5415.867905	17.704320	-0.017428	3.849651
77.958822	5410.943773	17.709325	-0.017415	3.848017
78.130675	5405.724749	17.714330	-0.017456	3.846301
77.999160	5400.428678	17.719335	-0.017424	3.844536
77.943267	5395.100095	17.724339	-0.017410	3.842765
77.784986	5389.909146	17.729344	-0.017371	3.841031
77.738911	5384.983970	17.734349	-0.017360	3.839394
77.816626	5379.869262	17.739354	-0.017378	3.837702
77.778608	5374.727567	17.744359	-0.017368	3.835991
77.666446	5369.592783	17.749363	-0.017340	3.834276
77.718968	5364.418267	17.754368	-0.017352	3.832560
77.913998	5359.185531	17.759373	-0.017398	3.830835
77.702876	5354.329747	17.764378	-0.017347	3.829203
77.627927	5349.316677	17.769383	-0.017329	3.827529
77.658942	5344.094258	17.774387	-0.017335	3.825792
77.496275	5338.707482	17.779392	-0.017296	3.823985
77.415172	5333.558513	17.784397	-0.017276	3.822263
77.305502	5328.415596	17.789402	-0.017249	3.820539
77.456630	5323.552401	17.794407	-0.017285	3.818928
77.390075	5318.400441	17.799411	-0.017268	3.817204
77.414287	5313.208614	17.804416	-0.017273	3.815472
77.120285	5308.100222	17.809421	-0.017202	3.813743
77.233806	5302.894588	17.814426	-0.017229	3.812012
77.130793	5297.887350	17.819431	-0.017204	3.810330
77.286603	5292.914592	17.824435	-0.017240	3.808678
77.092134	5287.801200	17.829440	-0.017193	3.806952
77.089026	5282.538225	17.834445	-0.017192	3.805190
77.034159	5277.058461	17.839450	-0.017178	3.803350
77.093198	5271.882160	17.844455	-0.017191	3.801620
77.025616	5266.880614	17.849459	-0.017175	3.799937
77.011428	5261.871841	17.854464	-0.017171	3.798256
77.115275	5256.579599	17.859469	-0.017195	3.796488
77.028284	5251.379199	17.864474	-0.017173	3.794736
76.929455	5246.255511	17.869479	-0.017149	3.793007
76.924989	5241.035387	17.874483	-0.017147	3.791252
76.916594	5236.144462	17.879488	-0.017145	3.789607
76.976281	5231.084071	17.884493	-0.017159	3.787910
76.821762	5225.974190	17.889498	-0.017121	3.786178
76.765091	5220.574334	17.894503	-0.017107	3.784356
76.846536	5215.295355	17.899507	-0.017126	3.782584
76.722957	5210.177310	17.904512	-0.017095	3.780850
76.799209	5205.291405	17.909517	-0.017113	3.779209
76.662949	5200.230900	17.914522	-0.017080	3.777492
76.520678	5195.064056	17.919527	-0.017045	3.775737
76.524894	5189.925868	17.924531	-0.017046	3.774003
76.468086	5184.720992	17.929536	-0.017031	3.772240
76.569274	5179.663022	17.934541	-0.017055	3.770539
76.515506	5174.724469	17.939546	-0.017042	3.768865
76.463270	5169.617955	17.944551	-0.017028	3.767134
76.506501	5164.288706	17.949555	-0.017038	3.765334
76.573589	5158.769276	17.954560	-0.017053	3.763471
76.415833	5153.617208	17.959565	-0.017015	3.761714
76.203299	5148.719842	17.964570	-0.016964	3.760038
76.313686	5143.685175	17.969575	-0.016989	3.758340
76.310726	5138.513460	17.974579	-0.016988	3.756585
76.203816	5133.350888	17.979584	-0.016962	3.754825
76.106373	5128.187651	17.984589	-0.016938	3.753065
76.184523	5123.019943	17.989594	-0.016956	3.751316
76.167779	5118.134882	17.994599	-0.016952	3.749654
76.253863	5113.014968	17.999603	-0.016971	3.747921
76.055669	5107.910539	18.004608	-0.016923	3.746169
76.037618	5102.458261	18.009613	-0.016918	3.744312
76.071508	5097.264278	18.014618	-0.016926	3.742547
76.046880	5092.224806	18.019623	-0.016919	3.740829
75.907704	5087.308817	18.024627	-0.016886	3.739142
75.961861	5082.112679	18.029632	-0.016898	3.737375
75.935131	5076.997416	18.034637	-0.016891	3.735629
75.927389	5071.784969	18.039642	-0.016888	3.733849
75.631900	5066.722961	18.044647	-0.016817	3.732098
75.708617	5061.715000	18.049651	-0.016835	3.730393
75.716902	5056.708011	18.054656	-0.016836	3.728683
75.705862	5051.573637	18.059661	-0.016833	3.726927
75.533212	5046.094560	18.064666	-0.016791	3.725039
75.732513	5040.797182	18.069671	-0.016838	3.723242
75.654984	5035.638550	18.074675	-0.016819	3.721470
75.632553	5030.679935	18.079680	-0.016813	3.719770
75.629472	5025.637969	18.084685	-0.016812	3.718042
75.541875	5020.488078	18.089690	-0.016790	3.716269
75.648070	5015.255838	18.094695	-0.016815	3.714483
75.494733	5010.121885	18.099699	-0.016777	3.712709
75.474288	5005.074524	18.104704	-0.016772	3.710974
75.393422	5000.201012	18.109709	-0.016752	3.709294
75.365396	4995.009335	18.114714	-0.016745	3.707507
75.426760	4989.777240	18.119719	-0.016759	3.705713
75.408875	4984.398540	18.124723	-0.016754	3.703862
75.273748	4979.239848	18.129728	-0.016721	3.702075
75.292799	4974.333632	18.134733	-0.016725	3.700387
75.338172	4969.292926	18.139738	-0.016735	3.698655
75.219423	4964.105109	18.144743	-0.016706	3.696857
75.119545	4959.006809	18.149747	-0.016682	3.695091
75.172894	4953.775980	18.154752	-0.016694	3.693291
75.077335	4948.660831	18.159757	-0.016670	3.691517
75.038680	4943.837467	18.164762	-0.016660	3.689849
75.106805	4938.671960	18.169767	-0.016676	3.688070
74.967189	4933.507779	18.174771	-0.016642	3.686273
74.982764	4927.930121	18.179776	-0.016645	3.684346
74.853741	4922.811123	18.184781	-0.016614	3.682564
74.906485	4917.775764	18.189786	-0.016626	3.680826
74.889718	4912.817926	18.194791	-0.016621	3.679107
74.760137	4907.637083	18.199795	-0.016589	3.677301
74.680415	4902.504557	18.204800	-0.016570	3.675516
74.798599	4897.333580	18.209805	-0.016597	3.673732
74.668757	4892.140691	18.214810	-0.016566	3.671919
74.692383	4887.267967	18.219815	-0.016571	3.670230
74.670038	4882.190989	18.224819	-0.016565	3.668465
74.561700	4877.029257	18.229824	-0.016538	3.666662
74.520395	4871.590095	18.234829	-0.016528	3.664768
74.613912	4866.394240	18.239834	-0.016549	3.662968
74.507402	4861.345733	18.244839	-0.016523	3.661202
74.445697	4856.441355	18.249843	-0.016508	3.659489
74.385267	4851.270170	18.254848	-0.016493	3.657683
74.443276	4846.107149	18.259853	-0.016506	3.655889
74.415620	4840.920677	18.264858	-0.016499	3.654078
74.341612	4835.777457	18.269863	-0.016481	3.652277
74.209754	4830.873397	18.274867	-0.016448	3.650555
74.331356	4825.787338	18.279872	-0.016477	3.648789
74.223304	4820.676806	18.284877	-0.016450	3.646994
74.245325	4815.083858	18.289882	-0.016455	3.645041
74.082306	4809.961553	18.294887	-0.016415	3.643236
74.156927	4804.833585	18.299891	-0.016433	3.641448
74.145780	4799.874144	18.304896	-0.016429	3.639711
74.213673	4794.740243	18.309901	-0.016445	3.637919
74.034379	4789.622253	18.314906	-0.016402	3.636110
74.042668	4784.417902	18.319911	-0.016403	3.634286
74.140549	4779.248770	18.324915	-0.016426	3.632481
73.979116	4774.338825	18.329920	-0.016386	3.630745
73.906821	4769.318136	18.334925	-0.016369	3.628976
73.930565	4764.149589	18.339930	-0.016374	3.627162
73.946475	4758.723525	18.344935	-0.016377	3.625256
73.835247	4753.560154	18.349939	-0.016350	3.623431
73.847636	4748.406690	18.354944	-0.016352	3.621619
73.765712	4743.553599	18.359949	-0.016332	3.619904
73.873043	4738.376775	18.364954	-0.016357	3.618090
73.659452	4733.284939	18.369959	-0.016305	3.616278
73.652453	4728.075546	18.374963	-0.016303	3.614441
73.679349	4722.904804	18.379968	-0.016309	3.612619
73.742142	4718.003903	18.384973	-0.016323	3.610896
73.520941	4712.985288	18.389978	-0.016269	3.609105
73.669539	4707.781917	18.394983	-0.016304	3.607280
73.448446	4702.295902	18.399987	-0.016251	3.605322
73.467543	4697.014759	18.404992	-0.016255	3.603456
73.504309	4691.832610	18.409997	-0.016263	3.601626
73.444387	4686.838957	18.415002	-0.016248	3.599853
73.296546	4681.732652	18.420007	-0.016212	3.598032
73.377382	4676.536074	18.425011	-0.016231	3.596198
73.382381	4671.351863	18.430016	-0.016231	3.594361
73.442499	4666.177930	18.435021	-0.016245	3.592531
73.250895	4661.306635	18.440026	-0.016199	3.590786
73.257444	4656.238882	18.445031	-0.016200	3.588987
73.191502	4651.069294	18.450035	-0.016183	3.587145
73.130135	4645.658859	18.455040	-0.016168	3.585217
73.101103	4640.534854	18.460045	-0.016160	3.583393
73.103062	4635.498861	18.465050	-0.016160	3.581601
72.985488	4630.557017	18.470055	-0.016131	3.579832
73.014660	4625.381745	18.475059	-0.016138	3.577991
72.974592	4620.188483	18.480064	-0.016128	3.576138
72.939056	4615.062483	18.485069	-0.016118	3.574307
72.760232	4609.967400	18.490074	-0.016075	3.572474
72.911642	4605.046438	18.495079	-0.016111	3.570732
72.854570	4599.935283	18.500083	-0.016096	3.568902
72.824934	4594.701167	18.505088	-0.016089	3.567029
72.712261	4589.237033	18.510093	-0.016061	3.565067
72.773468	4584.067329	18.515098	-0.016075	3.563223
72.807819	4579.040390	18.520103	-0.016083	3.561428
72.675489	4574.062396	18.525107	-0.016050	3.559634
72.499877	4568.926841	18.530112	-0.016008	3.557780
72.655215	4563.697349	18.535117	-0.016044	3.555920
72.418330	4558.576323	18.540122	-0.015987	3.554063
72.515189	4553.452857	18.545127	-0.016010	3.552233
72.600626	4548.598352	18.550131	-0.016029	3.550499
72.452689	4543.422417	18.555136	-0.015993	3.548627
72.375049	4538.220540	18.560141	-0.015974	3.546751
72.378096	4532.885927	18.565146	-0.015974	3.544834
72.370060	4527.695814	18.570151	-0.015972	3.542967
72.377077	4522.764935	18.575155	-0.015973	3.541193
72.221697	4517.719958	18.580160	-0.015935	3.539363
72.153081	4512.624009	18.585165	-0.015918	3.537522
72.167329	4507.382805	18.590170	-0.015921	3.535634
72.097421	4502.253640	18.595175	-0.015903	3.533778
72.167788	4497.236741	18.600179	-0.015920	3.531975
72.076822	4492.269503	18.605184	-0.015897	3.530174
72.149863	4487.142071	18.610189	-0.015914	3.528329
72.108494	4481.669203	18.615194	-0.015904	3.526347
72.051055	4476.384739	18.620199	-0.015889	3.524432
71.999279	4471.249311	18.625203	-0.015876	3.522569
71.889016	4466.387378	18.630208	-0.015849	3.520800
71.965594	4461.221754	18.635213	-0.015867	3.518936
72.000169	4456.009896	18.640218	-0.015875	3.517051
71.958546	4450.868970	18.645223	-0.015864	3.515184
71.800373	4445.740181	18.650227	-0.015826	3.513310
71.739544	4440.774739	18.655232	-0.015810	3.511502
71.832772	4435.718237	18.660237	-0.015832	3.509675
71.683138	4430.579162	18.665242	-0.015796	3.507794
71.587178	4425.140881	18.670247	-0.015772	3.505809
71.602866	4419.962646	18.675251	-0.015775	3.503928
71.568791	4414.960962	18.680256	-0.015766	3.502105
71.533818	4409.962978	18.685261	-0.015758	3.500282
71.530544	4404.797673	18.690266	-0.015756	3.498400
71.556655	4399.613195	18.695271	-0.015762	3.496513
71.453514	4394.459758	18.700275	-0.015736	3.494625
71.535810	4389.288968	18.705280	-0.015755	3.492746
71.456485	4384.464367	18.710285	-0.015736	3.490978
71.418578	4379.298468	18.715290	-0.015726	3.489088
71.409959	4374.046847	18.720295	-0.015724	3.487168
71.360567	4368.625712	18.725299	-0.015711	3.485182
71.199141	4363.470618	18.730304	-0.015672	3.483281
71.290589	4358.576021	18.735309	-0.015693	3.481498
71.164673	4353.490799	18.740314	-0.015662	3.479624
71.120784	4348.343324	18.745319	-0.015651	3.477734
71.196315	4343.129282	18.750323	-0.015669	3.475830
71.013158	4337.980150	18.755328	-0.015624	3.473924
71.162371	4332.993825	18.760333	-0.015659	3.472108
71.144412	4327.965708	18.765338	-0.015654	3.470260
71.041161	4322.834460	18.770343	-0.015629	3.468365
71.032623	4317.450222	18.775347	-0.015626	3.466385
70.741255	4312.280873	18.780352	-0.015556	3.464457
70.902400	4307.170086	18.785357	-0.015594	3.462591
70.879239	4302.241062	18.790362	-0.015588	3.460774
70.928653	4297.061492	18.795367	-0.015599	3.458871
70.772114	4291.967616	18.800371	-0.015561	3.456978
70.636697	4286.833133	18.805376	-0.015528	3.455072
70.834171	4281.622706	18.810381	-0.015575	3.453168
70.742374	4276.802403	18.815386	-0.015552	3.451380
70.630352	4271.648421	18.820391	-0.015525	3.449465
70.625197	4266.338357	18.825395	-0.015523	3.447502
70.727323	4260.868068	18.830400	-0.015547	3.445489
70.639663	4255.733635	18.835405	-0.015525	3.443581
70.498323	4250.839200	18.840410	-0.015491	3.441755
70.468529	4245.750394	18.845415	-0.015483	3.439867
70.562539	4240.583058	18.850419	-0.015505	3.437961
70.348128	4235.407377	18.855424	-0.015453	3.436021
70.306235	4230.267946	18.860429	-0.015442	3.434110
70.282373	4225.276423	18.865434	-0.015436	3.432255
70.499784	4220.221603	18.870439	-0.015487	3.430398
70.400538	4215.095222	18.875443	-0.015463	3.428483
70.335272	4209.559321	18.880448	-0.015447	3.426418
70.260656	4204.367222	18.885453	-0.015428	3.424479
70.263227	4199.344394	18.890458	-0.015428	3.422609
70.284042	4194.354816	18.895463	-0.015433	3.420753
70.163911	4189.222429	18.900467	-0.015403	3.418828
70.119711	4184.033284	18.905472	-0.015392	3.416889
70.019359	4178.920101	18.910477	-0.015367	3.414971
70.060809	4173.808449	18.915482	-0.015377	3.413067
69.962701	4168.892651	18.920487	-0.015353	3.411221
69.927208	4163.786380	18.925491	-0.015343	3.409309
70.026458	4158.357811	18.930496	-0.015367	3.407289
69.916020	4153.059895	18.935501	-0.015339	3.405296
69.845441	4147.913232	18.940506	-0.015322	3.403362
69.689432	4143.085685	18.945511	-0.015284	3.401538
69.931285	4137.839934	18.950515	-0.015341	3.399596
69.705306	4132.744597	18.955520	-0.015287	3.397663
69.730728	4127.562306	18.960525	-0.015292	3.395721
69.626100	4122.419100	18.965530	-0.015266	3.393779
69.551691	4117.564339	18.970535	-0.015248	3.391948
69.633492	4112.460037	18.975539	-0.015267	3.390038
69.522925	4107.234962	18.980544	-0.015240	3.388062
69.474453	4101.887408	18.985549	-0.015228	3.386044
69.321737	4096.715149	18.990554	-0.015191	3.384082
69.446898	4091.748072	18.995559	-0.015220	3.382223
69.494861	4086.682827	19.000563	-0.015231	3.380318
69.276820	4081.534753	19.005568	-0.015178	3.378355
69.422633	4076.359728	19.010573	-0.015212	3.376416
69.297200	4071.237465	19.015578	-0.015182	3.374470
69.274460	4066.275714	19.020583	-0.015176	3.372593
69.211948	4061.270115	19.025587	-0.015160	3.370694
69.266487	4056.058653	19.030592	-0.015172	3.368728
69.186452	4050.548811	19.035597	-0.015153	3.366635
68.974739	4045.437717	19.040602	-0.015101	3.364678
69.118889	4040.385974	19.045607	-0.015135	3.362778
69.151233	4035.367842	19.050611	-0.015142	3.360879
69.089608	4030.187828	19.055616	-0.015127	3.358908
69.123291	4025.015593	19.060621	-0.015134	3.356948
68.851046	4019.874524	19.065626	-0.015069	3.354968
68.918749	4014.839096	19.070631	-0.015084	3.353061
68.993515	4009.849803	19.075635	-0.015102	3.351171
69.044232	4004.596407	19.080640	-0.015113	3.349178
68.840698	3999.284782	19.085645	-0.015064	3.347135
68.780806	3994.146157	19.090650	-0.015049	3.345172
68.779380	3989.095974	19.095655	-0.015048	3.343247
68.894110	3984.089447	19.100659	-0.015075	3.341349
68.765839	3978.975236	19.105664	-0.015043	3.339385
68.677513	3973.826628	19.110669	-0.015022	3.337410
68.482322	3968.680570	19.115674	-0.014974	3.335424
68.655560	3963.583751	19.120679	-0.015015	3.333493
68.701535	3958.650564	19.125683	-0.015025	3.331611
68.574444	3953.466346	19.130688	-0.014994	3.329614
68.600970	3948.049262	19.135693	-0.015000	3.327543
68.408643	3942.854428	19.140698	-0.014954	3.325533
68.549839	3937.701968	19.145703	-0.014987	3.323571
68.389487	3932.806056	19.150707	-0.014948	3.321677
68.362084	3927.609622	19.155712	-0.014941	3.319679
68.276922	3922.477880	19.160717	-0.014920	3.317700
68.209125	3917.361709	19.165722	-0.014903	3.315727
68.230803	3912.249336	19.170727	-0.014907	3.313763
68.230214	3907.330004	19.175731	-0.014907	3.311870
68.173106	3902.164128	19.180736	-0.014892	3.309875
67.995540	3896.859856	19.185741	-0.014849	3.307814
68.075725	3891.596849	19.190746	-0.014868	3.305793
68.126125	3886.518080	19.195751	-0.014879	3.303840
68.116364	3881.598137	19.200755	-0.014876	3.301940
68.132005	3876.408375	19.205760	-0.014879	3.299937
67.976559	3871.281646	19.210765	-0.014842	3.297941
67.873674	3866.126387	19.215770	-0.014816	3.295937
68.018555	3861.042494	19.220775	-0.014850	3.293985
67.967127	3856.115263	19.225779	-0.014837	3.292073
67.747529	3851.013968	19.230784	-0.014784	3.290074
67.747564	3845.517653	19.235789	-0.014784	3.287944
67.728620	3840.252072	19.240794	-0.014778	3.285900
67.717087	3835.140624	19.245799	-0.014775	3.283915
67.549398	3830.286043	19.250803	-0.014734	3.282013
67.565548	3825.109838	19.255808	-0.014738	3.280004
67.551050	3819.900802	19.260813	-0.014734	3.277977
67.573411	3814.750162	19.265818	-0.014738	3.275976
67.599158	3809.649068	19.270823	-0.014744	3.273993
67.559724	3804.743150	19.275827	-0.014734	3.272079
67.385177	3799.637498	19.280832	-0.014691	3.270071
67.453073	3794.150945	19.285837	-0.014707	3.267938
67.548558	3788.859746	19.290842	-0.014729	3.265884
67.421519	3783.844759	19.295847	-0.014698	3.263913
67.289163	3778.894995	19.300851	-0.014666	3.261965
67.332710	3773.725516	19.305856	-0.014676	3.259949
67.337265	3768.552896	19.310861	-0.014676	3.257926
67.309344	3763.351512	19.315866	-0.014669	3.255888
67.283096	3758.335455	19.320871	-0.014662	3.253920
67.230462	3753.417925	19.325875	-0.014649	3.251988
67.167922	3748.257639	19.330880	-0.014633	3.249958
67.162046	3742.794249	19.335885	-0.014631	3.247814
67.158470	3737.553260	19.340890	-0.014630	3.245756
67.084784	3732.543375	19.345895	-0.014611	3.243780
66.984219	3727.571586	19.350899	-0.014587	3.241815
67.029410	3722.397026	19.355904	-0.014597	3.239784
67.007118	3717.220845	19.360909	-0.014591	3.237745
66.819578	3712.120145	19.365914	-0.014546	3.235716
66.813604	3707.097390	19.370919	-0.014544	3.233736
66.790921	3702.117040	19.375923	-0.014537	3.231770
66.765693	3696.914177	19.380928	-0.014531	3.229714
66.731125	3691.550355	19.385933	-0.014522	3.227593
66.585647	3686.396166	19.390938	-0.014486	3.225541
66.617764	3681.398709	19.395943	-0.014494	3.223569
66.663651	3676.361914	19.400947	-0.014504	3.221581
66.570721	3671.237967	19.405952	-0.014481	3.219543
66.554184	3666.065921	19.410957	-0.014476	3.217493
66.488928	3660.904840	19.415962	-0.014460	3.215441
66.494993	3655.981998	19.420967	-0.014461	3.213489
66.551627	3650.894288	19.425971	-0.014474	3.211476
66.399083	3645.712324	19.430976	-0.014437	3.209403
66.408933	3640.335023	19.435981	-0.014439	3.207267
66.363802	3635.196007	19.440986	-0.014427	3.205219
66.237910	3630.284608	19.445991	-0.014397	3.203252
66.236382	3625.182586	19.450995	-0.014396	3.201220
66.174606	3619.998297	19.456000	-0.014380	3.199149
66.151128	3614.844575	19.461005	-0.014374	3.197092
66.014276	3609.718728	19.466010	-0.014341	3.195033
66.193078	3604.778663	19.471015	-0.014383	3.193080
66.193018	3599.635406	19.476019	-0.014382	3.191026
65.967982	3594.354396	19.481024	-0.014328	3.188892
65.868268	3589.106903	19.486029	-0.014303	3.186782
65.972069	3583.988446	19.491034	-0.014327	3.184746
65.977189	3579.032628	19.496039	-0.014328	3.182762
65.926748	3573.912755	19.501043	-0.014315	3.180705
65.729941	3568.780089	19.506048	-0.014268	3.178626
65.738649	3563.601001	19.511053	-0.014269	3.176549
65.770126	3558.581574	19.516058	-0.014276	3.174538
65.780977	3553.584934	19.521063	-0.014278	3.172532
65.725056	3548.436536	19.526067	-0.014264	3.170456
65.753112	3542.898432	19.531072	-0.014270	3.168232
65.779133	3537.670277	19.536077	-0.014276	3.166130
65.786414	3532.688614	19.541082	-0.014277	3.164125
65.601919	3527.717703	19.546087	-0.014232	3.162101
65.518451	3522.583839	19.551091	-0.014211	3.160021
65.622357	3517.350984	19.556096	-0.014236	3.157921
65.446525	3512.270157	19.561101	-0.014193	3.155850
65.481272	3507.315711	19.566106	-0.014201	3.153852
65.506700	3502.196352	19.571111	-0.014206	3.151785
65.372452	3497.007706	19.576115	-0.014173	3.149671
65.349181	3491.658751	19.581120	-0.014167	3.147503
65.268630	3486.521823	19.586125	-0.014147	3.145412
65.068450	3481.704550	19.591130	-0.014099	3.143437
65.229605	3476.488608	19.596135	-0.014137	3.141339
65.307458	3471.307466	19.601139	-0.014155	3.139245
65.088037	3466.156299	19.606144	-0.014102	3.137128
65.078211	3461.100677	19.611149	-0.014099	3.135071
65.086030	3456.192370	19.616154	-0.014100	3.133076
65.076931	3451.006593	19.621159	-0.014097	3.130964
65.065751	3445.532940	19.626163	-0.014094	3.128733
64.926519	3440.338984	19.631168	-0.014060	3.126601
64.895155	3435.315503	19.636173	-0.014052	3.124548
64.987951	3430.150906	19.641178	-0.014073	3.122451
64.888935	3425.023659	19.646183	-0.014049	3.120346
64.865334	3419.831708	19.651187	-0.014043	3.118221
64.827988	3414.652450	19.656192	-0.014033	3.116099
64.811512	3409.758481	19.661197	-0.014029	3.114094
64.754095	3404.656454	19.666202	-0.014014	3.111999
64.668008	3399.409699	19.671207	-0.013993	3.109839
64.533906	3394.106112	19.676211	-0.013960	3.107649
64.485842	3388.984009	19.681216	-0.013948	3.105541
64.674582	3384.052790	19.686221	-0.013993	3.103538
64.617619	3378.909566	19.691226	-0.013979	3.101418
64.442905	3373.787409	19.696231	-0.013936	3.099292
64.452917	3368.637989	19.701235	-0.013938	3.097174
64.402857	3363.559573	19.706240	-0.013925	3.095078
64.376089	3358.637216	19.711245	-0.013918	3.093046
64.307424	3353.470112	19.716250	-0.013901	3.090908
64.252854	3347.960776	19.721255	-0.013888	3.088629
64.343686	3342.759713	19.726259	-0.013909	3.086492
64.270750	3337.759681	19.731264	-0.013891	3.084417
64.250225	3332.765794	19.736269	-0.013885	3.082350
64.371953	3327.577920	19.741274	-0.013914	3.080218
64.196141	3322.418572	19.746279	-0.013871	3.078062
64.077211	3317.317848	19.751283	-0.013842	3.075935
64.007729	3312.431227	19.756288	-0.013825	3.073901
64.081033	3307.256697	19.761293	-0.013842	3.071762
64.058445	3301.935131	19.766298	-0.013836	3.069551
64.064419	3296.679283	19.771303	-0.013836	3.067368
63.957720	3291.670400	19.776307	-0.013810	3.065273
63.772556	3286.675704	19.781312	-0.013765	3.063173
63.897276	3281.516746	19.786317	-0.013794	3.061040
63.789443	3276.368067	19.791322	-0.013768	3.058882
63.728482	3271.227144	19.796327	-0.013753	3.056732
63.643588	3266.300806	19.801331	-0.013732	3.054667
63.689533	3261.220009	19.806336	-0.013742	3.052551
63.649654	3255.958383	19.811341	-0.013732	3.050348
63.591406	3250.587790	19.816346	-0.013718	3.048096
63.494076	3245.438802	19.821351	-0.013694	3.045930
63.555865	3240.508936	19.826355	-0.013708	3.043873
63.476441	3235.370310	19.831360	-0.013688	3.041711
63.436609	3230.239118	19.836365	-0.013678	3.039555
63.373292	3225.058688	19.841370	-0.013662	3.037374
63.448887	3219.985595	19.846375	-0.013680	3.035253
63.385422	3214.991600	19.851379	-0.013664	3.033147
63.338043	3209.796889	19.856384	-0.013652	3.030957
63.275200	3204.458259	19.861389	-0.013636	3.028703
63.264990	3199.311120	19.866394	-0.013633	3.026535
63.153614	3194.388813	19.871399	-0.013606	3.024448
63.246030	3189.268795	19.876403	-0.013628	3.022300
63.002729	3184.154056	19.881408	-0.013569	3.020112
63.252304	3178.917821	19.886413	-0.013628	3.017931
63.136492	3173.861728	19.891418	-0.013600	3.015781
63.048445	3168.939449	19.896423	-0.013578	3.013689
63.173924	3163.717527	19.901427	-0.013607	3.011494
62.980755	3158.284513	19.906432	-0.013560	3.009170
62.890741	3153.135100	19.911437	-0.013538	3.006977
62.771214	3148.181084	19.916442	-0.013509	3.004861
62.803570	3143.089725	19.921447	-0.013516	3.002704
62.810909	3137.945177	19.926451	-0.013517	3.000520
62.742018	3132.741572	19.931456	-0.013500	2.998300
62.719216	3127.673306	19.936461	-0.013494	2.996141
62.672250	3122.758546	19.941466	-0.013482	2.994044
62.596424	3117.612932	19.946471	-0.013464	2.991843
62.577426	3112.143087	19.951475	-0.013458	2.989509
62.618544	3106.898168	19.956480	-0.013468	2.987276
62.565032	3101.957498	19.961485	-0.013454	2.985160
62.602935	3096.881085	19.966490	-0.013463	2.982996
62.525429	3091.725886	19.971495	-0.013443	2.980783
62.489257	3086.543803	19.976499	-0.013434	2.978561
62.310808	3081.494378	19.981504	-0.013391	2.976377
62.282406	3076.644830	19.986509	-0.013383	2.974296
62.427366	3071.473337	19.991514	-0.013418	2.972096
62.252385	3066.023159	19.996519	-0.013375	2.969736
62.311022	3060.778793	20.001523	-0.013388	2.967491
62.254708	3055.790535	20.006528	-0.013374	2.965340
62.169888	3050.763277	20.011533	-0.013353	2.963167
62.155671	3045.617301	20.016538	-0.013349	2.960951
62.106489	3040.419257	20.021543	-0.013337	2.958706
62.073034	3035.277149	20.026547	-0.013328	2.956485
61.961613	3030.376857	20.031552	-0.013301	2.954357
61.977467	3025.229663	20.036557	-0.013304	2.952137
61.984891	3019.836634	20.041562	-0.013305	2.949808
61.928540	3014.639395	20.046567	-0.013291	2.947554
61.932519	3009.666862	20.051571	-0.013292	2.945403
61.930752	3004.573475	20.056576	-0.013291	2.943197
61.819065	2999.477316	20.061581	-0.013263	2.940975
61.793067	2994.299257	20.066586	-0.013256	2.938726
61.609873	2989.235101	20.071591	-0.013212	2.936506
61.675135	2984.287333	20.076595	-0.013227	2.934365
61.648491	2979.134076	20.081600	-0.013220	2.932122
61.569857	2973.706298	20.086605	-0.013201	2.929751
61.585544	2968.516008	20.091610	-0.013204	2.927493
61.431423	2963.564196	20.096615	-0.013166	2.925317
61.438509	2958.491628	20.101619	-0.013167	2.923106
61.448209	2953.306977	20.106624	-0.013169	2.920845
61.409783	2948.163811	20.111629	-0.013159	2.918594
61.336521	2943.084680	20.116634	-0.013141	2.916366
61.248817	2938.119969	20.121639	-0.013119	2.914183
61.191403	2932.982685	20.126643	-0.013105	2.911928
61.168513	2927.612843	20.131648	-0.013099	2.909573
61.160206	2922.452450	20.136653	-0.013096	2.907310
61.136882	2917.520962	20.141658	-0.013090	2.905143
61.022144	2912.429825	20.146663	-0.013062	2.902894
61.075794	2907.277572	20.151667	-0.013074	2.900637
61.072492	2902.082638	20.156672	-0.013073	2.898352
61.042945	2897.012172	20.161677	-0.013065	2.896117
60.957259	2892.010107	20.166682	-0.013044	2.893903
60.955990	2886.750901	20.171687	-0.013043	2.891585
60.916222	2881.372659	20.176691	-0.013033	2.889208
60.733752	2876.280676	20.181696	-0.012989	2.886936
60.707795	2871.355695	20.186701	-0.012982	2.884757
60.773050	2866.176401	20.191706	-0.012997	2.882476
60.618948	2861.027594	20.196711	-0.012960	2.880178
60.634527	2855.866719	20.201715	-0.012963	2.877894
60.822792	2850.832184	20.206720	-0.013007	2.875687
60.585613	2845.800785	20.211725	-0.012950	2.873425
60.702260	2840.500219	20.216730	-0.012977	2.871087
60.613336	2835.234331	20.221735	-0.012955	2.868736
60.576536	2830.214509	20.226739	-0.012946	2.866500
60.557620	2825.168853	20.231744	-0.012941	2.864252
60.353711	2820.076040	20.236749	-0.012891	2.861958
60.327123	2814.923720	20.241754	-0.012884	2.859658
60.273016	2809.762606	20.246759	-0.012871	2.857349
60.416236	2804.837460	20.251763	-0.012904	2.855169
60.237338	2799.735642	20.256768	-0.012861	2.852867
60.098144	2794.322774	20.261773	-0.012827	2.850429
60.185533	2789.083318	20.266778	-0.012847	2.848096
60.076029	2784.118313	20.271783	-0.012820	2.845858
60.162468	2779.003768	20.276787	-0.012840	2.843577
60.085599	2773.876438	20.281792	-0.012821	2.841267
59.997321	2768.655858	20.286797	-0.012800	2.838912
59.990356	2763.624880	20.291802	-0.012797	2.836650
60.023261	2758.591767	20.296807	-0.012805	2.834392
60.082360	2753.416253	20.301811	-0.012818	2.832070
59.916292	2748.069261	20.306816	-0.012778	2.829640
59.748178	2743.005864	20.311821	-0.012737	2.827336
59.807531	2738.033378	20.316826	-0.012751	2.825100
59.624111	2732.944731	20.321831	-0.012706	2.822778
59.654577	2727.773250	20.326835	-0.012713	2.820446
59.619053	2722.615105	20.331840	-0.012704	2.818108
59.620442	2717.694475	20.336845	-0.012703	2.815881
59.670270	2712.578815	20.341850	-0.012715	2.813571
59.478154	2707.208227	20.346855	-0.012668	2.811110
59.393438	2701.977207	20.351859	-0.012647	2.808725
59.405257	2696.955151	20.356864	-0.012649	2.806446
59.462752	2691.867378	20.361869	-0.012663	2.804142
59.392963	2686.732154	20.366874	-0.012645	2.801796
59.385236	2681.534256	20.371879	-0.012643	2.799429
59.340620	2676.485907	20.376883	-0.012631	2.797123
59.197642	2671.527630	20.381888	-0.012597	2.794842
59.190432	2666.311068	20.386893	-0.012594	2.792461
59.189718	2660.987040	20.391898	-0.012593	2.790029
59.280552	2655.792084	20.396903	-0.012615	2.787666
59.240053	2650.898887	20.401907	-0.012604	2.785421
58.935836	2645.834967	20.406912	-0.012531	2.783061
59.113235	2640.553040	20.411917	-0.012573	2.780664
58.991812	2635.448567	20.416922	-0.012543	2.778306
59.005631	2630.478294	20.421927	-0.012546	2.776026
58.865088	2625.390839	20.426931	-0.012512	2.773670
58.837899	2620.008781	20.431936	-0.012504	2.771191
58.770385	2614.778452	20.436941	-0.012488	2.768774
58.831193	2609.759796	20.441946	-0.012502	2.766470
58.654770	2604.707545	20.446951	-0.012459	2.764117
58.662032	2599.550255	20.451955	-0.012460	2.761738
58.642777	2594.391107	20.456960	-0.012455	2.759352
58.619118	2589.378836	20.461965	-0.012448	2.757032
58.556923	2584.383623	20.466970	-0.012433	2.754712
58.536864	2579.128704	20.471975	-0.012427	2.752276
58.666828	2573.775802	20.476979	-0.012458	2.749813
58.631722	2568.713004	20.481984	-0.012449	2.747460
58.576971	2563.743774	20.486989	-0.012435	2.745145
58.461150	2558.616329	20.491994	-0.012407	2.742746
58.369207	2553.460127	20.496999	-0.012384	2.740336
58.426267	2548.363202	20.502003	-0.012397	2.737971
58.393312	2543.406748	20.507008	-0.012389	2.735657
58.205501	2538.308064	20.512013	-0.012343	2.733254
58.304373	2532.841985	20.517018	-0.012366	2.730716
58.197012	2527.631727	20.522023	-0.012340	2.728268
58.093364	2522.762830	20.527027	-0.012315	2.725977
58.005093	2517.616700	20.532032	-0.012293	2.723556
58.041542	2512.410484	20.537037	-0.012301	2.721123
57.887310	2507.296709	20.542042	-0.012263	2.718704
57.895052	2502.321879	20.547047	-0.012265	2.716371
57.896270	2497.211724	20.552051	-0.012264	2.713971
57.860104	2491.879617	20.557056	-0.012255	2.711460
57.744133	2486.692525	20.562061	-0.012227	2.709003
57.884840	2481.697488	20.567066	-0.012260	2.706671
57.730097	2476.612755	20.572071	-0.012222	2.704253
57.688110	2471.464991	20.577075	-0.012211	2.701819
57.651178	2466.321027	20.582080	-0.012202	2.699385
57.716015	2461.302308	20.587085	-0.012217	2.697022
57.773145	2456.209115	20.592090	-0.012230	2.694621
57.684416	2450.873012	20.597095	-0.012208	2.692083
57.629106	2445.619503	20.602099	-0.012194	2.689585
57.379903	2440.674145	20.607104	-0.012134	2.687204
57.434658	2435.591625	20.612109	-0.012146	2.684799
57.460734	2430.432303	20.617114	-0.012152	2.682352
57.304191	2425.283606	20.622119	-0.012114	2.679881
57.325685	2420.264931	20.627123	-0.012119	2.677495
57.313825	2415.168438	20.632128	-0.012115	2.675065
57.154230	2409.947834	20.637133	-0.012076	2.672552
57.217968	2404.667279	20.642138	-0.012091	2.670041
57.121840	2399.626845	20.647143	-0.012067	2.667619
57.059018	2394.631202	20.652147	-0.012052	2.665221
56.979180	2389.511581	20.657152	-0.012032	2.662759
57.036686	2384.316032	20.662157	-0.012045	2.660278
57.088882	2379.272682	20.667162	-0.012057	2.657867
56.914737	2374.288869	20.672167	-0.012015	2.655450
56.911276	2369.000008	20.677171	-0.012013	2.652909
56.769471	2363.680984	20.682176	-0.011979	2.650330
56.796783	2358.596581	20.687181	-0.011985	2.647887
56.749142	2353.606343	20.692186	-0.011973	2.645476
56.677753	2348.428573	20.697191	-0.011955	2.642968
56.631317	2343.276290	20.702195	-0.011943	2.640475
56.809184	2338.192753	20.707200	-0.011985	2.638045
56.577325	2333.223008	20.712205	-0.011929	2.635608
56.641549	2327.990212	20.717210	-0.011944	2.633084
56.521902	2322.684431	20.722215	-0.011914	2.630496
56.452288	2317.664684	20.727219	-0.011897	2.628051
56.488509	2312.573340	20.732224	-0.011905	2.625585
56.359394	2307.454652	20.737229	-0.011874	2.623079
56.404491	2302.283917	20.742234	-0.011884	2.620571
56.341242	2297.246694	20.747239	-0.011868	2.618109
56.324812	2292.247335	20.752243	-0.011864	2.615671
56.109919	2286.988243	20.757248	-0.011812	2.613074
56.257101	2281.620315	20.762253	-0.011846	2.610475
56.002480	2276.641039	20.767258	-0.011785	2.608004
56.161114	2271.552642	20.772263	-0.011822	2.605538
56.190913	2266.401324	20.777267	-0.011828	2.603021
56.234283	2261.215476	20.782272	-0.011838	2.600486
56.110259	2256.233510	20.787277	-0.011808	2.598023
55.893096	2251.263583	20.792282	-0.011755	2.595550
56.000756	2245.925928	20.797287	-0.011781	2.592943
55.913848	2240.715723	20.802291	-0.011759	2.590366
55.914548	2235.710072	20.807296	-0.011759	2.587901
55.795225	2230.670382	20.812301	-0.011730	2.585398
55.751951	2225.514259	20.817306	-0.011719	2.582848
55.636092	2220.374177	20.822311	-0.011690	2.580291
55.565063	2215.387050	20.827315	-0.011673	2.577815
55.639252	2210.276868	20.832320	-0.011690	2.575297
55.610149	2204.955854	20.837325	-0.011682	2.572656
55.581706	2199.720029	20.842330	-0.011675	2.570056
55.473027	2194.761276	20.847335	-0.011648	2.567578
55.434944	2189.661900	20.852339	-0.011638	2.565038
55.392798	2184.510182	20.857344	-0.011628	2.562469
55.335237	2179.337691	20.862349	-0.011613	2.559885
55.263053	2174.405073	20.867354	-0.011595	2.557416
55.228886	2169.257845	20.872359	-0.011587	2.554843
55.216229	2163.952331	20.877363	-0.011583	2.552191
55.263071	2158.732903	20.882368	-0.011594	2.549590
55.148992	2153.797668	20.887373	-0.011566	2.547102
55.017795	2148.715603	20.892378	-0.011534	2.544537
54.989111	2143.538268	20.897383	-0.011526	2.541936
55.018908	2138.414993	20.902387	-0.011533	2.539369
55.017230	2133.454755	20.907392	-0.011532	2.536877
54.916063	2128.252822	20.912397	-0.011507	2.534245
55.027873	2122.790493	20.917402	-0.011533	2.531513
54.864364	2117.749933	20.922407	-0.011493	2.528947
54.847137	2112.749650	20.927411	-0.011488	2.526422
54.743080	2107.619397	20.932416	-0.011463	2.523815
54.673195	2102.455815	20.937421	-0.011446	2.521193
54.747347	2097.426526	20.942426	-0.011463	2.518660
54.579394	2092.417050	20.947431	-0.011422	2.516096
54.551734	2087.159961	20.952435	-0.011415	2.513426
54.482399	2081.911893	20.957440	-0.011398	2.510751
54.568128	2076.886843	20.962445	-0.011417	2.508211
54.480069	2071.837448	20.967450	-0.011396	2.505629
54.458288	2066.635103	20.972455	-0.011390	2.502976
54.313253	2061.541539	20.977459	-0.011355	2.500357
54.319534	2056.576284	20.982464	-0.011355	2.497825
54.253780	2051.475992	20.987469	-0.011339	2.495209
54.192115	2046.022504	20.992474	-0.011324	2.492411
54.108715	2040.908681	20.997479	-0.011303	2.489779
54.253905	2035.844401	21.002483	-0.011337	2.487208
54.112492	2030.719283	21.007488	-0.011303	2.484556
54.099547	2025.525581	21.012493	-0.011299	2.481887
53.974612	2020.515095	21.017498	-0.011269	2.479291
53.964453	2015.483160	21.022503	-0.011266	2.476700
53.971416	2010.241860	21.027507	-0.011267	2.474001
53.792843	2005.022845	21.032512	-0.011223	2.471280
53.854063	1999.968264	21.037517	-0.011237	2.468681
53.840587	1994.911856	21.042522	-0.011233	2.466065
53.807706	1989.774613	21.047527	-0.011225	2.463402
53.841696	1984.584943	21.052531	-0.011232	2.460720
53.716617	1979.665305	21.057536	-0.011202	2.458149
53.660518	1974.573249	21.062541	-0.011188	2.455496
53.642428	1969.130108	21.067546	-0.011183	2.452665
53.576042	1963.996025	21.072551	-0.011166	2.449983
53.469705	1959.053605	21.077555	-0.011140	2.447392
53.400095	1953.919096	21.082560	-0.011123	2.444704
53.481389	1948.673810	21.087565	-0.011142	2.441980
53.524278	1943.604358	21.092570	-0.011152	2.439338
53.289329	1938.641147	21.097575	-0.011095	2.436703
53.164013	1933.425785	21.102579	-0.011064	2.433952
53.176249	1928.166264	21.107584	-0.011066	2.431197
53.188680	1923.169785	21.112589	-0.011069	2.428576
53.120752	1918.095304	21.117594	-0.011052	2.425899
52.912988	1912.958393	21.122599	-0.011002	2.423163
53.002248	1907.795120	21.127603	-0.011022	2.420459
53.027414	1902.879453	21.132608	-0.011028	2.417872
52.977796	1897.668879	21.137613	-0.011015	2.415114
52.784948	1892.342642	21.142618	-0.010969	2.412268
52.868682	1887.223361	21.147623	-0.010988	2.409574
52.929192	1882.184853	21.152627	-0.011002	2.406916
52.749615	1877.066451	21.157632	-0.010958	2.404173
52.833290	1871.813458	21.162637	-0.010978	2.401399
52.566400	1866.909018	21.167642	-0.010913	2.398748
52.631856	1861.781821	21.172647	-0.010928	2.396032
52.587974	1856.477328	21.177651	-0.010917	2.393199
52.414797	1851.380431	21.182656	-0.010875	2.390453
52.385612	1846.385644	21.187661	-0.010867	2.387782
52.481658	1841.206706	21.192666	-0.010890	2.385030
52.338266	1836.072262	21.197671	-0.010855	2.382259
52.329100	1831.062386	21.202675	-0.010852	2.379574
52.232161	1826.037135	21.207680	-0.010828	2.376863
52.265221	1820.665453	21.212685	-0.010836	2.373985
52.215810	1815.445162	21.217690	-0.010823	2.371170
52.174367	1810.480218	21.222695	-0.010813	2.368492
52.252214	1805.317351	21.227699	-0.010831	2.365724
52.085517	1800.187894	21.232704	-0.010790	2.362928
52.094545	1795.052919	21.237709	-0.010792	2.360157
52.027200	1790.079568	21.242714	-0.010775	2.357456
51.943755	1784.830282	21.247719	-0.010754	2.354601
51.885754	1779.608100	21.252723	-0.010740	2.351761
51.930129	1774.606350	21.257728	-0.010750	2.349055
51.786387	1769.532142	21.262733	-0.010715	2.346273
51.710066	1764.398363	21.267738	-0.010696	2.343468
51.779574	1759.249184	21.272743	-0.010712	2.340676
51.789739	1754.272995	21.277747	-0.010714	2.337965
51.652256	1749.024696	21.282752	-0.010680	2.335077
51.592339	1743.701108	21.287757	-0.010665	2.332157
51.592852	1738.678271	21.292762	-0.010665	2.329409
51.488204	1733.598708	21.297767	-0.010639	2.326608
51.589532	1728.414231	21.302771	-0.010663	2.323782
51.341697	1723.331780	21.307776	-0.010603	2.320948
51.356346	1718.335704	21.312781	-0.010606	2.318204
51.299850	1713.150355	21.317786	-0.010592	2.315339
51.354694	1707.856251	21.322791	-0.010604	2.312431
51.142577	1702.882741	21.327795	-0.010553	2.309649
51.122373	1697.806961	21.332800	-0.010547	2.306841
51.018036	1692.667614	21.337805	-0.010522	2.303980
51.113397	1687.508112	21.342810	-0.010544	2.301139
51.139966	1682.517659	21.347815	-0.010550	2.298376
51.048443	1677.302193	21.352819	-0.010527	2.295464
50.996646	1672.002067	21.357824	-0.010514	2.292509
50.825859	1667.022827	21.362829	-0.010473	2.289707
50.828333	1661.933064	21.367834	-0.010473	2.286870
50.755419	1656.738819	21.372839	-0.010455	2.283959
50.588010	1651.682721	21.377843	-0.010414	2.281104
50.626727	1646.711171	21.382848	-0.010423	2.278329
50.511906	1641.471155	21.387853	-0.010395	2.275374
50.558600	1636.198788	21.392858	-0.010405	2.272425
50.420931	1631.235441	21.397863	-0.010372	2.269613
50.407676	1626.139721	21.402867	-0.010368	2.266745
50.498313	1620.955151	21.407872	-0.010389	2.263843
50.377654	1615.914527	21.412877	-0.010359	2.260980
50.359715	1610.914374	21.417882	-0.010354	2.258154
50.238527	1605.606279	21.422887	-0.010325	2.255132
50.018610	1600.415562	21.427891	-0.010272	2.252155
50.140756	1595.382586	21.432896	-0.010300	2.249325
50.144305	1590.208867	21.437901	-0.010300	2.246391
50.234748	1585.009951	21.442906	-0.010321	2.243454
49.973057	1580.009055	21.447911	-0.010258	2.240561
49.931500	1574.982153	21.452915	-0.010248	2.237690
49.888407	1569.710837	21.457920	-0.010237	2.234676
49.789025	1564.542200	21.462925	-0.010212	2.231706
49.811277	1559.573795	21.467930	-0.010217	2.228869
49.769936	1554.402626	21.472935	-0.010207	2.225900
49.707953	1549.281262	21.477939	-0.010191	2.222952
49.809864	1544.226048	21.482944	-0.010215	2.220069
49.771507	1539.129502	21.487949	-0.010205	2.217132
49.511561	1533.798672	21.492954	-0.010142	2.214015
49.495954	1528.673002	21.497959	-0.010138	2.211058
49.522314	1523.623532	21.502963	-0.010144	2.208148
49.522732	1518.464155	21.507968	-0.010143	2.205166
49.433791	1513.342164	21.512973	-0.010121	2.202185
49.341769	1508.405566	21.517978	-0.010099	2.199307
49.286991	1503.200172	21.522983	-0.010085	2.196276
49.253634	1497.942941	21.527987	-0.010076	2.193215
49.169370	1492.927607	21.532992	-0.010055	2.190280
49.071513	1487.858150	21.537997	-0.010031	2.187308
49.073203	1482.717204	21.543002	-0.010031	2.184309
49.083971	1477.630812	21.548007	-0.010033	2.181339
49.059730	1472.606487	21.553011	-0.010027	2.178395
49.019294	1467.261954	21.558016	-0.010016	2.175256
48.937277	1462.019297	21.563021	-0.009996	2.172164
48.990759	1457.040176	21.568026	-0.010008	2.169249
48.824763	1451.924136	21.573031	-0.009968	2.166207
48.698163	1446.762005	21.578035	-0.009937	2.163141
48.642398	1441.797213	21.583040	-0.009923	2.160201
48.580637	1436.687240	21.588045	-0.009908	2.157170
48.563126	1431.389396	21.593050	-0.009903	2.154032
48.523472	1426.319255	21.598055	-0.009893	2.151020
48.420211	1421.299688	21.603059	-0.009868	2.148022
48.492216	1416.088243	21.608064	-0.009884	2.144939
48.374460	1411.009107	21.613069	-0.009855	2.141894
48.436685	1405.980076	21.618074	-0.009870	2.138910
48.179753	1400.745115	21.623079	-0.009808	2.135736
48.215467	1395.487832	21.628083	-0.009815	2.132601
48.293480	1390.509247	21.633088	-0.009834	2.129637
48.096465	1385.387901	21.638093	-0.009786	2.126528
48.091525	1380.238861	21.643098	-0.009784	2.123437
47.919324	1375.285971	21.648103	-0.009742	2.120426
48.066334	1370.086219	21.653107	-0.009777	2.117325
47.804134	1364.868447	21.658112	-0.009713	2.114128
47.782948	1359.796458	21.663117	-0.009708	2.111062
47.813981	1354.712843	21.668122	-0.009715	2.107994
47.709831	1349.577053	21.673127	-0.009689	2.104864
47.782403	1344.482052	21.678131	-0.009706	2.101789
47.702718	1339.473932	21.683136	-0.009686	2.098732
47.501434	1334.202918	21.688141	-0.009637	2.095485
47.579864	1329.002084	21.693146	-0.009655	2.092333
47.517601	1323.984087	21.698151	-0.009640	2.089260
47.391671	1318.867639	21.703155	-0.009609	2.086109
47.428645	1313.702643	21.708160	-0.009617	2.082956
47.283201	1308.731219	21.713165	-0.009582	2.079880
47.312989	1303.497835	21.718170	-0.009588	2.076674
47.166833	1298.304559	21.723175	-0.009553	2.073453
47.218906	1293.290789	21.728179	-0.009565	2.070377
47.241083	1288.126822	21.733184	-0.009569	2.067198
47.160603	1282.977487	21.738189	-0.009550	2.064002
47.033916	1278.015191	21.743194	-0.009519	2.060907
47.005843	1272.878152	21.748199	-0.009511	2.057720
46.956763	1267.525972	21.753203	-0.009499	2.054389
46.952506	1262.452574	21.758208	-0.009497	2.051236
46.814299	1257.396575	21.763213	-0.009464	2.048061
46.713102	1252.266904	21.768218	-0.009439	2.044843
46.618763	1247.241556	21.773223	-0.009416	2.041687
46.750785	1242.159078	21.778227	-0.009447	2.038537
46.650369	1236.834270	21.783232	-0.009422	2.035182
46.437719	1231.839635	21.788237	-0.009370	2.032005
46.525865	1226.787939	21.793242	-0.009391	2.028850
46.487229	1221.597788	21.798247	-0.009381	2.025576
46.512563	1216.518269	21.803251	-0.009387	2.022380
46.424747	1211.492831	21.808256	-0.009365	2.019190
46.326344	1206.136958	21.813261	-0.009341	2.015783
46.192715	1201.041115	21.818266	-0.009308	2.012528
46.263687	1195.976642	21.823271	-0.009325	2.009331
46.197130	1190.835167	21.828275	-0.009308	2.006051
46.252797	1185.717993	21.833280	-0.009321	2.002806
46.090199	1180.727427	21.838285	-0.009281	1.999591
45.957286	1175.501765	21.843290	-0.009249	1.996226
45.843115	1170.340951	21.848295	-0.009221	1.992902
45.893638	1165.306934	21.853299	-0.009232	1.989688
45.798113	1160.183468	21.858304	-0.009209	1.986381
45.738473	1155.073594	21.863309	-0.009194	1.983084
45.585934	1150.132245	21.868314	-0.009157	1.979870
45.685041	1144.769852	21.873319	-0.009180	1.976434
45.608560	1139.615539	21.878323	-0.009161	1.973088
45.597753	1134.590504	21.883328	-0.009158	1.969835
45.509224	1129.431819	21.888333	-0.009136	1.966472
45.356664	1124.372442	21.893338	-0.009099	1.963155
45.375499	1119.349172	21.898343	-0.009103	1.959893
45.331357	1114.075203	21.903347	-0.009092	1.956448
45.309633	1108.948597	21.908352	-0.009086	1.953098
45.183280	1103.951591	21.913357	-0.009055	1.949804
45.117284	1098.831365	21.918362	-0.009039	1.946437
45.027948	1093.736923	21.923367	-0.009017	1.943076
45.157379	1088.656645	21.928371	-0.009047	1.939767
44.994712	1083.422216	21.933376	-0.009007	1.936286
44.821576	1078.344916	21.938381	-0.008965	1.932900
44.710021	1073.310478	21.943386	-0.008938	1.929550
44.760357	1068.126172	21.948391	-0.008949	1.926131
44.643765	1063.088419	21.953395	-0.008921	1.922766
44.746751	1057.981135	21.958400	-0.008945	1.919398
44.561092	1052.703312	21.963405	-0.008900	1.915846
44.453438	1047.684138	21.968410	-0.008874	1.912477
44.470202	1042.590334	21.973415	-0.008877	1.909080
44.463069	1037.419647	21.978419	-0.008875	1.905621
44.484866	1032.381742	21.983424	-0.008879	1.902250
44.260911	1027.287462	21.988429	-0.008825	1.898781
44.247845	1021.985540	21.993434	-0.008821	1.895213
44.188541	1016.949545	21.998439	-0.008806	1.891807
44.201345	1011.819012	22.003443	-0.008809	1.888347
44.069711	1006.706804	22.008448	-0.008777	1.884861
44.066772	1001.705909	22.013453	-0.008776	1.881473
44.079441	996.495442	22.018458	-0.008778	1.877940
43.919769	991.302877	22.023463	-0.008739	1.874373
43.960779	986.279025	22.028467	-0.008748	1.870960
43.865369	981.160822	22.033472	-0.008725	1.867446
43.708856	976.079430	22.038477	-0.008687	1.863935
43.769449	971.056838	22.043482	-0.008701	1.860509
43.522721	965.780220	22.048487	-0.008641	1.856830
43.561279	960.610686	22.053491	-0.008650	1.853285
43.524367	955.549290	22.058496	-0.008640	1.849789
43.409183	950.417423	22.063501	-0.008612	1.846220
43.500405	945.335489	22.068506	-0.008633	1.842727
43.446752	940.208579	22.073511	-0.008620	1.839162
43.276957	935.013432	22.078515	-0.008579	1.835515
43.246642	929.999675	22.083520	-0.008571	1.832020
43.148640	924.875323	22.088525	-0.008547	1.828426
43.091734	919.754283	22.093530	-0.008532	1.824836
42.964936	914.788862	22.098535	-0.008501	1.821331
42.910317	909.508200	22.103539	-0.008488	1.817616
42.971238	904.310878	22.108544	-0.008502	1.813980
42.883778	899.281954	22.113549	-0.008480	1.810419
42.707819	894.173998	22.118554	-0.008437	1.806774
42.651009	889.130735	22.123559	-0.008423	1.803196
42.662160	884.008696	22.128563	-0.008425	1.799572
42.582236	878.738384	22.133568	-0.008406	1.795813
42.528169	873.747781	22.138573	-0.008392	1.792251
42.470773	868.622931	22.143578	-0.008378	1.788586
42.457635	863.501799	22.148583	-0.008374	1.784927
42.468152	858.463953	22.153587	-0.008376	1.781325
42.359029	853.208759	22.158592	-0.008349	1.777531
42.203018	848.102271	22.163597	-0.008311	1.773825
42.123571	843.057065	22.168602	-0.008292	1.770173
42.125702	837.871171	22.173607	-0.008291	1.766433
42.033446	832.871178	22.178611	-0.008269	1.762795
41.923081	827.723321	22.183616	-0.008242	1.759039
41.846487	822.519557	22.188621	-0.008223	1.755242
41.799595	817.531485	22.193626	-0.008211	1.751601
41.828018	812.345298	22.198631	-0.008217	1.747827
41.718472	807.275690	22.203635	-0.008190	1.744096
41.591058	802.234665	22.208640	-0.008159	1.740373
41.573702	796.899387	22.213645	-0.008154	1.736454
41.574815	791.869411	22.218650	-0.008154	1.732755
41.557039	786.729492	22.223655	-0.008149	1.728962
41.343542	781.672610	22.228659	-0.008098	1.725173
41.289630	776.675771	22.233664	-0.008084	1.721460
41.225047	771.391586	22.238669	-0.008068	1.717524
41.309006	766.291547	22.243674	-0.008087	1.713753
41.096715	761.273299	22.248679	-0.008036	1.709959
41.045049	756.109358	22.253683	-0.008023	1.706089
40.993987	751.140490	22.258688	-0.008010	1.702357
40.850198	745.861400	22.263693	-0.007975	1.698359
40.856684	740.707045	22.268698	-0.007976	1.694485
40.829075	735.638084	22.273703	-0.007969	1.690657
40.724756	730.497701	22.278707	-0.007943	1.686747
40.669120	725.490496	22.283712	-0.007929	1.682941
40.705122	720.266361	22.288717	-0.007937	1.678986
40.499781	715.150613	22.293722	-0.007888	1.675040
40.498818	710.103240	22.298727	-0.007887	1.671192
40.345216	704.980726	22.303731	-0.007849	1.667236
40.432768	699.925067	22.308736	-0.007870	1.663387
40.301766	694.758467	22.313741	-0.007838	1.659385
40.177308	689.586796	22.318746	-0.007807	1.655371
40.152739	684.546564	22.323751	-0.007801	1.651476
40.111352	679.362574	22.328755	-0.007790	1.647455
40.060203	674.346493	22.333760	-0.007778	1.643553
39.806391	669.252951	22.338765	-0.007716	1.639526
39.819569	664.063737	22.343770	-0.007719	1.635487
39.762712	659.043586	22.348775	-0.007705	1.631551
39.549774	653.928867	22.353779	-0.007653	1.627489
39.714421	648.839613	22.358784	-0.007692	1.623540
39.582199	643.633639	22.363789	-0.007660	1.619408
39.468163	638.473702	22.368794	-0.007632	1.615307
39.270929	633.491565	22.373799	-0.007584	1.611313
39.378549	628.264879	22.378803	-0.007609	1.607199
39.182516	623.315814	22.383808	-0.007561	1.603212
39.166208	618.077571	22.388813	-0.007557	1.599034
38.964233	613.005505	22.393818	-0.007508	1.594926
39.009413	607.906744	22.398823	-0.007518	1.590855
38.871981	602.803256	22.403827	-0.007485	1.586718
38.962089	597.747559	22.408832	-0.007506	1.582674
38.924762	592.439290	22.413837	-0.007496	1.578379
38.814179	587.387951	22.418842	-0.007469	1.574259
38.683919	582.303978	22.423847	-0.007437	1.570097
38.670800	577.179875	22.428851	-0.007433	1.565924
38.642406	572.141266	22.433856	-0.007426	1.561806
38.422924	566.942399	22.438861	-0.007373	1.557491
38.335304	561.939028	22.443866	-0.007351	1.553362
38.242239	556.841757	22.448871	-0.007329	1.549143
38.203945	551.754992	22.453875	-0.007319	1.544937
38.029921	546.659852	22.458880	-0.007276	1.540674
37.955782	541.422028	22.463885	-0.007258	1.536309
37.982745	536.349712	22.468890	-0.007264	1.532099
37.902343	531.203457	22.473895	-0.007244	1.527784
37.832546	526.188902	22.478899	-0.007227	1.523570
37.747804	520.992005	22.483904	-0.007206	1.519188
37.503141	515.952106	22.488909	-0.007147	1.514877
37.573083	510.840655	22.493914	-0.007163	1.510587
37.460603	505.743878	22.498919	-0.007135	1.506243
37.298920	500.715957	22.503923	-0.007096	1.501930
37.315718	495.414943	22.508928	-0.007099	1.497425
37.317968	490.370795	22.513933	-0.007099	1.493122
37.168128	485.262374	22.518938	-0.007063	1.488706
37.108116	480.239038	22.523943	-0.007048	1.484377
37.048423	475.042870	22.528947	-0.007033	1.479886
37.006864	469.927817	22.533952	-0.007022	1.475457
36.800928	464.894303	22.538957	-0.006973	1.471035
36.743251	459.806186	22.543962	-0.006958	1.466598
36.767510	454.696239	22.548967	-0.006963	1.462154
36.695357	449.425474	22.553971	-0.006946	1.457525
36.496719	444.460756	22.558976	-0.006897	1.453111
36.261752	439.363939	22.563981	-0.006841	1.448557
36.420342	434.281691	22.568986	-0.006878	1.444123
36.245936	429.087689	22.573991	-0.006836	1.439472
36.085655	424.051597	22.578995	-0.006797	1.434951
36.016561	418.965926	22.584000	-0.006779	1.430401
35.904003	413.900875	22.589005	-0.006752	1.425840
35.872066	408.756181	22.594010	-0.006744	1.421219
35.839332	403.555893	22.599015	-0.006735	1.416533
35.691356	398.519843	22.604019	-0.006699	1.411942
35.616363	393.409775	22.609024	-0.006681	1.407293
35.589044	388.334116	22.614029	-0.006673	1.402675
35.475865	383.144800	22.619034	-0.006646	1.397911
35.291145	378.150372	22.624039	-0.006601	1.393285
35.277028	372.988608	22.629043	-0.006597	1.388546
35.060617	368.056548	22.634048	-0.006545	1.383936
35.084218	362.710143	22.639053	-0.006550	1.379006
35.103642	357.653287	22.644058	-0.006554	1.374326
34.862514	352.567830	22.649063	-0.006495	1.369517
34.711850	347.564624	22.654067	-0.006459	1.364798
34.730441	342.351559	22.659072	-0.006463	1.359922
34.716531	337.249086	22.664077	-0.006459	1.355121
34.548271	332.168494	22.669082	-0.006418	1.350273
34.435005	327.153817	22.674087	-0.006390	1.345488
34.418762	321.919537	22.679091	-0.006386	1.340510
34.277504	316.849183	22.684096	-0.006351	1.335627
34.125870	311.774625	22.689101	-0.006314	1.330719
34.058028	306.722241	22.694106	-0.006297	1.325843
33.856834	301.602528	22.699111	-0.006249	1.320837
33.774711	296.515532	22.704115	-0.006228	1.315886
33.761169	291.411936	22.709120	-0.006225	1.310923
33.527582	286.399495	22.714125	-0.006168	1.305954
33.429650	281.269333	22.719130	-0.006144	1.300898
33.389257	276.166522	22.724135	-0.006134	1.295869
33.346084	271.037709	22.729139	-0.006123	1.290794
33.040330	266.081399	22.734144	-0.006049	1.285778
32.967560	260.877858	22.739149	-0.006031	1.280578
32.838679	255.832308	22.744154	-0.006000	1.275494
32.696117	250.744482	22.749159	-0.005965	1.270343
32.703312	245.682434	22.754163	-0.005966	1.265251
32.508663	240.488627	22.759168	-0.005919	1.259932
32.428115	235.443065	22.764173	-0.005899	1.254783
32.281220	230.342158	22.769178	-0.005863	1.249531
32.223964	225.282630	22.774183	-0.005849	1.244333
32.055627	220.118110	22.779187	-0.005808	1.238964
31.901976	215.115859	22.784192	-0.005771	1.233744
31.881704	209.977905	22.789197	-0.005765	1.228412
31.719237	204.907196	22.794202	-0.005726	1.223072
31.510877	199.769720	22.799207	-0.005675	1.217623
31.436067	194.683712	22.804211	-0.005657	1.212253
31.364573	189.616549	22.809216	-0.005639	1.206880
31.210225	184.484718	22.814221	-0.005601	1.201383
31.079398	179.436044	22.819226	-0.005570	1.195959
31.026465	174.311312	22.824231	-0.005556	1.190458
30.941958	169.268055	22.829235	-0.005535	1.185008
30.811938	164.055759	22.834240	-0.005504	1.179331
30.688124	159.018944	22.839245	-0.005473	1.173820
30.412387	153.991416	22.844250	-0.005407	1.168234
30.373928	148.874438	22.849255	-0.005397	1.162616
29.990214	143.880416	22.854259	-0.005305	1.156970
29.808829	138.821302	22.859264	-0.005261	1.151304
29.853223	133.731704	22.864269	-0.005271	1.145667
29.607249	128.565691	22.869274	-0.005211	1.139799
29.544649	123.496100	22.874279	-0.005196	1.134084
29.458137	118.409544	22.879283	-0.005174	1.128311
29.351505	113.298995	22.884288	-0.005148	1.122472
29.018292	108.294029	22.889293	-0.005068	1.116631
28.883969	103.214879	22.894298	-0.005035	1.110755
28.573440	98.238677	22.899303	-0.004960	1.104894
28.454680	93.053096	22.904307	-0.004931	1.098839
28.192293	88.050377	22.909312	-0.004868	1.092903
28.075179	82.999035	22.914317	-0.004839	1.086939
27.753030	77.915279	22.919322	-0.004762	1.080816
27.574842	72.903711	22.924327	-0.004718	1.074806
27.471951	67.809153	22.929331	-0.004693	1.068696
27.141059	62.753914	22.934336	-0.004613	1.062498
26.960726	57.680420	22.939341	-0.004570	1.056308
26.640128	52.670912	22.944346	-0.004492	1.050098
26.429062	47.633528	22.949351	-0.004441	1.043864
26.265190	42.531970	22.954355	-0.004401	1.037536
26.083793	37.479873	22.959360	-0.004357	1.031221
25.662385	32.525547	22.964365	-0.004256	1.024881
25.364525	27.454727	22.969370	-0.004184	1.018412
25.281234	22.356190	22.974375	-0.004164	1.011965
24.781317	17.452362	22.979379	-0.004043	1.005531
24.426456	12.407978	22.984384	-0.003958	0.998943
23.855365	7.497183	22.989389	-0.003821	0.992382
23.267711	2.622798	22.994394	-0.003680	0.985817
20.652853	-1.633275	22.999399	-0.003054	0.979051
