Tue Apr 01 14:50:57 2025

Number of Points = 3700
Depth (nm)	Load (µN)	Time (s)	Disp. Voltage(V)	Force Voltage(V)0.000000	6.051542	0.000000	0.002567	0.436844
0.322908	10.932138	0.005005	0.002489	0.451630
0.571996	15.873805	0.010010	0.002429	0.466042
0.834925	20.800647	0.015014	0.002365	0.479995
1.151867	25.718507	0.020019	0.002289	0.493583
1.283382	30.704184	0.025024	0.002257	0.506804
1.497123	35.644790	0.030029	0.002205	0.519652
1.632999	40.634195	0.035034	0.002172	0.532239
1.955037	45.531993	0.040038	0.002095	0.544480
2.183120	50.489835	0.045043	0.002040	0.556512
2.442693	55.422227	0.050048	0.001977	0.568257
2.671926	60.351529	0.055053	0.001922	0.579731
2.833169	65.357152	0.060058	0.001883	0.591096
3.047542	70.287461	0.065062	0.001831	0.602125
3.158411	75.283052	0.070067	0.001804	0.613014
3.350301	80.236233	0.075072	0.001757	0.623686
3.555388	85.207944	0.080077	0.001708	0.634227
3.696677	90.174654	0.085082	0.001674	0.644537
3.772276	95.184750	0.090086	0.001655	0.654723
3.956358	100.135267	0.095091	0.001610	0.664715
4.199352	105.080027	0.100096	0.001552	0.674589
4.337559	110.041625	0.105101	0.001518	0.684279
4.549686	114.998299	0.110106	0.001467	0.693876
4.763534	119.938955	0.115110	0.001415	0.703314
4.901928	124.937251	0.120115	0.001382	0.712681
5.034328	129.897297	0.125120	0.001349	0.721853
5.221049	134.872541	0.130125	0.001304	0.730973
5.492496	139.779667	0.135130	0.001239	0.739915
5.521911	144.848287	0.140134	0.001231	0.748877
5.769294	149.761592	0.145139	0.001171	0.757602
5.776899	154.799789	0.150144	0.001169	0.766292
5.864663	159.780728	0.155149	0.001148	0.774837
6.068958	164.731408	0.160154	0.001098	0.783309
6.223018	169.745277	0.165158	0.001061	0.791765
6.385687	174.679423	0.170163	0.001021	0.800006
6.725909	179.611978	0.175168	0.000939	0.808266
6.682191	184.633455	0.180173	0.000949	0.816359
6.854789	189.610514	0.185178	0.000908	0.824428
7.007231	194.611488	0.190182	0.000871	0.832445
7.227144	199.526639	0.195187	0.000817	0.840290
7.326020	204.556741	0.200192	0.000793	0.848171
7.463330	209.514995	0.205197	0.000760	0.855891
7.652688	214.463229	0.210202	0.000714	0.863556
7.700936	219.516690	0.215206	0.000702	0.871235
7.858527	224.459054	0.220211	0.000664	0.878739
7.966090	229.476707	0.225216	0.000638	0.886265
8.141004	234.407514	0.230221	0.000595	0.893636
8.071245	239.447614	0.235226	0.000611	0.900975
8.336314	244.474602	0.240230	0.000547	0.908413
8.508760	249.407422	0.245235	0.000506	0.915607
8.643829	254.365644	0.250240	0.000473	0.922762
8.768184	259.382376	0.255245	0.000442	0.929938
8.865330	264.352827	0.260250	0.000419	0.936981
9.043594	269.325329	0.265254	0.000376	0.944015
9.110327	274.349809	0.270259	0.000359	0.951013
9.268052	279.315248	0.275264	0.000321	0.957924
9.289553	284.344519	0.280269	0.000315	0.964805
9.472426	289.297858	0.285274	0.000271	0.971614
9.590314	294.279089	0.290278	0.000242	0.978381
9.727992	299.310922	0.295283	0.000209	0.985179
9.802406	304.310843	0.300288	0.000190	0.991857
9.922937	309.270240	0.305293	0.000161	0.998460
10.083243	314.264422	0.310298	0.000122	1.005083
10.253564	319.216261	0.315302	0.000081	1.011613
10.253881	324.222285	0.320307	0.000080	1.018091
10.473760	329.222226	0.325312	0.000027	1.024622
10.536901	334.221372	0.330317	0.000011	1.031039
10.678059	339.199604	0.335322	-0.000023	1.037425
10.676778	344.222050	0.340326	-0.000023	1.043762
10.892038	349.177440	0.345331	-0.000075	1.050076
11.158673	354.109283	0.350336	-0.000139	1.056346
11.072741	359.167305	0.355341	-0.000119	1.062577
11.439432	364.124170	0.360346	-0.000208	1.068848
11.425637	369.143157	0.365350	-0.000205	1.074991
11.461108	374.113741	0.370355	-0.000214	1.081061
11.590866	379.175687	0.375360	-0.000245	1.087249
11.695310	384.123586	0.380365	-0.000271	1.093254
11.712907	389.113174	0.385370	-0.000276	1.099239
11.974547	394.148320	0.390374	-0.000339	1.105350
12.061851	399.093530	0.395379	-0.000360	1.111247
12.154984	404.097604	0.400384	-0.000383	1.117184
12.074191	409.149782	0.405389	-0.000364	1.123072
12.343933	414.100372	0.410394	-0.000429	1.128959
12.566246	419.058372	0.415398	-0.000483	1.134804
12.533697	424.043525	0.420403	-0.000476	1.140545
12.706355	429.133356	0.425408	-0.000518	1.146461
12.757896	434.086669	0.430413	-0.000530	1.152142
12.916063	439.047589	0.435418	-0.000569	1.157847
13.033618	444.051758	0.440422	-0.000597	1.163556
13.064697	449.061156	0.445427	-0.000605	1.169208
13.196279	454.044925	0.450432	-0.000637	1.174845
13.373009	458.957690	0.455437	-0.000680	1.180394
13.454847	464.078849	0.460442	-0.000700	1.186110
13.563204	469.027312	0.465446	-0.000727	1.191618
13.545059	474.056932	0.470451	-0.000723	1.197141
13.696451	479.041631	0.475456	-0.000760	1.202655
13.838577	484.021616	0.480461	-0.000794	1.208136
13.967243	489.005392	0.485466	-0.000825	1.213590
13.943176	493.994885	0.490470	-0.000820	1.218968
14.140986	499.083652	0.495475	-0.000868	1.224513
14.220758	504.031640	0.500480	-0.000888	1.229838
14.302378	509.047648	0.505485	-0.000908	1.235213
14.408829	513.975915	0.510490	-0.000934	1.240481
14.638293	519.035811	0.515494	-0.000989	1.245912
14.495061	524.050137	0.520499	-0.000955	1.251132
14.798065	528.973481	0.525504	-0.001028	1.256402
14.912123	533.984395	0.530509	-0.001056	1.261670
14.986004	539.049515	0.535514	-0.001074	1.266958
15.010825	544.043062	0.540518	-0.001081	1.272132
15.176003	548.985706	0.545523	-0.001121	1.277284
15.231864	554.023535	0.550528	-0.001135	1.282473
15.347944	559.017766	0.555533	-0.001163	1.287618
15.432092	564.005542	0.560538	-0.001184	1.292725
15.560592	568.962289	0.565542	-0.001215	1.297796
15.591799	574.021970	0.570547	-0.001223	1.302916
15.656284	579.017460	0.575552	-0.001239	1.307964
15.803761	583.982059	0.580557	-0.001275	1.312991
15.924708	588.914197	0.585562	-0.001304	1.317957
16.050176	593.970737	0.590566	-0.001335	1.323029
16.126944	598.937756	0.595571	-0.001354	1.327976
16.182339	603.962020	0.600576	-0.001367	1.332954
16.304308	608.893308	0.605581	-0.001397	1.337846
16.572357	613.919707	0.610586	-0.001462	1.342863
16.463039	618.985040	0.615590	-0.001436	1.347768
16.582228	623.957957	0.620595	-0.001465	1.352645
16.720010	628.896103	0.625600	-0.001499	1.357478
16.736508	633.973494	0.630605	-0.001503	1.362385
16.762720	638.992639	0.635610	-0.001510	1.367223
16.980763	643.919038	0.640614	-0.001563	1.372020
17.100675	648.885353	0.645619	-0.001592	1.376805
17.077780	654.002517	0.650624	-0.001587	1.381668
17.234326	659.013820	0.655629	-0.001625	1.386475
17.243007	664.011069	0.660634	-0.001628	1.391202
17.391958	668.970401	0.665638	-0.001664	1.395924
17.572537	673.907927	0.670643	-0.001707	1.400620
17.701626	678.970235	0.675648	-0.001739	1.405401
17.701605	683.933988	0.680653	-0.001739	1.410030
17.798748	688.941976	0.685658	-0.001763	1.414718
17.930227	693.877309	0.690662	-0.001795	1.419333
17.932636	699.077987	0.695667	-0.001796	1.424137
18.070918	703.959835	0.700672	-0.001830	1.428675
18.239461	708.968069	0.705677	-0.001871	1.433325
18.308313	713.904357	0.710682	-0.001888	1.437862
18.265426	719.037049	0.715686	-0.001878	1.442527
18.485211	723.958691	0.720691	-0.001931	1.447070
18.523618	728.973629	0.725696	-0.001941	1.451625
18.614217	733.930256	0.730701	-0.001963	1.456130
18.693811	738.979530	0.735706	-0.001983	1.460701
18.781920	744.075544	0.740710	-0.002004	1.465302
18.893755	748.969823	0.745715	-0.002031	1.469716
18.787625	754.064267	0.750720	-0.002007	1.474226
18.942693	758.964249	0.755725	-0.002044	1.478632
19.123708	764.087206	0.760730	-0.002088	1.483230
19.115967	769.016110	0.765734	-0.002087	1.487584
19.252369	774.017963	0.770739	-0.002120	1.492034
19.347355	778.965306	0.775744	-0.002143	1.496411
19.595463	783.959576	0.780749	-0.002203	1.500862
19.504761	789.082239	0.785754	-0.002182	1.505309
19.799210	793.977618	0.790758	-0.002253	1.509662
19.905791	798.982849	0.795763	-0.002279	1.514041
19.800147	803.961303	0.800768	-0.002254	1.518320
20.037594	809.049761	0.805773	-0.002311	1.522785
20.039929	813.999495	0.810778	-0.002312	1.527047
20.081374	819.040248	0.815782	-0.002323	1.531387
20.113249	823.998094	0.820787	-0.002331	1.535642
20.236002	829.026229	0.825792	-0.002361	1.539971
20.348450	834.151604	0.830797	-0.002388	1.544368
20.449252	839.045916	0.835802	-0.002413	1.548552
20.508399	844.093508	0.840806	-0.002428	1.552843
20.512040	849.029354	0.845811	-0.002429	1.557012
20.547715	854.161264	0.850816	-0.002438	1.561343
20.837595	859.061529	0.855821	-0.002508	1.565543
20.747853	864.100163	0.860826	-0.002487	1.569737
20.960115	869.084748	0.865830	-0.002538	1.573962
20.994995	874.008908	0.870835	-0.002547	1.578074
21.104433	879.209752	0.875840	-0.002574	1.582426
21.320200	884.075807	0.880845	-0.002626	1.586520
21.328711	889.092233	0.885850	-0.002629	1.590668
21.309404	894.139977	0.890854	-0.002625	1.594823
21.540759	899.056503	0.895859	-0.002680	1.598931
21.661926	904.165300	0.900864	-0.002710	1.603155
21.733665	909.054325	0.905869	-0.002728	1.607174
21.694627	914.145115	0.910874	-0.002719	1.611316
21.701988	919.139887	0.915878	-0.002721	1.615382
21.932806	924.104009	0.920883	-0.002777	1.619476
22.014440	929.253755	0.925888	-0.002797	1.623668
22.036012	934.172362	0.930893	-0.002803	1.627646
22.234498	939.166288	0.935898	-0.002851	1.631725
22.226665	944.134896	0.940902	-0.002849	1.635715
22.330134	949.155868	0.945907	-0.002875	1.639769
22.341538	954.259563	0.950912	-0.002878	1.643853
22.427999	959.164627	0.955917	-0.002899	1.647789
22.569447	964.189388	0.960922	-0.002933	1.651826
22.762833	969.094444	0.965926	-0.002980	1.655773
22.745575	974.201257	0.970931	-0.002977	1.659812
22.807794	979.282157	0.975936	-0.002992	1.663843
22.890294	984.205819	0.980941	-0.003012	1.667745
22.984520	989.247187	0.985946	-0.003035	1.671735
23.113819	994.170439	0.990950	-0.003067	1.675631
23.029551	999.237874	0.995955	-0.003047	1.679574
23.109769	1004.324481	1.000960	-0.003067	1.683566
23.406981	1009.163850	1.005965	-0.003139	1.687415
23.445152	1014.217263	1.010970	-0.003148	1.691352
23.499730	1019.189756	1.015974	-0.003162	1.695222
23.314592	1024.329538	1.020979	-0.003118	1.699148
23.579411	1029.408407	1.025984	-0.003182	1.703138
23.713040	1034.280298	1.030989	-0.003214	1.706924
23.789409	1039.321990	1.035994	-0.003233	1.710817
23.768670	1044.314421	1.040998	-0.003229	1.714638
23.892556	1049.272981	1.046003	-0.003259	1.718463
23.967253	1054.416913	1.051008	-0.003277	1.722407
24.049974	1059.300632	1.056013	-0.003298	1.726147
24.255654	1064.292107	1.061018	-0.003347	1.729992
24.473132	1069.238896	1.066022	-0.003400	1.733798
24.388793	1074.247995	1.071027	-0.003380	1.737565
24.402578	1079.471779	1.076032	-0.003384	1.741511
24.594123	1084.352621	1.081037	-0.003430	1.745235
24.608464	1089.371747	1.086042	-0.003434	1.749010
24.680026	1094.402153	1.091046	-0.003452	1.752800
24.756253	1099.302803	1.096051	-0.003471	1.756486
24.830432	1104.430975	1.101056	-0.003489	1.760333
24.913030	1109.425744	1.106061	-0.003509	1.764075
25.020422	1114.362391	1.111066	-0.003536	1.767771
24.964621	1119.465519	1.116070	-0.003523	1.771543
25.058334	1124.375341	1.121075	-0.003546	1.775201
25.195494	1129.465449	1.126080	-0.003579	1.778995
25.285669	1134.569666	1.131085	-0.003601	1.782780
25.218993	1139.487636	1.136090	-0.003586	1.786381
25.318229	1144.553673	1.141094	-0.003610	1.790125
25.285242	1149.537037	1.146099	-0.003603	1.793767
25.518393	1154.449860	1.151104	-0.003659	1.797416
25.642649	1159.599766	1.156109	-0.003689	1.801204
25.674780	1164.535500	1.161114	-0.003697	1.804806
25.798004	1169.500447	1.166118	-0.003727	1.808444
25.883848	1174.516890	1.171123	-0.003749	1.812102
26.001625	1179.395793	1.176128	-0.003777	1.815662
26.009317	1184.601129	1.181133	-0.003780	1.819423
26.052544	1189.658169	1.186138	-0.003790	1.823079
26.152726	1194.580492	1.191142	-0.003815	1.826644
26.180671	1199.617586	1.196147	-0.003822	1.830267
26.469513	1204.493920	1.201152	-0.003892	1.833831
26.447123	1209.519032	1.206157	-0.003887	1.837419
26.550314	1214.665063	1.211162	-0.003912	1.841116
26.490719	1219.635832	1.216166	-0.003898	1.844643
26.588924	1224.631386	1.221171	-0.003922	1.848218
26.586038	1229.689224	1.226176	-0.003922	1.851805
26.690456	1234.551740	1.231181	-0.003948	1.855274
26.761154	1239.726453	1.236186	-0.003965	1.858948
27.008374	1244.774445	1.241190	-0.004025	1.862568
27.040208	1249.672296	1.246195	-0.004033	1.866024
27.036118	1254.742815	1.251200	-0.004033	1.869587
27.215706	1259.696555	1.256205	-0.004076	1.873104
27.110707	1264.685369	1.261210	-0.004052	1.876572
27.336249	1269.824834	1.266214	-0.004106	1.880217
27.410266	1274.744007	1.271219	-0.004124	1.883665
27.544740	1279.698997	1.276224	-0.004157	1.887146
27.530948	1284.766997	1.281229	-0.004154	1.890665
27.596176	1289.693664	1.286234	-0.004170	1.894097
27.626732	1294.782285	1.291238	-0.004178	1.897627
27.747215	1299.942147	1.296243	-0.004208	1.901221
27.718923	1304.840302	1.301248	-0.004201	1.904593
27.849915	1309.845090	1.306253	-0.004233	1.908070
27.899930	1314.888638	1.311258	-0.004246	1.911548
28.048680	1319.746963	1.316262	-0.004282	1.914915
28.111596	1324.884667	1.321267	-0.004297	1.918448
28.191208	1329.959314	1.326272	-0.004317	1.921935
28.180046	1334.885737	1.331277	-0.004315	1.925294
28.363996	1339.862367	1.336282	-0.004359	1.928726
28.365797	1344.900192	1.341286	-0.004360	1.932151
28.549883	1349.780604	1.346291	-0.004405	1.935506
28.635569	1354.950078	1.351296	-0.004426	1.939028
28.611384	1359.986810	1.356301	-0.004421	1.942429
28.503569	1364.953917	1.361306	-0.004395	1.945758
28.605327	1370.006682	1.366310	-0.004420	1.949186
28.693221	1374.963925	1.371315	-0.004442	1.952541
28.838185	1379.840649	1.376320	-0.004477	1.955850
29.129886	1384.951163	1.381325	-0.004547	1.959341
29.054943	1389.961148	1.386330	-0.004530	1.962678
29.169404	1394.898044	1.391334	-0.004558	1.966002
29.103476	1399.997825	1.396339	-0.004543	1.969389
29.195449	1404.921026	1.401344	-0.004565	1.972688
29.366837	1409.860341	1.406349	-0.004607	1.976010
29.375208	1415.149499	1.411354	-0.004609	1.979522
29.530412	1420.046020	1.416358	-0.004647	1.982800
29.599738	1424.984604	1.421363	-0.004664	1.986082
29.703099	1430.004067	1.426368	-0.004689	1.989419
29.636500	1435.032263	1.431373	-0.004674	1.992719
29.763504	1439.955117	1.436378	-0.004705	1.995986
29.874695	1445.123732	1.441382	-0.004732	1.999407
29.883836	1450.117534	1.446387	-0.004735	2.002684
29.980380	1455.053229	1.451392	-0.004758	2.005937
29.963417	1460.146836	1.456397	-0.004755	2.009264
30.070315	1465.061446	1.461402	-0.004781	2.012495
30.091949	1470.021957	1.466406	-0.004786	2.015732
30.184688	1475.316022	1.471411	-0.004809	2.019196
30.383717	1480.196909	1.476416	-0.004857	2.022409
30.276347	1485.229074	1.481421	-0.004832	2.025649
30.515194	1490.212040	1.486426	-0.004890	2.028926
30.619573	1495.182581	1.491430	-0.004915	2.032161
30.592538	1500.130359	1.496435	-0.004909	2.035349
30.570474	1505.367922	1.501440	-0.004905	2.038719
30.758033	1510.280460	1.506445	-0.004950	2.041919
30.868462	1515.168978	1.511450	-0.004977	2.045082
30.963165	1520.236265	1.516454	-0.005000	2.048351
30.909464	1525.248317	1.521459	-0.004988	2.051549
31.026867	1530.157318	1.526464	-0.005016	2.054712
31.182428	1535.355832	1.531469	-0.005054	2.058062
31.199592	1540.423553	1.536474	-0.005059	2.061295
31.296736	1545.314938	1.541478	-0.005083	2.064428
31.294099	1550.392845	1.546483	-0.005082	2.067653
31.363113	1555.385329	1.551488	-0.005100	2.070834
31.521870	1560.233833	1.556493	-0.005138	2.073938
31.389417	1565.406106	1.561498	-0.005107	2.077181
31.619857	1570.491016	1.566502	-0.005163	2.080439
31.609180	1575.372798	1.571507	-0.005160	2.083514
31.838754	1580.364600	1.576512	-0.005216	2.086704
31.788276	1585.469073	1.581517	-0.005204	2.089901
31.858073	1590.365988	1.586522	-0.005222	2.092989
31.802920	1595.478326	1.591526	-0.005209	2.096181
31.985757	1600.621060	1.596531	-0.005253	2.099436
32.014278	1605.533267	1.601536	-0.005261	2.102510
32.140883	1610.493598	1.606541	-0.005291	2.105630
32.230417	1615.542031	1.611546	-0.005313	2.108793
32.317159	1620.513866	1.616550	-0.005335	2.111902
32.275049	1625.468700	1.621555	-0.005325	2.114971
32.267041	1630.683299	1.626560	-0.005324	2.118202
32.408874	1635.672535	1.631565	-0.005358	2.121320
32.600873	1640.500913	1.636570	-0.005405	2.124344
32.578276	1645.611823	1.641574	-0.005400	2.127495
32.837864	1650.561875	1.646579	-0.005462	2.130598
32.866249	1655.434857	1.651584	-0.005470	2.133604
32.873723	1660.637997	1.656589	-0.005472	2.136803
32.822828	1665.805917	1.661594	-0.005460	2.139965
32.878089	1670.672712	1.666598	-0.005474	2.142958
32.956839	1675.704343	1.671603	-0.005493	2.146053
33.019331	1680.761132	1.676608	-0.005509	2.149156
33.026762	1685.709102	1.681613	-0.005511	2.152177
33.094028	1690.689879	1.686618	-0.005528	2.155225
33.243470	1695.867379	1.691622	-0.005564	2.158405
33.132090	1700.875413	1.696627	-0.005538	2.161426
33.326401	1705.752638	1.701632	-0.005585	2.164424
33.443727	1710.783278	1.706637	-0.005614	2.167495
33.562359	1715.783275	1.711642	-0.005643	2.170544
33.596406	1720.713208	1.716646	-0.005651	2.173529
33.669297	1725.885337	1.721651	-0.005669	2.176664
33.695774	1731.050254	1.726656	-0.005676	2.179781
33.923062	1735.862337	1.731661	-0.005731	2.182721
34.012781	1740.877089	1.736666	-0.005753	2.185751
33.900872	1745.991697	1.741670	-0.005727	2.188798
33.929631	1750.893516	1.746675	-0.005734	2.191741
33.971100	1755.886839	1.751680	-0.005745	2.194737
34.180658	1761.039013	1.756685	-0.005795	2.197856
34.145922	1766.031001	1.761690	-0.005787	2.200828
34.192920	1770.940825	1.766694	-0.005799	2.203763
34.248098	1776.006300	1.771699	-0.005813	2.206788
34.461518	1780.987293	1.776704	-0.005865	2.209789
34.520960	1785.867130	1.781709	-0.005879	2.212697
34.428567	1791.061118	1.786714	-0.005858	2.215757
34.458613	1796.259038	1.791718	-0.005865	2.218840
34.585392	1801.151187	1.796723	-0.005896	2.221755
34.742897	1806.106606	1.801728	-0.005934	2.224710
34.731252	1811.190415	1.806733	-0.005932	2.227705
34.904566	1816.126329	1.811738	-0.005974	2.230644
34.819848	1821.066879	1.816742	-0.005954	2.233532
34.925033	1826.203899	1.821747	-0.005980	2.236569
35.080337	1831.267603	1.826752	-0.006018	2.239567
35.141299	1836.128268	1.831757	-0.006033	2.242425
35.134621	1841.191119	1.836762	-0.006032	2.245385
35.153539	1846.299471	1.841766	-0.006037	2.248372
35.205348	1851.207467	1.846771	-0.006050	2.251244
35.292119	1856.168164	1.851776	-0.006071	2.254150
35.491842	1861.430316	1.856781	-0.006119	2.257249
35.447514	1866.463473	1.861786	-0.006109	2.260165
35.496188	1871.352598	1.866790	-0.006122	2.263011
35.539923	1876.391547	1.871795	-0.006133	2.265939
35.694451	1881.388232	1.876800	-0.006170	2.268860
35.647434	1886.309426	1.881805	-0.006159	2.271696
35.768946	1891.286283	1.886810	-0.006189	2.274592
35.697570	1896.559294	1.891814	-0.006172	2.277619
35.989852	1901.457067	1.896819	-0.006243	2.280493
36.063076	1906.341517	1.901824	-0.006261	2.283315
36.055040	1911.447379	1.906829	-0.006260	2.286246
36.146874	1916.465988	1.911834	-0.006282	2.289142
36.219903	1921.330440	1.916838	-0.006300	2.291942
36.149427	1926.476118	1.921843	-0.006284	2.294874
36.273895	1931.695270	1.926848	-0.006314	2.297879
36.308698	1936.645648	1.931853	-0.006323	2.300710
36.404237	1941.526835	1.936858	-0.006346	2.303510
36.581423	1946.540762	1.941862	-0.006389	2.306397
36.575011	1951.619163	1.946867	-0.006388	2.309283
36.459766	1956.514206	1.951872	-0.006361	2.312043
36.713441	1961.544888	1.956877	-0.006422	2.314942
36.740888	1966.716507	1.961882	-0.006429	2.317877
36.822352	1971.658823	1.966886	-0.006449	2.320688
36.854485	1976.606593	1.971891	-0.006458	2.323490
36.984535	1981.648447	1.976896	-0.006489	2.326359
37.105591	1986.682847	1.981901	-0.006519	2.329218
37.032119	1991.566252	1.986906	-0.006502	2.331955
37.145944	1996.707961	1.991910	-0.006529	2.334867
37.186997	2001.943824	1.996915	-0.006540	2.337815
37.197383	2006.871112	2.001920	-0.006543	2.340581
37.131710	2011.821428	2.006925	-0.006528	2.343343
37.460945	2016.778294	2.011930	-0.006607	2.346175
37.388044	2021.884097	2.016934	-0.006590	2.349016
37.283643	2026.773811	2.021939	-0.006566	2.351728
37.507874	2031.822289	2.026944	-0.006620	2.354583
37.559765	2037.018335	2.031949	-0.006633	2.357486
37.705859	2041.920003	2.036954	-0.006668	2.360238
37.727285	2046.858818	2.041958	-0.006674	2.362986
37.761929	2051.941340	2.046963	-0.006683	2.365813
37.848334	2056.965678	2.051968	-0.006704	2.368614
37.784956	2061.887108	2.056973	-0.006689	2.371327
37.815467	2066.963792	2.061978	-0.006697	2.374140
38.019253	2072.184890	2.066982	-0.006746	2.377060
38.003320	2077.175612	2.071987	-0.006743	2.379810
38.106466	2082.012614	2.076992	-0.006768	2.382494
38.137698	2087.100302	2.081997	-0.006776	2.385300
38.358545	2092.077351	2.087002	-0.006830	2.388075
38.204786	2097.052188	2.092006	-0.006793	2.390780
38.257607	2102.057133	2.097011	-0.006807	2.393534
38.373326	2107.249611	2.102016	-0.006835	2.396399
38.622355	2112.234559	2.107021	-0.006895	2.399170
38.491258	2117.141369	2.112026	-0.006864	2.401830
38.670212	2122.178231	2.117030	-0.006907	2.404611
38.720484	2127.221707	2.122035	-0.006920	2.407370
38.817259	2132.135951	2.127040	-0.006944	2.410064
38.892507	2137.109307	2.132045	-0.006962	2.412783
38.909603	2142.384770	2.137050	-0.006967	2.415653
38.967498	2147.500348	2.142054	-0.006981	2.418440
39.050392	2152.318773	2.147059	-0.007001	2.421067
39.099573	2157.319147	2.152064	-0.007014	2.423784
39.252842	2162.349963	2.157069	-0.007051	2.426532
39.128258	2167.378021	2.162074	-0.007022	2.429228
39.162826	2172.274339	2.167078	-0.007031	2.431878
39.227257	2177.409093	2.172083	-0.007046	2.434657
39.363607	2182.517959	2.177088	-0.007080	2.437432
39.419998	2187.464119	2.182093	-0.007094	2.440103
39.435736	2192.405199	2.187098	-0.007098	2.442761
39.709211	2197.411019	2.192102	-0.007164	2.445494
39.664170	2202.514588	2.197107	-0.007154	2.448224
39.713198	2207.330840	2.202112	-0.007166	2.450812
39.789401	2212.415186	2.207117	-0.007185	2.453545
39.793467	2217.694631	2.212122	-0.007186	2.456368
39.848727	2222.700281	2.217126	-0.007200	2.459049
40.026190	2227.537714	2.222131	-0.007243	2.461659
40.053779	2232.608003	2.227136	-0.007250	2.464364
40.094342	2237.674259	2.232141	-0.007260	2.467067
40.041876	2242.614639	2.237146	-0.007248	2.469685
39.990437	2247.631972	2.242150	-0.007236	2.472340
40.247365	2252.739502	2.247155	-0.007298	2.475092
40.283849	2257.825344	2.252160	-0.007308	2.477793
40.344015	2262.722294	2.257165	-0.007323	2.480394
40.389328	2267.725931	2.262170	-0.007334	2.483047
40.425771	2272.810748	2.267174	-0.007343	2.485739
40.587744	2277.729186	2.272179	-0.007383	2.488360
40.595886	2282.575295	2.277184	-0.007385	2.490915
40.687832	2287.707435	2.282189	-0.007408	2.493632
40.662372	2292.998361	2.287194	-0.007402	2.496411
40.696300	2297.967232	2.292198	-0.007411	2.499026
40.794590	2302.872574	2.297203	-0.007435	2.501617
40.802031	2307.921730	2.302208	-0.007437	2.504265
40.826185	2313.015202	2.307213	-0.007443	2.506936
40.915343	2317.887390	2.312218	-0.007465	2.509499
41.106912	2322.816019	2.317222	-0.007511	2.512106
41.160175	2328.001781	2.322227	-0.007525	2.514821
41.131747	2333.148036	2.327232	-0.007518	2.517500
41.139973	2338.021579	2.332237	-0.007521	2.520040
41.223914	2343.034234	2.337242	-0.007542	2.522662
41.323332	2348.069908	2.342246	-0.007566	2.525296
41.423519	2353.117578	2.347251	-0.007590	2.527933
41.458565	2357.958536	2.352256	-0.007599	2.530450
41.458806	2363.070927	2.357261	-0.007600	2.533100
41.597164	2368.325932	2.362266	-0.007634	2.535842
41.530314	2373.364186	2.367270	-0.007618	2.538437
41.618106	2378.219069	2.372275	-0.007640	2.540959
41.829211	2383.219733	2.377280	-0.007691	2.543574
41.814712	2388.307472	2.382285	-0.007688	2.546194
41.810303	2393.275130	2.387290	-0.007687	2.548752
41.974674	2398.171929	2.392294	-0.007727	2.551298
41.914489	2403.359034	2.397299	-0.007713	2.553954
41.943464	2408.507399	2.402304	-0.007721	2.556602
42.137288	2413.397080	2.407309	-0.007768	2.559141
42.119370	2418.360944	2.412314	-0.007764	2.561682
42.281249	2423.421347	2.417318	-0.007803	2.564298
42.325659	2428.454600	2.422323	-0.007814	2.566879
42.349059	2433.363032	2.427328	-0.007820	2.569390
42.313250	2438.405184	2.432333	-0.007812	2.571958
42.300379	2443.651489	2.437338	-0.007810	2.574631
42.399368	2448.656204	2.442342	-0.007834	2.577196
42.636254	2453.423053	2.447347	-0.007891	2.579658
42.640391	2458.404906	2.452352	-0.007893	2.582191
42.730283	2463.515223	2.457357	-0.007915	2.584800
42.769122	2468.527516	2.462362	-0.007924	2.587349
42.640128	2473.428374	2.467366	-0.007894	2.589813
42.909714	2478.386473	2.472371	-0.007959	2.592366
43.060450	2483.602299	2.477376	-0.007996	2.595027
43.112195	2488.673246	2.482381	-0.008009	2.597598
43.053605	2493.504434	2.487386	-0.007995	2.600028
43.045476	2498.580205	2.492390	-0.007994	2.602587
44.038701	2503.358884	2.497395	-0.008232	2.605147
44.012151	2508.382737	2.502400	-0.008226	2.607672
44.123143	2513.249722	2.507405	-0.008253	2.610136
44.109379	2518.360121	2.512410	-0.008250	2.612701
44.193603	2523.637445	2.517414	-0.008271	2.615363
44.337208	2528.600620	2.522419	-0.008306	2.617873
44.306208	2533.467945	2.527424	-0.008299	2.620307
44.500455	2538.510152	2.532429	-0.008346	2.622860
44.398628	2543.590034	2.537434	-0.008322	2.625384
44.616268	2548.548479	2.542438	-0.008375	2.627894
44.752959	2553.402988	2.547443	-0.008408	2.630337
44.771696	2558.529960	2.552448	-0.008413	2.632895
44.768464	2563.748861	2.557453	-0.008413	2.635494
44.799097	2568.722528	2.562458	-0.008421	2.637974
45.015980	2573.539286	2.567462	-0.008473	2.640401
44.894586	2578.650954	2.572467	-0.008445	2.642921
44.963773	2583.701635	2.577472	-0.008462	2.645437
44.970928	2588.704383	2.582477	-0.008464	2.647918
45.018562	2593.594899	2.587482	-0.008476	2.650347
45.072378	2598.778782	2.592486	-0.008489	2.652920
45.202266	2604.023136	2.597491	-0.008521	2.655532
45.221935	2608.965016	2.602496	-0.008526	2.657975
45.411380	2613.823545	2.607501	-0.008572	2.660400
45.341653	2618.918703	2.612506	-0.008556	2.662901
45.502103	2623.936592	2.617510	-0.008595	2.665396
45.319355	2628.994664	2.622515	-0.008551	2.667857
45.475943	2633.830629	2.627520	-0.008589	2.670258
45.536260	2638.981127	2.632525	-0.008604	2.672796
45.672036	2644.056564	2.637530	-0.008637	2.675306
45.886955	2648.962023	2.642534	-0.008689	2.677742
45.925554	2653.851680	2.647539	-0.008699	2.680142
45.923806	2658.926396	2.652544	-0.008699	2.682625
45.962258	2663.982881	2.657549	-0.008709	2.685102
45.888000	2669.005594	2.662554	-0.008692	2.687544
45.935299	2673.872190	2.667558	-0.008704	2.689926
46.013077	2679.010788	2.672563	-0.008723	2.692442
46.057954	2684.287877	2.677568	-0.008734	2.695019
46.233781	2689.268258	2.682573	-0.008777	2.697467
46.135646	2694.139931	2.687578	-0.008754	2.699821
46.247326	2699.168465	2.692582	-0.008781	2.702280
46.283301	2704.259037	2.697587	-0.008790	2.704755
46.540463	2709.169624	2.702592	-0.008852	2.707173
46.502917	2714.062525	2.707597	-0.008844	2.709538
46.466779	2719.172891	2.712602	-0.008836	2.712006
46.527026	2724.421270	2.717606	-0.008850	2.714552
46.628505	2729.412061	2.722611	-0.008875	2.716978
46.529079	2734.288015	2.727616	-0.008852	2.719317
46.693918	2739.323167	2.732621	-0.008892	2.721768
46.899583	2744.329386	2.737626	-0.008942	2.724210
46.858914	2749.418116	2.742630	-0.008933	2.726653
46.905835	2754.254742	2.747635	-0.008944	2.728986
46.853961	2759.304341	2.752640	-0.008932	2.731405
47.083277	2764.636511	2.757645	-0.008988	2.733998
47.148620	2769.689168	2.762650	-0.009004	2.736430
47.153535	2774.507495	2.767654	-0.009006	2.738740
47.052950	2779.596079	2.772659	-0.008982	2.741162
47.048892	2784.668285	2.777664	-0.008982	2.743588
47.367796	2789.632143	2.782669	-0.009058	2.746005
47.352487	2794.498871	2.787674	-0.009055	2.748327
47.364110	2799.491994	2.792678	-0.009059	2.750711
47.324595	2804.762773	2.797683	-0.009050	2.753218
47.464720	2809.835588	2.802688	-0.009084	2.755654
47.481852	2814.736050	2.807693	-0.009088	2.757988
47.550073	2819.695188	2.812698	-0.009105	2.760356
47.629517	2824.770364	2.817702	-0.009125	2.762778
47.690903	2829.791538	2.822707	-0.009140	2.765170
47.715541	2834.739031	2.827712	-0.009146	2.767519
47.859488	2839.649560	2.832717	-0.009181	2.769866
47.827146	2844.852588	2.837722	-0.009174	2.772325
47.866200	2850.046409	2.842726	-0.009184	2.774787
48.023754	2855.027476	2.847731	-0.009222	2.777162
47.997032	2859.801298	2.852736	-0.009216	2.779413
48.095860	2864.874982	2.857741	-0.009241	2.781820
48.171537	2869.912884	2.862746	-0.009259	2.784205
48.075905	2874.973756	2.867750	-0.009237	2.786576
48.187464	2879.825900	2.872755	-0.009264	2.788874
48.291913	2884.822371	2.877760	-0.009290	2.791238
48.322934	2890.109350	2.882765	-0.009298	2.793726
48.358792	2895.150744	2.887770	-0.009307	2.796097
48.459981	2899.931475	2.892774	-0.009331	2.798353
48.521499	2904.991058	2.897779	-0.009347	2.800732
48.620330	2910.020004	2.902784	-0.009371	2.803100
48.533729	2915.142376	2.907789	-0.009351	2.805485
48.553318	2920.028751	2.912794	-0.009356	2.807771
48.631975	2925.004799	2.917798	-0.009375	2.810106
48.711518	2930.294692	2.922803	-0.009395	2.812585
48.820518	2935.417860	2.927808	-0.009421	2.814988
48.901563	2940.355164	2.932813	-0.009441	2.817299
48.870289	2945.275066	2.937818	-0.009434	2.819585
48.738151	2950.391645	2.942822	-0.009403	2.821946
49.029211	2955.377982	2.947827	-0.009473	2.824303
49.117790	2960.336968	2.952832	-0.009495	2.826617
49.164014	2965.218842	2.957837	-0.009507	2.828888
49.027382	2970.359517	2.962842	-0.009475	2.831252
49.195631	2975.584071	2.967846	-0.009515	2.833695
49.331542	2980.585047	2.972851	-0.009548	2.836027
49.376939	2985.384881	2.977856	-0.009560	2.838253
49.422559	2990.426415	2.982861	-0.009571	2.840588
49.348064	2995.543639	2.987866	-0.009554	2.842940
49.565257	3000.532072	2.992870	-0.009606	2.845270
49.518426	3005.461229	2.997875	-0.009596	2.847535
49.583541	3010.407852	3.002880	-0.009612	2.849822
49.685603	3015.662046	3.007885	-0.009637	2.852253
49.735443	3020.829956	3.012890	-0.009649	2.854635
49.868146	3025.746265	3.017894	-0.009682	2.856911
49.737816	3030.698680	3.022899	-0.009651	2.859167
49.845977	3035.763498	3.027904	-0.009677	2.861504
49.893753	3040.810489	3.032909	-0.009689	2.863823
49.796596	3045.855172	3.037914	-0.009667	2.866120
49.996444	3050.658042	3.042918	-0.009715	2.868344
50.071482	3055.717470	3.047923	-0.009733	2.870666
50.075814	3060.986131	3.052928	-0.009735	2.873074
50.143449	3066.043791	3.057933	-0.009752	2.875391
50.217915	3070.888521	3.062938	-0.009770	2.877610
50.258551	3075.872242	3.067942	-0.009780	2.879886
50.341949	3080.938122	3.072947	-0.009801	2.882203
50.478338	3085.957801	3.077952	-0.009834	2.884505
50.455032	3090.934896	3.082957	-0.009829	2.886764
50.585803	3095.832913	3.087962	-0.009861	2.889006
50.696782	3101.004767	3.092966	-0.009888	2.891368
50.640820	3106.238669	3.097971	-0.009875	2.893734
50.694937	3111.185929	3.102976	-0.009888	2.895983
50.729612	3116.021940	3.107981	-0.009897	2.898177
50.806836	3121.050965	3.112986	-0.009916	2.900463
50.900126	3126.110462	3.117990	-0.009939	2.902762
50.915919	3131.194228	3.122995	-0.009943	2.905060
50.853246	3136.058231	3.128000	-0.009929	2.907248
50.887064	3141.045647	3.133005	-0.009937	2.909501
50.986288	3146.244101	3.138010	-0.009962	2.911857
50.922171	3151.386186	3.143014	-0.009947	2.914164
51.050870	3156.324969	3.148019	-0.009978	2.916403
51.134823	3161.207498	3.153024	-0.009999	2.918609
51.229657	3166.252627	3.158029	-0.010022	2.920888
51.310730	3171.300119	3.163034	-0.010042	2.923164
51.318443	3176.363539	3.168038	-0.010044	2.925436
51.338763	3181.190361	3.173043	-0.010050	2.927602
51.461118	3186.202177	3.178048	-0.010080	2.929862
51.584653	3191.530956	3.183053	-0.010110	2.932263
51.584177	3196.647448	3.188058	-0.010110	2.934551
51.615813	3201.500817	3.193062	-0.010118	2.936723
51.724864	3206.469997	3.198067	-0.010145	2.938956
51.909680	3211.448686	3.203072	-0.010190	2.941201
51.745611	3216.582645	3.208077	-0.010151	2.943468
51.753345	3221.604881	3.213082	-0.010153	2.945707
51.911784	3226.406953	3.218086	-0.010192	2.947864
51.938125	3231.490400	3.223091	-0.010198	2.950129
51.986420	3236.742986	3.228096	-0.010211	2.952469
52.012549	3241.820396	3.233101	-0.010217	2.954727
52.000737	3246.687270	3.238106	-0.010215	2.956886
52.092325	3251.658593	3.243110	-0.010237	2.959102
52.269542	3256.713672	3.248115	-0.010280	2.961364
52.179967	3261.774420	3.253120	-0.010260	2.963593
52.337243	3266.748371	3.258125	-0.010298	2.965814
52.315903	3271.648238	3.263130	-0.010293	2.967977
52.489782	3276.681523	3.268134	-0.010335	2.970222
52.501276	3282.086677	3.273139	-0.010339	2.972610
52.654726	3287.103308	3.278144	-0.010376	2.974842
52.574780	3291.963839	3.283149	-0.010357	2.976974
52.550858	3296.990654	3.288154	-0.010352	2.979185
52.594620	3302.057391	3.293158	-0.010363	2.981420
52.614340	3307.101371	3.298163	-0.010368	2.983641
52.779177	3312.039149	3.303168	-0.010408	2.985832
52.807109	3316.901251	3.308173	-0.010415	2.987970
52.853039	3322.013726	3.313178	-0.010427	2.990219
52.834691	3327.255777	3.318182	-0.010423	2.992515
53.020018	3332.281841	3.323187	-0.010468	2.994740
53.011741	3337.109522	3.328192	-0.010466	2.996853
53.040530	3342.139319	3.333197	-0.010474	2.999057
53.052240	3347.216932	3.338202	-0.010477	3.001279
53.075822	3352.304977	3.343206	-0.010483	3.003504
53.229662	3357.240656	3.348211	-0.010521	3.005678
53.216419	3362.121027	3.353216	-0.010518	3.007805
53.367257	3367.190840	3.358221	-0.010555	3.010034
53.367325	3372.551374	3.363226	-0.010555	3.012369
53.463270	3377.582715	3.368230	-0.010579	3.014570
53.505086	3382.337846	3.373235	-0.010589	3.016643
53.628510	3387.270967	3.378240	-0.010619	3.018803
53.595596	3392.374506	3.383245	-0.010612	3.021015
53.743247	3397.398031	3.388250	-0.010648	3.023213
53.811087	3402.352590	3.393254	-0.010665	3.025370
53.823460	3407.260674	3.398259	-0.010668	3.027499
53.694425	3412.348116	3.403264	-0.010638	3.029687
53.777354	3417.634613	3.408269	-0.010658	3.031984
53.835498	3422.685078	3.413274	-0.010673	3.034175
53.922685	3427.527279	3.418278	-0.010694	3.036278
54.099897	3432.478626	3.423283	-0.010737	3.038438
54.009658	3437.577772	3.428288	-0.010716	3.040627
54.048681	3442.653874	3.433293	-0.010726	3.042821
54.075970	3447.688367	3.438298	-0.010733	3.044993
54.153147	3452.500026	3.443302	-0.010752	3.047075
54.188417	3457.578558	3.448307	-0.010761	3.049264
54.199528	3462.936977	3.453312	-0.010764	3.051569
54.307872	3468.020851	3.458317	-0.010790	3.053767
54.370971	3472.904254	3.463322	-0.010806	3.055871
54.348400	3477.844007	3.468326	-0.010801	3.057988
54.559179	3482.866501	3.473331	-0.010852	3.060166
54.587567	3487.893076	3.478336	-0.010859	3.062323
54.666036	3492.934094	3.483341	-0.010879	3.064491
54.577480	3497.777637	3.488346	-0.010858	3.066552
54.639170	3502.820826	3.493350	-0.010873	3.068716
54.931146	3508.001085	3.498355	-0.010944	3.070964
54.891737	3513.119158	3.503360	-0.010935	3.073144
54.880365	3518.083734	3.508365	-0.010933	3.075261
54.966731	3522.958716	3.513370	-0.010954	3.077350
54.964295	3528.030241	3.518374	-0.010954	3.079510
55.119953	3533.078442	3.523379	-0.010991	3.081678
55.021725	3538.174809	3.528384	-0.010969	3.083834
55.153801	3543.009001	3.533389	-0.011001	3.085905
55.168686	3548.006792	3.538394	-0.011005	3.088030
55.220152	3553.190659	3.543398	-0.011018	3.090237
55.243079	3558.473000	3.548403	-0.011024	3.092481
55.482430	3563.442360	3.553408	-0.011081	3.094616
55.332033	3568.259595	3.558413	-0.011046	3.096639
55.511117	3573.293725	3.563418	-0.011089	3.098792
55.569543	3578.358041	3.568422	-0.011104	3.100941
55.739414	3583.375258	3.573427	-0.011145	3.103082
55.595120	3588.359057	3.578432	-0.011111	3.105171
55.851345	3593.217446	3.583437	-0.011173	3.107252
55.702220	3598.349830	3.588442	-0.011138	3.109400
55.626603	3603.652148	3.593446	-0.011120	3.111627
55.856736	3608.657037	3.598451	-0.011176	3.113763
55.861370	3613.495969	3.603456	-0.011177	3.115801
55.914609	3618.498408	3.608461	-0.011191	3.117912
55.918658	3623.586830	3.613466	-0.011192	3.120052
56.103748	3628.606062	3.618470	-0.011237	3.122182
56.093104	3633.675758	3.623475	-0.011235	3.124310
56.049628	3638.501131	3.628480	-0.011225	3.126330
56.266744	3643.473477	3.633485	-0.011277	3.128440
56.218400	3648.858041	3.638490	-0.011266	3.130691
56.264003	3654.007459	3.643494	-0.011278	3.132853
56.351079	3658.965525	3.648499	-0.011299	3.134938
56.288797	3663.835562	3.653504	-0.011285	3.136967
56.336454	3668.867756	3.658509	-0.011297	3.139076
56.478377	3673.947911	3.663514	-0.011331	3.141214
57.037134	3678.836291	3.668518	-0.011465	3.143318
57.619796	3683.607112	3.673523	-0.011605	3.145374
57.741622	3688.498688	3.678528	-0.011635	3.147427
57.708230	3693.563265	3.683533	-0.011628	3.149532
57.828724	3698.764129	3.688538	-0.011657	3.151711
57.894302	3703.816911	3.693542	-0.011673	3.153820
57.986352	3708.623979	3.698547	-0.011696	3.155829
57.939032	3713.654730	3.703552	-0.011685	3.157913
57.876109	3718.773518	3.708557	-0.011670	3.160031
58.119258	3723.763637	3.713562	-0.011729	3.162129
58.218508	3728.774401	3.718566	-0.011753	3.164218
58.277459	3733.585379	3.723571	-0.011768	3.166218
58.243916	3738.642493	3.728576	-0.011760	3.168308
58.176824	3744.013186	3.733581	-0.011745	3.170523
58.429576	3749.097001	3.738586	-0.011806	3.172653
58.331347	3754.059460	3.743590	-0.011783	3.174693
58.409175	3758.929762	3.748595	-0.011802	3.176713
58.380309	3763.982661	3.753600	-0.011796	3.178795
58.504122	3769.064968	3.758605	-0.011826	3.180905
58.702583	3774.072936	3.763610	-0.011874	3.182991
58.787169	3778.934572	3.768614	-0.011895	3.185002
58.706288	3783.922907	3.773619	-0.011876	3.187047
58.679797	3789.046262	3.778624	-0.011870	3.189151
58.779808	3794.274100	3.783629	-0.011895	3.191311
58.913003	3799.318675	3.788634	-0.011927	3.193398
58.781465	3804.202116	3.793638	-0.011896	3.195389
58.804915	3809.202087	3.798643	-0.011902	3.197443
59.018566	3814.237866	3.803648	-0.011954	3.199531
58.908889	3819.293905	3.808653	-0.011928	3.201591
59.111127	3824.353924	3.813658	-0.011977	3.203685
58.958690	3829.173058	3.818662	-0.011941	3.205640
59.170045	3834.247848	3.823667	-0.011992	3.207739
59.302428	3839.415275	3.828672	-0.012024	3.209865
59.192640	3844.623655	3.833677	-0.011999	3.211980
59.330720	3849.580688	3.838682	-0.012032	3.214019
59.243462	3854.411464	3.843686	-0.012012	3.215980
59.495406	3859.419325	3.848691	-0.012073	3.218049
59.489296	3864.498107	3.853696	-0.012072	3.220117
59.451742	3869.554816	3.858701	-0.012063	3.222171
59.423329	3874.560091	3.863706	-0.012057	3.224205
59.579173	3879.359468	3.868710	-0.012095	3.226173
59.636811	3884.451712	3.873715	-0.012109	3.228249
59.624774	3889.712768	3.878720	-0.012107	3.230384
59.728916	3894.800051	3.883725	-0.012132	3.232460
59.818125	3899.698267	3.888730	-0.012154	3.234456
59.951075	3904.540105	3.893734	-0.012186	3.236433
59.834493	3909.670462	3.898739	-0.012159	3.238498
59.882473	3914.714665	3.903744	-0.012171	3.240545
59.892757	3919.789103	3.908749	-0.012174	3.242599
60.122585	3924.619052	3.913754	-0.012230	3.244577
60.167018	3929.542347	3.918758	-0.012241	3.246571
60.162225	3934.704528	3.923763	-0.012240	3.248655
60.143115	3940.052608	3.928768	-0.012236	3.250811
60.278115	3945.115456	3.933773	-0.012269	3.252867
60.345734	3949.921259	3.938778	-0.012286	3.254811
60.392452	3954.892138	3.943782	-0.012297	3.256818
60.334149	3959.990949	3.948787	-0.012284	3.258864
60.441521	3965.052889	3.953792	-0.012310	3.260912
60.410507	3970.112782	3.958797	-0.012303	3.262943
60.472629	3974.956032	3.963802	-0.012319	3.264895
60.557338	3979.898116	3.968806	-0.012339	3.266889
60.569474	3985.085826	3.973811	-0.012343	3.268972
60.632959	3990.281959	3.978816	-0.012359	3.271062
60.641591	3995.354892	3.983821	-0.012361	3.273096
60.675841	4000.145845	3.988826	-0.012370	3.275019
60.799640	4005.139896	3.993830	-0.012400	3.277031
60.835614	4010.232074	3.998835	-0.012409	3.279072
60.881680	4015.269313	4.003840	-0.012421	3.281091
60.962571	4020.343481	4.008845	-0.012441	3.283126
60.919554	4025.151581	4.013850	-0.012431	3.285042
60.950280	4030.151212	4.018854	-0.012439	3.287040
61.114010	4035.465012	4.023859	-0.012478	3.289177
61.005107	4040.710673	4.028864	-0.012453	3.291256
61.052776	4045.741220	4.033869	-0.012465	3.293264
61.221645	4050.461344	4.038874	-0.012506	3.295161
61.243459	4055.407367	4.043878	-0.012511	3.297131
61.227289	4060.560347	4.048883	-0.012508	3.299178
61.346097	4065.518395	4.053888	-0.012537	3.301161
61.374815	4070.595906	4.058893	-0.012545	3.303180
61.496046	4075.328855	4.063898	-0.012574	3.305071
61.409847	4080.403950	4.068902	-0.012554	3.307075
61.517841	4085.633705	4.073907	-0.012580	3.309159
61.603738	4090.748814	4.078912	-0.012601	3.311194
61.565645	4095.814351	4.083917	-0.012593	3.313196
61.649049	4100.585953	4.088922	-0.012613	3.315093
61.666040	4105.667523	4.093926	-0.012618	3.317104
61.805568	4110.694093	4.098931	-0.012652	3.319105
61.797835	4115.749553	4.103936	-0.012650	3.321101
61.819710	4120.797159	4.108941	-0.012656	3.323095
61.992966	4125.577150	4.113946	-0.012698	3.324999
61.938229	4130.653068	4.118950	-0.012686	3.326994
62.170132	4135.910961	4.123955	-0.012742	3.329090
62.099514	4141.120978	4.128960	-0.012725	3.331134
62.271936	4146.101071	4.133965	-0.012767	3.333112
62.237922	4150.911591	4.138970	-0.012759	3.335000
62.262640	4155.966973	4.143974	-0.012766	3.336990
62.157798	4161.085287	4.148979	-0.012741	3.338990
62.227283	4166.113614	4.153984	-0.012759	3.340971
62.299532	4171.121949	4.158989	-0.012776	3.342943
62.397891	4175.926599	4.163994	-0.012800	3.344837
62.466825	4181.006201	4.168998	-0.012817	3.346835
62.447145	4186.233831	4.174003	-0.012813	3.348881
62.553307	4191.350665	4.179008	-0.012839	3.350894
62.627315	4196.427056	4.184013	-0.012857	3.352888
62.877787	4201.106170	4.189018	-0.012918	3.354743
62.676067	4206.216642	4.194022	-0.012870	3.356719
62.696833	4211.359685	4.199027	-0.012876	3.358730
62.821976	4216.325212	4.204032	-0.012906	3.360680
62.906368	4221.373054	4.209037	-0.012927	3.362658
62.923692	4226.195274	4.214042	-0.012931	3.364540
62.919619	4231.235728	4.219046	-0.012931	3.366503
63.136656	4236.471542	4.224051	-0.012983	3.368563
63.152657	4241.724747	4.229056	-0.012988	3.370609
63.189544	4246.734862	4.234061	-0.012997	3.372561
63.174425	4251.542738	4.239066	-0.012994	3.374429
63.273870	4256.548887	4.244070	-0.013018	3.376383
63.369887	4261.644930	4.249075	-0.013042	3.378372
63.447690	4266.648892	4.254080	-0.013061	3.380321
63.263105	4271.799691	4.259085	-0.013017	3.382300
63.356991	4276.588613	4.264090	-0.013040	3.384165
63.376802	4281.565309	4.269094	-0.013046	3.386095
63.454758	4286.723548	4.274099	-0.013065	3.388100
63.545565	4291.954227	4.279104	-0.013087	3.390132
63.608672	4296.982761	4.284109	-0.013103	3.392083
63.688242	4301.789379	4.289114	-0.013122	3.393948
63.784822	4306.776246	4.294118	-0.013146	3.395884
63.669236	4311.884192	4.299123	-0.013119	3.397844
63.716000	4316.922764	4.304128	-0.013131	3.399793
63.805879	4321.966996	4.309133	-0.013153	3.401747
63.954216	4326.842006	4.314138	-0.013189	3.403640
63.938277	4331.767406	4.319142	-0.013185	3.405535
63.882996	4336.923021	4.324147	-0.013173	3.407514
64.052902	4342.283970	4.329152	-0.013214	3.409593
64.062980	4347.331574	4.334157	-0.013217	3.411535
64.041136	4352.259332	4.339162	-0.013212	3.413426
64.144943	4357.138303	4.344166	-0.013237	3.415310
64.142385	4362.225272	4.349171	-0.013237	3.417262
64.223278	4367.279267	4.354176	-0.013257	3.419209
64.298739	4372.286235	4.359181	-0.013276	3.421135
64.275082	4377.262555	4.364186	-0.013271	3.423040
64.463833	4382.107775	4.369190	-0.013316	3.424914
64.475143	4387.158241	4.374195	-0.013320	3.426848
64.485716	4392.460766	4.379200	-0.013323	3.428877
64.474151	4397.540041	4.384205	-0.013320	3.430818
64.626518	4402.510351	4.389210	-0.013357	3.432732
64.535037	4407.363698	4.394214	-0.013336	3.434576
64.593864	4412.451595	4.399219	-0.013351	3.436524
64.681235	4417.530268	4.404224	-0.013372	3.438469
64.694186	4422.550388	4.409229	-0.013376	3.440384
64.768573	4427.605324	4.414234	-0.013394	3.442317
64.888336	4432.352327	4.419238	-0.013423	3.444137
65.052032	4437.389475	4.424243	-0.013463	3.446069
64.987881	4442.712792	4.429248	-0.013448	3.448088
65.106699	4447.942124	4.434253	-0.013477	3.450087
65.088977	4453.034691	4.439258	-0.013473	3.452021
65.136296	4457.765833	4.444262	-0.013485	3.453822
65.060584	4462.826666	4.449267	-0.013468	3.455735
65.198771	4467.783753	4.454272	-0.013501	3.457629
65.273309	4472.775273	4.459277	-0.013520	3.459528
65.253304	4477.865862	4.464282	-0.013515	3.461455
65.305894	4482.701883	4.469286	-0.013528	3.463291
65.228810	4487.710846	4.474291	-0.013511	3.465180
65.395306	4492.763748	4.479296	-0.013551	3.467107
65.458489	4498.032131	4.484301	-0.013567	3.469105
65.470274	4503.116442	4.489306	-0.013570	3.471027
65.563649	4507.992930	4.494310	-0.013593	3.472877
65.532237	4512.935574	4.499315	-0.013586	3.474740
65.755835	4517.918853	4.504320	-0.013640	3.476641
65.826022	4523.004623	4.509325	-0.013657	3.478565
65.829483	4528.116549	4.514330	-0.013658	3.480492
65.810146	4533.049599	4.519334	-0.013654	3.482348
65.870303	4537.870008	4.524339	-0.013669	3.484168
65.912939	4542.968776	4.529344	-0.013680	3.486090
65.843464	4548.310141	4.534349	-0.013664	3.488092
65.934221	4553.485778	4.539354	-0.013686	3.490045
65.977715	4558.530615	4.544358	-0.013697	3.491944
66.044264	4563.267146	4.549363	-0.013714	3.493728
65.987189	4568.369016	4.554368	-0.013700	3.495637
66.190515	4573.391371	4.559373	-0.013750	3.497539
66.230099	4578.432260	4.564378	-0.013760	3.499432
66.224641	4583.534613	4.569382	-0.013759	3.501343
66.265150	4588.347206	4.574387	-0.013769	3.503148
66.273298	4593.366467	4.579392	-0.013772	3.505027
66.393698	4598.405665	4.584397	-0.013801	3.506923
66.571749	4603.688183	4.589402	-0.013844	3.508914
66.403702	4608.792028	4.594406	-0.013804	3.510805
66.667269	4613.647766	4.599411	-0.013868	3.512642
66.560190	4618.560257	4.604416	-0.013843	3.514465
66.580724	4623.606955	4.609421	-0.013848	3.516349
66.666472	4628.726532	4.614426	-0.013869	3.518266
66.850746	4633.727342	4.619430	-0.013914	3.520146
66.803844	4638.771237	4.624435	-0.013903	3.522020
66.751278	4643.579206	4.629440	-0.013891	3.523804
66.916315	4648.649884	4.634445	-0.013931	3.525705
66.951458	4653.965410	4.639450	-0.013940	3.527685
67.020632	4659.163760	4.644454	-0.013957	3.529623
67.009157	4664.233489	4.649459	-0.013955	3.531504
67.039833	4668.990113	4.654464	-0.013963	3.533273
67.076901	4674.004309	4.659469	-0.013972	3.535136
67.162634	4679.085841	4.664474	-0.013993	3.537028
67.010938	4684.169504	4.669478	-0.013958	3.538898
67.260212	4689.189319	4.674483	-0.014018	3.540780
67.294096	4694.094384	4.679488	-0.014026	3.542599
67.288731	4698.967725	4.684493	-0.014026	3.544402
67.318157	4704.100175	4.689498	-0.014033	3.546302
67.364598	4709.383308	4.694502	-0.014045	3.548259
67.331283	4714.446285	4.699507	-0.014037	3.550126
67.408500	4719.413795	4.704512	-0.014056	3.551967
67.525174	4724.227849	4.709517	-0.014085	3.553754
67.653076	4729.260920	4.714522	-0.014116	3.555622
67.485927	4734.375599	4.719526	-0.014077	3.557493
67.562292	4739.430857	4.724531	-0.014095	3.559362
67.712415	4744.455526	4.729536	-0.014132	3.561226
67.715794	4749.229370	4.734541	-0.014133	3.562983
67.887031	4754.246457	4.739546	-0.014175	3.564844
67.816646	4759.446601	4.744550	-0.014158	3.566750
67.917845	4764.758957	4.749555	-0.014183	3.568711
67.992983	4769.808529	4.754560	-0.014202	3.570573
67.907882	4774.689639	4.759565	-0.014182	3.572357
68.122024	4779.599092	4.764570	-0.014233	3.574177
68.084938	4784.624158	4.769574	-0.014225	3.576017
68.018261	4789.751004	4.774579	-0.014210	3.577890
68.156801	4794.788899	4.779584	-0.014243	3.579748
68.085169	4799.807982	4.784589	-0.014227	3.581579
68.304968	4804.608719	4.789594	-0.014280	3.583356
68.155305	4809.696159	4.794598	-0.014245	3.585203
68.423925	4814.826605	4.799603	-0.014309	3.587103
68.334108	4820.029590	4.804608	-0.014288	3.588996
68.464946	4825.080972	4.809613	-0.014320	3.590852
68.528432	4829.915179	4.814618	-0.014336	3.592622
68.378110	4834.905348	4.819622	-0.014301	3.594430
68.401896	4839.989497	4.824627	-0.014307	3.596286
68.504499	4845.074383	4.829632	-0.014332	3.598148
68.632147	4850.087313	4.834637	-0.014363	3.599985
68.701320	4855.014889	4.839642	-0.014380	3.601786
68.846610	4859.852802	4.844646	-0.014415	3.603559
68.719498	4864.938239	4.849651	-0.014385	3.605397
68.916734	4870.306329	4.854656	-0.014433	3.607366
68.980334	4875.459476	4.859661	-0.014449	3.609244
69.008711	4880.554147	4.864666	-0.014456	3.611097
68.978335	4885.268934	4.869670	-0.014449	3.612805
68.846675	4890.372669	4.874675	-0.014418	3.614645
69.064428	4895.381259	4.879680	-0.014471	3.616480
69.011135	4900.454949	4.884685	-0.014459	3.618315
69.083481	4905.495879	4.889690	-0.014477	3.620147
69.205833	4910.366969	4.894694	-0.014507	3.621921
69.247066	4915.266833	4.899699	-0.014517	3.623698
69.269981	4920.350500	4.904704	-0.014523	3.625539
69.332125	4925.663201	4.909709	-0.014538	3.627465
69.402395	4930.777149	4.914714	-0.014556	3.629318
69.471868	4935.778919	4.919718	-0.014573	3.631131
69.402891	4940.533387	4.924723	-0.014557	3.632841
69.497092	4945.512500	4.929728	-0.014580	3.634646
69.566399	4950.506127	4.934733	-0.014597	3.636452
69.535632	4955.624910	4.939738	-0.014590	3.638295
69.532934	4960.702305	4.944742	-0.014590	3.640123
69.580403	4965.564747	4.949747	-0.014602	3.641878
69.598769	4970.515444	4.954752	-0.014607	3.643662
69.745292	4975.526622	4.959757	-0.014642	3.645477
69.605805	4981.005340	4.964762	-0.014610	3.647434
69.713534	4986.100534	4.969766	-0.014636	3.649275
69.857842	4991.114872	4.974771	-0.014671	3.651088
69.938918	4995.831860	4.979776	-0.014691	3.652788
70.028323	5000.875472	4.984781	-0.014713	3.654605
69.935914	5005.984779	4.989786	-0.014691	3.656430
70.029690	5011.039398	4.994790	-0.014714	3.658250
70.111657	5016.097623	4.999795	-0.014734	3.660069
69.992813	5021.003623	5.004800	-0.014706	3.661816
70.114982	5025.888039	5.009805	-0.014736	3.663574
70.237124	5030.933723	5.014810	-0.014766	3.665390
70.281823	5036.243055	5.019814	-0.014777	3.667292
70.305533	5041.358266	5.024819	-0.014783	3.669122
70.381304	5046.388564	5.029824	-0.014802	3.670925
70.430296	5051.120678	5.034829	-0.014814	3.672619
70.443524	5056.220453	5.039834	-0.014818	3.674440
70.583750	5061.264813	5.044838	-0.014852	3.676251
70.519293	5066.347665	5.049843	-0.014837	3.678058
70.665421	5071.397436	5.054848	-0.014873	3.679870
70.599718	5076.268995	5.059853	-0.014857	3.681599
70.797509	5081.179980	5.064858	-0.014905	3.683364
70.744501	5086.255899	5.069862	-0.014893	3.685166
70.672348	5091.720744	5.074867	-0.014876	3.687103
70.823724	5096.801235	5.079872	-0.014913	3.688922
70.834468	5101.835540	5.084877	-0.014916	3.690711
70.926756	5106.564735	5.089882	-0.014939	3.692399
70.996804	5111.605743	5.094886	-0.014956	3.694194
70.938027	5116.719891	5.099891	-0.014943	3.696003
71.044192	5121.760044	5.104896	-0.014969	3.697799
71.163068	5126.763591	5.109901	-0.014998	3.699583
71.218957	5131.684711	5.114906	-0.015011	3.701331
71.154484	5136.585152	5.119910	-0.014997	3.703060
71.316648	5141.614045	5.124915	-0.015036	3.704854
71.272663	5146.930136	5.129920	-0.015026	3.706731
71.258112	5152.056559	5.134925	-0.015023	3.708542
71.312080	5157.126209	5.139930	-0.015036	3.710338
71.422490	5161.848356	5.144934	-0.015063	3.712015
71.508414	5166.855217	5.149939	-0.015084	3.713790
71.511115	5171.951126	5.154944	-0.015086	3.715589
71.579262	5177.002410	5.159949	-0.015102	3.717376
71.574044	5182.086490	5.164954	-0.015102	3.719168
71.607655	5186.999168	5.169958	-0.015110	3.720902
71.830196	5191.837480	5.174963	-0.015164	3.722625
71.809190	5196.932432	5.179968	-0.015160	3.724417
71.850185	5202.214239	5.184973	-0.015170	3.726278
71.891996	5207.463886	5.189978	-0.015180	3.728128
71.920693	5212.509546	5.194982	-0.015188	3.729904
72.061149	5217.279348	5.199987	-0.015222	3.731592
71.993964	5222.265669	5.204992	-0.015206	3.733338
71.987174	5227.351528	5.209997	-0.015205	3.735123
72.128644	5232.395764	5.215002	-0.015240	3.736904
72.071089	5237.451029	5.220006	-0.015226	3.738672
72.053932	5242.510921	5.225011	-0.015223	3.740445
72.274019	5247.251990	5.230016	-0.015276	3.742124
72.178523	5252.316800	5.235021	-0.015254	3.743890
72.248418	5257.476992	5.240026	-0.015271	3.745702
72.349558	5262.729800	5.245030	-0.015296	3.747548
72.476284	5267.719494	5.250035	-0.015327	3.749303
72.549700	5272.645218	5.255040	-0.015345	3.751031
72.703076	5277.501231	5.260045	-0.015382	3.752740
72.827807	5282.531521	5.265050	-0.015412	3.754506
72.678939	5287.669989	5.270054	-0.015377	3.756288
72.619310	5292.719653	5.275059	-0.015363	3.758045
72.717576	5297.782904	5.280064	-0.015388	3.759819
72.808147	5302.541268	5.285069	-0.015410	3.761485
72.809005	5307.613614	5.290074	-0.015410	3.763252
72.944163	5312.674635	5.295078	-0.015443	3.765025
73.016710	5318.118457	5.300083	-0.015461	3.766926
73.014929	5323.230189	5.305088	-0.015461	3.768704
72.997614	5328.189834	5.310093	-0.015458	3.770428
73.112043	5332.977008	5.315098	-0.015486	3.772101
73.192364	5338.032093	5.320102	-0.015505	3.773863
73.201739	5343.076079	5.325107	-0.015508	3.775616
73.200488	5348.190510	5.330112	-0.015508	3.777391
73.240661	5353.257403	5.335117	-0.015518	3.779152
73.225351	5358.142998	5.340122	-0.015515	3.780845
73.084371	5363.111629	5.345126	-0.015482	3.782556
73.348632	5368.067798	5.350131	-0.015546	3.784294
73.420395	5373.373086	5.355136	-0.015564	3.786137
73.506245	5378.490131	5.360141	-0.015585	3.787915
73.533172	5383.557100	5.365146	-0.015592	3.789670
73.613109	5388.346204	5.370150	-0.015611	3.791333
73.529687	5393.376846	5.375155	-0.015592	3.793065
73.685909	5398.378039	5.380160	-0.015630	3.794806
73.706608	5403.488238	5.385165	-0.015635	3.796572
73.755230	5408.535700	5.390170	-0.015647	3.798318
73.937514	5413.557979	5.395174	-0.015692	3.800065
73.863217	5418.336403	5.400179	-0.015674	3.801707
73.855461	5423.416170	5.405184	-0.015673	3.803458
73.883322	5428.632521	5.410189	-0.015680	3.805257
73.839367	5433.985438	5.415194	-0.015670	3.807097
74.005742	5438.997744	5.420198	-0.015711	3.808836
74.113820	5443.896665	5.425203	-0.015737	3.810530
74.127044	5448.773773	5.430208	-0.015741	3.812208
74.118852	5453.827725	5.435213	-0.015739	3.813945
74.167110	5458.913989	5.440218	-0.015751	3.815696
74.232263	5464.004264	5.445222	-0.015767	3.817450
74.409697	5469.016180	5.450227	-0.015810	3.819184
74.295390	5473.941254	5.455232	-0.015784	3.820865
74.396191	5478.809244	5.460237	-0.015808	3.822543
74.409914	5483.857433	5.465242	-0.015812	3.824274
74.373654	5489.237160	5.470246	-0.015804	3.826115
74.464911	5494.260846	5.475251	-0.015826	3.827843
74.540910	5499.379640	5.480256	-0.015845	3.829601
74.519234	5503.971502	5.485261	-0.015840	3.831171
74.652499	5509.039074	5.490266	-0.015873	3.832915
74.435036	5514.095150	5.495270	-0.015821	3.834627
74.598487	5519.169739	5.500275	-0.015861	3.836373
74.767663	5524.210684	5.505280	-0.015902	3.838108
74.820376	5529.232398	5.510285	-0.015915	3.839827
74.846108	5533.983328	5.515290	-0.015922	3.841450
74.780269	5539.101777	5.520294	-0.015906	3.843192
74.940146	5544.207052	5.525299	-0.015945	3.844945
75.009508	5549.561172	5.530304	-0.015962	3.846775
75.069121	5554.612036	5.535309	-0.015977	3.848500
75.035647	5559.561161	5.540314	-0.015970	3.850183
75.062440	5564.361431	5.545318	-0.015977	3.851819
75.171891	5569.357419	5.550323	-0.016003	3.853527
75.233873	5574.516792	5.555328	-0.016019	3.855286
75.303455	5579.494040	5.560333	-0.016036	3.856983
75.329891	5584.597953	5.565338	-0.016043	3.858719
75.494671	5589.422508	5.570342	-0.016083	3.860370
75.504258	5594.337814	5.575347	-0.016085	3.862039
75.651426	5599.372059	5.580352	-0.016121	3.863759
75.635093	5604.677691	5.585357	-0.016118	3.865557
75.672844	5609.812635	5.590362	-0.016127	3.867301
75.716429	5614.893328	5.595366	-0.016138	3.869026
75.762320	5619.625450	5.600371	-0.016150	3.870632
75.725137	5624.669334	5.605376	-0.016142	3.872337
75.690820	5629.688958	5.610381	-0.016134	3.874033
75.844131	5634.794064	5.615386	-0.016171	3.875771
75.928324	5639.824376	5.620390	-0.016192	3.877478
75.995161	5644.861677	5.625395	-0.016208	3.879186
76.060367	5649.622416	5.630400	-0.016224	3.880799
75.962144	5654.686478	5.635405	-0.016201	3.882502
76.097951	5659.710584	5.640410	-0.016234	3.884208
76.071973	5665.265805	5.645414	-0.016229	3.886080
76.179028	5670.227771	5.650419	-0.016255	3.887761
76.386150	5675.306177	5.655424	-0.016305	3.889488
76.254303	5680.029259	5.660429	-0.016274	3.891070
76.324716	5685.143873	5.665434	-0.016291	3.892797
76.311505	5690.154777	5.670438	-0.016289	3.894483
76.399863	5695.202248	5.675443	-0.016310	3.896188
76.320451	5700.325761	5.680448	-0.016292	3.897906
76.413170	5705.249505	5.685453	-0.016315	3.899568
76.510528	5710.060072	5.690458	-0.016338	3.901192
76.593397	5715.117543	5.695462	-0.016359	3.902896
76.602001	5720.270638	5.700467	-0.016361	3.904627
76.657416	5725.546093	5.705472	-0.016375	3.906402
76.623647	5730.630205	5.710477	-0.016368	3.908105
76.770442	5735.495634	5.715482	-0.016403	3.909747
76.859623	5740.350532	5.720486	-0.016425	3.911381
76.789159	5745.369877	5.725491	-0.016409	3.913057
76.884761	5750.525927	5.730496	-0.016432	3.914791
76.851093	5755.542566	5.735501	-0.016425	3.916468
76.955330	5760.635027	5.740506	-0.016450	3.918179
77.048790	5765.538810	5.745510	-0.016473	3.919826
77.045653	5770.380613	5.750515	-0.016473	3.921445
77.291177	5775.423823	5.755520	-0.016532	3.923148
77.097823	5780.792385	5.760525	-0.016486	3.924927
77.197167	5786.100023	5.765530	-0.016511	3.926706
77.147516	5791.132566	5.770534	-0.016499	3.928382
77.264727	5795.958958	5.775539	-0.016528	3.930000
77.401214	5800.889983	5.780544	-0.016561	3.931654
77.256434	5805.915651	5.785549	-0.016527	3.933319
77.265221	5811.083699	5.790554	-0.016530	3.935042
77.382118	5816.072249	5.795558	-0.016558	3.936711
77.286132	5821.158506	5.800563	-0.016536	3.938397
77.508513	5825.966309	5.805568	-0.016589	3.940013
77.474974	5830.861232	5.810573	-0.016582	3.941639
77.491108	5835.975739	5.815578	-0.016586	3.943340
77.561418	5841.262193	5.820582	-0.016604	3.945102
77.514357	5846.364691	5.825587	-0.016593	3.946793
77.669817	5851.425927	5.830592	-0.016631	3.948485
77.752933	5856.224497	5.835597	-0.016651	3.950083
77.778302	5861.200254	5.840602	-0.016658	3.951736
77.889113	5866.215372	5.845606	-0.016685	3.953407
77.754326	5871.375634	5.850611	-0.016653	3.955108
77.807114	5876.438588	5.855616	-0.016666	3.956789
77.820528	5881.427262	5.860621	-0.016670	3.958442
77.990215	5886.259199	5.865626	-0.016711	3.960053
77.994014	5891.212549	5.870630	-0.016712	3.961693
78.122924	5896.282886	5.875635	-0.016744	3.963379
78.004767	5901.802887	5.880640	-0.016716	3.965196
78.144272	5906.836771	5.885645	-0.016750	3.966869
78.185562	5911.936273	5.890650	-0.016760	3.968557
78.180470	5916.719658	5.895654	-0.016760	3.970136
78.349150	5921.628842	5.900659	-0.016801	3.971768
78.321800	5926.760637	5.905664	-0.016795	3.973459
78.251024	5931.817658	5.910669	-0.016778	3.975122
78.278819	5936.881434	5.915674	-0.016785	3.976793
78.317370	5941.983924	5.920678	-0.016795	3.978477
78.457634	5946.695386	5.925683	-0.016829	3.980039
78.588186	5951.679216	5.930688	-0.016861	3.981689
78.534586	5956.806609	5.935693	-0.016849	3.983372
78.682288	5962.099573	5.940698	-0.016885	3.985124
78.606666	5967.199943	5.945702	-0.016867	3.986796
78.601171	5972.253412	5.950707	-0.016866	3.988456
78.719639	5977.002429	5.955712	-0.016895	3.990025
78.807538	5981.984202	5.960717	-0.016917	3.991667
78.706565	5987.090633	5.965722	-0.016893	3.993336
78.740347	5992.183145	5.970726	-0.016902	3.995010
78.883983	5997.248010	5.975731	-0.016936	3.996681
78.950964	6002.328317	5.980736	-0.016953	3.998351
78.848997	6007.110898	5.985741	-0.016929	3.999911
78.923771	6012.097424	5.990746	-0.016948	4.001550
79.005059	6017.175245	5.995750	-0.016968	4.003219
79.071760	6022.614126	6.000755	-0.016984	4.005003
79.075864	6027.724982	6.005760	-0.016986	4.006676
79.014332	6032.830723	6.010765	-0.016971	4.008341
79.156309	6037.558748	6.015770	-0.017006	4.009897
79.306448	6042.512466	6.020774	-0.017042	4.011526
79.318998	6047.563952	6.025779	-0.017046	4.013177
79.284588	6052.691416	6.030784	-0.017038	4.014849
79.260360	6057.698322	6.035789	-0.017033	4.016481
79.427651	6062.733315	6.040794	-0.017073	4.018135
79.470198	6067.568568	6.045798	-0.017084	4.019715
79.434379	6072.517872	6.050803	-0.017076	4.021326
79.396989	6077.600764	6.055808	-0.017068	4.022980
79.563042	6082.924280	6.060813	-0.017108	4.024725
79.629653	6088.031071	6.065818	-0.017124	4.026392
79.774089	6093.046093	6.070822	-0.017160	4.028034
79.721352	6097.878607	6.075827	-0.017147	4.029602
79.650620	6102.857886	6.080832	-0.017131	4.031217
79.619026	6107.879047	6.085837	-0.017124	4.032847
79.728720	6112.998821	6.090842	-0.017151	4.034518
79.754319	6118.074730	6.095846	-0.017157	4.036168
79.806327	6123.103008	6.100851	-0.017170	4.037804
79.912159	6127.926861	6.105856	-0.017196	4.039376
79.981670	6132.852557	6.110861	-0.017213	4.040979
79.957402	6137.957556	6.115866	-0.017208	4.042633
80.085027	6143.317467	6.120870	-0.017239	4.044378
80.082806	6148.487754	6.125875	-0.017239	4.046053
80.184174	6153.559740	6.130880	-0.017264	4.047703
80.179237	6158.351893	6.135885	-0.017263	4.049254
80.181646	6163.179106	6.140890	-0.017264	4.050816
80.231363	6168.179929	6.145894	-0.017277	4.052437
80.269497	6173.245032	6.150899	-0.017287	4.054077
80.322470	6178.367116	6.155904	-0.017300	4.055736
80.338845	6183.431179	6.160909	-0.017304	4.057373
80.353232	6188.285941	6.165914	-0.017308	4.058942
80.316171	6193.159919	6.170918	-0.017300	4.060513
80.445074	6198.235904	6.175923	-0.017331	4.062160
80.453815	6203.539022	6.180928	-0.017334	4.063871
80.448743	6208.697089	6.185933	-0.017333	4.065534
80.633912	6213.707866	6.190938	-0.017378	4.067161
80.625016	6218.678027	6.195942	-0.017376	4.068762
80.706066	6223.477578	6.200947	-0.017396	4.070313
80.588610	6228.599883	6.205952	-0.017369	4.071954
80.700208	6233.643477	6.210957	-0.017396	4.073584
80.686492	6238.741883	6.215962	-0.017393	4.075223
80.894618	6243.768935	6.220966	-0.017444	4.076853
80.758904	6248.757377	6.225971	-0.017412	4.078448
80.836013	6253.557616	6.230976	-0.017431	4.079995
80.957276	6258.575326	6.235981	-0.017460	4.081614
80.997283	6263.820735	6.240986	-0.017470	4.083301
80.932967	6269.285132	6.245990	-0.017455	4.085050
81.057726	6274.290921	6.250995	-0.017486	4.086664
81.026520	6279.276819	6.256000	-0.017479	4.088260
81.017830	6284.035024	6.261005	-0.017477	4.089785
81.168756	6289.117427	6.266010	-0.017514	4.091423
81.257654	6294.170606	6.271014	-0.017536	4.093047
81.338300	6299.214811	6.276019	-0.017556	4.094667
81.505906	6304.236619	6.281024	-0.017596	4.096285
81.333952	6309.308612	6.286029	-0.017556	4.097896
81.368518	6314.082996	6.291034	-0.017564	4.099425
81.519146	6319.123948	6.296038	-0.017601	4.101046
81.463548	6324.163594	6.301043	-0.017588	4.102652
81.430078	6329.539041	6.306048	-0.017581	4.104367
81.594873	6334.618539	6.311053	-0.017621	4.105999
81.614581	6339.683334	6.316058	-0.017626	4.107617
81.575409	6344.456552	6.321062	-0.017617	4.109137
81.580569	6349.443929	6.326067	-0.017619	4.110728
81.734546	6354.487588	6.331072	-0.017656	4.112345
81.750543	6359.569813	6.336077	-0.017660	4.113965
81.739494	6364.628099	6.341082	-0.017658	4.115576
81.838418	6369.739873	6.346086	-0.017683	4.117209
81.802780	6374.526453	6.351091	-0.017675	4.118730
81.924809	6379.486402	6.356096	-0.017704	4.120316
81.960429	6384.520587	6.361101	-0.017713	4.121919
81.927562	6389.858274	6.366106	-0.017706	4.123614
82.029191	6395.130971	6.371110	-0.017731	4.125296
82.198256	6400.184938	6.376115	-0.017772	4.126912
82.275690	6405.058587	6.381120	-0.017791	4.128464
82.066820	6409.920357	6.386125	-0.017741	4.129994
82.113103	6414.928873	6.391130	-0.017753	4.131586
82.363915	6420.020698	6.396134	-0.017814	4.133216
82.322978	6425.049557	6.401139	-0.017804	4.134808
82.218387	6430.217166	6.406144	-0.017780	4.136439
82.237874	6435.187623	6.411149	-0.017785	4.138014
82.331161	6439.935263	6.416154	-0.017808	4.139524
82.386932	6445.046285	6.421158	-0.017822	4.141145
82.428064	6450.145455	6.426163	-0.017832	4.142761
82.456847	6455.482092	6.431168	-0.017840	4.144450
82.603145	6460.528970	6.436173	-0.017875	4.146055
82.632993	6465.545569	6.441178	-0.017883	4.147642
82.649292	6470.283083	6.446182	-0.017887	4.149140
82.604545	6475.317193	6.451187	-0.017877	4.150727
82.728500	6480.386163	6.456192	-0.017907	4.152335
82.790657	6485.469340	6.461197	-0.017923	4.153943
82.891788	6490.497319	6.466202	-0.017947	4.155535
82.899709	6495.563463	6.471206	-0.017950	4.157133
82.894754	6500.382441	6.476211	-0.017949	4.158651
82.945090	6505.354836	6.481216	-0.017962	4.160221
83.001024	6510.416268	6.486221	-0.017976	4.161818
83.095419	6515.823237	6.491226	-0.017999	4.163527
83.203615	6521.008461	6.496230	-0.018025	4.165165
83.114416	6526.055832	6.501235	-0.018004	4.166747
83.097186	6530.952935	6.506240	-0.018001	4.168286
83.176245	6535.830976	6.511245	-0.018020	4.169824
83.164073	6540.843999	6.516250	-0.018018	4.171399
83.217800	6545.954373	6.521254	-0.018031	4.173007
83.349650	6550.978849	6.526259	-0.018063	4.174593
83.487248	6556.046938	6.531264	-0.018097	4.176192
83.443231	6561.011166	6.536269	-0.018087	4.177747
83.541142	6565.760335	6.541274	-0.018111	4.179242
83.520599	6570.873005	6.546278	-0.018106	4.180844
83.382186	6575.969758	6.551283	-0.018074	4.182432
83.589313	6581.304107	6.556288	-0.018124	4.184116
83.694328	6586.351418	6.561293	-0.018149	4.185703
83.703973	6591.431208	6.566298	-0.018152	4.187294
83.738056	6596.098017	6.571302	-0.018161	4.188756
83.726934	6601.147621	6.576307	-0.018159	4.190335
83.808275	6606.235101	6.581312	-0.018179	4.191931
83.882508	6611.326925	6.586317	-0.018197	4.193526
83.906780	6616.355441	6.591322	-0.018203	4.195099
83.940880	6621.442938	6.596326	-0.018212	4.196690
83.889145	6626.268937	6.601331	-0.018200	4.198194
84.042869	6631.182962	6.606336	-0.018238	4.199736
83.970769	6636.287650	6.611341	-0.018221	4.201325
84.142692	6641.603436	6.616346	-0.018263	4.202993
84.055005	6646.879359	6.621350	-0.018242	4.204632
83.989111	6651.942659	6.626355	-0.018227	4.206206
84.141252	6656.850506	6.631360	-0.018264	4.207744
83.890875	6661.717415	6.636365	-0.018204	4.209244
84.179572	6666.695860	6.641370	-0.018274	4.210811
84.208290	6671.826641	6.646374	-0.018281	4.212409
84.261871	6676.861229	6.651379	-0.018295	4.213978
84.420557	6681.924721	6.656384	-0.018333	4.215562
84.352141	6687.000619	6.661389	-0.018317	4.217136
84.385274	6691.710138	6.666394	-0.018326	4.218601
84.437625	6696.749414	6.671398	-0.018339	4.220169
84.612981	6701.751926	6.676403	-0.018381	4.221733
84.647051	6707.141618	6.681408	-0.018390	4.223407
84.543613	6712.238657	6.686413	-0.018366	4.224982
84.633940	6717.266278	6.691418	-0.018388	4.226547
84.576316	6722.128635	6.696422	-0.018375	4.228051
84.682951	6727.009710	6.701427	-0.018401	4.229569
84.898439	6732.075438	6.706432	-0.018453	4.231151
84.696328	6737.215692	6.711437	-0.018405	4.232731
84.893277	6742.232336	6.716442	-0.018453	4.234295
84.925259	6747.340842	6.721446	-0.018461	4.235878
84.854928	6752.276894	6.726451	-0.018445	4.237401
84.823325	6757.139669	6.731456	-0.018438	4.238902
84.904341	6762.188862	6.736461	-0.018457	4.240468
84.968940	6767.293598	6.741466	-0.018473	4.242049
85.119957	6772.802452	6.746470	-0.018510	4.243759
85.166917	6777.831612	6.751475	-0.018522	4.245314
85.095697	6782.890076	6.756480	-0.018505	4.246871
85.108257	6787.616684	6.761485	-0.018509	4.248330
85.236311	6792.601521	6.766490	-0.018540	4.249875
85.199758	6797.700364	6.771494	-0.018532	4.251445
85.275915	6802.804107	6.776499	-0.018551	4.253022
85.408527	6807.819034	6.781504	-0.018583	4.254574
85.305876	6812.908605	6.786509	-0.018559	4.256136
85.344102	6817.787818	6.791514	-0.018569	4.257640
85.546624	6822.667251	6.796518	-0.018617	4.259153
85.534040	6827.710790	6.801523	-0.018615	4.260704
85.561064	6832.913226	6.806528	-0.018622	4.262305
85.609352	6838.172553	6.811533	-0.018634	4.263925
85.606082	6843.236255	6.816538	-0.018634	4.265480
85.590177	6848.271642	6.821542	-0.018631	4.267026
85.699641	6852.952775	6.826547	-0.018657	4.268470
85.616654	6858.010374	6.831552	-0.018638	4.270017
85.730462	6863.098060	6.836557	-0.018666	4.271585
85.737873	6868.197382	6.841562	-0.018668	4.273149
85.731268	6873.229901	6.846566	-0.018667	4.274692
85.687609	6878.326178	6.851571	-0.018657	4.276251
85.812358	6883.142124	6.856576	-0.018687	4.277734
85.973748	6888.049804	6.861581	-0.018727	4.279246
85.936900	6893.095171	6.866586	-0.018718	4.280789
85.917590	6898.483945	6.871590	-0.018714	4.282437
85.967166	6903.715999	6.876595	-0.018727	4.284040
86.127323	6908.788546	6.881600	-0.018765	4.285601
86.073345	6913.732221	6.886605	-0.018753	4.287109
86.226503	6918.480757	6.891610	-0.018790	4.288569
86.264228	6923.583571	6.896614	-0.018800	4.290130
86.266754	6928.650815	6.901619	-0.018801	4.291677
86.373511	6933.720003	6.906624	-0.018827	4.293231
86.329881	6938.633705	6.911629	-0.018817	4.294728
86.305854	6943.737921	6.916634	-0.018812	4.296283
86.240331	6948.515782	6.921638	-0.018797	4.297737
86.233247	6953.462671	6.926643	-0.018796	4.299244
86.386376	6958.512865	6.931648	-0.018833	4.300792
86.505252	6963.804974	6.936653	-0.018862	4.302411
86.447928	6968.990095	6.941658	-0.018849	4.303986
86.594386	6974.044136	6.946662	-0.018884	4.305533
86.620625	6978.955934	6.951667	-0.018891	4.307029
86.667197	6983.767155	6.956672	-0.018903	4.308495
86.558685	6988.850903	6.961677	-0.018877	4.310035
86.818951	6993.867638	6.966682	-0.018940	4.311574
86.799791	6998.994083	6.971686	-0.018936	4.313131
86.776150	7004.067681	6.976691	-0.018931	4.314671
86.862386	7009.119852	6.981696	-0.018952	4.316210
86.736643	7013.892747	6.986701	-0.018922	4.317651
86.844438	7018.800413	6.991706	-0.018949	4.319147
86.923875	7023.982668	6.996710	-0.018968	4.320723
86.902205	7029.352162	7.001715	-0.018964	4.322350
86.951233	7034.575794	7.006720	-0.018976	4.323936
87.017872	7039.623970	7.011725	-0.018992	4.325469
86.933053	7044.517038	7.016730	-0.018973	4.326946
87.118429	7049.310937	7.021734	-0.019017	4.328408
87.162545	7054.388101	7.026739	-0.019029	4.329947
87.156546	7059.457629	7.031744	-0.019028	4.331481
87.235624	7064.510381	7.036749	-0.019047	4.333013
87.146071	7069.615216	7.041754	-0.019026	4.334552
87.161104	7074.697676	7.046758	-0.019030	4.336089
87.310889	7079.369926	7.051763	-0.019067	4.337509
87.377691	7084.318296	7.056768	-0.019083	4.339007
87.388723	7089.449149	7.061773	-0.019086	4.340557
87.391698	7094.717796	7.066778	-0.019088	4.342147
87.515305	7099.873403	7.071782	-0.019118	4.343709
87.513807	7104.895114	7.076787	-0.019118	4.345224
87.640433	7109.847790	7.081792	-0.019149	4.346724
87.591929	7114.657700	7.086797	-0.019138	4.348171
87.669462	7119.763602	7.091802	-0.019157	4.349713
87.683330	7124.889038	7.096806	-0.019161	4.351258
87.730105	7129.937770	7.101811	-0.019172	4.352780
87.770059	7134.988476	7.106816	-0.019182	4.354303
87.821608	7140.031612	7.111821	-0.019195	4.355823
87.826162	7144.830604	7.116826	-0.019197	4.357266
87.943589	7149.785400	7.121830	-0.019225	4.358763
87.854424	7154.821602	7.126835	-0.019205	4.360271
87.859341	7160.247981	7.131840	-0.019206	4.361902
88.028909	7165.458708	7.136845	-0.019247	4.363476
87.950241	7170.517156	7.141850	-0.019229	4.364991
87.997639	7175.495480	7.146854	-0.019241	4.366487
88.094839	7180.235572	7.151859	-0.019265	4.367915
88.075879	7185.307206	7.156864	-0.019261	4.369435
88.166285	7190.396490	7.161869	-0.019283	4.370966
88.358603	7195.402733	7.166874	-0.019330	4.372476
88.310304	7200.515142	7.171878	-0.019319	4.374005
88.297957	7205.567663	7.176883	-0.019316	4.375518
88.329494	7210.396146	7.181888	-0.019324	4.376965
88.401384	7215.308783	7.186893	-0.019342	4.378440
88.442210	7220.339243	7.191898	-0.019352	4.379947
88.402241	7225.626960	7.196902	-0.019343	4.381526
88.477426	7230.808414	7.201907	-0.019362	4.383080
88.520529	7235.932642	7.206912	-0.019373	4.384613
88.578489	7240.952579	7.211917	-0.019387	4.386116
88.640372	7245.572104	7.216922	-0.019402	4.387499
88.634213	7250.698756	7.221926	-0.019401	4.389030
88.651656	7255.703759	7.226931	-0.019406	4.390525
88.662982	7260.904116	7.231936	-0.019409	4.392077
88.706966	7265.913157	7.236941	-0.019420	4.393573
88.716431	7271.031590	7.241946	-0.019423	4.395100
88.859982	7275.918657	7.246950	-0.019458	4.396564
88.825747	7280.752765	7.251955	-0.019450	4.398003
88.711824	7285.892845	7.256960	-0.019424	4.399528
88.965367	7291.023561	7.261965	-0.019485	4.401069
88.884426	7296.482420	7.266970	-0.019466	4.402689
88.947244	7301.590604	7.271974	-0.019482	4.404213
89.063371	7306.596746	7.276979	-0.019510	4.405708
89.227517	7311.289569	7.281984	-0.019550	4.407112
89.186037	7316.311977	7.286989	-0.019540	4.408603
89.220988	7321.380496	7.291994	-0.019549	4.410110
89.215671	7326.488286	7.296998	-0.019548	4.411627
89.289389	7331.495693	7.302003	-0.019567	4.413118
89.243050	7336.637277	7.307008	-0.019556	4.414642
89.329428	7341.556486	7.312013	-0.019577	4.416106
89.375951	7346.292722	7.317018	-0.019589	4.417514
89.319285	7351.459112	7.322022	-0.019576	4.419043
89.344360	7356.480327	7.327027	-0.019582	4.420533
89.439524	7361.888307	7.332032	-0.019606	4.422140
89.458867	7366.945687	7.337037	-0.019611	4.423639
89.492734	7371.959034	7.342042	-0.019619	4.425126
89.605989	7376.853773	7.347046	-0.019647	4.426581
89.479469	7381.732630	7.352051	-0.019617	4.428018
89.633744	7386.765995	7.357056	-0.019655	4.429515
89.645472	7391.854290	7.362061	-0.019658	4.431020
89.609763	7396.943017	7.367066	-0.019650	4.432523
89.684658	7402.004837	7.372070	-0.019669	4.434023
89.641009	7407.118456	7.377075	-0.019659	4.435531
89.795301	7411.791543	7.382080	-0.019696	4.436919
89.881257	7416.790974	7.387085	-0.019717	4.438400
89.927384	7421.828585	7.392090	-0.019729	4.439889
89.905986	7427.276402	7.397094	-0.019724	4.441495
89.888847	7432.498883	7.402099	-0.019721	4.443035
89.978518	7437.521593	7.407104	-0.019743	4.444520
90.118979	7442.480083	7.412109	-0.019777	4.445989
90.059692	7447.240317	7.417114	-0.019763	4.447388
90.122512	7452.306550	7.422118	-0.019779	4.448884
90.096791	7457.411946	7.427123	-0.019773	4.450386
90.145385	7462.519068	7.432128	-0.019785	4.451892
90.182750	7467.529040	7.437133	-0.019795	4.453368
90.178239	7472.568012	7.442138	-0.019794	4.454850
90.188017	7477.492597	7.447142	-0.019797	4.456298
90.306120	7482.335507	7.452147	-0.019826	4.457728
90.329289	7487.422525	7.457152	-0.019832	4.459224
90.273341	7492.575758	7.462157	-0.019819	4.460735
90.362188	7497.863443	7.467162	-0.019841	4.462292
90.465217	7502.988912	7.472166	-0.019866	4.463802
90.371647	7508.027195	7.477171	-0.019844	4.465276
90.454665	7512.758258	7.482176	-0.019864	4.466668
90.628788	7517.710664	7.487181	-0.019907	4.468129
90.526502	7522.841551	7.492186	-0.019883	4.469628
90.581421	7527.971999	7.497190	-0.019896	4.471135
90.683786	7532.962939	7.502195	-0.019921	4.472602
90.663305	7538.076546	7.507200	-0.019917	4.474099
90.801275	7543.075493	7.512205	-0.019951	4.475569
90.780341	7547.794645	7.517210	-0.019946	4.476949
90.700651	7552.890133	7.522214	-0.019928	4.478436
90.777093	7557.927870	7.527219	-0.019946	4.479914
90.962374	7563.345153	7.532224	-0.019991	4.481507
90.950241	7568.434436	7.537229	-0.019989	4.482994
90.947283	7573.458675	7.542234	-0.019989	4.484462
90.958463	7578.368871	7.547238	-0.019992	4.485897
90.977268	7583.182055	7.552243	-0.019997	4.487303
91.151251	7588.224225	7.557248	-0.020039	4.488784
91.122383	7593.283933	7.562253	-0.020033	4.490259
91.130725	7598.372242	7.567258	-0.020035	4.491744
91.184853	7603.453504	7.572262	-0.020049	4.493228
91.298582	7608.499718	7.577267	-0.020076	4.494705
91.219008	7613.313146	7.582272	-0.020058	4.496104
91.231915	7618.241216	7.587277	-0.020062	4.497540
91.385774	7623.303874	7.592282	-0.020099	4.499022
91.400417	7628.497634	7.597286	-0.020103	4.500535
91.422686	7633.760537	7.602291	-0.020109	4.502068
91.495065	7638.811920	7.607296	-0.020127	4.503541
91.628635	7643.898821	7.612301	-0.020159	4.505027
91.592250	7648.559280	7.617306	-0.020151	4.506381
91.618649	7653.583455	7.622310	-0.020158	4.507843
91.602735	7658.701179	7.627315	-0.020155	4.509329
91.742680	7663.747454	7.632320	-0.020189	4.510802
91.666451	7668.827999	7.637325	-0.020171	4.512273
91.728551	7673.917405	7.642330	-0.020186	4.513754
91.672444	7678.919372	7.647334	-0.020173	4.515203
91.693195	7683.602404	7.652339	-0.020179	4.516562
91.856361	7688.638012	7.657344	-0.020218	4.518031
91.816891	7693.758278	7.662349	-0.020209	4.519513
91.887833	7699.217548	7.667354	-0.020227	4.521099
91.927977	7704.378825	7.672358	-0.020237	4.522596
91.902942	7709.441504	7.677363	-0.020232	4.524061
91.954775	7714.389649	7.682368	-0.020245	4.525497
92.058774	7719.103190	7.687373	-0.020270	4.526866
91.942125	7724.152238	7.692378	-0.020243	4.528321
92.034807	7729.303476	7.697382	-0.020265	4.529816
92.145556	7734.355220	7.702387	-0.020292	4.531282
92.248692	7739.331030	7.707392	-0.020318	4.532725
92.241938	7744.466901	7.712397	-0.020316	4.534209
92.202928	7749.345994	7.717402	-0.020308	4.535617
92.428197	7754.163964	7.722406	-0.020362	4.537019
92.318746	7759.284710	7.727411	-0.020336	4.538492
92.441986	7764.405927	7.732416	-0.020366	4.539976
92.388860	7769.772962	7.737421	-0.020354	4.541522
92.379958	7774.763268	7.742426	-0.020353	4.542961
92.417181	7779.872191	7.747430	-0.020362	4.544436
92.324265	7782.288298	7.752435	-0.020340	4.545128
92.362799	7782.278667	7.757440	-0.020350	4.545127
92.569788	7782.262231	7.762445	-0.020399	4.545132
92.615338	7782.220049	7.767450	-0.020410	4.545122
92.587545	7782.269943	7.772454	-0.020404	4.545135
92.589801	7782.255379	7.777459	-0.020405	4.545131
92.592680	7782.268875	7.782464	-0.020405	4.545135
92.596408	7782.277901	7.787469	-0.020407	4.545138
92.558063	7782.285101	7.792474	-0.020398	4.545138
92.558334	7782.328267	7.797478	-0.020398	4.545151
92.552567	7782.306342	7.802483	-0.020397	4.545144
92.615930	7782.300257	7.807488	-0.020412	4.545146
92.574406	7782.337219	7.812493	-0.020402	4.545154
92.612824	7782.309195	7.817498	-0.020412	4.545148
92.553114	7782.292790	7.822502	-0.020397	4.545141
92.547575	7782.328234	7.827507	-0.020396	4.545151
92.722306	7782.258553	7.832512	-0.020438	4.545139
92.685668	7782.290388	7.837517	-0.020430	4.545146
92.732759	7782.207880	7.842522	-0.020441	4.545125
92.692231	7782.290172	7.847526	-0.020432	4.545146
92.596290	7782.312151	7.852531	-0.020409	4.545148
92.649857	7782.296828	7.857536	-0.020422	4.545146
92.555858	7782.304411	7.862541	-0.020399	4.545144
92.714364	7782.243866	7.867546	-0.020438	4.545134
92.631419	7782.316806	7.872550	-0.020418	4.545151
92.491658	7782.356741	7.877555	-0.020385	4.545156
92.663867	7782.265807	7.882560	-0.020426	4.545138
92.620724	7782.326861	7.887565	-0.020416	4.545154
92.789955	7782.205000	7.892570	-0.020456	4.545127
92.668628	7782.284180	7.897574	-0.020428	4.545144
92.683498	7782.298977	7.902579	-0.020431	4.545149
92.619614	7782.295165	7.907584	-0.020416	4.545145
92.657874	7782.318073	7.912589	-0.020426	4.545153
92.778615	7782.208428	7.917594	-0.020455	4.545127
92.742066	7782.215336	7.922598	-0.020446	4.545128
92.748713	7782.214139	7.927603	-0.020448	4.545128
92.645369	7782.170168	7.932608	-0.020423	4.545110
92.717847	7782.234088	7.937613	-0.020441	4.545132
92.695584	7782.205097	7.942618	-0.020436	4.545123
92.734148	7782.268033	7.947622	-0.020445	4.545143
92.677320	7782.265240	7.952627	-0.020432	4.545139
92.711297	7782.253101	7.957632	-0.020440	4.545137
92.648917	7782.266375	7.962637	-0.020425	4.545138
92.587598	7782.243733	7.967642	-0.020411	4.545129
92.558691	7782.234236	7.972646	-0.020404	4.545125
92.706145	7782.304381	7.977651	-0.020439	4.545152
92.790788	7782.199520	7.982656	-0.020460	4.545126
92.718728	7782.257694	7.987661	-0.020443	4.545139
92.788156	7782.189967	7.992666	-0.020459	4.545123
92.775342	7782.238509	7.997670	-0.020457	4.545136
92.665155	7782.268220	8.002675	-0.020430	4.545140
92.815607	7782.201403	8.007680	-0.020467	4.545128
92.777310	7782.288748	8.012685	-0.020458	4.545151
92.724672	7782.289607	8.017690	-0.020445	4.545149
92.760017	7782.271830	8.022694	-0.020454	4.545146
92.755079	7782.273599	8.027699	-0.020453	4.545146
92.632052	7782.275070	8.032704	-0.020423	4.545141
92.743065	7782.267738	8.037709	-0.020450	4.545144
92.718388	7782.298712	8.042714	-0.020444	4.545151
92.717338	7782.291184	8.047718	-0.020444	4.545149
92.807073	7782.274314	8.052723	-0.020466	4.545149
92.810021	7782.196815	8.057728	-0.020467	4.545126
92.808852	7782.244547	8.062733	-0.020467	4.545140
92.752879	7782.215620	8.067738	-0.020454	4.545129
92.788725	7782.229173	8.072742	-0.020462	4.545135
92.781459	7782.242152	8.077747	-0.020461	4.545138
92.710418	7782.197261	8.082752	-0.020444	4.545122
92.709139	7782.208184	8.087757	-0.020444	4.545125
92.839279	7782.209657	8.092762	-0.020475	4.545132
92.749058	7782.231790	8.097766	-0.020454	4.545134
92.842371	7782.219753	8.102771	-0.020476	4.545135
92.684169	7782.206362	8.107776	-0.020438	4.545124
92.817021	7782.245305	8.112781	-0.020470	4.545141
92.684032	7782.209401	8.117786	-0.020439	4.545125
92.727685	7782.234683	8.122790	-0.020449	4.545134
92.900786	7782.232421	8.127795	-0.020491	4.545141
92.756885	7782.201541	8.132800	-0.020457	4.545126
93.000748	7782.210522	8.137805	-0.020515	4.545140
92.941990	7782.216709	8.142810	-0.020501	4.545139
92.809961	7782.210977	8.147814	-0.020470	4.545131
92.810624	7782.238915	8.152819	-0.020470	4.545139
92.878695	7782.174658	8.157824	-0.020487	4.545124
92.740429	7782.256592	8.162829	-0.020454	4.545141
92.781941	7782.215067	8.167834	-0.020464	4.545131
92.667990	7782.247556	8.172838	-0.020437	4.545135
92.683641	7782.279556	8.177843	-0.020441	4.545145
92.740350	7782.223645	8.182848	-0.020455	4.545132
92.675128	7782.260127	8.187853	-0.020439	4.545139
92.648588	7782.244829	8.192858	-0.020433	4.545134
92.801734	7782.205735	8.197862	-0.020470	4.545130
92.752282	7782.259150	8.202867	-0.020458	4.545143
92.677838	7782.241891	8.207872	-0.020440	4.545134
92.860233	7782.222955	8.212877	-0.020484	4.545137
92.620542	7782.229310	8.217882	-0.020427	4.545128
92.790515	7782.251386	8.222886	-0.020468	4.545142
92.678117	7782.272792	8.227891	-0.020441	4.545143
92.784438	7782.234811	8.232896	-0.020467	4.545137
92.759432	7782.242009	8.237901	-0.020461	4.545138
92.687753	7782.286040	8.242906	-0.020444	4.545148
92.766675	7782.251431	8.247910	-0.020463	4.545141
92.895500	7782.250952	8.252915	-0.020494	4.545147
92.767865	7782.214178	8.257920	-0.020464	4.545131
92.818105	7782.239471	8.262925	-0.020476	4.545141
92.878862	7782.220813	8.267930	-0.020491	4.545138
92.616289	7782.328371	8.272934	-0.020428	4.545157
92.787620	7782.244078	8.277939	-0.020469	4.545141
92.689256	7782.253454	8.282944	-0.020446	4.545139
92.846789	7782.240725	8.287949	-0.020484	4.545142
92.955539	7782.230512	8.292954	-0.020510	4.545145
92.807052	7782.261033	8.297958	-0.020474	4.545146
92.883025	7782.266980	8.302963	-0.020493	4.545152
92.786978	7782.201242	8.307968	-0.020470	4.545128
92.805837	7782.247884	8.312973	-0.020475	4.545143
92.749539	7782.246089	8.317978	-0.020461	4.545140
92.983573	7782.217675	8.322982	-0.020517	4.545142
92.784407	7782.247769	8.327987	-0.020470	4.545142
92.826272	7782.220268	8.332992	-0.020480	4.545136
92.700288	7782.251463	8.337997	-0.020450	4.545139
92.746525	7782.232999	8.343002	-0.020461	4.545136
92.880404	7782.174291	8.348006	-0.020494	4.545125
92.857128	7782.190957	8.353011	-0.020488	4.545129
92.776836	7782.193062	8.358016	-0.020469	4.545126
92.895010	7782.210561	8.363021	-0.020498	4.545136
92.782119	7782.241795	8.368026	-0.020471	4.545140
92.849442	7782.226401	8.373030	-0.020487	4.545139
92.847201	7782.279724	8.378035	-0.020487	4.545154
92.899231	7782.186663	8.383040	-0.020499	4.545130
92.833391	7782.276320	8.388045	-0.020484	4.545153
92.859005	7782.273123	8.393050	-0.020490	4.545153
92.822383	7782.282210	8.398054	-0.020481	4.545154
92.857024	7782.268880	8.403059	-0.020490	4.545152
92.943607	7782.223277	8.408064	-0.020511	4.545143
92.740911	7782.295105	8.413069	-0.020463	4.545154
92.876318	7782.277309	8.418074	-0.020495	4.545155
92.779213	7782.239904	8.423078	-0.020472	4.545140
92.755496	7782.297801	8.428083	-0.020467	4.545155
92.833592	7782.229748	8.433088	-0.020485	4.545140
92.843653	7782.265906	8.438093	-0.020488	4.545151
92.736571	7782.240955	8.443098	-0.020463	4.545138
92.824662	7782.201606	8.448102	-0.020484	4.545131
92.938039	7782.267544	8.453107	-0.020511	4.545155
92.900321	7782.224817	8.458112	-0.020502	4.545141
92.854888	7782.240752	8.463117	-0.020491	4.545144
92.855020	7782.235198	8.468122	-0.020492	4.545142
92.926612	7782.195282	8.473126	-0.020509	4.545134
93.066550	7782.198412	8.478131	-0.020543	4.545142
92.826003	7782.172412	8.483136	-0.020485	4.545123
92.845363	7782.246051	8.488141	-0.020490	4.545145
92.850528	7782.221266	8.493146	-0.020491	4.545138
92.757429	7782.252532	8.498150	-0.020469	4.545143
92.910252	7782.202659	8.503155	-0.020506	4.545136
92.860812	7782.182418	8.508160	-0.020494	4.545128
92.917123	7782.231638	8.513165	-0.020508	4.545145
92.919672	7782.189947	8.518170	-0.020509	4.545133
92.847132	7782.249282	8.523174	-0.020492	4.545146
92.903613	7782.208572	8.528179	-0.020505	4.545137
92.934043	7782.192678	8.533184	-0.020513	4.545134
93.010541	7782.180125	8.538189	-0.020531	4.545134
92.850285	7782.216892	8.543194	-0.020493	4.545137
92.880638	7782.117608	8.548198	-0.020501	4.545110
92.935950	7782.198401	8.553203	-0.020514	4.545136
92.827727	7782.171469	8.558208	-0.020488	4.545123
92.893000	7782.189986	8.563213	-0.020504	4.545132
92.873849	7782.187568	8.568218	-0.020500	4.545130
92.941261	7782.146164	8.573223	-0.020516	4.545121
92.917772	7782.192109	8.578227	-0.020510	4.545134
92.869483	7782.172764	8.583232	-0.020499	4.545126
93.002878	7782.168293	8.588237	-0.020531	4.545131
92.823260	7782.163799	8.593242	-0.020488	4.545121
92.883362	7782.149579	8.598247	-0.020503	4.545120
92.911713	7782.200094	8.603251	-0.020510	4.545136
92.840980	7782.184398	8.608256	-0.020493	4.545128
92.894293	7782.165867	8.613261	-0.020506	4.545125
93.103845	7782.170678	8.618266	-0.020556	4.545136
92.870727	7782.156467	8.623271	-0.020501	4.545121
92.945175	7782.178909	8.628275	-0.020519	4.545131
92.846314	7782.182949	8.633280	-0.020495	4.545128
92.943526	7782.191942	8.638285	-0.020519	4.545135
92.960659	7782.176042	8.643290	-0.020523	4.545131
92.899991	7782.194454	8.648295	-0.020509	4.545134
92.872700	7782.202024	8.653299	-0.020502	4.545135
92.936809	7782.122164	8.658304	-0.020518	4.545115
92.935770	7782.146046	8.663309	-0.020518	4.545122
93.014004	7782.159207	8.668314	-0.020537	4.545129
92.909042	7782.139326	8.673319	-0.020512	4.545119
92.888225	7782.217331	8.678323	-0.020507	4.545140
92.825666	7782.214387	8.683328	-0.020492	4.545136
93.098752	7782.194789	8.688333	-0.020558	4.545144
92.905968	7782.197851	8.693338	-0.020512	4.545136
92.890248	7782.244699	8.698343	-0.020508	4.545148
92.944174	7782.223902	8.703347	-0.020521	4.545145
92.885123	7782.152149	8.708352	-0.020507	4.545121
92.848068	7782.246874	8.713357	-0.020498	4.545147
92.852622	7782.218939	8.718362	-0.020500	4.545139
92.835420	7782.179376	8.723367	-0.020496	4.545127
93.096284	7782.179096	8.728371	-0.020558	4.545139
92.888027	7782.160843	8.733376	-0.020509	4.545124
92.909728	7782.213523	8.738381	-0.020514	4.545141
92.834690	7782.207191	8.743386	-0.020496	4.545135
92.956128	7782.186250	8.748391	-0.020525	4.545135
92.980190	7782.187638	8.753395	-0.020531	4.545136
92.984262	7782.170612	8.758400	-0.020533	4.545132
93.007115	7782.225271	8.763405	-0.020538	4.545149
92.953359	7782.214397	8.768410	-0.020525	4.545143
93.013603	7782.167660	8.773415	-0.020540	4.545132
92.924592	7782.240504	8.778419	-0.020519	4.545149
92.847495	7782.194431	8.783424	-0.020501	4.545132
92.871793	7782.225025	8.788429	-0.020507	4.545142
92.921398	7782.228759	8.793434	-0.020519	4.545146
92.840447	7782.181146	8.798439	-0.020499	4.545128
92.975217	7782.180784	8.803443	-0.020532	4.545135
93.058146	7782.181267	8.808448	-0.020552	4.545139
93.004658	7782.227757	8.813453	-0.020539	4.545150
92.933677	7782.224015	8.818458	-0.020522	4.545145
92.949020	7782.194326	8.823463	-0.020526	4.545137
93.000622	7782.235646	8.828467	-0.020539	4.545152
93.006556	7782.163077	8.833472	-0.020540	4.545131
93.072369	7782.215084	8.838477	-0.020556	4.545149
93.002991	7782.204583	8.843482	-0.020540	4.545143
92.871401	7782.195530	8.848487	-0.020509	4.545134
92.960129	7782.241647	8.853491	-0.020530	4.545152
92.994304	7782.182900	8.858496	-0.020538	4.545136
92.716472	7782.271276	8.863501	-0.020472	4.545149
92.880727	7782.216295	8.868506	-0.020512	4.545141
92.960520	7782.201041	8.873511	-0.020531	4.545140
93.051384	7782.228396	8.878515	-0.020553	4.545152
92.969157	7782.189656	8.883520	-0.020533	4.545137
93.036203	7782.244713	8.888525	-0.020549	4.545156
93.010500	7782.226028	8.893530	-0.020543	4.545150
92.948833	7782.206692	8.898535	-0.020529	4.545141
93.002536	7782.214093	8.903539	-0.020542	4.545146
92.924720	7782.220127	8.908544	-0.020523	4.545144
93.020143	7782.243492	8.913549	-0.020546	4.545155
92.919478	7782.209915	8.918554	-0.020523	4.545141
92.869558	7782.189752	8.923559	-0.020511	4.545133
93.011048	7782.224042	8.928563	-0.020545	4.545150
92.925526	7782.220498	8.933568	-0.020524	4.545145
92.878176	7782.234578	8.938573	-0.020513	4.545146
92.983289	7782.214124	8.943578	-0.020539	4.545146
92.932083	7782.163842	8.948583	-0.020527	4.545129
92.969263	7782.184760	8.953587	-0.020536	4.545136
93.030652	7782.163833	8.958592	-0.020550	4.545133
92.797765	7782.230821	8.963597	-0.020495	4.545142
92.885367	7782.220796	8.968602	-0.020516	4.545143
92.961111	7782.140128	8.973607	-0.020534	4.545123
93.012080	7782.218378	8.978611	-0.020547	4.545148
92.842721	7782.210049	8.983616	-0.020506	4.545138
92.845512	7782.180234	8.988621	-0.020507	4.545130
92.852464	7782.249392	8.993626	-0.020509	4.545150
92.897461	7782.179138	8.998631	-0.020520	4.545132
92.920591	7782.228336	9.003635	-0.020526	4.545147
93.054367	7782.175061	9.008640	-0.020558	4.545138
92.878803	7782.221899	9.013645	-0.020516	4.545143
92.979044	7782.194655	9.018650	-0.020540	4.545140
93.003407	7782.142920	9.023655	-0.020546	4.545126
92.986249	7782.195418	9.028659	-0.020542	4.545141
93.010399	7782.176211	9.033664	-0.020548	4.545136
92.965202	7782.218103	9.038669	-0.020538	4.545146
93.032610	7782.188615	9.043674	-0.020554	4.545141
93.000294	7782.153675	9.048679	-0.020546	4.545130
92.989365	7782.208410	9.053683	-0.020544	4.545145
93.035543	7782.182374	9.058688	-0.020555	4.545140
93.032367	7782.226100	9.063693	-0.020554	4.545152
92.983539	7782.203593	9.068698	-0.020543	4.545143
92.945118	7782.194558	9.073703	-0.020534	4.545139
92.968673	7782.220941	9.078707	-0.020540	4.545148
92.912649	7782.188772	9.083712	-0.020527	4.545136
93.005033	7782.109731	9.088717	-0.020549	4.545117
92.905260	7782.229817	9.093722	-0.020525	4.545147
92.993527	7782.143864	9.098727	-0.020546	4.545127
93.038588	7782.167833	9.103731	-0.020557	4.545136
93.143455	7782.153919	9.108736	-0.020583	4.545137
92.980092	7782.177110	9.113741	-0.020544	4.545136
93.118142	7782.154552	9.118746	-0.020577	4.545136
93.024598	7782.143647	9.123751	-0.020555	4.545128
93.031786	7782.173773	9.128755	-0.020557	4.545137
93.037406	7782.128334	9.133760	-0.020558	4.545125
93.042440	7782.131732	9.138765	-0.020559	4.545126
92.954305	7782.203350	9.143770	-0.020539	4.545142
93.057429	7782.118231	9.148775	-0.020563	4.545123
93.018688	7782.155824	9.153779	-0.020554	4.545132
93.012491	7782.175129	9.158784	-0.020553	4.545137
93.054155	7782.203983	9.163789	-0.020563	4.545147
93.012951	7782.192152	9.168794	-0.020553	4.545142
92.966476	7782.212588	9.173799	-0.020542	4.545146
93.004163	7782.206345	9.178803	-0.020552	4.545146
92.966935	7782.164622	9.183808	-0.020543	4.545132
93.082006	7782.127386	9.188813	-0.020571	4.545127
93.122356	7782.182450	9.193818	-0.020580	4.545145
92.940900	7782.119764	9.198823	-0.020537	4.545118
93.059145	7782.171913	9.203827	-0.020566	4.545139
92.987427	7782.176956	9.208832	-0.020549	4.545137
93.108337	7782.151769	9.213837	-0.020578	4.545135
93.074684	7782.191784	9.218842	-0.020570	4.545145
93.105083	7782.143400	9.223847	-0.020577	4.545133
93.180456	7782.177606	9.228851	-0.020596	4.545146
93.015009	7782.181639	9.233856	-0.020556	4.545140
92.938594	7782.175532	9.238861	-0.020538	4.545134
92.943983	7782.184287	9.243866	-0.020540	4.545137
92.988187	7782.141241	9.248871	-0.020550	4.545127
93.224564	7782.089700	9.253875	-0.020607	4.545123
93.112200	7782.167424	9.258880	-0.020580	4.545140
92.915440	7782.198210	9.263885	-0.020533	4.545140
93.095003	7782.171070	9.268890	-0.020576	4.545141
92.967799	7782.192716	9.273895	-0.020546	4.545141
93.036294	7782.141388	9.278899	-0.020563	4.545129
93.085519	7782.118105	9.283904	-0.020575	4.545125
92.983232	7782.155197	9.288909	-0.020550	4.545131
93.108812	7782.162828	9.293914	-0.020581	4.545139
93.015008	7782.134634	9.298919	-0.020558	4.545126
92.948972	7782.199411	9.303923	-0.020543	4.545142
93.098043	7782.182643	9.308928	-0.020579	4.545144
93.050957	7782.165268	9.313933	-0.020567	4.545137
92.946390	7782.221145	9.318938	-0.020543	4.545148
93.094471	7782.173126	9.323943	-0.020578	4.545141
92.991890	7782.202684	9.328947	-0.020554	4.545145
93.014666	7782.138208	9.333952	-0.020559	4.545128
93.057003	7782.169120	9.338957	-0.020570	4.545139
93.032799	7782.217347	9.343962	-0.020564	4.545151
93.060626	7782.178046	9.348967	-0.020571	4.545141
93.052823	7782.181365	9.353971	-0.020569	4.545142
93.132000	7782.179209	9.358976	-0.020588	4.545145
93.090303	7782.177205	9.363981	-0.020579	4.545143
93.091314	7782.200754	9.368986	-0.020579	4.545150
92.947919	7782.151377	9.373991	-0.020545	4.545129
93.101181	7782.200001	9.378995	-0.020582	4.545150
93.001518	7782.189007	9.384000	-0.020558	4.545142
93.008524	7782.214831	9.389005	-0.020560	4.545150
93.024665	7782.212090	9.394010	-0.020564	4.545150
93.062629	7782.131064	9.399015	-0.020573	4.545128
93.097408	7782.202199	9.404019	-0.020582	4.545151
93.042761	7782.202301	9.409024	-0.020569	4.545148
93.106505	7782.183157	9.414029	-0.020584	4.545146
93.022853	7782.202055	9.419034	-0.020564	4.545147
92.923864	7782.222363	9.424039	-0.020541	4.545148
93.051494	7782.159255	9.429043	-0.020572	4.545136
92.994436	7782.143502	9.434048	-0.020558	4.545129
92.951820	7782.181725	9.439053	-0.020548	4.545138
93.056515	7782.194918	9.444058	-0.020573	4.545147
93.074239	7782.181088	9.449063	-0.020578	4.545144
93.141157	7782.121351	9.454067	-0.020594	4.545130
93.106427	7782.147461	9.459072	-0.020586	4.545136
93.122753	7782.102447	9.464077	-0.020590	4.545123
93.019150	7782.209075	9.469082	-0.020565	4.545149
93.100064	7782.128649	9.474087	-0.020585	4.545130
93.078400	7782.140720	9.479091	-0.020580	4.545132
93.054215	7782.127205	9.484096	-0.020574	4.545127
93.100515	7782.167221	9.489101	-0.020585	4.545141
93.153507	7782.166072	9.494106	-0.020598	4.545143
93.011663	7782.177099	9.499111	-0.020564	4.545140
93.195247	7782.138474	9.504115	-0.020609	4.545137
93.093214	7782.177691	9.509120	-0.020584	4.545144
93.045216	7782.174545	9.514125	-0.020573	4.545141
93.204012	7782.164862	9.519130	-0.020611	4.545146
93.054751	7782.122937	9.524135	-0.020576	4.545126
93.128939	7782.200663	9.529139	-0.020594	4.545152
93.027199	7782.179175	9.534144	-0.020569	4.545141
93.077750	7782.119933	9.539149	-0.020582	4.545127
93.054215	7782.185382	9.544154	-0.020576	4.545145
93.072398	7782.138984	9.549159	-0.020581	4.545132
93.044350	7782.187836	9.554163	-0.020574	4.545145
92.963910	7782.171551	9.559168	-0.020555	4.545136
93.217587	7782.096618	9.564173	-0.020616	4.545127
93.163383	7782.150806	9.569178	-0.020603	4.545140
93.118474	7782.115747	9.574183	-0.020593	4.545128
93.090568	7782.169993	9.579187	-0.020586	4.545142
93.069934	7782.147235	9.584192	-0.020581	4.545135
93.009915	7782.177456	9.589197	-0.020567	4.545141
93.139417	7782.197447	9.594202	-0.020598	4.545152
93.047694	7782.163499	9.599207	-0.020576	4.545138
93.043691	7782.108793	9.604211	-0.020576	4.545122
93.192291	7782.132178	9.609216	-0.020611	4.545136
92.892215	7782.135351	9.614221	-0.020540	4.545123
92.900601	7782.151202	9.619226	-0.020542	4.545128
92.947365	7782.104490	9.624231	-0.020553	4.545117
93.104908	7782.194660	9.629235	-0.020591	4.545150
92.976630	7782.090834	9.634240	-0.020561	4.545114
92.995646	7782.122287	9.639245	-0.020565	4.545124
93.081299	7782.185151	9.644250	-0.020586	4.545146
93.251876	7782.097732	9.649255	-0.020627	4.545129
93.018115	7782.187608	9.654259	-0.020571	4.545144
93.075651	7782.128313	9.659264	-0.020585	4.545130
93.089551	7782.150850	9.664269	-0.020589	4.545137
93.064479	7782.169973	9.669274	-0.020583	4.545141
93.012058	7782.126387	9.674279	-0.020571	4.545126
93.011436	7782.189195	9.679283	-0.020571	4.545145
93.056704	7782.166555	9.684288	-0.020582	4.545140
93.090581	7782.115439	9.689293	-0.020590	4.545127
93.127991	7782.152568	9.694298	-0.020599	4.545140
93.070170	7782.093612	9.699303	-0.020585	4.545120
93.039025	7782.166798	9.704307	-0.020578	4.545140
93.100942	7782.154450	9.709312	-0.020593	4.545139
93.094766	7782.103346	9.714317	-0.020592	4.545124
92.944845	7782.189341	9.719322	-0.020556	4.545142
93.092588	7782.109966	9.724327	-0.020591	4.545126
93.136759	7782.178490	9.729331	-0.020602	4.545148
93.070414	7782.152332	9.734336	-0.020587	4.545137
93.118376	7782.157416	9.739341	-0.020598	4.545141
93.190968	7782.148749	9.744346	-0.020616	4.545142
93.105410	7782.097551	9.749351	-0.020595	4.545123
93.169688	7782.133562	9.754355	-0.020611	4.545136
93.183113	7782.143178	9.759360	-0.020614	4.545140
92.957982	7782.152580	9.764365	-0.020561	4.545132
93.095011	7782.200594	9.769370	-0.020594	4.545152
93.035676	7782.125636	9.774375	-0.020580	4.545128
93.197557	7782.167443	9.779379	-0.020618	4.545148
93.004701	7782.170516	9.784384	-0.020573	4.545140
93.195458	7782.113394	9.789389	-0.020618	4.545132
93.204528	7782.157296	9.794394	-0.020621	4.545145
93.074022	7782.105823	9.799399	-0.020590	4.545124
92.961737	7782.158621	9.804403	-0.020563	4.545134
93.026386	7782.149078	9.809408	-0.020579	4.545135
93.075779	7782.178843	9.814413	-0.020591	4.545146
93.083371	7782.186158	9.819418	-0.020593	4.545148
93.201485	7782.133263	9.824423	-0.020621	4.545138
93.090297	7782.199964	9.829427	-0.020595	4.545152
92.951789	7782.173621	9.834432	-0.020562	4.545138
93.032847	7782.191740	9.839437	-0.020581	4.545147
93.011766	7782.231878	9.844442	-0.020576	4.545158
93.031124	7782.175539	9.849447	-0.020581	4.545143
93.098313	7782.164501	9.854451	-0.020597	4.545143
93.045042	7782.164379	9.859456	-0.020585	4.545140
92.975460	7782.153911	9.864461	-0.020568	4.545134
93.242841	7782.149322	9.869466	-0.020632	4.545145
93.176872	7782.127435	9.874471	-0.020617	4.545136
93.263248	7782.128442	9.879475	-0.020638	4.545140
93.089999	7782.170570	9.884480	-0.020596	4.545144
93.127596	7782.160009	9.889485	-0.020606	4.545143
93.039586	7782.190447	9.894490	-0.020585	4.545148
93.049810	7782.125846	9.899495	-0.020587	4.545130
93.096996	7782.136472	9.904499	-0.020599	4.545135
93.033076	7782.183574	9.909504	-0.020584	4.545146
93.102449	7782.132104	9.914509	-0.020600	4.545134
93.101182	7782.166854	9.919514	-0.020600	4.545144
92.922089	7782.213182	9.924519	-0.020558	4.545149
93.101922	7782.202246	9.929523	-0.020601	4.545154
93.088101	7782.177297	9.934528	-0.020598	4.545146
93.077937	7782.130091	9.939533	-0.020595	4.545132
93.051541	7782.176509	9.944538	-0.020589	4.545145
93.007157	7782.196605	9.949543	-0.020579	4.545148
93.149760	7782.155977	9.954547	-0.020613	4.545143
93.091438	7782.202169	9.959552	-0.020599	4.545154
93.160410	7782.159428	9.964557	-0.020616	4.545145
93.062087	7782.172046	9.969562	-0.020593	4.545144
93.019156	7782.171327	9.974567	-0.020582	4.545142
93.054876	7782.196815	9.979571	-0.020591	4.545151
93.039744	7782.189410	9.984576	-0.020588	4.545148
93.050194	7782.155100	9.989581	-0.020590	4.545139
93.042530	7782.202806	9.994586	-0.020589	4.545152
93.150622	7782.146124	9.999591	-0.020615	4.545141
93.184614	7782.118819	10.004595	-0.020623	4.545135
93.205294	7782.142420	10.009600	-0.020628	4.545142
93.125042	7782.146684	10.014605	-0.020609	4.545140
93.241992	7782.167633	10.019610	-0.020637	4.545151
92.939540	7782.171191	10.024615	-0.020565	4.545138
93.071893	7782.171222	10.029619	-0.020597	4.545145
92.997732	7782.196160	10.034624	-0.020579	4.545148
93.083422	7782.135537	10.039629	-0.020600	4.545135
93.128532	7782.200660	10.044634	-0.020611	4.545156
93.116273	7782.167875	10.049639	-0.020608	4.545146
93.128868	7782.154879	10.054643	-0.020611	4.545143
93.078877	7782.201884	10.059648	-0.020600	4.545154
93.046684	7782.165840	10.064653	-0.020592	4.545142
93.235776	7782.154482	10.069658	-0.020638	4.545148
93.214458	7782.135085	10.074663	-0.020633	4.545141
93.201125	7782.182629	10.079667	-0.020630	4.545154
93.235881	7782.159532	10.084672	-0.020638	4.545149
93.219013	7782.159991	10.089677	-0.020634	4.545149
93.161279	7782.153013	10.094682	-0.020621	4.545144
93.094989	7782.146342	10.099687	-0.020605	4.545139
93.123002	7782.134090	10.104691	-0.020612	4.545137
93.168320	7782.184014	10.109696	-0.020623	4.545153
93.094295	7782.163436	10.114701	-0.020605	4.545144
93.135918	7782.158720	10.119706	-0.020615	4.545145
93.073254	7782.166624	10.124711	-0.020601	4.545144
93.170247	7782.157239	10.129715	-0.020624	4.545146
93.088685	7782.176881	10.134720	-0.020605	4.545148
93.010157	7782.177615	10.139725	-0.020586	4.545144
93.019260	7782.213930	10.144730	-0.020588	4.545155
93.101092	7782.164766	10.149735	-0.020608	4.545145
93.073440	7782.119320	10.154739	-0.020602	4.545131
93.216255	7782.153395	10.159744	-0.020636	4.545147
92.953551	7782.120163	10.164749	-0.020573	4.545125
93.054774	7782.184828	10.169754	-0.020598	4.545149
93.165882	7782.134155	10.174759	-0.020624	4.545139
93.150413	7782.094310	10.179763	-0.020621	4.545127
93.083176	7782.154949	10.184768	-0.020605	4.545141
93.002129	7782.156093	10.189773	-0.020586	4.545138
93.138904	7782.203065	10.194778	-0.020619	4.545158
93.109115	7782.175297	10.199783	-0.020612	4.545149
93.094015	7782.127809	10.204787	-0.020608	4.545134
93.160718	7782.171008	10.209792	-0.020624	4.545150
93.102067	7782.162012	10.214797	-0.020611	4.545145
93.270668	7782.133405	10.219802	-0.020651	4.545144
93.078953	7782.141707	10.224807	-0.020605	4.545138
93.228156	7782.123835	10.229811	-0.020641	4.545140
93.102880	7782.145167	10.234816	-0.020611	4.545140
93.259753	7782.121715	10.239821	-0.020649	4.545141
93.139047	7782.168300	10.244826	-0.020620	4.545148
93.116686	7782.126326	10.249831	-0.020615	4.545135
93.231870	7782.119400	10.254835	-0.020643	4.545139
93.134918	7782.148042	10.259840	-0.020620	4.545142
93.227293	7782.067920	10.264845	-0.020642	4.545124
93.271210	7782.095325	10.269850	-0.020653	4.545134
93.138074	7782.109269	10.274855	-0.020621	4.545131
93.161166	7782.149809	10.279859	-0.020627	4.545144
93.317200	7782.103748	10.284864	-0.020664	4.545138
93.243214	7782.089662	10.289869	-0.020647	4.545131
93.134827	7782.132078	10.294874	-0.020621	4.545138
93.171362	7782.092445	10.299879	-0.020630	4.545128
93.161033	7782.120003	10.304883	-0.020628	4.545136
93.088544	7782.179330	10.309888	-0.020611	4.545150
93.159207	7782.107070	10.314893	-0.020628	4.545132
93.195007	7782.139044	10.319898	-0.020636	4.545143
93.148679	7782.110715	10.324903	-0.020625	4.545133
93.238513	7782.104660	10.329907	-0.020647	4.545135
93.183448	7782.139491	10.334912	-0.020634	4.545143
93.160057	7782.098768	10.339917	-0.020629	4.545130
93.105662	7782.139989	10.344922	-0.020616	4.545139
93.187732	7782.116782	10.349927	-0.020636	4.545136
93.202808	7782.093635	10.354931	-0.020639	4.545131
93.201966	7782.140232	10.359936	-0.020639	4.545144
93.036802	7782.186462	10.364941	-0.020600	4.545150
93.195948	7782.164807	10.369946	-0.020638	4.545151
93.271522	7782.106912	10.374951	-0.020657	4.545138
93.272488	7782.143467	10.379955	-0.020657	4.545148
93.289128	7782.109233	10.384960	-0.020661	4.545139
93.246884	7782.063992	10.389965	-0.020651	4.545124
93.125436	7782.171355	10.394970	-0.020622	4.545150
93.119781	7782.081172	10.399975	-0.020621	4.545123
93.222089	7782.098002	10.404979	-0.020646	4.545133
93.135193	7782.155339	10.409984	-0.020625	4.545146
93.296102	7782.070574	10.414989	-0.020664	4.545129
93.287224	7782.120643	10.419994	-0.020662	4.545143
93.175652	7782.140830	10.424999	-0.020635	4.545143
93.176793	7782.140529	10.430003	-0.020636	4.545143
93.077833	7782.166248	10.435008	-0.020612	4.545146
93.234820	7782.102701	10.440013	-0.020650	4.545135
93.184261	7782.175793	10.445018	-0.020638	4.545154
93.304147	7782.093364	10.450023	-0.020667	4.545136
93.242104	7782.140162	10.455027	-0.020652	4.545146
93.200939	7782.168400	10.460032	-0.020643	4.545153
93.111968	7782.139421	10.465037	-0.020621	4.545140
93.296204	7782.133184	10.470042	-0.020666	4.545147
93.167880	7782.151762	10.475047	-0.020635	4.545146
93.241828	7782.109296	10.480051	-0.020653	4.545138
93.198718	7782.129186	10.485056	-0.020643	4.545141
93.209770	7782.127273	10.490061	-0.020646	4.545141
93.222614	7782.201974	10.495066	-0.020649	4.545164
93.115641	7782.187835	10.500071	-0.020624	4.545155
93.098435	7782.194848	10.505075	-0.020620	4.545156
93.282764	7782.152852	10.510080	-0.020664	4.545152
93.221108	7782.095602	10.515085	-0.020649	4.545133
93.260423	7782.137837	10.520090	-0.020659	4.545147
93.230237	7782.143711	10.525095	-0.020652	4.545147
93.180621	7782.096419	10.530099	-0.020640	4.545131
93.072639	7782.148518	10.535104	-0.020614	4.545141
93.261645	7782.116593	10.540109	-0.020660	4.545141
93.271799	7782.150571	10.545114	-0.020662	4.545151
93.111888	7782.159119	10.550119	-0.020624	4.545146
93.173627	7782.126220	10.555123	-0.020639	4.545140
93.132862	7782.150061	10.560128	-0.020630	4.545145
93.110189	7782.124385	10.565133	-0.020624	4.545136
93.238697	7782.128291	10.570138	-0.020655	4.545144
93.119323	7782.156245	10.575143	-0.020627	4.545146
93.188476	7782.086396	10.580147	-0.020644	4.545129
93.219006	7782.145224	10.585152	-0.020651	4.545148
93.246212	7782.135269	10.590157	-0.020658	4.545146
93.212200	7782.149347	10.595162	-0.020650	4.545149
93.096859	7782.121404	10.600167	-0.020622	4.545135
93.244917	7782.116717	10.605171	-0.020658	4.545141
93.389907	7782.106029	10.610176	-0.020693	4.545145
93.242342	7782.086574	10.615181	-0.020658	4.545132
93.234101	7782.154954	10.620186	-0.020656	4.545151
93.194979	7782.139534	10.625191	-0.020647	4.545145
93.121262	7782.077746	10.630195	-0.020629	4.545124
93.137494	7782.108568	10.635200	-0.020633	4.545134
93.303967	7782.105220	10.640205	-0.020673	4.545141
93.280489	7782.150081	10.645210	-0.020668	4.545152
93.195118	7782.151927	10.650215	-0.020648	4.545149
93.132250	7782.125203	10.655219	-0.020633	4.545138
93.291473	7782.155528	10.660224	-0.020671	4.545155
93.207551	7782.188551	10.665229	-0.020651	4.545160
93.216533	7782.119818	10.670234	-0.020653	4.545141
93.281526	7782.119968	10.675239	-0.020669	4.545144
93.252602	7782.132136	10.680243	-0.020662	4.545146
93.196259	7782.143345	10.685248	-0.020649	4.545147
93.081068	7782.163037	10.690253	-0.020622	4.545147
93.239026	7782.125329	10.695258	-0.020660	4.545144
93.164792	7782.122115	10.700263	-0.020642	4.545139
93.162463	7782.128877	10.705267	-0.020642	4.545141
93.266307	7782.159539	10.710272	-0.020667	4.545155
93.291445	7782.076265	10.715277	-0.020673	4.545132
93.144200	7782.146661	10.720282	-0.020638	4.545146
93.221206	7782.106947	10.725287	-0.020656	4.545138
93.206968	7782.111312	10.730291	-0.020653	4.545138
93.261490	7782.139160	10.735296	-0.020666	4.545149
93.331390	7782.129847	10.740301	-0.020683	4.545150
93.264044	7782.177506	10.745306	-0.020667	4.545160
93.073140	7782.168346	10.750311	-0.020622	4.545149
93.113029	7782.129250	10.755315	-0.020632	4.545139
93.282503	7780.350194	10.760320	-0.020672	4.544634
93.221982	7775.320216	10.765325	-0.020658	4.543181
93.223982	7770.313071	10.770330	-0.020658	4.541738
93.215149	7764.977108	10.775335	-0.020656	4.540198
93.199226	7759.792299	10.780339	-0.020652	4.538701
93.140494	7754.748110	10.785344	-0.020637	4.537242
93.091242	7749.816432	10.790349	-0.020625	4.535815
93.110417	7745.035057	10.795354	-0.020630	4.534435
92.962433	7739.987580	10.800359	-0.020594	4.532970
93.000088	7734.889771	10.805363	-0.020603	4.531498
92.938523	7729.807715	10.810368	-0.020588	4.530026
92.937326	7724.750880	10.815373	-0.020588	4.528563
92.862300	7719.670043	10.820378	-0.020569	4.527089
92.722602	7714.874379	10.825383	-0.020536	4.525695
92.801828	7710.019425	10.830387	-0.020555	4.524293
92.748396	7704.950663	10.835392	-0.020542	4.522823
92.818863	7699.824363	10.840397	-0.020558	4.521341
92.799975	7694.354697	10.845402	-0.020554	4.519755
92.864100	7689.260883	10.850407	-0.020569	4.518281
92.780241	7684.123187	10.855411	-0.020548	4.516787
92.571675	7679.425344	10.860416	-0.020498	4.515415
92.596478	7674.439738	10.865421	-0.020504	4.513969
92.507393	7669.388549	10.870426	-0.020483	4.512499
92.319830	7664.358580	10.875431	-0.020438	4.511029
92.415351	7659.264014	10.880435	-0.020460	4.509554
92.324083	7654.213907	10.885440	-0.020438	4.508082
92.375319	7649.119251	10.890445	-0.020450	4.506604
92.422008	7644.430687	10.895450	-0.020461	4.505243
92.253381	7639.431603	10.900455	-0.020421	4.503781
92.135276	7634.379647	10.905459	-0.020392	4.502306
92.268786	7629.095459	10.910464	-0.020424	4.500774
92.429743	7623.787001	10.915469	-0.020462	4.499237
92.238437	7618.827438	10.920474	-0.020416	4.497783
92.186541	7613.839819	10.925479	-0.020404	4.496328
92.156598	7609.022618	10.930483	-0.020396	4.494922
92.202299	7604.024012	10.935488	-0.020407	4.493468
92.174961	7598.987858	10.940493	-0.020400	4.491998
92.237456	7593.854835	10.945498	-0.020415	4.490504
92.163205	7588.774253	10.950503	-0.020397	4.489018
91.934643	7583.770476	10.955507	-0.020342	4.487546
92.080205	7578.897985	10.960512	-0.020377	4.486130
92.020557	7574.051872	10.965517	-0.020363	4.484712
92.074316	7568.976686	10.970522	-0.020375	4.483232
91.919306	7563.931911	10.975527	-0.020338	4.481750
91.714214	7558.632517	10.980531	-0.020289	4.480190
91.866969	7553.473184	10.985536	-0.020325	4.478689
91.708968	7548.371197	10.990541	-0.020287	4.477189
91.907145	7543.601159	10.995546	-0.020334	4.475802
91.702165	7538.640541	11.000551	-0.020285	4.474340
91.807291	7533.515079	11.005555	-0.020310	4.472844
91.549777	7528.520911	11.010560	-0.020248	4.471369
91.582185	7523.440986	11.015565	-0.020256	4.469882
91.561243	7518.362207	11.020570	-0.020251	4.468392
91.558778	7513.284120	11.025575	-0.020250	4.466902
91.608837	7508.577633	11.030579	-0.020262	4.465524
91.625704	7503.535681	11.035584	-0.020265	4.464046
91.477027	7498.454442	11.040589	-0.020230	4.462547
91.403014	7493.262314	11.045594	-0.020212	4.461019
91.559176	7487.962616	11.050599	-0.020249	4.459470
91.509595	7482.902712	11.055603	-0.020237	4.457981
91.370766	7478.031794	11.060608	-0.020204	4.456542
91.408219	7473.167408	11.065613	-0.020212	4.455114
91.295406	7468.111634	11.070618	-0.020185	4.453621
91.270301	7463.043643	11.075623	-0.020179	4.452129
91.216405	7457.956836	11.080627	-0.020166	4.450629
91.277344	7452.944317	11.085632	-0.020180	4.449156
91.219179	7447.847881	11.090637	-0.020166	4.447653
91.096691	7443.058777	11.095642	-0.020137	4.446235
91.138464	7438.137099	11.100647	-0.020146	4.444787
91.008576	7433.102523	11.105651	-0.020115	4.443296
91.150121	7427.919243	11.110656	-0.020149	4.441775
91.054401	7422.379649	11.115661	-0.020126	4.440136
91.152152	7417.330237	11.120666	-0.020149	4.438651
90.998687	7412.301495	11.125671	-0.020112	4.437159
90.945834	7407.579518	11.130675	-0.020099	4.435761
90.888131	7402.608390	11.135680	-0.020085	4.434290
90.848375	7397.497449	11.140685	-0.020076	4.432778
90.892796	7392.415939	11.145690	-0.020086	4.431278
90.791629	7387.322286	11.150695	-0.020062	4.429767
90.759010	7382.282895	11.155699	-0.020054	4.428274
90.622319	7377.388795	11.160704	-0.020021	4.426819
90.821202	7372.543559	11.165709	-0.020068	4.425395
90.735490	7367.464615	11.170714	-0.020047	4.423887
90.693372	7362.446245	11.175719	-0.020037	4.422398
90.624556	7357.060240	11.180723	-0.020020	4.420799
90.718978	7351.956340	11.185728	-0.020043	4.419291
90.523840	7346.922501	11.190733	-0.019996	4.417788
90.556101	7342.061263	11.195738	-0.020004	4.416348
90.443016	7337.169101	11.200743	-0.019976	4.414891
90.473541	7332.078928	11.205747	-0.019983	4.413382
90.501526	7327.091858	11.210752	-0.019990	4.411902
90.299405	7321.984850	11.215757	-0.019941	4.410375
90.524497	7316.892093	11.220762	-0.019995	4.408874
90.275387	7311.824206	11.225767	-0.019935	4.407355
90.287424	7307.177468	11.230771	-0.019938	4.405974
90.394554	7302.101967	11.235776	-0.019963	4.404470
90.343754	7297.028615	11.240781	-0.019951	4.402958
90.218190	7291.684879	11.245786	-0.019921	4.401361
90.215273	7286.412770	11.250791	-0.019920	4.399791
90.169617	7281.289459	11.255795	-0.019909	4.398263
90.323117	7276.398984	11.260800	-0.019945	4.396814
90.163870	7271.542157	11.265805	-0.019907	4.395358
90.124552	7266.502497	11.270810	-0.019897	4.393854
90.097656	7261.451916	11.275815	-0.019891	4.392346
89.953881	7256.413265	11.280819	-0.019856	4.390836
89.971087	7251.297726	11.285824	-0.019860	4.389310
90.071334	7246.187040	11.290829	-0.019884	4.387789
89.956425	7241.491428	11.295834	-0.019856	4.386381
90.007915	7236.501425	11.300839	-0.019868	4.384893
89.842931	7231.460615	11.305843	-0.019829	4.383378
89.854712	7226.240916	11.310848	-0.019831	4.381818
89.891355	7220.946635	11.315853	-0.019840	4.380237
89.765060	7215.900244	11.320858	-0.019810	4.378721
89.762781	7210.913894	11.325863	-0.019809	4.377228
89.811261	7206.137091	11.330867	-0.019820	4.375801
89.747506	7201.077457	11.335872	-0.019805	4.374282
89.660929	7196.027838	11.340877	-0.019784	4.372765
89.682103	7190.939941	11.345882	-0.019789	4.371242
89.537326	7185.908434	11.350887	-0.019754	4.369725
89.620452	7180.831748	11.355891	-0.019774	4.368208
89.617400	7176.010495	11.360896	-0.019773	4.366761
89.537718	7171.087010	11.365901	-0.019753	4.365279
89.329039	7166.086423	11.370906	-0.019703	4.363767
89.384628	7160.895785	11.375911	-0.019716	4.362211
89.358559	7155.401592	11.380915	-0.019710	4.360560
89.362607	7150.399536	11.385920	-0.019711	4.359057
89.371421	7145.316319	11.390925	-0.019713	4.357529
89.358252	7140.601092	11.395930	-0.019709	4.356110
89.204811	7135.557765	11.400935	-0.019672	4.354585
89.237074	7130.485930	11.405939	-0.019680	4.353061
89.209804	7125.428662	11.410944	-0.019673	4.351537
89.094561	7120.386965	11.415949	-0.019646	4.350012
89.071703	7115.302423	11.420954	-0.019640	4.348479
89.131770	7110.445017	11.425959	-0.019654	4.347019
89.112923	7105.554817	11.430963	-0.019649	4.345544
89.086037	7100.506258	11.435968	-0.019643	4.344020
89.023877	7095.403778	11.440973	-0.019628	4.342477
89.048388	7090.031943	11.445978	-0.019633	4.340858
88.925334	7084.990779	11.450983	-0.019604	4.339329
89.038605	7079.871347	11.455987	-0.019631	4.337789
88.986211	7075.216715	11.460992	-0.019618	4.336380
88.887704	7070.162943	11.465997	-0.019594	4.334848
88.883160	7065.115592	11.471002	-0.019593	4.333322
88.902264	7060.025461	11.476007	-0.019597	4.331783
88.685066	7055.006986	11.481011	-0.019545	4.330253
88.784200	7049.933746	11.486016	-0.019569	4.328724
88.605096	7045.020238	11.491021	-0.019526	4.327226
88.728702	7040.190339	11.496026	-0.019555	4.325770
88.550512	7035.152325	11.501031	-0.019512	4.324234
88.698792	7030.023536	11.506035	-0.019547	4.322688
88.632625	7024.543459	11.511040	-0.019531	4.321023
88.684711	7019.436013	11.516045	-0.019544	4.319477
88.660414	7014.391698	11.521050	-0.019538	4.317946
88.363018	7009.710886	11.526055	-0.019466	4.316509
88.412264	7004.688474	11.531059	-0.019478	4.314987
88.479872	6999.574000	11.536064	-0.019494	4.313437
88.518344	6994.470801	11.541069	-0.019503	4.311889
88.388195	6989.425072	11.546074	-0.019472	4.310348
88.315605	6984.346986	11.551079	-0.019454	4.308801
88.173130	6979.496067	11.556083	-0.019420	4.307317
88.168152	6974.670780	11.561088	-0.019418	4.305849
88.298907	6969.492885	11.566093	-0.019450	4.304280
88.262407	6964.442017	11.571098	-0.019441	4.302741
88.108426	6959.060056	11.576103	-0.019404	4.301093
88.234428	6953.989088	11.581107	-0.019434	4.299555
87.994305	6949.011154	11.586112	-0.019376	4.298024
87.996608	6944.252293	11.591117	-0.019376	4.296574
88.073291	6939.208009	11.596122	-0.019394	4.295039
88.049160	6934.017429	11.601127	-0.019388	4.293454
88.016649	6928.854872	11.606131	-0.019380	4.291877
88.076232	6923.842741	11.611136	-0.019395	4.290350
87.986227	6918.763075	11.616141	-0.019373	4.288793
87.854449	6913.978063	11.621146	-0.019341	4.287324
87.816955	6909.077117	11.626151	-0.019332	4.285824
87.691986	6903.994096	11.631155	-0.019302	4.284262
87.812398	6898.797870	11.636160	-0.019330	4.282680
87.690770	6893.419125	11.641165	-0.019301	4.281027
87.612414	6888.327076	11.646170	-0.019282	4.279464
87.585249	6883.358849	11.651175	-0.019276	4.277941
87.595232	6878.592310	11.656179	-0.019278	4.276481
87.569376	6873.513230	11.661184	-0.019271	4.274923
87.468780	6868.456102	11.666189	-0.019247	4.273367
87.503333	6863.397939	11.671194	-0.019255	4.271818
87.537557	6858.349800	11.676199	-0.019263	4.270272
87.582233	6853.266935	11.681203	-0.019274	4.268714
87.567294	6848.469588	11.686208	-0.019270	4.267241
87.563228	6843.489923	11.691213	-0.019269	4.265711
87.536469	6838.427912	11.696218	-0.019262	4.264155
87.365755	6833.250603	11.701223	-0.019221	4.262554
87.270509	6828.000181	11.706227	-0.019198	4.260934
87.364379	6822.935389	11.711232	-0.019220	4.259382
87.279204	6818.003548	11.716237	-0.019200	4.257859
87.269049	6813.200320	11.721242	-0.019197	4.256381
87.190654	6808.136898	11.726247	-0.019178	4.254817
87.228844	6803.054360	11.731251	-0.019187	4.253254
87.200004	6797.994449	11.736256	-0.019180	4.251693
87.092447	6792.925974	11.741261	-0.019154	4.250125
87.061649	6787.900557	11.746266	-0.019147	4.248573
87.015610	6783.171314	11.751271	-0.019136	4.247112
86.938622	6778.173410	11.756275	-0.019117	4.245565
87.103142	6773.091101	11.761280	-0.019156	4.244006
87.125121	6767.661623	11.766285	-0.019161	4.242331
86.954130	6762.490197	11.771290	-0.019120	4.240723
86.977549	6757.360603	11.776295	-0.019125	4.239140
86.823835	6752.518024	11.781299	-0.019088	4.237634
86.817187	6747.616926	11.786304	-0.019087	4.236117
86.798430	6742.560471	11.791309	-0.019082	4.234552
86.843784	6737.493673	11.796314	-0.019093	4.232987
86.787948	6732.385524	11.801319	-0.019079	4.231402
86.749607	6727.315274	11.806323	-0.019070	4.229829
86.639250	6722.369484	11.811328	-0.019043	4.228291
86.665721	6717.535336	11.816333	-0.019049	4.226794
86.584165	6712.504084	11.821338	-0.019030	4.225229
86.556550	6707.475467	11.826343	-0.019023	4.223668
86.393088	6702.051226	11.831347	-0.018984	4.221975
86.545037	6696.995115	11.836352	-0.019020	4.220415
86.562776	6691.934400	11.841357	-0.019024	4.218844
86.411168	6687.176367	11.846362	-0.018987	4.217357
86.427083	6682.180955	11.851367	-0.018991	4.215806
86.409040	6677.123615	11.856371	-0.018986	4.214233
86.230686	6672.091982	11.861376	-0.018944	4.212658
86.317090	6666.964166	11.866381	-0.018964	4.211067
86.371809	6661.918581	11.871386	-0.018977	4.209501
86.276062	6657.081324	11.876391	-0.018954	4.207989
86.185997	6652.203648	11.881395	-0.018932	4.206464
86.096651	6647.168330	11.886400	-0.018911	4.204890
86.119877	6641.968967	11.891405	-0.018916	4.203271
86.061979	6636.560032	11.896410	-0.018902	4.201581
86.069211	6631.482932	11.901415	-0.018903	4.199998
85.981596	6626.524137	11.906419	-0.018882	4.198446
86.127373	6621.748987	11.911424	-0.018917	4.196964
85.933081	6616.683534	11.916429	-0.018870	4.195370
85.984798	6611.649289	11.921434	-0.018882	4.193801
86.039699	6606.506418	11.926439	-0.018895	4.192197
85.920466	6601.440260	11.931443	-0.018867	4.190606
85.797313	6596.423739	11.936448	-0.018837	4.189030
85.756649	6591.689425	11.941453	-0.018827	4.187546
85.779911	6586.676064	11.946458	-0.018833	4.185979
85.765688	6581.598098	11.951463	-0.018829	4.184388
85.672961	6576.315129	11.956467	-0.018807	4.182728
85.702335	6571.184806	11.961472	-0.018813	4.181122
85.616214	6566.107867	11.966477	-0.018793	4.179526
85.597842	6561.268525	11.971482	-0.018788	4.178007
85.707700	6556.341201	11.976487	-0.018814	4.176468
85.537264	6551.289444	11.981491	-0.018773	4.174873
85.610339	6546.237750	11.986496	-0.018790	4.173291
85.582827	6541.102288	11.991501	-0.018784	4.171677
85.502238	6536.076597	11.996506	-0.018764	4.170093
85.525380	6531.156645	12.001511	-0.018770	4.168548
85.416831	6526.337826	12.006515	-0.018743	4.167027
85.566352	6521.285516	12.011520	-0.018779	4.165447
85.483966	6516.128863	12.016525	-0.018759	4.163819
85.279133	6510.682988	12.021530	-0.018710	4.162093
85.172131	6505.630573	12.026535	-0.018684	4.160495
85.164453	6500.593269	12.031539	-0.018682	4.158908
85.267124	6495.831318	12.036544	-0.018706	4.157414
85.173813	6490.795814	12.041549	-0.018684	4.155821
85.137265	6485.732263	12.046554	-0.018675	4.154221
85.099121	6480.637350	12.051559	-0.018666	4.152612
85.073266	6475.586501	12.056563	-0.018659	4.151016
85.202806	6470.499948	12.061568	-0.018690	4.149418
85.054049	6465.719429	12.066573	-0.018654	4.147899
85.018496	6460.739482	12.071578	-0.018646	4.146323
84.937399	6455.705289	12.076583	-0.018626	4.144727
84.761854	6450.469692	12.081587	-0.018584	4.143061
84.880408	6445.295316	12.086592	-0.018612	4.141431
84.884581	6440.180171	12.091597	-0.018613	4.139813
84.873959	6435.338147	12.096602	-0.018610	4.138279
84.795602	6430.418743	12.101607	-0.018591	4.136716
84.676818	6425.351634	12.106611	-0.018563	4.135104
84.692849	6420.341437	12.111616	-0.018566	4.133517
84.638936	6415.244714	12.116621	-0.018553	4.131897
84.607539	6410.142564	12.121626	-0.018545	4.130277
84.595307	6405.294360	12.126631	-0.018542	4.128738
84.564050	6400.423249	12.131635	-0.018535	4.127190
84.514600	6395.386578	12.136640	-0.018523	4.125587
84.395101	6390.256823	12.141645	-0.018494	4.123950
84.320496	6384.829451	12.146650	-0.018476	4.122220
84.427207	6379.720521	12.151655	-0.018501	4.120603
84.343762	6374.764515	12.156659	-0.018481	4.119021
84.271510	6370.023035	12.161664	-0.018464	4.117508
84.257492	6364.908806	12.166669	-0.018460	4.115879
84.296890	6359.846656	12.171674	-0.018469	4.114270
84.448192	6354.737535	12.176679	-0.018505	4.112652
84.211136	6349.634002	12.181683	-0.018448	4.111010
84.101977	6344.668409	12.186688	-0.018422	4.109420
84.066484	6339.964963	12.191693	-0.018413	4.107918
84.132882	6334.873889	12.196698	-0.018429	4.106298
84.161044	6329.789573	12.201703	-0.018436	4.104677
84.218440	6324.403206	12.206707	-0.018449	4.102961
83.975788	6319.426518	12.211712	-0.018391	4.101356
83.914139	6314.352791	12.216717	-0.018376	4.099730
84.036630	6309.531915	12.221722	-0.018405	4.098197
83.911155	6304.573599	12.226727	-0.018375	4.096603
83.872850	6299.467906	12.231731	-0.018366	4.094967
83.795475	6294.418013	12.236736	-0.018347	4.093346
83.867709	6289.365176	12.241741	-0.018364	4.091733
83.835597	6284.284793	12.246746	-0.018356	4.090104
83.797743	6279.480353	12.251751	-0.018347	4.088562
83.794017	6274.508198	12.256755	-0.018346	4.086968
83.694332	6269.508812	12.261760	-0.018322	4.085358
83.706324	6264.198791	12.266765	-0.018324	4.083655
83.624192	6258.894570	12.271770	-0.018304	4.081947
83.613522	6253.818160	12.276775	-0.018302	4.080317
83.633142	6248.912527	12.281779	-0.018306	4.078742
83.539862	6244.078422	12.286784	-0.018284	4.077183
83.512495	6239.002625	12.291789	-0.018277	4.075549
83.448398	6233.929575	12.296794	-0.018262	4.073914
83.363970	6228.871470	12.301799	-0.018241	4.072281
83.242990	6223.831622	12.306803	-0.018212	4.070651
83.274231	6218.938167	12.311808	-0.018219	4.069078
83.325176	6214.031901	12.316813	-0.018231	4.067501
83.324325	6208.960858	12.321818	-0.018231	4.065867
83.301571	6203.853737	12.326823	-0.018225	4.064219
83.280670	6198.537316	12.331827	-0.018220	4.062503
83.190638	6193.443407	12.336832	-0.018198	4.060854
83.172361	6188.540920	12.341837	-0.018194	4.059270
83.222326	6183.689166	12.346842	-0.018206	4.057707
83.174243	6178.633299	12.351847	-0.018194	4.056071
83.158080	6173.599967	12.356851	-0.018190	4.054443
83.101887	6168.488071	12.361856	-0.018176	4.052787
83.040403	6163.409294	12.366861	-0.018161	4.051140
83.038315	6158.363773	12.371866	-0.018161	4.049508
82.999031	6153.551698	12.376871	-0.018151	4.047948
82.938267	6148.449972	12.381875	-0.018136	4.046292
82.896485	6143.394614	12.386880	-0.018126	4.044652
82.983470	6137.881264	12.391885	-0.018147	4.042871
82.832403	6132.827768	12.396890	-0.018110	4.041222
82.848921	6127.844676	12.401895	-0.018114	4.039607
82.800946	6123.095309	12.406899	-0.018102	4.038063
82.827330	6118.007324	12.411904	-0.018109	4.036414
82.511628	6112.997157	12.416909	-0.018033	4.034765
82.569790	6107.894270	12.421914	-0.018047	4.033112
82.583487	6102.829580	12.426919	-0.018050	4.031467
82.498105	6097.789460	12.431923	-0.018029	4.029822
82.523874	6093.086279	12.436928	-0.018035	4.028294
82.488751	6088.014772	12.441933	-0.018026	4.026642
82.433746	6082.939909	12.446938	-0.018013	4.024986
82.496632	6077.555998	12.451943	-0.018028	4.023237
82.428362	6072.508336	12.456947	-0.018011	4.021588
82.353033	6067.469986	12.461952	-0.017993	4.019941
82.362666	6062.715636	12.466957	-0.017995	4.018392
82.202655	6057.683710	12.471962	-0.017957	4.016740
82.329553	6052.654209	12.476967	-0.017987	4.015107
82.254929	6047.526385	12.481971	-0.017969	4.013428
82.172090	6042.488470	12.486976	-0.017949	4.011777
82.115136	6037.466344	12.491981	-0.017935	4.010133
82.197526	6032.720785	12.496986	-0.017955	4.008587
82.087884	6027.685084	12.501991	-0.017928	4.006933
82.070812	6022.655934	12.506995	-0.017924	4.005287
82.022919	6017.137445	12.512000	-0.017912	4.003478
81.991285	6012.063274	12.517005	-0.017905	4.001814
82.013248	6007.046663	12.522010	-0.017910	4.000173
82.062771	6002.240643	12.527015	-0.017921	3.998601
81.876238	5997.208130	12.532019	-0.017877	3.996939
81.919411	5992.189359	12.537024	-0.017887	3.995296
81.910184	5987.080926	12.542029	-0.017884	3.993620
81.875153	5981.993397	12.547034	-0.017876	3.991948
81.746234	5976.991517	12.552039	-0.017845	3.990296
81.725145	5972.197040	12.557043	-0.017839	3.988720
81.828947	5967.134911	12.562048	-0.017864	3.987064
81.620911	5962.165465	12.567053	-0.017814	3.985416
81.602154	5956.803156	12.572058	-0.017809	3.983651
81.596917	5951.701241	12.577063	-0.017808	3.981972
81.547056	5946.645069	12.582067	-0.017796	3.980304
81.587377	5941.904615	12.587072	-0.017805	3.978746
81.539102	5936.843700	12.592077	-0.017794	3.977075
81.536090	5931.819833	12.597082	-0.017793	3.975419
81.583309	5926.689884	12.602087	-0.017804	3.973731
81.449633	5921.636498	12.607091	-0.017772	3.972055
81.398531	5916.618811	12.612096	-0.017759	3.970396
81.446332	5911.858277	12.617101	-0.017770	3.968828
81.322597	5906.810065	12.622106	-0.017741	3.967152
81.356140	5901.787203	12.627111	-0.017749	3.965494
81.190796	5896.283803	12.632115	-0.017709	3.963664
81.224000	5891.217296	12.637120	-0.017716	3.961991
81.122604	5886.175044	12.642125	-0.017692	3.960315
81.201185	5881.396419	12.647130	-0.017711	3.958739
81.219012	5876.368695	12.652135	-0.017715	3.957076
81.055115	5871.341423	12.657139	-0.017675	3.955399
81.031902	5866.251385	12.662144	-0.017670	3.953711
81.029571	5861.183535	12.667149	-0.017669	3.952031
81.043198	5856.118186	12.672154	-0.017672	3.950352
81.026668	5851.423622	12.677159	-0.017668	3.948793
81.071908	5846.331188	12.682163	-0.017678	3.947106
80.870983	5841.245824	12.687168	-0.017630	3.945403
80.842610	5835.936822	12.692173	-0.017623	3.943637
80.759321	5830.855184	12.697178	-0.017603	3.941942
80.839877	5825.881321	12.702183	-0.017622	3.940294
80.647779	5821.114566	12.707187	-0.017576	3.938694
80.707863	5816.064778	12.712192	-0.017590	3.937018
80.582742	5811.047653	12.717197	-0.017560	3.935339
80.599950	5805.888634	12.722202	-0.017564	3.933622
80.577696	5800.882753	12.727207	-0.017558	3.931952
80.525535	5795.911679	12.732211	-0.017546	3.930291
80.587199	5791.083790	12.737216	-0.017560	3.928685
80.570740	5786.033374	12.742221	-0.017556	3.926999
80.526228	5780.868700	12.747226	-0.017545	3.925272
80.443651	5775.468733	12.752231	-0.017525	3.923463
80.463002	5770.338829	12.757235	-0.017530	3.921751
80.413692	5765.429620	12.762240	-0.017518	3.920106
80.216612	5760.582535	12.767245	-0.017471	3.918471
80.268238	5755.511891	12.772250	-0.017483	3.916779
80.227416	5750.523182	12.777255	-0.017473	3.915106
80.294880	5745.309859	12.782259	-0.017489	3.913366
80.170700	5740.352021	12.787264	-0.017459	3.911696
80.134399	5735.416350	12.792269	-0.017450	3.910040
80.171004	5730.519986	12.797274	-0.017459	3.908401
80.150576	5725.497550	12.802279	-0.017453	3.906715
80.200450	5720.250797	12.807283	-0.017465	3.904958
80.064925	5715.057043	12.812288	-0.017433	3.903205
80.070841	5709.979800	12.817293	-0.017434	3.901500
79.886387	5705.173950	12.822298	-0.017390	3.899872
80.068156	5700.207515	12.827303	-0.017433	3.898216
79.838879	5695.190028	12.832307	-0.017378	3.896512
79.827181	5690.124443	12.837312	-0.017375	3.894807
79.773010	5685.054610	12.842317	-0.017362	3.893097
79.877475	5679.921689	12.847322	-0.017386	3.891377
79.825836	5675.197709	12.852327	-0.017374	3.889782
79.854913	5670.211605	12.857331	-0.017381	3.888103
79.812530	5665.155366	12.862336	-0.017370	3.886396
79.642659	5659.749940	12.867341	-0.017330	3.884560
79.646178	5654.608728	12.872346	-0.017330	3.882825
79.609730	5649.586771	12.877351	-0.017321	3.881127
79.488650	5644.796349	12.882355	-0.017292	3.879500
79.661200	5639.746589	12.887360	-0.017333	3.877807
79.493520	5634.736040	12.892365	-0.017293	3.876101
79.426120	5629.610596	12.897370	-0.017277	3.874363
79.477431	5624.519420	12.902375	-0.017289	3.872644
79.404273	5619.504054	12.907379	-0.017271	3.870941
79.390381	5614.817036	12.912384	-0.017267	3.869353
79.430848	5609.727441	12.917389	-0.017277	3.867632
79.223863	5604.655189	12.922394	-0.017227	3.865897
79.353368	5599.295470	12.927399	-0.017258	3.864089
79.221364	5594.210462	12.932403	-0.017226	3.862354
79.201016	5589.290674	12.937408	-0.017221	3.860683
79.203235	5584.470983	12.942413	-0.017222	3.859047
79.128118	5579.388381	12.947418	-0.017203	3.857315
79.022322	5574.400312	12.952423	-0.017178	3.855612
78.996127	5569.275631	12.957427	-0.017171	3.853868
79.034819	5564.237972	12.962432	-0.017181	3.852157
78.884497	5559.352779	12.967437	-0.017144	3.850483
78.940310	5554.452345	12.972442	-0.017158	3.848819
78.932559	5549.419688	12.977447	-0.017155	3.847105
78.732729	5544.218610	12.982451	-0.017107	3.845317
78.778399	5538.950681	12.987456	-0.017118	3.843525
78.770724	5533.902080	12.992461	-0.017116	3.841803
78.752377	5529.011807	12.997466	-0.017112	3.840133
78.796308	5524.101537	13.002471	-0.017122	3.838460
78.738353	5518.981255	13.007475	-0.017108	3.836707
78.603990	5513.941615	13.012480	-0.017076	3.834975
78.668654	5508.885366	13.017485	-0.017091	3.833251
78.631624	5503.798443	13.022490	-0.017082	3.831509
78.523076	5499.008113	13.027495	-0.017056	3.829862
78.586058	5493.881437	13.032499	-0.017071	3.828112
78.479045	5488.786069	13.037504	-0.017045	3.826359
78.524706	5483.494842	13.042509	-0.017055	3.824550
78.433246	5478.371646	13.047514	-0.017033	3.822787
78.292340	5473.491327	13.052519	-0.016999	3.821102
78.310894	5468.586480	13.057523	-0.017004	3.819421
78.361734	5463.552844	13.062528	-0.017016	3.817698
78.244906	5458.510093	13.067533	-0.016988	3.815957
78.134473	5453.441897	13.072538	-0.016961	3.814208
78.178021	5448.413131	13.077543	-0.016971	3.812483
78.137703	5443.460898	13.082547	-0.016961	3.810777
78.148193	5438.585639	13.087552	-0.016964	3.809101
78.068601	5433.550547	13.092557	-0.016944	3.807362
78.039732	5428.230749	13.097562	-0.016937	3.805528
78.001417	5423.041604	13.102567	-0.016928	3.803737
77.945328	5417.924142	13.107571	-0.016914	3.801969
78.010957	5413.117401	13.112576	-0.016930	3.800317
78.010473	5408.128616	13.117581	-0.016930	3.798596
77.889676	5403.059897	13.122586	-0.016901	3.796838
77.861624	5398.007813	13.127591	-0.016894	3.795091
77.893690	5392.893833	13.132595	-0.016901	3.793327
77.812276	5387.883829	13.137600	-0.016881	3.791590
77.841633	5383.116427	13.142605	-0.016888	3.789944
77.698237	5378.057337	13.147610	-0.016854	3.788183
77.662771	5373.057301	13.152615	-0.016845	3.786449
77.499397	5367.681161	13.157619	-0.016806	3.784575
77.628889	5362.619565	13.162624	-0.016837	3.782832
77.579162	5357.707334	13.167629	-0.016825	3.781126
77.400559	5352.860005	13.172634	-0.016782	3.779432
77.420616	5347.823856	13.177639	-0.016786	3.777686
77.483015	5342.686826	13.182643	-0.016801	3.775909
77.502345	5337.626749	13.187648	-0.016805	3.774153
77.407525	5332.585196	13.192653	-0.016783	3.772395
77.439985	5327.707368	13.197658	-0.016790	3.770702
77.413578	5322.815546	13.202663	-0.016784	3.769000
77.354918	5317.734101	13.207667	-0.016769	3.767228
77.244751	5312.343961	13.212672	-0.016743	3.765343
77.251745	5307.189709	13.217677	-0.016744	3.763549
77.116546	5302.151142	13.222682	-0.016712	3.761783
77.221586	5297.343832	13.227687	-0.016737	3.760117
77.220483	5292.294385	13.232691	-0.016736	3.758356
77.007802	5287.293187	13.237696	-0.016685	3.756595
76.933027	5282.193870	13.242701	-0.016667	3.754809
77.066113	5277.082310	13.247706	-0.016699	3.753035
76.935629	5272.213334	13.252711	-0.016667	3.751324
77.039197	5267.282949	13.257715	-0.016692	3.749610
76.862105	5262.257806	13.262720	-0.016649	3.747838
76.941483	5257.068054	13.267725	-0.016668	3.746030
76.809596	5251.863474	13.272730	-0.016636	3.744198
76.917003	5246.745366	13.277735	-0.016662	3.742414
76.746894	5241.996652	13.282739	-0.016621	3.740737
76.785198	5236.979345	13.287744	-0.016630	3.738982
76.655639	5231.969334	13.292749	-0.016599	3.737215
76.616480	5226.891014	13.297754	-0.016589	3.735430
76.697424	5221.766899	13.302759	-0.016608	3.733639
76.545927	5216.788791	13.307763	-0.016572	3.731878
76.629563	5212.035857	13.312768	-0.016592	3.730216
76.486352	5207.018733	13.317773	-0.016557	3.728441
76.502552	5201.787782	13.322778	-0.016561	3.726603
76.519194	5196.426217	13.327783	-0.016565	3.724718
76.517376	5191.314622	13.332787	-0.016564	3.722919
76.467390	5186.398393	13.337792	-0.016552	3.721184
76.421112	5181.565122	13.342797	-0.016541	3.719477
76.369630	5176.505050	13.347802	-0.016528	3.717690
76.135666	5171.508475	13.352807	-0.016472	3.715908
76.164244	5166.416107	13.357811	-0.016479	3.714114
76.102435	5161.333094	13.362816	-0.016464	3.712315
76.211576	5156.585710	13.367821	-0.016490	3.710648
76.264813	5151.500956	13.372826	-0.016502	3.708856
76.119370	5146.466764	13.377831	-0.016467	3.707064
75.985787	5141.154281	13.382835	-0.016435	3.705174
75.989045	5136.082521	13.387840	-0.016436	3.703380
76.134394	5131.154582	13.392845	-0.016470	3.701648
76.057445	5126.246514	13.397850	-0.016452	3.699903
75.958594	5121.252540	13.402855	-0.016428	3.698126
75.860911	5116.206143	13.407859	-0.016404	3.696328
75.861579	5111.085513	13.412864	-0.016404	3.694512
75.874104	5106.036747	13.417869	-0.016407	3.692722
75.792599	5101.276229	13.422874	-0.016388	3.691025
75.732073	5096.316162	13.427879	-0.016373	3.689258
75.686876	5091.277600	13.432883	-0.016362	3.687464
75.650928	5085.779322	13.437888	-0.016353	3.685506
75.545398	5080.717988	13.442893	-0.016328	3.683697
75.666541	5075.698820	13.447898	-0.016356	3.681921
75.634488	5070.882885	13.452903	-0.016349	3.680204
75.536973	5065.786724	13.457907	-0.016325	3.678380
75.401945	5060.787788	13.462912	-0.016293	3.676587
75.409529	5055.691194	13.467917	-0.016294	3.674770
75.393442	5050.589578	13.472922	-0.016290	3.672949
75.392807	5045.799902	13.477927	-0.016290	3.671239
75.483006	5040.754138	13.482931	-0.016311	3.669445
75.222835	5035.763025	13.487936	-0.016249	3.667640
75.357520	5030.438369	13.492941	-0.016281	3.665748
75.120707	5025.353531	13.497946	-0.016224	3.663910
75.181437	5020.391931	13.502951	-0.016238	3.662139
75.133592	5015.529043	13.507955	-0.016227	3.660395
75.007624	5010.516201	13.512960	-0.016196	3.658588
74.998130	5005.445165	13.517965	-0.016194	3.656771
74.986039	5000.348541	13.522970	-0.016191	3.654942
74.982612	4995.333337	13.527975	-0.016190	3.653143
74.939787	4990.495207	13.532979	-0.016179	3.651403
74.856039	4985.530906	13.537984	-0.016159	3.649614
74.976564	4980.464019	13.542989	-0.016188	3.647804
74.792286	4975.057017	13.547994	-0.016143	3.645845
74.937398	4969.915679	13.552999	-0.016178	3.644008
74.751615	4964.968476	13.558003	-0.016133	3.642213
74.834746	4960.114034	13.563008	-0.016153	3.640472
74.781691	4955.078552	13.568013	-0.016140	3.638654
74.742435	4950.018057	13.573018	-0.016131	3.636828
74.572115	4945.005264	13.578023	-0.016090	3.635006
74.486001	4939.838205	13.583027	-0.016069	3.633135
74.548393	4934.945395	13.588032	-0.016084	3.631375
74.501140	4930.011992	13.593037	-0.016072	3.629590
74.540037	4924.904884	13.598042	-0.016081	3.627748
74.525453	4919.586886	13.603047	-0.016078	3.625825
74.361469	4914.544876	13.608051	-0.016038	3.623988
74.367560	4909.562211	13.613056	-0.016039	3.622186
74.275245	4904.724623	13.618061	-0.016017	3.620427
74.402440	4899.635922	13.623066	-0.016047	3.618595
74.402992	4894.577570	13.628071	-0.016047	3.616763
74.188693	4889.532065	13.633075	-0.015996	3.614915
74.093583	4884.523396	13.638080	-0.015973	3.613090
74.143230	4879.764610	13.643085	-0.015985	3.611368
74.125924	4874.700921	13.648090	-0.015980	3.609528
74.052057	4869.617348	13.653095	-0.015962	3.607675
74.234111	4864.104605	13.658099	-0.016006	3.605688
74.001810	4859.089550	13.663104	-0.015950	3.603844
74.055744	4854.163405	13.668109	-0.015963	3.602056
73.874949	4849.277460	13.673114	-0.015919	3.600262
73.898987	4844.243427	13.678119	-0.015925	3.598431
73.830223	4839.161551	13.683123	-0.015908	3.596574
73.851687	4834.092195	13.688128	-0.015913	3.594728
73.865038	4829.042799	13.693133	-0.015916	3.592887
73.707250	4824.317947	13.698138	-0.015878	3.591149
73.788718	4819.228888	13.703143	-0.015898	3.589298
73.609743	4814.123486	13.708147	-0.015855	3.587418
73.522189	4808.864596	13.713152	-0.015833	3.585488
73.584019	4803.803648	13.718157	-0.015848	3.583643
73.603841	4798.939750	13.723162	-0.015853	3.581865
73.565163	4793.976494	13.728167	-0.015843	3.580045
73.593119	4788.915215	13.733171	-0.015850	3.578194
73.604191	4783.818056	13.738176	-0.015852	3.576327
73.669166	4778.709592	13.743181	-0.015867	3.574460
73.514560	4773.795903	13.748186	-0.015830	3.572644
73.380742	4768.995378	13.753191	-0.015798	3.570871
73.428361	4763.891268	13.758195	-0.015809	3.569001
73.463932	4758.619430	13.763200	-0.015818	3.567068
73.424566	4753.417959	13.768205	-0.015808	3.565152
73.283056	4748.340975	13.773210	-0.015774	3.563272
73.043191	4743.657186	13.778215	-0.015716	3.561528
73.042396	4738.585028	13.783219	-0.015716	3.559660
73.162712	4733.502028	13.788224	-0.015745	3.557799
73.045192	4728.436610	13.793229	-0.015716	3.555922
73.003393	4723.356231	13.798234	-0.015706	3.554045
72.950198	4718.535156	13.803239	-0.015693	3.552261
73.069099	4713.580500	13.808243	-0.015721	3.550444
73.022043	4708.501661	13.813248	-0.015710	3.548564
73.046123	4703.191836	13.818253	-0.015716	3.546604
72.775334	4698.175106	13.823258	-0.015651	3.544725
72.702042	4693.229947	13.828263	-0.015633	3.542889
72.758706	4688.345699	13.833267	-0.015646	3.541087
72.808816	4683.299463	13.838272	-0.015658	3.539223
72.651818	4678.254557	13.843277	-0.015620	3.537340
72.731267	4673.148330	13.848282	-0.015639	3.535454
72.838915	4668.093397	13.853287	-0.015665	3.533590
72.717463	4663.319588	13.858291	-0.015635	3.531807
72.692740	4658.320094	13.863296	-0.015629	3.529949
72.415301	4653.244388	13.868301	-0.015563	3.528038
72.514233	4647.808265	13.873306	-0.015586	3.526027
72.621879	4642.725572	13.878311	-0.015612	3.524147
72.500415	4637.840556	13.883315	-0.015583	3.522319
72.433149	4632.895260	13.888320	-0.015566	3.520472
72.324388	4627.898315	13.893325	-0.015540	3.518601
72.343441	4622.792880	13.898330	-0.015544	3.516700
72.300643	4617.726434	13.903335	-0.015534	3.514807
72.235612	4612.810475	13.908339	-0.015518	3.512967
72.069273	4607.936436	13.913344	-0.015478	3.511133
72.153601	4602.882505	13.918349	-0.015498	3.509253
71.983650	4597.660430	13.923354	-0.015457	3.507287
72.101594	4592.478427	13.928359	-0.015485	3.505360
72.189504	4587.400137	13.933363	-0.015506	3.503469
72.089431	4582.637301	13.938368	-0.015482	3.501677
71.996330	4577.613472	13.943373	-0.015460	3.499787
71.954902	4572.537885	13.948378	-0.015450	3.497882
71.929114	4567.467015	13.953383	-0.015443	3.495979
72.013722	4562.396390	13.958387	-0.015463	3.494085
71.791665	4557.631117	13.963392	-0.015410	3.492276
71.895336	4552.597663	13.968397	-0.015435	3.490396
71.781488	4547.508967	13.973402	-0.015407	3.488474
71.716901	4542.133483	13.978407	-0.015391	3.486447
71.709248	4537.045695	13.983411	-0.015389	3.484533
71.512068	4532.192191	13.988416	-0.015342	3.482689
71.479878	4527.251183	13.993421	-0.015334	3.480825
71.686491	4522.114738	13.998426	-0.015383	3.478910
71.460797	4517.119025	14.003431	-0.015329	3.477006
71.494485	4512.037196	14.008435	-0.015337	3.475093
71.491861	4507.078919	14.013440	-0.015336	3.473222
71.349833	4502.285573	14.018445	-0.015302	3.471399
71.349947	4497.209608	14.023450	-0.015302	3.469482
71.233849	4491.957493	14.028455	-0.015274	3.467486
71.337959	4486.765415	14.033459	-0.015299	3.465532
71.272246	4481.759937	14.038464	-0.015283	3.463632
71.227415	4476.982010	14.043469	-0.015272	3.461819
71.302122	4471.893900	14.048474	-0.015290	3.459899
71.192281	4466.891248	14.053479	-0.015263	3.457993
71.173428	4461.681651	14.058483	-0.015258	3.456016
71.096660	4456.631120	14.063488	-0.015240	3.454092
71.148047	4451.848772	14.068493	-0.015252	3.452282
70.917337	4446.834338	14.073498	-0.015197	3.450355
70.933851	4441.642992	14.078503	-0.015200	3.448384
70.981469	4436.287521	14.083507	-0.015212	3.446352
71.003626	4431.202477	14.088512	-0.015217	3.444420
71.029538	4426.362832	14.093517	-0.015223	3.442580
70.920519	4421.374679	14.098522	-0.015196	3.440670
70.806021	4416.398096	14.103527	-0.015169	3.438762
70.613919	4411.303993	14.108531	-0.015123	3.436801
70.657251	4406.216252	14.113536	-0.015133	3.434864
70.793744	4401.320333	14.118541	-0.015165	3.433008
70.661576	4396.406851	14.123546	-0.015134	3.431119
70.706942	4391.371884	14.128551	-0.015144	3.429199
70.657682	4386.022545	14.133555	-0.015132	3.427149
70.616229	4380.911823	14.138560	-0.015122	3.425190
70.615165	4376.039997	14.143565	-0.015122	3.423325
70.411871	4371.153775	14.148570	-0.015073	3.421433
70.487658	4366.085355	14.153575	-0.015091	3.419498
70.493471	4361.013971	14.158579	-0.015092	3.417554
70.306457	4355.972591	14.163584	-0.015047	3.415602
70.356976	4351.041149	14.168589	-0.015059	3.413714
70.310704	4346.204520	14.173594	-0.015048	3.411851
70.283442	4341.117198	14.178599	-0.015041	3.409893
70.276183	4335.806135	14.183603	-0.015039	3.407850
70.259298	4330.645907	14.188608	-0.015035	3.405863
70.203137	4325.648698	14.193613	-0.015021	3.403934
69.932571	4320.824177	14.198618	-0.014956	3.402049
70.148640	4315.763049	14.203623	-0.015008	3.400119
70.229207	4310.666523	14.208627	-0.015027	3.398162
70.099791	4305.604798	14.213632	-0.014996	3.396196
69.936659	4300.594300	14.218637	-0.014957	3.394245
69.825012	4295.852284	14.223642	-0.014930	3.392402
69.976006	4290.752463	14.228647	-0.014966	3.390446
69.900930	4285.568238	14.233651	-0.014947	3.388434
69.765053	4280.406758	14.238656	-0.014915	3.386423
69.843046	4275.345831	14.243661	-0.014933	3.384471
69.810364	4270.549028	14.248666	-0.014925	3.382609
69.777864	4265.505241	14.253671	-0.014917	3.380651
69.573615	4260.506941	14.258675	-0.014868	3.378692
69.594371	4255.449718	14.263680	-0.014873	3.376731
69.569894	4250.394205	14.268685	-0.014867	3.374766
69.533315	4245.572886	14.273690	-0.014858	3.372889
69.483766	4240.576172	14.278695	-0.014846	3.370941
69.447786	4235.423217	14.283699	-0.014837	3.368933
69.380139	4230.083463	14.288704	-0.014821	3.366848
69.434385	4225.016890	14.293709	-0.014834	3.364880
69.323321	4220.182549	14.298714	-0.014807	3.362985
69.296516	4215.155514	14.303719	-0.014800	3.361022
69.267167	4210.144082	14.308723	-0.014793	3.359064
69.337773	4205.028185	14.313728	-0.014810	3.357074
69.206301	4199.987553	14.318733	-0.014778	3.355092
69.107968	4195.188128	14.323738	-0.014754	3.353206
69.290880	4190.147002	14.328743	-0.014798	3.351254
69.226034	4185.021392	14.333747	-0.014782	3.349241
69.029186	4179.790428	14.338752	-0.014735	3.347173
69.005135	4174.743404	14.343757	-0.014729	3.345194
68.911184	4169.918159	14.348762	-0.014706	3.343293
69.011859	4164.911468	14.353767	-0.014730	3.341339
68.898881	4159.895576	14.358771	-0.014703	3.339359
68.707414	4154.828401	14.363776	-0.014657	3.337350
68.806187	4149.771474	14.368781	-0.014680	3.335373
68.720185	4144.908477	14.373786	-0.014660	3.333452
68.689874	4139.960827	14.378791	-0.014652	3.331503
68.523820	4134.884139	14.383795	-0.014612	3.329488
68.640968	4129.452306	14.388800	-0.014640	3.327361
68.647994	4124.411345	14.393805	-0.014642	3.325375
68.574213	4119.517942	14.398810	-0.014624	3.323437
68.658031	4114.530910	14.403815	-0.014644	3.321478
68.521128	4109.530122	14.408819	-0.014611	3.319490
68.535134	4104.404468	14.413824	-0.014614	3.317467
68.469010	4099.376312	14.418829	-0.014598	3.315472
68.404548	4094.518851	14.423834	-0.014582	3.313544
68.387432	4089.584816	14.428839	-0.014578	3.311590
68.481959	4084.421908	14.433843	-0.014600	3.309555
68.324195	4079.174636	14.438848	-0.014562	3.307460
68.319631	4074.158236	14.443853	-0.014561	3.305471
68.237439	4069.294235	14.448858	-0.014541	3.303532
68.079195	4064.387817	14.453863	-0.014503	3.301568
68.203901	4059.273379	14.458867	-0.014533	3.299550
68.056951	4054.245148	14.463872	-0.014498	3.297536
68.117550	4049.059558	14.468877	-0.014512	3.295480
68.174904	4044.183914	14.473882	-0.014525	3.293546
68.000345	4039.246698	14.478887	-0.014484	3.291562
67.996564	4034.067822	14.483891	-0.014482	3.289499
67.856920	4028.718949	14.488896	-0.014449	3.287352
67.865947	4023.672438	14.493901	-0.014451	3.285340
67.784825	4018.825578	14.498906	-0.014431	3.283396
67.831106	4013.815173	14.503911	-0.014442	3.281400
67.747774	4008.806855	14.508915	-0.014422	3.279390
67.710946	4003.726146	14.513920	-0.014413	3.277354
67.660012	3998.638294	14.518925	-0.014401	3.275313
67.611376	3993.881980	14.523930	-0.014389	3.273404
67.666874	3988.805662	14.528935	-0.014402	3.271376
67.609570	3983.657982	14.533939	-0.014388	3.269307
67.429567	3978.462812	14.538944	-0.014345	3.267204
67.464146	3973.452946	14.543949	-0.014353	3.265196
67.309653	3968.674974	14.548954	-0.014316	3.263261
67.366811	3963.622451	14.553959	-0.014329	3.261237
67.379343	3958.532874	14.558963	-0.014332	3.259192
67.273708	3953.480944	14.563968	-0.014306	3.257148
67.281923	3948.457815	14.568973	-0.014308	3.255126
67.327635	3943.643205	14.573978	-0.014319	3.253191
67.165637	3938.658242	14.578983	-0.014280	3.251165
67.284819	3933.294521	14.583987	-0.014308	3.249014
67.357295	3928.065794	14.588992	-0.014325	3.246911
67.232799	3923.120031	14.593997	-0.014296	3.244900
66.971564	3918.347401	14.599002	-0.014233	3.242943
67.059705	3913.224581	14.604007	-0.014254	3.240881
67.040230	3908.201542	14.609011	-0.014249	3.238847
67.008623	3903.068512	14.614016	-0.014241	3.236765
66.919626	3898.182121	14.619021	-0.014220	3.234776
66.913074	3893.315252	14.624026	-0.014218	3.232802
66.902527	3888.223155	14.629031	-0.014215	3.230735
66.784119	3882.989386	14.634035	-0.014187	3.228598
66.684460	3877.903178	14.639040	-0.014163	3.226521
66.657371	3873.006658	14.644045	-0.014156	3.224528
66.612498	3868.091844	14.649050	-0.014145	3.222524
66.491592	3863.062424	14.654055	-0.014116	3.220464
66.611553	3857.956408	14.659059	-0.014144	3.218398
66.624244	3852.864756	14.664064	-0.014147	3.216325
66.645199	3848.063497	14.669069	-0.014152	3.214370
66.484787	3843.114923	14.674074	-0.014114	3.212333
66.378745	3838.025764	14.679079	-0.014088	3.210244
66.402224	3832.747035	14.684083	-0.014093	3.208090
66.365928	3827.659677	14.689088	-0.014085	3.206006
66.449204	3822.817395	14.694093	-0.014104	3.204035
66.363150	3817.823832	14.699098	-0.014084	3.201982
66.244654	3812.796521	14.704103	-0.014055	3.199909
66.207670	3807.711730	14.709107	-0.014046	3.197821
66.096925	3802.646343	14.714112	-0.014019	3.195732
66.183857	3797.850448	14.719117	-0.014040	3.193773
66.025385	3792.824178	14.724122	-0.014002	3.191692
65.951841	3787.631751	14.729127	-0.013984	3.189550
65.955726	3782.459131	14.734131	-0.013985	3.187424
65.869410	3777.489541	14.739136	-0.013964	3.185370
65.976813	3772.623211	14.744141	-0.013989	3.183378
65.831476	3767.555485	14.749146	-0.013954	3.181274
65.771142	3762.515120	14.754151	-0.013940	3.179190
65.722511	3757.488536	14.759155	-0.013928	3.177111
65.754741	3752.507633	14.764160	-0.013936	3.175058
65.747799	3747.619127	14.769165	-0.013934	3.173038
65.849453	3742.506467	14.774170	-0.013958	3.170937
65.613942	3737.178451	14.779175	-0.013901	3.168707
65.531927	3732.113509	14.784179	-0.013881	3.166601
65.544317	3727.243368	14.789184	-0.013884	3.164586
65.603950	3722.251284	14.794189	-0.013898	3.162523
65.555262	3717.192519	14.799194	-0.013887	3.160420
65.445599	3712.106337	14.804199	-0.013860	3.158297
65.574166	3707.036990	14.809203	-0.013891	3.156207
65.472805	3702.269351	14.814208	-0.013866	3.154214
65.304628	3697.266249	14.819213	-0.013826	3.152115
65.225610	3692.087751	14.824218	-0.013807	3.149951
65.206822	3686.828221	14.829223	-0.013802	3.147759
65.373259	3681.745072	14.834227	-0.013842	3.145661
65.302191	3676.915674	14.839232	-0.013824	3.143639
65.112679	3671.925741	14.844237	-0.013779	3.141536
65.000992	3666.858177	14.849242	-0.013752	3.139408
64.981865	3661.779270	14.854247	-0.013747	3.137284
65.000563	3656.870404	14.859251	-0.013752	3.135234
64.969839	3651.953633	14.864256	-0.013744	3.133173
65.021569	3646.845320	14.869261	-0.013756	3.131041
64.829041	3641.472800	14.874266	-0.013710	3.128769
64.940741	3636.387990	14.879271	-0.013736	3.126650
64.818459	3631.561903	14.884275	-0.013707	3.124612
64.628512	3626.591758	14.889280	-0.013661	3.122504
64.702775	3621.522865	14.894285	-0.013679	3.120383
64.770201	3616.404311	14.899290	-0.013695	3.118240
64.812632	3611.359176	14.904295	-0.013705	3.116123
64.776610	3606.584443	14.909299	-0.013696	3.114109
64.654062	3601.520908	14.914304	-0.013667	3.111962
64.524336	3596.318499	14.919309	-0.013635	3.109755
64.583510	3591.175173	14.924314	-0.013649	3.107592
64.429573	3586.275223	14.929319	-0.013612	3.105507
64.496857	3581.340624	14.934323	-0.013628	3.103430
64.370365	3576.303905	14.939328	-0.013598	3.101287
64.383551	3571.227798	14.944333	-0.013601	3.099142
64.225466	3566.202428	14.949338	-0.013563	3.096997
64.269704	3561.336292	14.954343	-0.013573	3.094941
64.203770	3556.388891	14.959347	-0.013557	3.092837
64.174716	3551.157986	14.964352	-0.013550	3.090616
64.179632	3545.915585	14.969357	-0.013551	3.088391
63.990687	3540.919410	14.974362	-0.013506	3.086248
63.997846	3536.066431	14.979367	-0.013507	3.084186
64.199925	3530.969006	14.984371	-0.013555	3.082042
64.055386	3525.926992	14.989376	-0.013521	3.079880
64.005068	3520.878608	14.994381	-0.013508	3.077724
63.976814	3515.955097	14.999386	-0.013501	3.075622
63.834743	3511.067249	15.004391	-0.013467	3.073521
63.829367	3506.002278	15.009395	-0.013466	3.071359
63.741676	3500.707205	15.014400	-0.013445	3.069088
63.638791	3495.681746	15.019405	-0.013420	3.066928
63.758995	3490.821209	15.024410	-0.013448	3.064864
63.589473	3485.830734	15.029415	-0.013408	3.062708
63.630384	3480.772946	15.034419	-0.013417	3.060547
63.685953	3475.665840	15.039424	-0.013430	3.058365
63.470084	3470.769618	15.044429	-0.013378	3.056240
63.501744	3465.873422	15.049434	-0.013386	3.054142
63.573146	3460.821975	15.054439	-0.013403	3.051981
63.363173	3455.477066	15.059443	-0.013352	3.049659
63.285045	3450.407949	15.064448	-0.013333	3.047470
63.296497	3445.518374	15.069453	-0.013336	3.045367
63.291907	3440.538822	15.074458	-0.013335	3.043222
63.236177	3435.481482	15.079463	-0.013321	3.041035
63.311164	3430.377530	15.084467	-0.013339	3.038843
63.156922	3425.390473	15.089472	-0.013302	3.036672
63.128050	3420.572858	15.094477	-0.013295	3.034588
63.054669	3415.535629	15.099482	-0.013277	3.032402
63.088680	3410.262762	15.104487	-0.013285	3.030125
62.992711	3405.194625	15.109491	-0.013262	3.027920
63.003837	3400.239260	15.114496	-0.013264	3.025775
62.837756	3395.355803	15.119501	-0.013224	3.023638
62.990034	3390.254919	15.124506	-0.013261	3.021444
62.937643	3385.181313	15.129511	-0.013248	3.019235
62.841149	3380.133883	15.134515	-0.013225	3.017030
62.835595	3375.238362	15.139520	-0.013223	3.014901
62.719914	3370.243103	15.144525	-0.013195	3.012714
62.677057	3364.917087	15.149530	-0.013185	3.010390
62.699096	3359.731655	15.154535	-0.013190	3.008134
62.765059	3354.798266	15.159539	-0.013205	3.005991
62.656204	3349.877533	15.164544	-0.013179	3.003830
62.600029	3344.842631	15.169549	-0.013166	3.001625
62.540955	3339.782274	15.174554	-0.013151	2.999406
62.333600	3334.768928	15.179559	-0.013101	2.997188
62.451657	3329.959969	15.184563	-0.013130	2.995099
62.459965	3324.880279	15.189568	-0.013131	2.992875
62.433786	3319.670257	15.194573	-0.013125	2.990589
62.276185	3314.559704	15.199578	-0.013087	2.988328
62.372289	3309.594683	15.204583	-0.013110	2.986160
62.339300	3304.701698	15.209587	-0.013102	2.984007
62.177189	3299.668454	15.214592	-0.013063	2.981774
62.075184	3294.619205	15.219597	-0.013038	2.979541
62.110336	3289.570391	15.224602	-0.013046	2.977322
62.127023	3284.752279	15.229607	-0.013050	2.975202
62.095057	3279.712826	15.234611	-0.013042	2.972976
61.975441	3274.392210	15.239616	-0.013014	2.970614
61.948723	3269.262965	15.244621	-0.013007	2.968346
61.954262	3264.321296	15.249626	-0.013008	2.966163
61.894590	3259.386255	15.254631	-0.012994	2.963973
61.752618	3254.386596	15.259635	-0.012959	2.961743
61.763765	3249.273956	15.264640	-0.012962	2.959480
61.685968	3244.254591	15.269645	-0.012943	2.957246
61.809601	3239.400557	15.274650	-0.012973	2.955108
61.601420	3234.404682	15.279655	-0.012923	2.952864
61.609587	3229.132597	15.284659	-0.012924	2.950524
61.608856	3224.018148	15.289664	-0.012924	2.948250
61.388406	3219.198251	15.294669	-0.012871	2.946077
61.533669	3214.164853	15.299674	-0.012906	2.943855
61.473284	3209.127329	15.304679	-0.012891	2.941603
61.224659	3204.126435	15.309683	-0.012831	2.939341
61.501001	3199.063482	15.314688	-0.012897	2.937117
61.360713	3194.244875	15.319693	-0.012863	2.934947
61.362732	3189.210453	15.324698	-0.012864	2.932698
61.255268	3183.796069	15.329703	-0.012838	2.930262
61.045656	3178.813531	15.334707	-0.012788	2.928005
61.072736	3173.955951	15.339712	-0.012794	2.925832
61.282151	3168.875712	15.344717	-0.012844	2.923582
61.087652	3163.854517	15.349722	-0.012797	2.921304
61.060096	3158.780433	15.354727	-0.012790	2.919022
60.871923	3153.930016	15.359731	-0.012745	2.916818
60.844959	3148.974636	15.364736	-0.012738	2.914586
60.784385	3143.902351	15.369741	-0.012724	2.912296
60.836517	3138.659677	15.374746	-0.012736	2.909941
60.781750	3133.569626	15.379751	-0.012723	2.907639
60.819770	3128.768243	15.384755	-0.012732	2.905478
60.719676	3123.768204	15.389760	-0.012707	2.903208
60.668025	3118.677371	15.394765	-0.012695	2.900901
60.590473	3113.622223	15.399770	-0.012676	2.898605
60.658070	3108.747908	15.404775	-0.012692	2.896408
60.716975	3103.754349	15.409779	-0.012706	2.894155
60.605912	3098.441853	15.414784	-0.012679	2.891732
60.601520	3093.191147	15.419789	-0.012678	2.889350
60.515889	3088.247979	15.424794	-0.012657	2.887094
60.427144	3083.336401	15.429799	-0.012636	2.884851
60.466889	3078.291364	15.434803	-0.012645	2.882563
60.277241	3073.260375	15.439808	-0.012600	2.880248
60.396961	3068.174906	15.444813	-0.012628	2.877948
60.094197	3063.424479	15.449818	-0.012556	2.875743
60.361508	3058.300772	15.454823	-0.012619	2.873441
60.170601	3053.099748	15.459827	-0.012573	2.871041
60.008097	3048.035639	15.464832	-0.012534	2.868706
60.089940	3043.106924	15.469837	-0.012554	2.866463
60.100725	3038.116023	15.474842	-0.012556	2.864181
60.029414	3033.094307	15.479847	-0.012539	2.861871
60.070372	3027.998480	15.484851	-0.012549	2.859541
59.961903	3023.078061	15.489856	-0.012522	2.857270
59.918889	3018.158227	15.494861	-0.012512	2.855005
59.814876	3013.067832	15.499866	-0.012487	2.852652
59.741608	3007.754236	15.504871	-0.012469	2.850199
59.788920	3002.722744	15.509875	-0.012480	2.847890
59.801977	2997.856359	15.514880	-0.012483	2.845650
59.662369	2992.864267	15.519885	-0.012450	2.843330
59.637078	2987.799726	15.524890	-0.012443	2.840990
59.662631	2982.698868	15.529895	-0.012449	2.838638
59.567303	2977.872468	15.534899	-0.012426	2.836395
59.506489	2972.887368	15.539904	-0.012412	2.834082
59.455521	2967.694494	15.544909	-0.012399	2.831671
59.390089	2962.551379	15.549914	-0.012383	2.829280
59.328380	2957.661257	15.554919	-0.012368	2.827004
59.342279	2952.705929	15.559923	-0.012372	2.824707
59.203515	2947.651426	15.564928	-0.012338	2.822340
59.279988	2942.559756	15.569933	-0.012356	2.819984
59.092977	2937.626552	15.574938	-0.012311	2.817664
59.034836	2932.787129	15.579943	-0.012297	2.815403
58.946585	2927.674460	15.584947	-0.012276	2.813009
58.804284	2922.379277	15.589952	-0.012242	2.810520
59.075739	2917.257029	15.594957	-0.012306	2.808166
59.093837	2912.411654	15.599962	-0.012311	2.805905
59.048685	2907.343767	15.604967	-0.012300	2.803530
58.871317	2902.336353	15.609971	-0.012257	2.801162
58.838889	2897.274031	15.614976	-0.012249	2.798787
58.785306	2892.435286	15.619981	-0.012236	2.796512
58.821460	2887.393175	15.624986	-0.012245	2.794151
58.708007	2882.179971	15.629991	-0.012217	2.791688
58.652078	2877.073365	15.634995	-0.012204	2.789281
58.563321	2872.219059	15.640000	-0.012182	2.786986
58.452453	2867.274535	15.645005	-0.012155	2.784643
58.506184	2862.175765	15.650010	-0.012168	2.782248
58.547782	2857.102800	15.655015	-0.012178	2.779862
58.518548	2852.115893	15.660019	-0.012171	2.777505
58.398099	2847.176665	15.665024	-0.012142	2.775155
58.361189	2841.997195	15.670029	-0.012133	2.772701
58.365730	2836.777767	15.675034	-0.012134	2.770233
58.310973	2831.790713	15.680039	-0.012120	2.767863
58.265835	2826.897288	15.685043	-0.012109	2.765538
58.170457	2821.847872	15.690048	-0.012086	2.763129
58.029460	2816.811146	15.695053	-0.012052	2.760718
58.010228	2811.810484	15.700058	-0.012048	2.758339
58.088256	2806.919846	15.705063	-0.012066	2.756024
58.003975	2801.897148	15.710067	-0.012046	2.753621
58.023077	2796.578378	15.715072	-0.012050	2.751090
57.883043	2791.593066	15.720077	-0.012016	2.748693
57.849370	2786.769573	15.725082	-0.012008	2.746386
57.886907	2781.708201	15.730087	-0.012017	2.743974
57.865127	2776.618615	15.735091	-0.012012	2.741537
57.901860	2771.552696	15.740096	-0.012020	2.739118
57.823511	2766.776282	15.745101	-0.012001	2.736820
57.846885	2761.746469	15.750106	-0.012007	2.734412
57.662627	2756.422524	15.755111	-0.011962	2.731831
57.688537	2751.317957	15.760115	-0.011968	2.729384
57.475532	2746.512428	15.765120	-0.011917	2.727043
57.544816	2741.470705	15.770125	-0.011934	2.724628
57.410214	2736.446873	15.775130	-0.011901	2.722190
57.344818	2731.368772	15.780135	-0.011885	2.719733
57.315032	2726.522086	15.785139	-0.011878	2.717391
57.329624	2721.484719	15.790144	-0.011881	2.714961
57.184922	2716.324413	15.795149	-0.011847	2.712446
57.302055	2711.161073	15.800154	-0.011874	2.709966
57.240333	2706.297565	15.805159	-0.011859	2.707603
57.255820	2701.284510	15.810163	-0.011863	2.705176
57.149320	2696.245514	15.815168	-0.011837	2.702717
57.080970	2691.193314	15.820173	-0.011821	2.700254
56.963003	2686.323104	15.825178	-0.011792	2.697871
57.067849	2681.329556	15.830183	-0.011817	2.695458
57.032576	2676.129810	15.835187	-0.011809	2.692922
56.847878	2670.966328	15.840192	-0.011764	2.690380
56.865206	2666.019187	15.845197	-0.011768	2.687970
56.824790	2661.070781	15.850202	-0.011758	2.685549
56.812909	2656.005230	15.855207	-0.011755	2.683072
56.657517	2650.975337	15.860211	-0.011718	2.680590
56.628886	2646.034509	15.865216	-0.011711	2.678167
56.429197	2641.146400	15.870221	-0.011663	2.675744
56.757192	2635.827924	15.875226	-0.011741	2.673184
56.624767	2630.649710	15.880231	-0.011709	2.670623
56.544287	2625.754354	15.885235	-0.011690	2.668206
56.398279	2620.850841	15.890240	-0.011655	2.665774
56.393456	2615.795850	15.895245	-0.011653	2.663285
56.452830	2610.697093	15.900250	-0.011667	2.660782
56.324164	2605.804726	15.905255	-0.011637	2.658351
56.333154	2600.882958	15.910259	-0.011639	2.655923
56.381061	2595.633674	15.915264	-0.011650	2.653337
56.285539	2590.419850	15.920269	-0.011627	2.650745
56.203970	2585.517457	15.925274	-0.011607	2.648306
56.194316	2580.523873	15.930279	-0.011605	2.645831
56.133822	2575.507546	15.935283	-0.011590	2.643335
56.058182	2570.435188	15.940288	-0.011572	2.640806
56.008857	2565.510816	15.945293	-0.011560	2.638352
55.892656	2560.582746	15.950298	-0.011532	2.635884
55.868843	2555.404744	15.955303	-0.011526	2.633303
55.812707	2550.272937	15.960307	-0.011512	2.630737
55.717731	2545.349395	15.965312	-0.011489	2.628267
55.721425	2540.404040	15.970317	-0.011490	2.625799
55.731460	2535.362733	15.975322	-0.011492	2.623282
55.631334	2530.302302	15.980327	-0.011468	2.620736
55.730155	2525.388988	15.985331	-0.011491	2.618291
55.584831	2520.449772	15.990336	-0.011456	2.615794
55.513626	2515.209763	15.995341	-0.011439	2.613155
55.514282	2510.061055	16.000346	-0.011439	2.610570
55.496573	2505.149024	16.005351	-0.011435	2.608098
55.419437	2500.203298	16.010355	-0.011416	2.605599
55.302499	2495.134432	16.015360	-0.011388	2.603028
55.340953	2490.076533	16.020365	-0.011397	2.600485
55.376410	2485.181559	16.025370	-0.011405	2.598021
55.292164	2480.179417	16.030375	-0.011385	2.595481
55.050336	2475.037396	16.035379	-0.011327	2.592845
55.090096	2469.923633	16.040384	-0.011336	2.590263
55.190244	2465.024432	16.045389	-0.011360	2.587797
55.101707	2460.033004	16.050394	-0.011339	2.585253
54.915317	2455.016188	16.055399	-0.011294	2.582678
54.982333	2449.955255	16.060403	-0.011310	2.580117
54.917856	2445.130357	16.065408	-0.011294	2.577653
54.930663	2439.993739	16.070413	-0.011297	2.575041
54.925702	2434.701199	16.075418	-0.011296	2.572343
54.820289	2429.676210	16.080423	-0.011270	2.569764
54.712394	2424.831868	16.085427	-0.011244	2.567273
54.638468	2419.774898	16.090432	-0.011226	2.564677
54.651325	2414.707144	16.095437	-0.011229	2.562087
54.537052	2409.746574	16.100442	-0.011202	2.559528
54.515865	2404.837929	16.105447	-0.011196	2.557009
54.534192	2399.720720	16.110451	-0.011201	2.554386
54.393080	2394.541412	16.115456	-0.011167	2.551703
54.427050	2389.557449	16.120461	-0.011175	2.549146
54.387001	2384.643055	16.125466	-0.011165	2.546610
54.375487	2379.559769	16.130471	-0.011162	2.543989
54.364916	2374.514102	16.135475	-0.011159	2.541385
54.289913	2369.613112	16.140480	-0.011141	2.538842
54.118330	2364.678896	16.145485	-0.011100	2.536265
54.215842	2359.405410	16.150490	-0.011123	2.533552
54.078450	2354.265058	16.155495	-0.011090	2.530868
54.017105	2349.419742	16.160499	-0.011075	2.528346
53.947541	2344.401751	16.165504	-0.011058	2.525731
53.998279	2339.303205	16.170509	-0.011070	2.523091
53.915742	2334.278424	16.175514	-0.011050	2.520464
53.852668	2329.432124	16.180519	-0.011035	2.517931
53.782065	2324.395766	16.185523	-0.011018	2.515295
53.705444	2319.160237	16.190528	-0.010999	2.512552
53.743096	2314.157101	16.195533	-0.011008	2.509945
53.537908	2309.332188	16.200538	-0.010959	2.507389
53.526463	2304.274632	16.205543	-0.010956	2.504741
53.618617	2299.153109	16.210547	-0.010978	2.502073
53.735112	2294.178784	16.215552	-0.011005	2.499483
53.649927	2289.262268	16.220557	-0.010985	2.496888
53.450534	2284.104312	16.225562	-0.010937	2.494145
53.355904	2278.908962	16.230567	-0.010914	2.491396
53.389029	2274.023046	16.235571	-0.010922	2.488828
53.296954	2268.941349	16.240576	-0.010900	2.486134
53.395150	2263.801948	16.245581	-0.010923	2.483438
53.271484	2258.793433	16.250586	-0.010893	2.480771
53.212704	2253.944509	16.255591	-0.010879	2.478197
53.145915	2248.906029	16.260595	-0.010863	2.475518
53.063229	2243.699928	16.265600	-0.010843	2.472745
53.109832	2238.684643	16.270605	-0.010854	2.470091
52.979476	2233.815014	16.275610	-0.010822	2.467482
53.004058	2228.721309	16.280615	-0.010828	2.464778
52.956901	2223.671077	16.285619	-0.010817	2.462081
52.818824	2218.808736	16.290624	-0.010783	2.459467
52.834465	2213.809221	16.295629	-0.010787	2.456802
52.824490	2208.578348	16.300634	-0.010784	2.454006
52.707272	2203.455204	16.305639	-0.010756	2.451247
52.585275	2198.628777	16.310643	-0.010727	2.448643
52.432636	2193.633144	16.315648	-0.010690	2.445941
52.593835	2188.505708	16.320653	-0.010729	2.443217
52.509762	2183.536153	16.325658	-0.010708	2.440534
52.451341	2178.645613	16.330663	-0.010694	2.437894
52.420399	2173.538766	16.335667	-0.010686	2.435140
52.365790	2168.365225	16.340672	-0.010673	2.432343
52.492177	2163.371979	16.345677	-0.010703	2.429671
52.344235	2158.457746	16.350682	-0.010668	2.426991
52.328194	2153.409545	16.355687	-0.010664	2.424259
52.185491	2148.347999	16.360691	-0.010629	2.421495
52.067402	2143.512877	16.365696	-0.010601	2.418855
52.029686	2138.470075	16.370701	-0.010592	2.416113
52.051509	2133.154082	16.375706	-0.010597	2.413229
51.929306	2128.167118	16.380711	-0.010567	2.410496
51.896175	2123.270199	16.385715	-0.010559	2.407825
51.805524	2118.235100	16.390720	-0.010537	2.405065
51.805328	2113.138760	16.395725	-0.010537	2.402284
51.734234	2108.258845	16.400730	-0.010520	2.399606
51.796922	2103.246701	16.405735	-0.010535	2.396876
51.853852	2098.001554	16.410739	-0.010548	2.394014
51.701053	2092.979889	16.415744	-0.010511	2.391235
51.645486	2088.111433	16.420749	-0.010498	2.388554
51.476688	2083.139678	16.425754	-0.010457	2.385793
51.477547	2078.026904	16.430759	-0.010457	2.382981
51.480695	2073.049179	16.435763	-0.010458	2.380240
51.491502	2068.103339	16.440768	-0.010460	2.377515
51.496956	2062.834178	16.445773	-0.010461	2.374608
51.447776	2057.729030	16.450778	-0.010449	2.371778
51.136698	2052.939555	16.455783	-0.010375	2.369074
51.261561	2047.859470	16.460787	-0.010405	2.366281
51.129741	2042.808918	16.465792	-0.010373	2.363457
51.338674	2037.754580	16.470797	-0.010423	2.360688
51.166334	2032.897878	16.475802	-0.010381	2.357957
51.085701	2027.745938	16.480807	-0.010362	2.355076
51.008235	2022.628742	16.485811	-0.010343	2.352211
50.964790	2017.764273	16.490816	-0.010332	2.349489
51.051442	2012.713342	16.495821	-0.010353	2.346683
50.735852	2007.737013	16.500826	-0.010277	2.343844
50.641337	2002.736229	16.505831	-0.010254	2.341027
50.818394	1997.769006	16.510835	-0.010297	2.338274
50.818182	1992.555648	16.515840	-0.010296	2.335348
50.537712	1987.436043	16.520845	-0.010229	2.332421
50.697791	1982.487794	16.525850	-0.010267	2.329665
50.637811	1977.473579	16.530855	-0.010253	2.326830
50.448142	1972.463678	16.535859	-0.010207	2.323970
50.523729	1967.432707	16.540864	-0.010225	2.321143
50.487139	1962.529662	16.545869	-0.010216	2.318364
50.389622	1957.421015	16.550874	-0.010193	2.315455
50.334710	1952.289292	16.555879	-0.010179	2.312536
50.178569	1947.412174	16.560883	-0.010142	2.309740
50.272954	1942.363856	16.565888	-0.010164	2.306889
50.228002	1937.274099	16.570893	-0.010153	2.303985
50.139099	1932.329163	16.575898	-0.010132	2.301152
50.062175	1927.404592	16.580903	-0.010113	2.298329
49.952062	1922.242402	16.585907	-0.010087	2.295361
49.993705	1917.072763	16.590912	-0.010096	2.292413
49.987926	1912.178874	16.595917	-0.010095	2.289610
49.839356	1907.198736	16.600922	-0.010059	2.286728
49.892103	1902.099574	16.605927	-0.010071	2.283812
49.687357	1897.192858	16.610931	-0.010022	2.280954
49.649966	1892.254471	16.615936	-0.010013	2.278106
49.834900	1887.016187	16.620941	-0.010057	2.275122
49.650763	1881.986939	16.625946	-0.010013	2.272187
49.686679	1877.076209	16.630951	-0.010021	2.269357
49.621189	1872.041775	16.635955	-0.010006	2.266433
49.541248	1866.966261	16.640960	-0.009986	2.263479
49.397472	1862.082323	16.645965	-0.009952	2.260621
49.355904	1857.132011	16.650970	-0.009942	2.257739
49.342856	1851.844785	16.655975	-0.009938	2.254663
49.300868	1846.797042	16.660979	-0.009928	2.251716
49.288969	1841.877374	16.665984	-0.009925	2.248847
49.208585	1836.849205	16.670989	-0.009906	2.245897
49.156023	1831.786158	16.675994	-0.009893	2.242928
49.066965	1826.915422	16.680999	-0.009871	2.240061
49.085630	1821.860474	16.686003	-0.009876	2.237103
48.897554	1816.724447	16.691008	-0.009830	2.234054
48.822244	1811.725889	16.696013	-0.009812	2.231103
48.796584	1806.770189	16.701018	-0.009806	2.228183
48.827740	1801.684264	16.706023	-0.009813	2.225193
48.683423	1796.718734	16.711027	-0.009778	2.222237
48.780500	1791.790647	16.716032	-0.009801	2.219345
48.631950	1786.642423	16.721037	-0.009766	2.216272
48.603303	1781.483435	16.726042	-0.009759	2.213211
48.563910	1776.557600	16.731047	-0.009749	2.210282
48.587087	1771.538976	16.736051	-0.009754	2.207306
48.463209	1766.508127	16.741056	-0.009725	2.204291
48.486011	1761.533350	16.746061	-0.009730	2.201333
48.394614	1756.607250	16.751066	-0.009708	2.198378
48.432860	1751.374315	16.756071	-0.009717	2.195261
48.402015	1746.316518	16.761075	-0.009709	2.192231
48.295767	1741.421526	16.766080	-0.009684	2.189280
48.007847	1736.458758	16.771085	-0.009615	2.186248
48.049315	1731.398087	16.776090	-0.009624	2.183218
48.004495	1726.511272	16.781095	-0.009613	2.180271
48.122482	1721.376803	16.786099	-0.009641	2.177203
48.020271	1716.145986	16.791104	-0.009617	2.174030
47.993885	1711.215443	16.796109	-0.009610	2.171048
47.885991	1706.250379	16.801114	-0.009584	2.168025
47.801295	1701.182213	16.806119	-0.009564	2.164940
47.775107	1696.187409	16.811123	-0.009557	2.161906
47.885075	1691.201983	16.816128	-0.009583	2.158901
47.624401	1686.102924	16.821133	-0.009521	2.155749
47.534653	1681.051015	16.826138	-0.009499	2.152655
47.543662	1676.133806	16.831143	-0.009501	2.149659
47.729427	1671.029797	16.836147	-0.009545	2.146579
47.423335	1666.053661	16.841152	-0.009472	2.143475
47.525557	1661.141224	16.846157	-0.009496	2.140487
47.433482	1656.062051	16.851162	-0.009474	2.137354
47.345301	1650.852477	16.856167	-0.009453	2.134137
47.203381	1645.951419	16.861171	-0.009419	2.131094
47.149307	1640.949175	16.866176	-0.009406	2.128002
47.249142	1635.833767	16.871181	-0.009429	2.124866
47.158064	1630.916160	16.876186	-0.009407	2.121810
47.218066	1625.916073	16.881191	-0.009421	2.118729
47.072772	1620.759183	16.886195	-0.009386	2.115505
46.993324	1615.770142	16.891200	-0.009367	2.112393
46.839103	1610.882078	16.896205	-0.009330	2.109324
46.790503	1605.851002	16.901210	-0.009318	2.106183
46.927838	1600.767622	16.906215	-0.009351	2.103043
46.793804	1595.922358	16.911219	-0.009319	2.099991
46.858169	1590.691117	16.916224	-0.009334	2.096734
46.648529	1585.578511	16.921229	-0.009284	2.093490
46.711361	1580.661919	16.926234	-0.009299	2.090420
46.546573	1575.634189	16.931239	-0.009259	2.087229
46.543989	1570.574731	16.936243	-0.009258	2.084046
46.435642	1565.726231	16.941248	-0.009232	2.080970
46.424180	1560.626055	16.946253	-0.009229	2.077750
46.310249	1555.491296	16.951258	-0.009202	2.074482
46.257455	1550.572780	16.956263	-0.009189	2.071359
46.252644	1545.563431	16.961267	-0.009187	2.068183
46.275360	1540.449723	16.966272	-0.009193	2.064942
46.335050	1535.505508	16.971277	-0.009207	2.061811
46.022278	1530.602899	16.976282	-0.009132	2.058624
45.904321	1525.343864	16.981287	-0.009103	2.055245
45.918324	1520.397388	16.986291	-0.009107	2.052089
46.021587	1515.364606	16.991296	-0.009131	2.048891
45.982007	1510.311406	16.996301	-0.009121	2.045645
45.847254	1505.384287	17.001306	-0.009089	2.042455
45.737767	1500.424320	17.006311	-0.009063	2.039243
45.680459	1495.223826	17.011315	-0.009049	2.035883
45.686461	1490.234697	17.016320	-0.009050	2.032667
45.735285	1485.261465	17.021325	-0.009061	2.029466
45.626193	1480.242821	17.026330	-0.009035	2.026196
45.573961	1475.253444	17.031335	-0.009023	2.022952
45.589369	1470.316216	17.036339	-0.009026	2.019751
45.301915	1465.159154	17.041344	-0.008957	2.016337
45.253196	1460.117837	17.046349	-0.008945	2.013044
45.407873	1455.093944	17.051354	-0.008982	2.009801
45.167720	1450.096889	17.056359	-0.008924	2.006485
45.109553	1445.108990	17.061363	-0.008910	2.003209
45.055670	1440.184265	17.066368	-0.008897	1.999970
45.066452	1434.980394	17.071373	-0.008900	1.996556
44.960764	1429.988097	17.076378	-0.008874	1.993250
44.917690	1425.061670	17.081383	-0.008864	1.989996
44.912373	1420.004025	17.086387	-0.008862	1.986658
44.919585	1415.007338	17.091392	-0.008864	1.983357
44.872200	1410.057668	17.096397	-0.008852	1.980071
44.835684	1404.819073	17.101402	-0.008843	1.976589
44.692979	1399.819132	17.106407	-0.008809	1.973236
44.743943	1394.848419	17.111411	-0.008821	1.969940
44.643260	1389.826202	17.116416	-0.008797	1.966571
44.665249	1384.823280	17.121421	-0.008802	1.963236
44.482649	1379.956266	17.126426	-0.008758	1.959940
44.375035	1374.772160	17.131431	-0.008732	1.956443
44.457524	1369.730603	17.136435	-0.008751	1.953078
44.393336	1364.791552	17.141440	-0.008736	1.949744
44.275342	1359.758125	17.146445	-0.008708	1.946328
44.217589	1354.834118	17.151450	-0.008694	1.942993
44.155089	1349.861341	17.156455	-0.008678	1.939619
44.125603	1344.660408	17.161459	-0.008671	1.936091
44.090544	1339.715523	17.166464	-0.008663	1.932730
43.942246	1334.747714	17.171469	-0.008627	1.929321
44.054111	1329.624201	17.176474	-0.008653	1.925860
43.852350	1324.741888	17.181479	-0.008605	1.922485
43.876930	1319.686054	17.186483	-0.008611	1.919038
43.901396	1314.518734	17.191488	-0.008616	1.915508
43.857565	1309.581590	17.196493	-0.008606	1.912114
43.569143	1304.660826	17.201498	-0.008537	1.908668
43.590272	1299.586492	17.206503	-0.008541	1.905183
43.575764	1294.643619	17.211507	-0.008538	1.901773
43.508233	1289.530964	17.216512	-0.008521	1.898227
43.401512	1284.412940	17.221517	-0.008496	1.894662
43.228557	1279.550194	17.226522	-0.008454	1.891252
43.140346	1274.523790	17.231527	-0.008433	1.887741
43.207780	1269.478717	17.236531	-0.008449	1.884248
43.159242	1264.572938	17.241536	-0.008437	1.880818
43.205671	1259.329558	17.246541	-0.008448	1.877168
43.021581	1254.383986	17.251546	-0.008404	1.873665
43.085680	1249.381285	17.256551	-0.008419	1.870174
42.964138	1244.364671	17.261555	-0.008390	1.866623
42.877508	1239.445872	17.266560	-0.008369	1.863143
42.690476	1234.457460	17.271565	-0.008324	1.859582
42.646682	1229.255150	17.276570	-0.008313	1.855898
42.796829	1224.232458	17.281575	-0.008349	1.852380
42.592875	1219.252236	17.286579	-0.008300	1.848801
42.594170	1214.205900	17.291584	-0.008300	1.845217
42.417982	1209.352688	17.296589	-0.008258	1.841721
42.501004	1204.182080	17.301594	-0.008277	1.838054
42.497288	1199.110501	17.306599	-0.008276	1.834430
42.393840	1194.203042	17.311603	-0.008251	1.830892
42.327171	1189.130248	17.316608	-0.008235	1.827238
42.232245	1184.188782	17.321613	-0.008212	1.823663
42.344132	1179.155820	17.326618	-0.008239	1.820066
42.096636	1173.983006	17.331623	-0.008179	1.816273
42.019320	1169.093747	17.336627	-0.008161	1.812719
42.013849	1164.057736	17.341632	-0.008159	1.809070
41.898218	1159.008803	17.346637	-0.008131	1.805376
41.989111	1154.079616	17.351642	-0.008153	1.801813
41.814485	1148.958286	17.356647	-0.008111	1.798037
41.880928	1143.909602	17.361651	-0.008127	1.794366
41.734481	1139.010876	17.366656	-0.008091	1.790745
41.697508	1133.945572	17.371661	-0.008082	1.787021
41.633880	1129.043384	17.376666	-0.008067	1.783402
41.417394	1123.996700	17.381671	-0.008015	1.779632
41.486263	1118.797329	17.386675	-0.008031	1.775812
41.547136	1113.852156	17.391680	-0.008046	1.772170
41.391179	1108.830214	17.396685	-0.008008	1.768409
41.329759	1103.840523	17.401690	-0.007993	1.764688
41.279561	1098.904080	17.406695	-0.007981	1.761002
41.201343	1093.724160	17.411699	-0.007962	1.757119
41.215154	1088.763531	17.416704	-0.007965	1.753414
41.102525	1083.778589	17.421709	-0.007938	1.749652
41.033276	1078.748685	17.426714	-0.007921	1.745858
40.972431	1073.848559	17.431719	-0.007907	1.742157
40.783817	1068.701558	17.436723	-0.007861	1.738228
40.701296	1063.691975	17.441728	-0.007841	1.734421
40.722953	1058.702806	17.446733	-0.007846	1.730649
40.667566	1053.638950	17.451738	-0.007833	1.726791
40.522415	1048.779224	17.456743	-0.007798	1.723057
40.503766	1043.660063	17.461747	-0.007793	1.719150
40.502546	1038.570431	17.466752	-0.007793	1.715262
40.518075	1033.612202	17.471757	-0.007797	1.711469
40.475325	1028.557384	17.476762	-0.007786	1.707579
40.241499	1023.697427	17.481767	-0.007730	1.703779
40.222742	1018.593092	17.486771	-0.007725	1.699839
40.167061	1013.447531	17.491776	-0.007712	1.695848
40.128955	1008.498100	17.496781	-0.007702	1.692004
40.039721	1003.482958	17.501786	-0.007681	1.688087
40.220392	998.460228	17.506791	-0.007724	1.684228
39.882499	993.506690	17.511795	-0.007643	1.680274
39.893588	988.360395	17.516800	-0.007645	1.676254
39.798563	983.462206	17.521805	-0.007623	1.672390
39.829373	978.388648	17.526810	-0.007630	1.668413
39.745852	973.449800	17.531815	-0.007610	1.664502
39.610517	968.439383	17.536819	-0.007577	1.660512
39.549825	963.284281	17.541824	-0.007562	1.656417
39.448801	958.360578	17.546829	-0.007538	1.652485
39.447501	953.324162	17.551834	-0.007537	1.648481
39.340228	948.386924	17.556839	-0.007512	1.644517
39.247441	943.370209	17.561843	-0.007489	1.640484
39.236740	938.239165	17.566848	-0.007486	1.636373
39.090188	933.338981	17.571853	-0.007451	1.632398
39.136494	928.261004	17.576858	-0.007462	1.628325
39.158031	923.320780	17.581863	-0.007467	1.624346
39.011730	918.265393	17.586867	-0.007432	1.620216
38.869496	913.170297	17.591872	-0.007398	1.616045
38.891488	908.192579	17.596877	-0.007403	1.612005
38.742617	903.179317	17.601882	-0.007367	1.607877
38.702140	898.255334	17.606887	-0.007357	1.603843
38.504413	893.186592	17.611891	-0.007310	1.599635
38.586551	888.105460	17.616896	-0.007329	1.595485
38.484120	883.156724	17.621901	-0.007304	1.591381
38.407347	878.132613	17.626906	-0.007286	1.587212
38.490972	873.160296	17.631911	-0.007306	1.583120
38.209931	868.042558	17.636915	-0.007238	1.578792
38.236554	863.060343	17.641920	-0.007244	1.574654
38.170149	858.048483	17.646925	-0.007228	1.570453
38.109653	853.065360	17.651930	-0.007214	1.566267
38.038193	848.080478	17.656935	-0.007196	1.562065
38.067937	842.899550	17.661939	-0.007203	1.557716
37.945586	838.037841	17.666944	-0.007174	1.553579
37.957965	832.960041	17.671949	-0.007177	1.549289
37.813164	828.033707	17.676954	-0.007142	1.545068
37.817248	822.931111	17.681959	-0.007143	1.540731
37.636377	817.882474	17.686963	-0.007099	1.536371
37.597051	812.901483	17.691968	-0.007090	1.532100
37.611140	807.823567	17.696973	-0.007093	1.527749
37.667346	802.886885	17.701978	-0.007106	1.523521
37.361307	797.835269	17.706983	-0.007033	1.519072
37.274526	792.861679	17.711987	-0.007012	1.514743
37.318108	787.829216	17.716992	-0.007022	1.510391
37.195023	782.872826	17.721997	-0.006992	1.506042
37.073015	777.889776	17.727002	-0.006963	1.501657
36.962993	772.759750	17.732007	-0.006936	1.497134
36.916186	767.810863	17.737011	-0.006925	1.492777
36.924822	762.752174	17.742016	-0.006927	1.488326
36.792753	757.849793	17.747021	-0.006895	1.483957
36.805435	752.700628	17.752026	-0.006898	1.479401
36.727267	747.747831	17.757031	-0.006879	1.474978
36.656317	742.743399	17.762035	-0.006862	1.470497
36.683150	737.734195	17.767040	-0.006868	1.466029
36.392604	732.763550	17.772045	-0.006798	1.461482
36.406532	727.652685	17.777050	-0.006802	1.456891
36.324080	722.676656	17.782055	-0.006782	1.452376
36.406439	717.616438	17.787059	-0.006801	1.447824
36.296602	712.697075	17.792064	-0.006775	1.443324
36.067488	707.585340	17.797069	-0.006720	1.438596
35.958483	702.696555	17.802074	-0.006693	1.434095
36.022696	697.612978	17.807079	-0.006709	1.429457
35.842095	692.709991	17.812083	-0.006665	1.424890
35.895675	687.536324	17.817088	-0.006678	1.420136
35.752648	682.579314	17.822093	-0.006643	1.415502
35.677792	677.571484	17.827098	-0.006625	1.410827
35.619661	672.587126	17.832103	-0.006611	1.406165
35.522787	667.565363	17.837107	-0.006588	1.401439
35.590209	662.483413	17.842112	-0.006604	1.396696
35.406119	657.546191	17.847117	-0.006560	1.391988
35.413785	652.530455	17.852122	-0.006561	1.387255
35.329443	647.533295	17.857127	-0.006541	1.382492
35.206438	642.412271	17.862131	-0.006511	1.377581
35.169624	637.463152	17.867136	-0.006502	1.372847
35.014076	632.469719	17.872141	-0.006465	1.368013
35.063097	627.477519	17.877146	-0.006476	1.363233
34.819951	622.428803	17.882151	-0.006418	1.358282
34.792736	617.475780	17.887155	-0.006411	1.353479
34.842768	612.408629	17.892160	-0.006423	1.348575
34.656650	607.491479	17.897165	-0.006378	1.343718
34.555267	602.346930	17.902170	-0.006354	1.338649
34.500980	597.410381	17.907175	-0.006341	1.333783
34.429706	592.375425	17.912179	-0.006324	1.328795
34.436190	587.409498	17.917184	-0.006325	1.323885
34.114920	582.382958	17.922189	-0.006248	1.318779
34.030687	577.463799	17.927194	-0.006228	1.313846
34.153076	572.369024	17.932199	-0.006257	1.308791
34.029144	567.442952	17.937203	-0.006227	1.303799
33.944840	562.368911	17.942208	-0.006206	1.298652
33.843735	557.416707	17.947213	-0.006182	1.293602
33.830656	552.376461	17.952218	-0.006179	1.288474
33.796931	547.380414	17.957223	-0.006171	1.283364
33.727910	542.295468	17.962227	-0.006154	1.278129
33.626715	537.341645	17.967232	-0.006129	1.272996
33.505250	532.370679	17.972237	-0.006100	1.267817
33.549591	527.290711	17.977242	-0.006111	1.262564
33.340454	522.289032	17.982247	-0.006060	1.257277
33.304953	517.271401	17.987251	-0.006052	1.252016
33.096070	512.370429	17.992256	-0.006002	1.246791
32.980577	507.312906	17.997261	-0.005974	1.241413
32.885857	502.339343	18.002266	-0.005951	1.236108
32.785106	497.339629	18.007271	-0.005927	1.230751
32.748031	492.395044	18.012275	-0.005918	1.225453
32.668638	487.232330	18.017280	-0.005898	1.219882
32.741286	482.234289	18.022285	-0.005916	1.214522
32.507819	477.275680	18.027290	-0.005860	1.209062
32.470630	472.257812	18.032295	-0.005850	1.203589
32.361212	467.223583	18.037299	-0.005824	1.198045
32.322082	462.237849	18.042304	-0.005815	1.192556
32.143173	457.294806	18.047309	-0.005772	1.187033
32.075923	452.203660	18.052314	-0.005755	1.181365
32.092720	447.197982	18.057319	-0.005759	1.175798
32.084025	442.154302	18.062323	-0.005757	1.170152
31.948095	437.211312	18.067328	-0.005724	1.164541
31.704609	432.211764	18.072333	-0.005666	1.158794
31.770940	427.180811	18.077338	-0.005681	1.153110
31.642986	422.233531	18.082343	-0.005651	1.147413
31.464438	417.175457	18.087347	-0.005608	1.141540
31.443921	412.177393	18.092352	-0.005603	1.135771
31.412502	407.138731	18.097357	-0.005595	1.129922
31.428393	402.122456	18.102362	-0.005599	1.124088
31.227887	397.128281	18.107367	-0.005550	1.118157
31.112419	392.153872	18.112371	-0.005523	1.112255
31.042617	387.203299	18.117376	-0.005506	1.106369
30.969517	382.076745	18.122381	-0.005488	1.100240
30.812555	377.148475	18.127386	-0.005450	1.094278
30.956649	372.077049	18.132391	-0.005485	1.088242
30.619535	367.119109	18.137395	-0.005404	1.082099
30.695513	362.104976	18.142400	-0.005422	1.076034
30.407308	357.175401	18.147405	-0.005353	1.069878
30.403323	352.103606	18.152410	-0.005351	1.063637
30.318516	347.085739	18.157415	-0.005331	1.057390
30.185983	342.097550	18.162419	-0.005299	1.051121
30.015013	337.161853	18.167424	-0.005258	1.044862
29.925367	332.124639	18.172429	-0.005236	1.038476
29.994709	327.077301	18.177434	-0.005253	1.032110
29.801411	322.164443	18.182439	-0.005206	1.025754
29.662342	317.091658	18.187443	-0.005173	1.019179
29.649758	312.081258	18.192448	-0.005170	1.012701
29.525708	307.130411	18.197453	-0.005140	1.006206
29.469350	302.069188	18.202458	-0.005126	0.999556
29.367607	297.096972	18.207463	-0.005102	0.992958
29.226250	292.155591	18.212467	-0.005068	0.986337
29.004455	287.129350	18.217472	-0.005014	0.979518
29.053574	282.079660	18.222477	-0.005026	0.972753
28.965851	277.111786	18.227482	-0.005005	0.965985
28.747156	272.111678	18.232487	-0.004952	0.959059
28.641578	267.133571	18.237491	-0.004927	0.952169
28.562702	262.149262	18.242496	-0.004908	0.945235
28.446619	257.109842	18.247501	-0.004880	0.938153
28.254009	252.165824	18.252506	-0.004834	0.931112
28.217855	247.139885	18.257511	-0.004825	0.923982
28.072132	242.169846	18.262515	-0.004790	0.916819
28.061638	237.163363	18.267520	-0.004787	0.909619
27.914596	232.114378	18.272525	-0.004752	0.902227
27.727823	227.161341	18.277530	-0.004707	0.894893
27.629039	222.189876	18.282535	-0.004683	0.887519
27.625816	217.122390	18.287539	-0.004682	0.879992
27.441749	212.190707	18.292544	-0.004638	0.872505
27.311409	207.184956	18.297549	-0.004606	0.864870
27.181228	202.182557	18.302554	-0.004575	0.857173
27.052201	197.226280	18.307559	-0.004544	0.849477
26.987591	192.181586	18.312563	-0.004528	0.841610
26.870466	187.217643	18.317568	-0.004500	0.833766
26.791309	182.218867	18.322573	-0.004481	0.825814
26.619633	177.214794	18.327578	-0.004440	0.817721
26.522659	172.243745	18.332583	-0.004416	0.809646
26.424044	167.210673	18.337587	-0.004393	0.801386
26.277188	162.261563	18.342592	-0.004357	0.793151
26.224383	157.227597	18.347597	-0.004345	0.784744
25.974810	152.284073	18.352602	-0.004285	0.776277
25.967108	147.275034	18.357607	-0.004283	0.767757
25.761846	142.296324	18.362611	-0.004233	0.759068
25.666930	137.331515	18.367616	-0.004210	0.750373
25.521977	132.294755	18.372621	-0.004176	0.741417
25.408758	127.327504	18.377626	-0.004148	0.732496
25.328063	122.313337	18.382631	-0.004129	0.723402
25.167364	117.353367	18.387635	-0.004090	0.714238
24.929447	112.396219	18.392640	-0.004033	0.704906
24.781811	107.413126	18.397645	-0.003998	0.695464
24.425811	102.523692	18.402650	-0.003912	0.685923
24.366700	97.518304	18.407655	-0.003898	0.676235
24.232830	92.536062	18.412659	-0.003866	0.666397
24.082191	87.560039	18.417664	-0.003830	0.656412
23.808611	82.628464	18.422669	-0.003764	0.646271
23.795867	77.603077	18.427674	-0.003761	0.635973
23.648900	72.617320	18.432679	-0.003725	0.625485
23.461759	67.652018	18.437683	-0.003680	0.614830
23.154635	62.731640	18.442688	-0.003607	0.603987
22.970333	57.787881	18.447693	-0.003562	0.592996
22.835490	52.766355	18.452698	-0.003530	0.581662
22.636676	47.818129	18.457703	-0.003482	0.570217
22.476271	42.835320	18.462707	-0.003444	0.558490
22.245359	37.896588	18.467712	-0.003388	0.546554
21.976978	32.963440	18.472717	-0.003324	0.534331
21.721887	28.018103	18.477722	-0.003263	0.521804
21.143449	23.205907	18.482727	-0.003124	0.509002
20.939471	18.246769	18.487731	-0.003075	0.495848
20.611454	13.328977	18.492736	-0.002997	0.482322
20.129710	8.475595	18.497741	-0.002881	0.468427
19.490784	3.681725	18.502746	-0.002728	0.454109
17.956523	-0.784226	18.507751	-0.002361	0.439310
7.232854	0.330683	18.512755	0.000204	0.430643
