Tue Apr 01 14:03:11 2025

Number of Points = 4150
Depth (nm)	Load (µN)	Time (s)	Disp. Voltage(V)	Force Voltage(V)0.000000	5.987805	0.000000	0.002541	0.398232
0.361832	10.853862	0.005005	0.002454	0.414408
0.707421	15.754217	0.010010	0.002372	0.430063
1.064363	20.648409	0.015014	0.002287	0.445162
1.161691	25.624850	0.020019	0.002264	0.459724
1.501838	30.546324	0.025024	0.002183	0.473936
1.628947	35.513386	0.030029	0.002153	0.487644
1.834574	40.455203	0.035034	0.002104	0.500987
2.074259	45.419796	0.040038	0.002047	0.514074
2.401343	50.309959	0.045043	0.001969	0.526731
2.563166	55.263903	0.050048	0.001930	0.539097
2.779351	60.226355	0.055053	0.001879	0.551254
2.891227	65.205256	0.060058	0.001853	0.563096
3.063891	70.168586	0.065062	0.001812	0.574711
3.267609	75.126775	0.070067	0.001763	0.586109
3.306420	80.137703	0.075072	0.001754	0.597272
3.565033	85.068467	0.080077	0.001693	0.608232
3.805527	89.995710	0.085082	0.001635	0.618976
4.040896	94.953865	0.090086	0.001579	0.629598
4.285929	99.877011	0.095091	0.001521	0.639978
4.288579	104.916447	0.100096	0.001521	0.650247
4.480040	109.857222	0.105101	0.001475	0.660298
4.684129	114.827221	0.110106	0.001427	0.670265
4.848607	119.750227	0.115110	0.001387	0.679967
5.049014	124.730852	0.120115	0.001340	0.689668
5.220211	129.665404	0.125120	0.001299	0.699126
5.420215	134.649581	0.130125	0.001252	0.708571
5.523475	139.626519	0.135130	0.001227	0.717812
5.695571	144.587806	0.140134	0.001186	0.726953
5.850111	149.550124	0.145139	0.001150	0.735971
6.113467	154.485295	0.150144	0.001087	0.744903
5.999009	159.572729	0.155149	0.001115	0.753752
6.192049	164.503886	0.160154	0.001069	0.762423
6.316367	169.501907	0.165158	0.001039	0.771068
6.461846	174.450854	0.170163	0.001005	0.779548
6.664989	179.444494	0.175168	0.000956	0.788046
6.744638	184.426206	0.180173	0.000938	0.796359
6.876740	189.393859	0.185178	0.000906	0.804594
7.040514	194.360692	0.190182	0.000867	0.812763
7.250365	199.295490	0.195187	0.000818	0.820827
7.360926	204.347966	0.200192	0.000791	0.828941
7.412301	209.320927	0.205197	0.000779	0.836817
7.660112	214.246803	0.210202	0.000720	0.844659
7.747536	219.245421	0.215206	0.000700	0.852450
7.835401	224.213105	0.220211	0.000679	0.860123
8.171211	229.173509	0.225216	0.000599	0.867855
8.158855	234.183866	0.230221	0.000602	0.875402
8.319964	239.126560	0.235226	0.000564	0.882879
8.466204	244.123817	0.240230	0.000529	0.890365
8.470477	249.129054	0.245235	0.000528	0.897724
8.687802	254.107661	0.250240	0.000477	0.905098
8.746180	259.113572	0.255245	0.000463	0.912368
8.871414	264.082223	0.260250	0.000433	0.919562
9.061698	269.074580	0.265254	0.000388	0.926767
9.056078	274.068923	0.270259	0.000390	0.933819
9.251221	279.001354	0.275264	0.000343	0.940834
9.405460	284.054858	0.280269	0.000307	0.947944
9.469698	289.028309	0.285274	0.000292	0.954846
9.636209	293.958277	0.290278	0.000252	0.961690
9.634102	299.031852	0.295283	0.000253	0.968597
9.958251	303.924149	0.300288	0.000176	0.975370
9.965154	308.927099	0.305293	0.000174	0.982091
10.160092	313.968602	0.310298	0.000128	0.988908
10.041510	319.005311	0.315302	0.000157	0.995521
10.418781	323.861365	0.320307	0.000067	1.002091
10.682356	328.829698	0.325312	0.000004	1.008709
10.711682	333.822393	0.330317	-0.000003	1.015206
10.796000	338.788660	0.335322	-0.000023	1.021654
10.727502	343.912189	0.340326	-0.000006	1.028191
10.932121	348.837277	0.345331	-0.000055	1.034560
11.050190	353.781343	0.350336	-0.000083	1.040875
11.247976	358.797656	0.355341	-0.000130	1.047279
11.332272	363.761773	0.360346	-0.000150	1.053527
11.540533	368.681258	0.365350	-0.000199	1.059738
11.543832	373.826622	0.370355	-0.000200	1.066101
11.643645	378.756172	0.375360	-0.000223	1.072204
11.854816	383.699154	0.380365	-0.000273	1.078338
11.778837	388.785246	0.385370	-0.000255	1.084484
12.053386	393.670606	0.390374	-0.000320	1.090507
12.072252	398.705943	0.395379	-0.000325	1.096566
12.130655	403.705625	0.400384	-0.000338	1.102566
12.364301	408.688910	0.405389	-0.000394	1.108589
12.425842	413.694413	0.410394	-0.000408	1.114532
12.498491	418.641490	0.415398	-0.000425	1.120380
12.678975	423.676371	0.420403	-0.000468	1.126346
12.732298	428.636844	0.425408	-0.000481	1.132140
12.953356	433.577819	0.430413	-0.000533	1.137952
12.973302	438.652352	0.435418	-0.000538	1.143805
13.061825	443.640179	0.440422	-0.000559	1.149557
13.040802	448.673713	0.445427	-0.000553	1.155288
13.142361	453.610952	0.450432	-0.000577	1.160931
13.234163	458.689033	0.455437	-0.000599	1.166701
13.448153	463.590892	0.460442	-0.000650	1.172295
13.697888	468.501528	0.465446	-0.000710	1.177887
13.726103	473.586910	0.470451	-0.000716	1.183557
13.732929	478.605575	0.475456	-0.000717	1.189118
13.847874	483.586596	0.480461	-0.000745	1.194655
13.859290	488.559715	0.485466	-0.000747	1.200117
14.067834	493.601288	0.490470	-0.000797	1.205705
14.203813	498.519860	0.495475	-0.000829	1.211106
14.340622	503.486667	0.500480	-0.000861	1.216536
14.287953	508.554099	0.505485	-0.000848	1.221977
14.422341	513.617323	0.510490	-0.000880	1.227460
14.511142	518.570130	0.515494	-0.000901	1.232784
14.637034	523.530662	0.520499	-0.000931	1.238108
14.774418	528.551291	0.525504	-0.000964	1.243477
14.957626	533.488862	0.530509	-0.001007	1.248752
15.079851	538.479971	0.535514	-0.001036	1.254038
15.075592	543.444485	0.540518	-0.001035	1.259227
15.169020	548.583833	0.545523	-0.001057	1.264613
15.300350	553.490466	0.550528	-0.001088	1.269749
15.327492	558.533546	0.555533	-0.001094	1.274967
15.475337	563.446372	0.560538	-0.001129	1.280074
15.605628	568.527713	0.565542	-0.001160	1.285327
15.744385	573.448631	0.570547	-0.001193	1.290397
15.788268	578.474383	0.575552	-0.001203	1.295520
15.880602	583.427530	0.580557	-0.001225	1.300567
15.888716	588.538351	0.585562	-0.001227	1.305723
16.037662	593.426012	0.590566	-0.001262	1.310685
16.117118	598.428536	0.595571	-0.001281	1.315719
16.249330	603.370790	0.600576	-0.001312	1.320692
16.436622	608.417261	0.605581	-0.001357	1.325768
16.627082	613.304984	0.610586	-0.001402	1.330670
16.627354	618.326492	0.615590	-0.001402	1.335619
16.584161	623.350157	0.620595	-0.001391	1.340537
16.680640	628.472138	0.625600	-0.001414	1.345581
16.809967	633.369786	0.630605	-0.001445	1.350399
16.834095	638.414565	0.635610	-0.001450	1.355307
16.893547	643.360283	0.640614	-0.001464	1.360113
17.090575	648.428026	0.645619	-0.001511	1.365067
17.135232	653.346883	0.650624	-0.001521	1.369808
17.298481	658.346798	0.655629	-0.001560	1.374651
17.297485	663.301371	0.660634	-0.001560	1.379378
17.323618	668.504562	0.665638	-0.001566	1.384334
17.535994	673.371235	0.670643	-0.001616	1.389016
17.694715	678.373969	0.675648	-0.001654	1.393793
17.732346	683.285437	0.680653	-0.001662	1.398427
17.834750	688.406044	0.685658	-0.001687	1.403264
17.831260	693.364809	0.690662	-0.001686	1.407897
17.947418	698.364251	0.695667	-0.001713	1.412593
18.083290	703.298790	0.700672	-0.001745	1.417220
18.191728	708.369978	0.705677	-0.001771	1.421948
18.252690	713.385655	0.710682	-0.001785	1.426595
18.332037	718.360966	0.715686	-0.001804	1.431195
18.493038	723.335544	0.720691	-0.001842	1.435806
18.454119	728.343785	0.725696	-0.001833	1.440369
18.624896	733.388368	0.730701	-0.001873	1.445018
18.748431	738.302836	0.735706	-0.001902	1.449519
18.683011	743.370113	0.740710	-0.001887	1.454083
18.825546	748.275021	0.745715	-0.001920	1.458553
19.042896	753.422270	0.750720	-0.001972	1.463251
19.047762	758.372003	0.755725	-0.001973	1.467690
19.104345	763.379934	0.760730	-0.001986	1.472184
19.221086	768.305269	0.765734	-0.002014	1.476609
19.357847	773.345833	0.770739	-0.002046	1.481129
19.381779	778.363780	0.775744	-0.002052	1.485581
19.561000	783.284239	0.780749	-0.002094	1.489981
19.684493	788.305614	0.785754	-0.002124	1.494440
19.556519	793.301632	0.790758	-0.002093	1.498787
19.689242	798.450227	0.795763	-0.002124	1.503333
19.899465	803.301552	0.800768	-0.002174	1.507631
19.930255	808.358652	0.805773	-0.002181	1.512041
20.008080	813.290683	0.810778	-0.002200	1.516344
20.101834	818.312723	0.815782	-0.002222	1.520717
20.269615	823.338834	0.820787	-0.002262	1.525103
20.277875	828.311889	0.825792	-0.002263	1.529383
20.223139	833.371209	0.830797	-0.002250	1.533707
20.393251	838.259793	0.835802	-0.002290	1.537939
20.576542	843.411583	0.840806	-0.002334	1.542388
20.568674	848.392052	0.845811	-0.002332	1.546622
20.608066	853.380896	0.850816	-0.002341	1.550866
20.782068	858.328894	0.855821	-0.002382	1.555103
20.792473	863.340274	0.860826	-0.002384	1.559333
20.916187	868.431084	0.865830	-0.002414	1.563653
21.031311	873.317275	0.870835	-0.002441	1.567786
20.919979	878.413453	0.875840	-0.002414	1.572018
21.123146	883.311422	0.880845	-0.002462	1.576165
21.233498	888.391727	0.885850	-0.002488	1.580426
21.220762	893.468858	0.890854	-0.002485	1.584637
21.378130	898.382882	0.895859	-0.002522	1.588750
21.494966	903.399814	0.900864	-0.002550	1.592927
21.596649	908.317494	0.905869	-0.002574	1.597006
21.576068	913.441211	0.910874	-0.002569	1.601210
21.742151	918.392976	0.915878	-0.002608	1.605314
21.781137	923.389895	0.920883	-0.002617	1.609409
21.880055	928.405425	0.925888	-0.002641	1.613526
21.927688	933.332526	0.930893	-0.002652	1.617546
21.926115	938.565097	0.935898	-0.002651	1.621789
22.153537	943.425215	0.940902	-0.002705	1.625785
22.346469	948.389857	0.945907	-0.002751	1.629846
22.461324	953.397647	0.950912	-0.002778	1.633909
22.433153	958.305669	0.955917	-0.002771	1.637842
22.431164	963.495927	0.960922	-0.002771	1.641999
22.510855	968.409795	0.965926	-0.002789	1.645948
22.662140	973.395269	0.970931	-0.002825	1.649964
22.689652	978.409333	0.975936	-0.002832	1.653959
22.819076	983.306756	0.980941	-0.002862	1.657879
22.991123	988.491831	0.985946	-0.002903	1.662030
22.864532	993.458896	0.990950	-0.002873	1.665916
22.979189	998.457091	0.995955	-0.002900	1.669884
22.988011	1003.476184	1.000960	-0.002902	1.673830
23.093739	1008.370643	1.005965	-0.002927	1.677695
23.171610	1013.540051	1.010970	-0.002945	1.681759
23.292142	1018.444374	1.015974	-0.002974	1.685618
23.449908	1023.427924	1.020979	-0.003011	1.689540
23.495331	1028.451661	1.025984	-0.003022	1.693453
23.604136	1033.325491	1.030989	-0.003047	1.697259
23.560519	1038.597954	1.035994	-0.003037	1.701323
23.689349	1043.521557	1.040998	-0.003067	1.705154
23.682602	1048.545640	1.046003	-0.003065	1.709018
23.962969	1053.486443	1.051008	-0.003132	1.712886
23.893192	1058.428707	1.056013	-0.003115	1.716654
24.065091	1063.528496	1.061018	-0.003156	1.720597
24.043304	1068.528016	1.066022	-0.003150	1.724404
24.130216	1073.495292	1.071027	-0.003171	1.728206
24.396008	1078.469013	1.076032	-0.003234	1.732052
24.294405	1083.432410	1.081037	-0.003210	1.735785
24.336890	1088.570289	1.086042	-0.003220	1.739680
24.405866	1093.624469	1.091046	-0.003236	1.743510
24.560438	1098.527849	1.096051	-0.003272	1.747240
24.658806	1103.557434	1.101056	-0.003296	1.751043
24.590762	1108.536591	1.106061	-0.003279	1.754756
24.776408	1113.536363	1.111066	-0.003323	1.758543
24.774014	1118.658111	1.116070	-0.003322	1.762364
25.063593	1123.467869	1.121075	-0.003391	1.766019
25.049776	1128.537919	1.126080	-0.003388	1.769782
24.995964	1133.573198	1.131085	-0.003375	1.773502
25.140867	1138.504461	1.136090	-0.003409	1.777187
25.350480	1143.687039	1.141094	-0.003459	1.781066
25.433371	1148.574886	1.146099	-0.003478	1.784688
25.335025	1153.633795	1.151104	-0.003455	1.788383
25.523582	1158.605239	1.156109	-0.003499	1.792078
25.544097	1163.516171	1.161114	-0.003504	1.795679
25.709195	1168.604505	1.166118	-0.003543	1.799439
25.813481	1173.632227	1.171123	-0.003568	1.803131
25.883513	1178.514137	1.176128	-0.003584	1.806701
25.943731	1183.571078	1.181133	-0.003599	1.810389
26.013547	1188.534678	1.186138	-0.003615	1.814004
25.982099	1193.564923	1.191142	-0.003607	1.817635
26.077194	1198.755652	1.196147	-0.003630	1.821405
26.287540	1203.612307	1.201152	-0.003680	1.824956
26.291543	1208.619523	1.206157	-0.003680	1.828557
26.332950	1213.651344	1.211162	-0.003690	1.832178
26.274636	1218.578892	1.216166	-0.003676	1.835693
26.477333	1223.678176	1.221171	-0.003724	1.839388
26.593649	1228.701567	1.226176	-0.003752	1.842999
26.582479	1233.640344	1.231181	-0.003749	1.846513
26.683304	1238.704447	1.236186	-0.003772	1.850136
26.648935	1243.647712	1.241190	-0.003764	1.853634
26.785843	1248.625044	1.246195	-0.003796	1.857191
26.867429	1253.851869	1.251200	-0.003816	1.860903
27.035126	1258.740610	1.256205	-0.003855	1.864391
27.134295	1263.735071	1.261210	-0.003879	1.867930
27.178554	1268.754316	1.266214	-0.003889	1.871466
27.089575	1273.717165	1.271219	-0.003868	1.874925
27.202936	1278.769406	1.276224	-0.003894	1.878488
27.254707	1283.857054	1.281229	-0.003907	1.882054
27.454270	1288.704894	1.286234	-0.003954	1.885481
27.574069	1293.719267	1.291238	-0.003982	1.888999
27.479872	1298.788945	1.296243	-0.003960	1.892499
27.532672	1303.729834	1.301248	-0.003972	1.895937
27.716265	1308.879198	1.306253	-0.004016	1.899544
27.850623	1313.838689	1.311258	-0.004047	1.903002
27.763965	1318.805158	1.316262	-0.004026	1.906407
27.928429	1323.835936	1.321267	-0.004065	1.909908
28.053242	1328.772339	1.326272	-0.004095	1.913328
27.970154	1333.812190	1.331277	-0.004075	1.916766
28.057630	1338.977323	1.336282	-0.004096	1.920322
28.166218	1343.861327	1.341286	-0.004121	1.923684
28.314452	1348.846672	1.346291	-0.004156	1.927119
28.399875	1353.857078	1.351296	-0.004177	1.930551
28.386420	1358.792684	1.356301	-0.004173	1.933903
28.425732	1363.882811	1.361306	-0.004182	1.937366
28.593761	1368.969126	1.366310	-0.004222	1.940849
28.618088	1373.868463	1.371315	-0.004228	1.944167
28.772586	1378.859389	1.376320	-0.004264	1.947571
28.781026	1383.912731	1.381325	-0.004266	1.950978
28.919226	1388.752188	1.386330	-0.004299	1.954264
28.970327	1393.840037	1.391334	-0.004311	1.957692
29.095972	1398.953391	1.396339	-0.004341	1.961148
29.053276	1403.832190	1.401344	-0.004330	1.964403
29.692396	1408.672589	1.406349	-0.004483	1.967779
29.745121	1413.728304	1.411354	-0.004495	1.971163
29.974991	1418.532037	1.416358	-0.004550	1.974412
29.827624	1423.785911	1.421363	-0.004514	1.977871
29.935824	1428.893406	1.426368	-0.004540	1.981284
30.020024	1433.709805	1.431373	-0.004560	1.984492
30.081335	1438.768459	1.436378	-0.004574	1.987851
30.126071	1443.795100	1.441382	-0.004584	1.991179
30.181461	1448.683722	1.446387	-0.004597	1.994413
30.309139	1453.784855	1.451392	-0.004628	1.997798
30.334723	1458.895913	1.456397	-0.004633	2.001161
30.476741	1463.747460	1.461402	-0.004667	2.004373
30.491390	1468.811977	1.466406	-0.004670	2.007692
30.519600	1473.838314	1.471411	-0.004677	2.010984
30.636475	1478.680674	1.476416	-0.004705	2.014169
30.770958	1483.828931	1.481421	-0.004736	2.017552
30.827830	1489.003068	1.486426	-0.004750	2.020930
30.880140	1493.841759	1.491430	-0.004762	2.024084
30.970125	1498.891631	1.496435	-0.004783	2.027377
31.003645	1503.933522	1.501440	-0.004791	2.030648
31.067120	1508.782698	1.506445	-0.004806	2.033795
31.221478	1513.874135	1.511450	-0.004843	2.037113
31.221047	1518.967567	1.516454	-0.004842	2.040394
31.248957	1523.880097	1.521459	-0.004849	2.043560
31.302995	1528.891337	1.526464	-0.004861	2.046790
31.300399	1533.945106	1.531469	-0.004860	2.050029
31.434876	1538.849775	1.536474	-0.004892	2.053197
31.536536	1543.894182	1.541478	-0.004916	2.056443
31.662160	1549.084600	1.546483	-0.004946	2.059782
31.870765	1553.929569	1.551488	-0.004996	2.062913
31.707500	1558.984893	1.556493	-0.004956	2.066094
31.836607	1564.014326	1.561498	-0.004987	2.069316
31.790063	1568.956705	1.566502	-0.004975	2.072440
32.013118	1573.883197	1.571507	-0.005029	2.075607
32.030496	1579.096164	1.576512	-0.005032	2.078906
32.010845	1584.059674	1.581517	-0.005027	2.082035
32.263524	1588.963723	1.586522	-0.005088	2.085179
32.200137	1594.046194	1.591526	-0.005072	2.088364
32.266435	1599.034781	1.596531	-0.005088	2.091513
32.392046	1603.945702	1.601536	-0.005117	2.094620
32.515526	1609.162626	1.606541	-0.005147	2.097914
32.627254	1614.151498	1.611546	-0.005173	2.101058
32.701401	1619.022990	1.616550	-0.005191	2.104116
32.594043	1624.136785	1.621555	-0.005165	2.107283
32.693214	1629.149498	1.626560	-0.005188	2.110425
32.866807	1633.972774	1.631565	-0.005229	2.113460
32.957872	1639.088257	1.636570	-0.005251	2.116655
33.048320	1644.193096	1.641574	-0.005272	2.119838
32.963343	1649.121983	1.646579	-0.005252	2.122872
33.033667	1654.143907	1.651584	-0.005268	2.125991
33.131966	1659.180538	1.656589	-0.005291	2.129120
33.208615	1664.064498	1.661594	-0.005309	2.132146
33.336436	1669.011527	1.666598	-0.005340	2.135216
33.380995	1674.307620	1.671603	-0.005350	2.138480
33.408603	1679.257490	1.676608	-0.005356	2.141523
33.429406	1684.202115	1.681613	-0.005361	2.144558
33.505769	1689.257346	1.686618	-0.005379	2.147666
33.687272	1694.209195	1.691622	-0.005422	2.150729
33.635459	1699.161720	1.696627	-0.005410	2.153740
33.786854	1704.254758	1.701632	-0.005446	2.156874
33.822818	1709.391166	1.706637	-0.005454	2.160006
33.867062	1714.249582	1.711642	-0.005464	2.162966
33.979436	1719.234313	1.716646	-0.005491	2.166013
34.044002	1724.271617	1.721651	-0.005506	2.169078
34.094900	1729.194824	1.726656	-0.005518	2.172066
34.158896	1734.211056	1.731661	-0.005533	2.175110
34.070356	1739.545963	1.736666	-0.005511	2.178311
34.152695	1744.469608	1.741670	-0.005531	2.181294
34.272478	1749.382942	1.746675	-0.005559	2.184273
34.443250	1754.418031	1.751680	-0.005600	2.187332
34.550150	1759.405543	1.756685	-0.005625	2.190345
34.502336	1764.333713	1.761690	-0.005613	2.193288
34.526868	1769.457977	1.766694	-0.005619	2.196359
34.724854	1774.505448	1.771699	-0.005666	2.199413
34.749075	1779.383731	1.776704	-0.005671	2.202329
34.605973	1784.459541	1.781709	-0.005637	2.205326
34.946393	1789.439545	1.786714	-0.005718	2.208355
34.934359	1794.386773	1.791718	-0.005715	2.211292
34.923637	1799.370933	1.796723	-0.005712	2.214248
35.063758	1804.632050	1.801728	-0.005745	2.217393
34.981174	1809.684866	1.806733	-0.005725	2.220368
35.257903	1814.497946	1.811738	-0.005791	2.223266
35.273057	1819.553641	1.816742	-0.005795	2.226253
35.418844	1824.589562	1.821747	-0.005829	2.229249
35.321093	1829.477548	1.826752	-0.005805	2.232108
35.368331	1834.523619	1.831757	-0.005817	2.235084
35.592995	1839.662300	1.836762	-0.005870	2.238144
35.610009	1844.619708	1.841766	-0.005874	2.241054
35.645888	1849.554816	1.846771	-0.005882	2.243950
35.878086	1854.562838	1.851776	-0.005937	2.246923
35.785380	1859.653433	1.856781	-0.005915	2.249879
35.747871	1864.562864	1.861786	-0.005906	2.252735
35.854507	1869.706087	1.866790	-0.005931	2.255751
36.058051	1874.846027	1.871795	-0.005979	2.258780
36.157856	1879.696810	1.876800	-0.006003	2.261617
36.080879	1884.735185	1.881805	-0.005984	2.264526
36.127004	1889.765221	1.886810	-0.005995	2.267450
36.152317	1894.724812	1.891814	-0.006001	2.270325
36.251893	1899.637954	1.896819	-0.006024	2.273183
36.300963	1904.788072	1.901824	-0.006036	2.276166
36.416967	1909.875829	1.906829	-0.006063	2.279120
36.537186	1914.712339	1.911834	-0.006092	2.281928
36.505313	1919.764658	1.916838	-0.006084	2.284827
36.643404	1924.800730	1.921843	-0.006116	2.287745
36.605639	1929.788562	1.926848	-0.006107	2.290600
36.816333	1934.646354	1.931853	-0.006157	2.293421
36.834979	1939.932255	1.936858	-0.006161	2.296449
36.816342	1945.027450	1.941862	-0.006157	2.299358
36.912883	1949.856940	1.946867	-0.006180	2.302132
37.084569	1954.836232	1.951872	-0.006220	2.305002
37.112985	1959.861573	1.956877	-0.006227	2.307868
37.166308	1964.809423	1.961882	-0.006239	2.310691
37.135136	1969.800498	1.966886	-0.006232	2.313520
37.108689	1975.027692	1.971891	-0.006225	2.316480
37.254338	1980.046505	1.976896	-0.006260	2.319350
37.422320	1984.854195	1.981901	-0.006299	2.322101
37.516833	1989.912439	1.986906	-0.006322	2.324976
37.469615	1994.984794	1.991910	-0.006310	2.327831
37.560561	1999.917691	1.996915	-0.006332	2.330628
37.715774	2004.837505	2.001920	-0.006369	2.333426
37.735309	2010.132761	2.006925	-0.006373	2.336408
37.825889	2015.215068	2.011930	-0.006394	2.339279
37.847365	2020.033348	2.016934	-0.006399	2.341986
38.033727	2025.018028	2.021939	-0.006443	2.344812
37.989061	2030.090575	2.026944	-0.006432	2.347643
38.005453	2035.023838	2.031949	-0.006436	2.350404
38.175809	2039.956849	2.036954	-0.006477	2.353188
38.092203	2045.192538	2.041958	-0.006456	2.356093
38.313441	2050.212380	2.046963	-0.006509	2.358928
38.311350	2055.063552	2.051968	-0.006508	2.361627
38.359549	2060.120448	2.056973	-0.006519	2.364445
38.424151	2065.161892	2.061978	-0.006535	2.367255
38.459405	2070.144001	2.066982	-0.006543	2.370023
38.623695	2075.030781	2.071987	-0.006582	2.372758
38.619923	2080.266988	2.076992	-0.006581	2.375653
38.747947	2085.369255	2.081997	-0.006611	2.378494
38.651487	2090.276344	2.087002	-0.006588	2.381184
38.856891	2095.196729	2.092006	-0.006636	2.383932
38.956781	2100.235940	2.097011	-0.006660	2.386723
39.058868	2105.216513	2.102016	-0.006684	2.389480
39.067272	2110.115298	2.107021	-0.006686	2.392172
39.062252	2115.332411	2.112026	-0.006684	2.395033
39.022522	2120.471785	2.117030	-0.006675	2.397842
39.125784	2125.364676	2.122035	-0.006699	2.400538
39.266873	2130.236364	2.127040	-0.006733	2.403225
39.456195	2135.266562	2.132045	-0.006778	2.406005
39.449661	2140.309908	2.137050	-0.006776	2.408754
39.467328	2145.163658	2.142054	-0.006780	2.411402
39.621607	2150.280242	2.147059	-0.006816	2.414213
39.678819	2155.509516	2.152064	-0.006830	2.417065
39.674841	2160.474288	2.157069	-0.006828	2.419760
39.643615	2165.417725	2.162074	-0.006821	2.422435
39.799429	2170.438497	2.167078	-0.006858	2.425182
39.884418	2175.470818	2.172083	-0.006878	2.427919
39.986562	2180.311655	2.177088	-0.006902	2.430553
39.900069	2185.383218	2.182093	-0.006881	2.433277
40.070177	2190.574610	2.187098	-0.006921	2.436105
40.125495	2195.583705	2.192102	-0.006934	2.438813
40.245680	2200.404844	2.197107	-0.006963	2.441428
40.234008	2205.498491	2.202112	-0.006960	2.444164
40.242941	2210.556490	2.207117	-0.006962	2.446881
40.347143	2215.503567	2.212122	-0.006986	2.449552
40.353802	2220.443732	2.217126	-0.006987	2.452199
40.672030	2225.590157	2.222131	-0.007063	2.455007
40.497983	2230.785325	2.227136	-0.007021	2.457755
40.610335	2235.614023	2.232141	-0.007048	2.460352
40.617982	2240.667328	2.237146	-0.007050	2.463048
40.710450	2245.685660	2.242150	-0.007071	2.465738
40.739367	2250.733141	2.247155	-0.007078	2.468429
40.748613	2255.597826	2.252160	-0.007080	2.471017
40.933743	2260.660721	2.257165	-0.007124	2.473736
40.961280	2265.849287	2.262170	-0.007130	2.476493
40.940799	2270.817233	2.267174	-0.007125	2.479122
41.061704	2275.713728	2.272179	-0.007154	2.481734
41.201532	2280.727988	2.277184	-0.007187	2.484409
41.040611	2285.786182	2.282189	-0.007148	2.487054
41.245625	2290.662923	2.287194	-0.007197	2.489661
41.252446	2295.616488	2.292198	-0.007198	2.492273
41.442176	2300.861038	2.297203	-0.007243	2.495065
41.313174	2306.040598	2.302208	-0.007212	2.497769
41.435590	2310.852312	2.307213	-0.007241	2.500317
41.459808	2315.894305	2.312218	-0.007247	2.502967
41.475845	2320.954016	2.317222	-0.007250	2.505622
41.619431	2325.941745	2.322227	-0.007284	2.508258
41.671634	2330.789377	2.327232	-0.007297	2.510803
41.837346	2335.847348	2.332237	-0.007336	2.513473
41.861419	2341.058974	2.337242	-0.007341	2.516198
41.909392	2346.010479	2.342246	-0.007353	2.518788
42.061112	2350.896391	2.347251	-0.007389	2.521358
42.015944	2356.002083	2.352256	-0.007378	2.524008
42.115163	2360.991357	2.357261	-0.007401	2.526618
42.148854	2365.979905	2.362266	-0.007409	2.529215
42.099698	2370.929925	2.367270	-0.007397	2.531775
42.201128	2376.154534	2.372275	-0.007421	2.534499
42.426823	2381.227404	2.377280	-0.007474	2.537162
42.497863	2386.107009	2.382285	-0.007491	2.539697
42.593750	2391.088743	2.387290	-0.007514	2.542287
42.655773	2396.119608	2.392294	-0.007528	2.544893
42.640793	2401.216596	2.397299	-0.007524	2.547519
42.603561	2406.093472	2.402304	-0.007515	2.550026
42.722110	2411.082906	2.407309	-0.007543	2.552612
42.639066	2416.386340	2.412314	-0.007523	2.555325
42.909270	2421.351544	2.417318	-0.007588	2.557918
43.053441	2426.136908	2.422323	-0.007622	2.560396
43.011481	2431.242136	2.427328	-0.007611	2.563006
42.905409	2436.325537	2.432333	-0.007586	2.565592
42.990158	2441.339945	2.437338	-0.007606	2.568170
43.048112	2446.206296	2.442342	-0.007619	2.570666
43.190021	2451.300076	2.447347	-0.007653	2.573288
43.305665	2456.508834	2.452352	-0.007680	2.575962
43.326626	2461.403217	2.457357	-0.007685	2.578459
43.457591	2466.235880	2.462362	-0.007716	2.580939
43.519421	2471.282653	2.467366	-0.007731	2.583515
43.484538	2476.358820	2.472371	-0.007722	2.586088
43.467865	2481.303676	2.477376	-0.007718	2.588594
43.610663	2486.190765	2.482381	-0.007752	2.591094
43.796817	2491.316385	2.487386	-0.007796	2.593719
43.800304	2496.471847	2.492390	-0.007797	2.596328
43.825764	2501.401191	2.497395	-0.007802	2.598823
43.730299	2506.368735	2.502400	-0.007779	2.601317
43.828552	2511.406720	2.507405	-0.007802	2.603873
43.984104	2516.443727	2.512410	-0.007839	2.606436
44.032764	2521.341526	2.517414	-0.007851	2.608909
44.198566	2526.260513	2.522419	-0.007890	2.611409
44.044862	2531.592512	2.527424	-0.007853	2.614065
44.117182	2536.687568	2.532429	-0.007870	2.616633
44.194735	2541.585255	2.537434	-0.007888	2.619102
44.268636	2546.529224	2.542438	-0.007906	2.621590
44.376342	2551.584023	2.547443	-0.007931	2.624137
44.351187	2556.658183	2.552448	-0.007925	2.626670
44.439001	2561.509810	2.557453	-0.007946	2.629107
44.522733	2566.492981	2.562458	-0.007965	2.631607
44.547905	2571.726020	2.567462	-0.007971	2.634221
44.714026	2576.757954	2.572467	-0.008011	2.636752
44.763763	2581.614502	2.577472	-0.008022	2.639177
44.751365	2586.610220	2.582477	-0.008019	2.641659
44.765628	2591.722009	2.587482	-0.008022	2.644201
44.724509	2596.784986	2.592486	-0.008012	2.646707
44.910480	2601.610898	2.597491	-0.008056	2.649128
44.951234	2606.611274	2.602496	-0.008066	2.651611
45.019957	2611.957831	2.607501	-0.008082	2.654267
45.019703	2617.057074	2.612506	-0.008082	2.656788
45.145670	2621.861326	2.617510	-0.008111	2.659180
45.249401	2626.851966	2.622515	-0.008136	2.661658
45.220134	2631.944401	2.627520	-0.008129	2.664164
45.275865	2636.977966	2.632525	-0.008142	2.666652
45.110797	2641.889189	2.637530	-0.008102	2.669044
45.420182	2646.813096	2.642534	-0.008176	2.671511
45.509939	2651.961016	2.647539	-0.008197	2.674053
45.488267	2657.044295	2.652544	-0.008191	2.676544
45.500399	2661.883275	2.657549	-0.008194	2.678919
45.607943	2666.882127	2.662554	-0.008219	2.681383
45.739381	2671.912279	2.667558	-0.008251	2.683864
45.706757	2676.962550	2.672563	-0.008242	2.686329
45.681584	2681.868165	2.677568	-0.008236	2.688721
45.657949	2686.873010	2.682573	-0.008230	2.691161
45.843498	2692.148869	2.687578	-0.008274	2.693760
45.956133	2697.231881	2.692582	-0.008301	2.696253
46.023783	2702.101490	2.697587	-0.008317	2.698633
46.157428	2707.041731	2.702592	-0.008349	2.701055
46.218643	2712.100067	2.707597	-0.008363	2.703521
46.307540	2717.148983	2.712602	-0.008384	2.705985
46.300874	2722.037923	2.717606	-0.008382	2.708354
46.332330	2727.009335	2.722611	-0.008389	2.710768
46.461641	2732.189497	2.727616	-0.008420	2.713294
46.548999	2737.294740	2.732621	-0.008441	2.715776
46.388218	2742.268697	2.737626	-0.008402	2.718156
46.566579	2747.149646	2.742630	-0.008444	2.720538
46.580731	2752.231538	2.747635	-0.008447	2.722991
46.552348	2757.300236	2.752640	-0.008440	2.725430
46.719856	2762.200949	2.757645	-0.008480	2.727814
46.657032	2767.181756	2.762650	-0.008465	2.730201
47.110037	2772.267419	2.767654	-0.008573	2.732710
47.560382	2777.331478	2.772659	-0.008680	2.735206
47.711337	2782.270708	2.777664	-0.008716	2.737597
47.729507	2787.144343	2.782669	-0.008720	2.739936
47.714471	2792.242629	2.787674	-0.008716	2.742375
47.870275	2797.249030	2.792678	-0.008753	2.744793
48.055164	2802.197727	2.797683	-0.008797	2.747185
48.027235	2807.079289	2.802688	-0.008790	2.749513
48.023395	2812.194043	2.807693	-0.008789	2.751953
47.957313	2817.447050	2.812698	-0.008773	2.754449
48.032871	2822.432729	2.817702	-0.008791	2.756834
48.108974	2827.267112	2.822707	-0.008809	2.759146
48.207188	2832.300626	2.827712	-0.008832	2.761554
48.212095	2837.358957	2.832717	-0.008833	2.763958
48.324111	2842.392648	2.837722	-0.008859	2.766364
48.395030	2847.198020	2.842726	-0.008876	2.768653
48.392575	2852.284071	2.847731	-0.008875	2.771063
48.472917	2857.587512	2.852736	-0.008894	2.773586
48.675613	2862.603590	2.857741	-0.008942	2.775987
48.776282	2867.446775	2.862746	-0.008966	2.778291
48.791187	2872.338495	2.867750	-0.008969	2.780603
48.883292	2877.403439	2.872755	-0.008991	2.783006
48.764823	2882.484513	2.877760	-0.008963	2.785385
48.715768	2887.421489	2.882765	-0.008950	2.787705
48.874729	2892.335810	2.887770	-0.008988	2.790040
48.945728	2897.488040	2.892774	-0.009005	2.792473
49.121367	2902.613357	2.897779	-0.009047	2.794905
49.202870	2907.548741	2.902784	-0.009066	2.797234
49.056648	2912.469316	2.907789	-0.009031	2.799522
49.288220	2917.497409	2.912794	-0.009086	2.801911
49.277910	2922.553574	2.917798	-0.009083	2.804277
49.348587	2927.580895	2.922803	-0.009100	2.806639
49.312289	2932.452163	2.927808	-0.009091	2.808912
49.335486	2937.531845	2.932813	-0.009096	2.811288
49.400700	2942.915309	2.937818	-0.009111	2.813809
49.483353	2947.908780	2.942822	-0.009131	2.816149
49.443625	2952.758639	2.947827	-0.009121	2.818404
49.473073	2957.780589	2.952832	-0.009128	2.820746
49.677131	2962.801974	2.957837	-0.009176	2.823110
49.764259	2967.824902	2.962842	-0.009197	2.825456
49.781168	2972.714548	2.967846	-0.009201	2.827729
49.810849	2977.672371	2.972851	-0.009207	2.830034
49.731240	2982.924784	2.977856	-0.009188	2.832458
49.915603	2987.990027	2.982861	-0.009232	2.834830
49.991264	2992.930066	2.987866	-0.009250	2.837127
50.082196	2997.814326	2.992870	-0.009271	2.839398
50.003368	3002.904724	2.997875	-0.009252	2.841740
50.228224	3007.928406	3.002880	-0.009306	2.844090
50.263557	3012.911358	3.007885	-0.009314	2.846393
50.312510	3017.783304	3.012890	-0.009325	2.848646
50.277536	3022.890989	3.017894	-0.009317	2.850994
50.357997	3028.213568	3.022899	-0.009336	2.853455
50.393402	3033.268651	3.027904	-0.009344	2.855784
50.383546	3038.085483	3.032909	-0.009341	2.857996
50.615347	3043.090255	3.037914	-0.009396	2.860324
50.558977	3048.146767	3.042918	-0.009382	2.862637
50.558788	3053.226467	3.047923	-0.009382	2.864965
50.633769	3058.105092	3.052928	-0.009400	2.867209
50.600645	3063.068713	3.057933	-0.009392	2.869477
50.867794	3068.184865	3.062938	-0.009455	2.871852
50.917986	3073.311470	3.067942	-0.009467	2.874201
50.924464	3078.335237	3.072947	-0.009468	2.876495
50.920151	3083.224432	3.077952	-0.009467	2.878725
50.966333	3088.283678	3.082957	-0.009478	2.881037
51.125320	3093.298639	3.087962	-0.009515	2.883342
51.104646	3098.368898	3.092966	-0.009510	2.885646
51.063858	3103.210020	3.097971	-0.009500	2.887842
51.110793	3108.265218	3.102976	-0.009511	2.890146
51.258900	3113.469996	3.107981	-0.009546	2.892528
51.462882	3118.540493	3.112986	-0.009595	2.894855
51.318217	3123.455221	3.117990	-0.009560	2.897064
51.475230	3128.365328	3.122995	-0.009597	2.899308
51.572831	3133.420619	3.128000	-0.009620	2.901609
51.656583	3138.437686	3.133005	-0.009640	2.903888
51.605060	3143.456869	3.138010	-0.009627	2.906150
51.649371	3148.318206	3.143014	-0.009638	2.908350
51.637284	3153.410556	3.148019	-0.009635	2.910646
51.831430	3158.629864	3.153024	-0.009681	2.913024
51.808755	3163.664121	3.158029	-0.009675	2.915289
51.953087	3168.474661	3.163034	-0.009709	2.917473
51.915510	3173.498657	3.168038	-0.009700	2.919727
52.097256	3178.540072	3.173043	-0.009743	2.922017
51.989368	3183.653920	3.178048	-0.009717	2.924299
52.062872	3188.534631	3.183053	-0.009734	2.926498
52.232939	3193.421349	3.188058	-0.009775	2.928711
52.319687	3198.564998	3.193062	-0.009795	2.931027
52.148054	3203.902451	3.198067	-0.009754	2.933394
52.349436	3208.873600	3.203072	-0.009802	2.935644
52.236182	3213.687052	3.208077	-0.009774	2.937781
52.451002	3218.728363	3.213082	-0.009826	2.940060
52.583526	3223.751000	3.218086	-0.009857	2.942318
52.456365	3228.818046	3.223091	-0.009826	2.944562
52.657958	3233.675998	3.228096	-0.009874	2.946752
52.653927	3238.638353	3.233101	-0.009873	2.948961
52.759487	3243.809010	3.238106	-0.009898	2.951275
52.704229	3248.960743	3.243110	-0.009884	2.953559
52.665248	3254.013389	3.248115	-0.009875	2.955798
52.862892	3258.791487	3.253120	-0.009922	2.957945
52.836730	3263.884587	3.258125	-0.009915	2.960200
52.982851	3268.950194	3.263130	-0.009950	2.962464
52.909820	3274.022789	3.268134	-0.009932	2.964702
53.060601	3278.844409	3.273139	-0.009968	2.966855
53.105555	3283.833793	3.278144	-0.009978	2.969067
53.056870	3289.123412	3.283149	-0.009967	2.971398
53.320456	3294.269907	3.288154	-0.010029	2.973704
53.375974	3299.206321	3.293158	-0.010042	2.975889
53.287163	3304.112206	3.298163	-0.010021	2.978041
53.325749	3309.183255	3.303168	-0.010030	2.980280
53.415754	3314.184710	3.308173	-0.010051	2.982493
53.399282	3319.294572	3.313178	-0.010047	2.984739
53.707063	3324.049496	3.318182	-0.010120	2.986868
53.614265	3329.088221	3.323187	-0.010098	2.989070
53.612378	3334.294869	3.328192	-0.010097	2.991355
53.575931	3339.426973	3.333197	-0.010088	2.993602
53.833209	3344.365308	3.338202	-0.010149	2.995798
53.840672	3349.223860	3.343206	-0.010151	2.997927
53.734607	3354.303380	3.348211	-0.010125	3.000137
53.903765	3359.354006	3.353216	-0.010165	3.002367
54.010860	3364.353065	3.358221	-0.010191	3.004565
53.989738	3369.243204	3.363226	-0.010185	3.006698
54.066752	3374.243707	3.368230	-0.010203	3.008889
53.986072	3379.532858	3.373235	-0.010184	3.011186
54.132358	3384.671893	3.378240	-0.010219	3.013443
54.208728	3389.534720	3.383245	-0.010236	3.015570
54.223665	3394.430467	3.388250	-0.010240	3.017702
54.305406	3399.445942	3.393254	-0.010259	3.019893
54.450288	3404.486905	3.398259	-0.010293	3.022100
54.534632	3409.527743	3.403264	-0.010313	3.024299
54.394026	3414.392077	3.408269	-0.010279	3.026393
54.555074	3419.370367	3.413274	-0.010318	3.028570
54.554217	3424.524517	3.418278	-0.010317	3.030803
54.638134	3429.696963	3.423283	-0.010337	3.033053
54.774604	3434.673066	3.428288	-0.010369	3.035222
54.702853	3439.529715	3.433293	-0.010352	3.037313
54.731520	3444.604480	3.438298	-0.010358	3.039508
54.785451	3449.649101	3.443302	-0.010371	3.041693
54.869136	3454.708606	3.448307	-0.010391	3.043885
54.962435	3459.599598	3.453312	-0.010413	3.046005
54.967815	3464.538140	3.458317	-0.010414	3.048133
55.192946	3469.691613	3.463322	-0.010467	3.050378
55.191264	3474.952865	3.468326	-0.010467	3.052641
55.099900	3480.030858	3.473331	-0.010445	3.054812
55.085955	3484.832772	3.478336	-0.010441	3.056873
55.206854	3489.849919	3.483341	-0.010470	3.059041
55.243725	3494.945016	3.488346	-0.010478	3.061231
55.478553	3499.904221	3.493350	-0.010534	3.063385
55.480795	3504.832510	3.498355	-0.010534	3.065496
55.401911	3509.788190	3.503360	-0.010515	3.067607
55.449931	3514.873354	3.508365	-0.010526	3.069788
55.641456	3520.100596	3.513370	-0.010572	3.072045
55.535269	3525.170150	3.518374	-0.010546	3.074198
55.539734	3529.987917	3.523379	-0.010547	3.076254
55.675882	3534.978873	3.528384	-0.010579	3.078399
55.789487	3540.009651	3.533389	-0.010606	3.080557
55.875907	3545.072061	3.538394	-0.010627	3.082723
55.955314	3550.040964	3.543398	-0.010645	3.084847
55.918057	3554.906101	3.548403	-0.010636	3.086912
55.959209	3559.948954	3.553408	-0.010646	3.089061
55.958708	3565.322241	3.558413	-0.010645	3.091343
56.043056	3570.407518	3.563418	-0.010665	3.093511
56.199745	3575.268812	3.568422	-0.010702	3.095591
56.194993	3580.202296	3.573427	-0.010701	3.097682
56.255378	3585.254584	3.578432	-0.010715	3.099829
56.272525	3590.302398	3.583437	-0.010719	3.101967
56.327615	3595.376469	3.588442	-0.010732	3.104120
56.443432	3600.150725	3.593446	-0.010759	3.106151
56.489105	3605.149273	3.598451	-0.010770	3.108268
56.509390	3610.384597	3.603456	-0.010775	3.110480
56.580313	3615.515714	3.608461	-0.010791	3.112653
56.616952	3620.529487	3.613466	-0.010800	3.114771
56.557259	3625.370774	3.618470	-0.010785	3.116803
56.651124	3630.412625	3.623475	-0.010807	3.118936
56.602446	3635.517869	3.628480	-0.010795	3.121078
56.798027	3640.518001	3.633485	-0.010842	3.123203
56.810032	3645.464172	3.638490	-0.010844	3.125282
56.774710	3650.380493	3.643494	-0.010836	3.127342
56.892652	3655.514841	3.648499	-0.010864	3.129510
57.033866	3660.814763	3.653504	-0.010897	3.131748
57.021186	3665.866229	3.658509	-0.010894	3.133863
57.034275	3670.710437	3.663514	-0.010897	3.135892
57.181138	3675.674216	3.668518	-0.010932	3.137986
57.151399	3680.751609	3.673523	-0.010924	3.140105
57.221835	3685.789367	3.678528	-0.010941	3.142218
57.260654	3690.801034	3.683533	-0.010950	3.144315
57.311653	3695.642869	3.688538	-0.010962	3.146341
57.322344	3700.696522	3.693542	-0.010964	3.148450
57.325791	3705.848454	3.698547	-0.010965	3.150597
57.433672	3710.938711	3.703552	-0.010990	3.152729
57.461523	3715.859911	3.708557	-0.010996	3.154781
57.437529	3720.745875	3.713562	-0.010990	3.156810
57.535881	3725.778999	3.718566	-0.011014	3.158913
57.612105	3730.853862	3.723571	-0.011032	3.161029
57.713201	3735.900573	3.728576	-0.011055	3.163135
57.610744	3740.778625	3.733581	-0.011031	3.165147
57.766499	3745.718450	3.738586	-0.011068	3.167212
57.800132	3750.876364	3.743590	-0.011075	3.169353
57.906752	3756.159797	3.748595	-0.011101	3.171552
57.959443	3761.224542	3.753600	-0.011113	3.173653
57.897014	3766.026257	3.758605	-0.011098	3.175631
57.957902	3771.068871	3.763610	-0.011112	3.177721
58.065550	3776.085535	3.768614	-0.011138	3.179805
58.062994	3781.171671	3.773619	-0.011137	3.181903
58.205210	3786.176581	3.778624	-0.011170	3.183983
58.196205	3790.961985	3.783629	-0.011168	3.185953
58.174561	3796.034309	3.788634	-0.011162	3.188040
58.334003	3801.243157	3.793638	-0.011200	3.190201
58.274751	3806.374152	3.798643	-0.011186	3.192305
58.338379	3811.373553	3.803648	-0.011201	3.194367
58.451645	3816.174288	3.808653	-0.011228	3.196351
58.676603	3821.199758	3.813658	-0.011281	3.198439
58.635939	3826.280348	3.818662	-0.011271	3.200518
58.683926	3831.339598	3.823667	-0.011282	3.202597
58.598005	3836.288022	3.828672	-0.011262	3.204615
58.597971	3841.192025	3.833677	-0.011261	3.206623
58.753650	3846.307571	3.838682	-0.011298	3.208733
58.916258	3851.522443	3.843686	-0.011337	3.210883
58.944387	3856.581351	3.848691	-0.011343	3.212953
58.864328	3861.498216	3.853696	-0.011324	3.214952
58.979486	3866.364978	3.858701	-0.011351	3.216951
58.980713	3871.505766	3.863706	-0.011351	3.219048
59.169421	3876.491644	3.868710	-0.011396	3.221101
59.111717	3881.541407	3.873715	-0.011382	3.223151
59.125208	3886.407305	3.878720	-0.011385	3.225133
59.192380	3891.344735	3.883725	-0.011401	3.227149
59.323851	3896.523083	3.888730	-0.011432	3.229269
59.423365	3901.684994	3.893734	-0.011455	3.231377
59.277518	3906.767429	3.898739	-0.011420	3.233424
59.377170	3911.535058	3.903744	-0.011444	3.235370
59.420358	3916.546278	3.908749	-0.011454	3.237407
59.585780	3921.620528	3.913754	-0.011493	3.239481
59.607755	3926.635341	3.918758	-0.011498	3.241514
59.439179	3931.718742	3.923763	-0.011457	3.243553
59.623922	3936.487299	3.928768	-0.011501	3.245502
59.856133	3941.501834	3.933773	-0.011557	3.247554
59.810159	3946.854137	3.938778	-0.011545	3.249712
59.795038	3951.989067	3.943782	-0.011541	3.251783
59.761015	3957.028578	3.948787	-0.011533	3.253813
59.887794	3961.792308	3.953792	-0.011563	3.255747
60.039947	3966.833461	3.958797	-0.011599	3.257795
60.032827	3971.905386	3.963802	-0.011597	3.259837
60.077663	3976.945756	3.968806	-0.011608	3.261870
60.048511	3981.925835	3.973811	-0.011600	3.263870
60.064126	3986.797661	3.978816	-0.011604	3.265830
60.206966	3991.805834	3.983821	-0.011638	3.267857
60.291991	3997.108593	3.988826	-0.011658	3.269995
60.356431	4002.149459	3.993830	-0.011673	3.272024
60.347888	4007.101418	3.998835	-0.011671	3.274009
60.323662	4011.992728	4.003840	-0.011665	3.275966
60.408927	4017.030337	4.008845	-0.011685	3.277993
60.437777	4022.115640	4.013850	-0.011691	3.280031
60.384565	4027.157074	4.018854	-0.011678	3.282042
60.470037	4032.109533	4.023859	-0.011698	3.284031
60.755746	4036.936423	4.028864	-0.011767	3.285989
60.796828	4041.991878	4.033869	-0.011776	3.288012
60.714123	4047.522877	4.038874	-0.011756	3.290210
60.841738	4052.509598	4.043878	-0.011786	3.292212
60.711466	4057.468525	4.048883	-0.011755	3.294175
60.795083	4062.230634	4.053888	-0.011775	3.296080
60.863043	4067.236555	4.058893	-0.011791	3.298080
60.895356	4072.375789	4.063898	-0.011798	3.300127
60.854799	4077.400691	4.068902	-0.011788	3.302121
61.027204	4082.301991	4.073907	-0.011829	3.304086
61.070972	4087.163740	4.078912	-0.011839	3.306021
61.004468	4092.268923	4.083917	-0.011823	3.308040
61.130918	4097.577013	4.088922	-0.011853	3.310158
61.155691	4102.612648	4.093926	-0.011859	3.312157
61.364895	4107.418596	4.098931	-0.011908	3.314082
61.249642	4112.403012	4.103936	-0.011880	3.316043
61.369317	4117.429921	4.108941	-0.011909	3.318044
61.530555	4122.446683	4.113946	-0.011947	3.320045
61.410773	4127.575499	4.118950	-0.011918	3.322059
61.538439	4132.427710	4.123955	-0.011948	3.323988
61.509374	4137.365618	4.128960	-0.011941	3.325934
61.522707	4142.491660	4.133965	-0.011944	3.327958
61.651575	4147.845765	4.138970	-0.011975	3.330082
61.656732	4152.942310	4.143974	-0.011976	3.332090
61.733779	4157.790843	4.148979	-0.011994	3.334007
61.893324	4162.672303	4.153984	-0.012032	3.335944
61.904055	4167.720823	4.158989	-0.012034	3.337931
61.929172	4172.788473	4.163994	-0.012040	3.339925
62.039055	4177.861778	4.168998	-0.012066	3.341929
62.040885	4182.735567	4.174003	-0.012066	3.343843
62.134694	4187.606574	4.179008	-0.012088	3.345763
62.094362	4192.730226	4.184013	-0.012078	3.347768
62.229707	4198.021733	4.189018	-0.012110	3.349855
62.151587	4203.072133	4.194022	-0.012091	3.351825
62.251880	4207.972353	4.199027	-0.012115	3.353754
62.304172	4212.860720	4.204032	-0.012127	3.355671
62.276680	4217.934680	4.209037	-0.012120	3.357652
62.406077	4223.014998	4.214042	-0.012151	3.359650
62.466613	4228.024235	4.219046	-0.012165	3.361612
62.554552	4232.970135	4.224051	-0.012186	3.363551
62.480887	4237.904617	4.229056	-0.012168	3.365469
62.419815	4242.958781	4.234061	-0.012153	3.367433
62.756527	4248.345262	4.239066	-0.012233	3.369565
62.670530	4253.411199	4.244070	-0.012213	3.371529
62.798654	4258.274013	4.249075	-0.012243	3.373434
62.869009	4263.140052	4.254080	-0.012259	3.375333
62.825707	4268.246991	4.259085	-0.012249	3.377314
62.900541	4273.284711	4.264090	-0.012266	3.379278
62.952801	4278.332806	4.269094	-0.012279	3.381243
62.934824	4283.315797	4.274099	-0.012274	3.383175
62.996367	4288.180546	4.279104	-0.012289	3.385067
63.124981	4293.168589	4.284109	-0.012319	3.387013
63.208645	4298.464531	4.289114	-0.012339	3.389073
63.146419	4303.591414	4.294118	-0.012324	3.391051
63.164984	4308.543165	4.299123	-0.012328	3.392969
63.246356	4313.345962	4.304128	-0.012347	3.394834
63.357681	4318.393433	4.309133	-0.012373	3.396795
63.409830	4323.479224	4.314138	-0.012385	3.398765
63.283442	4328.560264	4.319142	-0.012355	3.400714
63.449473	4333.533785	4.324147	-0.012394	3.402649
63.323078	4338.414859	4.329152	-0.012364	3.404518
63.539302	4343.399045	4.334157	-0.012415	3.406460
63.686176	4348.675483	4.339162	-0.012450	3.408506
63.727305	4353.811761	4.344166	-0.012460	3.410487
63.739996	4358.895786	4.349171	-0.012463	3.412444
63.767946	4363.646653	4.354176	-0.012469	3.414273
63.774395	4368.666409	4.359181	-0.012470	3.416203
63.838459	4373.736943	4.364186	-0.012485	3.418156
63.881950	4378.793671	4.369190	-0.012495	3.420101
63.919497	4383.836895	4.374195	-0.012504	3.422039
63.849721	4388.665926	4.379200	-0.012487	3.423884
63.935865	4393.688541	4.384205	-0.012507	3.425817
64.002913	4398.829768	4.389210	-0.012523	3.427792
64.029441	4404.064226	4.394214	-0.012529	3.429798
64.073115	4409.087606	4.399219	-0.012539	3.431723
64.223771	4413.926609	4.404224	-0.012575	3.433588
64.227273	4418.870966	4.409229	-0.012576	3.435477
64.292715	4423.969985	4.414234	-0.012591	3.437431
64.156881	4429.060693	4.419238	-0.012558	3.439360
64.279741	4434.084666	4.424243	-0.012587	3.441289
64.572562	4438.938298	4.429248	-0.012657	3.443167
64.644640	4443.824254	4.434253	-0.012674	3.445036
64.566272	4448.935383	4.439258	-0.012655	3.446974
64.574686	4454.407320	4.444262	-0.012657	3.449058
64.628876	4459.420314	4.449267	-0.012670	3.450970
64.602452	4464.408795	4.454272	-0.012663	3.452863
64.768979	4469.190295	4.459277	-0.012702	3.454696
64.632019	4474.220231	4.464282	-0.012669	3.456593
64.778052	4479.233456	4.469286	-0.012704	3.458510
64.736463	4484.272035	4.474291	-0.012694	3.460417
65.015948	4489.230979	4.479296	-0.012760	3.462323
64.933115	4494.084411	4.484301	-0.012740	3.464155
65.088987	4499.108799	4.489306	-0.012777	3.466072
65.050526	4504.333324	4.494310	-0.012768	3.468046
65.085319	4509.481340	4.499315	-0.012776	3.469996
65.168032	4514.539304	4.504320	-0.012795	3.471916
65.240109	4519.265606	4.509325	-0.012812	3.473709
65.263490	4524.359619	4.514330	-0.012818	3.475635
65.271084	4529.422363	4.519334	-0.012819	3.477547
65.271633	4534.480552	4.524339	-0.012819	3.479455
65.223988	4539.549429	4.529344	-0.012807	3.481361
65.360096	4544.344766	4.534349	-0.012840	3.483181
65.476473	4549.325011	4.539354	-0.012867	3.485068
65.456628	4554.444879	4.544358	-0.012862	3.486993
65.491625	4559.821964	4.549363	-0.012870	3.489019
65.667663	4564.859728	4.554368	-0.012912	3.490930
65.581384	4569.767968	4.559373	-0.012891	3.492766
65.661978	4574.657954	4.564378	-0.012910	3.494611
65.605978	4579.730966	4.569382	-0.012897	3.496510
65.746191	4584.786165	4.574387	-0.012930	3.498419
65.897823	4589.821355	4.579392	-0.012966	3.500322
65.843864	4594.798822	4.584397	-0.012953	3.502182
65.901708	4599.662766	4.589402	-0.012966	3.504009
65.893779	4604.718250	4.594406	-0.012964	3.505901
65.890242	4609.937259	4.599411	-0.012963	3.507854
65.904520	4615.081274	4.604416	-0.012966	3.509779
65.948684	4620.153039	4.609421	-0.012976	3.511679
66.115684	4624.861947	4.614426	-0.013016	3.513453
66.218462	4629.909498	4.619430	-0.013040	3.515347
66.171874	4634.974198	4.624435	-0.013029	3.517233
66.276858	4640.043436	4.629440	-0.013054	3.519133
66.172581	4645.099358	4.634445	-0.013028	3.521008
66.252819	4649.993317	4.639450	-0.013047	3.522839
66.269177	4654.917372	4.644454	-0.013051	3.524674
66.536298	4659.962455	4.649459	-0.013115	3.526576
66.513875	4665.449489	4.654464	-0.013109	3.528615
66.611558	4670.468270	4.659469	-0.013132	3.530490
66.624458	4675.379562	4.664474	-0.013135	3.532316
66.565088	4680.233011	4.669478	-0.013120	3.534113
66.587367	4685.299287	4.674483	-0.013125	3.535996
66.818987	4690.346211	4.679488	-0.013181	3.537889
66.687611	4695.429631	4.684493	-0.013149	3.539762
66.780894	4700.450352	4.689498	-0.013171	3.541631
66.779397	4705.222234	4.694502	-0.013170	3.543399
66.956931	4710.243508	4.699507	-0.013212	3.545274
66.927271	4715.423841	4.704512	-0.013205	3.547188
66.977602	4720.620267	4.709517	-0.013217	3.549114
67.068882	4725.687846	4.714522	-0.013238	3.550996
67.273915	4730.452199	4.719526	-0.013287	3.552774
67.327206	4735.342429	4.724531	-0.013300	3.554585
67.526112	4740.439820	4.729536	-0.013347	3.556484
67.541974	4745.472197	4.734541	-0.013350	3.558341
67.496504	4750.583184	4.739546	-0.013339	3.560221
67.587466	4755.488100	4.744550	-0.013361	3.562037
67.707043	4760.314799	4.749555	-0.013389	3.563825
67.653563	4765.409304	4.754560	-0.013376	3.565695
67.667077	4770.766810	4.759565	-0.013379	3.567668
67.723818	4775.883210	4.764570	-0.013392	3.569554
67.776793	4780.935280	4.769574	-0.013405	3.571415
67.825074	4785.658765	4.774579	-0.013416	3.573155
67.848572	4790.739304	4.779584	-0.013421	3.575022
67.906414	4795.771604	4.784589	-0.013435	3.576873
67.970714	4800.835612	4.789594	-0.013450	3.578736
67.922736	4805.938083	4.794598	-0.013438	3.580602
68.027321	4810.788811	4.799603	-0.013463	3.582389
68.135388	4815.688052	4.804608	-0.013488	3.584192
68.332220	4820.723539	4.809613	-0.013535	3.586053
68.205025	4826.094651	4.814618	-0.013505	3.588006
68.310731	4831.127797	4.819622	-0.013530	3.589856
68.343889	4836.069208	4.824627	-0.013537	3.591664
68.363785	4840.901772	4.829632	-0.013542	3.593431
68.446875	4845.951519	4.834637	-0.013561	3.595282
68.373469	4851.042590	4.839642	-0.013543	3.597133
68.439468	4856.067461	4.844646	-0.013559	3.598971
68.663597	4861.120130	4.849651	-0.013612	3.600832
68.671086	4865.917517	4.854656	-0.013614	3.602581
68.660559	4870.934245	4.859661	-0.013611	3.604406
68.585055	4876.066984	4.864666	-0.013593	3.606268
68.679446	4881.505633	4.869670	-0.013615	3.608254
68.811159	4886.513174	4.874675	-0.013646	3.610086
68.834219	4891.454075	4.879680	-0.013651	3.611884
68.877804	4896.281601	4.884685	-0.013662	3.613641
69.003123	4901.316341	4.889690	-0.013691	3.615479
69.050847	4906.419668	4.894694	-0.013702	3.617335
68.875689	4911.450001	4.899699	-0.013660	3.619144
68.937234	4916.549159	4.904704	-0.013675	3.620997
68.905135	4921.292452	4.909709	-0.013667	3.622713
69.080844	4926.337393	4.914714	-0.013709	3.624555
69.148331	4931.477333	4.919718	-0.013724	3.626421
69.188179	4936.684398	4.924723	-0.013734	3.628308
69.206220	4941.743947	4.929728	-0.013738	3.630139
69.240380	4946.606051	4.934733	-0.013746	3.631898
69.277429	4951.410183	4.939738	-0.013754	3.633637
69.416307	4956.435338	4.944742	-0.013787	3.635463
69.484163	4961.483493	4.949747	-0.013803	3.637290
69.500679	4966.555122	4.954752	-0.013807	3.639121
69.537460	4971.594157	4.959757	-0.013815	3.640940
69.662497	4976.328685	4.964762	-0.013845	3.642657
69.466449	4981.461946	4.969766	-0.013798	3.644488
69.690158	4986.614868	4.974771	-0.013851	3.646362
69.695083	4991.937169	4.979776	-0.013852	3.648277
69.654011	4996.993573	4.984781	-0.013842	3.650092
69.704753	5001.869912	4.989786	-0.013854	3.651848
69.931088	5006.714719	4.994790	-0.013907	3.653608
70.031904	5011.740468	4.999795	-0.013931	3.655421
69.958943	5016.903963	5.004800	-0.013914	3.657268
69.868308	5021.938421	5.009805	-0.013892	3.659066
70.022090	5026.955702	5.014810	-0.013928	3.660877
70.160375	5031.666359	5.019814	-0.013961	3.662577
70.196767	5036.759955	5.024819	-0.013969	3.664404
70.336651	5041.904014	5.029824	-0.014002	3.666257
70.313551	5047.122438	5.034829	-0.013997	3.668122
70.287451	5052.187047	5.039834	-0.013990	3.669931
70.278236	5057.076312	5.044838	-0.013988	3.671678
70.323423	5061.939322	5.049843	-0.013998	3.673419
70.504961	5067.039175	5.054848	-0.014041	3.675256
70.481203	5072.123573	5.059853	-0.014035	3.677068
70.347655	5077.217090	5.064858	-0.014003	3.678874
70.504794	5082.206925	5.069862	-0.014040	3.680666
70.754882	5086.926792	5.074867	-0.014100	3.682369
70.944769	5091.967261	5.079872	-0.014145	3.684181
70.959491	5097.137419	5.084877	-0.014148	3.686023
70.887321	5102.492915	5.089882	-0.014131	3.687923
71.199720	5107.482523	5.094886	-0.014205	3.689723
71.105321	5112.419111	5.099891	-0.014182	3.691470
71.185477	5117.299473	5.104896	-0.014201	3.693211
71.120787	5122.339208	5.109901	-0.014186	3.694996
71.126496	5127.443136	5.114906	-0.014187	3.696808
71.237940	5132.443843	5.119910	-0.014213	3.698592
71.293304	5137.547294	5.124915	-0.014226	3.700406
71.411619	5142.265064	5.129920	-0.014254	3.702088
71.348966	5147.267912	5.134925	-0.014239	3.703856
71.437459	5152.388570	5.139930	-0.014260	3.705676
71.348379	5157.721735	5.144934	-0.014238	3.707557
71.521203	5162.756383	5.149939	-0.014279	3.709352
71.605362	5167.665876	5.154944	-0.014299	3.711095
71.487827	5172.509004	5.159949	-0.014271	3.712797
71.631478	5177.585989	5.164954	-0.014305	3.714603
71.712967	5182.635760	5.169958	-0.014324	3.716393
71.793569	5187.649275	5.174963	-0.014343	3.718169
71.845967	5192.731078	5.179968	-0.014355	3.719966
71.794535	5197.557899	5.184973	-0.014343	3.721664
71.746750	5202.541090	5.189978	-0.014331	3.723416
71.824022	5207.591522	5.194982	-0.014349	3.725201
71.951726	5213.073434	5.199987	-0.014379	3.727142
72.103469	5218.120587	5.204992	-0.014415	3.728931
72.036991	5223.061019	5.209997	-0.014399	3.730663
71.959814	5227.883649	5.215002	-0.014380	3.732352
72.151582	5232.922479	5.220006	-0.014426	3.734139
72.276168	5237.961559	5.225011	-0.014456	3.735919
72.233790	5243.021243	5.230016	-0.014445	3.737692
72.178970	5248.172491	5.235021	-0.014432	3.739495
72.295236	5252.983139	5.240026	-0.014459	3.741192
72.382607	5257.841867	5.245030	-0.014480	3.742903
72.391264	5262.928606	5.250035	-0.014482	3.744686
72.532570	5268.258180	5.255040	-0.014515	3.746564
72.540139	5273.273468	5.260045	-0.014517	3.748320
72.647711	5278.376937	5.265050	-0.014542	3.750115
72.684565	5283.113520	5.270054	-0.014551	3.751775
72.484240	5288.181841	5.275059	-0.014503	3.753530
72.548272	5293.290864	5.280064	-0.014518	3.755321
72.676073	5298.329590	5.285069	-0.014548	3.757091
72.654456	5303.388054	5.290074	-0.014542	3.758855
72.728644	5308.352631	5.295078	-0.014560	3.760594
72.750972	5313.169396	5.300083	-0.014565	3.762275
72.799015	5318.245732	5.305088	-0.014576	3.764049
72.972462	5323.506320	5.310093	-0.014617	3.765896
72.924412	5328.804129	5.315098	-0.014606	3.767737
72.885273	5333.867478	5.320102	-0.014596	3.769497
73.053727	5338.699062	5.325107	-0.014636	3.771192
73.063423	5343.591605	5.330112	-0.014638	3.772894
73.211165	5348.603020	5.335117	-0.014673	3.774648
73.167779	5353.775464	5.340122	-0.014662	3.776442
73.161003	5358.802654	5.345126	-0.014661	3.778187
73.169549	5363.861948	5.350131	-0.014662	3.779944
73.412472	5368.567855	5.355136	-0.014720	3.781597
73.325580	5373.601272	5.360141	-0.014699	3.783336
73.426882	5378.692305	5.365146	-0.014723	3.785109
73.354933	5384.049534	5.370150	-0.014706	3.786959
73.480189	5389.040887	5.375155	-0.014735	3.788698
73.356836	5394.089254	5.380160	-0.014705	3.790436
73.463066	5398.847749	5.385165	-0.014731	3.792091
73.534635	5403.892450	5.390170	-0.014747	3.793841
73.563481	5409.005190	5.395174	-0.014754	3.795611
73.605387	5414.025202	5.400179	-0.014764	3.797349
73.647280	5419.129791	5.405184	-0.014774	3.799116
73.635767	5424.005581	5.410189	-0.014770	3.800798
73.778610	5428.844982	5.415194	-0.014804	3.802479
73.936519	5433.943862	5.420198	-0.014842	3.804251
74.012494	5439.282854	5.425203	-0.014860	3.806097
74.000733	5444.464877	5.430208	-0.014857	3.807882
74.082655	5449.489489	5.435213	-0.014876	3.809619
74.081543	5454.255832	5.440218	-0.014875	3.811260
74.058630	5459.285900	5.445222	-0.014870	3.812989
74.150509	5464.276038	5.450227	-0.014891	3.814713
74.037454	5469.454459	5.455232	-0.014864	3.816485
74.269551	5474.416749	5.460237	-0.014919	3.818208
74.311804	5479.443148	5.465242	-0.014929	3.819938
74.239151	5484.242140	5.470246	-0.014911	3.821580
74.273550	5489.293860	5.475251	-0.014919	3.823317
74.218521	5494.471721	5.480256	-0.014906	3.825089
74.331950	5499.676997	5.485261	-0.014933	3.826882
74.347955	5504.787257	5.490266	-0.014936	3.828635
74.458501	5509.559681	5.495270	-0.014963	3.830278
74.512726	5514.352276	5.500275	-0.014975	3.831924
74.566497	5519.437130	5.505280	-0.014988	3.833668
74.640656	5524.506980	5.510285	-0.015005	3.835408
74.640994	5529.544531	5.515290	-0.015005	3.837131
74.531631	5534.687409	5.520294	-0.014979	3.838881
74.781542	5539.469988	5.525299	-0.015038	3.840534
74.868659	5544.412639	5.530304	-0.015059	3.842228
74.839506	5549.464836	5.535309	-0.015051	3.843951
74.885366	5554.873181	5.540314	-0.015062	3.845800
75.000114	5559.951109	5.545318	-0.015089	3.847540
74.895299	5565.032622	5.550323	-0.015064	3.849264
75.088333	5569.821028	5.555328	-0.015110	3.850911
75.080433	5574.729562	5.560333	-0.015108	3.852582
75.041255	5579.813173	5.565338	-0.015098	3.854310
75.210168	5584.865684	5.570342	-0.015138	3.856042
75.052375	5589.957233	5.575347	-0.015100	3.857762
75.162811	5594.936399	5.580352	-0.015126	3.859463
75.352787	5599.687016	5.585357	-0.015171	3.861092
75.275222	5604.721408	5.590362	-0.015153	3.862796
75.479019	5609.807889	5.595366	-0.015201	3.864538
75.437323	5615.124937	5.600371	-0.015191	3.866340
75.503541	5620.196001	5.605376	-0.015206	3.868065
75.612397	5625.136537	5.610381	-0.015232	3.869748
75.664812	5629.925907	5.615386	-0.015244	3.871375
75.630608	5634.988948	5.620390	-0.015236	3.873088
75.680076	5640.045901	5.625395	-0.015247	3.874804
75.710441	5645.110246	5.630400	-0.015254	3.876521
75.780457	5650.198563	5.635405	-0.015271	3.878248
75.761635	5655.127773	5.640410	-0.015266	3.879913
75.786789	5659.981066	5.645414	-0.015272	3.881556
75.763171	5665.016246	5.650419	-0.015266	3.883255
75.880056	5670.333362	5.655424	-0.015294	3.885060
75.843994	5675.549698	5.660429	-0.015285	3.886818
76.042947	5680.602985	5.665434	-0.015332	3.888538
76.155027	5685.448059	5.670438	-0.015359	3.890181
76.120309	5690.339440	5.675443	-0.015350	3.891827
76.126018	5695.368554	5.680448	-0.015351	3.893522
76.246497	5700.434051	5.685453	-0.015380	3.895238
76.209428	5705.530733	5.690458	-0.015370	3.896951
76.283277	5710.580339	5.695462	-0.015388	3.898656
76.281133	5715.378706	5.700467	-0.015387	3.900270
76.403723	5720.323584	5.705472	-0.015416	3.901942
76.372437	5725.366452	5.710477	-0.015408	3.903634
76.217771	5730.750663	5.715482	-0.015371	3.905432
76.483909	5735.827063	5.720486	-0.015434	3.907156
76.461075	5740.856211	5.725491	-0.015429	3.908843
76.684621	5745.669167	5.730496	-0.015482	3.910474
76.586684	5750.588612	5.735501	-0.015458	3.912117
76.455292	5755.702699	5.740506	-0.015426	3.913822
76.755788	5760.777276	5.745510	-0.015498	3.915544
76.683962	5765.802700	5.750515	-0.015481	3.917222
76.720409	5770.895340	5.755520	-0.015489	3.918930
76.841905	5775.595783	5.760525	-0.015518	3.920512
76.809969	5780.673028	5.765530	-0.015510	3.922208
76.814277	5785.706320	5.770534	-0.015511	3.923892
76.936205	5791.281475	5.775539	-0.015540	3.925764
76.932647	5796.313573	5.780544	-0.015538	3.927445
77.133832	5801.300742	5.785549	-0.015586	3.929125
77.117315	5806.050003	5.790554	-0.015582	3.930709
76.989545	5811.104993	5.795558	-0.015551	3.932386
77.126103	5816.148101	5.800563	-0.015584	3.934078
77.177704	5821.226739	5.805568	-0.015596	3.935775
77.256478	5826.241760	5.810573	-0.015614	3.937452
77.409840	5831.220379	5.815578	-0.015651	3.939121
77.282798	5836.015843	5.820582	-0.015620	3.940709
77.303255	5841.077909	5.825587	-0.015625	3.942395
77.473439	5846.143737	5.830592	-0.015665	3.944092
77.435846	5851.501533	5.835597	-0.015656	3.945871
77.470018	5856.562619	5.840602	-0.015664	3.947556
77.444702	5861.527752	5.845606	-0.015657	3.949204
77.475307	5866.302439	5.850611	-0.015664	3.950791
77.542369	5871.363752	5.855616	-0.015680	3.952476
77.579984	5876.393093	5.860621	-0.015689	3.954148
77.694132	5881.479732	5.865626	-0.015716	3.955843
77.793311	5886.536008	5.870630	-0.015739	3.957526
77.761022	5891.511406	5.875635	-0.015731	3.959173
77.805966	5896.296102	5.880640	-0.015742	3.960761
77.818314	5901.382944	5.885645	-0.015744	3.962446
77.823579	5906.543273	5.890650	-0.015745	3.964155
77.937725	5911.881738	5.895654	-0.015772	3.965929
78.191428	5916.926630	5.900659	-0.015833	3.967615
78.020985	5921.927141	5.905664	-0.015792	3.969256
77.995617	5926.700336	5.910669	-0.015785	3.970832
78.103969	5931.794849	5.915674	-0.015811	3.972522
78.185784	5936.816822	5.920678	-0.015830	3.974186
78.100963	5941.872549	5.925683	-0.015810	3.975848
78.176145	5947.009969	5.930688	-0.015828	3.977548
78.384022	5951.824114	5.935693	-0.015877	3.979150
78.271536	5956.695896	5.940698	-0.015850	3.980748
78.377277	5961.751737	5.945702	-0.015875	3.982421
78.477061	5966.879266	5.950707	-0.015898	3.984116
78.554541	5972.195851	5.955712	-0.015917	3.985872
78.538959	5977.216597	5.960717	-0.015913	3.987523
78.575680	5982.142922	5.965722	-0.015921	3.989146
78.532132	5986.990402	5.970726	-0.015910	3.990736
78.585936	5992.016862	5.975731	-0.015923	3.992392
78.736228	5997.073541	5.980736	-0.015959	3.994063
78.711399	6002.140790	5.985741	-0.015952	3.995725
78.725810	6007.218040	5.990746	-0.015956	3.997393
78.812926	6012.154579	5.995750	-0.015976	3.999019
78.665978	6017.030073	6.000755	-0.015941	4.000607
78.857911	6022.065713	6.005760	-0.015986	4.002271
78.852907	6027.270685	6.010765	-0.015985	4.003977
78.915812	6032.632336	6.015770	-0.016000	4.005737
78.988881	6037.683334	6.020774	-0.016017	4.007396
79.360968	6042.508672	6.025779	-0.016106	4.009001
79.873476	6047.238867	6.030784	-0.016228	4.010583
80.095579	6052.272567	6.035789	-0.016281	4.012244
80.067958	6057.350206	6.040794	-0.016274	4.013902
80.332828	6062.335287	6.045798	-0.016337	4.015549
80.313991	6067.432499	6.050803	-0.016332	4.017212
80.367773	6072.386565	6.055808	-0.016345	4.018833
80.387146	6077.146035	6.060813	-0.016349	4.020388
80.454258	6082.242930	6.065818	-0.016365	4.022055
80.469778	6087.346018	6.070822	-0.016368	4.023720
80.519443	6092.629958	6.075827	-0.016380	4.025445
80.526813	6097.733310	6.080832	-0.016381	4.027108
80.692040	6102.641961	6.085837	-0.016421	4.028718
80.603303	6107.451993	6.090842	-0.016399	4.030278
80.789289	6112.483093	6.095846	-0.016443	4.031928
80.735778	6117.578551	6.100851	-0.016430	4.033581
80.774126	6122.672374	6.105856	-0.016439	4.035240
80.875893	6127.665798	6.110861	-0.016463	4.036870
80.960151	6132.662982	6.115866	-0.016483	4.038499
80.951706	6137.458352	6.120870	-0.016481	4.040055
80.837950	6142.536117	6.125875	-0.016453	4.041696
80.887658	6147.666756	6.130880	-0.016465	4.043364
81.070146	6153.066653	6.135885	-0.016508	4.045128
81.058360	6158.141214	6.140890	-0.016505	4.046772
81.191754	6163.144492	6.145894	-0.016537	4.048402
81.102473	6167.746635	6.150899	-0.016515	4.049887
81.310023	6172.759743	6.155904	-0.016565	4.051524
81.172707	6177.829637	6.160909	-0.016531	4.053156
81.289207	6182.922580	6.165914	-0.016559	4.054812
81.375283	6187.967914	6.170918	-0.016579	4.056449
81.392504	6192.989883	6.175923	-0.016583	4.058074
81.398685	6197.736915	6.180928	-0.016584	4.059608
81.484294	6202.785481	6.185933	-0.016605	4.061245
81.606409	6207.828616	6.190938	-0.016634	4.062882
81.620678	6213.190993	6.195942	-0.016637	4.064613
81.683136	6218.194485	6.200947	-0.016651	4.066232
81.655790	6223.340376	6.205952	-0.016645	4.067890
81.664719	6228.047034	6.210957	-0.016646	4.069408
81.635421	6233.038431	6.215962	-0.016639	4.071014
81.685283	6238.091201	6.220966	-0.016651	4.072645
81.830305	6243.186683	6.225971	-0.016685	4.074295
81.691044	6248.300628	6.230976	-0.016652	4.075932
81.875714	6253.315528	6.235981	-0.016695	4.077558
81.781791	6258.112633	6.240986	-0.016673	4.079094
81.999761	6263.039259	6.245990	-0.016725	4.080693
82.047130	6268.142549	6.250995	-0.016736	4.082336
82.140907	6273.544639	6.256000	-0.016758	4.084077
82.146751	6278.680096	6.261005	-0.016759	4.085727
82.215532	6283.752303	6.266010	-0.016775	4.087359
82.117455	6288.649282	6.271014	-0.016751	4.088924
82.147746	6293.509383	6.276019	-0.016758	4.090484
82.255178	6298.567036	6.281024	-0.016784	4.092113
82.354291	6303.602119	6.286029	-0.016807	4.093733
82.458442	6308.635285	6.291034	-0.016832	4.095352
82.387321	6313.734244	6.296038	-0.016814	4.096980
82.332974	6318.625988	6.301043	-0.016801	4.098542
82.418929	6323.520482	6.306048	-0.016821	4.100114
82.431439	6328.560581	6.311053	-0.016824	4.101727
82.511247	6333.724823	6.316058	-0.016843	4.103383
82.526393	6338.965778	6.321062	-0.016846	4.105059
82.474529	6344.062099	6.326067	-0.016834	4.106684
82.690411	6348.979349	6.331072	-0.016885	4.108268
82.699873	6353.746469	6.336077	-0.016887	4.109790
82.776243	6358.827735	6.341082	-0.016905	4.111416
82.756739	6363.888228	6.346086	-0.016900	4.113029
82.690733	6368.997258	6.351091	-0.016884	4.114654
82.831281	6374.052098	6.356096	-0.016917	4.116274
82.885133	6379.058755	6.361101	-0.016930	4.117872
82.957642	6383.773423	6.366106	-0.016947	4.119378
82.956419	6388.841032	6.371110	-0.016946	4.120991
82.916960	6393.919264	6.376115	-0.016937	4.122605
82.963022	6399.435844	6.381120	-0.016947	4.124363
83.003684	6404.482545	6.386125	-0.016957	4.125970
83.097665	6409.526460	6.391130	-0.016979	4.127579
83.200896	6414.228531	6.396134	-0.017004	4.129079
83.253912	6419.221571	6.401139	-0.017016	4.130668
83.298097	6424.282239	6.406144	-0.017026	4.132278
83.339255	6429.407481	6.411149	-0.017036	4.133907
83.169632	6434.489153	6.416154	-0.016995	4.135508
83.313674	6439.534898	6.421158	-0.017029	4.137117
83.219637	6444.373919	6.426163	-0.017006	4.138645
83.263646	6449.238486	6.431168	-0.017017	4.140189
83.421190	6454.263701	6.436173	-0.017054	4.141791
83.524225	6459.515735	6.441178	-0.017078	4.143460
83.419942	6464.738052	6.446182	-0.017053	4.145106
83.598233	6469.794852	6.451187	-0.017096	4.146717
83.593367	6474.717189	6.456192	-0.017094	4.148274
83.570089	6479.561064	6.461197	-0.017088	4.149803
83.744606	6484.616564	6.466202	-0.017130	4.151412
83.650019	6489.708520	6.471206	-0.017107	4.153014
83.755665	6494.721307	6.476211	-0.017132	4.154604
83.912164	6499.813057	6.481216	-0.017169	4.156221
83.824645	6504.796662	6.486221	-0.017148	4.157788
83.996499	6509.537923	6.491226	-0.017189	4.159294
83.807485	6514.691758	6.496230	-0.017143	4.160907
83.941427	6519.771040	6.501235	-0.017175	4.162516
84.065862	6525.274438	6.506240	-0.017204	4.164257
84.080856	6530.258349	6.511245	-0.017208	4.165828
83.955506	6535.328263	6.516250	-0.017177	4.167416
84.076511	6540.058968	6.521254	-0.017206	4.168912
84.086943	6545.077147	6.526259	-0.017208	4.170491
84.130514	6550.128463	6.531264	-0.017218	4.172082
84.256163	6555.219275	6.536269	-0.017248	4.173690
84.238343	6560.257710	6.541274	-0.017244	4.175272
84.237414	6565.312636	6.546278	-0.017243	4.176859
84.253834	6570.135365	6.551283	-0.017247	4.178374
84.418699	6575.077077	6.556288	-0.017286	4.179935
84.499899	6580.084804	6.561293	-0.017305	4.181511
84.455917	6585.334933	6.566298	-0.017294	4.183155
84.526660	6590.514932	6.571302	-0.017311	4.184783
84.462203	6595.626669	6.576307	-0.017295	4.186381
84.532752	6600.516677	6.581312	-0.017312	4.187917
84.532585	6605.310587	6.586317	-0.017311	4.189418
84.670068	6610.348765	6.591322	-0.017344	4.191004
84.560122	6615.462935	6.596326	-0.017318	4.192597
84.703411	6620.487895	6.601331	-0.017352	4.194177
84.674742	6625.577137	6.606336	-0.017344	4.195767
84.844364	6630.552909	6.611341	-0.017385	4.197332
84.883700	6635.276020	6.616346	-0.017394	4.198810
84.800302	6640.387487	6.621350	-0.017374	4.200401
84.924352	6645.388696	6.626355	-0.017403	4.201970
85.015615	6650.944445	6.631360	-0.017425	4.203710
85.047438	6655.984516	6.636365	-0.017432	4.205284
85.176992	6661.009611	6.641370	-0.017463	4.206858
85.150746	6665.803264	6.646374	-0.017456	4.208351
85.135796	6670.743727	6.651379	-0.017452	4.209890
85.102824	6675.863880	6.656384	-0.017444	4.211482
85.194552	6680.942886	6.661389	-0.017466	4.213069
85.228741	6685.981745	6.666394	-0.017474	4.214640
85.326398	6691.043401	6.671398	-0.017497	4.216220
85.357252	6695.915032	6.676403	-0.017504	4.217737
85.472629	6700.763152	6.681408	-0.017531	4.219251
85.341441	6705.834178	6.686413	-0.017499	4.220820
85.310810	6711.035491	6.691418	-0.017492	4.222434
85.539550	6716.262462	6.696422	-0.017546	4.224071
85.554366	6721.314256	6.701427	-0.017550	4.225640
85.464935	6726.362729	6.706432	-0.017528	4.227201
85.695447	6731.015667	6.711437	-0.017583	4.228658
85.637199	6736.116139	6.716442	-0.017568	4.230236
85.621485	6741.186196	6.721446	-0.017564	4.231807
85.697907	6746.232483	6.726451	-0.017582	4.233375
85.861951	6751.277058	6.731456	-0.017621	4.234947
85.887697	6756.313618	6.736461	-0.017627	4.236508
85.856141	6761.170286	6.741466	-0.017619	4.238010
85.811579	6766.175441	6.746470	-0.017608	4.239556
85.883051	6771.186582	6.751475	-0.017625	4.241110
85.859602	6776.598341	6.756480	-0.017619	4.242782
86.001027	6781.839476	6.761485	-0.017653	4.244410
85.963983	6786.852762	6.766490	-0.017644	4.245956
86.121695	6791.760158	6.771494	-0.017681	4.247481
85.957116	6796.597959	6.776499	-0.017642	4.248965
86.098902	6801.685924	6.781504	-0.017675	4.250544
86.033250	6806.719946	6.786509	-0.017659	4.252093
86.205480	6811.755342	6.791514	-0.017700	4.253656
86.182394	6816.840698	6.796518	-0.017694	4.255222
86.256168	6821.909627	6.801523	-0.017712	4.256788
86.345590	6826.553819	6.806528	-0.017733	4.258224
86.338678	6831.615227	6.811533	-0.017731	4.259782
86.406350	6836.699930	6.816538	-0.017747	4.261351
86.538926	6842.017832	6.821542	-0.017778	4.262995
86.446638	6847.126372	6.826547	-0.017756	4.264561
86.399958	6852.224118	6.831552	-0.017745	4.266126
86.459762	6857.040618	6.836557	-0.017759	4.267610
86.510532	6861.906234	6.841562	-0.017770	4.269108
86.502818	6866.959389	6.846566	-0.017768	4.270660
86.603654	6872.062157	6.851571	-0.017792	4.272232
86.710167	6877.109824	6.856576	-0.017817	4.273788
86.670386	6882.153171	6.861581	-0.017808	4.275333
86.657716	6887.173912	6.866586	-0.017804	4.276872
86.823590	6891.964495	6.871590	-0.017844	4.278350
86.852190	6897.023871	6.876595	-0.017850	4.279902
87.040502	6902.051199	6.881600	-0.017895	4.281453
86.991782	6907.576265	6.886605	-0.017883	4.283143
86.977915	6912.662520	6.891610	-0.017879	4.284699
87.140900	6917.667686	6.896614	-0.017918	4.286240
86.956004	6922.521046	6.901619	-0.017874	4.287714
87.140032	6927.399280	6.906624	-0.017917	4.289217
87.159861	6932.449723	6.911629	-0.017922	4.290762
87.299457	6937.513464	6.916634	-0.017955	4.292317
87.240118	6942.593522	6.921638	-0.017940	4.293865
87.187310	6947.540242	6.926643	-0.017928	4.295373
87.244952	6952.492758	6.931648	-0.017941	4.296888
87.471198	6957.259273	6.936653	-0.017995	4.298356
87.386732	6962.296855	6.941658	-0.017974	4.299888
87.417671	6967.374246	6.946662	-0.017982	4.301438
87.523000	6972.714232	6.951667	-0.018006	4.303071
87.485652	6977.825440	6.956672	-0.017997	4.304627
87.509359	6982.859567	6.961677	-0.018003	4.306161
87.416348	6987.660677	6.966682	-0.017980	4.307618
87.514021	6992.566716	6.971686	-0.018003	4.309117
87.579902	6997.654778	6.976691	-0.018019	4.310669
87.577960	7002.773596	6.981696	-0.018018	4.312226
87.706743	7007.786030	6.986701	-0.018048	4.313757
87.666368	7012.873475	6.991706	-0.018039	4.315301
87.650345	7017.851393	6.996710	-0.018034	4.316813
87.657806	7022.642747	7.001715	-0.018036	4.318269
87.812650	7027.694554	7.006720	-0.018073	4.319812
87.857988	7032.754904	7.011725	-0.018083	4.321350
88.025114	7038.249603	7.016730	-0.018123	4.323027
87.937603	7043.357620	7.021734	-0.018102	4.324571
88.075576	7048.359289	7.026739	-0.018134	4.326095
88.038396	7053.131043	7.031744	-0.018125	4.327539
88.124284	7058.045761	7.036749	-0.018146	4.329033
88.049958	7063.171814	7.041754	-0.018127	4.330582
88.229918	7068.218277	7.046758	-0.018170	4.332120
88.252660	7073.211663	7.051763	-0.018175	4.333632
88.144242	7078.397835	7.056768	-0.018149	4.335195
88.109403	7083.319551	7.061773	-0.018141	4.336682
88.223674	7088.082642	7.066778	-0.018168	4.338129
88.236589	7093.148797	7.071782	-0.018170	4.339661
88.304958	7098.201518	7.076787	-0.018187	4.341191
88.496227	7103.571798	7.081792	-0.018232	4.342823
88.390755	7108.610114	7.086797	-0.018207	4.344339
88.488148	7113.684813	7.091802	-0.018230	4.345876
88.533903	7118.476785	7.096806	-0.018240	4.347324
88.498333	7123.421709	7.101811	-0.018231	4.348814
88.622778	7128.481285	7.106816	-0.018261	4.350346
88.689852	7133.552003	7.111821	-0.018277	4.351878
88.854256	7138.588324	7.116826	-0.018316	4.353404
88.768540	7143.693304	7.121830	-0.018295	4.354937
88.723357	7148.627871	7.126835	-0.018284	4.356420
88.823700	7153.423810	7.131840	-0.018308	4.357869
88.783617	7158.472842	7.136845	-0.018298	4.359386
88.896066	7163.546041	7.141850	-0.018324	4.360918
88.897066	7169.088642	7.146854	-0.018324	4.362585
89.014052	7174.097286	7.151859	-0.018352	4.364096
88.937287	7179.212058	7.156864	-0.018333	4.365629
88.946556	7183.973258	7.161869	-0.018335	4.367060
88.980412	7188.916719	7.166874	-0.018343	4.368546
89.101800	7193.953364	7.171878	-0.018372	4.370064
89.167301	7198.998664	7.176883	-0.018387	4.371581
89.304586	7204.083927	7.181888	-0.018420	4.373114
89.214321	7209.146016	7.186893	-0.018398	4.374627
89.184619	7214.159442	7.191898	-0.018391	4.376128
89.356227	7218.870903	7.196902	-0.018431	4.377549
89.367101	7223.925283	7.201907	-0.018434	4.379063
89.281502	7228.998578	7.206912	-0.018413	4.380578
89.490576	7234.312251	7.211917	-0.018463	4.382179
89.664202	7239.385876	7.216922	-0.018504	4.383706
89.425579	7244.544933	7.221926	-0.018447	4.385237
89.357738	7249.395569	7.226931	-0.018430	4.386684
89.583406	7254.238593	7.231936	-0.018484	4.388143
89.735658	7259.297974	7.236941	-0.018520	4.389663
89.721321	7264.298739	7.241946	-0.018516	4.391156
89.684900	7269.430584	7.246950	-0.018507	4.392686
89.668477	7274.502093	7.251955	-0.018503	4.394199
89.696945	7279.560093	7.256960	-0.018509	4.395710
89.638321	7284.293972	7.261965	-0.018495	4.397119
89.723405	7289.290910	7.266970	-0.018515	4.398613
89.944333	7294.348391	7.271974	-0.018568	4.400133
89.900885	7299.757043	7.276979	-0.018557	4.401742
89.897239	7304.979319	7.281984	-0.018556	4.403297
89.933325	7310.085310	7.286989	-0.018564	4.404820
90.062961	7314.988895	7.291994	-0.018595	4.406286
90.175322	7319.761830	7.296998	-0.018622	4.407712
90.172362	7324.790626	7.302003	-0.018621	4.409208
90.177454	7329.898463	7.307008	-0.018622	4.410727
90.126164	7334.965414	7.312013	-0.018609	4.412231
90.232857	7339.989629	7.317018	-0.018634	4.413729
90.281525	7345.062514	7.322022	-0.018646	4.415239
90.385747	7349.859340	7.327027	-0.018670	4.416669
90.318079	7354.781355	7.332032	-0.018654	4.418126
90.316632	7359.897528	7.337037	-0.018653	4.419644
90.262783	7365.066688	7.342042	-0.018640	4.421175
90.370440	7370.345314	7.347046	-0.018666	4.422746
90.415507	7375.373440	7.352051	-0.018676	4.424239
90.626779	7380.412314	7.357056	-0.018726	4.425743
90.543503	7385.100490	7.362061	-0.018706	4.427128
90.689083	7390.136229	7.367066	-0.018741	4.428627
90.636389	7395.265057	7.372070	-0.018728	4.430142
90.623307	7400.281151	7.377075	-0.018724	4.431626
90.645639	7405.396209	7.382080	-0.018729	4.433141
90.720594	7410.421573	7.387085	-0.018747	4.434631
90.733002	7415.343302	7.392090	-0.018750	4.436087
90.748384	7420.155217	7.397094	-0.018753	4.437510
90.740777	7425.207238	7.402099	-0.018751	4.439002
90.938235	7430.255180	7.407104	-0.018798	4.440503
90.894886	7435.824366	7.412109	-0.018787	4.442145
90.913826	7440.880279	7.417114	-0.018792	4.443639
91.039097	7445.938647	7.422118	-0.018821	4.445137
91.121148	7450.676991	7.427123	-0.018841	4.446539
91.232506	7455.583353	7.432128	-0.018867	4.447992
91.027916	7460.721426	7.437133	-0.018818	4.449496
91.063955	7465.811413	7.442138	-0.018826	4.450997
91.259698	7470.831237	7.447142	-0.018873	4.452486
91.267477	7475.905142	7.452147	-0.018874	4.453981
91.277446	7480.951739	7.457152	-0.018876	4.455467
91.320892	7485.657964	7.462157	-0.018887	4.456854
91.392762	7490.683452	7.467162	-0.018903	4.458336
91.401084	7495.762890	7.472166	-0.018905	4.459830
91.427999	7501.000168	7.477171	-0.018911	4.461371
91.447873	7506.222403	7.482176	-0.018916	4.462907
91.407974	7511.320586	7.487181	-0.018906	4.464402
91.560202	7516.204907	7.492186	-0.018942	4.465844
91.413800	7520.986372	7.497190	-0.018907	4.467241
91.635808	7526.013058	7.502195	-0.018960	4.468727
91.525674	7531.178759	7.507200	-0.018933	4.470237
91.594884	7536.200774	7.512205	-0.018949	4.471714
91.694813	7541.219261	7.517210	-0.018973	4.473190
91.870166	7546.293772	7.522214	-0.019015	4.474686
91.815521	7551.177731	7.527219	-0.019001	4.476115
91.812261	7556.098243	7.532224	-0.019000	4.477556
91.766071	7561.194996	7.537229	-0.018989	4.479046
91.975485	7566.259872	7.542234	-0.019039	4.480539
92.033241	7571.631646	7.547238	-0.019052	4.482114
92.094881	7576.633225	7.552243	-0.019067	4.483580
92.098148	7581.688999	7.557248	-0.019067	4.485058
92.108740	7586.423723	7.562253	-0.019069	4.486443
91.969677	7591.438286	7.567258	-0.019036	4.487901
92.081211	7596.451867	7.572262	-0.019062	4.489372
92.202429	7601.494367	7.577267	-0.019091	4.490850
92.261884	7606.607747	7.582272	-0.019105	4.492346
92.264253	7611.629717	7.587277	-0.019105	4.493812
92.368522	7616.644819	7.592282	-0.019130	4.495280
92.297681	7621.350482	7.597286	-0.019113	4.496649
92.306130	7626.399808	7.602291	-0.019114	4.498122
92.391876	7631.482863	7.607296	-0.019135	4.499607
92.480531	7636.794308	7.612301	-0.019156	4.501159
92.579604	7641.894708	7.617306	-0.019179	4.502650
92.432785	7647.033524	7.622310	-0.019144	4.504139
92.338748	7651.989291	7.627315	-0.019121	4.505577
92.553087	7656.678556	7.632320	-0.019172	4.506952
92.587630	7661.727640	7.637325	-0.019180	4.508422
92.522518	7666.863652	7.642330	-0.019164	4.509913
92.613128	7671.946491	7.647334	-0.019185	4.511395
92.781701	7676.933223	7.652339	-0.019225	4.512852
92.793470	7682.046481	7.657344	-0.019228	4.514338
92.799794	7686.870988	7.662349	-0.019229	4.515740
92.774759	7691.710787	7.667354	-0.019223	4.517144
92.765715	7696.808686	7.672358	-0.019220	4.518623
92.935102	7701.940110	7.677363	-0.019261	4.520120
92.925083	7707.453828	7.682368	-0.019258	4.521719
92.952085	7712.485272	7.687373	-0.019264	4.523179
92.975304	7717.500661	7.692378	-0.019269	4.524634
92.808194	7722.361523	7.697382	-0.019229	4.526034
92.961581	7727.171106	7.702387	-0.019266	4.527435
93.053861	7732.280144	7.707392	-0.019287	4.528919
93.015969	7737.400403	7.712397	-0.019278	4.530399
93.079351	7742.458230	7.717402	-0.019293	4.531866
93.165636	7747.496692	7.722406	-0.019313	4.533327
93.241993	7752.553547	7.727411	-0.019331	4.534794
93.277336	7757.279678	7.732416	-0.019339	4.536162
93.341100	7762.202442	7.737421	-0.019354	4.537587
93.411973	7767.288782	7.742426	-0.019371	4.539060
93.414262	7772.616081	7.747430	-0.019371	4.540599
93.562517	7777.740786	7.752435	-0.019407	4.542086
93.448233	7782.835382	7.757440	-0.019379	4.543551
93.523386	7787.863936	7.762445	-0.019397	4.545006
93.562420	7792.540657	7.767450	-0.019406	4.546357
93.483919	7797.646068	7.772454	-0.019387	4.547825
93.639180	7802.702120	7.777459	-0.019424	4.549290
93.691932	7807.792745	7.782464	-0.019436	4.550759
93.652831	7812.846827	7.787469	-0.019426	4.552214
93.804655	7817.921433	7.792474	-0.019462	4.553682
93.699024	7822.880007	7.797478	-0.019437	4.555105
93.791972	7827.594260	7.802483	-0.019459	4.556466
94.002139	7832.681635	7.807488	-0.019509	4.557940
93.917796	7837.682619	7.812493	-0.019488	4.559374
94.068208	7843.198854	7.817498	-0.019524	4.560968
94.026023	7848.423350	7.822502	-0.019514	4.562467
93.964495	7853.439702	7.827507	-0.019499	4.563906
93.978818	7858.350845	7.832512	-0.019502	4.565317
94.131003	7863.159791	7.837517	-0.019538	4.566705
94.015788	7868.230739	7.842522	-0.019510	4.568156
94.103372	7873.253282	7.847526	-0.019531	4.569601
94.130207	7878.365544	7.852531	-0.019537	4.571069
94.210233	7883.449157	7.857536	-0.019556	4.572531
94.227180	7888.434541	7.862541	-0.019559	4.573961
94.502885	7893.254804	7.867546	-0.019625	4.575356
94.262051	7898.137442	7.872550	-0.019567	4.576744
94.253067	7903.224223	7.877555	-0.019565	4.578200
94.400194	7908.354203	7.882560	-0.019600	4.579676
94.418968	7913.657962	7.887565	-0.019604	4.581195
94.591607	7918.737123	7.892570	-0.019645	4.582657
94.605623	7923.822483	7.897574	-0.019648	4.584112
94.503746	7928.586199	7.902579	-0.019623	4.585470
94.492915	7933.526830	7.907584	-0.019620	4.586882
94.651423	7938.565517	7.912589	-0.019658	4.588329
94.592378	7943.585736	7.917594	-0.019644	4.589761
94.593862	7948.773888	7.922598	-0.019644	4.591243
94.617340	7953.756854	7.927603	-0.019649	4.592667
94.638637	7958.805155	7.932608	-0.019654	4.594109
94.631628	7963.650554	7.937613	-0.019652	4.595492
94.701951	7968.530057	7.942618	-0.019669	4.596887
94.762518	7973.641407	7.947622	-0.019683	4.598347
94.871378	7978.882576	7.952627	-0.019709	4.599846
94.910159	7984.267995	7.957632	-0.019718	4.601383
94.962417	7989.322156	7.962637	-0.019730	4.602825
94.938913	7994.424916	7.967642	-0.019724	4.604278
95.019068	7999.062314	7.972646	-0.019743	4.605602
94.984319	8004.073395	7.977651	-0.019734	4.607027
94.947766	8009.117019	7.982656	-0.019725	4.608460
95.052308	8014.204827	7.987661	-0.019750	4.609912
95.135439	8019.287745	7.992666	-0.019769	4.611362
95.172572	8024.285041	7.997670	-0.019778	4.612784
95.193137	8029.376563	8.002675	-0.019783	4.614232
95.185003	8034.129122	8.007680	-0.019780	4.615582
95.311887	8039.064239	8.012685	-0.019811	4.616989
95.215981	8044.199494	8.017690	-0.019787	4.618443
95.420140	8049.377554	8.022694	-0.019836	4.619922
95.517288	8054.607013	8.027699	-0.019859	4.621410
95.596783	8059.709959	8.032704	-0.019878	4.622862
95.617286	8064.702597	8.037709	-0.019882	4.624278
95.416262	8069.459162	8.042714	-0.019834	4.625618
95.575667	8074.433201	8.047718	-0.019872	4.627035
95.552926	8079.545050	8.052723	-0.019866	4.628482
95.623484	8084.678206	8.057728	-0.019883	4.629939
95.632699	8089.637251	8.062733	-0.019885	4.631344
95.658724	8094.832345	8.067738	-0.019890	4.632815
95.703024	8099.749335	8.072742	-0.019901	4.634209
95.758240	8104.443193	8.077747	-0.019914	4.635539
95.821205	8109.583229	8.082752	-0.019928	4.636995
95.923388	8114.583020	8.087757	-0.019953	4.638413
95.944801	8119.956939	8.092762	-0.019957	4.639933
95.858704	8125.232027	8.097766	-0.019937	4.641420
95.860882	8130.312818	8.102771	-0.019937	4.642855
95.954434	8135.343553	8.107776	-0.019959	4.644280
96.065858	8139.961662	8.112781	-0.019985	4.645588
96.062527	8145.052312	8.117786	-0.019984	4.647025
96.078964	8150.072890	8.122790	-0.019988	4.648442
96.140025	8155.219917	8.127795	-0.020002	4.649896
96.225999	8160.221906	8.132800	-0.020023	4.651310
96.277292	8165.330438	8.137805	-0.020035	4.652752
96.202878	8170.325677	8.142810	-0.020016	4.654156
96.269730	8174.929536	8.147814	-0.020032	4.655456
96.358998	8180.067912	8.152819	-0.020053	4.656907
96.389052	8185.071640	8.157824	-0.020060	4.658317
96.262585	8190.431310	8.162829	-0.020030	4.659819
96.374374	8195.548932	8.167834	-0.020056	4.661264
96.408313	8200.672223	8.172838	-0.020064	4.662706
96.494407	8205.665936	8.177843	-0.020084	4.664114
96.414516	8210.338658	8.182848	-0.020065	4.665424
96.408958	8215.445857	8.187853	-0.020063	4.666859
96.580576	8220.378883	8.192858	-0.020104	4.668252
96.635315	8225.575699	8.197862	-0.020117	4.669714
96.713680	8230.535927	8.202867	-0.020135	4.671110
96.727966	8235.704239	8.207872	-0.020138	4.672561
96.833510	8240.648966	8.212877	-0.020163	4.673952
96.704870	8245.366652	8.217882	-0.020132	4.675270
96.749714	8250.440328	8.222886	-0.020143	4.676695
96.818167	8255.438503	8.227891	-0.020159	4.678099
96.947773	8260.881365	8.232896	-0.020190	4.679630
97.026245	8266.047287	8.237901	-0.020208	4.681080
96.961400	8271.193956	8.242906	-0.020192	4.682519
97.048387	8276.167775	8.247910	-0.020213	4.683915
96.990342	8280.878117	8.252915	-0.020199	4.685231
97.032112	8285.900665	8.257920	-0.020208	4.686638
97.132992	8290.960552	8.262925	-0.020232	4.688057
97.057450	8296.076247	8.267930	-0.020214	4.689485
96.991923	8301.118268	8.272934	-0.020198	4.690892
97.121335	8306.193068	8.277939	-0.020229	4.692315
97.315219	8311.222972	8.282944	-0.020275	4.693728
97.287425	8315.994534	8.287949	-0.020268	4.695060
97.230073	8320.892597	8.292954	-0.020254	4.696425
97.321998	8326.043944	8.297958	-0.020275	4.697867
97.427848	8331.192599	8.302963	-0.020301	4.699308
97.470705	8336.535754	8.307968	-0.020311	4.700800
97.525458	8341.499321	8.312973	-0.020323	4.702187
97.565892	8346.638950	8.317978	-0.020333	4.703621
97.479339	8351.307140	8.322982	-0.020312	4.704919
97.533271	8356.289771	8.327987	-0.020324	4.706310
97.614293	8361.347237	8.332992	-0.020343	4.707722
97.517139	8366.480714	8.337997	-0.020320	4.709147
97.553259	8371.505246	8.343002	-0.020328	4.710547
97.715476	8376.623803	8.348006	-0.020367	4.711978
97.698237	8381.679436	8.353011	-0.020362	4.713384
97.899081	8386.401458	8.358016	-0.020410	4.714706
97.906004	8391.355431	8.363021	-0.020412	4.716084
97.964995	8396.449240	8.368026	-0.020425	4.717502
97.884597	8401.759387	8.373030	-0.020406	4.718974
97.930243	8407.119039	8.378035	-0.020417	4.720465
97.981726	8412.223209	8.383040	-0.020429	4.721885
97.983559	8417.234964	8.388045	-0.020429	4.723276
98.100023	8421.755632	8.393050	-0.020456	4.724535
97.971403	8426.576560	8.398054	-0.020425	4.725868
98.004774	8431.689248	8.403059	-0.020433	4.727288
98.079007	8436.758131	8.408064	-0.020450	4.728696
98.020749	8441.806133	8.413069	-0.020436	4.730093
98.266653	8446.783278	8.418074	-0.020495	4.731483
98.165156	8451.930682	8.423078	-0.020470	4.732905
98.326360	8456.720265	8.428083	-0.020508	4.734238
98.358821	8461.586265	8.433088	-0.020516	4.735586
98.260008	8466.674542	8.438093	-0.020492	4.736991
98.284512	8471.808525	8.443098	-0.020498	4.738413
98.379862	8477.184368	8.448102	-0.020520	4.739904
98.460691	8482.188098	8.453107	-0.020539	4.741291
98.548844	8487.202424	8.458112	-0.020560	4.742681
98.496858	8492.162743	8.463117	-0.020547	4.744050
98.452171	8496.939256	8.468122	-0.020536	4.745368
98.601230	8502.037340	8.473126	-0.020572	4.746782
98.634627	8507.012278	8.478131	-0.020579	4.748157
98.686479	8512.198626	8.483136	-0.020592	4.749591
98.680765	8517.210416	8.488141	-0.020590	4.750974
98.711321	8522.292021	8.493146	-0.020597	4.752378
98.774436	8527.201827	8.498150	-0.020612	4.753735
98.761308	8532.016391	8.503155	-0.020608	4.755062
98.878581	8537.019794	8.508160	-0.020636	4.756446
98.898214	8542.142840	8.513165	-0.020641	4.757858
99.052136	8547.549714	8.518170	-0.020677	4.759354
98.871252	8552.828027	8.523174	-0.020634	4.760801
99.102657	8557.770309	8.528179	-0.020689	4.762171
98.990408	8562.896753	8.533184	-0.020662	4.763578
99.072625	8567.542114	8.538189	-0.020681	4.764859
99.100982	8572.612880	8.543194	-0.020687	4.766255
99.170710	8577.655440	8.548198	-0.020704	4.767645
99.223835	8582.726823	8.553203	-0.020716	4.769042
99.155720	8587.813445	8.558208	-0.020700	4.770437
99.277241	8592.796344	8.563213	-0.020728	4.771811
99.347902	8597.875407	8.568218	-0.020745	4.773209
99.214995	8602.593607	8.573223	-0.020713	4.774500
99.299152	8607.602002	8.578227	-0.020733	4.775878
99.304006	8612.670806	8.583232	-0.020734	4.777270
99.441792	8617.905589	8.588237	-0.020766	4.778711
99.466178	8623.093047	8.593242	-0.020772	4.780135
99.558806	8628.279313	8.598247	-0.020794	4.781561
99.655787	8633.235355	8.603251	-0.020817	4.782923
99.526099	8638.046875	8.608256	-0.020785	4.784237
99.600919	8642.978053	8.613261	-0.020803	4.785591
99.654295	8648.078921	8.618266	-0.020816	4.786991
99.708166	8653.161844	8.623271	-0.020828	4.788384
99.775488	8658.153148	8.628275	-0.020844	4.789753
99.789453	8663.254870	8.633280	-0.020847	4.791150
99.890051	8668.335748	8.638285	-0.020871	4.792544
99.761851	8673.235368	8.643290	-0.020840	4.793880
99.930553	8678.048233	8.648295	-0.020880	4.795202
99.914411	8683.121134	8.653299	-0.020876	4.796588
99.953165	8688.238149	8.658304	-0.020885	4.797988
99.899835	8693.781982	8.663309	-0.020872	4.799501
99.908848	8698.887942	8.668314	-0.020874	4.800896
100.025463	8703.894746	8.673319	-0.020901	4.802267
100.149710	8708.796731	8.678323	-0.020931	4.803610
100.151069	8713.535173	8.683328	-0.020931	4.804903
100.126645	8718.646952	8.688333	-0.020925	4.806297
100.093653	8723.665225	8.693338	-0.020916	4.807664
100.305459	8728.776038	8.698343	-0.020967	4.809066
100.354789	8733.800785	8.703347	-0.020978	4.810437
100.292601	8738.864067	8.708352	-0.020963	4.811815
100.356516	8743.911475	8.713357	-0.020978	4.813192
100.315066	8748.571257	8.718362	-0.020968	4.814459
100.409365	8753.678077	8.723367	-0.020990	4.815853
100.372864	8758.701067	8.728371	-0.020981	4.817219
100.537441	8763.941229	8.733376	-0.021020	4.818651
100.536711	8769.198687	8.738381	-0.021020	4.820082
100.419550	8774.198052	8.743386	-0.020992	4.821437
100.587580	8779.345959	8.748391	-0.021032	4.822843
100.583336	8783.947963	8.753395	-0.021030	4.824093
100.674829	8788.991994	8.758400	-0.021052	4.825467
100.638759	8794.075510	8.763405	-0.021043	4.826847
100.749898	8799.047362	8.768410	-0.021069	4.828201
100.675397	8804.210267	8.773415	-0.021051	4.829600
100.829924	8809.197525	8.778419	-0.021088	4.830960
100.860972	8814.337572	8.783424	-0.021095	4.832355
100.880535	8819.134218	8.788429	-0.021099	4.833657
100.802063	8823.971884	8.793434	-0.021080	4.834966
100.923118	8829.115575	8.798439	-0.021109	4.836365
100.968458	8834.083231	8.803443	-0.021120	4.837713
101.070336	8839.776377	8.808448	-0.021144	4.839260
101.086336	8844.806313	8.813453	-0.021147	4.840623
101.102676	8849.808801	8.818458	-0.021151	4.841978
101.026364	8854.825132	8.823463	-0.021132	4.843333
101.076828	8859.502833	8.828467	-0.021144	4.844601
101.107633	8864.585966	8.833472	-0.021151	4.845978
101.289714	8869.635298	8.838477	-0.021195	4.847350
101.272573	8874.670036	8.843482	-0.021190	4.848711
101.244236	8879.808153	8.848487	-0.021183	4.850099
101.301644	8884.825387	8.853491	-0.021197	4.851457
101.469466	8889.836258	8.858496	-0.021236	4.852817
101.327202	8894.556989	8.863501	-0.021202	4.854087
101.346771	8899.554517	8.868506	-0.021206	4.855437
101.483567	8904.674328	8.873511	-0.021239	4.856824
101.540794	8907.134094	8.878515	-0.021252	4.857490
101.518107	8907.118956	8.883520	-0.021246	4.857485
101.452973	8907.178857	8.888525	-0.021230	4.857499
101.459038	8907.172623	8.893530	-0.021231	4.857498
101.578396	8907.182569	8.898535	-0.021259	4.857504
101.475199	8907.135329	8.903539	-0.021233	4.857488
101.543882	8907.184394	8.908544	-0.021249	4.857503
101.668265	8907.131212	8.913549	-0.021278	4.857493
101.641198	8907.149043	8.918554	-0.021271	4.857497
101.549659	8907.211295	8.923559	-0.021249	4.857511
101.484314	8907.178691	8.928563	-0.021232	4.857499
101.482918	8907.143374	8.933568	-0.021231	4.857490
101.651780	8907.107417	8.938573	-0.021271	4.857486
101.610460	8907.119045	8.943578	-0.021261	4.857488
101.653701	8907.152983	8.948583	-0.021270	4.857498
101.524547	8907.160085	8.953587	-0.021239	4.857495
101.627930	8907.192973	8.958592	-0.021263	4.857508
101.642190	8907.179867	8.963597	-0.021266	4.857505
101.651441	8907.160487	8.968602	-0.021267	4.857500
101.690535	8907.199602	8.973607	-0.021276	4.857512
101.670926	8907.086894	8.978611	-0.021270	4.857480
101.531284	8907.147440	8.983616	-0.021236	4.857492
101.631805	8907.200372	8.988621	-0.021260	4.857509
101.629667	8907.194071	8.993626	-0.021259	4.857508
101.763221	8907.111911	8.998631	-0.021290	4.857490
101.642442	8907.072790	9.003635	-0.021260	4.857475
101.603737	8907.137277	9.008640	-0.021251	4.857491
101.630464	8907.139865	9.013645	-0.021256	4.857493
101.691451	8907.074285	9.018650	-0.021270	4.857477
101.616742	8907.188665	9.023655	-0.021252	4.857505
101.650163	8907.120964	9.028659	-0.021259	4.857488
101.655222	8907.120647	9.033664	-0.021260	4.857488
101.597161	8907.230502	9.038669	-0.021245	4.857515
101.652003	8907.136821	9.043674	-0.021258	4.857492
101.603278	8907.207266	9.048679	-0.021245	4.857509
101.635197	8907.133980	9.053683	-0.021252	4.857490
101.813985	8907.115212	9.058688	-0.021294	4.857492
101.680821	8907.216537	9.063693	-0.021262	4.857514
101.619476	8907.172991	9.068698	-0.021247	4.857500
101.729230	8907.227010	9.073703	-0.021272	4.857518
101.661604	8907.164635	9.078707	-0.021255	4.857499
101.742508	8907.178533	9.083712	-0.021274	4.857506
101.526555	8907.250372	9.088717	-0.021222	4.857517
101.639100	8907.247344	9.093722	-0.021248	4.857520
101.765567	8907.196198	9.098727	-0.021278	4.857511
101.743202	8907.213405	9.103731	-0.021272	4.857515
101.575981	8907.192019	9.108736	-0.021231	4.857503
101.599062	8907.212442	9.113741	-0.021236	4.857509
101.570006	8907.201620	9.118746	-0.021228	4.857505
101.739780	8907.184049	9.123751	-0.021268	4.857506
101.665866	8907.142172	9.128755	-0.021250	4.857492
101.659677	8907.212750	9.133760	-0.021248	4.857511
101.738230	8907.229274	9.138765	-0.021266	4.857518
101.760468	8907.068210	9.143770	-0.021271	4.857475
101.761054	8907.159865	9.148775	-0.021270	4.857500
101.747070	8907.108870	9.153779	-0.021266	4.857486
101.733947	8907.213913	9.158784	-0.021263	4.857513
101.815312	8907.171073	9.163789	-0.021281	4.857505
101.886035	8907.165503	9.168794	-0.021298	4.857506
101.808781	8907.129853	9.173799	-0.021279	4.857493
101.717441	8907.156222	9.178803	-0.021256	4.857497
101.736784	8907.143597	9.183808	-0.021260	4.857494
101.574281	8907.150503	9.188813	-0.021221	4.857490
101.671404	8907.127546	9.193818	-0.021243	4.857487
101.727712	8907.196762	9.198823	-0.021256	4.857508
101.736764	8907.145020	9.203827	-0.021257	4.857494
101.688424	8907.120567	9.208832	-0.021245	4.857486
101.690396	8907.146107	9.213837	-0.021245	4.857493
101.783345	8907.099414	9.218842	-0.021267	4.857483
101.725043	8907.210458	9.223847	-0.021252	4.857511
101.696057	8907.168397	9.228851	-0.021245	4.857498
101.584517	8907.163906	9.233856	-0.021217	4.857493
101.856420	8907.118887	9.238861	-0.021282	4.857491
101.813598	8907.127244	9.243866	-0.021271	4.857491
101.856438	8907.169332	9.248871	-0.021280	4.857504
101.750104	8907.129449	9.253875	-0.021254	4.857489
101.687511	8907.147372	9.258880	-0.021239	4.857492
101.965373	8907.109659	9.263885	-0.021304	4.857492
101.856420	8907.163815	9.268890	-0.021278	4.857502
101.790674	8907.208761	9.273895	-0.021261	4.857512
101.814235	8907.157405	9.278899	-0.021266	4.857499
101.782890	8907.127224	9.283904	-0.021258	4.857489
101.770297	8907.198652	9.288909	-0.021255	4.857508
101.804154	8907.191040	9.293914	-0.021262	4.857507
101.742037	8907.207743	9.298919	-0.021247	4.857509
101.709441	8907.218212	9.303923	-0.021238	4.857511
101.859234	8907.250719	9.308928	-0.021273	4.857525
101.788406	8907.224626	9.313933	-0.021256	4.857515
101.647951	8907.205469	9.318938	-0.021222	4.857505
101.732133	8907.222401	9.323943	-0.021241	4.857513
101.832768	8907.083310	9.328947	-0.021264	4.857478
102.019966	8907.140922	9.333952	-0.021309	4.857501
101.773889	8907.199413	9.338957	-0.021249	4.857508
101.830253	8907.118253	9.343962	-0.021262	4.857488
101.802378	8907.212532	9.348967	-0.021255	4.857512
101.830944	8907.151258	9.353971	-0.021261	4.857496
101.755536	8907.180137	9.358976	-0.021242	4.857501
101.904695	8907.169932	9.363981	-0.021277	4.857504
101.791082	8907.188849	9.368986	-0.021249	4.857505
101.843544	8907.214622	9.373991	-0.021261	4.857513
102.008051	8907.128350	9.378995	-0.021300	4.857496
101.954064	8907.065319	9.384000	-0.021286	4.857477
101.850666	8907.228621	9.389005	-0.021261	4.857517
101.720292	8907.120218	9.394010	-0.021229	4.857483
101.898581	8907.203303	9.399015	-0.021271	4.857512
101.898912	8907.177010	9.404019	-0.021271	4.857505
101.905766	8907.123248	9.409024	-0.021272	4.857490
101.917016	8907.118638	9.414029	-0.021274	4.857489
101.741708	8907.168885	9.419034	-0.021231	4.857497
101.765454	8907.250523	9.424039	-0.021236	4.857519
101.851090	8907.143498	9.429043	-0.021256	4.857493
101.982051	8907.136866	9.434048	-0.021287	4.857496
101.900566	8907.181589	9.439053	-0.021267	4.857505
101.855767	8907.167075	9.444058	-0.021255	4.857500
101.806616	8907.179743	9.449063	-0.021243	4.857501
101.743604	8907.152612	9.454067	-0.021227	4.857492
101.784135	8907.142956	9.459072	-0.021236	4.857490
101.944694	8907.148586	9.464077	-0.021274	4.857498
101.799927	8907.128845	9.469082	-0.021239	4.857487
101.909880	8907.166644	9.474087	-0.021264	4.857501
101.769586	8907.155563	9.479091	-0.021230	4.857493
102.040000	8907.181300	9.484096	-0.021294	4.857509
101.760264	8907.206091	9.489101	-0.021227	4.857506
101.913716	8907.109721	9.494106	-0.021263	4.857485
101.792268	8907.141246	9.499111	-0.021233	4.857489
101.878987	8907.147432	9.504115	-0.021253	4.857494
101.873647	8907.172786	9.509120	-0.021251	4.857501
101.823822	8907.222557	9.514125	-0.021239	4.857512
101.910021	8907.143218	9.519130	-0.021259	4.857494
101.753991	8907.241797	9.524135	-0.021221	4.857515
101.973094	8907.100849	9.529139	-0.021272	4.857484
101.912760	8907.202909	9.534144	-0.021257	4.857510
102.048457	8907.200276	9.539149	-0.021289	4.857514
101.833334	8907.188724	9.544154	-0.021237	4.857503
101.845784	8907.175858	9.549159	-0.021239	4.857500
101.848561	8907.167747	9.554163	-0.021239	4.857498
101.928716	8907.199095	9.559168	-0.021258	4.857509
101.809709	8907.184029	9.564173	-0.021229	4.857500
101.877443	8907.149939	9.569178	-0.021244	4.857493
101.999898	8907.217308	9.574183	-0.021273	4.857516
101.796776	8907.140545	9.579187	-0.021224	4.857488
101.917548	8907.144520	9.584192	-0.021252	4.857493
101.783256	8907.163872	9.589197	-0.021219	4.857493
101.745067	8907.192433	9.594202	-0.021210	4.857500
101.815465	8907.215823	9.599207	-0.021226	4.857508
101.976179	8907.180949	9.604211	-0.021264	4.857505
101.973397	8907.180517	9.609216	-0.021262	4.857504
101.788943	8907.194965	9.614221	-0.021218	4.857502
101.849733	8907.177991	9.619226	-0.021231	4.857499
101.723936	8907.260988	9.624231	-0.021201	4.857517
101.884990	8907.183271	9.629235	-0.021239	4.857502
101.918419	8907.139859	9.634240	-0.021246	4.857491
101.822376	8907.158755	9.639245	-0.021222	4.857493
101.917252	8907.112964	9.644250	-0.021244	4.857483
101.824038	8907.233272	9.649255	-0.021221	4.857513
101.866965	8907.210574	9.654259	-0.021231	4.857508
101.919204	8907.180857	9.659264	-0.021243	4.857502
101.947464	8907.201748	9.664269	-0.021249	4.857508
101.904273	8907.181237	9.669274	-0.021238	4.857501
101.868176	8907.203737	9.674279	-0.021229	4.857506
101.934592	8907.142062	9.679283	-0.021244	4.857491
102.043120	8907.237885	9.684288	-0.021269	4.857521
101.955151	8907.229105	9.689293	-0.021248	4.857515
101.792731	8907.216336	9.694298	-0.021208	4.857506
101.930387	8907.189151	9.699303	-0.021240	4.857503
101.906274	8907.186926	9.704307	-0.021234	4.857502
101.917194	8907.195084	9.709312	-0.021236	4.857504
101.908568	8907.161885	9.714317	-0.021233	4.857495
101.879581	8907.174187	9.719322	-0.021226	4.857497
101.933557	8907.218266	9.724327	-0.021238	4.857511
101.905658	8907.189940	9.729331	-0.021231	4.857502
101.979062	8907.221028	9.734336	-0.021248	4.857513
101.936903	8907.189970	9.739341	-0.021237	4.857503
101.821813	8907.157034	9.744346	-0.021209	4.857490
101.957424	8907.150940	9.749351	-0.021241	4.857493
101.947498	8907.185001	9.754355	-0.021238	4.857502
101.881305	8907.191836	9.759360	-0.021221	4.857501
101.984914	8907.165704	9.764365	-0.021245	4.857498
102.026809	8907.081840	9.769370	-0.021255	4.857477
101.954399	8907.195915	9.774375	-0.021237	4.857505
101.825578	8907.126632	9.779379	-0.021205	4.857481
102.013620	8907.158684	9.784384	-0.021250	4.857497
102.039670	8907.156735	9.789389	-0.021255	4.857497
101.807307	8907.117401	9.794394	-0.021199	4.857478
101.960398	8907.154096	9.799399	-0.021235	4.857493
101.970050	8907.105745	9.804403	-0.021237	4.857480
101.977763	8907.198766	9.809408	-0.021238	4.857506
101.960350	8907.141288	9.814413	-0.021233	4.857489
101.729344	8907.151510	9.819418	-0.021177	4.857484
102.036370	8907.209396	9.824423	-0.021250	4.857510
101.885234	8907.140765	9.829427	-0.021213	4.857486
101.948846	8907.131513	9.834432	-0.021228	4.857486
102.085352	8907.133398	9.839437	-0.021260	4.857491
101.956426	8907.128903	9.844442	-0.021228	4.857485
101.922238	8907.208983	9.849447	-0.021219	4.857506
101.912708	8907.184000	9.854451	-0.021216	4.857498
101.910823	8907.183449	9.859456	-0.021215	4.857498
101.882798	8907.201407	9.864461	-0.021208	4.857502
101.874506	8907.177417	9.869466	-0.021205	4.857495
101.923630	8907.199007	9.874471	-0.021217	4.857503
101.853343	8907.169372	9.879475	-0.021199	4.857492
101.915468	8907.171884	9.884480	-0.021213	4.857495
102.070100	8907.201435	9.889485	-0.021250	4.857508
102.159012	8907.119421	9.894490	-0.021270	4.857489
102.107934	8907.266520	9.899495	-0.021257	4.857527
101.963117	8907.209772	9.904499	-0.021222	4.857506
102.002387	8907.204910	9.909504	-0.021231	4.857506
101.974877	8907.223956	9.914509	-0.021224	4.857510
101.887980	8907.174551	9.919514	-0.021202	4.857494
101.911999	8907.194849	9.924519	-0.021207	4.857500
101.955854	8907.170872	9.929523	-0.021217	4.857495
101.996212	8907.214446	9.934528	-0.021226	4.857508
101.973326	8907.232878	9.939533	-0.021220	4.857512
101.909218	8907.170035	9.944538	-0.021204	4.857493
101.954699	8907.197892	9.949543	-0.021214	4.857502
101.966982	8907.150349	9.954547	-0.021217	4.857489
102.032430	8907.173240	9.959552	-0.021232	4.857498
102.065433	8907.191187	9.964557	-0.021239	4.857504
101.847952	8907.222746	9.969562	-0.021186	4.857504
102.060373	8907.239993	9.974567	-0.021236	4.857517
101.977300	8907.157693	9.979571	-0.021216	4.857491
101.997819	8907.237446	9.984576	-0.021220	4.857513
101.993662	8907.231414	9.989581	-0.021219	4.857512
102.048155	8907.215276	9.994586	-0.021231	4.857509
101.999274	8907.211715	9.999591	-0.021219	4.857506
101.991764	8907.216538	10.004595	-0.021216	4.857507
102.064832	8907.175956	10.009600	-0.021233	4.857499
101.916482	8907.219152	10.014605	-0.021197	4.857505
102.107131	8907.127094	10.019610	-0.021242	4.857487
102.036115	8907.215536	10.024615	-0.021224	4.857508
101.970305	8907.186463	10.029619	-0.021208	4.857498
102.057521	8907.231910	10.034624	-0.021228	4.857513
101.999278	8907.250412	10.039629	-0.021214	4.857516
101.887621	8907.158029	10.044634	-0.021186	4.857487
101.942052	8907.211300	10.049639	-0.021199	4.857503
101.903153	8907.194846	10.054643	-0.021189	4.857497
101.969678	8907.211811	10.059648	-0.021204	4.857504
101.966425	8907.217224	10.064653	-0.021202	4.857505
101.935972	8907.255168	10.069658	-0.021195	4.857514
101.934046	8907.290480	10.074663	-0.021193	4.857524
101.874206	8907.208564	10.079667	-0.021178	4.857499
101.989980	8907.215516	10.084672	-0.021206	4.857505
102.034818	8907.214541	10.089677	-0.021216	4.857507
101.999228	8907.160634	10.094682	-0.021206	4.857491
102.009915	8907.228969	10.099687	-0.021208	4.857509
101.886438	8907.245727	10.104691	-0.021178	4.857509
101.943558	8907.208421	10.109696	-0.021191	4.857501
102.083688	8907.179751	10.114701	-0.021224	4.857498
102.097745	8907.163202	10.119706	-0.021227	4.857494
101.918581	8907.219744	10.124711	-0.021183	4.857503
101.963591	8907.219903	10.129715	-0.021193	4.857505
101.878380	8907.246615	10.134720	-0.021172	4.857509
102.001984	8907.259467	10.139725	-0.021201	4.857517
102.084897	8907.167841	10.144730	-0.021221	4.857495
102.059613	8907.227075	10.149735	-0.021214	4.857510
101.942529	8907.193247	10.154739	-0.021185	4.857496
101.933552	8907.212144	10.159744	-0.021182	4.857501
102.008672	8907.180544	10.164749	-0.021200	4.857495
102.059005	8907.199659	10.169754	-0.021211	4.857502
102.120270	8907.245083	10.174759	-0.021225	4.857516
101.960271	8907.218112	10.179763	-0.021186	4.857503
102.106652	8907.170105	10.184768	-0.021221	4.857495
101.980513	8907.257773	10.189773	-0.021190	4.857514
101.990579	8907.219778	10.194778	-0.021192	4.857504
101.967311	8907.153824	10.199783	-0.021185	4.857486
101.934178	8907.203690	10.204787	-0.021177	4.857498
101.870237	8907.163960	10.209792	-0.021161	4.857485
102.105831	8907.180441	10.214797	-0.021217	4.857498
101.925190	8907.128453	10.219802	-0.021173	4.857477
101.939106	8907.262289	10.224807	-0.021175	4.857513
101.899259	8907.191598	10.229811	-0.021165	4.857493
101.953954	8907.197410	10.234816	-0.021178	4.857496
102.005885	8907.225567	10.239821	-0.021190	4.857506
102.063947	8907.192762	10.244826	-0.021203	4.857499
101.888941	8907.256849	10.249831	-0.021160	4.857510
101.958379	8907.199399	10.254835	-0.021176	4.857497
101.919453	8907.204926	10.259840	-0.021166	4.857497
102.004455	8907.220592	10.264845	-0.021186	4.857504
101.816772	8907.190360	10.269850	-0.021140	4.857489
102.006118	8907.226865	10.274855	-0.021185	4.857505
101.996300	8907.191511	10.279859	-0.021182	4.857495
101.942735	8907.233681	10.284864	-0.021169	4.857505
101.919381	8907.248706	10.289869	-0.021162	4.857508
101.974472	8907.229019	10.294874	-0.021175	4.857504
102.076923	8907.189161	10.299879	-0.021199	4.857497
102.006630	8907.247434	10.304883	-0.021181	4.857510
101.973106	8907.241832	10.309888	-0.021173	4.857508
101.975370	8907.261550	10.314893	-0.021173	4.857513
102.013939	8907.216298	10.319898	-0.021181	4.857502
102.095768	8907.257833	10.324903	-0.021200	4.857516
101.987048	8907.180097	10.329907	-0.021173	4.857491
102.090204	8907.218799	10.334912	-0.021198	4.857505
102.097046	8907.241378	10.339917	-0.021199	4.857511
101.966675	8907.210472	10.344922	-0.021167	4.857498
101.907439	8907.307760	10.349927	-0.021152	4.857522
102.002917	8907.244538	10.354931	-0.021174	4.857508
101.991313	8907.231398	10.359936	-0.021171	4.857504
101.988077	8907.249533	10.364941	-0.021169	4.857509
102.028484	8907.160083	10.369946	-0.021178	4.857486
102.096341	8907.210414	10.374951	-0.021194	4.857502
101.946298	8907.202941	10.379955	-0.021157	4.857495
101.952440	8907.211734	10.384960	-0.021158	4.857497
101.958425	8907.234427	10.389965	-0.021159	4.857503
101.977923	8907.250699	10.394970	-0.021163	4.857508
101.889853	8907.253500	10.399975	-0.021141	4.857506
101.982284	8907.202250	10.404979	-0.021163	4.857495
101.892474	8907.246922	10.409984	-0.021141	4.857504
101.946316	8907.275981	10.414989	-0.021153	4.857514
101.896925	8907.219281	10.419994	-0.021140	4.857497
102.035549	8907.299537	10.424999	-0.021173	4.857523
101.952505	8907.272754	10.430003	-0.021152	4.857513
102.005750	8907.303049	10.435008	-0.021165	4.857523
101.933428	8907.278312	10.440013	-0.021147	4.857513
101.969557	8907.261144	10.445018	-0.021155	4.857510
102.061921	8907.260796	10.450023	-0.021176	4.857513
102.093610	8907.207205	10.455027	-0.021183	4.857500
102.028409	8907.203498	10.460032	-0.021167	4.857496
101.978408	8907.241725	10.465037	-0.021154	4.857505
101.894992	8907.164099	10.470042	-0.021134	4.857481
101.885469	8907.235119	10.475047	-0.021131	4.857499
102.033376	8907.163775	10.480051	-0.021165	4.857485
101.987160	8907.216536	10.485056	-0.021154	4.857498
101.995698	8907.227324	10.490061	-0.021155	4.857501
101.979848	8907.195085	10.495066	-0.021151	4.857492
101.890375	8907.200386	10.500071	-0.021129	4.857490
101.957305	8907.195320	10.505075	-0.021144	4.857491
101.912548	8907.176174	10.510080	-0.021133	4.857484
102.022670	8907.227830	10.515085	-0.021158	4.857502
101.970365	8907.181927	10.520090	-0.021145	4.857487
102.019505	8907.232430	10.525095	-0.021156	4.857503
102.013546	8907.200034	10.530099	-0.021154	4.857493
102.066528	8907.206074	10.535104	-0.021166	4.857497
102.012005	8907.280758	10.540109	-0.021153	4.857515
102.154897	8907.154561	10.545114	-0.021186	4.857486
102.058334	8907.207071	10.550119	-0.021162	4.857497
102.031077	8907.194853	10.555123	-0.021155	4.857492
102.124252	8907.195554	10.560128	-0.021177	4.857496
102.110732	8907.230092	10.565133	-0.021173	4.857504
102.094187	8907.185221	10.570138	-0.021168	4.857492
102.082129	8907.174455	10.575143	-0.021165	4.857488
102.050932	8907.177798	10.580147	-0.021157	4.857488
102.063522	8907.177637	10.585152	-0.021159	4.857488
102.057301	8907.216989	10.590157	-0.021157	4.857498
101.961003	8907.183870	10.595162	-0.021133	4.857486
102.066143	8907.188764	10.600167	-0.021158	4.857491
101.970034	8907.240057	10.605171	-0.021134	4.857501
101.919744	8907.274852	10.610176	-0.021122	4.857509
102.002267	8907.278125	10.615181	-0.021141	4.857513
102.019902	8907.215991	10.620186	-0.021144	4.857496
101.971592	8907.296790	10.625191	-0.021132	4.857516
102.067693	8907.179122	10.630195	-0.021154	4.857488
102.156190	8907.189697	10.635200	-0.021175	4.857494
102.057371	8907.300340	10.640205	-0.021151	4.857520
102.033036	8907.203298	10.645210	-0.021144	4.857493
102.089057	8907.243634	10.650215	-0.021157	4.857506
102.005946	8907.270067	10.655219	-0.021136	4.857510
102.037657	8907.277776	10.660224	-0.021143	4.857513
102.097812	8907.236596	10.665229	-0.021157	4.857504
101.982250	8907.226857	10.670234	-0.021129	4.857497
102.021360	8907.264813	10.675239	-0.021138	4.857508
102.124269	8907.244557	10.680243	-0.021162	4.857507
102.075611	8907.213206	10.685248	-0.021149	4.857496
102.105724	8907.245417	10.690253	-0.021156	4.857506
102.035352	8907.157961	10.695258	-0.021138	4.857480
102.134590	8907.258486	10.700263	-0.021161	4.857510
101.953553	8907.286361	10.705267	-0.021118	4.857511
102.074979	8907.215065	10.710272	-0.021146	4.857496
102.072001	8907.238949	10.715277	-0.021145	4.857503
102.082653	8907.189310	10.720282	-0.021146	4.857489
102.171088	8907.269293	10.725287	-0.021167	4.857514
102.011563	8907.290840	10.730291	-0.021128	4.857514
102.151200	8907.291152	10.735296	-0.021161	4.857519
102.050574	8907.272488	10.740301	-0.021136	4.857510
102.143465	8907.284793	10.745306	-0.021158	4.857517
102.193352	8907.242664	10.750311	-0.021169	4.857507
102.100996	8907.222902	10.755315	-0.021146	4.857498
102.115029	8907.303516	10.760320	-0.021149	4.857521
102.095816	8907.317990	10.765325	-0.021144	4.857524
102.059305	8907.290808	10.770330	-0.021135	4.857515
102.047527	8907.314705	10.775335	-0.021131	4.857521
102.124651	8907.249294	10.780339	-0.021149	4.857506
102.108579	8907.261038	10.785344	-0.021144	4.857508
102.051719	8907.255066	10.790349	-0.021130	4.857505
101.990851	8907.238061	10.795354	-0.021115	4.857498
102.094096	8907.286004	10.800359	-0.021139	4.857514
101.938524	8907.252663	10.805363	-0.021101	4.857500
102.098083	8907.293124	10.810368	-0.021139	4.857516
102.065220	8907.295532	10.815373	-0.021130	4.857516
102.147569	8907.234054	10.820378	-0.021149	4.857502
102.108425	8907.332142	10.825383	-0.021139	4.857527
102.030828	8907.250273	10.830387	-0.021120	4.857502
102.123935	8907.237102	10.835392	-0.021142	4.857502
102.168952	8907.249984	10.840397	-0.021152	4.857507
102.182999	8907.199893	10.845402	-0.021155	4.857493
102.071447	8907.268273	10.850407	-0.021127	4.857508
102.133857	8907.187468	10.855411	-0.021141	4.857488
102.212818	8907.269867	10.860416	-0.021160	4.857513
102.084892	8907.246733	10.865421	-0.021128	4.857502
102.043855	8907.249069	10.870426	-0.021118	4.857501
102.079312	8907.312957	10.875431	-0.021126	4.857520
102.107009	8907.209003	10.880435	-0.021132	4.857493
102.058766	8907.219237	10.885440	-0.021120	4.857493
102.041244	8907.269343	10.890445	-0.021115	4.857506
102.035096	8907.271671	10.895450	-0.021113	4.857507
102.123866	8907.254451	10.900455	-0.021133	4.857505
101.947202	8907.304878	10.905459	-0.021090	4.857512
102.025155	8907.248611	10.910464	-0.021108	4.857500
102.156794	8907.226852	10.915469	-0.021139	4.857498
102.176906	8907.218752	10.920474	-0.021143	4.857497
102.170931	8907.254600	10.925479	-0.021141	4.857506
102.015095	8907.250211	10.930483	-0.021103	4.857499
102.156722	8907.246788	10.935488	-0.021137	4.857503
102.096571	8907.281737	10.940493	-0.021122	4.857511
102.109638	8907.306960	10.945498	-0.021124	4.857518
102.093954	8907.312868	10.950503	-0.021120	4.857519
102.142928	8907.255824	10.955507	-0.021131	4.857505
102.143571	8907.290794	10.960512	-0.021130	4.857514
102.042980	8907.291788	10.965517	-0.021106	4.857511
101.992015	8907.165899	10.970522	-0.021093	4.857475
102.038058	8907.156667	10.975527	-0.021103	4.857474
101.955458	8907.282504	10.980531	-0.021083	4.857505
102.067637	8907.204341	10.985536	-0.021109	4.857488
102.048082	8907.302139	10.990541	-0.021104	4.857513
102.081460	8907.211311	10.995546	-0.021111	4.857490
102.172107	8907.241264	11.000551	-0.021132	4.857501
102.117153	8907.207280	11.005555	-0.021118	4.857490
102.230852	8907.196000	11.010560	-0.021145	4.857491
102.070442	8907.245425	11.015565	-0.021106	4.857498
102.083439	8907.246367	11.020570	-0.021108	4.857499
102.171783	8907.291662	11.025575	-0.021129	4.857514
102.051782	8907.223523	11.030579	-0.021099	4.857492
102.108943	8907.253297	11.035584	-0.021113	4.857502
102.208691	8907.284354	11.040589	-0.021136	4.857513
102.065816	8907.243543	11.045594	-0.021101	4.857497
102.134534	8907.261373	11.050599	-0.021117	4.857504
102.140445	8907.274822	11.055603	-0.021117	4.857508
102.049029	8907.267658	11.060608	-0.021095	4.857503
102.132871	8907.295045	11.065613	-0.021114	4.857513
102.015728	8907.271636	11.070618	-0.021086	4.857503
102.062540	8907.280809	11.075623	-0.021096	4.857507
102.063876	8907.268263	11.080627	-0.021096	4.857503
102.016199	8907.311965	11.085632	-0.021084	4.857513
102.024452	8907.304284	11.090637	-0.021085	4.857511
102.091914	8907.205457	11.095642	-0.021101	4.857487
102.196891	8907.245073	11.100647	-0.021125	4.857501
102.216429	8907.245146	11.105651	-0.021129	4.857502
102.175669	8907.226626	11.110656	-0.021119	4.857495
102.066449	8907.270407	11.115661	-0.021092	4.857503
102.065083	8907.203857	11.120666	-0.021091	4.857485
102.238794	8907.250535	11.125671	-0.021132	4.857504
102.115129	8907.249969	11.130675	-0.021102	4.857499
102.020973	8907.246639	11.135680	-0.021079	4.857495
102.100350	8907.202906	11.140685	-0.021097	4.857486
102.121727	8907.208518	11.145690	-0.021101	4.857488
102.129997	8907.212401	11.150695	-0.021103	4.857489
102.082043	8907.226066	11.155699	-0.021091	4.857491
102.109705	8907.238940	11.160704	-0.021097	4.857495
102.177070	8907.260419	11.165709	-0.021112	4.857503
102.241515	8907.194380	11.170714	-0.021127	4.857488
102.310680	8907.234126	11.175719	-0.021143	4.857501
102.127644	8907.213687	11.180723	-0.021098	4.857489
102.043747	8907.261044	11.185728	-0.021078	4.857498
102.144515	8907.256109	11.190733	-0.021101	4.857501
102.115962	8907.248691	11.195738	-0.021094	4.857498
102.169333	8907.235016	11.200743	-0.021106	4.857496
102.077342	8907.239495	11.205747	-0.021083	4.857493
102.086868	8907.200415	11.210752	-0.021085	4.857483
102.246694	8907.220021	11.215757	-0.021122	4.857494
102.169723	8907.208625	11.220762	-0.021103	4.857488
102.205589	8907.236601	11.225767	-0.021111	4.857497
102.157596	8907.227139	11.230771	-0.021099	4.857493
102.196838	8907.235004	11.235776	-0.021108	4.857496
102.112647	8907.291653	11.240781	-0.021087	4.857508
102.194998	8907.290322	11.245786	-0.021106	4.857511
102.167119	8907.300164	11.250791	-0.021099	4.857512
102.151684	8907.243580	11.255795	-0.021095	4.857496
102.148067	8907.237475	11.260800	-0.021093	4.857494
102.147501	8907.241376	11.265805	-0.021092	4.857495
102.087644	8907.251996	11.270810	-0.021077	4.857496
102.109729	8907.294526	11.275815	-0.021082	4.857508
102.111076	8907.294703	11.280819	-0.021082	4.857508
102.120099	8907.237183	11.285824	-0.021083	4.857493
102.186443	8907.264581	11.290829	-0.021098	4.857503
102.054335	8907.191111	11.295834	-0.021066	4.857478
102.223865	8907.256850	11.300839	-0.021106	4.857502
102.159331	8907.236861	11.305843	-0.021090	4.857494
102.197227	8907.227555	11.310848	-0.021098	4.857493
102.127292	8907.281154	11.315853	-0.021081	4.857504
102.268424	8907.262760	11.320858	-0.021114	4.857504
102.153471	8907.244843	11.325863	-0.021086	4.857495
102.108066	8907.210748	11.330867	-0.021075	4.857484
102.095326	8907.211639	11.335872	-0.021071	4.857484
102.132559	8907.251000	11.340877	-0.021079	4.857496
102.218752	8907.192482	11.345882	-0.021099	4.857483
101.992174	8907.278457	11.350887	-0.021044	4.857498
102.054817	8907.203404	11.355891	-0.021059	4.857480
102.253287	8907.177393	11.360896	-0.021105	4.857480
102.280526	8907.240059	11.365901	-0.021111	4.857498
102.110628	8907.220188	11.370906	-0.021070	4.857486
102.141338	8907.252320	11.375911	-0.021077	4.857496
102.184077	8907.294420	11.380915	-0.021086	4.857509
102.309525	8907.190204	11.385920	-0.021116	4.857485
102.180542	8907.273623	11.390925	-0.021084	4.857503
102.079715	8907.213347	11.395930	-0.021059	4.857483
102.077533	8907.232498	11.400935	-0.021058	4.857488
102.161929	8907.266751	11.405939	-0.021078	4.857500
102.201701	8907.257196	11.410944	-0.021087	4.857499
102.104993	8907.281965	11.415949	-0.021063	4.857502
102.192183	8907.212905	11.420954	-0.021083	4.857486
102.207230	8907.259840	11.425959	-0.021086	4.857499
102.305390	8907.247155	11.430963	-0.021109	4.857499
102.279662	8907.290254	11.435968	-0.021102	4.857510
102.227585	8907.300997	11.440973	-0.021089	4.857511
102.272220	8907.261880	11.445978	-0.021099	4.857502
102.194691	8907.339620	11.450983	-0.021080	4.857520
102.257872	8907.273749	11.455987	-0.021094	4.857504
102.139852	8907.316386	11.460992	-0.021066	4.857512
102.205299	8907.308047	11.465997	-0.021081	4.857512
102.150875	8907.256643	11.471002	-0.021067	4.857496
102.206857	8907.327057	11.476007	-0.021080	4.857517
102.185586	8907.261995	11.481011	-0.021074	4.857498
102.110302	8907.271195	11.486016	-0.021055	4.857498
102.142445	8907.367908	11.491021	-0.021062	4.857525
102.172349	8907.246312	11.496026	-0.021069	4.857493
102.175418	8907.320285	11.501031	-0.021069	4.857513
102.216440	8907.273551	11.506035	-0.021078	4.857502
102.237283	8907.243378	11.511040	-0.021082	4.857494
102.273606	8907.292113	11.516045	-0.021091	4.857509
102.235279	8907.235101	11.521050	-0.021081	4.857492
102.315481	8907.278007	11.526055	-0.021099	4.857506
102.162955	8907.287058	11.531059	-0.021062	4.857503
102.084555	8907.228430	11.536064	-0.021043	4.857484
102.133088	8907.265134	11.541069	-0.021054	4.857496
102.187646	8907.184215	11.546074	-0.021066	4.857476
102.149258	8907.296082	11.551079	-0.021056	4.857505
102.238524	8907.224432	11.556083	-0.021077	4.857488
102.085335	8907.216222	11.561088	-0.021040	4.857481
102.198912	8907.274357	11.566093	-0.021066	4.857500
102.091409	8907.221909	11.571098	-0.021040	4.857482
102.177064	8907.304573	11.576103	-0.021060	4.857508
102.180268	8907.233947	11.581107	-0.021060	4.857488
102.253886	8907.231462	11.586112	-0.021077	4.857490
102.277551	8907.294602	11.591117	-0.021082	4.857508
102.234676	8907.237037	11.596122	-0.021071	4.857491
102.316174	8907.245072	11.601127	-0.021090	4.857496
102.169604	8907.282248	11.606131	-0.021054	4.857501
102.206145	8907.201410	11.611136	-0.021062	4.857480
102.325028	8907.264624	11.616141	-0.021090	4.857501
102.207231	8907.227422	11.621146	-0.021061	4.857487
102.235365	8907.229823	11.626151	-0.021067	4.857488
102.195600	8907.190352	11.631155	-0.021057	4.857476
102.218009	8907.171537	11.636160	-0.021062	4.857472
102.140294	8907.159084	11.641165	-0.021043	4.857466
102.199515	8907.102992	11.646170	-0.021056	4.857453
102.079377	8907.206056	11.651175	-0.021027	4.857476
102.140358	8907.297781	11.656179	-0.021041	4.857503
102.225093	8907.237143	11.661184	-0.021060	4.857489
102.285002	8907.285059	11.666189	-0.021074	4.857504
102.231376	8907.258995	11.671194	-0.021061	4.857495
102.159945	8907.320889	11.676199	-0.021043	4.857509
102.267479	8907.264162	11.681203	-0.021068	4.857498
102.293644	8907.234438	11.686208	-0.021074	4.857491
102.099759	8907.244358	11.691213	-0.021027	4.857486
102.212295	8907.204316	11.696218	-0.021053	4.857479
102.286270	8907.288533	11.701223	-0.021070	4.857505
102.301047	8907.251068	11.706227	-0.021073	4.857495
102.202497	8907.247166	11.711232	-0.021049	4.857490
102.243984	8907.263986	11.716237	-0.021058	4.857496
102.156334	8907.228563	11.721242	-0.021036	4.857483
102.151520	8907.323246	11.726247	-0.021034	4.857509
102.290110	8907.258923	11.731251	-0.021067	4.857496
102.251757	8907.307170	11.736256	-0.021057	4.857508
102.224595	8907.288000	11.741261	-0.021050	4.857502
102.169456	8907.288741	11.746266	-0.021036	4.857500
102.136009	8907.263466	11.751271	-0.021028	4.857492
102.290097	8907.306967	11.756275	-0.021064	4.857509
102.293970	8907.266324	11.761280	-0.021064	4.857498
102.170289	8907.284267	11.766285	-0.021034	4.857498
102.272742	8907.268698	11.771290	-0.021058	4.857498
102.255572	8907.270178	11.776295	-0.021053	4.857497
102.298870	8907.299480	11.781299	-0.021063	4.857507
102.230476	8907.251089	11.786304	-0.021046	4.857491
102.076979	8907.299595	11.791309	-0.021008	4.857498
102.128193	8907.288520	11.796314	-0.021020	4.857497
102.247191	8907.256873	11.801319	-0.021048	4.857493
102.212037	8907.279248	11.806323	-0.021039	4.857498
102.174467	8907.264932	11.811328	-0.021029	4.857492
102.168187	8907.282314	11.816333	-0.021027	4.857497
102.175747	8907.288605	11.821338	-0.021028	4.857498
102.096467	8907.292552	11.826343	-0.021009	4.857497
102.279901	8907.251188	11.831347	-0.021052	4.857492
102.244543	8907.257397	11.836352	-0.021043	4.857492
102.248051	8907.296613	11.841357	-0.021043	4.857503
102.173718	8907.243227	11.846362	-0.021024	4.857486
102.224275	8907.244962	11.851367	-0.021036	4.857488
102.199892	8907.289039	11.856371	-0.021029	4.857499
102.276891	8907.252562	11.861376	-0.021047	4.857492
102.229563	8907.271928	11.866381	-0.021035	4.857495
102.216211	8907.223165	11.871386	-0.021031	4.857481
102.193145	8907.263597	11.876391	-0.021025	4.857491
102.157378	8907.254824	11.881395	-0.021016	4.857488
102.370559	8905.744095	11.886400	-0.021066	4.857087
102.346566	8900.769367	11.891405	-0.021060	4.855743
102.075838	8895.699418	11.896410	-0.020994	4.854364
102.086630	8891.034902	11.901415	-0.020995	4.853105
102.069701	8886.013688	11.906419	-0.020990	4.851747
102.046413	8880.950847	11.911424	-0.020984	4.850378
102.042190	8875.929616	11.916429	-0.020982	4.849020
101.926062	8870.820882	11.921434	-0.020953	4.847634
101.947133	8865.816432	11.926439	-0.020957	4.846281
102.034636	8860.622191	11.931443	-0.020977	4.844879
102.105587	8855.797249	11.936448	-0.020993	4.843575
102.033948	8851.046936	11.941453	-0.020975	4.842286
101.918204	8845.933825	11.946458	-0.020946	4.840898
101.932411	8840.983339	11.951463	-0.020949	4.839557
101.845549	8835.432661	11.956467	-0.020927	4.838050
101.838729	8830.265658	11.961472	-0.020924	4.836649
101.724881	8825.169873	11.966477	-0.020896	4.835263
101.742192	8820.171804	11.971482	-0.020899	4.833908
101.758941	8815.552638	11.976487	-0.020902	4.832655
101.636977	8810.405864	11.981491	-0.020872	4.831254
101.767079	8805.328799	11.986496	-0.020902	4.829881
101.639353	8800.318025	11.991501	-0.020870	4.828516
101.499402	8795.205774	11.996506	-0.020836	4.827122
101.556952	8790.217562	12.001511	-0.020849	4.825769
101.595257	8785.070231	12.006515	-0.020857	4.824372
101.482814	8780.444484	12.011520	-0.020829	4.823110
101.483298	8775.450957	12.016525	-0.020828	4.821752
101.418774	8770.354082	12.021530	-0.020812	4.820363
101.549856	8765.322613	12.026535	-0.020842	4.818999
101.535248	8759.807730	12.031539	-0.020837	4.817498
101.397675	8754.805661	12.036544	-0.020804	4.816131
101.386131	8749.749947	12.041549	-0.020800	4.814754
101.337047	8744.981633	12.046554	-0.020787	4.813454
101.347394	8740.119380	12.051559	-0.020789	4.812129
101.324482	8734.974372	12.056563	-0.020782	4.810726
101.256227	8730.038658	12.061568	-0.020765	4.809378
101.194716	8724.891629	12.066573	-0.020749	4.807972
101.053870	8719.820010	12.071578	-0.020714	4.806584
101.183579	8714.775489	12.076583	-0.020744	4.805212
101.118520	8709.930851	12.081587	-0.020728	4.803887
101.046859	8705.169673	12.086592	-0.020710	4.802585
101.131922	8700.072591	12.091597	-0.020729	4.801196
100.935815	8695.102771	12.096602	-0.020681	4.799831
100.906998	8689.518256	12.101607	-0.020673	4.798304
100.855652	8684.387524	12.106611	-0.020660	4.796900
100.923907	8679.253108	12.111616	-0.020675	4.795499
100.834702	8674.339556	12.116621	-0.020653	4.794152
100.825812	8669.611376	12.121626	-0.020650	4.792858
100.765068	8664.487829	12.126631	-0.020634	4.791454
100.774966	8659.474566	12.131635	-0.020636	4.790082
100.817041	8654.370446	12.136640	-0.020645	4.788686
100.727576	8649.338623	12.141645	-0.020622	4.787305
100.644852	8644.183127	12.146650	-0.020601	4.785889
100.805330	8639.171700	12.151655	-0.020639	4.784522
100.654423	8634.499143	12.156659	-0.020602	4.783235
100.695642	8629.463909	12.161664	-0.020611	4.781856
100.633113	8624.376392	12.166669	-0.020595	4.780459
100.717537	8619.163898	12.171674	-0.020614	4.779032
100.666740	8613.956037	12.176679	-0.020601	4.777601
100.579589	8608.824245	12.181683	-0.020579	4.776189
100.415495	8603.887887	12.186688	-0.020539	4.774827
100.503887	8599.113984	12.191693	-0.020559	4.773519
100.308414	8594.189432	12.196698	-0.020511	4.772159
100.493301	8588.999010	12.201703	-0.020554	4.770739
100.350159	8584.001857	12.206707	-0.020519	4.769360
100.242208	8578.899036	12.211712	-0.020492	4.767953
100.408657	8573.854180	12.216717	-0.020531	4.766571
100.353554	8568.792258	12.221722	-0.020517	4.765176
100.335889	8564.015757	12.226727	-0.020512	4.763861
100.288245	8559.106500	12.231731	-0.020499	4.762508
100.322474	8554.001086	12.236736	-0.020506	4.761103
100.268302	8549.031024	12.241741	-0.020492	4.759732
100.294685	8543.330372	12.246746	-0.020498	4.758162
100.165858	8538.421633	12.251751	-0.020466	4.756804
100.017723	8533.261206	12.256755	-0.020429	4.755376
100.198807	8528.446935	12.261760	-0.020472	4.754055
99.968562	8523.589854	12.266765	-0.020416	4.752706
99.947467	8518.556056	12.271770	-0.020410	4.751316
100.050576	8513.417710	12.276775	-0.020433	4.749902
100.072629	8508.384079	12.281779	-0.020438	4.748513
100.089850	8503.275749	12.286784	-0.020441	4.747103
100.074029	8498.253911	12.291789	-0.020436	4.745715
99.845343	8493.333100	12.296794	-0.020380	4.744346
99.947892	8488.512859	12.301799	-0.020404	4.743017
99.880830	8483.479057	12.306803	-0.020387	4.741623
99.831980	8478.442999	12.311808	-0.020374	4.740228
99.845805	8473.067665	12.316813	-0.020376	4.738741
99.719620	8467.951132	12.321818	-0.020345	4.737320
99.829324	8462.871935	12.326823	-0.020370	4.735918
99.731454	8457.949416	12.331827	-0.020346	4.734551
99.697643	8453.206133	12.336832	-0.020337	4.733236
99.654348	8448.126438	12.341837	-0.020326	4.731826
99.559099	8443.065956	12.346842	-0.020302	4.730420
99.604074	8438.019267	12.351847	-0.020312	4.729022
99.523891	8432.957383	12.356851	-0.020291	4.727615
99.630871	8427.830373	12.361856	-0.020316	4.726197
99.584237	8422.902768	12.366861	-0.020304	4.724828
99.618212	8417.913105	12.371866	-0.020311	4.723444
99.461354	8412.905558	12.376871	-0.020272	4.722048
99.454551	8407.714622	12.381875	-0.020270	4.720606
99.302369	8402.431952	12.386880	-0.020232	4.719132
99.331898	8397.034495	12.391885	-0.020238	4.717633
99.253917	8392.028437	12.396890	-0.020219	4.716238
99.279775	8386.987312	12.401895	-0.020224	4.714837
99.148609	8382.368028	12.406899	-0.020192	4.713547
99.294329	8377.197721	12.411904	-0.020225	4.712114
99.099766	8372.213627	12.416909	-0.020178	4.710719
99.204367	8367.111864	12.421914	-0.020202	4.709303
99.167278	8362.079580	12.426919	-0.020192	4.707900
99.155099	8356.916265	12.431923	-0.020188	4.706461
99.159219	8351.954888	12.436928	-0.020188	4.705078
99.085265	8347.325692	12.441933	-0.020169	4.703785
99.112816	8342.200217	12.446938	-0.020175	4.702357
99.104511	8337.120776	12.451943	-0.020172	4.700940
98.964848	8331.950459	12.456947	-0.020138	4.699491
99.023620	8326.694161	12.461952	-0.020151	4.698027
98.728011	8321.640859	12.466957	-0.020079	4.696604
98.805035	8316.593016	12.471962	-0.020096	4.695197
98.915076	8311.882602	12.476967	-0.020122	4.693886
98.839368	8306.911776	12.481971	-0.020103	4.692494
98.781693	8301.724199	12.486976	-0.020088	4.691042
98.742818	8296.781084	12.491981	-0.020077	4.689658
98.758758	8291.577870	12.496986	-0.020080	4.688203
98.718394	8286.582193	12.501991	-0.020070	4.686804
98.872801	8281.451783	12.506995	-0.020106	4.685375
98.814446	8276.828725	12.512000	-0.020091	4.684078
98.813339	8271.785866	12.517005	-0.020089	4.682666
98.824474	8266.760526	12.522010	-0.020091	4.681259
98.628014	8261.555056	12.527015	-0.020043	4.679792
98.469484	8256.121700	12.532019	-0.020004	4.678263
98.556216	8251.069712	12.537024	-0.020024	4.676850
98.656132	8245.983843	12.542029	-0.020047	4.675428
98.485873	8241.339724	12.547034	-0.020005	4.674118
98.511463	8236.275805	12.552039	-0.020010	4.672698
98.367015	8231.300262	12.557043	-0.019975	4.671296
98.339436	8226.194078	12.562048	-0.019967	4.669861
98.236408	8221.166464	12.567053	-0.019941	4.668444
98.284619	8216.071954	12.572058	-0.019952	4.667015
98.259674	8211.006737	12.577063	-0.019945	4.665591
98.219518	8206.288522	12.582067	-0.019934	4.664262
98.214391	8201.287694	12.587072	-0.019932	4.662856
98.367538	8196.294295	12.592077	-0.019968	4.661458
98.264189	8191.042901	12.597082	-0.019942	4.659976
98.083145	8185.862713	12.602087	-0.019898	4.658510
98.057448	8180.703790	12.607091	-0.019891	4.657057
98.096332	8175.667432	12.612096	-0.019899	4.655640
98.112075	8170.965236	12.617101	-0.019902	4.654316
98.059202	8165.913714	12.622106	-0.019888	4.652890
98.052387	8160.915411	12.627111	-0.019885	4.651481
97.967950	8155.813151	12.632115	-0.019864	4.650038
98.044984	8150.798447	12.637120	-0.019882	4.648627
97.980875	8145.741598	12.642125	-0.019865	4.647198
97.994650	8140.615755	12.647130	-0.019867	4.645751
97.856531	8135.940541	12.652135	-0.019833	4.644426
97.916057	8130.959970	12.657139	-0.019847	4.643022
97.837331	8125.952425	12.662144	-0.019827	4.641604
97.877333	8120.689533	12.667149	-0.019835	4.640118
97.665047	8115.317000	12.672154	-0.019784	4.638590
97.699431	8110.273686	12.677159	-0.019791	4.637166
97.750455	8105.132219	12.682163	-0.019802	4.635714
97.636659	8100.495564	12.687168	-0.019774	4.634397
97.632478	8095.452836	12.692173	-0.019772	4.632969
97.646441	8090.379083	12.697178	-0.019774	4.631534
97.626546	8085.339704	12.702183	-0.019768	4.630106
97.522758	8080.226734	12.707187	-0.019743	4.628653
97.609047	8075.208189	12.712192	-0.019762	4.627234
97.418648	8070.124001	12.717197	-0.019716	4.625785
97.664589	8065.444854	12.722202	-0.019774	4.624469
97.497208	8060.452641	12.727207	-0.019733	4.623045
97.395228	8055.310995	12.732211	-0.019707	4.621582
97.339693	8050.211071	12.737216	-0.019693	4.620132
97.324865	8044.868902	12.742221	-0.019688	4.618615
97.321241	8039.857616	12.747226	-0.019686	4.617192
97.276560	8034.824623	12.752231	-0.019675	4.615760
97.236751	8030.071483	12.757235	-0.019664	4.614407
97.100812	8025.097574	12.762240	-0.019631	4.612988
97.342582	8019.992504	12.767245	-0.019688	4.611547
97.129735	8014.927313	12.772250	-0.019636	4.610097
97.153214	8009.916667	12.777255	-0.019640	4.608672
97.129690	8004.771256	12.782259	-0.019634	4.607207
97.050781	7999.814930	12.787264	-0.019614	4.605792
97.169112	7995.123998	12.792269	-0.019641	4.604461
97.134443	7989.993825	12.797274	-0.019632	4.602998
97.024297	7985.033850	12.802279	-0.019604	4.601580
96.918193	7979.654256	12.807283	-0.019578	4.600042
97.011363	7974.366556	12.812288	-0.019599	4.598538
96.829173	7969.335300	12.817293	-0.019555	4.597095
96.845250	7964.268853	12.822298	-0.019558	4.595650
96.811262	7959.658182	12.827303	-0.019548	4.594333
96.765911	7954.515942	12.832307	-0.019537	4.592863
96.693769	7949.453942	12.837312	-0.019518	4.591414
96.718749	7944.467756	12.842317	-0.019523	4.589990
96.642399	7939.292739	12.847322	-0.019504	4.588508
96.795078	7934.210780	12.852327	-0.019540	4.587062
96.670968	7929.369832	12.857331	-0.019509	4.585672
96.694112	7924.538594	12.862336	-0.019513	4.584291
96.592401	7919.536675	12.867341	-0.019488	4.582856
96.509948	7914.482023	12.872346	-0.019467	4.581405
96.591820	7909.144351	12.877351	-0.019486	4.579881
96.475092	7904.017831	12.882355	-0.019457	4.578407
96.451947	7898.898737	12.887360	-0.019450	4.576939
96.326154	7894.025386	12.892365	-0.019419	4.575537
96.475170	7889.255472	12.897370	-0.019454	4.574176
96.492562	7884.190147	12.902375	-0.019457	4.572725
96.397974	7879.088891	12.907379	-0.019434	4.571257
96.370349	7874.049266	12.912384	-0.019426	4.569810
96.335042	7869.010307	12.917389	-0.019417	4.568362
96.308097	7863.897680	12.922394	-0.019409	4.566892
96.197539	7859.154499	12.927399	-0.019382	4.565525
96.199715	7854.219670	12.932403	-0.019381	4.564107
96.196697	7849.173157	12.937408	-0.019379	4.562657
96.198616	7844.158944	12.942413	-0.019379	4.561215
96.186609	7838.503766	12.947418	-0.019375	4.559589
96.048732	7833.463444	12.952423	-0.019341	4.558132
96.035046	7828.426378	12.957427	-0.019337	4.556682
96.112855	7823.530097	12.962432	-0.019354	4.555276
96.112266	7818.631747	12.967437	-0.019353	4.553866
95.989001	7813.624761	12.972442	-0.019323	4.552418
95.855496	7808.625404	12.977447	-0.019290	4.550971
95.883526	7803.431389	12.982451	-0.019295	4.549475
95.790144	7798.472115	12.987456	-0.019272	4.548041
95.898252	7793.374487	12.992461	-0.019297	4.546576
95.840235	7788.576039	12.997466	-0.019282	4.545189
95.860988	7783.678615	13.002471	-0.019286	4.543776
95.653627	7778.611218	13.007475	-0.019236	4.542304
95.872646	7773.395914	13.012480	-0.019287	4.540808
95.821062	7768.108690	13.017485	-0.019274	4.539278
95.797288	7763.066104	13.022490	-0.019267	4.537820
95.711746	7757.939144	13.027495	-0.019245	4.536334
95.634372	7753.253033	13.032499	-0.019226	4.534975
95.605988	7748.301290	13.037504	-0.019218	4.533541
95.628819	7743.205693	13.042509	-0.019223	4.532068
95.520061	7738.172187	13.047514	-0.019196	4.530606
95.633220	7733.097395	13.052519	-0.019222	4.529142
95.531652	7728.013184	13.057523	-0.019196	4.527665
95.474062	7723.048418	13.062528	-0.019182	4.526224
95.486677	7718.355910	13.067533	-0.019184	4.524864
95.473726	7713.250122	13.072538	-0.019179	4.523384
95.480351	7708.197681	13.077543	-0.019180	4.521919
95.395638	7702.807912	13.082547	-0.019159	4.520351
95.340640	7697.601237	13.087552	-0.019145	4.518838
95.098368	7692.573568	13.092557	-0.019086	4.517367
95.246271	7687.605561	13.097562	-0.019120	4.515931
95.273684	7682.871855	13.102567	-0.019126	4.514557
95.252013	7677.788871	13.107571	-0.019119	4.513079
95.101476	7672.732172	13.112576	-0.019082	4.511602
95.210594	7667.630821	13.117581	-0.019108	4.510124
95.057141	7662.641311	13.122586	-0.019070	4.508666
94.915685	7657.531295	13.127591	-0.019035	4.507172
94.973009	7652.703125	13.132595	-0.019048	4.505770
95.080133	7647.841333	13.137600	-0.019072	4.504360
94.958414	7642.847685	13.142605	-0.019042	4.502899
95.066740	7637.635121	13.147610	-0.019067	4.501386
94.983525	7632.298805	13.152615	-0.019046	4.499827
94.842894	7627.293086	13.157619	-0.019012	4.498361
94.942176	7622.166466	13.162624	-0.019034	4.496871
94.863187	7617.407407	13.167629	-0.019014	4.495479
94.663104	7612.519295	13.172634	-0.018966	4.494043
94.829536	7607.462240	13.177639	-0.019004	4.492575
94.740197	7602.384506	13.182643	-0.018982	4.491088
94.631369	7597.279694	13.187648	-0.018955	4.489591
94.693697	7592.272846	13.192653	-0.018969	4.488131
94.597982	7587.235460	13.197658	-0.018945	4.486654
94.774828	7582.543587	13.202663	-0.018986	4.485291
94.664486	7577.472387	13.207667	-0.018959	4.483803
94.617915	7572.468977	13.212672	-0.018947	4.482337
94.456893	7567.219870	13.217677	-0.018907	4.480793
94.500564	7561.996688	13.222682	-0.018917	4.479266
94.421279	7556.915453	13.227687	-0.018897	4.477774
94.464117	7552.007080	13.232691	-0.018906	4.476338
94.403197	7547.212653	13.237696	-0.018890	4.474930
94.270174	7542.187039	13.242701	-0.018858	4.473450
94.403513	7537.059397	13.247706	-0.018888	4.471953
94.336834	7532.006762	13.252711	-0.018872	4.470468
94.287533	7526.978408	13.257715	-0.018859	4.468990
94.236855	7521.848808	13.262720	-0.018846	4.467481
94.164705	7517.049938	13.267725	-0.018827	4.466069
94.140877	7512.121092	13.272730	-0.018821	4.464620
94.156669	7507.070230	13.277735	-0.018823	4.463136
94.097279	7501.954208	13.282739	-0.018808	4.461630
94.148653	7496.598059	13.287744	-0.018819	4.460058
94.102660	7491.572461	13.292749	-0.018807	4.458577
94.076041	7486.494305	13.297754	-0.018800	4.457082
93.975114	7481.820910	13.302759	-0.018775	4.455701
93.984451	7476.823670	13.307763	-0.018776	4.454230
93.898565	7471.724619	13.312768	-0.018755	4.452724
94.059817	7466.649569	13.317773	-0.018792	4.451237
93.925039	7461.593083	13.322778	-0.018759	4.449740
93.722051	7456.567004	13.327783	-0.018709	4.448248
93.766469	7451.555187	13.332787	-0.018719	4.446772
93.769179	7446.807226	13.337792	-0.018719	4.445372
93.848196	7441.760936	13.342797	-0.018737	4.443887
93.845168	7436.715640	13.347802	-0.018735	4.442397
93.750160	7431.261870	13.352807	-0.018711	4.440782
93.780551	7426.100217	13.357811	-0.018717	4.439259
93.630829	7421.028487	13.362816	-0.018681	4.437752
93.637020	7416.185028	13.367821	-0.018681	4.436321
93.615697	7411.283491	13.372826	-0.018675	4.434870
93.693244	7406.189144	13.377831	-0.018693	4.433367
93.570080	7401.201965	13.382835	-0.018662	4.431885
93.353680	7396.083959	13.387840	-0.018609	4.430359
93.484228	7391.062554	13.392845	-0.018640	4.428879
93.418698	7385.970394	13.397850	-0.018623	4.427368
93.468610	7381.271880	13.402855	-0.018634	4.425978
93.385234	7376.267290	13.407859	-0.018613	4.424490
93.159177	7371.251346	13.412864	-0.018558	4.422992
93.136057	7366.068152	13.417869	-0.018551	4.421453
93.279073	7360.786255	13.422874	-0.018584	4.419893
93.405500	7355.706805	13.427879	-0.018614	4.418392
93.295441	7350.729219	13.432883	-0.018586	4.416909
93.234869	7345.982239	13.437888	-0.018571	4.415496
93.147834	7340.938811	13.442893	-0.018549	4.413993
93.262841	7335.856514	13.447898	-0.018576	4.412488
93.197147	7330.818066	13.452903	-0.018559	4.410987
93.135674	7325.728133	13.457907	-0.018543	4.409470
93.115054	7320.622312	13.462912	-0.018537	4.407950
93.082740	7315.836046	13.467917	-0.018529	4.406524
93.050899	7310.949541	13.472922	-0.018520	4.405067
92.949005	7305.896681	13.477927	-0.018495	4.403557
92.970914	7300.782935	13.482931	-0.018499	4.402035
92.933956	7295.262316	13.487936	-0.018489	4.400388
92.993129	7290.216884	13.492941	-0.018502	4.398887
92.727595	7285.165532	13.497946	-0.018438	4.397366
92.795266	7280.463205	13.502951	-0.018453	4.395967
92.661056	7275.437119	13.507955	-0.018420	4.394460
92.736353	7270.365304	13.512960	-0.018437	4.392950
92.840009	7265.286010	13.517965	-0.018460	4.391438
92.871847	7260.182482	13.522970	-0.018467	4.389915
92.708873	7255.148665	13.527975	-0.018427	4.388403
92.633293	7250.259869	13.532979	-0.018408	4.386937
92.592904	7245.437474	13.537984	-0.018397	4.385493
92.658985	7240.392186	13.542989	-0.018412	4.383987
92.665725	7235.300738	13.547994	-0.018413	4.382464
92.636890	7229.927475	13.552999	-0.018405	4.380854
92.488052	7224.883001	13.558003	-0.018368	4.379335
92.515080	7219.801701	13.563008	-0.018374	4.377815
92.615820	7215.030919	13.568013	-0.018397	4.376390
92.419959	7210.072966	13.573018	-0.018349	4.374894
92.556000	7205.012750	13.578023	-0.018381	4.373384
92.416650	7199.969102	13.583027	-0.018346	4.371863
92.325043	7194.906234	13.588032	-0.018323	4.370339
92.297173	7189.835838	13.593037	-0.018316	4.368815
92.234606	7184.824373	13.598042	-0.018300	4.367307
92.304302	7180.099613	13.603047	-0.018315	4.365892
92.304145	7175.022157	13.608051	-0.018314	4.364366
92.184686	7170.003200	13.613056	-0.018285	4.362851
92.091100	7164.534976	13.618061	-0.018261	4.361201
92.087259	7159.431500	13.623066	-0.018259	4.359666
92.033752	7154.367806	13.628071	-0.018246	4.358139
91.945032	7149.553877	13.633075	-0.018223	4.356685
91.963212	7144.614506	13.638080	-0.018227	4.355199
91.993840	7139.581301	13.643085	-0.018233	4.353685
92.135462	7134.496658	13.648090	-0.018266	4.352160
92.026546	7129.380284	13.653095	-0.018239	4.350612
92.055785	7124.337080	13.658099	-0.018245	4.349093
92.008514	7119.305327	13.663104	-0.018233	4.347572
92.001791	7114.632168	13.668109	-0.018230	4.346162
91.862991	7109.573872	13.673114	-0.018196	4.344627
91.726102	7104.533605	13.678119	-0.018162	4.343098
91.736262	7099.190493	13.683123	-0.018163	4.341484
91.672595	7094.106566	13.688128	-0.018147	4.339945
91.779111	7089.014203	13.693133	-0.018172	4.338411
91.625635	7084.200051	13.698138	-0.018134	4.336947
91.521700	7079.323866	13.703143	-0.018108	4.335466
91.643067	7074.215448	13.708147	-0.018136	4.333927
91.621933	7069.210050	13.713152	-0.018130	4.332411
91.607488	7064.137152	13.718157	-0.018126	4.330874
91.540557	7059.055027	13.723162	-0.018109	4.329331
91.560894	7054.014431	13.728167	-0.018112	4.327804
91.341815	7049.398328	13.733171	-0.018059	4.326393
91.453391	7044.312576	13.738176	-0.018085	4.324857
91.449898	7039.304194	13.743181	-0.018083	4.323337
91.342192	7033.860937	13.748186	-0.018056	4.321679
91.304548	7028.706207	13.753191	-0.018046	4.320112
91.275993	7023.608231	13.758195	-0.018038	4.318563
91.275131	7018.737193	13.763200	-0.018037	4.317083
91.330394	7013.841081	13.768205	-0.018049	4.315598
91.301883	7008.733039	13.773210	-0.018042	4.314044
91.197616	7003.754727	13.778215	-0.018016	4.312524
91.138155	6998.638609	13.783219	-0.018000	4.310964
91.246911	6993.591849	13.788224	-0.018025	4.309434
91.173549	6988.583496	13.793229	-0.018007	4.307905
91.109324	6983.898155	13.798234	-0.017990	4.306475
91.035788	6978.859508	13.803239	-0.017972	4.304936
91.035634	6973.752793	13.808243	-0.017971	4.303379
90.946268	6968.423790	13.813248	-0.017948	4.301750
90.978628	6963.312806	13.818253	-0.017955	4.300193
90.869727	6958.214472	13.823258	-0.017928	4.298631
90.794255	6953.492330	13.828263	-0.017909	4.297186
90.960708	6948.520395	13.833267	-0.017948	4.295677
90.821182	6943.333002	13.838272	-0.017914	4.294085
90.725633	6938.287567	13.843277	-0.017890	4.292538
90.682233	6933.166882	13.848282	-0.017878	4.290970
90.829318	6928.086168	13.853287	-0.017912	4.289425
90.673209	6923.165729	13.858291	-0.017874	4.287912
90.613013	6918.374097	13.863296	-0.017859	4.286442
90.644079	6913.327435	13.868301	-0.017865	4.284899
90.682544	6908.257750	13.873306	-0.017873	4.283349
90.536459	6902.822782	13.878311	-0.017837	4.281676
90.623161	6897.684738	13.883315	-0.017857	4.280107
90.590033	6892.617796	13.888320	-0.017848	4.278551
90.569561	6887.872046	13.893325	-0.017842	4.277095
90.513805	6882.895362	13.898330	-0.017828	4.275565
90.394276	6877.841883	13.903335	-0.017798	4.274008
90.421940	6872.814558	13.908339	-0.017804	4.272466
90.389553	6867.693563	13.913344	-0.017795	4.270892
90.327877	6862.651101	13.918349	-0.017780	4.269339
90.352352	6857.717226	13.923354	-0.017784	4.267824
90.143086	6852.951914	13.928359	-0.017733	4.266347
90.119860	6847.900553	13.933363	-0.017727	4.264792
90.293285	6842.799812	13.938368	-0.017767	4.263233
90.245465	6837.456509	13.943373	-0.017755	4.261586
90.179897	6832.351851	13.948378	-0.017738	4.260011
90.071508	6827.334218	13.953383	-0.017711	4.258459
90.017406	6822.605084	13.958387	-0.017697	4.256999
90.076791	6817.583675	13.963392	-0.017710	4.255455
89.999443	6812.540310	13.968397	-0.017691	4.253895
90.013387	6807.464340	13.973402	-0.017693	4.252331
89.927261	6802.415254	13.978407	-0.017672	4.250768
89.972567	6797.348206	13.983411	-0.017682	4.249206
89.938562	6792.490142	13.988416	-0.017672	4.247704
89.875863	6787.646329	13.993421	-0.017656	4.246205
89.780395	6782.584158	13.998426	-0.017633	4.244635
89.745803	6777.438599	14.003431	-0.017623	4.243042
89.684679	6771.982025	14.008435	-0.017608	4.241352
89.762398	6766.894791	14.013440	-0.017625	4.239782
89.725843	6761.900783	14.018445	-0.017615	4.238235
89.621066	6757.160610	14.023450	-0.017589	4.236761
89.595273	6752.099597	14.028455	-0.017582	4.235192
89.633308	6747.037356	14.033459	-0.017590	4.233626
89.604693	6741.968551	14.038464	-0.017583	4.232054
89.626089	6736.901145	14.043469	-0.017587	4.230484
89.489755	6731.814444	14.048474	-0.017553	4.228898
89.498320	6727.060171	14.053479	-0.017554	4.227424
89.385973	6722.130548	14.058483	-0.017526	4.225887
89.431468	6717.064920	14.063488	-0.017536	4.224317
89.395046	6711.848017	14.068493	-0.017526	4.222695
89.310704	6706.613193	14.073498	-0.017505	4.221063
89.221839	6701.603244	14.078503	-0.017483	4.219501
89.218741	6696.674072	14.083507	-0.017481	4.217968
89.251775	6691.846124	14.088512	-0.017488	4.216468
89.271815	6686.775591	14.093517	-0.017492	4.214891
89.355518	6681.689673	14.098522	-0.017511	4.213313
89.334301	6676.603799	14.103527	-0.017505	4.211728
89.105372	6671.577947	14.108531	-0.017449	4.210149
89.153481	6666.549674	14.113536	-0.017460	4.208585
89.053830	6661.854199	14.118541	-0.017435	4.207115
89.073007	6656.774072	14.123546	-0.017438	4.205532
89.093843	6651.768575	14.128551	-0.017442	4.203971
88.995523	6646.272879	14.133555	-0.017418	4.202250
88.861500	6641.231298	14.138560	-0.017385	4.200668
88.896333	6636.151940	14.143565	-0.017392	4.199083
88.875328	6631.347075	14.148570	-0.017386	4.197581
88.755092	6626.439356	14.153575	-0.017356	4.196039
88.809075	6621.340908	14.158579	-0.017368	4.194448
88.739565	6616.276362	14.163584	-0.017351	4.192860
88.813168	6611.191910	14.168589	-0.017367	4.191273
88.762255	6606.116641	14.173594	-0.017354	4.189681
88.619923	6601.307339	14.178599	-0.017319	4.188167
88.679295	6596.414678	14.183603	-0.017332	4.186637
88.654334	6591.319098	14.188608	-0.017325	4.185039
88.715329	6586.215668	14.193613	-0.017339	4.183443
88.591348	6580.909422	14.198618	-0.017308	4.181771
88.548209	6575.870112	14.203623	-0.017297	4.180187
88.598443	6570.863200	14.208627	-0.017308	4.178619
88.583288	6566.118503	14.213632	-0.017303	4.177128
88.566128	6561.036004	14.218637	-0.017298	4.175530
88.385850	6556.022195	14.223642	-0.017254	4.173944
88.173196	6550.991877	14.228647	-0.017202	4.172349
88.260894	6545.913548	14.233651	-0.017222	4.170758
88.227419	6540.848024	14.238656	-0.017213	4.169162
88.259854	6536.132563	14.243661	-0.017220	4.167680
88.210949	6531.111507	14.248666	-0.017207	4.166096
88.232714	6526.101269	14.253671	-0.017211	4.164520
88.100743	6520.713993	14.258675	-0.017179	4.162814
87.999255	6515.581458	14.263680	-0.017153	4.161190
88.052657	6510.450119	14.268685	-0.017165	4.159575
88.236519	6505.549349	14.273690	-0.017208	4.158041
88.149870	6500.630534	14.278695	-0.017187	4.156483
87.997241	6495.563462	14.283699	-0.017149	4.154874
87.977733	6490.506681	14.288704	-0.017143	4.153276
87.962328	6485.438197	14.293709	-0.017139	4.151674
87.999821	6480.364164	14.298714	-0.017147	4.150073
87.925462	6475.469257	14.303719	-0.017128	4.148520
87.892466	6470.679539	14.308723	-0.017119	4.147003
87.872994	6465.606721	14.313728	-0.017113	4.145397
87.859223	6460.462749	14.318733	-0.017109	4.143768
87.836932	6455.132229	14.323738	-0.017103	4.142079
87.803513	6450.118493	14.328743	-0.017094	4.140488
87.519945	6445.156461	14.333747	-0.017025	4.138898
87.725603	6440.358018	14.338752	-0.017073	4.137390
87.591255	6435.348448	14.343757	-0.017040	4.135793
87.600874	6430.241317	14.348762	-0.017041	4.134173
87.453020	6425.163663	14.353767	-0.017005	4.132552
87.503850	6420.110333	14.358771	-0.017016	4.130951
87.495465	6415.043255	14.363776	-0.017013	4.129341
87.524081	6410.377487	14.368781	-0.017019	4.127860
87.431908	6405.346676	14.373786	-0.016996	4.126255
87.519013	6400.310441	14.378791	-0.017016	4.124659
87.427294	6394.819337	14.383795	-0.016993	4.122906
87.478866	6389.687360	14.388800	-0.017004	4.121276
87.400097	6384.655115	14.393805	-0.016984	4.119669
87.290673	6379.838799	14.398810	-0.016957	4.118128
87.282453	6374.902103	14.403815	-0.016954	4.116554
87.203568	6369.851243	14.408819	-0.016934	4.114939
87.327449	6364.756722	14.413824	-0.016963	4.113323
87.265960	6359.722016	14.418829	-0.016947	4.111713
87.101036	6354.645570	14.423834	-0.016907	4.110082
87.084656	6349.836568	14.428839	-0.016902	4.108546
87.003888	6344.941675	14.433843	-0.016881	4.106977
87.107168	6339.893316	14.438848	-0.016905	4.105371
87.145098	6334.672568	14.443853	-0.016913	4.103705
87.101059	6329.438270	14.448858	-0.016902	4.102028
87.070426	6324.368345	14.453863	-0.016893	4.100405
87.014955	6319.476179	14.458867	-0.016879	4.098836
86.923429	6314.637088	14.463872	-0.016856	4.097280
86.971117	6309.550388	14.468877	-0.016867	4.095655
86.961152	6304.500766	14.473882	-0.016863	4.094036
86.965604	6299.400545	14.478887	-0.016863	4.092402
86.834014	6294.390340	14.483891	-0.016831	4.090787
86.710726	6289.462224	14.488896	-0.016800	4.089198
86.643086	6284.686248	14.493901	-0.016783	4.087661
86.809116	6279.543648	14.498906	-0.016822	4.086021
86.716057	6274.492725	14.503911	-0.016799	4.084393
86.559378	6269.038988	14.508915	-0.016760	4.082630
86.595151	6263.954423	14.513920	-0.016768	4.080999
86.519207	6258.935441	14.518925	-0.016748	4.079380
86.533585	6254.181491	14.523930	-0.016751	4.077852
86.497526	6249.147607	14.528935	-0.016741	4.076229
86.459548	6244.103525	14.533939	-0.016731	4.074603
86.464239	6238.993615	14.538944	-0.016731	4.072958
86.535821	6233.933126	14.543949	-0.016747	4.071332
86.440038	6228.869190	14.548954	-0.016724	4.069694
86.373466	6224.188620	14.553959	-0.016707	4.068180
86.446676	6219.104670	14.558963	-0.016723	4.066545
86.319346	6214.053239	14.563968	-0.016692	4.064907
86.429999	6208.714244	14.568973	-0.016717	4.063191
86.254623	6203.672079	14.573978	-0.016674	4.061551
86.100523	6198.631505	14.578983	-0.016636	4.059912
86.108452	6193.813711	14.583987	-0.016637	4.058355
86.094550	6188.869019	14.588992	-0.016633	4.056756
86.165325	6183.820053	14.593997	-0.016649	4.055127
86.020031	6178.758776	14.599002	-0.016613	4.053480
86.080694	6173.672561	14.604007	-0.016627	4.051837
86.009764	6168.589519	14.609011	-0.016609	4.050186
86.068534	6163.717857	14.614016	-0.016622	4.048612
85.919353	6158.743676	14.619021	-0.016585	4.046990
85.920160	6153.689503	14.624026	-0.016584	4.045351
85.886841	6148.349957	14.629031	-0.016575	4.043617
85.944140	6143.120928	14.634035	-0.016588	4.041924
85.909294	6138.012200	14.639040	-0.016579	4.040263
85.770337	6133.299141	14.644045	-0.016544	4.038723
85.699000	6128.296229	14.649050	-0.016526	4.037092
85.587776	6123.278672	14.654055	-0.016499	4.035454
85.614492	6118.226860	14.659059	-0.016504	4.033813
85.611360	6113.127641	14.664064	-0.016502	4.032154
85.635807	6108.068909	14.669069	-0.016507	4.030509
85.591500	6103.210640	14.674074	-0.016496	4.028925
85.616969	6098.344560	14.679079	-0.016501	4.027341
85.405667	6093.312241	14.684083	-0.016449	4.025687
85.438979	6088.077830	14.689088	-0.016456	4.023983
85.523066	6082.869491	14.694093	-0.016475	4.022291
85.387493	6077.819220	14.699098	-0.016442	4.020634
85.301279	6073.015189	14.704103	-0.016420	4.019060
85.504988	6068.057801	14.709107	-0.016468	4.017455
85.446175	6063.016753	14.714112	-0.016453	4.015805
85.356076	6057.965241	14.719117	-0.016430	4.014148
85.343483	6052.844226	14.724122	-0.016426	4.012473
85.352740	6047.817182	14.729127	-0.016427	4.010829
85.270813	6043.010736	14.734131	-0.016407	4.009251
85.202487	6038.094627	14.739136	-0.016390	4.007637
85.142057	6033.095921	14.744141	-0.016374	4.005997
85.220443	6027.748962	14.749146	-0.016392	4.004250
85.162266	6022.480652	14.754151	-0.016377	4.002520
85.002091	6017.472236	14.759155	-0.016338	4.000867
85.022361	6012.602125	14.764160	-0.016341	3.999271
84.803450	6007.704428	14.769165	-0.016288	3.997649
84.871307	6002.630417	14.774170	-0.016303	3.995988
85.009419	5997.540818	14.779175	-0.016335	3.994326
84.846914	5992.473039	14.784179	-0.016295	3.992650
85.035951	5987.388277	14.789184	-0.016340	3.990992
84.989698	5982.567013	14.794189	-0.016328	3.989403
84.822537	5977.666015	14.799194	-0.016287	3.987779
84.731689	5972.619063	14.804199	-0.016264	3.986112
84.710180	5967.437250	14.809203	-0.016258	3.984405
84.755816	5962.189413	14.814208	-0.016268	3.982680
84.742526	5957.141073	14.819213	-0.016263	3.981015
84.563796	5952.301363	14.824218	-0.016220	3.979407
84.548782	5947.374008	14.829223	-0.016215	3.977781
84.658706	5942.273570	14.834227	-0.016240	3.976106
84.661110	5937.238770	14.839232	-0.016240	3.974445
84.631591	5932.174101	14.844237	-0.016232	3.972771
84.437620	5927.113507	14.849242	-0.016185	3.971085
84.346491	5922.340239	14.854247	-0.016162	3.969502
84.424460	5917.385563	14.859251	-0.016179	3.967869
84.407347	5912.343684	14.864256	-0.016174	3.966200
84.301720	5907.096388	14.869261	-0.016148	3.964457
84.232611	5901.781402	14.874266	-0.016130	3.962692
84.342680	5896.734995	14.879271	-0.016156	3.961029
84.169433	5891.904829	14.884275	-0.016113	3.959417
84.109843	5886.977969	14.889280	-0.016098	3.957779
84.022655	5881.967754	14.894285	-0.016076	3.956112
84.155502	5876.824091	14.899290	-0.016107	3.954415
84.007760	5871.807634	14.904295	-0.016071	3.952740
84.187007	5866.730750	14.909299	-0.016113	3.951067
84.086073	5861.886198	14.914304	-0.016087	3.949451
84.117858	5856.992617	14.919309	-0.016094	3.947827
83.991934	5851.933019	14.924314	-0.016063	3.946136
84.040236	5846.654193	14.929319	-0.016073	3.944384
83.880571	5841.543476	14.934323	-0.016034	3.942672
83.928572	5836.402521	14.939328	-0.016045	3.940965
83.987422	5831.642053	14.944333	-0.016058	3.939384
83.972422	5826.667930	14.949338	-0.016053	3.937726
83.871178	5821.648942	14.954343	-0.016028	3.936046
83.833561	5816.582822	14.959347	-0.016018	3.934354
83.634509	5811.462043	14.964352	-0.015969	3.932631
83.771869	5806.433655	14.969357	-0.016001	3.930963
83.588927	5801.713186	14.974362	-0.015957	3.929374
83.666058	5796.765503	14.979367	-0.015974	3.927727
83.632900	5791.715744	14.984371	-0.015965	3.926038
83.561968	5786.207548	14.989376	-0.015947	3.924191
83.546586	5781.138913	14.994381	-0.015942	3.922495
83.476673	5776.031121	14.999386	-0.015925	3.920781
83.624559	5771.248579	15.004391	-0.015959	3.919191
83.584935	5766.236423	15.009395	-0.015949	3.917510
83.502977	5761.204882	15.014400	-0.015928	3.915818
83.359899	5756.156233	15.019405	-0.015893	3.914116
83.400108	5751.061575	15.024410	-0.015901	3.912411
83.373592	5746.058103	15.029415	-0.015894	3.910730
83.344773	5741.285205	15.034419	-0.015886	3.909127
83.228043	5736.299110	15.039424	-0.015857	3.907444
83.244345	5731.233211	15.044429	-0.015860	3.905744
83.211529	5725.856926	15.049434	-0.015851	3.903935
83.220993	5720.825856	15.054439	-0.015852	3.902245
83.089039	5715.822296	15.059443	-0.015820	3.900552
83.019434	5711.030000	15.064448	-0.015802	3.898935
82.993119	5706.003025	15.069453	-0.015795	3.897241
83.043392	5700.976311	15.074458	-0.015806	3.895552
83.064157	5695.827570	15.079463	-0.015810	3.893819
82.954508	5690.824548	15.084467	-0.015783	3.892124
82.849663	5685.837505	15.089472	-0.015757	3.890435
82.766465	5681.082045	15.094477	-0.015736	3.888825
82.921208	5675.994201	15.099482	-0.015772	3.887119
82.834612	5670.862630	15.104487	-0.015750	3.885380
82.939252	5665.454753	15.109491	-0.015774	3.883561
82.733111	5660.391174	15.114496	-0.015724	3.881835
82.869211	5655.518660	15.119501	-0.015755	3.880198
82.668865	5650.707497	15.124506	-0.015706	3.878555
82.663302	5645.597193	15.129511	-0.015704	3.876826
82.654063	5640.548078	15.134515	-0.015701	3.875116
82.516009	5635.486300	15.139520	-0.015667	3.873391
82.665880	5630.397339	15.144525	-0.015702	3.871678
82.521721	5625.598406	15.149530	-0.015666	3.870041
82.487924	5620.689706	15.154535	-0.015657	3.868374
82.541260	5615.632279	15.159539	-0.015669	3.866662
82.433694	5610.366204	15.164544	-0.015642	3.864866
82.549630	5605.219504	15.169549	-0.015669	3.863127
82.353686	5600.164415	15.174554	-0.015621	3.861395
82.306684	5595.393676	15.179559	-0.015609	3.859770
82.217583	5590.422224	15.184563	-0.015586	3.858073
82.131880	5585.372400	15.189568	-0.015565	3.856349
82.324552	5580.277698	15.194573	-0.015610	3.854630
82.284409	5575.180108	15.199578	-0.015599	3.852891
82.389477	5570.146011	15.204583	-0.015624	3.851184
82.229570	5565.466218	15.209587	-0.015584	3.849577
82.238111	5560.422200	15.214592	-0.015585	3.847858
82.063542	5555.367236	15.219597	-0.015543	3.846121
82.200951	5549.961469	15.224602	-0.015574	3.844287
82.015034	5544.894621	15.229607	-0.015529	3.842543
81.980666	5539.979105	15.234611	-0.015520	3.840861
82.031712	5535.058551	15.239616	-0.015531	3.839184
82.022452	5530.031242	15.244621	-0.015528	3.837465
81.681274	5525.043912	15.249626	-0.015445	3.835733
81.813333	5519.925690	15.254631	-0.015476	3.833992
81.903020	5514.838381	15.259635	-0.015496	3.832257
81.684927	5509.983641	15.264640	-0.015443	3.830578
81.714405	5505.010007	15.269645	-0.015449	3.828876
81.671613	5499.896322	15.274650	-0.015438	3.827120
81.663803	5494.678838	15.279655	-0.015435	3.825330
81.545643	5489.549544	15.284659	-0.015406	3.823561
81.542468	5484.423201	15.289664	-0.015404	3.821801
81.555571	5479.660990	15.294669	-0.015406	3.820167
81.516463	5474.629063	15.299674	-0.015396	3.818435
81.496291	5469.603344	15.304679	-0.015390	3.816706
81.517239	5464.566109	15.309683	-0.015394	3.814976
81.494976	5459.454689	15.314688	-0.015388	3.813215
81.493058	5454.450793	15.319693	-0.015386	3.811493
81.386576	5449.710280	15.324698	-0.015360	3.809852
81.319168	5444.698419	15.329703	-0.015343	3.808121
81.322727	5439.594933	15.334707	-0.015342	3.806362
81.349347	5434.132801	15.339712	-0.015348	3.804481
81.195414	5429.111445	15.344717	-0.015310	3.802736
81.124450	5424.131556	15.349722	-0.015292	3.801012
81.167823	5419.331474	15.354727	-0.015301	3.799358
81.064975	5414.282850	15.359731	-0.015276	3.797606
81.082061	5409.192236	15.364736	-0.015279	3.795848
81.047426	5404.170782	15.369741	-0.015270	3.794109
80.898775	5399.082775	15.374746	-0.015233	3.792337
81.072191	5394.249662	15.379751	-0.015274	3.790678
80.956699	5389.307553	15.384755	-0.015245	3.788958
80.998223	5384.231990	15.389760	-0.015254	3.787203
81.041802	5378.982648	15.394765	-0.015263	3.785387
80.883488	5373.857407	15.399770	-0.015224	3.783598
80.962483	5368.795771	15.404775	-0.015242	3.781848
80.861097	5364.070807	15.409779	-0.015217	3.780200
80.851783	5359.007756	15.414784	-0.015214	3.778442
80.650445	5354.054698	15.419789	-0.015165	3.776705
80.820627	5348.888901	15.424794	-0.015204	3.774924
80.732331	5343.850085	15.429799	-0.015182	3.773165
80.647186	5338.904469	15.434803	-0.015161	3.771438
80.638871	5334.070949	15.439808	-0.015158	3.769755
80.658170	5329.023463	15.444813	-0.015161	3.767999
80.767174	5323.812594	15.449818	-0.015187	3.766193
80.553363	5318.466774	15.454823	-0.015134	3.764313
80.297994	5313.481508	15.459827	-0.015072	3.762554
80.567134	5308.532237	15.464832	-0.015136	3.760849
80.519445	5303.627439	15.469837	-0.015123	3.759134
80.475828	5298.568394	15.474842	-0.015112	3.757364
80.548438	5293.488608	15.479847	-0.015128	3.755595
80.309135	5288.457022	15.484851	-0.015070	3.753817
80.275197	5283.373508	15.489856	-0.015061	3.752037
80.207857	5278.672236	15.494861	-0.015044	3.750387
80.265675	5273.588316	15.499866	-0.015057	3.748613
80.189272	5268.545748	15.504871	-0.015037	3.746841
80.294767	5263.228378	15.509875	-0.015062	3.744987
80.111729	5258.122706	15.514880	-0.015017	3.743183
80.050516	5253.222010	15.519885	-0.015001	3.741459
80.190074	5248.359070	15.524890	-0.015033	3.739765
80.086756	5243.312504	15.529895	-0.015008	3.737985
80.041932	5238.289521	15.534899	-0.014996	3.736218
79.944675	5233.235749	15.539904	-0.014972	3.734434
80.044437	5228.165443	15.544909	-0.014995	3.732660
80.093868	5223.301818	15.549914	-0.015005	3.730954
79.811927	5218.424951	15.554919	-0.014937	3.729216
79.838823	5213.375040	15.559923	-0.014942	3.727441
79.720910	5207.963107	15.564928	-0.014913	3.725525
79.767306	5202.841896	15.569933	-0.014923	3.723725
79.819631	5197.766933	15.574938	-0.014935	3.721940
79.678949	5193.068568	15.579943	-0.014900	3.720272
79.683945	5187.958882	15.584947	-0.014900	3.718469
79.514836	5182.979759	15.589952	-0.014859	3.716698
79.637529	5177.844934	15.594957	-0.014887	3.714895
79.616759	5172.732744	15.599962	-0.014881	3.713087
79.480940	5167.909513	15.604967	-0.014848	3.711371
79.572640	5163.038117	15.609971	-0.014869	3.709655
79.513863	5157.974685	15.614976	-0.014854	3.707859
79.469934	5152.740949	15.619981	-0.014842	3.706003
79.399374	5147.604218	15.624986	-0.014824	3.704178
79.377963	5142.563382	15.629991	-0.014818	3.702390
79.323308	5137.793411	15.634995	-0.014804	3.700694
79.189593	5132.745795	15.640000	-0.014771	3.698893
79.309720	5127.725661	15.645005	-0.014799	3.697121
79.200843	5122.665736	15.650010	-0.014772	3.695316
79.307986	5117.571713	15.655015	-0.014796	3.693515
79.180984	5112.667732	15.660019	-0.014765	3.691762
79.185894	5107.818560	15.665024	-0.014765	3.690038
78.962611	5102.817284	15.670029	-0.014711	3.688241
78.903146	5097.563361	15.675034	-0.014696	3.686366
79.000730	5092.287461	15.680039	-0.014718	3.684495
79.032787	5087.216269	15.685043	-0.014725	3.682692
78.938115	5082.409495	15.690048	-0.014701	3.680970
78.823832	5077.467806	15.695053	-0.014673	3.679199
78.701226	5072.413254	15.700058	-0.014642	3.677385
78.837913	5067.265086	15.705063	-0.014674	3.675559
78.951964	5062.217424	15.710067	-0.014700	3.673766
78.753369	5057.305442	15.715072	-0.014652	3.671994
78.807598	5052.466276	15.720077	-0.014664	3.670269
78.740554	5047.398798	15.725082	-0.014647	3.668451
78.716771	5042.222421	15.730087	-0.014640	3.666597
78.593095	5037.065344	15.735091	-0.014609	3.664740
78.562470	5031.974299	15.740096	-0.014601	3.662914
78.647143	5027.148562	15.745101	-0.014620	3.661192
78.483821	5022.188833	15.750106	-0.014580	3.659400
78.531795	5017.153612	15.755111	-0.014591	3.657598
78.445166	5012.090181	15.760115	-0.014569	3.655774
78.460364	5007.041639	15.765120	-0.014572	3.653962
78.561191	5002.038677	15.770125	-0.014595	3.652174
78.389179	4997.229823	15.775130	-0.014553	3.650431
78.362914	4992.180297	15.780135	-0.014545	3.648613
78.324296	4986.933198	15.785139	-0.014535	3.646722
78.230780	4981.714056	15.790144	-0.014512	3.644835
78.264277	4976.636403	15.795149	-0.014519	3.643009
78.231589	4971.819652	15.800154	-0.014510	3.641271
78.239362	4966.851809	15.805159	-0.014511	3.639481
78.216164	4961.800324	15.810163	-0.014504	3.637657
78.146469	4956.721831	15.815168	-0.014487	3.635818
78.082535	4951.645422	15.820173	-0.014470	3.633980
78.096311	4946.602281	15.825178	-0.014473	3.632160
78.039324	4941.759128	15.830183	-0.014458	3.630405
78.072206	4936.674936	15.835187	-0.014465	3.628569
77.975501	4931.473340	15.840192	-0.014441	3.626679
78.061929	4926.303041	15.845197	-0.014460	3.624815
77.921566	4921.223382	15.850202	-0.014426	3.622964
77.852374	4916.471347	15.855207	-0.014408	3.621236
77.799841	4911.476475	15.860211	-0.014395	3.619421
77.822398	4906.417887	15.865216	-0.014399	3.617588
77.769996	4901.336858	15.870221	-0.014386	3.615740
77.773587	4896.279374	15.875226	-0.014385	3.613904
77.652621	4891.424601	15.880231	-0.014356	3.612130
77.668208	4886.555700	15.885235	-0.014358	3.610362
77.584456	4881.489880	15.890240	-0.014337	3.608513
77.496553	4876.170254	15.895245	-0.014315	3.606570
77.537459	4870.984558	15.900250	-0.014324	3.604686
77.504306	4865.900865	15.905255	-0.014315	3.602832
77.462138	4861.136421	15.910259	-0.014304	3.601093
77.461632	4856.062786	15.915264	-0.014303	3.599243
77.327828	4851.032541	15.920269	-0.014270	3.597397
77.336417	4845.917451	15.925274	-0.014271	3.595531
77.456117	4840.912364	15.930279	-0.014299	3.593715
77.164033	4836.135099	15.935283	-0.014228	3.591944
77.334299	4831.128701	15.940288	-0.014267	3.590129
77.128410	4826.150210	15.945293	-0.014217	3.588291
77.207545	4820.811687	15.950298	-0.014235	3.586345
77.204401	4815.687031	15.955303	-0.014233	3.584469
77.099778	4810.755919	15.960307	-0.014207	3.582654
76.964823	4805.942916	15.965312	-0.014174	3.580878
77.197279	4800.852295	15.970317	-0.014229	3.579033
77.049425	4795.808192	15.975322	-0.014192	3.577169
77.073512	4790.741947	15.980327	-0.014197	3.575312
77.027436	4785.695408	15.985331	-0.014185	3.573456
76.993742	4780.903430	15.990336	-0.014176	3.571692
76.900206	4775.938159	15.995341	-0.014153	3.569859
76.674063	4770.903401	16.000346	-0.014097	3.567987
76.752852	4765.433828	16.005351	-0.014115	3.565982
76.709666	4760.399020	16.010355	-0.014104	3.564125
76.716077	4755.482718	16.015360	-0.014104	3.562315
76.819315	4750.583365	16.020365	-0.014128	3.560519
76.577009	4745.578753	16.025370	-0.014069	3.558652
76.592727	4740.503569	16.030375	-0.014072	3.556781
76.684157	4735.415896	16.035379	-0.014093	3.554911
76.680505	4730.353309	16.040384	-0.014091	3.553042
76.496704	4725.668752	16.045389	-0.014046	3.551294
76.404654	4720.617826	16.050394	-0.014023	3.549419
76.506793	4715.406326	16.055399	-0.014046	3.547501
76.467971	4710.229679	16.060403	-0.014036	3.545582
76.536980	4705.127163	16.065408	-0.014052	3.543699
76.494897	4700.325982	16.070413	-0.014041	3.541916
76.291318	4695.388388	16.075418	-0.013991	3.540068
76.342164	4690.347078	16.080423	-0.014002	3.538203
76.308585	4685.282073	16.085427	-0.013993	3.536321
76.239475	4680.226849	16.090432	-0.013976	3.534438
76.147812	4675.381618	16.095437	-0.013953	3.532630
76.229579	4670.427254	16.100442	-0.013971	3.530796
76.174837	4665.420112	16.105447	-0.013957	3.528930
76.063000	4660.039537	16.110451	-0.013929	3.526918
75.959550	4654.913281	16.115456	-0.013904	3.525000
76.037389	4649.891740	16.120461	-0.013921	3.523138
75.960417	4645.071120	16.125466	-0.013902	3.521334
75.790006	4640.083526	16.130471	-0.013860	3.519459
76.040649	4634.950077	16.135475	-0.013919	3.517568
75.857754	4629.920808	16.140480	-0.013874	3.515674
75.915278	4624.797126	16.145485	-0.013887	3.513766
75.841906	4620.036192	16.150490	-0.013868	3.511980
75.931065	4615.001049	16.155495	-0.013889	3.510107
75.839606	4609.937434	16.160499	-0.013866	3.508204
75.659849	4604.662455	16.165504	-0.013822	3.506214
75.548944	4599.641895	16.170509	-0.013794	3.504324
75.552374	4594.771487	16.175514	-0.013794	3.502500
75.605652	4589.815425	16.180519	-0.013806	3.500647
75.626600	4584.752642	16.185523	-0.013810	3.498750
75.530293	4579.702660	16.190528	-0.013786	3.496847
75.411512	4574.695158	16.195533	-0.013756	3.494956
75.440157	4569.706018	16.200538	-0.013762	3.493084
75.260980	4564.919225	16.205543	-0.013718	3.491268
75.435992	4559.821626	16.210547	-0.013759	3.489368
75.421980	4554.476066	16.215552	-0.013755	3.487356
75.406047	4549.289971	16.220557	-0.013750	3.485402
75.235570	4544.278854	16.225562	-0.013708	3.483498
75.274691	4539.502239	16.230567	-0.013717	3.481702
75.252500	4534.436266	16.235571	-0.013710	3.479790
75.278050	4529.376854	16.240576	-0.013716	3.477884
75.311704	4524.335543	16.245581	-0.013723	3.475984
75.210236	4519.265545	16.250586	-0.013697	3.474059
75.253602	4514.464422	16.255591	-0.013707	3.472249
75.165278	4509.452784	16.260595	-0.013685	3.470346
75.060395	4504.378772	16.265600	-0.013658	3.468417
74.998108	4499.139409	16.270605	-0.013643	3.466428
74.897613	4494.096486	16.275610	-0.013618	3.464508
74.871716	4489.255122	16.280615	-0.013610	3.462671
74.923378	4484.279085	16.285619	-0.013622	3.460790
74.777756	4479.256644	16.290624	-0.013586	3.458871
74.885078	4474.144561	16.295629	-0.013611	3.456940
74.764211	4469.005659	16.300634	-0.013581	3.454977
74.733617	4464.134499	16.305639	-0.013572	3.453124
74.729001	4459.225750	16.310643	-0.013570	3.451257
74.641238	4454.178979	16.315648	-0.013548	3.449329
74.584889	4448.808915	16.320653	-0.013534	3.447279
74.825861	4443.603006	16.325658	-0.013590	3.445320
74.608178	4438.683027	16.330663	-0.013537	3.443424
74.482796	4433.839933	16.335667	-0.013506	3.441566
74.538249	4428.778621	16.340672	-0.013519	3.439641
74.471118	4423.727441	16.345677	-0.013502	3.437706
74.398263	4418.687939	16.350682	-0.013483	3.435775
74.451855	4413.644574	16.355687	-0.013495	3.433853
74.452526	4408.855030	16.360691	-0.013494	3.432022
74.390580	4403.795865	16.365696	-0.013478	3.430080
74.323715	4398.625027	16.370701	-0.013461	3.428095
74.194630	4393.473018	16.375706	-0.013429	3.426109
74.104563	4388.430624	16.380711	-0.013407	3.424168
74.366028	4383.593213	16.385715	-0.013468	3.422339
74.257552	4378.530974	16.390720	-0.013441	3.420387
74.154379	4373.576045	16.395725	-0.013416	3.418475
73.993937	4368.491399	16.400730	-0.013376	3.416506
74.020123	4363.453173	16.405735	-0.013382	3.414573
74.088080	4358.648273	16.410739	-0.013397	3.412732
73.937089	4353.635632	16.415744	-0.013360	3.410789
73.969145	4348.542699	16.420749	-0.013366	3.408832
73.756286	4343.218580	16.425754	-0.013315	3.406760
73.769086	4338.130923	16.430759	-0.013317	3.404801
73.882748	4333.249508	16.435763	-0.013343	3.402930
73.899160	4328.263720	16.440768	-0.013346	3.401008
73.714944	4323.288418	16.445773	-0.013301	3.399069
73.873817	4318.140904	16.450778	-0.013338	3.397097
73.708159	4313.131142	16.455783	-0.013297	3.395144
73.758898	4308.269066	16.460787	-0.013308	3.393269
73.579594	4303.355695	16.465792	-0.013264	3.391350
73.563241	4298.325960	16.470797	-0.013259	3.389402
73.495961	4292.991467	16.475802	-0.013242	3.387329
73.536255	4287.942703	16.480807	-0.013251	3.385376
73.450881	4283.049063	16.485811	-0.013229	3.383469
73.286792	4278.180063	16.490816	-0.013189	3.381564
73.504419	4273.074979	16.495821	-0.013240	3.379603
73.407716	4268.020723	16.500826	-0.013216	3.377630
73.296345	4262.998133	16.505831	-0.013189	3.375667
73.216719	4258.111592	16.510835	-0.013168	3.373758
73.365957	4253.179278	16.515840	-0.013203	3.371854
73.210409	4248.153529	16.520845	-0.013165	3.369882
73.299606	4242.729523	16.525850	-0.013185	3.367777
73.310680	4237.618892	16.530855	-0.013187	3.365786
73.300270	4232.681682	16.535859	-0.013183	3.363859
73.094698	4227.821741	16.540864	-0.013133	3.361942
73.068325	4222.799216	16.545869	-0.013126	3.359978
73.118844	4217.701428	16.550874	-0.013137	3.357991
73.106705	4212.624453	16.555879	-0.013133	3.356005
72.933550	4207.732624	16.560883	-0.013091	3.354073
72.810490	4202.889715	16.565888	-0.013060	3.352165
72.691375	4197.867674	16.570893	-0.013031	3.350186
72.839040	4192.605806	16.575898	-0.013065	3.348139
72.865522	4187.466106	16.580903	-0.013070	3.346126
72.834402	4182.488441	16.585907	-0.013062	3.344170
72.825780	4177.651769	16.590912	-0.013059	3.342270
72.784920	4172.587838	16.595917	-0.013048	3.340277
72.767361	4167.493885	16.600922	-0.013043	3.338273
72.707931	4162.484531	16.605927	-0.013028	3.336297
72.596038	4157.537043	16.610931	-0.013000	3.334338
72.475008	4152.719350	16.615936	-0.012970	3.332429
72.537878	4147.652921	16.620941	-0.012984	3.330439
72.444533	4142.334095	16.625946	-0.012961	3.328333
72.554343	4137.188027	16.630951	-0.012986	3.326314
72.436147	4132.192334	16.635955	-0.012957	3.324330
72.415133	4127.357659	16.640960	-0.012951	3.322418
72.456592	4122.283536	16.645965	-0.012960	3.320417
72.472068	4117.189248	16.650970	-0.012962	3.318405
72.327191	4112.192058	16.655975	-0.012927	3.316413
72.367133	4107.187411	16.660979	-0.012935	3.314435
72.325012	4102.341970	16.665984	-0.012924	3.312512
72.202350	4097.338537	16.670989	-0.012894	3.310516
72.045509	4092.125970	16.675994	-0.012855	3.308432
72.085263	4086.994981	16.680999	-0.012864	3.306400
72.105709	4081.997968	16.686003	-0.012868	3.304418
71.880897	4077.241948	16.691008	-0.012813	3.302505
72.075819	4072.133569	16.696013	-0.012859	3.300494
72.013935	4067.096485	16.701018	-0.012843	3.298484
71.901027	4062.023373	16.706023	-0.012815	3.296453
71.805823	4057.042824	16.711027	-0.012791	3.294459
71.825769	4052.107083	16.716032	-0.012795	3.292494
72.029077	4047.054767	16.721037	-0.012842	3.290501
71.863963	4041.665975	16.726042	-0.012802	3.288333
71.734709	4036.595005	16.731047	-0.012770	3.286295
71.781687	4031.600296	16.736051	-0.012780	3.284304
71.743544	4026.732562	16.741056	-0.012770	3.282354
71.859645	4021.645974	16.746061	-0.012797	3.280332
71.549715	4016.644587	16.751066	-0.012722	3.278297
71.486389	4011.603871	16.756071	-0.012706	3.276271
71.464844	4006.693897	16.761075	-0.012699	3.274301
71.481326	4001.790839	16.766080	-0.012702	3.272337
71.352537	3996.793023	16.771085	-0.012671	3.270318
71.437194	3991.409851	16.776090	-0.012690	3.268166
71.320030	3986.389776	16.781095	-0.012661	3.266136
71.481453	3981.407732	16.786099	-0.012698	3.264151
71.380974	3976.543895	16.791104	-0.012673	3.262184
71.363198	3971.509082	16.796109	-0.012668	3.260155
71.199836	3966.470332	16.801114	-0.012628	3.258109
71.366825	3961.373408	16.806119	-0.012667	3.256072
71.205788	3956.580421	16.811123	-0.012627	3.254122
71.095239	3951.612168	16.816128	-0.012600	3.252106
71.143706	3946.541348	16.821133	-0.012611	3.250064
71.015469	3941.177675	16.826138	-0.012579	3.247883
71.039704	3936.102119	16.831143	-0.012584	3.245834
70.879971	3931.312579	16.836147	-0.012545	3.243879
70.756275	3926.331305	16.841152	-0.012514	3.241849
70.973594	3921.267652	16.846157	-0.012565	3.239822
70.810973	3916.170587	16.851162	-0.012525	3.237739
70.989685	3911.111211	16.856167	-0.012567	3.235706
70.742248	3906.358761	16.861171	-0.012507	3.233751
70.823587	3901.303871	16.866176	-0.012525	3.231707
70.759844	3896.183374	16.871181	-0.012509	3.229620
70.738546	3890.960428	16.876186	-0.012503	3.227494
70.735579	3885.933979	16.881191	-0.012501	3.225449
70.574151	3881.167850	16.886195	-0.012461	3.223491
70.767770	3876.068177	16.891200	-0.012507	3.221435
70.600518	3871.063807	16.896205	-0.012466	3.219377
70.589806	3865.979402	16.901210	-0.012462	3.217302
70.525379	3861.049599	16.906215	-0.012446	3.215283
70.394172	3856.240215	16.911219	-0.012413	3.213305
70.403905	3851.172941	16.916224	-0.012415	3.211235
70.416374	3845.947884	16.921229	-0.012417	3.209100
70.291372	3840.781566	16.926234	-0.012386	3.206972
70.315014	3835.865401	16.931239	-0.012390	3.204962
70.324476	3830.969078	16.936243	-0.012392	3.202957
70.060119	3825.962233	16.941248	-0.012327	3.200875
70.240051	3820.883210	16.946253	-0.012369	3.198812
70.061128	3815.812093	16.951258	-0.012326	3.196710
70.121141	3810.914017	16.956263	-0.012339	3.194705
70.010910	3806.024668	16.961267	-0.012312	3.192683
69.989367	3800.921749	16.966272	-0.012306	3.190582
69.849684	3795.688005	16.971277	-0.012271	3.188413
70.026450	3790.590667	16.976282	-0.012312	3.186333
69.945462	3785.748805	16.981287	-0.012292	3.184329
69.933716	3780.746715	16.986291	-0.012288	3.182265
69.920394	3775.712746	16.991296	-0.012284	3.180186
69.898304	3770.665549	16.996301	-0.012278	3.178100
69.833689	3765.572000	17.001306	-0.012261	3.175988
69.784637	3760.851372	17.006311	-0.012249	3.174031
69.715090	3755.804977	17.011315	-0.012231	3.171935
69.850786	3750.494395	17.016320	-0.012262	3.169752
69.650899	3745.377195	17.021325	-0.012214	3.167610
69.593877	3740.373844	17.026330	-0.012199	3.165529
69.464815	3735.553661	17.031335	-0.012167	3.163515
69.431466	3730.491752	17.036339	-0.012158	3.161410
69.331971	3725.457228	17.041344	-0.012133	3.159308
69.389713	3720.389327	17.046349	-0.012146	3.157208
69.466082	3715.422520	17.051354	-0.012163	3.155151
69.402240	3710.498604	17.056359	-0.012147	3.153095
69.262189	3705.520743	17.061363	-0.012113	3.151006
69.230086	3700.116098	17.066368	-0.012104	3.148750
69.352492	3695.038449	17.071373	-0.012132	3.146646
69.266634	3690.192266	17.076378	-0.012111	3.144614
69.145497	3685.228817	17.081383	-0.012081	3.142528
69.230027	3680.158007	17.086387	-0.012100	3.140418
69.112325	3675.114482	17.091392	-0.012071	3.138296
69.123916	3670.081590	17.096397	-0.012072	3.136192
69.060311	3665.292566	17.101402	-0.012056	3.134179
68.937880	3660.272417	17.106407	-0.012026	3.132062
68.912274	3655.006600	17.111411	-0.012019	3.129851
68.878158	3649.826451	17.116416	-0.012010	3.127674
68.972729	3644.835457	17.121421	-0.012031	3.125589
68.924216	3639.933797	17.126426	-0.012019	3.123524
68.842501	3634.873739	17.131431	-0.011998	3.121388
68.637834	3629.858355	17.136435	-0.011948	3.119254
68.689097	3624.751736	17.141440	-0.011959	3.117110
68.920780	3619.862810	17.146445	-0.012014	3.115077
68.552542	3615.002689	17.151450	-0.011925	3.112986
68.580827	3609.871186	17.156455	-0.011931	3.110825
68.639832	3604.629043	17.161459	-0.011944	3.108619
68.621048	3599.555359	17.166464	-0.011938	3.106473
68.637527	3594.773058	17.171469	-0.011941	3.104454
68.460155	3589.750632	17.176474	-0.011898	3.102308
68.468067	3584.724919	17.181479	-0.011899	3.100182
68.459125	3579.646136	17.186483	-0.011895	3.098030
68.408131	3574.662023	17.191488	-0.011882	3.095911
68.412233	3569.805216	17.196493	-0.011882	3.093852
68.297297	3564.802880	17.201498	-0.011854	3.091715
68.218627	3559.414838	17.206503	-0.011834	3.089417
68.193522	3554.357489	17.211507	-0.011827	3.087264
68.132532	3549.486057	17.216512	-0.011811	3.085185
68.237667	3544.507418	17.221517	-0.011835	3.083078
68.101382	3539.488333	17.226522	-0.011802	3.080925
68.036499	3534.386398	17.231527	-0.011785	3.078742
67.950227	3529.382585	17.236531	-0.011764	3.076598
67.940618	3524.581890	17.241536	-0.011760	3.074548
67.982730	3519.533999	17.246541	-0.011770	3.072397
68.006503	3514.305573	17.251546	-0.011774	3.070165
67.827857	3509.212322	17.256551	-0.011730	3.067965
67.872321	3504.278118	17.261555	-0.011740	3.065858
67.793477	3499.409986	17.266560	-0.011720	3.063764
67.874158	3494.330442	17.271565	-0.011739	3.061596
67.796362	3489.267994	17.276570	-0.011719	3.059415
67.723698	3484.212854	17.281575	-0.011701	3.057237
67.638034	3479.416401	17.286579	-0.011679	3.055166
67.666778	3474.383666	17.291584	-0.011685	3.053006
67.648640	3469.216612	17.296589	-0.011680	3.050782
67.567149	3463.969494	17.301594	-0.011659	3.048513
67.486003	3458.976203	17.306599	-0.011639	3.046352
67.430301	3454.158236	17.311603	-0.011624	3.044269
67.322841	3449.119269	17.316608	-0.011598	3.042082
67.477908	3444.029397	17.321613	-0.011634	3.039904
67.292224	3438.994312	17.326618	-0.011588	3.037706
67.274050	3434.122591	17.331623	-0.011583	3.035598
67.192587	3429.191166	17.336627	-0.011563	3.033455
67.216493	3424.031877	17.341632	-0.011567	3.031224
67.262347	3418.812588	17.346637	-0.011577	3.028968
67.232968	3413.769437	17.351642	-0.011569	3.026778
67.043415	3409.011557	17.356647	-0.011523	3.024691
67.051623	3403.952096	17.361651	-0.011524	3.022495
67.000614	3398.906464	17.366656	-0.011511	3.020297
67.086574	3393.810269	17.371661	-0.011530	3.018091
67.013817	3388.937386	17.376666	-0.011512	3.015962
66.916487	3383.958041	17.381671	-0.011487	3.013782
66.910709	3378.793277	17.386675	-0.011485	3.011531
66.923719	3373.463899	17.391680	-0.011487	3.009208
66.797248	3368.460402	17.396685	-0.011456	3.007009
66.888869	3363.616468	17.401690	-0.011477	3.004905
66.781679	3358.566937	17.406695	-0.011450	3.002685
66.591226	3353.596763	17.411699	-0.011404	3.000487
66.554259	3348.506443	17.416704	-0.011394	2.998255
66.676945	3343.595787	17.421709	-0.011422	2.996119
66.505573	3338.696112	17.426714	-0.011380	2.993950
66.432945	3333.628436	17.431719	-0.011362	2.991718
66.477330	3328.380058	17.436723	-0.011371	2.989420
66.384504	3323.351400	17.441728	-0.011348	2.987199
66.310010	3318.581903	17.446733	-0.011329	2.985093
66.260508	3313.511463	17.451738	-0.011317	2.982856
66.334820	3308.434604	17.456743	-0.011333	2.980630
66.308707	3303.363030	17.461747	-0.011326	2.978392
66.333934	3298.444956	17.466752	-0.011331	2.976227
66.324120	3293.544630	17.471757	-0.011328	2.974063
66.309166	3288.402642	17.476762	-0.011323	2.971791
66.141165	3283.097562	17.481767	-0.011282	2.969425
66.168068	3278.048435	17.486771	-0.011287	2.967196
66.197782	3273.208920	17.491776	-0.011294	2.965057
66.085889	3268.184099	17.496781	-0.011266	2.962818
65.988925	3263.139874	17.501786	-0.011242	2.960570
65.977268	3258.094959	17.506791	-0.011238	2.958330
65.924914	3253.208885	17.511795	-0.011224	2.956154
65.849947	3248.285094	17.516800	-0.011205	2.953957
65.762410	3243.156566	17.521805	-0.011183	2.951666
65.834958	3237.933120	17.526810	-0.011200	2.949351
65.703474	3232.987111	17.531815	-0.011167	2.947132
65.797841	3228.087621	17.536819	-0.011189	2.944961
65.798070	3223.027492	17.541824	-0.011188	2.942704
65.784563	3217.963977	17.546829	-0.011184	2.940443
65.521254	3212.977131	17.551834	-0.011120	2.938182
65.582283	3208.098461	17.556839	-0.011133	2.936009
65.637469	3203.104328	17.561843	-0.011146	2.933782
65.578733	3197.908100	17.566848	-0.011130	2.931448
65.562585	3192.700364	17.571853	-0.011126	2.929113
65.413862	3187.747071	17.576858	-0.011089	2.926873
65.461953	3182.832376	17.581863	-0.011100	2.924674
65.404832	3177.817363	17.586867	-0.011085	2.922414
65.272296	3172.782044	17.591872	-0.011052	2.920134
65.181399	3167.748491	17.596877	-0.011029	2.917859
65.152487	3162.922326	17.601882	-0.011022	2.915683
65.071655	3157.944918	17.606887	-0.011001	2.913430
65.225276	3152.669321	17.611891	-0.011037	2.911072
65.136477	3147.542320	17.616896	-0.011015	2.908747
65.060409	3142.692309	17.621901	-0.010996	2.906547
65.136512	3137.730384	17.626906	-0.011013	2.904315
64.978054	3132.700331	17.631911	-0.010974	2.902020
64.959122	3127.652085	17.636915	-0.010968	2.899733
64.811749	3122.671024	17.641920	-0.010932	2.897457
64.839367	3117.842507	17.646925	-0.010938	2.895272
64.841425	3112.804122	17.651930	-0.010937	2.892987
64.759569	3107.296189	17.656935	-0.010917	2.890476
64.747145	3102.258671	17.661939	-0.010913	2.888185
64.643682	3097.414804	17.666944	-0.010887	2.885969
64.731374	3092.382306	17.671949	-0.010907	2.883690
64.646823	3087.327464	17.676954	-0.010886	2.881376
64.745371	3082.230616	17.681959	-0.010908	2.879066
64.594790	3077.354944	17.686963	-0.010871	2.876822
64.418527	3072.459135	17.691968	-0.010828	2.874564
64.632458	3067.273228	17.696973	-0.010878	2.872222
64.396792	3062.134344	17.701978	-0.010821	2.869841
64.431772	3057.094612	17.706983	-0.010828	2.867539
64.406656	3052.258968	17.711987	-0.010821	2.865321
64.420095	3047.173484	17.716992	-0.010823	2.862992
64.259212	3042.180153	17.721997	-0.010784	2.860680
64.132864	3037.136044	17.727002	-0.010753	2.858347
64.143134	3032.332200	17.732007	-0.010754	2.856141
64.198914	3027.288061	17.737011	-0.010766	2.853829
64.151322	3022.000674	17.742016	-0.010754	2.851389
64.181565	3016.867294	17.747021	-0.010760	2.849028
64.122950	3011.946818	17.752026	-0.010745	2.846752
64.010754	3007.022909	17.757031	-0.010717	2.844465
63.997148	3001.983036	17.762035	-0.010713	2.842136
64.018245	2996.898011	17.767040	-0.010717	2.839789
63.878133	2991.964068	17.772045	-0.010683	2.837488
63.899178	2987.060000	17.777050	-0.010687	2.835221
63.801480	2981.999791	17.782055	-0.010662	2.832864
63.761263	2976.795790	17.787059	-0.010652	2.830445
63.738953	2971.708054	17.792064	-0.010645	2.828081
63.759555	2966.930592	17.797069	-0.010649	2.825865
63.690271	2961.878280	17.802074	-0.010632	2.823508
63.699154	2956.803998	17.807079	-0.010633	2.821148
63.567864	2951.787723	17.812083	-0.010601	2.818795
63.523165	2946.953305	17.817088	-0.010589	2.816536
63.585180	2941.942938	17.822093	-0.010603	2.814208
63.446012	2936.682691	17.827098	-0.010568	2.811734
63.409035	2931.531472	17.832103	-0.010559	2.809323
63.460743	2926.601002	17.837107	-0.010570	2.807024
63.361423	2921.676183	17.842112	-0.010545	2.804706
63.333071	2916.606015	17.847117	-0.010537	2.802328
63.309857	2911.556635	17.852122	-0.010531	2.799958
63.333115	2906.579053	17.857127	-0.010535	2.797626
63.303488	2901.680326	17.862131	-0.010527	2.795322
63.179309	2896.624825	17.867136	-0.010497	2.792930
63.029299	2891.427358	17.872141	-0.010460	2.790464
63.061839	2886.412878	17.877146	-0.010466	2.788109
63.017705	2881.563675	17.882151	-0.010455	2.785818
63.014083	2876.516553	17.887155	-0.010453	2.783438
63.007607	2871.442845	17.892160	-0.010451	2.781042
62.856280	2866.352803	17.897165	-0.010413	2.778617
62.835689	2861.534395	17.902170	-0.010407	2.776337
62.917454	2856.427167	17.907175	-0.010426	2.773932
62.956753	2851.111450	17.912179	-0.010434	2.771420
62.914637	2846.035976	17.917184	-0.010423	2.769009
62.900161	2841.183113	17.922189	-0.010419	2.766705
62.710326	2836.217214	17.927194	-0.010372	2.764320
62.703016	2831.188543	17.932199	-0.010370	2.761930
62.636835	2826.113406	17.937203	-0.010353	2.759507
62.559442	2821.271644	17.942208	-0.010333	2.757191
62.551940	2816.314346	17.947213	-0.010331	2.754829
62.314859	2811.157069	17.952218	-0.010273	2.752336
62.361863	2805.991607	17.957223	-0.010283	2.749877
62.496503	2801.036034	17.962227	-0.010314	2.747529
62.248493	2796.171465	17.967232	-0.010254	2.745168
62.293752	2791.110603	17.972237	-0.010264	2.742753
62.238326	2786.047599	17.977242	-0.010249	2.740321
62.351857	2781.097762	17.982247	-0.010276	2.737964
62.384511	2776.178134	17.987251	-0.010282	2.735609
62.245548	2771.035592	17.992256	-0.010248	2.733119
62.070520	2765.827373	17.997261	-0.010205	2.730591
62.034140	2760.846186	18.002266	-0.010196	2.728190
62.179433	2755.894356	18.007271	-0.010229	2.725826
61.955526	2750.933744	18.012275	-0.010175	2.723404
61.905162	2745.862493	18.017280	-0.010162	2.720950
62.015737	2740.819582	18.022285	-0.010187	2.718532
61.830373	2735.999273	18.027290	-0.010142	2.716176
61.755738	2730.926875	18.032295	-0.010123	2.713712
61.868452	2725.678707	18.037299	-0.010149	2.711188
61.751701	2720.685610	18.042304	-0.010120	2.708752
61.735093	2715.828663	18.047309	-0.010115	2.706394
61.794198	2710.773894	18.052314	-0.010128	2.703949
61.615741	2705.712537	18.057319	-0.010085	2.701465
61.577105	2700.735373	18.062323	-0.010074	2.699039
61.582918	2695.878929	18.067328	-0.010075	2.696676
61.546987	2690.844466	18.072333	-0.010065	2.694218
61.417051	2685.519546	18.077338	-0.010033	2.691603
61.453364	2680.454396	18.082343	-0.010041	2.689136
61.249084	2675.703125	18.087347	-0.009991	2.686785
61.322585	2670.621194	18.092352	-0.010007	2.684312
61.232391	2665.571396	18.097357	-0.009985	2.681827
61.198314	2660.508185	18.102362	-0.009976	2.679342
61.320891	2655.682056	18.107367	-0.010004	2.676994
61.290311	2650.639027	18.112371	-0.009996	2.674515
61.105655	2645.335701	18.117376	-0.009951	2.671883
61.220584	2640.250302	18.122381	-0.009977	2.669399
61.184756	2635.449011	18.127386	-0.009967	2.667031
61.074712	2630.395554	18.132391	-0.009940	2.664526
60.944058	2625.377179	18.137395	-0.009908	2.662032
60.893784	2620.319094	18.142400	-0.009895	2.659529
60.894427	2615.537938	18.147405	-0.009894	2.657167
60.809339	2610.512288	18.152410	-0.009873	2.654670
60.677075	2605.150587	18.157415	-0.009840	2.651997
60.711505	2600.105960	18.162419	-0.009847	2.649503
60.596584	2595.276134	18.167424	-0.009819	2.647091
60.700436	2590.215747	18.172429	-0.009843	2.644596
60.547000	2585.161898	18.177434	-0.009805	2.642062
60.570071	2580.123891	18.182439	-0.009809	2.639561
60.642501	2575.271047	18.187443	-0.009826	2.637156
60.559350	2570.221610	18.192448	-0.009805	2.634629
60.526907	2565.007094	18.197453	-0.009796	2.632024
60.589974	2559.933249	18.202458	-0.009810	2.629501
60.579522	2555.076453	18.207463	-0.009807	2.627073
60.390780	2550.111616	18.212467	-0.009761	2.624561
60.329003	2545.025790	18.217472	-0.009745	2.622006
60.192560	2540.071975	18.222477	-0.009711	2.619503
60.235732	2535.204987	18.227482	-0.009721	2.617069
60.075150	2530.150775	18.232487	-0.009681	2.614508
60.185979	2524.813153	18.237491	-0.009707	2.611843
60.149849	2519.813537	18.242496	-0.009697	2.609322
60.089115	2514.969769	18.247501	-0.009681	2.606874
60.146871	2509.873395	18.252506	-0.009694	2.604315
59.999480	2504.841414	18.257511	-0.009658	2.601754
59.921229	2499.900941	18.262515	-0.009638	2.599247
59.812361	2495.033894	18.267520	-0.009611	2.596771
59.935260	2489.924089	18.272525	-0.009640	2.594205
59.937777	2484.708414	18.277530	-0.009639	2.591564
59.733867	2479.798122	18.282535	-0.009589	2.589043
59.661290	2474.893501	18.287539	-0.009571	2.586543
59.712341	2469.821920	18.292544	-0.009582	2.583975
59.720588	2464.769359	18.297549	-0.009583	2.581407
59.604754	2459.864642	18.302554	-0.009555	2.578893
59.421292	2454.915015	18.307559	-0.009510	2.576343
59.409733	2449.740880	18.312563	-0.009506	2.573703
59.412219	2444.550026	18.317568	-0.009506	2.571054
59.392105	2439.620336	18.322573	-0.009500	2.568531
59.319348	2434.698213	18.327578	-0.009481	2.566003
59.336114	2429.613015	18.332583	-0.009484	2.563402
59.240590	2424.576559	18.337587	-0.009460	2.560805
59.214611	2419.687253	18.342592	-0.009453	2.558293
59.131626	2414.722423	18.347597	-0.009432	2.555730
59.189839	2409.469103	18.352602	-0.009445	2.553039
59.161446	2404.384667	18.357607	-0.009438	2.550418
59.015438	2399.569751	18.362611	-0.009402	2.547915
59.016178	2394.515364	18.367616	-0.009401	2.545308
58.893269	2389.502095	18.372621	-0.009370	2.542701
58.818926	2384.501129	18.377626	-0.009352	2.540105
58.965784	2379.583798	18.382631	-0.009386	2.537586
58.895899	2374.519249	18.387635	-0.009368	2.534952
58.860450	2369.245253	18.392640	-0.009359	2.532213
58.800535	2364.273554	18.397645	-0.009343	2.529624
58.723661	2359.376509	18.402650	-0.009324	2.527068
58.733514	2354.321115	18.407655	-0.009325	2.524442
58.620506	2349.301730	18.412659	-0.009297	2.521811
58.606002	2344.338975	18.417664	-0.009293	2.519224
58.674813	2339.397161	18.422669	-0.009308	2.516657
58.525784	2334.260199	18.427674	-0.009272	2.513952
58.339174	2329.157205	18.432679	-0.009226	2.511254
58.373851	2324.276739	18.437683	-0.009233	2.508707
58.320754	2319.265704	18.442688	-0.009219	2.506074
58.313982	2314.228645	18.447693	-0.009217	2.503432
58.135799	2309.203356	18.452698	-0.009173	2.500766
58.250031	2304.359873	18.457703	-0.009200	2.498240
58.243994	2299.293265	18.462707	-0.009197	2.495574
58.153525	2293.992422	18.467712	-0.009174	2.492768
58.045023	2288.983558	18.472717	-0.009148	2.490111
58.017792	2284.111604	18.477722	-0.009140	2.487536
58.151445	2278.924977	18.482727	-0.009171	2.484818
58.022354	2273.878749	18.487731	-0.009139	2.482129
58.082190	2268.917264	18.492736	-0.009152	2.479512
57.883564	2264.047294	18.497741	-0.009104	2.476899
57.883064	2258.871449	18.502746	-0.009103	2.474153
57.720083	2253.800727	18.507751	-0.009063	2.471434
57.804773	2248.884817	18.512755	-0.009082	2.468834
57.811689	2243.852549	18.517760	-0.009083	2.466157
57.735851	2238.838365	18.522765	-0.009064	2.463473
57.659317	2233.808841	18.527770	-0.009044	2.460778
57.657697	2228.956130	18.532775	-0.009043	2.458187
57.709581	2223.845428	18.537779	-0.009054	2.455464
57.473767	2218.624072	18.542784	-0.008997	2.452630
57.519273	2213.672538	18.547789	-0.009007	2.449985
57.576088	2208.696018	18.552794	-0.009019	2.447326
57.303635	2203.732530	18.557799	-0.008953	2.444616
57.348272	2198.663002	18.562803	-0.008963	2.441898
57.324635	2193.742261	18.567808	-0.008956	2.439247
57.240790	2188.796783	18.572813	-0.008935	2.436569
57.211946	2183.590419	18.577818	-0.008927	2.433756
57.224605	2178.515520	18.582823	-0.008929	2.431019
57.132168	2173.701877	18.587827	-0.008906	2.428401
57.221901	2168.606474	18.592832	-0.008927	2.425659
57.071538	2163.615466	18.597837	-0.008890	2.422930
57.005857	2158.641850	18.602842	-0.008873	2.420222
57.065664	2153.734441	18.607847	-0.008886	2.417568
56.999177	2148.524398	18.612851	-0.008869	2.414725
56.911049	2143.368054	18.617856	-0.008847	2.411904
56.874757	2138.501949	18.622861	-0.008838	2.409247
56.687822	2133.520689	18.627866	-0.008792	2.406498
56.689857	2128.466597	18.632871	-0.008791	2.403739
56.771120	2123.352247	18.637875	-0.008810	2.400957
56.612045	2118.490283	18.642880	-0.008771	2.398269
56.598140	2113.385614	18.647885	-0.008766	2.395470
56.508334	2108.232628	18.652890	-0.008744	2.392628
56.385921	2103.367446	18.657895	-0.008714	2.389935
56.442483	2098.393435	18.662899	-0.008726	2.387210
56.462958	2093.315697	18.667904	-0.008730	2.384418
56.470369	2088.227062	18.672909	-0.008731	2.381615
56.489403	2083.368972	18.677914	-0.008734	2.378939
56.274572	2078.337720	18.682919	-0.008682	2.376122
56.182211	2073.109057	18.687923	-0.008659	2.373214
56.099765	2068.148057	18.692928	-0.008638	2.370453
56.191719	2063.179338	18.697933	-0.008659	2.367715
56.079228	2058.149751	18.702938	-0.008631	2.364904
56.026528	2053.098285	18.707943	-0.008618	2.362088
55.922284	2048.281543	18.712947	-0.008592	2.359390
55.973104	2043.215836	18.717952	-0.008603	2.356578
55.941831	2038.002818	18.722957	-0.008594	2.353665
55.833034	2033.024053	18.727962	-0.008567	2.350866
55.927680	2028.086348	18.732967	-0.008589	2.348123
55.822060	2023.072136	18.737971	-0.008563	2.345298
55.748521	2017.993962	18.742976	-0.008544	2.342440
55.696743	2013.134017	18.747981	-0.008531	2.339705
55.778896	2008.092164	18.752986	-0.008549	2.336888
55.629489	2002.803979	18.757991	-0.008513	2.333887
55.586570	1997.811637	18.762995	-0.008501	2.331069
55.539264	1992.896507	18.768000	-0.008489	2.328289
55.443368	1987.888022	18.773005	-0.008465	2.325445
55.389872	1982.821128	18.778010	-0.008451	2.322573
55.350477	1977.929229	18.783015	-0.008441	2.319798
55.359731	1972.945877	18.788019	-0.008442	2.316977
55.365070	1967.711785	18.793024	-0.008442	2.314009
55.277624	1962.738220	18.798029	-0.008421	2.311169
55.159991	1957.857579	18.803034	-0.008391	2.308372
55.174638	1952.797584	18.808039	-0.008394	2.305494
55.041795	1947.750801	18.813043	-0.008361	2.302594
55.146558	1942.816561	18.818048	-0.008385	2.299797
55.153716	1937.807793	18.823053	-0.008386	2.296936
54.990254	1932.574606	18.828058	-0.008346	2.293912
55.040525	1927.538728	18.833063	-0.008357	2.291036
54.876826	1922.679417	18.838067	-0.008317	2.288219
54.884292	1917.604252	18.843072	-0.008318	2.285306
54.867262	1912.548831	18.848077	-0.008312	2.282396
54.662074	1907.764547	18.853082	-0.008262	2.279603
54.693328	1902.694400	18.858087	-0.008269	2.276686
54.683771	1897.500566	18.863091	-0.008266	2.273686
54.683400	1892.530377	18.868096	-0.008264	2.270814
54.561015	1887.620504	18.873101	-0.008234	2.267950
54.558759	1882.517816	18.878106	-0.008233	2.264992
54.579814	1877.480178	18.883111	-0.008237	2.262074
54.585672	1872.624190	18.888115	-0.008237	2.259254
54.369931	1867.525299	18.893120	-0.008184	2.256247
54.380930	1862.316422	18.898125	-0.008186	2.253215
54.325881	1857.404666	18.903130	-0.008172	2.250340
54.296342	1852.409512	18.908135	-0.008164	2.247418
54.085024	1847.404761	18.913139	-0.008112	2.244451
54.139554	1842.394846	18.918144	-0.008124	2.241528
53.950152	1837.535059	18.923149	-0.008078	2.238643
54.096766	1832.342781	18.928154	-0.008112	2.235623
53.953951	1827.240252	18.933159	-0.008077	2.232596
53.919298	1822.374591	18.938163	-0.008068	2.229725
54.030557	1817.283024	18.943168	-0.008093	2.226746
53.899582	1812.236851	18.948173	-0.008061	2.223742
53.972529	1807.302439	18.953178	-0.008077	2.220840
53.915953	1802.329587	18.958183	-0.008063	2.217887
53.804522	1797.101003	18.963187	-0.008035	2.214767
53.723759	1792.086055	18.968192	-0.008015	2.211776
53.717514	1787.178264	18.973197	-0.008012	2.208858
53.522596	1782.179460	18.978202	-0.007965	2.205846
53.531353	1777.108744	18.983207	-0.007966	2.202827
53.581967	1772.229097	18.988211	-0.007977	2.199926
53.404829	1767.164673	18.993216	-0.007934	2.196866
53.371287	1761.991962	18.998221	-0.007925	2.193765
53.291807	1757.086045	19.003226	-0.007905	2.190810
53.266855	1752.105362	19.008231	-0.007898	2.187817
53.284790	1747.064582	19.013235	-0.007901	2.184793
53.215846	1742.059797	19.018240	-0.007883	2.181769
53.271721	1737.139236	19.023245	-0.007896	2.178815
53.156338	1731.945834	19.028250	-0.007867	2.175660
53.055578	1726.857558	19.033255	-0.007842	2.172566
52.949366	1721.991405	19.038259	-0.007816	2.169602
52.994354	1716.923534	19.043264	-0.007825	2.166541
53.021100	1711.831702	19.048269	-0.007831	2.163457
53.045867	1706.920590	19.053274	-0.007836	2.160479
52.908634	1701.914947	19.058279	-0.007802	2.157406
52.864167	1696.730549	19.063283	-0.007790	2.154239
52.786762	1691.825902	19.068288	-0.007771	2.151231
52.634308	1686.880669	19.073293	-0.007733	2.148179
52.534000	1681.859739	19.078298	-0.007708	2.145087
52.538881	1676.868765	19.083303	-0.007709	2.142030
52.542188	1671.942632	19.088307	-0.007708	2.139008
52.529747	1666.726465	19.093312	-0.007704	2.135801
52.401380	1661.696025	19.098317	-0.007673	2.132679
52.329072	1656.763286	19.103322	-0.007654	2.129625
52.187922	1651.744701	19.108327	-0.007620	2.126499
52.297951	1646.659350	19.113331	-0.007645	2.123378
52.267229	1641.800694	19.118336	-0.007637	2.120364
52.208522	1636.710988	19.123341	-0.007622	2.117197
52.083737	1631.585785	19.128346	-0.007591	2.113990
52.154746	1626.659864	19.133351	-0.007607	2.110942
52.129557	1621.660090	19.138355	-0.007600	2.107823
51.927040	1616.657439	19.143360	-0.007550	2.104662
51.871203	1611.755886	19.148365	-0.007536	2.101590
51.907081	1606.728605	19.153370	-0.007543	2.098453
51.904936	1601.419953	19.158375	-0.007542	2.095127
51.950782	1596.456293	19.163379	-0.007552	2.092023
51.814206	1591.521782	19.168384	-0.007518	2.088894
51.832391	1586.467673	19.173389	-0.007522	2.085718
51.869134	1581.435923	19.178394	-0.007529	2.082554
51.553072	1576.609404	19.183399	-0.007453	2.079442
51.615354	1571.440247	19.188403	-0.007467	2.076188
51.596217	1566.379185	19.193408	-0.007461	2.072980
51.572961	1561.486760	19.198413	-0.007454	2.069873
51.423987	1556.437331	19.203418	-0.007418	2.066635
51.334841	1551.427920	19.208423	-0.007396	2.063430
51.257375	1546.550579	19.213427	-0.007376	2.060307
51.346971	1541.348170	19.218432	-0.007396	2.057006
51.246244	1536.230157	19.223437	-0.007371	2.053715
51.151204	1531.383733	19.228442	-0.007348	2.050593
51.071403	1526.349883	19.233447	-0.007328	2.047349
51.152790	1521.270453	19.238451	-0.007346	2.044105
51.042725	1516.415030	19.243456	-0.007319	2.040959
50.898373	1511.349149	19.248461	-0.007283	2.037666
50.903997	1506.177042	19.253466	-0.007283	2.034330
50.804032	1501.312549	19.258471	-0.007259	2.031166
50.919656	1496.254009	19.263475	-0.007285	2.027917
50.887674	1491.193748	19.268480	-0.007277	2.024630
50.640234	1486.390354	19.273485	-0.007216	2.021458
50.662661	1481.298487	19.278490	-0.007221	2.018151
50.464128	1476.105879	19.283495	-0.007172	2.014726
50.605376	1471.160041	19.288499	-0.007205	2.011530
50.581246	1466.114383	19.293504	-0.007198	2.008227
50.405296	1461.099194	19.298509	-0.007155	2.004906
50.368019	1456.199994	19.303514	-0.007145	2.001686
50.420296	1451.123764	19.308519	-0.007157	1.998363
50.301782	1446.006585	19.313523	-0.007127	1.994971
50.302067	1441.074515	19.318528	-0.007127	1.991721
50.262297	1436.093172	19.323533	-0.007116	1.988425
50.045830	1431.094106	19.328538	-0.007063	1.985072
50.188408	1426.118125	19.333543	-0.007096	1.981808
50.103989	1421.069835	19.338547	-0.007075	1.978441
49.989247	1415.889380	19.343552	-0.007047	1.974973
50.009987	1410.967670	19.348557	-0.007051	1.971702
49.978903	1405.945079	19.353562	-0.007042	1.968346
49.823616	1400.942003	19.358567	-0.007004	1.964970
49.922085	1396.017597	19.363571	-0.007027	1.961697
49.807797	1390.962080	19.368576	-0.006998	1.958284
49.671878	1385.860204	19.373581	-0.006965	1.954828
49.602494	1380.969247	19.378586	-0.006947	1.951524
49.576707	1375.931922	19.383591	-0.006940	1.948124
49.633221	1370.869348	19.388595	-0.006953	1.944721
49.510960	1366.027361	19.393600	-0.006922	1.941420
49.378909	1360.956491	19.398605	-0.006890	1.937956
49.320880	1355.848111	19.403610	-0.006875	1.934477
49.220023	1350.958212	19.408615	-0.006850	1.931131
49.254290	1345.887133	19.413619	-0.006857	1.927687
49.234708	1340.833337	19.418624	-0.006851	1.924235
49.303822	1335.885292	19.423629	-0.006867	1.920871
49.200294	1330.790346	19.428634	-0.006841	1.917360
48.970573	1325.800950	19.433639	-0.006785	1.913885
48.968409	1320.886385	19.438643	-0.006784	1.910509
49.010104	1315.808425	19.443648	-0.006793	1.907024
48.959132	1310.843085	19.448653	-0.006779	1.903589
48.949080	1305.861214	19.453658	-0.006776	1.900146
48.798980	1300.647474	19.458663	-0.006739	1.896504
48.675368	1295.735996	19.463667	-0.006708	1.893070
48.712736	1290.712749	19.468672	-0.006716	1.889590
48.633957	1285.687465	19.473677	-0.006697	1.886075
48.487132	1280.816535	19.478682	-0.006660	1.882645
48.558046	1275.747950	19.483687	-0.006676	1.879122
48.633591	1270.545897	19.488691	-0.006693	1.875500
48.568032	1265.641583	19.493696	-0.006677	1.872046
48.339326	1260.678270	19.498701	-0.006621	1.868506
48.246748	1255.680290	19.503706	-0.006598	1.864967
48.377976	1250.714817	19.508711	-0.006628	1.861498
48.233336	1245.588851	19.513715	-0.006593	1.857843
48.065051	1240.559565	19.518720	-0.006551	1.854243
48.154747	1235.552436	19.523725	-0.006572	1.850714
48.133618	1230.495287	19.528730	-0.006566	1.847116
47.940886	1225.594710	19.533735	-0.006519	1.843581
47.923540	1220.605062	19.538739	-0.006514	1.840018
47.969795	1215.409900	19.543744	-0.006524	1.836317
47.872748	1210.508842	19.548749	-0.006499	1.832784
47.885035	1205.490827	19.553754	-0.006501	1.829187
47.764570	1200.455941	19.558759	-0.006472	1.825538
47.740189	1195.572893	19.563763	-0.006465	1.822015
47.662838	1190.421867	19.568768	-0.006445	1.818279
47.557113	1185.365551	19.573773	-0.006419	1.814596
47.661897	1180.387870	19.578778	-0.006443	1.811015
47.580658	1175.355646	19.583783	-0.006423	1.807341
47.561827	1170.380214	19.588787	-0.006417	1.803717
47.389919	1165.421369	19.593792	-0.006375	1.800059
47.383029	1160.272401	19.598797	-0.006372	1.796296
47.293019	1155.376047	19.603802	-0.006350	1.792689
47.194543	1150.381938	19.608807	-0.006325	1.789002
47.293876	1145.321168	19.613811	-0.006348	1.785307
47.042228	1140.465535	19.618816	-0.006287	1.781667
47.037425	1135.260634	19.623821	-0.006285	1.777824
46.935717	1130.276356	19.628826	-0.006259	1.774112
47.017799	1125.266934	19.633831	-0.006278	1.770420
46.971654	1120.213020	19.638835	-0.006266	1.766654
46.820841	1115.328709	19.643840	-0.006229	1.762980
46.768683	1110.248252	19.648845	-0.006215	1.759177
46.709889	1105.167950	19.653850	-0.006200	1.755364
46.684730	1100.246268	19.658855	-0.006193	1.751671
46.801013	1095.150870	19.663859	-0.006220	1.747875
46.588459	1090.252482	19.668864	-0.006168	1.744135
46.454946	1085.272755	19.673869	-0.006135	1.740346
46.471851	1080.047882	19.678874	-0.006138	1.736402
46.547870	1075.092351	19.683879	-0.006156	1.732669
46.397179	1070.116527	19.688883	-0.006119	1.728853
46.330478	1065.126682	19.693888	-0.006102	1.725040
46.352967	1060.178252	19.698893	-0.006106	1.721273
46.316597	1054.981614	19.703898	-0.006096	1.717293
46.119314	1050.099789	19.708903	-0.006048	1.713503
46.070830	1045.126579	19.713907	-0.006035	1.709673
46.001041	1040.114504	19.718912	-0.006018	1.705799
45.993083	1035.197578	19.723917	-0.006015	1.702006
45.980088	1029.965792	19.728922	-0.006011	1.697960
45.938933	1024.957305	19.733927	-0.006000	1.694070
45.909078	1019.969718	19.738931	-0.005992	1.690190
45.669659	1015.002912	19.743936	-0.005934	1.686261
45.564565	1010.129971	19.748941	-0.005907	1.682432
45.543136	1004.969850	19.753946	-0.005901	1.678392
45.518798	999.971819	19.758951	-0.005894	1.674469
45.546459	994.970935	19.763955	-0.005900	1.670549
45.533562	989.914744	19.768960	-0.005896	1.666564
45.438542	985.050580	19.773965	-0.005872	1.662700
45.363435	979.888722	19.778970	-0.005853	1.658596
45.333853	974.865743	19.783975	-0.005845	1.654604
45.344972	969.865148	19.788979	-0.005847	1.650633
45.220792	964.859391	19.793984	-0.005816	1.646610
45.216350	959.963538	19.798989	-0.005814	1.642698
45.142337	954.824352	19.803994	-0.005795	1.638562
45.062557	949.842789	19.808999	-0.005775	1.634541
44.983927	944.883043	19.814003	-0.005756	1.630528
44.760017	939.932988	19.819008	-0.005701	1.626472
44.888118	934.963465	19.824013	-0.005731	1.622489
44.776470	929.742589	19.829018	-0.005703	1.618225
44.451531	924.874541	19.834023	-0.005624	1.614177
44.544464	919.843137	19.839027	-0.005645	1.610103
44.455594	914.850476	19.844032	-0.005623	1.605999
44.526455	909.864458	19.849037	-0.005639	1.601935
44.425811	904.706427	19.854042	-0.005614	1.597671
44.356556	899.810425	19.859047	-0.005596	1.593620
44.540288	894.706864	19.864051	-0.005639	1.589460
44.302069	889.800984	19.869056	-0.005581	1.585331
44.155410	884.802039	19.874061	-0.005545	1.581141
44.187582	879.626021	19.879066	-0.005552	1.576844
44.063929	874.740954	19.884071	-0.005521	1.572733
43.922025	869.730681	19.889075	-0.005487	1.568501
43.835416	864.786188	19.894080	-0.005465	1.564328
43.824101	859.716902	19.899085	-0.005461	1.560062
43.799002	854.672389	19.904090	-0.005454	1.555801
43.712253	849.726850	19.909095	-0.005432	1.551593
43.655241	844.698364	19.914099	-0.005418	1.547313
43.566609	839.802172	19.919104	-0.005396	1.543124
43.560290	834.571110	19.924109	-0.005393	1.538662
43.585834	829.611742	19.929114	-0.005398	1.534429
43.422856	824.614485	19.934119	-0.005358	1.530096
43.307950	819.667513	19.939123	-0.005330	1.525808
43.372233	814.624283	19.944128	-0.005344	1.521479
43.316346	809.551752	19.949133	-0.005330	1.517075
43.221018	804.619636	19.954138	-0.005306	1.512769
43.273122	799.530601	19.959143	-0.005317	1.508359
43.122566	794.675594	19.964147	-0.005280	1.504078
43.144455	789.457214	19.969152	-0.005285	1.499520
42.879379	784.561447	19.974157	-0.005220	1.495143
42.931305	779.531677	19.979162	-0.005232	1.490733
42.787080	774.593886	19.984167	-0.005196	1.486330
42.784457	769.559685	19.989171	-0.005194	1.481873
42.747335	764.467934	19.994176	-0.005185	1.477340
42.653813	759.563771	19.999181	-0.005161	1.472943
42.539853	754.521688	20.004186	-0.005133	1.468403
42.548403	749.607754	20.009191	-0.005134	1.464002
42.464853	744.445088	20.014195	-0.005113	1.459336
42.464025	739.457300	20.019200	-0.005112	1.454838
42.385597	734.446582	20.024205	-0.005092	1.450281
42.223489	729.526884	20.029210	-0.005052	1.445766
42.216521	724.467528	20.034215	-0.005050	1.441158
42.171102	719.425262	20.039219	-0.005038	1.436540
42.124908	714.450572	20.044224	-0.005026	1.431968
41.897428	709.520507	20.049229	-0.004970	1.427364
41.823144	704.537846	20.054234	-0.004952	1.422746
41.902550	699.338364	20.059239	-0.004970	1.417962
42.029166	694.374562	20.064243	-0.004999	1.413397
41.735484	689.398870	20.069248	-0.004928	1.408667
41.625684	684.510578	20.074253	-0.004900	1.404065
41.614778	679.359680	20.079258	-0.004897	1.399233
41.524259	674.431879	20.084263	-0.004874	1.394568
41.487150	669.408280	20.089267	-0.004864	1.389815
41.295793	664.510832	20.094272	-0.004817	1.385113
41.388017	659.328539	20.099277	-0.004838	1.380220
41.230723	654.377914	20.104282	-0.004800	1.375446
41.218366	649.346061	20.109287	-0.004796	1.370627
41.127085	644.409875	20.114291	-0.004773	1.365856
41.064642	639.323282	20.119296	-0.004757	1.360933
41.009763	634.348193	20.124301	-0.004743	1.356102
41.104010	629.294736	20.129306	-0.004765	1.351230
40.891103	624.388272	20.134311	-0.004713	1.346377
40.868828	619.310743	20.139315	-0.004706	1.341405
40.833950	614.266921	20.144320	-0.004697	1.336443
40.608870	609.335200	20.149325	-0.004642	1.331507
40.518806	604.378156	20.154330	-0.004620	1.326575
40.605271	599.289906	20.159335	-0.004639	1.321557
40.475649	594.321126	20.164339	-0.004607	1.316561
40.475703	589.293787	20.169344	-0.004606	1.311535
40.297872	584.378950	20.174349	-0.004563	1.306538
40.310801	579.312561	20.179354	-0.004565	1.301438
40.138776	574.343548	20.184359	-0.004523	1.296350
40.188454	569.304932	20.189363	-0.004534	1.291251
40.104761	564.363182	20.194368	-0.004513	1.286182
40.107779	559.260652	20.199373	-0.004512	1.280960
39.961436	554.323178	20.204378	-0.004476	1.275832
39.803408	549.336932	20.209383	-0.004437	1.270628
39.858002	544.370548	20.214387	-0.004450	1.265502
39.666058	539.256134	20.219392	-0.004403	1.260110
39.441705	534.370833	20.224397	-0.004348	1.254921
39.588691	529.274035	20.229402	-0.004382	1.249629
39.355420	524.377053	20.234407	-0.004325	1.244381
39.362719	519.273546	20.239411	-0.004326	1.238983
39.415167	514.271694	20.244416	-0.004338	1.233688
39.339585	509.297789	20.249421	-0.004319	1.228350
39.158652	504.306552	20.254426	-0.004274	1.222930
39.007882	499.269480	20.259431	-0.004237	1.217447
39.055072	494.245310	20.264435	-0.004247	1.212031
38.991440	489.275125	20.269440	-0.004231	1.206606
38.953051	484.191061	20.274445	-0.004221	1.201042
39.050947	479.186261	20.279450	-0.004243	1.195593
38.794754	474.227306	20.284455	-0.004181	1.190029
38.666564	469.304325	20.289459	-0.004150	1.184530
38.558955	464.216918	20.294464	-0.004123	1.178830
38.456885	459.250489	20.299469	-0.004097	1.173240
38.470467	454.247533	20.304474	-0.004100	1.167629
38.413968	449.200773	20.309479	-0.004085	1.161913
38.365957	444.229357	20.314483	-0.004073	1.156258
38.344437	439.202556	20.319488	-0.004067	1.150523
38.253726	434.245320	20.324493	-0.004044	1.144810
38.069094	429.202738	20.329498	-0.003999	1.138931
37.955481	424.220283	20.334503	-0.003970	1.133120
37.879758	419.264221	20.339507	-0.003951	1.127327
37.909941	414.153332	20.344512	-0.003958	1.121367
37.761330	409.236144	20.349517	-0.003921	1.115527
37.713565	404.228637	20.354522	-0.003909	1.109592
37.619833	399.218135	20.359527	-0.003885	1.103603
37.737737	394.125554	20.364531	-0.003912	1.097573
37.679594	389.099485	20.369536	-0.003897	1.091514
37.544797	384.183983	20.374541	-0.003864	1.085522
37.350575	379.166646	20.379546	-0.003817	1.079346
37.351349	374.170177	20.384551	-0.003816	1.073246
37.311673	369.210904	20.389555	-0.003805	1.067140
37.131530	364.126443	20.394560	-0.003761	1.060780
37.063149	359.165264	20.399565	-0.003744	1.054585
36.871323	354.232215	20.404570	-0.003697	1.048334
36.795515	349.179740	20.409575	-0.003678	1.041947
36.827317	344.187102	20.414579	-0.003685	1.035646
36.667037	339.232677	20.419584	-0.003645	1.029266
36.525193	334.206937	20.424589	-0.003610	1.022764
36.532032	329.191849	20.429594	-0.003611	1.016304
36.346978	324.238526	20.434599	-0.003566	1.009791
36.461782	319.154740	20.439603	-0.003592	1.003209
36.325983	314.203658	20.444608	-0.003559	0.996637
36.203859	309.241454	20.449613	-0.003529	0.990014
36.094854	304.209582	20.454618	-0.003501	0.983260
35.906445	299.250417	20.459623	-0.003455	0.976518
35.957895	294.216277	20.464627	-0.003467	0.969745
35.828949	289.198078	20.469632	-0.003435	0.962857
35.804323	284.206982	20.474637	-0.003428	0.956009
35.688354	279.242425	20.479642	-0.003399	0.949102
35.491309	274.220533	20.484647	-0.003351	0.942023
35.350499	269.275756	20.489651	-0.003316	0.935028
35.370129	264.264127	20.494656	-0.003320	0.927968
35.285344	259.223842	20.499661	-0.003299	0.920759
35.207274	254.248693	20.504666	-0.003279	0.913590
35.058465	249.296633	20.509671	-0.003243	0.906360
34.988398	244.241593	20.514675	-0.003225	0.898964
34.958065	239.241546	20.519680	-0.003217	0.891608
34.754123	234.284876	20.524685	-0.003167	0.884162
34.719330	229.279574	20.529690	-0.003157	0.876672
34.672089	224.300676	20.534695	-0.003145	0.869151
34.676186	219.206897	20.539699	-0.003145	0.861417
34.490181	214.262497	20.544704	-0.003100	0.853736
34.169921	209.380424	20.549709	-0.003022	0.846006
34.152906	204.344495	20.554714	-0.003017	0.838137
34.056832	199.381624	20.559719	-0.002993	0.830264
33.944201	194.337658	20.564723	-0.002965	0.822175
33.866543	189.349592	20.569728	-0.002946	0.814118
33.709884	184.400842	20.574733	-0.002907	0.805996
33.551762	179.430219	20.579738	-0.002868	0.797755
33.521563	174.435172	20.584743	-0.002860	0.789465
33.469053	169.371972	20.589747	-0.002846	0.780959
33.235321	164.456581	20.594752	-0.002790	0.772498
33.382714	159.370282	20.599757	-0.002824	0.763889
33.111499	154.459430	20.604762	-0.002758	0.755220
32.982962	149.478539	20.609767	-0.002726	0.746419
32.766368	144.511238	20.614771	-0.002673	0.737480
32.775164	139.491913	20.619776	-0.002674	0.728486
32.721838	134.477840	20.624781	-0.002661	0.719348
32.355273	129.610164	20.629786	-0.002572	0.710150
32.293651	124.567252	20.634791	-0.002556	0.700713
32.191685	119.607428	20.639795	-0.002531	0.691277
32.072490	114.605412	20.644800	-0.002501	0.681616
31.849119	109.693745	20.649805	-0.002447	0.671918
31.718300	104.697979	20.654810	-0.002415	0.661979
31.500774	99.771426	20.659815	-0.002362	0.651963
31.296465	94.805870	20.664819	-0.002312	0.641721
31.263068	89.810452	20.669824	-0.002303	0.631382
31.012613	84.845446	20.674829	-0.002242	0.620765
31.022517	79.835344	20.679834	-0.002243	0.610074
30.663971	74.934921	20.684839	-0.002157	0.599133
30.640098	69.917625	20.689843	-0.002150	0.588005
30.486165	64.936543	20.694848	-0.002112	0.576634
30.236973	60.009017	20.699853	-0.002051	0.565077
30.021132	55.074862	20.704858	-0.001999	0.553292
29.764714	50.110089	20.709863	-0.001936	0.541140
29.541206	45.187686	20.714867	-0.001882	0.528844
29.401110	40.226455	20.719872	-0.001847	0.516234
29.012236	35.326807	20.724877	-0.001753	0.503229
28.743815	30.399577	20.729882	-0.001688	0.489924
28.428180	25.500148	20.734887	-0.001612	0.476276
28.137090	20.569658	20.739891	-0.001541	0.462162
27.550047	15.766300	20.744896	-0.001400	0.447654
27.079495	10.921653	20.749901	-0.001286	0.432665
26.462110	6.115507	20.754906	-0.001138	0.417086
25.669173	1.383757	20.759911	-0.000947	0.400932
25.153709	-1.259487	20.764915	-0.000823	0.391526
