Sun Mar 01 16:52:32 2026

Number of Points = 4598
Depth (nm)	Load (µN)	Time (s)	Disp. Voltage(V)	Force Voltage(V)0.000000	3.935033	0.000000	0.001206	0.981784
0.467231	8.962427	0.005005	0.001094	0.988533
0.864403	13.916235	0.010010	0.000999	0.995108
1.172387	18.892443	0.015014	0.000925	1.001627
1.400744	23.980860	0.020019	0.000870	1.008210
1.724075	28.973341	0.025024	0.000792	1.014672
2.075482	33.930225	0.030029	0.000707	1.021062
2.315934	39.061239	0.035034	0.000649	1.027578
2.515068	44.080322	0.040038	0.000601	1.033897
2.754146	49.092683	0.045043	0.000544	1.040186
2.971515	54.208788	0.050048	0.000491	1.046555
3.205577	59.198799	0.055053	0.000435	1.052739
3.272041	64.280180	0.060058	0.000418	1.058924
3.408743	69.462810	0.065062	0.000385	1.065225
3.544685	74.489421	0.070067	0.000352	1.071303
3.873473	79.516651	0.075072	0.000273	1.077429
4.045360	84.591507	0.080077	0.000232	1.083511
4.225543	89.639662	0.085082	0.000188	1.089530
4.381968	94.715094	0.090086	0.000150	1.095538
4.526996	99.758518	0.095091	0.000115	1.101472
4.747968	104.899905	0.100096	0.000062	1.107518
4.971256	109.917642	0.105101	0.000008	1.113390
5.080311	114.957633	0.110106	-0.000019	1.119210
5.369434	120.066142	0.115110	-0.000088	1.125152
5.432317	125.105867	0.120115	-0.000104	1.130892
5.770770	130.120061	0.125120	-0.000185	1.136686
5.835893	135.241904	0.130125	-0.000201	1.142461
6.138507	140.302026	0.135130	-0.000274	1.148233
6.240260	145.389490	0.140134	-0.000299	1.153927
6.274367	150.445113	0.145139	-0.000307	1.159530
6.608158	155.549602	0.150144	-0.000388	1.165279
6.752552	160.558644	0.155149	-0.000423	1.170821
6.913035	165.623060	0.160154	-0.000461	1.176403
7.087814	170.708106	0.165158	-0.000504	1.181986
7.267289	175.819943	0.170163	-0.000547	1.187574
7.437277	180.874316	0.175168	-0.000588	1.193070
7.351509	185.985844	0.180173	-0.000568	1.198504
7.608528	191.083016	0.185178	-0.000630	1.204029
7.507091	196.224297	0.190182	-0.000606	1.209440
7.757008	201.269403	0.195187	-0.000667	1.214857
7.800085	206.333945	0.200192	-0.000677	1.220194
8.016538	211.538893	0.205197	-0.000730	1.225718
8.075917	216.564066	0.210202	-0.000744	1.230972
8.236674	221.639001	0.215206	-0.000783	1.236293
8.315470	226.725483	0.220211	-0.000802	1.241573
8.626774	231.791802	0.225216	-0.000877	1.246895
8.554926	236.919451	0.230221	-0.000861	1.252117
8.741353	241.948776	0.235226	-0.000906	1.257311
8.937528	247.079436	0.240230	-0.000953	1.262591
9.164515	252.136809	0.245235	-0.001008	1.267785
9.140313	257.263219	0.250240	-0.001002	1.272937
9.265903	262.300044	0.255245	-0.001033	1.278032
9.393643	267.453619	0.260250	-0.001064	1.283224
9.615034	272.471407	0.265254	-0.001117	1.288294
9.621088	277.605032	0.270259	-0.001119	1.293382
9.824495	282.608100	0.275264	-0.001168	1.298391
9.976469	287.779341	0.280269	-0.001205	1.303528
10.050535	292.815678	0.285274	-0.001223	1.308485
10.250867	297.881860	0.290278	-0.001272	1.313497
10.398170	302.888387	0.295283	-0.001307	1.318413
10.570624	308.052860	0.300288	-0.001349	1.323473
10.561898	313.131343	0.305293	-0.001347	1.328368
10.634346	318.237089	0.310298	-0.001365	1.333299
10.765462	323.255965	0.315302	-0.001397	1.338149
10.910118	328.472477	0.320307	-0.001432	1.343174
10.841782	333.575872	0.325312	-0.001416	1.348001
10.897929	338.685081	0.330317	-0.001430	1.352858
11.081114	343.706615	0.335322	-0.001474	1.357658
11.253827	348.834753	0.340326	-0.001516	1.362537
11.385231	353.887735	0.345331	-0.001548	1.367315
11.513019	358.975462	0.350336	-0.001579	1.372107
11.736706	363.998408	0.355341	-0.001633	1.376855
11.915810	369.131420	0.360346	-0.001676	1.381673
11.994855	374.266836	0.365350	-0.001696	1.386443
12.134675	379.315824	0.370355	-0.001729	1.391138
12.270899	384.375520	0.375360	-0.001762	1.395826
12.373205	389.465135	0.380365	-0.001787	1.400514
12.469825	394.629897	0.385370	-0.001811	1.405253
12.580171	399.646468	0.390374	-0.001838	1.409846
12.566488	404.801325	0.395379	-0.001835	1.414509
12.646490	409.838013	0.400384	-0.001855	1.419081
12.800395	415.098519	0.405389	-0.001892	1.423862
12.881900	420.088130	0.410394	-0.001912	1.428362
12.936676	425.236680	0.415398	-0.001925	1.432981
13.045109	430.241363	0.420403	-0.001952	1.437474
13.369225	435.354878	0.425408	-0.002030	1.442118
13.353167	440.462529	0.430413	-0.002026	1.446635
13.484783	445.525527	0.435418	-0.002058	1.451144
13.645557	450.597732	0.440422	-0.002097	1.455657
13.692452	455.722488	0.445427	-0.002109	1.460166
13.926310	460.866286	0.450432	-0.002165	1.464736
14.025959	465.882386	0.455437	-0.002190	1.469139
14.009055	471.054017	0.460442	-0.002186	1.473628
14.182238	476.020037	0.465446	-0.002228	1.477984
14.319389	481.236573	0.470451	-0.002261	1.482532
14.402274	486.255151	0.475456	-0.002281	1.486879
14.502210	491.380660	0.480461	-0.002306	1.491311
14.582935	496.428612	0.485466	-0.002325	1.495657
14.591380	501.602091	0.490470	-0.002328	1.500076
14.732099	506.767524	0.495475	-0.002362	1.504515
14.943659	511.748722	0.500480	-0.002413	1.508805
15.059959	516.880513	0.505485	-0.002441	1.513183
15.065227	521.875098	0.510490	-0.002443	1.517399
15.124274	527.135950	0.515494	-0.002458	1.521843
15.306043	532.152364	0.520499	-0.002502	1.526106
15.156226	537.323349	0.525504	-0.002466	1.530388
15.303302	542.390385	0.530509	-0.002502	1.534659
15.363680	547.483300	0.535514	-0.002517	1.538914
15.587018	552.710623	0.540518	-0.002571	1.543316
15.577595	557.726284	0.545523	-0.002569	1.547463
15.805759	562.819275	0.550528	-0.002624	1.551732
15.737327	567.899228	0.555533	-0.002608	1.555892
15.867199	573.017658	0.560538	-0.002639	1.560130
16.126071	578.124762	0.565542	-0.002702	1.564384
16.205543	583.141387	0.570547	-0.002721	1.568502
16.433336	588.243531	0.575552	-0.002776	1.572720
16.424262	593.279853	0.580557	-0.002774	1.576807
16.344265	598.584822	0.585562	-0.002756	1.581081
16.515399	603.661826	0.590566	-0.002797	1.585229
16.586280	608.721125	0.595571	-0.002815	1.589325
16.708412	613.820051	0.600576	-0.002844	1.593456
16.796349	618.820033	0.605581	-0.002866	1.597487
16.674025	624.132793	0.610586	-0.002837	1.601700
16.935172	629.121032	0.615590	-0.002900	1.605750
17.014947	634.218891	0.620595	-0.002919	1.609826
17.116307	639.317331	0.625600	-0.002944	1.613898
17.269960	644.336906	0.630605	-0.002981	1.617912
17.324274	649.660297	0.635610	-0.002995	1.622129
17.435263	654.654694	0.640614	-0.003022	1.626091
17.448943	659.788934	0.645619	-0.003025	1.630127
17.714251	664.772533	0.650624	-0.003089	1.634103
17.575453	669.912232	0.655629	-0.003057	1.638082
17.663444	675.144770	0.660634	-0.003078	1.642185
17.791716	680.148015	0.665638	-0.003109	1.646110
17.841319	685.270193	0.670643	-0.003122	1.650098
18.120902	690.275030	0.675648	-0.003189	1.654046
18.202346	695.362196	0.680653	-0.003209	1.657995
18.080262	700.710630	0.685658	-0.003180	1.662082
18.194762	705.697087	0.690662	-0.003208	1.665944
18.271593	710.815509	0.695667	-0.003227	1.669888
18.444432	715.852826	0.700672	-0.003269	1.673786
18.526240	720.909382	0.705677	-0.003289	1.677666
18.589677	726.154282	0.710682	-0.003304	1.681675
18.604663	731.187527	0.715686	-0.003308	1.685502
18.594577	736.328959	0.720691	-0.003306	1.689395
18.740311	741.399911	0.725696	-0.003342	1.693266
18.736696	746.458751	0.730701	-0.003341	1.697081
18.704260	751.828414	0.735706	-0.003334	1.701113
19.095280	756.770602	0.740710	-0.003428	1.704924
19.029885	761.900799	0.745715	-0.003413	1.708750
19.184687	766.975534	0.750720	-0.003450	1.712583
19.314687	771.968081	0.755725	-0.003482	1.716340
19.380787	777.208343	0.760730	-0.003498	1.720256
19.356398	782.314949	0.765734	-0.003493	1.724041
19.571750	787.340341	0.770739	-0.003545	1.727818
19.722842	792.451699	0.775744	-0.003581	1.731635
19.695401	797.494129	0.780749	-0.003575	1.735347
19.720517	802.721429	0.785754	-0.003581	1.739200
19.799761	807.922387	0.790758	-0.003601	1.743039
19.926205	812.892186	0.795763	-0.003632	1.746713
19.987201	818.054050	0.800768	-0.003647	1.750502
20.107933	823.047951	0.805773	-0.003676	1.754176
20.093251	828.190758	0.810778	-0.003673	1.757917
20.289628	833.404409	0.815782	-0.003720	1.761753
20.305184	838.416130	0.820787	-0.003724	1.765390
20.535303	843.490169	0.825792	-0.003780	1.769118
20.656184	848.594808	0.830797	-0.003809	1.772833
20.723886	853.598991	0.835802	-0.003826	1.776455
20.932563	858.886232	0.840806	-0.003876	1.780308
20.954732	863.961855	0.845811	-0.003882	1.783954
20.852669	869.063312	0.850816	-0.003858	1.787582
21.123092	874.132977	0.855821	-0.003923	1.791270
21.112520	879.166062	0.860826	-0.003921	1.794856
21.306603	884.328355	0.865830	-0.003968	1.798576
21.211192	889.556819	0.870835	-0.003946	1.802266
21.122806	894.588890	0.875840	-0.003925	1.805811
21.326817	899.711042	0.880845	-0.003974	1.809483
21.420201	904.752910	0.885850	-0.003997	1.813064
21.723746	909.726295	0.890854	-0.004070	1.816640
21.746222	915.089173	0.895859	-0.004076	1.820416
21.752822	920.123181	0.900864	-0.004078	1.823949
22.002443	925.148225	0.905869	-0.004138	1.827528
21.838236	930.364265	0.910874	-0.004099	1.831134
21.979648	935.330955	0.915878	-0.004134	1.834632
21.980580	940.552781	0.920883	-0.004134	1.838267
22.134848	945.710310	0.925888	-0.004172	1.841887
22.104331	950.743331	0.930893	-0.004165	1.845370
22.311141	955.814450	0.935898	-0.004215	1.848928
22.323503	960.949816	0.940902	-0.004218	1.852479
22.597063	965.897350	0.945907	-0.004284	1.855954
22.704157	971.224240	0.950912	-0.004310	1.859645
22.742889	976.325196	0.955917	-0.004320	1.863157
22.805221	981.366268	0.960922	-0.004335	1.866627
22.954943	986.479629	0.965926	-0.004371	1.870161
23.106030	991.464380	0.970931	-0.004408	1.873600
23.108341	996.606464	0.975936	-0.004409	1.877106
23.257401	1001.850841	0.980941	-0.004445	1.880709
23.224008	1006.851058	0.985946	-0.004438	1.884097
23.125339	1012.019930	0.990950	-0.004414	1.887578
23.050059	1017.216668	0.995955	-0.004397	1.891077
23.315603	1022.153657	1.000960	-0.004461	1.894472
23.412850	1027.372373	1.005965	-0.004485	1.898013
23.393237	1032.622293	1.010970	-0.004480	1.901541
23.546413	1037.578420	1.015974	-0.004517	1.904905
23.645825	1042.715379	1.020979	-0.004542	1.908372
23.750463	1047.796973	1.025984	-0.004567	1.911796
23.829740	1052.811902	1.030989	-0.004587	1.915165
23.882197	1058.079280	1.035994	-0.004600	1.918689
23.990267	1063.193062	1.040998	-0.004626	1.922118
24.192650	1068.155209	1.046003	-0.004675	1.925461
24.312647	1073.271898	1.051008	-0.004704	1.928881
24.223836	1078.420888	1.056013	-0.004683	1.932271
24.216744	1083.452779	1.061018	-0.004682	1.935596
24.514927	1088.693439	1.066022	-0.004754	1.939120
24.528861	1093.784731	1.071027	-0.004757	1.942477
24.552361	1098.820562	1.076032	-0.004763	1.945793
24.676923	1103.938621	1.081037	-0.004794	1.949180
24.765614	1108.966156	1.086042	-0.004815	1.952494
24.749335	1114.049971	1.091046	-0.004812	1.955816
24.925983	1119.320966	1.096051	-0.004855	1.959297
24.847913	1124.401750	1.101056	-0.004836	1.962592
25.057027	1129.381005	1.106061	-0.004887	1.965879
25.113705	1134.535770	1.111066	-0.004901	1.969240
25.238831	1139.584678	1.116070	-0.004931	1.972542
25.079307	1144.715553	1.121075	-0.004894	1.975830
25.190923	1150.050437	1.126080	-0.004921	1.979303
25.342861	1155.054688	1.131085	-0.004958	1.982565
25.302717	1160.150976	1.136090	-0.004948	1.985839
25.463329	1165.257718	1.141094	-0.004987	1.989159
25.474168	1170.329527	1.146099	-0.004990	1.992418
25.644234	1175.373488	1.151104	-0.005031	1.995688
25.744101	1180.639958	1.156109	-0.005056	1.999080
25.801953	1185.666387	1.161114	-0.005070	2.002304
25.897619	1190.712583	1.166118	-0.005093	2.005543
26.021698	1195.841180	1.171123	-0.005124	2.008836
25.911249	1200.951363	1.176128	-0.005098	2.012061
26.260521	1205.937282	1.181133	-0.005182	2.015300
26.278638	1211.328563	1.186138	-0.005186	2.018721
26.278669	1216.414034	1.191142	-0.005187	2.021939
26.420428	1221.411435	1.196147	-0.005221	2.025126
26.442492	1226.547322	1.201152	-0.005227	2.028369
26.631141	1231.588872	1.206157	-0.005272	2.031584
26.616729	1236.610690	1.211162	-0.005269	2.034738
26.761269	1241.893790	1.216166	-0.005305	2.038084
26.818120	1246.989237	1.221171	-0.005319	2.041290
26.846402	1252.018342	1.226176	-0.005326	2.044442
26.943345	1257.172704	1.231181	-0.005349	2.047683
26.980402	1262.274293	1.236186	-0.005359	2.050873
27.033345	1267.269218	1.241190	-0.005372	2.053995
27.220010	1272.511045	1.246195	-0.005417	2.057293
27.152294	1277.751177	1.251200	-0.005401	2.060532
27.256474	1282.700838	1.256205	-0.005427	2.063622
27.208962	1287.891494	1.261210	-0.005416	2.066825
27.315735	1293.044874	1.266214	-0.005442	2.070031
27.395817	1298.007816	1.271219	-0.005461	2.073110
27.450708	1303.201033	1.276224	-0.005475	2.076321
27.497232	1308.470872	1.281229	-0.005486	2.079572
27.545999	1313.448131	1.286234	-0.005499	2.082639
27.483963	1318.566690	1.291238	-0.005484	2.085766
27.550433	1323.720821	1.296243	-0.005501	2.088936
27.738718	1328.704888	1.301248	-0.005546	2.092021
27.777758	1333.807906	1.306253	-0.005556	2.095145
27.977810	1339.129872	1.311258	-0.005604	2.098430
27.910240	1344.210367	1.316262	-0.005588	2.101508
27.988094	1349.240533	1.321267	-0.005608	2.104581
28.007087	1354.401756	1.326272	-0.005613	2.107718
28.032421	1359.505949	1.331277	-0.005619	2.110816
28.078404	1364.504759	1.336282	-0.005630	2.113850
28.222629	1369.738767	1.341286	-0.005665	2.117041
28.416100	1374.867994	1.346291	-0.005712	2.120174
28.328219	1379.865976	1.351296	-0.005692	2.123168
28.492857	1384.990426	1.356301	-0.005731	2.126284
28.513976	1390.131471	1.361306	-0.005737	2.129376
28.575666	1395.126827	1.366310	-0.005752	2.132385
28.718013	1400.288203	1.371315	-0.005787	2.135504
28.667030	1405.640857	1.376320	-0.005775	2.138696
28.759580	1410.657743	1.381325	-0.005797	2.141710
28.813661	1415.731054	1.386330	-0.005811	2.144747
28.758320	1420.909906	1.391334	-0.005798	2.147820
28.980601	1425.913180	1.396339	-0.005852	2.150839
29.067285	1430.903374	1.401344	-0.005873	2.153819
29.223981	1436.160767	1.406349	-0.005911	2.156968
29.194722	1441.362600	1.411354	-0.005904	2.160042
29.438062	1446.260961	1.416358	-0.005963	2.162986
29.441224	1451.456633	1.421363	-0.005964	2.166055
29.599426	1456.561282	1.426368	-0.006002	2.169095
29.600695	1461.559784	1.431373	-0.006003	2.172039
29.655318	1466.722678	1.436378	-0.006017	2.175086
29.675716	1472.128544	1.441382	-0.006022	2.178264
29.817828	1477.104045	1.446387	-0.006057	2.181209
29.811956	1482.131206	1.451392	-0.006056	2.184152
29.841917	1487.311042	1.456397	-0.006063	2.187187
29.822525	1492.420839	1.461402	-0.006059	2.190167
29.928663	1497.395143	1.466406	-0.006085	2.193088
29.998288	1502.671004	1.471411	-0.006102	2.196174
30.073264	1507.838979	1.476416	-0.006120	2.199194
30.088245	1512.860179	1.481421	-0.006124	2.202113
30.141360	1517.953194	1.486426	-0.006138	2.205078
30.596767	1522.990423	1.491430	-0.006247	2.208081
30.480100	1528.115047	1.496435	-0.006219	2.211024
30.432546	1533.175275	1.501440	-0.006209	2.213938
30.501958	1538.560434	1.506445	-0.006226	2.217058
30.708432	1543.604216	1.511450	-0.006275	2.220002
30.788759	1548.584490	1.516454	-0.006295	2.222883
30.712944	1553.773102	1.521459	-0.006277	2.225850
30.812984	1558.915335	1.526464	-0.006302	2.228820
30.826647	1563.916980	1.531469	-0.006306	2.231689
30.878688	1569.058633	1.536474	-0.006318	2.234641
30.968675	1574.342941	1.541478	-0.006340	2.237678
31.133992	1579.364896	1.546483	-0.006380	2.240576
31.146109	1584.395945	1.551488	-0.006384	2.243446
31.252078	1589.572611	1.556493	-0.006410	2.246413
31.330737	1594.681791	1.561498	-0.006429	2.249332
31.433836	1599.603262	1.566502	-0.006454	2.252146
31.392986	1604.919006	1.571507	-0.006445	2.255153
31.511881	1610.164542	1.576512	-0.006474	2.258146
31.580300	1615.186270	1.581517	-0.006490	2.260999
31.605640	1620.262581	1.586522	-0.006497	2.263871
31.703965	1625.397374	1.591526	-0.006521	2.266786
31.630266	1630.551379	1.596531	-0.006504	2.269677
31.664002	1635.516275	1.601536	-0.006512	2.272478
31.870448	1640.727038	1.606541	-0.006562	2.275444
32.007016	1645.919954	1.611546	-0.006595	2.278383
32.080976	1650.905797	1.616550	-0.006613	2.281192
32.152523	1655.989547	1.621555	-0.006631	2.284051
32.099953	1661.167705	1.626560	-0.006619	2.286938
32.391197	1666.168197	1.631565	-0.006689	2.289783
32.394951	1671.188597	1.636570	-0.006690	2.292584
32.408953	1676.515469	1.641574	-0.006694	2.295554
32.452324	1681.751943	1.646579	-0.006705	2.298476
32.431001	1686.707555	1.651584	-0.006700	2.301226
32.686855	1691.778468	1.656589	-0.006762	2.304086
32.663480	1696.958713	1.661594	-0.006757	2.306954
32.641923	1702.074276	1.666598	-0.006752	2.309782
32.711317	1707.061573	1.671603	-0.006769	2.312553
32.828084	1712.296764	1.676608	-0.006797	2.315465
32.976309	1717.499378	1.681613	-0.006833	2.318361
33.134988	1722.414940	1.686618	-0.006872	2.321097
33.124514	1727.566536	1.691622	-0.006870	2.323930
33.094148	1732.723388	1.696627	-0.006863	2.326759
33.245332	1737.760980	1.701632	-0.006899	2.329551
33.395978	1742.751329	1.706637	-0.006936	2.332314
33.317471	1748.112710	1.711642	-0.006918	2.335236
33.324293	1753.382665	1.716646	-0.006920	2.338120
33.359276	1758.366793	1.721651	-0.006929	2.340849
33.468264	1763.442188	1.726656	-0.006955	2.343637
33.521513	1768.610838	1.731661	-0.006968	2.346464
33.575206	1773.699818	1.736666	-0.006982	2.349243
33.676232	1778.668015	1.741670	-0.007006	2.351962
33.692882	1783.936104	1.746675	-0.007011	2.354826
33.769937	1789.155374	1.751680	-0.007030	2.357670
33.981369	1794.111878	1.756685	-0.007081	2.360392
33.826556	1799.262123	1.761690	-0.007044	2.363152
34.120478	1804.287049	1.766694	-0.007115	2.365919
34.120625	1809.446207	1.771699	-0.007115	2.368704
34.083533	1814.428344	1.776704	-0.007107	2.371384
34.195151	1819.663154	1.781709	-0.007134	2.374223
34.248422	1824.979743	1.786714	-0.007147	2.377092
34.285525	1830.028579	1.791718	-0.007156	2.379811
34.329209	1835.043873	1.796723	-0.007167	2.382511
34.402625	1840.192665	1.801728	-0.007185	2.385284
34.496643	1845.330748	1.806733	-0.007208	2.388051
34.474386	1850.308768	1.811738	-0.007203	2.390710
34.631001	1855.429442	1.816742	-0.007241	2.393472
34.764072	1860.745930	1.821747	-0.007274	2.396332
34.798913	1865.829489	1.826752	-0.007282	2.399047
34.822329	1870.822997	1.831757	-0.007288	2.401710
34.925184	1875.951106	1.836762	-0.007314	2.404454
35.090391	1881.055713	1.841766	-0.007353	2.407194
35.028656	1886.102580	1.846771	-0.007339	2.409861
35.161485	1891.120330	1.851776	-0.007371	2.412543
35.258802	1896.508388	1.856781	-0.007395	2.415412
35.301382	1901.712846	1.861786	-0.007406	2.418171
35.394602	1906.624015	1.866790	-0.007429	2.420781
35.465931	1911.769156	1.871795	-0.007446	2.423507
35.562791	1916.888374	1.876800	-0.007470	2.426222
35.572410	1921.989260	1.881805	-0.007472	2.428908
35.515192	1927.018849	1.886810	-0.007459	2.431544
35.607499	1932.229758	1.891814	-0.007482	2.434296
35.716942	1937.492722	1.896819	-0.007508	2.437076
35.650608	1942.520266	1.901824	-0.007493	2.439700
35.736272	1947.579348	1.906829	-0.007514	2.442363
35.793351	1952.737209	1.911834	-0.007528	2.445070
35.785807	1957.904986	1.916838	-0.007527	2.447768
35.770818	1962.827585	1.921843	-0.007524	2.450334
35.900871	1967.955169	1.926848	-0.007555	2.453028
36.077867	1973.346999	1.931853	-0.007598	2.455865
35.958022	1978.490261	1.936858	-0.007570	2.458520
36.000465	1983.451925	1.941862	-0.007580	2.461105
36.040288	1988.604725	1.946867	-0.007590	2.463785
36.166433	1993.737309	1.951872	-0.007621	2.466467
36.342041	1998.741228	1.956877	-0.007663	2.469087
36.388035	2003.782095	1.961882	-0.007675	2.471702
36.369252	2009.087070	1.966886	-0.007671	2.474440
36.594521	2014.246809	1.971891	-0.007725	2.477140
36.710779	2019.199845	1.976896	-0.007753	2.479713
36.755411	2024.312683	1.981901	-0.007764	2.482353
36.770947	2029.479542	1.986906	-0.007769	2.485014
36.810910	2034.620311	1.991910	-0.007779	2.487663
36.854729	2039.597164	1.996915	-0.007790	2.490225
36.846524	2044.746738	2.001920	-0.007788	2.492865
36.958612	2050.159618	2.006925	-0.007815	2.495657
36.957278	2055.265488	2.011930	-0.007815	2.498270
37.040131	2060.202607	2.016934	-0.007836	2.500807
37.150767	2065.353851	2.021939	-0.007863	2.503456
37.199367	2070.479732	2.026944	-0.007875	2.506078
37.228438	2075.557948	2.031949	-0.007882	2.508671
37.300920	2080.577309	2.036954	-0.007900	2.511238
37.301846	2085.852257	2.041958	-0.007901	2.513921
37.333914	2091.093030	2.046963	-0.007909	2.516589
37.449272	2096.076857	2.051968	-0.007937	2.519137
37.422739	2101.177333	2.056973	-0.007931	2.521719
37.464175	2106.312173	2.061978	-0.007941	2.524326
37.468009	2111.502908	2.066982	-0.007943	2.526953
37.539539	2116.471946	2.071987	-0.007960	2.529476
37.694106	2121.526316	2.076992	-0.007998	2.532052
37.826276	2126.921991	2.081997	-0.008030	2.534795
37.906906	2132.056568	2.087002	-0.008049	2.537395
38.053541	2136.939281	2.092006	-0.008085	2.539875
37.999735	2142.137053	2.097011	-0.008073	2.542481
38.099685	2147.264866	2.102016	-0.008097	2.545072
38.155755	2152.397221	2.107021	-0.008111	2.547657
38.103641	2157.356444	2.112026	-0.008099	2.550135
38.275321	2162.512272	2.117030	-0.008140	2.552744
38.242324	2167.863136	2.122035	-0.008133	2.555416
38.318108	2172.959439	2.127040	-0.008151	2.557975
38.295870	2177.955091	2.132045	-0.008147	2.560466
38.391854	2183.104767	2.137050	-0.008170	2.563050
38.316186	2188.288823	2.142054	-0.008152	2.565621
38.447205	2193.354386	2.147059	-0.008184	2.568163
38.496264	2198.352327	2.152064	-0.008196	2.570657
38.735089	2203.578323	2.157069	-0.008254	2.573290
38.878281	2208.836742	2.162074	-0.008289	2.575922
38.740632	2213.912721	2.167078	-0.008256	2.578417
38.864916	2218.912631	2.172083	-0.008286	2.580913
38.872217	2224.036110	2.177088	-0.008289	2.583450
38.962449	2229.147344	2.182093	-0.008311	2.585991
39.025106	2234.152919	2.187098	-0.008326	2.588472
39.012269	2239.196332	2.192102	-0.008323	2.590959
39.028274	2244.517056	2.197107	-0.008328	2.593584
39.080519	2249.718520	2.202112	-0.008341	2.596154
39.278306	2254.719571	2.207117	-0.008388	2.598644
39.308284	2259.760143	2.212122	-0.008396	2.601126
39.396953	2264.893785	2.217126	-0.008418	2.603660
39.619922	2270.012658	2.222131	-0.008471	2.606205
39.607587	2274.981507	2.227136	-0.008469	2.608638
39.630720	2280.083517	2.232141	-0.008475	2.611139
39.803514	2285.439657	2.237146	-0.008517	2.613785
39.897067	2290.636665	2.242150	-0.008540	2.616339
39.895678	2295.647727	2.247155	-0.008540	2.618785
39.869909	2300.724398	2.252160	-0.008534	2.621257
39.862908	2305.924792	2.257165	-0.008533	2.623790
39.916256	2311.048575	2.262170	-0.008546	2.626292
39.945010	2316.003663	2.267174	-0.008553	2.628706
40.051604	2321.058818	2.272179	-0.008579	2.631178
40.015892	2326.403158	2.277184	-0.008571	2.633767
40.032741	2331.611757	2.282189	-0.008576	2.636295
40.195039	2336.515429	2.287194	-0.008615	2.638695
40.169775	2341.617575	2.292198	-0.008609	2.641161
40.217626	2346.817829	2.297203	-0.008621	2.643683
40.396732	2351.893590	2.302208	-0.008664	2.646161
40.493117	2356.886769	2.307213	-0.008688	2.648586
40.515821	2361.996358	2.312218	-0.008694	2.651053
40.501657	2367.433770	2.317222	-0.008691	2.653670
40.656920	2372.629730	2.322227	-0.008729	2.656194
40.676106	2377.574532	2.327232	-0.008734	2.658574
40.736810	2382.654204	2.332237	-0.008749	2.661024
40.785907	2387.835165	2.337242	-0.008761	2.663517
40.724738	2392.968466	2.342246	-0.008747	2.665970
40.992656	2397.909562	2.347251	-0.008811	2.668376
41.033470	2402.979537	2.352256	-0.008821	2.670809
41.260907	2408.253669	2.357261	-0.008876	2.673364
41.169983	2413.507092	2.362266	-0.008855	2.675861
41.229053	2418.441216	2.367270	-0.008869	2.678224
41.293838	2423.558765	2.372275	-0.008885	2.680674
41.325406	2428.694349	2.377280	-0.008893	2.683126
41.256519	2433.831541	2.382285	-0.008877	2.685561
41.266156	2438.849811	2.387290	-0.008880	2.687949
41.209639	2443.935906	2.392294	-0.008867	2.690358
41.320200	2449.296512	2.397299	-0.008894	2.692918
41.400009	2454.505597	2.402304	-0.008914	2.695400
41.436756	2459.550584	2.407309	-0.008923	2.697796
41.547736	2464.561862	2.412314	-0.008950	2.700184
41.705209	2469.697670	2.417318	-0.008988	2.702636
41.766635	2474.854594	2.422323	-0.009003	2.705082
41.725974	2479.904722	2.427328	-0.008994	2.707461
41.909360	2484.879929	2.432333	-0.009038	2.709834
42.148766	2490.087274	2.437338	-0.009096	2.712322
42.001704	2495.384547	2.442342	-0.009061	2.714795
42.043719	2500.465763	2.447347	-0.009072	2.717192
42.064764	2505.454791	2.452352	-0.009077	2.719540
42.205222	2510.609805	2.457357	-0.009111	2.721981
42.294563	2515.736267	2.462362	-0.009133	2.724399
42.229614	2520.856320	2.467366	-0.009118	2.726790
42.345219	2525.839999	2.472371	-0.009146	2.729140
42.470805	2531.006575	2.477376	-0.009176	2.731576
42.486446	2536.380447	2.482381	-0.009181	2.734091
42.678316	2541.449071	2.487386	-0.009227	2.736485
42.664057	2546.391879	2.492390	-0.009224	2.738790
42.729302	2551.540092	2.497395	-0.009240	2.741200
42.560712	2556.732641	2.502400	-0.009200	2.743596
42.649477	2561.888929	2.507405	-0.009222	2.746009
42.731373	2566.799355	2.512410	-0.009242	2.748304
42.960847	2571.868108	2.517414	-0.009297	2.750691
42.832460	2577.314619	2.522419	-0.009267	2.753202
43.001623	2582.438878	2.527424	-0.009308	2.755603
42.920449	2587.428752	2.532429	-0.009289	2.757904
43.056155	2592.471385	2.537434	-0.009322	2.760258
43.146013	2597.640733	2.542438	-0.009344	2.762663
43.189784	2602.790527	2.547443	-0.009355	2.765049
43.278610	2607.757593	2.552448	-0.009377	2.767356
43.273654	2612.842708	2.557453	-0.009376	2.769702
43.339593	2618.158266	2.562458	-0.009392	2.772162
43.397221	2623.447831	2.567462	-0.009406	2.774607
43.611272	2628.435711	2.572467	-0.009458	2.776932
43.552166	2633.481881	2.577472	-0.009444	2.779245
43.592232	2638.647535	2.582477	-0.009454	2.781624
43.654787	2643.770819	2.587482	-0.009470	2.783985
43.578589	2648.895404	2.592486	-0.009452	2.786326
43.708738	2653.810420	2.597491	-0.009483	2.788596
43.660240	2659.012288	2.602496	-0.009472	2.790972
43.862719	2664.315500	2.607501	-0.009521	2.793427
43.936046	2669.450648	2.612506	-0.009539	2.795784
43.926759	2674.348670	2.617510	-0.009537	2.798021
43.904072	2679.513214	2.622515	-0.009532	2.800375
44.018445	2684.695644	2.627520	-0.009560	2.802754
44.132668	2689.805811	2.632525	-0.009588	2.805098
44.013390	2694.846645	2.637530	-0.009560	2.807377
44.118625	2699.881475	2.642534	-0.009586	2.809682
44.030582	2705.327312	2.647539	-0.009565	2.812145
44.162842	2710.560857	2.652544	-0.009597	2.814540
44.078186	2715.657128	2.657549	-0.009577	2.816841
44.312125	2720.581587	2.662554	-0.009634	2.819105
44.436441	2725.711339	2.667558	-0.009664	2.821446
44.471861	2730.892996	2.672563	-0.009673	2.823796
44.541771	2735.968696	2.677568	-0.009690	2.826101
44.551493	2740.929453	2.682573	-0.009693	2.828344
44.770182	2746.081656	2.687578	-0.009746	2.830699
44.817647	2751.416694	2.692582	-0.009757	2.833113
44.842395	2756.592540	2.697587	-0.009764	2.835449
44.838934	2761.484183	2.702592	-0.009763	2.837652
44.985454	2766.570114	2.707597	-0.009799	2.839961
44.948026	2771.798303	2.712602	-0.009790	2.842307
44.905882	2776.903585	2.717606	-0.009781	2.844595
45.068386	2781.884049	2.722611	-0.009820	2.846853
45.070508	2786.918359	2.727616	-0.009821	2.849112
44.978674	2792.320737	2.732621	-0.009800	2.851521
45.215828	2797.562909	2.737626	-0.009857	2.853900
45.255617	2802.631471	2.742630	-0.009867	2.856173
45.266859	2807.602087	2.747635	-0.009870	2.858398
45.256670	2812.768787	2.752640	-0.009868	2.860705
45.356375	2817.932697	2.757645	-0.009892	2.863023
45.570645	2823.027441	2.762650	-0.009944	2.865324
45.522695	2827.958457	2.767654	-0.009933	2.867515
45.541585	2833.113523	2.772659	-0.009938	2.869814
45.466049	2838.486982	2.777664	-0.009920	2.872195
45.509746	2843.676240	2.782669	-0.009931	2.874508
45.733008	2848.608544	2.787674	-0.009985	2.876729
45.702071	2853.679377	2.792678	-0.009978	2.878976
45.734138	2858.890686	2.797683	-0.009986	2.881292
45.793159	2863.991248	2.802688	-0.010001	2.883560
45.904443	2869.067238	2.807693	-0.010028	2.885823
46.072404	2874.015031	2.812698	-0.010068	2.888034
46.041869	2879.234199	2.817702	-0.010062	2.890338
46.314134	2884.635250	2.822707	-0.010127	2.892760
46.234836	2889.813468	2.827712	-0.010109	2.895036
46.426567	2894.678397	2.832717	-0.010155	2.897206
46.300074	2899.827222	2.837722	-0.010125	2.899460
46.335609	2905.034359	2.842726	-0.010134	2.901758
46.401886	2910.118212	2.847731	-0.010150	2.904004
46.282590	2915.164681	2.852736	-0.010122	2.906208
46.332800	2920.187112	2.857741	-0.010135	2.908421
46.459373	2925.425981	2.862746	-0.010166	2.910738
46.437462	2930.732729	2.867750	-0.010161	2.913064
46.644392	2935.810050	2.872755	-0.010211	2.915316
46.605886	2940.730705	2.877760	-0.010202	2.917467
46.556907	2945.922693	2.882765	-0.010191	2.919733
46.699533	2951.089007	2.887770	-0.010225	2.922011
46.820635	2956.182033	2.892774	-0.010255	2.924252
46.875611	2961.168683	2.897779	-0.010268	2.926437
46.989854	2966.204952	2.902784	-0.010296	2.928649
46.995600	2971.557146	2.907789	-0.010298	2.930984
47.143337	2976.828930	2.912794	-0.010334	2.933299
46.998181	2981.944054	2.917798	-0.010299	2.935508
47.151424	2986.876472	2.922803	-0.010336	2.937673
47.219231	2991.999566	2.927808	-0.010353	2.939909
47.371338	2997.162714	2.932813	-0.010390	2.942171
47.453336	3002.293240	2.937818	-0.010410	2.944408
47.433517	3007.243136	2.942822	-0.010406	2.946553
47.512263	3012.346270	2.947827	-0.010425	2.948774
47.389749	3017.699344	2.952832	-0.010396	2.951077
47.395787	3022.948164	2.957837	-0.010398	2.953350
47.374348	3028.012463	2.962842	-0.010393	2.955537
47.527427	3032.948745	2.967846	-0.010431	2.957689
47.462569	3038.162413	2.972851	-0.010415	2.959932
47.500808	3043.305564	2.977856	-0.010425	2.962156
47.647436	3048.376618	2.982861	-0.010461	2.964360
47.660850	3053.349040	2.987866	-0.010464	2.966504
47.826492	3058.429467	2.992870	-0.010504	2.968712
47.869212	3063.824822	2.997875	-0.010515	2.971038
48.060801	3069.075027	3.002880	-0.010561	2.973318
48.142289	3074.099793	3.007885	-0.010581	2.975486
48.219801	3079.042806	3.012890	-0.010600	2.977618
48.198770	3084.201775	3.017894	-0.010596	2.979828
48.236090	3089.428791	3.022899	-0.010605	2.982072
48.428116	3094.547780	3.027904	-0.010651	2.984288
48.389730	3099.493370	3.032909	-0.010643	2.986400
48.424443	3104.630470	3.037914	-0.010651	2.988601
48.426990	3109.928908	3.042918	-0.010653	2.990865
48.531595	3115.151084	3.047923	-0.010678	2.993108
48.481985	3120.220579	3.052928	-0.010667	2.995265
48.481855	3125.095032	3.057933	-0.010667	2.997343
48.535032	3130.278755	3.062938	-0.010680	2.999558
48.594475	3135.421270	3.067942	-0.010695	3.001755
48.644778	3140.586326	3.072947	-0.010707	3.003958
48.616310	3145.568211	3.077952	-0.010701	3.006073
48.755821	3150.613212	3.082957	-0.010735	3.008233
48.930311	3155.913141	3.087962	-0.010777	3.010504
48.939171	3161.219237	3.092966	-0.010780	3.012756
48.929218	3166.354127	3.097971	-0.010778	3.014931
48.923343	3171.277745	3.102976	-0.010777	3.017016
48.914366	3176.431414	3.107981	-0.010775	3.019196
49.153916	3181.573795	3.112986	-0.010833	3.021400
49.067879	3186.749401	3.117990	-0.010813	3.023577
49.156335	3191.738832	3.122995	-0.010834	3.025695
49.271774	3196.763383	3.128000	-0.010862	3.027830
49.192256	3202.035464	3.133005	-0.010844	3.030044
49.277202	3207.361966	3.138010	-0.010865	3.032299
49.308811	3212.470974	3.143014	-0.010873	3.034455
49.424894	3217.372034	3.148019	-0.010901	3.036531
49.473638	3222.506395	3.153024	-0.010913	3.038696
49.515242	3227.676178	3.158029	-0.010923	3.040874
49.564807	3232.840747	3.163034	-0.010936	3.043048
49.778468	3237.793861	3.168038	-0.010987	3.045152
49.741794	3242.849302	3.173043	-0.010979	3.047268
49.550664	3248.126849	3.178048	-0.010934	3.049457
49.824728	3253.502424	3.183053	-0.011000	3.051741
49.764343	3258.698580	3.188058	-0.010986	3.053908
49.683918	3263.611271	3.193062	-0.010967	3.055953
49.732422	3268.762270	3.198067	-0.010979	3.058111
49.847956	3273.871926	3.203072	-0.011007	3.060258
49.937778	3278.993189	3.208077	-0.011029	3.062406
49.964636	3284.100554	3.213082	-0.011036	3.064539
49.987478	3289.042492	3.218086	-0.011042	3.066601
50.150352	3294.188490	3.223091	-0.011081	3.068763
50.301593	3299.528325	3.228096	-0.011118	3.071003
50.393912	3304.655055	3.233101	-0.011140	3.073146
50.177557	3309.729022	3.238106	-0.011089	3.075229
50.370095	3314.712970	3.243110	-0.011135	3.077321
50.285911	3319.933576	3.248115	-0.011116	3.079478
50.381583	3325.090952	3.253120	-0.011139	3.081627
50.397388	3330.235853	3.258125	-0.011143	3.083761
50.357603	3335.201510	3.263130	-0.011134	3.085813
50.694478	3340.195095	3.268134	-0.011215	3.087919
50.725285	3345.571413	3.273139	-0.011223	3.090145
50.706743	3350.901148	3.278144	-0.011219	3.092346
50.811812	3355.977111	3.283149	-0.011245	3.094454
50.944729	3360.852819	3.288154	-0.011277	3.096482
50.992324	3365.982722	3.293158	-0.011289	3.098603
51.027272	3371.170452	3.298163	-0.011298	3.100745
51.122167	3376.307187	3.303168	-0.011321	3.102871
51.112186	3381.342343	3.308173	-0.011319	3.104942
51.104599	3386.393098	3.313178	-0.011317	3.107019
51.012172	3391.613652	3.318182	-0.011296	3.109154
51.061446	3396.963398	3.323187	-0.011308	3.111357
51.112941	3402.105565	3.328192	-0.011321	3.113473
51.247481	3407.015774	3.333197	-0.011354	3.115502
51.206113	3412.160127	3.338202	-0.011344	3.117606
51.379224	3417.279736	3.343206	-0.011386	3.119723
51.487958	3422.397848	3.348211	-0.011412	3.121830
51.535100	3427.512093	3.353216	-0.011424	3.123928
51.625545	3432.447439	3.358221	-0.011446	3.125955
51.711466	3437.612036	3.363226	-0.011467	3.128075
51.635070	3442.972712	3.368230	-0.011449	3.130255
51.593876	3448.247740	3.373235	-0.011440	3.132402
51.693709	3453.244560	3.378240	-0.011464	3.134450
51.741508	3458.171675	3.383245	-0.011476	3.136463
51.832299	3463.347066	3.388250	-0.011498	3.138580
51.917222	3468.496907	3.393254	-0.011519	3.140685
52.067640	3473.629872	3.398259	-0.011556	3.142789
52.001970	3478.609165	3.403264	-0.011540	3.144805
52.073187	3483.655424	3.408269	-0.011558	3.146862
52.238955	3488.858293	3.413274	-0.011598	3.148992
52.198749	3494.187687	3.418278	-0.011589	3.151149
52.197087	3499.359058	3.423283	-0.011589	3.153244
52.227310	3504.293752	3.428288	-0.011596	3.155246
52.334841	3509.397078	3.433293	-0.011623	3.157323
52.236235	3514.602143	3.438298	-0.011600	3.159418
52.232985	3519.765113	3.443302	-0.011599	3.161504
52.195299	3524.933211	3.448307	-0.011591	3.163587
52.310852	3529.778715	3.453312	-0.011619	3.165556
52.410625	3534.932759	3.458317	-0.011643	3.167646
52.504242	3540.370831	3.463322	-0.011666	3.169849
52.516133	3545.592464	3.468326	-0.011669	3.171954
52.626630	3550.657917	3.473331	-0.011696	3.174005
52.767888	3555.575447	3.478336	-0.011730	3.175999
52.730473	3560.728314	3.483341	-0.011722	3.178067
52.804114	3565.938869	3.488346	-0.011740	3.180169
52.804004	3571.065730	3.493350	-0.011740	3.182227
52.983038	3576.042684	3.498355	-0.011784	3.184244
52.944235	3581.080015	3.503360	-0.011775	3.186260
52.969871	3586.247868	3.508365	-0.011781	3.188334
53.097414	3591.630684	3.513370	-0.011812	3.190504
53.044692	3596.785465	3.518374	-0.011800	3.192561
53.124562	3601.774679	3.523379	-0.011820	3.194565
53.155844	3606.806858	3.528384	-0.011828	3.196580
53.210417	3611.993017	3.533389	-0.011841	3.198658
53.308046	3617.125480	3.538394	-0.011865	3.200718
53.358134	3622.279702	3.543398	-0.011877	3.202779
53.353898	3627.263264	3.548403	-0.011877	3.204766
53.329311	3632.336173	3.553408	-0.011871	3.206785
53.436432	3637.631378	3.558413	-0.011898	3.208905
53.357538	3642.991620	3.563418	-0.011879	3.211029
53.531150	3648.095240	3.568422	-0.011921	3.213078
53.470318	3652.955391	3.573427	-0.011907	3.215003
53.639816	3658.057122	3.578432	-0.011948	3.217047
53.754222	3663.207784	3.583437	-0.011976	3.219104
53.883307	3668.345216	3.588442	-0.012007	3.221156
53.859464	3673.470656	3.593446	-0.012002	3.223185
53.872539	3678.383587	3.598451	-0.012005	3.225133
54.032157	3683.535132	3.603456	-0.012044	3.227190
54.162444	3688.795830	3.608461	-0.012076	3.229285
54.156355	3694.089739	3.613466	-0.012075	3.231378
54.115426	3699.191800	3.618470	-0.012065	3.233390
54.230332	3704.050146	3.623475	-0.012093	3.235321
54.205758	3709.247372	3.628480	-0.012088	3.237369
54.213834	3714.391567	3.633485	-0.012090	3.239399
54.180793	3719.625337	3.638490	-0.012083	3.241459
54.202010	3724.644858	3.643494	-0.012088	3.243439
54.300779	3729.597391	3.648499	-0.012112	3.245399
54.322452	3734.729275	3.653504	-0.012118	3.247420
54.386703	3740.245259	3.658509	-0.012134	3.249596
54.483608	3745.431923	3.663514	-0.012158	3.251644
54.525271	3750.472128	3.668518	-0.012168	3.253628
54.612193	3755.393459	3.673523	-0.012189	3.255569
54.594375	3760.563245	3.678528	-0.012185	3.257595
54.659326	3765.703671	3.683533	-0.012201	3.259616
54.801281	3770.888840	3.688538	-0.012236	3.261663
54.705604	3775.874606	3.693542	-0.012213	3.263605
54.775200	3780.905212	3.698547	-0.012230	3.265580
54.920684	3786.008014	3.703552	-0.012266	3.267591
54.826353	3791.486699	3.708557	-0.012244	3.269722
54.948125	3796.588817	3.713562	-0.012273	3.271727
54.897790	3801.608121	3.718566	-0.012262	3.273681
55.101983	3806.510318	3.723571	-0.012311	3.275614
55.085576	3811.629852	3.728576	-0.012307	3.277608
55.025211	3816.879665	3.733581	-0.012293	3.279647
55.164436	3821.977574	3.738586	-0.012327	3.281647
55.106186	3827.032619	3.743590	-0.012314	3.283608
55.272339	3832.016361	3.748595	-0.012354	3.285563
55.377402	3837.160846	3.753600	-0.012379	3.287573
55.310508	3842.751542	3.758605	-0.012364	3.289738
55.534028	3847.843735	3.763610	-0.012418	3.291737
55.440788	3852.880927	3.768614	-0.012396	3.293682
55.535316	3857.858217	3.773619	-0.012419	3.295621
55.401528	3863.070862	3.778624	-0.012388	3.297627
55.477996	3868.237198	3.783629	-0.012406	3.299635
55.586933	3873.344825	3.788634	-0.012433	3.301623
55.678404	3878.342322	3.793638	-0.012455	3.303565
55.689661	3883.330148	3.798643	-0.012458	3.305494
55.724366	3888.541030	3.803648	-0.012467	3.307511
55.806547	3893.964977	3.808653	-0.012487	3.309613
55.907593	3899.083865	3.813658	-0.012512	3.311598
56.004454	3904.077387	3.818662	-0.012535	3.313534
55.994788	3909.062357	3.823667	-0.012534	3.315454
56.008442	3914.231350	3.828672	-0.012537	3.317446
56.113055	3919.366418	3.833677	-0.012563	3.319433
56.062982	3924.582837	3.838682	-0.012551	3.321435
56.212814	3929.516430	3.843686	-0.012588	3.323347
56.216426	3934.536238	3.848691	-0.012589	3.325276
56.268837	3939.720933	3.853696	-0.012602	3.327272
56.305138	3945.238524	3.858701	-0.012611	3.329393
56.232096	3950.440773	3.863706	-0.012594	3.331381
56.453077	3955.332331	3.868710	-0.012647	3.333278
56.565498	3960.370306	3.873715	-0.012675	3.335219
56.472058	3965.570687	3.878720	-0.012653	3.337201
56.452983	3970.707210	3.883725	-0.012649	3.339164
56.653522	3975.818382	3.888730	-0.012697	3.341139
56.702635	3980.843360	3.893734	-0.012709	3.343064
56.732200	3985.844502	3.898739	-0.012717	3.344977
56.622857	3991.075615	3.903744	-0.012691	3.346963
56.807125	3996.417716	3.908749	-0.012736	3.349020
56.789611	4001.617078	3.913754	-0.012732	3.351000
56.885660	4006.630732	3.918758	-0.012755	3.352920
56.801898	4011.640306	3.923763	-0.012736	3.354820
56.903984	4016.745119	3.928768	-0.012761	3.356773
56.960773	4021.963325	3.933773	-0.012775	3.358763
57.215797	4027.052262	3.938778	-0.012836	3.360723
57.109731	4032.167223	3.943782	-0.012811	3.362656
57.101140	4037.124720	3.948787	-0.012810	3.364538
57.146898	4042.257577	3.953792	-0.012821	3.366490
57.377670	4047.690922	3.958797	-0.012877	3.368574
57.338865	4052.957531	3.963802	-0.012868	3.370567
57.296857	4058.079688	3.968806	-0.012858	3.372503
57.308701	4062.958952	3.973811	-0.012861	3.374351
57.279619	4068.105747	3.978816	-0.012855	3.376296
57.360083	4073.274021	3.983821	-0.012875	3.378259
57.557807	4078.452804	3.988826	-0.012922	3.380235
57.534983	4083.554867	3.993830	-0.012917	3.382160
57.550696	4088.446315	3.998835	-0.012922	3.384009
57.509739	4093.608433	4.003840	-0.012912	3.385952
57.763521	4098.840164	4.008845	-0.012973	3.387950
57.833426	4104.102137	4.013850	-0.012991	3.389940
57.747227	4109.314070	4.018854	-0.012970	3.391895
57.889888	4114.147709	4.023859	-0.013005	3.393728
57.954369	4119.261600	4.028864	-0.013021	3.395659
58.016864	4124.424619	4.033869	-0.013036	3.397606
58.022943	4129.605242	4.038874	-0.013038	3.399554
57.983035	4134.769152	4.043878	-0.013029	3.401489
57.994766	4139.702159	4.048883	-0.013032	3.403342
58.008229	4144.838844	4.053888	-0.013036	3.405271
58.065705	4150.047017	4.058893	-0.013050	3.407229
58.120165	4155.475660	4.063898	-0.013064	3.409269
58.251261	4160.618445	4.068902	-0.013096	3.411208
58.143497	4165.613969	4.073907	-0.013070	3.413067
58.246819	4170.632824	4.078912	-0.013095	3.414955
58.492847	4175.742135	4.083917	-0.013155	3.416889
58.468384	4180.926681	4.088922	-0.013149	3.418824
58.450637	4186.070615	4.093926	-0.013146	3.420743
58.552507	4191.087898	4.098931	-0.013170	3.422626
58.664242	4196.037638	4.103936	-0.013198	3.424483
58.661023	4201.239963	4.108941	-0.013197	3.426422
58.645579	4206.666268	4.113946	-0.013194	3.428443
58.661084	4211.850505	4.118950	-0.013198	3.430375
58.668932	4216.911269	4.123955	-0.013200	3.432260
58.811626	4221.737886	4.128960	-0.013235	3.434069
58.848825	4226.841104	4.133965	-0.013244	3.435970
58.919671	4232.016686	4.138970	-0.013262	3.437900
58.892675	4237.186654	4.143974	-0.013256	3.439817
58.963666	4242.345323	4.148979	-0.013273	3.441739
59.066548	4247.179702	4.153984	-0.013298	3.443542
58.932564	4252.372908	4.158989	-0.013267	3.445455
59.099017	4257.769323	4.163994	-0.013307	3.447471
59.174033	4263.094535	4.168998	-0.013325	3.449450
59.151281	4268.273182	4.174003	-0.013320	3.451365
59.166157	4273.168207	4.179008	-0.013324	3.453177
59.328337	4278.208934	4.184013	-0.013364	3.455056
59.361495	4283.425672	4.189018	-0.013372	3.456987
59.248392	4288.594713	4.194022	-0.013345	3.458886
59.368010	4293.717368	4.199027	-0.013375	3.460788
59.501312	4298.678576	4.204032	-0.013407	3.462631
59.469063	4303.681255	4.209037	-0.013400	3.464472
59.469096	4308.914774	4.214042	-0.013400	3.466401
59.704600	4314.264255	4.219046	-0.013457	3.468394
59.672420	4319.431329	4.224051	-0.013450	3.470293
59.866054	4324.441974	4.229056	-0.013496	3.472154
59.754437	4329.419980	4.234061	-0.013470	3.473974
59.735346	4334.623463	4.239066	-0.013466	3.475885
59.810254	4339.788943	4.244070	-0.013484	3.477790
59.764126	4344.928440	4.249075	-0.013474	3.479672
59.959562	4350.011162	4.254080	-0.013521	3.481555
59.664372	4354.974942	4.259085	-0.013451	3.483348
59.899938	4360.109190	4.264090	-0.013508	3.485252
60.045852	4365.460833	4.269094	-0.013543	3.487226
59.973035	4370.822286	4.274099	-0.013526	3.489182
60.087088	4375.976464	4.279104	-0.013554	3.491079
60.049921	4380.854927	4.284109	-0.013545	3.492860
60.127319	4385.961502	4.289114	-0.013564	3.494734
60.233154	4391.089310	4.294118	-0.013590	3.496617
60.332988	4396.215451	4.299123	-0.013614	3.498498
60.218385	4401.414730	4.304128	-0.013587	3.500385
60.291339	4406.413671	4.309133	-0.013605	3.502215
60.417442	4411.426703	4.314138	-0.013636	3.504054
60.497541	4416.592843	4.319142	-0.013656	3.505944
60.534461	4422.010201	4.324147	-0.013665	3.507920
60.690209	4427.150199	4.329152	-0.013703	3.509805
60.586881	4432.252569	4.334157	-0.013678	3.511652
60.704521	4437.172362	4.339162	-0.013707	3.513451
60.731825	4442.299590	4.344166	-0.013714	3.515317
60.753451	4447.489443	4.349171	-0.013720	3.517204
60.811936	4452.630689	4.354176	-0.013734	3.519076
60.822368	4457.786744	4.359181	-0.013737	3.520947
60.950217	4462.689627	4.364186	-0.013768	3.522737
60.874197	4467.814137	4.369190	-0.013750	3.524587
60.826016	4473.148133	4.374195	-0.013739	3.526515
60.948472	4478.592411	4.379200	-0.013769	3.528497
61.005392	4483.721330	4.384205	-0.013783	3.530358
61.107054	4488.708817	4.389210	-0.013808	3.532171
61.104515	4493.667057	4.394214	-0.013808	3.533963
61.151929	4498.854763	4.399219	-0.013819	3.535842
61.167037	4504.050716	4.404224	-0.013823	3.537719
61.220514	4509.155063	4.409229	-0.013837	3.539566
61.369753	4514.212246	4.414234	-0.013873	3.541404
61.432652	4519.131654	4.419238	-0.013888	3.543183
61.460108	4524.272973	4.424243	-0.013895	3.545038
61.534366	4529.645527	4.429248	-0.013914	3.546980
61.552926	4534.867472	4.434253	-0.013919	3.548861
61.668063	4539.973562	4.439258	-0.013947	3.550708
61.516062	4544.870848	4.444262	-0.013911	3.552456
61.569171	4550.017557	4.449267	-0.013924	3.554310
61.625511	4555.222679	4.454272	-0.013938	3.556185
61.710329	4560.285201	4.459277	-0.013958	3.558010
61.734366	4565.529910	4.464282	-0.013965	3.559894
61.768662	4570.504069	4.469286	-0.013973	3.561681
61.821069	4575.474508	4.474291	-0.013986	3.563468
61.891265	4580.670539	4.479296	-0.014004	3.565335
61.959100	4586.107108	4.484301	-0.014020	3.567288
62.049646	4591.322927	4.489306	-0.014042	3.569163
61.948767	4596.539092	4.494310	-0.014019	3.571020
61.922284	4601.356112	4.499315	-0.014013	3.572740
62.078391	4606.519205	4.504320	-0.014051	3.574599
62.203313	4611.607935	4.509325	-0.014081	3.576427
62.202519	4616.802941	4.514330	-0.014081	3.578282
62.095001	4621.981446	4.519334	-0.014056	3.580120
62.186796	4626.959328	4.524339	-0.014078	3.581903
62.343243	4631.953584	4.529344	-0.014116	3.583697
62.378419	4637.105606	4.534349	-0.014125	3.585536
62.391321	4642.573597	4.539354	-0.014129	3.587484
62.490519	4647.697791	4.544358	-0.014153	3.589316
62.476912	4652.828667	4.549363	-0.014150	3.591140
62.622311	4657.649030	4.554368	-0.014185	3.592867
62.527335	4662.851548	4.559373	-0.014163	3.594707
62.559696	4668.048302	4.564378	-0.014171	3.596556
62.657211	4673.184254	4.569382	-0.014195	3.598387
62.684146	4678.329602	4.574387	-0.014202	3.600215
62.518126	4683.327606	4.579392	-0.014163	3.601973
62.725680	4688.349263	4.584397	-0.014213	3.603771
62.854992	4693.558372	4.589402	-0.014244	3.605628
62.744721	4699.134863	4.594406	-0.014218	3.607593
62.969504	4704.242395	4.599411	-0.014272	3.609420
63.017203	4709.152214	4.604416	-0.014284	3.611161
62.967550	4714.096146	4.609421	-0.014273	3.612904
63.012769	4719.226069	4.614426	-0.014284	3.614721
63.124651	4724.416591	4.619430	-0.014311	3.616564
63.150745	4729.560840	4.624435	-0.014318	3.618382
63.230546	4734.706101	4.629440	-0.014338	3.620204
63.110968	4739.609461	4.634445	-0.014309	3.621923
63.255928	4744.710262	4.639450	-0.014344	3.623734
63.253358	4749.895660	4.644454	-0.014344	3.625560
63.340283	4755.288040	4.649459	-0.014366	3.627467
63.222739	4760.539566	4.654464	-0.014338	3.629305
63.372684	4765.523659	4.659469	-0.014374	3.631071
63.371896	4770.475785	4.664474	-0.014374	3.632812
63.598844	4775.603376	4.669478	-0.014429	3.634634
63.573039	4780.764706	4.674483	-0.014424	3.636444
63.583275	4785.941208	4.679488	-0.014426	3.638263
63.592598	4791.078697	4.684493	-0.014429	3.640066
63.765097	4795.960195	4.689498	-0.014471	3.641793
63.773554	4801.093999	4.694502	-0.014473	3.643593
63.887020	4806.250393	4.699507	-0.014501	3.645410
66.818499	4811.106164	4.704512	-0.015203	3.647359
67.106619	4816.177966	4.709517	-0.015272	3.649158
67.028213	4821.263236	4.714522	-0.015254	3.650931
67.135739	4826.127452	4.719526	-0.015280	3.652640
66.958308	4831.366520	4.724531	-0.015238	3.654457
67.082979	4836.541541	4.729536	-0.015268	3.656275
67.194853	4841.633722	4.734541	-0.015295	3.658062
67.282451	4846.787078	4.739546	-0.015317	3.659868
67.160052	4851.761688	4.744550	-0.015288	3.661593
67.345572	4856.817674	4.749555	-0.015333	3.663371
67.533936	4861.941815	4.754560	-0.015378	3.665172
67.505115	4867.378963	4.759565	-0.015372	3.667064
67.466399	4872.597916	4.764570	-0.015363	3.668877
67.475118	4877.689579	4.769574	-0.015365	3.670650
67.547722	4882.561860	4.774579	-0.015383	3.672350
67.691452	4887.691558	4.779584	-0.015418	3.674145
67.615208	4892.868453	4.784589	-0.015400	3.675938
67.711147	4898.074938	4.789594	-0.015424	3.677754
67.833890	4903.184050	4.794598	-0.015454	3.679537
67.837187	4908.106448	4.799603	-0.015455	3.681245
67.905024	4913.204801	4.804608	-0.015471	3.683019
67.910586	4918.338541	4.809613	-0.015473	3.684799
67.912716	4923.937101	4.814618	-0.015474	3.686739
68.055891	4929.053092	4.819622	-0.015509	3.688522
67.886511	4934.250710	4.824627	-0.015469	3.690307
67.977635	4939.091653	4.829632	-0.015491	3.691989
67.932735	4944.231878	4.834637	-0.015481	3.693763
68.022764	4949.386684	4.839642	-0.015503	3.695551
67.993964	4954.567795	4.844646	-0.015496	3.697339
68.077269	4959.694875	4.849651	-0.015517	3.699116
68.174073	4964.692746	4.854656	-0.015540	3.700849
68.226013	4969.685553	4.859661	-0.015553	3.702575
68.367079	4974.849735	4.864666	-0.015587	3.704367
68.314891	4980.209164	4.869670	-0.015575	3.706210
68.430160	4985.370114	4.874675	-0.015603	3.707997
68.379063	4990.648346	4.879680	-0.015592	3.709810
68.436958	4995.428678	4.884685	-0.015606	3.711459
68.513279	5000.554515	4.889690	-0.015625	3.713229
68.576616	5005.740400	4.894694	-0.015640	3.715016
68.619545	5010.924548	4.899699	-0.015651	3.716801
68.593998	5016.091941	4.904704	-0.015645	3.718574
68.643453	5021.156731	4.909709	-0.015658	3.720317
68.668351	5026.068632	4.914714	-0.015664	3.722004
68.709193	5031.216642	4.919718	-0.015674	3.723773
68.709535	5036.627181	4.924723	-0.015675	3.725628
68.899706	5041.905406	4.929728	-0.015721	3.727452
68.886292	5047.051007	4.934733	-0.015718	3.729213
69.122197	5051.994324	4.939738	-0.015775	3.730924
69.018014	5057.062984	4.944742	-0.015750	3.732650
68.967609	5062.227213	4.949747	-0.015739	3.734412
69.187284	5067.398840	4.954752	-0.015792	3.736197
69.097432	5072.537033	4.959757	-0.015771	3.737946
69.215552	5077.669875	4.964762	-0.015800	3.739708
69.134512	5082.564701	4.969766	-0.015781	3.741372
69.161063	5087.698176	4.974771	-0.015787	3.743126
69.257887	5092.885341	4.979776	-0.015811	3.744903
69.299853	5098.279336	4.984781	-0.015822	3.746745
69.344920	5103.512123	4.989786	-0.015833	3.748531
69.499012	5108.450458	4.994790	-0.015870	3.750225
69.469275	5113.378150	4.999795	-0.015863	3.751900
69.690047	5118.561483	5.004800	-0.015917	3.753681
69.555186	5123.753377	5.009805	-0.015885	3.755436
69.750960	5128.898864	5.014810	-0.015932	3.757201
69.707138	5134.099123	5.019814	-0.015922	3.758964
69.831519	5138.939784	5.024819	-0.015952	3.760618
69.671988	5144.100920	5.029824	-0.015915	3.762357
69.810606	5149.186582	5.034829	-0.015948	3.764093
69.915238	5154.790861	5.039834	-0.015974	3.766002
69.775987	5160.063268	5.044838	-0.015941	3.767778
69.849210	5165.169753	5.049843	-0.015959	3.769514
70.027976	5169.970049	5.054848	-0.016002	3.771154
69.927896	5175.081801	5.059853	-0.015979	3.772876
70.038519	5180.313020	5.064858	-0.016005	3.774655
70.058950	5185.455039	5.069862	-0.016011	3.776395
70.084342	5190.608447	5.074867	-0.016017	3.778139
70.214883	5195.655744	5.079872	-0.016049	3.779855
70.153863	5200.555618	5.084877	-0.016035	3.781505
70.314119	5205.745831	5.089882	-0.016074	3.783269
70.273141	5211.043439	5.094886	-0.016064	3.785054
70.284598	5216.344357	5.099891	-0.016068	3.786842
70.455861	5221.525588	5.104896	-0.016109	3.788602
70.249394	5226.499116	5.109901	-0.016060	3.790262
70.304978	5231.509698	5.114906	-0.016074	3.791954
70.485030	5236.649632	5.119910	-0.016117	3.793698
70.426295	5241.865674	5.124915	-0.016104	3.795448
70.552735	5246.999603	5.129920	-0.016134	3.797185
70.592260	5252.124381	5.134925	-0.016144	3.798911
70.642241	5257.120846	5.139930	-0.016157	3.800593
70.714402	5262.084682	5.144934	-0.016174	3.802266
70.553564	5267.344339	5.149939	-0.016136	3.804019
70.701230	5272.755017	5.154944	-0.016172	3.805846
70.769006	5277.890643	5.159949	-0.016189	3.807574
70.812144	5283.101351	5.164954	-0.016200	3.809324
70.932987	5287.846529	5.169958	-0.016229	3.810924
70.826256	5292.993708	5.174963	-0.016204	3.812640
70.815964	5298.254421	5.179968	-0.016202	3.814400
70.889508	5303.374233	5.184973	-0.016220	3.816119
70.995750	5308.530897	5.189978	-0.016246	3.817852
70.976847	5313.642947	5.194982	-0.016242	3.819560
70.995919	5318.486023	5.199987	-0.016247	3.821180
71.083468	5323.684737	5.204992	-0.016268	3.822923
70.978689	5328.981259	5.209997	-0.016244	3.824684
71.330542	5334.230124	5.215002	-0.016328	3.826462
71.219420	5339.444987	5.220006	-0.016302	3.828193
71.244339	5344.437267	5.225011	-0.016308	3.829860
71.418779	5349.389193	5.230016	-0.016351	3.831524
71.449462	5354.545758	5.235021	-0.016358	3.833244
71.338512	5359.737854	5.240026	-0.016332	3.834964
71.373707	5364.935553	5.245030	-0.016341	3.836697
71.477852	5370.013862	5.250035	-0.016367	3.838395
71.617491	5375.043188	5.255040	-0.016400	3.840078
71.704157	5379.994747	5.260045	-0.016422	3.841730
71.746832	5385.228193	5.265050	-0.016432	3.843472
71.917433	5390.633383	5.270054	-0.016474	3.845280
71.908531	5395.884356	5.275059	-0.016472	3.847023
72.007311	5400.995646	5.280064	-0.016496	3.848726
71.855875	5405.933382	5.285069	-0.016460	3.850352
72.000933	5410.952933	5.290074	-0.016495	3.852027
71.974928	5416.183070	5.295078	-0.016490	3.853758
71.973567	5421.302495	5.300083	-0.016490	3.855454
71.952044	5426.560778	5.305088	-0.016485	3.857193
71.988030	5431.634803	5.310093	-0.016494	3.858875
72.034676	5436.459425	5.315098	-0.016506	3.860474
72.077785	5441.599461	5.320102	-0.016516	3.862177
72.112041	5446.796689	5.325107	-0.016525	3.863897
72.111467	5452.268774	5.330112	-0.016525	3.865705
72.235312	5457.376817	5.335117	-0.016555	3.867401
72.344965	5462.451550	5.340122	-0.016582	3.869084
72.475755	5467.315538	5.345126	-0.016614	3.870698
72.385806	5472.468934	5.350131	-0.016593	3.872391
72.457062	5477.665992	5.355136	-0.016610	3.874109
72.506563	5482.836150	5.360141	-0.016623	3.875816
72.608281	5487.940935	5.365146	-0.016647	3.877505
72.669828	5493.023795	5.370150	-0.016663	3.879183
72.560170	5497.877763	5.375155	-0.016637	3.880772
72.667339	5503.103756	5.380160	-0.016663	3.882499
72.546288	5508.445932	5.385165	-0.016634	3.884246
72.685090	5513.914738	5.390170	-0.016668	3.886054
72.768539	5519.025850	5.395174	-0.016689	3.887738
72.718531	5524.072042	5.400179	-0.016677	3.889392
72.827863	5529.025754	5.405184	-0.016704	3.891025
72.874003	5534.091844	5.410189	-0.016715	3.892691
72.989851	5539.314069	5.415194	-0.016743	3.894411
72.878407	5544.492178	5.420198	-0.016717	3.896100
73.005377	5549.638392	5.425203	-0.016748	3.897796
72.971226	5554.656878	5.430208	-0.016740	3.899437
72.932793	5559.645029	5.435213	-0.016731	3.901067
72.973788	5564.819896	5.440218	-0.016742	3.902763
73.124895	5570.110022	5.445222	-0.016778	3.904504
73.141131	5575.408670	5.450227	-0.016783	3.906237
73.096058	5580.507324	5.455232	-0.016772	3.907900
73.273338	5585.484181	5.460237	-0.016815	3.909539
73.432391	5590.477753	5.465242	-0.016854	3.911180
73.459452	5595.612794	5.470246	-0.016861	3.912858
73.381628	5600.826907	5.475251	-0.016842	3.914553
73.432374	5605.983161	5.480256	-0.016855	3.916238
73.530425	5611.119682	5.485261	-0.016879	3.917920
73.658164	5616.056338	5.490266	-0.016910	3.919537
73.666969	5621.080833	5.495270	-0.016912	3.921174
73.743199	5626.257525	5.500275	-0.016931	3.922864
73.741066	5631.806011	5.505280	-0.016931	3.924670
73.714096	5637.107124	5.510285	-0.016925	3.926392
73.785518	5642.243796	5.515290	-0.016943	3.928067
73.663942	5647.186920	5.520294	-0.016914	3.929664
73.805457	5652.202853	5.525299	-0.016948	3.931304
73.898718	5657.321003	5.530304	-0.016971	3.932972
73.840580	5662.559357	5.535309	-0.016958	3.934668
73.977848	5667.683803	5.540314	-0.016991	3.936340
74.063421	5672.799692	5.545318	-0.017012	3.938005
74.004937	5677.745185	5.550323	-0.016998	3.939604
74.191095	5682.797968	5.555328	-0.017043	3.941254
74.184583	5687.904862	5.560333	-0.017042	3.942907
74.148250	5693.426551	5.565338	-0.017034	3.944692
74.127414	5698.596040	5.570342	-0.017029	3.946363
74.181296	5703.707897	5.575347	-0.017043	3.948021
74.219398	5708.649586	5.580352	-0.017052	3.949621
74.261807	5713.661919	5.585357	-0.017063	3.951244
74.454235	5718.810751	5.590362	-0.017109	3.952921
74.404294	5724.052526	5.595366	-0.017098	3.954610
74.577955	5729.123842	5.600371	-0.017140	3.956259
74.593045	5734.323900	5.605376	-0.017144	3.957937
74.630591	5739.198825	5.610381	-0.017153	3.959512
74.530745	5744.300366	5.615386	-0.017130	3.961150
74.566332	5749.459750	5.620390	-0.017139	3.962815
74.650563	5755.015013	5.625395	-0.017160	3.964610
74.715951	5760.251986	5.630400	-0.017176	3.966300
74.647241	5765.459250	5.635405	-0.017160	3.967971
74.775400	5770.298741	5.640410	-0.017191	3.969537
74.803870	5775.362870	5.645414	-0.017198	3.971167
74.810452	5780.494076	5.650419	-0.017200	3.972817
74.809793	5785.708689	5.655424	-0.017200	3.974492
74.898323	5790.824480	5.660429	-0.017222	3.976141
75.006616	5795.988725	5.665434	-0.017248	3.977806
75.055952	5800.912969	5.670438	-0.017261	3.979390
75.063330	5805.936867	5.675443	-0.017263	3.981002
75.130520	5811.111540	5.680448	-0.017279	3.982665
75.200720	5816.551809	5.685453	-0.017297	3.984414
75.247689	5821.690494	5.690458	-0.017308	3.986063
75.295610	5826.899382	5.695462	-0.017320	3.987734
75.374406	5831.803319	5.700467	-0.017340	3.989309
75.343414	5836.865635	5.705472	-0.017333	3.990927
75.459106	5841.961839	5.710477	-0.017361	3.992565
75.469031	5847.256833	5.715482	-0.017364	3.994258
75.342005	5852.411569	5.720486	-0.017334	3.995897
75.433079	5857.499940	5.725491	-0.017356	3.997528
75.652793	5862.439529	5.730496	-0.017409	3.999120
75.601500	5867.484409	5.735501	-0.017397	4.000727
75.668719	5872.651685	5.740506	-0.017414	4.002380
75.685941	5878.198082	5.745510	-0.017418	4.004150
75.752854	5883.460014	5.750515	-0.017435	4.005832
75.731089	5888.603042	5.755520	-0.017430	4.007469
75.826964	5893.445495	5.760525	-0.017453	4.009018
75.809426	5898.507358	5.765530	-0.017450	4.010628
75.682855	5903.739802	5.770534	-0.017420	4.012285
75.992586	5908.853568	5.775539	-0.017494	4.013932
75.994179	5913.979426	5.780544	-0.017495	4.015562
75.933533	5919.163887	5.785549	-0.017481	4.017206
75.924453	5924.161548	5.790554	-0.017479	4.018793
76.056882	5929.100511	5.795558	-0.017511	4.020371
76.099119	5934.254459	5.800563	-0.017522	4.022010
76.367493	5939.484357	5.805568	-0.017587	4.023688
76.257954	5944.798977	5.810573	-0.017561	4.025366
76.240641	5949.927739	5.815578	-0.017557	4.026991
76.209824	5954.919564	5.820582	-0.017550	4.028571
76.420100	5959.793097	5.825587	-0.017601	4.030129
76.414097	5965.023150	5.830592	-0.017600	4.031785
76.410343	5970.199634	5.835597	-0.017600	4.033424
76.406113	5975.339835	5.840602	-0.017599	4.035050
76.518355	5980.497887	5.845606	-0.017626	4.036689
76.592962	5985.516917	5.850611	-0.017645	4.038281
76.595983	5990.495810	5.855616	-0.017646	4.039855
76.664731	5995.637677	5.860621	-0.017663	4.041484
76.841586	6000.914017	5.865626	-0.017705	4.043162
76.871434	6006.373059	5.870630	-0.017713	4.044887
76.952467	6011.546528	5.875635	-0.017733	4.046525
76.836894	6016.605223	5.880640	-0.017706	4.048113
76.861215	6021.493728	5.885645	-0.017712	4.049656
76.821014	6026.651352	5.890650	-0.017703	4.051278
76.797943	6031.836164	5.895654	-0.017698	4.052910
76.841900	6037.012906	5.900659	-0.017709	4.054543
76.917866	6042.173109	5.905664	-0.017727	4.056173
77.050720	6047.225199	5.910669	-0.017760	4.057771
76.845507	6052.081352	5.915674	-0.017711	4.059285
77.090390	6057.330336	5.920678	-0.017770	4.060952
77.306686	6062.435548	5.925683	-0.017822	4.062570
77.265038	6067.949855	5.930688	-0.017813	4.064300
77.271639	6073.070550	5.935693	-0.017815	4.065908
77.274616	6078.243772	5.940698	-0.017816	4.067532
77.396263	6083.047890	5.945702	-0.017845	4.069048
77.524436	6088.115294	5.950707	-0.017877	4.070646
77.576474	6093.290293	5.955712	-0.017889	4.072272
77.441963	6098.513347	5.960717	-0.017858	4.073900
77.535935	6103.663799	5.965722	-0.017881	4.075519
77.460385	6108.866681	5.970726	-0.017863	4.077144
77.540057	6113.746948	5.975731	-0.017883	4.078677
77.581157	6118.809756	5.980736	-0.017893	4.080264
77.698114	6123.954577	5.985741	-0.017921	4.081881
77.757232	6129.482048	5.990746	-0.017936	4.083613
77.858949	6134.723261	5.995750	-0.017961	4.085257
77.951040	6139.898655	6.000755	-0.017983	4.086880
77.935092	6144.870611	6.005760	-0.017980	4.088432
77.828457	6149.875293	6.010765	-0.017955	4.089987
77.838500	6155.022731	6.015770	-0.017958	4.091594
77.988180	6160.217304	6.020774	-0.017994	4.093224
77.954783	6165.367833	6.025779	-0.017986	4.094828
77.983912	6170.522442	6.030784	-0.017994	4.096436
78.110858	6175.480426	6.035789	-0.018025	4.097989
77.949356	6180.435860	6.040794	-0.017986	4.099522
78.079931	6185.622556	6.045798	-0.018018	4.101145
78.218322	6190.850875	6.050803	-0.018052	4.102781
78.281205	6196.235455	6.055808	-0.018067	4.104460
78.417996	6201.420214	6.060813	-0.018100	4.106081
78.414853	6206.452088	6.065818	-0.018100	4.107645
78.522514	6211.324342	6.070822	-0.018126	4.109166
78.440920	6216.491792	6.075827	-0.018107	4.110765
78.490620	6221.689509	6.080832	-0.018120	4.112382
78.420069	6226.856681	6.085837	-0.018103	4.113981
78.531071	6232.031784	6.090842	-0.018130	4.115594
78.498050	6237.197267	6.095846	-0.018123	4.117194
78.491650	6242.014769	6.100851	-0.018122	4.118686
78.565624	6247.171223	6.105856	-0.018140	4.120289
78.706387	6252.312984	6.110861	-0.018174	4.121891
78.685660	6257.927597	6.115866	-0.018169	4.123628
78.721976	6263.087937	6.120870	-0.018179	4.125227
78.831360	6268.200005	6.125875	-0.018205	4.126816
78.854439	6273.122727	6.130880	-0.018211	4.128339
79.073288	6278.148655	6.135885	-0.018264	4.129907
79.025731	6283.343167	6.140890	-0.018253	4.131509
78.986197	6288.545115	6.145894	-0.018244	4.133114
79.088476	6293.650352	6.150899	-0.018269	4.134696
79.130539	6298.819431	6.155904	-0.018279	4.136295
79.157476	6303.798282	6.160909	-0.018286	4.137832
79.147701	6308.788496	6.165914	-0.018284	4.139371
79.239259	6313.957428	6.170918	-0.018307	4.140970
79.301469	6319.251891	6.175923	-0.018322	4.142606
79.400520	6324.597738	6.180928	-0.018346	4.144259
79.317947	6329.767684	6.185933	-0.018327	4.145846
79.509285	6334.768330	6.190938	-0.018373	4.147397
79.558272	6339.682082	6.195942	-0.018385	4.148912
79.701288	6344.814089	6.200947	-0.018420	4.150500
79.673908	6350.002949	6.205952	-0.018414	4.152094
79.564296	6355.230764	6.210957	-0.018388	4.153694
79.751935	6360.317061	6.215962	-0.018433	4.155268
79.776646	6365.529804	6.220966	-0.018440	4.156871
79.603558	6370.294316	6.225971	-0.018399	4.158323
79.630708	6375.529721	6.230976	-0.018406	4.159931
79.849243	6380.658295	6.235981	-0.018459	4.161518
79.874233	6386.275973	6.240986	-0.018465	4.163242
79.873041	6391.496854	6.245990	-0.018465	4.164843
79.897883	6396.594249	6.250995	-0.018472	4.166406
80.044887	6401.523194	6.256000	-0.018507	4.167925
80.073392	6406.497204	6.261005	-0.018514	4.169450
80.261954	6411.622448	6.266010	-0.018560	4.171030
80.295615	6416.844101	6.271014	-0.018569	4.172630
80.227840	6422.007482	6.276019	-0.018553	4.174205
80.287702	6427.162496	6.281024	-0.018568	4.175785
80.322006	6432.142739	6.286029	-0.018576	4.177309
80.341760	6437.039828	6.291034	-0.018581	4.178806
80.268323	6442.290668	6.296038	-0.018564	4.180405
80.407464	6447.447752	6.301043	-0.018598	4.181988
80.436489	6452.925610	6.306048	-0.018605	4.183662
80.525584	6458.083489	6.311053	-0.018627	4.185240
80.563450	6463.188040	6.316058	-0.018637	4.186799
80.575305	6468.024129	6.321062	-0.018640	4.188274
80.799652	6473.127990	6.326067	-0.018694	4.189843
80.823347	6478.277944	6.331072	-0.018700	4.191413
80.843927	6483.457123	6.336077	-0.018706	4.192991
80.792564	6488.645402	6.341082	-0.018694	4.194567
80.822108	6493.778461	6.346086	-0.018701	4.196131
80.804196	6498.702138	6.351091	-0.018697	4.197627
81.010772	6503.745228	6.356096	-0.018747	4.199173
80.971244	6508.915155	6.361101	-0.018738	4.200741
80.884154	6514.390408	6.366106	-0.018718	4.202400
80.972354	6519.740481	6.371110	-0.018740	4.204030
81.094007	6524.859724	6.376115	-0.018769	4.205591
81.064595	6529.937769	6.381120	-0.018763	4.207130
81.157301	6534.772168	6.386125	-0.018785	4.208602
81.196340	6539.928865	6.391130	-0.018795	4.210168
81.210632	6545.111960	6.396134	-0.018799	4.211740
81.333474	6550.280703	6.401139	-0.018829	4.213313
81.360449	6555.402303	6.406144	-0.018836	4.214866
81.418451	6560.552680	6.411149	-0.018850	4.216429
81.429353	6565.387228	6.416154	-0.018853	4.217893
81.382810	6570.544391	6.421158	-0.018842	4.219451
81.483098	6575.645622	6.426163	-0.018867	4.220999
81.454692	6581.141771	6.431168	-0.018860	4.222659
81.518558	6586.345019	6.436173	-0.018876	4.224236
81.578931	6591.523010	6.441178	-0.018891	4.225804
81.684453	6596.483142	6.446182	-0.018917	4.227308
81.684189	6601.464801	6.451187	-0.018917	4.228812
81.749980	6606.579104	6.456192	-0.018933	4.230359
81.890065	6611.710758	6.461197	-0.018967	4.231915
81.864548	6616.892314	6.466202	-0.018962	4.233476
81.869148	6622.128924	6.471206	-0.018963	4.235055
81.893513	6627.219581	6.476211	-0.018969	4.236590
81.873813	6632.098866	6.481216	-0.018965	4.238059
81.907513	6637.272207	6.486221	-0.018974	4.239619
81.856775	6642.426601	6.491226	-0.018962	4.241167
81.975298	6648.169399	6.496230	-0.018991	4.242902
82.118161	6653.233970	6.501235	-0.019025	4.244434
82.197149	6658.369980	6.506240	-0.019045	4.245983
82.088684	6663.292962	6.511245	-0.019019	4.247456
82.063490	6668.311582	6.516250	-0.019014	4.248962
82.243909	6673.492653	6.521254	-0.019057	4.250529
82.297014	6678.664030	6.526259	-0.019070	4.252085
82.363517	6683.838877	6.531264	-0.019087	4.253642
82.441900	6688.984194	6.536269	-0.019106	4.255190
82.489378	6693.965603	6.541274	-0.019118	4.256686
82.502948	6698.901190	6.546278	-0.019122	4.258167
82.551182	6704.066219	6.551283	-0.019134	4.259718
82.439625	6709.300548	6.556288	-0.019107	4.261279
82.633625	6714.722707	6.561293	-0.019154	4.262914
82.619783	6719.880503	6.566298	-0.019151	4.264457
82.540666	6725.103897	6.571302	-0.019133	4.266016
82.697388	6729.675103	6.576307	-0.019171	4.267392
82.716329	6734.750548	6.581312	-0.019176	4.268911
82.682081	6739.968629	6.586317	-0.019168	4.270469
82.765931	6745.135553	6.591322	-0.019189	4.272018
82.939520	6750.313240	6.596326	-0.019231	4.273575
82.837611	6755.462203	6.601331	-0.019207	4.275106
82.913087	6760.476368	6.606336	-0.019225	4.276607
82.941220	6765.383163	6.611341	-0.019232	4.278073
83.030772	6770.543655	6.616346	-0.019254	4.279618
83.143757	6775.786368	6.621350	-0.019282	4.281187
83.088744	6781.385907	6.626355	-0.019269	4.282853
83.217160	6786.511260	6.631360	-0.019300	4.284388
83.164439	6791.678407	6.636365	-0.019288	4.285924
83.320750	6796.481248	6.641370	-0.019326	4.287363
83.428543	6801.620243	6.646374	-0.019352	4.288898
83.410652	6806.714810	6.651379	-0.019348	4.290413
83.297064	6811.979567	6.656384	-0.019322	4.291973
83.508447	6817.089684	6.661389	-0.019373	4.293504
83.438073	6822.251206	6.666394	-0.019356	4.295034
83.430879	6827.287952	6.671398	-0.019355	4.296530
83.584348	6832.203345	6.676403	-0.019392	4.297999
83.569082	6837.366066	6.681408	-0.019389	4.299531
83.531101	6842.599117	6.686413	-0.019380	4.301082
83.644614	6848.031544	6.691418	-0.019408	4.302700
83.607548	6853.244058	6.696422	-0.019399	4.304244
83.758318	6858.309043	6.701427	-0.019436	4.305754
83.655568	6863.165792	6.706432	-0.019412	4.307187
83.738686	6868.300876	6.711437	-0.019432	4.308713
83.788040	6873.455797	6.716442	-0.019444	4.310243
83.986714	6878.644431	6.721446	-0.019492	4.311790
84.007626	6883.779976	6.726451	-0.019498	4.313311
83.951083	6888.982636	6.731456	-0.019485	4.314847
83.930187	6894.042087	6.736461	-0.019480	4.316342
84.116724	6898.904658	6.741466	-0.019525	4.317790
84.051205	6904.113339	6.746470	-0.019510	4.319326
84.129985	6909.300889	6.751475	-0.019529	4.320863
84.128404	6914.883967	6.756480	-0.019530	4.322512
84.105888	6920.072234	6.761485	-0.019525	4.324042
84.160551	6925.209727	6.766490	-0.019538	4.325561
84.335648	6929.991943	6.771494	-0.019580	4.326982
84.305490	6935.099143	6.776499	-0.019574	4.328486
84.316674	6940.303092	6.781504	-0.019577	4.330021
84.489931	6945.427642	6.786509	-0.019619	4.331541
84.670238	6950.529407	6.791514	-0.019662	4.333054
84.490966	6955.770324	6.796518	-0.019620	4.334587
84.485346	6960.812957	6.801523	-0.019619	4.336072
84.533606	6965.668987	6.806528	-0.019631	4.337503
84.548307	6970.848138	6.811533	-0.019635	4.339028
84.555775	6975.983747	6.816538	-0.019637	4.340538
84.504243	6981.599503	6.821542	-0.019625	4.342187
84.648633	6986.655941	6.826547	-0.019660	4.343680
84.598662	6991.844979	6.831552	-0.019649	4.345202
84.579073	6996.751586	6.836557	-0.019645	4.346642
84.622660	7001.803344	6.841562	-0.019655	4.348127
84.687368	7006.924204	6.846566	-0.019671	4.349634
84.918894	7012.078659	6.851571	-0.019727	4.351159
84.893674	7017.257116	6.856576	-0.019722	4.352676
85.063449	7022.408646	6.861581	-0.019763	4.354195
85.009009	7027.498121	6.866586	-0.019750	4.355684
85.033770	7032.382791	6.871590	-0.019756	4.357116
85.149469	7037.499593	6.876595	-0.019785	4.358621
85.122393	7042.653153	6.881600	-0.019779	4.360128
85.169306	7048.309080	6.886605	-0.019790	4.361786
85.145646	7053.518043	6.891610	-0.019785	4.363309
85.238251	7058.682792	6.896614	-0.019808	4.364824
85.297008	7063.593929	6.901619	-0.019822	4.366263
85.395130	7068.530429	6.906624	-0.019846	4.367711
85.382952	7073.698406	6.911629	-0.019844	4.369220
85.416399	7078.853348	6.916634	-0.019852	4.370728
85.453810	7084.053203	6.921638	-0.019862	4.372248
85.484982	7089.223927	6.926643	-0.019869	4.373758
85.613374	7094.360393	6.931648	-0.019901	4.375264
85.592028	7099.209246	6.936653	-0.019896	4.376677
85.578621	7104.309886	6.941658	-0.019893	4.378163
85.667586	7109.500622	6.946662	-0.019915	4.379681
85.645712	7114.876400	6.951667	-0.019910	4.381246
85.509796	7120.147384	6.956672	-0.019878	4.382774
85.654586	7125.370956	6.961677	-0.019913	4.384302
85.643235	7130.349214	6.966682	-0.019911	4.385751
85.737132	7135.229394	6.971686	-0.019934	4.387176
85.679440	7140.368606	6.976691	-0.019920	4.388667
85.815884	7145.606228	6.981696	-0.019954	4.390197
85.964521	7150.770444	6.986701	-0.019990	4.391706
86.039237	7155.866123	6.991706	-0.020008	4.393191
85.997250	7161.094447	6.996710	-0.019998	4.394707
86.068167	7165.978174	7.001715	-0.020016	4.396129
86.190726	7170.984282	7.006720	-0.020046	4.397588
86.237113	7176.203937	7.011725	-0.020057	4.399105
86.227296	7181.501277	7.016730	-0.020055	4.400641
86.199910	7187.064261	7.021734	-0.020049	4.402253
86.019809	7192.219570	7.026739	-0.020007	4.403738
86.188479	7197.408228	7.031744	-0.020047	4.405250
86.179396	7202.122077	7.036749	-0.020046	4.406615
86.267808	7207.253240	7.041754	-0.020067	4.408106
86.231283	7212.503673	7.046758	-0.020059	4.409623
86.286610	7217.597954	7.051763	-0.020073	4.411100
86.397974	7222.770203	7.056768	-0.020100	4.412602
86.520955	7227.963750	7.061773	-0.020130	4.414111
86.501316	7233.003342	7.066778	-0.020125	4.415566
86.520461	7237.893896	7.071782	-0.020130	4.416981
86.506318	7243.051423	7.076787	-0.020127	4.418470
86.479228	7248.227070	7.081792	-0.020121	4.419963
86.700107	7253.731984	7.086797	-0.020175	4.421564
86.669632	7258.841546	7.091802	-0.020168	4.423037
86.724464	7264.030580	7.096806	-0.020181	4.424537
86.745424	7268.921050	7.101811	-0.020187	4.425948
86.758748	7273.982331	7.106816	-0.020191	4.427408
86.889618	7279.063246	7.111821	-0.020222	4.428879
86.961524	7284.226888	7.116826	-0.020240	4.430370
87.026554	7289.414120	7.121830	-0.020256	4.431868
87.018245	7294.606467	7.126835	-0.020254	4.433362
87.070770	7299.761495	7.131840	-0.020267	4.434849
87.197292	7304.549103	7.136845	-0.020298	4.436233
87.242633	7309.600231	7.141850	-0.020309	4.437688
87.298858	7314.825934	7.146854	-0.020323	4.439193
87.218722	7320.340597	7.151859	-0.020305	4.440774
87.262147	7325.678730	7.156864	-0.020316	4.442310
87.278184	7330.844219	7.161869	-0.020320	4.443795
87.135609	7335.955871	7.166874	-0.020286	4.445255
87.224977	7340.800645	7.171878	-0.020308	4.446650
87.381596	7345.917963	7.176883	-0.020346	4.448127
87.261091	7351.058923	7.181888	-0.020317	4.449595
87.273450	7356.310862	7.186893	-0.020321	4.451102
87.501773	7361.452300	7.191898	-0.020376	4.452587
87.496907	7366.605159	7.196902	-0.020375	4.454064
87.718705	7371.533291	7.201907	-0.020429	4.455487
87.791699	7376.477344	7.206912	-0.020447	4.456906
87.929257	7381.683187	7.211917	-0.020480	4.458404
87.804700	7386.808285	7.216922	-0.020451	4.459864
87.932368	7392.290054	7.221926	-0.020482	4.461439
87.920357	7397.497046	7.226931	-0.020479	4.462928
87.867492	7402.695483	7.231936	-0.020467	4.464411
87.942966	7407.554058	7.236941	-0.020486	4.465804
87.811173	7412.522704	7.241946	-0.020455	4.467217
87.935976	7417.777996	7.246950	-0.020485	4.468724
88.065404	7422.938056	7.251955	-0.020516	4.470204
88.151369	7428.028718	7.256960	-0.020537	4.471661
88.120557	7433.244381	7.261965	-0.020530	4.473148
88.087285	7438.455631	7.266970	-0.020523	4.474633
88.234199	7443.246170	7.271974	-0.020558	4.476006
88.263091	7448.354594	7.276979	-0.020566	4.477464
88.318749	7453.529049	7.281984	-0.020580	4.478941
88.367568	7458.962911	7.286989	-0.020592	4.480491
88.183003	7464.245277	7.291994	-0.020548	4.481986
88.263443	7469.372403	7.296998	-0.020568	4.483450
88.341690	7474.486250	7.302003	-0.020587	4.484909
88.458843	7479.267951	7.307008	-0.020615	4.486275
88.440073	7484.407427	7.312013	-0.020611	4.487736
88.526162	7489.506197	7.317018	-0.020632	4.489190
88.639509	7494.732651	7.322022	-0.020660	4.490681
88.662375	7499.893047	7.327027	-0.020666	4.492149
88.784867	7505.044468	7.332032	-0.020696	4.493618
88.767993	7510.132669	7.337037	-0.020692	4.495062
88.879479	7514.998983	7.342042	-0.020719	4.496449
88.820073	7520.141766	7.347046	-0.020705	4.497905
88.898380	7525.273411	7.352051	-0.020725	4.499364
88.807939	7530.884034	7.357056	-0.020703	4.500951
88.882469	7536.026444	7.362061	-0.020722	4.502412
88.984848	7541.084210	7.367066	-0.020747	4.503851
89.037294	7546.111443	7.372070	-0.020760	4.505278
89.129132	7551.003404	7.377075	-0.020782	4.506667
89.027255	7556.150798	7.382080	-0.020758	4.508120
89.106601	7561.388929	7.387085	-0.020778	4.509606
89.207299	7566.577692	7.392090	-0.020802	4.511079
89.289144	7571.680889	7.397094	-0.020822	4.512527
89.248855	7576.910499	7.402099	-0.020813	4.514003
89.221236	7581.831427	7.407104	-0.020807	4.515393
89.298514	7586.746953	7.412109	-0.020826	4.516786
89.296260	7591.918597	7.417114	-0.020826	4.518246
89.364271	7597.281148	7.422118	-0.020842	4.519764
89.488303	7602.752099	7.427123	-0.020873	4.521314
89.416059	7607.974092	7.432128	-0.020856	4.522784
89.439109	7613.187045	7.437133	-0.020862	4.524256
89.668645	7617.892630	7.442138	-0.020917	4.525594
89.673143	7622.981331	7.447142	-0.020919	4.527029
89.830449	7628.127631	7.452147	-0.020957	4.528487
89.725976	7633.342312	7.457152	-0.020932	4.529951
89.794746	7638.507041	7.462157	-0.020949	4.531409
89.839568	7643.661995	7.467162	-0.020960	4.532863
89.845459	7648.759770	7.472166	-0.020962	4.534298
89.775092	7653.607986	7.477171	-0.020946	4.535659
89.857736	7658.730309	7.482176	-0.020966	4.537104
89.907054	7663.885470	7.487181	-0.020978	4.538556
89.944211	7669.297600	7.492186	-0.020988	4.540079
89.858575	7674.475642	7.497190	-0.020967	4.541530
89.856249	7679.597900	7.502195	-0.020967	4.542969
89.906764	7684.770678	7.507200	-0.020980	4.544424
90.183233	7689.457727	7.512205	-0.021046	4.545753
89.983646	7694.666971	7.517210	-0.020999	4.547206
90.053076	7699.864804	7.522214	-0.021016	4.548668
90.103606	7705.024094	7.527219	-0.021029	4.550117
90.196907	7710.142222	7.532224	-0.021052	4.551557
90.273574	7715.375071	7.537229	-0.021070	4.553027
90.319945	7720.370692	7.542234	-0.021082	4.554429
90.447689	7725.256136	7.547238	-0.021113	4.555804
90.322384	7730.417403	7.552243	-0.021083	4.557244
90.504775	7735.508670	7.557248	-0.021127	4.558678
90.467788	7741.299898	7.562253	-0.021119	4.560297
90.440655	7746.467633	7.567258	-0.021113	4.561741
90.493576	7751.668284	7.572262	-0.021126	4.563198
90.528030	7756.683845	7.577267	-0.021135	4.564602
90.664552	7761.464986	7.582272	-0.021168	4.565945
90.800587	7766.639877	7.587277	-0.021201	4.567397
90.648220	7771.826471	7.592282	-0.021165	4.568839
90.780630	7777.041074	7.597286	-0.021197	4.570301
90.886721	7782.203601	7.602291	-0.021223	4.571747
90.715852	7787.376878	7.607296	-0.021183	4.573183
90.788752	7792.328834	7.612301	-0.021200	4.574568
90.614033	7797.275240	7.617306	-0.021159	4.575940
90.895061	7802.438718	7.622310	-0.021227	4.577392
90.830281	7807.608535	7.627315	-0.021212	4.578830
90.836713	7813.158148	7.632320	-0.021214	4.580377
90.982482	7818.290891	7.637325	-0.021249	4.581813
91.018010	7823.431166	7.642330	-0.021258	4.583246
91.154791	7828.360052	7.647334	-0.021291	4.584625
91.220119	7833.301126	7.652339	-0.021307	4.586003
91.224249	7838.552340	7.657344	-0.021309	4.587464
91.387320	7843.607277	7.662349	-0.021348	4.588877
91.349534	7848.877688	7.667354	-0.021340	4.590341
91.440970	7853.966748	7.672358	-0.021362	4.591760
91.878377	7859.023048	7.677363	-0.021467	4.593184
91.959133	7864.044047	7.682368	-0.021487	4.594583
91.867650	7869.019510	7.687373	-0.021465	4.595960
91.898893	7874.166417	7.692378	-0.021473	4.597390
91.904655	7879.360740	7.697382	-0.021475	4.598832
91.983943	7885.044408	7.702387	-0.021495	4.600412
92.140854	7890.157775	7.707392	-0.021533	4.601838
92.135336	7895.333097	7.712397	-0.021532	4.603272
92.193320	7900.281102	7.717402	-0.021546	4.604646
92.389168	7905.246433	7.722406	-0.021593	4.606031
92.307824	7910.374602	7.727411	-0.021574	4.607448
92.384792	7915.540565	7.732416	-0.021593	4.608882
92.423721	7920.771878	7.737421	-0.021603	4.610331
92.416219	7925.933412	7.742426	-0.021602	4.611759
92.631538	7931.046802	7.747430	-0.021654	4.613184
92.560519	7935.972344	7.752435	-0.021637	4.614543
92.354220	7941.002573	7.757440	-0.021588	4.615924
92.539193	7946.141421	7.762445	-0.021633	4.617353
92.546683	7951.325349	7.767450	-0.021635	4.618785
92.662482	7956.779366	7.772454	-0.021663	4.620297
92.697233	7962.002921	7.777459	-0.021672	4.621741
92.834245	7967.129028	7.782464	-0.021705	4.623162
92.813198	7972.037860	7.787469	-0.021701	4.624516
92.835118	7977.057772	7.792474	-0.021706	4.625902
92.902241	7982.210036	7.797478	-0.021723	4.627326
93.063640	7987.371378	7.802483	-0.021762	4.628756
92.985496	7992.532121	7.807488	-0.021744	4.630175
93.062010	7997.712622	7.812493	-0.021762	4.631606
93.125035	8002.886713	7.817498	-0.021778	4.633034
92.999806	8007.822759	7.822502	-0.021748	4.634387
93.052425	8012.800878	7.827507	-0.021761	4.635760
93.019995	8018.007419	7.832512	-0.021754	4.637192
93.173256	8023.280029	7.837517	-0.021791	4.638649
93.151540	8028.762852	7.842522	-0.021787	4.640156
93.194438	8034.014527	7.847526	-0.021797	4.641602
93.161298	8039.185705	7.852531	-0.021790	4.643022
93.234851	8044.055065	7.857536	-0.021808	4.644363
93.367379	8049.042623	7.862541	-0.021840	4.645739
93.390342	8054.189011	7.867546	-0.021846	4.647153
93.445859	8059.398897	7.872550	-0.021860	4.648586
93.445682	8064.552138	7.877555	-0.021860	4.650000
93.513089	8069.762216	7.882560	-0.021877	4.651432
93.530761	8074.905541	7.887565	-0.021881	4.652844
93.558969	8079.827838	7.892570	-0.021889	4.654195
93.714535	8084.753024	7.897574	-0.021926	4.655551
93.534225	8090.029157	7.902579	-0.021884	4.656989
93.613455	8095.091394	7.907584	-0.021903	4.658380
93.617791	8100.734811	7.912589	-0.021904	4.659925
93.880591	8105.782680	7.917594	-0.021968	4.661319
93.700779	8110.983019	7.922598	-0.021925	4.662734
93.877527	8115.925500	7.927603	-0.021968	4.664094
93.859134	8120.824893	7.932608	-0.021964	4.665433
94.054002	8126.060927	7.937613	-0.022011	4.666874
93.978427	8131.115032	7.942618	-0.021993	4.668252
94.035798	8136.383931	7.947622	-0.022008	4.669694
93.992193	8141.509187	7.952627	-0.021998	4.671093
94.070784	8146.724250	7.957632	-0.022017	4.672520
93.983071	8151.657096	7.962637	-0.021996	4.673863
94.071379	8156.607218	7.967642	-0.022018	4.675218
94.019862	8161.811840	7.972646	-0.022006	4.676636
94.140587	8166.943003	7.977651	-0.022035	4.678041
94.265494	8172.577743	7.982656	-0.022066	4.679583
94.298313	8177.816430	7.987661	-0.022074	4.681013
94.251716	8182.928197	7.992666	-0.022063	4.682404
94.430293	8187.992609	7.997670	-0.022107	4.683791
94.593077	8192.788199	8.002675	-0.022146	4.685105
94.417047	8197.989960	8.007680	-0.022104	4.686514
94.384186	8203.178993	8.012685	-0.022097	4.687925
94.427870	8208.403580	8.017690	-0.022108	4.689348
94.531615	8213.540100	8.022694	-0.022133	4.690750
94.604609	8218.726585	8.027699	-0.022151	4.692164
94.589732	8223.737636	8.032704	-0.022148	4.693526
94.483057	8228.604677	8.037709	-0.022123	4.694844
94.623951	8233.738101	8.042714	-0.022157	4.696245
94.636879	8238.914725	8.047718	-0.022160	4.697652
94.786115	8244.363896	8.052723	-0.022197	4.699138
94.726577	8249.587125	8.057728	-0.022183	4.700553
94.781241	8254.787395	8.062733	-0.022196	4.701967
94.781932	8259.832991	8.067738	-0.022197	4.703336
94.690369	8264.726191	8.072742	-0.022176	4.704659
94.866900	8269.807493	8.077747	-0.022218	4.706044
94.920094	8274.935795	8.082752	-0.022231	4.707437
94.842144	8280.199838	8.087757	-0.022213	4.708860
94.870602	8285.347699	8.092762	-0.022221	4.710256
94.872140	8290.550795	8.097766	-0.022221	4.711665
94.890233	8295.712550	8.102771	-0.022226	4.713064
95.044309	8300.425908	8.107776	-0.022263	4.714346
95.114062	8305.581575	8.112781	-0.022281	4.715744
95.116148	8310.764137	8.117786	-0.022281	4.717146
95.282418	8316.227986	8.122790	-0.022322	4.718631
95.405617	8321.663220	8.127795	-0.022352	4.720105
95.451734	8326.817333	8.132800	-0.022363	4.721500
95.464910	8332.035781	8.137805	-0.022367	4.722910
95.508580	8336.764487	8.142810	-0.022378	4.724190
95.563082	8341.857070	8.147814	-0.022391	4.725567
95.434990	8346.971947	8.152819	-0.022361	4.726943
95.442137	8352.251712	8.157824	-0.022363	4.728368
95.554790	8357.349262	8.162829	-0.022391	4.729748
95.582574	8362.552647	8.167834	-0.022398	4.731152
95.576256	8367.687476	8.172838	-0.022397	4.732537
95.475467	8372.600633	8.177843	-0.022373	4.733857
95.585088	8377.573714	8.182848	-0.022400	4.735201
95.825363	8382.755680	8.187853	-0.022458	4.736607
95.865327	8387.919620	8.192858	-0.022468	4.738000
95.957701	8393.406551	8.197862	-0.022490	4.739481
95.899587	8398.611624	8.202867	-0.022477	4.740879
95.918650	8403.795002	8.207872	-0.022482	4.742275
95.906111	8408.772247	8.212877	-0.022479	4.743613
95.900899	8413.656909	8.217882	-0.022478	4.744927
95.956281	8418.900828	8.222886	-0.022492	4.746339
96.032720	8423.982847	8.227891	-0.022511	4.747708
96.057388	8429.200777	8.232896	-0.022517	4.749111
95.913139	8434.357192	8.237901	-0.022483	4.750490
96.116335	8439.547991	8.242906	-0.022532	4.751892
96.242908	8444.454078	8.247910	-0.022563	4.753215
96.334451	8449.397045	8.252915	-0.022585	4.754545
96.327672	8454.590001	8.257920	-0.022584	4.755938
96.357825	8459.759184	8.262925	-0.022592	4.757326
96.426650	8465.392239	8.267930	-0.022609	4.758839
96.354711	8470.617058	8.272934	-0.022592	4.760237
96.336623	8475.918113	8.277939	-0.022588	4.761656
96.336510	8480.878917	8.282944	-0.022588	4.762985
96.278725	8485.756396	8.287949	-0.022575	4.764290
96.369948	8490.842835	8.292954	-0.022597	4.765655
96.366577	8496.057917	8.297958	-0.022597	4.767051
96.548566	8501.214430	8.302963	-0.022641	4.768438
96.485157	8506.344580	8.307968	-0.022626	4.769808
96.580831	8511.631318	8.312973	-0.022650	4.771226
96.623665	8516.704395	8.317978	-0.022660	4.772584
96.727866	8521.449804	8.322982	-0.022686	4.773856
96.669602	8526.593186	8.327987	-0.022672	4.775228
96.735594	8531.768833	8.332992	-0.022688	4.776614
96.807046	8537.119406	8.337997	-0.022706	4.778045
96.923948	8542.490659	8.343002	-0.022734	4.779484
96.847414	8547.705945	8.348006	-0.022717	4.780873
96.915519	8552.823109	8.353011	-0.022733	4.782241
96.859818	8557.718766	8.358016	-0.022720	4.783545
96.929554	8562.729686	8.363021	-0.022738	4.784884
96.989743	8567.828922	8.368026	-0.022752	4.786246
97.121756	8573.069090	8.373030	-0.022784	4.787647
97.103323	8578.232016	8.378035	-0.022781	4.789022
97.211151	8583.438958	8.383040	-0.022807	4.790413
97.249115	8588.581410	8.388045	-0.022816	4.791784
97.384876	8593.541037	8.393050	-0.022849	4.793110
97.488686	8598.429292	8.398054	-0.022874	4.794415
97.300192	8603.641871	8.403059	-0.022830	4.795795
97.277536	8608.863505	8.408064	-0.022825	4.797183
97.363959	8614.527598	8.413069	-0.022846	4.798692
97.376660	8619.709676	8.418074	-0.022850	4.800070
97.375805	8624.877585	8.423078	-0.022850	4.801444
97.411380	8629.972362	8.428083	-0.022859	4.802798
97.506338	8634.784916	8.433088	-0.022882	4.804080
97.688958	8639.864810	8.438093	-0.022926	4.805436
97.681575	8645.037128	8.443098	-0.022925	4.806809
97.581262	8650.253733	8.448102	-0.022901	4.808190
97.910458	8655.395820	8.453107	-0.022980	4.809566
97.790507	8660.581744	8.458112	-0.022952	4.810937
97.920282	8665.671972	8.463117	-0.022984	4.812292
97.825587	8670.490834	8.468122	-0.022961	4.813566
97.820403	8675.592656	8.473126	-0.022961	4.814917
97.906021	8680.751246	8.478131	-0.022982	4.816287
97.948567	8686.121455	8.483136	-0.022992	4.817711
97.915505	8691.463990	8.488141	-0.022985	4.819125
97.920343	8696.649314	8.493146	-0.022986	4.820497
97.986062	8701.819160	8.498150	-0.023003	4.821868
98.095327	8706.629018	8.503155	-0.023029	4.823145
98.022045	8711.686982	8.508160	-0.023012	4.824480
98.155299	8716.856248	8.513165	-0.023044	4.825851
98.167886	8722.015849	8.518170	-0.023048	4.827216
98.214460	8727.201620	8.523174	-0.023060	4.828588
98.202724	8732.317974	8.528179	-0.023057	4.829939
98.220062	8737.533305	8.533184	-0.023062	4.831317
98.236531	8742.569315	8.538189	-0.023066	4.832647
98.356384	8747.343656	8.543194	-0.023095	4.833912
98.242917	8752.639802	8.548198	-0.023069	4.835305
98.185548	8757.760255	8.553203	-0.023055	4.836654
98.199386	8763.383512	8.558208	-0.023059	4.838138
98.346299	8768.668770	8.563213	-0.023095	4.839537
98.323015	8773.798358	8.568218	-0.023090	4.840888
98.506385	8778.996236	8.573223	-0.023134	4.842264
98.451717	8783.695781	8.578227	-0.023121	4.843500
98.469624	8788.756201	8.583232	-0.023126	4.844834
98.673663	8793.980427	8.588237	-0.023175	4.846217
98.683414	8799.199080	8.593242	-0.023178	4.847591
98.767840	8804.328053	8.598247	-0.023199	4.848944
98.810952	8809.499880	8.603251	-0.023209	4.850306
98.696773	8814.631080	8.608256	-0.023183	4.851651
98.853398	8819.559533	8.613261	-0.023221	4.852953
98.841982	8824.398796	8.618266	-0.023218	4.854224
98.806543	8829.557556	8.623271	-0.023210	4.855578
98.853119	8834.657574	8.628275	-0.023222	4.856920
98.947286	8840.283823	8.633280	-0.023245	4.858401
98.873583	8845.508239	8.638285	-0.023228	4.859770
99.025041	8850.561231	8.643290	-0.023264	4.861102
99.094115	8855.650898	8.648295	-0.023281	4.862440
99.105337	8860.464361	8.653299	-0.023284	4.863703
99.173975	8865.574704	8.658304	-0.023301	4.865046
99.141698	8870.835031	8.663309	-0.023294	4.866424
99.154289	8876.039405	8.668314	-0.023298	4.867789
99.323463	8881.109198	8.673319	-0.023338	4.869123
99.268556	8886.379449	8.678323	-0.023326	4.870502
99.316816	8891.502213	8.683328	-0.023338	4.871845
99.449232	8896.273733	8.688333	-0.023370	4.873099
99.341447	8901.376633	8.693338	-0.023345	4.874431
99.347380	8906.633483	8.698343	-0.023346	4.875807
99.460695	8911.971341	8.703347	-0.023374	4.877208
99.467330	8917.576140	8.708352	-0.023376	4.878674
99.560836	8922.718087	8.713357	-0.023399	4.880022
99.502626	8927.826139	8.718362	-0.023385	4.881355
99.570427	8932.805990	8.723367	-0.023402	4.882658
99.549875	8937.671398	8.728371	-0.023398	4.883929
99.691246	8942.811216	8.733376	-0.023432	4.885276
99.832649	8948.027830	8.738381	-0.023466	4.886643
99.615879	8953.213484	8.743386	-0.023415	4.887989
99.708497	8958.331998	8.748391	-0.023437	4.889328
99.939025	8963.588749	8.753395	-0.023493	4.890708
99.871193	8968.606312	8.758400	-0.023477	4.892014
99.684411	8973.397081	8.763405	-0.023433	4.893257
99.752236	8978.607198	8.768410	-0.023450	4.894617
99.880856	8983.757817	8.773415	-0.023481	4.895964
100.001358	8989.075185	8.778419	-0.023510	4.897354
99.966808	8994.466646	8.783424	-0.023502	4.898757
100.094323	8999.629061	8.788429	-0.023533	4.900105
100.090411	9004.737530	8.793434	-0.023533	4.901435
100.210382	9009.629089	8.798439	-0.023562	4.902712
100.194069	9014.662754	8.803443	-0.023559	4.904021
100.113596	9019.779633	8.808448	-0.023540	4.905349
100.130049	9025.018111	8.813453	-0.023544	4.906712
100.179855	9030.257166	8.818458	-0.023556	4.908076
100.132474	9035.364176	8.823463	-0.023546	4.909401
100.230718	9040.489055	8.828467	-0.023570	4.910736
100.457013	9045.483984	8.833472	-0.023624	4.912042
100.243849	9050.440592	8.838477	-0.023574	4.913321
100.292780	9055.541348	8.843482	-0.023586	4.914647
100.378021	9060.725260	8.848487	-0.023607	4.915996
100.517203	9066.282488	8.853491	-0.023640	4.917442
100.528178	9071.525062	8.858496	-0.023643	4.918803
100.648711	9076.786995	8.863501	-0.023673	4.920171
100.562921	9081.994802	8.868506	-0.023653	4.921519
100.644617	9086.741996	8.873511	-0.023673	4.922752
100.761534	9091.835181	8.878515	-0.023701	4.924075
100.734268	9096.979054	8.883520	-0.023695	4.925407
100.731107	9102.175368	8.888525	-0.023695	4.926753
100.675810	9107.347449	8.893530	-0.023682	4.928090
100.772028	9112.543077	8.898535	-0.023705	4.929438
100.786184	9117.732910	8.903539	-0.023709	4.930781
100.854311	9122.659936	8.908544	-0.023726	4.932058
100.770167	9127.591459	8.913549	-0.023706	4.933331
100.881583	9132.749625	8.918554	-0.023733	4.934668
101.024533	9137.892988	8.923559	-0.023768	4.936002
100.914397	9143.356261	8.928563	-0.023742	4.937410
101.049916	9148.626796	8.933568	-0.023775	4.938777
101.063929	9153.845880	8.938573	-0.023779	4.940125
101.207095	9158.932140	8.943578	-0.023814	4.941443
101.116322	9163.732338	8.948583	-0.023792	4.942679
101.018471	9168.883099	8.953587	-0.023769	4.944005
101.151103	9173.996581	8.958592	-0.023802	4.945329
101.234320	9179.165145	8.963597	-0.023822	4.946665
101.174489	9184.407092	8.968602	-0.023808	4.948014
101.364721	9189.553632	8.973607	-0.023854	4.949347
101.345898	9194.750669	8.978611	-0.023850	4.950686
101.412405	9199.647140	8.983616	-0.023866	4.951950
101.533427	9204.642040	8.988621	-0.023896	4.953241
101.657182	9209.772513	8.993626	-0.023926	4.954566
101.473804	9214.936988	8.998631	-0.023882	4.955889
101.696705	9220.568143	9.003635	-0.023936	4.957346
101.600607	9225.879486	9.008640	-0.023914	4.958709
101.678761	9231.037400	9.013645	-0.023933	4.960039
101.637099	9236.147856	9.018650	-0.023923	4.961352
101.564766	9240.831247	9.023655	-0.023906	4.962553
101.603098	9246.023842	9.028659	-0.023916	4.963889
101.523696	9251.220869	9.033664	-0.023898	4.965222
101.588355	9256.363040	9.038669	-0.023913	4.966545
101.700837	9261.560024	9.043674	-0.023941	4.967883
101.836714	9266.720168	9.048679	-0.023974	4.969213
101.922718	9271.882053	9.053683	-0.023995	4.970541
101.916751	9276.819864	9.058688	-0.023994	4.971807
101.959669	9281.753887	9.063693	-0.024005	4.973075
102.048548	9286.914605	9.068698	-0.024026	4.974401
102.035117	9292.037443	9.073703	-0.024023	4.975714
102.120790	9297.504649	9.078707	-0.024044	4.977119
102.122651	9302.741652	9.083712	-0.024045	4.978461
102.025735	9307.980470	9.088717	-0.024023	4.979800
102.112332	9313.110751	9.093722	-0.024044	4.981117
102.072085	9317.803724	9.098727	-0.024035	4.982317
102.127968	9323.018594	9.103731	-0.024048	4.983654
102.241139	9328.144648	9.108736	-0.024076	4.984970
102.366104	9333.309645	9.113741	-0.024106	4.986295
102.315268	9338.521513	9.118746	-0.024095	4.987627
102.300896	9343.730145	9.123751	-0.024092	4.988958
102.440629	9348.862060	9.128755	-0.024126	4.990275
102.348672	9353.797406	9.133760	-0.024104	4.991533
102.497240	9358.757392	9.138765	-0.024140	4.992805
102.312333	9363.895159	9.143770	-0.024096	4.994112
102.394125	9369.083775	9.148775	-0.024116	4.995440
102.575202	9374.650197	9.153779	-0.024160	4.996867
102.576269	9379.913042	9.158784	-0.024161	4.998210
102.515077	9385.084782	9.163789	-0.024147	4.999528
102.698120	9390.337403	9.168794	-0.024191	5.000874
102.688407	9395.125939	9.173799	-0.024189	5.002095
102.830723	9400.087648	9.178803	-0.024223	5.003365
102.873204	9405.308103	9.183808	-0.024234	5.004697
102.870867	9410.458370	9.188813	-0.024234	5.006009
103.012486	9415.669241	9.193818	-0.024268	5.007341
103.111004	9420.799877	9.198823	-0.024292	5.008651
103.062279	9425.980862	9.203827	-0.024281	5.009969
102.981203	9431.023721	9.208832	-0.024262	5.011251
102.924102	9435.898028	9.213837	-0.024249	5.012489
102.887433	9441.018859	9.218842	-0.024241	5.013791
103.033414	9446.183426	9.223847	-0.024276	5.015110
103.043602	9451.590881	9.228851	-0.024279	5.016485
103.119441	9456.935214	9.233856	-0.024297	5.017846
103.132806	9462.114302	9.238861	-0.024301	5.019163
103.221722	9467.259628	9.243866	-0.024323	5.020474
103.187454	9472.154806	9.248871	-0.024315	5.021716
103.301035	9477.146079	9.253875	-0.024343	5.022987
103.383236	9482.280231	9.258880	-0.024363	5.024294
103.396228	9487.474677	9.263885	-0.024366	5.025613
103.288622	9492.720973	9.268890	-0.024341	5.026941
103.447088	9497.768632	9.273895	-0.024379	5.028226
103.547871	9503.027802	9.278899	-0.024404	5.029564
103.513191	9508.147371	9.283904	-0.024396	5.030861
103.449974	9512.962610	9.288909	-0.024381	5.032080
103.429455	9518.115017	9.293914	-0.024377	5.033385
103.641625	9523.221890	9.298919	-0.024428	5.034686
103.607334	9528.577102	9.303923	-0.024421	5.036041
103.693054	9534.187912	9.308928	-0.024442	5.037465
103.761896	9539.378152	9.313933	-0.024458	5.038781
103.820344	9544.550061	9.318938	-0.024473	5.040092
103.828186	9549.478997	9.323943	-0.024475	5.041339
103.854185	9554.366227	9.328947	-0.024482	5.042577
103.843236	9559.559115	9.333952	-0.024480	5.043890
103.810900	9564.786807	9.338957	-0.024472	5.045211
103.945481	9569.949999	9.343962	-0.024505	5.046520
103.943843	9575.086530	9.348967	-0.024505	5.047818
103.948384	9580.248353	9.353971	-0.024507	5.049123
103.866711	9585.437960	9.358976	-0.024488	5.050431
103.838279	9590.297313	9.363981	-0.024481	5.051657
104.001806	9595.283180	9.368986	-0.024521	5.052921
104.030960	9600.423775	9.373991	-0.024528	5.054220
104.146567	9605.634526	9.378995	-0.024556	5.055538
104.180517	9611.220326	9.384000	-0.024565	5.056948
104.093759	9616.398729	9.389005	-0.024545	5.058252
104.318126	9621.528888	9.394010	-0.024599	5.059552
104.414605	9626.577840	9.399015	-0.024622	5.060828
104.382327	9631.388219	9.404019	-0.024615	5.062039
104.393360	9636.480850	9.409024	-0.024618	5.063322
104.365895	9641.771489	9.414029	-0.024612	5.064654
104.494034	9646.928470	9.419034	-0.024643	5.065957
104.525640	9652.057347	9.424039	-0.024651	5.067249
104.523335	9657.282122	9.429043	-0.024651	5.068564
104.516958	9662.411947	9.434048	-0.024650	5.069855
104.521179	9667.345718	9.439053	-0.024651	5.071096
104.571290	9672.319968	9.444058	-0.024664	5.072348
104.528240	9677.462924	9.449063	-0.024654	5.073640
104.686076	9682.690311	9.454067	-0.024692	5.074959
104.661975	9688.195234	9.459072	-0.024687	5.076342
104.744862	9693.562299	9.464077	-0.024707	5.077693
104.800182	9698.753806	9.469082	-0.024721	5.078998
104.758032	9703.915829	9.474087	-0.024711	5.080293
104.810836	9708.703610	9.479091	-0.024724	5.081497
104.645633	9713.751952	9.484096	-0.024685	5.082759
104.795758	9718.957479	9.489101	-0.024722	5.084070
104.789767	9724.063150	9.494106	-0.024721	5.085350
104.857600	9729.226227	9.499111	-0.024737	5.086647
104.975078	9734.450853	9.504115	-0.024766	5.087961
105.039463	9739.641941	9.509120	-0.024782	5.089264
105.074556	9744.718174	9.514125	-0.024791	5.090537
105.050095	9749.488556	9.519130	-0.024785	5.091731
105.121715	9754.639063	9.524135	-0.024803	5.093024
105.259583	9759.874239	9.529139	-0.024836	5.094339
105.321006	9765.053559	9.534144	-0.024851	5.095637
105.250191	9770.591339	9.539149	-0.024835	5.097021
105.227930	9775.765606	9.544154	-0.024830	5.098315
105.249998	9780.931072	9.549159	-0.024836	5.099608
105.231373	9785.904038	9.554163	-0.024832	5.100851
105.319420	9790.737302	9.559168	-0.024853	5.102062
105.247697	9795.904887	9.564173	-0.024837	5.103352
105.357207	9801.140390	9.569178	-0.024863	5.104663
105.422956	9806.286065	9.574183	-0.024879	5.105951
105.519305	9811.460800	9.579187	-0.024903	5.107246
105.484069	9816.568171	9.584192	-0.024895	5.108521
105.583379	9821.705189	9.589197	-0.024919	5.109806
105.567923	9826.709026	9.594202	-0.024916	5.111054
105.513252	9831.655992	9.599207	-0.024903	5.112287
105.633900	9836.909565	9.604211	-0.024933	5.113601
105.433936	9842.011991	9.609216	-0.024885	5.114868
105.588350	9847.600006	9.614221	-0.024923	5.116266
105.706682	9852.858001	9.619226	-0.024951	5.117580
105.821435	9857.954910	9.624231	-0.024979	5.118853
105.852625	9863.052566	9.629235	-0.024987	5.120124
105.806541	9867.784192	9.634240	-0.024977	5.121302
105.987079	9872.922573	9.639245	-0.025020	5.122586
106.089834	9878.114977	9.644250	-0.025045	5.123882
106.068619	9883.301384	9.649255	-0.025041	5.125172
106.209907	9888.525990	9.654259	-0.025075	5.126476
106.140204	9893.610043	9.659264	-0.025059	5.127739
106.128356	9898.780468	9.664269	-0.025056	5.129025
106.158703	9903.815599	9.669274	-0.025064	5.130278
106.135737	9908.595444	9.674279	-0.025059	5.131465
106.152259	9913.784030	9.679283	-0.025063	5.132755
106.240245	9918.908124	9.684288	-0.025085	5.134031
106.205406	9924.258414	9.689293	-0.025077	5.135359
106.389624	9929.744040	9.694298	-0.025122	5.136727
106.256930	9934.869114	9.699303	-0.025090	5.137995
106.267500	9940.022228	9.704307	-0.025093	5.139275
106.336505	9945.054372	9.709312	-0.025110	5.140526
106.367612	9949.915778	9.714317	-0.025118	5.141732
106.414409	9955.052275	9.719322	-0.025130	5.143008
106.494456	9960.137267	9.724327	-0.025149	5.144271
106.482874	9965.464159	9.729331	-0.025147	5.145591
106.662708	9970.603693	9.734336	-0.025191	5.146870
106.650707	9975.773309	9.739341	-0.025188	5.148151
106.664646	9980.917398	9.744346	-0.025192	5.149425
106.574903	9985.798096	9.749351	-0.025171	5.150632
106.820455	9990.751448	9.754355	-0.025230	5.151865
106.651765	9995.880258	9.759360	-0.025190	5.153130
106.685443	10001.082677	9.764365	-0.025199	5.154418
106.814760	10006.731486	9.769370	-0.025230	5.155820
106.735853	10012.072692	9.774375	-0.025212	5.157139
106.894336	10017.207451	9.779379	-0.025250	5.158413
106.909356	10022.354151	9.784384	-0.025254	5.159686
106.992515	10027.195300	9.789389	-0.025274	5.160884
106.927817	10032.231877	9.794394	-0.025259	5.162127
107.020920	10037.334612	9.799399	-0.025282	5.163390
106.994461	10042.554025	9.804403	-0.025276	5.164679
106.932665	10047.734316	9.809408	-0.025262	5.165956
107.045888	10052.938617	9.814413	-0.025289	5.167244
107.096688	10058.086494	9.819418	-0.025302	5.168516
107.057074	10063.175842	9.824423	-0.025293	5.169771
107.083097	10067.972003	9.829427	-0.025300	5.170955
107.098573	10073.151475	9.834432	-0.025304	5.172233
107.134666	10078.305947	9.839437	-0.025313	5.173504
107.263732	10083.440282	9.844442	-0.025344	5.174774
107.286119	10088.996621	9.849447	-0.025350	5.176143
107.402827	10094.183123	9.854451	-0.025379	5.177424
107.368824	10099.371907	9.859456	-0.025371	5.178702
107.338921	10104.449945	9.864461	-0.025364	5.179951
107.467801	10109.164711	9.869466	-0.025395	5.181116
107.587221	10114.296382	9.874471	-0.025424	5.182382
107.527429	10119.570291	9.879475	-0.025411	5.183678
107.637179	10124.630699	9.884480	-0.025437	5.184926
107.549382	10129.913978	9.889485	-0.025417	5.186223
107.674341	10135.066713	9.894490	-0.025447	5.187494
107.561649	10140.202823	9.899495	-0.025421	5.188753
107.716641	10145.268539	9.904499	-0.025458	5.190002
107.828132	10150.070746	9.909504	-0.025485	5.191185
107.844832	10155.248887	9.914509	-0.025490	5.192458
107.850437	10160.401509	9.919514	-0.025491	5.193723
107.927099	10165.781858	9.924519	-0.025510	5.195047
108.017104	10171.438210	9.929523	-0.025532	5.196437
107.986692	10176.435750	9.934528	-0.025525	5.197663
107.963842	10181.709814	9.939533	-0.025520	5.198957
107.878350	10186.753738	9.944538	-0.025500	5.200192
107.982153	10191.528148	9.949543	-0.025526	5.201365
107.913814	10196.752148	9.954547	-0.025510	5.202644
107.998867	10201.867089	9.959552	-0.025531	5.203900
107.949243	10207.133705	9.964557	-0.025519	5.205190
108.023542	10212.293085	9.969562	-0.025537	5.206456
108.151075	10217.409946	9.974567	-0.025568	5.207712
108.176462	10222.615225	9.979571	-0.025575	5.208988
108.162703	10227.529979	9.984576	-0.025572	5.210190
108.384696	10232.414981	9.989581	-0.025626	5.211392
108.460194	10237.505219	9.994586	-0.025644	5.212639
108.352644	10242.685871	9.999591	-0.025619	5.213904
108.486781	10245.470989	10.004595	-0.025651	5.214589
108.434560	10245.465872	10.009600	-0.025639	5.214586
108.461826	10245.474571	10.014592	-0.025645	5.214589
108.346338	10245.509578	10.019584	-0.025618	5.214595
108.330702	10245.428025	10.024576	-0.025614	5.214574
108.462874	10245.468084	10.029568	-0.025645	5.214587
108.412805	10245.442566	10.034560	-0.025633	5.214580
108.355227	10245.434462	10.039552	-0.025620	5.214576
108.346248	10245.481468	10.044544	-0.025617	5.214588
108.282859	10245.454770	10.049536	-0.025602	5.214580
108.426531	10245.471883	10.054528	-0.025637	5.214587
108.312768	10245.487517	10.059520	-0.025609	5.214588
108.387954	10245.427266	10.064512	-0.025627	5.214576
108.250953	10245.499054	10.069504	-0.025595	5.214590
108.362229	10245.487531	10.074496	-0.025621	5.214590
108.407483	10245.507163	10.079488	-0.025632	5.214596
108.374610	10245.454269	10.084480	-0.025624	5.214582
108.372514	10245.521038	10.089472	-0.025624	5.214598
108.548189	10245.469570	10.094464	-0.025666	5.214590
108.383374	10245.453382	10.099456	-0.025626	5.214582
108.534337	10245.491494	10.104448	-0.025662	5.214595
108.508921	10245.481338	10.109440	-0.025656	5.214592
108.653392	10245.413908	10.114432	-0.025691	5.214579
108.600681	10245.428334	10.119424	-0.025678	5.214581
108.628758	10245.398558	10.124416	-0.025685	5.214575
108.606986	10245.482722	10.129408	-0.025680	5.214595
108.520895	10245.423824	10.134400	-0.025659	5.214578
108.582676	10245.398234	10.139392	-0.025674	5.214573
108.553441	10245.348803	10.144384	-0.025667	5.214561
108.487362	10245.408124	10.149376	-0.025651	5.214573
108.529654	10245.420385	10.154368	-0.025661	5.214577
108.425634	10245.435008	10.159360	-0.025636	5.214578
108.498979	10245.351913	10.164352	-0.025654	5.214560
108.566619	10245.376904	10.169344	-0.025670	5.214568
108.443847	10245.398590	10.174336	-0.025640	5.214570
108.729127	10245.443261	10.179328	-0.025709	5.214588
108.638457	10245.434746	10.184320	-0.025687	5.214584
108.502127	10245.461675	10.189312	-0.025654	5.214587
108.565392	10245.433372	10.194304	-0.025669	5.214582
108.484613	10245.304821	10.199296	-0.025650	5.214548
108.603799	10245.405092	10.204288	-0.025679	5.214576
108.708595	10245.414716	10.209280	-0.025704	5.214581
108.582748	10245.379133	10.214272	-0.025674	5.214569
108.603010	10245.442306	10.219264	-0.025678	5.214585
108.480305	10245.449907	10.224256	-0.025649	5.214583
108.543909	10245.417730	10.229248	-0.025664	5.214577
108.418651	10245.311704	10.234240	-0.025634	5.214548
108.711154	10245.420890	10.239232	-0.025704	5.214582
108.530331	10245.429395	10.244224	-0.025661	5.214580
108.675971	10245.351606	10.249216	-0.025696	5.214564
108.660892	10245.391567	10.254208	-0.025692	5.214574
108.509326	10245.321538	10.259200	-0.025656	5.214553
108.564841	10245.322191	10.264192	-0.025669	5.214554
108.462810	10245.453061	10.269184	-0.025645	5.214584
108.463609	10245.435069	10.274176	-0.025645	5.214579
108.469159	10245.501045	10.279168	-0.025646	5.214596
108.569095	10245.444628	10.284160	-0.025670	5.214584
108.634067	10245.494210	10.289152	-0.025686	5.214598
108.580479	10245.478014	10.294144	-0.025673	5.214593
108.580342	10245.393575	10.299136	-0.025673	5.214572
108.416434	10245.492465	10.304128	-0.025633	5.214592
108.426467	10245.464559	10.309120	-0.025636	5.214586
108.565508	10245.507746	10.314112	-0.025669	5.214600
108.621924	10245.450720	10.319104	-0.025683	5.214587
108.472947	10245.375303	10.324096	-0.025647	5.214565
108.595609	10245.449621	10.329088	-0.025676	5.214586
108.610845	10245.369987	10.334080	-0.025680	5.214567
108.728458	10245.416674	10.339072	-0.025708	5.214582
108.603561	10245.460334	10.344064	-0.025678	5.214589
108.677447	10245.434770	10.349056	-0.025696	5.214585
108.622492	10245.381604	10.354048	-0.025683	5.214570
108.499162	10245.445578	10.359040	-0.025653	5.214583
108.558623	10245.445822	10.364032	-0.025667	5.214584
108.649562	10245.444085	10.369024	-0.025689	5.214586
108.625495	10245.380041	10.374016	-0.025683	5.214570
108.667410	10245.469123	10.379008	-0.025693	5.214593
108.660442	10245.417384	10.384000	-0.025692	5.214580
108.624328	10245.417293	10.388992	-0.025683	5.214579
108.570709	10245.453569	10.393984	-0.025670	5.214587
108.529820	10245.404065	10.398976	-0.025660	5.214573
108.610156	10245.405985	10.403968	-0.025679	5.214576
108.600770	10245.447915	10.408960	-0.025677	5.214586
108.511530	10245.468685	10.413952	-0.025656	5.214589
108.524073	10245.427722	10.418944	-0.025659	5.214579
108.733621	10245.312599	10.423936	-0.025709	5.214556
108.588341	10245.459468	10.428928	-0.025674	5.214588
108.587609	10245.327741	10.433920	-0.025674	5.214556
108.576167	10245.424911	10.438912	-0.025671	5.214580
108.674133	10245.491550	10.443904	-0.025695	5.214598
108.735241	10245.408443	10.448896	-0.025709	5.214580
108.738162	10245.401749	10.453888	-0.025710	5.214578
108.731887	10245.380650	10.458880	-0.025708	5.214573
108.581773	10245.444839	10.463872	-0.025672	5.214585
108.692095	10245.360473	10.468864	-0.025699	5.214567
108.822840	10245.417317	10.473856	-0.025730	5.214584
108.559240	10245.427999	10.478848	-0.025667	5.214580
108.438842	10245.418725	10.483840	-0.025638	5.214575
108.540667	10245.472167	10.488832	-0.025663	5.214590
108.610048	10245.409958	10.493824	-0.025679	5.214577
108.645194	10245.370492	10.498816	-0.025688	5.214568
108.674974	10245.433957	10.503808	-0.025695	5.214584
108.710523	10245.354779	10.508800	-0.025703	5.214566
108.634288	10245.398516	10.513792	-0.025685	5.214575
108.788945	10245.372261	10.518784	-0.025722	5.214572
108.670544	10245.380696	10.523776	-0.025694	5.214571
108.640073	10245.461922	10.528768	-0.025686	5.214590
108.731114	10245.379553	10.533760	-0.025708	5.214572
108.665644	10245.369707	10.538752	-0.025692	5.214568
108.614186	10245.395521	10.543744	-0.025680	5.214573
108.650537	10245.330335	10.548736	-0.025689	5.214558
108.755705	10245.411584	10.553728	-0.025714	5.214581
108.698784	10245.368860	10.558720	-0.025700	5.214569
108.673581	10245.495609	10.563712	-0.025694	5.214599
108.735869	10245.429016	10.568704	-0.025709	5.214585
108.764906	10245.377386	10.573696	-0.025716	5.214573
108.759349	10245.457310	10.578688	-0.025715	5.214592
108.695030	10245.402555	10.583680	-0.025699	5.214577
108.730127	10245.465470	10.588672	-0.025708	5.214593
108.828381	10245.392591	10.593664	-0.025731	5.214578
108.825494	10245.362184	10.598656	-0.025730	5.214571
108.706848	10245.447427	10.603648	-0.025702	5.214588
108.683758	10245.262990	10.608640	-0.025696	5.214543
108.749563	10245.407183	10.613632	-0.025712	5.214580
108.687615	10245.436643	10.618624	-0.025697	5.214585
108.688725	10245.380228	10.623616	-0.025698	5.214571
108.773993	10245.395715	10.628608	-0.025718	5.214577
108.667282	10245.363268	10.633600	-0.025692	5.214567
108.704451	10245.406773	10.638592	-0.025701	5.214578
108.625839	10245.435400	10.643584	-0.025682	5.214583
108.760934	10245.426528	10.648576	-0.025715	5.214585
108.933571	10245.406089	10.653568	-0.025756	5.214584
108.767028	10245.312017	10.658560	-0.025716	5.214557
108.880624	10245.409029	10.663552	-0.025743	5.214583
108.864158	10245.412022	10.668544	-0.025739	5.214584
108.726537	10245.313673	10.673536	-0.025706	5.214556
108.885450	10245.279299	10.678528	-0.025744	5.214552
108.641562	10245.418469	10.683520	-0.025686	5.214580
108.753754	10245.445242	10.688512	-0.025713	5.214589
108.658505	10245.405209	10.693504	-0.025690	5.214577
108.641254	10245.376291	10.698496	-0.025686	5.214569
108.793751	10245.466713	10.703488	-0.025722	5.214595
108.847920	10245.404800	10.708480	-0.025735	5.214582
108.855418	10245.429624	10.713472	-0.025737	5.214588
108.809876	10245.385721	10.718464	-0.025726	5.214576
108.871356	10245.371680	10.723456	-0.025741	5.214574
108.793626	10245.423250	10.728448	-0.025722	5.214585
108.784295	10245.452377	10.733440	-0.025720	5.214592
108.824335	10245.446956	10.738432	-0.025730	5.214591
108.706196	10245.437448	10.743424	-0.025701	5.214586
108.741274	10245.386471	10.748416	-0.025710	5.214574
108.724194	10245.445834	10.753408	-0.025706	5.214588
108.683710	10245.430840	10.758400	-0.025696	5.214584
108.721578	10245.464035	10.763392	-0.025705	5.214593
108.831756	10245.437270	10.768384	-0.025731	5.214589
108.886876	10245.400853	10.773376	-0.025744	5.214582
108.900434	10245.432727	10.778368	-0.025748	5.214590
108.910345	10245.377959	10.783360	-0.025750	5.214576
108.926623	10245.460741	10.788352	-0.025754	5.214597
108.876220	10245.427578	10.793344	-0.025742	5.214588
108.824162	10245.340840	10.798336	-0.025729	5.214565
108.856350	10245.442447	10.803328	-0.025737	5.214591
108.812380	10245.375346	10.808320	-0.025727	5.214573
108.850177	10245.407269	10.813312	-0.025736	5.214582
108.853296	10245.360883	10.818304	-0.025736	5.214571
108.733311	10245.368202	10.823296	-0.025708	5.214570
108.733082	10245.443736	10.828288	-0.025708	5.214588
108.742017	10245.400586	10.833280	-0.025710	5.214578
108.936477	10245.416277	10.838272	-0.025756	5.214587
108.755970	10245.399154	10.843264	-0.025713	5.214578
108.839908	10245.391744	10.848256	-0.025733	5.214578
108.933698	10245.446019	10.853248	-0.025755	5.214594
108.820017	10245.432210	10.858240	-0.025728	5.214587
108.896656	10245.397402	10.863232	-0.025747	5.214581
108.887163	10245.399672	10.868224	-0.025744	5.214581
108.688133	10245.326882	10.873216	-0.025697	5.214558
108.835078	10245.391006	10.878208	-0.025732	5.214578
108.797665	10245.393609	10.883200	-0.025723	5.214577
108.913097	10245.448201	10.888192	-0.025750	5.214594
108.794400	10245.373486	10.893184	-0.025722	5.214572
108.872074	10245.465262	10.898176	-0.025741	5.214597
108.833692	10245.462847	10.903168	-0.025731	5.214595
108.852038	10245.432799	10.908160	-0.025736	5.214588
108.901972	10245.458346	10.913152	-0.025748	5.214596
108.880514	10245.388912	10.918144	-0.025743	5.214578
108.929560	10245.303216	10.923136	-0.025754	5.214559
108.984195	10245.465204	10.928128	-0.025767	5.214600
108.864998	10245.441728	10.933120	-0.025739	5.214591
108.820403	10245.459153	10.938112	-0.025728	5.214594
108.786006	10245.435849	10.943104	-0.025720	5.214587
108.744312	10245.431218	10.948096	-0.025710	5.214585
108.871827	10245.434649	10.953088	-0.025740	5.214589
108.869046	10245.393994	10.958080	-0.025740	5.214579
108.778570	10245.436647	10.963072	-0.025718	5.214587
108.850843	10245.352383	10.968064	-0.025735	5.214569
108.901239	10245.397077	10.973056	-0.025747	5.214581
108.968941	10245.422062	10.978048	-0.025763	5.214589
108.751152	10245.401124	10.983040	-0.025711	5.214578
108.757358	10245.438879	10.988032	-0.025713	5.214587
108.869012	10245.400443	10.993024	-0.025740	5.214581
108.727938	10245.402269	10.998016	-0.025706	5.214578
108.806050	10245.446651	11.003008	-0.025724	5.214591
108.663509	10245.516454	11.008000	-0.025690	5.214604
108.715940	10245.453441	11.012992	-0.025703	5.214590
108.877306	10245.448247	11.017984	-0.025741	5.214593
108.987631	10245.462418	11.022976	-0.025768	5.214599
108.968094	10245.475966	11.027968	-0.025763	5.214602
108.806593	10245.403126	11.032960	-0.025724	5.214580
108.991519	10245.409567	11.037952	-0.025769	5.214586
108.868662	10245.412065	11.042944	-0.025739	5.214584
108.759054	10245.469498	11.047936	-0.025713	5.214595
108.907154	10245.454160	11.052928	-0.025748	5.214595
108.954926	10245.360917	11.057920	-0.025760	5.214573
108.764601	10245.459985	11.062912	-0.025714	5.214593
108.766310	10245.388151	11.067904	-0.025715	5.214575
108.794241	10245.394222	11.072896	-0.025721	5.214577
108.762954	10245.364198	11.077888	-0.025714	5.214569
108.795516	10245.342916	11.082880	-0.025722	5.214565
108.739768	10245.385810	11.087872	-0.025708	5.214574
108.676581	10245.393643	11.092864	-0.025693	5.214574
108.853733	10245.385533	11.097856	-0.025736	5.214577
108.893509	10245.373740	11.102848	-0.025745	5.214575
108.868423	10245.328997	11.107840	-0.025739	5.214563
108.875063	10245.325757	11.112832	-0.025741	5.214563
108.883555	10245.345359	11.117824	-0.025743	5.214568
109.040906	10245.414804	11.122816	-0.025780	5.214589
108.915429	10245.425251	11.127808	-0.025750	5.214588
108.771810	10245.426061	11.132800	-0.025716	5.214585
108.943183	10245.424949	11.137792	-0.025757	5.214589
108.760598	10245.414439	11.142784	-0.025713	5.214582
108.985427	10245.306691	11.147776	-0.025767	5.214561
108.939812	10245.290949	11.152768	-0.025756	5.214556
108.935683	10245.325936	11.157760	-0.025755	5.214564
108.943411	10245.391687	11.162752	-0.025757	5.214581
108.904327	10245.380386	11.167744	-0.025747	5.214577
108.962027	10245.256682	11.172736	-0.025761	5.214548
108.988203	10245.307724	11.177728	-0.025767	5.214561
109.013937	10245.257716	11.182720	-0.025774	5.214550
109.158772	10245.386044	11.187712	-0.025808	5.214585
109.025284	10245.388364	11.192704	-0.025776	5.214582
109.003663	10245.397009	11.197696	-0.025771	5.214583
108.917255	10245.391892	11.202688	-0.025750	5.214580
108.808188	10245.344332	11.207680	-0.025724	5.214566
108.858253	10245.345550	11.212672	-0.025736	5.214567
108.895980	10245.348047	11.217664	-0.025745	5.214569
108.857767	10245.382726	11.222656	-0.025736	5.214576
108.770673	10245.407113	11.227648	-0.025715	5.214580
108.819822	10245.372594	11.232640	-0.025727	5.214573
108.912327	10245.389890	11.237632	-0.025749	5.214579
108.975434	10245.347527	11.242624	-0.025764	5.214571
108.924009	10245.420686	11.247616	-0.025752	5.214587
108.944423	10245.408340	11.252608	-0.025757	5.214585
108.995133	10245.357024	11.257600	-0.025769	5.214573
109.078702	10245.403400	11.262592	-0.025789	5.214587
109.065822	10245.359951	11.267584	-0.025786	5.214576
109.126601	10245.389493	11.272576	-0.025800	5.214585
108.964293	10245.288583	11.277568	-0.025761	5.214556
108.879816	10245.310139	11.282560	-0.025741	5.214559
108.840903	10245.413995	11.287552	-0.025732	5.214583
108.902090	10245.337278	11.292544	-0.025746	5.214566
108.987307	10245.246554	11.297536	-0.025767	5.214546
109.023329	10245.349045	11.302528	-0.025775	5.214572
108.853458	10245.402483	11.307520	-0.025735	5.214581
108.947448	10245.387633	11.312512	-0.025757	5.214580
108.909767	10245.287888	11.317504	-0.025748	5.214554
108.887844	10245.392543	11.322496	-0.025743	5.214579
108.990292	10245.367858	11.327488	-0.025767	5.214576
108.865349	10245.398726	11.332480	-0.025738	5.214580
108.848921	10245.383799	11.337472	-0.025734	5.214576
108.995839	10245.279004	11.342464	-0.025769	5.214554
108.962521	10245.319574	11.347456	-0.025761	5.214563
108.819776	10245.441866	11.352448	-0.025727	5.214590
108.817294	10245.394781	11.357440	-0.025726	5.214578
108.904102	10245.447220	11.362432	-0.025747	5.214593
108.841850	10245.335943	11.367424	-0.025732	5.214564
108.919511	10245.354777	11.372416	-0.025750	5.214571
108.848350	10245.417185	11.377408	-0.025733	5.214584
108.886469	10245.353096	11.382400	-0.025742	5.214570
109.038672	10245.410277	11.387392	-0.025779	5.214587
109.059683	10245.335163	11.392384	-0.025784	5.214570
108.935253	10245.414607	11.397376	-0.025754	5.214586
108.911319	10245.404296	11.402368	-0.025748	5.214583
108.899766	10245.391423	11.407360	-0.025746	5.214579
108.893985	10245.443217	11.412352	-0.025744	5.214592
108.882769	10245.404715	11.417344	-0.025741	5.214582
108.860804	10245.351970	11.422336	-0.025736	5.214569
108.861228	10245.429995	11.427328	-0.025736	5.214588
108.826818	10245.332470	11.432320	-0.025728	5.214563
108.822775	10245.437832	11.437312	-0.025727	5.214589
108.889661	10245.429629	11.442304	-0.025743	5.214588
108.993547	10245.441908	11.447296	-0.025768	5.214594
108.929724	10245.294962	11.452288	-0.025753	5.214556
108.878127	10245.361740	11.457280	-0.025740	5.214571
108.914777	10245.451369	11.462272	-0.025749	5.214594
108.865182	10245.392528	11.467264	-0.025737	5.214579
109.000689	10245.374657	11.472256	-0.025770	5.214578
108.872306	10245.418678	11.477248	-0.025739	5.214585
108.887553	10245.417105	11.482240	-0.025742	5.214585
108.911363	10245.400568	11.487232	-0.025748	5.214582
108.797373	10245.289533	11.492224	-0.025721	5.214552
108.897158	10245.409732	11.497216	-0.025745	5.214584
108.892725	10245.411477	11.502208	-0.025744	5.214584
109.094890	10245.381581	11.507200	-0.025792	5.214582
109.033937	10245.401979	11.512192	-0.025777	5.214585
109.122645	10245.324971	11.517184	-0.025799	5.214569
108.967484	10245.434472	11.522176	-0.025761	5.214592
109.055860	10245.422763	11.527168	-0.025783	5.214591
108.996688	10245.412264	11.532160	-0.025768	5.214587
108.978525	10245.415433	11.537152	-0.025764	5.214587
108.965950	10245.322044	11.542144	-0.025761	5.214564
108.957714	10245.375372	11.547136	-0.025759	5.214577
108.851029	10245.382593	11.552128	-0.025733	5.214576
108.880282	10245.352695	11.557120	-0.025740	5.214569
108.918240	10245.444747	11.562112	-0.025750	5.214593
108.889287	10245.405523	11.567104	-0.025743	5.214582
108.855436	10245.449988	11.572096	-0.025734	5.214592
108.965941	10245.448784	11.577088	-0.025761	5.214595
109.080298	10245.399831	11.582080	-0.025788	5.214586
109.015576	10245.411662	11.587072	-0.025773	5.214587
108.916983	10245.377094	11.592064	-0.025749	5.214576
108.961101	10245.346935	11.597056	-0.025760	5.214570
108.925524	10245.386460	11.602048	-0.025751	5.214579
108.997244	10245.436623	11.607040	-0.025768	5.214593
108.915692	10245.455317	11.612032	-0.025749	5.214595
108.824207	10245.466082	11.617024	-0.025727	5.214596
108.891319	10245.401549	11.622016	-0.025743	5.214582
108.971354	10245.335676	11.627008	-0.025762	5.214567
109.017294	10245.379552	11.632000	-0.025773	5.214579
108.953620	10245.429666	11.636992	-0.025758	5.214590
108.995741	10245.383079	11.641984	-0.025768	5.214580
108.963051	10245.438941	11.646976	-0.025760	5.214592
109.086340	10245.371146	11.651968	-0.025789	5.214579
109.169974	10245.329216	11.656960	-0.025809	5.214571
109.146553	10245.421229	11.661952	-0.025804	5.214593
108.995526	10245.413848	11.666944	-0.025768	5.214587
108.785807	10245.462457	11.671936	-0.025717	5.214594
108.780963	10245.442490	11.676928	-0.025716	5.214589
108.840264	10245.380046	11.681920	-0.025730	5.214575
108.881777	10245.425660	11.686912	-0.025740	5.214587
109.011670	10245.277840	11.691904	-0.025771	5.214554
108.989828	10245.410640	11.696896	-0.025766	5.214586
109.013012	10245.399287	11.701888	-0.025772	5.214584
109.040435	10245.399012	11.706880	-0.025778	5.214585
109.077919	10245.419450	11.711872	-0.025787	5.214591
109.096853	10245.427733	11.716864	-0.025792	5.214593
109.205326	10245.445935	11.721856	-0.025818	5.214600
109.092951	10245.442228	11.726848	-0.025791	5.214597
108.993715	10245.430761	11.731840	-0.025767	5.214591
108.956437	10245.401357	11.736832	-0.025758	5.214583
109.025591	10245.343010	11.741824	-0.025775	5.214571
108.952725	10245.400475	11.746816	-0.025757	5.214583
109.036890	10245.253553	11.751808	-0.025777	5.214549
108.949634	10245.350901	11.756800	-0.025756	5.214571
109.063132	10245.383938	11.761792	-0.025784	5.214582
109.089210	10245.342852	11.766784	-0.025790	5.214572
109.109763	10245.395757	11.771776	-0.025795	5.214586
109.089661	10245.388888	11.776768	-0.025790	5.214583
109.077509	10245.338966	11.781760	-0.025787	5.214571
109.129103	10245.407850	11.786752	-0.025799	5.214589
109.080329	10245.338687	11.791744	-0.025788	5.214571
108.913540	10245.380289	11.796736	-0.025748	5.214577
108.891568	10245.399208	11.801728	-0.025742	5.214581
108.872785	10245.311582	11.806720	-0.025738	5.214559
109.099478	10245.408394	11.811712	-0.025792	5.214588
108.928081	10245.359614	11.816704	-0.025751	5.214572
108.952615	10245.427463	11.821696	-0.025757	5.214589
108.994962	10245.351418	11.826688	-0.025767	5.214572
109.078418	10245.347897	11.831680	-0.025787	5.214573
109.281807	10245.378021	11.836672	-0.025836	5.214586
109.056184	10245.260635	11.841664	-0.025782	5.214551
109.117964	10245.345100	11.846656	-0.025796	5.214573
108.941446	10245.349319	11.851648	-0.025754	5.214570
109.065456	10245.373589	11.856640	-0.025784	5.214579
109.060145	10245.374146	11.861632	-0.025783	5.214579
109.093870	10245.387295	11.866624	-0.025791	5.214583
109.041663	10245.419585	11.871616	-0.025778	5.214590
108.993950	10245.329836	11.876608	-0.025767	5.214566
108.884350	10245.338639	11.881600	-0.025740	5.214566
109.082840	10245.376948	11.886592	-0.025788	5.214580
109.143799	10245.228590	11.891584	-0.025802	5.214546
109.084664	10245.360136	11.896576	-0.025788	5.214576
108.947784	10245.356408	11.901568	-0.025756	5.214572
109.140099	10245.340329	11.906560	-0.025801	5.214573
109.122006	10245.374203	11.911552	-0.025797	5.214581
109.129667	10245.347822	11.916544	-0.025799	5.214574
109.135060	10245.371585	11.921536	-0.025800	5.214580
108.959637	10245.347536	11.926528	-0.025758	5.214570
109.031540	10245.319618	11.931520	-0.025775	5.214565
109.172724	10245.398416	11.936512	-0.025809	5.214588
109.091432	10245.300629	11.941504	-0.025790	5.214562
109.081277	10245.401506	11.946496	-0.025787	5.214586
109.249109	10245.409719	11.951488	-0.025827	5.214592
109.088543	10245.404606	11.956480	-0.025789	5.214587
109.089954	10245.362236	11.961472	-0.025789	5.214577
109.217078	10245.315799	11.966464	-0.025820	5.214569
109.128393	10245.382581	11.971456	-0.025798	5.214583
109.228144	10245.300589	11.976448	-0.025822	5.214565
109.225934	10245.316182	11.981440	-0.025822	5.214569
109.147526	10245.348627	11.986432	-0.025803	5.214575
109.156878	10245.231210	11.991424	-0.025805	5.214546
108.982262	10245.340168	11.996416	-0.025763	5.214569
109.082861	10245.341270	12.001408	-0.025788	5.214571
109.001500	10245.313874	12.006400	-0.025768	5.214563
108.917050	10245.400693	12.011392	-0.025748	5.214582
109.035271	10245.352619	12.016384	-0.025776	5.214573
109.000070	10245.452252	12.021376	-0.025768	5.214597
108.912715	10245.407561	12.026368	-0.025747	5.214583
108.927856	10245.336895	12.031360	-0.025750	5.214566
109.045129	10245.390017	12.036352	-0.025778	5.214582
109.044607	10245.376001	12.041344	-0.025778	5.214579
109.037396	10245.449698	12.046336	-0.025776	5.214597
108.983414	10245.366998	12.051328	-0.025764	5.214575
108.966402	10245.353410	12.056320	-0.025759	5.214571
108.954774	10245.401971	12.061312	-0.025757	5.214583
108.929524	10245.358525	12.066304	-0.025751	5.214572
108.955439	10245.398077	12.071296	-0.025757	5.214582
108.939036	10245.370350	12.076288	-0.025753	5.214575
109.087527	10245.296105	12.081280	-0.025788	5.214561
109.077351	10245.316362	12.086272	-0.025786	5.214565
109.043183	10245.335265	12.091264	-0.025778	5.214569
109.054096	10245.414764	12.096256	-0.025780	5.214589
109.204811	10245.377400	12.101248	-0.025816	5.214583
109.211716	10245.376692	12.106240	-0.025818	5.214583
109.049561	10245.411415	12.111232	-0.025779	5.214588
109.128298	10245.341837	12.116224	-0.025798	5.214573
109.062502	10245.435682	12.121216	-0.025782	5.214594
108.986997	10245.389763	12.126208	-0.025764	5.214581
109.025457	10245.398583	12.131200	-0.025773	5.214584
108.942095	10245.418744	12.136192	-0.025753	5.214587
108.844863	10245.353322	12.141184	-0.025730	5.214568
108.908538	10245.427353	12.146176	-0.025745	5.214588
108.900253	10245.369351	12.151168	-0.025743	5.214574
108.970176	10245.386428	12.156160	-0.025760	5.214580
108.951593	10245.338451	12.161152	-0.025756	5.214567
109.104616	10245.282933	12.166144	-0.025792	5.214558
109.132015	10245.236591	12.171136	-0.025799	5.214547
109.196861	10245.325858	12.176128	-0.025814	5.214571
109.190870	10245.444219	12.181120	-0.025813	5.214599
109.102759	10245.426481	12.186112	-0.025792	5.214593
109.052509	10245.339554	12.191104	-0.025780	5.214570
109.202444	10245.340663	12.196096	-0.025815	5.214574
109.163799	10245.357471	12.201088	-0.025806	5.214577
108.989786	10245.388303	12.206080	-0.025765	5.214581
109.021522	10245.335113	12.211072	-0.025772	5.214568
108.996465	10245.267332	12.216064	-0.025766	5.214551
109.070122	10245.410714	12.221056	-0.025784	5.214588
109.077898	10245.379202	12.226048	-0.025786	5.214581
109.105593	10245.359703	12.231040	-0.025792	5.214576
109.080225	10245.410967	12.236032	-0.025786	5.214588
109.119841	10245.257143	12.241024	-0.025796	5.214552
109.042734	10245.389271	12.246016	-0.025777	5.214582
109.058442	10245.386370	12.251008	-0.025781	5.214582
109.069337	10245.431318	12.256000	-0.025783	5.214593
109.062817	10245.437119	12.260992	-0.025782	5.214594
109.080117	10245.413579	12.265984	-0.025786	5.214589
109.215719	10245.413613	12.270976	-0.025818	5.214592
109.104022	10245.345850	12.275968	-0.025792	5.214573
109.106304	10245.458236	12.280960	-0.025792	5.214601
109.205216	10245.378890	12.285952	-0.025816	5.214584
109.217973	10245.445400	12.290944	-0.025819	5.214600
109.129669	10245.451996	12.295936	-0.025798	5.214600
109.165714	10245.331814	12.300928	-0.025806	5.214571
109.227126	10245.417598	12.305920	-0.025821	5.214594
109.216285	10245.414889	12.310912	-0.025818	5.214593
109.147945	10245.369507	12.315904	-0.025802	5.214580
109.245743	10245.448963	12.320896	-0.025825	5.214602
109.132695	10245.331430	12.325888	-0.025798	5.214570
109.057637	10245.424954	12.330880	-0.025780	5.214591
109.211627	10245.353979	12.335872	-0.025817	5.214578
109.040678	10245.365298	12.340864	-0.025776	5.214576
109.105197	10245.398292	12.345856	-0.025792	5.214586
109.150036	10245.382136	12.350848	-0.025802	5.214583
109.220280	10245.308320	12.355840	-0.025819	5.214567
109.023692	10245.399078	12.360832	-0.025772	5.214584
109.079802	10245.367677	12.365824	-0.025786	5.214578
109.064656	10245.419162	12.370816	-0.025782	5.214590
109.040428	10245.323141	12.375808	-0.025776	5.214566
109.193655	10245.348224	12.380800	-0.025813	5.214576
109.046775	10245.349371	12.385792	-0.025778	5.214572
109.100640	10245.386028	12.390784	-0.025791	5.214583
109.142343	10245.416267	12.395776	-0.025801	5.214591
109.181192	10245.343144	12.400768	-0.025810	5.214574
109.158649	10245.358283	12.405760	-0.025804	5.214577
109.132869	10245.362241	12.410752	-0.025798	5.214578
109.006027	10245.361312	12.415744	-0.025768	5.214574
109.062480	10245.422015	12.420736	-0.025781	5.214591
109.190822	10245.371613	12.425728	-0.025812	5.214582
109.143127	10245.368883	12.430720	-0.025801	5.214580
109.134585	10245.369775	12.435712	-0.025799	5.214580
109.188304	10245.333503	12.440704	-0.025811	5.214572
109.245715	10245.403065	12.445696	-0.025825	5.214591
109.198957	10245.328574	12.450688	-0.025814	5.214571
109.184986	10245.356902	12.455680	-0.025811	5.214578
109.138485	10245.332293	12.460672	-0.025799	5.214571
109.017306	10245.385806	12.465664	-0.025770	5.214581
109.069623	10245.434140	12.470656	-0.025783	5.214594
109.119880	10245.364955	12.475648	-0.025795	5.214578
109.175711	10245.393729	12.480640	-0.025808	5.214587
109.207776	10245.389134	12.485632	-0.025816	5.214586
108.988767	10245.300497	12.490624	-0.025763	5.214559
108.970544	10245.404768	12.495616	-0.025759	5.214584
109.244911	10245.384028	12.500608	-0.025825	5.214586
109.092448	10245.387033	12.505600	-0.025788	5.214583
109.076892	10245.389931	12.510592	-0.025784	5.214583
109.037892	10245.346629	12.515584	-0.025775	5.214571
109.015343	10245.404000	12.520576	-0.025770	5.214585
109.041158	10245.356542	12.525568	-0.025776	5.214574
109.036933	10245.349309	12.530560	-0.025775	5.214572
109.181578	10245.358644	12.535552	-0.025809	5.214578
109.190921	10245.346165	12.540544	-0.025812	5.214575
109.181076	10245.333115	12.545536	-0.025809	5.214572
109.170803	10245.288117	12.550528	-0.025807	5.214561
109.314020	10245.315516	12.555520	-0.025841	5.214571
109.198045	10245.342895	12.560512	-0.025813	5.214575
109.259746	10245.313474	12.565504	-0.025828	5.214569
109.251038	10245.345097	12.570496	-0.025826	5.214576
109.379848	10245.302325	12.575488	-0.025857	5.214569
109.390529	10245.399764	12.580480	-0.025859	5.214593
109.093036	10245.393480	12.585472	-0.025788	5.214584
109.235458	10245.391528	12.590464	-0.025822	5.214587
109.117740	10245.402451	12.595456	-0.025794	5.214587
109.069667	10245.398481	12.600448	-0.025782	5.214585
108.994966	10245.442059	12.605440	-0.025765	5.214594
109.075161	10245.410722	12.610432	-0.025784	5.214588
109.104307	10245.341164	12.615424	-0.025791	5.214572
109.050168	10245.400528	12.620416	-0.025778	5.214585
109.058788	10245.380446	12.625408	-0.025780	5.214580
109.377573	10245.361502	12.630400	-0.025856	5.214584
109.129416	10245.383380	12.635392	-0.025797	5.214583
109.125489	10245.291654	12.640384	-0.025796	5.214560
109.309624	10245.331450	12.645376	-0.025840	5.214575
109.219454	10245.352317	12.650368	-0.025818	5.214577
109.256789	10245.335658	12.655360	-0.025827	5.214574
109.123850	10245.371193	12.660352	-0.025795	5.214580
109.160360	10245.320068	12.665344	-0.025804	5.214568
109.081267	10245.351304	12.670336	-0.025785	5.214574
109.004595	10245.360534	12.675328	-0.025767	5.214574
109.195735	10245.423920	12.680320	-0.025812	5.214594
108.982725	10245.338500	12.685312	-0.025761	5.214568
109.090373	10245.297920	12.690304	-0.025787	5.214561
109.230011	10245.408872	12.695296	-0.025821	5.214592
109.042659	10245.382219	12.700288	-0.025776	5.214580
109.130533	10245.373122	12.705280	-0.025797	5.214580
109.076514	10245.386403	12.710272	-0.025784	5.214582
109.126804	10245.388878	12.715264	-0.025796	5.214584
109.080869	10245.434595	12.720256	-0.025785	5.214594
108.963439	10245.416055	12.725248	-0.025757	5.214587
108.925664	10245.430213	12.730240	-0.025748	5.214589
108.824705	10245.433002	12.735232	-0.025723	5.214587
108.934605	10245.356357	12.740224	-0.025750	5.214571
109.051681	10245.414618	12.745216	-0.025778	5.214588
109.019372	10245.384700	12.750208	-0.025770	5.214580
109.139140	10245.379976	12.755200	-0.025799	5.214582
109.031967	10245.378290	12.760192	-0.025773	5.214579
109.135650	10245.359876	12.765184	-0.025798	5.214577
109.199625	10245.424919	12.770176	-0.025813	5.214595
109.237901	10245.381289	12.775168	-0.025822	5.214585
109.061074	10245.391937	12.780160	-0.025780	5.214583
109.222527	10245.294595	12.785152	-0.025818	5.214563
109.068997	10245.361697	12.790144	-0.025782	5.214576
109.100192	10245.385346	12.795136	-0.025789	5.214582
109.114904	10245.342877	12.800128	-0.025793	5.214572
109.169174	10245.443478	12.805120	-0.025806	5.214598
109.079258	10245.440003	12.810112	-0.025784	5.214595
109.109396	10245.475279	12.815104	-0.025791	5.214605
109.170006	10245.413979	12.820096	-0.025806	5.214591
109.095480	10245.425546	12.825088	-0.025788	5.214592
109.171050	10245.433080	12.830080	-0.025806	5.214596
109.200829	10245.258519	12.835072	-0.025813	5.214554
109.097283	10245.343478	12.840064	-0.025788	5.214572
109.179963	10245.363072	12.845056	-0.025808	5.214579
109.185433	10245.347156	12.850048	-0.025809	5.214575
109.226638	10245.420956	12.855040	-0.025819	5.214594
109.096320	10245.392234	12.860032	-0.025788	5.214584
108.961355	10245.406224	12.865024	-0.025756	5.214584
109.041434	10245.413290	12.870016	-0.025775	5.214588
109.210033	10245.393270	12.875008	-0.025815	5.214587
109.161883	10245.455853	12.880000	-0.025804	5.214601
109.123273	10245.436825	12.884992	-0.025794	5.214596
109.229467	10245.400235	12.889984	-0.025820	5.214589
109.188159	10245.375088	12.894976	-0.025810	5.214582
109.216693	10245.356782	12.899968	-0.025817	5.214578
109.125260	10245.390576	12.904960	-0.025795	5.214584
109.076177	10245.329123	12.909952	-0.025783	5.214568
109.226208	10245.236803	12.914944	-0.025819	5.214549
109.226086	10245.273934	12.919936	-0.025819	5.214558
109.052245	10245.309868	12.924928	-0.025777	5.214563
109.119926	10245.360450	12.929920	-0.025793	5.214577
109.117127	10245.313397	12.934912	-0.025793	5.214565
109.150175	10245.385483	12.939904	-0.025801	5.214584
109.050369	10245.420145	12.944896	-0.025777	5.214590
108.968287	10245.382586	12.949888	-0.025757	5.214578
109.122059	10245.452403	12.954880	-0.025794	5.214599
108.978813	10245.387908	12.959872	-0.025760	5.214580
109.098025	10245.394759	12.964864	-0.025788	5.214585
109.250422	10245.345705	12.969856	-0.025825	5.214576
109.130737	10245.367069	12.974848	-0.025796	5.214579
109.185410	10245.431796	12.979840	-0.025809	5.214596
109.223031	10245.361360	12.984832	-0.025818	5.214580
109.210524	10245.303795	12.989824	-0.025815	5.214565
109.160975	10245.363964	12.994816	-0.025803	5.214579
109.226282	10243.246469	12.999808	-0.025818	5.214062
109.128149	10238.174959	13.004813	-0.025795	5.212819
109.080985	10232.984578	13.009818	-0.025783	5.211548
109.123448	10228.041230	13.014823	-0.025792	5.210339
109.186641	10223.152964	13.019827	-0.025807	5.209144
109.200714	10217.975168	13.024832	-0.025810	5.207876
109.109049	10212.841534	13.029837	-0.025788	5.206617
109.072315	10207.735279	13.034842	-0.025778	5.205365
109.125069	10202.465482	13.039847	-0.025790	5.204075
108.953074	10197.356806	13.044851	-0.025749	5.202818
108.995931	10192.159381	13.049856	-0.025759	5.201545
108.932426	10187.273536	13.054861	-0.025743	5.200345
108.819043	10182.324087	13.059866	-0.025715	5.199128
108.897796	10177.169827	13.064871	-0.025734	5.197866
108.835190	10172.016441	13.069875	-0.025718	5.196599
108.738539	10166.563987	13.074880	-0.025695	5.195259
108.730836	10161.003125	13.079885	-0.025692	5.193893
108.741520	10155.833262	13.084890	-0.025694	5.192624
108.664276	10150.721000	13.089895	-0.025675	5.191366
108.645468	10145.880753	13.094899	-0.025670	5.190176
108.512787	10140.812392	13.099904	-0.025638	5.188927
108.724674	10135.619741	13.104909	-0.025688	5.187656
108.667854	10130.479778	13.109914	-0.025674	5.186391
108.642390	10125.340279	13.114919	-0.025668	5.185126
108.556189	10120.131124	13.119923	-0.025647	5.183842
108.467456	10114.956539	13.124928	-0.025625	5.182566
108.548174	10109.810771	13.129933	-0.025644	5.181302
108.472826	10104.992349	13.134938	-0.025625	5.180114
108.545820	10099.910670	13.139943	-0.025642	5.178864
108.444884	10094.812129	13.144947	-0.025618	5.177606
108.335179	10089.628372	13.149952	-0.025591	5.176326
108.296663	10084.170983	13.154957	-0.025581	5.174980
108.301957	10078.857203	13.159962	-0.025582	5.173670
108.300907	10073.736631	13.164967	-0.025581	5.172408
108.199989	10068.643294	13.169971	-0.025556	5.171149
108.291993	10063.818877	13.174976	-0.025578	5.169961
108.325288	10058.693197	13.179981	-0.025585	5.168698
108.090155	10053.529577	13.184986	-0.025529	5.167417
108.052295	10048.380023	13.189991	-0.025519	5.166145
108.028268	10043.160710	13.194995	-0.025513	5.164855
108.131653	10037.989505	13.200000	-0.025537	5.163581
108.117867	10032.841163	13.205005	-0.025533	5.162309
108.133368	10027.689636	13.210010	-0.025537	5.161036
108.111588	10022.914769	13.215015	-0.025531	5.159855
108.118411	10017.868915	13.220019	-0.025532	5.158608
107.953413	10012.702970	13.225024	-0.025492	5.157326
107.995319	10007.432375	13.230029	-0.025502	5.156024
107.913346	10001.699764	13.235034	-0.025482	5.154603
107.849351	9996.524316	13.240039	-0.025466	5.153321
107.875641	9991.396986	13.245043	-0.025472	5.152052
107.982982	9986.335107	13.250048	-0.025497	5.150802
107.881777	9981.509194	13.255053	-0.025472	5.149604
107.790316	9976.349405	13.260058	-0.025450	5.148323
107.752340	9971.208951	13.265063	-0.025440	5.147049
107.788843	9966.066574	13.270067	-0.025448	5.145775
107.794890	9960.786542	13.275072	-0.025449	5.144466
107.704629	9955.688492	13.280077	-0.025427	5.143200
107.501814	9950.540039	13.285082	-0.025378	5.141917
107.542499	9945.607438	13.290087	-0.025388	5.140695
107.613551	9940.619782	13.295091	-0.025404	5.139459
107.777697	9935.425470	13.300096	-0.025443	5.138174
107.559267	9930.366896	13.305101	-0.025390	5.136912
107.460871	9924.971896	13.310106	-0.025366	5.135570
107.563778	9919.582205	13.315111	-0.025390	5.134234
107.523249	9914.427311	13.320115	-0.025380	5.132952
107.624710	9909.220110	13.325120	-0.025404	5.131661
107.543600	9904.402632	13.330125	-0.025384	5.130461
107.440889	9899.358977	13.335130	-0.025359	5.129204
107.340073	9894.210939	13.340135	-0.025334	5.127921
107.353827	9889.120329	13.345139	-0.025337	5.126655
107.263239	9883.838252	13.350144	-0.025315	5.125338
107.373867	9878.711681	13.355149	-0.025341	5.124065
107.191467	9873.560546	13.360154	-0.025297	5.122778
107.382142	9868.428706	13.365159	-0.025342	5.121505
107.163498	9863.716693	13.370163	-0.025289	5.120326
107.263886	9858.541113	13.375168	-0.025313	5.119039
107.154085	9853.424497	13.380173	-0.025286	5.117761
107.237673	9848.265914	13.385178	-0.025305	5.116477
107.059682	9842.626296	13.390183	-0.025262	5.115066
107.115453	9837.521150	13.395187	-0.025275	5.113795
107.149885	9832.302062	13.400192	-0.025283	5.112494
106.875111	9827.286003	13.405197	-0.025217	5.111234
106.884026	9822.396414	13.410202	-0.025218	5.110014
106.985572	9817.261049	13.415207	-0.025242	5.108735
106.916377	9812.085253	13.420211	-0.025225	5.107441
106.954554	9806.858474	13.425216	-0.025234	5.106136
106.891026	9801.635957	13.430221	-0.025218	5.104830
106.832181	9796.512942	13.435226	-0.025203	5.103548
106.943046	9791.379185	13.440231	-0.025230	5.102268
106.856802	9786.440457	13.445235	-0.025208	5.101031
106.752680	9781.460076	13.450240	-0.025183	5.099782
106.802692	9776.294667	13.455245	-0.025195	5.098491
106.802969	9771.143789	13.460250	-0.025194	5.097203
106.657562	9765.756632	13.465255	-0.025159	5.095850
106.741780	9760.444087	13.470259	-0.025178	5.094523
106.542824	9755.203166	13.475264	-0.025130	5.093205
106.520678	9750.105138	13.480269	-0.025125	5.091927
106.630518	9745.253464	13.485274	-0.025150	5.090715
106.648117	9740.185686	13.490279	-0.025154	5.089445
106.522058	9735.027563	13.495283	-0.025123	5.088149
106.425317	9729.863636	13.500288	-0.025100	5.086851
106.491960	9724.645867	13.505293	-0.025115	5.085545
106.521617	9719.486012	13.510298	-0.025122	5.084251
106.382076	9714.277603	13.515303	-0.025088	5.082940
106.536082	9709.202838	13.520307	-0.025124	5.081671
106.470795	9704.419898	13.525312	-0.025108	5.080469
106.402456	9699.350042	13.530317	-0.025091	5.079194
106.214576	9694.158820	13.535322	-0.025046	5.077884
106.084014	9688.908814	13.540327	-0.025014	5.076562
106.142893	9683.303728	13.545331	-0.025028	5.075155
106.162746	9678.050025	13.550336	-0.025032	5.073835
106.156572	9672.890150	13.555341	-0.025030	5.072537
106.145035	9667.913455	13.560346	-0.025027	5.071285
106.230537	9663.000961	13.565351	-0.025047	5.070052
106.100590	9657.929076	13.570355	-0.025015	5.068772
106.065118	9652.669933	13.575360	-0.025006	5.067448
106.115369	9647.493753	13.580365	-0.025018	5.066146
105.995498	9642.311847	13.585370	-0.024989	5.064838
106.006786	9637.162795	13.590375	-0.024991	5.063541
105.840517	9632.013918	13.595379	-0.024951	5.062239
105.794165	9627.179131	13.600384	-0.024939	5.061019
105.816905	9622.187419	13.605389	-0.024944	5.059761
105.883024	9616.980037	13.610394	-0.024959	5.058451
105.802777	9611.828640	13.615399	-0.024940	5.057149
105.759023	9606.279471	13.620403	-0.024929	5.055748
105.703167	9601.072274	13.625408	-0.024915	5.054432
105.686923	9595.928479	13.630413	-0.024911	5.053133
105.684965	9590.806550	13.635418	-0.024910	5.051840
105.695236	9585.971254	13.640423	-0.024912	5.050620
105.661327	9580.916281	13.645427	-0.024903	5.049342
105.673784	9575.698854	13.650432	-0.024905	5.048024
105.659114	9570.621937	13.655437	-0.024901	5.046741
105.490411	9565.278436	13.660442	-0.024861	5.045385
105.428028	9560.181582	13.665447	-0.024845	5.044094
105.497716	9554.999698	13.670451	-0.024861	5.042786
105.447019	9550.034871	13.675456	-0.024849	5.041528
105.536550	9545.148031	13.680461	-0.024870	5.040294
105.343974	9539.994477	13.685466	-0.024823	5.038984
105.468934	9534.828350	13.690471	-0.024853	5.037680
105.436604	9529.375743	13.695475	-0.024844	5.036298
105.487159	9523.912071	13.700480	-0.024856	5.034916
105.515508	9518.734723	13.705485	-0.024862	5.033605
105.320932	9513.613054	13.710490	-0.024815	5.032301
105.224936	9508.740530	13.715495	-0.024792	5.031062
105.429332	9503.618244	13.720499	-0.024840	5.029770
105.182515	9498.476217	13.725504	-0.024781	5.028458
105.157675	9493.411722	13.730509	-0.024774	5.027172
105.160085	9488.042577	13.735514	-0.024774	5.025810
105.275425	9482.886046	13.740519	-0.024801	5.024505
105.016441	9477.776904	13.745523	-0.024739	5.023199
105.179583	9472.703183	13.750528	-0.024777	5.021916
105.094431	9467.950119	13.755533	-0.024757	5.020706
105.122661	9462.708782	13.760538	-0.024763	5.019375
105.143495	9457.555714	13.765543	-0.024767	5.018066
105.014455	9452.299745	13.770547	-0.024736	5.016726
104.933450	9446.864959	13.775552	-0.024716	5.015341
105.046244	9441.698508	13.780557	-0.024743	5.014030
104.889984	9436.482124	13.785562	-0.024705	5.012698
104.833261	9431.595785	13.790567	-0.024691	5.011453
104.813173	9426.660748	13.795571	-0.024685	5.010196
104.723137	9421.480669	13.800576	-0.024663	5.008874
104.826832	9416.351369	13.805581	-0.024688	5.007571
104.744047	9411.116765	13.810586	-0.024667	5.006235
104.710415	9405.949716	13.815591	-0.024659	5.004917
104.901953	9400.749754	13.820595	-0.024704	5.003598
104.797380	9395.613888	13.825600	-0.024679	5.002285
104.703317	9390.935865	13.830605	-0.024656	5.001089
104.659280	9385.781580	13.835610	-0.024645	4.999773
104.670574	9380.591132	13.840615	-0.024647	4.998448
104.628036	9375.383140	13.845619	-0.024636	4.997118
104.599991	9369.686862	13.850624	-0.024629	4.995663
104.501315	9364.514540	13.855629	-0.024605	4.994339
104.423107	9359.336149	13.860634	-0.024586	4.993013
104.350314	9354.450465	13.865639	-0.024568	4.991763
104.360502	9349.512789	13.870643	-0.024570	4.990501
104.469264	9344.331880	13.875648	-0.024595	4.989180
104.466311	9339.200638	13.880653	-0.024594	4.987868
104.485460	9333.973971	13.885658	-0.024598	4.986532
104.449955	9328.800779	13.890663	-0.024589	4.985207
104.314872	9323.614785	13.895667	-0.024557	4.983876
104.355251	9318.442052	13.900672	-0.024566	4.982553
104.285985	9313.741824	13.905677	-0.024549	4.981347
104.380061	9308.650187	13.910682	-0.024571	4.980046
104.259329	9303.451990	13.915687	-0.024541	4.978711
104.273517	9298.292818	13.920691	-0.024544	4.977389
104.217261	9292.615460	13.925696	-0.024530	4.975932
104.177517	9287.564690	13.930701	-0.024520	4.974636
104.106435	9282.339114	13.935706	-0.024503	4.973293
104.070032	9277.350250	13.940711	-0.024494	4.972012
104.186898	9272.497520	13.945715	-0.024521	4.970771
104.116233	9267.351393	13.950720	-0.024504	4.969448
104.200576	9262.164840	13.955725	-0.024523	4.968119
104.037671	9257.045511	13.960730	-0.024484	4.966799
103.962927	9251.846960	13.965735	-0.024466	4.965461
103.913941	9246.726697	13.970739	-0.024453	4.964144
103.818180	9241.454731	13.975744	-0.024430	4.962786
103.973234	9236.728619	13.980749	-0.024467	4.961576
103.974081	9231.686065	13.985754	-0.024466	4.960280
103.920237	9226.497773	13.990759	-0.024453	4.958944
103.782293	9221.301169	13.995763	-0.024419	4.957602
103.682888	9215.612172	14.000768	-0.024395	4.956135
103.817346	9210.458394	14.005773	-0.024427	4.954813
103.731489	9205.202454	14.010778	-0.024406	4.953456
103.610852	9200.238540	14.015783	-0.024376	4.952174
103.698124	9195.390629	14.020787	-0.024397	4.950928
103.622770	9190.187166	14.025792	-0.024378	4.949584
103.682894	9184.978352	14.030797	-0.024392	4.948244
103.696821	9179.861720	14.035802	-0.024395	4.946925
103.530415	9174.697411	14.040807	-0.024355	4.945588
103.664360	9169.526685	14.045811	-0.024386	4.944258
103.617219	9164.249181	14.050816	-0.024375	4.942895
103.589914	9159.520834	14.055821	-0.024368	4.941674
103.487782	9154.429868	14.060826	-0.024343	4.940356
103.441863	9149.208395	14.065831	-0.024331	4.939006
103.415306	9144.072825	14.070835	-0.024324	4.937678
103.399178	9138.518052	14.075840	-0.024320	4.936243
103.316779	9133.447085	14.080845	-0.024300	4.934929
103.414926	9128.212390	14.085850	-0.024323	4.933579
103.460905	9123.194825	14.090855	-0.024333	4.932283
103.390450	9118.325506	14.095859	-0.024316	4.931021
103.356763	9113.171471	14.100864	-0.024307	4.929687
103.311115	9108.015600	14.105869	-0.024296	4.928351
103.252394	9102.832729	14.110874	-0.024281	4.927007
103.026591	9097.697582	14.115879	-0.024227	4.925670
103.152715	9092.497846	14.120883	-0.024257	4.924327
102.984505	9087.331414	14.125888	-0.024216	4.922983
103.015686	9082.559072	14.130893	-0.024223	4.921747
102.970237	9077.416390	14.135898	-0.024212	4.920412
102.928480	9072.272217	14.140903	-0.024201	4.919077
102.997740	9067.009917	14.145907	-0.024217	4.917715
102.926662	9061.374364	14.150912	-0.024200	4.916250
102.994694	9056.229504	14.155917	-0.024215	4.914917
103.051440	9051.053859	14.160922	-0.024228	4.913576
102.988843	9046.089170	14.165927	-0.024213	4.912285
102.920655	9041.106122	14.170931	-0.024196	4.910988
102.999003	9035.996583	14.175936	-0.024215	4.909663
102.848020	9030.873587	14.180941	-0.024178	4.908327
102.813519	9025.658293	14.185946	-0.024169	4.906970
102.687846	9020.424320	14.190951	-0.024139	4.905605
102.726534	9015.274099	14.195955	-0.024147	4.904267
102.577520	9010.120611	14.200960	-0.024111	4.902921
102.630087	9005.364808	14.205965	-0.024123	4.901685
102.555341	9000.279607	14.210970	-0.024105	4.900359
102.657087	8995.126352	14.215975	-0.024129	4.899021
102.702627	8989.819075	14.220979	-0.024139	4.897640
102.573001	8984.414814	14.225984	-0.024108	4.896228
102.506802	8979.270683	14.230989	-0.024091	4.894885
102.421527	8974.012011	14.235994	-0.024071	4.893511
102.404895	8969.187306	14.240999	-0.024066	4.892253
102.375776	8964.244650	14.246003	-0.024059	4.890963
102.430942	8958.962737	14.251008	-0.024071	4.889587
102.378286	8953.839365	14.256013	-0.024058	4.888248
102.306506	8948.703280	14.261018	-0.024041	4.886905
102.169800	8943.547610	14.266023	-0.024007	4.885554
102.199743	8938.334748	14.271027	-0.024014	4.884194
102.173667	8933.326981	14.276032	-0.024007	4.882885
102.171915	8928.415195	14.281037	-0.024006	4.881602
102.214337	8923.287237	14.286042	-0.024016	4.880263
102.208591	8918.180423	14.291047	-0.024014	4.878928
102.130125	8912.688695	14.296051	-0.023995	4.877489
102.203730	8907.211101	14.301056	-0.024012	4.876058
102.110781	8902.105194	14.306061	-0.023989	4.874719
102.206066	8896.861464	14.311066	-0.024012	4.873350
102.077521	8892.016116	14.316071	-0.023980	4.872077
102.071232	8886.996644	14.321075	-0.023978	4.870762
101.772214	8881.730606	14.326080	-0.023906	4.869372
101.800518	8876.668670	14.331085	-0.023913	4.868047
101.762675	8871.527939	14.336090	-0.023903	4.866698
101.616846	8866.284545	14.341095	-0.023868	4.865318
101.667541	8861.173729	14.346099	-0.023879	4.863980
101.723938	8856.218218	14.351104	-0.023892	4.862682
101.648312	8851.219312	14.356109	-0.023874	4.861368
101.623967	8846.085000	14.361114	-0.023868	4.860019
101.688284	8840.979010	14.366119	-0.023883	4.858681
101.636138	8835.429419	14.371123	-0.023870	4.857222
101.530369	8830.194404	14.376128	-0.023844	4.855843
101.577421	8825.065493	14.381133	-0.023854	4.854497
101.491704	8819.817592	14.386138	-0.023833	4.853115
101.442385	8814.927080	14.391143	-0.023821	4.851827
101.447354	8809.799986	14.396147	-0.023822	4.850479
101.411997	8804.689464	14.401152	-0.023813	4.849133
101.443255	8799.478483	14.406157	-0.023820	4.847763
101.460453	8794.260267	14.411162	-0.023824	4.846391
101.415101	8789.156661	14.416167	-0.023812	4.845045
101.396767	8783.984303	14.421171	-0.023807	4.843683
101.373547	8779.186204	14.426176	-0.023801	4.842418
101.352373	8774.159233	14.431181	-0.023796	4.841093
101.382498	8768.897814	14.436186	-0.023803	4.839707
101.254426	8763.721808	14.441191	-0.023771	4.838338
101.301258	8758.076314	14.446195	-0.023782	4.836851
101.226028	8752.843874	14.451200	-0.023764	4.835468
101.233942	8747.746690	14.456205	-0.023765	4.834123
101.149112	8742.791805	14.461210	-0.023744	4.832812
101.016122	8737.838028	14.466215	-0.023712	4.831499
100.843023	8732.762489	14.471219	-0.023670	4.830153
101.060957	8727.491018	14.476224	-0.023722	4.828768
101.069917	8722.323975	14.481229	-0.023723	4.827403
101.061689	8717.149028	14.486234	-0.023721	4.826035
100.975727	8711.927597	14.491239	-0.023700	4.824652
100.849501	8706.911740	14.496243	-0.023669	4.823320
100.867306	8702.132809	14.501248	-0.023673	4.822057
100.852551	8696.932708	14.506253	-0.023669	4.820680
100.935798	8691.812070	14.511258	-0.023688	4.819328
100.748124	8686.429799	14.516263	-0.023643	4.817896
100.849117	8681.087961	14.521267	-0.023667	4.816485
100.750156	8675.888290	14.526272	-0.023642	4.815104
100.736372	8670.787467	14.531277	-0.023639	4.813752
100.796209	8666.009617	14.536282	-0.023653	4.812488
100.674885	8660.839909	14.541287	-0.023623	4.811113
100.797405	8655.733123	14.546291	-0.023652	4.809763
100.667905	8650.586390	14.551296	-0.023620	4.808393
100.587627	8645.381126	14.556301	-0.023601	4.807008
100.669442	8640.297461	14.561306	-0.023620	4.805662
100.477946	8635.041887	14.566311	-0.023573	4.804260
100.601540	8630.247746	14.571315	-0.023603	4.802991
100.474730	8625.184389	14.576320	-0.023572	4.801641
100.499893	8620.044086	14.581325	-0.023577	4.800276
100.372208	8615.004916	14.586330	-0.023546	4.798932
100.230182	8609.122793	14.591335	-0.023512	4.797362
100.302967	8604.029466	14.596339	-0.023529	4.796011
100.309747	8598.778191	14.601344	-0.023530	4.794614
100.202739	8593.771398	14.606349	-0.023504	4.793277
100.380087	8588.877055	14.611354	-0.023546	4.791981
100.251913	8583.702615	14.616359	-0.023515	4.790599
100.303603	8578.550338	14.621363	-0.023526	4.789228
100.290431	8573.343380	14.626368	-0.023523	4.787841
100.349027	8568.155555	14.631373	-0.023536	4.786460
100.310083	8563.013929	14.636378	-0.023526	4.785088
100.259551	8557.883681	14.641383	-0.023514	4.783718
100.253772	8553.156810	14.646387	-0.023512	4.782457
100.067706	8547.939312	14.651392	-0.023467	4.781058
100.072252	8542.850974	14.656397	-0.023468	4.779700
100.025012	8537.459478	14.661402	-0.023456	4.778259
99.889548	8532.068576	14.666407	-0.023423	4.776814
100.090520	8526.889238	14.671411	-0.023471	4.775439
99.977786	8521.682799	14.676416	-0.023443	4.774043
100.038659	8516.994245	14.681421	-0.023457	4.772793
99.852049	8511.839008	14.686426	-0.023412	4.771407
99.922709	8506.676490	14.691431	-0.023428	4.770029
99.930278	8501.494432	14.696435	-0.023430	4.768643
99.816824	8496.279296	14.701440	-0.023402	4.767244
99.769831	8491.173675	14.706445	-0.023390	4.765875
99.593977	8485.972049	14.711450	-0.023348	4.764476
99.776437	8481.123289	14.716455	-0.023391	4.763184
99.698432	8476.104728	14.721459	-0.023372	4.761837
99.631815	8470.934472	14.726464	-0.023356	4.760449
99.630764	8465.788596	14.731469	-0.023355	4.759070
99.484499	8460.112817	14.736474	-0.023319	4.757542
99.542869	8454.877445	14.741479	-0.023333	4.756140
99.670753	8449.664641	14.746483	-0.023363	4.754747
99.518234	8444.822073	14.751488	-0.023326	4.753441
99.645594	8439.829731	14.756493	-0.023356	4.752106
99.525601	8434.700208	14.761498	-0.023327	4.750724
99.471482	8429.458912	14.766503	-0.023313	4.749314
99.545626	8424.357984	14.771507	-0.023330	4.747947
99.390156	8419.180273	14.776512	-0.023293	4.746549
99.321226	8413.978370	14.781517	-0.023276	4.745148
99.367273	8408.941842	14.786522	-0.023286	4.743795
99.312784	8404.079691	14.791527	-0.023273	4.742485
99.341723	8399.011425	14.796531	-0.023279	4.741123
99.225169	8393.768185	14.801536	-0.023251	4.739707
99.264420	8388.453196	14.806541	-0.023260	4.738278
99.161178	8383.090594	14.811546	-0.023235	4.736830
99.089030	8377.956730	14.816551	-0.023217	4.735444
99.149427	8372.805512	14.821555	-0.023231	4.734058
99.065133	8368.023965	14.826560	-0.023210	4.732766
99.156574	8362.861680	14.831565	-0.023232	4.731378
99.139494	8357.715015	14.836570	-0.023227	4.729989
99.234044	8352.528633	14.841575	-0.023249	4.728594
98.934636	8347.349194	14.846579	-0.023177	4.727184
98.954034	8342.191180	14.851584	-0.023181	4.725793
99.018777	8337.010441	14.856589	-0.023196	4.724397
98.959136	8332.314773	14.861594	-0.023181	4.723126
98.704640	8327.174014	14.866599	-0.023120	4.721727
98.795842	8322.023733	14.871603	-0.023141	4.720339
98.782881	8316.613690	14.876608	-0.023138	4.718876
98.789065	8311.106589	14.881613	-0.023139	4.717387
98.804402	8305.932190	14.886618	-0.023142	4.715988
98.725425	8300.842973	14.891623	-0.023123	4.714608
98.769743	8295.929005	14.896627	-0.023133	4.713279
98.809170	8290.846506	14.901632	-0.023142	4.711905
98.841951	8285.648921	14.906637	-0.023149	4.710499
98.671159	8280.595909	14.911642	-0.023108	4.709123
98.604090	8275.300389	14.916647	-0.023091	4.707685
98.525235	8270.186828	14.921651	-0.023072	4.706296
98.535368	8264.941366	14.926656	-0.023074	4.704874
98.334593	8260.190371	14.931661	-0.023025	4.703577
98.367019	8255.068797	14.936666	-0.023033	4.702189
98.214096	8249.978474	14.941671	-0.022995	4.700802
98.254466	8244.775904	14.946675	-0.023005	4.699391
98.255989	8239.273939	14.951680	-0.023004	4.697897
98.361508	8234.039201	14.956685	-0.023029	4.696480
98.202272	8228.897556	14.961690	-0.022991	4.695076
98.135146	8223.990168	14.966695	-0.022974	4.693740
98.246923	8219.032339	14.971699	-0.023000	4.692397
98.173180	8213.776386	14.976704	-0.022982	4.690964
98.163461	8208.687693	14.981709	-0.022979	4.689580
98.026348	8203.476909	14.986714	-0.022946	4.688156
98.134156	8198.337444	14.991719	-0.022971	4.686762
98.132955	8193.105239	14.996723	-0.022971	4.685337
98.111193	8188.174693	15.001728	-0.022965	4.683993
98.092854	8183.201492	15.006733	-0.022960	4.682638
98.119589	8178.109291	15.011738	-0.022966	4.681251
97.989286	8172.928610	15.016743	-0.022934	4.679834
98.015646	8167.326643	15.021747	-0.022940	4.678307
97.880784	8162.069886	15.026752	-0.022907	4.676868
97.983707	8156.930848	15.031757	-0.022932	4.675470
97.924263	8151.880535	15.036762	-0.022917	4.674089
97.770855	8147.017992	15.041767	-0.022880	4.672755
97.737365	8141.879710	15.046771	-0.022871	4.671351
97.724313	8136.651780	15.051776	-0.022868	4.669922
97.480704	8131.495994	15.056781	-0.022809	4.668503
97.593466	8126.362262	15.061786	-0.022835	4.667104
97.558841	8121.126528	15.066791	-0.022827	4.665671
97.540456	8116.163777	15.071795	-0.022822	4.664313
97.529923	8111.256008	15.076800	-0.022819	4.662970
97.622528	8106.089255	15.081805	-0.022840	4.661560
97.548243	8100.997173	15.086810	-0.022822	4.660163
97.587941	8095.501010	15.091815	-0.022831	4.658660
97.636687	8090.286662	15.096819	-0.022842	4.657234
97.479993	8085.084808	15.101824	-0.022804	4.655802
97.477829	8080.102685	15.106829	-0.022803	4.654436
97.539279	8075.183661	15.111834	-0.022817	4.653090
97.478570	8070.029335	15.116839	-0.022802	4.651674
97.290631	8064.885448	15.121843	-0.022757	4.650255
97.188352	8059.721595	15.126848	-0.022732	4.648833
97.241667	8054.559592	15.131853	-0.022744	4.647419
97.204375	8049.364701	15.136858	-0.022735	4.645991
97.207122	8044.366196	15.141863	-0.022735	4.644618
97.168827	8039.500702	15.146867	-0.022725	4.643280
97.021939	8034.387044	15.151872	-0.022690	4.641868
97.041355	8029.157554	15.156877	-0.022694	4.640431
97.087777	8023.675623	15.161882	-0.022705	4.638926
97.003937	8018.317316	15.166887	-0.022684	4.637448
97.051811	8013.143823	15.171891	-0.022695	4.636027
96.935442	8008.110528	15.176896	-0.022667	4.634636
96.909038	8003.267274	15.181901	-0.022660	4.633302
96.870147	7998.067003	15.186906	-0.022650	4.631868
96.963436	7992.844831	15.191911	-0.022672	4.630433
96.892990	7987.741218	15.196915	-0.022655	4.629023
96.902033	7982.517671	15.201920	-0.022656	4.627584
96.887423	7977.340311	15.206925	-0.022652	4.626156
96.784539	7972.319124	15.211930	-0.022627	4.624766
96.925809	7967.430882	15.216935	-0.022661	4.623423
96.982870	7962.337081	15.221939	-0.022674	4.622020
96.913878	7957.084293	15.226944	-0.022657	4.620567
96.904146	7951.682303	15.231949	-0.022654	4.619075
96.731278	7946.352557	15.236954	-0.022612	4.617594
96.700590	7941.244375	15.241959	-0.022604	4.616181
96.645714	7936.250096	15.246963	-0.022591	4.614798
96.555763	7931.326244	15.251968	-0.022569	4.613433
96.561955	7926.225742	15.256973	-0.022570	4.612022
96.479828	7921.030601	15.261978	-0.022549	4.610581
96.522812	7915.897947	15.266983	-0.022559	4.609162
96.341640	7910.736857	15.271987	-0.022515	4.607725
96.349734	7905.516143	15.276992	-0.022517	4.606280
96.467249	7900.484283	15.281997	-0.022545	4.604891
96.583940	7895.580203	15.287002	-0.022572	4.603538
96.417340	7890.495225	15.292007	-0.022532	4.602120
96.356910	7885.331457	15.297011	-0.022517	4.600686
96.394984	7879.761558	15.302016	-0.022525	4.599143
96.409067	7874.478699	15.307021	-0.022528	4.597678
96.322292	7869.278163	15.312026	-0.022507	4.596230
96.150849	7864.300059	15.317031	-0.022465	4.594840
96.143582	7859.356123	15.322035	-0.022463	4.593467
96.188102	7854.207396	15.327040	-0.022473	4.592039
96.133576	7849.121480	15.332045	-0.022460	4.590623
96.200833	7843.898071	15.337050	-0.022475	4.589174
96.116607	7838.697879	15.342055	-0.022455	4.587724
96.077048	7833.539126	15.347059	-0.022445	4.586287
96.016532	7828.544766	15.352064	-0.022430	4.584895
96.003031	7823.637265	15.357069	-0.022426	4.583528
96.021083	7818.428900	15.362074	-0.022430	4.582079
95.895273	7813.338999	15.367079	-0.022399	4.580656
95.958471	7807.822786	15.372083	-0.022414	4.579122
95.898351	7802.621174	15.377088	-0.022399	4.577670
95.795394	7797.447371	15.382093	-0.022374	4.576223
95.681334	7792.479689	15.387098	-0.022346	4.574832
95.746171	7787.611423	15.392103	-0.022361	4.573477
95.710573	7782.440191	15.397107	-0.022352	4.572033
95.612371	7777.283253	15.402112	-0.022328	4.570589
95.518338	7772.129518	15.407117	-0.022305	4.569145
95.655022	7766.860774	15.412122	-0.022338	4.567680
95.503226	7761.702101	15.417127	-0.022301	4.566232
95.638802	7756.825556	15.422131	-0.022333	4.564875
95.643659	7751.854996	15.427136	-0.022333	4.563486
95.616074	7746.712763	15.432141	-0.022326	4.562047
95.561877	7741.594466	15.437146	-0.022313	4.560613
95.569743	7735.772423	15.442151	-0.022314	4.558984
95.465295	7730.654856	15.447155	-0.022289	4.557546
95.455570	7725.448367	15.452160	-0.022286	4.556088
95.419605	7720.542168	15.457165	-0.022277	4.554712
95.346826	7715.540027	15.462170	-0.022259	4.553307
95.341959	7710.267419	15.467175	-0.022257	4.551829
95.281582	7705.228541	15.472179	-0.022242	4.550414
95.293099	7700.044471	15.477184	-0.022245	4.548961
95.198060	7694.853293	15.482189	-0.022221	4.547500
95.309686	7689.730208	15.487194	-0.022248	4.546067
95.195356	7684.830293	15.492199	-0.022220	4.544687
95.250765	7679.792085	15.497203	-0.022233	4.543274
95.169228	7674.598525	15.502208	-0.022213	4.541812
95.117743	7669.242718	15.507213	-0.022200	4.540305
95.028727	7663.796215	15.512218	-0.022178	4.538769
94.997499	7658.610467	15.517223	-0.022170	4.537310
94.985303	7653.464236	15.522227	-0.022167	4.535862
94.791578	7648.622264	15.527232	-0.022120	4.534490
94.828274	7643.507569	15.532237	-0.022128	4.533053
94.842383	7638.449327	15.537242	-0.022131	4.531629
94.990984	7633.216843	15.542247	-0.022166	4.530163
94.904135	7627.995028	15.547251	-0.022145	4.528688
94.881460	7622.894731	15.552256	-0.022139	4.527250
94.803465	7617.772264	15.557261	-0.022120	4.525802
94.848216	7612.978145	15.562266	-0.022130	4.524452
94.803324	7607.846589	15.567271	-0.022119	4.523003
94.877212	7602.666540	15.572275	-0.022136	4.521545
94.674263	7597.204757	15.577280	-0.022087	4.519993
94.631846	7591.811437	15.582285	-0.022076	4.518469
94.510581	7586.675490	15.587290	-0.022047	4.517012
94.485792	7581.529132	15.592295	-0.022040	4.515557
94.532447	7576.769823	15.597299	-0.022051	4.514214
94.430305	7571.595762	15.602304	-0.022026	4.512747
94.403292	7566.375197	15.607309	-0.022019	4.511269
94.288748	7561.261872	15.612314	-0.021991	4.509817
94.375053	7556.062750	15.617319	-0.022011	4.508350
94.437106	7550.876082	15.622323	-0.022026	4.506885
94.449713	7545.851724	15.627328	-0.022028	4.505463
94.404930	7540.994226	15.632333	-0.022017	4.504085
94.339681	7535.816754	15.637338	-0.022001	4.502614
94.262276	7530.672828	15.642343	-0.021982	4.501153
94.231312	7525.250637	15.647347	-0.021974	4.499614
94.144029	7520.043654	15.652352	-0.021953	4.498133
94.010272	7514.802444	15.657357	-0.021920	4.496639
94.030174	7509.901576	15.662362	-0.021925	4.495249
94.091256	7504.958799	15.667367	-0.021939	4.493849
93.934110	7499.790470	15.672371	-0.021901	4.492374
94.063726	7494.607104	15.677376	-0.021931	4.490908
94.060015	7489.459522	15.682381	-0.021930	4.489445
94.079095	7484.280009	15.687386	-0.021934	4.487973
94.043453	7479.116095	15.692391	-0.021925	4.486503
94.135130	7474.270826	15.697395	-0.021946	4.485129
93.853428	7469.239705	15.702400	-0.021878	4.483684
93.831483	7464.043297	15.707405	-0.021873	4.482204
93.926029	7458.839260	15.712410	-0.021895	4.480727
93.779172	7453.352447	15.717415	-0.021859	4.479157
93.640829	7448.236420	15.722419	-0.021826	4.477692
93.387173	7443.062317	15.727424	-0.021764	4.476205
93.570855	7438.243792	15.732429	-0.021808	4.474840
93.570798	7433.166604	15.737434	-0.021807	4.473392
93.587569	7427.919612	15.742439	-0.021811	4.471896
93.556603	7422.795399	15.747443	-0.021803	4.470432
93.583240	7417.613563	15.752448	-0.021809	4.468954
93.631063	7412.412224	15.757453	-0.021820	4.467471
93.618794	7407.324777	15.762458	-0.021816	4.466017
93.505963	7402.478423	15.767463	-0.021789	4.464627
93.518219	7397.332046	15.772467	-0.021791	4.463156
93.491523	7392.186577	15.777472	-0.021785	4.461684
93.263194	7386.777155	15.782477	-0.021729	4.460125
93.239478	7381.570339	15.787482	-0.021723	4.458634
93.218898	7376.403977	15.792487	-0.021718	4.457154
93.134752	7371.421722	15.797491	-0.021697	4.455723
93.123401	7366.464192	15.802496	-0.021694	4.454303
93.099278	7361.283895	15.807501	-0.021688	4.452817
93.112485	7356.184765	15.812506	-0.021690	4.451356
93.156829	7350.935897	15.817511	-0.021701	4.449854
93.181716	7345.771688	15.822515	-0.021706	4.448374
93.224191	7340.530995	15.827520	-0.021716	4.446873
93.125536	7335.756530	15.832525	-0.021692	4.445497
93.061423	7330.678420	15.837530	-0.021676	4.444036
92.942899	7325.520368	15.842535	-0.021647	4.442549
92.912667	7320.287525	15.847539	-0.021639	4.441044
92.851065	7314.695999	15.852544	-0.021624	4.439434
92.786699	7309.559799	15.857549	-0.021608	4.437954
92.957137	7304.391061	15.862554	-0.021648	4.436477
92.823577	7299.565792	15.867559	-0.021616	4.435082
92.841578	7294.490471	15.872563	-0.021620	4.433622
92.764933	7289.277573	15.877568	-0.021601	4.432118
92.844892	7284.088330	15.882573	-0.021620	4.430628
92.751077	7278.899396	15.887578	-0.021597	4.429128
92.653096	7273.671830	15.892583	-0.021573	4.427617
92.789349	7268.728981	15.897587	-0.021605	4.426199
92.735720	7263.804406	15.902592	-0.021592	4.424776
92.693397	7258.672693	15.907597	-0.021581	4.423294
92.710949	7253.517896	15.912602	-0.021585	4.421808
92.461460	7248.059178	15.917607	-0.021524	4.420219
92.561821	7242.847687	15.922611	-0.021548	4.418720
92.458843	7237.621579	15.927616	-0.021523	4.417205
92.483623	7232.736210	15.932621	-0.021528	4.415795
92.715338	7227.742728	15.937626	-0.021583	4.414364
92.541630	7222.555086	15.942631	-0.021541	4.412855
92.530866	7217.425123	15.947635	-0.021538	4.411370
92.430673	7212.220257	15.952640	-0.021514	4.409859
92.434649	7207.076032	15.957645	-0.021514	4.408371
92.526665	7201.903599	15.962650	-0.021536	4.406878
92.290995	7197.102636	15.967655	-0.021479	4.405476
92.355154	7192.060391	15.972659	-0.021494	4.404018
92.278543	7186.813729	15.977664	-0.021475	4.402494
92.264705	7181.428310	15.982669	-0.021471	4.400932
92.003120	7176.056426	15.987674	-0.021408	4.399360
91.942211	7170.838380	15.992679	-0.021393	4.397843
92.026640	7165.771051	15.997683	-0.021413	4.396377
91.951765	7160.889214	16.002688	-0.021394	4.394956
92.032159	7155.684027	16.007693	-0.021413	4.393449
91.936361	7150.586850	16.012698	-0.021390	4.391963
91.863523	7145.391640	16.017703	-0.021372	4.390449
91.930619	7140.214587	16.022707	-0.021387	4.388948
91.904895	7135.009003	16.027712	-0.021381	4.387433
92.036740	7130.074746	16.032717	-0.021412	4.386005
91.917583	7125.103209	16.037722	-0.021383	4.384552
92.025442	7119.912728	16.042727	-0.021408	4.383046
91.765337	7114.801029	16.047731	-0.021345	4.381544
91.698418	7109.273198	16.052736	-0.021329	4.379930
91.832046	7104.104853	16.057741	-0.021360	4.378431
91.658869	7098.993472	16.062746	-0.021318	4.376932
91.638081	7094.156722	16.067751	-0.021313	4.375521
91.637833	7089.098381	16.072755	-0.021312	4.374045
91.649247	7083.835272	16.077760	-0.021315	4.372510
91.577370	7078.741193	16.082765	-0.021297	4.371020
91.725891	7073.503516	16.087770	-0.021332	4.369498
91.499384	7068.367728	16.092775	-0.021277	4.367986
91.532598	7063.371773	16.097779	-0.021285	4.366528
91.451811	7058.458322	16.102784	-0.021265	4.365087
91.354360	7053.335009	16.107789	-0.021241	4.363584
91.369667	7048.184115	16.112794	-0.021244	4.362078
91.458847	7042.429239	16.117799	-0.021265	4.360399
91.353691	7037.351308	16.122803	-0.021240	4.358907
91.323219	7032.161104	16.127808	-0.021232	4.357386
91.287975	7027.237901	16.132813	-0.021223	4.355942
91.256873	7022.280417	16.137818	-0.021215	4.354488
91.241667	7017.033035	16.142823	-0.021211	4.352949
91.255982	7011.889556	16.147827	-0.021214	4.351442
91.265741	7006.661433	16.152832	-0.021216	4.349909
91.235290	7001.469225	16.157837	-0.021208	4.348384
91.170566	6996.412847	16.162842	-0.021192	4.346896
91.227970	6991.569364	16.167847	-0.021205	4.345477
91.029918	6986.471101	16.172851	-0.021157	4.343969
90.967357	6981.334527	16.177856	-0.021142	4.342456
90.886108	6975.841102	16.182861	-0.021122	4.340837
90.916814	6970.660067	16.187866	-0.021129	4.339316
90.943661	6965.461397	16.192871	-0.021135	4.337788
90.821225	6960.588463	16.197875	-0.021105	4.336348
90.786592	6955.531065	16.202880	-0.021096	4.334857
90.826087	6950.324769	16.207885	-0.021105	4.333326
90.893344	6945.234854	16.212890	-0.021121	4.331831
90.807210	6940.009115	16.217895	-0.021100	4.330286
90.715144	6934.886992	16.222899	-0.021077	4.328772
90.717475	6929.697085	16.227904	-0.021077	4.327242
90.651749	6924.967356	16.232909	-0.021061	4.325843
90.607879	6919.855252	16.237914	-0.021050	4.324332
90.618620	6914.672274	16.242919	-0.021052	4.322803
90.560496	6909.183764	16.247923	-0.021038	4.321179
90.435877	6903.885299	16.252928	-0.021007	4.319607
90.475849	6898.658119	16.257933	-0.021016	4.318065
90.362272	6893.708891	16.262938	-0.020989	4.316596
90.393367	6888.760452	16.267943	-0.020996	4.315134
90.289118	6883.551153	16.272947	-0.020970	4.313588
90.449436	6878.368618	16.277952	-0.021008	4.312063
90.434032	6873.159956	16.282957	-0.021004	4.310521
90.377068	6868.049588	16.287962	-0.020990	4.309004
90.374952	6862.863197	16.292967	-0.020989	4.307468
90.232556	6858.081348	16.297971	-0.020954	4.306043
90.246172	6852.952424	16.302976	-0.020957	4.304524
90.255670	6847.767135	16.307981	-0.020959	4.302987
90.082163	6842.452206	16.312986	-0.020917	4.301400
90.114707	6837.156913	16.317991	-0.020924	4.299831
90.051690	6832.012124	16.322995	-0.020909	4.298300
90.020535	6826.952472	16.328000	-0.020901	4.296796
90.087869	6822.007188	16.333005	-0.020916	4.295331
89.817329	6816.881139	16.338010	-0.020851	4.293792
89.901439	6811.741843	16.343015	-0.020871	4.292270
89.804212	6806.543447	16.348019	-0.020847	4.290718
90.009455	6801.339530	16.353024	-0.020896	4.289182
89.888697	6796.158840	16.358029	-0.020866	4.287633
89.880677	6791.396801	16.363034	-0.020864	4.286215
89.800611	6786.250753	16.368039	-0.020844	4.284678
89.782482	6781.100996	16.373043	-0.020839	4.283143
89.810552	6775.612185	16.378048	-0.020846	4.281509
89.667648	6770.266113	16.383053	-0.020811	4.279907
89.719061	6765.144357	16.388058	-0.020823	4.278383
89.695790	6760.133973	16.393063	-0.020817	4.276887
89.704300	6755.184090	16.398067	-0.020818	4.275410
89.665174	6749.986817	16.403072	-0.020808	4.273856
89.710243	6744.869305	16.408077	-0.020819	4.272331
89.606565	6739.658974	16.413082	-0.020793	4.270768
89.457157	6734.521023	16.418087	-0.020757	4.269224
89.595741	6729.377446	16.423091	-0.020790	4.267694
89.561499	6724.420370	16.428096	-0.020781	4.266210
89.458016	6719.234265	16.433101	-0.020756	4.264652
89.472204	6714.155624	16.438106	-0.020759	4.263133
89.216519	6708.711884	16.443111	-0.020697	4.261488
89.239455	6703.477977	16.448115	-0.020702	4.259922
89.240312	6698.249222	16.453120	-0.020702	4.258355
89.143104	6693.372567	16.458125	-0.020678	4.256888
89.093030	6688.430183	16.463130	-0.020666	4.255403
89.050904	6683.236152	16.468135	-0.020655	4.253843
89.123377	6678.106047	16.473139	-0.020672	4.252308
88.993743	6672.909940	16.478144	-0.020641	4.250740
89.127220	6667.709319	16.483149	-0.020672	4.249187
89.115473	6662.640656	16.488154	-0.020669	4.247663
89.068011	6657.776063	16.493159	-0.020657	4.246199
89.054770	6652.696731	16.498163	-0.020653	4.244671
89.012010	6647.506651	16.503168	-0.020642	4.243108
89.000151	6641.882884	16.508173	-0.020639	4.241416
89.004970	6636.665739	16.513178	-0.020640	4.239846
88.750423	6631.526091	16.518183	-0.020578	4.238284
88.838362	6626.615814	16.523187	-0.020599	4.236810
88.686173	6621.551121	16.528192	-0.020562	4.235275
88.669985	6616.337397	16.533197	-0.020558	4.233703
88.694276	6611.210865	16.538202	-0.020563	4.232159
88.781167	6606.000439	16.543207	-0.020583	4.230592
88.719762	6600.865495	16.548211	-0.020568	4.229040
88.583436	6595.849553	16.553216	-0.020535	4.227518
88.690923	6590.884747	16.558221	-0.020560	4.226025
88.452861	6585.807693	16.563226	-0.020503	4.224477
88.406122	6580.596801	16.568231	-0.020491	4.222900
88.467609	6575.078449	16.573235	-0.020505	4.221236
88.456449	6569.943022	16.578240	-0.020502	4.219682
88.398283	6564.749616	16.583245	-0.020488	4.218108
88.317396	6559.964948	16.588250	-0.020468	4.216655
88.354836	6554.850278	16.593255	-0.020476	4.215109
88.287061	6549.734542	16.598259	-0.020460	4.213556
88.277975	6544.522563	16.603264	-0.020457	4.211977
88.332238	6539.307224	16.608269	-0.020470	4.210399
88.297253	6534.184585	16.613274	-0.020461	4.208844
88.336500	6529.211776	16.618279	-0.020470	4.207339
88.440844	6524.265906	16.623283	-0.020494	4.205844
88.216134	6519.110323	16.628288	-0.020440	4.204266
88.170836	6513.853302	16.633293	-0.020429	4.202667
88.082235	6508.334547	16.638298	-0.020407	4.200986
88.076871	6503.122016	16.643303	-0.020405	4.199402
88.046776	6498.053980	16.648307	-0.020397	4.197860
87.879322	6493.229693	16.653312	-0.020357	4.196383
87.969165	6488.004982	16.658317	-0.020378	4.194799
87.949829	6482.905515	16.663322	-0.020373	4.193246
87.950666	6477.690100	16.668327	-0.020373	4.191658
87.759643	6472.583603	16.673331	-0.020326	4.190092
87.886017	6467.358354	16.678336	-0.020356	4.188508
87.866018	6462.496135	16.683341	-0.020351	4.187025
87.904177	6457.424360	16.688346	-0.020359	4.185481
87.853292	6452.202344	16.693351	-0.020347	4.183885
87.817300	6446.914899	16.698355	-0.020338	4.182270
87.794182	6441.588069	16.703360	-0.020332	4.180643
87.745582	6436.470846	16.708365	-0.020320	4.179077
87.591038	6431.539290	16.713370	-0.020282	4.177562
87.714117	6426.515057	16.718375	-0.020311	4.176034
87.561264	6421.414235	16.723379	-0.020274	4.174465
87.515812	6416.238682	16.728384	-0.020263	4.172880
87.568314	6411.015829	16.733389	-0.020275	4.171286
87.478087	6405.896087	16.738394	-0.020253	4.169713
87.482149	6400.806232	16.743399	-0.020253	4.168156
87.503338	6395.978824	16.748403	-0.020258	4.166679
87.493685	6390.756862	16.753408	-0.020255	4.165078
87.503916	6385.666327	16.758413	-0.020257	4.163519
87.347956	6380.011558	16.763418	-0.020219	4.161775
87.205624	6374.835793	16.768423	-0.020185	4.160179
87.125143	6369.694326	16.773427	-0.020165	4.158597
87.210174	6364.787815	16.778432	-0.020185	4.157096
87.288650	6359.691226	16.783437	-0.020203	4.155536
87.212615	6354.589188	16.788442	-0.020184	4.153964
87.097287	6349.341652	16.793447	-0.020156	4.152344
87.054005	6344.210552	16.798451	-0.020145	4.150764
86.997983	6339.064720	16.803456	-0.020131	4.149178
86.981112	6334.116866	16.808461	-0.020127	4.147655
87.016402	6329.093300	16.813466	-0.020135	4.146111
86.840437	6323.928988	16.818471	-0.020092	4.144510
86.806152	6318.669004	16.823475	-0.020084	4.142888
86.950030	6313.254283	16.828480	-0.020118	4.141229
86.889460	6308.083818	16.833485	-0.020103	4.139631
86.854044	6303.114725	16.838490	-0.020094	4.138097
86.682327	6298.212716	16.843495	-0.020052	4.136574
86.697027	6293.035817	16.848499	-0.020055	4.134977
86.697792	6287.900157	16.853504	-0.020055	4.133392
86.751039	6282.689038	16.858509	-0.020067	4.131786
86.671052	6277.562728	16.863514	-0.020047	4.130197
86.707318	6272.346974	16.868519	-0.020056	4.128587
86.650511	6267.611647	16.873523	-0.020042	4.127120
86.677679	6262.415760	16.878528	-0.020048	4.125514
86.618984	6257.221322	16.883533	-0.020033	4.123903
86.583980	6251.669119	16.888538	-0.020024	4.122182
86.490328	6246.388314	16.893543	-0.020001	4.120541
86.415506	6241.314350	16.898547	-0.019983	4.118965
86.371651	6236.414268	16.903552	-0.019972	4.117443
86.372046	6231.368977	16.908557	-0.019972	4.115879
86.386456	6226.163701	16.913562	-0.019975	4.114266
86.174871	6221.069355	16.918567	-0.019923	4.112672
86.246852	6215.879429	16.923571	-0.019940	4.111065
86.264253	6210.716830	16.928576	-0.019944	4.109463
86.151973	6205.777928	16.933581	-0.019916	4.107922
86.144347	6200.799230	16.938586	-0.019914	4.106375
86.009640	6195.603647	16.943591	-0.019881	4.104751
86.094203	6190.253449	16.948595	-0.019901	4.103092
86.112875	6184.889911	16.953600	-0.019905	4.101425
86.234150	6179.706897	16.958605	-0.019934	4.099820
86.149082	6174.774104	16.963610	-0.019913	4.098278
86.101891	6169.799271	16.968615	-0.019901	4.096726
86.032365	6164.662673	16.973619	-0.019884	4.095121
86.149854	6159.485320	16.978624	-0.019912	4.093514
85.978677	6154.292791	16.983629	-0.019870	4.091884
85.943930	6149.162109	16.988634	-0.019861	4.090281
85.694913	6144.120980	16.993639	-0.019801	4.088692
85.925253	6139.218179	16.998643	-0.019856	4.087176
85.769513	6134.065634	17.003648	-0.019818	4.085557
85.725925	6128.936793	17.008653	-0.019807	4.083951
85.630438	6123.266575	17.013658	-0.019784	4.082173
85.581921	6118.093141	17.018663	-0.019772	4.080552
85.653682	6112.972522	17.023667	-0.019789	4.078955
85.685231	6108.143545	17.028672	-0.019796	4.077445
85.496125	6102.984551	17.033677	-0.019750	4.075818
85.580403	6097.848290	17.038682	-0.019770	4.074215
85.469740	6092.637228	17.043687	-0.019743	4.072575
85.334693	6087.542945	17.048691	-0.019710	4.070969
85.410471	6082.328937	17.053696	-0.019727	4.069339
85.349238	6077.450175	17.058701	-0.019712	4.067805
85.450536	6072.377075	17.063706	-0.019736	4.066219
85.363359	6067.188355	17.068711	-0.019715	4.064585
85.345002	6061.807421	17.073715	-0.019710	4.062893
85.283108	6056.590866	17.078720	-0.019695	4.061250
85.337956	6051.367800	17.083725	-0.019707	4.059612
85.381414	6046.473816	17.088730	-0.019717	4.058076
85.253666	6041.439080	17.093735	-0.019686	4.056484
85.152033	6036.308621	17.098739	-0.019661	4.054863
85.160032	6031.135341	17.103744	-0.019663	4.053235
85.160543	6025.905259	17.108749	-0.019662	4.051587
85.129437	6020.798890	17.113754	-0.019654	4.049976
84.986525	6015.858781	17.118759	-0.019620	4.048410
84.982211	6010.914132	17.123763	-0.019618	4.046850
84.976572	6005.714394	17.128768	-0.019616	4.045210
84.848537	6000.376476	17.133773	-0.019585	4.043517
84.898650	5994.933940	17.138778	-0.019597	4.041802
84.870043	5989.746558	17.143783	-0.019589	4.040162
84.917610	5984.762488	17.148787	-0.019600	4.038590
84.775478	5979.730690	17.153792	-0.019566	4.036990
84.775104	5974.573144	17.158797	-0.019565	4.035359
84.664304	5969.496375	17.163802	-0.019538	4.033746
84.718232	5964.291022	17.168807	-0.019551	4.032102
84.521962	5959.120232	17.173811	-0.019503	4.030451
84.637107	5954.060834	17.178816	-0.019530	4.028857
84.511030	5949.186724	17.183821	-0.019500	4.027304
84.596442	5944.056813	17.188826	-0.019520	4.025684
84.599436	5938.788017	17.193831	-0.019520	4.024013
84.532780	5933.266665	17.198835	-0.019503	4.022257
84.622274	5928.075378	17.203840	-0.019524	4.020615
84.490272	5923.004231	17.208845	-0.019492	4.018996
84.533399	5918.099229	17.213850	-0.019502	4.017441
84.493809	5912.939719	17.218855	-0.019492	4.015799
84.454168	5907.781361	17.223859	-0.019482	4.014157
84.338927	5902.585356	17.228864	-0.019454	4.012496
84.304676	5897.476238	17.233869	-0.019445	4.010868
84.211495	5892.414190	17.238874	-0.019423	4.009251
83.987678	5887.631212	17.243879	-0.019369	4.007713
84.144689	5882.403948	17.248883	-0.019406	4.006058
84.065596	5877.219654	17.253888	-0.019386	4.004401
83.961638	5871.635575	17.258893	-0.019361	4.002614
83.992972	5866.479053	17.263898	-0.019368	4.000971
83.883219	5861.342249	17.268903	-0.019341	3.999324
83.951984	5856.520254	17.273907	-0.019357	3.997790
83.962782	5851.307881	17.278912	-0.019359	3.996126
83.986467	5846.153523	17.283917	-0.019364	3.994481
83.928405	5840.943692	17.288922	-0.019350	3.992812
84.067636	5835.760881	17.293927	-0.019383	3.991165
83.975328	5830.654512	17.298931	-0.019360	3.989525
83.809813	5825.893836	17.303936	-0.019320	3.987990
83.827513	5820.670332	17.308941	-0.019324	3.986319
83.736297	5815.511540	17.313946	-0.019302	3.984661
83.808855	5810.025284	17.318951	-0.019319	3.982908
83.731895	5804.916558	17.323955	-0.019300	3.981266
83.575703	5799.786240	17.328960	-0.019262	3.979610
83.610806	5794.943605	17.333965	-0.019270	3.978059
83.706598	5789.803727	17.338970	-0.019292	3.976416
83.627249	5784.621291	17.343975	-0.019273	3.974747
83.486791	5779.425168	17.348979	-0.019239	3.973068
83.508921	5774.309636	17.353984	-0.019243	3.971426
83.570008	5769.128512	17.358989	-0.019258	3.969764
83.372948	5764.343445	17.363994	-0.019210	3.968212
83.410324	5759.184279	17.368999	-0.019218	3.966555
83.254559	5754.111975	17.374003	-0.019181	3.964911
83.207752	5748.442272	17.379008	-0.019169	3.963082
83.262489	5743.279207	17.384013	-0.019181	3.961423
83.236169	5738.150493	17.389018	-0.019175	3.959768
83.192969	5733.285149	17.394023	-0.019164	3.958197
83.127316	5728.140190	17.399027	-0.019148	3.956533
83.129097	5723.014607	17.404032	-0.019148	3.954879
83.059911	5717.802251	17.409037	-0.019131	3.953192
83.291183	5712.596010	17.414042	-0.019185	3.951527
83.192841	5707.457265	17.419047	-0.019161	3.949859
83.210484	5702.624640	17.424051	-0.019165	3.948299
83.043990	5697.543695	17.429056	-0.019125	3.946644
83.103827	5692.350662	17.434061	-0.019139	3.944969
82.933683	5686.910306	17.439066	-0.019098	3.943196
82.814314	5681.774638	17.444071	-0.019068	3.941525
82.824792	5676.626159	17.449075	-0.019070	3.939858
82.739294	5671.804384	17.454080	-0.019050	3.938289
82.731599	5666.620805	17.459085	-0.019047	3.936608
82.721849	5661.477430	17.464090	-0.019044	3.934940
82.648224	5656.286808	17.469095	-0.019026	3.933250
82.735064	5651.103479	17.474099	-0.019047	3.931574
82.669235	5646.017503	17.479104	-0.019030	3.929918
82.672860	5641.216239	17.484109	-0.019031	3.928359
82.609536	5636.059954	17.489114	-0.019015	3.926678
82.499776	5630.875830	17.494119	-0.018988	3.924985
82.672869	5625.220770	17.499123	-0.019029	3.923158
82.497772	5620.037561	17.504128	-0.018987	3.921459
82.566017	5614.910208	17.509133	-0.019003	3.919794
82.379003	5610.131897	17.514138	-0.018958	3.918225
82.320732	5604.948649	17.519143	-0.018943	3.916531
82.480516	5599.816050	17.524147	-0.018981	3.914870
82.556383	5594.514665	17.529152	-0.018998	3.913147
82.361710	5589.407644	17.534157	-0.018951	3.911466
82.405783	5584.360815	17.539162	-0.018962	3.909822
82.307129	5579.439566	17.544167	-0.018937	3.908208
82.383854	5574.281699	17.549171	-0.018955	3.906529
82.275499	5569.050660	17.554176	-0.018929	3.904811
82.208138	5563.690641	17.559181	-0.018912	3.903054
82.067292	5558.562220	17.564186	-0.018878	3.901366
82.077704	5553.520644	17.569191	-0.018880	3.899717
82.157625	5548.577254	17.574195	-0.018899	3.898105
82.009053	5543.374249	17.579200	-0.018863	3.896390
81.882179	5538.264005	17.584205	-0.018832	3.894706
81.745761	5533.103873	17.589210	-0.018799	3.893005
81.756381	5527.942695	17.594215	-0.018801	3.891313
81.778050	5522.912576	17.599219	-0.018806	3.889664
81.878963	5517.966709	17.604224	-0.018829	3.888048
81.735778	5512.860765	17.609229	-0.018794	3.886361
81.787116	5507.429431	17.614234	-0.018806	3.884581
81.709606	5502.051284	17.619239	-0.018787	3.882807
81.740046	5496.884939	17.624243	-0.018794	3.881111
81.692869	5491.954599	17.629248	-0.018782	3.879485
81.676836	5486.895098	17.634253	-0.018778	3.877819
81.681592	5481.777172	17.639258	-0.018779	3.876135
81.636620	5476.573141	17.644263	-0.018767	3.874417
81.585677	5471.400246	17.649267	-0.018755	3.872709
81.489292	5466.277748	17.654272	-0.018731	3.871013
81.467120	5461.327262	17.659277	-0.018725	3.869379
81.466142	5456.348558	17.664282	-0.018725	3.867736
81.301564	5451.165826	17.669287	-0.018685	3.866013
81.421807	5445.814426	17.674291	-0.018713	3.864254
81.410806	5440.490310	17.679296	-0.018710	3.862495
81.229419	5435.397845	17.684301	-0.018666	3.860798
81.278151	5430.458631	17.689306	-0.018677	3.859168
81.234681	5425.395142	17.694311	-0.018666	3.857490
81.300938	5420.253413	17.699315	-0.018682	3.855793
81.083562	5415.130035	17.704320	-0.018629	3.854080
81.100867	5409.940795	17.709325	-0.018633	3.852362
81.020676	5404.801382	17.714330	-0.018613	3.850653
81.046387	5399.962235	17.719335	-0.018619	3.849051
81.090712	5394.830095	17.724339	-0.018629	3.847352
81.013203	5389.703401	17.729344	-0.018610	3.845645
80.946956	5384.151504	17.734349	-0.018594	3.843796
80.907946	5378.981390	17.739354	-0.018584	3.842076
81.003471	5373.859101	17.744359	-0.018606	3.840381
80.908648	5368.958851	17.749363	-0.018583	3.838745
80.877726	5363.796541	17.754368	-0.018575	3.837026
80.922500	5358.624006	17.759373	-0.018585	3.835308
80.874166	5353.452485	17.764378	-0.018573	3.833583
80.744646	5348.278390	17.769383	-0.018542	3.831850
80.579239	5343.353751	17.774387	-0.018502	3.830196
80.578256	5338.378783	17.779392	-0.018501	3.828538
80.547830	5333.199290	17.784397	-0.018493	3.826808
80.479182	5327.913007	17.789402	-0.018476	3.825039
80.448863	5322.590506	17.794407	-0.018469	3.823260
80.527098	5317.418571	17.799411	-0.018487	3.821539
80.458669	5312.489919	17.804416	-0.018470	3.819887
80.383628	5307.415518	17.809421	-0.018452	3.818186
80.476254	5302.276045	17.814426	-0.018473	3.816474
80.397602	5297.083883	17.819431	-0.018454	3.814731
80.335916	5291.951781	17.824435	-0.018439	3.813009
80.207935	5286.763597	17.829440	-0.018408	3.811262
80.197210	5281.891924	17.834445	-0.018405	3.809629
80.224131	5276.793893	17.839450	-0.018411	3.807922
80.160723	5271.630469	17.844455	-0.018395	3.806186
80.091198	5265.984196	17.849459	-0.018378	3.804287
80.101039	5260.782849	17.854464	-0.018380	3.802542
80.044292	5255.639197	17.859469	-0.018365	3.800810
79.960593	5250.873009	17.864474	-0.018345	3.799203
80.063377	5245.592179	17.869479	-0.018369	3.797436
79.991317	5240.497076	17.874483	-0.018351	3.795717
80.033437	5235.263811	17.879488	-0.018361	3.793960
80.046309	5230.067535	17.884493	-0.018364	3.792213
79.943812	5225.129303	17.889498	-0.018339	3.790542
79.762420	5220.155929	17.894503	-0.018295	3.788853
79.741546	5215.036545	17.899507	-0.018289	3.787126
79.831795	5209.698429	17.904512	-0.018310	3.785333
79.829389	5204.364838	17.909517	-0.018309	3.783534
79.695758	5199.193692	17.914522	-0.018277	3.781779
79.661266	5194.262717	17.919527	-0.018268	3.780111
79.632013	5189.284659	17.924531	-0.018261	3.778427
79.730100	5184.073281	17.929536	-0.018284	3.776674
79.497473	5178.969734	17.934541	-0.018227	3.774931
79.647173	5173.741927	17.939546	-0.018263	3.773174
79.416365	5168.576399	17.944551	-0.018207	3.771408
79.469271	5163.760401	17.949555	-0.018219	3.769782
79.442637	5158.613858	17.954560	-0.018212	3.768037
79.421755	5153.489554	17.959565	-0.018207	3.766299
79.396860	5147.849287	17.964570	-0.018200	3.764384
79.303799	5142.661220	17.969575	-0.018178	3.762617
79.313489	5137.611694	17.974579	-0.018179	3.760905
79.264537	5132.671016	17.979584	-0.018167	3.759223
79.263794	5127.493394	17.984589	-0.018167	3.757465
79.218413	5122.358023	17.989594	-0.018155	3.755716
79.175284	5117.174036	17.994599	-0.018145	3.753950
79.162812	5112.032132	17.999603	-0.018141	3.752200
79.208638	5107.013819	18.004608	-0.018152	3.750496
79.196010	5102.009630	18.009613	-0.018148	3.748792
79.034195	5096.946462	18.014618	-0.018109	3.747054
79.090816	5091.511131	18.019623	-0.018122	3.745207
79.099501	5086.277391	18.024627	-0.018123	3.743423
78.924463	5081.141440	18.029632	-0.018081	3.741657
78.877742	5076.203758	18.034637	-0.018069	3.739969
78.783410	5071.179858	18.039642	-0.018046	3.738246
78.735052	5066.032352	18.044647	-0.018034	3.736484
78.741049	5060.800517	18.049651	-0.018035	3.734697
78.640673	5055.674741	18.054656	-0.018011	3.732936
78.642160	5050.599515	18.059661	-0.018011	3.731200
78.507130	5045.712974	18.064666	-0.017978	3.729517
78.576353	5040.496069	18.069671	-0.017994	3.727737
78.622628	5035.277020	18.074675	-0.018005	3.725953
78.609166	5029.775812	18.079680	-0.018001	3.724067
78.646538	5024.627706	18.084685	-0.018009	3.722304
78.465783	5019.694636	18.089690	-0.017966	3.720598
78.474745	5014.602611	18.094695	-0.017967	3.718851
78.474882	5009.497791	18.099699	-0.017967	3.717098
78.455411	5004.351861	18.104704	-0.017962	3.715329
78.378525	4999.128443	18.109709	-0.017943	3.713528
78.261879	4994.046823	18.114714	-0.017914	3.711771
78.171336	4989.231853	18.119719	-0.017892	3.710107
78.191935	4984.053508	18.124723	-0.017897	3.708327
78.178084	4978.902136	18.129728	-0.017893	3.706552
78.215862	4973.439258	18.134733	-0.017901	3.704673
78.236072	4968.252271	18.139738	-0.017906	3.702887
78.233167	4963.155645	18.144743	-0.017905	3.701129
78.191673	4958.255191	18.149747	-0.017894	3.699435
78.218528	4953.144485	18.154752	-0.017900	3.697673
78.195122	4947.954170	18.159757	-0.017894	3.695879
78.087611	4942.795461	18.164762	-0.017868	3.694088
78.041473	4937.640914	18.169767	-0.017856	3.692303
77.956088	4932.724788	18.174771	-0.017835	3.690596
77.869741	4927.710153	18.179776	-0.017814	3.688853
77.841023	4922.507417	18.184781	-0.017807	3.687050
77.754114	4917.031836	18.189786	-0.017786	3.685147
77.842501	4911.788345	18.194791	-0.017806	3.683337
77.695024	4906.694758	18.199795	-0.017770	3.681559
77.620790	4901.816542	18.204800	-0.017752	3.679861
77.724703	4896.622686	18.209805	-0.017777	3.678068
77.697865	4891.461753	18.214810	-0.017770	3.676274
77.628619	4886.260496	18.219815	-0.017753	3.674461
77.598689	4881.117968	18.224819	-0.017745	3.672672
77.560950	4876.158486	18.229824	-0.017736	3.670944
77.496654	4871.130557	18.234829	-0.017720	3.669190
77.465342	4866.004750	18.239834	-0.017712	3.667404
77.491170	4860.592503	18.244839	-0.017717	3.665522
77.342943	4855.380793	18.249843	-0.017681	3.663694
77.302480	4850.237151	18.254848	-0.017671	3.661897
77.259398	4845.358055	18.259853	-0.017660	3.660193
77.146805	4840.260895	18.264858	-0.017633	3.658405
77.225618	4835.097776	18.269863	-0.017651	3.656609
77.138832	4829.926152	18.274867	-0.017630	3.654796
77.359794	4824.694479	18.279872	-0.017683	3.652987
77.214666	4819.722465	18.284877	-0.017647	3.651237
76.999492	4814.801940	18.289882	-0.017595	3.649498
77.136699	4809.593493	18.294887	-0.017628	3.647687
77.011658	4804.187078	18.299891	-0.017597	3.645784
76.975706	4798.914365	18.304896	-0.017588	3.643934
76.981992	4793.701810	18.309901	-0.017589	3.642108
76.850108	4788.906371	18.314906	-0.017557	3.640416
76.885720	4783.734470	18.319911	-0.017565	3.638605
76.792775	4778.641662	18.324915	-0.017543	3.636809
76.790939	4773.417290	18.329920	-0.017542	3.634975
76.753813	4768.200568	18.334925	-0.017532	3.633139
76.908883	4763.210679	18.339930	-0.017569	3.631399
76.922333	4758.235345	18.344935	-0.017572	3.629650
76.807069	4753.083425	18.349939	-0.017544	3.627828
76.725251	4747.735349	18.354944	-0.017523	3.625939
76.536215	4742.526088	18.359949	-0.017478	3.624088
76.712770	4737.334174	18.364954	-0.017519	3.622274
76.544197	4732.501591	18.369959	-0.017479	3.620556
76.531321	4727.320122	18.374963	-0.017475	3.618727
76.632939	4722.170844	18.379968	-0.017499	3.616919
76.414294	4717.021806	18.384973	-0.017446	3.615082
76.373234	4711.866569	18.389978	-0.017436	3.613258
76.346983	4706.902870	18.394983	-0.017429	3.611501
76.434274	4701.833510	18.399987	-0.017449	3.609716
76.297213	4696.621203	18.404992	-0.017416	3.607861
76.282480	4691.124197	18.409997	-0.017412	3.605914
76.248297	4685.892288	18.415002	-0.017403	3.604058
76.192859	4680.765196	18.420007	-0.017390	3.602237
76.113007	4675.872108	18.425011	-0.017370	3.600495
76.232931	4670.687768	18.430016	-0.017398	3.598667
76.145497	4665.518188	18.435021	-0.017377	3.596825
76.133394	4660.341588	18.440026	-0.017374	3.594986
76.097015	4655.159543	18.445031	-0.017364	3.593142
75.981925	4650.247186	18.450035	-0.017336	3.591386
76.011276	4645.194663	18.455040	-0.017343	3.589593
75.813793	4640.075864	18.460045	-0.017295	3.587754
75.939922	4634.638083	18.465050	-0.017325	3.585830
75.916175	4629.392581	18.470055	-0.017319	3.583960
75.954546	4624.325490	18.475059	-0.017327	3.582158
75.933255	4619.442878	18.480064	-0.017322	3.580415
75.837210	4614.272159	18.485069	-0.017298	3.578563
75.879810	4609.104053	18.490074	-0.017308	3.576722
75.591500	4603.994941	18.495079	-0.017239	3.574873
75.578285	4598.862567	18.500083	-0.017235	3.573038
75.697431	4593.925439	18.505088	-0.017263	3.571284
75.450496	4588.850772	18.510093	-0.017203	3.569448
75.464894	4583.676635	18.515098	-0.017206	3.567598
75.327535	4578.125940	18.520103	-0.017173	3.565599
75.393223	4572.977806	18.525107	-0.017188	3.563761
75.382426	4567.985400	18.530112	-0.017185	3.561972
75.305551	4562.988384	18.535117	-0.017166	3.560173
75.356269	4557.842183	18.540122	-0.017178	3.558332
75.407656	4552.629750	18.545127	-0.017190	3.556466
75.369706	4547.461342	18.550131	-0.017180	3.554607
75.345420	4542.307027	18.555136	-0.017174	3.552753
75.208172	4537.515212	18.560141	-0.017141	3.551018
75.288124	4532.318510	18.565146	-0.017159	3.549157
75.155572	4527.140085	18.570151	-0.017127	3.547282
75.047873	4521.780527	18.575155	-0.017101	3.545343
75.084766	4516.604553	18.580160	-0.017109	3.543481
74.975648	4511.646092	18.585165	-0.017083	3.541685
74.972230	4506.637858	18.590170	-0.017081	3.539879
74.980897	4501.425842	18.595175	-0.017083	3.537999
74.930269	4496.291926	18.600179	-0.017070	3.536142
75.040702	4491.090247	18.605184	-0.017096	3.534273
74.885423	4486.025921	18.610189	-0.017059	3.532429
74.989727	4481.129919	18.615194	-0.017083	3.530669
74.857285	4476.009040	18.620199	-0.017051	3.528805
74.883188	4470.589093	18.625203	-0.017057	3.526846
74.935963	4465.265407	18.630208	-0.017069	3.524923
74.685504	4460.101567	18.635213	-0.017008	3.523029
74.564104	4455.277652	18.640218	-0.016979	3.521270
74.541565	4450.100045	18.645223	-0.016973	3.519390
74.625056	4444.929571	18.650227	-0.016992	3.517521
74.580520	4439.719160	18.655232	-0.016981	3.515626
74.441860	4434.526628	18.660237	-0.016948	3.513727
74.440137	4429.605695	18.665242	-0.016947	3.511938
74.460743	4424.594959	18.670247	-0.016951	3.510118
74.344404	4419.470274	18.675251	-0.016923	3.508243
74.433248	4414.059214	18.680256	-0.016944	3.506282
74.275186	4408.889007	18.685261	-0.016905	3.504384
74.279934	4403.802258	18.690266	-0.016906	3.502531
74.218525	4398.852159	18.695271	-0.016891	3.500720
74.102722	4393.725851	18.700275	-0.016863	3.498840
74.109102	4388.560391	18.705280	-0.016864	3.496955
74.041056	4383.378900	18.710285	-0.016847	3.495056
74.121503	4378.207154	18.715290	-0.016866	3.493174
74.016630	4373.400900	18.720295	-0.016840	3.491407
74.116632	4368.222745	18.725299	-0.016863	3.489523
73.941952	4363.017066	18.730304	-0.016821	3.487601
74.031064	4357.467966	18.735309	-0.016842	3.485578
73.946413	4352.337483	18.740314	-0.016821	3.483690
73.999768	4347.389400	18.745319	-0.016834	3.481881
73.841871	4342.345954	18.750323	-0.016795	3.480017
73.872030	4337.181868	18.755328	-0.016802	3.478125
73.686033	4332.024439	18.760333	-0.016757	3.476214
73.619312	4326.871915	18.765338	-0.016741	3.474314
73.599868	4321.866462	18.770343	-0.016735	3.472473
73.620141	4316.887522	18.775347	-0.016740	3.470644
73.580735	4311.740613	18.780352	-0.016730	3.468746
73.404424	4306.388916	18.785357	-0.016687	3.466759
73.305511	4301.196036	18.790362	-0.016663	3.464837
73.429802	4296.046601	18.795367	-0.016692	3.462951
73.530529	4291.092126	18.800371	-0.016716	3.461133
73.502335	4285.942153	18.805376	-0.016709	3.459230
73.380982	4280.823017	18.810381	-0.016679	3.457329
73.376518	4275.644801	18.815386	-0.016678	3.455416
73.387945	4270.494108	18.820391	-0.016680	3.453513
73.395228	4265.644411	18.825395	-0.016681	3.451721
73.447064	4260.482986	18.830400	-0.016693	3.449816
73.192879	4255.225604	18.835405	-0.016632	3.447845
73.137108	4249.769728	18.840410	-0.016618	3.445819
73.136833	4244.595092	18.845415	-0.016617	3.443901
73.166703	4239.652130	18.850419	-0.016624	3.442071
73.157774	4234.576193	18.855424	-0.016621	3.440187
73.068536	4229.442918	18.860429	-0.016600	3.438273
73.059510	4224.272632	18.865434	-0.016597	3.436352
73.106523	4219.058102	18.870439	-0.016608	3.434418
73.103067	4213.963530	18.875443	-0.016606	3.432524
72.943471	4208.989068	18.880448	-0.016568	3.430658
72.814282	4203.841872	18.885453	-0.016536	3.428729
72.809594	4198.408353	18.890458	-0.016535	3.426705
72.672911	4193.220537	18.895463	-0.016502	3.424758
72.815833	4188.209808	18.900467	-0.016535	3.422903
72.829158	4183.215882	18.905472	-0.016538	3.421042
72.614405	4178.087807	18.910477	-0.016486	3.419107
72.795675	4172.912411	18.915482	-0.016529	3.417191
72.600909	4167.768375	18.920487	-0.016482	3.415250
72.605699	4162.667645	18.925491	-0.016483	3.413343
72.589079	4157.744633	18.930496	-0.016478	3.411499
72.648357	4152.587070	18.935501	-0.016492	3.409574
72.709574	4147.172752	18.940506	-0.016506	3.407552
72.652814	4141.851260	18.945511	-0.016492	3.405552
72.472203	4136.728091	18.950515	-0.016448	3.403613
72.558305	4131.861605	18.955520	-0.016468	3.401796
72.492490	4126.672896	18.960525	-0.016452	3.399841
72.261997	4121.588037	18.965530	-0.016396	3.397909
72.189374	4116.390493	18.970535	-0.016379	3.395948
72.200440	4111.263069	18.975539	-0.016381	3.394021
72.104798	4106.396839	18.980544	-0.016357	3.392180
72.054930	4101.290935	18.985549	-0.016345	3.390253
72.071073	4096.046524	18.990554	-0.016348	3.388279
71.989951	4090.675606	18.995559	-0.016328	3.386247
71.914148	4085.568061	19.000563	-0.016310	3.384313
72.008498	4080.622653	19.005568	-0.016332	3.382456
71.958026	4075.535765	19.010573	-0.016319	3.380530
71.922941	4070.370130	19.015578	-0.016311	3.378575
71.807539	4065.194577	19.020583	-0.016282	3.376608
71.714273	4060.088932	19.025587	-0.016260	3.374667
71.791603	4055.135566	19.030592	-0.016278	3.372800
71.753285	4050.075794	19.035597	-0.016268	3.370881
71.687649	4044.912370	19.040602	-0.016252	3.368918
71.616622	4039.407613	19.045607	-0.016234	3.366824
71.595757	4034.214077	19.050611	-0.016229	3.364852
71.547525	4029.242904	19.055616	-0.016217	3.362960
71.562295	4024.200533	19.060621	-0.016220	3.361047
71.487917	4019.113724	19.065626	-0.016202	3.359106
71.599821	4013.821845	19.070631	-0.016228	3.357105
71.582161	4008.672032	19.075635	-0.016223	3.355144
71.489980	4003.689901	19.080640	-0.016201	3.353239
71.358882	3998.679872	19.085645	-0.016169	3.351318
71.255268	3993.582838	19.090650	-0.016144	3.349365
71.214455	3988.158031	19.095655	-0.016133	3.347292
71.193795	3982.960340	19.100659	-0.016128	3.345307
71.141582	3977.946529	19.105664	-0.016115	3.343387
71.056860	3972.988286	19.110669	-0.016094	3.341485
71.119708	3967.868325	19.115674	-0.016109	3.339534
71.143846	3962.622782	19.120679	-0.016114	3.337530
70.976841	3957.493512	19.125683	-0.016074	3.335551
71.051626	3952.460972	19.130688	-0.016091	3.333631
71.034779	3947.479078	19.135693	-0.016086	3.331721
71.196474	3942.280353	19.140698	-0.016125	3.329744
71.110607	3936.826934	19.145703	-0.016104	3.327644
70.961277	3931.606797	19.150707	-0.016067	3.325625
70.971340	3926.581846	19.155712	-0.016069	3.323697
70.988381	3921.549029	19.160717	-0.016073	3.321764
70.735571	3916.493875	19.165722	-0.016012	3.319795
70.833056	3911.310230	19.170727	-0.016035	3.317811
70.752132	3906.116050	19.175731	-0.016015	3.315803
70.610949	3901.094957	19.180736	-0.015981	3.313854
70.630958	3896.153218	19.185741	-0.015985	3.311952
70.569935	3891.020498	19.190746	-0.015970	3.309966
70.482285	3885.653675	19.195751	-0.015948	3.307886
70.496994	3880.425582	19.200755	-0.015951	3.305869
70.506542	3875.335336	19.205760	-0.015953	3.303904
70.398125	3870.424767	19.210765	-0.015927	3.301994
70.397444	3865.260105	19.215770	-0.015926	3.299996
70.385484	3860.108826	19.220775	-0.015923	3.298002
70.431060	3854.893787	19.225779	-0.015933	3.295987
70.332675	3849.868419	19.230784	-0.015909	3.294029
70.270732	3844.952290	19.235789	-0.015894	3.292117
70.175383	3839.800964	19.240794	-0.015871	3.290108
70.162784	3834.336522	19.245799	-0.015867	3.287986
70.000583	3829.081808	19.250803	-0.015828	3.285927
70.153981	3824.008841	19.255808	-0.015864	3.283972
70.141997	3818.989385	19.260813	-0.015861	3.282018
70.101589	3813.877853	19.265818	-0.015851	3.280025
70.172261	3808.681262	19.270823	-0.015867	3.278009
70.016648	3803.533091	19.275827	-0.015829	3.275986
70.089219	3798.411209	19.280832	-0.015846	3.273997
70.014718	3793.431754	19.285837	-0.015828	3.272047
69.995815	3788.251723	19.290842	-0.015823	3.270023
69.867233	3782.892526	19.295847	-0.015792	3.267916
69.712540	3777.709929	19.300851	-0.015754	3.265874
69.771361	3772.680103	19.305856	-0.015768	3.263913
69.866865	3767.637855	19.310861	-0.015790	3.261950
69.665657	3762.541105	19.315866	-0.015741	3.259933
69.564711	3757.386428	19.320871	-0.015717	3.257903
69.538430	3752.235654	19.325875	-0.015710	3.255881
69.449686	3747.277517	19.330880	-0.015688	3.253927
69.508873	3742.199142	19.335885	-0.015702	3.251939
69.573225	3737.050939	19.340890	-0.015717	3.249924
69.430512	3731.526439	19.345895	-0.015682	3.247738
69.360302	3726.391723	19.350899	-0.015665	3.245711
69.335528	3721.393937	19.355904	-0.015659	3.243742
69.201530	3716.381068	19.360909	-0.015626	3.241754
69.385236	3711.209636	19.365914	-0.015669	3.239736
69.395733	3705.982776	19.370919	-0.015671	3.237676
69.177281	3700.874815	19.375923	-0.015619	3.235638
69.184917	3695.932087	19.380928	-0.015620	3.233687
69.033865	3690.919834	19.385933	-0.015584	3.231691
69.244185	3685.640937	19.390938	-0.015633	3.229627
69.215391	3680.261883	19.395943	-0.015626	3.227497
69.126585	3675.119498	19.400947	-0.015604	3.225452
68.961758	3670.265014	19.405952	-0.015564	3.223512
69.076211	3665.094511	19.410957	-0.015591	3.221476
68.948025	3660.030738	19.415962	-0.015560	3.219454
68.853133	3654.832164	19.420967	-0.015537	3.217382
68.856624	3649.675554	19.425971	-0.015537	3.215335
68.949649	3644.795705	19.430976	-0.015559	3.213406
68.788945	3639.679811	19.435981	-0.015520	3.211356
68.761467	3634.458102	19.440986	-0.015513	3.209276
68.511001	3629.154517	19.445991	-0.015453	3.207138
68.518315	3624.014117	19.450995	-0.015454	3.205091
68.521142	3619.126476	19.456000	-0.015454	3.203144
68.531403	3613.918102	19.461005	-0.015456	3.201068
68.581315	3608.760970	19.466010	-0.015467	3.199016
68.324283	3603.640687	19.471015	-0.015406	3.196943
68.508014	3598.495141	19.476019	-0.015449	3.194907
68.474472	3593.585327	19.481024	-0.015440	3.192941
68.546989	3588.326635	19.486029	-0.015457	3.190845
68.424712	3583.063699	19.491034	-0.015428	3.188725
68.429980	3577.793653	19.496039	-0.015428	3.186614
68.297107	3572.800743	19.501043	-0.015396	3.184599
68.220392	3567.875854	19.506048	-0.015377	3.182615
68.260044	3562.632196	19.511053	-0.015386	3.180515
68.263221	3557.471122	19.516058	-0.015387	3.178442
68.242251	3552.310698	19.521063	-0.015381	3.176366
68.082144	3547.364819	19.526067	-0.015342	3.174360
68.040489	3542.366423	19.531072	-0.015332	3.172344
68.064658	3537.107472	19.536077	-0.015337	3.170229
67.945412	3531.665155	19.541082	-0.015308	3.168023
68.071964	3526.479720	19.546087	-0.015338	3.165946
67.801413	3521.606178	19.551091	-0.015273	3.163950
67.803718	3516.483884	19.556096	-0.015273	3.161882
67.915956	3511.280664	19.561101	-0.015299	3.159793
67.814795	3506.154916	19.566106	-0.015274	3.157709
67.762778	3500.989766	19.571111	-0.015261	3.155614
67.636880	3496.154488	19.576115	-0.015231	3.153643
67.691043	3490.987633	19.581120	-0.015243	3.151556
67.581566	3485.690583	19.586125	-0.015217	3.149397
67.842608	3480.362099	19.591130	-0.015279	3.147265
67.634319	3475.304092	19.596135	-0.015228	3.145189
67.684404	3470.347344	19.601139	-0.015240	3.143181
67.637083	3465.179461	19.606144	-0.015228	3.141076
67.596465	3460.004003	19.611149	-0.015218	3.138967
67.498917	3454.895308	19.616154	-0.015194	3.136877
67.527884	3449.888474	19.621159	-0.015200	3.134841
67.414689	3444.872846	19.626163	-0.015173	3.132785
67.251006	3439.762000	19.631168	-0.015133	3.130682
67.153379	3434.140742	19.636173	-0.015109	3.128378
67.205653	3428.966763	19.641178	-0.015121	3.126271
67.186678	3423.963395	19.646183	-0.015116	3.124225
67.006980	3418.920815	19.651187	-0.015073	3.122143
66.924809	3413.785993	19.656192	-0.015053	3.120032
66.944895	3408.589737	19.661197	-0.015057	3.117907
67.076472	3403.396556	19.666202	-0.015088	3.115795
67.083181	3398.516313	19.671207	-0.015089	3.113795
67.016178	3393.368286	19.676211	-0.015073	3.111675
66.983456	3388.063744	19.681216	-0.015064	3.109494
66.854610	3382.844352	19.686221	-0.015033	3.107335
66.891841	3377.773022	19.691226	-0.015041	3.105254
66.755694	3372.808688	19.696231	-0.015008	3.103197
66.814061	3367.619187	19.701235	-0.015022	3.101067
66.696056	3362.489910	19.706240	-0.014993	3.098941
66.535830	3357.363852	19.711245	-0.014954	3.096809
66.614278	3352.367812	19.716250	-0.014973	3.094758
66.558764	3347.332253	19.721255	-0.014959	3.092673
66.497888	3342.081731	19.726259	-0.014944	3.090497
66.692755	3336.614810	19.731264	-0.014990	3.088260
66.568162	3331.462786	19.736269	-0.014960	3.086114
66.647594	3326.556742	19.741274	-0.014978	3.084093
66.554387	3321.431618	19.746279	-0.014955	3.081959
66.397982	3316.297636	19.751283	-0.014918	3.079813
66.439687	3311.111128	19.756288	-0.014927	3.077667
66.247692	3306.079346	19.761293	-0.014881	3.075556
66.316236	3301.117913	19.766298	-0.014897	3.073503
66.171458	3296.004760	19.771303	-0.014861	3.071361
65.984033	3290.663326	19.776307	-0.014816	3.069118
65.907293	3285.513041	19.781312	-0.014797	3.066965
65.979427	3280.494733	19.786317	-0.014814	3.064883
66.097903	3275.443581	19.791322	-0.014842	3.062792
65.970248	3270.298069	19.796327	-0.014811	3.060631
65.901909	3265.123135	19.801331	-0.014794	3.058463
65.903632	3259.962097	19.806336	-0.014794	3.056308
65.920007	3255.058935	19.811341	-0.014797	3.054260
65.877655	3249.950220	19.816346	-0.014787	3.052118
66.000088	3244.510165	19.821351	-0.014816	3.049856
65.809523	3239.261316	19.826355	-0.014769	3.047635
65.709901	3234.255825	19.831360	-0.014745	3.045525
65.722116	3229.217118	19.836365	-0.014748	3.043413
65.618106	3224.101655	19.841370	-0.014722	3.041254
65.647008	3218.892196	19.846375	-0.014729	3.039069
65.491602	3213.760015	19.851379	-0.014691	3.036893
65.604814	3208.782770	19.856384	-0.014718	3.034813
65.448423	3203.693011	19.861389	-0.014680	3.032652
65.449969	3198.463778	19.866394	-0.014680	3.030449
65.341844	3193.189397	19.871399	-0.014653	3.028213
65.369079	3188.070059	19.876403	-0.014659	3.026057
65.296261	3183.141617	19.881408	-0.014641	3.023967
65.334388	3177.965786	19.886413	-0.014650	3.021785
65.266131	3172.817164	19.891418	-0.014633	3.019601
65.133375	3167.678036	19.896423	-0.014601	3.017411
65.166443	3162.664494	19.901427	-0.014608	3.015292
64.946497	3157.704863	19.906432	-0.014555	3.013164
65.126557	3152.386514	19.911437	-0.014598	3.010931
64.954399	3147.039626	19.916442	-0.014556	3.008642
64.841447	3141.881457	19.921447	-0.014529	3.006438
64.860617	3136.947376	19.926451	-0.014533	3.004344
64.957690	3131.817691	19.931456	-0.014556	3.002174
64.873162	3126.631840	19.936461	-0.014535	2.999957
64.947372	3121.451593	19.941466	-0.014552	2.997760
64.825414	3116.381488	19.946471	-0.014522	2.995585
64.735916	3111.341733	19.951475	-0.014501	2.993425
64.873285	3106.121079	19.956480	-0.014533	2.991214
64.798078	3100.736836	19.961485	-0.014514	2.988905
64.699586	3095.629937	19.966490	-0.014490	2.986710
64.469561	3090.787641	19.971495	-0.014435	2.984611
64.527737	3085.617946	19.976499	-0.014448	2.982405
64.500709	3080.474196	19.981504	-0.014441	2.980198
64.506971	3075.311650	19.986509	-0.014442	2.977986
64.586495	3070.299317	19.991514	-0.014461	2.975846
64.475036	3065.319728	19.996519	-0.014434	2.973694
64.297515	3060.155656	20.001523	-0.014391	2.971454
64.419351	3054.679040	20.006528	-0.014419	2.969114
64.295888	3049.503951	20.011533	-0.014389	2.966873
64.417420	3044.579364	20.016538	-0.014418	2.964767
64.216065	3039.401677	20.021543	-0.014369	2.962511
63.954595	3034.314021	20.026547	-0.014306	2.960285
64.064963	3029.119289	20.031552	-0.014332	2.958057
64.086861	3024.078102	20.036557	-0.014337	2.955882
64.091354	3019.034779	20.041562	-0.014338	2.953703
63.961954	3013.866242	20.046567	-0.014306	2.951451
63.939096	3008.549240	20.051571	-0.014300	2.949147
63.908242	3003.399356	20.056576	-0.014292	2.946912
63.965127	2998.471473	20.061581	-0.014305	2.944783
63.907988	2993.301547	20.066586	-0.014291	2.942533
63.852891	2988.150109	20.071591	-0.014278	2.940290
63.782630	2982.989039	20.076595	-0.014260	2.938038
63.799703	2978.017793	20.081600	-0.014264	2.935879
63.831220	2972.953513	20.086605	-0.014271	2.933679
63.790358	2967.710367	20.091610	-0.014261	2.931391
63.601846	2962.356413	20.096615	-0.014215	2.929034
63.546239	2957.246096	20.101619	-0.014201	2.926798
63.505946	2952.311881	20.106624	-0.014191	2.924639
63.523036	2947.123978	20.111629	-0.014195	2.922375
63.444554	2941.982709	20.116634	-0.014176	2.920117
63.435429	2936.832523	20.121639	-0.014173	2.917863
63.222475	2931.919935	20.126643	-0.014121	2.915685
63.337302	2926.810806	20.131648	-0.014148	2.913461
63.226496	2921.587972	20.136653	-0.014121	2.911156
63.200317	2916.319203	20.141658	-0.014115	2.908841
63.197549	2911.223359	20.146663	-0.014114	2.906602
63.152294	2906.226834	20.151667	-0.014102	2.904400
63.061343	2901.093422	20.156672	-0.014080	2.902131
63.156152	2895.827909	20.161677	-0.014102	2.899825
63.093108	2890.727133	20.166682	-0.014087	2.897569
63.054014	2885.816628	20.171687	-0.014077	2.895399
62.883336	2880.718207	20.176691	-0.014036	2.893128
62.898692	2875.306175	20.181696	-0.014039	2.890740
62.823401	2870.019596	20.186701	-0.014020	2.888393
62.926868	2865.007041	20.191706	-0.014044	2.886190
62.790919	2859.977037	20.196711	-0.014011	2.883946
62.757386	2854.817619	20.201715	-0.014003	2.881656
62.910294	2849.628387	20.206720	-0.014039	2.879375
62.710630	2844.534043	20.211725	-0.013991	2.877088
62.747300	2839.567462	20.216730	-0.013999	2.874888
62.594549	2834.479470	20.221735	-0.013962	2.872607
62.500528	2829.080239	20.226739	-0.013939	2.870193
62.473721	2823.933768	20.231744	-0.013932	2.867899
62.353887	2819.027372	20.236749	-0.013903	2.865697
62.351191	2813.916954	20.241754	-0.013902	2.863419
62.256073	2808.774689	20.246759	-0.013879	2.861112
62.251883	2803.572270	20.251763	-0.013877	2.858788
62.195076	2798.611542	20.256768	-0.013863	2.856564
62.245210	2793.554303	20.261773	-0.013875	2.854308
62.246793	2788.278913	20.266778	-0.013875	2.851947
62.133968	2782.937636	20.271783	-0.013847	2.849540
62.140736	2777.785097	20.276787	-0.013848	2.847230
62.189721	2772.826031	20.281792	-0.013859	2.845011
62.228152	2767.575784	20.286797	-0.013868	2.842659
62.210882	2762.403850	20.291802	-0.013863	2.840332
62.036380	2757.306640	20.296807	-0.013821	2.838016
61.977011	2752.393343	20.301811	-0.013807	2.835796
62.059701	2747.235034	20.306816	-0.013826	2.833483
61.934691	2741.906001	20.311821	-0.013795	2.831064
61.968013	2736.710619	20.316826	-0.013803	2.828723
61.878165	2731.732666	20.321831	-0.013781	2.826463
61.883959	2726.684306	20.326835	-0.013782	2.824182
61.933062	2721.498258	20.331840	-0.013793	2.821842
61.703486	2716.402102	20.336845	-0.013738	2.819504
61.734884	2711.289773	20.341850	-0.013745	2.817192
61.726439	2706.334445	20.346855	-0.013742	2.814943
61.567878	2701.133812	20.351859	-0.013704	2.812561
61.566648	2695.709839	20.356864	-0.013703	2.810097
61.473201	2690.571821	20.361869	-0.013680	2.807748
61.330670	2685.716005	20.366874	-0.013646	2.805520
61.345698	2680.534505	20.371879	-0.013649	2.803162
61.348996	2675.348501	20.376883	-0.013649	2.800799
61.371374	2670.197478	20.381888	-0.013654	2.798452
61.187124	2665.257547	20.386893	-0.013609	2.796171
61.181305	2660.169839	20.391898	-0.013607	2.793846
61.254114	2654.801029	20.396903	-0.013624	2.791400
61.217038	2649.572417	20.401907	-0.013615	2.789002
61.259456	2644.533861	20.406912	-0.013625	2.786700
61.110476	2639.478662	20.411917	-0.013589	2.784361
61.007973	2634.369098	20.416922	-0.013564	2.782003
61.058322	2629.176381	20.421927	-0.013575	2.779625
60.898831	2624.168573	20.426931	-0.013537	2.777301
61.017994	2619.105245	20.431936	-0.013565	2.774988
60.934860	2613.890723	20.436941	-0.013544	2.772576
60.711408	2608.578983	20.441946	-0.013490	2.770097
60.755876	2603.433196	20.446951	-0.013500	2.767730
60.674677	2598.475908	20.451955	-0.013480	2.765430
60.645685	2593.362008	20.456960	-0.013473	2.763063
60.459163	2588.191490	20.461965	-0.013428	2.760646
60.582342	2583.014137	20.466970	-0.013457	2.758267
60.490266	2578.155346	20.471975	-0.013434	2.756004
60.445791	2572.986169	20.476979	-0.013423	2.753601
60.261408	2567.689127	20.481984	-0.013379	2.751117
60.246923	2562.516866	20.486989	-0.013375	2.748713
60.330371	2557.534689	20.491994	-0.013394	2.746409
60.237021	2552.449872	20.496999	-0.013371	2.744030
60.124740	2547.324240	20.502003	-0.013344	2.741628
60.130481	2542.151095	20.507008	-0.013345	2.739218
59.986344	2537.200643	20.512013	-0.013310	2.736888
60.068853	2532.117071	20.517018	-0.013329	2.734527
59.983962	2526.683971	20.522023	-0.013308	2.731976
59.969575	2521.401649	20.527027	-0.013305	2.729503
59.902797	2516.411813	20.532032	-0.013288	2.727158
59.942165	2511.321183	20.537037	-0.013297	2.724778
59.960558	2506.180051	20.542042	-0.013301	2.722370
59.872163	2501.001727	20.547047	-0.013279	2.719927
59.852581	2495.973493	20.552051	-0.013274	2.717562
59.796525	2490.981182	20.557056	-0.013260	2.715207
59.651815	2485.785145	20.562061	-0.013225	2.712741
59.543603	2480.512703	20.567066	-0.013199	2.710242
59.624603	2475.374882	20.572071	-0.013218	2.707832
59.502367	2470.403969	20.577075	-0.013188	2.705468
59.600153	2465.235069	20.582080	-0.013211	2.703041
59.523755	2460.071101	20.587085	-0.013192	2.700589
59.416899	2455.010741	20.592090	-0.013166	2.698180
59.435102	2450.018053	20.597095	-0.013170	2.695818
59.365114	2444.851587	20.602099	-0.013153	2.693359
59.403083	2439.407998	20.607104	-0.013161	2.690782
59.418398	2434.262287	20.612109	-0.013164	2.688340
59.341357	2429.336918	20.617114	-0.013146	2.685988
59.307891	2424.189538	20.622119	-0.013137	2.683535
59.155449	2419.013394	20.627123	-0.013100	2.681048
59.311664	2413.856128	20.632128	-0.013137	2.678612
59.236700	2408.885299	20.637133	-0.013119	2.676230
59.127430	2403.752854	20.642138	-0.013092	2.673764
58.959447	2398.448410	20.647143	-0.013051	2.671204
59.020538	2393.283892	20.652147	-0.013065	2.668743
58.990409	2388.368791	20.657152	-0.013058	2.666385
58.891822	2383.231373	20.662157	-0.013034	2.663909
58.815153	2378.092781	20.667162	-0.013015	2.661433
58.803607	2372.954839	20.672167	-0.013012	2.658964
58.850929	2368.024571	20.677171	-0.013022	2.656602
58.744956	2362.897408	20.682176	-0.012997	2.654120
58.766488	2357.360423	20.687181	-0.013001	2.651457
58.671466	2352.259067	20.692186	-0.012978	2.648985
58.473107	2347.363773	20.697191	-0.012930	2.646594
58.371585	2342.235417	20.702195	-0.012905	2.644103
58.336840	2337.074826	20.707200	-0.012896	2.641604
58.305720	2331.898678	20.712205	-0.012889	2.639095
58.323191	2326.992682	20.717210	-0.012892	2.636723
58.375458	2321.810688	20.722215	-0.012904	2.634219
58.275824	2316.467646	20.727219	-0.012880	2.631612
58.446401	2311.241567	20.732224	-0.012920	2.629100
58.249518	2306.327099	20.737229	-0.012873	2.626682
58.122327	2301.208675	20.742234	-0.012842	2.624173
58.253319	2295.998066	20.747239	-0.012873	2.621655
58.132157	2290.912355	20.752243	-0.012843	2.619158
58.135538	2285.989190	20.757248	-0.012843	2.616757
58.020693	2280.811807	20.762253	-0.012816	2.614211
57.898247	2275.443007	20.767258	-0.012786	2.611568
58.001427	2270.261881	20.772263	-0.012810	2.609049
57.870584	2265.345017	20.777267	-0.012778	2.606621
57.800066	2260.241499	20.782272	-0.012761	2.604108
57.718320	2255.022704	20.787277	-0.012741	2.601535
57.791890	2249.902824	20.792282	-0.012758	2.599031
57.780188	2244.944741	20.797287	-0.012755	2.596591
57.688299	2239.810497	20.802291	-0.012732	2.594051
57.758515	2234.463059	20.807296	-0.012748	2.591427
57.538127	2229.406754	20.812301	-0.012695	2.588900
57.531510	2224.429198	20.817306	-0.012693	2.586442
57.461985	2219.290348	20.822311	-0.012676	2.583893
57.401004	2214.073218	20.827315	-0.012661	2.581303
57.387329	2209.047235	20.832320	-0.012657	2.578813
57.420130	2204.000153	20.837325	-0.012665	2.576317
57.261230	2198.804668	20.842330	-0.012626	2.573715
56.952272	2193.563356	20.847335	-0.012552	2.571066
57.035468	2188.480764	20.852339	-0.012571	2.568552
57.213095	2183.406904	20.857344	-0.012613	2.566055
57.005308	2178.274770	20.862349	-0.012563	2.563467
56.991587	2173.102430	20.867354	-0.012559	2.560886
56.999020	2168.064782	20.872359	-0.012560	2.558374
56.941837	2163.008307	20.877363	-0.012546	2.555839
56.917848	2157.742859	20.882368	-0.012540	2.553203
56.792191	2152.533309	20.887373	-0.012510	2.550576
56.774704	2147.555127	20.892378	-0.012505	2.548079
56.797768	2142.440181	20.897383	-0.012510	2.545517
56.718941	2137.306591	20.902387	-0.012491	2.542927
56.748175	2132.133009	20.907392	-0.012497	2.540332
56.644759	2127.198081	20.912397	-0.012472	2.537833
56.646318	2122.026700	20.917402	-0.012472	2.535229
56.551600	2116.613169	20.922407	-0.012449	2.532485
56.597219	2111.389876	20.927411	-0.012459	2.529857
56.608562	2106.456268	20.932416	-0.012461	2.527366
56.502529	2101.340254	20.937421	-0.012435	2.524763
56.425527	2096.152747	20.942426	-0.012416	2.522125
56.405046	2091.087393	20.947431	-0.012411	2.519555
56.280120	2086.125202	20.952435	-0.012381	2.517018
56.219303	2080.933045	20.957440	-0.012366	2.514372
56.220133	2075.615782	20.962445	-0.012365	2.511670
56.153053	2070.560249	20.967450	-0.012349	2.509087
56.168114	2065.519606	20.972455	-0.012352	2.506522
56.028745	2060.422670	20.977459	-0.012318	2.503901
56.056165	2055.245544	20.982464	-0.012324	2.501263
56.044432	2050.222561	20.987469	-0.012321	2.498694
55.877974	2045.194133	20.992474	-0.012281	2.496096
55.967627	2039.801029	20.997479	-0.012302	2.493349
55.858334	2034.530399	21.002483	-0.012275	2.490630
55.968982	2029.510676	21.007488	-0.012301	2.488072
55.769345	2024.424720	21.012493	-0.012253	2.485427
55.675395	2019.320055	21.017498	-0.012230	2.482787
55.613401	2014.179358	21.022503	-0.012214	2.480131
55.639462	2009.211033	21.027507	-0.012220	2.477575
55.538949	2004.070869	21.032512	-0.012196	2.474907
55.466433	1998.727236	21.037517	-0.012178	2.472136
55.429802	1993.668707	21.042522	-0.012169	2.469515
55.436621	1988.635113	21.047527	-0.012170	2.466911
55.383270	1983.505229	21.052531	-0.012156	2.464245
55.278952	1978.380964	21.057536	-0.012131	2.461570
55.199472	1973.381644	21.062541	-0.012112	2.458962
55.277767	1968.266710	21.067546	-0.012130	2.456316
55.303652	1962.905634	21.072551	-0.012135	2.453531
55.191524	1957.713179	21.077555	-0.012108	2.450807
55.191727	1952.701278	21.082560	-0.012108	2.448194
55.107869	1947.578598	21.087565	-0.012087	2.445506
55.187813	1942.376345	21.092570	-0.012106	2.442800
55.013067	1937.315107	21.097575	-0.012064	2.440123
54.954140	1932.353534	21.102579	-0.012049	2.437515
54.906144	1927.177543	21.107584	-0.012037	2.434793
54.843234	1921.858707	21.112589	-0.012021	2.431991
54.974598	1916.785235	21.117594	-0.012052	2.429346
54.879220	1911.760226	21.122599	-0.012029	2.426687
54.825339	1906.602093	21.127603	-0.012016	2.423961
54.821776	1901.441014	21.132608	-0.012014	2.421239
54.754926	1896.503442	21.137613	-0.011998	2.418621
54.741453	1891.391423	21.142618	-0.011994	2.415918
54.672694	1885.956692	21.147623	-0.011977	2.413031
54.425565	1880.910935	21.152627	-0.011918	2.410317
54.409709	1875.934983	21.157632	-0.011913	2.407676
54.281604	1870.779880	21.162637	-0.011882	2.404918
54.349481	1865.576670	21.167642	-0.011898	2.402164
54.305533	1860.534416	21.172647	-0.011887	2.399474
54.146370	1855.519979	21.177651	-0.011848	2.396776
54.178605	1850.220690	21.182656	-0.011856	2.393955
53.937583	1845.070638	21.187661	-0.011798	2.391165
54.214639	1840.024256	21.192666	-0.011863	2.388514
54.031185	1834.950098	21.197671	-0.011819	2.385768
53.972414	1829.767190	21.202675	-0.011804	2.382981
53.921641	1824.706219	21.207680	-0.011792	2.380258
53.939688	1819.669011	21.212685	-0.011796	2.377556
53.857990	1814.418187	21.217690	-0.011776	2.374719
53.754984	1809.157851	21.222695	-0.011750	2.371870
53.713060	1804.143285	21.227699	-0.011740	2.369161
53.672249	1799.056046	21.232704	-0.011730	2.366409
53.621872	1793.841460	21.237709	-0.011717	2.363584
53.391789	1788.790176	21.242714	-0.011662	2.360813
53.476773	1783.794438	21.247719	-0.011682	2.358123
53.505305	1778.564733	21.252723	-0.011688	2.355293
53.454429	1773.294452	21.257728	-0.011675	2.352424
53.258489	1768.326691	21.262733	-0.011628	2.349691
53.290432	1763.241929	21.267738	-0.011635	2.346930
53.215538	1758.102411	21.272743	-0.011617	2.344118
53.290464	1752.890649	21.277747	-0.011634	2.341289
53.276631	1747.999824	21.282752	-0.011630	2.338617
53.049452	1742.807145	21.287757	-0.011575	2.335739
52.937725	1737.488886	21.292762	-0.011548	2.332809
53.065540	1732.359561	21.297767	-0.011578	2.330021
53.066224	1727.302564	21.302771	-0.011578	2.327247
52.968204	1722.123842	21.307776	-0.011554	2.324385
52.888274	1716.967891	21.312781	-0.011534	2.321536
52.841272	1712.046627	21.317786	-0.011523	2.318818
52.828108	1706.871546	21.322791	-0.011519	2.315963
52.962944	1701.491176	21.327795	-0.011551	2.313017
52.790260	1696.505558	21.332800	-0.011509	2.310231
52.763450	1691.443158	21.337805	-0.011502	2.307426
52.789055	1686.294347	21.342810	-0.011508	2.304578
52.692114	1681.145108	21.347815	-0.011484	2.301705
52.673570	1676.200779	21.352819	-0.011479	2.298956
52.607271	1671.025760	21.357824	-0.011463	2.296066
52.374763	1665.717395	21.362829	-0.011407	2.293069
52.393338	1660.658296	21.367834	-0.011411	2.290253
52.379762	1655.575781	21.372839	-0.011407	2.287413
52.388630	1650.382645	21.377843	-0.011409	2.284513
52.251567	1645.294671	21.382848	-0.011375	2.281641
52.249185	1640.336870	21.387853	-0.011374	2.278863
52.295704	1635.106806	21.392858	-0.011385	2.275938
52.184445	1629.829874	21.397863	-0.011358	2.272954
52.024551	1624.861618	21.402867	-0.011319	2.270131
52.057637	1619.788880	21.407872	-0.011327	2.267281
52.019213	1614.606956	21.412877	-0.011317	2.264352
51.897578	1609.545678	21.417882	-0.011287	2.261473
51.902170	1604.560809	21.422887	-0.011288	2.258656
51.761778	1599.286674	21.427891	-0.011254	2.255645
51.568159	1594.062207	21.432896	-0.011207	2.252649
51.697333	1588.966088	21.437901	-0.011237	2.249780
51.770583	1583.817873	21.442906	-0.011254	2.246869
51.657687	1578.687738	21.447911	-0.011227	2.243929
51.518630	1573.640232	21.452915	-0.011193	2.241028
51.540212	1568.610750	21.457920	-0.011198	2.238163
51.559766	1563.313305	21.462925	-0.011202	2.235141
51.459232	1558.123863	21.467930	-0.011178	2.232154
51.432757	1553.171549	21.472935	-0.011171	2.229313
51.330242	1548.039672	21.477939	-0.011146	2.226352
51.452142	1542.848076	21.482944	-0.011174	2.223393
51.251226	1537.882107	21.487949	-0.011126	2.220501
51.142160	1532.842223	21.492954	-0.011099	2.217579
50.956710	1527.469385	21.497959	-0.011054	2.214447
50.919929	1522.309658	21.502963	-0.011045	2.211461
51.078330	1517.287991	21.507968	-0.011083	2.208588
50.976372	1512.138367	21.512973	-0.011058	2.205588
50.915132	1506.986596	21.517978	-0.011043	2.202590
51.070245	1501.961968	21.522983	-0.011079	2.199704
50.889079	1496.826045	21.527987	-0.011035	2.196684
50.835349	1491.565702	21.532992	-0.011022	2.193613
50.838827	1486.495925	21.537997	-0.011022	2.190659
50.746087	1481.467309	21.543002	-0.011000	2.187707
50.743265	1476.312882	21.548007	-0.010999	2.184694
50.615322	1471.174157	21.553011	-0.010967	2.181663
50.542140	1466.212985	21.558016	-0.010949	2.178742
50.499551	1460.897062	21.563021	-0.010939	2.175614
50.510514	1455.639525	21.568026	-0.010941	2.172527
50.370413	1450.668414	21.573031	-0.010907	2.169575
50.395064	1445.508633	21.578035	-0.010912	2.166539
50.371061	1440.386522	21.583040	-0.010906	2.163512
50.418747	1435.329691	21.588045	-0.010917	2.160533
50.382374	1430.213213	21.593050	-0.010908	2.157498
50.231604	1424.944795	21.598055	-0.010871	2.154347
50.213029	1419.854560	21.603059	-0.010866	2.151323
50.101106	1414.846201	21.608064	-0.010839	2.148325
50.142946	1409.638760	21.613069	-0.010849	2.145234
50.073708	1404.548268	21.618074	-0.010832	2.142187
49.992074	1399.556433	21.623079	-0.010812	2.139192
49.711467	1394.355370	21.628083	-0.010744	2.136028
49.732259	1389.100448	21.633088	-0.010748	2.132887
49.659582	1384.150970	21.638093	-0.010731	2.129906
49.601794	1379.009706	21.643098	-0.010716	2.126809
49.578321	1373.847812	21.648103	-0.010710	2.123701
49.678833	1368.790269	21.653107	-0.010734	2.120676
49.589228	1363.710082	21.658112	-0.010712	2.117596
49.545952	1358.377684	21.663117	-0.010701	2.114367
49.432945	1353.350644	21.668122	-0.010673	2.111305
49.426615	1348.277263	21.673127	-0.010671	2.108232
49.496834	1343.096526	21.678131	-0.010688	2.105104
49.400250	1338.053191	21.683136	-0.010664	2.102022
49.243291	1333.061606	21.688141	-0.010626	2.098954
49.160392	1327.753628	21.693146	-0.010606	2.095704
49.210909	1322.548449	21.698151	-0.010617	2.092539
49.059562	1317.572760	21.703155	-0.010581	2.089468
49.025849	1312.432542	21.708160	-0.010572	2.086316
48.952063	1307.236494	21.713165	-0.010554	2.083117
48.938686	1302.272724	21.718170	-0.010550	2.080067
48.933753	1297.039626	21.723175	-0.010549	2.076850
48.797217	1291.824758	21.728179	-0.010516	2.073611
48.804144	1286.843836	21.733184	-0.010517	2.070542
48.809224	1281.691045	21.738189	-0.010517	2.067361
48.803291	1276.512245	21.743194	-0.010516	2.064157
48.643379	1271.576870	21.748199	-0.010477	2.061067
48.548924	1266.449024	21.753203	-0.010454	2.057866
48.639152	1261.032216	21.758208	-0.010475	2.054519
48.466413	1256.041779	21.763213	-0.010433	2.051378
48.430610	1250.967589	21.768218	-0.010424	2.048208
48.227860	1245.834305	21.773223	-0.010375	2.044961
48.315938	1240.760102	21.778227	-0.010396	2.041807
48.232009	1235.729930	21.783232	-0.010375	2.038640
48.127268	1230.427323	21.788237	-0.010349	2.035292
48.141120	1225.361200	21.793242	-0.010352	2.032112
48.108576	1220.315457	21.798247	-0.010344	2.028930
48.064388	1215.120894	21.803251	-0.010333	2.025648
48.135135	1210.031902	21.808256	-0.010349	2.022450
48.165016	1204.965500	21.813261	-0.010356	2.019253
47.896821	1199.698576	21.818266	-0.010291	2.015861
47.907641	1194.542171	21.823271	-0.010294	2.012593
47.813043	1189.527008	21.828275	-0.010270	2.009387
47.652291	1184.409148	21.833280	-0.010232	2.006096
47.577430	1179.316887	21.838285	-0.010213	2.002834
47.465820	1174.337109	21.843290	-0.010186	1.999631
47.374937	1169.054065	21.848295	-0.010164	1.996233
47.370141	1163.902265	21.853299	-0.010162	1.992932
47.395853	1158.866207	21.858304	-0.010168	1.989707
47.361396	1153.709643	21.863309	-0.010159	1.986385
47.347580	1148.614659	21.868314	-0.010155	1.983102
47.331664	1143.596790	21.873319	-0.010151	1.979863
47.109268	1138.324736	21.878323	-0.010097	1.976410
47.108436	1133.172723	21.883328	-0.010097	1.973077
47.038792	1128.129728	21.888333	-0.010079	1.969793
47.008573	1122.998599	21.893338	-0.010072	1.966456
46.918355	1117.907597	21.898343	-0.010050	1.963125
46.861044	1112.872680	21.903347	-0.010035	1.959833
46.689116	1107.662201	21.908352	-0.009994	1.956396
46.708500	1102.514873	21.913357	-0.009998	1.953036
46.507614	1097.563298	21.918362	-0.009949	1.949749
46.704882	1092.328258	21.923367	-0.009996	1.946359
46.649781	1087.240910	21.928371	-0.009982	1.943005
46.533610	1082.249281	21.933376	-0.009954	1.939694
46.551703	1076.920405	21.938381	-0.009958	1.936185
46.487843	1071.844815	21.943386	-0.009942	1.932818
46.485539	1066.768462	21.948391	-0.009941	1.929459
46.306692	1061.646525	21.953395	-0.009898	1.926024
46.192581	1056.629029	21.958400	-0.009870	1.922667
46.111879	1051.544869	21.963405	-0.009850	1.919268
46.128532	1046.222071	21.968410	-0.009854	1.915725
46.018060	1041.217159	21.973415	-0.009827	1.912359
45.970395	1036.118314	21.978419	-0.009815	1.908938
46.022676	1030.945068	21.983424	-0.009827	1.905485
45.934468	1025.950606	21.988429	-0.009806	1.902113
45.897281	1020.754130	21.993434	-0.009796	1.898610
45.725239	1015.504965	21.998439	-0.009755	1.895035
45.830162	1010.443253	22.003443	-0.009779	1.891643
45.772390	1005.334142	22.008448	-0.009765	1.888176
45.713164	1000.186823	22.013453	-0.009750	1.884676
45.663913	995.207075	22.018458	-0.009738	1.881286
45.584760	989.999382	22.023463	-0.009719	1.877727
45.402991	984.846697	22.028467	-0.009675	1.874176
45.444819	979.808914	22.033472	-0.009684	1.870748
45.390287	974.640987	22.038477	-0.009671	1.867202
45.321611	969.574918	22.043482	-0.009654	1.863717
45.322912	964.523719	22.048487	-0.009653	1.860251
45.226900	959.161104	22.053491	-0.009630	1.856541
45.193543	954.113533	22.058496	-0.009622	1.853056
45.177877	949.004162	22.063501	-0.009617	1.849526
45.170607	943.835391	22.068506	-0.009615	1.845950
45.103333	938.829611	22.073511	-0.009599	1.842466
44.947261	933.712805	22.078515	-0.009561	1.838878
44.729000	928.530871	22.083520	-0.009508	1.835222
44.683507	923.523965	22.088525	-0.009497	1.831722
44.677243	918.356734	22.093530	-0.009495	1.828112
44.622405	913.267962	22.098535	-0.009481	1.824539
44.579737	908.252237	22.103539	-0.009470	1.821013
44.353200	903.023191	22.108544	-0.009416	1.817286
44.397268	897.855027	22.113549	-0.009426	1.813659
44.247905	892.826611	22.118554	-0.009390	1.810077
44.317434	887.635132	22.123559	-0.009406	1.806425
44.268388	882.600059	22.128563	-0.009393	1.802848
44.199397	877.470601	22.133568	-0.009376	1.799192
44.218390	872.199158	22.138573	-0.009381	1.795449
44.131409	867.236050	22.143578	-0.009359	1.791893
44.063943	862.113432	22.148583	-0.009343	1.788220
43.948713	857.007485	22.153587	-0.009315	1.784539
44.022598	851.954271	22.158592	-0.009332	1.780936
43.792314	846.690968	22.163597	-0.009276	1.777099
43.708068	841.616488	22.168602	-0.009256	1.773425
43.597245	836.551751	22.173607	-0.009229	1.769745
43.630583	831.366678	22.178611	-0.009236	1.766006
43.636135	826.360311	22.183616	-0.009237	1.762381
43.578504	821.147629	22.188621	-0.009223	1.758583
43.532930	815.964408	22.193626	-0.009211	1.754802
43.513737	810.918105	22.198631	-0.009206	1.751119
43.448099	805.780324	22.203635	-0.009190	1.747349
43.361065	800.741122	22.208640	-0.009169	1.743638
43.226021	795.641222	22.213645	-0.009136	1.739863
43.084785	790.392188	22.218650	-0.009102	1.735968
43.076895	785.371598	22.223655	-0.009099	1.732266
42.842199	780.284564	22.228659	-0.009043	1.728450
42.855307	775.172155	22.233664	-0.009045	1.724670
42.847441	770.088661	22.238669	-0.009043	1.720897
42.765071	764.834936	22.243674	-0.009023	1.716971
42.849033	759.783356	22.248679	-0.009042	1.713229
42.714921	754.670452	22.253683	-0.009010	1.709377
42.668799	749.576150	22.258688	-0.008998	1.705552
42.751997	744.528525	22.263693	-0.009018	1.701788
42.569176	739.246921	22.268698	-0.008973	1.697770
42.540956	734.140655	22.273703	-0.008966	1.693915
42.382720	729.076889	22.278707	-0.008928	1.690050
42.380155	723.923904	22.283712	-0.008927	1.686148
42.167775	718.989136	22.288717	-0.008876	1.682349
42.146312	713.725982	22.293722	-0.008870	1.678341
42.105608	708.613584	22.298727	-0.008860	1.674433
42.020049	703.545197	22.303731	-0.008839	1.670538
41.911113	698.426556	22.308736	-0.008812	1.666589
41.746654	693.476070	22.313741	-0.008772	1.662745
41.845598	688.145840	22.318746	-0.008796	1.658670
41.820201	683.009321	22.323751	-0.008789	1.654702
41.749723	677.934842	22.328755	-0.008772	1.650759
41.639218	672.806762	22.333760	-0.008745	1.646755
41.477660	667.856070	22.338765	-0.008706	1.642866
41.470447	662.607035	22.343770	-0.008703	1.638776
41.391452	657.518428	22.348775	-0.008684	1.634782
41.429751	652.399995	22.353779	-0.008693	1.630786
41.343276	647.288312	22.358784	-0.008671	1.626752
41.250864	642.293936	22.363789	-0.008649	1.622799
41.164442	637.030520	22.368794	-0.008628	1.618625
41.093065	631.933504	22.373799	-0.008610	1.614577
40.991022	626.847020	22.378803	-0.008585	1.610518
41.018910	621.700754	22.383808	-0.008591	1.606437
40.879333	616.688858	22.388813	-0.008558	1.602407
40.809202	611.445481	22.393818	-0.008540	1.598200
40.833534	606.352072	22.398823	-0.008546	1.594129
40.844030	601.222065	22.403827	-0.008548	1.590015
40.718547	596.151370	22.408832	-0.008517	1.585899
40.725674	591.064124	22.413837	-0.008518	1.581796
40.349386	585.867746	22.418842	-0.008428	1.577486
40.354254	580.842361	22.423847	-0.008429	1.573412
40.337489	575.687045	22.428851	-0.008424	1.569214
40.228192	570.658336	22.433856	-0.008397	1.565083
40.263208	565.485225	22.438861	-0.008405	1.560863
40.127482	560.313673	22.443866	-0.008372	1.556584
40.059758	555.301468	22.448871	-0.008356	1.552445
40.011553	550.153261	22.453875	-0.008344	1.548187
39.905640	545.148464	22.458880	-0.008318	1.544020
39.762087	539.926894	22.463885	-0.008283	1.539650
39.802621	534.762340	22.468890	-0.008292	1.535370
39.725860	529.685577	22.473895	-0.008273	1.531116
39.495197	524.625656	22.478899	-0.008218	1.526819
39.321301	519.647933	22.483904	-0.008176	1.522596
39.293343	514.371330	22.488909	-0.008169	1.518153
39.333588	509.321091	22.493914	-0.008178	1.513908
39.211211	504.193780	22.498919	-0.008148	1.509537
39.276132	499.092154	22.503923	-0.008163	1.505231
39.177091	493.955192	22.508928	-0.008139	1.500834
39.191646	488.724001	22.513933	-0.008142	1.496378
39.199419	483.656349	22.518938	-0.008143	1.492046
38.983122	478.578429	22.523943	-0.008091	1.487625
38.878554	473.562425	22.528947	-0.008065	1.483278
38.829630	468.314945	22.533952	-0.008053	1.478735
38.654511	463.322553	22.538957	-0.008011	1.474361
38.581940	458.216228	22.543962	-0.007993	1.469906
38.472293	453.169664	22.548967	-0.007966	1.465478
38.239563	448.059614	22.553971	-0.007910	1.460944
38.293431	442.832272	22.558976	-0.007923	1.456380
38.259164	437.753387	22.563981	-0.007914	1.451906
38.057223	432.685878	22.568986	-0.007865	1.447376
38.009961	427.642969	22.573991	-0.007853	1.442902
38.058371	422.354609	22.578995	-0.007864	1.438225
37.912321	417.376200	22.584000	-0.007829	1.433749
37.800999	412.243596	22.589005	-0.007802	1.429132
37.718534	407.224168	22.594010	-0.007782	1.424610
37.707717	401.971500	22.599015	-0.007779	1.419887
37.676692	396.854766	22.604019	-0.007771	1.415264
37.607232	391.756822	22.609024	-0.007754	1.410631
37.479482	386.693758	22.614029	-0.007723	1.405995
37.330353	381.600340	22.619034	-0.007686	1.401310
37.408727	376.417086	22.624039	-0.007705	1.396600
37.125614	371.422147	22.629043	-0.007636	1.391929
37.096369	366.317560	22.634048	-0.007629	1.387225
37.030529	361.220819	22.639053	-0.007613	1.382500
36.989982	355.964479	22.644058	-0.007603	1.377619
36.980806	350.906480	22.649063	-0.007600	1.372916
36.895250	345.778778	22.654067	-0.007579	1.368106
36.757963	340.776668	22.659072	-0.007546	1.363380
36.664165	335.541320	22.664077	-0.007523	1.358432
36.531606	330.559485	22.669082	-0.007491	1.353692
36.392641	325.439374	22.674087	-0.007457	1.348803
36.180589	320.454783	22.679091	-0.007406	1.344000
36.090514	315.197098	22.684096	-0.007384	1.338960
36.063444	310.150003	22.689101	-0.007377	1.334125
35.993586	305.007865	22.694106	-0.007359	1.329166
35.910920	300.007626	22.699111	-0.007339	1.324321
35.819910	294.768257	22.704115	-0.007317	1.319224
35.860464	289.725299	22.709120	-0.007326	1.314343
35.705739	284.612770	22.714125	-0.007289	1.309309
35.720268	279.581358	22.719130	-0.007292	1.304393
35.638019	274.363431	22.724135	-0.007271	1.299242
35.550317	269.315400	22.729139	-0.007250	1.294236
35.073077	264.339459	22.734144	-0.007135	1.289143
35.235948	259.213625	22.739149	-0.007174	1.284110
35.229445	253.973167	22.744154	-0.007172	1.278881
34.945286	249.015105	22.749159	-0.007103	1.273814
34.842507	243.893313	22.754163	-0.007078	1.268628
34.789349	238.811412	22.759168	-0.007065	1.263479
34.541409	233.659481	22.764173	-0.007005	1.258166
34.516699	228.581743	22.769178	-0.006999	1.252988
34.385177	223.521951	22.774183	-0.006967	1.247768
34.339757	218.388390	22.779187	-0.006956	1.242482
34.274798	213.267994	22.784192	-0.006940	1.237180
34.125775	208.196828	22.789197	-0.006903	1.231874
33.963480	203.174881	22.794202	-0.006864	1.226592
33.801728	197.992572	22.799207	-0.006825	1.221120
33.793497	192.878548	22.804211	-0.006823	1.215752
33.613245	187.797333	22.809216	-0.006779	1.210330
33.467493	182.771875	22.814221	-0.006744	1.204956
33.299733	177.608271	22.819226	-0.006703	1.199402
33.251338	172.551039	22.824231	-0.006691	1.193982
33.101618	167.481611	22.829235	-0.006655	1.188485
32.996583	162.381067	22.834240	-0.006629	1.182946
32.775511	157.270324	22.839245	-0.006576	1.177325
32.709684	152.167889	22.844250	-0.006559	1.171747
32.743280	147.093104	22.849255	-0.006567	1.166211
32.487814	141.957568	22.854259	-0.006505	1.160468
32.687572	136.826482	22.859264	-0.006553	1.154882
32.483950	131.761549	22.864269	-0.006503	1.149181
32.304742	126.689970	22.869274	-0.006460	1.143454
32.027570	121.605041	22.874279	-0.006393	1.137644
31.861179	116.535917	22.879283	-0.006353	1.131866
31.790145	111.482173	22.884288	-0.006336	1.126116
31.637058	106.319986	22.889293	-0.006298	1.120178
31.374628	101.342104	22.894298	-0.006235	1.114375
31.184621	96.304688	22.899303	-0.006189	1.108503
31.168081	91.114762	22.904307	-0.006185	1.102495
31.016501	86.042769	22.909312	-0.006148	1.096535
30.804021	80.976961	22.914317	-0.006097	1.090524
30.784256	75.893820	22.919322	-0.006092	1.084541
30.398466	70.859482	22.924327	-0.005999	1.078426
30.330782	65.763096	22.929331	-0.005982	1.072339
30.186008	60.754837	22.934336	-0.005947	1.066290
29.989599	55.560287	22.939341	-0.005900	1.059959
29.870745	50.505745	22.944346	-0.005871	1.053793
29.679132	45.475320	22.949351	-0.005824	1.047589
29.525309	40.337296	22.954355	-0.005787	1.041232
29.274671	35.349046	22.959360	-0.005727	1.034978
29.012997	30.327759	22.964365	-0.005664	1.028639
28.835096	25.192313	22.969370	-0.005621	1.022157
28.558649	20.192708	22.974375	-0.005554	1.015759
28.313871	15.157109	22.979379	-0.005495	1.009289
27.983810	10.129558	22.984384	-0.005416	1.002749
27.588609	5.152143	22.989389	-0.005321	0.996199
26.911595	0.290596	22.994394	-0.005158	0.989623
17.861647	-1.594084	22.999399	-0.002993	0.982909
