Wed Apr 02 00:39:47 2025

Number of Points = 4054
Depth (nm)	Load (µN)	Time (s)	Disp. Voltage(V)	Force Voltage(V)0.000000	6.092430	0.000000	0.002531	0.429924
0.434163	10.950881	0.005005	0.002427	0.444999
0.621006	15.903988	0.010010	0.002382	0.459587
1.086557	20.781670	0.015014	0.002270	0.473805
1.277617	25.736061	0.020019	0.002224	0.487539
1.355710	30.726991	0.025024	0.002205	0.500883
1.677712	35.673507	0.030029	0.002128	0.513999
1.766198	40.654923	0.035034	0.002106	0.526658
2.043424	45.564474	0.040038	0.002039	0.539016
2.404028	50.494648	0.045043	0.001953	0.551220
2.421530	55.500638	0.050048	0.001948	0.563039
2.695639	60.442359	0.055053	0.001882	0.574685
2.793482	65.443447	0.060058	0.001858	0.586087
3.063851	70.377426	0.065062	0.001793	0.597263
3.149968	75.380119	0.070067	0.001772	0.608236
3.360032	80.315730	0.075072	0.001722	0.618969
3.537196	85.313090	0.080077	0.001679	0.629622
3.843960	90.213701	0.085082	0.001605	0.639998
3.972736	95.213113	0.090086	0.001574	0.650274
4.111242	100.179566	0.095091	0.001540	0.660333
4.236245	105.183189	0.100096	0.001510	0.670303
4.577605	110.062165	0.105101	0.001428	0.680040
4.597042	115.099998	0.110106	0.001423	0.689717
4.913657	119.987365	0.115110	0.001347	0.699182
4.926513	125.047103	0.120115	0.001343	0.708633
5.038708	130.018242	0.125120	0.001316	0.717865
5.244256	134.982452	0.130125	0.001267	0.727029
5.459903	139.918927	0.135130	0.001215	0.736035
5.568382	144.921331	0.140134	0.001188	0.744980
5.668254	149.934800	0.145139	0.001164	0.753832
5.796597	154.898336	0.150144	0.001133	0.762513
5.941794	159.902271	0.155149	0.001098	0.771176
6.191356	164.811791	0.160154	0.001038	0.779648
6.293781	169.843934	0.165158	0.001013	0.788143
6.360289	174.840391	0.170163	0.000996	0.796467
6.608366	179.764534	0.175168	0.000937	0.804696
6.748667	184.753755	0.180173	0.000903	0.812882
6.908353	189.702675	0.185178	0.000864	0.820934
6.973113	194.771663	0.190182	0.000848	0.829042
7.142000	199.713539	0.195187	0.000808	0.836933
7.179806	204.720968	0.200192	0.000798	0.844777
7.410455	209.673308	0.205197	0.000743	0.852572
7.589214	214.619507	0.210202	0.000699	0.860259
7.614493	219.693934	0.215206	0.000693	0.867986
7.816745	224.635289	0.220211	0.000644	0.875543
7.806197	229.641538	0.225216	0.000646	0.883015
8.029124	234.615049	0.230221	0.000593	0.890503
8.156500	239.582399	0.235226	0.000562	0.897868
8.389760	244.566763	0.240230	0.000506	0.905254
8.320257	249.632843	0.245235	0.000522	0.912538
8.463054	254.579929	0.250240	0.000487	0.919705
8.690507	259.565899	0.255245	0.000432	0.926916
8.821413	264.524719	0.260250	0.000401	0.933984
8.975010	269.478435	0.265254	0.000364	0.941003
9.206402	274.504498	0.270259	0.000308	0.948109
9.055963	279.553993	0.275264	0.000343	0.955003
9.168431	284.530841	0.280269	0.000316	0.961879
9.463932	289.485770	0.285274	0.000245	0.968767
9.458221	294.498240	0.290278	0.000246	0.975537
9.548855	299.490873	0.295283	0.000224	0.982280
9.769824	304.497428	0.300288	0.000171	0.989058
9.760635	309.521221	0.305293	0.000172	0.995703
9.998705	314.429261	0.310298	0.000115	1.002269
10.174715	319.433331	0.315302	0.000073	1.008889
10.307296	324.400531	0.320307	0.000041	1.015397
10.388570	329.366842	0.325312	0.000021	1.021838
10.646706	334.394026	0.330317	-0.000041	1.028399
10.663158	339.378448	0.335322	-0.000046	1.034753
10.687706	344.357453	0.340326	-0.000052	1.041065
10.919740	349.374498	0.345331	-0.000108	1.047480
10.881196	354.377017	0.350336	-0.000099	1.053717
11.109857	359.295342	0.355341	-0.000154	1.059932
11.148658	364.423153	0.360346	-0.000164	1.066284
11.360067	369.331516	0.365350	-0.000215	1.072407
11.463630	374.316854	0.370355	-0.000240	1.078540
11.451410	379.392341	0.375360	-0.000237	1.084698
11.586563	384.346694	0.380365	-0.000270	1.090739
11.792394	389.287618	0.385370	-0.000320	1.096761
11.910636	394.289365	0.390374	-0.000348	1.102785
12.018092	399.328075	0.395379	-0.000375	1.108816
11.949046	404.361695	0.400384	-0.000358	1.114732
12.212002	409.253526	0.405389	-0.000422	1.120592
12.293926	414.338573	0.410394	-0.000442	1.126571
12.273257	419.323097	0.415398	-0.000437	1.132358
12.481441	424.273960	0.420403	-0.000487	1.138172
12.534882	429.358934	0.425408	-0.000501	1.144046
12.792576	434.276904	0.430413	-0.000563	1.149784
12.790914	439.304676	0.435418	-0.000563	1.155512
12.968806	444.226689	0.440422	-0.000606	1.161165
12.941487	449.343243	0.445427	-0.000599	1.166927
12.988578	454.305059	0.450432	-0.000611	1.172517
13.164252	459.261395	0.455437	-0.000653	1.178125
13.344610	464.282823	0.460442	-0.000697	1.183782
13.341686	469.302049	0.465446	-0.000697	1.189336
13.599514	474.256305	0.470451	-0.000759	1.194895
13.536451	479.251056	0.475456	-0.000744	1.200348
13.610215	484.353201	0.480461	-0.000762	1.205946
13.745097	489.274068	0.485466	-0.000795	1.211345
13.878303	494.260582	0.490470	-0.000827	1.216791
14.059333	499.250030	0.495475	-0.000871	1.222234
14.097047	504.324674	0.500480	-0.000880	1.227689
14.172675	509.305514	0.505485	-0.000899	1.233034
14.316550	514.246160	0.510490	-0.000933	1.238340
14.448948	519.282460	0.515494	-0.000966	1.243719
14.486607	524.277852	0.520499	-0.000975	1.248997
14.598075	529.274254	0.525504	-0.001002	1.254281
14.672740	534.218720	0.530509	-0.001020	1.259475
14.912211	539.311652	0.535514	-0.001078	1.264863
14.843331	544.295873	0.540518	-0.001062	1.270002
14.949430	549.310381	0.545523	-0.001088	1.275215
15.003014	554.261479	0.550528	-0.001101	1.280324
15.158970	559.338806	0.555533	-0.001139	1.285578
15.342314	564.245153	0.560538	-0.001183	1.290646
15.376236	569.275144	0.565542	-0.001191	1.295766
15.496146	574.239409	0.570547	-0.001220	1.300831
15.540090	579.313253	0.575552	-0.001231	1.305959
15.573218	584.268546	0.580557	-0.001240	1.310944
15.736295	589.233034	0.585562	-0.001279	1.315966
15.907599	594.192485	0.590566	-0.001320	1.320966
15.969165	599.259635	0.595571	-0.001335	1.326015
15.944542	604.237004	0.600576	-0.001330	1.330927
16.125243	609.209926	0.605581	-0.001374	1.335888
16.159092	614.224734	0.610586	-0.001382	1.340820
16.346185	619.280672	0.615590	-0.001427	1.345827
16.338204	624.273205	0.620595	-0.001426	1.350687
16.466546	629.233400	0.625600	-0.001457	1.355545
16.557892	634.190284	0.630605	-0.001479	1.360370
16.624851	639.296263	0.635610	-0.001495	1.365313
16.657604	644.243403	0.640614	-0.001504	1.370074
16.865378	649.234533	0.645619	-0.001554	1.374920
17.024424	654.146546	0.650624	-0.001592	1.379657
17.005758	659.370196	0.655629	-0.001588	1.384613
17.114730	664.265272	0.660634	-0.001615	1.389284
17.260291	669.270600	0.665638	-0.001650	1.394056
17.415480	674.151721	0.670643	-0.001687	1.398698
17.543923	679.269299	0.675648	-0.001718	1.403536
17.529461	684.236112	0.680653	-0.001715	1.408171
17.663848	689.250830	0.685658	-0.001748	1.412884
17.696644	694.183570	0.690662	-0.001756	1.417471
17.917256	699.257078	0.695667	-0.001809	1.422236
17.789241	704.315250	0.700672	-0.001779	1.426856
17.951013	709.284691	0.705677	-0.001818	1.431475
18.152783	714.224560	0.710682	-0.001867	1.436064
18.115370	719.263129	0.715686	-0.001858	1.440652
18.234249	724.316591	0.720691	-0.001887	1.445289
18.397786	729.232668	0.725696	-0.001927	1.449800
18.380703	734.287713	0.730701	-0.001923	1.454366
18.568930	739.189760	0.735706	-0.001968	1.458845
18.696830	744.366011	0.740710	-0.001999	1.463537
18.830952	749.263665	0.745715	-0.002032	1.467967
18.840667	754.289707	0.750720	-0.002035	1.472459
19.050225	759.188019	0.755725	-0.002085	1.476886
18.866170	764.358292	0.760730	-0.002041	1.481418
18.922071	769.351079	0.765734	-0.002055	1.485855
19.156395	774.283302	0.770739	-0.002112	1.490279
19.251143	779.278945	0.775744	-0.002135	1.494704
19.265729	784.274154	0.780749	-0.002139	1.499090
19.295512	789.450289	0.785754	-0.002146	1.503626
19.528294	794.285895	0.790758	-0.002202	1.507914
19.601245	799.345102	0.795763	-0.002220	1.512335
19.644087	804.269465	0.800768	-0.002231	1.516618
19.779491	809.331088	0.805773	-0.002263	1.521035
19.827417	814.370031	0.810778	-0.002275	1.525393
19.940936	819.311396	0.815782	-0.002303	1.529674
20.021458	824.327349	0.820787	-0.002323	1.533998
20.048856	829.257078	0.825792	-0.002329	1.538220
20.135132	834.494332	0.830797	-0.002350	1.542710
20.174907	839.425522	0.835802	-0.002360	1.546913
20.301791	844.402830	0.840806	-0.002391	1.551170
20.363117	849.386527	0.845811	-0.002406	1.555401
20.433585	854.396445	0.850816	-0.002423	1.559645
20.501936	859.492609	0.855821	-0.002440	1.563949
20.670924	864.365164	0.860826	-0.002481	1.568084
20.704579	869.413839	0.865830	-0.002489	1.572316
20.678118	874.398516	0.870835	-0.002484	1.576465
21.030491	879.416603	0.875840	-0.002568	1.580741
20.842921	884.531129	0.880845	-0.002524	1.584929
21.147400	889.408602	0.885850	-0.002597	1.589052
21.184627	894.465929	0.890854	-0.002606	1.593236
21.252084	899.374921	0.895859	-0.002623	1.597296
21.244876	904.517017	0.900864	-0.002621	1.601515
21.420953	909.462575	0.905869	-0.002664	1.605615
21.505817	914.452849	0.910874	-0.002685	1.609714
21.549926	919.471437	0.915878	-0.002696	1.613815
21.650980	924.408452	0.920883	-0.002720	1.617855
21.817250	929.569415	0.925888	-0.002760	1.622085
21.851851	934.519798	0.930893	-0.002769	1.626097
21.854597	939.549887	0.935898	-0.002770	1.630154
21.980153	944.528594	0.940902	-0.002801	1.634194
21.986656	949.504513	0.945907	-0.002802	1.638189
22.102342	954.622512	0.950912	-0.002831	1.642318
22.247588	959.503125	0.955917	-0.002866	1.646255
22.388400	964.510720	0.960922	-0.002900	1.650283
22.401865	969.519279	0.965926	-0.002903	1.654266
22.432676	974.490560	0.970931	-0.002911	1.658216
22.539959	979.671025	0.975936	-0.002937	1.662342
22.615956	984.576727	0.980941	-0.002956	1.666233
22.742253	989.582255	0.985946	-0.002986	1.670206
22.744645	994.605583	0.990950	-0.002987	1.674151
22.806813	999.554304	0.995955	-0.003003	1.678044
22.889243	1004.685383	1.000960	-0.003023	1.682077
23.034013	1009.585270	1.005965	-0.003058	1.685936
23.109316	1014.611690	1.010970	-0.003076	1.689866
23.090235	1019.630246	1.015974	-0.003072	1.693755
23.250157	1024.539953	1.020979	-0.003111	1.697599
23.271793	1029.783084	1.025984	-0.003116	1.701655
23.527186	1034.648268	1.030989	-0.003178	1.705473
23.489032	1039.690807	1.035994	-0.003169	1.709340
23.621814	1044.686985	1.040998	-0.003201	1.713208
23.684255	1049.609751	1.046003	-0.003216	1.716993
23.729774	1054.750794	1.051008	-0.003228	1.720931
23.748371	1059.734494	1.056013	-0.003233	1.724734
23.875933	1064.702500	1.061018	-0.003263	1.728545
23.828763	1069.770802	1.066022	-0.003253	1.732378
23.885606	1074.684354	1.071027	-0.003267	1.736113
24.086981	1079.785111	1.076032	-0.003315	1.740018
24.120383	1084.830901	1.081037	-0.003324	1.743829
24.196976	1089.771156	1.086042	-0.003342	1.747565
24.410091	1094.769432	1.091046	-0.003394	1.751370
24.458266	1099.726946	1.096051	-0.003406	1.755095
24.409207	1104.811542	1.101056	-0.003394	1.758882
24.513998	1109.885658	1.106061	-0.003420	1.762692
24.611205	1114.768674	1.111066	-0.003443	1.766350
24.666693	1119.819489	1.116070	-0.003457	1.770114
24.682901	1124.836952	1.121075	-0.003461	1.773836
24.967133	1129.744067	1.126080	-0.003530	1.777536
24.971676	1134.982514	1.131085	-0.003531	1.781402
24.960297	1139.895621	1.136090	-0.003529	1.785016
25.034020	1144.895775	1.141094	-0.003547	1.788708
25.024334	1149.953312	1.146099	-0.003545	1.792414
25.134447	1154.834835	1.151104	-0.003572	1.796013
25.291015	1159.961440	1.156109	-0.003609	1.799796
25.383776	1164.969745	1.161114	-0.003632	1.803468
25.473815	1169.865081	1.166118	-0.003654	1.807051
25.678256	1174.885444	1.171123	-0.003703	1.810745
25.505323	1179.886261	1.176128	-0.003662	1.814324
25.574911	1184.939493	1.181133	-0.003679	1.817994
25.803651	1190.070000	1.186138	-0.003734	1.821751
25.651739	1195.016803	1.191142	-0.003698	1.825276
25.955249	1199.973201	1.196147	-0.003771	1.828911
26.063509	1204.953514	1.201152	-0.003798	1.832509
26.068616	1209.886370	1.206157	-0.003799	1.836041
26.118604	1215.061563	1.211162	-0.003812	1.839749
26.157635	1220.055227	1.216166	-0.003821	1.843319
26.628638	1224.891122	1.221171	-0.003935	1.846873
26.993959	1229.835941	1.226176	-0.004022	1.850473
27.105018	1234.745218	1.231181	-0.004049	1.853979
27.245514	1239.764141	1.236186	-0.004083	1.857563
27.287555	1244.972713	1.241190	-0.004094	1.861250
27.316563	1249.887836	1.246195	-0.004101	1.864721
27.374756	1254.904018	1.251200	-0.004115	1.868263
27.568461	1259.902003	1.256205	-0.004162	1.871817
27.683444	1264.783285	1.261210	-0.004190	1.875265
27.607918	1269.936373	1.266214	-0.004172	1.878851
27.620329	1275.017622	1.271219	-0.004176	1.882400
27.841301	1279.869461	1.276224	-0.004229	1.885833
27.888806	1284.937794	1.281229	-0.004241	1.889369
27.974919	1289.911940	1.286234	-0.004262	1.892842
27.883579	1294.907299	1.291238	-0.004240	1.896282
28.100118	1300.107486	1.296243	-0.004292	1.899929
28.161782	1305.030050	1.301248	-0.004308	1.903341
28.382928	1309.930944	1.306253	-0.004361	1.906770
28.363535	1315.011060	1.311258	-0.004357	1.910260
28.256779	1320.004901	1.316262	-0.004331	1.913664
28.322910	1325.032165	1.321267	-0.004348	1.917124
28.459535	1330.175517	1.326272	-0.004381	1.920675
28.503375	1335.098382	1.331277	-0.004392	1.924046
28.663438	1340.080050	1.336282	-0.004430	1.927479
28.720776	1345.099248	1.341286	-0.004444	1.930907
28.845866	1349.990365	1.346291	-0.004475	1.934258
28.834224	1355.116578	1.351296	-0.004472	1.937731
28.960589	1360.210556	1.356301	-0.004503	1.941208
29.104989	1365.056602	1.361306	-0.004538	1.944515
29.122495	1370.098529	1.366310	-0.004543	1.947919
29.179767	1375.161965	1.371315	-0.004557	1.951342
29.302003	1380.005252	1.376320	-0.004586	1.954625
29.271755	1385.156241	1.381325	-0.004579	1.958074
29.283802	1390.251524	1.386330	-0.004583	1.961490
29.396499	1395.104753	1.391334	-0.004610	1.964760
29.638867	1400.099056	1.396339	-0.004668	1.968148
29.685043	1405.126681	1.401344	-0.004680	1.971509
29.765172	1410.017021	1.406349	-0.004699	1.974780
29.853763	1415.211697	1.411354	-0.004721	1.978250
29.890524	1420.300895	1.416358	-0.004730	1.981632
30.030107	1425.136503	1.421363	-0.004764	1.984863
30.142949	1430.174380	1.426368	-0.004791	1.988217
30.145870	1435.193306	1.431373	-0.004792	1.991529
30.163578	1440.122197	1.436378	-0.004797	1.994779
30.163680	1445.285031	1.441382	-0.004797	1.998173
30.356872	1450.303117	1.446387	-0.004844	2.001509
30.259743	1455.249666	1.451392	-0.004821	2.004730
30.460182	1460.259145	1.456397	-0.004870	2.008051
30.532818	1465.262402	1.461402	-0.004887	2.011334
30.593468	1470.139882	1.466406	-0.004902	2.014528
30.652085	1475.369931	1.471411	-0.004917	2.017946
30.689128	1480.478322	1.476416	-0.004926	2.021274
30.838402	1485.310172	1.481421	-0.004962	2.024442
30.828178	1490.399629	1.486426	-0.004960	2.027737
31.060689	1495.350677	1.491430	-0.005016	2.030989
31.082508	1500.273008	1.496435	-0.005022	2.034173
31.217228	1505.369181	1.501440	-0.005054	2.037487
31.162262	1510.499459	1.506445	-0.005041	2.040778
31.154661	1515.375568	1.511450	-0.005040	2.043910
31.261895	1520.406650	1.516454	-0.005066	2.047162
31.382584	1525.426733	1.521459	-0.005095	2.050403
31.377957	1530.336089	1.526464	-0.005095	2.053543
31.611464	1535.415652	1.531469	-0.005151	2.056836
31.605476	1540.618938	1.536474	-0.005150	2.060153
31.747938	1545.469444	1.541478	-0.005184	2.063271
31.703906	1550.543052	1.546483	-0.005174	2.066487
31.788624	1555.537487	1.551488	-0.005195	2.069675
31.917488	1560.412715	1.556493	-0.005226	2.072791
32.083812	1565.435353	1.561498	-0.005266	2.076004
31.978704	1570.664663	1.566502	-0.005242	2.079286
32.095805	1575.576820	1.571507	-0.005270	2.082409
32.152378	1580.550848	1.576512	-0.005284	2.085554
32.199374	1585.606871	1.581517	-0.005295	2.088743
32.218417	1590.588552	1.586522	-0.005300	2.091875
32.211333	1595.552920	1.591526	-0.005299	2.094987
32.280186	1600.837809	1.596531	-0.005316	2.098309
32.441949	1605.762941	1.601536	-0.005355	2.101421
32.657571	1610.601463	1.606541	-0.005407	2.104485
32.599947	1615.728179	1.611546	-0.005394	2.107669
32.654715	1620.717259	1.616550	-0.005407	2.110785
32.719932	1625.613785	1.621555	-0.005423	2.113841
32.776221	1630.769874	1.626560	-0.005437	2.117051
32.863546	1635.873983	1.631565	-0.005458	2.120231
32.972973	1640.698022	1.636570	-0.005485	2.123238
32.991111	1645.748036	1.641574	-0.005490	2.126361
32.986961	1650.833299	1.646579	-0.005489	2.129497
33.157537	1655.653790	1.651584	-0.005530	2.132500
33.180049	1660.723431	1.656589	-0.005536	2.135623
33.361648	1665.932131	1.661594	-0.005580	2.138858
33.369605	1670.860441	1.666598	-0.005582	2.141882
33.437329	1675.833076	1.671603	-0.005599	2.144941
33.521117	1680.882205	1.676608	-0.005619	2.148045
33.506169	1685.881395	1.681613	-0.005616	2.151095
33.715188	1690.756927	1.686618	-0.005666	2.154109
33.862980	1695.904169	1.691622	-0.005702	2.157272
33.881163	1700.992400	1.696627	-0.005707	2.160370
33.972039	1705.853009	1.701632	-0.005729	2.163339
34.026616	1710.874922	1.706637	-0.005742	2.166394
33.962396	1715.976973	1.711642	-0.005727	2.169470
33.938817	1720.881528	1.716646	-0.005722	2.172431
34.139877	1725.939054	1.721651	-0.005771	2.175524
34.312531	1731.123028	1.726656	-0.005812	2.178683
34.352151	1736.053279	1.731661	-0.005822	2.181659
34.341384	1741.041743	1.736666	-0.005820	2.184656
34.351613	1746.122592	1.741670	-0.005823	2.187708
34.322817	1751.140362	1.746675	-0.005816	2.190711
34.430208	1756.020337	1.751680	-0.005843	2.193654
34.575280	1761.154664	1.756685	-0.005878	2.196752
34.796994	1766.199013	1.761690	-0.005931	2.199806
34.693010	1771.063490	1.766694	-0.005907	2.202687
34.775437	1776.136699	1.771699	-0.005927	2.205724
35.044417	1781.102935	1.776704	-0.005991	2.208728
35.109214	1786.032811	1.781709	-0.006007	2.211668
35.226290	1791.020063	1.786714	-0.006036	2.214649
35.289455	1796.275802	1.791718	-0.006051	2.217773
35.264154	1801.301360	1.796723	-0.006046	2.220741
35.488204	1806.158858	1.801728	-0.006100	2.223652
35.449404	1811.247641	1.806733	-0.006091	2.226646
35.659275	1816.256028	1.811738	-0.006141	2.229637
35.693901	1821.079591	1.816742	-0.006150	2.232481
35.767632	1826.179596	1.821747	-0.006168	2.235491
35.770325	1831.348847	1.826752	-0.006169	2.238524
35.795542	1836.290172	1.831757	-0.006175	2.241424
35.813401	1841.274451	1.836762	-0.006180	2.244344
36.026375	1846.292444	1.841766	-0.006231	2.247317
35.986546	1851.336820	1.846771	-0.006222	2.250253
36.152196	1856.201012	1.851776	-0.006262	2.253120
36.192184	1861.412482	1.856781	-0.006272	2.256161
36.173367	1866.603438	1.861786	-0.006268	2.259175
36.276012	1871.421641	1.866790	-0.006293	2.261992
36.433504	1876.415509	1.871795	-0.006331	2.264917
36.527130	1881.430252	1.876800	-0.006354	2.267838
36.485294	1886.398874	1.881805	-0.006344	2.270704
36.510774	1891.363763	1.886810	-0.006351	2.273576
36.554708	1896.549432	1.891814	-0.006362	2.276576
36.861669	1901.540216	1.896819	-0.006436	2.279508
36.993851	1906.343641	1.901824	-0.006468	2.282296
37.088636	1911.395223	1.906829	-0.006491	2.285217
37.174591	1916.451804	1.911834	-0.006512	2.288135
37.099873	1921.380769	1.916838	-0.006494	2.290946
37.155712	1926.377084	1.921843	-0.006508	2.293817
37.351291	1931.619648	1.926848	-0.006555	2.296850
37.366171	1936.644759	1.931853	-0.006559	2.299723
37.435323	1941.537215	1.936858	-0.006576	2.302526
37.460452	1946.559149	1.941862	-0.006582	2.305391
37.603657	1951.589722	1.946867	-0.006617	2.308279
37.625535	1956.494711	1.951872	-0.006623	2.311070
37.696569	1961.469496	1.956877	-0.006640	2.313906
37.830840	1966.679929	1.961882	-0.006673	2.316884
37.741675	1971.726954	1.966886	-0.006652	2.319725
37.891295	1976.576103	1.971891	-0.006688	2.322493
38.009668	1981.602890	1.976896	-0.006717	2.325354
38.099892	1986.652659	1.981901	-0.006739	2.328218
38.282585	1991.522340	1.986906	-0.006783	2.330994
38.204270	1996.575365	1.991910	-0.006764	2.333823
38.400181	2001.870792	1.996915	-0.006812	2.336834
38.353321	2006.888833	2.001920	-0.006801	2.339642
38.301354	2011.800817	2.006925	-0.006789	2.342387
38.482006	2016.784677	2.011930	-0.006832	2.345209
38.535704	2021.815800	2.016934	-0.006846	2.348033
38.655399	2026.717422	2.021939	-0.006875	2.350792
38.611906	2031.728992	2.026944	-0.006865	2.353580
38.625080	2036.966196	2.031949	-0.006868	2.356501
38.687976	2041.987034	2.036954	-0.006884	2.359307
38.791303	2046.810587	2.041958	-0.006909	2.362006
38.876121	2051.884112	2.046963	-0.006929	2.364838
39.020745	2056.911610	2.051968	-0.006964	2.367652
39.005624	2061.849386	2.056973	-0.006961	2.370385
39.113082	2066.806586	2.061978	-0.006987	2.373147
39.104721	2072.101014	2.066982	-0.006986	2.376071
39.152764	2077.169077	2.071987	-0.006997	2.378877
39.250205	2082.016214	2.076992	-0.007021	2.381566
39.226172	2087.047344	2.081997	-0.007016	2.384333
39.428266	2092.047864	2.087002	-0.007065	2.387119
39.459100	2097.010869	2.092006	-0.007072	2.389851
39.617311	2101.920339	2.097011	-0.007111	2.392573
39.539828	2107.139151	2.102016	-0.007092	2.395420
39.754121	2112.196602	2.107021	-0.007144	2.398226
39.773248	2117.085667	2.112026	-0.007149	2.400903
39.664954	2122.141535	2.117030	-0.007124	2.403647
40.005552	2127.132000	2.122035	-0.007205	2.406428
39.850928	2132.181035	2.127040	-0.007169	2.409154
40.002564	2137.057932	2.132045	-0.007205	2.411835
40.189448	2142.207875	2.137050	-0.007251	2.414667
40.142274	2147.404142	2.142054	-0.007240	2.417481
40.015120	2152.368411	2.147059	-0.007210	2.420153
40.228050	2157.254126	2.152064	-0.007261	2.422837
40.358315	2162.269128	2.157069	-0.007293	2.425574
40.304781	2167.381591	2.162074	-0.007280	2.428329
40.354068	2172.187388	2.167078	-0.007292	2.430933
40.384220	2177.296162	2.172083	-0.007300	2.433695
40.489065	2182.472285	2.177088	-0.007325	2.436502
40.456250	2187.486588	2.182093	-0.007318	2.439195
40.617959	2192.362764	2.187098	-0.007357	2.441845
40.729336	2197.389764	2.192102	-0.007384	2.444563
40.854204	2202.433930	2.197107	-0.007414	2.447291
40.940712	2207.338992	2.202112	-0.007435	2.449934
40.995308	2212.307216	2.207117	-0.007449	2.452603
40.976804	2217.620026	2.212122	-0.007445	2.455441
41.035090	2222.701539	2.217126	-0.007459	2.458165
41.173240	2227.514698	2.222131	-0.007493	2.460756
41.142563	2232.573780	2.227136	-0.007486	2.463447
41.223520	2237.618835	2.232141	-0.007505	2.466147
41.203121	2242.652878	2.237146	-0.007501	2.468820
41.373199	2247.476645	2.242150	-0.007542	2.471411
41.356659	2252.674744	2.247155	-0.007539	2.474167
41.499323	2257.786665	2.252160	-0.007573	2.476900
41.517110	2262.723112	2.257165	-0.007578	2.479517
41.602853	2267.656650	2.262170	-0.007599	2.482141
41.625290	2272.726859	2.267174	-0.007604	2.484824
41.772782	2277.703649	2.272179	-0.007640	2.487475
41.843098	2282.548654	2.277184	-0.007657	2.490041
41.953468	2287.551132	2.282189	-0.007684	2.492694
42.013278	2292.874508	2.287194	-0.007699	2.495504
42.063379	2297.953429	2.292198	-0.007711	2.498182
42.050045	2302.781713	2.297203	-0.007708	2.500714
42.140364	2307.839469	2.302208	-0.007730	2.503382
42.027492	2312.920870	2.307213	-0.007704	2.506026
42.197911	2317.898998	2.312218	-0.007745	2.508659
42.342090	2322.726865	2.317222	-0.007780	2.511206
42.436313	2327.884078	2.322227	-0.007803	2.513915
42.440477	2333.057981	2.327232	-0.007804	2.516614
42.582903	2337.958865	2.332237	-0.007839	2.519192
42.532637	2342.927960	2.337242	-0.007827	2.521770
42.543132	2347.990260	2.342246	-0.007830	2.524405
42.719310	2353.025968	2.347251	-0.007872	2.527049
42.732776	2357.920732	2.352256	-0.007876	2.529592
42.708369	2362.951089	2.357261	-0.007871	2.532196
42.853485	2368.205160	2.362266	-0.007906	2.534941
43.059303	2373.257640	2.367270	-0.007955	2.537587
43.069568	2378.091368	2.372275	-0.007958	2.540087
43.262829	2383.092842	2.377280	-0.008005	2.542701
43.275643	2388.172946	2.382285	-0.008008	2.545323
43.311639	2393.202366	2.387290	-0.008017	2.547920
43.226026	2398.076489	2.392294	-0.007997	2.550415
43.381998	2403.157493	2.397299	-0.008035	2.553053
43.291638	2408.399445	2.402304	-0.008014	2.555731
43.426972	2413.361783	2.407309	-0.008046	2.558299
43.542436	2418.250891	2.412314	-0.008074	2.560824
43.598610	2423.286575	2.417318	-0.008088	2.563412
43.800031	2428.304223	2.422323	-0.008137	2.566010
43.751986	2433.304811	2.427328	-0.008126	2.568559
43.915178	2438.206182	2.432333	-0.008165	2.571087
43.866552	2443.410927	2.437338	-0.008154	2.573734
43.856129	2448.587855	2.442342	-0.008152	2.576371
44.003599	2453.399643	2.447347	-0.008187	2.578843
44.139524	2458.285068	2.452352	-0.008220	2.581349
44.048622	2463.387264	2.457357	-0.008199	2.583927
44.278655	2468.396160	2.462362	-0.008254	2.586505
44.345387	2473.307272	2.467366	-0.008271	2.589006
44.393128	2478.243453	2.472371	-0.008283	2.591513
44.475375	2483.456910	2.477376	-0.008303	2.594165
44.450272	2488.565446	2.482381	-0.008297	2.596743
44.474971	2493.463175	2.487386	-0.008303	2.599221
44.675067	2498.384582	2.492390	-0.008352	2.601735
44.725133	2503.471181	2.497395	-0.008364	2.604307
44.821348	2508.489863	2.502400	-0.008387	2.606849
44.682535	2513.409301	2.507405	-0.008355	2.609302
44.827580	2518.392692	2.512410	-0.008390	2.611829
44.851330	2523.746002	2.517414	-0.008396	2.614521
44.987380	2528.783961	2.522419	-0.008429	2.617069
45.158603	2533.579371	2.527424	-0.008470	2.619498
45.117340	2538.620385	2.532429	-0.008461	2.622016
45.152033	2543.702495	2.537434	-0.008469	2.624563
45.251116	2548.702522	2.542438	-0.008493	2.627076
45.361671	2553.540299	2.547443	-0.008520	2.629508
45.336076	2558.611122	2.552448	-0.008515	2.632033
45.340727	2563.887954	2.557453	-0.008516	2.634663
45.342820	2568.940227	2.562458	-0.008517	2.637179
45.631359	2573.672595	2.567462	-0.008586	2.639576
45.619406	2578.738888	2.572467	-0.008584	2.642091
45.611781	2583.841414	2.577472	-0.008582	2.644623
45.734844	2588.843820	2.582477	-0.008612	2.647122
45.884062	2593.690550	2.587482	-0.008648	2.649545
45.755131	2598.783858	2.592486	-0.008618	2.652047
45.909949	2604.109875	2.597491	-0.008655	2.654704
46.015690	2609.135554	2.602496	-0.008681	2.657203
45.926971	2613.989872	2.607501	-0.008660	2.659585
46.006146	2619.034151	2.612506	-0.008680	2.662084
46.100252	2624.090127	2.617510	-0.008702	2.664589
46.360561	2629.042475	2.622515	-0.008765	2.667065
46.317151	2633.915673	2.627520	-0.008755	2.669455
46.312509	2638.981816	2.632525	-0.008754	2.671943
46.452561	2644.132619	2.637530	-0.008788	2.674492
46.401146	2649.194365	2.642534	-0.008776	2.676967
46.641419	2653.949340	2.647539	-0.008834	2.679332
46.672475	2658.970570	2.652544	-0.008842	2.681794
46.626614	2664.084669	2.657549	-0.008832	2.684288
46.774104	2669.115432	2.662554	-0.008867	2.686768
46.715703	2673.950960	2.667558	-0.008854	2.689119
46.740625	2679.024449	2.672563	-0.008860	2.691597
46.690342	2684.409154	2.677568	-0.008848	2.694214
46.857456	2689.407328	2.682573	-0.008889	2.696671
47.017951	2694.196979	2.687578	-0.008928	2.699024
47.110006	2699.220929	2.692582	-0.008950	2.701478
47.192513	2704.278087	2.697587	-0.008970	2.703945
47.086233	2709.381539	2.702592	-0.008945	2.706405
47.148682	2714.210975	2.707597	-0.008960	2.708754
47.223730	2719.246019	2.712602	-0.008979	2.711203
47.331849	2724.443670	2.717606	-0.009005	2.713733
47.521668	2729.498397	2.722611	-0.009051	2.716203
47.525736	2734.365471	2.727616	-0.009052	2.718553
47.493350	2739.385537	2.732621	-0.009045	2.720970
47.571226	2744.469207	2.737626	-0.009064	2.723432
47.639887	2749.510965	2.742630	-0.009081	2.725870
47.551863	2754.433187	2.747635	-0.009060	2.728225
47.804350	2759.340785	2.752640	-0.009121	2.730620
47.749143	2764.642226	2.757645	-0.009108	2.733158
47.944810	2769.795847	2.762650	-0.009155	2.735659
47.875551	2774.684454	2.767654	-0.009139	2.737993
47.934428	2779.634331	2.772659	-0.009153	2.740372
48.072534	2784.677269	2.777664	-0.009187	2.742805
48.082408	2789.717091	2.782669	-0.009190	2.745216
48.181322	2794.651242	2.787674	-0.009214	2.747587
48.086784	2799.620899	2.792678	-0.009191	2.749946
48.299528	2804.716545	2.797683	-0.009243	2.752406
48.270736	2809.923825	2.802688	-0.009236	2.754883
48.275978	2814.880304	2.807693	-0.009238	2.757243
48.371775	2819.767601	2.812698	-0.009261	2.759582
48.417169	2824.804137	2.817702	-0.009272	2.761981
48.578770	2829.831758	2.822707	-0.009312	2.764391
48.579834	2834.896821	2.827712	-0.009312	2.766794
48.618192	2839.711456	2.832717	-0.009322	2.769082
48.625009	2844.853986	2.837722	-0.009324	2.771518
48.726267	2850.157992	2.842726	-0.009348	2.774042
48.869266	2855.155269	2.847731	-0.009383	2.776424
48.857729	2859.984940	2.852736	-0.009381	2.778704
49.023559	2864.923124	2.857741	-0.009421	2.781058
48.984715	2869.996757	2.862746	-0.009412	2.783445
48.944427	2875.048631	2.867750	-0.009403	2.785819
49.053853	2879.901483	2.872755	-0.009429	2.788119
49.119046	2884.884959	2.877760	-0.009445	2.790472
49.186876	2890.140401	2.882765	-0.009462	2.792951
49.234539	2895.215562	2.887770	-0.009474	2.795341
49.488430	2900.012792	2.892774	-0.009535	2.797627
49.595916	2904.992332	2.897779	-0.009561	2.799976
49.617077	2910.062136	2.902784	-0.009566	2.802353
49.558103	2915.133739	2.907789	-0.009553	2.804718
49.685412	2920.102181	2.912794	-0.009583	2.807059
49.615887	2925.020894	2.917798	-0.009567	2.809347
49.770063	2930.218597	2.922803	-0.009604	2.811795
49.795608	2935.457917	2.927808	-0.009611	2.814242
49.796444	2940.460371	2.932813	-0.009612	2.816573
49.909333	2945.298004	2.937818	-0.009639	2.818841
50.003732	2950.336330	2.942822	-0.009662	2.821197
50.049055	2955.386546	2.947827	-0.009673	2.823551
50.131907	2960.421287	2.952832	-0.009693	2.825901
50.109393	2965.239324	2.957837	-0.009688	2.828134
50.143381	2970.338332	2.962842	-0.009697	2.830503
50.262496	2975.549593	2.967846	-0.009726	2.832933
50.324118	2980.607405	2.972851	-0.009741	2.835283
50.447778	2985.471733	2.977856	-0.009771	2.837549
50.348233	2990.457095	2.982861	-0.009747	2.839840
50.410276	2995.568451	2.987866	-0.009763	2.842208
50.692343	3000.520532	2.992870	-0.009831	2.844531
50.590199	3005.521544	2.997875	-0.009807	2.846823
50.684680	3010.419164	3.002880	-0.009830	2.849092
50.815106	3015.589175	3.007885	-0.009861	2.851489
50.739104	3020.860946	3.012890	-0.009843	2.853903
50.825660	3025.861534	3.017894	-0.009864	2.856213
50.980827	3030.669425	3.022899	-0.009902	2.858441
50.924659	3035.750112	3.027904	-0.009889	2.860764
50.843674	3040.850956	3.032909	-0.009870	2.863092
51.085999	3045.859440	3.037914	-0.009928	2.865418
51.007334	3050.703762	3.042918	-0.009910	2.867624
51.091285	3055.704097	3.047923	-0.009930	2.869922
51.279250	3060.920337	3.052928	-0.009976	2.872330
51.202113	3066.042635	3.057933	-0.009958	2.874659
51.325110	3070.957108	3.062938	-0.009987	2.876917
51.412656	3075.850805	3.067942	-0.010009	2.879159
51.359959	3080.945920	3.072947	-0.009997	2.881473
51.515117	3086.005649	3.077952	-0.010034	2.883796
51.566317	3090.966991	3.082957	-0.010047	2.886059
51.589441	3095.854432	3.087962	-0.010053	2.888283
51.666715	3100.950845	3.092966	-0.010072	2.890607
51.615777	3106.246711	3.097971	-0.010060	2.893003
51.782418	3111.242385	3.102976	-0.010100	2.895289
51.635498	3116.111060	3.107981	-0.010065	2.897475
51.723220	3121.109694	3.112986	-0.010087	2.899749
52.045973	3126.076425	3.117990	-0.010164	2.902037
52.018849	3131.152713	3.122995	-0.010158	2.904327
52.026953	3136.119797	3.128000	-0.010160	2.906571
52.161269	3140.999764	3.133005	-0.010193	2.908790
52.212152	3146.158969	3.138010	-0.010206	2.911122
52.244267	3151.338124	3.143014	-0.010214	2.913459
52.189640	3156.390909	3.148019	-0.010201	2.915727
52.347288	3161.195742	3.153024	-0.010239	2.917908
52.276317	3166.260206	3.158029	-0.010223	2.920175
52.457152	3171.321788	3.163034	-0.010266	2.922471
52.386066	3176.378157	3.168038	-0.010250	2.924731
52.383765	3181.275910	3.173043	-0.010249	2.926926
52.555102	3186.216179	3.178048	-0.010291	2.929162
52.523138	3191.454957	3.183053	-0.010284	2.931503
52.667875	3196.657164	3.188058	-0.010319	2.933849
52.690943	3201.622359	3.193062	-0.010324	2.936071
52.845214	3206.453156	3.198067	-0.010362	2.938248
52.954884	3211.468993	3.203072	-0.010388	2.940501
52.863328	3216.590968	3.208077	-0.010367	2.942773
52.871152	3221.660477	3.213082	-0.010369	2.945033
53.004403	3226.436498	3.218086	-0.010401	2.947177
53.002617	3231.482660	3.223091	-0.010401	2.949422
53.162904	3236.704977	3.228096	-0.010440	2.951764
53.138637	3241.809703	3.233101	-0.010435	2.954029
53.233333	3246.740955	3.238106	-0.010458	2.956230
53.251405	3251.654769	3.243110	-0.010462	2.958412
53.318712	3256.687869	3.248115	-0.010479	2.960651
53.270427	3261.809836	3.253120	-0.010468	2.962914
53.189717	3266.858806	3.258125	-0.010449	2.965138
53.348025	3271.674897	3.263130	-0.010487	2.967288
53.428558	3276.706727	3.268134	-0.010507	2.969522
53.549184	3282.064142	3.273139	-0.010536	2.971902
53.619249	3287.166306	3.278144	-0.010553	2.974162
53.617410	3292.068912	3.283149	-0.010553	2.976324
53.638864	3296.994002	3.288154	-0.010559	2.978496
53.699690	3302.066201	3.293158	-0.010574	2.980737
53.917892	3307.058673	3.298163	-0.010626	2.982961
53.936713	3312.092172	3.303168	-0.010631	2.985176
53.880401	3316.916030	3.308173	-0.010618	2.987288
53.917522	3322.011432	3.313178	-0.010627	2.989529
54.101073	3327.231671	3.318182	-0.010672	2.991841
54.075495	3332.323375	3.323187	-0.010666	2.994070
54.202262	3337.195465	3.328192	-0.010697	2.996219
54.129620	3342.138758	3.333197	-0.010680	2.998374
54.145991	3347.230445	3.338202	-0.010684	3.000603
54.253727	3352.286608	3.343206	-0.010710	3.002826
54.204732	3357.345641	3.348211	-0.010699	3.005029
54.360916	3362.138051	3.353216	-0.010737	3.007139
54.276794	3367.207766	3.358221	-0.010717	3.009340
54.504161	3372.529017	3.363226	-0.010772	3.011686
54.588535	3377.588414	3.368230	-0.010792	3.013899
54.434495	3382.482372	3.373235	-0.010756	3.016010
54.577936	3387.333517	3.378240	-0.010790	3.018136
54.525740	3392.422040	3.383245	-0.010778	3.020341
54.723134	3397.468705	3.388250	-0.010826	3.022556
54.825927	3402.484495	3.393254	-0.010851	3.024744
54.898355	3407.255288	3.398259	-0.010869	3.026822
54.869016	3412.357788	3.403264	-0.010862	3.029028
55.039647	3417.547976	3.408269	-0.010903	3.031296
55.118475	3422.655186	3.413274	-0.010923	3.033515
54.866276	3427.647779	3.418278	-0.010863	3.035642
55.109032	3432.490213	3.423283	-0.010921	3.037764
55.174273	3437.593390	3.428288	-0.010937	3.039974
55.252994	3442.633554	3.433293	-0.010956	3.042158
55.135847	3447.744366	3.438298	-0.010929	3.044347
55.260286	3452.546319	3.443302	-0.010959	3.046430
55.321658	3457.562205	3.448307	-0.010974	3.048596
55.406771	3462.845184	3.453312	-0.010995	3.050879
55.506222	3467.969751	3.458317	-0.011019	3.053093
55.543705	3472.961904	3.463322	-0.011028	3.055242
55.476051	3477.829672	3.468326	-0.011012	3.057323
55.619319	3482.865596	3.473331	-0.011047	3.059500
55.849745	3487.883125	3.478336	-0.011103	3.061678
55.776091	3492.933421	3.483341	-0.011085	3.063832
55.691819	3497.856645	3.488346	-0.011066	3.065929
55.762834	3502.819677	3.493350	-0.011083	3.068060
55.869408	3507.975086	3.498355	-0.011109	3.070276
56.037971	3513.141208	3.503360	-0.011150	3.072502
56.075187	3518.139735	3.508365	-0.011159	3.074640
56.041215	3523.000377	3.513370	-0.011151	3.076709
56.014681	3528.051275	3.518374	-0.011145	3.078858
56.073849	3533.109095	3.523379	-0.011160	3.081020
56.167911	3538.163038	3.528384	-0.011183	3.083181
56.134221	3543.070115	3.533389	-0.011175	3.085264
56.314958	3547.950608	3.538394	-0.011219	3.087360
56.280344	3553.113867	3.543398	-0.011211	3.089549
56.496296	3558.417621	3.548403	-0.011263	3.091825
56.410929	3563.492631	3.553408	-0.011243	3.093967
56.619521	3568.245364	3.558413	-0.011293	3.096006
56.623405	3573.292262	3.563418	-0.011294	3.098144
56.510899	3578.385057	3.568422	-0.011268	3.100286
56.537574	3583.425256	3.573427	-0.011275	3.102421
56.675829	3588.447819	3.578432	-0.011308	3.104560
56.581568	3593.293150	3.583437	-0.011286	3.106596
56.728845	3598.323782	3.588442	-0.011322	3.108736
56.885398	3603.583456	3.593446	-0.011359	3.110973
57.015749	3608.627447	3.598451	-0.011391	3.113114
56.845049	3613.618262	3.603456	-0.011351	3.115196
56.976910	3618.507012	3.608461	-0.011383	3.117269
56.933532	3623.588231	3.613466	-0.011373	3.119401
57.226931	3628.563446	3.618470	-0.011443	3.121527
57.174964	3633.669577	3.623475	-0.011431	3.123665
57.238882	3638.527951	3.628480	-0.011447	3.125712
57.183160	3643.524296	3.633485	-0.011434	3.127802
57.188127	3648.766597	3.638490	-0.011435	3.130000
57.333793	3653.986019	3.643494	-0.011471	3.132203
57.444120	3658.986827	3.648499	-0.011498	3.134309
57.465956	3663.811433	3.653504	-0.011503	3.136330
57.484748	3668.856622	3.658509	-0.011508	3.138442
57.510916	3673.941324	3.663514	-0.011515	3.140569
57.500538	3679.008790	3.668518	-0.011513	3.142683
57.660210	3683.934469	3.673523	-0.011551	3.144757
57.676364	3688.835188	3.678528	-0.011555	3.146802
57.590687	3693.921999	3.683533	-0.011535	3.148912
57.844458	3699.078727	3.688538	-0.011596	3.151088
58.040236	3704.074042	3.693542	-0.011644	3.153189
57.901663	3708.974497	3.698547	-0.011611	3.155211
57.844327	3713.947622	3.703552	-0.011598	3.157271
57.981526	3718.988397	3.708557	-0.011631	3.159380
58.189707	3724.042662	3.713562	-0.011681	3.161501
58.155044	3729.079014	3.718566	-0.011673	3.163586
58.221642	3733.862120	3.723571	-0.011689	3.165576
58.149847	3738.986649	3.728576	-0.011673	3.167690
58.208772	3744.206630	3.733581	-0.011687	3.169858
58.385087	3749.381783	3.738586	-0.011730	3.172018
58.281066	3754.452135	3.743590	-0.011705	3.174102
58.380785	3759.260436	3.748595	-0.011729	3.176100
58.549321	3764.259703	3.753600	-0.011770	3.178182
58.409998	3769.365278	3.758605	-0.011737	3.180273
58.521816	3774.446398	3.763610	-0.011764	3.182381
58.620029	3779.364064	3.768614	-0.011788	3.184418
58.644804	3784.212221	3.773619	-0.011795	3.186417
58.610153	3789.315508	3.778624	-0.011787	3.188513
58.622303	3794.610007	3.783629	-0.011790	3.190691
58.849656	3799.638817	3.788634	-0.011845	3.192783
58.862832	3804.526471	3.793638	-0.011848	3.194792
58.983285	3809.424067	3.798643	-0.011878	3.196815
58.865382	3814.542048	3.803648	-0.011850	3.198901
58.968473	3819.599266	3.808653	-0.011875	3.200986
59.022628	3824.660027	3.813658	-0.011888	3.203065
59.110146	3829.487016	3.818662	-0.011909	3.205050
59.247892	3834.470718	3.823667	-0.011943	3.207104
59.141578	3839.707328	3.828672	-0.011918	3.209233
59.141849	3844.884353	3.833677	-0.011918	3.211348
59.342880	3849.959672	3.838682	-0.011967	3.213443
59.341571	3854.711493	3.843686	-0.011967	3.215381
59.279996	3859.757273	3.848691	-0.011952	3.217432
59.390331	3864.833753	3.853696	-0.011979	3.219513
59.519099	3869.837313	3.858701	-0.012010	3.221565
59.592713	3874.871157	3.863706	-0.012028	3.223622
59.598912	3879.659850	3.868710	-0.012030	3.225570
59.705658	3884.687306	3.873715	-0.012056	3.227625
59.741876	3889.953659	3.878720	-0.012065	3.229769
59.804486	3895.041844	3.883725	-0.012081	3.231841
59.932593	3900.022690	3.888730	-0.012112	3.233876
59.844358	3904.865731	3.893734	-0.012091	3.235830
59.881831	3909.912432	3.898739	-0.012100	3.237879
60.069607	3914.983975	3.903744	-0.012146	3.239953
60.138117	3920.001879	3.908749	-0.012162	3.241991
60.291893	3924.951613	3.913754	-0.012200	3.244009
60.209981	3929.845919	3.918758	-0.012180	3.245978
60.216206	3934.923823	3.923763	-0.012182	3.248030
60.466939	3940.279565	3.928768	-0.012243	3.250219
60.323245	3945.375339	3.933773	-0.012209	3.252259
60.472523	3950.260090	3.938778	-0.012245	3.254244
60.581314	3955.131505	3.943782	-0.012271	3.256219
60.469303	3960.221184	3.948787	-0.012245	3.258256
60.626119	3965.267534	3.953792	-0.012283	3.260304
60.580600	3970.360664	3.958797	-0.012272	3.262347
60.742872	3975.204539	3.963802	-0.012311	3.264311
60.736590	3980.179229	3.968806	-0.012310	3.266309
60.855197	3985.251497	3.973811	-0.012339	3.268357
60.842701	3990.564872	3.978816	-0.012337	3.270487
60.972687	3995.551122	3.983821	-0.012368	3.272500
60.990101	4000.447868	3.988826	-0.012373	3.274464
61.080767	4005.351608	3.993830	-0.012395	3.276437
60.919685	4010.488694	3.998835	-0.012357	3.278476
61.175762	4015.502429	4.003840	-0.012418	3.280508
61.215629	4020.556089	4.008845	-0.012428	3.282532
61.355786	4025.390979	4.013850	-0.012462	3.284478
61.238352	4030.424183	4.018854	-0.012434	3.286474
61.345410	4035.596983	4.023859	-0.012460	3.288549
61.338046	4040.937161	4.028864	-0.012459	3.290678
61.443016	4045.914979	4.033869	-0.012485	3.292672
61.479836	4050.792212	4.038874	-0.012494	3.294618
61.631740	4055.624835	4.043878	-0.012530	3.296557
61.499906	4060.700572	4.048883	-0.012499	3.298562
61.629049	4065.775254	4.053888	-0.012531	3.300592
61.751700	4070.773055	4.058893	-0.012560	3.302591
61.667853	4075.643227	4.063898	-0.012541	3.304515
61.752667	4080.627838	4.068902	-0.012561	3.306502
61.893347	4085.759152	4.073907	-0.012595	3.308551
62.019090	4090.988250	4.078912	-0.012626	3.310636
61.982744	4096.012347	4.083917	-0.012618	3.312622
62.019940	4100.824525	4.088922	-0.012627	3.314531
62.072066	4105.834538	4.093926	-0.012640	3.316518
62.095487	4110.948296	4.098931	-0.012646	3.318542
62.015504	4115.986269	4.103936	-0.012627	3.320524
62.267553	4121.018055	4.108941	-0.012688	3.322537
62.180180	4125.829741	4.113946	-0.012667	3.324426
62.329974	4130.814293	4.118950	-0.012703	3.326408
62.405752	4136.044613	4.123955	-0.012722	3.328477
62.544693	4141.294272	4.128960	-0.012756	3.330559
62.456533	4146.364434	4.133965	-0.012735	3.332546
62.480500	4151.189319	4.138970	-0.012741	3.334447
62.531111	4156.185562	4.143974	-0.012754	3.336416
62.703073	4161.221578	4.148979	-0.012795	3.338413
62.874032	4166.251399	4.153984	-0.012836	3.340405
62.959906	4171.289681	4.158989	-0.012857	3.342392
63.088135	4176.082749	4.163994	-0.012888	3.344285
63.131584	4181.089372	4.168998	-0.012899	3.346252
63.142117	4186.269300	4.174003	-0.012902	3.348283
63.299151	4191.459075	4.179008	-0.012940	3.350331
63.273652	4196.508633	4.184013	-0.012934	3.352304
63.250261	4201.345011	4.189018	-0.012929	3.354193
63.222041	4206.373109	4.194022	-0.012923	3.356156
63.231945	4211.439046	4.199027	-0.012926	3.358136
63.381342	4216.505517	4.204032	-0.012962	3.360129
63.529469	4221.524962	4.209037	-0.012997	3.362102
63.559264	4226.363342	4.214042	-0.013005	3.363992
63.526949	4231.375133	4.219046	-0.012998	3.365942
63.669742	4236.500995	4.224051	-0.013032	3.367953
63.719317	4241.856987	4.229056	-0.013044	3.370043
63.576246	4246.931206	4.234061	-0.013011	3.372002
63.703562	4251.741900	4.239066	-0.013041	3.373886
63.757886	4256.698686	4.244070	-0.013055	3.375817
63.748818	4261.800887	4.249075	-0.013053	3.377798
63.859479	4266.846327	4.254080	-0.013080	3.379767
64.000914	4271.824052	4.259085	-0.013114	3.381712
63.950777	4276.742742	4.264090	-0.013103	3.383614
64.071078	4281.656692	4.269094	-0.013132	3.385530
64.132088	4286.742718	4.274099	-0.013147	3.387506
64.131282	4292.059811	4.279104	-0.013147	3.389563
64.063822	4297.143688	4.284109	-0.013131	3.391523
64.086269	4302.041025	4.289114	-0.013137	3.393418
64.208621	4306.912294	4.294118	-0.013167	3.395312
64.281891	4311.954985	4.299123	-0.013185	3.397267
64.414571	4317.053390	4.304128	-0.013217	3.399247
64.355202	4322.138329	4.309133	-0.013203	3.401203
64.329473	4327.053919	4.314138	-0.013197	3.403095
64.407486	4331.955467	4.319142	-0.013216	3.404991
64.609260	4336.952285	4.324147	-0.013265	3.406935
64.691268	4342.352666	4.329152	-0.013285	3.409021
64.611558	4347.465484	4.334157	-0.013266	3.410979
64.683155	4352.424023	4.339162	-0.013284	3.412892
64.722883	4357.242279	4.344166	-0.013294	3.414747
64.829929	4362.271345	4.349171	-0.013320	3.416688
64.798809	4367.379974	4.354176	-0.013313	3.418645
64.820690	4372.446280	4.359181	-0.013318	3.420590
64.941651	4377.433260	4.364186	-0.013348	3.422514
64.883674	4382.265547	4.369190	-0.013334	3.424359
64.992287	4387.320776	4.374195	-0.013360	3.426305
65.024731	4392.577810	4.379200	-0.013369	3.428320
65.077097	4397.686713	4.384205	-0.013382	3.430278
65.247835	4402.688476	4.389210	-0.013423	3.432206
65.127178	4407.488152	4.394214	-0.013394	3.434028
65.314422	4412.499482	4.399219	-0.013439	3.435959
65.203691	4417.656230	4.404224	-0.013413	3.437916
65.257360	4422.688298	4.409229	-0.013427	3.439840
65.305734	4427.730278	4.414234	-0.013439	3.441767
65.513524	4432.505267	4.419238	-0.013489	3.443605
65.392760	4437.560266	4.424243	-0.013460	3.445518
65.620658	4442.743421	4.429248	-0.013515	3.447512
65.592988	4448.061481	4.434253	-0.013509	3.449532
65.603719	4453.142059	4.439258	-0.013512	3.451464
65.803937	4457.954935	4.444262	-0.013560	3.453311
65.651583	4462.938229	4.449267	-0.013524	3.455188
65.612177	4468.049651	4.454272	-0.013515	3.457124
65.726288	4472.947420	4.459277	-0.013543	3.458992
65.791922	4477.965537	4.464282	-0.013559	3.460900
65.821696	4482.894058	4.469286	-0.013566	3.462770
65.796847	4487.834024	4.474291	-0.013561	3.464638
65.997485	4492.859514	4.479296	-0.013609	3.466559
65.995535	4498.183960	4.484301	-0.013609	3.468572
65.999273	4503.272107	4.489306	-0.013610	3.470496
66.028117	4508.188965	4.494310	-0.013618	3.472356
66.054847	4513.032075	4.499315	-0.013625	3.474187
66.168897	4518.080989	4.504320	-0.013652	3.476103
66.200688	4523.186439	4.509325	-0.013660	3.478031
66.251914	4528.202880	4.514330	-0.013673	3.479927
66.309151	4533.274456	4.519334	-0.013687	3.481843
66.377773	4538.036635	4.524339	-0.013704	3.483642
66.390731	4543.138007	4.529344	-0.013707	3.485563
66.320743	4548.374158	4.534349	-0.013691	3.487526
66.338171	4553.618840	4.539354	-0.013695	3.489499
66.636584	4558.618568	4.544358	-0.013767	3.491406
66.576786	4563.437600	4.549363	-0.013753	3.493209
66.657907	4568.477802	4.554368	-0.013773	3.495109
66.697040	4573.515409	4.559373	-0.013783	3.497002
66.705656	4578.590840	4.564378	-0.013785	3.498905
66.843625	4583.616042	4.569382	-0.013819	3.500801
66.900689	4588.481495	4.574387	-0.013833	3.502628
66.908798	4593.414231	4.579392	-0.013835	3.504475
67.076860	4598.447614	4.584397	-0.013876	3.506374
67.031514	4603.799009	4.589402	-0.013865	3.508370
67.075107	4608.869790	4.594406	-0.013876	3.510269
67.328979	4613.756601	4.599411	-0.013937	3.512118
67.172364	4618.669940	4.604416	-0.013900	3.513937
67.100783	4623.726267	4.609421	-0.013883	3.515817
67.256861	4628.840341	4.614426	-0.013921	3.517738
67.376174	4633.848206	4.619430	-0.013950	3.519615
67.359279	4638.922636	4.624435	-0.013946	3.521504
67.373458	4643.674176	4.629440	-0.013950	3.523274
67.449840	4648.726648	4.634445	-0.013969	3.525161
67.548494	4653.976225	4.639450	-0.013993	3.527122
67.565754	4659.268158	4.644454	-0.013997	3.529091
67.727039	4664.271147	4.649459	-0.014036	3.530964
67.647295	4669.162108	4.654464	-0.014018	3.532772
67.657582	4674.107436	4.659469	-0.014021	3.534608
67.784788	4679.147819	4.664474	-0.014051	3.536489
67.881953	4684.226967	4.669478	-0.014075	3.538381
67.892130	4689.269559	4.674483	-0.014078	3.540250
67.945391	4694.200505	4.679488	-0.014091	3.542081
67.897187	4699.084679	4.684493	-0.014080	3.543884
68.160529	4704.068785	4.689498	-0.014143	3.545752
68.006351	4709.422393	4.694502	-0.014107	3.547717
68.009128	4714.486049	4.699507	-0.014108	3.549588
68.109352	4719.566558	4.704512	-0.014132	3.551474
68.044635	4724.328939	4.709517	-0.014117	3.553226
68.231958	4729.401863	4.714522	-0.014162	3.555114
68.296018	4734.397606	4.719526	-0.014178	3.556962
68.247449	4739.498912	4.724531	-0.014167	3.558838
68.395677	4744.536164	4.729536	-0.014203	3.560707
68.317934	4749.381913	4.734541	-0.014184	3.562484
68.411657	4754.328235	4.739546	-0.014207	3.564312
68.530765	4759.442458	4.744550	-0.014236	3.566204
68.643839	4764.822579	4.749555	-0.014264	3.568192
68.661336	4769.901765	4.754560	-0.014268	3.570059
68.544823	4774.841050	4.759565	-0.014241	3.571863
68.768003	4779.655028	4.764570	-0.014295	3.573649
68.694107	4784.748915	4.769574	-0.014277	3.575511
68.766253	4789.815892	4.774579	-0.014295	3.577376
68.879533	4794.847424	4.779584	-0.014322	3.579229
68.797438	4799.923927	4.784589	-0.014303	3.581081
68.911202	4804.651803	4.789594	-0.014331	3.582822
68.857955	4809.776724	4.794598	-0.014318	3.584693
69.096904	4814.815542	4.799603	-0.014376	3.586556
69.105959	4820.096465	4.804608	-0.014379	3.588487
69.074945	4825.159122	4.809613	-0.014372	3.590334
69.277279	4830.003690	4.814618	-0.014420	3.592121
69.142084	4834.960616	4.819622	-0.014388	3.593918
69.247353	4839.983419	4.824627	-0.014414	3.595759
69.193366	4845.126972	4.829632	-0.014401	3.597629
69.289736	4850.120319	4.834637	-0.014425	3.599457
69.514707	4855.102359	4.839642	-0.014479	3.601292
69.409086	4859.946273	4.844646	-0.014454	3.603046
69.373749	4864.990145	4.849651	-0.014446	3.604878
69.563504	4870.314690	4.854656	-0.014492	3.606830
69.612719	4875.546287	4.859661	-0.014504	3.608736
69.762734	4880.593069	4.864666	-0.014540	3.610582
69.664233	4885.447662	4.869670	-0.014517	3.612336
69.728118	4890.365366	4.874675	-0.014533	3.614126
69.619712	4895.469841	4.879680	-0.014507	3.615968
69.788238	4900.523308	4.884685	-0.014548	3.617815
69.759599	4905.602600	4.889690	-0.014542	3.619653
70.036590	4910.461990	4.894694	-0.014608	3.621437
69.929609	4915.373640	4.899699	-0.014583	3.623206
70.008426	4920.429577	4.904704	-0.014602	3.625042
69.993603	4925.701379	4.909709	-0.014599	3.626947
69.951974	4930.865714	4.914714	-0.014590	3.628810
70.027079	4935.907082	4.919718	-0.014608	3.630637
70.113668	4940.636909	4.924723	-0.014629	3.632352
70.247100	4945.659807	4.929728	-0.014661	3.634177
70.217061	4950.629073	4.934733	-0.014655	3.635966
70.263307	4955.695176	4.939738	-0.014666	3.637797
70.327465	4960.776042	4.944742	-0.014682	3.639633
70.302957	4965.665601	4.949747	-0.014676	3.641392
70.433515	4970.546600	4.954752	-0.014708	3.643160
70.290482	4975.630544	4.959757	-0.014674	3.644977
70.448826	4980.954391	4.964762	-0.014712	3.646906
70.596926	4986.095892	4.969766	-0.014748	3.648766
70.625217	4991.124253	4.974771	-0.014755	3.650575
70.572855	4995.931639	4.979776	-0.014743	3.652297
70.691222	5000.933922	4.984781	-0.014772	3.654102
70.662476	5006.016282	4.989786	-0.014766	3.655923
70.641584	5011.137621	4.994790	-0.014761	3.657758
70.681464	5016.163468	4.999795	-0.014771	3.659562
70.886207	5021.069941	5.004800	-0.014820	3.661337
70.923773	5025.939943	5.009805	-0.014830	3.663084
70.969438	5031.004968	5.014810	-0.014841	3.664900
70.960749	5036.307141	5.019814	-0.014839	3.666796
71.016840	5041.408932	5.024819	-0.014853	3.668624
71.119955	5046.469845	5.029824	-0.014878	3.670441
71.095651	5051.224988	5.034829	-0.014873	3.672138
70.965140	5056.271563	5.039834	-0.014842	3.673928
71.038627	5061.355599	5.044838	-0.014860	3.675748
71.298840	5066.364909	5.049843	-0.014923	3.677557
71.311680	5071.470084	5.054848	-0.014926	3.679377
71.243140	5076.432154	5.059853	-0.014910	3.681139
71.259998	5081.297562	5.064858	-0.014914	3.682873
71.429785	5086.344270	5.069862	-0.014955	3.684684
71.412828	5091.708649	5.074867	-0.014952	3.686591
71.583168	5096.828935	5.079872	-0.014993	3.688425
71.668765	5101.893518	5.084877	-0.015014	3.690232
71.621919	5106.668160	5.089882	-0.015003	3.691925
71.662383	5111.701559	5.094886	-0.015013	3.693715
71.644544	5116.727314	5.099891	-0.015009	3.695497
71.658940	5121.812207	5.104896	-0.015013	3.697302
71.819571	5126.852157	5.109901	-0.015052	3.699102
71.777290	5131.811653	5.114906	-0.015042	3.700856
71.925855	5136.643356	5.119910	-0.015078	3.702580
71.826461	5141.688770	5.124915	-0.015055	3.704358
71.902933	5146.916136	5.129920	-0.015073	3.706214
71.906948	5152.103017	5.134925	-0.015075	3.708048
71.972834	5157.164965	5.139930	-0.015091	3.709843
72.363418	5161.923925	5.144934	-0.015185	3.711557
72.476285	5166.802969	5.149939	-0.015212	3.713289
72.646030	5171.921446	5.154944	-0.015253	3.715110
72.683819	5176.981149	5.159949	-0.015263	3.716898
72.617030	5182.057878	5.164954	-0.015247	3.718683
72.632689	5187.062046	5.169958	-0.015251	3.720448
72.727360	5191.836637	5.174963	-0.015274	3.722138
72.968002	5196.875722	5.179968	-0.015332	3.723933
72.856884	5202.099184	5.184973	-0.015306	3.725762
73.049494	5207.374584	5.189978	-0.015352	3.727634
73.177079	5212.427993	5.194982	-0.015383	3.729421
73.035362	5217.321447	5.199987	-0.015350	3.731129
73.235385	5222.169999	5.204992	-0.015398	3.732849
73.257167	5227.293309	5.209997	-0.015404	3.734650
73.358903	5232.330326	5.215002	-0.015428	3.736426
73.355109	5237.358551	5.220006	-0.015428	3.738190
73.353249	5242.501807	5.225011	-0.015428	3.739993
73.435976	5247.239542	5.230016	-0.015448	3.741660
73.519888	5252.241219	5.235021	-0.015468	3.743419
73.510039	5257.397991	5.240026	-0.015466	3.745224
73.639470	5262.670605	5.245030	-0.015498	3.747079
73.640557	5267.677259	5.250035	-0.015499	3.748831
73.682276	5272.673332	5.255040	-0.015509	3.750581
73.664000	5277.523818	5.260045	-0.015505	3.752275
73.818293	5282.519194	5.265050	-0.015542	3.754032
73.817839	5287.645524	5.270054	-0.015542	3.755822
73.736805	5292.722106	5.275059	-0.015524	3.757587
73.984009	5297.744543	5.280064	-0.015583	3.759359
73.887834	5302.626049	5.285069	-0.015560	3.761053
73.821347	5307.581769	5.290074	-0.015545	3.762775
73.983890	5312.640577	5.295078	-0.015584	3.764550
74.000691	5318.084084	5.300083	-0.015589	3.766447
74.077713	5323.196210	5.305088	-0.015607	3.768232
74.106069	5328.260865	5.310093	-0.015615	3.769996
74.202815	5332.970075	5.315098	-0.015638	3.771641
74.151158	5338.063002	5.320102	-0.015626	3.773407
74.223155	5343.083330	5.325107	-0.015644	3.775156
74.330475	5348.165413	5.330112	-0.015670	3.776929
74.280425	5353.221003	5.335117	-0.015658	3.778680
74.391103	5358.108169	5.340122	-0.015685	3.780384
74.458136	5363.035435	5.345126	-0.015702	3.782097
74.551023	5368.064502	5.350131	-0.015724	3.783848
74.429548	5373.295223	5.355136	-0.015696	3.785650
74.584806	5378.522325	5.360141	-0.015733	3.787472
74.483602	5383.549464	5.365146	-0.015709	3.789204
74.695239	5388.398625	5.370150	-0.015760	3.790898
74.577230	5393.310357	5.375155	-0.015732	3.792587
74.712073	5398.371117	5.380160	-0.015765	3.794346
74.722590	5403.486852	5.385165	-0.015768	3.796114
74.785397	5408.512642	5.390170	-0.015783	3.797854
74.854462	5413.582775	5.395174	-0.015800	3.799610
74.848080	5418.316581	5.400179	-0.015799	3.801242
74.960187	5423.315436	5.405184	-0.015826	3.802975
74.956681	5428.491322	5.410189	-0.015826	3.804758
75.036962	5433.870090	5.415194	-0.015846	3.806617
75.135885	5438.968883	5.420198	-0.015870	3.808381
75.138784	5443.932032	5.425203	-0.015871	3.810089
75.150711	5448.697489	5.430208	-0.015874	3.811729
75.358544	5453.791399	5.435213	-0.015924	3.813497
75.367087	5458.806315	5.440218	-0.015927	3.815221
75.396650	5463.925123	5.445222	-0.015934	3.816982
75.305893	5469.020609	5.450227	-0.015913	3.818725
75.493984	5473.841933	5.455232	-0.015958	3.820394
75.605076	5478.724591	5.460237	-0.015985	3.822078
75.657220	5483.777474	5.465242	-0.015998	3.823815
75.588752	5489.112991	5.470246	-0.015982	3.825638
75.616502	5494.241697	5.475251	-0.015989	3.827397
75.639220	5499.321010	5.480256	-0.015995	3.829138
75.809542	5504.113245	5.485261	-0.016036	3.830792
75.744961	5508.934610	5.490266	-0.016021	3.832437
75.839772	5513.973478	5.495270	-0.016044	3.834167
75.862517	5519.098360	5.500275	-0.016050	3.835921
75.904962	5524.123406	5.505280	-0.016060	3.837641
75.855960	5529.255248	5.510285	-0.016049	3.839390
75.997715	5533.978224	5.515290	-0.016083	3.841013
76.017542	5539.024181	5.520294	-0.016088	3.842736
76.246833	5544.085255	5.525299	-0.016144	3.844480
76.300456	5549.476359	5.530304	-0.016157	3.846322
76.367158	5554.538160	5.535309	-0.016173	3.848052
76.282579	5559.501132	5.540314	-0.016153	3.849736
76.372783	5564.297158	5.545318	-0.016175	3.851376
76.247516	5569.321131	5.550323	-0.016146	3.853076
76.249858	5574.458488	5.555328	-0.016147	3.854824
76.385416	5579.498823	5.560333	-0.016180	3.856547
76.422894	5584.558613	5.565338	-0.016189	3.858270
76.513439	5589.443454	5.570342	-0.016211	3.859936
76.592054	5594.289855	5.575347	-0.016230	3.861588
76.640900	5599.324354	5.580352	-0.016242	3.863300
76.633613	5604.594430	5.585357	-0.016241	3.865087
76.571185	5609.781513	5.590362	-0.016226	3.866842
76.798412	5614.856275	5.595366	-0.016281	3.868579
76.821639	5619.667818	5.600371	-0.016287	3.870211
76.762886	5624.604603	5.605376	-0.016274	3.871878
76.862368	5629.643290	5.610381	-0.016298	3.873591
76.847187	5634.762115	5.615386	-0.016294	3.875322
76.977494	5639.767160	5.620390	-0.016326	3.877024
77.032539	5644.853830	5.625395	-0.016340	3.878748
76.899127	5649.679267	5.630400	-0.016308	3.880369
76.933216	5654.653832	5.635405	-0.016317	3.882051
77.007698	5659.679963	5.640410	-0.016335	3.883754
76.980863	5665.206201	5.645414	-0.016329	3.885617
77.188971	5670.230818	5.650419	-0.016379	3.887327
77.160929	5675.309502	5.655424	-0.016373	3.889037
77.206938	5680.027640	5.660429	-0.016384	3.890631
77.257037	5685.063854	5.665434	-0.016396	3.892331
77.322403	5690.129550	5.670438	-0.016413	3.894042
77.308714	5695.238910	5.675443	-0.016410	3.895760
77.394799	5700.237746	5.680448	-0.016431	3.897448
77.504101	5705.272709	5.685453	-0.016457	3.899149
77.407497	5710.039932	5.690458	-0.016434	3.900745
77.581177	5715.094899	5.695462	-0.016476	3.902456
77.485329	5720.163499	5.700467	-0.016454	3.904151
77.574427	5725.519539	5.705472	-0.016476	3.905956
77.571282	5730.576171	5.710477	-0.016475	3.907652
77.624101	5735.552992	5.715482	-0.016488	3.909325
77.758846	5740.312953	5.720486	-0.016521	3.910931
77.781626	5745.371346	5.725491	-0.016527	3.912628
77.786038	5750.508647	5.730496	-0.016528	3.914349
77.712178	5755.567274	5.735501	-0.016511	3.916037
77.776062	5760.657886	5.740506	-0.016527	3.917746
77.819381	5765.607716	5.745510	-0.016537	3.919405
77.948561	5770.358954	5.750515	-0.016569	3.921003
77.942873	5775.497321	5.755520	-0.016568	3.922720
77.974889	5780.715763	5.760525	-0.016576	3.924466
78.047526	5786.082977	5.765530	-0.016594	3.926263
78.090411	5791.101749	5.770534	-0.016604	3.927942
78.069928	5796.035295	5.775539	-0.016600	3.929586
78.194908	5800.848678	5.780544	-0.016630	3.931201
78.157006	5805.928706	5.785549	-0.016621	3.932892
78.218085	5811.004556	5.790554	-0.016636	3.934588
78.361432	5816.067703	5.795558	-0.016671	3.936284
78.423743	5821.098015	5.800563	-0.016686	3.937964
78.360915	5826.022315	5.805568	-0.016672	3.939598
78.344652	5830.929235	5.810573	-0.016668	3.941229
78.403915	5835.973134	5.815578	-0.016683	3.942911
78.558265	5841.187614	5.820582	-0.016720	3.944655
78.619319	5846.381251	5.825587	-0.016735	3.946385
78.608749	5851.411077	5.830592	-0.016733	3.948055
78.627775	5856.288055	5.835597	-0.016738	3.949675
78.488565	5861.203769	5.840602	-0.016705	3.951296
78.704650	5866.234603	5.845606	-0.016757	3.952980
78.828712	5871.306190	5.850611	-0.016787	3.954670
78.782925	5876.375796	5.855616	-0.016777	3.956347
78.879937	5881.420786	5.860621	-0.016800	3.958025
78.765854	5886.314997	5.865626	-0.016773	3.959638
78.969597	5891.186716	5.870630	-0.016822	3.961265
78.906224	5896.280775	5.875635	-0.016808	3.962946
78.983598	5901.679346	5.880640	-0.016827	3.964736
78.954888	5906.861146	5.885645	-0.016820	3.966447
78.974737	5911.916699	5.890650	-0.016825	3.968119
79.033292	5916.759096	5.895654	-0.016840	3.969723
79.076226	5921.631384	5.900659	-0.016850	3.971334
79.077440	5926.723650	5.905664	-0.016851	3.973015
79.250660	5931.795741	5.910669	-0.016893	3.974700
79.285996	5936.825441	5.915674	-0.016902	3.976361
79.394238	5941.895797	5.920678	-0.016928	3.978040
79.391732	5946.726411	5.925683	-0.016928	3.979631
79.379889	5951.681358	5.930688	-0.016925	3.981262
79.472385	5956.725333	5.935693	-0.016948	3.982929
79.427853	5962.049087	5.940698	-0.016938	3.984677
79.503636	5967.211106	5.945702	-0.016956	3.986380
79.590632	5972.213417	5.950707	-0.016977	3.988031
79.572231	5977.036738	5.955712	-0.016973	3.989615
79.578365	5981.993676	5.960717	-0.016975	3.991244
79.591926	5987.072801	5.965722	-0.016979	3.992912
79.822941	5992.133914	5.970726	-0.017034	3.994589
79.692419	5997.233405	5.975731	-0.017004	3.996253
79.789642	6002.275612	5.980736	-0.017027	3.997914
79.799730	6007.083938	5.985741	-0.017030	3.999491
79.819953	6012.069282	5.990746	-0.017035	4.001126
79.988487	6017.111317	5.995750	-0.017076	4.002789
79.987729	6022.520100	6.000755	-0.017076	4.004559
79.992495	6027.739277	6.005760	-0.017078	4.006268
79.941159	6032.782482	6.010765	-0.017066	4.007914
79.929212	6037.590296	6.015770	-0.017063	4.009485
80.155832	6042.498114	6.020774	-0.017118	4.011105
80.040235	6047.575180	6.025779	-0.017091	4.012756
80.217801	6052.640793	6.030784	-0.017134	4.014422
80.170736	6057.707693	6.035789	-0.017123	4.016073
80.237970	6062.745132	6.040794	-0.017139	4.017722
80.135601	6067.595096	6.045798	-0.017115	4.019297
80.275868	6072.488251	6.050803	-0.017149	4.020902
80.362077	6077.601622	6.055808	-0.017170	4.022574
80.426310	6082.872211	6.060813	-0.017186	4.024296
80.440673	6087.962723	6.065818	-0.017190	4.025955
80.528038	6093.063174	6.070822	-0.017211	4.027621
80.379910	6097.914350	6.075827	-0.017176	4.029189
80.638709	6102.758657	6.080832	-0.017238	4.030782
80.635663	6107.841822	6.085837	-0.017238	4.032435
80.761791	6112.944464	6.090842	-0.017269	4.034102
80.713588	6117.994094	6.095846	-0.017257	4.035739
80.937101	6122.975985	6.100851	-0.017311	4.037372
80.928399	6127.898394	6.105856	-0.017310	4.038969
80.947801	6132.830403	6.110861	-0.017315	4.040571
81.056516	6137.835440	6.115866	-0.017341	4.042201
81.210727	6143.171208	6.120870	-0.017378	4.043941
81.220599	6148.411948	6.125875	-0.017381	4.045640
81.188972	6153.478371	6.130880	-0.017374	4.047279
81.251624	6158.375017	6.135885	-0.017389	4.048869
81.152164	6163.114080	6.140890	-0.017366	4.050396
81.244143	6168.092441	6.145894	-0.017388	4.052013
81.315507	6173.218031	6.150899	-0.017406	4.053676
81.451795	6178.286995	6.155904	-0.017439	4.055324
81.516468	6183.315780	6.160909	-0.017455	4.056953
81.369910	6188.235342	6.165914	-0.017420	4.058532
81.568705	6193.101325	6.170918	-0.017468	4.060117
81.681538	6198.145577	6.175923	-0.017495	4.061752
81.631612	6203.314321	6.180928	-0.017484	4.063417
81.654480	6208.570944	6.185933	-0.017490	4.065114
81.656795	6213.683839	6.190938	-0.017491	4.066762
81.637276	6218.681179	6.195942	-0.017486	4.068371
81.732489	6223.418551	6.200947	-0.017509	4.069903
81.824068	6228.458142	6.205952	-0.017532	4.071532
81.811493	6233.544340	6.210957	-0.017529	4.073168
81.830568	6238.630970	6.215962	-0.017534	4.074806
81.970482	6243.697916	6.220966	-0.017568	4.076445
81.961791	6248.668053	6.225971	-0.017566	4.078042
81.900575	6253.471069	6.230976	-0.017552	4.079582
81.997341	6258.552836	6.235981	-0.017576	4.081220
82.065145	6263.663966	6.240986	-0.017592	4.082866
82.066710	6269.169106	6.245990	-0.017593	4.084633
82.227224	6274.141132	6.250995	-0.017632	4.086239
82.157203	6279.268107	6.256000	-0.017615	4.087878
82.075821	6284.023431	6.261005	-0.017596	4.089397
82.214515	6288.994091	6.266010	-0.017630	4.090999
82.337677	6294.075175	6.271014	-0.017660	4.092635
82.320147	6299.122460	6.276019	-0.017656	4.094250
82.278927	6304.180427	6.281024	-0.017647	4.095866
82.395771	6309.296249	6.286029	-0.017675	4.097511
82.417378	6314.017483	6.291034	-0.017680	4.099022
82.561378	6319.009739	6.296038	-0.017715	4.100627
82.457551	6324.027636	6.301043	-0.017691	4.102224
82.561103	6329.434753	6.306048	-0.017716	4.103958
82.633477	6334.522870	6.311053	-0.017734	4.105587
82.517153	6339.594298	6.316058	-0.017706	4.107199
82.731074	6344.376108	6.321062	-0.017758	4.108738
82.729233	6349.284444	6.326067	-0.017758	4.110304
82.774483	6354.339932	6.331072	-0.017769	4.111918
82.765358	6359.500448	6.336077	-0.017767	4.113562
82.726665	6364.564077	6.341082	-0.017758	4.115173
82.832821	6369.618268	6.346086	-0.017784	4.116789
82.870126	6374.491109	6.351091	-0.017793	4.118343
82.932414	6379.378461	6.356096	-0.017809	4.119902
82.902100	6384.416791	6.361101	-0.017802	4.121503
83.031300	6389.711932	6.366106	-0.017833	4.123194
83.154521	6394.984942	6.371110	-0.017863	4.124878
83.205351	6400.001362	6.376115	-0.017876	4.126475
83.287583	6404.958408	6.381120	-0.017896	4.128054
83.245239	6409.802555	6.386125	-0.017886	4.129589
83.271385	6414.859192	6.391130	-0.017893	4.131196
83.347811	6419.967836	6.396134	-0.017911	4.132821
83.312295	6425.014143	6.401139	-0.017903	4.134419
83.370971	6430.080098	6.406144	-0.017918	4.136028
83.555198	6435.087600	6.411149	-0.017962	4.137626
83.427749	6439.819871	6.416154	-0.017932	4.139117
83.442717	6444.863821	6.421158	-0.017936	4.140715
83.521676	6449.892092	6.426163	-0.017955	4.142311
83.443324	6455.375999	6.431168	-0.017937	4.144041
83.663437	6460.370497	6.436173	-0.017990	4.145634
83.681279	6465.456441	6.441178	-0.017995	4.147243
83.911560	6470.157428	6.446182	-0.018050	4.148743
83.763247	6475.184191	6.451187	-0.018015	4.150321
83.695624	6480.285878	6.456192	-0.017999	4.151928
83.833421	6485.341032	6.461197	-0.018033	4.153532
83.864291	6490.419290	6.466202	-0.018040	4.155136
83.865896	6495.485490	6.471206	-0.018041	4.156734
84.038089	6500.310028	6.476211	-0.018083	4.158266
83.926715	6505.248733	6.481216	-0.018057	4.159815
84.032168	6510.333910	6.486221	-0.018082	4.161424
83.949371	6515.677270	6.491226	-0.018063	4.163101
84.112821	6520.927731	6.496230	-0.018102	4.164764
84.146791	6525.989424	6.501235	-0.018111	4.166359
84.212472	6530.887000	6.506240	-0.018127	4.167903
84.255695	6535.712359	6.511245	-0.018138	4.169423
84.209652	6540.786496	6.516250	-0.018127	4.171015
84.331817	6545.841535	6.521254	-0.018157	4.172610
84.393275	6550.915405	6.526259	-0.018172	4.174208
84.337671	6555.994241	6.531264	-0.018159	4.175799
84.506583	6560.979365	6.536269	-0.018200	4.177373
84.552247	6565.692866	6.541274	-0.018211	4.178855
84.537453	6570.798257	6.546278	-0.018208	4.180455
84.462354	6575.874524	6.551283	-0.018190	4.182041
84.510896	6581.291344	6.556288	-0.018202	4.183742
84.582413	6586.362948	6.561293	-0.018220	4.185334
84.687222	6591.353231	6.566298	-0.018245	4.186903
84.585554	6596.177062	6.571302	-0.018221	4.188407
84.756456	6601.091333	6.576307	-0.018263	4.189955
84.766691	6606.158502	6.581312	-0.018265	4.191540
84.720630	6611.309437	6.586317	-0.018255	4.193147
84.832663	6616.317754	6.591322	-0.018282	4.194719
84.878806	6621.386741	6.596326	-0.018293	4.196306
85.101718	6626.215427	6.601331	-0.018347	4.197827
85.001271	6631.148545	6.606336	-0.018323	4.199361
84.973629	6636.202441	6.611341	-0.018317	4.200936
85.011154	6641.446844	6.616346	-0.018327	4.202574
85.122161	6646.799289	6.621350	-0.018354	4.204250
85.148636	6651.813557	6.626355	-0.018360	4.205814
85.090511	6656.796908	6.631360	-0.018347	4.207364
85.209766	6661.558394	6.636365	-0.018376	4.208854
85.338194	6666.606684	6.641370	-0.018407	4.210433
85.395661	6671.659535	6.646374	-0.018421	4.212009
85.296518	6676.766504	6.651379	-0.018398	4.213592
85.292333	6681.824974	6.656384	-0.018397	4.215165
85.396762	6686.889580	6.661389	-0.018422	4.216745
85.375244	6691.637646	6.666394	-0.018418	4.218220
85.502133	6696.648393	6.671398	-0.018448	4.219784
85.442860	6701.721864	6.676403	-0.018435	4.221356
85.450500	6707.061027	6.681408	-0.018437	4.223014
85.508006	6712.168327	6.686413	-0.018451	4.224602
85.611831	6717.194211	6.691418	-0.018476	4.226167
85.647266	6722.097092	6.696422	-0.018485	4.227689
85.611236	6726.933798	6.701427	-0.018477	4.229186
85.781053	6731.998977	6.706432	-0.018518	4.230765
85.793565	6737.107200	6.711437	-0.018521	4.232348
85.663082	6742.183069	6.716442	-0.018491	4.233912
85.813106	6747.249719	6.721446	-0.018527	4.235489
85.867658	6752.227472	6.726451	-0.018540	4.237032
85.914792	6756.985328	6.731456	-0.018552	4.238506
85.974439	6762.059628	6.736461	-0.018567	4.240079
85.886120	6767.185153	6.741466	-0.018546	4.241657
86.056605	6772.707189	6.746470	-0.018587	4.243373
85.989088	6777.782164	6.751475	-0.018571	4.244937
86.093311	6782.821383	6.756480	-0.018597	4.246498
86.090455	6787.594364	6.761485	-0.018596	4.247971
86.124110	6792.501786	6.766490	-0.018605	4.249487
86.116347	6797.622348	6.771494	-0.018603	4.251065
86.320789	6802.682423	6.776499	-0.018653	4.252637
86.223325	6807.732536	6.781504	-0.018630	4.254187
86.322370	6812.784886	6.786509	-0.018654	4.255749
86.452333	6817.692326	6.791514	-0.018685	4.257267
86.464024	6822.515294	6.796518	-0.018688	4.258753
86.464460	6827.600861	6.801523	-0.018689	4.260317
86.423977	6832.767065	6.806528	-0.018680	4.261904
86.561423	6838.088604	6.811533	-0.018713	4.263548
86.418032	6843.142924	6.816538	-0.018679	4.265093
86.650620	6848.158930	6.821542	-0.018735	4.266648
86.636462	6852.878455	6.826547	-0.018732	4.268096
86.613559	6857.924656	6.831552	-0.018727	4.269644
86.680228	6862.993545	6.836557	-0.018743	4.271203
86.710083	6868.110897	6.841562	-0.018751	4.272775
86.708617	6873.179998	6.846566	-0.018751	4.274330
86.886893	6878.173543	6.851571	-0.018794	4.275871
86.834273	6883.062293	6.856576	-0.018782	4.277366
86.890678	6887.980290	6.861581	-0.018796	4.278875
86.862313	6893.015785	6.866586	-0.018789	4.280416
87.005594	6898.297525	6.871590	-0.018824	4.282041
87.072023	6903.641557	6.876595	-0.018840	4.283680
87.148586	6908.666245	6.881600	-0.018859	4.285221
87.094636	6913.704787	6.886605	-0.018846	4.286759
87.109096	6918.403463	6.891610	-0.018850	4.288196
87.156929	6923.517523	6.896614	-0.018862	4.289761
87.235154	6928.543998	6.901619	-0.018881	4.291301
87.326685	6933.640400	6.906624	-0.018904	4.292862
87.214658	6938.733443	6.911629	-0.018877	4.294411
87.333647	6943.614597	6.916634	-0.018906	4.295907
87.445107	6948.408796	6.921638	-0.018933	4.297375
87.332661	6953.386375	6.926643	-0.018907	4.298887
87.344632	6958.448198	6.931648	-0.018910	4.300430
87.505574	6963.658558	6.936653	-0.018949	4.302027
87.548448	6968.867063	6.941658	-0.018959	4.303615
87.546834	6973.953405	6.946662	-0.018959	4.305164
87.553646	6978.928194	6.951667	-0.018961	4.306678
87.593331	6983.669814	6.956672	-0.018971	4.308123
87.584423	6988.767965	6.961677	-0.018970	4.309673
87.707701	6993.798456	6.966682	-0.018999	4.311210
87.686407	6998.904602	6.971686	-0.018995	4.312760
87.780081	7003.926722	6.976691	-0.019018	4.314292
87.779377	7009.003954	6.981696	-0.019018	4.315833
87.875146	7013.825674	6.986701	-0.019041	4.317303
87.790673	7018.760275	6.991706	-0.019021	4.318796
87.833221	7023.848272	6.996710	-0.019032	4.320342
87.928030	7029.202423	7.001715	-0.019055	4.321971
87.964925	7034.455910	7.006720	-0.019064	4.323565
88.020114	7039.537996	7.011725	-0.019078	4.325109
88.008434	7044.459923	7.016730	-0.019075	4.326599
88.097701	7049.216660	7.021734	-0.019097	4.328045
88.018958	7054.303711	7.026739	-0.019079	4.329580
88.145092	7059.369684	7.031744	-0.019109	4.331120
88.148824	7064.495896	7.036749	-0.019111	4.332671
88.371889	7069.443646	7.041754	-0.019164	4.334180
88.510953	7074.520006	7.046758	-0.019198	4.335722
88.636303	7079.290728	7.051763	-0.019228	4.337171
88.659062	7084.233636	7.056768	-0.019234	4.338665
88.627382	7089.305995	7.061773	-0.019227	4.340195
88.685596	7094.553138	7.066778	-0.019241	4.341783
88.825318	7099.784363	7.071782	-0.019275	4.343369
88.913026	7104.810616	7.076787	-0.019297	4.344890
88.922575	7109.768911	7.081792	-0.019299	4.346386
88.882778	7114.553452	7.086797	-0.019290	4.347826
88.881771	7119.586424	7.091802	-0.019290	4.349343
89.175504	7124.639527	7.096806	-0.019361	4.350881
89.088179	7129.765248	7.101811	-0.019340	4.352420
89.051028	7134.786216	7.106816	-0.019332	4.353929
89.132934	7139.880880	7.111821	-0.019352	4.355467
89.130836	7144.693533	7.116826	-0.019352	4.356914
89.167818	7149.608749	7.121830	-0.019361	4.358394
89.301724	7154.700408	7.126835	-0.019393	4.359932
89.176913	7159.969158	7.131840	-0.019364	4.361509
89.275652	7165.307809	7.136845	-0.019388	4.363118
89.325685	7170.376431	7.141850	-0.019400	4.364643
89.445329	7175.338687	7.146854	-0.019429	4.366139
89.409462	7180.073480	7.151859	-0.019421	4.367558
89.350568	7185.123055	7.156864	-0.019408	4.369070
89.508700	7190.218906	7.161869	-0.019446	4.370606
89.563070	7195.228871	7.166874	-0.019459	4.372111
89.689673	7200.307934	7.171878	-0.019490	4.373640
89.508353	7205.453051	7.176883	-0.019447	4.375171
89.709659	7210.293020	7.181888	-0.019495	4.376632
89.674910	7215.193348	7.186893	-0.019487	4.378097
89.845456	7220.189240	7.191898	-0.019529	4.379601
89.841379	7225.398491	7.196902	-0.019528	4.381159
89.845466	7230.686457	7.201907	-0.019529	4.382741
89.816314	7235.726320	7.206912	-0.019523	4.384246
89.912843	7240.817731	7.211917	-0.019546	4.385773
89.973741	7245.512753	7.216922	-0.019561	4.387178
90.005281	7250.517705	7.221926	-0.019569	4.388675
89.951559	7255.611619	7.226931	-0.019557	4.390193
90.008473	7260.706565	7.231936	-0.019571	4.391716
90.039684	7265.752363	7.236941	-0.019579	4.393223
90.063336	7270.810659	7.241946	-0.019585	4.394733
90.059663	7275.809533	7.246950	-0.019584	4.396223
90.260383	7280.580274	7.251955	-0.019633	4.397656
90.329282	7285.627370	7.256960	-0.019650	4.399163
90.229225	7290.824404	7.261965	-0.019626	4.400705
90.276576	7296.252189	7.266970	-0.019638	4.402324
90.366895	7301.276795	7.271974	-0.019660	4.403824
90.388045	7306.433877	7.276979	-0.019665	4.405359
90.442462	7311.200566	7.281984	-0.019679	4.406780
90.470107	7316.138387	7.286989	-0.019686	4.408249
90.515668	7321.208155	7.291994	-0.019697	4.409759
90.545536	7326.316049	7.296998	-0.019704	4.411278
90.555321	7331.337757	7.302003	-0.019707	4.412770
90.584441	7336.420891	7.307008	-0.019715	4.414281
90.720333	7341.451376	7.312013	-0.019747	4.415781
90.611751	7346.158955	7.317018	-0.019722	4.417172
90.661945	7351.218248	7.322022	-0.019734	4.418675
90.682503	7356.309713	7.327027	-0.019740	4.420186
90.658761	7361.652929	7.332032	-0.019734	4.421768
90.810393	7366.784200	7.337037	-0.019771	4.423297
90.899046	7371.821758	7.342042	-0.019793	4.424793
90.964466	7376.686861	7.347046	-0.019809	4.426237
90.807821	7381.546722	7.352051	-0.019772	4.427668
90.926770	7386.614661	7.357056	-0.019800	4.429173
90.947384	7391.687666	7.362061	-0.019806	4.430675
90.987177	7396.730569	7.367066	-0.019816	4.432168
91.026423	7401.849222	7.372070	-0.019825	4.433683
91.016919	7406.876617	7.377075	-0.019824	4.435169
91.032977	7411.670850	7.382080	-0.019828	4.436586
91.060028	7416.667737	7.387085	-0.019835	4.438063
91.164462	7421.734406	7.392090	-0.019860	4.439564
91.149812	7427.039181	7.397094	-0.019857	4.441128
91.308266	7432.303337	7.402099	-0.019895	4.442689
91.321152	7437.391123	7.407104	-0.019899	4.444191
91.328478	7442.416977	7.412109	-0.019901	4.445673
91.359808	7447.103459	7.417114	-0.019909	4.447055
91.428186	7452.186742	7.422118	-0.019926	4.448556
91.357593	7457.231966	7.427123	-0.019909	4.450039
91.524690	7462.303903	7.432128	-0.019949	4.451540
91.591474	7467.362942	7.437133	-0.019966	4.453033
91.512791	7472.436895	7.442138	-0.019947	4.454522
91.529572	7477.339086	7.447142	-0.019952	4.455964
91.558084	7482.139978	7.452147	-0.019959	4.457377
91.599644	7487.272687	7.457152	-0.019969	4.458888
91.596060	7492.420158	7.462157	-0.019969	4.460400
91.695172	7497.704967	7.467162	-0.019993	4.461958
91.811753	7502.746218	7.472166	-0.020021	4.463444
91.790740	7507.848748	7.477171	-0.020017	4.464940
91.740752	7512.630151	7.482176	-0.020005	4.466341
91.820083	7517.572044	7.487181	-0.020024	4.467794
91.728888	7522.665887	7.492186	-0.020003	4.469284
91.831813	7527.730627	7.497190	-0.020028	4.470773
91.833209	7532.862233	7.502195	-0.020029	4.472277
91.943995	7537.864071	7.507200	-0.020056	4.473748
91.984040	7542.933929	7.512205	-0.020066	4.475235
92.002616	7547.629404	7.517210	-0.020070	4.476610
92.003138	7552.734808	7.522214	-0.020071	4.478105
92.106288	7557.763769	7.527219	-0.020096	4.479581
92.040840	7563.078007	7.532224	-0.020081	4.481132
92.223644	7568.239047	7.537229	-0.020125	4.482650
92.172365	7573.297052	7.542234	-0.020113	4.484126
92.258441	7578.257732	7.547238	-0.020134	4.485579
92.285505	7582.972317	7.552243	-0.020141	4.486958
92.425615	7587.963466	7.557248	-0.020175	4.488422
92.431607	7593.122135	7.562253	-0.020177	4.489928
92.429472	7598.212199	7.567258	-0.020177	4.491413
92.377957	7603.221226	7.572262	-0.020165	4.492872
92.470455	7608.307353	7.577267	-0.020187	4.494359
92.500406	7613.223551	7.582272	-0.020195	4.495794
92.517806	7618.049133	7.587277	-0.020199	4.497201
92.624789	7623.081006	7.592282	-0.020225	4.498672
92.582553	7628.246668	7.597286	-0.020216	4.500174
92.609193	7633.625661	7.602291	-0.020222	4.501742
92.786077	7638.619936	7.607296	-0.020265	4.503204
92.641350	7643.706962	7.612301	-0.020231	4.504677
92.745156	7648.472998	7.617306	-0.020256	4.506068
92.665876	7653.444933	7.622310	-0.020237	4.507509
92.785100	7658.481100	7.627315	-0.020266	4.508979
92.883094	7663.517096	7.632320	-0.020290	4.510447
93.015216	7668.655536	7.637325	-0.020322	4.511946
92.982496	7673.695049	7.642330	-0.020315	4.513408
93.036502	7678.692792	7.647334	-0.020328	4.514861
92.956598	7683.466801	7.652339	-0.020309	4.516242
92.995237	7688.499301	7.657344	-0.020319	4.517704
92.971737	7693.565232	7.662349	-0.020314	4.519172
93.038243	7698.975563	7.667354	-0.020330	4.520744
93.207454	7704.208177	7.672358	-0.020371	4.522268
93.148948	7709.306561	7.677363	-0.020357	4.523742
93.104101	7714.217814	7.682368	-0.020347	4.525163
93.237399	7718.974052	7.687373	-0.020379	4.526546
93.310223	7724.021141	7.692378	-0.020397	4.528010
93.342147	7729.038825	7.697382	-0.020405	4.529463
93.455367	7734.136565	7.702387	-0.020433	4.530943
93.352766	7739.214124	7.707392	-0.020409	4.532406
93.584453	7744.274227	7.712397	-0.020464	4.533880
93.553111	7749.140247	7.717402	-0.020457	4.535285
93.432352	7754.038590	7.722406	-0.020429	4.536694
93.489599	7759.143994	7.727411	-0.020443	4.538171
93.589873	7764.090466	7.732416	-0.020467	4.539604
93.573855	7769.572519	7.737421	-0.020464	4.541185
93.582986	7774.631336	7.742426	-0.020466	4.542645
93.726651	7779.669891	7.747430	-0.020501	4.544105
93.685571	7784.499709	7.752435	-0.020492	4.545495
93.782326	7789.381187	7.757440	-0.020515	4.546907
93.908928	7794.464193	7.762445	-0.020546	4.548377
93.717105	7799.543070	7.767450	-0.020500	4.549831
93.886503	7804.660404	7.772454	-0.020541	4.551312
93.938088	7809.671614	7.777459	-0.020554	4.552757
93.962629	7814.724617	7.782464	-0.020560	4.554212
93.976514	7819.607289	7.787469	-0.020564	4.555618
94.014482	7824.430035	7.792474	-0.020574	4.557006
93.956750	7829.566224	7.797478	-0.020560	4.558480
94.049219	7834.869977	7.802483	-0.020583	4.560009
94.265326	7840.199098	7.807488	-0.020635	4.561550
94.215013	7845.317470	7.812493	-0.020623	4.563017
94.175587	7850.378080	7.817498	-0.020614	4.564469
94.225600	7855.022298	7.822502	-0.020626	4.565804
94.272587	7860.029670	7.827507	-0.020638	4.567243
94.387384	7865.103959	7.832512	-0.020666	4.568704
94.402726	7870.194760	7.837517	-0.020670	4.570164
94.460421	7875.234661	7.842522	-0.020684	4.571611
94.532278	7880.345827	7.847526	-0.020702	4.573079
94.523570	7885.322209	7.852531	-0.020700	4.574505
94.601819	7889.996224	7.857536	-0.020719	4.575847
94.567450	7895.124777	7.862541	-0.020711	4.577313
94.551956	7900.116668	7.867546	-0.020708	4.578741
94.592197	7905.450463	7.872550	-0.020718	4.580269
94.680757	7910.696481	7.877555	-0.020740	4.581774
94.739254	7915.646528	7.882560	-0.020754	4.583192
94.692720	7920.742630	7.887565	-0.020743	4.584646
94.713424	7925.498556	7.892570	-0.020749	4.586006
94.779747	7930.466182	7.897574	-0.020765	4.587428
94.899189	7935.553784	7.902579	-0.020794	4.588887
94.963709	7940.685649	7.907584	-0.020810	4.590355
94.910146	7945.725170	7.912589	-0.020797	4.591790
94.901256	7950.797492	7.917594	-0.020796	4.593237
95.046937	7955.740794	7.922598	-0.020831	4.594654
95.069763	7960.529837	7.927603	-0.020837	4.596020
95.083594	7965.627366	7.932608	-0.020840	4.597474
95.159715	7970.631222	7.937613	-0.020859	4.598903
95.093827	7976.168739	7.942618	-0.020844	4.600477
95.261419	7981.324892	7.947622	-0.020884	4.601953
95.160340	7986.326440	7.952627	-0.020860	4.603372
95.202561	7991.281761	7.957632	-0.020871	4.604785
95.168501	7996.098023	7.962637	-0.020863	4.606153
95.339904	8001.055864	7.967642	-0.020904	4.607571
95.448777	8006.163458	7.972646	-0.020931	4.609028
95.401487	8011.299338	7.977651	-0.020920	4.610486
95.418449	8016.293810	7.982656	-0.020924	4.611905
95.506804	8021.406188	7.987661	-0.020946	4.613362
95.577697	8026.229337	7.992666	-0.020963	4.614734
95.600785	8031.096597	7.997670	-0.020969	4.616117
95.674627	8036.149961	8.002675	-0.020987	4.617554
95.569943	8041.238221	8.007680	-0.020963	4.618993
95.773208	8046.686393	8.012685	-0.021012	4.620547
95.681624	8051.681174	8.017690	-0.020990	4.621960
95.810135	8056.756750	8.022694	-0.021021	4.623404
95.867949	8061.673007	8.027699	-0.021036	4.624799
95.758545	8066.450232	8.032704	-0.021010	4.626148
95.790987	8071.609321	8.037709	-0.021018	4.627610
95.740980	8076.658168	8.042714	-0.021006	4.629037
95.954956	8081.752704	8.047718	-0.021058	4.630488
96.037395	8086.804104	8.052723	-0.021078	4.631921
96.081389	8091.796783	8.057728	-0.021089	4.633335
95.923693	8096.777925	8.062733	-0.021052	4.634736
96.034430	8101.551252	8.067738	-0.021079	4.636090
95.991970	8106.731935	8.072742	-0.021069	4.637552
96.177608	8111.794043	8.077747	-0.021114	4.638990
96.185808	8117.305234	8.082752	-0.021116	4.640547
96.118313	8122.423946	8.087757	-0.021100	4.641989
96.220378	8127.383234	8.092762	-0.021125	4.643393
96.299925	8132.320941	8.097766	-0.021144	4.644790
96.290817	8137.099915	8.102771	-0.021143	4.646137
96.232860	8142.204474	8.107776	-0.021129	4.647574
96.277262	8147.299380	8.112781	-0.021140	4.649012
96.390625	8152.327724	8.117786	-0.021168	4.650433
96.487153	8157.421176	8.122790	-0.021191	4.651872
96.411055	8162.494869	8.127795	-0.021173	4.653298
96.523787	8167.316176	8.132800	-0.021201	4.654660
96.623926	8172.133079	8.137805	-0.021225	4.656020
96.509929	8177.268088	8.142810	-0.021198	4.657460
96.484010	8182.373507	8.147814	-0.021192	4.658895
96.687828	8187.676614	8.152819	-0.021242	4.660395
96.897381	8192.796220	8.157824	-0.021292	4.661843
96.775914	8197.812058	8.162829	-0.021263	4.663247
96.735565	8202.687042	8.167834	-0.021254	4.664615
96.764663	8207.504021	8.172838	-0.021262	4.665969
96.869897	8212.607858	8.177843	-0.021287	4.667406
96.849375	8217.704470	8.182848	-0.021283	4.668836
96.964213	8222.707660	8.187853	-0.021310	4.670244
96.930351	8227.882860	8.192858	-0.021303	4.671694
96.989742	8232.875243	8.197862	-0.021317	4.673097
97.007968	8237.802931	8.202867	-0.021322	4.674479
97.069094	8242.554048	8.207872	-0.021337	4.675813
97.142584	8247.727094	8.212877	-0.021355	4.677265
97.031379	8252.799032	8.217882	-0.021329	4.678681
97.132483	8258.343629	8.222886	-0.021354	4.680238
97.290891	8263.423006	8.227891	-0.021392	4.681666
97.178605	8268.426184	8.232896	-0.021365	4.683061
97.320268	8273.373889	8.237901	-0.021400	4.684451
97.319279	8278.109921	8.242906	-0.021400	4.685776
97.318711	8283.279478	8.247910	-0.021400	4.687221
97.371903	8288.269439	8.252915	-0.021413	4.688617
97.330978	8293.364328	8.257920	-0.021404	4.690039
97.279774	8298.427622	8.262925	-0.021392	4.691451
97.448027	8303.485524	8.267930	-0.021433	4.692871
97.463562	8308.375287	8.272934	-0.021437	4.694236
97.609078	8313.191244	8.277939	-0.021472	4.695586
97.525257	8318.312373	8.282944	-0.021452	4.697011
97.534849	8323.367454	8.287949	-0.021455	4.698421
97.646632	8328.833401	8.292954	-0.021482	4.699950
97.677934	8333.783146	8.297958	-0.021490	4.701331
97.610171	8338.946220	8.302963	-0.021474	4.702767
97.709218	8343.766755	8.307968	-0.021498	4.704114
97.791442	8348.686492	8.312973	-0.021518	4.705487
97.789364	8353.653757	8.317978	-0.021518	4.706870
97.809041	8358.842552	8.322982	-0.021523	4.708314
97.841374	8363.890796	8.327987	-0.021531	4.709720
97.875753	8368.915559	8.332992	-0.021540	4.711119
97.938992	8373.962296	8.337997	-0.021556	4.712525
98.010946	8378.955362	8.343002	-0.021573	4.713916
98.086383	8383.689852	8.348006	-0.021592	4.715235
97.981681	8388.803853	8.353011	-0.021567	4.716651
98.218471	8393.816584	8.358016	-0.021624	4.718053
98.187590	8399.422190	8.363021	-0.021617	4.719608
98.179194	8404.511087	8.368026	-0.021615	4.721020
98.227685	8409.605589	8.373030	-0.021627	4.722436
98.322222	8414.574478	8.378035	-0.021650	4.723818
98.365781	8419.011789	8.383040	-0.021661	4.725050
98.274483	8424.038658	8.388045	-0.021640	4.726440
98.314270	8429.018643	8.393050	-0.021650	4.727822
98.353949	8434.222127	8.398054	-0.021660	4.729265
98.501387	8439.190632	8.403059	-0.021695	4.730647
98.379947	8444.320244	8.408064	-0.021667	4.732063
98.387342	8449.357132	8.413069	-0.021669	4.733457
98.479709	8454.078576	8.418074	-0.021691	4.734768
98.576923	8459.063625	8.423078	-0.021715	4.736151
98.588329	8464.156249	8.428083	-0.021718	4.737560
98.582426	8469.398569	8.433088	-0.021717	4.739009
98.600800	8474.684180	8.438093	-0.021722	4.740470
98.496764	8479.718973	8.443098	-0.021697	4.741858
98.736128	8484.783828	8.448102	-0.021755	4.743266
98.816286	8489.418605	8.453107	-0.021775	4.744549
98.813259	8494.456781	8.458112	-0.021774	4.745940
98.745617	8499.555475	8.463117	-0.021758	4.747345
98.788629	8504.694126	8.468122	-0.021769	4.748764
98.840175	8509.632746	8.473126	-0.021782	4.750129
99.014379	8514.805505	8.478131	-0.021824	4.751562
99.074329	8519.739087	8.483136	-0.021839	4.752924
99.019938	8524.582785	8.488141	-0.021826	4.754257
99.043623	8529.463160	8.493146	-0.021832	4.755603
99.032694	8534.599249	8.498150	-0.021830	4.757017
99.182199	8539.783205	8.503155	-0.021866	4.758450
99.099677	8545.263782	8.508160	-0.021847	4.759956
99.120168	8550.356996	8.513165	-0.021852	4.761358
99.232977	8555.397759	8.518170	-0.021879	4.762749
99.272429	8560.165463	8.523174	-0.021889	4.764062
99.237017	8565.102948	8.528179	-0.021881	4.765418
99.314775	8570.189394	8.533184	-0.021900	4.766820
99.433472	8575.213624	8.538189	-0.021929	4.768205
99.292590	8580.331699	8.543194	-0.021896	4.769605
99.463295	8585.308362	8.548198	-0.021937	4.770979
99.355576	8590.486110	8.553203	-0.021911	4.772396
99.584061	8595.276737	8.558208	-0.021967	4.773720
99.519760	8600.216914	8.563213	-0.021952	4.775073
99.478121	8605.211063	8.568218	-0.021942	4.776441
99.689061	8610.327156	8.573223	-0.021993	4.777852
99.687038	8615.725268	8.578227	-0.021993	4.779332
99.656503	8620.822573	8.583232	-0.021986	4.780728
99.712213	8625.848885	8.588237	-0.022000	4.782107
99.741636	8630.805104	8.593242	-0.022007	4.783466
99.813509	8635.591470	8.598247	-0.022025	4.784780
99.837861	8640.631032	8.603251	-0.022031	4.786160
99.816090	8645.708151	8.608256	-0.022026	4.787549
99.870500	8650.787537	8.613261	-0.022039	4.788941
99.979607	8655.896193	8.618266	-0.022066	4.790342
99.934090	8660.934240	8.623271	-0.022055	4.791718
99.963704	8666.003263	8.628275	-0.022063	4.793105
99.934851	8670.657981	8.633280	-0.022056	4.794376
99.926366	8673.732884	8.638285	-0.022055	4.795215
99.942207	8673.762664	8.643290	-0.022058	4.795224
99.938981	8673.753948	8.648295	-0.022058	4.795222
100.278655	8673.779955	8.653299	-0.022139	4.795242
100.127083	8673.744960	8.658304	-0.022103	4.795226
100.074288	8673.809400	8.663309	-0.022090	4.795242
99.976913	8673.808028	8.668314	-0.022067	4.795238
100.201861	8673.767667	8.673319	-0.022121	4.795235
100.032972	8673.809354	8.678323	-0.022080	4.795240
100.222445	8673.736202	8.683328	-0.022126	4.795228
100.108551	8673.731407	8.688333	-0.022099	4.795222
100.056581	8673.835730	8.693338	-0.022086	4.795249
100.168423	8673.701350	8.698343	-0.022113	4.795216
100.024957	8673.771508	8.703347	-0.022079	4.795230
100.012826	8673.704604	8.708352	-0.022076	4.795211
100.012860	8673.740005	8.713357	-0.022076	4.795221
100.223811	8673.756437	8.718362	-0.022126	4.795233
100.137531	8673.718101	8.723367	-0.022106	4.795219
100.140824	8673.731337	8.728371	-0.022107	4.795223
100.136199	8673.696532	8.733376	-0.022105	4.795214
99.930024	8673.758247	8.738381	-0.022056	4.795223
100.195372	8673.719138	8.743386	-0.022120	4.795222
100.098869	8673.699362	8.748391	-0.022097	4.795213
100.140700	8673.733536	8.753395	-0.022107	4.795224
100.279492	8673.701696	8.758400	-0.022140	4.795220
100.203756	8673.695038	8.763405	-0.022122	4.795216
100.149675	8673.764227	8.768410	-0.022109	4.795233
100.170703	8673.668726	8.773415	-0.022114	4.795207
100.198905	8673.758501	8.778419	-0.022121	4.795233
100.205462	8673.701575	8.783424	-0.022122	4.795218
100.258966	8673.675849	8.788429	-0.022135	4.795213
100.233501	8673.766211	8.793434	-0.022129	4.795236
100.257238	8673.717187	8.798439	-0.022135	4.795224
100.194873	8673.733815	8.803443	-0.022120	4.795226
100.185070	8673.726012	8.808448	-0.022118	4.795224
100.069088	8673.748934	8.813453	-0.022090	4.795225
100.204096	8673.719904	8.818458	-0.022122	4.795223
100.095988	8673.769160	8.823463	-0.022096	4.795232
100.219518	8673.764577	8.828467	-0.022126	4.795235
100.116566	8673.726268	8.833472	-0.022101	4.795221
100.235262	8673.723498	8.838477	-0.022130	4.795225
100.196495	8673.731139	8.843482	-0.022121	4.795225
100.136553	8673.726862	8.848487	-0.022106	4.795222
100.158534	8673.716936	8.853491	-0.022112	4.795220
100.210955	8673.731357	8.858496	-0.022124	4.795226
100.316607	8673.666402	8.863501	-0.022150	4.795212
100.289864	8673.738657	8.868506	-0.022143	4.795231
100.319459	8673.670536	8.873511	-0.022150	4.795214
100.287903	8673.706890	8.878515	-0.022143	4.795222
100.203845	8673.736811	8.883520	-0.022123	4.795227
100.217038	8673.721248	8.888525	-0.022126	4.795224
100.231256	8673.756966	8.893530	-0.022129	4.795234
100.127569	8673.717616	8.898535	-0.022105	4.795219
100.136344	8673.780373	8.903539	-0.022107	4.795237
100.291750	8673.737087	8.908544	-0.022144	4.795231
100.198660	8673.727121	8.913549	-0.022122	4.795224
100.209763	8673.779271	8.918554	-0.022124	4.795239
100.237958	8673.720487	8.923559	-0.022131	4.795224
100.233294	8673.780537	8.928563	-0.022130	4.795240
100.263702	8673.721446	8.933568	-0.022137	4.795225
100.275884	8673.711737	8.938573	-0.022140	4.795223
100.318894	8673.759461	8.943578	-0.022151	4.795238
100.217777	8673.685471	8.948583	-0.022127	4.795214
100.168859	8673.779085	8.953587	-0.022115	4.795238
100.281656	8673.761135	8.958592	-0.022142	4.795237
100.333735	8673.692182	8.963597	-0.022154	4.795220
100.122777	8673.757988	8.968602	-0.022104	4.795230
100.310684	8673.771903	8.973607	-0.022149	4.795241
100.216963	8673.790595	8.978611	-0.022127	4.795243
100.338920	8673.762232	8.983616	-0.022156	4.795239
100.253520	8673.708917	8.988621	-0.022135	4.795222
100.320000	8673.769386	8.993626	-0.022151	4.795241
100.218703	8673.717133	8.998631	-0.022127	4.795223
100.340004	8673.732287	9.003635	-0.022156	4.795231
100.178538	8673.743232	9.008640	-0.022118	4.795228
100.211263	8673.743244	9.013645	-0.022125	4.795229
100.351165	8673.785530	9.018650	-0.022159	4.795246
100.274697	8673.737833	9.023655	-0.022141	4.795230
100.355961	8673.766539	9.028659	-0.022160	4.795241
100.326906	8673.723694	9.033664	-0.022153	4.795229
100.390434	8673.698864	9.038669	-0.022168	4.795224
100.294755	8673.752110	9.043674	-0.022146	4.795235
100.319186	8673.732702	9.048679	-0.022151	4.795231
100.309351	8673.761472	9.053683	-0.022149	4.795238
100.340826	8673.681663	9.058688	-0.022157	4.795218
100.336471	8673.699388	9.063693	-0.022156	4.795222
100.398959	8673.737555	9.068698	-0.022171	4.795235
100.310836	8673.722329	9.073703	-0.022150	4.795228
100.306980	8673.808551	9.078707	-0.022149	4.795251
100.186851	8673.755482	9.083712	-0.022120	4.795232
100.337148	8673.749473	9.088717	-0.022156	4.795236
100.263409	8673.812247	9.093722	-0.022138	4.795250
100.205210	8673.778015	9.098727	-0.022125	4.795239
100.228344	8673.797641	9.103731	-0.022130	4.795245
100.131120	8673.836246	9.108736	-0.022107	4.795252
100.195529	8673.762154	9.113741	-0.022122	4.795234
100.225418	8673.801413	9.118746	-0.022130	4.795246
100.326481	8673.703954	9.123751	-0.022154	4.795223
100.260794	8673.817036	9.128755	-0.022138	4.795252
100.396116	8673.761679	9.133760	-0.022170	4.795242
100.309239	8673.774850	9.138765	-0.022150	4.795242
100.364367	8673.806038	9.143770	-0.022163	4.795253
100.397190	8673.721470	9.148775	-0.022171	4.795231
100.350404	8673.809075	9.153779	-0.022160	4.795253
100.287088	8673.802980	9.158784	-0.022145	4.795249
100.219355	8673.732359	9.163789	-0.022128	4.795227
100.233348	8673.769252	9.168794	-0.022132	4.795238
100.390414	8673.766875	9.173799	-0.022169	4.795243
100.397498	8673.789870	9.178803	-0.022171	4.795249
100.221549	8673.811966	9.183808	-0.022129	4.795249
100.398910	8673.730209	9.188813	-0.022172	4.795233
100.418027	8673.818959	9.193818	-0.022176	4.795258
100.300821	8673.808909	9.198823	-0.022148	4.795251
100.188427	8673.834761	9.203827	-0.022121	4.795254
100.365982	8673.754120	9.208832	-0.022164	4.795239
100.325023	8673.796348	9.213837	-0.022154	4.795249
100.294950	8673.784500	9.218842	-0.022147	4.795244
100.277491	8673.736618	9.223847	-0.022143	4.795230
100.403896	8673.765920	9.228851	-0.022173	4.795243
100.284742	8673.756141	9.233856	-0.022145	4.795236
100.206107	8673.724744	9.238861	-0.022126	4.795224
100.307793	8673.762045	9.243866	-0.022150	4.795239
100.308212	8673.769966	9.248871	-0.022150	4.795241
100.298016	8673.780501	9.253875	-0.022148	4.795243
100.328907	8673.812765	9.258880	-0.022155	4.795253
100.328316	8673.720262	9.263885	-0.022155	4.795228
100.471526	8673.782659	9.268890	-0.022189	4.795250
100.434962	8673.723714	9.273895	-0.022181	4.795233
100.281432	8673.824981	9.278899	-0.022144	4.795255
100.270302	8673.855073	9.283904	-0.022141	4.795263
100.221574	8673.825241	9.288909	-0.022130	4.795253
100.266225	8673.838455	9.293914	-0.022141	4.795258
100.310337	8673.750037	9.298919	-0.022151	4.795235
100.281181	8673.839768	9.303923	-0.022144	4.795259
100.284850	8673.791242	9.308928	-0.022145	4.795246
100.386742	8673.719951	9.313933	-0.022170	4.795230
100.311652	8673.802340	9.318938	-0.022152	4.795250
100.313673	8673.739186	9.323943	-0.022152	4.795233
100.337639	8673.774696	9.328947	-0.022158	4.795243
100.283309	8673.723929	9.333952	-0.022145	4.795227
100.365112	8673.757131	9.338957	-0.022165	4.795239
100.504219	8673.764102	9.343962	-0.022198	4.795247
100.414320	8673.719410	9.348967	-0.022176	4.795231
100.348058	8673.743435	9.353971	-0.022161	4.795235
100.407355	8673.746618	9.358976	-0.022175	4.795238
100.240481	8673.702318	9.363981	-0.022135	4.795220
100.398121	8673.689576	9.368986	-0.022173	4.795222
100.331860	8673.709030	9.373991	-0.022157	4.795225
100.422400	8673.715880	9.378995	-0.022179	4.795230
100.316545	8673.732826	9.384000	-0.022153	4.795231
100.340865	8673.711148	9.389005	-0.022159	4.795226
100.375005	8673.752103	9.394010	-0.022167	4.795239
100.372073	8673.715920	9.399015	-0.022167	4.795229
100.433408	8673.724535	9.404019	-0.022181	4.795233
100.375941	8673.763339	9.409024	-0.022168	4.795242
100.221881	8673.696691	9.414029	-0.022131	4.795218
100.419558	8673.738964	9.419034	-0.022178	4.795237
100.340927	8673.693853	9.424039	-0.022159	4.795221
100.282484	8673.825357	9.429043	-0.022145	4.795255
100.399342	8673.729135	9.434048	-0.022173	4.795233
100.361585	8673.767491	9.439053	-0.022164	4.795242
100.396144	8673.673541	9.444058	-0.022173	4.795218
100.419256	8673.734311	9.449063	-0.022178	4.795235
100.427252	8673.708040	9.454067	-0.022180	4.795229
100.480029	8673.761267	9.459072	-0.022193	4.795245
100.421757	8673.695047	9.464077	-0.022179	4.795225
100.451393	8673.693202	9.469082	-0.022186	4.795225
100.359983	8673.692146	9.474087	-0.022164	4.795222
100.332535	8673.764498	9.479091	-0.022158	4.795240
100.286918	8673.730807	9.484096	-0.022147	4.795229
100.319909	8673.730782	9.489101	-0.022155	4.795231
100.394640	8673.750109	9.494106	-0.022173	4.795239
100.272177	8673.724790	9.499111	-0.022143	4.795227
100.389604	8673.735910	9.504115	-0.022172	4.795235
100.343746	8673.759391	9.509120	-0.022161	4.795239
100.341295	8673.816849	9.514125	-0.022160	4.795255
100.440314	8673.839665	9.519130	-0.022184	4.795265
100.334228	8673.809788	9.524135	-0.022158	4.795253
100.467134	8673.821048	9.529139	-0.022190	4.795261
100.510317	8673.735043	9.534144	-0.022201	4.795239
100.437440	8673.747415	9.539149	-0.022183	4.795240
100.346918	8673.843372	9.544154	-0.022162	4.795263
100.357981	8673.757251	9.549159	-0.022164	4.795239
100.345754	8673.772640	9.554163	-0.022161	4.795243
100.447026	8673.829426	9.559168	-0.022186	4.795263
100.363626	8673.707267	9.564173	-0.022166	4.795226
100.499319	8673.742138	9.569178	-0.022198	4.795241
100.395354	8673.713110	9.574183	-0.022173	4.795229
100.332863	8673.741183	9.579187	-0.022159	4.795234
100.340026	8673.772167	9.584192	-0.022160	4.795243
100.395743	8673.779275	9.589197	-0.022174	4.795247
100.568764	8673.789542	9.594202	-0.022215	4.795256
100.399074	8673.749060	9.599207	-0.022175	4.795239
100.520730	8673.769879	9.604211	-0.022204	4.795249
100.420402	8673.820341	9.609216	-0.022180	4.795259
100.371216	8673.754004	9.614221	-0.022168	4.795239
100.340852	8673.792478	9.619226	-0.022161	4.795249
100.392110	8673.744208	9.624231	-0.022173	4.795237
100.363823	8673.828105	9.629235	-0.022166	4.795259
100.452407	8673.759803	9.634240	-0.022188	4.795244
100.519005	8673.729976	9.639245	-0.022203	4.795238
100.332498	8673.798104	9.644250	-0.022159	4.795250
100.368729	8673.738205	9.649255	-0.022168	4.795235
100.374215	8673.716854	9.654259	-0.022169	4.795229
100.273587	8673.745645	9.659264	-0.022145	4.795233
100.440540	8673.727041	9.664269	-0.022185	4.795234
100.438207	8673.766198	9.669274	-0.022184	4.795245
100.330525	8673.755971	9.674279	-0.022159	4.795238
100.256076	8673.807415	9.679283	-0.022141	4.795249
100.430715	8673.761462	9.684288	-0.022183	4.795244
100.298412	8673.735221	9.689293	-0.022151	4.795231
100.340356	8673.768238	9.694298	-0.022161	4.795242
100.275229	8673.746395	9.699303	-0.022146	4.795234
100.314968	8673.719150	9.704307	-0.022155	4.795228
100.411504	8673.618890	9.709312	-0.022178	4.795204
100.416791	8673.750698	9.714317	-0.022180	4.795240
100.370684	8673.755929	9.719322	-0.022169	4.795240
100.358391	8673.685618	9.724327	-0.022166	4.795220
100.370495	8673.765056	9.729331	-0.022169	4.795242
100.438992	8673.726966	9.734336	-0.022185	4.795234
100.528993	8673.692751	9.739341	-0.022207	4.795229
100.481303	8673.739341	9.744346	-0.022195	4.795239
100.515232	8673.668334	9.749351	-0.022203	4.795221
100.412162	8673.682608	9.754355	-0.022179	4.795221
100.472707	8673.709616	9.759360	-0.022193	4.795231
100.505230	8673.668516	9.764365	-0.022201	4.795221
100.548768	8673.759594	9.769370	-0.022212	4.795248
100.399202	8673.732319	9.774375	-0.022176	4.795234
100.450689	8673.735443	9.779379	-0.022188	4.795237
100.431239	8673.730120	9.784384	-0.022184	4.795235
100.243869	8673.750372	9.789389	-0.022139	4.795234
100.418177	8673.720463	9.794394	-0.022180	4.795232
100.302058	8673.725119	9.799399	-0.022153	4.795229
100.382241	8673.718548	9.804403	-0.022172	4.795230
100.331373	8673.786150	9.809408	-0.022160	4.795247
100.389437	8673.720937	9.814413	-0.022174	4.795231
100.438901	8673.768910	9.819418	-0.022186	4.795246
100.500491	8673.744349	9.824423	-0.022200	4.795242
100.502162	8673.796664	9.829427	-0.022201	4.795256
100.485933	8673.760040	9.834432	-0.022197	4.795245
100.540333	8673.706763	9.839437	-0.022210	4.795233
100.526367	8673.739534	9.844442	-0.022207	4.795241
100.393992	8673.715590	9.849447	-0.022175	4.795230
100.428307	8673.722238	9.854451	-0.022183	4.795233
100.553216	8673.775746	9.859456	-0.022213	4.795252
100.379825	8673.766632	9.864461	-0.022172	4.795243
100.489552	8673.749108	9.869466	-0.022198	4.795243
100.454783	8673.686485	9.874471	-0.022190	4.795224
100.375182	8673.782070	9.879475	-0.022171	4.795247
100.441040	8673.772916	9.884480	-0.022187	4.795247
100.361726	8673.759896	9.889485	-0.022168	4.795241
100.365294	8673.776522	9.894490	-0.022169	4.795245
100.434816	8673.757718	9.899495	-0.022185	4.795243
100.453344	8673.767698	9.904499	-0.022190	4.795246
100.387400	8673.819106	9.909504	-0.022174	4.795258
100.429576	8673.754954	9.914509	-0.022184	4.795242
100.369095	8673.814746	9.919514	-0.022170	4.795256
100.285403	8673.781764	9.924519	-0.022150	4.795244
100.437726	8673.817757	9.929523	-0.022186	4.795259
100.354107	8673.780194	9.934528	-0.022166	4.795246
100.429208	8673.753759	9.939533	-0.022184	4.795242
100.471350	8673.806176	9.944538	-0.022194	4.795258
100.448375	8673.723633	9.949543	-0.022189	4.795234
100.500627	8673.756362	9.954547	-0.022201	4.795245
100.381733	8673.800258	9.959552	-0.022173	4.795253
100.508886	8673.751747	9.964557	-0.022203	4.795244
100.465363	8673.771476	9.969562	-0.022193	4.795248
100.388901	8673.737491	9.974567	-0.022175	4.795236
100.462171	8673.767306	9.979571	-0.022192	4.795247
100.341103	8673.814931	9.984576	-0.022163	4.795255
100.283549	8673.803465	9.989581	-0.022150	4.795250
100.485340	8673.798315	9.994586	-0.022198	4.795256
100.363702	8673.740883	9.999591	-0.022169	4.795236
100.447624	8673.748650	10.004595	-0.022189	4.795241
100.389654	8673.764669	10.009600	-0.022175	4.795243
100.315673	8673.819477	10.014605	-0.022158	4.795255
100.385346	8673.806365	10.019610	-0.022174	4.795254
100.328986	8673.825589	10.024615	-0.022161	4.795258
100.323124	8673.765814	10.029619	-0.022159	4.795241
100.412235	8673.776290	10.034624	-0.022181	4.795247
100.397900	8673.749688	10.039629	-0.022177	4.795239
100.366594	8673.768865	10.044634	-0.022170	4.795244
100.402544	8673.758145	10.049639	-0.022179	4.795242
100.364370	8673.763418	10.054643	-0.022169	4.795242
100.316515	8673.812317	10.059648	-0.022158	4.795254
100.446177	8673.692607	10.064653	-0.022189	4.795226
100.435371	8673.766080	10.069658	-0.022187	4.795245
100.383987	8673.751473	10.074663	-0.022174	4.795239
100.415534	8673.735649	10.079667	-0.022182	4.795236
100.347588	8673.763336	10.084672	-0.022166	4.795241
100.230703	8673.770384	10.089677	-0.022138	4.795239
100.403122	8673.783019	10.094682	-0.022179	4.795249
100.332202	8673.729982	10.099687	-0.022162	4.795232
100.340103	8673.816859	10.104691	-0.022164	4.795256
100.478891	8673.698169	10.109696	-0.022197	4.795229
100.384417	8673.710107	10.114701	-0.022175	4.795228
100.451595	8673.753338	10.119706	-0.022191	4.795243
100.402615	8673.748682	10.124711	-0.022179	4.795239
100.349072	8673.758373	10.129715	-0.022166	4.795240
100.460366	8673.786343	10.134720	-0.022193	4.795252
100.574072	8673.691701	10.139725	-0.022220	4.795230
100.450286	8673.760273	10.144730	-0.022191	4.795244
100.295287	8673.764607	10.149735	-0.022154	4.795240
100.340164	8673.740078	10.154739	-0.022164	4.795235
100.403571	8673.776974	10.159744	-0.022180	4.795247
100.395321	8673.756385	10.164749	-0.022178	4.795241
100.528863	8673.757271	10.169754	-0.022210	4.795247
100.430762	8673.727430	10.174759	-0.022186	4.795235
100.563037	8673.733063	10.179763	-0.022218	4.795241
100.300670	8673.788856	10.184768	-0.022155	4.795247
100.340660	8673.703295	10.189773	-0.022165	4.795225
100.428053	8673.766578	10.194778	-0.022186	4.795245
100.414441	8673.741018	10.199783	-0.022182	4.795238
100.436117	8673.729992	10.204787	-0.022188	4.795236
100.572328	8673.769362	10.209792	-0.022220	4.795252
100.402329	8673.704924	10.214797	-0.022180	4.795228
100.387512	8673.754955	10.219802	-0.022176	4.795241
100.515869	8673.635425	10.224807	-0.022207	4.795213
100.412442	8673.682889	10.229811	-0.022182	4.795222
100.333188	8673.709859	10.234816	-0.022163	4.795226
100.418259	8673.658043	10.239821	-0.022184	4.795215
100.401664	8673.823741	10.244826	-0.022180	4.795260
100.432642	8673.698290	10.249831	-0.022187	4.795227
100.453334	8673.703399	10.254835	-0.022192	4.795229
100.335759	8673.735683	10.259840	-0.022164	4.795234
100.318245	8673.732378	10.264845	-0.022160	4.795232
100.372487	8673.763689	10.269850	-0.022173	4.795243
100.571014	8673.725850	10.274855	-0.022220	4.795240
100.359501	8673.771162	10.279859	-0.022170	4.795244
100.378741	8673.790186	10.284864	-0.022175	4.795250
100.416094	8673.727846	10.289869	-0.022184	4.795234
100.308923	8673.783829	10.294874	-0.022158	4.795246
100.362501	8673.747808	10.299879	-0.022171	4.795238
100.377924	8673.778789	10.304883	-0.022174	4.795247
100.510150	8673.711290	10.309888	-0.022206	4.795234
100.245018	8673.735470	10.314893	-0.022143	4.795230
100.427432	8673.774146	10.319898	-0.022186	4.795248
100.340653	8673.695881	10.324903	-0.022166	4.795223
100.291044	8673.783878	10.329907	-0.022154	4.795245
100.293152	8673.770994	10.334912	-0.022154	4.795242
100.378518	8673.720280	10.339917	-0.022175	4.795231
100.515918	8673.742343	10.344922	-0.022208	4.795242
100.264745	8673.770301	10.349927	-0.022148	4.795240
100.353798	8673.733931	10.354931	-0.022169	4.795234
100.339922	8673.740406	10.359936	-0.022166	4.795235
100.471030	8673.660492	10.364941	-0.022197	4.795218
100.535272	8673.704130	10.369946	-0.022213	4.795233
100.434323	8673.682683	10.374951	-0.022188	4.795223
100.422220	8673.693483	10.379955	-0.022186	4.795225
100.336417	8673.760216	10.384960	-0.022165	4.795240
100.437409	8673.663909	10.389965	-0.022189	4.795218
100.393397	8673.754558	10.394970	-0.022179	4.795241
100.457472	8673.704510	10.399975	-0.022194	4.795230
100.396300	8673.651264	10.404979	-0.022180	4.795213
100.500527	8673.647073	10.409984	-0.022205	4.795216
100.311903	8673.669784	10.414989	-0.022159	4.795215
100.407943	8673.729581	10.419994	-0.022182	4.795235
100.277284	8673.764823	10.424999	-0.022151	4.795239
100.402457	8673.756585	10.430003	-0.022181	4.795242
100.196180	8673.786315	10.435008	-0.022132	4.795242
100.425629	8673.697333	10.440013	-0.022187	4.795227
100.474653	8673.754509	10.445018	-0.022199	4.795244
100.481211	8673.727295	10.450023	-0.022200	4.795237
100.432354	8673.787761	10.455027	-0.022189	4.795252
100.424398	8673.740847	10.460032	-0.022187	4.795239
100.496727	8673.707940	10.465037	-0.022204	4.795232
100.534433	8673.763257	10.470042	-0.022213	4.795249
100.530189	8673.714685	10.475047	-0.022212	4.795235
100.516985	8673.757636	10.480051	-0.022209	4.795247
100.458336	8673.725752	10.485056	-0.022195	4.795236
100.344445	8673.747240	10.490061	-0.022168	4.795237
100.361963	8673.793930	10.495066	-0.022172	4.795251
100.444878	8673.721842	10.500071	-0.022192	4.795234
100.303129	8673.744909	10.505075	-0.022158	4.795235
100.400772	8673.729061	10.510080	-0.022181	4.795234
100.438181	8673.719281	10.515085	-0.022190	4.795233
100.375544	8673.724519	10.520090	-0.022175	4.795232
100.302163	8673.784957	10.525095	-0.022158	4.795246
100.327794	8673.776811	10.530099	-0.022164	4.795245
100.334766	8673.766681	10.535104	-0.022166	4.795242
100.483250	8673.683214	10.540109	-0.022201	4.795225
100.336758	8673.745793	10.545114	-0.022166	4.795237
100.412390	8673.715856	10.550119	-0.022184	4.795231
100.413449	8673.768256	10.555123	-0.022185	4.795246
100.346954	8673.752317	10.560128	-0.022169	4.795239
100.341359	8673.686791	10.565133	-0.022168	4.795221
100.443313	8673.748054	10.570138	-0.022192	4.795241
100.253030	8673.758424	10.575143	-0.022147	4.795237
100.436751	8673.721496	10.580147	-0.022191	4.795234
100.460530	8673.736462	10.585152	-0.022196	4.795239
100.309014	8673.750598	10.590157	-0.022160	4.795237
100.445971	8673.753295	10.595162	-0.022193	4.795243
100.440362	8673.768909	10.600167	-0.022192	4.795247
100.546043	8673.745089	10.605171	-0.022217	4.795244
100.429978	8673.773736	10.610176	-0.022189	4.795248
100.386941	8673.805968	10.615181	-0.022179	4.795255
100.481732	8673.816800	10.620186	-0.022202	4.795262
100.285142	8673.777762	10.625191	-0.022155	4.795244
100.438410	8673.790768	10.630195	-0.022191	4.795253
100.379167	8673.803535	10.635200	-0.022177	4.795254
100.456230	8673.763114	10.640205	-0.022196	4.795246
100.434679	8673.756940	10.645210	-0.022190	4.795244
100.412919	8673.738225	10.650215	-0.022185	4.795238
100.346637	8673.757681	10.655219	-0.022170	4.795240
100.559374	8673.769297	10.660224	-0.022220	4.795252
100.395061	8673.718927	10.665229	-0.022181	4.795232
100.532831	8673.764937	10.670234	-0.022214	4.795249
100.575603	8673.720130	10.675239	-0.022224	4.795239
100.383960	8673.711262	10.680243	-0.022179	4.795229
100.386621	8673.725728	10.685248	-0.022179	4.795233
100.370234	8673.740551	10.690253	-0.022175	4.795237
100.354508	8673.726712	10.695258	-0.022172	4.795232
100.537144	8673.704790	10.700263	-0.022215	4.795233
100.418087	8673.712139	10.705267	-0.022187	4.795231
100.429792	8673.727637	10.710272	-0.022190	4.795235
100.334457	8673.688270	10.715277	-0.022167	4.795221
100.389362	8673.682920	10.720282	-0.022180	4.795222
100.442344	8673.699550	10.725287	-0.022193	4.795228
100.573493	8673.722481	10.730291	-0.022224	4.795239
100.484867	8673.751893	10.735296	-0.022203	4.795244
100.453192	8673.709411	10.740301	-0.022196	4.795231
100.322777	8673.711479	10.745306	-0.022164	4.795227
100.426127	8673.675412	10.750311	-0.022189	4.795221
100.531089	8673.736258	10.755315	-0.022214	4.795242
100.439721	8673.762622	10.760320	-0.022193	4.795245
100.366601	8673.737316	10.765325	-0.022175	4.795236
100.552004	8673.736724	10.770330	-0.022219	4.795243
100.459067	8673.725594	10.775335	-0.022197	4.795236
100.473678	8673.740688	10.780339	-0.022201	4.795241
100.478961	8673.714794	10.785344	-0.022202	4.795234
100.540189	8673.675426	10.790349	-0.022217	4.795225
100.454677	8673.723834	10.795354	-0.022196	4.795235
100.504290	8673.687220	10.800359	-0.022208	4.795227
100.497047	8673.708774	10.805363	-0.022207	4.795233
100.531140	8673.774878	10.810368	-0.022215	4.795252
100.435852	8673.745789	10.815373	-0.022192	4.795241
100.390053	8673.776119	10.820378	-0.022181	4.795247
100.462693	8673.728312	10.825383	-0.022198	4.795237
100.370190	8673.731978	10.830387	-0.022176	4.795234
100.309397	8673.811241	10.835392	-0.022162	4.795254
100.576026	8673.714818	10.840397	-0.022226	4.795238
100.556881	8673.714024	10.845402	-0.022221	4.795237
100.394104	8673.706866	10.850407	-0.022182	4.795229
100.292078	8673.706139	10.855411	-0.022158	4.795224
100.428961	8673.753416	10.860416	-0.022191	4.795243
100.318910	8673.718375	10.865421	-0.022164	4.795229
100.260334	8673.782474	10.870426	-0.022150	4.795244
100.415952	8673.748301	10.875431	-0.022188	4.795241
100.505528	8673.740428	10.880435	-0.022209	4.795242
100.522060	8673.741543	10.885440	-0.022213	4.795243
100.534033	8673.715864	10.890445	-0.022216	4.795236
100.404442	8673.723531	10.895450	-0.022185	4.795234
100.423329	8673.695749	10.900455	-0.022190	4.795227
100.417980	8673.727326	10.905459	-0.022188	4.795235
100.514903	8673.697864	10.910464	-0.022212	4.795231
100.549384	8673.694204	10.915469	-0.022220	4.795231
100.572870	8673.765207	10.920474	-0.022226	4.795251
100.630011	8673.718407	10.925479	-0.022239	4.795241
100.567692	8673.716744	10.930483	-0.022224	4.795238
100.463894	8673.809971	10.935488	-0.022200	4.795259
100.475696	8673.707748	10.940493	-0.022202	4.795232
100.408603	8673.782171	10.945498	-0.022186	4.795250
100.571746	8673.713814	10.950503	-0.022225	4.795237
100.485842	8673.711993	10.955507	-0.022205	4.795234
100.575514	8673.754390	10.960512	-0.022226	4.795249
100.339069	8673.702595	10.965517	-0.022170	4.795225
100.290339	8673.780185	10.970522	-0.022158	4.795245
100.331013	8673.729955	10.975527	-0.022168	4.795233
100.637355	8673.713733	10.980531	-0.022241	4.795240
100.551803	8673.762146	10.985536	-0.022221	4.795250
100.418875	8673.677710	10.990541	-0.022189	4.795222
100.478266	8673.709450	10.995546	-0.022203	4.795233
100.402868	8673.765597	11.000551	-0.022185	4.795245
100.496608	8673.710293	11.005555	-0.022208	4.795234
100.537042	8673.709236	11.010560	-0.022218	4.795235
100.357337	8673.673571	11.015565	-0.022175	4.795218
100.428490	8673.721964	11.020570	-0.022192	4.795234
100.504944	8673.741052	11.025575	-0.022210	4.795242
100.439114	8673.719306	11.030579	-0.022194	4.795234
100.486106	8673.747052	11.035584	-0.022206	4.795243
100.405358	8673.723946	11.040589	-0.022186	4.795234
100.527405	8673.733283	11.045594	-0.022216	4.795241
100.432557	8673.704134	11.050599	-0.022193	4.795229
100.510661	8673.661284	11.055603	-0.022212	4.795221
100.351165	8673.764520	11.060608	-0.022173	4.795243
100.376501	8673.719846	11.065613	-0.022180	4.795232
100.367816	8673.724458	11.070618	-0.022178	4.795233
100.487430	8673.754702	11.075623	-0.022206	4.795245
100.474423	8673.718774	11.080627	-0.022203	4.795235
100.522172	8673.739558	11.085632	-0.022215	4.795243
100.414827	8673.695000	11.090637	-0.022189	4.795226
100.452335	8673.660065	11.095642	-0.022198	4.795218
100.344254	8673.721888	11.100647	-0.022172	4.795231
100.533968	8673.693270	11.105651	-0.022218	4.795230
100.602544	8673.803732	11.110656	-0.022234	4.795263
100.441592	8673.763179	11.115661	-0.022195	4.795246
100.479868	8673.753279	11.120666	-0.022205	4.795245
100.452268	8673.790227	11.125671	-0.022198	4.795254
100.538757	8673.702788	11.130675	-0.022219	4.795233
100.612882	8673.733627	11.135680	-0.022237	4.795244
100.346152	8673.715745	11.140685	-0.022173	4.795229
100.455280	8673.692590	11.145690	-0.022199	4.795227
100.503297	8673.738478	11.150695	-0.022211	4.795242
100.402281	8673.769609	11.155699	-0.022186	4.795246
100.504673	8673.731389	11.160704	-0.022211	4.795240
100.464975	8673.749445	11.165709	-0.022201	4.795243
100.389236	8673.716502	11.170714	-0.022183	4.795231
100.360074	8673.725097	11.175719	-0.022176	4.795233
100.496162	8673.702775	11.180723	-0.022209	4.795232
100.531309	8673.755019	11.185728	-0.022217	4.795247
100.452156	8673.715693	11.190733	-0.022199	4.795234
100.431618	8673.732234	11.195738	-0.022194	4.795237
100.451820	8673.740839	11.200743	-0.022199	4.795240
100.382550	8673.761853	11.205747	-0.022182	4.795244
100.503857	8673.791863	11.210752	-0.022211	4.795256
100.454004	8673.702763	11.215757	-0.022199	4.795230
100.555114	8673.757286	11.220762	-0.022223	4.795249
100.402486	8673.776147	11.225767	-0.022187	4.795248
100.447441	8673.761893	11.230771	-0.022198	4.795246
100.414015	8673.776793	11.235776	-0.022190	4.795249
100.528395	8673.716341	11.240781	-0.022217	4.795237
100.523053	8673.760487	11.245786	-0.022216	4.795249
100.417392	8673.741979	11.250791	-0.022191	4.795239
100.478504	8673.712913	11.255795	-0.022205	4.795234
100.568007	8673.741619	11.260800	-0.022227	4.795245
100.413887	8673.670408	11.265805	-0.022190	4.795220
100.591184	8673.699509	11.270810	-0.022232	4.795234
100.503219	8673.771113	11.275815	-0.022211	4.795251
100.524897	8673.717803	11.280819	-0.022217	4.795237
100.511225	8673.758533	11.285824	-0.022213	4.795248
100.561990	8673.720617	11.290829	-0.022226	4.795239
100.446353	8673.749204	11.295834	-0.022198	4.795243
100.452994	8673.749405	11.300839	-0.022200	4.795243
100.481224	8673.747755	11.305843	-0.022206	4.795244
100.481662	8673.760244	11.310848	-0.022206	4.795247
100.517556	8673.700392	11.315853	-0.022215	4.795232
100.417175	8673.726863	11.320858	-0.022191	4.795235
100.485948	8673.720733	11.325863	-0.022208	4.795236
100.455330	8673.687247	11.330867	-0.022200	4.795226
100.479283	8673.766184	11.335872	-0.022206	4.795249
100.428069	8673.764124	11.340877	-0.022194	4.795246
100.516455	8673.708420	11.345882	-0.022215	4.795234
100.480828	8673.719054	11.350887	-0.022207	4.795236
100.487669	8673.668945	11.355891	-0.022208	4.795222
100.556358	8673.738250	11.360896	-0.022225	4.795244
100.378310	8673.718354	11.365901	-0.022182	4.795232
100.264265	8673.776432	11.370906	-0.022155	4.795243
100.430396	8673.777370	11.375911	-0.022195	4.795250
100.520140	8673.715763	11.380915	-0.022216	4.795236
100.505897	8673.756573	11.385920	-0.022213	4.795247
100.545780	8673.656170	11.390925	-0.022222	4.795221
100.353526	8673.779949	11.395930	-0.022176	4.795248
100.428154	8673.767292	11.400935	-0.022194	4.795247
100.554215	8673.722362	11.405939	-0.022225	4.795239
100.551700	8673.722690	11.410944	-0.022224	4.795239
100.520431	8673.719007	11.415949	-0.022216	4.795237
100.492539	8673.676000	11.420954	-0.022210	4.795224
100.492652	8673.752530	11.425959	-0.022210	4.795245
100.511792	8673.696144	11.430963	-0.022215	4.795231
100.415664	8673.751738	11.435968	-0.022192	4.795242
100.344746	8673.727270	11.440973	-0.022175	4.795233
100.412687	8673.776108	11.445978	-0.022191	4.795249
100.347492	8673.774844	11.450983	-0.022175	4.795246
100.410650	8673.759207	11.455987	-0.022191	4.795244
100.525042	8673.758178	11.460992	-0.022218	4.795248
100.255348	8673.729280	11.465997	-0.022153	4.795230
100.356822	8673.757468	11.471002	-0.022178	4.795242
100.471651	8673.764378	11.476007	-0.022205	4.795248
100.384264	8673.811903	11.481011	-0.022184	4.795258
100.547567	8673.718382	11.486016	-0.022223	4.795238
100.632873	8673.699674	11.491021	-0.022244	4.795236
100.520905	8673.701468	11.496026	-0.022217	4.795233
100.559000	8673.681308	11.501031	-0.022226	4.795229
100.497232	8673.679569	11.506035	-0.022212	4.795226
100.557783	8673.686007	11.511040	-0.022226	4.795230
100.447520	8673.678422	11.516045	-0.022200	4.795224
100.455378	8673.704739	11.521050	-0.022202	4.795231
100.487017	8673.722043	11.526055	-0.022209	4.795237
100.441658	8673.680316	11.531059	-0.022198	4.795224
100.327732	8673.781804	11.536064	-0.022171	4.795247
100.387846	8673.749448	11.541069	-0.022186	4.795241
100.513073	8673.729774	11.546074	-0.022216	4.795240
100.390255	8673.765071	11.551079	-0.022186	4.795245
100.641751	8673.675318	11.556083	-0.022247	4.795230
100.457094	8673.728334	11.561088	-0.022202	4.795238
100.518669	8673.685490	11.566093	-0.022217	4.795228
100.559356	8673.660399	11.571098	-0.022227	4.795223
100.496881	8673.703326	11.576103	-0.022212	4.795232
100.435750	8673.684357	11.581107	-0.022197	4.795225
100.424098	8673.720236	11.586112	-0.022195	4.795234
100.469117	8673.664832	11.591117	-0.022205	4.795221
100.365881	8673.688271	11.596122	-0.022181	4.795223
100.364336	8673.753603	11.601127	-0.022180	4.795241
100.407302	8673.675628	11.606131	-0.022191	4.795221
100.425006	8673.781716	11.611136	-0.022195	4.795251
100.458559	8673.676478	11.616141	-0.022203	4.795224
100.411629	8673.769817	11.621146	-0.022192	4.795247
100.452302	8673.755013	11.626151	-0.022202	4.795245
100.516286	8673.739262	11.631155	-0.022217	4.795243
100.459288	8673.742575	11.636160	-0.022203	4.795242
100.479427	8673.686051	11.641165	-0.022208	4.795227
100.463031	8671.691983	11.646170	-0.022204	4.794682
100.301189	8666.971945	11.651175	-0.022165	4.793386
100.390458	8662.002484	11.656179	-0.022186	4.792031
100.362345	8656.952548	11.661184	-0.022179	4.790649
100.245676	8651.891301	11.666189	-0.022151	4.789260
100.133492	8646.765895	11.671194	-0.022124	4.787854
100.351203	8641.752268	11.676199	-0.022176	4.786490
100.125938	8636.622842	11.681203	-0.022121	4.785077
100.341955	8631.818631	11.686208	-0.022173	4.783770
100.191613	8626.902818	11.691213	-0.022136	4.782418
100.075990	8621.885590	11.696218	-0.022108	4.781039
100.158174	8616.811355	11.701223	-0.022128	4.779652
100.150909	8611.365098	11.706227	-0.022126	4.778158
100.164932	8606.374037	11.711232	-0.022129	4.776790
99.995043	8601.220213	11.716237	-0.022088	4.775370
99.928039	8596.339054	11.721242	-0.022071	4.774028
99.974216	8591.538882	11.726247	-0.022082	4.772713
99.834914	8586.498966	11.731251	-0.022049	4.771324
99.848544	8581.387818	11.736256	-0.022051	4.769921
99.912596	8576.318774	11.741261	-0.022066	4.768531
99.790001	8571.194653	11.746266	-0.022037	4.767118
99.887221	8566.097756	11.751271	-0.022060	4.765721
99.900206	8561.131206	11.756275	-0.022062	4.764356
99.854808	8556.492180	11.761280	-0.022051	4.763078
99.814673	8551.408832	11.766285	-0.022041	4.761679
99.566652	8546.333845	11.771290	-0.021982	4.760272
99.528272	8541.075247	11.776295	-0.021972	4.758823
99.672744	8535.672050	11.781299	-0.022006	4.757341
99.680584	8530.626579	11.786304	-0.022008	4.755952
99.572500	8525.530001	11.791309	-0.021982	4.754544
99.694251	8520.883559	11.796314	-0.022011	4.753268
99.753257	8515.809044	11.801319	-0.022024	4.751872
99.658905	8510.793036	11.806323	-0.022002	4.750485
99.435592	8505.715503	11.811328	-0.021948	4.749076
99.402635	8500.665439	11.816333	-0.021940	4.747681
99.362059	8495.487888	11.821338	-0.021930	4.746251
99.478477	8490.535867	11.826343	-0.021957	4.744888
99.564215	8485.747902	11.831347	-0.021977	4.743569
99.455559	8480.859245	11.836352	-0.021951	4.742215
99.486629	8475.671713	11.841357	-0.021958	4.740783
99.334506	8470.608145	11.846362	-0.021921	4.739377
99.377390	8465.161201	11.851367	-0.021931	4.737873
99.441741	8460.147433	11.856371	-0.021946	4.736489
99.329046	8455.058017	11.861376	-0.021919	4.735077
99.234176	8450.343227	11.866381	-0.021896	4.733768
99.095168	8445.373390	11.871386	-0.021862	4.732387
99.287657	8440.311898	11.876391	-0.021908	4.730993
99.106639	8435.238404	11.881395	-0.021865	4.729581
99.032252	8430.189305	11.886400	-0.021846	4.728179
99.041293	8425.081164	11.891405	-0.021848	4.726764
98.975868	8420.107001	11.896410	-0.021832	4.725382
99.057406	8414.972192	11.901415	-0.021851	4.723962
99.021820	8409.985396	11.906419	-0.021843	4.722577
99.023297	8405.008167	11.911424	-0.021843	4.721196
98.883291	8399.831480	11.916429	-0.021809	4.719754
98.918327	8394.302512	11.921434	-0.021817	4.718221
98.973302	8389.171439	11.926439	-0.021830	4.716798
98.977048	8384.176379	11.931443	-0.021830	4.715410
98.919458	8379.322091	11.936448	-0.021816	4.714059
98.809600	8374.394898	11.941453	-0.021790	4.712685
98.725845	8369.237430	11.946458	-0.021769	4.711248
98.712084	8364.303605	11.951463	-0.021766	4.709875
98.699512	8359.150005	11.956467	-0.021762	4.708441
98.609041	8354.181071	11.961472	-0.021740	4.707054
98.667878	8349.057056	11.966477	-0.021754	4.705631
98.752389	8344.175171	11.971482	-0.021774	4.704275
98.615149	8339.331896	11.976487	-0.021741	4.702920
98.495078	8334.254480	11.981491	-0.021712	4.701500
98.640826	8329.255795	11.986496	-0.021746	4.700113
98.625550	8323.765081	11.991501	-0.021742	4.698582
98.456121	8318.775846	11.996506	-0.021701	4.697184
98.503551	8313.573580	12.001511	-0.021712	4.695734
98.409374	8308.823502	12.006515	-0.021690	4.694405
98.344974	8303.930576	12.011520	-0.021674	4.693037
98.455281	8298.887891	12.016525	-0.021700	4.691633
98.326255	8293.785074	12.021530	-0.021669	4.690203
98.372137	8288.780697	12.026535	-0.021679	4.688807
98.242421	8283.635320	12.031539	-0.021648	4.687363
98.147117	8278.598097	12.036544	-0.021625	4.685951
98.210737	8273.708356	12.041549	-0.021640	4.684587
98.205790	8268.864871	12.046554	-0.021638	4.683232
98.185300	8263.863342	12.051559	-0.021633	4.681831
98.180321	8258.684768	12.056563	-0.021632	4.680382
98.156993	8253.354453	12.061568	-0.021626	4.678889
98.066033	8248.111794	12.066573	-0.021604	4.677417
98.115401	8243.110473	12.071578	-0.021615	4.676018
97.979258	8238.142986	12.076583	-0.021582	4.674620
98.055402	8233.383391	12.081587	-0.021600	4.673289
97.877165	8228.284925	12.086592	-0.021557	4.671852
97.874064	8223.203969	12.091597	-0.021556	4.670427
97.946235	8218.158822	12.096602	-0.021573	4.669014
97.810286	8213.055409	12.101607	-0.021540	4.667576
97.809888	8208.005393	12.106611	-0.021540	4.666159
97.747061	8203.103086	12.111616	-0.021524	4.664779
97.811077	8198.323057	12.116621	-0.021539	4.663439
97.784603	8193.214816	12.121626	-0.021533	4.662003
97.887852	8188.176212	12.126631	-0.021557	4.660591
97.817130	8182.773600	12.131635	-0.021540	4.659069
97.673261	8177.659149	12.136640	-0.021505	4.657625
97.657628	8172.646651	12.141645	-0.021501	4.656214
97.607848	8167.657516	12.146650	-0.021489	4.654808
97.623302	8162.891720	12.151655	-0.021492	4.653467
97.621240	8157.781873	12.156659	-0.021491	4.652028
97.596975	8152.786711	12.161664	-0.021485	4.650620
97.479560	8147.659956	12.166669	-0.021457	4.649170
97.539749	8142.551974	12.171674	-0.021471	4.647733
97.515345	8137.575864	12.176679	-0.021465	4.646329
97.363853	8132.617417	12.181683	-0.021428	4.644924
97.376245	8127.929724	12.186688	-0.021431	4.643603
97.299737	8122.780229	12.191693	-0.021412	4.642146
97.397340	8117.767082	12.196698	-0.021435	4.640735
97.255455	8112.326832	12.201703	-0.021401	4.639193
97.382960	8107.095634	12.206707	-0.021431	4.637721
97.170450	8102.069786	12.211712	-0.021380	4.636292
97.114415	8097.130773	12.216717	-0.021366	4.634893
97.151374	8092.263936	12.221722	-0.021375	4.633519
97.294230	8087.218815	12.226727	-0.021408	4.632099
97.183367	8082.108482	12.231731	-0.021382	4.630648
97.128283	8077.159931	12.236736	-0.021368	4.629245
97.039783	8072.009647	12.241741	-0.021347	4.627784
96.891436	8066.971717	12.246746	-0.021311	4.626351
97.106736	8062.109324	12.251751	-0.021362	4.624983
97.107998	8057.169151	12.256755	-0.021362	4.623583
96.998870	8052.222291	12.261760	-0.021336	4.622177
96.928936	8047.083692	12.266765	-0.021319	4.620717
96.894399	8041.725489	12.271770	-0.021310	4.619196
97.040602	8036.638002	12.276775	-0.021345	4.617759
96.826430	8031.477340	12.281779	-0.021293	4.616285
96.875214	8026.723828	12.286784	-0.021304	4.614938
96.708582	8021.860217	12.291789	-0.021264	4.613550
96.770821	8016.779906	12.296794	-0.021279	4.612109
96.629458	8011.811024	12.301799	-0.021245	4.610691
96.596888	8006.593832	12.306803	-0.021236	4.609207
96.713579	8001.617353	12.311808	-0.021264	4.607798
96.641591	7996.491943	12.316813	-0.021247	4.606337
96.638182	7991.654784	12.321818	-0.021245	4.604961
96.612630	7986.836811	12.326823	-0.021239	4.603588
96.599272	7981.680598	12.331827	-0.021235	4.602120
96.633433	7976.625991	12.336832	-0.021243	4.600683
96.592620	7971.079540	12.341837	-0.021233	4.599101
96.640473	7965.998690	12.346842	-0.021244	4.597655
96.324577	7961.007497	12.351847	-0.021168	4.596219
96.404150	7956.133963	12.356851	-0.021187	4.594833
96.418997	7951.217379	12.361856	-0.021190	4.593431
96.399267	7946.162230	12.366861	-0.021185	4.591988
96.282682	7941.128389	12.371866	-0.021157	4.590547
96.341400	7935.959031	12.376871	-0.021171	4.589074
96.282595	7930.937856	12.381875	-0.021156	4.587637
96.296292	7925.844471	12.386880	-0.021159	4.586183
96.321135	7921.122372	12.391885	-0.021165	4.584835
96.196723	7916.205863	12.396890	-0.021135	4.583424
96.235060	7911.096862	12.401895	-0.021144	4.581965
96.077252	7906.016355	12.406899	-0.021106	4.580505
96.060971	7900.649816	12.411904	-0.021101	4.578969
96.239744	7895.489555	12.416909	-0.021144	4.577500
96.029838	7890.549989	12.421914	-0.021093	4.576077
96.024386	7885.795181	12.426919	-0.021092	4.574715
95.952174	7880.737532	12.431923	-0.021074	4.573263
96.081602	7875.720037	12.436928	-0.021105	4.571831
96.014376	7870.661530	12.441933	-0.021088	4.570378
95.903204	7865.528961	12.446938	-0.021061	4.568901
95.876886	7860.509625	12.451943	-0.021055	4.567461
95.784044	7855.457961	12.456947	-0.021032	4.566007
95.862972	7850.765352	12.461952	-0.021051	4.564664
95.735740	7845.768019	12.466957	-0.021020	4.563223
95.523005	7840.675204	12.471962	-0.020969	4.561751
95.810688	7835.321970	12.476967	-0.021037	4.560227
95.630468	7830.032884	12.481971	-0.020994	4.558698
95.675079	7824.913476	12.486976	-0.021004	4.557229
95.636318	7819.906879	12.491981	-0.020995	4.555787
95.750629	7815.180985	12.496986	-0.021022	4.554433
95.674676	7810.082589	12.501991	-0.021003	4.552963
95.538067	7805.003283	12.506995	-0.020970	4.551495
95.526469	7799.998630	12.512000	-0.020967	4.550053
95.581157	7794.872090	12.517005	-0.020980	4.548579
95.537794	7789.773954	12.522010	-0.020969	4.547109
95.510748	7784.938033	12.527015	-0.020962	4.545714
95.465478	7780.109818	12.532019	-0.020951	4.544320
95.146988	7775.064540	12.537024	-0.020875	4.542850
95.352505	7770.015687	12.542029	-0.020924	4.541403
95.356111	7764.668120	12.547034	-0.020924	4.539860
95.222412	7759.544840	12.552039	-0.020892	4.538375
95.230188	7754.436924	12.557043	-0.020893	4.536901
95.277408	7749.596554	12.562048	-0.020904	4.535505
95.277349	7744.671403	12.567053	-0.020904	4.534082
95.263393	7739.676631	12.572058	-0.020900	4.532638
95.146237	7734.674457	12.577063	-0.020872	4.531186
95.074823	7729.504521	12.582067	-0.020854	4.529687
95.138347	7724.460905	12.587072	-0.020869	4.528231
95.019441	7719.445630	12.592077	-0.020841	4.526774
95.026610	7714.661439	12.597082	-0.020842	4.525389
95.139717	7709.631669	12.602087	-0.020869	4.523938
95.120154	7704.563904	12.607091	-0.020864	4.522469
94.986865	7699.498225	12.612096	-0.020831	4.520995
94.950538	7693.922880	12.617101	-0.020822	4.519377
94.776776	7688.932017	12.622106	-0.020781	4.517922
94.946490	7683.888205	12.627111	-0.020821	4.516467
94.849567	7679.079411	12.632115	-0.020797	4.515067
94.726054	7674.091554	12.637120	-0.020767	4.513614
94.747520	7669.069500	12.642125	-0.020772	4.512157
94.636633	7664.003293	12.647130	-0.020745	4.510680
94.803160	7658.878781	12.652135	-0.020785	4.509199
94.702607	7653.797029	12.657139	-0.020761	4.507717
94.583175	7648.904800	12.662144	-0.020732	4.506289
94.680324	7644.146658	12.667149	-0.020755	4.504910
94.597224	7639.046520	12.672154	-0.020734	4.503423
94.629690	7634.029674	12.677159	-0.020742	4.501964
94.503409	7628.753525	12.682163	-0.020711	4.500423
94.413369	7623.569654	12.687168	-0.020689	4.498909
94.472031	7618.453810	12.692173	-0.020703	4.497421
94.559983	7613.557566	12.697178	-0.020724	4.495999
94.597648	7608.750506	12.702183	-0.020733	4.494600
94.376404	7603.675660	12.707187	-0.020679	4.493109
94.319999	7598.677694	12.712192	-0.020665	4.491649
94.420691	7593.565157	12.717197	-0.020689	4.490162
94.301982	7588.538160	12.722202	-0.020660	4.488689
94.362217	7583.411161	12.727207	-0.020675	4.487195
94.253904	7578.570701	12.732211	-0.020648	4.485776
94.165505	7573.763716	12.737216	-0.020627	4.484368
94.239586	7568.707670	12.742221	-0.020644	4.482894
94.255548	7563.576564	12.747226	-0.020648	4.481395
94.081349	7558.204910	12.752231	-0.020606	4.479815
94.070469	7553.153367	12.757235	-0.020603	4.478337
94.102955	7548.071637	12.762240	-0.020610	4.476851
94.010511	7543.289954	12.767245	-0.020588	4.475447
93.944775	7538.330453	12.772250	-0.020572	4.473992
94.115700	7533.261120	12.777255	-0.020612	4.472515
94.012477	7528.140782	12.782259	-0.020587	4.471010
93.984800	7523.064769	12.787264	-0.020580	4.469521
93.754554	7518.018449	12.792269	-0.020525	4.468030
93.921060	7512.994830	12.797274	-0.020564	4.466564
93.839238	7508.291634	12.802279	-0.020545	4.465180
93.869482	7503.202860	12.807283	-0.020552	4.463688
93.963152	7498.111359	12.812288	-0.020574	4.462198
93.782266	7492.835546	12.817293	-0.020530	4.460640
93.727343	7487.657029	12.822298	-0.020517	4.459116
93.705027	7482.625555	12.827303	-0.020511	4.457636
93.735570	7477.662114	12.832307	-0.020518	4.456178
93.776260	7472.833355	12.837312	-0.020527	4.454760
93.613792	7467.789396	12.842317	-0.020488	4.453268
93.478318	7462.766956	12.847322	-0.020455	4.451783
93.587770	7457.684123	12.852327	-0.020481	4.450293
93.342808	7452.607550	12.857331	-0.020422	4.448785
93.283224	7447.567723	12.862336	-0.020408	4.447298
93.466027	7442.776101	12.867341	-0.020451	4.445895
93.323146	7437.868238	12.872346	-0.020417	4.444441
93.368424	7432.769813	12.877351	-0.020427	4.442940
93.387901	7427.545258	12.882355	-0.020431	4.441400
93.325511	7422.172643	12.887360	-0.020416	4.439811
93.227395	7417.128551	12.892365	-0.020392	4.438317
93.319427	7412.058663	12.897370	-0.020414	4.436825
93.252200	7407.343446	12.902375	-0.020398	4.435429
93.319879	7402.247223	12.907379	-0.020414	4.433927
93.295650	7397.201340	12.912384	-0.020407	4.432434
93.272760	7392.176991	12.917389	-0.020402	4.430947
93.206112	7387.095426	12.922394	-0.020385	4.429441
93.118621	7382.017116	12.927399	-0.020364	4.427934
93.068204	7377.078619	12.932403	-0.020352	4.426470
93.116821	7372.272182	12.937408	-0.020363	4.425049
93.096085	7367.237961	12.942413	-0.020358	4.423557
93.072248	7362.142767	12.947418	-0.020352	4.422046
92.896140	7356.777757	12.952423	-0.020309	4.420447
92.879319	7351.680750	12.957427	-0.020305	4.418935
92.920560	7346.645890	12.962432	-0.020314	4.417444
92.831716	7341.862677	12.967437	-0.020293	4.416021
92.741241	7336.923544	12.972442	-0.020271	4.414550
92.809952	7331.876261	12.977447	-0.020287	4.413055
92.808538	7326.744121	12.982451	-0.020286	4.411531
92.840019	7321.681551	12.987456	-0.020294	4.410029
92.804781	7316.621876	12.992461	-0.020285	4.408524
92.756501	7311.597726	12.997466	-0.020273	4.407027
92.648627	7306.924797	13.002471	-0.020247	4.405632
92.577674	7301.816671	13.007475	-0.020229	4.404109
92.631670	7296.750275	13.012480	-0.020242	4.402604
92.630736	7291.311464	13.017485	-0.020242	4.400985
92.463000	7286.150331	13.022490	-0.020201	4.399439
92.578936	7281.073147	13.027495	-0.020228	4.397933
92.417453	7276.209958	13.032499	-0.020190	4.396475
92.586926	7271.291119	13.037504	-0.020230	4.395018
92.505139	7266.231867	13.042509	-0.020210	4.393505
92.408492	7261.183287	13.047514	-0.020186	4.391994
92.378305	7256.080795	13.052519	-0.020179	4.390470
92.360397	7251.001963	13.057523	-0.020174	4.388953
92.241577	7245.969936	13.062528	-0.020145	4.387444
92.281723	7241.222925	13.067533	-0.020155	4.386028
92.401002	7236.163588	13.072538	-0.020183	4.384523
92.403341	7231.117297	13.077543	-0.020183	4.383015
92.256069	7225.892610	13.082547	-0.020148	4.381445
92.258597	7220.672445	13.087552	-0.020148	4.379883
92.231405	7215.595038	13.092557	-0.020141	4.378362
92.102800	7210.669891	13.097562	-0.020110	4.376881
92.119317	7205.895742	13.102567	-0.020114	4.375453
91.962517	7200.819514	13.107571	-0.020076	4.373924
92.027265	7195.741014	13.112576	-0.020091	4.372406
91.949671	7190.676127	13.117581	-0.020072	4.370883
91.916011	7185.592689	13.122586	-0.020064	4.369357
91.942634	7180.543969	13.127591	-0.020070	4.367844
91.777739	7175.769484	13.132595	-0.020030	4.366403
91.692926	7170.838775	13.137600	-0.020009	4.364919
91.981723	7165.748225	13.142605	-0.020078	4.363406
91.703346	7160.535531	13.147610	-0.020011	4.361825
91.729343	7155.161122	13.152615	-0.020017	4.360211
91.791970	7150.031346	13.157619	-0.020032	4.358673
91.720611	7145.084195	13.162624	-0.020014	4.357182
91.689094	7140.351603	13.167629	-0.020007	4.355756
91.775330	7135.261174	13.172634	-0.020027	4.354229
91.568573	7130.262612	13.177639	-0.019977	4.352714
91.613272	7125.105459	13.182643	-0.019987	4.351163
91.706245	7120.042978	13.187648	-0.020009	4.349643
91.680557	7114.965328	13.192653	-0.020003	4.348112
91.500108	7110.154587	13.197658	-0.019959	4.346652
91.589988	7105.253163	13.202663	-0.019981	4.345179
91.477033	7100.201721	13.207667	-0.019953	4.343650
91.440942	7095.077142	13.212672	-0.019944	4.342101
91.383667	7089.734866	13.217677	-0.019930	4.340486
91.269132	7084.715111	13.222682	-0.019902	4.338964
91.278734	7079.691159	13.227687	-0.019904	4.337447
91.321996	7074.905615	13.232691	-0.019914	4.336003
91.235198	7069.895374	13.237696	-0.019893	4.334484
91.410750	7064.817521	13.242701	-0.019935	4.332958
91.222572	7059.731238	13.247706	-0.019890	4.331409
91.256683	7054.670305	13.252711	-0.019898	4.329880
91.137926	7049.584360	13.257715	-0.019869	4.328334
91.152657	7044.817138	13.262720	-0.019872	4.326891
91.055160	7039.931836	13.267725	-0.019848	4.325406
91.071741	7034.844032	13.272730	-0.019852	4.323865
90.973162	7029.729661	13.277735	-0.019828	4.322310
91.059957	7024.203396	13.282739	-0.019849	4.320639
90.951312	7019.176021	13.287744	-0.019822	4.319108
90.885003	7014.187968	13.292749	-0.019806	4.317591
90.873390	7009.371613	13.297754	-0.019803	4.316128
90.975594	7004.332473	13.302759	-0.019827	4.314603
90.791306	6999.301450	13.307763	-0.019783	4.313065
90.837325	6994.196061	13.312768	-0.019793	4.311516
90.778643	6989.125094	13.317773	-0.019779	4.309971
90.769373	6984.042765	13.322778	-0.019776	4.308425
90.838154	6979.232121	13.327783	-0.019793	4.306966
90.676627	6974.331158	13.332787	-0.019754	4.305465
90.805677	6969.248133	13.337792	-0.019784	4.303925
90.738326	6964.117034	13.342797	-0.019768	4.302359
90.675886	6958.789162	13.347802	-0.019752	4.300732
90.720847	6953.712853	13.352807	-0.019763	4.299188
90.566354	6948.746924	13.357811	-0.019726	4.297665
90.519813	6944.010520	13.362816	-0.019714	4.296218
90.546005	6938.799767	13.367821	-0.019720	4.294630
90.471484	6933.724158	13.372826	-0.019702	4.293077
90.540544	6928.647287	13.377831	-0.019718	4.291531
90.502400	6923.587017	13.382835	-0.019709	4.289983
90.351104	6918.555740	13.387840	-0.019672	4.288438
90.332809	6913.747739	13.392845	-0.019667	4.286967
90.220109	6908.827252	13.397850	-0.019640	4.285456
90.305914	6903.749099	13.402855	-0.019660	4.283908
90.183282	6898.455514	13.407859	-0.019631	4.282282
90.189428	6893.140987	13.412864	-0.019632	4.280655
90.082665	6888.063635	13.417869	-0.019606	4.279095
89.925248	6883.142345	13.422874	-0.019568	4.277578
90.094250	6878.313637	13.427879	-0.019608	4.276108
90.093618	6873.207650	13.432883	-0.019608	4.274543
90.000787	6868.204267	13.437888	-0.019585	4.273004
90.083829	6863.071065	13.442893	-0.019605	4.271434
90.060489	6858.017645	13.447898	-0.019599	4.269882
90.065403	6852.967889	13.452903	-0.019600	4.268332
89.970252	6848.205081	13.457907	-0.019576	4.266865
89.828865	6843.295116	13.462912	-0.019542	4.265348
90.031983	6838.171848	13.467917	-0.019591	4.263786
89.802152	6832.895234	13.472922	-0.019535	4.262150
89.823043	6827.731872	13.477927	-0.019540	4.260564
89.796109	6822.642344	13.482931	-0.019533	4.258996
89.948255	6817.747129	13.487936	-0.019569	4.257499
89.799914	6812.907230	13.492941	-0.019533	4.256000
89.781186	6807.811490	13.497946	-0.019529	4.254430
89.708707	6802.827087	13.502951	-0.019511	4.252890
89.756693	6797.672851	13.507955	-0.019522	4.251304
89.701070	6792.635294	13.512960	-0.019508	4.249748
89.620238	6787.591217	13.517965	-0.019489	4.248188
89.477677	6782.909760	13.522970	-0.019454	4.246735
89.519187	6777.878492	13.527975	-0.019464	4.245185
89.513482	6772.758927	13.532979	-0.019462	4.243604
89.412713	6767.328854	13.537984	-0.019438	4.241921
89.491685	6762.165838	13.542989	-0.019456	4.240330
89.339321	6757.106280	13.547994	-0.019420	4.238757
89.483045	6752.241650	13.552999	-0.019454	4.237261
89.452551	6747.293796	13.558003	-0.019446	4.235729
89.300160	6742.273121	13.563008	-0.019409	4.234167
89.225015	6737.237604	13.568013	-0.019391	4.232603
89.218931	6732.107132	13.573018	-0.019389	4.231014
89.165585	6727.057139	13.578023	-0.019376	4.229447
89.185403	6722.107866	13.583027	-0.019381	4.227914
89.252148	6717.303446	13.588032	-0.019396	4.226429
89.111339	6712.220334	13.593037	-0.019362	4.224844
89.067930	6707.174857	13.598042	-0.019352	4.223276
88.997260	6701.800572	13.603047	-0.019334	4.221604
89.065571	6696.709426	13.608051	-0.019350	4.220027
89.049574	6691.634327	13.613056	-0.019346	4.218450
88.939923	6686.953840	13.618061	-0.019320	4.216989
88.966665	6681.914377	13.623066	-0.019326	4.215425
88.913653	6676.894120	13.628071	-0.019313	4.213860
88.750653	6671.785521	13.633075	-0.019273	4.212262
88.920723	6666.743177	13.638080	-0.019314	4.210703
88.748635	6661.677328	13.643085	-0.019272	4.209116
88.785303	6656.829801	13.648090	-0.019281	4.207608
88.719159	6651.937704	13.653095	-0.019265	4.206080
88.708299	6646.854430	13.658099	-0.019262	4.204496
88.741700	6641.576283	13.663104	-0.019269	4.202852
88.651342	6636.264070	13.668109	-0.019247	4.201190
88.529166	6631.204264	13.673114	-0.019218	4.199604
88.540744	6626.275526	13.678119	-0.019220	4.198067
88.614187	6621.408582	13.683123	-0.019237	4.196551
88.546030	6616.378947	13.688128	-0.019221	4.194976
88.431294	6611.348276	13.693133	-0.019193	4.193398
88.351217	6606.229922	13.698138	-0.019174	4.191793
88.384511	6601.193344	13.703143	-0.019181	4.190220
88.438927	6596.105642	13.708147	-0.019194	4.188632
88.452603	6591.401841	13.713152	-0.019197	4.187161
88.381664	6586.365168	13.718157	-0.019180	4.185580
88.240416	6581.352097	13.723162	-0.019145	4.184001
88.288986	6576.004044	13.728167	-0.019157	4.182329
88.492454	6570.798194	13.733171	-0.019205	4.180710
88.220587	6565.812559	13.738176	-0.019140	4.179130
88.307685	6561.026471	13.743181	-0.019160	4.177634
88.125325	6556.092799	13.748186	-0.019116	4.176075
88.048774	6551.049827	13.753191	-0.019098	4.174488
88.131476	6545.946799	13.758195	-0.019117	4.172890
88.049661	6540.880914	13.763200	-0.019097	4.171294
88.104290	6535.795207	13.768205	-0.019110	4.169699
87.986231	6530.897237	13.773210	-0.019081	4.168152
88.028543	6526.084777	13.778215	-0.019091	4.166642
87.778458	6521.072524	13.783219	-0.019031	4.165049
87.898202	6515.841772	13.788224	-0.019059	4.163411
87.782198	6510.450230	13.793229	-0.019031	4.161706
87.802215	6505.380027	13.798234	-0.019036	4.160110
87.784008	6500.414398	13.803239	-0.019031	4.158545
87.842902	6495.594882	13.808243	-0.019045	4.157029
87.764440	6490.515141	13.813248	-0.019026	4.155423
87.786933	6485.434281	13.818253	-0.019031	4.153821
87.741548	6480.344053	13.823258	-0.019020	4.152212
87.667528	6475.331679	13.828263	-0.019002	4.150625
87.618612	6470.250057	13.833267	-0.018990	4.149018
87.665784	6465.532779	13.838272	-0.019000	4.147530
87.568163	6460.488321	13.843277	-0.018977	4.145930
87.725311	6455.405211	13.848282	-0.019014	4.144333
87.555510	6450.089836	13.853287	-0.018973	4.142641
87.478910	6444.991988	13.858291	-0.018954	4.141023
87.392976	6439.942388	13.863296	-0.018934	4.139419
87.467912	6435.111200	13.868301	-0.018951	4.137894
87.326405	6430.162236	13.873306	-0.018917	4.136318
87.301762	6425.135800	13.878311	-0.018911	4.134723
87.330304	6420.014070	13.883315	-0.018917	4.133101
87.323939	6414.935746	13.888320	-0.018915	4.131490
87.188431	6409.923534	13.893325	-0.018883	4.129892
87.146324	6405.022516	13.898330	-0.018872	4.128333
87.202675	6400.128274	13.903335	-0.018885	4.126783
87.238680	6395.044357	13.908339	-0.018894	4.125171
87.129476	6389.844110	13.913344	-0.018867	4.123511
87.201369	6384.466388	13.918349	-0.018884	4.121806
87.129729	6379.407197	13.923354	-0.018867	4.120193
87.078546	6374.506818	13.928359	-0.018854	4.118631
87.068351	6369.654039	13.933363	-0.018851	4.117086
87.035174	6364.589066	13.938368	-0.018843	4.115471
87.085875	6359.579809	13.943373	-0.018855	4.113879
86.926457	6354.411914	13.948378	-0.018816	4.112222
86.797365	6349.429051	13.953383	-0.018785	4.110625
86.891956	6344.374771	13.958387	-0.018808	4.109019
86.926750	6339.638781	13.963392	-0.018816	4.107511
86.805611	6334.624895	13.968397	-0.018786	4.105903
86.710599	6329.562772	13.973402	-0.018763	4.104281
86.705022	6324.171895	13.978407	-0.018762	4.102559
86.849634	6319.047985	13.983411	-0.018796	4.100931
86.630891	6314.031698	13.988416	-0.018743	4.099314
86.544253	6309.356818	13.993421	-0.018722	4.097813
86.625708	6304.261304	13.998426	-0.018741	4.096188
86.554155	6299.216314	14.003431	-0.018724	4.094569
86.771458	6294.087529	14.008435	-0.018775	4.092941
86.511935	6289.077832	14.013440	-0.018713	4.091320
86.594974	6284.006569	14.018445	-0.018733	4.089701
86.526454	6279.232940	14.023450	-0.018716	4.088166
86.526185	6274.228226	14.028455	-0.018716	4.086562
86.472732	6269.166223	14.033459	-0.018702	4.084934
86.395561	6263.777443	14.038464	-0.018684	4.083200
86.410364	6258.634777	14.043469	-0.018687	4.081550
86.456552	6253.492652	14.048474	-0.018698	4.079902
86.253750	6248.720049	14.053479	-0.018649	4.078355
86.183104	6243.795152	14.058483	-0.018631	4.076768
86.208022	6238.717759	14.063488	-0.018637	4.075137
86.115041	6233.686843	14.068493	-0.018615	4.073512
86.180589	6228.524694	14.073498	-0.018630	4.071855
86.215433	6223.468829	14.078503	-0.018638	4.070230
86.116408	6218.614881	14.083507	-0.018614	4.068660
86.085100	6213.727661	14.088512	-0.018606	4.067084
86.072989	6208.651500	14.093517	-0.018603	4.065447
85.969784	6203.454727	14.098522	-0.018578	4.063765
85.978273	6198.214005	14.103527	-0.018580	4.062075
86.114521	6193.137847	14.108531	-0.018612	4.060446
86.011747	6188.221068	14.113536	-0.018587	4.058851
85.974181	6183.357607	14.118541	-0.018578	4.057278
85.996250	6178.281859	14.123546	-0.018583	4.055640
86.001608	6173.282092	14.128551	-0.018584	4.054024
85.763445	6168.213803	14.133555	-0.018526	4.052370
85.812693	6163.103874	14.138560	-0.018538	4.050720
85.702399	6158.135010	14.143565	-0.018511	4.049105
85.787655	6153.184699	14.148570	-0.018531	4.047508
85.798596	6148.168772	14.153575	-0.018533	4.045884
85.599858	6143.019953	14.158579	-0.018485	4.044202
85.632846	6137.624173	14.163584	-0.018493	4.042456
85.643229	6132.528968	14.168589	-0.018495	4.040804
85.526315	6127.636354	14.173594	-0.018467	4.039209
85.556706	6122.827725	14.178599	-0.018474	4.037651
85.608053	6117.686827	14.183603	-0.018486	4.035985
85.445260	6112.654922	14.188608	-0.018447	4.034340
85.601980	6107.517493	14.193613	-0.018484	4.032681
85.389536	6102.509697	14.198618	-0.018433	4.031039
85.376978	6097.544056	14.203623	-0.018429	4.029423
85.400874	6092.748412	14.208627	-0.018435	4.027865
85.379554	6087.691642	14.213632	-0.018429	4.026217
85.309837	6082.610596	14.218637	-0.018412	4.024558
85.283993	6077.236960	14.223642	-0.018406	4.022806
85.122387	6072.238816	14.228647	-0.018367	4.021167
85.228053	6067.233914	14.233651	-0.018392	4.019542
85.190652	6062.418792	14.238656	-0.018382	4.017969
85.043535	6057.391222	14.243661	-0.018347	4.016319
85.176072	6052.311129	14.248666	-0.018378	4.014670
85.186397	6047.222317	14.253671	-0.018380	4.013009
85.098969	6042.118804	14.258675	-0.018359	4.011336
84.956306	6037.166563	14.263680	-0.018325	4.009708
85.049756	6032.435180	14.268685	-0.018347	4.008168
84.897994	6027.357123	14.273690	-0.018310	4.006496
84.965645	6022.321047	14.278695	-0.018326	4.004853
84.898035	6016.809073	14.283699	-0.018309	4.003044
84.915361	6011.718302	14.288704	-0.018313	4.001378
84.847788	6006.763735	14.293709	-0.018297	3.999751
84.687177	6001.986024	14.298714	-0.018258	3.998174
84.755193	5996.874610	14.303719	-0.018274	3.996503
84.708335	5991.849463	14.308723	-0.018262	3.994851
84.751944	5986.740753	14.313728	-0.018273	3.993178
84.685272	5981.669793	14.318733	-0.018256	3.991508
84.586825	5976.659008	14.323738	-0.018232	3.989856
84.522036	5971.976681	14.328743	-0.018217	3.988313
84.604043	5966.824522	14.333747	-0.018236	3.986625
84.623631	5961.739925	14.338752	-0.018240	3.984955
84.472237	5956.439354	14.343757	-0.018204	3.983200
84.367705	5951.349381	14.348762	-0.018178	3.981518
84.230829	5946.412550	14.353767	-0.018145	3.979883
84.507185	5941.592966	14.358771	-0.018211	3.978315
84.495008	5936.499180	14.363776	-0.018208	3.976635
84.494326	5931.460973	14.368781	-0.018207	3.974974
84.377997	5926.316937	14.373786	-0.018179	3.973270
84.430013	5921.293568	14.378791	-0.018191	3.971616
84.285496	5916.332992	14.383795	-0.018156	3.969969
84.269541	5911.578753	14.388800	-0.018152	3.968398
84.199350	5906.529916	14.393805	-0.018135	3.966725
84.211047	5901.387390	14.398810	-0.018138	3.965026
84.087510	5895.936987	14.403815	-0.018108	3.963215
84.012894	5890.921242	14.408819	-0.018090	3.961551
84.149352	5885.889914	14.413824	-0.018122	3.959896
84.009666	5881.109159	14.418829	-0.018088	3.958303
84.030110	5876.042614	14.423834	-0.018093	3.956627
83.998577	5871.021357	14.428839	-0.018085	3.954961
83.934706	5865.879200	14.433843	-0.018069	3.953252
83.968322	5860.835122	14.438848	-0.018077	3.951582
83.979773	5855.886357	14.443853	-0.018079	3.949941
83.889879	5851.035679	14.448858	-0.018058	3.948324
83.844837	5846.024155	14.453863	-0.018046	3.946657
83.930637	5840.859810	14.458867	-0.018067	3.944948
83.832147	5835.563506	14.463872	-0.018043	3.943181
83.772302	5830.529815	14.468877	-0.018028	3.941503
83.628939	5825.614795	14.473882	-0.017994	3.939858
83.755040	5820.779889	14.478887	-0.018023	3.938258
83.700026	5815.664289	14.483891	-0.018010	3.936552
83.640939	5810.668964	14.488896	-0.017995	3.934884
83.518481	5805.528304	14.493901	-0.017966	3.933162
83.531338	5800.463745	14.498906	-0.017969	3.931475
83.587896	5795.580067	14.503911	-0.017982	3.929851
83.630614	5790.702314	14.508915	-0.017992	3.928227
83.420384	5785.725061	14.513920	-0.017941	3.926551
83.384292	5780.435608	14.518925	-0.017932	3.924782
83.417555	5775.110174	14.523930	-0.017940	3.923006
83.360660	5770.046719	14.528935	-0.017926	3.921309
83.397161	5765.107141	14.533939	-0.017934	3.919661
83.274688	5760.256373	14.538944	-0.017905	3.918029
83.301125	5755.181314	14.543949	-0.017911	3.916333
83.196584	5750.138753	14.548954	-0.017885	3.914638
83.247295	5745.013414	14.553959	-0.017897	3.912925
83.184616	5739.974580	14.558963	-0.017882	3.911232
83.115981	5735.143188	14.563968	-0.017865	3.909608
82.901283	5730.275813	14.568973	-0.017813	3.907960
83.010057	5725.191226	14.573978	-0.017839	3.906262
82.992496	5719.890820	14.578983	-0.017834	3.904482
83.153607	5714.701671	14.583987	-0.017873	3.902752
83.021754	5709.641893	14.588992	-0.017841	3.901042
82.936033	5704.900316	14.593997	-0.017820	3.899443
82.819011	5699.890883	14.599002	-0.017792	3.897750
82.805251	5694.871297	14.604007	-0.017788	3.896061
82.791216	5689.764902	14.609011	-0.017784	3.894341
82.775507	5684.700075	14.614016	-0.017780	3.892635
82.958472	5679.603217	14.619021	-0.017824	3.890932
82.729323	5674.909204	14.624026	-0.017769	3.889334
82.653384	5669.904867	14.629031	-0.017750	3.887641
82.641717	5664.856233	14.634035	-0.017747	3.885938
82.604562	5659.373182	14.639040	-0.017738	3.884085
82.607009	5654.271519	14.644045	-0.017738	3.882363
82.513725	5649.231990	14.649050	-0.017715	3.880655
82.653988	5644.465783	14.654055	-0.017749	3.879055
82.490675	5639.448773	14.659059	-0.017709	3.877347
82.547075	5634.359785	14.664064	-0.017722	3.875631
82.511048	5629.314626	14.669069	-0.017713	3.873921
82.409300	5624.206881	14.674074	-0.017689	3.872185
82.329859	5619.316878	14.679079	-0.017669	3.870524
82.253642	5614.489111	14.684083	-0.017651	3.868883
82.363351	5609.415083	14.689088	-0.017677	3.867172
82.346642	5604.265329	14.694093	-0.017672	3.865425
82.263057	5598.947728	14.699098	-0.017652	3.863615
82.169695	5593.928247	14.704103	-0.017629	3.861905
82.209998	5589.048756	14.709107	-0.017639	3.860251
82.271242	5584.092255	14.714112	-0.017653	3.858572
82.157637	5579.132568	14.719117	-0.017626	3.856879
82.240278	5573.993814	14.724122	-0.017645	3.855138
82.171174	5568.958963	14.729127	-0.017628	3.853421
82.238555	5563.871287	14.734131	-0.017644	3.851695
82.109845	5559.024786	14.739136	-0.017613	3.850036
81.804738	5554.216907	14.744141	-0.017540	3.848375
81.906067	5549.122845	14.749146	-0.017564	3.846648
81.850939	5543.794803	14.754151	-0.017550	3.844827
81.872747	5538.615092	14.759155	-0.017555	3.843063
81.716290	5533.570828	14.764160	-0.017517	3.841330
81.691665	5528.789392	14.769165	-0.017511	3.839696
81.732776	5523.764955	14.774170	-0.017520	3.837984
81.709379	5518.695935	14.779175	-0.017514	3.836251
81.660781	5513.592835	14.784179	-0.017503	3.834503
81.811288	5508.484974	14.789184	-0.017538	3.832768
81.704321	5503.405967	14.794189	-0.017512	3.831023
81.624088	5498.606986	14.799194	-0.017493	3.829374
81.504928	5493.553520	14.804199	-0.017464	3.827635
81.406167	5488.482329	14.809203	-0.017440	3.825890
81.432149	5483.158704	14.814208	-0.017446	3.824068
81.455483	5478.027564	14.819213	-0.017451	3.822311
81.455430	5473.167017	14.824218	-0.017451	3.820644
81.393399	5468.247023	14.829223	-0.017436	3.818950
81.389575	5463.229769	14.834227	-0.017434	3.817228
81.324857	5458.139422	14.839232	-0.017419	3.815474
81.299181	5453.089882	14.844237	-0.017412	3.813737
81.369579	5447.988321	14.849242	-0.017429	3.811989
81.213056	5443.165298	14.854247	-0.017391	3.810318
81.287494	5438.278743	14.859251	-0.017408	3.808643
81.178383	5433.175503	14.864256	-0.017382	3.806877
81.311232	5427.800704	14.869261	-0.017413	3.805037
81.190629	5422.630663	14.874266	-0.017384	3.803246
81.092703	5417.563912	14.879271	-0.017360	3.801492
81.109881	5412.863565	14.884275	-0.017364	3.799872
81.095261	5407.752655	14.889280	-0.017360	3.798107
81.087654	5402.703120	14.894285	-0.017358	3.796364
80.930871	5397.690619	14.899290	-0.017320	3.794620
80.804241	5392.554396	14.904295	-0.017290	3.792836
80.891127	5387.643978	14.909299	-0.017310	3.791145
80.896879	5382.793852	14.914304	-0.017311	3.789468
80.878991	5377.750058	14.919309	-0.017307	3.787722
80.833432	5372.627418	14.924314	-0.017296	3.785945
80.819441	5367.326068	14.929319	-0.017292	3.784108
80.797923	5362.264135	14.934323	-0.017286	3.782353
80.752353	5357.351409	14.939328	-0.017275	3.780646
80.662621	5352.500483	14.944333	-0.017253	3.778957
80.582263	5347.471491	14.949338	-0.017234	3.777206
80.711220	5342.326070	14.954343	-0.017264	3.775430
80.615019	5337.322499	14.959347	-0.017241	3.773685
80.511360	5332.263688	14.964352	-0.017216	3.771919
80.486952	5327.472931	14.969357	-0.017210	3.770252
80.401791	5322.480083	14.974362	-0.017189	3.768509
80.515765	5317.430556	14.979367	-0.017216	3.766761
80.412311	5311.876248	14.984371	-0.017191	3.764820
80.449770	5306.788189	14.989376	-0.017199	3.763051
80.269335	5301.895788	14.994381	-0.017156	3.761332
80.343910	5296.995559	14.999386	-0.017174	3.759630
80.286623	5291.948772	15.004391	-0.017160	3.757865
80.296694	5286.959584	15.009395	-0.017162	3.756125
80.188485	5281.805839	15.014400	-0.017135	3.754318
80.215942	5276.762855	15.019405	-0.017142	3.752559
80.076762	5271.908850	15.024410	-0.017108	3.750851
80.217851	5266.925630	15.029415	-0.017141	3.749121
80.091353	5261.926844	15.034419	-0.017111	3.747363
80.046258	5256.669937	15.039424	-0.017100	3.745520
80.142740	5251.482856	15.044429	-0.017122	3.743712
79.980040	5246.446267	15.049434	-0.017083	3.741935
79.939375	5241.718019	15.054439	-0.017073	3.740275
79.936449	5236.664395	15.059443	-0.017072	3.738503
79.998518	5231.540298	15.064448	-0.017087	3.736711
79.895545	5226.574221	15.069453	-0.017062	3.734960
79.852650	5221.429452	15.074458	-0.017051	3.733151
79.776497	5216.506405	15.079463	-0.017033	3.731415
79.839966	5211.678584	15.084467	-0.017047	3.729724
79.824831	5206.584356	15.089472	-0.017044	3.727932
79.679290	5201.387045	15.094477	-0.017008	3.726092
79.701314	5196.099366	15.099482	-0.017013	3.724234
79.685235	5191.043033	15.104487	-0.017009	3.722452
79.715493	5186.183951	15.109491	-0.017016	3.720743
79.635005	5181.212883	15.114496	-0.016996	3.718985
79.607339	5176.185872	15.119501	-0.016990	3.717210
79.686876	5171.077919	15.124506	-0.017008	3.715415
79.583690	5166.003454	15.129511	-0.016983	3.713616
79.660788	5160.954017	15.134515	-0.017001	3.711840
79.514421	5156.248012	15.139520	-0.016966	3.710165
79.429248	5151.190749	15.144525	-0.016945	3.708371
79.290922	5146.057444	15.149530	-0.016912	3.706545
79.420680	5140.772350	15.154535	-0.016943	3.704686
79.361530	5135.715673	15.159539	-0.016928	3.702891
79.353245	5130.816178	15.164544	-0.016926	3.701156
79.251880	5125.945164	15.169549	-0.016901	3.699422
79.157922	5120.892440	15.174554	-0.016878	3.697623
79.080266	5115.830470	15.179559	-0.016860	3.695822
79.007977	5110.789094	15.184563	-0.016842	3.694027
79.173238	5105.651405	15.189568	-0.016881	3.692217
78.969882	5100.975327	15.194573	-0.016832	3.690540
79.078090	5095.908520	15.199578	-0.016858	3.688749
78.966085	5090.815070	15.204583	-0.016831	3.686929
78.954667	5085.416177	15.209587	-0.016828	3.685008
78.877922	5080.357397	15.214592	-0.016809	3.683202
78.931136	5075.452921	15.219597	-0.016821	3.681460
78.989182	5070.503158	15.224602	-0.016835	3.679702
78.872706	5065.475091	15.229607	-0.016807	3.677901
78.747318	5060.415736	15.234611	-0.016776	3.676087
78.744950	5055.336039	15.239616	-0.016775	3.674275
78.752749	5050.258199	15.244621	-0.016777	3.672463
78.736335	5045.483192	15.249626	-0.016773	3.670757
78.593659	5040.491197	15.254631	-0.016738	3.668962
78.638818	5035.411885	15.259635	-0.016749	3.667151
78.558069	5030.088995	15.264640	-0.016729	3.665241
78.673873	5024.975416	15.269645	-0.016756	3.663421
78.479419	5020.094767	15.274650	-0.016710	3.661658
78.425534	5015.227693	15.279655	-0.016696	3.659910
78.442828	5010.143965	15.284659	-0.016700	3.658091
78.348364	5005.092750	15.289664	-0.016677	3.656272
78.374183	5000.037297	15.294669	-0.016683	3.654461
78.395876	4994.939213	15.299674	-0.016688	3.652634
78.311721	4990.229660	15.304679	-0.016668	3.650936
78.301696	4985.181403	15.309683	-0.016665	3.649122
78.219970	4980.089302	15.314688	-0.016645	3.647286
78.239410	4974.647546	15.319693	-0.016649	3.645331
78.291956	4969.540096	15.324698	-0.016662	3.643498
78.114046	4964.713004	15.329703	-0.016619	3.641746
78.104771	4959.797818	15.334707	-0.016616	3.639975
77.985106	4954.730267	15.339712	-0.016587	3.638140
78.042488	4949.680221	15.344717	-0.016601	3.636325
78.051432	4944.504015	15.349722	-0.016602	3.634459
78.073089	4939.355975	15.354727	-0.016607	3.632603
77.874082	4934.696532	15.359731	-0.016559	3.630904
77.794226	4929.623632	15.364736	-0.016540	3.629066
77.941580	4924.507591	15.369741	-0.016575	3.627230
77.880559	4919.228994	15.374746	-0.016560	3.625316
77.864090	4914.147051	15.379751	-0.016556	3.623477
77.888988	4909.237182	15.384755	-0.016561	3.621702
77.630911	4904.407074	15.389760	-0.016499	3.619931
77.735866	4899.293245	15.394765	-0.016524	3.618088
77.729087	4894.164890	15.399770	-0.016522	3.616229
77.694197	4889.152668	15.404775	-0.016513	3.614408
77.676568	4884.148297	15.409779	-0.016509	3.612591
77.634903	4879.371516	15.414784	-0.016499	3.610854
77.570042	4874.347354	15.419789	-0.016483	3.609024
77.682381	4869.092377	15.424794	-0.016509	3.607124
77.632095	4863.751377	15.429799	-0.016497	3.605178
77.472137	4858.734926	15.434803	-0.016458	3.603340
77.560414	4853.792442	15.439808	-0.016479	3.601549
77.440518	4848.898344	15.444813	-0.016450	3.599757
77.397172	4843.810012	15.449818	-0.016439	3.597900
77.253399	4838.750306	15.454823	-0.016405	3.596043
77.500866	4833.663726	15.459827	-0.016464	3.594210
77.254177	4828.736832	15.464832	-0.016404	3.592391
77.288057	4823.937019	15.469837	-0.016412	3.590642
77.317379	4818.832944	15.474842	-0.016419	3.588780
77.248881	4813.629635	15.479847	-0.016402	3.586873
77.089489	4808.477626	15.484851	-0.016363	3.584976
77.109281	4803.407817	15.489856	-0.016368	3.583123
77.134436	4798.613954	15.494861	-0.016374	3.581371
77.137792	4793.558335	15.499866	-0.016374	3.579520
76.907876	4788.563716	15.504871	-0.016319	3.577670
77.076739	4783.417759	15.509875	-0.016359	3.575799
76.945148	4778.367094	15.514880	-0.016327	3.573935
76.943032	4773.505381	15.519885	-0.016326	3.572151
76.937263	4768.612974	15.524890	-0.016325	3.570355
76.916234	4763.538932	15.529895	-0.016319	3.568490
76.729649	4758.208083	15.534899	-0.016274	3.566514
76.724806	4753.020141	15.539904	-0.016273	3.564606
76.761733	4748.055564	15.544909	-0.016281	3.562783
76.713887	4743.232095	15.549914	-0.016269	3.561004
76.823786	4738.121615	15.554919	-0.016295	3.559132
76.780483	4733.112229	15.559923	-0.016285	3.557282
76.623862	4728.034965	15.564928	-0.016247	3.555397
76.647630	4722.950155	15.569933	-0.016252	3.553523
76.494902	4718.204743	15.574938	-0.016215	3.551759
76.526147	4713.213771	15.579943	-0.016223	3.549919
76.517206	4708.122844	15.584947	-0.016220	3.548037
76.326154	4702.811584	15.589952	-0.016174	3.546057
76.395866	4697.755879	15.594957	-0.016190	3.544194
76.461125	4692.826220	15.599962	-0.016206	3.542376
76.270115	4687.971305	15.604967	-0.016160	3.540561
76.205970	4682.941128	15.609971	-0.016144	3.538693
76.276751	4677.822329	15.614976	-0.016161	3.536802
76.315744	4672.735106	15.619981	-0.016170	3.534920
76.272878	4667.712802	15.624986	-0.016159	3.533053
76.143094	4662.995461	15.629991	-0.016128	3.531290
76.179403	4657.950439	15.634995	-0.016136	3.529420
76.123386	4652.716631	15.640000	-0.016122	3.527470
76.101725	4647.435281	15.645005	-0.016117	3.525505
75.991720	4642.355753	15.650010	-0.016090	3.523606
76.025049	4637.521201	15.655015	-0.016098	3.521809
75.954250	4632.578203	15.660019	-0.016081	3.519962
75.913458	4627.473734	15.665024	-0.016070	3.518057
75.823653	4622.429392	15.670029	-0.016049	3.516169
75.970901	4617.288094	15.675034	-0.016084	3.514265
75.839099	4612.434456	15.680039	-0.016052	3.512442
75.866827	4607.525455	15.685043	-0.016058	3.510611
75.684277	4602.478128	15.690048	-0.016014	3.508709
75.867953	4597.154005	15.695053	-0.016058	3.506736
75.798683	4592.041661	15.700058	-0.016041	3.504818
75.829554	4587.075776	15.705063	-0.016048	3.502963
75.720903	4582.238900	15.710067	-0.016022	3.501142
75.554535	4577.210601	15.715072	-0.015981	3.499244
75.568888	4572.137635	15.720077	-0.015984	3.497344
75.573833	4567.052280	15.725082	-0.015985	3.495438
75.484207	4562.021537	15.730087	-0.015964	3.493542
75.648316	4557.222192	15.735091	-0.016003	3.491756
75.417447	4552.194606	15.740096	-0.015947	3.489846
75.350449	4547.023496	15.745101	-0.015931	3.487897
75.333538	4541.697527	15.750106	-0.015926	3.485893
75.352146	4536.631248	15.755111	-0.015930	3.483989
75.355349	4531.816205	15.760115	-0.015931	3.482177
75.301855	4526.800694	15.765120	-0.015918	3.480283
75.315856	4521.780989	15.770125	-0.015921	3.478393
75.195832	4516.718902	15.775130	-0.015892	3.476473
75.256152	4511.615322	15.780135	-0.015906	3.474554
75.205881	4506.753128	15.785139	-0.015893	3.472714
75.138482	4501.813514	15.790144	-0.015877	3.470842
75.158580	4496.792687	15.795149	-0.015881	3.468947
75.010913	4491.493053	15.800154	-0.015846	3.466930
75.002177	4486.396018	15.805159	-0.015843	3.465001
74.986495	4481.445416	15.810163	-0.015839	3.463126
75.017936	4476.549123	15.815168	-0.015847	3.461275
74.958067	4471.525171	15.820173	-0.015832	3.459366
75.015356	4466.310689	15.825178	-0.015845	3.457394
74.822291	4461.268339	15.830183	-0.015799	3.455463
74.883046	4456.279262	15.835187	-0.015813	3.453576
74.784751	4451.471889	15.840192	-0.015789	3.451741
74.746823	4446.442395	15.845197	-0.015780	3.449827
74.697374	4441.132885	15.850202	-0.015768	3.447804
74.720295	4435.914914	15.855207	-0.015773	3.445821
74.764812	4430.805195	15.860211	-0.015783	3.443881
74.637683	4426.039254	15.865216	-0.015752	3.442054
74.660250	4420.984899	15.870221	-0.015757	3.440130
74.550393	4415.952944	15.875226	-0.015731	3.438202
74.369601	4410.907445	15.880231	-0.015687	3.436260
74.608827	4405.779757	15.885235	-0.015744	3.434326
74.412026	4401.004023	15.890240	-0.015697	3.432483
74.424467	4396.000605	15.895245	-0.015699	3.430573
74.350352	4390.896187	15.900250	-0.015681	3.428615
74.357336	4385.610117	15.905255	-0.015683	3.426593
74.464268	4380.533386	15.910259	-0.015708	3.424661
74.293534	4375.695485	15.915264	-0.015667	3.422792
74.276574	4370.752774	15.920269	-0.015662	3.420896
74.270640	4365.664267	15.925274	-0.015661	3.418945
74.071952	4360.674100	15.930279	-0.015613	3.417012
73.943851	4355.616006	15.935283	-0.015582	3.415058
73.944551	4350.695477	15.940288	-0.015582	3.413168
74.052857	4345.777863	15.945293	-0.015607	3.411290
74.094708	4340.697999	15.950298	-0.015617	3.409341
74.021755	4335.321700	15.955303	-0.015599	3.407266
73.961471	4330.221988	15.960307	-0.015584	3.405297
73.913813	4325.264662	15.965312	-0.015573	3.403383
74.082689	4320.362534	15.970317	-0.015613	3.401511
74.017253	4315.301941	15.975322	-0.015597	3.399553
73.806937	4310.253846	15.980327	-0.015546	3.397585
73.930102	4305.127444	15.985331	-0.015575	3.395619
73.929561	4300.161711	15.990336	-0.015575	3.393701
73.739282	4295.403286	15.995341	-0.015529	3.391843
73.852485	4290.274289	16.000346	-0.015556	3.389871
73.667996	4285.095508	16.005351	-0.015511	3.387850
73.662534	4279.977958	16.010355	-0.015510	3.385868
73.637151	4274.953935	16.015360	-0.015503	3.383920
73.558305	4270.155137	16.020365	-0.015484	3.382052
73.608412	4265.070719	16.025370	-0.015496	3.380086
73.477225	4260.050342	16.030375	-0.015464	3.378125
73.526147	4254.923076	16.035379	-0.015475	3.376139
73.420320	4249.935064	16.040384	-0.015450	3.374191
73.550063	4245.142252	16.045389	-0.015480	3.372341
73.302699	4240.122547	16.050394	-0.015421	3.370364
73.410341	4234.819442	16.055399	-0.015446	3.368312
73.238421	4229.635736	16.060403	-0.015405	3.366276
73.270066	4224.569324	16.065408	-0.015412	3.364305
73.497791	4219.724252	16.070413	-0.015466	3.362440
73.176276	4214.734813	16.075418	-0.015389	3.360461
73.152290	4209.660331	16.080423	-0.015383	3.358478
73.163945	4204.574039	16.085427	-0.015385	3.356493
73.071335	4199.514540	16.090432	-0.015363	3.354507
73.189430	4194.765959	16.095437	-0.015391	3.352663
72.976827	4189.725818	16.100442	-0.015340	3.350670
72.991860	4184.581119	16.105447	-0.015343	3.348658
73.002453	4179.330681	16.110451	-0.015345	3.346602
73.034809	4174.222765	16.115456	-0.015353	3.344604
72.938034	4169.516763	16.120461	-0.015329	3.342749
72.883062	4164.435018	16.125466	-0.015316	3.340750
72.835434	4159.395771	16.130471	-0.015304	3.338766
72.679472	4154.381349	16.135475	-0.015266	3.336781
72.862361	4149.249265	16.140480	-0.015310	3.334782
72.778566	4144.530060	16.145485	-0.015289	3.332918
72.645744	4139.503469	16.150490	-0.015257	3.330926
72.668024	4134.284162	16.155495	-0.015262	3.328874
72.575709	4129.037731	16.160499	-0.015240	3.326797
72.665258	4123.882558	16.165504	-0.015261	3.324774
72.538012	4119.134411	16.170509	-0.015230	3.322888
72.572619	4114.087373	16.175514	-0.015238	3.320900
72.522934	4109.005299	16.180519	-0.015226	3.318888
72.512324	4103.954025	16.185523	-0.015223	3.316891
72.327482	4098.914260	16.190528	-0.015179	3.314879
72.486755	4094.141015	16.195533	-0.015216	3.313007
72.478010	4089.042244	16.200538	-0.015214	3.310987
72.320035	4083.940757	16.205543	-0.015176	3.308950
72.390049	4078.710292	16.210547	-0.015192	3.306885
72.328817	4073.605612	16.215552	-0.015177	3.304854
72.326355	4068.860685	16.220557	-0.015176	3.302970
72.340588	4063.795736	16.225562	-0.015179	3.300961
72.261107	4058.783610	16.230567	-0.015160	3.298961
72.206913	4053.691761	16.235571	-0.015147	3.296931
72.131280	4048.582814	16.240576	-0.015128	3.294891
71.944071	4043.818478	16.245581	-0.015083	3.292975
72.178816	4038.721844	16.250586	-0.015139	3.290970
71.981460	4033.436541	16.255591	-0.015092	3.288843
71.918396	4028.254766	16.260595	-0.015076	3.286770
71.978598	4023.168163	16.265600	-0.015090	3.284746
71.939948	4018.400736	16.270605	-0.015081	3.282839
71.811307	4013.342656	16.275610	-0.015050	3.280805
71.730278	4008.274421	16.280615	-0.015030	3.278770
71.816015	4003.148160	16.285619	-0.015050	3.276728
71.811491	3998.186922	16.290624	-0.015049	3.274742
71.645475	3993.376588	16.295629	-0.015009	3.272798
71.776422	3988.326308	16.300634	-0.015040	3.270788
71.604859	3983.107721	16.305639	-0.014998	3.268677
71.768987	3977.940601	16.310643	-0.015037	3.266622
71.662370	3972.935441	16.315648	-0.015011	3.264601
71.694197	3968.111153	16.320653	-0.015019	3.262666
71.569341	3963.047089	16.325658	-0.014988	3.260617
71.367564	3958.035376	16.330663	-0.014940	3.258580
71.520240	3952.918069	16.335667	-0.014976	3.256536
71.423853	3947.991715	16.340672	-0.014953	3.254542
71.419036	3943.155615	16.345677	-0.014951	3.252593
71.333163	3938.104793	16.350682	-0.014930	3.250547
71.292244	3932.694066	16.355687	-0.014920	3.248359
71.360706	3927.588725	16.360691	-0.014936	3.246305
71.225507	3922.686809	16.365696	-0.014904	3.244310
71.315610	3917.727179	16.370701	-0.014925	3.242315
71.257223	3912.708290	16.375706	-0.014910	3.240278
71.219460	3907.619998	16.380711	-0.014901	3.238215
71.166662	3902.579045	16.385715	-0.014888	3.236167
71.078624	3897.726290	16.390720	-0.014867	3.234191
71.019228	3892.810398	16.395725	-0.014852	3.232191
71.013035	3887.717224	16.400730	-0.014850	3.230124
70.916049	3882.423303	16.405735	-0.014827	3.227964
71.055334	3877.351671	16.410739	-0.014860	3.225918
70.869419	3872.523743	16.415744	-0.014815	3.223935
70.938219	3867.517129	16.420749	-0.014831	3.221906
70.745267	3862.556916	16.425754	-0.014785	3.219866
70.735231	3857.412230	16.430759	-0.014782	3.217769
70.763329	3852.390077	16.435763	-0.014788	3.215725
70.837678	3847.563774	16.440768	-0.014806	3.213765
70.812793	3842.529179	16.445773	-0.014800	3.211707
70.625571	3837.403084	16.450778	-0.014755	3.209593
70.569019	3832.180426	16.455783	-0.014741	3.207453
70.561101	3827.145880	16.460787	-0.014738	3.205393
70.710202	3822.290489	16.465792	-0.014774	3.203423
70.584546	3817.240577	16.470797	-0.014743	3.201341
70.518829	3812.215956	16.475802	-0.014727	3.199276
70.529526	3807.129873	16.480807	-0.014730	3.197192
70.468426	3802.162306	16.485811	-0.014715	3.195147
70.397469	3797.322249	16.490816	-0.014697	3.193152
70.331494	3792.274951	16.495821	-0.014681	3.191072
70.340044	3786.968641	16.500826	-0.014683	3.188892
70.257624	3781.896907	16.505831	-0.014663	3.186797
70.188594	3776.990995	16.510835	-0.014646	3.184770
70.215234	3772.021453	16.515840	-0.014652	3.182726
70.085354	3767.010323	16.520845	-0.014621	3.180647
70.081743	3761.931279	16.525850	-0.014620	3.178552
70.073496	3756.871209	16.530855	-0.014617	3.176463
70.042091	3752.018771	16.535859	-0.014609	3.174456
70.090329	3747.029242	16.540864	-0.014621	3.172400
70.093814	3741.867852	16.545869	-0.014621	3.170266
69.922277	3736.596730	16.550874	-0.014580	3.168066
69.914471	3731.526890	16.555879	-0.014578	3.165966
69.841361	3726.743322	16.560883	-0.014560	3.163976
69.821278	3721.676605	16.565888	-0.014555	3.161873
69.794808	3716.622526	16.570893	-0.014548	3.159774
69.755354	3711.576849	16.575898	-0.014538	3.157675
69.813136	3706.519362	16.580903	-0.014552	3.155581
69.626037	3701.763871	16.585907	-0.014507	3.153583
69.721767	3696.638058	16.590912	-0.014529	3.151462
69.572211	3691.345524	16.595917	-0.014493	3.149242
69.567157	3686.197236	16.600922	-0.014492	3.147097
69.628701	3681.259694	16.605927	-0.014506	3.145046
69.628558	3676.345916	16.610931	-0.014506	3.142997
69.480526	3671.324646	16.615936	-0.014470	3.140885
69.466696	3666.214863	16.620941	-0.014466	3.138749
69.302524	3661.224327	16.625946	-0.014427	3.136645
69.276687	3656.388963	16.630951	-0.014420	3.134620
69.383467	3651.356371	16.635955	-0.014445	3.132527
69.354372	3646.180922	16.640960	-0.014438	3.130356
69.219627	3640.903190	16.645965	-0.014406	3.128129
69.191234	3635.869576	16.650970	-0.014398	3.126015
69.247213	3631.026007	16.655975	-0.014411	3.123990
69.259608	3625.954438	16.660979	-0.014414	3.121862
69.106789	3620.899704	16.665984	-0.014377	3.119720
69.257729	3615.794084	16.670989	-0.014413	3.117591
69.194264	3610.876121	16.675994	-0.014398	3.115515
69.051262	3605.998883	16.680999	-0.014363	3.113445
69.039174	3600.963029	16.686003	-0.014360	3.111322
68.817707	3595.714297	16.691008	-0.014306	3.109083
68.923883	3590.590861	16.696013	-0.014332	3.106934
68.813369	3585.762695	16.701018	-0.014305	3.104883
68.793695	3580.759085	16.706023	-0.014300	3.102767
68.739177	3575.757424	16.711027	-0.014286	3.100646
68.707876	3570.662803	16.716032	-0.014279	3.098487
68.736648	3565.604570	16.721037	-0.014285	3.096349
68.757488	3560.817227	16.726042	-0.014290	3.094324
68.551196	3555.829930	16.731047	-0.014240	3.092185
68.683214	3550.476837	16.736051	-0.014271	3.089930
68.678012	3545.293429	16.741056	-0.014270	3.087729
68.695981	3540.336523	16.746061	-0.014274	3.085625
68.557106	3535.501995	16.751066	-0.014240	3.083554
68.433865	3530.421405	16.756071	-0.014210	3.081378
68.437565	3525.357696	16.761075	-0.014211	3.079223
68.443067	3520.272120	16.766080	-0.014212	3.077057
68.381580	3515.455412	16.771085	-0.014197	3.074997
68.349072	3510.442235	16.776090	-0.014189	3.072855
68.212717	3505.329048	16.781095	-0.014156	3.070656
68.306455	3500.096541	16.786099	-0.014178	3.068432
68.175449	3495.103217	16.791104	-0.014146	3.066281
68.240006	3490.237129	16.796109	-0.014161	3.064208
68.296314	3485.179751	16.801114	-0.014175	3.062049
68.180268	3480.132319	16.806119	-0.014147	3.059873
68.254318	3475.059659	16.811123	-0.014164	3.057708
68.110123	3470.167714	16.816128	-0.014129	3.055592
68.043017	3465.271564	16.821133	-0.014113	3.053482
67.995417	3460.189589	16.826138	-0.014101	3.051293
67.914579	3454.820733	16.831143	-0.014081	3.048975
67.940577	3449.767132	16.836147	-0.014087	3.046804
67.789267	3444.967397	16.841152	-0.014051	3.044720
67.891235	3439.863422	16.846157	-0.014075	3.042533
67.814906	3434.849064	16.851162	-0.014056	3.040362
67.575576	3429.813710	16.856167	-0.013999	3.038161
67.628152	3424.878316	16.861171	-0.014011	3.036036
67.635437	3419.946739	16.866176	-0.014012	3.033906
67.607602	3414.887695	16.871181	-0.014005	3.031716
67.656559	3409.589382	16.876186	-0.014017	3.029429
67.552956	3404.532382	16.881191	-0.013992	3.027227
67.489768	3399.711219	16.886195	-0.013976	3.025130
67.534133	3394.650226	16.891200	-0.013986	3.022941
67.383017	3389.660663	16.896205	-0.013950	3.020757
67.405112	3384.564354	16.901210	-0.013955	3.018547
67.529715	3379.537775	16.906215	-0.013984	3.016378
67.366410	3374.663098	16.911219	-0.013945	3.014238
67.331507	3369.573714	16.916224	-0.013936	3.012019
67.353984	3364.171715	16.921229	-0.013941	3.009669
67.403648	3359.102084	16.926234	-0.013953	3.007465
67.178059	3354.268892	16.931239	-0.013899	3.005330
67.229609	3349.268953	16.936243	-0.013911	3.003154
67.144174	3344.235473	16.941248	-0.013890	3.000945
66.994575	3339.170995	16.946253	-0.013854	2.998712
67.057166	3334.161805	16.951258	-0.013868	2.996529
67.067032	3329.294445	16.956263	-0.013870	2.994399
67.023887	3324.283792	16.961267	-0.013860	2.992199
66.992864	3318.975153	16.966272	-0.013852	2.989868
66.909349	3313.899600	16.971277	-0.013832	2.987630
67.068746	3309.015805	16.976282	-0.013870	2.985506
66.826068	3304.079377	16.981287	-0.013811	2.983307
66.689680	3299.076879	16.986291	-0.013778	2.981090
66.804175	3293.941889	16.991296	-0.013805	2.978845
66.859921	3288.959878	16.996301	-0.013818	2.976658
66.794101	3284.110135	17.001306	-0.013802	2.974512
66.784305	3279.030787	17.006311	-0.013800	2.972271
66.693263	3273.636088	17.011315	-0.013777	2.969879
66.639302	3268.580743	17.016320	-0.013764	2.967639
66.666452	3263.715896	17.021325	-0.013770	2.965492
66.458989	3258.773750	17.026330	-0.013720	2.963280
66.496726	3253.676178	17.031335	-0.013729	2.961028
66.403222	3248.637389	17.036339	-0.013706	2.958784
66.497492	3243.639149	17.041344	-0.013729	2.956580
66.441528	3238.733066	17.046349	-0.013715	2.954396
66.469558	3233.669662	17.051354	-0.013721	2.952151
66.354395	3228.414211	17.056359	-0.013693	2.949801
66.262483	3223.369003	17.061363	-0.013671	2.947546
66.405466	3218.497733	17.066368	-0.013705	2.945396
66.159927	3213.544585	17.071373	-0.013646	2.943159
66.107691	3208.498841	17.076378	-0.013633	2.940903
66.106628	3203.389907	17.081383	-0.013633	2.938624
66.227661	3198.452091	17.086387	-0.013661	2.936435
66.157506	3193.538310	17.091392	-0.013644	2.934231
66.086390	3188.428191	17.096397	-0.013627	2.931937
65.959824	3183.132215	17.101402	-0.013596	2.929551
65.874938	3178.104658	17.106407	-0.013576	2.927289
65.886420	3173.307614	17.111411	-0.013578	2.925141
66.016900	3168.183551	17.116416	-0.013609	2.922860
65.823675	3163.146469	17.121421	-0.013562	2.920574
65.826424	3158.075986	17.126426	-0.013563	2.918297
65.921610	3153.198151	17.131431	-0.013585	2.916117
65.797986	3148.241732	17.136435	-0.013555	2.913871
65.849178	3143.041438	17.141440	-0.013567	2.911536
65.642788	3137.938683	17.146445	-0.013517	2.909210
65.553757	3132.981468	17.151450	-0.013496	2.906963
65.532254	3128.073713	17.156455	-0.013490	2.904746
65.560734	3123.055137	17.161459	-0.013497	2.902483
65.358027	3117.983412	17.166464	-0.013448	2.900164
65.524637	3112.886757	17.171469	-0.013488	2.897881
65.400493	3108.130804	17.176474	-0.013458	2.895711
65.521827	3103.022529	17.181479	-0.013486	2.893413
65.308210	3097.694106	17.186483	-0.013435	2.890969
65.341641	3092.520454	17.191488	-0.013442	2.888626
65.239751	3087.614055	17.196493	-0.013418	2.886384
65.188007	3082.664074	17.201498	-0.013405	2.884128
65.127076	3077.611559	17.206503	-0.013390	2.881821
65.227604	3072.536325	17.211507	-0.013414	2.879524
65.104733	3067.549558	17.216512	-0.013384	2.877236
65.183075	3062.633170	17.221517	-0.013403	2.875005
65.109613	3057.594889	17.226522	-0.013385	2.872696
64.999768	3052.337527	17.231527	-0.013358	2.870281
65.018636	3047.290417	17.236531	-0.013362	2.867976
64.977093	3042.462711	17.241536	-0.013352	2.865762
64.829096	3037.428983	17.246541	-0.013316	2.863438
64.881586	3032.371896	17.251546	-0.013329	2.861128
64.789735	3027.296106	17.256551	-0.013306	2.858789
64.812145	3022.438189	17.261555	-0.013311	2.856562
64.815601	3017.425789	17.266560	-0.013312	2.854261
64.765089	3012.241651	17.271565	-0.013299	2.851871
64.643089	3007.036543	17.276570	-0.013270	2.849461
64.543277	3002.105989	17.281575	-0.013246	2.847177
64.646152	2997.142112	17.286579	-0.013270	2.844904
64.539283	2992.111945	17.291584	-0.013244	2.842570
64.544013	2987.047360	17.296589	-0.013245	2.840233
64.394072	2982.051617	17.301594	-0.013209	2.837905
64.462319	2977.169908	17.306599	-0.013225	2.835658
64.514823	2972.117877	17.311603	-0.013237	2.833327
64.523488	2966.834081	17.316608	-0.013239	2.830882
64.305566	2961.801476	17.321613	-0.013186	2.828520
64.289434	2956.988066	17.326618	-0.013182	2.826285
64.115680	2952.003356	17.331623	-0.013140	2.823948
64.193059	2946.901729	17.336627	-0.013158	2.821588
64.188250	2941.853876	17.341632	-0.013157	2.819240
64.183879	2936.942880	17.346637	-0.013155	2.816955
64.154467	2932.006349	17.351642	-0.013148	2.814651
64.058557	2926.780028	17.356647	-0.013125	2.812202
63.958141	2921.585716	17.361651	-0.013100	2.809765
63.848702	2916.621160	17.366656	-0.013074	2.807432
63.897142	2911.691262	17.371661	-0.013085	2.805135
63.887057	2906.672459	17.376666	-0.013083	2.802786
63.963856	2901.531684	17.381671	-0.013101	2.800390
63.836726	2896.567081	17.386675	-0.013070	2.798047
63.847585	2891.703914	17.391680	-0.013072	2.795768
63.722553	2886.665874	17.396685	-0.013042	2.793387
63.782267	2881.387819	17.401690	-0.013056	2.790916
63.779603	2876.294737	17.406695	-0.013055	2.788522
63.730792	2871.476970	17.411699	-0.013043	2.786248
63.764007	2866.428241	17.416704	-0.013050	2.783875
63.603867	2861.389135	17.421709	-0.013012	2.781478
63.677487	2856.237893	17.426714	-0.013029	2.779059
63.517119	2851.400071	17.431719	-0.012990	2.776753
63.523957	2846.394812	17.436723	-0.012992	2.774389
63.465856	2841.136494	17.441728	-0.012978	2.771894
63.308294	2836.001323	17.446733	-0.012940	2.769441
63.463531	2831.066856	17.451738	-0.012976	2.767125
63.392795	2826.086755	17.456743	-0.012959	2.764754
63.243558	2821.086834	17.461747	-0.012923	2.762360
63.297197	2815.991204	17.466752	-0.012936	2.759948
63.189679	2811.084257	17.471757	-0.012910	2.757600
63.256361	2806.150275	17.476762	-0.012925	2.755262
63.184515	2801.010502	17.481767	-0.012908	2.752804
63.241583	2795.784099	17.486771	-0.012921	2.750321
63.105944	2790.836722	17.491776	-0.012888	2.747942
63.130732	2785.923870	17.496781	-0.012894	2.745600
62.986499	2780.933460	17.501786	-0.012859	2.743195
62.955532	2775.847308	17.506791	-0.012851	2.740758
62.988994	2770.842373	17.511795	-0.012859	2.738367
62.964264	2765.967859	17.516800	-0.012853	2.736028
62.808318	2760.936118	17.521805	-0.012815	2.733592
62.788949	2755.612142	17.526810	-0.012810	2.731034
62.662489	2750.573818	17.531815	-0.012780	2.728596
62.716732	2745.706247	17.536819	-0.012792	2.726263
62.618189	2740.655552	17.541824	-0.012768	2.723818
62.632592	2735.586785	17.546829	-0.012771	2.721379
62.633665	2730.527175	17.551834	-0.012771	2.718939
62.469571	2725.737375	17.556839	-0.012732	2.716604
62.511335	2720.693258	17.561843	-0.012741	2.714174
62.336390	2715.462725	17.566848	-0.012699	2.711620
62.435544	2710.359109	17.571853	-0.012723	2.709165
62.568073	2705.478188	17.576858	-0.012754	2.706821
62.326882	2700.494293	17.581863	-0.012696	2.704370
62.373644	2695.410883	17.586867	-0.012707	2.701910
62.289190	2690.370063	17.591872	-0.012686	2.699450
62.234317	2685.536252	17.596877	-0.012673	2.697093
62.163150	2680.563395	17.601882	-0.012656	2.694663
62.043348	2675.253314	17.606887	-0.012627	2.692060
62.109258	2670.123871	17.611891	-0.012642	2.689570
62.058650	2665.264376	17.616896	-0.012630	2.687192
61.922818	2660.296098	17.621901	-0.012597	2.684746
61.870666	2655.244079	17.626906	-0.012584	2.682269
61.851937	2650.166299	17.631911	-0.012579	2.679783
61.901584	2645.290021	17.636915	-0.012591	2.677402
61.937700	2640.259741	17.641920	-0.012599	2.674942
61.887682	2634.962251	17.646925	-0.012587	2.672337
61.802508	2629.876279	17.651930	-0.012566	2.669827
61.942411	2624.952143	17.656935	-0.012599	2.667427
61.746556	2619.997732	17.661939	-0.012552	2.664961
61.706393	2614.940250	17.666944	-0.012542	2.662465
61.750541	2609.851980	17.671949	-0.012552	2.659964
61.714868	2605.017122	17.676954	-0.012543	2.657574
61.654722	2600.015776	17.681959	-0.012529	2.655096
61.617319	2594.731279	17.686963	-0.012519	2.652479
61.463888	2589.605648	17.691968	-0.012482	2.649920
61.571167	2584.715708	17.696973	-0.012508	2.647515
61.496788	2579.725133	17.701978	-0.012490	2.645031
61.365800	2574.655131	17.706983	-0.012458	2.642496
61.361991	2569.585518	17.711987	-0.012457	2.639978
61.434201	2564.701467	17.716992	-0.012474	2.637561
61.269846	2559.724751	17.721997	-0.012434	2.635061
61.299127	2554.501174	17.727002	-0.012441	2.632464
61.135818	2549.455043	17.732007	-0.012401	2.629924
61.284514	2544.538169	17.737011	-0.012437	2.627493
61.088336	2539.573230	17.742016	-0.012389	2.624984
61.113731	2534.470673	17.747021	-0.012395	2.622438
60.978186	2529.446557	17.752026	-0.012362	2.619903
60.903670	2524.624414	17.757031	-0.012344	2.617477
61.087007	2519.549143	17.762035	-0.012388	2.614960
60.984833	2514.230591	17.767040	-0.012363	2.612276
60.946391	2509.160325	17.772045	-0.012353	2.609723
60.769927	2504.389327	17.777050	-0.012311	2.607297
60.770643	2499.295788	17.782055	-0.012311	2.604734
60.776966	2494.207101	17.787059	-0.012312	2.602172
60.758445	2489.201225	17.792064	-0.012307	2.599644
60.781135	2484.346545	17.797069	-0.012312	2.597198
60.748240	2479.293187	17.802074	-0.012304	2.594639
60.543385	2474.090293	17.807079	-0.012255	2.591976
60.579369	2469.060036	17.812083	-0.012263	2.589435
60.528093	2464.197739	17.817088	-0.012250	2.586964
60.505834	2459.144229	17.822093	-0.012245	2.584397
60.365587	2454.124131	17.827098	-0.012211	2.581826
60.369584	2449.125476	17.832103	-0.012212	2.579286
60.362799	2444.171225	17.837107	-0.012210	2.576765
60.342270	2439.026274	17.842112	-0.012204	2.574142
60.271144	2433.813924	17.847117	-0.012187	2.571473
60.183382	2428.891873	17.852122	-0.012166	2.568948
60.218869	2423.902116	17.857127	-0.012174	2.566405
60.263209	2418.837059	17.862131	-0.012184	2.563822
60.125677	2413.791408	17.867136	-0.012151	2.561218
60.178867	2408.848659	17.872141	-0.012163	2.558694
60.130332	2403.890568	17.877146	-0.012151	2.556144
59.941513	2398.750473	17.882151	-0.012106	2.553475
59.917001	2393.625786	17.887155	-0.012100	2.550838
60.027161	2388.699147	17.892160	-0.012126	2.548321
60.005633	2383.671768	17.897165	-0.012120	2.545728
59.957236	2378.648706	17.902170	-0.012108	2.543132
59.897433	2373.555393	17.907175	-0.012094	2.540494
59.705551	2368.786873	17.912179	-0.012048	2.538000
59.747915	2363.729785	17.917184	-0.012057	2.535392
59.800757	2358.365372	17.922189	-0.012070	2.532624
59.707081	2353.376258	17.927194	-0.012047	2.530024
59.673482	2348.493210	17.932199	-0.012039	2.527486
59.664392	2343.424212	17.937203	-0.012036	2.524853
59.648511	2338.352994	17.942208	-0.012032	2.522215
59.629476	2333.361530	17.947213	-0.012027	2.519615
59.533559	2328.496345	17.952218	-0.012004	2.517065
59.443849	2323.370275	17.957223	-0.011982	2.514378
59.340357	2318.230980	17.962227	-0.011957	2.511680
59.443723	2313.245571	17.967232	-0.011981	2.509092
59.282184	2308.333229	17.972237	-0.011942	2.506496
59.271968	2303.277582	17.977242	-0.011940	2.503848
59.227199	2298.208821	17.982247	-0.011929	2.501184
59.275167	2293.320134	17.987251	-0.011940	2.498627
59.191173	2288.342179	17.992256	-0.011919	2.495999
59.035230	2283.028333	17.997261	-0.011882	2.493179
58.989351	2277.970378	18.002266	-0.011870	2.490510
59.024501	2273.068292	18.007271	-0.011878	2.487932
58.921699	2267.971868	18.012275	-0.011854	2.485227
59.029188	2262.838445	18.017280	-0.011879	2.482534
58.956217	2257.865209	18.022285	-0.011861	2.479893
58.801387	2253.019773	18.027290	-0.011824	2.477304
58.730356	2247.865083	18.032295	-0.011806	2.474561
58.672813	2242.754604	18.037299	-0.011792	2.471842
58.708606	2237.813483	18.042304	-0.011801	2.469224
58.673391	2232.795490	18.047309	-0.011792	2.466552
58.680941	2227.763171	18.052314	-0.011793	2.463875
58.629682	2222.692554	18.057319	-0.011781	2.461166
58.660531	2217.834543	18.062323	-0.011788	2.458581
58.604449	2212.798890	18.067328	-0.011774	2.455884
58.575852	2207.507970	18.072333	-0.011767	2.453052
58.436651	2202.504143	18.077338	-0.011733	2.450351
58.562283	2197.562382	18.082343	-0.011763	2.447726
58.387924	2192.573860	18.087347	-0.011721	2.445022
58.329961	2187.501065	18.092352	-0.011707	2.442289
58.151731	2182.584269	18.097357	-0.011664	2.439617
58.291322	2177.614062	18.102362	-0.011697	2.436967
58.144849	2172.476302	18.107367	-0.011662	2.434176
58.189233	2167.332752	18.112371	-0.011672	2.431410
58.172029	2162.459150	18.117376	-0.011667	2.428777
58.020596	2157.473845	18.122381	-0.011631	2.426057
58.108117	2152.380887	18.127386	-0.011651	2.423317
58.021311	2147.347199	18.132391	-0.011630	2.420576
58.065845	2142.435131	18.137395	-0.011641	2.417921
57.868532	2137.361525	18.142400	-0.011593	2.415133
57.871432	2132.111254	18.147405	-0.011593	2.412281
57.847165	2127.207506	18.152410	-0.011587	2.409609
57.785833	2122.200561	18.157415	-0.011572	2.406871
57.731349	2117.170581	18.162419	-0.011559	2.404119
57.692271	2112.098674	18.167424	-0.011549	2.401344
57.544490	2107.278128	18.172429	-0.011514	2.398684
57.610359	2102.202367	18.177434	-0.011529	2.395918
57.570590	2096.968925	18.182439	-0.011519	2.393044
57.465983	2092.026787	18.187443	-0.011494	2.390316
57.488403	2087.085792	18.192448	-0.011499	2.387607
57.354918	2082.063648	18.197453	-0.011467	2.384823
57.439245	2076.927356	18.202458	-0.011487	2.382011
57.372422	2072.039913	18.207463	-0.011470	2.379307
57.412158	2067.025112	18.212467	-0.011479	2.376548
57.307726	2061.739933	18.217472	-0.011454	2.373610
57.219522	2056.710151	18.222477	-0.011433	2.370814
57.175384	2051.847700	18.227482	-0.011422	2.368115
57.253191	2046.745311	18.232487	-0.011440	2.365300
57.156478	2041.713211	18.237491	-0.011417	2.362491
57.220260	2036.761266	18.242496	-0.011432	2.359751
56.970119	2031.851426	18.247501	-0.011371	2.356977
57.031001	2026.625042	18.252506	-0.011386	2.354077
56.908101	2021.582559	18.257511	-0.011356	2.351244
56.815338	2016.742363	18.262515	-0.011333	2.348526
56.944987	2011.635926	18.267520	-0.011364	2.345695
56.750670	2006.585504	18.272525	-0.011317	2.342835
56.629382	2001.709756	18.277530	-0.011288	2.340082
56.559003	1996.743524	18.282535	-0.011271	2.337284
56.541031	1991.456023	18.287539	-0.011266	2.334311
56.582131	1986.347627	18.292544	-0.011276	2.331446
56.676785	1981.408834	18.297549	-0.011298	2.328683
56.574680	1976.403427	18.302554	-0.011273	2.325844
56.560365	1971.315128	18.307559	-0.011269	2.322970
56.353719	1966.421171	18.312563	-0.011220	2.320167
56.433143	1961.435964	18.317568	-0.011238	2.317362
56.496696	1956.193526	18.322573	-0.011253	2.314404
56.455030	1951.163524	18.327578	-0.011243	2.311544
56.363210	1946.290960	18.332583	-0.011221	2.308761
56.331679	1941.247004	18.337587	-0.011213	2.305887
56.287734	1936.183718	18.342592	-0.011202	2.302997
56.219571	1931.258553	18.347597	-0.011185	2.300178
56.110661	1926.298366	18.352602	-0.011159	2.297328
56.125590	1921.006342	18.357607	-0.011162	2.294307
56.119921	1915.952826	18.362611	-0.011161	2.291415
55.994430	1911.099300	18.367616	-0.011130	2.288612
56.032531	1905.995377	18.372621	-0.011139	2.285692
55.882867	1900.995614	18.377626	-0.011103	2.282793
55.911113	1896.077928	18.382631	-0.011109	2.279971
55.891646	1891.064004	18.387635	-0.011104	2.277081
55.801443	1885.882135	18.392640	-0.011082	2.274077
55.728958	1880.898238	18.397645	-0.011065	2.271187
55.855860	1875.926603	18.402650	-0.011095	2.268337
55.610501	1870.915477	18.407655	-0.011036	2.265392
55.838568	1865.746731	18.412659	-0.011090	2.262440
55.642825	1860.963672	18.417664	-0.011043	2.259628
55.421208	1855.926457	18.422669	-0.010990	2.256661
55.485346	1850.655199	18.427674	-0.011005	2.253607
55.457575	1845.705065	18.432679	-0.010998	2.250718
55.216411	1840.783494	18.437683	-0.010940	2.247803
55.449244	1835.653739	18.442688	-0.010995	2.244851
55.229682	1830.662542	18.447693	-0.010942	2.241891
55.377629	1825.743927	18.452698	-0.010977	2.239040
55.263162	1820.615720	18.457703	-0.010949	2.236012
55.309556	1815.468648	18.462707	-0.010960	2.232999
55.101222	1810.574483	18.467712	-0.010910	2.230082
55.138238	1805.537624	18.472717	-0.010919	2.227125
55.097387	1800.475686	18.477722	-0.010909	2.224134
55.030472	1795.521520	18.482727	-0.010892	2.221197
54.974649	1790.588572	18.487731	-0.010879	2.218271
54.971414	1785.341989	18.492736	-0.010877	2.215166
54.837446	1780.294340	18.497741	-0.010845	2.212149
54.821007	1775.384115	18.502746	-0.010841	2.209233
54.777905	1770.333854	18.507751	-0.010830	2.206224
54.651557	1765.313560	18.512755	-0.010800	2.203212
54.647684	1760.423090	18.517760	-0.010798	2.200298
54.633419	1755.337207	18.522765	-0.010795	2.197261
54.679955	1750.123739	18.527770	-0.010805	2.194155
54.666758	1745.148727	18.532775	-0.010802	2.191176
54.562384	1740.194737	18.537779	-0.010777	2.188188
54.509730	1735.170187	18.542784	-0.010764	2.185164
54.346239	1730.202940	18.547789	-0.010724	2.182148
54.337830	1725.307888	18.552794	-0.010722	2.179202
54.257366	1720.106514	18.557799	-0.010702	2.176053
54.349640	1714.910536	18.562803	-0.010724	2.172936
54.248586	1710.056791	18.567808	-0.010700	2.169984
54.239207	1704.998057	18.572813	-0.010697	2.166922
54.232152	1699.905546	18.577818	-0.010695	2.163836
54.056655	1695.022298	18.582823	-0.010653	2.160839
54.059718	1689.990898	18.587827	-0.010653	2.157783
54.040395	1684.803416	18.592832	-0.010648	2.154623
54.126726	1679.786199	18.597837	-0.010669	2.151583
54.026335	1674.866129	18.602842	-0.010644	2.148562
53.919997	1669.830655	18.607847	-0.010618	2.145464
53.833464	1664.854943	18.612851	-0.010597	2.142402
53.806845	1659.941145	18.617856	-0.010591	2.139386
53.677493	1654.768947	18.622861	-0.010559	2.136186
53.747900	1649.604701	18.627866	-0.010576	2.133027
53.568961	1644.740807	18.632871	-0.010533	2.129997
53.668155	1639.623795	18.637875	-0.010556	2.126864
53.558345	1634.605975	18.642880	-0.010530	2.123744
53.472432	1629.740440	18.647885	-0.010509	2.120719
53.483029	1624.679911	18.652890	-0.010511	2.117589
53.403990	1619.501771	18.657895	-0.010492	2.114363
53.375625	1614.578742	18.662899	-0.010485	2.111300
53.317817	1609.602545	18.667904	-0.010470	2.108194
53.262342	1604.530500	18.672909	-0.010457	2.105025
53.315785	1599.575406	18.677914	-0.010469	2.101945
53.206167	1594.615445	18.682919	-0.010443	2.098825
53.167819	1589.335022	18.687923	-0.010433	2.095514
53.184379	1584.315780	18.692928	-0.010437	2.092373
53.085444	1579.384085	18.697933	-0.010413	2.089258
53.074485	1574.322860	18.702938	-0.010410	2.086076
52.969275	1569.336347	18.707943	-0.010385	2.082916
52.889987	1564.445449	18.712947	-0.010365	2.079817
52.990057	1559.262821	18.717952	-0.010389	2.076566
52.741465	1554.221968	18.722957	-0.010329	2.073328
52.705609	1549.353003	18.727962	-0.010320	2.070237
52.686825	1544.239973	18.732967	-0.010315	2.066991
52.623365	1539.202778	18.737971	-0.010300	2.063778
52.594138	1534.367147	18.742976	-0.010293	2.060696
52.686734	1529.148401	18.747981	-0.010314	2.057390
52.593037	1523.989776	18.752986	-0.010292	2.054079
52.544041	1519.106857	18.757991	-0.010280	2.050947
52.446280	1514.086254	18.762995	-0.010256	2.047713
52.397165	1509.040277	18.768000	-0.010244	2.044467
52.308691	1504.144354	18.773005	-0.010222	2.041305
52.320244	1499.060213	18.778010	-0.010225	2.038037
52.289905	1493.865655	18.783015	-0.010217	2.034684
52.178326	1488.986285	18.788019	-0.010190	2.031512
52.106584	1484.008722	18.793024	-0.010173	2.028280
52.111047	1478.915784	18.798029	-0.010173	2.024984
51.990498	1474.040784	18.803034	-0.010144	2.021797
52.102045	1468.975660	18.808039	-0.010171	2.018532
52.012038	1463.718955	18.813043	-0.010149	2.015093
52.012638	1458.792583	18.818048	-0.010149	2.011884
52.000799	1453.725475	18.823053	-0.010145	2.008575
51.836806	1448.731412	18.828058	-0.010106	2.005274
51.826160	1443.782326	18.833063	-0.010103	2.002032
51.736107	1438.796821	18.838067	-0.010081	1.998743
51.672733	1433.627881	18.843072	-0.010066	1.995333
51.645397	1428.673874	18.848077	-0.010059	1.992067
51.581034	1423.699408	18.853082	-0.010043	1.988775
51.524874	1418.660087	18.858087	-0.010029	1.985435
51.631276	1413.649816	18.863091	-0.010054	1.982146
51.477432	1408.671986	18.868096	-0.010017	1.978814
51.443795	1403.425124	18.873101	-0.010009	1.975325
51.369322	1398.501056	18.878106	-0.009991	1.972036
51.319510	1393.519624	18.883111	-0.009979	1.968708
51.108733	1388.518605	18.888115	-0.009928	1.965326
51.390008	1383.500255	18.893120	-0.009995	1.962036
51.276600	1378.489039	18.898125	-0.009967	1.958657
51.146282	1373.333551	18.903130	-0.009936	1.955171
51.129689	1368.409619	18.908135	-0.009932	1.951861
51.085369	1363.398536	18.913139	-0.009921	1.948480
51.129853	1358.321061	18.918144	-0.009931	1.945068
50.907205	1353.489163	18.923149	-0.009877	1.941756
50.895660	1348.411765	18.928154	-0.009874	1.938320
50.950874	1343.228653	18.933159	-0.009887	1.934822
50.781419	1338.376160	18.938163	-0.009846	1.931490
50.632472	1333.339231	18.943168	-0.009810	1.928032
50.746832	1328.238587	18.948173	-0.009837	1.924584
50.671075	1323.353272	18.953178	-0.009819	1.921234
50.558398	1318.240216	18.958183	-0.009792	1.917713
50.500887	1313.183683	18.963187	-0.009778	1.914238
50.508240	1308.248238	18.968192	-0.009779	1.910854
50.448066	1303.179250	18.973197	-0.009764	1.907357
50.305431	1298.224613	18.978202	-0.009730	1.903912
50.456089	1293.209663	18.983207	-0.009766	1.900489
50.348256	1287.999545	18.988211	-0.009739	1.896864
50.318057	1283.011420	18.993216	-0.009732	1.893404
50.083501	1278.095274	18.998221	-0.009675	1.889939
50.093073	1273.037743	19.003226	-0.009677	1.886427
50.176221	1268.051032	19.008231	-0.009697	1.882976
49.981598	1263.106564	19.013235	-0.009650	1.879482
49.998216	1257.886720	19.018240	-0.009654	1.875839
49.881993	1252.984525	19.023245	-0.009626	1.872379
49.841425	1247.965842	19.028250	-0.009616	1.868850
49.968667	1242.868621	19.033255	-0.009646	1.865298
49.840423	1238.024476	19.038259	-0.009615	1.861858
49.795816	1232.858607	19.043264	-0.009604	1.858203
49.759515	1227.722404	19.048269	-0.009595	1.854565
49.594890	1222.819921	19.053274	-0.009555	1.851054
49.559938	1217.759179	19.058279	-0.009546	1.847455
49.601847	1212.752028	19.063283	-0.009556	1.843906
49.512445	1207.813231	19.068288	-0.009534	1.840367
49.556228	1202.599739	19.073293	-0.009544	1.836658
49.539663	1197.657332	19.078298	-0.009540	1.833120
49.396700	1192.693374	19.083303	-0.009506	1.829529
49.332319	1187.618523	19.088307	-0.009490	1.825870
49.283017	1182.730677	19.093312	-0.009478	1.822343
49.322076	1177.577118	19.098317	-0.009487	1.818638
49.287294	1172.449185	19.103322	-0.009478	1.814927
49.171378	1167.552030	19.108327	-0.009450	1.811355
49.315016	1162.423584	19.113331	-0.009484	1.807672
49.026999	1157.525386	19.118336	-0.009415	1.804042
49.103910	1152.501441	19.123341	-0.009433	1.800404
48.925712	1147.385306	19.128346	-0.009390	1.796627
48.919535	1142.444372	19.133351	-0.009388	1.793014
48.944132	1137.417524	19.138355	-0.009394	1.789338
48.829795	1132.398864	19.143360	-0.009366	1.785626
48.728887	1127.493860	19.148365	-0.009342	1.781993
48.797833	1122.271403	19.153370	-0.009358	1.778161
48.584248	1117.292999	19.158375	-0.009306	1.774430
48.541225	1112.316703	19.163379	-0.009296	1.770736
48.540259	1107.250037	19.168384	-0.009295	1.766978
48.456531	1102.331110	19.173389	-0.009275	1.763301
48.525064	1097.229323	19.178394	-0.009291	1.759518
48.400300	1092.118513	19.183399	-0.009261	1.755671
48.279377	1087.249694	19.188403	-0.009232	1.751998
48.272889	1082.188297	19.193408	-0.009230	1.748202
48.266857	1077.191070	19.198413	-0.009228	1.744446
48.237731	1072.210442	19.203418	-0.009221	1.740688
48.062906	1067.015502	19.208423	-0.009178	1.736723
48.068210	1062.076968	19.213427	-0.009179	1.732990
48.015945	1057.053189	19.218432	-0.009167	1.729169
47.954704	1052.048767	19.223437	-0.009152	1.725351
47.945596	1047.116217	19.228442	-0.009149	1.721594
47.874171	1041.930336	19.233447	-0.009132	1.717619
47.709717	1037.012778	19.238451	-0.009092	1.713815
47.614631	1032.047854	19.243456	-0.009069	1.709985
47.727004	1026.949293	19.248461	-0.009096	1.706098
47.830188	1022.011402	19.253466	-0.009120	1.702324
47.697239	1016.831404	19.258471	-0.009088	1.698291
47.513699	1011.837082	19.263475	-0.009044	1.694380
47.530739	1006.840477	19.268480	-0.009047	1.690511
47.500216	1001.776353	19.273485	-0.009040	1.686568
47.492714	996.859893	19.278490	-0.009038	1.682737
47.341751	991.777203	19.283495	-0.009001	1.678728
47.250650	986.749506	19.288499	-0.008979	1.674770
47.207662	981.778396	19.293504	-0.008968	1.670859
47.158844	976.726765	19.298509	-0.008956	1.666874
47.158261	971.828271	19.303514	-0.008956	1.663014
47.085541	966.676703	19.308519	-0.008938	1.658925
46.946705	961.637545	19.313523	-0.008905	1.654896
46.977785	956.644927	19.318528	-0.008912	1.650942
46.968532	951.583142	19.323533	-0.008909	1.646912
46.875018	946.712242	19.328538	-0.008887	1.643001
46.885431	941.543070	19.333543	-0.008889	1.638870
46.856252	936.521200	19.338547	-0.008881	1.634837
46.777161	931.568421	19.343552	-0.008862	1.630835
46.591936	926.574472	19.348557	-0.008818	1.626761
46.596068	921.665786	19.353562	-0.008818	1.622798
46.511690	916.443120	19.358567	-0.008798	1.618546
46.487456	911.438291	19.363571	-0.008792	1.614477
46.418209	906.455203	19.368576	-0.008775	1.610403
46.322326	901.451612	19.373581	-0.008751	1.606294
46.150772	896.568033	19.378586	-0.008710	1.602251
46.236867	891.328096	19.383591	-0.008730	1.597979
46.066510	886.441335	19.388595	-0.008689	1.593912
46.277697	881.337077	19.393600	-0.008739	1.589766
46.028693	876.421496	19.398605	-0.008680	1.585632
46.003021	871.399293	19.403610	-0.008673	1.581463
45.915445	866.231579	19.408615	-0.008652	1.577144
45.946304	861.286657	19.413619	-0.008659	1.573034
45.880500	856.246444	19.418624	-0.008643	1.568805
45.840616	851.277852	19.423629	-0.008633	1.564633
45.715886	846.251149	19.428634	-0.008603	1.560375
45.626867	841.199915	19.433639	-0.008581	1.556095
45.666167	836.219224	19.438643	-0.008590	1.551902
45.684856	831.131160	19.443648	-0.008594	1.547599
45.572743	826.253092	19.448653	-0.008567	1.543425
45.456180	821.076047	19.453658	-0.008539	1.538983
45.459397	816.083063	19.458663	-0.008539	1.534721
45.423324	811.036825	19.463667	-0.008531	1.530390
45.366435	806.049033	19.468672	-0.008517	1.526090
45.277158	801.068577	19.473677	-0.008495	1.521775
45.160844	795.987606	19.478682	-0.008467	1.517353
45.199803	791.012794	19.483687	-0.008476	1.513056
45.031042	785.988067	19.488691	-0.008435	1.508641
45.218620	780.998451	19.493696	-0.008480	1.504353
45.059867	775.873211	19.498701	-0.008441	1.499827
45.005654	770.860547	19.503706	-0.008428	1.495419
44.818446	765.924467	19.508711	-0.008383	1.491024
44.731321	760.927164	19.513715	-0.008362	1.486592
44.802452	755.899839	19.518720	-0.008378	1.482170
44.711416	750.801110	19.523725	-0.008356	1.477621
44.679337	745.875685	19.528730	-0.008348	1.473231
44.618258	740.813005	19.533735	-0.008333	1.468696
44.434349	735.944924	19.538739	-0.008289	1.464282
44.517678	730.737719	19.543744	-0.008309	1.459635
44.304627	725.799474	19.548749	-0.008257	1.455121
44.365385	720.730501	19.553754	-0.008272	1.450563
44.299571	715.759622	19.558759	-0.008256	1.446038
44.315810	710.696385	19.563763	-0.008259	1.441442
44.212928	705.656551	19.568768	-0.008234	1.436813
44.194815	700.666380	19.573773	-0.008230	1.432243
44.019802	695.714210	19.578778	-0.008187	1.427642
43.960913	690.740952	19.583783	-0.008173	1.423045
43.966354	685.532806	19.588787	-0.008174	1.418236
43.964963	680.594917	19.593792	-0.008173	1.413660
43.776578	675.580676	19.598797	-0.008128	1.408936
43.738865	670.656182	19.603802	-0.008119	1.404330
43.838998	665.461681	19.608807	-0.008142	1.399501
43.636275	660.568957	19.613811	-0.008093	1.394838
43.559124	655.548356	19.618816	-0.008075	1.390082
43.490333	650.598917	19.623821	-0.008058	1.385379
43.487607	645.456541	19.628826	-0.008057	1.380498
43.391758	640.453197	19.633831	-0.008034	1.375702
43.415591	635.409327	19.638835	-0.008039	1.370891
43.229432	630.493479	19.643840	-0.007994	1.366114
43.270991	625.392990	19.648845	-0.008004	1.361220
43.146071	620.388542	19.653850	-0.007973	1.356345
43.084306	615.411011	19.658855	-0.007958	1.351499
43.094307	610.401229	19.663859	-0.007960	1.346630
42.975660	605.365204	19.668864	-0.007932	1.341672
42.853759	600.330015	19.673869	-0.007902	1.336696
42.854085	595.314785	19.678874	-0.007902	1.331764
42.858222	590.313582	19.683879	-0.007903	1.326829
42.545708	585.358945	19.688883	-0.007828	1.321809
42.660700	580.282685	19.693888	-0.007855	1.316801
42.554917	575.302259	19.698893	-0.007829	1.311791
42.619063	570.291801	19.703898	-0.007844	1.306792
42.443825	565.292614	19.708903	-0.007802	1.301699
42.443629	560.238955	19.713907	-0.007802	1.296595
42.288082	555.269241	19.718912	-0.007764	1.291499
42.235861	550.305828	19.723917	-0.007751	1.286427
42.187811	545.226263	19.728922	-0.007739	1.281218
42.050438	540.256361	19.733927	-0.007706	1.276067
42.053957	535.210353	19.738931	-0.007707	1.270869
42.009614	530.265577	19.743936	-0.007696	1.265736
41.966126	525.105772	19.748941	-0.007685	1.260359
41.878465	520.152813	19.753946	-0.007664	1.255159
41.826481	515.121113	19.758951	-0.007651	1.249868
41.803263	510.159984	19.763955	-0.007645	1.244640
41.731576	505.051513	19.768960	-0.007628	1.239215
41.623350	500.108322	19.773965	-0.007601	1.233928
41.472012	495.137016	19.778970	-0.007565	1.228572
41.565544	490.057215	19.783975	-0.007587	1.223170
41.455034	484.984785	19.788979	-0.007560	1.217674
41.510187	479.956453	19.793984	-0.007573	1.212264
41.350461	475.015521	19.798989	-0.007535	1.206841
41.192347	469.969846	19.803994	-0.007496	1.201281
41.068153	465.024002	19.808999	-0.007466	1.195817
41.095241	459.961998	19.814003	-0.007473	1.190259
40.971179	455.030121	19.819008	-0.007443	1.184760
41.052739	449.847457	19.824013	-0.007462	1.179038
40.874176	444.917053	19.829018	-0.007419	1.173466
40.805768	439.935164	19.834023	-0.007402	1.167854
40.719616	434.887393	19.839027	-0.007381	1.162133
40.773472	429.864112	19.844032	-0.007394	1.156469
40.669926	424.854129	19.849037	-0.007369	1.150728
40.480233	419.941806	19.854042	-0.007323	1.145034
40.375467	414.844345	19.859047	-0.007297	1.139133
40.333979	409.841351	19.864051	-0.007287	1.133338
40.389436	404.826245	19.869056	-0.007300	1.127539
40.291896	399.763734	19.874061	-0.007277	1.121590
40.221631	394.795011	19.879066	-0.007259	1.115732
40.184236	389.768181	19.884071	-0.007250	1.109788
39.962581	384.806815	19.889075	-0.007197	1.103810
40.048559	379.710703	19.894080	-0.007217	1.097772
39.856623	374.728600	19.899085	-0.007171	1.091717
39.776247	369.785350	19.904090	-0.007151	1.085723
39.746245	364.700439	19.909095	-0.007144	1.079546
39.705988	359.707053	19.914099	-0.007134	1.073441
39.584927	354.762447	19.919104	-0.007104	1.067325
39.645767	349.599816	19.924109	-0.007119	1.060986
39.516075	344.642962	19.929114	-0.007087	1.054779
39.437064	339.661338	19.934119	-0.007068	1.048527
39.424039	334.580905	19.939123	-0.007065	1.042143
39.322758	329.632169	19.944128	-0.007040	1.035846
39.242923	324.619624	19.949133	-0.007021	1.029439
39.072348	319.602325	19.954138	-0.006980	1.022943
39.080497	314.585752	19.959143	-0.006981	1.016491
38.982927	309.581338	19.964147	-0.006958	1.009963
38.965931	304.549228	19.969152	-0.006953	1.003395
38.802825	299.582479	19.974157	-0.006914	0.996800
38.759756	294.581591	19.979162	-0.006903	0.990173
38.545337	289.595034	19.984167	-0.006852	0.983438
38.539346	284.553249	19.989171	-0.006850	0.976684
38.671366	279.481445	19.994176	-0.006881	0.969910
38.471312	274.476904	19.999181	-0.006833	0.963016
38.307365	269.526646	20.004186	-0.006793	0.956164
38.340621	264.505833	20.009191	-0.006801	0.949264
38.092900	259.499548	20.014195	-0.006741	0.942192
38.132390	254.471622	20.019200	-0.006751	0.935182
38.095210	249.470844	20.024205	-0.006741	0.928119
37.925345	244.448460	20.029210	-0.006700	0.920902
37.807567	239.488311	20.034215	-0.006672	0.913744
37.838615	234.458523	20.039219	-0.006679	0.906507
37.711091	229.413526	20.044224	-0.006648	0.899106
37.570049	224.443143	20.049229	-0.006614	0.891745
37.599965	219.388133	20.054234	-0.006621	0.884291
37.493384	214.408236	20.059239	-0.006595	0.876811
37.336888	209.448997	20.064243	-0.006557	0.869270
37.241764	204.389373	20.069248	-0.006534	0.861544
37.118801	199.414242	20.074253	-0.006505	0.853862
37.076168	194.419801	20.079258	-0.006494	0.846127
36.923834	189.430306	20.084263	-0.006457	0.838264
36.849613	184.441881	20.089267	-0.006439	0.830375
36.877463	179.354453	20.094272	-0.006446	0.822311
36.833723	174.341039	20.099277	-0.006435	0.814244
36.753753	169.344587	20.104282	-0.006415	0.806103
36.588030	164.363904	20.109287	-0.006375	0.797852
36.380516	159.431839	20.114291	-0.006325	0.789571
36.340334	154.351744	20.119296	-0.006315	0.781056
36.260304	149.370077	20.124301	-0.006296	0.772590
36.324130	144.304635	20.129306	-0.006311	0.763977
36.086177	139.370413	20.134311	-0.006254	0.755301
35.868128	134.416804	20.139315	-0.006201	0.746503
35.810420	129.379603	20.144320	-0.006187	0.737556
35.713510	124.393928	20.149325	-0.006164	0.728566
35.682773	119.352422	20.154330	-0.006156	0.719406
35.550247	114.396905	20.159335	-0.006124	0.710217
35.428697	109.357698	20.164339	-0.006094	0.700759
35.309735	104.401350	20.169344	-0.006066	0.691331
35.140002	99.404878	20.174349	-0.006025	0.681659
35.067201	94.431988	20.179354	-0.006007	0.671963
35.065125	89.375044	20.184359	-0.006006	0.662011
34.882903	84.421232	20.189363	-0.005962	0.651980
34.666538	79.455939	20.194368	-0.005910	0.641743
34.716550	74.415826	20.199373	-0.005922	0.631389
34.412353	69.457780	20.204378	-0.005849	0.620760
34.263950	64.500364	20.209383	-0.005813	0.610070
34.176414	59.488724	20.214387	-0.005792	0.599120
34.013975	54.516453	20.219392	-0.005753	0.587992
33.841078	49.528942	20.224397	-0.005711	0.576605
33.675365	44.557546	20.229402	-0.005671	0.565033
33.552313	39.579821	20.234407	-0.005641	0.553241
33.358946	34.585301	20.239411	-0.005595	0.541089
33.234198	29.610108	20.244416	-0.005564	0.528768
32.983223	24.676469	20.249421	-0.005504	0.516139
32.823859	19.683677	20.254426	-0.005466	0.503128
32.654086	14.711424	20.259431	-0.005425	0.489816
32.252639	9.830453	20.264435	-0.005328	0.476146
32.032116	4.857670	20.269440	-0.005275	0.462002
31.517564	0.022076	20.274445	-0.005152	0.447492
23.779860	-2.133185	20.279450	-0.003301	0.432481
9.696535	0.120629	20.284455	0.000068	0.423329
