Thu Mar 05 21:17:17 2026

Number of Points = 4598
Depth (nm)	Load (µN)	Time (s)	Disp. Voltage(V)	Force Voltage(V)0.000000	3.992062	0.000000	0.001175	0.981060
0.224103	9.127107	0.005005	0.001121	0.987825
0.541282	14.103261	0.010010	0.001045	0.994383
0.630738	19.153111	0.015014	0.001023	1.000887
0.865927	24.261976	0.020019	0.000966	1.007491
1.005105	29.306728	0.025024	0.000932	1.013927
1.273697	34.300206	0.030029	0.000868	1.020317
1.470214	39.466668	0.035034	0.000820	1.026849
1.576531	44.505983	0.040038	0.000794	1.033143
1.904438	49.488380	0.045043	0.000715	1.039427
2.005977	54.637688	0.050048	0.000690	1.045778
2.101780	59.680919	0.055053	0.000667	1.051958
2.298758	64.733143	0.060058	0.000619	1.058157
2.408720	69.889292	0.065062	0.000593	1.064408
2.673724	74.907978	0.070067	0.000529	1.070524
2.772927	79.985997	0.075072	0.000505	1.076605
3.088779	84.994729	0.080077	0.000429	1.082663
3.142472	90.135470	0.085082	0.000415	1.088730
3.308128	95.188861	0.090086	0.000375	1.094709
3.458905	100.217940	0.095091	0.000339	1.100621
3.677633	105.375456	0.100096	0.000286	1.106678
3.868380	110.397249	0.105101	0.000240	1.112535
4.014833	115.446983	0.110106	0.000204	1.118374
4.100814	120.590878	0.115110	0.000183	1.124265
4.124499	125.683793	0.120115	0.000177	1.130043
4.363166	130.730785	0.125120	0.000119	1.135826
4.368142	135.844774	0.130125	0.000118	1.141561
4.577967	140.978302	0.135130	0.000067	1.147372
4.780197	146.002384	0.140134	0.000018	1.153028
4.865234	151.068304	0.145139	-0.000003	1.158657
5.060597	156.189884	0.150144	-0.000050	1.164363
5.207632	161.219497	0.155149	-0.000086	1.169922
5.186640	166.358551	0.160154	-0.000081	1.175507
5.273666	171.420931	0.165158	-0.000102	1.181025
5.478470	176.586584	0.170163	-0.000152	1.186675
5.617169	181.608676	0.175168	-0.000186	1.192118
5.766254	186.663979	0.180173	-0.000222	1.197576
5.980783	191.764094	0.185178	-0.000273	1.203081
6.027251	196.853997	0.190182	-0.000285	1.208487
6.217398	201.930669	0.195187	-0.000331	1.213909
6.224910	206.998592	0.200192	-0.000333	1.219230
6.475963	212.202020	0.205197	-0.000394	1.224759
6.648577	217.184622	0.210202	-0.000436	1.230005
6.791151	222.272186	0.215206	-0.000470	1.235326
6.810592	227.349701	0.220211	-0.000475	1.240569
6.947773	232.508969	0.225216	-0.000509	1.245916
7.044227	237.556222	0.230221	-0.000532	1.251112
7.139170	242.643472	0.235226	-0.000555	1.256326
7.323215	247.724794	0.240230	-0.000600	1.261544
7.471890	252.870672	0.245235	-0.000636	1.266794
7.558670	257.925205	0.250240	-0.000657	1.271908
7.613504	263.029706	0.255245	-0.000671	1.277039
7.798572	268.123615	0.260250	-0.000716	1.282187
7.791653	273.257696	0.265254	-0.000714	1.287285
7.910644	278.339055	0.270259	-0.000743	1.292355
8.208582	283.322223	0.275264	-0.000815	1.297372
8.339864	288.454569	0.280269	-0.000847	1.302458
8.387545	293.539323	0.285274	-0.000859	1.307448
8.500861	298.618114	0.290278	-0.000887	1.312436
8.610108	303.661970	0.295283	-0.000913	1.317370
8.681552	308.816587	0.300288	-0.000931	1.322379
8.858695	313.867450	0.305293	-0.000974	1.327306
8.943021	318.958686	0.310298	-0.000994	1.332221
9.102808	323.980455	0.315302	-0.001033	1.337078
9.270431	329.146391	0.320307	-0.001074	1.342057
9.229822	334.280800	0.325312	-0.001064	1.346918
9.347754	339.351564	0.330317	-0.001093	1.351754
9.545152	344.392208	0.335322	-0.001141	1.356571
9.609534	349.501326	0.340326	-0.001157	1.361391
9.848002	354.589579	0.345331	-0.001214	1.366232
9.838503	359.692209	0.350336	-0.001212	1.370987
9.841050	364.796502	0.355341	-0.001213	1.375732
10.056655	369.875456	0.360346	-0.001266	1.380507
10.208847	375.050215	0.365350	-0.001302	1.385332
10.266770	380.098324	0.370355	-0.001317	1.389994
10.403347	385.184227	0.375360	-0.001350	1.394701
10.483592	390.235244	0.380365	-0.001370	1.399341
10.565434	395.441858	0.385370	-0.001390	1.404108
10.685656	400.431653	0.390374	-0.001419	1.408675
10.832559	405.566151	0.395379	-0.001455	1.413366
10.939737	410.563752	0.400384	-0.001481	1.417906
11.005362	415.826407	0.405389	-0.001497	1.422656
11.199509	420.844004	0.410394	-0.001544	1.427212
11.278580	425.936772	0.415398	-0.001563	1.431784
11.379217	430.979121	0.420403	-0.001588	1.436303
11.433364	436.133917	0.425408	-0.001601	1.440893
11.562694	441.259793	0.430413	-0.001633	1.445467
11.641048	446.315966	0.435418	-0.001652	1.449948
11.711481	451.412395	0.440422	-0.001669	1.454449
11.840889	456.465565	0.445427	-0.001701	1.458916
11.911480	461.749341	0.450432	-0.001718	1.463553
12.019727	466.724286	0.455437	-0.001744	1.467918
12.135475	471.855076	0.460442	-0.001773	1.472408
12.232769	476.846516	0.465446	-0.001796	1.476757
12.282148	482.058258	0.470451	-0.001809	1.481269
12.382200	487.140941	0.475456	-0.001833	1.485672
12.468712	492.218085	0.480461	-0.001854	1.490054
12.683457	497.265780	0.485466	-0.001906	1.494435
12.704360	502.332501	0.490470	-0.001912	1.498762
12.721042	507.652193	0.495475	-0.001916	1.503290
12.928270	512.584894	0.500480	-0.001966	1.507533
13.068545	517.706516	0.505485	-0.002000	1.511905
13.129164	522.743304	0.510490	-0.002015	1.516168
13.147762	527.926624	0.515494	-0.002020	1.520530
13.223318	533.058455	0.520499	-0.002039	1.524854
13.391390	538.079582	0.525504	-0.002079	1.529100
13.580742	543.156002	0.530509	-0.002125	1.533386
13.648738	548.191364	0.535514	-0.002142	1.537591
13.872140	553.440259	0.540518	-0.002196	1.542006
13.772938	558.544603	0.545523	-0.002173	1.546196
13.983868	563.584190	0.550528	-0.002224	1.550410
14.096593	568.654586	0.555533	-0.002251	1.554611
14.136966	573.736281	0.560538	-0.002261	1.558788
14.318913	578.931528	0.565542	-0.002305	1.563088
14.276325	583.967229	0.570547	-0.002295	1.567182
14.343871	589.108118	0.575552	-0.002312	1.571382
14.451372	594.131347	0.580557	-0.002338	1.575486
14.566809	599.301840	0.585562	-0.002366	1.579701
14.708103	604.465260	0.590566	-0.002401	1.583907
14.703067	609.515059	0.595571	-0.002400	1.587969
14.833894	614.637563	0.600576	-0.002432	1.592117
14.811336	619.683688	0.605581	-0.002427	1.596150
14.927025	624.875883	0.610586	-0.002455	1.600328
14.962607	629.996620	0.615590	-0.002464	1.604416
15.036830	635.056420	0.620595	-0.002482	1.608456
15.246041	640.149154	0.625600	-0.002533	1.612549
15.377047	645.130784	0.630605	-0.002565	1.616523
15.419753	650.426492	0.635610	-0.002575	1.620710
15.606549	655.466082	0.640614	-0.002621	1.624724
15.719443	660.539027	0.645619	-0.002648	1.628734
15.776197	665.658271	0.650624	-0.002662	1.632756
15.876648	670.639299	0.655629	-0.002687	1.636672
15.938115	675.890938	0.660634	-0.002702	1.640778
15.969123	680.971806	0.665638	-0.002710	1.644733
16.247465	685.963293	0.670643	-0.002777	1.648676
16.260926	691.112370	0.675648	-0.002780	1.652660
16.294866	696.139945	0.680653	-0.002789	1.656547
16.329040	701.439896	0.685658	-0.002798	1.660634
16.439059	706.495176	0.690662	-0.002825	1.664543
16.485280	711.564528	0.695667	-0.002836	1.668437
16.675482	716.664318	0.700672	-0.002882	1.672383
16.630512	721.715136	0.705677	-0.002872	1.676221
16.802516	726.899204	0.710682	-0.002913	1.680208
16.890496	731.980997	0.715686	-0.002935	1.684086
17.062460	737.015870	0.720691	-0.002977	1.687942
17.105950	742.160794	0.725696	-0.002988	1.691838
17.157939	747.179657	0.730701	-0.003000	1.695633
17.304339	752.410108	0.735706	-0.003036	1.699603
17.372720	757.566478	0.740710	-0.003053	1.703488
17.413112	762.606493	0.745715	-0.003063	1.707269
17.447807	767.766022	0.750720	-0.003072	1.711130
17.549126	772.771646	0.755725	-0.003096	1.714885
17.757485	777.879331	0.760730	-0.003147	1.718735
17.713611	783.093481	0.765734	-0.003137	1.722590
17.892358	788.056221	0.770739	-0.003180	1.726308
17.896706	793.218479	0.775744	-0.003182	1.730121
17.937571	798.288161	0.780749	-0.003192	1.733867
18.107657	803.388437	0.785754	-0.003233	1.737659
18.306534	808.612853	0.790758	-0.003281	1.741541
18.242646	813.664979	0.795763	-0.003266	1.745223
18.300978	818.795743	0.800768	-0.003281	1.748985
18.337015	823.893160	0.805773	-0.003290	1.752709
18.438402	828.907066	0.810778	-0.003315	1.756381
18.574341	834.139780	0.815782	-0.003348	1.760212
18.640494	839.197549	0.820787	-0.003364	1.763891
18.772432	844.247952	0.825792	-0.003396	1.767574
18.673422	849.443127	0.830797	-0.003373	1.771296
18.845900	854.415295	0.835802	-0.003414	1.774917
18.936616	859.656178	0.840806	-0.003437	1.778703
18.997627	864.872249	0.845811	-0.003452	1.782456
19.226885	869.779874	0.850816	-0.003507	1.786021
19.316208	874.924870	0.855821	-0.003529	1.789715
19.393946	879.996783	0.860826	-0.003548	1.793347
19.383852	885.067714	0.865830	-0.003546	1.796949
19.415755	890.355639	0.870835	-0.003554	1.800707
19.432423	895.386127	0.875840	-0.003559	1.804273
19.606447	900.434838	0.880845	-0.003601	1.807881
19.876500	905.508486	0.885850	-0.003666	1.811524
19.721013	910.574643	0.890854	-0.003629	1.815051
19.902566	915.785324	0.895859	-0.003673	1.818754
19.859343	920.989930	0.900864	-0.003663	1.822392
19.982310	925.974750	0.905869	-0.003693	1.825908
20.023023	931.155296	0.910874	-0.003703	1.829534
20.052109	936.221613	0.915878	-0.003711	1.833071
20.159619	941.263661	0.920883	-0.003737	1.836603
20.380128	946.503135	0.925888	-0.003790	1.840291
20.391559	951.536304	0.930893	-0.003794	1.843781
20.520244	956.608576	0.935898	-0.003825	1.847318
20.517488	961.755463	0.940902	-0.003825	1.850869
20.631943	966.767416	0.945907	-0.003853	1.854347
20.801344	971.946169	0.950912	-0.003894	1.857947
20.979031	977.160325	0.955917	-0.003937	1.861565
21.000076	982.149474	0.960922	-0.003942	1.864987
21.002423	987.292664	0.965926	-0.003943	1.868503
21.169273	992.381809	0.970931	-0.003983	1.872013
21.042085	997.453328	0.975936	-0.003954	1.875438
21.153130	1002.691061	0.980941	-0.003981	1.879023
21.374783	1007.753155	0.985946	-0.004034	1.882508
21.381605	1012.792268	0.990950	-0.004036	1.885922
21.424277	1017.963621	0.995955	-0.004047	1.889427
21.467579	1023.006149	1.000960	-0.004058	1.892840
21.506498	1028.080637	1.005965	-0.004068	1.896266
21.683612	1033.411692	1.010970	-0.004110	1.899890
21.660887	1038.442598	1.015974	-0.004106	1.903260
21.774727	1043.509569	1.020979	-0.004133	1.906680
21.883586	1048.628311	1.025984	-0.004160	1.910127
21.861679	1053.680618	1.030989	-0.004155	1.913494
22.052827	1058.798283	1.035994	-0.004201	1.916946
22.089175	1064.020722	1.040998	-0.004210	1.920427
22.323702	1068.976215	1.046003	-0.004267	1.923769
22.390224	1074.116380	1.051008	-0.004283	1.927190
22.296495	1079.288481	1.056013	-0.004261	1.930590
22.460288	1084.244819	1.061018	-0.004301	1.933899
22.542355	1089.449393	1.066022	-0.004321	1.937348
22.554601	1094.697226	1.071027	-0.004325	1.940804
22.653474	1099.632988	1.076032	-0.004349	1.944068
22.643935	1104.792226	1.081037	-0.004347	1.947449
22.772303	1109.905294	1.086042	-0.004378	1.950824
22.829646	1114.875912	1.091046	-0.004392	1.954085
22.878501	1120.118765	1.096051	-0.004405	1.957516
22.833422	1125.333740	1.101056	-0.004394	1.960902
23.075952	1130.226980	1.106061	-0.004453	1.964136
23.187853	1135.363615	1.111066	-0.004480	1.967494
23.308152	1140.480264	1.116070	-0.004509	1.970836
23.304059	1145.488897	1.121075	-0.004509	1.974075
23.385328	1150.755890	1.126080	-0.004529	1.977493
23.624656	1155.920782	1.131085	-0.004587	1.980874
23.542872	1160.934311	1.136090	-0.004567	1.984083
23.629438	1166.062527	1.141094	-0.004589	1.987397
23.696798	1171.203597	1.146099	-0.004605	1.990709
23.783479	1176.141171	1.151104	-0.004626	1.993890
23.843568	1181.351901	1.156109	-0.004641	1.997234
23.988767	1186.554513	1.161114	-0.004677	2.000585
24.051328	1191.493447	1.166118	-0.004692	2.003746
24.019079	1196.696775	1.171123	-0.004685	2.007050
24.091651	1201.846895	1.176128	-0.004703	2.010336
24.248224	1206.779188	1.181133	-0.004741	2.013497
24.390695	1212.022375	1.186138	-0.004775	2.016847
24.424931	1217.297333	1.191142	-0.004784	2.020188
24.449961	1222.232566	1.196147	-0.004790	2.023308
24.419717	1227.419209	1.201152	-0.004784	2.026569
24.544987	1232.525953	1.206157	-0.004814	2.029808
24.727030	1237.476812	1.211162	-0.004858	2.032955
24.739979	1242.658842	1.216166	-0.004862	2.036207
24.892796	1247.880062	1.221171	-0.004899	2.039508
24.767593	1252.928999	1.226176	-0.004869	2.042638
24.858397	1258.054311	1.231181	-0.004891	2.045855
25.054310	1263.150631	1.236186	-0.004939	2.049072
25.114398	1268.135437	1.241190	-0.004954	2.052185
25.221121	1273.235119	1.246195	-0.004980	2.055375
25.262751	1278.603415	1.251200	-0.004990	2.058713
25.363284	1283.605722	1.256205	-0.005015	2.061832
25.502310	1288.652705	1.261210	-0.005048	2.064981
25.461046	1293.826134	1.266214	-0.005039	2.068166
25.503391	1298.904571	1.271219	-0.005050	2.071305
25.698277	1303.888765	1.276224	-0.005097	2.074412
25.824940	1309.167511	1.281229	-0.005128	2.077682
25.869299	1314.299314	1.286234	-0.005139	2.080840
25.839969	1319.290154	1.291238	-0.005132	2.083891
25.919951	1324.435536	1.296243	-0.005152	2.087055
25.963021	1329.573350	1.301248	-0.005163	2.090202
26.121374	1334.528245	1.306253	-0.005201	2.093256
26.121691	1339.840940	1.311258	-0.005201	2.096492
26.297486	1345.028196	1.316262	-0.005244	2.099681
26.527652	1349.943114	1.321267	-0.005300	2.102711
26.547295	1355.085118	1.326272	-0.005305	2.105833
26.561282	1360.239207	1.331277	-0.005309	2.108956
26.609081	1365.277141	1.336282	-0.005321	2.112011
26.623612	1370.353795	1.341286	-0.005324	2.115078
26.802538	1375.594730	1.346291	-0.005368	2.118272
26.961596	1380.603649	1.351296	-0.005406	2.121318
26.868101	1385.710683	1.356301	-0.005384	2.124369
26.900536	1390.878111	1.361306	-0.005393	2.127476
27.055929	1395.930098	1.366310	-0.005430	2.130534
27.072120	1400.961791	1.371315	-0.005435	2.133548
27.059430	1406.314928	1.376320	-0.005432	2.136744
27.172906	1411.486747	1.381325	-0.005460	2.139852
27.283115	1416.435972	1.386330	-0.005487	2.142822
27.310613	1421.543968	1.391334	-0.005494	2.145866
27.376285	1426.685121	1.396339	-0.005510	2.148933
27.543525	1431.659791	1.401344	-0.005550	2.151917
27.441504	1436.864104	1.406349	-0.005527	2.154980
27.693434	1442.080873	1.411354	-0.005587	2.158115
27.583262	1447.148030	1.416358	-0.005561	2.161087
27.816866	1452.168206	1.421363	-0.005618	2.164093
27.998126	1457.279195	1.426368	-0.005662	2.167139
27.922651	1462.399588	1.431373	-0.005644	2.170137
27.917368	1467.469249	1.436378	-0.005643	2.173114
28.051405	1472.750419	1.441382	-0.005676	2.176237
28.212525	1477.931502	1.446387	-0.005715	2.179303
28.290620	1482.846395	1.451392	-0.005734	2.182193
28.253973	1488.016500	1.456397	-0.005726	2.185207
28.318885	1493.159276	1.461402	-0.005742	2.188219
28.356380	1498.163945	1.466406	-0.005751	2.191142
28.491299	1503.238905	1.471411	-0.005784	2.194120
28.500715	1508.578405	1.476416	-0.005787	2.197224
28.723806	1513.614432	1.481421	-0.005841	2.200188
28.660466	1518.653244	1.486426	-0.005826	2.203096
28.688113	1523.817826	1.491430	-0.005833	2.206090
28.839015	1528.946411	1.496435	-0.005870	2.209082
28.933486	1533.896025	1.501440	-0.005893	2.211956
29.089405	1539.044943	1.506445	-0.005931	2.214952
29.051711	1544.407093	1.511450	-0.005922	2.218032
28.976841	1549.446558	1.516454	-0.005905	2.220914
29.150936	1554.482248	1.521459	-0.005947	2.223837
29.184039	1559.649414	1.526464	-0.005955	2.226805
29.223230	1564.739940	1.531469	-0.005965	2.229727
29.396839	1569.705379	1.536474	-0.006007	2.232598
29.343127	1574.992763	1.541478	-0.005995	2.235607
29.561116	1580.175729	1.546483	-0.006047	2.238603
29.692939	1585.135008	1.551488	-0.006079	2.241451
29.675695	1590.257375	1.556493	-0.006076	2.244362
29.725875	1595.413805	1.561498	-0.006088	2.247300
29.733665	1600.467630	1.566502	-0.006091	2.250168
29.892848	1605.475419	1.571507	-0.006129	2.253034
29.964201	1610.839115	1.576512	-0.006147	2.256082
30.058991	1616.025624	1.581517	-0.006170	2.259030
29.863761	1621.061492	1.586522	-0.006124	2.261837
30.056798	1626.139279	1.591526	-0.006170	2.264734
30.126207	1631.275483	1.596531	-0.006187	2.267637
30.126605	1636.307745	1.601536	-0.006188	2.270467
30.266526	1641.321091	1.606541	-0.006222	2.273307
30.322206	1646.661509	1.611546	-0.006236	2.276312
30.446022	1651.783482	1.616550	-0.006266	2.279202
30.456114	1656.759010	1.621555	-0.006269	2.281987
30.521675	1661.877399	1.626560	-0.006285	2.284858
30.710907	1666.959434	1.631565	-0.006331	2.287728
30.793791	1671.977593	1.636570	-0.006351	2.290539
30.749081	1677.082524	1.641574	-0.006341	2.293372
30.840747	1682.489124	1.646579	-0.006363	2.296394
30.822129	1687.606559	1.651584	-0.006359	2.299231
30.970760	1692.523117	1.656589	-0.006395	2.301984
30.982755	1697.731465	1.661594	-0.006399	2.304870
31.217793	1702.810183	1.666598	-0.006455	2.307721
31.132170	1707.845392	1.671603	-0.006435	2.310487
31.301316	1712.902929	1.676608	-0.006476	2.313308
31.329775	1718.216717	1.681613	-0.006484	2.316241
31.343828	1723.363641	1.686618	-0.006487	2.319076
31.449662	1728.307935	1.691622	-0.006513	2.321813
31.499842	1733.453152	1.696627	-0.006526	2.324647
31.568237	1738.598855	1.701632	-0.006543	2.327481
31.578216	1743.590166	1.706637	-0.006545	2.330216
31.662751	1748.693153	1.711642	-0.006566	2.333023
31.728059	1754.106057	1.716646	-0.006582	2.335992
31.901174	1759.204119	1.721651	-0.006624	2.338804
31.849800	1764.197212	1.726656	-0.006612	2.341517
31.963372	1769.292075	1.731661	-0.006640	2.344310
31.989857	1774.482598	1.736666	-0.006647	2.347138
32.095509	1779.496293	1.741670	-0.006673	2.349879
32.117889	1784.548760	1.746675	-0.006679	2.352624
32.217666	1789.838471	1.751680	-0.006703	2.355507
32.248011	1795.013670	1.756685	-0.006711	2.358313
32.430557	1799.909709	1.761690	-0.006755	2.360992
32.433412	1805.041819	1.766694	-0.006756	2.363763
32.491435	1810.193699	1.771699	-0.006770	2.366551
32.467418	1815.302363	1.776704	-0.006765	2.369299
32.583917	1820.263174	1.781709	-0.006793	2.371988
32.580961	1825.605304	1.786714	-0.006793	2.374859
32.725663	1830.823244	1.791718	-0.006828	2.377685
32.670289	1835.835931	1.796723	-0.006816	2.380363
32.949910	1840.881601	1.801728	-0.006883	2.383112
32.845337	1846.085382	1.806733	-0.006858	2.385878
32.935266	1851.196986	1.811738	-0.006880	2.388625
33.166233	1856.103060	1.816742	-0.006936	2.391282
33.087307	1861.369460	1.821747	-0.006918	2.394076
33.149952	1866.627094	1.826752	-0.006933	2.396887
33.199893	1871.627127	1.831757	-0.006946	2.399554
33.285643	1876.669942	1.836762	-0.006967	2.402248
33.167596	1881.895587	1.841766	-0.006939	2.405001
33.378419	1886.974952	1.846771	-0.006990	2.407729
33.485390	1891.899478	1.851776	-0.007016	2.410354
33.492857	1897.103879	1.856781	-0.007018	2.413108
33.686097	1902.457864	1.861786	-0.007065	2.415968
33.635272	1907.582386	1.866790	-0.007053	2.418664
33.638065	1912.529749	1.871795	-0.007054	2.421272
33.873847	1917.655262	1.876800	-0.007111	2.424010
33.796368	1922.832799	1.881805	-0.007093	2.426720
33.913575	1927.840618	1.886810	-0.007122	2.429370
34.161381	1932.839667	1.891814	-0.007182	2.432034
34.117084	1938.173112	1.896819	-0.007171	2.434822
34.219210	1943.352947	1.901824	-0.007196	2.437551
34.312183	1948.296634	1.906829	-0.007219	2.440152
34.134061	1953.492547	1.911834	-0.007177	2.442837
34.147297	1958.606146	1.916838	-0.007181	2.445508
34.297649	1963.705375	1.921843	-0.007217	2.448191
34.430222	1968.637997	1.926848	-0.007249	2.450781
34.446595	1973.891602	1.931853	-0.007254	2.453516
34.393060	1979.287526	1.936858	-0.007241	2.456311
34.497445	1984.274728	1.941862	-0.007267	2.458916
34.633908	1989.284344	1.946867	-0.007300	2.461536
34.762486	1994.414937	1.951872	-0.007331	2.464214
34.801187	1999.552445	1.956877	-0.007341	2.466878
34.826084	2004.561422	1.961882	-0.007347	2.469470
34.908415	2009.631841	1.966886	-0.007368	2.472101
34.979077	2014.955781	1.971891	-0.007385	2.474858
35.011781	2020.128057	1.976896	-0.007393	2.477527
35.158907	2025.012796	1.981901	-0.007429	2.480064
35.216974	2030.177146	1.986906	-0.007443	2.482728
35.383103	2035.312139	1.991910	-0.007484	2.485391
35.320626	2040.412897	1.996915	-0.007469	2.487997
35.433965	2045.377885	2.001920	-0.007497	2.490559
35.373861	2050.660250	2.006925	-0.007483	2.493254
35.517033	2055.985775	2.011930	-0.007518	2.495999
35.587317	2061.031689	2.016934	-0.007535	2.498588
35.707697	2066.008815	2.021939	-0.007564	2.501146
35.701871	2071.211471	2.026944	-0.007563	2.503797
35.701628	2076.353787	2.031949	-0.007564	2.506415
35.847335	2081.355692	2.036954	-0.007599	2.508982
35.807328	2086.441413	2.041958	-0.007590	2.511560
35.805092	2091.756309	2.046963	-0.007590	2.514257
35.887559	2096.966822	2.051968	-0.007610	2.516912
35.930138	2101.884128	2.056973	-0.007621	2.519409
36.007435	2107.015641	2.061978	-0.007640	2.522018
36.034294	2112.181127	2.066982	-0.007647	2.524633
36.176127	2117.301192	2.071987	-0.007681	2.527240
36.254737	2122.234429	2.076992	-0.007701	2.529741
36.309920	2127.340079	2.081997	-0.007714	2.532322
36.283072	2132.765523	2.087002	-0.007708	2.535049
36.368002	2137.883913	2.092006	-0.007729	2.537636
36.501740	2142.781068	2.097011	-0.007762	2.540117
36.640685	2147.947552	2.102016	-0.007795	2.542732
36.622452	2153.088564	2.107021	-0.007791	2.545306
36.587203	2158.233166	2.112026	-0.007783	2.547877
36.730006	2163.182502	2.117030	-0.007818	2.550376
36.821527	2168.397879	2.122035	-0.007841	2.552997
36.836052	2173.678392	2.127040	-0.007844	2.555635
36.834318	2178.739248	2.132045	-0.007845	2.558160
36.884973	2183.774848	2.137050	-0.007857	2.560677
36.979569	2188.915144	2.142054	-0.007880	2.563250
36.973878	2194.088719	2.147059	-0.007879	2.565822
37.054190	2199.133495	2.152064	-0.007899	2.568341
37.236084	2204.105752	2.157069	-0.007943	2.570837
37.235709	2209.452401	2.162074	-0.007944	2.573488
37.435981	2214.656164	2.167078	-0.007992	2.576096
37.247420	2219.673304	2.172083	-0.007947	2.578550
37.546051	2224.656651	2.177088	-0.008019	2.581059
37.515442	2229.836867	2.182093	-0.008012	2.583613
37.521233	2235.004686	2.187098	-0.008014	2.586163
37.614225	2239.980076	2.192102	-0.008037	2.588630
37.795207	2244.986556	2.197107	-0.008081	2.591123
37.823692	2250.325337	2.202112	-0.008088	2.593753
37.741292	2255.543047	2.207117	-0.008069	2.596305
37.931461	2260.475287	2.212122	-0.008115	2.598756
37.925870	2265.576009	2.217126	-0.008114	2.601257
38.076358	2270.695698	2.222131	-0.008151	2.603788
38.041145	2275.882999	2.227136	-0.008143	2.606323
38.070886	2280.813430	2.232141	-0.008150	2.608739
38.123715	2285.941461	2.237146	-0.008163	2.611252
38.285223	2291.311918	2.242150	-0.008202	2.613898
38.282486	2296.490829	2.247155	-0.008202	2.616423
38.295472	2301.461903	2.252160	-0.008206	2.618847
38.353347	2306.543246	2.257165	-0.008220	2.621329
38.435793	2311.711222	2.262170	-0.008240	2.623854
38.599016	2316.771515	2.267174	-0.008280	2.626337
38.500022	2321.780160	2.272179	-0.008257	2.628754
38.444805	2326.956189	2.277184	-0.008244	2.631255
38.627211	2332.248198	2.282189	-0.008288	2.633846
38.679826	2337.416571	2.287194	-0.008301	2.636355
38.846275	2342.316256	2.292198	-0.008342	2.638749
38.803743	2347.436931	2.297203	-0.008332	2.641216
38.869219	2352.639563	2.302208	-0.008348	2.643737
38.992933	2357.730389	2.307213	-0.008378	2.646210
38.908991	2362.721817	2.312218	-0.008359	2.648602
39.211567	2367.794106	2.317222	-0.008431	2.651087
39.332489	2373.233706	2.322227	-0.008461	2.653720
39.272287	2378.444986	2.327232	-0.008447	2.656215
39.334230	2383.340335	2.332237	-0.008462	2.658573
39.346182	2388.483858	2.337242	-0.008466	2.661041
39.434399	2393.650791	2.342246	-0.008487	2.663529
39.498124	2398.759531	2.347251	-0.008503	2.665983
39.544628	2403.735817	2.352256	-0.008514	2.668369
39.490164	2408.849117	2.357261	-0.008502	2.670804
39.600266	2414.189540	2.362266	-0.008529	2.673369
39.722016	2419.344936	2.367270	-0.008558	2.675845
39.797379	2424.235941	2.372275	-0.008577	2.678186
39.804153	2429.335061	2.377280	-0.008579	2.680614
39.792153	2434.516723	2.382285	-0.008577	2.683076
40.065881	2439.612329	2.387290	-0.008643	2.685536
40.010581	2444.626414	2.392294	-0.008630	2.687908
40.041721	2449.689971	2.397299	-0.008638	2.690314
40.050255	2455.095814	2.402304	-0.008640	2.692876
40.099514	2460.301866	2.407309	-0.008653	2.695348
40.206175	2465.317782	2.412314	-0.008679	2.697735
40.194365	2470.361286	2.417318	-0.008676	2.700117
40.130544	2475.573079	2.422323	-0.008662	2.702568
40.250179	2480.690042	2.427328	-0.008691	2.704999
40.481067	2485.662245	2.432333	-0.008746	2.707374
40.399167	2490.745500	2.437338	-0.008727	2.709756
40.637988	2495.943375	2.442342	-0.008785	2.712235
40.533011	2501.245331	2.447347	-0.008760	2.714712
40.689714	2506.270018	2.452352	-0.008798	2.717094
40.719478	2511.272682	2.457357	-0.008806	2.719445
40.705875	2516.439948	2.462362	-0.008803	2.721865
40.835661	2521.591519	2.467366	-0.008835	2.724296
40.798527	2526.683599	2.472371	-0.008826	2.726673
40.838292	2531.630811	2.477376	-0.008836	2.728992
40.899922	2536.874605	2.482381	-0.008851	2.731449
41.022025	2542.265702	2.487386	-0.008881	2.733982
41.147329	2547.313218	2.492390	-0.008912	2.736353
41.145290	2552.238292	2.497395	-0.008912	2.738647
41.185206	2557.416666	2.502400	-0.008922	2.741063
41.294916	2562.545207	2.507405	-0.008948	2.743463
41.375115	2567.683069	2.512410	-0.008968	2.745862
41.349399	2572.607447	2.517414	-0.008962	2.748144
41.316042	2577.761738	2.522419	-0.008955	2.750530
41.394737	2583.153310	2.527424	-0.008974	2.753040
41.568106	2588.278785	2.532429	-0.009016	2.755437
41.561543	2593.236215	2.537434	-0.009015	2.757729
41.626342	2598.308964	2.542438	-0.009031	2.760083
41.718294	2603.470648	2.547443	-0.009054	2.762479
41.760163	2608.634155	2.552448	-0.009064	2.764868
41.963945	2613.552810	2.557453	-0.009113	2.767163
41.903242	2618.683061	2.562458	-0.009099	2.769518
41.881535	2624.049690	2.567462	-0.009095	2.771985
41.923682	2629.313829	2.572467	-0.009105	2.774412
42.081393	2634.295416	2.577472	-0.009143	2.776722
42.071773	2639.300243	2.582477	-0.009142	2.779018
42.059697	2644.494465	2.587482	-0.009139	2.781399
42.259535	2649.555363	2.592486	-0.009188	2.783746
42.231499	2654.660164	2.597491	-0.009181	2.786079
42.266972	2659.639152	2.602496	-0.009190	2.788362
42.319771	2664.832324	2.607501	-0.009203	2.790743
42.299283	2670.193189	2.612506	-0.009199	2.793189
42.475073	2675.300852	2.617510	-0.009242	2.795544
42.534499	2680.183584	2.622515	-0.009256	2.797778
42.553593	2685.330322	2.627520	-0.009261	2.800125
42.580493	2690.521622	2.632525	-0.009268	2.802492
42.745944	2695.635224	2.637530	-0.009308	2.804840
42.783620	2700.625949	2.642534	-0.009318	2.807113
42.724240	2705.723643	2.647539	-0.009304	2.809420
42.748612	2711.129862	2.652544	-0.009310	2.811876
42.904377	2716.336055	2.657549	-0.009348	2.814257
43.089523	2721.350516	2.662554	-0.009393	2.816553
43.036808	2726.376378	2.667558	-0.009381	2.818821
43.039521	2731.536375	2.672563	-0.009382	2.821154
43.107178	2736.713342	2.677568	-0.009399	2.823502
43.203864	2741.767120	2.682573	-0.009422	2.825797
43.350633	2746.691936	2.687578	-0.009458	2.828038
43.414414	2751.884864	2.692582	-0.009474	2.830387
43.362673	2757.263085	2.697587	-0.009462	2.832802
43.546916	2762.386423	2.702592	-0.009506	2.835131
43.445837	2767.308771	2.707597	-0.009483	2.837331
43.553185	2772.385818	2.712602	-0.009509	2.839626
43.530596	2777.587208	2.717606	-0.009504	2.841958
43.698028	2782.675216	2.722611	-0.009544	2.844262
43.708322	2787.719358	2.727616	-0.009547	2.846524
43.611612	2792.786975	2.732621	-0.009525	2.848781
43.719590	2798.096744	2.737626	-0.009551	2.851170
43.934624	2803.377623	2.742630	-0.009603	2.853559
43.982629	2808.428670	2.747635	-0.009615	2.855822
43.998213	2813.412746	2.752640	-0.009619	2.858049
44.032987	2818.531668	2.757645	-0.009628	2.860336
44.005733	2823.731682	2.762650	-0.009622	2.862650
44.208534	2828.844217	2.767654	-0.009671	2.864953
44.300927	2833.724299	2.772659	-0.009694	2.867136
44.180161	2838.956209	2.777664	-0.009665	2.869446
44.220312	2844.280384	2.782669	-0.009675	2.871816
44.377800	2849.453066	2.787674	-0.009713	2.874132
44.479739	2854.436300	2.792678	-0.009738	2.876356
44.380687	2859.488969	2.797683	-0.009715	2.878582
44.466324	2864.646252	2.802688	-0.009736	2.880877
44.504914	2869.811482	2.807693	-0.009746	2.883167
44.431364	2874.918050	2.812698	-0.009729	2.885415
44.735206	2879.835521	2.817702	-0.009802	2.887626
44.764309	2885.019219	2.822707	-0.009809	2.889918
44.740742	2890.535328	2.827712	-0.009804	2.892348
44.823115	2895.663170	2.832717	-0.009824	2.894618
44.823463	2900.604659	2.837722	-0.009825	2.896794
45.010842	2905.613487	2.842726	-0.009870	2.899022
45.137521	2910.758206	2.847731	-0.009901	2.901300
45.096058	2915.925143	2.852736	-0.009892	2.903565
45.082263	2920.961443	2.857741	-0.009889	2.905774
45.058614	2925.974515	2.862746	-0.009884	2.907970
45.203033	2931.170781	2.867750	-0.009919	2.910266
45.170071	2936.518043	2.872755	-0.009911	2.912604
45.339800	2941.658301	2.877760	-0.009952	2.914875
45.383868	2946.541099	2.882765	-0.009963	2.917016
45.385619	2951.686305	2.887770	-0.009964	2.919264
45.399616	2956.876293	2.892774	-0.009968	2.921532
45.550785	2961.959894	2.897779	-0.010005	2.923769
45.480010	2967.022594	2.902784	-0.009988	2.925967
45.571930	2972.049363	2.907789	-0.010011	2.928168
45.640131	2977.323562	2.912794	-0.010028	2.930473
45.773407	2982.660049	2.917798	-0.010060	2.932811
45.764602	2987.747808	2.922803	-0.010058	2.935021
45.764459	2992.713210	2.927808	-0.010059	2.937177
45.768848	2997.855842	2.932813	-0.010060	2.939409
45.833800	3003.028198	2.937818	-0.010076	2.941660
45.988472	3008.152111	2.942822	-0.010114	2.943900
46.058078	3013.125521	2.947827	-0.010131	2.946062
46.134591	3018.194477	2.952832	-0.010150	2.948264
46.258182	3023.401133	2.957837	-0.010180	2.950530
46.306752	3028.693363	2.962842	-0.010192	2.952823
46.308011	3033.807924	2.967846	-0.010193	2.955030
46.181071	3038.747977	2.972851	-0.010163	2.957146
46.396745	3043.832542	2.977856	-0.010215	2.959364
46.378342	3049.006128	2.982861	-0.010211	2.961590
46.533774	3054.154925	2.987866	-0.010249	2.963825
46.606238	3059.121517	2.992870	-0.010267	2.965970
46.425760	3064.232327	2.997875	-0.010224	2.968144
46.558423	3069.566465	3.002880	-0.010256	2.970451
46.638285	3074.878396	3.007885	-0.010276	2.972740
46.715332	3079.965807	3.012890	-0.010295	2.974930
46.851885	3084.849047	3.017894	-0.010328	2.977039
46.729611	3090.089713	3.022899	-0.010299	2.979268
46.836295	3095.284333	3.027904	-0.010325	2.981503
46.932888	3100.389338	3.032909	-0.010349	2.983698
46.948433	3105.381579	3.037914	-0.010353	2.985832
47.094965	3110.407432	3.042918	-0.010388	2.987995
47.015207	3115.608253	3.047923	-0.010370	2.990204
47.178156	3120.873570	3.052928	-0.010409	2.992468
47.281471	3125.957515	3.057933	-0.010435	2.994646
47.373361	3130.828319	3.062938	-0.010457	2.996730
47.242151	3136.066220	3.067942	-0.010426	2.998942
47.273070	3141.228848	3.072947	-0.010434	3.001140
47.291381	3146.388555	3.077952	-0.010439	3.003334
47.409209	3151.358981	3.082957	-0.010468	3.005457
47.467141	3156.409599	3.087962	-0.010482	3.007606
47.635997	3161.651316	3.092966	-0.010523	3.009848
47.617610	3167.022310	3.097971	-0.010519	3.012120
47.758936	3172.129251	3.102976	-0.010553	3.014298
47.733977	3177.049154	3.107981	-0.010548	3.016375
47.834877	3182.182237	3.112986	-0.010572	3.018556
47.697666	3187.421130	3.117990	-0.010540	3.020752
48.053139	3192.465388	3.122995	-0.010626	3.022923
48.030701	3197.526061	3.128000	-0.010621	3.025054
47.921845	3202.545001	3.133005	-0.010595	3.027156
47.998035	3207.753286	3.138010	-0.010614	3.029358
48.062939	3213.114814	3.143014	-0.010630	3.031621
48.126464	3218.231162	3.148019	-0.010646	3.033780
48.205921	3223.150443	3.153024	-0.010665	3.035856
48.252726	3228.259363	3.158029	-0.010677	3.038006
48.423509	3233.411476	3.163034	-0.010718	3.040188
48.412536	3238.579754	3.168038	-0.010716	3.042353
48.412483	3243.658434	3.173043	-0.010716	3.044481
48.423846	3248.643461	3.178048	-0.010720	3.046569
48.641638	3253.760555	3.183053	-0.010772	3.048735
48.671879	3259.255289	3.188058	-0.010780	3.051036
48.676849	3264.448760	3.193062	-0.010782	3.053206
48.671554	3269.411645	3.198067	-0.010781	3.055277
48.827052	3274.427141	3.203072	-0.010819	3.057388
48.814310	3279.596705	3.208077	-0.010816	3.059541
48.779960	3284.754214	3.213082	-0.010808	3.061686
48.817756	3289.931135	3.218086	-0.010818	3.063845
48.977765	3294.765211	3.223091	-0.010857	3.065875
49.072026	3299.940231	3.228096	-0.010880	3.068037
49.174589	3305.219619	3.233101	-0.010905	3.070242
49.164860	3310.467270	3.238106	-0.010903	3.072420
49.163740	3315.550602	3.243110	-0.010903	3.074528
49.277520	3320.454670	3.248115	-0.010931	3.076574
49.198596	3325.661590	3.253120	-0.010912	3.078722
49.242852	3330.810591	3.258125	-0.010923	3.080859
49.211920	3335.962254	3.263130	-0.010916	3.082987
49.325122	3340.939049	3.268134	-0.010944	3.085057
49.384412	3345.985657	3.273139	-0.010959	3.087149
49.394887	3351.315583	3.278144	-0.010962	3.089351
49.514572	3356.643907	3.283149	-0.010991	3.091563
49.556716	3361.782519	3.288154	-0.011001	3.093686
49.584260	3366.675545	3.293158	-0.011009	3.095705
49.699299	3371.820543	3.298163	-0.011037	3.097836
49.732662	3377.016872	3.303168	-0.011045	3.099978
49.765468	3382.150115	3.308173	-0.011053	3.102092
49.776086	3387.227658	3.313178	-0.011056	3.104179
49.960217	3392.151726	3.318182	-0.011101	3.106222
49.948462	3397.300111	3.323187	-0.011099	3.108333
50.045426	3402.712064	3.328192	-0.011122	3.110563
49.945716	3407.880572	3.333197	-0.011099	3.112670
50.106339	3412.800465	3.338202	-0.011138	3.114702
50.160541	3417.870623	3.343206	-0.011151	3.116783
50.286716	3423.028155	3.348211	-0.011182	3.118907
50.261498	3428.224229	3.353216	-0.011176	3.121027
50.370493	3433.226136	3.358221	-0.011203	3.123082
50.279560	3438.187116	3.363226	-0.011182	3.125096
50.642236	3443.222836	3.368230	-0.011269	3.127191
50.457173	3448.615531	3.373235	-0.011225	3.129368
50.475905	3453.979462	3.378240	-0.011230	3.131554
50.607681	3459.075034	3.383245	-0.011262	3.133643
50.533301	3463.972862	3.388250	-0.011245	3.135627
50.678159	3469.093827	3.393254	-0.011280	3.137724
50.651299	3474.305532	3.398259	-0.011274	3.139838
50.637326	3479.494108	3.403264	-0.011271	3.141943
50.734484	3484.506232	3.408269	-0.011295	3.143987
50.921181	3489.439267	3.413274	-0.011340	3.146007
51.016589	3494.576399	3.418278	-0.011363	3.148099
50.952002	3499.994669	3.423283	-0.011348	3.150286
51.106147	3505.150520	3.428288	-0.011386	3.152388
51.049115	3510.173154	3.433293	-0.011373	3.154413
51.164376	3515.150970	3.438298	-0.011401	3.156437
51.047298	3520.379019	3.443302	-0.011373	3.158535
51.110121	3525.517090	3.448307	-0.011389	3.160615
51.286657	3530.661512	3.453312	-0.011431	3.162709
51.245634	3535.632591	3.458317	-0.011422	3.164708
51.215531	3540.762779	3.463322	-0.011415	3.166770
51.282313	3546.042855	3.468326	-0.011432	3.168903
51.207327	3551.404086	3.473331	-0.011414	3.171051
51.437810	3556.519962	3.478336	-0.011470	3.173132
51.555091	3561.363852	3.483341	-0.011499	3.175090
51.454245	3566.526278	3.488346	-0.011475	3.177152
51.567540	3571.725467	3.493350	-0.011503	3.179250
51.662586	3576.822488	3.498355	-0.011526	3.181303
51.771361	3581.936252	3.503360	-0.011552	3.183364
51.665547	3586.906671	3.508365	-0.011528	3.185342
51.859593	3591.979579	3.513370	-0.011574	3.187393
51.926669	3597.369231	3.518374	-0.011591	3.189555
51.993179	3602.583736	3.523379	-0.011607	3.191646
51.946175	3607.647972	3.528384	-0.011597	3.193663
51.989038	3612.587668	3.533389	-0.011607	3.195639
52.171626	3617.718013	3.538394	-0.011652	3.197705
52.111544	3622.932519	3.543398	-0.011638	3.199777
52.169421	3628.083870	3.548403	-0.011652	3.201835
52.229337	3633.107764	3.553408	-0.011667	3.203841
52.324855	3638.090637	3.558413	-0.011690	3.205833
52.348116	3643.291834	3.563418	-0.011696	3.207904
52.463752	3648.673413	3.568422	-0.011724	3.210054
52.443056	3653.817872	3.573427	-0.011720	3.212094
52.446018	3658.809642	3.578432	-0.011721	3.214075
52.533661	3663.813882	3.583437	-0.011743	3.216069
52.578792	3668.943086	3.588442	-0.011754	3.218106
52.491877	3674.166432	3.593446	-0.011734	3.220166
52.746480	3679.285083	3.598451	-0.011795	3.222219
52.739647	3684.228156	3.603456	-0.011794	3.224173
52.748832	3689.295523	3.608461	-0.011796	3.226177
52.794616	3694.513498	3.613466	-0.011808	3.228243
52.819540	3699.870985	3.618470	-0.011814	3.230361
52.903083	3704.984268	3.623475	-0.011835	3.232387
52.973274	3709.921418	3.628480	-0.011852	3.234341
53.051528	3714.973540	3.633485	-0.011871	3.236340
53.048207	3720.170511	3.638490	-0.011871	3.238386
53.186214	3725.289918	3.643494	-0.011905	3.240416
53.064441	3730.475253	3.648499	-0.011876	3.242442
53.136461	3735.350322	3.653504	-0.011894	3.244366
53.228873	3740.482809	3.658509	-0.011916	3.246392
53.403673	3745.792932	3.663514	-0.011959	3.248495
53.470882	3751.169657	3.668518	-0.011975	3.250611
53.423693	3756.289830	3.673523	-0.011964	3.252614
53.313371	3761.222823	3.678528	-0.011938	3.254535
53.591722	3766.249985	3.683533	-0.012005	3.256533
53.524647	3771.470170	3.688538	-0.011990	3.258568
53.665935	3776.620276	3.693542	-0.012024	3.260597
53.681991	3781.771980	3.698547	-0.012029	3.262613
53.701550	3786.640520	3.703552	-0.012034	3.264516
53.734184	3791.822800	3.708557	-0.012042	3.266543
53.732293	3797.014328	3.713562	-0.012042	3.268568
53.836323	3802.242479	3.718566	-0.012067	3.270617
53.873253	3807.377241	3.723571	-0.012077	3.272622
54.036959	3812.223137	3.728576	-0.012116	3.274526
54.033145	3817.416667	3.733581	-0.012116	3.276547
53.936109	3822.591661	3.738586	-0.012093	3.278550
54.156288	3827.719871	3.743590	-0.012146	3.280566
54.131762	3832.828818	3.748595	-0.012141	3.282548
54.195262	3837.730813	3.753600	-0.012157	3.284458
54.302683	3842.891220	3.758605	-0.012183	3.286471
54.295050	3848.298831	3.763610	-0.012182	3.288567
54.333961	3853.638696	3.768614	-0.012191	3.290641
54.398412	3858.692123	3.773619	-0.012207	3.292605
54.497480	3863.565937	3.778624	-0.012231	3.294501
54.442765	3868.767554	3.783629	-0.012219	3.296508
54.534396	3873.916563	3.788634	-0.012241	3.298508
54.678172	3879.041987	3.793638	-0.012276	3.300503
54.504644	3884.189076	3.798643	-0.012235	3.302472
54.542602	3889.101918	3.803648	-0.012245	3.304372
54.683668	3894.233245	3.808653	-0.012279	3.306365
54.761861	3899.538298	3.813658	-0.012298	3.308418
54.858782	3904.824703	3.818662	-0.012322	3.310464
54.827394	3909.929272	3.823667	-0.012315	3.312426
54.912449	3914.807243	3.828672	-0.012336	3.314311
54.893446	3919.977815	3.833677	-0.012332	3.316298
54.910208	3925.134731	3.838682	-0.012336	3.318281
54.965665	3930.322756	3.843686	-0.012350	3.320279
55.034022	3935.430791	3.848691	-0.012367	3.322247
55.094794	3940.294759	3.853696	-0.012382	3.324119
55.115403	3945.471829	3.858701	-0.012387	3.326105
55.238069	3950.868049	3.863706	-0.012417	3.328185
55.308561	3956.150918	3.868710	-0.012434	3.330215
55.323788	3961.311196	3.873715	-0.012439	3.332192
55.415514	3966.131089	3.878720	-0.012461	3.334044
55.406790	3971.284001	3.883725	-0.012459	3.336013
55.349566	3976.516446	3.888730	-0.012446	3.338006
55.477744	3981.619108	3.893734	-0.012477	3.339967
55.632828	3986.731681	3.898739	-0.012515	3.341933
55.553916	3991.667872	3.903744	-0.012497	3.343808
55.607466	3996.777777	3.908749	-0.012510	3.345760
55.724016	4002.011941	3.913754	-0.012538	3.347766
55.767369	4007.334895	3.918758	-0.012549	3.349796
55.858419	4012.481160	3.923763	-0.012571	3.351763
55.972907	4017.321274	3.928768	-0.012599	3.353615
55.889178	4022.493666	3.933773	-0.012580	3.355572
56.048738	4027.662254	3.938778	-0.012618	3.357551
56.200221	4032.764480	3.943782	-0.012655	3.359502
56.467626	4037.856784	3.948787	-0.012720	3.361460
56.472290	4042.838621	3.953792	-0.012721	3.363349
56.578361	4047.891617	3.958797	-0.012747	3.365274
56.552852	4053.181398	3.963802	-0.012741	3.367275
56.756718	4058.573039	3.968806	-0.012791	3.369336
56.701950	4063.726547	3.973811	-0.012778	3.371279
56.733980	4068.662154	3.978816	-0.012786	3.373148
56.952156	4073.698434	3.983821	-0.012839	3.375072
56.830324	4078.852480	3.988826	-0.012810	3.377006
56.922628	4084.053132	3.993830	-0.012833	3.378978
56.997965	4089.198329	3.998835	-0.012851	3.380926
56.934524	4094.207704	4.003840	-0.012837	3.382808
56.926011	4099.223837	4.008845	-0.012835	3.384696
57.133411	4104.333625	4.013850	-0.012885	3.386640
57.206461	4109.755119	4.018854	-0.012903	3.388688
57.211559	4114.882770	4.023859	-0.012905	3.390616
57.164961	4119.950274	4.028864	-0.012894	3.392516
57.110078	4124.927135	4.033869	-0.012882	3.394381
57.367532	4130.069695	4.038874	-0.012944	3.396336
57.349895	4135.266423	4.043878	-0.012940	3.398284
57.403550	4140.396081	4.048883	-0.012953	3.400213
57.430412	4145.460593	4.053888	-0.012960	3.402114
57.509397	4150.373602	4.058893	-0.012980	3.403962
57.565532	4155.522932	4.063898	-0.012993	3.405895
57.675001	4161.004519	4.068902	-0.013020	3.407956
57.556173	4166.288530	4.073907	-0.012992	3.409921
57.735387	4171.364268	4.078912	-0.013036	3.411835
57.917138	4176.205655	4.083917	-0.013080	3.413660
57.854079	4181.349413	4.088922	-0.013065	3.415575
57.920190	4186.516396	4.093926	-0.013081	3.417509
57.875445	4191.699737	4.098931	-0.013071	3.419437
58.002105	4196.840294	4.103936	-0.013102	3.421365
58.054419	4201.689302	4.108941	-0.013115	3.423176
58.095272	4206.830738	4.113946	-0.013125	3.425094
58.091263	4212.040293	4.118950	-0.013125	3.427032
58.143129	4217.314903	4.123955	-0.013138	3.428998
58.114239	4222.487193	4.128960	-0.013131	3.430917
58.298395	4227.358951	4.133965	-0.013176	3.432744
58.213702	4232.478829	4.138970	-0.013156	3.434637
58.148998	4237.646044	4.143974	-0.013141	3.436548
58.339461	4242.755934	4.148979	-0.013187	3.438461
58.334428	4247.978522	4.153984	-0.013186	3.440396
58.295130	4252.996113	4.158989	-0.013177	3.442251
58.394286	4257.985275	4.163994	-0.013202	3.444107
58.486847	4263.152718	4.168998	-0.013224	3.446028
58.403153	4268.700763	4.174003	-0.013205	3.448071
58.593427	4273.850998	4.179008	-0.013251	3.449992
58.785285	4278.885408	4.184013	-0.013297	3.451870
58.793354	4283.791776	4.189018	-0.013299	3.453682
58.837777	4289.009712	4.194022	-0.013311	3.455611
58.808566	4294.154457	4.199027	-0.013304	3.457506
58.787186	4299.327135	4.204032	-0.013299	3.459410
58.931644	4304.456284	4.209037	-0.013335	3.461313
58.908934	4309.293156	4.214042	-0.013330	3.463092
58.899490	4314.479644	4.219046	-0.013328	3.464999
58.985283	4319.772203	4.224051	-0.013349	3.466954
59.081745	4325.031941	4.229056	-0.013372	3.468896
59.158102	4330.164590	4.234061	-0.013391	3.470788
59.195529	4335.106640	4.239066	-0.013401	3.472606
59.097942	4340.241206	4.244070	-0.013378	3.474481
59.157807	4345.343779	4.249075	-0.013393	3.476358
59.328408	4350.489286	4.254080	-0.013434	3.478260
59.391625	4355.665670	4.259085	-0.013449	3.480163
59.417897	4360.631640	4.264090	-0.013456	3.481983
59.326092	4365.700003	4.269094	-0.013435	3.483830
59.486651	4370.827716	4.274099	-0.013474	3.485720
59.585057	4376.360935	4.279104	-0.013498	3.487752
59.458360	4381.598579	4.284109	-0.013468	3.489654
59.599593	4386.653507	4.289114	-0.013502	3.491513
59.709946	4391.533281	4.294118	-0.013529	3.493304
59.720472	4396.653038	4.299123	-0.013532	3.495172
59.661872	4401.882009	4.304128	-0.013519	3.497073
59.754283	4407.016698	4.309133	-0.013541	3.498953
59.779956	4412.176099	4.314138	-0.013548	3.500834
59.831054	4417.033333	4.319142	-0.013560	3.502607
59.857688	4422.160135	4.324147	-0.013567	3.504474
59.941001	4427.407722	4.329152	-0.013588	3.506390
60.021771	4432.743924	4.334157	-0.013608	3.508336
59.892061	4437.952735	4.339162	-0.013577	3.510217
59.942553	4442.940213	4.344166	-0.013590	3.512032
60.010684	4447.945668	4.349171	-0.013606	3.513854
60.219395	4453.066684	4.354176	-0.013657	3.515730
60.157883	4458.283952	4.359181	-0.013643	3.517615
60.153469	4463.435409	4.364186	-0.013642	3.519481
60.335551	4468.490385	4.369190	-0.013686	3.521328
60.209118	4473.462890	4.374195	-0.013656	3.523116
60.346331	4478.576694	4.379200	-0.013690	3.524978
60.468902	4484.009638	4.384205	-0.013719	3.526953
60.421226	4489.310923	4.389210	-0.013709	3.528864
60.546951	4494.497476	4.394214	-0.013739	3.530748
60.609561	4499.327897	4.399219	-0.013755	3.532497
60.683826	4504.397635	4.404224	-0.013773	3.534332
60.602698	4509.608309	4.409229	-0.013754	3.536203
60.594086	4514.775944	4.414234	-0.013752	3.538065
60.780111	4519.946478	4.419238	-0.013797	3.539944
60.715152	4524.926251	4.424243	-0.013782	3.541730
60.757269	4529.907967	4.429248	-0.013793	3.543526
60.907824	4535.078949	4.434253	-0.013829	3.545399
60.924052	4540.471116	4.439258	-0.013834	3.547339
60.894592	4545.655872	4.444262	-0.013827	3.549198
61.025416	4550.733169	4.449267	-0.013859	3.551033
61.133466	4555.609047	4.454272	-0.013885	3.552792
61.171894	4560.744053	4.459277	-0.013895	3.554637
61.141248	4565.949355	4.464282	-0.013888	3.556501
61.253645	4571.110678	4.469286	-0.013916	3.558360
61.219304	4576.245596	4.474291	-0.013908	3.560195
61.274584	4581.137653	4.479296	-0.013922	3.561951
61.358092	4586.261743	4.484301	-0.013942	3.563792
61.492387	4591.473805	4.489306	-0.013975	3.565667
61.595210	4596.939365	4.494310	-0.014000	3.567629
61.645433	4602.081683	4.499315	-0.014012	3.569470
61.789182	4607.065420	4.504320	-0.014047	3.571262
61.812341	4612.054267	4.509325	-0.014053	3.573044
61.779967	4617.177493	4.514330	-0.014046	3.574868
61.903935	4622.345477	4.519334	-0.014076	3.576721
61.869224	4627.500842	4.524339	-0.014068	3.578555
62.021619	4632.644445	4.529344	-0.014105	3.580399
61.996619	4637.485079	4.534349	-0.014100	3.582120
61.983318	4642.676318	4.539354	-0.014097	3.583965
62.036003	4647.953297	4.544358	-0.014110	3.585846
61.965900	4653.293924	4.549363	-0.014094	3.587738
61.949154	4658.452806	4.554368	-0.014090	3.589568
62.216114	4663.389132	4.559373	-0.014155	3.591344
62.105597	4668.406302	4.564378	-0.014129	3.593114
62.330123	4673.580830	4.569382	-0.014183	3.594969
62.274046	4678.786188	4.574387	-0.014170	3.596809
62.393672	4683.881617	4.579392	-0.014199	3.598624
62.493752	4689.000312	4.584397	-0.014224	3.600446
62.470383	4693.894991	4.589402	-0.014218	3.602176
62.441166	4698.976183	4.594406	-0.014212	3.603971
62.461847	4704.284446	4.599411	-0.014217	3.605849
62.594836	4709.672399	4.604416	-0.014250	3.607764
62.580100	4714.842823	4.609421	-0.014247	3.609589
62.573688	4719.791786	4.614426	-0.014246	3.611336
62.697618	4724.816751	4.619430	-0.014276	3.613119
62.871459	4729.956080	4.624435	-0.014318	3.614947
62.873206	4735.100032	4.629440	-0.014319	3.616760
62.881274	4740.274281	4.634445	-0.014321	3.618583
62.961642	4745.383039	4.639450	-0.014341	3.620389
62.869574	4750.271806	4.644454	-0.014319	3.622102
63.068731	4755.419788	4.649459	-0.014367	3.623930
63.181745	4760.645504	4.654464	-0.014395	3.625777
63.115795	4766.002591	4.659469	-0.014380	3.627654
63.207166	4771.138515	4.664474	-0.014402	3.629465
63.154783	4776.110793	4.669478	-0.014390	3.631207
63.180393	4781.142218	4.674483	-0.014397	3.632974
63.289476	4786.275236	4.679488	-0.014423	3.634784
63.378832	4791.466397	4.684493	-0.014445	3.636611
63.504596	4796.588128	4.689498	-0.014476	3.638416
63.409274	4801.760456	4.694502	-0.014453	3.640220
63.421329	4806.627489	4.699507	-0.014457	3.641924
63.522270	4811.735116	4.704512	-0.014481	3.643720
63.755005	4817.055558	4.709517	-0.014538	3.645600
63.680449	4822.466238	4.714522	-0.014520	3.647484
63.737412	4827.650467	4.719526	-0.014534	3.649300
63.639046	4832.620653	4.724531	-0.014511	3.651027
63.825710	4837.559527	4.729536	-0.014556	3.652767
63.852401	4842.765760	4.734541	-0.014563	3.654585
63.774655	4847.945038	4.739546	-0.014545	3.656384
63.947261	4853.087356	4.744550	-0.014587	3.658190
63.912163	4858.241762	4.749555	-0.014579	3.659983
64.010261	4863.063555	4.754560	-0.014603	3.661670
64.002251	4868.258542	4.759565	-0.014602	3.663477
64.039454	4873.530560	4.764570	-0.014611	3.665313
64.179593	4878.834497	4.769574	-0.014645	3.667169
64.336706	4883.987014	4.774579	-0.014683	3.668972
64.335789	4888.953305	4.779584	-0.014683	3.670697
64.401193	4893.955561	4.784589	-0.014699	3.672438
64.324127	4899.118453	4.789594	-0.014682	3.674223
64.434855	4904.308336	4.794598	-0.014709	3.676032
64.474477	4909.429487	4.799603	-0.014718	3.677810
64.489550	4914.618476	4.804608	-0.014723	3.679609
64.525897	4919.529880	4.809613	-0.014732	3.681313
64.398667	4924.639526	4.814618	-0.014702	3.683071
64.470077	4929.908282	4.819622	-0.014719	3.684899
64.558092	4935.431325	4.824627	-0.014741	3.686816
64.720244	4940.526691	4.829632	-0.014780	3.688591
64.617985	4945.587966	4.834637	-0.014756	3.690331
64.706610	4950.515804	4.839642	-0.014778	3.692039
64.770935	4955.662562	4.844646	-0.014794	3.693821
64.897926	4960.815971	4.849651	-0.014825	3.695609
64.974408	4965.928648	4.854656	-0.014843	3.697377
64.977514	4971.157249	4.859661	-0.014845	3.699180
65.019551	4976.029217	4.864666	-0.014855	3.700861
65.011137	4981.121257	4.869670	-0.014854	3.702613
65.042748	4986.259776	4.874675	-0.014862	3.704384
65.087756	4991.693582	4.879680	-0.014873	3.706257
65.253033	4996.855553	4.884685	-0.014913	3.708045
65.179851	5001.940990	4.889690	-0.014896	3.709786
65.237051	5006.866167	4.894694	-0.014910	3.711482
65.162920	5012.003808	4.899699	-0.014893	3.713240
65.341575	5017.168879	4.904704	-0.014936	3.715027
65.308211	5022.360979	4.909709	-0.014929	3.716805
65.314692	5027.497885	4.914714	-0.014931	3.718566
65.437283	5032.466801	4.919718	-0.014961	3.720279
65.480130	5037.486905	4.924723	-0.014971	3.722001
65.507984	5042.624169	4.929728	-0.014979	3.723762
65.468234	5048.128410	4.934733	-0.014970	3.725642
65.617675	5053.371816	4.939738	-0.015006	3.727447
65.672134	5058.530488	4.944742	-0.015019	3.729215
65.674014	5063.381321	4.949747	-0.015020	3.730873
65.684267	5068.508498	4.954752	-0.015023	3.732624
65.606650	5073.684297	4.959757	-0.015005	3.734385
65.788683	5078.801684	4.964762	-0.015049	3.736145
65.882273	5083.971561	4.969766	-0.015072	3.737916
65.870405	5089.067823	4.974771	-0.015070	3.739652
65.944283	5093.950250	4.979776	-0.015088	3.741321
66.053155	5099.143978	4.984781	-0.015114	3.743099
66.079119	5104.354078	4.989786	-0.015121	3.744874
66.098848	5109.752607	4.994790	-0.015126	3.746712
66.170183	5114.871766	4.999795	-0.015144	3.748459
66.109853	5119.839378	5.004800	-0.015130	3.750142
66.101683	5124.919287	5.009805	-0.015128	3.751868
66.218531	5129.986201	5.014810	-0.015157	3.753598
66.283003	5135.200169	5.019814	-0.015173	3.755372
66.338228	5140.367233	5.024819	-0.015186	3.757130
66.247378	5145.511770	5.029824	-0.015165	3.758867
66.473475	5150.405337	5.034829	-0.015220	3.760544
66.435099	5155.492562	5.039834	-0.015211	3.762264
66.567771	5160.616160	5.044838	-0.015243	3.764010
66.474615	5166.322298	5.049843	-0.015222	3.765934
66.532230	5171.400066	5.054848	-0.015236	3.767656
66.734545	5176.542681	5.059853	-0.015285	3.769411
66.627006	5181.411237	5.064858	-0.015260	3.771048
66.768839	5186.523602	5.069862	-0.015294	3.772787
66.766865	5191.733606	5.074867	-0.015294	3.774546
66.776116	5196.852778	5.079872	-0.015297	3.776275
66.817081	5202.087293	5.084877	-0.015307	3.778044
66.846282	5207.035304	5.089882	-0.015314	3.779715
66.957678	5211.988772	5.094886	-0.015342	3.781393
66.774267	5217.235861	5.099891	-0.015298	3.783147
66.913065	5222.511163	5.104896	-0.015332	3.784934
66.988961	5227.821131	5.109901	-0.015351	3.786727
67.093041	5232.920178	5.114906	-0.015376	3.788451
66.998576	5237.917791	5.119910	-0.015354	3.790124
67.074072	5242.939786	5.124915	-0.015372	3.791818
67.122306	5248.072553	5.129920	-0.015384	3.793547
67.225061	5253.262095	5.134925	-0.015409	3.795298
67.187991	5258.374555	5.139930	-0.015401	3.797011
67.198665	5263.504409	5.144934	-0.015404	3.798733
67.286326	5268.315404	5.149939	-0.015426	3.800353
67.360552	5273.422179	5.154944	-0.015444	3.802071
67.502309	5278.587571	5.159949	-0.015478	3.803813
67.516701	5284.167746	5.164954	-0.015482	3.805683
67.539657	5289.352267	5.169958	-0.015488	3.807420
67.591312	5294.485005	5.174963	-0.015501	3.809142
67.616788	5299.226477	5.179968	-0.015508	3.810730
67.734631	5304.412101	5.184973	-0.015536	3.812472
67.670068	5309.581987	5.189978	-0.015521	3.814195
67.823181	5314.730684	5.194982	-0.015558	3.815926
67.778201	5319.861486	5.199987	-0.015548	3.817636
67.854307	5324.902403	5.204992	-0.015567	3.819324
67.794724	5329.878199	5.209997	-0.015553	3.820979
67.999339	5335.030103	5.215002	-0.015603	3.822713
67.921224	5340.362137	5.220006	-0.015584	3.824484
67.908769	5345.725736	5.225011	-0.015582	3.826270
67.954889	5350.880636	5.230016	-0.015593	3.827990
68.073202	5355.862902	5.235021	-0.015622	3.829657
68.067671	5360.842647	5.240026	-0.015621	3.831313
68.009699	5365.989511	5.245030	-0.015608	3.833020
68.110846	5371.236910	5.250035	-0.015633	3.834772
68.327031	5376.278325	5.255040	-0.015685	3.836463
68.342221	5381.494517	5.260045	-0.015689	3.838196
68.336099	5386.416852	5.265050	-0.015688	3.839830
68.389695	5391.487765	5.270054	-0.015701	3.841516
68.351041	5396.660879	5.275059	-0.015693	3.843229
68.482478	5402.160522	5.280064	-0.015725	3.845062
68.659515	5407.341523	5.285069	-0.015767	3.846792
68.535370	5412.505217	5.290074	-0.015738	3.848493
68.582706	5417.319292	5.295078	-0.015750	3.850090
68.737566	5422.417833	5.300083	-0.015788	3.851789
68.807625	5427.551950	5.305088	-0.015805	3.853492
68.955685	5432.755805	5.310093	-0.015841	3.855223
68.763287	5437.944186	5.315098	-0.015795	3.856924
68.855435	5443.046198	5.320102	-0.015818	3.858616
68.891671	5447.850947	5.325107	-0.015827	3.860205
69.003727	5452.983162	5.330112	-0.015854	3.861907
68.975408	5458.221145	5.335117	-0.015848	3.863633
68.985346	5463.636597	5.340122	-0.015851	3.865419
69.003890	5468.842288	5.345126	-0.015856	3.867136
69.098927	5473.880544	5.350131	-0.015879	3.868803
69.051857	5478.798273	5.355136	-0.015868	3.870419
69.088401	5483.914666	5.360141	-0.015877	3.872106
69.107608	5489.091281	5.365146	-0.015882	3.873811
69.200185	5494.246177	5.370150	-0.015905	3.875513
69.317029	5499.403647	5.375155	-0.015934	3.877217
69.481885	5504.401597	5.380160	-0.015973	3.878871
69.420512	5509.349562	5.385165	-0.015959	3.880492
69.366401	5514.518619	5.390170	-0.015947	3.882185
69.452295	5519.829977	5.395174	-0.015968	3.883934
69.590283	5525.304468	5.400179	-0.016001	3.885740
69.670819	5530.373364	5.405184	-0.016021	3.887408
69.650321	5535.414547	5.410189	-0.016017	3.889058
69.574957	5540.366165	5.415194	-0.015999	3.890675
69.751206	5545.499424	5.420198	-0.016042	3.892368
69.810941	5550.687585	5.425203	-0.016057	3.894071
69.743613	5555.796486	5.430208	-0.016041	3.895737
69.723063	5561.064277	5.435213	-0.016037	3.897459
69.887628	5565.957055	5.440218	-0.016076	3.899070
69.884765	5570.971220	5.445222	-0.016076	3.900708
70.000188	5576.110438	5.450227	-0.016104	3.902395
69.841944	5581.487562	5.455232	-0.016067	3.904139
69.866518	5586.816050	5.460237	-0.016073	3.905879
69.980631	5591.915537	5.465242	-0.016101	3.907551
70.102526	5596.877605	5.470246	-0.016131	3.909177
69.966568	5601.892031	5.475251	-0.016099	3.910802
70.149203	5606.981949	5.480256	-0.016143	3.912473
70.123542	5612.269669	5.485261	-0.016137	3.914193
70.224302	5617.342821	5.490266	-0.016162	3.915851
70.220746	5622.540969	5.495270	-0.016162	3.917542
70.349351	5627.476032	5.500275	-0.016193	3.919156
70.332490	5632.470168	5.505280	-0.016189	3.920778
70.487649	5637.654371	5.510285	-0.016227	3.922474
70.483555	5643.166251	5.515290	-0.016226	3.924264
70.631137	5648.443393	5.520294	-0.016262	3.925987
70.741425	5653.599255	5.525299	-0.016289	3.927668
70.658770	5658.484888	5.530304	-0.016270	3.929247
70.756824	5663.555305	5.535309	-0.016294	3.930898
70.697750	5668.718212	5.540314	-0.016280	3.932567
70.702120	5673.922409	5.545318	-0.016282	3.934253
70.780281	5679.083755	5.550323	-0.016301	3.935930
70.801353	5684.196144	5.555328	-0.016306	3.937586
70.839788	5689.142816	5.560333	-0.016316	3.939189
70.853310	5694.145238	5.565338	-0.016320	3.940808
70.966182	5699.250699	5.570342	-0.016347	3.942467
71.098449	5704.727144	5.575347	-0.016379	3.944245
71.004798	5709.941167	5.580352	-0.016357	3.945923
71.059720	5715.063084	5.585357	-0.016371	3.947580
71.224066	5719.955292	5.590362	-0.016411	3.949171
71.385467	5725.001178	5.595366	-0.016450	3.950810
71.285297	5730.171022	5.600371	-0.016426	3.952470
71.253297	5735.395026	5.605376	-0.016419	3.954151
71.404860	5740.543544	5.610381	-0.016456	3.955821
71.458620	5745.636021	5.615386	-0.016469	3.957464
71.531664	5750.566388	5.620390	-0.016487	3.959057
71.541686	5755.671591	5.625395	-0.016490	3.960700
71.635856	5760.791738	5.630400	-0.016513	3.962353
71.711686	5766.354136	5.635405	-0.016532	3.964147
71.799185	5771.547297	5.640410	-0.016553	3.965822
71.860233	5776.662863	5.645414	-0.016568	3.967469
71.839210	5781.607712	5.650419	-0.016564	3.969056
71.841643	5786.638969	5.655424	-0.016565	3.970671
71.891020	5791.793528	5.660429	-0.016577	3.972328
71.789730	5797.012970	5.665434	-0.016554	3.973995
71.871125	5802.168848	5.670438	-0.016574	3.975653
72.238458	5807.224315	5.675443	-0.016662	3.977298
72.343703	5812.103528	5.680448	-0.016688	3.978869
72.305282	5817.281908	5.685453	-0.016679	3.980524
72.406739	5822.359140	5.690458	-0.016704	3.982156
72.371194	5827.787160	5.695462	-0.016696	3.983890
72.561029	5832.993295	5.700467	-0.016742	3.985567
72.732897	5838.105899	5.705472	-0.016783	3.987213
72.660776	5843.042403	5.710477	-0.016766	3.988786
72.722186	5848.051906	5.715482	-0.016782	3.990390
72.752824	5853.226548	5.720486	-0.016789	3.992044
72.818508	5858.429107	5.725491	-0.016806	3.993708
72.767527	5863.574656	5.730496	-0.016794	3.995346
73.002370	5868.782555	5.735501	-0.016851	3.997023
72.859875	5873.693292	5.740506	-0.016817	3.998578
72.987440	5878.667729	5.745510	-0.016848	4.000171
73.069835	5883.890160	5.750515	-0.016868	4.001840
73.104497	5889.367297	5.755520	-0.016877	4.003586
73.244829	5894.631928	5.760525	-0.016911	4.005271
73.113167	5899.824285	5.765530	-0.016880	4.006913
73.134713	5904.777843	5.770534	-0.016886	4.008489
73.176055	5909.761565	5.775539	-0.016896	4.010076
73.328907	5914.832646	5.780544	-0.016933	4.011697
73.197950	5920.115690	5.785549	-0.016902	4.013366
73.282562	5925.138613	5.790554	-0.016923	4.014966
73.329803	5930.255165	5.795558	-0.016935	4.016593
73.492510	5935.271503	5.800563	-0.016974	4.018195
73.347948	5940.216230	5.805568	-0.016940	4.019752
73.438774	5945.347412	5.810573	-0.016962	4.021385
73.498743	5950.698209	5.815578	-0.016977	4.023084
73.596710	5955.995901	5.820582	-0.017001	4.024768
73.706028	5961.127691	5.825587	-0.017028	4.026399
73.658893	5966.120002	5.830592	-0.017017	4.027975
73.659768	5971.107063	5.835597	-0.017018	4.029553
73.837390	5976.252330	5.840602	-0.017061	4.031191
73.772736	5981.392615	5.845606	-0.017046	4.032811
73.930705	5986.548260	5.850611	-0.017084	4.034450
73.817797	5991.763190	5.855616	-0.017057	4.036089
73.826546	5996.849681	5.860621	-0.017060	4.037695
73.887849	6001.711359	5.865626	-0.017075	4.039233
73.979513	6006.878433	5.870630	-0.017098	4.040869
74.136245	6012.094365	5.875635	-0.017136	4.042523
73.967703	6017.681152	5.880640	-0.017096	4.044273
73.982242	6022.878883	5.885645	-0.017100	4.045911
74.057870	6027.932003	5.890650	-0.017118	4.047507
74.037341	6032.691813	5.895654	-0.017114	4.049003
74.157606	6037.917139	5.900659	-0.017143	4.050655
74.133500	6043.099437	5.905664	-0.017138	4.052283
74.196410	6048.264587	5.910669	-0.017153	4.053911
74.239062	6053.392349	5.915674	-0.017164	4.055525
74.273068	6058.520001	5.920678	-0.017173	4.057138
74.338639	6063.366621	5.925683	-0.017189	4.058664
74.244630	6068.557851	5.930688	-0.017167	4.060287
74.398279	6073.705379	5.935693	-0.017204	4.061912
74.442436	6079.138755	5.940698	-0.017215	4.063619
74.484236	6084.282051	5.945702	-0.017226	4.065234
74.686691	6089.458697	5.950707	-0.017275	4.066869
74.548060	6094.396500	5.955712	-0.017242	4.068407
74.730692	6099.425824	5.960717	-0.017286	4.069994
74.701276	6104.561149	5.965722	-0.017280	4.071599
74.798584	6109.744007	5.970726	-0.017303	4.073227
74.678226	6114.920277	5.975731	-0.017275	4.074838
74.717675	6120.080352	5.980736	-0.017285	4.076453
74.760173	6125.054988	5.985741	-0.017296	4.078011
74.782039	6130.063808	5.990746	-0.017301	4.079577
74.852525	6135.202489	5.995750	-0.017319	4.081186
74.846369	6140.707262	6.000755	-0.017318	4.082903
74.891122	6146.035660	6.005760	-0.017329	4.084569
74.897571	6151.229984	6.010765	-0.017331	4.086189
75.022066	6156.246707	6.015770	-0.017361	4.087761
75.089937	6161.130799	6.020774	-0.017378	4.089287
75.051642	6166.298289	6.025779	-0.017369	4.090894
75.000948	6171.467348	6.030784	-0.017358	4.092501
75.161484	6176.600881	6.035789	-0.017397	4.094109
75.222700	6181.797100	6.040794	-0.017412	4.095729
75.274666	6186.834649	6.045798	-0.017425	4.097299
75.425535	6191.704135	6.050803	-0.017461	4.098823
75.350092	6196.876241	6.055808	-0.017444	4.100426
75.255339	6202.078437	6.060813	-0.017421	4.102036
75.419950	6207.530038	6.065818	-0.017461	4.103739
75.476528	6212.667113	6.070822	-0.017475	4.105337
75.603146	6217.851217	6.075827	-0.017506	4.106954
75.613968	6222.581919	6.080832	-0.017509	4.108422
75.578590	6227.748793	6.085837	-0.017501	4.110021
75.632483	6232.961856	6.090842	-0.017515	4.111640
75.655613	6238.119786	6.095846	-0.017521	4.113240
75.706255	6243.288221	6.100851	-0.017533	4.114844
75.768292	6248.416010	6.105856	-0.017549	4.116435
75.710179	6253.372558	6.110861	-0.017535	4.117965
75.842643	6258.385911	6.115866	-0.017567	4.119524
75.859240	6263.534918	6.120870	-0.017572	4.121117
75.934186	6269.048844	6.125875	-0.017590	4.122826
75.896778	6274.326197	6.130880	-0.017582	4.124454
75.940984	6279.496998	6.135885	-0.017593	4.126054
75.983794	6284.427349	6.140890	-0.017604	4.127579
76.106117	6289.390927	6.145894	-0.017633	4.129118
76.289549	6294.540353	6.150899	-0.017678	4.130718
76.244195	6299.731206	6.155904	-0.017667	4.132316
76.296825	6304.938610	6.160909	-0.017680	4.133925
76.233923	6310.061026	6.165914	-0.017666	4.135499
76.517789	6315.076572	6.170918	-0.017734	4.137062
76.523450	6320.011509	6.175923	-0.017736	4.138581
76.501318	6325.191294	6.180928	-0.017731	4.140174
76.469667	6330.424724	6.185933	-0.017724	4.141782
76.600298	6335.820292	6.190938	-0.017756	4.143450
76.730184	6340.949049	6.195942	-0.017788	4.145035
76.677404	6346.144123	6.200947	-0.017775	4.146628
76.690374	6350.899953	6.205952	-0.017779	4.148089
76.699755	6356.107652	6.210957	-0.017782	4.149689
76.759979	6361.255237	6.215962	-0.017797	4.151273
76.813298	6366.449957	6.220966	-0.017810	4.152870
77.004822	6371.584271	6.225971	-0.017856	4.154457
76.834780	6376.790262	6.230976	-0.017816	4.156042
76.982033	6381.675634	6.235981	-0.017852	4.157549
77.001662	6386.722992	6.240986	-0.017857	4.159096
76.983279	6391.897118	6.245990	-0.017853	4.160680
77.135550	6397.364364	6.250995	-0.017890	4.162363
77.144441	6402.706486	6.256000	-0.017893	4.163998
77.307006	6407.802498	6.261005	-0.017932	4.165567
77.249249	6412.826126	6.266010	-0.017919	4.167100
77.181923	6417.743170	6.271014	-0.017903	4.168599
77.208443	6422.930362	6.276019	-0.017910	4.170185
77.302928	6428.120273	6.281024	-0.017933	4.171776
77.444534	6433.265971	6.286029	-0.017967	4.173356
77.298287	6438.442448	6.291034	-0.017933	4.174927
77.386125	6443.550613	6.296038	-0.017954	4.176491
77.450634	6448.412473	6.301043	-0.017970	4.177977
77.507235	6453.517331	6.306048	-0.017984	4.179537
77.622544	6458.663662	6.311053	-0.018012	4.181112
77.584575	6464.150986	6.316058	-0.018004	4.182782
77.532020	6469.306019	6.321062	-0.017992	4.184348
77.768247	6474.468190	6.326067	-0.018049	4.185934
77.743707	6479.357819	6.331072	-0.018043	4.187420
77.726989	6484.404688	6.336077	-0.018040	4.188955
77.670445	6489.590688	6.341082	-0.018027	4.190528
77.774486	6494.763247	6.346086	-0.018052	4.192107
77.785408	6499.913058	6.351091	-0.018055	4.193672
77.818040	6505.087232	6.356096	-0.018064	4.195245
77.848611	6510.092010	6.361101	-0.018071	4.196767
77.968211	6515.002833	6.366106	-0.018100	4.198264
78.042702	6520.136372	6.371110	-0.018119	4.199826
78.058387	6525.443039	6.376115	-0.018123	4.201437
78.180229	6530.968754	6.381120	-0.018153	4.203119
78.247959	6536.140550	6.386125	-0.018169	4.204690
78.209851	6541.326894	6.391130	-0.018161	4.206259
78.215795	6546.070304	6.396134	-0.018163	4.207696
78.249426	6551.230756	6.401139	-0.018171	4.209260
78.579282	6556.322549	6.406144	-0.018251	4.210821
78.606272	6561.517105	6.411149	-0.018258	4.212393
78.447037	6566.661341	6.416154	-0.018220	4.213939
78.550392	6571.813771	6.421158	-0.018245	4.215503
78.653259	6576.750182	6.426163	-0.018270	4.217001
78.551815	6581.787322	6.431168	-0.018246	4.218516
78.683107	6586.920306	6.436173	-0.018278	4.220074
78.827027	6592.241057	6.441178	-0.018313	4.221688
78.872015	6597.528374	6.446182	-0.018325	4.223286
78.865324	6602.793634	6.451187	-0.018323	4.224873
78.856073	6607.793106	6.456192	-0.018322	4.226380
78.963900	6612.612994	6.461197	-0.018348	4.227839
78.957697	6617.840310	6.466202	-0.018347	4.229413
79.005553	6622.999938	6.471206	-0.018359	4.230970
78.969579	6628.204769	6.476211	-0.018351	4.232535
78.967874	6633.312495	6.481216	-0.018351	4.234072
79.139904	6638.441242	6.486221	-0.018393	4.235625
79.076953	6643.370436	6.491226	-0.018378	4.237103
79.187424	6648.421399	6.496230	-0.018405	4.238628
79.183982	6653.640759	6.501235	-0.018405	4.240196
79.307333	6659.127501	6.506240	-0.018435	4.241851
79.298942	6664.529636	6.511245	-0.018433	4.243473
79.380387	6669.622023	6.516250	-0.018453	4.245006
79.468460	6674.595312	6.521254	-0.018475	4.246503
79.406507	6679.569200	6.526259	-0.018460	4.247992
79.501039	6684.741611	6.531264	-0.018483	4.249548
79.530010	6689.850470	6.536269	-0.018491	4.251081
79.508918	6695.043796	6.541274	-0.018486	4.252636
79.455026	6700.227615	6.546278	-0.018474	4.254185
79.566345	6705.406502	6.551283	-0.018501	4.255742
79.590760	6710.151245	6.556288	-0.018507	4.257164
79.606554	6715.199822	6.561293	-0.018512	4.258675
79.692068	6720.279595	6.566298	-0.018533	4.260199
79.804717	6725.699628	6.571302	-0.018560	4.261826
79.810071	6730.957432	6.576307	-0.018562	4.263398
79.814243	6736.052257	6.581312	-0.018563	4.264920
79.883915	6741.080924	6.586317	-0.018580	4.266426
79.823736	6746.040046	6.591322	-0.018567	4.267903
80.078713	6751.168609	6.596326	-0.018628	4.269448
80.064583	6756.325494	6.601331	-0.018625	4.270985
79.943865	6761.553832	6.606336	-0.018597	4.272538
79.919442	6766.724774	6.611341	-0.018591	4.274078
80.086410	6771.851588	6.616346	-0.018632	4.275615
80.264751	6776.635360	6.621350	-0.018675	4.277050
80.136934	6781.788520	6.626355	-0.018645	4.278577
80.128998	6786.975175	6.631360	-0.018643	4.280121
80.233716	6792.482235	6.636365	-0.018669	4.281766
80.372124	6797.753037	6.641370	-0.018703	4.283341
80.369606	6802.904558	6.646374	-0.018703	4.284873
80.348024	6807.939685	6.651379	-0.018698	4.286368
80.450283	6812.838495	6.656384	-0.018723	4.287830
80.334912	6818.054689	6.661389	-0.018696	4.289373
80.489092	6823.173220	6.666394	-0.018733	4.290901
80.580902	6828.331748	6.671398	-0.018756	4.292437
80.552956	6833.554827	6.676403	-0.018749	4.293986
80.537783	6838.707881	6.681408	-0.018746	4.295513
80.643531	6843.446027	6.686413	-0.018772	4.296924
80.658320	6848.615914	6.691418	-0.018776	4.298457
80.597392	6853.773498	6.696422	-0.018762	4.299982
80.662252	6859.172707	6.701427	-0.018778	4.301585
80.721120	6864.360991	6.706432	-0.018793	4.303124
80.779119	6869.608286	6.711437	-0.018807	4.304681
80.821568	6874.629299	6.716442	-0.018818	4.306169
80.775244	6879.543139	6.721446	-0.018807	4.307619
80.707594	6884.760450	6.726451	-0.018791	4.309158
80.999781	6889.843292	6.731456	-0.018862	4.310677
81.080690	6895.030063	6.736461	-0.018881	4.312214
81.139286	6900.197525	6.741466	-0.018896	4.313743
80.977961	6905.378478	6.746470	-0.018858	4.315264
81.127556	6910.191881	6.751475	-0.018894	4.316693
81.076914	6915.279381	6.756480	-0.018883	4.318191
81.119670	6920.457017	6.761485	-0.018893	4.319721
81.427789	6925.926833	6.766490	-0.018967	4.321350
81.262444	6931.247870	6.771494	-0.018928	4.322909
81.255178	6936.494610	6.776499	-0.018927	4.324455
81.287956	6941.447367	6.781504	-0.018936	4.325915
81.334665	6946.342997	6.786509	-0.018947	4.327359
81.291043	6951.521289	6.791514	-0.018937	4.328881
81.462350	6956.662414	6.796518	-0.018979	4.330403
81.439433	6961.867037	6.801523	-0.018974	4.331932
81.470004	6967.016810	6.806528	-0.018982	4.333448
81.644308	6972.158680	6.811533	-0.019024	4.334969
81.576870	6977.077356	6.816538	-0.019008	4.336410
81.612231	6982.099767	6.821542	-0.019017	4.337887
81.609062	6987.301212	6.826547	-0.019017	4.339414
81.638854	6992.595195	6.831552	-0.019024	4.340970
81.771623	6997.917779	6.836557	-0.019057	4.342538
81.625870	7003.123529	6.841562	-0.019022	4.344057
81.700373	7008.131624	6.846566	-0.019041	4.345530
81.869290	7013.000403	6.851571	-0.019081	4.346966
81.903397	7018.185632	6.856576	-0.019090	4.348487
81.863108	7023.353367	6.861581	-0.019081	4.349998
81.922920	7028.526820	6.866586	-0.019096	4.351516
81.876999	7033.653303	6.871590	-0.019085	4.353014
81.915744	7038.895083	6.876595	-0.019095	4.354550
81.801601	7043.820951	6.881600	-0.019068	4.355984
81.917906	7048.787188	6.886605	-0.019097	4.357443
82.095685	7054.001298	6.891610	-0.019140	4.358976
82.136106	7059.257490	6.896614	-0.019150	4.360514
82.166969	7064.792068	6.901619	-0.019158	4.362132
82.117848	7069.950866	6.906624	-0.019146	4.363636
82.235644	7075.046605	6.911629	-0.019175	4.365129
82.147898	7079.886384	6.916634	-0.019155	4.366537
82.152576	7085.019106	6.921638	-0.019156	4.368034
82.242061	7090.231254	6.926643	-0.019178	4.369558
82.371462	7095.362965	6.931648	-0.019209	4.371061
82.430526	7100.452526	6.936653	-0.019224	4.372547
82.304608	7105.718028	6.941658	-0.019194	4.374074
82.443219	7110.672208	6.946662	-0.019228	4.375524
82.483241	7115.599908	6.951667	-0.019238	4.376960
82.577196	7120.751215	6.956672	-0.019261	4.378464
82.655371	7125.927591	6.961677	-0.019280	4.379974
82.648200	7131.431650	6.966682	-0.019279	4.381574
82.684588	7136.517279	6.971686	-0.019288	4.383054
82.818723	7141.750239	6.976691	-0.019321	4.384582
82.657818	7146.647286	6.981696	-0.019283	4.385996
82.798696	7151.643853	6.986701	-0.019317	4.387454
82.752365	7156.828791	6.991706	-0.019307	4.388957
82.874826	7161.976327	6.996710	-0.019336	4.390457
82.825381	7167.210582	7.001715	-0.019325	4.391973
82.888678	7172.323949	7.006720	-0.019341	4.393459
83.059104	7177.460651	7.011725	-0.019382	4.394957
82.905563	7182.325748	7.016730	-0.019346	4.396358
83.108001	7187.386835	7.021734	-0.019395	4.397835
82.981058	7192.637369	7.026739	-0.019365	4.399349
83.097829	7198.239487	7.031744	-0.019393	4.400977
83.295245	7203.432111	7.036749	-0.019441	4.402490
83.271538	7208.582153	7.041754	-0.019436	4.403978
83.223866	7213.634578	7.046758	-0.019425	4.405437
83.223874	7218.554805	7.051763	-0.019425	4.406859
83.342826	7223.677855	7.056768	-0.019454	4.408346
83.457116	7228.780810	7.061773	-0.019482	4.409826
83.461901	7234.048940	7.066778	-0.019484	4.411348
83.408630	7239.167044	7.071782	-0.019471	4.412823
83.522008	7244.350075	7.076787	-0.019499	4.414324
83.575354	7249.219862	7.081792	-0.019512	4.415732
83.498340	7254.260667	7.086797	-0.019494	4.417182
83.592342	7259.419863	7.091802	-0.019517	4.418674
83.534187	7264.753152	7.096806	-0.019504	4.420208
83.667842	7270.144037	7.101811	-0.019536	4.421768
83.779106	7275.280657	7.106816	-0.019563	4.423253
83.651972	7280.434361	7.111821	-0.019534	4.424731
83.558230	7285.220376	7.116826	-0.019512	4.426104
83.568824	7290.376719	7.121830	-0.019515	4.427588
83.747577	7295.509270	7.126835	-0.019558	4.429073
83.757650	7300.719149	7.131840	-0.019561	4.430572
83.850761	7305.836766	7.136845	-0.019584	4.432048
83.944679	7311.082030	7.141850	-0.019607	4.433560
83.983490	7316.110592	7.146854	-0.019616	4.435006
84.024447	7320.995803	7.151859	-0.019627	4.436411
83.947462	7326.104663	7.156864	-0.019609	4.437873
84.134641	7331.309961	7.161869	-0.019654	4.439377
84.277902	7336.980923	7.166874	-0.019689	4.441011
84.184424	7342.129555	7.171878	-0.019667	4.442482
84.309404	7347.277298	7.176883	-0.019697	4.443965
84.208825	7352.248611	7.181888	-0.019674	4.445384
84.398228	7357.119208	7.186893	-0.019719	4.446789
84.293166	7362.400819	7.191898	-0.019695	4.448296
84.316095	7367.524264	7.196902	-0.019701	4.449764
84.415593	7372.737426	7.201907	-0.019725	4.451261
84.353027	7377.885865	7.206912	-0.019711	4.452731
84.458133	7383.008763	7.211917	-0.019736	4.454202
84.558228	7387.873248	7.216922	-0.019761	4.455597
84.461429	7392.947469	7.221926	-0.019738	4.457043
84.628764	7398.141009	7.226931	-0.019779	4.458535
84.589832	7403.428163	7.231936	-0.019770	4.460043
84.687806	7408.734728	7.236941	-0.019794	4.461564
84.659218	7413.983184	7.241946	-0.019787	4.463060
84.778556	7419.046724	7.246950	-0.019816	4.464511
84.699942	7423.883740	7.251955	-0.019798	4.465887
84.854168	7429.026582	7.256960	-0.019835	4.467361
84.800985	7434.196322	7.261965	-0.019823	4.468832
84.780855	7439.405827	7.266970	-0.019819	4.470316
84.754779	7444.552323	7.271974	-0.019813	4.471781
84.807410	7449.759194	7.276979	-0.019826	4.473266
84.985345	7454.751932	7.281984	-0.019869	4.474696
84.872484	7459.647538	7.286989	-0.019843	4.476084
85.061349	7464.829273	7.291994	-0.019888	4.477568
85.131865	7469.995951	7.296998	-0.019906	4.479041
85.216237	7475.513395	7.302003	-0.019926	4.480613
85.121272	7480.644130	7.307008	-0.019904	4.482067
85.132095	7485.879113	7.312013	-0.019907	4.483555
85.301794	7490.810280	7.317018	-0.019948	4.484964
85.115455	7495.728587	7.322022	-0.019904	4.486351
85.250075	7500.893340	7.327027	-0.019937	4.487824
85.381931	7505.965675	7.332032	-0.019969	4.489270
85.219502	7511.179493	7.337037	-0.019931	4.490741
85.455273	7516.359523	7.342042	-0.019988	4.492221
85.405544	7521.483553	7.347046	-0.019976	4.493671
85.506199	7526.419229	7.352051	-0.020001	4.495075
85.459698	7531.394952	7.357056	-0.019990	4.496483
85.585308	7536.588572	7.362061	-0.020021	4.497960
85.641420	7541.905031	7.367066	-0.020035	4.499467
85.533872	7547.274474	7.372070	-0.020009	4.500982
85.627226	7552.476683	7.377075	-0.020032	4.502458
85.592264	7557.661713	7.382080	-0.020024	4.503923
85.816303	7562.416563	7.387085	-0.020078	4.505278
85.695462	7567.539972	7.392090	-0.020050	4.506721
85.785737	7572.661028	7.397094	-0.020072	4.508172
85.830829	7577.810252	7.402099	-0.020083	4.509629
85.793405	7583.019435	7.407104	-0.020075	4.511098
85.880179	7588.202537	7.412109	-0.020096	4.512566
86.005447	7593.250245	7.417114	-0.020127	4.513996
86.056934	7598.075268	7.422118	-0.020139	4.515360
85.964140	7603.276115	7.427123	-0.020118	4.516822
86.077355	7608.362827	7.432128	-0.020145	4.518262
86.124961	7613.911009	7.437133	-0.020157	4.519828
86.125220	7619.304015	7.442138	-0.020158	4.521347
86.140031	7624.391496	7.447142	-0.020162	4.522781
86.102951	7629.476062	7.452147	-0.020153	4.524211
86.168999	7634.300750	7.457152	-0.020170	4.525572
86.340289	7639.405421	7.462157	-0.020211	4.527016
86.308381	7644.524963	7.467162	-0.020204	4.528455
86.278167	7649.839043	7.472166	-0.020197	4.529948
86.464533	7654.942889	7.477171	-0.020242	4.531392
86.471700	7660.008581	7.482176	-0.020245	4.532815
86.597859	7664.978055	7.487181	-0.020275	4.534218
86.603844	7669.892586	7.492186	-0.020277	4.535598
86.809406	7675.009763	7.497190	-0.020327	4.537045
86.715993	7680.162112	7.502195	-0.020305	4.538486
86.779550	7685.661450	7.507200	-0.020321	4.540032
86.811811	7690.818366	7.512205	-0.020329	4.541480
86.913379	7695.978700	7.517210	-0.020354	4.542932
86.804281	7701.057872	7.522214	-0.020328	4.544351
86.822711	7705.932314	7.527219	-0.020333	4.545717
86.914034	7711.085855	7.532224	-0.020355	4.547165
86.937296	7716.256884	7.537229	-0.020361	4.548615
86.962662	7721.472716	7.542234	-0.020368	4.550076
87.060110	7726.528720	7.547238	-0.020392	4.551496
87.035783	7731.753922	7.552243	-0.020386	4.552956
87.147349	7736.717047	7.557248	-0.020414	4.554350
87.147751	7741.671167	7.562253	-0.020414	4.555735
87.139108	7746.893044	7.567258	-0.020413	4.557194
87.312673	7752.036071	7.572262	-0.020455	4.558639
87.159092	7757.817414	7.577267	-0.020418	4.560247
87.350504	7762.925217	7.582272	-0.020465	4.561682
87.378773	7768.042680	7.587277	-0.020472	4.563112
87.448483	7773.023989	7.592282	-0.020489	4.564506
87.418730	7777.882258	7.597286	-0.020482	4.565860
87.388390	7783.045459	7.602291	-0.020476	4.567298
87.384454	7788.306714	7.607296	-0.020475	4.568765
87.460967	7793.470130	7.612301	-0.020494	4.570208
87.546407	7798.648299	7.617306	-0.020515	4.571654
87.591370	7803.735029	7.622310	-0.020526	4.573073
87.670740	7808.652854	7.627315	-0.020546	4.574446
87.687946	7813.715878	7.632320	-0.020550	4.575857
87.630008	7818.842179	7.637325	-0.020537	4.577281
87.757073	7824.148463	7.642330	-0.020568	4.578763
87.711615	7829.595948	7.647334	-0.020557	4.580276
87.715078	7834.707003	7.652339	-0.020559	4.581697
87.880341	7839.877420	7.657344	-0.020599	4.583141
87.863139	7844.739971	7.662349	-0.020595	4.584491
87.869440	7849.735005	7.667354	-0.020597	4.585879
87.944322	7854.923887	7.672358	-0.020615	4.587323
88.035014	7860.072478	7.677363	-0.020638	4.588757
88.090772	7865.248655	7.682368	-0.020652	4.590196
88.110656	7870.400802	7.687373	-0.020657	4.591626
88.170004	7875.602181	7.692378	-0.020671	4.593071
88.126923	7880.486251	7.697382	-0.020662	4.594423
88.081597	7885.483643	7.702387	-0.020651	4.595806
88.317757	7890.739958	7.707392	-0.020708	4.597273
88.232543	7895.944208	7.712397	-0.020688	4.598711
88.410501	7901.540417	7.717402	-0.020731	4.600269
88.269438	7906.695043	7.722406	-0.020698	4.601689
88.379200	7911.837699	7.727411	-0.020725	4.603117
88.354038	7916.715982	7.732416	-0.020719	4.604465
88.511602	7921.675674	7.737421	-0.020758	4.605844
88.416872	7926.966768	7.742426	-0.020735	4.607303
88.549978	7932.074748	7.747430	-0.020768	4.608720
88.549513	7937.245429	7.752435	-0.020768	4.610149
88.672818	7942.411342	7.757440	-0.020798	4.611581
88.551232	7947.561773	7.762445	-0.020770	4.612998
88.619812	7952.486345	7.767450	-0.020786	4.614361
88.703769	7957.409920	7.772454	-0.020807	4.615723
88.567462	7962.656696	7.777459	-0.020775	4.617164
88.734291	7967.948144	7.782464	-0.020815	4.618631
88.695608	7973.329764	7.787469	-0.020807	4.620113
88.759906	7978.545927	7.792474	-0.020822	4.621554
88.836681	7983.635947	7.797478	-0.020841	4.622960
88.830009	7988.559505	7.802483	-0.020840	4.624315
88.772463	7993.592420	7.807488	-0.020827	4.625699
88.908104	7998.712814	7.812493	-0.020860	4.627114
89.015086	8003.900659	7.817498	-0.020886	4.628547
89.019088	8009.069102	7.822502	-0.020887	4.629969
89.101491	8014.214161	7.827507	-0.020908	4.631387
89.133469	8019.367709	7.832512	-0.020916	4.632806
89.096886	8024.324717	7.837517	-0.020907	4.634167
89.118982	8029.372711	7.842522	-0.020913	4.635555
89.177282	8034.513099	7.847526	-0.020928	4.636969
89.207177	8039.831275	7.852531	-0.020935	4.638431
89.257073	8045.377732	7.857536	-0.020948	4.639956
89.372262	8050.516320	7.862541	-0.020976	4.641371
89.378581	8055.676010	7.867546	-0.020978	4.642787
89.401982	8060.512386	7.872550	-0.020984	4.644114
89.482427	8065.501714	7.877555	-0.021004	4.645486
89.389261	8070.779663	7.882560	-0.020982	4.646928
89.354633	8075.877927	7.887565	-0.020974	4.648324
89.566132	8081.147531	7.892570	-0.021025	4.649777
89.646490	8086.177242	7.897574	-0.021045	4.651157
89.625179	8091.382998	7.902579	-0.021040	4.652582
89.761227	8096.213078	7.907584	-0.021073	4.653910
89.696267	8101.247321	7.912589	-0.021058	4.655284
89.699913	8106.493731	7.917594	-0.021060	4.656719
89.669732	8111.668271	7.922598	-0.021053	4.658133
89.905061	8117.124911	7.927603	-0.021110	4.659635
90.012240	8122.302922	7.932608	-0.021136	4.661054
90.088445	8127.367373	7.937613	-0.021155	4.662441
90.009914	8132.319186	7.942618	-0.021136	4.663790
89.975955	8137.348938	7.947622	-0.021129	4.665162
89.937487	8142.515853	7.952627	-0.021120	4.666570
90.070649	8147.720510	7.957632	-0.021152	4.667996
90.051211	8152.879588	7.962637	-0.021148	4.669403
90.169940	8158.093148	7.967642	-0.021177	4.670830
90.117662	8163.216944	7.972646	-0.021165	4.672224
90.186303	8168.221504	7.977651	-0.021182	4.673591
90.161155	8173.089679	7.982656	-0.021176	4.674916
90.242030	8178.310777	7.987661	-0.021196	4.676342
90.258888	8183.457405	7.992666	-0.021201	4.677744
90.364408	8189.187208	7.997670	-0.021226	4.679308
90.389120	8194.301485	8.002675	-0.021233	4.680701
90.348516	8199.534130	8.007680	-0.021224	4.682122
90.275170	8204.395665	8.012685	-0.021207	4.683441
90.420659	8209.360310	8.017690	-0.021242	4.684797
90.601723	8214.438133	8.022694	-0.021286	4.686185
90.512544	8219.690137	8.027699	-0.021265	4.687608
90.577554	8224.884350	8.032704	-0.021281	4.689022
90.559421	8230.018190	8.037709	-0.021277	4.690415
90.654191	8235.116656	8.042714	-0.021300	4.691803
90.544917	8240.254877	8.047718	-0.021275	4.693193
90.644399	8245.058746	8.052723	-0.021299	4.694501
90.511779	8250.290952	8.057728	-0.021268	4.695915
90.777648	8255.347384	8.062733	-0.021332	4.697297
90.890640	8260.896445	8.067738	-0.021359	4.698805
90.814780	8266.118975	8.072742	-0.021342	4.700218
90.840389	8271.365596	8.077747	-0.021348	4.701640
90.797880	8276.301376	8.082752	-0.021339	4.702975
90.775624	8281.205472	8.087757	-0.021334	4.704302
91.080063	8286.298835	8.092762	-0.021407	4.705693
91.071538	8291.508350	8.097766	-0.021405	4.707102
91.092121	8296.671133	8.102771	-0.021411	4.708500
91.107467	8301.904376	8.107776	-0.021415	4.709915
91.123945	8306.978480	8.112781	-0.021419	4.711288
91.151750	8312.188681	8.117786	-0.021427	4.712697
91.237746	8316.900472	8.122790	-0.021448	4.713974
91.178026	8322.101486	8.127795	-0.021434	4.715376
91.279355	8327.246136	8.132800	-0.021459	4.716769
91.116256	8332.772365	8.137805	-0.021420	4.718255
91.275589	8338.146311	8.142810	-0.021459	4.719711
91.324226	8343.304867	8.147814	-0.021471	4.721105
91.502086	8348.467483	8.152819	-0.021514	4.722505
91.420311	8353.236498	8.157824	-0.021495	4.723787
91.433458	8358.329596	8.162829	-0.021498	4.725161
91.592100	8363.536723	8.167834	-0.021537	4.726570
91.506844	8368.743833	8.172838	-0.021517	4.727969
91.518645	8373.860213	8.177843	-0.021520	4.729348
91.625845	8379.093680	8.182848	-0.021546	4.730761
91.666150	8384.148505	8.187853	-0.021557	4.732123
91.628315	8389.100447	8.192858	-0.021548	4.733454
91.626068	8394.024073	8.197862	-0.021548	4.734778
91.734524	8399.277386	8.202867	-0.021574	4.736196
91.771302	8404.488415	8.207872	-0.021584	4.737598
91.810069	8410.017880	8.212877	-0.021594	4.739086
91.805427	8415.148798	8.217882	-0.021593	4.740464
91.830439	8420.304692	8.222886	-0.021599	4.741850
91.729755	8425.272649	8.227891	-0.021576	4.743180
91.910001	8430.223483	8.232896	-0.021619	4.744516
91.823930	8435.374709	8.237901	-0.021599	4.745895
91.875988	8440.492948	8.242906	-0.021612	4.747270
91.900281	8445.796087	8.247910	-0.021619	4.748694
91.920192	8450.849933	8.252915	-0.021624	4.750049
92.076888	8456.028269	8.257920	-0.021662	4.751444
92.137955	8461.025389	8.262925	-0.021677	4.752785
92.145993	8465.959508	8.267930	-0.021679	4.754107
92.132705	8471.115000	8.272934	-0.021677	4.755488
92.294698	8476.200659	8.277939	-0.021716	4.756856
92.221723	8481.929054	8.282944	-0.021699	4.758386
92.232163	8487.165048	8.287949	-0.021702	4.759788
92.351795	8492.337507	8.292954	-0.021731	4.761176
92.470643	8497.348164	8.297958	-0.021760	4.762521
92.426639	8502.194970	8.302963	-0.021750	4.763815
92.461810	8507.367923	8.307968	-0.021759	4.765199
92.405180	8512.512603	8.312973	-0.021746	4.766571
92.467691	8517.761708	8.317978	-0.021761	4.767976
92.575149	8522.797674	8.322982	-0.021787	4.769325
92.607892	8528.055376	8.327987	-0.021796	4.770730
92.628909	8533.152555	8.332992	-0.021801	4.772091
92.617453	8537.998470	8.337997	-0.021799	4.773383
92.583868	8543.143909	8.343002	-0.021791	4.774754
92.652916	8548.257138	8.348006	-0.021808	4.776121
92.700001	8553.604618	8.353011	-0.021820	4.777548
92.863795	8558.939094	8.358016	-0.021860	4.778976
92.819522	8564.140175	8.363021	-0.021850	4.780360
92.658973	8569.345549	8.368026	-0.021812	4.781740
92.969488	8574.178042	8.373030	-0.021887	4.783039
92.986325	8579.167070	8.378035	-0.021891	4.784368
93.025244	8584.352584	8.383040	-0.021901	4.785749
92.905059	8589.598989	8.388045	-0.021873	4.787140
93.020933	8594.707133	8.393050	-0.021901	4.788503
93.085487	8599.892282	8.398054	-0.021917	4.789885
93.198272	8604.996816	8.403059	-0.021944	4.791246
93.214777	8610.028576	8.408064	-0.021949	4.792584
92.975613	8615.038595	8.413069	-0.021892	4.793905
93.164466	8620.145926	8.418074	-0.021938	4.795269
93.292570	8625.297598	8.423078	-0.021969	4.796642
93.370682	8630.996726	8.428083	-0.021988	4.798158
93.243020	8636.170590	8.433088	-0.021958	4.799526
93.351386	8641.419197	8.438093	-0.021984	4.800922
93.396346	8646.433542	8.443098	-0.021996	4.802254
93.405350	8651.214183	8.448102	-0.021998	4.803522
93.495078	8656.352097	8.453107	-0.022020	4.804887
93.437526	8661.506625	8.458112	-0.022007	4.806250
93.406211	8666.795586	8.463117	-0.022000	4.807650
93.421620	8671.864838	8.468122	-0.022004	4.808993
93.496933	8677.046103	8.473126	-0.022023	4.810368
93.558431	8682.171850	8.478131	-0.022038	4.811727
93.581122	8686.996591	8.483136	-0.022044	4.813005
93.751158	8692.060201	8.488141	-0.022085	4.814351
93.661584	8697.253003	8.493146	-0.022064	4.815720
93.768551	8702.506809	8.498150	-0.022090	4.817113
93.808447	8708.043377	8.503155	-0.022100	4.818578
93.838957	8713.139819	8.508160	-0.022108	4.819926
93.939724	8718.289239	8.513165	-0.022133	4.821290
93.879111	8723.183879	8.518170	-0.022119	4.822580
93.939410	8728.111253	8.523174	-0.022133	4.823884
93.982024	8733.392644	8.528179	-0.022144	4.825279
94.035260	8738.470541	8.533184	-0.022157	4.826621
94.015035	8743.637136	8.538189	-0.022153	4.827983
94.063895	8748.877177	8.543194	-0.022165	4.829367
94.122032	8754.019130	8.548198	-0.022180	4.830724
94.133488	8759.105117	8.553203	-0.022183	4.832065
94.174020	8763.994102	8.558208	-0.022193	4.833355
94.247723	8769.067046	8.563213	-0.022211	4.834694
94.275470	8774.296055	8.568218	-0.022218	4.836072
94.209507	8779.767372	8.573223	-0.022203	4.837510
94.379793	8785.056656	8.578227	-0.022244	4.838908
94.335280	8790.379842	8.583232	-0.022234	4.840307
94.381661	8795.437860	8.588237	-0.022246	4.841640
94.354524	8800.198796	8.593242	-0.022240	4.842891
94.418521	8805.375853	8.598247	-0.022255	4.844254
94.548000	8810.343326	8.603251	-0.022287	4.845564
94.590609	8815.506054	8.608256	-0.022298	4.846922
94.580037	8820.653842	8.613261	-0.022296	4.848274
94.530541	8825.888119	8.618266	-0.022284	4.849647
94.661881	8830.950170	8.623271	-0.022316	4.850981
94.700897	8835.935999	8.628275	-0.022326	4.852291
94.685411	8840.893824	8.633280	-0.022323	4.853591
94.657718	8845.964168	8.638285	-0.022317	4.854920
94.712160	8851.219838	8.643290	-0.022330	4.856300
94.816670	8856.739293	8.648295	-0.022356	4.857751
94.887787	8861.855194	8.653299	-0.022373	4.859094
94.879367	8867.132425	8.658304	-0.022372	4.860477
94.878534	8872.172901	8.663309	-0.022372	4.861797
94.970335	8876.982645	8.668314	-0.022394	4.863060
94.877981	8882.164778	8.673319	-0.022373	4.864413
95.107919	8887.266016	8.678323	-0.022428	4.865757
95.417251	8892.446178	8.683328	-0.022503	4.867123
95.444837	8897.641329	8.688333	-0.022510	4.868483
95.644893	8902.785735	8.693338	-0.022558	4.869836
95.777889	8907.889421	8.698343	-0.022590	4.871175
95.818479	8912.759847	8.703347	-0.022601	4.872449
95.709115	8917.838391	8.708352	-0.022575	4.873772
95.815048	8922.918881	8.713357	-0.022601	4.875103
95.920794	8928.217228	8.718362	-0.022627	4.876491
95.947922	8933.971509	8.723367	-0.022634	4.877994
95.768730	8939.078404	8.728371	-0.022591	4.879320
96.141317	8944.273435	8.733376	-0.022681	4.880689
96.111082	8949.218117	8.738381	-0.022674	4.881978
95.961262	8954.044971	8.743386	-0.022639	4.883231
95.989214	8959.298118	8.748391	-0.022646	4.884602
96.127726	8964.377298	8.753395	-0.022680	4.885931
96.312156	8969.558359	8.758400	-0.022724	4.887287
96.266968	8974.751467	8.763405	-0.022714	4.888638
96.368580	8979.931039	8.768410	-0.022739	4.889991
96.226308	8985.071703	8.773415	-0.022705	4.891324
96.394949	8989.837274	8.778419	-0.022746	4.892570
96.341967	8995.015425	8.783424	-0.022734	4.893916
96.496975	9000.101089	8.788429	-0.022771	4.895244
96.398550	9005.426221	8.793434	-0.022748	4.896626
96.544777	9010.887031	8.798439	-0.022784	4.898051
96.448921	9016.055073	8.803443	-0.022761	4.899391
96.510336	9021.209511	8.808448	-0.022777	4.900732
96.500355	9026.120091	8.813453	-0.022775	4.902008
96.601711	9031.086840	8.818458	-0.022799	4.903301
96.566018	9036.225902	8.823463	-0.022791	4.904634
96.511447	9041.398933	8.828467	-0.022779	4.905975
96.669609	9046.660611	8.833472	-0.022817	4.907346
96.836891	9051.701138	8.838477	-0.022858	4.908659
96.779125	9056.934228	8.843482	-0.022844	4.910015
96.812722	9062.038628	8.848487	-0.022853	4.911339
96.746005	9066.790304	8.853491	-0.022837	4.912569
96.986123	9071.962837	8.858496	-0.022895	4.913917
96.918744	9077.218452	8.863501	-0.022880	4.915277
96.976309	9082.547021	8.868506	-0.022894	4.916659
97.030144	9088.030745	8.873511	-0.022907	4.918081
97.120188	9093.221808	8.878515	-0.022929	4.919427
96.939330	9098.419790	8.883520	-0.022887	4.920766
97.051726	9103.264399	8.888525	-0.022914	4.922024
97.006683	9108.266150	8.893530	-0.022904	4.923316
97.088477	9113.460257	8.898535	-0.022924	4.924662
97.213702	9118.564361	8.903539	-0.022954	4.925986
97.190987	9123.762937	8.908544	-0.022949	4.927328
97.183705	9128.892021	8.913549	-0.022948	4.928653
97.299874	9134.082513	8.918554	-0.022976	4.929998
97.286895	9139.229642	8.923559	-0.022974	4.931327
97.432126	9143.965663	8.928563	-0.023009	4.932554
97.391557	9149.160200	8.933568	-0.023000	4.933894
97.417497	9154.288188	8.938573	-0.023006	4.935218
97.494624	9159.633628	8.943578	-0.023025	4.936599
97.518520	9164.986289	8.948583	-0.023032	4.937980
97.384823	9170.209505	8.953587	-0.023000	4.939322
97.552499	9175.338115	8.958592	-0.023041	4.940650
97.540157	9180.181243	8.963597	-0.023038	4.941897
97.718131	9185.260363	8.968602	-0.023081	4.943212
97.616278	9190.455841	8.973607	-0.023057	4.944546
97.614640	9195.520913	8.978611	-0.023057	4.945851
97.804093	9200.818638	8.983616	-0.023103	4.947220
97.617503	9205.911506	8.988621	-0.023059	4.948525
97.680344	9211.177474	8.993626	-0.023075	4.949882
97.973513	9216.171280	8.998631	-0.023145	4.951176
97.796584	9221.016754	9.003635	-0.023103	4.952416
97.822484	9226.195697	9.008640	-0.023110	4.953748
97.798751	9231.308288	9.013645	-0.023105	4.955061
97.922223	9236.731520	9.018650	-0.023135	4.956458
97.955187	9242.182482	9.023655	-0.023143	4.957860
98.036771	9247.418414	9.028659	-0.023163	4.959207
98.048919	9252.614784	9.033664	-0.023167	4.960541
98.089803	9257.384281	9.038669	-0.023177	4.961766
98.102506	9262.409248	9.043674	-0.023181	4.963056
98.194019	9267.651914	9.048679	-0.023203	4.964404
98.042115	9272.728494	9.053683	-0.023167	4.965701
98.029787	9277.934788	9.058688	-0.023165	4.967035
98.195940	9283.019946	9.063693	-0.023205	4.968344
98.297558	9288.263336	9.068698	-0.023230	4.969691
98.303812	9293.328878	9.073703	-0.023232	4.970989
98.212053	9298.075290	9.078707	-0.023210	4.972201
98.438912	9303.337474	9.083712	-0.023265	4.973556
98.579938	9308.453407	9.088717	-0.023299	4.974870
98.358633	9313.775025	9.093722	-0.023247	4.976224
98.544619	9319.124862	9.098727	-0.023292	4.977599
98.532003	9324.283897	9.103731	-0.023289	4.978918
98.495591	9329.542537	9.108736	-0.023281	4.980262
98.535787	9334.373994	9.113741	-0.023291	4.981498
98.464109	9339.380745	9.118746	-0.023274	4.982775
98.410750	9344.530676	9.123751	-0.023262	4.984089
98.663562	9349.653422	9.128755	-0.023323	4.985406
98.678079	9354.894197	9.133760	-0.023327	4.986744
98.865919	9359.983872	9.138765	-0.023373	4.988050
98.622738	9365.208214	9.143770	-0.023315	4.989375
98.834923	9370.363679	9.148775	-0.023366	4.990697
98.756574	9375.134428	9.153779	-0.023348	4.991912
99.001799	9380.232170	9.158784	-0.023407	4.993220
98.805422	9385.427809	9.163789	-0.023361	4.994538
98.846457	9390.786410	9.168794	-0.023371	4.995905
98.864210	9396.365044	9.173799	-0.023376	4.997327
99.137325	9401.456466	9.178803	-0.023441	4.998633
99.047598	9406.675086	9.183808	-0.023420	4.999959
98.994994	9411.612096	9.188813	-0.023408	5.001215
99.006718	9416.559566	9.193818	-0.023412	5.002474
99.130181	9421.712912	9.198823	-0.023442	5.003790
99.133807	9426.796496	9.203827	-0.023443	5.005083
99.082562	9432.018273	9.208832	-0.023431	5.006410
99.201233	9437.198437	9.213837	-0.023460	5.007730
99.240417	9442.437662	9.218842	-0.023470	5.009064
99.245293	9447.532612	9.223847	-0.023472	5.010359
99.323140	9452.300427	9.228851	-0.023491	5.011572
99.311445	9457.451597	9.233856	-0.023488	5.012881
99.296911	9462.641341	9.238861	-0.023486	5.014198
99.342069	9467.804249	9.243866	-0.023497	5.015510
99.436922	9473.349974	9.248871	-0.023520	5.016921
99.420767	9478.459202	9.253875	-0.023517	5.018217
99.536871	9483.684121	9.258880	-0.023545	5.019546
99.481003	9488.729450	9.263885	-0.023532	5.020824
99.446487	9493.537012	9.268890	-0.023524	5.022041
99.557654	9498.714836	9.273895	-0.023551	5.023357
99.578970	9503.828547	9.278899	-0.023557	5.024654
99.687803	9509.083349	9.283904	-0.023583	5.025989
99.542949	9514.283959	9.288909	-0.023549	5.027301
99.728877	9519.438535	9.293914	-0.023594	5.028612
99.674437	9524.616110	9.298919	-0.023582	5.029921
99.683915	9529.462845	9.303923	-0.023585	5.031148
99.683278	9534.416874	9.308928	-0.023585	5.032402
99.815356	9539.654887	9.313933	-0.023617	5.033731
99.845805	9544.749728	9.318938	-0.023625	5.035020
99.873955	9550.551346	9.323943	-0.023632	5.036488
99.753998	9555.706554	9.328947	-0.023604	5.037787
99.931998	9560.957131	9.333952	-0.023647	5.039119
100.107326	9566.074746	9.338957	-0.023689	5.040418
100.125888	9570.792113	9.343962	-0.023694	5.041610
100.026171	9575.950106	9.348967	-0.023671	5.042909
100.114291	9581.052375	9.353971	-0.023692	5.044200
100.117225	9586.267573	9.358976	-0.023694	5.045516
100.219078	9591.427815	9.363981	-0.023718	5.046821
100.341171	9596.565973	9.368986	-0.023748	5.048120
100.205073	9601.826521	9.373991	-0.023716	5.049443
100.287925	9606.759013	9.378995	-0.023736	5.050689
100.442622	9611.617341	9.384000	-0.023774	5.051918
100.255996	9616.781207	9.389005	-0.023730	5.053214
100.380564	9622.032280	9.394010	-0.023760	5.054540
100.390590	9627.417308	9.399015	-0.023763	5.055897
100.420054	9632.715925	9.404019	-0.023771	5.057232
100.416346	9637.887127	9.409024	-0.023770	5.058533
100.578788	9643.023986	9.414029	-0.023809	5.059831
100.524265	9647.883637	9.419034	-0.023797	5.061052
100.541610	9652.930907	9.424039	-0.023802	5.062322
100.531158	9658.110603	9.429043	-0.023800	5.063624
100.587075	9663.244112	9.434048	-0.023813	5.064916
100.590349	9668.474554	9.439053	-0.023815	5.066231
100.675373	9673.593663	9.444058	-0.023836	5.067520
100.693068	9678.791563	9.449063	-0.023840	5.068826
100.518230	9683.900114	9.454067	-0.023799	5.070104
100.773240	9688.740972	9.459072	-0.023860	5.071327
100.838140	9693.820381	9.464077	-0.023876	5.072604
100.888154	9699.004845	9.469082	-0.023889	5.073906
100.847446	9704.269634	9.474087	-0.023880	5.075226
100.870721	9709.885649	9.479091	-0.023886	5.076635
101.055856	9715.117146	9.484096	-0.023931	5.077952
101.073294	9720.238665	9.489101	-0.023935	5.079237
101.111512	9725.233252	9.494106	-0.023945	5.080489
101.195903	9730.087923	9.499111	-0.023965	5.081708
101.209430	9735.224927	9.504115	-0.023969	5.082995
101.255016	9740.416898	9.509120	-0.023981	5.084297
101.092464	9745.579275	9.514125	-0.023942	5.085585
101.092808	9750.766613	9.519130	-0.023943	5.086883
101.152481	9755.943479	9.524135	-0.023958	5.088180
101.180845	9761.080340	9.529139	-0.023965	5.089466
101.274593	9765.998800	9.534144	-0.023988	5.090699
101.213068	9770.984931	9.539149	-0.023973	5.091944
101.243660	9776.159083	9.544154	-0.023981	5.093239
101.352838	9781.311851	9.549159	-0.024008	5.094530
101.353592	9786.839459	9.554163	-0.024009	5.095911
101.556523	9792.036811	9.559168	-0.024058	5.097215
101.721646	9797.228599	9.564173	-0.024098	5.098516
101.699650	9802.385479	9.569178	-0.024093	5.099803
101.725200	9807.120455	9.574183	-0.024099	5.100986
101.686004	9812.191688	9.579187	-0.024091	5.102250
101.806960	9817.475075	9.584192	-0.024120	5.103572
101.665760	9822.639274	9.589197	-0.024087	5.104856
101.737759	9827.820731	9.594202	-0.024104	5.106150
101.834132	9832.915606	9.599207	-0.024128	5.107423
101.806175	9838.085917	9.604211	-0.024122	5.108710
101.733050	9843.301453	9.609216	-0.024105	5.110008
101.972392	9847.998102	9.614221	-0.024163	5.111185
101.992586	9853.193152	9.619226	-0.024168	5.112479
101.996626	9858.367507	9.624231	-0.024169	5.113767
101.970193	9863.715921	9.629235	-0.024163	5.115098
102.190000	9869.231406	9.634240	-0.024217	5.116477
102.133813	9874.309886	9.639245	-0.024204	5.117739
102.040817	9879.464010	9.644250	-0.024182	5.119018
102.259265	9884.403872	9.649255	-0.024235	5.120252
102.104220	9889.267250	9.654259	-0.024198	5.121457
102.175529	9894.468360	9.659264	-0.024216	5.122752
102.182039	9899.635279	9.664269	-0.024218	5.124036
102.234199	9904.833624	9.669274	-0.024231	5.125329
102.223821	9910.008796	9.674279	-0.024229	5.126614
102.392819	9915.145291	9.679283	-0.024270	5.127894
102.377874	9920.263199	9.684288	-0.024266	5.129164
102.410279	9925.124255	9.689293	-0.024275	5.130371
102.434728	9930.099344	9.694298	-0.024281	5.131606
102.515429	9935.298534	9.699303	-0.024301	5.132898
102.554123	9940.406730	9.704307	-0.024311	5.134166
102.510420	9946.035311	9.709312	-0.024301	5.135560
102.620204	9951.283236	9.714317	-0.024327	5.136864
102.628758	9956.439038	9.719322	-0.024330	5.138142
102.699862	9961.615746	9.724327	-0.024347	5.139426
102.709328	9966.387007	9.729331	-0.024350	5.140608
102.625736	9971.429291	9.734336	-0.024331	5.141855
102.794202	9976.544916	9.739341	-0.024371	5.143126
102.761800	9981.715281	9.744346	-0.024364	5.144404
102.870490	9986.996497	9.749351	-0.024391	5.145714
102.760291	9992.102188	9.754355	-0.024365	5.146974
102.929060	9997.252038	9.759360	-0.024406	5.148252
102.934567	10002.376720	9.764365	-0.024407	5.149519
103.073851	10007.169860	9.769370	-0.024441	5.150708
103.009246	10012.318491	9.774375	-0.024426	5.151979
103.024587	10017.430668	9.779379	-0.024430	5.153242
103.155694	10022.674452	9.784384	-0.024462	5.154541
103.064233	10028.454413	9.789389	-0.024441	5.155966
103.101321	10033.573281	9.794394	-0.024450	5.157230
103.174775	10038.738843	9.799399	-0.024468	5.158507
103.166279	10043.737354	9.804403	-0.024467	5.159740
103.165670	10048.615972	9.809408	-0.024467	5.160944
103.251604	10053.730790	9.814413	-0.024488	5.162208
103.304192	10058.849187	9.819418	-0.024501	5.163471
103.480523	10064.062023	9.824423	-0.024544	5.164761
103.341928	10069.266749	9.829427	-0.024511	5.166040
103.286515	10074.429642	9.834432	-0.024499	5.167311
103.361507	10079.545683	9.839437	-0.024517	5.168573
103.501717	10084.557168	9.844442	-0.024551	5.169811
103.507405	10089.420589	9.849447	-0.024553	5.171008
103.414449	10094.606372	9.854451	-0.024531	5.172283
103.488748	10099.718591	9.859456	-0.024549	5.173543
103.593785	10105.139751	9.864461	-0.024575	5.174879
103.710032	10110.472300	9.869466	-0.024603	5.176194
103.677662	10115.716535	9.874471	-0.024596	5.177483
103.703577	10120.831458	9.879475	-0.024603	5.178741
103.751538	10125.758569	9.884480	-0.024615	5.179953
103.672935	10130.686179	9.889485	-0.024596	5.181162
103.722320	10135.863290	9.894490	-0.024609	5.182435
103.771758	10141.032784	9.899495	-0.024621	5.183706
103.760688	10146.228972	9.904499	-0.024619	5.184982
103.910618	10151.394329	9.909504	-0.024655	5.186253
103.882414	10156.570705	9.914509	-0.024649	5.187523
103.906250	10161.681829	9.919514	-0.024655	5.188778
103.924263	10166.635700	9.924519	-0.024660	5.189994
103.879741	10171.609980	9.929523	-0.024650	5.191212
103.973153	10176.846132	9.934528	-0.024673	5.192499
103.964519	10181.964284	9.939533	-0.024671	5.193753
104.084930	10187.632151	9.944538	-0.024700	5.195145
104.103564	10193.012627	9.949543	-0.024705	5.196464
104.077186	10198.109768	9.954547	-0.024700	5.197712
104.072333	10203.315554	9.959552	-0.024699	5.198987
104.101620	10208.065078	9.964557	-0.024706	5.200150
104.262018	10213.053456	9.969562	-0.024745	5.201375
104.240506	10218.251890	9.974567	-0.024741	5.202647
104.187904	10223.394802	9.979571	-0.024729	5.203904
104.238163	10228.604974	9.984576	-0.024741	5.205179
104.387046	10233.734824	9.989581	-0.024777	5.206438
104.426444	10238.868227	9.994586	-0.024787	5.207694
104.413132	10244.059369	9.999591	-0.024784	5.208962
104.477412	10246.449487	10.004595	-0.024800	5.209548
104.414230	10246.397615	10.009600	-0.024785	5.209533
104.720295	10246.450867	10.014592	-0.024858	5.209554
104.547715	10246.459527	10.019584	-0.024817	5.209552
104.423131	10246.524767	10.024576	-0.024787	5.209565
104.533154	10246.432816	10.029568	-0.024813	5.209545
104.511277	10246.478593	10.034560	-0.024808	5.209556
104.478973	10246.446020	10.039552	-0.024801	5.209547
104.465385	10246.392320	10.044544	-0.024797	5.209533
104.463038	10246.455315	10.049536	-0.024797	5.209549
104.443358	10246.453474	10.054528	-0.024792	5.209548
104.428543	10246.452416	10.059520	-0.024789	5.209547
104.390270	10246.442228	10.064512	-0.024779	5.209544
104.415599	10246.446034	10.069504	-0.024786	5.209545
104.444438	10246.443078	10.074496	-0.024792	5.209545
104.414366	10246.400029	10.079488	-0.024785	5.209534
104.483255	10246.457024	10.084480	-0.024802	5.209550
104.471005	10246.487727	10.089472	-0.024799	5.209557
104.408064	10246.423700	10.094464	-0.024784	5.209540
104.474127	10246.441276	10.099456	-0.024800	5.209546
104.512856	10246.424500	10.104448	-0.024809	5.209543
104.547528	10246.509329	10.109440	-0.024817	5.209564
104.513095	10246.323265	10.114432	-0.024809	5.209518
104.450623	10246.318112	10.119424	-0.024794	5.209515
104.445116	10246.437789	10.124416	-0.024793	5.209544
104.458310	10246.468453	10.129408	-0.024796	5.209552
104.436688	10246.384833	10.134400	-0.024791	5.209531
104.579799	10246.434243	10.139392	-0.024825	5.209547
104.500839	10246.396190	10.144384	-0.024806	5.209535
104.449064	10246.512911	10.149376	-0.024794	5.209563
104.555773	10246.531457	10.154368	-0.024819	5.209570
104.561181	10246.473253	10.159360	-0.024821	5.209556
104.454755	10246.505896	10.164352	-0.024795	5.209561
104.459859	10246.442600	10.169344	-0.024797	5.209546
104.522696	10246.473315	10.174336	-0.024812	5.209555
104.565792	10246.452249	10.179328	-0.024822	5.209551
104.655730	10246.430239	10.184320	-0.024843	5.209548
104.439905	10246.498399	10.189312	-0.024792	5.209559
104.594767	10246.428765	10.194304	-0.024829	5.209546
104.577825	10246.456105	10.199296	-0.024825	5.209552
104.548808	10246.436004	10.204288	-0.024818	5.209546
104.525852	10246.444745	10.209280	-0.024813	5.209548
104.410224	10246.509070	10.214272	-0.024785	5.209561
104.408692	10246.446452	10.219264	-0.024785	5.209545
104.519689	10246.427414	10.224256	-0.024811	5.209543
104.464874	10246.473995	10.229248	-0.024798	5.209553
104.447307	10246.424544	10.234240	-0.024794	5.209541
104.513534	10246.413924	10.239232	-0.024810	5.209540
104.560267	10246.371992	10.244224	-0.024821	5.209531
104.506049	10246.406984	10.249216	-0.024808	5.209538
104.414665	10246.379168	10.254208	-0.024786	5.209529
104.610259	10246.379663	10.259200	-0.024833	5.209534
104.688327	10246.334529	10.264192	-0.024852	5.209525
104.651916	10246.399724	10.269184	-0.024843	5.209540
104.595063	10246.510559	10.274176	-0.024829	5.209566
104.655637	10246.442875	10.279168	-0.024844	5.209551
104.651474	10246.444572	10.284160	-0.024843	5.209551
104.610250	10246.453899	10.289152	-0.024833	5.209552
104.527899	10246.405946	10.294144	-0.024813	5.209538
104.587861	10246.471539	10.299136	-0.024828	5.209556
104.527434	10246.436716	10.304128	-0.024813	5.209546
104.578768	10246.446831	10.309120	-0.024826	5.209550
104.594868	10246.445176	10.314112	-0.024829	5.209550
104.710114	10246.328354	10.319104	-0.024857	5.209524
104.600547	10246.447138	10.324096	-0.024831	5.209550
104.527698	10246.362348	10.329088	-0.024813	5.209528
104.502337	10246.377739	10.334080	-0.024807	5.209531
104.505424	10246.455550	10.339072	-0.024808	5.209550
104.520177	10246.471965	10.344064	-0.024812	5.209554
104.694471	10246.461829	10.349056	-0.024853	5.209556
104.490304	10246.440414	10.354048	-0.024805	5.209546
104.504427	10246.367231	10.359040	-0.024808	5.209528
104.585054	10246.526780	10.364032	-0.024827	5.209569
104.659224	10246.435931	10.369024	-0.024845	5.209549
104.563158	10246.488010	10.374016	-0.024822	5.209559
104.529306	10246.410762	10.379008	-0.024814	5.209540
104.578122	10246.430101	10.384000	-0.024826	5.209546
104.663344	10246.444438	10.388992	-0.024846	5.209551
104.757374	10246.360526	10.393984	-0.024869	5.209533
104.682236	10246.434803	10.398976	-0.024851	5.209549
104.481728	10246.386116	10.403968	-0.024803	5.209532
104.592260	10246.484968	10.408960	-0.024829	5.209559
104.532573	10246.493620	10.413952	-0.024815	5.209560
104.635318	10246.371671	10.418944	-0.024840	5.209533
104.490780	10246.406928	10.423936	-0.024805	5.209538
104.631497	10246.436088	10.428928	-0.024839	5.209548
104.642342	10246.487488	10.433920	-0.024841	5.209561
104.634255	10246.457562	10.438912	-0.024839	5.209554
104.708055	10246.320639	10.443904	-0.024857	5.209522
104.679239	10246.414519	10.448896	-0.024850	5.209544
104.662639	10246.431577	10.453888	-0.024846	5.209548
104.581796	10246.451357	10.458880	-0.024827	5.209551
104.585537	10246.421504	10.463872	-0.024828	5.209544
104.691981	10246.356818	10.468864	-0.024853	5.209531
104.552269	10246.497897	10.473856	-0.024820	5.209562
104.558162	10246.401217	10.478848	-0.024821	5.209538
104.605871	10246.427073	10.483840	-0.024833	5.209546
104.590931	10246.484950	10.488832	-0.024829	5.209559
104.642800	10246.406628	10.493824	-0.024842	5.209542
104.617784	10246.430951	10.498816	-0.024836	5.209547
104.729698	10246.390043	10.503808	-0.024863	5.209540
104.742078	10246.438724	10.508800	-0.024866	5.209552
104.758295	10246.424248	10.513792	-0.024869	5.209549
104.740508	10246.363291	10.518784	-0.024865	5.209533
104.646290	10246.501001	10.523776	-0.024843	5.209565
104.721332	10246.427996	10.528768	-0.024861	5.209549
104.683823	10246.424134	10.533760	-0.024852	5.209547
104.656942	10246.433277	10.538752	-0.024845	5.209548
104.495805	10246.433083	10.543744	-0.024807	5.209544
104.634862	10246.498279	10.548736	-0.024840	5.209564
104.747242	10246.417615	10.553728	-0.024867	5.209547
104.609959	10246.486714	10.558720	-0.024834	5.209560
104.573635	10246.487855	10.563712	-0.024826	5.209560
104.665805	10246.402852	10.568704	-0.024848	5.209541
104.524409	10246.455720	10.573696	-0.024814	5.209551
104.560936	10246.371280	10.578688	-0.024823	5.209531
104.793097	10246.452579	10.583680	-0.024878	5.209557
104.730830	10246.366707	10.588672	-0.024863	5.209534
104.640662	10246.418183	10.593664	-0.024842	5.209544
104.766581	10246.432204	10.598656	-0.024872	5.209551
104.693717	10246.358943	10.603648	-0.024854	5.209531
104.589920	10246.415654	10.608640	-0.024830	5.209543
104.678822	10246.429616	10.613632	-0.024851	5.209548
104.689276	10246.409324	10.618624	-0.024853	5.209543
104.653759	10246.437281	10.623616	-0.024845	5.209549
104.569833	10246.393331	10.628608	-0.024825	5.209537
104.611972	10246.522230	10.633600	-0.024835	5.209569
104.591663	10246.452565	10.638592	-0.024830	5.209552
104.689739	10246.375925	10.643584	-0.024854	5.209535
104.540147	10246.421945	10.648576	-0.024818	5.209543
104.618677	10246.425438	10.653568	-0.024837	5.209546
104.716159	10246.483355	10.658560	-0.024860	5.209562
104.689252	10246.292677	10.663552	-0.024854	5.209515
104.533464	10246.286814	10.668544	-0.024816	5.209510
104.588430	10246.343951	10.673536	-0.024830	5.209525
104.593209	10246.380599	10.678528	-0.024831	5.209534
104.670360	10246.379109	10.683520	-0.024849	5.209536
104.736824	10246.470938	10.688512	-0.024865	5.209560
104.813085	10246.417022	10.693504	-0.024883	5.209548
104.774730	10246.409404	10.698496	-0.024874	5.209546
104.583719	10246.336689	10.703488	-0.024829	5.209523
104.729189	10246.444780	10.708480	-0.024863	5.209553
104.727306	10246.392446	10.713472	-0.024863	5.209540
104.733782	10246.375123	10.718464	-0.024865	5.209536
104.752429	10246.448781	10.723456	-0.024869	5.209555
104.610313	10246.432553	10.728448	-0.024835	5.209547
104.693337	10246.420216	10.733440	-0.024855	5.209546
104.643941	10246.357367	10.738432	-0.024843	5.209530
104.705372	10246.376697	10.743424	-0.024858	5.209536
104.687541	10246.457926	10.748416	-0.024854	5.209555
104.715189	10246.385922	10.753408	-0.024860	5.209538
104.657707	10246.428933	10.758400	-0.024847	5.209548
104.562010	10246.370815	10.763392	-0.024824	5.209531
104.786031	10246.406833	10.768384	-0.024877	5.209545
104.720902	10246.344310	10.773376	-0.024862	5.209528
104.757840	10246.332840	10.778368	-0.024871	5.209527
104.717456	10246.389475	10.783360	-0.024861	5.209539
104.768585	10246.481590	10.788352	-0.024873	5.209563
104.709810	10246.403047	10.793344	-0.024859	5.209543
104.691609	10246.435639	10.798336	-0.024855	5.209550
104.709957	10246.331281	10.803328	-0.024859	5.209525
104.785042	10246.386363	10.808320	-0.024877	5.209540
104.746616	10246.403090	10.813312	-0.024868	5.209543
104.813398	10246.383446	10.818304	-0.024884	5.209540
104.823694	10246.400317	10.823296	-0.024887	5.209545
104.770871	10246.372402	10.828288	-0.024874	5.209537
104.834373	10246.401768	10.833280	-0.024889	5.209545
104.828523	10246.348558	10.838272	-0.024888	5.209532
104.749166	10246.387400	10.843264	-0.024869	5.209540
104.740737	10246.422837	10.848256	-0.024867	5.209548
104.706166	10246.382809	10.853248	-0.024859	5.209537
104.715404	10246.440778	10.858240	-0.024861	5.209552
104.733928	10246.409414	10.863232	-0.024865	5.209545
104.674060	10246.355320	10.868224	-0.024851	5.209530
104.746116	10246.445296	10.873216	-0.024868	5.209554
104.716341	10246.429115	10.878208	-0.024861	5.209549
104.792470	10246.482810	10.883200	-0.024879	5.209564
104.765439	10246.401022	10.888192	-0.024873	5.209543
104.727565	10246.415130	10.893184	-0.024864	5.209546
104.813042	10246.485802	10.898176	-0.024884	5.209565
104.675007	10246.464033	10.903168	-0.024851	5.209557
104.831146	10246.449348	10.908160	-0.024889	5.209557
104.697665	10246.443766	10.913152	-0.024857	5.209552
104.701698	10246.399793	10.918144	-0.024858	5.209542
104.672091	10246.477102	10.923136	-0.024851	5.209560
104.683609	10246.347824	10.928128	-0.024853	5.209528
104.867562	10246.419960	10.933120	-0.024898	5.209551
104.623554	10246.430797	10.938112	-0.024839	5.209547
104.613198	10246.425441	10.943104	-0.024837	5.209546
104.765184	10246.417585	10.948096	-0.024873	5.209548
104.738636	10246.356242	10.953088	-0.024867	5.209532
104.869958	10246.386364	10.958080	-0.024898	5.209543
104.827884	10246.397058	10.963072	-0.024888	5.209544
104.852676	10246.361211	10.968064	-0.024894	5.209536
104.752671	10246.393197	10.973056	-0.024870	5.209541
104.771772	10246.270830	10.978048	-0.024875	5.209512
104.792870	10246.323743	10.983040	-0.024880	5.209525
104.631118	10246.356916	10.988032	-0.024841	5.209529
104.765063	10246.341937	10.993024	-0.024873	5.209529
104.812255	10246.438297	10.998016	-0.024885	5.209554
104.652701	10246.387985	11.003008	-0.024846	5.209537
104.710867	10246.443515	11.008000	-0.024860	5.209553
104.733460	10246.386117	11.012992	-0.024866	5.209539
104.812016	10246.426754	11.017984	-0.024885	5.209551
104.811803	10246.471599	11.022976	-0.024885	5.209562
104.858448	10246.473227	11.027968	-0.024896	5.209563
104.769456	10246.415704	11.032960	-0.024874	5.209547
104.957201	10246.359361	11.037952	-0.024919	5.209538
104.920921	10246.404049	11.042944	-0.024911	5.209548
104.707243	10246.418190	11.047936	-0.024860	5.209546
104.750240	10246.335651	11.052928	-0.024870	5.209527
104.834242	10246.438496	11.057920	-0.024890	5.209554
104.777591	10246.445557	11.062912	-0.024877	5.209555
104.838422	10246.377847	11.067904	-0.024891	5.209540
104.723157	10246.453663	11.072896	-0.024864	5.209555
104.715017	10246.349450	11.077888	-0.024862	5.209530
104.823030	10246.351211	11.082880	-0.024888	5.209533
104.657092	10246.421958	11.087872	-0.024848	5.209546
104.759317	10246.430715	11.092864	-0.024872	5.209551
104.905239	10246.373523	11.097856	-0.024907	5.209540
104.672206	10246.422946	11.102848	-0.024852	5.209547
104.642546	10246.478485	11.107840	-0.024844	5.209559
104.676291	10246.449409	11.112832	-0.024853	5.209553
104.805988	10246.372099	11.117824	-0.024884	5.209537
104.773114	10246.438214	11.122816	-0.024876	5.209553
104.804198	10246.336397	11.127808	-0.024883	5.209529
104.602840	10246.400517	11.132800	-0.024835	5.209539
104.757179	10246.389858	11.137792	-0.024872	5.209541
104.748243	10246.412537	11.142784	-0.024870	5.209546
104.862985	10246.385430	11.147776	-0.024897	5.209542
104.778554	10246.351779	11.152768	-0.024877	5.209532
104.802824	10246.318547	11.157760	-0.024883	5.209524
104.897568	10246.398519	11.162752	-0.024906	5.209546
104.837168	10246.429020	11.167744	-0.024891	5.209552
104.780997	10246.383514	11.172736	-0.024878	5.209540
104.946597	10246.279478	11.177728	-0.024918	5.209518
104.782895	10246.384582	11.182720	-0.024878	5.209540
104.914535	10246.328849	11.187712	-0.024910	5.209530
104.824750	10246.395656	11.192704	-0.024888	5.209544
104.790725	10246.423461	11.197696	-0.024880	5.209550
104.874658	10246.386694	11.202688	-0.024900	5.209543
104.815007	10246.381252	11.207680	-0.024886	5.209540
104.869314	10246.397468	11.212672	-0.024899	5.209545
104.870516	10246.321761	11.217664	-0.024899	5.209527
104.939494	10246.362097	11.222656	-0.024916	5.209538
104.816058	10246.311937	11.227648	-0.024887	5.209523
104.896621	10246.347245	11.232640	-0.024906	5.209534
104.807194	10246.357655	11.237632	-0.024884	5.209534
104.860815	10246.349604	11.242624	-0.024897	5.209533
104.881996	10246.401229	11.247616	-0.024902	5.209547
104.760463	10246.373931	11.252608	-0.024873	5.209537
104.736711	10246.405809	11.257600	-0.024868	5.209544
104.811034	10246.396923	11.262592	-0.024885	5.209544
104.820842	10246.406159	11.267584	-0.024888	5.209546
104.772966	10246.486616	11.272576	-0.024876	5.209565
104.756749	10246.384509	11.277568	-0.024873	5.209539
104.940444	10246.463077	11.282560	-0.024917	5.209563
104.871522	10246.321524	11.287552	-0.024900	5.209527
104.932562	10246.399817	11.292544	-0.024915	5.209548
104.932992	10246.474057	11.297536	-0.024915	5.209566
104.873708	10246.363542	11.302528	-0.024901	5.209537
104.796129	10246.403484	11.307520	-0.024882	5.209545
104.697466	10246.375130	11.312512	-0.024859	5.209536
104.777882	10246.416858	11.317504	-0.024878	5.209548
104.668752	10246.438248	11.322496	-0.024852	5.209550
104.698178	10246.343005	11.327488	-0.024859	5.209528
104.768033	10246.388374	11.332480	-0.024875	5.209541
104.757997	10246.321502	11.337472	-0.024873	5.209524
104.728317	10246.375762	11.342464	-0.024866	5.209537
104.697729	10246.400654	11.347456	-0.024859	5.209542
104.762090	10246.350516	11.352448	-0.024874	5.209531
104.897036	10246.311097	11.357440	-0.024906	5.209525
104.921505	10246.347014	11.362432	-0.024912	5.209534
104.662760	10246.424684	11.367424	-0.024850	5.209547
104.790013	10246.398860	11.372416	-0.024881	5.209544
104.818907	10246.331852	11.377408	-0.024888	5.209528
104.742152	10246.460093	11.382400	-0.024870	5.209558
104.882753	10246.311218	11.387392	-0.024903	5.209525
104.850043	10246.350417	11.392384	-0.024895	5.209533
104.808569	10246.398197	11.397376	-0.024885	5.209544
104.875797	10246.360575	11.402368	-0.024902	5.209537
104.746024	10246.363580	11.407360	-0.024871	5.209534
104.931958	10246.389401	11.412352	-0.024915	5.209545
104.872102	10246.383980	11.417344	-0.024901	5.209542
104.922439	10246.381388	11.422336	-0.024913	5.209543
104.873261	10246.418428	11.427328	-0.024901	5.209551
104.832643	10246.471244	11.432320	-0.024891	5.209563
104.897365	10246.359585	11.437312	-0.024907	5.209537
104.823594	10246.438845	11.442304	-0.024889	5.209554
104.791861	10246.411337	11.447296	-0.024882	5.209547
104.835490	10246.305676	11.452288	-0.024892	5.209522
104.906376	10246.461099	11.457280	-0.024909	5.209562
104.794435	10246.454596	11.462272	-0.024882	5.209558
104.892045	10246.445892	11.467264	-0.024906	5.209558
104.873210	10246.478550	11.472256	-0.024901	5.209565
104.886915	10246.377228	11.477248	-0.024905	5.209541
104.867268	10246.476576	11.482240	-0.024900	5.209565
104.801573	10246.396177	11.487232	-0.024884	5.209543
104.894592	10246.472484	11.492224	-0.024906	5.209564
104.872402	10246.401729	11.497216	-0.024901	5.209547
104.904253	10246.380532	11.502208	-0.024909	5.209542
104.886350	10246.382352	11.507200	-0.024905	5.209542
104.777570	10246.315323	11.512192	-0.024879	5.209523
104.728077	10246.427968	11.517184	-0.024867	5.209549
104.946932	10246.418402	11.522176	-0.024919	5.209553
104.877636	10246.346057	11.527168	-0.024903	5.209533
105.005441	10246.375257	11.532160	-0.024933	5.209543
104.978840	10246.317762	11.537152	-0.024927	5.209529
104.905531	10246.393133	11.542144	-0.024909	5.209545
104.926847	10246.357641	11.547136	-0.024914	5.209537
104.905988	10246.312370	11.552128	-0.024909	5.209526
104.858167	10246.460710	11.557120	-0.024898	5.209561
104.840498	10246.412550	11.562112	-0.024894	5.209548
104.936496	10246.421944	11.567104	-0.024917	5.209553
104.759127	10246.470802	11.572096	-0.024874	5.209561
104.800806	10246.467814	11.577088	-0.024884	5.209561
104.872693	10246.465582	11.582080	-0.024902	5.209562
104.711625	10246.392369	11.587072	-0.024863	5.209540
104.805197	10246.412257	11.592064	-0.024886	5.209548
104.916001	10246.439352	11.597056	-0.024912	5.209557
104.936994	10246.288610	11.602048	-0.024917	5.209521
104.934278	10246.434903	11.607040	-0.024917	5.209556
104.848444	10246.354001	11.612032	-0.024896	5.209534
104.830880	10246.377562	11.617024	-0.024892	5.209540
104.820581	10246.359391	11.622016	-0.024889	5.209535
104.875003	10246.367910	11.627008	-0.024902	5.209538
105.034753	10246.428430	11.632000	-0.024941	5.209557
104.780509	10246.417256	11.636992	-0.024880	5.209548
104.736103	10246.378233	11.641984	-0.024869	5.209537
104.796841	10246.365612	11.646976	-0.024884	5.209536
104.707113	10246.361963	11.651968	-0.024862	5.209533
104.833080	10246.413126	11.656960	-0.024893	5.209548
104.874635	10246.384532	11.661952	-0.024902	5.209543
104.907711	10246.367052	11.666944	-0.024910	5.209539
104.795551	10246.424618	11.671936	-0.024884	5.209550
104.876236	10246.353598	11.676928	-0.024903	5.209535
105.081263	10246.442795	11.681920	-0.024952	5.209562
105.014490	10246.268999	11.686912	-0.024936	5.209518
105.039732	10246.393221	11.691904	-0.024942	5.209549
104.818181	10246.463247	11.696896	-0.024889	5.209560
104.805122	10246.444077	11.701888	-0.024886	5.209555
104.951178	10246.465007	11.706880	-0.024921	5.209564
104.885596	10246.410215	11.711872	-0.024905	5.209549
104.863433	10246.349706	11.716864	-0.024900	5.209534
104.826127	10246.457263	11.721856	-0.024891	5.209559
104.803027	10246.442962	11.726848	-0.024886	5.209555
104.935283	10246.407661	11.731840	-0.024917	5.209550
104.942561	10246.351828	11.736832	-0.024919	5.209536
104.940935	10246.481358	11.741824	-0.024919	5.209568
104.928171	10246.518519	11.746816	-0.024916	5.209577
104.920415	10246.345096	11.751808	-0.024914	5.209534
104.856070	10246.369595	11.756800	-0.024898	5.209538
104.837963	10246.343256	11.761792	-0.024894	5.209532
104.902245	10246.418656	11.766784	-0.024910	5.209552
104.812962	10246.427770	11.771776	-0.024888	5.209552
104.946641	10246.362863	11.776768	-0.024920	5.209539
104.794006	10246.425845	11.781760	-0.024884	5.209551
104.833200	10246.262997	11.786752	-0.024893	5.209512
104.881332	10246.331080	11.791744	-0.024905	5.209530
104.908830	10246.359003	11.796736	-0.024911	5.209537
104.870053	10246.330933	11.801728	-0.024902	5.209529
104.841360	10246.424801	11.806720	-0.024895	5.209552
104.894305	10246.311783	11.811712	-0.024908	5.209525
104.991447	10246.405601	11.816704	-0.024931	5.209551
104.902846	10246.450512	11.821696	-0.024910	5.209559
104.993994	10246.337433	11.826688	-0.024932	5.209534
104.985608	10246.395922	11.831680	-0.024930	5.209548
105.048430	10246.385649	11.836672	-0.024945	5.209547
104.907069	10246.428266	11.841664	-0.024911	5.209554
104.930054	10246.386199	11.846656	-0.024917	5.209544
104.923487	10246.338185	11.851648	-0.024915	5.209532
104.980329	10246.325962	11.856640	-0.024929	5.209531
104.786659	10246.336779	11.861632	-0.024882	5.209529
104.925040	10246.352088	11.866624	-0.024915	5.209536
104.870014	10246.388444	11.871616	-0.024902	5.209543
104.942628	10246.383575	11.876608	-0.024920	5.209544
104.945587	10246.446029	11.881600	-0.024920	5.209559
104.807401	10246.366634	11.886592	-0.024887	5.209537
104.994006	10246.401353	11.891584	-0.024932	5.209550
104.916322	10246.423372	11.896576	-0.024914	5.209553
104.971184	10246.483083	11.901568	-0.024927	5.209569
104.890299	10246.454193	11.906560	-0.024907	5.209560
104.839082	10246.420989	11.911552	-0.024895	5.209551
104.931338	10246.433327	11.916544	-0.024917	5.209556
104.917595	10246.464184	11.921536	-0.024914	5.209563
104.877117	10246.392736	11.926528	-0.024904	5.209545
104.986345	10246.318799	11.931520	-0.024930	5.209529
104.867357	10246.428299	11.936512	-0.024902	5.209553
105.071784	10246.454793	11.941504	-0.024951	5.209565
104.965608	10246.529680	11.946496	-0.024926	5.209580
104.984719	10246.380411	11.951488	-0.024930	5.209544
104.955095	10246.396238	11.956480	-0.024923	5.209548
104.932612	10246.397245	11.961472	-0.024918	5.209547
104.826095	10246.428616	11.966464	-0.024892	5.209552
104.895977	10246.430431	11.971456	-0.024909	5.209554
105.006383	10246.405048	11.976448	-0.024935	5.209551
104.879951	10246.517871	11.981440	-0.024905	5.209575
104.949282	10246.330167	11.986432	-0.024922	5.209531
105.000889	10246.374839	11.991424	-0.024934	5.209543
104.975627	10246.424805	11.996416	-0.024928	5.209555
105.014186	10246.346562	12.001408	-0.024937	5.209537
104.824695	10246.414592	12.006400	-0.024892	5.209549
104.858950	10246.361126	12.011392	-0.024900	5.209537
104.828809	10246.392376	12.016384	-0.024893	5.209543
104.995211	10246.356148	12.021376	-0.024933	5.209539
104.918202	10246.374255	12.026368	-0.024915	5.209541
104.829011	10246.438440	12.031360	-0.024893	5.209555
104.956323	10246.366498	12.036352	-0.024924	5.209540
105.008511	10246.414954	12.041344	-0.024936	5.209553
104.885585	10246.422382	12.046336	-0.024907	5.209552
104.960610	10246.340412	12.051328	-0.024925	5.209534
104.865064	10246.393718	12.056320	-0.024902	5.209545
104.928574	10246.376971	12.061312	-0.024917	5.209542
104.907308	10246.457271	12.066304	-0.024912	5.209561
104.908027	10246.418760	12.071296	-0.024912	5.209552
104.769936	10246.382907	12.076288	-0.024879	5.209540
104.879610	10246.346071	12.081280	-0.024906	5.209533
104.962351	10246.377314	12.086272	-0.024925	5.209543
105.031200	10246.381797	12.091264	-0.024942	5.209546
104.744192	10246.370128	12.096256	-0.024873	5.209536
104.947240	10246.367301	12.101248	-0.024922	5.209540
104.973239	10246.437647	12.106240	-0.024928	5.209558
104.839973	10246.375682	12.111232	-0.024896	5.209540
104.824707	10246.432312	12.116224	-0.024893	5.209553
105.078282	10246.471717	12.121216	-0.024953	5.209569
105.006975	10246.362429	12.126208	-0.024936	5.209541
104.958922	10246.398073	12.131200	-0.024925	5.209548
104.834282	10246.369811	12.136192	-0.024895	5.209538
104.920558	10246.433997	12.141184	-0.024916	5.209556
105.026507	10246.461588	12.146176	-0.024941	5.209565
104.856517	10246.407219	12.151168	-0.024900	5.209548
104.909008	10246.438991	12.156160	-0.024913	5.209557
104.998147	10246.368388	12.161152	-0.024934	5.209542
104.877512	10246.453719	12.166144	-0.024905	5.209560
104.847655	10246.411929	12.171136	-0.024898	5.209549
105.097523	10246.359485	12.176128	-0.024958	5.209542
104.845549	10246.481294	12.181120	-0.024898	5.209566
104.989046	10246.324438	12.186112	-0.024932	5.209531
104.975707	10246.446198	12.191104	-0.024929	5.209560
104.992612	10246.479046	12.196096	-0.024933	5.209569
104.982408	10246.396819	12.201088	-0.024931	5.209548
104.956391	10246.471200	12.206080	-0.024924	5.209566
104.937766	10246.355249	12.211072	-0.024920	5.209537
104.944659	10246.423705	12.216064	-0.024922	5.209554
104.946883	10246.351736	12.221056	-0.024922	5.209537
104.919925	10246.372414	12.226048	-0.024916	5.209541
105.125474	10246.407760	12.231040	-0.024965	5.209555
104.864556	10246.338345	12.236032	-0.024903	5.209531
104.805685	10246.434016	12.241024	-0.024889	5.209553
104.973408	10246.415585	12.246016	-0.024929	5.209553
105.021307	10246.372253	12.251008	-0.024940	5.209543
104.995436	10246.438934	12.256000	-0.024934	5.209559
104.989238	10246.413939	12.260992	-0.024933	5.209553
104.949945	10246.451249	12.265984	-0.024923	5.209561
104.925882	10246.362753	12.270976	-0.024917	5.209539
104.915982	10246.367598	12.275968	-0.024915	5.209540
104.955529	10246.405817	12.280960	-0.024925	5.209550
104.925336	10246.384555	12.285952	-0.024917	5.209544
105.083556	10246.383748	12.290944	-0.024955	5.209548
105.073738	10246.333505	12.295936	-0.024953	5.209535
104.986214	10246.316821	12.300928	-0.024932	5.209529
104.943221	10246.378847	12.305920	-0.024922	5.209543
104.981026	10246.319894	12.310912	-0.024931	5.209530
105.052070	10246.354894	12.315904	-0.024948	5.209540
104.935816	10246.319371	12.320896	-0.024920	5.209528
105.004147	10246.286760	12.325888	-0.024936	5.209522
104.970777	10246.392634	12.330880	-0.024928	5.209547
104.908585	10246.404104	12.335872	-0.024914	5.209548
104.943065	10246.377514	12.340864	-0.024922	5.209543
104.992720	10246.287890	12.345856	-0.024934	5.209522
104.909933	10246.364229	12.350848	-0.024914	5.209539
104.946971	10246.360434	12.355840	-0.024923	5.209539
104.786011	10246.378155	12.360832	-0.024884	5.209539
104.813864	10246.412446	12.365824	-0.024891	5.209548
104.938457	10246.340781	12.370816	-0.024921	5.209534
105.042435	10246.307089	12.375808	-0.024946	5.209528
104.871857	10246.375748	12.380800	-0.024905	5.209541
104.877201	10246.271438	12.385792	-0.024906	5.209515
104.964516	10246.345765	12.390784	-0.024927	5.209536
104.884603	10246.338551	12.395776	-0.024908	5.209532
104.977335	10246.282952	12.400768	-0.024930	5.209521
104.997671	10246.298797	12.405760	-0.024935	5.209525
104.902165	10246.302143	12.410752	-0.024912	5.209523
105.049351	10246.334486	12.415744	-0.024948	5.209535
104.953085	10246.319976	12.420736	-0.024925	5.209529
105.047946	10246.282092	12.425728	-0.024947	5.209522
104.956933	10246.378486	12.430720	-0.024926	5.209543
104.936655	10246.281918	12.435712	-0.024921	5.209519
104.990497	10246.284092	12.440704	-0.024934	5.209521
104.984890	10246.317959	12.445696	-0.024932	5.209529
104.968128	10246.277392	12.450688	-0.024928	5.209519
105.019445	10246.304161	12.455680	-0.024941	5.209527
104.968150	10246.262000	12.460672	-0.024928	5.209515
104.990981	10246.328826	12.465664	-0.024934	5.209532
104.992955	10246.349110	12.470656	-0.024934	5.209537
105.003318	10246.323704	12.475648	-0.024937	5.209531
104.982199	10246.341223	12.480640	-0.024932	5.209535
105.000482	10246.299637	12.485632	-0.024936	5.209525
104.914273	10246.422439	12.490624	-0.024916	5.209553
104.957328	10246.428277	12.495616	-0.024926	5.209556
104.990688	10246.365936	12.500608	-0.024934	5.209541
105.088732	10246.345659	12.505600	-0.024957	5.209539
104.896138	10246.374298	12.510592	-0.024911	5.209541
105.042946	10246.409242	12.515584	-0.024947	5.209553
105.004374	10246.378589	12.520576	-0.024937	5.209545
105.027761	10246.354414	12.525568	-0.024943	5.209539
104.886907	10246.407226	12.530560	-0.024909	5.209549
104.894316	10246.382122	12.535552	-0.024911	5.209543
104.965512	10246.477311	12.540544	-0.024928	5.209568
104.797864	10246.395802	12.545536	-0.024888	5.209544
104.903723	10246.361918	12.550528	-0.024913	5.209538
104.944167	10246.460249	12.555520	-0.024923	5.209563
104.867739	10246.378385	12.560512	-0.024905	5.209541
104.933796	10246.410053	12.565504	-0.024921	5.209551
104.854150	10246.401530	12.570496	-0.024902	5.209547
105.073515	10246.448273	12.575488	-0.024954	5.209563
104.987574	10246.407090	12.580480	-0.024934	5.209551
104.955174	10246.384773	12.585472	-0.024926	5.209545
105.048579	10246.386746	12.590464	-0.024948	5.209548
105.053645	10246.419523	12.595456	-0.024950	5.209556
105.116698	10246.314439	12.600448	-0.024965	5.209532
105.071676	10246.441999	12.605440	-0.024954	5.209562
104.817710	10246.426953	12.610432	-0.024893	5.209552
105.044669	10246.428088	12.615424	-0.024947	5.209558
104.892662	10246.346262	12.620416	-0.024911	5.209534
104.949845	10246.378836	12.625408	-0.024925	5.209543
104.926100	10246.446580	12.630400	-0.024919	5.209559
104.857306	10246.422859	12.635392	-0.024903	5.209552
105.051618	10246.381216	12.640384	-0.024949	5.209547
104.941415	10246.320737	12.645376	-0.024923	5.209529
105.007834	10246.316502	12.650368	-0.024939	5.209530
105.064018	10246.288975	12.655360	-0.024952	5.209524
104.975862	10246.344087	12.660352	-0.024931	5.209536
105.087641	10246.391577	12.665344	-0.024958	5.209550
105.130292	10246.411547	12.670336	-0.024968	5.209556
105.029940	10246.388488	12.675328	-0.024944	5.209548
104.737402	10246.401722	12.680320	-0.024874	5.209544
104.991976	10246.312931	12.685312	-0.024935	5.209528
105.102608	10246.364381	12.690304	-0.024962	5.209544
104.992662	10246.406349	12.695296	-0.024935	5.209551
104.965276	10246.452690	12.700288	-0.024929	5.209562
105.012169	10246.394089	12.705280	-0.024940	5.209549
105.048248	10246.302009	12.710272	-0.024949	5.209527
105.117827	10246.428105	12.715264	-0.024965	5.209560
105.033584	10246.382906	12.720256	-0.024945	5.209547
104.892909	10246.394710	12.725248	-0.024912	5.209546
104.929564	10246.376864	12.730240	-0.024920	5.209543
104.841610	10246.332045	12.735232	-0.024899	5.209529
105.008179	10246.312451	12.740224	-0.024939	5.209529
104.984733	10246.372479	12.745216	-0.024934	5.209543
104.947090	10246.400654	12.750208	-0.024925	5.209549
104.907407	10246.359867	12.755200	-0.024915	5.209538
104.903503	10246.244974	12.760192	-0.024914	5.209510
104.995713	10246.405903	12.765184	-0.024936	5.209551
104.948209	10246.341578	12.770176	-0.024925	5.209534
105.037967	10246.282440	12.775168	-0.024947	5.209522
105.038827	10246.327175	12.780160	-0.024947	5.209533
104.906182	10246.379148	12.785152	-0.024915	5.209543
105.007003	10246.395735	12.790144	-0.024939	5.209549
105.062975	10246.281127	12.795136	-0.024953	5.209522
104.991259	10246.334559	12.800128	-0.024935	5.209534
105.043793	10246.307405	12.805120	-0.024948	5.209528
104.972485	10246.390258	12.810112	-0.024931	5.209547
105.094678	10246.445650	12.815104	-0.024960	5.209563
105.041563	10246.322976	12.820096	-0.024948	5.209532
105.008142	10246.403237	12.825088	-0.024940	5.209551
105.116339	10246.406261	12.830080	-0.024966	5.209554
105.021193	10246.377546	12.835072	-0.024943	5.209545
104.863640	10246.441032	12.840064	-0.024905	5.209557
105.038353	10246.324537	12.845056	-0.024947	5.209532
104.952015	10246.384587	12.850048	-0.024926	5.209545
105.080377	10246.294604	12.855040	-0.024957	5.209526
104.935420	10246.383702	12.860032	-0.024922	5.209544
105.042889	10246.339406	12.865024	-0.024948	5.209536
104.951785	10246.273132	12.870016	-0.024926	5.209518
104.965981	10246.330594	12.875008	-0.024930	5.209532
105.171205	10246.359568	12.880000	-0.024979	5.209544
105.044256	10246.300800	12.884992	-0.024949	5.209527
104.934375	10246.332514	12.889984	-0.024922	5.209532
104.967007	10246.272809	12.894976	-0.024930	5.209518
105.051360	10246.314135	12.899968	-0.024950	5.209530
105.072584	10246.360632	12.904960	-0.024955	5.209542
105.011207	10246.297725	12.909952	-0.024941	5.209525
105.047913	10246.358010	12.914944	-0.024950	5.209541
104.918814	10246.386565	12.919936	-0.024919	5.209545
105.063426	10246.361529	12.924928	-0.024953	5.209542
105.069319	10246.424964	12.929920	-0.024955	5.209558
105.055801	10246.322581	12.934912	-0.024952	5.209532
104.971899	10246.427215	12.939904	-0.024931	5.209556
105.073231	10246.365613	12.944896	-0.024956	5.209543
105.080882	10246.322551	12.949888	-0.024958	5.209533
105.049110	10246.394958	12.954880	-0.024950	5.209550
105.054015	10246.341929	12.959872	-0.024951	5.209537
105.167512	10246.412301	12.964864	-0.024978	5.209557
104.958767	10246.305531	12.969856	-0.024928	5.209526
105.034940	10246.323355	12.974848	-0.024947	5.209532
105.125981	10246.303794	12.979840	-0.024969	5.209530
105.162958	10246.351243	12.984832	-0.024977	5.209542
105.130548	10246.276409	12.989824	-0.024970	5.209523
104.976474	10246.279336	12.994816	-0.024933	5.209520
105.035277	10244.545701	12.999808	-0.024947	5.209098
104.962681	10239.526595	13.004813	-0.024929	5.207869
104.881745	10234.342270	13.009818	-0.024909	5.206600
104.932278	10229.264466	13.014823	-0.024921	5.205360
105.005729	10223.877912	13.019827	-0.024938	5.204044
104.967677	10218.784889	13.024832	-0.024928	5.202797
104.896289	10213.619992	13.029837	-0.024911	5.201531
104.947834	10208.559749	13.034842	-0.024923	5.200294
104.821458	10203.811066	13.039847	-0.024892	5.199128
104.748971	10198.611734	13.044851	-0.024874	5.197853
104.774980	10193.453204	13.049856	-0.024880	5.196590
104.733451	10188.281263	13.054861	-0.024870	5.195322
104.655434	10182.481296	13.059866	-0.024850	5.193899
104.616565	10177.389470	13.064871	-0.024841	5.192650
104.746335	10172.184566	13.069875	-0.024871	5.191377
104.783102	10167.106425	13.074880	-0.024880	5.190133
104.717031	10162.329098	13.079885	-0.024863	5.188959
104.515119	10157.173924	13.084890	-0.024815	5.187689
104.708887	10151.963418	13.089895	-0.024861	5.186415
104.609443	10146.807735	13.094899	-0.024836	5.185147
104.470913	10141.577348	13.099904	-0.024803	5.183859
104.485767	10136.367783	13.104909	-0.024806	5.182580
104.484073	10131.204444	13.109914	-0.024805	5.181312
104.398972	10126.353505	13.114919	-0.024784	5.180117
104.360830	10121.414931	13.119923	-0.024775	5.178903
104.240223	10116.272901	13.124928	-0.024745	5.177636
104.297801	10111.143808	13.129933	-0.024759	5.176376
104.134997	10105.820961	13.134938	-0.024719	5.175062
104.316874	10100.400833	13.139943	-0.024762	5.173734
104.133422	10095.263074	13.144947	-0.024718	5.172465
104.251329	10089.988101	13.149952	-0.024746	5.171169
104.181689	10085.103313	13.154957	-0.024729	5.169965
104.213699	10080.145483	13.159962	-0.024736	5.168745
104.169115	10075.068979	13.164967	-0.024725	5.167493
104.185312	10069.864333	13.169971	-0.024728	5.166211
104.191207	10064.670942	13.174976	-0.024729	5.164931
104.041035	10059.485399	13.179981	-0.024693	5.163649
103.962115	10054.311282	13.184986	-0.024673	5.162371
104.107706	10049.196667	13.189991	-0.024708	5.161114
104.000293	10044.323012	13.194995	-0.024682	5.159909
104.141234	10039.341598	13.200000	-0.024715	5.158683
103.861643	10034.239622	13.205005	-0.024648	5.157417
104.030608	10029.038808	13.210010	-0.024688	5.156137
103.959244	10023.411318	13.215015	-0.024670	5.154746
103.932320	10018.018171	13.220019	-0.024663	5.153413
103.836571	10012.853723	13.225024	-0.024640	5.152135
103.791406	10007.776059	13.230029	-0.024629	5.150879
103.799890	10002.902211	13.235034	-0.024630	5.149674
103.914689	9997.861396	13.240039	-0.024657	5.148431
103.693176	9992.714410	13.245043	-0.024604	5.147152
103.742316	9987.599895	13.250048	-0.024615	5.145888
103.674859	9982.340353	13.255053	-0.024598	5.144585
103.685053	9977.155681	13.260058	-0.024600	5.143303
103.724346	9972.030914	13.265063	-0.024609	5.142035
103.690954	9966.858613	13.270067	-0.024601	5.140753
103.732638	9962.147012	13.275072	-0.024611	5.139588
103.533965	9957.029318	13.280077	-0.024563	5.138315
103.605810	9951.813981	13.285082	-0.024579	5.137024
103.533403	9946.673715	13.290087	-0.024561	5.135748
103.573231	9941.057771	13.295091	-0.024571	5.134357
103.497815	9935.946971	13.300096	-0.024552	5.133088
103.297509	9930.750544	13.305101	-0.024504	5.131793
103.383043	9925.712666	13.310106	-0.024524	5.130546
103.359201	9920.948465	13.315111	-0.024518	5.129363
103.409406	9915.742040	13.320115	-0.024529	5.128072
103.228640	9910.620331	13.325120	-0.024485	5.126795
103.182030	9905.456163	13.330125	-0.024474	5.125511
103.225377	9900.263207	13.335130	-0.024484	5.124223
103.316808	9895.134042	13.340135	-0.024505	5.122951
103.171844	9889.929439	13.345139	-0.024470	5.121653
103.218112	9884.963567	13.350144	-0.024481	5.120420
103.197199	9880.087975	13.355149	-0.024475	5.119207
103.095545	9874.928863	13.360154	-0.024450	5.117921
103.162184	9869.835077	13.365159	-0.024466	5.116656
102.976874	9864.385612	13.370163	-0.024421	5.115295
102.970987	9859.041702	13.375168	-0.024419	5.113964
102.863269	9853.898684	13.380173	-0.024393	5.112681
102.971289	9848.695145	13.385178	-0.024418	5.111388
103.014768	9843.848539	13.390183	-0.024428	5.110182
102.910407	9838.780408	13.395187	-0.024403	5.108916
102.951779	9833.499227	13.400192	-0.024412	5.107601
102.790912	9828.389985	13.405197	-0.024374	5.106323
102.854134	9823.194151	13.410202	-0.024388	5.105030
102.903732	9818.052474	13.415207	-0.024400	5.103749
102.747874	9812.886542	13.420211	-0.024362	5.102455
102.776895	9807.772307	13.425216	-0.024368	5.101180
102.731700	9803.037972	13.430221	-0.024357	5.099997
102.759483	9797.827556	13.435226	-0.024363	5.098697
102.705251	9792.650293	13.440231	-0.024350	5.097403
102.635010	9787.497431	13.445235	-0.024333	5.096114
102.546765	9781.964376	13.450240	-0.024311	5.094729
102.433279	9776.811706	13.455245	-0.024284	5.093438
102.654652	9771.568398	13.460250	-0.024336	5.092134
102.555729	9766.545300	13.465255	-0.024312	5.090875
102.508753	9761.694758	13.470259	-0.024300	5.089660
102.402277	9756.531515	13.475264	-0.024274	5.088366
102.470067	9751.388279	13.480269	-0.024290	5.087081
102.432444	9746.213541	13.485274	-0.024281	5.085784
102.563194	9741.086841	13.490279	-0.024311	5.084505
102.445814	9735.905216	13.495283	-0.024283	5.083204
102.377016	9730.739289	13.500288	-0.024266	5.081908
102.283460	9725.811795	13.505293	-0.024243	5.080670
102.400821	9720.844949	13.510298	-0.024271	5.079429
102.362086	9715.724249	13.515303	-0.024261	5.078144
102.322258	9710.531528	13.520307	-0.024251	5.076841
102.278856	9705.029398	13.525312	-0.024240	5.075460
102.196091	9699.671472	13.530317	-0.024220	5.074114
102.226592	9694.420002	13.535322	-0.024227	5.072797
102.058599	9689.334775	13.540327	-0.024186	5.071516
102.081192	9684.497241	13.545331	-0.024191	5.070302
101.967896	9679.433069	13.550336	-0.024164	5.069027
101.983367	9674.155078	13.555341	-0.024167	5.067701
101.991578	9669.009768	13.560346	-0.024168	5.066409
101.971559	9663.905095	13.565351	-0.024163	5.065125
101.966674	9658.715505	13.570355	-0.024162	5.063821
101.914669	9653.525334	13.575360	-0.024149	5.062514
101.841812	9648.441984	13.580365	-0.024131	5.061233
101.888033	9643.625131	13.585370	-0.024141	5.060023
101.831463	9638.559760	13.590375	-0.024127	5.058747
101.801871	9633.397006	13.595379	-0.024120	5.057447
101.760320	9628.067132	13.600384	-0.024110	5.056103
101.788056	9622.581755	13.605389	-0.024116	5.054723
101.731737	9617.420095	13.610394	-0.024102	5.053421
101.863159	9612.294546	13.615399	-0.024133	5.052133
101.790078	9607.343136	13.620403	-0.024115	5.050883
101.698776	9602.442190	13.625408	-0.024093	5.049645
101.714558	9597.228920	13.630413	-0.024096	5.048331
101.678201	9592.025677	13.635418	-0.024087	5.047018
101.623255	9586.927474	13.640423	-0.024073	5.045730
101.644870	9581.713844	13.645427	-0.024078	5.044415
101.402480	9576.603555	13.650432	-0.024019	5.043118
101.578706	9571.375419	13.655437	-0.024061	5.041803
101.491763	9566.592908	13.660442	-0.024040	5.040593
101.480620	9561.581293	13.665447	-0.024037	5.039326
101.483496	9556.413593	13.670451	-0.024037	5.038021
101.573544	9551.224425	13.675456	-0.024058	5.036712
101.348934	9545.429802	13.680461	-0.024004	5.035240
101.262535	9540.268402	13.685466	-0.023983	5.033933
101.324050	9535.107845	13.690471	-0.023997	5.032629
101.437343	9530.060814	13.695475	-0.024024	5.031356
101.349924	9525.189724	13.700480	-0.024002	5.030120
101.225596	9520.019713	13.705485	-0.023972	5.028808
101.185325	9514.837228	13.710490	-0.023962	5.027494
101.281873	9509.739391	13.715495	-0.023985	5.026206
101.209459	9504.483393	13.720499	-0.023967	5.024872
101.185596	9499.323941	13.725504	-0.023961	5.023564
101.183312	9494.159525	13.730509	-0.023960	5.022255
101.119519	9489.290816	13.735514	-0.023944	5.021019
101.107102	9484.277975	13.740519	-0.023941	5.019747
101.026287	9479.098756	13.745523	-0.023921	5.018431
101.023795	9473.967965	13.750528	-0.023920	5.017129
100.968925	9468.538632	13.755533	-0.023906	5.015750
100.909351	9463.225742	13.760538	-0.023892	5.014399
100.951520	9458.046914	13.765543	-0.023901	5.013085
100.804394	9452.922108	13.770547	-0.023866	5.011779
100.827543	9448.204163	13.775552	-0.023871	5.010581
100.679413	9443.093159	13.780557	-0.023835	5.009278
100.713037	9437.806467	13.785562	-0.023842	5.007935
100.732067	9432.740286	13.790567	-0.023847	5.006647
100.740458	9427.497509	13.795571	-0.023848	5.005314
100.717449	9422.371661	13.800576	-0.023842	5.004010
100.838676	9417.187652	13.805581	-0.023871	5.002694
100.763460	9412.139612	13.810586	-0.023852	5.001407
100.669709	9407.297497	13.815591	-0.023829	5.000171
100.690015	9402.174033	13.820595	-0.023834	4.998867
100.574823	9397.029471	13.825600	-0.023806	4.997553
100.660072	9391.536767	13.830605	-0.023826	4.996157
100.548860	9386.066292	13.835610	-0.023799	4.994759
100.679242	9380.913881	13.840615	-0.023829	4.993450
100.520572	9375.791403	13.845619	-0.023791	4.992138
100.336231	9370.951330	13.850624	-0.023746	4.990898
100.486120	9365.878744	13.855629	-0.023782	4.989609
100.407483	9360.683044	13.860634	-0.023763	4.988280
100.453729	9355.616227	13.865639	-0.023773	4.986988
100.357203	9350.349725	13.870643	-0.023750	4.985640
100.225229	9345.202783	13.875648	-0.023718	4.984322
100.229615	9340.007159	13.880653	-0.023718	4.982995
100.305298	9334.995763	13.885658	-0.023736	4.981716
100.301479	9330.162935	13.890663	-0.023735	4.980481
100.237035	9324.968968	13.895667	-0.023719	4.979151
100.147543	9319.843036	13.900672	-0.023697	4.977837
100.189502	9314.573787	13.905677	-0.023706	4.976491
100.156680	9309.190945	13.910682	-0.023698	4.975112
100.112812	9303.923207	13.915687	-0.023687	4.973763
100.024525	9298.789336	13.920691	-0.023666	4.972446
100.041720	9293.934848	13.925696	-0.023669	4.971203
100.127988	9288.948513	13.930701	-0.023689	4.969929
100.025402	9283.691306	13.935706	-0.023664	4.968578
99.862508	9278.605213	13.940711	-0.023625	4.967270
100.046743	9273.415523	13.945715	-0.023669	4.965945
99.925719	9268.245287	13.950720	-0.023639	4.964616
99.950160	9263.027526	13.955725	-0.023645	4.963278
99.967740	9257.914246	13.960730	-0.023648	4.961967
99.914168	9253.222546	13.965735	-0.023635	4.960761
99.836738	9248.069265	13.970739	-0.023616	4.959436
99.758050	9242.848245	13.975744	-0.023597	4.958093
99.676120	9237.573167	13.980749	-0.023577	4.956735
99.604450	9232.024844	13.985754	-0.023559	4.955308
99.667110	9226.859361	13.990759	-0.023574	4.953982
99.652085	9221.600770	13.995763	-0.023570	4.952630
99.525042	9216.728322	14.000768	-0.023539	4.951373
99.690991	9211.759987	14.005773	-0.023578	4.950101
99.675400	9206.594181	14.010778	-0.023574	4.948772
99.754557	9201.433328	14.015783	-0.023593	4.947446
99.513603	9196.247211	14.020787	-0.023534	4.946104
99.592987	9191.076982	14.025792	-0.023553	4.944775
99.610767	9185.893051	14.030797	-0.023557	4.943441
99.541352	9180.741187	14.035802	-0.023540	4.942112
99.501174	9176.034006	14.040807	-0.023530	4.940897
99.447362	9170.850104	14.045811	-0.023516	4.939560
99.543113	9165.597353	14.050816	-0.023539	4.938209
99.366203	9160.417752	14.055821	-0.023496	4.936867
99.230732	9154.896569	14.060826	-0.023463	4.935439
99.385249	9149.825644	14.065831	-0.023500	4.934136
99.247198	9144.623593	14.070835	-0.023466	4.932788
99.307138	9139.768415	14.075840	-0.023480	4.931537
99.242905	9134.797681	14.080845	-0.023464	4.930251
99.161787	9129.558530	14.085850	-0.023444	4.928896
99.091206	9124.440294	14.090855	-0.023427	4.927571
99.260876	9119.237630	14.095859	-0.023467	4.926232
99.052491	9114.076235	14.100864	-0.023417	4.924891
99.054705	9108.856072	14.105869	-0.023417	4.923541
99.124514	9103.791400	14.110874	-0.023433	4.922234
99.154724	9099.007175	14.115879	-0.023440	4.920997
99.050515	9093.861832	14.120883	-0.023415	4.919662
98.920937	9088.659753	14.125888	-0.023383	4.918311
99.045809	9083.356859	14.130893	-0.023413	4.916943
99.061761	9077.781709	14.135898	-0.023416	4.915499
98.983225	9072.615914	14.140903	-0.023397	4.914158
98.828545	9067.460421	14.145907	-0.023359	4.912817
98.859304	9062.653967	14.150912	-0.023366	4.911572
98.876425	9057.539887	14.155917	-0.023370	4.910247
98.844448	9052.373513	14.160922	-0.023362	4.908906
98.849122	9047.304775	14.165927	-0.023362	4.907592
98.749604	9042.076804	14.170931	-0.023338	4.906232
98.758312	9036.886424	14.175936	-0.023340	4.904885
98.776283	9031.709458	14.180941	-0.023344	4.903541
98.496587	9026.775543	14.185946	-0.023276	4.902250
98.571077	9021.870244	14.190951	-0.023294	4.900979
98.592821	9016.693311	14.195955	-0.023299	4.899635
98.451847	9011.559970	14.200960	-0.023264	4.898296
98.553031	9006.179525	14.205965	-0.023288	4.896900
98.396457	9000.831520	14.210970	-0.023250	4.895504
98.497909	8995.683291	14.215975	-0.023274	4.894169
98.468647	8990.535991	14.220979	-0.023267	4.892828
98.476800	8985.701731	14.225984	-0.023268	4.891570
98.482451	8980.637618	14.230989	-0.023269	4.890252
98.527020	8975.448550	14.235994	-0.023279	4.888903
98.447766	8970.295568	14.240999	-0.023260	4.887558
98.281759	8965.055090	14.246003	-0.023220	4.886187
98.289121	8959.969992	14.251008	-0.023221	4.884862
98.304992	8954.766573	14.256013	-0.023224	4.883506
98.172889	8949.819253	14.261018	-0.023192	4.882211
98.182335	8944.963024	14.266023	-0.023194	4.880945
98.153462	8939.761476	14.271027	-0.023187	4.879587
98.212532	8934.622417	14.276032	-0.023200	4.878248
98.186965	8929.066948	14.281037	-0.023194	4.876796
98.127842	8923.638444	14.286042	-0.023179	4.875377
98.072470	8918.482320	14.291047	-0.023165	4.874028
98.219569	8913.425510	14.296051	-0.023200	4.872712
98.048533	8908.535240	14.301056	-0.023159	4.871428
98.230579	8903.393917	14.306061	-0.023202	4.870091
97.927254	8898.304742	14.311066	-0.023129	4.868749
97.916226	8893.074449	14.316071	-0.023126	4.867381
97.946231	8887.892512	14.321075	-0.023133	4.866026
97.859697	8882.788811	14.326080	-0.023111	4.864687
97.831223	8877.581986	14.331085	-0.023104	4.863323
97.785813	8872.691301	14.336090	-0.023093	4.862041
97.883264	8867.765605	14.341095	-0.023116	4.860755
97.833995	8862.514627	14.346099	-0.023104	4.859377
97.672469	8857.369945	14.351104	-0.023064	4.858023
97.658313	8851.865858	14.356109	-0.023061	4.856580
97.672671	8846.566623	14.361114	-0.023064	4.855191
97.745040	8841.447745	14.366119	-0.023080	4.853851
97.562428	8836.539212	14.371123	-0.023036	4.852557
97.569452	8831.564178	14.376128	-0.023038	4.851251
97.542825	8826.434598	14.381133	-0.023031	4.849904
97.547752	8821.315156	14.386138	-0.023031	4.848560
97.455409	8816.126240	14.391143	-0.023009	4.847194
97.330903	8810.938528	14.396147	-0.022979	4.845826
97.392951	8805.587413	14.401152	-0.022993	4.844422
97.539852	8800.433838	14.406157	-0.023028	4.843073
97.512450	8795.676330	14.411162	-0.023021	4.841821
97.289709	8790.565108	14.416167	-0.022967	4.840469
97.266752	8785.437004	14.421171	-0.022961	4.839119
97.266630	8780.059234	14.426176	-0.022961	4.837703
97.339222	8774.492626	14.431181	-0.022977	4.836241
97.224252	8769.355802	14.436186	-0.022950	4.834884
97.155112	8764.150037	14.441191	-0.022933	4.833510
97.260843	8759.302776	14.446195	-0.022957	4.832237
97.173299	8754.254080	14.451200	-0.022936	4.830903
97.009989	8749.082448	14.456205	-0.022897	4.829534
97.100900	8743.953547	14.461210	-0.022918	4.828185
97.074645	8738.757324	14.466215	-0.022911	4.826814
97.148862	8733.553169	14.471219	-0.022928	4.825443
97.056670	8728.421240	14.476224	-0.022906	4.824086
97.105821	8723.380816	14.481229	-0.022917	4.822757
97.001528	8718.534852	14.486234	-0.022892	4.821473
96.978753	8713.462404	14.491239	-0.022886	4.820133
97.011664	8708.150733	14.496243	-0.022893	4.818731
96.828377	8702.767271	14.501248	-0.022849	4.817301
96.957586	8697.536005	14.506253	-0.022879	4.815923
96.952980	8692.362959	14.511258	-0.022878	4.814555
96.781906	8687.281112	14.516263	-0.022837	4.813204
96.790664	8682.438288	14.521267	-0.022838	4.811923
96.810921	8677.282539	14.526272	-0.022843	4.810560
96.686136	8672.133571	14.531277	-0.022812	4.809192
96.671620	8666.957421	14.536282	-0.022808	4.807821
96.669269	8661.778660	14.541287	-0.022807	4.806449
96.568894	8656.607128	14.546291	-0.022783	4.805075
96.564331	8651.508216	14.551296	-0.022781	4.803724
96.654980	8646.663237	14.556301	-0.022803	4.802443
96.600409	8641.544840	14.561306	-0.022789	4.801083
96.506877	8636.502926	14.566311	-0.022766	4.799742
96.452174	8631.249813	14.571315	-0.022753	4.798346
96.334461	8625.552122	14.576320	-0.022724	4.796830
96.302392	8620.467127	14.581325	-0.022716	4.795479
96.428717	8615.152733	14.586330	-0.022746	4.794072
96.399924	8610.272313	14.591335	-0.022738	4.792775
96.374745	8605.298717	14.596339	-0.022732	4.791452
96.362373	8600.115595	14.601344	-0.022729	4.790074
96.278656	8595.058161	14.606349	-0.022708	4.788726
96.317754	8589.804836	14.611354	-0.022717	4.787331
96.296589	8584.602818	14.616359	-0.022712	4.785946
96.115536	8579.431323	14.621363	-0.022668	4.784563
96.185737	8574.383300	14.626368	-0.022684	4.783222
96.193719	8569.568463	14.631373	-0.022686	4.781941
96.070199	8564.393053	14.636378	-0.022656	4.780558
96.109710	8559.256427	14.641383	-0.022665	4.779191
96.001640	8553.916626	14.646387	-0.022638	4.777764
96.003833	8548.588171	14.651392	-0.022638	4.776344
96.106030	8543.332196	14.656397	-0.022662	4.774946
95.948569	8538.224438	14.661402	-0.022624	4.773578
95.847608	8533.489057	14.666407	-0.022600	4.772311
96.002719	8528.332702	14.671411	-0.022636	4.770941
95.963154	8523.168819	14.676416	-0.022626	4.769561
96.066670	8517.984336	14.681421	-0.022651	4.768180
95.827492	8512.739314	14.686426	-0.022593	4.766770
95.812254	8507.637183	14.691431	-0.022589	4.765407
95.660011	8502.457332	14.696435	-0.022552	4.764016
95.826609	8497.632751	14.701440	-0.022592	4.762733
95.826004	8492.556148	14.706445	-0.022591	4.761376
95.714611	8487.448272	14.711450	-0.022564	4.760005
95.673777	8482.246341	14.716455	-0.022554	4.758612
95.572914	8476.563746	14.721459	-0.022529	4.757087
95.525882	8471.435914	14.726464	-0.022517	4.755712
95.614319	8466.269761	14.731469	-0.022538	4.754332
95.494774	8461.284981	14.736474	-0.022509	4.752993
95.629975	8456.248818	14.741479	-0.022541	4.751649
95.567717	8451.180377	14.746483	-0.022526	4.750288
95.539293	8445.948877	14.751488	-0.022518	4.748884
95.539608	8440.785675	14.756493	-0.022518	4.747499
95.436975	8435.598532	14.761498	-0.022493	4.746104
95.479061	8430.424018	14.766503	-0.022503	4.744717
95.432673	8425.423490	14.771507	-0.022491	4.743373
95.375627	8420.537595	14.776512	-0.022477	4.742059
95.176176	8415.452275	14.781517	-0.022429	4.740685
95.237490	8410.205282	14.786522	-0.022443	4.739278
95.212602	8404.873951	14.791527	-0.022437	4.737845
95.194064	8399.495681	14.796531	-0.022432	4.736398
95.160940	8394.344138	14.801536	-0.022423	4.735012
95.097971	8389.267055	14.806541	-0.022408	4.733644
95.168056	8384.440718	14.811546	-0.022424	4.732348
95.101544	8379.297447	14.816551	-0.022408	4.730961
95.042407	8374.119810	14.821555	-0.022393	4.729565
95.188017	8368.982536	14.826560	-0.022428	4.728188
95.021096	8363.839208	14.831565	-0.022387	4.726795
94.955241	8358.711210	14.836570	-0.022371	4.725411
94.902919	8353.470349	14.841575	-0.022358	4.723997
94.852643	8348.824769	14.846579	-0.022346	4.722742
94.977105	8343.606548	14.851584	-0.022375	4.721340
94.747719	8338.543919	14.856589	-0.022320	4.719965
94.816993	8333.092971	14.861594	-0.022336	4.718497
94.695402	8327.644798	14.866599	-0.022306	4.717022
94.889887	8322.319336	14.871603	-0.022352	4.715592
94.543292	8317.216078	14.876608	-0.022269	4.714199
94.652857	8312.343400	14.881613	-0.022295	4.712888
94.598588	8307.287817	14.886618	-0.022281	4.711519
94.686216	8302.080523	14.891623	-0.022302	4.710115
94.677067	8296.974894	14.896627	-0.022299	4.708734
94.633705	8291.767480	14.901632	-0.022288	4.707324
94.563411	8286.622276	14.906637	-0.022271	4.705929
94.566439	8281.429383	14.911642	-0.022271	4.704524
94.523660	8276.537915	14.916647	-0.022261	4.703198
94.598844	8271.551445	14.921651	-0.022278	4.701851
94.451914	8266.370973	14.926656	-0.022242	4.700442
94.475090	8261.235219	14.931661	-0.022248	4.699051
94.508866	8255.659390	14.936666	-0.022255	4.697541
94.390305	8250.554256	14.941671	-0.022226	4.696152
94.425961	8245.392497	14.946675	-0.022234	4.694754
94.283295	8240.446037	14.951680	-0.022200	4.693406
94.386377	8235.462156	14.956685	-0.022224	4.692058
94.375238	8230.305172	14.961690	-0.022221	4.690658
94.277216	8225.140101	14.966695	-0.022197	4.689252
94.342545	8219.927327	14.971699	-0.022212	4.687839
94.240154	8214.746542	14.976704	-0.022187	4.686427
94.279859	8209.637329	14.981709	-0.022196	4.685040
94.143298	8204.616533	14.986714	-0.022163	4.683669
94.148422	8199.731489	14.991719	-0.022164	4.682341
94.090994	8194.563699	14.996723	-0.022150	4.680933
93.919061	8189.408315	15.001728	-0.022108	4.679523
94.047976	8183.799641	15.006733	-0.022139	4.678002
94.053886	8178.512213	15.011738	-0.022140	4.676563
94.102387	8173.334426	15.016743	-0.022151	4.675155
93.953287	8168.385954	15.021747	-0.022115	4.673801
93.926702	8163.413052	15.026752	-0.022108	4.672445
93.997982	8158.290100	15.031757	-0.022124	4.671051
93.869685	8153.151634	15.036762	-0.022093	4.669645
93.845536	8147.965340	15.041767	-0.022087	4.668229
93.760377	8142.814167	15.046771	-0.022066	4.666820
93.826312	8137.614690	15.051776	-0.022082	4.665404
93.759863	8132.599821	15.056781	-0.022065	4.664032
93.751395	8127.739713	15.061786	-0.022063	4.662705
93.696584	8122.580820	15.066791	-0.022049	4.661293
93.629171	8117.419768	15.071795	-0.022033	4.659880
93.553736	8112.063974	15.076800	-0.022014	4.658413
93.619437	8106.679764	15.081805	-0.022029	4.656944
93.604401	8101.529052	15.086810	-0.022025	4.655535
93.453127	8096.425268	15.091815	-0.021989	4.654132
93.529477	8091.670565	15.096819	-0.022007	4.652834
93.451641	8086.486405	15.101824	-0.021988	4.651412
93.418817	8081.376570	15.106829	-0.021979	4.650011
93.339807	8076.195785	15.111834	-0.021960	4.648589
93.366194	8070.957829	15.116839	-0.021966	4.647155
93.376582	8065.798041	15.121843	-0.021968	4.645741
93.355795	8060.674351	15.126848	-0.021962	4.644336
93.271879	8055.977686	15.131853	-0.021942	4.643044
93.258672	8050.737443	15.136858	-0.021938	4.641606
93.214340	8045.641411	15.141863	-0.021927	4.640206
93.096677	8040.212825	15.146867	-0.021899	4.638711
93.425969	8034.715110	15.151872	-0.021977	4.637216
93.178539	8029.559549	15.156877	-0.021917	4.635789
93.146450	8024.498681	15.161882	-0.021909	4.634397
93.092812	8019.684711	15.166887	-0.021896	4.633072
93.078377	8014.535451	15.171891	-0.021892	4.631656
93.086753	8009.331918	15.176896	-0.021893	4.630225
93.065459	8004.227778	15.181901	-0.021888	4.628820
93.090233	7998.993048	15.186906	-0.021893	4.627381
92.963565	7993.755774	15.191911	-0.021863	4.625934
92.876926	7988.688381	15.196915	-0.021841	4.624535
92.864450	7983.854372	15.201920	-0.021838	4.623203
92.869103	7978.815058	15.206925	-0.021839	4.621815
92.836737	7973.625733	15.211930	-0.021831	4.620384
92.703435	7968.295677	15.216935	-0.021798	4.618909
92.804860	7962.926296	15.221939	-0.021822	4.617433
92.781013	7957.725841	15.226944	-0.021816	4.615997
92.787340	7952.571937	15.231949	-0.021817	4.614575
92.627251	7947.801527	15.236954	-0.021778	4.613252
92.785645	7942.699715	15.241959	-0.021816	4.611850
92.691815	7937.529281	15.246963	-0.021793	4.610418
92.733615	7932.329567	15.251968	-0.021802	4.608984
92.578891	7927.210625	15.256973	-0.021765	4.607562
92.570172	7921.965832	15.261978	-0.021762	4.606112
92.597134	7916.877229	15.266983	-0.021768	4.604706
92.555644	7912.133046	15.271987	-0.021758	4.603392
92.526105	7906.966332	15.276992	-0.021750	4.601961
92.505184	7901.793070	15.281997	-0.021745	4.600529
92.459644	7896.362707	15.287002	-0.021734	4.599023
92.342938	7890.967106	15.292007	-0.021705	4.597524
92.383575	7885.661543	15.297011	-0.021714	4.596056
92.207832	7880.602361	15.302016	-0.021672	4.594646
92.215584	7875.829105	15.307021	-0.021673	4.593323
92.207317	7870.684950	15.312026	-0.021671	4.591896
92.165155	7865.540043	15.317031	-0.021660	4.590467
92.220010	7860.358425	15.322035	-0.021673	4.589032
92.236549	7855.166670	15.327040	-0.021677	4.587592
92.044720	7849.963362	15.332045	-0.021630	4.586139
92.083743	7844.879125	15.337050	-0.021639	4.584728
91.969971	7840.152923	15.342055	-0.021612	4.583410
92.091400	7834.947004	15.347059	-0.021640	4.581969
92.096659	7829.815627	15.352064	-0.021641	4.580543
92.078097	7824.420329	15.357069	-0.021636	4.579042
91.936707	7819.097472	15.362074	-0.021602	4.577555
91.951547	7813.922366	15.367079	-0.021605	4.576116
91.952158	7808.812906	15.372083	-0.021605	4.574694
91.967278	7804.023307	15.377088	-0.021608	4.573361
91.998029	7798.891783	15.382093	-0.021615	4.571933
91.826313	7793.729114	15.387098	-0.021573	4.570487
91.860825	7788.520673	15.392103	-0.021581	4.569037
91.744394	7783.391423	15.397107	-0.021553	4.567602
91.667811	7778.210222	15.402112	-0.021534	4.566154
91.692622	7773.172832	15.407117	-0.021539	4.564750
91.602730	7768.291331	15.412122	-0.021517	4.563384
91.508685	7763.177144	15.417127	-0.021495	4.561952
91.490391	7758.041974	15.422131	-0.021490	4.560517
91.547917	7752.407428	15.427136	-0.021503	4.558946
91.748126	7747.072894	15.432141	-0.021550	4.557465
91.553306	7741.930758	15.437146	-0.021503	4.556019
91.482409	7736.920449	15.442151	-0.021486	4.554615
91.479854	7732.010844	15.447155	-0.021485	4.553242
91.538328	7726.804653	15.452160	-0.021498	4.551789
91.300164	7721.735441	15.457165	-0.021441	4.550359
91.321899	7716.500762	15.462170	-0.021446	4.548895
91.334084	7711.363001	15.467175	-0.021448	4.547457
91.330548	7706.164848	15.472179	-0.021447	4.546001
91.407840	7701.186585	15.477184	-0.021465	4.544609
91.365009	7696.245514	15.482189	-0.021454	4.543223
91.254664	7691.119076	15.487194	-0.021427	4.541780
91.393982	7685.876774	15.492199	-0.021460	4.540317
91.342416	7680.447815	15.497203	-0.021448	4.538791
91.134131	7675.318412	15.502208	-0.021397	4.537342
91.210162	7670.037317	15.507213	-0.021415	4.535863
91.162122	7665.171183	15.512218	-0.021403	4.534494
91.131835	7660.172412	15.517223	-0.021395	4.533089
91.049853	7654.872840	15.522227	-0.021375	4.531596
91.074878	7649.673620	15.527232	-0.021381	4.530136
90.883359	7644.568095	15.532237	-0.021335	4.528691
91.034776	7639.390846	15.537242	-0.021370	4.527242
90.848265	7634.119171	15.542247	-0.021325	4.525750
90.841523	7629.357951	15.547251	-0.021323	4.524410
90.925510	7624.310026	15.552256	-0.021343	4.522993
90.904072	7619.129643	15.557261	-0.021337	4.521533
90.912560	7613.900438	15.562266	-0.021339	4.520061
90.839212	7608.313507	15.567271	-0.021321	4.518483
90.851642	7603.122604	15.572275	-0.021323	4.517020
90.845775	7597.994048	15.577280	-0.021322	4.515574
90.717974	7593.183335	15.582285	-0.021291	4.514211
90.623906	7588.075204	15.587290	-0.021268	4.512765
90.690816	7582.888254	15.592295	-0.021283	4.511304
90.730617	7577.742959	15.597299	-0.021292	4.509853
90.654237	7572.510800	15.602304	-0.021273	4.508372
90.495628	7567.418158	15.607309	-0.021235	4.506925
90.453493	7562.284121	15.612314	-0.021225	4.505472
90.429856	7557.437882	15.617319	-0.021219	4.504101
90.509007	7552.344850	15.622323	-0.021237	4.502665
90.416178	7547.197881	15.627328	-0.021214	4.501204
90.416521	7541.801697	15.632333	-0.021214	4.499677
90.310034	7536.480789	15.637338	-0.021188	4.498166
90.345901	7531.329096	15.642343	-0.021196	4.496709
90.277736	7526.269651	15.647347	-0.021179	4.495272
90.216690	7521.415528	15.652352	-0.021164	4.493894
90.226349	7516.271025	15.657357	-0.021166	4.492436
90.306015	7511.109539	15.662362	-0.021185	4.490977
90.180760	7505.883732	15.667367	-0.021154	4.489489
90.286019	7500.750906	15.672371	-0.021179	4.488038
90.030102	7495.577499	15.677376	-0.021117	4.486557
90.214202	7490.580636	15.682381	-0.021161	4.485147
90.238385	7485.664565	15.687386	-0.021166	4.483752
90.111030	7480.569625	15.692391	-0.021136	4.482299
90.088250	7475.431929	15.697395	-0.021130	4.480838
89.976296	7469.847960	15.702400	-0.021102	4.479245
90.029735	7464.743400	15.707405	-0.021115	4.477796
89.922208	7459.579494	15.712410	-0.021089	4.476322
89.910538	7454.533429	15.717415	-0.021085	4.474885
89.958075	7449.583986	15.722419	-0.021096	4.473479
89.918990	7444.443934	15.727424	-0.021086	4.472013
89.671223	7439.289260	15.732429	-0.021027	4.470533
89.825719	7434.063090	15.737434	-0.021063	4.469051
89.717704	7428.923742	15.742439	-0.021037	4.467581
89.731478	7423.761612	15.747443	-0.021040	4.466110
89.695632	7418.847335	15.752448	-0.021031	4.464707
89.721594	7413.811130	15.757453	-0.021037	4.463271
89.711229	7408.685535	15.762458	-0.021034	4.461808
89.649020	7403.329041	15.767463	-0.021018	4.460276
89.509737	7397.934334	15.772467	-0.020984	4.458728
89.473623	7392.787905	15.777472	-0.020975	4.457256
89.469619	7387.692177	15.782477	-0.020974	4.455800
89.448411	7382.895960	15.787482	-0.020969	4.454428
89.420990	7377.682046	15.792487	-0.020961	4.452935
89.487844	7372.534087	15.797491	-0.020977	4.451466
89.435034	7367.423014	15.802496	-0.020964	4.450001
89.397690	7362.159340	15.807501	-0.020955	4.448492
89.265542	7357.012259	15.812506	-0.020923	4.447012
89.283280	7352.018173	15.817511	-0.020926	4.445582
89.311717	7347.121851	15.822515	-0.020933	4.444181
89.301643	7341.850498	15.827520	-0.020930	4.442670
89.271596	7336.783701	15.832525	-0.020922	4.441215
89.067761	7331.219247	15.837530	-0.020873	4.439609
89.104890	7325.965684	15.842535	-0.020881	4.438104
89.051070	7320.802849	15.847539	-0.020868	4.436619
89.025337	7315.894460	15.852544	-0.020861	4.435209
88.995605	7310.937264	15.857549	-0.020854	4.433783
88.938892	7305.739813	15.862554	-0.020840	4.432287
88.910992	7300.605278	15.867559	-0.020833	4.430810
88.986202	7295.417240	15.872563	-0.020850	4.429323
88.884055	7290.264604	15.877568	-0.020825	4.427836
88.912001	7285.081919	15.882573	-0.020832	4.426346
88.886481	7280.280369	15.887578	-0.020825	4.424963
88.815298	7275.167485	15.892583	-0.020808	4.423488
88.814754	7270.010137	15.897587	-0.020807	4.422002
88.649234	7264.723567	15.902592	-0.020767	4.420471
88.602187	7259.367910	15.907597	-0.020755	4.418925
88.628680	7254.172101	15.912602	-0.020761	4.417429
88.598272	7249.061823	15.917607	-0.020753	4.415954
88.762741	7244.232232	15.922611	-0.020792	4.414569
88.712581	7239.071457	15.927616	-0.020780	4.413078
88.714129	7233.884797	15.932621	-0.020780	4.411581
88.744996	7228.689236	15.937626	-0.020787	4.410082
88.649949	7223.528825	15.942631	-0.020764	4.408587
88.619127	7218.436449	15.947635	-0.020756	4.407114
88.647659	7213.478761	15.952640	-0.020762	4.405682
88.499972	7208.461505	15.957645	-0.020726	4.404224
88.446081	7203.351377	15.962650	-0.020713	4.402743
88.343925	7198.142706	15.967655	-0.020688	4.401231
88.294459	7192.501436	15.972659	-0.020676	4.399596
88.431640	7187.328866	15.977664	-0.020708	4.398105
88.356158	7182.122012	15.982669	-0.020690	4.396593
88.275578	7177.262659	15.987674	-0.020670	4.395181
88.281029	7172.161013	15.992679	-0.020671	4.393703
88.333127	7167.042957	15.997683	-0.020683	4.392222
88.316790	7161.881949	16.002688	-0.020679	4.390724
88.244392	7156.664000	16.007693	-0.020661	4.389206
88.140435	7151.524584	16.012698	-0.020635	4.387709
88.182861	7146.421696	16.017703	-0.020645	4.386230
88.210138	7141.600577	16.022707	-0.020651	4.384832
88.068913	7136.458075	16.027712	-0.020617	4.383330
87.901346	7131.269536	16.032717	-0.020576	4.381814
87.858425	7125.899119	16.037722	-0.020566	4.380250
87.910125	7120.621819	16.042727	-0.020578	4.378718
87.775172	7115.502666	16.047731	-0.020545	4.377222
87.874995	7110.480883	16.052736	-0.020568	4.375766
87.852663	7105.505538	16.057741	-0.020563	4.374316
87.807388	7100.367747	16.062746	-0.020551	4.372818
87.698891	7095.234706	16.067751	-0.020525	4.371316
87.675769	7090.058937	16.072755	-0.020519	4.369807
87.754636	7084.855599	16.077760	-0.020537	4.368294
87.810540	7079.676438	16.082765	-0.020550	4.366787
87.561117	7074.929502	16.087770	-0.020490	4.365389
87.607494	7069.786559	16.092775	-0.020501	4.363891
87.658727	7064.638061	16.097779	-0.020513	4.362391
87.550531	7059.198825	16.102784	-0.020486	4.360797
87.571217	7053.777474	16.107789	-0.020491	4.359214
87.500713	7048.645101	16.112794	-0.020473	4.357710
87.489901	7043.541981	16.117799	-0.020470	4.356218
87.683299	7038.709382	16.122803	-0.020516	4.354815
87.516152	7033.544530	16.127808	-0.020476	4.353296
87.532060	7028.350987	16.132813	-0.020479	4.351777
87.306059	7023.233742	16.137818	-0.020425	4.350267
87.414001	7018.018315	16.142823	-0.020450	4.348745
87.310355	7012.839509	16.147827	-0.020425	4.347223
87.253925	7007.968071	16.152832	-0.020411	4.345792
87.291066	7002.952089	16.157837	-0.020419	4.344324
87.451425	6997.777650	16.162842	-0.020457	4.342815
87.374871	6992.496676	16.167847	-0.020438	4.341262
87.308731	6987.126330	16.172851	-0.020422	4.339683
87.135658	6981.991544	16.177856	-0.020380	4.338166
87.279404	6976.823168	16.182861	-0.020414	4.336656
87.205114	6972.046676	16.187866	-0.020396	4.335249
87.090147	6966.874578	16.192871	-0.020368	4.333723
87.098593	6961.754648	16.197875	-0.020370	4.332219
87.175204	6956.530385	16.202880	-0.020388	4.330687
86.975019	6951.364827	16.207885	-0.020339	4.329156
87.068766	6946.205758	16.212890	-0.020361	4.327643
86.952491	6941.254141	16.217895	-0.020333	4.326179
86.905108	6936.349677	16.222899	-0.020321	4.324733
86.898129	6931.170150	16.227904	-0.020319	4.323207
86.806455	6925.935195	16.232909	-0.020297	4.321659
86.844233	6920.348592	16.237914	-0.020305	4.320014
86.896486	6915.117062	16.242919	-0.020317	4.318475
86.828541	6910.042177	16.247923	-0.020301	4.316974
86.673283	6905.195958	16.252928	-0.020263	4.315535
86.778519	6900.019123	16.257933	-0.020288	4.314013
86.622215	6894.924903	16.262938	-0.020250	4.312500
86.781563	6889.700296	16.267943	-0.020288	4.310966
86.627148	6884.547059	16.272947	-0.020250	4.309434
86.497177	6879.358370	16.277952	-0.020219	4.307893
86.552225	6874.366858	16.282957	-0.020231	4.306420
86.533830	6869.464740	16.287962	-0.020227	4.304969
86.508479	6864.290272	16.292967	-0.020220	4.303437
86.351481	6859.131951	16.297971	-0.020182	4.301901
86.313175	6853.650587	16.302976	-0.020172	4.300276
86.429581	6848.462397	16.307981	-0.020200	4.298745
86.398546	6843.324962	16.312986	-0.020192	4.297221
86.357241	6838.446121	16.317991	-0.020182	4.295772
86.219699	6833.430321	16.322995	-0.020148	4.294277
86.377555	6828.255118	16.328000	-0.020186	4.292751
86.264060	6823.047952	16.333005	-0.020158	4.291199
86.302912	6817.876890	16.338010	-0.020167	4.289666
86.255967	6812.720800	16.343015	-0.020155	4.288133
86.175968	6807.701039	16.348019	-0.020136	4.286637
86.235915	6802.748880	16.353024	-0.020149	4.285169
86.153150	6797.550450	16.358029	-0.020129	4.283618
86.146791	6792.428600	16.363034	-0.020127	4.282095
86.088799	6786.790652	16.368039	-0.020113	4.280414
86.027457	6781.671591	16.373043	-0.020098	4.278887
86.008987	6776.501114	16.378048	-0.020093	4.277347
85.995362	6771.634477	16.383053	-0.020089	4.275897
86.028467	6766.598168	16.388058	-0.020097	4.274398
85.949057	6761.359945	16.393063	-0.020077	4.272833
86.011982	6756.205321	16.398067	-0.020092	4.271299
85.838925	6751.044328	16.403072	-0.020050	4.269750
85.796080	6745.912631	16.408077	-0.020039	4.268217
85.883518	6740.906323	16.413082	-0.020060	4.266727
85.662958	6735.959774	16.418087	-0.020007	4.265238
85.833648	6730.793604	16.423091	-0.020047	4.263705
85.710847	6725.616662	16.428096	-0.020017	4.262151
85.565333	6720.090947	16.433101	-0.019982	4.260491
85.696832	6714.965118	16.438106	-0.020013	4.258966
85.559601	6709.658013	16.443111	-0.019980	4.257371
85.666046	6704.838020	16.448115	-0.020005	4.255934
85.601052	6699.708532	16.453120	-0.019989	4.254395
85.625122	6694.542895	16.458125	-0.019994	4.252850
85.618613	6689.372524	16.463130	-0.019992	4.251301
85.430163	6684.213140	16.468135	-0.019946	4.249744
85.386561	6679.088107	16.473139	-0.019935	4.248205
85.412339	6674.107664	16.478144	-0.019941	4.246713
85.398156	6669.138777	16.483149	-0.019937	4.245222
85.210762	6664.030436	16.488154	-0.019892	4.243678
85.254559	6658.754435	16.493159	-0.019902	4.242096
85.171897	6653.207648	16.498163	-0.019882	4.240426
85.327065	6647.981598	16.503168	-0.019919	4.238865
85.202488	6642.849141	16.508173	-0.019888	4.237315
85.163792	6638.079833	16.513178	-0.019879	4.235879
84.954931	6632.896878	16.518183	-0.019828	4.234308
85.143268	6627.714359	16.523187	-0.019873	4.232760
85.050029	6622.559464	16.528192	-0.019850	4.231203
85.084196	6617.335019	16.533197	-0.019858	4.229632
84.997767	6612.225143	16.538202	-0.019837	4.228088
84.848152	6607.289031	16.543207	-0.019800	4.226592
84.922171	6602.255128	16.548211	-0.019818	4.225079
84.930314	6597.127175	16.553216	-0.019819	4.223533
85.002163	6591.825136	16.558221	-0.019836	4.221938
84.889581	6586.481506	16.563226	-0.019808	4.220319
84.888398	6581.290842	16.568231	-0.019808	4.218752
84.734286	6576.290218	16.573235	-0.019770	4.217233
84.722658	6571.346179	16.578240	-0.019767	4.215739
84.629026	6566.166914	16.583245	-0.019744	4.214168
84.670925	6561.080716	16.588250	-0.019754	4.212633
84.688893	6555.817333	16.593255	-0.019758	4.211042
84.638777	6550.662174	16.598259	-0.019745	4.209480
84.793954	6545.466503	16.603264	-0.019782	4.207916
84.659734	6540.644132	16.608269	-0.019750	4.206448
84.631606	6535.610890	16.613274	-0.019742	4.204922
84.539698	6530.441632	16.618279	-0.019720	4.203351
84.450223	6525.005063	16.623283	-0.019698	4.201698
84.495026	6519.630638	16.628288	-0.019708	4.200071
84.658179	6514.470565	16.633293	-0.019747	4.198515
84.401751	6509.524882	16.638298	-0.019685	4.196999
84.468294	6504.495610	16.643303	-0.019701	4.195477
84.381849	6499.373002	16.648307	-0.019679	4.193916
84.240224	6494.264283	16.653312	-0.019645	4.192356
84.349390	6488.996887	16.658317	-0.019671	4.190762
84.385440	6483.859928	16.663322	-0.019679	4.189202
84.320910	6478.770485	16.668327	-0.019663	4.187651
84.108698	6473.953387	16.673331	-0.019612	4.186172
84.206706	6468.783090	16.678336	-0.019635	4.184605
84.062658	6463.650511	16.683341	-0.019600	4.183033
84.235863	6458.122690	16.688346	-0.019641	4.181360
84.087879	6452.937563	16.693351	-0.019605	4.179772
84.086262	6447.826687	16.698355	-0.019604	4.178214
84.031899	6442.961638	16.703360	-0.019591	4.176727
83.984685	6437.883032	16.708365	-0.019579	4.175175
84.029220	6432.729709	16.713370	-0.019589	4.173605
83.936386	6427.543367	16.718375	-0.019567	4.172017
83.895036	6422.382475	16.723379	-0.019556	4.170438
83.730508	6417.275771	16.728384	-0.019516	4.168868
83.872783	6412.193410	16.733389	-0.019550	4.167324
83.696645	6407.355323	16.738394	-0.019508	4.165834
83.660086	6402.198125	16.743399	-0.019498	4.164254
83.754911	6396.900245	16.748403	-0.019521	4.162639
83.675726	6391.351698	16.753408	-0.019501	4.160936
83.532273	6386.197586	16.758413	-0.019466	4.159349
83.583594	6381.083810	16.763418	-0.019478	4.157786
83.596700	6376.149743	16.768423	-0.019481	4.156275
83.552806	6371.042578	16.773427	-0.019470	4.154707
83.459474	6365.928984	16.778432	-0.019447	4.153133
83.498665	6360.684843	16.783437	-0.019456	4.151527
83.481022	6355.580299	16.788442	-0.019451	4.149959
83.464160	6350.351453	16.793447	-0.019447	4.148353
83.457849	6345.503650	16.798451	-0.019445	4.146864
83.377479	6340.426669	16.803456	-0.019425	4.145299
83.352930	6335.261134	16.808461	-0.019419	4.143710
83.385680	6329.903263	16.813466	-0.019426	4.142065
83.228710	6324.617355	16.818471	-0.019388	4.140429
83.141509	6319.523361	16.823475	-0.019367	4.138856
83.313516	6314.527882	16.828480	-0.019408	4.137329
83.208643	6309.518349	16.833485	-0.019382	4.135780
83.197315	6304.350906	16.838490	-0.019379	4.134188
83.094747	6299.204990	16.843495	-0.019354	4.132595
83.151241	6293.977147	16.848499	-0.019367	4.130987
83.077118	6288.832521	16.853504	-0.019349	4.129396
83.029427	6283.812002	16.858509	-0.019337	4.127844
82.969003	6278.934533	16.863514	-0.019322	4.126335
82.997969	6273.724232	16.868519	-0.019329	4.124728
82.997478	6268.520944	16.873523	-0.019328	4.123121
82.930529	6262.962510	16.878528	-0.019312	4.121399
82.774451	6257.808305	16.883533	-0.019274	4.119796
82.792335	6252.673126	16.888538	-0.019278	4.118209
82.762693	6247.880573	16.893543	-0.019270	4.116724
82.799199	6242.656656	16.898547	-0.019278	4.115110
82.640156	6237.553417	16.903552	-0.019240	4.113520
82.565634	6232.343194	16.908557	-0.019222	4.111901
82.762504	6227.177179	16.913562	-0.019268	4.110313
82.803117	6222.014907	16.918567	-0.019278	4.108716
82.822732	6217.138782	16.923571	-0.019282	4.107205
82.543938	6212.098262	16.928576	-0.019215	4.105624
82.514941	6206.884763	16.933581	-0.019207	4.104004
82.456273	6201.586927	16.938586	-0.019193	4.102356
82.496333	6196.299083	16.943591	-0.019202	4.100716
82.469031	6191.145747	16.948595	-0.019195	4.099113
82.436267	6186.222527	16.953600	-0.019187	4.097581
82.425606	6181.190191	16.958605	-0.019184	4.096015
82.404165	6176.058643	16.963610	-0.019178	4.094418
82.411552	6170.852941	16.968615	-0.019179	4.092799
82.245695	6165.677030	16.973619	-0.019139	4.091177
82.317703	6160.489185	16.978624	-0.019156	4.089566
82.255628	6155.488370	16.983629	-0.019141	4.088004
82.288007	6150.616182	16.988634	-0.019148	4.086487
82.209550	6145.418313	16.993639	-0.019129	4.084862
82.215188	6140.148086	16.998643	-0.019130	4.083218
82.242206	6134.581448	17.003648	-0.019136	4.081483
82.097211	6129.430798	17.008653	-0.019101	4.079866
82.173456	6124.350291	17.013658	-0.019118	4.078284
82.120678	6119.448386	17.018663	-0.019105	4.076750
82.165747	6114.271333	17.023667	-0.019116	4.075135
82.075118	6109.156467	17.028672	-0.019094	4.073530
81.933536	6103.962431	17.033677	-0.019059	4.071896
81.850113	6098.843220	17.038682	-0.019039	4.070289
81.860183	6093.702601	17.043687	-0.019041	4.068680
81.882433	6088.855530	17.048691	-0.019046	4.067164
81.839222	6083.707042	17.053696	-0.019035	4.065548
81.707260	6078.553233	17.058701	-0.019003	4.063924
81.795516	6073.117609	17.063706	-0.019024	4.062226
81.707974	6067.904063	17.068711	-0.019002	4.060585
81.749281	6062.766197	17.073715	-0.019012	4.058976
81.455844	6057.939025	17.078720	-0.018941	4.057441
81.622524	6052.792832	17.083725	-0.018980	4.055836
81.716967	6047.614065	17.088730	-0.019003	4.054216
81.586256	6042.442798	17.093735	-0.018971	4.052582
81.549369	6037.304623	17.098739	-0.018962	4.050964
81.542491	6032.111603	17.103744	-0.018959	4.049330
81.533851	6027.222632	17.108749	-0.018957	4.047791
81.459215	6022.203609	17.113754	-0.018939	4.046207
81.549997	6017.012040	17.118759	-0.018960	4.044578
81.337099	6011.602026	17.123763	-0.018909	4.042860
81.431212	6006.232778	17.128768	-0.018931	4.041174
81.321374	6001.075011	17.133773	-0.018904	4.039540
81.319354	5996.190570	17.138778	-0.018903	4.038000
81.376764	5991.153009	17.143783	-0.018916	4.036414
81.314213	5985.904401	17.148787	-0.018901	4.034753
81.405019	5980.771891	17.153792	-0.018922	4.033138
81.245565	5975.593488	17.158797	-0.018884	4.031492
81.163503	5970.475959	17.163802	-0.018863	4.029869
81.288460	5965.431255	17.168807	-0.018893	4.028282
81.139850	5960.535210	17.173811	-0.018857	4.026724
81.078954	5955.410441	17.178816	-0.018842	4.025098
81.065710	5950.120880	17.183821	-0.018838	4.023423
81.049358	5944.730691	17.188826	-0.018834	4.021715
81.024656	5939.553441	17.193831	-0.018828	4.020073
80.787573	5934.564234	17.198835	-0.018770	4.018476
80.886229	5929.660333	17.203840	-0.018794	4.016928
80.918299	5924.466393	17.208845	-0.018801	4.015282
80.823125	5919.212120	17.213850	-0.018778	4.013609
80.840408	5913.995133	17.218855	-0.018781	4.011954
80.825723	5908.780221	17.223859	-0.018777	4.010296
80.736115	5903.823150	17.228864	-0.018755	4.008715
80.814602	5898.891150	17.233869	-0.018774	4.007153
80.841139	5893.738489	17.238874	-0.018780	4.005517
80.680270	5888.477795	17.243879	-0.018741	4.003832
80.617778	5882.954132	17.248883	-0.018725	4.002070
80.564732	5877.820125	17.253888	-0.018712	4.000432
80.658191	5872.682387	17.258893	-0.018734	3.998802
80.574317	5867.782545	17.263898	-0.018714	3.997235
80.488644	5862.693106	17.268903	-0.018693	3.995607
80.532965	5857.539743	17.273907	-0.018703	3.993967
80.521693	5852.293751	17.278912	-0.018700	3.992292
80.470774	5847.129864	17.283917	-0.018687	3.990641
80.322542	5842.151305	17.288922	-0.018651	3.989041
80.406002	5837.229595	17.293927	-0.018671	3.987475
80.302332	5832.045230	17.298931	-0.018645	3.985811
80.266757	5826.916773	17.303936	-0.018636	3.984169
80.133607	5821.430794	17.308941	-0.018604	3.982406
80.130465	5816.253923	17.313946	-0.018603	3.980749
80.058937	5811.147575	17.318951	-0.018585	3.979110
80.002389	5806.345236	17.323955	-0.018571	3.977568
79.925214	5801.166284	17.328960	-0.018552	3.975904
80.096431	5795.970006	17.333965	-0.018593	3.974250
80.067675	5790.834594	17.338970	-0.018586	3.972602
80.060689	5785.643093	17.343975	-0.018583	3.970936
79.932747	5780.498409	17.348979	-0.018552	3.969277
79.964310	5775.707445	17.353984	-0.018560	3.967741
80.004588	5770.515002	17.358989	-0.018569	3.966076
79.916553	5765.336002	17.363994	-0.018547	3.964406
79.953697	5759.755276	17.368999	-0.018556	3.962615
79.902439	5754.597137	17.374003	-0.018543	3.960953
79.853468	5749.460090	17.379008	-0.018531	3.959297
79.774821	5744.610021	17.384013	-0.018512	3.957731
79.682244	5739.499271	17.389018	-0.018489	3.956079
79.675505	5734.329385	17.394023	-0.018487	3.954414
79.653526	5729.123340	17.399027	-0.018481	3.952735
79.745715	5723.985683	17.404032	-0.018503	3.951085
79.720235	5718.762523	17.409037	-0.018496	3.949399
79.668465	5714.023339	17.414042	-0.018483	3.947866
79.584707	5708.886797	17.419047	-0.018463	3.946202
79.595580	5703.688302	17.424051	-0.018465	3.944525
79.594805	5698.241394	17.429056	-0.018464	3.942765
79.496162	5693.033679	17.434061	-0.018440	3.941075
79.396269	5687.960770	17.439066	-0.018416	3.939428
79.512569	5683.100399	17.444071	-0.018443	3.937864
79.369124	5677.950521	17.449075	-0.018409	3.936188
79.474836	5672.769541	17.454080	-0.018434	3.934518
79.326973	5667.586525	17.459085	-0.018398	3.932829
79.413835	5662.459338	17.464090	-0.018418	3.931174
79.190395	5657.364793	17.469095	-0.018364	3.929507
79.206400	5652.555879	17.474099	-0.018368	3.927949
79.224611	5647.363495	17.479104	-0.018371	3.926266
79.354782	5642.165076	17.484109	-0.018402	3.924588
79.182647	5636.578659	17.489114	-0.018360	3.922762
79.070887	5631.380403	17.494119	-0.018333	3.921065
79.066579	5626.320224	17.499123	-0.018332	3.919421
79.023473	5621.431059	17.504128	-0.018321	3.917828
78.836946	5616.268395	17.509133	-0.018276	3.916136
78.982186	5611.126951	17.514138	-0.018310	3.914473
78.828344	5605.925149	17.519143	-0.018273	3.912769
78.751941	5600.782371	17.524147	-0.018254	3.911089
78.790205	5595.736252	17.529152	-0.018263	3.909447
78.501801	5590.853520	17.534157	-0.018194	3.907835
78.750609	5585.675060	17.539162	-0.018253	3.906165
78.740169	5580.424062	17.544167	-0.018250	3.904451
78.815290	5575.016784	17.549171	-0.018267	3.902692
78.678819	5569.870082	17.554176	-0.018234	3.901001
78.587276	5564.824633	17.559181	-0.018212	3.899347
78.643633	5559.874629	17.564186	-0.018225	3.897733
78.553660	5554.740491	17.569191	-0.018203	3.896048
78.659229	5549.570898	17.574195	-0.018228	3.894365
78.434125	5544.414987	17.579200	-0.018173	3.892662
78.452878	5539.258674	17.584205	-0.018177	3.890975
78.398838	5534.259944	17.589210	-0.018164	3.889334
78.379013	5529.312888	17.594215	-0.018159	3.887712
78.427579	5524.177438	17.599219	-0.018170	3.886033
78.305773	5518.784223	17.604224	-0.018140	3.884255
78.349106	5513.389037	17.609229	-0.018150	3.882489
78.299951	5508.240424	17.614234	-0.018138	3.880795
78.235932	5503.294175	17.619239	-0.018122	3.879166
78.149956	5498.266559	17.624243	-0.018101	3.877509
78.191814	5493.113762	17.629248	-0.018111	3.875818
78.185156	5487.987343	17.634253	-0.018109	3.874132
78.220443	5482.738940	17.639258	-0.018117	3.872409
78.024124	5477.650971	17.644263	-0.018069	3.870720
78.005727	5472.649629	17.649267	-0.018065	3.869072
77.979696	5467.678672	17.654272	-0.018058	3.867433
77.948930	5462.505320	17.659277	-0.018050	3.865726
77.954974	5457.109158	17.664282	-0.018051	3.863948
78.012829	5451.774824	17.669287	-0.018064	3.862193
78.034312	5446.652575	17.674291	-0.018069	3.860505
77.956505	5441.859389	17.679296	-0.018050	3.858917
77.937883	5436.714589	17.684301	-0.018045	3.857217
78.031018	5431.609263	17.689306	-0.018067	3.855537
77.922178	5426.360853	17.694311	-0.018041	3.853795
77.758682	5421.223463	17.699315	-0.018001	3.852084
77.733204	5416.073327	17.704320	-0.017994	3.850378
77.594069	5411.343485	17.709325	-0.017961	3.848802
77.742661	5406.129243	17.714330	-0.017996	3.847087
77.613676	5401.044060	17.719335	-0.017965	3.845393
77.521281	5395.468752	17.724339	-0.017942	3.843539
77.490179	5390.360563	17.729344	-0.017934	3.841843
77.420817	5385.150374	17.734349	-0.017917	3.840110
77.621615	5380.299027	17.739354	-0.017965	3.838515
77.387243	5375.126054	17.744359	-0.017908	3.836780
77.341958	5370.016016	17.749363	-0.017897	3.835079
77.461713	5364.763732	17.754368	-0.017925	3.833343
77.425237	5359.616849	17.759373	-0.017916	3.831630
77.404580	5354.525940	17.764378	-0.017911	3.829935
77.295977	5349.683367	17.769383	-0.017884	3.828316
77.341644	5344.475846	17.774387	-0.017895	3.826586
77.292061	5339.312014	17.779392	-0.017882	3.824862
77.205725	5333.838484	17.784397	-0.017861	3.823032
77.195047	5328.759592	17.789402	-0.017858	3.821338
77.237012	5323.700911	17.794407	-0.017868	3.819655
77.126859	5318.723103	17.799411	-0.017841	3.817986
77.095194	5313.567815	17.804416	-0.017833	3.816263
77.101079	5308.386664	17.809421	-0.017834	3.814533
76.988196	5303.216301	17.814426	-0.017806	3.812797
77.020102	5298.050732	17.819431	-0.017814	3.811073
76.979546	5293.134634	17.824435	-0.017803	3.809426
76.913040	5288.094111	17.829440	-0.017787	3.807735
76.810416	5282.961526	17.834445	-0.017762	3.806010
76.829188	5277.438994	17.839450	-0.017766	3.804162
76.773173	5272.230720	17.844455	-0.017752	3.802413
76.816036	5267.022676	17.849459	-0.017762	3.800671
76.678367	5262.271772	17.854464	-0.017729	3.799068
76.656576	5256.936125	17.859469	-0.017723	3.797276
76.610825	5251.762904	17.864474	-0.017712	3.795537
76.750999	5246.576294	17.869479	-0.017745	3.793806
76.600811	5241.380722	17.874483	-0.017708	3.792049
76.708042	5236.346649	17.879488	-0.017734	3.790366
76.710643	5231.389927	17.884493	-0.017734	3.788700
76.478830	5226.274090	17.889498	-0.017678	3.786961
76.476824	5221.061335	17.894503	-0.017677	3.785207
76.394888	5215.706259	17.899507	-0.017657	3.783398
76.413174	5210.547489	17.904512	-0.017661	3.781662
76.434789	5205.466267	17.909517	-0.017666	3.779951
76.460823	5200.523342	17.914522	-0.017671	3.778287
76.345588	5195.372775	17.919527	-0.017643	3.776541
76.330136	5190.202476	17.924531	-0.017639	3.774795
76.216125	5185.118407	17.929536	-0.017611	3.773070
76.187226	5179.874676	17.934541	-0.017604	3.771296
76.268655	5174.997673	17.939546	-0.017623	3.769655
76.277429	5169.913391	17.944551	-0.017625	3.767937
76.163985	5164.743486	17.949555	-0.017597	3.766179
76.159773	5159.235207	17.954560	-0.017596	3.764315
76.045141	5153.947074	17.959565	-0.017568	3.762516
76.127205	5148.821317	17.964570	-0.017587	3.760786
76.122708	5143.950142	17.969575	-0.017586	3.759135
76.034441	5138.804113	17.974579	-0.017564	3.757384
75.964457	5133.727124	17.979584	-0.017547	3.755657
75.908879	5128.469765	17.984589	-0.017533	3.753868
75.856185	5123.321833	17.989594	-0.017520	3.752117
76.043240	5118.251850	17.994599	-0.017564	3.750409
75.815438	5113.335993	17.999603	-0.017509	3.748721
75.829402	5108.212669	18.004608	-0.017512	3.746980
75.807668	5102.899070	18.009613	-0.017507	3.745172
75.740046	5097.605190	18.014618	-0.017490	3.743365
75.642535	5092.475826	18.019623	-0.017466	3.741611
75.657417	5087.456411	18.024627	-0.017469	3.739903
75.632579	5082.445832	18.029632	-0.017463	3.738193
75.512929	5077.294949	18.034637	-0.017434	3.736428
75.559636	5072.075534	18.039642	-0.017445	3.734651
75.519158	5066.941225	18.044647	-0.017434	3.732896
75.501089	5061.788546	18.049651	-0.017430	3.731136
75.563652	5056.953858	18.054656	-0.017444	3.729489
75.378237	5051.831482	18.059661	-0.017399	3.727724
75.380225	5046.614614	18.064666	-0.017399	3.725941
75.375823	5041.093297	18.069671	-0.017398	3.724052
75.220026	5035.953347	18.074675	-0.017360	3.722281
75.355676	5030.889526	18.079680	-0.017392	3.720558
75.223416	5025.943034	18.084685	-0.017360	3.718853
75.188507	5020.802859	18.089690	-0.017351	3.717089
75.205286	5015.599237	18.094695	-0.017355	3.715306
75.227461	5010.440511	18.099699	-0.017360	3.713539
75.028846	5005.331796	18.104704	-0.017312	3.711769
75.185926	5000.383415	18.109709	-0.017349	3.710083
75.041493	4995.338540	18.114714	-0.017314	3.708339
75.021529	4990.194913	18.119719	-0.017309	3.706569
74.964533	4984.777457	18.124723	-0.017295	3.704702
74.876679	4979.566951	18.129728	-0.017273	3.702902
74.918140	4974.414544	18.134733	-0.017283	3.701133
74.883373	4969.608988	18.139738	-0.017274	3.699475
74.854819	4964.425378	18.144743	-0.017267	3.697687
74.815780	4959.273035	18.149747	-0.017257	3.695908
74.831476	4954.100239	18.154752	-0.017260	3.694126
74.817682	4948.928793	18.159757	-0.017256	3.692341
74.817923	4943.931055	18.164762	-0.017256	3.690616
74.704075	4939.007064	18.169767	-0.017228	3.688906
74.723160	4933.824293	18.174771	-0.017232	3.687117
74.626320	4928.379938	18.179776	-0.017209	3.685228
74.564818	4923.107803	18.184781	-0.017194	3.683399
74.566940	4917.938622	18.189786	-0.017194	3.681611
74.769691	4913.020787	18.194791	-0.017242	3.679925
74.577379	4907.881198	18.199795	-0.017195	3.678130
74.556986	4902.766224	18.204800	-0.017190	3.676356
74.386737	4897.607570	18.209805	-0.017149	3.674553
74.406484	4892.425919	18.214810	-0.017153	3.672758
74.417910	4887.380114	18.219815	-0.017155	3.671008
74.438687	4882.410896	18.224819	-0.017160	3.669285
74.408797	4877.293468	18.229824	-0.017152	3.667505
74.405165	4871.944998	18.234829	-0.017151	3.665646
74.380141	4866.649253	18.239834	-0.017144	3.663803
74.217227	4861.509474	18.244839	-0.017105	3.662001
74.137456	4856.583741	18.249843	-0.017086	3.660281
74.227464	4851.483352	18.254848	-0.017107	3.658512
74.093938	4846.340498	18.259853	-0.017074	3.656710
74.066784	4841.120944	18.264858	-0.017067	3.654888
74.007464	4836.049583	18.269863	-0.017053	3.653115
74.060407	4830.975181	18.274867	-0.017065	3.651349
73.967512	4826.065289	18.279872	-0.017042	3.649628
73.980646	4820.872115	18.284877	-0.017045	3.647815
73.877763	4815.592426	18.289882	-0.017020	3.645962
73.878435	4810.203891	18.294887	-0.017020	3.644079
73.788260	4805.008722	18.299891	-0.016998	3.642254
73.918872	4800.079595	18.304896	-0.017028	3.640540
73.829467	4795.018608	18.309901	-0.017006	3.638761
73.824523	4789.849723	18.314906	-0.017005	3.636950
73.690565	4784.716371	18.319911	-0.016972	3.635140
73.588874	4779.517286	18.324915	-0.016948	3.633309
73.489807	4774.471496	18.329920	-0.016923	3.631531
73.501234	4769.568678	18.334925	-0.016926	3.629811
73.576920	4764.428594	18.339930	-0.016943	3.628013
73.428943	4759.183512	18.344935	-0.016908	3.626158
73.419369	4753.791281	18.349939	-0.016905	3.624262
73.407471	4748.619899	18.354944	-0.016902	3.622442
73.410965	4743.664740	18.359949	-0.016902	3.620699
73.428536	4738.626965	18.364954	-0.016906	3.618927
73.461794	4733.524024	18.369959	-0.016913	3.617133
73.320975	4728.308236	18.374963	-0.016879	3.615283
73.327872	4723.184970	18.379968	-0.016880	3.613478
73.362233	4718.053153	18.384973	-0.016888	3.611671
73.322254	4713.171968	18.389978	-0.016878	3.609945
73.111472	4708.093380	18.394983	-0.016827	3.608134
73.232347	4702.685631	18.399987	-0.016856	3.606234
73.279807	4697.269442	18.404992	-0.016866	3.604324
73.144962	4691.987977	18.409997	-0.016834	3.602445
73.008280	4687.086489	18.415002	-0.016801	3.600699
73.148888	4681.989182	18.420007	-0.016834	3.598907
72.950295	4676.835359	18.425011	-0.016786	3.597065
73.012197	4671.665480	18.430016	-0.016800	3.595239
72.913489	4666.478507	18.435021	-0.016776	3.593391
72.890369	4661.457021	18.440026	-0.016770	3.591608
72.822552	4656.496481	18.445031	-0.016754	3.589842
72.991028	4651.321374	18.450035	-0.016793	3.588020
72.991617	4646.003711	18.455040	-0.016793	3.586131
72.825602	4640.771874	18.460045	-0.016753	3.584257
72.813797	4635.585742	18.465050	-0.016750	3.582412
72.749307	4630.698603	18.470055	-0.016734	3.580668
72.853784	4625.546986	18.475059	-0.016758	3.578843
72.671907	4620.436800	18.480064	-0.016714	3.577007
72.669610	4615.250971	18.485069	-0.016713	3.575160
72.582078	4610.093179	18.490074	-0.016692	3.573313
72.620308	4605.133768	18.495079	-0.016701	3.571548
72.474201	4600.172352	18.500083	-0.016665	3.569764
72.622188	4594.964384	18.505088	-0.016700	3.567918
72.571828	4589.516136	18.510093	-0.016688	3.565967
72.451168	4584.272497	18.515098	-0.016658	3.564083
72.345249	4579.117940	18.520103	-0.016633	3.562230
72.252916	4574.271570	18.525107	-0.016610	3.560488
72.219070	4569.087913	18.530112	-0.016602	3.558629
72.290207	4563.938534	18.535117	-0.016618	3.556792
72.314514	4558.726723	18.540122	-0.016623	3.554926
72.321487	4553.562844	18.545127	-0.016625	3.553075
72.234914	4548.641486	18.550131	-0.016604	3.551302
72.231506	4543.642868	18.555136	-0.016602	3.549508
72.108291	4538.453085	18.560141	-0.016572	3.547634
71.905268	4533.099106	18.565146	-0.016523	3.545692
72.003779	4527.908605	18.570151	-0.016546	3.543835
72.010562	4522.803446	18.575155	-0.016548	3.542000
72.038657	4517.871721	18.580160	-0.016554	3.540228
71.852440	4512.751242	18.585165	-0.016509	3.538368
71.839031	4507.584480	18.590170	-0.016505	3.536505
71.934274	4502.408994	18.595175	-0.016528	3.534649
71.922528	4497.228204	18.600179	-0.016524	3.532780
71.867148	4492.395843	18.605184	-0.016511	3.531031
71.777039	4487.284005	18.610189	-0.016489	3.529178
71.765143	4482.053399	18.615194	-0.016485	3.527288
71.778422	4476.550687	18.620199	-0.016488	3.525301
71.611486	4471.405118	18.625203	-0.016448	3.523425
71.598739	4466.417117	18.630208	-0.016444	3.521620
71.515244	4461.378641	18.635213	-0.016424	3.519789
71.524479	4456.209303	18.640218	-0.016426	3.517918
71.492764	4451.062431	18.645223	-0.016418	3.516050
71.495383	4445.887325	18.650227	-0.016418	3.514175
71.451889	4440.828936	18.655232	-0.016407	3.512336
71.465642	4435.893908	18.660237	-0.016410	3.510547
71.384295	4430.733342	18.665242	-0.016390	3.508666
71.400290	4425.443759	18.670247	-0.016393	3.506745
71.389125	4420.119227	18.675251	-0.016390	3.504809
71.225937	4415.013473	18.680256	-0.016351	3.502938
71.340622	4410.096335	18.685261	-0.016378	3.501159
71.193557	4404.948213	18.690266	-0.016342	3.499271
71.275228	4399.797676	18.695271	-0.016361	3.497403
71.208814	4394.610037	18.700275	-0.016345	3.495506
71.179009	4389.469093	18.705280	-0.016337	3.493629
71.036771	4384.550027	18.710285	-0.016303	3.491821
71.151395	4379.473062	18.715290	-0.016330	3.489979
71.238340	4374.291191	18.720295	-0.016350	3.488094
70.956524	4368.834408	18.725299	-0.016282	3.486074
70.936858	4363.632295	18.730304	-0.016277	3.484171
70.783780	4358.581052	18.735309	-0.016240	3.482309
70.685398	4353.662012	18.740314	-0.016216	3.480499
70.947070	4348.441474	18.745319	-0.016278	3.478612
70.796680	4343.281884	18.750323	-0.016242	3.476707
70.639415	4338.178853	18.755328	-0.016204	3.474822
70.673977	4332.987541	18.760333	-0.016211	3.472921
70.686159	4328.110887	18.765338	-0.016214	3.471132
70.727451	4322.932710	18.770343	-0.016223	3.469235
70.637012	4317.694755	18.775347	-0.016201	3.467302
70.550228	4312.379019	18.780352	-0.016180	3.465340
70.659454	4307.180347	18.785357	-0.016206	3.463438
70.493043	4302.303835	18.790362	-0.016165	3.461628
70.459312	4297.256357	18.795367	-0.016157	3.459766
70.440527	4292.072256	18.800371	-0.016152	3.457854
70.458593	4286.887581	18.805376	-0.016156	3.455945
70.402400	4281.755973	18.810381	-0.016142	3.454047
70.436220	4276.743847	18.815386	-0.016150	3.452201
70.262116	4271.786510	18.820391	-0.016108	3.450354
70.109235	4266.659196	18.825395	-0.016070	3.448446
70.100403	4261.112154	18.830400	-0.016068	3.446394
70.069044	4255.930290	18.835405	-0.016060	3.444475
70.249587	4250.797603	18.840410	-0.016103	3.442593
70.108307	4245.851006	18.845415	-0.016068	3.440748
70.185614	4240.659159	18.850419	-0.016086	3.438832
69.914829	4235.580223	18.855424	-0.016021	3.436924
69.979600	4230.347686	18.860429	-0.016036	3.434989
69.893941	4225.261708	18.865434	-0.016015	3.433094
69.957229	4220.359848	18.870439	-0.016030	3.431280
69.858485	4215.228152	18.875443	-0.016006	3.429364
69.944224	4209.945429	18.880448	-0.016026	3.427409
69.848732	4204.524173	18.885453	-0.016003	3.425384
69.888093	4199.316473	18.890458	-0.016012	3.423450
69.817290	4194.471109	18.895463	-0.015994	3.421639
69.879927	4189.271487	18.900467	-0.016009	3.419708
69.711706	4184.210304	18.905472	-0.015968	3.417806
69.759299	4178.992741	18.910477	-0.015979	3.415864
69.501002	4173.881905	18.915482	-0.015917	3.413932
69.703998	4168.924519	18.920487	-0.015965	3.412101
69.662754	4163.832082	18.925491	-0.015955	3.410195
69.629330	4158.649475	18.930496	-0.015946	3.408254
69.520080	4153.194785	18.935501	-0.015920	3.406204
69.352363	4148.027898	18.940506	-0.015879	3.404254
69.530673	4143.025657	18.945511	-0.015921	3.402398
69.358306	4137.993303	18.950515	-0.015880	3.400497
69.426502	4132.801778	18.955520	-0.015895	3.398557
69.343384	4127.673095	18.960525	-0.015875	3.396626
69.247682	4122.504872	18.965530	-0.015852	3.394677
69.322031	4117.490173	18.970535	-0.015869	3.392801
69.356742	4112.466043	18.975539	-0.015877	3.390917
69.268425	4107.333736	18.980544	-0.015855	3.388979
69.081200	4101.985230	18.985549	-0.015810	3.386949
69.136171	4096.738943	18.990554	-0.015823	3.384980
69.021730	4091.711191	18.995559	-0.015795	3.383076
69.063328	4086.770914	19.000563	-0.015805	3.381219
68.995393	4081.643195	19.005568	-0.015788	3.379279
69.069620	4076.438497	19.010573	-0.015805	3.377323
68.982089	4071.303625	19.015578	-0.015784	3.375376
68.905657	4066.207709	19.020583	-0.015765	3.373444
68.816192	4061.331247	19.025587	-0.015743	3.371593
68.881709	4056.157935	19.030592	-0.015758	3.369644
68.848743	4050.804491	19.035597	-0.015750	3.367615
68.816115	4045.436057	19.040602	-0.015742	3.365580
68.707419	4040.330514	19.045607	-0.015715	3.363636
68.738456	4035.422137	19.050611	-0.015722	3.361779
68.624162	4030.291792	19.055616	-0.015695	3.359822
68.597036	4025.158179	19.060621	-0.015688	3.357872
68.579544	4019.951046	19.065626	-0.015683	3.355893
68.644603	4014.776364	19.070631	-0.015698	3.353934
68.454183	4009.955615	19.075635	-0.015652	3.352083
68.594554	4004.785970	19.080640	-0.015685	3.350131
68.391747	3999.558975	19.085645	-0.015636	3.348122
68.440333	3994.211995	19.090650	-0.015647	3.346092
68.326605	3989.054955	19.095655	-0.015620	3.344116
68.488075	3984.093357	19.100659	-0.015658	3.342241
68.353913	3979.013956	19.105664	-0.015625	3.340290
68.348342	3973.883393	19.110669	-0.015624	3.338332
68.199602	3968.714135	19.115674	-0.015588	3.336343
68.250635	3963.581331	19.120679	-0.015599	3.334387
68.224921	3958.647213	19.125683	-0.015593	3.332498
68.112447	3953.568987	19.130688	-0.015566	3.330544
68.121461	3948.350932	19.135693	-0.015567	3.328548
68.175379	3942.846281	19.140698	-0.015580	3.326445
68.133125	3937.703518	19.145703	-0.015569	3.324470
68.088188	3932.737100	19.150707	-0.015558	3.322562
68.085006	3927.664925	19.155712	-0.015557	3.320615
68.026862	3922.529725	19.160717	-0.015542	3.318638
67.912229	3917.338568	19.165722	-0.015514	3.316633
67.938410	3912.211693	19.170727	-0.015520	3.314665
67.836993	3907.229483	19.175731	-0.015496	3.312739
67.805727	3902.215456	19.180736	-0.015488	3.310806
67.885914	3897.012784	19.185741	-0.015506	3.308811
67.704420	3891.609404	19.190746	-0.015463	3.306711
67.818213	3886.453631	19.195751	-0.015489	3.304735
67.669001	3881.532342	19.200755	-0.015453	3.302822
67.566865	3876.456744	19.205760	-0.015428	3.300852
67.619406	3871.299590	19.210765	-0.015440	3.298866
67.626440	3866.072775	19.215770	-0.015442	3.296847
67.590757	3860.958158	19.220775	-0.015433	3.294866
67.379471	3856.052154	19.225779	-0.015382	3.292946
67.463283	3850.980451	19.230784	-0.015401	3.290991
67.349091	3845.809612	19.235789	-0.015374	3.288977
67.371441	3840.249783	19.240794	-0.015378	3.286824
67.360259	3835.153950	19.245799	-0.015375	3.284847
67.247895	3830.212767	19.250803	-0.015348	3.282918
67.214373	3825.141018	19.255808	-0.015339	3.280945
67.125572	3819.992264	19.260813	-0.015318	3.278935
67.252772	3814.721722	19.265818	-0.015348	3.276899
67.213240	3809.619989	19.270823	-0.015338	3.274911
67.120513	3804.697524	19.275827	-0.015315	3.272985
67.121463	3799.621578	19.280832	-0.015315	3.271008
67.060906	3794.398539	19.285837	-0.015300	3.268966
67.014953	3788.916380	19.290842	-0.015289	3.266824
67.032564	3783.721581	19.295847	-0.015292	3.264798
66.912191	3778.859443	19.300851	-0.015263	3.262887
66.827481	3773.758989	19.305856	-0.015242	3.260886
66.814752	3768.668787	19.310861	-0.015239	3.258895
66.863126	3763.408956	19.315866	-0.015250	3.256842
66.793947	3758.306702	19.320871	-0.015233	3.254838
66.812745	3753.365735	19.325875	-0.015237	3.252905
66.827491	3748.303743	19.330880	-0.015240	3.250923
66.662025	3743.036089	19.335885	-0.015200	3.248840
66.713642	3737.603860	19.340890	-0.015212	3.246714
66.782810	3732.403350	19.345895	-0.015228	3.244679
66.675733	3727.529872	19.350899	-0.015202	3.242753
66.583306	3722.398160	19.355904	-0.015180	3.240726
66.398866	3717.338872	19.360909	-0.015135	3.238716
66.472536	3712.072221	19.365914	-0.015152	3.236651
66.509398	3706.946384	19.370919	-0.015161	3.234636
66.356611	3702.079116	19.375923	-0.015124	3.232702
66.297492	3696.987764	19.380928	-0.015109	3.230688
66.349255	3691.651420	19.385933	-0.015121	3.228588
66.314615	3686.330761	19.390938	-0.015112	3.226483
66.238632	3681.261717	19.395943	-0.015094	3.224472
66.269732	3676.323269	19.400947	-0.015101	3.222523
66.218380	3671.197831	19.405952	-0.015088	3.220490
66.206947	3666.051461	19.410957	-0.015085	3.218452
66.182454	3660.859880	19.415962	-0.015078	3.216393
66.024487	3655.833726	19.420967	-0.015040	3.214384
66.010699	3650.926010	19.425971	-0.015036	3.212436
65.997163	3645.759308	19.430976	-0.015033	3.210384
66.038980	3640.382859	19.435981	-0.015042	3.208254
65.844114	3635.162856	19.440986	-0.014995	3.206158
65.746175	3630.165752	19.445991	-0.014971	3.204161
65.847755	3625.134158	19.450995	-0.014995	3.202170
65.829252	3619.958710	19.456000	-0.014990	3.200108
65.816732	3614.788114	19.461005	-0.014987	3.198047
65.709284	3609.605931	19.466010	-0.014961	3.195969
65.685674	3604.650844	19.471015	-0.014955	3.193990
65.805627	3599.584733	19.476019	-0.014983	3.191981
65.554325	3594.447708	19.481024	-0.014922	3.189902
65.519457	3589.084212	19.486029	-0.014913	3.187755
65.397750	3583.911094	19.491034	-0.014884	3.185673
65.440611	3578.934446	19.496039	-0.014894	3.183686
65.395483	3573.906925	19.501043	-0.014882	3.181668
65.268487	3568.753827	19.506048	-0.014852	3.179589
65.217221	3563.606066	19.511053	-0.014839	3.177520
65.248533	3558.418135	19.516058	-0.014846	3.175442
65.386262	3553.492162	19.521063	-0.014878	3.173479
65.304570	3548.392164	19.526067	-0.014858	3.171421
65.259297	3543.091456	19.531072	-0.014847	3.169286
65.218780	3537.727092	19.536077	-0.014837	3.167123
65.187532	3532.572436	19.541082	-0.014829	3.165045
65.124155	3527.695748	19.546087	-0.014814	3.163074
65.104399	3522.502756	19.551091	-0.014808	3.160979
65.077404	3517.349246	19.556096	-0.014801	3.158897
64.988653	3512.202153	19.561101	-0.014780	3.156810
64.887580	3507.122162	19.566106	-0.014755	3.154747
64.934019	3502.243706	19.571111	-0.014766	3.152781
64.968924	3497.046495	19.576115	-0.014774	3.150684
64.881858	3491.655610	19.581120	-0.014752	3.148493
64.857559	3486.476330	19.586125	-0.014746	3.146393
64.793951	3481.458444	19.591130	-0.014731	3.144352
64.766721	3476.436144	19.596135	-0.014724	3.142313
64.794683	3471.264229	19.601139	-0.014730	3.140218
64.746261	3466.119857	19.606144	-0.014718	3.138124
64.601353	3460.980931	19.611149	-0.014683	3.136020
64.592631	3456.026020	19.616154	-0.014680	3.134005
64.595688	3450.958267	19.621159	-0.014680	3.131944
64.557026	3445.699877	19.626163	-0.014671	3.129799
64.483946	3440.279921	19.631168	-0.014653	3.127583
64.610404	3435.084369	19.636173	-0.014683	3.125479
64.446189	3430.224281	19.641178	-0.014643	3.123478
64.498433	3424.949704	19.646183	-0.014655	3.121331
64.379702	3419.795539	19.651187	-0.014626	3.119213
64.351897	3414.626646	19.656192	-0.014619	3.117097
64.330127	3409.552698	19.661197	-0.014613	3.115019
64.410755	3404.527759	19.666202	-0.014632	3.112972
64.358431	3399.413368	19.671207	-0.014619	3.110871
64.149329	3394.116684	19.676211	-0.014569	3.108677
64.229728	3388.853142	19.681216	-0.014587	3.106528
64.122535	3383.881754	19.686221	-0.014561	3.104475
64.094974	3378.847519	19.691226	-0.014554	3.102405
64.039730	3373.728649	19.696231	-0.014541	3.100295
63.946486	3368.560093	19.701235	-0.014518	3.098159
64.041827	3363.367755	19.706240	-0.014540	3.096033
63.943031	3358.476209	19.711245	-0.014516	3.094007
63.926911	3353.334655	19.716250	-0.014512	3.091887
63.864114	3348.048413	19.721255	-0.014496	3.089700
63.865533	3342.693604	19.726259	-0.014496	3.087490
63.871677	3337.591475	19.731264	-0.014497	3.085384
63.861370	3332.633364	19.736269	-0.014494	3.083334
63.752744	3327.493875	19.741274	-0.014468	3.081197
63.844815	3322.317848	19.746279	-0.014490	3.079066
63.619235	3317.179754	19.751283	-0.014435	3.076912
63.607869	3312.176853	19.756288	-0.014432	3.074838
63.387239	3307.227515	19.761293	-0.014379	3.072760
63.443973	3302.025830	19.766298	-0.014392	3.070609
63.424897	3296.627229	19.771303	-0.014387	3.068365
63.468177	3291.463749	19.776307	-0.014397	3.066224
63.411612	3286.572739	19.781312	-0.014383	3.064184
63.411915	3281.453809	19.786317	-0.014382	3.062054
63.396481	3276.277636	19.791322	-0.014378	3.059897
63.283745	3271.165349	19.796327	-0.014351	3.057754
63.423533	3266.025553	19.801331	-0.014384	3.055627
63.200144	3261.130285	19.806336	-0.014330	3.053559
63.276453	3255.989121	19.811341	-0.014348	3.051421
63.224971	3250.514691	19.816346	-0.014335	3.049128
63.047524	3245.339526	19.821351	-0.014292	3.046943
63.000232	3240.303859	19.826355	-0.014280	3.044830
62.992006	3235.264448	19.831360	-0.014278	3.042719
63.098354	3230.110647	19.836365	-0.014303	3.040572
62.868571	3224.964247	19.841370	-0.014248	3.038387
62.938005	3219.787966	19.846375	-0.014264	3.036223
62.951961	3214.871034	19.851379	-0.014267	3.034160
62.932016	3209.733036	19.856384	-0.014261	3.031999
62.816150	3204.459513	19.861389	-0.014233	3.029767
62.779981	3199.189692	19.866394	-0.014224	3.027546
62.808942	3194.125471	19.871399	-0.014231	3.025416
62.677558	3189.193765	19.876403	-0.014199	3.023322
62.772458	3183.980328	19.881408	-0.014221	3.021135
62.618415	3178.838766	19.886413	-0.014184	3.018947
62.570006	3173.684432	19.891418	-0.014172	3.016764
62.536757	3168.751831	19.896423	-0.014163	3.014676
62.484104	3163.656953	19.901427	-0.014150	3.012515
62.384573	3158.382884	19.906432	-0.014126	3.010271
62.376205	3153.034652	19.911437	-0.014124	3.008004
62.357895	3147.925933	19.916442	-0.014119	3.005837
62.387635	3142.957377	19.921447	-0.014125	3.003733
62.367967	3137.813668	19.926451	-0.014120	3.001547
62.272608	3132.631279	19.931456	-0.014097	2.999334
62.357835	3127.460943	19.936461	-0.014117	2.997147
62.350322	3122.463012	19.941466	-0.014115	2.995020
62.130955	3117.463598	19.946471	-0.014062	2.992865
62.057180	3112.284367	19.951475	-0.014044	2.990649
62.092665	3106.867839	19.956480	-0.014052	2.988344
62.115221	3101.699064	19.961485	-0.014057	2.986142
62.000916	3096.768949	19.966490	-0.014029	2.984023
62.085000	3091.616415	19.971495	-0.014048	2.981832
62.088878	3086.429179	19.976499	-0.014049	2.979614
61.979887	3081.334141	19.981504	-0.014022	2.977421
61.875886	3076.404003	19.986509	-0.013997	2.975297
61.886800	3071.334666	19.991514	-0.013999	2.973126
61.753548	3066.103516	19.996519	-0.013967	2.970866
61.864570	3060.621933	20.001523	-0.013993	2.968527
61.785849	3055.538155	20.006528	-0.013974	2.966334
61.747248	3050.614423	20.011533	-0.013964	2.964213
61.655756	3045.477186	20.016538	-0.013942	2.961992
61.768924	3040.275847	20.021543	-0.013968	2.959767
61.619456	3035.091985	20.026547	-0.013932	2.957515
61.485595	3030.129904	20.031552	-0.013900	2.955359
61.374447	3025.102785	20.036557	-0.013873	2.953177
61.370255	3019.847823	20.041562	-0.013871	2.950907
61.456156	3014.529893	20.046567	-0.013891	2.948620
61.410785	3009.431255	20.051571	-0.013880	2.946410
61.359758	3004.457080	20.056576	-0.013867	2.944251
61.347320	2999.339290	20.061581	-0.013864	2.942033
61.309553	2994.167113	20.066586	-0.013855	2.939787
61.217513	2989.049766	20.071591	-0.013832	2.937556
61.190078	2984.072351	20.076595	-0.013825	2.935392
61.188323	2978.988487	20.081600	-0.013824	2.933183
60.973414	2973.742954	20.086605	-0.013772	2.930876
60.921924	2968.380702	20.091610	-0.013760	2.928537
60.952399	2963.278679	20.096615	-0.013766	2.926319
60.806969	2958.372316	20.101619	-0.013731	2.924163
60.891278	2953.175068	20.106624	-0.013751	2.921908
60.944964	2947.997777	20.111629	-0.013763	2.919655
60.800884	2942.829379	20.116634	-0.013728	2.917380
60.832505	2937.928517	20.121639	-0.013735	2.915242
60.877370	2932.791230	20.126643	-0.013746	2.913000
60.704490	2927.512633	20.131648	-0.013704	2.910668
60.628546	2922.302213	20.136653	-0.013685	2.908376
60.677372	2917.233522	20.141658	-0.013697	2.906160
60.630609	2912.256089	20.146663	-0.013685	2.903970
60.663319	2907.093100	20.151667	-0.013692	2.901707
60.596438	2901.901188	20.156672	-0.013676	2.899417
60.657832	2896.713127	20.161677	-0.013690	2.897144
60.528418	2891.840417	20.166682	-0.013659	2.894982
60.517013	2886.702638	20.171687	-0.013656	2.892718
60.299241	2881.290374	20.176691	-0.013603	2.890304
60.368646	2876.032781	20.181696	-0.013619	2.887994
60.404855	2871.025083	20.186701	-0.013627	2.885788
60.251667	2865.969590	20.191706	-0.013590	2.883534
60.255316	2860.832998	20.196711	-0.013591	2.881263
60.360115	2855.600510	20.201715	-0.013615	2.878961
60.201594	2850.568571	20.206720	-0.013577	2.876712
60.192017	2845.607110	20.211725	-0.013574	2.874512
60.113717	2840.413387	20.216730	-0.013555	2.872197
60.048218	2835.059185	20.221735	-0.013539	2.869812
59.980735	2829.920749	20.226739	-0.013522	2.867520
59.907846	2824.987342	20.231744	-0.013504	2.865317
59.969731	2819.885893	20.236749	-0.013519	2.863055
59.925633	2814.711476	20.241754	-0.013508	2.860744
59.960346	2809.511238	20.246759	-0.013516	2.858431
59.790397	2804.568077	20.251763	-0.013475	2.856204
59.778705	2799.513384	20.256768	-0.013471	2.853946
59.714713	2794.284515	20.261773	-0.013456	2.851601
59.674347	2788.898835	20.266778	-0.013445	2.849187
59.647962	2783.812779	20.271783	-0.013439	2.846908
59.769450	2778.813614	20.276787	-0.013467	2.844685
59.592241	2773.669799	20.281792	-0.013424	2.842355
59.551707	2768.533353	20.286797	-0.013414	2.840046
59.508223	2763.300490	20.291802	-0.013403	2.837691
59.555015	2758.378164	20.296807	-0.013414	2.835485
59.532346	2753.242006	20.301811	-0.013408	2.833172
59.373119	2747.953931	20.306816	-0.013370	2.830771
59.386681	2742.732580	20.311821	-0.013373	2.828421
59.312193	2737.726949	20.316826	-0.013354	2.826154
59.216160	2732.692971	20.321831	-0.013331	2.823870
59.152636	2727.587204	20.326835	-0.013315	2.821556
59.177339	2722.405138	20.331840	-0.013321	2.819217
59.185718	2717.328066	20.336845	-0.013322	2.816922
59.081177	2712.355947	20.341850	-0.013297	2.814657
59.080134	2707.130756	20.346855	-0.013296	2.812290
58.917464	2701.751837	20.351859	-0.013257	2.809829
59.013625	2696.560600	20.356864	-0.013279	2.807486
58.940980	2691.654315	20.361869	-0.013262	2.805248
58.931726	2686.451792	20.366874	-0.013259	2.802882
58.956162	2681.286240	20.371879	-0.013264	2.800535
58.944457	2676.130886	20.376883	-0.013261	2.798186
58.880266	2671.196707	20.381888	-0.013245	2.795929
58.850786	2666.100271	20.386893	-0.013238	2.793600
58.880404	2660.759537	20.391898	-0.013244	2.791167
58.809228	2655.546174	20.396903	-0.013227	2.788775
58.594854	2650.594702	20.401907	-0.013175	2.786482
58.500855	2645.560604	20.406912	-0.013152	2.784165
58.510324	2640.365167	20.411917	-0.013154	2.781787
58.520657	2635.175272	20.416922	-0.013156	2.779409
58.534834	2630.121304	20.421927	-0.013159	2.777093
58.400460	2625.127864	20.426931	-0.013126	2.774781
58.276191	2619.938051	20.431936	-0.013096	2.772379
58.312822	2614.534039	20.436941	-0.013105	2.769898
58.351296	2609.379670	20.441946	-0.013113	2.767531
58.331597	2604.435265	20.446951	-0.013108	2.765250
58.316603	2599.269558	20.451955	-0.013104	2.762866
58.366341	2594.070797	20.456960	-0.013116	2.760473
58.267644	2588.974748	20.461965	-0.013092	2.758105
58.202503	2584.031742	20.466970	-0.013075	2.755811
58.182951	2578.932283	20.471975	-0.013070	2.753448
58.133155	2573.591529	20.476979	-0.013058	2.750968
58.129242	2568.365797	20.481984	-0.013057	2.748545
58.152454	2563.430508	20.486989	-0.013062	2.746258
57.990085	2558.355110	20.491994	-0.013022	2.743879
57.803625	2553.232974	20.496999	-0.012977	2.741473
57.684377	2548.121514	20.502003	-0.012948	2.739078
57.871758	2543.079112	20.507008	-0.012993	2.736757
57.666916	2538.066418	20.512013	-0.012943	2.734393
57.795889	2532.665902	20.517018	-0.012974	2.731892
57.644650	2527.432333	20.522023	-0.012937	2.729428
57.607613	2522.379764	20.527027	-0.012928	2.727062
57.381404	2517.339546	20.532032	-0.012873	2.724673
57.556897	2512.174149	20.537037	-0.012915	2.722280
57.555979	2506.954842	20.542042	-0.012914	2.719835
57.522172	2501.906495	20.547047	-0.012906	2.717463
57.449799	2496.904066	20.552051	-0.012888	2.715105
57.371988	2491.708997	20.557056	-0.012869	2.712654
57.341779	2486.412766	20.562061	-0.012861	2.710160
57.224485	2481.366434	20.567066	-0.012833	2.707769
57.310926	2476.341565	20.572071	-0.012853	2.705415
57.219549	2471.183835	20.577075	-0.012831	2.702971
57.250627	2465.994636	20.582080	-0.012837	2.700527
57.254646	2460.879715	20.587085	-0.012838	2.698112
57.168746	2455.958861	20.592090	-0.012817	2.695774
57.205689	2450.766518	20.597095	-0.012825	2.693323
57.068743	2445.340656	20.602099	-0.012792	2.690734
56.955385	2440.240196	20.607104	-0.012765	2.688300
56.802945	2435.359467	20.612109	-0.012728	2.685963
56.697518	2430.225038	20.617114	-0.012702	2.683510
56.912738	2424.979512	20.622119	-0.012753	2.681048
56.860530	2419.841762	20.627123	-0.012740	2.678597
56.687206	2414.936068	20.632128	-0.012698	2.676236
56.734790	2409.782688	20.637133	-0.012709	2.673787
56.649766	2404.398673	20.642138	-0.012688	2.671207
56.618359	2399.222637	20.647143	-0.012680	2.668731
56.678568	2394.317545	20.652147	-0.012694	2.666396
56.616894	2389.160675	20.657152	-0.012679	2.663921
56.641683	2383.981132	20.662157	-0.012685	2.661444
56.684582	2378.813928	20.667162	-0.012694	2.658975
56.670218	2373.917401	20.672167	-0.012691	2.656624
56.402175	2368.841491	20.677171	-0.012626	2.654148
56.541218	2363.293647	20.682176	-0.012659	2.651503
56.391771	2358.173602	20.687181	-0.012623	2.649018
56.324668	2353.239872	20.692186	-0.012606	2.646633
56.258397	2348.107026	20.697191	-0.012590	2.644150
56.188958	2342.962530	20.702195	-0.012573	2.641659
56.172824	2337.803478	20.707200	-0.012568	2.639166
56.091695	2332.884766	20.712205	-0.012549	2.636777
56.179513	2327.713317	20.717210	-0.012569	2.634288
56.066713	2322.381882	20.722215	-0.012542	2.631691
56.175462	2317.162774	20.727219	-0.012567	2.629177
55.954373	2312.279425	20.732224	-0.012514	2.626776
55.949419	2307.136477	20.737229	-0.012512	2.624278
55.786880	2301.999942	20.742234	-0.012473	2.621758
55.817821	2296.852048	20.747239	-0.012480	2.619258
55.844226	2291.911347	20.752243	-0.012486	2.616856
55.766831	2286.788210	20.757248	-0.012467	2.614348
55.607105	2281.376648	20.762253	-0.012428	2.611684
55.622338	2276.201559	20.767258	-0.012431	2.609159
55.636091	2271.255676	20.772263	-0.012434	2.606744
55.516004	2266.151538	20.777267	-0.012405	2.604228
55.538101	2260.931140	20.782272	-0.012410	2.601675
55.457732	2255.839209	20.787277	-0.012390	2.599167
55.525801	2250.900406	20.792282	-0.012406	2.596754
55.504375	2245.714028	20.797287	-0.012401	2.594203
55.328353	2240.401175	20.802291	-0.012358	2.591565
55.364240	2235.250430	20.807296	-0.012366	2.589035
55.475181	2230.271385	20.812301	-0.012392	2.586599
55.327282	2225.157144	20.817306	-0.012356	2.584055
55.163268	2220.025151	20.822311	-0.012317	2.581497
55.184217	2214.927083	20.827315	-0.012321	2.578982
55.043357	2209.976153	20.832320	-0.012287	2.576512
55.140044	2204.729743	20.837325	-0.012310	2.573930
54.934427	2199.423801	20.842330	-0.012260	2.571269
55.033571	2194.285068	20.847335	-0.012283	2.568735
54.912538	2189.323155	20.852339	-0.012254	2.566253
54.935525	2184.134953	20.857344	-0.012259	2.563678
54.984982	2178.951002	20.862349	-0.012270	2.561107
54.854211	2173.909250	20.867354	-0.012239	2.558576
54.745511	2168.895169	20.872359	-0.012212	2.556060
54.797055	2163.664978	20.877363	-0.012224	2.553458
54.707933	2158.396050	20.882368	-0.012202	2.550812
54.747437	2153.360011	20.887373	-0.012211	2.548300
54.667493	2148.303783	20.892378	-0.012192	2.545757
54.501443	2143.189577	20.897383	-0.012152	2.543169
54.679028	2137.952321	20.902387	-0.012194	2.540570
54.367825	2133.054265	20.907392	-0.012119	2.538063
54.513693	2127.963569	20.912397	-0.012153	2.535527
54.450397	2122.567665	20.917402	-0.012138	2.532803
54.242508	2117.340118	20.922407	-0.012088	2.530138
54.293857	2112.364689	20.927411	-0.012099	2.527638
54.135972	2107.271955	20.932416	-0.012061	2.525043
54.182800	2102.109315	20.937421	-0.012072	2.522443
54.254605	2096.905649	20.942426	-0.012089	2.519823
54.057070	2092.037849	20.947431	-0.012041	2.517328
54.115883	2086.851193	20.952435	-0.012055	2.514709
54.050503	2081.494706	20.957440	-0.012038	2.511982
53.970849	2076.411829	20.962445	-0.012019	2.509389
54.022018	2071.443982	20.967450	-0.012031	2.506872
53.734649	2066.320536	20.972455	-0.011962	2.504219
53.847610	2061.142125	20.977459	-0.011988	2.501600
53.913040	2056.036190	20.982464	-0.012003	2.499007
53.837807	2051.045655	20.987469	-0.011985	2.496448
53.737628	2045.774294	20.992474	-0.011960	2.493738
53.674778	2040.468715	20.997479	-0.011945	2.491015
53.658523	2035.465838	21.002483	-0.011941	2.488450
53.568650	2030.333724	21.007488	-0.011919	2.485805
53.533297	2025.184026	21.012493	-0.011910	2.483157
53.519590	2020.023055	21.017498	-0.011906	2.480504
53.494397	2015.061739	21.022503	-0.011900	2.477949
53.536570	2009.911432	21.027507	-0.011909	2.475304
53.485497	2004.565351	21.032512	-0.011897	2.472541
53.426253	1999.454039	21.037517	-0.011882	2.469895
53.313602	1994.493040	21.042522	-0.011855	2.467315
53.464248	1989.293720	21.047527	-0.011890	2.464651
53.304351	1984.180593	21.052531	-0.011851	2.461979
53.252670	1979.115995	21.057536	-0.011839	2.459347
53.218967	1974.104155	21.062541	-0.011830	2.456742
53.226413	1968.826325	21.067546	-0.011831	2.454003
53.147705	1963.536081	21.072551	-0.011812	2.451240
53.089393	1958.549156	21.077555	-0.011798	2.448636
52.877363	1953.506806	21.082560	-0.011747	2.445974
52.892767	1948.311582	21.087565	-0.011750	2.443268
53.008838	1943.078517	21.092570	-0.011777	2.440555
52.955652	1938.150070	21.097575	-0.011764	2.437970
52.875407	1933.025459	21.102579	-0.011744	2.435276
52.829493	1927.680421	21.107584	-0.011733	2.432468
52.642100	1922.651182	21.112589	-0.011688	2.429800
52.695731	1917.628659	21.117594	-0.011700	2.427172
52.693299	1912.449597	21.122599	-0.011699	2.424450
52.631955	1907.338205	21.127603	-0.011684	2.421751
52.444832	1902.360168	21.132608	-0.011639	2.419097
52.434184	1897.308078	21.137613	-0.011636	2.416432
52.319424	1891.979668	21.142618	-0.011608	2.413600
52.477637	1886.698642	21.147623	-0.011645	2.410835
52.382902	1881.763214	21.152627	-0.011622	2.408208
52.368711	1876.601605	21.157632	-0.011618	2.405471
52.343625	1871.426663	21.162637	-0.011612	2.402723
52.311841	1866.302969	21.167642	-0.011604	2.399998
52.255581	1861.295294	21.172647	-0.011590	2.397326
52.137646	1856.099003	21.177651	-0.011561	2.394542
52.030095	1850.865420	21.182656	-0.011535	2.391735
52.114998	1845.796478	21.187661	-0.011555	2.389046
51.986287	1840.765508	21.192666	-0.011524	2.386338
51.974201	1835.607341	21.197671	-0.011520	2.383579
52.029368	1830.437324	21.202675	-0.011533	2.380821
51.836235	1825.536044	21.207680	-0.011486	2.378163
51.788765	1820.339352	21.212685	-0.011475	2.375367
51.764515	1814.952902	21.217690	-0.011468	2.372470
51.632063	1809.908864	21.222695	-0.011436	2.369735
51.733745	1804.851978	21.227699	-0.011460	2.367031
51.717897	1799.690238	21.232704	-0.011456	2.364246
51.733687	1794.486357	21.237709	-0.011459	2.361441
51.649848	1789.534627	21.242714	-0.011439	2.358752
51.486508	1784.439658	21.247719	-0.011399	2.355968
51.421425	1779.132540	21.252723	-0.011383	2.353083
51.413746	1774.022023	21.257728	-0.011381	2.350311
51.413312	1769.030199	21.262733	-0.011380	2.347602
51.374235	1763.871274	21.267738	-0.011371	2.344792
51.362011	1758.673859	21.272743	-0.011367	2.341962
51.256806	1753.746675	21.277747	-0.011342	2.339260
51.237007	1748.637210	21.282752	-0.011336	2.336470
51.188284	1743.238513	21.287757	-0.011324	2.333514
51.098197	1738.121569	21.292762	-0.011302	2.330701
51.109263	1733.109359	21.297767	-0.011304	2.327959
51.015576	1727.966571	21.302771	-0.011282	2.325125
50.906109	1722.809851	21.307776	-0.011255	2.322276
51.014734	1717.729751	21.312781	-0.011281	2.319505
50.865212	1712.686369	21.317786	-0.011244	2.316704
50.805166	1707.392186	21.322791	-0.011230	2.313779
50.682710	1702.286002	21.327795	-0.011200	2.310942
50.703459	1697.270548	21.332800	-0.011204	2.308177
50.736248	1692.114682	21.337805	-0.011212	2.305333
50.767982	1686.944629	21.342810	-0.011219	2.302477
50.616280	1681.975818	21.347815	-0.011182	2.299697
50.697601	1676.887406	21.352819	-0.011201	2.296889
50.479619	1671.530812	21.357824	-0.011149	2.293875
50.478456	1666.381580	21.362829	-0.011148	2.291011
50.404975	1661.409107	21.367834	-0.011130	2.288229
50.320884	1656.262578	21.372839	-0.011109	2.285345
50.255938	1651.090450	21.377843	-0.011093	2.282446
50.298951	1646.051232	21.382848	-0.011103	2.279637
50.159733	1641.031416	21.387853	-0.011069	2.276802
50.059364	1635.736769	21.392858	-0.011045	2.273818
50.069543	1630.578394	21.397863	-0.011047	2.270925
50.109732	1625.564915	21.402867	-0.011056	2.268116
49.979590	1620.438919	21.407872	-0.011024	2.265209
49.959671	1615.284862	21.412877	-0.011019	2.262303
50.040620	1610.301018	21.417882	-0.011038	2.259507
49.811642	1605.208661	21.422887	-0.010983	2.256590
49.883163	1599.789527	21.427891	-0.011000	2.253539
49.835241	1594.695394	21.432896	-0.010988	2.250646
49.842108	1589.651222	21.437901	-0.010989	2.247788
49.854405	1584.461358	21.442906	-0.010991	2.244845
49.648792	1579.330936	21.447911	-0.010942	2.241891
49.746288	1574.369467	21.452915	-0.010965	2.239086
49.649671	1569.181303	21.457920	-0.010941	2.236112
49.580205	1563.896163	21.462925	-0.010924	2.233084
49.609199	1558.852001	21.467930	-0.010930	2.230207
49.468867	1553.827758	21.472935	-0.010896	2.227307
49.527462	1548.623908	21.477939	-0.010910	2.224337
49.409290	1543.540875	21.482944	-0.010881	2.221399
49.413767	1538.534027	21.487949	-0.010882	2.218525
49.316214	1533.288476	21.492954	-0.010858	2.215490
49.150028	1528.008813	21.497959	-0.010818	2.212418
49.141000	1523.039349	21.502963	-0.010815	2.209551
49.080833	1517.903578	21.507968	-0.010801	2.206574
49.129843	1512.714180	21.512973	-0.010812	2.203583
49.020126	1507.704935	21.517978	-0.010785	2.200662
49.144631	1502.614882	21.522983	-0.010814	2.197734
48.974607	1497.372951	21.527987	-0.010773	2.194659
48.854488	1492.236802	21.532992	-0.010744	2.191650
48.897611	1487.214297	21.537997	-0.010754	2.188735
48.808234	1482.106499	21.543002	-0.010732	2.185740
48.787406	1476.915795	21.548007	-0.010727	2.182706
48.742246	1471.959350	21.553011	-0.010716	2.179800
48.642296	1466.767843	21.558016	-0.010691	2.176742
48.602858	1461.408794	21.563021	-0.010681	2.173594
48.509310	1456.393559	21.568026	-0.010658	2.170632
48.552593	1451.276295	21.573031	-0.010668	2.167632
48.377183	1446.198610	21.578035	-0.010626	2.164610
48.394536	1441.052396	21.583040	-0.010630	2.161580
48.278664	1436.074300	21.588045	-0.010601	2.158619
48.326880	1430.813475	21.593050	-0.010613	2.155518
48.237053	1425.603267	21.598055	-0.010591	2.152417
48.190789	1420.679767	21.603059	-0.010579	2.149489
48.192903	1415.480155	21.608064	-0.010579	2.146403
48.162155	1410.299047	21.613069	-0.010571	2.143317
48.056976	1405.328267	21.618074	-0.010546	2.140338
48.050399	1400.175393	21.623079	-0.010544	2.137265
47.971025	1394.829646	21.628083	-0.010524	2.134057
47.825512	1389.806937	21.633088	-0.010489	2.131026
47.837577	1384.741279	21.638093	-0.010491	2.127995
47.831672	1379.565417	21.643098	-0.010490	2.124891
47.728119	1374.505068	21.648103	-0.010464	2.121831
47.743560	1369.489475	21.653107	-0.010468	2.118818
47.625174	1364.247098	21.658112	-0.010439	2.115638
47.544690	1359.042626	21.663117	-0.010419	2.112483
47.681785	1354.000825	21.668122	-0.010452	2.109465
47.521046	1348.903575	21.673127	-0.010413	2.106350
47.599835	1343.717285	21.678131	-0.010431	2.103224
47.448860	1338.779959	21.683136	-0.010395	2.100198
47.248158	1333.619268	21.688141	-0.010346	2.097022
47.354989	1328.272803	21.693146	-0.010371	2.093790
47.305081	1323.252417	21.698151	-0.010359	2.090721
47.243182	1318.176430	21.703155	-0.010344	2.087610
47.195934	1313.000878	21.708160	-0.010332	2.084437
47.184600	1307.939851	21.713165	-0.010329	2.081337
47.133621	1302.855710	21.718170	-0.010316	2.078210
47.069973	1297.553543	21.723175	-0.010300	2.074941
47.066352	1292.470466	21.728179	-0.010299	2.071814
47.022276	1287.426174	21.733184	-0.010288	2.068699
46.891487	1282.299114	21.738189	-0.010256	2.065509
46.840389	1277.217801	21.743194	-0.010244	2.062360
46.888849	1272.197763	21.748199	-0.010255	2.059264
46.701709	1266.946171	21.753203	-0.010210	2.055971
46.677213	1261.735896	21.758208	-0.010203	2.052732
46.581916	1256.722693	21.763213	-0.010180	2.049596
46.468714	1251.574858	21.768218	-0.010152	2.046367
46.425358	1246.408038	21.773223	-0.010142	2.043136
46.492698	1241.439662	21.778227	-0.010157	2.040047
46.396191	1236.246931	21.783232	-0.010134	2.036779
46.353237	1230.998497	21.788237	-0.010123	2.033482
46.306002	1226.054061	21.793242	-0.010111	2.030369
46.286085	1220.883801	21.798247	-0.010106	2.027115
46.294388	1215.737483	21.803251	-0.010108	2.023877
46.156098	1210.758764	21.808256	-0.010074	2.020709
46.049792	1205.549338	21.813261	-0.010048	2.017397
46.000624	1200.260717	21.818266	-0.010036	2.014041
45.921598	1195.256746	21.823271	-0.010017	2.010854
45.871305	1190.142058	21.828275	-0.010004	2.007597
45.834132	1184.979306	21.833280	-0.009995	2.004308
45.839447	1179.959814	21.838285	-0.009996	2.001113
45.846146	1174.807965	21.843290	-0.009997	1.997829
45.801740	1169.539290	21.848295	-0.009986	1.994454
45.758165	1164.503783	21.853299	-0.009975	1.991222
45.683576	1159.402149	21.858304	-0.009957	1.987937
45.687897	1154.235970	21.863309	-0.009957	1.984621
45.514182	1149.288104	21.868314	-0.009915	1.981402
45.652047	1144.073427	21.873319	-0.009948	1.978073
45.562574	1138.769212	21.878323	-0.009926	1.974632
45.406744	1133.782256	21.883328	-0.009888	1.971375
45.275651	1128.701890	21.888333	-0.009856	1.968058
45.373523	1123.501984	21.893338	-0.009879	1.964707
45.272089	1118.533512	21.898343	-0.009855	1.961458
45.227043	1113.384956	21.903347	-0.009843	1.958098
45.043469	1108.145778	21.908352	-0.009799	1.954643
45.159208	1103.093590	21.913357	-0.009826	1.951370
45.024335	1098.026850	21.918362	-0.009794	1.948026
44.991122	1092.844300	21.923367	-0.009785	1.944624
45.060342	1087.836040	21.928371	-0.009801	1.941352
44.859636	1082.701754	21.933376	-0.009753	1.937932
44.810674	1077.459351	21.938381	-0.009741	1.934469
44.758032	1072.463293	21.943386	-0.009728	1.931161
44.635860	1067.333092	21.948391	-0.009698	1.927744
44.495786	1062.233895	21.953395	-0.009664	1.924336
44.493179	1057.240510	21.958400	-0.009663	1.921024
44.504863	1051.970863	21.963405	-0.009665	1.917526
44.498964	1046.752353	21.968410	-0.009663	1.914051
44.292429	1041.801596	21.973415	-0.009614	1.910703
44.189493	1036.714059	21.978419	-0.009588	1.907282
44.296964	1031.498300	21.983424	-0.009614	1.903816
44.242737	1026.490993	21.988429	-0.009600	1.900447
44.125297	1021.248294	21.993434	-0.009572	1.896899
44.040923	1016.095180	21.998439	-0.009551	1.893412
44.087394	1011.026776	22.003443	-0.009562	1.890006
44.131493	1005.832466	22.008448	-0.009572	1.886509
43.896921	1000.831444	22.013453	-0.009515	1.883072
43.833413	995.789452	22.018458	-0.009500	1.879640
43.751639	990.493276	22.023463	-0.009480	1.876024
43.816672	985.418503	22.028467	-0.009495	1.872587
43.845101	980.305435	22.033472	-0.009501	1.869108
43.528196	975.221606	22.038477	-0.009425	1.865563
43.601067	970.203610	22.043482	-0.009442	1.862147
43.614611	964.989624	22.048487	-0.009445	1.858576
43.663677	959.656184	22.053491	-0.009456	1.854925
43.372278	954.725249	22.058496	-0.009386	1.851463
43.263553	949.603762	22.063501	-0.009359	1.847907
43.211828	944.500628	22.068506	-0.009347	1.844370
43.271853	939.439197	22.073511	-0.009361	1.840881
43.308151	934.168204	22.078515	-0.009369	1.837235
43.161574	929.062077	22.083520	-0.009333	1.833653
43.097523	924.026239	22.088525	-0.009317	1.830132
43.027052	918.871299	22.093530	-0.009300	1.826520
43.092007	913.807915	22.098535	-0.009315	1.822997
42.963489	908.721931	22.103539	-0.009284	1.819405
42.884928	903.420145	22.108544	-0.009265	1.815667
42.865521	898.386883	22.113549	-0.009260	1.812123
42.856904	893.250428	22.118554	-0.009257	1.808503
42.800770	888.119254	22.123559	-0.009243	1.804868
42.814538	883.107339	22.128563	-0.009246	1.801327
42.659090	877.881799	22.133568	-0.009209	1.797586
42.642501	872.732715	22.138573	-0.009204	1.793925
42.446187	867.742991	22.143578	-0.009157	1.790327
42.440458	862.588320	22.148583	-0.009155	1.786650
42.359117	857.568976	22.153587	-0.009135	1.783044
42.222082	852.436453	22.158592	-0.009102	1.779336
42.207244	847.136440	22.163597	-0.009098	1.775530
42.179027	842.121961	22.168602	-0.009091	1.771918
42.036814	837.010440	22.173607	-0.009056	1.768200
42.172277	831.863912	22.178611	-0.009088	1.764518
42.019161	826.837875	22.183616	-0.009051	1.760844
41.869147	821.600943	22.188621	-0.009015	1.757010
41.839275	816.561859	22.193626	-0.009007	1.753341
41.782400	811.448155	22.198631	-0.008993	1.749603
41.751331	806.307712	22.203635	-0.008985	1.745845
41.762908	801.278866	22.208640	-0.008988	1.742171
41.621465	796.053773	22.213645	-0.008953	1.738306
41.753852	790.824887	22.218650	-0.008984	1.734499
41.542436	785.837800	22.223655	-0.008933	1.730775
41.602323	780.637913	22.228659	-0.008947	1.726955
41.398293	775.675244	22.233664	-0.008898	1.723234
41.394080	770.493073	22.238669	-0.008897	1.719394
41.281463	765.307713	22.243674	-0.008869	1.715515
41.238254	760.296122	22.248679	-0.008858	1.711774
41.205877	755.142929	22.253683	-0.008850	1.707922
41.003757	750.117247	22.258688	-0.008801	1.704114
41.029424	744.994273	22.263693	-0.008807	1.700282
40.941235	739.701354	22.268698	-0.008786	1.696285
40.856529	734.675829	22.273703	-0.008765	1.692480
40.846390	729.553465	22.278707	-0.008762	1.688613
40.716932	724.456605	22.283712	-0.008731	1.684726
40.680686	719.407324	22.288717	-0.008721	1.680890
40.486953	714.184679	22.293722	-0.008675	1.676872
40.635673	709.075660	22.298727	-0.008710	1.673021
40.676919	703.950227	22.303731	-0.008719	1.669120
40.496922	698.870255	22.308736	-0.008676	1.665187
40.449355	693.846505	22.313741	-0.008664	1.661322
40.428845	688.519600	22.318746	-0.008659	1.657223
40.315585	683.490752	22.323751	-0.008631	1.653318
40.215804	678.404008	22.328755	-0.008607	1.649363
40.135788	673.301962	22.333760	-0.008587	1.645392
40.178346	668.245743	22.338765	-0.008597	1.641479
40.005260	663.004543	22.343770	-0.008555	1.637356
39.941755	657.977400	22.348775	-0.008539	1.633418
39.948109	652.847431	22.353779	-0.008540	1.629410
39.930336	647.727497	22.358784	-0.008536	1.625393
39.739520	642.728567	22.363789	-0.008490	1.621413
39.678842	637.401912	22.368794	-0.008475	1.617202
39.558519	632.395818	22.373799	-0.008445	1.613216
39.478038	627.283965	22.378803	-0.008426	1.609148
39.520650	622.146013	22.383808	-0.008436	1.605082
39.352570	617.107870	22.388813	-0.008395	1.601027
39.313144	611.861951	22.393818	-0.008385	1.596832
39.247016	606.864893	22.398823	-0.008369	1.592818
39.282188	601.672705	22.403827	-0.008377	1.588665
39.098817	596.662727	22.408832	-0.008332	1.584586
39.028354	591.525100	22.413837	-0.008315	1.580426
38.929207	586.313449	22.418842	-0.008291	1.576187
38.944030	581.242191	22.423847	-0.008294	1.572082
38.803376	576.133060	22.428851	-0.008260	1.567892
38.634474	571.143872	22.433856	-0.008219	1.563781
38.640258	565.933434	22.438861	-0.008220	1.559527
38.553696	560.810385	22.443866	-0.008199	1.555307
38.458918	555.759820	22.448871	-0.008176	1.551133
38.429585	550.624886	22.453875	-0.008168	1.546896
38.400858	545.600494	22.458880	-0.008161	1.542740
38.080961	540.372410	22.463885	-0.008084	1.538319
38.273707	535.246269	22.468890	-0.008130	1.534120
38.042800	530.151991	22.473895	-0.008074	1.529811
38.130929	525.039508	22.478899	-0.008095	1.525569
38.006996	519.954195	22.483904	-0.008065	1.521275
37.892077	514.769183	22.488909	-0.008037	1.516888
37.878939	509.736681	22.493914	-0.008033	1.512647
37.757501	504.606389	22.498919	-0.008004	1.508279
37.735931	499.575858	22.503923	-0.007998	1.504013
37.575595	494.372851	22.508928	-0.007959	1.499546
37.648061	489.183335	22.513933	-0.007976	1.495148
37.510338	484.141052	22.518938	-0.007943	1.490799
37.420612	479.038541	22.523943	-0.007921	1.486400
37.413160	473.962554	22.528947	-0.007918	1.482036
37.303943	468.752847	22.533952	-0.007892	1.477513
37.087133	463.779720	22.538957	-0.007840	1.473148
37.109536	458.612602	22.543962	-0.007845	1.468674
37.053648	453.595916	22.548967	-0.007831	1.464294
36.858477	448.406458	22.553971	-0.007784	1.459707
36.805157	443.289512	22.558976	-0.007770	1.455213
36.637928	438.212609	22.563981	-0.007730	1.450704
36.554540	433.148657	22.568986	-0.007710	1.446219
36.614245	427.976771	22.573991	-0.007723	1.441670
36.464154	422.827101	22.578995	-0.007687	1.437060
36.479157	417.778891	22.584000	-0.007690	1.432577
36.284210	412.662964	22.589005	-0.007643	1.427953
36.290484	407.637146	22.594010	-0.007644	1.423459
36.202216	402.336217	22.599015	-0.007623	1.418673
36.118963	397.311601	22.604019	-0.007602	1.414122
36.058577	392.186647	22.609024	-0.007587	1.409473
35.951358	387.152489	22.614029	-0.007561	1.404876
35.874330	381.980803	22.619034	-0.007542	1.400148
35.747464	376.902386	22.624039	-0.007512	1.395473
35.596818	371.850585	22.629043	-0.007475	1.390799
35.526911	366.770704	22.634048	-0.007458	1.386110
35.396976	361.635034	22.639053	-0.007426	1.381333
35.313349	356.464299	22.644058	-0.007406	1.376523
35.261910	351.382231	22.649063	-0.007393	1.371789
35.219940	346.273898	22.654067	-0.007383	1.367017
35.172658	341.180981	22.659072	-0.007371	1.362241
35.167969	335.976199	22.664077	-0.007369	1.357358
34.937637	330.980555	22.669082	-0.007314	1.352578
34.880989	325.852061	22.674087	-0.007300	1.347714
34.884351	320.775185	22.679091	-0.007300	1.342902
34.722083	315.571037	22.684096	-0.007261	1.337895
34.518553	310.572482	22.689101	-0.007212	1.333052
34.407411	305.483974	22.694106	-0.007185	1.328136
34.367948	300.414900	22.699111	-0.007175	1.323245
34.266829	295.214255	22.704115	-0.007150	1.318188
34.225921	290.164101	22.709120	-0.007140	1.313278
34.067352	285.085789	22.714125	-0.007102	1.308281
33.986412	280.041032	22.719130	-0.007082	1.303325
33.788090	274.884412	22.724135	-0.007034	1.298199
33.804914	269.820562	22.729139	-0.007038	1.293220
33.689418	264.699879	22.734144	-0.007009	1.288119
33.631302	259.618307	22.739149	-0.006995	1.283057
33.529067	254.461569	22.744154	-0.006970	1.277883
33.393454	249.415184	22.749159	-0.006937	1.272788
33.282145	244.338613	22.754163	-0.006910	1.267650
33.265618	239.200807	22.759168	-0.006906	1.262464
33.020828	234.092471	22.764173	-0.006847	1.257203
32.905131	229.024107	22.769178	-0.006819	1.252008
32.898129	223.916717	22.774183	-0.006817	1.246791
32.759537	218.787335	22.779187	-0.006783	1.241481
32.657015	213.702489	22.784192	-0.006758	1.236208
32.444855	208.647825	22.789197	-0.006707	1.230902
32.416556	203.595159	22.794202	-0.006700	1.225644
32.351016	198.329348	22.799207	-0.006684	1.220127
32.115950	193.345230	22.804211	-0.006627	1.214817
32.101504	188.199350	22.809216	-0.006623	1.209396
31.846918	183.197023	22.814221	-0.006562	1.204012
31.782839	178.017914	22.819226	-0.006546	1.198487
31.674114	172.966096	22.824231	-0.006519	1.193057
31.568723	167.898225	22.829235	-0.006494	1.187585
31.434070	162.763338	22.834240	-0.006461	1.182005
31.220167	157.687752	22.839245	-0.006410	1.176431
31.146544	152.585507	22.844250	-0.006391	1.170857
31.139611	147.517492	22.849255	-0.006389	1.165319
30.871551	142.378699	22.854259	-0.006325	1.159574
30.920528	137.288428	22.859264	-0.006336	1.153980
30.787456	132.211225	22.864269	-0.006304	1.148301
30.493247	127.171593	22.869274	-0.006233	1.142570
30.288390	122.077554	22.874279	-0.006184	1.136786
30.244246	116.950830	22.879283	-0.006173	1.131001
30.192812	111.901595	22.884288	-0.006160	1.125270
30.015283	106.746262	22.889293	-0.006117	1.119337
29.792390	101.742459	22.894298	-0.006063	1.113528
29.720995	96.666432	22.899303	-0.006046	1.107668
29.498219	91.530115	22.904307	-0.005992	1.101644
29.374184	86.472603	22.909312	-0.005962	1.095719
28.959216	81.486025	22.914317	-0.005862	1.089722
28.745338	76.437922	22.919322	-0.005810	1.083706
28.635182	71.328611	22.924327	-0.005784	1.077627
28.401027	66.289075	22.929331	-0.005727	1.071544
28.120826	61.315176	22.934336	-0.005660	1.065484
27.821802	56.173065	22.939341	-0.005588	1.059179
27.575917	51.157145	22.944346	-0.005529	1.053012
27.473635	46.103254	22.949351	-0.005504	1.046826
27.096737	41.038150	22.954355	-0.005413	1.040468
26.678856	36.102850	22.959360	-0.005313	1.034212
26.293865	31.138977	22.964365	-0.005220	1.027897
26.126046	25.991342	22.969370	-0.005180	1.021412
25.740888	21.025920	22.974375	-0.005087	1.015015
25.283054	16.075467	22.979379	-0.004977	1.008563
24.818877	11.073511	22.984384	-0.004866	1.002001
24.357384	6.144950	22.989389	-0.004755	0.995490
23.621691	1.307888	22.994394	-0.004578	0.988926
16.255864	-1.214657	22.999399	-0.002816	0.982189
