Thu Mar 05 21:44:28 2026

Number of Points = 4598
Depth (nm)	Load (µN)	Time (s)	Disp. Voltage(V)	Force Voltage(V)0.000000	4.256310	0.000000	0.001343	0.984712
0.279180	9.265028	0.005005	0.001276	0.991315
0.547192	14.275118	0.010010	0.001211	0.997870
0.825298	19.327189	0.015014	0.001144	1.004440
0.913120	24.406773	0.020019	0.001122	1.010915
1.142463	29.445163	0.025024	0.001067	1.017362
1.464640	34.482830	0.030029	0.000989	1.023809
1.582956	39.568512	0.035034	0.000960	1.030183
1.836768	44.611972	0.040038	0.000899	1.036527
1.920370	49.682144	0.045043	0.000878	1.042789
2.157508	54.758875	0.050048	0.000821	1.049089
2.314410	59.828677	0.055053	0.000783	1.055309
2.362342	64.902823	0.060058	0.000770	1.061449
2.580945	70.047390	0.065062	0.000717	1.067712
2.795139	75.067921	0.070067	0.000666	1.073789
2.717250	80.172144	0.075072	0.000684	1.079806
3.077547	85.253576	0.080077	0.000597	1.085950
3.244673	90.257727	0.085082	0.000556	1.091886
3.324615	95.367053	0.090086	0.000536	1.097876
3.500410	100.487075	0.095091	0.000494	1.103886
3.618381	105.560576	0.100096	0.000465	1.109786
3.922249	110.587403	0.105101	0.000391	1.115678
4.042224	115.627878	0.110106	0.000362	1.121479
4.104681	120.796450	0.115110	0.000346	1.127371
4.228214	125.864176	0.120115	0.000316	1.133145
4.417146	130.883127	0.125120	0.000270	1.138860
4.609805	136.054693	0.130125	0.000224	1.144719
4.819444	141.049240	0.135130	0.000173	1.150358
4.876016	146.171351	0.140134	0.000159	1.156050
4.777984	151.297182	0.145139	0.000181	1.161656
5.162900	156.339111	0.150144	0.000089	1.167334
5.278372	161.402100	0.155149	0.000060	1.172902
5.318696	166.471696	0.160154	0.000050	1.178422
5.446104	171.661725	0.165158	0.000019	1.184079
5.457389	176.746699	0.170163	0.000016	1.189552
5.638566	181.824997	0.175168	-0.000028	1.195057
5.785929	186.848426	0.180173	-0.000064	1.200467
5.979193	191.984315	0.185178	-0.000111	1.205988
6.132870	197.016330	0.190182	-0.000149	1.211360
6.146608	202.138111	0.195187	-0.000152	1.216749
6.354431	207.240755	0.200192	-0.000203	1.222168
6.564971	212.330201	0.205197	-0.000254	1.227550
6.653232	217.401183	0.210202	-0.000276	1.232843
6.882840	222.412295	0.215206	-0.000331	1.238105
6.979444	227.579652	0.220211	-0.000355	1.243456
6.963265	232.666739	0.225216	-0.000352	1.248660
7.149074	237.745760	0.230221	-0.000397	1.253908
7.274214	242.761163	0.235226	-0.000427	1.259048
7.562201	247.951377	0.240230	-0.000497	1.264402
7.631170	252.974635	0.245235	-0.000514	1.269487
7.605120	258.139605	0.250240	-0.000509	1.274660
7.793894	263.136687	0.255245	-0.000554	1.279721
7.989663	268.303289	0.260250	-0.000602	1.284932
8.043936	273.353968	0.265254	-0.000615	1.289958
8.141792	278.471469	0.270259	-0.000640	1.295046
8.329191	283.486843	0.275264	-0.000685	1.300044
8.472990	288.649705	0.280269	-0.000720	1.305153
8.561997	293.663321	0.285274	-0.000742	1.310077
8.622648	298.781029	0.290278	-0.000757	1.315074
8.737299	303.820363	0.295283	-0.000785	1.319995
8.989788	308.956678	0.300288	-0.000846	1.325038
9.102822	313.977988	0.305293	-0.000874	1.329904
9.051174	319.130618	0.310298	-0.000862	1.334822
9.241287	324.141449	0.315302	-0.000908	1.339668
9.372170	329.380704	0.320307	-0.000940	1.344694
9.434737	334.401336	0.325312	-0.000956	1.349472
9.566996	339.515994	0.330317	-0.000988	1.354344
9.625132	344.530811	0.335322	-0.001003	1.359081
9.822457	349.740038	0.340326	-0.001051	1.364029
9.966962	354.704103	0.345331	-0.001086	1.368713
10.025670	359.861848	0.350336	-0.001101	1.373533
10.168798	364.867424	0.355341	-0.001136	1.378223
10.141082	370.175695	0.360346	-0.001130	1.383120
10.441983	375.126004	0.365350	-0.001202	1.387778
10.389931	380.289826	0.370355	-0.001190	1.392502
10.599639	385.281497	0.375360	-0.001241	1.397137
10.694889	390.455767	0.380365	-0.001265	1.401886
10.768938	395.528944	0.385370	-0.001283	1.406520
10.877428	400.604196	0.390374	-0.001310	1.411152
10.975320	405.684625	0.395379	-0.001334	1.415770
11.027646	410.820665	0.400384	-0.001347	1.420409
11.054484	416.037851	0.405389	-0.001354	1.425097
11.336336	420.993988	0.410394	-0.001422	1.429617
11.340232	426.148056	0.415398	-0.001424	1.434211
11.398421	431.177004	0.420403	-0.001438	1.438697
11.602696	436.370402	0.425408	-0.001488	1.443360
11.591478	441.406276	0.430413	-0.001486	1.447802
11.574853	446.576242	0.435418	-0.001482	1.452346
11.634985	451.630006	0.440422	-0.001497	1.456799
11.775503	456.827595	0.445427	-0.001532	1.461388
12.098227	461.841436	0.450432	-0.001610	1.465858
12.142400	466.937086	0.455437	-0.001621	1.470301
12.194885	472.025085	0.460442	-0.001634	1.474726
12.236671	477.103439	0.465446	-0.001645	1.479127
12.474747	482.262067	0.470451	-0.001702	1.483643
12.555986	487.257228	0.475456	-0.001722	1.487957
12.785426	492.340702	0.480461	-0.001778	1.492379
12.720222	497.418748	0.485466	-0.001763	1.496695
12.851672	502.630176	0.490470	-0.001795	1.501171
13.026442	507.710068	0.495475	-0.001837	1.505535
13.141720	512.748599	0.500480	-0.001866	1.509834
13.071876	517.922896	0.505485	-0.001850	1.514180
13.228545	522.926288	0.510490	-0.001888	1.518437
13.218533	528.194792	0.515494	-0.001886	1.522855
13.401339	533.162169	0.520499	-0.001930	1.527065
13.488944	538.287738	0.525504	-0.001952	1.531368
13.637876	543.327648	0.530509	-0.001988	1.535605
13.781961	548.462300	0.535514	-0.002023	1.539908
13.783388	553.694473	0.540518	-0.002024	1.544237
13.776181	558.753214	0.545523	-0.002023	1.548410
14.100785	563.792976	0.550528	-0.002102	1.552651
14.118728	568.832578	0.555533	-0.002107	1.556792
14.217471	574.030230	0.560538	-0.002131	1.561075
14.341559	579.094977	0.565542	-0.002161	1.565244
14.431888	584.154065	0.570547	-0.002184	1.569389
14.519740	589.267930	0.575552	-0.002205	1.573566
14.652625	594.274784	0.580557	-0.002238	1.577659
14.692301	599.590692	0.585562	-0.002248	1.581963
14.759254	604.626561	0.590566	-0.002264	1.586039
14.769040	609.745189	0.595571	-0.002267	1.590154
14.976106	614.774636	0.600576	-0.002318	1.594243
15.019994	619.870338	0.605581	-0.002329	1.598328
15.063559	625.097857	0.610586	-0.002340	1.602508
15.158420	630.094997	0.615590	-0.002363	1.606508
15.224798	635.229091	0.620595	-0.002380	1.610599
15.330547	640.294875	0.625600	-0.002406	1.614636
15.442979	645.435304	0.630605	-0.002433	1.618724
15.529727	650.682564	0.635610	-0.002455	1.622879
15.630744	655.669110	0.640614	-0.002479	1.626822
15.715648	660.794375	0.645619	-0.002500	1.630860
15.740414	665.844301	0.650624	-0.002507	1.634813
15.779346	670.985777	0.655629	-0.002517	1.638832
15.872215	676.173478	0.660634	-0.002540	1.642891
16.122767	681.106892	0.665638	-0.002600	1.646785
16.072923	686.294887	0.670643	-0.002589	1.650787
16.252162	691.316063	0.675648	-0.002633	1.654711
16.339247	696.450058	0.680653	-0.002654	1.658688
16.453551	701.674528	0.685658	-0.002682	1.662733
16.534801	706.669003	0.690662	-0.002702	1.666583
16.637530	711.789702	0.695667	-0.002728	1.670525
16.790980	716.807975	0.700672	-0.002765	1.674394
16.820196	721.932901	0.705677	-0.002773	1.678303
16.931752	727.145307	0.710682	-0.002800	1.682290
16.962452	732.162110	0.715686	-0.002808	1.686099
16.965707	737.315761	0.720691	-0.002809	1.689995
17.110699	742.365467	0.725696	-0.002845	1.693841
17.204179	747.442078	0.730701	-0.002868	1.697685
17.244118	752.758198	0.735706	-0.002878	1.701686
17.343628	757.772943	0.740710	-0.002902	1.705467
17.485375	762.842509	0.745715	-0.002937	1.709292
17.671387	767.902047	0.750720	-0.002982	1.713113
17.588913	772.978536	0.755725	-0.002963	1.716868
17.691271	778.225617	0.760730	-0.002988	1.720789
17.814028	783.236362	0.765734	-0.003018	1.724532
17.993628	788.300106	0.770739	-0.003062	1.728320
18.108599	793.419825	0.775744	-0.003090	1.732124
18.201912	798.408839	0.780749	-0.003113	1.735819
18.192398	803.712722	0.785754	-0.003111	1.739710
18.300250	808.816235	0.790758	-0.003138	1.743476
18.463139	813.823500	0.795763	-0.003177	1.747178
18.388801	818.996201	0.800768	-0.003160	1.750932
18.604483	823.979137	0.805773	-0.003212	1.754613
18.603552	829.171362	0.810778	-0.003213	1.758385
18.692817	834.357193	0.815782	-0.003235	1.762165
18.921688	839.288422	0.820787	-0.003290	1.765789
18.981968	844.460504	0.825792	-0.003305	1.769537
19.092838	849.533000	0.830797	-0.003333	1.773218
19.009661	854.635365	0.835802	-0.003313	1.776865
19.083358	859.960276	0.840806	-0.003332	1.780702
19.063629	864.980667	0.845811	-0.003328	1.784291
19.059534	870.114311	0.850816	-0.003327	1.787957
19.411573	875.156767	0.855821	-0.003412	1.791637
19.445970	880.153663	0.860826	-0.003421	1.795200
19.427338	885.404009	0.865830	-0.003417	1.798923
19.511049	890.534345	0.870835	-0.003438	1.802578
19.581435	895.546899	0.875840	-0.003455	1.806139
19.762302	900.676340	0.880845	-0.003499	1.809803
19.869986	905.695956	0.885850	-0.003526	1.813363
19.922963	910.813544	0.890854	-0.003539	1.816973
19.917909	916.135558	0.895859	-0.003539	1.820705
20.077382	921.107770	0.900864	-0.003577	1.824224
20.141770	926.225863	0.905869	-0.003593	1.827815
20.157504	931.364585	0.910874	-0.003598	1.831402
20.295176	936.342154	0.915878	-0.003631	1.834899
20.338257	941.568010	0.920883	-0.003642	1.838539
20.499792	946.701574	0.925888	-0.003682	1.842136
20.590941	951.682914	0.930893	-0.003704	1.845604
20.524927	956.865997	0.935898	-0.003689	1.849168
20.694349	961.927419	0.940902	-0.003730	1.852696
20.779539	966.955450	0.945907	-0.003751	1.856175
20.870132	972.323634	0.950912	-0.003774	1.859882
20.968569	977.349947	0.955917	-0.003798	1.863350
20.999623	982.422023	0.960922	-0.003806	1.866826
21.054435	987.562133	0.965926	-0.003820	1.870348
21.300279	992.518660	0.970931	-0.003879	1.873783
21.251461	997.711962	0.975936	-0.003868	1.877304
21.246695	1002.987062	0.980941	-0.003868	1.880885
21.283903	1007.945349	0.985946	-0.003877	1.884253
21.398080	1013.076849	0.990950	-0.003905	1.887751
21.444508	1018.214715	0.995955	-0.003917	1.891230
21.655478	1023.134005	1.000960	-0.003968	1.894594
21.662039	1028.461059	1.005965	-0.003970	1.898179
21.866928	1033.581143	1.010970	-0.004020	1.901663
21.761967	1038.611617	1.015974	-0.003995	1.905011
21.977030	1043.726449	1.020979	-0.004047	1.908482
21.977563	1048.851062	1.025984	-0.004048	1.911905
21.987160	1053.889931	1.030989	-0.004051	1.915266
22.093466	1059.118261	1.035994	-0.004077	1.918769
22.285222	1064.197619	1.040998	-0.004124	1.922186
22.271659	1069.259643	1.046003	-0.004121	1.925540
22.399875	1074.373403	1.051008	-0.004153	1.928954
22.408648	1079.468179	1.056013	-0.004155	1.932322
22.392681	1084.543459	1.061018	-0.004152	1.935666
22.620682	1089.815046	1.066022	-0.004207	1.939188
22.631446	1094.870368	1.071027	-0.004211	1.942513
22.813825	1099.866239	1.076032	-0.004255	1.945832
22.785430	1105.041263	1.081037	-0.004249	1.949215
22.908219	1110.050984	1.086042	-0.004279	1.952518
23.106821	1115.100337	1.091046	-0.004327	1.955858
23.142848	1120.393066	1.096051	-0.004336	1.959315
22.962379	1125.477622	1.101056	-0.004294	1.962583
23.116490	1130.527186	1.106061	-0.004331	1.965896
23.239244	1135.674458	1.111066	-0.004361	1.969260
23.337773	1140.659639	1.116070	-0.004385	1.972509
23.330490	1145.789839	1.121075	-0.004384	1.975822
23.450830	1151.109977	1.126080	-0.004414	1.979280
23.608093	1156.121473	1.131085	-0.004452	1.982541
23.706311	1161.160846	1.136090	-0.004476	1.985802
23.878054	1166.285512	1.141094	-0.004518	1.989129
23.826093	1171.357335	1.146099	-0.004506	1.992367
23.768472	1176.439260	1.151104	-0.004493	1.995606
24.012927	1181.680512	1.156109	-0.004552	1.999006
24.115239	1186.692860	1.161114	-0.004577	2.002224
24.104745	1191.794662	1.166118	-0.004575	2.005470
24.171197	1196.941503	1.171123	-0.004592	2.008755
24.213988	1202.012377	1.176128	-0.004603	2.011982
24.270195	1207.072406	1.181133	-0.004617	2.015199
24.219896	1212.504070	1.186138	-0.004606	2.018624
24.516795	1217.441862	1.191142	-0.004677	2.021804
24.503598	1222.501008	1.196147	-0.004675	2.024991
24.531413	1227.655240	1.201152	-0.004682	2.028241
24.586670	1232.745990	1.206157	-0.004696	2.031452
24.716781	1237.759702	1.211162	-0.004728	2.034625
24.778215	1243.035838	1.216166	-0.004743	2.037943
24.919484	1248.122001	1.221171	-0.004778	2.041154
24.792330	1253.183805	1.226176	-0.004748	2.044288
24.953642	1258.320921	1.231181	-0.004787	2.047525
25.036638	1263.415475	1.236186	-0.004808	2.050713
25.284606	1268.324579	1.241190	-0.004868	2.053816
25.193406	1273.680963	1.246195	-0.004846	2.057121
25.344494	1278.853663	1.251200	-0.004883	2.060357
25.413559	1283.827937	1.256205	-0.004900	2.063449
25.475333	1288.973742	1.261210	-0.004916	2.066640
25.530146	1294.119213	1.266214	-0.004930	2.069825
25.636699	1299.074659	1.271219	-0.004956	2.072899
25.662044	1304.277041	1.276224	-0.004962	2.076103
25.716680	1309.537851	1.281229	-0.004976	2.079344
25.663593	1314.536170	1.286234	-0.004964	2.082397
25.823566	1319.613064	1.291238	-0.005003	2.085537
25.913702	1324.735100	1.296243	-0.005025	2.088686
25.894962	1329.781827	1.301248	-0.005021	2.091762
25.956265	1334.908009	1.306253	-0.005037	2.094898
26.075053	1340.244294	1.311258	-0.005066	2.098168
26.134155	1345.301620	1.316262	-0.005081	2.101253
26.348067	1350.290687	1.321267	-0.005132	2.104322
26.311625	1355.473074	1.326272	-0.005124	2.107454
26.438349	1360.550274	1.331277	-0.005155	2.110550
26.384496	1365.556322	1.336282	-0.005143	2.113562
26.773088	1370.705500	1.341286	-0.005237	2.116745
26.660140	1375.951111	1.346291	-0.005210	2.119881
26.673342	1380.904428	1.351296	-0.005214	2.122862
26.750331	1386.059701	1.356301	-0.005233	2.125973
26.825821	1391.191025	1.361306	-0.005252	2.129064
26.936401	1396.169087	1.366310	-0.005279	2.132066
26.905733	1401.382727	1.371315	-0.005272	2.135177
27.034355	1406.688821	1.376320	-0.005304	2.138370
27.086962	1411.729620	1.381325	-0.005317	2.141385
27.199830	1416.775129	1.386330	-0.005345	2.144411
27.289805	1421.872402	1.391334	-0.005367	2.147458
27.267601	1426.990297	1.396339	-0.005362	2.150491
27.435849	1431.969502	1.401344	-0.005403	2.153475
27.497048	1437.245455	1.406349	-0.005419	2.156610
27.551656	1442.406528	1.411354	-0.005432	2.159671
27.579163	1447.389815	1.416358	-0.005439	2.162618
27.764428	1452.518383	1.421363	-0.005484	2.165676
27.726411	1457.671021	1.426368	-0.005476	2.168701
27.859588	1462.653714	1.431373	-0.005509	2.171656
27.851615	1467.840007	1.436378	-0.005507	2.174698
27.902436	1473.205206	1.441382	-0.005520	2.177852
28.044816	1478.200031	1.446387	-0.005555	2.180803
27.986898	1483.249929	1.451392	-0.005542	2.183744
28.095813	1488.382546	1.456397	-0.005568	2.186760
28.213312	1493.490585	1.461402	-0.005597	2.189760
28.328002	1498.452051	1.466406	-0.005625	2.192670
28.266737	1503.730874	1.471411	-0.005611	2.195727
28.424402	1508.910510	1.476416	-0.005650	2.198764
28.410544	1513.910965	1.481421	-0.005647	2.201660
28.520844	1519.032766	1.486426	-0.005674	2.204646
28.597463	1524.171184	1.491430	-0.005693	2.207631
28.588085	1529.261221	1.496435	-0.005691	2.210568
28.745295	1534.232668	1.501440	-0.005730	2.213465
28.695097	1539.631533	1.506445	-0.005718	2.216564
28.755944	1544.797326	1.511450	-0.005733	2.219546
28.884602	1549.724522	1.516454	-0.005765	2.222400
28.873533	1554.903352	1.521459	-0.005763	2.225368
28.907987	1560.035333	1.526464	-0.005772	2.228314
29.097607	1565.030188	1.531469	-0.005818	2.231206
29.244737	1570.108030	1.536474	-0.005854	2.234134
29.166069	1575.444799	1.541478	-0.005836	2.237165
29.329519	1580.503398	1.546483	-0.005875	2.240077
29.389568	1585.500291	1.551488	-0.005890	2.242931
29.561610	1590.644394	1.556493	-0.005932	2.245886
29.519802	1595.784688	1.561498	-0.005923	2.248796
29.581100	1600.730468	1.566502	-0.005938	2.251611
29.588072	1605.999409	1.571507	-0.005940	2.254595
29.793996	1611.248135	1.576512	-0.005990	2.257600
29.858764	1616.297773	1.581517	-0.006006	2.260463
29.901380	1621.341332	1.586522	-0.006017	2.263314
29.950114	1626.496370	1.591526	-0.006030	2.266226
30.072808	1631.614238	1.596531	-0.006060	2.269127
30.101930	1636.559770	1.601536	-0.006067	2.271911
30.213860	1641.784574	1.606541	-0.006095	2.274862
30.278910	1647.010141	1.611546	-0.006111	2.277802
30.235847	1652.033879	1.616550	-0.006101	2.280605
30.323588	1657.139079	1.621555	-0.006123	2.283475
30.308027	1662.259064	1.626560	-0.006120	2.286330
30.320345	1667.381241	1.631565	-0.006123	2.289188
30.552188	1672.300723	1.636570	-0.006180	2.291968
30.543217	1677.586499	1.641574	-0.006178	2.294906
30.555485	1682.913286	1.646579	-0.006182	2.297867
30.652463	1687.882135	1.651584	-0.006206	2.300641
30.824699	1692.916355	1.656589	-0.006247	2.303460
30.839048	1698.111071	1.661594	-0.006251	2.306338
30.867437	1703.205468	1.666598	-0.006259	2.309158
30.863970	1708.209352	1.671603	-0.006259	2.311920
30.885453	1713.444678	1.676608	-0.006265	2.314810
31.014439	1718.680804	1.681613	-0.006296	2.317716
31.119372	1723.665432	1.686618	-0.006322	2.320476
31.076781	1728.727978	1.691622	-0.006312	2.323249
31.124903	1733.897655	1.696627	-0.006324	2.326094
31.320064	1738.973115	1.701632	-0.006372	2.328909
31.369243	1743.976754	1.706637	-0.006384	2.331657
31.336946	1749.258927	1.711642	-0.006377	2.334538
31.332413	1754.569356	1.716646	-0.006377	2.337437
31.525386	1759.553248	1.721651	-0.006424	2.340189
31.507135	1764.634573	1.726656	-0.006420	2.342953
31.619725	1769.788135	1.731661	-0.006447	2.345776
31.588451	1774.939773	1.736666	-0.006441	2.348570
31.762508	1779.853979	1.741670	-0.006483	2.351267
31.843425	1785.057144	1.746675	-0.006503	2.354102
31.910376	1790.318389	1.751680	-0.006520	2.356962
31.888354	1795.394567	1.756685	-0.006515	2.359704
31.929798	1800.383584	1.761690	-0.006526	2.362406
32.050742	1805.536029	1.766694	-0.006555	2.365207
32.073665	1810.691309	1.771699	-0.006561	2.367989
32.217602	1815.587896	1.776704	-0.006596	2.370649
32.301559	1820.763592	1.781709	-0.006617	2.373446
32.398649	1826.119285	1.786714	-0.006641	2.376339
32.395173	1831.226330	1.791718	-0.006641	2.379078
32.564501	1836.206919	1.796723	-0.006682	2.381775
32.385127	1841.434236	1.801728	-0.006640	2.384542
32.585070	1846.524259	1.806733	-0.006688	2.387297
32.594529	1851.539015	1.811738	-0.006691	2.389976
32.661328	1856.609490	1.816742	-0.006708	2.392691
32.763683	1861.938113	1.821747	-0.006733	2.395547
32.831058	1867.069334	1.826752	-0.006750	2.398289
32.930269	1872.000086	1.831757	-0.006774	2.400926
32.873578	1877.147106	1.836762	-0.006761	2.403649
32.978881	1882.271140	1.841766	-0.006787	2.406384
33.105256	1887.349887	1.846771	-0.006818	2.409095
33.145576	1892.383067	1.851776	-0.006828	2.411765
33.259772	1897.687878	1.856781	-0.006856	2.414588
33.179922	1902.969026	1.861786	-0.006838	2.417362
33.197560	1907.955301	1.866790	-0.006843	2.419994
33.339351	1913.015538	1.871795	-0.006877	2.422683
33.382668	1918.157030	1.876800	-0.006888	2.425395
33.395305	1923.305937	1.881805	-0.006892	2.428103
33.556517	1928.245435	1.886810	-0.006931	2.430723
33.639423	1933.442258	1.891814	-0.006952	2.433462
33.726311	1938.705163	1.896819	-0.006973	2.436233
33.741937	1943.763053	1.901824	-0.006977	2.438882
33.847400	1948.795535	1.906829	-0.007003	2.441529
34.004682	1953.845390	1.911834	-0.007042	2.444191
33.947245	1959.023959	1.916838	-0.007029	2.446882
34.029697	1964.009579	1.921843	-0.007049	2.449493
34.074213	1969.115419	1.926848	-0.007060	2.452157
34.024434	1974.519935	1.931853	-0.007049	2.454958
34.211318	1979.676520	1.936858	-0.007094	2.457666
34.089369	1984.646238	1.941862	-0.007066	2.460224
34.204734	1989.775859	1.946867	-0.007094	2.462900
34.310313	1994.905136	1.951872	-0.007120	2.465572
34.274352	2000.053507	1.956877	-0.007112	2.468227
34.379279	2005.014229	1.961882	-0.007138	2.470806
34.379825	2010.258371	1.966886	-0.007139	2.473512
34.643732	2015.470212	1.971891	-0.007202	2.476240
34.663346	2020.487226	1.976896	-0.007208	2.478825
34.586047	2025.576804	1.981901	-0.007190	2.481430
34.699910	2030.727569	1.986906	-0.007218	2.484094
34.737187	2035.863988	1.991910	-0.007227	2.486736
34.811957	2040.852505	1.996915	-0.007246	2.489305
34.826289	2045.941312	2.001920	-0.007250	2.491913
34.900435	2051.340812	2.006925	-0.007268	2.494686
34.992841	2056.532186	2.011930	-0.007291	2.497353
35.012707	2061.437160	2.016934	-0.007297	2.499860
35.088592	2066.627075	2.021939	-0.007315	2.502518
35.204697	2071.701793	2.026944	-0.007344	2.505121
35.353134	2076.803114	2.031949	-0.007380	2.507740
35.304726	2081.797411	2.036954	-0.007369	2.510271
35.435841	2086.977188	2.041958	-0.007401	2.512922
35.403684	2092.313289	2.046963	-0.007394	2.515623
35.451671	2097.355875	2.051968	-0.007406	2.518186
35.641980	2102.313183	2.056973	-0.007452	2.520725
35.556572	2107.534077	2.061978	-0.007433	2.523352
35.719436	2112.625267	2.066982	-0.007472	2.525949
35.616863	2117.738729	2.071987	-0.007448	2.528513
35.667671	2122.765198	2.076992	-0.007461	2.531055
35.784464	2128.058557	2.081997	-0.007490	2.533739
35.892606	2133.310595	2.087002	-0.007516	2.536397
35.933874	2138.274050	2.092006	-0.007527	2.538898
36.022979	2143.332158	2.097011	-0.007549	2.541451
35.982873	2148.527520	2.102016	-0.007540	2.544051
36.100242	2153.661438	2.107021	-0.007569	2.546641
36.196090	2158.593227	2.112026	-0.007592	2.549124
36.255566	2163.698220	2.117030	-0.007607	2.551686
36.241592	2169.072743	2.122035	-0.007604	2.554369
36.330064	2174.231623	2.127040	-0.007626	2.556956
36.336320	2179.171098	2.132045	-0.007628	2.559420
36.420025	2184.310686	2.137050	-0.007649	2.561992
36.473723	2189.463158	2.142054	-0.007663	2.564564
36.602317	2194.591487	2.147059	-0.007694	2.567132
36.661657	2199.511044	2.152064	-0.007709	2.569584
36.569910	2204.776525	2.157069	-0.007687	2.572182
36.883636	2210.054343	2.162074	-0.007763	2.574845
36.992323	2215.130429	2.167078	-0.007790	2.577374
37.021461	2220.052196	2.172083	-0.007797	2.579812
36.924124	2225.206830	2.177088	-0.007775	2.582344
37.115714	2230.338842	2.182093	-0.007821	2.584906
37.166483	2235.427092	2.187098	-0.007834	2.587423
37.047490	2240.446206	2.192102	-0.007806	2.589878
37.110371	2245.653538	2.197107	-0.007822	2.592450
37.215190	2250.928513	2.202112	-0.007848	2.595059
37.418941	2255.952456	2.207117	-0.007897	2.597557
37.574926	2260.894439	2.212122	-0.007935	2.600006
37.443072	2266.095887	2.217126	-0.007904	2.602536
37.476628	2271.271169	2.222131	-0.007913	2.605075
37.702256	2276.288078	2.227136	-0.007968	2.607564
37.757389	2281.290448	2.232141	-0.007981	2.610017
37.848102	2286.544140	2.237146	-0.008004	2.612596
37.754901	2291.918791	2.242150	-0.007982	2.615204
37.927268	2296.938878	2.247155	-0.008024	2.617677
37.910850	2301.924543	2.252160	-0.008021	2.620102
37.902030	2307.142055	2.257165	-0.008019	2.622639
38.137189	2312.221131	2.262170	-0.008076	2.625142
37.904302	2317.310792	2.267174	-0.008021	2.627579
38.073539	2322.280618	2.272179	-0.008062	2.630014
38.084685	2327.542407	2.277184	-0.008066	2.632566
38.064277	2332.836652	2.282189	-0.008061	2.635126
38.223707	2337.849155	2.287194	-0.008100	2.637574
38.313312	2342.833338	2.292198	-0.008122	2.639996
38.232233	2348.055831	2.297203	-0.008104	2.642505
38.210046	2353.208358	2.302208	-0.008099	2.644987
38.352172	2358.240292	2.307213	-0.008134	2.647433
38.533274	2363.222299	2.312218	-0.008178	2.649858
38.513787	2368.529601	2.317222	-0.008174	2.652408
38.613447	2373.871838	2.322227	-0.008198	2.654989
38.766002	2378.881209	2.327232	-0.008235	2.657416
38.851908	2383.859431	2.332237	-0.008256	2.659817
38.814872	2389.047612	2.337242	-0.008248	2.662297
38.703414	2394.235090	2.342246	-0.008222	2.664765
38.841523	2399.291044	2.347251	-0.008256	2.667203
38.999411	2404.249627	2.352256	-0.008294	2.669595
39.040691	2409.492035	2.357261	-0.008305	2.672104
39.079753	2414.775426	2.362266	-0.008315	2.674630
39.109075	2419.797372	2.367270	-0.008323	2.677027
39.187840	2424.770194	2.372275	-0.008342	2.679406
39.312586	2429.867548	2.377280	-0.008372	2.681849
39.277555	2435.090126	2.382285	-0.008365	2.684326
39.350854	2440.172340	2.387290	-0.008383	2.686750
39.357572	2445.134399	2.392294	-0.008385	2.689104
39.276420	2450.412645	2.397299	-0.008366	2.691595
39.415993	2455.774368	2.402304	-0.008401	2.694153
39.578349	2460.832661	2.407309	-0.008440	2.696570
39.684313	2465.756588	2.412314	-0.008466	2.698912
39.710981	2470.931600	2.417318	-0.008473	2.701360
39.648916	2476.146606	2.422323	-0.008459	2.703811
39.748025	2481.250279	2.427328	-0.008483	2.706231
39.883750	2486.141313	2.432333	-0.008516	2.708554
39.966681	2491.286782	2.437338	-0.008537	2.710987
39.980311	2496.651059	2.442342	-0.008541	2.713511
40.063401	2501.807306	2.447347	-0.008561	2.715944
40.049028	2506.727221	2.452352	-0.008559	2.718251
40.209161	2511.825482	2.457357	-0.008597	2.720664
40.278982	2517.003424	2.462362	-0.008615	2.723100
40.211348	2522.195841	2.467366	-0.008599	2.725520
40.445145	2527.090854	2.472371	-0.008656	2.727842
40.436193	2532.179122	2.477376	-0.008654	2.730218
40.395493	2537.615200	2.482381	-0.008645	2.732750
40.477281	2542.828127	2.487386	-0.008666	2.735193
40.523413	2547.781584	2.492390	-0.008677	2.737508
40.720252	2552.823041	2.497395	-0.008725	2.739882
40.654834	2558.019803	2.502400	-0.008710	2.742291
40.663767	2563.178071	2.507405	-0.008713	2.744689
40.762406	2568.174855	2.512410	-0.008737	2.747023
40.768006	2573.207723	2.517414	-0.008739	2.749359
40.851608	2578.464860	2.522419	-0.008760	2.751808
40.866632	2583.705342	2.527424	-0.008764	2.754237
40.956878	2588.786982	2.532429	-0.008786	2.756601
41.013272	2593.782448	2.537434	-0.008800	2.758918
41.053542	2598.868075	2.542438	-0.008811	2.761273
41.070571	2604.091520	2.547443	-0.008815	2.763687
41.148472	2609.188331	2.552448	-0.008835	2.766048
41.189662	2614.121489	2.557453	-0.008845	2.768327
41.457306	2619.260122	2.562458	-0.008910	2.770729
41.354832	2624.712885	2.567462	-0.008886	2.773223
41.368453	2629.913799	2.572467	-0.008890	2.775615
41.532146	2634.759749	2.577472	-0.008930	2.777863
41.537997	2639.907706	2.582477	-0.008932	2.780225
41.526224	2645.095929	2.587482	-0.008930	2.782602
41.538037	2650.200442	2.592486	-0.008933	2.784942
41.670841	2655.184016	2.597491	-0.008966	2.787241
41.652322	2660.252080	2.602496	-0.008962	2.789556
41.757058	2665.545611	2.607501	-0.008988	2.791988
41.776151	2670.756237	2.612506	-0.008993	2.794369
41.838445	2675.764058	2.617510	-0.009008	2.796662
41.953060	2680.808535	2.622515	-0.009036	2.798976
42.035469	2685.931920	2.627520	-0.009057	2.801320
41.958691	2691.132031	2.632525	-0.009039	2.803676
42.094418	2696.178950	2.637530	-0.009072	2.805988
42.220506	2701.140108	2.642534	-0.009103	2.808259
42.313102	2706.327877	2.647539	-0.009126	2.810625
42.224345	2711.853859	2.652544	-0.009105	2.813119
42.293438	2716.960393	2.657549	-0.009122	2.815442
42.333910	2721.851913	2.662554	-0.009133	2.817662
42.438127	2726.955728	2.667558	-0.009158	2.819984
42.468938	2732.175238	2.672563	-0.009166	2.822347
42.471064	2737.294827	2.677568	-0.009168	2.824659
42.621324	2742.253241	2.682573	-0.009204	2.826917
42.620687	2747.344540	2.687578	-0.009205	2.829212
42.556972	2752.676210	2.692582	-0.009190	2.831605
42.801059	2757.858172	2.697587	-0.009249	2.833970
42.731737	2762.933727	2.702592	-0.009233	2.836243
42.910415	2767.830079	2.707597	-0.009277	2.838467
42.875917	2773.018222	2.712602	-0.009269	2.840792
42.873516	2778.202585	2.717606	-0.009269	2.843118
42.937825	2783.326365	2.722611	-0.009285	2.845423
42.879857	2788.268375	2.727616	-0.009272	2.847629
42.981570	2793.400552	2.732621	-0.009297	2.849939
43.104878	2798.870079	2.737626	-0.009327	2.852401
43.062483	2804.047496	2.742630	-0.009318	2.854709
43.317081	2808.942915	2.747635	-0.009379	2.856928
43.250799	2814.055003	2.752640	-0.009364	2.859200
43.323354	2819.213275	2.757645	-0.009382	2.861508
43.425419	2824.318748	2.762650	-0.009407	2.863796
43.410595	2829.404194	2.767654	-0.009404	2.866057
43.566059	2834.368845	2.772659	-0.009442	2.868285
43.682382	2839.585024	2.777664	-0.009470	2.870617
43.584248	2844.954503	2.782669	-0.009448	2.872989
43.621415	2850.060142	2.787674	-0.009457	2.875258
43.789582	2854.938640	2.792678	-0.009498	2.877442
43.730630	2860.146493	2.797683	-0.009485	2.879741
43.742849	2865.307437	2.802688	-0.009488	2.882027
43.941554	2870.416166	2.807693	-0.009536	2.884312
43.913879	2875.442829	2.812698	-0.009530	2.886529
43.994317	2880.492882	2.817702	-0.009550	2.888769
44.224318	2885.820657	2.822707	-0.009606	2.891149
44.178511	2891.146502	2.827712	-0.009596	2.893491
44.206816	2896.174336	2.832717	-0.009603	2.895709
44.345569	2901.067578	2.837722	-0.009637	2.897881
44.319025	2906.228338	2.842726	-0.009631	2.900147
44.396392	2911.404255	2.847731	-0.009650	2.902431
44.501428	2916.512258	2.852736	-0.009676	2.904688
44.405554	2921.480244	2.857741	-0.009654	2.906855
44.440432	2926.624944	2.862746	-0.009663	2.909115
44.508733	2931.947943	2.867750	-0.009680	2.911456
44.629184	2937.143884	2.872755	-0.009709	2.913745
44.740747	2942.130170	2.877760	-0.009737	2.915940
44.746325	2947.155147	2.882765	-0.009739	2.918137
44.785121	2952.334522	2.887770	-0.009749	2.920404
44.809788	2957.462609	2.892774	-0.009755	2.922645
45.154986	2962.502960	2.897779	-0.009839	2.924887
45.362884	2967.370427	2.902784	-0.009889	2.927034
45.353563	2972.555193	2.907789	-0.009887	2.929290
45.403614	2978.034130	2.912794	-0.009900	2.931680
45.496065	2983.174848	2.917798	-0.009923	2.933926
45.499535	2988.152441	2.922803	-0.009924	2.936089
45.574652	2993.171390	2.927808	-0.009943	2.938277
45.581359	2998.375074	2.932813	-0.009945	2.940534
45.676573	3003.504732	2.937818	-0.009969	2.942769
45.744150	3008.614534	2.942822	-0.009985	2.944991
45.782133	3013.547621	2.947827	-0.009995	2.947130
45.761940	3018.727788	2.952832	-0.009991	2.949368
45.909942	3024.097133	2.957837	-0.010027	2.951706
45.886918	3029.268071	2.962842	-0.010022	2.953936
45.899428	3034.229299	2.967846	-0.010026	2.956078
45.973156	3039.267884	2.972851	-0.010044	2.958259
46.034540	3044.402929	2.977856	-0.010059	2.960479
46.161388	3049.548524	2.982861	-0.010090	2.962710
46.138694	3054.656586	2.987866	-0.010086	2.964904
46.221088	3059.577077	2.992870	-0.010106	2.967029
46.277627	3064.756476	2.997875	-0.010120	2.969261
46.475826	3070.237015	3.002880	-0.010168	2.971637
46.527729	3075.365406	3.007885	-0.010181	2.973843
46.475501	3080.364076	3.012890	-0.010170	2.975979
46.380779	3085.463759	3.017894	-0.010148	2.978151
46.686667	3090.560241	3.022899	-0.010221	2.980369
46.775045	3095.714590	3.027904	-0.010243	2.982584
46.647055	3100.908832	3.032909	-0.010213	2.984788
46.626522	3105.872181	3.037914	-0.010209	2.986905
46.871503	3110.944317	3.042918	-0.010268	2.989098
46.989129	3116.246976	3.047923	-0.010297	2.991373
46.827124	3121.424989	3.052928	-0.010259	2.993560
47.030617	3126.331208	3.057933	-0.010308	2.995673
46.949883	3131.423002	3.062938	-0.010290	2.997829
46.966934	3136.589121	3.067942	-0.010294	3.000028
47.135194	3141.730846	3.072947	-0.010335	3.002232
47.193700	3146.857514	3.077952	-0.010350	3.004415
47.258804	3151.769592	3.082957	-0.010366	3.006507
47.217188	3156.972505	3.087962	-0.010357	3.008707
47.278010	3162.428933	3.092966	-0.010372	3.011025
47.319771	3167.602019	3.097971	-0.010383	3.013220
47.472787	3172.567972	3.102976	-0.010420	3.015338
47.512389	3177.571033	3.107981	-0.010430	3.017458
47.554772	3182.769856	3.112986	-0.010441	3.019658
47.491778	3187.948234	3.117990	-0.010426	3.021836
47.675166	3193.086668	3.122995	-0.010471	3.024025
47.695248	3197.965953	3.128000	-0.010476	3.026084
47.620193	3203.152774	3.133005	-0.010459	3.028259
47.772100	3208.471515	3.138010	-0.010496	3.030515
47.817956	3213.667463	3.143014	-0.010508	3.032706
47.816598	3218.735554	3.148019	-0.010508	3.034835
47.830624	3223.708412	3.153024	-0.010512	3.036925
47.861832	3228.862958	3.158029	-0.010520	3.039092
47.973656	3234.019372	3.163034	-0.010548	3.041267
47.999060	3239.155380	3.168038	-0.010554	3.043422
47.979814	3244.152447	3.173043	-0.010550	3.045513
48.041181	3249.225080	3.178048	-0.010566	3.047642
48.131362	3254.540430	3.183053	-0.010588	3.049876
48.304443	3259.846168	3.188058	-0.010630	3.052113
48.314868	3264.953912	3.193062	-0.010633	3.054247
48.385915	3269.870833	3.198067	-0.010651	3.056307
48.429629	3275.015232	3.203072	-0.010662	3.058457
48.360246	3280.221190	3.208077	-0.010646	3.060618
48.567323	3285.327877	3.213082	-0.010696	3.062768
48.540841	3290.327971	3.218086	-0.010691	3.064846
48.591021	3295.361824	3.223091	-0.010703	3.066945
48.620800	3300.576229	3.228096	-0.010711	3.069115
48.802256	3305.871544	3.233101	-0.010755	3.071334
48.782638	3311.068117	3.238106	-0.010751	3.073488
48.845934	3315.935587	3.243110	-0.010767	3.075514
48.893106	3321.076111	3.248115	-0.010779	3.077649
48.983611	3326.224730	3.253120	-0.010801	3.079792
49.039725	3331.368449	3.258125	-0.010815	3.081926
48.988896	3336.520638	3.263130	-0.010804	3.084051
49.111911	3341.411001	3.268134	-0.010834	3.086086
49.181325	3346.570674	3.273139	-0.010851	3.088224
49.077047	3352.075213	3.278144	-0.010827	3.090484
49.205595	3357.228861	3.283149	-0.010858	3.092624
49.391577	3362.236008	3.288154	-0.010903	3.094708
49.420063	3367.228949	3.293158	-0.010911	3.096768
49.543994	3372.379346	3.298163	-0.010941	3.098901
49.398413	3377.577798	3.303168	-0.010907	3.101022
49.470163	3382.722468	3.308173	-0.010925	3.103145
49.544362	3387.649460	3.313178	-0.010943	3.105176
49.506255	3392.745549	3.318182	-0.010935	3.107263
49.631628	3398.014495	3.323187	-0.010965	3.109438
49.556987	3403.318967	3.328192	-0.010948	3.111604
49.627338	3408.427569	3.333197	-0.010966	3.113704
49.765705	3413.345311	3.338202	-0.010999	3.115732
49.918966	3418.403465	3.343206	-0.011037	3.117819
49.844349	3423.644226	3.348211	-0.011020	3.119952
49.863248	3428.805347	3.353216	-0.011025	3.122062
50.013981	3433.727722	3.358221	-0.011061	3.124088
50.015977	3438.719689	3.363226	-0.011063	3.126125
50.047359	3443.847775	3.368230	-0.011071	3.128219
50.082400	3449.406120	3.373235	-0.011080	3.130487
50.165911	3454.566148	3.378240	-0.011100	3.132597
50.285690	3459.493211	3.383245	-0.011130	3.134615
50.207262	3464.595632	3.388250	-0.011112	3.136680
50.300731	3469.727088	3.393254	-0.011135	3.138775
50.294460	3474.897921	3.398259	-0.011134	3.140874
50.340517	3480.034723	3.403264	-0.011145	3.142963
50.396687	3484.977298	3.408269	-0.011160	3.144973
50.443635	3490.104414	3.413274	-0.011171	3.147056
50.557047	3495.308477	3.418278	-0.011199	3.149176
50.520906	3500.632790	3.423283	-0.011191	3.151326
50.676373	3505.736686	3.428288	-0.011229	3.153408
50.681727	3510.613148	3.433293	-0.011231	3.155379
50.926769	3515.726234	3.438298	-0.011290	3.157471
50.821630	3520.950375	3.443302	-0.011266	3.159568
50.810868	3526.132732	3.448307	-0.011264	3.161656
50.831340	3531.204577	3.453312	-0.011269	3.163703
50.872890	3536.168496	3.458317	-0.011280	3.165707
51.067688	3541.293066	3.463322	-0.011327	3.167791
51.021019	3546.777475	3.468326	-0.011317	3.169992
51.075572	3552.001826	3.473331	-0.011331	3.172098
51.132893	3557.002681	3.478336	-0.011345	3.174114
51.231668	3561.965862	3.483341	-0.011369	3.176117
51.340992	3567.099814	3.488346	-0.011396	3.178189
51.215563	3572.291829	3.493350	-0.011367	3.180257
51.379241	3577.441108	3.498355	-0.011406	3.182338
51.430093	3582.424896	3.503360	-0.011419	3.184339
51.516679	3587.395866	3.508365	-0.011441	3.186338
51.555397	3592.685245	3.513370	-0.011451	3.188457
51.585907	3598.026499	3.518374	-0.011459	3.190595
51.588272	3603.174118	3.523379	-0.011460	3.192651
51.509181	3608.156268	3.528384	-0.011441	3.194631
51.565715	3613.240086	3.533389	-0.011456	3.196665
51.718173	3618.384168	3.538394	-0.011493	3.198732
51.698785	3623.539079	3.543398	-0.011489	3.200784
51.856751	3628.665655	3.548403	-0.011527	3.202842
51.799442	3633.605908	3.553408	-0.011514	3.204801
51.917552	3638.722335	3.558413	-0.011543	3.206848
52.047010	3644.056725	3.563418	-0.011575	3.208982
52.167403	3649.257965	3.568422	-0.011604	3.211060
52.222653	3654.366923	3.573427	-0.011618	3.213094
52.224209	3659.255052	3.578432	-0.011619	3.215032
52.324385	3664.366893	3.583437	-0.011644	3.217069
52.167256	3669.659559	3.588442	-0.011607	3.219149
52.313875	3674.753621	3.593446	-0.011643	3.221181
52.400735	3679.811829	3.598451	-0.011664	3.223191
52.476310	3684.726971	3.603456	-0.011683	3.225142
52.503533	3689.877114	3.608461	-0.011690	3.227180
52.388660	3695.342499	3.613466	-0.011663	3.229326
52.543532	3700.466521	3.618470	-0.011701	3.231364
52.529366	3705.550660	3.623475	-0.011698	3.233368
52.581991	3710.485250	3.628480	-0.011711	3.235318
52.762762	3715.587393	3.633485	-0.011755	3.237347
52.779467	3720.750418	3.638490	-0.011760	3.239381
52.631383	3725.961774	3.643494	-0.011725	3.241415
52.870879	3730.914133	3.648499	-0.011783	3.243387
52.988445	3735.960372	3.653504	-0.011812	3.245382
52.927219	3741.103085	3.658509	-0.011798	3.247395
52.943115	3746.676387	3.663514	-0.011802	3.249583
53.096894	3751.751347	3.668518	-0.011840	3.251590
53.148016	3756.777320	3.673523	-0.011853	3.253564
53.077332	3761.787158	3.678528	-0.011836	3.255519
53.212603	3766.917986	3.683533	-0.011869	3.257542
53.341534	3772.072120	3.688538	-0.011901	3.259571
53.220785	3777.290703	3.693542	-0.011873	3.261599
53.365577	3782.242447	3.698547	-0.011908	3.263548
53.475506	3787.250520	3.703552	-0.011935	3.265515
53.420361	3792.434599	3.708557	-0.011922	3.267532
53.578248	3797.701942	3.713562	-0.011961	3.269603
53.473841	3802.904029	3.718566	-0.011936	3.271619
53.494153	3807.862731	3.723571	-0.011942	3.273553
53.673191	3812.895996	3.728576	-0.011985	3.275531
53.601431	3818.024880	3.733581	-0.011969	3.277518
53.752167	3823.193999	3.738586	-0.012006	3.279544
53.722985	3828.348347	3.743590	-0.011999	3.281543
53.799768	3833.317585	3.748595	-0.012018	3.283481
53.816329	3838.418467	3.753600	-0.012023	3.285462
53.855968	3843.605683	3.758605	-0.012033	3.287478
53.967621	3849.129095	3.763610	-0.012061	3.289630
53.963906	3854.254624	3.768614	-0.012060	3.291615
54.053757	3859.222076	3.773619	-0.012082	3.293547
54.071990	3864.258294	3.778624	-0.012087	3.295498
54.096418	3869.386323	3.783629	-0.012094	3.297483
54.018740	3874.632599	3.788634	-0.012076	3.299502
54.065625	3879.751216	3.793638	-0.012088	3.301484
54.301134	3884.674918	3.798643	-0.012145	3.303408
54.234966	3889.768034	3.803648	-0.012130	3.305366
54.350648	3894.901927	3.808653	-0.012158	3.307357
54.324769	3900.351994	3.813658	-0.012153	3.309454
54.474125	3905.460709	3.818662	-0.012189	3.311436
54.557509	3910.395989	3.823667	-0.012210	3.313344
54.435287	3915.506159	3.828672	-0.012181	3.315296
54.489300	3920.636996	3.833677	-0.012195	3.317274
54.507121	3925.829242	3.838682	-0.012199	3.319270
54.716305	3930.943278	3.843686	-0.012250	3.321255
54.759234	3935.942255	3.848691	-0.012261	3.323177
54.775549	3940.954408	3.853696	-0.012266	3.325100
54.724294	3946.192622	3.858701	-0.012254	3.327102
54.834443	3951.662263	3.863706	-0.012281	3.329208
55.011300	3956.784133	3.868710	-0.012324	3.331186
55.055546	3961.778218	3.873715	-0.012335	3.333101
55.149251	3966.735245	3.878720	-0.012358	3.335005
55.113823	3971.916221	3.883725	-0.012350	3.336981
55.304278	3977.064715	3.888730	-0.012397	3.338966
55.222459	3982.235365	3.893734	-0.012378	3.340931
55.214670	3987.295453	3.898739	-0.012377	3.342860
55.385650	3992.268208	3.903744	-0.012418	3.344773
55.355427	3997.425265	3.908749	-0.012412	3.346734
55.399018	4002.877734	3.913754	-0.012423	3.348815
55.430175	4008.020848	3.918758	-0.012431	3.350775
55.478529	4013.017125	3.923763	-0.012443	3.352679
55.458079	4018.002192	3.928768	-0.012439	3.354572
55.408618	4023.175237	3.933773	-0.012428	3.356532
55.561653	4028.384810	3.938778	-0.012465	3.358525
55.702503	4033.513461	3.943782	-0.012499	3.360484
55.561036	4038.608411	3.948787	-0.012466	3.362402
55.771412	4043.525503	3.953792	-0.012517	3.364286
55.785095	4048.645925	3.958797	-0.012521	3.366227
55.910608	4054.137058	3.963802	-0.012552	3.368318
55.633508	4059.468930	3.968806	-0.012486	3.370307
55.830511	4064.508700	3.973811	-0.012534	3.372232
55.909467	4069.393667	3.978816	-0.012553	3.374086
55.984292	4074.523905	3.983821	-0.012572	3.376030
56.057239	4079.724644	3.988826	-0.012590	3.378000
56.036377	4084.867519	3.993830	-0.012586	3.379938
56.146709	4089.953617	3.998835	-0.012613	3.381866
56.268471	4094.802632	4.003840	-0.012642	3.383705
56.170513	4100.016483	4.008845	-0.012620	3.385659
56.384978	4105.269376	4.013850	-0.012672	3.387657
56.288671	4110.579355	4.018854	-0.012649	3.389644
56.549702	4115.680295	4.023859	-0.012712	3.391587
56.428076	4120.565694	4.028864	-0.012684	3.393411
56.539426	4125.682048	4.033869	-0.012711	3.395343
56.595314	4130.856472	4.038874	-0.012725	3.397290
56.538803	4136.026276	4.043878	-0.012712	3.399223
56.597653	4141.161722	4.048883	-0.012727	3.401154
56.572211	4146.147628	4.053888	-0.012722	3.403019
56.630158	4151.217346	4.058893	-0.012736	3.404923
56.577798	4156.493615	4.063898	-0.012724	3.406893
56.836981	4161.877205	4.068902	-0.012787	3.408931
56.935503	4167.020566	4.073907	-0.012811	3.410863
56.889011	4172.017769	4.078912	-0.012801	3.412725
56.943768	4177.003349	4.083917	-0.012815	3.414592
57.014298	4182.177607	4.088922	-0.012832	3.416529
57.031530	4187.338378	4.093926	-0.012837	3.418456
57.156611	4192.504531	4.098931	-0.012867	3.420393
57.237769	4197.498822	4.103936	-0.012888	3.422261
57.203924	4202.501893	4.108941	-0.012880	3.424121
57.203605	4207.695462	4.113946	-0.012881	3.426053
57.269906	4212.983216	4.118950	-0.012897	3.428026
57.343464	4218.131021	4.123955	-0.012915	3.429946
57.381159	4223.178269	4.128960	-0.012925	3.431825
57.343358	4228.112191	4.133965	-0.012917	3.433653
57.491869	4233.272910	4.138970	-0.012953	3.435582
57.556045	4238.451412	4.143974	-0.012969	3.437509
57.437605	4243.630638	4.148979	-0.012941	3.439417
57.632179	4248.753827	4.153984	-0.012988	3.441334
57.491321	4253.642516	4.158989	-0.012955	3.443130
57.729642	4258.799850	4.163994	-0.013013	3.445061
57.653739	4264.151766	4.168998	-0.012996	3.447033
57.730825	4269.526867	4.174003	-0.013015	3.449027
57.795400	4274.703709	4.179008	-0.013031	3.450946
57.770918	4279.552567	4.184013	-0.013026	3.452734
57.850520	4284.669408	4.189018	-0.013045	3.454630
57.943324	4289.806902	4.194022	-0.013068	3.456533
58.077076	4294.952105	4.199027	-0.013101	3.458442
58.008232	4300.163547	4.204032	-0.013085	3.460356
58.005154	4305.118569	4.209037	-0.013085	3.462180
58.189531	4310.108391	4.214042	-0.013130	3.464033
58.203015	4315.242802	4.219046	-0.013134	3.465923
58.178275	4320.712542	4.224051	-0.013128	3.467932
58.296119	4325.885793	4.229056	-0.013157	3.469843
58.341161	4330.918788	4.234061	-0.013169	3.471695
58.455182	4335.835763	4.239066	-0.013197	3.473511
58.389241	4340.989899	4.244070	-0.013181	3.475395
58.566753	4346.172125	4.249075	-0.013225	3.477311
58.631643	4351.323527	4.254080	-0.013241	3.479205
58.620504	4356.479060	4.259085	-0.013239	3.481092
58.524699	4361.372072	4.264090	-0.013216	3.482874
58.620395	4366.520571	4.269094	-0.013240	3.484766
58.687907	4371.854974	4.274099	-0.013257	3.486723
58.720175	4377.197012	4.279104	-0.013265	3.488678
58.775574	4382.344682	4.284109	-0.013279	3.490563
58.698273	4387.325804	4.289114	-0.013261	3.492374
58.986735	4392.326124	4.294118	-0.013331	3.494224
59.037873	4397.470282	4.299123	-0.013344	3.496105
58.989638	4402.676494	4.304128	-0.013333	3.497998
58.909291	4407.849849	4.309133	-0.013314	3.499875
59.167262	4412.846598	4.314138	-0.013377	3.501717
59.067513	4417.866368	4.319142	-0.013354	3.503535
59.160011	4422.977864	4.324147	-0.013376	3.505402
59.217464	4428.379303	4.329152	-0.013391	3.507370
59.215707	4433.570815	4.334157	-0.013391	3.509256
59.390309	4438.671042	4.339162	-0.013433	3.511123
59.308872	4443.562769	4.344166	-0.013415	3.512891
59.499869	4448.708194	4.349171	-0.013461	3.514775
59.414635	4453.927275	4.354176	-0.013441	3.516659
59.655343	4458.988326	4.359181	-0.013499	3.518514
59.585286	4464.199657	4.364186	-0.013483	3.520395
59.600136	4469.123315	4.369190	-0.013488	3.522178
59.666378	4474.205856	4.374195	-0.013504	3.524023
59.712930	4479.446300	4.379200	-0.013516	3.525921
59.801999	4484.937405	4.384205	-0.013538	3.527914
59.804471	4490.124618	4.389210	-0.013539	3.529787
59.895406	4495.110858	4.394214	-0.013562	3.531595
59.867247	4500.083459	4.399219	-0.013555	3.533386
59.990484	4505.219232	4.404224	-0.013586	3.535249
60.011991	4510.398661	4.409229	-0.013591	3.537118
60.150329	4515.522316	4.414234	-0.013625	3.538976
60.042017	4520.670959	4.419238	-0.013600	3.540820
60.091648	4525.553895	4.424243	-0.013612	3.542581
60.293328	4530.693306	4.429248	-0.013661	3.544447
60.399314	4535.945256	4.434253	-0.013687	3.546345
60.275528	4541.305704	4.439258	-0.013658	3.548259
60.383269	4546.435068	4.444262	-0.013685	3.550111
60.385030	4551.333209	4.449267	-0.013686	3.551869
60.485812	4556.393837	4.454272	-0.013711	3.553693
60.634521	4561.543679	4.459277	-0.013747	3.555552
60.709862	4566.710058	4.464282	-0.013766	3.557410
60.645682	4571.883126	4.469286	-0.013751	3.559257
60.712604	4576.921780	4.474291	-0.013768	3.561067
60.745711	4581.871860	4.479296	-0.013776	3.562841
60.892033	4586.958047	4.484301	-0.013812	3.564672
61.018243	4592.451193	4.489306	-0.013843	3.566647
60.912613	4597.731796	4.494310	-0.013818	3.568524
60.911279	4602.936961	4.499315	-0.013818	3.570382
60.974157	4607.765831	4.504320	-0.013834	3.572111
61.189525	4612.801200	4.509325	-0.013886	3.573925
61.144286	4618.001425	4.514330	-0.013876	3.575775
61.207421	4623.141747	4.519334	-0.013892	3.577612
61.231793	4628.310043	4.524339	-0.013898	3.579455
61.198967	4633.380116	4.529344	-0.013891	3.581256
61.319793	4638.288608	4.534349	-0.013921	3.583013
61.445489	4643.475895	4.539354	-0.013951	3.584869
61.409699	4648.897078	4.544358	-0.013944	3.586792
61.475129	4654.061600	4.549363	-0.013960	3.588632
61.571378	4659.229167	4.554368	-0.013984	3.590475
61.589020	4664.051662	4.559373	-0.013988	3.592188
61.567144	4669.231297	4.564378	-0.013984	3.594023
61.603343	4674.349154	4.569382	-0.013993	3.595840
61.838659	4679.484416	4.574387	-0.014050	3.597680
61.838864	4684.679822	4.579392	-0.014051	3.599520
61.739933	4689.669152	4.584397	-0.014028	3.601277
61.870573	4694.605749	4.589402	-0.014060	3.603035
61.810505	4699.745870	4.594406	-0.014046	3.604847
61.747172	4705.356804	4.599411	-0.014031	3.606825
61.957926	4710.513234	4.604416	-0.014083	3.608664
61.984351	4715.604909	4.609421	-0.014090	3.610464
62.125997	4720.425066	4.614426	-0.014124	3.612177
62.158284	4725.584945	4.619430	-0.014132	3.614000
62.122415	4730.748947	4.624435	-0.014125	3.615817
62.098017	4735.936677	4.629440	-0.014119	3.617643
62.258134	4741.066253	4.634445	-0.014158	3.619463
62.283021	4746.060054	4.639450	-0.014165	3.621223
62.186964	4751.104268	4.644454	-0.014143	3.622989
62.244799	4756.239709	4.649459	-0.014157	3.624800
62.426883	4761.667515	4.654464	-0.014201	3.626723
62.401475	4766.830246	4.659469	-0.014196	3.628535
62.423690	4771.985799	4.664474	-0.014202	3.630347
62.302570	4776.869816	4.669478	-0.014174	3.632050
62.567861	4781.960912	4.674483	-0.014238	3.633858
62.635212	4787.116725	4.679488	-0.014254	3.635672
62.758111	4792.269743	4.684493	-0.014284	3.637488
62.661243	4797.490019	4.689498	-0.014262	3.639308
62.709778	4802.437820	4.694502	-0.014274	3.641044
62.738878	4807.454268	4.699507	-0.014282	3.642802
62.797297	4812.622351	4.704512	-0.014296	3.644614
62.827779	4818.170528	4.709517	-0.014304	3.646556
62.858018	4823.393669	4.714522	-0.014312	3.648383
62.844539	4828.534264	4.719526	-0.014310	3.650177
62.911278	4833.332403	4.724531	-0.014326	3.651857
63.047480	4838.468778	4.729536	-0.014360	3.653661
62.866083	4843.680442	4.734541	-0.014317	3.655463
63.131968	4848.817701	4.739546	-0.014381	3.657275
62.990635	4853.974625	4.744550	-0.014348	3.659060
63.162257	4858.962995	4.749555	-0.014390	3.660811
63.209966	4863.953002	4.754560	-0.014402	3.662552
63.242180	4869.119695	4.759565	-0.014410	3.664351
63.233777	4874.531312	4.764570	-0.014409	3.666232
63.284819	4879.750837	4.769574	-0.014422	3.668050
63.560935	4884.840920	4.774579	-0.014488	3.669841
63.371878	4889.765900	4.779584	-0.014444	3.671535
63.420811	4894.872932	4.784589	-0.014456	3.673311
63.515628	4900.040834	4.789594	-0.014480	3.675111
63.439876	4905.235789	4.794598	-0.014462	3.676906
63.592956	4910.367863	4.799603	-0.014499	3.678696
63.625313	4915.399612	4.804608	-0.014508	3.680442
63.714721	4920.327243	4.809613	-0.014530	3.682155
63.769302	4925.476705	4.814618	-0.014544	3.683941
63.904161	4930.965395	4.819622	-0.014576	3.685850
63.872777	4936.239008	4.824627	-0.014570	3.687670
63.784577	4941.414816	4.829632	-0.014549	3.689451
63.825665	4946.253977	4.834637	-0.014560	3.691125
63.897899	4951.360302	4.839642	-0.014578	3.692893
64.003443	4956.541763	4.844646	-0.014603	3.694689
63.931319	4961.676447	4.849651	-0.014587	3.696454
64.005152	4966.854167	4.854656	-0.014605	3.698244
64.105094	4971.911290	4.859661	-0.014630	3.699995
64.165829	4976.795102	4.864666	-0.014645	3.701681
64.260833	4981.967053	4.869670	-0.014668	3.703469
64.241369	4987.279370	4.874675	-0.014664	3.705295
64.215091	4992.612259	4.879680	-0.014659	3.707126
64.397870	4997.703002	4.884685	-0.014703	3.708890
64.536976	5002.684718	4.889690	-0.014737	3.710613
64.533020	5007.668905	4.894694	-0.014737	3.712323
64.554333	5012.835984	4.899699	-0.014743	3.714098
64.522374	5018.091847	4.904704	-0.014736	3.715898
64.523827	5023.210293	4.909709	-0.014737	3.717653
64.636210	5028.346046	4.914714	-0.014764	3.719422
64.701987	5033.163372	4.919718	-0.014780	3.721078
64.629220	5038.380320	4.924723	-0.014764	3.722858
64.612681	5043.619374	4.929728	-0.014760	3.724649
64.680804	5049.113146	4.934733	-0.014777	3.726534
64.718439	5054.288926	4.939738	-0.014787	3.728306
64.827641	5059.277651	4.944742	-0.014814	3.730019
64.933878	5064.205399	4.949747	-0.014840	3.731711
64.889407	5069.410422	4.954752	-0.014830	3.733484
64.901828	5074.564303	4.959757	-0.014834	3.735244
65.064124	5079.714825	4.964762	-0.014873	3.737013
65.081739	5084.872392	4.969766	-0.014878	3.738773
65.080461	5089.772858	4.974771	-0.014878	3.740442
65.126060	5094.852521	4.979776	-0.014890	3.742176
65.063875	5100.011111	4.984781	-0.014876	3.743927
65.238574	5105.403131	4.989786	-0.014918	3.745776
65.304318	5110.613026	4.994790	-0.014934	3.747553
65.232992	5115.782056	4.999795	-0.014918	3.749304
65.370580	5120.589528	5.004800	-0.014952	3.750949
65.284133	5125.770419	5.009805	-0.014932	3.752701
65.458098	5130.868223	5.014810	-0.014974	3.754446
65.573405	5136.064027	5.019814	-0.015002	3.756218
65.487533	5141.245580	5.024819	-0.014982	3.757968
65.522650	5146.300979	5.029824	-0.014991	3.759685
65.626764	5151.232994	5.034829	-0.015017	3.761364
65.643222	5156.403366	5.039834	-0.015021	3.763116
65.911624	5161.758464	5.044838	-0.015086	3.764950
67.150355	5166.844170	5.049843	-0.015383	3.766768
67.371310	5171.975710	5.054848	-0.015437	3.768521
67.384242	5176.981451	5.059853	-0.015441	3.770214
67.276170	5181.953687	5.064858	-0.015415	3.771885
67.355709	5187.114921	5.069862	-0.015435	3.773635
67.590103	5192.261270	5.074867	-0.015492	3.775390
67.749941	5197.358841	5.079872	-0.015531	3.777122
67.580147	5202.587736	5.084877	-0.015491	3.778873
67.640396	5207.411073	5.089882	-0.015506	3.780503
67.629613	5212.607864	5.094886	-0.015504	3.782254
67.726157	5217.750782	5.099891	-0.015528	3.783993
67.739612	5223.173144	5.104896	-0.015531	3.785819
67.834741	5228.338004	5.109901	-0.015555	3.787565
67.850281	5233.414964	5.114906	-0.015559	3.789273
67.930618	5238.317674	5.119910	-0.015579	3.790928
67.944418	5243.425584	5.124915	-0.015583	3.792645
68.108401	5248.631469	5.129920	-0.015623	3.794406
67.979058	5253.817904	5.134925	-0.015593	3.796137
68.045268	5258.837061	5.139930	-0.015609	3.797827
68.134241	5263.822530	5.144934	-0.015631	3.799506
68.068395	5268.793573	5.149939	-0.015616	3.801167
68.146958	5273.948002	5.154944	-0.015635	3.802901
68.195160	5279.367220	5.159949	-0.015648	3.804719
68.225232	5284.707384	5.164954	-0.015656	3.806510
68.316022	5289.857007	5.169958	-0.015678	3.808240
68.125206	5294.875466	5.174963	-0.015633	3.809904
68.319422	5299.841689	5.179968	-0.015680	3.811579
68.396802	5304.983555	5.184973	-0.015699	3.813303
68.383573	5310.178373	5.189978	-0.015697	3.815038
68.403729	5315.342680	5.194982	-0.015702	3.816764
68.501994	5320.426959	5.199987	-0.015726	3.818468
68.566287	5325.366826	5.204992	-0.015742	3.820121
68.628752	5330.447876	5.209997	-0.015758	3.821820
68.717391	5335.609577	5.215002	-0.015780	3.823547
68.661201	5341.073743	5.220006	-0.015767	3.825363
68.701945	5346.251165	5.225011	-0.015777	3.827090
68.804387	5351.397219	5.230016	-0.015803	3.828810
68.932190	5356.194439	5.235021	-0.015834	3.830416
68.865317	5361.396614	5.240026	-0.015819	3.832141
68.825085	5366.610097	5.245030	-0.015810	3.833871
68.880991	5371.683818	5.250035	-0.015824	3.835561
68.950813	5376.922141	5.255040	-0.015841	3.837306
68.986524	5381.982445	5.260045	-0.015850	3.838988
69.088198	5386.857824	5.265050	-0.015875	3.840613
68.959176	5392.085950	5.270054	-0.015845	3.842338
69.061534	5397.331903	5.275059	-0.015870	3.844084
69.283763	5402.717185	5.280064	-0.015924	3.845886
69.162351	5407.924304	5.285069	-0.015896	3.847601
69.439584	5412.866423	5.290074	-0.015962	3.849258
69.313851	5417.839353	5.295078	-0.015933	3.850894
69.337632	5422.991187	5.300083	-0.015939	3.852600
69.616145	5428.157833	5.305088	-0.016007	3.854329
69.317261	5433.314187	5.310093	-0.015936	3.856011
69.379712	5438.498217	5.315098	-0.015951	3.857728
69.409113	5443.474485	5.320102	-0.015959	3.859373
69.545012	5448.444092	5.325107	-0.015992	3.861024
69.598595	5453.590544	5.330112	-0.016006	3.862725
69.661222	5459.021358	5.335117	-0.016021	3.864521
69.534430	5464.270767	5.340122	-0.015992	3.866242
69.860259	5469.376450	5.345126	-0.016070	3.867948
69.769990	5474.285663	5.350131	-0.016049	3.869558
69.809527	5479.339529	5.355136	-0.016060	3.871224
69.799148	5484.479836	5.360141	-0.016058	3.872915
69.861757	5489.678222	5.365146	-0.016073	3.874629
69.903920	5494.892052	5.370150	-0.016084	3.876346
70.044593	5499.896133	5.375155	-0.016118	3.878001
70.025120	5504.899175	5.380160	-0.016114	3.879643
70.076931	5509.935028	5.385165	-0.016127	3.881300
70.118989	5515.090365	5.390170	-0.016138	3.882995
70.209787	5520.674071	5.395174	-0.016161	3.884833
70.258886	5525.866858	5.400179	-0.016173	3.886539
70.310309	5531.024265	5.405184	-0.016186	3.888233
70.439219	5535.806370	5.410189	-0.016217	3.889809
70.399146	5540.948454	5.415194	-0.016208	3.891490
70.417901	5546.125469	5.420198	-0.016214	3.893186
70.534863	5551.258120	5.425203	-0.016242	3.894874
70.570360	5556.477962	5.430208	-0.016251	3.896583
70.477002	5561.625518	5.435213	-0.016230	3.898259
70.663789	5566.406364	5.440218	-0.016275	3.899835
70.501912	5571.596316	5.445222	-0.016237	3.901518
70.625106	5576.739672	5.450227	-0.016267	3.903206
70.683880	5582.218222	5.455232	-0.016282	3.904998
70.753015	5587.385863	5.460237	-0.016299	3.906689
70.782304	5592.521474	5.465242	-0.016307	3.908366
70.821596	5597.296808	5.470246	-0.016317	3.909925
70.925703	5602.435514	5.475251	-0.016342	3.911606
70.995230	5607.620540	5.480256	-0.016360	3.913300
70.937049	5612.838875	5.485261	-0.016346	3.914994
71.036352	5617.968112	5.490266	-0.016371	3.916670
71.089680	5623.062654	5.495270	-0.016384	3.918330
71.027109	5627.989877	5.500275	-0.016370	3.919928
71.031689	5633.143612	5.505280	-0.016372	3.921603
71.166515	5638.306489	5.510285	-0.016405	3.923289
71.149794	5643.977226	5.515290	-0.016401	3.925129
71.316555	5649.090659	5.520294	-0.016442	3.926800
71.398386	5654.152762	5.525299	-0.016462	3.928448
71.283926	5659.058777	5.530304	-0.016435	3.930030
71.386886	5664.168621	5.535309	-0.016461	3.931694
71.436879	5669.372275	5.540314	-0.016473	3.933383
71.484508	5674.518911	5.545318	-0.016485	3.935053
71.516615	5679.656675	5.550323	-0.016494	3.936718
71.719192	5684.717844	5.555328	-0.016543	3.938370
71.733346	5689.566511	5.560333	-0.016547	3.939939
71.668503	5694.767626	5.565338	-0.016532	3.941616
71.793382	5699.996197	5.570342	-0.016562	3.943315
71.880547	5705.346478	5.575347	-0.016584	3.945049
71.783404	5710.605848	5.580352	-0.016561	3.946740
71.790831	5715.647256	5.585357	-0.016564	3.948367
71.938647	5720.492707	5.590362	-0.016600	3.949941
71.960779	5725.703533	5.595366	-0.016606	3.951623
71.972084	5730.857905	5.600371	-0.016609	3.953285
72.029218	5735.997701	5.605376	-0.016623	3.954945
72.012042	5741.182001	5.610381	-0.016620	3.956613
72.196303	5746.183120	5.615386	-0.016665	3.958236
72.194772	5751.117006	5.620390	-0.016665	3.959824
72.190167	5756.344791	5.625395	-0.016665	3.961505
72.289748	5761.587182	5.630400	-0.016689	3.963197
72.258063	5767.085711	5.635405	-0.016682	3.964962
72.273936	5772.277942	5.640410	-0.016687	3.966631
72.369088	5777.288914	5.645414	-0.016710	3.968247
72.421350	5782.159460	5.650419	-0.016723	3.969814
72.419710	5787.354074	5.655424	-0.016723	3.971480
72.435654	5792.493517	5.660429	-0.016728	3.973130
72.545118	5797.635376	5.665434	-0.016755	3.974786
72.511706	5802.865779	5.670438	-0.016747	3.976459
72.476734	5807.923220	5.675443	-0.016740	3.978077
72.635355	5812.777153	5.680448	-0.016778	3.979642
72.677550	5817.905943	5.685453	-0.016789	3.981286
72.639898	5823.183870	5.690458	-0.016781	3.982972
72.837329	5828.542381	5.695462	-0.016829	3.984699
72.784435	5833.681568	5.700467	-0.016817	3.986338
72.865787	5838.807706	5.705472	-0.016837	3.987982
72.773379	5843.710261	5.710477	-0.016815	3.989541
72.733783	5848.873340	5.715482	-0.016807	3.991187
72.900133	5854.047233	5.720486	-0.016847	3.992849
73.029393	5859.193106	5.725491	-0.016879	3.994499
73.003646	5864.378253	5.730496	-0.016873	3.996151
72.958345	5869.485459	5.735501	-0.016863	3.997776
73.103550	5874.346197	5.740506	-0.016898	3.999334
73.245600	5879.494893	5.745510	-0.016933	4.000984
73.297972	5884.691401	5.750515	-0.016946	4.002641
73.356650	5890.312698	5.755520	-0.016961	4.004434
73.418895	5895.421294	5.760525	-0.016976	4.006063
73.488253	5900.514759	5.765530	-0.016994	4.007687
73.527755	5905.290452	5.770534	-0.017004	4.009208
73.455987	5910.492712	5.775539	-0.016987	4.010855
73.715347	5915.603029	5.780544	-0.017050	4.012496
73.576496	5920.855297	5.785549	-0.017017	4.014153
73.642915	5925.849540	5.790554	-0.017034	4.015742
73.644530	5930.955052	5.795558	-0.017035	4.017362
73.746063	5935.774487	5.800563	-0.017060	4.018897
73.760703	5940.964031	5.805568	-0.017064	4.020542
73.808213	5946.088606	5.810573	-0.017076	4.022169
73.837631	5951.552433	5.815578	-0.017084	4.023901
73.924242	5956.724345	5.820582	-0.017105	4.025544
74.064045	5961.857534	5.825587	-0.017139	4.027177
73.885234	5966.762038	5.830592	-0.017097	4.028716
73.954894	5971.826239	5.835597	-0.017114	4.030322
73.998566	5976.985919	5.840602	-0.017126	4.031955
74.105230	5982.224370	5.845606	-0.017152	4.033617
74.124127	5987.323316	5.850611	-0.017157	4.035228
74.046751	5992.513858	5.855616	-0.017139	4.036862
73.966308	5997.419099	5.860621	-0.017120	4.038404
74.151702	6002.468241	5.865626	-0.017165	4.040009
74.345830	6007.638463	5.870630	-0.017213	4.041651
74.271482	6013.136859	5.875635	-0.017195	4.043379
74.387740	6018.350665	5.880640	-0.017224	4.045029
74.513947	6023.492149	5.885645	-0.017255	4.046656
74.452891	6028.471653	5.890650	-0.017241	4.048219
74.335875	6033.542218	5.895654	-0.017213	4.049807
74.487398	6038.624966	5.900659	-0.017250	4.051415
74.581609	6043.816161	5.905664	-0.017274	4.053054
74.547561	6049.014478	5.910669	-0.017266	4.054685
74.541935	6054.153256	5.915674	-0.017265	4.056299
74.642779	6059.145507	5.920678	-0.017290	4.057873
74.591342	6064.112853	5.925683	-0.017279	4.059428
74.831153	6069.202406	5.930688	-0.017337	4.061041
74.777990	6074.549379	5.935693	-0.017325	4.062714
74.793534	6079.897156	5.940698	-0.017329	4.064392
74.691487	6085.139117	5.945702	-0.017305	4.066028
74.897277	6090.118641	5.950707	-0.017355	4.067601
74.993725	6094.992276	5.955712	-0.017379	4.069133
75.036508	6100.171272	5.960717	-0.017390	4.070757
75.017432	6105.337265	5.965722	-0.017386	4.072372
75.149601	6110.539774	5.970726	-0.017418	4.074007
75.120911	6115.635979	5.975731	-0.017412	4.075599
75.138687	6120.759498	5.980736	-0.017417	4.077201
75.096356	6125.621592	5.985741	-0.017407	4.078717
75.182225	6130.788924	5.990746	-0.017428	4.080336
75.291904	6136.033443	5.995750	-0.017455	4.081980
75.244210	6141.638980	6.000755	-0.017445	4.083726
75.320583	6146.787665	6.005760	-0.017464	4.085337
75.412392	6151.914182	6.010765	-0.017486	4.086941
75.311549	6156.717793	6.015770	-0.017463	4.088431
75.554569	6161.877154	6.020774	-0.017522	4.090054
75.600916	6166.989978	6.025779	-0.017533	4.091649
75.516831	6172.233036	6.030784	-0.017514	4.093276
75.580742	6177.396465	6.035789	-0.017530	4.094886
75.623069	6182.489082	6.040794	-0.017541	4.096473
75.738560	6187.415957	6.045798	-0.017569	4.098012
75.573378	6192.489873	6.050803	-0.017530	4.099578
75.672760	6197.651007	6.055808	-0.017554	4.101188
75.808295	6203.066219	6.060813	-0.017587	4.102878
75.728937	6208.279344	6.065818	-0.017569	4.104491
75.755715	6213.460639	6.070822	-0.017576	4.106101
75.780318	6218.409840	6.075827	-0.017583	4.107637
75.982933	6223.385863	6.080832	-0.017632	4.109193
75.874932	6228.546337	6.085837	-0.017607	4.110786
76.132542	6233.673263	6.090842	-0.017669	4.112390
76.155562	6238.882523	6.095846	-0.017675	4.114005
76.189312	6244.003884	6.100851	-0.017684	4.115593
76.212226	6249.091099	6.105856	-0.017690	4.117168
76.236735	6253.992177	6.110861	-0.017697	4.118686
76.228319	6259.133049	6.115866	-0.017695	4.120275
76.260093	6264.410158	6.120870	-0.017703	4.121908
76.342496	6269.945879	6.125875	-0.017724	4.123624
76.322760	6275.130616	6.130880	-0.017720	4.125224
76.440515	6280.271179	6.135885	-0.017749	4.126818
76.457759	6285.065884	6.140890	-0.017753	4.128299
76.371473	6290.250794	6.145894	-0.017733	4.129893
76.388376	6295.365079	6.150899	-0.017738	4.131471
76.494159	6300.560537	6.155904	-0.017764	4.133079
76.599471	6305.681129	6.160909	-0.017790	4.134664
76.752029	6310.816449	6.165914	-0.017827	4.136255
76.543009	6315.761315	6.170918	-0.017778	4.137764
76.573188	6320.807624	6.175923	-0.017786	4.139319
76.659881	6326.034204	6.180928	-0.017807	4.140933
76.786064	6331.359450	6.185933	-0.017838	4.142579
76.678459	6336.604069	6.190938	-0.017813	4.144184
76.735803	6341.837706	6.195942	-0.017827	4.145796
76.800653	6346.758791	6.200947	-0.017843	4.147312
76.833116	6351.702464	6.205952	-0.017852	4.148832
76.907271	6356.928467	6.210957	-0.017870	4.150441
76.829556	6362.126043	6.215962	-0.017852	4.152031
76.950541	6367.244876	6.220966	-0.017882	4.153608
77.195502	6372.383539	6.225971	-0.017941	4.155199
77.033668	6377.516349	6.230976	-0.017903	4.156762
77.233242	6382.349123	6.235981	-0.017951	4.158255
77.061996	6387.561968	6.240986	-0.017911	4.159841
77.114229	6392.799237	6.245990	-0.017924	4.161448
77.159391	6398.397108	6.250995	-0.017936	4.163163
77.250769	6403.515404	6.256000	-0.017958	4.164735
77.224179	6408.719528	6.261005	-0.017953	4.166324
77.339704	6413.451794	6.266010	-0.017981	4.167778
77.417275	6418.546924	6.271014	-0.018000	4.169340
77.467788	6423.670864	6.276019	-0.018013	4.170908
77.481246	6428.939146	6.281024	-0.018017	4.172517
77.563268	6434.019810	6.286029	-0.018037	4.174073
77.567478	6439.195698	6.291034	-0.018039	4.175652
77.507872	6444.221418	6.296038	-0.018025	4.177182
77.502568	6449.170546	6.301043	-0.018024	4.178690
77.584976	6454.333518	6.306048	-0.018045	4.180269
77.685170	6459.666111	6.311053	-0.018069	4.181899
77.630631	6465.025418	6.316058	-0.018057	4.183528
77.922219	6470.132378	6.321062	-0.018127	4.185100
77.779194	6475.181895	6.326067	-0.018094	4.186628
77.840823	6480.061216	6.331072	-0.018109	4.188116
77.899692	6485.198545	6.336077	-0.018124	4.189682
77.918855	6490.375473	6.341082	-0.018129	4.191256
78.108320	6495.565861	6.346086	-0.018175	4.192845
78.092686	6500.704268	6.351091	-0.018172	4.194405
78.079487	6505.872898	6.356096	-0.018170	4.195973
77.997352	6510.722696	6.361101	-0.018151	4.197440
78.203301	6515.805466	6.366106	-0.018201	4.198995
78.243782	6520.977406	6.371110	-0.018211	4.200566
78.198668	6526.528679	6.376115	-0.018201	4.202246
78.096572	6531.847109	6.381120	-0.018177	4.203852
78.266296	6537.009905	6.386125	-0.018218	4.205426
78.314637	6541.961401	6.391130	-0.018231	4.206928
78.439257	6546.934755	6.396134	-0.018261	4.208441
78.375155	6552.091496	6.401139	-0.018246	4.209998
78.317943	6557.281805	6.406144	-0.018233	4.211564
78.359475	6562.398882	6.411149	-0.018244	4.213114
78.444621	6567.616743	6.416154	-0.018265	4.214696
78.469108	6572.724465	6.421158	-0.018271	4.216241
78.413508	6577.514790	6.426163	-0.018259	4.217685
78.610398	6582.700987	6.431168	-0.018307	4.219262
78.618523	6587.836103	6.436173	-0.018309	4.220812
78.767261	6593.309942	6.441178	-0.018345	4.222473
78.620427	6598.506177	6.446182	-0.018311	4.224031
78.636530	6603.670406	6.451187	-0.018315	4.225589
78.791674	6608.550388	6.456192	-0.018353	4.227069
78.862652	6613.569807	6.461197	-0.018371	4.228585
78.864460	6618.706140	6.466202	-0.018372	4.230132
78.815700	6623.951701	6.471206	-0.018361	4.231709
78.942237	6629.086236	6.476211	-0.018392	4.233261
78.914787	6634.257825	6.481216	-0.018386	4.234815
79.015241	6639.335842	6.486221	-0.018411	4.236348
79.054494	6644.173110	6.491226	-0.018421	4.237805
79.110182	6649.363215	6.496230	-0.018435	4.239367
79.104102	6654.566189	6.501235	-0.018434	4.240930
79.069589	6660.262242	6.506240	-0.018426	4.242638
79.128622	6665.369228	6.511245	-0.018441	4.244175
79.135522	6670.550614	6.516250	-0.018443	4.245730
79.104225	6675.409179	6.521254	-0.018437	4.247185
79.254270	6680.396823	6.526259	-0.018473	4.248689
79.261190	6685.577488	6.531264	-0.018475	4.250243
79.271874	6690.808306	6.536269	-0.018479	4.251811
79.398219	6695.883218	6.541274	-0.018510	4.253338
79.392203	6701.055380	6.546278	-0.018509	4.254886
79.464765	6706.090133	6.551283	-0.018527	4.256397
79.504298	6710.861691	6.556288	-0.018537	4.257827
79.655798	6716.018426	6.561293	-0.018574	4.259378
79.625145	6721.273723	6.566298	-0.018567	4.260947
79.753669	6726.728155	6.571302	-0.018599	4.262585
79.698683	6731.831111	6.576307	-0.018586	4.264106
79.754293	6737.039089	6.581312	-0.018600	4.265665
79.829579	6741.777661	6.586317	-0.018619	4.267084
79.709597	6746.938192	6.591322	-0.018591	4.268617
79.752709	6752.110144	6.596326	-0.018602	4.270162
79.716320	6757.323272	6.601331	-0.018594	4.271715
80.013131	6762.411749	6.606336	-0.018665	4.273249
79.865529	6767.642573	6.611341	-0.018631	4.274799
79.932797	6772.602573	6.616346	-0.018647	4.276280
79.978310	6777.575803	6.621350	-0.018659	4.277764
80.055500	6782.746138	6.626355	-0.018678	4.279308
80.351472	6787.975330	6.631360	-0.018749	4.280880
80.122311	6793.538500	6.636365	-0.018695	4.282522
80.226069	6798.669695	6.641370	-0.018721	4.284054
80.305235	6803.899881	6.646374	-0.018740	4.285613
80.200206	6808.676217	6.651379	-0.018716	4.287026
80.262742	6813.769195	6.656384	-0.018732	4.288543
80.488997	6818.894984	6.661389	-0.018786	4.290078
80.382282	6824.104738	6.666394	-0.018761	4.291618
80.321248	6829.290836	6.671398	-0.018747	4.293153
80.482608	6834.450357	6.676403	-0.018787	4.294693
80.449117	6839.472768	6.681408	-0.018779	4.296180
80.572556	6844.387176	6.686413	-0.018810	4.297644
80.534414	6849.575157	6.691418	-0.018801	4.299179
80.581106	6854.823814	6.696422	-0.018813	4.300736
80.647274	6860.232075	6.701427	-0.018829	4.302341
80.673766	6865.428300	6.706432	-0.018836	4.303881
80.662293	6870.629323	6.711437	-0.018834	4.305419
80.765875	6875.369237	6.716442	-0.018860	4.306826
80.813278	6880.465591	6.721446	-0.018872	4.308336
80.868722	6885.599212	6.726451	-0.018886	4.309856
80.763328	6890.850484	6.731456	-0.018861	4.311402
80.680564	6896.038037	6.736461	-0.018842	4.312930
80.828121	6901.158812	6.741466	-0.018878	4.314450
80.946009	6906.165333	6.746470	-0.018907	4.315934
80.924498	6911.057912	6.751475	-0.018902	4.317376
81.137071	6916.203675	6.756480	-0.018954	4.318906
80.943585	6921.536382	6.761485	-0.018908	4.320467
81.041129	6927.103669	6.766490	-0.018932	4.322114
81.122775	6932.247886	6.771494	-0.018952	4.323634
81.116566	6937.418822	6.776499	-0.018952	4.325156
81.326896	6942.191637	6.781504	-0.019003	4.326573
81.199312	6947.310227	6.786509	-0.018973	4.328073
81.213018	6952.451990	6.791514	-0.018977	4.329586
81.479692	6957.633404	6.796518	-0.019041	4.331125
81.286652	6962.840661	6.801523	-0.018996	4.332645
81.471609	6967.966669	6.806528	-0.019040	4.334162
81.486787	6973.018723	6.811533	-0.019045	4.335647
81.505277	6977.915611	6.816538	-0.019050	4.337086
81.568928	6983.080147	6.821542	-0.019066	4.338606
81.576437	6988.214365	6.826547	-0.019068	4.340113
81.533466	6993.760966	6.831552	-0.019059	4.341738
81.592123	6998.920299	6.836557	-0.019073	4.343255
81.657889	7004.048186	6.841562	-0.019090	4.344762
81.770815	7008.963529	6.846566	-0.019117	4.346208
81.790945	7013.970158	6.851571	-0.019123	4.347676
81.799260	7019.184302	6.856576	-0.019125	4.349204
81.617452	7024.403352	6.861581	-0.019083	4.350722
81.792217	7029.490162	6.866586	-0.019125	4.352220
81.939599	7034.696956	6.871590	-0.019161	4.353752
81.972346	7039.747364	6.876595	-0.019169	4.355231
81.875621	7044.594759	6.881600	-0.019147	4.356643
81.954700	7049.758598	6.886605	-0.019167	4.358156
82.003210	7054.894603	6.891610	-0.019179	4.359660
82.243316	7060.486891	6.896614	-0.019237	4.361306
82.280635	7065.689682	6.901619	-0.019247	4.362827
82.188836	7070.825950	6.906624	-0.019225	4.364321
82.300604	7075.834629	6.911629	-0.019253	4.365788
82.287418	7080.745845	6.916634	-0.019250	4.367220
82.313328	7085.941749	6.921638	-0.019257	4.368736
82.332052	7091.080784	6.926643	-0.019262	4.370235
82.269741	7096.300688	6.931648	-0.019248	4.371753
82.407894	7101.480445	6.936653	-0.019282	4.373269
82.472335	7106.607921	6.941658	-0.019298	4.374765
82.438205	7111.461184	6.946662	-0.019290	4.376176
82.469615	7116.517625	6.951667	-0.019298	4.377649
82.590588	7121.693672	6.956672	-0.019328	4.379161
82.695960	7127.058023	6.961677	-0.019354	4.380726
82.598892	7132.371940	6.966682	-0.019331	4.382266
82.573266	7137.573705	6.971686	-0.019326	4.383776
82.513016	7142.604006	6.976691	-0.019312	4.385234
82.783554	7147.414684	6.981696	-0.019377	4.386645
82.894937	7152.656002	6.986701	-0.019405	4.388172
82.854965	7157.775926	6.991706	-0.019396	4.389656
82.732096	7162.993301	6.996710	-0.019367	4.391163
82.849205	7168.114127	7.001715	-0.019396	4.392654
82.829181	7173.304590	7.006720	-0.019392	4.394158
83.033183	7178.279662	7.011725	-0.019441	4.395610
82.975897	7183.265848	7.016730	-0.019428	4.397051
82.999698	7188.433127	7.021734	-0.019434	4.398549
82.928738	7193.735739	7.026739	-0.019418	4.400080
83.052044	7199.264183	7.031744	-0.019448	4.401687
83.018619	7204.488246	7.036749	-0.019441	4.403196
83.208309	7209.583289	7.041754	-0.019487	4.404679
83.175083	7214.420938	7.046758	-0.019480	4.406076
83.141985	7219.484832	7.051763	-0.019472	4.407538
83.195262	7224.659206	7.056768	-0.019486	4.409036
83.314863	7229.903484	7.061773	-0.019515	4.410556
83.232902	7235.018051	7.066778	-0.019496	4.412029
83.368161	7240.193892	7.071782	-0.019529	4.413529
83.300991	7245.215076	7.076787	-0.019514	4.414975
83.424266	7250.052279	7.081792	-0.019544	4.416376
83.438073	7255.275586	7.086797	-0.019548	4.417883
83.396968	7260.450888	7.091802	-0.019539	4.419372
83.566261	7265.927474	7.096806	-0.019580	4.420959
83.579384	7271.046849	7.101811	-0.019584	4.422434
83.598820	7276.268760	7.106816	-0.019589	4.423938
83.658488	7281.265063	7.111821	-0.019604	4.425380
83.723116	7286.141668	7.116826	-0.019620	4.426786
83.747346	7291.334244	7.121830	-0.019626	4.428281
83.832650	7296.485163	7.126835	-0.019647	4.429766
83.703234	7301.704164	7.131840	-0.019617	4.431260
83.885310	7306.870766	7.136845	-0.019661	4.432754
83.855238	7311.991948	7.141850	-0.019655	4.434223
83.935068	7316.873535	7.146854	-0.019675	4.435629
83.963055	7321.948607	7.151859	-0.019682	4.437087
83.948962	7327.119845	7.156864	-0.019679	4.438571
84.015481	7332.572472	7.161869	-0.019696	4.440138
83.973969	7337.956817	7.166874	-0.019687	4.441680
84.032703	7343.180472	7.171878	-0.019701	4.443181
83.968925	7348.316351	7.176883	-0.019687	4.444649
84.084502	7353.046292	7.181888	-0.019715	4.446010
84.234517	7358.141275	7.186893	-0.019752	4.447477
84.228848	7363.337339	7.191898	-0.019751	4.448964
84.186914	7368.599336	7.196902	-0.019741	4.450468
84.306752	7373.651345	7.201907	-0.019771	4.451919
84.387655	7378.818864	7.206912	-0.019791	4.453401
84.417711	7383.894378	7.211917	-0.019799	4.454854
84.308514	7388.744673	7.216922	-0.019773	4.456235
84.435003	7393.949705	7.221926	-0.019804	4.457728
84.491600	7399.108619	7.226931	-0.019818	4.459205
84.539007	7404.593474	7.231936	-0.019830	4.460773
84.599546	7409.764012	7.236941	-0.019845	4.462252
84.662545	7414.928194	7.241946	-0.019861	4.463729
84.566181	7419.947834	7.246950	-0.019839	4.465156
84.655573	7424.863322	7.251955	-0.019861	4.466562
84.744198	7430.024789	7.256960	-0.019883	4.468038
84.597739	7435.225594	7.261965	-0.019848	4.469513
84.661804	7440.373941	7.266970	-0.019864	4.470983
84.643522	7445.569004	7.271974	-0.019861	4.472461
84.893450	7450.653423	7.276979	-0.019921	4.473921
84.780145	7455.603983	7.281984	-0.019895	4.475324
84.743907	7460.690872	7.286989	-0.019887	4.476770
85.052030	7465.769166	7.291994	-0.019961	4.478229
84.998305	7471.174311	7.296998	-0.019949	4.479764
85.071680	7476.535146	7.302003	-0.019967	4.481291
85.033650	7481.695078	7.307008	-0.019959	4.482755
85.089140	7486.922994	7.312013	-0.019972	4.484243
85.200627	7491.575548	7.317018	-0.020000	4.485569
85.332384	7496.683636	7.322022	-0.020032	4.487026
85.312314	7501.782161	7.327027	-0.020028	4.488471
85.300094	7507.017469	7.332032	-0.020026	4.489956
85.437780	7512.221016	7.337037	-0.020059	4.491438
85.322058	7517.333287	7.342042	-0.020032	4.492882
85.334488	7522.425158	7.347046	-0.020036	4.494326
85.413019	7527.290195	7.352051	-0.020055	4.495708
85.416296	7532.423240	7.357056	-0.020057	4.497162
85.491045	7537.553422	7.362061	-0.020075	4.498618
85.564949	7543.075995	7.367066	-0.020094	4.500184
85.509650	7548.330145	7.372070	-0.020081	4.501668
85.497728	7553.480339	7.377075	-0.020079	4.503124
85.597947	7558.480518	7.382080	-0.020103	4.504543
85.652541	7563.357525	7.387085	-0.020117	4.505924
85.794028	7568.433396	7.392090	-0.020152	4.507365
85.789524	7573.676203	7.397094	-0.020151	4.508846
85.859553	7578.854962	7.402099	-0.020169	4.510312
85.835331	7583.985095	7.407104	-0.020163	4.511759
85.898922	7589.148410	7.412109	-0.020179	4.513219
85.894918	7594.123453	7.417114	-0.020179	4.514622
85.969476	7599.084491	7.422118	-0.020198	4.516025
85.834842	7604.269754	7.427123	-0.020166	4.517481
86.113414	7609.508479	7.432128	-0.020233	4.518970
86.164571	7615.107836	7.437133	-0.020246	4.520550
86.116049	7620.264824	7.442138	-0.020235	4.522001
86.172808	7625.427831	7.447142	-0.020250	4.523457
86.199769	7630.305791	7.452147	-0.020257	4.524831
86.102032	7635.290631	7.457152	-0.020234	4.526229
86.257884	7640.531694	7.462157	-0.020272	4.527711
86.277809	7645.595340	7.467162	-0.020277	4.529136
86.328133	7650.838743	7.472166	-0.020290	4.530612
86.294036	7656.006968	7.477171	-0.020282	4.532063
86.335644	7660.951811	7.482176	-0.020293	4.533454
86.434384	7665.873020	7.487181	-0.020317	4.534841
86.453717	7670.860258	7.492186	-0.020323	4.536242
86.490066	7676.037541	7.497190	-0.020332	4.537697
86.560629	7681.419983	7.502195	-0.020349	4.539211
86.617176	7686.683020	7.507200	-0.020364	4.540689
86.620620	7691.938861	7.512205	-0.020365	4.542163
86.587807	7697.055428	7.517210	-0.020358	4.543596
86.727181	7701.846187	7.522214	-0.020392	4.544945
86.716774	7706.954347	7.527219	-0.020390	4.546376
86.766201	7712.117683	7.532224	-0.020403	4.547824
86.770081	7717.352735	7.537229	-0.020404	4.549290
86.842132	7722.498902	7.542234	-0.020422	4.550733
86.870857	7727.641661	7.547238	-0.020430	4.552173
86.899108	7732.798417	7.552243	-0.020437	4.553617
87.148799	7737.567108	7.557248	-0.020497	4.554962
87.038285	7742.740063	7.562253	-0.020472	4.556403
87.102120	7747.877863	7.567258	-0.020488	4.557841
87.051677	7753.417441	7.572262	-0.020476	4.559387
87.154419	7758.804906	7.577267	-0.020501	4.560896
87.139765	7763.979835	7.582272	-0.020499	4.562340
87.209506	7769.111109	7.587277	-0.020516	4.563775
87.343490	7773.784570	7.592282	-0.020549	4.565085
87.114832	7779.017530	7.597286	-0.020495	4.566534
87.131675	7784.195885	7.602291	-0.020499	4.567978
87.292096	7789.354449	7.607296	-0.020538	4.569423
87.519822	7794.500245	7.612301	-0.020593	4.570868
87.480068	7799.660387	7.617306	-0.020585	4.572303
87.422285	7804.773519	7.622310	-0.020571	4.573724
87.435986	7809.608380	7.627315	-0.020575	4.575071
87.589122	7814.726968	7.632320	-0.020613	4.576502
87.582832	7819.919388	7.637325	-0.020612	4.577947
87.644448	7825.313395	7.642330	-0.020627	4.579449
87.570237	7830.611269	7.647334	-0.020610	4.580919
87.666757	7835.737937	7.652339	-0.020634	4.582348
87.716211	7840.779531	7.657344	-0.020646	4.583751
87.766239	7845.678694	7.662349	-0.020659	4.585114
87.724250	7850.764161	7.667354	-0.020650	4.586525
87.872374	7855.922519	7.672358	-0.020686	4.587963
87.905343	7861.141829	7.677363	-0.020694	4.589413
87.813630	7866.291939	7.682368	-0.020673	4.590838
87.843303	7871.515060	7.687373	-0.020681	4.592287
87.866214	7876.504419	7.692378	-0.020687	4.593672
87.961147	7881.408097	7.697382	-0.020710	4.595035
87.998209	7886.561578	7.702387	-0.020720	4.596465
88.118256	7891.707716	7.707392	-0.020749	4.597895
88.005817	7897.406294	7.712397	-0.020723	4.599468
88.167316	7902.573946	7.717402	-0.020762	4.600906
88.120149	7907.761242	7.722406	-0.020752	4.602339
88.217251	7912.833119	7.727411	-0.020775	4.603747
88.278144	7917.638055	7.732416	-0.020791	4.605078
88.314729	7922.839112	7.737421	-0.020800	4.606518
88.304303	7927.943190	7.742426	-0.020798	4.607928
88.353517	7933.182741	7.747430	-0.020811	4.609378
88.393241	7938.307914	7.752435	-0.020821	4.610795
88.373676	7943.473620	7.757440	-0.020817	4.612221
88.361884	7948.575189	7.762445	-0.020815	4.613629
88.402559	7953.373419	7.767450	-0.020825	4.614954
88.532217	7958.559432	7.772454	-0.020857	4.616391
88.528525	7963.731132	7.777459	-0.020857	4.617817
88.512424	7969.248461	7.782464	-0.020853	4.619337
88.643724	7974.432427	7.787469	-0.020885	4.620772
88.693818	7979.558509	7.792474	-0.020898	4.622187
88.782412	7984.613135	7.797478	-0.020920	4.623583
88.694502	7989.445771	7.802483	-0.020900	4.624910
88.719146	7994.675824	7.807488	-0.020906	4.626350
88.889555	7999.821856	7.812493	-0.020947	4.627774
88.821535	8005.038172	7.817498	-0.020932	4.629206
88.828063	8010.176087	7.822502	-0.020934	4.630619
89.074958	8015.404529	7.827507	-0.020994	4.632068
89.017060	8020.388895	7.832512	-0.020981	4.633435
89.062694	8025.259401	7.837517	-0.020992	4.634775
89.099944	8030.402070	7.842522	-0.021002	4.636190
89.083988	8035.620710	7.847526	-0.020999	4.637622
89.118828	8041.275385	7.852531	-0.021008	4.639176
89.108168	8046.432827	7.857536	-0.021006	4.640591
89.238884	8051.703781	7.862541	-0.021038	4.642042
89.097687	8056.717691	7.867546	-0.021005	4.643411
89.213922	8061.567105	7.872550	-0.021033	4.644746
89.284200	8066.707722	7.877555	-0.021050	4.646158
89.357072	8071.864328	7.882560	-0.021069	4.647574
89.334441	8077.045555	7.887565	-0.021064	4.648993
89.331728	8082.165928	7.892570	-0.021064	4.650395
89.426117	8087.399179	7.897574	-0.021087	4.651832
89.361612	8092.461662	7.902579	-0.021072	4.653214
89.501741	8097.249268	7.907584	-0.021106	4.654530
89.438467	8102.401246	7.912589	-0.021092	4.655937
89.494302	8107.554361	7.917594	-0.021106	4.657348
89.563961	8112.979904	7.922598	-0.021123	4.658834
89.525316	8118.306454	7.927603	-0.021115	4.660288
89.461589	8123.443118	7.932608	-0.021100	4.661689
89.617919	8128.556074	7.937613	-0.021138	4.663092
89.586326	8133.309951	7.942618	-0.021131	4.664388
89.729762	8138.514898	7.947622	-0.021166	4.665815
89.738788	8143.654310	7.952627	-0.021169	4.667218
89.796139	8148.869023	7.957632	-0.021184	4.668643
89.806665	8154.031941	7.962637	-0.021187	4.670051
89.888311	8159.177347	7.967642	-0.021207	4.671457
89.885397	8164.287048	7.972646	-0.021207	4.672849
89.911061	8169.091266	7.977651	-0.021214	4.674159
90.070264	8174.209741	7.982656	-0.021252	4.675560
90.168046	8179.420738	7.987661	-0.021276	4.676983
90.158873	8184.927519	7.992666	-0.021275	4.678482
90.070419	8190.276194	7.997670	-0.021254	4.679934
90.182731	8195.463475	8.002675	-0.021282	4.681349
90.282113	8200.544130	8.007680	-0.021306	4.682735
90.351186	8205.343860	8.012685	-0.021324	4.684043
90.436469	8210.391755	8.017690	-0.021345	4.685419
90.302025	8215.639334	8.022694	-0.021313	4.686839
90.410312	8220.792487	8.027699	-0.021340	4.688243
90.229129	8225.951473	8.032704	-0.021297	4.689636
90.316530	8231.138546	8.037709	-0.021319	4.691048
90.285588	8236.294744	8.042714	-0.021312	4.692446
90.461888	8241.101884	8.047718	-0.021355	4.693758
90.456700	8246.242158	8.052723	-0.021354	4.695152
90.484717	8251.342022	8.057728	-0.021361	4.696536
90.538067	8256.645723	8.062733	-0.021375	4.697976
90.621692	8262.054757	8.067738	-0.021396	4.699445
90.723430	8267.214921	8.072742	-0.021421	4.700847
90.795439	8272.390417	8.077747	-0.021438	4.702252
90.741693	8277.264866	8.082752	-0.021426	4.703569
90.841591	8282.275318	8.087757	-0.021451	4.704929
90.759311	8287.452297	8.092762	-0.021432	4.706327
90.780219	8292.610484	8.097766	-0.021437	4.707723
90.771937	8297.867018	8.102771	-0.021436	4.709144
90.764367	8302.994508	8.107776	-0.021435	4.710530
90.947022	8308.116612	8.112781	-0.021479	4.711922
90.667430	8313.139275	8.117786	-0.021413	4.713267
90.818290	8318.077317	8.122790	-0.021450	4.714607
90.854800	8323.288508	8.127795	-0.021459	4.716016
90.851298	8328.390484	8.132800	-0.021459	4.717393
91.093207	8334.202064	8.137805	-0.021518	4.718971
91.137959	8339.297675	8.142810	-0.021529	4.720348
91.202050	8344.538912	8.147814	-0.021545	4.721764
91.155107	8349.489238	8.152819	-0.021534	4.723097
91.184019	8354.437643	8.157824	-0.021542	4.724432
91.251818	8359.528778	8.162829	-0.021559	4.725806
91.283787	8364.719528	8.167834	-0.021567	4.727206
91.367292	8369.937717	8.172838	-0.021588	4.728614
91.220133	8375.102764	8.177843	-0.021553	4.729999
91.247628	8380.209470	8.182848	-0.021560	4.731375
91.328923	8385.313101	8.187853	-0.021581	4.732751
91.339235	8390.129360	8.192858	-0.021584	4.734047
91.346472	8395.253946	8.197862	-0.021586	4.735425
91.331577	8400.472766	8.202867	-0.021583	4.736828
91.504259	8405.780175	8.207872	-0.021625	4.738261
91.582299	8411.181217	8.212877	-0.021644	4.739715
91.578190	8416.297391	8.217882	-0.021644	4.741089
91.609504	8421.444665	8.222886	-0.021652	4.742473
91.687121	8426.139892	8.227891	-0.021671	4.743736
91.856469	8431.287022	8.232896	-0.021713	4.745124
91.716948	8436.504812	8.237901	-0.021680	4.746518
91.828709	8441.692668	8.242906	-0.021707	4.747914
91.877322	8446.853005	8.247910	-0.021720	4.749300
91.846309	8452.009171	8.252915	-0.021713	4.750681
91.904653	8457.238682	8.257920	-0.021727	4.752084
91.919938	8462.012210	8.262925	-0.021732	4.753364
91.922826	8467.096655	8.267930	-0.021733	4.754726
91.917566	8472.263065	8.272934	-0.021733	4.756109
92.055405	8477.624552	8.277939	-0.021766	4.757549
91.994471	8483.135991	8.282944	-0.021752	4.759021
92.051836	8488.314211	8.287949	-0.021767	4.760409
92.099749	8493.489510	8.292954	-0.021779	4.761795
92.136243	8498.288412	8.297958	-0.021788	4.763079
92.156384	8503.373745	8.302963	-0.021794	4.764439
92.336410	8508.490869	8.307968	-0.021837	4.765813
92.245244	8513.756769	8.312973	-0.021816	4.767216
92.322106	8518.826556	8.317978	-0.021835	4.768573
92.317255	8523.990457	8.322982	-0.021835	4.769952
92.206139	8529.243904	8.327987	-0.021809	4.771349
92.332955	8534.128265	8.332992	-0.021840	4.772657
92.447176	8539.096614	8.337997	-0.021868	4.773987
92.599896	8544.209491	8.343002	-0.021905	4.775356
92.570284	8549.435914	8.348006	-0.021899	4.776748
92.537911	8554.973578	8.353011	-0.021892	4.778223
92.631027	8560.095053	8.358016	-0.021914	4.779591
92.680368	8565.350991	8.363021	-0.021927	4.780993
92.763525	8570.331514	8.368026	-0.021947	4.782322
92.726305	8575.187770	8.373030	-0.021939	4.783613
92.731666	8580.363010	8.378035	-0.021941	4.784991
92.687014	8585.535236	8.383040	-0.021931	4.786365
92.688298	8590.788004	8.388045	-0.021932	4.787762
92.696379	8595.839334	8.393050	-0.021935	4.789106
92.743942	8601.131906	8.398054	-0.021947	4.790514
92.998525	8606.227027	8.403059	-0.022008	4.791878
92.865792	8611.053826	8.408064	-0.021977	4.793155
93.051353	8616.147672	8.413069	-0.022022	4.794515
92.916101	8621.293804	8.418074	-0.021991	4.795876
93.034190	8626.732037	8.423078	-0.022019	4.797324
93.009696	8632.227694	8.428083	-0.022014	4.798782
93.179852	8637.394619	8.433088	-0.022056	4.800159
93.171481	8642.590979	8.438093	-0.022054	4.801537
93.152869	8647.368656	8.443098	-0.022050	4.802803
93.094112	8652.440770	8.448102	-0.022037	4.804145
93.178477	8657.569277	8.453107	-0.022058	4.805507
93.299725	8662.694005	8.458112	-0.022088	4.806869
93.361852	8667.951270	8.463117	-0.022103	4.808264
93.295344	8673.052652	8.468122	-0.022088	4.809612
93.469556	8678.280486	8.473126	-0.022130	4.811002
93.495374	8683.265442	8.478131	-0.022137	4.812322
93.376196	8688.083487	8.483136	-0.022109	4.813592
93.560662	8693.321378	8.488141	-0.022154	4.814984
93.524184	8698.450410	8.493146	-0.022146	4.816339
93.482768	8703.957265	8.498150	-0.022137	4.817793
93.520054	8709.189924	8.503155	-0.022146	4.819176
93.648138	8714.303700	8.508160	-0.022178	4.820532
93.692548	8719.547824	8.513165	-0.022189	4.821919
93.632998	8724.215561	8.518170	-0.022175	4.823149
93.666523	8729.338672	8.523174	-0.022184	4.824502
93.626474	8734.604945	8.528179	-0.022175	4.825890
93.698479	8739.736223	8.533184	-0.022193	4.827246
93.775633	8744.947576	8.538189	-0.022212	4.828623
93.802998	8750.047799	8.543194	-0.022219	4.829969
94.022345	8755.159262	8.548198	-0.022272	4.831324
93.989711	8760.155832	8.553203	-0.022265	4.832640
93.909298	8765.114209	8.558208	-0.022247	4.833943
94.014947	8770.313488	8.563213	-0.022273	4.835316
94.168565	8775.479110	8.568218	-0.022310	4.836681
94.339218	8781.132676	8.573223	-0.022351	4.838175
94.190595	8786.340029	8.578227	-0.022317	4.839540
94.253079	8791.462421	8.583232	-0.022332	4.840890
94.188704	8796.454295	8.588237	-0.022317	4.842200
94.220354	8801.360510	8.593242	-0.022326	4.843491
94.269080	8806.359530	8.598247	-0.022338	4.844807
94.134303	8811.543446	8.603251	-0.022306	4.846164
94.379841	8816.640385	8.608256	-0.022366	4.847511
94.400632	8821.837723	8.613261	-0.022371	4.848877
94.291638	8827.036650	8.618266	-0.022346	4.850238
94.562301	8832.107183	8.623271	-0.022411	4.851579
94.589659	8836.958128	8.628275	-0.022419	4.852852
94.373993	8842.055780	8.633280	-0.022368	4.854182
94.528295	8847.219259	8.638285	-0.022405	4.855541
94.570322	8852.534286	8.643290	-0.022416	4.856936
94.633583	8857.890822	8.648295	-0.022432	4.858342
94.711474	8863.095566	8.653299	-0.022451	4.859709
94.713614	8868.271669	8.658304	-0.022452	4.861065
94.768278	8873.153448	8.663309	-0.022466	4.862345
94.687209	8878.174406	8.668314	-0.022447	4.863657
94.825748	8883.386144	8.673319	-0.022481	4.865026
94.885189	8888.523095	8.678323	-0.022496	4.866372
94.799538	8893.687284	8.683328	-0.022476	4.867720
94.944833	8898.883435	8.688333	-0.022511	4.869084
95.047737	8903.981763	8.693338	-0.022537	4.870420
94.903996	8909.090046	8.698343	-0.022503	4.871750
94.946826	8913.959173	8.703347	-0.022514	4.873024
94.944579	8919.086741	8.708352	-0.022514	4.874363
95.112196	8924.279921	8.713357	-0.022555	4.875725
95.137857	8929.834746	8.718362	-0.022562	4.877176
95.065818	8935.215451	8.723367	-0.022545	4.878578
95.335068	8940.379114	8.728371	-0.022610	4.879935
95.514394	8945.487037	8.733376	-0.022654	4.881274
95.704090	8950.222625	8.738381	-0.022700	4.882515
95.770220	8955.276785	8.743386	-0.022716	4.883835
95.875793	8960.407277	8.748391	-0.022742	4.885176
96.000972	8965.679174	8.753395	-0.022773	4.886554
95.740067	8970.818799	8.758400	-0.022711	4.887884
95.983372	8975.993814	8.763405	-0.022770	4.889240
95.949971	8981.155965	8.768410	-0.022762	4.890583
96.095182	8986.067595	8.773415	-0.022798	4.891866
96.123278	8991.041870	8.778419	-0.022805	4.893162
96.043066	8996.195234	8.783424	-0.022787	4.894500
96.126563	9001.326860	8.788429	-0.022807	4.895837
96.136450	9006.854082	8.793434	-0.022810	4.897274
96.168079	9012.134947	8.798439	-0.022819	4.898648
96.390239	9017.223631	8.803443	-0.022872	4.899978
96.282411	9022.357776	8.808448	-0.022847	4.901308
96.266046	9027.101163	8.813453	-0.022844	4.902539
96.400649	9032.234532	8.818458	-0.022877	4.903877
96.504992	9037.407049	8.823463	-0.022902	4.905223
96.618471	9042.635157	8.828467	-0.022930	4.906584
96.429342	9047.776125	8.833472	-0.022886	4.907911
96.500260	9052.948960	8.838477	-0.022903	4.909255
96.561089	9058.159494	8.843482	-0.022919	4.910608
96.747849	9063.053663	8.848487	-0.022964	4.911883
96.740202	9067.983294	8.853491	-0.022963	4.913160
96.831180	9073.175976	8.858496	-0.022985	4.914508
96.959483	9078.356747	8.863501	-0.023016	4.915855
96.938176	9084.129109	8.868506	-0.023012	4.917349
96.874717	9089.283900	8.873511	-0.022998	4.918681
97.021927	9094.459418	8.878515	-0.023033	4.920025
97.034951	9099.464536	8.883520	-0.023037	4.921320
96.983002	9104.224777	8.888525	-0.023025	4.922550
96.982579	9109.462458	8.893530	-0.023026	4.923904
97.034504	9114.652445	8.898535	-0.023039	4.925247
97.105772	9119.844957	8.903539	-0.023057	4.926592
97.049850	9124.916554	8.908544	-0.023044	4.927900
97.090924	9130.165398	8.913549	-0.023055	4.929257
97.080268	9135.308785	8.918554	-0.023053	4.930585
97.080980	9140.085585	8.923559	-0.023053	4.931818
97.288928	9145.166874	8.928563	-0.023104	4.933137
97.295763	9150.358042	8.933568	-0.023106	4.934476
97.058692	9155.538745	8.938573	-0.023050	4.935805
97.240400	9161.081715	8.943578	-0.023094	4.937240
97.331056	9166.237260	8.948583	-0.023117	4.938573
97.393585	9171.430579	8.953587	-0.023132	4.939913
97.475178	9176.472591	8.958592	-0.023152	4.941215
97.395959	9181.325837	8.963597	-0.023134	4.942463
97.407779	9186.437691	8.968602	-0.023138	4.943779
97.477853	9191.551882	8.973607	-0.023155	4.945098
97.515843	9196.812317	8.978611	-0.023165	4.946454
97.591708	9202.007442	8.983616	-0.023184	4.947793
97.628718	9207.192002	8.988621	-0.023193	4.949128
97.663170	9212.343093	8.993626	-0.023202	4.950454
97.744224	9217.171412	8.998631	-0.023222	4.951698
97.832958	9222.259935	9.003635	-0.023244	4.953009
97.752168	9227.431092	9.008640	-0.023225	4.954335
97.782845	9232.616081	9.013645	-0.023233	4.955668
97.731830	9238.318665	9.018650	-0.023222	4.957131
97.913528	9243.410687	9.023655	-0.023266	4.958445
98.005260	9248.656695	9.028659	-0.023288	4.959794
97.766548	9253.760117	9.033664	-0.023232	4.961096
97.924412	9258.539262	9.038669	-0.023270	4.962328
98.055661	9263.696749	9.043674	-0.023302	4.963655
98.098145	9268.804833	9.048679	-0.023313	4.964966
98.032992	9274.042435	9.053683	-0.023298	4.966307
98.063621	9279.165729	9.058688	-0.023306	4.967621
98.087792	9284.406978	9.063693	-0.023313	4.968964
98.151232	9289.534975	9.068698	-0.023329	4.970280
98.331713	9294.342287	9.073703	-0.023372	4.971517
98.185285	9299.358001	9.078707	-0.023338	4.972796
98.144486	9304.559265	9.083712	-0.023329	4.974126
98.313575	9309.690306	9.088717	-0.023370	4.975445
98.313069	9315.250569	9.093722	-0.023371	4.976867
98.462858	9320.321016	9.098727	-0.023407	4.978169
98.563494	9325.617614	9.103731	-0.023432	4.979526
98.586977	9330.682272	9.108736	-0.023438	4.980821
98.576023	9335.409220	9.113741	-0.023436	4.982029
98.510866	9340.577979	9.118746	-0.023421	4.983347
98.577251	9345.819651	9.123751	-0.023438	4.984688
98.736054	9350.996176	9.128755	-0.023476	4.986015
98.587968	9356.107246	9.133760	-0.023442	4.987315
98.682164	9361.310516	9.138765	-0.023465	4.988646
98.725812	9366.494577	9.143770	-0.023476	4.989970
98.677728	9371.441716	9.148775	-0.023465	4.991230
98.803213	9376.393001	9.153779	-0.023496	4.992497
98.773198	9381.551057	9.158784	-0.023489	4.993811
98.879234	9386.671532	9.163789	-0.023515	4.995119
98.961700	9392.418830	9.168794	-0.023536	4.996586
98.845187	9397.677631	9.173799	-0.023509	4.997922
99.141634	9402.811948	9.178803	-0.023580	4.999239
99.124602	9407.910388	9.183808	-0.023577	5.000537
98.996983	9412.670489	9.188813	-0.023547	5.001744
98.992764	9417.782151	9.193818	-0.023546	5.003045
99.226083	9422.914987	9.198823	-0.023603	5.004358
99.171341	9428.150969	9.203827	-0.023590	5.005688
99.144234	9433.332126	9.208832	-0.023585	5.007005
99.159988	9438.531488	9.213837	-0.023589	5.008327
99.271244	9443.625910	9.218842	-0.023616	5.009625
99.221327	9448.672603	9.223847	-0.023605	5.010906
99.261771	9453.517745	9.228851	-0.023615	5.012138
99.153646	9458.655222	9.233856	-0.023590	5.013439
99.314685	9463.852153	9.238861	-0.023629	5.014763
99.463549	9469.288203	9.243866	-0.023666	5.016147
99.440519	9474.527691	9.248871	-0.023661	5.017476
99.447959	9479.788240	9.253875	-0.023663	5.018811
99.486410	9484.961465	9.258880	-0.023673	5.020124
99.553323	9489.784064	9.263885	-0.023690	5.021349
99.532479	9494.852560	9.268890	-0.023685	5.022633
99.484206	9500.000833	9.273895	-0.023675	5.023936
99.630843	9505.100954	9.278899	-0.023710	5.025232
99.652714	9510.354366	9.283904	-0.023716	5.026564
99.683649	9515.532858	9.288909	-0.023724	5.027876
99.648283	9520.712076	9.293914	-0.023716	5.029186
99.705231	9525.754427	9.298919	-0.023731	5.030464
99.856615	9530.548523	9.303923	-0.023768	5.031681
99.851558	9535.718148	9.308928	-0.023767	5.032989
99.826570	9540.929787	9.313933	-0.023762	5.034306
100.032724	9546.302782	9.318938	-0.023812	5.035671
99.861766	9551.865802	9.323943	-0.023771	5.037071
100.037743	9557.037830	9.328947	-0.023814	5.038384
100.152535	9562.165422	9.333952	-0.023842	5.039682
100.029023	9567.170759	9.338957	-0.023813	5.040943
100.125058	9572.100412	9.343962	-0.023837	5.042190
100.217659	9577.182637	9.348967	-0.023860	5.043476
100.283053	9582.348613	9.353971	-0.023876	5.044781
100.135713	9587.535059	9.358976	-0.023842	5.046086
100.191225	9592.732130	9.363981	-0.023856	5.047398
100.355933	9597.932471	9.368986	-0.023896	5.048714
100.332746	9602.995469	9.373991	-0.023891	5.049990
100.203945	9607.860391	9.378995	-0.023861	5.051212
100.347014	9612.880179	9.384000	-0.023895	5.052481
100.380067	9618.142345	9.389005	-0.023904	5.053808
100.371119	9623.301752	9.394010	-0.023903	5.055107
100.466800	9628.834611	9.399015	-0.023926	5.056503
100.597455	9633.971657	9.404019	-0.023958	5.057800
100.682466	9639.116669	9.409024	-0.023979	5.059097
100.627226	9644.269573	9.414029	-0.023966	5.060391
100.686013	9649.036712	9.419034	-0.023981	5.061592
100.657647	9654.149254	9.424039	-0.023975	5.062877
100.728604	9659.302383	9.429043	-0.023993	5.064174
100.680114	9664.564006	9.434048	-0.023982	5.065495
100.557828	9669.749860	9.439053	-0.023953	5.066795
100.732628	9674.903582	9.444058	-0.023996	5.068094
100.735269	9680.050148	9.449063	-0.023997	5.069387
100.833067	9685.086208	9.454067	-0.024021	5.070654
100.663948	9689.976709	9.459072	-0.023981	5.071877
100.743138	9695.143103	9.464077	-0.024001	5.073175
100.811521	9700.282226	9.469082	-0.024018	5.074467
100.897188	9705.870109	9.474087	-0.024039	5.075871
100.866225	9711.214040	9.479091	-0.024032	5.077210
100.936485	9716.426841	9.484096	-0.024050	5.078518
101.065887	9721.508334	9.489101	-0.024081	5.079796
100.894542	9726.379085	9.494106	-0.024041	5.081011
101.048469	9731.376762	9.499111	-0.024078	5.082267
101.213603	9736.585151	9.504115	-0.024119	5.083576
101.293432	9741.708706	9.509120	-0.024138	5.084861
101.223554	9746.956813	9.514125	-0.024122	5.086173
101.275688	9752.079951	9.519130	-0.024135	5.087456
101.260116	9757.254594	9.524135	-0.024132	5.088751
101.333062	9762.351751	9.529139	-0.024150	5.090027
101.302723	9767.104868	9.534144	-0.024144	5.091215
101.276317	9772.240851	9.539149	-0.024138	5.092498
101.386936	9777.427459	9.544154	-0.024165	5.093798
101.330195	9782.721973	9.549159	-0.024152	5.095119
101.499945	9788.255829	9.554163	-0.024194	5.096506
101.411498	9793.372953	9.559168	-0.024173	5.097781
101.554946	9798.520034	9.564173	-0.024208	5.099070
101.372699	9803.556526	9.569178	-0.024165	5.100322
101.526872	9808.363391	9.574183	-0.024203	5.101526
101.607996	9813.565196	9.579187	-0.024223	5.102826
101.627955	9818.780271	9.584192	-0.024228	5.104127
101.639792	9823.953771	9.589197	-0.024232	5.105418
101.595969	9829.143626	9.594202	-0.024222	5.106710
101.864999	9834.270732	9.599207	-0.024287	5.107995
101.746240	9839.486693	9.604211	-0.024259	5.109292
101.841610	9844.340180	9.609216	-0.024283	5.110503
101.948399	9849.332736	9.614221	-0.024309	5.111750
101.842954	9854.554758	9.619226	-0.024284	5.113047
101.805113	9859.648823	9.624231	-0.024276	5.114314
101.979487	9865.303877	9.629235	-0.024318	5.115726
101.958841	9870.495341	9.634240	-0.024314	5.117017
101.926566	9875.616591	9.639245	-0.024307	5.118290
102.036260	9880.797375	9.644250	-0.024334	5.119581
102.095912	9885.515305	9.649255	-0.024349	5.120755
102.065751	9890.657656	9.654259	-0.024342	5.122033
102.016828	9895.795824	9.659264	-0.024331	5.123308
102.024885	9900.964134	9.664269	-0.024334	5.124592
102.205575	9906.208913	9.669274	-0.024378	5.125900
102.201229	9911.333448	9.674279	-0.024377	5.127172
102.273401	9916.535079	9.679283	-0.024395	5.128465
102.376508	9921.582380	9.684288	-0.024421	5.129720
102.264676	9926.414266	9.689293	-0.024394	5.130916
102.410244	9931.538642	9.694298	-0.024430	5.132191
102.374006	9936.678038	9.699303	-0.024422	5.133464
102.535669	9941.949353	9.704307	-0.024461	5.134776
102.432536	9947.446393	9.709312	-0.024437	5.136135
102.422857	9952.648562	9.714317	-0.024436	5.137424
102.465814	9957.773166	9.719322	-0.024447	5.138695
102.532540	9962.762810	9.724327	-0.024463	5.139932
102.564363	9967.591029	9.729331	-0.024471	5.141129
102.550449	9972.752061	9.734336	-0.024469	5.142406
102.761131	9977.883592	9.739341	-0.024520	5.143682
102.732493	9983.119483	9.744346	-0.024514	5.144976
102.766269	9988.227456	9.749351	-0.024522	5.146241
102.895305	9993.438728	9.754355	-0.024554	5.147533
102.778503	9998.575703	9.759360	-0.024527	5.148800
102.871887	10003.555979	9.764365	-0.024550	5.150033
102.789397	10008.508484	9.769370	-0.024530	5.151255
102.828548	10013.612036	9.774375	-0.024541	5.152517
102.960873	10018.781382	9.779379	-0.024573	5.153797
102.922109	10024.419387	9.784384	-0.024564	5.155188
102.992345	10029.777760	9.789389	-0.024582	5.156513
102.988662	10034.979741	9.794394	-0.024582	5.157797
102.958040	10040.098592	9.799399	-0.024575	5.159059
103.009765	10044.961766	9.804403	-0.024588	5.160260
103.042985	10049.949611	9.809408	-0.024596	5.161491
103.221116	10055.087781	9.814413	-0.024640	5.162763
103.169758	10060.302458	9.819418	-0.024628	5.164047
103.167466	10065.467569	9.824423	-0.024628	5.165320
103.329840	10070.639214	9.829427	-0.024668	5.166598
103.359900	10075.784439	9.834432	-0.024676	5.167866
103.341426	10080.895523	9.839437	-0.024672	5.169124
103.291412	10085.718232	9.844442	-0.024660	5.170310
103.399540	10090.753595	9.849447	-0.024687	5.171553
103.500200	10095.986395	9.854451	-0.024712	5.172843
103.350574	10101.203859	9.859456	-0.024677	5.174123
103.491001	10106.810858	9.864461	-0.024711	5.175505
103.428922	10111.930293	9.869466	-0.024697	5.176763
103.649063	10117.045340	9.874471	-0.024750	5.178026
103.572126	10122.220923	9.879475	-0.024732	5.179296
103.570422	10126.994640	9.884480	-0.024733	5.180469
103.505380	10132.102746	9.889485	-0.024718	5.181722
103.797666	10137.211461	9.894490	-0.024788	5.182984
103.611865	10142.419909	9.899495	-0.024744	5.184258
103.740888	10147.638623	9.904499	-0.024776	5.185543
103.758692	10152.809219	9.909504	-0.024781	5.186812
103.723288	10157.928099	9.914509	-0.024773	5.188067
103.783305	10163.050992	9.919514	-0.024788	5.189325
103.866763	10167.830208	9.924519	-0.024809	5.190499
103.846108	10173.018690	9.929523	-0.024804	5.191771
103.894545	10178.157952	9.934528	-0.024817	5.193032
103.921384	10183.540257	9.939533	-0.024824	5.194352
104.026604	10189.245915	9.944538	-0.024850	5.195752
104.010797	10194.342271	9.949543	-0.024847	5.197000
104.117810	10199.439910	9.954547	-0.024873	5.198251
104.032167	10204.503840	9.959552	-0.024853	5.199489
104.037136	10209.347847	9.964557	-0.024855	5.200674
104.026303	10214.502105	9.969562	-0.024853	5.201935
104.144823	10219.614960	9.974567	-0.024882	5.203189
104.264508	10224.854073	9.979571	-0.024911	5.204473
104.232934	10229.982325	9.984576	-0.024904	5.205727
104.186294	10235.127396	9.989581	-0.024894	5.206983
104.292601	10240.310438	9.994586	-0.024920	5.208253
104.370482	10245.302161	9.999591	-0.024939	5.209474
104.346579	10247.419520	10.004595	-0.024934	5.209991
104.321845	10247.367000	10.009600	-0.024928	5.209978
104.335526	10247.382179	10.014592	-0.024932	5.209982
104.487542	10247.351208	10.019584	-0.024968	5.209978
104.306703	10247.358053	10.024576	-0.024925	5.209975
104.347876	10247.393490	10.029568	-0.024935	5.209985
104.318115	10247.366978	10.034560	-0.024928	5.209978
104.423112	10247.372837	10.039552	-0.024953	5.209982
104.383362	10247.376814	10.044544	-0.024944	5.209982
104.263919	10247.391487	10.049536	-0.024916	5.209982
104.315558	10247.381011	10.054528	-0.024928	5.209981
104.345512	10247.347122	10.059520	-0.024936	5.209974
104.325703	10247.361876	10.064512	-0.024931	5.209977
104.379926	10247.411357	10.069504	-0.024944	5.209990
104.441180	10247.385805	10.074496	-0.024959	5.209985
104.515135	10247.375614	10.079488	-0.024977	5.209985
104.489090	10247.362816	10.084480	-0.024971	5.209981
104.481568	10247.380160	10.089472	-0.024969	5.209985
104.490455	10247.340734	10.094464	-0.024972	5.209976
104.419489	10247.382491	10.099456	-0.024955	5.209984
104.565395	10247.370081	10.104448	-0.024990	5.209985
104.454690	10247.367206	10.109440	-0.024964	5.209981
104.463096	10247.380361	10.114432	-0.024966	5.209985
104.416120	10247.408139	10.119424	-0.024955	5.209990
104.624094	10247.356080	10.124416	-0.025005	5.209983
104.582271	10247.379488	10.129408	-0.024995	5.209988
104.511440	10247.364855	10.134400	-0.024978	5.209982
104.555952	10247.357669	10.139392	-0.024989	5.209982
104.648010	10247.353317	10.144384	-0.025011	5.209983
104.476051	10247.345162	10.149376	-0.024970	5.209977
104.470811	10247.381492	10.154368	-0.024969	5.209985
104.437398	10247.387385	10.159360	-0.024961	5.209986
104.575906	10247.366761	10.164352	-0.024995	5.209984
104.467473	10247.354684	10.169344	-0.024969	5.209979
104.406368	10247.356997	10.174336	-0.024954	5.209978
104.611383	10247.343679	10.179328	-0.025004	5.209980
104.509033	10247.359170	10.184320	-0.024979	5.209981
104.544216	10247.368312	10.189312	-0.024988	5.209984
104.535521	10247.351180	10.194304	-0.024986	5.209980
104.469219	10247.360430	10.199296	-0.024970	5.209980
104.702167	10247.366043	10.204288	-0.025026	5.209988
104.532418	10247.352537	10.209280	-0.024986	5.209980
104.568294	10247.365451	10.214272	-0.024995	5.209984
104.528368	10247.346383	10.219264	-0.024985	5.209979
104.589821	10247.334905	10.224256	-0.025000	5.209977
104.602934	10247.365518	10.229248	-0.025004	5.209985
104.600873	10247.350273	10.234240	-0.025003	5.209981
104.438679	10247.388528	10.239232	-0.024965	5.209987
104.594635	10247.348186	10.244224	-0.025002	5.209981
104.612794	10247.336001	10.249216	-0.025007	5.209978
104.576110	10247.342228	10.254208	-0.024998	5.209979
104.427872	10247.348308	10.259200	-0.024963	5.209977
104.433789	10247.377093	10.264192	-0.024964	5.209984
104.514150	10247.349591	10.269184	-0.024984	5.209979
104.601653	10247.334173	10.274176	-0.025005	5.209978
104.562632	10247.357295	10.279168	-0.024996	5.209982
104.542556	10247.346450	10.284160	-0.024991	5.209979
104.561142	10247.341910	10.289152	-0.024996	5.209979
104.603239	10247.340096	10.294144	-0.025006	5.209979
104.561490	10247.330182	10.299136	-0.024996	5.209976
104.634816	10247.335431	10.304128	-0.025014	5.209979
104.495112	10247.322702	10.309120	-0.024981	5.209972
104.654442	10247.331985	10.314112	-0.025019	5.209979
104.553714	10247.329373	10.319104	-0.024995	5.209975
104.595743	10247.321159	10.324096	-0.025005	5.209974
104.540800	10247.353593	10.329088	-0.024992	5.209981
104.584756	10247.329807	10.334080	-0.025003	5.209976
104.742919	10247.344334	10.339072	-0.025041	5.209984
104.670111	10247.341435	10.344064	-0.025024	5.209981
104.609103	10247.329643	10.349056	-0.025010	5.209977
104.668805	10247.350376	10.354048	-0.025024	5.209984
104.639684	10247.309704	10.359040	-0.025017	5.209973
104.649722	10247.361132	10.364032	-0.025020	5.209986
104.532554	10247.362759	10.369024	-0.024992	5.209983
104.573442	10247.340568	10.374016	-0.025002	5.209979
104.791640	10247.341280	10.379008	-0.025054	5.209984
104.629631	10247.323140	10.384000	-0.025016	5.209976
104.638452	10247.349066	10.388992	-0.025018	5.209983
104.598793	10247.328689	10.393984	-0.025009	5.209977
104.638680	10247.333507	10.398976	-0.025019	5.209979
104.637314	10247.346378	10.403968	-0.025018	5.209982
104.629520	10247.324030	10.408960	-0.025017	5.209976
104.661117	10247.354038	10.413952	-0.025024	5.209984
104.785027	10247.329780	10.418944	-0.025054	5.209982
104.735988	10247.321891	10.423936	-0.025043	5.209979
104.815835	10247.331599	10.428928	-0.025062	5.209983
104.685055	10247.320522	10.433920	-0.025031	5.209977
104.740028	10247.357114	10.438912	-0.025044	5.209987
104.674463	10247.339380	10.443904	-0.025029	5.209981
104.615545	10247.342750	10.448896	-0.025015	5.209981
104.680583	10247.339876	10.453888	-0.025031	5.209982
104.624283	10247.341698	10.458880	-0.025017	5.209981
104.573871	10247.369826	10.463872	-0.025005	5.209986
104.560305	10247.340379	10.468864	-0.025002	5.209979
104.589015	10247.351462	10.473856	-0.025009	5.209982
104.676663	10247.330904	10.478848	-0.025031	5.209979
104.535762	10247.320860	10.483840	-0.024997	5.209974
104.589942	10247.347282	10.488832	-0.025010	5.209981
104.611144	10247.343756	10.493824	-0.025016	5.209981
104.602689	10247.339413	10.498816	-0.025014	5.209980
104.759120	10247.340024	10.503808	-0.025051	5.209984
104.733911	10247.305359	10.508800	-0.025045	5.209975
104.676310	10247.339346	10.513792	-0.025032	5.209982
104.657810	10247.327059	10.518784	-0.025028	5.209978
104.630704	10247.361778	10.523776	-0.025021	5.209986
104.735400	10247.349730	10.528768	-0.025047	5.209986
104.699054	10247.327733	10.533760	-0.025038	5.209979
104.801947	10247.354309	10.538752	-0.025063	5.209989
104.716034	10247.293807	10.543744	-0.025043	5.209972
104.648056	10247.330134	10.548736	-0.025026	5.209979
104.768213	10247.335728	10.553728	-0.025055	5.209983
104.790189	10247.288559	10.558720	-0.025061	5.209972
104.879431	10247.348561	10.563712	-0.025082	5.209989
104.737354	10247.339918	10.568704	-0.025049	5.209984
104.742547	10247.335463	10.573696	-0.025050	5.209983
104.645962	10247.351647	10.578688	-0.025027	5.209984
104.741413	10247.325167	10.583680	-0.025050	5.209980
104.697014	10247.374464	10.588672	-0.025040	5.209991
104.615270	10247.318662	10.593664	-0.025020	5.209975
104.795709	10247.279664	10.598656	-0.025064	5.209970
104.822826	10247.340881	10.603648	-0.025070	5.209986
104.555229	10247.336080	10.608640	-0.025007	5.209978
104.549892	10247.359607	10.613632	-0.025005	5.209984
104.760650	10247.327766	10.618624	-0.025056	5.209981
104.783318	10247.313840	10.623616	-0.025062	5.209979
104.748771	10247.317285	10.628608	-0.025054	5.209979
104.571957	10247.332689	10.633600	-0.025011	5.209978
104.718910	10247.334266	10.638592	-0.025047	5.209982
104.729701	10247.316428	10.643584	-0.025050	5.209978
104.711097	10247.305433	10.648576	-0.025045	5.209975
104.731521	10247.331456	10.653568	-0.025050	5.209982
104.685844	10247.329631	10.658560	-0.025040	5.209980
104.857378	10247.319732	10.663552	-0.025081	5.209982
104.718196	10247.303105	10.668544	-0.025048	5.209974
104.641712	10247.341582	10.673536	-0.025030	5.209982
104.786482	10247.331851	10.678528	-0.025064	5.209983
104.702268	10247.319865	10.683520	-0.025045	5.209978
104.696773	10247.329314	10.688512	-0.025043	5.209980
104.614500	10247.347881	10.693504	-0.025024	5.209983
104.586639	10247.350644	10.698496	-0.025017	5.209983
104.738161	10247.328692	10.703488	-0.025054	5.209981
104.712659	10247.313276	10.708480	-0.025048	5.209977
104.656477	10247.350962	10.713472	-0.025035	5.209985
104.726293	10247.311724	10.718464	-0.025052	5.209977
104.743950	10247.330342	10.723456	-0.025056	5.209982
104.662671	10247.368027	10.728448	-0.025037	5.209989
104.754262	10247.302221	10.733440	-0.025059	5.209975
104.779048	10247.309861	10.738432	-0.025065	5.209978
104.755575	10247.281425	10.743424	-0.025060	5.209970
104.696947	10247.275797	10.748416	-0.025046	5.209968
104.690854	10247.269932	10.753408	-0.025044	5.209966
104.740704	10247.234012	10.758400	-0.025057	5.209958
104.821566	10247.314088	10.763392	-0.025076	5.209980
104.945280	10247.294975	10.768384	-0.025106	5.209979
104.842719	10247.301518	10.773376	-0.025081	5.209978
104.679532	10247.342437	10.778368	-0.025043	5.209984
104.674385	10247.324944	10.783360	-0.025042	5.209979
104.842508	10247.330768	10.788352	-0.025082	5.209985
104.839239	10247.293863	10.793344	-0.025081	5.209976
104.800896	10247.306665	10.798336	-0.025072	5.209978
104.818410	10247.298391	10.803328	-0.025077	5.209976
104.726917	10247.311492	10.808320	-0.025055	5.209977
104.837955	10247.319298	10.813312	-0.025082	5.209982
104.825929	10247.323008	10.818304	-0.025079	5.209983
104.792151	10247.296905	10.823296	-0.025071	5.209975
104.771086	10247.305381	10.828288	-0.025066	5.209977
104.889214	10247.272743	10.833280	-0.025095	5.209972
104.779007	10247.328756	10.838272	-0.025069	5.209983
104.823468	10247.294668	10.843264	-0.025080	5.209976
104.776257	10247.321188	10.848256	-0.025068	5.209981
104.777184	10247.324857	10.853248	-0.025069	5.209982
104.823000	10247.302162	10.858240	-0.025080	5.209978
104.901344	10247.310743	10.863232	-0.025099	5.209982
104.732383	10247.320219	10.868224	-0.025059	5.209980
104.704145	10247.323020	10.873216	-0.025052	5.209980
104.893699	10247.345876	10.878208	-0.025098	5.209990
104.768497	10247.290665	10.883200	-0.025068	5.209974
104.733257	10247.317245	10.888192	-0.025060	5.209979
104.750222	10247.300057	10.893184	-0.025064	5.209975
104.820274	10247.283858	10.898176	-0.025081	5.209973
104.798515	10247.318031	10.903168	-0.025076	5.209981
104.710480	10247.273121	10.908160	-0.025055	5.209968
104.731376	10247.320878	10.913152	-0.025060	5.209980
104.837738	10247.284316	10.918144	-0.025086	5.209974
104.745347	10247.323135	10.923136	-0.025064	5.209981
104.618785	10247.347503	10.928128	-0.025034	5.209984
104.811457	10247.266256	10.933120	-0.025080	5.209969
104.806836	10247.316618	10.938112	-0.025079	5.209981
104.927280	10247.267087	10.943104	-0.025108	5.209972
104.837456	10247.222359	10.948096	-0.025087	5.209959
104.815660	10247.271911	10.953088	-0.025082	5.209970
104.880103	10247.274223	10.958080	-0.025097	5.209973
104.784751	10247.330001	10.963072	-0.025075	5.209984
104.704322	10247.309941	10.968064	-0.025056	5.209977
104.715421	10247.315134	10.973056	-0.025059	5.209979
104.900272	10247.285937	10.978048	-0.025103	5.209976
104.846567	10247.291337	10.983040	-0.025090	5.209976
104.780543	10247.323621	10.988032	-0.025075	5.209982
104.693465	10247.287583	10.993024	-0.025054	5.209971
104.678824	10247.314622	10.998016	-0.025051	5.209978
104.620307	10247.311545	11.003008	-0.025037	5.209975
104.653611	10247.314472	11.008000	-0.025045	5.209977
104.749463	10247.334079	11.012992	-0.025068	5.209984
104.668275	10247.320502	11.017984	-0.025049	5.209979
104.888138	10247.296701	11.022976	-0.025102	5.209979
104.939767	10247.311852	11.027968	-0.025114	5.209984
104.915611	10247.278360	11.032960	-0.025109	5.209975
104.806281	10247.315064	11.037952	-0.025083	5.209981
104.807476	10247.286673	11.042944	-0.025083	5.209974
104.582927	10247.337699	11.047936	-0.025030	5.209981
104.817468	10247.294461	11.052928	-0.025086	5.209976
104.900697	10247.280761	11.057920	-0.025106	5.209975
104.744627	10247.318392	11.062912	-0.025069	5.209980
104.747548	10247.294950	11.067904	-0.025070	5.209975
104.844823	10247.306723	11.072896	-0.025093	5.209980
104.852397	10247.305870	11.077888	-0.025095	5.209980
104.871532	10247.253865	11.082880	-0.025100	5.209968
104.837693	10247.332835	11.087872	-0.025092	5.209986
104.805092	10247.328394	11.092864	-0.025085	5.209984
104.904867	10247.300192	11.097856	-0.025109	5.209980
104.814964	10247.327226	11.102848	-0.025087	5.209984
104.782736	10247.311215	11.107840	-0.025080	5.209980
104.757955	10247.335446	11.112832	-0.025074	5.209985
104.784824	10247.241650	11.117824	-0.025081	5.209963
104.967895	10247.243386	11.122816	-0.025125	5.209968
104.839572	10247.303811	11.127808	-0.025094	5.209979
104.784836	10247.302910	11.132800	-0.025081	5.209978
104.870805	10247.315838	11.137792	-0.025102	5.209983
104.858580	10247.281128	11.142784	-0.025099	5.209974
104.822556	10247.298819	11.147776	-0.025091	5.209978
104.846579	10247.324475	11.152768	-0.025097	5.209985
104.841414	10247.298014	11.157760	-0.025096	5.209978
104.923103	10247.329317	11.162752	-0.025115	5.209988
104.841526	10247.318343	11.167744	-0.025096	5.209983
104.985209	10247.288222	11.172736	-0.025131	5.209979
104.883246	10247.308799	11.177728	-0.025106	5.209982
104.812470	10247.310816	11.182720	-0.025090	5.209981
104.867675	10247.329446	11.187712	-0.025103	5.209987
104.808913	10247.327675	11.192704	-0.025089	5.209985
104.910477	10247.299291	11.197696	-0.025114	5.209980
104.874906	10247.336155	11.202688	-0.025105	5.209989
104.890929	10247.269092	11.207680	-0.025109	5.209973
104.982984	10247.299337	11.212672	-0.025132	5.209982
104.866258	10247.293231	11.217664	-0.025104	5.209978
104.915213	10247.297124	11.222656	-0.025116	5.209980
104.913701	10247.288228	11.227648	-0.025116	5.209978
104.846080	10247.301456	11.232640	-0.025100	5.209979
104.970954	10247.323226	11.237632	-0.025130	5.209988
104.853230	10247.281345	11.242624	-0.025102	5.209975
104.854878	10247.299035	11.247616	-0.025102	5.209979
104.954618	10247.281087	11.252608	-0.025126	5.209977
104.898231	10247.270105	11.257600	-0.025113	5.209973
104.756395	10247.325502	11.262592	-0.025079	5.209983
104.851863	10247.278520	11.267584	-0.025102	5.209974
104.870008	10247.302214	11.272576	-0.025107	5.209980
104.798990	10247.323476	11.277568	-0.025090	5.209984
104.805236	10247.293288	11.282560	-0.025092	5.209977
104.844994	10247.312213	11.287552	-0.025101	5.209982
104.859797	10247.308059	11.292544	-0.025105	5.209982
104.903540	10247.280450	11.297536	-0.025116	5.209976
104.843020	10247.301922	11.302528	-0.025102	5.209980
104.731294	10247.294025	11.307520	-0.025075	5.209975
104.768677	10247.295254	11.312512	-0.025084	5.209976
105.005750	10247.260728	11.317504	-0.025141	5.209974
104.938063	10247.258586	11.322496	-0.025125	5.209972
104.851973	10247.313419	11.327488	-0.025105	5.209983
104.875597	10247.231487	11.332480	-0.025110	5.209963
104.900286	10247.304483	11.337472	-0.025117	5.209982
104.784907	10247.307209	11.342464	-0.025089	5.209980
104.821080	10247.291905	11.347456	-0.025098	5.209977
104.899365	10247.295367	11.352448	-0.025117	5.209980
104.895154	10247.289309	11.357440	-0.025116	5.209978
104.934861	10247.282614	11.362432	-0.025126	5.209978
104.789688	10247.293506	11.367424	-0.025091	5.209977
104.772672	10247.328476	11.372416	-0.025087	5.209985
104.879810	10247.295679	11.377408	-0.025113	5.209979
104.858726	10247.302875	11.382400	-0.025108	5.209981
104.939379	10247.313783	11.387392	-0.025128	5.209985
104.879728	10247.282632	11.392384	-0.025114	5.209976
104.886228	10247.283170	11.397376	-0.025115	5.209977
104.845379	10247.298790	11.402368	-0.025106	5.209979
104.795138	10247.310244	11.407360	-0.025094	5.209981
104.964003	10247.299335	11.412352	-0.025135	5.209983
104.986469	10247.279024	11.417344	-0.025140	5.209978
104.912048	10247.269882	11.422336	-0.025123	5.209974
104.882434	10247.285636	11.427328	-0.025116	5.209977
104.831722	10247.298419	11.432320	-0.025104	5.209979
105.037804	10247.302933	11.437312	-0.025153	5.209985
105.095804	10247.258493	11.442304	-0.025167	5.209976
104.973784	10247.302899	11.447296	-0.025138	5.209984
104.849452	10247.298851	11.452288	-0.025109	5.209980
104.762619	10247.289694	11.457280	-0.025088	5.209975
105.028784	10247.288075	11.462272	-0.025152	5.209982
104.884240	10247.286089	11.467264	-0.025118	5.209978
104.945850	10247.266908	11.472256	-0.025133	5.209974
104.879257	10247.288999	11.477248	-0.025117	5.209978
104.969300	10247.287417	11.482240	-0.025139	5.209980
104.930293	10247.327194	11.487232	-0.025129	5.209989
104.839607	10247.263335	11.492224	-0.025108	5.209971
104.867502	10247.296284	11.497216	-0.025115	5.209980
104.883611	10247.324029	11.502208	-0.025119	5.209987
104.837274	10247.308177	11.507200	-0.025108	5.209982
104.840145	10247.309085	11.512192	-0.025109	5.209982
104.905099	10247.284437	11.517184	-0.025125	5.209978
104.838277	10247.320646	11.522176	-0.025109	5.209985
104.878581	10247.302358	11.527168	-0.025119	5.209982
104.855112	10247.290578	11.532160	-0.025113	5.209978
104.996007	10247.279962	11.537152	-0.025147	5.209979
104.981102	10247.276277	11.542144	-0.025144	5.209978
105.030362	10247.285264	11.547136	-0.025156	5.209981
104.920265	10247.295138	11.552128	-0.025129	5.209981
104.854949	10247.267129	11.557120	-0.025114	5.209973
104.926268	10247.307178	11.562112	-0.025131	5.209984
104.960427	10247.290798	11.567104	-0.025140	5.209981
104.950639	10247.300686	11.572096	-0.025138	5.209983
104.972880	10247.280397	11.577088	-0.025143	5.209979
104.838017	10247.304331	11.582080	-0.025111	5.209981
104.802427	10247.336071	11.587072	-0.025103	5.209988
104.881350	10247.276684	11.592064	-0.025122	5.209976
104.923851	10247.287641	11.597056	-0.025132	5.209979
104.853641	10247.278069	11.602048	-0.025115	5.209975
104.895329	10247.305767	11.607040	-0.025126	5.209983
105.071799	10247.297927	11.612032	-0.025168	5.209986
104.907836	10247.285110	11.617024	-0.025129	5.209979
105.031779	10247.282630	11.622016	-0.025159	5.209981
104.898396	10247.259005	11.627008	-0.025127	5.209972
104.894308	10247.279842	11.632000	-0.025126	5.209977
104.893257	10247.295245	11.636992	-0.025126	5.209981
104.836543	10247.257388	11.641984	-0.025113	5.209970
104.932137	10247.283428	11.646976	-0.025136	5.209979
104.883331	10247.256296	11.651968	-0.025124	5.209971
105.027305	10247.267148	11.656960	-0.025159	5.209977
104.838973	10247.300382	11.661952	-0.025114	5.209981
104.832123	10247.271531	11.666944	-0.025113	5.209974
104.974147	10247.276175	11.671936	-0.025147	5.209978
104.970015	10247.279079	11.676928	-0.025146	5.209979
105.005985	10247.258670	11.681920	-0.025155	5.209975
104.955854	10247.275238	11.686912	-0.025143	5.209978
104.916773	10247.267614	11.691904	-0.025134	5.209975
105.046364	10247.278653	11.696896	-0.025165	5.209981
104.926804	10247.279243	11.701888	-0.025137	5.209978
105.057241	10247.269694	11.706880	-0.025168	5.209979
104.890213	10247.303317	11.711872	-0.025128	5.209983
104.884489	10247.270507	11.716864	-0.025127	5.209975
104.866829	10247.278635	11.721856	-0.025123	5.209976
104.885915	10247.276607	11.726848	-0.025128	5.209976
104.974777	10247.286677	11.731840	-0.025149	5.209981
104.956689	10247.293567	11.736832	-0.025145	5.209982
104.860545	10247.278954	11.741824	-0.025122	5.209976
104.972438	10247.270017	11.746816	-0.025149	5.209977
105.004559	10247.262814	11.751808	-0.025157	5.209976
104.886398	10247.295294	11.756800	-0.025129	5.209981
104.992330	10247.288246	11.761792	-0.025155	5.209982
104.910693	10247.273434	11.766784	-0.025135	5.209976
104.952451	10247.303687	11.771776	-0.025145	5.209985
104.984584	10247.267013	11.776768	-0.025153	5.209977
105.018258	10247.263496	11.781760	-0.025162	5.209977
104.892783	10247.281346	11.786752	-0.025132	5.209978
104.907905	10247.270753	11.791744	-0.025136	5.209976
105.002313	10247.268725	11.796736	-0.025158	5.209978
105.050812	10247.236788	11.801728	-0.025170	5.209971
105.121688	10247.283289	11.806720	-0.025187	5.209984
105.010562	10247.284299	11.811712	-0.025161	5.209982
105.014464	10247.236412	11.816704	-0.025162	5.209970
105.012039	10247.264768	11.821696	-0.025162	5.209977
104.972787	10247.273818	11.826688	-0.025152	5.209978
104.859311	10247.272506	11.831680	-0.025125	5.209975
104.833012	10247.282797	11.836672	-0.025119	5.209977
104.855132	10247.258677	11.841664	-0.025125	5.209972
104.895561	10247.287784	11.846656	-0.025135	5.209980
104.864977	10247.276731	11.851648	-0.025128	5.209976
104.825992	10247.308818	11.856640	-0.025118	5.209983
104.999170	10247.276969	11.861632	-0.025160	5.209980
105.058564	10247.223418	11.866624	-0.025174	5.209968
105.107790	10247.265722	11.871616	-0.025186	5.209980
105.104603	10247.254435	11.876608	-0.025186	5.209977
105.012454	10247.249665	11.881600	-0.025164	5.209974
105.051128	10247.269982	11.886592	-0.025173	5.209979
105.144809	10247.244965	11.891584	-0.025196	5.209976
105.126019	10247.268585	11.896576	-0.025192	5.209981
105.016213	10247.266897	11.901568	-0.025166	5.209978
104.904457	10247.284629	11.906560	-0.025139	5.209979
104.949114	10247.296648	11.911552	-0.025150	5.209984
104.993918	10247.248430	11.916544	-0.025161	5.209973
105.019520	10247.261112	11.921536	-0.025167	5.209977
105.009882	10247.250484	11.926528	-0.025165	5.209974
104.866958	10247.290616	11.931520	-0.025131	5.209980
104.934512	10247.284922	11.936512	-0.025147	5.209980
105.114756	10247.247227	11.941504	-0.025191	5.209976
105.056776	10247.258189	11.946496	-0.025177	5.209977
104.976862	10247.256014	11.951488	-0.025158	5.209974
105.075067	10247.270256	11.956480	-0.025182	5.209980
105.083497	10247.248814	11.961472	-0.025184	5.209975
105.043745	10247.283542	11.966464	-0.025175	5.209983
105.019695	10247.293604	11.971456	-0.025169	5.209985
104.943760	10247.260271	11.976448	-0.025151	5.209975
105.033714	10247.276636	11.981440	-0.025173	5.209981
105.053571	10247.288624	11.986432	-0.025178	5.209984
105.049303	10247.272322	11.991424	-0.025177	5.209980
105.010343	10247.292874	11.996416	-0.025168	5.209984
105.038464	10247.268141	12.001408	-0.025175	5.209979
105.097457	10247.273572	12.006400	-0.025189	5.209982
105.080859	10247.285436	12.011392	-0.025185	5.209984
104.916691	10247.273921	12.016384	-0.025146	5.209978
104.969187	10247.294109	12.021376	-0.025159	5.209984
105.084264	10247.245126	12.026368	-0.025187	5.209975
105.069831	10247.261895	12.031360	-0.025183	5.209979
104.956145	10247.300324	12.036352	-0.025156	5.209985
104.951875	10247.287866	12.041344	-0.025156	5.209982
104.995927	10247.279446	12.046336	-0.025166	5.209981
104.995986	10247.255014	12.051328	-0.025166	5.209975
104.930923	10247.288482	12.056320	-0.025151	5.209982
105.045435	10247.271589	12.061312	-0.025179	5.209980
105.040186	10247.254106	12.066304	-0.025178	5.209976
105.077278	10247.268178	12.071296	-0.025187	5.209980
105.069269	10247.248414	12.076288	-0.025185	5.209975
105.068720	10247.262484	12.081280	-0.025185	5.209979
105.025831	10247.268062	12.086272	-0.025175	5.209979
105.054753	10247.259905	12.091264	-0.025182	5.209978
105.135566	10247.281047	12.096256	-0.025202	5.209985
105.103686	10247.263719	12.101248	-0.025194	5.209980
105.108145	10247.252933	12.106240	-0.025195	5.209978
105.077300	10247.281627	12.111232	-0.025188	5.209984
105.046653	10247.273142	12.116224	-0.025181	5.209981
105.035448	10247.297269	12.121216	-0.025179	5.209987
104.906049	10247.284768	12.126208	-0.025148	5.209980
104.965995	10247.282413	12.131200	-0.025162	5.209981
105.049170	10247.277688	12.136192	-0.025182	5.209982
105.128441	10247.266955	12.141184	-0.025202	5.209982
104.973541	10247.292934	12.146176	-0.025165	5.209984
105.089345	10247.266940	12.151168	-0.025193	5.209981
104.920592	10247.295614	12.156160	-0.025152	5.209984
105.007815	10247.290476	12.161152	-0.025173	5.209984
104.994293	10247.249492	12.166144	-0.025170	5.209974
105.006960	10247.269901	12.171136	-0.025174	5.209979
104.966664	10247.258557	12.176128	-0.025164	5.209976
105.038020	10247.255038	12.181120	-0.025181	5.209977
105.043902	10247.268452	12.186112	-0.025183	5.209980
105.071768	10247.241182	12.191104	-0.025190	5.209974
105.161188	10247.265290	12.196096	-0.025211	5.209982
105.134859	10247.246114	12.201088	-0.025205	5.209977
105.235609	10247.262659	12.206080	-0.025230	5.209984
105.050068	10247.294327	12.211072	-0.025185	5.209987
105.081471	10247.243633	12.216064	-0.025193	5.209975
105.151757	10247.256881	12.221056	-0.025210	5.209980
104.994277	10247.266466	12.226048	-0.025173	5.209979
105.086904	10247.269745	12.231040	-0.025195	5.209982
105.045707	10247.262337	12.236032	-0.025185	5.209979
105.080294	10247.251039	12.241024	-0.025194	5.209977
104.976012	10247.266726	12.246016	-0.025169	5.209978
104.923306	10247.279713	12.251008	-0.025157	5.209980
104.896884	10247.288735	12.256000	-0.025150	5.209982
105.055299	10247.286582	12.260992	-0.025189	5.209985
105.055811	10247.251854	12.265984	-0.025189	5.209977
104.919133	10247.292630	12.270976	-0.025156	5.209983
105.109198	10247.262901	12.275968	-0.025202	5.209981
105.112788	10247.256048	12.280960	-0.025203	5.209979
105.075124	10247.257248	12.285952	-0.025194	5.209979
104.935069	10247.279149	12.290944	-0.025161	5.209980
105.025051	10247.277574	12.295936	-0.025183	5.209982
105.067817	10247.237252	12.300928	-0.025193	5.209974
105.125370	10247.240267	12.305920	-0.025207	5.209976
105.002755	10247.261669	12.310912	-0.025178	5.209978
105.137424	10247.228625	12.315904	-0.025210	5.209973
105.061535	10247.286261	12.320896	-0.025192	5.209985
104.997273	10247.255580	12.325888	-0.025177	5.209976
105.099517	10247.242503	12.330880	-0.025202	5.209976
105.096971	10247.265746	12.335872	-0.025201	5.209981
105.054759	10247.263567	12.340864	-0.025191	5.209980
105.094476	10247.283778	12.345856	-0.025201	5.209986
104.957750	10247.263055	12.350848	-0.025169	5.209977
105.065007	10247.264842	12.355840	-0.025194	5.209980
105.132707	10247.278353	12.360832	-0.025211	5.209985
105.023639	10247.245839	12.365824	-0.025185	5.209975
104.974873	10247.273799	12.370816	-0.025173	5.209980
105.027667	10247.261924	12.375808	-0.025186	5.209979
105.067365	10247.253948	12.380800	-0.025196	5.209978
105.130784	10247.260208	12.385792	-0.025211	5.209981
105.016609	10247.266655	12.390784	-0.025184	5.209980
105.047864	10247.254415	12.395776	-0.025192	5.209978
105.154948	10247.253657	12.400768	-0.025218	5.209980
105.176761	10247.257757	12.405760	-0.025223	5.209982
105.032683	10247.268536	12.410752	-0.025189	5.209981
105.047743	10247.259231	12.415744	-0.025193	5.209979
105.063000	10247.269125	12.420736	-0.025196	5.209982
104.972199	10247.266780	12.425728	-0.025175	5.209979
104.973070	10247.256360	12.430720	-0.025175	5.209976
104.991856	10247.263331	12.435712	-0.025180	5.209979
104.900324	10247.273874	12.440704	-0.025158	5.209979
105.017259	10247.283641	12.445696	-0.025186	5.209984
105.067465	10247.223340	12.450688	-0.025199	5.209971
105.050706	10247.282630	12.455680	-0.025195	5.209985
104.993194	10247.270480	12.460672	-0.025181	5.209980
104.977431	10247.263039	12.465664	-0.025178	5.209978
105.065981	10247.289798	12.470656	-0.025199	5.209987
105.167403	10247.234521	12.475648	-0.025224	5.209976
105.044279	10247.250850	12.480640	-0.025194	5.209977
105.019495	10247.254580	12.485632	-0.025189	5.209977
104.999027	10247.255307	12.490624	-0.025184	5.209977
104.938555	10247.284462	12.495616	-0.025170	5.209983
105.016256	10247.263638	12.500608	-0.025188	5.209979
105.147391	10247.247612	12.505600	-0.025220	5.209979
104.995174	10247.261785	12.510592	-0.025184	5.209979
105.065661	10247.231447	12.515584	-0.025201	5.209973
105.051920	10247.257114	12.520576	-0.025198	5.209979
105.015705	10247.238947	12.525568	-0.025189	5.209974
105.048971	10247.234190	12.530560	-0.025197	5.209973
105.245754	10247.228121	12.535552	-0.025245	5.209977
104.995671	10247.217686	12.540544	-0.025185	5.209968
104.947335	10247.299418	12.545536	-0.025174	5.209987
105.167837	10247.235832	12.550528	-0.025226	5.209977
105.076325	10247.246372	12.555520	-0.025205	5.209977
105.167981	10247.249751	12.560512	-0.025227	5.209980
105.044383	10247.250752	12.565504	-0.025197	5.209977
105.201267	10247.242349	12.570496	-0.025235	5.209979
105.090309	10247.231810	12.575488	-0.025209	5.209974
104.979948	10247.291682	12.580480	-0.025183	5.209986
105.134392	10247.271996	12.585472	-0.025220	5.209985
105.111833	10247.260123	12.590464	-0.025215	5.209981
104.995000	10247.268122	12.595456	-0.025187	5.209980
104.967470	10247.236256	12.600448	-0.025180	5.209972
105.015985	10247.265819	12.605440	-0.025192	5.209980
104.976165	10247.265959	12.610432	-0.025183	5.209979
105.123063	10247.250886	12.615424	-0.025218	5.209979
105.135465	10247.243134	12.620416	-0.025221	5.209978
105.134747	10247.244408	12.625408	-0.025221	5.209978
104.920598	10247.287965	12.630400	-0.025170	5.209984
104.938353	10247.263009	12.635392	-0.025175	5.209978
105.035801	10247.251702	12.640384	-0.025198	5.209978
105.033079	10247.280088	12.645376	-0.025198	5.209984
105.051259	10247.240994	12.650368	-0.025202	5.209975
105.012583	10247.296113	12.655360	-0.025193	5.209988
105.078627	10247.255978	12.660352	-0.025209	5.209980
105.107314	10247.249126	12.665344	-0.025216	5.209979
105.095086	10247.274639	12.670336	-0.025214	5.209985
105.066922	10247.241555	12.675328	-0.025207	5.209976
105.154526	10247.255598	12.680320	-0.025228	5.209982
105.073904	10247.259902	12.685312	-0.025209	5.209981
104.954166	10247.245133	12.690304	-0.025181	5.209974
105.158621	10247.228031	12.695296	-0.025230	5.209975
105.091042	10247.234847	12.700288	-0.025214	5.209975
105.091688	10247.252639	12.705280	-0.025214	5.209979
105.015427	10247.242403	12.710272	-0.025196	5.209975
104.903985	10247.266509	12.715264	-0.025170	5.209978
105.037722	10247.263031	12.720256	-0.025202	5.209981
104.963309	10247.259013	12.725248	-0.025184	5.209978
105.132002	10247.244279	12.730240	-0.025225	5.209979
105.140527	10247.244609	12.735232	-0.025227	5.209979
105.244230	10247.237790	12.740224	-0.025252	5.209980
105.114004	10247.272782	12.745216	-0.025221	5.209985
105.122675	10247.210313	12.750208	-0.025223	5.209970
105.133650	10247.243708	12.755200	-0.025226	5.209979
105.202623	10247.244276	12.760192	-0.025243	5.209980
105.151106	10247.221264	12.765184	-0.025231	5.209974
105.064106	10247.277471	12.770176	-0.025210	5.209985
105.034098	10247.256108	12.775168	-0.025203	5.209979
105.082536	10247.245959	12.780160	-0.025215	5.209978
105.105642	10247.238395	12.785152	-0.025220	5.209977
105.146813	10247.250770	12.790144	-0.025230	5.209981
105.059016	10247.251962	12.795136	-0.025210	5.209979
104.967538	10247.253529	12.800128	-0.025188	5.209977
105.048744	10247.264381	12.805120	-0.025208	5.209982
105.104244	10247.235573	12.810112	-0.025221	5.209976
105.002098	10247.252323	12.815104	-0.025197	5.209978
104.979804	10247.267331	12.820096	-0.025192	5.209981
104.978916	10247.234027	12.825088	-0.025192	5.209973
105.056509	10247.255498	12.830080	-0.025210	5.209980
105.022551	10247.243507	12.835072	-0.025202	5.209976
104.919504	10247.264194	12.840064	-0.025178	5.209979
104.992052	10247.270804	12.845056	-0.025196	5.209982
104.920225	10247.267804	12.850048	-0.025179	5.209979
105.039578	10247.264512	12.855040	-0.025207	5.209982
105.014366	10247.265723	12.860032	-0.025201	5.209981
105.017499	10247.248665	12.865024	-0.025202	5.209977
105.087499	10247.260661	12.870016	-0.025219	5.209982
105.176808	10247.201494	12.875008	-0.025241	5.209970
105.105465	10247.215101	12.880000	-0.025224	5.209971
105.033054	10247.241630	12.884992	-0.025207	5.209976
105.042339	10247.230352	12.889984	-0.025209	5.209974
104.938155	10247.256280	12.894976	-0.025185	5.209977
104.923409	10247.237203	12.899968	-0.025181	5.209972
105.028675	10247.260975	12.904960	-0.025207	5.209981
105.083294	10247.234819	12.909952	-0.025220	5.209976
105.099116	10247.238249	12.914944	-0.025224	5.209977
104.991657	10247.274762	12.919936	-0.025198	5.209983
104.970214	10247.230743	12.924928	-0.025193	5.209972
105.075595	10247.248096	12.929920	-0.025219	5.209979
105.068015	10247.253915	12.934912	-0.025217	5.209980
105.076728	10247.242694	12.939904	-0.025219	5.209978
105.169414	10247.252375	12.944896	-0.025242	5.209982
105.090701	10247.239826	12.949888	-0.025223	5.209977
105.223847	10247.228720	12.954880	-0.025255	5.209978
105.139500	10247.218028	12.959872	-0.025235	5.209973
105.121805	10247.237691	12.964864	-0.025231	5.209978
105.065935	10247.263814	12.969856	-0.025218	5.209983
104.940754	10247.234225	12.974848	-0.025188	5.209972
105.008761	10247.273332	12.979840	-0.025205	5.209984
105.033724	10247.246359	12.984832	-0.025211	5.209978
105.269796	10247.234999	12.989824	-0.025267	5.209981
105.238785	10247.240646	12.994816	-0.025260	5.209981
105.110082	10245.706013	12.999808	-0.025229	5.209603
105.121774	10240.835013	13.004813	-0.025232	5.208413
105.034739	10235.779790	13.009818	-0.025211	5.207176
105.080773	10230.510383	13.014823	-0.025222	5.205889
105.005096	10225.351787	13.019827	-0.025203	5.204626
104.939480	10220.096423	13.024832	-0.025187	5.203339
105.006062	10215.011260	13.029837	-0.025203	5.202097
104.886141	10209.878887	13.034842	-0.025174	5.200838
104.949969	10204.982662	13.039847	-0.025189	5.199641
104.795037	10200.051477	13.044851	-0.025152	5.198430
104.863162	10194.876589	13.049856	-0.025168	5.197165
104.888551	10189.759624	13.054861	-0.025173	5.195912
104.745566	10184.118504	13.059866	-0.025139	5.194527
104.666874	10178.632771	13.064871	-0.025120	5.193181
104.708050	10173.586877	13.069875	-0.025129	5.191945
104.669697	10168.393833	13.074880	-0.025120	5.190671
104.697176	10163.490549	13.079885	-0.025126	5.189469
104.756594	10158.526517	13.084890	-0.025140	5.188253
104.664019	10153.319938	13.089895	-0.025118	5.186973
104.704101	10148.230549	13.094899	-0.025127	5.185726
104.725127	10142.923082	13.099904	-0.025132	5.184423
104.566282	10137.796002	13.104909	-0.025093	5.183161
104.540375	10132.641009	13.109914	-0.025087	5.181894
104.454324	10127.438960	13.114919	-0.025066	5.180614
104.498056	10122.697195	13.119923	-0.025076	5.179450
104.541526	10117.600845	13.124928	-0.025086	5.178199
104.505898	10112.454373	13.129933	-0.025078	5.176933
104.406037	10107.341346	13.134938	-0.025053	5.175673
104.306426	10101.709163	13.139943	-0.025029	5.174285
104.401588	10096.469028	13.144947	-0.025052	5.172999
104.285404	10091.324891	13.149952	-0.025024	5.171730
104.293178	10086.219622	13.154957	-0.025025	5.170474
104.301680	10081.450274	13.159962	-0.025027	5.169300
104.134574	10076.301357	13.164967	-0.024987	5.168028
104.112038	10071.130748	13.169971	-0.024981	5.166753
104.184996	10066.010786	13.174976	-0.024998	5.165494
104.043236	10060.790842	13.179981	-0.024964	5.164204
104.070726	10055.698520	13.184986	-0.024970	5.162950
104.001998	10050.475920	13.189991	-0.024954	5.161660
104.088919	10045.451885	13.194995	-0.024974	5.160424
104.074225	10040.651285	13.200000	-0.024970	5.159239
104.078834	10035.477730	13.205005	-0.024971	5.157963
104.119631	10030.329389	13.210010	-0.024981	5.156693
104.010038	10025.016400	13.215015	-0.024954	5.155379
104.045769	10019.306046	13.220019	-0.024962	5.153970
103.979702	10014.164371	13.225024	-0.024946	5.152699
103.806805	10008.987518	13.230029	-0.024905	5.151415
103.784973	10004.106427	13.235034	-0.024899	5.150208
103.901837	9999.203875	13.240039	-0.024927	5.149000
103.832382	9994.068849	13.245043	-0.024910	5.147729
103.721984	9988.779235	13.250048	-0.024883	5.146418
103.602418	9983.730533	13.255053	-0.024854	5.145166
103.810425	9978.499786	13.260058	-0.024904	5.143877
103.650260	9973.333145	13.265063	-0.024865	5.142594
103.688303	9968.190339	13.270067	-0.024874	5.141323
103.674253	9963.251181	13.275072	-0.024871	5.140099
103.638832	9958.282766	13.280077	-0.024862	5.138868
103.637626	9953.194601	13.285082	-0.024861	5.137608
103.521432	9948.024544	13.290087	-0.024833	5.136324
103.562697	9942.560148	13.295091	-0.024843	5.134971
103.474067	9937.226058	13.300096	-0.024821	5.133646
103.518080	9932.067608	13.305101	-0.024831	5.132368
103.447879	9926.882743	13.310106	-0.024814	5.131080
103.347772	9922.120265	13.315111	-0.024790	5.129896
103.408509	9917.092051	13.320115	-0.024804	5.128650
103.526348	9911.881385	13.325120	-0.024832	5.127360
103.470709	9906.800604	13.330125	-0.024819	5.126097
103.371515	9901.595182	13.335130	-0.024795	5.124802
103.425485	9896.372845	13.340135	-0.024807	5.123506
103.342939	9891.259963	13.345139	-0.024787	5.122234
103.267757	9886.112385	13.350144	-0.024769	5.120952
103.175899	9881.349748	13.355149	-0.024747	5.119766
103.212084	9876.212363	13.360154	-0.024755	5.118490
103.245138	9871.022624	13.365159	-0.024763	5.117200
103.195613	9865.898631	13.370163	-0.024751	5.115924
103.046896	9860.288967	13.375168	-0.024715	5.114524
103.096128	9855.162900	13.380173	-0.024726	5.113250
103.085177	9849.935758	13.385178	-0.024723	5.111948
103.049700	9844.898239	13.390183	-0.024715	5.110693
103.119192	9840.094560	13.395187	-0.024731	5.109498
102.960300	9834.934273	13.400192	-0.024693	5.108208
102.993092	9829.629714	13.405197	-0.024700	5.106887
102.859182	9824.574512	13.410202	-0.024668	5.105624
102.966346	9819.359394	13.415207	-0.024693	5.104327
102.876926	9814.247917	13.420211	-0.024672	5.103049
102.845933	9808.980959	13.425216	-0.024664	5.101735
102.943818	9804.031046	13.430221	-0.024687	5.100502
102.757954	9799.164540	13.435226	-0.024642	5.099283
102.654869	9793.977220	13.440231	-0.024617	5.097985
102.762249	9788.891074	13.445235	-0.024643	5.096718
102.801105	9783.436510	13.450240	-0.024652	5.095357
102.665506	9778.130736	13.455245	-0.024619	5.094027
102.671368	9772.907674	13.460250	-0.024620	5.092722
102.554932	9767.754877	13.465255	-0.024592	5.091431
102.644744	9762.956889	13.470259	-0.024613	5.090234
102.707950	9757.821024	13.475264	-0.024628	5.088952
102.572284	9752.693018	13.480269	-0.024595	5.087665
102.578838	9747.577468	13.485274	-0.024597	5.086385
102.421714	9742.379738	13.490279	-0.024559	5.085080
102.481043	9737.275696	13.495283	-0.024573	5.083804
102.361543	9732.030206	13.500288	-0.024544	5.082487
102.380962	9726.924635	13.505293	-0.024548	5.081209
102.395399	9722.207197	13.510298	-0.024551	5.080028
102.298218	9716.938177	13.515303	-0.024528	5.078705
102.404050	9711.794025	13.520307	-0.024553	5.077418
102.314888	9706.540510	13.525312	-0.024531	5.076099
102.378008	9700.831321	13.530317	-0.024546	5.074669
102.236833	9695.709926	13.535322	-0.024512	5.073380
102.317016	9690.494465	13.540327	-0.024531	5.072074
102.212335	9685.560553	13.545331	-0.024506	5.070832
102.163232	9680.613942	13.550336	-0.024494	5.069589
102.178142	9675.511907	13.555341	-0.024497	5.068309
102.206436	9670.343722	13.560346	-0.024503	5.067011
102.145334	9665.202214	13.565351	-0.024488	5.065718
102.020233	9659.965181	13.570355	-0.024458	5.064398
101.988809	9654.729750	13.575360	-0.024450	5.063081
101.995096	9649.621631	13.580365	-0.024452	5.061797
102.054623	9644.770464	13.585370	-0.024466	5.060579
102.100513	9639.773134	13.590375	-0.024476	5.059323
101.982182	9634.642516	13.595379	-0.024448	5.058029
101.917592	9629.423811	13.600384	-0.024432	5.056714
101.829495	9623.893055	13.605389	-0.024411	5.055319
101.826419	9618.710833	13.610394	-0.024410	5.054014
101.772480	9613.529768	13.615399	-0.024396	5.052707
101.852986	9608.429549	13.620403	-0.024415	5.051425
101.755244	9603.696091	13.625408	-0.024392	5.050229
101.797484	9598.534778	13.630413	-0.024402	5.048929
101.664858	9593.375738	13.635418	-0.024370	5.047625
101.633370	9588.149108	13.640423	-0.024362	5.046306
101.655605	9582.985521	13.645427	-0.024367	5.045004
101.577298	9577.826579	13.650432	-0.024348	5.043700
101.662639	9572.616079	13.655437	-0.024368	5.042387
101.614774	9567.630549	13.660442	-0.024356	5.041127
101.592117	9562.747106	13.665447	-0.024350	5.039893
101.525911	9557.647616	13.670451	-0.024334	5.038603
101.537349	9552.508025	13.675456	-0.024337	5.037305
101.522180	9546.977673	13.680461	-0.024333	5.035907
101.470708	9541.507554	13.685466	-0.024320	5.034523
101.349024	9536.293071	13.690471	-0.024291	5.033201
101.345821	9531.148428	13.695475	-0.024290	5.031899
101.365092	9526.296081	13.700480	-0.024294	5.030673
101.270539	9521.248924	13.705485	-0.024271	5.029393
101.340062	9516.045142	13.710490	-0.024288	5.028078
101.309945	9510.884334	13.715495	-0.024280	5.026770
101.365276	9505.756449	13.720499	-0.024293	5.025473
101.342734	9500.548111	13.725504	-0.024287	5.024153
101.218955	9495.370672	13.730509	-0.024258	5.022838
101.156155	9490.245112	13.735514	-0.024242	5.021537
101.177962	9485.478798	13.740519	-0.024247	5.020329
101.111471	9480.379664	13.745523	-0.024231	5.019034
101.165837	9475.241302	13.750528	-0.024244	5.017732
101.090752	9470.001916	13.755533	-0.024225	5.016401
101.067401	9464.453801	13.760538	-0.024220	5.014992
101.013508	9459.288512	13.765543	-0.024206	5.013679
100.997726	9454.133455	13.770547	-0.024202	5.012370
100.821594	9449.229225	13.775552	-0.024160	5.011119
100.821732	9444.227251	13.780557	-0.024160	5.009848
100.957569	9439.093189	13.785562	-0.024192	5.008548
100.994531	9433.843608	13.790567	-0.024200	5.007215
100.864928	9428.752184	13.795571	-0.024169	5.005917
100.968162	9423.493522	13.800576	-0.024194	5.004583
100.838926	9418.349553	13.805581	-0.024162	5.003270
100.814328	9413.238231	13.810586	-0.024156	5.001969
100.659435	9408.442389	13.815591	-0.024119	5.000743
100.795610	9403.386156	13.820595	-0.024151	4.999461
100.728331	9398.238667	13.825600	-0.024135	4.998148
100.590452	9393.031435	13.830605	-0.024102	4.996817
100.418448	9387.360592	13.835610	-0.024060	4.995367
100.417290	9382.121000	13.840615	-0.024060	4.994032
100.589308	9376.954356	13.845619	-0.024100	4.992720
100.578682	9371.915804	13.850624	-0.024098	4.991435
100.516111	9367.094320	13.855629	-0.024082	4.990204
100.520738	9361.952410	13.860634	-0.024083	4.988892
100.503968	9356.716655	13.865639	-0.024079	4.987555
100.367180	9351.640392	13.870643	-0.024046	4.986255
100.427835	9346.375739	13.875648	-0.024060	4.984913
100.371801	9341.155209	13.880653	-0.024046	4.983578
100.312350	9336.041615	13.885658	-0.024032	4.982270
100.315023	9331.262445	13.890663	-0.024032	4.981049
100.452572	9326.132843	13.895667	-0.024065	4.979743
100.265121	9320.964809	13.900672	-0.024020	4.978416
100.245200	9315.782010	13.905677	-0.024015	4.977090
100.131439	9310.326844	13.910682	-0.023987	4.975691
100.201154	9305.101440	13.915687	-0.024004	4.974356
100.043812	9299.967071	13.920691	-0.023966	4.973037
100.214265	9294.865850	13.925696	-0.024006	4.971737
100.328461	9290.032704	13.930701	-0.024033	4.970503
100.131289	9284.926917	13.935706	-0.023986	4.969189
100.150697	9279.715883	13.940711	-0.023990	4.967854
99.938955	9274.608664	13.945715	-0.023939	4.966539
100.005575	9269.396868	13.950720	-0.023955	4.965205
100.038205	9264.221211	13.955725	-0.023962	4.963879
99.790560	9259.111816	13.960730	-0.023903	4.962561
99.948686	9254.221073	13.965735	-0.023940	4.961311
99.865224	9249.288119	13.970739	-0.023920	4.960043
100.015282	9244.031093	13.975744	-0.023956	4.958698
99.793364	9238.920260	13.980749	-0.023902	4.957379
99.895190	9233.241880	13.985754	-0.023926	4.955924
99.857352	9228.032649	13.990759	-0.023917	4.954585
99.857085	9222.838244	13.995763	-0.023917	4.953250
99.769927	9217.731693	14.000768	-0.023896	4.951935
99.706269	9212.846926	14.005773	-0.023880	4.950677
99.770608	9207.786718	14.010778	-0.023895	4.949378
99.726044	9202.542807	14.015783	-0.023884	4.948028
99.726341	9197.418314	14.020787	-0.023884	4.946709
99.514197	9192.214638	14.025792	-0.023833	4.945363
99.587813	9187.081040	14.030797	-0.023850	4.944044
99.508258	9181.876455	14.035802	-0.023831	4.942701
99.581458	9177.002589	14.040807	-0.023848	4.941448
99.597091	9172.011380	14.045811	-0.023852	4.940163
99.486148	9166.868287	14.050816	-0.023825	4.938834
99.528784	9161.686093	14.055821	-0.023835	4.937500
99.446822	9156.217595	14.060826	-0.023815	4.936087
99.428455	9151.051049	14.065831	-0.023810	4.934754
99.434392	9145.816191	14.070835	-0.023811	4.933404
99.343527	9140.726023	14.075840	-0.023789	4.932087
99.270602	9135.890076	14.080845	-0.023772	4.930836
99.386329	9130.787725	14.085850	-0.023799	4.929523
99.271457	9125.490808	14.090855	-0.023771	4.928151
99.310122	9120.373487	14.095859	-0.023780	4.926831
99.298819	9115.213331	14.100864	-0.023777	4.925497
99.204153	9110.059466	14.105869	-0.023754	4.924162
99.247441	9104.826139	14.110874	-0.023764	4.922810
99.235321	9099.987780	14.115879	-0.023761	4.921559
99.108747	9095.081228	14.120883	-0.023731	4.920285
99.132481	9089.838903	14.125888	-0.023736	4.918929
99.097069	9084.711947	14.130893	-0.023727	4.917601
99.020710	9079.019044	14.135898	-0.023709	4.916125
98.975354	9073.766166	14.140903	-0.023698	4.914763
98.916804	9068.618933	14.145907	-0.023683	4.913428
98.844498	9063.550837	14.150912	-0.023666	4.912112
98.941646	9058.742318	14.155917	-0.023689	4.910869
98.861982	9053.558647	14.160922	-0.023669	4.909523
98.864859	9048.352229	14.165927	-0.023670	4.908173
98.892242	9043.219807	14.170931	-0.023676	4.906843
98.901890	9038.015327	14.175936	-0.023678	4.905493
98.762952	9032.828441	14.180941	-0.023645	4.904142
98.702515	9027.681871	14.185946	-0.023630	4.902804
98.764563	9022.853390	14.190951	-0.023645	4.901552
98.800098	9017.815732	14.195955	-0.023653	4.900245
98.554458	9012.660770	14.200960	-0.023594	4.898897
98.612711	9007.545943	14.205965	-0.023607	4.897570
98.729435	9001.943118	14.210970	-0.023635	4.896118
98.584492	8996.756335	14.215975	-0.023600	4.894764
98.545633	8991.632411	14.220979	-0.023590	4.893430
98.555783	8986.605304	14.225984	-0.023593	4.892122
98.506816	8981.729026	14.230989	-0.023581	4.890852
98.479172	8976.608920	14.235994	-0.023574	4.889518
98.313345	8971.369753	14.240999	-0.023534	4.888148
98.259756	8966.262002	14.246003	-0.023521	4.886816
98.326891	8961.090247	14.251008	-0.023536	4.885471
98.352915	8955.858366	14.256013	-0.023542	4.884109
98.157765	8950.769203	14.261018	-0.023495	4.882775
98.210674	8946.001109	14.266023	-0.023508	4.881534
98.287105	8940.864769	14.271027	-0.023526	4.880197
98.282680	8935.662995	14.276032	-0.023524	4.878840
98.122572	8930.402448	14.281037	-0.023486	4.877461
98.148077	8924.716409	14.286042	-0.023492	4.875978
98.213878	8919.538298	14.291047	-0.023507	4.874629
98.236077	8914.390245	14.296051	-0.023512	4.873285
98.103941	8909.549014	14.301056	-0.023480	4.872015
98.097056	8904.486536	14.306061	-0.023478	4.870692
98.078917	8899.361287	14.311066	-0.023474	4.869352
98.012506	8894.185548	14.316071	-0.023458	4.867997
97.940347	8889.000120	14.321075	-0.023440	4.866638
97.929723	8883.876947	14.326080	-0.023437	4.865297
97.988851	8878.632306	14.331085	-0.023451	4.863927
98.007547	8873.549704	14.336090	-0.023455	4.862597
97.872442	8868.767398	14.341095	-0.023423	4.861340
97.844173	8863.653435	14.346099	-0.023416	4.860000
97.777388	8858.415112	14.351104	-0.023399	4.858626
97.826066	8853.087346	14.356109	-0.023411	4.857231
97.830611	8847.733830	14.361114	-0.023411	4.855828
97.716020	8842.529256	14.366119	-0.023384	4.854460
97.711659	8837.452606	14.371123	-0.023382	4.853128
97.587900	8832.597329	14.376128	-0.023353	4.851850
97.652623	8827.492458	14.381133	-0.023368	4.850513
97.582202	8822.349411	14.386138	-0.023351	4.849160
97.714480	8817.109582	14.391143	-0.023382	4.847789
97.589208	8811.947333	14.396147	-0.023352	4.846429
97.618317	8806.886340	14.401152	-0.023358	4.845101
97.600039	8801.431786	14.406157	-0.023354	4.843667
97.616935	8796.578449	14.411162	-0.023358	4.842392
97.471686	8791.523373	14.416167	-0.023323	4.841057
97.479616	8786.438891	14.421171	-0.023324	4.839721
97.364339	8781.321972	14.426176	-0.023296	4.838370
97.311436	8775.672286	14.431181	-0.023283	4.836882
97.348356	8770.398408	14.436186	-0.023292	4.835495
97.339578	8765.194074	14.441191	-0.023289	4.834124
97.330928	8760.135802	14.446195	-0.023287	4.832792
97.279998	8755.323024	14.451200	-0.023275	4.831522
97.137247	8750.137038	14.456205	-0.023240	4.830150
97.214874	8744.995047	14.461210	-0.023259	4.828798
97.255247	8739.916538	14.466215	-0.023268	4.827460
97.249079	8734.579659	14.471219	-0.023266	4.826053
97.138842	8729.455415	14.476224	-0.023240	4.824697
97.191945	8724.285964	14.481229	-0.023252	4.823335
97.169661	8719.495201	14.486234	-0.023246	4.822069
97.049297	8714.481907	14.491239	-0.023217	4.820741
97.022156	8709.245285	14.496243	-0.023210	4.819357
97.053348	8704.072820	14.501248	-0.023218	4.817992
96.894109	8698.593295	14.506253	-0.023179	4.816538
96.925481	8693.374238	14.511258	-0.023186	4.815160
96.952910	8688.200907	14.516263	-0.023193	4.813793
96.928451	8683.285438	14.521267	-0.023187	4.812492
96.850852	8678.378858	14.526272	-0.023168	4.811191
96.811856	8673.213339	14.531277	-0.023158	4.809823
97.004052	8667.996335	14.536282	-0.023204	4.808449
96.832561	8662.823164	14.541287	-0.023163	4.807073
96.852538	8657.646607	14.546291	-0.023167	4.805703
96.805786	8652.471621	14.551296	-0.023156	4.804330
96.758465	8647.476076	14.556301	-0.023144	4.803004
96.792768	8642.618628	14.561306	-0.023152	4.801718
96.710803	8637.477730	14.566311	-0.023132	4.800352
96.681599	8632.356652	14.571315	-0.023125	4.798992
96.682581	8626.830307	14.576320	-0.023125	4.797526
96.561988	8621.456020	14.581325	-0.023096	4.796096
96.557358	8616.256027	14.586330	-0.023094	4.794715
96.637977	8611.049973	14.591335	-0.023113	4.793336
96.363096	8606.338459	14.596339	-0.023047	4.792074
96.372474	8601.171386	14.601344	-0.023049	4.790701
96.391224	8596.003264	14.606349	-0.023053	4.789329
96.387759	8590.851566	14.611354	-0.023052	4.787959
96.299850	8585.656025	14.616359	-0.023031	4.786574
96.173247	8580.532154	14.621363	-0.023000	4.785206
96.316149	8575.322673	14.626368	-0.023034	4.783826
96.175757	8570.497006	14.631373	-0.023000	4.782536
96.190911	8565.451962	14.636378	-0.023004	4.781194
96.170537	8560.227102	14.641383	-0.022999	4.779801
96.215996	8555.049285	14.646387	-0.023009	4.778424
96.124457	8549.508604	14.651392	-0.022987	4.776944
96.116179	8544.407280	14.656397	-0.022985	4.775584
96.065284	8539.188339	14.661402	-0.022972	4.774191
96.037131	8534.223962	14.666407	-0.022965	4.772866
96.060838	8529.263935	14.671411	-0.022971	4.771544
95.849132	8524.168860	14.676416	-0.022920	4.770176
95.888018	8519.007100	14.681421	-0.022929	4.768800
95.919794	8513.797582	14.686426	-0.022936	4.767410
95.876025	8508.634534	14.691431	-0.022925	4.766030
95.902139	8503.406663	14.696435	-0.022931	4.764634
95.726007	8498.424930	14.701440	-0.022889	4.763296
95.822598	8493.551748	14.706445	-0.022912	4.761997
95.843015	8488.396848	14.711450	-0.022916	4.760620
95.701142	8483.260304	14.716455	-0.022882	4.759241
95.659432	8477.780336	14.721459	-0.022872	4.757773
95.819184	8472.399523	14.726464	-0.022910	4.756339
95.704156	8467.112125	14.731469	-0.022882	4.754919
95.822178	8462.060058	14.736474	-0.022910	4.753571
95.640199	8457.299631	14.741479	-0.022866	4.752289
95.509554	8452.133310	14.746483	-0.022835	4.750900
95.488263	8446.933716	14.751488	-0.022829	4.749506
95.614583	8441.782486	14.756493	-0.022859	4.748130
95.495151	8436.677302	14.761498	-0.022830	4.746756
95.468970	8431.386392	14.766503	-0.022824	4.745336
95.553089	8426.277303	14.771507	-0.022844	4.743968
95.486441	8421.427022	14.776512	-0.022827	4.742664
95.415666	8416.408945	14.781517	-0.022810	4.741314
95.339600	8411.174571	14.786522	-0.022792	4.739905
95.415156	8406.007490	14.791527	-0.022809	4.738520
95.391837	8400.483737	14.796531	-0.022804	4.737035
95.285505	8395.359691	14.801536	-0.022778	4.735654
95.274750	8390.152064	14.806541	-0.022775	4.734253
95.218121	8385.260426	14.811546	-0.022761	4.732936
95.158307	8380.350917	14.816551	-0.022747	4.731612
95.256965	8375.060598	14.821555	-0.022770	4.730193
95.181190	8370.024140	14.826560	-0.022752	4.728834
95.048430	8364.709030	14.831565	-0.022719	4.727398
95.035850	8359.660311	14.836570	-0.022716	4.726037
94.991865	8354.448609	14.841575	-0.022705	4.724632
94.966698	8349.489309	14.846579	-0.022699	4.723294
95.116195	8344.525953	14.851584	-0.022735	4.721962
95.013527	8339.369282	14.856589	-0.022710	4.720568
94.956172	8334.240889	14.861594	-0.022696	4.719182
94.876979	8328.519173	14.866599	-0.022676	4.717635
94.911552	8323.330375	14.871603	-0.022684	4.716236
94.855163	8318.156870	14.876608	-0.022671	4.714837
94.765698	8313.136727	14.881613	-0.022649	4.713478
94.822329	8308.182582	14.886618	-0.022662	4.712142
94.770306	8303.083418	14.891623	-0.022650	4.710762
94.831187	8297.868144	14.896627	-0.022664	4.709355
94.746078	8292.788587	14.901632	-0.022643	4.707978
94.457401	8287.545289	14.906637	-0.022574	4.706548
94.522064	8282.412577	14.911642	-0.022589	4.705163
94.423917	8277.243874	14.916647	-0.022565	4.703760
94.670036	8272.502819	14.921651	-0.022624	4.702487
94.582967	8267.270819	14.926656	-0.022603	4.701066
94.521253	8262.182923	14.931661	-0.022588	4.699686
94.480722	8256.817933	14.936666	-0.022578	4.698231
94.518906	8251.466761	14.941671	-0.022587	4.696782
94.427448	8246.244168	14.946675	-0.022564	4.695363
94.475395	8241.145702	14.951680	-0.022576	4.693982
94.432530	8236.365312	14.956685	-0.022565	4.692684
94.480735	8231.285806	14.961690	-0.022576	4.691307
94.512691	8225.979099	14.966695	-0.022584	4.689868
94.306372	8220.929113	14.971699	-0.022534	4.688489
94.373343	8215.678838	14.976704	-0.022550	4.687066
94.375997	8210.523927	14.981709	-0.022550	4.685666
94.262302	8205.378159	14.986714	-0.022523	4.684263
94.349932	8200.607133	14.991719	-0.022543	4.682969
94.267761	8195.445723	14.996723	-0.022523	4.681563
94.201344	8190.335101	15.001728	-0.022507	4.680170
94.243601	8184.999237	15.006733	-0.022517	4.678720
94.122730	8179.526253	15.011738	-0.022488	4.677226
94.043617	8174.260713	15.016743	-0.022469	4.675789
94.007155	8169.135780	15.021747	-0.022460	4.674392
94.008792	8164.290674	15.026752	-0.022460	4.673072
93.914175	8159.252238	15.031757	-0.022437	4.671695
94.011446	8154.041169	15.036762	-0.022460	4.670279
93.942137	8148.923983	15.041767	-0.022443	4.668881
93.904188	8143.713043	15.046771	-0.022434	4.667458
93.863978	8138.601316	15.051776	-0.022424	4.666062
93.896700	8133.320749	15.056781	-0.022431	4.664623
93.877108	8128.530268	15.061786	-0.022426	4.663314
93.934487	8123.431862	15.066791	-0.022440	4.661925
93.813758	8118.304530	15.071795	-0.022411	4.660519
93.847934	8113.141964	15.076800	-0.022419	4.659110
93.754116	8107.586389	15.081805	-0.022396	4.657588
93.699820	8102.486613	15.086810	-0.022382	4.656191
93.591854	8097.290650	15.091815	-0.022356	4.654766
93.601560	8092.411039	15.096819	-0.022358	4.653432
93.593357	8087.409008	15.101824	-0.022356	4.652063
93.640076	8082.217336	15.106829	-0.022367	4.650644
93.434635	8077.081764	15.111834	-0.022318	4.649229
93.375579	8071.898533	15.116839	-0.022303	4.647807
93.401406	8066.700098	15.121843	-0.022309	4.646384
93.419568	8061.602417	15.126848	-0.022313	4.644987
93.450174	8056.654610	15.131853	-0.022320	4.643633
93.330599	8051.737676	15.136858	-0.022291	4.642279
93.436098	8046.475902	15.141863	-0.022316	4.640841
93.397279	8041.354631	15.146867	-0.022307	4.639434
93.406463	8035.710960	15.151872	-0.022309	4.637885
93.320641	8030.495824	15.156877	-0.022288	4.636450
93.220441	8025.336899	15.161882	-0.022264	4.635029
93.282138	8020.412929	15.166887	-0.022278	4.633679
93.340996	8015.419261	15.171891	-0.022292	4.632309
93.138840	8010.175613	15.176896	-0.022243	4.630859
93.090617	8005.086245	15.181901	-0.022231	4.629457
93.089803	7999.906891	15.186906	-0.022231	4.628033
93.060637	7994.740463	15.191911	-0.022224	4.626610
93.127042	7989.507062	15.196915	-0.022239	4.625173
92.767165	7984.675623	15.201920	-0.022153	4.623827
92.982377	7979.695895	15.206925	-0.022204	4.622465
93.030917	7974.485884	15.211930	-0.022215	4.621032
92.837688	7969.388713	15.216935	-0.022169	4.619619
92.858140	7963.797980	15.221939	-0.022174	4.618079
92.862857	7958.714280	15.226944	-0.022174	4.616677
92.786019	7953.498093	15.231949	-0.022156	4.615235
92.812335	7948.593955	15.236954	-0.022162	4.613884
92.830987	7943.574846	15.241959	-0.022166	4.612499
92.761430	7938.358862	15.246963	-0.022149	4.611056
92.764283	7933.244771	15.251968	-0.022149	4.609644
92.681562	7928.027393	15.256973	-0.022129	4.608199
92.627884	7922.964015	15.261978	-0.022116	4.606798
92.658170	7917.759886	15.266983	-0.022123	4.605361
92.683640	7912.830236	15.271987	-0.022129	4.603999
92.579471	7907.888022	15.276992	-0.022104	4.602628
92.542629	7902.609202	15.281997	-0.022095	4.601165
92.593434	7897.503978	15.287002	-0.022107	4.599755
92.491857	7891.762001	15.292007	-0.022082	4.598161
92.512364	7886.662763	15.297011	-0.022087	4.596750
92.527308	7881.422876	15.302016	-0.022090	4.595299
92.366665	7876.519600	15.307021	-0.022051	4.593933
92.453475	7871.571932	15.312026	-0.022072	4.592566
92.409333	7866.371207	15.317031	-0.022061	4.591122
92.320694	7861.245787	15.322035	-0.022039	4.589696
92.350166	7856.036338	15.327040	-0.022046	4.588252
92.398333	7850.841214	15.332045	-0.022057	4.586813
92.205249	7845.737721	15.337050	-0.022011	4.585387
92.337982	7840.801794	15.342055	-0.022042	4.584023
92.073010	7835.859332	15.347059	-0.021979	4.582638
92.184707	7830.682633	15.352064	-0.022005	4.581204
92.130602	7825.456081	15.357069	-0.021992	4.579749
92.152260	7819.963934	15.362074	-0.021997	4.578223
92.022015	7814.737597	15.367079	-0.021965	4.576764
92.059559	7809.593106	15.372083	-0.021974	4.575334
92.074950	7804.726404	15.377088	-0.021977	4.573980
91.952145	7799.670836	15.382093	-0.021948	4.572567
91.935266	7794.557950	15.387098	-0.021944	4.571143
92.021735	7789.411700	15.392103	-0.021964	4.569713
91.947410	7784.209539	15.397107	-0.021946	4.568260
91.915782	7779.081518	15.402112	-0.021938	4.566829
91.974097	7773.776807	15.407117	-0.021952	4.565353
91.914461	7769.013700	15.412122	-0.021937	4.564022
91.778301	7763.978243	15.417127	-0.021904	4.562611
91.835637	7758.803850	15.422131	-0.021918	4.561169
91.795842	7753.567787	15.427136	-0.021908	4.559706
91.711292	7747.937340	15.432141	-0.021887	4.558129
91.704588	7742.800986	15.437146	-0.021885	4.556694
91.753881	7737.624555	15.442151	-0.021897	4.555250
91.657372	7732.729708	15.447155	-0.021874	4.553877
91.491656	7727.734017	15.452160	-0.021834	4.552473
91.421836	7722.539814	15.457165	-0.021817	4.551016
91.518440	7717.421078	15.462170	-0.021840	4.549589
91.421875	7712.194500	15.467175	-0.021816	4.548121
91.463846	7706.966582	15.472179	-0.021826	4.546660
91.380594	7701.883850	15.477184	-0.021806	4.545232
91.280025	7697.076387	15.482189	-0.021781	4.543881
91.221802	7691.952530	15.487194	-0.021767	4.542442
91.258494	7686.795491	15.492199	-0.021776	4.540998
91.291168	7681.478235	15.497203	-0.021783	4.539509
91.199558	7676.070056	15.502208	-0.021761	4.537987
91.207017	7670.934089	15.507213	-0.021763	4.536547
91.137978	7665.803705	15.512218	-0.021746	4.535103
91.128025	7660.925182	15.517223	-0.021743	4.533733
91.190118	7655.685935	15.522227	-0.021758	4.532264
91.108547	7650.554768	15.527232	-0.021738	4.530819
91.120934	7645.359453	15.532237	-0.021741	4.529359
91.090429	7640.121968	15.537242	-0.021733	4.527886
91.166947	7634.999108	15.542247	-0.021751	4.526448
91.036539	7629.931661	15.547251	-0.021719	4.525017
91.180819	7625.090083	15.552256	-0.021754	4.523661
90.998246	7619.993597	15.557261	-0.021710	4.522218
91.092123	7614.804331	15.562266	-0.021732	4.520761
90.914122	7609.218396	15.567271	-0.021689	4.519179
90.727088	7603.972768	15.572275	-0.021644	4.517692
90.795856	7598.771898	15.577280	-0.021660	4.516230
90.780284	7593.734252	15.582285	-0.021656	4.514808
90.863917	7588.829639	15.587290	-0.021676	4.513429
90.816155	7583.681100	15.592295	-0.021664	4.511974
90.758725	7578.485007	15.597299	-0.021650	4.510505
90.652047	7573.386359	15.602304	-0.021624	4.509060
90.764139	7568.110607	15.607309	-0.021651	4.507576
90.781642	7562.923410	15.612314	-0.021655	4.506111
90.676173	7558.075903	15.617319	-0.021629	4.504736
90.638483	7553.121153	15.622323	-0.021620	4.503334
90.609791	7547.915835	15.627328	-0.021613	4.501861
90.623759	7542.772245	15.632333	-0.021616	4.500407
90.492624	7537.313184	15.637338	-0.021584	4.498856
90.436016	7532.100220	15.642343	-0.021570	4.497377
90.454090	7526.859642	15.647347	-0.021575	4.495894
90.463340	7522.026761	15.652352	-0.021576	4.494526
90.396520	7516.984762	15.657357	-0.021560	4.493094
90.292564	7511.863767	15.662362	-0.021535	4.491638
90.388383	7506.769550	15.667367	-0.021558	4.490198
90.265640	7501.526354	15.672371	-0.021528	4.488705
90.276821	7496.365292	15.677376	-0.021530	4.487242
90.203422	7491.222695	15.682381	-0.021513	4.485779
90.195720	7486.454216	15.687386	-0.021511	4.484425
90.122714	7481.325810	15.692391	-0.021493	4.482965
90.147291	7476.171244	15.697395	-0.021498	4.481502
90.146944	7470.918305	15.702400	-0.021498	4.480009
90.029354	7465.477665	15.707405	-0.021470	4.478457
90.064580	7460.234225	15.712410	-0.021478	4.476968
89.891087	7455.202091	15.717415	-0.021436	4.475528
89.890655	7450.356630	15.722419	-0.021436	4.474149
89.991926	7445.114445	15.727424	-0.021459	4.472662
89.932368	7439.989621	15.732429	-0.021445	4.471200
90.151380	7434.829015	15.737434	-0.021497	4.469741
89.828358	7429.697507	15.742439	-0.021420	4.468263
89.883006	7424.436318	15.747443	-0.021432	4.466767
89.790539	7419.505799	15.752448	-0.021410	4.465356
89.825179	7414.621468	15.757453	-0.021418	4.463965
89.813398	7409.403166	15.762458	-0.021415	4.462476
89.643149	7404.289762	15.767463	-0.021374	4.461008
89.709203	7398.797816	15.772467	-0.021389	4.459444
89.713896	7393.619107	15.777472	-0.021390	4.457965
89.602437	7388.382678	15.782477	-0.021363	4.456464
89.638126	7383.476198	15.787482	-0.021371	4.455064
89.511000	7378.545190	15.792487	-0.021341	4.453648
89.594913	7373.282921	15.797491	-0.021361	4.452148
89.577942	7368.172159	15.802496	-0.021356	4.450685
89.434684	7362.977268	15.807501	-0.021322	4.449191
89.501881	7357.830044	15.812506	-0.021337	4.447722
89.460126	7352.626267	15.817511	-0.021327	4.446230
89.390243	7347.753979	15.822515	-0.021310	4.444831
89.325871	7342.737370	15.827520	-0.021295	4.443390
89.296657	7337.617094	15.832525	-0.021287	4.441921
89.348698	7332.185855	15.837530	-0.021299	4.440367
89.302513	7326.702016	15.842535	-0.021288	4.438792
89.244825	7321.512670	15.847539	-0.021274	4.437300
89.336577	7316.443308	15.852544	-0.021296	4.435850
89.279481	7311.598727	15.857549	-0.021282	4.434456
89.269690	7306.429914	15.862554	-0.021279	4.432971
89.148745	7301.282540	15.867559	-0.021250	4.431486
89.016453	7296.157410	15.872563	-0.021218	4.430007
89.060759	7290.980962	15.877568	-0.021228	4.428521
89.062585	7285.777962	15.882573	-0.021228	4.427025
89.030604	7280.772630	15.887578	-0.021221	4.425584
88.940401	7275.921403	15.892583	-0.021199	4.424183
88.854658	7270.740195	15.897587	-0.021178	4.422687
88.932941	7265.587908	15.902592	-0.021196	4.421208
88.899744	7260.058407	15.907597	-0.021188	4.419614
88.892657	7254.910818	15.912602	-0.021186	4.418130
88.728946	7249.739870	15.917607	-0.021147	4.416631
88.857967	7244.777144	15.922611	-0.021177	4.415207
88.836967	7239.774630	15.927616	-0.021172	4.413763
88.798821	7234.573438	15.932621	-0.021163	4.412260
88.656750	7229.500793	15.937626	-0.021128	4.410789
88.619809	7224.320227	15.942631	-0.021119	4.409291
88.687174	7219.079491	15.947635	-0.021135	4.407781
88.637531	7213.970652	15.952640	-0.021123	4.406303
88.525329	7209.158833	15.957645	-0.021096	4.404906
88.537587	7204.033602	15.962650	-0.021098	4.403425
88.556237	7198.886276	15.967655	-0.021103	4.401937
88.524363	7193.364597	15.972659	-0.021095	4.400338
88.411464	7188.027786	15.977664	-0.021067	4.398788
88.470540	7182.839784	15.982669	-0.021081	4.397289
88.476011	7177.784996	15.987674	-0.021082	4.395825
88.433678	7172.918303	15.992679	-0.021072	4.394413
88.385360	7167.704207	15.997683	-0.021060	4.392900
88.389875	7162.560971	16.002688	-0.021061	4.391409
88.370656	7157.355964	16.007693	-0.021056	4.389899
88.305637	7152.270798	16.012698	-0.021040	4.388420
88.217948	7147.061325	16.017703	-0.021019	4.386904
88.145363	7142.134810	16.022707	-0.021001	4.385470
88.198211	7137.101172	16.027712	-0.021014	4.384011
88.324726	7131.919346	16.032717	-0.021044	4.382512
88.056525	7126.752981	16.037722	-0.020979	4.380997
88.134792	7121.298907	16.042727	-0.020997	4.379416
88.132891	7116.108251	16.047731	-0.020997	4.377906
88.092107	7111.003727	16.052736	-0.020987	4.376419
87.942666	7106.192147	16.057741	-0.020951	4.375011
87.955520	7101.082329	16.062746	-0.020954	4.373524
88.036708	7095.906028	16.067751	-0.020973	4.372021
87.931970	7090.749367	16.072755	-0.020947	4.370514
87.858549	7085.556658	16.077760	-0.020929	4.368997
87.775983	7080.363166	16.082765	-0.020909	4.367479
87.930736	7075.332525	16.087770	-0.020946	4.366020
87.807598	7070.478557	16.092775	-0.020916	4.364598
87.788188	7065.319424	16.097779	-0.020912	4.363091
87.752866	7060.199218	16.102784	-0.020903	4.361595
87.705201	7054.477983	16.107789	-0.020891	4.359922
87.717283	7049.309001	16.112794	-0.020894	4.358413
87.500378	7044.180699	16.117799	-0.020841	4.356902
87.481027	7039.266716	16.122803	-0.020837	4.355465
87.521584	7034.240847	16.127808	-0.020846	4.353998
87.797490	7029.038836	16.132813	-0.020912	4.352491
87.554758	7023.881883	16.137818	-0.020853	4.350969
87.500672	7018.738930	16.142823	-0.020840	4.349461
87.492771	7013.534883	16.147827	-0.020838	4.347937
87.605621	7008.463811	16.152832	-0.020865	4.346457
87.508040	7003.627224	16.157837	-0.020841	4.345035
87.346041	6998.482548	16.162842	-0.020802	4.343518
87.480561	6993.301854	16.167847	-0.020834	4.342007
87.250764	6987.889250	16.172851	-0.020779	4.340407
87.287040	6982.646401	16.177856	-0.020787	4.338870
87.278920	6977.454046	16.182861	-0.020785	4.337346
87.238573	6972.541651	16.187866	-0.020775	4.335901
87.208469	6967.562049	16.192871	-0.020767	4.334437
87.186260	6962.387197	16.197875	-0.020762	4.332915
87.239273	6957.267077	16.202880	-0.020774	4.331414
87.104126	6952.061666	16.207885	-0.020742	4.329876
87.020347	6946.892087	16.212890	-0.020721	4.328351
87.104792	6941.757701	16.217895	-0.020741	4.326844
87.013428	6936.984516	16.222899	-0.020719	4.325435
86.910050	6931.893931	16.227904	-0.020694	4.323930
86.915109	6926.718123	16.232909	-0.020695	4.322406
86.824924	6921.233538	16.237914	-0.020673	4.320785
86.922751	6915.878944	16.242919	-0.020696	4.319212
86.903354	6910.711242	16.247923	-0.020691	4.317687
86.966048	6905.659096	16.252928	-0.020706	4.316201
86.881885	6900.719780	16.257933	-0.020686	4.314739
86.791319	6895.593012	16.262938	-0.020664	4.313220
86.840192	6890.419695	16.267943	-0.020675	4.311696
86.920113	6885.144078	16.272947	-0.020694	4.310142
86.654908	6880.063056	16.277952	-0.020630	4.308626
86.728560	6874.863122	16.282957	-0.020648	4.307093
86.656553	6870.024970	16.287962	-0.020630	4.305658
86.701586	6864.975390	16.292967	-0.020641	4.304167
86.658657	6859.747916	16.297971	-0.020630	4.302618
86.742353	6854.413028	16.302976	-0.020650	4.301044
86.468008	6849.130807	16.307981	-0.020584	4.299464
86.425617	6843.910056	16.312986	-0.020573	4.297915
86.436608	6838.923384	16.317991	-0.020576	4.296438
86.356314	6833.998869	16.322995	-0.020556	4.294974
86.434275	6828.835561	16.328000	-0.020575	4.293447
86.462177	6823.706699	16.333005	-0.020581	4.291928
86.325434	6818.487789	16.338010	-0.020548	4.290371
86.299401	6813.340243	16.343015	-0.020542	4.288842
86.245414	6808.153598	16.348019	-0.020528	4.287299
86.346472	6803.357589	16.353024	-0.020552	4.285880
86.296170	6798.240017	16.358029	-0.020540	4.284356
86.181126	6793.046296	16.363034	-0.020512	4.282806
86.083333	6787.674868	16.368039	-0.020488	4.281203
86.047014	6782.281181	16.373043	-0.020479	4.279596
86.080753	6777.113216	16.378048	-0.020487	4.278060
86.154573	6772.058977	16.383053	-0.020505	4.276560
86.102795	6767.145763	16.388058	-0.020492	4.275094
85.934149	6762.027115	16.393063	-0.020451	4.273559
86.009509	6756.839620	16.398067	-0.020469	4.272018
86.088459	6751.649098	16.403072	-0.020488	4.270475
85.990298	6746.491192	16.408077	-0.020464	4.268931
85.887481	6741.321429	16.413082	-0.020439	4.267383
85.947472	6736.537580	16.418087	-0.020453	4.265959
85.913292	6731.364569	16.423091	-0.020445	4.264412
85.730737	6726.247012	16.428096	-0.020401	4.262873
85.727160	6720.880717	16.433101	-0.020400	4.261270
85.760291	6715.595023	16.438106	-0.020407	4.259692
85.668411	6710.464778	16.443111	-0.020385	4.258153
85.690009	6705.287438	16.448115	-0.020390	4.256606
85.736638	6700.303279	16.453120	-0.020401	4.255117
85.656345	6695.162813	16.458125	-0.020381	4.253574
85.630592	6690.005377	16.463130	-0.020375	4.252028
85.627238	6684.802776	16.468135	-0.020374	4.250470
85.533570	6679.652863	16.473139	-0.020351	4.248921
85.487974	6674.520558	16.478144	-0.020340	4.247380
85.564667	6669.685014	16.483149	-0.020358	4.245935
85.491299	6664.542976	16.488154	-0.020340	4.244388
85.353476	6659.426762	16.493159	-0.020307	4.242845
85.405420	6653.825432	16.498163	-0.020319	4.241166
85.384665	6648.583405	16.503168	-0.020314	4.239591
85.422702	6643.400499	16.508173	-0.020323	4.238036
85.377763	6638.495264	16.513178	-0.020312	4.236560
85.304260	6633.438443	16.518183	-0.020294	4.235035
85.242227	6628.253571	16.523187	-0.020279	4.233472
85.260012	6623.127729	16.528192	-0.020282	4.231931
85.283992	6617.909196	16.533197	-0.020288	4.230362
85.271793	6612.716230	16.538202	-0.020285	4.228798
85.149696	6607.701040	16.543207	-0.020255	4.227280
84.984591	6602.840091	16.548211	-0.020216	4.225806
85.057789	6597.705480	16.553216	-0.020233	4.224263
85.010158	6592.536283	16.558221	-0.020221	4.222702
85.015416	6587.024408	16.563226	-0.020222	4.221039
84.891912	6581.876096	16.568231	-0.020192	4.219479
85.051359	6576.653650	16.573235	-0.020230	4.217912
84.862584	6571.824867	16.578240	-0.020185	4.216443
84.945246	6566.742076	16.583245	-0.020204	4.214912
84.952106	6561.547884	16.588250	-0.020205	4.213343
84.876893	6556.429560	16.593255	-0.020187	4.211791
84.743262	6551.232756	16.598259	-0.020155	4.210212
84.680866	6546.088949	16.603264	-0.020140	4.208652
84.735809	6541.066326	16.608269	-0.020153	4.207136
84.759928	6536.121677	16.613274	-0.020158	4.205640
84.618325	6531.026921	16.618279	-0.020124	4.204089
84.626499	6525.782997	16.623283	-0.020126	4.202501
84.731834	6520.179960	16.628288	-0.020151	4.200809
84.620615	6514.984263	16.633293	-0.020124	4.199227
84.515885	6509.858231	16.638298	-0.020098	4.197666
84.588954	6505.059065	16.643303	-0.020116	4.196214
84.472924	6499.911225	16.648307	-0.020087	4.194645
84.455813	6494.767365	16.653312	-0.020083	4.193082
84.432690	6489.584486	16.658317	-0.020077	4.191506
84.434797	6484.391373	16.663322	-0.020077	4.189928
84.439211	6479.246991	16.668327	-0.020078	4.188365
84.262361	6474.328334	16.673331	-0.020036	4.186859
84.205588	6469.359961	16.678336	-0.020022	4.185344
84.239548	6464.173314	16.683341	-0.020030	4.183767
84.301935	6458.857871	16.688346	-0.020044	4.182153
84.191261	6453.518415	16.693351	-0.020018	4.180520
84.232412	6448.328101	16.698355	-0.020027	4.178941
84.214536	6443.341981	16.703360	-0.020023	4.177421
84.244237	6438.411673	16.708365	-0.020029	4.175919
84.102356	6433.244103	16.713370	-0.019995	4.174335
84.081396	6428.110673	16.718375	-0.019990	4.172767
83.972532	6422.890383	16.723379	-0.019964	4.171167
83.952124	6417.778143	16.728384	-0.019958	4.169605
84.043520	6412.600506	16.733389	-0.019980	4.168029
84.015511	6407.793945	16.738394	-0.019973	4.166558
84.036475	6402.647424	16.743399	-0.019978	4.164986
83.982924	6397.492251	16.748403	-0.019965	4.163407
83.862226	6391.993369	16.753408	-0.019935	4.161717
83.884452	6386.723057	16.758413	-0.019940	4.160105
83.927185	6381.498578	16.763418	-0.019950	4.158509
83.928239	6376.582047	16.768423	-0.019950	4.157003
83.674678	6371.584005	16.773427	-0.019889	4.155456
83.831057	6366.354728	16.778432	-0.019927	4.153863
83.675294	6361.250294	16.783437	-0.019889	4.152288
83.684913	6356.067729	16.788442	-0.019891	4.150699
83.519845	6350.922353	16.793447	-0.019851	4.149110
83.684584	6345.858908	16.798451	-0.019890	4.147566
83.643124	6340.949696	16.803456	-0.019880	4.146056
83.613376	6335.785907	16.808461	-0.019873	4.144467
83.434172	6330.595399	16.813466	-0.019830	4.142861
83.404791	6325.166513	16.818471	-0.019822	4.141190
83.398337	6319.964543	16.823475	-0.019821	4.139590
83.436859	6314.820405	16.828480	-0.019829	4.138009
83.309162	6310.024232	16.833485	-0.019799	4.136525
83.321564	6304.867907	16.838490	-0.019801	4.134938
83.253899	6299.746012	16.843495	-0.019785	4.133356
83.252414	6294.533658	16.848499	-0.019784	4.131750
83.320039	6289.334606	16.853504	-0.019800	4.130152
83.210112	6284.225250	16.858509	-0.019774	4.128569
83.220580	6279.301826	16.863514	-0.019776	4.127051
83.147185	6274.309286	16.868519	-0.019758	4.125506
83.202495	6269.077087	16.873523	-0.019771	4.123894
83.107243	6263.618885	16.878528	-0.019748	4.122202
82.995249	6258.315875	16.883533	-0.019721	4.120556
83.062461	6253.101648	16.888538	-0.019737	4.118949
82.917894	6248.210256	16.893543	-0.019702	4.117427
82.797045	6243.238179	16.898547	-0.019673	4.115881
82.760766	6238.087322	16.903552	-0.019664	4.114285
82.903625	6232.882673	16.908557	-0.019697	4.112683
82.789625	6227.653970	16.913562	-0.019670	4.111056
82.885709	6222.482065	16.918567	-0.019693	4.109460
82.889045	6217.410704	16.923571	-0.019693	4.107888
82.859208	6212.530294	16.928576	-0.019686	4.106373
82.733779	6207.430804	16.933581	-0.019655	4.104784
82.677625	6202.255734	16.938586	-0.019642	4.103174
82.760131	6196.807875	16.943591	-0.019661	4.101488
82.723383	6191.548564	16.948595	-0.019652	4.099853
82.833355	6186.403843	16.953600	-0.019678	4.098261
82.599705	6181.654212	16.958605	-0.019622	4.096770
82.614890	6176.423429	16.963610	-0.019625	4.095145
82.676208	6171.315666	16.968615	-0.019640	4.093560
82.557648	6166.145644	16.973619	-0.019611	4.091944
82.637218	6160.933803	16.978624	-0.019630	4.090327
82.542880	6155.777955	16.983629	-0.019607	4.088715
82.562819	6150.966274	16.988634	-0.019611	4.087218
82.423364	6145.905855	16.993639	-0.019578	4.085632
82.499926	6140.694621	16.998643	-0.019596	4.084012
82.457229	6135.180861	17.003648	-0.019585	4.082290
82.344771	6129.917980	17.008653	-0.019558	4.080640
82.355475	6124.699729	17.013658	-0.019560	4.079012
82.187600	6119.828475	17.018663	-0.019520	4.077480
82.223005	6114.730057	17.023667	-0.019528	4.075890
82.210086	6109.579731	17.028672	-0.019525	4.074279
82.241968	6104.416142	17.033677	-0.019532	4.072667
82.130694	6099.229469	17.038682	-0.019505	4.071038
82.156900	6094.057202	17.043687	-0.019511	4.069421
82.112823	6089.111032	17.048691	-0.019500	4.067870
82.090837	6084.126273	17.053696	-0.019495	4.066308
82.113014	6078.929956	17.058701	-0.019500	4.064682
82.061179	6073.685411	17.063706	-0.019487	4.063035
81.878487	6068.367780	17.068711	-0.019443	4.061356
81.828452	6063.190901	17.073715	-0.019431	4.059729
81.894893	6058.151934	17.078720	-0.019447	4.058152
81.886424	6053.206150	17.083725	-0.019444	4.056600
81.760707	6048.084009	17.088730	-0.019414	4.054983
81.661951	6042.936447	17.093735	-0.019390	4.053359
81.730238	6037.685456	17.098739	-0.019406	4.051714
81.664827	6032.586729	17.103744	-0.019390	4.050107
81.590157	6027.541614	17.108749	-0.019372	4.048515
81.587672	6022.624228	17.113754	-0.019371	4.046968
81.672303	6017.457374	17.118759	-0.019391	4.045347
81.562239	6012.255172	17.123763	-0.019364	4.043702
81.600656	6006.641419	17.128768	-0.019373	4.041936
81.504065	6001.536903	17.133773	-0.019350	4.040321
81.598004	5996.375523	17.138778	-0.019372	4.038700
81.557720	5991.535432	17.143783	-0.019362	4.037171
81.442457	5986.384551	17.148787	-0.019334	4.035538
81.282685	5981.310451	17.153792	-0.019296	4.033926
81.443191	5976.036382	17.158797	-0.019334	4.032271
81.402138	5970.836643	17.163802	-0.019324	4.030626
81.354024	5965.756092	17.168807	-0.019312	4.029017
81.358354	5960.937014	17.173811	-0.019313	4.027494
81.376453	5955.761550	17.178816	-0.019317	4.025858
81.254691	5950.644437	17.183821	-0.019288	4.024231
81.266740	5945.162850	17.188826	-0.019290	4.022497
81.189976	5939.993225	17.193831	-0.019271	4.020855
81.185376	5934.823236	17.198835	-0.019270	4.019217
81.000589	5930.018622	17.203840	-0.019226	4.017682
81.240359	5924.841193	17.208845	-0.019283	4.016056
80.950716	5919.645457	17.213850	-0.019213	4.014389
80.953470	5914.442909	17.218855	-0.019213	4.012738
81.037659	5909.232050	17.223859	-0.019233	4.011090
80.991664	5904.102137	17.228864	-0.019222	4.009458
81.028633	5899.179673	17.233869	-0.019231	4.007896
80.953318	5894.140650	17.238874	-0.019212	4.006290
80.913441	5889.012668	17.243879	-0.019203	4.004657
80.687641	5883.549670	17.248883	-0.019148	4.002904
80.681354	5878.202132	17.253888	-0.019146	4.001201
80.813426	5873.021422	17.258893	-0.019178	3.999561
80.805924	5868.106877	17.263898	-0.019176	3.997995
80.784220	5863.079736	17.268903	-0.019170	3.996392
80.747754	5857.857031	17.273907	-0.019161	3.994725
80.601909	5852.734348	17.278912	-0.019126	3.993082
80.710560	5847.525014	17.283917	-0.019152	3.991427
80.516243	5842.366171	17.288922	-0.019105	3.989768
80.529247	5837.450509	17.293927	-0.019108	3.988199
80.590619	5832.388592	17.298931	-0.019122	3.986587
80.616115	5827.256310	17.303936	-0.019128	3.984949
80.393870	5821.935294	17.308941	-0.019075	3.983232
80.382528	5816.611284	17.313946	-0.019072	3.981529
80.453608	5811.495221	17.318951	-0.019088	3.979897
80.428019	5806.466424	17.323955	-0.019082	3.978286
80.293829	5801.478681	17.328960	-0.019050	3.976680
80.319045	5796.358247	17.333965	-0.019055	3.975041
80.247666	5791.160441	17.338970	-0.019038	3.973371
80.220077	5786.003094	17.343975	-0.019031	3.971715
80.368587	5780.794279	17.348979	-0.019066	3.970055
80.277995	5775.868874	17.353984	-0.019044	3.968468
80.207032	5770.834255	17.358989	-0.019027	3.966848
80.129410	5765.748727	17.363994	-0.019008	3.965209
80.175105	5760.353937	17.368999	-0.019019	3.963479
80.017594	5754.941436	17.374003	-0.018981	3.961729
80.018987	5749.777460	17.379008	-0.018981	3.960068
80.101983	5744.805593	17.384013	-0.019001	3.958475
79.969721	5739.788356	17.389018	-0.018969	3.956851
80.091496	5734.630765	17.394023	-0.018997	3.955199
80.002732	5729.458066	17.399027	-0.018976	3.953527
79.838695	5724.283619	17.404032	-0.018936	3.951849
79.814844	5719.138042	17.409037	-0.018930	3.950188
79.776823	5714.195178	17.414042	-0.018921	3.948592
79.777556	5709.182022	17.419047	-0.018921	3.946974
79.953346	5704.018625	17.424051	-0.018963	3.945320
79.749706	5698.733245	17.429056	-0.018914	3.943600
79.832404	5693.370335	17.434061	-0.018933	3.941873
79.684602	5688.244580	17.439066	-0.018898	3.940206
79.622363	5683.329226	17.444071	-0.018882	3.938613
79.574295	5678.288288	17.449075	-0.018871	3.936979
79.647220	5673.175708	17.454080	-0.018888	3.935330
79.543005	5667.955541	17.459085	-0.018863	3.933633
79.561615	5662.754122	17.464090	-0.018867	3.931950
79.649986	5657.646569	17.469095	-0.018888	3.930301
79.446734	5652.707184	17.474099	-0.018839	3.928686
79.329789	5647.711488	17.479104	-0.018810	3.927058
79.349898	5642.588691	17.484109	-0.018815	3.925398
79.339994	5637.075500	17.489114	-0.018812	3.923608
79.441346	5631.728787	17.494119	-0.018836	3.921879
79.278981	5626.554854	17.499123	-0.018797	3.920187
79.288292	5621.591313	17.504128	-0.018799	3.918575
79.367163	5616.579921	17.509133	-0.018818	3.916951
79.297606	5611.391191	17.514138	-0.018801	3.915259
79.350954	5606.220790	17.519143	-0.018813	3.913581
79.122470	5601.081225	17.524147	-0.018758	3.911891
79.039264	5595.907087	17.529152	-0.018738	3.910200
79.189944	5590.995875	17.534157	-0.018774	3.908611
79.176512	5585.935179	17.539162	-0.018770	3.906961
79.142837	5580.825580	17.544167	-0.018762	3.905293
78.877256	5575.425036	17.549171	-0.018698	3.903512
78.896806	5570.188661	17.554176	-0.018703	3.901804
78.894581	5565.046393	17.559181	-0.018702	3.900125
78.961490	5560.146161	17.564186	-0.018718	3.898530
78.914449	5555.031519	17.569191	-0.018706	3.896855
78.745239	5549.921389	17.574195	-0.018665	3.895172
78.745761	5544.688975	17.579200	-0.018665	3.893461
78.701128	5539.571925	17.584205	-0.018654	3.891784
78.712789	5534.381641	17.589210	-0.018657	3.890086
78.712965	5529.597452	17.594215	-0.018656	3.888519
78.666681	5524.452049	17.599219	-0.018645	3.886830
78.747232	5519.261594	17.604224	-0.018664	3.885135
78.737324	5513.680411	17.609229	-0.018661	3.883304
78.539451	5508.460626	17.614234	-0.018614	3.881577
78.581595	5503.366559	17.619239	-0.018624	3.879909
78.487599	5498.514215	17.624243	-0.018601	3.878308
78.353129	5493.404976	17.629248	-0.018568	3.876620
78.546688	5488.198074	17.634253	-0.018614	3.874924
78.476883	5483.042805	17.639258	-0.018597	3.873224
78.400572	5477.888434	17.644263	-0.018579	3.871523
78.336854	5472.789499	17.649267	-0.018563	3.869840
78.356134	5467.940643	17.654272	-0.018568	3.868246
78.317014	5462.777992	17.659277	-0.018558	3.866543
78.229827	5457.560203	17.664282	-0.018537	3.864817
78.217337	5452.090331	17.669287	-0.018534	3.863013
78.163095	5446.984486	17.674291	-0.018520	3.861325
78.061141	5441.930405	17.679296	-0.018496	3.859650
78.136028	5436.991983	17.684301	-0.018513	3.858026
78.048577	5431.852043	17.689306	-0.018492	3.856322
78.031158	5426.737376	17.694311	-0.018488	3.854632
78.027069	5421.510513	17.699315	-0.018486	3.852904
77.977578	5416.377414	17.704320	-0.018474	3.851203
78.074874	5411.369186	17.709325	-0.018497	3.849554
77.815990	5406.399118	17.714330	-0.018435	3.847890
77.871161	5401.289669	17.719335	-0.018448	3.846202
77.880573	5395.900651	17.724339	-0.018450	3.844418
77.795229	5390.583590	17.729344	-0.018429	3.842650
77.814712	5385.364861	17.734349	-0.018434	3.840921
77.759366	5380.422321	17.739354	-0.018420	3.839278
77.741472	5375.405707	17.744359	-0.018416	3.837612
77.705551	5370.225176	17.749363	-0.018407	3.835889
77.654353	5365.021313	17.754368	-0.018394	3.834157
77.712739	5359.904869	17.759373	-0.018408	3.832462
77.512747	5354.707530	17.764378	-0.018360	3.830719
77.449687	5349.886047	17.769383	-0.018344	3.829111
77.560636	5344.718412	17.774387	-0.018371	3.827400
77.489070	5339.581416	17.779392	-0.018353	3.825685
77.605568	5334.119023	17.784397	-0.018381	3.823874
77.382746	5328.971568	17.789402	-0.018327	3.822143
77.495229	5323.793228	17.794407	-0.018354	3.820425
77.396118	5318.959314	17.799411	-0.018330	3.818806
77.378031	5313.804926	17.804416	-0.018325	3.817085
77.332754	5308.666553	17.809421	-0.018314	3.815367
77.252722	5303.456185	17.814426	-0.018295	3.813621
77.240045	5298.289841	17.819431	-0.018291	3.811894
77.144507	5293.256851	17.824435	-0.018268	3.810205
77.250235	5288.304259	17.829440	-0.018293	3.808557
77.345376	5283.170504	17.834445	-0.018316	3.806847
77.115969	5277.911864	17.839450	-0.018261	3.805070
77.036450	5272.483459	17.844455	-0.018241	3.803246
77.073650	5267.277857	17.849459	-0.018250	3.801505
77.026346	5262.265379	17.854464	-0.018238	3.799822
76.984316	5257.285581	17.859469	-0.018228	3.798149
76.978148	5251.962898	17.864474	-0.018226	3.796363
76.900469	5246.841450	17.869479	-0.018207	3.794639
76.894292	5241.632476	17.874483	-0.018206	3.792890
76.868242	5236.450922	17.879488	-0.018199	3.791147
76.863274	5231.548344	17.884493	-0.018198	3.789499
76.889133	5226.456043	17.889498	-0.018204	3.787789
76.733793	5221.404993	17.894503	-0.018166	3.786079
76.690124	5215.939103	17.899507	-0.018155	3.784236
76.732519	5210.722122	17.904512	-0.018165	3.782483
76.706225	5205.576217	17.909517	-0.018159	3.780748
76.554699	5200.711700	17.914522	-0.018122	3.779097
76.585555	5195.602602	17.919527	-0.018129	3.777377
76.677661	5190.394667	17.924531	-0.018151	3.775628
76.512711	5185.287421	17.929536	-0.018111	3.773892
76.482982	5180.074549	17.934541	-0.018104	3.772129
76.420088	5175.032606	17.939546	-0.018089	3.770422
76.506695	5170.137537	17.944551	-0.018109	3.768775
76.335149	5164.948015	17.949555	-0.018068	3.767007
76.464522	5159.679191	17.954560	-0.018098	3.765235
76.312713	5154.195793	17.959565	-0.018062	3.763368
76.263585	5149.005724	17.964570	-0.018050	3.761607
76.417893	5144.006754	17.969575	-0.018086	3.759926
76.340177	5138.967185	17.974579	-0.018067	3.758213
76.238500	5133.870143	17.979584	-0.018043	3.756477
76.155760	5128.690098	17.984589	-0.018023	3.754713
75.959803	5123.528766	17.989594	-0.017976	3.752947
76.117913	5118.399602	17.994599	-0.018013	3.751218
76.194742	5113.461715	17.999603	-0.018031	3.749547
76.182842	5108.342765	18.004608	-0.018028	3.747807
76.044087	5103.236523	18.009613	-0.017995	3.746060
75.973323	5097.764424	18.014618	-0.017977	3.744193
76.064109	5092.581128	18.019623	-0.017999	3.742437
75.995943	5087.486906	18.024627	-0.017982	3.740697
75.904022	5082.596755	18.029632	-0.017960	3.739025
75.995872	5077.457869	18.034637	-0.017982	3.737281
75.965613	5072.255638	18.039642	-0.017974	3.735505
76.012628	5067.100929	18.044647	-0.017985	3.733751
75.922817	5061.946860	18.049651	-0.017963	3.731985
75.813861	5056.939642	18.054656	-0.017937	3.730267
75.663979	5052.001036	18.059661	-0.017901	3.728568
75.800747	5046.832992	18.064666	-0.017933	3.726814
75.720891	5041.403243	18.069671	-0.017914	3.724951
75.636681	5036.109583	18.074675	-0.017894	3.723134
75.586097	5030.941972	18.079680	-0.017881	3.721361
75.551766	5026.028289	18.084685	-0.017873	3.719676
75.373884	5020.981153	18.089690	-0.017830	3.717933
75.485218	5015.848260	18.094695	-0.017856	3.716183
75.385854	5010.595351	18.099699	-0.017832	3.714375
75.375356	5005.461478	18.104704	-0.017829	3.712613
75.343315	5000.402435	18.109709	-0.017821	3.710874
75.305327	4995.478092	18.114714	-0.017812	3.709181
75.394922	4990.315954	18.119719	-0.017833	3.707415
75.307374	4985.083682	18.124723	-0.017812	3.705610
75.228728	4979.704822	18.129728	-0.017793	3.703754
75.289901	4974.549651	18.134733	-0.017807	3.701986
75.173803	4969.606683	18.139738	-0.017779	3.700275
75.176647	4964.608850	18.144743	-0.017780	3.698554
75.055922	4959.420646	18.149747	-0.017750	3.696757
75.033904	4954.240575	18.154752	-0.017745	3.694970
75.063546	4949.118646	18.159757	-0.017752	3.693207
75.031356	4943.913406	18.164762	-0.017744	3.691409
75.069319	4939.138980	18.169767	-0.017753	3.689764
74.838963	4934.029107	18.174771	-0.017697	3.687981
74.972295	4928.779268	18.179776	-0.017729	3.686178
74.885183	4923.234039	18.184781	-0.017708	3.684254
74.803384	4918.086693	18.189786	-0.017688	3.682467
74.794010	4913.078884	18.194791	-0.017685	3.680734
74.896070	4908.051379	18.199795	-0.017709	3.679002
74.905209	4902.832059	18.204800	-0.017711	3.677196
74.778445	4897.728808	18.209805	-0.017681	3.675417
74.654852	4892.560688	18.214810	-0.017651	3.673615
74.675813	4887.368711	18.219815	-0.017656	3.671816
74.674751	4882.491272	18.224819	-0.017655	3.670124
74.564958	4877.405622	18.229824	-0.017628	3.668349
74.497779	4872.304187	18.234829	-0.017612	3.666572
74.419146	4866.823560	18.239834	-0.017593	3.664661
74.417949	4861.633398	18.244839	-0.017592	3.662857
74.521273	4856.553540	18.249843	-0.017617	3.661098
74.372874	4851.644082	18.254848	-0.017581	3.659377
74.466018	4846.492560	18.259853	-0.017603	3.657592
74.426557	4841.276795	18.264858	-0.017593	3.655771
74.474913	4836.122250	18.269863	-0.017605	3.653979
74.398574	4830.976914	18.274867	-0.017586	3.652179
74.324927	4826.067905	18.279872	-0.017568	3.650460
74.268460	4821.005073	18.284877	-0.017554	3.648688
74.216626	4815.839027	18.289882	-0.017542	3.646880
74.194543	4810.325343	18.294887	-0.017536	3.644952
74.054125	4805.156510	18.299891	-0.017502	3.643133
74.001687	4800.036921	18.304896	-0.017489	3.641338
74.131303	4795.092714	18.309901	-0.017520	3.639619
74.026154	4789.969407	18.314906	-0.017495	3.637817
73.953427	4784.868472	18.319911	-0.017477	3.636025
73.957500	4779.617913	18.324915	-0.017478	3.634185
74.021213	4774.446395	18.329920	-0.017493	3.632377
74.063080	4769.502500	18.334925	-0.017503	3.630647
73.791077	4764.506175	18.339930	-0.017437	3.628870
73.759997	4759.398046	18.344935	-0.017429	3.627074
73.874405	4753.893804	18.349939	-0.017457	3.625151
73.786751	4748.683861	18.354944	-0.017435	3.623312
73.570907	4743.663022	18.359949	-0.017383	3.621528
73.676608	4738.740577	18.364954	-0.017408	3.619805
73.663913	4733.553015	18.369959	-0.017405	3.617978
73.517234	4728.437856	18.374963	-0.017370	3.616165
73.600245	4723.226959	18.379968	-0.017389	3.614336
73.647217	4718.066390	18.384973	-0.017400	3.612521
73.704851	4713.127040	18.389978	-0.017414	3.610783
73.610997	4708.092481	18.394983	-0.017391	3.608999
73.544188	4702.968102	18.399987	-0.017375	3.607184
73.414632	4697.436602	18.404992	-0.017343	3.605219
73.421129	4692.176133	18.409997	-0.017345	3.603361
73.385864	4686.986823	18.415002	-0.017336	3.601523
73.292511	4682.107264	18.420007	-0.017313	3.599788
73.323881	4676.909502	18.425011	-0.017321	3.597951
73.117064	4671.761141	18.430016	-0.017271	3.596110
73.154718	4666.606802	18.435021	-0.017280	3.594287
73.225278	4661.370411	18.440026	-0.017296	3.592437
73.040605	4656.525660	18.445031	-0.017252	3.590703
73.176601	4651.413900	18.450035	-0.017284	3.588901
72.890743	4646.319246	18.455040	-0.017215	3.587067
73.091959	4640.833725	18.460045	-0.017263	3.585136
73.237738	4635.581594	18.465050	-0.017298	3.583283
72.902532	4630.632769	18.470055	-0.017217	3.581494
72.995696	4625.655907	18.475059	-0.017239	3.579731
72.967056	4620.501812	18.480064	-0.017232	3.577894
72.976028	4615.329733	18.485069	-0.017234	3.576053
72.936123	4610.141677	18.490074	-0.017224	3.574201
72.910334	4604.972112	18.495079	-0.017218	3.572356
72.800530	4600.179452	18.500083	-0.017191	3.570637
72.710768	4595.057075	18.505088	-0.017169	3.568802
72.862535	4589.809640	18.510093	-0.017205	3.566941
72.840482	4584.283599	18.515098	-0.017200	3.564966
72.699322	4579.175999	18.520103	-0.017166	3.563128
72.627296	4574.201524	18.525107	-0.017148	3.561342
72.623375	4569.175232	18.530112	-0.017147	3.559544
72.610310	4564.022079	18.535117	-0.017144	3.557698
72.496632	4558.842455	18.540122	-0.017116	3.555833
72.548519	4553.655981	18.545127	-0.017128	3.553979
72.540620	4548.577532	18.550131	-0.017126	3.552158
72.386251	4543.693722	18.555136	-0.017089	3.550392
72.464260	4538.538257	18.560141	-0.017107	3.548549
72.351517	4533.248462	18.565146	-0.017080	3.546640
72.405700	4527.922752	18.570151	-0.017093	3.544731
72.297517	4522.813848	18.575155	-0.017067	3.542885
72.333027	4517.839456	18.580160	-0.017075	3.541099
72.334027	4512.810210	18.585165	-0.017075	3.539290
72.219687	4507.628414	18.590170	-0.017047	3.537414
72.109463	4502.483912	18.595175	-0.017021	3.535551
72.177574	4497.334154	18.600179	-0.017037	3.533701
72.297340	4492.240853	18.605184	-0.017065	3.531876
72.248507	4487.295095	18.610189	-0.017053	3.530087
72.083602	4482.163752	18.615194	-0.017013	3.528220
72.036401	4476.763851	18.620199	-0.017002	3.526266
72.017601	4471.460933	18.625203	-0.016997	3.524348
72.068344	4466.224692	18.630208	-0.017009	3.522459
72.012101	4461.402787	18.635213	-0.016995	3.520710
71.912508	4456.175868	18.640218	-0.016971	3.518810
71.992525	4451.049977	18.645223	-0.016990	3.516961
71.823320	4445.897786	18.650227	-0.016949	3.515079
71.772524	4440.764413	18.655232	-0.016937	3.513213
71.687673	4435.850569	18.660237	-0.016916	3.511424
71.683953	4430.737447	18.665242	-0.016915	3.509568
71.685702	4425.575798	18.670247	-0.016915	3.507694
71.612528	4420.166776	18.675251	-0.016897	3.505722
71.729893	4414.968896	18.680256	-0.016925	3.503844
71.598078	4410.007977	18.685261	-0.016893	3.502028
71.489530	4404.999230	18.690266	-0.016867	3.500196
71.602815	4399.802780	18.695271	-0.016894	3.498314
71.521070	4394.688978	18.700275	-0.016874	3.496444
71.500004	4389.471035	18.705280	-0.016869	3.494541
71.486706	4384.353279	18.710285	-0.016865	3.492673
71.422524	4379.467527	18.715290	-0.016849	3.490885
71.323931	4374.333031	18.720295	-0.016826	3.489002
71.315156	4369.040252	18.725299	-0.016823	3.487068
71.172834	4363.637199	18.730304	-0.016789	3.485081
71.289531	4358.451890	18.735309	-0.016817	3.483196
71.272801	4353.510363	18.740314	-0.016812	3.481386
71.156237	4348.478104	18.745319	-0.016784	3.479534
71.102050	4343.305811	18.750323	-0.016771	3.477635
71.118234	4338.140710	18.755328	-0.016774	3.475744
71.141075	4332.980134	18.760333	-0.016780	3.473854
71.065862	4327.968008	18.765338	-0.016761	3.472009
71.080167	4322.942702	18.770343	-0.016765	3.470166
71.129603	4317.777706	18.775347	-0.016776	3.468274
71.014059	4312.401646	18.780352	-0.016748	3.466288
70.955836	4307.223025	18.785357	-0.016734	3.464379
70.822858	4302.132446	18.790362	-0.016702	3.462494
70.986931	4297.181269	18.795367	-0.016741	3.460687
70.714255	4292.093537	18.800371	-0.016675	3.458788
70.773865	4286.920836	18.805376	-0.016689	3.456888
70.878523	4281.725099	18.810381	-0.016714	3.454983
70.871565	4276.534359	18.815386	-0.016712	3.453068
70.754876	4271.750820	18.820391	-0.016684	3.451292
70.746480	4266.573622	18.825395	-0.016682	3.449380
70.581436	4261.272789	18.830400	-0.016642	3.447406
70.685600	4255.824497	18.835405	-0.016666	3.445402
70.604111	4250.652020	18.840410	-0.016647	3.443481
70.499416	4245.794550	18.845415	-0.016621	3.441674
70.454811	4240.684914	18.850419	-0.016610	3.439778
70.594441	4235.497327	18.855424	-0.016644	3.437869
70.633289	4230.290336	18.860429	-0.016653	3.435943
70.410197	4225.142318	18.865434	-0.016599	3.434013
70.343395	4220.199518	18.870439	-0.016583	3.432172
70.308285	4215.177301	18.875443	-0.016574	3.430305
70.317143	4209.984410	18.880448	-0.016576	3.428376
70.096791	4204.554263	18.885453	-0.016523	3.426337
70.157062	4199.292954	18.890458	-0.016537	3.424386
70.147958	4194.274685	18.895463	-0.016534	3.422518
70.136085	4189.295076	18.900467	-0.016531	3.420663
70.065957	4184.159708	18.905472	-0.016514	3.418743
70.133573	4178.955843	18.910477	-0.016530	3.416810
70.003001	4173.798325	18.915482	-0.016499	3.414874
70.016808	4168.742972	18.920487	-0.016502	3.412989
69.903655	4163.817545	18.925491	-0.016474	3.411139
69.975784	4158.639919	18.930496	-0.016491	3.409212
70.004014	4153.266916	18.935501	-0.016498	3.407206
69.843490	4147.958241	18.940506	-0.016459	3.405205
69.893815	4142.763503	18.945511	-0.016471	3.403266
69.958882	4137.917159	18.950515	-0.016486	3.401458
69.834457	4132.739890	18.955520	-0.016456	3.399507
69.873289	4127.585086	18.960525	-0.016465	3.397578
69.741529	4122.414870	18.965530	-0.016433	3.395626
69.571137	4117.285945	18.970535	-0.016392	3.393685
69.583330	4112.438617	18.975539	-0.016395	3.391866
69.658179	4107.266132	18.980544	-0.016413	3.389930
69.712231	4102.029723	18.985549	-0.016425	3.387967
69.447756	4096.721198	18.990554	-0.016362	3.385945
69.418839	4091.583772	18.995559	-0.016354	3.384008
69.536555	4086.611839	19.000563	-0.016382	3.382148
69.344291	4081.551559	19.005568	-0.016336	3.380222
69.431356	4076.391916	19.010573	-0.016357	3.378286
69.362468	4071.200409	19.015578	-0.016340	3.376321
69.400956	4066.038622	19.020583	-0.016349	3.374376
69.326220	4061.111716	19.025587	-0.016331	3.372508
69.290159	4056.083343	19.030592	-0.016322	3.370605
69.234920	4050.916697	19.035597	-0.016308	3.368646
69.073405	4045.414443	19.040602	-0.016269	3.366549
69.179652	4040.250755	19.045607	-0.016294	3.364605
69.252364	4035.214116	19.050611	-0.016312	3.362704
69.180405	4030.199082	19.055616	-0.016294	3.360797
69.020249	4025.064244	19.060621	-0.016255	3.358834
69.084094	4019.829571	19.065626	-0.016270	3.356854
69.003970	4014.674204	19.070631	-0.016251	3.354889
68.903179	4009.699839	19.075635	-0.016227	3.352990
68.890143	4004.670077	19.080640	-0.016223	3.351077
68.998918	3999.481651	19.085645	-0.016249	3.349115
68.922493	3994.120765	19.090650	-0.016230	3.347068
68.675867	3988.986460	19.095655	-0.016171	3.345088
68.624922	3983.949856	19.100659	-0.016159	3.343164
68.693261	3978.922570	19.105664	-0.016175	3.341255
68.779782	3973.786978	19.110669	-0.016195	3.339305
68.590445	3968.671113	19.115674	-0.016150	3.337334
68.628347	3963.441483	19.120679	-0.016158	3.335341
68.599722	3958.392539	19.125683	-0.016151	3.333409
68.660272	3953.441478	19.130688	-0.016165	3.331522
68.601379	3948.284712	19.135693	-0.016151	3.329544
68.493388	3942.874043	19.140698	-0.016125	3.327462
68.411336	3937.627035	19.145703	-0.016105	3.325444
68.466723	3932.513201	19.150707	-0.016118	3.323490
68.342284	3927.569373	19.155712	-0.016088	3.321582
68.461801	3922.408763	19.160717	-0.016116	3.319614
68.322889	3917.235567	19.165722	-0.016083	3.317614
68.336540	3912.067548	19.170727	-0.016086	3.315631
68.408751	3906.981353	19.175731	-0.016103	3.313683
68.401558	3902.018907	19.180736	-0.016101	3.311774
68.217545	3896.952746	19.185741	-0.016056	3.309806
68.353806	3891.536709	19.190746	-0.016089	3.307734
68.143879	3886.322492	19.195751	-0.016038	3.305704
68.003910	3881.312452	19.200755	-0.016004	3.303758
67.969028	3876.359319	19.205760	-0.015996	3.301844
68.066430	3871.209071	19.210765	-0.016019	3.299867
67.965055	3866.068479	19.215770	-0.015994	3.297871
67.995446	3860.843607	19.220775	-0.016001	3.295855
67.916924	3855.791254	19.225779	-0.015982	3.293894
67.939885	3850.807779	19.230784	-0.015987	3.291968
67.804677	3845.735373	19.235789	-0.015955	3.289990
67.623486	3840.331027	19.240794	-0.015911	3.287878
67.762639	3834.992436	19.245799	-0.015944	3.285824
67.810031	3829.893160	19.250803	-0.015955	3.283851
67.703906	3824.959207	19.255808	-0.015930	3.281925
67.747808	3819.815452	19.260813	-0.015940	3.279932
67.636342	3814.598904	19.265818	-0.015913	3.277894
67.540177	3809.472281	19.270823	-0.015890	3.275891
67.675699	3804.348846	19.275827	-0.015922	3.273912
67.610288	3799.423153	19.280832	-0.015906	3.271988
67.577887	3794.317691	19.285837	-0.015898	3.269996
67.533403	3788.837396	19.290842	-0.015887	3.267855
67.439398	3783.572403	19.295847	-0.015864	3.265792
67.389654	3778.552478	19.300851	-0.015852	3.263828
67.303858	3773.563616	19.305856	-0.015831	3.261872
67.339741	3768.415826	19.310861	-0.015839	3.259864
67.312173	3763.231489	19.315866	-0.015832	3.257834
67.167174	3758.096197	19.320871	-0.015798	3.255810
67.268519	3753.058431	19.325875	-0.015821	3.253849
67.233320	3748.068222	19.330880	-0.015813	3.251891
67.077145	3742.974104	19.335885	-0.015775	3.249878
67.077020	3737.475251	19.340890	-0.015775	3.247722
67.051288	3732.235061	19.345895	-0.015768	3.245663
66.984457	3727.249284	19.350899	-0.015752	3.243698
67.038022	3722.192106	19.355904	-0.015765	3.241717
66.932249	3717.101437	19.360909	-0.015739	3.239705
66.987051	3711.902562	19.365914	-0.015752	3.237665
66.847801	3706.719505	19.370919	-0.015718	3.235610
66.906115	3701.748100	19.375923	-0.015732	3.233659
66.894131	3696.700408	19.380928	-0.015729	3.231668
66.896702	3691.564061	19.385933	-0.015729	3.229643
66.787028	3686.168562	19.390938	-0.015703	3.227502
66.736198	3681.044560	19.395943	-0.015690	3.225473
66.769893	3676.055811	19.400947	-0.015698	3.223506
66.722024	3670.989489	19.405952	-0.015686	3.221498
66.606216	3665.872905	19.410957	-0.015658	3.219461
66.540012	3660.661055	19.415962	-0.015642	3.217391
66.554197	3655.538005	19.420967	-0.015645	3.215363
66.531651	3650.617880	19.425971	-0.015640	3.213411
66.362778	3645.531817	19.430976	-0.015599	3.211376
66.404978	3640.357298	19.435981	-0.015609	3.209327
66.343069	3634.980853	19.440986	-0.015594	3.207185
66.336600	3629.817616	19.445991	-0.015592	3.205133
66.302446	3624.894383	19.450995	-0.015583	3.203171
66.299787	3619.741293	19.456000	-0.015582	3.201121
66.396287	3614.574781	19.461005	-0.015605	3.199074
66.189223	3609.457143	19.466010	-0.015555	3.197013
66.138591	3604.256554	19.471015	-0.015543	3.194935
66.116404	3599.422491	19.476019	-0.015537	3.193004
66.281228	3594.216790	19.481024	-0.015577	3.190944
66.013037	3588.972000	19.486029	-0.015512	3.188820
66.027146	3583.674283	19.491034	-0.015515	3.186704
65.834662	3578.628305	19.496039	-0.015469	3.184665
65.904141	3573.673358	19.501043	-0.015485	3.182690
65.968456	3568.488270	19.506048	-0.015500	3.180621
65.937115	3563.331056	19.511053	-0.015493	3.178551
65.785151	3558.184440	19.516058	-0.015456	3.176471
65.966612	3553.094921	19.521063	-0.015499	3.174449
65.952386	3548.111760	19.526067	-0.015495	3.172446
65.745409	3542.994862	19.531072	-0.015446	3.170368
65.896530	3537.462889	19.536077	-0.015481	3.168161
65.708908	3532.289566	19.541082	-0.015436	3.166059
65.623689	3527.285561	19.546087	-0.015416	3.164035
65.662567	3522.277161	19.551091	-0.015425	3.162022
65.693418	3517.088298	19.556096	-0.015432	3.159934
65.524319	3511.954547	19.561101	-0.015391	3.157845
65.470478	3506.809679	19.566106	-0.015378	3.155763
65.483518	3501.852349	19.571111	-0.015381	3.153762
65.454366	3496.783853	19.576115	-0.015374	3.151711
65.417812	3491.523901	19.581120	-0.015364	3.149580
65.422640	3486.203713	19.586125	-0.015365	3.147427
65.276382	3481.041975	19.591130	-0.015330	3.145321
65.264454	3476.195728	19.596135	-0.015327	3.143356
65.340056	3471.026703	19.601139	-0.015345	3.141269
65.117725	3465.902305	19.606144	-0.015291	3.139165
65.267412	3460.682852	19.611149	-0.015327	3.137062
65.221433	3455.605228	19.616154	-0.015316	3.134994
65.219221	3450.656324	19.621159	-0.015315	3.132982
65.048986	3445.570503	19.626163	-0.015274	3.130894
64.958435	3440.099716	19.631168	-0.015252	3.128657
64.880218	3434.890711	19.636173	-0.015233	3.126526
64.932607	3429.841387	19.641178	-0.015245	3.124474
64.891240	3424.715675	19.646183	-0.015235	3.122378
64.870835	3419.532579	19.651187	-0.015230	3.120260
64.795952	3414.324524	19.656192	-0.015211	3.118125
64.828275	3409.204937	19.661197	-0.015219	3.116036
64.680825	3404.319360	19.666202	-0.015183	3.114021
64.659690	3399.204536	19.671207	-0.015178	3.111925
64.691218	3393.939131	19.676211	-0.015185	3.109772
64.607613	3388.620941	19.681216	-0.015165	3.107583
64.577081	3383.505635	19.686221	-0.015157	3.105481
64.645614	3378.571633	19.691226	-0.015174	3.103464
64.519733	3373.413598	19.696231	-0.015143	3.101332
64.530100	3368.260817	19.701235	-0.015145	3.099215
64.428540	3363.137334	19.706240	-0.015121	3.097097
64.448109	3358.094452	19.711245	-0.015125	3.095024
64.463464	3353.108402	19.716250	-0.015129	3.092972
64.480304	3347.907122	19.721255	-0.015132	3.090831
64.380271	3342.433953	19.726259	-0.015108	3.088562
64.423751	3337.231160	19.731264	-0.015118	3.086420
64.403374	3332.251531	19.736269	-0.015113	3.084362
64.392119	3327.204720	19.741274	-0.015110	3.082275
64.136840	3322.125986	19.746279	-0.015049	3.080145
64.141708	3316.915697	19.751283	-0.015050	3.077990
64.137268	3311.725217	19.756288	-0.015048	3.075840
64.041260	3306.895322	19.761293	-0.015025	3.073828
63.998620	3301.739111	19.766298	-0.015015	3.071685
63.945107	3296.445151	19.771303	-0.015002	3.069482
64.084146	3291.139493	19.776307	-0.015034	3.067295
63.929358	3286.084993	19.781312	-0.014997	3.065177
63.961561	3281.106298	19.786317	-0.015005	3.063110
63.969792	3275.951655	19.791322	-0.015006	3.060966
63.877535	3270.807038	19.796327	-0.014984	3.058813
63.973899	3265.637176	19.801331	-0.015007	3.056670
63.763383	3260.707394	19.806336	-0.014956	3.054590
63.793496	3255.635762	19.811341	-0.014963	3.052478
63.722284	3250.399502	19.816346	-0.014946	3.050283
63.605826	3245.011712	19.821351	-0.014918	3.048018
63.606940	3239.884504	19.826355	-0.014918	3.045874
63.472459	3234.963839	19.831360	-0.014885	3.043799
63.559649	3229.797927	19.836365	-0.014906	3.041646
63.489896	3224.666383	19.841370	-0.014889	3.039487
63.385043	3219.462068	19.846375	-0.014863	3.037293
63.390555	3214.458786	19.851379	-0.014864	3.035194
63.389005	3209.417846	19.856384	-0.014864	3.033077
63.546540	3204.180369	19.861389	-0.014901	3.030894
63.249200	3198.899000	19.866394	-0.014830	3.028638
63.213675	3193.722833	19.871399	-0.014821	3.026456
63.253539	3188.776633	19.876403	-0.014830	3.024377
63.209543	3183.687920	19.881408	-0.014819	3.022228
63.204345	3178.507526	19.886413	-0.014818	3.020042
63.018445	3173.376787	19.891418	-0.014773	3.017855
62.924337	3168.311821	19.896423	-0.014750	3.015704
63.045119	3163.323355	19.901427	-0.014779	3.013610
63.083874	3158.129830	19.906432	-0.014788	3.011418
62.868889	3152.741338	19.911437	-0.014736	3.009112
63.050493	3147.492988	19.916442	-0.014779	3.006910
62.914209	3142.540964	19.921447	-0.014746	3.004795
62.902991	3137.462114	19.926451	-0.014744	3.002639
62.688181	3132.350579	19.931456	-0.014692	3.000443
62.666672	3127.171852	19.936461	-0.014686	2.998241
62.729991	3122.019094	19.941466	-0.014701	2.996058
62.653449	3117.122529	19.946471	-0.014683	2.993966
62.828205	3111.943940	19.951475	-0.014724	2.991782
62.536657	3106.528092	19.956480	-0.014654	2.989439
62.587733	3101.302392	19.961485	-0.014666	2.987217
62.561784	3096.335057	19.966490	-0.014660	2.985095
62.609300	3091.242906	19.971495	-0.014671	2.982926
62.610619	3086.166866	19.976499	-0.014671	2.980757
62.554539	3080.972948	19.981504	-0.014657	2.978529
62.348941	3075.914545	19.986509	-0.014608	2.976340
62.399047	3070.982303	19.991514	-0.014619	2.974234
62.409747	3065.839764	19.996519	-0.014622	2.972031
62.343716	3060.377317	20.001523	-0.014606	2.969680
62.226131	3055.134619	20.006528	-0.014577	2.967415
62.093135	3050.169918	20.011533	-0.014545	2.965267
62.199027	3045.108621	20.016538	-0.014570	2.963104
62.130777	3039.927402	20.021543	-0.014553	2.960867
62.096094	3034.776042	20.026547	-0.014545	2.958645
62.185794	3029.579186	20.031552	-0.014566	2.956417
62.040717	3024.673502	20.036557	-0.014531	2.954284
61.973104	3019.534405	20.041562	-0.014515	2.952058
61.986592	3014.125896	20.046567	-0.014518	2.949725
61.960446	3008.954729	20.051571	-0.014511	2.947487
61.983827	3003.968124	20.056576	-0.014516	2.945333
61.926513	2998.921069	20.061581	-0.014502	2.943142
61.871948	2993.778292	20.066586	-0.014489	2.940908
61.802595	2988.600496	20.071591	-0.014472	2.938655
61.748013	2983.515984	20.076595	-0.014459	2.936443
61.644651	2978.573012	20.081600	-0.014434	2.934284
61.586145	2973.467080	20.086605	-0.014420	2.932059
61.620510	2967.969356	20.091610	-0.014427	2.929673
61.685615	2962.747669	20.096615	-0.014443	2.927409
61.570700	2957.829844	20.101619	-0.014415	2.925253
61.483184	2952.726604	20.106624	-0.014394	2.923019
61.425416	2947.600837	20.111629	-0.014380	2.920776
61.472765	2942.411513	20.116634	-0.014391	2.918517
61.476702	2937.330172	20.121639	-0.014391	2.916299
61.391626	2932.376932	20.126643	-0.014371	2.914123
61.279978	2927.236773	20.131648	-0.014344	2.911860
61.184382	2921.876462	20.136653	-0.014321	2.909502
61.146157	2916.736863	20.141658	-0.014311	2.907245
61.083429	2911.806938	20.146663	-0.014296	2.905076
61.228193	2906.661344	20.151667	-0.014330	2.902836
61.073535	2901.518245	20.156672	-0.014293	2.900558
61.036847	2896.371352	20.161677	-0.014284	2.898291
61.048029	2891.311830	20.166682	-0.014286	2.896068
61.125392	2886.234158	20.171687	-0.014305	2.893843
60.909054	2881.024532	20.176691	-0.014253	2.891520
60.840741	2875.593602	20.181696	-0.014236	2.889117
60.757579	2870.516683	20.186701	-0.014216	2.886867
60.948320	2865.532388	20.191706	-0.014261	2.884690
60.832929	2860.366028	20.196711	-0.014233	2.882392
60.673552	2855.274495	20.201715	-0.014195	2.880120
60.655998	2850.099966	20.206720	-0.014190	2.877828
60.647032	2845.133490	20.211725	-0.014188	2.875627
60.666586	2840.035093	20.216730	-0.014192	2.873369
60.597121	2834.723946	20.221735	-0.014175	2.871004
60.571320	2829.478981	20.226739	-0.014169	2.868672
60.309638	2824.504409	20.231744	-0.014106	2.866427
60.536296	2819.442626	20.236749	-0.014160	2.864206
60.513229	2814.272429	20.241754	-0.014154	2.861902
60.256303	2809.154369	20.246759	-0.014092	2.859589
60.411088	2803.949712	20.251763	-0.014129	2.857289
60.269324	2799.073654	20.256768	-0.014095	2.855095
60.207740	2793.954304	20.261773	-0.014080	2.852801
60.275395	2788.462597	20.266778	-0.014096	2.850356
60.201202	2783.264775	20.271783	-0.014078	2.848022
60.192670	2778.296045	20.276787	-0.014076	2.845797
60.099780	2773.231905	20.281792	-0.014053	2.843516
60.103781	2768.087793	20.286797	-0.014054	2.841210
60.039828	2762.896133	20.291802	-0.014038	2.838873
60.105094	2757.799447	20.296807	-0.014053	2.836593
59.949299	2752.829322	20.301811	-0.014016	2.834339
59.927696	2747.618457	20.306816	-0.014010	2.831992
59.926935	2742.274775	20.311821	-0.014010	2.829587
59.852083	2737.173513	20.316826	-0.013992	2.827278
59.960726	2732.169934	20.321831	-0.014018	2.825037
59.681122	2727.092190	20.326835	-0.013950	2.822708
59.630125	2721.924568	20.331840	-0.013938	2.820368
59.797685	2716.708665	20.336845	-0.013978	2.818033
59.521134	2711.860943	20.341850	-0.013911	2.815803
59.633775	2706.708846	20.346855	-0.013938	2.813485
59.621385	2701.336077	20.351859	-0.013935	2.811049
59.578100	2696.054833	20.356864	-0.013924	2.808648
59.663223	2691.013881	20.361869	-0.013944	2.806372
59.538661	2685.992143	20.366874	-0.013914	2.804074
59.481034	2680.830577	20.371879	-0.013900	2.801720
59.447103	2675.671864	20.376883	-0.013892	2.799368
59.357348	2670.623765	20.381888	-0.013870	2.797057
59.277588	2665.650188	20.386893	-0.013850	2.794780
59.373403	2660.433110	20.391898	-0.013873	2.792413
59.235971	2655.097352	20.396903	-0.013840	2.789958
59.330729	2649.913425	20.401907	-0.013862	2.787602
59.164927	2645.049149	20.406912	-0.013822	2.785356
59.069580	2639.891864	20.411917	-0.013799	2.782982
59.130724	2634.681736	20.416922	-0.013814	2.780604
58.946295	2629.543414	20.421927	-0.013769	2.778223
59.054473	2624.594801	20.426931	-0.013795	2.775967
58.976228	2619.487363	20.431936	-0.013776	2.773611
58.952714	2614.100558	20.436941	-0.013770	2.771132
58.758980	2608.910240	20.441946	-0.013723	2.768717
58.708894	2603.919056	20.446951	-0.013711	2.766412
58.768220	2598.823000	20.451955	-0.013725	2.764072
58.766505	2593.612715	20.456960	-0.013724	2.761669
58.788540	2588.439778	20.461965	-0.013729	2.759284
58.747530	2583.421101	20.466970	-0.013719	2.756960
58.546076	2578.459865	20.471975	-0.013671	2.754638
58.603547	2573.228190	20.476979	-0.013684	2.752225
58.478669	2567.926093	20.481984	-0.013654	2.749751
58.578133	2562.834505	20.486989	-0.013678	2.747404
58.509112	2557.857342	20.491994	-0.013661	2.745085
58.460019	2552.684280	20.496999	-0.013649	2.742676
58.456273	2547.545208	20.502003	-0.013648	2.740287
58.335058	2542.465168	20.507008	-0.013618	2.737907
58.404435	2537.508889	20.512013	-0.013635	2.735609
58.310400	2532.360528	20.517018	-0.013612	2.733196
58.174876	2526.888660	20.522023	-0.013579	2.730625
58.288805	2521.661476	20.527027	-0.013606	2.728200
58.305626	2516.709025	20.532032	-0.013610	2.725889
58.130723	2511.618033	20.537037	-0.013568	2.723483
57.946480	2506.502430	20.542042	-0.013523	2.721063
58.064700	2501.279470	20.547047	-0.013551	2.718632
58.121735	2496.348306	20.552051	-0.013565	2.716328
57.949309	2491.233512	20.557056	-0.013523	2.713903
57.915111	2485.919136	20.562061	-0.013515	2.711402
57.933159	2480.721405	20.567066	-0.013519	2.708960
57.833687	2475.763242	20.572071	-0.013495	2.706613
57.939717	2470.635027	20.577075	-0.013520	2.704212
57.739751	2465.515304	20.582080	-0.013472	2.701770
57.819120	2460.323540	20.587085	-0.013490	2.699332
57.740186	2455.349249	20.592090	-0.013471	2.696971
57.769449	2450.257651	20.597095	-0.013478	2.694568
57.734879	2444.931276	20.602099	-0.013469	2.692043
57.581158	2439.660324	20.607104	-0.013432	2.689525
57.583129	2434.639059	20.612109	-0.013432	2.687145
57.572282	2429.590589	20.617114	-0.013430	2.684748
57.489414	2424.439572	20.622119	-0.013409	2.682290
57.398392	2419.303656	20.627123	-0.013387	2.679836
57.358522	2414.262642	20.632128	-0.013378	2.677432
57.317694	2409.193696	20.637133	-0.013368	2.675013
57.429297	2403.905188	20.642138	-0.013394	2.672508
57.254557	2398.655197	20.647143	-0.013352	2.669978
57.274212	2393.625916	20.652147	-0.013356	2.667580
57.158029	2388.611579	20.657152	-0.013328	2.665167
57.172634	2383.455255	20.662157	-0.013331	2.662702
57.114819	2378.291095	20.667162	-0.013317	2.660221
57.036357	2373.255886	20.672167	-0.013298	2.657796
56.960537	2368.285658	20.677171	-0.013280	2.655401
56.837087	2363.022446	20.682176	-0.013250	2.652856
56.766970	2357.671227	20.687181	-0.013233	2.650274
56.953125	2352.559438	20.692186	-0.013277	2.647842
56.867842	2347.511043	20.697191	-0.013257	2.645399
56.781221	2342.398482	20.702195	-0.013236	2.642922
56.797922	2337.228944	20.707200	-0.013239	2.640431
56.774371	2332.178297	20.712205	-0.013233	2.637989
56.848118	2327.140500	20.717210	-0.013251	2.635565
56.739229	2321.917454	20.722215	-0.013224	2.633022
56.595444	2316.637001	20.727219	-0.013190	2.630444
56.605396	2311.567640	20.732224	-0.013192	2.627988
56.474990	2306.550938	20.737229	-0.013160	2.625535
56.501669	2301.392454	20.742234	-0.013166	2.623034
56.543442	2296.172317	20.747239	-0.013176	2.620503
56.394242	2291.185761	20.752243	-0.013140	2.618055
56.235573	2286.186653	20.757248	-0.013102	2.615597
56.290894	2280.898115	20.762253	-0.013115	2.613027
56.204663	2275.581584	20.767258	-0.013094	2.610420
56.154165	2270.547928	20.772263	-0.013082	2.607954
56.285224	2265.483313	20.777267	-0.013113	2.605497
56.117923	2260.364844	20.782272	-0.013072	2.602968
56.150592	2255.154551	20.787277	-0.013080	2.600420
56.108555	2250.141188	20.792282	-0.013070	2.597956
56.158785	2245.071906	20.797287	-0.013081	2.595476
56.053318	2239.846817	20.802291	-0.013056	2.592893
56.040853	2234.591174	20.807296	-0.013053	2.590307
55.945018	2229.604717	20.812301	-0.013029	2.587838
55.908896	2224.548058	20.817306	-0.013020	2.585341
55.827378	2219.412484	20.822311	-0.013001	2.582796
55.804047	2214.239806	20.827315	-0.012995	2.580239
55.751839	2209.225743	20.832320	-0.012982	2.577753
55.664487	2204.172461	20.837325	-0.012961	2.575241
55.673169	2198.854507	20.842330	-0.012963	2.572609
55.666450	2193.572221	20.847335	-0.012961	2.569990
55.422674	2188.663579	20.852339	-0.012902	2.567517
55.417060	2183.543191	20.857344	-0.012901	2.564974
55.474916	2178.333318	20.862349	-0.012914	2.562393
55.426561	2173.202465	20.867354	-0.012902	2.559832
55.305425	2168.274619	20.872359	-0.012873	2.557359
55.292134	2163.151234	20.877363	-0.012870	2.554803
55.247684	2157.808148	20.882368	-0.012859	2.552129
55.086266	2152.667615	20.887373	-0.012820	2.549536
55.276255	2147.674990	20.892378	-0.012865	2.547069
55.117703	2142.556372	20.897383	-0.012827	2.544482
55.015669	2137.420282	20.902387	-0.012802	2.541892
55.013450	2132.290336	20.907392	-0.012801	2.539319
55.143588	2127.272536	20.912397	-0.012832	2.536819
55.110475	2122.108371	20.917402	-0.012824	2.534218
55.017563	2116.676576	20.922407	-0.012801	2.531471
54.956063	2111.590378	20.927411	-0.012786	2.528900
54.842554	2106.622354	20.932416	-0.012759	2.526377
54.755800	2101.459714	20.937421	-0.012738	2.523758
54.723907	2096.303680	20.942426	-0.012730	2.521148
54.671403	2091.278777	20.947431	-0.012717	2.518598
54.706300	2086.228465	20.952435	-0.012725	2.516047
54.579046	2080.981485	20.957440	-0.012695	2.513368
54.635978	2075.693091	20.962445	-0.012708	2.510694
54.507781	2070.736016	20.967450	-0.012677	2.508156
54.448883	2065.669798	20.972455	-0.012663	2.505571
54.352534	2060.508288	20.977459	-0.012639	2.502929
54.418566	2055.314298	20.982464	-0.012655	2.500294
54.360156	2050.384749	20.987469	-0.012640	2.497770
54.233985	2045.306202	20.992474	-0.012610	2.495158
54.183098	2039.836236	20.997479	-0.012598	2.492354
54.194614	2034.693906	21.002483	-0.012600	2.489725
54.238325	2029.658447	21.007488	-0.012610	2.487153
54.133671	2024.509222	21.012493	-0.012585	2.484497
54.044263	2019.378433	21.017498	-0.012563	2.481849
53.989243	2014.304982	21.022503	-0.012550	2.479233
54.092952	2009.258306	21.027507	-0.012574	2.476655
54.090399	2004.002470	21.032512	-0.012573	2.473948
53.902992	1998.799890	21.037517	-0.012528	2.471236
53.779719	1993.818294	21.042522	-0.012499	2.468646
53.704846	1988.746508	21.047527	-0.012480	2.466014
53.880853	1983.547328	21.052531	-0.012522	2.463354
53.904312	1978.355320	21.057536	-0.012527	2.460670
53.810538	1973.405289	21.062541	-0.012505	2.458090
53.718944	1968.324188	21.067546	-0.012483	2.455439
53.650967	1962.911380	21.072551	-0.012466	2.452617
53.656954	1957.771787	21.077555	-0.012467	2.449946
53.644331	1952.783010	21.082560	-0.012464	2.447347
53.539507	1947.662905	21.087565	-0.012439	2.444662
53.401050	1942.500428	21.092570	-0.012405	2.441947
53.457772	1937.385510	21.097575	-0.012418	2.439285
53.372190	1932.385332	21.102579	-0.012398	2.436657
53.281798	1927.161675	21.107584	-0.012376	2.433909
53.189197	1921.892260	21.112589	-0.012353	2.431133
53.360626	1916.877140	21.117594	-0.012394	2.428530
53.260045	1911.781213	21.122599	-0.012370	2.425838
53.146027	1906.652200	21.127603	-0.012342	2.423123
53.205830	1901.480446	21.132608	-0.012356	2.420411
53.154748	1896.561722	21.137613	-0.012344	2.417811
53.149442	1891.371209	21.142618	-0.012342	2.415073
53.000652	1886.003481	21.147623	-0.012306	2.412214
52.961171	1880.958864	21.152627	-0.012297	2.409540
52.915751	1875.926753	21.157632	-0.012285	2.406870
52.926181	1870.743036	21.162637	-0.012288	2.404125
52.735345	1865.587373	21.167642	-0.012242	2.401358
52.775803	1860.553525	21.172647	-0.012251	2.398692
52.761877	1855.478476	21.177651	-0.012248	2.395992
52.776271	1850.129945	21.182656	-0.012251	2.393147
52.532586	1845.050389	21.187661	-0.012192	2.390399
52.597368	1840.030306	21.192666	-0.012207	2.387732
52.566118	1834.862193	21.197671	-0.012200	2.384967
52.605079	1829.716053	21.202675	-0.012209	2.382222
52.456285	1824.732108	21.207680	-0.012173	2.379529
52.317252	1819.702184	21.212685	-0.012139	2.376809
52.265010	1814.390328	21.217690	-0.012126	2.373950
52.193156	1809.156466	21.222695	-0.012109	2.371126
52.225139	1804.151438	21.227699	-0.012116	2.368440
52.200768	1799.020470	21.232704	-0.012110	2.365673
52.134550	1793.858175	21.237709	-0.012094	2.362879
52.197899	1788.720070	21.242714	-0.012109	2.360117
52.028015	1783.718442	21.247719	-0.012068	2.357385
52.034561	1778.490359	21.252723	-0.012069	2.354558
52.075400	1773.209527	21.257728	-0.012079	2.351705
51.907992	1768.250539	21.262733	-0.012038	2.348987
51.938502	1763.140640	21.267738	-0.012045	2.346218
51.918484	1757.984552	21.272743	-0.012040	2.343412
51.870436	1752.878272	21.277747	-0.012029	2.340625
51.752563	1747.935524	21.282752	-0.012000	2.337911
51.718649	1742.654056	21.287757	-0.011992	2.335024
51.641144	1737.356212	21.292762	-0.011973	2.332117
51.578788	1732.334322	21.297767	-0.011958	2.329360
51.573330	1727.245805	21.302771	-0.011956	2.326573
51.719066	1722.037915	21.307776	-0.011991	2.323744
51.555816	1716.901563	21.312781	-0.011951	2.320897
51.570540	1711.926735	21.317786	-0.011955	2.318166
51.488427	1706.718521	21.322791	-0.011935	2.315286
51.441166	1701.449318	21.327795	-0.011923	2.312375
51.100595	1696.518907	21.332800	-0.011841	2.309596
51.300511	1691.378181	21.337805	-0.011889	2.306792
51.192495	1686.246090	21.342810	-0.011863	2.303936
51.128248	1681.131471	21.347815	-0.011847	2.301093
51.101494	1676.174146	21.352819	-0.011841	2.298341
51.060155	1670.951105	21.357824	-0.011830	2.295436
51.054764	1665.608604	21.362829	-0.011829	2.292466
51.014819	1660.589762	21.367834	-0.011819	2.289667
51.022078	1655.498330	21.372839	-0.011820	2.286832
50.848701	1650.326116	21.377843	-0.011779	2.283917
50.960558	1645.156854	21.382848	-0.011805	2.281050
50.786432	1640.219971	21.387853	-0.011763	2.278259
50.848417	1634.985004	21.392858	-0.011778	2.275339
50.701561	1629.759688	21.397863	-0.011742	2.272384
50.594435	1624.779997	21.402867	-0.011716	2.269570
50.563686	1619.699479	21.407872	-0.011709	2.266709
50.619523	1614.489064	21.412877	-0.011722	2.263788
50.521092	1609.450009	21.417882	-0.011698	2.260931
50.487276	1604.468428	21.422887	-0.011690	2.258115
50.514253	1599.145339	21.427891	-0.011696	2.255113
50.423717	1593.887405	21.432896	-0.011674	2.252123
50.281808	1588.923053	21.437901	-0.011640	2.249285
50.191826	1583.763947	21.442906	-0.011618	2.246344
50.193551	1578.583369	21.447911	-0.011618	2.243403
50.183250	1573.520752	21.452915	-0.011615	2.240522
50.192173	1568.477605	21.457920	-0.011617	2.237653
50.187893	1563.163853	21.462925	-0.011616	2.234624
50.121955	1557.989874	21.467930	-0.011600	2.231658
49.937816	1553.079198	21.472935	-0.011555	2.228818
50.043237	1547.862679	21.477939	-0.011580	2.225852
49.897181	1542.760997	21.482944	-0.011545	2.222902
49.909550	1537.719179	21.487949	-0.011548	2.220011
49.885145	1532.659194	21.492954	-0.011542	2.217100
49.807225	1527.234692	21.497959	-0.011523	2.213965
49.759776	1522.148912	21.502963	-0.011511	2.211026
49.756136	1517.107872	21.507968	-0.011510	2.208117
49.677422	1511.943947	21.512973	-0.011491	2.205120
49.627817	1506.816998	21.517978	-0.011479	2.202145
49.479864	1501.873093	21.522983	-0.011443	2.199253
49.493265	1496.665939	21.527987	-0.011446	2.196236
49.612356	1491.327567	21.532992	-0.011474	2.193158
49.392340	1486.388420	21.537997	-0.011421	2.190244
49.356001	1481.314168	21.543002	-0.011412	2.187282
49.266528	1476.154993	21.548007	-0.011391	2.184257
49.358842	1471.030548	21.553011	-0.011412	2.181282
49.215874	1466.009263	21.558016	-0.011378	2.178319
49.109723	1460.720760	21.563021	-0.011352	2.175202
49.112380	1455.490030	21.568026	-0.011353	2.172135
49.036502	1450.510951	21.573031	-0.011334	2.169197
49.209140	1445.270163	21.578035	-0.011375	2.166148
49.055380	1440.179359	21.583040	-0.011338	2.163121
48.941886	1435.199539	21.588045	-0.011311	2.160163
48.866022	1430.105463	21.593050	-0.011292	2.157140
48.918937	1424.761962	21.598055	-0.011305	2.153991
48.919723	1419.691425	21.603059	-0.011305	2.150988
48.737085	1414.668056	21.608064	-0.011261	2.147974
48.623556	1409.501822	21.613069	-0.011233	2.144884
48.698824	1404.366190	21.618074	-0.011251	2.141844
48.682224	1399.351210	21.623079	-0.011247	2.138855
48.736140	1394.056729	21.628083	-0.011259	2.135708
48.593976	1388.842201	21.633088	-0.011225	2.132565
48.469745	1383.900518	21.638093	-0.011195	2.129585
48.468556	1378.743122	21.643098	-0.011194	2.126496
48.315129	1373.609702	21.648103	-0.011157	2.123386
48.372142	1368.586612	21.653107	-0.011171	2.120380
48.405458	1363.432671	21.658112	-0.011178	2.117286
48.169472	1358.192578	21.663117	-0.011122	2.114082
48.240718	1353.110480	21.668122	-0.011139	2.111030
48.064131	1348.088627	21.673127	-0.011096	2.107961
48.062279	1342.905556	21.678131	-0.011095	2.104824
48.052707	1337.830037	21.683136	-0.011093	2.101746
47.876075	1332.849411	21.688141	-0.011050	2.098688
47.940103	1327.481672	21.693146	-0.011065	2.095438
47.903864	1322.306705	21.698151	-0.011056	2.092280
47.885357	1317.291823	21.703155	-0.011052	2.089219
47.663056	1312.196527	21.708160	-0.010998	2.086063
47.675633	1307.009322	21.713165	-0.011001	2.082894
47.760413	1301.999439	21.718170	-0.011021	2.079843
47.710411	1296.751486	21.723175	-0.011009	2.076614
47.497071	1291.580726	21.728179	-0.010957	2.073394
47.423240	1286.621457	21.733184	-0.010939	2.070328
47.397976	1281.475800	21.738189	-0.010933	2.067153
47.475595	1276.274676	21.743194	-0.010951	2.063959
47.500472	1271.280200	21.748199	-0.010957	2.060877
47.340729	1266.170401	21.753203	-0.010918	2.057681
47.294481	1260.825743	21.758208	-0.010907	2.054358
47.199008	1255.755750	21.763213	-0.010884	2.051190
47.346316	1250.624140	21.768218	-0.010919	2.048029
47.133370	1245.517238	21.773223	-0.010868	2.044804
47.121332	1240.452093	21.778227	-0.010865	2.041642
46.938643	1235.456725	21.783232	-0.010821	2.038483
47.009429	1230.096152	21.788237	-0.010837	2.035143
46.953121	1225.059015	21.793242	-0.010824	2.031973
46.773971	1220.060439	21.798247	-0.010780	2.028798
46.829664	1214.864940	21.803251	-0.010793	2.025543
46.877638	1209.762773	21.808256	-0.010805	2.022339
46.722416	1204.736546	21.813261	-0.010767	2.019136
46.742824	1199.366901	21.818266	-0.010772	2.015748
46.607543	1194.270065	21.823271	-0.010739	2.012493
46.557958	1189.236906	21.828275	-0.010727	2.009292
46.647296	1184.038961	21.833280	-0.010748	2.006011
46.478908	1178.991090	21.838285	-0.010708	2.002765
46.442781	1173.961255	21.843290	-0.010699	1.999553
46.499023	1168.663987	21.848295	-0.010712	1.996186
46.526283	1163.467033	21.853299	-0.010718	1.992870
46.336185	1158.514314	21.858304	-0.010672	1.989659
46.307557	1153.327978	21.863309	-0.010665	1.986327
46.132321	1148.280973	21.868314	-0.010623	1.983048
46.047985	1143.301012	21.873319	-0.010603	1.979826
46.087288	1137.969575	21.878323	-0.010612	1.976399
46.066746	1132.782136	21.883328	-0.010606	1.973046
45.923221	1127.780749	21.888333	-0.010572	1.969781
45.944997	1122.617997	21.893338	-0.010577	1.966442
45.813019	1117.548935	21.898343	-0.010545	1.963124
45.792943	1112.543893	21.903347	-0.010540	1.959867
45.710156	1107.286231	21.908352	-0.010520	1.956427
45.713234	1102.102093	21.913357	-0.010520	1.953047
45.695006	1097.091879	21.918362	-0.010516	1.949770
45.509648	1091.983671	21.923367	-0.010471	1.946386
45.581207	1086.842430	21.928371	-0.010488	1.943032
45.512623	1081.854717	21.933376	-0.010471	1.939742
45.385820	1076.585903	21.938381	-0.010440	1.936248
45.336252	1071.483193	21.943386	-0.010428	1.932875
45.316530	1066.403478	21.948391	-0.010423	1.929518
45.263540	1061.247582	21.953395	-0.010410	1.926097
45.325005	1056.158867	21.958400	-0.010425	1.922739
45.199182	1051.114101	21.963405	-0.010394	1.919364
45.092353	1045.838009	21.968410	-0.010369	1.915832
45.085685	1040.768381	21.973415	-0.010367	1.912455
44.888951	1035.742821	21.978419	-0.010319	1.909058
44.884494	1030.571654	21.983424	-0.010318	1.905601
44.897870	1025.509356	21.988429	-0.010321	1.902214
44.930212	1020.342695	21.993434	-0.010328	1.898756
44.739327	1015.087225	21.998439	-0.010282	1.895181
44.731628	1010.047002	22.003443	-0.010280	1.891786
44.724879	1004.922548	22.008448	-0.010278	1.888328
44.714976	999.741842	22.013453	-0.010276	1.884825
44.575280	994.789987	22.018458	-0.010242	1.881441
44.544912	989.567780	22.023463	-0.010235	1.877892
44.331260	984.413845	22.028467	-0.010183	1.874341
44.526009	979.346403	22.033472	-0.010229	1.870937
44.411459	974.195928	22.038477	-0.010202	1.867398
44.392932	969.099215	22.043482	-0.010197	1.863911
44.406424	964.079779	22.048487	-0.010200	1.860478
44.362012	958.732023	22.053491	-0.010189	1.856800
44.205254	953.642916	22.058496	-0.010151	1.853266
44.047488	948.602266	22.063501	-0.010113	1.849758
43.998116	943.451981	22.068506	-0.010101	1.846194
44.092344	938.359904	22.073511	-0.010124	1.842697
43.991809	933.252164	22.078515	-0.010099	1.839136
43.846935	928.042937	22.083520	-0.010064	1.835488
43.807697	923.017089	22.088525	-0.010055	1.831984
43.854597	917.870595	22.093530	-0.010066	1.828411
43.681948	912.765496	22.098535	-0.010024	1.824807
43.668752	907.779121	22.103539	-0.010021	1.821317
43.568239	902.507102	22.108544	-0.009996	1.817599
43.514902	897.326488	22.113549	-0.009983	1.813949
43.633334	892.242745	22.118554	-0.010011	1.810401
43.545359	887.086815	22.123559	-0.009990	1.806746
43.401195	882.059912	22.128563	-0.009955	1.803161
43.251940	877.002121	22.133568	-0.009919	1.799545
43.227947	871.708012	22.138573	-0.009913	1.795785
43.205292	866.700369	22.143578	-0.009907	1.792221
43.246533	861.554058	22.148583	-0.009917	1.788567
43.116533	856.460359	22.153587	-0.009886	1.784901
43.180571	851.426910	22.158592	-0.009901	1.781318
42.993087	846.159380	22.163597	-0.009856	1.777498
43.021225	841.011112	22.168602	-0.009862	1.773809
42.976116	835.939988	22.173607	-0.009851	1.770150
42.908949	830.791120	22.178611	-0.009835	1.766421
42.775950	825.808036	22.183616	-0.009802	1.762788
42.725856	820.612215	22.188621	-0.009790	1.759014
42.695636	815.390032	22.193626	-0.009783	1.755218
42.600857	810.412545	22.198631	-0.009760	1.751575
42.428143	805.290756	22.203635	-0.009718	1.747800
42.394758	800.212864	22.208640	-0.009710	1.744084
42.428808	795.097936	22.213645	-0.009718	1.740350
42.281494	789.803866	22.218650	-0.009682	1.736430
42.262013	784.788314	22.223655	-0.009677	1.732739
42.143087	779.681735	22.228659	-0.009649	1.728948
42.273474	774.507682	22.233664	-0.009679	1.725161
42.064570	769.522072	22.238669	-0.009629	1.721420
42.054182	764.261083	22.243674	-0.009626	1.717517
41.970657	759.200263	22.248679	-0.009606	1.713735
41.983970	754.090736	22.253683	-0.009609	1.709933
41.893815	748.955504	22.258688	-0.009587	1.706077
41.885355	743.944273	22.263693	-0.009585	1.702326
41.856325	738.662530	22.268698	-0.009578	1.698358
41.710632	733.529445	22.273703	-0.009543	1.694463
41.535237	728.512526	22.278707	-0.009500	1.690638
41.632679	723.308631	22.283712	-0.009523	1.686735
41.449722	718.334045	22.288717	-0.009479	1.682923
41.437394	713.134126	22.293722	-0.009476	1.678976
41.284348	707.991377	22.298727	-0.009439	1.675026
41.191464	702.977597	22.303731	-0.009417	1.671182
41.316006	697.743248	22.308736	-0.009446	1.667217
41.071986	692.792510	22.313741	-0.009388	1.663362
41.225460	687.536080	22.318746	-0.009424	1.659369
41.110388	682.335864	22.323751	-0.009396	1.655338
41.021042	677.310559	22.328755	-0.009375	1.651439
40.923216	672.170438	22.333760	-0.009351	1.647440
40.824493	667.162522	22.338765	-0.009327	1.643534
40.821552	661.986039	22.343770	-0.009326	1.639513
40.810312	656.792680	22.348775	-0.009323	1.635466
40.690644	651.798214	22.353779	-0.009294	1.631536
40.851415	646.550940	22.358784	-0.009332	1.627474
40.697261	641.559127	22.363789	-0.009295	1.623517
40.510533	636.392476	22.368794	-0.009250	1.619403
40.497948	631.196807	22.373799	-0.009247	1.615304
40.434685	626.135312	22.378803	-0.009232	1.611287
40.351014	620.990086	22.383808	-0.009211	1.607188
40.183423	616.003658	22.388813	-0.009171	1.603181
40.154983	610.790927	22.393818	-0.009164	1.599022
40.124196	605.664249	22.398823	-0.009156	1.594921
40.057045	600.580776	22.403827	-0.009140	1.590834
39.935770	595.483247	22.408832	-0.009111	1.586709
39.944789	590.444734	22.413837	-0.009112	1.582658
39.761735	585.189046	22.418842	-0.009068	1.578367
39.765974	580.089873	22.423847	-0.009069	1.574244
39.644372	575.020083	22.428851	-0.009040	1.570098
39.659613	569.895125	22.433856	-0.009043	1.565935
39.621382	564.834556	22.438861	-0.009034	1.561799
39.503419	559.595980	22.443866	-0.009005	1.557483
39.297140	554.626743	22.448871	-0.008956	1.553351
39.348267	549.465052	22.453875	-0.008967	1.549123
39.284032	544.396498	22.458880	-0.008952	1.544927
39.225606	539.245421	22.463885	-0.008938	1.540654
39.099761	534.044825	22.468890	-0.008907	1.536307
38.992228	529.022785	22.473895	-0.008881	1.532103
38.981830	523.842004	22.478899	-0.008878	1.527782
38.915672	518.842760	22.483904	-0.008862	1.523585
38.978390	513.556596	22.488909	-0.008877	1.519174
38.923745	508.461856	22.493914	-0.008864	1.514876
38.770336	503.413314	22.498919	-0.008827	1.510575
38.721930	498.295988	22.503923	-0.008815	1.506236
38.445672	493.322917	22.508928	-0.008748	1.501938
38.598268	487.934170	22.513933	-0.008785	1.497402
38.472463	482.963320	22.518938	-0.008754	1.493126
38.231499	477.874720	22.523943	-0.008696	1.488702
38.112083	472.862370	22.528947	-0.008668	1.484367
38.098554	467.656500	22.533952	-0.008664	1.479884
38.067032	462.516436	22.538957	-0.008656	1.475440
38.063315	457.436473	22.543962	-0.008655	1.471042
37.861397	452.369302	22.548967	-0.008606	1.466582
37.777634	447.304260	22.553971	-0.008586	1.462146
37.753457	442.023816	22.558976	-0.008580	1.457527
37.841964	436.933665	22.563981	-0.008601	1.453095
37.586133	431.858336	22.568986	-0.008540	1.448555
37.526200	426.834596	22.573991	-0.008525	1.444108
37.511578	421.590975	22.578995	-0.008521	1.439466
37.449630	416.517458	22.584000	-0.008506	1.434946
37.404688	411.408444	22.589005	-0.008495	1.430385
37.175087	406.389388	22.594010	-0.008440	1.425831
37.120977	401.228922	22.599015	-0.008427	1.421192
37.039504	396.054967	22.604019	-0.008407	1.416517
37.045940	390.983923	22.609024	-0.008408	1.411947
37.013551	385.845997	22.614029	-0.008400	1.407289
36.877040	380.807116	22.619034	-0.008367	1.402673
36.776338	375.598937	22.624039	-0.008343	1.397898
36.720164	370.570781	22.629043	-0.008329	1.393286
36.698306	365.413712	22.634048	-0.008324	1.388551
36.545277	360.438647	22.639053	-0.008287	1.383925
36.399851	355.167048	22.644058	-0.008252	1.379012
36.443706	350.075380	22.649063	-0.008262	1.374311
36.300533	344.966822	22.654067	-0.008227	1.369516
36.346831	339.888084	22.659072	-0.008238	1.364795
36.198277	334.728369	22.664077	-0.008202	1.359916
36.157129	329.645576	22.669082	-0.008192	1.355128
35.961004	324.586432	22.674087	-0.008145	1.350294
35.858968	319.535765	22.679091	-0.008120	1.345482
35.934461	314.280123	22.684096	-0.008138	1.340518
35.804745	309.190306	22.689101	-0.008107	1.335623
35.736938	304.091242	22.694106	-0.008090	1.330724
35.520388	299.088177	22.699111	-0.008038	1.325847
35.560686	293.866464	22.704115	-0.008047	1.320829
35.533112	288.763333	22.709120	-0.008041	1.315884
35.345260	283.710529	22.714125	-0.007995	1.310914
35.239914	278.668826	22.719130	-0.007970	1.305964
35.230607	273.495366	22.724135	-0.007967	1.300900
35.037025	268.434992	22.729139	-0.007921	1.295863
34.885893	263.364639	22.734144	-0.007884	1.290811
34.802034	258.295901	22.739149	-0.007864	1.285764
34.781401	253.088491	22.744154	-0.007859	1.280582
34.770600	247.994418	22.749159	-0.007856	1.275496
34.578043	242.912298	22.754163	-0.007810	1.270336
34.502462	237.895304	22.759168	-0.007791	1.265263
34.377573	232.649150	22.764173	-0.007761	1.259920
34.195138	227.649986	22.769178	-0.007717	1.254784
34.375654	222.428016	22.774183	-0.007760	1.249532
34.148960	217.439294	22.779187	-0.007706	1.244347
33.955001	212.278118	22.784192	-0.007659	1.238976
33.886977	207.213328	22.789197	-0.007642	1.233727
33.727337	202.152937	22.794202	-0.007604	1.228426
33.625116	197.058091	22.799207	-0.007579	1.223088
33.516353	191.868272	22.804211	-0.007553	1.217624
33.581603	186.743591	22.809216	-0.007568	1.212270
33.351342	181.718391	22.814221	-0.007513	1.206885
33.282489	176.555938	22.819226	-0.007496	1.201392
33.311098	171.436378	22.824231	-0.007503	1.195957
33.102975	166.363368	22.829235	-0.007453	1.190456
32.960852	161.359963	22.834240	-0.007418	1.185029
32.858986	156.124525	22.839245	-0.007394	1.179343
32.809498	151.062144	22.844250	-0.007382	1.173837
32.679590	145.990221	22.849255	-0.007350	1.168263
32.672044	140.842977	22.854259	-0.007348	1.162628
32.409575	135.793644	22.859264	-0.007285	1.156973
32.201326	130.743931	22.864269	-0.007235	1.151310
32.226620	125.665288	22.869274	-0.007241	1.145682
32.135668	120.436015	22.874279	-0.007219	1.139810
32.009045	115.390275	22.879283	-0.007188	1.134099
31.816788	110.338031	22.884288	-0.007142	1.128326
31.733619	105.212678	22.889293	-0.007122	1.122484
31.629488	100.119490	22.894298	-0.007097	1.116640
31.494445	95.042594	22.899303	-0.007064	1.110771
31.358214	89.989994	22.904307	-0.007031	1.104898
31.375056	84.758869	22.909312	-0.007035	1.098851
31.012285	79.778408	22.914317	-0.006948	1.092903
31.010478	74.695431	22.919322	-0.006947	1.086955
30.854425	69.536801	22.924327	-0.006910	1.080820
30.506024	64.588548	22.929331	-0.006826	1.074816
30.480777	59.479112	22.934336	-0.006820	1.068725
30.160137	54.391947	22.939341	-0.006743	1.062498
29.963647	49.337198	22.944346	-0.006695	1.056328
29.695157	44.305365	22.949351	-0.006631	1.050118
29.710328	39.169317	22.954355	-0.006634	1.043868
29.364563	34.148837	22.959360	-0.006551	1.037563
29.110537	29.106881	22.964365	-0.006490	1.031233
28.846728	24.095131	22.969370	-0.006427	1.024897
28.646423	18.991191	22.974375	-0.006379	1.018435
28.304170	13.979435	22.979379	-0.006296	1.011983
27.719842	9.117464	22.984384	-0.006156	1.005568
27.086997	4.159131	22.989389	-0.006005	0.998966
25.842562	-0.504877	22.994394	-0.005707	0.992412
10.533250	-0.028817	22.999399	-0.002045	0.985841
