Wed Apr 02 01:37:12 2025

Number of Points = 3946
Depth (nm)	Load (µN)	Time (s)	Disp. Voltage(V)	Force Voltage(V)0.000000	5.836473	0.000000	0.002464	0.436384
0.256275	10.732336	0.005005	0.002403	0.451158
0.662465	15.615862	0.010010	0.002305	0.465585
0.737626	20.604816	0.015014	0.002286	0.479531
1.066076	25.520496	0.020019	0.002207	0.493137
1.253167	30.478501	0.025024	0.002162	0.506351
1.506165	35.404952	0.030029	0.002101	0.519212
1.863565	40.307741	0.035034	0.002015	0.531798
1.937370	45.288850	0.040038	0.001997	0.544028
2.244392	50.226791	0.045043	0.001923	0.556091
2.440607	55.167248	0.050048	0.001875	0.567809
2.604574	60.126282	0.055053	0.001836	0.579305
2.866085	65.091373	0.060058	0.001773	0.590670
2.849940	70.101461	0.065062	0.001776	0.601695
3.098454	75.051268	0.070067	0.001716	0.612603
3.325770	79.979161	0.075072	0.001661	0.623256
3.536024	84.952319	0.080077	0.001610	0.633811
3.561237	89.955653	0.085082	0.001604	0.644115
3.856961	94.876414	0.090086	0.001532	0.654292
4.042841	99.835641	0.095091	0.001487	0.664308
4.229877	104.791468	0.100096	0.001442	0.674170
4.360361	109.753182	0.105101	0.001410	0.683861
4.569808	114.714518	0.110106	0.001360	0.693470
4.605094	119.705522	0.115110	0.001351	0.702884
4.856962	124.675101	0.120115	0.001290	0.712281
5.108075	129.578729	0.125120	0.001229	0.721435
5.178572	134.599970	0.130125	0.001212	0.730566
5.304936	139.556946	0.135130	0.001181	0.739506
5.389049	144.591122	0.140134	0.001161	0.748448
5.685536	149.501333	0.145139	0.001089	0.757205
5.766643	154.497360	0.150144	0.001069	0.765873
6.003665	159.430021	0.155149	0.001012	0.774433
6.003570	164.448668	0.160154	0.001011	0.782898
6.156901	169.459693	0.165158	0.000974	0.791354
6.459069	174.349024	0.170163	0.000901	0.799609
6.421177	179.410773	0.175168	0.000910	0.807858
6.580563	184.361058	0.180173	0.000871	0.815960
6.792781	189.313103	0.185178	0.000820	0.824016
6.911961	194.321389	0.190182	0.000791	0.832029
7.163589	199.234563	0.195187	0.000730	0.839893
7.051405	204.327014	0.200192	0.000756	0.847755
7.260878	209.254032	0.205197	0.000706	0.855472
7.354025	214.236458	0.210202	0.000683	0.863139
7.604696	219.204734	0.215206	0.000623	0.870804
7.567744	224.230993	0.220211	0.000631	0.878332
7.722153	229.220992	0.225216	0.000593	0.885845
7.814395	234.187764	0.230221	0.000571	0.893228
8.053523	239.120822	0.235226	0.000513	0.900579
8.273696	244.144652	0.240230	0.000460	0.907992
8.407451	249.098761	0.245235	0.000427	0.915200
8.566618	254.039168	0.250240	0.000389	0.922345
8.689756	259.052685	0.255245	0.000359	0.929519
8.766081	264.037280	0.260250	0.000340	0.936574
8.850331	269.023315	0.265254	0.000319	0.943583
9.086851	274.009416	0.270259	0.000262	0.950616
9.095639	279.022882	0.275264	0.000259	0.957521
9.253531	283.989126	0.280269	0.000221	0.964387
9.332606	288.986060	0.285274	0.000202	0.971207
9.410936	293.971851	0.290278	0.000182	0.977964
9.611038	298.984128	0.295283	0.000134	0.984768
9.717655	303.959228	0.300288	0.000108	0.991432
9.746502	308.966130	0.305293	0.000101	0.998056
9.802467	313.990986	0.310298	0.000087	1.004673
10.006913	318.917485	0.315302	0.000037	1.011188
10.256697	323.849319	0.320307	-0.000023	1.017690
10.242606	328.910777	0.325312	-0.000020	1.024194
10.448700	333.866970	0.330317	-0.000070	1.030624
10.562836	338.856873	0.335322	-0.000098	1.037015
10.573259	343.864292	0.340326	-0.000101	1.043342
10.760619	348.836070	0.345331	-0.000146	1.049666
10.826636	353.835497	0.350336	-0.000163	1.055932
10.850079	358.831521	0.355341	-0.000169	1.062138
11.046567	363.873800	0.360346	-0.000216	1.068441
11.172610	368.820946	0.365350	-0.000247	1.074560
11.302205	373.765359	0.370355	-0.000279	1.080643
11.402691	378.836748	0.375360	-0.000303	1.086832
11.547791	383.755556	0.380365	-0.000338	1.092822
11.620216	388.738767	0.385370	-0.000356	1.098825
11.746668	393.793233	0.390374	-0.000387	1.104903
11.835611	398.762105	0.395379	-0.000409	1.110831
11.949075	403.748114	0.400384	-0.000436	1.116758
12.047286	408.729306	0.405389	-0.000460	1.122641
12.125816	413.764244	0.410394	-0.000480	1.128548
12.273887	418.722147	0.415398	-0.000516	1.134364
12.404480	423.652716	0.420403	-0.000548	1.140112
12.410290	428.803565	0.425408	-0.000549	1.146031
12.696812	433.672347	0.430413	-0.000619	1.151714
12.605203	438.724845	0.435418	-0.000597	1.157423
12.780550	443.698116	0.440422	-0.000640	1.163123
12.882963	448.702685	0.445427	-0.000665	1.168801
12.970156	453.683273	0.450432	-0.000686	1.174418
13.078136	458.612617	0.455437	-0.000712	1.179960
13.305613	463.712018	0.460442	-0.000767	1.185712
13.420644	468.614063	0.465446	-0.000795	1.191174
13.509210	473.627108	0.470451	-0.000817	1.196722
13.630177	478.600394	0.475456	-0.000847	1.202214
13.797613	483.596955	0.480461	-0.000887	1.207724
13.708603	488.634820	0.485466	-0.000866	1.213155
14.020647	493.514386	0.490470	-0.000942	1.218546
14.109646	498.627439	0.495475	-0.000963	1.224077
14.092655	503.626897	0.500480	-0.000960	1.229422
14.125291	508.657199	0.505485	-0.000968	1.234795
14.181431	513.600020	0.510490	-0.000982	1.240062
14.341823	518.663555	0.515494	-0.001021	1.245472
14.429132	523.608282	0.520499	-0.001043	1.250707
14.547771	528.601600	0.525504	-0.001071	1.255983
14.666018	533.569956	0.530509	-0.001100	1.261211
14.758413	538.674020	0.535514	-0.001123	1.266548
14.851147	543.617257	0.540518	-0.001146	1.271696
14.951615	548.594646	0.545523	-0.001170	1.276862
15.035334	553.599736	0.550528	-0.001191	1.282029
15.053389	558.647237	0.555533	-0.001196	1.287195
15.143831	563.631019	0.560538	-0.001218	1.292302
15.281614	568.576857	0.565542	-0.001251	1.297367
15.339963	573.625089	0.570547	-0.001266	1.302487
15.421242	578.615102	0.575552	-0.001286	1.307537
15.505739	583.596574	0.580557	-0.001306	1.312560
15.774606	588.486772	0.585562	-0.001371	1.317538
15.741680	593.562355	0.590566	-0.001364	1.322575
16.064981	598.469377	0.595571	-0.001442	1.327552
15.953964	603.530928	0.600576	-0.001416	1.332509
16.075403	608.470984	0.605581	-0.001445	1.337411
16.189942	613.544817	0.610586	-0.001473	1.342422
16.201855	618.558043	0.615590	-0.001477	1.347321
16.294800	623.529912	0.620595	-0.001500	1.352190
16.560430	628.442922	0.625600	-0.001564	1.357043
16.437358	633.548279	0.630605	-0.001535	1.361932
16.605025	638.528074	0.635610	-0.001575	1.366781
16.663594	643.514111	0.640614	-0.001590	1.371583
16.709234	648.510359	0.645619	-0.001601	1.376373
16.789887	653.553895	0.650624	-0.001621	1.381203
16.982415	658.576269	0.655629	-0.001668	1.386033
17.159060	663.515597	0.660634	-0.001711	1.390763
17.085308	668.550490	0.665638	-0.001693	1.395484
17.252992	673.489475	0.670643	-0.001734	1.400179
17.301179	678.583591	0.675648	-0.001746	1.404964
17.394869	683.502923	0.680653	-0.001769	1.409584
17.475736	688.539423	0.685658	-0.001789	1.414294
17.667032	693.418876	0.690662	-0.001835	1.418879
17.711051	698.614524	0.695667	-0.001846	1.423693
17.792838	703.515264	0.700672	-0.001866	1.428232
17.934589	708.524198	0.705677	-0.001901	1.432875
18.032849	713.461182	0.710682	-0.001925	1.437423
18.036628	718.551669	0.715686	-0.001926	1.442067
18.107698	723.547834	0.720691	-0.001944	1.446631
18.176577	728.532534	0.725696	-0.001961	1.451170
18.324226	733.475961	0.730701	-0.001997	1.455683
18.325768	738.542613	0.735706	-0.001998	1.460246
18.591387	743.587087	0.740710	-0.002062	1.464858
18.683327	748.491050	0.745715	-0.002084	1.469276
18.673569	753.549041	0.750720	-0.002082	1.473785
18.810555	758.438954	0.755725	-0.002116	1.478178
18.835295	763.607979	0.760730	-0.002122	1.482770
18.921069	768.518055	0.765734	-0.002143	1.487137
18.997494	773.537657	0.770739	-0.002162	1.491586
19.058224	778.508666	0.775744	-0.002177	1.495974
19.234427	783.492034	0.780749	-0.002220	1.500395
19.334850	788.586692	0.785754	-0.002244	1.504877
19.290000	793.558622	0.790758	-0.002234	1.509195
19.414298	798.587347	0.795763	-0.002264	1.513601
19.525496	803.469430	0.800768	-0.002292	1.517863
19.640050	808.586837	0.805773	-0.002320	1.522318
19.709976	813.540769	0.810778	-0.002337	1.526605
19.710513	818.575772	0.815782	-0.002337	1.530929
19.989598	823.480891	0.820787	-0.002405	1.535214
20.109720	828.468989	0.825792	-0.002434	1.539509
20.064035	833.655406	0.830797	-0.002424	1.543912
20.149996	838.548087	0.835802	-0.002445	1.548093
20.218344	843.585398	0.840806	-0.002462	1.552379
20.211248	848.555141	0.845811	-0.002460	1.556574
20.404311	853.590957	0.850816	-0.002507	1.560872
20.291966	858.661601	0.855821	-0.002481	1.565098
20.518316	863.576073	0.860826	-0.002536	1.569281
20.725497	868.542234	0.865830	-0.002586	1.573491
20.749379	873.485803	0.870835	-0.002592	1.577617
20.682803	878.743949	0.875840	-0.002576	1.581967
20.861904	883.618083	0.880845	-0.002620	1.586059
20.917621	888.631142	0.885850	-0.002634	1.590219
21.026961	893.612587	0.890854	-0.002660	1.594357
21.114049	898.570938	0.895859	-0.002682	1.598460
21.199372	903.687388	0.900864	-0.002703	1.602681
21.194111	908.632229	0.905869	-0.002702	1.606725
21.318959	913.645866	0.910874	-0.002732	1.610851
21.484337	918.584509	0.915878	-0.002772	1.614918
21.591834	923.583214	0.920883	-0.002799	1.619007
21.592836	928.770200	0.925888	-0.002800	1.623207
21.622418	933.662340	0.930893	-0.002807	1.627168
21.733958	938.706978	0.935898	-0.002834	1.631264
21.911843	943.625158	0.940902	-0.002877	1.635266
21.916058	948.652572	0.945907	-0.002879	1.639299
22.123432	953.701391	0.950912	-0.002929	1.643394
22.051639	958.647481	0.955917	-0.002912	1.647321
22.160489	963.693230	0.960922	-0.002939	1.651367
22.194501	968.648422	0.965926	-0.002948	1.655311
22.244855	973.690130	0.970931	-0.002960	1.659318
22.354172	978.793142	0.975936	-0.002987	1.663380
22.316947	983.745624	0.980941	-0.002979	1.667274
22.559956	988.743079	0.985946	-0.003037	1.671270
22.485251	993.726339	0.990950	-0.003020	1.675160
22.566535	998.750960	0.995955	-0.003040	1.679115
22.693343	1003.825460	1.000960	-0.003071	1.683112
22.986919	1008.641433	1.005965	-0.003142	1.686943
23.044612	1013.726472	1.010970	-0.003156	1.690910
23.062491	1018.686682	1.015974	-0.003161	1.694762
23.161905	1023.694563	1.020979	-0.003185	1.698663
23.060165	1028.924815	1.025984	-0.003161	1.702673
23.251354	1033.768001	1.030989	-0.003207	1.706454
23.275070	1038.825947	1.035994	-0.003214	1.710346
23.429710	1043.773183	1.040998	-0.003251	1.714180
23.453804	1048.742802	1.046003	-0.003258	1.717988
23.578249	1053.868379	1.051008	-0.003288	1.721933
23.687079	1058.759392	1.056013	-0.003314	1.725686
23.595662	1063.847940	1.061018	-0.003293	1.729528
23.733770	1068.823832	1.066022	-0.003327	1.733337
23.848523	1073.745074	1.071027	-0.003355	1.737090
23.790133	1078.992730	1.076032	-0.003341	1.741036
24.104487	1083.827170	1.081037	-0.003417	1.744758
24.131190	1088.841262	1.086042	-0.003424	1.748534
24.205362	1093.872474	1.091046	-0.003442	1.752326
24.305025	1098.763723	1.096051	-0.003466	1.756012
24.172072	1103.938924	1.101056	-0.003435	1.759842
24.471580	1108.891808	1.106061	-0.003507	1.763609
24.511401	1113.847043	1.111066	-0.003517	1.767303
24.522985	1118.897104	1.116070	-0.003521	1.771053
24.650348	1123.827158	1.121075	-0.003552	1.774736
24.773279	1128.876533	1.126080	-0.003582	1.778498
24.754202	1134.040721	1.131085	-0.003578	1.782301
24.811650	1138.923258	1.136090	-0.003592	1.785907
24.923717	1143.942876	1.141094	-0.003619	1.789621
24.984941	1148.937048	1.146099	-0.003634	1.793296
25.032222	1153.889432	1.151104	-0.003646	1.796929
25.130171	1159.045339	1.156109	-0.003670	1.800716
25.131087	1164.017344	1.161114	-0.003671	1.804337
25.187216	1168.962057	1.166118	-0.003685	1.807945
25.344134	1173.982805	1.171123	-0.003723	1.811625
25.475452	1178.876041	1.176128	-0.003755	1.815200
25.519391	1184.007969	1.181133	-0.003766	1.818918
25.569378	1189.119341	1.186138	-0.003779	1.822615
25.756798	1193.974885	1.191142	-0.003824	1.826154
25.741958	1199.038173	1.196147	-0.003821	1.829787
25.800145	1203.996238	1.201152	-0.003835	1.833354
25.977429	1208.923608	1.206157	-0.003878	1.836922
26.090902	1214.091187	1.211162	-0.003906	1.840638
26.127503	1219.023190	1.216166	-0.003915	1.844161
26.144204	1224.026556	1.221171	-0.003920	1.847723
26.286820	1229.058589	1.226176	-0.003954	1.851328
26.236762	1233.961756	1.231181	-0.003943	1.854789
26.234640	1239.131862	1.236186	-0.003943	1.858444
26.496250	1244.191028	1.241190	-0.004006	1.862077
26.811205	1249.012634	1.246195	-0.004082	1.865547
27.055563	1253.981179	1.251200	-0.004141	1.869098
27.263945	1258.931910	1.256205	-0.004191	1.872621
27.254912	1263.867642	1.261210	-0.004190	1.876075
27.410596	1268.987988	1.266214	-0.004228	1.879691
27.422113	1273.996776	1.271219	-0.004231	1.883188
27.522432	1278.936907	1.276224	-0.004255	1.886652
27.630880	1283.968887	1.281229	-0.004282	1.890175
27.705366	1288.899510	1.286234	-0.004300	1.893613
27.669670	1293.971955	1.291238	-0.004292	1.897117
27.897419	1299.116688	1.296243	-0.004347	1.900727
27.843105	1304.048639	1.301248	-0.004335	1.904117
27.837546	1309.069114	1.306253	-0.004334	1.907573
28.156640	1314.028329	1.311258	-0.004411	1.911056
28.044066	1318.976741	1.316262	-0.004384	1.914426
28.165645	1324.071067	1.321267	-0.004414	1.917944
28.200431	1329.192823	1.326272	-0.004423	1.921453
28.210592	1334.086830	1.331277	-0.004426	1.924796
28.307411	1339.095788	1.336282	-0.004450	1.928231
28.385331	1344.116889	1.341286	-0.004469	1.931664
28.561376	1348.984266	1.346291	-0.004511	1.935008
28.501118	1354.168164	1.351296	-0.004498	1.938508
28.796038	1359.126596	1.356301	-0.004569	1.941929
28.790765	1364.061122	1.361306	-0.004568	1.945260
28.773006	1369.139693	1.366310	-0.004564	1.948680
28.919182	1374.098682	1.371315	-0.004600	1.952050
28.985335	1378.981981	1.376320	-0.004616	1.955345
28.963354	1384.183316	1.381325	-0.004611	1.958829
29.060823	1389.197577	1.386330	-0.004635	1.962208
29.183870	1394.072450	1.391334	-0.004665	1.965493
29.326061	1399.118486	1.396339	-0.004700	1.968892
29.286970	1404.130232	1.401344	-0.004691	1.972221
29.400971	1409.043376	1.406349	-0.004719	1.975513
29.505842	1414.283486	1.411354	-0.004744	1.979015
29.565010	1419.237215	1.416358	-0.004759	1.982311
29.606758	1424.159938	1.421363	-0.004770	1.985577
29.817618	1429.167371	1.426368	-0.004820	1.988930
29.754476	1434.177581	1.431373	-0.004806	1.992220
29.886740	1439.089636	1.436378	-0.004838	1.995483
29.905427	1444.297040	1.441382	-0.004843	1.998909
29.968312	1449.272921	1.446387	-0.004859	2.002187
30.044115	1454.195464	1.451392	-0.004877	2.005428
30.120649	1459.250741	1.456397	-0.004896	2.008750
30.261544	1464.180100	1.461402	-0.004930	2.011999
30.321320	1469.110457	1.466406	-0.004945	2.015226
30.361650	1474.378381	1.471411	-0.004955	2.018662
30.260085	1479.441723	1.476416	-0.004932	2.021930
30.499433	1484.294051	1.481421	-0.004989	2.025129
30.631501	1489.333619	1.486426	-0.005022	2.028420
30.678912	1494.319656	1.491430	-0.005033	2.031654
30.663292	1499.262684	1.496435	-0.005030	2.034842
30.791628	1504.369625	1.501440	-0.005062	2.038160
30.891188	1509.397397	1.506445	-0.005086	2.041417
30.925718	1514.300621	1.511450	-0.005095	2.044574
31.038604	1519.326546	1.516454	-0.005122	2.047822
31.028371	1524.388335	1.521459	-0.005120	2.051061
30.968896	1529.315824	1.526464	-0.005107	2.054199
31.324509	1534.412652	1.531469	-0.005192	2.057528
31.299097	1539.571103	1.536474	-0.005187	2.060810
31.322057	1544.425956	1.541478	-0.005193	2.063905
31.450195	1549.470490	1.546483	-0.005224	2.067137
31.461332	1554.494892	1.551488	-0.005227	2.070327
31.484140	1559.373745	1.556493	-0.005233	2.073422
31.593580	1564.459322	1.561498	-0.005260	2.076661
31.740844	1569.554561	1.566502	-0.005296	2.079910
31.775729	1574.464721	1.571507	-0.005304	2.083013
31.824179	1579.506546	1.576512	-0.005317	2.086197
31.921331	1584.523180	1.581517	-0.005340	2.089371
31.946354	1589.473433	1.586522	-0.005347	2.092483
32.076264	1594.479333	1.591526	-0.005378	2.095647
32.234966	1599.653946	1.596531	-0.005417	2.098918
32.265239	1604.598916	1.601536	-0.005425	2.102014
32.300291	1609.552382	1.606541	-0.005434	2.105112
32.292809	1614.638228	1.611546	-0.005432	2.108279
32.474125	1619.540657	1.616550	-0.005476	2.111365
32.364006	1624.522621	1.621555	-0.005451	2.114437
32.582282	1629.675579	1.626560	-0.005503	2.117678
32.442591	1634.756417	1.631565	-0.005470	2.120796
32.716939	1639.588447	1.636570	-0.005537	2.123839
32.635352	1644.678790	1.641574	-0.005518	2.126966
32.627585	1649.761006	1.646579	-0.005516	2.130098
32.840320	1654.527330	1.651584	-0.005568	2.133075
32.904302	1659.670306	1.656589	-0.005584	2.136250
32.925444	1664.868326	1.661594	-0.005589	2.139445
32.981187	1669.741196	1.666598	-0.005603	2.142444
33.050496	1674.753544	1.671603	-0.005620	2.145526
33.295218	1679.741928	1.676608	-0.005679	2.148624
33.202722	1684.727234	1.681613	-0.005658	2.151648
33.284004	1689.681998	1.686618	-0.005678	2.154684
33.372122	1694.868733	1.691622	-0.005699	2.157859
33.456211	1699.864499	1.696627	-0.005720	2.160911
33.419768	1704.775402	1.701632	-0.005712	2.163885
33.589897	1709.774455	1.706637	-0.005753	2.166948
33.618437	1714.862180	1.711642	-0.005760	2.170033
33.708640	1719.701609	1.716646	-0.005782	2.172975
33.770520	1724.868262	1.721651	-0.005798	2.176105
33.835223	1730.057813	1.726656	-0.005814	2.179246
33.719859	1734.979609	1.731661	-0.005787	2.182185
34.090086	1739.910005	1.736666	-0.005876	2.185220
34.106051	1744.961044	1.741670	-0.005880	2.188255
34.181502	1749.892136	1.746675	-0.005899	2.191225
34.103021	1754.911257	1.751680	-0.005880	2.194213
34.185517	1760.043586	1.756685	-0.005901	2.197297
34.376895	1765.047364	1.761690	-0.005947	2.200320
34.534906	1769.882368	1.766694	-0.005985	2.203233
34.628704	1774.932067	1.771699	-0.006008	2.206256
34.652206	1779.986300	1.776704	-0.006015	2.209265
34.634251	1784.894811	1.781709	-0.006011	2.212176
34.855216	1789.922960	1.786714	-0.006064	2.215199
34.861131	1795.173099	1.791718	-0.006066	2.218308
34.877132	1800.121621	1.796723	-0.006070	2.221237
34.899411	1805.080740	1.801728	-0.006076	2.224169
34.984040	1810.120322	1.806733	-0.006097	2.227156
35.174609	1815.103333	1.811738	-0.006143	2.230127
35.267067	1819.937254	1.816742	-0.006166	2.232987
35.364404	1825.068970	1.821747	-0.006190	2.236019
35.389125	1830.216228	1.826752	-0.006196	2.239043
35.378998	1835.083791	1.831757	-0.006194	2.241892
35.514368	1840.101576	1.836762	-0.006227	2.244853
35.583273	1845.145619	1.841766	-0.006244	2.247812
35.573235	1850.147880	1.846771	-0.006242	2.250729
35.680455	1855.060702	1.851776	-0.006269	2.253612
35.686836	1860.332313	1.856781	-0.006271	2.256680
35.687187	1865.434283	1.861786	-0.006271	2.259645
35.810934	1870.241941	1.866790	-0.006301	2.262459
35.885944	1875.302003	1.871795	-0.006320	2.265406
36.007672	1880.317539	1.876800	-0.006349	2.268332
36.034604	1885.205529	1.881805	-0.006356	2.271163
36.033415	1890.216056	1.886810	-0.006357	2.274056
36.106775	1895.406240	1.891814	-0.006375	2.277063
36.291139	1900.378962	1.896819	-0.006419	2.279961
36.283331	1905.282320	1.901824	-0.006418	2.282780
36.375529	1910.296456	1.906829	-0.006441	2.285677
36.532214	1915.337746	1.911834	-0.006479	2.288598
36.427113	1920.282115	1.916838	-0.006454	2.291412
36.556999	1925.277657	1.921843	-0.006486	2.294295
36.679179	1930.534001	1.926848	-0.006515	2.297322
36.656995	1935.537038	1.931853	-0.006511	2.300174
36.727508	1940.442945	1.936858	-0.006528	2.302984
36.863580	1945.442845	1.941862	-0.006561	2.305856
37.016085	1950.419925	1.946867	-0.006598	2.308714
36.936847	1955.360924	1.951872	-0.006580	2.311507
36.828526	1960.453683	1.956877	-0.006554	2.314376
37.104759	1965.604547	1.961882	-0.006621	2.317345
37.239643	1970.517440	1.966886	-0.006654	2.320149
37.244943	1975.464943	1.971891	-0.006656	2.322947
37.277462	1980.524844	1.976896	-0.006664	2.325809
37.357203	1985.562112	1.981901	-0.006684	2.328664
37.446547	1990.436416	1.986906	-0.006705	2.331425
37.586796	1995.478917	1.991910	-0.006740	2.334287
37.429792	2000.828525	1.996915	-0.006703	2.337264
37.592115	2005.751784	2.001920	-0.006742	2.340055
37.581368	2010.647380	2.006925	-0.006740	2.342797
37.752331	2015.663444	2.011930	-0.006781	2.345635
37.764933	2020.708584	2.016934	-0.006785	2.348458
37.768427	2025.591505	2.021939	-0.006786	2.351185
37.897473	2030.630143	2.026944	-0.006818	2.354019
38.049946	2035.801255	2.031949	-0.006855	2.356926
38.109920	2040.796210	2.036954	-0.006870	2.359716
38.091988	2045.685478	2.041958	-0.006866	2.362430
38.130320	2050.755288	2.046963	-0.006875	2.365251
38.283977	2055.769319	2.051968	-0.006913	2.368058
38.316701	2060.682117	2.056973	-0.006921	2.370785
38.545701	2065.631423	2.061978	-0.006976	2.373563
38.469136	2070.968803	2.066982	-0.006959	2.376498
38.332736	2076.025357	2.071987	-0.006927	2.379265
38.347693	2080.900484	2.076992	-0.006931	2.381954
38.533176	2085.891560	2.081997	-0.006976	2.384734
38.564698	2090.948522	2.087002	-0.006984	2.387521
38.669614	2095.841811	2.092006	-0.007009	2.390227
39.084187	2100.705711	2.097011	-0.007109	2.392967
39.091630	2105.934052	2.102016	-0.007111	2.395834
39.225061	2110.976585	2.107021	-0.007144	2.398617
39.239305	2115.824893	2.112026	-0.007148	2.401270
39.507347	2120.820629	2.117030	-0.007212	2.404044
39.409705	2125.919598	2.122035	-0.007190	2.406809
39.561526	2130.877404	2.127040	-0.007226	2.409536
39.764118	2135.735708	2.132045	-0.007275	2.412215
39.914462	2140.933150	2.137050	-0.007312	2.415066
39.886029	2146.106965	2.142054	-0.007306	2.417871
39.936957	2150.978477	2.147059	-0.007318	2.420522
39.925789	2155.975170	2.152064	-0.007316	2.423227
40.038271	2160.996957	2.157069	-0.007344	2.425964
40.065324	2166.037686	2.162074	-0.007351	2.428693
40.017092	2170.901447	2.167078	-0.007340	2.431311
40.094999	2175.999347	2.172083	-0.007359	2.434074
40.255244	2181.145437	2.177088	-0.007398	2.436874
40.326431	2186.076675	2.182093	-0.007415	2.439539
40.432780	2191.003219	2.187098	-0.007441	2.442206
40.368425	2196.097673	2.192102	-0.007426	2.444930
40.562436	2201.093711	2.197107	-0.007473	2.447643
40.596661	2206.008316	2.202112	-0.007482	2.450281
40.671334	2210.994402	2.207117	-0.007500	2.452962
40.684448	2216.319581	2.212122	-0.007504	2.455811
40.704324	2221.346677	2.217126	-0.007509	2.458499
40.767968	2226.204877	2.222131	-0.007525	2.461101
40.881242	2231.229831	2.227136	-0.007553	2.463798
41.020823	2236.233965	2.232141	-0.007587	2.466484
40.994574	2241.264154	2.237146	-0.007581	2.469154
41.024799	2246.172199	2.242150	-0.007589	2.471766
41.192165	2251.282706	2.247155	-0.007629	2.474505
41.102450	2256.453606	2.252160	-0.007608	2.477230
41.246316	2261.301701	2.257165	-0.007643	2.479821
41.295815	2266.332254	2.262170	-0.007656	2.482489
41.305486	2271.375300	2.267174	-0.007659	2.485155
41.337738	2276.382712	2.272179	-0.007667	2.487802
41.578842	2281.161455	2.277184	-0.007725	2.490361
41.551640	2286.228419	2.282189	-0.007719	2.493024
41.531329	2291.596183	2.287194	-0.007715	2.495844
41.627840	2296.611242	2.292198	-0.007738	2.498495
41.767181	2301.400288	2.297203	-0.007772	2.501031
41.875763	2306.465936	2.302208	-0.007799	2.503705
41.890641	2311.502259	2.307213	-0.007803	2.506345
41.988108	2316.464905	2.312218	-0.007827	2.508958
42.063561	2321.359207	2.317222	-0.007845	2.511528
41.983697	2326.576111	2.322227	-0.007827	2.514239
42.208344	2331.659861	2.327232	-0.007881	2.516927
42.177054	2336.576433	2.332237	-0.007874	2.519483
42.329570	2341.500635	2.337242	-0.007911	2.522071
42.333705	2346.600444	2.342246	-0.007913	2.524723
42.214911	2351.711067	2.347251	-0.007885	2.527359
42.548130	2356.484066	2.352256	-0.007965	2.529889
42.212622	2361.633301	2.357261	-0.007885	2.532504
42.552070	2366.825823	2.362266	-0.007967	2.535247
42.477786	2371.932672	2.367270	-0.007950	2.537877
42.619176	2376.728403	2.372275	-0.007984	2.540377
42.686478	2381.793787	2.377280	-0.008001	2.543003
42.758825	2386.825032	2.382285	-0.008019	2.545608
42.766553	2391.868303	2.387290	-0.008021	2.548208
42.923057	2396.687389	2.392294	-0.008059	2.550713
42.832483	2401.867604	2.397299	-0.008038	2.553361
43.050176	2406.973089	2.402304	-0.008090	2.556018
43.119496	2411.932885	2.407309	-0.008108	2.558573
43.191454	2416.839884	2.412314	-0.008125	2.561100
43.239527	2421.916185	2.417318	-0.008137	2.563706
43.143988	2426.999558	2.422323	-0.008115	2.566291
43.218346	2431.962287	2.427328	-0.008133	2.568839
43.300049	2436.873274	2.432333	-0.008153	2.571359
43.530844	2442.043927	2.437338	-0.008209	2.574032
43.500150	2447.114307	2.442342	-0.008202	2.576610
43.572567	2451.997100	2.447347	-0.008220	2.579106
43.693692	2456.921686	2.452352	-0.008250	2.581629
43.624880	2462.008202	2.457357	-0.008234	2.584202
43.816184	2467.030456	2.462362	-0.008280	2.586780
43.852939	2471.898591	2.467366	-0.008289	2.589254
43.870790	2476.901755	2.472371	-0.008294	2.591790
43.935201	2482.121594	2.477376	-0.008310	2.594441
44.058893	2487.148578	2.482381	-0.008340	2.597001
44.097308	2492.033058	2.487386	-0.008350	2.599474
44.147440	2497.026999	2.492390	-0.008363	2.602000
44.164120	2502.107285	2.497395	-0.008367	2.604563
44.232244	2507.145285	2.502400	-0.008384	2.607110
44.251612	2511.993175	2.507405	-0.008389	2.609552
44.395951	2516.998133	2.512410	-0.008424	2.612089
44.420937	2522.341122	2.517414	-0.008431	2.614775
44.476483	2527.395367	2.522419	-0.008445	2.617318
44.534378	2532.207582	2.527424	-0.008459	2.619738
44.584381	2537.240712	2.532429	-0.008471	2.622265
44.623975	2542.314676	2.537434	-0.008481	2.624808
44.692263	2547.323605	2.542438	-0.008498	2.627321
44.656483	2552.193681	2.547443	-0.008490	2.629746
44.825757	2557.236618	2.552448	-0.008531	2.632286
44.842184	2562.465941	2.557453	-0.008536	2.634894
45.167922	2567.405336	2.562458	-0.008614	2.637401
45.282157	2572.225139	2.567462	-0.008642	2.639815
45.350713	2577.257848	2.572467	-0.008659	2.642325
45.403267	2582.336095	2.577472	-0.008672	2.644853
45.552112	2587.319567	2.582477	-0.008708	2.647346
45.588856	2592.193170	2.587482	-0.008718	2.649766
45.494176	2597.327424	2.592486	-0.008695	2.652292
45.845223	2602.571465	2.597491	-0.008780	2.654937
45.960519	2607.558751	2.602496	-0.008808	2.657418
46.026440	2612.369413	2.607501	-0.008824	2.659801
46.227908	2617.397005	2.612506	-0.008873	2.662310
46.148869	2622.482875	2.617510	-0.008855	2.664803
46.233798	2627.474577	2.622515	-0.008876	2.667272
46.305198	2632.338419	2.627520	-0.008893	2.669674
46.391605	2637.385313	2.632525	-0.008914	2.672165
46.396851	2642.579766	2.637530	-0.008916	2.674715
46.536534	2647.546350	2.642534	-0.008950	2.677171
46.551979	2652.376972	2.647539	-0.008954	2.679539
46.578625	2657.447228	2.652544	-0.008961	2.682024
46.684467	2662.491399	2.657549	-0.008987	2.684506
46.759022	2667.513232	2.662554	-0.009005	2.686970
46.769841	2672.348891	2.667558	-0.009009	2.689331
46.775474	2677.444042	2.672563	-0.009011	2.691816
46.941524	2682.760029	2.677568	-0.009051	2.694430
46.979379	2687.767926	2.682573	-0.009060	2.696873
46.937647	2692.626902	2.687578	-0.009051	2.699229
47.121918	2697.639800	2.692582	-0.009096	2.701691
47.251814	2702.669126	2.697587	-0.009127	2.704151
47.144405	2707.761161	2.702592	-0.009102	2.706605
47.288539	2712.525345	2.707597	-0.009137	2.708934
47.207878	2717.648642	2.712602	-0.009118	2.711402
47.266643	2722.873159	2.717606	-0.009133	2.713937
47.494500	2727.868527	2.722611	-0.009188	2.716383
47.406844	2732.753630	2.727616	-0.009167	2.718729
47.530593	2737.759265	2.732621	-0.009198	2.721161
47.668409	2742.816459	2.737626	-0.009231	2.723618
47.595438	2747.899556	2.742630	-0.009214	2.726054
47.627880	2752.751876	2.747635	-0.009222	2.728393
47.782870	2757.729833	2.752640	-0.009260	2.730808
47.768135	2763.080870	2.757645	-0.009257	2.733375
47.898392	2768.148340	2.762650	-0.009289	2.735824
47.839913	2773.035384	2.767654	-0.009275	2.738158
47.939275	2778.012082	2.772659	-0.009300	2.740556
47.965181	2783.068532	2.777664	-0.009306	2.742979
48.012200	2788.104250	2.782669	-0.009318	2.745393
48.128525	2793.044079	2.787674	-0.009347	2.747768
48.181127	2797.944302	2.792678	-0.009360	2.750114
48.345959	2803.069652	2.797683	-0.009400	2.752581
48.325510	2808.261135	2.802688	-0.009395	2.755051
48.321532	2813.204312	2.807693	-0.009395	2.757404
48.306229	2818.134696	2.812698	-0.009392	2.759746
48.371055	2823.177032	2.817702	-0.009408	2.762151
48.580157	2828.183763	2.822707	-0.009458	2.764557
48.462918	2833.243350	2.827712	-0.009431	2.766940
48.474512	2838.097807	2.832717	-0.009434	2.769243
48.695733	2843.188610	2.837722	-0.009488	2.771684
48.758391	2848.489945	2.842726	-0.009503	2.774201
48.744846	2853.492147	2.847731	-0.009500	2.776563
48.733587	2858.299510	2.852736	-0.009498	2.778832
48.926215	2863.241329	2.857741	-0.009545	2.781190
48.988774	2868.330442	2.862746	-0.009560	2.783598
49.064599	2873.350462	2.867750	-0.009579	2.785974
49.064369	2878.204737	2.872755	-0.009579	2.788258
49.065573	2883.260496	2.877760	-0.009580	2.790636
49.061285	2888.472419	2.882765	-0.009580	2.793084
49.108105	2893.576745	2.887770	-0.009592	2.795487
49.317444	2898.404666	2.892774	-0.009642	2.797780
49.313103	2903.368720	2.897779	-0.009642	2.800106
49.449504	2908.449662	2.902784	-0.009675	2.802504
49.348184	2913.503971	2.907789	-0.009651	2.804855
49.414915	2918.470419	2.912794	-0.009668	2.807186
49.490335	2923.394347	2.917798	-0.009686	2.809496
49.604734	2928.553213	2.922803	-0.009714	2.811920
49.619387	2933.848958	2.927808	-0.009718	2.814391
49.604716	2938.812009	2.932813	-0.009715	2.816701
49.688572	2943.661059	2.937818	-0.009736	2.818970
49.753302	2948.717743	2.942822	-0.009752	2.821331
49.847046	2953.725855	2.947827	-0.009775	2.823671
50.039595	2958.761090	2.952832	-0.009821	2.826036
49.895308	2963.637150	2.957837	-0.009787	2.828278
49.936973	2968.676288	2.962842	-0.009798	2.830620
50.021655	2973.914076	2.967846	-0.009819	2.833058
50.042118	2978.976734	2.972851	-0.009824	2.835404
50.097033	2983.850513	2.977856	-0.009838	2.837665
50.152549	2988.825366	2.982861	-0.009852	2.839971
50.235017	2993.879650	2.987866	-0.009872	2.842316
50.294115	2998.946307	2.992870	-0.009887	2.844661
50.294605	3003.884472	2.997875	-0.009887	2.846937
50.504618	3008.774463	3.002880	-0.009938	2.849218
50.505937	3013.957875	3.007885	-0.009939	2.851603
50.490938	3019.218978	3.012890	-0.009936	2.854020
50.664617	3024.168662	3.017894	-0.009978	2.856317
50.663868	3029.023367	3.022899	-0.009978	2.858546
50.698010	3034.088951	3.027904	-0.009987	2.860874
50.816318	3039.113820	3.032909	-0.010016	2.863193
50.876193	3044.191818	3.037914	-0.010031	2.865526
50.966283	3048.993555	3.042918	-0.010053	2.867735
50.918169	3054.050150	3.047923	-0.010042	2.870041
51.024845	3059.258090	3.052928	-0.010068	2.872434
51.099684	3064.334576	3.057933	-0.010086	2.874761
51.158106	3069.243281	3.062938	-0.010101	2.877008
51.233211	3074.162678	3.067942	-0.010119	2.879260
51.246217	3079.274003	3.072947	-0.010123	2.881589
51.292503	3084.306408	3.077952	-0.010135	2.883885
51.195561	3089.349846	3.082957	-0.010112	2.886165
51.403928	3094.205308	3.087962	-0.010162	2.888398
51.432852	3099.293213	3.092966	-0.010170	2.890712
51.504108	3104.538271	3.097971	-0.010187	2.893100
51.533884	3109.609436	3.102976	-0.010195	2.895402
51.564838	3114.371183	3.107981	-0.010203	2.897563
51.606294	3119.409563	3.112986	-0.010213	2.899848
51.727564	3124.471798	3.117990	-0.010243	2.902153
51.751236	3129.496362	3.122995	-0.010249	2.904426
51.736781	3134.438281	3.128000	-0.010246	2.906655
51.766803	3139.369820	3.133005	-0.010254	2.908884
51.948039	3144.471681	3.138010	-0.010298	2.911207
52.052235	3149.648369	3.143014	-0.010323	2.913552
52.013529	3154.667619	3.148019	-0.010315	2.915805
51.973479	3159.548036	3.153024	-0.010305	2.917995
52.077864	3164.552648	3.158029	-0.010331	2.920257
52.243228	3169.589631	3.163034	-0.010371	2.922540
52.364661	3174.618152	3.168038	-0.010401	2.924811
52.256081	3179.517223	3.173043	-0.010375	2.926994
52.349979	3184.506288	3.178048	-0.010398	2.929241
52.277090	3189.793949	3.183053	-0.010381	2.931598
52.392800	3194.948112	3.188058	-0.010410	2.933918
52.500971	3199.876529	3.193062	-0.010436	2.936134
52.510645	3204.759215	3.198067	-0.010439	2.938316
52.569088	3209.835294	3.203072	-0.010453	2.940588
52.618773	3214.873696	3.208077	-0.010466	2.942841
52.690999	3219.908851	3.213082	-0.010484	2.945094
52.768495	3224.726106	3.218086	-0.010503	2.947248
52.806630	3229.756117	3.223091	-0.010512	2.949491
52.918307	3234.998086	3.228096	-0.010540	2.951835
52.921203	3240.103662	3.233101	-0.010541	2.954103
53.021207	3245.015238	3.238106	-0.010565	2.956296
53.059023	3249.917205	3.243110	-0.010575	2.958475
52.955321	3255.026528	3.248115	-0.010551	2.960726
53.095865	3260.064655	3.253120	-0.010585	2.962975
53.173207	3265.091449	3.258125	-0.010604	2.965209
53.185390	3269.920892	3.263130	-0.010607	2.967346
53.134977	3274.993531	3.268134	-0.010596	2.969581
53.292998	3280.354666	3.273139	-0.010634	2.971968
53.397203	3285.401980	3.278144	-0.010659	2.974207
53.495324	3290.251533	3.283149	-0.010683	2.976357
53.520161	3295.197706	3.288154	-0.010690	2.978539
53.498889	3300.278349	3.293158	-0.010685	2.980773
53.556517	3305.352543	3.298163	-0.010700	2.983012
53.618390	3310.378211	3.303168	-0.010715	2.985229
53.764416	3315.176214	3.308173	-0.010751	2.987354
53.870837	3320.210916	3.313178	-0.010777	2.989577
53.777487	3325.501668	3.318182	-0.010755	2.991886
54.051469	3330.497508	3.323187	-0.010821	2.994109
53.984064	3335.430868	3.328192	-0.010805	2.996261
54.045677	3340.358489	3.333197	-0.010820	2.998425
54.096826	3345.427643	3.338202	-0.010833	3.000648
54.174082	3350.488222	3.343206	-0.010852	3.002869
54.112120	3355.531689	3.348211	-0.010838	3.005063
54.174850	3360.356172	3.353216	-0.010854	3.007176
54.200344	3365.388679	3.358221	-0.010860	3.009373
54.277020	3370.751013	3.363226	-0.010879	3.011719
54.449580	3375.797898	3.368230	-0.010921	3.013937
54.505017	3380.576342	3.373235	-0.010935	3.016022
54.445486	3385.554918	3.378240	-0.010921	3.018179
54.481818	3390.629478	3.383245	-0.010930	3.020388
54.553990	3395.673973	3.388250	-0.010948	3.022587
54.608455	3400.702656	3.393254	-0.010962	3.024774
54.693404	3405.490845	3.398259	-0.010982	3.026860
54.655936	3410.600028	3.403264	-0.010974	3.029069
54.707456	3415.809960	3.408269	-0.010987	3.031330
54.800785	3420.911010	3.413274	-0.011010	3.033548
54.817963	3425.845630	3.418278	-0.011014	3.035682
54.999107	3430.692341	3.423283	-0.011058	3.037798
55.023344	3435.785354	3.428288	-0.011065	3.039999
54.900740	3440.884691	3.433293	-0.011036	3.042183
55.093261	3445.911275	3.438298	-0.011082	3.044372
54.920096	3450.789759	3.443302	-0.011041	3.046453
55.138427	3455.741580	3.448307	-0.011094	3.048610
55.235746	3461.020509	3.453312	-0.011118	3.050892
55.162306	3466.205643	3.458317	-0.011101	3.053111
55.434673	3471.146951	3.463322	-0.011167	3.055266
55.223804	3476.045129	3.468326	-0.011117	3.057343
55.425766	3481.074232	3.473331	-0.011166	3.059523
55.385075	3486.153345	3.478336	-0.011156	3.061695
55.561341	3491.148037	3.483341	-0.011199	3.063855
55.585286	3496.027343	3.488346	-0.011205	3.065946
55.559783	3501.018663	3.493350	-0.011200	3.068077
55.628192	3506.183257	3.498355	-0.011217	3.070292
55.726265	3511.361669	3.503360	-0.011241	3.072515
55.775635	3516.361950	3.508365	-0.011253	3.074654
55.761946	3521.165677	3.513370	-0.011250	3.076701
55.817749	3526.220864	3.518374	-0.011264	3.078862
55.868893	3531.273582	3.523379	-0.011277	3.081020
55.980102	3536.341136	3.528384	-0.011304	3.083189
55.945298	3541.285963	3.533389	-0.011296	3.085288
56.096572	3546.163596	3.538394	-0.011333	3.087378
56.159470	3551.291133	3.543398	-0.011349	3.089563
56.172813	3556.602351	3.548403	-0.011352	3.091818
56.282488	3561.651485	3.553408	-0.011379	3.093972
56.415225	3566.439861	3.558413	-0.011411	3.096017
56.320266	3571.500751	3.563418	-0.011389	3.098149
56.378078	3576.555452	3.568422	-0.011404	3.100294
56.416491	3581.591698	3.573427	-0.011413	3.102429
56.542418	3586.579248	3.578432	-0.011444	3.104551
56.507606	3591.414821	3.583437	-0.011436	3.106589
56.479019	3596.506416	3.588442	-0.011430	3.108734
56.579313	3601.794921	3.593446	-0.011455	3.110976
56.698728	3606.818196	3.598451	-0.011484	3.113107
56.772808	3611.740985	3.603456	-0.011502	3.115189
56.751518	3616.644301	3.608461	-0.011497	3.117250
56.909698	3621.696910	3.613466	-0.011536	3.119393
56.817026	3626.780246	3.618470	-0.011514	3.121519
57.011092	3631.806996	3.623475	-0.011561	3.123653
57.030889	3636.677406	3.628480	-0.011566	3.125699
57.067115	3641.662675	3.633485	-0.011575	3.127794
57.098477	3646.902248	3.638490	-0.011584	3.129994
57.216467	3652.123313	3.643494	-0.011612	3.132194
57.358187	3657.116271	3.648499	-0.011647	3.134301
57.303869	3661.951191	3.653504	-0.011634	3.136317
57.318155	3667.008791	3.658509	-0.011638	3.138433
57.356949	3672.082558	3.663514	-0.011648	3.140556
57.420530	3677.112610	3.668518	-0.011664	3.142663
57.346376	3682.108769	3.673523	-0.011647	3.144739
57.589881	3686.950423	3.678528	-0.011705	3.146785
57.600238	3691.897098	3.683533	-0.011708	3.148848
57.628088	3697.204573	3.688538	-0.011716	3.151060
57.697738	3702.258190	3.693542	-0.011733	3.153171
57.664542	3707.112601	3.698547	-0.011725	3.155185
57.892987	3712.034990	3.703552	-0.011781	3.157257
57.772161	3717.156437	3.708557	-0.011752	3.159370
58.003291	3722.172088	3.713562	-0.011808	3.161477
58.059523	3727.189727	3.718566	-0.011822	3.163564
58.065731	3731.999699	3.723571	-0.011824	3.165558
58.113407	3737.053327	3.728576	-0.011836	3.167656
58.095278	3742.297206	3.733581	-0.011832	3.169825
58.325289	3747.469867	3.738586	-0.011888	3.171990
58.209075	3752.548009	3.743590	-0.011860	3.174075
58.318426	3757.315821	3.748595	-0.011887	3.176057
58.336823	3762.386675	3.753600	-0.011892	3.178152
58.446489	3767.430896	3.758605	-0.011919	3.180245
58.337421	3772.547469	3.763610	-0.011893	3.182342
58.489500	3777.442149	3.768614	-0.011930	3.184376
58.470430	3782.317971	3.773619	-0.011926	3.186381
58.507757	3787.405559	3.778624	-0.011936	3.188478
58.631888	3792.652359	3.783629	-0.011966	3.190649
58.608945	3797.762299	3.788634	-0.011961	3.192746
58.773435	3802.633400	3.793638	-0.012001	3.194765
58.700418	3807.531297	3.798643	-0.011984	3.196767
58.944711	3812.581352	3.803648	-0.012043	3.198864
58.861576	3817.690941	3.808653	-0.012024	3.200949
58.994695	3822.699901	3.813658	-0.012056	3.203016
59.032075	3827.578415	3.818662	-0.012065	3.205016
59.091936	3832.582224	3.823667	-0.012080	3.207070
59.046149	3837.768915	3.828672	-0.012070	3.209185
59.183622	3842.917457	3.833677	-0.012103	3.211303
59.281897	3847.979757	3.838682	-0.012127	3.213381
59.166251	3852.797303	3.843686	-0.012100	3.215333
59.196698	3857.824445	3.848691	-0.012108	3.217386
59.330872	3862.869178	3.853696	-0.012141	3.219457
59.314501	3867.926848	3.858701	-0.012137	3.221514
59.503273	3872.922864	3.863706	-0.012183	3.223568
59.477027	3877.707814	3.868710	-0.012177	3.225511
59.684980	3882.719634	3.873715	-0.012227	3.227571
59.713792	3887.978692	3.878720	-0.012235	3.229710
59.644894	3893.095763	3.883725	-0.012219	3.231779
59.671694	3898.129712	3.888730	-0.012226	3.233824
59.846124	3902.905595	3.893734	-0.012268	3.235779
59.931836	3907.923168	3.898739	-0.012289	3.237821
59.864587	3913.050283	3.903744	-0.012274	3.239890
59.944587	3918.090471	3.908749	-0.012293	3.241938
60.096794	3923.031241	3.913754	-0.012330	3.243952
59.944141	3927.925682	3.918758	-0.012294	3.245914
60.058398	3932.979357	3.923763	-0.012322	3.247967
60.123517	3938.370465	3.928768	-0.012338	3.250150
60.174308	3943.441501	3.933773	-0.012351	3.252201
60.308394	3948.321636	3.938778	-0.012384	3.254183
60.221736	3953.262627	3.943782	-0.012363	3.256164
60.281966	3958.296383	3.948787	-0.012378	3.258197
60.350393	3963.350539	3.953792	-0.012395	3.260238
60.496101	3968.372649	3.958797	-0.012431	3.262273
60.609622	3973.226956	3.963802	-0.012458	3.264235
60.572155	3978.198090	3.968806	-0.012450	3.266228
60.598166	3983.276050	3.973811	-0.012457	3.268269
60.752889	3988.534155	3.978816	-0.012494	3.270394
60.767697	3993.567055	3.983821	-0.012498	3.272413
60.668250	3998.496053	3.988826	-0.012475	3.274377
60.737628	4003.407559	3.993830	-0.012492	3.276351
60.867139	4008.478678	3.998835	-0.012524	3.278394
60.946282	4013.536626	4.003840	-0.012543	3.280425
61.122295	4018.558909	4.008845	-0.012586	3.282450
61.029000	4023.460639	4.013850	-0.012564	3.284398
61.106503	4028.411005	4.018854	-0.012583	3.286382
61.260299	4033.546303	4.023859	-0.012620	3.288447
61.224530	4038.924378	4.028864	-0.012612	3.290587
61.177333	4043.949109	4.033869	-0.012602	3.292584
61.350978	4048.794090	4.038874	-0.012644	3.294531
61.262082	4053.681172	4.043878	-0.012623	3.296466
61.373386	4058.704630	4.048883	-0.012650	3.298475
61.329697	4063.831606	4.053888	-0.012640	3.300508
61.368111	4068.864697	4.058893	-0.012650	3.302512
61.342177	4073.698225	4.063898	-0.012644	3.304428
61.597249	4078.641955	4.068902	-0.012706	3.306415
61.635114	4083.756736	4.073907	-0.012715	3.308447
61.667050	4089.035447	4.078912	-0.012724	3.310542
61.717216	4094.017769	4.083917	-0.012736	3.312520
61.863884	4098.831066	4.088922	-0.012772	3.314440
61.929666	4103.849970	4.093926	-0.012788	3.316432
62.057333	4108.863650	4.098931	-0.012819	3.318427
62.073390	4113.949076	4.103936	-0.012824	3.320437
62.057892	4118.988080	4.108941	-0.012820	3.322425
62.053478	4123.870479	4.113946	-0.012820	3.324351
62.098172	4128.857740	4.118950	-0.012831	3.326322
62.048292	4134.057267	4.123955	-0.012820	3.328366
62.261537	4139.325443	4.128960	-0.012871	3.330463
62.258281	4144.326488	4.133965	-0.012871	3.332431
62.261494	4149.177169	4.138970	-0.012872	3.334340
62.500521	4154.155975	4.143974	-0.012930	3.336322
62.287966	4159.236942	4.148979	-0.012880	3.338296
62.562446	4164.276213	4.153984	-0.012946	3.340303
62.478247	4169.328207	4.158989	-0.012926	3.342277
62.641843	4174.122166	4.163994	-0.012966	3.344174
62.573589	4179.166280	4.168998	-0.012950	3.346144
62.519092	4184.292679	4.174003	-0.012938	3.348147
62.665048	4189.560028	4.179008	-0.012973	3.350224
62.759351	4194.559139	4.184013	-0.012996	3.352190
62.845903	4199.374754	4.189018	-0.013017	3.354082
62.894974	4204.368227	4.194022	-0.013030	3.356038
63.072087	4209.364305	4.199027	-0.013073	3.358008
63.028832	4214.506746	4.204032	-0.013063	3.360011
63.129036	4219.530326	4.209037	-0.013087	3.361981
63.188570	4224.369556	4.214042	-0.013102	3.363874
63.191679	4229.344703	4.219046	-0.013103	3.365813
63.281163	4234.500112	4.224051	-0.013125	3.367829
63.375667	4239.848322	4.229056	-0.013148	3.369921
63.443717	4244.869501	4.234061	-0.013165	3.371881
63.537086	4249.751348	4.239066	-0.013188	3.373788
63.513130	4254.668600	4.244070	-0.013183	3.375696
63.664978	4259.701836	4.249075	-0.013220	3.377666
63.743279	4264.761810	4.254080	-0.013239	3.379637
63.769110	4269.797188	4.259085	-0.013246	3.381593
63.811777	4274.724822	4.264090	-0.013257	3.383507
63.840440	4279.629031	4.269094	-0.013264	3.385410
63.953686	4284.689333	4.274099	-0.013292	3.387381
63.943429	4290.015919	4.279104	-0.013290	3.389441
64.035029	4295.032154	4.284109	-0.013312	3.391390
63.927843	4299.980225	4.289114	-0.013287	3.393292
64.171182	4304.811375	4.294118	-0.013346	3.395182
64.082525	4309.904986	4.299123	-0.013325	3.397140
64.128897	4314.990437	4.304128	-0.013337	3.399107
64.236464	4320.045393	4.309133	-0.013363	3.401067
64.282050	4324.983014	4.314138	-0.013374	3.402974
64.399854	4329.819044	4.319142	-0.013403	3.404849
64.369786	4334.886154	4.324147	-0.013396	3.406797
64.448880	4340.276516	4.329152	-0.013416	3.408879
64.492791	4345.375421	4.334157	-0.013427	3.410843
64.491650	4350.344928	4.339162	-0.013427	3.412753
64.610113	4355.160732	4.344166	-0.013456	3.414615
64.585425	4360.206010	4.349171	-0.013451	3.416549
64.870444	4365.259189	4.354176	-0.013519	3.418516
64.882752	4370.299217	4.359181	-0.013523	3.420449
64.745085	4375.337836	4.364186	-0.013491	3.422367
64.763686	4380.168307	4.369190	-0.013496	3.424219
64.833094	4385.213664	4.374195	-0.013513	3.426157
64.839166	4390.445315	4.379200	-0.013515	3.428159
64.885868	4395.584778	4.384205	-0.013526	3.430129
65.036561	4400.579908	4.389210	-0.013563	3.432052
65.067442	4405.400560	4.394214	-0.013571	3.433896
65.129014	4410.394394	4.399219	-0.013586	3.435809
65.101439	4415.512640	4.404224	-0.013580	3.437759
65.293345	4420.551244	4.409229	-0.013627	3.439698
65.140680	4425.652003	4.414234	-0.013591	3.441627
65.307051	4430.457670	4.419238	-0.013631	3.443474
65.345293	4435.418113	4.424243	-0.013641	3.445366
65.458060	4440.594795	4.429248	-0.013668	3.447346
65.385991	4445.965679	4.434253	-0.013651	3.449381
65.469701	4451.010325	4.439258	-0.013672	3.451306
65.538096	4455.882424	4.444262	-0.013689	3.453163
65.530869	4460.797606	4.449267	-0.013688	3.455028
65.713619	4465.730184	4.454272	-0.013732	3.456917
65.617876	4470.836071	4.459277	-0.013710	3.458844
65.789551	4475.841270	4.464282	-0.013751	3.460757
65.710594	4480.805100	4.469286	-0.013733	3.462630
65.850930	4485.637310	4.474291	-0.013767	3.464472
65.884625	4490.695365	4.479296	-0.013775	3.466389
65.949827	4495.963060	4.484301	-0.013792	3.468387
66.044751	4501.050350	4.489306	-0.013815	3.470319
66.041654	4506.065031	4.494310	-0.013815	3.472213
66.060008	4510.870261	4.499315	-0.013820	3.474028
66.005359	4515.960320	4.504320	-0.013807	3.475944
66.040259	4521.047320	4.509325	-0.013816	3.477865
66.249659	4526.028049	4.514330	-0.013867	3.479762
66.243048	4531.112825	4.519334	-0.013866	3.481677
66.211862	4535.878878	4.524339	-0.013859	3.483468
66.159281	4541.007927	4.529344	-0.013847	3.485393
66.269257	4546.158185	4.534349	-0.013873	3.487341
66.465122	4551.425383	4.539354	-0.013921	3.489339
66.580736	4556.474587	4.544358	-0.013949	3.491246
66.574390	4561.308272	4.549363	-0.013948	3.493061
66.543908	4566.293619	4.554368	-0.013941	3.494928
66.664687	4571.307262	4.559373	-0.013971	3.496820
66.617343	4576.417137	4.564378	-0.013960	3.498731
66.604249	4581.495430	4.569382	-0.013957	3.500632
66.718622	4586.384673	4.574387	-0.013985	3.502474
66.709920	4591.303756	4.579392	-0.013984	3.504314
66.764536	4596.337448	4.584397	-0.013997	3.506202
66.803500	4601.644245	4.589402	-0.014007	3.508189
66.921818	4606.705368	4.594406	-0.014036	3.510091
66.930225	4611.698668	4.599411	-0.014039	3.511956
66.996874	4616.527078	4.604416	-0.014055	3.513765
66.954226	4621.583462	4.609421	-0.014045	3.515647
67.040439	4626.663432	4.614426	-0.014067	3.517549
67.088252	4631.704556	4.619430	-0.014078	3.519432
67.095741	4636.799449	4.624435	-0.014081	3.521330
67.183167	4641.572804	4.629440	-0.014102	3.523115
67.181332	4646.595603	4.634445	-0.014102	3.524983
67.272254	4651.782953	4.639450	-0.014125	3.526921
67.256194	4657.148308	4.644454	-0.014121	3.528913
67.383150	4662.135034	4.649459	-0.014152	3.530777
67.380791	4667.051980	4.654464	-0.014152	3.532602
67.578617	4671.917140	4.659469	-0.014200	3.534425
67.529012	4677.001552	4.664474	-0.014189	3.536306
67.494510	4682.095046	4.669478	-0.014181	3.538191
67.623586	4687.105521	4.674483	-0.014212	3.540059
67.687933	4692.061210	4.679488	-0.014228	3.541900
67.638087	4696.927701	4.684493	-0.014217	3.543696
67.806699	4701.911907	4.689498	-0.014258	3.545555
67.720792	4707.220550	4.694502	-0.014238	3.547509
67.800495	4712.314843	4.699507	-0.014257	3.549399
67.746466	4717.426877	4.704512	-0.014245	3.551282
67.770597	4722.162022	4.709517	-0.014251	3.553032
67.841181	4727.197128	4.714522	-0.014269	3.554896
68.096732	4732.228635	4.719526	-0.014330	3.556774
68.053302	4737.326651	4.724531	-0.014321	3.558648
68.163961	4742.358327	4.729536	-0.014348	3.560512
68.116340	4747.251476	4.734541	-0.014337	3.562309
68.140700	4752.175345	4.739546	-0.014343	3.564123
68.371730	4757.214378	4.744550	-0.014399	3.565996
68.369257	4762.649530	4.749555	-0.014399	3.567994
68.281070	4767.740493	4.754560	-0.014378	3.569856
68.321926	4772.721860	4.759565	-0.014389	3.571689
68.312854	4777.512861	4.764570	-0.014387	3.573446
68.444906	4782.580959	4.769574	-0.014419	3.575317
68.453152	4787.614555	4.774579	-0.014422	3.577163
68.572131	4792.632379	4.779584	-0.014451	3.579012
68.559260	4797.714700	4.784589	-0.014448	3.580872
68.709113	4802.517016	4.789594	-0.014484	3.582643
68.729231	4807.526509	4.794598	-0.014490	3.584478
68.743616	4812.644159	4.799603	-0.014494	3.586350
68.804954	4817.926581	4.804608	-0.014509	3.588286
68.909786	4822.956828	4.809613	-0.014535	3.590133
68.958758	4827.854381	4.814618	-0.014547	3.591925
69.051004	4832.742222	4.819622	-0.014569	3.593717
68.957068	4837.844506	4.824627	-0.014548	3.595570
69.211136	4842.873887	4.829632	-0.014609	3.597425
69.088982	4847.934220	4.834637	-0.014580	3.599258
69.052754	4853.038955	4.839642	-0.014572	3.601114
69.156304	4857.770252	4.844646	-0.014597	3.602845
69.194731	4862.793397	4.849651	-0.014607	3.604676
69.442220	4867.999789	4.854656	-0.014667	3.606591
69.535682	4873.270191	4.859661	-0.014690	3.608514
69.419250	4878.394467	4.864666	-0.014662	3.610365
69.458013	4883.265509	4.869670	-0.014672	3.612137
69.469743	4888.157502	4.874675	-0.014676	3.613913
69.485085	4893.249084	4.879680	-0.014680	3.615761
69.554513	4898.332015	4.884685	-0.014697	3.617609
69.710033	4903.327958	4.889690	-0.014735	3.619433
69.678906	4908.373826	4.894694	-0.014728	3.621257
69.700685	4913.147247	4.899699	-0.014733	3.622987
69.720649	4918.193584	4.904704	-0.014739	3.624814
69.669977	4923.416575	4.909709	-0.014727	3.626698
69.909948	4928.565809	4.914714	-0.014785	3.628580
69.915931	4933.648396	4.919718	-0.014787	3.630416
69.997828	4938.431693	4.924723	-0.014807	3.632150
69.996543	4943.318522	4.929728	-0.014807	3.633914
70.102655	4948.331010	4.934733	-0.014833	3.635731
70.030961	4953.439580	4.939738	-0.014817	3.637566
70.071138	4958.545693	4.944742	-0.014827	3.639409
70.145948	4963.464918	4.949747	-0.014845	3.641187
70.080614	4968.292423	4.954752	-0.014830	3.642919
70.278134	4973.343460	4.959757	-0.014878	3.644754
70.306505	4978.647526	4.964762	-0.014885	3.646663
70.312198	4983.865064	4.969766	-0.014887	3.648539
70.541781	4988.866908	4.974771	-0.014943	3.650355
70.404564	4993.730565	4.979776	-0.014910	3.652090
70.514225	4998.658836	4.984781	-0.014937	3.653868
70.573429	5003.746911	4.989786	-0.014952	3.655698
70.595980	5008.853217	4.994790	-0.014958	3.657531
70.500660	5013.927274	4.999795	-0.014936	3.659341
70.668696	5018.893481	5.004800	-0.014976	3.661134
70.774087	5023.674631	5.009805	-0.015002	3.662854
70.827332	5028.741829	5.014810	-0.015015	3.664672
70.879839	5033.973280	5.019814	-0.015028	3.666547
70.859998	5039.127548	5.024819	-0.015024	3.668388
70.927533	5044.198205	5.029824	-0.015041	3.670205
71.015913	5049.004129	5.034829	-0.015063	3.671929
71.010224	5053.958770	5.039834	-0.015062	3.673697
71.019343	5059.074243	5.044838	-0.015065	3.675523
71.092172	5064.104561	5.049843	-0.015082	3.677323
70.999805	5069.226214	5.054848	-0.015061	3.679140
71.184975	5074.165824	5.059853	-0.015106	3.680915
71.096331	5078.979338	5.064858	-0.015085	3.682622
71.103441	5084.078777	5.069862	-0.015087	3.684437
71.257282	5089.335014	5.074867	-0.015125	3.686320
71.382409	5094.576146	5.079872	-0.015155	3.688194
71.425516	5099.617776	5.084877	-0.015166	3.689989
71.417583	5104.454040	5.089882	-0.015165	3.691706
71.394927	5109.389243	5.094886	-0.015160	3.693456
71.428439	5114.464110	5.099891	-0.015168	3.695260
71.439356	5119.567009	5.104896	-0.015171	3.697071
71.482153	5124.570695	5.109901	-0.015182	3.698848
71.653567	5129.544081	5.114906	-0.015224	3.700624
71.712164	5134.346128	5.119910	-0.015238	3.702330
71.675224	5139.409149	5.124915	-0.015230	3.704119
71.776273	5144.608320	5.129920	-0.015255	3.705967
71.779744	5149.822294	5.134925	-0.015256	3.707811
71.913063	5154.862811	5.139930	-0.015289	3.709604
71.995584	5159.708166	5.144934	-0.015309	3.711323
71.860240	5164.669326	5.149939	-0.015277	3.713063
71.968171	5169.699112	5.154944	-0.015303	3.714848
71.947209	5174.817108	5.159949	-0.015299	3.716651
72.001887	5179.832321	5.164954	-0.015312	3.718424
72.084012	5184.891414	5.169958	-0.015333	3.720214
72.023830	5189.645631	5.174963	-0.015319	3.721884
72.134015	5194.711830	5.179968	-0.015346	3.723677
72.179060	5199.836437	5.184973	-0.015357	3.725485
72.052020	5205.242240	5.189978	-0.015327	3.727376
72.273747	5210.295489	5.194982	-0.015381	3.729171
72.331838	5215.167888	5.199987	-0.015395	3.730888
72.466511	5219.991938	5.204992	-0.015428	3.732593
72.494178	5225.091134	5.209997	-0.015435	3.734386
72.525534	5230.165243	5.215002	-0.015443	3.736169
72.575171	5235.175245	5.220006	-0.015456	3.737931
72.570275	5240.257223	5.225011	-0.015455	3.739712
72.647735	5245.076674	5.230016	-0.015474	3.741407
72.689085	5250.009189	5.235021	-0.015484	3.743139
72.691337	5255.088584	5.240026	-0.015485	3.744917
72.710651	5260.501099	5.245030	-0.015491	3.746813
72.706092	5265.512058	5.250035	-0.015490	3.748565
72.939895	5270.469626	5.255040	-0.015547	3.750317
72.880547	5275.297726	5.260045	-0.015533	3.752000
72.793835	5280.364918	5.265050	-0.015513	3.753763
73.039342	5285.379625	5.270054	-0.015572	3.755533
73.075134	5290.486092	5.275059	-0.015581	3.757318
73.086710	5295.553102	5.280064	-0.015584	3.759086
73.116254	5300.426698	5.285069	-0.015592	3.760788
73.042396	5305.392517	5.290074	-0.015575	3.762512
73.030402	5310.441451	5.295078	-0.015572	3.764270
73.148800	5315.795678	5.300083	-0.015601	3.766144
73.083360	5321.029535	5.305088	-0.015586	3.767960
73.276978	5326.036983	5.310093	-0.015633	3.769717
73.259235	5330.806784	5.315098	-0.015629	3.771374
73.317104	5335.841789	5.320102	-0.015644	3.773128
73.458896	5340.833936	5.325107	-0.015678	3.774873
73.394943	5345.952720	5.330112	-0.015663	3.776645
73.416614	5351.018372	5.335117	-0.015669	3.778405
73.517569	5355.971999	5.340122	-0.015694	3.780131
73.574221	5360.780382	5.345126	-0.015708	3.781802
73.641558	5365.831789	5.350131	-0.015725	3.783558
73.633784	5370.986490	5.355136	-0.015723	3.785343
73.665156	5376.245673	5.360141	-0.015731	3.787166
73.791601	5381.272836	5.365146	-0.015762	3.788916
73.781525	5386.199732	5.370150	-0.015760	3.790619
73.855201	5391.057454	5.375155	-0.015778	3.792304
73.710917	5396.128525	5.380160	-0.015744	3.794046
73.768059	5401.258398	5.385165	-0.015759	3.795822
73.958342	5406.231205	5.390170	-0.015805	3.797554
73.968916	5411.342033	5.395174	-0.015808	3.799318
74.013923	5416.151412	5.400179	-0.015819	3.800981
74.142124	5421.068192	5.405184	-0.015850	3.802686
74.216114	5426.171636	5.410189	-0.015868	3.804451
74.212344	5431.612332	5.415194	-0.015868	3.806324
74.402768	5436.659972	5.420198	-0.015914	3.808077
74.291841	5441.752543	5.425203	-0.015888	3.809821
74.437422	5446.420121	5.430208	-0.015924	3.811438
74.366619	5451.566231	5.435213	-0.015907	3.813202
74.552370	5456.571543	5.440218	-0.015952	3.814937
74.407552	5461.671736	5.445222	-0.015918	3.816677
74.602398	5466.715129	5.450227	-0.015965	3.818424
74.458356	5471.656879	5.455232	-0.015931	3.820109
74.592512	5476.508255	5.460237	-0.015964	3.821784
74.663464	5481.539913	5.465242	-0.015981	3.823515
74.552864	5486.835991	5.470246	-0.015956	3.825321
74.661533	5491.974180	5.475251	-0.015982	3.827090
74.851312	5497.030957	5.480256	-0.016028	3.828836
75.036540	5501.759027	5.485261	-0.016073	3.830468
74.815330	5506.682335	5.490266	-0.016020	3.832136
74.852479	5511.732572	5.495270	-0.016030	3.833866
74.841145	5516.859888	5.500275	-0.016028	3.835618
74.998847	5521.855825	5.505280	-0.016066	3.837337
75.029122	5526.948335	5.510285	-0.016074	3.839078
75.054883	5531.770645	5.515290	-0.016080	3.840726
75.093204	5536.741413	5.520294	-0.016090	3.842425
75.070890	5541.826789	5.525299	-0.016085	3.844158
75.335546	5547.184004	5.530304	-0.016149	3.846004
75.326985	5552.278411	5.535309	-0.016148	3.847739
75.388033	5557.253276	5.540314	-0.016163	3.849438
75.437231	5562.063295	5.545318	-0.016175	3.851080
75.439479	5567.018874	5.550323	-0.016176	3.852766
75.522363	5572.131327	5.555328	-0.016197	3.854511
75.491972	5577.205121	5.560333	-0.016190	3.856234
75.529298	5582.260646	5.565338	-0.016199	3.857955
75.657261	5587.189879	5.570342	-0.016230	3.859639
75.542082	5592.013277	5.575347	-0.016203	3.861268
75.607336	5597.106059	5.580352	-0.016220	3.863001
75.660205	5602.255442	5.585357	-0.016233	3.864752
75.775204	5607.471729	5.590362	-0.016261	3.866529
75.739547	5612.608561	5.595366	-0.016253	3.868268
75.836179	5617.421672	5.600371	-0.016276	3.869906
75.833279	5622.308611	5.605376	-0.016276	3.871560
75.905236	5627.356423	5.610381	-0.016294	3.873274
75.962244	5632.439326	5.615386	-0.016308	3.874998
75.965787	5637.498426	5.620390	-0.016310	3.876709
76.024294	5642.546742	5.625395	-0.016324	3.878420
76.245428	5647.403501	5.630400	-0.016378	3.880078
76.083859	5652.340061	5.635405	-0.016339	3.881733
76.065805	5657.365543	5.640410	-0.016336	3.883428
76.180568	5662.789753	5.645414	-0.016364	3.885267
76.221949	5667.926212	5.650419	-0.016374	3.887003
76.454099	5672.971283	5.655424	-0.016430	3.888721
76.334481	5677.770487	5.660429	-0.016402	3.890329
76.458970	5682.708222	5.665434	-0.016432	3.892002
76.474700	5687.778585	5.670438	-0.016437	3.893710
76.444782	5692.938176	5.675443	-0.016430	3.895444
76.620158	5697.894590	5.680448	-0.016473	3.897124
76.543445	5703.010427	5.685453	-0.016455	3.898839
76.657109	5707.761747	5.690458	-0.016482	3.900444
76.705522	5712.759807	5.695462	-0.016495	3.902127
76.711105	5717.782399	5.700467	-0.016496	3.903814
76.809042	5723.175903	5.705472	-0.016520	3.905632
76.731941	5728.274079	5.710477	-0.016503	3.907337
76.791972	5733.258014	5.715482	-0.016517	3.909013
76.730381	5738.067492	5.720486	-0.016503	3.910621
76.973774	5743.009263	5.725491	-0.016562	3.912294
76.922445	5748.163632	5.730496	-0.016550	3.914017
77.010098	5753.201472	5.735501	-0.016572	3.915710
77.103563	5758.255192	5.740506	-0.016595	3.917408
77.079826	5763.277738	5.745510	-0.016590	3.919087
77.085428	5768.047648	5.750515	-0.016591	3.920682
77.262798	5773.085952	5.755520	-0.016634	3.922379
77.223196	5778.237019	5.760525	-0.016625	3.924097
77.176798	5783.745282	5.765530	-0.016615	3.925933
77.240722	5788.821541	5.770534	-0.016631	3.927632
77.322715	5793.776314	5.775539	-0.016651	3.929291
77.419875	5798.478993	5.780544	-0.016675	3.930866
77.410828	5803.561526	5.785549	-0.016673	3.932560
77.489097	5808.611488	5.790554	-0.016692	3.934248
77.426845	5813.736114	5.795558	-0.016678	3.935951
77.411620	5818.816229	5.800563	-0.016675	3.937641
77.766698	5823.674326	5.805568	-0.016760	3.939283
77.678516	5828.510685	5.810573	-0.016740	3.940886
77.814077	5833.556333	5.815578	-0.016773	3.942573
77.742388	5838.751118	5.820582	-0.016756	3.944295
77.736031	5844.011197	5.825587	-0.016755	3.946042
77.746655	5849.089410	5.830592	-0.016758	3.947729
77.851607	5853.973654	5.835597	-0.016784	3.949357
77.765689	5858.823670	5.840602	-0.016764	3.950961
77.965512	5863.863007	5.845606	-0.016812	3.952646
77.840748	5868.957067	5.850611	-0.016783	3.954326
78.058864	5873.979924	5.855616	-0.016836	3.956006
78.083981	5879.047182	5.860621	-0.016842	3.957686
78.081830	5883.936627	5.865626	-0.016842	3.959305
78.043192	5888.831142	5.870630	-0.016833	3.960922
78.147517	5893.884985	5.875635	-0.016859	3.962602
78.323909	5899.157008	5.880640	-0.016902	3.964357
78.310672	5904.408531	5.885645	-0.016899	3.966092
78.362575	5909.461338	5.890650	-0.016912	3.967765
78.286631	5914.410173	5.895654	-0.016894	3.969394
78.390103	5919.231110	5.900659	-0.016920	3.970993
78.550589	5924.280381	5.905664	-0.016959	3.972671
78.373714	5929.426207	5.910669	-0.016917	3.974356
78.416414	5934.446099	5.915674	-0.016928	3.976014
78.477412	5939.553288	5.920678	-0.016943	3.977701
78.548543	5944.397946	5.925683	-0.016960	3.979302
78.671906	5949.265757	5.930688	-0.016990	3.980914
78.680042	5954.343071	5.935693	-0.016993	3.982586
78.600701	5959.570104	5.940698	-0.016974	3.984300
78.666035	5964.803904	5.945702	-0.016991	3.986026
78.776442	5969.811042	5.950707	-0.017017	3.987679
78.889282	5974.674387	5.955712	-0.017045	3.989285
78.835257	5979.620573	5.960717	-0.017033	3.990906
78.731497	5984.650568	5.965722	-0.017008	3.992551
78.965462	5989.715137	5.970726	-0.017065	3.994229
78.935301	5994.803278	5.975731	-0.017058	3.995896
78.928617	5999.860022	5.980736	-0.017057	3.997554
79.023300	6004.748928	5.985741	-0.017080	3.999163
79.048180	6009.655459	5.990746	-0.017087	4.000772
79.101296	6014.728707	5.995750	-0.017100	4.002438
79.181469	6019.989174	6.000755	-0.017120	4.004165
79.243414	6025.305388	6.005760	-0.017135	4.005909
79.104243	6030.360609	6.010765	-0.017102	4.007553
79.430884	6035.145489	6.015770	-0.017181	4.009140
79.309032	6040.083609	6.020774	-0.017152	4.010746
79.399181	6045.127453	6.025779	-0.017174	4.012400
79.402768	6050.209680	6.030784	-0.017176	4.014060
79.531805	6055.231443	6.035789	-0.017207	4.015708
79.560201	6060.281118	6.040794	-0.017215	4.017358
79.467159	6065.223230	6.045798	-0.017193	4.018963
79.465535	6070.067765	6.050803	-0.017193	4.020543
79.593096	6075.164181	6.055808	-0.017224	4.022213
79.637830	6080.355740	6.060813	-0.017235	4.023907
79.652285	6085.529913	6.065818	-0.017239	4.025593
79.769084	6090.592870	6.070822	-0.017268	4.027249
79.903294	6095.518046	6.075827	-0.017300	4.028860
79.939468	6100.352313	6.080832	-0.017310	4.030435
79.820755	6105.396414	6.085837	-0.017282	4.032067
79.971747	6110.463426	6.090842	-0.017318	4.033724
79.924089	6115.582418	6.095846	-0.017308	4.035383
80.073267	6120.580967	6.100851	-0.017344	4.037016
80.070259	6125.537102	6.105856	-0.017344	4.038625
80.066183	6130.397261	6.110861	-0.017343	4.040202
79.959961	6135.494193	6.115866	-0.017318	4.041847
80.069896	6140.680453	6.120870	-0.017345	4.043536
80.166543	6145.989231	6.125875	-0.017369	4.045263
80.144478	6151.092473	6.130880	-0.017364	4.046914
80.318323	6155.898910	6.135885	-0.017406	4.048482
80.323805	6160.683122	6.140890	-0.017408	4.050031
80.418489	6165.702703	6.145894	-0.017431	4.051661
80.400616	6170.769720	6.150899	-0.017427	4.053299
80.546384	6175.865003	6.155904	-0.017463	4.054956
80.468235	6180.942743	6.160909	-0.017445	4.056591
80.407796	6185.923157	6.165914	-0.017431	4.058196
80.549848	6190.657943	6.170918	-0.017465	4.059734
80.450825	6195.756545	6.175923	-0.017442	4.061373
80.565474	6200.860781	6.180928	-0.017470	4.063028
80.697929	6206.164899	6.185933	-0.017502	4.064747
80.704565	6211.161898	6.190938	-0.017504	4.066358
80.718838	6216.279486	6.195942	-0.017508	4.068008
80.688537	6221.017572	6.200947	-0.017502	4.069532
80.827726	6226.034100	6.205952	-0.017536	4.071157
80.771775	6231.113882	6.210957	-0.017523	4.072788
80.953048	6236.209380	6.215962	-0.017567	4.074439
80.945663	6241.260040	6.220966	-0.017565	4.076063
80.986911	6246.327082	6.225971	-0.017576	4.077695
80.990611	6251.033564	6.230976	-0.017577	4.079207
81.077394	6256.048605	6.235981	-0.017598	4.080824
81.001667	6261.174585	6.240986	-0.017581	4.082465
81.214741	6266.655449	6.245990	-0.017632	4.084238
81.155816	6271.755034	6.250995	-0.017619	4.085870
81.168413	6276.818746	6.256000	-0.017622	4.087495
81.383125	6281.563893	6.261005	-0.017674	4.089030
81.276730	6286.538742	6.266010	-0.017649	4.090617
81.343840	6291.632413	6.271014	-0.017666	4.092253
81.321714	6296.737436	6.276019	-0.017661	4.093886
81.375742	6301.712975	6.281024	-0.017675	4.095482
81.439361	6306.800779	6.286029	-0.017690	4.097114
81.483204	6311.648567	6.291034	-0.017701	4.098667
81.506246	6316.598136	6.296038	-0.017708	4.100251
81.510370	6321.623800	6.301043	-0.017709	4.101857
81.559327	6326.896564	6.306048	-0.017721	4.103544
81.533638	6332.051597	6.311053	-0.017716	4.105189
81.619467	6337.152963	6.316058	-0.017737	4.106823
81.719621	6342.021540	6.321062	-0.017761	4.108382
81.696704	6346.873675	6.326067	-0.017756	4.109928
81.821119	6351.887055	6.331072	-0.017787	4.111535
81.737366	6357.033422	6.336077	-0.017767	4.113169
81.929959	6362.040070	6.341082	-0.017814	4.114776
82.034553	6367.133080	6.346086	-0.017839	4.116405
82.104734	6372.069244	6.351091	-0.017857	4.117981
81.900603	6376.889545	6.356096	-0.017808	4.119501
82.019143	6381.923821	6.361101	-0.017837	4.121110
82.080192	6387.084556	6.366106	-0.017852	4.122755
82.153987	6392.564167	6.371110	-0.017871	4.124501
82.296304	6397.574359	6.376115	-0.017905	4.126102
82.151927	6402.613296	6.381120	-0.017871	4.127693
82.128873	6407.378088	6.386125	-0.017866	4.129204
82.061016	6412.410396	6.391130	-0.017850	4.130796
82.100980	6417.459565	6.396134	-0.017861	4.132400
82.320289	6422.568563	6.401139	-0.017914	4.134034
82.327654	6427.597686	6.406144	-0.017916	4.135628
82.384112	6432.679114	6.411149	-0.017930	4.137242
82.409814	6437.411718	6.416154	-0.017937	4.138742
82.529272	6442.429260	6.421158	-0.017966	4.140338
82.526747	6447.475944	6.426163	-0.017966	4.141935
82.610356	6452.789821	6.431168	-0.017986	4.143621
82.652389	6457.876128	6.436173	-0.017997	4.145232
82.680867	6462.974027	6.441178	-0.018004	4.146845
82.769494	6467.755641	6.446182	-0.018026	4.148362
82.743162	6472.655690	6.451187	-0.018020	4.149908
82.752945	6477.785813	6.456192	-0.018023	4.151528
82.778961	6482.897916	6.461197	-0.018030	4.153143
82.810770	6487.920800	6.466202	-0.018038	4.154730
82.859901	6493.023395	6.471206	-0.018050	4.156342
82.877644	6497.925160	6.476211	-0.018055	4.157888
82.789540	6502.789154	6.481216	-0.018034	4.159415
82.936252	6507.899145	6.486221	-0.018070	4.161034
83.020320	6513.061183	6.491226	-0.018091	4.162665
83.004174	6518.472163	6.496230	-0.018087	4.164367
83.143271	6523.491601	6.501235	-0.018121	4.165955
83.275283	6528.466733	6.506240	-0.018153	4.167528
83.166716	6533.192006	6.511245	-0.018128	4.169007
83.074567	6538.282340	6.516250	-0.018106	4.170601
83.273020	6543.350473	6.521254	-0.018154	4.172205
83.272307	6548.423810	6.526259	-0.018155	4.173798
83.209202	6553.540134	6.531264	-0.018140	4.175400
83.285189	6558.563546	6.536269	-0.018159	4.176981
83.359560	6563.280596	6.541274	-0.018177	4.178466
83.446860	6568.270684	6.546278	-0.018199	4.180036
83.575577	6573.268546	6.551283	-0.018230	4.181610
83.561796	6578.666859	6.556288	-0.018227	4.183301
83.573179	6583.765331	6.561293	-0.018231	4.184898
83.516263	6588.797259	6.566298	-0.018217	4.186470
83.608371	6593.667373	6.571302	-0.018240	4.188000
83.695391	6598.574223	6.576307	-0.018261	4.189540
83.779544	6603.620261	6.581312	-0.018282	4.191123
83.695708	6608.721820	6.586317	-0.018262	4.192713
83.723434	6613.774666	6.591322	-0.018270	4.194294
83.693034	6618.877681	6.596326	-0.018263	4.195886
83.766083	6623.822581	6.601331	-0.018281	4.197435
83.877051	6628.603930	6.606336	-0.018308	4.198934
83.880761	6633.685980	6.611341	-0.018309	4.200520
83.981669	6638.760174	6.616346	-0.018334	4.202109
83.955140	6644.266560	6.621350	-0.018328	4.203824
84.199623	6649.280016	6.626355	-0.018387	4.205401
84.209538	6654.357720	6.631360	-0.018390	4.206984
84.272386	6659.043111	6.636365	-0.018406	4.208447
84.072583	6664.106725	6.641370	-0.018359	4.210011
84.225222	6669.138432	6.646374	-0.018396	4.211586
84.299246	6674.213293	6.651379	-0.018414	4.213169
84.407361	6679.278514	6.656384	-0.018440	4.214751
84.196672	6684.360699	6.661389	-0.018390	4.216318
84.237270	6689.215587	6.666394	-0.018401	4.217829
84.484838	6694.090836	6.671398	-0.018460	4.219358
84.444413	6699.148841	6.676403	-0.018451	4.220926
84.482821	6704.387776	6.681408	-0.018461	4.222555
84.605551	6709.578388	6.686413	-0.018491	4.224173
84.520450	6714.648688	6.691418	-0.018471	4.225740
84.516475	6719.646919	6.696422	-0.018471	4.227290
84.695331	6724.372273	6.701427	-0.018514	4.228765
84.597217	6729.447506	6.706432	-0.018491	4.230331
84.741081	6734.531873	6.711437	-0.018526	4.231915
84.627359	6739.596680	6.716442	-0.018499	4.233476
84.821844	6744.670205	6.721446	-0.018546	4.235058
84.917636	6749.701892	6.726451	-0.018570	4.236620
84.812578	6754.486897	6.731456	-0.018545	4.238093
84.732515	6759.535448	6.736461	-0.018527	4.239649
84.914942	6764.526881	6.741466	-0.018571	4.241203
85.055133	6770.027593	6.746470	-0.018605	4.242910
85.113812	6775.164773	6.751475	-0.018619	4.244500
85.018088	6780.243119	6.756480	-0.018597	4.246062
84.990002	6785.178932	6.761485	-0.018591	4.247583
85.034113	6789.949976	6.766490	-0.018602	4.249057
85.171751	6795.038190	6.771494	-0.018635	4.250634
85.295772	6800.089377	6.776499	-0.018666	4.252198
85.319889	6805.160315	6.781504	-0.018672	4.253762
85.246359	6810.269801	6.786509	-0.018655	4.255332
85.319060	6815.218683	6.791514	-0.018673	4.256859
85.355571	6819.984428	6.796518	-0.018682	4.258328
85.478494	6825.007563	6.801523	-0.018712	4.259881
85.355741	6830.095042	6.806528	-0.018683	4.261438
85.472229	6835.529390	6.811533	-0.018712	4.263116
85.477423	6840.538725	6.816538	-0.018713	4.264656
85.422627	6845.643468	6.821542	-0.018701	4.266221
85.576585	6850.392635	6.826547	-0.018738	4.267688
85.491482	6855.332744	6.831552	-0.018718	4.269200
85.649691	6860.390780	6.836557	-0.018757	4.270761
85.678118	6865.471962	6.841562	-0.018764	4.272321
85.922070	6870.502474	6.846566	-0.018823	4.273878
85.723439	6875.601336	6.851571	-0.018776	4.275430
85.742080	6880.552361	6.856576	-0.018781	4.276948
85.821620	6885.356165	6.861581	-0.018801	4.278424
85.734711	6890.436420	6.866586	-0.018780	4.279975
85.868188	6895.545756	6.871590	-0.018813	4.281546
86.002659	6901.059934	6.876595	-0.018846	4.283241
86.060285	6906.070998	6.881600	-0.018860	4.284777
85.917328	6911.139565	6.886605	-0.018826	4.286319
86.122101	6915.838797	6.891610	-0.018876	4.287767
86.058700	6920.835782	6.896614	-0.018861	4.289290
86.151007	6925.894569	6.901619	-0.018884	4.290841
86.246727	6930.996515	6.906624	-0.018907	4.292404
86.297637	6935.910176	6.911629	-0.018920	4.293906
86.215059	6940.964920	6.916634	-0.018901	4.295444
86.386593	6945.894567	6.921638	-0.018942	4.296957
86.406481	6950.683013	6.926643	-0.018948	4.298418
86.423195	6955.823043	6.931648	-0.018952	4.299986
86.342107	6960.906143	6.936653	-0.018933	4.301530
86.441094	6966.199784	6.941658	-0.018957	4.303148
86.614420	6971.274560	6.946662	-0.018999	4.304703
86.552640	6976.340161	6.951667	-0.018985	4.306241
86.707435	6981.051555	6.956672	-0.019023	4.307683
86.585534	6986.119392	6.961677	-0.018994	4.309217
86.636506	6991.131537	6.966682	-0.019007	4.310744
86.817862	6996.260234	6.971686	-0.019051	4.312313
86.755777	7001.287534	6.976691	-0.019036	4.313837
86.762514	7006.406787	6.981696	-0.019039	4.315392
86.843746	7011.300290	6.986701	-0.019059	4.316882
86.904362	7016.083017	6.991706	-0.019074	4.318337
86.982466	7021.203839	6.996710	-0.019093	4.319895
86.877605	7026.369262	7.001715	-0.019068	4.321455
86.932811	7031.784348	7.006720	-0.019082	4.323100
86.959851	7036.867644	7.011725	-0.019089	4.324642
87.168427	7041.909331	7.016730	-0.019139	4.326181
87.164707	7046.568817	7.021734	-0.019139	4.327592
87.177406	7051.598166	7.026739	-0.019143	4.329115
87.203739	7056.657763	7.031744	-0.019150	4.330647
87.092238	7061.829911	7.036749	-0.019123	4.332206
87.201368	7066.823341	7.041754	-0.019150	4.333722
87.236070	7071.891987	7.046758	-0.019159	4.335256
87.254202	7076.789782	7.051763	-0.019164	4.336737
87.272087	7081.627281	7.056768	-0.019169	4.338199
87.276169	7086.727426	7.061773	-0.019170	4.339740
87.294259	7091.799952	7.066778	-0.019175	4.341272
87.427282	7097.161839	7.071782	-0.019207	4.342897
87.418390	7102.239858	7.076787	-0.019206	4.344429
87.497597	7107.251969	7.081792	-0.019225	4.345945
87.505268	7112.012554	7.086797	-0.019228	4.347380
87.612874	7116.988793	7.091802	-0.019254	4.348885
87.755960	7122.085822	7.096806	-0.019289	4.350429
87.696057	7127.149730	7.101811	-0.019275	4.351950
87.706856	7132.188138	7.106816	-0.019278	4.353468
87.806503	7137.285999	7.111821	-0.019302	4.355007
87.822610	7142.171305	7.116826	-0.019307	4.356478
87.774704	7146.977350	7.121830	-0.019296	4.357920
87.741039	7152.105461	7.126835	-0.019288	4.359460
87.742966	7157.212364	7.131840	-0.019289	4.360995
87.870204	7162.691535	7.136845	-0.019320	4.362648
87.870966	7167.773283	7.141850	-0.019321	4.364174
88.008970	7172.781279	7.146854	-0.019355	4.365684
88.009280	7177.538879	7.151859	-0.019355	4.367112
88.073481	7182.504172	7.156864	-0.019371	4.368605
88.037842	7187.618132	7.161869	-0.019363	4.370137
88.183303	7192.616146	7.166874	-0.019398	4.371643
88.275252	7197.709876	7.171878	-0.019421	4.373174
88.271841	7202.803645	7.176883	-0.019421	4.374700
88.229137	7207.739345	7.181888	-0.019411	4.376176
88.407648	7212.492357	7.186893	-0.019454	4.377608
88.288018	7217.571270	7.191898	-0.019426	4.379121
88.275450	7222.698645	7.196902	-0.019424	4.380655
88.532307	7228.014941	7.201907	-0.019486	4.382258
88.519616	7233.076053	7.206912	-0.019483	4.383770
88.635416	7238.134950	7.211917	-0.019511	4.385288
88.570663	7242.950606	7.216922	-0.019496	4.386724
88.536734	7247.866926	7.221926	-0.019489	4.388190
88.535462	7252.936001	7.226931	-0.019489	4.389703
88.756448	7258.043943	7.231936	-0.019542	4.391239
88.780814	7263.063896	7.236941	-0.019549	4.392738
88.650258	7268.158968	7.241946	-0.019518	4.394251
88.857111	7273.165907	7.246950	-0.019568	4.395754
88.844824	7277.902033	7.251955	-0.019566	4.397165
88.747004	7282.982787	7.256960	-0.019543	4.398674
88.900910	7288.075508	7.261965	-0.019580	4.400198
88.885459	7293.534392	7.266970	-0.019577	4.401823
88.978404	7298.674070	7.271974	-0.019600	4.403357
89.133201	7303.719703	7.276979	-0.019637	4.404866
89.108860	7308.662023	7.281984	-0.019632	4.406335
89.075552	7313.447909	7.286989	-0.019625	4.407756
89.015061	7318.533215	7.291994	-0.019611	4.409264
89.090903	7323.582735	7.296998	-0.019629	4.410769
89.191484	7328.659118	7.302003	-0.019654	4.412281
89.208002	7333.701471	7.307008	-0.019659	4.413779
89.219505	7338.808492	7.312013	-0.019662	4.415296
89.356678	7343.559628	7.317018	-0.019695	4.416713
89.260643	7348.572996	7.322022	-0.019673	4.418195
89.255896	7353.598451	7.327027	-0.019672	4.419684
89.429071	7358.801137	7.332032	-0.019714	4.421235
89.430303	7364.051403	7.337037	-0.019715	4.422791
89.490851	7369.129805	7.342042	-0.019730	4.424298
89.476594	7374.144899	7.347046	-0.019727	4.425783
89.598916	7378.841547	7.352051	-0.019757	4.427179
89.714114	7383.901858	7.357056	-0.019785	4.428682
89.598000	7389.019810	7.362061	-0.019758	4.430190
89.689179	7394.031795	7.367066	-0.019780	4.431677
89.721736	7399.110557	7.372070	-0.019788	4.433180
89.687166	7404.231179	7.377075	-0.019781	4.434691
89.837704	7409.061545	7.382080	-0.019817	4.436126
89.819472	7413.932145	7.387085	-0.019813	4.437563
89.731502	7419.046929	7.392090	-0.019793	4.439069
89.808182	7424.189034	7.397094	-0.019812	4.440590
89.820286	7429.637247	7.402099	-0.019815	4.442198
89.915287	7434.654922	7.407104	-0.019839	4.443682
90.123133	7439.716358	7.412109	-0.019889	4.445185
90.117451	7444.394508	7.417114	-0.019888	4.446563
90.052933	7449.442449	7.422118	-0.019873	4.448047
90.093197	7454.527110	7.427123	-0.019883	4.449547
90.001952	7459.614807	7.432128	-0.019862	4.451040
90.152099	7464.626804	7.437133	-0.019898	4.452523
90.137665	7469.721726	7.442138	-0.019896	4.454021
90.348108	7474.727918	7.447142	-0.019946	4.455504
90.331698	7479.436836	7.452147	-0.019943	4.456887
90.586528	7484.478094	7.457152	-0.020004	4.458382
90.802088	7489.487434	7.462157	-0.020057	4.459865
91.010701	7494.848404	7.467162	-0.020107	4.461450
90.940268	7499.969553	7.472166	-0.020091	4.462950
91.103393	7504.956946	7.477171	-0.020130	4.464422
91.095869	7509.926073	7.482176	-0.020129	4.465879
91.177427	7514.751824	7.487181	-0.020149	4.467299
91.031350	7519.849892	7.492186	-0.020115	4.468787
91.229436	7524.883826	7.497190	-0.020163	4.470272
91.227590	7529.960815	7.502195	-0.020163	4.471760
91.297252	7535.011403	7.507200	-0.020180	4.473243
91.211806	7540.140031	7.512205	-0.020160	4.474740
91.316728	7544.923521	7.517210	-0.020186	4.476146
91.277395	7549.839598	7.522214	-0.020177	4.477583
91.427842	7554.940836	7.527219	-0.020213	4.479082
91.372558	7560.140433	7.532224	-0.020201	4.480600
91.530906	7565.414745	7.537229	-0.020239	4.482150
91.470960	7570.450934	7.542234	-0.020225	4.483619
91.711639	7575.447832	7.547238	-0.020283	4.485091
91.800489	7580.134104	7.552243	-0.020305	4.486464
91.685449	7585.138403	7.557248	-0.020278	4.487919
91.838034	7590.213875	7.562253	-0.020315	4.489408
91.733058	7595.323542	7.567258	-0.020291	4.490894
91.952818	7600.405112	7.572262	-0.020344	4.492387
91.898212	7605.454031	7.577267	-0.020331	4.493856
91.834961	7610.357126	7.582272	-0.020317	4.495282
91.925670	7615.169602	7.587277	-0.020339	4.496689
91.896081	7620.236298	7.592282	-0.020332	4.498164
91.984448	7625.239939	7.597286	-0.020354	4.499625
91.936616	7630.648717	7.602291	-0.020343	4.501197
91.965360	7635.761197	7.607296	-0.020350	4.502687
92.140297	7640.871452	7.612301	-0.020393	4.504182
92.259786	7645.700628	7.617306	-0.020422	4.505592
92.220612	7650.494338	7.622310	-0.020413	4.506984
92.195385	7655.603071	7.627315	-0.020408	4.508467
92.258833	7660.633213	7.632320	-0.020423	4.509932
92.374490	7665.727316	7.637325	-0.020452	4.511417
92.327257	7670.773745	7.642330	-0.020441	4.512880
92.315916	7675.854587	7.647334	-0.020439	4.514354
92.399706	7680.651250	7.652339	-0.020459	4.515750
92.358022	7685.551958	7.657344	-0.020450	4.517170
92.470181	7690.648476	7.662349	-0.020477	4.518653
92.462563	7695.862323	7.667354	-0.020476	4.520164
92.550520	7701.314316	7.672358	-0.020497	4.521748
92.558266	7706.369683	7.677363	-0.020500	4.523213
92.662203	7711.407635	7.682368	-0.020525	4.524677
92.627287	7716.116287	7.687373	-0.020517	4.526038
92.771103	7721.053782	7.692378	-0.020552	4.527474
92.809894	7726.157983	7.697382	-0.020562	4.528953
92.813138	7731.227585	7.702387	-0.020563	4.530419
92.930924	7736.227149	7.707392	-0.020592	4.531870
92.840605	7741.421221	7.712397	-0.020571	4.533367
92.883791	7746.354154	7.717402	-0.020582	4.534795
92.820495	7751.102821	7.722406	-0.020567	4.536163
92.980389	7756.188448	7.727411	-0.020606	4.537639
93.001466	7761.227034	7.732416	-0.020612	4.539095
92.993664	7766.545714	7.737421	-0.020610	4.540629
93.006098	7771.707023	7.742426	-0.020614	4.542119
93.100470	7776.781986	7.747430	-0.020637	4.543587
93.042976	7781.701342	7.752435	-0.020624	4.545002
93.177856	7786.449030	7.757440	-0.020657	4.546377
93.312444	7791.558065	7.762445	-0.020689	4.547855
93.327257	7796.542952	7.767450	-0.020693	4.549292
93.254880	7801.683448	7.772454	-0.020677	4.550768
93.250873	7806.791738	7.777459	-0.020676	4.552238
93.354744	7811.780046	7.782464	-0.020702	4.553679
93.329248	7816.765909	7.787469	-0.020696	4.555112
93.459669	7821.556583	7.792474	-0.020728	4.556495
93.600554	7826.613188	7.797478	-0.020762	4.557955
93.494852	7831.693832	7.802483	-0.020737	4.559411
93.422750	7837.382598	7.807488	-0.020721	4.561041
93.674211	7842.367815	7.812493	-0.020781	4.562485
93.658397	7847.404198	7.817498	-0.020778	4.563930
93.655306	7852.311743	7.822502	-0.020778	4.565338
93.815407	7857.116243	7.827507	-0.020817	4.566724
93.648077	7862.222991	7.832512	-0.020777	4.568181
93.781273	7867.316908	7.837517	-0.020810	4.569648
93.859210	7872.313505	7.842522	-0.020829	4.571084
93.999264	7877.387846	7.847526	-0.020863	4.572544
93.869675	7882.487339	7.852531	-0.020832	4.573999
93.980735	7887.204319	7.857536	-0.020859	4.575355
93.903250	7892.172058	7.862541	-0.020841	4.576774
93.862221	7897.304615	7.867546	-0.020832	4.578241
93.989991	7902.404269	7.872550	-0.020863	4.579705
94.132309	7907.746750	7.877555	-0.020898	4.581240
94.020096	7912.812644	7.882560	-0.020872	4.582683
94.129666	7917.803339	7.887565	-0.020898	4.584115
94.123167	7922.617352	7.892570	-0.020897	4.585490
94.191956	7927.554225	7.897574	-0.020914	4.586903
94.303325	7932.563530	7.902579	-0.020941	4.588339
94.335963	7937.713794	7.907584	-0.020950	4.589810
94.475435	7942.720794	7.912589	-0.020984	4.591246
94.412285	7947.765820	7.917594	-0.020969	4.592682
94.396208	7952.862997	7.922598	-0.020966	4.594135
94.523514	7957.570063	7.927603	-0.020997	4.595483
94.433421	7962.591101	7.932608	-0.020976	4.596910
94.678713	7967.641916	7.937613	-0.021035	4.598360
94.663575	7972.905324	7.942618	-0.021032	4.599859
94.593338	7978.326056	7.947622	-0.021016	4.601399
94.546696	7983.404811	7.952627	-0.021005	4.602843
94.776211	7988.294744	7.957632	-0.021061	4.604244
94.886756	7993.095140	7.962637	-0.021087	4.605615
94.917550	7998.037964	7.967642	-0.021095	4.607022
94.828058	8003.161499	7.972646	-0.021075	4.608475
94.812828	8008.290381	7.977651	-0.021071	4.609932
94.752834	8013.316881	7.982656	-0.021058	4.611357
94.891195	8018.459043	7.987661	-0.021091	4.612824
94.898376	8023.423217	7.992666	-0.021093	4.614234
94.981313	8028.070193	7.997670	-0.021114	4.615557
95.016792	8033.235377	8.002675	-0.021123	4.617024
95.178450	8038.183345	8.007680	-0.021162	4.618435
95.132754	8043.542787	8.012685	-0.021152	4.619953
95.186661	8048.732097	8.017690	-0.021165	4.621426
95.195424	8053.793472	8.022694	-0.021168	4.622861
95.261668	8058.851913	8.027699	-0.021184	4.624297
95.293511	8063.456467	8.032704	-0.021192	4.625603
95.338307	8068.560967	8.037709	-0.021204	4.627050
95.356810	8073.615991	8.042714	-0.021209	4.628482
95.441694	8078.740669	8.047718	-0.021229	4.629936
95.449720	8083.845741	8.052723	-0.021232	4.631381
95.425251	8088.843699	8.057728	-0.021227	4.632793
95.587996	8093.904874	8.062733	-0.021266	4.634231
95.529533	8098.589660	8.067738	-0.021253	4.635552
95.624560	8103.621246	8.072742	-0.021276	4.636978
95.569892	8108.739337	8.077747	-0.021263	4.638422
95.628239	8114.150165	8.082752	-0.021278	4.639952
95.638520	8119.388760	8.087757	-0.021281	4.641431
95.832364	8124.422726	8.092762	-0.021328	4.642860
95.838384	8129.417350	8.097766	-0.021330	4.644269
95.739141	8134.174952	8.102771	-0.021306	4.645607
95.790606	8139.110193	8.107776	-0.021319	4.647001
95.894380	8144.317011	8.112781	-0.021345	4.648473
95.777111	8149.342054	8.117786	-0.021317	4.649883
96.043539	8154.400950	8.122790	-0.021381	4.651320
96.100948	8159.474502	8.127795	-0.021396	4.652751
95.962818	8164.393060	8.132800	-0.021363	4.654130
95.985213	8169.218706	8.137805	-0.021369	4.655489
96.163508	8174.113078	8.142810	-0.021412	4.656873
96.223384	8179.257875	8.147814	-0.021427	4.658323
96.141131	8184.552468	8.152819	-0.021408	4.659808
96.242487	8189.732011	8.157824	-0.021433	4.661268
96.354837	8194.837089	8.162829	-0.021460	4.662707
96.139860	8199.799894	8.167834	-0.021409	4.664092
96.257075	8204.528185	8.172838	-0.021438	4.665425
96.324979	8209.558948	8.177843	-0.021455	4.666840
96.313449	8214.726749	8.182848	-0.021452	4.668290
96.398314	8219.745835	8.187853	-0.021473	4.669702
96.526238	8224.837909	8.192858	-0.021504	4.671135
96.501325	8229.885548	8.197862	-0.021499	4.672550
96.537925	8234.882012	8.202867	-0.021508	4.673952
96.492949	8239.642644	8.207872	-0.021498	4.675284
96.670402	8244.625356	8.212877	-0.021541	4.676687
96.774523	8249.729887	8.217882	-0.021566	4.678121
96.858934	8255.072072	8.222886	-0.021587	4.679620
96.773826	8260.435798	8.227891	-0.021567	4.681118
96.864383	8265.412229	8.232896	-0.021590	4.682514
96.723641	8270.471625	8.237901	-0.021557	4.683924
96.780891	8275.088652	8.242906	-0.021571	4.685217
96.733103	8280.181722	8.247910	-0.021560	4.686639
96.829172	8285.240356	8.252915	-0.021583	4.688056
96.860647	8290.292288	8.257920	-0.021591	4.689469
96.990011	8295.412805	8.262925	-0.021623	4.690905
96.998744	8300.438787	8.267930	-0.021626	4.692308
97.049751	8305.539427	8.272934	-0.021638	4.693734
97.003660	8310.142407	8.277939	-0.021628	4.695017
97.053918	8315.257314	8.282944	-0.021640	4.696446
97.051623	8320.268489	8.287949	-0.021640	4.697843
97.362680	8325.574160	8.292954	-0.021715	4.699335
97.291926	8330.743109	8.297958	-0.021699	4.700773
97.288445	8335.899199	8.302963	-0.021699	4.702209
97.208890	8340.871902	8.307968	-0.021680	4.703591
97.299116	8345.627015	8.312973	-0.021702	4.704919
97.336859	8350.583039	8.317978	-0.021712	4.706300
97.265837	8355.696789	8.322982	-0.021695	4.707720
97.645573	8360.751405	8.327987	-0.021787	4.709142
97.636835	8365.826554	8.332992	-0.021785	4.710553
97.457352	8370.893460	8.337997	-0.021743	4.711954
97.617285	8375.915429	8.343002	-0.021782	4.713357
97.580819	8380.726110	8.348006	-0.021773	4.714692
97.704563	8385.648457	8.353011	-0.021803	4.716065
97.667043	8390.774630	8.358016	-0.021795	4.717487
97.616390	8396.105581	8.363021	-0.021783	4.718965
97.781036	8398.777636	8.368026	-0.021823	4.719713
97.706286	8398.774942	8.373030	-0.021806	4.719709
97.772491	8398.765169	8.378035	-0.021822	4.719709
97.658052	8398.706398	8.383040	-0.021794	4.719688
97.635981	8398.765758	8.388045	-0.021789	4.719704
97.672528	8398.772688	8.393050	-0.021798	4.719707
97.727784	8398.787011	8.398054	-0.021812	4.719714
97.833967	8398.750028	8.403059	-0.021837	4.719708
97.889838	8398.719265	8.408064	-0.021851	4.719701
97.761833	8398.778341	8.413069	-0.021820	4.719713
97.854476	8398.702837	8.418074	-0.021843	4.719695
97.811369	8398.730396	8.423078	-0.021832	4.719701
97.771113	8398.771037	8.428083	-0.021823	4.719711
97.837432	8398.753373	8.433088	-0.021839	4.719709
98.151639	8398.724268	8.438093	-0.021914	4.719714
98.384339	8398.673315	8.443098	-0.021970	4.719709
98.418569	8398.652461	8.448102	-0.021979	4.719704
98.420580	8398.692557	8.453107	-0.021979	4.719716
98.408871	8398.678409	8.458112	-0.021977	4.719711
98.480369	8398.662238	8.463117	-0.021994	4.719710
98.495395	8398.650937	8.468122	-0.021998	4.719707
98.468948	8398.617567	8.473126	-0.021992	4.719697
98.617852	8398.662093	8.478131	-0.022027	4.719715
98.602372	8398.542751	8.483136	-0.022024	4.719682
98.535759	8398.610864	8.488141	-0.022008	4.719698
98.465784	8398.601847	8.493146	-0.021991	4.719693
98.631062	8398.586610	8.498150	-0.022031	4.719695
98.632256	8398.626826	8.503155	-0.022032	4.719706
98.603458	8398.579174	8.508160	-0.022025	4.719692
98.555263	8398.605226	8.513165	-0.022014	4.719697
98.689046	8398.577713	8.518170	-0.022046	4.719695
98.636950	8398.557086	8.523174	-0.022033	4.719687
98.615201	8398.598401	8.528179	-0.022028	4.719698
98.559971	8398.589481	8.533184	-0.022015	4.719693
98.651554	8398.581628	8.538189	-0.022037	4.719695
98.717326	8398.585418	8.543194	-0.022053	4.719699
98.629676	8398.589105	8.548198	-0.022033	4.719696
98.776296	8398.599092	8.553203	-0.022068	4.719705
98.741088	8398.571500	8.558208	-0.022060	4.719696
98.744258	8398.551805	8.563213	-0.022061	4.719690
98.683383	8398.595457	8.568218	-0.022046	4.719700
98.681331	8398.547275	8.573223	-0.022046	4.719687
98.664641	8398.617100	8.578227	-0.022042	4.719705
98.517783	8398.537186	8.583232	-0.022007	4.719677
98.675384	8398.587192	8.588237	-0.022045	4.719698
98.680890	8398.597529	8.593242	-0.022046	4.719701
98.653480	8398.576674	8.598247	-0.022040	4.719694
98.667081	8398.592579	8.603251	-0.022044	4.719699
98.782447	8398.572255	8.608256	-0.022071	4.719698
98.738089	8398.553873	8.613261	-0.022061	4.719691
98.651892	8398.576473	8.618266	-0.022040	4.719694
98.692853	8398.587259	8.623271	-0.022050	4.719699
98.796487	8398.653019	8.628275	-0.022075	4.719721
98.943474	8398.562831	8.633280	-0.022111	4.719702
98.822840	8398.591583	8.638285	-0.022082	4.719705
98.805549	8398.559125	8.643290	-0.022078	4.719695
98.697180	8398.591711	8.648295	-0.022052	4.719700
98.706459	8398.568874	8.653299	-0.022055	4.719694
98.621973	8398.563101	8.658304	-0.022035	4.719689
98.736178	8398.572194	8.663309	-0.022062	4.719696
98.660370	8398.566279	8.668314	-0.022044	4.719692
98.769173	8398.568286	8.673319	-0.022070	4.719697
98.694048	8398.558896	8.678323	-0.022053	4.719691
98.724116	8398.579147	8.683328	-0.022060	4.719698
98.726540	8398.564061	8.688333	-0.022061	4.719694
98.729664	8398.594995	8.693338	-0.022062	4.719703
98.772224	8398.512178	8.698343	-0.022072	4.719681
98.756576	8398.575101	8.703347	-0.022068	4.719698
98.811108	8398.553532	8.708352	-0.022082	4.719695
98.779843	8398.569238	8.713357	-0.022074	4.719698
98.815025	8398.569618	8.718362	-0.022083	4.719699
98.815328	8398.522218	8.723367	-0.022083	4.719686
98.741355	8398.585781	8.728371	-0.022066	4.719701
98.876037	8398.518764	8.733376	-0.022098	4.719688
98.877233	8398.590478	8.738381	-0.022099	4.719708
98.856456	8398.552905	8.743386	-0.022094	4.719696
98.776296	8398.572373	8.748391	-0.022075	4.719699
98.764281	8398.557145	8.753395	-0.022072	4.719694
98.800645	8398.528104	8.758400	-0.022081	4.719687
98.776235	8398.601306	8.763405	-0.022075	4.719707
98.803767	8398.542056	8.768410	-0.022082	4.719691
98.787264	8398.534233	8.773415	-0.022078	4.719689
98.790521	8398.598896	8.778419	-0.022079	4.719707
98.839497	8398.573639	8.783424	-0.022091	4.719702
98.887850	8398.585596	8.788429	-0.022103	4.719707
98.944905	8398.517537	8.793434	-0.022117	4.719690
98.890109	8398.553552	8.798439	-0.022104	4.719698
98.811988	8398.576097	8.803443	-0.022085	4.719701
98.811751	8398.527651	8.808448	-0.022085	4.719688
98.862272	8398.586539	8.813453	-0.022098	4.719706
98.761970	8398.581949	8.818458	-0.022074	4.719701
98.929358	8398.533782	8.823463	-0.022114	4.719695
98.888186	8398.568932	8.828467	-0.022104	4.719703
98.815000	8398.590757	8.833472	-0.022087	4.719706
98.869616	8398.527554	8.838477	-0.022100	4.719690
98.788397	8398.577550	8.843482	-0.022081	4.719701
98.660620	8398.589345	8.848487	-0.022051	4.719699
98.791360	8398.578026	8.853491	-0.022082	4.719701
98.790186	8398.524092	8.858496	-0.022082	4.719686
98.891741	8398.590155	8.863501	-0.022106	4.719709
98.810165	8398.536708	8.868506	-0.022087	4.719691
98.873924	8398.519418	8.873511	-0.022103	4.719689
98.837081	8398.602309	8.878515	-0.022094	4.719710
98.933225	8398.552168	8.883520	-0.022117	4.719700
98.983994	8398.564898	8.888525	-0.022129	4.719706
98.932456	8398.553189	8.893530	-0.022117	4.719700
98.877083	8398.545415	8.898535	-0.022104	4.719696
98.960406	8398.538768	8.903539	-0.022124	4.719698
98.863023	8398.559625	8.908544	-0.022101	4.719699
98.784551	8398.561973	8.913549	-0.022083	4.719697
98.682641	8398.581241	8.918554	-0.022058	4.719698
98.774754	8398.609309	8.923559	-0.022081	4.719710
98.847537	8398.592951	8.928563	-0.022098	4.719708
98.733643	8398.554347	8.933568	-0.022071	4.719693
98.871924	8398.559926	8.938573	-0.022104	4.719700
98.879027	8398.584655	8.943578	-0.022106	4.719707
98.948326	8398.555307	8.948583	-0.022123	4.719702
98.971779	8398.600148	8.953587	-0.022129	4.719715
98.933631	8398.545986	8.958592	-0.022120	4.719699
98.991634	8398.547535	8.963597	-0.022134	4.719702
98.894577	8398.567220	8.968602	-0.022111	4.719703
98.825915	8398.600759	8.973607	-0.022095	4.719710
98.837909	8398.501029	8.978611	-0.022098	4.719683
98.948798	8398.417237	8.983616	-0.022124	4.719664
98.915357	8398.546879	8.988621	-0.022117	4.719699
98.922095	8398.563787	8.993626	-0.022118	4.719704
98.883543	8398.568181	8.998631	-0.022109	4.719703
98.850516	8398.509897	9.003635	-0.022102	4.719686
98.789339	8398.538969	9.008640	-0.022087	4.719691
98.926517	8398.551459	9.013645	-0.022120	4.719700
98.963050	8398.567392	9.018650	-0.022129	4.719706
99.002362	8398.535671	9.023655	-0.022139	4.719699
99.113453	8398.487847	9.028659	-0.022165	4.719690
98.935377	8398.494610	9.033664	-0.022123	4.719685
99.066490	8398.566483	9.038669	-0.022154	4.719710
98.929337	8398.561648	9.043674	-0.022122	4.719704
98.887493	8398.592397	9.048679	-0.022112	4.719710
98.970112	8398.554354	9.053683	-0.022132	4.719703
98.946923	8398.572255	9.058688	-0.022127	4.719707
98.972118	8398.517846	9.063693	-0.022133	4.719693
98.872450	8398.541287	9.068698	-0.022109	4.719696
98.963003	8398.535835	9.073703	-0.022131	4.719698
98.952984	8398.564188	9.078707	-0.022129	4.719705
98.946759	8398.525615	9.083712	-0.022127	4.719695
98.972752	8398.564461	9.088717	-0.022134	4.719706
98.845175	8398.557102	9.093722	-0.022103	4.719699
98.994827	8398.522773	9.098727	-0.022139	4.719696
98.863879	8398.568780	9.103731	-0.022108	4.719703
98.894222	8398.520369	9.108736	-0.022116	4.719691
98.973663	8398.503039	9.113741	-0.022135	4.719690
98.905497	8398.516257	9.118746	-0.022119	4.719690
98.772168	8398.542362	9.123751	-0.022087	4.719692
98.914185	8398.569895	9.128755	-0.022121	4.719706
98.983618	8398.502278	9.133760	-0.022138	4.719690
99.024922	8398.558013	9.138765	-0.022148	4.719707
98.813623	8398.570751	9.143770	-0.022098	4.719702
99.036113	8398.496540	9.148775	-0.022151	4.719690
99.000858	8398.556701	9.153779	-0.022143	4.719706
98.914717	8398.559043	9.158784	-0.022122	4.719703
99.005576	8398.551296	9.163789	-0.022144	4.719704
98.964399	8398.570699	9.168794	-0.022135	4.719708
98.963866	8398.523420	9.173799	-0.022135	4.719695
99.015946	8398.585457	9.178803	-0.022147	4.719714
98.962785	8398.509862	9.183808	-0.022135	4.719691
99.106520	8398.520271	9.188813	-0.022169	4.719700
98.929483	8398.561755	9.193818	-0.022127	4.719704
98.973433	8398.497859	9.198823	-0.022138	4.719689
98.925763	8398.542958	9.203827	-0.022127	4.719699
99.025777	8398.542874	9.208832	-0.022151	4.719703
98.957282	8398.528015	9.213837	-0.022135	4.719696
98.972642	8398.561664	9.218842	-0.022138	4.719706
99.014256	8398.500358	9.223847	-0.022149	4.719691
99.067171	8398.567897	9.228851	-0.022161	4.719712
99.014745	8398.523694	9.233856	-0.022149	4.719698
99.001791	8398.479354	9.238861	-0.022146	4.719685
98.963704	8398.532054	9.243866	-0.022137	4.719698
99.002469	8398.552160	9.248871	-0.022147	4.719705
99.106551	8398.521109	9.253875	-0.022172	4.719701
98.979680	8398.468649	9.258880	-0.022141	4.719681
98.971569	8398.461851	9.263885	-0.022140	4.719679
98.846198	8398.543041	9.268890	-0.022110	4.719696
98.890058	8398.472408	9.273895	-0.022121	4.719679
98.920792	8398.548810	9.278899	-0.022128	4.719701
98.951186	8398.501517	9.283904	-0.022136	4.719689
98.984878	8398.575237	9.288909	-0.022144	4.719711
98.898466	8398.564119	9.293914	-0.022123	4.719704
98.970982	8398.485928	9.298919	-0.022141	4.719686
98.988409	8398.562022	9.303923	-0.022145	4.719708
99.026976	8398.530410	9.308928	-0.022155	4.719700
99.064705	8398.504545	9.313933	-0.022164	4.719695
99.037770	8398.533118	9.318938	-0.022158	4.719702
98.971071	8398.479749	9.323943	-0.022142	4.719684
98.919584	8398.535530	9.328947	-0.022130	4.719698
98.844886	8398.530577	9.333952	-0.022112	4.719693
99.090925	8398.510301	9.338957	-0.022171	4.719698
98.976742	8398.585359	9.343962	-0.022144	4.719714
98.924074	8398.499568	9.348967	-0.022131	4.719688
98.936781	8398.569602	9.353971	-0.022135	4.719708
98.935883	8398.516752	9.358976	-0.022135	4.719693
99.037495	8398.558058	9.363981	-0.022159	4.719709
98.995904	8398.562897	9.368986	-0.022149	4.719709
98.938362	8398.475567	9.373991	-0.022136	4.719682
99.009991	8398.565124	9.378995	-0.022153	4.719710
98.930186	8398.526042	9.384000	-0.022134	4.719696
99.014389	8398.508017	9.389005	-0.022154	4.719694
98.883317	8398.594540	9.394010	-0.022123	4.719713
99.036135	8398.509126	9.399015	-0.022160	4.719695
99.047971	8398.527540	9.404019	-0.022163	4.719701
99.100644	8398.484869	9.409024	-0.022176	4.719691
99.031886	8398.497048	9.414029	-0.022159	4.719692
99.010225	8398.416855	9.419034	-0.022154	4.719669
99.081283	8398.405249	9.424039	-0.022172	4.719669
99.130372	8398.512720	9.429043	-0.022184	4.719700
99.026139	8398.559326	9.434048	-0.022159	4.719709
98.907080	8398.538350	9.439053	-0.022131	4.719699
98.965458	8398.545469	9.444058	-0.022145	4.719703
98.949710	8398.537535	9.449063	-0.022141	4.719700
99.020894	8398.581033	9.454067	-0.022158	4.719715
99.009713	8398.539809	9.459072	-0.022156	4.719703
99.062531	8398.590488	9.464077	-0.022169	4.719719
98.970879	8398.544137	9.469082	-0.022147	4.719703
99.069484	8398.480136	9.474087	-0.022171	4.719689
99.003843	8398.572857	9.479091	-0.022155	4.719712
99.007777	8398.522676	9.484096	-0.022156	4.719699
98.989486	8398.558987	9.489101	-0.022152	4.719708
99.017652	8398.560392	9.494106	-0.022159	4.719709
98.924633	8398.514240	9.499111	-0.022137	4.719693
99.133321	8398.529791	9.504115	-0.022187	4.719706
99.132446	8398.499437	9.509120	-0.022187	4.719697
99.072840	8398.527154	9.514125	-0.022173	4.719703
99.061335	8398.514101	9.519130	-0.022170	4.719699
99.064061	8398.513595	9.524135	-0.022171	4.719699
99.009074	8398.541762	9.529139	-0.022158	4.719704
98.952757	8398.517251	9.534144	-0.022145	4.719695
98.968730	8398.512562	9.539149	-0.022149	4.719695
99.044771	8398.548601	9.544154	-0.022167	4.719708
99.050168	8398.512832	9.549159	-0.022169	4.719698
99.137288	8398.530380	9.554163	-0.022190	4.719706
99.123252	8398.524446	9.559168	-0.022186	4.719704
99.052219	8398.540332	9.564173	-0.022170	4.719706
98.942479	8398.557368	9.569178	-0.022144	4.719706
99.049410	8398.509026	9.574183	-0.022169	4.719697
99.006054	8398.550121	9.579187	-0.022159	4.719707
99.026972	8398.546959	9.584192	-0.022164	4.719707
99.080327	8398.507564	9.589197	-0.022177	4.719698
99.113100	8398.517296	9.594202	-0.022185	4.719702
98.967580	8398.530555	9.599207	-0.022151	4.719700
99.135862	8398.495757	9.604211	-0.022191	4.719697
98.905183	8398.527073	9.609216	-0.022136	4.719696
98.931604	8398.500609	9.614221	-0.022143	4.719690
98.981839	8398.493168	9.619226	-0.022155	4.719690
99.015373	8398.546662	9.624231	-0.022163	4.719706
99.010740	8398.535980	9.629235	-0.022162	4.719703
98.988731	8398.527835	9.634240	-0.022157	4.719700
99.173304	8398.469285	9.639245	-0.022201	4.719691
99.126881	8398.538951	9.644250	-0.022190	4.719709
99.029594	8398.476548	9.649255	-0.022167	4.719688
99.148909	8398.517520	9.654259	-0.022196	4.719704
99.050798	8398.514859	9.659264	-0.022173	4.719699
98.817430	8398.571317	9.664269	-0.022117	4.719705
98.980896	8398.546221	9.669274	-0.022156	4.719705
98.994663	8398.551978	9.674279	-0.022160	4.719707
99.012263	8398.526801	9.679283	-0.022164	4.719701
99.027719	8398.514312	9.684288	-0.022168	4.719698
99.136612	8398.485934	9.689293	-0.022194	4.719695
99.038149	8398.539572	9.694298	-0.022171	4.719706
99.047091	8398.449287	9.699303	-0.022173	4.719681
99.134016	8398.505112	9.704307	-0.022194	4.719700
99.052756	8398.519116	9.709312	-0.022175	4.719701
99.176795	8398.448028	9.714317	-0.022205	4.719686
99.015236	8398.527752	9.719322	-0.022166	4.719702
99.188007	8398.448425	9.724327	-0.022208	4.719687
99.144125	8398.508720	9.729331	-0.022198	4.719702
98.886464	8398.476478	9.734336	-0.022136	4.719682
99.044741	8398.483638	9.739341	-0.022174	4.719691
99.105324	8398.480311	9.744346	-0.022189	4.719692
98.978646	8398.500945	9.749351	-0.022159	4.719693
99.082531	8398.511546	9.754355	-0.022184	4.719700
99.015464	8398.529103	9.759360	-0.022168	4.719702
98.961261	8398.495284	9.764365	-0.022155	4.719691
99.000194	8398.501867	9.769370	-0.022164	4.719694
98.972937	8398.514737	9.774375	-0.022158	4.719697
98.988456	8398.560736	9.779379	-0.022162	4.719710
99.118954	8398.507830	9.784384	-0.022193	4.719701
99.068290	8398.539867	9.789389	-0.022181	4.719708
99.057269	8398.542492	9.794394	-0.022179	4.719708
99.012074	8398.529857	9.799399	-0.022168	4.719703
98.964362	8398.574962	9.804403	-0.022157	4.719713
99.072875	8398.525265	9.809408	-0.022183	4.719704
99.027871	8398.519352	9.814413	-0.022173	4.719700
99.002195	8398.531991	9.819418	-0.022167	4.719703
99.070152	8398.457840	9.824423	-0.022183	4.719685
99.075238	8398.507613	9.829427	-0.022185	4.719699
98.976310	8398.478073	9.834432	-0.022161	4.719687
99.023776	8398.526158	9.839437	-0.022173	4.719702
98.977931	8398.569866	9.844442	-0.022162	4.719713
99.005220	8398.503902	9.849447	-0.022169	4.719695
99.042573	8398.575963	9.854451	-0.022178	4.719717
99.069718	8398.447022	9.859456	-0.022184	4.719682
99.001328	8398.491771	9.864461	-0.022168	4.719692
99.022395	8398.535835	9.869466	-0.022173	4.719705
99.026037	8398.472198	9.874471	-0.022174	4.719688
99.117775	8398.526196	9.879475	-0.022197	4.719706
98.992824	8398.565701	9.884480	-0.022167	4.719712
98.958626	8398.503088	9.889485	-0.022159	4.719694
99.088009	8398.529091	9.894490	-0.022190	4.719706
99.142093	8398.438966	9.899495	-0.022203	4.719683
99.149587	8398.517636	9.904499	-0.022205	4.719705
99.077639	8398.526905	9.909504	-0.022188	4.719705
99.036541	8398.519297	9.914509	-0.022178	4.719701
99.141728	8398.539833	9.919514	-0.022204	4.719711
99.136133	8398.471919	9.924519	-0.022203	4.719692
99.105104	8398.552837	9.929523	-0.022195	4.719714
99.094833	8398.469856	9.934528	-0.022193	4.719690
99.063870	8398.500142	9.939533	-0.022186	4.719697
99.069267	8398.532995	9.944538	-0.022187	4.719707
99.207692	8398.433933	9.949543	-0.022221	4.719685
99.152997	8398.508181	9.954547	-0.022208	4.719703
99.132115	8398.516746	9.959552	-0.022203	4.719705
99.091921	8398.519131	9.964557	-0.022193	4.719704
99.051757	8398.526010	9.969562	-0.022184	4.719704
99.117181	8398.463479	9.974567	-0.022200	4.719690
99.151226	8398.516899	9.979571	-0.022208	4.719706
99.102875	8398.451851	9.984576	-0.022197	4.719686
99.130268	8398.514117	9.989581	-0.022203	4.719704
99.223908	8398.484590	9.994586	-0.022226	4.719700
99.239624	8398.485563	9.999591	-0.022230	4.719701
99.084133	8398.492403	10.004595	-0.022193	4.719696
99.176421	8398.518197	10.009600	-0.022215	4.719707
99.083768	8398.507989	10.014605	-0.022193	4.719701
99.267986	8398.477615	10.019610	-0.022237	4.719700
99.190061	8398.456258	10.024615	-0.022219	4.719691
99.042610	8398.518173	10.029619	-0.022184	4.719702
99.132564	8398.468934	10.034624	-0.022206	4.719692
99.026440	8398.497817	10.039629	-0.022180	4.719696
99.128467	8398.516564	10.044634	-0.022205	4.719705
99.043608	8398.497345	10.049639	-0.022185	4.719696
99.080244	8398.544762	10.054643	-0.022194	4.719711
99.134027	8398.470430	10.059648	-0.022207	4.719693
99.268455	8398.438324	10.064653	-0.022239	4.719689
99.141271	8398.479281	10.069658	-0.022209	4.719695
99.173282	8398.478999	10.074663	-0.022217	4.719697
99.233529	8398.474596	10.079667	-0.022231	4.719698
99.144713	8398.455954	10.084672	-0.022210	4.719689
99.237639	8398.496279	10.089677	-0.022233	4.719704
99.234712	8398.506723	10.094682	-0.022232	4.719707
99.223309	8398.423907	10.099687	-0.022230	4.719684
99.070935	8398.512415	10.104691	-0.022193	4.719702
99.058933	8398.525308	10.109696	-0.022191	4.719705
98.963431	8398.527891	10.114701	-0.022168	4.719702
99.068921	8398.529259	10.119706	-0.022193	4.719707
99.148237	8398.489448	10.124711	-0.022212	4.719699
99.218093	8398.506142	10.129715	-0.022229	4.719706
99.148421	8398.507204	10.134720	-0.022213	4.719704
99.158070	8398.475314	10.139725	-0.022215	4.719695
99.178938	8398.536282	10.144730	-0.022221	4.719713
99.234995	8398.462743	10.149735	-0.022234	4.719695
99.162964	8398.506898	10.154739	-0.022217	4.719704
99.222268	8398.486884	10.159744	-0.022231	4.719701
99.168369	8398.526142	10.164749	-0.022219	4.719710
99.275029	8398.501465	10.169754	-0.022244	4.719708
99.197163	8398.487974	10.174759	-0.022226	4.719701
99.148640	8398.551197	10.179763	-0.022215	4.719716
99.183782	8398.515585	10.184768	-0.022223	4.719708
99.213418	8398.411029	10.189773	-0.022230	4.719680
99.020324	8398.512230	10.194778	-0.022184	4.719700
99.078088	8398.458692	10.199783	-0.022198	4.719688
99.108197	8398.512686	10.204787	-0.022206	4.719704
99.271383	8398.501132	10.209792	-0.022245	4.719708
99.111687	8398.488336	10.214797	-0.022207	4.719698
99.172326	8398.538999	10.219802	-0.022222	4.719714
99.059126	8398.530666	10.224807	-0.022195	4.719707
99.223521	8398.536935	10.229811	-0.022234	4.719716
99.132908	8398.527554	10.234816	-0.022213	4.719709
99.078654	8398.526366	10.239821	-0.022200	4.719707
99.089056	8398.499990	10.244826	-0.022203	4.719700
99.117690	8398.403456	10.249831	-0.022210	4.719675
99.172789	8398.463927	10.254835	-0.022223	4.719694
99.056882	8398.505487	10.259840	-0.022195	4.719700
99.019462	8398.509717	10.264845	-0.022187	4.719700
99.163718	8398.481801	10.269850	-0.022221	4.719698
99.271583	8398.481696	10.274855	-0.022247	4.719703
99.203364	8398.534295	10.279859	-0.022231	4.719714
99.122002	8398.483066	10.284864	-0.022212	4.719697
98.971449	8398.515059	10.289869	-0.022176	4.719700
99.271040	8398.501592	10.294874	-0.022248	4.719708
99.211377	8398.480944	10.299879	-0.022234	4.719700
99.340949	8398.488921	10.304883	-0.022265	4.719708
99.121760	8398.490435	10.309888	-0.022213	4.719699
99.153845	8398.518267	10.314893	-0.022221	4.719708
98.931802	8398.514573	10.319898	-0.022168	4.719698
99.255348	8398.458235	10.324903	-0.022245	4.719696
99.206278	8398.513663	10.329907	-0.022234	4.719709
99.072722	8398.513927	10.334912	-0.022202	4.719704
99.118402	8398.464402	10.339917	-0.022213	4.719692
99.168474	8398.524482	10.344922	-0.022225	4.719711
99.180062	8398.521557	10.349927	-0.022228	4.719710
99.281186	8398.525812	10.354931	-0.022252	4.719716
99.076698	8398.502681	10.359936	-0.022204	4.719701
99.184913	8398.459777	10.364941	-0.022230	4.719694
99.131174	8398.509137	10.369946	-0.022217	4.719705
99.174922	8398.507142	10.374951	-0.022228	4.719706
99.045846	8398.565249	10.379955	-0.022197	4.719717
99.030896	8398.514450	10.384960	-0.022194	4.719703
99.033494	8398.465590	10.389965	-0.022194	4.719689
99.142350	8398.458591	10.394970	-0.022221	4.719692
99.263971	8398.458728	10.399975	-0.022250	4.719697
99.038062	8398.529846	10.404979	-0.022196	4.719707
99.075825	8398.493851	10.409984	-0.022205	4.719699
99.019789	8398.552546	10.414989	-0.022192	4.719713
99.158030	8398.521009	10.419994	-0.022225	4.719710
99.181090	8398.481536	10.424999	-0.022231	4.719700
99.231737	8398.493159	10.430003	-0.022243	4.719705
99.306503	8398.463012	10.435008	-0.022261	4.719700
99.212330	8398.489025	10.440013	-0.022239	4.719703
99.143204	8398.506883	10.445018	-0.022223	4.719705
99.099515	8398.500777	10.450023	-0.022212	4.719702
99.144247	8398.551513	10.455027	-0.022223	4.719718
99.153136	8398.501733	10.460032	-0.022226	4.719704
99.099161	8398.555628	10.465037	-0.022213	4.719717
99.148630	8398.555048	10.470042	-0.022225	4.719719
99.040711	8398.515570	10.475047	-0.022199	4.719704
99.079087	8398.544734	10.480051	-0.022209	4.719714
99.206211	8398.520444	10.485056	-0.022239	4.719712
99.152420	8398.504563	10.490061	-0.022226	4.719705
99.225844	8398.528611	10.495066	-0.022244	4.719715
99.186228	8398.509537	10.500071	-0.022235	4.719708
99.112925	8398.546003	10.505075	-0.022218	4.719715
99.089022	8398.529135	10.510080	-0.022212	4.719710
99.126757	8398.516768	10.515085	-0.022221	4.719708
99.207411	8398.501512	10.520090	-0.022241	4.719707
99.206590	8398.498149	10.525095	-0.022241	4.719706
99.121673	8398.500311	10.530099	-0.022220	4.719703
99.094281	8398.486202	10.535104	-0.022214	4.719698
99.181351	8398.500383	10.540109	-0.022235	4.719706
99.190691	8398.477537	10.545114	-0.022238	4.719700
99.183028	8398.438049	10.550119	-0.022236	4.719689
99.210802	8398.490135	10.555123	-0.022243	4.719704
99.245144	8398.435515	10.560128	-0.022251	4.719690
99.152571	8398.432046	10.565133	-0.022229	4.719686
99.212787	8398.431022	10.570138	-0.022244	4.719688
99.206113	8398.391390	10.575143	-0.022242	4.719677
99.186779	8398.436852	10.580147	-0.022238	4.719689
99.154732	8398.476296	10.585152	-0.022230	4.719698
99.057971	8398.464438	10.590157	-0.022207	4.719691
99.224031	8398.495213	10.595162	-0.022247	4.719706
99.154639	8398.480485	10.600167	-0.022231	4.719699
99.093259	8398.506211	10.605171	-0.022216	4.719704
99.193518	8398.471218	10.610176	-0.022241	4.719699
99.160761	8398.499516	10.615181	-0.022233	4.719705
99.184831	8398.490269	10.620186	-0.022239	4.719704
99.178645	8398.491064	10.625191	-0.022237	4.719704
99.245041	8398.519513	10.630195	-0.022254	4.719714
99.216007	8398.473019	10.635200	-0.022247	4.719700
99.148233	8398.471555	10.640205	-0.022231	4.719697
99.132407	8398.549129	10.645210	-0.022227	4.719718
99.173923	8398.476588	10.650215	-0.022237	4.719699
99.262843	8398.508498	10.655219	-0.022259	4.719712
99.158776	8398.480833	10.660224	-0.022234	4.719700
99.251259	8398.498723	10.665229	-0.022256	4.719709
99.304235	8398.462758	10.670234	-0.022269	4.719701
99.355371	8398.443935	10.675239	-0.022282	4.719698
99.230610	8398.498038	10.680243	-0.022252	4.719708
99.067882	8398.428312	10.685248	-0.022213	4.719682
99.099825	8398.451665	10.690253	-0.022221	4.719690
99.327097	8398.412756	10.695258	-0.022275	4.719688
99.180820	8398.432875	10.700263	-0.022241	4.719688
99.171472	8398.502755	10.705267	-0.022239	4.719707
99.167262	8398.441388	10.710272	-0.022238	4.719690
99.121935	8398.426522	10.715277	-0.022227	4.719684
99.120590	8398.465984	10.720282	-0.022227	4.719695
99.284541	8398.457693	10.725287	-0.022266	4.719699
99.269208	8398.491322	10.730291	-0.022263	4.719708
99.172530	8398.473827	10.735296	-0.022240	4.719699
99.147227	8398.499912	10.740301	-0.022234	4.719705
99.220636	8398.468838	10.745306	-0.022252	4.719700
99.124964	8398.429823	10.750311	-0.022229	4.719685
99.354438	8398.460340	10.755315	-0.022284	4.719703
99.194144	8398.470131	10.760320	-0.022246	4.719699
99.219774	8398.495531	10.765325	-0.022252	4.719707
99.233165	8398.497968	10.770330	-0.022256	4.719709
99.137163	8398.506248	10.775335	-0.022233	4.719707
99.075401	8398.582654	10.780339	-0.022218	4.719726
99.160713	8398.507094	10.785344	-0.022239	4.719708
99.034652	8398.508513	10.790349	-0.022209	4.719704
99.242543	8398.492683	10.795354	-0.022259	4.719708
99.252133	8398.419177	10.800359	-0.022261	4.719688
99.180560	8398.467765	10.805363	-0.022244	4.719698
99.123320	8398.498512	10.810368	-0.022231	4.719704
99.093468	8398.491512	10.815373	-0.022224	4.719701
99.266170	8398.476318	10.820378	-0.022265	4.719704
99.250873	8398.458193	10.825383	-0.022262	4.719699
99.218182	8398.504481	10.830387	-0.022254	4.719710
99.072733	8398.485106	10.835392	-0.022220	4.719699
99.063200	8398.490889	10.840397	-0.022218	4.719700
99.231677	8398.517936	10.845402	-0.022258	4.719714
99.194247	8398.452419	10.850407	-0.022249	4.719695
99.295358	8398.499424	10.855411	-0.022274	4.719712
99.377439	8398.489585	10.860416	-0.022293	4.719713
99.158796	8398.473019	10.865421	-0.022241	4.719699
99.205337	8398.509991	10.870426	-0.022253	4.719711
99.172226	8398.458467	10.875431	-0.022245	4.719696
99.132411	8398.523794	10.880435	-0.022235	4.719712
99.160890	8398.471155	10.885440	-0.022242	4.719699
99.265967	8398.417460	10.890445	-0.022268	4.719688
99.172191	8398.480539	10.895450	-0.022246	4.719702
99.079624	8398.459069	10.900455	-0.022224	4.719692
99.158102	8398.493629	10.905459	-0.022243	4.719705
99.209245	8398.482680	10.910464	-0.022255	4.719704
99.234062	8398.433951	10.915469	-0.022261	4.719692
99.074366	8398.489778	10.920474	-0.022223	4.719701
99.180562	8398.443794	10.925479	-0.022249	4.719692
99.143271	8398.491878	10.930483	-0.022240	4.719704
99.191897	8398.444173	10.935488	-0.022252	4.719693
99.181568	8398.489446	10.940493	-0.022249	4.719705
99.234269	8398.487270	10.945498	-0.022262	4.719707
99.324596	8398.418853	10.950503	-0.022284	4.719691
99.241527	8398.514118	10.955507	-0.022264	4.719714
99.257682	8398.481278	10.960512	-0.022268	4.719706
99.394037	8398.446641	10.965517	-0.022301	4.719702
99.330140	8398.469359	10.970522	-0.022286	4.719706
99.137066	8398.471561	10.975527	-0.022240	4.719699
99.199509	8398.456713	10.980531	-0.022255	4.719697
99.183669	8398.411668	10.985536	-0.022251	4.719684
99.297366	8398.448961	10.990541	-0.022279	4.719699
99.227201	8398.460220	10.995546	-0.022262	4.719699
99.160763	8398.423687	11.000551	-0.022247	4.719686
99.243369	8398.463269	11.005555	-0.022266	4.719701
99.221827	8398.493304	11.010560	-0.022261	4.719708
99.144662	8398.522460	11.015565	-0.022243	4.719713
99.156877	8398.503694	11.020570	-0.022246	4.719709
99.177659	8398.476928	11.025575	-0.022251	4.719702
99.314839	8398.447795	11.030579	-0.022284	4.719699
99.276390	8398.479174	11.035584	-0.022275	4.719707
99.092502	8398.449660	11.040589	-0.022232	4.719691
99.266333	8398.442176	11.045594	-0.022273	4.719696
99.212332	8398.413952	11.050599	-0.022261	4.719686
99.318456	8398.406227	11.055603	-0.022286	4.719688
99.194939	8398.459023	11.060608	-0.022257	4.719698
99.187305	8398.425155	11.065613	-0.022255	4.719688
99.084259	8398.525587	11.070618	-0.022231	4.719712
99.197311	8398.471852	11.075623	-0.022258	4.719702
99.227035	8398.513529	11.080627	-0.022265	4.719714
99.166535	8398.396256	11.085632	-0.022251	4.719680
99.225871	8398.372861	11.090637	-0.022265	4.719675
99.331528	8398.492326	11.095642	-0.022291	4.719713
99.297958	8398.441995	11.100647	-0.022283	4.719698
99.110548	8398.495118	11.105651	-0.022238	4.719705
99.272648	8398.469097	11.110656	-0.022277	4.719704
99.264982	8398.402610	11.115661	-0.022276	4.719685
99.310034	8398.439799	11.120666	-0.022286	4.719698
99.239963	8398.411671	11.125671	-0.022270	4.719687
99.252064	8398.431170	11.130675	-0.022273	4.719693
99.207936	8398.462253	11.135680	-0.022263	4.719700
99.220465	8398.482815	11.140685	-0.022266	4.719706
99.343600	8398.534481	11.145690	-0.022295	4.719725
99.300362	8398.420312	11.150695	-0.022285	4.719692
99.329325	8398.485725	11.155699	-0.022292	4.719711
99.232339	8398.507648	11.160704	-0.022269	4.719714
99.272510	8398.467927	11.165709	-0.022279	4.719704
99.165980	8398.522744	11.170714	-0.022254	4.719715
99.263536	8398.422897	11.175719	-0.022277	4.719691
99.200071	8398.499551	11.180723	-0.022262	4.719710
99.083898	8398.514151	11.185728	-0.022235	4.719709
99.123263	8398.472298	11.190733	-0.022244	4.719699
99.206695	8398.544384	11.195738	-0.022264	4.719723
99.164088	8398.502121	11.200743	-0.022254	4.719709
99.254379	8398.520332	11.205747	-0.022276	4.719718
99.149674	8398.511884	11.210752	-0.022251	4.719712
99.258940	8398.498076	11.215757	-0.022278	4.719712
99.291305	8398.506743	11.220762	-0.022286	4.719716
99.233831	8398.465525	11.225767	-0.022272	4.719702
99.131235	8398.495018	11.230771	-0.022248	4.719706
99.238114	8398.451184	11.235776	-0.022273	4.719699
99.308354	8398.482447	11.240781	-0.022290	4.719710
99.408952	8398.473279	11.245786	-0.022315	4.719712
99.216533	8398.465259	11.250791	-0.022269	4.719702
99.084595	8398.513660	11.255795	-0.022237	4.719710
99.215836	8398.496644	11.260800	-0.022269	4.719710
99.286961	8398.468154	11.265805	-0.022286	4.719705
99.311815	8398.465543	11.270810	-0.022292	4.719706
99.158044	8398.484506	11.275815	-0.022256	4.719705
99.288264	8398.404641	11.280819	-0.022287	4.719688
99.135027	8398.479775	11.285824	-0.022250	4.719703
99.174544	8398.442399	11.290829	-0.022260	4.719694
99.374992	8398.459155	11.295834	-0.022308	4.719707
99.293286	8398.431599	11.300839	-0.022289	4.719696
99.285078	8398.439439	11.305843	-0.022287	4.719698
99.269725	8398.470821	11.310848	-0.022284	4.719706
99.226906	8398.491588	11.315853	-0.022274	4.719710
99.144592	8398.485496	11.320858	-0.022254	4.719705
99.226707	8398.463276	11.325863	-0.022274	4.719702
99.344883	8398.387419	11.330867	-0.022302	4.719686
99.328064	8398.446015	11.335872	-0.022298	4.719701
99.052839	8398.463583	11.340877	-0.022233	4.719695
99.240979	8398.482135	11.345882	-0.022278	4.719708
99.209216	8398.457414	11.350887	-0.022271	4.719700
99.200888	8398.459646	11.355891	-0.022269	4.719700
99.352537	8398.463276	11.360896	-0.022305	4.719707
99.281068	8398.438726	11.365901	-0.022288	4.719698
99.134179	8398.494934	11.370906	-0.022253	4.719707
99.259646	8396.212090	11.375911	-0.022283	4.719079
99.175544	8390.983405	11.380915	-0.022263	4.717624
99.000011	8385.875406	11.385920	-0.022221	4.716198
99.041187	8380.921572	11.390925	-0.022230	4.714824
99.124110	8376.165277	11.395930	-0.022250	4.713506
99.040311	8371.216852	11.400935	-0.022230	4.712127
98.990714	8366.059401	11.405939	-0.022218	4.710692
99.019866	8361.076051	11.410944	-0.022225	4.709307
98.946853	8355.899344	11.415949	-0.022207	4.707864
98.990700	8350.843900	11.420954	-0.022217	4.706459
98.926501	8345.754288	11.425959	-0.022202	4.705040
98.911908	8341.112976	11.430963	-0.022198	4.703747
98.919797	8336.068365	11.435968	-0.022200	4.702342
98.812941	8331.060143	11.440973	-0.022174	4.700943
98.857605	8325.866372	11.445978	-0.022185	4.699497
98.851349	8320.456646	11.450983	-0.022183	4.697989
98.782887	8315.436246	11.455987	-0.022166	4.696586
98.701251	8310.417083	11.460992	-0.022147	4.695183
98.804033	8305.677495	11.465997	-0.022171	4.693865
98.759195	8300.663628	11.471002	-0.022160	4.692464
98.712568	8295.601222	11.476007	-0.022149	4.691049
98.686223	8290.533986	11.481011	-0.022142	4.689632
98.647106	8285.521594	11.486016	-0.022133	4.688231
98.499890	8280.378260	11.491021	-0.022097	4.686787
98.684113	8275.371346	11.496026	-0.022141	4.685396
98.574740	8270.558215	11.501031	-0.022115	4.684045
98.515037	8265.678807	11.506035	-0.022100	4.682678
98.486759	8260.561822	11.511040	-0.022093	4.681245
98.370204	8255.425060	11.516045	-0.022065	4.679803
98.516091	8249.960642	11.521050	-0.022100	4.678280
98.497073	8244.873845	11.526055	-0.022095	4.676854
98.349833	8239.847985	11.531059	-0.022060	4.675440
98.259927	8235.033427	11.536064	-0.022038	4.674088
98.171384	8230.128757	11.541069	-0.022017	4.672709
98.300774	8224.999002	11.546074	-0.022048	4.671277
98.231297	8220.032103	11.551079	-0.022031	4.669881
98.261206	8214.869226	11.556083	-0.022038	4.668434
98.253646	8209.829286	11.561088	-0.022036	4.667019
98.181333	8204.663885	11.566093	-0.022018	4.665566
98.125785	8199.901125	11.571098	-0.022005	4.664227
98.164773	8194.966506	11.576103	-0.022014	4.662842
98.139011	8189.928716	11.581107	-0.022008	4.661426
98.047992	8184.880150	11.586112	-0.021986	4.660003
98.081313	8179.392340	11.591117	-0.021994	4.658462
97.994002	8174.460794	11.596122	-0.021972	4.657071
97.947358	8169.350344	11.601127	-0.021961	4.655632
98.012951	8164.611556	11.606131	-0.021977	4.654301
97.970094	8159.694333	11.611136	-0.021966	4.652915
97.975666	8154.557226	11.616141	-0.021967	4.651469
97.831963	8149.599669	11.621146	-0.021933	4.650067
97.765775	8144.412427	11.626151	-0.021917	4.648602
97.838085	8139.412788	11.631155	-0.021934	4.647197
97.830213	8134.323931	11.636160	-0.021932	4.645762
97.810856	8129.552788	11.641165	-0.021927	4.644416
97.769862	8124.680113	11.646170	-0.021917	4.643039
97.718934	8119.538265	11.651175	-0.021905	4.641586
97.626220	8114.466396	11.656179	-0.021882	4.640151
97.675595	8108.930934	11.661184	-0.021894	4.638590
97.514456	8103.906068	11.666189	-0.021855	4.637164
97.531213	8098.838825	11.671194	-0.021859	4.635733
97.697094	8093.992055	11.676199	-0.021898	4.634371
97.651349	8089.049006	11.681203	-0.021887	4.632972
97.494535	8083.949094	11.686208	-0.021850	4.631523
97.482445	8078.984062	11.691213	-0.021847	4.630118
97.491727	8073.887054	11.696218	-0.021849	4.628676
97.434473	8068.729143	11.701223	-0.021835	4.627214
97.474517	8063.771693	11.706227	-0.021844	4.625812
97.374961	8058.969648	11.711232	-0.021820	4.624448
97.273660	8054.005141	11.716237	-0.021796	4.623037
97.244185	8048.969337	11.721242	-0.021789	4.621608
97.308890	8043.759682	11.726247	-0.021804	4.620134
97.252618	8038.555084	11.731251	-0.021790	4.618656
97.352202	8033.360906	11.736256	-0.021814	4.617187
97.205679	8028.356337	11.741261	-0.021779	4.615761
97.334856	8023.631483	11.746266	-0.021809	4.614426
97.172977	8018.623564	11.751271	-0.021770	4.612997
97.158354	8013.608520	11.756275	-0.021767	4.611572
97.155936	8008.455772	11.761280	-0.021766	4.610108
97.074286	8003.381875	11.766285	-0.021746	4.608662
97.066421	7998.371604	11.771290	-0.021744	4.607238
97.061577	7993.252637	11.776295	-0.021743	4.605782
96.991750	7988.637132	11.781299	-0.021726	4.604466
96.904498	7983.642816	11.786304	-0.021705	4.603041
96.839608	7978.546753	11.791309	-0.021689	4.601588
96.858597	7973.279045	11.796314	-0.021694	4.600089
96.797093	7967.874477	11.801319	-0.021679	4.598547
96.926122	7962.794504	11.806323	-0.021709	4.597106
96.854741	7957.817808	11.811328	-0.021692	4.595684
96.772408	7953.080925	11.816333	-0.021672	4.594330
96.720940	7948.111796	11.821338	-0.021660	4.592911
96.697778	7943.005138	11.826343	-0.021654	4.591453
96.758437	7937.891213	11.831347	-0.021668	4.589997
96.628525	7932.850650	11.836352	-0.021637	4.588552
96.647161	7927.706158	11.841357	-0.021641	4.587084
96.651059	7922.747073	11.846362	-0.021642	4.585668
96.590427	7918.037959	11.851367	-0.021627	4.584320
96.476530	7912.977173	11.856371	-0.021600	4.582869
96.399852	7907.950320	11.861376	-0.021581	4.581428
96.561336	7902.634983	11.866381	-0.021620	4.579916
96.601913	7897.366813	11.871386	-0.021629	4.578410
96.458101	7892.365408	11.876391	-0.021595	4.576973
96.372638	7887.493708	11.881395	-0.021574	4.575574
96.437799	7882.665952	11.886400	-0.021590	4.574195
96.302544	7877.591594	11.891405	-0.021557	4.572736
96.405382	7872.562496	11.896410	-0.021581	4.571299
96.275214	7867.457917	11.901415	-0.021550	4.569831
96.215310	7862.431946	11.906419	-0.021536	4.568387
96.199978	7857.328591	11.911424	-0.021532	4.566923
96.190654	7852.392393	11.916429	-0.021529	4.565506
96.216777	7847.681555	11.921434	-0.021535	4.564156
96.157657	7842.587805	11.926439	-0.021521	4.562691
96.086642	7837.515020	11.931443	-0.021504	4.561231
96.170660	7831.997239	11.936448	-0.021524	4.559650
96.070606	7826.816304	11.941453	-0.021500	4.558157
96.111541	7821.714249	11.946458	-0.021509	4.556692
95.924067	7816.949290	11.951463	-0.021464	4.555314
96.006181	7812.035869	11.956467	-0.021484	4.553904
95.974672	7806.948117	11.961472	-0.021476	4.552439
95.915790	7801.914171	11.966477	-0.021462	4.550988
95.975358	7796.832285	11.971482	-0.021476	4.549528
95.787882	7791.699961	11.976487	-0.021431	4.548041
95.789968	7786.693545	11.981491	-0.021431	4.546599
95.820930	7781.898510	11.986496	-0.021438	4.545219
95.701393	7776.945302	11.991501	-0.021410	4.543785
95.805724	7771.899873	11.996506	-0.021434	4.542335
95.704221	7766.788909	12.001511	-0.021410	4.540856
95.535815	7761.414678	12.006515	-0.021369	4.539298
95.581385	7756.393518	12.011520	-0.021380	4.537851
95.449061	7751.371651	12.016525	-0.021348	4.536395
95.544983	7746.555147	12.021530	-0.021371	4.535008
95.534837	7741.568352	12.026535	-0.021368	4.533567
95.481021	7736.608660	12.031539	-0.021355	4.532131
95.483075	7731.470791	12.036544	-0.021356	4.530646
95.475555	7726.366401	12.041549	-0.021354	4.529170
95.498962	7721.362193	12.046554	-0.021359	4.527723
95.416358	7716.306874	12.051559	-0.021339	4.526257
95.376013	7711.544988	12.056563	-0.021329	4.524877
95.333466	7706.579018	12.061568	-0.021319	4.523437
95.377882	7701.531346	12.066573	-0.021329	4.521977
95.345634	7696.154246	12.071578	-0.021321	4.520417
95.466110	7690.792589	12.076583	-0.021350	4.518869
95.365527	7685.779294	12.081587	-0.021326	4.517411
95.227499	7680.839492	12.086592	-0.021293	4.515972
95.257813	7676.025176	12.091597	-0.021300	4.514576
95.128482	7671.022563	12.096602	-0.021269	4.513118
95.183163	7665.948118	12.101607	-0.021282	4.511648
95.068270	7660.810978	12.106611	-0.021254	4.510151
95.271277	7655.728143	12.111616	-0.021302	4.508684
95.041992	7650.740161	12.116621	-0.021247	4.507223
95.075958	7645.920597	12.121626	-0.021255	4.505824
94.928225	7641.009282	12.126631	-0.021220	4.504389
95.022353	7635.986347	12.131635	-0.021242	4.502933
94.987805	7630.934945	12.136640	-0.021234	4.501461
94.908771	7625.500104	12.141645	-0.021214	4.499876
94.852390	7620.422570	12.146650	-0.021201	4.498394
94.745514	7615.343370	12.151655	-0.021175	4.496910
94.891537	7610.583600	12.156659	-0.021210	4.495530
94.802172	7605.630053	12.161664	-0.021188	4.494082
94.833123	7600.530576	12.166669	-0.021195	4.492597
94.868814	7595.572196	12.171674	-0.021204	4.491153
94.859879	7590.424931	12.176679	-0.021201	4.489651
94.742169	7585.329732	12.181683	-0.021173	4.488158
94.713324	7580.303678	12.186688	-0.021166	4.486690
94.570066	7575.632021	12.191693	-0.021132	4.485319
94.571322	7570.706705	12.196698	-0.021132	4.483880
94.550623	7565.550578	12.201703	-0.021127	4.482372
94.406991	7560.391274	12.206707	-0.021092	4.480857
94.402071	7555.149525	12.211712	-0.021091	4.479324
94.349973	7550.034920	12.216717	-0.021078	4.477826
94.427785	7545.015320	12.221722	-0.021096	4.476361
94.440631	7540.208816	12.226727	-0.021099	4.474955
94.299106	7535.230561	12.231731	-0.021065	4.473490
94.243958	7530.156229	12.236736	-0.021052	4.472001
94.363674	7525.015622	12.241741	-0.021080	4.470501
94.322755	7519.994469	12.246746	-0.021070	4.469028
94.292884	7514.920939	12.251751	-0.021063	4.467539
94.141177	7510.099704	12.256755	-0.021027	4.466117
94.123435	7505.212593	12.261760	-0.021022	4.464683
94.111808	7500.099455	12.266765	-0.021019	4.463182
94.299332	7495.066850	12.271770	-0.021064	4.461714
94.137611	7489.703107	12.276775	-0.021025	4.460131
94.150866	7484.550567	12.281779	-0.021028	4.458618
93.947458	7479.500478	12.286784	-0.020979	4.457123
93.977658	7474.765858	12.291789	-0.020986	4.455733
94.104513	7469.824045	12.296794	-0.021016	4.454286
94.035072	7464.706193	12.301799	-0.021000	4.452778
94.008089	7459.657088	12.306803	-0.020993	4.451291
93.892481	7454.591987	12.311808	-0.020965	4.449794
93.989741	7449.463508	12.316813	-0.020988	4.448289
93.982298	7444.438419	12.321818	-0.020986	4.446808
93.836836	7439.774542	12.326823	-0.020951	4.445427
93.839896	7434.682065	12.331827	-0.020952	4.443926
93.849917	7429.636693	12.336832	-0.020954	4.442439
93.748003	7424.264076	12.341837	-0.020929	4.440849
93.709601	7419.078199	12.346842	-0.020920	4.439317
93.651570	7413.959908	12.351847	-0.020906	4.437804
93.695547	7409.046748	12.356851	-0.020916	4.436356
93.698470	7404.241617	12.361856	-0.020917	4.434937
93.651333	7399.143435	12.366861	-0.020905	4.433428
93.709816	7394.077323	12.371866	-0.020919	4.431934
93.650778	7388.984671	12.376871	-0.020905	4.430425
93.582287	7383.924963	12.381875	-0.020888	4.428926
93.603732	7378.867227	12.386880	-0.020893	4.427430
93.508153	7374.134218	12.391885	-0.020870	4.426025
93.502666	7369.219443	12.396890	-0.020869	4.424570
93.537515	7364.076864	12.401895	-0.020877	4.423049
93.422788	7358.928331	12.406899	-0.020849	4.421518
93.211555	7353.656212	12.411904	-0.020798	4.419944
93.214648	7348.588791	12.416909	-0.020799	4.418442
93.428674	7343.553695	12.421914	-0.020850	4.416960
93.364904	7338.804387	12.426919	-0.020835	4.415548
93.291911	7333.764734	12.431923	-0.020817	4.414049
93.239917	7328.709478	12.436928	-0.020804	4.412546
93.117020	7323.638923	12.441933	-0.020775	4.411034
93.256146	7318.584201	12.446938	-0.020808	4.409540
93.157852	7313.518091	12.451943	-0.020784	4.408029
93.037291	7308.610973	12.456947	-0.020755	4.406564
93.031286	7303.828209	12.461952	-0.020754	4.405142
93.096273	7298.697656	12.466957	-0.020769	4.403619
93.004601	7293.685542	12.471962	-0.020747	4.402123
92.849947	7288.116786	12.476967	-0.020710	4.400458
92.956013	7283.068315	12.481971	-0.020735	4.398960
92.937131	7277.935585	12.486976	-0.020730	4.397430
92.792383	7273.168344	12.491981	-0.020695	4.396002
92.938316	7268.228913	12.496986	-0.020730	4.394538
92.715800	7263.176026	12.501991	-0.020677	4.393020
92.919505	7258.082135	12.506995	-0.020725	4.391511
92.813421	7253.014334	12.512000	-0.020700	4.389994
92.728909	7247.894306	12.517005	-0.020679	4.388461
92.779767	7242.921498	12.522010	-0.020691	4.386979
92.739049	7238.178735	12.527015	-0.020681	4.385560
92.641203	7233.149882	12.532019	-0.020658	4.384053
92.749822	7228.089298	12.537024	-0.020683	4.382546
92.638314	7222.713481	12.542029	-0.020657	4.380933
92.639254	7217.654714	12.547034	-0.020657	4.379420
92.493841	7212.550687	12.552039	-0.020622	4.377885
92.474166	7207.718146	12.557043	-0.020617	4.376438
92.456020	7202.819168	12.562048	-0.020612	4.374970
92.480979	7197.708836	12.567053	-0.020618	4.373441
92.441450	7192.707635	12.572058	-0.020608	4.371941
92.533163	7187.578505	12.577063	-0.020630	4.370408
92.435521	7182.515158	12.582067	-0.020607	4.368885
92.347938	7177.468464	12.587072	-0.020585	4.367367
92.305751	7172.796230	12.592077	-0.020575	4.365963
92.266198	7167.776608	12.597082	-0.020566	4.364454
92.313759	7162.676584	12.602087	-0.020577	4.362926
92.179592	7157.340683	12.607091	-0.020544	4.361316
92.227702	7152.113311	12.612096	-0.020556	4.359748
92.108861	7147.016450	12.617101	-0.020527	4.358210
92.171330	7142.153594	12.622106	-0.020542	4.356751
92.069205	7137.316756	12.627111	-0.020517	4.355291
92.080603	7132.200720	12.632115	-0.020520	4.353753
91.995343	7127.229393	12.637120	-0.020499	4.352252
92.057304	7122.092268	12.642125	-0.020514	4.350709
92.065173	7117.047544	12.647130	-0.020516	4.349190
92.182737	7111.910179	12.652135	-0.020544	4.347649
91.967982	7107.262382	12.657139	-0.020492	4.346236
91.920938	7102.262805	12.662144	-0.020481	4.344726
91.826393	7097.173178	12.667149	-0.020458	4.343186
91.997962	7091.926502	12.672154	-0.020499	4.341613
91.819723	7086.695406	12.677159	-0.020456	4.340024
91.704019	7081.679299	12.682163	-0.020428	4.338504
91.645375	7076.800361	12.687168	-0.020414	4.337027
91.701684	7071.875366	12.692173	-0.020427	4.335542
91.682418	7066.869720	12.697178	-0.020422	4.334028
91.598620	7061.818716	12.702183	-0.020402	4.332497
91.615285	7056.718214	12.707187	-0.020406	4.330955
91.466763	7051.679528	12.712192	-0.020370	4.329422
91.529499	7046.610357	12.717197	-0.020385	4.327892
91.537857	7041.942595	12.722202	-0.020387	4.326479
91.457154	7036.905082	12.727207	-0.020367	4.324949
91.432618	7031.826148	12.732211	-0.020361	4.323409
91.329610	7026.497663	12.737216	-0.020336	4.321788
91.458082	7021.199898	12.742221	-0.020367	4.320189
91.423020	7016.163489	12.747226	-0.020358	4.318659
91.328798	7011.255967	12.752231	-0.020336	4.317165
91.312171	7006.393540	12.757235	-0.020331	4.315689
91.306981	7001.338433	12.762240	-0.020330	4.314154
91.229824	6996.274703	12.767245	-0.020311	4.312611
91.257457	6991.189445	12.772250	-0.020318	4.311068
91.144756	6986.085592	12.777255	-0.020291	4.309510
91.216428	6981.003074	12.782259	-0.020308	4.307969
91.234001	6976.312022	12.787264	-0.020312	4.306543
91.168137	6971.298321	12.792269	-0.020296	4.305014
90.998209	6966.272798	12.797274	-0.020255	4.303475
91.001803	6960.996698	12.802279	-0.020256	4.301868
90.959821	6955.845757	12.807283	-0.020245	4.300297
91.029380	6950.738583	12.812288	-0.020262	4.298745
90.977064	6945.806305	12.817293	-0.020249	4.297238
90.998595	6940.974708	12.822298	-0.020254	4.295766
90.867808	6935.926355	12.827303	-0.020223	4.294219
90.733070	6930.760914	12.832307	-0.020190	4.292635
90.867736	6925.615958	12.837312	-0.020222	4.291073
90.919594	6920.505579	12.842317	-0.020234	4.289515
90.943497	6915.446171	12.847322	-0.020240	4.287971
90.667485	6910.812063	12.852327	-0.020174	4.286539
90.663916	6905.761302	12.857331	-0.020173	4.284995
90.778463	6900.722012	12.862336	-0.020200	4.283460
90.674748	6895.303749	12.867341	-0.020175	4.281797
90.703270	6890.140397	12.872346	-0.020182	4.280219
90.535214	6885.061504	12.877351	-0.020141	4.278654
90.586563	6880.183070	12.882355	-0.020153	4.277163
90.648116	6875.283017	12.887360	-0.020168	4.275665
90.582600	6870.201664	12.892365	-0.020152	4.274104
90.476263	6865.159354	12.897370	-0.020126	4.272553
90.426931	6860.071596	12.902375	-0.020114	4.270989
90.443982	6854.977346	12.907379	-0.020118	4.269427
90.472296	6850.036411	12.912384	-0.020125	4.267913
90.448337	6845.242248	12.917389	-0.020119	4.266439
90.213824	6840.275866	12.922394	-0.020063	4.264900
90.356366	6835.186644	12.927399	-0.020097	4.263345
90.400509	6829.789714	12.932403	-0.020107	4.261689
90.371688	6824.681676	12.937408	-0.020100	4.260117
90.213013	6819.636525	12.942413	-0.020062	4.258556
90.323364	6814.852983	12.947418	-0.020088	4.257090
90.307218	6809.880939	12.952423	-0.020084	4.255559
90.231003	6804.838904	12.957427	-0.020065	4.254002
90.149728	6799.806790	12.962432	-0.020046	4.252447
90.070801	6794.730515	12.967437	-0.020027	4.250878
90.116549	6789.624456	12.972442	-0.020038	4.249307
90.043102	6784.737178	12.977447	-0.020020	4.247796
90.012604	6779.920429	12.982451	-0.020012	4.246308
89.940970	6774.868392	12.987456	-0.019995	4.244745
89.886639	6769.756313	12.992461	-0.019982	4.243164
89.980554	6764.218778	12.997466	-0.020004	4.241459
89.823100	6759.144412	13.002471	-0.019966	4.239882
89.942645	6754.066790	13.007475	-0.019995	4.238320
89.948126	6749.369090	13.012480	-0.019996	4.236868
89.828152	6744.275016	13.017485	-0.019967	4.235285
89.872950	6739.244309	13.022490	-0.019977	4.233731
89.816151	6734.165216	13.027495	-0.019964	4.232156
89.587780	6729.154037	13.032499	-0.019909	4.230591
89.686582	6724.049066	13.037504	-0.019932	4.229016
89.635879	6719.179024	13.042509	-0.019920	4.227504
89.578105	6714.327197	13.047514	-0.019906	4.225996
89.585041	6709.230191	13.052519	-0.019907	4.224416
89.563174	6704.091297	13.057523	-0.019902	4.222821
89.623181	6698.802872	13.062528	-0.019916	4.221183
89.525580	6693.740756	13.067533	-0.019893	4.219606
89.449494	6688.814137	13.072538	-0.019874	4.218072
89.529808	6683.983896	13.077543	-0.019893	4.216576
89.367589	6678.955865	13.082547	-0.019854	4.215004
89.353333	6673.906334	13.087552	-0.019851	4.213433
89.299792	6668.772912	13.092557	-0.019838	4.211833
89.303086	6663.752911	13.097562	-0.019838	4.210272
89.291444	6658.690513	13.102567	-0.019835	4.208695
89.276562	6653.957460	13.107571	-0.019832	4.207221
89.301954	6648.964751	13.112576	-0.019838	4.205667
89.259325	6643.898854	13.117581	-0.019827	4.204086
89.147155	6638.521860	13.122586	-0.019800	4.202404
89.114409	6633.310878	13.127591	-0.019792	4.200777
89.155059	6628.238814	13.132595	-0.019802	4.199197
89.273813	6623.349570	13.137600	-0.019830	4.197678
89.029598	6618.468391	13.142605	-0.019771	4.196140
89.100089	6613.447103	13.147610	-0.019788	4.194576
88.922859	6608.388804	13.152615	-0.019745	4.192985
88.886731	6603.269133	13.157619	-0.019737	4.191383
88.991668	6598.242827	13.162624	-0.019761	4.189818
88.866325	6593.269127	13.167629	-0.019731	4.188255
88.844822	6588.513560	13.172634	-0.019726	4.186765
88.878465	6583.413870	13.177639	-0.019734	4.185171
88.817070	6578.359549	13.182643	-0.019719	4.183585
88.820514	6573.009527	13.187648	-0.019720	4.181910
88.735543	6567.923937	13.192653	-0.019699	4.180311
88.656835	6562.898842	13.197658	-0.019680	4.178731
88.727767	6558.174905	13.202663	-0.019697	4.177254
88.676350	6553.103408	13.207667	-0.019684	4.175660
88.686215	6548.068622	13.212672	-0.019687	4.174080
88.618833	6542.951438	13.217677	-0.019670	4.172470
88.667286	6537.904991	13.222682	-0.019682	4.170888
88.580806	6532.851131	13.227687	-0.019661	4.169294
88.596645	6528.059213	13.232691	-0.019664	4.167789
88.423178	6523.135433	13.237696	-0.019623	4.166231
88.449636	6518.089926	13.242701	-0.019629	4.164645
88.418795	6512.785794	13.247706	-0.019621	4.162974
88.359634	6507.488383	13.252711	-0.019607	4.161303
88.387433	6502.392074	13.257715	-0.019613	4.159700
88.214474	6497.542369	13.262720	-0.019572	4.158161
88.251821	6492.639189	13.267725	-0.019581	4.156618
88.210191	6487.572215	13.272730	-0.019571	4.155018
88.204825	6482.525778	13.277735	-0.019569	4.153427
88.196851	6477.406606	13.282739	-0.019567	4.151811
88.150821	6472.358264	13.287744	-0.019556	4.150215
88.147029	6467.400400	13.292749	-0.019555	4.148649
88.099829	6462.615062	13.297754	-0.019543	4.147134
88.299465	6457.486251	13.302759	-0.019591	4.145526
88.116576	6452.460856	13.307763	-0.019547	4.143926
88.024664	6447.091730	13.312768	-0.019525	4.142223
87.963479	6442.016702	13.317773	-0.019510	4.140613
87.953652	6436.988695	13.322778	-0.019507	4.139021
87.918376	6432.257530	13.327783	-0.019499	4.137521
87.888502	6427.230379	13.332787	-0.019491	4.135927
87.713346	6422.156266	13.337792	-0.019449	4.134308
87.787650	6417.038455	13.342797	-0.019467	4.132691
87.855876	6412.022268	13.347802	-0.019483	4.131105
87.838981	6406.930497	13.352807	-0.019479	4.129488
87.858347	6402.140370	13.357811	-0.019483	4.127969
87.801214	6397.222740	13.362816	-0.019469	4.126405
87.681241	6392.156398	13.367821	-0.019441	4.124788
87.629683	6386.808231	13.372826	-0.019428	4.123086
87.521510	6381.598338	13.377831	-0.019402	4.121423
87.718499	6376.490464	13.382835	-0.019449	4.119811
87.561219	6371.687094	13.387840	-0.019411	4.118273
87.574311	6366.738602	13.392845	-0.019414	4.116700
87.502363	6361.714930	13.397850	-0.019397	4.115096
87.484264	6356.625580	13.402855	-0.019392	4.113474
87.379920	6351.535977	13.407859	-0.019367	4.111846
87.436857	6346.490430	13.412864	-0.019380	4.110241
87.494683	6341.540636	13.417869	-0.019394	4.108667
87.267566	6336.766542	13.422874	-0.019340	4.107130
87.419150	6331.617696	13.427879	-0.019376	4.105497
87.298102	6326.534608	13.432883	-0.019346	4.103866
87.400011	6321.204316	13.437888	-0.019371	4.102171
87.202050	6316.148747	13.442893	-0.019323	4.100543
87.245700	6311.203688	13.447898	-0.019333	4.098965
87.251143	6306.396138	13.452903	-0.019334	4.097429
87.176159	6301.296310	13.457907	-0.019316	4.095793
87.074951	6296.325796	13.462912	-0.019292	4.094196
86.943535	6291.200524	13.467917	-0.019260	4.092547
87.024341	6286.160092	13.472922	-0.019280	4.090938
87.081023	6281.079736	13.477927	-0.019293	4.089314
86.969756	6276.428959	13.482931	-0.019266	4.087817
86.941781	6271.323897	13.487936	-0.019259	4.086178
86.980732	6266.240381	13.492941	-0.019268	4.084550
86.963668	6260.759733	13.497946	-0.019264	4.082791
86.913500	6255.636313	13.502951	-0.019252	4.081143
86.814222	6250.587189	13.507955	-0.019228	4.079515
86.870843	6245.879519	13.512960	-0.019241	4.078007
86.757520	6240.843987	13.517965	-0.019214	4.076381
86.757966	6235.801853	13.522970	-0.019214	4.074760
86.812847	6230.671999	13.527975	-0.019227	4.073114
86.754339	6225.649825	13.532979	-0.019213	4.071494
86.567721	6220.612222	13.537984	-0.019168	4.069861
86.674191	6215.814337	13.542989	-0.019193	4.068323
86.623775	6210.804224	13.547994	-0.019181	4.066705
86.635742	6205.730069	13.552999	-0.019184	4.065071
86.528459	6200.480044	13.558003	-0.019158	4.063371
86.451086	6195.389672	13.563008	-0.019139	4.061725
86.471341	6190.289092	13.568013	-0.019144	4.060080
86.460553	6185.435796	13.573018	-0.019141	4.058513
86.456871	6180.488187	13.578023	-0.019140	4.056915
86.432115	6175.460866	13.583027	-0.019134	4.055290
86.441149	6170.375492	13.588032	-0.019136	4.053647
86.288276	6165.258901	13.593037	-0.019099	4.051982
86.436796	6160.230979	13.598042	-0.019134	4.050366
86.202783	6155.433416	13.603047	-0.019078	4.048798
86.235174	6150.394782	13.608051	-0.019086	4.047169
86.145864	6145.326421	13.613056	-0.019064	4.045522
86.194099	6139.986042	13.618061	-0.019076	4.043796
86.146659	6134.745717	13.623066	-0.019064	4.042094
86.085895	6129.659589	13.628071	-0.019049	4.040441
86.033385	6124.829830	13.633075	-0.019037	4.038871
86.014926	6119.890061	13.638080	-0.019032	4.037267
85.995190	6114.785216	13.643085	-0.019027	4.035608
85.874228	6109.819770	13.648090	-0.018998	4.033988
86.027034	6104.679444	13.653095	-0.019034	4.032328
85.998981	6099.596029	13.658099	-0.019027	4.030674
85.841876	6094.751766	13.663104	-0.018990	4.029088
85.973503	6089.847500	13.668109	-0.019021	4.027502
85.654112	6084.881660	13.673114	-0.018944	4.025865
85.853052	6079.625928	13.678119	-0.018992	4.024167
85.722745	6074.370981	13.683123	-0.018960	4.022447
85.802291	6069.315989	13.688128	-0.018979	4.020805
85.734034	6064.396337	13.693133	-0.018963	4.019197
85.630167	6059.553118	13.698138	-0.018938	4.017611
85.710597	6054.508766	13.703143	-0.018957	4.015971
85.588291	6049.472479	13.708147	-0.018927	4.014319
85.518004	6044.385361	13.713152	-0.018910	4.012654
85.535024	6039.289749	13.718157	-0.018914	4.010990
85.616475	6034.376671	13.723162	-0.018934	4.009391
85.539114	6029.555147	13.728167	-0.018915	4.007809
85.415627	6024.510413	13.733171	-0.018885	4.006151
85.368816	6019.344860	13.738176	-0.018874	4.004458
85.409921	6013.913179	13.743181	-0.018883	4.002683
85.305722	6008.867135	13.748186	-0.018858	4.001024
85.304783	6003.934915	13.753191	-0.018858	3.999408
85.377929	5999.071016	13.758195	-0.018875	3.997820
85.386445	5993.979837	13.763200	-0.018877	3.996151
85.375341	5988.925368	13.768205	-0.018874	3.994493
85.296158	5983.884499	13.773210	-0.018855	3.992834
85.192966	5978.832749	13.778215	-0.018830	3.991168
85.113556	5973.869376	13.783219	-0.018811	3.989533
85.058568	5969.075836	13.788224	-0.018798	3.987954
84.988764	5964.008108	13.793229	-0.018781	3.986284
85.027680	5958.939475	13.798234	-0.018790	3.984620
84.933134	5953.583283	13.803239	-0.018767	3.982852
85.013375	5948.506460	13.808243	-0.018786	3.981187
85.071571	5943.628878	13.813248	-0.018800	3.979586
84.762825	5938.799759	13.818253	-0.018726	3.977974
84.982173	5933.664561	13.823258	-0.018778	3.976297
84.860305	5928.664490	13.828263	-0.018749	3.974641
84.792596	5923.548079	13.833267	-0.018732	3.972949
84.838841	5918.487235	13.838272	-0.018743	3.971283
84.809379	5913.595928	13.843277	-0.018736	3.969666
84.716105	5908.775036	13.848282	-0.018714	3.968068
84.690673	5903.690294	13.853287	-0.018707	3.966387
84.588617	5898.505969	13.858291	-0.018683	3.964667
84.705174	5893.105471	13.863296	-0.018710	3.962890
84.616158	5888.057941	13.868301	-0.018689	3.961214
84.637055	5883.179676	13.873306	-0.018694	3.959602
84.507153	5878.244135	13.878311	-0.018662	3.957959
84.548921	5873.199523	13.883315	-0.018672	3.956291
84.370712	5868.225747	13.888320	-0.018629	3.954631
84.445169	5863.073840	13.893325	-0.018647	3.952929
84.496679	5858.032593	13.898330	-0.018659	3.951261
84.328436	5853.134652	13.903335	-0.018619	3.949625
84.373867	5848.271051	13.908339	-0.018630	3.948014
84.448127	5843.194498	13.913344	-0.018647	3.946334
84.310129	5837.985208	13.918349	-0.018614	3.944594
84.282653	5832.779885	13.923354	-0.018607	3.942863
84.175400	5827.733918	13.928359	-0.018581	3.941178
84.274694	5822.843760	13.933363	-0.018605	3.939559
84.067110	5817.999115	13.938368	-0.018555	3.937932
84.180908	5812.873499	13.943373	-0.018582	3.936234
84.138723	5807.855850	13.948378	-0.018572	3.934561
84.189926	5802.716202	13.953383	-0.018584	3.932852
84.022159	5797.691584	13.958387	-0.018544	3.931166
84.204453	5792.825774	13.963392	-0.018587	3.929557
84.018965	5787.897237	13.968397	-0.018542	3.927900
83.921071	5782.928522	13.973402	-0.018519	3.926235
83.908735	5777.525488	13.978407	-0.018516	3.924430
83.971416	5772.282534	13.983411	-0.018530	3.922684
83.827556	5767.236098	13.988416	-0.018496	3.920987
83.784763	5762.395034	13.993421	-0.018485	3.919366
83.728654	5757.461800	13.998426	-0.018472	3.917712
83.753119	5752.365771	14.003431	-0.018478	3.916009
83.708222	5747.312189	14.008435	-0.018467	3.914315
83.801804	5742.224197	14.013440	-0.018489	3.912618
83.559953	5737.194536	14.018445	-0.018431	3.910915
83.772139	5732.359895	14.023450	-0.018481	3.909311
83.608468	5727.431161	14.028455	-0.018442	3.907646
83.685777	5722.337631	14.033459	-0.018460	3.905944
83.508214	5717.063721	14.038464	-0.018418	3.904161
83.369222	5711.973541	14.043469	-0.018384	3.902442
83.461274	5706.917014	14.048474	-0.018406	3.900750
83.440340	5702.152070	14.053479	-0.018401	3.899148
83.489359	5697.072950	14.058483	-0.018412	3.897444
83.457591	5692.052678	14.063488	-0.018405	3.895754
83.304029	5686.939706	14.068493	-0.018368	3.894022
83.333693	5681.914144	14.073498	-0.018375	3.892333
83.231723	5676.898265	14.078503	-0.018350	3.890636
83.327070	5672.130444	14.083507	-0.018373	3.889037
83.308478	5667.103354	14.088512	-0.018368	3.887342
83.285127	5661.964715	14.093517	-0.018362	3.885607
83.196131	5656.548546	14.098522	-0.018341	3.883774
83.071895	5651.484913	14.103527	-0.018311	3.882056
83.018337	5646.547623	14.108531	-0.018298	3.880385
83.150509	5641.697295	14.113536	-0.018329	3.878756
83.055057	5636.624724	14.118541	-0.018306	3.877035
83.015307	5631.612339	14.123546	-0.018297	3.875338
83.150052	5626.476956	14.128551	-0.018329	3.873611
83.083379	5621.377162	14.133555	-0.018313	3.871881
82.856724	5616.593434	14.138560	-0.018258	3.870244
82.873111	5611.674275	14.143565	-0.018262	3.868580
83.007336	5606.606821	14.148570	-0.018294	3.866873
82.879259	5601.397875	14.153575	-0.018263	3.865098
82.800841	5596.186828	14.158579	-0.018244	3.863325
82.721391	5591.188190	14.163584	-0.018225	3.861623
82.739138	5586.291643	14.168589	-0.018229	3.859962
82.863227	5581.343297	14.173594	-0.018258	3.858291
82.767643	5576.302424	14.178599	-0.018235	3.856572
82.656186	5571.233376	14.183603	-0.018209	3.854841
82.661604	5566.200365	14.188608	-0.018210	3.853130
82.589297	5561.136388	14.193613	-0.018192	3.851402
82.582941	5556.348039	14.198618	-0.018190	3.849772
82.511569	5551.393740	14.203623	-0.018173	3.848080
82.460633	5546.329882	14.208627	-0.018161	3.846351
82.433227	5540.959906	14.213632	-0.018154	3.844519
82.477351	5535.798109	14.218637	-0.018164	3.842763
82.441235	5530.807535	14.223642	-0.018156	3.841058
82.511590	5525.969228	14.228647	-0.018172	3.839412
82.257856	5521.002340	14.233651	-0.018111	3.837697
82.332993	5515.891196	14.238656	-0.018129	3.835957
82.263099	5510.819324	14.243661	-0.018112	3.834219
82.338187	5505.720093	14.248666	-0.018130	3.832482
82.168281	5500.839505	14.253671	-0.018089	3.830799
82.184291	5495.850165	14.258675	-0.018093	3.829094
82.222508	5490.766882	14.263680	-0.018102	3.827356
82.021921	5485.642817	14.268685	-0.018054	3.825586
82.153993	5480.360947	14.273690	-0.018085	3.823787
81.972221	5475.283074	14.278695	-0.018041	3.822032
81.962550	5470.448363	14.283699	-0.018039	3.820373
82.115010	5465.472878	14.288704	-0.018075	3.818678
81.961998	5460.448199	14.293709	-0.018038	3.816942
82.011333	5455.351251	14.298714	-0.018050	3.815195
81.937634	5450.298851	14.303719	-0.018032	3.813454
81.775300	5445.265119	14.308723	-0.017993	3.811711
81.798166	5440.501527	14.313728	-0.017999	3.810075
81.711759	5435.546863	14.318733	-0.017978	3.808364
81.630038	5430.436510	14.323738	-0.017958	3.806599
81.739368	5425.010769	14.328743	-0.017984	3.804739
81.703547	5419.836057	14.333747	-0.017975	3.802953
81.645985	5414.853443	14.338752	-0.017961	3.801232
81.517986	5410.147018	14.343757	-0.017930	3.799599
81.667583	5404.996198	14.348762	-0.017966	3.797834
81.595828	5399.975622	14.353767	-0.017949	3.796095
81.485944	5394.863866	14.358771	-0.017922	3.794322
81.502519	5389.790919	14.363776	-0.017926	3.792570
81.494404	5384.902920	14.368781	-0.017924	3.790881
81.476837	5380.009318	14.373786	-0.017919	3.789187
81.446822	5374.974563	14.378791	-0.017912	3.787443
81.365573	5369.789641	14.383795	-0.017892	3.785642
81.316885	5364.591698	14.388800	-0.017881	3.783839
81.265358	5359.546465	14.393805	-0.017868	3.782087
81.246972	5354.683369	14.398810	-0.017864	3.780400
81.319675	5349.714375	14.403815	-0.017881	3.778683
81.351400	5344.634582	14.408819	-0.017888	3.776924
81.286829	5339.580007	14.413824	-0.017873	3.775164
81.246241	5334.507055	14.418829	-0.017863	3.773400
81.162361	5329.457160	14.423834	-0.017842	3.771639
81.212960	5324.719313	14.428839	-0.017854	3.769997
81.094881	5319.695302	14.433843	-0.017826	3.768240
81.115612	5314.588981	14.438848	-0.017831	3.766466
81.027288	5309.105541	14.443853	-0.017809	3.764551
80.912338	5304.107908	14.448858	-0.017782	3.762801
80.891682	5299.145686	14.453863	-0.017777	3.761071
80.838491	5294.293521	14.458867	-0.017764	3.759376
80.806589	5289.242634	14.463872	-0.017756	3.757612
80.866837	5284.155077	14.468877	-0.017770	3.755842
80.822814	5279.045554	14.473882	-0.017759	3.754056
80.901659	5273.996945	14.478887	-0.017778	3.752299
80.730486	5269.127007	14.483891	-0.017737	3.750584
80.808728	5264.218038	14.488896	-0.017755	3.748875
80.754513	5259.142710	14.493901	-0.017742	3.747096
80.636550	5253.854303	14.498906	-0.017714	3.745237
80.697940	5248.731439	14.503911	-0.017728	3.743449
80.727730	5243.662856	14.508915	-0.017735	3.741676
80.546603	5238.999057	14.513920	-0.017692	3.740028
80.464547	5233.886137	14.518925	-0.017672	3.738229
80.411981	5228.871257	14.523930	-0.017659	3.736467
80.387421	5223.803354	14.528935	-0.017653	3.734687
80.412216	5218.658871	14.533939	-0.017659	3.732883
80.496357	5213.785784	14.538944	-0.017679	3.731179
80.425206	5208.925981	14.543949	-0.017662	3.729466
80.418371	5203.850170	14.548954	-0.017660	3.727681
80.362157	5198.570779	14.553959	-0.017646	3.725820
80.253074	5193.354219	14.558963	-0.017620	3.723976
80.238377	5188.311677	14.563968	-0.017616	3.722200
80.253295	5183.463200	14.568973	-0.017620	3.720494
80.298990	5178.468043	14.573978	-0.017630	3.718738
80.094038	5173.466220	14.578983	-0.017581	3.716958
79.997259	5168.380631	14.583987	-0.017558	3.715156
79.863228	5163.338949	14.588992	-0.017526	3.713367
79.929615	5158.368886	14.593997	-0.017541	3.711618
80.080580	5153.481292	14.599002	-0.017577	3.709904
80.011880	5148.442189	14.604007	-0.017561	3.708118
79.892383	5143.269062	14.609011	-0.017532	3.706279
79.926729	5138.084685	14.614016	-0.017540	3.704449
79.922608	5133.002696	14.619021	-0.017539	3.702650
79.988194	5128.103487	14.624026	-0.017554	3.700921
79.788904	5123.245586	14.629031	-0.017506	3.699184
79.812823	5118.133453	14.634035	-0.017512	3.697374
79.844270	5113.077512	14.639040	-0.017519	3.695585
79.816433	5107.991262	14.644045	-0.017512	3.693778
79.833516	5102.993724	14.649050	-0.017516	3.692006
79.561426	5098.269486	14.654055	-0.017451	3.690306
79.565938	5093.233932	14.659059	-0.017452	3.688518
79.584121	5088.071138	14.664064	-0.017456	3.686685
79.556366	5082.659237	14.669069	-0.017449	3.684758
79.575099	5077.617381	14.674074	-0.017453	3.682966
79.428407	5072.768600	14.679079	-0.017418	3.681228
79.468100	5067.791512	14.684083	-0.017428	3.679459
79.442815	5062.727850	14.689088	-0.017421	3.677653
79.410783	5057.650761	14.694093	-0.017413	3.675841
79.534415	5052.547358	14.699098	-0.017443	3.674031
79.383067	5047.548915	14.704103	-0.017406	3.672235
79.360622	5042.738516	14.709107	-0.017401	3.670516
79.254442	5037.754387	14.714112	-0.017375	3.668727
79.183140	5032.648305	14.719117	-0.017358	3.666897
79.118163	5027.366943	14.724122	-0.017342	3.665003
79.204470	5022.276804	14.729127	-0.017363	3.663190
79.104488	5017.380659	14.734131	-0.017339	3.661429
79.073961	5012.507068	14.739136	-0.017331	3.659682
79.130208	5007.380849	14.744141	-0.017345	3.657851
79.057045	5002.381924	14.749146	-0.017327	3.656053
79.012576	4997.278569	14.754151	-0.017316	3.654220
78.926490	4992.220734	14.759155	-0.017295	3.652398
79.066772	4987.495194	14.764160	-0.017329	3.650714
79.146146	4982.367282	14.769165	-0.017347	3.648879
78.944956	4977.316460	14.774170	-0.017299	3.647048
78.877012	4971.929154	14.779175	-0.017283	3.645105
78.797526	4966.830421	14.784179	-0.017263	3.643265
78.848485	4961.963455	14.789184	-0.017275	3.641518
78.746483	4957.036421	14.794189	-0.017251	3.639736
78.799229	4951.973536	14.799194	-0.017263	3.637917
78.679382	4946.949153	14.804199	-0.017234	3.636096
78.664664	4941.876257	14.809203	-0.017231	3.634266
78.651230	4936.736390	14.814208	-0.017227	3.632411
78.579596	4931.973716	14.819213	-0.017210	3.630686
78.604439	4926.892882	14.824218	-0.017216	3.628854
78.660756	4921.735358	14.829223	-0.017229	3.626996
78.551079	4916.511393	14.834227	-0.017203	3.625098
78.441617	4911.486943	14.839232	-0.017176	3.623272
78.472871	4906.566776	14.844237	-0.017184	3.621494
78.547000	4901.655111	14.849242	-0.017201	3.619723
78.433588	4896.596053	14.854247	-0.017174	3.617881
78.341969	4891.526629	14.859251	-0.017152	3.616036
78.148069	4886.529171	14.864256	-0.017105	3.614208
78.310315	4881.496889	14.869261	-0.017144	3.612397
78.331797	4876.688425	14.874266	-0.017149	3.610654
78.293326	4871.628483	14.879271	-0.017139	3.608813
78.120664	4866.366306	14.884275	-0.017098	3.606887
78.155503	4861.086211	14.889280	-0.017106	3.604971
78.118390	4856.021947	14.894285	-0.017097	3.603126
78.040538	4851.203458	14.899290	-0.017078	3.601366
77.972680	4846.244317	14.904295	-0.017062	3.599555
77.976369	4841.165865	14.909299	-0.017062	3.597706
78.006332	4836.094808	14.914304	-0.017069	3.595861
78.009531	4831.017401	14.919309	-0.017070	3.594010
77.870511	4826.154136	14.924314	-0.017037	3.592224
77.968665	4821.237653	14.929319	-0.017060	3.590438
77.876630	4816.146517	14.934323	-0.017038	3.588571
77.794013	4810.947277	14.939328	-0.017018	3.586665
77.798493	4805.761314	14.944333	-0.017019	3.584770
77.773444	4800.691937	14.949338	-0.017012	3.582914
77.753293	4795.949875	14.954343	-0.017007	3.581177
77.584135	4790.904393	14.959347	-0.016967	3.579315
77.768388	4785.831982	14.964352	-0.017011	3.577474
77.564110	4780.773939	14.969357	-0.016962	3.575602
77.526930	4775.744383	14.974362	-0.016953	3.573755
77.579713	4770.882736	14.979367	-0.016965	3.571976
77.471906	4765.917167	14.984371	-0.016939	3.570144
77.492808	4760.884580	14.989376	-0.016944	3.568298
77.599929	4755.464020	14.994381	-0.016969	3.566316
77.412752	4750.388214	14.999386	-0.016924	3.564434
77.382668	4745.412604	15.004391	-0.016917	3.562601
77.320947	4740.543986	15.009395	-0.016902	3.560804
77.433691	4735.482625	15.014400	-0.016929	3.558951
77.354335	4730.424210	15.019405	-0.016910	3.557080
77.132868	4725.427804	15.024410	-0.016856	3.555219
77.185290	4720.339143	15.029415	-0.016869	3.553347
77.161541	4715.559429	15.034419	-0.016863	3.551582
77.144509	4710.549613	15.039424	-0.016859	3.549731
77.223012	4705.404906	15.044429	-0.016877	3.547838
77.187136	4700.122877	15.049434	-0.016869	3.545883
77.037056	4695.114085	15.054439	-0.016832	3.544018
77.138592	4690.175302	15.059443	-0.016857	3.542200
77.111311	4685.271503	15.064448	-0.016850	3.540383
77.073648	4680.205048	15.069453	-0.016841	3.538503
76.955908	4675.140773	15.074458	-0.016812	3.536617
76.895176	4670.119106	15.079463	-0.016798	3.534750
76.967833	4665.101777	15.084467	-0.016815	3.532895
77.024012	4660.286250	15.089472	-0.016828	3.531114
76.721199	4655.293432	15.094477	-0.016755	3.529232
76.619609	4650.029438	15.099482	-0.016731	3.527268
76.733312	4644.761479	15.104487	-0.016758	3.525320
76.746636	4639.668039	15.109491	-0.016761	3.523427
76.720289	4634.879888	15.114496	-0.016754	3.521643
76.580833	4629.875629	15.119501	-0.016721	3.519768
76.523867	4624.826880	15.124506	-0.016707	3.517882
76.440982	4619.770521	15.129511	-0.016687	3.515990
76.507101	4614.675007	15.134515	-0.016703	3.514096
76.440077	4609.843587	15.139520	-0.016687	3.512288
76.481072	4604.861646	15.144525	-0.016696	3.510432
76.472493	4599.820233	15.149530	-0.016694	3.508548
76.316068	4594.512499	15.154535	-0.016656	3.506551
76.348937	4589.391267	15.159539	-0.016664	3.504639
76.355368	4584.484633	15.164544	-0.016665	3.502804
76.304167	4579.593220	15.169549	-0.016653	3.500969
76.217127	4574.536603	15.174554	-0.016632	3.499067
76.251790	4569.469153	15.179559	-0.016640	3.497172
76.203318	4564.385997	15.184563	-0.016628	3.495262
76.238519	4559.361355	15.189568	-0.016636	3.493381
76.128727	4554.605907	15.194573	-0.016610	3.491586
76.046363	4549.548522	15.199578	-0.016590	3.489679
76.093280	4544.335407	15.204583	-0.016601	3.487725
76.065502	4539.051672	15.209587	-0.016594	3.485736
76.047372	4533.998416	15.214592	-0.016590	3.483834
75.899869	4529.234046	15.219597	-0.016554	3.482027
75.856913	4524.170026	15.224602	-0.016544	3.480117
75.921782	4519.125743	15.229607	-0.016559	3.478223
75.890130	4514.008970	15.234611	-0.016551	3.476291
75.774392	4508.966590	15.239616	-0.016524	3.474378
75.713053	4504.133421	15.244621	-0.016509	3.472549
75.601234	4499.217925	15.249626	-0.016482	3.470683
75.700305	4494.152250	15.254631	-0.016505	3.468779
75.618365	4488.803599	15.259635	-0.016486	3.466749
75.564373	4483.748202	15.264640	-0.016472	3.464832
75.590298	4478.815772	15.269645	-0.016478	3.462968
75.692973	4473.886481	15.274650	-0.016503	3.461112
75.567106	4468.892021	15.279655	-0.016473	3.459208
75.381968	4463.851040	15.284659	-0.016428	3.457280
75.371964	4458.699721	15.289664	-0.016426	3.455326
75.369940	4453.694906	15.294669	-0.016425	3.453427
75.368904	4448.849622	15.299674	-0.016424	3.451587
75.339263	4443.807887	15.304679	-0.016417	3.449669
75.331765	4438.457888	15.309683	-0.016415	3.447635
75.199570	4433.314878	15.314688	-0.016383	3.445667
75.278960	4428.200166	15.319693	-0.016402	3.443728
75.393265	4423.357397	15.324698	-0.016429	3.441896
75.221553	4418.361683	15.329703	-0.016388	3.439976
75.116466	4413.301201	15.334707	-0.016363	3.438038
75.193393	4408.206550	15.339712	-0.016381	3.436102
75.162348	4403.137988	15.344717	-0.016373	3.434165
75.066217	4398.373292	15.349722	-0.016350	3.432337
75.048668	4393.353473	15.354727	-0.016346	3.430418
74.933079	4388.241291	15.359731	-0.016318	3.428453
74.884032	4383.018079	15.364736	-0.016306	3.426451
74.861662	4377.940433	15.369741	-0.016300	3.424506
74.903050	4373.096496	15.374746	-0.016310	3.422656
74.871217	4368.121406	15.379751	-0.016302	3.420747
74.829083	4363.053191	15.384755	-0.016292	3.418800
74.643573	4358.027616	15.389760	-0.016248	3.416855
74.893753	4352.889991	15.394765	-0.016307	3.414908
74.797608	4348.017375	15.399770	-0.016284	3.413028
74.718064	4343.129438	15.404775	-0.016265	3.411143
74.635545	4338.079338	15.409779	-0.016245	3.409194
74.652423	4332.661892	15.414784	-0.016249	3.407112
74.541109	4327.588670	15.419789	-0.016222	3.405149
74.559279	4322.657197	15.424794	-0.016226	3.403252
74.383604	4317.837139	15.429799	-0.016184	3.401378
74.436271	4312.713659	15.434803	-0.016196	3.399408
74.431439	4307.655578	15.439808	-0.016195	3.397457
74.403544	4302.590131	15.444813	-0.016188	3.395499
74.433664	4297.610562	15.449818	-0.016195	3.393579
74.423589	4292.762851	15.454823	-0.016193	3.391706
74.290484	4287.724900	15.459827	-0.016161	3.389745
74.318519	4282.489628	15.464832	-0.016167	3.387723
74.316119	4277.328986	15.469837	-0.016166	3.385725
74.275826	4272.345535	15.474842	-0.016156	3.383792
74.233422	4267.546731	15.479847	-0.016146	3.381928
74.215746	4262.491440	15.484851	-0.016142	3.379967
74.115126	4257.396053	15.489856	-0.016118	3.377980
74.014146	4252.362496	15.494861	-0.016093	3.376016
74.073283	4247.358198	15.499866	-0.016107	3.374079
74.145287	4242.527728	15.504871	-0.016124	3.372209
74.019257	4237.498874	15.509875	-0.016094	3.370241
73.918634	4232.241826	15.514880	-0.016070	3.368186
73.965881	4227.000394	15.519885	-0.016081	3.366150
73.930380	4221.967764	15.524890	-0.016072	3.364187
73.877801	4217.179542	15.529895	-0.016059	3.362315
73.897649	4212.092758	15.534899	-0.016064	3.360334
73.670557	4207.083997	15.539904	-0.016009	3.358357
73.722992	4202.003585	15.544909	-0.016022	3.356379
73.670677	4196.934875	15.549914	-0.016009	3.354393
73.729967	4192.166876	15.554919	-0.016023	3.352536
73.725367	4187.117975	15.559923	-0.016022	3.350561
73.624311	4181.945514	15.564928	-0.015997	3.348526
73.560836	4176.752942	15.569933	-0.015982	3.346487
73.580400	4171.713284	15.574938	-0.015986	3.344514
73.576444	4166.931091	15.579943	-0.015985	3.342639
73.456308	4161.865865	15.584947	-0.015956	3.340640
73.497721	4156.798322	15.589952	-0.015966	3.338656
73.424962	4151.725308	15.594957	-0.015949	3.336656
73.339969	4146.696672	15.599962	-0.015928	3.334671
73.248553	4141.971994	15.604967	-0.015906	3.332804
73.397687	4136.847813	15.609971	-0.015942	3.330804
73.280986	4131.703931	15.614976	-0.015913	3.328767
73.168679	4126.390954	15.619981	-0.015886	3.326663
73.184427	4121.341766	15.624986	-0.015890	3.324674
73.174639	4116.589533	15.629991	-0.015887	3.322799
73.123666	4111.497181	15.634995	-0.015875	3.320785
73.161305	4106.470164	15.640000	-0.015884	3.318804
73.206507	4101.332765	15.645005	-0.015894	3.316779
73.023966	4096.319612	15.650010	-0.015851	3.314778
72.970409	4091.584334	15.655015	-0.015838	3.312900
73.086912	4086.448442	15.660019	-0.015865	3.310879
72.950146	4081.380383	15.665024	-0.015832	3.308858
72.761678	4076.188831	15.670029	-0.015787	3.306781
72.741600	4071.135938	15.675034	-0.015782	3.304776
72.780537	4066.337315	15.680039	-0.015791	3.302876
72.773438	4061.290926	15.685043	-0.015789	3.300872
72.823308	4056.227931	15.690048	-0.015801	3.298866
72.869964	4051.103663	15.695053	-0.015812	3.296834
72.757363	4046.041652	15.700058	-0.015785	3.294809
72.618776	4041.299421	15.705063	-0.015752	3.292908
72.480090	4036.241782	15.710067	-0.015718	3.290879
72.552033	4030.936049	15.715072	-0.015735	3.288773
72.470734	4025.695176	15.720077	-0.015716	3.286675
72.575364	4020.655118	15.725082	-0.015741	3.284675
72.514460	4015.832950	15.730087	-0.015726	3.282744
72.407576	4010.782759	15.735091	-0.015700	3.280716
72.370513	4005.754013	15.740096	-0.015691	3.278702
72.288968	4000.670658	15.745101	-0.015671	3.276660
72.321364	3995.663354	15.750106	-0.015679	3.274660
72.407386	3990.825757	15.755111	-0.015699	3.272732
72.284095	3985.791590	15.760115	-0.015670	3.270702
72.184839	3980.585307	15.765120	-0.015646	3.268605
72.148272	3975.433499	15.770125	-0.015637	3.266534
72.134912	3970.487975	15.775130	-0.015633	3.264548
72.065365	3965.619410	15.780135	-0.015617	3.262585
72.131519	3960.543097	15.785139	-0.015632	3.260552
72.069982	3955.486716	15.790144	-0.015617	3.258512
72.052537	3950.427253	15.795149	-0.015613	3.256474
71.890212	3945.514073	15.800154	-0.015574	3.254479
71.961494	3940.643394	15.805159	-0.015591	3.252524
72.002257	3935.532890	15.810163	-0.015600	3.250468
71.899648	3930.203776	15.815168	-0.015576	3.248307
71.796529	3925.076314	15.820173	-0.015551	3.246227
71.729215	3920.206129	15.825178	-0.015534	3.244252
71.711455	3915.294850	15.830183	-0.015530	3.242265
71.747956	3910.202350	15.835187	-0.015539	3.240210
71.638231	3905.157447	15.840192	-0.015512	3.238156
71.618227	3900.061028	15.845197	-0.015507	3.236091
71.686572	3895.209259	15.850202	-0.015523	3.234132
71.619719	3890.266402	15.855207	-0.015507	3.232121
71.565636	3885.173225	15.860211	-0.015494	3.230049
71.577696	3879.891912	15.865216	-0.015497	3.227906
71.605782	3874.823395	15.870221	-0.015503	3.225850
71.543756	3870.019459	15.875226	-0.015488	3.223891
71.424793	3865.038803	15.880231	-0.015460	3.221852
71.434942	3859.991496	15.885235	-0.015462	3.219799
71.404950	3854.897616	15.890240	-0.015455	3.217722
71.394986	3849.848385	15.895245	-0.015452	3.215663
71.249016	3845.093743	15.900250	-0.015417	3.213708
71.142996	3840.100328	15.905255	-0.015391	3.211659
71.168731	3834.901250	15.910259	-0.015397	3.209540
71.215069	3829.699295	15.915264	-0.015408	3.207419
71.054494	3824.677747	15.920269	-0.015370	3.205349
71.087156	3819.857025	15.925274	-0.015377	3.203380
71.082098	3814.772630	15.930279	-0.015376	3.201299
71.064079	3809.688937	15.935283	-0.015371	3.199214
70.974884	3804.677223	15.940288	-0.015350	3.197151
70.952243	3799.688139	15.945293	-0.015344	3.195102
71.060835	3794.770310	15.950298	-0.015370	3.193096
70.919396	3789.778558	15.955303	-0.015336	3.191030
70.904454	3784.465085	15.960307	-0.015332	3.188845
70.728924	3779.449829	15.965312	-0.015290	3.186763
70.790843	3774.519416	15.970317	-0.015305	3.184741
70.756705	3769.565003	15.975322	-0.015296	3.182698
70.833145	3764.496017	15.980327	-0.015314	3.180618
70.743928	3759.459226	15.985331	-0.015293	3.178532
70.591199	3754.405146	15.990336	-0.015256	3.176429
70.613547	3749.533116	15.995341	-0.015261	3.174421
70.522977	3744.588219	16.000346	-0.015240	3.172368
70.561181	3739.426672	16.005351	-0.015249	3.170239
70.538800	3734.081288	16.010355	-0.015243	3.168025
70.437688	3729.060342	16.015360	-0.015219	3.165936
70.469668	3724.252268	16.020365	-0.015226	3.163948
70.416897	3719.189336	16.025370	-0.015213	3.161844
70.374957	3714.136636	16.030375	-0.015203	3.159744
70.240846	3709.090562	16.035379	-0.015171	3.157634
70.328602	3704.062721	16.040384	-0.015192	3.155556
70.157824	3699.284250	16.045389	-0.015151	3.153551
70.136641	3694.210721	16.050394	-0.015145	3.151439
70.228962	3688.940925	16.055399	-0.015167	3.149257
70.156274	3683.732452	16.060403	-0.015150	3.147080
70.206115	3678.802789	16.065408	-0.015161	3.145032
69.981549	3673.921984	16.070413	-0.015107	3.142971
69.952245	3668.861773	16.075418	-0.015100	3.140857
70.066409	3663.772529	16.080423	-0.015127	3.138745
70.037051	3658.689267	16.085427	-0.015120	3.136618
69.982737	3653.892495	16.090432	-0.015107	3.134606
69.941715	3648.872125	16.095437	-0.015097	3.132502
69.825187	3643.714030	16.100442	-0.015069	3.130329
69.839169	3638.449340	16.105447	-0.015072	3.128125
69.760307	3633.410321	16.110451	-0.015053	3.126004
69.881804	3628.553460	16.115456	-0.015082	3.123980
69.775662	3623.492955	16.120461	-0.015056	3.121844
69.612713	3618.467889	16.125466	-0.015017	3.119715
69.735632	3613.376783	16.130471	-0.015046	3.117589
69.580236	3608.444899	16.135475	-0.015009	3.115496
69.463852	3603.602071	16.140480	-0.014981	3.113445
69.602169	3598.508721	16.145485	-0.015014	3.111315
69.429704	3593.236948	16.150490	-0.014973	3.109074
69.397135	3588.185099	16.155495	-0.014965	3.106939
69.416463	3583.282905	16.160499	-0.014969	3.104872
69.403774	3578.311498	16.165504	-0.014966	3.102771
69.423604	3573.265829	16.170509	-0.014970	3.100641
69.374413	3568.183609	16.175514	-0.014958	3.098486
69.243499	3563.204174	16.180519	-0.014927	3.096363
69.208730	3558.396962	16.185523	-0.014918	3.094323
69.154618	3553.352310	16.190528	-0.014905	3.092179
69.038998	3548.089008	16.195533	-0.014877	3.089933
69.056037	3542.879696	16.200538	-0.014881	3.087725
69.048764	3537.937278	16.205543	-0.014879	3.085625
69.094459	3533.026167	16.210547	-0.014890	3.083543
68.927769	3527.995864	16.215552	-0.014850	3.081384
68.999938	3522.925030	16.220557	-0.014867	3.079235
68.975554	3517.847806	16.225562	-0.014861	3.077070
69.056746	3512.979973	16.230567	-0.014880	3.075005
68.926563	3507.995418	16.235571	-0.014849	3.072864
68.839233	3502.903052	16.240576	-0.014828	3.070680
68.839617	3497.673814	16.245581	-0.014828	3.068447
68.768841	3492.655807	16.250586	-0.014811	3.066294
68.902601	3487.812938	16.255591	-0.014843	3.064239
68.663820	3482.813546	16.260595	-0.014785	3.062071
68.729950	3477.713339	16.265600	-0.014801	3.059894
68.699572	3472.666151	16.270605	-0.014793	3.057728
68.573351	3467.779485	16.275610	-0.014763	3.055617
68.496538	3462.878856	16.280615	-0.014745	3.053505
68.590928	3457.730484	16.285619	-0.014767	3.051305
68.512387	3452.403077	16.290624	-0.014748	3.049006
68.364896	3447.379752	16.295629	-0.014712	3.046828
68.373407	3442.524655	16.300634	-0.014714	3.044739
68.369195	3437.506882	16.305639	-0.014713	3.042577
68.428641	3432.408282	16.310643	-0.014727	3.040387
68.388995	3427.339568	16.315648	-0.014718	3.038196
68.378028	3422.369901	16.320653	-0.014715	3.036050
68.257121	3417.497359	16.325658	-0.014686	3.033930
68.224172	3412.453486	16.330663	-0.014678	3.031746
68.188499	3407.142756	16.335667	-0.014669	3.029445
68.017858	3402.164409	16.340672	-0.014628	3.027269
68.069590	3397.285891	16.345677	-0.014640	3.025162
68.164372	3392.238855	16.350682	-0.014663	3.022986
68.041994	3387.223951	16.355687	-0.014633	3.020795
67.980918	3382.157436	16.360691	-0.014618	3.018588
67.911323	3377.194739	16.365696	-0.014601	3.016424
67.979982	3372.213306	16.370701	-0.014618	3.014266
67.870223	3367.176518	16.375706	-0.014591	3.012062
67.908551	3361.771404	16.380711	-0.014600	3.009713
67.835854	3356.698944	16.385715	-0.014583	3.007494
67.836253	3351.841569	16.390720	-0.014583	3.005376
67.728669	3346.862828	16.395725	-0.014557	3.003190
67.774777	3341.784429	16.400730	-0.014567	3.000978
67.683914	3336.743357	16.405735	-0.014546	2.998764
67.546508	3331.768414	16.410739	-0.014513	2.996572
67.522312	3326.932097	16.415744	-0.014507	2.994452
67.604557	3321.837581	16.420749	-0.014526	2.992231
67.580379	3316.566810	16.425754	-0.014520	2.989918
67.535109	3311.515972	16.430759	-0.014509	2.987697
67.517109	3306.642499	16.435763	-0.014505	2.985556
67.377208	3301.689065	16.440768	-0.014471	2.983362
67.288150	3296.667449	16.445773	-0.014449	2.981144
67.256245	3291.573844	16.450778	-0.014442	2.978899
67.195840	3286.619757	16.455783	-0.014427	2.976711
67.347852	3281.709738	16.460787	-0.014463	2.974566
67.248801	3276.685365	16.465792	-0.014439	2.972339
67.192184	3271.253866	16.470797	-0.014426	2.969935
67.004047	3266.236542	16.475802	-0.014380	2.967696
67.223830	3261.336094	16.480807	-0.014433	2.965558
67.086002	3256.355754	16.485811	-0.014400	2.963338
66.990099	3251.308064	16.490816	-0.014376	2.961092
66.907947	3246.275840	16.495821	-0.014357	2.958853
66.971951	3241.261513	16.500826	-0.014372	2.956639
66.806432	3236.423868	16.505831	-0.014332	2.954472
66.804841	3231.336486	16.510835	-0.014331	2.952214
66.829400	3226.060795	16.515840	-0.014337	2.949873
66.893445	3220.978071	16.520845	-0.014352	2.947622
66.691000	3216.187000	16.525850	-0.014304	2.945464
66.793794	3211.133739	16.530855	-0.014328	2.943227
66.697369	3206.091394	16.535859	-0.014305	2.940968
66.683168	3201.011997	16.540864	-0.014301	2.938701
66.621100	3196.108233	16.545869	-0.014286	2.936505
66.592080	3191.157494	16.550874	-0.014279	2.934290
66.615799	3186.064858	16.555879	-0.014285	2.932017
66.551654	3180.760600	16.560883	-0.014269	2.929636
66.598480	3175.701488	16.565888	-0.014280	2.927378
66.476132	3170.906452	16.570893	-0.014251	2.925214
66.400885	3165.850947	16.575898	-0.014232	2.922938
66.366666	3160.809217	16.580903	-0.014224	2.920671
66.339384	3155.705489	16.585907	-0.014217	2.918376
66.354741	3150.869243	16.590912	-0.014221	2.916204
66.195486	3145.938204	16.595917	-0.014183	2.913966
66.193974	3140.755648	16.600922	-0.014182	2.911633
66.214005	3135.553042	16.605927	-0.014187	2.909292
66.256820	3130.572350	16.610931	-0.014197	2.907053
66.156401	3125.722433	16.615936	-0.014172	2.904852
66.004578	3120.694724	16.620941	-0.014136	2.902562
66.040864	3115.603795	16.625946	-0.014144	2.900266
66.017888	3110.574655	16.630951	-0.014139	2.897989
65.915143	3105.747605	16.635955	-0.014114	2.895791
65.976687	3100.740489	16.640960	-0.014129	2.893532
65.848583	3095.352689	16.645965	-0.014098	2.891073
65.776374	3090.196233	16.650970	-0.014080	2.888724
65.783293	3085.277543	16.655975	-0.014082	2.886492
65.816818	3080.297964	16.660979	-0.014090	2.884234
65.781839	3075.256271	16.665984	-0.014081	2.881937
65.863541	3070.119061	16.670989	-0.014100	2.879609
65.577228	3065.219814	16.675994	-0.014032	2.877340
65.668206	3060.329760	16.680999	-0.014053	2.875123
65.539359	3055.260091	16.686003	-0.014022	2.872794
65.465798	3050.056922	16.691008	-0.014005	2.870409
65.387104	3044.985946	16.696013	-0.013986	2.868081
65.367489	3040.156544	16.701018	-0.013981	2.865870
65.499067	3035.075646	16.706023	-0.014012	2.863562
65.305671	3030.065116	16.711027	-0.013965	2.861242
65.369657	3024.975195	16.716032	-0.013981	2.858917
65.404272	3020.065924	16.721037	-0.013989	2.856670
65.303205	3015.133982	16.726042	-0.013964	2.854392
65.365457	3009.911349	16.731047	-0.013979	2.852000
65.268337	3004.702761	16.736051	-0.013956	2.849592
65.165122	2999.760070	16.741056	-0.013931	2.847303
65.088657	2994.874589	16.746061	-0.013912	2.845043
64.999072	2989.837769	16.751066	-0.013891	2.842709
65.072248	2984.739452	16.756071	-0.013908	2.840366
64.900654	2979.722722	16.761075	-0.013867	2.838027
64.953378	2974.905453	16.766080	-0.013879	2.835807
64.846228	2969.874073	16.771085	-0.013853	2.833466
64.884808	2964.596061	16.776090	-0.013862	2.831028
65.003896	2959.477558	16.781095	-0.013891	2.828673
64.745983	2954.675292	16.786099	-0.013829	2.826411
64.736906	2949.661032	16.791104	-0.013827	2.824083
64.732507	2944.623337	16.796109	-0.013825	2.821743
64.739810	2939.495093	16.801114	-0.013827	2.819360
64.675540	2934.640318	16.806119	-0.013811	2.817093
64.588685	2929.701586	16.811123	-0.013790	2.814782
64.702835	2924.489082	16.816128	-0.013817	2.812368
64.586954	2919.229305	16.821133	-0.013790	2.809899
64.463747	2914.271843	16.826138	-0.013760	2.807569
64.482400	2909.379146	16.831143	-0.013764	2.805285
64.373567	2904.329605	16.836147	-0.013738	2.802910
64.365477	2899.272159	16.841152	-0.013736	2.800542
64.264633	2894.242239	16.846157	-0.013712	2.798172
64.238429	2889.438356	16.851162	-0.013705	2.795917
64.316911	2884.361455	16.856167	-0.013724	2.793546
64.288148	2879.079775	16.861171	-0.013717	2.791062
64.197242	2874.045536	16.866176	-0.013695	2.788684
64.219938	2869.169954	16.871181	-0.013700	2.786394
64.036417	2864.212598	16.876186	-0.013656	2.784035
64.154258	2859.118402	16.881191	-0.013684	2.781651
64.133308	2853.999940	16.886195	-0.013679	2.779235
64.012965	2849.115602	16.891200	-0.013650	2.776913
64.091940	2844.095329	16.896205	-0.013668	2.774553
64.085266	2838.835914	16.901210	-0.013667	2.772065
63.852832	2833.703299	16.906215	-0.013611	2.769604
63.879524	2828.781468	16.911219	-0.013617	2.767277
63.850182	2823.846090	16.916224	-0.013610	2.764934
63.686114	2818.812014	16.921229	-0.013570	2.762523
63.620707	2813.722333	16.926234	-0.013555	2.760097
63.662598	2808.799104	16.931239	-0.013564	2.757763
63.638986	2803.865957	16.936243	-0.013559	2.755414
63.624957	2798.740151	16.941248	-0.013555	2.752972
63.603200	2793.538667	16.946253	-0.013550	2.750490
63.548956	2788.575961	16.951258	-0.013536	2.748116
63.468802	2783.713521	16.956263	-0.013517	2.745784
63.470611	2778.648013	16.961267	-0.013517	2.743364
63.533573	2773.571419	16.966272	-0.013532	2.740946
63.363688	2768.604316	16.971277	-0.013491	2.738545
63.292181	2763.759656	16.976282	-0.013474	2.736214
63.280680	2758.686497	16.981287	-0.013471	2.733781
63.194318	2753.342923	16.986291	-0.013450	2.731204
63.246488	2748.278969	16.991296	-0.013463	2.728780
63.289300	2743.443645	16.996301	-0.013473	2.726462
63.206034	2738.383382	17.001306	-0.013453	2.724015
63.137856	2733.335522	17.006311	-0.013436	2.721575
63.062376	2728.276273	17.011315	-0.013418	2.719126
63.002708	2723.465303	17.016320	-0.013403	2.716796
63.082090	2718.413393	17.021325	-0.013422	2.714369
62.981877	2713.183248	17.026330	-0.013398	2.711827
62.993841	2708.118728	17.031335	-0.013401	2.709379
62.865552	2703.259253	17.036339	-0.013370	2.707008
62.857982	2698.268829	17.041344	-0.013368	2.704588
62.815174	2693.186609	17.046349	-0.013357	2.702117
62.842493	2688.127924	17.051354	-0.013364	2.699666
62.821024	2683.258616	17.056359	-0.013359	2.697297
62.648595	2678.307912	17.061363	-0.013317	2.694864
62.696478	2672.986751	17.066368	-0.013328	2.692281
62.659710	2667.858718	17.071373	-0.013319	2.689777
62.584055	2662.992212	17.076378	-0.013301	2.687393
62.488714	2658.042631	17.081383	-0.013278	2.684963
62.570731	2652.939580	17.086387	-0.013298	2.682482
62.602361	2647.855698	17.091392	-0.013305	2.680000
62.554600	2643.003738	17.096397	-0.013293	2.677619
62.335829	2638.026625	17.101402	-0.013241	2.675148
62.310127	2632.768976	17.106407	-0.013234	2.672566
62.276933	2627.626750	17.111411	-0.013226	2.670037
62.150211	2622.762736	17.116416	-0.013196	2.667629
62.252736	2617.756717	17.121421	-0.013220	2.665183
62.128704	2612.711280	17.126426	-0.013190	2.662681
61.987576	2607.704306	17.131431	-0.013156	2.660193
62.032343	2602.791575	17.136435	-0.013167	2.657778
62.128077	2597.803418	17.141440	-0.013190	2.655330
62.059206	2592.534721	17.146445	-0.013173	2.652717
62.048525	2587.360002	17.151450	-0.013170	2.650156
62.023180	2582.462328	17.156455	-0.013164	2.647728
61.997115	2577.481826	17.161459	-0.013158	2.645257
61.941789	2572.422652	17.166464	-0.013144	2.642740
61.925405	2567.360946	17.171469	-0.013140	2.640225
61.894595	2562.476437	17.176474	-0.013133	2.637794
61.754577	2557.525979	17.181479	-0.013099	2.635311
61.804870	2552.293806	17.186483	-0.013111	2.632714
61.763760	2547.194035	17.191488	-0.013101	2.630167
61.860794	2542.271937	17.196493	-0.013124	2.627726
61.510433	2537.363484	17.201498	-0.013040	2.625223
61.481089	2532.319089	17.206503	-0.013032	2.622698
61.400087	2527.274971	17.211507	-0.013013	2.620163
61.514231	2522.374704	17.216512	-0.013040	2.617727
61.581594	2517.345570	17.221517	-0.013056	2.615217
61.442440	2512.063020	17.226522	-0.013023	2.612546
61.321963	2507.011437	17.231527	-0.012994	2.609991
61.420150	2502.089549	17.236531	-0.013017	2.607532
61.187722	2497.140773	17.241536	-0.012961	2.605007
61.351611	2492.020459	17.246541	-0.013000	2.602454
61.159077	2487.006550	17.251546	-0.012954	2.599897
61.128158	2482.180637	17.256551	-0.012946	2.597457
61.151388	2477.120950	17.261555	-0.012952	2.594905
61.089084	2471.866726	17.266560	-0.012937	2.592239
61.008793	2466.869755	17.271565	-0.012917	2.589698
61.021635	2461.986658	17.276570	-0.012920	2.587227
60.958374	2457.000691	17.281575	-0.012905	2.584689
60.939771	2451.891653	17.286579	-0.012900	2.582093
60.933998	2446.877498	17.291584	-0.012899	2.579545
60.863121	2442.056946	17.296589	-0.012881	2.577082
60.883225	2436.848473	17.301594	-0.012886	2.574434
60.813810	2431.608455	17.306599	-0.012869	2.571753
60.557673	2426.664494	17.311603	-0.012808	2.569191
60.698510	2421.719154	17.316608	-0.012841	2.566688
60.651228	2416.662842	17.321613	-0.012830	2.564096
60.588556	2411.598089	17.326618	-0.012815	2.561495
60.532012	2406.671585	17.331623	-0.012801	2.558963
60.400086	2401.749996	17.336627	-0.012769	2.556419
60.538762	2396.564820	17.341632	-0.012802	2.553780
60.420201	2391.450589	17.346637	-0.012774	2.551134
60.364688	2386.504386	17.351642	-0.012760	2.548582
60.323688	2381.561732	17.356647	-0.012750	2.546031
60.353056	2376.488556	17.361651	-0.012757	2.543422
60.332562	2371.394775	17.366656	-0.012752	2.540791
60.224787	2366.562192	17.371661	-0.012726	2.538279
60.283102	2361.543221	17.376666	-0.012740	2.535694
60.181854	2356.263693	17.381671	-0.012715	2.532947
60.051281	2351.199599	17.386675	-0.012684	2.530303
60.144405	2346.330354	17.391680	-0.012706	2.527793
60.018194	2341.307209	17.396685	-0.012676	2.525166
59.927584	2336.256150	17.401690	-0.012654	2.522528
59.993978	2331.211429	17.406695	-0.012669	2.519915
60.019877	2326.314170	17.411699	-0.012675	2.517369
59.760021	2321.275475	17.416704	-0.012613	2.514701
59.866662	2316.062547	17.421709	-0.012638	2.511999
59.872387	2311.062330	17.426714	-0.012640	2.509389
59.808646	2306.180127	17.431719	-0.012624	2.506826
59.739719	2301.111678	17.436723	-0.012608	2.504162
59.550215	2296.112517	17.441728	-0.012562	2.501512
59.697728	2291.159476	17.446733	-0.012597	2.498939
59.633408	2286.183224	17.451738	-0.012582	2.496316
59.383359	2280.966771	17.456743	-0.012522	2.493533
59.490861	2275.805737	17.461747	-0.012547	2.490836
59.395734	2270.939436	17.466752	-0.012524	2.488257
59.394484	2265.838986	17.471757	-0.012524	2.485568
59.440742	2260.734905	17.476762	-0.012535	2.482881
59.425682	2255.711182	17.481767	-0.012531	2.480224
59.191617	2250.899877	17.486771	-0.012475	2.477641
59.299665	2245.738610	17.491776	-0.012500	2.474925
59.147134	2240.619318	17.496781	-0.012464	2.472186
59.135362	2235.650390	17.501786	-0.012461	2.469548
59.192830	2230.670195	17.506791	-0.012474	2.466911
59.093946	2225.649561	17.511795	-0.012450	2.464225
58.978515	2220.587167	17.516800	-0.012423	2.461510
59.104483	2215.682253	17.521805	-0.012452	2.458917
58.848744	2210.755073	17.526810	-0.012391	2.456246
58.913956	2205.420683	17.531815	-0.012407	2.453407
58.874247	2200.356824	17.536819	-0.012397	2.450693
58.912076	2195.476023	17.541824	-0.012406	2.448086
58.697178	2190.490479	17.546829	-0.012354	2.445378
58.675645	2185.409979	17.551834	-0.012349	2.442649
58.778975	2180.423893	17.556839	-0.012373	2.439988
58.823969	2175.486392	17.561843	-0.012384	2.437341
58.586731	2170.375401	17.566848	-0.012327	2.434549
58.726040	2165.202518	17.571853	-0.012360	2.431785
58.567528	2160.326271	17.576858	-0.012322	2.429128
58.537201	2155.345355	17.581863	-0.012315	2.426432
58.332986	2150.334522	17.586867	-0.012266	2.423688
58.329044	2145.250780	17.591872	-0.012264	2.420936
58.421826	2140.381664	17.596877	-0.012286	2.418313
58.482437	2135.221345	17.601882	-0.012301	2.415523
58.343733	2130.019294	17.606887	-0.012267	2.412674
58.383220	2125.016739	17.611891	-0.012277	2.409960
58.196623	2120.118409	17.616896	-0.012232	2.407262
58.266406	2115.044542	17.621901	-0.012248	2.404508
58.044970	2110.026372	17.626906	-0.012195	2.401732
58.078875	2105.143050	17.631911	-0.012203	2.399070
58.053295	2100.108144	17.636915	-0.012197	2.396312
58.014192	2094.878453	17.641920	-0.012187	2.393442
58.026619	2089.867890	17.646925	-0.012190	2.390697
57.936289	2084.972235	17.651930	-0.012168	2.387995
57.855054	2079.941026	17.656935	-0.012149	2.385217
57.907893	2074.841914	17.661939	-0.012161	2.382421
57.831379	2069.927560	17.666944	-0.012143	2.379701
57.729570	2064.972817	17.671949	-0.012118	2.376952
57.676780	2059.701177	17.676954	-0.012105	2.374032
57.626055	2054.631847	17.681959	-0.012093	2.371222
57.626563	2049.754207	17.686963	-0.012093	2.368523
57.500965	2044.729137	17.691968	-0.012063	2.365717
57.570074	2039.641691	17.696973	-0.012079	2.362908
57.501636	2034.695130	17.701978	-0.012062	2.360149
57.513334	2029.755089	17.706983	-0.012065	2.357405
57.269599	2024.632154	17.711987	-0.012007	2.354510
57.384814	2019.472906	17.716992	-0.012034	2.351655
57.309098	2014.636549	17.721997	-0.012016	2.348944
57.206748	2009.599513	17.727002	-0.011991	2.346112
57.289810	2004.531762	17.732007	-0.012011	2.343292
57.104753	1999.580046	17.737011	-0.011966	2.340487
57.165943	1994.631232	17.742016	-0.011981	2.337723
57.118628	1989.378378	17.747021	-0.011969	2.334767
56.911145	1984.281982	17.752026	-0.011919	2.331865
57.097566	1979.358883	17.757031	-0.011964	2.329129
56.891489	1974.367334	17.762035	-0.011914	2.326280
56.898621	1969.281471	17.767040	-0.011916	2.323412
57.063645	1964.270056	17.772045	-0.011955	2.320612
56.783378	1959.423111	17.777050	-0.011888	2.317821
56.765961	1954.238486	17.782055	-0.011884	2.314882
56.884141	1949.085978	17.787059	-0.011912	2.311983
56.739408	1944.249999	17.792064	-0.011877	2.309212
56.680296	1939.231138	17.797069	-0.011863	2.306350
56.589324	1934.130015	17.802074	-0.011841	2.303431
56.608478	1929.179850	17.807079	-0.011845	2.300615
56.532910	1924.261371	17.812083	-0.011827	2.297796
56.528174	1919.017906	17.817088	-0.011825	2.294800
56.393368	1913.943494	17.822093	-0.011793	2.291874
56.421166	1909.055178	17.827098	-0.011799	2.289081
56.357971	1904.019080	17.832103	-0.011784	2.286182
56.322920	1898.945869	17.837107	-0.011776	2.283264
56.323649	1894.010738	17.842112	-0.011776	2.280428
56.248436	1889.078446	17.847117	-0.011757	2.277576
56.263065	1883.850627	17.852122	-0.011761	2.274567
56.164380	1878.831296	17.857127	-0.011737	2.271653
56.092902	1873.956368	17.862131	-0.011720	2.268823
55.994196	1868.887550	17.867136	-0.011696	2.265873
56.012789	1863.820555	17.872141	-0.011700	2.262943
56.036046	1858.907642	17.877146	-0.011705	2.260098
56.043906	1853.894880	17.882151	-0.011707	2.257189
55.952128	1848.623069	17.887155	-0.011685	2.254107
55.831226	1843.664525	17.892160	-0.011656	2.251198
55.686188	1838.759046	17.897165	-0.011621	2.248311
55.964167	1833.577458	17.902170	-0.011687	2.245339
55.778603	1828.595998	17.907175	-0.011643	2.242393
55.632283	1823.764225	17.912179	-0.011608	2.239538
55.604720	1818.681558	17.917184	-0.011601	2.236555
55.627723	1813.493123	17.922189	-0.011606	2.233515
55.585168	1808.519012	17.927194	-0.011596	2.230584
55.584004	1803.522182	17.932199	-0.011595	2.227644
55.514022	1798.489040	17.937203	-0.011578	2.224666
55.434888	1793.492084	17.942208	-0.011559	2.221704
55.394043	1788.596418	17.947213	-0.011549	2.218804
55.322427	1783.416723	17.952218	-0.011532	2.215727
55.256424	1778.256147	17.957223	-0.011516	2.212658
55.220610	1773.400723	17.962227	-0.011507	2.209771
55.205413	1768.339306	17.967232	-0.011503	2.206763
54.980657	1763.344849	17.972237	-0.011450	2.203749
55.056890	1758.388924	17.977242	-0.011468	2.200813
55.078998	1753.400081	17.982247	-0.011473	2.197843
55.070809	1748.128671	17.987251	-0.011471	2.194693
54.838772	1743.220016	17.992256	-0.011415	2.191713
54.945724	1738.242223	17.997261	-0.011440	2.188754
54.788437	1733.224775	18.002266	-0.011402	2.185715
55.035460	1728.086885	18.007271	-0.011461	2.182678
54.842551	1723.286857	18.012275	-0.011415	2.179754
54.698269	1718.155532	18.017280	-0.011380	2.176637
54.636214	1712.955741	18.022285	-0.011365	2.173489
54.664851	1708.041415	18.027290	-0.011372	2.170528
54.567173	1703.047208	18.032295	-0.011348	2.167489
54.569068	1697.961668	18.037299	-0.011349	2.164410
54.407497	1693.033633	18.042304	-0.011310	2.161390
54.590854	1688.006525	18.047309	-0.011354	2.158374
54.413173	1682.853465	18.052314	-0.011311	2.155206
54.474685	1677.801145	18.057319	-0.011325	2.152142
54.281555	1672.941695	18.062323	-0.011279	2.149140
54.200322	1667.904203	18.067328	-0.011259	2.146048
54.302137	1662.815987	18.072333	-0.011284	2.142956
54.173764	1657.984507	18.077338	-0.011253	2.139972
54.141112	1652.833506	18.082343	-0.011245	2.136806
54.049465	1647.671366	18.087347	-0.011223	2.133617
53.950538	1642.742793	18.092352	-0.011199	2.130566
54.047844	1637.697829	18.097357	-0.011222	2.127478
53.928541	1632.659518	18.102362	-0.011193	2.124346
53.904348	1627.744996	18.107367	-0.011187	2.121305
53.854121	1622.750515	18.112371	-0.011175	2.118205
54.025653	1617.456515	18.117376	-0.011216	2.114959
53.819215	1612.567506	18.122381	-0.011166	2.111884
53.823883	1607.604663	18.127386	-0.011167	2.108800
53.591233	1602.631020	18.132391	-0.011111	2.105658
53.708969	1597.584131	18.137395	-0.011139	2.102536
53.620608	1592.701342	18.142400	-0.011118	2.099470
53.521470	1587.475737	18.147405	-0.011094	2.096183
53.457206	1582.363508	18.152410	-0.011079	2.092969
53.437988	1577.468708	18.157415	-0.011074	2.089896
53.566969	1572.379822	18.162419	-0.011104	2.086726
53.368877	1567.386201	18.167424	-0.011057	2.083545
53.273143	1562.522869	18.172429	-0.011034	2.080461
53.195780	1557.415737	18.177434	-0.011015	2.077223
53.271382	1552.235321	18.182439	-0.011033	2.073966
53.259108	1547.338681	18.187443	-0.011030	2.070865
53.193808	1542.284763	18.192448	-0.011014	2.067648
53.093244	1537.257277	18.197453	-0.010990	2.064435
52.922039	1532.388103	18.202458	-0.010949	2.061304
52.930592	1527.326689	18.207463	-0.010951	2.058083
52.958112	1522.073218	18.212467	-0.010957	2.054738
52.820398	1517.191303	18.217472	-0.010924	2.051591
52.834238	1512.177603	18.222477	-0.010927	2.048386
52.804712	1507.110868	18.227482	-0.010920	2.045133
52.814959	1502.160797	18.232487	-0.010922	2.041959
52.768900	1497.175425	18.237491	-0.010911	2.038745
52.636608	1491.978205	18.242496	-0.010879	2.035370
52.672889	1487.007356	18.247501	-0.010887	2.032173
52.527768	1482.072825	18.252506	-0.010853	2.028954
52.569713	1476.999776	18.257511	-0.010862	2.025682
52.519714	1472.044595	18.262515	-0.010850	2.022460
52.367098	1467.142471	18.267520	-0.010814	2.019246
52.409752	1461.830216	18.272525	-0.010824	2.015802
52.356626	1456.845769	18.277530	-0.010811	2.012545
52.335574	1451.846326	18.282535	-0.010805	2.009280
52.261664	1446.801929	18.287539	-0.010788	2.005968
52.154628	1441.849395	18.292544	-0.010762	2.002705
52.185952	1436.901790	18.297549	-0.010769	1.999469
52.047717	1431.733771	18.302554	-0.010736	1.996046
51.973017	1426.757044	18.307559	-0.010718	1.992757
51.975192	1421.810795	18.312563	-0.010718	1.989499
51.847490	1416.763939	18.317568	-0.010687	1.986141
51.653372	1411.864919	18.322573	-0.010641	1.982861
51.858816	1406.817503	18.327578	-0.010690	1.979565
51.784427	1401.571146	18.332583	-0.010672	1.976070
51.629718	1396.628363	18.337587	-0.010635	1.972752
51.676865	1391.636888	18.342592	-0.010646	1.969441
51.647654	1386.588487	18.347597	-0.010639	1.966070
51.634458	1381.622360	18.352602	-0.010635	1.962751
51.587035	1376.679581	18.357607	-0.010624	1.959435
51.571541	1371.474245	18.362611	-0.010620	1.955945
51.392623	1366.536712	18.367616	-0.010577	1.952591
51.419184	1361.556850	18.372621	-0.010583	1.949249
51.355731	1356.496154	18.377626	-0.010568	1.945827
51.392467	1351.552539	18.382631	-0.010576	1.942500
51.249586	1346.578110	18.387635	-0.010542	1.939106
51.186493	1341.403513	18.392640	-0.010527	1.935589
51.094784	1336.516559	18.397645	-0.010504	1.932254
51.112457	1331.456763	18.402650	-0.010509	1.928820
51.077915	1326.368033	18.407655	-0.010500	1.925349
51.056916	1321.464653	18.412659	-0.010495	1.922001
50.871359	1316.442005	18.417664	-0.010450	1.918528
50.920650	1311.273970	18.422669	-0.010462	1.915003
50.808373	1306.402477	18.427674	-0.010435	1.911638
50.801688	1301.370805	18.432679	-0.010433	1.908181
50.638955	1296.354762	18.437683	-0.010394	1.904693
50.683014	1291.408504	18.442688	-0.010404	1.901294
50.612971	1286.254711	18.447693	-0.010387	1.897719
50.537066	1281.166308	18.452698	-0.010369	1.894181
50.696594	1276.171444	18.457703	-0.010407	1.890757
50.539877	1271.173562	18.462707	-0.010369	1.887250
50.338860	1266.224259	18.467712	-0.010321	1.883760
50.483693	1261.233777	18.472717	-0.010356	1.880316
50.246569	1256.099194	18.477722	-0.010299	1.876676
50.265424	1251.109881	18.482727	-0.010303	1.873190
50.152078	1246.151146	18.487731	-0.010276	1.869688
50.284161	1241.036185	18.492736	-0.010307	1.866128
50.288869	1236.109381	18.497741	-0.010308	1.862663
50.252765	1231.027426	18.502746	-0.010299	1.859072
50.038920	1225.896242	18.507751	-0.010248	1.855398
49.977696	1220.970333	18.512755	-0.010233	1.851897
49.864419	1215.950211	18.517760	-0.010206	1.848311
49.978022	1210.897492	18.522765	-0.010233	1.844750
49.739522	1206.033188	18.527770	-0.010176	1.841230
49.768099	1200.876532	18.532775	-0.010182	1.837560
49.837304	1195.807799	18.537779	-0.010199	1.833956
49.768739	1190.878720	18.542784	-0.010182	1.830411
49.668767	1185.814679	18.547789	-0.010158	1.826754
49.702874	1180.833770	18.552794	-0.010166	1.823182
49.568086	1175.850038	18.557799	-0.010133	1.819561
49.462255	1170.670922	18.562803	-0.010108	1.815798
49.380271	1165.773585	18.567808	-0.010088	1.812236
49.385904	1160.723532	18.572813	-0.010089	1.808579
49.300795	1155.690295	18.577818	-0.010069	1.804904
49.312283	1150.765886	18.582823	-0.010071	1.801325
49.237607	1145.611039	18.587827	-0.010053	1.797549
49.265116	1140.597914	18.592832	-0.010060	1.793894
49.120603	1135.690266	18.597837	-0.010025	1.790266
49.195422	1130.585628	18.602842	-0.010043	1.786541
49.045171	1125.705416	18.607847	-0.010007	1.782917
49.007251	1120.591099	18.612851	-0.009997	1.779141
48.863059	1115.483813	18.617856	-0.009963	1.775336
48.939315	1110.533035	18.622861	-0.009981	1.771694
49.002921	1105.434874	18.627866	-0.009996	1.767931
48.767407	1100.527022	18.632871	-0.009939	1.764227
48.738369	1095.547968	18.637875	-0.009932	1.760514
48.554910	1090.400843	18.642880	-0.009888	1.756628
48.572947	1085.469359	18.647885	-0.009892	1.752946
48.491663	1080.450655	18.652890	-0.009873	1.749166
48.436741	1075.452529	18.657895	-0.009859	1.745400
48.422527	1070.516569	18.662899	-0.009856	1.741683
48.543250	1065.232178	18.667904	-0.009884	1.737730
48.161546	1060.366812	18.672909	-0.009793	1.733955
48.195778	1055.342722	18.677914	-0.009801	1.730159
48.402113	1050.215677	18.682919	-0.009850	1.726322
48.256516	1045.371119	18.687923	-0.009815	1.722599
48.302973	1040.198535	18.692928	-0.009826	1.718668
48.138299	1035.194352	18.697933	-0.009786	1.714802
47.988399	1030.265761	18.702938	-0.009750	1.710988
48.073501	1025.180723	18.707943	-0.009770	1.707108
47.935371	1020.307998	18.712947	-0.009737	1.703323
47.893217	1015.186280	18.717952	-0.009727	1.699364
48.019704	1009.997272	18.722957	-0.009757	1.695387
47.866109	1005.092896	18.727962	-0.009720	1.691548
47.726505	1000.070461	18.732967	-0.009687	1.687611
47.658248	995.152494	18.737971	-0.009670	1.683766
47.653814	990.057682	18.742976	-0.009669	1.679792
47.602763	984.972053	18.747981	-0.009656	1.675802
47.515178	980.050055	18.752986	-0.009635	1.671921
47.502146	974.997500	18.757991	-0.009632	1.667949
47.480273	970.049537	18.762995	-0.009627	1.664048
47.326277	965.007119	18.768000	-0.009590	1.660026
47.373142	959.849895	18.773005	-0.009601	1.655959
47.256772	954.927836	18.778010	-0.009573	1.652024
47.259345	949.861538	18.783015	-0.009573	1.647997
47.137920	944.963988	18.788019	-0.009544	1.644061
47.154358	939.874024	18.793024	-0.009548	1.639999
47.178079	934.774056	18.798029	-0.009553	1.635922
46.898354	929.909195	18.803034	-0.009486	1.631939
46.963219	924.828186	18.808039	-0.009501	1.627868
47.018652	919.884419	18.813043	-0.009514	1.623895
46.962165	914.750929	18.818048	-0.009501	1.619727
46.715751	909.739098	18.823053	-0.009441	1.615594
46.741492	904.754029	18.828058	-0.009447	1.611549
46.670593	899.702515	18.833063	-0.009430	1.607412
46.627263	894.794915	18.838067	-0.009420	1.603390
46.471104	889.690138	18.843072	-0.009382	1.599163
46.402137	884.690174	18.848077	-0.009366	1.595037
46.459992	879.675563	18.853082	-0.009379	1.590925
46.410904	874.656663	18.858087	-0.009367	1.586767
46.508742	869.672503	18.863091	-0.009391	1.582670
46.184463	864.547397	18.868096	-0.009313	1.578323
46.211896	859.584172	18.873101	-0.009319	1.574200
46.116233	854.584501	18.878106	-0.009296	1.570001
46.201557	849.543955	18.883111	-0.009316	1.565809
46.019834	844.590043	18.888115	-0.009273	1.561600
45.989972	839.436210	18.893120	-0.009265	1.557256
45.838807	834.575662	18.898125	-0.009229	1.553112
45.781975	829.537532	18.903130	-0.009215	1.548834
45.785360	824.571735	18.908135	-0.009216	1.544624
45.829503	819.428142	18.913139	-0.009226	1.540263
45.825042	814.339607	18.918144	-0.009225	1.535922
45.596688	809.426486	18.923149	-0.009170	1.531652
45.606324	804.372270	18.928154	-0.009172	1.527320
45.568321	799.453240	18.933159	-0.009163	1.523078
45.470561	794.307175	18.938163	-0.009139	1.518610
45.430877	789.345389	18.943168	-0.009130	1.514306
45.253905	784.379719	18.948173	-0.009087	1.509944
45.195988	779.406392	18.953178	-0.009073	1.505600
45.314819	774.311888	18.958183	-0.009101	1.501191
45.155227	769.229393	18.963187	-0.009063	1.496694
45.004643	764.302672	18.968192	-0.009027	1.492324
44.946079	759.275385	18.973197	-0.009013	1.487880
45.039839	754.291576	18.978202	-0.009035	1.483509
44.803989	749.209497	18.983207	-0.008978	1.478935
44.860300	744.243209	18.988211	-0.008992	1.474541
44.689902	739.252561	18.993216	-0.008951	1.470041
44.879375	734.213763	18.998221	-0.008996	1.465597
44.678016	729.184236	19.003226	-0.008947	1.461025
44.502162	724.162414	19.008231	-0.008905	1.456454
44.610506	719.116437	19.013235	-0.008931	1.451936
44.457370	714.114897	19.018240	-0.008894	1.447362
44.554683	709.130534	19.023245	-0.008917	1.442868
44.256321	704.065544	19.028250	-0.008846	1.438160
44.398228	699.072575	19.033255	-0.008879	1.433644
44.337930	694.030079	19.038259	-0.008865	1.429004
44.157917	689.158817	19.043264	-0.008822	1.424466
44.152005	683.978603	19.048269	-0.008820	1.419686
44.084268	679.007200	19.053274	-0.008804	1.415063
44.019370	673.987331	19.058279	-0.008788	1.410380
44.026385	669.004435	19.063283	-0.008789	1.405740
43.844860	663.986259	19.068288	-0.008746	1.400990
43.773637	658.975223	19.073293	-0.008729	1.396266
43.705051	653.979784	19.078298	-0.008712	1.391542
43.776158	648.963799	19.083303	-0.008729	1.386829
43.594173	643.966218	19.088307	-0.008685	1.382033
43.755412	638.788413	19.093312	-0.008724	1.377163
43.461701	633.909591	19.098317	-0.008653	1.372409
43.463084	628.868261	19.103322	-0.008653	1.367582
43.388999	623.879892	19.108327	-0.008635	1.362763
43.284773	618.814430	19.113331	-0.008610	1.357843
43.347279	613.823533	19.118336	-0.008625	1.353034
43.274754	608.819593	19.123341	-0.008607	1.348149
43.096748	603.876773	19.128346	-0.008565	1.343269
43.069130	598.745117	19.133351	-0.008558	1.338238
42.945683	593.807704	19.138355	-0.008528	1.333346
42.977399	588.766518	19.143360	-0.008536	1.328388
42.922732	583.794165	19.148365	-0.008522	1.323449
42.838665	578.701850	19.153370	-0.008502	1.318362
42.749173	573.756232	19.158375	-0.008480	1.313400
42.812523	568.706153	19.163379	-0.008495	1.308369
42.628519	563.783343	19.168384	-0.008451	1.303358
42.542987	558.725365	19.173389	-0.008431	1.298226
42.357412	553.791707	19.178394	-0.008386	1.293164
42.506264	548.709436	19.183399	-0.008421	1.288052
42.448109	543.704052	19.188403	-0.008407	1.282923
42.290108	538.670613	19.193408	-0.008369	1.277707
42.276681	533.678236	19.198413	-0.008366	1.272566
42.145314	528.712255	19.203418	-0.008334	1.267388
41.992395	523.690653	19.208423	-0.008298	1.262123
42.022551	518.632017	19.213427	-0.008305	1.256865
41.945497	513.618944	19.218432	-0.008286	1.251593
41.960552	508.649063	19.223437	-0.008289	1.246378
41.775651	503.601957	19.228442	-0.008245	1.240985
41.559974	498.687777	19.233447	-0.008193	1.235697
41.714298	493.583298	19.238451	-0.008230	1.230325
41.536801	488.675437	19.243456	-0.008187	1.225012
41.550223	483.501287	19.248461	-0.008190	1.219464
41.558623	478.506018	19.253466	-0.008192	1.214081
41.413951	473.533889	19.258471	-0.008157	1.208640
41.461366	468.480278	19.263475	-0.008169	1.203161
41.274450	463.479807	19.268480	-0.008124	1.197623
41.300809	458.458858	19.273485	-0.008130	1.192120
41.077723	453.555122	19.278490	-0.008076	1.186623
41.154040	448.389176	19.283495	-0.008094	1.180928
41.003536	443.457369	19.288499	-0.008058	1.175376
40.943012	438.428908	19.293504	-0.008044	1.169726
40.944357	433.438339	19.298509	-0.008044	1.164116
40.878853	428.375909	19.303514	-0.008028	1.158370
40.661966	423.449475	19.308519	-0.007976	1.152688
40.518251	418.515271	19.313523	-0.007941	1.147000
40.469313	413.396596	19.318528	-0.007929	1.141110
40.430596	408.418275	19.323533	-0.007920	1.135355
40.454321	403.367958	19.328538	-0.007925	1.129515
40.349614	398.382821	19.333543	-0.007900	1.123665
40.239085	393.363385	19.338547	-0.007873	1.117743
40.193942	388.358417	19.343552	-0.007863	1.111834
40.106152	383.415218	19.348557	-0.007841	1.105948
40.123975	378.263458	19.353562	-0.007845	1.099827
40.104176	373.264982	19.358567	-0.007840	1.093840
39.966302	368.314720	19.363571	-0.007807	1.087826
39.750310	363.302554	19.368576	-0.007755	1.081670
39.699070	358.346030	19.373581	-0.007743	1.075619
39.782432	353.283383	19.378586	-0.007763	1.069463
39.646523	348.253859	19.383591	-0.007730	1.063214
39.516985	343.260311	19.388595	-0.007699	1.056976
39.509850	338.229282	19.393600	-0.007697	1.050710
39.489813	333.227457	19.398605	-0.007692	1.044436
39.307730	328.237580	19.403610	-0.007648	1.038066
39.248321	323.239881	19.408615	-0.007634	1.031703
39.197130	318.254462	19.413619	-0.007622	1.025320
39.033963	313.208275	19.418624	-0.007582	1.018766
38.885878	308.244368	19.423629	-0.007547	1.012284
38.900754	303.245479	19.428634	-0.007550	1.005791
38.811231	298.206459	19.433639	-0.007528	0.999154
38.779001	293.199101	19.438643	-0.007521	0.992541
38.621533	288.257378	19.443648	-0.007483	0.985911
38.602468	283.165679	19.448653	-0.007478	0.979103
38.390868	278.216190	19.453658	-0.007427	0.972344
38.487332	273.173078	19.458663	-0.007450	0.965563
38.372175	268.156873	19.463667	-0.007422	0.958665
38.143896	263.214731	19.468672	-0.007368	0.951763
38.062814	258.218148	19.473677	-0.007348	0.944809
38.003547	253.179694	19.478682	-0.007334	0.937756
37.939941	248.179203	19.483687	-0.007318	0.930701
37.871235	243.158256	19.488691	-0.007302	0.923560
37.614577	238.237289	19.493696	-0.007240	0.916409
37.612896	233.237256	19.498701	-0.007239	0.909221
37.604327	228.127067	19.503706	-0.007237	0.901812
37.578020	223.122023	19.508711	-0.007231	0.894487
37.468137	218.158416	19.513715	-0.007204	0.887117
37.302050	213.150517	19.518720	-0.007164	0.879588
37.251791	208.159297	19.523725	-0.007152	0.872084
37.109021	203.160899	19.528730	-0.007118	0.864452
36.922102	198.193946	19.533735	-0.007073	0.856775
36.895445	193.199260	19.538739	-0.007066	0.849077
36.792594	188.163922	19.543744	-0.007042	0.841201
36.844326	183.142514	19.548749	-0.007054	0.833362
36.643538	178.178628	19.553754	-0.007006	0.825393
36.430636	173.202636	19.558759	-0.006955	0.817319
36.388427	168.211763	19.563763	-0.006944	0.809242
36.253610	163.191018	19.568768	-0.006912	0.800980
36.224127	158.202377	19.573773	-0.006905	0.792748
36.049809	153.207456	19.578778	-0.006863	0.784330
35.876717	148.241673	19.583783	-0.006821	0.775871
35.874986	143.230359	19.588787	-0.006821	0.767348
35.809626	138.204425	19.593792	-0.006805	0.758664
35.764649	133.222861	19.598797	-0.006794	0.749970
35.474459	128.231301	19.603802	-0.006724	0.740997
35.359470	123.274907	19.608807	-0.006696	0.732092
35.316785	118.242239	19.613811	-0.006686	0.722987
35.160365	113.283200	19.618816	-0.006648	0.713825
35.169552	108.237202	19.623821	-0.006651	0.704495
34.918944	103.294502	19.628826	-0.006590	0.695053
34.872627	98.285538	19.633831	-0.006579	0.685500
34.595518	93.366223	19.638835	-0.006513	0.675819
34.620564	88.330612	19.643840	-0.006518	0.665989
34.349709	83.400466	19.648845	-0.006454	0.656004
34.266378	78.396074	19.653850	-0.006433	0.645854
34.044497	73.452965	19.658855	-0.006380	0.635563
33.907882	68.458910	19.663859	-0.006347	0.625061
33.667794	63.519877	19.668864	-0.006290	0.614416
33.617501	58.496015	19.673869	-0.006277	0.603551
33.585110	53.497183	19.678874	-0.006270	0.592557
33.402118	48.491045	19.683879	-0.006226	0.581213
33.082785	43.594749	19.688883	-0.006149	0.569779
32.896083	38.627076	19.693888	-0.006104	0.558059
32.751374	33.660978	19.698893	-0.006069	0.546128
32.553854	28.697345	19.703898	-0.006022	0.533889
32.253720	23.772191	19.708903	-0.005950	0.521363
32.015900	18.834378	19.713907	-0.005893	0.508556
31.634396	13.939621	19.718912	-0.005802	0.495390
31.464420	8.969368	19.723917	-0.005761	0.481872
31.028383	4.099041	19.728922	-0.005656	0.467968
30.262707	-0.646433	19.733927	-0.005473	0.453644
19.222755	-1.574558	19.738931	-0.002832	0.438847
7.285948	0.040404	19.743936	0.000023	0.430321
