Thu Mar 05 21:03:53 2026

Number of Points = 4598
Depth (nm)	Load (µN)	Time (s)	Disp. Voltage(V)	Force Voltage(V)0.000000	4.194513	0.000000	0.001252	0.983254
0.378043	9.205794	0.005005	0.001161	0.989916
0.637604	14.231126	0.010010	0.001099	0.996496
0.890079	19.248805	0.015014	0.001038	1.003020
0.894142	24.390130	0.020019	0.001036	1.009544
1.254369	29.387918	0.025024	0.000949	1.016009
1.401782	34.433134	0.030029	0.000914	1.022395
1.577385	39.564646	0.035034	0.000871	1.028861
1.988397	44.522988	0.040038	0.000772	1.035178
2.015063	49.612424	0.045043	0.000765	1.041447
2.059459	54.782538	0.050048	0.000754	1.047785
2.270875	59.796087	0.055053	0.000703	1.053968
2.409146	64.848974	0.060058	0.000669	1.060130
2.719104	69.977162	0.065062	0.000594	1.066421
2.822389	75.015126	0.070067	0.000569	1.072479
3.032056	80.062016	0.075072	0.000518	1.078559
3.145018	85.183400	0.080077	0.000491	1.084651
3.315637	90.221197	0.085082	0.000449	1.090636
3.484256	95.278368	0.090086	0.000409	1.096610
3.559922	100.395395	0.095091	0.000390	1.102582
3.806140	105.489454	0.100096	0.000330	1.108566
3.895393	110.566934	0.105101	0.000308	1.114434
4.111506	115.566070	0.110106	0.000256	1.120234
4.334425	120.696034	0.115110	0.000202	1.126155
4.446991	125.739680	0.120115	0.000175	1.131903
4.611876	130.808247	0.125120	0.000135	1.137671
4.604741	135.994047	0.130125	0.000136	1.143472
4.822142	141.055127	0.135130	0.000083	1.149194
4.941970	146.141207	0.140134	0.000054	1.154877
4.999195	151.173623	0.145139	0.000040	1.160449
5.140319	156.345629	0.150144	0.000005	1.166179
5.270930	161.373415	0.155149	-0.000026	1.171720
5.527994	166.402180	0.160154	-0.000089	1.177286
5.561750	171.561431	0.165158	-0.000097	1.182879
5.630866	176.690192	0.170163	-0.000114	1.188427
5.905357	181.710053	0.175168	-0.000181	1.193912
5.835093	186.797047	0.180173	-0.000164	1.199311
5.992622	191.975931	0.185178	-0.000203	1.204870
6.226862	196.945470	0.190182	-0.000259	1.210212
6.336851	202.063050	0.195187	-0.000286	1.215638
6.405964	207.159187	0.200192	-0.000303	1.221003
6.484652	212.354483	0.205197	-0.000323	1.226451
6.696381	217.369274	0.210202	-0.000374	1.231738
6.782577	222.442384	0.215206	-0.000395	1.237015
6.951355	227.536547	0.220211	-0.000436	1.242322
7.089750	232.626471	0.225216	-0.000470	1.247591
7.100191	237.739709	0.230221	-0.000473	1.252815
7.290801	242.758769	0.235226	-0.000519	1.257987
7.338349	247.976482	0.240230	-0.000531	1.263287
7.624871	252.974130	0.245235	-0.000600	1.268430
7.650108	258.106617	0.250240	-0.000607	1.273592
7.728097	263.145666	0.255245	-0.000626	1.278660
7.893852	268.322597	0.260250	-0.000666	1.283876
7.932144	273.375875	0.265254	-0.000676	1.288903
8.141749	278.444948	0.270259	-0.000727	1.293987
8.180096	283.506935	0.275264	-0.000736	1.298983
8.330534	288.695413	0.280269	-0.000773	1.304124
8.453534	293.692164	0.285274	-0.000803	1.309047
8.541998	298.815158	0.290278	-0.000825	1.314063
8.696240	303.796675	0.295283	-0.000862	1.318946
8.882232	308.985430	0.300288	-0.000907	1.324021
8.887961	314.022166	0.305293	-0.000909	1.328869
9.006636	319.149851	0.310298	-0.000938	1.333825
9.237867	324.111034	0.315302	-0.000994	1.338642
9.217757	329.421433	0.320307	-0.000990	1.343689
9.495860	334.361047	0.325312	-0.001057	1.348466
9.558577	339.490178	0.330317	-0.001073	1.353333
9.706343	344.506665	0.335322	-0.001108	1.358105
9.682372	349.741729	0.340326	-0.001103	1.363007
9.866375	354.752974	0.345331	-0.001148	1.367752
9.967799	359.861581	0.350336	-0.001173	1.372544
10.242449	364.826350	0.355341	-0.001239	1.377243
10.175660	370.125331	0.360346	-0.001224	1.382123
10.358799	375.166560	0.365350	-0.001268	1.386830
10.448178	380.257741	0.370355	-0.001290	1.391536
10.583816	385.296973	0.375360	-0.001323	1.396194
10.617439	390.438886	0.380365	-0.001332	1.400897
10.753603	395.572332	0.385370	-0.001365	1.405609
10.874525	400.596989	0.390374	-0.001394	1.410203
11.044867	405.673343	0.395379	-0.001436	1.414844
11.205737	410.712670	0.400384	-0.001475	1.419433
11.179470	415.998605	0.405389	-0.001469	1.424169
11.224336	421.019542	0.410394	-0.001480	1.428676
11.348225	426.130702	0.415398	-0.001511	1.433273
11.393219	431.176036	0.420403	-0.001522	1.437772
11.573506	436.365402	0.425408	-0.001566	1.442427
11.685230	441.383761	0.430413	-0.001593	1.446895
11.844262	446.471416	0.435418	-0.001632	1.451425
11.745484	451.588961	0.440422	-0.001609	1.455887
12.036904	456.675686	0.445427	-0.001679	1.460429
12.031025	461.883021	0.450432	-0.001678	1.464970
12.279962	466.851061	0.455437	-0.001738	1.469368
12.475825	471.945307	0.460442	-0.001786	1.473845
12.357084	477.014842	0.465446	-0.001758	1.478192
12.528257	482.236581	0.470451	-0.001799	1.482745
12.655308	487.235798	0.475456	-0.001830	1.487080
12.772556	492.323094	0.480461	-0.001859	1.491474
12.863552	497.395436	0.485466	-0.001881	1.495835
12.841660	502.579246	0.490470	-0.001877	1.500245
12.928946	507.755417	0.495475	-0.001898	1.504667
13.114656	512.750321	0.500480	-0.001943	1.508953
13.105898	517.932852	0.505485	-0.001942	1.513327
13.247342	522.901888	0.510490	-0.001976	1.517553
13.269859	528.161968	0.515494	-0.001982	1.521976
13.443854	533.165852	0.520499	-0.002024	1.526217
13.457746	538.306611	0.525504	-0.002028	1.530513
13.450630	543.401983	0.530509	-0.002027	1.534754
13.749758	548.446606	0.535514	-0.002099	1.539029
13.796287	553.702202	0.540518	-0.002111	1.543394
13.888866	558.711838	0.545523	-0.002134	1.547557
14.013200	563.827435	0.550528	-0.002164	1.551806
14.021014	568.878205	0.555533	-0.002166	1.555956
14.319352	573.973233	0.560538	-0.002238	1.560214
14.242431	579.155240	0.565542	-0.002220	1.564425
14.357520	584.175478	0.570547	-0.002249	1.568547
14.444290	589.327456	0.575552	-0.002270	1.572757
14.583772	594.282634	0.580557	-0.002304	1.576812
14.730903	599.553456	0.585562	-0.002340	1.581113
14.542720	604.700681	0.590566	-0.002295	1.585209
14.875929	609.700506	0.595571	-0.002376	1.589322
14.938603	614.829942	0.600576	-0.002391	1.593453
14.901714	619.880600	0.605581	-0.002383	1.597482
15.040482	625.129310	0.610586	-0.002417	1.601707
15.056978	630.160748	0.615590	-0.002421	1.605715
15.205816	635.247761	0.620595	-0.002457	1.609794
15.375319	640.326055	0.625600	-0.002499	1.613861
15.382626	645.400497	0.630605	-0.002501	1.617870
15.623348	650.652690	0.635610	-0.002559	1.622073
15.701846	655.639726	0.640614	-0.002578	1.626013
15.840353	660.729981	0.645619	-0.002612	1.630041
15.887773	665.830611	0.650624	-0.002624	1.634041
15.877498	670.927944	0.655629	-0.002622	1.638014
16.016096	676.140298	0.660634	-0.002656	1.642107
16.132114	681.118295	0.665638	-0.002684	1.646002
16.153541	686.254427	0.670643	-0.002690	1.649985
16.140184	691.371339	0.675648	-0.002687	1.653933
16.131833	696.456550	0.680653	-0.002686	1.657850
16.391855	701.702828	0.685658	-0.002749	1.661952
16.513197	706.696073	0.690662	-0.002778	1.665813
16.678371	711.774734	0.695667	-0.002818	1.669743
16.757407	716.866654	0.700672	-0.002838	1.673650
16.713763	721.943797	0.705677	-0.002828	1.677505
16.823849	727.198546	0.710682	-0.002855	1.681526
16.893206	732.203758	0.715686	-0.002872	1.685338
17.010486	737.300962	0.720691	-0.002901	1.689224
16.928800	742.465223	0.725696	-0.002882	1.693099
17.075924	747.447293	0.730701	-0.002918	1.696887
17.306365	752.751715	0.735706	-0.002973	1.700931
17.314060	757.793510	0.740710	-0.002976	1.704711
17.429591	762.859516	0.745715	-0.003004	1.708529
17.532640	767.984219	0.750720	-0.003029	1.712378
17.490893	773.008746	0.755725	-0.003020	1.716107
17.790487	778.178981	0.760730	-0.003092	1.720024
17.860603	783.263737	0.765734	-0.003109	1.723809
17.965664	788.309260	0.770739	-0.003135	1.727567
18.012792	793.446795	0.775744	-0.003147	1.731369
18.009961	798.490142	0.780749	-0.003147	1.735081
18.152806	803.696990	0.785754	-0.003182	1.738942
18.365156	808.831991	0.790758	-0.003233	1.742759
18.500726	813.811659	0.795763	-0.003266	1.746435
18.370239	819.037776	0.800768	-0.003235	1.750216
18.459068	824.067658	0.805773	-0.003257	1.753902
18.533075	829.177801	0.810778	-0.003276	1.757634
18.560404	834.439437	0.815782	-0.003283	1.761456
18.599295	839.431491	0.820787	-0.003293	1.765078
18.810852	844.515799	0.825792	-0.003344	1.768802
18.728976	849.695435	0.830797	-0.003325	1.772514
19.096836	854.598522	0.835802	-0.003413	1.776130
19.096718	859.940518	0.840806	-0.003414	1.779964
19.163249	865.020057	0.845811	-0.003430	1.783617
19.241654	870.057037	0.850816	-0.003450	1.787236
19.372332	875.174523	0.855821	-0.003482	1.790917
19.358479	880.228858	0.860826	-0.003479	1.794511
19.465549	885.360268	0.865830	-0.003505	1.798182
19.601138	890.548090	0.870835	-0.003538	1.801892
19.617187	895.556673	0.875840	-0.003543	1.805439
19.634656	900.697255	0.880845	-0.003547	1.809072
19.733408	905.807840	0.885850	-0.003571	1.812697
19.809288	910.827431	0.890854	-0.003590	1.816245
19.938768	916.118093	0.895859	-0.003622	1.819988
19.944519	921.216692	0.900864	-0.003624	1.823561
19.997588	926.278116	0.905869	-0.003637	1.827111
20.272345	931.355315	0.910874	-0.003703	1.830718
20.289152	936.368481	0.915878	-0.003708	1.834213
20.276188	941.572233	0.920883	-0.003705	1.837826
20.341058	946.803472	0.925888	-0.003722	1.841469
20.425384	951.767409	0.930893	-0.003742	1.844925
20.479770	956.903327	0.935898	-0.003756	1.848486
20.561936	962.022549	0.940902	-0.003776	1.852035
20.644157	967.020652	0.945907	-0.003796	1.855495
20.695814	972.359471	0.950912	-0.003809	1.859174
20.773111	977.451567	0.955917	-0.003828	1.862683
20.961924	982.455716	0.960922	-0.003874	1.866151
20.912454	987.628766	0.965926	-0.003863	1.869673
21.030713	992.670839	0.970931	-0.003892	1.873138
21.097135	997.759878	0.975936	-0.003908	1.876617
21.345752	1002.943300	0.980941	-0.003968	1.880194
21.298428	1008.005301	0.985946	-0.003958	1.883615
21.416377	1013.071371	0.990950	-0.003986	1.887071
21.525062	1018.212187	0.995955	-0.004013	1.890568
21.495414	1023.232541	1.000960	-0.004006	1.893946
21.545457	1028.460109	1.005965	-0.004019	1.897476
21.667165	1033.710710	1.010970	-0.004049	1.901030
21.689253	1038.671877	1.015974	-0.004055	1.904362
21.844309	1043.784100	1.020979	-0.004092	1.907819
21.878812	1048.924637	1.025984	-0.004101	1.911261
21.950445	1053.903587	1.030989	-0.004119	1.914598
21.973776	1059.166652	1.035994	-0.004125	1.918107
22.197937	1064.270156	1.040998	-0.004179	1.921549
22.276598	1069.269244	1.046003	-0.004199	1.924883
22.312223	1074.429338	1.051008	-0.004208	1.928308
22.358750	1079.533278	1.056013	-0.004219	1.931692
22.536665	1084.517257	1.061018	-0.004263	1.935020
22.603969	1089.791215	1.066022	-0.004279	1.938509
22.697577	1094.892673	1.071027	-0.004302	1.941884
22.712945	1099.903220	1.076032	-0.004307	1.945177
22.871749	1105.013341	1.081037	-0.004345	1.948560
22.916652	1110.114822	1.086042	-0.004356	1.951908
22.861466	1115.171119	1.091046	-0.004344	1.955197
22.952406	1120.430839	1.096051	-0.004366	1.958646
23.067534	1125.502378	1.101056	-0.004394	1.961972
23.210931	1130.491143	1.106061	-0.004429	1.965245
23.298251	1135.650689	1.111066	-0.004451	1.968610
23.173999	1140.793231	1.116070	-0.004421	1.971913
23.359211	1145.768434	1.121075	-0.004466	1.975169
23.388424	1151.142166	1.126080	-0.004474	1.978643
23.630218	1156.165173	1.131085	-0.004532	1.981932
23.692074	1161.181336	1.136090	-0.004548	1.985171
23.734903	1166.365389	1.141094	-0.004559	1.988509
23.795323	1171.436298	1.146099	-0.004574	1.991773
23.825267	1176.445924	1.151104	-0.004581	1.994985
23.838523	1181.737698	1.156109	-0.004585	1.998369
24.112532	1186.779740	1.161114	-0.004651	2.001644
24.208803	1191.791663	1.166118	-0.004675	2.004856
24.101579	1196.987670	1.171123	-0.004650	2.008137
24.188896	1202.083681	1.176128	-0.004671	2.011390
24.210195	1207.095131	1.181133	-0.004677	2.014570
24.326278	1212.449866	1.186138	-0.004705	2.017983
24.351296	1217.588331	1.191142	-0.004712	2.021234
24.387420	1222.575328	1.196147	-0.004721	2.024387
24.394244	1227.749828	1.201152	-0.004723	2.027647
24.540696	1232.815901	1.206157	-0.004759	2.030862
24.623806	1237.807382	1.211162	-0.004779	2.034012
24.701828	1243.063129	1.216166	-0.004799	2.037322
24.720036	1248.251467	1.221171	-0.004804	2.040572
24.951708	1253.173149	1.226176	-0.004860	2.043695
24.923582	1258.346049	1.231181	-0.004854	2.046916
24.840929	1263.552437	1.236186	-0.004834	2.050141
25.216285	1268.365079	1.241190	-0.004925	2.053211
25.093943	1273.691653	1.246195	-0.004896	2.056492
25.332534	1278.903010	1.251200	-0.004954	2.059772
25.344028	1283.870160	1.256205	-0.004957	2.062848
25.384791	1289.040072	1.261210	-0.004967	2.066051
25.366115	1294.186815	1.266214	-0.004963	2.069223
25.502541	1299.179561	1.271219	-0.004997	2.072326
25.564127	1304.306231	1.276224	-0.005012	2.075492
25.567800	1309.601350	1.281229	-0.005013	2.078745
25.712207	1314.581080	1.286234	-0.005049	2.081828
25.848418	1319.630453	1.291238	-0.005082	2.084947
26.030506	1324.736221	1.296243	-0.005126	2.088106
25.833715	1329.907345	1.301248	-0.005079	2.091223
25.934339	1334.922305	1.306253	-0.005104	2.094300
26.043533	1340.277357	1.311258	-0.005131	2.097581
26.228299	1345.347068	1.316262	-0.005176	2.100699
26.175131	1350.363318	1.321267	-0.005163	2.103733
26.253753	1355.524343	1.326272	-0.005183	2.106876
26.227890	1360.674088	1.331277	-0.005177	2.109986
26.431606	1365.565022	1.336282	-0.005227	2.112982
26.536911	1370.770680	1.341286	-0.005252	2.116143
26.613467	1375.994952	1.346291	-0.005271	2.119305
26.569389	1381.012732	1.351296	-0.005261	2.122315
26.689580	1386.110024	1.356301	-0.005291	2.125400
26.875273	1391.227676	1.361306	-0.005336	2.128506
26.814465	1396.297976	1.366310	-0.005322	2.131530
26.771429	1401.411132	1.371315	-0.005312	2.134580
27.031837	1406.727359	1.376320	-0.005375	2.137805
27.009036	1411.827677	1.381325	-0.005370	2.140842
27.207017	1416.810373	1.386330	-0.005418	2.143848
27.077310	1421.991653	1.391334	-0.005387	2.146903
27.271061	1427.035329	1.396339	-0.005434	2.149936
27.234710	1432.045156	1.401344	-0.005426	2.152899
27.343160	1437.268272	1.406349	-0.005453	2.156013
27.324350	1442.538802	1.411354	-0.005449	2.159125
27.464444	1447.485809	1.416358	-0.005483	2.162073
27.552317	1452.586827	1.421363	-0.005505	2.165097
27.676900	1457.730537	1.426368	-0.005535	2.168150
27.736955	1462.761045	1.431373	-0.005550	2.171119
27.678302	1467.875553	1.436378	-0.005537	2.174111
27.937034	1473.201476	1.441382	-0.005599	2.177283
27.971342	1478.280379	1.446387	-0.005608	2.180263
27.938896	1483.324436	1.451392	-0.005601	2.183206
28.023105	1488.427674	1.456397	-0.005621	2.186201
28.076711	1493.611974	1.461402	-0.005635	2.189235
28.194079	1498.530284	1.466406	-0.005663	2.192121
28.260144	1503.730818	1.471411	-0.005680	2.195157
28.284448	1509.005186	1.476416	-0.005686	2.198225
28.372612	1514.010520	1.481421	-0.005708	2.201144
28.423231	1519.084667	1.486426	-0.005721	2.204092
28.474131	1524.246311	1.491430	-0.005733	2.207087
28.502856	1529.350802	1.496435	-0.005741	2.210040
28.486333	1534.354157	1.501440	-0.005737	2.212923
28.651918	1539.583124	1.506445	-0.005778	2.215966
28.883191	1544.786130	1.511450	-0.005834	2.219002
28.778955	1549.808600	1.516454	-0.005809	2.221868
28.970792	1554.883867	1.521459	-0.005856	2.224816
28.907091	1560.093814	1.526464	-0.005841	2.227789
29.000281	1565.123341	1.531469	-0.005864	2.230684
29.024787	1570.196745	1.536474	-0.005870	2.233588
29.124322	1575.497994	1.541478	-0.005895	2.236632
29.314899	1580.561912	1.546483	-0.005941	2.239553
29.322544	1585.569902	1.551488	-0.005943	2.242405
29.365835	1590.727447	1.556493	-0.005954	2.245345
29.418669	1595.849899	1.561498	-0.005968	2.248263
29.492491	1600.836438	1.566502	-0.005986	2.251103
29.492566	1605.980584	1.571507	-0.005986	2.254016
29.634696	1611.367263	1.576512	-0.006021	2.257089
29.699597	1616.412076	1.581517	-0.006037	2.259950
29.829988	1621.428628	1.586522	-0.006069	2.262803
29.881637	1626.555458	1.591526	-0.006082	2.265700
29.955370	1631.683711	1.596531	-0.006100	2.268599
29.834486	1636.737832	1.601536	-0.006072	2.271417
29.993176	1641.830575	1.606541	-0.006110	2.274304
30.142453	1647.115471	1.611546	-0.006147	2.277293
29.998893	1652.225097	1.616550	-0.006113	2.280127
30.172185	1657.206932	1.621555	-0.006155	2.282944
30.394781	1662.283244	1.626560	-0.006209	2.285818
30.328519	1667.456132	1.631565	-0.006193	2.288691
30.426084	1672.411488	1.636570	-0.006217	2.291468
30.544579	1677.622838	1.641574	-0.006246	2.294389
30.662280	1682.910889	1.646579	-0.006275	2.297347
30.458609	1688.049119	1.651584	-0.006227	2.300162
30.625419	1693.021688	1.656589	-0.006267	2.302948
30.745533	1698.181851	1.661594	-0.006297	2.305825
30.810224	1703.294533	1.666598	-0.006313	2.308663
30.830621	1708.252345	1.671603	-0.006318	2.311404
30.803317	1713.488500	1.676608	-0.006312	2.314287
31.030288	1718.695714	1.681613	-0.006367	2.317195
31.132669	1723.749871	1.686618	-0.006392	2.319994
31.071923	1728.771401	1.691622	-0.006378	2.322742
31.107417	1733.921478	1.696627	-0.006387	2.325575
31.207102	1739.078998	1.701632	-0.006412	2.328419
31.278418	1744.019709	1.706637	-0.006429	2.331137
31.309848	1749.268894	1.711642	-0.006438	2.334012
31.449834	1754.593461	1.716646	-0.006472	2.336945
31.404588	1759.672341	1.721651	-0.006461	2.339707
31.535397	1764.668076	1.726656	-0.006493	2.342452
31.614737	1769.819055	1.731661	-0.006513	2.345269
31.634154	1774.984163	1.736666	-0.006518	2.348079
31.673045	1779.922261	1.741670	-0.006528	2.350767
31.666795	1785.100471	1.746675	-0.006527	2.353574
31.858008	1790.380344	1.751680	-0.006573	2.356466
31.800166	1795.480986	1.756685	-0.006560	2.359216
31.916764	1800.428288	1.761690	-0.006589	2.361909
31.980869	1805.582059	1.766694	-0.006605	2.364701
32.162618	1810.692121	1.771699	-0.006649	2.367487
32.089475	1815.740455	1.776704	-0.006632	2.370193
32.109234	1820.841687	1.781709	-0.006637	2.372940
32.206483	1826.249043	1.786714	-0.006661	2.375861
32.362189	1831.312392	1.791718	-0.006699	2.378604
32.405103	1836.271430	1.796723	-0.006710	2.381269
32.502690	1841.421798	1.801728	-0.006733	2.384043
32.536950	1846.592738	1.806733	-0.006742	2.386813
32.603736	1851.633938	1.811738	-0.006759	2.389517
32.653080	1856.682018	1.816742	-0.006771	2.392218
32.763787	1861.926880	1.821747	-0.006798	2.395031
32.727010	1867.166520	1.826752	-0.006790	2.397814
32.825423	1872.075671	1.831757	-0.006814	2.400440
32.922380	1877.188075	1.836762	-0.006838	2.403171
32.996236	1882.326018	1.841766	-0.006856	2.405909
32.907365	1887.460516	1.846771	-0.006836	2.408615
33.004123	1892.446515	1.851776	-0.006859	2.411270
33.074161	1897.735456	1.856781	-0.006877	2.414077
33.272329	1902.975396	1.861786	-0.006925	2.416877
33.307103	1907.980454	1.866790	-0.006934	2.419523
33.196553	1913.069120	1.871795	-0.006908	2.422185
33.416707	1918.216743	1.876800	-0.006961	2.424931
33.335022	1923.378610	1.881805	-0.006942	2.427631
33.569575	1928.277686	1.886810	-0.006999	2.430242
33.403201	1933.490246	1.891814	-0.006959	2.432949
33.726693	1938.727663	1.896819	-0.007037	2.435746
33.711573	1943.849121	1.901824	-0.007034	2.438424
33.717874	1948.832030	1.906829	-0.007036	2.441030
33.880535	1953.948520	1.911834	-0.007076	2.443728
33.788484	1959.144742	1.916838	-0.007055	2.446423
33.840658	1964.158391	1.921843	-0.007068	2.449044
33.990236	1969.184695	1.926848	-0.007104	2.451685
33.993304	1974.539425	1.931853	-0.007105	2.454469
34.114150	1979.749334	1.936858	-0.007135	2.457195
34.020603	1984.750759	1.941862	-0.007113	2.459774
34.230166	1989.804409	1.946867	-0.007164	2.462427
34.318551	1994.952556	1.951872	-0.007185	2.465106
34.091024	2000.170772	1.956877	-0.007132	2.467768
34.325068	2005.062345	1.961882	-0.007188	2.470332
34.465000	2010.232524	1.966886	-0.007222	2.473023
34.678968	2015.478916	1.971891	-0.007274	2.475761
34.606482	2020.623543	1.976896	-0.007257	2.478399
34.555918	2025.614924	1.981901	-0.007246	2.480958
34.873282	2030.696614	1.986906	-0.007322	2.483620
34.710358	2035.925571	1.991910	-0.007284	2.486277
34.900107	2040.880661	1.996915	-0.007330	2.488848
35.021073	2045.919450	2.001920	-0.007359	2.491448
35.000699	2051.313811	2.006925	-0.007355	2.494205
35.033874	2056.547080	2.011930	-0.007364	2.496884
35.062847	2061.543462	2.016934	-0.007371	2.499440
35.154538	2066.591298	2.021939	-0.007394	2.502029
35.247802	2071.768700	2.026944	-0.007417	2.504681
35.306202	2076.900491	2.031949	-0.007431	2.507302
35.332762	2081.840826	2.036954	-0.007438	2.509818
35.260146	2087.036822	2.041958	-0.007421	2.512445
35.395085	2092.333224	2.046963	-0.007454	2.515154
35.402856	2097.488746	2.051968	-0.007457	2.517768
35.514854	2102.398258	2.056973	-0.007484	2.520271
35.483016	2107.600969	2.061978	-0.007477	2.522897
35.591322	2112.745849	2.066982	-0.007503	2.525514
35.736933	2117.791421	2.071987	-0.007539	2.528083
35.684637	2122.801603	2.076992	-0.007527	2.530601
35.751571	2128.035944	2.081997	-0.007544	2.533248
35.787483	2133.357411	2.087002	-0.007553	2.535931
35.993754	2138.365228	2.092006	-0.007603	2.538481
35.964333	2143.419355	2.097011	-0.007596	2.541014
36.063032	2148.544138	2.102016	-0.007620	2.543600
36.022881	2153.711795	2.107021	-0.007611	2.546184
36.075489	2158.745277	2.112026	-0.007625	2.548712
36.170722	2163.785614	2.117030	-0.007648	2.551247
36.034765	2169.128995	2.122035	-0.007616	2.553896
36.273178	2174.294461	2.127040	-0.007674	2.556511
36.309684	2179.284843	2.132045	-0.007683	2.559005
36.301442	2184.411794	2.137050	-0.007682	2.561557
36.409159	2189.524137	2.142054	-0.007708	2.564118
36.459261	2194.676672	2.147059	-0.007720	2.566687
36.698921	2199.618491	2.152064	-0.007778	2.569178
36.595032	2204.780171	2.157069	-0.007754	2.571723
36.692902	2210.165623	2.162074	-0.007778	2.574407
36.816034	2215.271394	2.167078	-0.007808	2.576954
36.869409	2220.129973	2.172083	-0.007821	2.579365
36.907690	2225.271132	2.177088	-0.007831	2.581911
36.933587	2230.433211	2.182093	-0.007838	2.584464
36.916116	2235.606747	2.187098	-0.007834	2.587013
37.072570	2240.482881	2.192102	-0.007872	2.589439
37.106723	2245.654355	2.197107	-0.007881	2.591990
37.251741	2251.002130	2.202112	-0.007916	2.594642
37.317648	2256.102468	2.207117	-0.007933	2.597157
37.404778	2261.041542	2.212122	-0.007954	2.599594
37.407521	2266.181215	2.217126	-0.007956	2.602115
37.575695	2271.286732	2.222131	-0.007996	2.604641
37.423063	2276.467010	2.227136	-0.007960	2.607153
37.639857	2281.368679	2.232141	-0.008013	2.609582
37.642165	2286.599245	2.237146	-0.008014	2.612137
37.688257	2291.998877	2.242150	-0.008026	2.614779
37.701584	2297.097454	2.247155	-0.008029	2.617267
37.832766	2302.031197	2.252160	-0.008061	2.619689
37.886595	2307.177093	2.257165	-0.008075	2.622201
37.899084	2312.361441	2.262170	-0.008078	2.624723
37.973546	2317.402609	2.267174	-0.008097	2.627182
37.871612	2322.405392	2.272179	-0.008073	2.629594
38.044649	2327.580927	2.277184	-0.008115	2.632128
38.050565	2332.880468	2.282189	-0.008117	2.634696
38.177236	2337.984443	2.287194	-0.008148	2.637184
38.186390	2342.952946	2.292198	-0.008151	2.639586
38.306867	2348.080687	2.297203	-0.008180	2.642080
38.386191	2353.227139	2.302208	-0.008200	2.644575
38.343574	2358.349427	2.307213	-0.008190	2.647037
38.410907	2363.320484	2.312218	-0.008207	2.649441
38.539547	2368.548870	2.317222	-0.008238	2.651975
38.516779	2373.949787	2.322227	-0.008233	2.654568
38.666311	2379.034409	2.327232	-0.008270	2.657031
38.638568	2383.981578	2.332237	-0.008264	2.659400
38.779922	2389.106743	2.337242	-0.008298	2.661877
38.733547	2394.311219	2.342246	-0.008287	2.664363
38.818658	2399.377568	2.347251	-0.008308	2.666799
38.819819	2404.360286	2.352256	-0.008309	2.669180
38.900786	2409.529353	2.357261	-0.008329	2.671661
38.950355	2414.881019	2.362266	-0.008342	2.674221
39.088663	2419.912849	2.367270	-0.008375	2.676639
39.133840	2424.825918	2.372275	-0.008387	2.678985
39.132249	2430.025280	2.377280	-0.008387	2.681459
39.243088	2435.139001	2.382285	-0.008414	2.683906
39.267977	2440.297184	2.387290	-0.008421	2.686359
39.345983	2445.228819	2.392294	-0.008440	2.688710
39.288920	2450.424261	2.397299	-0.008427	2.691165
39.240345	2455.923246	2.402304	-0.008416	2.693763
39.546309	2460.962962	2.407309	-0.008489	2.696191
39.679494	2465.851268	2.412314	-0.008522	2.698521
39.587899	2471.029713	2.417318	-0.008501	2.700954
39.693086	2476.170144	2.422323	-0.008526	2.703395
39.635620	2481.368144	2.427328	-0.008513	2.705837
39.693898	2486.292688	2.432333	-0.008528	2.708165
39.875827	2491.373494	2.437338	-0.008572	2.710582
39.958347	2496.700668	2.442342	-0.008592	2.713099
39.977739	2501.878911	2.447347	-0.008597	2.715534
39.991641	2506.847854	2.452352	-0.008601	2.717869
39.990743	2511.964043	2.457357	-0.008602	2.720268
40.092377	2517.115346	2.462362	-0.008627	2.722696
40.203026	2522.241243	2.467366	-0.008654	2.725111
40.163314	2527.247817	2.472371	-0.008645	2.727447
40.182335	2532.329974	2.477376	-0.008650	2.729825
40.327348	2537.613681	2.482381	-0.008685	2.732312
40.474810	2542.865390	2.487386	-0.008721	2.734783
40.529484	2547.901697	2.492390	-0.008735	2.737138
40.431721	2552.949008	2.497395	-0.008712	2.739475
40.630056	2558.065210	2.502400	-0.008760	2.741883
40.692397	2563.197042	2.507405	-0.008775	2.744277
40.596758	2568.298482	2.512410	-0.008753	2.746633
40.623614	2573.303104	2.517414	-0.008760	2.748959
40.604640	2578.530424	2.522419	-0.008756	2.751380
40.794745	2583.828816	2.527424	-0.008802	2.753861
40.802702	2588.917074	2.532429	-0.008805	2.756217
40.842894	2593.848127	2.537434	-0.008815	2.758503
41.109542	2598.966004	2.542438	-0.008879	2.760905
40.963338	2604.176101	2.547443	-0.008845	2.763290
41.254392	2609.281604	2.552448	-0.008915	2.765685
41.221121	2614.195971	2.557453	-0.008908	2.767945
41.189416	2619.343807	2.562458	-0.008901	2.770311
41.346768	2624.771186	2.567462	-0.008939	2.772830
41.303518	2629.949189	2.572467	-0.008929	2.775204
41.558084	2634.846030	2.577472	-0.008991	2.777488
41.531717	2639.978713	2.582477	-0.008985	2.779840
41.399017	2645.220134	2.587482	-0.008954	2.782225
41.644649	2650.252304	2.592486	-0.009013	2.784563
41.581216	2655.267087	2.597491	-0.008999	2.786850
41.638040	2660.320697	2.602496	-0.009013	2.789169
41.812360	2665.539936	2.607501	-0.009055	2.791578
41.923020	2670.790811	2.612506	-0.009082	2.793990
41.833530	2675.936332	2.617510	-0.009061	2.796326
41.832837	2680.860466	2.622515	-0.009062	2.798570
41.929541	2686.034783	2.627520	-0.009085	2.800940
41.957878	2691.172626	2.632525	-0.009093	2.803281
42.084429	2696.317395	2.637530	-0.009124	2.805638
42.071805	2701.244973	2.642534	-0.009121	2.807875
42.044838	2706.440790	2.647539	-0.009115	2.810229
42.145750	2711.929006	2.652544	-0.009140	2.812732
42.400698	2717.010776	2.657549	-0.009202	2.815069
42.231760	2721.982337	2.662554	-0.009162	2.817297
42.446301	2727.054757	2.667558	-0.009214	2.819621
42.381508	2732.255102	2.672563	-0.009199	2.821963
42.457064	2737.412238	2.677568	-0.009218	2.824302
42.529955	2742.383452	2.682573	-0.009236	2.826555
42.441840	2747.465537	2.687578	-0.009215	2.828835
42.526230	2752.709675	2.692582	-0.009236	2.831209
42.525083	2757.994465	2.697587	-0.009236	2.833588
42.571801	2763.076612	2.702592	-0.009248	2.835880
42.749581	2768.008403	2.707597	-0.009291	2.838120
42.755684	2773.121079	2.712602	-0.009293	2.840417
42.845436	2778.275333	2.717606	-0.009315	2.842742
42.827855	2783.432544	2.722611	-0.009311	2.845052
42.939587	2788.344834	2.727616	-0.009339	2.847267
42.884909	2793.517620	2.732621	-0.009326	2.849576
43.042152	2798.902832	2.737626	-0.009365	2.852005
43.130063	2804.084442	2.742630	-0.009386	2.854332
43.190648	2809.075465	2.747635	-0.009401	2.856569
43.250356	2814.105684	2.752640	-0.009416	2.858821
43.330590	2819.271915	2.757645	-0.009436	2.861135
43.371559	2824.429986	2.762650	-0.009446	2.863438
43.395081	2829.533464	2.767654	-0.009452	2.865712
43.471042	2834.488780	2.772659	-0.009471	2.867926
43.443997	2839.649461	2.777664	-0.009465	2.870216
43.565707	2844.998805	2.782669	-0.009495	2.872607
43.642341	2850.153197	2.787674	-0.009514	2.874904
43.657548	2855.071076	2.792678	-0.009518	2.877087
43.614542	2860.224663	2.797683	-0.009508	2.879364
43.710874	2865.384832	2.802688	-0.009532	2.881661
43.711557	2870.538125	2.807693	-0.009533	2.883940
43.835687	2875.560689	2.812698	-0.009563	2.886176
43.932603	2880.566112	2.817702	-0.009587	2.888398
44.038897	2885.846638	2.822707	-0.009613	2.890742
44.030955	2891.233360	2.827712	-0.009612	2.893116
44.141692	2896.348322	2.832717	-0.009639	2.895384
44.136400	2901.208662	2.837722	-0.009638	2.897523
44.198549	2906.348422	2.842726	-0.009653	2.899791
44.276601	2911.486920	2.847731	-0.009673	2.902060
44.318767	2916.673999	2.852736	-0.009683	2.904343
44.343289	2921.645383	2.857741	-0.009690	2.906528
44.325740	2926.716729	2.862746	-0.009686	2.908750
44.388134	2932.017601	2.867750	-0.009702	2.911080
44.383343	2937.285093	2.872755	-0.009701	2.913386
44.541159	2942.319882	2.877760	-0.009740	2.915608
44.643107	2947.245397	2.882765	-0.009765	2.917774
44.656342	2952.414719	2.887770	-0.009768	2.920034
44.577566	2957.645357	2.892774	-0.009750	2.922307
44.650288	2962.738244	2.897779	-0.009768	2.924538
44.827787	2967.657226	2.902784	-0.009811	2.926704
44.736440	2972.779295	2.907789	-0.009790	2.928923
44.933641	2978.173111	2.912794	-0.009838	2.931294
44.867203	2983.461209	2.917798	-0.009822	2.933585
44.878057	2988.455123	2.922803	-0.009825	2.935756
44.913676	2993.457846	2.927808	-0.009835	2.937933
44.888699	2998.648015	2.932813	-0.009829	2.940181
45.091971	3003.767213	2.937818	-0.009878	2.942426
45.124965	3008.912627	2.942822	-0.009887	2.944659
45.206137	3013.785475	2.947827	-0.009907	2.946778
45.334617	3018.926309	2.952832	-0.009938	2.949017
45.418046	3024.256028	2.957837	-0.009959	2.951331
45.262006	3029.496590	2.962842	-0.009922	2.953575
45.460252	3034.478890	2.967846	-0.009970	2.955749
45.469791	3039.496530	2.972851	-0.009973	2.957914
45.495239	3044.646668	2.977856	-0.009980	2.960136
45.483024	3049.782445	2.982861	-0.009977	2.962346
45.590890	3054.910943	2.987866	-0.010004	2.964566
45.702268	3059.817851	2.992870	-0.010031	2.966689
45.744093	3064.961930	2.997875	-0.010041	2.968904
45.737227	3070.482463	3.002880	-0.010040	2.971273
45.839544	3075.658034	3.007885	-0.010065	2.973506
45.929122	3080.653907	3.012890	-0.010087	2.975658
45.904396	3085.683115	3.017894	-0.010082	2.977809
45.931083	3090.842859	3.022899	-0.010089	2.980021
46.095771	3096.011679	3.027904	-0.010129	2.982251
46.102389	3101.123488	3.032909	-0.010131	2.984437
46.185450	3106.045422	3.037914	-0.010152	2.986549
46.106398	3111.239485	3.042918	-0.010133	2.988756
46.295293	3116.462226	3.047923	-0.010179	2.991006
46.370648	3121.653828	3.052928	-0.010198	2.993227
46.374692	3126.629724	3.057933	-0.010199	2.995346
46.273932	3131.689553	3.062938	-0.010176	2.997487
46.372890	3136.860801	3.067942	-0.010200	2.999698
46.447278	3141.996568	3.072947	-0.010218	3.001889
46.607474	3147.139741	3.077952	-0.010257	3.004091
46.646081	3152.047375	3.082957	-0.010267	3.006178
46.582151	3157.201122	3.087962	-0.010252	3.008356
46.595603	3162.599847	3.092966	-0.010256	3.010644
46.714016	3167.827630	3.097971	-0.010285	3.012871
46.758947	3172.876348	3.102976	-0.010297	3.015013
46.759077	3177.876326	3.107981	-0.010297	3.017126
46.816248	3183.009338	3.112986	-0.010311	3.019301
46.984913	3188.150831	3.117990	-0.010352	3.021492
46.905706	3193.311340	3.122995	-0.010334	3.023659
47.003592	3198.275109	3.128000	-0.010358	3.025763
47.057225	3203.353478	3.133005	-0.010371	3.027908
47.008061	3208.677421	3.138010	-0.010360	3.030143
47.167520	3213.895226	3.143014	-0.010399	3.032357
47.308687	3218.976422	3.148019	-0.010433	3.034509
47.273371	3223.939213	3.153024	-0.010425	3.036589
47.403192	3229.052380	3.158029	-0.010457	3.038751
47.236729	3234.285373	3.163034	-0.010418	3.040926
47.483024	3239.395523	3.168038	-0.010477	3.043097
47.577966	3244.378223	3.173043	-0.010501	3.045195
47.572900	3249.459661	3.178048	-0.010500	3.047321
47.497542	3254.766761	3.183053	-0.010483	3.049531
47.566164	3260.151602	3.188058	-0.010500	3.051790
47.739862	3265.252215	3.193062	-0.010542	3.053940
47.688603	3270.123978	3.198067	-0.010530	3.055967
47.892643	3275.246410	3.203072	-0.010579	3.058127
47.833658	3280.441755	3.208077	-0.010566	3.060286
47.865773	3285.568729	3.213082	-0.010574	3.062425
47.931556	3290.644847	3.218086	-0.010591	3.064545
48.035395	3295.560662	3.223091	-0.010616	3.066601
47.965480	3300.792186	3.228096	-0.010600	3.068767
47.928662	3306.203125	3.233101	-0.010592	3.071010
48.150594	3311.308642	3.238106	-0.010645	3.073155
48.332542	3316.248246	3.243110	-0.010689	3.075224
48.259898	3321.312060	3.248115	-0.010673	3.077314
48.160329	3326.521029	3.253120	-0.010649	3.079460
48.278757	3331.655434	3.258125	-0.010678	3.081599
48.256661	3336.821301	3.263130	-0.010674	3.083733
48.345335	3341.715029	3.268134	-0.010695	3.085765
48.485597	3346.829805	3.273139	-0.010730	3.087894
48.484130	3352.269884	3.278144	-0.010730	3.090139
48.461313	3357.532050	3.283149	-0.010725	3.092306
48.631350	3362.567699	3.288154	-0.010766	3.094401
48.525375	3367.556916	3.293158	-0.010741	3.096444
48.540441	3372.681930	3.298163	-0.010746	3.098555
48.705186	3377.848609	3.303168	-0.010786	3.100699
48.811196	3382.993449	3.308173	-0.010812	3.102826
48.805992	3387.981104	3.313178	-0.010811	3.104874
48.849877	3393.020827	3.318182	-0.010822	3.106947
49.049521	3398.198929	3.323187	-0.010870	3.109094
48.998231	3403.563746	3.328192	-0.010859	3.111287
49.025248	3408.714686	3.333197	-0.010866	3.113400
49.126757	3413.590636	3.338202	-0.010891	3.115408
49.118864	3418.729840	3.343206	-0.010889	3.117509
49.176507	3423.923907	3.348211	-0.010904	3.119639
49.343396	3429.043190	3.353216	-0.010944	3.121749
49.282744	3434.078161	3.358221	-0.010930	3.123798
49.245979	3439.017953	3.363226	-0.010922	3.125809
49.305102	3444.181098	3.368230	-0.010937	3.127921
49.408103	3449.605479	3.373235	-0.010962	3.130142
49.541843	3454.802827	3.378240	-0.010995	3.132273
49.461281	3459.840229	3.383245	-0.010976	3.134314
49.553575	3464.824812	3.388250	-0.010999	3.136351
49.522360	3470.038062	3.393254	-0.010992	3.138466
49.658246	3475.155757	3.398259	-0.011025	3.140559
49.772717	3480.305905	3.403264	-0.011053	3.142662
49.854967	3485.265862	3.408269	-0.011073	3.144682
49.792752	3490.294947	3.413274	-0.011059	3.146714
49.794330	3495.587341	3.418278	-0.011060	3.148857
49.920803	3500.882234	3.423283	-0.011091	3.151014
50.022456	3506.020053	3.428288	-0.011115	3.153103
50.074141	3510.901492	3.433293	-0.011128	3.155082
50.169515	3516.031509	3.438298	-0.011152	3.157165
49.994758	3521.259868	3.443302	-0.011111	3.159256
50.115601	3526.344840	3.448307	-0.011140	3.161321
50.246978	3531.510100	3.453312	-0.011172	3.163417
50.144323	3536.432017	3.458317	-0.011148	3.165389
50.032154	3541.605459	3.463322	-0.011122	3.167459
50.368610	3547.022100	3.468326	-0.011203	3.169676
50.457052	3552.227699	3.473331	-0.011225	3.171778
50.474974	3557.286600	3.478336	-0.011230	3.173813
50.426714	3562.248597	3.483341	-0.011219	3.175800
50.469336	3567.416138	3.488346	-0.011229	3.177878
50.448194	3572.592007	3.493350	-0.011225	3.179952
50.629838	3577.737009	3.498355	-0.011269	3.182033
50.687940	3582.716370	3.503360	-0.011283	3.184034
50.599206	3587.751358	3.508365	-0.011263	3.186040
50.760324	3592.922912	3.513370	-0.011302	3.188126
50.753177	3598.311684	3.518374	-0.011301	3.190279
50.770139	3603.480186	3.523379	-0.011305	3.192345
50.862606	3608.480530	3.528384	-0.011328	3.194352
50.922156	3613.484388	3.533389	-0.011343	3.196354
50.900020	3618.701585	3.538394	-0.011338	3.198432
50.982313	3623.840520	3.543398	-0.011359	3.200489
51.066849	3628.968852	3.548403	-0.011379	3.202540
51.134684	3633.947286	3.553408	-0.011396	3.204528
51.213769	3639.012175	3.558413	-0.011416	3.206551
51.196364	3644.333535	3.563418	-0.011412	3.208664
51.305521	3649.579305	3.568422	-0.011439	3.210759
51.199219	3654.799515	3.573427	-0.011414	3.212820
51.354934	3659.608874	3.578432	-0.011452	3.214744
51.299957	3664.737331	3.583437	-0.011439	3.216771
51.358160	3669.916457	3.588442	-0.011454	3.218829
51.457879	3675.045901	3.593446	-0.011478	3.220871
51.491973	3680.223195	3.598451	-0.011487	3.222923
51.570192	3685.058591	3.603456	-0.011506	3.224843
51.702746	3690.209426	3.608461	-0.011539	3.226893
51.629491	3695.551140	3.613466	-0.011522	3.228994
51.939779	3700.709078	3.618470	-0.011596	3.231063
51.586298	3705.894014	3.623475	-0.011512	3.233070
51.738312	3710.808090	3.628480	-0.011549	3.235024
51.862011	3715.916743	3.633485	-0.011580	3.237049
51.889137	3721.103804	3.638490	-0.011587	3.239094
52.024484	3726.230930	3.643494	-0.011620	3.241125
51.946925	3731.323214	3.648499	-0.011602	3.243120
52.064415	3736.271643	3.653504	-0.011630	3.245076
52.030759	3741.438631	3.658509	-0.011623	3.247102
52.136542	3746.908038	3.663514	-0.011649	3.249260
52.182249	3752.089859	3.668518	-0.011660	3.251297
52.230862	3757.135527	3.673523	-0.011673	3.253279
52.291319	3762.090232	3.678528	-0.011688	3.255227
52.278286	3767.271827	3.683533	-0.011685	3.257254
52.433632	3772.405996	3.688538	-0.011723	3.259279
52.356229	3777.594495	3.693542	-0.011705	3.261299
52.456497	3782.595614	3.698547	-0.011729	3.263264
52.459762	3787.595319	3.703552	-0.011731	3.265217
52.553535	3792.726682	3.708557	-0.011754	3.267229
52.605299	3798.026198	3.713562	-0.011767	3.269302
52.537806	3803.233524	3.718566	-0.011751	3.271324
52.654214	3808.224237	3.723571	-0.011780	3.273281
52.663995	3813.211109	3.728576	-0.011783	3.275223
52.717501	3818.340193	3.733581	-0.011796	3.277224
52.888299	3823.478144	3.738586	-0.011837	3.279240
52.808723	3828.709275	3.743590	-0.011819	3.281264
52.961740	3833.640482	3.748595	-0.011856	3.283195
52.923712	3838.725226	3.753600	-0.011848	3.285165
53.016095	3843.837920	3.758605	-0.011870	3.287158
52.995435	3849.418008	3.763610	-0.011866	3.289319
53.211747	3854.568011	3.768614	-0.011918	3.291336
53.155763	3859.541865	3.773619	-0.011906	3.293256
53.200563	3864.574992	3.778624	-0.011917	3.295209
53.193876	3869.709565	3.783629	-0.011916	3.297194
53.300925	3874.867188	3.788634	-0.011942	3.299198
53.291376	3880.045937	3.793638	-0.011940	3.301197
53.319947	3885.028417	3.798643	-0.011948	3.303123
53.386424	3890.049926	3.803648	-0.011964	3.305068
53.271464	3895.230940	3.808653	-0.011937	3.307053
53.439842	3900.616495	3.813658	-0.011978	3.309146
53.619567	3905.754368	3.818662	-0.012022	3.311143
53.681027	3910.738387	3.823667	-0.012037	3.313067
53.681636	3915.764935	3.828672	-0.012038	3.315001
53.730553	3920.923845	3.833677	-0.012050	3.316989
53.726930	3926.123297	3.838682	-0.012050	3.318986
53.796424	3931.281392	3.843686	-0.012067	3.320973
53.730453	3936.282960	3.848691	-0.012052	3.322886
54.032508	3941.196995	3.853696	-0.012125	3.324801
53.951136	3946.407189	3.858701	-0.012106	3.326790
53.924535	3951.950127	3.863706	-0.012100	3.328910
54.091893	3957.084991	3.868710	-0.012141	3.330892
54.099800	3962.144066	3.873715	-0.012143	3.332829
54.084124	3967.107730	3.878720	-0.012140	3.334725
54.094384	3972.240660	3.883725	-0.012143	3.336688
54.347714	3977.407699	3.888730	-0.012204	3.338686
54.267898	3982.587571	3.893734	-0.012186	3.340655
54.390980	3987.603482	3.898739	-0.012216	3.342581
54.411128	3992.587045	3.903744	-0.012221	3.344483
54.515978	3997.709463	3.908749	-0.012247	3.346445
54.436637	4003.114417	3.913754	-0.012228	3.348495
54.490666	4008.341685	3.918758	-0.012242	3.350490
54.484656	4013.412066	3.923763	-0.012241	3.352418
54.481141	4018.332718	3.928768	-0.012241	3.354288
54.673346	4023.431053	3.933773	-0.012287	3.356244
54.597907	4028.659068	3.938778	-0.012270	3.358221
54.716410	4033.836235	3.943782	-0.012299	3.360197
54.649294	4038.948792	3.948787	-0.012283	3.362130
54.691542	4043.870136	3.953792	-0.012294	3.363999
54.958455	4048.981379	3.958797	-0.012359	3.365962
54.824865	4054.427691	3.963802	-0.012327	3.368010
54.939867	4059.709379	3.968806	-0.012355	3.370020
54.961793	4064.814476	3.973811	-0.012361	3.371952
54.893770	4069.712860	3.978816	-0.012345	3.373797
55.033927	4074.861587	3.983821	-0.012380	3.375755
55.060904	4079.998083	3.988826	-0.012387	3.377697
55.148374	4085.161574	3.993830	-0.012408	3.379653
55.179752	4090.294607	3.998835	-0.012416	3.381592
55.291926	4095.170135	4.003840	-0.012444	3.383440
55.187850	4100.329143	4.008845	-0.012419	3.385373
55.303035	4105.569484	4.013850	-0.012447	3.387357
55.383697	4110.883317	4.018854	-0.012467	3.389363
55.459210	4116.033039	4.023859	-0.012486	3.391307
55.459085	4120.940182	4.028864	-0.012487	3.393151
55.324493	4126.063552	4.033869	-0.012455	3.395062
55.614435	4131.163240	4.038874	-0.012525	3.397004
55.590166	4136.382928	4.043878	-0.012520	3.398960
55.515867	4141.534392	4.048883	-0.012503	3.400884
55.585023	4146.512533	4.053888	-0.012520	3.402756
55.502210	4151.583508	4.058893	-0.012500	3.404647
55.690817	4156.733319	4.063898	-0.012546	3.406592
55.752526	4162.250304	4.068902	-0.012561	3.408662
55.712745	4167.382440	4.073907	-0.012553	3.410577
55.781115	4172.429423	4.078912	-0.012569	3.412469
55.985846	4177.332923	4.083917	-0.012619	3.414320
56.025576	4182.516726	4.088922	-0.012629	3.416258
56.028315	4187.732251	4.093926	-0.012630	3.418204
56.008986	4192.847511	4.098931	-0.012626	3.420109
56.076632	4197.918975	4.103936	-0.012643	3.422005
56.193756	4202.851429	4.108941	-0.012672	3.423853
56.173071	4207.992278	4.113946	-0.012667	3.425764
56.160626	4213.290880	4.118950	-0.012665	3.427734
56.341852	4218.437052	4.123955	-0.012709	3.429664
56.331690	4223.630164	4.128960	-0.012707	3.431592
56.385142	4228.437343	4.133965	-0.012720	3.433382
56.381886	4233.611599	4.138970	-0.012720	3.435303
56.465637	4238.793442	4.143974	-0.012741	3.437233
56.395079	4243.973018	4.148979	-0.012725	3.439146
56.569535	4249.130795	4.153984	-0.012767	3.441074
56.539419	4254.003896	4.158989	-0.012760	3.442875
56.639083	4259.129084	4.163994	-0.012785	3.444782
56.728358	4264.395727	4.168998	-0.012807	3.446738
56.590354	4269.866941	4.174003	-0.012774	3.448748
56.799575	4274.935860	4.179008	-0.012825	3.450640
56.814395	4279.904923	4.184013	-0.012829	3.452477
56.909219	4284.913811	4.189018	-0.012852	3.454334
56.784819	4290.183536	4.194022	-0.012823	3.456266
56.894066	4295.314586	4.199027	-0.012850	3.458168
57.044960	4300.448939	4.204032	-0.012887	3.460074
57.041488	4305.509212	4.209037	-0.012886	3.461938
56.957737	4310.473805	4.214042	-0.012867	3.463757
57.103962	4315.633899	4.219046	-0.012902	3.465669
57.218948	4321.008677	4.224051	-0.012930	3.467656
57.255997	4326.189617	4.229056	-0.012940	3.469563
57.271654	4331.329522	4.234061	-0.012944	3.471452
57.318039	4336.178586	4.239066	-0.012956	3.473236
57.357859	4341.392743	4.244070	-0.012966	3.475153
57.424586	4346.536554	4.249075	-0.012983	3.477045
57.505715	4351.681255	4.254080	-0.013003	3.478938
57.253035	4356.918252	4.259085	-0.012943	3.480833
57.371158	4361.771745	4.264090	-0.012972	3.482621
57.542856	4366.875432	4.269094	-0.013013	3.484504
57.656372	4372.121311	4.274099	-0.013041	3.486432
57.555210	4377.604571	4.279104	-0.013017	3.488427
57.609737	4382.756721	4.284109	-0.013031	3.490314
57.806309	4387.679154	4.289114	-0.013079	3.492129
57.896901	4392.661715	4.294118	-0.013101	3.493956
57.814775	4397.829102	4.299123	-0.013082	3.495833
57.973202	4403.025270	4.304128	-0.013120	3.497741
57.956579	4408.197187	4.309133	-0.013117	3.499624
57.923899	4413.215523	4.314138	-0.013110	3.501448
58.095246	4418.155194	4.319142	-0.013151	3.503261
58.037133	4423.350841	4.324147	-0.013138	3.505145
57.918477	4428.743134	4.329152	-0.013110	3.507095
57.985214	4433.966403	4.334157	-0.013127	3.508999
58.215749	4439.066348	4.339162	-0.013182	3.510872
58.128023	4443.974326	4.344166	-0.013162	3.512645
58.200519	4449.121852	4.349171	-0.013180	3.514519
58.105763	4454.293324	4.354176	-0.013158	3.516385
58.176412	4459.458893	4.359181	-0.013175	3.518263
58.342268	4464.611216	4.364186	-0.013216	3.520144
58.414578	4469.606824	4.369190	-0.013234	3.521959
58.332437	4474.627196	4.374195	-0.013214	3.523768
58.452353	4479.816467	4.379200	-0.013244	3.525655
58.498710	4485.388978	4.384205	-0.013255	3.527673
58.486270	4490.515056	4.389210	-0.013253	3.529524
58.733864	4495.562600	4.394214	-0.013313	3.531368
58.616805	4500.461341	4.399219	-0.013285	3.533125
58.697528	4505.641436	4.404224	-0.013305	3.535001
58.629919	4510.869873	4.409229	-0.013290	3.536879
58.736736	4515.969279	4.414234	-0.013316	3.538726
58.898479	4521.134064	4.419238	-0.013355	3.540600
58.879316	4525.960424	4.424243	-0.013351	3.542335
58.806055	4531.092542	4.429248	-0.013334	3.544175
58.985027	4536.318470	4.434253	-0.013378	3.546069
59.091978	4541.679847	4.439258	-0.013404	3.548005
59.191140	4546.798289	4.444262	-0.013428	3.549852
59.141935	4551.765647	4.449267	-0.013417	3.551631
59.120522	4556.823475	4.454272	-0.013412	3.553443
59.118815	4561.960866	4.459277	-0.013413	3.555285
59.141816	4567.147963	4.464282	-0.013419	3.557146
59.372018	4572.251696	4.469286	-0.013474	3.558995
59.300149	4577.381331	4.474291	-0.013458	3.560825
59.406703	4582.236505	4.479296	-0.013484	3.562572
59.424503	4587.439071	4.484301	-0.013489	3.564434
59.456113	4592.789474	4.489306	-0.013497	3.566350
59.481473	4598.168781	4.494310	-0.013504	3.568274
59.566460	4603.329910	4.499315	-0.013524	3.570124
59.603740	4608.215870	4.504320	-0.013534	3.571871
59.726670	4613.281876	4.509325	-0.013564	3.573689
59.707084	4618.416223	4.514330	-0.013560	3.575518
59.650372	4623.640312	4.519334	-0.013547	3.577375
59.700446	4628.747911	4.524339	-0.013559	3.579198
59.745695	4633.818965	4.529344	-0.013571	3.581007
59.808686	4638.799600	4.534349	-0.013586	3.582785
59.949857	4643.908438	4.539354	-0.013621	3.584614
59.949600	4649.278658	4.544358	-0.013621	3.586523
59.927553	4654.514671	4.549363	-0.013617	3.588381
59.978265	4659.672242	4.554368	-0.013629	3.590217
60.069771	4664.522427	4.559373	-0.013652	3.591946
60.116034	4669.633433	4.564378	-0.013664	3.593763
60.238347	4674.794506	4.569382	-0.013693	3.595604
60.117626	4679.976252	4.574387	-0.013665	3.597429
60.254890	4685.116075	4.579392	-0.013699	3.599262
60.179056	4690.189743	4.584397	-0.013681	3.601051
60.310408	4695.046770	4.589402	-0.013713	3.602781
60.285837	4700.215297	4.594406	-0.013708	3.604607
60.309509	4705.686545	4.599411	-0.013714	3.606543
60.444986	4710.954057	4.604416	-0.013747	3.608415
60.451982	4716.092908	4.609421	-0.013749	3.610231
60.344430	4720.954300	4.614426	-0.013724	3.611937
60.516617	4726.110207	4.619430	-0.013766	3.613771
60.686390	4731.194983	4.624435	-0.013807	3.615578
60.565774	4736.408756	4.629440	-0.013779	3.617405
60.666407	4741.546561	4.634445	-0.013803	3.619223
60.703825	4746.578143	4.639450	-0.013813	3.620998
60.889085	4751.521315	4.644454	-0.013858	3.622753
60.690057	4756.701309	4.649459	-0.013811	3.624558
60.759904	4762.138470	4.654464	-0.013828	3.626475
60.910786	4767.303806	4.659469	-0.013865	3.628303
60.953541	4772.393040	4.664474	-0.013876	3.630093
61.062066	4777.225107	4.669478	-0.013902	3.631799
61.042780	4782.414402	4.674483	-0.013898	3.633617
61.085148	4787.578919	4.679488	-0.013909	3.635432
61.190405	4792.719258	4.684493	-0.013935	3.637242
61.176469	4797.861551	4.689498	-0.013932	3.639043
61.178324	4802.924978	4.694502	-0.013933	3.640816
61.228531	4807.910501	4.699507	-0.013946	3.642564
61.145037	4813.080650	4.704512	-0.013926	3.644366
61.247827	4818.551459	4.709517	-0.013951	3.646287
61.378553	4823.790567	4.714522	-0.013983	3.648129
61.475216	4828.936845	4.719526	-0.014007	3.649934
61.356790	4833.782281	4.724531	-0.013979	3.651616
61.449216	4838.943491	4.729536	-0.014002	3.653424
61.457539	4844.103319	4.734541	-0.014004	3.655225
61.570022	4849.238893	4.739546	-0.014032	3.657024
61.695218	4854.407152	4.744550	-0.014063	3.658835
61.779633	4859.397680	4.749555	-0.014083	3.660580
61.682002	4864.368762	4.754560	-0.014060	3.662302
61.620573	4869.595581	4.759565	-0.014046	3.664115
61.780815	4874.923666	4.764570	-0.014085	3.665981
62.011028	4880.119173	4.769574	-0.014141	3.667806
61.914695	4885.294768	4.774579	-0.014119	3.669596
61.785988	4890.226956	4.779584	-0.014088	3.671298
61.975192	4895.310388	4.784589	-0.014134	3.673078
61.950433	4900.451949	4.789594	-0.014129	3.674859
62.122975	4905.614659	4.794598	-0.014171	3.676663
62.096851	4910.751659	4.799603	-0.014165	3.678441
62.030187	4915.869242	4.804608	-0.014150	3.680208
62.098013	4920.791242	4.809613	-0.014166	3.681918
62.162118	4925.938441	4.814618	-0.014182	3.683704
62.291631	4931.363330	4.819622	-0.014214	3.685591
62.214768	4936.711859	4.824627	-0.014196	3.687434
62.294300	4941.833341	4.829632	-0.014216	3.689210
62.337361	4946.760724	4.834637	-0.014227	3.690915
62.280623	4951.800041	4.839642	-0.014214	3.692650
62.466160	4956.978797	4.844646	-0.014259	3.694452
62.392480	4962.137425	4.849651	-0.014242	3.696225
62.517151	4967.265065	4.854656	-0.014272	3.698003
62.462269	4972.438671	4.859661	-0.014260	3.699781
62.510493	4977.275657	4.864666	-0.014272	3.701450
62.639216	4982.407879	4.869670	-0.014303	3.703227
62.831714	4987.634634	4.874675	-0.014350	3.705041
65.015968	4992.513016	4.879680	-0.014873	3.706896
65.187087	4997.609580	4.884685	-0.014914	3.708662
65.216075	5002.594932	4.889690	-0.014922	3.710377
65.339127	5007.544026	4.894694	-0.014952	3.712086
65.500059	5012.655754	4.899699	-0.014991	3.713854
65.324192	5017.917656	4.904704	-0.014949	3.715644
65.395105	5023.072877	4.909709	-0.014967	3.717418
65.452789	5028.197251	4.914714	-0.014981	3.719178
65.588027	5033.079731	4.919718	-0.015014	3.720862
65.541700	5038.224253	4.924723	-0.015004	3.722620
65.587709	5043.361341	4.929728	-0.015015	3.724381
65.586021	5048.967648	4.934733	-0.015016	3.726299
65.784504	5054.104179	4.939738	-0.015064	3.728071
65.756326	5059.172143	4.944742	-0.015057	3.729800
65.751365	5064.072437	4.949747	-0.015057	3.731474
65.813276	5069.250114	4.954752	-0.015072	3.733246
65.842798	5074.423221	4.959757	-0.015080	3.735014
66.018203	5079.484973	4.964762	-0.015122	3.736755
66.092410	5084.691911	4.969766	-0.015141	3.738536
66.062486	5089.663625	4.974771	-0.015134	3.740228
66.232656	5094.655891	4.979776	-0.015175	3.741942
66.272717	5099.827669	4.984781	-0.015186	3.743706
66.186145	5105.208587	4.989786	-0.015166	3.745530
66.202079	5110.476355	4.994790	-0.015170	3.747323
66.273662	5115.612419	4.999795	-0.015188	3.749074
66.234459	5120.514826	5.004800	-0.015179	3.750737
66.216801	5125.647901	5.009805	-0.015175	3.752479
66.253932	5130.735640	5.014810	-0.015185	3.754209
66.539029	5135.931832	5.019814	-0.015253	3.755995
66.632053	5141.062035	5.024819	-0.015276	3.757743
66.620964	5146.134120	5.029824	-0.015274	3.759461
66.616467	5151.101935	5.034829	-0.015274	3.761144
66.612110	5156.208388	5.039834	-0.015273	3.762874
66.648259	5161.556832	5.044838	-0.015283	3.764687
66.744993	5167.012864	5.049843	-0.015306	3.766541
66.687991	5172.154558	5.054848	-0.015293	3.768276
66.646487	5177.275611	5.059853	-0.015284	3.770004
66.701052	5182.169748	5.064858	-0.015298	3.771662
66.812342	5187.278514	5.069862	-0.015325	3.773396
66.819917	5192.501532	5.074867	-0.015327	3.775160
66.891547	5197.594662	5.079872	-0.015345	3.776884
67.028227	5202.808434	5.084877	-0.015378	3.778654
66.901565	5207.701112	5.089882	-0.015348	3.780293
67.006509	5212.763887	5.094886	-0.015374	3.782007
66.974903	5217.920751	5.099891	-0.015367	3.783742
67.208062	5223.302758	5.104896	-0.015424	3.785572
67.264577	5228.552766	5.109901	-0.015438	3.787343
67.055073	5233.703102	5.114906	-0.015388	3.789059
67.054291	5238.567107	5.119910	-0.015389	3.790695
67.221859	5243.672323	5.124915	-0.015429	3.792423
67.334003	5248.826136	5.129920	-0.015457	3.794163
67.220860	5254.029459	5.134925	-0.015430	3.795902
67.313427	5259.195338	5.139930	-0.015453	3.797642
67.389971	5264.145739	5.144934	-0.015472	3.799309
67.386721	5269.049586	5.149939	-0.015472	3.800953
67.451020	5274.169274	5.154944	-0.015488	3.802674
67.573833	5279.488569	5.159949	-0.015518	3.804465
67.379866	5284.967808	5.164954	-0.015472	3.806285
67.654816	5290.113706	5.169958	-0.015538	3.808028
67.744176	5295.105672	5.174963	-0.015560	3.809705
67.859037	5299.969836	5.179968	-0.015588	3.811341
67.896222	5305.209833	5.184973	-0.015598	3.813095
68.035338	5310.267279	5.189978	-0.015631	3.814795
67.892929	5315.500674	5.194982	-0.015598	3.816532
68.067696	5320.630395	5.199987	-0.015640	3.818257
67.897101	5325.639969	5.204992	-0.015600	3.819916
68.226793	5330.586401	5.209997	-0.015680	3.821590
68.153725	5335.759830	5.215002	-0.015663	3.823309
68.221056	5341.214782	5.220006	-0.015679	3.825132
68.293298	5346.414316	5.225011	-0.015697	3.826869
68.442657	5351.537738	5.230016	-0.015734	3.828586
68.386082	5356.470959	5.235021	-0.015721	3.830223
68.380216	5361.512125	5.240026	-0.015720	3.831899
68.375822	5366.741148	5.245030	-0.015719	3.833637
68.369718	5371.936279	5.250035	-0.015719	3.835363
68.537259	5377.059616	5.255040	-0.015759	3.837077
68.516162	5382.236485	5.260045	-0.015755	3.838795
68.514557	5387.066840	5.265050	-0.015755	3.840397
68.481920	5392.212189	5.270054	-0.015748	3.842102
68.625397	5397.438670	5.275059	-0.015783	3.843845
68.502119	5402.971894	5.280064	-0.015754	3.845670
68.762210	5408.070443	5.285069	-0.015817	3.847378
68.853716	5413.143374	5.290074	-0.015839	3.849065
68.987998	5418.030585	5.295078	-0.015872	3.850692
68.912506	5423.142766	5.300083	-0.015854	3.852378
68.875319	5428.334468	5.305088	-0.015846	3.854092
68.879121	5433.503175	5.310093	-0.015847	3.855800
69.037237	5438.646071	5.315098	-0.015886	3.857511
69.023637	5443.631340	5.320102	-0.015883	3.859157
69.024954	5448.646597	5.325107	-0.015884	3.860812
68.955015	5453.796423	5.330112	-0.015868	3.862506
69.059484	5459.167823	5.335117	-0.015894	3.864285
69.103319	5464.389562	5.340122	-0.015905	3.866010
69.244561	5469.570011	5.345126	-0.015939	3.867727
69.223672	5474.549266	5.350131	-0.015935	3.869366
69.174893	5479.548253	5.355136	-0.015923	3.871008
69.351038	5484.688785	5.360141	-0.015966	3.872713
69.347268	5489.874740	5.365146	-0.015966	3.874418
69.427527	5495.042292	5.370150	-0.015986	3.876123
69.456904	5500.155102	5.375155	-0.015993	3.877806
69.486303	5505.128497	5.380160	-0.016001	3.879441
69.462256	5510.144460	5.385165	-0.015996	3.881087
69.507400	5515.274596	5.390170	-0.016007	3.882774
69.439143	5520.812995	5.395174	-0.015991	3.884586
69.812012	5526.029035	5.400179	-0.016081	3.886324
69.678514	5531.195466	5.405184	-0.016050	3.888007
69.750464	5536.119174	5.410189	-0.016068	3.889626
69.818898	5541.143948	5.415194	-0.016085	3.891276
69.887360	5546.282481	5.420198	-0.016102	3.892963
69.956738	5551.530904	5.425203	-0.016119	3.894686
69.929814	5556.630242	5.430208	-0.016113	3.896352
70.054095	5561.817600	5.435213	-0.016143	3.898057
70.112713	5566.631957	5.440218	-0.016158	3.899634
70.010850	5571.804094	5.445222	-0.016134	3.901316
70.038678	5576.939181	5.450227	-0.016141	3.902995
70.117995	5582.370314	5.455232	-0.016161	3.904773
70.178532	5587.580280	5.460237	-0.016176	3.906477
70.147177	5592.718049	5.465242	-0.016169	3.908150
70.202643	5597.551410	5.470246	-0.016183	3.909730
70.139401	5602.720615	5.475251	-0.016168	3.911410
70.284262	5607.832669	5.480256	-0.016204	3.913085
70.328970	5613.024691	5.485261	-0.016215	3.914778
70.432907	5618.109953	5.490266	-0.016240	3.916440
70.304936	5623.356028	5.495270	-0.016210	3.918137
70.327055	5628.171720	5.500275	-0.016216	3.919705
70.406648	5633.293790	5.505280	-0.016236	3.921375
70.502942	5638.539369	5.510285	-0.016259	3.923086
70.557374	5644.153282	5.515290	-0.016273	3.924912
70.641590	5649.251402	5.520294	-0.016294	3.926573
70.557923	5654.423211	5.525299	-0.016274	3.928245
70.650621	5659.194497	5.530304	-0.016297	3.929799
70.756700	5664.381905	5.535309	-0.016323	3.931488
70.680670	5669.555583	5.540314	-0.016305	3.933159
70.980394	5674.699290	5.545318	-0.016378	3.934846
70.871242	5679.878844	5.550323	-0.016352	3.936515
70.871749	5684.997970	5.555328	-0.016353	3.938171
71.053359	5689.780384	5.560333	-0.016397	3.939731
71.443431	5694.873666	5.565338	-0.016491	3.941405
71.424394	5700.118478	5.570342	-0.016487	3.943099
71.646740	5705.473338	5.575347	-0.016541	3.944845
71.563149	5710.686533	5.580352	-0.016521	3.946522
71.736980	5715.745197	5.585357	-0.016563	3.948167
71.715943	5720.552299	5.590362	-0.016559	3.949716
71.628863	5725.794917	5.595366	-0.016539	3.951401
71.907340	5730.877880	5.600371	-0.016606	3.953059
71.965625	5736.044864	5.605376	-0.016620	3.954728
71.970605	5741.280894	5.610381	-0.016622	3.956415
71.984635	5746.355217	5.615386	-0.016626	3.958050
72.126140	5751.192448	5.620390	-0.016661	3.959616
72.011718	5756.407482	5.625395	-0.016634	3.961286
72.132200	5761.557250	5.630400	-0.016663	3.962950
72.229144	5767.167070	5.635405	-0.016687	3.964760
72.101092	5772.318866	5.640410	-0.016657	3.966406
72.121886	5777.437638	5.645414	-0.016663	3.968052
72.226277	5782.283653	5.650419	-0.016688	3.969615
72.367946	5787.372685	5.655424	-0.016723	3.971257
72.407487	5792.544343	5.660429	-0.016733	3.972919
72.294690	5797.733527	5.665434	-0.016706	3.974575
72.623437	5802.870519	5.670438	-0.016785	3.976244
72.495233	5807.995210	5.675443	-0.016755	3.977877
72.557475	5812.814706	5.680448	-0.016771	3.979424
72.589076	5818.016339	5.685453	-0.016779	3.981091
72.637515	5823.197997	5.690458	-0.016791	3.982753
72.607855	5828.651519	5.695462	-0.016785	3.984495
72.738132	5833.824928	5.700467	-0.016816	3.986157
72.630990	5838.987036	5.705472	-0.016791	3.987800
72.687404	5843.793510	5.710477	-0.016806	3.989339
72.791934	5848.926992	5.715482	-0.016831	3.990985
72.806404	5854.144556	5.720486	-0.016835	3.992651
72.845766	5859.276749	5.725491	-0.016845	3.994291
72.874975	5864.428906	5.730496	-0.016853	3.995936
73.044059	5869.595388	5.735501	-0.016894	3.997595
73.132190	5874.388391	5.740506	-0.016915	3.999128
72.999082	5879.576634	5.745510	-0.016884	4.000771
72.937640	5884.785003	5.750515	-0.016870	4.002425
73.083731	5890.401597	5.755520	-0.016906	4.004223
73.186129	5895.536297	5.760525	-0.016931	4.005863
73.194880	5900.697031	5.765530	-0.016933	4.007504
73.320923	5905.463518	5.770534	-0.016964	4.009028
73.396635	5910.602298	5.775539	-0.016983	4.010666
73.191491	5915.778392	5.780544	-0.016934	4.012296
73.303238	5920.971749	5.785549	-0.016962	4.013952
73.242953	5925.981457	5.790554	-0.016948	4.015538
73.520222	5931.076963	5.795558	-0.017015	4.017173
73.526223	5935.988970	5.800563	-0.017017	4.018731
73.428196	5941.033330	5.805568	-0.016994	4.020323
73.467439	5946.225991	5.810573	-0.017004	4.021971
73.606255	5951.612680	5.815578	-0.017038	4.023686
73.550408	5956.896941	5.820582	-0.017025	4.025355
73.636289	5962.028049	5.825587	-0.017046	4.026984
73.654481	5966.898163	5.830592	-0.017051	4.028526
73.755120	5971.914690	5.835597	-0.017076	4.030119
73.728057	5977.107429	5.840602	-0.017070	4.031758
73.851623	5982.272448	5.845606	-0.017100	4.033398
73.861188	5987.435976	5.850611	-0.017103	4.035029
73.956686	5992.536983	5.855616	-0.017126	4.036646
73.979299	5997.565368	5.860621	-0.017132	4.038234
73.980960	6002.534811	5.865626	-0.017133	4.039802
73.971601	6007.751153	5.870630	-0.017132	4.041446
74.070882	6013.141958	5.875635	-0.017156	4.043151
74.118228	6018.448847	5.880640	-0.017168	4.044826
74.169740	6023.660887	5.885645	-0.017181	4.046471
73.979866	6028.678718	5.890650	-0.017136	4.048038
74.282086	6033.575338	5.895654	-0.017209	4.049598
74.072531	6038.792722	5.900659	-0.017159	4.051226
74.205688	6043.929393	5.905664	-0.017192	4.052849
74.298812	6049.117292	5.910669	-0.017215	4.054486
74.209745	6054.276858	5.915674	-0.017194	4.056101
74.273641	6059.304033	5.920678	-0.017210	4.057684
74.366760	6064.185824	5.925683	-0.017233	4.059222
74.511306	6069.376216	5.930688	-0.017268	4.060860
74.425906	6074.666536	5.935693	-0.017248	4.062514
74.549471	6080.004030	5.940698	-0.017278	4.064196
74.586730	6085.143556	5.945702	-0.017288	4.065809
74.639332	6090.241071	5.950707	-0.017301	4.067409
74.639432	6095.118201	5.955712	-0.017301	4.068936
74.771350	6100.305910	5.960717	-0.017333	4.070569
74.783882	6105.446725	5.965722	-0.017337	4.072178
74.845438	6110.658259	5.970726	-0.017352	4.073812
74.722643	6115.821305	5.975731	-0.017324	4.075419
74.672297	6120.945329	5.980736	-0.017312	4.077017
74.951857	6125.798003	5.985741	-0.017380	4.078551
74.933852	6130.930269	5.990746	-0.017376	4.080153
74.986420	6136.058926	5.995750	-0.017389	4.081757
74.986537	6141.718860	6.000755	-0.017390	4.083523
75.074388	6146.884531	6.005760	-0.017411	4.085140
75.223516	6152.025585	6.010765	-0.017448	4.086752
75.145947	6156.902962	6.015770	-0.017430	4.088268
75.069622	6161.993350	6.020774	-0.017412	4.089849
75.193154	6167.111614	6.025779	-0.017442	4.091450
75.328772	6172.356827	6.030784	-0.017475	4.093092
75.246888	6177.504519	6.035789	-0.017456	4.094689
75.269676	6182.624599	6.040794	-0.017462	4.096283
75.386506	6187.617853	6.045798	-0.017491	4.097843
75.555950	6192.601219	6.050803	-0.017532	4.099402
75.849551	6197.638401	6.055808	-0.017603	4.100986
76.096583	6202.982806	6.060813	-0.017662	4.102662
76.016080	6208.292123	6.065818	-0.017644	4.104305
76.298300	6213.439550	6.070822	-0.017712	4.105920
76.272129	6218.448994	6.075827	-0.017706	4.107473
76.322141	6223.396373	6.080832	-0.017719	4.109010
76.353287	6228.589251	6.085837	-0.017727	4.110621
76.460384	6233.689013	6.090842	-0.017753	4.112208
76.429108	6238.889660	6.095846	-0.017746	4.113817
76.372443	6244.082392	6.100851	-0.017733	4.115421
76.545468	6249.130316	6.105856	-0.017775	4.116994
76.564376	6253.981553	6.110861	-0.017780	4.118496
76.528546	6259.129475	6.115866	-0.017772	4.120086
76.544618	6264.371825	6.120870	-0.017776	4.121708
76.730056	6269.966763	6.125875	-0.017821	4.123448
76.676761	6275.069837	6.130880	-0.017809	4.125021
76.657275	6280.314608	6.135885	-0.017805	4.126639
76.675385	6285.079274	6.140890	-0.017810	4.128111
76.640204	6290.172253	6.145894	-0.017802	4.129680
76.917288	6295.311058	6.150899	-0.017869	4.131282
76.883407	6300.520135	6.155904	-0.017862	4.132886
77.005970	6305.654904	6.160909	-0.017892	4.134476
76.879635	6310.810721	6.165914	-0.017862	4.136056
76.935153	6315.799797	6.170918	-0.017876	4.137596
77.050332	6320.790844	6.175923	-0.017904	4.139140
77.029344	6325.937181	6.180928	-0.017899	4.140722
77.149928	6331.300508	6.185933	-0.017929	4.142379
77.140923	6336.575410	6.190938	-0.017927	4.144000
77.227500	6341.726390	6.195942	-0.017949	4.145589
77.247749	6346.750460	6.200947	-0.017954	4.147134
77.340354	6351.630653	6.205952	-0.017977	4.148638
77.323741	6356.855064	6.210957	-0.017973	4.150241
77.325512	6362.042171	6.215962	-0.017974	4.151833
77.339614	6367.234894	6.220966	-0.017978	4.153427
77.375174	6372.392713	6.225971	-0.017988	4.155010
77.425099	6377.553698	6.230976	-0.018000	4.156595
77.493669	6382.383751	6.235981	-0.018017	4.158080
77.663809	6387.455127	6.240986	-0.018058	4.159643
77.615799	6392.629346	6.245990	-0.018047	4.161225
77.678002	6398.336413	6.250995	-0.018063	4.162975
77.574500	6403.497296	6.256000	-0.018039	4.164548
77.824403	6408.626097	6.261005	-0.018099	4.166132
77.687271	6413.526913	6.266010	-0.018067	4.167621
77.813540	6418.555586	6.271014	-0.018098	4.169166
77.985663	6423.667979	6.276019	-0.018139	4.170738
78.004460	6428.876378	6.281024	-0.018145	4.172330
77.956051	6434.105298	6.286029	-0.018134	4.173923
77.885655	6439.264853	6.291034	-0.018117	4.175493
78.004717	6444.235002	6.296038	-0.018146	4.177016
78.034746	6449.163290	6.301043	-0.018154	4.178521
77.999778	6454.322469	6.306048	-0.018146	4.180091
78.145736	6459.553153	6.311053	-0.018182	4.181693
78.088071	6464.964784	6.316058	-0.018169	4.183338
78.084480	6470.146231	6.321062	-0.018168	4.184915
78.134620	6475.266634	6.326067	-0.018181	4.186477
78.218966	6480.040370	6.331072	-0.018202	4.187934
78.156988	6485.210350	6.336077	-0.018188	4.189503
78.306618	6490.359837	6.341082	-0.018224	4.191077
78.314363	6495.603114	6.346086	-0.018226	4.192671
78.323505	6500.753537	6.351091	-0.018229	4.194236
78.409938	6505.882376	6.356096	-0.018250	4.195798
78.438292	6510.843571	6.361101	-0.018258	4.197306
78.336639	6515.851785	6.366106	-0.018234	4.198820
78.527743	6521.031516	6.371110	-0.018280	4.200402
78.513655	6526.477217	6.376115	-0.018278	4.202052
78.652730	6531.789780	6.381120	-0.018311	4.203671
78.955265	6536.954747	6.386125	-0.018384	4.205254
78.975132	6541.912402	6.391130	-0.018390	4.206756
78.941167	6546.824662	6.396134	-0.018382	4.208241
79.174412	6552.009084	6.401139	-0.018439	4.209824
79.016559	6557.166035	6.406144	-0.018401	4.211375
79.217828	6562.346244	6.411149	-0.018450	4.212953
79.197337	6567.473827	6.416154	-0.018446	4.214502
79.298610	6572.645557	6.421158	-0.018471	4.216071
79.319705	6577.444200	6.426163	-0.018476	4.217522
79.345008	6582.571483	6.431168	-0.018483	4.219072
79.259721	6587.778156	6.436173	-0.018463	4.220638
79.489811	6593.176556	6.441178	-0.018519	4.222281
79.580115	6598.392211	6.446182	-0.018541	4.223859
79.621119	6603.537653	6.451187	-0.018551	4.225413
79.449682	6608.524423	6.456192	-0.018511	4.226906
79.632098	6613.505055	6.461197	-0.018555	4.228417
79.706528	6618.622613	6.466202	-0.018573	4.229963
79.752800	6623.793186	6.471206	-0.018585	4.231523
79.702663	6629.009340	6.476211	-0.018574	4.233089
79.745629	6634.182320	6.481216	-0.018585	4.234648
79.969066	6639.258814	6.486221	-0.018639	4.236188
79.914886	6644.144970	6.491226	-0.018626	4.237654
79.819188	6649.270484	6.496230	-0.018604	4.239189
79.972273	6654.383879	6.501235	-0.018641	4.240734
79.908693	6660.141158	6.506240	-0.018627	4.242459
80.131654	6665.250245	6.511245	-0.018681	4.244006
80.057757	6670.443691	6.516250	-0.018663	4.245560
80.154681	6675.308257	6.521254	-0.018687	4.247025
80.108413	6680.354243	6.526259	-0.018677	4.248535
80.157472	6685.501313	6.531264	-0.018689	4.250081
80.171255	6690.715438	6.536269	-0.018693	4.251644
80.237914	6695.796189	6.541274	-0.018709	4.253170
80.303146	6701.007333	6.546278	-0.018726	4.254734
80.390089	6706.001325	6.551283	-0.018747	4.256233
80.401459	6710.925033	6.556288	-0.018750	4.257707
80.417619	6715.990465	6.561293	-0.018755	4.259223
80.419787	6721.113657	6.566298	-0.018756	4.260755
80.520495	6726.601095	6.571302	-0.018781	4.262401
80.550184	6731.763602	6.576307	-0.018788	4.263945
80.460706	6736.930984	6.581312	-0.018767	4.265484
80.543724	6741.817169	6.586317	-0.018788	4.266947
80.662921	6746.794381	6.591322	-0.018817	4.268440
80.644607	6751.975527	6.596326	-0.018813	4.269984
80.589310	6757.217968	6.601331	-0.018801	4.271545
80.660489	6762.343864	6.606336	-0.018818	4.273077
80.748779	6767.509217	6.611341	-0.018840	4.274621
80.858730	6772.533977	6.616346	-0.018867	4.276125
80.834702	6777.470766	6.621350	-0.018862	4.277594
80.918832	6782.647692	6.626355	-0.018882	4.279140
80.944137	6787.821985	6.631360	-0.018889	4.280681
81.145589	6793.417015	6.636365	-0.018938	4.282357
81.017932	6798.565537	6.641370	-0.018908	4.283881
80.917094	6803.761171	6.646374	-0.018884	4.285420
81.113297	6808.606937	6.651379	-0.018932	4.286871
81.140654	6813.642031	6.656384	-0.018939	4.288368
81.150415	6818.841009	6.661389	-0.018942	4.289912
81.257343	6823.982418	6.666394	-0.018968	4.291445
81.214566	6829.178264	6.671398	-0.018958	4.292984
81.379754	6834.319744	6.676403	-0.018998	4.294519
81.334346	6839.355538	6.681408	-0.018988	4.296009
81.271937	6844.293048	6.686413	-0.018974	4.297470
81.389144	6849.446963	6.691418	-0.019002	4.299003
81.332554	6854.608165	6.696422	-0.018990	4.300529
81.498050	6860.087812	6.701427	-0.019030	4.302161
81.559080	6865.235895	6.706432	-0.019045	4.303688
81.468345	6870.465073	6.711437	-0.019024	4.305231
81.551323	6875.307635	6.716442	-0.019044	4.306668
81.609428	6880.332871	6.721446	-0.019059	4.308157
81.659422	6885.553650	6.726451	-0.019071	4.309703
81.566377	6890.729221	6.731456	-0.019050	4.311227
81.753576	6895.867718	6.736461	-0.019095	4.312755
81.909163	6901.049985	6.741466	-0.019133	4.314294
81.910327	6906.106538	6.746470	-0.019134	4.315787
81.829548	6910.978071	6.751475	-0.019115	4.317220
81.834821	6916.139960	6.756480	-0.019117	4.318743
82.054725	6921.244451	6.761485	-0.019170	4.320260
82.102037	6926.984805	6.766490	-0.019182	4.321954
81.919623	6932.144010	6.771494	-0.019139	4.323465
82.001824	6937.310682	6.776499	-0.019159	4.324991
82.214849	6942.151492	6.781504	-0.019211	4.326428
82.193614	6947.197844	6.786509	-0.019206	4.327912
82.072665	6952.347275	6.791514	-0.019178	4.329421
82.142126	6957.565986	6.796518	-0.019195	4.330960
82.264444	6962.714085	6.801523	-0.019225	4.332480
82.187451	6967.872403	6.806528	-0.019207	4.333992
82.294004	6972.994145	6.811533	-0.019233	4.335503
82.290311	6977.739519	6.816538	-0.019233	4.336896
82.439113	6982.933478	6.821542	-0.019269	4.338430
82.374743	6988.118844	6.826547	-0.019254	4.339948
82.357972	6993.595163	6.831552	-0.019251	4.341554
82.451765	6998.756012	6.836557	-0.019274	4.343073
82.521235	7003.923198	6.841562	-0.019291	4.344592
82.515163	7008.889917	6.846566	-0.019290	4.346047
82.518352	7013.903478	6.851571	-0.019291	4.347516
82.571243	7019.014031	6.856576	-0.019305	4.349016
82.649372	7024.178230	6.861581	-0.019324	4.350533
82.567463	7029.366290	6.866586	-0.019305	4.352047
82.750719	7034.508349	6.871590	-0.019349	4.353561
82.776772	7039.674792	6.876595	-0.019356	4.355074
82.803122	7044.464947	6.881600	-0.019363	4.356476
82.878334	7049.629034	6.886605	-0.019382	4.357990
82.882496	7054.789824	6.891610	-0.019383	4.359498
82.946694	7060.306985	6.896614	-0.019399	4.361113
82.892277	7065.594517	6.901619	-0.019387	4.362654
83.061048	7070.727457	6.906624	-0.019428	4.364161
82.954899	7075.786302	6.911629	-0.019403	4.365632
83.036963	7080.632527	6.916634	-0.019423	4.367050
82.925553	7085.875543	6.921638	-0.019397	4.368573
82.949254	7091.033527	6.926643	-0.019403	4.370077
83.120896	7096.176991	6.931648	-0.019445	4.371585
83.016413	7101.384472	6.936653	-0.019421	4.373097
83.305212	7106.460873	6.941658	-0.019490	4.374590
83.167954	7111.381827	6.946662	-0.019458	4.376015
83.177471	7116.432129	6.951667	-0.019461	4.377486
83.387806	7121.584981	6.956672	-0.019512	4.378996
83.447116	7126.897075	6.961677	-0.019527	4.380544
83.470248	7132.287463	6.966682	-0.019533	4.382112
83.266691	7137.501740	6.971686	-0.019485	4.383616
83.416889	7142.618080	6.976691	-0.019521	4.385110
83.454402	7147.387825	6.981696	-0.019531	4.386497
83.517313	7152.508366	6.986701	-0.019546	4.387987
83.537755	7157.680321	6.991706	-0.019552	4.389489
83.591354	7162.914789	6.996710	-0.019565	4.391011
83.559456	7168.061027	7.001715	-0.019558	4.392501
83.647378	7173.186276	7.006720	-0.019580	4.393992
83.687301	7178.214212	7.011725	-0.019590	4.395451
83.716314	7183.159574	7.016730	-0.019597	4.396885
83.750743	7188.339547	7.021734	-0.019606	4.398387
83.773787	7193.588066	7.026739	-0.019612	4.399908
83.817365	7199.214501	7.031744	-0.019623	4.401539
83.870741	7204.365283	7.036749	-0.019637	4.403032
83.820236	7209.531103	7.041754	-0.019625	4.404523
84.008743	7214.408394	7.046758	-0.019671	4.405943
83.962486	7219.426691	7.051763	-0.019661	4.407391
83.963630	7224.559166	7.056768	-0.019661	4.408874
84.025008	7229.770144	7.061773	-0.019677	4.410382
84.026243	7234.960171	7.066778	-0.019678	4.411881
84.050298	7240.098111	7.071782	-0.019684	4.413365
84.239764	7245.214702	7.076787	-0.019730	4.414851
84.153308	7249.999147	7.081792	-0.019710	4.416226
84.190324	7255.162608	7.086797	-0.019719	4.417717
84.231254	7260.328208	7.091802	-0.019730	4.419208
84.338560	7265.745981	7.096806	-0.019756	4.420775
84.401174	7270.979626	7.101811	-0.019771	4.422286
84.449076	7276.125523	7.106816	-0.019783	4.423770
84.367940	7281.210421	7.111821	-0.019765	4.425229
84.442439	7286.055530	7.116826	-0.019783	4.426627
84.536333	7291.268899	7.121830	-0.019806	4.428132
84.549407	7296.405033	7.126835	-0.019810	4.429610
84.559065	7301.567389	7.131840	-0.019813	4.431094
84.553567	7306.762416	7.136845	-0.019812	4.432587
84.612097	7311.954373	7.141850	-0.019827	4.434081
84.366337	7316.869240	7.146854	-0.019768	4.435480
84.762287	7321.833052	7.151859	-0.019864	4.436925
84.649288	7327.071349	7.156864	-0.019837	4.438423
84.707092	7332.349782	7.161869	-0.019852	4.439940
84.761857	7337.814579	7.166874	-0.019865	4.441510
84.882349	7342.962593	7.171878	-0.019895	4.442992
84.897807	7348.129782	7.176883	-0.019899	4.444474
84.858004	7352.962941	7.181888	-0.019890	4.445857
84.905492	7358.071137	7.186893	-0.019902	4.447322
84.945782	7363.285904	7.191898	-0.019912	4.448817
85.072927	7368.447904	7.196902	-0.019943	4.450301
85.019386	7373.607373	7.201907	-0.019931	4.451775
85.158919	7378.748857	7.206912	-0.019965	4.453252
84.988468	7383.861251	7.211917	-0.019925	4.454706
85.136665	7388.718446	7.216922	-0.019961	4.456102
85.130684	7393.819463	7.221926	-0.019960	4.457559
85.287610	7398.967984	7.226931	-0.019998	4.459038
85.300406	7404.509770	7.231936	-0.020002	4.460621
85.323253	7409.737832	7.236941	-0.020008	4.462114
85.292080	7414.881881	7.241946	-0.020001	4.463581
85.291644	7419.854783	7.246950	-0.020001	4.464999
85.454168	7424.817294	7.251955	-0.020041	4.466423
85.415000	7429.987419	7.256960	-0.020032	4.467895
85.501979	7435.125236	7.261965	-0.020054	4.469363
85.475529	7440.343673	7.266970	-0.020048	4.470849
85.412476	7445.524148	7.271974	-0.020033	4.472321
85.521457	7450.644642	7.276979	-0.020060	4.473784
85.580554	7455.554987	7.281984	-0.020075	4.475185
85.498085	7460.660427	7.286989	-0.020056	4.476633
85.673577	7465.761238	7.291994	-0.020098	4.478093
85.697032	7471.027350	7.296998	-0.020104	4.479592
85.858076	7476.471372	7.302003	-0.020143	4.481147
85.888411	7481.637723	7.307008	-0.020151	4.482616
85.852932	7486.761079	7.312013	-0.020143	4.484070
85.858996	7491.538042	7.317018	-0.020145	4.485427
86.025749	7496.639629	7.322022	-0.020186	4.486883
85.970462	7501.830690	7.327027	-0.020173	4.488354
86.032680	7506.923960	7.332032	-0.020189	4.489802
85.848637	7512.196680	7.337037	-0.020145	4.491288
85.970206	7517.384414	7.342042	-0.020175	4.492765
86.099619	7522.431523	7.347046	-0.020207	4.494202
86.187781	7527.198617	7.352051	-0.020228	4.495557
86.156418	7532.382344	7.357056	-0.020221	4.497023
86.089255	7537.538597	7.362061	-0.020206	4.498480
86.210355	7542.938952	7.367066	-0.020235	4.500014
86.271171	7548.258805	7.372070	-0.020251	4.501523
86.268334	7553.430172	7.377075	-0.020250	4.502985
86.303878	7558.415564	7.382080	-0.020260	4.504397
86.274246	7563.315346	7.387085	-0.020253	4.505780
86.359539	7568.463312	7.392090	-0.020274	4.507239
86.325266	7573.606825	7.397094	-0.020266	4.508691
86.391223	7578.868699	7.402099	-0.020283	4.510180
86.419886	7583.982729	7.407104	-0.020290	4.511625
86.528676	7589.094738	7.412109	-0.020317	4.513073
86.630640	7594.138752	7.417114	-0.020342	4.514501
86.698522	7599.034081	7.422118	-0.020359	4.515885
86.701551	7604.172280	7.427123	-0.020360	4.517334
86.766612	7609.325985	7.432128	-0.020376	4.518790
86.784022	7615.066803	7.437133	-0.020381	4.520408
86.613847	7620.231718	7.442138	-0.020341	4.521855
86.702543	7625.361106	7.447142	-0.020363	4.523304
86.813917	7630.381844	7.452147	-0.020390	4.524722
86.747373	7635.253373	7.457152	-0.020374	4.526090
86.893113	7640.430174	7.462157	-0.020410	4.527553
86.891542	7645.596892	7.467162	-0.020410	4.529006
86.888700	7650.728831	7.472166	-0.020410	4.530449
86.852693	7655.952424	7.477171	-0.020402	4.531915
87.017821	7660.958265	7.482176	-0.020442	4.533330
86.976638	7665.879220	7.487181	-0.020433	4.534710
87.091253	7670.878915	7.492186	-0.020461	4.536119
87.183313	7676.010799	7.497190	-0.020483	4.537564
87.085235	7681.240772	7.502195	-0.020461	4.539027
87.112983	7686.666153	7.507200	-0.020468	4.540550
87.172646	7691.882022	7.512205	-0.020483	4.542016
87.299859	7696.949060	7.517210	-0.020514	4.543442
87.258806	7701.875385	7.522214	-0.020504	4.544821
87.268767	7706.911697	7.527219	-0.020507	4.546232
87.340592	7712.083073	7.532224	-0.020525	4.547684
87.320880	7717.305962	7.537229	-0.020521	4.549145
87.398162	7722.445193	7.542234	-0.020540	4.550587
87.508280	7727.605162	7.547238	-0.020567	4.552036
87.445939	7732.789920	7.552243	-0.020553	4.553484
87.442367	7737.618137	7.557248	-0.020552	4.554834
87.620806	7742.693447	7.562253	-0.020596	4.556261
87.560506	7747.873721	7.567258	-0.020582	4.557706
87.686203	7753.303085	7.572262	-0.020613	4.559228
87.714761	7758.770529	7.577267	-0.020620	4.560756
87.670676	7763.895049	7.582272	-0.020610	4.562185
87.765737	7769.123446	7.587277	-0.020633	4.563649
87.748146	7773.867430	7.592282	-0.020630	4.564971
87.917620	7778.921087	7.597286	-0.020671	4.566389
87.915811	7784.177097	7.602291	-0.020671	4.567854
87.835068	7789.326828	7.607296	-0.020652	4.569286
87.827414	7794.482912	7.612301	-0.020651	4.570723
87.909995	7799.657142	7.617306	-0.020671	4.572168
88.043013	7804.689061	7.622310	-0.020704	4.573575
87.964334	7809.616054	7.627315	-0.020686	4.574943
88.069100	7814.668066	7.632320	-0.020711	4.576354
88.016493	7819.836163	7.637325	-0.020699	4.577789
88.192453	7825.233326	7.642330	-0.020742	4.579299
88.168042	7830.505691	7.647334	-0.020737	4.580763
88.152664	7835.779379	7.652339	-0.020734	4.582229
88.269071	7840.811809	7.657344	-0.020762	4.583632
88.238430	7845.630429	7.662349	-0.020755	4.584969
88.242358	7850.766380	7.667354	-0.020757	4.586396
88.377855	7855.927445	7.672358	-0.020790	4.587835
88.395557	7861.145388	7.677363	-0.020795	4.589284
88.322078	7866.260543	7.682368	-0.020778	4.590700
88.443623	7871.508744	7.687373	-0.020807	4.592161
88.515957	7876.574081	7.692378	-0.020825	4.593568
88.577642	7881.356588	7.697382	-0.020841	4.594897
88.489019	7886.580724	7.702387	-0.020820	4.596340
88.705182	7891.639771	7.707392	-0.020872	4.597752
88.620397	7897.279210	7.712397	-0.020853	4.599309
88.716848	7902.608046	7.717402	-0.020876	4.600789
88.727462	7907.749427	7.722406	-0.020879	4.602212
88.715319	7912.885925	7.727411	-0.020877	4.603633
88.830313	7917.587984	7.732416	-0.020905	4.604938
88.691655	7922.810083	7.737421	-0.020873	4.606376
88.871148	7927.927069	7.742426	-0.020916	4.607798
88.926899	7933.106327	7.747430	-0.020930	4.609232
88.938574	7938.327098	7.752435	-0.020933	4.610675
89.050432	7943.442919	7.757440	-0.020961	4.612092
88.974951	7948.592746	7.762445	-0.020943	4.613511
89.054221	7953.360597	7.767450	-0.020963	4.614830
89.157984	7958.552574	7.772454	-0.020988	4.616267
89.187702	7963.760348	7.777459	-0.020996	4.617705
89.172033	7969.129915	7.782464	-0.020993	4.619185
89.222455	7974.431703	7.787469	-0.021005	4.620648
89.194325	7979.563049	7.792474	-0.020999	4.622061
89.295359	7984.667362	7.797478	-0.021024	4.623472
89.312304	7989.490761	7.802483	-0.021029	4.624801
89.285101	7994.626568	7.807488	-0.021023	4.626213
89.387734	7999.787469	7.812493	-0.021048	4.627638
89.368319	8004.979662	7.817498	-0.021044	4.629066
89.500003	8010.166413	7.822502	-0.021076	4.630498
89.596609	8015.354716	7.827507	-0.021100	4.631929
89.514260	8020.441337	7.832512	-0.021081	4.633324
89.557446	8025.281122	7.837517	-0.021091	4.634656
89.558776	8030.461990	7.842522	-0.021092	4.636079
89.686135	8035.547141	7.847526	-0.021123	4.637481
89.649438	8041.161446	7.852531	-0.021115	4.639021
89.504571	8046.459101	7.857536	-0.021081	4.640468
89.801724	8051.555270	7.862541	-0.021153	4.641880
89.798555	8056.715361	7.867546	-0.021153	4.643295
89.776961	8061.421019	7.872550	-0.021148	4.644584
89.886458	8066.657457	7.877555	-0.021175	4.646024
89.946590	8071.740398	7.882560	-0.021190	4.647420
90.029662	8077.018454	7.887565	-0.021210	4.648869
90.017039	8082.127406	7.892570	-0.021208	4.650268
89.978304	8087.312709	7.897574	-0.021199	4.651686
89.924694	8092.439174	7.902579	-0.021187	4.653087
90.149202	8097.195974	7.907584	-0.021241	4.654398
90.247580	8102.283317	7.912589	-0.021265	4.655794
90.133798	8107.492263	7.917594	-0.021239	4.657214
90.147330	8112.895266	7.922598	-0.021243	4.658691
90.268711	8118.171135	7.927603	-0.021272	4.660138
90.100910	8123.396760	7.932608	-0.021233	4.661559
90.243893	8128.527346	7.937613	-0.021267	4.662966
90.235139	8133.281816	7.942618	-0.021266	4.664264
90.259774	8138.421327	7.947622	-0.021272	4.665668
90.341696	8143.638139	7.952627	-0.021293	4.667095
90.399090	8148.736774	7.957632	-0.021307	4.668488
90.472108	8153.985654	7.962637	-0.021325	4.669923
90.462557	8159.089808	7.967642	-0.021323	4.671314
90.600048	8164.209299	7.972646	-0.021357	4.672715
90.642007	8169.059843	7.977651	-0.021367	4.674039
90.613892	8174.150760	7.982656	-0.021361	4.675424
90.635909	8179.311089	7.987661	-0.021367	4.676830
90.710792	8184.697637	7.992666	-0.021386	4.678300
90.684201	8190.175033	7.997670	-0.021380	4.679789
90.778265	8195.371534	8.002675	-0.021403	4.681207
90.724580	8200.535050	8.007680	-0.021391	4.682609
90.763003	8205.376959	8.012685	-0.021400	4.683927
90.827320	8210.370182	8.017690	-0.021416	4.685287
90.781372	8215.592143	8.022694	-0.021406	4.686704
90.936573	8220.796206	8.027699	-0.021444	4.688124
91.070175	8225.902885	8.032704	-0.021476	4.689517
91.100249	8231.058082	8.037709	-0.021484	4.690918
90.966765	8236.218077	8.042714	-0.021453	4.692313
91.063249	8241.114132	8.047718	-0.021476	4.693645
91.079087	8246.139078	8.052723	-0.021481	4.695009
91.064630	8251.246126	8.057728	-0.021478	4.696393
91.177446	8256.496460	8.062733	-0.021505	4.697821
91.208021	8261.968392	8.067738	-0.021513	4.699305
91.157677	8267.166283	8.072742	-0.021502	4.700711
91.392385	8272.339512	8.077747	-0.021559	4.702122
91.272325	8277.274380	8.082752	-0.021531	4.703454
91.361202	8282.222616	8.087757	-0.021552	4.704797
91.550049	8287.412087	8.092762	-0.021598	4.706209
91.530257	8292.497546	8.097766	-0.021594	4.707584
91.530385	8297.808912	8.102771	-0.021595	4.709020
91.373577	8302.870849	8.107776	-0.021558	4.710382
91.384008	8308.195342	8.112781	-0.021561	4.711822
91.461198	8313.068750	8.117786	-0.021580	4.713142
91.486806	8318.038051	8.122790	-0.021587	4.714485
91.768557	8323.173529	8.127795	-0.021655	4.715883
91.594562	8328.355216	8.132800	-0.021613	4.717275
91.557942	8334.034800	8.137805	-0.021605	4.718807
91.631421	8339.279486	8.142810	-0.021624	4.720225
91.785742	8344.386239	8.147814	-0.021661	4.721608
91.786067	8349.474884	8.152819	-0.021662	4.722980
91.679860	8354.312303	8.157824	-0.021637	4.724280
91.739617	8359.522333	8.162829	-0.021652	4.725687
92.024069	8364.632955	8.167834	-0.021720	4.727075
91.851406	8369.850876	8.172838	-0.021680	4.728473
91.902370	8375.044871	8.177843	-0.021692	4.729874
91.958882	8380.152584	8.182848	-0.021707	4.731251
91.998572	8385.282887	8.187853	-0.021717	4.732633
92.093508	8389.987416	8.192858	-0.021740	4.733902
91.971927	8395.243417	8.197862	-0.021711	4.735311
92.253898	8400.335001	8.202867	-0.021779	4.736691
92.060868	8405.803395	8.207872	-0.021734	4.738153
92.288318	8411.050376	8.212877	-0.021789	4.739572
92.290487	8416.251174	8.217882	-0.021790	4.740969
92.379441	8421.373154	8.222886	-0.021812	4.742348
92.193367	8426.224655	8.227891	-0.021768	4.743643
92.296991	8431.274065	8.232896	-0.021793	4.745003
92.437093	8436.419626	8.237901	-0.021827	4.746389
92.401255	8441.681293	8.242906	-0.021819	4.747799
92.447331	8446.750721	8.247910	-0.021831	4.749160
92.531515	8451.972060	8.252915	-0.021852	4.750563
92.401000	8457.125347	8.257920	-0.021821	4.751939
92.579459	8462.015331	8.262925	-0.021864	4.753256
92.583510	8467.066534	8.267930	-0.021866	4.754609
92.536271	8472.252685	8.272934	-0.021855	4.755996
92.622729	8477.499956	8.277939	-0.021877	4.757404
92.682409	8483.044461	8.282944	-0.021891	4.758890
92.690905	8488.284266	8.287949	-0.021894	4.760292
92.716784	8493.396969	8.292954	-0.021901	4.761660
92.784134	8498.376596	8.297958	-0.021918	4.762994
92.833825	8503.300651	8.302963	-0.021930	4.764313
92.893526	8508.470007	8.307968	-0.021945	4.765696
93.018337	8513.658233	8.312973	-0.021975	4.767087
92.897750	8518.846496	8.317978	-0.021947	4.768468
92.944646	8524.010578	8.322982	-0.021959	4.769849
92.894193	8529.148268	8.327987	-0.021947	4.771218
93.117861	8534.207639	8.332992	-0.022001	4.772577
93.230932	8539.004876	8.337997	-0.022029	4.773861
93.052329	8544.236989	8.343002	-0.021987	4.775249
93.062931	8549.409073	8.348006	-0.021990	4.776628
93.098740	8554.821504	8.353011	-0.021999	4.778072
93.233427	8560.127469	8.358016	-0.022032	4.779491
93.354025	8565.241328	8.363021	-0.022062	4.780858
93.260633	8570.429921	8.368026	-0.022040	4.782236
93.308416	8575.142094	8.373030	-0.022052	4.783492
93.321078	8580.287659	8.378035	-0.022055	4.784862
93.161268	8585.574649	8.383040	-0.022018	4.786263
93.352826	8590.659772	8.388045	-0.022064	4.787623
93.407344	8595.889474	8.393050	-0.022078	4.789015
93.385633	8601.007197	8.398054	-0.022073	4.790375
93.600643	8606.201536	8.403059	-0.022125	4.791764
93.557375	8611.056180	8.408064	-0.022115	4.793052
93.573403	8616.092860	8.413069	-0.022120	4.794390
93.595981	8621.384011	8.418074	-0.022126	4.795796
93.591747	8626.557060	8.423078	-0.022125	4.797169
93.679365	8632.210248	8.428083	-0.022147	4.798673
93.750405	8637.379158	8.433088	-0.022165	4.800047
93.879051	8642.513069	8.438093	-0.022196	4.801413
93.782076	8647.527649	8.443098	-0.022173	4.802739
93.723459	8652.361411	8.448102	-0.022160	4.804018
93.916894	8657.550477	8.453107	-0.022207	4.805401
93.842686	8662.732119	8.458112	-0.022190	4.806771
93.827964	8667.890235	8.463117	-0.022187	4.808136
93.980649	8673.063721	8.468122	-0.022224	4.809512
93.878041	8678.221956	8.473126	-0.022200	4.810873
94.024247	8683.270749	8.478131	-0.022235	4.812215
94.322712	8688.083384	8.483136	-0.022307	4.813499
94.354018	8693.164324	8.488141	-0.022315	4.814844
94.497104	8698.400913	8.493146	-0.022350	4.816234
94.587594	8703.769363	8.498150	-0.022373	4.817656
94.627820	8709.017733	8.503155	-0.022383	4.819045
94.632562	8714.234817	8.508160	-0.022384	4.820423
94.673383	8719.391550	8.513165	-0.022395	4.821786
94.820981	8724.134954	8.518170	-0.022431	4.823044
94.748590	8729.285639	8.523174	-0.022414	4.824401
94.794375	8734.395083	8.528179	-0.022426	4.825751
94.801927	8739.648653	8.533184	-0.022428	4.827137
94.947343	8744.792011	8.538189	-0.022463	4.828499
95.021298	8749.911367	8.543194	-0.022482	4.829852
95.012945	8755.136126	8.548198	-0.022480	4.831228
95.104842	8760.054446	8.553203	-0.022503	4.832528
95.024830	8764.999368	8.558208	-0.022484	4.833827
95.264968	8770.212643	8.563213	-0.022542	4.835209
95.262625	8775.320230	8.568218	-0.022542	4.836554
95.189718	8781.016832	8.573223	-0.022525	4.838051
95.196142	8786.261470	8.578227	-0.022528	4.839431
95.273534	8791.326789	8.583232	-0.022547	4.840766
95.362266	8796.413323	8.588237	-0.022568	4.842107
95.389632	8801.241412	8.593242	-0.022576	4.843377
95.229911	8806.347434	8.598247	-0.022538	4.844714
95.444306	8811.389816	8.603251	-0.022590	4.846046
95.336529	8816.625720	8.608256	-0.022565	4.847418
95.474659	8821.729130	8.613261	-0.022598	4.848763
95.548196	8826.875050	8.618266	-0.022616	4.850117
95.451371	8832.081677	8.623271	-0.022594	4.851480
95.576405	8836.875916	8.628275	-0.022624	4.852742
95.561346	8841.930023	8.633280	-0.022621	4.854068
95.639316	8847.161987	8.638285	-0.022641	4.855443
95.625980	8852.404462	8.643290	-0.022638	4.856817
95.649978	8857.823167	8.648295	-0.022644	4.858238
95.667703	8863.007188	8.653299	-0.022649	4.859597
95.732554	8868.150433	8.658304	-0.022665	4.860946
95.882341	8873.089124	8.663309	-0.022702	4.862245
95.856260	8878.060446	8.668314	-0.022696	4.863546
95.797509	8883.217700	8.673319	-0.022683	4.864894
95.824377	8888.413576	8.678323	-0.022690	4.866254
95.800816	8893.675101	8.683328	-0.022685	4.867630
95.955434	8898.726321	8.688333	-0.022722	4.868956
95.892507	8903.950766	8.693338	-0.022708	4.870320
95.854200	8909.057422	8.698343	-0.022699	4.871653
95.894741	8913.881087	8.703347	-0.022709	4.872915
96.062214	8918.967236	8.708352	-0.022750	4.874250
96.065411	8924.145307	8.713357	-0.022751	4.875602
96.195890	8929.604123	8.718362	-0.022783	4.877032
95.915391	8935.098797	8.723367	-0.022717	4.878456
96.297857	8940.256249	8.728371	-0.022809	4.879816
96.231695	8945.381431	8.733376	-0.022794	4.881150
96.084191	8950.246020	8.738381	-0.022759	4.882414
96.257263	8955.304429	8.743386	-0.022801	4.883739
96.301713	8960.411575	8.748391	-0.022812	4.885072
96.408748	8965.633910	8.753395	-0.022838	4.886436
96.410322	8970.814412	8.758400	-0.022839	4.887786
96.435814	8975.954762	8.763405	-0.022846	4.889126
96.482246	8981.104507	8.768410	-0.022858	4.890468
96.524374	8986.153094	8.773415	-0.022868	4.891784
96.622455	8991.005960	8.778419	-0.022892	4.893050
96.541743	8996.128926	8.783424	-0.022874	4.894380
96.595228	9001.366144	8.788429	-0.022887	4.895744
96.659931	9006.814694	8.793434	-0.022903	4.897163
96.615081	9012.017619	8.798439	-0.022893	4.898514
96.679660	9017.284252	8.803443	-0.022909	4.899885
96.713596	9022.420653	8.808448	-0.022918	4.901220
96.697248	9027.114339	8.813453	-0.022914	4.902439
96.804879	9032.219568	8.818458	-0.022941	4.903768
96.773635	9037.493842	8.823463	-0.022934	4.905136
96.822857	9042.627737	8.828467	-0.022946	4.906470
96.855952	9047.802493	8.833472	-0.022955	4.907814
96.966380	9053.005740	8.838477	-0.022982	4.909167
96.981203	9058.178568	8.843482	-0.022986	4.910509
97.006876	9063.061095	8.848487	-0.022992	4.911776
96.957658	9068.033104	8.853491	-0.022981	4.913063
96.989614	9073.201756	8.858496	-0.022990	4.914403
97.043308	9078.348465	8.863501	-0.023003	4.915738
97.143188	9083.987293	8.868506	-0.023027	4.917201
97.100810	9089.313664	8.873511	-0.023018	4.918579
97.235090	9094.483144	8.878515	-0.023051	4.919921
97.270650	9099.559644	8.883520	-0.023060	4.921236
97.263713	9104.335273	8.888525	-0.023059	4.922471
97.300245	9109.431196	8.893530	-0.023068	4.923790
97.338353	9114.589887	8.898535	-0.023078	4.925125
97.283430	9119.841903	8.903539	-0.023065	4.926481
97.295991	9124.985013	8.908544	-0.023069	4.927810
97.375738	9130.131615	8.913549	-0.023088	4.929142
97.433214	9135.280122	8.918554	-0.023103	4.930474
97.392609	9140.261416	8.923559	-0.023094	4.931758
97.405157	9145.200780	8.928563	-0.023097	4.933034
97.413803	9150.341589	8.933568	-0.023100	4.934361
97.583846	9155.505163	8.938573	-0.023141	4.935698
97.609838	9161.069065	8.943578	-0.023148	4.937134
97.489907	9166.223595	8.948583	-0.023120	4.938459
97.629651	9171.372468	8.953587	-0.023154	4.939791
97.665719	9176.534984	8.958592	-0.023163	4.941123
97.820436	9181.273889	8.963597	-0.023201	4.942349
97.832144	9186.461661	8.968602	-0.023204	4.943685
97.757747	9191.602534	8.973607	-0.023187	4.945006
97.889792	9196.860057	8.978611	-0.023219	4.946364
97.902450	9202.041018	8.983616	-0.023223	4.947698
97.933690	9207.161519	8.988621	-0.023231	4.949016
97.997239	9212.322944	8.993626	-0.023247	4.950346
97.813553	9217.329311	8.998631	-0.023203	4.951627
98.033084	9222.246319	9.003635	-0.023256	4.952898
97.879970	9227.460263	9.008640	-0.023220	4.954233
97.914071	9232.592048	9.013645	-0.023229	4.955553
98.086796	9238.315282	9.018650	-0.023271	4.957029
98.124445	9243.476300	9.023655	-0.023281	4.958355
98.183372	9248.642077	9.028659	-0.023295	4.959683
98.183780	9253.860514	9.033664	-0.023296	4.961023
98.133975	9258.531842	9.038669	-0.023285	4.962220
98.363494	9263.675099	9.043674	-0.023340	4.963547
98.193459	9268.793884	9.048679	-0.023300	4.964854
98.177829	9274.062428	9.053683	-0.023297	4.966204
98.257518	9279.172905	9.058688	-0.023316	4.967517
98.433726	9284.293241	9.063693	-0.023359	4.968834
98.382335	9289.509618	9.068698	-0.023347	4.970169
98.465576	9294.451890	9.073703	-0.023368	4.971438
98.526082	9299.384905	9.078707	-0.023383	4.972703
98.481189	9304.541082	9.083712	-0.023373	4.974021
98.575021	9309.651840	9.088717	-0.023396	4.975332
98.612323	9315.211682	9.093722	-0.023405	4.976756
98.668534	9320.439906	9.098727	-0.023420	4.978095
98.640807	9325.610497	9.103731	-0.023413	4.979416
98.663650	9330.799312	9.108736	-0.023420	4.980743
98.758135	9335.510149	9.113741	-0.023443	4.981950
98.671773	9340.634653	9.118746	-0.023423	4.983256
98.629426	9345.825866	9.123751	-0.023413	4.984581
98.736973	9351.015603	9.128755	-0.023439	4.985910
98.741176	9356.176855	9.133760	-0.023441	4.987228
98.770856	9361.350975	9.138765	-0.023449	4.988549
98.759242	9366.542635	9.143770	-0.023447	4.989874
98.822578	9371.512135	9.148775	-0.023462	4.991143
98.906519	9376.329764	9.153779	-0.023483	4.992375
98.980793	9381.549038	9.158784	-0.023501	4.993708
98.951878	9386.707812	9.163789	-0.023495	4.995022
99.008798	9392.294731	9.168794	-0.023509	4.996447
99.160555	9397.574907	9.173799	-0.023546	4.997797
99.037015	9402.807242	9.178803	-0.023517	4.999126
99.045516	9408.033200	9.183808	-0.023520	5.000457
99.058596	9412.779151	9.188813	-0.023523	5.001665
99.136506	9417.797995	9.193818	-0.023543	5.002945
99.106063	9422.924764	9.198823	-0.023536	5.004249
99.241888	9428.135517	9.203827	-0.023569	5.005578
99.210870	9433.379254	9.208832	-0.023562	5.006911
99.227392	9438.456415	9.213837	-0.023567	5.008202
99.392639	9443.655475	9.218842	-0.023607	5.009528
99.496711	9448.681584	9.223847	-0.023632	5.010809
99.441183	9453.597020	9.228851	-0.023620	5.012056
99.387081	9458.728649	9.233856	-0.023607	5.013357
99.472178	9463.832297	9.238861	-0.023628	5.014656
99.587478	9469.225150	9.243866	-0.023656	5.016028
99.559264	9474.575479	9.248871	-0.023650	5.017385
99.606240	9479.849169	9.253875	-0.023662	5.018724
99.564812	9484.957748	9.258880	-0.023653	5.020019
99.624418	9489.817693	9.263885	-0.023668	5.021253
99.538411	9494.813534	9.268890	-0.023648	5.022517
99.568895	9499.965280	9.273895	-0.023655	5.023823
99.723358	9505.155124	9.278899	-0.023693	5.025143
99.755988	9510.372207	9.283904	-0.023701	5.026465
99.783251	9515.468019	9.288909	-0.023709	5.027757
99.864996	9520.695475	9.293914	-0.023729	5.029082
99.852530	9525.848100	9.298919	-0.023726	5.030386
99.940976	9530.645623	9.303923	-0.023748	5.031603
99.840629	9535.755866	9.308928	-0.023725	5.032893
100.068854	9540.924207	9.313933	-0.023780	5.034207
100.063149	9546.262829	9.318938	-0.023779	5.035556
100.034928	9551.869933	9.323943	-0.023773	5.036973
100.015555	9557.113034	9.328947	-0.023769	5.038297
100.010917	9562.249454	9.333952	-0.023768	5.039595
100.099375	9567.174562	9.338957	-0.023790	5.040841
100.169810	9572.059785	9.343962	-0.023808	5.042077
100.152751	9577.223822	9.348967	-0.023804	5.043380
100.166583	9582.456031	9.353971	-0.023808	5.044701
100.263863	9587.591823	9.358976	-0.023832	5.046000
100.329476	9592.712923	9.363981	-0.023848	5.047293
100.283484	9597.836224	9.368986	-0.023838	5.048584
100.363349	9603.021445	9.373991	-0.023857	5.049894
100.329898	9607.906803	9.378995	-0.023850	5.051124
100.339851	9612.964158	9.384000	-0.023853	5.052399
100.334568	9618.133661	9.389005	-0.023852	5.053701
100.357507	9623.309842	9.394010	-0.023858	5.055005
100.594457	9628.804389	9.399015	-0.023916	5.056396
100.581908	9633.988794	9.404019	-0.023913	5.057701
100.606921	9639.180040	9.409024	-0.023920	5.059008
100.661380	9644.272373	9.414029	-0.023933	5.060291
100.686043	9649.100139	9.419034	-0.023940	5.061506
100.703678	9654.201816	9.424039	-0.023945	5.062789
100.606850	9659.417559	9.429043	-0.023922	5.064098
100.843813	9664.559540	9.434048	-0.023979	5.065397
100.829512	9669.738489	9.439053	-0.023977	5.066698
100.861530	9674.932002	9.444058	-0.023985	5.068004
100.785971	9680.125731	9.449063	-0.023967	5.069306
100.900078	9685.092248	9.454067	-0.023995	5.070556
100.893880	9689.962072	9.459072	-0.023994	5.071778
100.908595	9695.125508	9.464077	-0.023998	5.073075
100.977337	9700.331288	9.469082	-0.024015	5.074383
100.932906	9705.877703	9.474087	-0.024005	5.075773
100.944823	9711.264695	9.479091	-0.024009	5.077124
101.082144	9716.456774	9.484096	-0.024042	5.078429
100.984768	9721.586403	9.489101	-0.024020	5.079712
101.057258	9726.482113	9.494106	-0.024038	5.080941
101.077159	9731.418746	9.499111	-0.024043	5.082178
101.014412	9736.679037	9.504115	-0.024028	5.083494
101.051571	9741.785766	9.509120	-0.024038	5.084774
101.163273	9746.965059	9.514125	-0.024065	5.086073
101.234222	9752.132919	9.519130	-0.024083	5.087369
101.226545	9757.268697	9.524135	-0.024082	5.088653
101.379570	9762.403597	9.529139	-0.024119	5.089942
101.366648	9767.205457	9.534144	-0.024116	5.091143
101.398178	9772.313103	9.539149	-0.024124	5.092420
101.523288	9777.492565	9.544154	-0.024155	5.093719
101.467135	9782.682799	9.549159	-0.024142	5.095014
101.556350	9788.186515	9.554163	-0.024164	5.096391
101.595643	9793.419866	9.559168	-0.024174	5.097699
101.510520	9798.586166	9.564173	-0.024154	5.098987
101.650217	9803.618163	9.569178	-0.024188	5.100247
101.583160	9808.443407	9.574183	-0.024173	5.101449
101.767300	9813.621783	9.579187	-0.024217	5.102746
101.688108	9818.797506	9.584192	-0.024199	5.104035
101.718294	9823.954648	9.589197	-0.024207	5.105322
101.680435	9829.168368	9.594202	-0.024198	5.106621
101.700970	9834.310429	9.599207	-0.024204	5.107903
101.772965	9839.543229	9.604211	-0.024222	5.109209
101.862450	9844.529758	9.609216	-0.024244	5.110454
101.863637	9849.392043	9.614221	-0.024245	5.111665
101.792894	9854.603380	9.619226	-0.024228	5.112960
101.868757	9859.772000	9.624231	-0.024247	5.114249
102.012845	9865.266796	9.629235	-0.024282	5.115621
102.147572	9870.548296	9.634240	-0.024315	5.116938
102.128833	9875.734093	9.639245	-0.024311	5.118228
102.134527	9880.889589	9.644250	-0.024313	5.119510
102.146556	9885.690246	9.649255	-0.024316	5.120704
102.179497	9890.709538	9.654259	-0.024325	5.121952
102.207469	9895.924121	9.659264	-0.024332	5.123249
102.221633	9900.929158	9.664269	-0.024336	5.124493
102.433351	9906.197637	9.669274	-0.024387	5.125807
102.263441	9911.362650	9.674279	-0.024347	5.127085
102.355638	9916.511241	9.679283	-0.024370	5.128366
102.391347	9921.624608	9.684288	-0.024379	5.129636
102.458999	9926.400990	9.689293	-0.024396	5.130823
102.366423	9931.563694	9.694298	-0.024374	5.132101
102.397188	9936.672535	9.699303	-0.024382	5.133369
102.327213	9941.878098	9.704307	-0.024366	5.134657
102.511732	9947.476479	9.709312	-0.024411	5.136050
102.515954	9952.561958	9.714317	-0.024412	5.137310
102.556191	9957.806063	9.719322	-0.024423	5.138611
102.617460	9962.848766	9.724327	-0.024438	5.139861
102.907335	9967.616811	9.729331	-0.024508	5.141050
102.837348	9972.799898	9.734336	-0.024492	5.142331
102.929366	9977.907306	9.739341	-0.024514	5.143598
102.946142	9983.146592	9.744346	-0.024519	5.144895
103.023272	9988.309959	9.749351	-0.024538	5.146174
103.155909	9993.431992	9.754355	-0.024570	5.147444
103.187392	9998.582717	9.759360	-0.024578	5.148719
103.134545	10003.635234	9.764365	-0.024566	5.149966
103.122384	10008.550635	9.769370	-0.024564	5.151181
103.174225	10013.662470	9.774375	-0.024577	5.152445
103.319795	10018.828661	9.779379	-0.024612	5.153725
103.191161	10024.343099	9.784384	-0.024582	5.155084
103.193908	10029.790423	9.789389	-0.024583	5.156429
103.234851	10034.976995	9.794394	-0.024594	5.157710
103.331911	10040.071533	9.799399	-0.024618	5.158970
103.406311	10045.014099	9.804403	-0.024636	5.160191
103.473592	10049.935832	9.809408	-0.024653	5.161407
103.518158	10055.059976	9.814413	-0.024664	5.162671
103.632409	10060.237470	9.819418	-0.024692	5.163951
103.605972	10065.394560	9.824423	-0.024686	5.165221
103.615400	10070.569362	9.829427	-0.024689	5.166497
103.639182	10075.807293	9.834432	-0.024695	5.167787
103.613861	10080.926247	9.839437	-0.024690	5.169047
103.719702	10085.832145	9.844442	-0.024716	5.170258
103.619851	10090.795295	9.849447	-0.024692	5.171477
103.647770	10095.959192	9.854451	-0.024700	5.172749
103.908629	10101.062910	9.859456	-0.024763	5.174011
103.820821	10106.636394	9.864461	-0.024742	5.175380
103.965397	10111.896030	9.869466	-0.024777	5.176677
103.983793	10117.031900	9.874471	-0.024782	5.177941
103.912365	10122.196271	9.879475	-0.024766	5.179208
104.006902	10126.902254	9.884480	-0.024789	5.180367
104.079178	10132.014533	9.889485	-0.024807	5.181625
104.103249	10137.297122	9.894490	-0.024813	5.182923
104.092716	10142.379948	9.899495	-0.024811	5.184171
104.169779	10147.637975	9.904499	-0.024830	5.185464
103.991566	10152.810795	9.909504	-0.024788	5.186729
104.071470	10158.001146	9.914509	-0.024808	5.188004
104.150990	10163.099921	9.919514	-0.024828	5.189257
104.201950	10167.849004	9.924519	-0.024840	5.190423
104.196941	10172.967905	9.929523	-0.024840	5.191678
104.217662	10178.184719	9.934528	-0.024845	5.192958
104.306265	10183.369028	9.939533	-0.024867	5.194231
104.351842	10189.155491	9.944538	-0.024879	5.195649
104.395135	10194.275842	9.949543	-0.024890	5.196905
104.359159	10199.471933	9.954547	-0.024882	5.198176
104.486292	10204.560631	9.959552	-0.024913	5.199426
104.504500	10209.284237	9.964557	-0.024918	5.200582
104.567246	10214.489153	9.969562	-0.024933	5.201858
104.507968	10219.665794	9.974567	-0.024920	5.203123
104.582033	10224.815943	9.979571	-0.024938	5.204384
104.617352	10230.017303	9.984576	-0.024947	5.205657
104.581020	10235.131498	9.989581	-0.024939	5.206906
104.761548	10240.315428	9.994586	-0.024983	5.208178
104.780067	10245.370283	9.999591	-0.024988	5.209414
104.722104	10248.128637	10.004595	-0.024974	5.210086
104.753226	10248.139351	10.009600	-0.024982	5.210090
104.953750	10248.099611	10.014592	-0.025030	5.210085
104.837465	10248.134494	10.019584	-0.025002	5.210091
104.760834	10248.146110	10.024576	-0.024984	5.210092
104.664136	10248.157212	10.029568	-0.024961	5.210092
104.902557	10248.113603	10.034560	-0.025018	5.210087
104.707490	10248.159091	10.039552	-0.024971	5.210093
104.727284	10248.141645	10.044544	-0.024976	5.210090
104.772226	10248.121632	10.049536	-0.024987	5.210086
104.751330	10248.136527	10.054528	-0.024982	5.210089
104.718814	10248.167982	10.059520	-0.024975	5.210096
104.861438	10248.117497	10.064512	-0.025009	5.210087
104.732291	10248.157537	10.069504	-0.024978	5.210094
104.902247	10248.067106	10.074496	-0.025019	5.210076
104.815594	10248.142525	10.079488	-0.024998	5.210092
104.822503	10248.134082	10.084480	-0.025000	5.210090
104.803215	10248.112939	10.089472	-0.024996	5.210085
104.965193	10248.138632	10.094464	-0.025034	5.210095
104.729597	10248.117790	10.099456	-0.024978	5.210084
104.795531	10248.116134	10.104448	-0.024994	5.210085
104.838176	10248.114292	10.109440	-0.025004	5.210086
104.844154	10248.107225	10.114432	-0.025006	5.210084
104.794499	10248.153242	10.119424	-0.024994	5.210094
104.683195	10248.129962	10.124416	-0.024968	5.210086
104.808945	10248.149104	10.129408	-0.024998	5.210094
104.777334	10248.140749	10.134400	-0.024990	5.210091
104.773742	10248.162846	10.139392	-0.024990	5.210096
104.841890	10248.145588	10.144384	-0.025006	5.210094
104.836444	10248.123032	10.149376	-0.025005	5.210088
104.717661	10248.142795	10.154368	-0.024977	5.210090
104.804434	10248.127480	10.159360	-0.024997	5.210088
104.842870	10248.120943	10.164352	-0.025007	5.210088
104.834019	10248.156389	10.169344	-0.025005	5.210096
104.856657	10248.129684	10.174336	-0.025010	5.210090
104.869863	10248.150066	10.179328	-0.025014	5.210096
104.922945	10248.151002	10.184320	-0.025026	5.210097
104.937363	10248.127699	10.189312	-0.025030	5.210092
104.818556	10248.128246	10.194304	-0.025002	5.210089
104.980804	10248.064227	10.199296	-0.025041	5.210077
104.957028	10248.125540	10.204288	-0.025035	5.210092
104.944544	10248.089608	10.209280	-0.025032	5.210083
104.906427	10248.090886	10.214272	-0.025023	5.210082
104.811800	10248.137651	10.219264	-0.025001	5.210091
104.835003	10248.131388	10.224256	-0.025006	5.210090
104.992543	10248.110130	10.229248	-0.025044	5.210089
104.856018	10248.140672	10.234240	-0.025012	5.210093
104.866895	10248.127981	10.239232	-0.025014	5.210090
105.024663	10248.123355	10.244224	-0.025052	5.210093
104.935643	10248.105486	10.249216	-0.025031	5.210087
104.965379	10248.151086	10.254208	-0.025038	5.210098
104.817236	10248.143097	10.259200	-0.025003	5.210093
104.883413	10248.092730	10.264192	-0.025019	5.210082
104.985185	10248.125851	10.269184	-0.025043	5.210093
104.896096	10248.127208	10.274176	-0.025022	5.210091
105.031011	10248.135165	10.279168	-0.025055	5.210096
104.982967	10248.110551	10.284160	-0.025043	5.210089
104.908905	10248.115498	10.289152	-0.025026	5.210088
104.933806	10248.107781	10.294144	-0.025032	5.210087
104.947870	10248.101170	10.299136	-0.025035	5.210086
104.900611	10248.135411	10.304128	-0.025024	5.210093
104.915952	10248.132513	10.309120	-0.025028	5.210093
104.960793	10248.136854	10.314112	-0.025039	5.210095
104.963489	10248.130122	10.319104	-0.025039	5.210093
105.087797	10248.072538	10.324096	-0.025069	5.210082
104.956931	10248.144783	10.329088	-0.025038	5.210097
104.908179	10248.125366	10.334080	-0.025026	5.210091
104.917421	10248.138466	10.339072	-0.025029	5.210094
105.015409	10248.123287	10.344064	-0.025052	5.210093
105.029508	10248.105141	10.349056	-0.025056	5.210089
104.864227	10248.134776	10.354048	-0.025016	5.210092
104.770186	10248.119983	10.359040	-0.024994	5.210086
105.015966	10248.108934	10.364032	-0.025053	5.210090
105.138312	10248.128425	10.369024	-0.025082	5.210097
104.956613	10248.103361	10.374016	-0.025039	5.210087
104.835176	10248.140051	10.379008	-0.025010	5.210093
104.954492	10248.090664	10.384000	-0.025039	5.210084
104.978255	10248.062564	10.388992	-0.025045	5.210077
105.019296	10248.113416	10.393984	-0.025054	5.210091
105.064688	10248.095919	10.398976	-0.025065	5.210088
104.933283	10248.133626	10.403968	-0.025034	5.210094
105.094696	10248.085067	10.408960	-0.025073	5.210086
105.324572	10248.093580	10.413952	-0.025128	5.210094
105.289193	10248.100985	10.418944	-0.025120	5.210095
105.235952	10248.060245	10.423936	-0.025107	5.210083
105.313571	10248.108645	10.428928	-0.025126	5.210097
105.209430	10248.094882	10.433920	-0.025101	5.210091
105.202283	10248.082749	10.438912	-0.025099	5.210088
105.217821	10248.100330	10.443904	-0.025103	5.210093
105.165421	10248.077442	10.448896	-0.025091	5.210086
105.185481	10248.111218	10.453888	-0.025096	5.210095
105.128199	10248.105484	10.458880	-0.025082	5.210092
105.237761	10248.057093	10.463872	-0.025108	5.210083
105.223264	10248.100803	10.468864	-0.025105	5.210093
105.281443	10248.060220	10.473856	-0.025119	5.210085
105.172726	10248.089205	10.478848	-0.025093	5.210089
105.295087	10248.070257	10.483840	-0.025123	5.210087
105.139801	10248.051466	10.488832	-0.025086	5.210079
105.424711	10248.077423	10.493824	-0.025154	5.210092
105.269496	10248.062468	10.498816	-0.025117	5.210085
105.232189	10248.058538	10.503808	-0.025108	5.210083
105.262026	10248.081066	10.508800	-0.025115	5.210089
105.255553	10248.098332	10.513792	-0.025114	5.210093
105.321749	10248.079993	10.518784	-0.025130	5.210091
105.427993	10248.075503	10.523776	-0.025155	5.210092
105.222846	10248.093832	10.528768	-0.025106	5.210092
105.341563	10248.032976	10.533760	-0.025135	5.210080
105.213071	10248.071667	10.538752	-0.025104	5.210086
105.259033	10248.111767	10.543744	-0.025115	5.210097
105.323590	10248.074377	10.548736	-0.025131	5.210089
105.361634	10248.076849	10.553728	-0.025140	5.210091
105.427688	10248.055962	10.558720	-0.025156	5.210087
105.204157	10248.109479	10.563712	-0.025103	5.210095
105.281952	10248.127111	10.568704	-0.025121	5.210101
105.313193	10248.087997	10.573696	-0.025129	5.210092
105.364205	10248.130145	10.578688	-0.025141	5.210104
105.250701	10248.084025	10.583680	-0.025114	5.210090
105.276699	10248.094133	10.588672	-0.025121	5.210093
105.383163	10248.051184	10.593664	-0.025146	5.210085
105.304823	10248.039912	10.598656	-0.025128	5.210081
105.296077	10248.067660	10.603648	-0.025126	5.210087
105.474903	10248.066010	10.608640	-0.025169	5.210091
105.371501	10248.121358	10.613632	-0.025144	5.210102
105.389137	10248.105414	10.618624	-0.025148	5.210099
105.401778	10248.078448	10.623616	-0.025151	5.210092
105.291723	10248.102444	10.628608	-0.025125	5.210096
105.352487	10248.092347	10.633600	-0.025140	5.210095
105.341491	10248.095981	10.638592	-0.025137	5.210095
105.365264	10248.069161	10.643584	-0.025143	5.210089
105.361209	10248.100274	10.648576	-0.025142	5.210097
105.304738	10248.112394	10.653568	-0.025129	5.210098
105.264195	10248.069076	10.658560	-0.025119	5.210087
105.315678	10248.108613	10.663552	-0.025132	5.210098
105.382112	10248.106906	10.668544	-0.025148	5.210099
105.218543	10248.096647	10.673536	-0.025109	5.210092
105.361880	10248.107589	10.678528	-0.025143	5.210099
105.333804	10248.078373	10.683520	-0.025137	5.210091
105.328756	10248.086525	10.688512	-0.025135	5.210093
105.182602	10248.114207	10.693504	-0.025101	5.210096
105.326396	10248.081540	10.698496	-0.025135	5.210092
105.234023	10248.142168	10.703488	-0.025113	5.210104
105.283474	10248.094789	10.708480	-0.025125	5.210094
105.273898	10248.127747	10.713472	-0.025123	5.210102
105.319329	10248.115371	10.718464	-0.025134	5.210100
105.304948	10248.065539	10.723456	-0.025131	5.210087
105.348234	10248.127694	10.728448	-0.025141	5.210103
105.407319	10248.098550	10.733440	-0.025155	5.210098
105.427720	10248.095135	10.738432	-0.025160	5.210097
105.410393	10248.105822	10.743424	-0.025156	5.210100
105.316626	10248.096125	10.748416	-0.025134	5.210095
105.379358	10248.099920	10.753408	-0.025149	5.210097
105.386354	10248.077375	10.758400	-0.025151	5.210092
105.511601	10248.049164	10.763392	-0.025181	5.210088
105.369196	10248.085431	10.768384	-0.025147	5.210094
105.263788	10248.097422	10.773376	-0.025122	5.210094
105.493358	10248.102124	10.778368	-0.025177	5.210101
105.340805	10248.076646	10.783360	-0.025141	5.210091
105.386030	10248.095041	10.788352	-0.025152	5.210097
105.407531	10248.076140	10.793344	-0.025157	5.210092
105.398782	10248.057764	10.798336	-0.025155	5.210088
105.450462	10248.034500	10.803328	-0.025167	5.210083
105.523259	10248.025737	10.808320	-0.025185	5.210083
105.397950	10248.106384	10.813312	-0.025155	5.210100
105.458336	10248.069419	10.818304	-0.025170	5.210092
105.463589	10248.086770	10.823296	-0.025171	5.210097
105.507710	10248.075809	10.828288	-0.025182	5.210095
105.382857	10248.061597	10.833280	-0.025152	5.210088
105.437135	10248.064975	10.838272	-0.025165	5.210091
105.310974	10248.075240	10.843264	-0.025135	5.210090
105.402104	10248.081262	10.848256	-0.025157	5.210094
105.408647	10248.094637	10.853248	-0.025158	5.210097
105.321589	10248.079130	10.858240	-0.025138	5.210091
105.343289	10248.073020	10.863232	-0.025143	5.210090
105.597947	10248.077724	10.868224	-0.025204	5.210098
105.469219	10248.038283	10.873216	-0.025173	5.210085
105.439397	10248.082276	10.878208	-0.025166	5.210095
105.414646	10248.045034	10.883200	-0.025161	5.210085
105.381987	10248.100847	10.888192	-0.025153	5.210098
105.385198	10248.085094	10.893184	-0.025154	5.210094
105.342681	10248.097071	10.898176	-0.025144	5.210096
105.444392	10248.104575	10.903168	-0.025168	5.210101
105.232730	10248.104350	10.908160	-0.025118	5.210095
105.318371	10248.108370	10.913152	-0.025138	5.210098
105.351349	10248.099828	10.918144	-0.025146	5.210097
105.394965	10248.046638	10.923136	-0.025157	5.210085
105.307162	10248.106799	10.928128	-0.025136	5.210098
105.442199	10248.035309	10.933120	-0.025168	5.210084
105.403334	10248.068694	10.938112	-0.025159	5.210091
105.528170	10248.073837	10.943104	-0.025189	5.210095
105.419823	10248.070753	10.948096	-0.025163	5.210092
105.403938	10248.105636	10.953088	-0.025160	5.210100
105.372349	10248.092154	10.958080	-0.025152	5.210096
105.236576	10248.109807	10.963072	-0.025120	5.210097
105.552782	10248.045447	10.968064	-0.025196	5.210089
105.355175	10248.101443	10.973056	-0.025149	5.210098
105.411765	10248.100740	10.978048	-0.025162	5.210099
105.366455	10248.064315	10.983040	-0.025151	5.210089
105.526219	10248.105612	10.988032	-0.025190	5.210103
105.543147	10248.070521	10.993024	-0.025194	5.210095
105.407905	10248.088119	10.998016	-0.025162	5.210096
105.546552	10248.094416	11.003008	-0.025195	5.210101
105.482923	10248.082923	11.008000	-0.025180	5.210097
105.499475	10248.120901	11.012992	-0.025184	5.210106
105.516076	10248.083281	11.017984	-0.025188	5.210097
105.459895	10248.085122	11.022976	-0.025175	5.210097
105.429709	10248.091996	11.027968	-0.025168	5.210097
105.378251	10248.012637	11.032960	-0.025155	5.210077
105.463673	10248.108928	11.037952	-0.025176	5.210102
105.426916	10248.083161	11.042944	-0.025167	5.210095
105.384434	10248.109228	11.047936	-0.025157	5.210101
105.375124	10248.115252	11.052928	-0.025155	5.210102
105.385070	10248.103937	11.057920	-0.025158	5.210099
105.517495	10248.098055	11.062912	-0.025190	5.210101
105.507193	10248.078557	11.067904	-0.025187	5.210096
105.420346	10248.098902	11.072896	-0.025167	5.210099
105.720914	10248.079702	11.077888	-0.025239	5.210102
105.563149	10248.075255	11.082880	-0.025201	5.210097
105.504651	10248.093989	11.087872	-0.025187	5.210100
105.498908	10248.074024	11.092864	-0.025186	5.210095
105.468409	10248.018150	11.097856	-0.025179	5.210081
105.590946	10248.072215	11.102848	-0.025208	5.210097
105.394152	10248.062785	11.107840	-0.025161	5.210090
105.427046	10248.060658	11.112832	-0.025169	5.210090
105.372354	10248.070034	11.117824	-0.025156	5.210091
105.522637	10248.043111	11.122816	-0.025192	5.210088
105.476065	10248.124689	11.127808	-0.025181	5.210107
105.337600	10248.070867	11.132800	-0.025148	5.210090
105.473483	10248.059508	11.137792	-0.025181	5.210091
105.415611	10248.044865	11.142784	-0.025167	5.210086
105.359991	10248.077398	11.147776	-0.025154	5.210092
105.387055	10248.080991	11.152768	-0.025160	5.210094
105.345206	10248.057025	11.157760	-0.025151	5.210087
105.409900	10248.088808	11.162752	-0.025166	5.210097
105.429288	10248.088059	11.167744	-0.025171	5.210097
105.402545	10248.100988	11.172736	-0.025165	5.210099
105.491979	10248.077715	11.177728	-0.025186	5.210096
105.466810	10248.064859	11.182720	-0.025180	5.210092
105.465213	10248.084190	11.187712	-0.025180	5.210097
105.515706	10248.066172	11.192704	-0.025192	5.210094
105.440160	10248.099458	11.197696	-0.025174	5.210100
105.513665	10248.054748	11.202688	-0.025192	5.210091
105.481098	10248.005491	11.207680	-0.025184	5.210078
105.393418	10248.066922	11.212672	-0.025163	5.210091
105.420630	10248.056406	11.217664	-0.025170	5.210089
105.505191	10248.052848	11.222656	-0.025190	5.210090
105.400003	10248.075066	11.227648	-0.025165	5.210093
105.398260	10248.073912	11.232640	-0.025165	5.210093
105.324799	10248.109548	11.237632	-0.025148	5.210100
105.413475	10248.091476	11.242624	-0.025169	5.210097
105.524648	10248.057015	11.247616	-0.025196	5.210092
105.515064	10248.083568	11.252608	-0.025193	5.210098
105.471620	10248.059764	11.257600	-0.025183	5.210091
105.488681	10248.077191	11.262592	-0.025187	5.210096
105.523202	10248.040304	11.267584	-0.025196	5.210088
105.531367	10248.062482	11.272576	-0.025198	5.210093
105.687037	10248.063197	11.277568	-0.025235	5.210097
105.453366	10248.033188	11.282560	-0.025179	5.210084
105.541311	10248.083097	11.287552	-0.025201	5.210099
105.473417	10248.023352	11.292544	-0.025184	5.210082
105.392759	10248.061003	11.297536	-0.025165	5.210090
105.512220	10248.059008	11.302528	-0.025194	5.210092
105.560678	10248.043761	11.307520	-0.025206	5.210090
105.586421	10248.052614	11.312512	-0.025212	5.210092
105.459242	10248.051452	11.317504	-0.025182	5.210089
105.491159	10248.036612	11.322496	-0.025189	5.210086
105.466439	10248.078803	11.327488	-0.025184	5.210096
105.547404	10248.039738	11.332480	-0.025203	5.210088
105.544011	10248.078471	11.337472	-0.025202	5.210098
105.542397	10248.060648	11.342464	-0.025202	5.210093
105.515710	10248.060759	11.347456	-0.025196	5.210093
105.496692	10248.080587	11.352448	-0.025191	5.210097
105.463709	10248.023685	11.357440	-0.025184	5.210082
105.429727	10248.066822	11.362432	-0.025176	5.210092
105.520974	10248.034394	11.367424	-0.025198	5.210087
105.436066	10248.063511	11.372416	-0.025177	5.210092
105.522130	10248.058518	11.377408	-0.025198	5.210092
105.385851	10248.062129	11.382400	-0.025166	5.210090
105.453959	10248.067939	11.387392	-0.025182	5.210093
105.403536	10248.062785	11.392384	-0.025170	5.210091
105.528187	10248.044885	11.397376	-0.025200	5.210089
105.491933	10248.065192	11.402368	-0.025191	5.210093
105.527370	10248.093555	11.407360	-0.025200	5.210101
105.473475	10248.079787	11.412352	-0.025187	5.210097
105.553294	10248.071588	11.417344	-0.025206	5.210097
105.560598	10248.072074	11.422336	-0.025208	5.210097
105.415789	10248.058618	11.427328	-0.025174	5.210090
105.446499	10248.045182	11.432320	-0.025181	5.210087
105.488274	10248.075461	11.437312	-0.025191	5.210096
105.430050	10248.071103	11.442304	-0.025178	5.210093
105.531274	10248.069689	11.447296	-0.025202	5.210096
105.557164	10248.068277	11.452288	-0.025208	5.210096
105.406296	10248.074658	11.457280	-0.025172	5.210094
105.551305	10248.071336	11.462272	-0.025207	5.210097
105.463025	10248.068766	11.467264	-0.025186	5.210094
105.564230	10248.062228	11.472256	-0.025210	5.210095
105.527759	10248.063338	11.477248	-0.025202	5.210094
105.546220	10247.999903	11.482240	-0.025206	5.210079
105.511263	10248.077733	11.487232	-0.025198	5.210097
105.549880	10248.025053	11.492224	-0.025207	5.210085
105.621955	10248.058645	11.497216	-0.025225	5.210095
105.506643	10248.061396	11.502208	-0.025197	5.210093
105.562856	10248.031264	11.507200	-0.025211	5.210087
105.553457	10248.028329	11.512192	-0.025209	5.210086
105.628231	10248.005271	11.517184	-0.025227	5.210082
105.577319	10248.023230	11.522176	-0.025215	5.210086
105.530597	10248.044604	11.527168	-0.025204	5.210090
105.552621	10248.047431	11.532160	-0.025209	5.210091
105.702721	10248.070495	11.537152	-0.025245	5.210100
105.697515	10248.037664	11.542144	-0.025244	5.210092
105.708751	10248.022373	11.547136	-0.025247	5.210089
105.579896	10248.073912	11.552128	-0.025216	5.210098
105.585381	10248.045115	11.557120	-0.025217	5.210091
105.590720	10248.076550	11.562112	-0.025219	5.210099
105.661283	10248.028297	11.567104	-0.025236	5.210089
105.517502	10248.051892	11.572096	-0.025202	5.210091
105.618011	10248.049269	11.577088	-0.025226	5.210093
105.609174	10248.044995	11.582080	-0.025224	5.210092
105.602624	10248.078926	11.587072	-0.025222	5.210100
105.489407	10248.057120	11.592064	-0.025195	5.210092
105.611172	10248.047202	11.597056	-0.025225	5.210092
105.734972	10248.007608	11.602048	-0.025254	5.210086
105.607202	10248.028287	11.607040	-0.025224	5.210088
105.732615	10248.021841	11.612032	-0.025254	5.210089
105.642330	10248.024600	11.617024	-0.025233	5.210088
105.571092	10248.075384	11.622016	-0.025216	5.210098
105.629717	10248.070630	11.627008	-0.025230	5.210099
105.583305	10248.030474	11.632000	-0.025219	5.210088
105.591243	10248.056519	11.636992	-0.025221	5.210094
105.703848	10248.019349	11.641984	-0.025248	5.210088
105.597769	10248.073689	11.646976	-0.025223	5.210099
105.597396	10248.071114	11.651968	-0.025223	5.210098
105.506799	10248.059811	11.656960	-0.025201	5.210093
105.565033	10248.090972	11.661952	-0.025215	5.210102
105.641967	10248.033100	11.666944	-0.025234	5.210090
105.683277	10248.022426	11.671936	-0.025244	5.210088
105.615245	10248.057507	11.676928	-0.025227	5.210095
105.705702	10248.008505	11.681920	-0.025249	5.210086
105.601235	10248.069086	11.686912	-0.025224	5.210098
105.660213	10247.970766	11.691904	-0.025239	5.210075
105.517846	10248.068528	11.696896	-0.025205	5.210096
105.514086	10248.075268	11.701888	-0.025204	5.210097
105.611063	10248.058912	11.706880	-0.025227	5.210096
105.631887	10248.070829	11.711872	-0.025232	5.210099
105.623060	10248.069117	11.716864	-0.025230	5.210098
105.495515	10248.091055	11.721856	-0.025200	5.210101
105.477625	10248.076174	11.726848	-0.025196	5.210097
105.579555	10248.046500	11.731840	-0.025220	5.210092
105.520773	10248.084481	11.736832	-0.025206	5.210100
105.672397	10248.052297	11.741824	-0.025243	5.210096
105.681783	10248.062819	11.746816	-0.025245	5.210098
105.707314	10248.064006	11.751808	-0.025251	5.210099
105.756136	10248.032066	11.756800	-0.025263	5.210093
105.585036	10248.066137	11.761792	-0.025222	5.210097
105.738074	10248.027402	11.766784	-0.025259	5.210091
105.626468	10248.016963	11.771776	-0.025232	5.210086
105.613833	10248.056639	11.776768	-0.025230	5.210095
105.590640	10248.033331	11.781760	-0.025224	5.210089
105.620227	10248.043073	11.786752	-0.025231	5.210092
105.564831	10247.996146	11.791744	-0.025218	5.210079
105.598238	10248.041372	11.796736	-0.025226	5.210091
105.570239	10248.049305	11.801728	-0.025220	5.210092
105.573780	10248.024549	11.806720	-0.025221	5.210087
105.651797	10248.025503	11.811712	-0.025239	5.210089
105.571820	10248.045148	11.816704	-0.025220	5.210092
105.552637	10248.068836	11.821696	-0.025216	5.210097
105.641901	10248.010987	11.826688	-0.025237	5.210085
105.501307	10248.044506	11.831680	-0.025204	5.210090
105.734174	10248.036060	11.836672	-0.025260	5.210093
105.722763	10248.002581	11.841664	-0.025257	5.210085
105.634567	10248.047408	11.846656	-0.025236	5.210094
105.724946	10248.039413	11.851648	-0.025258	5.210094
105.611399	10248.026609	11.856640	-0.025231	5.210088
105.623890	10248.044502	11.861632	-0.025234	5.210093
105.552611	10248.042759	11.866624	-0.025217	5.210091
105.736563	10248.029056	11.871616	-0.025261	5.210092
105.697250	10248.029174	11.876608	-0.025252	5.210091
105.745791	10248.011356	11.881600	-0.025264	5.210088
105.652143	10248.011896	11.886592	-0.025241	5.210086
105.559759	10248.021276	11.891584	-0.025219	5.210086
105.634154	10248.055912	11.896576	-0.025237	5.210096
105.650290	10248.031152	11.901568	-0.025241	5.210090
105.566737	10248.044755	11.906560	-0.025221	5.210092
105.665455	10248.044878	11.911552	-0.025245	5.210094
105.629753	10248.015159	11.916544	-0.025237	5.210086
105.611781	10248.054099	11.921536	-0.025232	5.210095
105.643237	10248.013682	11.926528	-0.025240	5.210086
105.637790	10247.994968	11.931520	-0.025239	5.210081
105.711155	10248.048929	11.936512	-0.025257	5.210096
105.626339	10247.998599	11.941504	-0.025236	5.210082
105.703684	10248.043184	11.946496	-0.025255	5.210095
105.573548	10248.048729	11.951488	-0.025224	5.210093
105.624752	10248.044733	11.956480	-0.025236	5.210093
105.721033	10248.028449	11.961472	-0.025260	5.210092
105.760841	10248.014084	11.966464	-0.025269	5.210089
105.632100	10248.007957	11.971456	-0.025239	5.210084
105.562139	10248.034266	11.976448	-0.025222	5.210089
105.523355	10248.016393	11.981440	-0.025213	5.210084
105.604144	10248.064471	11.986432	-0.025232	5.210097
105.588506	10248.042954	11.991424	-0.025229	5.210092
105.570980	10248.039567	11.996416	-0.025224	5.210091
105.561482	10248.053299	12.001408	-0.025222	5.210094
105.553007	10248.068207	12.006400	-0.025220	5.210097
105.531586	10248.038312	12.011392	-0.025215	5.210089
105.484658	10248.008458	12.016384	-0.025204	5.210081
105.653557	10248.061635	12.021376	-0.025245	5.210098
105.694842	10247.984339	12.026368	-0.025255	5.210080
105.526954	10248.065488	12.031360	-0.025215	5.210096
105.670697	10248.057171	12.036352	-0.025249	5.210097
105.592377	10248.022834	12.041344	-0.025231	5.210087
105.556285	10248.075155	12.046336	-0.025222	5.210099
105.461181	10248.059187	12.051328	-0.025200	5.210093
105.608168	10248.045414	12.056320	-0.025235	5.210093
105.635933	10248.030998	12.061312	-0.025242	5.210090
105.440484	10248.032961	12.066304	-0.025195	5.210086
105.652960	10248.068877	12.071296	-0.025246	5.210100
105.691624	10248.054630	12.076288	-0.025255	5.210097
105.685552	10248.041105	12.081280	-0.025254	5.210094
105.672250	10248.057787	12.086272	-0.025251	5.210098
105.587646	10248.067654	12.091264	-0.025231	5.210098
105.628540	10248.049336	12.096256	-0.025241	5.210095
105.745659	10248.048861	12.101248	-0.025269	5.210097
105.667587	10248.032436	12.106240	-0.025250	5.210092
105.677999	10248.059510	12.111232	-0.025253	5.210098
105.446859	10248.040772	12.116224	-0.025198	5.210088
105.543709	10248.062867	12.121216	-0.025221	5.210096
105.647274	10248.033026	12.126208	-0.025246	5.210091
105.655033	10248.018089	12.131200	-0.025248	5.210088
105.635290	10248.012367	12.136192	-0.025243	5.210086
105.640360	10248.000267	12.141184	-0.025245	5.210083
105.570144	10248.077853	12.146176	-0.025228	5.210100
105.717098	10248.014114	12.151168	-0.025263	5.210088
105.525924	10248.013078	12.156160	-0.025218	5.210083
105.567621	10248.033115	12.161152	-0.025228	5.210089
105.659305	10248.008330	12.166144	-0.025250	5.210086
105.616023	10247.988354	12.171136	-0.025239	5.210080
105.611105	10248.055430	12.176128	-0.025238	5.210096
105.538271	10248.029502	12.181120	-0.025221	5.210088
105.731029	10248.059744	12.186112	-0.025267	5.210100
105.609896	10248.022089	12.191104	-0.025238	5.210088
105.677212	10248.042074	12.196096	-0.025255	5.210094
105.542270	10248.025048	12.201088	-0.025222	5.210087
105.639839	10248.008631	12.206080	-0.025246	5.210085
105.758831	10248.005403	12.211072	-0.025275	5.210087
105.623493	10248.007636	12.216064	-0.025242	5.210085
105.635791	10248.046048	12.221056	-0.025245	5.210094
105.791541	10248.027537	12.226048	-0.025283	5.210094
105.575750	10248.023889	12.231040	-0.025231	5.210087
105.554670	10248.036240	12.236032	-0.025226	5.210090
105.659818	10248.038268	12.241024	-0.025252	5.210093
105.678542	10248.036307	12.246016	-0.025256	5.210093
105.670131	10248.015333	12.251008	-0.025254	5.210088
105.519687	10248.035765	12.256000	-0.025218	5.210089
105.578589	10248.056608	12.260992	-0.025233	5.210096
105.592484	10248.010295	12.265984	-0.025236	5.210085
105.665937	10248.048871	12.270976	-0.025254	5.210096
105.670270	10248.038128	12.275968	-0.025255	5.210093
105.573139	10248.032618	12.280960	-0.025232	5.210090
105.549742	10248.034955	12.285952	-0.025226	5.210090
105.703681	10248.019191	12.290944	-0.025263	5.210090
105.697249	10248.009547	12.295936	-0.025262	5.210087
105.779998	10248.012581	12.300928	-0.025282	5.210090
105.528734	10248.007429	12.305920	-0.025222	5.210082
105.697738	10248.027283	12.310912	-0.025262	5.210092
105.693354	10248.009742	12.315904	-0.025261	5.210087
105.681303	10248.016047	12.320896	-0.025259	5.210088
105.618904	10248.024928	12.325888	-0.025244	5.210089
105.668724	10248.027479	12.330880	-0.025256	5.210091
105.671330	10248.018194	12.335872	-0.025257	5.210089
105.606599	10248.000407	12.340864	-0.025241	5.210083
105.726651	10248.031665	12.345856	-0.025270	5.210093
105.698052	10248.006346	12.350848	-0.025263	5.210087
105.491342	10248.074802	12.355840	-0.025214	5.210098
105.684479	10248.049911	12.360832	-0.025260	5.210097
105.697010	10248.016550	12.365824	-0.025263	5.210089
105.763244	10248.030239	12.370816	-0.025279	5.210094
105.685472	10248.006096	12.375808	-0.025261	5.210086
105.685652	10248.054714	12.380800	-0.025261	5.210098
105.729711	10248.021979	12.385792	-0.025272	5.210091
105.615112	10248.032345	12.390784	-0.025244	5.210091
105.725790	10248.061996	12.395776	-0.025271	5.210101
105.661267	10248.037782	12.400768	-0.025256	5.210093
105.685334	10248.042962	12.405760	-0.025262	5.210095
105.664322	10248.039931	12.410752	-0.025257	5.210094
105.775077	10248.028575	12.415744	-0.025283	5.210094
105.661525	10248.082397	12.420736	-0.025256	5.210104
105.612905	10248.068090	12.425728	-0.025245	5.210100
105.615425	10248.040876	12.430720	-0.025245	5.210093
105.826000	10248.023175	12.435712	-0.025296	5.210094
105.647542	10248.049028	12.440704	-0.025253	5.210096
105.590251	10248.065075	12.445696	-0.025240	5.210098
105.598179	10248.064215	12.450688	-0.025242	5.210098
105.515429	10248.064924	12.455680	-0.025222	5.210097
105.676459	10248.006155	12.460672	-0.025261	5.210086
105.589397	10248.025241	12.465664	-0.025240	5.210089
105.583214	10248.061697	12.470656	-0.025239	5.210097
105.513647	10248.045685	12.475648	-0.025222	5.210092
105.530260	10248.058032	12.480640	-0.025226	5.210095
105.612546	10248.067520	12.485632	-0.025246	5.210100
105.731420	10248.024585	12.490624	-0.025275	5.210092
105.544167	10248.006492	12.495616	-0.025230	5.210083
105.608224	10248.047309	12.500608	-0.025245	5.210095
105.564296	10248.006899	12.505600	-0.025235	5.210084
105.718658	10248.005185	12.510592	-0.025272	5.210087
105.570590	10248.042030	12.515584	-0.025237	5.210092
105.688567	10248.044030	12.520576	-0.025265	5.210096
105.600571	10248.022212	12.525568	-0.025244	5.210088
105.693176	10248.047302	12.530560	-0.025266	5.210097
105.684929	10248.053219	12.535552	-0.025265	5.210098
105.655051	10248.003687	12.540544	-0.025258	5.210085
105.730578	10247.992083	12.545536	-0.025276	5.210084
105.744154	10247.977834	12.550528	-0.025279	5.210081
105.700665	10247.910473	12.555520	-0.025269	5.210064
105.758379	10247.912218	12.560512	-0.025283	5.210066
105.684151	10247.921026	12.565504	-0.025265	5.210066
105.638645	10248.049901	12.570496	-0.025254	5.210096
105.584079	10247.999046	12.575488	-0.025241	5.210082
105.629625	10248.005877	12.580480	-0.025252	5.210085
105.686826	10248.035862	12.585472	-0.025266	5.210094
105.584190	10248.042445	12.590464	-0.025242	5.210093
105.624268	10248.016522	12.595456	-0.025251	5.210088
105.677974	10247.991771	12.600448	-0.025264	5.210083
105.832258	10247.982378	12.605440	-0.025301	5.210085
105.731303	10248.002882	12.610432	-0.025277	5.210087
105.703333	10247.989030	12.615424	-0.025271	5.210083
105.731735	10247.968143	12.620416	-0.025278	5.210079
105.709051	10247.953752	12.625408	-0.025272	5.210075
105.694240	10248.014150	12.630400	-0.025269	5.210089
105.885815	10247.984295	12.635392	-0.025315	5.210087
105.732763	10247.978085	12.640384	-0.025278	5.210081
105.686084	10247.994331	12.645376	-0.025267	5.210084
105.631589	10247.998562	12.650368	-0.025255	5.210084
105.598308	10248.050596	12.655360	-0.025247	5.210096
105.750454	10248.045265	12.660352	-0.025283	5.210098
105.633253	10248.068708	12.665344	-0.025255	5.210101
105.657225	10248.031617	12.670336	-0.025261	5.210092
105.644118	10247.995748	12.675328	-0.025258	5.210083
105.702900	10248.034541	12.680320	-0.025272	5.210094
105.828837	10248.020354	12.685312	-0.025303	5.210094
105.707184	10247.978909	12.690304	-0.025274	5.210081
105.531063	10248.044242	12.695296	-0.025232	5.210092
105.654880	10248.013615	12.700288	-0.025261	5.210088
105.592330	10248.014825	12.705280	-0.025246	5.210087
105.679397	10248.032793	12.710272	-0.025267	5.210093
105.669193	10248.023534	12.715264	-0.025265	5.210091
105.636423	10248.051172	12.720256	-0.025257	5.210097
105.595814	10248.046298	12.725248	-0.025248	5.210095
105.603871	10248.028768	12.730240	-0.025250	5.210091
105.777891	10248.030173	12.735232	-0.025292	5.210095
105.703889	10248.010770	12.740224	-0.025274	5.210089
105.698848	10248.026609	12.745216	-0.025273	5.210092
105.580318	10248.027126	12.750208	-0.025245	5.210090
105.674255	10248.045675	12.755200	-0.025267	5.210097
105.638497	10248.024930	12.760192	-0.025259	5.210091
105.553452	10247.984874	12.765184	-0.025239	5.210079
105.569070	10248.058822	12.770176	-0.025242	5.210097
105.550828	10248.029884	12.775168	-0.025238	5.210090
105.654851	10248.032027	12.780160	-0.025263	5.210093
105.675204	10248.047836	12.785152	-0.025268	5.210097
105.646629	10248.010984	12.790144	-0.025261	5.210087
105.703965	10248.037112	12.795136	-0.025275	5.210095
105.632865	10248.048163	12.800128	-0.025258	5.210096
105.688150	10248.036062	12.805120	-0.025272	5.210095
105.696780	10248.044100	12.810112	-0.025274	5.210097
105.659317	10248.047873	12.815104	-0.025265	5.210097
105.676637	10248.053742	12.820096	-0.025269	5.210099
105.681618	10248.035246	12.825088	-0.025271	5.210094
105.745002	10248.044100	12.830080	-0.025286	5.210098
105.762939	10248.042219	12.835072	-0.025290	5.210098
105.736232	10248.012863	12.840064	-0.025284	5.210090
105.687813	10248.061317	12.845056	-0.025273	5.210101
105.778840	10248.014818	12.850048	-0.025294	5.210092
105.751093	10248.061163	12.855040	-0.025288	5.210102
105.842741	10248.023570	12.860032	-0.025310	5.210096
105.754900	10248.022235	12.865024	-0.025289	5.210093
105.741916	10248.038885	12.870016	-0.025286	5.210097
105.729047	10248.019648	12.875008	-0.025283	5.210092
105.801639	10248.009625	12.880000	-0.025301	5.210091
105.560586	10248.035461	12.884992	-0.025243	5.210092
105.759453	10248.024080	12.889984	-0.025291	5.210094
105.701148	10248.045356	12.894976	-0.025277	5.210097
105.701228	10248.036328	12.899968	-0.025277	5.210095
105.703587	10248.056537	12.904960	-0.025278	5.210100
105.579884	10248.055019	12.909952	-0.025248	5.210097
105.607261	10248.016299	12.914944	-0.025255	5.210088
105.710860	10248.056924	12.919936	-0.025280	5.210101
105.649934	10248.010561	12.924928	-0.025265	5.210088
105.623003	10248.032478	12.929920	-0.025259	5.210092
105.558506	10248.045417	12.934912	-0.025244	5.210094
105.618760	10248.032810	12.939904	-0.025258	5.210092
105.786754	10248.019455	12.944896	-0.025299	5.210093
105.781532	10248.000719	12.949888	-0.025298	5.210089
105.696409	10248.031138	12.954880	-0.025277	5.210094
105.728412	10248.030383	12.959872	-0.025285	5.210095
105.697816	10248.012956	12.964864	-0.025278	5.210090
105.643881	10248.049161	12.969856	-0.025265	5.210097
105.625295	10248.036914	12.974848	-0.025261	5.210094
105.674130	10248.024191	12.979840	-0.025273	5.210092
105.611187	10248.036971	12.984832	-0.025258	5.210093
105.672504	10248.025537	12.989824	-0.025272	5.210092
105.642568	10248.047760	12.994816	-0.025265	5.210097
105.671864	10245.879982	12.999808	-0.025272	5.209568
105.632222	10240.877984	13.004813	-0.025262	5.208345
105.701614	10235.744670	13.009818	-0.025279	5.207092
105.594381	10230.522141	13.014823	-0.025253	5.205813
105.578846	10225.434493	13.019827	-0.025249	5.204568
105.572693	10220.213090	13.024832	-0.025247	5.203291
105.505670	10215.032412	13.029837	-0.025230	5.202022
105.468867	10209.937924	13.034842	-0.025221	5.200774
105.508916	10205.036975	13.039847	-0.025230	5.199576
105.525244	10200.036312	13.044851	-0.025234	5.198352
105.449411	10194.906129	13.049856	-0.025216	5.197094
105.397684	10189.774713	13.054861	-0.025203	5.195836
105.257979	10184.113444	13.059866	-0.025169	5.194445
105.270084	10178.690179	13.064871	-0.025172	5.193116
105.369120	10173.552159	13.069875	-0.025195	5.191859
105.333562	10168.324967	13.074880	-0.025186	5.190577
105.325452	10163.579907	13.079885	-0.025184	5.189413
105.190014	10158.542507	13.084890	-0.025151	5.188174
105.238882	10153.349685	13.089895	-0.025162	5.186901
105.148015	10148.152392	13.094899	-0.025140	5.185623
105.061336	10142.933079	13.099904	-0.025119	5.184340
105.201167	10137.831169	13.104909	-0.025152	5.183091
105.250117	10132.583659	13.109914	-0.025164	5.181803
105.048228	10127.513757	13.114919	-0.025115	5.180552
104.983533	10122.804193	13.119923	-0.025099	5.179394
105.143732	10117.605862	13.124928	-0.025137	5.178120
105.116592	10112.442502	13.129933	-0.025130	5.176850
105.040163	10107.326249	13.134938	-0.025112	5.175590
105.134152	10101.684299	13.139943	-0.025134	5.174205
104.926881	10096.583277	13.144947	-0.025084	5.172944
104.872748	10091.344267	13.149952	-0.025071	5.171654
104.825138	10086.273291	13.154957	-0.025059	5.170404
104.867979	10081.535004	13.159962	-0.025069	5.169239
104.869986	10076.335636	13.164967	-0.025069	5.167959
104.897391	10071.218490	13.169971	-0.025075	5.166699
104.752920	10066.043640	13.174976	-0.025040	5.165420
104.698059	10060.764273	13.179981	-0.025027	5.164118
104.670465	10055.668223	13.184986	-0.025020	5.162861
104.737778	10050.451843	13.189991	-0.025035	5.161576
104.786086	10045.496990	13.194995	-0.025047	5.160356
104.600691	10040.654438	13.200000	-0.025002	5.159156
104.774215	10035.489825	13.205005	-0.025043	5.157886
104.544783	10030.317947	13.210010	-0.024988	5.156604
104.660836	10024.916723	13.215015	-0.025015	5.155274
104.446566	10019.376786	13.220019	-0.024964	5.153900
104.505297	10014.203206	13.225024	-0.024977	5.152624
104.493216	10009.044868	13.230029	-0.024974	5.151349
104.427046	10004.163996	13.235034	-0.024958	5.150141
104.470700	9999.194078	13.240039	-0.024968	5.148914
104.375734	9994.021949	13.245043	-0.024945	5.147632
104.272407	9988.876028	13.250048	-0.024920	5.146357
104.382550	9983.704395	13.255053	-0.024946	5.145081
104.405572	9978.479161	13.260058	-0.024951	5.143789
104.216295	9973.333893	13.265063	-0.024905	5.142510
104.177416	9968.176053	13.270067	-0.024896	5.141232
104.245600	9963.374671	13.275072	-0.024912	5.140045
104.220272	9958.301018	13.280077	-0.024905	5.138788
104.199901	9953.194047	13.285082	-0.024900	5.137522
104.204171	9948.020126	13.290087	-0.024901	5.136241
104.212900	9942.494352	13.295091	-0.024902	5.134871
104.327036	9937.175024	13.300096	-0.024929	5.133556
104.150696	9932.063998	13.305101	-0.024887	5.132283
104.064190	9926.954452	13.310106	-0.024866	5.131014
104.140173	9922.183073	13.315111	-0.024884	5.129832
103.985889	9917.099840	13.320115	-0.024846	5.128566
103.943384	9911.930081	13.325120	-0.024836	5.127282
104.027755	9906.771462	13.330125	-0.024856	5.126004
103.973766	9901.557805	13.335130	-0.024842	5.124707
103.911918	9896.414214	13.340135	-0.024827	5.123428
103.859595	9891.269611	13.345139	-0.024814	5.122148
103.967433	9886.152440	13.350144	-0.024840	5.120879
103.848010	9881.392089	13.355149	-0.024811	5.119693
103.770858	9876.272872	13.360154	-0.024792	5.118418
103.793242	9871.063508	13.365159	-0.024797	5.117123
103.682887	9865.895396	13.370163	-0.024770	5.115834
103.696102	9860.292033	13.375168	-0.024773	5.114440
103.885169	9855.066777	13.380173	-0.024818	5.113145
103.709872	9849.972707	13.385178	-0.024776	5.111871
103.543405	9844.989271	13.390183	-0.024736	5.110626
103.657569	9840.075784	13.395187	-0.024763	5.109405
103.579771	9834.860559	13.400192	-0.024744	5.108104
103.510678	9829.704575	13.405197	-0.024727	5.106817
103.560254	9824.580342	13.410202	-0.024738	5.105541
103.376583	9819.361049	13.415207	-0.024694	5.104234
103.442982	9814.136127	13.420211	-0.024710	5.102933
103.504910	9808.950562	13.425216	-0.024724	5.101641
103.523217	9804.106505	13.430221	-0.024728	5.100433
103.449620	9799.157710	13.435226	-0.024710	5.099195
103.325356	9793.990828	13.440231	-0.024680	5.097902
103.488868	9788.770043	13.445235	-0.024719	5.096603
103.335355	9783.322970	13.450240	-0.024682	5.095238
103.318142	9778.013030	13.455245	-0.024677	5.093911
103.336966	9772.885225	13.460250	-0.024681	5.092630
103.105324	9767.733647	13.465255	-0.024626	5.091336
103.221966	9762.978037	13.470259	-0.024653	5.090150
103.138932	9757.855711	13.475264	-0.024633	5.088866
103.133652	9752.670876	13.480269	-0.024631	5.087569
103.087754	9747.523218	13.485274	-0.024620	5.086280
103.028332	9742.276164	13.490279	-0.024605	5.084965
103.034114	9737.176342	13.495283	-0.024606	5.083688
103.210938	9731.967089	13.500288	-0.024648	5.082389
103.127328	9726.831537	13.505293	-0.024628	5.081100
103.091328	9722.116678	13.510298	-0.024619	5.079918
102.983293	9716.962823	13.515303	-0.024593	5.078623
102.945808	9711.839506	13.520307	-0.024584	5.077338
102.935711	9706.452876	13.525312	-0.024581	5.075987
102.900901	9700.841536	13.530317	-0.024572	5.074578
102.827526	9695.737700	13.535322	-0.024554	5.073296
102.857081	9690.519951	13.540327	-0.024561	5.071988
102.863241	9685.577387	13.545331	-0.024562	5.070747
102.802451	9680.653781	13.550336	-0.024547	5.069509
102.793410	9675.492901	13.555341	-0.024545	5.068213
102.768337	9670.336460	13.560346	-0.024538	5.066917
102.758949	9665.149693	13.565351	-0.024536	5.065614
102.621710	9659.968054	13.570355	-0.024502	5.064307
102.551489	9654.829608	13.575360	-0.024485	5.063014
102.540398	9649.669417	13.580365	-0.024482	5.061716
102.634385	9644.855662	13.585370	-0.024504	5.060508
102.483136	9639.752969	13.590375	-0.024468	5.059220
102.430830	9634.615159	13.595379	-0.024455	5.057925
102.490144	9629.440719	13.600384	-0.024469	5.056625
102.438303	9623.861629	13.605389	-0.024456	5.055219
102.537012	9618.726188	13.610394	-0.024479	5.053928
102.501077	9613.470401	13.615399	-0.024470	5.052603
102.427828	9608.437230	13.620403	-0.024453	5.051333
102.446394	9603.663241	13.625408	-0.024457	5.050130
102.342077	9598.492608	13.630413	-0.024431	5.048824
102.486429	9593.351989	13.635418	-0.024466	5.047532
102.379712	9588.164528	13.640423	-0.024440	5.046220
102.397092	9582.972334	13.645427	-0.024443	5.044911
102.232055	9577.823018	13.650432	-0.024404	5.043607
102.315814	9572.636738	13.655437	-0.024423	5.042300
102.242240	9567.705484	13.660442	-0.024405	5.041053
102.257168	9562.794554	13.665447	-0.024409	5.039813
102.170012	9557.623943	13.670451	-0.024387	5.038504
102.047272	9552.498500	13.675456	-0.024358	5.037206
102.005069	9546.941111	13.680461	-0.024347	5.035800
102.002551	9541.522517	13.685466	-0.024346	5.034430
102.052004	9536.267031	13.690471	-0.024358	5.033102
101.882713	9531.173766	13.695475	-0.024317	5.031809
102.022805	9526.320948	13.700480	-0.024350	5.030585
101.932101	9521.254113	13.705485	-0.024328	5.029300
102.052665	9516.058264	13.710490	-0.024357	5.027989
102.075598	9510.852115	13.715495	-0.024362	5.026671
101.948245	9505.603888	13.720499	-0.024331	5.025338
101.943306	9500.540642	13.725504	-0.024329	5.024055
101.891671	9495.356239	13.730509	-0.024317	5.022740
101.967998	9490.354721	13.735514	-0.024334	5.021475
101.851838	9485.539135	13.740519	-0.024306	5.020250
101.875286	9480.318787	13.745523	-0.024312	5.018927
101.853729	9475.142209	13.750528	-0.024306	5.017613
101.641816	9469.862255	13.755533	-0.024255	5.016267
101.675236	9464.457896	13.760538	-0.024263	5.014897
101.658762	9459.239396	13.765543	-0.024258	5.013571
101.504550	9454.073554	13.770547	-0.024221	5.012255
101.621425	9449.242150	13.775552	-0.024249	5.011031
101.514989	9444.227937	13.780557	-0.024223	5.009754
101.596609	9439.089997	13.785562	-0.024242	5.008451
101.552764	9433.906155	13.790567	-0.024231	5.007132
101.452610	9428.699925	13.795571	-0.024207	5.005805
101.644035	9423.469022	13.800576	-0.024252	5.004481
101.560022	9418.347022	13.805581	-0.024232	5.003175
101.411099	9413.295730	13.810586	-0.024196	5.001885
101.393313	9408.467516	13.815591	-0.024191	5.000656
101.454394	9403.336469	13.820595	-0.024206	4.999351
101.528639	9398.152405	13.825600	-0.024223	4.998034
101.203039	9392.930996	13.830605	-0.024145	4.996693
101.362540	9387.267443	13.835610	-0.024183	4.995255
101.224106	9382.093193	13.840615	-0.024149	4.993932
101.317506	9376.974796	13.845619	-0.024171	4.992630
101.188534	9372.012694	13.850624	-0.024140	4.991361
101.195800	9367.083873	13.855629	-0.024141	4.990104
101.238668	9361.852086	13.860634	-0.024151	4.988771
101.159284	9356.702999	13.865639	-0.024132	4.987454
101.243891	9351.592277	13.870643	-0.024152	4.986152
101.159033	9346.412372	13.875648	-0.024131	4.984827
101.127587	9341.178292	13.880653	-0.024123	4.983489
101.040477	9336.100455	13.885658	-0.024102	4.982189
100.982135	9331.280558	13.890663	-0.024088	4.980956
100.808375	9326.222341	13.895667	-0.024046	4.979657
101.031642	9321.023997	13.900672	-0.024099	4.978335
100.863550	9315.837172	13.905677	-0.024058	4.977003
100.930175	9310.287846	13.910682	-0.024074	4.975586
100.687164	9305.160987	13.915687	-0.024015	4.974266
100.823047	9300.010884	13.920691	-0.024048	4.972953
100.706932	9294.919564	13.925696	-0.024019	4.971645
100.675138	9290.085907	13.930701	-0.024012	4.970407
100.840382	9284.975016	13.935706	-0.024051	4.969103
100.688686	9279.736254	13.940711	-0.024014	4.967756
100.731998	9274.566776	13.945715	-0.024024	4.966432
100.735712	9269.381774	13.950720	-0.024025	4.965103
100.645385	9264.211340	13.955725	-0.024003	4.963775
100.619059	9259.132748	13.960730	-0.023996	4.962471
100.651180	9254.217176	13.965735	-0.024003	4.961211
100.607859	9249.209071	13.970739	-0.023993	4.959925
100.467668	9244.068717	13.975744	-0.023959	4.958600
100.482212	9238.934310	13.980749	-0.023962	4.957283
100.490649	9233.132341	13.985754	-0.023963	4.955793
100.386408	9228.028205	13.990759	-0.023938	4.954478
100.303623	9222.893548	13.995763	-0.023918	4.953156
100.361759	9217.862423	14.000768	-0.023932	4.951865
100.356233	9212.895412	14.005773	-0.023930	4.950588
100.358109	9207.821915	14.010778	-0.023930	4.949283
100.244707	9202.597139	14.015783	-0.023903	4.947935
100.241201	9197.467625	14.020787	-0.023901	4.946615
100.286361	9192.185236	14.025792	-0.023912	4.945257
100.341324	9187.027905	14.030797	-0.023925	4.943931
100.295439	9181.899526	14.035802	-0.023913	4.942609
100.233044	9177.040067	14.040807	-0.023898	4.941355
100.187450	9172.002796	14.045811	-0.023887	4.940056
100.174215	9166.847600	14.050816	-0.023883	4.938727
100.179981	9161.710704	14.055821	-0.023884	4.937403
100.170697	9156.038445	14.060826	-0.023882	4.935940
100.008349	9150.841603	14.065831	-0.023842	4.934594
99.958647	9145.776743	14.070835	-0.023830	4.933285
99.962604	9140.807849	14.075840	-0.023831	4.932003
100.033436	9135.829102	14.080845	-0.023847	4.930720
99.948630	9130.700290	14.085850	-0.023827	4.929393
99.968791	9125.568829	14.090855	-0.023831	4.928069
99.906319	9120.431432	14.095859	-0.023816	4.926739
99.919728	9115.197319	14.100864	-0.023819	4.925387
99.860574	9109.997100	14.105869	-0.023804	4.924041
99.762920	9104.974808	14.110874	-0.023781	4.922739
99.769404	9100.063301	14.115879	-0.023782	4.921469
99.591955	9095.027624	14.120883	-0.023739	4.920160
99.695578	9089.892402	14.125888	-0.023763	4.918835
99.510251	9084.685659	14.130893	-0.023719	4.917481
99.651199	9078.955109	14.135898	-0.023752	4.916002
99.653944	9073.771197	14.140903	-0.023752	4.914660
99.512531	9068.599322	14.145907	-0.023718	4.913315
99.582085	9063.600959	14.150912	-0.023735	4.912022
99.552212	9058.731473	14.155917	-0.023727	4.910759
99.504331	9053.623627	14.160922	-0.023715	4.909433
99.434488	9048.349168	14.165927	-0.023698	4.908063
99.638638	9043.198645	14.170931	-0.023747	4.906734
99.386149	9038.058448	14.175936	-0.023686	4.905391
99.426556	9032.887964	14.180941	-0.023695	4.904051
99.373938	9027.715645	14.185946	-0.023682	4.902706
99.440122	9022.942418	14.190951	-0.023698	4.901469
99.389662	9017.938389	14.195955	-0.023685	4.900167
99.287313	9012.687939	14.200960	-0.023661	4.898799
99.132380	9007.515682	14.205965	-0.023623	4.897450
99.227118	9001.990877	14.210970	-0.023645	4.896017
99.246246	8996.788689	14.215975	-0.023650	4.894665
99.241316	8991.647562	14.220979	-0.023648	4.893327
99.111715	8986.759731	14.225984	-0.023617	4.892051
99.179502	8981.689557	14.230989	-0.023633	4.890734
99.137856	8976.569503	14.235994	-0.023622	4.889399
99.086692	8971.432960	14.240999	-0.023610	4.888060
99.133391	8966.259481	14.246003	-0.023621	4.886714
99.062604	8961.082899	14.251008	-0.023603	4.885363
99.014036	8955.877220	14.256013	-0.023591	4.884005
99.130623	8950.762036	14.261018	-0.023619	4.882675
98.899260	8946.024504	14.266023	-0.023563	4.881432
98.909391	8940.909657	14.271027	-0.023565	4.880098
98.892559	8935.722090	14.276032	-0.023561	4.878744
98.935759	8930.314911	14.281037	-0.023571	4.877334
98.879190	8924.781736	14.286042	-0.023557	4.875888
98.989184	8919.600538	14.291047	-0.023583	4.874539
98.846675	8914.415676	14.296051	-0.023548	4.873180
98.943046	8909.552213	14.301056	-0.023571	4.871912
98.760271	8904.498720	14.306061	-0.023527	4.870585
98.854203	8899.349177	14.311066	-0.023549	4.869242
98.708275	8894.223057	14.316071	-0.023514	4.867897
98.685597	8888.990838	14.321075	-0.023508	4.866528
98.530857	8883.847381	14.326080	-0.023471	4.865176
98.578392	8878.674099	14.331085	-0.023482	4.863824
98.589404	8873.681352	14.336090	-0.023484	4.862518
98.630288	8868.756180	14.341095	-0.023494	4.861230
98.700530	8863.612543	14.346099	-0.023510	4.859885
98.521342	8858.484365	14.351104	-0.023467	4.858535
98.484052	8853.040340	14.356109	-0.023457	4.857107
98.484191	8847.736855	14.361114	-0.023457	4.855717
98.456352	8842.533986	14.366119	-0.023450	4.854351
98.262126	8837.424593	14.371123	-0.023403	4.853004
98.303971	8832.651698	14.376128	-0.023413	4.851754
98.340505	8827.476324	14.381133	-0.023421	4.850397
98.409055	8822.333629	14.386138	-0.023437	4.849049
98.259375	8817.208325	14.391143	-0.023401	4.847698
98.271820	8811.989504	14.396147	-0.023404	4.846328
98.316341	8806.726114	14.401152	-0.023414	4.844947
98.275797	8801.443965	14.406157	-0.023404	4.843557
98.418773	8796.566492	14.411162	-0.023438	4.842280
98.100981	8791.646399	14.416167	-0.023362	4.840975
98.222061	8786.405443	14.421171	-0.023390	4.839601
98.101122	8781.317171	14.426176	-0.023361	4.838258
98.045498	8775.606798	14.431181	-0.023347	4.836753
98.060706	8770.361443	14.436186	-0.023350	4.835373
97.924396	8765.258517	14.441191	-0.023318	4.834024
97.868802	8760.213302	14.446195	-0.023304	4.832693
97.898360	8755.308026	14.451200	-0.023311	4.831402
97.831738	8750.224477	14.456205	-0.023294	4.830060
97.867940	8745.008318	14.461210	-0.023303	4.828686
97.924800	8739.851102	14.466215	-0.023316	4.827328
97.932994	8734.708086	14.471219	-0.023318	4.825972
97.874133	8729.461192	14.476224	-0.023303	4.824586
97.870781	8724.353484	14.481229	-0.023302	4.823238
97.887314	8719.615703	14.486234	-0.023306	4.821988
97.649149	8714.509627	14.491239	-0.023248	4.820630
97.690763	8709.383236	14.496243	-0.023258	4.819278
97.635912	8704.075792	14.501248	-0.023244	4.817874
97.679578	8698.568157	14.506253	-0.023254	4.816420
97.607453	8693.449357	14.511258	-0.023237	4.815064
97.542500	8688.212955	14.516263	-0.023221	4.813677
97.595169	8683.374422	14.521267	-0.023233	4.812399
97.480693	8678.345012	14.526272	-0.023205	4.811064
97.541903	8673.169367	14.531277	-0.023220	4.809697
97.541208	8668.099503	14.536282	-0.023219	4.808354
97.422258	8662.823937	14.541287	-0.023190	4.806953
97.489098	8657.699027	14.546291	-0.023206	4.805598
97.466060	8652.475278	14.551296	-0.023200	4.804213
97.348720	8647.492660	14.556301	-0.023172	4.802888
97.372754	8642.740852	14.561306	-0.023177	4.801629
97.195643	8637.485828	14.566311	-0.023134	4.800229
97.248277	8632.392459	14.571315	-0.023147	4.798880
97.284534	8626.819324	14.576320	-0.023155	4.797403
97.147025	8621.413981	14.581325	-0.023122	4.795963
97.127395	8616.316694	14.586330	-0.023117	4.794609
97.196225	8611.134072	14.591335	-0.023133	4.793235
97.267222	8606.416773	14.596339	-0.023149	4.791985
97.100126	8601.262728	14.601344	-0.023109	4.790609
97.175031	8595.981347	14.606349	-0.023127	4.789208
97.122676	8590.891283	14.611354	-0.023114	4.787853
97.090233	8585.624906	14.616359	-0.023106	4.786451
97.009353	8580.494992	14.621363	-0.023086	4.785083
97.058795	8575.346527	14.626368	-0.023097	4.783715
97.008901	8570.516489	14.631373	-0.023085	4.782428
97.052914	8565.487726	14.636378	-0.023095	4.781091
97.004735	8560.199464	14.641383	-0.023084	4.779680
96.866495	8555.075850	14.646387	-0.023050	4.778310
96.666555	8549.551557	14.651392	-0.023002	4.776830
96.915911	8544.391062	14.656397	-0.023061	4.775464
96.873455	8539.281513	14.661402	-0.023051	4.774100
96.669244	8534.314066	14.666407	-0.023001	4.772768
96.714486	8529.377179	14.671411	-0.023012	4.771452
96.703578	8524.164426	14.676416	-0.023009	4.770061
96.773901	8518.995110	14.681421	-0.023025	4.768684
96.603938	8513.794630	14.686426	-0.022984	4.767288
96.525437	8508.655953	14.691431	-0.022965	4.765913
96.581142	8503.558694	14.696435	-0.022978	4.764553
96.611377	8498.480627	14.701440	-0.022985	4.763197
96.613602	8493.589107	14.706445	-0.022985	4.761890
96.525780	8488.427323	14.711450	-0.022964	4.760506
96.601748	8483.269808	14.716455	-0.022982	4.759130
96.457975	8477.738946	14.721459	-0.022947	4.757644
96.385081	8472.390687	14.726464	-0.022929	4.756210
96.417162	8467.206969	14.731469	-0.022937	4.754824
96.339326	8462.142397	14.736474	-0.022918	4.753464
96.425276	8457.334768	14.741479	-0.022938	4.752180
96.342276	8452.122353	14.746483	-0.022918	4.750780
96.323128	8446.964936	14.751488	-0.022913	4.749397
96.200609	8441.847632	14.756493	-0.022883	4.748020
96.125660	8436.673580	14.761498	-0.022865	4.746630
96.202310	8431.414559	14.766503	-0.022883	4.745222
96.192688	8426.224569	14.771507	-0.022880	4.743829
96.120756	8421.558239	14.776512	-0.022863	4.742573
96.185977	8416.347232	14.781517	-0.022878	4.741177
96.191533	8411.252398	14.786522	-0.022879	4.739809
96.045934	8405.935237	14.791527	-0.022844	4.738375
95.997671	8400.544802	14.796531	-0.022832	4.736924
96.142784	8395.361716	14.801536	-0.022866	4.735537
96.063216	8390.214858	14.806541	-0.022847	4.734150
95.944403	8385.379476	14.811546	-0.022818	4.732844
95.834247	8380.330679	14.816551	-0.022791	4.731482
95.861130	8375.139877	14.821555	-0.022797	4.730086
95.944450	8369.983876	14.826560	-0.022817	4.728701
95.956251	8364.794889	14.831565	-0.022819	4.727304
95.840544	8359.597623	14.836570	-0.022791	4.725900
95.746387	8354.443880	14.841575	-0.022768	4.724507
95.886744	8349.457903	14.846579	-0.022802	4.723169
95.810216	8344.571977	14.851584	-0.022783	4.721849
95.729629	8339.343103	14.856589	-0.022763	4.720436
95.796248	8334.262550	14.861594	-0.022779	4.719068
95.750475	8328.441543	14.866599	-0.022768	4.717495
95.693246	8323.353946	14.871603	-0.022754	4.716120
95.650639	8318.104934	14.876608	-0.022743	4.714701
95.541808	8313.166896	14.881613	-0.022717	4.713363
95.492657	8308.283639	14.886618	-0.022705	4.712042
95.445959	8303.068716	14.891623	-0.022693	4.710630
95.394845	8297.934566	14.896627	-0.022680	4.709240
95.425209	8292.735303	14.901632	-0.022687	4.707836
95.340217	8287.611682	14.906637	-0.022667	4.706447
95.365872	8282.406988	14.911642	-0.022672	4.705040
95.376743	8277.358346	14.916647	-0.022675	4.703674
95.322018	8272.492981	14.921651	-0.022661	4.702354
95.332433	8267.356225	14.926656	-0.022663	4.700964
95.311776	8262.146218	14.931661	-0.022658	4.699552
95.229283	8256.806689	14.936666	-0.022638	4.698101
95.304056	8251.442460	14.941671	-0.022656	4.696651
95.221939	8246.296172	14.946675	-0.022636	4.695252
95.163035	8241.188169	14.951680	-0.022621	4.693864
95.130134	8236.342357	14.956685	-0.022613	4.692548
95.116934	8231.176244	14.961690	-0.022609	4.691146
95.003896	8226.093725	14.966695	-0.022582	4.689762
95.108278	8220.895368	14.971699	-0.022607	4.688355
95.102379	8215.729311	14.976704	-0.022605	4.686951
94.848421	8210.511114	14.981709	-0.022544	4.685523
94.963740	8205.455866	14.986714	-0.022571	4.684154
94.809186	8200.676819	14.991719	-0.022534	4.682848
94.916005	8195.558007	14.996723	-0.022559	4.681461
94.877885	8190.335705	15.001728	-0.022549	4.680039
94.833523	8184.932410	15.006733	-0.022538	4.678567
94.635346	8179.517955	15.011738	-0.022491	4.677085
94.636707	8174.352947	15.016743	-0.022491	4.675679
94.636674	8169.151885	15.021747	-0.022490	4.674262
94.760579	8164.362844	15.026752	-0.022520	4.672963
94.712849	8159.205421	15.031757	-0.022508	4.671555
94.615742	8154.114505	15.036762	-0.022484	4.670164
94.686315	8148.932632	15.041767	-0.022501	4.668754
94.585349	8143.718373	15.046771	-0.022476	4.667327
94.819643	8138.508375	15.051776	-0.022532	4.665916
94.552714	8133.399841	15.056781	-0.022468	4.664510
94.558101	8128.664321	15.061786	-0.022469	4.663218
94.548756	8123.548322	15.066791	-0.022466	4.661820
94.685913	8118.292089	15.071795	-0.022499	4.660390
94.609952	8113.043380	15.076800	-0.022480	4.658953
94.444699	8107.659558	15.081805	-0.022440	4.657475
94.580968	8102.404879	15.086810	-0.022472	4.656044
94.300794	8097.344985	15.091815	-0.022405	4.654648
94.384728	8092.475944	15.096819	-0.022425	4.653319
94.347111	8087.484795	15.101824	-0.022415	4.651952
94.292150	8082.252679	15.106829	-0.022402	4.650517
94.258832	8077.138484	15.111834	-0.022394	4.649116
94.180810	8071.867640	15.116839	-0.022375	4.647669
94.151801	8066.739976	15.121843	-0.022367	4.646262
94.107763	8061.608273	15.126848	-0.022356	4.644854
94.094322	8056.803502	15.131853	-0.022353	4.643536
94.154740	8051.726611	15.136858	-0.022367	4.642147
94.242581	8046.531947	15.141863	-0.022388	4.640726
94.194632	8041.310306	15.146867	-0.022376	4.639291
94.071678	8035.651850	15.151872	-0.022346	4.637732
94.094720	8030.533764	15.156877	-0.022351	4.636328
94.091718	8025.312253	15.161882	-0.022350	4.634894
93.954309	8020.467071	15.166887	-0.022317	4.633557
93.874907	8015.419872	15.171891	-0.022298	4.632166
93.916836	8010.294714	15.176896	-0.022307	4.630759
93.878784	8005.135035	15.181901	-0.022298	4.629338
93.808068	7999.903859	15.186906	-0.022280	4.627896
93.953371	7994.728342	15.191911	-0.022315	4.626479
93.758057	7989.558879	15.196915	-0.022268	4.625047
93.794996	7984.736015	15.201920	-0.022276	4.623721
93.721358	7979.626193	15.206925	-0.022258	4.622310
93.617820	7974.500080	15.211930	-0.022233	4.620894
93.708000	7969.242581	15.216935	-0.022254	4.619449
93.557496	7963.793175	15.221939	-0.022218	4.617940
93.610338	7958.661601	15.226944	-0.022230	4.616527
93.394006	7953.417532	15.231949	-0.022178	4.615071
93.500797	7948.666244	15.236954	-0.022203	4.613765
93.467797	7943.572331	15.241959	-0.022195	4.612358
93.390790	7938.448629	15.246963	-0.022176	4.610940
93.375865	7933.313129	15.251968	-0.022173	4.609521
93.256860	7928.099962	15.256973	-0.022144	4.608075
93.406844	7922.951219	15.261978	-0.022179	4.606659
93.561199	7917.731035	15.266983	-0.022216	4.605223
93.410913	7912.884551	15.271987	-0.022179	4.603876
93.318109	7907.842890	15.276992	-0.022157	4.602477
93.314948	7902.691248	15.281997	-0.022156	4.601052
93.393958	7897.418483	15.287002	-0.022174	4.599596
93.338023	7891.693469	15.292007	-0.022161	4.598009
93.286745	7886.562532	15.297011	-0.022148	4.596585
93.161822	7881.494744	15.302016	-0.022118	4.595176
93.086851	7876.617545	15.307021	-0.022099	4.593821
93.214883	7871.568007	15.312026	-0.022130	4.592427
92.990390	7866.415284	15.317031	-0.022076	4.590988
93.116204	7861.247650	15.322035	-0.022105	4.589560
93.021831	7856.018510	15.327040	-0.022083	4.588105
92.952963	7850.886986	15.332045	-0.022066	4.586678
93.024439	7845.744265	15.337050	-0.022082	4.585253
93.060216	7840.841617	15.342055	-0.022091	4.583893
93.042754	7835.806426	15.347059	-0.022086	4.582493
92.898734	7830.628388	15.352064	-0.022051	4.581048
92.898895	7825.399197	15.357069	-0.022051	4.579594
92.852366	7819.930123	15.362074	-0.022040	4.578071
92.830900	7814.753898	15.367079	-0.022034	4.576631
92.849402	7809.589569	15.372083	-0.022038	4.575194
92.864549	7804.795254	15.377088	-0.022041	4.573861
92.804661	7799.701879	15.382093	-0.022027	4.572440
92.797162	7794.534228	15.387098	-0.022025	4.571000
92.711560	7789.431503	15.392103	-0.022004	4.569575
92.774701	7784.221849	15.397107	-0.022018	4.568126
92.763473	7779.044023	15.402112	-0.022015	4.566682
92.644685	7773.877776	15.407117	-0.021987	4.565236
92.640543	7769.182145	15.412122	-0.021985	4.563926
92.546984	7764.010425	15.417127	-0.021963	4.562479
92.446440	7758.865018	15.422131	-0.021938	4.561038
92.509321	7753.534306	15.427136	-0.021953	4.559552
92.314903	7747.968598	15.432141	-0.021906	4.557989
92.441076	7742.848795	15.437146	-0.021936	4.556564
92.334962	7737.632895	15.442151	-0.021910	4.555102
92.340857	7732.821009	15.447155	-0.021911	4.553757
92.248467	7727.737802	15.452160	-0.021889	4.552331
92.217600	7722.509835	15.457165	-0.021881	4.550867
92.168896	7717.447163	15.462170	-0.021869	4.549448
92.151970	7712.210168	15.467175	-0.021865	4.547981
92.126553	7707.021991	15.472179	-0.021858	4.546527
92.174319	7701.911291	15.477184	-0.021869	4.545098
92.268220	7697.081904	15.482189	-0.021891	4.543749
91.981822	7692.006826	15.487194	-0.021823	4.542314
92.156779	7686.748177	15.492199	-0.021864	4.540847
92.057534	7681.380195	15.497203	-0.021840	4.539337
91.992787	7676.140649	15.502208	-0.021824	4.537864
91.892890	7670.957666	15.507213	-0.021800	4.536405
91.993303	7665.871711	15.512218	-0.021823	4.534982
92.012049	7661.027819	15.517223	-0.021828	4.533623
91.795128	7655.723854	15.522227	-0.021775	4.532123
91.825866	7650.585518	15.527232	-0.021782	4.530680
91.852060	7645.305207	15.532237	-0.021788	4.529197
91.861957	7640.215872	15.537242	-0.021790	4.527767
91.753518	7635.049344	15.542247	-0.021764	4.526309
91.792252	7629.986131	15.547251	-0.021773	4.524886
91.741698	7625.148105	15.552256	-0.021760	4.523522
91.745284	7619.978633	15.557261	-0.021761	4.522067
91.788334	7614.800815	15.562266	-0.021771	4.520611
91.697889	7609.194086	15.567271	-0.021749	4.519027
91.675942	7604.021902	15.572275	-0.021743	4.517568
91.648225	7598.822477	15.577280	-0.021736	4.516101
91.477012	7593.902613	15.582285	-0.021695	4.514706
91.661721	7588.874027	15.587290	-0.021739	4.513296
91.547194	7583.684349	15.592295	-0.021711	4.511826
91.574467	7578.592799	15.597299	-0.021717	4.510390
91.522429	7573.394766	15.602304	-0.021704	4.508920
91.400727	7568.169431	15.607309	-0.021675	4.507439
91.391619	7563.050378	15.612314	-0.021672	4.505992
91.465528	7558.182763	15.617319	-0.021690	4.504620
91.360999	7553.087631	15.622323	-0.021664	4.503174
91.270032	7547.989641	15.627328	-0.021642	4.501728
91.240546	7542.801142	15.632333	-0.021635	4.500259
91.270505	7537.274358	15.637338	-0.021642	4.498696
91.208640	7532.148948	15.642343	-0.021627	4.497242
91.200980	7526.948674	15.647347	-0.021624	4.495769
91.027357	7522.199546	15.652352	-0.021583	4.494416
91.023683	7517.053659	15.657357	-0.021581	4.492957
91.136631	7511.934543	15.662362	-0.021608	4.491512
91.114161	7506.770984	15.667367	-0.021602	4.490047
91.156663	7501.481272	15.672371	-0.021612	4.488549
91.121542	7496.362913	15.677376	-0.021603	4.487095
90.921819	7491.283412	15.682381	-0.021555	4.485643
90.926390	7486.521085	15.687386	-0.021556	4.484291
90.839514	7481.366012	15.692391	-0.021535	4.482823
90.832334	7476.215361	15.697395	-0.021533	4.481360
90.855643	7470.854623	15.702400	-0.021538	4.479837
90.743086	7465.499457	15.707405	-0.021511	4.478309
90.785600	7460.336619	15.712410	-0.021520	4.476843
90.782738	7455.308418	15.717415	-0.021519	4.475413
90.787647	7450.383589	15.722419	-0.021520	4.474012
90.857318	7445.214383	15.727424	-0.021537	4.472544
90.801567	7440.048916	15.732429	-0.021523	4.471070
90.591315	7434.876970	15.737434	-0.021472	4.469586
90.636958	7429.666654	15.742439	-0.021483	4.468104
90.587460	7424.519524	15.747443	-0.021471	4.466635
90.580096	7419.584621	15.752448	-0.021469	4.465227
90.522789	7414.593226	15.757453	-0.021454	4.463801
90.441269	7409.429336	15.762458	-0.021435	4.462323
90.620702	7404.279561	15.767463	-0.021477	4.460863
90.433334	7398.809590	15.772467	-0.021432	4.459292
90.325044	7393.575874	15.777472	-0.021406	4.457792
90.461310	7388.381985	15.782477	-0.021438	4.456315
90.238971	7383.593394	15.787482	-0.021384	4.454935
90.356593	7378.489050	15.792487	-0.021412	4.453482
90.335698	7373.234903	15.797491	-0.021407	4.451978
90.258525	7368.169191	15.802496	-0.021388	4.450525
90.265442	7362.980206	15.807501	-0.021389	4.449041
90.274692	7357.850334	15.812506	-0.021391	4.447573
90.271317	7352.643708	15.817511	-0.021390	4.446082
90.208548	7347.883006	15.822515	-0.021375	4.444715
90.216566	7342.800830	15.827520	-0.021376	4.443259
90.089928	7337.576358	15.832525	-0.021346	4.441755
90.209884	7332.105499	15.837530	-0.021374	4.440193
90.011957	7326.729688	15.842535	-0.021326	4.438641
89.950345	7321.583021	15.847539	-0.021311	4.437161
90.004651	7316.514372	15.852544	-0.021324	4.435709
89.961382	7311.558139	15.857549	-0.021313	4.434283
89.988071	7306.421571	15.862554	-0.021319	4.432810
89.861670	7301.323627	15.867559	-0.021289	4.431339
89.810783	7296.158625	15.872563	-0.021276	4.429852
89.873187	7290.953540	15.877568	-0.021291	4.428358
89.678390	7285.790472	15.882573	-0.021244	4.426863
89.754476	7280.884835	15.887578	-0.021262	4.425456
89.719455	7275.932175	15.892583	-0.021253	4.424029
89.761955	7270.672386	15.897587	-0.021263	4.422517
89.677988	7265.589757	15.902592	-0.021242	4.421049
89.688961	7260.035730	15.907597	-0.021244	4.419450
89.617033	7254.906861	15.912602	-0.021227	4.417968
89.589705	7249.729538	15.917607	-0.021220	4.416474
89.613388	7244.826294	15.922611	-0.021225	4.415061
89.614396	7239.782583	15.927616	-0.021225	4.413606
89.608050	7234.613123	15.932621	-0.021223	4.412114
89.522027	7229.493210	15.937626	-0.021202	4.410632
89.477193	7224.256318	15.942631	-0.021191	4.409118
89.364389	7219.120966	15.947635	-0.021164	4.407628
89.455761	7214.026345	15.952640	-0.021186	4.406161
89.502228	7209.219000	15.957645	-0.021196	4.404774
89.322960	7204.084526	15.962650	-0.021153	4.403280
89.256889	7198.894791	15.967655	-0.021137	4.401776
89.331961	7193.335136	15.972659	-0.021154	4.400171
89.229481	7188.080164	15.977664	-0.021130	4.398645
89.224003	7182.878550	15.982669	-0.021128	4.397138
89.081978	7177.948000	15.987674	-0.021094	4.395703
89.160403	7172.926501	15.992679	-0.021112	4.394252
89.199946	7167.747807	15.997683	-0.021121	4.392753
89.131229	7162.622746	16.002688	-0.021104	4.391264
89.181225	7157.386478	16.007693	-0.021116	4.389747
89.057933	7152.239335	16.012698	-0.021086	4.388248
89.097453	7147.066631	16.017703	-0.021095	4.386749
88.970549	7142.245189	16.022707	-0.021065	4.385342
88.997706	7137.191005	16.027712	-0.021071	4.383876
88.835275	7131.999958	16.032717	-0.021031	4.382359
88.894102	7126.708246	16.037722	-0.021045	4.380824
89.014339	7121.326671	16.042727	-0.021074	4.379266
88.907697	7116.129949	16.047731	-0.021048	4.377749
88.806164	7111.066102	16.052736	-0.021023	4.376270
88.781720	7106.209821	16.057741	-0.021017	4.374856
88.860941	7101.053140	16.062746	-0.021035	4.373359
88.754550	7095.920294	16.067751	-0.021010	4.371858
88.755429	7090.681785	16.072755	-0.021010	4.370332
88.803514	7085.536087	16.077760	-0.021021	4.368835
88.701974	7080.356339	16.082765	-0.020996	4.367320
88.651970	7075.413029	16.087770	-0.020984	4.365876
88.469955	7070.503047	16.092775	-0.020940	4.364434
88.500454	7065.296925	16.097779	-0.020947	4.362916
88.587545	7060.091844	16.102784	-0.020967	4.361401
88.561399	7054.462539	16.107789	-0.020961	4.359756
88.363615	7049.352000	16.112794	-0.020913	4.358252
88.362111	7044.185831	16.117799	-0.020912	4.356743
88.421266	7039.343436	16.122803	-0.020926	4.355330
88.366833	7034.249180	16.127808	-0.020913	4.353838
88.182355	7029.034468	16.132813	-0.020868	4.352302
88.148307	7023.937915	16.137818	-0.020860	4.350809
88.245805	7018.715417	16.142823	-0.020883	4.349285
88.327725	7013.540230	16.147827	-0.020902	4.347774
88.395290	7008.517580	16.152832	-0.020918	4.346307
88.239571	7003.612461	16.157837	-0.020880	4.344861
88.238483	6998.477022	16.162842	-0.020880	4.343355
88.153879	6993.380119	16.167847	-0.020859	4.341856
88.061705	6987.813954	16.172851	-0.020837	4.340218
88.029166	6982.663269	16.177856	-0.020828	4.338705
87.999970	6977.462731	16.182861	-0.020821	4.337177
88.081211	6972.596427	16.187866	-0.020840	4.335752
88.096135	6967.560189	16.192871	-0.020843	4.334274
87.866182	6962.417180	16.197875	-0.020788	4.332750
87.863974	6957.331361	16.202880	-0.020787	4.331255
87.754254	6952.078378	16.207885	-0.020761	4.329704
87.910721	6946.881690	16.212890	-0.020798	4.328184
87.869592	6941.793636	16.217895	-0.020787	4.326685
87.821767	6936.939773	16.222899	-0.020776	4.325253
87.877600	6931.825426	16.227904	-0.020789	4.323750
87.773591	6926.701384	16.232909	-0.020763	4.322235
87.821233	6921.092150	16.237914	-0.020774	4.320585
87.662441	6915.875219	16.242919	-0.020736	4.319038
87.565181	6910.650802	16.247923	-0.020712	4.317492
87.755312	6905.708786	16.252928	-0.020758	4.316045
87.674797	6900.717582	16.257933	-0.020738	4.314567
87.598543	6895.542268	16.262938	-0.020719	4.313036
87.537380	6890.423063	16.267943	-0.020704	4.311520
87.517338	6885.202851	16.272947	-0.020699	4.309977
87.556569	6880.067373	16.277952	-0.020708	4.308462
87.441630	6874.887738	16.282957	-0.020680	4.306924
87.345601	6870.174024	16.287962	-0.020657	4.305525
87.373083	6864.991199	16.292967	-0.020663	4.303993
87.442467	6859.772773	16.297971	-0.020680	4.302453
87.340615	6854.396608	16.302976	-0.020655	4.300856
87.295746	6849.144517	16.307981	-0.020644	4.299298
87.298246	6843.960200	16.312986	-0.020644	4.297762
87.183109	6839.005369	16.317991	-0.020616	4.296287
87.169824	6833.980355	16.322995	-0.020613	4.294797
87.148704	6828.859634	16.328000	-0.020607	4.293277
87.169828	6823.717997	16.333005	-0.020612	4.291753
87.162769	6818.492019	16.338010	-0.020610	4.290202
87.024056	6813.351797	16.343015	-0.020576	4.288668
86.979969	6808.161856	16.348019	-0.020565	4.287124
87.085600	6803.430750	16.353024	-0.020590	4.285724
87.054853	6798.258649	16.358029	-0.020583	4.284185
87.012946	6793.102089	16.363034	-0.020572	4.282650
86.902762	6787.595157	16.368039	-0.020546	4.281006
86.920950	6782.237970	16.373043	-0.020550	4.279413
86.907155	6777.107009	16.378048	-0.020546	4.277885
86.967967	6772.093646	16.383053	-0.020560	4.276396
86.816053	6767.182369	16.388058	-0.020523	4.274925
86.825710	6762.028235	16.393063	-0.020525	4.273390
86.652645	6756.885756	16.398067	-0.020484	4.271847
86.726567	6751.641398	16.403072	-0.020501	4.270287
86.724345	6746.458510	16.408077	-0.020500	4.268741
86.778125	6741.301292	16.413082	-0.020513	4.267206
86.686444	6736.549232	16.418087	-0.020490	4.265782
86.650704	6731.369889	16.423091	-0.020481	4.264234
86.571310	6726.246802	16.428096	-0.020462	4.262699
86.524425	6720.828933	16.433101	-0.020451	4.261077
86.527434	6715.618658	16.438106	-0.020451	4.259520
86.497002	6710.318601	16.443111	-0.020443	4.257933
86.427854	6705.359806	16.448115	-0.020426	4.256446
86.507621	6700.347997	16.453120	-0.020445	4.254951
86.394412	6695.150940	16.458125	-0.020418	4.253389
86.392938	6690.013490	16.463130	-0.020417	4.251850
86.366063	6684.850504	16.468135	-0.020410	4.250302
86.348138	6679.668929	16.473139	-0.020406	4.248748
86.390671	6674.591059	16.478144	-0.020415	4.247228
86.146045	6669.767264	16.483149	-0.020357	4.245768
86.163164	6664.642741	16.488154	-0.020360	4.244231
86.149859	6659.511400	16.493159	-0.020357	4.242691
86.237382	6653.819657	16.498163	-0.020377	4.240987
86.197521	6648.617361	16.503168	-0.020367	4.239422
86.038733	6643.444240	16.508173	-0.020329	4.237859
86.173975	6638.501564	16.513178	-0.020361	4.236381
86.115545	6633.487128	16.518183	-0.020347	4.234870
86.061809	6628.275367	16.523187	-0.020334	4.233299
85.982775	6623.146212	16.528192	-0.020314	4.231751
85.956019	6617.910261	16.533197	-0.020308	4.230174
85.988556	6612.734169	16.538202	-0.020315	4.228617
86.015523	6607.724789	16.543207	-0.020321	4.227110
85.920246	6602.857065	16.548211	-0.020298	4.225638
85.747342	6597.721454	16.553216	-0.020256	4.224079
85.805317	6592.526115	16.558221	-0.020270	4.222516
85.718546	6587.044353	16.563226	-0.020249	4.220857
85.871830	6581.850855	16.568231	-0.020285	4.219299
85.691493	6576.686299	16.573235	-0.020241	4.217730
85.684861	6571.888655	16.578240	-0.020239	4.216280
85.725937	6566.755769	16.583245	-0.020249	4.214732
85.807637	6561.596128	16.588250	-0.020268	4.213178
85.644664	6556.459557	16.593255	-0.020229	4.211615
85.682483	6551.256599	16.598259	-0.020238	4.210044
85.625466	6546.119610	16.603264	-0.020224	4.208486
85.534039	6541.158384	16.608269	-0.020201	4.206979
85.565455	6536.167566	16.613274	-0.020208	4.205470
85.562602	6531.010081	16.618279	-0.020207	4.203908
85.417003	6525.744607	16.623283	-0.020172	4.202304
85.407494	6520.233977	16.628288	-0.020170	4.200633
85.403651	6515.052792	16.633293	-0.020168	4.199061
85.328100	6509.958712	16.638298	-0.020150	4.197512
85.421838	6505.101550	16.643303	-0.020172	4.196043
85.237780	6499.935966	16.648307	-0.020128	4.194464
85.351168	6494.785470	16.653312	-0.020154	4.192907
85.222806	6489.535741	16.658317	-0.020123	4.191305
85.157463	6484.415259	16.663322	-0.020107	4.189745
85.145622	6479.267614	16.668327	-0.020104	4.188179
85.241318	6474.384852	16.673331	-0.020127	4.186700
85.133313	6469.392388	16.678336	-0.020101	4.185174
85.076392	6464.163949	16.683341	-0.020087	4.183579
84.978369	6458.826774	16.688346	-0.020063	4.181949
85.032741	6453.536202	16.693351	-0.020075	4.180340
84.948589	6448.348982	16.698355	-0.020055	4.178755
84.849283	6443.378748	16.703360	-0.020031	4.177234
84.821408	6438.457535	16.708365	-0.020024	4.175731
85.022238	6433.269405	16.713370	-0.020071	4.174161
84.966363	6428.105762	16.718375	-0.020058	4.172582
84.772876	6422.906140	16.723379	-0.020011	4.170983
84.853578	6417.742695	16.728384	-0.020030	4.169411
84.757285	6412.627809	16.733389	-0.020007	4.167842
84.736888	6407.855116	16.738394	-0.020001	4.166383
84.790035	6402.724282	16.743399	-0.020014	4.164817
84.742722	6397.546091	16.748403	-0.020002	4.163231
84.682677	6391.903164	16.753408	-0.019987	4.161500
84.548161	6386.746633	16.758413	-0.019955	4.159914
84.566388	6381.528822	16.763418	-0.019959	4.158317
84.546354	6376.685495	16.768423	-0.019954	4.156832
84.563786	6371.626534	16.773427	-0.019958	4.155283
84.476204	6366.475520	16.778432	-0.019936	4.153699
84.599668	6361.240244	16.783437	-0.019965	4.152101
84.414470	6356.070140	16.788442	-0.019921	4.150503
84.506555	6350.922472	16.793447	-0.019942	4.148929
84.253992	6345.976383	16.798451	-0.019882	4.147395
84.423188	6340.956224	16.803456	-0.019922	4.145864
84.421305	6335.768215	16.808461	-0.019921	4.144270
84.272540	6330.545879	16.813466	-0.019885	4.142655
84.329022	6325.148093	16.818471	-0.019898	4.140999
84.134615	6320.005150	16.823475	-0.019851	4.139405
84.236643	6314.936087	16.828480	-0.019875	4.137852
84.222682	6310.000890	16.833485	-0.019872	4.136331
84.252253	6304.819479	16.838490	-0.019879	4.134738
84.174562	6299.698292	16.843495	-0.019860	4.133155
84.018847	6294.514923	16.848499	-0.019822	4.131548
84.104129	6289.321109	16.853504	-0.019842	4.129952
84.142070	6284.144969	16.858509	-0.019851	4.128358
84.093897	6279.400068	16.863514	-0.019839	4.126891
84.013358	6274.283217	16.868519	-0.019819	4.125306
83.884377	6269.107464	16.873523	-0.019788	4.123700
83.767266	6263.609018	16.878528	-0.019760	4.121994
83.877169	6258.320108	16.883533	-0.019786	4.120367
83.890822	6253.089239	16.888538	-0.019788	4.118750
83.772827	6248.300092	16.893543	-0.019760	4.117262
83.710881	6243.201618	16.898547	-0.019745	4.115681
83.789412	6238.007822	16.903552	-0.019763	4.114078
83.638728	6232.895180	16.908557	-0.019727	4.112486
83.765067	6227.690568	16.913562	-0.019757	4.110881
83.605319	6222.548567	16.918567	-0.019718	4.109278
83.601277	6217.536810	16.923571	-0.019717	4.107724
83.542493	6212.594547	16.928576	-0.019702	4.106188
83.565980	6207.434018	16.933581	-0.019708	4.104588
83.423303	6202.154731	16.938586	-0.019673	4.102941
83.645607	6196.754345	16.943591	-0.019726	4.101278
83.510310	6191.589402	16.948595	-0.019693	4.099666
83.621520	6186.482293	16.953600	-0.019720	4.098086
83.405817	6181.618156	16.958605	-0.019668	4.096560
83.428166	6176.444859	16.963610	-0.019673	4.094953
83.302079	6171.354359	16.968615	-0.019642	4.093361
83.295823	6166.108761	16.973619	-0.019640	4.091729
83.280012	6160.997572	16.978624	-0.019636	4.090136
83.297313	6155.824410	16.983629	-0.019640	4.088526
83.232985	6151.035825	16.988634	-0.019624	4.087030
83.169021	6145.905432	16.993639	-0.019609	4.085427
83.173453	6140.763920	16.998643	-0.019609	4.083824
82.985235	6135.169999	17.003648	-0.019564	4.082067
83.132813	6129.939060	17.008653	-0.019599	4.080444
83.038263	6124.772356	17.013658	-0.019576	4.078825
82.995887	6119.879756	17.018663	-0.019565	4.077295
83.040615	6114.769107	17.023667	-0.019576	4.075701
83.033829	6109.601237	17.028672	-0.019574	4.074085
82.999727	6104.407155	17.033677	-0.019565	4.072459
82.834177	6099.316345	17.038682	-0.019525	4.070856
82.956497	6094.115809	17.043687	-0.019554	4.069236
82.876110	6089.187854	17.048691	-0.019535	4.067689
82.953079	6084.105414	17.053696	-0.019553	4.066102
82.748115	6079.000033	17.058701	-0.019503	4.064489
82.780710	6073.671897	17.063706	-0.019511	4.062821
82.784708	6068.384759	17.068711	-0.019511	4.061164
82.664420	6063.192417	17.073715	-0.019482	4.059527
82.731457	6058.218686	17.078720	-0.019498	4.057971
82.579808	6053.256791	17.083725	-0.019461	4.056403
82.575071	6048.090186	17.088730	-0.019460	4.054781
82.478132	6042.985698	17.093735	-0.019436	4.053171
82.466666	6037.737242	17.098739	-0.019433	4.051520
82.543505	6032.569697	17.103744	-0.019451	4.049901
82.479689	6027.587520	17.108749	-0.019436	4.048329
82.320393	6022.676945	17.113754	-0.019397	4.046774
82.468229	6017.491586	17.118759	-0.019432	4.045151
82.478935	6012.234003	17.123763	-0.019434	4.043496
82.429506	6006.720746	17.128768	-0.019422	4.041756
82.303505	6001.565679	17.133773	-0.019392	4.040123
82.380050	5996.497778	17.138778	-0.019410	4.038530
82.296566	5991.565523	17.143783	-0.019389	4.036969
82.212102	5986.394054	17.148787	-0.019369	4.035331
82.070203	5981.347574	17.153792	-0.019334	4.033729
82.286059	5976.090223	17.158797	-0.019386	4.032083
82.181542	5970.908562	17.163802	-0.019360	4.030439
82.116384	5965.836273	17.168807	-0.019344	4.028831
82.086868	5960.965797	17.173811	-0.019337	4.027289
82.048153	5955.833695	17.178816	-0.019327	4.025663
82.012294	5950.672497	17.183821	-0.019318	4.024028
81.983204	5945.143225	17.188826	-0.019311	4.022275
82.078457	5939.977316	17.193831	-0.019334	4.020646
82.006634	5934.895226	17.198835	-0.019316	4.019031
81.974855	5930.049936	17.203840	-0.019308	4.017493
81.911619	5924.856848	17.208845	-0.019293	4.015842
81.792673	5919.651195	17.213850	-0.019264	4.014182
81.749038	5914.452369	17.218855	-0.019253	4.012530
81.732819	5909.236099	17.223859	-0.019249	4.010872
81.785003	5904.144022	17.228864	-0.019261	4.009259
81.676296	5899.333858	17.233869	-0.019235	4.007723
81.777358	5894.123398	17.238874	-0.019258	4.006074
81.663869	5889.020705	17.243879	-0.019231	4.004443
81.609888	5883.491416	17.248883	-0.019218	4.002681
81.661439	5878.269592	17.253888	-0.019230	4.001022
81.759067	5873.027319	17.258893	-0.019253	3.999360
81.576964	5868.189026	17.263898	-0.019209	3.997806
81.652330	5863.111449	17.268903	-0.019226	3.996193
81.530681	5857.906742	17.273907	-0.019197	3.994526
81.596319	5852.700326	17.278912	-0.019212	3.992870
81.446879	5847.559777	17.283917	-0.019176	3.991220
81.453925	5842.434769	17.288922	-0.019177	3.989584
81.309633	5837.536923	17.293927	-0.019143	3.988011
81.310275	5832.465306	17.298931	-0.019142	3.986391
81.298805	5827.334867	17.303936	-0.019139	3.984750
81.334261	5821.897697	17.308941	-0.019147	3.983015
81.200032	5816.701414	17.313946	-0.019115	3.981343
81.077355	5811.571204	17.318951	-0.019085	3.979693
81.018871	5806.656527	17.323955	-0.019071	3.978116
81.035130	5801.556154	17.328960	-0.019074	3.976484
81.121242	5796.404801	17.333965	-0.019095	3.974840
81.029516	5791.214082	17.338970	-0.019072	3.973170
81.013651	5786.056890	17.343975	-0.019068	3.971515
80.888982	5780.908828	17.348979	-0.019038	3.969855
81.086538	5776.030792	17.353984	-0.019085	3.968303
80.895268	5770.978161	17.358989	-0.019039	3.966668
80.978685	5765.793367	17.363994	-0.019059	3.965009
80.909998	5760.323086	17.368999	-0.019042	3.963246
80.728629	5755.004955	17.374003	-0.018998	3.961524
80.802562	5749.876469	17.379008	-0.019015	3.959880
80.961009	5744.928698	17.384013	-0.019053	3.958300
80.791649	5739.884323	17.389018	-0.019012	3.956664
80.707028	5734.723825	17.394023	-0.018991	3.954997
80.527237	5729.584290	17.399027	-0.018948	3.953329
80.620420	5724.394372	17.404032	-0.018970	3.951663
80.667882	5719.212690	17.409037	-0.018981	3.949996
80.547160	5714.355316	17.414042	-0.018952	3.948421
80.546079	5709.282295	17.419047	-0.018951	3.946784
80.488022	5704.120337	17.424051	-0.018937	3.945113
80.536537	5698.757543	17.429056	-0.018948	3.943385
80.561763	5693.449509	17.434061	-0.018954	3.941672
80.395087	5688.318010	17.439066	-0.018914	3.940002
80.465679	5683.460259	17.444071	-0.018930	3.938436
80.564911	5678.317347	17.449075	-0.018954	3.936780
80.280664	5673.215170	17.454080	-0.018885	3.935108
80.378100	5668.023951	17.459085	-0.018908	3.933435
80.237069	5662.866929	17.464090	-0.018874	3.931754
80.299906	5657.702134	17.469095	-0.018889	3.930085
80.230492	5652.839105	17.474099	-0.018872	3.928504
80.288444	5647.772028	17.479104	-0.018885	3.926865
80.208797	5642.655494	17.484109	-0.018866	3.925199
80.124861	5637.027606	17.489114	-0.018845	3.923367
80.121643	5631.782570	17.494119	-0.018844	3.921663
79.964489	5626.643831	17.499123	-0.018806	3.919983
80.069373	5621.731050	17.504128	-0.018831	3.918394
80.049258	5616.636560	17.509133	-0.018826	3.916736
80.065507	5611.443134	17.514138	-0.018830	3.915048
79.887081	5606.320784	17.519143	-0.018786	3.913368
79.778458	5601.158443	17.524147	-0.018760	3.911680
79.929210	5595.920957	17.529152	-0.018796	3.909985
79.883901	5591.138067	17.534157	-0.018785	3.908423
79.712357	5586.045074	17.539162	-0.018743	3.906751
79.836386	5580.864997	17.544167	-0.018773	3.905071
79.708491	5575.422371	17.549171	-0.018742	3.903286
79.671821	5570.208795	17.554176	-0.018733	3.901581
79.678930	5565.078616	17.559181	-0.018734	3.899907
79.598111	5560.240541	17.564186	-0.018714	3.898321
79.639222	5555.067954	17.569191	-0.018724	3.896633
79.552441	5549.957493	17.574195	-0.018703	3.894956
79.603985	5544.700204	17.579200	-0.018715	3.893240
79.557436	5539.590065	17.584205	-0.018703	3.891565
79.528951	5534.437126	17.589210	-0.018696	3.889876
79.499891	5529.652526	17.594215	-0.018689	3.888306
79.512447	5524.490021	17.599219	-0.018691	3.886616
79.389867	5519.295118	17.604224	-0.018662	3.884904
79.354094	5513.721522	17.609229	-0.018653	3.883074
79.337991	5508.548588	17.614234	-0.018648	3.881375
79.310998	5503.494465	17.619239	-0.018642	3.879714
79.277888	5498.541785	17.624243	-0.018633	3.878086
79.357196	5493.423555	17.629248	-0.018652	3.876410
79.237099	5488.293216	17.634253	-0.018623	3.874715
79.118229	5483.101289	17.639258	-0.018594	3.872999
79.239919	5477.973610	17.644263	-0.018623	3.871321
79.137932	5472.909596	17.649267	-0.018598	3.869647
79.173686	5467.998963	17.654272	-0.018606	3.868033
79.173458	5462.776234	17.659277	-0.018606	3.866313
78.960515	5457.600718	17.664282	-0.018555	3.864592
79.031364	5452.178296	17.669287	-0.018571	3.862810
79.089459	5446.991178	17.674291	-0.018585	3.861103
79.057501	5442.000630	17.679296	-0.018577	3.859454
78.876196	5437.099713	17.684301	-0.018533	3.857823
78.830722	5431.950145	17.689306	-0.018522	3.856119
78.996232	5426.744966	17.694311	-0.018561	3.854411
78.868694	5421.553292	17.699315	-0.018530	3.852686
78.872164	5416.393918	17.704320	-0.018531	3.850980
78.729781	5411.504652	17.709325	-0.018496	3.849352
78.709060	5406.499510	17.714330	-0.018491	3.847694
78.770623	5401.376142	17.719335	-0.018505	3.846002
78.624909	5395.920244	17.724339	-0.018470	3.844184
78.577757	5390.663186	17.729344	-0.018459	3.842438
78.494081	5385.461040	17.734349	-0.018438	3.840707
78.494076	5380.558484	17.739354	-0.018438	3.839081
78.465068	5375.508443	17.744359	-0.018431	3.837402
78.434044	5370.342622	17.749363	-0.018423	3.835685
78.421247	5365.110153	17.754368	-0.018419	3.833946
78.303035	5360.008239	17.759373	-0.018391	3.832242
78.449303	5354.777241	17.764378	-0.018425	3.830514
78.309305	5349.998335	17.769383	-0.018392	3.828914
78.194092	5344.841561	17.774387	-0.018364	3.827189
78.277981	5339.664378	17.779392	-0.018383	3.825472
78.326407	5334.189227	17.784397	-0.018395	3.823652
78.114147	5329.055161	17.789402	-0.018343	3.821925
78.144474	5323.951560	17.794407	-0.018350	3.820226
78.035919	5319.089646	17.799411	-0.018324	3.818597
78.038610	5313.887338	17.804416	-0.018324	3.816861
78.006207	5308.779558	17.809421	-0.018316	3.815154
77.999969	5303.555010	17.814426	-0.018314	3.813409
78.058895	5298.378691	17.819431	-0.018328	3.811684
78.075717	5293.340382	17.824435	-0.018332	3.810001
77.922533	5288.443982	17.829440	-0.018295	3.808352
77.932531	5283.265171	17.834445	-0.018297	3.806620
77.898176	5277.904899	17.839450	-0.018288	3.804823
77.865256	5272.589718	17.844455	-0.018280	3.803041
77.774345	5267.334124	17.849459	-0.018258	3.801273
77.685126	5262.478261	17.854464	-0.018236	3.799639
77.770505	5257.268888	17.859469	-0.018256	3.797899
77.710771	5252.052397	17.864474	-0.018242	3.796144
77.690130	5246.945603	17.869479	-0.018236	3.794429
77.546974	5241.731718	17.874483	-0.018202	3.792667
77.682296	5236.541726	17.879488	-0.018234	3.790934
77.763889	5231.698904	17.884493	-0.018253	3.789313
77.574528	5226.573334	17.889498	-0.018207	3.787575
77.520779	5221.504301	17.894503	-0.018194	3.785865
77.360161	5215.998495	17.899507	-0.018155	3.784000
77.449013	5210.828172	17.904512	-0.018176	3.782266
77.360900	5205.733464	17.909517	-0.018155	3.780543
77.343054	5200.824932	17.914522	-0.018150	3.778887
77.463403	5195.682031	17.919527	-0.018179	3.777163
77.377033	5190.535561	17.924531	-0.018158	3.775420
77.379531	5185.384813	17.929536	-0.018158	3.773682
77.242000	5180.169008	17.934541	-0.018125	3.771910
77.338919	5175.166600	17.939546	-0.018147	3.770228
77.279066	5170.233199	17.944551	-0.018133	3.768556
77.156628	5165.064481	17.949555	-0.018103	3.766799
77.021353	5159.736948	17.954560	-0.018070	3.764987
77.057477	5154.298458	17.959565	-0.018079	3.763149
77.069328	5149.113463	17.964570	-0.018081	3.761394
76.975003	5144.209878	17.969575	-0.018058	3.759726
76.926793	5139.110808	17.974579	-0.018046	3.757994
76.917876	5133.995757	17.979584	-0.018044	3.756259
76.861018	5128.791172	17.984589	-0.018030	3.754490
76.904110	5123.610848	17.989594	-0.018040	3.752735
76.871886	5118.503803	17.994599	-0.018032	3.750999
76.840809	5113.622159	17.999603	-0.018024	3.749338
76.829322	5108.481858	18.004608	-0.018021	3.747590
76.853109	5103.310019	18.009613	-0.018026	3.745834
76.787130	5097.850493	18.014618	-0.018010	3.743972
76.708595	5092.722232	18.019623	-0.017991	3.742220
76.699413	5087.662688	18.024627	-0.017988	3.740497
76.773294	5082.694170	18.029632	-0.018006	3.738810
76.778373	5077.526904	18.034637	-0.018007	3.737050
76.615230	5072.356615	18.039642	-0.017967	3.735274
76.682855	5067.231754	18.044647	-0.017983	3.733531
76.482046	5062.084404	18.049651	-0.017935	3.731759
76.546844	5057.139624	18.054656	-0.017950	3.730075
76.355159	5052.143953	18.059661	-0.017904	3.728354
76.348484	5046.982992	18.064666	-0.017902	3.726589
76.419266	5041.455728	18.069671	-0.017918	3.724705
76.379128	5036.218265	18.074675	-0.017908	3.722910
76.389382	5031.073628	18.079680	-0.017910	3.721151
76.291509	5026.238550	18.084685	-0.017887	3.719487
76.239205	5021.055073	18.089690	-0.017874	3.717707
76.267670	5015.941580	18.094695	-0.017880	3.715957
76.215374	5010.687499	18.099699	-0.017867	3.714151
76.171747	5005.532208	18.104704	-0.017857	3.712379
76.172779	5000.559828	18.109709	-0.017857	3.710673
76.180538	4995.529969	18.114714	-0.017858	3.708946
76.172645	4990.392576	18.119719	-0.017856	3.707181
76.119148	4985.115852	18.124723	-0.017843	3.705363
76.027226	4979.823598	18.129728	-0.017820	3.703536
76.023345	4974.660119	18.134733	-0.017819	3.701759
75.981531	4969.738432	18.139738	-0.017809	3.700061
75.932223	4964.708401	18.144743	-0.017797	3.698325
75.988530	4959.462739	18.149747	-0.017810	3.696523
75.914463	4954.329323	18.154752	-0.017792	3.694747
75.804817	4949.239430	18.159757	-0.017765	3.692983
75.626484	4944.114044	18.164762	-0.017722	3.691200
75.740364	4939.224671	18.169767	-0.017749	3.689522
75.720685	4934.069174	18.174771	-0.017744	3.687740
75.706838	4928.781094	18.179776	-0.017740	3.685911
75.676948	4923.344165	18.184781	-0.017733	3.684029
75.551020	4918.170235	18.189786	-0.017702	3.682230
75.645378	4913.212479	18.194791	-0.017724	3.680522
75.577374	4908.141527	18.199795	-0.017708	3.678761
75.495714	4902.999689	18.204800	-0.017688	3.676973
75.390205	4897.893095	18.209805	-0.017662	3.675195
75.506970	4892.604489	18.214810	-0.017690	3.673371
75.469799	4887.460526	18.219815	-0.017681	3.671583
75.457863	4882.655718	18.224819	-0.017677	3.669915
75.357766	4877.528076	18.229824	-0.017653	3.668127
75.465501	4872.307406	18.234829	-0.017679	3.666322
75.330992	4866.867075	18.239834	-0.017646	3.664420
75.241687	4861.716795	18.244839	-0.017624	3.662622
75.294276	4856.713600	18.249843	-0.017637	3.660886
75.066616	4851.787153	18.254848	-0.017582	3.659152
75.175665	4846.557338	18.259853	-0.017607	3.657340
75.122237	4841.409402	18.264858	-0.017594	3.655542
75.138879	4836.267777	18.269863	-0.017598	3.653751
75.168559	4831.044087	18.274867	-0.017605	3.651932
75.057807	4826.245901	18.279872	-0.017578	3.650249
75.163680	4821.095612	18.284877	-0.017603	3.648460
74.960985	4815.935416	18.289882	-0.017554	3.646641
74.957121	4810.408407	18.294887	-0.017553	3.644709
74.951540	4805.223099	18.299891	-0.017551	3.642896
74.851218	4800.204213	18.304896	-0.017527	3.641132
74.808038	4795.228412	18.309901	-0.017516	3.639387
74.782448	4790.051076	18.314906	-0.017510	3.637572
74.779685	4784.937645	18.319911	-0.017508	3.635781
74.740573	4779.737555	18.324915	-0.017499	3.633955
74.735375	4774.523880	18.329920	-0.017497	3.632126
74.579306	4769.706995	18.334925	-0.017460	3.630423
74.648003	4764.591682	18.339930	-0.017476	3.628634
74.675491	4759.459515	18.344935	-0.017482	3.626834
74.468686	4754.007332	18.349939	-0.017432	3.624901
74.427258	4748.862539	18.354944	-0.017422	3.623089
74.614226	4743.753667	18.359949	-0.017466	3.621308
74.438553	4738.846149	18.364954	-0.017424	3.619566
74.477975	4733.688442	18.369959	-0.017433	3.617754
74.371899	4728.518149	18.374963	-0.017407	3.615924
74.374564	4723.343561	18.379968	-0.017407	3.614101
74.369450	4718.205343	18.384973	-0.017406	3.612289
74.482480	4713.281620	18.389978	-0.017432	3.610561
74.325752	4708.229566	18.394983	-0.017395	3.608765
74.137761	4703.054229	18.399987	-0.017349	3.606922
74.146518	4697.482020	18.404992	-0.017351	3.604954
74.165560	4692.316518	18.409997	-0.017355	3.603130
74.202676	4687.138621	18.415002	-0.017364	3.601302
74.188165	4682.173540	18.420007	-0.017360	3.599544
74.070111	4677.021936	18.425011	-0.017331	3.597710
74.028568	4671.804071	18.430016	-0.017321	3.595858
74.175784	4666.615843	18.435021	-0.017356	3.594032
74.055424	4661.478950	18.440026	-0.017327	3.592201
74.074954	4656.610513	18.445031	-0.017331	3.590475
73.895634	4651.507293	18.450035	-0.017288	3.588649
73.932637	4646.302735	18.455040	-0.017296	3.586804
73.887192	4640.906695	18.460045	-0.017285	3.584883
73.860438	4635.733764	18.465050	-0.017278	3.583042
73.826380	4630.781193	18.470055	-0.017270	3.581278
73.624165	4625.738167	18.475059	-0.017221	3.579466
73.704886	4620.551080	18.480064	-0.017240	3.577626
73.654411	4615.439200	18.485069	-0.017228	3.575801
73.666579	4610.237461	18.490074	-0.017230	3.573948
73.665970	4605.145731	18.495079	-0.017230	3.572133
73.526168	4600.305237	18.500083	-0.017196	3.570394
73.494877	4595.117710	18.505088	-0.017188	3.568540
73.649863	4589.822284	18.510093	-0.017225	3.566663
73.523153	4584.387665	18.515098	-0.017194	3.564710
73.570419	4579.224835	18.520103	-0.017205	3.562868
73.477753	4574.276366	18.525107	-0.017183	3.561091
73.316929	4569.253911	18.530112	-0.017144	3.559279
73.441018	4564.065128	18.535117	-0.017173	3.557432
73.273178	4558.939869	18.540122	-0.017133	3.555582
73.133391	4553.783403	18.545127	-0.017099	3.553721
73.311799	4548.671894	18.550131	-0.017141	3.551904
73.118666	4543.783732	18.555136	-0.017095	3.550134
72.989939	4538.649078	18.560141	-0.017064	3.548279
73.117700	4533.284080	18.565146	-0.017094	3.546364
73.162423	4528.013757	18.570151	-0.017104	3.544474
73.119601	4522.847830	18.575155	-0.017093	3.542613
73.064270	4517.969746	18.580160	-0.017080	3.540853
72.886483	4512.908586	18.585165	-0.017037	3.539016
73.021306	4507.702181	18.590170	-0.017069	3.537153
72.982293	4502.521785	18.595175	-0.017059	3.535284
73.119018	4497.340231	18.600179	-0.017092	3.533428
72.987025	4492.374528	18.605184	-0.017060	3.531626
72.896733	4487.417455	18.610189	-0.017038	3.529829
72.931318	4482.259758	18.615194	-0.017046	3.527970
72.877832	4476.716291	18.620199	-0.017032	3.525963
72.721106	4471.524751	18.625203	-0.016995	3.524073
72.596401	4466.485153	18.630208	-0.016964	3.522239
72.820025	4461.472494	18.635213	-0.017018	3.520446
72.713326	4456.330164	18.640218	-0.016992	3.518575
72.674413	4451.169349	18.645223	-0.016982	3.516702
72.614391	4445.985572	18.650227	-0.016967	3.514818
72.501323	4440.860920	18.655232	-0.016940	3.512950
72.682757	4435.942327	18.660237	-0.016983	3.511182
72.514601	4430.815333	18.665242	-0.016942	3.509306
72.517511	4425.626765	18.670247	-0.016943	3.507423
72.298651	4420.247498	18.675251	-0.016890	3.505448
72.295139	4415.104053	18.680256	-0.016889	3.503578
72.287864	4410.123909	18.685261	-0.016887	3.501766
72.178428	4405.111977	18.690266	-0.016860	3.499932
72.327011	4399.908407	18.695271	-0.016895	3.498051
72.386435	4394.735999	18.700275	-0.016909	3.496173
72.231517	4389.564631	18.705280	-0.016872	3.494273
72.162426	4384.537131	18.710285	-0.016855	3.492434
72.261528	4379.599954	18.715290	-0.016878	3.490641
72.209777	4374.425438	18.720295	-0.016866	3.488747
72.258143	4369.025997	18.725299	-0.016877	3.486780
72.098313	4363.724814	18.730304	-0.016838	3.484827
71.993689	4358.610740	18.735309	-0.016813	3.482948
71.982135	4353.700313	18.740314	-0.016810	3.481150
71.854452	4348.594125	18.745319	-0.016779	3.479269
71.863645	4343.401603	18.750323	-0.016781	3.477368
71.682276	4338.243090	18.755328	-0.016737	3.475461
71.832322	4333.078502	18.760333	-0.016773	3.473581
71.789491	4328.134792	18.765338	-0.016762	3.471763
71.706349	4323.106965	18.770343	-0.016742	3.469910
71.743271	4317.915445	18.775347	-0.016750	3.468007
71.676721	4312.497344	18.780352	-0.016734	3.466010
71.608898	4307.356053	18.785357	-0.016717	3.464113
71.576792	4302.312041	18.790362	-0.016709	3.462255
71.520780	4297.332789	18.795367	-0.016696	3.460417
71.527761	4292.176622	18.800371	-0.016697	3.458519
71.500843	4287.034443	18.805376	-0.016690	3.456621
71.631616	4281.817728	18.810381	-0.016721	3.454710
71.406563	4276.754494	18.815386	-0.016667	3.452822
71.382430	4271.846752	18.820391	-0.016661	3.451008
71.566506	4266.645972	18.825395	-0.016704	3.449105
71.311517	4261.297211	18.830400	-0.016643	3.447105
71.261874	4255.972729	18.835405	-0.016631	3.445132
71.429830	4250.756096	18.840410	-0.016671	3.443218
71.404719	4245.872410	18.845415	-0.016664	3.441408
71.245637	4240.760869	18.850419	-0.016626	3.439500
71.286595	4235.601940	18.855424	-0.016635	3.437593
71.257440	4230.416641	18.860429	-0.016628	3.435667
71.182149	4225.257001	18.865434	-0.016610	3.433747
71.243181	4220.331127	18.870439	-0.016624	3.431924
71.088694	4215.297458	18.875443	-0.016587	3.430040
71.059174	4210.117825	18.880448	-0.016579	3.428113
70.923536	4204.645093	18.885453	-0.016546	3.426066
70.908980	4199.372011	18.890458	-0.016542	3.424103
70.886373	4194.435269	18.895463	-0.016537	3.422263
70.851138	4189.428159	18.900467	-0.016528	3.420396
70.887178	4184.236273	18.905472	-0.016536	3.418465
70.772890	4179.101852	18.910477	-0.016509	3.416540
70.854453	4173.885697	18.915482	-0.016528	3.414602
70.851744	4168.857223	18.920487	-0.016527	3.412725
70.794715	4163.884782	18.925491	-0.016513	3.410863
70.721464	4158.750516	18.930496	-0.016495	3.408937
70.758607	4153.263469	18.935501	-0.016503	3.406889
70.635121	4148.036379	18.940506	-0.016473	3.404922
70.552258	4142.945309	18.945511	-0.016453	3.403009
70.531959	4138.050175	18.950515	-0.016448	3.401174
70.626774	4132.858917	18.955520	-0.016470	3.399238
70.372874	4127.754839	18.960525	-0.016409	3.397300
70.347941	4122.581281	18.965530	-0.016403	3.395356
70.335799	4117.446466	18.970535	-0.016400	3.393428
70.349650	4112.577116	18.975539	-0.016403	3.391601
70.276966	4107.440406	18.980544	-0.016385	3.389664
70.226668	4102.186306	18.985549	-0.016373	3.387683
70.115677	4096.844003	18.990554	-0.016346	3.385663
70.156746	4091.699327	18.995559	-0.016355	3.383730
70.140535	4086.847555	19.000563	-0.016351	3.381901
70.141210	4081.662735	19.005568	-0.016351	3.379948
70.128249	4076.552328	19.010573	-0.016347	3.378019
70.142243	4071.322021	19.015578	-0.016350	3.376048
70.038254	4066.213896	19.020583	-0.016325	3.374109
69.983656	4061.323142	19.025587	-0.016312	3.372256
69.966816	4056.209720	19.030592	-0.016307	3.370322
70.017810	4050.980060	19.035597	-0.016319	3.368350
69.875717	4045.520794	19.040602	-0.016285	3.366270
69.915425	4040.364649	19.045607	-0.016294	3.364322
69.939295	4035.371322	19.050611	-0.016299	3.362433
69.871716	4030.311593	19.055616	-0.016283	3.360509
69.825868	4025.193155	19.060621	-0.016271	3.358563
69.694496	4020.001331	19.065626	-0.016240	3.356580
69.770888	4014.801921	19.070631	-0.016258	3.354613
69.861507	4009.837589	19.075635	-0.016279	3.352736
69.732688	4004.797081	19.080640	-0.016248	3.350808
69.614384	3999.682921	19.085645	-0.016219	3.348851
69.467893	3994.260160	19.090650	-0.016184	3.346773
69.467368	3989.093554	19.095655	-0.016183	3.344805
69.574540	3984.079518	19.100659	-0.016209	3.342905
69.376440	3979.087732	19.105664	-0.016161	3.340982
69.268374	3973.974650	19.110669	-0.016135	3.339021
69.353788	3968.714086	19.115674	-0.016155	3.337022
69.396325	3963.544711	19.120679	-0.016165	3.335052
69.426560	3958.535148	19.125683	-0.016171	3.333141
69.380333	3953.568945	19.130688	-0.016160	3.331237
69.253301	3948.441659	19.135693	-0.016129	3.329263
69.212051	3942.939438	19.140698	-0.016119	3.327152
69.308801	3937.699346	19.145703	-0.016142	3.325155
69.078158	3932.748075	19.150707	-0.016086	3.323234
69.024182	3927.763796	19.155712	-0.016073	3.321317
69.139983	3922.584754	19.160717	-0.016100	3.319341
69.074117	3917.377806	19.165722	-0.016084	3.317335
68.936918	3912.278154	19.170727	-0.016051	3.315362
68.928406	3907.224753	19.175731	-0.016049	3.313419
68.858111	3902.253926	19.180736	-0.016032	3.311500
68.889549	3897.111535	19.185741	-0.016039	3.309524
68.905220	3891.657056	19.190746	-0.016042	3.307425
68.848456	3886.472216	19.195751	-0.016028	3.305421
68.812547	3881.440438	19.200755	-0.016019	3.303478
68.762370	3876.456670	19.205760	-0.016007	3.301550
68.743633	3871.342994	19.210765	-0.016002	3.299574
68.708505	3866.150275	19.215770	-0.015993	3.297564
68.740081	3860.953545	19.220775	-0.016000	3.295559
68.720089	3855.924558	19.225779	-0.015995	3.293612
68.641248	3850.980309	19.230784	-0.015976	3.291691
68.556735	3845.910703	19.235789	-0.015956	3.289719
68.614107	3840.334410	19.240794	-0.015969	3.287565
68.585242	3835.109098	19.245799	-0.015962	3.285536
68.508027	3830.048728	19.250803	-0.015943	3.283565
68.466818	3825.050193	19.255808	-0.015933	3.281621
68.455921	3819.954955	19.260813	-0.015930	3.279641
68.485302	3814.712329	19.265818	-0.015936	3.277607
68.428931	3809.619396	19.270823	-0.015923	3.275620
68.323015	3804.576472	19.275827	-0.015897	3.273647
68.334619	3799.584650	19.280832	-0.015899	3.271705
68.252681	3794.447694	19.285837	-0.015879	3.269696
68.175229	3788.954040	19.290842	-0.015860	3.267546
68.043248	3783.769845	19.295847	-0.015829	3.265510
68.020623	3778.771617	19.300851	-0.015823	3.263557
68.204288	3773.686865	19.305856	-0.015866	3.261591
68.109595	3768.585321	19.310861	-0.015843	3.259587
68.012557	3763.379027	19.315866	-0.015820	3.257541
67.785563	3758.299387	19.320871	-0.015765	3.255530
67.890835	3753.251151	19.325875	-0.015790	3.253565
67.789957	3748.247632	19.330880	-0.015766	3.251594
67.830259	3743.083522	19.335885	-0.015775	3.249574
67.710163	3737.579720	19.340890	-0.015746	3.247403
67.640583	3732.457319	19.345895	-0.015729	3.245385
67.815637	3727.397993	19.350899	-0.015770	3.243417
67.609976	3722.392336	19.355904	-0.015721	3.241428
67.598666	3717.259010	19.360909	-0.015718	3.239408
67.501449	3712.053634	19.365914	-0.015694	3.237350
67.554497	3706.890446	19.370919	-0.015706	3.235323
67.474759	3701.945265	19.375923	-0.015687	3.233366
67.505638	3696.917890	19.380928	-0.015694	3.231388
67.457235	3691.709216	19.385933	-0.015682	3.229328
67.400294	3686.373340	19.390938	-0.015668	3.227216
67.420659	3681.190818	19.395943	-0.015673	3.225172
67.425571	3676.256614	19.400947	-0.015673	3.223222
67.466285	3671.108147	19.405952	-0.015683	3.221191
67.338556	3666.017088	19.410957	-0.015652	3.219163
67.143112	3660.895567	19.415962	-0.015605	3.217114
66.989709	3655.746330	19.420967	-0.015568	3.215058
67.073935	3650.845559	19.425971	-0.015588	3.213124
66.969129	3645.740012	19.430976	-0.015562	3.211087
66.972002	3640.514236	19.435981	-0.015562	3.209014
66.884331	3635.143501	19.440986	-0.015541	3.206871
67.028904	3629.972566	19.445991	-0.015575	3.204831
66.904377	3625.079517	19.450995	-0.015545	3.202872
67.010938	3619.891535	19.456000	-0.015570	3.200819
67.072867	3614.714246	19.461005	-0.015585	3.198764
66.833020	3609.593230	19.466010	-0.015527	3.196698
66.847058	3604.475528	19.471015	-0.015530	3.194659
66.926956	3599.519190	19.476019	-0.015549	3.192690
66.783125	3594.379680	19.481024	-0.015514	3.190622
66.701137	3589.079862	19.486029	-0.015494	3.188496
66.545344	3583.834936	19.491034	-0.015457	3.186383
66.519401	3578.835164	19.496039	-0.015450	3.184380
66.514650	3573.852266	19.501043	-0.015449	3.182385
66.477549	3568.671698	19.506048	-0.015439	3.180306
66.573635	3563.504928	19.511053	-0.015462	3.178246
66.407238	3558.322820	19.516058	-0.015422	3.176149
66.531153	3553.335586	19.521063	-0.015451	3.174162
66.488385	3548.323113	19.526067	-0.015440	3.172144
66.273115	3543.154379	19.531072	-0.015389	3.170044
66.406111	3537.633927	19.536077	-0.015420	3.167839
66.312651	3532.494111	19.541082	-0.015397	3.165760
66.292752	3527.515089	19.546087	-0.015392	3.163754
66.139583	3522.474242	19.551091	-0.015355	3.161706
66.186493	3517.282051	19.556096	-0.015366	3.159618
66.187791	3512.095714	19.561101	-0.015366	3.157526
66.164085	3506.924306	19.566106	-0.015360	3.155436
65.949240	3502.124771	19.571111	-0.015308	3.153473
66.090578	3496.945637	19.576115	-0.015342	3.151395
65.992011	3491.643598	19.581120	-0.015318	3.149240
65.932562	3486.415448	19.586125	-0.015303	3.147117
66.001244	3481.246559	19.591130	-0.015319	3.145031
66.050644	3476.315080	19.596135	-0.015331	3.143038
65.859242	3471.208228	19.601139	-0.015285	3.140946
65.796876	3466.033199	19.606144	-0.015269	3.138839
65.813294	3460.851505	19.611149	-0.015273	3.136737
65.701131	3455.852321	19.616154	-0.015246	3.134693
65.814633	3450.869462	19.621159	-0.015273	3.132679
65.649581	3445.732626	19.626163	-0.015233	3.130571
65.637909	3440.157668	19.631168	-0.015230	3.128299
65.586471	3435.018999	19.636173	-0.015217	3.126200
65.534706	3430.027031	19.641178	-0.015204	3.124159
65.646042	3424.830350	19.646183	-0.015231	3.122051
65.628077	3419.698095	19.651187	-0.015226	3.119954
65.460618	3414.483834	19.656192	-0.015185	3.117805
65.410573	3409.366711	19.661197	-0.015173	3.115707
65.472995	3404.434763	19.666202	-0.015188	3.113696
65.440516	3399.340134	19.671207	-0.015180	3.111607
65.319275	3394.054884	19.676211	-0.015150	3.109428
65.352104	3388.755805	19.681216	-0.015158	3.107260
65.177435	3383.729455	19.686221	-0.015116	3.105178
65.240581	3378.716591	19.691226	-0.015130	3.103127
65.158098	3373.617516	19.696231	-0.015110	3.101023
65.162414	3368.431015	19.701235	-0.015111	3.098892
65.107651	3363.255391	19.706240	-0.015098	3.096757
65.086005	3358.270529	19.711245	-0.015092	3.094703
65.210275	3353.219608	19.716250	-0.015121	3.092636
64.947013	3348.094325	19.721255	-0.015058	3.090494
64.976673	3342.601373	19.726259	-0.015065	3.088232
64.965804	3337.420863	19.731264	-0.015062	3.086092
64.811793	3332.527892	19.736269	-0.015025	3.084053
64.837162	3327.403216	19.741274	-0.015030	3.081938
64.971949	3322.210779	19.746279	-0.015062	3.079806
64.545566	3317.141520	19.751283	-0.014960	3.077659
64.553253	3312.019610	19.756288	-0.014961	3.075539
64.778627	3307.058046	19.761293	-0.015015	3.073508
64.753625	3301.861846	19.766298	-0.015009	3.071350
64.676519	3296.530477	19.771303	-0.014990	3.069129
64.550917	3291.343554	19.776307	-0.014959	3.066960
64.526602	3286.325742	19.781312	-0.014953	3.064872
64.625323	3281.303928	19.786317	-0.014977	3.062794
64.554039	3276.144873	19.791322	-0.014959	3.060639
64.470725	3270.954638	19.796327	-0.014939	3.058468
64.390199	3265.832490	19.801331	-0.014919	3.056324
64.403387	3260.935369	19.806336	-0.014922	3.054283
64.540982	3255.800961	19.811341	-0.014955	3.052156
64.313355	3250.467725	19.816346	-0.014900	3.049902
64.116818	3245.204474	19.821351	-0.014852	3.047679
64.198512	3240.071410	19.826355	-0.014872	3.045542
64.138711	3235.121870	19.831360	-0.014857	3.043463
64.120131	3230.000959	19.836365	-0.014852	3.041316
64.114329	3224.792959	19.841370	-0.014850	3.039133
64.128329	3219.614377	19.846375	-0.014853	3.036962
64.088584	3214.642740	19.851379	-0.014844	3.034871
64.152942	3209.555304	19.856384	-0.014859	3.032741
64.040104	3204.346881	19.861389	-0.014831	3.030539
64.038931	3198.981704	19.866394	-0.014831	3.028282
64.030185	3193.848042	19.871399	-0.014828	3.026120
63.849055	3189.023802	19.876403	-0.014785	3.024066
63.761810	3183.832130	19.881408	-0.014763	3.021868
63.675835	3178.707541	19.886413	-0.014742	3.019696
63.635490	3173.518331	19.891418	-0.014732	3.017500
63.700669	3168.497358	19.896423	-0.014748	3.015387
63.718682	3163.474764	19.901427	-0.014752	3.013266
63.672747	3158.277569	19.906432	-0.014740	3.011062
63.507669	3152.889431	19.911437	-0.014700	3.008761
63.572132	3147.673205	19.916442	-0.014715	3.006558
63.633879	3142.733148	19.921447	-0.014730	3.004471
63.610020	3137.602313	19.926451	-0.014724	3.002292
63.504065	3132.449263	19.931456	-0.014698	3.000091
63.504345	3127.284571	19.936461	-0.014698	2.997896
63.370256	3122.238152	19.941466	-0.014665	2.995735
63.298831	3117.275174	19.946471	-0.014648	2.993614
63.387367	3112.116363	19.951475	-0.014669	2.991428
63.216355	3106.646234	19.956480	-0.014628	2.989076
63.209387	3101.503345	19.961485	-0.014626	2.986882
63.255990	3096.525944	19.966490	-0.014636	2.984763
63.098159	3091.464865	19.971495	-0.014598	2.982583
63.207380	3086.304450	19.976499	-0.014624	2.980390
63.098211	3081.155311	19.981504	-0.014598	2.978175
63.111471	3076.099813	19.986509	-0.014600	2.976012
62.985441	3071.164223	19.991514	-0.014570	2.973883
62.962775	3065.995227	19.996519	-0.014564	2.971664
62.994504	3060.452286	20.001523	-0.014571	2.969291
62.846875	3055.310277	20.006528	-0.014536	2.967065
62.790377	3050.403279	20.011533	-0.014522	2.964950
62.700123	3045.292431	20.016538	-0.014500	2.962741
62.761365	3040.113801	20.021543	-0.014514	2.960520
62.759849	3034.912780	20.026547	-0.014513	2.958281
62.606097	3029.836784	20.031552	-0.014476	2.956074
62.807129	3024.827273	20.036557	-0.014524	2.953939
62.735062	3019.637790	20.041562	-0.014506	2.951691
62.504589	3014.322137	20.046567	-0.014451	2.949366
62.492858	3009.166070	20.051571	-0.014448	2.947136
62.492765	3004.202482	20.056576	-0.014447	2.944989
62.583709	2999.069294	20.061581	-0.014469	2.942778
62.445850	2993.934332	20.066586	-0.014436	2.940537
62.371286	2988.780838	20.071591	-0.014417	2.938293
62.368046	2983.753945	20.076595	-0.014416	2.936112
62.334401	2978.775473	20.081600	-0.014408	2.933946
62.275981	2973.603124	20.086605	-0.014393	2.931692
62.157907	2968.141931	20.091610	-0.014365	2.929302
62.134485	2962.964171	20.096615	-0.014359	2.927046
62.099526	2958.061009	20.101619	-0.014350	2.924906
62.164638	2952.919935	20.106624	-0.014365	2.922673
62.003613	2947.837258	20.111629	-0.014327	2.920436
62.048955	2942.601051	20.116634	-0.014337	2.918156
62.079570	2937.582470	20.121639	-0.014344	2.915968
62.063006	2932.574843	20.126643	-0.014340	2.913776
61.978925	2927.363678	20.131648	-0.014319	2.911486
61.960876	2922.024955	20.136653	-0.014315	2.909146
61.875406	2916.886644	20.141658	-0.014294	2.906883
61.819473	2911.968689	20.146663	-0.014280	2.904719
61.914573	2906.803065	20.151667	-0.014302	2.902464
61.818786	2901.631331	20.156672	-0.014279	2.900181
61.585122	2896.528518	20.161677	-0.014223	2.897908
61.644227	2891.522288	20.166682	-0.014237	2.895713
61.659611	2886.418380	20.171687	-0.014240	2.893468
61.513650	2881.155588	20.176691	-0.014205	2.891131
61.438805	2875.789432	20.181696	-0.014187	2.888755
61.447408	2870.737251	20.186701	-0.014188	2.886526
61.458076	2865.725108	20.191706	-0.014190	2.884314
61.421008	2860.578173	20.196711	-0.014181	2.882034
61.347959	2855.422510	20.201715	-0.014163	2.879744
61.328018	2850.233676	20.206720	-0.014158	2.877445
61.320885	2845.347444	20.211725	-0.014156	2.875279
61.267686	2840.186921	20.216730	-0.014143	2.872984
61.136364	2834.877494	20.221735	-0.014111	2.870611
61.106519	2829.669422	20.226739	-0.014104	2.868294
61.127716	2824.667638	20.231744	-0.014109	2.866074
61.007746	2819.633730	20.236749	-0.014080	2.863819
61.009408	2814.480012	20.241754	-0.014080	2.861525
61.010211	2809.279542	20.246759	-0.014079	2.859208
60.995137	2804.162110	20.251763	-0.014076	2.856924
60.949369	2799.245866	20.256768	-0.014064	2.854725
60.952533	2794.073848	20.261773	-0.014065	2.852415
60.831221	2788.640809	20.266778	-0.014035	2.849971
60.878957	2783.462980	20.271783	-0.014046	2.847661
60.860475	2778.510861	20.276787	-0.014042	2.845442
60.660565	2773.438147	20.281792	-0.013993	2.843143
60.697100	2768.234923	20.286797	-0.014002	2.840814
60.627476	2763.080976	20.291802	-0.013985	2.838492
60.899466	2757.955445	20.296807	-0.014049	2.836226
60.619804	2752.997145	20.301811	-0.013982	2.833960
60.563873	2747.728925	20.306816	-0.013968	2.831583
60.495583	2742.486113	20.311821	-0.013952	2.829213
60.502557	2737.402200	20.316826	-0.013953	2.826923
60.399216	2732.411571	20.321831	-0.013928	2.824659
60.466815	2727.249574	20.326835	-0.013944	2.822338
60.335151	2722.100678	20.331840	-0.013912	2.819994
60.306099	2716.978378	20.336845	-0.013905	2.817675
60.273207	2712.056624	20.341850	-0.013897	2.815444
60.270166	2706.922557	20.346855	-0.013895	2.813118
60.313482	2701.410695	20.351859	-0.013905	2.810626
60.127355	2696.269923	20.356864	-0.013861	2.808269
60.097986	2691.280463	20.361869	-0.013853	2.806000
60.127344	2686.205601	20.366874	-0.013860	2.803698
60.008253	2681.056570	20.371879	-0.013831	2.801341
60.108683	2675.847767	20.376883	-0.013855	2.798984
60.000309	2670.833123	20.381888	-0.013828	2.796685
60.000714	2665.821295	20.386893	-0.013828	2.794400
59.823046	2660.635738	20.391898	-0.013785	2.792010
59.942610	2655.253992	20.396903	-0.013814	2.789569
59.822742	2650.244791	20.401907	-0.013785	2.787263
59.749049	2645.252722	20.406912	-0.013767	2.784970
59.666869	2640.083948	20.411917	-0.013747	2.782593
59.681496	2634.892294	20.416922	-0.013750	2.780216
59.663712	2629.739859	20.421927	-0.013745	2.777851
59.523434	2624.880416	20.426931	-0.013711	2.775601
59.489585	2619.716205	20.431936	-0.013703	2.773224
59.528401	2614.252494	20.436941	-0.013712	2.770718
59.549845	2609.073510	20.441946	-0.013716	2.768337
59.370404	2604.151791	20.446951	-0.013673	2.766046
59.506407	2598.991486	20.451955	-0.013705	2.763686
59.369257	2593.832229	20.456960	-0.013672	2.761287
59.338421	2588.694540	20.461965	-0.013664	2.758911
59.308669	2583.721006	20.466970	-0.013657	2.756608
59.253320	2578.649964	20.471975	-0.013643	2.754255
59.369112	2573.332063	20.476979	-0.013671	2.751810
59.235708	2568.096496	20.481984	-0.013638	2.749365
59.145575	2563.082881	20.486989	-0.013617	2.747028
59.065781	2558.098730	20.491994	-0.013597	2.744704
59.095250	2552.932381	20.496999	-0.013604	2.742308
59.010330	2547.768451	20.502003	-0.013583	2.739895
58.985981	2542.692941	20.507008	-0.013577	2.737530
59.010091	2537.714545	20.512013	-0.013582	2.735215
58.893350	2532.500637	20.517018	-0.013554	2.732768
58.845326	2527.074934	20.522023	-0.013542	2.730230
58.882169	2521.902188	20.527027	-0.013551	2.727819
58.762514	2516.963124	20.532032	-0.013522	2.725494
58.799531	2511.830636	20.537037	-0.013530	2.723098
58.756419	2506.624692	20.542042	-0.013520	2.720655
58.639261	2501.513567	20.547047	-0.013491	2.718243
58.573115	2496.637224	20.552051	-0.013475	2.715946
58.525601	2491.462979	20.557056	-0.013463	2.713510
58.396679	2486.105336	20.562061	-0.013432	2.710975
58.520614	2480.920973	20.567066	-0.013461	2.708554
58.365763	2476.011899	20.572071	-0.013424	2.706221
58.441712	2470.877459	20.577075	-0.013442	2.703813
58.292304	2465.721368	20.582080	-0.013406	2.701360
58.395665	2460.512486	20.587085	-0.013430	2.698916
58.300328	2455.589362	20.592090	-0.013407	2.696577
58.195440	2450.513060	20.597095	-0.013382	2.694162
58.095581	2445.162921	20.602099	-0.013357	2.691616
58.095935	2439.912185	20.607104	-0.013357	2.689128
58.117062	2434.933821	20.612109	-0.013362	2.686771
58.034502	2429.824076	20.617114	-0.013342	2.684334
58.025832	2424.663204	20.622119	-0.013339	2.681881
57.945702	2419.493190	20.627123	-0.013320	2.679412
57.923889	2414.530697	20.632128	-0.013314	2.677047
57.937085	2409.388397	20.637133	-0.013317	2.674600
57.842188	2404.115909	20.642138	-0.013294	2.672073
57.794369	2398.885225	20.647143	-0.013282	2.669570
57.750032	2393.907333	20.652147	-0.013271	2.667186
57.733337	2388.828283	20.657152	-0.013267	2.664755
57.704150	2383.671573	20.662157	-0.013259	2.662284
57.643845	2378.509548	20.667162	-0.013245	2.659803
57.615263	2373.515900	20.672167	-0.013238	2.657405
57.442641	2368.508671	20.677171	-0.013196	2.654977
57.487032	2363.157635	20.682176	-0.013206	2.652413
57.512462	2357.835025	20.687181	-0.013212	2.649858
57.336881	2352.871037	20.692186	-0.013170	2.647444
57.473368	2347.726804	20.697191	-0.013202	2.644987
57.251342	2342.652868	20.702195	-0.013148	2.642508
57.359984	2337.420217	20.707200	-0.013174	2.639999
57.376453	2332.425644	20.712205	-0.013178	2.637589
57.297814	2327.380330	20.717210	-0.013158	2.635138
57.133855	2322.132926	20.722215	-0.013119	2.632575
56.989467	2316.926959	20.727219	-0.013084	2.630032
57.139184	2311.861751	20.732224	-0.013119	2.627599
57.118691	2306.755941	20.737229	-0.013114	2.625118
57.041662	2301.607645	20.742234	-0.013095	2.622606
57.005343	2296.438102	20.747239	-0.013086	2.620087
56.976344	2291.455653	20.752243	-0.013079	2.617658
56.832129	2286.411490	20.757248	-0.013044	2.615179
56.820562	2281.081755	20.762253	-0.013041	2.612579
56.728536	2275.821558	20.767258	-0.013019	2.609998
56.742080	2270.819832	20.772263	-0.013022	2.607556
56.757413	2265.730026	20.777267	-0.013025	2.605070
56.738720	2260.567187	20.782272	-0.013020	2.602540
56.649969	2255.423819	20.787277	-0.012999	2.600006
56.713952	2250.434378	20.792282	-0.013014	2.597569
56.417601	2245.414426	20.797287	-0.012942	2.595060
56.538729	2240.051479	20.802291	-0.012971	2.592443
56.412319	2234.869068	20.807296	-0.012940	2.589875
56.492092	2229.869438	20.812301	-0.012959	2.587425
56.380338	2224.801266	20.817306	-0.012932	2.584911
56.360082	2219.646417	20.822311	-0.012927	2.582365
56.283294	2214.509287	20.827315	-0.012908	2.579816
56.263326	2209.523001	20.832320	-0.012903	2.577349
56.224943	2204.400207	20.837325	-0.012893	2.574808
56.131668	2199.046722	20.842330	-0.012871	2.572143
56.053711	2193.873185	20.847335	-0.012852	2.569566
56.091611	2188.925441	20.852339	-0.012860	2.567117
56.056202	2183.745218	20.857344	-0.012852	2.564538
55.922338	2178.619698	20.862349	-0.012819	2.561969
55.848885	2173.478575	20.867354	-0.012801	2.559399
55.789811	2168.534563	20.872359	-0.012787	2.556926
55.902886	2163.337654	20.877363	-0.012814	2.554352
55.774506	2158.029180	20.882368	-0.012782	2.551682
55.839260	2152.892410	20.887373	-0.012798	2.549125
55.679258	2147.962109	20.892378	-0.012759	2.546634
55.675264	2142.786604	20.897383	-0.012758	2.544042
55.649594	2137.632412	20.902387	-0.012751	2.541454
55.652699	2132.545163	20.907392	-0.012752	2.538902
55.589035	2127.553265	20.912397	-0.012736	2.536385
55.514227	2122.302622	20.917402	-0.012718	2.533733
55.565960	2116.886896	20.922407	-0.012730	2.531016
55.522076	2111.856793	20.927411	-0.012719	2.528475
55.316747	2106.852420	20.932416	-0.012669	2.525919
55.266455	2101.727275	20.937421	-0.012657	2.523323
55.291035	2096.507025	20.942426	-0.012663	2.520689
55.113376	2091.564682	20.947431	-0.012620	2.518161
55.155713	2086.492860	20.952435	-0.012630	2.515599
55.141166	2081.169937	20.957440	-0.012626	2.512898
55.043307	2075.989917	20.962445	-0.012602	2.510254
54.993037	2071.010678	20.967450	-0.012590	2.507717
54.967268	2065.888368	20.972455	-0.012583	2.505108
55.014819	2060.739706	20.977459	-0.012594	2.502494
54.917166	2055.594438	20.982464	-0.012570	2.499857
54.912945	2050.680630	20.987469	-0.012569	2.497350
54.807171	2045.466697	20.992474	-0.012543	2.494670
54.728650	2040.060719	20.997479	-0.012524	2.491894
54.668248	2034.989272	21.002483	-0.012509	2.489289
54.663944	2029.946780	21.007488	-0.012508	2.486705
54.641347	2024.781074	21.012493	-0.012502	2.484053
54.623035	2019.596766	21.017498	-0.012498	2.481388
54.667473	2014.524720	21.022503	-0.012508	2.478789
54.685267	2009.489943	21.027507	-0.012512	2.476201
54.291877	2004.313272	21.032512	-0.012417	2.473472
54.371601	1999.054217	21.037517	-0.012436	2.470773
54.263163	1994.085508	21.042522	-0.012410	2.468191
54.314937	1988.961405	21.047527	-0.012422	2.465552
54.319524	1983.799313	21.052531	-0.012422	2.462883
54.265040	1978.652576	21.057536	-0.012409	2.460209
54.193129	1973.732720	21.062541	-0.012392	2.457647
54.272586	1968.504199	21.067546	-0.012410	2.454947
54.087161	1963.180059	21.072551	-0.012366	2.452151
54.129183	1958.050215	21.077555	-0.012375	2.449490
54.013521	1953.054817	21.082560	-0.012347	2.446870
54.039270	1947.883336	21.087565	-0.012353	2.444179
54.059997	1942.700570	21.092570	-0.012358	2.441478
53.833441	1937.712640	21.097575	-0.012303	2.438835
53.772021	1932.677134	21.102579	-0.012288	2.436192
53.706407	1927.383809	21.107584	-0.012272	2.433410
53.725870	1922.173391	21.112589	-0.012276	2.430683
53.682805	1917.230229	21.117594	-0.012266	2.428082
53.664310	1912.070491	21.122599	-0.012261	2.425369
53.626474	1906.933900	21.127603	-0.012251	2.422662
53.568465	1901.829877	21.132608	-0.012237	2.419965
53.592058	1896.843202	21.137613	-0.012243	2.417341
53.476100	1891.611125	21.142618	-0.012214	2.414561
53.412442	1886.281508	21.147623	-0.012199	2.411736
53.427165	1881.265906	21.152627	-0.012202	2.409086
53.319197	1876.175798	21.157632	-0.012176	2.406373
53.259151	1871.066047	21.162637	-0.012161	2.403655
53.200016	1865.858032	21.167642	-0.012147	2.400882
53.214615	1860.871515	21.172647	-0.012150	2.398235
53.215709	1855.723730	21.177651	-0.012150	2.395498
53.160565	1850.395976	21.182656	-0.012136	2.392652
53.097976	1845.325425	21.187661	-0.012121	2.389939
53.132070	1840.290556	21.192666	-0.012129	2.387258
53.125878	1835.142385	21.197671	-0.012127	2.384506
52.913747	1830.019357	21.202675	-0.012076	2.381730
52.826291	1825.058960	21.207680	-0.012054	2.379059
52.834204	1819.960721	21.212685	-0.012056	2.376327
52.791783	1814.573592	21.217690	-0.012045	2.373429
52.784903	1809.398928	21.222695	-0.012043	2.370647
52.817375	1804.406613	21.227699	-0.012051	2.367967
52.629952	1799.266200	21.232704	-0.012006	2.365166
52.581301	1794.117956	21.237709	-0.011994	2.362381
52.579831	1789.048357	21.242714	-0.011993	2.359644
52.541270	1783.993263	21.247719	-0.011983	2.356905
52.554634	1778.704116	21.252723	-0.011986	2.354045
52.478389	1773.494259	21.257728	-0.011968	2.351209
52.425249	1768.564636	21.262733	-0.011955	2.348526
52.415514	1763.417424	21.267738	-0.011952	2.345729
52.283785	1758.267623	21.272743	-0.011920	2.342906
52.418154	1753.152136	21.277747	-0.011952	2.340145
52.186584	1748.211181	21.282752	-0.011896	2.337412
52.220790	1742.884251	21.287757	-0.011904	2.334511
52.091933	1737.623131	21.292762	-0.011873	2.331614
52.085029	1732.631386	21.297767	-0.011871	2.328882
52.041273	1727.536499	21.302771	-0.011860	2.326084
51.924053	1722.375094	21.307776	-0.011832	2.323234
51.881370	1717.259902	21.312781	-0.011821	2.320418
51.874308	1712.242849	21.317786	-0.011819	2.317659
51.889407	1706.963882	21.322791	-0.011822	2.314757
51.848766	1701.734570	21.327795	-0.011812	2.311868
51.833179	1696.742155	21.332800	-0.011808	2.309111
51.807829	1691.632592	21.337805	-0.011802	2.306284
51.604391	1686.533667	21.342810	-0.011753	2.303428
51.685529	1681.417230	21.347815	-0.011772	2.300609
51.608672	1676.444660	21.352819	-0.011753	2.297839
51.498680	1671.156025	21.357824	-0.011726	2.294884
51.603686	1665.833557	21.362829	-0.011751	2.291944
51.330493	1660.943794	21.367834	-0.011685	2.289174
51.301943	1655.814328	21.372839	-0.011678	2.286311
51.400998	1650.587068	21.377843	-0.011702	2.283412
51.358122	1645.497493	21.382848	-0.011691	2.280562
51.269482	1640.500996	21.387853	-0.011669	2.277751
51.233080	1635.251262	21.392858	-0.011660	2.274805
51.132435	1630.039615	21.397863	-0.011636	2.271864
51.274720	1625.050737	21.402867	-0.011670	2.269089
51.057352	1619.941541	21.407872	-0.011617	2.266178
50.990092	1614.806714	21.412877	-0.011601	2.263275
50.941200	1609.753965	21.417882	-0.011589	2.260419
50.995900	1604.711514	21.422887	-0.011602	2.257584
50.866551	1599.389394	21.427891	-0.011570	2.254553
50.663112	1594.215352	21.432896	-0.011521	2.251588
50.830732	1589.183051	21.437901	-0.011561	2.248768
50.562205	1584.066113	21.442906	-0.011496	2.245817
50.686381	1578.837306	21.447911	-0.011526	2.242870
50.541427	1573.884767	21.452915	-0.011491	2.240026
50.622216	1568.732945	21.457920	-0.011510	2.237108
50.555923	1563.456220	21.462925	-0.011493	2.234087
50.486537	1558.348321	21.467930	-0.011477	2.231157
50.475455	1553.322684	21.472935	-0.011474	2.228282
50.406647	1548.169376	21.477939	-0.011457	2.225319
50.418320	1542.994148	21.482944	-0.011459	2.222355
50.414163	1538.045924	21.487949	-0.011458	2.219514
50.398455	1532.866752	21.492954	-0.011454	2.216535
50.241168	1527.515284	21.497959	-0.011416	2.213426
50.218042	1522.468090	21.502963	-0.011410	2.210513
50.152076	1517.374711	21.507968	-0.011394	2.207561
49.990244	1512.270222	21.512973	-0.011355	2.204581
49.996868	1507.153534	21.517978	-0.011356	2.201622
50.083837	1502.107225	21.522983	-0.011376	2.198714
49.841967	1496.956784	21.527987	-0.011318	2.195681
49.836745	1491.674808	21.532992	-0.011317	2.192611
49.782095	1486.706436	21.537997	-0.011303	2.189710
49.738651	1481.608213	21.543002	-0.011292	2.186732
49.670191	1476.452116	21.548007	-0.011276	2.183711
49.612956	1471.456549	21.553011	-0.011262	2.180782
49.610389	1466.324285	21.558016	-0.011261	2.177779
49.494780	1460.963845	21.563021	-0.011233	2.174617
49.567914	1455.791612	21.568026	-0.011250	2.171597
49.462646	1450.801377	21.573031	-0.011224	2.168646
49.482749	1445.635949	21.578035	-0.011229	2.165611
49.296877	1440.505101	21.583040	-0.011184	2.162553
49.285270	1435.547822	21.588045	-0.011181	2.159626
49.371366	1430.330262	21.593050	-0.011201	2.156561
49.219466	1425.065590	21.598055	-0.011164	2.153417
49.275942	1420.030900	21.603059	-0.011177	2.150446
49.155723	1414.977392	21.608064	-0.011148	2.147425
48.973291	1409.825430	21.613069	-0.011104	2.144329
49.038345	1404.730462	21.618074	-0.011120	2.141310
48.910644	1399.726535	21.623079	-0.011089	2.138304
48.837891	1394.410506	21.628083	-0.011071	2.135118
48.947810	1389.198863	21.633088	-0.011097	2.132026
48.872040	1384.199316	21.638093	-0.011078	2.129020
48.823175	1379.062931	21.643098	-0.011066	2.125932
48.832735	1373.869086	21.648103	-0.011068	2.122818
48.718110	1368.962218	21.653107	-0.011041	2.119846
48.708001	1363.724928	21.658112	-0.011038	2.116692
48.613574	1358.489806	21.663117	-0.011015	2.113518
48.591572	1353.462297	21.668122	-0.011009	2.110479
48.508966	1348.367293	21.673127	-0.010989	2.107383
48.428342	1343.208322	21.678131	-0.010969	2.104244
48.371793	1338.179865	21.683136	-0.010956	2.101184
48.317275	1333.149363	21.688141	-0.010942	2.098119
48.461057	1327.713766	21.693146	-0.010976	2.094842
48.332538	1322.648913	21.698151	-0.010945	2.091732
48.236219	1317.640129	21.703155	-0.010922	2.088658
48.094686	1312.489260	21.708160	-0.010888	2.085483
48.117716	1307.375089	21.713165	-0.010893	2.082359
48.296530	1302.269528	21.718170	-0.010935	2.079268
48.088822	1297.058732	21.723175	-0.010885	2.076028
48.127157	1291.839560	21.728179	-0.010894	2.072829
47.847166	1286.943578	21.733184	-0.010827	2.069758
47.894660	1281.757123	21.738189	-0.010838	2.066571
47.750408	1276.636060	21.743194	-0.010803	2.063380
47.761815	1271.652328	21.748199	-0.010805	2.060301
47.665359	1266.457373	21.753203	-0.010782	2.057064
47.489708	1261.197084	21.758208	-0.010739	2.053766
47.737464	1256.075351	21.763213	-0.010798	2.050635
47.514001	1251.015060	21.768218	-0.010744	2.047440
47.545657	1245.821830	21.773223	-0.010752	2.044211
47.428246	1240.838719	21.778227	-0.010723	2.041077
47.461418	1235.709268	21.783232	-0.010731	2.037877
47.475665	1230.392087	21.788237	-0.010734	2.034551
47.378325	1225.400489	21.793242	-0.010710	2.031401
47.158099	1220.366929	21.798247	-0.010657	2.028193
47.222225	1215.166056	21.803251	-0.010672	2.024935
47.160291	1210.113480	21.808256	-0.010657	2.021739
47.132741	1205.035736	21.813261	-0.010650	2.018528
47.009135	1199.684712	21.818266	-0.010620	2.015120
46.979031	1194.604313	21.823271	-0.010613	2.011897
46.986036	1189.533226	21.828275	-0.010614	2.008683
46.878345	1184.386211	21.833280	-0.010588	2.005390
46.817634	1179.336483	21.838285	-0.010573	2.002165
46.793418	1174.285688	21.843290	-0.010567	1.998941
46.756482	1168.981449	21.848295	-0.010558	1.995547
46.790578	1163.833276	21.853299	-0.010565	1.992263
46.620227	1158.846868	21.858304	-0.010524	1.989033
46.548513	1153.693236	21.863309	-0.010507	1.985712
46.559669	1148.631731	21.868314	-0.010509	1.982462
46.456956	1143.599640	21.873319	-0.010484	1.979201
46.503444	1138.218497	21.878323	-0.010495	1.975742
46.369137	1133.143204	21.883328	-0.010463	1.972435
46.289341	1128.110582	21.888333	-0.010443	1.969163
46.256123	1122.949705	21.893338	-0.010435	1.965811
46.255260	1117.866575	21.898343	-0.010434	1.962512
46.235965	1112.827432	21.903347	-0.010429	1.959231
46.087262	1107.534342	21.908352	-0.010393	1.955751
46.107258	1102.448516	21.913357	-0.010398	1.952438
45.995072	1097.427369	21.918362	-0.010371	1.949132
45.985057	1092.252813	21.923367	-0.010368	1.945742
45.987690	1087.201935	21.928371	-0.010368	1.942430
45.935407	1082.123985	21.933376	-0.010355	1.939083
45.745826	1076.867562	21.938381	-0.010310	1.935582
45.850072	1071.786448	21.943386	-0.010334	1.932256
45.685802	1066.721452	21.948391	-0.010295	1.928874
45.715315	1061.533984	21.953395	-0.010301	1.925449
45.577687	1056.543787	21.958400	-0.010268	1.922111
45.466371	1051.410901	21.963405	-0.010241	1.918679
45.418903	1046.155554	21.968410	-0.010229	1.915173
45.466899	1041.096058	21.973415	-0.010240	1.911813
45.323518	1036.032382	21.978419	-0.010206	1.908401
45.277946	1030.871635	21.983424	-0.010194	1.904940
45.254104	1025.855443	21.988429	-0.010188	1.901574
45.109995	1020.707715	21.993434	-0.010154	1.898087
45.023597	1015.423416	21.998439	-0.010133	1.894515
45.031048	1010.423516	22.003443	-0.010134	1.891149
44.995513	1005.241335	22.008448	-0.010125	1.887644
44.844152	1000.167030	22.013453	-0.010089	1.884179
44.856693	995.176367	22.018458	-0.010091	1.880802
44.872883	989.882424	22.023463	-0.010095	1.877214
44.839739	984.742142	22.028467	-0.010087	1.873712
44.632451	979.751307	22.033472	-0.010037	1.870265
44.609832	974.580189	22.038477	-0.010031	1.866731
44.569772	969.522876	22.043482	-0.010021	1.863265
44.598535	964.416820	22.048487	-0.010027	1.859774
44.541738	959.064356	22.053491	-0.010013	1.856088
44.526107	954.017734	22.058496	-0.010009	1.852615
44.436398	948.908608	22.063501	-0.009988	1.849074
44.241155	943.819424	22.068506	-0.009941	1.845516
44.416154	938.718157	22.073511	-0.009982	1.842030
44.310940	933.572841	22.078515	-0.009957	1.838440
44.180645	928.353186	22.083520	-0.009925	1.834786
44.103469	923.390751	22.088525	-0.009906	1.831316
44.018783	918.238933	22.093530	-0.009886	1.827706
43.946291	913.147478	22.098535	-0.009868	1.824134
44.014706	908.102319	22.103539	-0.009884	1.820620
43.764465	902.831473	22.108544	-0.009824	1.816866
43.804333	897.708625	22.113549	-0.009833	1.813277
43.827625	892.628552	22.118554	-0.009838	1.809707
43.680938	887.490409	22.123559	-0.009803	1.806048
43.667015	882.482346	22.128563	-0.009799	1.802506
43.617821	877.286719	22.133568	-0.009787	1.798815
43.600141	872.049710	22.138573	-0.009782	1.795095
43.482003	867.089270	22.143578	-0.009754	1.791540
43.515463	861.914258	22.148583	-0.009761	1.787861
43.323822	856.869403	22.153587	-0.009715	1.784213
43.327693	851.807409	22.158592	-0.009716	1.780593
43.193547	846.499879	22.163597	-0.009683	1.776756
43.056801	841.468779	22.168602	-0.009650	1.773108
43.175737	836.302763	22.173607	-0.009678	1.769419
43.127370	831.158654	22.178611	-0.009666	1.765697
43.053296	826.162589	22.183616	-0.009648	1.762067
42.926315	820.981677	22.188621	-0.009618	1.758283
42.824795	815.843467	22.193626	-0.009593	1.754527
42.735868	810.797763	22.198631	-0.009571	1.750835
42.688994	805.642895	22.203635	-0.009560	1.747065
42.735881	800.590785	22.208640	-0.009571	1.743386
42.497864	795.483774	22.213645	-0.009513	1.739587
42.579744	790.158169	22.218650	-0.009533	1.735700
42.541234	785.155479	22.223655	-0.009523	1.732012
42.418329	780.036761	22.228659	-0.009493	1.728208
42.346586	774.944756	22.233664	-0.009476	1.724429
42.371370	769.870990	22.238669	-0.009481	1.720680
42.217154	764.633611	22.243674	-0.009444	1.716755
42.231364	759.572220	22.248679	-0.009447	1.712996
42.159153	754.491209	22.253683	-0.009430	1.709191
42.067622	749.376242	22.258688	-0.009407	1.705348
42.034391	744.354650	22.263693	-0.009399	1.701580
41.938896	739.046428	22.268698	-0.009376	1.697574
41.817194	733.966795	22.273703	-0.009346	1.693722
41.667996	728.929006	22.278707	-0.009310	1.689887
41.789845	723.703729	22.283712	-0.009339	1.685972
41.618470	718.756062	22.288717	-0.009298	1.682181
41.473360	713.520111	22.293722	-0.009263	1.678169
41.419257	708.403300	22.298727	-0.009249	1.674263
41.637795	703.265537	22.303731	-0.009301	1.670403
41.469570	698.145686	22.308736	-0.009261	1.666446
41.209614	693.223776	22.313741	-0.009198	1.662607
41.245927	687.946544	22.318746	-0.009207	1.658565
41.221558	682.790030	22.323751	-0.009200	1.654589
41.270378	677.696945	22.328755	-0.009212	1.650673
41.067749	672.577837	22.333760	-0.009163	1.646660
41.019913	667.578426	22.338765	-0.009151	1.642771
40.986285	662.342401	22.343770	-0.009143	1.638693
40.856632	657.243200	22.348775	-0.009111	1.634685
40.776092	652.222230	22.353779	-0.009092	1.630742
40.748494	647.042542	22.358784	-0.009085	1.626680
40.660414	642.063683	22.363789	-0.009063	1.622749
40.687786	636.754252	22.368794	-0.009070	1.618579
40.455118	631.672379	22.373799	-0.009014	1.614507
40.430905	626.586082	22.378803	-0.009007	1.610478
40.366332	621.450651	22.383808	-0.008992	1.606389
40.481514	616.380738	22.388813	-0.009019	1.602392
40.227020	611.191216	22.393818	-0.008958	1.598186
40.085507	606.148007	22.398823	-0.008923	1.594118
40.023142	601.070771	22.403827	-0.008908	1.590034
40.036153	595.932210	22.408832	-0.008911	1.585912
40.118165	590.842362	22.413837	-0.008930	1.581837
39.851004	585.592782	22.418842	-0.008866	1.577525
39.769637	580.555736	22.423847	-0.008846	1.573425
39.695535	575.460965	22.428851	-0.008828	1.569270
39.642637	570.364878	22.433856	-0.008815	1.565109
39.638953	565.247612	22.438861	-0.008814	1.560933
39.469779	560.062170	22.443866	-0.008773	1.556643
39.455393	555.017633	22.448871	-0.008769	1.552501
39.341210	549.895981	22.453875	-0.008742	1.548256
39.271292	544.876397	22.458880	-0.008724	1.544096
39.140343	539.686294	22.463885	-0.008693	1.539766
39.211225	534.483307	22.468890	-0.008709	1.535472
38.976246	529.444441	22.473895	-0.008653	1.531213
38.911300	524.330936	22.478899	-0.008637	1.526930
38.912686	519.286500	22.483904	-0.008637	1.522712
38.988385	513.974382	22.488909	-0.008655	1.518279
38.688415	509.019592	22.493914	-0.008583	1.514024
38.629231	503.903661	22.498919	-0.008568	1.509691
38.557152	498.836476	22.503923	-0.008550	1.505384
38.422453	493.739517	22.508928	-0.008518	1.501020
38.389410	488.502366	22.513933	-0.008510	1.496555
38.295810	483.490101	22.518938	-0.008487	1.492250
38.304100	478.282817	22.523943	-0.008489	1.487796
38.082840	473.339789	22.528947	-0.008435	1.483486
38.242749	468.027962	22.533952	-0.008473	1.478962
37.937448	463.048581	22.538957	-0.008400	1.474570
37.836882	457.961935	22.543962	-0.008375	1.470134
37.728281	452.899498	22.548967	-0.008349	1.465703
37.671942	447.769855	22.553971	-0.008335	1.461216
37.769005	442.500305	22.558976	-0.008358	1.456640
37.530540	437.489712	22.563981	-0.008301	1.452173
37.502241	432.358669	22.568986	-0.008294	1.447652
37.470493	427.325439	22.573991	-0.008286	1.443201
37.372650	422.076785	22.578995	-0.008262	1.438526
37.232886	417.073022	22.584000	-0.008228	1.434039
37.138687	411.949118	22.589005	-0.008205	1.429446
37.233537	406.857998	22.594010	-0.008228	1.424927
37.159595	401.650076	22.599015	-0.008210	1.420235
36.839839	396.626251	22.604019	-0.008133	1.415616
36.896743	391.471480	22.609024	-0.008146	1.410983
36.658369	386.437857	22.614029	-0.008089	1.406350
36.789203	381.283034	22.619034	-0.008120	1.401710
36.534399	376.168950	22.624039	-0.008058	1.396967
36.465360	371.114803	22.629043	-0.008041	1.392324
36.337639	366.021436	22.634048	-0.008010	1.387609
36.288391	360.947669	22.639053	-0.007998	1.382922
36.387491	355.630184	22.644058	-0.008022	1.378043
36.143974	350.646898	22.649063	-0.007963	1.373344
36.085228	345.504170	22.654067	-0.007949	1.368541
36.026788	340.497964	22.659072	-0.007934	1.363848
35.848496	335.278794	22.664077	-0.007891	1.358900
35.793494	330.253012	22.669082	-0.007878	1.354157
35.585678	325.143621	22.674087	-0.007828	1.349267
35.564385	320.116053	22.679091	-0.007822	1.344500
35.533037	314.838021	22.684096	-0.007815	1.339474
35.421278	309.807551	22.689101	-0.007787	1.334638
35.317366	304.691577	22.694106	-0.007762	1.329705
35.172689	299.688524	22.699111	-0.007727	1.324849
35.174365	294.451689	22.704115	-0.007727	1.319799
35.074405	289.420425	22.709120	-0.007703	1.314894
34.946397	284.318722	22.714125	-0.007672	1.309892
34.882253	279.293514	22.719130	-0.007656	1.304968
34.716579	274.110026	22.724135	-0.007616	1.299835
34.634071	269.069943	22.729139	-0.007596	1.294852
34.567167	263.924823	22.734144	-0.007580	1.289751
34.334845	258.942549	22.739149	-0.007524	1.284733
34.388310	253.682731	22.744154	-0.007537	1.279520
34.137331	248.712290	22.749159	-0.007476	1.274467
34.029680	243.589423	22.754163	-0.007450	1.269291
33.929107	238.557852	22.759168	-0.007426	1.264190
33.839407	233.315919	22.764173	-0.007404	1.258858
33.782364	228.252242	22.769178	-0.007390	1.253697
33.543365	223.188668	22.774183	-0.007332	1.248448
33.456700	218.118740	22.779187	-0.007311	1.243227
33.320559	212.974152	22.784192	-0.007278	1.237888
33.193390	207.926806	22.789197	-0.007248	1.232630
33.217791	202.818347	22.794202	-0.007253	1.227342
32.997102	197.689983	22.799207	-0.007200	1.221919
32.718581	192.626710	22.804211	-0.007133	1.216518
32.686546	187.505745	22.809216	-0.007125	1.211125
32.524889	182.494948	22.814221	-0.007086	1.205776
32.379981	177.318735	22.819226	-0.007051	1.200233
32.461086	172.213295	22.824231	-0.007070	1.194827
32.026078	167.228315	22.829235	-0.006966	1.189327
32.039124	162.124855	22.834240	-0.006968	1.183847
31.861975	156.961299	22.839245	-0.006926	1.178202
31.799396	151.891545	22.844250	-0.006910	1.172677
31.476014	146.895650	22.849255	-0.006833	1.167103
31.378595	141.752251	22.854259	-0.006809	1.161431
31.238188	136.697552	22.859264	-0.006775	1.155811
31.076285	131.611139	22.864269	-0.006736	1.150120
31.063359	126.526487	22.869274	-0.006733	1.144462
30.779678	121.394366	22.874279	-0.006664	1.138614
30.531723	116.382653	22.879283	-0.006605	1.132886
30.461514	111.305671	22.884288	-0.006588	1.127127
30.253623	106.173645	22.889293	-0.006537	1.121219
30.044016	101.168965	22.894298	-0.006487	1.115425
29.854385	96.095581	22.899303	-0.006441	1.109530
29.670426	91.024008	22.904307	-0.006397	1.103608
29.723118	85.830925	22.909312	-0.006409	1.097612
29.372532	80.825668	22.914317	-0.006325	1.091632
29.068830	75.865650	22.919322	-0.006252	1.085693
28.784194	70.736071	22.924327	-0.006184	1.079528
28.525332	65.747034	22.929331	-0.006121	1.073506
28.193424	60.782652	22.934336	-0.006042	1.067447
27.919656	55.639165	22.939341	-0.005976	1.061165
27.753175	50.603866	22.944346	-0.005936	1.055022
27.526522	45.558790	22.949351	-0.005881	1.048805
27.031198	40.576610	22.954355	-0.005762	1.042508
26.758234	35.561995	22.959360	-0.005697	1.036233
26.275914	30.604992	22.964365	-0.005581	1.029896
26.007401	25.565928	22.969370	-0.005516	1.023515
25.648894	20.535113	22.974375	-0.005430	1.017062
25.127606	15.592916	22.979379	-0.005305	1.010606
24.731180	10.628367	22.984384	-0.005210	1.004137
24.123329	5.700501	22.989389	-0.005064	0.997575
23.243709	0.917686	22.994394	-0.004854	0.991028
13.997351	-0.864622	22.999399	-0.002642	0.984379
