Wed Apr 02 01:33:51 2025

Number of Points = 4054
Depth (nm)	Load (µN)	Time (s)	Disp. Voltage(V)	Force Voltage(V)0.000000	6.036510	0.000000	0.002559	0.434701
0.339476	10.900040	0.005005	0.002477	0.449527
0.548875	15.853407	0.010010	0.002427	0.463996
0.841185	20.780328	0.015014	0.002356	0.478040
0.882860	25.796815	0.020019	0.002346	0.491673
1.303243	30.670184	0.025024	0.002245	0.504931
1.489630	35.632592	0.030029	0.002200	0.517855
1.879569	40.511213	0.035034	0.002106	0.530444
2.023860	45.475255	0.040038	0.002071	0.542727
2.259841	50.441616	0.045043	0.002014	0.554824
2.317862	55.439123	0.050048	0.002000	0.566582
2.528520	60.385450	0.055053	0.001949	0.578113
2.692502	65.373987	0.060058	0.001909	0.589474
2.943569	70.298578	0.065062	0.001849	0.600550
3.207631	75.241304	0.070067	0.001785	0.611475
3.247718	80.240858	0.075072	0.001775	0.622154
3.519035	85.201730	0.080077	0.001710	0.632749
3.636553	90.161923	0.085082	0.001681	0.643052
3.832714	95.133178	0.090086	0.001634	0.653273
3.984724	100.098068	0.095091	0.001597	0.663292
4.216582	105.050600	0.100096	0.001541	0.673194
4.436831	109.976435	0.105101	0.001488	0.682894
4.631038	114.941483	0.110106	0.001441	0.692514
4.509064	119.992621	0.115110	0.001470	0.701945
4.802368	124.959000	0.120115	0.001399	0.711377
5.020037	129.869707	0.125120	0.001347	0.720533
5.114417	134.893172	0.130125	0.001324	0.729695
5.298131	139.828110	0.135130	0.001279	0.738645
5.588316	144.785083	0.140134	0.001209	0.747595
5.524665	149.835909	0.145139	0.001224	0.756376
5.680390	154.792014	0.150144	0.001186	0.765032
5.945355	159.733428	0.155149	0.001122	0.773635
6.001034	164.721142	0.160154	0.001109	0.782091
6.355831	169.667924	0.165158	0.001023	0.790571
6.369779	174.665896	0.170163	0.001020	0.798840
6.490074	179.667592	0.175168	0.000990	0.807093
6.748113	184.597731	0.180173	0.000928	0.815230
6.770892	189.603075	0.185178	0.000922	0.823267
6.928049	194.617490	0.190182	0.000884	0.831320
7.098397	199.555333	0.195187	0.000843	0.839182
7.260680	204.545514	0.200192	0.000804	0.847048
7.285754	209.548313	0.205197	0.000797	0.854784
7.396551	214.514047	0.210202	0.000770	0.862442
7.505429	219.568759	0.215206	0.000744	0.870166
7.618115	224.524909	0.220211	0.000716	0.877676
7.870072	229.467006	0.225216	0.000656	0.885178
8.017254	234.430902	0.230221	0.000620	0.892591
8.155223	239.394754	0.235226	0.000586	0.899939
8.395448	244.405053	0.240230	0.000528	0.907348
8.392557	249.415967	0.245235	0.000529	0.914571
8.523403	254.366349	0.250240	0.000497	0.921721
8.561473	259.428239	0.255245	0.000487	0.928925
8.874379	264.324049	0.260250	0.000412	0.935981
8.934087	269.314364	0.265254	0.000397	0.942988
9.009348	274.364977	0.270259	0.000379	0.950034
9.039129	279.373122	0.275264	0.000371	0.956947
9.213118	284.329974	0.280269	0.000329	0.963812
9.211799	289.367604	0.285274	0.000329	0.970651
9.462917	294.302860	0.290278	0.000268	0.977429
9.635720	299.295100	0.295283	0.000227	0.984198
9.782989	304.285211	0.300288	0.000191	0.990905
9.905325	309.255126	0.305293	0.000161	0.997528
9.917855	314.278929	0.310298	0.000158	1.004127
10.253638	319.175394	0.315302	0.000077	1.010669
10.258497	324.200647	0.320307	0.000075	1.017180
10.291481	329.228203	0.325312	0.000067	1.023666
10.473034	334.220728	0.330317	0.000023	1.030135
10.601272	339.186822	0.335322	-0.000008	1.036506
10.729690	344.156023	0.340326	-0.000039	1.042841
10.832154	349.173962	0.345331	-0.000064	1.049188
10.990604	354.134252	0.350336	-0.000103	1.055450
10.994866	359.138073	0.355341	-0.000104	1.061659
11.195563	364.173260	0.360346	-0.000152	1.067959
11.189864	369.188349	0.365350	-0.000152	1.074106
11.532217	374.046387	0.370355	-0.000234	1.080179
11.588676	379.128397	0.375360	-0.000248	1.086365
11.755708	384.045958	0.380365	-0.000288	1.092366
11.755928	389.077317	0.385370	-0.000289	1.098398
11.776551	394.155731	0.390374	-0.000294	1.104462
11.891733	399.119235	0.395379	-0.000322	1.110397
12.120388	404.075404	0.400384	-0.000377	1.116340
12.191284	409.059360	0.405389	-0.000395	1.122217
12.278069	414.089390	0.410394	-0.000416	1.128125
12.382104	419.076508	0.415398	-0.000441	1.133958
12.389465	424.061821	0.420403	-0.000444	1.139720
12.542263	429.147139	0.425408	-0.000481	1.145628
12.656641	434.080601	0.430413	-0.000509	1.151316
12.721696	439.074715	0.435418	-0.000525	1.157025
12.798613	444.095894	0.440422	-0.000543	1.162741
13.093881	449.019253	0.445427	-0.000615	1.168407
13.104589	454.031867	0.450432	-0.000618	1.174032
13.268937	458.963700	0.455437	-0.000657	1.179601
13.235276	464.123433	0.460442	-0.000650	1.185317
13.344392	469.059190	0.465446	-0.000676	1.190816
13.515064	474.033373	0.470451	-0.000718	1.196356
13.497380	479.043150	0.475456	-0.000714	1.201835
13.644806	484.078331	0.480461	-0.000750	1.207382
13.846621	488.999819	0.485466	-0.000798	1.212801
13.840321	494.012698	0.490470	-0.000797	1.218214
13.884401	499.118207	0.495475	-0.000808	1.223722
14.108847	504.049532	0.500480	-0.000862	1.229088
14.216525	509.062644	0.505485	-0.000889	1.234474
14.210531	514.015721	0.510490	-0.000888	1.239729
14.480606	519.061323	0.515494	-0.000953	1.245164
14.541295	523.995605	0.520499	-0.000968	1.250379
14.537281	529.045335	0.525504	-0.000967	1.255670
14.741097	533.981675	0.530509	-0.001016	1.260897
14.746000	539.100577	0.535514	-0.001018	1.266219
14.812948	544.057453	0.540518	-0.001035	1.271373
15.046728	548.999143	0.545523	-0.001091	1.276553
15.245880	553.950602	0.550528	-0.001139	1.281709
15.189164	559.047848	0.555533	-0.001126	1.286900
15.111053	564.061331	0.560538	-0.001108	1.291977
15.294056	569.017984	0.565542	-0.001152	1.297071
15.459844	574.028449	0.570547	-0.001192	1.302193
15.591314	579.005737	0.575552	-0.001224	1.307249
15.804654	583.933826	0.580557	-0.001276	1.312266
15.668941	588.970870	0.585562	-0.001244	1.317248
15.735180	594.012529	0.590566	-0.001260	1.322287
15.964716	598.965441	0.595571	-0.001315	1.327278
16.094879	603.923456	0.600576	-0.001347	1.332219
16.215053	608.893640	0.605581	-0.001376	1.337151
16.261052	613.957640	0.610586	-0.001388	1.342130
16.202114	619.037531	0.615590	-0.001374	1.347071
16.233693	624.039886	0.620595	-0.001382	1.351949
16.541348	628.920934	0.625600	-0.001456	1.356787
16.735278	633.916089	0.630605	-0.001503	1.361679
16.737873	638.962285	0.635610	-0.001504	1.366537
16.820727	643.928550	0.640614	-0.001524	1.371328
16.897805	648.922389	0.645619	-0.001543	1.376128
16.992885	653.941205	0.650624	-0.001566	1.380940
17.003348	659.051639	0.655629	-0.001569	1.385794
17.130233	663.981092	0.660634	-0.001600	1.390499
17.317533	668.951183	0.665638	-0.001645	1.395247
17.508270	673.860547	0.670643	-0.001691	1.399923
17.494986	679.007881	0.675648	-0.001689	1.404738
17.529034	683.947180	0.680653	-0.001697	1.409358
17.659070	688.962476	0.685658	-0.001729	1.414065
17.756300	693.865934	0.690662	-0.001753	1.418643
17.795583	699.064071	0.695667	-0.001763	1.423459
17.992896	703.934614	0.700672	-0.001810	1.428008
18.019341	708.997073	0.705677	-0.001817	1.432664
18.063178	713.943976	0.710682	-0.001828	1.437204
18.164304	718.991824	0.715686	-0.001853	1.441841
18.238930	724.002126	0.720691	-0.001871	1.446420
18.247296	729.013115	0.725696	-0.001873	1.450965
18.406364	733.981756	0.730701	-0.001912	1.455504
18.456647	738.991231	0.735706	-0.001924	1.460032
18.443274	744.162018	0.740710	-0.001922	1.464670
18.674274	748.997735	0.745715	-0.001977	1.469072
18.807414	754.011439	0.750720	-0.002010	1.473587
18.899451	758.932669	0.755725	-0.002032	1.477994
18.930997	764.081034	0.760730	-0.002040	1.482571
18.943734	769.026538	0.765734	-0.002044	1.486948
19.093239	774.014702	0.770739	-0.002080	1.491392
19.142270	778.994692	0.775744	-0.002092	1.495785
19.313550	783.992536	0.780749	-0.002134	1.500218
19.336189	789.114578	0.785754	-0.002139	1.504701
19.368190	794.062586	0.790758	-0.002148	1.509022
19.530814	799.081627	0.795763	-0.002187	1.513432
19.653995	803.943646	0.800768	-0.002217	1.517681
19.882883	809.032366	0.805773	-0.002272	1.522146
19.826690	814.026637	0.810778	-0.002259	1.526431
19.880488	819.055009	0.815782	-0.002272	1.530766
20.023172	824.000376	0.820787	-0.002307	1.535044
20.041772	829.016455	0.825792	-0.002312	1.539334
20.256302	834.148432	0.830797	-0.002364	1.543769
20.278190	839.062698	0.835802	-0.002369	1.547949
20.354180	844.088770	0.840806	-0.002388	1.552228
20.300308	849.060688	0.845811	-0.002376	1.556412
20.487712	854.100928	0.850816	-0.002421	1.560713
20.608172	859.130645	0.855821	-0.002450	1.564974
20.710656	864.036823	0.860826	-0.002475	1.569114
20.752106	869.096329	0.865830	-0.002486	1.573354
21.129239	873.902746	0.870835	-0.002576	1.577469
21.181496	879.097257	0.875840	-0.002589	1.581801
21.348118	884.019985	0.880845	-0.002630	1.585930
21.357356	889.029780	0.885850	-0.002632	1.590074
21.550721	894.000949	0.890854	-0.002679	1.594229
21.648598	898.931851	0.895859	-0.002703	1.598312
21.669004	904.088942	0.900864	-0.002708	1.602548
21.761958	909.006975	0.905869	-0.002731	1.606599
21.886507	914.001060	0.910874	-0.002761	1.610710
21.984628	918.985928	0.915878	-0.002785	1.614795
22.180286	923.967598	0.920883	-0.002832	1.618895
22.094472	929.189054	0.925888	-0.002812	1.623100
22.197518	934.049099	0.930893	-0.002837	1.627055
22.174885	939.138419	0.935898	-0.002833	1.631150
22.426326	944.032983	0.940902	-0.002893	1.635155
22.511731	949.012725	0.945907	-0.002914	1.639172
22.604919	954.118151	0.950912	-0.002937	1.643281
22.676799	959.017602	0.955917	-0.002954	1.647211
22.684770	964.080328	0.960922	-0.002957	1.651243
22.721013	969.052964	0.965926	-0.002966	1.655202
22.672269	974.133013	0.970931	-0.002955	1.659213
22.758444	979.256220	0.975936	-0.002976	1.663285
22.978755	984.113011	0.980941	-0.003029	1.667174
23.039024	989.160427	0.985946	-0.003044	1.671160
23.261631	994.072519	0.990950	-0.003098	1.675075
23.315831	999.084182	0.995955	-0.003111	1.679012
23.359007	1004.189121	1.000960	-0.003122	1.683011
23.495125	1009.077633	1.005965	-0.003155	1.686856
23.445413	1014.156472	1.010970	-0.003143	1.690791
23.570353	1019.112379	1.015974	-0.003174	1.694668
23.695268	1024.117547	1.020979	-0.003204	1.698574
23.664796	1029.328146	1.025984	-0.003197	1.702588
23.791373	1034.198693	1.030989	-0.003228	1.706373
23.846748	1039.239501	1.035994	-0.003242	1.710261
24.001929	1044.189252	1.040998	-0.003279	1.714097
24.105724	1049.125624	1.046003	-0.003305	1.717901
24.060272	1054.313283	1.051008	-0.003294	1.721849
24.142591	1059.236022	1.056013	-0.003314	1.725619
24.280283	1064.217860	1.061018	-0.003348	1.729441
24.312990	1069.241105	1.066022	-0.003356	1.733258
24.475146	1074.148032	1.071027	-0.003395	1.737013
24.415878	1079.399789	1.076032	-0.003382	1.740962
24.603747	1084.307965	1.081037	-0.003427	1.744707
24.640939	1089.285972	1.086042	-0.003436	1.748458
24.726955	1094.344882	1.091046	-0.003457	1.752274
24.981389	1099.161399	1.096051	-0.003519	1.755944
24.908339	1104.340924	1.101056	-0.003502	1.759794
25.053917	1109.331960	1.106061	-0.003537	1.763550
25.081261	1114.269752	1.111066	-0.003544	1.767228
25.086466	1119.357892	1.116070	-0.003546	1.771005
25.304122	1124.243565	1.121075	-0.003598	1.774678
25.164677	1129.390928	1.126080	-0.003565	1.778446
25.490182	1134.463503	1.131085	-0.003644	1.782268
25.430563	1139.356288	1.136090	-0.003630	1.785853
25.649509	1144.345584	1.141094	-0.003683	1.789572
25.623766	1149.373655	1.146099	-0.003677	1.793250
25.719774	1154.282712	1.151104	-0.003701	1.796864
25.730057	1159.497527	1.156109	-0.003703	1.800672
25.756368	1164.446929	1.161114	-0.003710	1.804283
25.825551	1169.407804	1.166118	-0.003727	1.807906
25.935214	1174.445280	1.171123	-0.003754	1.811587
25.974568	1179.348862	1.176128	-0.003764	1.815146
26.314323	1184.405257	1.181133	-0.003846	1.818883
26.270758	1189.539568	1.186138	-0.003836	1.822574
26.264019	1194.461515	1.191142	-0.003834	1.826114
26.460507	1199.444763	1.196147	-0.003882	1.829740
26.497033	1204.409747	1.201152	-0.003891	1.833307
26.535899	1209.407234	1.206157	-0.003901	1.836892
26.519520	1214.587784	1.211162	-0.003897	1.840586
26.751761	1219.488286	1.216166	-0.003953	1.844134
26.895331	1224.450241	1.221171	-0.003988	1.847697
26.978924	1229.489558	1.226176	-0.004009	1.851294
26.945634	1234.421939	1.231181	-0.004001	1.854780
26.981610	1239.544548	1.236186	-0.004010	1.858410
26.891810	1244.739028	1.241190	-0.003989	1.862054
27.226959	1249.540747	1.246195	-0.004070	1.865516
27.216510	1254.607884	1.251200	-0.004068	1.869075
27.339899	1259.602252	1.256205	-0.004098	1.872609
27.372567	1264.519455	1.261210	-0.004106	1.876060
27.441040	1269.662768	1.266214	-0.004123	1.879672
27.451954	1274.668613	1.271219	-0.004126	1.883167
27.594218	1279.591212	1.276224	-0.004161	1.886628
27.589131	1284.674726	1.281229	-0.004160	1.890161
27.730452	1289.583041	1.286234	-0.004194	1.893599
27.854051	1294.596618	1.291238	-0.004224	1.897100
27.851281	1299.833019	1.296243	-0.004224	1.900719
27.918018	1304.721285	1.301248	-0.004240	1.904107
27.997348	1309.716842	1.306253	-0.004260	1.907566
28.024902	1314.762593	1.311258	-0.004267	1.911042
28.333655	1319.595480	1.316262	-0.004341	1.914430
28.338119	1324.721276	1.321267	-0.004343	1.917942
28.213424	1329.893249	1.326272	-0.004313	1.921450
28.212953	1334.791325	1.331277	-0.004314	1.924793
28.402268	1339.773841	1.336282	-0.004360	1.928231
28.552509	1344.774625	1.341286	-0.004396	1.931666
28.611496	1349.680660	1.346291	-0.004411	1.935010
28.756689	1354.816222	1.351296	-0.004446	1.938524
28.789539	1359.875559	1.356301	-0.004454	1.941954
28.791014	1364.778090	1.361306	-0.004455	1.945265
28.921134	1369.834990	1.366310	-0.004486	1.948704
29.011220	1374.811492	1.371315	-0.004508	1.952073
29.177278	1379.653334	1.376320	-0.004549	1.955364
29.271196	1384.817168	1.381325	-0.004572	1.958848
29.155823	1389.880572	1.386330	-0.004544	1.962212
29.306939	1394.765302	1.391334	-0.004581	1.965511
29.326083	1399.846937	1.396339	-0.004586	1.968905
29.370786	1404.822565	1.401344	-0.004597	1.972230
29.407441	1409.782292	1.406349	-0.004607	1.975536
29.463013	1415.030237	1.411354	-0.004620	1.979032
29.579822	1419.975430	1.416358	-0.004649	1.982335
29.682722	1424.872205	1.421363	-0.004674	1.985597
29.846765	1429.911434	1.426368	-0.004713	1.988961
29.832444	1434.894607	1.431373	-0.004711	1.992244
29.875194	1439.845616	1.436378	-0.004721	1.995513
30.014824	1445.010252	1.441382	-0.004755	1.998937
30.146546	1449.962168	1.446387	-0.004787	2.002215
30.012614	1454.953676	1.451392	-0.004755	2.005455
30.232185	1459.989449	1.456397	-0.004808	2.008796
30.385701	1464.887273	1.461402	-0.004846	2.012027
30.307168	1469.879304	1.466406	-0.004827	2.015264
30.336445	1475.162076	1.471411	-0.004835	2.018708
30.359430	1480.177013	1.476416	-0.004841	2.021971
30.645719	1485.010078	1.481421	-0.004910	2.025167
30.742073	1490.057555	1.486426	-0.004933	2.028457
30.695118	1495.069482	1.491430	-0.004922	2.031687
30.822422	1499.979794	1.496435	-0.004953	2.034884
30.779381	1505.187082	1.501440	-0.004944	2.038231
30.969114	1510.153162	1.506445	-0.004989	2.041467
31.122170	1515.007122	1.511450	-0.005027	2.044618
31.163429	1520.084944	1.516454	-0.005037	2.047883
31.021400	1525.177620	1.521459	-0.005003	2.051115
31.184745	1530.018669	1.526464	-0.005043	2.054245
31.215107	1535.231261	1.531469	-0.005051	2.057579
31.202755	1540.363251	1.536474	-0.005048	2.060847
31.261986	1545.235474	1.541478	-0.005063	2.063960
31.519800	1550.230494	1.546483	-0.005125	2.067188
31.504732	1555.264963	1.551488	-0.005122	2.070379
31.638067	1560.118154	1.556493	-0.005154	2.073481
31.815717	1565.195043	1.561498	-0.005197	2.076729
31.800418	1570.344352	1.566502	-0.005194	2.079978
31.877389	1575.227499	1.571507	-0.005213	2.083073
31.855951	1580.284610	1.576512	-0.005208	2.086252
31.990857	1585.305411	1.581517	-0.005241	2.089437
31.971526	1590.247585	1.586522	-0.005237	2.092535
32.101331	1595.269655	1.591526	-0.005268	2.095709
32.218707	1600.491759	1.596531	-0.005297	2.099001
32.208130	1605.408653	1.601536	-0.005295	2.102071
32.297593	1610.364214	1.606541	-0.005317	2.105181
32.491976	1615.354656	1.611546	-0.005364	2.108330
32.424750	1620.358962	1.616550	-0.005348	2.111429
32.577662	1625.290295	1.621555	-0.005385	2.114523
32.570777	1630.471037	1.626560	-0.005384	2.117735
32.658663	1635.514041	1.631565	-0.005405	2.120876
32.787304	1640.371866	1.636570	-0.005437	2.123906
32.833633	1645.433186	1.641574	-0.005448	2.127041
32.895217	1650.484595	1.646579	-0.005463	2.130168
33.095114	1655.256146	1.651584	-0.005512	2.133146
33.080638	1660.441308	1.656589	-0.005509	2.136331
33.174793	1665.595110	1.661594	-0.005532	2.139513
33.202092	1670.495883	1.666598	-0.005539	2.142523
33.360133	1675.497124	1.671603	-0.005577	2.145616
33.643649	1680.464717	1.676608	-0.005645	2.148709
33.723955	1685.393916	1.681613	-0.005665	2.151733
33.779107	1690.370610	1.686618	-0.005678	2.154778
34.031714	1695.498645	1.691622	-0.005739	2.157949
34.004057	1700.517843	1.696627	-0.005733	2.160994
34.174338	1705.361953	1.701632	-0.005774	2.163967
34.213159	1710.424249	1.706637	-0.005784	2.167043
34.174215	1715.509538	1.711642	-0.005775	2.170113
34.251481	1720.369529	1.716646	-0.005794	2.173065
34.408407	1725.511294	1.721651	-0.005832	2.176199
34.401398	1730.710797	1.726656	-0.005831	2.179331
34.401755	1735.609325	1.731661	-0.005832	2.182279
34.375369	1740.641175	1.736666	-0.005826	2.185298
34.642295	1745.633876	1.741670	-0.005890	2.188346
34.539546	1750.634911	1.746675	-0.005866	2.191323
34.615837	1755.583514	1.751680	-0.005885	2.194300
34.707116	1760.757760	1.756685	-0.005907	2.197410
34.803762	1765.741879	1.761690	-0.005931	2.200403
34.929521	1770.611241	1.766694	-0.005961	2.203330
35.053593	1775.656195	1.771699	-0.005991	2.206357
34.956267	1780.741245	1.776704	-0.005968	2.209361
35.187128	1785.573467	1.781709	-0.006024	2.212273
35.151307	1790.701161	1.786714	-0.006016	2.215306
35.278380	1795.888708	1.791718	-0.006047	2.218402
35.304839	1800.845810	1.796723	-0.006054	2.221337
35.311985	1805.812026	1.801728	-0.006056	2.224271
35.337345	1810.898400	1.806733	-0.006062	2.227274
35.548300	1815.837539	1.811738	-0.006113	2.230223
35.535732	1820.738374	1.816742	-0.006111	2.233102
35.661610	1825.867630	1.821747	-0.006141	2.236139
35.567863	1831.020451	1.826752	-0.006119	2.239143
35.646510	1835.897047	1.831757	-0.006139	2.242014
35.780610	1840.902536	1.836762	-0.006171	2.244967
35.691534	1845.994895	1.841766	-0.006150	2.247925
36.008868	1850.874402	1.846771	-0.006227	2.250832
36.056904	1855.819502	1.851776	-0.006239	2.253722
36.242959	1861.084679	1.856781	-0.006284	2.256821
36.258551	1866.132478	1.861786	-0.006288	2.259757
36.437196	1870.949528	1.866790	-0.006331	2.262586
36.416209	1876.034680	1.871795	-0.006327	2.265530
36.462300	1881.023930	1.876800	-0.006338	2.268426
36.499354	1885.969534	1.881805	-0.006347	2.271292
36.563579	1890.934600	1.886810	-0.006363	2.274171
36.451370	1896.202595	1.891814	-0.006337	2.277188
36.680003	1901.155551	1.896819	-0.006392	2.280083
36.780427	1906.017551	1.901824	-0.006416	2.282898
36.624469	1911.165166	1.906829	-0.006380	2.285827
36.807045	1916.168653	1.911834	-0.006424	2.288731
36.967333	1921.003930	1.916838	-0.006463	2.291531
37.022784	1926.088384	1.921843	-0.006476	2.294451
37.126374	1931.308799	1.926848	-0.006502	2.297454
37.205987	1936.275061	1.931853	-0.006521	2.300303
37.168156	1941.202600	1.936858	-0.006513	2.303106
37.342654	1946.202969	1.941862	-0.006555	2.305985
37.221119	1951.304508	1.946867	-0.006526	2.308864
37.321671	1956.139325	1.951872	-0.006551	2.311629
37.511027	1961.191742	1.956877	-0.006596	2.314529
37.548869	1966.349943	1.961882	-0.006606	2.317459
37.532067	1971.357393	1.966886	-0.006602	2.320289
37.608441	1976.268574	1.971891	-0.006621	2.323079
37.725373	1981.313622	1.976896	-0.006650	2.325948
37.715562	1986.379564	1.981901	-0.006648	2.328803
37.782143	1991.233801	1.986906	-0.006664	2.331549
37.869685	1996.331504	1.991910	-0.006685	2.334432
37.981515	2001.606629	1.996915	-0.006713	2.337415
37.869102	2006.592631	2.001920	-0.006686	2.340192
37.921997	2011.488206	2.006925	-0.006699	2.342945
37.997035	2016.525690	2.011930	-0.006718	2.345778
38.177539	2021.544495	2.016934	-0.006761	2.348616
38.286571	2026.386008	2.021939	-0.006788	2.351339
38.365561	2031.411037	2.026944	-0.006807	2.354156
38.377784	2036.644715	2.031949	-0.006811	2.357074
38.485186	2041.591111	2.036954	-0.006837	2.359845
38.446827	2046.519576	2.041958	-0.006828	2.362577
38.577413	2051.572435	2.046963	-0.006860	2.365405
38.601960	2056.630332	2.051968	-0.006866	2.368213
38.862150	2061.455826	2.056973	-0.006929	2.370931
38.717228	2066.546996	2.061978	-0.006895	2.373722
38.801897	2071.828770	2.066982	-0.006916	2.376655
38.857569	2076.822550	2.071987	-0.006929	2.379420
38.912819	2081.661910	2.076992	-0.006943	2.382097
39.034359	2086.707678	2.081997	-0.006973	2.384896
39.074077	2091.749763	2.087002	-0.006982	2.387675
39.107285	2096.666145	2.092006	-0.006991	2.390382
39.290875	2101.620704	2.097011	-0.007035	2.393132
39.239205	2106.844192	2.102016	-0.007023	2.395985
39.328169	2111.908288	2.107021	-0.007045	2.398772
39.312427	2116.768175	2.112026	-0.007042	2.401427
39.588426	2121.747244	2.117030	-0.007108	2.404193
39.576411	2126.846311	2.122035	-0.007106	2.406973
39.539032	2131.829090	2.127040	-0.007097	2.409681
39.548315	2136.791590	2.132045	-0.007100	2.412383
39.764031	2141.972923	2.137050	-0.007152	2.415237
39.847699	2147.101598	2.142054	-0.007173	2.418036
39.891262	2151.969797	2.147059	-0.007184	2.420684
40.030418	2156.904745	2.152064	-0.007217	2.423381
40.032647	2161.995303	2.157069	-0.007218	2.426136
40.019423	2167.010384	2.162074	-0.007216	2.428845
40.127417	2171.859423	2.167078	-0.007242	2.431481
40.169800	2177.008002	2.172083	-0.007253	2.434265
40.205486	2182.144012	2.177088	-0.007262	2.437038
40.274745	2187.098623	2.182093	-0.007279	2.439716
40.307605	2192.045116	2.187098	-0.007287	2.442381
40.346695	2197.097472	2.192102	-0.007297	2.445100
40.544916	2202.116219	2.197107	-0.007345	2.447825
40.411245	2207.035057	2.202112	-0.007313	2.450438
40.713101	2211.997857	2.207117	-0.007386	2.453145
40.589047	2217.345875	2.212122	-0.007357	2.455983
40.719501	2222.326317	2.217126	-0.007388	2.458664
40.754666	2227.214033	2.222131	-0.007397	2.461277
40.834175	2232.243805	2.227136	-0.007417	2.463970
40.856616	2237.335648	2.232141	-0.007422	2.466684
41.005434	2242.218948	2.237146	-0.007459	2.469305
41.032541	2247.183356	2.242150	-0.007465	2.471946
41.099848	2252.343129	2.247155	-0.007482	2.474694
41.140728	2257.455005	2.252160	-0.007492	2.477410
41.163254	2262.366371	2.257165	-0.007498	2.480014
41.377629	2267.303616	2.262170	-0.007550	2.482660
41.317897	2272.410956	2.267174	-0.007536	2.485348
41.404071	2277.366884	2.272179	-0.007557	2.487977
41.405124	2282.222375	2.277184	-0.007558	2.490537
41.474979	2287.304735	2.282189	-0.007575	2.493224
41.572295	2292.620771	2.287194	-0.007599	2.496036
41.673149	2297.574623	2.292198	-0.007623	2.498655
41.777079	2302.461062	2.297203	-0.007649	2.501237
41.723709	2307.519294	2.302208	-0.007636	2.503880
41.904252	2312.554253	2.307213	-0.007680	2.506547
41.819076	2317.517801	2.312218	-0.007660	2.509130
42.011503	2322.418766	2.317222	-0.007707	2.511722
42.003775	2327.610255	2.322227	-0.007705	2.514432
41.815738	2332.807064	2.327232	-0.007661	2.517112
42.103416	2337.614716	2.332237	-0.007730	2.519663
42.206573	2342.615220	2.337242	-0.007755	2.522282
42.231470	2347.661658	2.342246	-0.007762	2.524910
42.297704	2352.728580	2.347251	-0.007778	2.527552
42.299016	2357.579445	2.352256	-0.007779	2.530069
42.403612	2362.627181	2.357261	-0.007804	2.532702
42.553235	2367.908580	2.362266	-0.007840	2.535461
42.586149	2372.932508	2.367270	-0.007849	2.538065
42.667247	2377.782041	2.372275	-0.007869	2.540583
42.598477	2382.857737	2.377280	-0.007853	2.543192
42.621972	2387.931730	2.382285	-0.007859	2.545813
42.760298	2392.904708	2.387290	-0.007892	2.548396
42.806593	2397.791819	2.392294	-0.007904	2.550918
42.917846	2402.903540	2.397299	-0.007931	2.553564
42.952568	2408.075144	2.402304	-0.007940	2.556225
42.947818	2413.053599	2.407309	-0.007939	2.558779
43.073481	2417.947343	2.412314	-0.007970	2.561306
43.028708	2423.037962	2.417318	-0.007959	2.563906
43.104559	2428.090641	2.422323	-0.007978	2.566502
43.290737	2432.962154	2.427328	-0.008023	2.569020
43.399052	2437.940415	2.432333	-0.008049	2.571579
43.509892	2443.136698	2.437338	-0.008076	2.574246
43.570613	2448.175639	2.442342	-0.008091	2.576822
43.512513	2453.060816	2.447347	-0.008078	2.579299
43.549160	2458.031047	2.452352	-0.008087	2.581832
43.600061	2463.122356	2.457357	-0.008100	2.584426
43.686787	2468.125684	2.462362	-0.008121	2.586978
43.801053	2472.966309	2.467366	-0.008149	2.589450
43.824747	2477.987594	2.472371	-0.008155	2.591996
43.815071	2483.257079	2.477376	-0.008153	2.594661
43.826737	2488.331400	2.482381	-0.008156	2.597227
44.008756	2493.103956	2.487386	-0.008200	2.599665
44.111157	2498.107204	2.492390	-0.008225	2.602205
44.130485	2503.218169	2.497395	-0.008230	2.604783
44.177086	2508.250214	2.502400	-0.008242	2.607324
44.117527	2513.122309	2.507405	-0.008228	2.609765
44.172188	2518.180521	2.512410	-0.008242	2.612315
44.357706	2523.465278	2.517414	-0.008287	2.614996
44.568594	2528.440152	2.522419	-0.008338	2.617523
44.545875	2533.292316	2.527424	-0.008333	2.619951
44.528481	2538.355156	2.532429	-0.008329	2.622482
44.575889	2543.440383	2.537434	-0.008341	2.625032
44.606184	2548.431663	2.542438	-0.008348	2.627530
44.784587	2553.267343	2.547443	-0.008392	2.629971
44.806949	2558.352844	2.552448	-0.008397	2.632510
44.947607	2563.555738	2.557453	-0.008432	2.635123
44.967249	2568.564503	2.562458	-0.008437	2.637619
44.905424	2573.437129	2.567462	-0.008422	2.640032
45.195230	2578.439233	2.572467	-0.008492	2.642560
45.099471	2583.512182	2.577472	-0.008470	2.645063
45.151931	2588.547927	2.582477	-0.008483	2.647568
45.300891	2593.397250	2.587482	-0.008519	2.649992
45.290209	2598.546408	2.592486	-0.008517	2.652538
45.289975	2603.868897	2.597491	-0.008517	2.655170
45.476260	2608.797613	2.602496	-0.008562	2.657632
45.436621	2613.701000	2.607501	-0.008553	2.660045
45.476820	2618.752659	2.612506	-0.008563	2.662542
45.579013	2623.793574	2.617510	-0.008588	2.665039
45.858067	2628.713020	2.622515	-0.008655	2.667501
45.744094	2633.639814	2.627520	-0.008629	2.669907
45.854530	2638.720970	2.632525	-0.008655	2.672419
45.880911	2643.858341	2.637530	-0.008662	2.674943
45.859449	2648.862679	2.642534	-0.008658	2.677394
45.994611	2653.682959	2.647539	-0.008690	2.679774
46.101645	2658.701147	2.652544	-0.008716	2.682246
46.203253	2663.764621	2.657549	-0.008741	2.684736
46.329458	2668.738501	2.662554	-0.008772	2.687184
46.593260	2673.520825	2.667558	-0.008835	2.689557
46.519153	2678.702211	2.672563	-0.008818	2.692072
46.489335	2684.018771	2.677568	-0.008812	2.694657
46.643614	2689.036242	2.682573	-0.008849	2.697121
46.699223	2693.854719	2.687578	-0.008863	2.699472
46.784077	2698.880215	2.692582	-0.008883	2.701926
46.840747	2703.955438	2.697587	-0.008897	2.704397
46.824109	2709.003137	2.702592	-0.008894	2.706842
46.971694	2713.806447	2.707597	-0.008930	2.709191
47.199036	2718.806356	2.712602	-0.008985	2.711644
47.117453	2724.096268	2.717606	-0.008966	2.714190
47.166219	2729.142086	2.722611	-0.008978	2.716635
47.095565	2733.982853	2.727616	-0.008961	2.718961
47.188846	2739.026894	2.732621	-0.008984	2.721408
47.274973	2744.089969	2.737626	-0.009005	2.723860
47.247259	2749.144846	2.742630	-0.008999	2.726289
47.277384	2754.008418	2.747635	-0.009007	2.728633
47.437028	2759.009222	2.752640	-0.009045	2.731059
47.458726	2764.364597	2.757645	-0.009051	2.733633
47.657860	2769.391628	2.762650	-0.009099	2.736073
47.580008	2774.260525	2.767654	-0.009081	2.738396
47.788493	2779.235654	2.772659	-0.009131	2.740808
47.748333	2784.313258	2.777664	-0.009122	2.743231
47.830090	2789.344117	2.782669	-0.009142	2.745648
48.003677	2794.214215	2.787674	-0.009184	2.747998
47.914355	2799.184203	2.792678	-0.009163	2.750357
48.054379	2804.393102	2.797683	-0.009197	2.752860
47.928926	2809.562186	2.802688	-0.009168	2.755305
48.107101	2814.434557	2.807693	-0.009211	2.757649
48.103178	2819.367032	2.812698	-0.009210	2.759994
48.030778	2824.484364	2.817702	-0.009193	2.762415
48.186033	2829.518428	2.822707	-0.009231	2.764826
48.255888	2834.455108	2.827712	-0.009248	2.767178
48.325433	2839.355906	2.832717	-0.009265	2.769510
48.370019	2844.532772	2.837722	-0.009276	2.771967
48.336162	2849.810039	2.842726	-0.009269	2.774459
48.491281	2854.771930	2.847731	-0.009306	2.776826
48.644171	2859.497377	2.852736	-0.009343	2.779078
48.621466	2864.547242	2.857741	-0.009338	2.781458
48.702295	2869.630542	2.862746	-0.009358	2.783866
48.745875	2874.643049	2.867750	-0.009369	2.786233
48.695462	2879.514958	2.872755	-0.009358	2.788519
48.795913	2884.536410	2.877760	-0.009382	2.790894
48.887620	2889.780818	2.882765	-0.009404	2.793371
48.970779	2894.843472	2.887770	-0.009425	2.795759
49.020107	2899.666054	2.892774	-0.009437	2.798027
49.165507	2904.645635	2.897779	-0.009472	2.800381
49.218277	2909.738717	2.902784	-0.009485	2.802773
49.237456	2914.784611	2.907789	-0.009490	2.805137
49.251169	2919.714767	2.912794	-0.009494	2.807443
49.328897	2924.649609	2.917798	-0.009513	2.809759
49.672751	2929.807742	2.922803	-0.009596	2.812213
49.886159	2934.959196	2.927808	-0.009648	2.814644
49.954580	2939.902217	2.932813	-0.009664	2.816956
50.079412	2944.802632	2.937818	-0.009695	2.819254
50.058481	2949.835022	2.942822	-0.009690	2.821592
50.209649	2954.896539	2.947827	-0.009727	2.823965
50.245317	2959.908692	2.952832	-0.009736	2.826297
50.206475	2964.773747	2.957837	-0.009727	2.828549
50.185085	2969.859227	2.962842	-0.009722	2.830903
50.409476	2975.056583	2.967846	-0.009776	2.833341
50.426730	2980.132667	2.972851	-0.009781	2.835693
50.535240	2984.901331	2.977856	-0.009807	2.837912
50.589419	2989.917414	2.982861	-0.009821	2.840237
50.614270	2995.009094	2.987866	-0.009827	2.842591
50.663323	3000.049886	2.992870	-0.009839	2.844923
50.814689	3004.945121	2.997875	-0.009876	2.847200
50.810652	3009.915995	3.002880	-0.009876	2.849488
50.909396	3015.103976	3.007885	-0.009900	2.851889
50.857698	3020.350961	3.012890	-0.009888	2.854294
50.868808	3025.308745	3.017894	-0.009891	2.856573
50.844492	3030.240631	3.022899	-0.009886	2.858834
50.962439	3035.282216	3.027904	-0.009914	2.861162
51.080484	3040.304083	3.032909	-0.009943	2.863479
51.084570	3045.375389	3.037914	-0.009944	2.865802
51.105311	3050.178398	3.042918	-0.009950	2.868002
51.234281	3055.239311	3.047923	-0.009981	2.870333
51.280370	3060.456253	3.052928	-0.009993	2.872723
51.404469	3065.522918	3.057933	-0.010023	2.875052
51.478260	3070.391896	3.062938	-0.010041	2.877282
51.548473	3075.356873	3.067942	-0.010058	2.879554
51.577090	3080.455801	3.072947	-0.010066	2.881879
51.470935	3085.517467	3.077952	-0.010041	2.884168
51.468139	3090.500364	3.082957	-0.010040	2.886433
51.633260	3095.413279	3.087962	-0.010080	2.888687
51.881710	3100.460209	3.092966	-0.010140	2.891010
51.776102	3105.741479	3.097971	-0.010116	2.893392
51.766998	3110.777309	3.102976	-0.010114	2.895673
51.904807	3115.536834	3.107981	-0.010147	2.897846
51.917808	3120.597532	3.112986	-0.010151	2.900138
51.861400	3125.707770	3.117990	-0.010138	2.902441
52.043549	3130.708488	3.122995	-0.010182	2.904723
52.033220	3135.578980	3.128000	-0.010180	2.906921
52.205533	3140.535000	3.133005	-0.010222	2.909179
52.411402	3145.662025	3.138010	-0.010271	2.911516
52.252556	3150.858436	3.143014	-0.010234	2.913836
52.430654	3155.817860	3.148019	-0.010277	2.916090
52.360882	3160.709901	3.153024	-0.010261	2.918281
52.399430	3165.721204	3.158029	-0.010270	2.920538
52.399322	3170.838609	3.163034	-0.010271	2.922835
52.550706	3175.859562	3.168038	-0.010307	2.925107
52.479389	3180.716920	3.173043	-0.010291	2.927275
52.591380	3185.729694	3.178048	-0.010318	2.929535
52.682747	3191.035610	3.183053	-0.010340	2.931921
52.743450	3196.160502	3.188058	-0.010355	2.934221
52.810675	3201.043653	3.193062	-0.010372	2.936412
52.913306	3205.950445	3.198067	-0.010397	2.938616
53.018977	3211.009897	3.203072	-0.010423	2.940887
52.969161	3216.099458	3.208077	-0.010411	2.943150
53.113762	3221.079279	3.213082	-0.010446	2.945387
52.999138	3225.938296	3.218086	-0.010419	2.947535
53.086935	3231.025374	3.223091	-0.010441	2.949809
53.287767	3236.221954	3.228096	-0.010489	2.952144
53.256540	3241.315806	3.233101	-0.010482	2.954403
53.309704	3246.196705	3.238106	-0.010495	2.956576
53.338235	3251.170621	3.243110	-0.010503	2.958785
53.416692	3256.240499	3.248115	-0.010522	2.961042
53.339220	3261.342358	3.253120	-0.010504	2.963291
53.431552	3266.303133	3.258125	-0.010527	2.965498
53.501513	3271.156737	3.263130	-0.010544	2.967653
53.608610	3276.168777	3.268134	-0.010570	2.969881
53.607877	3281.648877	3.273139	-0.010570	2.972300
53.759046	3286.624506	3.278144	-0.010607	2.974514
53.822514	3291.470045	3.283149	-0.010622	2.976658
53.730414	3296.504962	3.288154	-0.010601	2.978864
53.839802	3301.543309	3.293158	-0.010627	2.981095
53.880686	3306.587817	3.298163	-0.010638	2.983319
53.961622	3311.550877	3.303168	-0.010658	2.985510
53.878884	3316.462893	3.308173	-0.010638	2.987657
53.906008	3321.538093	3.313178	-0.010645	2.989888
53.924755	3326.803924	3.318182	-0.010650	2.992199
54.090967	3331.854029	3.323187	-0.010690	2.994433
54.233456	3336.648622	3.328192	-0.010725	2.996550
54.225675	3341.658915	3.333197	-0.010724	2.998741
54.314382	3346.722823	3.338202	-0.010745	3.000966
54.377114	3351.745663	3.343206	-0.010761	3.003169
54.291636	3356.798205	3.348211	-0.010741	3.005364
54.451648	3361.629975	3.353216	-0.010779	3.007492
54.504646	3366.690195	3.358221	-0.010793	3.009704
54.692828	3372.040937	3.363226	-0.010838	3.012058
54.690789	3377.052626	3.368230	-0.010838	3.014240
54.762778	3381.858318	3.373235	-0.010856	3.016339
54.649505	3386.857348	3.378240	-0.010829	3.018498
54.682683	3391.925943	3.383245	-0.010838	3.020704
54.746025	3396.989079	3.388250	-0.010853	3.022909
54.855479	3401.944365	3.393254	-0.010880	3.025072
54.840305	3406.823594	3.398259	-0.010877	3.027185
54.986204	3411.840664	3.403264	-0.010912	3.029375
55.062422	3417.098869	3.408269	-0.010931	3.031660
54.999778	3422.225882	3.413274	-0.010916	3.033870
55.051184	3427.090562	3.418278	-0.010929	3.035979
55.135620	3432.044873	3.423283	-0.010950	3.038128
55.256200	3437.064279	3.428288	-0.010979	3.040309
55.245089	3442.146568	3.433293	-0.010977	3.042500
55.308659	3447.199348	3.438298	-0.010992	3.044685
55.404214	3451.985773	3.443302	-0.011016	3.046757
55.490206	3457.055401	3.448307	-0.011037	3.048949
55.441236	3462.405281	3.453312	-0.011026	3.051244
55.537199	3467.480386	3.458317	-0.011049	3.053436
55.613047	3472.409132	3.463322	-0.011068	3.055562
55.736106	3477.253964	3.468326	-0.011097	3.057655
55.651145	3482.369068	3.473331	-0.011078	3.059839
55.576723	3487.448411	3.478336	-0.011060	3.062006
55.718318	3492.520158	3.483341	-0.011095	3.064195
55.838705	3497.335802	3.488346	-0.011124	3.066270
55.695533	3502.373277	3.493350	-0.011090	3.068407
56.041314	3507.496336	3.498355	-0.011173	3.070637
55.927028	3512.657981	3.503360	-0.011146	3.072827
55.929910	3517.666340	3.508365	-0.011148	3.074964
56.024424	3522.505569	3.513370	-0.011171	3.077039
56.018121	3527.555601	3.518374	-0.011170	3.079190
56.115354	3532.647248	3.523379	-0.011193	3.081369
56.072114	3537.689657	3.528384	-0.011183	3.083510
56.251847	3542.537271	3.533389	-0.011227	3.085592
56.427544	3547.476820	3.538394	-0.011269	3.087712
56.384328	3552.646548	3.543398	-0.011260	3.089902
56.410319	3557.964953	3.548403	-0.011266	3.092162
56.478622	3562.993468	3.553408	-0.011283	3.094302
56.598071	3567.753408	3.558413	-0.011312	3.096333
56.659535	3572.807623	3.563418	-0.011327	3.098480
56.630166	3577.874165	3.568422	-0.011321	3.100620
56.717108	3582.924711	3.573427	-0.011342	3.102766
56.715325	3587.860573	3.578432	-0.011342	3.104852
56.722694	3592.778743	3.583437	-0.011344	3.106929
56.923353	3597.820964	3.588442	-0.011393	3.109080
56.933385	3603.076187	3.593446	-0.011396	3.111298
56.891840	3608.196656	3.598451	-0.011386	3.113451
56.978413	3613.065193	3.603456	-0.011407	3.115511
57.040153	3617.995014	3.608461	-0.011423	3.117593
57.144281	3623.063568	3.613466	-0.011448	3.119736
57.090945	3628.113440	3.618470	-0.011436	3.121852
57.207018	3633.182744	3.623475	-0.011464	3.123994
57.076775	3638.035073	3.628480	-0.011433	3.126016
57.264186	3643.035080	3.633485	-0.011478	3.128135
57.229608	3648.401857	3.638490	-0.011471	3.130380
57.334194	3653.506215	3.643494	-0.011496	3.132530
57.471588	3658.493225	3.648499	-0.011530	3.134633
57.445899	3663.344526	3.653504	-0.011524	3.136659
57.532051	3668.408245	3.658509	-0.011545	3.138785
57.503847	3673.504414	3.663514	-0.011539	3.140911
57.591259	3678.496903	3.668518	-0.011560	3.143005
57.665914	3683.410139	3.673523	-0.011578	3.145063
57.634035	3688.330196	3.678528	-0.011571	3.147110
57.734327	3693.454323	3.683533	-0.011596	3.149256
57.885035	3698.588517	3.688538	-0.011632	3.151411
57.832337	3703.650285	3.693542	-0.011620	3.153511
57.908317	3708.446771	3.698547	-0.011639	3.155513
57.875606	3713.471328	3.703552	-0.011631	3.157597
58.041110	3718.519025	3.708557	-0.011671	3.159712
58.036751	3723.612560	3.713562	-0.011671	3.161825
58.156858	3728.610175	3.718566	-0.011700	3.163911
58.180360	3733.440650	3.723571	-0.011706	3.165915
58.091321	3738.519657	3.728576	-0.011685	3.168008
58.172859	3743.819113	3.733581	-0.011705	3.170210
58.226292	3748.977355	3.738586	-0.011718	3.172350
58.538659	3753.844528	3.743590	-0.011794	3.174396
58.432391	3758.776136	3.748595	-0.011769	3.176421
58.408548	3763.795984	3.753600	-0.011763	3.178490
58.589759	3768.830264	3.758605	-0.011807	3.180587
58.608405	3773.919466	3.763610	-0.011812	3.182687
58.634221	3778.836482	3.768614	-0.011819	3.184715
58.753948	3783.725970	3.773619	-0.011848	3.186741
58.757373	3788.821575	3.778624	-0.011849	3.188838
58.968717	3794.040680	3.783629	-0.011900	3.191007
59.000086	3799.104436	3.788634	-0.011908	3.193091
59.115850	3803.914492	3.793638	-0.011936	3.195079
59.200647	3808.925450	3.798643	-0.011957	3.197145
59.247276	3813.989564	3.803648	-0.011969	3.199226
59.390479	3819.021863	3.808653	-0.012004	3.201304
59.398554	3824.119767	3.813658	-0.012006	3.203393
59.469746	3828.898032	3.818662	-0.012023	3.205356
59.347202	3834.004667	3.823667	-0.011995	3.207432
59.594693	3839.138956	3.828672	-0.012054	3.209557
59.651039	3844.308188	3.833677	-0.012068	3.211675
59.718829	3849.345426	3.838682	-0.012085	3.213739
59.776291	3854.076352	3.843686	-0.012099	3.215675
59.850686	3859.123512	3.848691	-0.012117	3.217741
59.708488	3864.277194	3.853696	-0.012084	3.219825
59.944514	3869.255412	3.858701	-0.012141	3.221878
60.057483	3874.204601	3.863706	-0.012168	3.223904
60.101799	3879.074708	3.868710	-0.012179	3.225889
60.191111	3884.092570	3.873715	-0.012201	3.227938
60.309508	3889.369643	3.878720	-0.012230	3.230094
60.215719	3894.475348	3.883725	-0.012208	3.232156
60.292947	3899.410806	3.888730	-0.012227	3.234167
60.438081	3904.258828	3.893734	-0.012262	3.236147
60.468911	3909.303026	3.898739	-0.012270	3.238194
60.582292	3914.373166	3.903744	-0.012297	3.240259
60.613525	3919.400545	3.908749	-0.012305	3.242297
60.466494	3924.385879	3.913754	-0.012271	3.244297
60.622775	3929.246359	3.918758	-0.012309	3.246277
60.670738	3934.368366	3.923763	-0.012321	3.248351
60.850986	3939.723926	3.928768	-0.012364	3.250532
60.799474	3944.776923	3.933773	-0.012352	3.252564
60.761584	3949.693845	3.938778	-0.012344	3.254542
60.876975	3954.555995	3.943782	-0.012372	3.256513
60.904280	3959.678015	3.948787	-0.012379	3.258578
60.960703	3964.707856	3.953792	-0.012393	3.260607
60.808892	3969.821677	3.958797	-0.012357	3.262647
61.177794	3974.589282	3.963802	-0.012446	3.264602
61.103678	3979.582969	3.968806	-0.012428	3.266600
61.269672	3984.695894	3.973811	-0.012468	3.268669
61.172519	3989.969728	3.978816	-0.012446	3.270774
61.283671	3994.992374	3.983821	-0.012473	3.272799
61.188723	3999.866810	3.988826	-0.012451	3.274742
61.445266	4004.790126	3.993830	-0.012512	3.276740
61.414124	4009.905684	3.998835	-0.012505	3.278783
61.458593	4014.948230	4.003840	-0.012516	3.280804
61.622159	4019.960935	4.008845	-0.012556	3.282824
61.488689	4024.813435	4.013850	-0.012525	3.284748
61.592876	4029.836951	4.018854	-0.012550	3.286764
61.667375	4035.082039	4.023859	-0.012568	3.288864
61.585035	4040.382752	4.028864	-0.012549	3.290968
61.687466	4045.396750	4.033869	-0.012574	3.292976
61.698835	4050.205592	4.038874	-0.012577	3.294892
61.764094	4055.097264	4.043878	-0.012593	3.296845
61.895331	4060.146535	4.048883	-0.012625	3.298866
61.941533	4065.206347	4.053888	-0.012637	3.300882
61.802408	4070.265992	4.058893	-0.012604	3.302877
61.962258	4075.059042	4.063898	-0.012643	3.304796
62.139170	4080.029183	4.068902	-0.012685	3.306786
62.187510	4085.285008	4.073907	-0.012697	3.308875
62.267409	4090.426340	4.078912	-0.012717	3.310920
62.224478	4095.511530	4.083917	-0.012707	3.312929
62.236081	4100.271418	4.088922	-0.012710	3.314813
62.171598	4105.324760	4.093926	-0.012695	3.316805
62.407455	4110.389559	4.098931	-0.012752	3.318832
62.542374	4115.383500	4.103936	-0.012785	3.320818
62.501042	4120.459715	4.108941	-0.012776	3.322818
62.439221	4125.273596	4.113946	-0.012761	3.324711
62.488605	4130.316230	4.118950	-0.012774	3.326704
62.613282	4135.595103	4.123955	-0.012804	3.328797
62.793964	4140.727950	4.128960	-0.012848	3.330837
62.628413	4145.856549	4.133965	-0.012809	3.332838
62.716653	4150.607718	4.138970	-0.012830	3.334716
62.795297	4155.613540	4.143974	-0.012849	3.336692
62.816662	4160.733431	4.148979	-0.012855	3.338706
62.841415	4165.761686	4.153984	-0.012861	3.340683
62.851509	4170.807080	4.158989	-0.012864	3.342664
62.916273	4175.618318	4.163994	-0.012880	3.344557
63.105986	4180.607851	4.168998	-0.012926	3.346532
63.063105	4185.867197	4.174003	-0.012916	3.348588
63.022576	4191.035012	4.179008	-0.012907	3.350607
63.153167	4196.045071	4.184013	-0.012939	3.352580
63.213315	4200.843156	4.189018	-0.012954	3.354463
63.314431	4205.839534	4.194022	-0.012978	3.356425
63.283941	4210.955266	4.199027	-0.012971	3.358420
63.446617	4215.997702	4.204032	-0.013011	3.360405
63.450955	4221.060069	4.209037	-0.013012	3.362380
63.433678	4225.845833	4.214042	-0.013009	3.364244
63.432835	4230.913718	4.219046	-0.013009	3.366219
63.625985	4236.120599	4.224051	-0.013056	3.368266
63.662313	4241.364732	4.229056	-0.013065	3.370311
63.729742	4246.400109	4.234061	-0.013081	3.372276
63.667790	4251.259673	4.239066	-0.013067	3.374159
63.637987	4256.243066	4.244070	-0.013060	3.376092
63.776420	4261.301846	4.249075	-0.013094	3.378070
63.873622	4266.379077	4.254080	-0.013118	3.380050
63.889989	4271.386687	4.259085	-0.013122	3.381994
63.886741	4276.259614	4.264090	-0.013122	3.383883
63.899587	4281.242375	4.269094	-0.013125	3.385814
64.107874	4286.332718	4.274099	-0.013176	3.387806
64.162409	4291.541432	4.279104	-0.013189	3.389826
64.212290	4296.642216	4.284109	-0.013201	3.391804
64.326804	4301.453094	4.289114	-0.013229	3.393675
64.259705	4306.408564	4.294118	-0.013214	3.395582
64.303042	4311.484143	4.299123	-0.013225	3.397546
64.189769	4316.583299	4.304128	-0.013198	3.399502
64.286284	4321.620386	4.309133	-0.013222	3.401454
64.505680	4326.492067	4.314138	-0.013274	3.403353
64.503583	4331.406083	4.319142	-0.013274	3.405246
64.570117	4336.500016	4.324147	-0.013291	3.407213
64.634530	4341.901861	4.329152	-0.013307	3.409298
64.658257	4346.968964	4.334157	-0.013313	3.411248
64.655071	4351.891424	4.339162	-0.013313	3.413140
64.621087	4356.793556	4.344166	-0.013305	3.415019
64.698228	4361.845821	4.349171	-0.013324	3.416966
64.816128	4366.893073	4.354176	-0.013352	3.418914
64.900023	4371.918502	4.359181	-0.013373	3.420849
64.863091	4376.925354	4.364186	-0.013365	3.422764
64.907203	4381.764375	4.369190	-0.013376	3.424622
65.118066	4386.801127	4.374195	-0.013427	3.426570
65.137489	4392.054303	4.379200	-0.013432	3.428581
65.081218	4397.181102	4.384205	-0.013419	3.430536
65.257185	4402.158775	4.389210	-0.013461	3.432455
65.174212	4406.952216	4.394214	-0.013442	3.434278
65.229016	4412.058552	4.399219	-0.013455	3.436232
65.440927	4417.102688	4.404224	-0.013507	3.438177
65.448346	4422.158886	4.409229	-0.013509	3.440105
65.471548	4427.223769	4.414234	-0.013515	3.442038
65.509765	4431.998248	4.419238	-0.013524	3.443860
65.408927	4437.081947	4.424243	-0.013501	3.445785
65.430981	4442.368935	4.429248	-0.013507	3.447798
65.557801	4447.609600	4.434253	-0.013537	3.449803
65.708863	4452.667261	4.439258	-0.013574	3.451739
65.786161	4457.421588	4.444262	-0.013593	3.453552
65.697573	4462.457989	4.449267	-0.013572	3.455455
65.896094	4467.387828	4.454272	-0.013620	3.457344
65.860380	4472.427134	4.459277	-0.013612	3.459252
65.973756	4477.465513	4.464282	-0.013640	3.461172
66.014538	4482.338620	4.469286	-0.013650	3.463021
66.023656	4487.275100	4.474291	-0.013653	3.464891
66.032230	4492.340682	4.479296	-0.013655	3.466808
66.198264	4497.677648	4.484301	-0.013695	3.468842
66.300022	4502.743026	4.489306	-0.013720	3.470765
66.273970	4507.613411	4.494310	-0.013714	3.472602
66.321109	4512.491197	4.499315	-0.013726	3.474448
66.474490	4517.534554	4.504320	-0.013763	3.476365
66.289492	4522.652992	4.509325	-0.013719	3.478278
66.506490	4527.715084	4.514330	-0.013772	3.480206
66.357028	4532.732361	4.519334	-0.013737	3.482082
66.478181	4537.505502	4.524339	-0.013766	3.483890
66.455000	4542.631772	4.529344	-0.013761	3.485817
66.652445	4547.882711	4.534349	-0.013809	3.487810
66.697489	4553.080841	4.539354	-0.013820	3.489767
66.666358	4558.110499	4.544358	-0.013813	3.491654
66.849389	4562.870737	4.549363	-0.013857	3.493458
66.914801	4567.916638	4.554368	-0.013873	3.495357
66.916436	4572.968687	4.559373	-0.013874	3.497252
66.850436	4578.066124	4.564378	-0.013859	3.499157
67.065350	4583.058138	4.569382	-0.013911	3.501047
67.114189	4587.959903	4.574387	-0.013923	3.502886
67.102836	4592.898403	4.579392	-0.013921	3.504733
67.324801	4597.957782	4.584397	-0.013974	3.506646
67.208131	4603.301171	4.589402	-0.013947	3.508633
67.313617	4608.329152	4.594406	-0.013972	3.510521
67.191855	4613.309964	4.599411	-0.013944	3.512369
67.345880	4618.145566	4.604416	-0.013981	3.514188
67.398301	4623.190557	4.609421	-0.013994	3.516075
67.360406	4628.316742	4.614426	-0.013985	3.517983
67.339199	4633.350210	4.619430	-0.013981	3.519856
67.479991	4638.381544	4.624435	-0.014015	3.521743
67.537162	4643.161918	4.629440	-0.014029	3.523527
67.512422	4648.280589	4.634445	-0.014024	3.525429
67.565882	4653.569188	4.639450	-0.014037	3.527400
67.756788	4658.731076	4.644454	-0.014083	3.529336
67.815981	4663.789586	4.649459	-0.014098	3.531220
67.763529	4668.628449	4.654464	-0.014086	3.533012
67.882835	4673.562146	4.659469	-0.014115	3.534853
67.971636	4678.648292	4.664474	-0.014136	3.536747
67.923622	4683.718594	4.669478	-0.014125	3.538622
67.969617	4688.771836	4.674483	-0.014137	3.540498
68.005397	4693.682670	4.679488	-0.014146	3.542319
68.017687	4698.579867	4.684493	-0.014149	3.544132
68.170061	4703.633506	4.689498	-0.014186	3.546015
68.108157	4708.944347	4.694502	-0.014172	3.547973
68.288552	4713.998382	4.699507	-0.014215	3.549856
68.020989	4719.065928	4.704512	-0.014152	3.551703
68.237613	4723.831329	4.709517	-0.014204	3.553482
68.264676	4728.906328	4.714522	-0.014211	3.555356
68.336950	4733.922985	4.719526	-0.014229	3.557212
68.333090	4739.016829	4.724531	-0.014228	3.559089
68.464730	4744.065002	4.729536	-0.014260	3.560960
68.392967	4748.864355	4.734541	-0.014244	3.562720
68.412796	4753.920417	4.739546	-0.014249	3.564582
68.588554	4759.014145	4.744550	-0.014291	3.566471
68.566180	4764.387504	4.749555	-0.014287	3.568443
68.678406	4769.452179	4.754560	-0.014314	3.570314
68.555278	4774.330163	4.759565	-0.014285	3.572094
68.803249	4779.190032	4.764570	-0.014345	3.573899
68.882900	4784.221103	4.769574	-0.014364	3.575751
68.857588	4789.344216	4.774579	-0.014359	3.577627
68.882659	4794.381908	4.779584	-0.014365	3.579475
68.994913	4799.349027	4.784589	-0.014392	3.581304
68.939575	4804.222016	4.789594	-0.014380	3.583083
68.915827	4809.250233	4.794598	-0.014374	3.584920
69.092399	4814.417815	4.799603	-0.014417	3.586825
69.035300	4819.672158	4.804608	-0.014404	3.588740
69.120317	4824.694804	4.809613	-0.014425	3.590582
69.136187	4829.540037	4.814618	-0.014429	3.592352
69.234843	4834.477197	4.819622	-0.014453	3.594162
69.170883	4839.571785	4.824627	-0.014438	3.596014
69.226324	4844.630710	4.829632	-0.014452	3.597863
69.235630	4849.687108	4.834637	-0.014455	3.599706
69.455286	4854.625881	4.839642	-0.014508	3.601524
69.326552	4859.512235	4.844646	-0.014477	3.603291
69.450690	4864.552900	4.849651	-0.014508	3.605135
69.640914	4869.913551	4.854656	-0.014554	3.607101
69.668617	4875.079981	4.859661	-0.014561	3.608981
69.721689	4880.168204	4.864666	-0.014574	3.610833
69.704405	4884.889709	4.869670	-0.014570	3.612546
69.689797	4889.936422	4.874675	-0.014567	3.614376
69.772789	4895.013052	4.879680	-0.014587	3.616224
69.735346	4900.059186	4.884685	-0.014579	3.618050
69.848587	4905.102735	4.889690	-0.014607	3.619887
69.988270	4910.005419	4.894694	-0.014640	3.621674
70.008701	4914.907229	4.899699	-0.014646	3.623450
70.012104	4919.977830	4.904704	-0.014647	3.625284
70.031851	4925.238840	4.909709	-0.014652	3.627188
70.108840	4930.341147	4.914714	-0.014671	3.629038
70.061831	4935.408292	4.919718	-0.014660	3.630864
70.198537	4940.140811	4.924723	-0.014693	3.632585
70.143001	4945.129250	4.929728	-0.014681	3.634380
70.253447	4950.126407	4.934733	-0.014708	3.636192
70.260412	4955.234819	4.939738	-0.014710	3.638034
70.394732	4960.272119	4.944742	-0.014742	3.639860
70.444982	4965.162924	4.949747	-0.014755	3.641625
70.400088	4970.078781	4.954752	-0.014744	3.643391
70.478346	4975.115261	4.959757	-0.014764	3.645209
70.426203	4980.571795	4.964762	-0.014752	3.647167
70.531388	4985.653192	4.969766	-0.014777	3.649002
70.644001	4990.697169	4.974771	-0.014805	3.650823
70.841520	4995.382571	4.979776	-0.014852	3.652522
70.676194	5000.475723	4.984781	-0.014813	3.654336
70.876561	5005.557730	4.989786	-0.014862	3.656176
70.765566	5010.607300	4.994790	-0.014836	3.657977
70.886048	5015.666349	4.999795	-0.014865	3.659799
71.063014	5020.521010	5.004800	-0.014908	3.661553
71.066772	5025.428655	5.009805	-0.014909	3.663310
71.087310	5030.519724	5.014810	-0.014915	3.665133
71.042950	5035.864459	5.019814	-0.014904	3.667041
71.083281	5040.933328	5.024819	-0.014915	3.668856
71.267037	5045.928896	5.029824	-0.014959	3.670656
71.174388	5050.685244	5.034829	-0.014937	3.672347
71.180167	5055.789768	5.039834	-0.014939	3.674169
71.184776	5060.866464	5.044838	-0.014941	3.675981
71.295982	5065.930186	5.049843	-0.014968	3.677795
71.435000	5070.959232	5.054848	-0.015001	3.679599
71.255271	5075.900987	5.059853	-0.014959	3.681344
71.416577	5080.802525	5.064858	-0.014998	3.683103
71.457001	5085.868267	5.069862	-0.015008	3.684909
71.557642	5091.255999	5.074867	-0.015033	3.686834
71.564468	5096.388384	5.079872	-0.015035	3.688659
71.612263	5101.439874	5.084877	-0.015047	3.690458
71.649073	5106.181638	5.089882	-0.015056	3.692145
71.652807	5111.200760	5.094886	-0.015057	3.693927
71.742134	5116.270027	5.099891	-0.015079	3.695733
71.769517	5121.332533	5.104896	-0.015086	3.697531
71.650307	5126.441500	5.109901	-0.015058	3.699332
71.795634	5131.309483	5.114906	-0.015093	3.701069
71.866998	5136.162700	5.119910	-0.015111	3.702793
71.968482	5141.223789	5.124915	-0.015136	3.704593
72.008855	5146.507308	5.129920	-0.015146	3.706466
72.120969	5151.603684	5.134925	-0.015173	3.708277
72.065773	5156.683286	5.139930	-0.015160	3.710068
72.212074	5161.399257	5.144934	-0.015196	3.711746
72.315581	5166.447523	5.149939	-0.015221	3.713537
72.256942	5171.531579	5.154944	-0.015207	3.715327
72.152201	5176.605770	5.159949	-0.015183	3.717108
72.233004	5181.673761	5.164954	-0.015203	3.718902
72.314352	5186.640429	5.169958	-0.015223	3.720659
72.243414	5191.492360	5.174963	-0.015206	3.722362
72.357047	5196.556418	5.179968	-0.015234	3.724154
72.392663	5201.791016	5.184973	-0.015243	3.725999
72.551521	5207.050259	5.189978	-0.015281	3.727862
72.594082	5212.064670	5.194982	-0.015292	3.729629
72.483010	5216.963310	5.199987	-0.015266	3.731341
72.723535	5221.863702	5.204992	-0.015324	3.733082
72.765299	5226.915615	5.209997	-0.015334	3.734859
72.829428	5232.006604	5.215002	-0.015350	3.736651
72.743867	5237.067863	5.220006	-0.015330	3.738419
72.783162	5242.124040	5.225011	-0.015340	3.740195
73.020995	5246.819573	5.230016	-0.015397	3.741859
72.910128	5251.922217	5.235021	-0.015371	3.743638
72.905513	5257.088389	5.240026	-0.015371	3.745446
73.036552	5262.284712	5.245030	-0.015402	3.747275
73.050832	5267.350676	5.250035	-0.015406	3.749048
73.089761	5272.298139	5.255040	-0.015416	3.750781
73.025014	5277.178796	5.260045	-0.015401	3.752481
73.125672	5282.225700	5.265050	-0.015426	3.754252
73.169835	5287.352403	5.270054	-0.015437	3.756045
73.236784	5292.340310	5.275059	-0.015453	3.757791
73.220525	5297.433811	5.280064	-0.015450	3.759566
73.287517	5302.277723	5.285069	-0.015466	3.761260
73.280695	5307.255466	5.290074	-0.015465	3.762994
73.271498	5312.279081	5.295078	-0.015463	3.764743
73.420531	5317.829474	5.300083	-0.015499	3.766687
73.621929	5322.839492	5.305088	-0.015548	3.768446
73.532275	5327.878936	5.310093	-0.015527	3.770192
73.627725	5332.642144	5.315098	-0.015550	3.771855
73.636471	5337.661845	5.320102	-0.015553	3.773600
73.582173	5342.738717	5.325107	-0.015540	3.775359
73.800358	5347.807080	5.330112	-0.015593	3.777136
73.744386	5352.838686	5.335117	-0.015580	3.778877
73.768039	5357.807637	5.340122	-0.015586	3.780602
73.846116	5362.683603	5.345126	-0.015605	3.782299
73.800472	5367.703483	5.350131	-0.015595	3.784035
73.944513	5373.018839	5.355136	-0.015630	3.785887
74.003990	5378.098068	5.360141	-0.015645	3.787650
73.961857	5383.176585	5.365146	-0.015635	3.789404
74.175891	5387.973579	5.370150	-0.015687	3.791080
74.092090	5392.926135	5.375155	-0.015667	3.792785
74.040089	5398.079729	5.380160	-0.015655	3.794562
74.023564	5403.146307	5.385165	-0.015652	3.796311
74.187301	5408.168977	5.390170	-0.015691	3.798057
74.362603	5413.185973	5.395174	-0.015734	3.799802
74.222927	5417.973259	5.400179	-0.015701	3.801443
74.359521	5423.060626	5.405184	-0.015734	3.803207
74.331588	5428.201158	5.410189	-0.015728	3.804976
74.442471	5433.558439	5.415194	-0.015755	3.806830
74.456368	5438.623678	5.420198	-0.015758	3.808575
74.648668	5443.488585	5.425203	-0.015805	3.810264
74.579703	5448.359205	5.430208	-0.015789	3.811934
74.559136	5453.453556	5.435213	-0.015784	3.813684
74.813089	5458.493914	5.440218	-0.015846	3.815436
74.723198	5463.576739	5.445222	-0.015825	3.817175
74.626330	5468.663415	5.450227	-0.015802	3.818914
74.722079	5473.552593	5.455232	-0.015825	3.820599
74.728631	5478.441229	5.460237	-0.015827	3.822276
74.841722	5483.525781	5.465242	-0.015855	3.824028
74.842909	5488.844639	5.470246	-0.015856	3.825851
74.894548	5493.881240	5.475251	-0.015868	3.827581
74.938778	5499.023943	5.480256	-0.015880	3.829345
74.987372	5503.656182	5.485261	-0.015892	3.830934
75.026345	5508.630250	5.490266	-0.015901	3.832639
75.105366	5513.689829	5.495270	-0.015921	3.834375
75.168495	5518.781776	5.500275	-0.015936	3.836120
75.233944	5523.824359	5.505280	-0.015952	3.837848
75.334841	5528.836636	5.510285	-0.015977	3.839567
75.353695	5533.607837	5.515290	-0.015982	3.841197
75.337239	5538.715692	5.520294	-0.015979	3.842938
75.468284	5543.792086	5.525299	-0.016010	3.844680
75.480448	5549.162053	5.530304	-0.016014	3.846511
75.572216	5554.185079	5.535309	-0.016036	3.848229
75.661689	5559.175132	5.540314	-0.016058	3.849935
75.653372	5563.951564	5.545318	-0.016057	3.851561
75.639040	5569.028694	5.550323	-0.016054	3.853287
75.540403	5574.115787	5.555328	-0.016030	3.855010
75.739956	5579.157352	5.560333	-0.016079	3.856739
75.835773	5584.210461	5.565338	-0.016102	3.858463
75.857975	5589.090939	5.570342	-0.016108	3.860123
76.007575	5593.973831	5.575347	-0.016144	3.861792
75.894575	5599.047659	5.580352	-0.016117	3.863505
75.899275	5604.333347	5.585357	-0.016119	3.865298
76.134382	5609.416761	5.590362	-0.016176	3.867039
76.139960	5614.492426	5.595366	-0.016178	3.868760
76.170067	5619.311428	5.600371	-0.016185	3.870395
76.307045	5624.258307	5.605376	-0.016219	3.872080
76.260430	5629.303221	5.610381	-0.016208	3.873784
76.240991	5634.477272	5.615386	-0.016204	3.875533
76.271569	5639.480107	5.620390	-0.016211	3.877227
76.147877	5644.605930	5.625395	-0.016182	3.878950
76.276689	5649.325384	5.630400	-0.016214	3.880554
76.318391	5654.311015	5.635405	-0.016224	3.882241
76.488773	5659.360298	5.640410	-0.016265	3.883958
76.334031	5664.897868	5.645414	-0.016229	3.885815
76.441632	5669.944359	5.650419	-0.016255	3.887525
76.597545	5674.994562	5.655424	-0.016293	3.889239
76.444860	5679.708749	5.660429	-0.016257	3.890816
76.772099	5684.712805	5.665434	-0.016335	3.892526
76.695020	5689.809509	5.670438	-0.016317	3.894236
76.714086	5694.879047	5.675443	-0.016322	3.895943
76.761500	5699.959473	5.680448	-0.016334	3.897656
76.801806	5704.893244	5.685453	-0.016344	3.899318
76.871598	5709.731640	5.690458	-0.016362	3.900949
76.954616	5714.708630	5.695462	-0.016382	3.902627
76.923340	5719.946127	5.700467	-0.016375	3.904383
76.896807	5725.229594	5.705472	-0.016369	3.906155
76.988158	5730.266391	5.710477	-0.016391	3.907851
77.025806	5735.218388	5.715482	-0.016401	3.909515
77.125476	5740.004377	5.720486	-0.016425	3.911126
77.193215	5745.078905	5.725491	-0.016442	3.912832
77.182704	5750.151220	5.730496	-0.016440	3.914530
77.175563	5755.272574	5.735501	-0.016438	3.916244
77.342656	5760.274384	5.740506	-0.016479	3.917930
77.277279	5765.215841	5.745510	-0.016464	3.919578
77.258016	5770.094258	5.750515	-0.016460	3.921207
77.388856	5775.158034	5.755520	-0.016491	3.922909
77.289084	5780.492702	5.760525	-0.016468	3.924684
77.543015	5785.711173	5.765530	-0.016529	3.926445
77.374072	5790.827918	5.770534	-0.016489	3.928140
77.470044	5795.671503	5.775539	-0.016513	3.929763
77.629035	5800.539103	5.780544	-0.016551	3.931398
77.622740	5805.577466	5.785549	-0.016550	3.933077
77.598417	5810.752137	5.790554	-0.016545	3.934799
77.639844	5815.752692	5.795558	-0.016555	3.936468
77.609157	5820.797173	5.800563	-0.016548	3.938145
77.607919	5825.683556	5.805568	-0.016548	3.939771
77.689895	5830.546551	5.810573	-0.016569	3.941394
77.778976	5835.653303	5.815578	-0.016590	3.943098
77.876422	5840.901443	5.820582	-0.016614	3.944850
77.778120	5846.044496	5.825587	-0.016591	3.946551
77.877363	5851.133255	5.830592	-0.016615	3.948248
77.912565	5855.913380	5.835597	-0.016624	3.949837
77.920101	5860.870784	5.840602	-0.016626	3.951482
77.981922	5865.923152	5.845606	-0.016642	3.953162
78.076682	5871.047888	5.850611	-0.016665	3.954868
78.073742	5876.068533	5.855616	-0.016665	3.956531
78.028878	5881.121932	5.860621	-0.016654	3.958202
78.163810	5885.972107	5.865626	-0.016687	3.959817
78.183281	5890.896129	5.870630	-0.016692	3.961448
78.184533	5895.982773	5.875635	-0.016693	3.963131
78.343263	5901.430886	5.880640	-0.016731	3.964943
78.368685	5906.487603	5.885645	-0.016738	3.966617
78.491223	5911.557928	5.890650	-0.016768	3.968300
78.515290	5916.386624	5.895654	-0.016774	3.969896
78.467369	5921.331906	5.900659	-0.016763	3.971526
78.580754	5926.391618	5.905664	-0.016791	3.973203
78.670990	5931.487774	5.910669	-0.016813	3.974890
78.591076	5936.553086	5.915674	-0.016794	3.976554
78.669026	5941.614495	5.920678	-0.016813	3.978228
78.609140	5946.420033	5.925683	-0.016799	3.979807
78.786701	5951.350717	5.930688	-0.016842	3.981443
78.811984	5956.461831	5.935693	-0.016849	3.983127
78.886405	5961.780185	5.940698	-0.016867	3.984881
78.833348	5966.865769	5.945702	-0.016855	3.986550
78.980914	5971.921533	5.950707	-0.016891	3.988222
78.925632	5976.706771	5.955712	-0.016878	3.989791
78.937605	5981.678387	5.960717	-0.016881	3.991425
79.091773	5986.749515	5.965722	-0.016918	3.993100
79.086038	5991.875552	5.970726	-0.016918	3.994782
79.212177	5996.872214	5.975731	-0.016948	3.996430
79.226711	6001.970656	5.980736	-0.016952	3.998103
79.238528	6006.746927	5.985741	-0.016955	3.999669
79.385196	6011.699742	5.990746	-0.016991	4.001302
79.317578	6016.804524	5.995750	-0.016975	4.002969
79.429577	6022.248598	6.000755	-0.017003	4.004759
79.511519	6027.360752	6.005760	-0.017023	4.006437
79.471069	6032.420535	6.010765	-0.017013	4.008089
79.488877	6037.211350	6.015770	-0.017018	4.009657
79.604064	6042.159467	6.020774	-0.017046	4.011282
79.615709	6047.200117	6.025779	-0.017049	4.012929
79.622897	6052.331752	6.030784	-0.017052	4.014605
79.647853	6057.346063	6.035789	-0.017058	4.016244
79.770543	6062.382217	6.040794	-0.017088	4.017895
79.751682	6067.214490	6.045798	-0.017084	4.019470
79.748485	6072.139251	6.050803	-0.017084	4.021075
79.893653	6077.197954	6.055808	-0.017119	4.022734
79.706890	6082.608808	6.060813	-0.017075	4.024484
79.906934	6087.678660	6.065818	-0.017123	4.026148
79.780656	6092.757151	6.070822	-0.017093	4.027792
80.040423	6097.519391	6.075827	-0.017156	4.029359
79.975210	6102.509514	6.080832	-0.017141	4.030978
80.034534	6107.559337	6.085837	-0.017155	4.032623
80.041625	6112.688386	6.090842	-0.017157	4.034291
80.147628	6117.710605	6.095846	-0.017183	4.035929
80.164164	6122.764017	6.100851	-0.017188	4.037571
80.180848	6127.632801	6.105856	-0.017192	4.039152
80.270385	6132.512487	6.110861	-0.017214	4.040741
80.385856	6137.584233	6.115866	-0.017242	4.042394
80.344328	6142.988208	6.120870	-0.017233	4.044143
80.358635	6148.166132	6.125875	-0.017237	4.045821
80.433088	6153.221957	6.130880	-0.017255	4.047464
80.378490	6158.111644	6.135885	-0.017242	4.049043
80.505324	6162.862583	6.140890	-0.017273	4.050589
80.588264	6167.876353	6.145894	-0.017293	4.052217
80.651518	6172.912636	6.150899	-0.017309	4.053850
80.654986	6178.036690	6.155904	-0.017310	4.055506
80.706827	6183.062048	6.160909	-0.017323	4.057133
80.588884	6188.026671	6.165914	-0.017295	4.058729
80.958040	6192.799383	6.170918	-0.017384	4.060294
80.940450	6197.860476	6.175923	-0.017380	4.061927
80.889783	6203.122042	6.180928	-0.017369	4.063621
80.872525	6208.350854	6.185933	-0.017365	4.065306
80.939333	6213.418328	6.190938	-0.017382	4.066943
80.939750	6218.296956	6.195942	-0.017382	4.068515
81.078865	6223.155895	6.200947	-0.017416	4.070089
81.122973	6228.244712	6.205952	-0.017427	4.071731
81.189808	6233.239744	6.210957	-0.017443	4.073342
81.134933	6238.335390	6.215962	-0.017431	4.074978
81.211721	6243.428547	6.220966	-0.017450	4.076621
81.204488	6248.379641	6.225971	-0.017448	4.078212
81.350407	6253.196510	6.230976	-0.017484	4.079769
81.275745	6258.276976	6.235981	-0.017466	4.081396
81.459408	6263.397351	6.240986	-0.017511	4.083052
81.441140	6268.883969	6.245990	-0.017507	4.084811
81.502559	6273.933301	6.250995	-0.017522	4.086435
81.542025	6278.947243	6.256000	-0.017532	4.088046
81.484344	6283.641910	6.261005	-0.017518	4.089547
81.647442	6288.721358	6.266010	-0.017558	4.091185
81.699839	6293.796076	6.271014	-0.017571	4.092813
81.634346	6298.854760	6.276019	-0.017556	4.094429
81.691376	6303.936489	6.281024	-0.017570	4.096059
81.793341	6308.972131	6.286029	-0.017595	4.097676
81.666365	6313.710372	6.291034	-0.017565	4.099183
81.842635	6318.696792	6.296038	-0.017607	4.100789
81.810218	6323.813336	6.301043	-0.017600	4.102421
81.963657	6329.207285	6.306048	-0.017637	4.104154
81.893279	6334.231026	6.311053	-0.017621	4.105754
81.910317	6339.293892	6.316058	-0.017626	4.107370
81.944098	6344.121449	6.321062	-0.017634	4.108913
82.036579	6349.044777	6.326067	-0.017657	4.110489
82.145582	6354.108744	6.331072	-0.017683	4.112110
82.110794	6359.207545	6.336077	-0.017675	4.113732
82.235809	6364.231178	6.341082	-0.017706	4.115341
82.193925	6369.307945	6.346086	-0.017696	4.116954
82.273243	6374.175002	6.351091	-0.017716	4.118509
82.264081	6379.135257	6.356096	-0.017714	4.120086
82.329208	6384.164035	6.361101	-0.017730	4.121690
82.326602	6389.465694	6.366106	-0.017730	4.123375
82.312637	6394.746241	6.371110	-0.017727	4.125052
82.400071	6399.806166	6.376115	-0.017748	4.126665
82.420417	6404.720208	6.381120	-0.017754	4.128226
82.417065	6409.548366	6.386125	-0.017753	4.129759
82.597316	6414.587757	6.391130	-0.017797	4.131369
82.635514	6419.663383	6.396134	-0.017807	4.132981
82.660691	6424.703212	6.401139	-0.017813	4.134581
82.554660	6429.831208	6.406144	-0.017788	4.136199
82.671121	6434.814428	6.411149	-0.017816	4.137785
82.730740	6439.575217	6.416154	-0.017831	4.139296
82.755979	6444.646444	6.421158	-0.017838	4.140903
82.764873	6449.715984	6.426163	-0.017840	4.142508
82.806994	6455.058318	6.431168	-0.017851	4.144200
82.904371	6460.077833	6.436173	-0.017875	4.145794
82.976075	6465.170591	6.441178	-0.017892	4.147408
82.981208	6469.862418	6.446182	-0.017894	4.148890
82.957982	6474.899679	6.451187	-0.017889	4.150480
83.115476	6479.998111	6.456192	-0.017927	4.152099
83.161373	6485.072136	6.461197	-0.017938	4.153703
83.048282	6490.143871	6.466202	-0.017912	4.155296
83.157382	6495.207370	6.471206	-0.017938	4.156899
83.150133	6500.009488	6.476211	-0.017937	4.158413
83.315602	6504.953759	6.481216	-0.017977	4.159981
83.272230	6510.028290	6.486221	-0.017967	4.161577
83.359058	6515.475870	6.491226	-0.017989	4.163297
83.442673	6520.668389	6.496230	-0.018009	4.164936
83.412240	6525.731525	6.501235	-0.018002	4.166527
83.369522	6530.633172	6.506240	-0.017992	4.168066
83.488262	6535.464228	6.511245	-0.018021	4.169592
83.596559	6540.518744	6.516250	-0.018048	4.171187
83.657843	6545.559586	6.521254	-0.018063	4.172775
83.577315	6550.633103	6.526259	-0.018044	4.174363
83.708066	6555.686108	6.531264	-0.018076	4.175957
83.679301	6560.661791	6.536269	-0.018069	4.177516
83.742358	6565.469068	6.541274	-0.018085	4.179028
83.879061	6570.463918	6.546278	-0.018118	4.180602
83.770233	6575.651055	6.551283	-0.018093	4.182221
83.789818	6581.012490	6.556288	-0.018098	4.183902
83.897873	6586.008868	6.561293	-0.018124	4.185474
83.909532	6591.072801	6.566298	-0.018127	4.187060
83.967549	6595.820306	6.571302	-0.018142	4.188549
83.929998	6600.818678	6.576307	-0.018133	4.190110
84.061847	6605.883865	6.581312	-0.018165	4.191702
84.054265	6610.980079	6.586317	-0.018164	4.193295
84.008202	6616.035721	6.591322	-0.018153	4.194871
84.107886	6621.081999	6.596326	-0.018178	4.196454
84.192035	6625.941204	6.601331	-0.018198	4.197976
84.254286	6630.851458	6.606336	-0.018213	4.199512
84.262824	6635.882008	6.611341	-0.018216	4.201082
84.355423	6641.227602	6.616346	-0.018239	4.202755
84.449392	6646.474929	6.621350	-0.018262	4.204397
84.328282	6651.577465	6.626355	-0.018233	4.205980
84.408648	6656.486656	6.631360	-0.018253	4.207514
84.386952	6661.264917	6.636365	-0.018248	4.209000
84.403933	6666.385486	6.641370	-0.018253	4.210595
84.495992	6671.439365	6.646374	-0.018275	4.212174
84.512821	6676.484540	6.651379	-0.018280	4.213744
84.652992	6681.562129	6.656384	-0.018314	4.215331
84.665062	6686.583900	6.661389	-0.018317	4.216893
84.774341	6691.271306	6.666394	-0.018344	4.218356
84.671709	6696.367961	6.671398	-0.018319	4.219933
84.861638	6701.405391	6.676403	-0.018365	4.221508
84.796860	6706.796384	6.681408	-0.018350	4.223177
84.801551	6711.857129	6.686413	-0.018352	4.224748
84.886211	6716.914534	6.691418	-0.018373	4.226321
84.881476	6721.749198	6.696422	-0.018372	4.227820
84.906537	6726.632279	6.701427	-0.018378	4.229335
85.022248	6731.703428	6.706432	-0.018407	4.230912
84.938625	6736.810486	6.711437	-0.018387	4.232489
85.066661	6741.874043	6.716442	-0.018418	4.234064
85.185360	6746.926170	6.721446	-0.018447	4.235635
85.244793	6751.900636	6.726451	-0.018462	4.237177
85.205212	6756.711972	6.731456	-0.018453	4.238662
85.196939	6761.767539	6.736461	-0.018451	4.240224
85.228634	6766.903275	6.741466	-0.018459	4.241813
85.310784	6772.440817	6.746470	-0.018479	4.243528
85.525086	6777.433703	6.751475	-0.018531	4.245083
85.454623	6782.539099	6.756480	-0.018515	4.246654
85.443445	6787.231312	6.761485	-0.018513	4.248101
85.463037	6792.263527	6.766490	-0.018518	4.249654
85.440642	6797.334899	6.771494	-0.018513	4.251217
85.569065	6802.431308	6.776499	-0.018544	4.252795
85.695884	6807.423530	6.781504	-0.018575	4.254340
85.596201	6812.528274	6.786509	-0.018551	4.255907
85.655587	6817.439544	6.791514	-0.018566	4.257422
85.738511	6822.269004	6.796518	-0.018586	4.258913
85.799229	6827.326655	6.801523	-0.018601	4.260473
85.770101	6832.525944	6.806528	-0.018595	4.262070
85.894905	6837.737854	6.811533	-0.018625	4.263679
85.805897	6842.883206	6.816538	-0.018604	4.265255
85.965042	6847.867964	6.821542	-0.018643	4.266796
85.896338	6852.581058	6.826547	-0.018627	4.268239
85.905306	6857.692133	6.831552	-0.018630	4.269808
85.931153	6862.710342	6.836557	-0.018636	4.271350
85.967260	6867.820071	6.841562	-0.018645	4.272919
86.003845	6872.851149	6.846566	-0.018655	4.274464
85.949361	6877.938773	6.851571	-0.018642	4.276020
86.221876	6882.746012	6.856576	-0.018708	4.277509
86.155594	6887.664121	6.861581	-0.018692	4.279011
86.244015	6892.725396	6.866586	-0.018714	4.280566
86.351064	6898.032981	6.871590	-0.018740	4.282197
86.284713	6903.315720	6.876595	-0.018725	4.283809
86.317459	6908.414544	6.881600	-0.018733	4.285371
86.392308	6913.342972	6.886605	-0.018751	4.286882
86.401712	6918.139219	6.891610	-0.018754	4.288348
86.390877	6923.203537	6.896614	-0.018752	4.289895
86.521754	6928.210665	6.901619	-0.018784	4.291431
86.629513	6933.295515	6.906624	-0.018810	4.292990
86.576223	6938.206428	6.911629	-0.018798	4.294486
86.524315	6943.269237	6.916634	-0.018786	4.296027
86.699834	6948.055252	6.921638	-0.018828	4.297497
86.740660	6953.021500	6.926643	-0.018838	4.299013
86.724034	6958.116933	6.931648	-0.018835	4.300565
86.908118	6963.347297	6.936653	-0.018879	4.302169
86.777966	6968.543306	6.941658	-0.018849	4.303744
86.885930	6973.621377	6.946662	-0.018875	4.305296
86.934995	6978.553117	6.951667	-0.018887	4.306799
86.990454	6983.348899	6.956672	-0.018901	4.308261
86.881238	6988.451803	6.961677	-0.018875	4.309807
86.943429	6993.593819	6.966682	-0.018891	4.311374
87.068167	6998.639924	6.971686	-0.018921	4.312914
87.115967	7003.657792	6.976691	-0.018933	4.314441
87.151385	7008.722912	6.981696	-0.018942	4.315981
87.111457	7013.516664	6.986701	-0.018933	4.317434
87.186699	7018.443219	6.991706	-0.018951	4.318933
87.188978	7023.521766	6.996710	-0.018952	4.320474
87.248241	7028.908871	7.001715	-0.018967	4.322111
87.182664	7034.177656	7.006720	-0.018952	4.323704
87.346781	7039.175592	7.011725	-0.018991	4.325228
87.410688	7044.137958	7.016730	-0.019007	4.326735
87.325108	7048.939580	7.021734	-0.018987	4.328184
87.504921	7053.940982	7.026739	-0.019031	4.329708
87.469075	7059.069114	7.031744	-0.019022	4.331257
87.604492	7064.168951	7.036749	-0.019055	4.332807
87.587316	7069.196157	7.041754	-0.019052	4.334327
87.513646	7074.266372	7.046758	-0.019034	4.335855
87.615106	7078.997580	7.051763	-0.019059	4.337290
87.771046	7083.976874	7.056768	-0.019097	4.338803
87.728908	7089.016604	7.061773	-0.019087	4.340322
87.606148	7094.385101	7.066778	-0.019059	4.341936
87.757554	7099.569339	7.071782	-0.019095	4.343509
87.723148	7104.622427	7.076787	-0.019087	4.345031
87.822709	7109.515337	7.081792	-0.019112	4.346512
87.941304	7114.268729	7.086797	-0.019141	4.347951
87.977932	7119.377390	7.091802	-0.019150	4.349492
88.009964	7124.441017	7.096806	-0.019158	4.351019
88.231590	7129.460872	7.101811	-0.019211	4.352543
88.207675	7134.547505	7.106816	-0.019206	4.354073
88.246332	7139.624664	7.111821	-0.019216	4.355602
88.252788	7144.392778	7.116826	-0.019218	4.357037
88.277820	7149.370975	7.121830	-0.019224	4.358535
88.429342	7154.426882	7.126835	-0.019261	4.360063
88.341850	7159.820533	7.131840	-0.019241	4.361679
88.495853	7165.032534	7.136845	-0.019278	4.363253
88.551565	7170.090392	7.141850	-0.019292	4.364775
88.550726	7175.039472	7.146854	-0.019292	4.366260
88.438415	7179.821804	7.151859	-0.019266	4.367689
88.523630	7184.900379	7.156864	-0.019286	4.369217
88.636871	7189.961178	7.161869	-0.019314	4.370740
88.711660	7194.986884	7.166874	-0.019332	4.372251
88.830578	7200.056508	7.171878	-0.019361	4.373776
88.733837	7205.112141	7.176883	-0.019339	4.375285
88.855489	7209.939781	7.181888	-0.019368	4.376737
88.831365	7214.841931	7.186893	-0.019363	4.378204
88.817497	7219.921292	7.191898	-0.019360	4.379723
89.011520	7225.144007	7.196902	-0.019407	4.381295
88.989367	7230.373600	7.201907	-0.019402	4.382858
89.067358	7235.469251	7.206912	-0.019421	4.384385
89.145383	7240.483097	7.211917	-0.019440	4.385887
89.169739	7245.200850	7.216922	-0.019447	4.387298
89.168334	7250.270812	7.221926	-0.019447	4.388812
89.029888	7255.360469	7.226931	-0.019414	4.390324
89.013155	7260.506727	7.231936	-0.019411	4.391859
89.181836	7265.498535	7.236941	-0.019451	4.393357
89.088627	7270.577029	7.241946	-0.019430	4.394866
89.236080	7275.461893	7.246950	-0.019465	4.396330
89.282981	7280.282310	7.251955	-0.019477	4.397769
89.423291	7285.355176	7.256960	-0.019511	4.399287
89.481987	7290.527029	7.261965	-0.019526	4.400831
89.343600	7296.030094	7.266970	-0.019493	4.402462
89.619980	7301.094030	7.271974	-0.019560	4.403983
89.538849	7306.153230	7.276979	-0.019541	4.405484
89.686416	7310.930436	7.281984	-0.019576	4.406912
89.624187	7315.863621	7.286989	-0.019562	4.408375
89.819860	7320.957140	7.291994	-0.019609	4.409899
89.706178	7326.026691	7.296998	-0.019582	4.411399
89.700594	7331.091661	7.302003	-0.019582	4.412903
89.772315	7336.182726	7.307008	-0.019599	4.414418
89.942486	7341.070046	7.312013	-0.019640	4.415877
89.756186	7345.886453	7.317018	-0.019596	4.417297
89.765865	7350.990283	7.322022	-0.019599	4.418811
89.842748	7356.004124	7.327027	-0.019618	4.420301
89.990364	7361.401431	7.332032	-0.019654	4.421909
90.027629	7366.461569	7.337037	-0.019663	4.423410
89.976009	7371.516728	7.342042	-0.019651	4.424904
89.964729	7376.395721	7.347046	-0.019649	4.426348
90.037477	7381.223753	7.352051	-0.019667	4.427781
90.194713	7386.369070	7.357056	-0.019705	4.429311
90.190429	7391.381590	7.362061	-0.019704	4.430793
90.301929	7396.434902	7.367066	-0.019732	4.432293
90.107253	7401.572458	7.372070	-0.019685	4.433802
90.287296	7406.625852	7.377075	-0.019729	4.435304
90.367223	7411.315596	7.382080	-0.019749	4.436693
90.466718	7416.312252	7.387085	-0.019773	4.438174
90.482511	7421.363112	7.392090	-0.019777	4.439666
90.502436	7426.777940	7.397094	-0.019782	4.441264
90.449781	7431.985957	7.402099	-0.019770	4.442798
90.531644	7437.122863	7.407104	-0.019790	4.444317
90.556164	7442.041525	7.412109	-0.019797	4.445768
90.525746	7446.816516	7.417114	-0.019790	4.447173
90.672420	7451.887005	7.422118	-0.019825	4.448674
90.756574	7456.930731	7.427123	-0.019846	4.450164
90.809389	7462.027151	7.432128	-0.019859	4.451667
90.798545	7467.051312	7.437133	-0.019857	4.453145
90.717059	7472.139100	7.442138	-0.019838	4.454637
90.735505	7477.047983	7.447142	-0.019843	4.456082
90.894563	7481.894105	7.452147	-0.019881	4.457515
91.030455	7486.945535	7.457152	-0.019914	4.459006
90.844893	7492.055599	7.462157	-0.019870	4.460498
91.032791	7497.402492	7.467162	-0.019916	4.462078
90.910017	7502.528721	7.472166	-0.019887	4.463577
91.046797	7507.572084	7.477171	-0.019920	4.465064
91.190731	7512.293478	7.482176	-0.019955	4.466456
91.195997	7517.254976	7.487181	-0.019957	4.467912
91.042458	7522.382405	7.492186	-0.019920	4.469407
91.308410	7527.468120	7.497190	-0.019985	4.470911
91.187732	7532.472961	7.502195	-0.019956	4.472372
91.346413	7537.589913	7.507200	-0.019995	4.473878
91.263813	7542.584133	7.512205	-0.019975	4.475337
91.318127	7547.372284	7.517210	-0.019989	4.476741
91.420916	7552.399202	7.522214	-0.020014	4.478217
91.296522	7557.486403	7.527219	-0.019984	4.479699
91.465321	7562.869678	7.532224	-0.020025	4.481282
91.585725	7567.913764	7.537229	-0.020055	4.482762
91.517056	7573.003116	7.542234	-0.020039	4.484246
91.608604	7577.909006	7.547238	-0.020061	4.485684
91.658668	7582.687676	7.552243	-0.020073	4.487082
91.668043	7587.820146	7.557248	-0.020076	4.488580
91.811569	7592.777770	7.562253	-0.020111	4.490034
91.790919	7597.896198	7.567258	-0.020107	4.491527
91.802087	7602.966026	7.572262	-0.020110	4.493006
91.784790	7608.019800	7.577267	-0.020106	4.494479
91.897328	7612.806049	7.582272	-0.020133	4.495879
91.833801	7617.715392	7.587277	-0.020119	4.497306
91.941798	7622.819554	7.592282	-0.020145	4.498798
92.055584	7627.969519	7.597286	-0.020173	4.500304
92.105596	7633.261671	7.602291	-0.020185	4.501846
92.106339	7638.346017	7.607296	-0.020186	4.503326
92.040392	7643.403409	7.612301	-0.020170	4.504794
92.156079	7648.057493	7.617306	-0.020199	4.506153
92.285457	7653.067347	7.622310	-0.020230	4.507616
92.203169	7658.178458	7.627315	-0.020211	4.509097
92.353771	7663.274108	7.632320	-0.020247	4.510585
92.353901	7668.258792	7.637325	-0.020248	4.512032
92.293798	7673.414224	7.642330	-0.020234	4.513526
92.365077	7678.412978	7.647334	-0.020251	4.514980
92.450756	7683.098884	7.652339	-0.020272	4.516344
92.474605	7688.182920	7.657344	-0.020278	4.517820
92.366044	7693.310933	7.662349	-0.020253	4.519302
92.514972	7698.720251	7.667354	-0.020289	4.520877
92.564345	7703.897887	7.672358	-0.020301	4.522379
92.589223	7708.916358	7.677363	-0.020308	4.523834
92.598767	7713.894760	7.682368	-0.020311	4.525276
92.705010	7718.591354	7.687373	-0.020336	4.526641
92.831252	7723.651898	7.692378	-0.020367	4.528111
92.982412	7728.724071	7.697382	-0.020404	4.529586
92.647890	7733.881864	7.702387	-0.020324	4.531062
92.852598	7738.906483	7.707392	-0.020374	4.532524
92.895648	7743.986252	7.712397	-0.020384	4.533994
92.922462	7748.872556	7.717402	-0.020391	4.535407
93.029033	7753.667362	7.722406	-0.020417	4.536797
92.939687	7758.782230	7.727411	-0.020396	4.538270
93.054782	7763.882697	7.732416	-0.020424	4.539747
92.904751	7769.282371	7.737421	-0.020389	4.541298
93.110114	7774.297975	7.742426	-0.020439	4.542755
93.245789	7779.388314	7.747430	-0.020471	4.544229
93.266297	7784.154606	7.752435	-0.020477	4.545604
93.380067	7789.049143	7.757440	-0.020504	4.547020
93.412089	7794.148187	7.762445	-0.020513	4.548490
93.369527	7799.193761	7.767450	-0.020503	4.549941
93.363802	7804.285938	7.772454	-0.020502	4.551407
93.399999	7809.405517	7.777459	-0.020511	4.552882
93.427888	7814.444543	7.782464	-0.020518	4.554333
93.442525	7819.169239	7.787469	-0.020522	4.555693
93.394951	7824.196429	7.792474	-0.020511	4.557136
93.506055	7829.245221	7.797478	-0.020538	4.558593
93.567554	7834.519905	7.802483	-0.020554	4.560111
93.570143	7839.974345	7.807488	-0.020555	4.561678
93.779254	7845.004878	7.812493	-0.020605	4.563132
93.709243	7850.012341	7.817498	-0.020589	4.564567
93.895159	7854.691905	7.822502	-0.020634	4.565918
93.767200	7859.766138	7.827507	-0.020604	4.567368
93.863077	7864.787534	7.832512	-0.020627	4.568812
93.773234	7869.964467	7.837517	-0.020606	4.570293
93.900954	7874.992734	7.842522	-0.020637	4.571740
94.002218	7880.007251	7.847526	-0.020662	4.573181
93.965986	7885.024644	7.852531	-0.020654	4.574617
93.956638	7889.787409	7.857536	-0.020652	4.575980
93.998082	7894.783461	7.862541	-0.020662	4.577412
93.949198	7899.929702	7.867546	-0.020651	4.578882
94.078893	7905.242334	7.872550	-0.020682	4.580408
94.232369	7910.343354	7.877555	-0.020720	4.581874
94.283917	7915.443696	7.882560	-0.020732	4.583334
94.133642	7920.400751	7.887565	-0.020697	4.584744
94.197528	7925.128566	7.892570	-0.020713	4.586098
94.349378	7930.213352	7.897574	-0.020750	4.587557
94.252465	7935.195971	7.902579	-0.020727	4.588976
94.289425	7940.419254	7.907584	-0.020736	4.590468
94.475343	7945.400733	7.912589	-0.020781	4.591898
94.313303	7950.450866	7.917594	-0.020743	4.593331
94.495161	7955.467919	7.922598	-0.020787	4.594770
94.531572	7960.180966	7.927603	-0.020796	4.596116
94.537955	7965.259501	7.932608	-0.020798	4.597563
94.492571	7970.364233	7.937613	-0.020788	4.599016
94.568958	7975.875677	7.942618	-0.020806	4.600589
94.697744	7980.951979	7.947622	-0.020838	4.602040
94.635802	7986.084026	7.952627	-0.020823	4.603498
94.777599	7990.893793	7.957632	-0.020858	4.604873
94.756298	7995.730622	7.962637	-0.020853	4.606248
94.735934	8000.811409	7.967642	-0.020849	4.607692
94.843872	8005.875889	7.972646	-0.020875	4.609136
94.962073	8010.954670	7.977651	-0.020904	4.610585
95.051000	8015.963824	7.982656	-0.020925	4.612012
94.896543	8021.093925	7.987661	-0.020889	4.613462
94.788134	8025.988555	7.992666	-0.020863	4.614847
95.046469	8030.769137	7.997670	-0.020926	4.616215
95.024757	8035.924969	8.002675	-0.020921	4.617677
94.974662	8040.995480	8.007680	-0.020909	4.619114
95.072969	8046.347286	8.012685	-0.020933	4.620636
95.109207	8051.463796	8.017690	-0.020943	4.622088
95.314469	8056.441099	8.022694	-0.020992	4.623507
95.180615	8061.350250	8.027699	-0.020961	4.624892
95.221124	8066.199633	8.032704	-0.020971	4.626267
95.341215	8071.267537	8.037709	-0.021000	4.627707
95.215703	8076.377256	8.042714	-0.020970	4.629148
95.396451	8081.425744	8.047718	-0.021014	4.630585
95.274394	8086.503848	8.052723	-0.020985	4.632016
95.517489	8091.574629	8.057728	-0.021044	4.633460
95.396694	8096.425920	8.062733	-0.021016	4.634827
95.413032	8101.359131	8.067738	-0.021020	4.636222
95.453919	8106.378471	8.072742	-0.021030	4.637641
95.507529	8111.538915	8.077747	-0.021043	4.639101
95.527636	8117.062254	8.082752	-0.021049	4.640662
95.552998	8122.065591	8.087757	-0.021055	4.642075
95.585736	8127.154538	8.092762	-0.021064	4.643512
95.637891	8131.901160	8.097766	-0.021077	4.644854
95.722687	8136.846800	8.102771	-0.021097	4.646252
95.800793	8141.893556	8.107776	-0.021116	4.647678
95.874656	8146.949182	8.112781	-0.021135	4.649106
95.809940	8152.084063	8.117786	-0.021120	4.650550
95.885414	8157.103795	8.122790	-0.021138	4.651967
95.849663	8162.183061	8.127795	-0.021130	4.653396
95.813351	8166.960012	8.132800	-0.021122	4.654739
96.021242	8171.873173	8.137805	-0.021172	4.656130
96.024513	8176.926635	8.142810	-0.021173	4.657552
96.071890	8182.029349	8.147814	-0.021185	4.658989
96.049195	8187.435278	8.152819	-0.021180	4.660508
95.944110	8192.467703	8.157824	-0.021155	4.661918
96.087786	8197.570636	8.162829	-0.021190	4.663358
96.123783	8202.336854	8.167834	-0.021199	4.664698
96.233820	8207.268957	8.172838	-0.021226	4.666088
96.276798	8212.317253	8.177843	-0.021237	4.667506
96.267814	8217.398306	8.182848	-0.021235	4.668932
96.340299	8222.457495	8.187853	-0.021253	4.670354
96.350288	8227.445272	8.192858	-0.021256	4.671754
96.465379	8232.559058	8.197862	-0.021284	4.673192
96.452453	8237.353920	8.202867	-0.021281	4.674536
96.470917	8242.370542	8.207872	-0.021286	4.675942
96.431241	8247.417471	8.212877	-0.021277	4.677354
96.610818	8252.560148	8.217882	-0.021321	4.678802
96.605553	8258.023289	8.222886	-0.021320	4.680331
96.655355	8263.099495	8.227891	-0.021332	4.681754
96.693680	8268.161119	8.232896	-0.021342	4.683171
96.643786	8273.003018	8.237901	-0.021330	4.684524
96.585139	8277.893394	8.242906	-0.021317	4.685889
96.780673	8282.939405	8.247910	-0.021364	4.687307
96.680978	8288.053344	8.252915	-0.021341	4.688732
96.912854	8293.061324	8.257920	-0.021397	4.690141
96.875417	8298.188085	8.262925	-0.021388	4.691571
96.822610	8303.157627	8.267930	-0.021376	4.692956
96.855413	8308.134929	8.272934	-0.021384	4.694347
96.916624	8312.873375	8.277939	-0.021399	4.695671
96.979569	8318.052849	8.282944	-0.021415	4.697119
96.912524	8323.133372	8.287949	-0.021399	4.698533
96.963535	8328.563097	8.292954	-0.021412	4.700048
97.107858	8333.551660	8.297958	-0.021447	4.701445
97.166897	8338.564428	8.302963	-0.021462	4.702843
97.194810	8343.523879	8.307968	-0.021469	4.704226
97.238606	8348.260407	8.312973	-0.021480	4.705547
97.232524	8353.387027	8.317978	-0.021479	4.706973
97.398189	8358.443927	8.322982	-0.021519	4.708387
97.388431	8363.586549	8.327987	-0.021517	4.709817
97.337515	8368.606528	8.332992	-0.021505	4.711211
97.304335	8373.751167	8.337997	-0.021498	4.712640
97.411067	8378.552167	8.343002	-0.021524	4.713979
97.470538	8383.482853	8.348006	-0.021538	4.715351
97.451104	8388.420917	8.353011	-0.021534	4.716722
97.429863	8393.639539	8.358016	-0.021530	4.718171
97.551657	8399.115576	8.363021	-0.021559	4.719696
97.461139	8404.294717	8.368026	-0.021538	4.721129
97.666656	8409.272437	8.373030	-0.021588	4.722519
97.595711	8414.300947	8.378035	-0.021571	4.723910
97.615457	8418.750145	8.383040	-0.021576	4.725145
97.766692	8423.708574	8.388045	-0.021613	4.726525
97.726522	8428.803341	8.393050	-0.021604	4.727936
97.825140	8433.900896	8.398054	-0.021628	4.729352
97.810860	8438.990441	8.403059	-0.021625	4.730761
97.844847	8444.033907	8.408064	-0.021634	4.732158
97.887958	8449.047095	8.413069	-0.021644	4.733548
97.734026	8453.750583	8.418074	-0.021608	4.734843
97.885099	8458.874062	8.423078	-0.021645	4.736266
97.975789	8463.852021	8.428083	-0.021667	4.737647
98.012311	8469.214250	8.433088	-0.021676	4.739131
98.078911	8474.343355	8.438093	-0.021692	4.740551
98.060522	8479.471554	8.443098	-0.021688	4.741967
98.173990	8484.489628	8.448102	-0.021716	4.743357
98.161890	8489.146157	8.453107	-0.021714	4.744643
98.187362	8494.189920	8.458112	-0.021720	4.746036
98.116414	8499.328194	8.463117	-0.021704	4.747451
98.338963	8504.362572	8.468122	-0.021757	4.748849
98.296843	8509.430704	8.473126	-0.021748	4.750245
98.367542	8514.493249	8.478131	-0.021765	4.751644
98.394070	8519.587402	8.483136	-0.021772	4.753049
98.288124	8524.258916	8.488141	-0.021747	4.754332
98.494240	8529.244214	8.493146	-0.021797	4.755714
98.391984	8534.364501	8.498150	-0.021773	4.757120
98.583646	8539.569214	8.503155	-0.021819	4.758560
98.577503	8545.001074	8.508160	-0.021818	4.760055
98.570573	8550.068200	8.513165	-0.021817	4.761449
98.589555	8555.127459	8.518170	-0.021822	4.762842
98.698671	8559.866583	8.523174	-0.021849	4.764149
98.776056	8564.802344	8.528179	-0.021868	4.765509
98.742485	8569.857481	8.533184	-0.021860	4.766897
98.785306	8574.988521	8.538189	-0.021871	4.768308
98.698383	8580.015499	8.543194	-0.021850	4.769686
98.832349	8585.127600	8.548198	-0.021883	4.771095
98.910137	8590.114949	8.553203	-0.021902	4.772467
98.813679	8595.044087	8.558208	-0.021879	4.773816
98.972559	8599.874950	8.563213	-0.021918	4.775148
99.065553	8604.955533	8.568218	-0.021941	4.776545
98.988577	8610.066042	8.573223	-0.021923	4.777943
99.097382	8615.434474	8.578227	-0.021949	4.779419
99.047206	8620.538584	8.583232	-0.021938	4.780816
99.075642	8625.524891	8.588237	-0.021945	4.782183
99.228041	8630.543188	8.593242	-0.021982	4.783563
99.659330	8635.203569	8.598247	-0.022085	4.784855
100.212100	8640.248794	8.603251	-0.022218	4.786257
100.215385	8645.253589	8.608256	-0.022219	4.787627
100.439752	8650.416229	8.613261	-0.022274	4.789048
100.443574	8655.466145	8.618266	-0.022275	4.790429
100.437255	8660.532634	8.623271	-0.022274	4.791814
100.571677	8665.519354	8.628275	-0.022307	4.793182
100.567423	8670.228515	8.633280	-0.022306	4.794469
100.652600	8672.918307	8.638285	-0.022327	4.795207
100.687318	8672.939718	8.643290	-0.022335	4.795214
100.660374	8672.933105	8.648295	-0.022329	4.795211
100.619538	8672.937560	8.653299	-0.022319	4.795211
100.788102	8672.951844	8.658304	-0.022359	4.795221
100.774195	8672.960566	8.663309	-0.022356	4.795223
100.806140	8672.910357	8.668314	-0.022364	4.795210
100.750325	8672.947748	8.673319	-0.022351	4.795219
100.714902	8672.925166	8.678323	-0.022342	4.795211
100.749367	8672.905467	8.683328	-0.022351	4.795207
100.689680	8672.968539	8.688333	-0.022337	4.795222
100.789062	8672.903266	8.693338	-0.022360	4.795208
100.788307	8672.951311	8.698343	-0.022360	4.795221
100.783580	8672.950760	8.703347	-0.022359	4.795221
100.839739	8672.914338	8.708352	-0.022373	4.795213
100.960786	8672.960355	8.713357	-0.022402	4.795230
100.914626	8672.901544	8.718362	-0.022391	4.795212
100.842616	8672.982326	8.723367	-0.022374	4.795232
100.856629	8672.920888	8.728371	-0.022377	4.795215
100.830835	8672.954117	8.733376	-0.022371	4.795224
100.932043	8672.952595	8.738381	-0.022396	4.795227
100.814028	8672.955178	8.743386	-0.022368	4.795223
100.938711	8672.949258	8.748391	-0.022397	4.795226
100.860840	8672.953134	8.753395	-0.022379	4.795224
100.794592	8672.930253	8.758400	-0.022363	4.795216
100.868748	8672.927909	8.763405	-0.022381	4.795218
100.959437	8672.879842	8.768410	-0.022403	4.795208
100.993228	8672.965387	8.773415	-0.022411	4.795233
100.896637	8672.899852	8.778419	-0.022388	4.795211
100.904079	8672.918187	8.783424	-0.022390	4.795217
100.797045	8672.958108	8.788429	-0.022364	4.795224
100.892679	8672.911641	8.793434	-0.022387	4.795215
100.814475	8673.006997	8.798439	-0.022369	4.795238
100.927661	8672.947811	8.803443	-0.022396	4.795226
100.837126	8672.951156	8.808448	-0.022374	4.795223
100.884727	8672.958209	8.813453	-0.022386	4.795227
100.870282	8672.957862	8.818458	-0.022383	4.795226
100.784756	8672.955941	8.823463	-0.022362	4.795223
100.960986	8672.941732	8.828467	-0.022405	4.795225
101.077033	8672.966727	8.833472	-0.022432	4.795237
100.904140	8672.963203	8.838477	-0.022391	4.795229
100.919741	8672.975835	8.843482	-0.022395	4.795233
100.884729	8672.944052	8.848487	-0.022387	4.795223
100.972214	8672.936432	8.853491	-0.022408	4.795224
100.982789	8672.946332	8.858496	-0.022410	4.795228
100.915699	8672.942998	8.863501	-0.022394	4.795224
100.985259	8672.896717	8.868506	-0.022411	4.795214
101.037353	8672.916862	8.873511	-0.022424	4.795222
101.102984	8672.881413	8.878515	-0.022440	4.795215
101.041176	8672.912777	8.883520	-0.022425	4.795221
100.978727	8672.971662	8.888525	-0.022410	4.795234
100.842647	8672.959605	8.893530	-0.022378	4.795226
100.850495	8672.952739	8.898535	-0.022380	4.795224
100.945040	8672.896137	8.903539	-0.022402	4.795213
100.984760	8672.935142	8.908544	-0.022412	4.795225
100.941442	8672.920511	8.913549	-0.022402	4.795219
100.928698	8672.859353	8.918554	-0.022399	4.795202
100.941201	8672.935277	8.923559	-0.022402	4.795223
100.983425	8672.883642	8.928563	-0.022412	4.795211
100.954984	8672.902380	8.933568	-0.022405	4.795215
100.949345	8672.952246	8.938573	-0.022404	4.795228
100.935521	8672.885523	8.943578	-0.022401	4.795210
100.885351	8672.973564	8.948583	-0.022389	4.795232
100.894633	8672.910495	8.953587	-0.022391	4.795215
100.859082	8672.937077	8.958592	-0.022383	4.795221
101.037975	8672.883639	8.963597	-0.022426	4.795213
101.019233	8672.864458	8.968602	-0.022421	4.795207
101.049444	8672.955071	8.973607	-0.022429	4.795233
101.023868	8672.905978	8.978611	-0.022423	4.795219
101.145746	8672.869588	8.983616	-0.022452	4.795213
101.222664	8672.906865	8.988621	-0.022471	4.795226
101.150684	8672.885922	8.993626	-0.022453	4.795218
101.127964	8672.937012	8.998631	-0.022448	4.795231
101.034671	8672.923595	9.003635	-0.022426	4.795224
100.943284	8672.914486	9.008640	-0.022404	4.795218
101.035815	8672.911881	9.013645	-0.022426	4.795221
101.017738	8672.917753	9.018650	-0.022422	4.795222
101.030703	8672.915892	9.023655	-0.022425	4.795222
100.976930	8672.910712	9.028659	-0.022413	4.795218
100.982114	8672.946504	9.033664	-0.022414	4.795228
101.126743	8672.934391	9.038669	-0.022449	4.795230
101.056111	8672.944120	9.043674	-0.022432	4.795230
101.088367	8672.979588	9.048679	-0.022440	4.795241
101.098445	8672.911837	9.053683	-0.022442	4.795223
101.166450	8672.918348	9.058688	-0.022459	4.795228
101.062629	8672.920105	9.063693	-0.022434	4.795224
101.242529	8672.875672	9.068698	-0.022477	4.795219
100.959265	8672.943453	9.073703	-0.022409	4.795227
100.973144	8672.917464	9.078707	-0.022413	4.795220
101.164971	8672.920523	9.083712	-0.022459	4.795228
101.052960	8672.927988	9.088717	-0.022432	4.795226
101.027643	8672.937150	9.093722	-0.022426	4.795228
100.999695	8672.910102	9.098727	-0.022420	4.795219
101.056098	8672.910220	9.103731	-0.022433	4.795221
101.006301	8672.906774	9.108736	-0.022421	4.795219
101.040257	8672.954579	9.113741	-0.022430	4.795233
101.085449	8672.867102	9.118746	-0.022441	4.795211
101.044685	8672.938981	9.123751	-0.022431	4.795229
101.123475	8672.885705	9.128755	-0.022450	4.795217
101.065815	8672.924496	9.133760	-0.022436	4.795226
101.124184	8672.964344	9.138765	-0.022450	4.795239
101.001361	8672.915018	9.143770	-0.022421	4.795221
101.277489	8672.936107	9.148775	-0.022487	4.795237
101.056013	8672.885599	9.153779	-0.022434	4.795215
101.038848	8672.942777	9.158784	-0.022430	4.795230
101.059154	8672.944471	9.163789	-0.022435	4.795231
101.126478	8672.941932	9.168794	-0.022452	4.795233
101.230940	8672.971962	9.173799	-0.022477	4.795245
101.062835	8672.916341	9.178803	-0.022437	4.795224
100.998997	8672.950273	9.183808	-0.022421	4.795230
101.100378	8672.914438	9.188813	-0.022446	4.795224
101.158433	8672.881182	9.193818	-0.022460	4.795218
101.142684	8672.943879	9.198823	-0.022456	4.795234
101.107733	8672.946375	9.203827	-0.022448	4.795234
101.076427	8672.963225	9.208832	-0.022440	4.795237
101.109105	8672.987205	9.213837	-0.022448	4.795245
101.218294	8672.929715	9.218842	-0.022475	4.795233
101.000960	8672.938067	9.223847	-0.022423	4.795227
101.072621	8672.889209	9.228851	-0.022440	4.795217
101.058448	8672.901397	9.233856	-0.022437	4.795219
101.208845	8672.937631	9.238861	-0.022473	4.795235
101.283499	8672.836925	9.243866	-0.022491	4.795210
101.228844	8672.918731	9.248871	-0.022478	4.795231
101.157364	8672.863429	9.253875	-0.022461	4.795213
101.250488	8672.891602	9.258880	-0.022483	4.795224
101.105505	8672.918497	9.263885	-0.022449	4.795226
101.175993	8672.907518	9.268890	-0.022466	4.795226
101.236057	8672.905986	9.273895	-0.022480	4.795228
101.160974	8672.898045	9.278899	-0.022462	4.795223
101.225323	8672.887918	9.283904	-0.022478	4.795222
101.166767	8672.886829	9.288909	-0.022464	4.795220
101.148892	8672.898388	9.293914	-0.022460	4.795222
101.165637	8672.972581	9.298919	-0.022464	4.795243
101.238801	8672.914371	9.303923	-0.022481	4.795230
101.141684	8672.900341	9.308928	-0.022458	4.795223
101.099936	8672.919781	9.313933	-0.022448	4.795226
101.241500	8672.863518	9.318938	-0.022482	4.795216
101.107557	8672.933457	9.323943	-0.022450	4.795230
101.188433	8672.862748	9.328947	-0.022470	4.795214
101.101195	8672.857635	9.333952	-0.022449	4.795210
101.191084	8672.891971	9.338957	-0.022471	4.795222
101.197638	8672.879570	9.343962	-0.022472	4.795219
101.169336	8672.876573	9.348967	-0.022466	4.795217
101.173341	8672.898813	9.353971	-0.022467	4.795224
101.102504	8672.910857	9.358976	-0.022450	4.795224
101.191118	8672.914510	9.363981	-0.022471	4.795229
101.139322	8672.878196	9.368986	-0.022459	4.795217
101.253622	8672.811997	9.373991	-0.022486	4.795203
101.144803	8672.889882	9.378995	-0.022460	4.795220
101.225134	8672.867253	9.384000	-0.022480	4.795217
101.149910	8672.886762	9.389005	-0.022462	4.795219
101.167429	8672.829409	9.394010	-0.022466	4.795205
101.223840	8672.870672	9.399015	-0.022480	4.795218
101.117133	8672.873973	9.404019	-0.022454	4.795215
101.165971	8672.869425	9.409024	-0.022466	4.795215
101.051831	8672.869185	9.414029	-0.022439	4.795211
101.110924	8672.842642	9.419034	-0.022453	4.795206
101.092691	8672.891967	9.424039	-0.022449	4.795219
101.160848	8672.868740	9.429043	-0.022465	4.795215
101.248546	8672.864519	9.434048	-0.022486	4.795217
101.086714	8672.905179	9.439053	-0.022448	4.795222
101.223843	8672.843816	9.444058	-0.022481	4.795211
101.121147	8672.869420	9.449063	-0.022456	4.795214
101.095757	8672.848875	9.454067	-0.022450	4.795207
101.241466	8672.840041	9.459072	-0.022485	4.795210
101.256528	8672.850462	9.464077	-0.022489	4.795214
101.310718	8672.815456	9.469082	-0.022502	4.795206
100.994800	8672.930053	9.474087	-0.022427	4.795226
101.170909	8672.877001	9.479091	-0.022469	4.795218
101.213253	8672.834493	9.484096	-0.022479	4.795208
101.161362	8672.878199	9.489101	-0.022467	4.795218
101.180952	8672.818272	9.494106	-0.022472	4.795202
101.154326	8672.873333	9.499111	-0.022465	4.795216
101.171769	8672.831992	9.504115	-0.022470	4.795206
101.094990	8672.867718	9.509120	-0.022451	4.795213
101.200767	8672.897565	9.514125	-0.022477	4.795225
101.146439	8672.839886	9.519130	-0.022464	4.795207
101.258349	8672.854025	9.524135	-0.022491	4.795215
101.197016	8672.900182	9.529139	-0.022476	4.795225
101.156675	8672.919427	9.534144	-0.022467	4.795229
101.201328	8672.929175	9.539149	-0.022477	4.795234
101.172763	8672.851922	9.544154	-0.022471	4.795211
101.134623	8672.878863	9.549159	-0.022462	4.795217
101.143527	8672.850135	9.554163	-0.022464	4.795210
101.108106	8672.889271	9.559168	-0.022456	4.795219
101.254066	8672.894117	9.564173	-0.022491	4.795226
101.123588	8672.870997	9.569178	-0.022460	4.795215
101.120667	8672.898770	9.574183	-0.022459	4.795222
101.135415	8672.937808	9.579187	-0.022463	4.795234
101.173054	8672.839948	9.584192	-0.022472	4.795208
101.249959	8672.853225	9.589197	-0.022490	4.795215
101.144754	8672.846031	9.594202	-0.022465	4.795209
101.150938	8672.875971	9.599207	-0.022467	4.795217
101.116478	8672.906973	9.604211	-0.022459	4.795224
101.211652	8672.863998	9.609216	-0.022481	4.795216
101.462264	8672.863481	9.614221	-0.022542	4.795226
101.386584	8672.837335	9.619226	-0.022524	4.795216
101.157738	8672.880427	9.624231	-0.022469	4.795219
101.144603	8672.862755	9.629235	-0.022466	4.795214
101.090028	8672.848542	9.634240	-0.022453	4.795208
101.239567	8672.922612	9.639245	-0.022489	4.795234
101.319963	8672.853113	9.644250	-0.022508	4.795218
101.217073	8672.915318	9.649255	-0.022484	4.795231
101.262675	8672.887217	9.654259	-0.022495	4.795225
101.263879	8672.865271	9.659264	-0.022495	4.795219
101.168419	8672.936732	9.664269	-0.022472	4.795235
101.017603	8672.932433	9.669274	-0.022436	4.795228
101.159809	8672.909226	9.674279	-0.022470	4.795227
101.181816	8672.880967	9.679283	-0.022476	4.795220
101.061741	8672.919267	9.684288	-0.022447	4.795226
101.154906	8672.941719	9.689293	-0.022470	4.795236
101.147588	8672.843234	9.694298	-0.022468	4.795209
101.190779	8672.866900	9.699303	-0.022478	4.795217
101.194252	8672.859498	9.704307	-0.022479	4.795215
101.272961	8672.872525	9.709312	-0.022498	4.795221
101.128684	8672.962184	9.714317	-0.022464	4.795240
101.022910	8672.949354	9.719322	-0.022439	4.795233
101.214137	8672.907922	9.724327	-0.022485	4.795229
101.162762	8672.900123	9.729331	-0.022472	4.795225
101.144852	8672.894542	9.734336	-0.022468	4.795223
101.211756	8672.896633	9.739341	-0.022484	4.795226
101.262045	8672.883883	9.744346	-0.022496	4.795224
101.177832	8672.887495	9.749351	-0.022476	4.795222
101.243226	8672.895510	9.754355	-0.022492	4.795227
101.060805	8672.872733	9.759360	-0.022449	4.795214
101.142855	8672.865867	9.764365	-0.022468	4.795215
101.228920	8672.832156	9.769370	-0.022489	4.795209
101.238638	8672.879892	9.774375	-0.022491	4.795222
101.160010	8672.891873	9.779379	-0.022473	4.795223
101.282117	8672.838307	9.784384	-0.022502	4.795213
101.302026	8672.872058	9.789389	-0.022507	4.795223
101.367189	8672.833245	9.794394	-0.022523	4.795215
101.234134	8672.903061	9.799399	-0.022491	4.795229
101.141106	8672.855318	9.804403	-0.022469	4.795212
101.265967	8672.898521	9.809408	-0.022499	4.795229
101.227901	8672.916308	9.814413	-0.022490	4.795232
101.158737	8672.859542	9.819418	-0.022473	4.795214
101.100641	8672.888107	9.824423	-0.022460	4.795219
101.317538	8672.868261	9.829427	-0.022512	4.795222
101.205627	8672.849424	9.834432	-0.022485	4.795213
101.265836	8672.873016	9.839437	-0.022499	4.795222
101.295453	8672.800270	9.844442	-0.022507	4.795203
101.185787	8672.913704	9.849447	-0.022480	4.795230
101.259129	8672.903474	9.854451	-0.022498	4.795230
101.379394	8672.837591	9.859456	-0.022527	4.795216
101.122340	8672.892594	9.864461	-0.022466	4.795222
101.164189	8672.868442	9.869466	-0.022476	4.795217
101.222088	8672.844351	9.874471	-0.022490	4.795212
101.268441	8672.897296	9.879475	-0.022501	4.795229
101.373372	8672.856398	9.884480	-0.022526	4.795221
101.339217	8672.890786	9.889485	-0.022518	4.795229
101.179091	8672.853489	9.894490	-0.022480	4.795213
101.153974	8672.906055	9.899495	-0.022474	4.795227
101.278681	8672.886417	9.904499	-0.022504	4.795226
101.290097	8672.848197	9.909504	-0.022507	4.795216
101.319803	8672.886305	9.914509	-0.022514	4.795228
101.134505	8672.867355	9.919514	-0.022470	4.795215
101.292184	8672.899151	9.924519	-0.022508	4.795230
101.279436	8672.884854	9.929523	-0.022505	4.795226
101.299103	8672.839775	9.934528	-0.022509	4.795214
101.295325	8672.836807	9.939533	-0.022509	4.795213
101.248362	8672.836397	9.944538	-0.022498	4.795211
101.248855	8672.872840	9.949543	-0.022498	4.795221
101.301444	8672.840341	9.954547	-0.022510	4.795215
101.273732	8672.842977	9.959552	-0.022504	4.795214
101.278314	8672.877711	9.964557	-0.022505	4.795224
101.196896	8672.879791	9.969562	-0.022486	4.795221
101.285012	8672.909802	9.974567	-0.022507	4.795233
101.288805	8672.922928	9.979571	-0.022508	4.795237
101.276877	8672.893659	9.984576	-0.022505	4.795228
101.308442	8672.890363	9.989581	-0.022513	4.795229
101.268309	8672.861575	9.994586	-0.022503	4.795219
101.287690	8672.885113	9.999591	-0.022508	4.795226
101.265592	8672.902972	10.004595	-0.022503	4.795230
101.240005	8672.893883	10.009600	-0.022497	4.795227
101.286644	8672.843922	10.014605	-0.022508	4.795215
101.352349	8672.802748	10.019610	-0.022524	4.795206
101.271623	8672.840164	10.024615	-0.022505	4.795214
101.207479	8672.872996	10.029619	-0.022490	4.795220
101.298453	8672.827175	10.034624	-0.022511	4.795211
101.185808	8672.907876	10.039629	-0.022485	4.795229
101.254247	8672.826319	10.044634	-0.022501	4.795209
101.332488	8672.840554	10.049639	-0.022520	4.795216
101.304859	8672.870610	10.054643	-0.022513	4.795223
101.309094	8672.841386	10.059648	-0.022515	4.795215
101.251289	8672.849336	10.064653	-0.022501	4.795215
101.378551	8672.845346	10.069658	-0.022531	4.795219
101.260322	8672.881103	10.074663	-0.022503	4.795224
101.323597	8672.915701	10.079667	-0.022518	4.795236
101.321173	8672.818823	10.084672	-0.022518	4.795210
101.290566	8672.887008	10.089677	-0.022511	4.795227
101.292450	8672.840966	10.094682	-0.022511	4.795215
101.325047	8672.862672	10.099687	-0.022519	4.795222
101.191368	8672.870854	10.104691	-0.022487	4.795219
101.186213	8672.834932	10.109696	-0.022486	4.795209
101.406344	8672.875214	10.114701	-0.022539	4.795229
101.465201	8672.854419	10.119706	-0.022553	4.795225
101.366776	8672.850856	10.124711	-0.022530	4.795220
101.220245	8672.905396	10.129715	-0.022495	4.795230
101.324685	8672.838278	10.134720	-0.022520	4.795215
101.236845	8672.933829	10.139725	-0.022499	4.795238
101.260187	8672.874525	10.144730	-0.022505	4.795223
101.232816	8672.895400	10.149735	-0.022498	4.795228
101.179568	8672.910720	10.154739	-0.022486	4.795230
101.160878	8672.851529	10.159744	-0.022481	4.795213
101.354882	8672.902291	10.164749	-0.022528	4.795234
101.228314	8672.863770	10.169754	-0.022498	4.795219
101.238375	8672.888600	10.174759	-0.022500	4.795226
101.246321	8672.860004	10.179763	-0.022502	4.795219
101.182554	8672.858495	10.184768	-0.022487	4.795216
101.250973	8672.947241	10.189773	-0.022503	4.795243
101.237567	8672.881602	10.194778	-0.022500	4.795224
101.409280	8672.866877	10.199783	-0.022542	4.795227
101.337391	8672.885924	10.204787	-0.022524	4.795229
101.380534	8672.829590	10.209792	-0.022535	4.795215
101.344084	8672.865440	10.214797	-0.022526	4.795224
101.407724	8672.839410	10.219802	-0.022542	4.795219
101.245677	8672.883528	10.224807	-0.022503	4.795225
101.219704	8672.900781	10.229811	-0.022497	4.795229
101.254043	8672.860526	10.234816	-0.022505	4.795219
101.262426	8672.870730	10.239821	-0.022507	4.795222
101.251029	8672.839102	10.244826	-0.022505	4.795213
101.274836	8672.862026	10.249831	-0.022510	4.795220
101.311088	8672.866081	10.254835	-0.022519	4.795223
101.272538	8672.867933	10.259840	-0.022510	4.795222
101.310321	8672.832915	10.264845	-0.022519	4.795214
101.257575	8672.804733	10.269850	-0.022507	4.795204
101.366779	8672.834106	10.274855	-0.022533	4.795216
101.298423	8672.833233	10.279859	-0.022517	4.795214
101.333555	8672.799725	10.284864	-0.022525	4.795206
101.317123	8672.863660	10.289869	-0.022521	4.795223
101.434458	8672.775324	10.294874	-0.022550	4.795203
101.195397	8672.844978	10.299879	-0.022493	4.795213
101.299079	8672.856829	10.304883	-0.022517	4.795220
101.248540	8672.845485	10.309888	-0.022506	4.795215
101.368855	8672.887033	10.314893	-0.022534	4.795231
101.288571	8672.878669	10.319898	-0.022515	4.795226
101.304596	8672.871813	10.324903	-0.022519	4.795224
101.330031	8672.871652	10.329907	-0.022525	4.795225
101.338269	8672.854446	10.334912	-0.022528	4.795221
101.261017	8672.907382	10.339917	-0.022509	4.795233
101.324669	8672.840204	10.344922	-0.022524	4.795217
101.243757	8672.854787	10.349927	-0.022505	4.795218
101.256893	8672.858617	10.354931	-0.022508	4.795219
101.229700	8672.866896	10.359936	-0.022502	4.795220
101.318754	8672.863631	10.364941	-0.022523	4.795223
101.316470	8672.842168	10.369946	-0.022523	4.795217
101.433221	8672.829348	10.374951	-0.022551	4.795218
101.507668	8672.842967	10.379955	-0.022569	4.795224
101.297953	8672.845689	10.384960	-0.022519	4.795217
101.258651	8672.837359	10.389965	-0.022510	4.795214
101.285232	8672.823325	10.394970	-0.022516	4.795211
101.246890	8672.875438	10.399975	-0.022507	4.795224
101.355098	8672.859231	10.404979	-0.022533	4.795223
101.372401	8672.841911	10.409984	-0.022537	4.795219
101.282531	8672.840591	10.414989	-0.022516	4.795215
101.309986	8672.834436	10.419994	-0.022523	4.795215
101.250321	8672.892934	10.424999	-0.022508	4.795229
101.250343	8672.832292	10.430003	-0.022509	4.795212
101.137367	8672.831890	10.435008	-0.022482	4.795208
101.237415	8672.888820	10.440013	-0.022506	4.795227
101.276821	8672.850148	10.445018	-0.022515	4.795218
101.271403	8672.842835	10.450023	-0.022514	4.795216
101.258003	8672.860631	10.455027	-0.022511	4.795220
101.367589	8672.838518	10.460032	-0.022537	4.795218
101.358619	8672.872844	10.465037	-0.022535	4.795227
101.278586	8672.914736	10.470042	-0.022516	4.795236
101.284833	8672.872661	10.475047	-0.022518	4.795224
101.347696	8672.853596	10.480051	-0.022533	4.795222
101.343278	8672.877005	10.485056	-0.022532	4.795228
101.379635	8672.873045	10.490061	-0.022541	4.795228
101.349843	8672.840537	10.495066	-0.022534	4.795218
101.215233	8672.857992	10.500071	-0.022502	4.795218
101.286335	8672.906363	10.505075	-0.022519	4.795234
101.404433	8672.859068	10.510080	-0.022547	4.795225
101.327628	8672.879939	10.515085	-0.022529	4.795228
101.342855	8672.849191	10.520090	-0.022533	4.795220
101.441784	8672.865130	10.525095	-0.022556	4.795229
101.349198	8672.907620	10.530099	-0.022534	4.795237
101.396941	8672.848362	10.535104	-0.022546	4.795222
101.363444	8672.865515	10.540109	-0.022538	4.795226
101.365090	8672.827506	10.545114	-0.022538	4.795215
101.425611	8672.800766	10.550119	-0.022553	4.795210
101.430677	8672.885722	10.555123	-0.022554	4.795234
101.480084	8672.821662	10.560128	-0.022566	4.795218
101.448251	8672.862586	10.565133	-0.022559	4.795228
101.362798	8672.821794	10.570138	-0.022538	4.795214
101.426645	8672.854026	10.575143	-0.022554	4.795225
101.335892	8672.835684	10.580147	-0.022532	4.795217
101.394609	8672.836625	10.585152	-0.022546	4.795219
101.302893	8672.869850	10.590157	-0.022525	4.795225
101.407220	8672.803891	10.595162	-0.022550	4.795211
101.232687	8672.897744	10.600167	-0.022508	4.795230
101.293537	8672.892674	10.605171	-0.022523	4.795231
101.288386	8672.844178	10.610176	-0.022522	4.795217
101.334102	8672.878923	10.615181	-0.022533	4.795229
101.294201	8672.862676	10.620186	-0.022523	4.795223
101.269570	8672.860313	10.625191	-0.022517	4.795221
101.301402	8672.848979	10.630195	-0.022525	4.795219
101.467595	8672.811018	10.635200	-0.022565	4.795215
101.436157	8672.826742	10.640205	-0.022558	4.795218
101.428135	8672.798075	10.645210	-0.022556	4.795210
101.404753	8672.846971	10.650215	-0.022550	4.795223
101.333620	8672.827053	10.655219	-0.022533	4.795215
101.505597	8672.782575	10.660224	-0.022575	4.795209
101.318536	8672.896452	10.665229	-0.022530	4.795233
101.426515	8672.827701	10.670234	-0.022556	4.795218
101.246235	8672.872061	10.675239	-0.022513	4.795224
101.391810	8672.835815	10.680243	-0.022548	4.795219
101.370525	8672.863848	10.685248	-0.022543	4.795226
101.348356	8672.881716	10.690253	-0.022538	4.795230
101.251789	8672.836750	10.695258	-0.022515	4.795214
101.439944	8672.839176	10.700263	-0.022560	4.795222
101.378849	8672.836153	10.705267	-0.022545	4.795219
101.412252	8672.824602	10.710272	-0.022553	4.795217
101.281766	8672.896347	10.715277	-0.022522	4.795232
101.337337	8672.880580	10.720282	-0.022536	4.795229
101.270173	8672.917259	10.725287	-0.022520	4.795237
101.302971	8672.916078	10.730291	-0.022528	4.795238
101.406221	8672.906273	10.735296	-0.022552	4.795239
101.409315	8672.903495	10.740301	-0.022553	4.795239
101.387550	8672.832157	10.745306	-0.022548	4.795218
101.364174	8672.860479	10.750311	-0.022543	4.795225
101.379077	8672.891496	10.755315	-0.022546	4.795234
101.415145	8672.831571	10.760320	-0.022555	4.795219
101.357918	8672.816582	10.765325	-0.022542	4.795213
101.347612	8672.820234	10.770330	-0.022539	4.795214
101.421169	8672.845405	10.775335	-0.022557	4.795223
101.375193	8672.852859	10.780339	-0.022546	4.795224
101.311154	8672.874246	10.785344	-0.022531	4.795227
101.483895	8672.902812	10.790349	-0.022572	4.795241
101.520667	8672.806214	10.795354	-0.022581	4.795216
101.511999	8672.856500	10.800359	-0.022579	4.795230
101.428719	8672.809691	10.805363	-0.022559	4.795214
101.318615	8672.852323	10.810368	-0.022533	4.795221
101.339379	8672.852810	10.815373	-0.022538	4.795222
101.340043	8672.795508	10.820378	-0.022538	4.795207
101.428465	8672.858621	10.825383	-0.022560	4.795227
101.340513	8672.852464	10.830387	-0.022539	4.795222
101.433845	8672.832604	10.835392	-0.022561	4.795220
101.447346	8672.843242	10.840397	-0.022565	4.795224
101.220322	8672.827791	10.845402	-0.022510	4.795211
101.462196	8672.826199	10.850407	-0.022568	4.795220
101.314360	8672.846631	10.855411	-0.022533	4.795220
101.223953	8672.830527	10.860416	-0.022512	4.795212
101.312184	8672.851378	10.865421	-0.022533	4.795221
101.403791	8672.834044	10.870426	-0.022555	4.795220
101.311352	8672.830794	10.875431	-0.022533	4.795215
101.329181	8672.827116	10.880435	-0.022537	4.795215
101.487684	8672.797079	10.885440	-0.022575	4.795213
101.486900	8672.872560	10.890445	-0.022575	4.795234
101.493590	8672.816707	10.895450	-0.022577	4.795219
101.461007	8672.841735	10.900455	-0.022569	4.795224
101.412275	8672.927292	10.905459	-0.022558	4.795246
101.458097	8672.813438	10.910464	-0.022569	4.795216
101.443033	8672.872611	10.915469	-0.022565	4.795232
101.440865	8672.838560	10.920474	-0.022565	4.795223
101.424538	8672.860191	10.925479	-0.022561	4.795228
101.350910	8672.861191	10.930483	-0.022543	4.795225
101.360007	8672.802719	10.935488	-0.022546	4.795210
101.312518	8672.857244	10.940493	-0.022535	4.795223
101.377517	8672.786450	10.945498	-0.022550	4.795206
101.295329	8672.841213	10.950503	-0.022531	4.795218
101.406784	8672.841700	10.955507	-0.022557	4.795222
101.448420	8672.777574	10.960512	-0.022567	4.795206
101.475114	8672.832102	10.965517	-0.022574	4.795222
101.479859	8672.831381	10.970522	-0.022575	4.795222
101.266836	8672.849420	10.975527	-0.022524	4.795219
101.441362	8672.838877	10.980531	-0.022566	4.795223
101.514452	8672.821824	10.985536	-0.022584	4.795221
101.457313	8672.890259	10.990541	-0.022570	4.795238
101.471946	8672.797874	10.995546	-0.022574	4.795213
101.434186	8672.848764	11.000551	-0.022565	4.795225
101.442753	8672.789222	11.005555	-0.022567	4.795210
101.385919	8672.793609	11.010560	-0.022554	4.795209
101.408906	8672.826934	11.015565	-0.022559	4.795219
101.273501	8672.810211	11.020570	-0.022527	4.795209
101.273945	8672.909524	11.025575	-0.022527	4.795236
101.469540	8672.856057	11.030579	-0.022574	4.795229
101.543189	8672.811495	11.035584	-0.022592	4.795219
101.336334	8672.830965	11.040589	-0.022542	4.795217
101.388064	8672.806586	11.045594	-0.022555	4.795212
101.365630	8672.857637	11.050599	-0.022550	4.795225
101.392147	8672.784178	11.055603	-0.022556	4.795206
101.381584	8672.794723	11.060608	-0.022554	4.795209
101.428678	8672.860137	11.065613	-0.022565	4.795229
101.364057	8672.815313	11.070618	-0.022550	4.795214
101.442215	8672.798700	11.075623	-0.022568	4.795212
101.579203	8672.834509	11.080627	-0.022601	4.795227
101.455016	8672.811658	11.085632	-0.022572	4.795216
101.353941	8672.871326	11.090637	-0.022548	4.795229
101.416202	8672.821485	11.095642	-0.022563	4.795218
101.328319	8672.822176	11.100647	-0.022542	4.795215
101.375593	8672.863563	11.105651	-0.022553	4.795228
101.411082	8672.830006	11.110656	-0.022562	4.795220
101.392689	8672.871354	11.115661	-0.022558	4.795230
101.436644	8672.827479	11.120666	-0.022568	4.795220
101.364071	8672.850050	11.125671	-0.022551	4.795224
101.448971	8672.824501	11.130675	-0.022571	4.795220
101.353647	8672.884514	11.135680	-0.022549	4.795233
101.412171	8672.848907	11.140685	-0.022563	4.795225
101.574682	8672.782882	11.145690	-0.022602	4.795213
101.428235	8672.863698	11.150695	-0.022567	4.795230
101.455936	8672.857509	11.155699	-0.022574	4.795229
101.294874	8672.844343	11.160704	-0.022535	4.795219
101.345690	8672.840664	11.165709	-0.022547	4.795220
101.371461	8672.843886	11.170714	-0.022554	4.795222
101.528684	8672.795739	11.175719	-0.022591	4.795215
101.370509	8672.846178	11.180723	-0.022554	4.795223
101.367134	8672.860298	11.185728	-0.022553	4.795227
101.383765	8672.872788	11.190733	-0.022557	4.795231
101.410907	8672.860961	11.195738	-0.022564	4.795229
101.548874	8672.794910	11.200743	-0.022597	4.795216
101.502732	8672.877823	11.205747	-0.022586	4.795237
101.453949	8672.862806	11.210752	-0.022574	4.795231
101.481113	8672.911554	11.215757	-0.022581	4.795245
101.430871	8672.899025	11.220762	-0.022569	4.795240
101.507229	8672.828942	11.225767	-0.022587	4.795224
101.419914	8672.840984	11.230771	-0.022567	4.795224
101.389783	8672.819953	11.235776	-0.022559	4.795217
101.481759	8672.831141	11.240781	-0.022582	4.795223
101.414214	8672.814154	11.245786	-0.022565	4.795216
101.487984	8672.805007	11.250791	-0.022583	4.795216
101.442494	8672.895830	11.255795	-0.022572	4.795239
101.493213	8672.807585	11.260800	-0.022585	4.795217
101.390995	8672.937132	11.265805	-0.022560	4.795249
101.448325	8672.837684	11.270810	-0.022574	4.795224
101.406071	8672.846907	11.275815	-0.022564	4.795225
101.414652	8672.874229	11.280819	-0.022566	4.795233
101.260273	8672.848706	11.285824	-0.022530	4.795220
101.393092	8672.880520	11.290829	-0.022561	4.795234
101.463630	8672.770098	11.295834	-0.022578	4.795206
101.433460	8672.842795	11.300839	-0.022571	4.795225
101.435263	8672.861912	11.305843	-0.022572	4.795230
101.356824	8672.823576	11.310848	-0.022553	4.795217
101.314345	8672.835117	11.315853	-0.022543	4.795218
101.469774	8672.852367	11.320858	-0.022580	4.795229
101.390176	8672.838194	11.325863	-0.022561	4.795222
101.454063	8672.837275	11.330867	-0.022577	4.795224
101.409169	8672.841149	11.335872	-0.022566	4.795224
101.406595	8672.868874	11.340877	-0.022566	4.795231
101.477330	8672.782427	11.345882	-0.022583	4.795210
101.377013	8672.832845	11.350887	-0.022559	4.795220
101.389788	8672.818439	11.355891	-0.022562	4.795217
101.443066	8672.830420	11.360896	-0.022575	4.795222
101.365460	8672.836544	11.365901	-0.022556	4.795221
101.485158	8672.827888	11.370906	-0.022585	4.795223
101.408676	8672.823569	11.375911	-0.022567	4.795219
101.413546	8672.817116	11.380915	-0.022568	4.795217
101.460592	8672.803673	11.385920	-0.022580	4.795215
101.452043	8672.865372	11.390925	-0.022578	4.795232
101.453145	8672.841154	11.395930	-0.022578	4.795225
101.536884	8672.880916	11.400935	-0.022598	4.795239
101.520485	8672.869410	11.405939	-0.022594	4.795236
101.464236	8672.790280	11.410944	-0.022581	4.795212
101.479584	8672.831522	11.415949	-0.022585	4.795224
101.474868	8672.795538	11.420954	-0.022584	4.795214
101.373093	8672.810727	11.425959	-0.022560	4.795214
101.347728	8672.873614	11.430963	-0.022554	4.795230
101.474685	8672.799946	11.435968	-0.022584	4.795215
101.326408	8672.895874	11.440973	-0.022549	4.795236
101.370810	8672.791361	11.445978	-0.022559	4.795209
101.455566	8672.805836	11.450983	-0.022580	4.795216
101.570459	8672.834421	11.455987	-0.022607	4.795228
101.439556	8672.799928	11.460992	-0.022576	4.795214
101.431955	8672.796347	11.465997	-0.022575	4.795213
101.479141	8672.824032	11.471002	-0.022586	4.795222
101.499049	8672.792635	11.476007	-0.022591	4.795214
101.472031	8672.826034	11.481011	-0.022584	4.795222
101.510756	8672.816031	11.486016	-0.022594	4.795221
101.530686	8672.879497	11.491021	-0.022599	4.795239
101.492505	8672.802433	11.496026	-0.022590	4.795217
101.423068	8672.838285	11.501031	-0.022573	4.795224
101.386577	8672.874140	11.506035	-0.022565	4.795232
101.350004	8672.843716	11.511040	-0.022556	4.795223
101.493494	8672.890052	11.516045	-0.022590	4.795241
101.458298	8672.825148	11.521050	-0.022582	4.795222
101.398464	8672.834522	11.526055	-0.022568	4.795222
101.370374	8672.839496	11.531059	-0.022561	4.795222
101.484457	8672.784757	11.536064	-0.022589	4.795212
101.431174	8672.811511	11.541069	-0.022576	4.795217
101.456796	8672.798752	11.546074	-0.022582	4.795215
101.396163	8672.823097	11.551079	-0.022568	4.795219
101.534690	8672.824403	11.556083	-0.022601	4.795224
101.372791	8672.783921	11.561088	-0.022562	4.795207
101.394340	8672.786585	11.566093	-0.022568	4.795209
101.387589	8672.836606	11.571098	-0.022566	4.795222
101.489471	8672.797273	11.576103	-0.022591	4.795215
101.482320	8672.855350	11.581107	-0.022589	4.795231
101.380297	8672.812282	11.586112	-0.022565	4.795215
101.436859	8672.927818	11.591117	-0.022578	4.795249
101.368205	8672.904126	11.596122	-0.022562	4.795240
101.479291	8672.842945	11.601127	-0.022589	4.795228
101.563337	8672.911238	11.606131	-0.022609	4.795249
101.359341	8672.849161	11.611136	-0.022560	4.795225
101.394443	8672.848803	11.616141	-0.022569	4.795226
101.440102	8672.870985	11.621146	-0.022580	4.795234
101.443593	8672.839578	11.626151	-0.022581	4.795225
101.540340	8672.852391	11.631155	-0.022604	4.795233
101.432611	8672.797541	11.636160	-0.022578	4.795214
101.419641	8672.841566	11.641165	-0.022575	4.795225
101.481065	8671.230624	11.646170	-0.022590	4.794787
101.491917	8666.409131	11.651175	-0.022592	4.793471
101.528410	8661.568263	11.656179	-0.022601	4.792149
101.333862	8656.387448	11.661184	-0.022554	4.790725
101.482373	8651.389930	11.666189	-0.022589	4.789364
101.421090	8646.239280	11.671194	-0.022574	4.787953
101.416598	8641.204323	11.676199	-0.022573	4.786576
101.319358	8636.196311	11.681203	-0.022550	4.785201
101.193931	8631.233616	11.686208	-0.022519	4.783838
101.288065	8626.463946	11.691213	-0.022542	4.782535
101.199336	8621.334822	11.696218	-0.022520	4.781127
101.177107	8616.350579	11.701223	-0.022515	4.779761
101.288860	8610.907066	11.706227	-0.022541	4.778273
101.173347	8605.796572	11.711232	-0.022513	4.776867
101.072452	8600.703775	11.716237	-0.022489	4.775467
101.145656	8595.749591	11.721242	-0.022506	4.774111
101.048537	8591.052849	11.726247	-0.022483	4.772818
101.132350	8585.884951	11.731251	-0.022502	4.771403
101.006504	8580.890259	11.736256	-0.022472	4.770027
101.189255	8575.793222	11.741261	-0.022515	4.768634
100.923272	8570.770145	11.746266	-0.022452	4.767244
100.940225	8565.598392	11.751271	-0.022455	4.765823
101.092179	8560.612328	11.756275	-0.022491	4.764459
100.868904	8555.952178	11.761280	-0.022438	4.763169
100.893508	8550.973301	11.766285	-0.022443	4.761800
100.640055	8545.819760	11.771290	-0.022383	4.760373
100.665066	8540.605569	11.776295	-0.022388	4.758939
100.727758	8535.209548	11.781299	-0.022403	4.757456
100.503261	8530.133833	11.786304	-0.022349	4.756049
100.621079	8525.072072	11.791309	-0.022377	4.754660
100.599996	8520.347672	11.796314	-0.022372	4.753357
100.644563	8515.341096	11.801319	-0.022382	4.751979
100.576982	8510.210457	11.806323	-0.022366	4.750562
100.633424	8505.183606	11.811328	-0.022379	4.749178
100.651613	8500.104838	11.816333	-0.022383	4.747778
100.546142	8495.038508	11.821338	-0.022358	4.746376
100.536407	8489.943002	11.826343	-0.022355	4.744969
100.501040	8485.278940	11.831347	-0.022346	4.743680
100.321238	8480.233400	11.836352	-0.022303	4.742279
100.505860	8475.221701	11.841357	-0.022347	4.740902
100.486979	8470.057716	11.846362	-0.022342	4.739475
100.311787	8464.767639	11.851367	-0.022300	4.738005
100.365634	8459.659567	11.856371	-0.022313	4.736595
100.356480	8454.563230	11.861376	-0.022310	4.735185
100.264386	8449.737659	11.866381	-0.022288	4.733847
100.356361	8444.858636	11.871386	-0.022310	4.732500
100.218984	8439.721016	11.876391	-0.022277	4.731072
100.210832	8434.788327	11.881395	-0.022274	4.729706
100.150661	8429.598651	11.886400	-0.022260	4.728266
100.193313	8424.655886	11.891405	-0.022270	4.726899
100.198221	8419.491387	11.896410	-0.022271	4.725467
100.028189	8414.507047	11.901415	-0.022230	4.724079
99.963675	8409.555002	11.906419	-0.022214	4.722703
100.162268	8404.402881	11.911424	-0.022261	4.721282
100.130828	8399.327450	11.916429	-0.022253	4.719872
100.010042	8393.749282	11.921434	-0.022224	4.718319
99.952273	8388.742754	11.926439	-0.022210	4.716927
99.971403	8383.655658	11.931443	-0.022215	4.715514
99.905792	8378.721820	11.936448	-0.022199	4.714141
99.942196	8373.871080	11.941453	-0.022207	4.712795
99.743432	8368.811435	11.946458	-0.022159	4.711380
99.879297	8363.750231	11.951463	-0.022191	4.709978
99.778559	8358.574905	11.956467	-0.022167	4.708535
99.859318	8353.592131	11.961472	-0.022186	4.707152
99.634522	8348.460662	11.966477	-0.022132	4.705714
99.790442	8343.649180	11.971482	-0.022169	4.704381
99.860382	8338.700379	11.976487	-0.022186	4.703006
99.746159	8333.776849	11.981491	-0.022158	4.701630
99.565168	8328.613730	11.986496	-0.022115	4.700184
99.668974	8323.352991	11.991501	-0.022139	4.698722
99.525492	8318.104741	11.996506	-0.022105	4.697252
99.614807	8313.120248	12.001511	-0.022126	4.695866
99.591707	8308.182975	12.006515	-0.022120	4.694487
99.516541	8303.354445	12.011520	-0.022102	4.693137
99.477799	8298.349704	12.016525	-0.022092	4.691738
99.357817	8293.283658	12.021530	-0.022063	4.690319
99.357208	8288.224871	12.026535	-0.022063	4.688906
99.400326	8283.121986	12.031539	-0.022073	4.687482
99.245755	8278.060191	12.036544	-0.022036	4.686061
99.323801	8273.112618	12.041549	-0.022054	4.684681
99.386844	8268.381920	12.046554	-0.022069	4.683360
99.348225	8263.206881	12.051559	-0.022059	4.681911
99.267895	8258.289585	12.056563	-0.022040	4.680532
99.190713	8252.733165	12.061568	-0.022021	4.678973
99.137716	8247.628727	12.066573	-0.022008	4.677542
99.146876	8242.465266	12.071578	-0.022010	4.676096
99.213015	8237.577830	12.076583	-0.022026	4.674730
99.221702	8232.798464	12.081587	-0.022028	4.673391
99.162915	8227.686548	12.086592	-0.022013	4.671955
99.039105	8222.704017	12.091597	-0.021983	4.670553
98.992299	8217.561173	12.096602	-0.021972	4.669108
98.979436	8212.524946	12.101607	-0.021969	4.667694
98.910360	8207.413108	12.106611	-0.021952	4.666257
98.917382	8202.512607	12.111616	-0.021953	4.664881
98.853394	8197.741004	12.116621	-0.021938	4.663538
98.781077	8192.694267	12.121626	-0.021920	4.662118
98.803765	8187.642457	12.126631	-0.021925	4.660699
98.846825	8182.257058	12.131635	-0.021935	4.659187
98.902854	8177.145616	12.136640	-0.021949	4.657752
98.743268	8172.078509	12.141645	-0.021910	4.656320
98.743286	8167.138491	12.146650	-0.021910	4.654930
98.678714	8162.308498	12.151655	-0.021894	4.653568
98.622198	8157.307958	12.156659	-0.021880	4.652158
98.659802	8152.229191	12.161664	-0.021889	4.650729
98.709353	8147.094743	12.166669	-0.021901	4.649285
98.622528	8142.107899	12.171674	-0.021880	4.647876
98.592637	8136.968811	12.176679	-0.021872	4.646426
98.549016	8132.120171	12.181683	-0.021862	4.645057
98.352628	8127.259865	12.186688	-0.021814	4.643678
98.504225	8122.207165	12.191693	-0.021850	4.642259
98.527197	8117.231015	12.196698	-0.021856	4.640855
98.385865	8111.748658	12.201703	-0.021822	4.639302
98.447135	8106.570830	12.206707	-0.021836	4.637842
98.362820	8101.442442	12.211712	-0.021816	4.636390
98.260821	8096.561440	12.216717	-0.021791	4.635006
98.249756	8091.752936	12.221722	-0.021788	4.633646
98.296835	8086.633267	12.226727	-0.021799	4.632201
98.231629	8081.674901	12.231731	-0.021783	4.630796
98.182780	8076.511417	12.236736	-0.021771	4.629333
98.310321	8071.429267	12.241741	-0.021802	4.627900
98.176125	8066.361630	12.246746	-0.021769	4.626460
98.152617	8061.427262	12.251751	-0.021763	4.625061
98.054163	8056.692255	12.256755	-0.021740	4.623716
97.961928	8051.555593	12.261760	-0.021717	4.622256
97.978073	8046.525977	12.266765	-0.021721	4.620831
97.995273	8041.177370	12.271770	-0.021725	4.619316
97.922490	8036.051433	12.276775	-0.021707	4.617859
98.010339	8031.023126	12.281779	-0.021728	4.616436
97.877638	8026.073642	12.286784	-0.021696	4.615025
97.943514	8021.211262	12.291789	-0.021711	4.613648
97.855850	8016.166550	12.296794	-0.021690	4.612211
97.831507	8010.989361	12.301799	-0.021684	4.610740
97.854818	8006.035966	12.306803	-0.021689	4.609333
97.711616	8001.010227	12.311808	-0.021655	4.607898
97.801396	7995.901260	12.316813	-0.021676	4.606450
97.830248	7991.072324	12.321818	-0.021683	4.605078
97.746923	7986.179050	12.326823	-0.021662	4.603682
97.627380	7981.180004	12.331827	-0.021634	4.602254
97.590109	7976.134515	12.336832	-0.021624	4.600816
97.500180	7970.514666	12.341837	-0.021603	4.599211
97.448641	7965.510955	12.346842	-0.021590	4.597784
97.518407	7960.360415	12.351847	-0.021607	4.596319
97.428508	7955.526903	12.356851	-0.021585	4.594937
97.349813	7950.664638	12.361856	-0.021566	4.593547
97.496181	7945.571277	12.366861	-0.021600	4.592101
97.325398	7940.576721	12.371866	-0.021559	4.590669
97.445112	7935.444788	12.376871	-0.021588	4.589209
97.311376	7930.375411	12.381875	-0.021556	4.587756
97.336685	7925.290094	12.386880	-0.021561	4.586305
97.303800	7920.509557	12.391885	-0.021553	4.584938
97.276016	7915.554864	12.396890	-0.021546	4.583521
97.119984	7910.535846	12.401895	-0.021509	4.582079
97.190664	7905.467073	12.406899	-0.021525	4.580633
97.316421	7899.975306	12.411904	-0.021555	4.579068
97.152985	7894.995159	12.416909	-0.021516	4.577636
97.126499	7889.927140	12.421914	-0.021509	4.576184
97.117809	7885.122831	12.426919	-0.021507	4.574808
97.224669	7880.216476	12.431923	-0.021532	4.573408
97.021077	7875.137905	12.436928	-0.021483	4.571944
96.964821	7870.085353	12.441933	-0.021470	4.570493
96.990090	7865.030063	12.446938	-0.021475	4.569045
96.948897	7859.904301	12.451943	-0.021465	4.567573
96.880941	7854.899853	12.456947	-0.021449	4.566135
96.834658	7850.222059	12.461952	-0.021437	4.564790
96.849505	7845.170405	12.466957	-0.021441	4.563341
96.821277	7840.129459	12.471962	-0.021434	4.561893
96.782366	7834.873387	12.476967	-0.021424	4.560381
96.912047	7829.356117	12.481971	-0.021455	4.558802
96.783241	7824.270177	12.486976	-0.021424	4.557334
96.807764	7819.353326	12.491981	-0.021429	4.555922
96.765471	7814.597502	12.496986	-0.021419	4.554552
96.704506	7809.472864	12.501991	-0.021404	4.553075
96.675576	7804.495500	12.506995	-0.021397	4.551642
96.766783	7799.354931	12.512000	-0.021419	4.550166
96.674348	7794.272891	12.517005	-0.021396	4.548699
96.537838	7789.235438	12.522010	-0.021363	4.547241
96.514139	7784.259315	12.527015	-0.021357	4.545806
96.502490	7779.528656	12.532019	-0.021354	4.544442
96.399210	7774.497105	12.537024	-0.021330	4.542987
96.503470	7769.453957	12.542029	-0.021354	4.541537
96.495524	7764.074706	12.547034	-0.021352	4.539985
96.332720	7758.991885	12.552039	-0.021313	4.538511
96.346768	7753.951089	12.557043	-0.021316	4.537056
96.330485	7748.929832	12.562048	-0.021312	4.535605
96.383116	7744.099903	12.567053	-0.021324	4.534213
96.271854	7739.062776	12.572058	-0.021297	4.532752
96.309810	7733.999621	12.577063	-0.021306	4.531290
96.264637	7728.884787	12.582067	-0.021295	4.529809
96.090049	7723.928856	12.587072	-0.021253	4.528367
96.245888	7718.774644	12.592077	-0.021290	4.526883
96.196890	7713.932915	12.597082	-0.021278	4.525480
96.175115	7709.067740	12.602087	-0.021273	4.524070
96.100640	7704.076958	12.607091	-0.021255	4.522621
96.224637	7698.876235	12.612096	-0.021284	4.521120
96.123888	7693.363131	12.617101	-0.021260	4.519518
96.043753	7688.306216	12.622106	-0.021240	4.518048
95.909233	7683.233048	12.627111	-0.021208	4.516570
95.925940	7678.473377	12.632115	-0.021211	4.515191
95.826344	7673.533243	12.637120	-0.021187	4.513752
95.890684	7668.456806	12.642125	-0.021203	4.512282
95.827983	7663.372958	12.647130	-0.021187	4.510803
95.831966	7658.267915	12.652135	-0.021188	4.509320
95.879043	7653.255156	12.657139	-0.021199	4.507866
95.749150	7648.156341	12.662144	-0.021168	4.506377
95.696472	7643.484441	12.667149	-0.021155	4.505017
95.691963	7638.473238	12.672154	-0.021154	4.503559
95.747176	7633.430108	12.677159	-0.021166	4.502094
95.806888	7628.111130	12.682163	-0.021180	4.500549
95.631162	7622.869689	12.687168	-0.021138	4.499015
95.544294	7617.889645	12.692173	-0.021117	4.497560
95.662080	7612.899544	12.697178	-0.021145	4.496112
95.581556	7608.083424	12.702183	-0.021126	4.494705
95.565839	7603.079167	12.707187	-0.021122	4.493245
95.557351	7598.041075	12.712192	-0.021119	4.491776
95.433647	7592.942620	12.717197	-0.021089	4.490283
95.478501	7587.898924	12.722202	-0.021100	4.488813
95.367614	7582.800670	12.727207	-0.021073	4.487319
95.388598	7577.958871	12.732211	-0.021078	4.485907
95.410079	7573.087514	12.737216	-0.021083	4.484485
95.421350	7568.059158	12.742221	-0.021085	4.483016
95.320113	7563.019356	12.747226	-0.021061	4.481538
95.244749	7557.589335	12.752231	-0.021042	4.479947
95.167146	7552.556531	12.757235	-0.021024	4.478471
95.253328	7547.407069	12.762240	-0.021044	4.476969
95.185883	7542.673497	12.767245	-0.021028	4.475580
95.225138	7537.699461	12.772250	-0.021037	4.474126
95.090640	7532.653044	12.777255	-0.021004	4.472642
95.133711	7527.570811	12.782259	-0.021014	4.471155
94.959328	7522.440838	12.787264	-0.020972	4.469643
94.884843	7517.446912	12.792269	-0.020954	4.468175
94.898592	7512.349191	12.797274	-0.020957	4.466681
94.768449	7507.642609	12.802279	-0.020926	4.465294
94.756295	7502.655776	12.807283	-0.020923	4.463830
94.828662	7497.537096	12.812288	-0.020940	4.462331
94.861620	7492.308826	12.817293	-0.020948	4.460798
94.873871	7487.075244	12.822298	-0.020950	4.459261
94.843450	7482.002654	12.827303	-0.020943	4.457769
94.719013	7477.103933	12.832307	-0.020913	4.456323
94.721553	7472.250967	12.837312	-0.020913	4.454896
94.658815	7467.224991	12.842317	-0.020898	4.453415
94.628662	7462.109196	12.847322	-0.020890	4.451908
94.640145	7457.086644	12.852327	-0.020893	4.450430
94.761313	7452.007727	12.857331	-0.020922	4.448941
94.568101	7446.927168	12.862336	-0.020875	4.447435
94.458125	7442.092621	12.867341	-0.020849	4.446005
94.611416	7437.202782	12.872346	-0.020885	4.444572
94.437247	7432.107129	12.877351	-0.020843	4.443061
94.455665	7427.013997	12.882355	-0.020847	4.441560
94.213219	7421.574960	12.887360	-0.020789	4.439943
94.419777	7416.419151	12.892365	-0.020838	4.438432
94.260054	7411.401169	12.897370	-0.020800	4.436943
94.437728	7406.678660	12.902375	-0.020842	4.435557
94.229237	7401.713621	12.907379	-0.020792	4.434080
94.268591	7396.581754	12.912384	-0.020801	4.432565
94.256284	7391.495412	12.917389	-0.020798	4.431061
94.264355	7386.426272	12.922394	-0.020799	4.429562
94.223785	7381.330341	12.927399	-0.020789	4.428053
94.139392	7376.429418	12.932403	-0.020769	4.426598
94.100249	7371.639332	12.937408	-0.020759	4.425178
94.137613	7366.546550	12.942413	-0.020768	4.423672
94.111303	7361.537165	12.947418	-0.020762	4.422187
94.110548	7356.113124	12.952423	-0.020761	4.420580
93.941078	7351.054255	12.957427	-0.020720	4.419072
93.862683	7346.011827	12.962432	-0.020701	4.417573
94.005535	7341.180912	12.967437	-0.020735	4.416147
94.010530	7336.205140	12.972442	-0.020736	4.414671
93.919684	7331.160480	12.977447	-0.020714	4.413169
93.959644	7326.148321	12.982451	-0.020723	4.411683
93.858616	7321.020620	12.987456	-0.020699	4.410155
94.033701	7315.953552	12.992461	-0.020741	4.408658
93.924798	7310.903243	12.997466	-0.020714	4.407152
93.874359	7306.144713	13.002471	-0.020702	4.405734
93.797759	7301.199202	13.007475	-0.020684	4.404260
93.731334	7296.122438	13.012480	-0.020667	4.402746
93.850308	7290.708609	13.017485	-0.020696	4.401141
93.663777	7285.487788	13.022490	-0.020651	4.399577
93.552230	7280.412895	13.027495	-0.020624	4.398059
93.552790	7275.467769	13.032499	-0.020624	4.396586
93.440536	7270.644733	13.037504	-0.020597	4.395143
93.651450	7265.586219	13.042509	-0.020647	4.393646
93.597129	7260.542694	13.047514	-0.020633	4.392139
93.412764	7255.410897	13.052519	-0.020589	4.390598
93.489433	7250.363452	13.057523	-0.020607	4.389096
93.597622	7245.241033	13.062528	-0.020633	4.387572
93.435707	7240.526696	13.067533	-0.020594	4.386156
93.312747	7235.599100	13.072538	-0.020564	4.384677
93.442127	7230.438353	13.077543	-0.020595	4.383142
93.329803	7225.305565	13.082547	-0.020568	4.381601
93.283623	7220.044926	13.087552	-0.020556	4.380026
93.177332	7214.958605	13.092557	-0.020531	4.378498
93.191006	7209.972699	13.097562	-0.020534	4.377007
93.210707	7205.193864	13.102567	-0.020538	4.375577
93.368159	7200.166897	13.107571	-0.020576	4.374080
93.124722	7195.074496	13.112576	-0.020517	4.372542
93.075703	7190.031563	13.117581	-0.020505	4.371028
93.039518	7184.967276	13.122586	-0.020496	4.369508
92.936913	7179.896856	13.127591	-0.020472	4.367982
92.949545	7175.092734	13.132595	-0.020474	4.366541
92.881604	7170.173550	13.137600	-0.020458	4.365062
93.014893	7165.070280	13.142605	-0.020489	4.363537
92.934609	7159.929073	13.147610	-0.020470	4.361989
92.908074	7154.481866	13.152615	-0.020463	4.360351
92.868758	7149.421240	13.157619	-0.020454	4.358828
92.784768	7144.364193	13.162624	-0.020433	4.357303
92.698668	7139.746308	13.167629	-0.020413	4.355910
92.730131	7134.643912	13.172634	-0.020420	4.354376
92.695034	7129.524171	13.177639	-0.020411	4.352834
92.858634	7124.464806	13.182643	-0.020450	4.351320
92.826950	7119.389502	13.187648	-0.020442	4.349790
92.712666	7114.329864	13.192653	-0.020415	4.348259
92.744892	7109.470355	13.197658	-0.020422	4.346797
92.742148	7104.591868	13.202663	-0.020421	4.345326
92.508221	7099.578810	13.207667	-0.020365	4.343801
92.321881	7094.467920	13.212672	-0.020320	4.342249
92.574417	7089.074617	13.217677	-0.020380	4.340636
92.450692	7084.012004	13.222682	-0.020350	4.339100
92.255387	7078.976613	13.227687	-0.020303	4.337569
92.505576	7074.234153	13.232691	-0.020363	4.336150
92.432458	7069.238930	13.237696	-0.020345	4.334637
92.494588	7064.153769	13.242701	-0.020360	4.333103
92.445464	7059.052441	13.247706	-0.020348	4.331557
92.386944	7053.969105	13.252711	-0.020334	4.330016
92.194771	7048.996532	13.257715	-0.020287	4.328501
92.212863	7044.072999	13.262720	-0.020292	4.327011
92.237105	7039.246921	13.267725	-0.020297	4.325551
92.233968	7034.150292	13.272730	-0.020296	4.324007
92.108169	7029.031553	13.277735	-0.020266	4.322449
92.245932	7023.559670	13.282739	-0.020298	4.320798
92.236629	7018.488299	13.287744	-0.020296	4.319259
92.127754	7013.445210	13.292749	-0.020270	4.317723
92.029828	7008.721811	13.297754	-0.020246	4.316284
92.019636	7003.688838	13.302759	-0.020243	4.314756
92.026769	6998.651389	13.307763	-0.020245	4.313226
91.942213	6993.513387	13.312768	-0.020224	4.311661
91.979791	6988.419528	13.317773	-0.020233	4.310115
91.888565	6983.384036	13.322778	-0.020211	4.308579
91.863892	6978.523880	13.327783	-0.020205	4.307099
91.914261	6973.622848	13.332787	-0.020217	4.305611
91.787289	6968.574659	13.337792	-0.020186	4.304067
91.835132	6963.458132	13.342797	-0.020197	4.302512
91.795598	6958.135130	13.347802	-0.020187	4.300889
91.657275	6953.059839	13.352807	-0.020154	4.299335
91.742729	6947.996250	13.357811	-0.020174	4.297796
91.658304	6943.301675	13.362816	-0.020154	4.296360
91.558414	6938.255415	13.367821	-0.020130	4.294815
91.622243	6933.081427	13.372826	-0.020145	4.293240
91.528006	6927.951928	13.377831	-0.020122	4.291669
91.589735	6922.910905	13.382835	-0.020136	4.290133
91.448267	6917.850139	13.387840	-0.020102	4.288580
91.386592	6913.018528	13.392845	-0.020087	4.287100
91.490092	6908.097629	13.397850	-0.020112	4.285602
91.232098	6903.056854	13.402855	-0.020050	4.284046
91.345879	6897.822206	13.407859	-0.020077	4.282451
91.403980	6892.431539	13.412864	-0.020090	4.280805
91.384595	6887.315356	13.417869	-0.020086	4.279237
91.295109	6882.394560	13.422874	-0.020064	4.277725
91.185491	6877.590359	13.427879	-0.020037	4.276247
91.290755	6872.497104	13.432883	-0.020062	4.274693
91.266023	6867.428971	13.437888	-0.020056	4.273138
91.320009	6862.365254	13.442893	-0.020069	4.271588
91.138760	6857.347434	13.447898	-0.020025	4.270038
91.004729	6852.274838	13.452903	-0.019993	4.268474
91.028449	6847.523288	13.457907	-0.019998	4.267016
91.071400	6842.531904	13.462912	-0.020008	4.265486
91.006006	6837.519983	13.467917	-0.019992	4.263942
90.989510	6832.292496	13.472922	-0.019988	4.262335
90.870450	6827.007098	13.477927	-0.019959	4.260703
90.982785	6821.970440	13.482931	-0.019986	4.259160
90.800685	6817.071204	13.487936	-0.019942	4.257642
90.884584	6812.190545	13.492941	-0.019962	4.256145
90.857292	6807.122703	13.497946	-0.019955	4.254583
90.975457	6802.059663	13.502951	-0.019983	4.253031
90.784879	6797.037534	13.507955	-0.019938	4.251472
90.785456	6791.899131	13.512960	-0.019937	4.249888
90.735592	6786.853173	13.517965	-0.019925	4.248330
90.718305	6782.120660	13.522970	-0.019921	4.246869
90.661388	6777.061445	13.527975	-0.019907	4.245304
90.763904	6772.020391	13.532979	-0.019931	4.243754
90.718686	6766.579586	13.537984	-0.019920	4.242071
90.551423	6761.440990	13.542989	-0.019880	4.240474
90.497735	6756.395923	13.547994	-0.019867	4.238912
90.417310	6751.555716	13.552999	-0.019847	4.237411
90.495573	6746.633549	13.558003	-0.019866	4.235893
90.283173	6741.582839	13.563008	-0.019815	4.234318
90.305571	6736.476212	13.568013	-0.019820	4.232739
90.381648	6731.396528	13.573018	-0.019838	4.231171
90.450522	6726.262631	13.578023	-0.019854	4.229585
90.326875	6721.381999	13.583027	-0.019824	4.228066
90.182056	6716.580726	13.588032	-0.019789	4.226569
90.330496	6711.513690	13.593037	-0.019825	4.225007
90.201691	6706.460290	13.598042	-0.019793	4.223432
90.159343	6701.068338	13.603047	-0.019783	4.221756
90.264204	6695.997237	13.608051	-0.019808	4.220188
90.126136	6690.952475	13.613056	-0.019775	4.218613
90.167067	6686.204863	13.618061	-0.019784	4.217141
90.089724	6681.221455	13.623066	-0.019765	4.215588
89.909467	6676.163301	13.628071	-0.019722	4.214005
89.995658	6671.086966	13.633075	-0.019742	4.212431
89.969417	6666.018088	13.638080	-0.019736	4.210853
89.929967	6660.960685	13.643085	-0.019726	4.209276
89.849426	6656.135686	13.648090	-0.019707	4.207769
89.950037	6651.190302	13.653095	-0.019731	4.206235
89.962137	6646.150562	13.658099	-0.019733	4.204666
89.874577	6640.928651	13.663104	-0.019712	4.203033
89.715452	6635.581483	13.668109	-0.019674	4.201356
89.831607	6630.489458	13.673114	-0.019701	4.199775
89.696249	6625.557038	13.678119	-0.019669	4.198228
89.697608	6620.732989	13.683123	-0.019669	4.196722
89.642828	6615.691647	13.688128	-0.019655	4.195144
89.606412	6610.615682	13.693133	-0.019646	4.193556
89.494827	6605.534271	13.698138	-0.019619	4.191962
89.560794	6600.436313	13.703143	-0.019635	4.190372
89.641028	6595.370429	13.708147	-0.019654	4.188793
89.513219	6590.631247	13.713152	-0.019623	4.187302
89.425611	6585.670540	13.718157	-0.019602	4.185744
89.540583	6580.610433	13.723162	-0.019629	4.184167
89.345351	6575.296751	13.728167	-0.019582	4.182491
89.444829	6570.153905	13.733171	-0.019606	4.180886
89.575138	6565.054779	13.738176	-0.019637	4.179295
89.413302	6560.247553	13.743181	-0.019598	4.177778
89.404244	6555.310763	13.748186	-0.019595	4.176229
89.195196	6550.267714	13.753191	-0.019545	4.174633
89.171870	6545.271842	13.758195	-0.019539	4.173064
89.354687	6540.125160	13.763200	-0.019583	4.171459
89.236043	6535.053400	13.768205	-0.019554	4.169858
89.218973	6530.206038	13.773210	-0.019550	4.168333
89.235621	6525.337950	13.778215	-0.019553	4.166804
89.068259	6520.322200	13.783219	-0.019513	4.165216
89.135053	6515.187988	13.788224	-0.019529	4.163605
89.162226	6509.666870	13.793229	-0.019535	4.161869
89.024884	6504.618561	13.798234	-0.019502	4.160271
88.910625	6499.577600	13.803239	-0.019474	4.158676
89.002317	6494.860543	13.808243	-0.019496	4.157195
88.864091	6489.801353	13.813248	-0.019463	4.155591
88.817869	6484.750748	13.818253	-0.019451	4.153996
88.849515	6479.680782	13.823258	-0.019459	4.152398
88.836058	6474.553430	13.828263	-0.019455	4.150779
88.876216	6469.492612	13.833267	-0.019465	4.149184
88.635955	6464.759017	13.838272	-0.019407	4.147674
88.842943	6459.734155	13.843277	-0.019456	4.146099
88.746739	6454.669507	13.848282	-0.019433	4.144492
88.723204	6449.383179	13.853287	-0.019427	4.142819
88.716350	6444.270330	13.858291	-0.019425	4.141201
88.589977	6439.198998	13.863296	-0.019395	4.139588
88.596726	6434.354646	13.868301	-0.019396	4.138055
88.597133	6429.408875	13.873306	-0.019396	4.136489
88.459693	6424.345613	13.878311	-0.019363	4.134876
88.597637	6419.292563	13.883315	-0.019395	4.133283
88.435082	6414.232384	13.888320	-0.019356	4.131668
88.284829	6409.187530	13.893325	-0.019320	4.130059
88.356583	6404.275487	13.898330	-0.019337	4.128505
88.434105	6399.377883	13.903335	-0.019355	4.126955
88.450798	6394.323216	13.908339	-0.019359	4.125351
88.352130	6389.148159	13.913344	-0.019335	4.123700
88.223877	6383.748365	13.918349	-0.019304	4.121976
88.201646	6378.703682	13.923354	-0.019299	4.120371
88.217594	6373.718092	13.928359	-0.019302	4.118786
88.137074	6368.926408	13.933363	-0.019283	4.117256
88.163822	6363.867896	13.938368	-0.019289	4.115648
88.123546	6358.778737	13.943373	-0.019279	4.114025
88.115013	6353.688163	13.948378	-0.019277	4.112403
88.045810	6348.660769	13.953383	-0.019260	4.110796
88.007591	6343.614444	13.958387	-0.019250	4.109185
88.086159	6338.863697	13.963392	-0.019269	4.107675
87.824551	6333.839799	13.968397	-0.019206	4.106055
88.013453	6328.771173	13.973402	-0.019251	4.104449
87.982151	6323.405765	13.978407	-0.019243	4.102734
87.893224	6318.320997	13.983411	-0.019222	4.101104
87.718126	6313.297686	13.988416	-0.019180	4.099487
87.869664	6308.509168	13.993421	-0.019216	4.097966
87.806932	6303.494380	13.998426	-0.019200	4.096359
87.869336	6298.413330	14.003431	-0.019215	4.094737
87.817053	6293.372125	14.008435	-0.019202	4.093120
87.643660	6288.308731	14.013440	-0.019161	4.091488
87.779707	6283.186616	14.018445	-0.019193	4.089856
87.610955	6278.457583	14.023450	-0.019152	4.088329
87.660136	6273.502089	14.028455	-0.019164	4.086744
87.664504	6268.438861	14.033459	-0.019165	4.085121
87.565490	6263.125274	14.038464	-0.019141	4.083409
87.551490	6257.834580	14.043469	-0.019137	4.081710
87.484930	6252.767741	14.048474	-0.019121	4.080079
87.393142	6247.905351	14.053479	-0.019099	4.078511
87.507970	6243.021195	14.058483	-0.019126	4.076949
87.341233	6237.895308	14.063488	-0.019086	4.075291
87.246199	6232.877280	14.068493	-0.019063	4.073671
87.321377	6227.768298	14.073498	-0.019081	4.072032
87.242521	6222.712228	14.078503	-0.019061	4.070399
87.350681	6217.824508	14.083507	-0.019087	4.068833
87.383011	6212.925081	14.088512	-0.019095	4.067257
87.211016	6207.907622	14.093517	-0.019053	4.065629
87.042358	6202.793754	14.098522	-0.019013	4.063969
87.164254	6197.462748	14.103527	-0.019041	4.062258
87.092909	6192.401922	14.108531	-0.019024	4.060620
87.067737	6187.439091	14.113536	-0.019018	4.059017
87.112564	6182.622384	14.118541	-0.019028	4.057465
87.070245	6177.610897	14.123546	-0.019018	4.055843
86.990972	6172.483462	14.128551	-0.018999	4.054181
86.903659	6167.423538	14.133555	-0.018978	4.052539
86.960883	6162.391893	14.138560	-0.018991	4.050916
86.804354	6157.315626	14.143565	-0.018953	4.049263
86.899571	6152.489469	14.148570	-0.018976	4.047707
86.789828	6147.421138	14.153575	-0.018949	4.046059
86.871017	6142.262471	14.158579	-0.018969	4.044393
86.764534	6136.827807	14.163584	-0.018943	4.042625
86.737028	6131.758551	14.168589	-0.018936	4.040980
86.629526	6126.867683	14.173594	-0.018910	4.039386
86.598044	6122.035187	14.178599	-0.018902	4.037816
86.616402	6116.971152	14.183603	-0.018906	4.036174
86.582991	6111.942016	14.188608	-0.018898	4.034539
86.529709	6106.797987	14.193613	-0.018885	4.032864
86.612823	6101.717111	14.198618	-0.018905	4.031218
86.418181	6096.746879	14.203623	-0.018858	4.029589
86.429221	6092.048810	14.208627	-0.018860	4.028062
86.593018	6086.910153	14.213632	-0.018899	4.026401
86.375830	6081.845206	14.218637	-0.018847	4.024738
86.392007	6076.541155	14.223642	-0.018851	4.023011
86.341332	6071.444927	14.228647	-0.018838	4.021348
86.430831	6066.372340	14.233651	-0.018859	4.019701
86.358286	6061.691748	14.238656	-0.018842	4.018170
86.259912	6056.656631	14.243661	-0.018818	4.016520
86.197508	6051.586447	14.248666	-0.018803	4.014862
86.204062	6046.460930	14.253671	-0.018804	4.013189
86.184414	6041.472056	14.258675	-0.018799	4.011558
86.215920	6036.361773	14.263680	-0.018806	4.009891
86.090340	6031.671373	14.268685	-0.018776	4.008349
86.112941	6026.621457	14.273690	-0.018781	4.006700
86.047501	6021.574908	14.278695	-0.018765	4.005044
86.024087	6016.039033	14.283699	-0.018760	4.003231
86.011770	6010.967623	14.288704	-0.018756	4.001570
85.942110	6005.916095	14.293709	-0.018739	3.999910
85.954623	6001.182805	14.298714	-0.018742	3.998360
86.019376	5996.071843	14.303719	-0.018757	3.996690
85.831632	5991.069479	14.308723	-0.018712	3.995036
85.888033	5985.943585	14.313728	-0.018726	3.993358
85.718578	5980.906450	14.318733	-0.018685	3.991693
85.681408	5975.897743	14.323738	-0.018676	3.990046
85.778559	5971.116463	14.328743	-0.018699	3.988482
85.797430	5966.091404	14.333747	-0.018703	3.986832
85.678903	5961.072783	14.338752	-0.018674	3.985174
85.531134	5955.668631	14.343757	-0.018639	3.983387
85.671040	5950.598776	14.348762	-0.018672	3.981728
85.635610	5945.569077	14.353767	-0.018663	3.980070
85.594697	5940.819419	14.358771	-0.018653	3.978503
85.506153	5935.767188	14.363776	-0.018632	3.976833
85.523870	5930.716340	14.368781	-0.018636	3.975169
85.408931	5925.614361	14.373786	-0.018608	3.973479
85.401496	5920.568392	14.378791	-0.018606	3.971814
85.369758	5915.534439	14.383795	-0.018598	3.970151
85.379820	5910.831248	14.388800	-0.018600	3.968599
85.397165	5905.728561	14.393805	-0.018604	3.966915
85.419321	5900.684635	14.398810	-0.018609	3.965250
85.202961	5895.184707	14.403815	-0.018557	3.963416
85.243868	5890.108210	14.408819	-0.018567	3.961741
85.298234	5885.053616	14.413824	-0.018579	3.960072
85.179429	5880.347451	14.418829	-0.018551	3.958506
85.220430	5875.314909	14.423834	-0.018560	3.956843
85.069972	5870.242496	14.428839	-0.018524	3.955152
85.287522	5865.154769	14.433843	-0.018576	3.953481
85.040870	5860.072491	14.438848	-0.018517	3.951779
85.015342	5855.073095	14.443853	-0.018510	3.950119
85.087729	5850.329496	14.448858	-0.018527	3.948550
84.823817	5845.252753	14.453863	-0.018464	3.946846
84.865255	5840.207672	14.458867	-0.018474	3.945174
84.853610	5834.833207	14.463872	-0.018471	3.943387
84.779514	5829.800458	14.468877	-0.018453	3.941709
84.801665	5824.859001	14.473882	-0.018458	3.940068
84.876766	5819.956989	14.478887	-0.018475	3.938442
84.695878	5814.992052	14.483891	-0.018432	3.936777
84.744848	5809.927247	14.488896	-0.018443	3.935094
84.732107	5804.789810	14.493901	-0.018440	3.933382
84.785960	5799.795735	14.498906	-0.018453	3.931722
84.658237	5794.804563	14.503911	-0.018422	3.930049
84.640383	5790.057622	14.508915	-0.018417	3.928464
84.581937	5784.963073	14.513920	-0.018403	3.926760
84.586859	5779.737357	14.518925	-0.018404	3.925016
84.589192	5774.351890	14.523930	-0.018404	3.923218
84.521341	5769.269969	14.528935	-0.018388	3.921515
84.423700	5764.393778	14.533939	-0.018364	3.919879
84.468614	5759.472876	14.538944	-0.018375	3.918236
84.352911	5754.435847	14.543949	-0.018347	3.916543
84.355812	5749.368758	14.548954	-0.018347	3.914847
84.375980	5744.254431	14.553959	-0.018352	3.913137
84.276711	5739.246572	14.558963	-0.018328	3.911452
84.269873	5734.350271	14.563968	-0.018326	3.909811
84.220790	5729.453119	14.568973	-0.018314	3.908165
84.108311	5724.430392	14.573978	-0.018287	3.906473
84.014429	5719.206757	14.578983	-0.018264	3.904713
84.303970	5713.913985	14.583987	-0.018333	3.902958
84.270914	5708.887196	14.588992	-0.018325	3.901267
84.077707	5704.067576	14.593997	-0.018278	3.899634
84.179652	5699.127985	14.599002	-0.018303	3.897981
83.893657	5694.088684	14.604007	-0.018234	3.896265
84.034907	5688.993506	14.609011	-0.018267	3.894562
84.058236	5683.914259	14.614016	-0.018273	3.892854
84.063552	5678.817075	14.619021	-0.018274	3.891138
84.001707	5674.142709	14.624026	-0.018259	3.889559
83.857718	5669.089068	14.629031	-0.018224	3.887845
83.813685	5664.084286	14.634035	-0.018213	3.886155
83.707193	5658.643822	14.639040	-0.018187	3.884312
83.699926	5653.515310	14.644045	-0.018185	3.882581
83.845145	5648.427679	14.649050	-0.018220	3.880874
83.815515	5643.676423	14.654055	-0.018213	3.879267
83.645582	5638.618079	14.659059	-0.018172	3.877545
83.618078	5633.625780	14.664064	-0.018165	3.875856
83.620820	5628.495176	14.669069	-0.018165	3.874121
83.719081	5623.430678	14.674074	-0.018189	3.872414
83.600721	5618.395883	14.679079	-0.018160	3.870701
83.474381	5613.756855	14.684083	-0.018130	3.869121
83.425474	5608.613427	14.689088	-0.018118	3.867375
83.454558	5603.535220	14.694093	-0.018124	3.865656
83.485876	5598.150400	14.699098	-0.018131	3.863832
83.360162	5593.124885	14.704103	-0.018101	3.862118
83.387778	5588.164255	14.709107	-0.018108	3.860437
83.385065	5583.370612	14.714112	-0.018107	3.858809
83.291988	5578.302228	14.719117	-0.018084	3.857080
83.370475	5573.247685	14.724122	-0.018103	3.855368
83.350279	5568.112605	14.729127	-0.018098	3.853621
83.249894	5563.122472	14.734131	-0.018073	3.851916
83.297613	5558.213569	14.739136	-0.018084	3.850249
83.167060	5553.341835	14.744141	-0.018053	3.848581
83.050497	5548.332597	14.749146	-0.018025	3.846866
83.049870	5543.012196	14.754151	-0.018024	3.845053
83.089831	5537.808862	14.759155	-0.018034	3.843282
83.010062	5532.736184	14.764160	-0.018014	3.841546
82.987858	5527.889909	14.769165	-0.018009	3.839891
82.998605	5522.943282	14.774170	-0.018011	3.838203
82.806884	5517.891415	14.779175	-0.017965	3.836463
83.022853	5512.722481	14.784179	-0.018016	3.834713
82.954190	5507.715350	14.789184	-0.018000	3.832997
82.805680	5502.588708	14.794189	-0.017964	3.831232
82.892803	5497.770259	14.799194	-0.017985	3.829590
82.677758	5492.799940	14.804199	-0.017933	3.827873
82.708418	5487.655631	14.809203	-0.017940	3.826113
82.626898	5482.369380	14.814208	-0.017920	3.824296
82.687495	5477.226794	14.819213	-0.017934	3.822538
82.770112	5472.269109	14.824218	-0.017954	3.820844
82.463081	5467.503952	14.829223	-0.017880	3.819186
82.523985	5462.389977	14.834227	-0.017895	3.817435
82.586437	5457.386145	14.839232	-0.017909	3.815722
82.579318	5452.239378	14.844237	-0.017907	3.813953
82.479991	5447.235646	14.849242	-0.017883	3.812226
82.453106	5442.324098	14.854247	-0.017877	3.810535
82.427684	5437.413502	14.859251	-0.017870	3.808844
82.375800	5432.373210	14.864256	-0.017858	3.807105
82.345196	5426.990495	14.869261	-0.017850	3.805250
82.280548	5421.857307	14.874266	-0.017834	3.803476
82.288229	5416.710187	14.879271	-0.017836	3.801703
82.218886	5411.947698	14.884275	-0.017819	3.800055
82.208875	5406.972993	14.889280	-0.017816	3.798339
82.246656	5401.829634	14.894285	-0.017825	3.796567
82.223592	5396.843472	14.899290	-0.017819	3.794843
82.042044	5391.736483	14.904295	-0.017776	3.793065
82.156319	5386.687677	14.909299	-0.017803	3.791329
82.035988	5382.003141	14.914304	-0.017774	3.789700
81.940308	5376.896360	14.919309	-0.017751	3.787926
82.068242	5371.778167	14.924314	-0.017781	3.786165
81.968170	5366.473452	14.929319	-0.017757	3.784321
81.819419	5361.403198	14.934323	-0.017721	3.782553
82.052687	5356.471760	14.939328	-0.017777	3.780862
81.802229	5351.651735	14.944333	-0.017716	3.779171
81.876813	5346.553802	14.949338	-0.017734	3.777409
81.738535	5341.564331	14.954343	-0.017701	3.775666
81.772352	5336.448938	14.959347	-0.017708	3.773893
81.705868	5331.383100	14.964352	-0.017692	3.772128
81.811964	5326.541597	14.969357	-0.017717	3.770454
81.607992	5321.642910	14.974362	-0.017668	3.768735
81.666074	5316.554677	14.979367	-0.017682	3.766970
81.654322	5311.113465	14.984371	-0.017679	3.765075
81.725235	5305.928587	14.989376	-0.017696	3.763276
81.493713	5300.955254	14.994381	-0.017640	3.761525
81.672264	5296.129432	14.999386	-0.017683	3.759858
81.398014	5291.096232	15.004391	-0.017617	3.758081
81.531443	5286.035459	15.009395	-0.017648	3.756326
81.540086	5280.929638	15.014400	-0.017650	3.754545
81.451401	5275.870955	15.019405	-0.017629	3.752772
81.445643	5270.961825	15.024410	-0.017627	3.751057
81.386989	5266.068900	15.029415	-0.017613	3.749342
81.294145	5261.025413	15.034419	-0.017590	3.747571
81.396010	5255.791367	15.039424	-0.017614	3.745749
81.214701	5250.618860	15.044429	-0.017571	3.743924
81.272665	5245.548865	15.049434	-0.017584	3.742153
81.196220	5240.768880	15.054439	-0.017566	3.740473
81.203380	5235.777608	15.059443	-0.017567	3.738724
81.245891	5230.692371	15.064448	-0.017577	3.736945
81.013662	5225.644582	15.069453	-0.017521	3.735155
81.031091	5220.618921	15.074458	-0.017525	3.733393
81.013356	5215.558430	15.079463	-0.017521	3.731614
81.019747	5210.789754	15.084467	-0.017522	3.729940
81.111964	5205.680058	15.089472	-0.017544	3.728151
81.026743	5200.547342	15.094477	-0.017523	3.726340
80.867254	5195.225888	15.099482	-0.017485	3.724455
80.852498	5190.144057	15.104487	-0.017481	3.722665
80.841966	5185.293263	15.109491	-0.017478	3.720956
80.726365	5180.375206	15.114496	-0.017450	3.719214
80.790555	5175.302568	15.119501	-0.017466	3.717431
80.812170	5170.244014	15.124506	-0.017470	3.715649
80.687811	5165.169665	15.129511	-0.017440	3.713849
80.574602	5160.112912	15.134515	-0.017413	3.712054
80.674198	5155.392631	15.139520	-0.017437	3.710396
80.729285	5150.278420	15.144525	-0.017450	3.708593
80.743241	5145.186866	15.149530	-0.017453	3.706795
80.573824	5139.886415	15.154535	-0.017412	3.704906
80.456802	5134.879937	15.159539	-0.017384	3.703125
80.394916	5129.951192	15.164544	-0.017369	3.701375
80.413437	5125.042127	15.169549	-0.017373	3.699638
80.380835	5120.017836	15.174554	-0.017365	3.697855
80.424415	5114.919152	15.179559	-0.017375	3.696051
80.384973	5109.903991	15.184563	-0.017365	3.694269
80.381640	5104.797480	15.189568	-0.017364	3.692457
80.278234	5099.999158	15.194573	-0.017339	3.690745
80.404134	5095.017472	15.199578	-0.017369	3.688986
80.303055	5089.942098	15.204583	-0.017345	3.687174
80.200069	5084.528216	15.209587	-0.017320	3.685240
80.159791	5079.445537	15.214592	-0.017310	3.683429
80.134621	5074.474074	15.219597	-0.017304	3.681658
80.075478	5069.668163	15.224602	-0.017289	3.679941
79.954499	5064.609219	15.229607	-0.017260	3.678129
80.083544	5059.496526	15.234611	-0.017291	3.676318
80.021632	5054.434825	15.239616	-0.017276	3.674508
80.004702	5049.358031	15.244621	-0.017271	3.672695
79.932675	5044.584444	15.249626	-0.017254	3.670985
79.812786	5039.601533	15.254631	-0.017225	3.669195
79.839216	5034.516634	15.259635	-0.017231	3.667381
79.885418	5029.123964	15.264640	-0.017242	3.665457
79.838771	5024.064131	15.269645	-0.017230	3.663644
79.687267	5019.197375	15.274650	-0.017194	3.661889
79.793719	5014.274523	15.279655	-0.017219	3.660136
79.661353	5009.259829	15.284659	-0.017187	3.658329
79.784842	5004.157378	15.289664	-0.017216	3.656511
79.722108	4999.083318	15.294669	-0.017201	3.654686
79.656058	4994.046537	15.299674	-0.017185	3.652874
79.621403	4989.221380	15.304679	-0.017177	3.651139
79.627461	4984.251503	15.309683	-0.017178	3.649355
79.632621	4979.183478	15.314688	-0.017179	3.647535
79.379274	4973.745290	15.319693	-0.017118	3.645559
79.469257	4968.672790	15.324698	-0.017139	3.643743
79.299431	4963.751427	15.329703	-0.017098	3.641958
79.444495	4958.857204	15.334707	-0.017133	3.640208
79.281567	4953.814257	15.339712	-0.017094	3.638378
79.331378	4948.764727	15.344717	-0.017105	3.636563
79.460243	4943.639948	15.349722	-0.017136	3.634727
79.302354	4938.508328	15.354727	-0.017098	3.632862
79.269887	4933.692798	15.359731	-0.017090	3.631122
79.230444	4928.699710	15.364736	-0.017080	3.629316
79.310272	4923.575163	15.369741	-0.017099	3.627471
79.043394	4918.338434	15.374746	-0.017035	3.625556
79.182075	4913.223209	15.379751	-0.017068	3.623718
79.003301	4908.303088	15.384755	-0.017025	3.621923
79.084046	4903.432746	15.389760	-0.017044	3.620167
79.013761	4898.344134	15.394765	-0.017027	3.618318
78.922600	4893.312264	15.399770	-0.017005	3.616487
78.999104	4888.220311	15.404775	-0.017023	3.614648
79.012194	4883.144440	15.409779	-0.017026	3.612808
78.832284	4878.440981	15.414784	-0.016982	3.611086
78.762000	4873.429740	15.419789	-0.016965	3.609260
78.865581	4868.289834	15.424794	-0.016990	3.607402
78.635639	4862.891075	15.429799	-0.016934	3.605420
78.754666	4857.776911	15.434803	-0.016963	3.603571
78.800842	4852.911105	15.439808	-0.016973	3.601805
78.700567	4847.993827	15.444813	-0.016949	3.600006
78.658616	4842.914974	15.449818	-0.016939	3.598153
78.634835	4837.835219	15.454823	-0.016933	3.596300
78.722656	4832.749093	15.459827	-0.016954	3.594454
78.505189	4827.778747	15.464832	-0.016901	3.592622
78.474754	4822.991564	15.469837	-0.016894	3.590872
78.479777	4817.936539	15.474842	-0.016895	3.589027
78.355103	4812.824960	15.479847	-0.016865	3.587149
78.405216	4807.532830	15.484851	-0.016877	3.585219
78.407950	4802.495715	15.489856	-0.016877	3.583378
78.313425	4797.681859	15.494861	-0.016854	3.581608
78.414973	4792.656534	15.499866	-0.016878	3.579778
78.397735	4787.573964	15.504871	-0.016874	3.577915
78.241136	4782.576474	15.509875	-0.016836	3.576070
78.239684	4777.486849	15.514880	-0.016835	3.574204
78.267499	4772.528906	15.519885	-0.016842	3.572387
78.196860	4767.697802	15.524890	-0.016825	3.570608
78.201758	4762.603363	15.529895	-0.016826	3.568738
78.022630	4757.347447	15.534899	-0.016783	3.566791
78.106343	4752.135660	15.539904	-0.016802	3.564883
77.937723	4747.101079	15.544909	-0.016762	3.563016
78.060645	4742.310175	15.549914	-0.016791	3.561265
77.913115	4737.249365	15.554919	-0.016755	3.559388
77.930411	4732.224713	15.559923	-0.016759	3.557539
77.864853	4727.131461	15.564928	-0.016743	3.555656
77.777833	4722.045337	15.569933	-0.016722	3.553773
77.905249	4717.194557	15.574938	-0.016752	3.551995
77.812069	4712.283497	15.579943	-0.016730	3.550174
77.855360	4707.214767	15.584947	-0.016740	3.548306
77.877771	4701.863225	15.589952	-0.016745	3.546331
77.844299	4696.763066	15.594957	-0.016737	3.544442
77.681261	4691.849333	15.599962	-0.016698	3.542610
77.671971	4686.972969	15.604967	-0.016695	3.540805
77.663559	4681.953892	15.609971	-0.016693	3.538946
77.555404	4676.893741	15.614976	-0.016667	3.537061
77.461718	4671.833610	15.619981	-0.016644	3.535177
77.607768	4666.744967	15.624986	-0.016679	3.533303
77.386609	4662.033725	15.629991	-0.016626	3.531535
77.414378	4657.005474	15.634995	-0.016632	3.529671
77.480941	4651.826613	15.640000	-0.016648	3.527753
77.435482	4646.440513	15.645005	-0.016637	3.525747
77.442809	4641.387751	15.650010	-0.016638	3.523869
77.300616	4636.531485	15.655015	-0.016604	3.522049
77.309701	4631.567451	15.660019	-0.016606	3.520202
77.269289	4626.522722	15.665024	-0.016596	3.518320
77.181007	4621.431408	15.670029	-0.016574	3.516414
77.135456	4616.385049	15.675034	-0.016563	3.514529
77.071496	4611.455579	15.680039	-0.016548	3.512684
77.074471	4606.582379	15.685043	-0.016548	3.510865
76.980735	4601.534252	15.690048	-0.016525	3.508971
77.154694	4596.192765	15.695053	-0.016567	3.506992
77.070780	4591.087703	15.700058	-0.016547	3.505076
76.929217	4586.106588	15.705063	-0.016512	3.503199
77.020825	4581.258734	15.710067	-0.016534	3.501393
76.953013	4576.218754	15.715072	-0.016518	3.499500
76.959850	4571.149629	15.720077	-0.016519	3.497601
76.893650	4566.124745	15.725082	-0.016503	3.495712
76.860689	4561.054381	15.730087	-0.016495	3.493807
76.849959	4556.234101	15.735091	-0.016492	3.491997
76.791101	4551.222158	15.740096	-0.016478	3.490110
76.853703	4546.056367	15.745101	-0.016492	3.488175
76.697369	4540.722198	15.750106	-0.016455	3.486156
76.568547	4535.687219	15.755111	-0.016424	3.484250
76.423572	4530.863953	15.760115	-0.016389	3.482421
76.479503	4525.875337	15.765120	-0.016402	3.480548
76.449586	4520.806455	15.770125	-0.016394	3.478636
76.543836	4515.754017	15.775130	-0.016417	3.476741
76.482421	4510.614986	15.780135	-0.016402	3.474797
76.461662	4505.727577	15.785139	-0.016397	3.472951
76.440674	4500.856058	15.790144	-0.016391	3.471110
76.371717	4495.791759	15.795149	-0.016375	3.469191
76.412637	4490.536727	15.800154	-0.016384	3.467208
76.392065	4485.397511	15.805159	-0.016379	3.465263
76.307094	4480.416774	15.810163	-0.016358	3.463371
76.290145	4475.593185	15.815168	-0.016354	3.461543
76.169444	4470.547735	15.820173	-0.016325	3.459620
76.268978	4465.469493	15.825178	-0.016348	3.457705
76.184008	4460.298072	15.830183	-0.016328	3.455736
76.148121	4455.211050	15.835187	-0.016319	3.453803
76.120911	4450.481528	15.840192	-0.016312	3.452005
75.992730	4445.454524	15.845197	-0.016281	3.450083
76.010000	4440.245030	15.850202	-0.016285	3.448105
76.053237	4434.913769	15.855207	-0.016295	3.446082
75.951964	4429.855902	15.860211	-0.016271	3.444148
75.982550	4425.023399	15.865216	-0.016278	3.442311
75.942432	4419.982714	15.870221	-0.016268	3.440388
75.745534	4415.023012	15.875226	-0.016221	3.438479
75.680295	4409.922325	15.880231	-0.016205	3.436527
75.703703	4404.830744	15.885235	-0.016210	3.434587
75.712985	4399.974533	15.890240	-0.016212	3.432734
75.765511	4394.985771	15.895245	-0.016224	3.430834
75.690510	4389.961858	15.900250	-0.016206	3.428906
75.680442	4384.619059	15.905255	-0.016204	3.426862
75.646533	4379.564481	15.910259	-0.016195	3.424925
75.650569	4374.657224	15.915264	-0.016196	3.423047
75.655251	4369.701158	15.920269	-0.016197	3.421149
75.425673	4364.755290	15.925274	-0.016142	3.419231
75.398322	4359.665610	15.930279	-0.016135	3.417277
75.550675	4354.537172	15.935283	-0.016171	3.415324
75.421809	4349.652331	15.940288	-0.016140	3.413436
75.399884	4344.742990	15.945293	-0.016134	3.411548
75.327684	4339.731441	15.950298	-0.016117	3.409615
75.268071	4334.380301	15.955303	-0.016102	3.407552
75.177778	4329.244657	15.960307	-0.016081	3.405567
75.277658	4324.219931	15.965312	-0.016104	3.403642
75.235901	4319.375982	15.970317	-0.016094	3.401772
75.139890	4314.352620	15.975322	-0.016071	3.399826
75.087134	4309.291975	15.980327	-0.016058	3.397869
75.083127	4304.207232	15.985331	-0.016057	3.395907
75.184760	4299.184063	15.990336	-0.016081	3.393978
75.099772	4294.398142	15.995341	-0.016060	3.392120
75.069088	4289.316733	16.000346	-0.016053	3.390153
74.935439	4284.161399	16.005351	-0.016020	3.388146
74.889618	4278.994704	16.010355	-0.016009	3.386142
74.887165	4273.929569	16.015360	-0.016008	3.384180
74.774629	4269.162286	16.020365	-0.015981	3.382322
74.857308	4264.102744	16.025370	-0.016001	3.380369
74.772605	4259.077058	16.030375	-0.015980	3.378411
74.729300	4253.990595	16.035379	-0.015970	3.376433
74.661755	4248.943106	16.040384	-0.015953	3.374466
74.638862	4244.200351	16.045389	-0.015947	3.372621
74.713125	4239.118861	16.050394	-0.015965	3.370653
74.778338	4233.898224	16.055399	-0.015980	3.368628
74.659864	4228.633462	16.060403	-0.015952	3.366567
74.427582	4223.611295	16.065408	-0.015896	3.364588
74.490877	4218.768133	16.070413	-0.015911	3.362707
74.626092	4213.717769	16.075418	-0.015943	3.360751
74.499089	4208.670870	16.080423	-0.015912	3.358769
74.369087	4203.594200	16.085427	-0.015881	3.356774
74.447780	4198.531319	16.090432	-0.015899	3.354805
74.316603	4193.750900	16.095437	-0.015868	3.352923
74.282091	4188.720722	16.100442	-0.015859	3.350953
74.323810	4183.623510	16.105447	-0.015869	3.348962
74.357257	4178.293909	16.110451	-0.015877	3.346879
74.352610	4173.269062	16.115456	-0.015875	3.344910
74.203525	4168.479730	16.120461	-0.015839	3.343017
74.290493	4163.432139	16.125466	-0.015860	3.341046
74.228342	4158.384086	16.130471	-0.015845	3.339059
74.096438	4153.325406	16.135475	-0.015813	3.337059
74.052857	4148.273846	16.140480	-0.015802	3.335070
73.904011	4143.518645	16.145485	-0.015767	3.333185
73.998198	4138.455380	16.150490	-0.015789	3.331203
73.898580	4133.353598	16.155495	-0.015765	3.329184
73.873225	4128.016892	16.160499	-0.015758	3.327080
73.946617	4122.913605	16.165504	-0.015776	3.325076
73.794920	4118.128520	16.170509	-0.015739	3.323174
73.731797	4113.126156	16.175514	-0.015724	3.321193
73.801132	4108.053470	16.180519	-0.015740	3.319198
73.601658	4102.996377	16.185523	-0.015692	3.317179
73.901335	4097.853785	16.190528	-0.015764	3.315178
73.741062	4093.072794	16.195533	-0.015725	3.313270
73.609271	4088.078967	16.200538	-0.015693	3.311280
73.646875	4082.966601	16.205543	-0.015702	3.309259
73.540152	4077.721083	16.210547	-0.015676	3.307170
73.541388	4072.662369	16.215552	-0.015676	3.305164
73.318056	4067.918937	16.220557	-0.015623	3.303259
73.417474	4062.836542	16.225562	-0.015646	3.301252
73.421228	4057.816097	16.230567	-0.015647	3.299258
73.427824	4052.699777	16.235571	-0.015648	3.297226
73.258458	4047.622650	16.240576	-0.015607	3.295189
73.329999	4042.757545	16.245581	-0.015624	3.293260
73.332112	4037.749696	16.250586	-0.015624	3.291267
73.440331	4032.494477	16.255591	-0.015650	3.289184
73.233874	4027.246337	16.260595	-0.015600	3.287070
73.181143	4022.186477	16.265600	-0.015588	3.285046
73.204849	4017.345738	16.270605	-0.015593	3.283117
73.172696	4012.317830	16.275610	-0.015585	3.281105
73.117950	4007.281799	16.280615	-0.015572	3.279087
73.017883	4002.199201	16.285619	-0.015548	3.277044
73.025863	3997.161470	16.290624	-0.015549	3.275029
73.045429	3992.338136	16.295629	-0.015554	3.273100
73.042102	3987.329706	16.300634	-0.015553	3.271093
72.948032	3982.121022	16.305639	-0.015530	3.268995
72.911770	3976.957216	16.310643	-0.015521	3.266920
72.639880	3971.996736	16.315648	-0.015456	3.264900
72.930323	3967.110355	16.320653	-0.015525	3.262968
72.805201	3962.065868	16.325658	-0.015495	3.260928
72.770523	3957.009916	16.330663	-0.015486	3.258891
72.673150	3951.936546	16.335667	-0.015463	3.256839
72.618750	3947.004608	16.340672	-0.015449	3.254848
72.583298	3942.164415	16.345677	-0.015441	3.252894
72.629518	3937.087107	16.350682	-0.015451	3.250852
72.586887	3931.775080	16.355687	-0.015441	3.248705
72.462730	3926.624355	16.360691	-0.015411	3.246612
72.591397	3921.646154	16.365696	-0.015441	3.244616
72.486918	3916.719923	16.370701	-0.015416	3.242613
72.531492	3911.710757	16.375706	-0.015427	3.240593
72.284981	3906.666605	16.380711	-0.015367	3.238525
72.303636	3901.599758	16.385715	-0.015372	3.236475
72.396780	3896.628696	16.390720	-0.015394	3.234471
72.387747	3891.744152	16.395725	-0.015391	3.232490
72.209932	3886.751512	16.400730	-0.015348	3.230445
72.272421	3881.384968	16.405735	-0.015363	3.228274
72.287138	3876.339803	16.410739	-0.015366	3.226226
72.176050	3871.472007	16.415744	-0.015340	3.224235
72.228333	3866.509818	16.420749	-0.015352	3.222223
72.202317	3861.490381	16.425754	-0.015345	3.220177
71.905477	3856.438647	16.430759	-0.015274	3.218088
71.966750	3851.351764	16.435763	-0.015289	3.216022
71.986657	3846.547879	16.440768	-0.015293	3.214065
72.008004	3841.545339	16.445773	-0.015298	3.212027
71.936246	3836.452469	16.450778	-0.015281	3.209939
71.927558	3831.184045	16.455783	-0.015278	3.207786
71.788464	3826.144302	16.460787	-0.015245	3.205711
71.741361	3821.361627	16.465792	-0.015233	3.203749
71.741028	3816.265085	16.470797	-0.015233	3.201663
71.722975	3811.212445	16.475802	-0.015228	3.199592
71.668200	3806.137183	16.480807	-0.015215	3.197505
71.718110	3801.043899	16.485811	-0.015227	3.195422
71.522566	3796.349376	16.490816	-0.015180	3.193474
71.622334	3791.223979	16.495821	-0.015203	3.191380
71.585780	3785.996653	16.500826	-0.015194	3.189228
71.414811	3780.907069	16.505831	-0.015153	3.187117
71.491129	3775.906600	16.510835	-0.015171	3.185068
71.459507	3771.046881	16.515840	-0.015163	3.183063
71.407814	3765.981276	16.520845	-0.015151	3.180971
71.370587	3760.940852	16.525850	-0.015141	3.178889
71.298924	3755.855567	16.530855	-0.015124	3.176783
71.287948	3750.987091	16.535859	-0.015121	3.174772
71.269982	3746.067683	16.540864	-0.015117	3.172738
71.348413	3740.892744	16.545869	-0.015135	3.170608
71.054517	3735.613204	16.550874	-0.015065	3.168391
71.160168	3730.540500	16.555879	-0.015090	3.166304
71.099729	3725.681958	16.560883	-0.015075	3.164285
71.137361	3720.646282	16.565888	-0.015084	3.162202
70.954594	3715.626381	16.570893	-0.015040	3.160100
71.076151	3710.539953	16.575898	-0.015068	3.158002
70.995701	3705.477219	16.580903	-0.015049	3.155891
70.978622	3700.697336	16.585907	-0.015045	3.153903
70.910827	3695.667067	16.590912	-0.015028	3.151804
70.824990	3690.343567	16.595917	-0.015007	3.149579
70.863895	3685.178001	16.600922	-0.015016	3.147433
70.788790	3680.246271	16.605927	-0.014998	3.145369
70.838317	3675.293540	16.610931	-0.015010	3.143310
70.744278	3670.288959	16.615936	-0.014987	3.141211
70.715622	3665.213843	16.620941	-0.014980	3.139089
70.765150	3660.188790	16.625946	-0.014992	3.136996
70.759548	3655.254553	16.630951	-0.014990	3.134932
70.668313	3650.316395	16.635955	-0.014968	3.132856
70.633069	3645.226809	16.640960	-0.014959	3.130722
70.522714	3639.867729	16.645965	-0.014933	3.128464
70.505313	3634.802029	16.650970	-0.014928	3.126339
70.502429	3629.947845	16.655975	-0.014927	3.124302
70.443046	3624.919741	16.660979	-0.014913	3.122185
70.413993	3619.909045	16.665984	-0.014906	3.120077
70.320231	3614.831145	16.670989	-0.014883	3.117932
70.352789	3609.817816	16.675994	-0.014890	3.115827
70.205134	3605.019010	16.680999	-0.014855	3.113790
70.226223	3599.945835	16.686003	-0.014860	3.111656
70.361837	3594.652112	16.691008	-0.014892	3.109441
70.131040	3589.589429	16.696013	-0.014836	3.107279
70.146354	3584.662288	16.701018	-0.014840	3.105201
70.110778	3579.743582	16.706023	-0.014831	3.103120
70.073263	3574.696539	16.711027	-0.014822	3.100982
70.049534	3569.613769	16.716032	-0.014816	3.098830
70.065708	3564.523536	16.721037	-0.014819	3.096678
70.126653	3559.699357	16.726042	-0.014834	3.094642
69.996943	3554.703387	16.731047	-0.014802	3.092509
69.981661	3549.488713	16.736051	-0.014799	3.090296
69.877956	3544.277211	16.741056	-0.014774	3.088072
69.918687	3539.244160	16.746061	-0.014783	3.085940
69.723791	3534.461864	16.751066	-0.014736	3.083885
69.669660	3529.414184	16.756071	-0.014723	3.081732
69.684304	3524.322413	16.761075	-0.014726	3.079567
69.620217	3519.256022	16.766080	-0.014711	3.077401
69.683461	3514.330768	16.771085	-0.014725	3.075310
69.500876	3509.433812	16.776090	-0.014682	3.073200
69.551438	3504.327901	16.781095	-0.014693	3.071027
69.655413	3499.047056	16.786099	-0.014718	3.068784
69.504999	3494.030523	16.791104	-0.014682	3.066623
69.445051	3489.219420	16.796109	-0.014667	3.064558
69.488002	3484.179518	16.801114	-0.014677	3.062406
69.282588	3479.172847	16.806119	-0.014628	3.060238
69.374745	3474.063001	16.811123	-0.014650	3.058059
69.388339	3469.108152	16.816128	-0.014653	3.055936
69.252962	3464.236765	16.821133	-0.014620	3.053829
69.330650	3459.143750	16.826138	-0.014638	3.051651
69.386314	3453.735875	16.831143	-0.014651	3.049334
69.224927	3448.690115	16.836147	-0.014613	3.047144
69.217689	3443.853033	16.841152	-0.014611	3.045062
69.076324	3438.874824	16.846157	-0.014576	3.042900
69.103854	3433.811771	16.851162	-0.014583	3.040722
69.134396	3428.718931	16.856167	-0.014590	3.038529
69.066714	3423.702039	16.861171	-0.014573	3.036355
69.094406	3418.863683	16.866176	-0.014580	3.034269
68.911584	3413.856492	16.871181	-0.014536	3.032082
68.878544	3408.591729	16.876186	-0.014528	3.029801
68.804117	3403.489612	16.881191	-0.014510	3.027584
68.813090	3398.609963	16.886195	-0.014511	3.025471
68.848778	3393.630473	16.891200	-0.014520	3.023317
68.727005	3388.605156	16.896205	-0.014490	3.021122
68.627204	3383.533528	16.901210	-0.014466	3.018908
68.561780	3378.537189	16.906215	-0.014450	3.016730
68.608543	3373.603423	16.911219	-0.014461	3.014590
68.670136	3368.522630	16.916224	-0.014476	3.012388
68.657040	3363.178371	16.921229	-0.014472	3.010059
68.565076	3358.071728	16.926234	-0.014450	3.007823
68.536161	3353.160171	16.931239	-0.014443	3.005678
68.511541	3348.193704	16.936243	-0.014437	3.003508
68.567155	3343.141766	16.941248	-0.014450	3.001309
68.259265	3338.130255	16.946253	-0.014376	2.999081
68.271455	3333.114421	16.951258	-0.014379	2.996889
68.344392	3328.269096	16.956263	-0.014396	2.994777
68.468205	3323.141286	16.961267	-0.014425	2.992547
68.277855	3317.972797	16.966272	-0.014379	2.990258
68.188101	3312.875990	16.971277	-0.014358	2.988012
68.092069	3307.970402	16.976282	-0.014334	2.985846
68.124209	3303.022931	16.981287	-0.014342	2.983677
68.102939	3297.934411	16.986291	-0.014337	2.981438
68.037526	3292.918262	16.991296	-0.014321	2.979223
68.021340	3287.847271	16.996301	-0.014317	2.976989
68.165743	3283.015108	17.001306	-0.014351	2.974878
68.061802	3278.014610	17.006311	-0.014326	2.972660
67.904651	3272.664472	17.011315	-0.014288	2.970280
67.748874	3267.596765	17.016320	-0.014250	2.968023
67.715307	3262.677675	17.021325	-0.014242	2.965845
67.859234	3257.663811	17.026330	-0.014276	2.963646
67.763827	3252.629932	17.031335	-0.014253	2.961406
67.875683	3247.507159	17.036339	-0.014280	2.959151
67.892133	3242.497047	17.041344	-0.014283	2.956933
67.734586	3237.670359	17.046349	-0.014245	2.954772
67.653683	3232.658124	17.051354	-0.014226	2.952537
67.623376	3227.374677	17.056359	-0.014218	2.950186
67.718895	3222.272291	17.061363	-0.014241	2.947930
67.530366	3217.457458	17.066368	-0.014196	2.945764
67.599668	3212.427622	17.071373	-0.014212	2.943533
67.408853	3207.447775	17.076378	-0.014166	2.941290
67.460181	3202.339701	17.081383	-0.014178	2.939019
67.338077	3197.396974	17.086387	-0.014149	2.936798
67.420757	3192.485474	17.091392	-0.014168	2.934615
67.273995	3187.446274	17.096397	-0.014133	2.932344
67.237728	3182.098274	17.101402	-0.014124	2.929947
67.202650	3177.033173	17.106407	-0.014115	2.927675
67.218509	3172.173381	17.111411	-0.014119	2.925500
67.138777	3167.201181	17.116416	-0.014099	2.923261
67.131541	3162.119545	17.121421	-0.014097	2.920980
67.100135	3157.034214	17.126426	-0.014090	2.918692
67.074571	3152.122738	17.131431	-0.014083	2.916482
66.978982	3147.217742	17.136435	-0.014060	2.914264
67.195720	3142.050728	17.141440	-0.014112	2.911966
67.042317	3136.836732	17.146445	-0.014075	2.909598
66.996440	3131.823220	17.151450	-0.014064	2.907332
66.910708	3127.001494	17.156455	-0.014043	2.905146
66.874004	3121.935697	17.161459	-0.014034	2.902854
66.875902	3116.911154	17.166464	-0.014034	2.900584
66.717115	3111.850541	17.171469	-0.013996	2.898275
66.891357	3106.992560	17.176474	-0.014037	2.896099
66.792738	3102.025216	17.181479	-0.014013	2.893836
66.629591	3096.659732	17.186483	-0.013974	2.891383
66.544293	3091.495183	17.191488	-0.013953	2.889029
66.529853	3086.533017	17.196493	-0.013950	2.886774
66.506778	3081.617749	17.201498	-0.013944	2.884538
66.692983	3076.513389	17.206503	-0.013988	2.882242
66.435239	3071.474789	17.211507	-0.013926	2.879915
66.497322	3066.441099	17.216512	-0.013941	2.877630
66.385541	3061.606817	17.221517	-0.013914	2.875412
66.375142	3056.549261	17.226522	-0.013911	2.873104
66.390037	3051.286799	17.231527	-0.013914	2.870703
66.305218	3046.172355	17.236531	-0.013894	2.868355
66.260483	3041.380828	17.241536	-0.013883	2.866158
66.149660	3036.357114	17.246541	-0.013856	2.863845
66.133525	3031.302551	17.251546	-0.013852	2.861527
66.167778	3026.229294	17.256551	-0.013860	2.859207
66.095536	3021.287655	17.261555	-0.013843	2.856930
66.064190	3016.409480	17.266560	-0.013835	2.854686
65.891930	3011.271156	17.271565	-0.013793	2.852302
65.895162	3005.985756	17.276570	-0.013794	2.849872
65.921200	3000.966041	17.281575	-0.013800	2.847565
65.738479	2996.147311	17.286579	-0.013756	2.845321
65.836790	2991.068542	17.291584	-0.013779	2.842993
65.862588	2985.985920	17.296589	-0.013785	2.840652
65.801292	2980.926097	17.301594	-0.013770	2.838307
65.769737	2976.116393	17.306599	-0.013762	2.836080
65.860187	2971.000941	17.311603	-0.013784	2.833726
65.818580	2965.827779	17.316608	-0.013774	2.831326
65.648141	2960.738403	17.321613	-0.013732	2.828945
65.571797	2955.874934	17.326618	-0.013714	2.826680
65.610577	2950.868100	17.331623	-0.013723	2.824362
65.460406	2945.858782	17.336627	-0.013687	2.822015
65.542474	2940.778386	17.341632	-0.013706	2.819665
65.532703	2935.837732	17.346637	-0.013704	2.817365
65.500625	2930.901612	17.351642	-0.013696	2.815063
65.288411	2925.805320	17.356647	-0.013645	2.812659
65.417172	2920.430226	17.361651	-0.013675	2.810170
65.163768	2915.523527	17.366656	-0.013614	2.807845
65.172190	2910.645086	17.371661	-0.013616	2.805567
65.248218	2905.541176	17.376666	-0.013634	2.803191
65.302724	2900.461875	17.381671	-0.013647	2.800822
65.196759	2895.409323	17.386675	-0.013621	2.798441
65.114044	2890.621263	17.391680	-0.013601	2.796185
65.032850	2885.593849	17.396685	-0.013582	2.793816
65.071799	2880.296130	17.401690	-0.013591	2.791334
65.076358	2875.244973	17.406695	-0.013591	2.788961
65.005883	2870.362190	17.411699	-0.013574	2.786655
64.820865	2865.397889	17.416704	-0.013530	2.784292
64.871770	2860.340552	17.421709	-0.013542	2.781917
64.919749	2855.246012	17.426714	-0.013553	2.779521
64.811297	2850.292566	17.431719	-0.013527	2.777168
64.808311	2845.301679	17.436723	-0.013526	2.774811
64.622333	2840.142637	17.441728	-0.013481	2.772346
64.702098	2834.887366	17.446733	-0.013500	2.769870
64.544709	2829.989509	17.451738	-0.013462	2.767529
64.724525	2825.007381	17.456743	-0.013505	2.765193
64.649715	2819.959295	17.461747	-0.013487	2.762788
64.629974	2814.890146	17.466752	-0.013482	2.760378
64.574811	2809.918001	17.471757	-0.013468	2.758007
64.467555	2805.073189	17.476762	-0.013442	2.755688
64.417304	2799.974371	17.481767	-0.013430	2.753254
64.572767	2794.680253	17.486771	-0.013467	2.750753
64.488752	2789.691569	17.491776	-0.013447	2.748363
64.203931	2784.902188	17.496781	-0.013378	2.746036
64.299149	2779.819326	17.501786	-0.013401	2.743622
64.279268	2774.759402	17.506791	-0.013396	2.741200
64.292313	2769.695479	17.511795	-0.013399	2.738778
64.147129	2764.922170	17.516800	-0.013364	2.736472
64.168712	2759.864455	17.521805	-0.013369	2.734050
64.075928	2754.501835	17.526810	-0.013346	2.731464
64.071463	2749.444880	17.531815	-0.013345	2.729035
63.876628	2744.645827	17.536819	-0.013298	2.726700
63.943428	2739.594009	17.541824	-0.013314	2.724279
63.897189	2734.497383	17.546829	-0.013302	2.721818
63.918294	2729.420917	17.551834	-0.013307	2.719375
63.824037	2724.615006	17.556839	-0.013284	2.717043
63.799680	2719.568122	17.561843	-0.013278	2.714603
63.749301	2714.370184	17.566848	-0.013266	2.712084
63.765890	2709.255800	17.571853	-0.013270	2.709612
63.646276	2704.390460	17.576858	-0.013241	2.707240
63.720239	2699.390420	17.581863	-0.013258	2.704828
63.536023	2694.371655	17.586867	-0.013214	2.702367
63.496500	2689.287900	17.591872	-0.013204	2.699893
63.516725	2684.390029	17.596877	-0.013209	2.697516
63.634595	2679.392136	17.601882	-0.013237	2.695103
63.389676	2674.209262	17.606887	-0.013178	2.692545
63.424158	2669.002121	17.611891	-0.013186	2.690013
63.398029	2664.119425	17.616896	-0.013179	2.687628
63.247633	2659.162647	17.621901	-0.013143	2.685186
63.259392	2654.104287	17.626906	-0.013146	2.682717
63.322832	2649.001230	17.631911	-0.013161	2.680231
63.189517	2644.123295	17.636915	-0.013129	2.677824
63.305153	2639.129748	17.641920	-0.013156	2.675395
63.253088	2633.888821	17.646925	-0.013143	2.672817
63.182738	2628.727776	17.651930	-0.013126	2.670274
63.210140	2623.816655	17.656935	-0.013132	2.667865
63.036968	2618.882779	17.661939	-0.013091	2.665413
63.060372	2613.823930	17.666944	-0.013096	2.662927
62.947450	2608.779845	17.671949	-0.013069	2.660425
62.921942	2603.885068	17.676954	-0.013063	2.658008
62.894449	2598.925803	17.681959	-0.013056	2.655556
62.867467	2593.657043	17.686963	-0.013049	2.652949
62.845636	2588.484678	17.691968	-0.013043	2.650388
62.705905	2583.601015	17.696973	-0.013010	2.647950
62.804963	2578.598732	17.701978	-0.013033	2.645487
62.718704	2573.560493	17.706983	-0.013012	2.642975
62.701412	2568.467562	17.711987	-0.013008	2.640445
62.712591	2563.558694	17.716992	-0.013010	2.638008
62.571100	2558.626220	17.721997	-0.012976	2.635533
62.539446	2553.449221	17.727002	-0.012968	2.632952
62.532492	2548.311162	17.732007	-0.012967	2.630391
62.489095	2543.410328	17.737011	-0.012956	2.627940
62.408634	2538.455319	17.742016	-0.012936	2.625454
62.400298	2533.370749	17.747021	-0.012934	2.622912
62.373213	2528.308656	17.752026	-0.012927	2.620376
62.356186	2523.455349	17.757031	-0.012923	2.617944
62.204963	2518.486055	17.762035	-0.012887	2.615431
62.235800	2513.192247	17.767040	-0.012894	2.612780
62.162708	2508.075223	17.772045	-0.012876	2.610199
62.177578	2503.185492	17.777050	-0.012879	2.607744
62.116493	2498.203143	17.782055	-0.012865	2.605228
62.025088	2493.120855	17.787059	-0.012842	2.602655
62.078419	2488.064234	17.792064	-0.012855	2.600114
62.040898	2483.222038	17.797069	-0.012846	2.597665
62.037195	2478.193387	17.802074	-0.012845	2.595125
61.949158	2472.981206	17.807079	-0.012823	2.592476
61.901264	2467.895949	17.812083	-0.012812	2.589896
61.866337	2463.072397	17.817088	-0.012803	2.587447
61.774125	2458.045987	17.822093	-0.012781	2.584884
61.656894	2452.986763	17.827098	-0.012752	2.582298
61.726366	2447.967100	17.832103	-0.012769	2.579759
61.719129	2443.110790	17.837107	-0.012767	2.577288
61.713590	2437.947524	17.842112	-0.012765	2.574659
61.608692	2432.688297	17.847117	-0.012740	2.571962
61.618510	2427.674468	17.852122	-0.012742	2.569406
61.358892	2422.849629	17.857127	-0.012680	2.566902
61.360763	2417.780364	17.862131	-0.012680	2.564312
61.306008	2412.741209	17.867136	-0.012666	2.561725
61.376847	2407.702754	17.872141	-0.012683	2.559156
61.356768	2402.792480	17.877146	-0.012678	2.556635
61.410852	2397.636864	17.882151	-0.012691	2.553998
61.341712	2392.470032	17.887155	-0.012674	2.551333
61.260135	2387.560639	17.892160	-0.012654	2.548796
61.079704	2382.638686	17.897165	-0.012611	2.546234
61.090252	2377.538889	17.902170	-0.012613	2.543607
61.122236	2372.498852	17.907175	-0.012620	2.541013
61.062665	2367.605143	17.912179	-0.012606	2.538477
61.029232	2362.612912	17.917184	-0.012598	2.535891
60.890150	2357.367050	17.922189	-0.012564	2.533155
60.968593	2352.216503	17.927194	-0.012583	2.530500
60.866424	2347.393935	17.932199	-0.012558	2.527983
60.865967	2342.337410	17.937203	-0.012558	2.525359
60.724290	2337.308114	17.942208	-0.012523	2.522723
60.745931	2332.264910	17.947213	-0.012528	2.520104
60.708706	2327.403052	17.952218	-0.012519	2.517567
60.733035	2322.305249	17.957223	-0.012525	2.514914
60.615360	2317.096433	17.962227	-0.012496	2.512178
60.608616	2312.125798	17.967232	-0.012495	2.509581
60.578467	2307.215897	17.972237	-0.012487	2.507009
60.559835	2302.138452	17.977242	-0.012482	2.504349
60.418199	2297.127147	17.982247	-0.012448	2.501700
60.379281	2292.200651	17.987251	-0.012439	2.499110
60.425368	2287.227665	17.992256	-0.012449	2.496507
60.305031	2282.003918	17.997261	-0.012420	2.493742
60.286664	2276.823477	18.002266	-0.012416	2.491013
60.309759	2271.963153	18.007271	-0.012421	2.488457
60.224515	2266.840229	18.012275	-0.012400	2.485742
60.245614	2261.782713	18.017280	-0.012405	2.483076
60.105194	2256.778759	18.022285	-0.012371	2.480409
60.087291	2251.907035	18.027290	-0.012367	2.477829
60.034089	2246.820677	18.032295	-0.012354	2.475127
59.955310	2241.613074	18.037299	-0.012335	2.472353
59.906972	2236.677626	18.042304	-0.012323	2.469726
60.000898	2231.703719	18.047309	-0.012345	2.467099
60.002371	2226.603108	18.052314	-0.012345	2.464387
59.963231	2221.584945	18.057319	-0.012336	2.461709
59.736949	2216.732214	18.062323	-0.012281	2.459085
59.743849	2211.727808	18.067328	-0.012283	2.456416
59.782554	2206.446109	18.072333	-0.012292	2.453601
59.733336	2201.336769	18.077338	-0.012280	2.450860
59.729839	2196.487278	18.082343	-0.012279	2.448264
59.635459	2191.463781	18.087347	-0.012256	2.445556
59.478746	2186.438647	18.092352	-0.012218	2.442833
59.469701	2181.438643	18.097357	-0.012216	2.440146
59.435421	2176.535318	18.102362	-0.012207	2.437504
59.410232	2171.407549	18.107367	-0.012201	2.434739
59.330449	2166.247719	18.112371	-0.012181	2.431945
59.165654	2161.395499	18.117376	-0.012142	2.429299
59.288926	2156.353477	18.122381	-0.012171	2.426597
59.275291	2151.309450	18.127386	-0.012168	2.423867
59.361567	2146.170585	18.132391	-0.012188	2.421100
59.154876	2141.378530	18.137395	-0.012138	2.418468
59.216303	2136.255120	18.142400	-0.012153	2.415699
59.168820	2130.987953	18.147405	-0.012141	2.412830
58.967447	2126.057453	18.152410	-0.012093	2.410114
59.077228	2121.103825	18.157415	-0.012119	2.407436
58.881665	2116.080833	18.162419	-0.012072	2.404665
58.896881	2110.985104	18.167424	-0.012075	2.401887
59.119860	2106.037724	18.172429	-0.012128	2.399222
58.923890	2101.080499	18.177434	-0.012081	2.396477
58.922020	2095.853631	18.182439	-0.012080	2.393615
58.606095	2090.893401	18.187443	-0.012004	2.390841
58.690350	2085.984285	18.192448	-0.012024	2.388162
58.594221	2080.944189	18.197453	-0.012001	2.385376
58.604682	2075.862487	18.202458	-0.012003	2.382582
58.685019	2070.892699	18.207463	-0.012022	2.379859
58.568056	2065.925249	18.212467	-0.011994	2.377100
58.635433	2060.649878	18.217472	-0.012010	2.374200
58.506052	2055.576927	18.222477	-0.011979	2.371373
58.477387	2050.718443	18.227482	-0.011972	2.368680
58.276228	2045.718464	18.232487	-0.011923	2.365875
58.261938	2040.629921	18.237491	-0.011920	2.363050
58.290788	2035.672864	18.242496	-0.011926	2.360303
58.267323	2030.731121	18.247501	-0.011920	2.357551
58.388945	2025.494937	18.252506	-0.011949	2.354658
58.242603	2020.432967	18.257511	-0.011914	2.351811
58.224187	2015.553589	18.262515	-0.011909	2.349086
58.147000	2010.544378	18.267520	-0.011891	2.346274
58.245995	2005.444532	18.272525	-0.011914	2.343439
58.081052	2000.475332	18.277530	-0.011874	2.340627
58.055392	1995.558364	18.282535	-0.011868	2.337866
57.878579	1990.371777	18.287539	-0.011825	2.334924
57.812604	1985.205706	18.292544	-0.011809	2.332008
57.762676	1980.339608	18.297549	-0.011797	2.329261
57.754265	1975.283572	18.302554	-0.011795	2.326411
57.736262	1970.232639	18.307559	-0.011790	2.323559
57.737145	1965.230787	18.312563	-0.011790	2.320735
57.674368	1960.331189	18.317568	-0.011775	2.317953
57.763047	1955.138437	18.322573	-0.011796	2.315029
57.519897	1950.074035	18.327578	-0.011738	2.312114
57.491607	1945.204304	18.332583	-0.011731	2.309345
57.421346	1940.169344	18.337587	-0.011714	2.306472
57.570671	1935.042844	18.342592	-0.011749	2.303582
57.549572	1930.067792	18.347597	-0.011744	2.300744
57.381445	1925.156571	18.352602	-0.011703	2.297912
57.359969	1919.939350	18.357607	-0.011698	2.294929
57.184441	1914.853796	18.362611	-0.011656	2.291989
57.135614	1910.020125	18.367616	-0.011644	2.289212
57.208666	1904.913281	18.372621	-0.011661	2.286298
57.094103	1899.883072	18.377626	-0.011633	2.283390
57.123183	1894.938154	18.382631	-0.011640	2.280554
57.083811	1889.963844	18.387635	-0.011630	2.277684
56.945906	1884.817878	18.392640	-0.011597	2.274694
56.955641	1879.744939	18.397645	-0.011599	2.271769
56.937615	1874.840287	18.402650	-0.011595	2.268932
56.918147	1869.777711	18.407655	-0.011590	2.266001
56.848318	1864.713369	18.412659	-0.011573	2.263055
56.863833	1859.815725	18.417664	-0.011576	2.260217
56.729968	1854.852167	18.422669	-0.011544	2.257311
56.802861	1849.508449	18.427674	-0.011561	2.254217
56.682267	1844.545924	18.432679	-0.011532	2.251306
56.558761	1839.618932	18.437683	-0.011502	2.248411
56.555338	1834.573613	18.442688	-0.011501	2.245465
56.586021	1829.486814	18.447693	-0.011508	2.242498
56.465892	1824.674205	18.452698	-0.011479	2.239659
56.587689	1819.517376	18.457703	-0.011508	2.236660
56.410870	1814.386123	18.462707	-0.011465	2.233616
56.228680	1809.461247	18.467712	-0.011422	2.230688
56.308686	1804.438904	18.472717	-0.011441	2.227748
56.166135	1799.419053	18.477722	-0.011406	2.224764
56.231791	1794.392137	18.482727	-0.011422	2.221811
56.179025	1789.483570	18.487731	-0.011409	2.218902
56.110184	1784.305790	18.492736	-0.011392	2.215826
56.084211	1779.157445	18.497741	-0.011386	2.212772
56.120830	1774.251073	18.502746	-0.011394	2.209869
56.142384	1769.190515	18.507751	-0.011399	2.206868
56.013759	1764.145885	18.512755	-0.011368	2.203843
55.902319	1759.259078	18.517760	-0.011341	2.200912
55.805429	1754.310041	18.522765	-0.011318	2.197942
55.886412	1749.022672	18.527770	-0.011337	2.194800
55.908366	1744.004833	18.532775	-0.011342	2.191804
55.678974	1739.137468	18.537779	-0.011287	2.188845
55.769218	1734.045767	18.542784	-0.011308	2.185810
55.620079	1729.028488	18.547789	-0.011272	2.182768
55.560087	1724.193750	18.552794	-0.011257	2.179850
55.657083	1719.011320	18.557799	-0.011280	2.176748
55.579102	1713.793544	18.562803	-0.011261	2.173587
55.580986	1708.850098	18.567808	-0.011262	2.170603
55.467823	1703.898030	18.572813	-0.011234	2.167586
55.476420	1698.809432	18.577818	-0.011236	2.164507
55.323021	1693.868339	18.582823	-0.011199	2.161480
55.250652	1688.908614	18.587827	-0.011182	2.158455
55.200587	1683.733386	18.592832	-0.011169	2.155298
55.157107	1678.703734	18.597837	-0.011159	2.152226
55.106220	1673.785255	18.602842	-0.011146	2.149217
55.131100	1668.719185	18.607847	-0.011152	2.146128
55.136714	1663.648569	18.612851	-0.011153	2.143028
54.952676	1658.853843	18.617856	-0.011109	2.140055
55.017163	1653.674834	18.622861	-0.011124	2.136892
54.906870	1648.484953	18.627866	-0.011097	2.133682
54.926028	1643.544076	18.632871	-0.011102	2.130646
54.774531	1638.568618	18.637875	-0.011065	2.127551
54.838897	1633.472642	18.642880	-0.011080	2.124420
54.698399	1628.574474	18.647885	-0.011047	2.121366
54.689351	1623.586153	18.652890	-0.011044	2.118277
54.690973	1618.380583	18.657895	-0.011044	2.115052
54.526792	1613.435668	18.662899	-0.011005	2.111950
54.621346	1608.441806	18.667904	-0.011027	2.108866
54.592400	1603.396487	18.672909	-0.011020	2.105720
54.450011	1598.431280	18.677914	-0.010986	2.102596
54.300695	1593.545294	18.682919	-0.010950	2.099515
54.406741	1588.279973	18.687923	-0.010975	2.096245
54.267981	1583.215654	18.692928	-0.010941	2.093046
54.346402	1578.275992	18.697933	-0.010960	2.089964
54.138924	1573.267548	18.702938	-0.010910	2.086776
54.198596	1568.182141	18.707943	-0.010924	2.083590
54.134631	1563.318524	18.712947	-0.010908	2.080513
54.148603	1558.191439	18.717952	-0.010912	2.077281
54.140505	1553.027756	18.722957	-0.010909	2.074016
53.974606	1548.170228	18.727962	-0.010869	2.070908
53.830759	1543.167886	18.732967	-0.010835	2.067707
53.817067	1538.092334	18.737971	-0.010831	2.064482
53.896367	1533.147327	18.742976	-0.010850	2.061355
53.943155	1528.080385	18.747981	-0.010861	2.058138
53.776188	1522.871151	18.752986	-0.010821	2.054781
53.765952	1517.951757	18.757991	-0.010818	2.051636
53.703794	1512.960297	18.762995	-0.010803	2.048429
53.702833	1507.885364	18.768000	-0.010802	2.045177
53.610729	1502.973101	18.773005	-0.010780	2.042005
53.498596	1497.982481	18.778010	-0.010753	2.038773
53.496049	1492.773858	18.783015	-0.010752	2.035419
53.403145	1487.823853	18.788019	-0.010730	2.032207
53.490753	1482.819938	18.793024	-0.010750	2.028994
53.344887	1477.802010	18.798029	-0.010715	2.025716
53.270775	1472.858034	18.803034	-0.010697	2.022496
53.424340	1467.874014	18.808039	-0.010734	2.019295
53.329506	1462.594967	18.813043	-0.010711	2.015842
53.188768	1457.632731	18.818048	-0.010677	2.012581
53.387509	1452.599971	18.823053	-0.010724	2.009341
53.203349	1447.550437	18.828058	-0.010680	2.006002
53.052213	1442.628837	18.833063	-0.010643	2.002749
53.027349	1437.677360	18.838067	-0.010637	1.999498
52.938873	1432.500223	18.843072	-0.010616	1.996080
52.932781	1427.497854	18.848077	-0.010614	1.992789
52.869374	1422.559073	18.853082	-0.010599	1.989522
52.863896	1417.497089	18.858087	-0.010597	1.986181
52.688396	1412.573719	18.863091	-0.010555	1.982888
52.800031	1407.555073	18.868096	-0.010581	1.979590
52.724849	1402.304368	18.873101	-0.010563	1.976091
52.604179	1397.340209	18.878106	-0.010534	1.972767
52.633169	1392.373181	18.883111	-0.010541	1.969468
52.624837	1387.291671	18.888115	-0.010538	1.966079
52.665235	1382.314745	18.893120	-0.010548	1.962765
52.562770	1377.388840	18.898125	-0.010523	1.959448
52.286531	1372.256911	18.903130	-0.010457	1.955948
52.253520	1367.286269	18.908135	-0.010449	1.952604
52.371821	1362.245878	18.913139	-0.010477	1.949242
52.368832	1357.199828	18.918144	-0.010476	1.945843
52.170707	1352.317685	18.923149	-0.010428	1.942505
52.020325	1347.349161	18.928154	-0.010392	1.939113
52.084129	1342.137690	18.933159	-0.010407	1.935599
52.052230	1337.197905	18.938163	-0.010399	1.932241
52.003261	1332.193718	18.943168	-0.010387	1.928830
51.822677	1327.136758	18.948173	-0.010344	1.925347
51.930371	1322.185968	18.953178	-0.010369	1.921996
51.845537	1317.142202	18.958183	-0.010349	1.918531
51.784918	1311.982098	18.963187	-0.010334	1.914986
51.603612	1307.157914	18.968192	-0.010290	1.911637
51.739069	1302.064730	18.973197	-0.010322	1.908171
51.657391	1297.018637	18.978202	-0.010303	1.904680
51.727662	1292.072320	18.983207	-0.010319	1.901287
51.610496	1286.916503	18.988211	-0.010291	1.897700
51.472791	1281.853194	18.993216	-0.010258	1.894165
51.449628	1276.923277	18.998221	-0.010252	1.890742
51.392788	1271.883166	19.003226	-0.010238	1.887229
51.340902	1266.896763	19.008231	-0.010225	1.883748
51.229416	1261.976654	19.013235	-0.010198	1.880293
51.212326	1256.755736	19.018240	-0.010194	1.876643
51.195838	1251.771914	19.023245	-0.010190	1.873153
51.129269	1246.801408	19.028250	-0.010174	1.869653
51.093555	1241.767198	19.033255	-0.010165	1.866109
51.022310	1236.850125	19.038259	-0.010148	1.862633
51.039816	1231.757160	19.043264	-0.010152	1.859047
50.879189	1226.606676	19.048269	-0.010113	1.855371
50.932073	1221.648311	19.053274	-0.010125	1.851875
50.960001	1216.582768	19.058279	-0.010132	1.848291
50.719983	1211.633202	19.063283	-0.010074	1.844717
50.797098	1206.660836	19.068288	-0.010092	1.841196
50.726386	1201.531769	19.073293	-0.010075	1.837522
50.706584	1196.496565	19.078298	-0.010070	1.833919
50.482781	1191.608912	19.083303	-0.010016	1.830365
50.601150	1186.476042	19.088307	-0.010044	1.826712
50.475757	1181.569128	19.093312	-0.010014	1.823155
50.561585	1176.478845	19.098317	-0.010034	1.819510
50.453403	1171.306031	19.103322	-0.010008	1.815750
50.372141	1166.436550	19.108327	-0.009989	1.812209
50.275215	1161.399468	19.113331	-0.009965	1.808536
50.093412	1156.411905	19.118336	-0.009921	1.804870
50.077767	1151.489296	19.123341	-0.009917	1.801285
50.112973	1146.281928	19.128346	-0.009926	1.797497
50.010850	1141.337858	19.133351	-0.009901	1.793860
50.067891	1136.321721	19.138355	-0.009914	1.790203
50.043746	1131.267774	19.143360	-0.009908	1.786490
49.898639	1126.372125	19.148365	-0.009873	1.782855
49.864651	1121.257045	19.153370	-0.009865	1.779079
49.815408	1116.129745	19.158375	-0.009853	1.775283
49.803083	1111.188039	19.163379	-0.009850	1.771624
49.771142	1106.134068	19.168384	-0.009842	1.767870
49.601988	1101.216281	19.173389	-0.009801	1.764175
49.498154	1096.213076	19.178394	-0.009776	1.760424
49.518996	1091.028917	19.183399	-0.009781	1.756562
49.429071	1086.125354	19.188403	-0.009759	1.752874
49.405391	1081.101058	19.193408	-0.009753	1.749104
49.484825	1076.048747	19.198413	-0.009772	1.745331
49.438592	1071.135305	19.203418	-0.009761	1.741623
49.309969	1065.915883	19.208423	-0.009729	1.737654
49.232912	1060.928495	19.213427	-0.009711	1.733865
49.212362	1055.941124	19.218432	-0.009706	1.730082
49.134615	1050.911785	19.223437	-0.009687	1.726244
49.237334	1045.957778	19.228442	-0.009711	1.722503
49.286279	1040.803829	19.233447	-0.009723	1.718586
48.999676	1035.838501	19.238451	-0.009654	1.714717
48.887216	1030.902767	19.243456	-0.009627	1.710907
48.948479	1025.819044	19.248461	-0.009641	1.707021
49.001207	1020.866696	19.253466	-0.009653	1.703225
48.737432	1015.827392	19.258471	-0.009590	1.699270
48.634241	1010.704848	19.263475	-0.009565	1.695283
48.707727	1005.731431	19.268480	-0.009582	1.691450
48.771407	1000.644052	19.273485	-0.009597	1.687517
48.617003	995.740600	19.278490	-0.009560	1.683660
48.557207	990.692974	19.283495	-0.009546	1.679706
48.554142	985.561932	19.288499	-0.009545	1.675694
48.583322	980.607494	19.293504	-0.009551	1.671819
48.373933	975.613100	19.298509	-0.009501	1.667838
48.218666	970.713320	19.303514	-0.009464	1.663938
48.207959	965.628461	19.308519	-0.009461	1.659921
48.144047	960.502179	19.313523	-0.009445	1.655848
48.019415	955.575263	19.318528	-0.009415	1.651906
48.119585	950.484994	19.323533	-0.009439	1.647886
48.119491	945.528765	19.328538	-0.009439	1.643936
47.958165	940.515558	19.333543	-0.009400	1.639886
47.839731	935.455855	19.338547	-0.009371	1.635801
47.843863	930.498861	19.343552	-0.009372	1.631822
47.780644	925.444986	19.348557	-0.009357	1.627737
47.740160	920.520588	19.353562	-0.009347	1.623752
47.652322	915.393457	19.358567	-0.009325	1.619580
47.586745	910.327638	19.363571	-0.009309	1.615453
47.566877	905.344082	19.368576	-0.009304	1.611395
47.644937	900.264862	19.373581	-0.009323	1.607277
47.655084	895.329930	19.378586	-0.009325	1.603248
47.269176	890.305090	19.383591	-0.009233	1.599021
47.238165	885.296578	19.388595	-0.009225	1.594898
47.242365	880.300900	19.393600	-0.009226	1.590785
47.300748	875.246021	19.398605	-0.009239	1.586628
47.096808	870.342131	19.403610	-0.009190	1.582509
47.095157	865.117103	19.408615	-0.009190	1.578171
46.963425	860.197831	19.413619	-0.009158	1.574039
46.942414	855.182786	19.418624	-0.009153	1.569847
46.838686	850.203644	19.423629	-0.009128	1.565651
46.969282	845.135042	19.428634	-0.009159	1.561436
46.849940	840.043383	19.433639	-0.009130	1.557118
46.875429	835.103521	19.438643	-0.009136	1.552958
46.645316	830.090294	19.443648	-0.009080	1.548649
46.693264	825.134542	19.448653	-0.009092	1.544460
46.750496	819.973574	19.453658	-0.009105	1.540087
46.659613	814.934318	19.458663	-0.009083	1.535762
46.600251	809.936411	19.463667	-0.009068	1.531469
46.493821	804.937417	19.468672	-0.009043	1.527149
46.511251	799.977458	19.473677	-0.009047	1.522887
46.319945	794.869532	19.478682	-0.009001	1.518423
46.308608	789.913600	19.483687	-0.008998	1.514132
46.362171	784.847644	19.488691	-0.009010	1.509752
46.158949	779.948107	19.493696	-0.008961	1.505427
46.147226	774.868562	19.498701	-0.008958	1.500991
46.039519	769.775016	19.503706	-0.008932	1.496499
45.910524	764.860406	19.508711	-0.008901	1.492145
45.967614	759.781300	19.513715	-0.008915	1.487690
45.893569	754.849666	19.518720	-0.008897	1.483312
45.784304	749.725438	19.523725	-0.008870	1.478739
45.818807	744.762059	19.528730	-0.008878	1.474340
45.658930	739.781031	19.533735	-0.008840	1.469851
45.753980	734.753629	19.538739	-0.008862	1.465387
45.585590	729.709291	19.543744	-0.008822	1.460811
45.530451	724.647676	19.548749	-0.008808	1.456241
45.366545	719.689876	19.553754	-0.008769	1.451716
45.441168	714.628739	19.558759	-0.008786	1.447159
45.271558	709.708968	19.563763	-0.008746	1.442638
45.189687	704.583108	19.568768	-0.008726	1.437942
45.251811	699.628112	19.573773	-0.008740	1.433435
45.062829	694.613297	19.578778	-0.008695	1.428776
45.100938	689.671496	19.583783	-0.008704	1.424244
44.875841	684.547594	19.588787	-0.008650	1.419443
44.984334	679.528678	19.593792	-0.008675	1.414832
44.802629	674.553487	19.598797	-0.008632	1.410152
44.816946	669.566382	19.603802	-0.008635	1.405509
44.991177	664.414478	19.608807	-0.008676	1.400750
44.737483	659.472048	19.613811	-0.008615	1.396029
44.627992	654.487029	19.618816	-0.008589	1.391300
44.522207	649.540046	19.623821	-0.008563	1.386592
44.547512	644.439917	19.628826	-0.008569	1.381767
44.628412	639.318007	19.633831	-0.008588	1.376922
44.428972	634.379615	19.638835	-0.008540	1.372141
44.239456	629.420526	19.643840	-0.008495	1.367327
44.240991	624.393549	19.648845	-0.008495	1.362496
44.154739	619.315367	19.653850	-0.008474	1.357568
44.315973	614.293077	19.658855	-0.008512	1.352761
44.083786	609.343073	19.663859	-0.008457	1.347872
44.100944	604.328361	19.668864	-0.008460	1.342988
43.875831	599.268440	19.673869	-0.008406	1.337958
43.803429	594.307591	19.678874	-0.008389	1.333059
43.818364	589.269437	19.683879	-0.008392	1.328097
43.712625	584.312900	19.688883	-0.008366	1.323154
43.622363	579.233842	19.693888	-0.008345	1.318076
43.601811	574.267511	19.698893	-0.008339	1.313117
43.552916	569.246844	19.703898	-0.008328	1.308073
43.573609	564.234344	19.708903	-0.008332	1.303044
43.332570	559.237827	19.713907	-0.008274	1.297916
43.330048	554.230650	19.718912	-0.008273	1.292844
43.229797	549.261172	19.723917	-0.008249	1.287755
43.263031	544.193166	19.728922	-0.008257	1.282593
43.025896	539.215312	19.733927	-0.008200	1.277404
43.242661	534.120527	19.738931	-0.008252	1.272241
42.956527	529.226141	19.743936	-0.008183	1.267078
42.884266	524.151471	19.748941	-0.008165	1.261786
42.804287	519.127764	19.753946	-0.008146	1.256521
42.869671	514.069630	19.758951	-0.008161	1.251253
42.786377	509.124378	19.763955	-0.008141	1.246026
42.712183	504.028583	19.768960	-0.008123	1.240621
42.489278	499.137223	19.773965	-0.008070	1.235352
42.394120	494.104093	19.778970	-0.008047	1.229959
42.389510	489.134214	19.783975	-0.008045	1.224645
42.368895	483.972276	19.788979	-0.008040	1.219094
42.191786	479.049000	19.793984	-0.007997	1.213715
42.319034	473.983422	19.798989	-0.008028	1.208277
42.201655	468.969123	19.803994	-0.007999	1.202774
42.107447	463.964133	19.808999	-0.007977	1.197265
42.129460	458.921768	19.814003	-0.007982	1.191735
41.984548	454.003469	19.819008	-0.007947	1.186250
41.871700	448.891247	19.824013	-0.007919	1.180538
41.830687	443.922146	19.829018	-0.007909	1.174986
41.787392	438.912119	19.834023	-0.007899	1.169360
41.577695	433.956887	19.839027	-0.007848	1.163702
41.576718	428.891182	19.844032	-0.007848	1.157977
41.499704	423.907459	19.849037	-0.007829	1.152284
41.523625	418.920682	19.854042	-0.007835	1.146602
41.437161	413.792803	19.859047	-0.007814	1.140684
41.347063	408.836681	19.864051	-0.007792	1.134931
41.257374	403.829488	19.869056	-0.007770	1.129090
41.015418	398.890563	19.874061	-0.007712	1.123234
41.023243	393.832052	19.879066	-0.007714	1.117313
40.892442	388.854148	19.884071	-0.007682	1.111397
40.834304	383.888549	19.889075	-0.007668	1.105494
40.931071	378.714799	19.894080	-0.007691	1.099378
40.846173	373.754736	19.899085	-0.007670	1.093406
40.724289	368.791982	19.904090	-0.007641	1.087381
40.657316	363.715044	19.909095	-0.007625	1.081209
40.623262	358.737748	19.914099	-0.007616	1.075137
40.456046	353.774448	19.919104	-0.007576	1.068988
40.475740	348.685895	19.924109	-0.007580	1.062733
40.399884	343.674468	19.929114	-0.007562	1.056494
40.295171	338.688009	19.934119	-0.007537	1.050235
40.213247	333.676964	19.939123	-0.007517	1.043919
40.075957	328.687114	19.944128	-0.007484	1.037565
40.092106	323.667670	19.949133	-0.007487	1.031206
40.042600	318.653133	19.954138	-0.007475	1.024783
39.849144	313.648662	19.959143	-0.007429	1.018264
39.894179	308.603900	19.964147	-0.007439	1.011764
39.719588	303.657735	19.969152	-0.007397	1.005247
39.540909	298.664628	19.974157	-0.007354	0.998623
39.413562	293.687698	19.979162	-0.007324	0.992001
39.360298	288.695644	19.984167	-0.007311	0.985350
39.336625	283.615598	19.989171	-0.007305	0.978551
39.237703	278.622464	19.994176	-0.007281	0.971784
39.335359	273.569534	19.999181	-0.007304	0.964986
38.980866	268.636729	20.004186	-0.007219	0.958078
39.087849	263.585556	20.009191	-0.007244	0.951189
38.917422	258.592579	20.014195	-0.007203	0.944190
39.014271	253.509846	20.019200	-0.007226	0.937149
38.748721	248.589723	20.024205	-0.007162	0.930099
38.560302	243.593215	20.029210	-0.007117	0.922925
38.704735	238.543861	20.034215	-0.007151	0.915794
38.605986	233.569783	20.039219	-0.007127	0.908587
38.300081	228.560523	20.044224	-0.007054	0.901161
38.352670	223.530278	20.049229	-0.007066	0.893835
38.316571	218.529059	20.054234	-0.007057	0.886444
38.123967	213.540154	20.059239	-0.007011	0.878923
38.025960	208.559637	20.064243	-0.006987	0.871402
37.952503	203.521967	20.069248	-0.006970	0.863742
37.864901	198.532327	20.074253	-0.006948	0.856079
37.809613	193.534594	20.079258	-0.006935	0.848353
37.701135	188.512817	20.084263	-0.006909	0.840488
37.608458	183.541234	20.089267	-0.006886	0.832636
37.490787	178.530165	20.094272	-0.006858	0.824633
37.336436	173.542785	20.099277	-0.006821	0.816567
37.222217	168.574280	20.104282	-0.006793	0.808476
37.240844	163.507061	20.109287	-0.006797	0.800220
37.128463	158.535599	20.114291	-0.006770	0.791958
37.041595	153.498548	20.119296	-0.006749	0.783514
36.848220	148.547392	20.124301	-0.006703	0.775058
36.654785	143.599650	20.129306	-0.006656	0.766514
36.609677	138.575322	20.134311	-0.006645	0.757835
36.625378	133.555107	20.139315	-0.006649	0.749102
36.396918	128.553121	20.144320	-0.006594	0.740139
36.153518	123.634833	20.149325	-0.006535	0.731207
36.041082	118.620674	20.154330	-0.006508	0.722077
35.976112	113.640021	20.159335	-0.006492	0.712924
36.008263	108.568733	20.164339	-0.006500	0.703550
35.712045	103.654480	20.169344	-0.006429	0.694117
35.609167	98.659709	20.174349	-0.006404	0.684537
35.546260	93.652766	20.179354	-0.006389	0.674825
35.426892	88.674750	20.184359	-0.006360	0.664988
35.292087	83.690440	20.189363	-0.006327	0.654979
35.106627	78.716976	20.194368	-0.006283	0.644798
35.004401	73.733588	20.199373	-0.006258	0.634497
34.899190	68.716013	20.204378	-0.006233	0.623952
34.670527	63.780180	20.209383	-0.006178	0.613302
34.507758	58.793140	20.214387	-0.006138	0.602406
34.377191	53.826220	20.219392	-0.006107	0.591380
34.130447	48.852146	20.224397	-0.006048	0.580031
33.817658	43.939183	20.229402	-0.005973	0.568539
33.739537	38.940579	20.234407	-0.005954	0.556814
33.578811	33.962645	20.239411	-0.005915	0.544812
33.338200	29.017480	20.244416	-0.005857	0.532548
33.044815	24.088186	20.249421	-0.005787	0.519984
32.693050	19.189245	20.254426	-0.005702	0.507132
32.450562	14.245254	20.259431	-0.005644	0.493934
32.070714	9.340248	20.264435	-0.005553	0.480340
31.675938	4.459164	20.269440	-0.005458	0.466401
30.987020	-0.315749	20.274445	-0.005293	0.452023
20.237569	-1.350996	20.279450	-0.002722	0.437173
7.906278	0.363673	20.284455	0.000227	0.428468
