,Particle_Diameters,Minor_Axis_Size,Major_Axis_Size,Aspect_ratio,Circularity,Orientation,Normal_Angle_X,Normal_Angle_X_Abs_Ori
0,0.973200680696656,0.5787124601063891,1.7835101629056191,3.081858929696698,0.6766899409053405,-89.44859843390657,0.5514015660934319,0.5514015660934319
1,1.2803301921000927,0.907422049072778,4.037676088877984,4.449612055386754,0.1996547503477291,87.6439071775976,-2.3560928224024025,2.3560928224024025
2,4.133349712270331,2.2690528130675123,8.392980147099943,3.6988914928575625,0.3412342351265379,-61.188915881568455,28.811084118431552,28.811084118431545
3,2.586609701323604,1.6903281135017736,4.39820047912744,2.6019803161268458,0.5090620260959716,-66.7942985658985,23.205701434101513,23.2057014341015
4,2.426755217232787,1.3205852602842818,4.65379682447473,3.5240411690441777,0.4928809446298878,-88.61119482575738,1.3888051742426342,1.38880517424262
5,4.496371864430003,3.946940294055044,5.571544884714127,1.4116111391667348,0.551781702904263,74.06314179750308,-15.936858202496921,15.936858202496921
6,0.9153341128725788,0.7686477215886097,1.1700951322971591,1.5222775003858129,0.9728027815688328,-27.200717024339863,62.799282975660134,62.799282975660134
7,4.973368246403991,4.050564399873223,6.645690158801608,1.6406825080992684,0.5206526242458916,80.97247500274399,-9.027524997256009,9.027524997256009
8,3.421319397189672,2.157886297089657,6.074376945739517,2.814966179604567,0.4802661563097811,-82.6325156263061,7.367484373693912,7.367484373693898
9,1.3851080271465486,1.0480029864630738,1.946634003735062,1.857469901211633,0.6947707682157308,-66.02360239652104,23.976397603478972,23.976397603478958
10,4.89089360886129,3.83490809352236,9.378275475434062,2.4455020164042898,0.165228836721242,-88.99552499100943,1.0044750089905676,1.0044750089905676
11,4.168453100193457,2.4117168289839834,7.87351562485011,3.264693238537085,0.3727644923334028,-89.71169541953641,0.28830458046360263,0.2883045804635884
12,0.8884066096615684,0.7743539267521095,1.1020920517609585,1.4232407348710538,0.8983843239564296,61.14785403155505,-28.85214596844495,28.85214596844495
13,1.7836340245157871,1.0955570190533646,3.422682102080636,3.1241478467620656,0.4078533128097141,-88.76069738682494,1.239302613175056,1.239302613175056
14,1.4025314545362868,0.8601867140350377,2.819801442398902,3.278127174473011,0.4264882446318487,59.2545349123254,-30.745465087674603,30.745465087674603
15,1.546636359756236,1.3163759761734664,1.8684472939891863,1.419387263067896,0.8908901263259816,59.09197734534712,-30.908022654652882,30.908022654652882
16,0.9543017810603904,0.7718605183202952,1.3582179395570926,1.759667591902245,0.7639904326859234,60.8850304183225,-29.1149695816775,29.1149695816775
17,1.2270604129519955,0.9322772931283704,1.8382389742744316,1.9717727631293,0.683358211465131,-82.47773207168596,7.522267928314022,7.522267928314037
18,1.946401361393312,1.3966478356344156,3.069447574571548,2.197724792361331,0.5012532125655401,-83.072112307765,6.927887692235004,6.927887692235004
19,3.6712722538867215,2.151717901168731,12.049328169910517,5.599864258863014,0.1370058528231364,-76.90072669642582,13.099273303574194,13.09927330357418
20,1.096409273000846,0.6548241250593622,2.1717640349835485,3.316560816672218,0.5446487032115862,79.65543169113299,-10.34456830886701,10.34456830886701
21,2.466459369371006,1.9375542909494048,3.558742808631568,1.836719014922559,0.595294541041789,-65.4500471282518,24.54995287174819,24.549952871748204
22,3.468901194578322,1.9316113379404103,8.897921551827084,4.606476146135347,0.2453489856994957,-69.31027672794926,20.689723272050742,20.689723272050742
23,0.928505064734256,0.7828732520798581,1.3544423580180702,1.7300914987448164,0.6490914571896655,59.23758828957171,-30.76241171042829,30.76241171042829
24,1.2850634067342854,0.892066018327418,2.076400352864699,2.327630814542013,0.6671517231940712,-86.57684853524702,3.4231514647529764,3.4231514647529764
25,3.619643718365112,2.1987917779622017,6.441252611759367,2.929450926785345,0.5375525487156145,-65.59050869842984,24.409491301570142,24.409491301570156
26,0.8535534614000618,0.4408017881973123,1.865058156021047,4.231058507381116,0.4632828934232155,-71.75383860266128,18.24616139733871,18.246161397338724
27,0.9917395023300404,0.935172422938704,1.0904419461091743,1.1660330430644523,1.1013342468182483,65.61727456348373,-24.382725436516267,24.382725436516267
28,1.9956851445118324,1.6728182029866503,2.475004054875751,1.479541560736772,0.8205358563951729,-83.54381662339814,6.456183376601871,6.456183376601857
29,2.6169453581990307,2.7901318410422373,3.183210882154208,1.140881887848403,0.4364885613496272,-83.44093866633,6.559061333670002,6.559061333670002
30,1.367462618417021,1.0185983235108564,2.109798737230336,2.0712764674090387,0.6561014223743246,-23.95235815604777,66.04764184395223,66.04764184395223
31,3.225859986959805,2.218639558888712,5.016496417611399,2.2610686794587305,0.6036960792653423,-84.07323528721004,5.926764712789975,5.926764712789961
32,1.2369164782162358,1.1954931406769564,1.4835981666030895,1.2409926214741738,0.6581159034538,-71.51903366200982,18.480966337990196,18.480966337990182
33,2.588955833054293,2.503431246682152,2.839866778483614,1.1343897629492907,0.7955359427340589,35.72550696782357,-54.27449303217643,54.27449303217643
34,4.096463826376787,2.818804918314489,6.504147280867138,2.307413059558697,0.5332158586086237,-83.1726835205694,6.827316479430607,6.827316479430607
35,3.76435463234445,1.8457950015966715,9.848367056864792,5.335569252460669,0.2762633732958557,57.94707542621842,-32.05292457378158,32.05292457378158
36,1.0159318257539256,0.8785247285542234,1.3784723506024044,1.5690763228383318,0.6327629849705417,64.93203138666723,-25.067968613332766,25.067968613332766
37,1.615750625177174,1.2771926444556614,2.212926947621189,1.7326493048856677,0.6347175092393251,28.111454099479324,-61.888545900520676,61.888545900520676
38,2.6308284548685905,1.516527352350439,4.709519856175418,3.10546318131105,0.620931665311024,-75.46698974539515,14.533010254604847,14.533010254604847
39,1.2020667470700563,1.03299694546046,1.5083403624081435,1.4601595571377015,0.8157647379891789,-39.89712788563292,50.102872114367074,50.10287211436708
40,4.146548308008172,2.941862317792121,6.395583443111195,2.1739914218389065,0.6183465620662515,-77.68993802966617,12.310061970333834,12.310061970333834
41,1.461879030667795,1.0938830444602152,2.541551132345252,2.323421269957977,0.4511701365973632,-61.025668609735455,28.974331390264553,28.974331390264545
42,1.1970053909181526,1.191461412029054,1.3278412196378548,1.1144643093195494,0.7605920202662096,-2.250090591764354,87.74990940823565,87.74990940823565
43,1.593045740590529,1.519024572868706,3.43500886457266,2.261325409690761,0.2826370643083937,72.85307868874406,-17.146921311255937,17.146921311255937
44,2.9813340704976232,1.409327877479748,6.940221470200317,4.924490305698964,0.3519216221271494,-54.02632949137806,35.97367050862195,35.97367050862194
45,1.9054199009183423,1.2895981870618367,3.1808685756555524,2.466557884128778,0.6022250513812537,65.43289006426573,-24.567109935734265,24.567109935734265
46,3.687772437041522,2.1265441317487648,6.714488657402224,3.157464995509198,0.5882696003992136,-71.38632714586952,18.61367285413047,18.613672854130485
47,2.763633353375555,1.656663647185885,6.356536898831881,3.8369507954312274,0.3558973573198917,-59.190340723062,30.809659276937992,30.809659276938
48,2.239392031468568,1.5035900813523908,3.7440033039112737,2.4900425656863625,0.4025821230895375,-62.184611634864936,27.81538836513505,27.815388365135064
49,1.45354916781555,1.0969584088079856,1.978892889366516,1.8039816947270484,0.8247329170816471,69.28040120337751,-20.719598796622492,20.719598796622492
50,1.7630924485867383,1.429034691094573,2.2282859295447173,1.5592944967892666,0.835295771526244,-2.7816498323451406,87.21835016765486,87.21835016765486
51,3.546785957926969,1.5341108857818264,9.226979720841491,6.014545497563015,0.294158472359282,87.38213629273925,-2.617863707260753,2.617863707260753
52,3.087378895067252,2.4823956723909952,4.088756172747552,1.6471009107139405,0.5993965270352226,83.59465262837274,-6.405347371627258,6.405347371627258
53,1.652899170550067,1.4038726327952682,2.008841851155169,1.430928849403766,0.8357643662925294,-51.41739696485227,38.58260303514771,38.58260303514773
54,0.9917395023300404,0.4569474202580745,2.4189761049659646,5.293773414017255,0.4097029662017821,89.05002617385452,-0.9499738261454809,0.9499738261454809
55,0.9086770491564996,0.5298821686044668,1.932514359120884,3.647064335473835,0.4522509209858663,-58.67546603730097,31.324533962699036,31.32453396269903
56,1.4577200491801383,0.904020542841786,2.519631736030884,2.7871399117883198,0.5241713724181553,67.43277742749613,-22.567222572503866,22.567222572503866
57,1.139848131163964,0.9702870554919154,1.4764754813509806,1.5216893526446544,0.7798216297707472,37.35302759194283,-52.64697240805717,52.64697240805717
58,0.8746320295080829,0.8414686731913802,1.431872000770185,1.7016343523991486,0.5195675823369886,-62.43725617336988,27.56274382663011,27.56274382663012
59,5.186112911583651,3.890429344433172,7.203541903517167,1.851605893787723,0.4408862077218896,-72.82032909596245,17.17967090403755,17.17967090403755
60,1.186817925731738,1.3176605299429316,2.054490582493895,1.559195662165638,0.3888879197405891,15.795596923061211,-74.20440307693879,74.20440307693879
61,0.8246109854774907,0.5372663014276439,1.421591902746056,2.6459725818808093,0.6446798603173454,68.13732404391,-21.86267595609,21.86267595609
62,3.2873814939516426,2.253948155108011,5.148518243051715,2.2842221243571563,0.4877003672538076,-76.09573354388276,13.904266456117227,13.904266456117242
63,1.474285581520627,0.9264825971089188,2.4620683301810686,2.65743613303038,0.5557100618966345,-86.94165605683985,3.058343943160139,3.0583439431601533
64,0.8815462242933692,0.7748585172682846,1.1220454568571463,1.4480649458598556,0.919538041756234,37.09585990567736,-52.90414009432264,52.90414009432264
65,1.2563966762852905,0.716386018486706,2.712375810523795,3.78619311450748,0.447839588423474,71.42783338383344,-18.572166616166555,18.572166616166555
66,0.8952144227026446,0.7498892788104419,1.270628020353218,1.694420838192046,0.6953600378299741,84.36317753007098,-5.636822469929015,5.636822469929015
67,7.120907554390428,3.0771262281851968,31.506979050101343,10.239092163821724,0.1065211770261048,-72.70857800535673,17.291421994643258,17.291421994643272
68,0.9086770491564996,0.5408733545428042,1.9362874696395576,3.5799276362509773,0.5304839419583944,87.10540780554685,-2.8945921944531534,2.8945921944531534
69,1.6999790965841823,1.5321655960330491,2.460098174402289,1.6056346525282663,0.5488460029585157,-48.53383265745096,41.466167342549056,41.46616734254904
70,1.7247976224747188,0.9387704023005444,3.6431472373414175,3.8807649116477743,0.3987444906614721,88.09007821608324,-1.909921783916758,1.909921783916758
71,3.376664397667411,2.1457111725311804,6.0958826027188415,2.8409613934795592,0.5099678445164918,88.5854445515447,-1.4145554484553031,1.4145554484553031
72,3.5502078458023925,2.5053478581139843,5.151772120411225,2.056310106289774,0.7387671719842419,-82.76795928316773,7.232040716832273,7.232040716832273
73,1.5815710720799827,1.0392287242632157,2.628060785578664,2.5288569534506333,0.6427003192185569,-80.60847370889974,9.391526291100263,9.391526291100263
74,1.340559085464394,0.7875535555580663,2.491366851642528,3.163425311282007,0.5010329030684986,-70.7465261707278,19.253473829272195,19.253473829272195
75,4.36064750344665,3.236489892998198,8.035363229962064,2.482740096715802,0.2224288907867012,-55.09110691231286,34.90889308768715,34.90889308768714
76,0.7791841414090482,0.4981003843579537,1.4852943462030934,2.9819176873706343,0.572449257753879,-73.96597596227977,16.03402403772023,16.03402403772023
77,1.566140741422161,1.341059908952151,1.9396056608965948,1.4463229032117757,0.8123977179350719,-60.68318398800202,29.316816011997986,29.31681601199798
78,1.2991595879263365,0.6251214660321162,3.561587204134057,5.697432255431583,0.2979642022309341,84.98515345283644,-5.0148465471635575,5.0148465471635575
79,2.852282281155385,1.506234516895746,5.99996829871638,3.983422389683337,0.4241065791891551,87.51768593842556,-2.482314061574442,2.482314061574442
80,1.5777276373049178,1.274965468270575,2.066308764951235,1.6206782194297984,0.7450652377269334,-70.50687919881567,19.49312080118432,19.493120801184332
81,4.947665912864943,2.202422091773636,12.168690607315416,5.525140095882269,0.2685567768257798,-66.6637625926127,23.3362374073873,23.3362374073873
82,0.9219431092603804,0.685896920130451,1.5568209128160542,2.2697592992835744,0.56835163557242,-52.40827931617384,37.59172068382617,37.59172068382616
83,1.0337045758596148,0.8186125276347174,1.3709009580553737,1.6746640342976762,0.8909279738118041,-66.54886570322633,23.45113429677366,23.451134296773674
84,1.9987250322517305,1.4595351348962746,2.986352064943556,2.0460980990058784,0.6479161061947086,78.61240995288568,-11.387590047114315,11.387590047114315
85,1.3450803768346336,0.8808946210714668,2.3235438193101405,2.6377091694394985,0.5901296965856092,-68.1437761125559,21.856223887444116,21.856223887444102
86,5.267423110820637,3.338720990785808,10.35396293736878,3.101176458273577,0.2112374887379707,80.14933669038844,-9.850663309611562,9.850663309611562
87,1.6418428647199157,1.335267445718866,2.084625655144649,1.561204582518937,0.8454218955469172,-23.398580913003617,66.60141908699639,66.60141908699639
88,1.096409273000846,1.0147737391240206,1.256878082067658,1.238579629733647,0.8319059934843611,36.9368503387144,-53.0631496612856,53.0631496612856
89,5.84751612267118,3.297553167106108,11.077097332305753,3.359186879169223,0.3633727781363436,-82.40467280345125,7.5953271965487374,7.595327196548752
90,3.69435187570175,3.1210992209509314,5.307483180604767,1.7005172872997265,0.5253355458183164,53.276213902924034,-36.723786097075966,36.723786097075966
91,1.2221025728266244,1.0839153489720164,1.4147795388413542,1.3052491047231032,0.9911530186416304,-15.775817875659731,74.22418212434027,74.22418212434027
92,0.928505064734256,0.7984354424110095,1.1541547602461386,1.4455204502958623,0.8554559178124558,51.58994943180828,-38.41005056819172,38.41005056819172
93,0.7791841414090482,0.7020583308558274,0.8957576909864333,1.2759020890678434,1.1278347083681797,34.34373956640376,-55.65626043359624,55.65626043359624
94,2.365950016331566,1.6428003691937625,4.466229134314571,2.718668207084993,0.2353202853355269,-52.79981382766752,37.20018617233248,37.20018617233248
95,1.7283140331024651,1.4704221918024147,3.2559142077234,2.2142716737241046,0.3830911963462937,-75.28569028199996,14.714309718000038,14.714309718000038
96,0.7869374084054097,0.6205896145001512,1.2607561293462437,2.0315456460896617,0.6250044848783579,-13.530904257715404,76.4690957422846,76.4690957422846
97,1.0740312192037882,0.9433623189358412,1.4482909991436486,1.5352436387086053,0.6470025950387597,-56.781939195217575,33.218060804782425,33.218060804782425
98,1.626984252638553,1.2102453557417832,2.3222573587341198,1.9188318696837816,0.7679358721133667,-20.13083070607351,69.86916929392649,69.86916929392649
99,1.5348147620304609,1.074271633987976,2.395604623570688,2.2299803399607416,0.6470586910565272,-58.93933493960829,31.060665060391727,31.060665060391713
100,0.8746320295080829,0.7930028147495873,0.9922619357578432,1.2512716440624203,1.138924307913474,-31.133130758337337,58.86686924166267,58.86686924166266
101,4.00806748045364,3.689635562214919,4.60254248848513,1.2474246875813897,0.5934843706375896,-70.20417672624936,19.795823273750642,19.795823273750642
102,3.894362026964035,2.544767340131663,7.9948926116901795,3.141698844373149,0.2352138894128849,-63.62939621810379,26.370603781896193,26.370603781896207
103,4.406353490202859,2.5558005332736453,8.24154407585049,3.224642912682295,0.3937304028937682,81.43189812461915,-8.568101875380847,8.568101875380847
104,1.3450803768346336,0.6806278901414979,2.943508028888361,4.32469499343676,0.4906010165301926,-81.39464930799033,8.605350692009665,8.605350692009665
105,1.039561305877423,0.6540380506795961,1.8026229685792,2.7561438768067625,0.6538224240750785,-89.5685343007488,0.4314656992511914,0.4314656992512056
106,1.1291450947814663,0.6679339968289154,2.1019004553711165,3.146868501004744,0.5227362439934732,80.14910203521261,-9.850897964787393,9.850897964787393
107,1.474285581520627,1.1465168223512765,2.3860385919949536,2.0811195662194177,0.6000942899445297,66.16117353434208,-23.838826465657917,23.838826465657917
108,2.626208910558587,1.773085730377407,4.229514138660604,2.3853974267563127,0.551019319266165,-64.17320634549468,25.82679365450531,25.826793654505323
109,1.3540776702961077,1.2151636636510466,1.5517781390978824,1.2770116367991564,0.8258467580028054,83.16998985554227,-6.830010144457731,6.830010144457731
110,1.367462618417021,0.8695754005380951,2.965360674300589,3.410124840773575,0.3815924948360131,83.15317094003,-6.8468290599700055,6.8468290599700055
111,3.8803057315550817,3.2266036217473544,4.8274648388574,1.4961443687474405,0.6998995083556669,82.89260436771102,-7.107395632288984,7.107395632288984
112,0.9350209696908578,0.8765073476911489,1.0977726743694811,1.2524397853151812,0.8599788627973257,-33.06638174278514,56.93361825721486,56.93361825721486
113,2.3349536992166966,1.680101007296959,3.5218301292435488,2.0962014271449467,0.5401786507647912,-77.79255461107672,12.207445388923276,12.207445388923276
114,1.2319983017676563,1.0668607778405392,1.520688430303738,1.4253860127671043,0.8689497264020899,33.69094717817932,-56.30905282182068,56.30905282182068
115,1.6418428647199157,1.0291812243688316,2.753501477595871,2.6754291784564157,0.6346139000345773,42.95200439594899,-47.04799560405101,47.04799560405101
116,1.3038244488524504,1.2382287619972392,1.529804107496905,1.235477768283593,0.7207398111359019,-5.451196621518697,84.5488033784813,84.5488033784813
117,1.7938166040551036,0.9481018772191564,4.223142537957612,4.454313022081931,0.3359317603019606,-83.23736579742403,6.762634202575953,6.762634202575967
118,1.398195952804615,0.921911421803138,2.280140006972093,2.4732744958430364,0.6166587319029154,74.16329633959538,-15.836703660404623,15.836703660404623
119,2.9320524271101838,2.1937289201331995,4.18489456603713,1.9076625774633225,0.6618872592580873,78.9792684786379,-11.020731521362094,11.020731521362094
120,2.164954408398548,1.811142267149496,3.559717884739578,1.9654545914507944,0.4159933525815535,-62.5607628451418,27.439237154858205,27.439237154858198
121,1.2944779165271465,1.008211549600058,1.7344311608975598,1.7203047927645565,0.8105346394728734,-55.55334919032878,34.44665080967121,34.44665080967122
122,1.626984252638553,1.2425224960529035,2.239119532329636,1.8020756480809013,0.7974585067766904,-36.968982731533686,53.031017268466314,53.031017268466314
123,1.0796692170979234,0.5921281169996329,2.077262777570769,3.508130618921541,0.6518086128588746,80.69902391503678,-9.300976084963224,9.300976084963224
124,1.0683634687220958,0.4212335743268048,4.767270629438858,11.31740421465141,0.1659046946436796,9.576105288725383,-80.42389471127461,80.42389471127461
125,0.8676627389239214,0.672917890671493,1.2209337132494085,1.8143873571722997,0.8416118303964473,-79.84406374195565,10.155936258044335,10.155936258044349
126,1.0453852243082644,0.7182387284240109,1.6875960040388684,2.3496310310944404,0.6317806536007659,-38.38441742408513,51.61558257591486,51.61558257591487
127,1.67479282872596,1.559050687914087,1.8446920773825568,1.1832149472001072,0.9192021600856464,-34.1028939077067,55.8971060922933,55.8971060922933
128,1.522901401330112,1.1704836912552976,2.13802594173692,1.8266174554247492,0.6761941217539568,-68.1288351714251,21.871164828574905,21.871164828574905
129,1.1504515979244476,0.939728634749544,1.618323800960882,1.722118217023574,0.6924132814875539,54.874246949351694,-35.125753050648306,35.125753050648306
130,1.69282125807016,1.3307823922753208,2.239526715214663,1.682864702910298,0.8645423037139235,87.45638794303675,-2.543612056963255,2.543612056963255
131,1.4660262135550917,1.4809015687450398,1.6730199226739622,1.129730670818135,0.7580214476776388,73.04600931260315,-16.953990687396853,16.953990687396853
132,1.1128975557056655,1.0191819064149348,1.358602673473161,1.333032567515028,0.7168649816585011,-69.83645421434437,20.16354578565563,20.16354578565563
133,1.2660243778180809,0.9955322941905044,1.713748142321041,1.721439025455762,0.7570508803202881,61.544796492865366,-28.455203507134634,28.455203507134634
134,1.7457898469292477,1.1640918180774655,3.250053462856962,2.791921919204387,0.5311464762708764,-47.79393501322036,42.20606498677964,42.20606498677964
135,2.7126353359467745,1.4722305184050628,5.714189533636085,3.8813144152360985,0.378463331422103,-67.77533089420605,22.224669105793964,22.22466910579395
136,1.062665489594652,1.0061595603963749,1.3205086022202832,1.3124246433637932,0.7981172146416675,47.16638667852011,-42.83361332147989,42.83361332147989
137,0.84641062903508,0.5535885596970045,1.65607580922234,2.991528239183193,0.5673738298871638,56.07511051402632,-33.92488948597368,33.92488948597368
138,5.691778820656883,3.1745479905142253,11.60980629190974,3.657152554190602,0.3259708843470737,85.58659866292118,-4.413401337078824,4.413401337078824
139,1.1074287385521373,0.9032011793960276,1.5683150155750274,1.7363961112448534,0.6724989665616665,-65.74814406236894,24.251855937631063,24.251855937631063
140,6.485508671550296,9.318474838706834,10.375001743674307,1.1133798098138228,0.1591296672449705,89.45398183621015,-0.5460181637898529,0.5460181637898529
141,2.705912561457533,1.6983952760061114,4.736172312675347,2.788616042204715,0.4854505856274457,73.34332198115065,-16.656678018849348,16.656678018849348
142,1.1970053909181526,0.9325756728456286,1.6070418628633034,1.7232294489943454,0.8104989337367413,89.63269249130913,-0.36730750869087103,0.36730750869087103
143,0.9479184199131095,0.757896953711819,1.2324485351262893,1.6261426162096868,0.951559284035718,42.74956867845962,-47.25043132154038,47.25043132154038
144,1.3718952479298128,1.1657036081776346,1.7871454397755004,1.53310449349074,0.7346758744118121,18.697748661334053,-71.30225133866594,71.30225133866594
145,0.9606427264386592,0.3867160221975015,4.040982286060203,10.449482447345856,0.167664157051432,8.516088085066718,-81.48391191493329,81.48391191493329
146,1.1237553499514827,0.8442487358972822,1.7091736611650528,2.0244906370496527,0.632138727089558,-86.89762348898476,3.1023765110152226,3.102376511015237
147,1.176542252445381,0.8858790511150403,2.218113659788109,2.50385609299171,0.4575319137519549,12.394660170519163,-77.60533982948084,77.60533982948084
148,0.84641062903508,0.5342373792863251,1.4702729213239225,2.7520966864730143,0.7347452930098067,44.168637164539824,-45.831362835460176,45.831362835460176
149,2.6006547441227528,2.2131250358176224,3.262621539368203,1.4742147355279691,0.6143081120892874,54.47836984038799,-35.52163015961201,35.52163015961201
150,6.707322814145049,3.565615893873024,16.34045493290052,4.582786093414925,0.2475308002064957,86.44150661069126,-3.5584933893087367,3.5584933893087367
151,1.398195952804615,0.923686858380477,2.2576552538016217,2.4441781685191715,0.7262680988253652,-77.05527976249721,12.944720237502793,12.944720237502793
152,0.8952144227026446,0.6939701388863336,1.2431469630348726,1.791355122325356,0.8627606484679129,-49.95633963666967,40.04366036333033,40.04366036333033
153,1.376313601551939,0.9675399359893042,2.3068906370922417,2.384284670103523,0.4388080387894186,89.66053631669205,-0.3394636833079545,0.3394636833079545
154,1.0337045758596148,0.8155921695406632,1.585151652126707,1.943559184757077,0.6098457859190748,85.90906662062964,-4.090933379370355,4.090933379370355
155,1.9619355372325755,1.476856836732643,2.760829553728516,1.8693955196337777,0.6878234615113041,73.57228089980316,-16.42771910019684,16.42771910019684
156,1.1019327803667114,0.6260525272098931,2.252302461778382,3.5976253810780725,0.5303278216012122,-68.95832512110283,21.04167487889717,21.04167487889717
157,3.3838487981250718,2.4492537167466253,6.729560762041616,2.7475964274458984,0.3613817320674048,-45.86673148833236,44.13326851166764,44.13326851166764
158,1.0337045758596148,0.9873254292367112,1.172614012364567,1.187667184133098,0.9324851299221998,-12.36648914848858,77.63351085151142,77.63351085151142
159,1.7527313846366133,1.6884263544030025,2.2326270937813306,1.3223123934065506,0.6008084457343476,89.340330893051,-0.6596691069489964,0.6596691069489964
160,7.143040733455942,3.925949138432315,18.530983336793064,4.720128224634295,0.2255098093462982,-68.25839482915418,21.741605170845816,21.741605170845816
161,1.096409273000846,0.8596410626022838,1.5420663365897385,1.7938490885040252,0.716642048130441,46.24290885065604,-43.75709114934396,43.75709114934396
162,1.2991595879263365,0.8581502860647994,2.450466850990344,2.8555218016967574,0.447319174434599,-82.60576150977552,7.394238490224495,7.394238490224481
163,1.4783979621211876,0.7761354766047462,3.5260812558107677,4.543125990369404,0.3214579020183753,-71.58852713362754,18.411472866372463,18.411472866372463
164,2.692416654068769,2.166344211480186,3.701090628299276,1.7084499354654503,0.591035902062987,30.483404689635872,-59.516595310364124,59.516595310364124
165,0.8097519128234426,0.7247491871979164,1.0124498054925273,1.3969657688157502,0.7890380800787955,-79.89364361266006,10.106356387339929,10.106356387339943
166,2.2121146184952187,2.182444806673953,4.248334471420118,1.9465942315831493,0.2963042028314376,-83.16490646385004,6.835093536149941,6.835093536149955
167,0.8952144227026446,0.6386026358875206,1.618366049429904,2.5342301432575867,0.5550632118205187,78.29541123053481,-11.70458876946519,11.70458876946519
168,1.021890421280174,0.9831453592593096,1.201047965190584,1.2216382388210014,0.8408252927571475,-82.45205815350155,7.547941846498446,7.547941846498446
169,1.0511768765181757,0.8557993948756113,1.4078554946928454,1.6450765250862025,0.7287085444378999,-6.476538689022118,83.52346131097788,83.52346131097788
170,2.623896088524249,1.4292734634817872,5.223905338905702,3.6549376115750354,0.4415573969375682,-82.12590708874212,7.87409291125789,7.8740929112578755
171,1.7527313846366133,1.2673825628148758,2.506475265838668,1.9776785158474552,0.7107843489573358,82.84878074151898,-7.151219258481021,7.151219258481021
172,1.176542252445381,0.7267834889607081,2.4029923969454385,3.306338728720557,0.400695096346111,77.01599681040595,-12.984003189594048,12.984003189594048
173,2.043780842560348,1.4289278334491702,3.547398080614,2.482559299059373,0.3887984829578979,-55.94096085789501,34.05903914210501,34.05903914210499
174,1.186817925731738,1.2230048545776089,1.2885502258471528,1.0535937130782538,0.8249059265022006,49.57997946014882,-40.42002053985118,40.42002053985118
175,2.087864581404573,1.4299034188098096,3.2451075755064047,2.269459274534425,0.6242729221339752,-72.09839022604582,17.901609773954192,17.901609773954178
176,1.1970053909181526,0.9484730625559152,1.572312554282412,1.6577303208226004,0.8834051839275303,7.775530918201872,-82.22446908179813,82.22446908179813
177,0.9414917802541344,0.8106013656742942,1.2255886187179563,1.5119498567566036,0.8116877253302486,52.50410352187953,-37.49589647812047,37.49589647812047
178,1.7836340245157871,1.509712038039032,3.0251109993671244,2.003766892722434,0.3945254605212666,67.42204467369919,-22.57795532630081,22.57795532630081
179,0.8746320295080829,0.6880801932860473,1.433302779278801,2.083046123495886,0.6593162837031968,-50.221838841913936,39.77816115808605,39.778161158086064
180,2.971134471424609,1.775195499061878,5.330753072126797,3.0029104258904966,0.6015658642270008,62.244230221312506,-27.755769778687494,27.755769778687494
181,1.2020667470700563,0.9996223026851696,1.7480895704546515,1.748750068659894,0.6353902725450552,-72.36115312141101,17.638846878588993,17.638846878588993
182,1.847175937850875,1.2608192587001916,2.924828046640516,2.3197837647687822,0.6151795039939834,63.68677767514907,-26.313222324850933,26.313222324850933
183,0.9669420905017878,0.7768244488641117,1.4544015607600038,1.872239684122531,0.6596684599731556,70.59576190071878,-19.404238099281216,19.404238099281216
184,2.9008262715053634,2.370744295142512,4.180439712736572,1.763344837021014,0.5760655489786649,-33.47349786301133,56.52650213698867,56.52650213698867
185,1.2850634067342854,0.9707886399076692,1.8679110177995075,1.9241170951250133,0.6271784491917226,74.79610878529805,-15.203891214701954,15.203891214701954
186,7.609721519423932,5.211595776595272,14.066094795846082,2.6989995768696096,0.2464737679459522,-19.80919288351521,70.19080711648479,70.19080711648479
187,2.567763477967868,2.057790443892495,4.433570174249069,2.1545294796211483,0.3634475680933908,31.22567078000329,-58.77432921999671,58.77432921999671
188,1.593045740590529,1.4018063421402716,1.9007607329900216,1.3559367480731674,0.7821035519509723,-69.31736515708265,20.682634842917366,20.682634842917352
189,1.7457898469292477,1.2956902469311034,2.792006676717671,2.154841161558988,0.5460370544309208,-59.10043942856905,30.899560571430953,30.899560571430953
190,0.9350209696908578,0.6959004953881247,1.5171799236977308,2.1801679029579564,0.5826337157149245,60.0709127933882,-29.929087206611797,29.929087206611797
191,1.398195952804615,1.2247104512704663,2.3442732295456303,1.9141448716419245,0.4427334627883799,72.92974683247222,-17.07025316752778,17.07025316752778
192,3.639715833714717,2.957614261910436,5.104945002076099,1.7260347530169875,0.5567302314604784,-72.38897778454047,17.611022215459514,17.611022215459528
193,4.384252518301317,4.252251359305077,5.094193632470277,1.1979991778526458,0.4483757084458445,-8.687160532173168,81.31283946782683,81.31283946782683
194,6.268438352985181,4.253770184255914,18.728355425406832,4.402766161351256,0.1744226578283526,85.88049614712153,-4.119503852878466,4.119503852878466
195,0.979419278671245,0.8040285732790302,1.3793205442537102,1.7155118488245946,0.7136181152043719,7.386540411557213,-82.6134595884428,82.6134595884428
196,9.156656956086398,10.38762191870546,29.11696345123981,2.803044207722614,0.0784647996157348,86.49073986987372,-3.509260130126279,3.509260130126279
197,3.289227819002539,2.7789913087099,5.771491552852499,2.0768296520984144,0.199287901940026,69.6210947040759,-20.3789052959241,20.3789052959241
198,2.938257836013735,2.0471258554212994,4.985125305664323,2.4351826207765725,0.4547399622635182,-37.36151867508149,52.6384813249185,52.63848132491851
199,4.036745414295391,2.4538023355395437,7.414326584262295,3.0215663571907188,0.3892890116213276,72.92790166695225,-17.072098333047748,17.072098333047748
200,1.1237553499514827,0.8050987632033707,1.772991549769144,2.202203792631191,0.6695938261815894,53.57422763411728,-36.42577236588272,36.42577236588272
201,3.911473346557351,3.16324512443916,4.9102142928856685,1.5522711961047422,0.7708230434913643,86.46290666024235,-3.5370933397576465,3.5370933397576465
202,5.3201789368904535,3.7247186422970606,10.61115514015749,2.848847432302568,0.3251459404048224,56.77348542220669,-33.22651457779331,33.22651457779331
203,0.9606427264386592,0.804395402976062,1.1860970152021613,1.474519882652112,0.9834964798811164,24.852340496829317,-65.14765950317069,65.14765950317069
204,3.059724272277511,2.5784572936514847,3.952994736136629,1.53308520791461,0.6620119068032769,41.306749625167846,-48.693250374832154,48.693250374832154
205,0.9855986414141252,0.78472968541416,1.3917138981883177,1.773494649248304,0.6384935641563543,-71.18947658983734,18.81052341016266,18.81052341016266
206,0.84641062903508,0.8324588846109389,0.9535502684667216,1.1454622998136137,0.9528162255799928,35.73478527036338,-54.26521472963662,54.26521472963662
207,1.340559085464394,1.218559791588582,2.048709680637777,1.6812549493094349,0.444547454740761,33.563739400575294,-56.436260599424706,56.436260599424706
208,2.201109004856956,1.3061268864391438,3.835988405838328,2.936918645244547,0.5857742652488145,-81.49539013409549,8.504609865904513,8.504609865904513
209,1.0511768765181757,0.6706664414880542,1.9415275398439928,2.894922751071592,0.5521009569108085,42.83284362274197,-47.16715637725803,47.16715637725803
210,0.979419278671245,0.7938984246804422,1.401634485600235,1.765508586522787,0.7045222207112967,-49.85681196560192,40.143188034398065,40.14318803439808
211,3.05177692308371,2.0388501824229515,5.147029153820853,2.524476392720611,0.3443070023007727,-65.66000910982335,24.339990890176637,24.33999089017665
212,2.938257836013735,2.302562051764968,4.042647124278688,1.7557169072511658,0.5881737102763227,-75.30539388581938,14.694606114180601,14.694606114180615
213,1.4367445664276617,1.2919532906834923,2.4510221282601234,1.897144537604328,0.342254865332651,-56.85466797257017,33.145332027429845,33.14533202742983
214,2.5200313704984505,1.8158181795421204,3.772301773817667,2.0774666848907177,0.5310207766744479,69.80963853637337,-20.19036146362663,20.19036146362663
215,2.421746429194769,1.8377429295738543,3.751391331097484,2.0413036397682545,0.4651131546656302,76.70863051273146,-13.29136948726854,13.29136948726854
216,1.3131044552792934,0.9476827500472484,2.4944907332387047,2.6322002095261707,0.4451140136973238,81.08533915697942,-8.914660843020584,8.914660843020584
217,3.995930987851799,2.860942463434676,7.135859416185397,2.494233808399807,0.4259315951729106,-82.60150765110443,7.398492348895559,7.398492348895573
218,3.4124351458985944,2.365433029146132,7.065730163519205,2.9870768169960726,0.2882246005979863,-75.99059897048954,14.009401029510457,14.009401029510457
219,1.843886218520761,1.5023605883417992,2.5671694226802524,1.7087571669553143,0.5736469892667457,83.69978698050562,-6.300213019494379,6.300213019494379
220,3.705837785329021,3.2952858968729117,4.960189742660039,1.5052380576043651,0.3814884084848882,-69.60745424343145,20.392545756568552,20.392545756568552
221,2.748212401219845,1.825476090998184,4.917842893881645,2.6940056449561784,0.3856233104956022,30.41536667635884,-59.58463332364116,59.58463332364116
222,1.085277926096956,0.6212938371652984,2.134608497063886,3.435747096419311,0.4995314851153816,-0.916959532663926,89.08304046733608,89.08304046733608
223,1.857010129468512,1.4232597852566085,2.5094675807507976,1.7631830862826985,0.836288396414753,69.89889605175655,-20.10110394824345,20.10110394824345
224,1.415458284986553,1.0985856934419187,2.296062201888604,2.0900164780909694,0.5651507662622202,-14.830748323332331,75.16925167666767,75.16925167666767
225,1.461879030667795,1.345200589441825,1.9124294833990776,1.421668633220431,0.6203380056380962,-10.365513022564963,79.63448697743503,79.63448697743503
226,1.667526881973112,1.5107498312927023,2.8229274619058926,1.8685605011720567,0.3393432887856574,-88.49565869740121,1.5043413025987888,1.5043413025987888
227,1.270810876469873,1.193603976081494,1.4531165278343428,1.2174193090448706,0.7627861142621084,71.45020751828432,-18.549792481715684,18.549792481715684
228,2.133883653500155,1.4292990783460926,3.284378581193754,2.297894563112892,0.6440549886874998,-83.28876709809099,6.711232901909,6.711232901909014
229,1.5583682828180965,0.8380526760031302,3.806817229613493,4.54245578901925,0.3208951349854553,48.373978226095424,-41.626021773904576,41.626021773904576
230,2.145234178539265,1.9044969754138428,2.7246643769662224,1.4306477837142058,0.6314797596324732,-88.52053473837086,1.4794652616291444,1.4794652616291444
231,1.5700125414998518,1.275645219443584,2.0615739316167487,1.616102894593196,0.7172802779129014,-63.58203574989594,26.417964250104063,26.417964250104063
232,1.4240109808516253,0.866306323651464,2.425671883541654,2.8000163652476817,0.724231775617284,87.59719910900847,-2.4028008909915286,2.4028008909915286
233,0.9669420905017878,0.6819773556265775,1.5277921221443391,2.2402387843811264,0.6283452296779907,-70.11216426945474,19.88783573054525,19.887835730545262
234,3.807652147743244,2.2894397786875422,6.963450876244978,3.0415523225672643,0.4806452572204143,74.9035940361006,-15.0964059638994,15.0964059638994
235,1.585405189396292,1.1520816092300517,2.4114291080512813,2.0931061556158896,0.5681188518232994,63.98220030986208,-26.01779969013792,26.01779969013792
236,3.307634385863236,2.328435691600223,7.153060094719349,3.072045373863596,0.2543426220873414,-29.84046226634956,60.15953773365044,60.15953773365044
237,0.8884066096615684,0.8432449138902376,1.0677447856093254,1.2662332947653097,0.8358291008421848,62.34269595984488,-27.65730404015512,27.65730404015512
238,1.7142051110999064,1.4356884227478746,2.176838990109963,1.5162335752095453,0.7736518394875925,80.85932939851368,-9.14067060148632,9.14067060148632
239,1.1609582232861997,0.7181569396092251,2.369480109168677,3.299390395723247,0.4664918511153492,59.0568566608611,-30.9431433391389,30.9431433391389
240,4.801949462245833,3.0096765934716925,8.937242175650837,2.9695025023740635,0.387649554921908,-82.40690211872916,7.593097881270836,7.593097881270836
241,1.0569367929308613,0.7730942304708949,1.5449612522219085,1.9984126013731416,0.7517076240083964,72.87684400954653,-17.12315599045347,17.12315599045347
242,4.097945636454687,3.0393770897179087,7.314774827591293,2.4066690679274,0.341216876340901,-30.156395669054447,59.84360433094555,59.84360433094555
243,1.4824989352200384,1.07639334051131,2.4010832944169938,2.2306746094103738,0.5601744203026879,-35.4673736102252,54.532626389774805,54.5326263897748
244,2.396545468392566,2.4867681846435548,3.3125344029196278,1.332064011183429,0.4371262253752583,21.43141014917359,-68.56858985082641,68.56858985082641
245,1.8667925156594296,1.3845095616969567,2.7361936636527298,1.9762909114900225,0.6451147911186176,62.94218520606076,-27.057814793939237,27.057814793939237
246,3.187996468783956,1.9853005083232296,6.561081977574969,3.304830654134276,0.3128257081924282,-71.63831967683235,18.36168032316766,18.361680323167647
247,4.654280224443876,4.052122462216195,10.671901694096338,2.633657248418805,0.2227880062179232,-84.43687733147851,5.563122668521487,5.563122668521487
248,0.8172152218636723,0.637205512730748,1.233195715420688,1.935318654315812,0.7937669347836285,66.10248763106355,-23.897512368936447,23.897512368936447
249,0.8319410050566239,0.6284231378802644,1.222014080222328,1.94457206706982,0.8573710648942569,62.05566622338215,-27.944333776617853,27.944333776617853
250,1.4068535956126136,1.22298268223746,1.901964843499112,1.5551854258634692,0.546901125179249,73.12683605503913,-16.873163944960865,16.873163944960865
251,1.474285581520627,0.9858250804130106,2.366179602417171,2.400202276681642,0.6291615986487182,-76.05187033768117,13.94812966231882,13.948129662318834
252,1.432512614476725,2.0096699524242627,2.3964730683488336,1.1924709654229395,0.2111368240929502,-11.091045945188483,78.90895405481152,78.90895405481152
253,2.105239620905539,1.3103430609871023,3.552620655877133,2.711214155780614,0.613056693527686,87.46267901826955,-2.5373209817304456,2.5373209817304456
254,2.8244753407624037,1.695533317526974,4.964387128231304,2.927920717873081,0.5171515928038489,-63.07787260791798,26.922127392082018,26.922127392082018
255,1.550556863789422,0.9074093625025872,2.848998707231045,3.139706096236055,0.6395607277365651,79.56090094091414,-10.439099059085862,10.439099059085862
256,1.663882010113248,0.9084802943628044,3.505940485539845,3.85912661759919,0.4507819833893748,-89.22511969646298,0.7748803035370315,0.7748803035370173
257,1.326902779425731,1.0469601383198228,2.516861190589942,2.4039704077263515,0.3775685148738323,-55.94903791514347,34.050962084856536,34.05096208485653
258,1.0796692170979234,1.1324087776817129,1.1658739165500007,1.029552171908097,0.7486200357738227,-64.12572009708181,25.874279902918204,25.87427990291819
259,2.2093683547194614,1.592777366047768,3.583969477987732,2.250138377393446,0.4065920440629045,-63.19919361929534,26.80080638070467,26.800806380704657
260,1.2612197138901655,1.139073550750444,1.4893490827451925,1.3075091435175363,0.8017790354504574,46.23766188715236,-43.76233811284764,43.76233811284764
261,2.3009031958488952,1.9362342128629657,3.1992677044658526,1.6523144169296198,0.5969751708305068,88.18443150340421,-1.8155684965957875,1.8155684965957875
262,0.84641062903508,0.6353244501633353,1.2027569774426148,1.893138186533508,0.8859210740810014,74.7894481685866,-15.210551831413397,15.210551831413397
263,1.886205091624149,1.4551164871160382,2.7146065764894445,1.8655596308097968,0.5918774269781573,51.39635116648428,-38.60364883351572,38.60364883351572
264,4.410485093070411,4.36327857528749,5.028253337938607,1.152402545741032,0.4504280540615253,-22.081863769214475,67.91813623078552,67.91813623078552
265,4.722910120830809,2.6626097455684983,9.611205826131114,3.609693775863128,0.3038261038065167,-81.44853483041238,8.55146516958763,8.551465169587615
266,2.667496821992058,1.6391746271502976,4.901697991696045,2.9903452081964192,0.5392597605961501,-85.178782516876,4.821217483124002,4.821217483124002
267,1.0039085404212729,0.9151861709731188,1.3318481371659956,1.4552756361580936,0.6097445078452979,-29.8910026209504,60.1089973790496,60.1089973790496
268,2.285016447538367,1.740517939658876,3.1276639076238872,1.7969730942485302,0.6510336381947667,-39.21992353353811,50.78007646646188,50.78007646646189
269,2.741576868636942,2.620286244925164,3.53304959044541,1.3483448983056867,0.3465784151055622,62.91735909407435,-27.08264090592565,27.08264090592565
270,5.887869273969456,3.7919302955600753,13.001775246923891,3.428801226158485,0.1762463562609331,-61.41848803448119,28.581511965518814,28.581511965518807
271,3.909920866501533,2.508446265340698,7.510716058591749,2.994170599692571,0.3538776038801433,-62.33016661962471,27.66983338037528,27.669833380375287
272,1.0337045758596148,0.6614856906667146,1.7607237269357718,2.661771451414361,0.6968178784023517,84.87442725689503,-5.125572743104968,5.125572743104968
273,1.8306682257451572,1.321062820287069,3.1770043513766417,2.404885144437169,0.4971007082034647,-34.32186136724649,55.6781386327535,55.67813863275351
274,1.2755794143363215,0.7808549974878412,2.482976053599584,3.17981707434516,0.4578515213588284,85.03645854336514,-4.963541456634857,4.963541456634857
275,1.8732857266234093,1.2536224878093476,3.189892896649055,2.544540264448557,0.5138861818420251,-43.36309857978044,46.636901420219544,46.63690142021956
276,2.809388374878707,2.5825099601982138,3.139352834945821,1.215620804306547,0.765178629983988,77.74873483761155,-12.25126516238845,12.25126516238845
277,1.2319983017676563,0.7266318201429414,2.211201069398693,3.043083179269125,0.6050585541796432,-87.39931269313233,2.6006873068676555,2.6006873068676697
278,3.0097090655497696,1.4209737733710857,7.396270754722605,5.20507196777873,0.2850545256857869,-79.95717145675927,10.042828543240716,10.04282854324073
279,0.9543017810603904,0.4623688430233297,2.337413492913788,5.055300607259666,0.3606811287532592,69.05769022565345,-20.942309774346555,20.942309774346555
280,5.407335843732735,3.932851970458526,10.53450175560934,2.6785909652178286,0.212500141535533,80.6305773659765,-9.369422634023493,9.369422634023493
281,1.5815710720799827,1.2358336287099372,2.375899544073713,1.922507600439607,0.5204199628862258,-49.72366768252875,40.27633231747126,40.27633231747125
282,0.8952144227026446,0.8081144364829632,1.0842618450318104,1.341718197425952,0.8901074875699878,-74.83363033066681,15.166369669333193,15.166369669333193
283,1.1816912584570125,1.0226164265791682,1.4732299471409855,1.4406476454414083,0.7689346441457953,48.95191559784703,-41.04808440215297,41.04808440215297
284,2.8945406167269976,2.099636784767664,4.440465794613377,2.114873308958882,0.521608010716836,87.73833952248401,-2.2616604775159885,2.2616604775159885
285,2.2148574771042746,1.696152485797172,3.137918091374916,1.8500212201735688,0.6751850315751139,-55.135689152666686,34.864310847333314,34.864310847333314
286,2.371076674599173,1.7213939076766076,4.108629359179648,2.3868037064945407,0.424202502414943,-37.34795104434358,52.652048955656426,52.65204895565642
287,0.928505064734256,0.6980731502546327,1.4138045478810275,2.025295697686297,0.7161312455537951,-3.3557227715492752,86.64427722845072,86.64427722845072
288,1.2466946262544771,1.0366758203018196,1.5649001674617775,1.5095366717496796,0.9441144095548288,-17.79777300247575,72.20222699752425,72.20222699752425
289,4.556728549830323,5.387595745813066,5.529033403063056,1.02625246286526,0.2160047587743469,13.005741129836492,-76.9942588701635,76.9942588701635
290,2.9112722047376547,2.003437130185901,4.886067885806534,2.438842633086844,0.3860647287059112,86.07996244324353,-3.920037556756469,3.920037556756469
291,0.8952144227026446,0.7641543853577087,1.7567282332845178,2.298917950280656,0.4144744364381305,83.7402942607948,-6.259705739205202,6.259705739205202
292,1.5583682828180965,1.4717478896344596,1.7353235807874148,1.1790902456931125,0.8805434644482644,-68.99268103788849,21.007318962111526,21.007318962111512
293,1.870041939381716,1.6520691655992903,2.217921540980168,1.3425113107631992,0.7960632206898076,11.755234264928628,-78.24476573507137,78.24476573507137
294,3.756281805912701,2.36126790347459,7.0069276090416,2.967442871997266,0.2810419134198428,-83.350324508662,6.649675491338002,6.649675491338002
295,1.3718952479298128,1.028683564960056,2.3498310330079395,2.2843089099991443,0.4579379222408403,39.28669063648598,-50.71330936351402,50.71330936351402
296,1.5544674799972351,1.318404351777583,1.9201797274597527,1.456442194589851,0.820611465013508,-6.84138012451484,83.15861987548516,83.15861987548516
297,6.327243906723375,8.926904155371588,13.579270801843768,1.5211623834532502,0.0800655885371471,-76.62508110146237,13.37491889853763,13.37491889853763
298,3.157378746458445,2.415096203614116,4.530333416238797,1.8758397323714453,0.4839955407772087,-37.5975793280418,52.4024206719582,52.4024206719582
299,2.4066575195010222,2.110520736778716,2.931526448120634,1.3890062281951407,0.6645364148157228,-81.2472924158212,8.75270758417878,8.752707584178793
300,3.380258506612113,2.4356598465258625,5.036833447371896,2.0679543798187803,0.4699786403068379,-55.847348303811806,34.1526516961882,34.152651696188194
301,3.155455274609836,2.2388707401409405,6.009430060097461,2.6841344399003395,0.3069405420070859,-36.776654708580665,53.223345291419335,53.223345291419335
302,0.9153341128725788,0.8229794152062885,1.1364667151251346,1.3809175468140564,0.7589716504943657,1.0136349115027516,-88.98636508849725,88.98636508849725
303,2.316681002601451,1.6044943175561537,4.022507777500691,2.507025256173843,0.5005762521755922,-44.0990698756786,45.900930124321405,45.9009301243214
304,1.3177199508995825,1.022447539945425,1.7565538946575472,1.7179892620713886,0.7804967634582294,-11.689662855973674,78.31033714402632,78.31033714402632
305,1.1128975557056655,0.7898407034140656,2.101357325335845,2.6604824444382054,0.4938828576435425,-28.021128437565856,61.978871562434136,61.97887156243414
306,0.9669420905017878,0.7088813843015308,1.658091782187506,2.3390257085411315,0.5790286627835473,89.1263231900489,-0.8736768099511067,0.8736768099511067
307,1.0740312192037882,0.7841383695537262,1.555976370637154,1.984313523036376,0.7617007894131101,82.56535012263386,-7.434649877366141,7.434649877366141
308,3.261423196617267,2.124828106676651,5.691681062186775,2.678654825913838,0.4929705092088454,2.040545234746494,-87.95945476525351,87.95945476525351
309,2.043780842560348,1.098235019513456,4.342416351448189,3.9539955239926527,0.3516232140987166,-70.76495170406227,19.23504829593773,19.23504829593773
310,0.8884066096615684,0.5292622568540732,1.7754927920153478,3.3546559744668927,0.5310977778320192,58.27575966443335,-31.72424033556665,31.72424033556665
311,0.9855986414141252,0.9711642371789072,1.2465493265414918,1.2835618104745483,0.6318836304034402,-63.87873716678008,26.12126283321993,26.121262833219923
312,1.3450803768346336,1.2738023356606742,1.7081045832839776,1.3409494828709407,0.5540902962704567,-58.5414493216592,31.4585506783408,31.4585506783408
313,1.902230911401452,0.7800151841756414,5.973909921944352,7.65870978301259,0.2314071613364831,-4.386994489755537,85.61300551024446,85.61300551024446
314,0.973200680696656,0.915204180697042,1.1336948592235483,1.2387343536390956,0.8261370290955009,54.6219970041942,-35.3780029958058,35.3780029958058
315,2.0108386281965918,1.8415214918758709,2.6091353128825685,1.4168367430915867,0.6003664109287257,-74.30610336222428,15.693896637775708,15.693896637775723
316,1.0159318257539256,0.7203070607493289,1.690796230920117,2.347327026284036,0.5257934001356368,83.99888839637087,-6.001111603629127,6.001111603629127
317,0.979419278671245,0.6350829305260319,1.9314521288301505,3.0412597095474614,0.5124544598134352,-73.92050171441983,16.079498285580172,16.079498285580172
318,6.870972823634812,4.074355158079346,16.698886703814857,4.098534873844117,0.1678554754614541,-38.76189945346128,51.2381005465387,51.23810054653872
319,0.9086770491564996,0.6955646803288417,2.091208495495322,3.0064903446602016,0.3510108058625267,38.33854351543243,-51.66145648456757,51.66145648456757
320,1.7699661294252256,1.17459959857289,2.7909637332927657,2.3760979798424238,0.678907532745146,-88.26504802548153,1.7349519745184807,1.7349519745184665
321,1.3630155737347494,1.0719650146537365,2.46700853598502,2.3013890399976407,0.5112749429698357,-58.15843454131152,31.84156545868848,31.84156545868848
322,1.1970053909181526,0.973842915688933,1.5561493115560594,1.5979469445081715,0.8355071827188817,74.84568964091113,-15.154310359088868,15.154310359088868
323,1.039561305877423,0.6369511092904604,2.5532304606383383,4.008518744056418,0.398106224035517,6.72928527569803,-83.27071472430197,83.27071472430197
324,1.2221025728266244,0.9149426058711748,1.7763601262920072,1.9414989693267397,0.7468041607308236,-74.94078748457376,15.059212515426225,15.059212515426239
325,0.7791841414090482,0.7144542908145608,0.9875487303025005,1.3822420034409482,0.8518287977729,82.37145084472773,-7.6285491552722675,7.6285491552722675
326,1.0159318257539256,0.5524977239003959,2.314290397150502,4.188778156066615,0.4169698269962945,83.21872593605084,-6.781274063949155,6.781274063949155
327,4.011095865835037,2.633728932977728,6.62893262367307,2.516938072354437,0.54044036532317,87.1845384995281,-2.8154615004718977,2.8154615004718977
328,1.550556863789422,1.242331542118445,2.6040415088431343,2.0960922431404083,0.3178657454660547,21.93373377932294,-68.06626622067706,68.06626622067706
329,1.4240109808516253,0.9914420348815042,2.5355169567142357,2.557403123438555,0.5470840475001907,-19.58430025784221,70.41569974215778,70.41569974215778
330,2.153707815918036,1.589371794382826,4.208974625940993,2.6482001510385382,0.4045853151654125,-62.59578096383807,27.40421903616192,27.404219036161933
331,1.0159318257539256,0.7820580275572864,1.56625545284768,2.002735599735213,0.650981474669288,58.17409151627115,-31.825908483728853,31.825908483728853
332,2.563030269375824,2.230002101473897,4.596403326382706,2.061165468563801,0.346832700403925,65.58767793245383,-24.41232206754617,24.41232206754617
333,2.468919678580592,1.7792210678897131,3.661923926100973,2.0581612887735665,0.6150359487516003,-87.30755619161225,2.6924438083877362,2.6924438083877504
334,1.4068535956126136,1.3983998314917034,1.5900907278447878,1.1370787467477048,0.6388011645555064,-38.13177905167103,51.86822094832897,51.86822094832897
335,0.9669420905017878,0.805058134767014,1.2774291283615178,1.5867538916692137,0.8391545619793241,-79.0603257556424,10.939674244357604,10.939674244357604
336,1.9711972828282505,1.487044582059816,3.1842850690793227,2.1413514480302487,0.5153637666306211,69.20987459526607,-20.790125404733928,20.790125404733928
337,1.340559085464394,0.7022838393616138,2.718901941144749,3.871514320500769,0.5019882081123517,89.44157639528278,-0.5584236047172197,0.5584236047172197
338,0.8815462242933692,0.6181657617339525,1.5196647373760723,2.458345045046524,0.5882338084295723,82.76900405347364,-7.230995946526363,7.230995946526363
339,1.8306682257451572,1.3325772698257168,2.791925382082323,2.0951320762416046,0.587322194940998,-28.96428275958005,61.035717240419956,61.03571724041995
340,0.9414917802541344,0.8037825063689804,1.3813826185619944,1.7186024921122929,0.588245287486496,-71.7722453586075,18.227754641392494,18.227754641392494
341,0.9153341128725788,0.7455368271424933,1.263771793717288,1.6951165223602631,0.7519696724230307,-88.89578654512783,1.1042134548721663,1.1042134548721663
342,1.461879030667795,1.22667204069443,1.84778580841785,1.506340527148399,0.8633728182511509,22.434732723974733,-67.56526727602527,67.56526727602527
343,1.6082179472047609,1.0970252083233965,3.938492565321857,3.5901568491221147,0.2944810773820304,-88.51885178936963,1.4811482106303515,1.4811482106303657
344,3.5757676275540997,2.474113781571568,5.902437265260078,2.385677372327971,0.5545617890721422,39.057758205440045,-50.942241794559955,50.942241794559955
345,1.0511768765181757,0.8273743787436681,1.422986082801949,1.7198817359593503,0.7953119447346273,55.63259387992006,-34.36740612007994,34.36740612007994
346,0.973200680696656,0.4748537810133875,2.3902201419014077,5.03359189180389,0.4173341050878034,74.89805685772964,-15.101943142270358,15.101943142270358
347,5.186112911583651,4.68855892311924,9.260408855773852,1.9751077052931685,0.1999200145937401,52.93317830207363,-37.06682169792637,37.06682169792637
348,1.1557168501373432,1.11778705852043,1.3341844121638484,1.1935944346411158,0.6565970653277267,34.73201820835794,-55.26798179164206,55.26798179164206
349,3.891242793762745,2.1746986460762843,8.236569526511122,3.7874532829511858,0.4594482331456908,80.24414584854638,-9.755854151453619,9.755854151453619
350,1.952629861669301,1.611556589179714,2.588764860430149,1.606375399915579,0.621452814135924,60.00843217765155,-29.99156782234845,29.99156782234845
351,0.8952144227026446,0.768110718673869,1.683496616798525,2.1917369148357357,0.4271748490328983,82.99760408488629,-7.002395915113709,7.002395915113709
352,4.934149353389757,3.546969819623714,7.850932751010766,2.21341966530847,0.4150252889718231,-88.9493653093998,1.0506346906001909,1.050634690600205
353,1.1609582232861997,0.975527323951658,1.5389343277970922,1.5775409770822102,0.7782761369950973,-66.19513258333278,23.804867416667207,23.80486741666722
354,4.005036805176833,4.390653429761852,7.334104853480296,1.6703902894649774,0.3000959988046076,-80.015036476213,9.984963523787002,9.984963523787002
355,0.9669420905017878,0.511390834923518,2.097413715433786,4.101390897526485,0.438049666607636,-69.1010138105914,20.898986189408618,20.898986189408603
356,1.326902779425731,1.1709486915658314,1.6556696401169326,1.413955754033011,0.7252188686715451,-17.59561172392695,72.40438827607305,72.40438827607305
357,1.039561305877423,0.8989311285398485,1.262428646559687,1.4043663707699996,0.852375658423763,-45.69125999072019,44.3087400092798,44.30874000927981
358,2.869260301817997,1.5952781980887318,5.366378192491681,3.363913704155816,0.5345188490464028,78.8419234068408,-11.158076593159194,11.158076593159194
359,1.847175937850875,1.6437458494520527,2.1199422049614998,1.2897019363840143,0.8973863420814543,-21.125370877940707,68.87462912205929,68.87462912205929
360,1.2612197138901655,1.230990062887917,1.4853480373014565,1.2066287796156638,0.7395148113337643,73.71288513297173,-16.287114867028265,16.287114867028265
361,2.690160753669267,1.7304095705809155,4.617050181900593,2.6681834522855787,0.5152704488154308,88.8312318933833,-1.168768106616696,1.168768106616696
362,1.2991595879263365,0.6741533921468589,2.742797978329606,4.06850727190602,0.4841358473857994,-75.4689486279187,14.531051372081293,14.531051372081293
363,2.687902959940692,1.938777751432193,4.016364332875337,2.071596050608901,0.5694904587764514,46.070327074327686,-43.929672925672314,43.929672925672314
364,1.717743205908703,1.2407107344093633,2.49675863364081,2.012361595976184,0.6744763330000558,-89.82691355577805,0.1730864442219513,0.1730864442219513
365,4.298950345635426,3.4717794428683404,14.316789635881548,4.123761279044039,0.0632042036093923,-45.64761782068063,44.35238217931936,44.35238217931937
366,1.1345092346885122,0.9352672624982938,1.515624868784044,1.6205259497007245,0.7505403505779785,1.3927397426198784,-88.60726025738012,88.60726025738012
367,1.176542252445381,1.162461737633132,1.232531458159073,1.0602770123587972,0.9346069294211872,-70.64129774172868,19.358702258271308,19.35870225827132
368,3.730331361828237,4.689700513061338,6.220699993063268,1.3264599681233218,0.1305976004106209,41.5913016617308,-48.4086983382692,48.4086983382692
369,1.3585539723246187,1.137437597250171,1.7266967024198727,1.5180584030229651,0.8264811136028563,35.79851389317193,-54.20148610682807,54.20148610682807
370,5.622017417190016,4.5399981535404805,7.213914922979731,1.58896869095729,0.5638056517816818,-78.87262744605617,11.127372553943815,11.127372553943829
371,1.502835947650602,1.283229057124779,2.1682732821155826,1.6897008917284384,0.5605584203858448,61.77940196158926,-28.220598038410742,28.220598038410742
372,1.021890421280174,1.1003383399482698,1.2979777502138137,1.1796169442526518,0.4543814720320791,-89.34157245417771,0.6584275458222919,0.6584275458222919
373,3.174637550226436,1.7733319549429836,5.883081106327172,3.3175295183333717,0.5625198327789624,-76.33322473274369,13.666775267256298,13.666775267256313
374,2.368514732549453,1.5958854505477225,3.69328904974364,2.3142569840937326,0.6306114927990536,-59.9447662017789,30.05523379822111,30.055233798221103
375,0.8884066096615684,0.6391660469639074,1.3341658304736812,2.087354040176385,0.8201187741159028,-71.33299546002311,18.667004539976887,18.667004539976887
376,1.8173540983129992,1.1272547650736104,3.363165414819681,2.983500730289718,0.4351184205332536,-72.34176889953035,17.658231100469663,17.65823110046965
377,2.3505029522705425,2.2809734998456834,2.738926177149096,1.2007707136160917,0.5704228707216341,36.03264273550178,-53.96735726449822,53.96735726449822
378,1.2369164782162358,1.095684093206622,1.5004786551672695,1.3694445912562063,0.8470116676264301,72.131170098204,-17.868829901796005,17.868829901796005
379,0.9086770491564996,0.5572315305698209,1.5908709877402605,2.8549550778532717,0.7012434894067828,81.05476969392797,-8.945230306072034,8.945230306072034
380,2.5224394277803315,1.5924773871070883,4.311143184433849,2.707192717044176,0.5575166937291768,78.1001122196567,-11.899887780343306,11.899887780343306
381,1.2803301921000927,1.197055971057798,1.6830622625454827,1.4060013092438923,0.5315625257576314,-73.72986611054142,16.270133889458577,16.270133889458577
382,1.2897792515977275,1.077953453004963,1.669366113075141,1.5486439682729556,0.7674534187608476,-83.7630842402349,6.236915759765111,6.236915759765097
383,0.9350209696908578,0.8394115099111119,1.119629468019264,1.3338266807156662,0.8526029830652666,82.31383680327855,-7.686163196721452,7.686163196721452
384,0.9479184199131095,0.8585259383263197,1.1445222410889178,1.333124824766672,0.9530830708175488,-5.6153403570960085,84.384659642904,84.384659642904
385,1.6602291363104174,1.5850620824320765,2.785800247211648,1.757533839265899,0.2686417110151843,19.963846257581583,-70.03615374241842,70.03615374241842
386,2.6169453581990307,1.6159224658274864,4.478593638339287,2.7715399303183,0.4997334008341331,-75.32934323637762,14.67065676362239,14.670656763622375
387,1.7561918645793366,2.025153547297672,2.161721740054665,1.067435969454873,0.3050364580738514,-65.47210409530544,24.52789590469456,24.52789590469456
388,7.035993967042072,3.354109571996596,16.547074866174682,4.9333733770434725,0.3097435208520278,82.79404606139214,-7.205953938607863,7.205953938607863
389,3.0537656993932494,2.421588362724046,4.43234563158094,1.830346436995176,0.5331176323127467,73.15189258376172,-16.84810741623828,16.84810741623828
390,5.103507424799337,4.546536435474694,10.403125054739744,2.28814289787025,0.184761077948105,-77.6119630414215,12.388036958578482,12.388036958578496
391,0.9606427264386592,0.8949833486150147,1.25012553111631,1.3968142905126415,0.5921558826269231,-33.45653427278812,56.54346572721188,56.54346572721188
392,1.2171245375823248,1.1765058992255164,1.3293973582372831,1.129953839681054,0.8789527322933245,26.15293490906866,-63.84706509093134,63.84706509093134
393,0.9350209696908578,0.7419188039778835,1.3606085928165563,1.8339049846445403,0.6968535504047703,51.59424031903427,-38.40575968096573,38.40575968096573
394,2.0467492985075517,1.2219712250517745,3.6396400582536894,2.9784989888771563,0.5701590067589422,-84.32287899554112,5.677121004458883,5.677121004458883
395,1.3084726790995154,0.9003959114478911,2.2301691858653534,2.4768761802562014,0.575563772596526,-77.20823798259396,12.791762017406029,12.791762017406043
396,1.0511768765181757,0.935881242163981,1.2203184766173671,1.3039244955863196,1.013819291776019,34.00787293304828,-55.99212706695172,55.99212706695172
397,1.0099380753567209,0.9940771304991014,1.234975374278404,1.242333553794114,0.7094876398360564,41.40829915903485,-48.59170084096515,48.59170084096515
398,0.973200680696656,0.7712627046676802,1.4452020714563296,1.8738129857828851,0.6749154361335103,48.005484862369705,-41.994515137630295,41.994515137630295
399,1.6044383463340146,1.221644581823774,2.432063680135496,1.990811170712767,0.6303358848894937,7.367625158805858,-82.63237484119415,82.63237484119415
400,1.3718952479298128,1.2040003981910887,1.6481231117595885,1.3688725636932988,0.9199044282307266,9.2340084674658,-80.7659915325342,80.7659915325342
401,1.5108941070107518,1.131093644648014,2.073561991823856,1.8332363563665228,0.8221001097454423,-73.24203185226222,16.757968147737785,16.757968147737785
402,1.1816912584570125,0.8798103898466316,1.7134883648997583,1.9475655035154265,0.7757192762133133,-27.30797425289266,62.69202574710734,62.69202574710734
403,1.7353254778478429,1.208682135209183,2.6484048869204675,2.191150849153666,0.6266671616716053,-62.57848073053672,27.42151926946329,27.421519269463282
404,1.096409273000846,0.7582829292723662,1.6861269263751797,2.223611875310387,0.8089027693133831,74.39495711240811,-15.605042887591893,15.605042887591893
405,1.139848131163964,0.9721395065715792,1.8389701662634448,1.8916731125853488,0.4336590267410419,62.27797054987977,-27.722029450120232,27.722029450120232
406,4.296124876815153,3.946100380087613,6.934614453271025,1.7573335154533147,0.4060339801463811,75.77497498996526,-14.225025010034742,14.225025010034742
407,1.1451621372724683,1.0039374464407314,1.731337243458969,1.724546932278595,0.5273767953279587,80.72992967287759,-9.270070327122411,9.270070327122411
408,0.973200680696656,0.5389698576564861,2.049370464821894,3.802384188482885,0.4945761578954131,-76.91243328457874,13.087566715421246,13.08756671542126
409,1.5348147620304609,1.0220151678130884,2.4672875757795434,2.414139881171288,0.6674080264144218,78.90694770526324,-11.093052294736765,11.093052294736765
410,0.9917395023300404,0.8204730085764835,1.2911795358853202,1.5737014166078542,0.86619018114523,-71.89484664482445,18.10515335517556,18.105153355175545
411,1.1074287385521373,1.116891100909911,1.6172026519122515,1.447950163265466,0.3803396563683098,3.273880087930957,-86.72611991206904,86.72611991206904
412,2.628519697552557,3.0909285085085814,3.3612339381813827,1.087451207275974,0.4423624062160616,72.7737981454651,-17.226201854534906,17.226201854534906
413,1.2755794143363215,0.5728741991158383,4.084238327133671,7.129380819449012,0.2687083402763554,86.13646672357166,-3.863533276428342,3.863533276428342
414,1.4025314545362868,1.065819086720274,2.3099726780068366,2.16732155277408,0.5364225844086872,-63.91553360282507,26.084466397174936,26.08446639717493
415,2.0585803178499065,1.0416468239286978,5.29814802365406,5.0863189921430845,0.3090608869588559,76.6916411778567,-13.308358822143305,13.308358822143305
416,1.176542252445381,0.8230094013912778,1.8636324718119663,2.264412130239995,0.691399864787044,-58.769152599336905,31.230847400663095,31.230847400663095
417,1.1291450947814663,0.8308373743869357,1.7444847368492586,2.099670513903508,0.6567165243468192,-29.05964666125629,60.940353338743705,60.940353338743705
418,3.515839100116432,2.155233502747296,8.400979109871157,3.8979438186917337,0.2680781984409106,-64.14936868925942,25.850631310740596,25.85063131074058
419,5.699240655819819,5.273125287683071,7.919747022991872,1.5019076147291173,0.3605860480782366,77.63341980727228,-12.366580192727724,12.366580192727724
420,1.0159318257539256,0.7369787346699588,1.4525747117386734,1.970985923208734,0.8633958675021712,-79.29749081532319,10.702509184676813,10.702509184676813
421,1.039561305877423,0.9363252022580076,1.236959342797013,1.3210787660248886,0.8419306055227344,-47.94287265069215,42.05712734930785,42.05712734930785
422,2.579558503195455,1.715249926337267,4.240154318364208,2.4720329400734067,0.5571551462026217,-79.96543846730269,10.034561532697296,10.03456153269731
423,0.9350209696908578,0.4124593652283003,3.4695944860653,8.41196679858353,0.1960216588492823,-10.62384005881397,79.37615994118603,79.37615994118603
424,0.9978425722559162,0.9655607053902522,1.1304199659746514,1.1707394052637714,0.8239967795729437,82.77425543039551,-7.225744569604487,7.225744569604487
425,1.749264059016166,1.0696617132255772,3.146809805945356,2.9418738345379443,0.5078823553560293,-82.09040819350474,7.909591806495257,7.909591806495257
426,2.1872741160266225,1.4365550750179137,3.5075211237153603,2.4416196668767625,0.6146905369761596,-77.09422475345596,12.905775246544039,12.905775246544039
427,4.963592574551599,2.104785182376084,12.640998040029922,6.005837624607157,0.3092290737402268,-73.0520489147343,16.947951085265686,16.9479510852657
428,0.9219431092603804,0.6286722632249485,1.4801188691408051,2.3543568815142653,0.7060448899826148,-74.80425878377336,15.195741216226622,15.195741216226637
429,1.3223193364400538,0.7516945154315817,2.6349096858868166,3.5052932165854584,0.4805571392446714,81.09994545952092,-8.900054540479076,8.900054540479076
430,1.0796692170979234,0.7062035904128666,2.046198932031684,2.8974632242175624,0.5713851758273253,-77.41345655057681,12.586543449423175,12.58654344942319
431,4.931687817016363,3.073069281822173,9.320666094640387,3.033015282074509,0.2852904661401192,-52.240447553001815,37.759552446998185,37.759552446998185
432,1.085277926096956,0.9375066681892594,1.625843901530809,1.73422115991029,0.5412974067035219,-87.96293209104921,2.037067908950803,2.037067908950789
433,2.8629053431811715,1.8275977269646304,5.108020224242343,2.7949368446228093,0.4700614926079415,-62.51060368909632,27.489396310903686,27.48939631090368
434,2.473832956432472,1.4325723030093545,4.4512542434929285,3.107175975790077,0.5167896103786805,86.94310606883877,-3.056893931161227,3.056893931161227
435,4.3856370920033845,4.281831839235255,4.851686079074085,1.133086552960148,0.66378855348791,-77.4539342293401,12.54606577065988,12.546065770659894
436,1.0099380753567209,0.8927547740373551,1.222271726882013,1.3691013057868786,0.9154413403410808,46.86002921283279,-43.13997078716721,43.13997078716721
437,1.0740312192037882,1.150279966139575,1.268029533178182,1.1023660069763568,0.5199411970256578,70.86826895221402,-19.131731047785976,19.131731047785976
438,5.060499572977074,3.9496597666679714,7.03896001335883,1.782168700393418,0.574003663684138,79.4292183181568,-10.5707816818432,10.5707816818432
439,3.5296267573361435,2.355582368746889,6.400037058606261,2.716965937391916,0.2730120483030443,-82.67425253279201,7.325747467207975,7.325747467207989
440,1.4783979621211876,1.2788996240367412,1.941279346660676,1.5179294060101356,0.6755156947037193,-59.469189055926186,30.530810944073806,30.530810944073814
441,3.259561122131126,1.5556125597744397,12.392588182889211,7.966371899623972,0.1309308946553947,-83.67934968114218,6.320650318857815,6.320650318857815
442,1.1019327803667114,1.0971479615785746,1.274190837171412,1.1613664535621142,0.6104812158370837,70.0456219118698,-19.9543780881302,19.9543780881302
443,3.178460113381421,1.613345159561234,6.757514580980175,4.188511392576372,0.4101791516331382,-89.14343315848653,0.8565668415134837,0.8565668415134695
444,2.0644704023279083,1.3266627942380629,3.556717757145073,2.680950858494369,0.5098240725898402,-86.25752824869485,3.742471751305146,3.742471751305146
445,1.1128975557056655,0.8651016708979803,1.56522574433949,1.8092968687885864,0.7837296255952009,67.4525073207174,-22.5474926792826,22.5474926792826
446,1.3360224934845466,0.9844042883208663,1.965009764149598,1.9961410037144245,0.6958648725855878,76.36025065440522,-13.63974934559478,13.63974934559478
447,0.9086770491564996,0.6828891673454198,1.3686089220515198,2.0041450172239275,0.6868447849360593,61.27224178967552,-28.72775821032448,28.72775821032448
448,0.8676627389239214,0.5516426805857536,1.5786689216452945,2.861759934835006,0.579148933825722,-87.8419862400672,2.1580137599327998,2.1580137599327998
449,3.695994905302969,2.295528809565294,7.916633837004527,3.448719007148381,0.2936284208101828,86.94149362775111,-3.0585063722488854,3.0585063722488854
450,1.7596455392320107,1.0786931037442349,4.042442377176007,3.747537054927253,0.337854907394802,-88.52455937210436,1.4754406278956367,1.4754406278956367
451,0.9855986414141252,0.9678193538363752,1.200523625463879,1.240441845583144,0.662855307308886,67.73833606111796,-22.261663938882037,22.261663938882037
452,0.9086770491564996,0.8425145143795619,1.1465979113772558,1.3609236301663297,0.7349553639444487,37.3510563107485,-52.6489436892515,52.6489436892515
453,4.784216008775158,3.690983710408549,6.565823397474105,1.7788817054268022,0.6195694222746696,12.758817774400908,-77.24118222559909,77.24118222559909
454,2.271692622891249,1.8354853042846155,3.153644289844511,1.7181528408224715,0.4983970228423091,29.34440728112154,-60.65559271887846,60.65559271887846
455,0.9019708538191776,0.7223157753470818,1.1995398748913797,1.660686248081714,0.920462729044245,-69.99117911088862,20.008820889111377,20.008820889111377
456,3.9669580093201615,2.060067757220112,12.054001578752253,5.85126461812019,0.1849535539482479,-79.03079119077886,10.96920880922113,10.969208809221143
457,1.69282125807016,1.139167695478737,2.6788804659318246,2.3516120379502343,0.6065538151279368,-73.21551525606931,16.784484743930705,16.78448474393069
458,2.0674091517192297,1.363834382860899,3.244308592020069,2.378814196790172,0.6828457814399607,83.23079462889915,-6.769205371100853,6.769205371100853
459,1.6602291363104174,1.2870270948115938,2.4617808812399584,1.912765388672983,0.6295984292998903,-51.65396288499101,38.34603711500898,38.34603711500899
460,1.5815710720799827,1.5127569984663252,2.1292156043045454,1.4075066956974602,0.5251000083767176,-14.267623722873576,75.73237627712642,75.73237627712642
461,1.432512614476725,0.8373229483989988,3.506930420858465,4.188265026730585,0.3248338809609833,-78.47469782261184,11.525302177388141,11.525302177388156
462,1.1557168501373432,0.6813790343012118,2.0182271689152174,2.961974271757583,0.6742312777083281,-85.40990669794496,4.590093302055038,4.590093302055038
463,3.536500428418061,2.44414008897632,5.652320290021639,2.312600785656686,0.4833039861157454,-79.19528701956061,10.804712980439376,10.80471298043939
464,4.169909328395152,3.2897533833155768,6.511530352873058,1.9793369271682049,0.4967975668156256,-72.69348907930116,17.306510920698827,17.30651092069884
465,3.013740827659439,3.018675885232545,5.182982270152104,1.7169720987627095,0.2542607795791466,-40.90282270500632,49.097177294993685,49.09717729499368
466,3.278134270305808,2.690530976468347,6.192460922799645,2.301575777034172,0.2129632686629474,26.38699743854018,-63.61300256145982,63.61300256145982
467,1.800572999362347,1.4005786852165178,2.657570291151444,1.8974801767318092,0.481086706156302,41.45504667866795,-48.54495332133205,48.54495332133205
468,1.021890421280174,0.709026666104164,1.565340697623686,2.20773177153498,0.8076899112957102,-86.58817093427031,3.4118290657297052,3.411829065729691
469,1.4577200491801383,1.1664924938070786,2.248074044294041,1.9272083242962048,0.4965372025039737,64.22352527191372,-25.776474728086285,25.776474728086285
470,3.5672680490315747,3.021537965519745,5.183643799386864,1.715564675519544,0.417640501514018,87.90487362725347,-2.0951263727465346,2.0951263727465346
471,0.771352946256698,0.5859911649814724,1.1318728985844924,1.9315528394020745,0.7797070932580501,-58.47180694541483,31.52819305458516,31.528193054585167
472,4.273453874888383,2.631813669573702,8.170420444943028,3.104482866473774,0.4237352059131711,-81.76158193351847,8.238418066481529,8.238418066481529
473,0.7791841414090482,0.8099741272939184,1.1157609710976957,1.377526680790898,0.5929952276050755,4.652568276428491,-85.3474317235715,85.3474317235715
474,1.3177199508995825,0.9565261261239294,1.996860404437688,2.087617211805222,0.7137911173785072,-15.41496436122298,74.58503563877701,74.58503563877701
475,0.9855986414141252,0.9251880641190552,1.1159289420834,1.2061644387359929,0.9708558760156016,-27.60948322085411,62.390516779145884,62.39051677914589
476,1.1183396299962336,1.0237624944192518,1.7505366662496038,1.7099050568780878,0.5396105899920683,-65.51006810166395,24.489931898336067,24.489931898336053
477,6.392159997593288,4.446771056806281,12.646187722729543,2.843903488886197,0.1983378397781561,-85.19174281846473,4.808257181535282,4.808257181535268
478,0.9855986414141252,0.9402131437082262,1.0779850923116303,1.1465326766865096,1.0275948058666389,-43.2277686506032,46.772231349396804,46.7722313493968
479,2.0820406800143845,1.9811342365005875,3.3780442066772505,1.705106168193893,0.3611881735594118,-58.09292550259848,31.90707449740151,31.907074497401517
480,1.0796692170979234,0.734961819285387,1.6842847319177734,2.2916628969317423,0.7236396205256244,68.03729945247014,-21.962700547529863,21.962700547529863
481,0.8884066096615684,0.4735092374490535,2.097019938406219,4.4286779909586125,0.4180229061369391,-58.64087440574809,31.359125594251907,31.359125594251907
482,2.0965701003918507,1.3974527361862965,4.733632816810591,3.387329456113744,0.3586955197689482,-41.89368916418864,48.10631083581137,48.10631083581136
483,1.2369164782162358,0.9881903775522418,1.780866332821751,1.8021490324900515,0.7298563389284106,56.72657005737887,-33.27342994262113,33.27342994262113
484,7.364835974330629,7.643864823384459,13.132439791451912,1.718036633938967,0.1534574191795614,-72.01802849413984,17.981971505860145,17.98197150586016
485,2.572487977782321,1.5243860979375623,4.506303474564217,2.956143119293123,0.5814531980588438,74.86557704996355,-15.134422950036452,15.134422950036452
486,1.3585539723246187,1.1131910734908117,1.7359466095339398,1.559432743284811,0.8225069936268966,78.46183617397496,-11.538163826025041,11.538163826025041
487,2.721573203117076,1.7291340454814137,4.831884100186392,2.7943953291609223,0.4481024695667711,-74.81594241719684,15.184057582803177,15.184057582803163
488,1.0278144733504384,0.9100564368150412,1.2188450622867193,1.3393071165480213,0.9891230340666772,4.218119424912325,-85.78188057508767,85.78188057508767
489,0.8022191731670073,0.7240842536356265,0.9893306339399645,1.3663197742148598,0.9764255960718204,13.352966056415973,-76.64703394358403,76.64703394358403
490,1.4451712930335778,1.1804329361121702,1.828983972848542,1.549417943955728,0.9237410051726528,2.604383825140084,-87.39561617485991,87.39561617485991
491,0.973200680696656,0.8997355606120342,1.1123716754548505,1.23633178919612,0.9668483236692408,43.64259567978495,-46.35740432021505,46.35740432021505
492,0.8246109854774907,0.8422900344229795,0.9464253036567146,1.1236335050610853,0.8694885763691372,-79.8191983623069,10.180801637693094,10.180801637693094
493,1.9086035621207809,1.3876548522605223,2.769105199566626,1.9955287837286688,0.724059375502862,84.19755608994797,-5.802443910052034,5.802443910052034
494,1.7665326322454526,1.879415042500979,3.284189132428181,1.7474528287577384,0.2723998577422597,33.30482504489611,-56.69517495510389,56.69517495510389
495,2.839482146491885,1.9974292248248215,5.288634474613658,2.647720584481525,0.4901811638281421,19.295976255543792,-70.70402374445621,70.70402374445621
496,1.502835947650602,1.129228461048051,2.1955685219509293,1.944308523638516,0.6677179794852732,-7.2053896105947794,82.79461038940522,82.79461038940522
497,0.9219431092603804,0.8144181681870845,1.153098035859938,1.4158550004192116,0.8529943321391452,47.7500576667994,-42.2499423332006,42.2499423332006
498,5.693911771385924,4.144963038447318,11.879949623671848,2.866117143500999,0.2196481556429003,69.9392610585102,-20.060738941489802,20.060738941489802
499,2.414213762644935,1.417683615509061,4.248823743150711,2.997018302722674,0.5785942267103629,-86.929472435801,3.070527564198983,3.070527564198997
500,0.8392070033186643,0.4642072716838647,1.6663834877209949,3.5897401642941915,0.5534620612329328,-81.00087442316543,8.999125576834558,8.999125576834572
501,2.2093683547194614,1.6876786986401449,3.26563523738765,1.934986345457196,0.543636841397006,87.74976624948049,-2.250233750519513,2.250233750519513
502,0.8172152218636723,0.803460609144125,0.8932047896299234,1.111697050812979,1.0652375360939157,-56.320152912315294,33.67984708768472,33.679847087684706
503,2.877711749582743,1.9755924092394,4.945118606614542,2.5031067053544738,0.4254833333499427,-61.6688029104287,28.331197089571305,28.331197089571297
504,1.139848131163964,0.6957781725586989,2.2270608758560795,3.2008202667038894,0.5977308974974392,79.65731814185067,-10.342681858149334,10.342681858149334
505,0.8884066096615684,0.7811053889809499,1.099126001973304,1.407141747424444,0.9098140350619665,-89.07240136077503,0.927598639224982,0.9275986392249678
506,2.4541208259039915,1.4544106641149357,4.627187429756571,3.181486181258435,0.4609952325097098,-83.12679811633075,6.873201883669253,6.873201883669253
507,3.536500428418061,2.786418361208034,4.876155567095719,1.749972522066533,0.5181989860125814,-39.3666012965276,50.63339870347241,50.6333987034724
508,4.909478452042255,3.018512874913629,12.091323148615658,4.00572190667288,0.2426731152284259,77.4715673680446,-12.528432631955397,12.528432631955397
509,3.562158567226919,2.9646856870863227,8.738104562002876,2.947396616128517,0.1395459929804938,-89.6138936804771,0.3861063195228951,0.3861063195228951
510,1.2071068813224677,1.068294303107185,1.487116840685501,1.3920478994974987,0.8103847004177053,84.26409877941039,-5.735901220589611,5.735901220589611
511,1.8504598087771928,1.2896704867881927,2.9357856827466047,2.276384326711168,0.6366827785687035,63.206293274317126,-26.793706725682874,26.793706725682874
512,0.8319410050566239,0.6962329925772113,1.0641053709865524,1.5283753891748308,0.9129090084276676,-61.59955558090318,28.40044441909683,28.40044441909682
513,3.5672680490315747,2.528801277595609,6.518448933202523,2.5776833438649165,0.3713810736270355,-45.938730625590914,44.06126937440908,44.061269374409086
514,0.9543017810603904,0.9753997203835892,1.4786615214525016,1.51595442417289,0.4512526041004125,-20.400701725669038,69.59929827433096,69.59929827433096
515,1.9834790046600808,1.4792202535118744,2.7883692468397228,1.8850264118678384,0.7681892999138615,-74.74588302592765,15.25411697407236,15.254116974072346
516,1.4660262135550917,1.1091870263511114,2.0097379969807925,1.8119018247014849,0.8012042019189822,-87.81120110788204,2.1887988921179726,2.1887988921179584
517,1.1291450947814663,0.9659263367670824,1.4669349867095904,1.5186820473488325,0.8228567909704688,-58.175165241687154,31.824834758312846,31.824834758312846
518,5.880646790760548,4.242143361731714,13.10447664515978,3.0891168750624947,0.1993473061087757,-64.4717334746866,25.5282665253134,25.5282665253134
519,6.8568204443996255,4.826707609830424,13.512177042587318,2.799460446923993,0.2394601642758921,-82.3441511850137,7.655848814986314,7.6558488149862995
520,1.522901401330112,1.3886706193828686,1.7694984619999783,1.2742391444749883,0.8445826576634944,67.66372137811547,-22.33627862188453,22.33627862188453
521,0.9153341128725788,0.6600596256892081,1.3669218550758455,2.070906630061731,0.8469161842538224,-75.73374060140993,14.26625939859008,14.266259398590066
522,1.021890421280174,0.6945901602964987,1.7649565285815114,2.5410042201405605,0.6438376764217594,72.28969965845816,-17.71030034154184,17.71030034154184
523,2.579558503195455,2.274259495731968,5.812494468955501,2.5557745190747267,0.1796022677407772,-66.89914091621266,23.100859083787327,23.10085908378734
524,2.5748469768821303,1.4428412357765876,5.731659031256092,3.9724807478011344,0.3294835444691341,-78.9004439106326,11.099556089367411,11.099556089367397
525,2.45659349235077,2.2784104906031115,3.0871790882145147,1.354970537989981,0.6078173120691724,24.119099423274573,-65.88090057672542,65.88090057672542
526,1.8667925156594296,1.1817946405015662,3.668072822267877,3.1038157532268955,0.4568020227579771,-69.21321435303595,20.786785646964063,20.78678564696405
527,2.31930020185808,2.0983024529427,3.849319738891986,1.834492321873629,0.287870159180404,-58.100911189112566,31.899088810887434,31.899088810887434
528,1.6999790965841823,1.0117313276529436,2.999268334833733,2.9644909205209253,0.6128504726729164,-56.51905366340274,33.48094633659727,33.48094633659726
529,1.1816912584570125,0.9534638841704384,1.5084344715669478,1.582057272026996,0.922058850342186,-76.23556807904711,13.764431920952887,13.764431920952887
530,5.782785330304284,4.904213884050993,9.20817804480061,1.8776053130036907,0.3603969437479991,66.0322543800731,-23.9677456199269,23.9677456199269
531,1.2897792515977275,1.0455874147349091,1.8753670893635457,1.7936014367952322,0.6870147981438582,-63.99239030686138,26.00760969313862,26.00760969313862
532,6.936051965919712,6.906486140697677,10.469730209161463,1.5159272017454355,0.1761101877968169,25.371452985679024,-64.62854701432097,64.62854701432097
533,3.9300552722731736,2.888783207003993,6.3082451756528615,2.1837032146816067,0.5371849191253867,64.02167987128507,-25.978320128714927,25.978320128714927
534,6.001235588074297,4.840408881171785,9.925946407399548,2.0506421360413327,0.277119328399218,37.978363819939865,-52.021636180060135,52.021636180060135
535,1.461879030667795,1.117288383807041,2.502505740577272,2.2398028806584827,0.4813863523565902,40.37148098888491,-49.62851901111509,49.62851901111509
536,1.3851080271465486,0.9655282436325068,2.507369376030585,2.596888690275252,0.5060473862373711,-70.73152420853549,19.26847579146451,19.26847579146451
537,1.9181228409342128,1.7060742477338613,3.175842797194873,1.8614915508004837,0.3248511098798087,-28.56064837033509,61.43935162966491,61.43935162966491
538,0.9219431092603804,0.8356268982392239,1.114442159763261,1.3336599888198162,0.8382600102116217,-43.213675094194,46.786324905806,46.786324905806
539,3.7659671210165375,2.1329374289162857,6.834321340036374,3.204182761005227,0.5563485441467279,-74.44862991911927,15.55137008088073,15.55137008088073
540,1.4577200491801383,0.8115937725519818,3.437901155340666,4.2359875982420405,0.369687728491423,-75.87511308318398,14.124886916816024,14.124886916816024
541,1.6082179472047609,1.4605541738928547,1.9188090991795803,1.313754144473345,0.8078819348606424,-19.99962182198431,70.0003781780157,70.0003781780157
542,2.0258787676635257,1.8656669321262491,2.378592346169293,1.2749287159517142,0.6789183108161813,-18.04282373173235,71.95717626826765,71.95717626826765
543,2.9874371149002164,2.202235741150816,4.536124166401162,2.0597813765526904,0.5925812945751779,-37.44747191407526,52.552528085924735,52.55252808592474
544,0.8172152218636723,0.4947236933353894,1.6387646815920882,3.3124847337382644,0.5296401334349964,-71.163867685097,18.83613231490301,18.836132314902997
545,0.9019708538191776,0.7399859902427216,1.2375860025189358,1.6724451798242792,0.7834066960746875,25.963738900379816,-64.03626109962019,64.03626109962019
546,1.0796692170979234,0.5894796170550659,2.306994471175032,3.913611945906393,0.5077369464567533,77.4096282305599,-12.590371769440097,12.590371769440097
547,8.104264251543295,10.199228817064393,12.268923023731093,1.202926539230484,0.1373858089329024,-69.4102362196212,20.589763780378803,20.589763780378803
548,2.8072264750780542,1.576933227018117,5.57385200458753,3.5346151055028114,0.3925850296985207,88.31650129889233,-1.6834987011076663,1.6834987011076663
549,0.8884066096615684,0.6932007282222891,1.7117687324139104,2.4693694953318004,0.4499258258365862,-3.688972605691209,86.3110273943088,86.3110273943088
550,1.518909516610108,1.4197397998413834,2.091961616629168,1.473482406327474,0.553861777150201,87.97369587402846,-2.026304125971535,2.026304125971535
551,4.46656732353823,2.505581678173463,8.480777382103218,3.3847539100324187,0.430478301509103,64.45257296359999,-25.54742703640001,25.54742703640001
552,1.7106596985948357,0.93519762697507,3.341481264119729,3.573021538696446,0.4351037541562,85.04741528527478,-4.952584714725219,4.952584714725219
553,0.9414917802541344,0.886915284897986,1.265291006273121,1.4266199126545174,0.592950691568819,74.88367260043108,-15.116327399568917,15.116327399568917
554,6.529358542721026,3.95232739369096,12.661774967148096,3.203625030497194,0.3183319904638347,-89.49872154934572,0.5012784506542971,0.5012784506542829
555,1.085277926096956,0.8455816359359167,1.513718592146122,1.7901507409993478,0.7220942299075593,-0.1485432823098862,89.85145671769011,89.85145671769011
556,1.992640619253945,1.38050683314586,3.265733328233126,2.3656046097151617,0.5830639839428303,-60.10004253430591,29.899957465694087,29.899957465694087
557,1.5583682828180965,1.1892344975919558,2.180871998460593,1.8338452196573287,0.6355239429375225,77.56322510816207,-12.436774891837928,12.436774891837928
558,2.3245297467203696,2.1288582599217345,3.3879869810513616,1.59145728244769,0.3941872705205119,58.70112121910099,-31.29887878089901,31.29887878089901
559,2.8713754958404816,1.9220952377774831,5.387666958748223,2.803017692805887,0.3738722054625934,-68.69134249297127,21.308657507028727,21.308657507028727
560,2.274363632188791,1.750722077977474,3.6866979804919775,2.1058156670709525,0.4808750196390976,52.47666793965595,-37.52333206034405,37.52333206034405
561,1.522901401330112,1.2294963476841452,2.6525800280125105,2.157452547954988,0.4262092355044837,33.48200908383853,-56.51799091616147,56.51799091616147
562,1.1661760393441107,0.7417003750820651,2.17632042189716,2.934231254307188,0.5970048492047836,-86.50777492261773,3.4922250773822725,3.4922250773822725
563,1.847175937850875,1.7159320123093444,2.394076136353383,1.395204541426659,0.5088315671841858,-59.65252831810993,30.347471681890056,30.34747168189007
564,2.524845188391802,2.5362534857301644,3.612955153636236,1.4245244704300914,0.3268113697470494,79.79312138440945,-10.206878615590554,10.206878615590554
565,5.777533503473614,4.111382973105614,9.678184360989016,2.35399728614394,0.2994991064726847,85.89538476237108,-4.10461523762892,4.10461523762892
566,0.8815462242933692,0.6128646021646337,1.341304320172111,2.188581809806984,0.7754792865312954,-38.244085036622685,51.75591496337731,51.755914963377315
567,1.0796692170979234,0.987438339940046,1.2813499846422365,1.2976506307422049,0.8721785170735439,15.63375505120579,-74.3662449487942,74.3662449487942
568,1.820691757871036,1.2306859771123408,2.819308659693142,2.29084324687628,0.6407061887185733,86.24648220459319,-3.7535177954068075,3.7535177954068075
569,8.962988742482857,4.334237175045822,24.269286290572992,5.599436604508477,0.1282939116637929,-84.85426221720842,5.145737782791571,5.145737782791585
570,3.34958565745192,2.062938672890108,5.667468142008179,2.747279023117176,0.5227565261998264,-63.00477392270297,26.995226077297048,26.995226077297033
571,1.4783979621211876,1.0500942229553665,2.198296962867881,2.093428298920676,0.7196638730709025,-85.03684161547346,4.963158384526537,4.963158384526537
572,2.274363632188791,1.465191393320943,4.003229161518536,2.732222684194848,0.5012437018432357,73.136213764889,-16.863786235110993,16.863786235110993
573,0.8815462242933692,0.6667480488278474,1.2810302085992482,1.921310772264452,0.8155962484966844,27.358283297375937,-62.641716702624066,62.641716702624066
574,2.396545468392566,1.5037329195456657,4.387400484189963,2.9176726978322467,0.333734654527535,75.06350195488744,-14.936498045112558,14.936498045112558
575,4.384252518301317,2.8863518163354964,9.065263436824171,3.1407340524182543,0.2387060373484625,-23.091127092361063,66.90887290763894,66.90887290763894
576,1.3938469657443524,1.2663567895243195,1.6854144124808548,1.3309159207129495,0.732039766515164,88.13454106732581,-1.865458932674187,1.865458932674187
577,1.4906670352488116,1.2081424159373224,1.9348398528231088,1.6014998126872213,0.8333224510367546,79.1181005330526,-10.881899466947402,10.881899466947402
578,1.2660243778180809,0.6880534938122836,2.4900132155388164,3.618923874279676,0.5559257573083702,-89.31862852192934,0.6813714780706732,0.681371478070659
579,3.5227396741748302,2.8902447240772298,6.125038491716203,2.1192110275962004,0.3380000480747273,-82.13837766795055,7.86162233204945,7.86162233204945
580,3.802865656664765,2.812216387443258,5.366614862300786,1.9083221640635808,0.6002087998027915,73.72994060872776,-16.27005939127224,16.27005939127224
581,6.68919488149817,4.358578644363828,10.613051228583185,2.4349798625997376,0.4218900091972362,-85.88776494130896,4.112235058691056,4.1122350586910414
582,1.340559085464394,0.9869051831765584,1.896476640767029,1.9216401667512035,0.8652612490508726,-87.73857406987005,2.2614259301299455,2.2614259301299455
583,3.587633208110207,2.007843365183322,7.163861043781049,3.56793820076048,0.3548287962586069,-61.84022231790827,28.159777682091715,28.15977768209173
584,1.062665489594652,0.6116396028069232,2.0445800747809124,3.342785629638712,0.5046257133328649,-57.230241500203256,32.76975849979675,32.769758499796744
585,1.7665326322454526,0.9511505554266512,3.623629584076561,3.80973292125255,0.4457799955656931,-74.43953486698337,15.560465133016635,15.560465133016635
586,1.021890421280174,0.8113438690810283,1.4800835624676272,1.8242370699664607,0.7402862877097107,-73.95609691014559,16.04390308985441,16.04390308985441
587,1.749264059016166,1.565989565578321,2.029432443138601,1.2959425067363908,0.8152668188488202,6.654568598562757,-83.34543140143724,83.34543140143724
588,1.1557168501373432,1.102058627094482,1.3185141760515042,1.1964101941905718,0.981398568917854,5.781401090467108,-84.21859890953289,84.21859890953289
589,2.2770315083343613,1.581068893594357,3.4494206751056606,2.18170168869988,0.6429861513075605,-89.4512848615966,0.548715138403395,0.548715138403395
590,3.103070883802434,2.1761799177236463,5.5122995366410565,2.53301645316491,0.2939871142945445,-83.26497698682279,6.735023013177226,6.735023013177212
591,0.9350209696908578,0.8649612808727555,1.1230099514073697,1.298335516561204,0.791970417907164,21.48625641400799,-68.51374358599202,68.51374358599202
592,1.1557168501373432,1.106415402724996,1.242633568262372,1.1231166569101296,0.9909867525695076,87.24547380969832,-2.754526190301675,2.754526190301675
593,6.235420787352181,3.73657542569382,16.900010492324398,4.522860792830469,0.126950061482757,-66.73716381100901,23.262836188991002,23.26283618899099
594,6.389309959554194,5.702915487707847,9.211291287298057,1.6151898633518622,0.282063888570487,87.35584080734345,-2.644159192656545,2.644159192656545
595,3.911473346557351,2.453460841111311,7.889542233222819,3.215678889600374,0.2742673322881027,-78.52865554805985,11.471344451940155,11.471344451940155
596,1.432512614476725,0.7963038807518218,2.8989915080366577,3.64055931172859,0.4108079011427749,85.50603920409726,-4.493960795902737,4.493960795902737
597,4.239220048099806,1.8110488173231267,14.844491410769823,8.196626876525148,0.2002606177840043,-83.38571797068029,6.614282029319725,6.61428202931971
598,1.4451712930335778,0.8799517969469098,2.6625096011017866,3.0257448309551256,0.5198299675330762,89.16053886625969,-0.8394611337403148,0.8394611337403148
599,6.257775262935418,5.424690412423708,9.540398053384934,1.7586990829071776,0.2738019322450296,64.40650130464162,-25.593498695358377,25.593498695358377
600,2.279696262327928,2.5476572678642806,3.249863649685965,1.2756282764872644,0.3475967559686078,78.70933649419953,-11.290663505800467,11.290663505800467
601,1.7836340245157871,2.2763313459412355,3.343131877886881,1.4686490540350294,0.1908435350966653,4.188881911296409,-85.8111180887036,85.8111180887036
602,5.716259702755028,4.664196761030911,7.487954140497148,1.6054112903337536,0.4615931562796566,53.64464354320534,-36.35535645679466,36.35535645679466
603,7.182877638555508,7.217077888446561,15.095095659985509,2.0915799847678587,0.0951688215551282,-55.95453144498097,34.04546855501903,34.04546855501903
604,1.2270604129519955,0.7302619259162467,2.610053300038159,3.574133071176306,0.4070852400703524,-69.19696938439519,20.803030615604825,20.80303061560481
605,1.3177199508995825,1.0461847751471225,1.7426062228870092,1.665677291702081,0.7204380616405804,-59.6845606646797,30.315439335320292,30.3154393353203
606,1.4451712930335778,0.6784156825876496,3.7959831184265664,5.595364635362973,0.3136959233032079,88.5267583418247,-1.4732416581752972,1.4732416581752972
607,1.8537378623808147,1.47567131891987,2.4574942158669963,1.6653398249047626,0.7507865429647594,-28.514092392183183,61.48590760781681,61.48590760781681
608,2.9444501670888434,1.9675281921440604,7.0375968857662965,3.576872196223662,0.2636103234960119,81.87292497335366,-8.127075026646338,8.127075026646338
609,1.3450803768346336,1.1341567864532558,1.7597783427583498,1.5516182275481882,0.7704377095869955,-52.4927072936354,37.50729270636461,37.5072927063646
610,1.2020667470700563,0.9694032251907244,1.5880850471277193,1.63820895769691,0.8282138328079534,75.82269351711055,-14.177306482889449,14.177306482889449
611,1.1661760393441107,0.9277048767106092,1.7289230625389946,1.8636563264270944,0.5488767032683604,-68.31556417579431,21.684435824205707,21.684435824205693
612,1.876523906614425,1.2883515896572473,2.9822799236829614,2.3148028439009933,0.5622224827351888,-70.5445127670877,19.455487232912304,19.455487232912304
613,1.2418151765086958,1.220701467151691,1.98619392128783,1.6270922700881911,0.4513567612275669,17.969205704472426,-72.03079429552757,72.03079429552757
614,0.8319410050566239,0.4942609398978151,1.5356664019547706,3.1069952690824776,0.6445130118554097,-60.32732131137534,29.67267868862467,29.672678688624657
615,2.426755217232787,1.6238511236703106,5.97805928617061,3.681408473369589,0.2718202112819093,-71.6800835481413,18.319916451858717,18.319916451858703
616,1.0569367929308613,0.6933191850460366,1.9054591462086568,2.748314466564392,0.5713990037246284,88.68136542288092,-1.3186345771190844,1.3186345771190844
617,6.984898005791412,3.733641431803479,17.89521613415949,4.792965918399796,0.1834475424959069,89.2076028027706,-0.7923971972294055,0.7923971972294055
618,1.652899170550067,0.9218774828742864,3.1536557401870766,3.420905487738364,0.597922444860081,82.93122923361939,-7.068770766380609,7.068770766380609
619,3.3441435975499334,1.8042917413630697,8.911647166212,4.939138700196903,0.2234489964779874,-72.6604107768118,17.3395892231882,17.3395892231882
620,2.1480624384075764,1.1405681023004302,4.546800293357296,3.986434728611804,0.4465568790356242,88.99117077411971,-1.008829225880291,1.008829225880291
621,1.2319983017676563,0.9483235167250106,1.6998565410735331,1.7924859091799237,0.814839607492408,-71.41638215270041,18.583617847299593,18.583617847299593
622,2.327140112221938,1.7200284219160151,3.498257400112347,2.0338369735864505,0.6572308662231209,80.72036707173908,-9.279632928260924,9.279632928260924
623,2.2770315083343613,1.6253417119488536,3.73187750399145,2.296057177734503,0.4493124143000278,84.24414893215602,-5.755851067843977,5.755851067843977
624,2.0288734164048656,1.2107172520217688,3.9498550833189072,3.2624091849051213,0.4534495564896325,83.39974911997406,-6.600250880025939,6.600250880025939
625,2.584261439649037,1.380501411553913,5.1260613040450185,3.713188020775037,0.4895706661577106,-89.63507609637553,0.36492390362445803,0.36492390362447225
626,1.039561305877423,0.786271835033453,1.5098284704315057,1.920237255309124,0.7472179777766673,-68.57508367136369,21.4249163286363,21.424916328636314
627,1.2319983017676563,1.1549561780265152,1.5855067835529912,1.3727852309185982,0.5445957678102263,-56.370522499976495,33.62947750002351,33.629477500023505
628,3.159301047243198,2.8774752905780225,3.706128251630706,1.287979175274247,0.7453099261115561,-56.02686755988002,33.97313244011997,33.97313244011998
629,1.892631703400796,1.1281928129829788,3.386538976027221,3.001737767742999,0.4875272666489505,-77.77979703895372,12.220202961046283,12.220202961046283
630,0.9606427264386592,0.7737728163134887,1.65730381585883,2.141848073385128,0.4786850753031192,-87.57580999989072,2.424190000109263,2.4241900001092773
631,3.316799364322057,2.336824600831465,6.545552747879717,2.801045806155389,0.2840031438549504,-70.18196185283114,19.818038147168863,19.818038147168863
632,1.191922542518033,0.985725040492986,1.542411094260172,1.564747805827042,0.8258369847931264,64.26215143598111,-25.73784856401889,25.73784856401889
633,1.0159318257539256,0.9306627935092382,1.263535785998375,1.3576730420628258,0.8268453912550267,-86.13808538363243,3.861914616367585,3.861914616367571
634,2.145234178539265,1.215796478896653,4.242383567523458,3.48938629216418,0.4421860143332015,58.745056833262,-31.254943166738002,31.254943166738002
635,0.979419278671245,0.7819622441802407,1.320173123412626,1.6882824372123122,0.8379444393996631,26.66633254917396,-63.33366745082604,63.33366745082604
636,0.9019708538191776,0.6556393484527976,1.6512196679499151,2.5184877506917878,0.5298665418787388,81.99014436784985,-8.009855632150149,8.009855632150149
637,2.877711749582743,2.4926018094247087,4.037265214829468,1.6196992233433654,0.3642694873564791,-33.58979407134524,56.41020592865476,56.41020592865476
638,1.7699661294252256,1.720067660621695,1.9305705707527243,1.122380598711417,0.7419715110799499,27.808632372728663,-62.19136762727133,62.19136762727133
639,3.991370289023665,2.7114135699936104,8.311983786973576,3.065553657678701,0.1762732329232936,-67.51399746786548,22.486002532134535,22.48600253213452
640,2.2093683547194614,1.5731427879140694,4.232893235307114,2.690724114700216,0.4090765200920008,48.16023479532372,-41.83976520467628,41.83976520467628
641,2.6652198289847053,1.4356421885648296,5.904082557452537,4.112502825898896,0.3940806889968161,86.9449251085,-3.0550748914999986,3.0550748914999986
642,3.2725733939180026,2.9300752064532904,6.149089169030026,2.0986113788093483,0.2596952835575216,-85.52944846858468,4.47055153141531,4.470551531415325
643,1.5815710720799827,1.4661628503385238,1.796920432077079,1.2255940270633554,0.8080325876403238,-42.823734857905855,47.17626514209414,47.176265142094145
644,1.139848131163964,1.1292772098026491,1.275814836682546,1.1297623166463313,0.7217561961289087,63.502115889566944,-26.497884110433056,26.497884110433056
645,3.2725733939180026,1.815032314461427,6.751093214260248,3.719544363188649,0.3760837557233889,84.6166197211352,-5.383380278864806,5.383380278864806
646,2.125330979189304,1.965109556623083,2.4393158084139905,1.2413128826292013,0.6912063577177641,58.4879684261168,-31.5120315738832,31.5120315738832
647,1.171370613113025,0.9078455006294864,1.723375112135165,1.89831321622479,0.6538516084599839,-56.57533061733602,33.42466938266398,33.42466938266398
648,2.3245297467203696,1.4336995852322796,4.311015071813388,3.006916592721859,0.386208690070134,45.604955063001,-44.395044936999,44.395044936999
649,1.367462618417021,1.2598019331102568,1.6769299643640605,1.3311060415854252,0.6256269760136834,-59.47485049589628,30.525149504103723,30.525149504103723
650,1.0039085404212729,0.9294948587878946,1.1462611062757366,1.2332086567649394,0.9661223762556844,35.398103028248954,-54.601896971751046,54.601896971751046
651,2.105239620905539,1.7386419892048002,2.859724216096244,1.6448033774935984,0.7263035422537492,32.205769463951874,-57.794230536048126,57.794230536048126
652,1.3630155737347494,0.9924343811147875,2.420570466522065,2.439023186402584,0.427716051950449,-55.66673126051154,34.33326873948846,34.33326873948846
653,1.1074287385521373,1.0535321606921748,1.2396267040860858,1.1766386925213996,0.9131304672551628,78.26753329641176,-11.732466703588244,11.732466703588244
654,1.3314704444981866,0.8252928760100907,2.5190514771689063,3.05231215534945,0.5244240394391022,-78.31168232133614,11.68831767866385,11.688317678663864
655,2.037830958486928,1.472777837073778,3.838077546103545,2.6060125631231097,0.3402302304582683,-78.91994707491618,11.080052925083805,11.08005292508382
656,1.989591435188712,1.5006475520838158,2.9545863474392706,1.9688742658704232,0.5632649282409777,58.5036910363701,-31.4963089636299,31.4963089636299
657,2.5606603842001854,1.6911006820995913,4.812219250138638,2.8456136888100665,0.4173248651730185,82.43497536144993,-7.565024638550071,7.565024638550071
658,0.9414917802541344,0.782268385010536,1.2713004881671528,1.6251461934640632,0.769110344872547,-35.47462894151489,54.52537105848512,54.52537105848511
659,1.2850634067342854,0.754490325568254,3.4024513213470824,4.509602318339182,0.3126429341971195,85.49855637449059,-4.50144362550941,4.50144362550941
660,3.364054777319084,3.2905280016746965,5.231871860863816,1.589979437403688,0.2309448537281982,78.12866088844737,-11.87133911155263,11.87133911155263
661,4.467926388630853,2.6923997166500158,8.31363135860644,3.087814675954049,0.3463175802465309,78.35933329224359,-11.64066670775641,11.64066670775641
662,2.329747552941477,1.1571838492669937,5.28367272043797,4.565975167891307,0.3780096183880719,-89.46421865524466,0.5357813447553212,0.5357813447553355
663,1.2755794143363215,1.1888949861146434,1.7468804232757953,1.4693311383074048,0.5489469068312595,53.008952503813,-36.991047496187,36.991047496187
664,1.7071069228001237,1.2585061464776155,2.6272280487247675,2.0875766527466038,0.6206451991846678,72.06503771923313,-17.934962280766868,17.934962280766868
665,1.021890421280174,0.9457175997275622,1.1743599959565487,1.241766037022947,0.836572984093321,-62.33439014822203,27.66560985177796,27.665609851777972
666,0.9350209696908578,0.6485219782907071,2.1764383887260426,3.355997886860251,0.3419325464846708,-11.728453672171012,78.27154632782899,78.27154632782899
667,4.243514379825374,2.725333427232439,6.81672725947949,2.5012452389731403,0.5998375203503072,69.42437701827117,-20.575622981728827,20.575622981728827
668,1.546636359756236,1.1425875587075949,2.43360311817294,2.1299051434847067,0.6329570259966429,55.30886662705193,-34.69113337294807,34.69113337294807
669,0.8815462242933692,0.7599477909997595,1.2313071663719164,1.6202523133228055,0.6927381277261865,77.4070634772863,-12.5929365227137,12.5929365227137
670,2.656092337008522,2.3216259613533983,3.194156802358335,1.375827482776895,0.7614842546504886,88.22727177996204,-1.772728220037962,1.772728220037962
671,5.136709031439005,4.068127094495436,7.239320541044678,1.7795217240975998,0.4848427557533803,65.86008838888793,-24.13991161111207,24.13991161111207
672,0.9479184199131095,0.7580198136264598,1.282422960923774,1.6918066492068398,0.7785185833879019,55.45335596661669,-34.54664403338331,34.54664403338331
673,1.2660243778180809,0.8432193659685063,2.014728374468637,2.389328869545776,0.6278768286444606,-62.13488920771079,27.865110792289215,27.865110792289208
674,2.2448077395745614,1.805449198891052,2.84484516602968,1.5756993704265112,0.7809678072424269,-53.70629315543589,36.2937068445641,36.29370684456411
675,4.2090370498722764,2.032246116921686,11.977973456586446,5.893958097324305,0.2345443601634872,-79.75098057309684,10.249019426903146,10.24901942690316
676,1.1183396299962336,0.8494100860886015,1.5649489573925857,1.8423950727956704,0.8526816132925027,-40.02745624211752,49.97254375788248,49.97254375788248
677,1.1451621372724683,1.0620813598511822,1.3692099928654955,1.2891761823758472,0.7386662000304549,41.86193943370559,-48.13806056629441,48.13806056629441
678,0.8606370140730026,0.8681126276856665,1.1444959365324332,1.3183726397156406,0.6025010822901007,87.28844392915835,-2.7115560708416524,2.7115560708416524
679,1.2515550525870838,1.0740482718088484,2.0562607627443628,1.9144956672024904,0.4663522632644871,48.43695422586253,-41.56304577413747,41.56304577413747
680,1.1237553499514827,0.7684867203922944,2.220064547658855,2.888878218384261,0.4356223426797926,-55.167848901019816,34.83215109898018,34.832151098980184
681,2.6991730427448086,1.748579041405621,5.848124501887861,3.344501085399468,0.3123675541057958,-72.81803300490714,17.181966995092864,17.181966995092864
682,3.679531594480584,3.690950744152187,4.024587247580262,1.0903931064256758,0.5477624674495616,-80.84853036372225,9.151469636277739,9.151469636277753
683,1.4865885952249918,1.495447655905208,1.610074081911286,1.076650242857677,0.7978262021551816,-70.45564209033621,19.544357909663802,19.544357909663788
684,3.736835867834869,2.591657668441336,6.835130087992784,2.6373583869599333,0.3780833251855016,88.86620093984733,-1.1337990601526684,1.1337990601526684
685,0.9153341128725788,0.5774382494901599,1.768840706966298,3.0632551766843785,0.5678276350850846,-30.2496978716126,59.7503021283874,59.7503021283874
686,1.6784140066373283,1.2265625766177144,2.866335659059677,2.336884977335351,0.3553075607377771,-76.36152419846269,13.63847580153731,13.63847580153731
687,1.2121260584033826,0.9856933860701372,1.559250790417002,1.5818821678753283,0.8645294731191441,46.045861399940925,-43.954138600059075,43.954138600059075
688,3.2670030521881355,2.6356324148143906,4.945459615386112,1.8763844258359472,0.2700012968461307,-83.16278085944778,6.837219140552236,6.837219140552222
689,1.062665489594652,0.9954984977750466,1.3961871344568884,1.402500493549098,0.5229797325491415,-54.49065898258328,35.509341017416716,35.50934101741672
690,2.363382516914025,1.983738276815893,3.991169034218721,2.0119433500194206,0.3352780852844389,39.85420659256376,-50.14579340743624,50.14579340743624
691,1.021890421280174,0.8941681284769998,1.246237368560895,1.3937394197705977,0.9026219940028326,17.956022516332613,-72.04397748366739,72.04397748366739
692,1.9181228409342128,1.6629637760666438,3.45471452007047,2.077444241294178,0.37146891853226,55.75958422500319,-34.24041577499681,34.24041577499681
693,1.2515550525870838,1.1509440344330388,1.444447859982557,1.255011379153722,0.8296146906410022,-75.92099646067206,14.079003539327942,14.079003539327942
694,2.2421015207009214,1.4805961552604356,4.0167589381334095,2.712933519286942,0.5105527037016855,83.92733861964977,-6.072661380350226,6.072661380350226
695,2.190048085582714,1.3701514336810643,4.109523822610946,2.999320893727968,0.4062336518044747,-58.38225343442891,31.617746565571082,31.61774656557109
696,8.54548693557864,5.291801278684894,21.71688105219943,4.103873125333319,0.1577658492216084,77.31740935942268,-12.682590640577317,12.682590640577317
697,1.2612197138901655,1.230090284826747,1.338507297283817,1.0881374430758473,0.9650726887722192,74.0440419529387,-15.955958047061301,15.955958047061301
698,1.3177199508995825,1.2547019690670351,1.4137570326454418,1.126767206475874,1.0585449532300937,54.06521205951405,-35.93478794048595,35.93478794048595
699,1.6044383463340146,1.1506714489933751,2.4046528901595794,2.089782354696648,0.6371190538039297,-80.65360124145657,9.346398758543444,9.34639875854343
700,3.067651032379989,2.0526116723339496,5.929355975579487,2.888688618260381,0.3764359014720387,-83.16374691019104,6.836253089808963,6.836253089808963
701,2.2121146184952187,1.2605507602745565,4.009114897494925,3.1804470108143152,0.486883745770586,86.84380490599438,-3.156195094005625,3.156195094005625
702,1.550556863789422,0.8971005844414598,2.814566910063637,3.137403942074125,0.5365767496773364,-86.74709655760697,3.252903442393034,3.252903442393034
703,0.9855986414141252,0.66752530043922,1.5479614322950082,2.3189554482451475,0.762681205563575,83.05865156647099,-6.941348433529015,6.941348433529015
704,1.139848131163964,1.0597410650903436,1.5681501099538593,1.4797483664749498,0.6948730417154825,-65.78620241255695,24.213797587443054,24.213797587443054
705,0.9219431092603804,0.705078363613285,2.2237028869877515,3.153837930286268,0.3452945042244755,-48.57713667958046,41.42286332041954,41.42286332041954
706,2.754831950916779,1.8582291601038148,5.629417855439765,3.0294529739944798,0.298096251953127,-49.15318073126404,40.84681926873597,40.84681926873596
707,5.092789511482067,3.411083333120076,9.576048950498404,2.8073336284456327,0.2276863572687587,-60.08203855083451,29.91796144916549,29.91796144916549
708,1.2660243778180809,1.2341978677502006,1.3846897124804152,1.121934941440584,0.8419606167873548,-80.13570676984784,9.864293230152157,9.864293230152157
709,4.839730921621269,4.111163157453396,9.372541457320231,2.2797785196941502,0.1702439933061833,65.96527114958566,-24.03472885041434,24.03472885041434
710,1.8829835605082688,1.8329418876774808,2.1484446920443783,1.1721291910496248,0.7203592741796642,29.61028493647848,-60.38971506352152,60.38971506352152
711,1.6044383463340146,1.2857665425525722,2.254250469159045,1.7532346616235532,0.5992840285673108,77.80555562546311,-12.194444374536886,12.194444374536886
712,1.895836839826219,1.5265957847548104,2.4258609117923253,1.5890656426658138,0.7971137287933199,77.62156496048195,-12.378435039518052,12.378435039518052
713,5.749090737116564,4.518417379883873,9.5015837542547,2.1028565879186,0.3053420100291434,85.16488274101044,-4.8351172589895555,4.8351172589895555
714,2.1281856896488693,1.4466782210266336,3.6113293051208273,2.4962906419908992,0.5137242517501805,86.4999727473264,-3.500027252673604,3.500027252673604
715,3.46189330621974,2.305375597458579,5.309421302971588,2.303061292409201,0.6654499099338527,84.88619918517121,-5.113800814828792,5.113800814828792
716,2.434249075164649,1.6764200126769793,3.730428700026135,2.225235127126183,0.5911054720952811,61.14511424192802,-28.85488575807198,28.85488575807198
717,1.8504598087771928,1.6758631123660308,2.2921794415724723,1.3677605436021016,0.5741028291519642,-75.4128558599169,14.587144140083097,14.587144140083097
718,1.2466946262544771,0.909940490010278,2.005591773369872,2.2040911415506064,0.5557810283688389,-73.8390451331336,16.160954866866405,16.160954866866405
719,1.4865885952249918,1.0705036354795296,2.2615332034142424,2.112588064589985,0.7240137294539037,77.1538783900966,-12.846121609903406,12.846121609903406
720,1.2755794143363215,0.9617770366517832,1.8605110991657885,1.9344515706496292,0.6968290568791489,62.61818271060579,-27.381817289394213,27.381817289394213
721,1.7106596985948357,1.0014710980897816,3.042007069825536,3.037538552663076,0.6121345264433516,-62.50072098246695,27.49927901753304,27.49927901753305
722,1.6602291363104174,1.2150687041438095,2.4887006229073454,2.048197451238769,0.5901042467854356,-88.82326344849197,1.1767365515080428,1.1767365515080286
723,3.007691157803274,3.047383043793158,3.509146920787967,1.1515280062791318,0.3772637736798663,1.26356859795294,-88.73643140204706,88.73643140204706
724,2.809388374878707,2.0690579953151795,4.800311196792191,2.3200467109482643,0.4659233215519005,73.44950050874795,-16.550499491252054,16.550499491252054
725,4.992862170211689,3.290540493302364,10.193732793719018,3.097890092666405,0.2589788382861145,-83.80840281221498,6.191597187785021,6.191597187785021
726,1.7904288454052892,1.4034603116858326,3.062718948419813,2.182262599745969,0.3779922887372271,-2.962319184631582,87.03768081536842,87.03768081536842
727,8.849144587150128,9.510167772082152,14.966985568080888,1.5737877529371935,0.0772577448105612,-38.879012516809695,51.120987483190305,51.120987483190305
728,1.3894843667311525,0.7353888351634522,2.8952148807906632,3.936985091903325,0.4795582952506712,75.18024177931967,-14.819758220680328,14.819758220680328
729,1.1345092346885122,1.0070032183809183,1.4680117436489808,1.457802434841551,0.7603631072186317,58.54022993880273,-31.45977006119727,31.45977006119727
730,0.8746320295080829,0.5360622762418844,1.8718713423716944,3.4918915680741915,0.4144083949922302,-77.16922395566802,12.83077604433197,12.830776044331984
731,2.672044986969093,1.8846770122207568,5.871250653445682,3.1152556195968324,0.2697358756682084,-57.74559258257739,32.25440741742261,32.25440741742261
732,1.171370613113025,0.8887876155677129,1.8503249020615584,2.0818527054741462,0.555949083573702,-76.26021021517803,13.739789784821966,13.739789784821966
733,1.9401528657775409,1.359030784105836,3.3838471659983265,2.489897363307118,0.5106639942524054,80.37916835634876,-9.620831643651243,9.620831643651243
734,0.9219431092603804,0.6849052209359767,1.409719963035848,2.0582701371575984,0.7609841601791093,89.82606873062225,-0.1739312693777464,0.1739312693777464
735,0.9978425722559162,0.9890142346564288,1.1911027734920598,1.2043332964826678,0.7387355791881783,24.03556842117611,-65.96443157882389,65.96443157882389
736,2.159338434195847,1.2958746248906343,4.487399354594413,3.462834496796422,0.2778491845759813,76.85892354891824,-13.141076451081759,13.141076451081759
737,5.001366869207082,5.082502954460745,5.784119868922212,1.1380455497513644,0.4422035671000355,-65.17213929961014,24.827860700389863,24.827860700389863
738,1.2612197138901655,1.177185380105941,1.7783655461219163,1.5106928578758525,0.5384249089684562,-0.0467352765103542,89.95326472348964,89.95326472348964
739,2.678852755931177,1.6012161281073052,5.382102191939295,3.3612590439624994,0.3866582562787593,-79.95396012047456,10.046039879525438,10.046039879525438
740,0.9855986414141252,0.8060007240443877,1.4696041543692318,1.823328578409935,0.5772743585054808,-83.0908096667246,6.909190333275404,6.909190333275404
741,2.6377426020215955,2.4184902563348136,3.5402359682531768,1.4638206455370848,0.548357095217518,-46.07088616494844,43.92911383505157,43.92911383505156
742,1.5583682828180965,1.20861976703516,2.411023241013885,1.994856700820239,0.5520026981970786,71.61614888229055,-18.383851117709455,18.383851117709455
743,1.0453852243082644,0.941361145430886,1.345835374008593,1.429669559383151,0.620815927467198,-34.42373979096698,55.57626020903302,55.57626020903302
744,1.139848131163964,0.6325703291772152,2.187785615295589,3.458565023340952,0.5371099444105359,85.4354980165404,-4.564501983459607,4.564501983459607
745,1.876523906614425,1.686565616371141,4.022573941801974,2.385068154334279,0.3121059512739916,55.99101907018846,-34.00898092981154,34.00898092981154
746,3.159301047243198,1.8990006548861704,5.456099246236836,2.873142372119869,0.5856962594811146,75.9134021389088,-14.086597861091207,14.086597861091207
747,1.270810876469873,0.8381957326075443,2.2181390555124696,2.6463258749982628,0.5076573666819119,-45.18808553747898,44.81191446252103,44.81191446252102
748,0.7791841414090482,0.6029727891815172,1.1153239062115894,1.849708521217921,0.7651537857464712,41.55771031687579,-48.44228968312421,48.44228968312421
749,0.979419278671245,0.8203430617419403,1.4317498300385916,1.7453061978708913,0.7261011072802532,66.19747761889587,-23.802522381104126,23.802522381104126
750,2.8840340825413238,3.231537033405151,4.022120056384485,1.2446461280829813,0.3300028838825422,-87.65277215916738,2.347227840832602,2.347227840832616
751,3.735210803236239,3.365692610679056,4.872760860649699,1.4477735860930507,0.5454028681836359,68.19812560380387,-21.801874396196126,21.801874396196126
752,3.695994905302969,2.1472298297372694,6.866778548363422,3.197970917348716,0.4865158978609267,-73.471472605237,16.52852739476299,16.528527394763003
753,5.946354380899967,5.50708140277291,8.192853486226277,1.487694277063171,0.3384753532904158,-49.4892671922962,40.51073280770379,40.5107328077038
754,1.2418151765086958,1.0051162305138224,1.744350554915557,1.7354714827595936,0.604093615438231,-86.18979569237804,3.810204307621973,3.8102043076219587
755,1.062665489594652,0.7771770628325394,1.751181092810255,2.2532588473826163,0.5272092319694464,-65.17113437285795,24.82886562714205,24.82886562714205
756,1.1183396299962336,0.5982233109497036,2.256431940324581,3.771889023753361,0.5776001243903368,-84.49184493198524,5.508155068014759,5.508155068014759
757,0.9414917802541344,0.9060972834520736,1.1559832203174891,1.2757826796626004,0.6991395849992662,-27.391050510911217,62.608949489088786,62.608949489088786
758,3.629693650853584,2.5370231598443964,5.271724263493844,2.077917279957813,0.6762761690771804,35.21507121639817,-54.78492878360183,54.78492878360183
759,1.0683634687220958,0.721916746589047,1.6952664362843537,2.348285234127403,0.6663641641407029,-86.38384347086746,3.6161565291325246,3.616156529132539
760,1.0740312192037882,0.7521069760397774,1.698052467296875,2.2577273199059764,0.7411172718536392,-80.16563748202557,9.834362517974427,9.834362517974427
761,0.8022191731670073,0.4927197120322366,1.6816031762048071,3.412900144118421,0.5283614992592442,-42.196218661015024,47.803781338984976,47.803781338984976
762,1.3177199508995825,1.06982022851517,1.7651541233295556,1.6499539607504492,0.7489234144284845,42.9369490091763,-47.0630509908237,47.0630509908237
763,0.9917395023300404,0.8984060670730921,1.1789903329997964,1.3123134139563604,0.8909667201455596,68.42317971742911,-21.576820282570893,21.576820282570893
764,0.7869374084054097,0.487392117806571,1.36413699599511,2.7988491117463834,0.7146648126251441,-68.70534549100807,21.294654508991925,21.294654508991925
765,1.9432796250435167,1.2111243384685844,3.5652793522790875,2.943776488537282,0.5492228450647664,81.63411154127289,-8.365888458727113,8.365888458727113
766,2.162148244667752,1.4426972638438125,3.45222534977806,2.3928965807977023,0.6389287032391118,79.7284017641786,-10.2715982358214,10.2715982358214
767,1.9834790046600808,1.86940119930962,3.7211141752285215,1.9905380271515551,0.2679241723487483,-12.793547837286392,77.2064521627136,77.2064521627136
768,1.1183396299962336,1.0720138573438158,1.2476531666024908,1.163840521328582,0.8032069133823306,-14.182707810568733,75.81729218943127,75.81729218943127
769,1.1128975557056655,0.8164577259542515,1.7751091897176914,2.174159338921065,0.5776159025767541,-58.380695802175886,31.619304197824107,31.619304197824114
770,7.2919314162052755,5.1713819348639545,18.846476161963704,3.644379084613,0.1585707143511237,-85.95449114899868,4.04550885100133,4.0455088510013155
771,1.1504515979244476,0.7007164975400788,2.2449654100644403,3.203814121610624,0.557418016847467,-84.1889148944626,5.8110851055374155,5.811085105537401
772,2.9008262715053634,1.461647769574752,6.552626355014948,4.483040641810272,0.4004221272547779,-71.17157097445285,18.828429025547166,18.828429025547152
773,2.830916569973106,1.9178395500573475,4.937700191971631,2.57461589621717,0.3658474006858093,-74.7179873021601,15.282012697839889,15.282012697839903
774,1.0099380753567209,0.7837721416247053,1.5451692218311566,1.9714520838009475,0.637580633845335,-49.08184997912142,40.918150020878585,40.91815002087858
775,0.8952144227026446,0.8723315481221519,1.0247734637525108,1.174752267023378,0.8193886509752668,68.7198367138734,-21.280163286126594,21.280163286126594
776,1.514907113035081,1.3024882989006776,1.86225188552004,1.4297647718538524,0.7581061456094695,-48.31155945474488,41.688440545255105,41.68844054525512
777,1.4282681233264556,1.3940975874373165,1.654901090277901,1.1870769343486232,0.7433251185342834,38.51258950691701,-51.48741049308299,51.48741049308299
778,0.8606370140730026,0.5976426745456115,1.5487671653894486,2.5914601338784555,0.5549425863747062,57.37085093224934,-32.62914906775066,32.62914906775066
779,0.9917395023300404,0.664299517647514,1.7743419013195951,2.6709968232448484,0.6140550937364381,-82.49833388484423,7.5016661151557855,7.501666115155771
780,0.9350209696908578,0.8651649079581628,1.762697011176984,2.0374115905105845,0.3946040299128225,83.01448134818324,-6.985518651816761,6.985518651816761
781,2.8713754958404816,2.3670584932418826,3.876369273711133,1.637631382907705,0.6599527977383696,-50.67296238620053,39.32703761379946,39.32703761379947
782,2.108121538231362,1.4924006923956947,4.021151109003058,2.694417879522727,0.4332833298003536,79.82640346412781,-10.173596535872193,10.173596535872193
783,3.802865656664765,2.7065479613891514,6.225654086131296,2.300219384597915,0.3109481442108161,-86.42884036054225,3.5711596394577327,3.571159639457747
784,4.06522104587189,3.2221116560197878,6.134356080313268,1.9038310074862277,0.3696813573433133,89.17416344321298,-0.8258365567870243,0.8258365567870243
785,3.103070883802434,1.859787816031503,5.821133750182921,3.129998863313511,0.3935507637029726,-55.725633025962594,34.274366974037406,34.274366974037406
786,1.514907113035081,1.035218817111614,2.52686305496581,2.4408975312253927,0.5410952005630711,-71.72507403190174,18.274925968098273,18.27492596809826
787,2.800730762998428,1.8583687129472952,4.343851462463551,2.3374540435382083,0.5341858251044147,-82.35115153804259,7.648848461957414,7.648848461957414
788,1.6006498207486113,1.4647384518162154,3.08073760832447,2.1032680643458783,0.3177285197327758,-17.538912004689095,72.4610879953109,72.4610879953109
789,1.0796692170979234,0.7509820041054395,1.6132387734145794,2.148172345802413,0.8157421042002344,88.9657774858871,-1.0342225141128978,1.0342225141128978
790,1.0569367929308613,0.7371189048836432,1.6426542863731752,2.2284793884542604,0.6873466082573509,-64.66411209928098,25.335887900719,25.335887900719015
791,1.7938166040551036,1.3587697081465142,2.5746619381415385,1.894847907415902,0.6359318958563848,37.83065391344697,-52.16934608655303,52.16934608655303
792,1.9117819216282488,1.4382380369935115,2.853202664625396,1.983818110241141,0.5157669030819202,-87.08491477354177,2.9150852264582454,2.915085226458231
793,0.9606427264386592,0.7067336110706374,1.829162110816364,2.5881917630114533,0.5289432881798694,29.41579720299104,-60.584202797008956,60.584202797008956
794,2.667496821992058,1.839430553190792,5.810314783582092,3.158757352107235,0.3154034620331931,74.90216273667036,-15.097837263329637,15.097837263329637
795,1.062665489594652,0.8302218552168225,1.4602706365161906,1.7588920688372185,0.778143587212034,-80.16715122908225,9.832848770917735,9.83284877091775
796,0.9978425722559162,0.686668780015827,1.8017678122324012,2.623925631497143,0.5301306576615228,63.44675680083758,-26.553243199162416,26.553243199162416
797,1.8667925156594296,1.564977054699333,3.709146949441159,2.370096697777955,0.2927946844202092,-83.07509167217215,6.924908327827836,6.9249083278278505
798,1.7699661294252256,1.2738763317627462,2.907563297921432,2.282453347647998,0.5225923106616209,-72.61986992193894,17.380130078061057,17.380130078061057
799,2.609976117175414,2.714181136387276,3.5277467687704123,1.299746255500853,0.3245164284336401,27.594812989766748,-62.40518701023325,62.40518701023325
800,1.3585539723246187,1.0020375027727335,2.2084809207134155,2.203990284397877,0.6169693628493585,-66.8218378995042,23.178162100495797,23.178162100495797
801,1.186817925731738,0.9943915842920142,1.497166224600325,1.505610313130592,0.8142950646409871,-65.72821281175901,24.271787188240978,24.271787188240992
802,1.176542252445381,0.6180097696625041,3.5883140740141037,5.8062416650366,0.2815595531719829,-61.10649707454769,28.89350292545231,28.89350292545231
803,3.7980731334542415,3.2613516809430103,4.785717470233141,1.4674030703887062,0.5770398076758477,61.17972590356432,-28.820274096435682,28.820274096435682
804,2.0078170808425457,1.1855391834950622,3.846183844948382,3.244248607295738,0.4810262112194462,83.35323621090997,-6.646763789090031,6.646763789090031
805,2.743790495859625,1.4396632399031095,5.501105665212471,3.821105875831558,0.4573556811540901,-84.95451286070531,5.045487139294693,5.045487139294693
806,1.1074287385521373,0.6302653975462419,2.142753914429205,3.399764484566985,0.5571895525447955,-69.8751132356195,20.124886764380506,20.124886764380506
807,1.8372891089324668,1.266833787256952,3.0395434813813087,2.399323030342257,0.6214390518719202,-51.28274302249803,38.71725697750196,38.71725697750197
808,1.9117819216282488,2.001090410942666,2.1814569053282704,1.0901341055852831,0.5265946571612784,2.992451535243891,-87.00754846475611,87.00754846475611
809,4.244944858335523,4.053699774653468,7.574971530347102,1.8686562773373243,0.195860844870373,70.84814150381594,-19.15185849618406,19.15185849618406
810,1.7938166040551036,1.3444204640177138,2.449457263070511,1.8219428583751736,0.8445115788074268,-85.07377079736129,4.9262292026386945,4.926229202638709
811,1.7699661294252256,1.4841958562313755,2.173464462166009,1.464405424015132,0.8232784418163315,-47.21768470073837,42.782315299261626,42.78231529926163
812,1.1557168501373432,0.8414682794703655,1.8837525772311003,2.238649540558756,0.6396732555357885,-87.14069164289485,2.859308357105135,2.8593083571051494
813,2.8629053431811715,1.8704308968819088,4.679576043571103,2.501870585741587,0.6102297742486,-72.8353851322141,17.1646148677859,17.1646148677859
814,2.1281856896488693,1.831469134402684,2.517973769541382,1.3748382226286309,0.8358289870936457,85.69342687822869,-4.306573121771308,4.306573121771308
815,2.436741906412006,1.5925550590943354,3.891667875621913,2.443663001412995,0.6169114459834075,-77.79145039318676,12.208549606813222,12.208549606813236
816,4.68289020746671,4.987301110300115,6.639522251052204,1.331285620060078,0.3688613522439068,12.411167960275774,-77.58883203972422,77.58883203972422
817,1.0039085404212729,0.4287290685114771,3.2299233881745786,7.533716804854611,0.2607155271269506,77.3560908047443,-12.643909195255702,12.643909195255702
818,0.8884066096615684,0.7423582014084997,1.119449562758872,1.5079641615528794,0.9760147426316116,64.25855727980405,-25.74144272019595,25.74144272019595
819,0.8676627389239214,0.8493757195300486,0.9925113976097656,1.168518683532551,0.8311983167923621,9.44390287882479,-80.55609712117521,80.55609712117521
820,1.4240109808516253,0.9760228167778584,2.271907777495714,2.3277199451094366,0.6247619054094535,-39.33253049113238,50.66746950886761,50.66746950886762
821,1.1504515979244476,0.7490104158727181,1.9766507974872407,2.639016435017293,0.6227169348044198,61.403249044964326,-28.596750955035674,28.596750955035674
822,6.050604428589621,4.417200698417187,14.903578758377488,3.3739872321667157,0.1709374365076295,-88.97387798996475,1.0261220100352375,1.0261220100352517
823,1.2515550525870838,0.6894376701777667,2.612581341110757,3.789438050922169,0.4561910489251232,-83.0636247599925,6.936375240007493,6.936375240007493
824,2.967044814329345,1.6011227615876054,6.075438567093844,3.7944864146892128,0.4395699486981672,-83.9893845914089,6.010615408591093,6.010615408591093
825,1.1345092346885122,1.0120375931096488,1.3507837844190065,1.3347170042058472,0.8949345661080276,-3.790704927893459,86.20929507210654,86.20929507210654
826,1.5583682828180965,1.4298682176060398,1.9697361954117485,1.3775648490946837,0.6039850236885231,85.21426549310702,-4.785734506892979,4.785734506892979
827,1.1661760393441107,0.8460808646999533,1.8762543455860103,2.217582767636979,0.605856612119117,-81.41351811840713,8.586481881592874,8.586481881592874
828,3.408874962200143,1.794144590740537,6.888182130241168,3.8392569728162527,0.3563874503451125,-88.32550966488722,1.674490335112779,1.674490335112779
829,1.8990365667271207,1.2768644768004165,3.082748373495699,2.4143113302208,0.6024757834384945,-87.65148129340712,2.34851870659287,2.348518706592884
830,0.9543017810603904,0.5959827412555809,2.1093658419736503,3.539306922763844,0.5020579970387501,50.91308591044223,-39.08691408955777,39.08691408955777
831,1.096409273000846,0.9575051180909891,1.552888768195525,1.621807276906856,0.6110382204779443,33.75617538084625,-56.24382461915375,56.24382461915375
832,1.4197410732459426,1.3127695571364926,1.693730648643777,1.2901964700783162,0.7274702241043358,-7.078888916612242,82.92111108338776,82.92111108338776
833,2.076200442198639,1.6340939120740718,2.917414555455135,1.785340814196052,0.6871108538925171,82.49813231795659,-7.501867682043411,7.501867682043411
834,0.8815462242933692,0.8027352025338824,1.021589237375084,1.272635402247685,0.9919570687989764,-71.3255491503967,18.674450849603318,18.674450849603303
835,1.326902779425731,1.1389495882979817,1.677116014928785,1.4725111911537947,0.7944231999422208,-72.9880053535573,17.0119946464427,17.0119946464427
836,1.8039417076383557,1.322975456509263,2.6123153488814275,1.974575821515353,0.6084461346297511,4.014355917415097,-85.9856440825849,85.9856440825849
837,1.191922542518033,1.0175956684050378,1.5150906673994566,1.4888926067995003,0.731769841415027,-61.16806927671449,28.831930723285495,28.83193072328551
838,1.171370613113025,0.9569327730143876,1.5788423268227036,1.6498988971286552,0.7245515061118664,-73.67409843867694,16.325901561323064,16.325901561323064
839,1.474285581520627,1.4907164026384243,1.759223790209061,1.180119697546364,0.6232894767454494,54.24001887594186,-35.75998112405814,35.75998112405814
840,2.3114337002746863,1.680806994301992,3.4752413934193047,2.067602886708898,0.4882205226840553,-89.93496301961241,0.06503698038758898,0.06503698038758898
841,0.8319410050566239,0.6531379154051496,1.1648261646502032,1.7834306310752863,0.8500617814945173,-62.12583923809928,27.874160761900725,27.87416076190072
842,4.994078013933648,2.85182855905002,10.411714642348247,3.650890797522738,0.3339994157900627,-62.81692061815586,27.183079381844152,27.183079381844138
843,1.1816912584570125,0.9134467537177474,1.7223741327558613,1.885576937840944,0.624207053633649,67.14461364645989,-22.855386353540112,22.855386353540112
844,1.039561305877423,0.6932971822049269,1.7345700128342296,2.501914124788005,0.7159786397928295,-80.63838856295123,9.361611437048765,9.361611437048765
845,1.0740312192037882,1.029677824248128,1.178551565925841,1.1445828376331408,0.9483982161164356,-37.167753581795616,52.83224641820439,52.832246418204384
846,0.9978425722559162,0.8748818617194515,1.341749901033679,1.5336355223968952,0.6666303216127197,-35.88840840938539,54.11159159061461,54.11159159061461
847,1.1183396299962336,1.0341256308477864,1.3484517474814777,1.303953511311777,0.810864520422536,-89.79642888532439,0.2035711146756114,0.2035711146756114
848,1.2660243778180809,0.957871071232125,1.8318561842101704,1.912424583251924,0.713541854920834,-54.66086328080532,35.33913671919467,35.33913671919468
849,0.8952144227026446,0.7723902658252924,1.1126886306609045,1.4405782670914502,0.940878196225378,13.623239321370248,-76.37676067862975,76.37676067862975
850,1.0453852243082644,0.7660235834462089,1.742072191543578,2.274175664026287,0.5080636108399906,-86.55353831547183,3.446461684528174,3.446461684528174
851,1.514907113035081,1.1131566990483583,2.2306578991271557,2.003902865638012,0.7125385611109072,18.804774640635987,-71.19522535936402,71.19522535936402
852,1.4409640896579887,1.0785482525053192,2.1069625674638166,1.9535172047885967,0.6116553952247983,-66.62588101053771,23.37411898946229,23.37411898946229
853,0.9978425722559162,0.4639230118189303,2.6636029719152536,5.74147628821409,0.3359227340310692,80.2483953145473,-9.751604685452705,9.751604685452705
854,0.9153341128725788,0.8738041835953808,1.12243765493738,1.2845414064269691,0.7193654195569075,-75.8834502006482,14.116549799351787,14.116549799351802
855,1.039561305877423,0.8575281867813163,1.3400116218367528,1.5626444034060396,0.852375658423763,15.460097961696356,-74.53990203830364,74.53990203830364
856,0.8746320295080829,0.7119519051921521,1.1983466398495584,1.6831848206461797,0.76731254505154,50.62614075475678,-39.37385924524322,39.37385924524322
857,3.539932258850451,1.9866964008943548,7.075606361272908,3.561493521651154,0.3970484292440633,-75.89333926804255,14.106660731957447,14.106660731957447
858,1.4493662838402204,1.1455105275623771,2.1181006250596144,1.8490450974439223,0.5815551311530446,85.22800466199371,-4.771995338006292,4.771995338006292
859,5.38257788047498,3.947879880106494,8.058259033654688,2.0411611493704607,0.4944160414322918,86.43410637916209,-3.5658936208379117,3.5658936208379117
860,1.4824989352200384,0.8898822000169886,2.580470853438088,2.899789268050114,0.6074539181595453,-88.05887249504995,1.9411275049500318,1.941127504950046
861,1.191922542518033,0.8424387587972596,1.9549488781100128,2.320582781472533,0.5733801275214122,-48.11930922901126,41.880690770988735,41.88069077098874
862,0.7946150283453554,0.7628133672714225,0.8516832543101298,1.1165027919694095,1.1845628604133385,-4.799696594690139,85.20030340530987,85.20030340530987
863,4.934149353389757,4.718338557189909,5.514581506454384,1.1687549419384378,0.4697409070923413,-37.89000743684163,52.10999256315837,52.10999256315837
864,0.928505064734256,0.770965226437291,1.2179855455896071,1.5798190421869514,0.8467811500684871,-78.28237227594352,11.717627724056484,11.717627724056484
865,0.928505064734256,0.8670355910281066,1.387303652149351,1.6000538691892972,0.6175504941059082,-62.59522369806346,27.40477630193655,27.404776301936543
866,1.2563966762852905,0.7909710091381618,2.536897620373667,3.2073206110775896,0.4773060533702112,65.75701126307648,-24.24298873692352,24.24298873692352
867,1.4240109808516253,1.098865042284188,2.8150927015179263,2.561818415541049,0.3798990310410551,59.41329296245912,-30.586707037540883,30.586707037540883
868,1.2221025728266244,0.8976449363500961,1.8822318722943092,2.096855667618013,0.5961495817274143,31.438078718310518,-58.56192128168948,58.56192128168948
869,2.1872741160266225,1.6853246811687916,2.9056137774931647,1.7240676588668298,0.8048174017915982,-74.22704668658544,15.772953313414575,15.772953313414561
870,2.642341982327153,1.8281833855561271,4.07444229790632,2.228683582892801,0.558624518281239,68.09126554980944,-21.908734450190565,21.908734450190565
871,1.0683634687220958,0.8699950154472162,1.4664028809213083,1.6855302098110436,0.8302222140183475,-78.93618928105714,11.063810718942875,11.063810718942861
872,1.0453852243082644,0.7844130492096575,1.5648137825212367,1.9948849449889683,0.7353661539212574,45.91121099444631,-44.08878900555369,44.08878900555369
873,1.1345092346885122,0.7713311481143088,1.960840394671949,2.542151188196744,0.629999224819766,-55.50752240499517,34.49247759500483,34.49247759500483
874,0.8246109854774907,0.4667449081584484,1.983694538414692,4.250061444143867,0.3745759724248906,-88.05454870527034,1.9454512947296507,1.945451294729665
875,6.878038093186448,5.512435747849282,10.054506730991148,1.8239680589318412,0.3536167394523501,62.16385271622873,-27.83614728377127,27.83614728377127
876,4.137753922057065,2.7988179873562826,7.074009790426089,2.5274990450908463,0.3034001842056142,-61.04290105286045,28.957098947139542,28.95709894713955
877,4.011095865835037,2.0003573091083373,11.978734057484267,5.988297192177036,0.2099372486691403,-84.18570495021497,5.8142950497850165,5.814295049785031
878,2.0108386281965918,1.1890517273621544,4.219122274084499,3.548308435196834,0.3437566560487723,-84.72452774659182,5.275472253408168,5.275472253408182
879,2.4041334941401127,2.641736639049713,3.211713963120814,1.2157585717083943,0.3912963971214023,-68.3527790795822,21.647220920417794,21.647220920417794
880,4.283387202958636,2.6849866816589145,6.993490488604362,2.604664870919749,0.556319445091046,-74.16570985986591,15.834290140134101,15.834290140134087
881,1.085277926096956,1.0151003603600155,1.2416485261194792,1.223178096084131,0.8074813159088067,-41.90436410761229,48.09563589238772,48.09563589238771
882,5.9371581919743415,3.933525595339306,10.461489474141077,2.6595707134933915,0.351178730027477,80.77259360467089,-9.227406395329112,9.227406395329112
883,1.0159318257539256,0.7495882211625128,1.4745263008710128,1.9671150896477756,0.785831859378099,-67.77436516870706,22.22563483129295,22.225634831292936
884,2.0644704023279083,1.3261903390883318,3.666753521454903,2.76487726790074,0.5460949587988878,69.57718487914771,-20.42281512085229,20.42281512085229
885,0.8815462242933692,0.6850959458748016,1.1781441411057092,1.7196775841394485,1.0341564492167483,80.09181757975271,-9.908182420247286,9.908182420247286
886,1.4367445664276617,1.3479187315531511,1.581392276650896,1.173210401808663,0.937843801313022,-51.72545783298766,38.27454216701233,38.27454216701234
887,1.7212740281460053,1.16752333897657,2.766296512073096,2.3693714889656783,0.6411394776519037,-63.46377039830112,26.536229601698892,26.536229601698878
888,1.3938469657443524,1.2756324360891311,1.7253617021178618,1.3525539593580127,0.7092589269585232,74.6915972177373,-15.308402782262704,15.308402782262704
889,5.830880196720553,3.324851447768104,11.310798653579605,3.401895943703675,0.2954527553606217,81.28030956252066,-8.719690437479343,8.719690437479343
890,1.937021059271256,1.6810411343108038,3.841154346813663,2.284985339391154,0.2563764075488796,-54.9044761600893,35.0955238399107,35.0955238399107
891,1.139848131163964,1.2403951930117838,1.3111006313329163,1.0570023478964423,0.5404966348686909,-0.8636214393022081,89.13637856069779,89.13637856069779
892,1.2515550525870838,0.9828869472065492,1.7047689680292313,1.7344507146771393,0.8314946662232291,-63.20526716796779,26.794732832032196,26.79473283203221
893,1.176542252445381,0.8852907578850513,1.7236201354277527,1.9469537212220085,0.7567571134468439,68.45409799883845,-21.54590200116155,21.54590200116155
894,3.2239773722754084,2.264557937037406,5.150802146027146,2.274528755385102,0.401251339386999,-74.86730405851172,15.132695941488294,15.13269594148828
895,2.399077476989314,1.3626170227168692,5.189871069422437,3.8087525569543774,0.3861837271288565,78.9291062915,-11.070893708499995,11.070893708499995
896,1.0569367929308613,1.068668978944611,1.4708577964158402,1.3763455526410242,0.4880620040735269,-81.71987924928388,8.280120750716122,8.280120750716122
897,5.922824628265258,3.9704707910397374,11.506325756830856,2.8979751677804737,0.2569369820808012,88.8724405608062,-1.1275594391938029,1.1275594391938029
898,1.1609582232861997,1.0373042608663186,1.4610078553707255,1.4084660696858078,0.7656729772095443,-37.14350322268341,52.85649677731659,52.85649677731659
899,2.1424021849896837,1.869169797962077,3.4206241589552646,1.830023234210563,0.3319275042825974,29.18519006202036,-60.81480993797964,60.81480993797964
900,2.828771123230691,1.634745332387049,6.221364985481357,3.805708976331465,0.2667038266505886,87.88982766622017,-2.110172333779829,2.110172333779829
901,3.5808576908105785,2.8756306975341457,5.994292602563979,2.08451405380534,0.2783831689968848,31.732198873963,-58.267801126037,58.267801126037
902,3.5382167597146434,3.136074602490787,4.696766075258954,1.4976576359276046,0.4830881118577232,78.7253352330373,-11.274664766962701,11.274664766962701
903,1.186817925731738,0.9496760128315576,1.5313443556124875,1.612491349598928,0.9079268203610495,77.10768869781087,-12.892311302189128,12.892311302189128
904,5.156762857508864,3.131342853951845,10.415980063010814,3.32636205896954,0.3277194186459167,79.1095854031711,-10.890414596828904,10.890414596828904
905,0.9606427264386592,0.8295846976670357,1.174637946841535,1.4159349252039737,0.9299266534275484,64.35041304701674,-25.649586952983256,25.649586952983256
906,1.9619355372325755,1.5006268193285095,2.818380094007005,1.8781352283628752,0.6245340685153735,67.12405810022635,-22.87594189977365,22.87594189977365
907,1.2944779165271465,0.8300698210970228,2.4079145882247133,2.900857888126093,0.4988884676782885,72.25909240171319,-17.74090759828681,17.74090759828681
908,2.7148725613463958,1.563658316890521,4.947860895488041,3.164285216304365,0.562476848572919,-54.48977143745011,35.510228562549884,35.51022856254989
909,3.863056358192316,2.005254360764187,8.50499294554278,4.241353671611812,0.3760030635401601,60.24439117757808,-29.75560882242192,29.75560882242192
910,11.933479223384532,11.48655249262182,19.89624447844743,1.7321336833856305,0.084607273795938,52.29455678464634,-37.70544321535366,37.70544321535366
911,2.0467492985075517,1.4474014673599311,3.0535724693131003,2.109692810304272,0.6944354068688706,45.71814375974594,-44.28185624025406,44.28185624025406
912,2.466459369371006,2.270088358194263,3.68272702398452,1.622283560325351,0.422288396585901,-72.19462570287153,17.80537429712848,17.805374297128466
913,1.2418151765086958,0.8972276761073381,2.047276511022444,2.281780383664315,0.4512353369628006,72.60056990958856,-17.399430090411443,17.399430090411443
914,0.9917395023300404,0.875654932516672,1.168961251968357,1.3349565091910227,0.9485497758623443,-59.78369657948446,30.216303420515544,30.216303420515537
915,5.292719765484058,4.053055940999067,8.34091321251249,2.0579319244373613,0.3622436444988798,-61.88253200076759,28.117467999232417,28.11746799923241
916,4.763868373730432,2.1311580629267763,11.716613431134338,5.497768389381498,0.3283943441972974,83.47142751230301,-6.528572487696991,6.528572487696991
917,0.9855986414141252,0.9138651827104466,1.2314851444843435,1.3475566941196546,0.8038992971443354,-58.686880458334,31.313119541665998,31.313119541665998
918,1.6044383463340146,1.0967097346112609,3.4316598489410035,3.129050231470215,0.3999206485745569,35.79122596276031,-54.20877403723969,54.20877403723969
919,0.9606427264386592,0.8734604927348545,1.1644676558236242,1.3331657991509265,0.8801896685914716,26.853460137860235,-63.14653986213976,63.14653986213976
920,1.326902779425731,0.9514199252157342,2.210295169724104,2.323154173193209,0.4938227487241528,-59.70489020031646,30.29510979968353,30.295109799683537
921,0.8535534614000618,0.6412715509534951,1.225150507548017,1.9105018860206144,0.8445005332144624,-53.69349682911926,36.306503170880745,36.30650317088074
922,0.9543017810603904,0.5936741467452822,1.636202872492143,2.756062195839835,0.7737849410735035,-77.80817844681377,12.19182155318623,12.19182155318623
923,3.5570417459589545,2.3988773526772205,5.540401402240995,2.3095809362899438,0.5871021309656822,-74.58382311733804,15.416176882661944,15.416176882661958
924,1.652899170550067,1.0905486755141611,2.652849069324805,2.432581991880432,0.6477147223127881,-79.77309998013428,10.226900019865724,10.226900019865724
925,3.894362026964035,4.149936613344101,4.755513698795149,1.1459244180992592,0.2772654765152113,62.12585493592533,-27.874145064074668,27.874145064074668
926,5.860998043483504,4.287608413191453,8.65152429491073,2.0177972102799906,0.3379625414764519,-61.57203335524735,28.427966644752644,28.42796664475265
927,1.0796692170979234,0.6267755500336274,2.5671676625292617,4.095832491218793,0.3925662806918713,-39.36864374450273,50.63135625549728,50.63135625549727
928,3.22774150358928,2.4802790320271004,4.886212237408525,1.970025216644712,0.4564039736010832,-28.38265212628736,61.617347873712646,61.61734787371264
929,4.256371379297739,3.304744307102859,6.7735262711961886,2.0496370193112687,0.3500272418736863,87.38985915546809,-2.6101408445319123,2.6101408445319123
930,1.0099380753567209,0.7819351878593048,1.4536808869227738,1.8590810459655864,0.6433228690849434,-77.39645208259255,12.603547917407468,12.603547917407454
931,1.1291450947814663,0.8802848802415658,1.549836201862015,1.760607544953757,0.7466820886442332,-24.346014708486344,65.65398529151366,65.65398529151366
932,1.7527313846366133,1.071766142560625,3.1997566552729144,2.985498914556277,0.5731118486884609,89.87585312462082,-0.12414687537918212,0.12414687537918212
933,1.7142051110999064,1.64482944288795,1.8585952581540504,1.1299622986385605,0.8524792708781411,-79.78173788324318,10.218262116756819,10.218262116756819
934,1.1661760393441107,0.9463071109833786,1.5082308757775134,1.5938069769022425,0.8442462239465618,43.986385574117904,-46.013614425882096,46.013614425882096
935,5.350902073547362,3.5946074718181538,12.493115046608292,3.475515795411528,0.1479375101068359,-70.67048398515425,19.32951601484575,19.32951601484575
936,2.181715595945335,1.40800135086963,3.451623908907156,2.4514350833366136,0.7159177832247211,-82.90236832929179,7.0976316707082105,7.0976316707082105
937,2.139566442932797,1.0440548642726355,6.4328613823209215,6.161420824184866,0.2509153192962296,-88.17549046382352,1.8245095361764925,1.8245095361764783
938,6.52098458460713,5.155991613665748,10.1958276117609,1.9774717213925,0.2492603411745782,-72.00629284827566,17.993707151724323,17.993707151724337
939,2.490953111963912,2.1805621706465144,3.199293592009488,1.4671875147962097,0.7265014131382604,-21.161419314411667,68.83858068558834,68.83858068558834
940,0.84641062903508,0.5908743540905154,1.3700560805651985,2.318692749280029,0.6352204180422325,-79.33738371129873,10.662616288701258,10.662616288701273
941,2.316681002601451,1.1511187967166363,5.046222567229337,4.383754814553283,0.358488180622254,83.30293253622985,-6.6970674637701535,6.6970674637701535
942,1.800572999362347,1.1122989803440266,3.019739456417452,2.7148630986638738,0.6553381203140022,-88.94041412242309,1.0595858775769216,1.0595858775769074
943,1.3630155737347494,1.103241170124416,1.849727286291248,1.676630039180507,0.6480886029570917,-87.20308441419611,2.7969155858039016,2.7969155858038874
944,1.0099380753567209,0.8035037492347633,1.3399652407739482,1.6676527546387896,0.8385836858292692,-36.46697527060948,53.53302472939052,53.53302472939052
945,2.9175218123694373,2.000926117226409,4.661520502798454,2.329681472327443,0.5264715060175976,62.65008693132823,-27.349913068671768,27.349913068671768
946,1.3585539723246187,0.9141129459711907,2.1068793922470257,2.304834869184126,0.7288686278972532,-72.84963402742784,17.15036597257216,17.15036597257216
947,3.116736565636193,1.6890768604305966,6.755805689867889,3.999702943148266,0.3424342977399451,89.87595265102823,-0.1240473489717715,0.1240473489717715
948,1.2755794143363215,1.0198177420563463,1.696281685026274,1.6633184686568752,0.7241127806043768,67.74275624178381,-22.25724375821619,22.25724375821619
949,2.1367269374441915,1.527044726894745,3.68286289792142,2.4117583676874648,0.4489305730935313,78.73749499254099,-11.262505007459012,11.262505007459012
950,3.1225749783067003,1.8319679895790584,5.881857340773504,3.2106769191556728,0.5203748382992832,70.50992567427772,-19.490074325722276,19.490074325722276
951,1.7527313846366133,1.618820268654407,2.1689635583111926,1.3398421061987782,0.6363204203414073,-71.68436993848302,18.31563006151697,18.315630061516984
952,3.0716067413506805,2.556902381691967,6.841558703363853,2.675721510665034,0.2088483856074234,-86.5449390453197,3.455060954680306,3.455060954680306
953,4.068206886190607,3.9124977513132695,5.562332372310128,1.4216832125828252,0.3398872983906238,88.09248867769813,-1.9075113223018718,1.9075113223018718
954,1.0039085404212729,0.8480087716571825,1.2359778629695788,1.4575059884748898,1.0277280390572194,35.360606585637775,-54.639393414362225,54.639393414362225
955,2.122472429167761,1.5896642449725926,3.140321264844596,1.9754619724108715,0.6501934495080561,-74.19069124033395,15.809308759666067,15.809308759666052
956,1.1019327803667114,0.9818993047543512,1.310060331952989,1.3342104690467589,0.8497313585419108,-77.38162038474817,12.618379615251825,12.618379615251825
957,0.9669420905017878,0.6870582847576251,2.181070696218106,3.174506071180739,0.4336099089450824,-45.64355623600111,44.3564437639989,44.35644376399889
958,7.730826156202656,6.708529709287268,10.183905874128968,1.5180533314222937,0.3414441397606084,87.1226268795645,-2.877373120435493,2.877373120435493
959,1.2121260584033826,0.9870573822976734,1.5743430104459528,1.594986308477016,0.7890522562447516,-17.965881689408643,72.03411831059135,72.03411831059135
960,4.934149353389757,3.437868775692372,8.73866067135563,2.541883137932076,0.3771265889317998,84.53902609159785,-5.460973908402153,5.460973908402153
961,4.280551461368135,2.9057380980012977,6.91603117884444,2.380128884843961,0.3853562977927544,-57.6469188204907,32.3530811795093,32.3530811795093
962,3.035819810211162,1.8149228732617613,5.787595492885487,3.188893356379424,0.3441752851099425,89.8514938441453,-0.1485061558547045,0.1485061558547045
963,3.180369672047749,1.754346325924866,6.726856109772125,3.834394617736509,0.4071605475693278,-79.92878900944585,10.071210990554164,10.07121099055415
964,2.6629408889963733,2.212042580064689,3.693070302769678,1.6695294819603692,0.5345427434352822,39.423402359193695,-50.576597640806305,50.576597640806305
965,5.316754296086987,5.472761148810306,10.67157003216828,1.9499425869313,0.0941975682203192,89.43834629047488,-0.5616537095251175,0.5616537095251175
966,1.4865885952249918,1.2991968301851708,2.18918673291696,1.6850308452530178,0.5710933901259104,-16.581821588067868,73.41817841193213,73.41817841193213
967,1.0278144733504384,0.797615896431835,1.407679328548859,1.7648586679956677,0.8833092062959758,20.75538188539841,-69.2446181146016,69.2446181146016
968,2.4292557384703275,1.8806913130753795,3.22589280925372,1.71526969196163,0.823987340275445,-67.84404962962925,22.15595037037076,22.155950370370746
969,1.4240109808516253,1.2170326358034165,2.1766594448094883,1.7884971863327068,0.5280226982375817,-76.81385839305865,13.186141606941362,13.186141606941348
970,1.8635374259717976,1.3292001035274168,2.7669320547563228,2.08165200063818,0.6164059296381522,-81.76319576379355,8.236804236206467,8.236804236206453
971,1.8306682257451572,1.2866439652325905,2.824549539494253,2.195284488808565,0.6439572039545277,86.92866520348414,-3.071334796515856,3.071334796515856
972,0.8884066096615684,0.7968369269724322,1.072898752971983,1.346447079264314,0.9153656676777916,83.29205136132906,-6.707948638670942,6.707948638670942
973,1.1237553499514827,0.8129422589937025,1.6488299049731443,2.0282251128316817,0.8300416334032606,-77.78754775182558,12.21245224817443,12.212452248174415
974,1.1609582232861997,0.8457566494666429,1.8725315739969308,2.214031157990658,0.614698664589858,48.66350951700996,-41.33649048299004,41.33649048299004
975,3.396384930811547,2.2248815959039017,7.044372655843239,3.16617867162559,0.3248174886115426,-72.10814611902647,17.891853880973542,17.891853880973528
976,1.902230911401452,1.6395453123966028,3.6938784949885193,2.25298957403562,0.35403228817002,48.76240822435769,-41.23759177564231,41.23759177564231
977,4.357862036855523,3.0651593686845025,7.189784680009358,2.3456479142534934,0.4190656900928161,88.7203290553573,-1.279670944642703,1.279670944642703
978,0.8746320295080829,0.7329551820228539,1.0878058024427508,1.4841368601018123,1.0739368732584789,-89.24646149447808,0.7535385055219308,0.7535385055219166
979,1.820691757871036,1.3582818708809223,2.643991705338626,1.946570709674457,0.594428593144923,-7.669306483243154,82.33069351675685,82.33069351675685
980,1.0337045758596148,0.8106131488849064,1.434234734526196,1.7693208363313058,0.7319197308950897,-41.0618836758304,48.938116324169584,48.9381163241696
981,1.171370613113025,1.0661398688520791,1.59468600534951,1.4957568438618851,0.597036120228197,-23.44995438495893,66.55004561504107,66.55004561504107
982,0.9543017810603904,0.7751146227531877,1.42027640278555,1.8323437090384955,0.6164465102552897,-52.5262155339769,37.47378446602309,37.4737844660231
983,4.437930815896713,2.9131923533674966,8.188450375890584,2.810816926120641,0.3265376740220224,-74.76154283563301,15.238457164366991,15.238457164366991
984,0.9606427264386592,0.6862174035302299,1.4914784830096603,2.1734780775549893,0.7196231298415848,-41.89872374646477,48.10127625353522,48.10127625353523
985,1.4367445664276617,0.9166131174472364,2.806388864829052,3.0616939812565995,0.4625973813976672,-56.600195765727584,33.39980423427241,33.399804234272416
986,1.4824989352200384,1.0691276828970495,2.226471535268503,2.0825122863111747,0.5893260455964628,29.47426494366726,-60.525735056332735,60.525735056332735
987,1.8537378623808147,1.5172959837589346,2.387870262094886,1.5737669430714496,0.8140650049964006,-53.39746104516287,36.602538954837144,36.60253895483713
988,1.380717816333713,0.9677003320205044,2.0545890308398302,2.123166607321466,0.7808378601641557,-47.63581821601261,42.36418178398739,42.36418178398739
989,3.5175655127420136,2.820418964306365,5.257089188457935,1.8639391008884485,0.3466749602854683,-65.14346833022465,24.856531669775336,24.85653166977535
990,0.973200680696656,0.8945336678507084,1.1540044162554002,1.2900625853782797,0.8832894658489354,-15.252373644399382,74.74762635560062,74.74762635560062
991,0.9669420905017878,0.8695528202828946,1.2059367263601892,1.3868470071408172,0.7517830998488921,60.76694591419589,-29.233054085804113,29.233054085804113
992,2.8586608555346973,2.498637856946576,3.857026513728511,1.543651675253946,0.4831393536883813,-61.468373651057135,28.531626348942865,28.531626348942865
993,2.2529068918238173,1.4433213808542515,4.128996319493759,2.860760170441008,0.4035087162466965,-86.48343006288212,3.516569937117879,3.516569937117879
994,1.021890421280174,0.847792548981872,1.344042724801993,1.5853438750034736,0.7747714610997968,-54.18259225197969,35.817407748020315,35.81740774802031
995,4.244944858335523,2.560278432826163,9.01284151363843,3.52025834303092,0.3041072170386322,-42.68906989867793,47.31093010132207,47.31093010132207
996,1.4367445664276617,1.130062937851891,2.135965059344628,1.890129290855987,0.6255801513065145,-59.13256019896853,30.86743980103148,30.867439801031473
997,0.979419278671245,0.8066073508246843,1.357920328389626,1.683496098815952,0.7614723590917382,-52.08844517098876,37.91155482901124,37.91155482901124
998,1.3038244488524504,0.9497278374077884,1.8850303732513969,1.9848111206221428,0.6843108973625026,-77.39301795145036,12.60698204854964,12.60698204854964
999,2.201109004856956,1.2888513523014502,3.977859836494217,3.086360447534242,0.5508705969212505,82.7496862570296,-7.250313742970405,7.250313742970405
1000,4.002003834802276,2.7616243826759,6.568916550304885,2.378642291657302,0.4487429157156868,78.77314762517068,-11.22685237482932,11.22685237482932
1001,1.1345092346885122,0.6760103651470624,2.198960209099148,3.2528498414677065,0.5277146844124587,-74.02054411757659,15.979455882423395,15.979455882423409
1002,1.021890421280174,0.8143457083546067,1.3948625335003426,1.7128628777557822,0.7559133030056547,-89.14821439629866,0.8517856037013303,0.8517856037013445
1003,0.9219431092603804,0.6442093754183175,1.43551623316918,2.2283380030553377,0.8058498253966817,-2.965063227937345,87.03493677206265,87.03493677206265
1004,1.2563966762852905,1.1623501551042703,1.425837817591767,1.2266852732203233,0.8891352407773995,-62.40123867676656,27.598761323233447,27.59876132323344
1005,1.2121260584033826,1.213052541180363,1.2972979234796709,1.0694490794416311,0.8314158155933944,63.826301435341705,-26.173698564658295,26.173698564658295
1006,2.839482146491885,3.0941332023716392,4.264051914112839,1.378108709361466,0.2329437663809883,-2.1442697844178427,87.85573021558216,87.85573021558216
1007,0.9350209696908578,0.6429200091847346,1.5169258723014225,2.3594317343225724,0.6656458102967426,-86.02598003263252,3.9740199673674965,3.9740199673674823
1008,0.9978425722559162,0.7655875141869375,1.4944591984642848,1.9520422822613783,0.6186238764068654,-61.78548893525038,28.214511064749615,28.214511064749622
1009,1.171370613113025,0.9476584247680064,1.5015272615056316,1.5844604155481614,0.9319228064139636,-79.12038351598702,10.879616484012985,10.879616484012985
1010,1.1504515979244476,0.6830308209752146,2.172247578325547,3.180306820157933,0.5540821023172846,-62.90782915627651,27.092170843723494,27.092170843723487
1011,1.1451621372724683,0.746004485900048,2.158323905723872,2.893178186616228,0.49164710091305,-35.04279296644356,54.95720703355644,54.95720703355644
1012,0.8022191731670073,0.6587791023827122,1.1463294629375458,1.7400817038540413,0.7472253249731613,-77.87548494144082,12.124515058559183,12.124515058559183
1013,2.6743161688385184,2.069982933460504,3.932287773129343,1.8996715912799929,0.5096327904958241,6.448981563240645,-83.55101843675935,83.55101843675935
1014,1.1128975557056655,0.9306338257065774,1.6492689600725263,1.7721996713587431,0.6770984699261235,-69.48992475958096,20.51007524041904,20.51007524041904
1015,1.6307115983086335,1.413455021220419,2.040357701145201,1.4435250294583095,0.6652768646189048,64.07040929816073,-25.929590701839274,25.929590701839274
1016,3.4513547937733438,2.6371984667243016,4.980485589858327,1.8885516781164569,0.4951558771657288,-62.07882225343103,27.921177746568958,27.921177746568972
1017,1.9307422062542177,1.9358743796555995,2.11697754061684,1.0935510913644404,0.5675702128764336,62.093868006074814,-27.906131993925186,27.906131993925186
1018,1.0511768765181757,0.8943361243213858,1.4052338648660463,1.5712592018267464,0.7296291772272949,-40.914488135829046,49.08551186417094,49.085511864170954
1019,1.4197410732459426,0.7387733788611007,3.2032323247271046,4.335879467754015,0.3788056937286971,84.66532511072054,-5.334674889279455,5.334674889279455
1020,1.2418151765086958,0.8457155369260416,2.223931900994789,2.629645316767159,0.5788675091301212,62.50888905953888,-27.49111094046112,27.49111094046112
1021,1.6418428647199157,1.0961181808427418,2.6538619561417494,2.4211458239852828,0.6597236367163924,-80.41035631731853,9.58964368268147,9.58964368268147
1022,1.0569367929308613,0.9359290113653784,1.362169428774967,1.4554196015227356,0.7844431358541305,-44.70420939700261,45.295790602997386,45.29579060299739
1023,0.9606427264386592,0.8287271349953406,1.2648013917431529,1.5261976328918736,0.7355676365383685,88.07697105384815,-1.9230289461518453,1.9230289461518453
1024,0.9153341128725788,0.8058605667013876,1.225402008105961,1.5206129431569948,0.7152802929978392,79.8236135189296,-10.176386481070395,10.176386481070395
1025,1.5738748168108194,1.1322040451748587,2.3535573003146104,2.0787395260994006,0.6077830569568676,64.7695830144507,-25.230416985549297,25.230416985549297
1026,1.1237553499514827,0.6915556588490238,2.660743992808107,3.847476278679377,0.3867475893431376,89.17827213953527,-0.8217278604647333,0.8217278604647333
1027,3.035819810211162,2.424430290309485,6.386526589035925,2.6342380783489827,0.2810800033443338,85.03809787025666,-4.961902129743336,4.961902129743336
1028,1.615750625177174,0.8250207727181021,4.452633559518871,5.396995696059004,0.2815009337449723,89.25937348968138,-0.74062651031862,0.74062651031862
1029,1.4068535956126136,1.1014061573247809,2.049799125587827,1.8610746925245176,0.6633818234230153,55.05214254366555,-34.94785745633445,34.94785745633445
1030,1.7423087071804406,1.3039936556045384,3.080075147773959,2.362032310921037,0.5171914762432582,67.00421397137728,-22.995786028622717,22.995786028622717
1031,3.0056718953012043,1.6834860785889951,5.849466753447127,3.4746154588636844,0.3821968363582796,87.56894009489237,-2.431059905107631,2.431059905107631
1032,1.937021059271256,1.2066168475684824,3.3751393959825244,2.797192333907774,0.5871831758034041,-69.19842738811799,20.801572611882023,20.80157261188201
1033,4.36343119189067,3.613933404460085,6.366974710499072,1.761785289856576,0.4519374119175647,80.85845527308071,-9.141544726919292,9.141544726919292
1034,0.8392070033186643,0.4768117459442876,1.7592627508066037,3.689638029622203,0.5670682206966808,60.33305838893693,-29.666941611063073,29.666941611063073
1035,3.132281482844322,1.8697806217381636,5.492501027177937,2.9375109375516275,0.582958828071523,77.91418154749839,-12.085818452501613,12.085818452501613
1036,2.567763477967868,1.4215876946733346,5.249263723921131,3.692535988873592,0.4223682432728511,-72.50001018106221,17.49998981893779,17.49998981893779
1037,1.0159318257539256,0.9923610774535544,1.1204666706238688,1.1290917147809136,0.9002775317066356,74.12478526159616,-15.875214738403841,15.875214738403841
1038,0.9019708538191776,0.6182321018108957,1.6316073047010098,2.6391500860627977,0.5267960858148707,-82.8407884357708,7.159211564229196,7.159211564229196
1039,1.096409273000846,0.9215486127441614,1.375385970026223,1.492472508781319,0.7829371290447038,-52.27173727485166,37.72826272514834,37.72826272514834
1040,1.3894843667311525,1.3264506766920745,1.6994670342235458,1.2812138921453953,0.5746503190081012,87.01010652373219,-2.9898934762678095,2.9898934762678095
1041,2.279696262327928,2.311616187196934,2.695148239431596,1.165915109246459,0.5682209295429338,52.68225375621585,-37.31774624378415,37.31774624378415
1042,1.2319983017676563,1.0936360285762794,3.140433288513557,2.8715525151469685,0.2544782044113316,-88.85620456720201,1.1437954327979867,1.1437954327979867
1043,1.6820273886595418,1.304375536045747,2.9327094669457527,2.248362826426773,0.4257072373406301,53.313473620589626,-36.686526379410374,36.686526379410374
1044,0.8535534614000618,0.8733355146363068,0.887909552039641,1.0166877874071152,0.9935299552880302,2.6528912512866736,-87.34710874871332,87.34710874871332
1045,1.992640619253945,1.3284416205414205,3.093072714061205,2.328346738188308,0.7008196849359303,-73.4066115061194,16.593388493880582,16.593388493880596
1046,1.4824989352200384,1.1981190999981814,2.4052657459564246,2.0075347650831,0.5224887947016448,10.469793106032744,-79.53020689396726,79.53020689396726
1047,2.340148263365949,1.5109146634680175,3.941826313658144,2.6089006937098818,0.5568214924427848,86.17297225014676,-3.8270277498532437,3.8270277498532437
1048,0.8392070033186643,0.6239998890776551,1.4591212969031908,2.338335827366801,0.5720676889079737,39.35924322530383,-50.64075677469617,50.64075677469617
1049,1.4865885952249918,1.0916369351025332,2.135420572933713,1.9561637246481969,0.7367521172448743,-78.58069471380921,11.419305286190792,11.419305286190792
1050,4.900814295746774,2.7192343790838995,10.04137374418729,3.692720944330732,0.3766620774332064,77.92419696819859,-12.075803031801414,12.075803031801414
1051,0.8815462242933692,0.5827020449309579,1.655607884919931,2.8412597816026155,0.5822348447210032,68.32498350454006,-21.675016495459943,21.675016495459943
1052,1.2221025728266244,1.1699624809281486,1.5886639811519436,1.3578760063242652,0.5304754698189456,-34.22480943983722,55.77519056016277,55.77519056016278
1053,3.331410886000546,1.501297243978048,7.699693140698622,5.128693316119354,0.4298712342787725,77.55148953117569,-12.44851046882431,12.44851046882431
1054,3.5927064605264567,2.2971498104737016,7.593517417854207,3.305625685896527,0.2180824904523002,89.264952933758,-0.7350470662420037,0.7350470662420037
1055,1.085277926096956,0.9055503921614948,1.4158620651466998,1.5635375760449082,0.791874618130267,21.625226521562418,-68.37477347843759,68.37477347843759
1056,1.522901401330112,1.038881785620153,2.4342395395874585,2.3431342942781086,0.6146615994029383,74.10713359232702,-15.892866407672983,15.892866407672983
1057,1.0099380753567209,0.8619556660849971,1.2629864507298822,1.4652568576599387,0.8560592110807382,-36.70065304621051,53.299346953789495,53.29934695378949
1058,1.797197976714934,1.8300380564101768,1.939728992858473,1.0599391559449136,0.747843498392009,51.95492617684909,-38.04507382315091,38.04507382315091
1059,4.291883185923938,3.853048170177301,4.983230328857061,1.29332157522125,0.5583230004788494,80.95966324055028,-9.040336759449715,9.040336759449715
1060,2.8629053431811715,1.846377884576977,4.868744204358375,2.636916443284768,0.51821231933613,87.75887700711029,-2.2411229928897143,2.2411229928897143
1061,5.396096305818878,4.985726021298147,8.274558425560137,1.659649645851512,0.183031087596385,15.931915794923226,-74.06808420507677,74.06808420507677
1062,2.9854041530350397,2.1902702280748496,4.73679907153205,2.162655096533676,0.3936949163622206,-40.5049826821132,49.495017317886806,49.4950173178868
1063,2.886138449171217,1.8263424905860688,5.348998100990574,2.9288034027364125,0.4321524817119316,-76.92154075350412,13.078459246495868,13.078459246495882
1064,1.415458284986553,1.185395441710676,1.783633764000298,1.5046740532646965,0.7932501754994075,48.252613207952514,-41.747386792047486,41.747386792047486
1065,3.0755573625864763,2.232216749719923,4.946012299329562,2.215740160515389,0.5905447953148184,-80.73504330218077,9.26495669781923,9.26495669781923
1066,0.9917395023300404,0.8650031523122171,1.3151896684035986,1.5204449427588786,0.7488515365838354,62.15644025484707,-27.84355974515293,27.84355974515293
1067,4.123054927387453,4.028695663609973,5.56987708201212,1.3825509661410234,0.3796319960012319,-65.54728902615516,24.45271097384483,24.452710973844844
1068,0.9414917802541344,0.6401400685382047,1.4636500731096247,2.2864528328182154,0.7901544269376815,58.934752815132256,-31.065247184867744,31.065247184867744
1069,1.3223193364400538,0.9505176927233984,2.1163925064979083,2.2265682403386684,0.6053557323116061,89.84293799475196,-0.15706200524803648,0.15706200524803648
1070,1.6006498207486113,1.4653928120960913,1.8247298401173129,1.2452154978890797,0.8398566625792837,-70.29265636201315,19.707343637986867,19.707343637986853
1071,1.3084726790995154,1.5614749653236275,1.8670552993444007,1.1956997971833887,0.3873572357737572,-25.45567662998226,64.54432337001774,64.54432337001774
1072,2.7570349356358204,2.2534202150598843,6.160971988723811,2.734053749739741,0.2812069033365406,89.92889446523601,-0.07110553476398707,0.07110553476398707
1073,5.196638351705346,4.360863975018424,6.5595804266288855,1.5041928535735103,0.676324846850853,56.54572833798177,-33.45427166201823,33.45427166201823
1074,2.3812968800479584,1.3731695152290515,5.736348390123792,4.177451018614362,0.3066638584959921,-88.64335613747626,1.3566438625237538,1.3566438625237396
1075,1.2612197138901655,0.8332694745447452,2.7459358229809325,3.29537551400304,0.3665751647567035,83.96143647959117,-6.038563520408829,6.038563520408829
1076,0.7869374084054097,0.4920150956123179,1.4710079370118838,2.989761798225315,0.5838982429089565,67.74116938803185,-22.25883061196815,22.25883061196815
1077,1.3938469657443524,1.4115649357024362,1.61465023975862,1.143872448882504,0.6777397155106841,80.3780016882775,-9.621998311722507,9.621998311722507
1078,4.979468295607658,3.574842588850316,9.528701846552574,2.6654885102555084,0.2639297272221225,-89.87663682693598,0.12336317306403544,0.12336317306402123
1079,1.889421129921366,1.5312529136577115,2.446629078493183,1.597795541592739,0.7413471344817456,85.2178319118659,-4.7821680881340995,4.7821680881340995
1080,1.3038244488524504,0.821188054125224,2.5853922537587457,3.148355898227053,0.4540180734649859,52.25003011104669,-37.74996988895331,37.74996988895331
1081,3.2929173634254973,3.343886464400469,6.238120751947853,1.8655300705809983,0.1793861016527716,44.32755972996623,-45.67244027003377,45.67244027003377
1082,1.0569367929308613,0.6825873637539037,1.9309429960443565,2.8288583975904484,0.5302664319297097,68.14064305621919,-21.85935694378081,21.85935694378081
1083,1.502835947650602,1.1624773231559644,2.088244284277865,1.796374211075853,0.7280898853349835,47.514541140635686,-42.485458859364314,42.485458859364314
1084,1.0337045758596148,0.7027779019759969,1.7685233583535211,2.51647548020644,0.6096167089736906,-26.920321598637333,63.07967840136267,63.07967840136267
1085,6.165902264884396,6.273796798683789,11.064135486941993,1.7635469942640143,0.2529794189574896,35.841327690715204,-54.158672309284796,54.158672309284796
1086,4.481494371241428,3.573046307504334,6.138347041113477,1.7179589943240696,0.5716804013965708,89.43278256489114,-0.5672174351088586,0.5672174351088586
1087,3.362249542535308,2.9773702325984908,4.438869147457595,1.4908690558055273,0.4729891765332172,85.80860153258111,-4.191398467418892,4.191398467418892
1088,4.752384544153474,2.2644396655178425,12.853875694856434,5.676404582816275,0.2715667551072035,-85.57975488313625,4.420245116863754,4.420245116863754
1089,3.954695358622917,3.867005514043151,5.038036829256665,1.3028263887808995,0.3933119723611123,-84.37222652530534,5.6277734746946635,5.6277734746946635
1090,1.2612197138901655,1.0587495481147806,1.7802164003896166,1.681432973038323,0.6708172502094294,15.857393209920623,-74.14260679007938,74.14260679007938
1091,3.3981720316617614,2.589419919359328,5.085628226721687,1.964002898371141,0.344103934373013,81.38201326255884,-8.617986737441157,8.617986737441157
1092,3.347772620427371,3.1444880545028733,5.541602315837445,1.7623225847215194,0.2491388862157805,-4.744436595690425,85.25556340430957,85.25556340430957
1093,3.574069328893803,2.6953508615438517,4.948925501420852,1.8360969519887265,0.6778658008278765,84.02548299194795,-5.974517008052047,5.974517008052047
1094,1.585405189396292,1.368919150839388,2.6950058723200763,1.9687107676648132,0.4218560863926656,89.76249942796238,-0.23750057203761799,0.23750057203761799
1095,1.7596455392320107,1.396638874283809,2.3101970516404733,1.6541119498948027,0.7902125722296681,-61.92087085685266,28.079129143147327,28.07912914314734
1096,1.0039085404212729,0.8723606124390606,1.325113840801957,1.5189977881933818,0.7153982302178739,-72.74527864314128,17.254721356858738,17.254721356858724
1097,1.0908577979726677,0.979956292212836,1.3459464729664985,1.3734760250655884,0.8951079976371022,69.81789467304833,-20.18210532695167,20.18210532695167
1098,5.374676430233476,3.0856140985015403,11.396536451819856,3.6934419172359663,0.2378554049744049,-77.63683376296167,12.363166237038342,12.363166237038328
1099,1.3177199508995825,1.2007369218411783,1.6358646396647885,1.362383891016191,0.751713811959239,-45.01731911002006,44.982680889979946,44.98268088997994
1100,1.5108941070107518,1.2997361681498028,2.081877736347011,1.6017694878112074,0.6364472011951198,75.96094534598915,-14.039054654010855,14.039054654010855
1101,1.2121260584033826,1.1201752123513826,1.3764295332878995,1.2287627132889405,0.7831538898936469,36.47443749413547,-53.52556250586453,53.52556250586453
1102,1.1609582232861997,0.8090781301475934,2.362638105504781,2.920160634021568,0.4177511355676787,-46.282207179926445,43.717792820073555,43.717792820073555
1103,1.021890421280174,0.5880377002165359,1.943898266359964,3.3057374818725966,0.560814000306187,72.9059928809597,-17.0940071190403,17.0940071190403
1104,0.8246109854774907,0.7035882661632809,1.0178329260843566,1.4466314676261949,1.0245428594876078,-68.85795545651594,21.142044543484076,21.14204454348406
1105,4.242083418941719,2.717473171320114,7.891997291633597,2.904167509333593,0.3429351751835074,68.6818010495511,-21.318198950448902,21.318198950448902
1106,2.461531373699935,2.3191389272034573,2.7808241958304087,1.1990761584877003,0.7832618887024116,-32.01567901637284,57.98432098362716,57.98432098362716
1107,1.4824989352200384,1.3546293876587323,2.0980902421512,1.548829710373717,0.5393913741322579,37.71309313057174,-52.28690686942826,52.28690686942826
1108,1.2612197138901655,1.2716774653188474,1.3422116847242678,1.055465494458326,0.8911449233592537,-52.86869954947219,37.13130045052782,37.13130045052781
1109,0.8606370140730026,0.8304899993141976,0.9720294504976718,1.170428844778811,1.0034484056699724,30.353731221284747,-59.64626877871525,59.64626877871525
1110,0.9669420905017878,0.8381380166378384,1.1644900763001298,1.3893774690849143,1.0976912289296077,-51.58034062335832,38.419659376641675,38.41965937664168
1111,1.085277926096956,0.8390024739499454,1.6460693786439546,1.9619362633037465,0.6084715183888125,82.29324679778128,-7.706753202218721,7.706753202218721
1112,0.973200680696656,0.9131003135222232,1.132603344138378,1.2403931171258027,0.857967952732761,-27.371595370243504,62.62840462975649,62.628404629756496
1113,3.220208841037319,2.541557913592619,6.835331017683336,2.6894256397334084,0.2345952755252258,-56.75292210820533,33.247077891794675,33.24707789179467
1114,0.9606427264386592,0.5351181571572984,2.44580215583617,4.570583380741508,0.367875600941223,-80.80861942575544,9.191380574244562,9.191380574244562
1115,1.45354916781555,0.8090608572269108,2.7815469741094723,3.437994743242601,0.622743362605727,88.23279841732746,-1.7672015826725413,1.7672015826725413
1116,0.8319410050566239,0.5999757896057114,1.3773608255162064,2.2956940086222017,0.7329578268923774,-16.61489618290111,73.3851038170989,73.3851038170989
1117,2.004790979528443,1.564747856069156,3.1901816033972046,2.0387831758474766,0.468445935976826,53.49175389593145,-36.50824610406855,36.50824610406855
1118,1.5387653857138477,1.2873398901671844,2.047559085077485,1.5905349478540376,0.6596032772060488,56.847258147691214,-33.152741852308786,33.152741852308786
1119,1.5700125414998518,1.3636511348471012,2.53301474524874,1.8575240254046008,0.4218409328808772,75.95148674607144,-14.048513253928562,14.048513253928562
1120,3.909920866501533,2.461891681765334,7.537321832614905,3.061597668346709,0.2890511119180257,-76.3676739626158,13.632326037384189,13.632326037384203
1121,5.709883504783106,3.9797962704749854,10.297908296362705,2.587546596985392,0.3880705165187884,-70.63373717786034,19.366262822139674,19.36626282213966
1122,3.689418396702607,2.2639670840328074,6.451681548577853,2.849724094524141,0.5637532981260513,-79.0652241437531,10.934775856246915,10.934775856246901
1123,5.328161205350689,2.706646267741991,12.446229457205892,4.598395292927994,0.2084462614838124,-84.84911007932655,5.15088992067345,5.15088992067345
1124,1.415458284986553,1.2732256153946593,1.6185623785656564,1.271229826823704,0.923330217230516,-13.866854645692383,76.13314535430762,76.13314535430762
1125,3.722184745068006,2.015517456610003,9.184946372653616,4.557115763265194,0.2551337758112942,85.85557677020157,-4.144423229798434,4.144423229798434
1126,1.6964039525710572,1.1180184100469452,2.822446083531421,2.5245076987711745,0.6457130882762981,-73.03047623285423,16.969523767145773,16.969523767145773
1127,1.3851080271465486,0.8938287141867259,2.57336549263128,2.879036499708701,0.4669157787745233,-69.93366360779349,20.066336392206495,20.06633639220651
1128,2.656092337008522,1.9707082118697004,3.68728135609966,1.871043787147651,0.8010362154024662,-14.554727625608324,75.44527237439168,75.44527237439168
1129,1.1074287385521373,0.8471045059285639,1.6016763495407456,1.890765942491415,0.6977719908925414,-84.21022672399408,5.789773276005917,5.789773276005917
1130,1.518909516610108,1.160670590682248,3.0838718244271086,2.6569742088617865,0.3385816678173942,45.87407869720991,-44.12592130279009,44.12592130279009
1131,1.8635374259717976,1.2011522928496057,3.185686349012672,2.652191872734948,0.5055644294633203,-65.98655125130053,24.01344874869949,24.013448748699474
1132,6.401650960500463,4.636297119119847,9.103398897815694,1.9635063637905676,0.5871790280084972,-55.12607643717937,34.873923562820636,34.87392356282063
1133,4.050258827106616,2.651011282491167,7.846193329439645,2.9596982031953267,0.2562904914068377,-58.3682623875904,31.63173761240961,31.6317376124096
1134,2.099463918332859,1.9837957060951124,2.650003434738701,1.3358247659255935,0.6092325260306736,10.396305923131369,-79.60369407686863,79.60369407686863
1135,1.1661760393441107,1.095567347569147,1.33016121151471,1.2141300253846388,0.851823315085559,-88.59096830488488,1.409031695115118,1.409031695115118
1136,0.9479184199131095,0.8603449568666038,1.3921103059579445,1.618083880014875,0.5217058408618206,83.32585625780663,-6.674143742193365,6.674143742193365
1137,1.0159318257539256,0.799954022344369,1.5996991374011658,1.9997388508817544,0.6160377813100268,46.94541448450073,-43.05458551549927,43.05458551549927
1138,0.8884066096615684,0.7162639789083232,1.1977208140028548,1.672177924999569,0.8309841107645783,-15.890104822501572,74.10989517749843,74.10989517749843
1139,0.9414917802541344,0.5366197381189335,1.7920061631772264,3.339433934090691,0.6028105209472904,78.54130494583126,-11.458695054168743,11.458695054168743
1140,0.8319410050566239,0.7694370090333668,0.9645935226791904,1.2536354650928423,1.0408515689616948,49.26184418393023,-40.73815581606977,40.73815581606977
1141,0.8606370140730026,0.8124997977374879,0.992337035187982,1.2213381935002008,0.9661124414152152,-82.31466624442916,7.685333755570838,7.685333755570838
1142,2.660659997024108,2.079602698927279,4.309729360804824,2.07238111540628,0.4618592657015272,-44.93880975436587,45.06119024563412,45.06119024563413
1143,3.229621924082949,2.66367551068444,5.605550647990013,2.10444201086252,0.3547690521398818,-44.81540018761501,45.18459981238499,45.18459981238499
1144,1.139848131163964,0.8617102690958202,1.6353487411149308,1.8977941887948928,0.7094740184636548,-64.18069514488026,25.819304855119753,25.81930485511974
1145,0.9669420905017878,0.9131723030577452,1.300192018203315,1.4238189374005754,0.5359030682874992,68.37529958651004,-21.62470041348996,21.62470041348996
1146,1.4451712930335778,1.246640677429676,1.8053073880396544,1.4481377198134089,0.8144621428617493,-56.27696112359452,33.7230388764055,33.72303887640548
1147,7.021309536641756,4.20150756354162,13.4884255112347,3.2103775388338853,0.2490252989063185,-78.699254628793,11.300745371207,11.300745371207
1148,1.1451621372724683,1.1009606880715823,1.235495187309007,1.122197368802579,0.9300512776176576,-39.09834742519118,50.90165257480882,50.90165257480882
1149,2.2093683547194614,1.5160878985512,3.60467935446246,2.3776189744058733,0.4791979524389467,-57.93649085700482,32.06350914299517,32.06350914299518
1150,2.776783150164344,2.624417831590992,3.434049299569081,1.3084994539483332,0.4457694622363732,-72.31399813655555,17.68600186344446,17.686001863444446
1151,1.1504515979244476,0.7675187384116219,1.9149320321767056,2.4949645348589837,0.601121841506842,-67.69491969746515,22.30508030253486,22.305080302534847
1152,0.9219431092603804,0.7663031728988445,1.195466515934813,1.5600438027843322,0.8795222601873032,-51.27635666070664,38.723643339293346,38.72364333929336
1153,0.8535534614000618,0.5403818303020389,2.0116825129543847,3.722705687254479,0.3567274516910387,87.83385766563151,-2.1661423343684874,2.1661423343684874
1154,1.191922542518033,1.033395733790507,2.306000527477565,2.2314786601828995,0.3886645048563483,-25.3129165003397,64.6870834996603,64.6870834996603
1155,0.9086770491564996,0.548931367723115,1.9538542492627329,3.5593780281987293,0.4360132957133355,69.47661519271068,-20.523384807289318,20.523384807289318
1156,1.933884181003576,1.5379526690877074,2.605411938747229,1.6940781020866684,0.7168400892867032,-65.33613539609422,24.66386460390578,24.66386460390578
1157,7.742597202185719,6.269820667831362,10.554215368256632,1.6833360836630082,0.4203755038419682,-83.73254013461602,6.267459865383984,6.267459865383984
1158,1.1183396299962336,1.0274264456956836,1.2579303010732374,1.224350712737861,0.9704245333174704,-3.823682482444326,86.17631751755567,86.17631751755567
1159,1.9650276361365868,1.3399308307825633,2.992096532025083,2.233023125736723,0.6871550966878066,-74.4346727141065,15.565327285893488,15.565327285893503
1160,1.096409273000846,1.021784444139312,1.328143256272659,1.2998272423215491,0.7477910059187868,47.48492403309555,-42.51507596690445,42.51507596690445
1161,1.2612197138901655,0.964855042766094,1.790786665414274,1.856016278134753,0.7890509210425333,-64.60366108859492,25.39633891140508,25.39633891140508
1162,1.1451621372724683,1.0944072851481734,1.2910467096998188,1.179676640698734,0.8373512118034896,22.102263755547,-67.897736244453,67.897736244453
1163,4.105346664041948,3.0510396840180625,6.687005208278076,2.1917136126763297,0.2487482811429262,-46.96026119011658,43.03973880988343,43.03973880988342
1164,1.4197410732459426,1.282596855720946,1.6612671543496131,1.2952371954910316,0.8740841702831084,1.747724981061153,-88.25227501893885,88.25227501893885
1165,3.8567647312834903,2.1813382041418925,8.452189105964678,3.8747724171867466,0.3697524548724289,-73.72146277402334,16.278537225976663,16.278537225976663
1166,3.62802059538288,1.8049295398853091,8.151474355134106,4.516228570147993,0.2806383835061204,-72.81155062338516,17.18844937661484,17.18844937661484
1167,0.8815462242933692,0.7401833831911693,1.2151340043412928,1.6416661491405795,0.6804611864164228,-30.701740456358323,59.29825954364168,59.29825954364168
1168,1.4493662838402204,0.8724440095171837,2.577012632504234,2.9537856921389958,0.5856668393976368,-77.59279046778514,12.407209532214864,12.407209532214864
1169,1.186817925731738,0.7711555607117461,2.59417389298568,3.364008541404227,0.4081752577203235,86.84939388861575,-3.150606111384249,3.150606111384249
1170,1.0039085404212729,0.974434840059378,1.312105664824978,1.3465299175315038,0.6638081450497354,-56.435483817925785,33.564516182074215,33.564516182074215
1171,1.67479282872596,0.9974657800075452,3.865970736512992,3.875792848235605,0.4015397670511623,-83.15471801712741,6.845281982872592,6.845281982872592
1172,1.6602291363104174,1.3943108898759138,2.591631766939048,1.858718730346924,0.4439137865684784,-48.653066927495736,41.34693307250427,41.346933072504264
1173,0.8606370140730026,0.776930863977843,0.9899092555152234,1.274127855401371,1.1160199005132871,8.145087518086267,-81.85491248191373,81.85491248191373
1174,1.522901401330112,1.490824191556987,1.736909301504134,1.16506648559958,0.6420637575157891,44.86664269815711,-45.13335730184289,45.13335730184289
1175,2.5936417297990064,1.780604033719032,5.0671270743255405,2.8457349182469063,0.4237267388699078,-56.02421836575318,33.97578163424683,33.97578163424682
1176,1.2944779165271465,0.8684952193439809,2.275703021162513,2.6202827263476114,0.5690672470947945,77.23664203616197,-12.763357963838033,12.763357963838033
1177,0.7634414248483123,0.5651831559931373,1.0905172106986014,1.9294934732836289,0.9805679520455995,-47.38471918258227,42.61528081741773,42.61528081741773
1178,3.077530771427696,2.431488984314788,5.106459831027015,2.100136938299169,0.3026077888941461,-40.75270936771901,49.24729063228099,49.24729063228099
1179,3.601145998724694,2.919685547048882,5.160833409316915,1.7675990534437205,0.3946629078724618,-82.57357101108221,7.426428988917792,7.426428988917792
1180,1.2270604129519955,0.7948262065113846,2.341671208454893,2.946142426195094,0.4986995892274698,-70.00667274011278,19.993327259887224,19.993327259887224
1181,3.744950613260409,2.2247940592658204,10.571773770860398,4.751798813391776,0.1214550850417335,-85.24599583862772,4.754004161372279,4.754004161372279
1182,1.1816912584570125,0.5661073615637151,2.6985974201974843,4.766935750037511,0.4659482359688122,-75.15462444312162,14.845375556878366,14.84537555687838
1183,3.9989685641078982,3.316580508850095,5.357557052829518,1.6153857982742166,0.4255762791505252,-74.64094894212438,15.359051057875604,15.359051057875618
1184,7.527902804479347,2.9732925739550726,29.344316023254347,9.869299873244747,0.0950918482942281,-83.60217840084194,6.397821599158078,6.397821599158064
1185,2.3035403350478,2.10945574813078,2.669825215220212,1.2656464671448946,0.6133870366964859,86.26863238637033,-3.731367613629672,3.731367613629672
1186,2.8840340825413238,2.259039539562907,5.398778961055862,2.3898558951741284,0.2121776155913636,-7.723006721991487,82.27699327800852,82.27699327800852
1187,2.394010781836305,1.57403245506433,4.576692414941662,2.907622647942551,0.4586949825318308,81.46430639232375,-8.53569360767625,8.53569360767625
1188,4.931687817016363,3.447420057586744,8.152304909245284,2.364755316458896,0.3245658277584304,69.2678677505187,-20.732132249481296,20.732132249481296
1189,7.440290606760301,3.5457424249865825,21.754191964777636,6.135299567018028,0.1149520727501387,78.32726159444557,-11.672738405554426,11.672738405554426
1190,1.9181228409342128,1.3182751781488096,3.2212916325847405,2.443565414853859,0.5349807638419896,64.99683967324711,-25.00316032675289,25.00316032675289
1191,3.920775317711456,2.328370355496276,7.087208715374457,3.0438494024993155,0.4794120273746769,-70.28262255773883,19.71737744226118,19.717377442261167
1192,1.1291450947814663,0.9303928948731572,1.5087695490069628,1.621647754750596,0.7273835732072446,19.656647269006992,-70.343352730993,70.343352730993
1193,0.9606427264386592,0.7846840311160506,1.3209703765677865,1.6834424101749332,0.8226265266748464,-41.65212918217915,48.34787081782085,48.34787081782085
1194,3.176549406798542,2.102872272452009,5.622563989331045,2.673754399155672,0.4383547910800011,-82.17288146129961,7.827118538700404,7.82711853870039
1195,1.176542252445381,0.9461408760418916,1.607712507350863,1.6992316345918863,0.7527379906763041,71.81219359800528,-18.18780640199472,18.18780640199472
1196,1.876523906614425,1.2453328264739156,2.9990411658237788,2.408224614391144,0.6452653343371618,85.6013002314515,-4.3986997685484965,4.3986997685484965
1197,3.439019046593224,2.479905226941265,5.568337036995783,2.245382999520435,0.300214493065091,73.342249768083,-16.657750231917007,16.657750231917007
1198,1.4282681233264556,1.2783516017100138,1.6503072785131547,1.290965080581576,0.8952122502045788,-2.0984413093395564,87.90155869066044,87.90155869066044
1199,2.6991730427448086,1.8004168920700243,4.154825025455628,2.307701646077442,0.701029988291741,75.55248372370673,-14.447516276293271,14.447516276293271
1200,2.7036679218663675,2.1621913881562027,4.302893778165723,1.990061472696454,0.4009050510003366,72.29811460995653,-17.701885390043472,17.701885390043472
1201,1.096409273000846,0.7422596715327694,1.9489117353930925,2.6256468054752067,0.5351563911906255,-60.214527394641486,29.785472605358507,29.785472605358514
1202,2.0615274636937264,1.3999381806804123,3.117027710740789,2.226546681672629,0.6761906556693864,84.7936613345743,-5.2063386654257044,5.2063386654257044
1203,3.1069814976841035,2.7002342603301197,5.251596898452665,1.944867145641885,0.2827181577035483,85.97741454107195,-4.022585458928049,4.022585458928049
1204,1.4367445664276617,1.149494772984947,1.9252395071505235,1.6748571219259778,0.8016580028652425,14.832294621978688,-75.16770537802131,75.16770537802131
1205,0.84641062903508,0.6191224754106252,1.2199754504335014,1.970491298388688,0.8462677643952881,33.67258427135236,-56.32741572864764,56.32741572864764
1206,0.8392070033186643,0.6516700715689759,1.3425164105559468,2.06011672029632,0.561354248937176,84.20315416284146,-5.796845837158543,5.796845837158543
1207,1.8039417076383557,1.4046648894447118,2.6272097267453605,1.870346263003656,0.6794382453668679,-85.01392518605901,4.986074813941002,4.986074813940988
1208,1.1345092346885122,0.5790339810272163,3.127410662954471,5.401083123664678,0.2760791864759621,-65.32595158435252,24.674048415647462,24.674048415647476
1209,0.9219431092603804,0.7010200046427846,1.4056030456900754,2.0050826458316577,0.7294547929683578,64.18872994694244,-25.811270053057555,25.811270053057555
1210,1.0569367929308613,1.003584269774601,1.19353251324716,1.1892698492725682,0.8994875224843902,29.646946488707783,-60.35305351129222,60.35305351129222
1211,2.031863651507851,1.507147423226106,3.783630263039318,2.5104579716165487,0.4609009427106832,-69.29215944915796,20.707840550842036,20.707840550842036
1212,2.529649845807552,2.12323843813257,3.129291633350712,1.4738295884012846,0.7968797485748318,50.505025557504695,-39.494974442495305,39.494974442495305
1213,2.4292557384703275,2.0105113256001337,3.199577125268141,1.591424571713404,0.6932718111948182,-69.09483556189161,20.905164438108386,20.905164438108386
1214,1.1237553499514827,1.0549579354238117,1.3232970705546954,1.2543600328700149,0.7104791911508739,-79.57818175097181,10.421818249028206,10.421818249028192
1215,1.5777276373049178,1.3264877807775086,2.006182924987309,1.512402114862606,0.7044812261724087,-84.3551020027984,5.6448979972016105,5.644897997201596
1216,1.7699661294252256,1.2086307734191473,2.834626511258184,2.345320484633357,0.5800530946589326,-86.40982901673594,3.590170983264045,3.590170983264059
1217,1.2418151765086958,0.8097695467818378,2.6065839699182334,3.218920716736314,0.3890959293115267,-76.58684191262986,13.413158087370135,13.413158087370135
1218,1.3084726790995154,0.9127076924426432,2.66878961510356,2.924035413749154,0.4165757873287644,-69.98148894805043,20.018511051949588,20.018511051949574
1219,1.1074287385521373,0.8230324671688877,1.878769222163229,2.2827401069922826,0.5083318293489599,62.10678765429977,-27.893212345700228,27.893212345700228
1220,1.3038244488524504,1.2160223982854634,1.5880614004236249,1.3059474913148963,0.7205064581693186,-45.200745732718985,44.799254267281015,44.799254267281015
1221,3.791673679652438,4.351429186690484,5.53546957640016,1.2721037936986876,0.2651535488204503,-41.12049357435016,48.87950642564985,48.87950642564984
1222,7.32267290298063,5.543850255129729,13.177142752028082,2.3768937012386404,0.1838705653147114,40.08183256841805,-49.91816743158195,49.91816743158195
1223,1.398195952804615,1.29750617626719,1.607488227203174,1.23890603112794,0.743636288455232,72.08255676909084,-17.917443230909157,17.917443230909157
1224,1.0278144733504384,0.8686939828683493,1.3069105309006162,1.504454453092118,0.8925197705638102,-88.02849051409804,1.9715094859019473,1.9715094859019615
1225,3.2947605862753666,2.0191836740786657,5.744907160120773,2.8451632379318434,0.5332945689362176,74.53242859361069,-15.467571406389311,15.467571406389311
1226,1.2071068813224677,1.0762662762622457,1.499193837844624,1.3929581098194022,0.7368588730998978,-24.81688231830828,65.18311768169173,65.18311768169173
1227,0.9153341128725788,0.6747435714799671,1.9260841219641045,2.8545423822852816,0.4460855533981107,-18.216250522614388,71.78374947738561,71.78374947738561
1228,2.052673332020974,1.864218711837214,2.977667610630189,1.597273748902378,0.4874928729942281,-13.045842538713948,76.95415746128606,76.95415746128606
1229,6.305135732805864,4.116599613207509,15.808053667978278,3.840075585019356,0.1673226067710383,83.01491996379869,-6.98508003620131,6.98508003620131
1230,2.016868142863207,1.350811499535846,3.073030869234445,2.2749516644553087,0.7286211587724541,-80.64480632831598,9.35519367168402,9.35519367168402
1231,2.570126813468571,1.7850187754821,3.9790498077523018,2.229136109046044,0.6256912785729558,72.74041291653408,-17.259587083465917,17.259587083465917
1232,2.5272486588916614,1.5297873598912242,4.356361968725806,2.8476911778350464,0.5896807702131497,65.56274348228067,-24.437256517719334,24.437256517719334
1233,1.0099380753567209,0.8664024158319646,1.2296335384988546,1.419240662340601,0.9339968346265874,-32.41988034915048,57.580119650849525,57.58011965084952
1234,0.9019708538191776,0.4545499393392807,2.087608670862241,4.592693761870747,0.4900445876553143,87.04018737380362,-2.9598126261963813,2.9598126261963813
1235,2.886138449171217,2.388595870361608,4.335108336424141,1.8149191289390665,0.4643665814770012,76.98565090656945,-13.014349093430553,13.014349093430553
1236,2.376192272076737,1.4559905637562802,3.999694070685242,2.747060434489708,0.6598241225417794,-88.24752561132875,1.75247438867126,1.7524743886712457
1237,1.7665326322454526,1.1766004859924222,3.958768282361233,3.364581546150007,0.2509944688274589,57.53909303678262,-32.46090696321738,32.46090696321738
1238,1.340559085464394,1.042949967172043,2.0394961832019773,1.9555072126154505,0.6259664903909373,-89.71998550191657,0.2800144980834318,0.2800144980834318
1239,1.021890421280174,0.783454338381729,1.471113539014465,1.8777272228182904,0.7696522945750028,59.41588553184432,-30.584114468155683,30.584114468155683
1240,0.8535534614000618,0.826099950263796,0.9957574018709332,1.205371579495872,0.8048060065926973,73.41428509974071,-16.58571490025929,16.58571490025929
1241,5.068890789686873,3.358851536253649,12.185512408790975,3.627880624453646,0.1927585562347009,-89.66784419847973,0.3321558015202868,0.3321558015202726
1242,1.5308539431383232,1.0993134066262598,2.3933947338046697,2.177172332637954,0.5767675113681924,-72.70264249602467,17.29735750397532,17.297357503975334
1243,1.667526881973112,1.2687160032688267,2.407278872941317,1.8974135005304584,0.6607088416862533,-85.89213088826043,4.107869111739575,4.107869111739575
1244,2.567763477967868,1.8874871672587128,3.6857664195221607,1.952737207148896,0.6565522788345087,84.00979298944536,-5.990207010554641,5.990207010554641
1245,5.414068366585669,4.957194965181811,6.892508626119636,1.3904049920430843,0.5313673403511343,-74.61655471262308,15.383445287376901,15.383445287376915
1246,0.8884066096615684,0.8153672660647756,1.0649724806478231,1.306126116379092,0.8699961905979553,61.24337345504301,-28.756626544956987,28.756626544956987
1247,1.2020667470700563,1.0037738462322712,1.6042125892602837,1.5981812987873687,0.7165204330213509,-67.68232256660426,22.317677433395744,22.317677433395744
1248,0.8884066096615684,0.7574598220593086,1.2564804298690897,1.6588080229167694,0.748289123582633,27.871717487071464,-62.128282512928536,62.128282512928536
1249,3.143889730718339,2.748079605048244,4.000335701770477,1.4556840691302495,0.5385845553663422,75.18254478939278,-14.817455210607221,14.817455210607221
1250,1.4660262135550917,1.201581655771328,2.263446814593577,1.883722844570733,0.4594642572605007,-77.07501724395532,12.924982756044699,12.924982756044685
1251,1.1504515979244476,0.8899590173252422,1.9099836134213617,2.146147829550385,0.63407626783037,-82.3077442701349,7.69225572986511,7.692255729865096
1252,1.0683634687220958,1.0452472048511985,1.2145986014426793,1.1620204252214097,0.8014962475031334,32.912179228880554,-57.087820771119446,57.087820771119446
1253,1.3540776702961077,1.158271818010998,1.9291311245690768,1.6655253927198288,0.6112613719998682,12.41339444369004,-77.58660555630996,77.58660555630996
1254,2.0965701003918507,1.5232868763944944,3.781159346675671,2.4822371972542627,0.4765435946161892,-29.57559305135068,60.42440694864932,60.42440694864932
1255,2.332352078688221,1.344386603672297,4.708375630671116,3.5022482504733534,0.4221280795000058,-84.1629849333185,5.837015066681488,5.837015066681502
1256,1.6232483481616002,1.3223667526517635,2.1310287181740644,1.6115262380127733,0.6941054907205224,-63.8348962988678,26.16510370113221,26.165103701132203
1257,0.8676627389239214,0.5582664470836102,1.5535481083834066,2.782807593935044,0.6740145418729253,-33.728356360817074,56.271643639182926,56.271643639182926
1258,4.388404928878469,2.1675426729615674,12.810911748690083,5.910338886747829,0.2491647885971616,84.24450372235708,-5.755496277642919,5.755496277642919
1259,5.973858008306595,3.4223995067669764,11.806180721734586,3.449679296175297,0.3683110989227881,-88.30554245563017,1.6944575443698113,1.6944575443698255
1260,2.2339631943154266,1.6736948495883628,3.129113623258821,1.8695843056626549,0.7439304137530374,65.7895408422967,-24.210459157703298,24.210459157703298
1261,1.2418151765086958,0.8997755690602051,1.8187956171754671,2.021388088004165,0.7580711572420117,-89.35624048308603,0.643759516913974,0.643759516913974
1262,1.2660243778180809,1.165596859084923,1.4128595144468352,1.212133941023169,1.0234292588709315,82.94341667523118,-7.056583324768823,7.056583324768823
1263,1.0453852243082644,0.9294128254742988,1.27219359144842,1.368814327260002,0.8418472929808527,-81.69174882412996,8.308251175870055,8.30825117587004
1264,1.270810876469873,1.1578978375436029,1.580411917142329,1.3648975461384911,0.7019863400459356,-81.92256100180472,8.077438998195277,8.077438998195277
1265,1.2466946262544771,1.1584538641441264,1.3897259608084491,1.1996385905581042,0.9181743181508004,8.002920971351278,-81.99707902864873,81.99707902864873
1266,0.8815462242933692,0.9008724046818264,0.927738814445105,1.0298226581518692,0.9687525965175612,68.83685292767376,-21.16314707232624,21.16314707232624
1267,0.9019708538191776,0.7654231932903421,1.1132875330031882,1.4544732152908428,0.9806629818992212,65.72247979990395,-24.27752020009605,24.27752020009605
1268,1.6784140066373283,1.181700327324562,2.708520261117621,2.292053406847968,0.6031021376837933,-71.41788434631621,18.582115653683786,18.582115653683786
1269,1.1183396299962336,1.0473997396484862,1.3130604665218306,1.2536383357919316,0.9189459327139904,48.28996810745943,-41.71003189254057,41.71003189254057
1270,1.671163804247637,0.9386460998981996,3.78587117724917,4.033331814471679,0.3813294740134499,60.01581789507604,-29.98418210492396,29.98418210492396
1271,1.9557366732786756,1.4615020688782192,2.724542410832542,1.864207016089805,0.7277145139077377,-48.34844806445487,41.651551935545115,41.65155193554513
1272,2.1424021849896837,1.807749215681072,2.938204743397693,1.6253386907379852,0.5733482070443046,-41.52783793548237,48.47216206451765,48.47216206451763
1273,1.1609582232861997,0.8631912536520014,1.802870459457488,2.088610666326701,0.6705214852392954,65.76895066618887,-24.23104933381113,24.23104933381113
1274,1.1970053909181526,0.9464376234279012,1.560991108104794,1.6493333205109095,0.959687805930756,-61.1639684449676,28.836031555032406,28.8360315550324
1275,1.021890421280174,0.8816683695198209,1.2349699641981633,1.4007193712424542,0.9628682064101196,13.218902989175536,-76.78109701082447,76.78109701082447
1276,2.347918561217162,1.6843352867820127,3.657752097577808,2.171629441170281,0.5179852387386853,21.481848298011197,-68.5181517019888,68.5181517019888
1277,1.1237553499514827,1.017702162691278,1.5367272834147323,1.50999706962488,0.6103889470073659,18.49170899433055,-71.50829100566945,71.50829100566945
1278,5.531658655562284,4.253638890094667,10.008661747598328,2.3529646042369103,0.2941087460213249,62.50579544142311,-27.49420455857689,27.49420455857689
1279,1.5348147620304609,1.3455020832074167,1.824563610799326,1.3560466635993005,0.7966415471914865,79.19140983819129,-10.80859016180871,10.80859016180871
1280,2.515208339531214,2.6292598223920325,4.702372242632761,1.788477579349562,0.1851324021599589,18.45452641788235,-71.54547358211765,71.54547358211765
1281,1.2612197138901655,0.79781211139662,2.2699787104112303,2.845254763602787,0.5726754147506975,70.45102960966541,-19.54897039033459,19.54897039033459
1282,2.052673332020974,1.252330567690931,3.569088159736845,2.8499569137864227,0.5767401516871733,-89.7382648490347,0.26173515096530764,0.26173515096529343
1283,5.329300553424302,4.118571689883059,7.844042082517221,1.9045539748125495,0.3290492517663234,-82.1043111027981,7.895688897201893,7.895688897201893
1284,1.593045740590529,1.479605663863217,1.8651174804477977,1.2605503790638504,0.6861356062476103,-9.728136783062688,80.2718632169373,80.2718632169373
1285,2.2421015207009214,1.6275009477285975,3.568860616218971,2.192847027953998,0.5521626045438309,-85.84932274321952,4.150677256780483,4.150677256780483
1286,2.2770315083343613,1.8510197706637623,4.167028169641204,2.2512067324634444,0.3816765033602225,78.56169699589834,-11.438303004101655,11.438303004101655
1287,0.9606427264386592,0.7949775888428002,1.645175257166572,2.069461177592883,0.5244411373234105,-49.96301495314245,40.03698504685755,40.03698504685755
1288,0.9978425722559162,0.8656722074057247,1.2637674193961053,1.4598683064845128,0.8862697035800704,54.33072767544176,-35.66927232455824,35.66927232455824
1289,1.0569367929308613,1.030811128189563,1.181993620441418,1.1466636206357026,0.7422897730739443,57.93869285224211,-32.06130714775789,32.06130714775789
1290,1.0683634687220958,0.93514969738275,1.3010643561074964,1.3912899290336616,0.8551574281839734,75.00547419753708,-14.994525802462917,14.994525802462917
1291,0.8952144227026446,0.5656626793770625,1.6206975156880687,2.865130712658764,0.5893729580867847,78.8063592937982,-11.193640706201805,11.193640706201805
1292,1.4111624987975715,0.7869956611042537,3.436360345840216,4.3664285785496855,0.3402198518857983,-79.17484625186837,10.82515374813164,10.825153748131626
1293,1.6344304437273447,0.9551224566356172,3.158995979795756,3.3074250928233853,0.5069931803361177,-84.8264596832567,5.173540316743299,5.173540316743299
1294,2.314058838770094,2.5695507972858063,2.8995474761215165,1.1284258241496072,0.4416366132075707,9.832560135109734,-80.16743986489027,80.16743986489027
1295,1.2897792515977275,1.233049942915771,1.4813109067452817,1.2013389362335578,0.7320126616506429,21.690477953517934,-68.30952204648207,68.30952204648207
1296,3.479386562153408,3.1387780868456296,3.99980853275366,1.2743202679783383,0.6738198131997954,-59.09058347444719,30.909416525552814,30.909416525552807
1297,4.030724910699935,2.660566330458839,6.721638882737779,2.5263940258834183,0.525886577682762,-78.41747612439494,11.582523875605062,11.582523875605062
1298,1.0453852243082644,0.9243560102045904,1.28517000697152,1.3903409430821676,0.792119186881919,-64.50962769542926,25.49037230457074,25.49037230457074
1299,1.1183396299962336,0.8363072334617994,1.6438717912372964,1.965631439575949,0.7270188840486498,46.43323670687568,-43.56676329312432,43.56676329312432
1300,2.162148244667752,2.157473628305263,2.281418109287854,1.0574488973382965,0.845627380391147,-53.76592102997808,36.234078970021926,36.23407897002192
1301,1.585405189396292,1.0375286949189888,2.631600524636447,2.5364122819195134,0.6077049122066658,61.39615436974968,-28.60384563025032,28.60384563025032
1302,0.8815462242933692,0.6448562774994522,1.2461797167633342,1.9324921850735848,1.0154278174406677,-4.569307726472419,85.43069227352758,85.43069227352758
1303,2.852282281155385,2.874232828755841,3.411251235728933,1.1868388676103003,0.5234661729899058,47.39000443112539,-42.60999556887461,42.60999556887461
1304,5.5971243503360855,2.633259102979217,17.479370688350834,6.637922819131251,0.1916300357457389,-76.28633069744136,13.713669302558628,13.713669302558642
1305,1.1074287385521373,0.9248344736195724,1.569622050094601,1.6971924110392318,0.6052739927225873,-55.525679959277845,34.47432004072215,34.474320040722155
1306,1.1661760393441107,0.9382329054304204,1.7873831579056223,1.905052730042173,0.4860011958619099,45.34450372737488,-44.65549627262512,44.65549627262512
1307,1.2563966762852905,0.9947518798116504,1.7338164699521614,1.7429637532129605,0.7592077696817049,79.76402686774202,-10.235973132257982,10.235973132257982
1308,1.3177199508995825,0.971605786746924,2.1056098637756797,2.1671442188766328,0.5089393008772636,-12.946591291331549,77.05340870866846,77.05340870866846
1309,2.5440093737132674,1.3835763399257202,5.177087356988618,3.7418154731285447,0.3918382467958038,-84.6487818923935,5.351218107606485,5.351218107606499
1310,1.340559085464394,1.2308050250002895,1.6190464935058952,1.3154370193650406,0.7566169280215705,64.5116524720163,-25.488347527983706,25.488347527983706
1311,1.0039085404212729,0.9186864210672632,1.1994959348801768,1.3056641606683264,0.8901724683932208,32.32914469061117,-57.67085530938883,57.67085530938883
1312,3.553626438646273,2.5954596977776467,5.235115198975263,2.017028121630173,0.5586118803801263,-48.28849851815349,41.71150148184651,41.71150148184651
1313,1.2850634067342854,1.1898941083406338,1.4513726779657024,1.2197494447549737,0.9251580883729656,88.66012067030044,-1.3398793296995564,1.3398793296995564
1314,3.4915796938584958,3.0049912815548234,9.03584153207758,3.006944342082188,0.2161257812493918,-89.97789572509632,0.022104274903682608,0.022104274903682608
1315,0.9019708538191776,0.8696321567211625,1.0251196229502872,1.178796822343105,0.920462729044245,-5.70293523417566,84.29706476582435,84.29706476582435
1316,0.9019708538191776,0.8027390570349106,1.1464774116891705,1.4282068396222447,0.8391728404413806,76.67717656244096,-13.322823437559038,13.322823437559038
1317,1.139848131163964,0.8683471412235109,1.5939810869115911,1.835649605140237,0.7965369340217408,84.94746098837823,-5.052539011621775,5.052539011621775
1318,3.4460734520507303,3.01909334551264,4.582588046825774,1.517868950172408,0.5729107050970127,27.619985437561667,-62.38001456243833,62.38001456243833
1319,0.9606427264386592,0.9429261387877246,1.041931546504365,1.1049980519618716,0.8837274694859842,69.86644258652693,-20.13355741347307,20.13355741347307
1320,1.4111624987975715,1.2475009642766075,1.6772889331397454,1.3445191476163387,0.831455944242105,-59.538353157771006,30.461646842228987,30.461646842228994
1321,1.1661760393441107,1.009713292814867,1.395244151010547,1.3818221082550088,0.9844452318213178,-78.73008069963213,11.26991930036786,11.269919300367874
1322,5.260502911059032,3.357140035663897,11.943378410658797,3.557605069726236,0.2978389335961138,75.13965154043282,-14.860348459567177,14.860348459567177
1323,1.270810876469873,1.0102675415313,1.7195822046885891,1.7021057630755458,0.6767622336112525,-88.0100209284952,1.9899790715048198,1.9899790715048056
1324,1.0796692170979234,1.0460076323094567,1.2730192992611316,1.2170267787152382,0.7513877134022479,17.692276008481578,-72.30772399151843,72.30772399151843
1325,2.090770448616529,2.0716424284434694,2.6531987882750228,1.2807223639788583,0.5690785878771258,8.395705704869034,-81.60429429513097,81.60429429513097
1326,1.0511768765181757,0.6025083613044098,2.2908042422425314,3.8021119529080383,0.3917395295771964,-64.2843363313287,25.71566366867131,25.715663668671297
1327,1.5068704138297195,1.17736308983988,2.0226052314057257,1.7179111939722838,0.7704293837814351,-80.93279904076967,9.06720095923032,9.067200959230334
1328,0.928505064734256,0.6523879111975084,1.7466111489785268,2.6772586048881366,0.4693482838247523,48.52768067037944,-41.47231932962056,41.47231932962056
1329,0.9350209696908578,0.5952779507786176,1.9438509829874289,3.265451005609885,0.4877221170254792,72.1722185050484,-17.827781494951594,17.827781494951594
1330,1.3450803768346336,0.8534511888148346,2.9645332986643718,3.47358271629001,0.3249191176390946,-55.52573244972847,34.47426755027152,34.47426755027153
1331,2.628519697552557,1.6028689145277422,4.57250835641869,2.852702622763073,0.5375265132560333,81.98124225384983,-8.018757746150172,8.018757746150172
1332,1.1237553499514827,0.9416597003522116,1.4500309805885925,1.5398673003062924,0.9381885183763256,-76.42655460068829,13.573445399311709,13.573445399311709
1333,1.2369164782162358,0.9133230576425688,1.808247603931659,1.9798554178617056,0.7213752182180718,-81.8620475438642,8.137952456135793,8.137952456135807
1334,3.8520392673100847,2.9183422828439323,5.317083447001057,1.8219533322936832,0.6826118649626159,83.59788146979503,-6.402118530204973,6.402118530204973
1335,4.150938513904878,3.837999809033178,5.097520718291823,1.3281711755936558,0.5424123651100028,-86.49973463235682,3.5002653676431805,3.5002653676431805
1336,0.9153341128725788,0.7467274008393048,1.2554332989808097,1.6812471292331457,0.7844768890873649,-76.83438746954056,13.165612530459441,13.165612530459441
1337,1.6492219709549814,1.6400959146918657,2.9478260590236136,1.7973497968119985,0.3193081129206355,63.92355935369444,-26.076440646305556,26.076440646305556
1338,0.8746320295080829,0.5251649912338989,1.7675986773258618,3.3657968578080744,0.5147563077448801,63.93728836572143,-26.06271163427857,26.06271163427857
1339,0.8097519128234426,0.7168439971630581,0.976291352526458,1.3619300104209204,1.0554608716340506,22.86920937210159,-67.1307906278984,67.1307906278984
1340,1.4577200491801383,1.0562067759775675,2.130938127939357,2.017538777827927,0.743760994882799,89.21765302097688,-0.7823469790231172,0.7823469790231172
1341,2.2690184693770243,1.2749324576121652,4.777410112777472,3.7471868288027856,0.3457699311612913,-75.3941678249377,14.60583217506229,14.605832175062304
1342,1.171370613113025,0.711760190146628,2.33075889723628,3.27464071396874,0.4975070574132693,-79.68826927864468,10.311730721355332,10.311730721355318
1343,2.512793352570581,2.3421234346978355,3.3394537940204305,1.425823141747123,0.458703415001442,5.158531682992726,-84.84146831700727,84.84146831700727
1344,1.1237553499514827,0.7530178891988305,1.807101437914692,2.399812094553754,0.7366589646488677,-31.310374418930436,58.68962558106956,58.68962558106956
1345,2.1367269374441915,1.8972735871395328,2.6606477146844365,1.4023532150130342,0.6675369077903642,-69.4046640827752,20.595335917224816,20.5953359172248
1346,1.1451621372724683,0.8871186345262877,1.6350714137137852,1.8431259924856571,0.6605129595239676,-27.086685031117376,62.91331496888262,62.913314968882624
1347,2.850152917453465,2.024804281660313,5.095678062653536,2.516627463112211,0.4133672084839443,57.034891692617805,-32.965108307382195,32.965108307382195
1348,2.3505029522705425,1.85071543922938,3.089680971474756,1.669452205338099,0.737735457330917,-53.43365721022269,36.56634278977731,36.56634278977731
1349,1.820691757871036,1.753888343499873,2.5957582184554107,1.4800019785042822,0.4381109630455549,21.633253705875173,-68.36674629412482,68.36674629412482
1350,3.0814737977359603,2.209035483757248,5.523235530642182,2.5002928070888037,0.4395363566117106,56.81667937907183,-33.18332062092817,33.18332062092817
1351,0.8815462242933692,0.7874445519373209,1.14492287093571,1.453972686862711,0.6628009816999911,-15.614886694686495,74.38511330531351,74.38511330531351
1352,1.8829835605082688,1.4068593960184987,2.573789353411336,1.82945741464664,0.8378483900897471,78.59188873197172,-11.408111268028279,11.408111268028279
1353,2.217596943181781,1.857967602268103,3.116599378012997,1.6774239627259522,0.5790583579096706,79.87441355794405,-10.125586442055948,10.125586442055948
1354,0.8676627389239214,0.6905428252297041,1.2004518291953017,1.738417640927599,0.8214034530591916,53.96237574620524,-36.03762425379476,36.03762425379476
1355,1.5583682828180965,0.8849331836583088,3.1565170528850905,3.566955235915176,0.5526741296705615,-65.6460800648687,24.3539199351313,24.3539199351313
1356,1.5777276373049178,0.8604933727117786,3.041917424522796,3.5350852441041205,0.5235347586831287,89.18415635498486,-0.8158436450151356,0.8158436450151356
1357,0.9855986414141252,0.8580240723377677,1.1995628231652686,1.3980526442538452,0.943509614653362,-69.76618933922806,20.23381066077195,20.233810660771937
1358,1.1816912584570125,1.0644322986093635,1.4649286415607428,1.376253467199944,0.7539048046757577,-83.47999579422887,6.52000420577113,6.52000420577113
1359,1.1183396299962336,0.5578641554383811,2.5414071633845103,4.555602181300608,0.47711355116173,83.88358259429535,-6.116417405704652,6.116417405704652
1360,1.4240109808516253,1.2334713358148095,1.730984880382299,1.403344228699762,0.7009927528140013,58.41778930693072,-31.58221069306928,31.58221069306928
1361,1.9834790046600808,1.0418594393863987,4.3286853221026735,4.154769020139651,0.3413424442501374,89.63579858021997,-0.36420141978003073,0.36420141978003073
1362,2.119610024049903,1.0781936052542749,6.111524335167188,5.668299557133694,0.2357818398303927,87.8332337921114,-2.1667662078885996,2.1667662078885996
1363,1.0039085404212729,0.457388705170006,2.3597284970406163,5.159131544718693,0.4571027562851738,88.76182728873577,-1.2381727112642267,1.2381727112642267
1364,1.2418151765086958,0.9349857488534672,1.874305109159127,2.0046349492037785,0.626885102153918,-88.42513667069568,1.5748633293043213,1.5748633293043213
1365,2.734925236834042,2.311586586013224,3.533950092776787,1.5287984945750028,0.648876990524705,-67.51166921945939,22.488330780540593,22.488330780540608
1366,0.8746320295080829,0.7836676724142758,1.0404681114785694,1.327690484249731,0.9400600511548964,-29.28989829312333,60.71010170687667,60.71010170687667
1367,1.096409273000846,0.7559302585682787,1.7831167911679529,2.358837698262206,0.6564292320364656,-46.8769835110627,43.12301648893731,43.1230164889373
1368,1.7457898469292477,1.5240646007610883,2.10343314031639,1.3801469696664932,0.8382933909251775,-66.97107253804194,23.028927461958062,23.028927461958062
1369,0.9350209696908578,0.6959748696643622,1.9361627347792016,2.781943456827582,0.4508226430424178,84.9606504990984,-5.039349500901594,5.039349500901594
1370,1.1074287385521373,0.8011296372268181,1.6257671882048526,2.0293434578610663,0.8623048578455368,86.76119022078773,-3.238809779212275,3.238809779212275
1371,1.5968523069270035,1.0166639770856702,2.8516448554666822,2.8049039994916485,0.4592455035808242,-86.87191267884272,3.1280873211572953,3.128087321157281
1372,8.782342042269539,9.25399050734224,15.548387503999114,1.6801819162946856,0.1035945996814529,-55.44125122679015,34.55874877320986,34.55874877320985
1373,2.108121538231362,1.56871118680846,4.189103538561797,2.6704109550493618,0.3194857676705671,26.196901374400746,-63.803098625599254,63.803098625599254
1374,2.6331351878456077,2.015664390323225,4.427820226979691,2.1967050905084755,0.4055381118354261,45.241400727708296,-44.758599272291704,44.758599272291704
1375,4.426972945308105,3.925922906288776,6.087831589729688,1.5506752768827523,0.4067797146105031,-17.41308686182827,72.58691313817172,72.58691313817172
1376,1.663882010113248,1.3662573572815069,2.1615286926434227,1.5820801850570063,0.7265986413890313,84.75404755193692,-5.245952448063079,5.245952448063079
1377,0.9414917802541344,0.6728825175346511,1.3936271424749016,2.071129961261231,0.7806405336247134,-65.46779057349336,24.532209426506654,24.53220942650664
1378,1.1609582232861997,0.7757402050534321,1.9396844578002088,2.5004304858307624,0.5908709982091173,-58.41887184336312,31.58112815663688,31.58112815663688
1379,1.6381408467855358,1.2891612348032362,2.21635378646894,1.7192215578893206,0.7573845902130891,73.7177425933698,-16.282257406630194,16.282257406630194
1380,1.5892300566907107,1.0070991450898317,2.722681288228128,2.703488828783852,0.6250979395812141,80.92345322883133,-9.076546771168665,9.076546771168665
1381,0.9019708538191776,0.8016495507729179,1.153533194329697,1.4389494676539232,0.6828091326477317,89.18179232572926,-0.818207674270738,0.818207674270738
1382,1.0278144733504384,0.9379618218968104,1.2774426723807215,1.3619346145639382,0.7996303333339497,62.09677668959469,-27.90322331040531,27.90322331040531
1383,3.435486411817406,1.6375288856243455,8.517267965311952,5.201293265776223,0.2753788140420991,-73.4688327155961,16.53116728440392,16.531167284403907
1384,0.9606427264386592,0.4464301026555985,2.4635125574615664,5.518249201403114,0.3688305015154637,-83.98825563334671,6.011744366653289,6.011744366653289
1385,1.2270604129519955,1.0339159504041204,1.519858197137037,1.4700016926356338,0.8474259126948115,-11.367310225695284,78.63268977430471,78.63268977430471
1386,0.8746320295080829,0.82915419448741,1.0116125564693843,1.2200535958149157,0.824873946356432,89.79668734605362,-0.20331265394638365,0.20331265394638365
1387,1.4865885952249918,1.465780399391715,1.6080456269366838,1.0970576681227338,0.8596105499445242,3.755243522992203,-86.2447564770078,86.2447564770078
1388,1.380717816333713,0.973998199021257,2.14579605727454,2.2030801077771898,0.6882346908701291,-64.64422558619279,25.35577441380721,25.35577441380721
1389,1.886205091624149,0.9740762664745132,3.969712745099508,4.0753613261383945,0.4383510216332923,-73.45587748826031,16.544122511739687,16.544122511739687
1390,5.629571719843274,3.030702887946063,11.668178378302128,3.849990846912007,0.3131251382504,82.23019090302193,-7.769809096978065,7.769809096978065
1391,1.2612197138901655,1.17416469702316,1.399069326514036,1.1915443634620193,0.9494229335483944,-42.70970494688921,47.29029505311078,47.29029505311079
1392,0.8535534614000618,0.3745811532074508,2.8817890540127284,7.693363719281237,0.2727944901126526,-81.05808565447389,8.94191434552613,8.941914345526115
1393,2.6006547441227528,1.4740366267025908,5.437555988110756,3.688887975785601,0.4292299981854965,-86.53381719919246,3.4661828008075304,3.4661828008075446
1394,1.0099380753567209,0.7498476715335521,1.549026118826156,2.065787729470657,0.6456798278158696,83.87772765121588,-6.122272348784122,6.122272348784122
1395,0.8606370140730026,0.5088954274376519,1.651913683364748,3.2460768839726595,0.6121074450331463,-69.98929908636426,20.01070091363573,20.010700913635745
1396,2.1367269374441915,1.969585093455392,3.052769944870935,1.5499558536540452,0.3907194723957005,-49.54106081452193,40.45893918547807,40.45893918547807
1397,0.9855986414141252,0.4790927465743174,2.7029773763358182,5.64186662324375,0.3458699675838019,-58.76080938364352,31.239190616356495,31.23919061635648
1398,1.2121260584033826,0.9276536246583632,1.685373981265837,1.8168138801662397,0.772667382309058,86.97211792695194,-3.027882073048062,3.027882073048062
1399,1.0278144733504384,0.910856357343228,1.3378138855732815,1.4687429854202223,0.7323182214604822,11.62014754513183,-78.37985245486817,78.37985245486817
1400,3.3149683957230627,3.187240085140316,3.9548574507949863,1.2408407729412945,0.5853644780425651,-1.909269352667707,88.0907306473323,88.0907306473323
1401,1.3894843667311525,1.0795701049648558,1.8835913791019656,1.7447605953883687,0.7589913321942169,-70.60163522252708,19.39836477747292,19.39836477747292
1402,3.073582686708691,2.162395716491539,5.480022006871161,2.5342364328035347,0.430924421979958,-80.75106735984015,9.248932640159865,9.24893264015985
1403,1.69282125807016,1.1276543509912096,2.6291901586455864,2.33155678983948,0.7174770187924436,79.55379083126344,-10.446209168736559,10.446209168736559
1404,2.761435632667426,1.54420677594055,5.562394373045813,3.602104627249711,0.456572316436421,-69.20795940264296,20.792040597357044,20.792040597357044
1405,1.0039085404212729,0.8580564568434985,1.2707570209357624,1.4809713402897178,0.7823352918635157,7.922498767107572,-82.07750123289243,82.07750123289243
1406,3.261423196617267,2.3014383219831016,5.216748489470548,2.2667339983177928,0.4768932522744792,69.49492753109729,-20.50507246890271,20.50507246890271
1407,5.212969017532849,4.865357454461806,7.7849888723302785,1.6000856967232708,0.2500946529562382,-56.68059535730855,33.31940464269144,33.31940464269145
1408,1.474285581520627,1.0843130656591304,2.156590867992682,1.9889005641389532,0.673880650936918,-36.08934618910245,53.91065381089754,53.91065381089755
1409,3.3368737115654143,2.449902709642483,4.691746765854657,1.915074728228424,0.6426184342164929,-82.44232520354196,7.557674796458059,7.557674796458045
1410,4.589917105999894,3.775763926520228,14.32640157854794,3.794305432583349,0.1243962109240739,-89.38067648830048,0.6193235116995197,0.6193235116995197
1411,1.9834790046600808,2.086315818330955,2.831810402212588,1.3573258551421163,0.369719838369561,89.49952252891384,-0.5004774710861568,0.5004774710861568
1412,2.553537532059954,2.155392369657568,4.689849250448577,2.1758679841636743,0.3452046329218196,-49.26672741482944,40.73327258517057,40.73327258517056
1413,1.0683634687220958,1.017050373745749,1.3121290715416638,1.290131841463421,0.6875252423820828,80.56195669749609,-9.438043302503914,9.438043302503914
1414,4.95134584339441,3.2157799161771097,9.902610606208274,3.0793806990312973,0.3404944046196969,84.77500889023916,-5.224991109760836,5.224991109760836
1415,4.884682947805096,2.053724947650941,13.816866818825687,6.727710463190056,0.272906492221951,76.2956451948536,-13.704354805146394,13.704354805146394
1416,0.7554470535053759,0.7493250281185594,0.882455291703478,1.177666911672747,0.852322508641454,-10.450739465396548,79.54926053460345,79.54926053460345
1417,1.4111624987975715,0.978567541617148,2.20607239170638,2.2543895008623505,0.6466883635268804,59.21960902728594,-30.78039097271406,30.78039097271406
1418,1.096409273000846,1.0101908978061866,1.2446053306073417,1.2320496386477335,0.8828822765875743,-88.50575822550785,1.4942417744921386,1.4942417744921528
1419,8.459801412752498,6.642316069154991,11.892864324791768,1.790469499037966,0.3143226787212086,-74.35239119791761,15.647608802082402,15.647608802082388
1420,1.2803301921000927,0.9060133549817408,1.9720225252317984,2.176593219502312,0.6269308399691847,-85.20007802622426,4.799921973775724,4.799921973775739
1421,1.0159318257539256,0.709863186017193,1.6087995344515038,2.266351553568997,0.6752984730750234,86.65366234212904,-3.3463376578709614,3.3463376578709614
1422,1.4783979621211876,1.4371016413772175,1.6998995763505602,1.1828666305895352,0.7316995466670497,36.66903157508136,-53.33096842491864,53.33096842491864
1423,3.0318174092483874,2.1560536036775666,4.334211303985072,2.0102521090348757,0.7439598640719103,-78.22674121987008,11.773258780129936,11.773258780129922
1424,2.108121538231362,1.2298632557328475,3.8378247347857406,3.1205296335964343,0.5174412109908624,87.00963239107834,-2.990367608921659,2.990367608921659
1425,0.979419278671245,0.8329344214472565,1.3290074934950311,1.5955727837322755,0.7257870157483893,28.70890494885778,-61.29109505114222,61.29109505114222
1426,2.886138449171217,1.6065829010736337,5.939540817030701,3.697002385038129,0.3496200862209829,73.53727002493582,-16.46272997506418,16.46272997506418
1427,3.911473346557351,2.713591215369297,6.422671716075117,2.3668530763580926,0.3095546245402558,-55.85355271756214,34.14644728243786,34.14644728243786
1428,2.6629408889963733,1.7307239002213066,4.366446494908578,2.5229018298934007,0.5409408954809506,87.64686073422055,-2.353139265779447,2.353139265779447
1429,1.1074287385521373,0.9987968516347142,1.3143816974630584,1.3159649985998971,0.8368548254774685,61.02372291756837,-28.97627708243163,28.97627708243163
1430,1.3131044552792934,1.1530909167881926,1.6437328664838589,1.4255015303236411,0.668118040060995,71.95256001967965,-18.04743998032035,18.04743998032035
1431,1.8504598087771928,1.62772833403901,2.3946698508029742,1.4711729228555557,0.5915303756533874,-48.77570453095044,41.224295469049565,41.22429546904956
1432,6.782035954688048,5.09180966994221,11.792288270102569,2.315932651551056,0.3036644720482576,-40.39073861869594,49.609261381304066,49.60926138130406
1433,1.4660262135550917,1.1116843614301484,2.059109473350863,1.8522429070621091,0.7261762501302185,-79.97941542029906,10.020584579700937,10.020584579700937
1434,1.2563966762852905,0.9284582762143068,1.8642556352797797,2.0079045909107407,0.6140075356746602,-48.77915917265924,41.220840827340766,41.22084082734076
1435,0.8606370140730026,0.7847828904337804,1.0131446488803544,1.2909871777662605,0.9723850990529856,89.38191967748453,-0.6180803225154676,0.6180803225154676
1436,0.9219431092603804,0.881129660242169,1.1513637421807972,1.3066904839684517,0.6529873629701978,-65.46889294193497,24.531107058065032,24.531107058065032
1437,1.7423087071804406,1.3485968313416437,2.3816235007355164,1.7660011097357928,0.7189646425193312,-39.54271005134117,50.457289948658826,50.45728994865883
1438,1.3314704444981866,1.229209256561494,1.6698923114570157,1.3585093852353978,0.5645749215529083,-64.90270333847263,25.097296661527366,25.097296661527366
1439,1.8073041368518064,1.685921380837239,2.1882916175604628,1.2979796344202856,0.7090429062585266,22.79159998710791,-67.20840001289208,67.20840001289208
1440,0.8884066096615684,0.7047761370049278,1.227768980541067,1.742069454506066,0.8214196618357922,81.70332488362729,-8.296675116372711,8.296675116372711
1441,1.95883855734249,1.1809421603563988,4.233083154002558,3.584496596111911,0.4220398675882134,-80.4075495367531,9.592450463246905,9.592450463246905
1442,1.9495180989563052,1.166777900069631,3.473802628781175,2.977261249612172,0.6100665267488103,-85.35116908705639,4.648830912943595,4.648830912943609
1443,1.2418151765086958,0.7630107300687831,2.336216781280397,3.061840009864336,0.4634035613852126,85.85135417604376,-4.148645823956244,4.148645823956244
1444,1.2270604129519955,1.0497732053839437,1.4844797072719165,1.4140956348080762,0.8926349530108525,-77.83271874745438,12.16728125254562,12.16728125254562
1445,7.4639171023166595,6.414846397966775,14.776401273336266,2.303469226951364,0.1391026411485003,-41.395235451058255,48.604764548941745,48.604764548941745
1446,1.2221025728266244,1.0645070478619532,1.4492770975408398,1.3614537362168635,1.000352543470195,25.78253034118659,-64.21746965881341,64.21746965881341
1447,4.374548232053245,2.666207559557098,8.760455827534038,3.285736624716981,0.2939660920775376,80.14740145661065,-9.852598543389348,9.852598543389348
1448,0.8022191731670073,0.5499719686742327,1.5936180102586222,2.8976349723790684,0.4745231930312266,83.09120279577284,-6.908797204227156,6.908797204227156
1449,0.9917395023300404,0.9630789473870384,1.06652962818454,1.107416615302595,1.0103077227768458,66.17569283806698,-23.82430716193302,23.82430716193302
1450,2.102353753036351,1.7435676998031422,4.2903897811788045,2.4606958374275982,0.2026820361317124,-83.79321149877345,6.206788501226555,6.206788501226555
1451,1.2612197138901655,0.6021157003642075,2.7520130100547906,4.570571749565996,0.4684516465014531,-86.82221933747859,3.1777806625214,3.177780662521414
1452,0.8952144227026446,0.7038120031751995,1.3648920264045536,1.939284951445751,0.692709902374267,-69.16494892022975,20.835051079770267,20.835051079770253
1453,0.8952144227026446,0.8355020880111256,0.9881521847184618,1.1827046262334455,1.0734682246071197,-32.41075826813032,57.58924173186968,57.58924173186968
1454,1.139848131163964,0.8849244019220796,1.5933255673053006,1.800521676026285,0.7415170351516024,-18.882977381836845,71.11702261816316,71.11702261816316
1455,1.1970053909181526,0.74800203500177,2.1476756896209404,2.871216372580936,0.5594754712972438,-83.46877414329813,6.531225856701866,6.531225856701866
1456,1.2944779165271465,0.9942220465098036,1.7676881091023018,1.777961085562059,0.8348289090280905,82.37731282025696,-7.622687179743039,7.622687179743039
1457,0.9855986414141252,0.9245965066179406,1.16879330269583,1.2641117442365548,0.7134402235051106,-75.25947629772318,14.740523702276818,14.740523702276818
1458,1.5583682828180965,1.319314710638933,1.9262012443566503,1.4600013391981417,0.8638735594980351,-37.74821437887193,52.25178562112808,52.25178562112807
1459,2.591299840626382,1.6429637460544737,4.21078819567557,2.5629221617261164,0.6208170844998253,58.129631450954335,-31.870368549045665,31.870368549045665
1460,1.0908577979726677,1.0137150988407642,1.2690012931438832,1.2518322895605007,0.8572582733508718,-10.496324936048,79.503675063952,79.503675063952
1461,2.6765854235266984,1.563871317478023,4.959265466086503,3.1711467629472625,0.4703054538386009,79.16396820768162,-10.83603179231838,10.83603179231838
1462,1.4451712930335778,1.4087445962329534,1.5356829971078705,1.0901074624984228,0.8920403650804555,-51.123972045309706,38.8760279546903,38.876027954690294
1463,3.5825527714692127,2.347961713489056,6.4168767008598016,2.7329562760733284,0.3466279359631996,85.30487645524744,-4.695123544752562,4.695123544752562
1464,1.039561305877423,0.9518616885584008,1.2041241399591154,1.2650200700721208,0.9789634332463556,-19.33370736495917,70.66629263504083,70.66629263504083
1465,1.6232483481616002,0.9069171876425868,3.9000778667450096,4.300368236357671,0.3223166847577002,-67.55443622995813,22.445563770041872,22.445563770041872
1466,1.376313601551939,1.3084679186805883,1.629669164447082,1.245478885023319,0.7187219913868499,-36.49625563912041,53.50374436087958,53.50374436087959
1467,2.8244753407624037,1.4871162614252478,5.70656678446073,3.8373373571959823,0.4096035526222223,84.58104249577524,-5.418957504224764,5.418957504224764
1468,1.6964039525710572,1.2910951684920038,2.384582386804723,1.8469454808586336,0.7061009044057727,80.43645694990941,-9.563543050090587,9.563543050090587
1469,1.2803301921000927,0.9700372641491428,1.9442816157363163,2.0043370369299383,0.5007524068323774,44.286261641342975,-45.713738358657025,45.713738358657025
1470,1.139848131163964,0.9586625270209012,1.4167592220256258,1.477849798122689,0.8995028481016941,-57.59611717987791,32.40388282012208,32.40388282012209
1471,3.5141118393390745,3.3006346276548526,5.034493981118506,1.525310902011467,0.2659416255233062,-86.53554866759664,3.464451332403371,3.464451332403357
1472,3.3459586009929465,2.717531859884824,5.425744164958316,1.996570581214188,0.3547587823077702,-51.74031149208281,38.25968850791719,38.25968850791719
1473,2.446687833084206,1.5216510665854388,5.04350059224674,3.314492200609616,0.3808468233194941,-71.25463126633052,18.745368733669466,18.74536873366948
1474,0.928505064734256,0.9098599676781288,1.0691110882523411,1.1750281650269825,0.7767825231208616,-11.709128730759788,78.29087126924021,78.29087126924021
1475,2.6765854235266984,2.1336007166808555,4.305534067033025,2.0179661702265204,0.4712357784276645,75.85152250618326,-14.148477493816742,14.148477493816742
1476,2.119610024049903,1.277167776122847,3.8349044571880873,3.002663024297302,0.5346587139541283,-58.1043468021803,31.895653197819684,31.895653197819698
1477,1.833981655109284,1.2320498451717483,3.15055615923172,2.5571661500371605,0.4757419516438331,69.00991115768684,-20.990088842313156,20.990088842313156
1478,0.8952144227026446,0.8941093387136325,1.0558493770837536,1.1808951448855447,0.7192753388394207,-42.76086911949412,47.23913088050588,47.23913088050588
1479,1.968114877060028,1.4813816908382813,2.6632077715944327,1.7977863423486635,0.8346106924655546,59.9242536351746,-30.0757463648254,30.0757463648254
1480,1.0278144733504384,0.9733373686077816,1.153916934078988,1.1855261816665883,0.842031373405764,-72.44018953458814,17.559810465411857,17.559810465411857
1481,1.1609582232861997,1.0452895881740123,1.644909042773542,1.5736395553762172,0.5821162276793512,58.95970382236267,-31.04029617763733,31.04029617763733
1482,6.472389582635732,5.422913571163206,8.053007589528322,1.4849964846113093,0.5764701981502692,-56.85610565355457,33.14389434644542,33.14389434644543
1483,1.946401361393312,1.1220514519772242,3.969646250419456,3.5378468994664547,0.4894722694955625,-77.90328999402706,12.096710005972938,12.096710005972938
1484,1.3314704444981866,1.2227513292365078,1.5204604804709148,1.2434748130024915,0.7742786195377697,82.90167032834803,-7.0983296716519675,7.0983296716519675
1485,1.1661760393441107,1.0279370441875415,1.630005380230632,1.5857054568151607,0.6129833059670913,-69.54724058193275,20.452759418067245,20.452759418067245
1486,1.4577200491801383,0.9826873632695736,2.4305231959281683,2.4733432898143617,0.5714632954338544,74.01134924182371,-15.988650758176291,15.988650758176291
1487,0.8952144227026446,0.7665507583125529,1.091416885445801,1.423802499195738,0.9865238142577228,7.290712441034481,-82.70928755896551,82.70928755896551
1488,3.324113153499001,1.937439882873164,6.028684087122602,3.1116754333467367,0.4835424410578254,-88.26406839764373,1.7359316023562883,1.735931602356274
1489,3.730331361828237,2.6693039318422414,6.4293013207515095,2.4086059455635973,0.3709397004459438,-72.32078304918237,17.679216950817647,17.679216950817633
1490,1.2612197138901655,1.1213771638655503,1.60253054658487,1.429073641076044,0.7847841147580383,48.1396615553349,-41.8603384446651,41.8603384446651
1491,0.84641062903508,0.6466832365206996,1.2388038677532849,1.9156269991137027,0.7803906602431896,-74.0910221294571,15.908977870542913,15.908977870542898
1492,1.7353254778478429,1.0861543836489804,2.939907519838842,2.706712382784942,0.6352859784539118,-62.2754956044287,27.7245043955713,27.7245043955713
1493,1.749264059016166,1.3074852244330342,2.573598056341027,1.968357277197544,0.6751798684069727,81.42048593867976,-8.57951406132024,8.57951406132024
1494,1.3718952479298128,1.0991727451832058,1.82651342533554,1.661716443879896,0.7630983124931785,1.9794407134937508,-88.02055928650626,88.02055928650626
1495,1.0569367929308613,0.6540644172578122,2.0137174418479136,3.078775406083844,0.5268983418761347,-88.75232908559799,1.247670914402022,1.2476709144020077
1496,3.515839100116432,2.2088695531931624,5.912651881642843,2.6767773013555547,0.5622511506843618,-68.19545824881442,21.80454175118558,21.80454175118558
1497,1.8990365667271207,1.6185680157005726,2.6367337219503235,1.6290533955776043,0.5666772128076568,-54.34496034014312,35.65503965985687,35.65503965985688
1498,1.518909516610108,1.1611193882619388,2.2340373038737904,1.924037550710341,0.7039641790505521,-62.10292518309899,27.89707481690101,27.89707481690101
1499,1.2020667470700563,0.7459468066413129,2.1082790200471053,2.826312816512756,0.670124404733309,-86.62093711754623,3.379062882453752,3.3790628824537663
1500,2.125330979189304,1.8790348382478923,2.4542922907236187,1.3061451766440508,0.9297417467540292,72.59326782142922,-17.406732178570778,17.406732178570778
1501,1.1019327803667114,0.6649082322166395,2.1213671240551952,3.1904660241355143,0.5084958258166642,79.8771008404589,-10.122899159541106,10.122899159541106
1502,1.3894843667311525,0.9517717140707428,2.2315149083271195,2.344590488808388,0.678027492686938,74.92112310268787,-15.078876897312128,15.078876897312128
1503,1.4947343471339476,1.3212531944881072,3.283984613793144,2.4855074163627338,0.257864724535381,-4.72312973882846,85.27687026117154,85.27687026117154
1504,5.881679117072506,6.326876477261612,8.426402430304641,1.331842412379725,0.2049703594670527,19.154070644811384,-70.84592935518862,70.84592935518862
1505,3.8156162897802064,3.1164656128389896,6.9941654905696815,2.244262045361779,0.2591116452812697,-81.98703343400373,8.012966565996265,8.012966565996265
1506,0.8606370140730026,0.6645512447348695,1.250747774072177,1.882093794845238,0.860014053270997,84.02613963925712,-5.973860360742876,5.973860360742876
1507,4.13628637318237,2.9462236111037576,8.187625499082518,2.77902378768024,0.3374423546125731,55.40563142674897,-34.59436857325103,34.59436857325103
1508,1.4947343471339476,1.4893513108325298,2.696393716685037,1.810448412723916,0.3374572902694836,19.756613661201595,-70.2433863387984,70.2433863387984
1509,1.3360224934845466,0.7330380143361842,2.9075478342648022,3.966435269933149,0.4096343434774952,-86.41241485658212,3.5875851434178685,3.5875851434178827
1510,5.166173016535423,4.030622374214966,10.778007448898313,2.6740305710225503,0.1530184569388466,77.68316919994182,-12.316830800058185,12.316830800058185
1511,3.740083878763431,2.554484741887729,6.877855883194842,2.6924630906631304,0.3333786402728599,-88.07627812173872,1.92372187826129,1.9237218782612757
1512,0.9606427264386592,0.8007254820325261,1.2448874396813274,1.55469941648586,0.9050190358551222,43.90439923309715,-46.09560076690285,46.09560076690285
1513,1.0337045758596148,0.5829413032042708,2.069557853688383,3.550199380816873,0.4915917661661182,-83.88611423395751,6.113885766042472,6.113885766042486
1514,0.8952144227026446,0.7087943878340954,1.215843574778369,1.7153685125720215,0.997294731079676,-76.36106135880867,13.638938641191316,13.63893864119133
1515,1.652899170550067,1.1533965553561678,3.092403320912476,2.681127584915966,0.4374668078231659,48.52480476498641,-41.47519523501359,41.47519523501359
1516,1.096409273000846,0.8850304147158529,1.5568505354083004,1.759092692772758,0.6619524327863803,-56.5915129683418,33.40848703165818,33.4084870316582
1517,0.9153341128725788,0.8272963303106512,1.0976435764516477,1.3267840509330924,0.9126602636742388,-7.912595875881921,82.08740412411808,82.08740412411808
1518,4.181540897233058,2.330019366844689,9.05513899666765,3.886293446963968,0.3015632836376472,81.07230676073883,-8.927693239261174,8.927693239261174
1519,1.1816912584570125,1.0649995825210927,1.5079739892774593,1.4159385731473686,0.6012741038319874,-20.41841623515176,69.58158376484823,69.58158376484823
1520,1.376313601551939,1.1105187845361892,2.898889642772271,2.610392262732412,0.31939937818779,-78.98943666401513,11.01056333598487,11.01056333598487
1521,3.524462706644781,4.657567330435105,6.604560026213075,1.4180278153050518,0.1684075091619468,-76.05246576066462,13.947534239335369,13.947534239335383
1522,5.072482776052159,6.075457425760018,8.835508666825671,1.4542952155936442,0.1275832209912545,62.16090053886091,-27.839099461139092,27.839099461139092
1523,1.4577200491801383,1.2000862128016871,1.8433755204990172,1.5360359121162848,0.8775736472640524,71.21827328151826,-18.781726718481735,18.781726718481735
1524,4.352285755573581,3.4774889393396533,5.979081525832972,1.7193675178067858,0.6037118621297494,-82.15907914782144,7.840920852178556,7.840920852178556
1525,0.979419278671245,1.000209770326458,1.112308648101803,1.1120753676888768,0.7293718732271811,33.06980836826851,-56.93019163173149,56.93019163173149
1526,1.593045740590529,1.146445025852577,2.861676457489449,2.496130553980385,0.4398118054173586,80.48919759069375,-9.510802409306251,9.510802409306251
1527,0.8746320295080829,0.9094567990995964,1.0221312545327237,1.1238920370320833,0.7377609367818234,48.77591970685584,-41.22408029314416,41.22408029314416
1528,1.0159318257539256,0.8764924439031031,1.4043431464628882,1.602230750797139,0.697746856466851,-51.284789851090856,38.71521014890914,38.715210148909144
1529,1.1128975557056655,1.057355191839533,1.2207999094429605,1.1545788197427531,0.9710807209476414,-5.748131576850737,84.25186842314926,84.25186842314926
1530,8.356545582608305,4.801186280691561,18.056489238935374,3.760839130852162,0.3012027443642878,74.70976251985532,-15.290237480144683,15.290237480144683
1531,3.6992787752580143,2.052788435213181,7.668972366788237,3.735880539482783,0.3714939068532654,-75.16048868742128,14.839511312578736,14.839511312578722
1532,3.7417068269321394,3.011156872831323,5.117412916581963,1.6994839965844009,0.4050975905972276,-23.004703989719378,66.99529601028063,66.99529601028063
1533,1.3450803768346336,1.25300922335397,1.541607166331299,1.2303238775887293,0.8251360452602599,-5.046388195624514,84.95361180437548,84.95361180437548
1534,1.0337045758596148,0.8648115972741223,1.6937258154842931,1.958491098897032,0.4684382688504713,-36.854737059376696,53.1452629406233,53.145262940623304
1535,0.8535534614000618,0.6148340733859147,1.342983405859738,2.1843021784135632,0.6794534352684118,-80.47303601358155,9.526963986418451,9.526963986418451
1536,2.090770448616529,1.8066606901219504,2.484157052716955,1.3749992271926132,0.8207761696946533,4.814046912561137,-85.18595308743886,85.18595308743886
1537,0.9917395023300404,0.922293108255081,1.288655688338577,1.39723009616393,0.7368909753500196,-38.79073175176641,51.2092682482336,51.20926824823359
1538,4.030724910699935,3.440735792959587,5.492691276085053,1.596371127165348,0.3869008442369714,-72.57025801326547,17.42974198673454,17.429741986734527
1539,3.648046620153854,2.080529331886138,8.548019569926629,4.108579215356354,0.3075554420901955,82.00258888146406,-7.997411118535936,7.997411118535936
1540,1.2612197138901655,0.9072202822597998,1.82799323757546,2.0149386795256623,0.8163061594090533,-1.0593877479124334,88.94061225208756,88.94061225208756
1541,0.9978425722559162,0.7583736933140499,1.4148545709210778,1.865642998161294,0.6934937457136315,-73.08773084655186,16.912269153448136,16.912269153448136
1542,1.1451621372724683,0.8529615412462412,1.818003972636752,2.1314020442006223,0.6109705973511036,28.731295595949003,-61.26870440405099,61.26870440405099
1543,1.039561305877423,0.8328595992678047,1.3537040654477517,1.6253688696604314,0.9376824752555712,-63.21049060744625,26.789509392553754,26.789509392553747
1544,1.3038244488524504,0.8534310253747954,2.2365685858363906,2.620678788721294,0.5260008635854867,-4.955278763216998,85.044721236783,85.044721236783
1545,0.8392070033186643,0.6669343234018238,1.1616786708906144,1.7418186920793852,0.9639081278297664,-84.33855495301589,5.661445046984113,5.661445046984113
1546,5.928971827250682,4.056200871127088,15.043796374541502,3.708839096610448,0.1453435254365785,-62.29546838437656,27.704531615623438,27.704531615623438
1547,0.973200680696656,0.9289905804186538,1.100389754546591,1.184500443535924,0.8965895694653052,43.586539592904536,-46.413460407095464,46.413460407095464
1548,1.797197976714934,1.3649158232766678,2.6165207249622755,1.9169832163575904,0.6707426454834842,-68.18665106617541,21.813348933824585,21.813348933824585
1549,0.9153341128725788,0.7672853203269357,1.1847841220386797,1.5441245787601543,0.8216620193947821,69.50432744382954,-20.49567255617046,20.49567255617046
1550,1.4947343471339476,1.0144181228131082,2.7206846367853483,2.682015014913722,0.5253363769376601,-78.71972736517804,11.280272634821955,11.280272634821955
1551,2.653805558851462,1.6179939724046366,5.436452790814863,3.3599957005620325,0.4009384183877133,75.47943260390076,-14.520567396099239,14.520567396099239
1552,1.843886218520761,1.348261759204333,4.264385632045174,3.162876646862528,0.2384285891102107,-38.96839943536737,51.03160056463264,51.03160056463263
1553,2.178931018427761,1.1258658848313416,4.573008001384271,4.061769756945182,0.4596257460953148,75.33887582033043,-14.66112417966957,14.66112417966957
1554,0.973200680696656,0.8766497974145754,1.1903035823614865,1.3577868675404272,0.8930208420960511,-44.07776706568361,45.92223293431638,45.92223293431639
1555,2.8201730148212465,1.6107969834094409,5.832131775970329,3.620649800092087,0.4552386337029487,81.57806613273056,-8.421933867269445,8.421933867269445
1556,1.1074287385521373,0.9870037679890074,1.4636675363254188,1.48294017084413,0.6792051218079043,87.2238390303012,-2.7761609696987932,2.7761609696987932
1557,1.6044383463340146,1.253845494267445,2.1490916814992245,1.7140004022224635,0.8075647452503566,76.94597783879324,-13.05402216120676,13.05402216120676
1558,1.0796692170979234,1.0865025566240472,1.3489976921579785,1.2415964269329924,0.5404215038150192,-41.16840782363042,48.83159217636958,48.83159217636958
1559,1.1970053909181526,1.0112977965435477,1.5188872109695015,1.5019188375182988,0.7726892066528491,56.206474960900174,-33.793525039099826,33.793525039099826
1560,1.827348788334744,1.406825297937067,2.572954950777368,1.82890864597778,0.649494257826151,-58.337936134901895,31.662063865098105,31.662063865098105
1561,1.0159318257539256,0.6377926805430127,1.9874697387324136,3.1161689360252525,0.4951660440089502,-65.93948716430218,24.060512835697807,24.06051283569782
1562,1.2171245375823248,1.1195157145865355,1.4684027068700418,1.3116409959572195,0.7709679309610503,-42.57474214744789,47.42525785255211,47.42525785255211
1563,4.9709261307416925,3.647809149895885,11.784726563238314,3.2306313403415503,0.1846562046654,-76.6546423765981,13.345357623401895,13.345357623401895
1564,2.7036679218663675,2.425079911115348,4.377823303556805,1.8052284724685,0.3923078634345382,81.69494620728206,-8.305053792717942,8.305053792717942
1565,1.2319983017676563,0.8411400869057944,1.8989369511135112,2.2575751419705994,0.7550917626568642,-25.79521254271389,64.2047874572861,64.2047874572861
1566,7.597744614378445,8.989905967553712,13.634651824619546,1.5166623403881652,0.0983186005105441,65.77245441096291,-24.227545589037092,24.227545589037092
1567,3.003651275311278,1.5506413970200603,6.024379056854524,3.885088498496077,0.4910726340957211,84.0873959373895,-5.912604062610498,5.912604062610498
1568,1.470161697690137,1.2338938036020894,2.378980322267441,1.9280268004608792,0.4091944285815241,-47.2683274319487,42.731672568051295,42.7316725680513
1569,1.6602291363104174,1.1539410402336865,3.082467689756081,2.6712523277028493,0.4184096299393094,55.73668857278907,-34.26331142721093,34.26331142721093
1570,2.730481813530866,1.853963093301335,5.034655407849307,2.7156179246719216,0.3292962021538368,-59.43850977775112,30.561490222248892,30.561490222248878
1571,1.039561305877423,0.7639102505262355,1.639500722445559,2.1461954742931577,0.608715664839912,77.57795930792422,-12.422040692075782,12.422040692075782
1572,0.9086770491564996,0.846927382862461,1.3268286547630532,1.5666380395903754,0.5254967381202089,-84.66974203375878,5.33025796624122,5.33025796624122
1573,2.644638672880108,2.51285400614757,3.0255733487828165,1.2040386514222094,0.6215164385248636,-69.26941188461562,20.730588115384364,20.73058811538438
1574,1.7561918645793366,1.5045256236032534,2.902556465175551,1.9292170366790389,0.4320476102866499,-2.229113375969654,87.77088662403034,87.77088662403034
1575,2.839482146491885,2.141794312794058,5.1556354649198575,2.4071571364825037,0.4079516453992626,48.75293727126587,-41.24706272873413,41.24706272873413
1576,1.6964039525710572,1.332762194717681,2.344944553872903,1.7594620879605851,0.7097024797452826,62.107148478160966,-27.892851521839034,27.892851521839034
1577,1.2755794143363215,0.8352945969582175,2.1077807654884007,2.523398059994676,0.6130833044564499,78.91858852259197,-11.081411477408025,11.081411477408025
1578,1.1019327803667114,1.0564806011752692,1.277878672684054,1.2095618899793266,0.9109670709142884,-54.56519082423552,35.434809175764485,35.43480917576448
1579,1.0278144733504384,0.8259797870540306,1.3550063522449285,1.6404836697974692,0.8762712122616317,23.401986415930228,-66.59801358406978,66.59801358406978
1580,0.9606427264386592,0.8062582249337855,1.2551525376490968,1.5567624600073715,0.9371649993719928,-18.94875354921672,71.05124645078328,71.05124645078328
1581,1.8405906194279933,0.9985280822090594,5.943844808957919,5.952606556450828,0.1802250271388248,70.53335975292664,-19.466640247073357,19.466640247073357
1582,0.7869374084054097,0.5399788745528149,1.2973281398112986,2.40255350894178,0.7502595996626028,-39.39146005513133,50.60853994486865,50.60853994486867
1583,0.84641062903508,0.7095187000778196,1.1381874561366303,1.604168369363337,0.8462677643952881,-9.932495026486883,80.06750497351311,80.06750497351311
1584,3.4548712030336493,2.9426243579857694,4.797299781974778,1.630279369147388,0.6034593414811872,70.1364557858204,-19.863544214179598,19.863544214179598
1585,2.0965701003918507,1.2610019007055968,4.2499038229301895,3.370259648738154,0.4299908090742751,-76.00869477597016,13.991305224029844,13.991305224029844
1586,1.0511768765181757,0.8909792366551449,1.3860984970603414,1.555702355381412,0.7435368889648268,-40.07547993024303,49.924520069756966,49.92452006975697
1587,0.9978425722559162,0.631129746701046,1.7072464003738728,2.70506406851801,0.6629829261185621,63.04286208476916,-26.957137915230838,26.957137915230838
1588,1.3540776702961077,0.8911820941616841,2.955365222002196,3.3162304778825757,0.3939402209375492,-79.57071014900134,10.429289850998657,10.429289850998657
1589,1.2369164782162358,0.8643088890660063,2.4726260417989177,2.8608129258868304,0.4428735275404385,-35.42346760076611,54.57653239923388,54.57653239923389
1590,1.0159318257539256,0.7818522238263068,1.810706055408983,2.31591853323326,0.4976487727626359,30.824458193625283,-59.17554180637472,59.17554180637472
1591,1.6565682076297277,1.657505330253245,2.0422583884932712,1.232127795438969,0.6017343848526434,-34.79921395550423,55.20078604449577,55.20078604449577
1592,1.2755794143363215,1.1443416180319022,1.4616409610332113,1.277276765959991,0.9773520905707398,-45.98825841444198,44.01174158555801,44.01174158555802
1593,4.399458863087662,4.354299195038768,7.850751376424739,1.8029885005076784,0.1762113260287388,65.36396436777802,-24.636035632221976,24.636035632221976
1594,0.8815462242933692,0.8187147700971675,1.1060776545571038,1.350992671630721,0.7367769832198233,74.80303261470124,-15.196967385298763,15.196967385298763
1595,2.3088055769685463,1.7495414110390155,3.767752860141512,2.1535659781290475,0.4774169744524209,67.48842225799189,-22.511577742008114,22.511577742008114
1596,1.7733929789634846,1.3820208619534085,2.590079705429373,1.8741248969052764,0.6167343983927879,-43.28020796937744,46.71979203062256,46.71979203062256
1597,0.9019708538191776,0.7740891280531403,1.536170777922641,1.9844882485123656,0.563007086499517,68.2314329978426,-21.768567002157397,21.768567002157397
1598,1.3495865213724043,0.9200795277371796,2.069877875104533,2.2496727866504527,0.7740375167197996,-59.72111893252082,30.278881067479176,30.278881067479183
1599,1.542705892513396,1.1412230271918222,2.5340797847644416,2.220494788823168,0.5274324271650875,70.63564534253734,-19.364354657462655,19.364354657462655
1600,0.8952144227026446,0.7957783003226714,1.0735448859787822,1.349050213537467,1.0453019857935115,4.541474315292615,-85.45852568470738,85.45852568470738
1601,0.9606427264386592,0.8666767080764847,1.1079077127031765,1.2783402419595231,0.989265797877371,-81.14328079897463,8.856719201025385,8.85671920102537
1602,0.8815462242933692,0.5646588372375613,1.488906084126621,2.636824195315328,0.7119554404650744,59.58453745902802,-30.41546254097198,30.41546254097198
1603,1.4367445664276617,1.30131803220394,1.7634202523401352,1.3551032174306914,0.6928927352038867,-89.3401127695794,0.659887230420594,0.659887230420594
1604,3.892802722786624,2.536357564830888,8.636711575576458,3.405163252742053,0.1715849526941342,-60.66843876271522,29.331561237284774,29.33156123728478
1605,2.316681002601451,1.8327663178306357,3.498761716210808,1.9090059011735536,0.5700228050207857,48.75099174464359,-41.24900825535641,41.24900825535641
1606,1.1557168501373432,1.029949801468628,1.3670999840349696,1.3273462280254744,0.885275767734463,59.193884525656735,-30.806115474343265,30.806115474343265
1607,3.3892271042445485,2.2828934041378357,6.480765698107397,2.838838504838093,0.3406002530713725,88.44695938433496,-1.55304061566504,1.55304061566504
1608,0.9153341128725788,0.7838801230360836,1.1998748092139953,1.5306866113235564,0.7457635310612789,-10.98128059448956,79.01871940551044,79.01871940551044
1609,0.973200680696656,0.6300320338422373,1.9026175162576493,3.019874250924316,0.4622563887846986,59.57701626679536,-30.42298373320464,30.42298373320464
1610,1.2944779165271465,0.9682727395145622,1.9719647253735904,2.036579823947356,0.681398296690438,79.72700254356046,-10.27299745643954,10.27299745643954
1611,1.398195952804615,0.7576836895943782,2.9890113385961383,3.944932931308432,0.4497448272358723,85.64717531739866,-4.352824682601337,4.352824682601337
1612,1.096409273000846,0.7891003888467257,1.621439143230864,2.0547945054248493,0.8051618032808886,14.23905584102019,-75.76094415897981,75.76094415897981
1613,1.5583682828180965,0.9703868905672284,2.6410818797736377,2.721679265710013,0.6886190844384588,-88.95683164248187,1.043168357518141,1.0431683575181268
1614,1.7699661294252256,1.0519012896526123,4.613981766544035,4.3863258006535855,0.26459008193002,-87.18627078034545,2.813729219654533,2.8137292196545474
1615,2.7327044283177195,1.9166463314974675,4.854406151570188,2.532760516008951,0.4394599782465258,73.99633112004169,-16.003668879958312,16.003668879958312
1616,2.220333029284942,1.810261365054304,2.8289677229397725,1.562739932227913,0.8402854871057185,75.84004150652291,-14.159958493477092,14.159958493477092
1617,1.8990365667271207,1.4628518254235408,2.629895800858002,1.7977868675089947,0.6131326189087166,-18.68105224216357,71.31894775783643,71.31894775783643
1618,6.42153632311539,4.776764495380812,12.707956661904236,2.660369100087095,0.2699006736045717,-44.51927149543359,45.4807285045664,45.48072850456641
1619,4.075661916973856,2.287221964834344,10.950098607093889,4.78751025280879,0.154064156896055,-82.5016825037161,7.498317496283903,7.498317496283903
1620,2.201109004856956,1.500717039445142,3.341531505428123,2.226623285801821,0.6448845500211817,72.19523377881018,-17.804766221189823,17.804766221189823
1621,1.3450803768346336,0.8811031114075503,2.58619999946985,2.9351842775114374,0.4423384217547301,-59.32143811241156,30.678561887588444,30.678561887588437
1622,1.3038244488524504,0.9258324364642332,2.137506712538736,2.308740359866742,0.5653921013593267,-37.96124278981326,52.03875721018673,52.03875721018674
1623,4.1611643149351965,2.2759282914153807,9.335328591268713,4.101767453078739,0.2644687603748239,69.71795672953695,-20.28204327046305,20.28204327046305
1624,3.403527704065537,3.464831094158896,4.068529776287027,1.1742361072509024,0.3754086481916865,-3.664962202641544,86.33503779735845,86.33503779735845
1625,1.2466946262544771,1.1442761246043214,1.559604597768793,1.3629617574237929,0.7348947279062734,82.74879430567519,-7.25120569432481,7.25120569432481
1626,0.8097519128234426,0.7151195298142498,1.0238076348766452,1.431659452990434,0.8777868372990405,-70.60641849313346,19.393581506866553,19.39358150686654
1627,2.306174458647176,2.503340370343408,4.459029678713658,1.7812318818243518,0.2508813026697594,55.6208886950202,-34.3791113049798,34.3791113049798
1628,1.1074287385521373,0.713744370853794,1.9348969388209725,2.710910261199557,0.6132294327952291,-46.59226677759785,43.40773322240216,43.40773322240215
1629,1.2466946262544771,0.8992755056987736,2.192285081287994,2.4378347540829544,0.5393954662739764,-66.1670556863292,23.832944313670794,23.832944313670794
1630,2.394010781836305,1.279271830698931,5.015578212387346,3.920650867178933,0.3915661278316897,-79.92196984052929,10.0780301594707,10.078030159470714
1631,5.7691206362464245,5.276290753189359,6.834008301266735,1.2952296643500516,0.4212547131286743,28.92524995718278,-61.07475004281722,61.07475004281722
1632,2.274363632188791,2.0163839145583817,3.3843819916608924,1.6784412765969334,0.4144726410572159,88.36866737637988,-1.6313326236201249,1.6313326236201249
1633,0.7946150283453554,0.6222758261509004,1.088896631160213,1.7498616938016138,0.8626242590819244,-81.5951090850188,8.404890914981195,8.404890914981195
1634,1.0337045758596148,0.7207477068886599,1.6487565348854385,2.2875640381886586,0.6493303349909961,1.2870485559023377,-88.71295144409767,88.71295144409767
1635,2.5031101051741675,1.3444623443435657,5.194242988933786,3.86343508301817,0.4468401783134002,66.52843797670023,-23.471562023299768,23.471562023299768
1636,1.1345092346885122,1.090470690660233,1.2383329213563417,1.135594869227145,0.8824022627457063,-70.49576329498137,19.504236705018627,19.504236705018627
1637,1.0511768765181757,0.9053467330616402,1.2988826526884587,1.4346797809674372,0.987884214882231,-80.32643044478475,9.673569555215238,9.673569555215252
1638,3.510654768320878,2.2288659404834443,5.930786718140283,2.6608988052704,0.5889823090607365,-89.26411349643708,0.7358865035629378,0.7358865035629236
1639,3.9315998018168936,2.7074374306296742,6.038805770351477,2.2304507214214806,0.5393129360880368,59.03744351830869,-30.96255648169131,30.96255648169131
1640,6.7766626254768365,3.816232127447213,15.045738338666723,3.9425637215446976,0.1923912897592992,89.28611661145762,-0.713883388542385,0.713883388542385
1641,1.461879030667795,0.9756175564461196,2.282517272721859,2.3395614989098603,0.62394834528004,79.09727665389323,-10.902723346106768,10.902723346106768
1642,0.9479184199131095,0.6844260916901476,1.4275931841926846,2.085825192121668,0.7674648428791346,88.76375089304209,-1.2362491069579136,1.2362491069579136
1643,1.4409640896579887,1.1551646570919056,2.030368206500879,1.75764398091288,0.6602985647110395,71.90988099711397,-18.090119002886027,18.090119002886027
1644,1.6892309650399413,1.110700291372781,2.953153527691509,2.658821241544404,0.4509555922445293,-71.29531809991252,18.70468190008748,18.70468190008748
1645,1.1504515979244476,0.7964111804240316,1.823402587818793,2.289524095892228,0.6681019024564342,-10.738896159165606,79.2611038408344,79.2611038408344
1646,0.8246109854774907,0.6792984925821011,1.0731532893695783,1.5797963650565228,0.9675383866377992,-13.026021922682204,76.9739780773178,76.9739780773178
1647,0.9153341128725788,0.940203988055584,1.001281647696602,1.0649621363203652,0.9210678502189537,10.152963022504046,-79.84703697749595,79.84703697749595
1648,2.9091860187264715,1.5536917839348725,6.099067257614472,3.925532284252674,0.4273891887729841,83.3329051757189,-6.667094824281094,6.667094824281094
1649,6.289710301175552,4.34146744430206,9.654439860149123,2.223773409338829,0.5179684473408651,-40.44349181821219,49.55650818178782,49.55650818178781
1650,1.470161697690137,1.0244557446880682,2.3036978357303357,2.248704102324867,0.6576274644759629,53.77366953150758,-36.22633046849242,36.22633046849242
1651,2.681118170928788,1.9562185830533576,3.797025183791753,1.94100251203277,0.6787417717312266,-86.86386105874105,3.1361389412589347,3.136138941258949
1652,2.476285939639421,2.140640691401605,4.004899055157297,1.8708880342431735,0.3687282386799728,-73.64027440018509,16.359725599814908,16.359725599814908
1653,2.9608997373543837,1.780893703510006,5.447526401731132,3.0588722903531367,0.3673075549938673,79.18909599341858,-10.810904006581424,10.810904006581424
1654,1.1557168501373432,1.0614769918268616,1.3008667546923525,1.225525154769005,0.9971714076689572,-79.16738661097953,10.83261338902048,10.832613389020466
1655,1.3038244488524504,1.105517921610229,1.772001227111273,1.602869743197184,0.6476828784723636,32.286991632341966,-57.713008367658034,57.713008367658034
1656,2.667496821992058,1.8207376767204264,4.384091307278704,2.4078654291240214,0.5097659340881828,62.83058709624519,-27.16941290375481,27.16941290375481
1657,4.675104848454289,3.1425410336789605,9.27536491816191,2.9515493413631826,0.2871009814056581,60.99001242122902,-29.009987578770982,29.009987578770982
1658,2.6146243419036286,1.8286966379396985,4.499604127051577,2.4605525234196617,0.4276293286495233,-72.39907414861831,17.600925851381703,17.60092585138169
1659,1.7212740281460053,1.2322531420657594,3.7414800701900415,3.036291767061591,0.3188261322287279,-16.15312786744484,73.84687213255516,73.84687213255516
1660,0.9978425722559162,0.802508446344807,1.406330588349646,1.7524184259431457,0.7506669437678245,24.127693349067048,-65.87230665093296,65.87230665093296
1661,1.2612197138901655,0.9725882088913153,1.7210458523474603,1.769552454588501,0.8970207943339044,85.35487370068363,-4.645126299316374,4.645126299316374
1662,1.0453852243082644,0.7727780515855828,1.794214805874574,2.3217724703661182,0.6043092823088166,-76.45237715712177,13.54762284287824,13.547622842878226
1663,1.2319983017676563,0.9722651497614162,1.7088050228635152,1.7575504205646353,0.7131210329833904,-66.13345182929713,23.866548170702856,23.86654817070287
1664,1.0796692170979234,0.7715856165613096,1.9782857626763224,2.5639225514504247,0.4341393508999708,55.80886379948141,-34.19113620051859,34.19113620051859
1665,1.2944779165271465,0.9431144741688856,2.292553872920868,2.4308330915408423,0.5324057858110297,87.11471467313741,-2.8852853268625864,2.8852853268625864
1666,1.3540776702961077,0.9394159997442322,2.0804873691197643,2.2146603524809065,0.6305775987688084,-85.49488636213371,4.5051136378662875,4.5051136378662875
1667,1.2171245375823248,0.746125667750189,2.3297761658038088,3.122498349143838,0.53763456316957,84.76381723667883,-5.2361827633211675,5.2361827633211675
1668,1.1074287385521373,1.0288809738510278,1.3190841246911855,1.2820570680337768,0.7977530833843433,-83.09993585982888,6.900064140171139,6.900064140171125
1669,0.8746320295080829,0.8683067561568157,0.9168656277660469,1.0559236367388825,0.996019476370586,71.48373753415179,-18.516262465848214,18.516262465848214
1670,2.0585803178499065,1.4670717976018732,2.937457758715185,2.002259032936804,0.782738812626982,-87.69902634467802,2.300973655321968,2.3009736553219824
1671,3.210768161557695,1.8005997256829258,6.596717440680422,3.663622373472505,0.3673728127418265,87.08972410151407,-2.910275898485935,2.910275898485935
1672,0.7869374084054097,0.7147673000848971,0.9438958030715168,1.320563773635706,0.9377831378450864,-14.093471538051835,75.90652846194817,75.90652846194817
1673,1.0740312192037882,1.073395958220308,1.125632212872559,1.0486644786131476,0.961797244455925,-76.70993152333713,13.290068476662867,13.290068476662867
1674,0.9219431092603804,0.7631824738244606,1.2374653054031854,1.6214540399519377,0.8006071188419709,15.751150760292129,-74.24884923970787,74.24884923970787
1675,0.7791841414090482,0.4884104216723866,1.3172428639419416,2.69699991132768,0.7970369664368735,-81.82316377252607,8.176836227473927,8.176836227473927
1676,4.276294323108206,2.794867122506749,9.314119603361732,3.332580475241982,0.2024796828153764,-85.44715607088325,4.5528439291167615,4.552843929116747
1677,1.0453852243082644,0.8891755287071751,1.3607023834661782,1.5302967069332012,0.7009579355015084,-47.67762762654557,42.322372373454414,42.32237237345443
1678,4.196035016593322,4.913213921749013,6.65219064253129,1.3539387351086951,0.2972598293710132,-37.11851373459039,52.88148626540962,52.88148626540961
1679,3.0617078862766465,1.775376063026611,5.346548424718647,3.011501921234649,0.6204423710097757,-84.36309822342251,5.636901776577474,5.6369017765774885
1680,3.8172071242415617,1.991750758077906,8.929654666948744,4.483319326342873,0.3315117996267691,75.36277009767326,-14.637229902326737,14.637229902326737
1681,1.652899170550067,1.459320513740772,2.0993969118487708,1.4386126228481837,0.664402179887542,-86.38337388576237,3.616626114237647,3.616626114237633
1682,1.671163804247637,1.1075922621689565,2.857694729237005,2.580096328626284,0.6399711236859144,-87.28219232963042,2.717807670369581,2.717807670369581
1683,1.663882010113248,1.8831490534249795,2.6967713455974662,1.4320541120697323,0.3484195625037459,31.72790953966989,-58.272090460330105,58.272090460330105
1684,0.8606370140730026,0.7582745919996075,1.2587561466539567,1.66002680286907,0.6532685570150082,-77.98567100292864,12.014328997071345,12.01432899707136
1685,1.7596455392320107,1.6660681855572887,2.497300645868661,1.4989186322127208,0.5065757482006649,21.068311750760195,-68.93168824923981,68.93168824923981
1686,2.609976117175414,1.511062407029984,4.6612858548302025,3.0847738869978443,0.5565409967107605,-89.74380002013018,0.25619997986981957,0.25619997986981957
1687,1.0796692170979234,0.8188479642903248,1.8860441885245407,2.303289830071359,0.578235789466284,-50.84789717380518,39.152102826194835,39.15210282619482
1688,1.4367445664276617,1.262377026751994,1.7212980483692388,1.3635372094801312,0.8331164246037612,25.90874225618253,-64.09125774381747,64.09125774381747
1689,2.6331351878456077,1.9602862820815408,3.7060734033120366,1.8905776351078285,0.5926416509220201,-82.57924730133952,7.420752698660465,7.420752698660479
1690,0.979419278671245,0.9206537960774798,1.1293270683710497,1.2266577004109895,0.7883124441146516,84.47412083159942,-5.525879168400579,5.525879168400579
1691,5.367894501437268,5.081972310237825,7.881219358459552,1.550819027994808,0.2133017157765512,-0.3010599601870857,89.69894003981291,89.69894003981291
1692,1.7035467376469715,1.0924606046105665,2.8502482032930243,2.609016921309545,0.5390073458940908,83.42448867857982,-6.57551132142018,6.57551132142018
1693,1.4025314545362868,1.3914324665559676,1.4410870394150204,1.0356859380908052,0.979672596958916,60.14492671611949,-29.855073283880508,29.855073283880508
1694,3.1535306295545262,2.2588528911856782,4.726854656450081,2.092590745902422,0.594466251398534,79.16131168672705,-10.838688313272954,10.838688313272954
1695,2.6743161688385184,2.556840730981978,3.436158671854648,1.343907983871549,0.4823216856075264,-16.70805029669403,73.29194970330597,73.29194970330597
1696,5.137890834981949,2.6956333433893622,12.053169804191803,4.471368420245431,0.2624385330551168,-89.61662671432754,0.3833732856724623,0.3833732856724623
1697,1.7836340245157871,1.4495296438686731,2.3133631770031746,1.5959405775441762,0.7557369283223504,64.113082686511,-25.886917313488993,25.886917313488993
1698,1.4282681233264556,1.3021658778324583,1.7585570018655658,1.3504861644760655,0.7330555368233852,-50.50075461916215,39.49924538083786,39.49924538083785
1699,1.2121260584033826,1.09396289527924,1.4304784202871956,1.3076114614674004,0.8618147736873386,-72.03799252720691,17.96200747279309,17.96200747279309
1700,1.9054199009183423,1.042294362236634,4.499201315522751,4.316632113281344,0.3173069416239483,-78.43257031900781,11.567429680992177,11.567429680992191
1701,1.021890421280174,1.0548229172912558,2.3033408448396284,2.183627988245191,0.2837716936522476,80.27591646007781,-9.72408353992219,9.72408353992219
1702,1.902230911401452,1.5266146376939846,2.736269923513462,1.792377628218417,0.5688235013273283,58.999448666657415,-31.000551333342585,31.000551333342585
1703,2.473832956432472,1.4403298876152024,5.853587737442702,4.06406045432735,0.2969144477109792,-73.58585593071068,16.414144069289307,16.41414406928932
1704,3.114787996164301,2.186605874613728,5.948743939832172,2.720537801940663,0.3003013008431832,-61.92682967242163,28.073170327578367,28.073170327578367
1705,0.9350209696908578,0.5689599356169796,1.6887837726905874,2.9681945370358496,0.5930316641234529,63.067265025288265,-26.932734974711735,26.932734974711735
1706,2.5272486588916614,1.850569775723079,3.7124906500693786,2.0061338398433453,0.6147711553145918,78.19926187872082,-11.800738121279181,11.800738121279181
1707,2.553537532059954,2.0810339279059296,3.3003912312223536,1.585938214156566,0.6842513746816532,-12.59443445078116,77.40556554921884,77.40556554921884
1708,3.0097090655497696,2.602442313045341,4.627914308698285,1.7782965968159214,0.402784755261372,76.49090566369357,-13.509094336306433,13.509094336306433
1709,1.5348147620304609,1.23157589793206,2.312712841251357,1.877848409614572,0.5257368153404205,15.62464452290729,-74.37535547709271,74.37535547709271
1710,1.0337045758596148,0.8151757943712338,1.429807820368067,1.7539870911781856,0.8220178415590892,-11.742986602155437,78.25701339784456,78.25701339784456
1711,2.877711749582743,2.1153681364550465,4.4426056811024885,2.100157227737886,0.4981555046255901,65.2150926562088,-24.784907343791204,24.784907343791204
1712,2.105239620905539,1.778885040487317,2.556114928666622,1.4369196831102624,0.8481625643777577,71.28459585731963,-18.71540414268037,18.71540414268037
1713,1.3223193364400538,1.210198895918418,1.499772589724638,1.2392777706068416,0.8913886293240426,83.39939829281678,-6.600601707183216,6.600601707183216
1714,1.039561305877423,0.9974907115171529,1.1652669982027617,1.168198344855188,1.009370385677832,-89.54067530382264,0.4593246961773616,0.4593246961773616
1715,1.2944779165271465,1.0419105241846185,1.7872612755541293,1.7153692510715448,0.6843251921031406,-40.49238651066802,49.50761348933199,49.50761348933198
1716,1.8635374259717976,1.4355545269529024,2.5695312486761703,1.789922430971841,0.6413050337789256,87.80406323001081,-2.1959367699891885,2.1959367699891885
1717,1.9495180989563052,1.1840584342500788,3.308036326939864,2.79381171676295,0.6623460042740411,89.99262976479405,-0.007370235205954145,0.007370235205954145
1718,1.3314704444981866,0.9549684197689436,2.0518440385334946,2.1485988395615663,0.6654697349054935,-35.14140889373033,54.85859110626967,54.85859110626967
1719,1.2369164782162358,0.9491037262241993,1.6890577630399175,1.7796345292621103,0.8581297576303549,87.79918691248346,-2.2008130875165364,2.2008130875165364
1720,1.3314704444981866,0.985619182325322,1.8833395699304505,1.910818705341328,0.7513853063765751,-89.5147508099307,0.4852491900692826,0.4852491900692968
1721,2.306174458647176,2.274073919222128,3.921933047608824,1.7246286562885185,0.3855097715796853,-44.83106061758079,45.16893938241921,45.16893938241921
1722,1.2755794143363215,1.2337662134731997,1.5031382597823262,1.2183331358627598,0.7745326234578724,-81.13641988156863,8.863580118431372,8.863580118431372
1723,1.3718952479298128,0.953921086759396,2.484441786423909,2.6044521092031907,0.4961695334507576,-47.23912376087691,42.76087623912309,42.76087623912309
1724,3.159301047243198,2.036790704854405,5.78165344427608,2.8386094999826543,0.3147263353550869,-83.50714436133518,6.492855638664821,6.492855638664821
1725,4.0186568449596765,3.0638087182714857,10.33256495899861,3.3724575876355463,0.1423940551899008,-66.11147991056718,23.888520089432802,23.888520089432816
1726,1.717743205908703,1.0873007434551556,3.102007030098634,2.852942986354697,0.4879993551808879,81.33943595442081,-8.660564045579193,8.660564045579193
1727,2.3035403350478,1.625874049787965,4.320053507583123,2.6570652924477844,0.402488578813226,60.50300645260776,-29.496993547392243,29.496993547392243
1728,0.8246109854774907,0.5617006679739452,1.4680013097816054,2.613493971934709,0.6061458617604132,46.6406909530173,-43.3593090469827,43.3593090469827
1729,1.5968523069270035,1.0149032567584393,3.3534431080802,3.3041997705189794,0.3899600090365552,83.69542399180558,-6.304576008194417,6.304576008194417
1730,2.6146243419036286,1.9994459370916249,3.5480666083570043,1.774524903392981,0.6764547229514599,-85.0469411518157,4.953058848184298,4.953058848184298
1731,3.077530771427696,2.427745400740514,4.98647117937301,2.053951447236613,0.4265829278792767,74.39646167455423,-15.603538325445768,15.603538325445768
1732,1.671163804247637,1.2627731093201562,2.283384125268464,1.8082299254042384,0.8485498626932778,88.84462966881932,-1.1553703311806771,1.1553703311806771
1733,0.8097519128234426,0.7350229607680543,0.9640100783002084,1.311537366523729,0.8904235885680692,52.43493164045276,-37.56506835954724,37.56506835954724
1734,0.84641062903508,0.6885241002330165,1.3940954600577764,2.024759132739107,0.5827469484445236,50.43004622420501,-39.56995377579499,39.56995377579499
1735,1.7035467376469715,1.0864253337312104,2.806167624639045,2.5829364775594525,0.615143662247573,76.15813624650451,-13.841863753495488,13.841863753495488
1736,0.8746320295080829,0.6636499749519511,1.191401639406364,1.795225923865397,1.004266577710461,75.36058867795656,-14.639411322043443,14.639411322043443
1737,1.2121260584033826,1.0295837801640162,1.617267561531396,1.5707974355168648,0.7465597424646794,-26.66424670262619,63.33575329737381,63.33575329737381
1738,2.156524962728441,1.5449517941002726,3.7188411241779606,2.40709201308361,0.4612994278931984,-62.81703437934176,27.18296562065825,27.182965620658237
1739,0.9219431092603804,0.8229489580242113,1.0758017121404018,1.307252049657193,1.0463131363339484,-84.2229549086404,5.777045091359582,5.7770450913595965
1740,1.186817925731738,0.9015033875194136,1.6972309605642537,1.8826673133579368,0.789399267611166,-70.51150358247635,19.488496417523663,19.48849641752365
1741,3.435486411817406,2.8142464236104727,4.366893774274699,1.55170980680231,0.6574828322120306,70.43953348610918,-19.560466513890816,19.560466513890816
1742,0.9543017810603904,0.9145560109647416,1.0906949188966044,1.1925949923461314,0.8249691853199626,71.32302407265921,-18.67697592734079,18.67697592734079
1743,4.011095865835037,3.528399675832499,7.209295087676209,2.04321951876816,0.28987158070002,58.3285857496573,-31.6714142503427,31.6714142503427
1744,1.0337045758596148,1.0252160637307042,1.2081925528637656,1.1784760262799825,0.7214509630619689,-78.69144881285224,11.30855118714777,11.308551187147756
1745,1.2020667470700563,0.8483396612242723,1.8768507760723272,2.21238126879954,0.5687815328751138,82.64777078916111,-7.352229210838885,7.352229210838885
1746,1.4367445664276617,1.3584832505870146,1.888459878512692,1.39012378525585,0.5842039436551683,-86.18765747421497,3.812342525785027,3.812342525785027
1747,3.421319397189672,2.6968491762760687,4.791014836947489,1.7765230918709138,0.408327639926101,-80.6803470927586,9.319652907241391,9.319652907241405
1748,1.895836839826219,1.3069128010115525,2.936086482598923,2.246581776784486,0.6532847281552152,71.5723033570131,-18.427696642986902,18.427696642986902
1749,5.956555716896545,5.538330859246305,10.152187128151692,1.8330770382203692,0.2344773543084852,55.30849455771372,-34.69150544228628,34.69150544228628
1750,1.0569367929308613,1.0174321943079443,1.1567959033106487,1.136975918181456,1.0084981132758468,24.84799099679322,-65.15200900320679,65.15200900320679
1751,1.9987250322517305,1.76725752165217,2.351735387764086,1.330725917955353,0.915191809051452,-61.89918936144117,28.10081063855884,28.100810638558833
1752,0.8172152218636723,0.4590214861065021,1.5287070908387357,3.330360641296964,0.7170694945600612,1.2794935727638732,-88.72050642723613,88.72050642723613
1753,1.7527313846366133,1.3305978794038016,2.4355653895991,1.8304293335341844,0.7020656059430657,-89.3365936472836,0.6634063527163789,0.6634063527163931
1754,1.7527313846366133,1.3566549076890766,2.378178883244473,1.7529726017764224,0.7735329739771214,62.23744429645476,-27.76255570354524,27.76255570354524
1755,0.8884066096615684,0.6375142070108972,1.448986672853965,2.27286961909101,0.5413186238764456,-75.07798980806797,14.922010191932031,14.922010191932031
1756,0.8746320295080829,0.5597953504047409,1.691882962861993,3.022324071892942,0.5965296997371032,-29.65283217090182,60.34716782909818,60.34716782909818
1757,1.4240109808516253,1.267886261126555,1.6601998208246045,1.309423306905674,0.8305727557160129,-16.379008744846402,73.6209912551536,73.6209912551536
1758,1.3938469657443524,1.0399087534357996,3.234813659490795,3.1106706706748586,0.2936184524274108,-64.48614439509632,25.513855604903682,25.513855604903682
1759,0.9350209696908578,0.6527578306391284,1.505277055343405,2.306026806096769,0.7187860164250879,30.027503626497623,-59.97249637350238,59.97249637350238
1760,0.9019708538191776,0.8119736477329349,1.1740645348387604,1.445939210116977,0.6899425015038603,-67.75470077847976,22.24529922152024,22.24529922152024
1761,0.8815462242933692,0.4380485832356063,2.513364823572093,5.737639430328367,0.337230971685941,83.87896130288028,-6.121038697119715,6.121038697119715
1762,3.0656712638405224,1.7753193517547066,5.628013010232599,3.170141194410984,0.5144002967133732,-85.21261017693338,4.787389823066633,4.7873898230666185
1763,1.502835947650602,1.1887619548026127,1.956559773513333,1.6458802080675683,0.9311722383103472,58.46583146889306,-31.534168531106943,31.534168531106943
1764,1.9619355372325755,1.6481570934900367,2.436128533376754,1.4780924360906382,0.8042349504426239,49.44742335474773,-40.55257664525227,40.55257664525227
1765,0.8676627389239214,0.8957996881747294,1.0085789911362608,1.125897903795132,0.8019142832693271,-26.916632334601896,63.0833676653981,63.0833676653981
1766,1.9401528657775409,1.350312956490077,2.989979189106393,2.214286084374371,0.6039785159518033,-50.84255929358182,39.157440706418186,39.15744070641818
1767,1.186817925731738,0.7814670621685749,2.030363598337036,2.5981435387727885,0.5892623327725143,42.58154944565084,-47.41845055434916,47.41845055434916
1768,0.9153341128725788,0.8492236673157497,1.0739558229601336,1.26463246879909,0.7717503725236582,51.610042123098935,-38.389957876901065,38.389957876901065
1769,2.424252116806765,1.9522219601575792,4.94885192982678,2.534984254263444,0.2727623114378122,-18.73971569940901,71.260284300591,71.260284300591
1770,0.9153341128725788,0.6862225811713594,1.3279249320610045,1.9351227553518864,0.8615551292682125,-83.51877162403642,6.481228375963582,6.481228375963582
1771,5.366763346751559,5.406970126942466,6.343291829414206,1.17316938701143,0.2697738844876826,-38.13232636056763,51.86767363943238,51.86767363943237
1772,1.376313601551939,0.931486824359431,2.2560362075598785,2.421973288898981,0.5750454082629433,-86.81007285903736,3.189927140962652,3.189927140962638
1773,1.7768132193231367,1.125260207805749,3.641239246364482,3.235908655709845,0.4051907819008781,5.200583348312687,-84.79941665168731,84.79941665168731
1774,1.2171245375823248,1.013872400127974,1.626750474075738,1.60449231468418,0.7353886176468755,65.43481079353698,-24.565189206463018,24.565189206463018
1775,1.085277926096956,0.9550494445292746,1.3302983451959516,1.392910443345297,0.8433407107051283,87.22189686577694,-2.778103134223059,2.778103134223059
1776,3.90370477216275,3.5058457247532857,5.4813113375635725,1.563477622207493,0.3572094497568911,-39.15457737533919,50.84542262466081,50.84542262466081
1777,1.0039085404212729,1.0249774486533063,1.1343991486556226,1.10675522680629,0.7514017337373866,-46.33786375248834,43.662136247511654,43.66213624751166
1778,1.4451712930335778,1.0183305429867866,2.1722810091275746,2.1331786855338986,0.7867025528208417,-81.06652869817538,8.933471301824625,8.933471301824625
1779,0.9669420905017878,0.7080920565174268,1.5074549730508775,2.1288968844883205,0.6574007332089736,73.41036893761924,-16.58963106238076,16.58963106238076
1780,6.475203053571751,5.527583157197187,9.103086861626087,1.6468475647939222,0.3026589070623781,-10.43247473122804,79.56752526877196,79.56752526877196
1781,1.176542252445381,0.939917741947096,1.5677341370026094,1.667948233166611,0.7927804616019946,75.54373051850834,-14.45626948149166,14.45626948149166
1782,1.731823303788056,1.2771875544999425,2.5479115872743945,1.9949392540643565,0.6854158287270246,78.53702420336226,-11.462975796637735,11.462975796637735
1783,2.763633353375555,2.385130927849581,3.6853502110158742,1.5451353919336257,0.5744270282055122,-26.230124116261493,63.76987588373851,63.76987588373851
1784,1.0337045758596148,0.7314736717769234,1.6385035679522475,2.2400034767785053,0.6887720706187271,76.81177467622663,-13.188225323773366,13.188225323773366
1785,2.3219164465724,2.153601306774588,2.748154654262454,1.2760740094359984,0.5437075566578982,85.71833587049362,-4.281664129506382,4.281664129506382
1786,1.7768132193231367,1.2631644744897748,2.649994003169189,2.0979009912700333,0.6955980850994038,89.8040108729757,-0.19598912702430482,0.19598912702430482
1787,2.419238146357888,1.6860437940357786,4.745996965274787,2.8148717026587957,0.2712463304094332,-76.03781722690941,13.962182773090603,13.96218277309059
1788,6.146177638957175,4.4541880081038085,12.714537741581436,2.854513037718437,0.241908588250163,-86.79534187087161,3.204658129128404,3.20465812912839
1789,2.53923188710524,1.872872057242784,6.464860174267302,3.451842932498431,0.2078729777499831,-50.495602051395885,39.50439794860412,39.504397948604115
1790,2.4590636724543398,2.468827776266911,2.527135016069339,1.0236173784023903,0.8135617109732309,-45.336855444772,44.663144555228,44.663144555228
1791,1.3314704444981866,0.9117358420085798,2.0229594445424186,2.218799954256248,0.8116205156611382,-66.4234484456244,23.576551554375612,23.576551554375598
1792,0.9543017810603904,0.6778737246111013,1.4864661863057915,2.1928364123547976,0.6650180782892895,75.07545551283565,-14.924544487164354,14.924544487164354
1793,1.827348788334744,1.1395754253628865,3.3412706153703158,2.9320311240533474,0.4849800651282856,-52.41800908336099,37.581990916639,37.58199091663901
1794,0.9543017810603904,0.9004617995146409,1.286247550833267,1.4284310023218851,0.5988291554246395,-34.01958019041528,55.98041980958472,55.98041980958472
1795,1.0683634687220958,0.7445117681726118,1.7387814657132954,2.3354653882518166,0.6506619635175248,-30.880250790271734,59.11974920972827,59.11974920972827
1796,7.302747225493948,6.170189813646198,14.434159910305333,2.339338066777502,0.1730195278019052,85.45732517269889,-4.542674827301113,4.542674827301113
1797,1.186817925731738,0.7243621201522532,2.053861150036963,2.8354066190060614,0.671441008724542,-86.62259699922117,3.377403000778827,3.377403000778827
1798,1.2418151765086958,1.2972559989799912,1.355076893927285,1.0445716920891153,0.7475420648512501,-55.489826975125546,34.51017302487446,34.510173024874454
1799,1.1183396299962336,0.990515745620462,1.3751142362357025,1.3882810468341693,0.8135501741444292,25.8773309873383,-64.1226690126617,64.1226690126617
1800,1.4906670352488116,0.9559835547885236,2.6534527873489124,2.775625976051326,0.4515592634637254,-72.06286622831549,17.9371337716845,17.937133771684515
1801,0.9350209696908578,0.7621308410383497,1.206435543991213,1.5829769365421948,0.8828003145733798,80.64289391743033,-9.357106082569672,9.357106082569672
1802,4.139220950616564,2.461069755648845,9.576105290390156,3.891033672820654,0.2498024591518772,-41.04618850218748,48.953811497812524,48.95381149781252
1803,8.01613496090728,5.989016705772093,14.24963571888352,2.3792947021086133,0.156680707845973,28.97963638935639,-61.020363610643614,61.020363610643614
1804,1.5815710720799827,1.4096513867662552,1.923203472226093,1.3643114108076948,0.7993660547100702,-27.24104671867135,62.758953281328644,62.75895328132865
1805,2.954741880281906,3.0842962140442727,5.700538482489991,1.848246110906183,0.2817594790425605,15.080876175789944,-74.91912382421006,74.91912382421006
1806,2.660659997024108,1.711596816730731,5.714126777084988,3.3384770999979816,0.3021658704792346,84.27148679368274,-5.72851320631726,5.72851320631726
1807,1.7071069228001237,1.459717856400772,2.170366618683424,1.4868398089168406,0.8347780112246186,-89.00286922682317,0.9971307731768206,0.9971307731768349
1808,1.062665489594652,0.8721765389903331,1.6677124634643443,1.9121271771365875,0.5816632072786111,-72.05413642195808,17.945863578041923,17.945863578041923
1809,1.6232483481616002,0.9172977379317808,3.0626256807440915,3.3387476651249064,0.5373211911144891,-59.623467581708745,30.376532418291248,30.376532418291255
1810,1.2369164782162358,1.1892783149487671,1.4987514625088154,1.260219280609165,0.7031285901509667,38.903936344969885,-51.096063655030115,51.096063655030115
1811,1.380717816333713,0.7160873097966723,3.488300450567592,4.871333987971479,0.2902557766175898,-79.23373550581472,10.766264494185293,10.766264494185279
1812,1.0511768765181757,0.7539238464050466,1.8960139247952357,2.5148613269576825,0.5767981946565686,72.71841210197738,-17.28158789802262,17.28158789802262
1813,1.6856330249272244,1.2219288240994433,2.390879652224318,1.956643959181818,0.8032626000435554,78.01789564437608,-11.982104355623918,11.982104355623918
1814,1.566140741422161,1.5281003487157396,1.7374534907238195,1.1370022212114712,0.8491795689371141,-47.34861072865695,42.65138927134305,42.65138927134305
1815,2.667496821992058,2.072480048402425,3.7033639889625087,1.7869238315791045,0.5642888961569487,-55.3427353574902,34.6572646425098,34.6572646425098
1816,0.9606427264386592,0.590902558671628,1.7221674385195649,2.9144694218130724,0.5846780617191467,-82.11494171118726,7.885058288812729,7.885058288812743
1817,1.902230911401452,1.59021156367538,2.3703037515201237,1.4905587442979935,0.7768851471993378,-54.31096495547907,35.68903504452092,35.68903504452093
1818,1.5308539431383232,0.8191790403874996,3.194168565753349,3.899231313636148,0.5084681066096156,-85.99727628637206,4.002723713627944,4.002723713627944
1819,2.5031101051741675,2.2779294650991644,3.223025209138111,1.4148924532208045,0.5816411402082129,-7.911137851335561,82.08886214866443,82.08886214866443
1820,0.9350209696908578,0.8366685526432615,1.109756221357983,1.3263988682877634,0.942713081550208,5.930929748271012,-84.06907025172899,84.06907025172899
1821,1.3450803768346336,1.0154157634532062,2.2206847466278425,2.186970920242346,0.5435299948214412,87.02836766658145,-2.9716323334185546,2.9716323334185546
1822,1.518909516610108,1.594837404301788,2.133612561323934,1.337824505224731,0.397870007363883,-52.415971937341205,37.5840280626588,37.584028062658795
1823,0.9019708538191776,0.7625968509727024,1.1281651425295944,1.479372936159656,0.9806629818992212,-58.51312515732885,31.486874842671142,31.48687484267115
1824,1.470161697690137,1.0537540005310189,2.3894359326256094,2.267546250283747,0.5461995681057261,-61.61436033093773,28.38563966906227,28.38563966906227
1825,0.9153341128725788,0.5999560735083871,1.5352540296061523,2.5589440584014524,0.7118821457876232,-67.76853155878713,22.231468441212883,22.23146844121287
1826,2.371076674599173,1.695929163921666,3.516165794713328,2.073297558361782,0.6734583723892479,-74.7416865441234,15.25831345587659,15.258313455876603
1827,1.3894843667311525,1.135030945596647,1.9511581861799496,1.7190352331356855,0.5212971856836979,-75.40540605607886,14.594593943921154,14.59459394392114
1828,1.2897792515977275,0.9838392039888424,1.989381042539664,2.022059127623689,0.5759287175464586,86.84046830711571,-3.1595316928842863,3.1595316928842863
1829,1.2171245375823248,0.9202578925400452,1.8387238938833248,1.9980528380019436,0.6421888626596424,-61.060186893909375,28.93981310609064,28.939813106090625
1830,3.4495952449494376,2.035749099099668,6.280289910298855,3.085001935197408,0.5210157918730909,-79.51590781166267,10.484092188337343,10.484092188337328
1831,0.7791841414090482,0.7272024496112923,0.879641152354045,1.209623472561506,1.0833248291215118,42.67746078705419,-47.32253921294581,47.32253921294581
1832,0.8392070033186643,0.7613906943691384,0.9995182166832034,1.3127533920169183,0.962157827437531,-65.02737358054122,24.972626419458777,24.972626419458777
1833,1.0453852243082644,0.7649840048821013,1.5122310200622224,1.976813907756524,0.8354074914091018,-58.72931473559518,31.27068526440482,31.27068526440482
1834,2.266341160516128,1.8623154057901088,3.3362824784144824,1.7914701602326193,0.5567425651537281,29.24139488432113,-60.75860511567887,60.75860511567887
1835,1.9773476793114584,1.6780593596561224,2.531017034594347,1.5083000610377797,0.6279993724654521,3.605941515308736,-86.39405848469126,86.39405848469126
1836,2.332352078688221,2.0614620890190145,2.845195092881507,1.3801830788144382,0.6797627622419032,-36.44827907195123,53.55172092804878,53.55172092804877
1837,2.329747552941477,1.9217312549059264,2.9806042679542677,1.5509995272987196,0.6943104120017342,77.01751399636312,-12.982486003636879,12.982486003636879
1838,6.060630292016913,4.857286099564576,8.813135822447068,1.8144156308266688,0.4196599112065307,87.83175185594824,-2.168248144051759,2.168248144051759
1839,1.6602291363104174,1.2368664499059874,2.351514270027832,1.9011868825503089,0.6945810715461106,58.99466089566448,-31.00533910433552,31.00533910433552
1840,2.449168003850849,2.313470796054913,4.326042660084768,1.86993614419591,0.2955630876626743,-23.19802319913716,66.80197680086283,66.80197680086283
1841,1.2991595879263365,0.8359422117253555,2.259768743064293,2.70325952125352,0.6455065685608643,5.881585882533946,-84.11841411746606,84.11841411746606
1842,1.1504515979244476,0.90092567470398,1.5549405916373022,1.725936595322599,0.9116413331106796,61.15347931372776,-28.846520686272243,28.846520686272243
1843,2.770216054293097,1.472586763291467,5.531515697834701,3.7563258313356553,0.4701907922189628,-82.09685651795606,7.903143482043959,7.903143482043944
1844,1.1451621372724683,1.0431799873046546,1.3150288864485082,1.260596351973978,0.9312698183027552,74.58399082052837,-15.41600917947163,15.41600917947163
1845,1.2944779165271465,0.8415769859000591,2.1443300864795303,2.5479904065891112,0.6341886210352746,88.55579925273783,-1.4442007472621725,1.4442007472621725
1846,1.4025314545362868,1.1363420212731477,1.79084549820146,1.5759740154597224,0.8323134314763364,53.350271650456506,-36.649728349543494,36.649728349543494
1847,1.461879030667795,1.1637971617543814,2.459586342907325,2.1134149693229958,0.3940384373074333,-76.67627563253025,13.323724367469765,13.323724367469751
1848,0.8884066096615684,0.7891182835641638,1.0905098983701589,1.3819346491944366,0.9220206098995952,86.28209131303619,-3.71790868696381,3.71790868696381
1849,2.815864115414134,2.4012133737591723,3.877180197454107,1.6146754136156851,0.4950343282584091,86.50375537817406,-3.4962446218259373,3.4962446218259373
1850,1.5968523069270035,1.2194615584211668,2.163022173640244,1.7737518322764536,0.7549465993923424,-75.04505993532138,14.954940064678624,14.954940064678624
1851,4.543385245782498,2.828743126309143,13.46089449577926,4.758613240836266,0.1495947987896184,81.57459959291808,-8.425400407081924,8.425400407081924
1852,0.9669420905017878,0.6029626596186886,1.7795454791459022,2.951336124647056,0.5844489143582238,85.57860759980274,-4.421392400197263,4.421392400197263
1853,3.6663077184798736,2.320032947414803,6.969327819364554,3.003977950886615,0.2734631293650376,-89.94596267493272,0.0540373250672701,0.054037325067284314
1854,2.778968733462305,2.120435097225522,3.929077517056503,1.8529581604254213,0.6912320131606107,43.15130592034081,-46.84869407965919,46.84869407965919
1855,1.1019327803667114,0.8523130280908955,1.6290648285713485,1.91134568507102,0.6151908453101887,-84.43114441311789,5.568855586882108,5.568855586882108
1856,1.3540776702961077,1.152918169754103,1.6604374518883782,1.440204079915333,0.8370900981258278,81.28663863059184,-8.713361369408162,8.713361369408162
1857,1.062665489594652,0.5409515951023919,2.3693861177150213,4.380033517169944,0.4937118639859551,76.81627273572505,-13.18372726427495,13.18372726427495
1858,1.2612197138901655,1.1273816658194231,1.5477505113325938,1.3728718128546389,0.6349235382625308,-7.000321942057615,82.99967805794239,82.99967805794239
1859,0.8246109854774907,0.6803345367456137,1.0427073981435784,1.5326392264772837,1.015533201785562,-86.61664956445173,3.383350435548266,3.383350435548266
1860,1.5892300566907107,1.4493012296922887,2.2789817460181,1.5724693385528736,0.4836652731195974,79.43153491462405,-10.568465085375948,10.568465085375948
1861,6.342578055614258,5.204326633787103,10.91677704564428,2.097634874562114,0.2751913733846437,72.00356593376615,-17.996434066233846,17.996434066233846
1862,1.7733929789634846,1.544502238800469,2.301110779355806,1.489872090533811,0.6609702594139151,19.0308230674668,-70.9691769325332,70.9691769325332
1863,0.8746320295080829,0.8523698890395583,0.9335549353393218,1.0952462626187345,1.0590625809105223,68.18758922160619,-21.81241077839381,21.81241077839381
1864,4.244944858335523,2.2351527306707477,11.695520445878207,5.23253748407989,0.2070812214266009,-1.6245519640053503,88.37544803599465,88.37544803599465
1865,0.9350209696908578,0.8221800229292324,1.261686033619955,1.5345617728887,0.6689439971946902,51.59026311668069,-38.40973688331931,38.40973688331931
1866,1.1183396299962336,0.7016655510781553,2.030443310686617,2.8937480364636787,0.5930326493524778,60.43037455514236,-29.569625444857643,29.569625444857643
1867,2.553537532059954,1.939018715119907,3.6130735837502383,1.8633515785982548,0.5494748992694544,73.99859945788867,-16.001400542111327,16.001400542111327
1868,7.334271215559819,4.9328826250986655,25.981051383188294,5.2669105182020495,0.0981058604653405,-88.10657207596091,1.8934279240390879,1.8934279240390879
1869,0.8535534614000618,0.7723247583219796,1.0847639896866583,1.4045438502366696,0.7448987736138789,61.348752193518166,-28.651247806481834,28.651247806481834
1870,2.9588485422780244,3.294960984655363,4.860280127529957,1.475064545578623,0.2118514591358932,-8.198938917959524,81.80106108204048,81.80106108204048
1871,4.34390791189476,3.329814716581197,6.364761555391812,1.911446160561952,0.5561016076775797,57.83520385721692,-32.16479614278308,32.16479614278308
1872,0.8884066096615684,0.8451187935684495,1.0237181409969491,1.2113304647674177,0.9513894600514832,72.38971384351372,-17.610286156486282,17.610286156486282
1873,1.6344304437273447,1.175137119922005,2.5819644077146937,2.1971601134394096,0.5861856852084896,62.42990647705236,-27.570093522947637,27.570093522947637
1874,2.971134471424609,1.8617558166713648,5.064389784842951,2.7202223511231343,0.5354655878931053,-79.05390943899968,10.946090561000318,10.946090561000318
1875,2.710396263888844,1.896472624971962,4.148625243977965,2.1875481825313976,0.5647089283076873,81.12752349421314,-8.872476505786864,8.872476505786864
1876,0.8884066096615684,0.8759812812897467,0.9365601673290056,1.0691554572377002,1.1327591970452708,69.60736904504135,-20.392630954958648,20.392630954958648
1877,1.3223193364400538,0.932995908681695,2.447309040519272,2.6230651364562485,0.530356875088023,-45.55616782751577,44.443832172484235,44.44383217248423
1878,4.290468357078531,2.4673041440913925,11.729649384022808,4.754034646321384,0.1384281647205875,-89.8627406656293,0.1372593343706967,0.1372593343706967
1879,0.9917395023300404,0.7837309560474235,1.3295198351489572,1.696398266382256,0.8533964100640591,-85.61585149830272,4.384148501697268,4.3841485016972825
1880,0.973200680696656,1.0021977832593965,1.1574843183623489,1.1549459973837917,0.6526365570165448,-78.84547444210804,11.154525557891958,11.154525557891958
1881,0.973200680696656,0.7511853382613732,1.5027710011931732,2.000532923967011,0.6650713543111106,-88.12910311474153,1.8708968852584746,1.8708968852584746
1882,0.9479184199131095,0.8237056170869039,1.347338039000781,1.6357033520855937,0.6450689561033319,15.339295111794652,-74.66070488820534,74.66070488820534
1883,5.121320768400371,5.888935930591656,7.224298581036965,1.2267578839682072,0.1819346361261262,-5.270045098009065,84.72995490199094,84.72995490199094
1884,3.677881210188328,1.5887363029577706,9.4529626046956,5.949988419788041,0.3511452674942974,-87.20689792031766,2.793102079682342,2.793102079682342
1885,1.085277926096956,0.9137285853122143,1.378031385850139,1.5081408286896,0.8793238776717168,63.53432263119124,-26.465677368808763,26.465677368808763
1886,4.1480122262560775,3.537583223063632,5.296473221767339,1.4972010233530186,0.4228958927486742,-80.49168353501076,9.508316464989235,9.508316464989235
1887,1.952629861669301,1.5531659349811056,2.831629267267424,1.8231337705084751,0.534628460110975,-75.44654065620624,14.553459343793747,14.553459343793762
1888,2.35566322840967,2.172360372356319,2.6799837561248463,1.233673652966666,0.7566765427430784,49.00642658946642,-40.99357341053358,40.99357341053358
1889,1.3360224934845466,1.1708422558843126,1.9292807969925392,1.647771753450591,0.524639989087935,-21.075231926650204,68.9247680733498,68.9247680733498
1890,1.0511768765181757,0.577937050868915,2.335698412337791,4.041440860775619,0.4596747081593539,-74.82021806197363,15.179781938026366,15.179781938026366
1891,1.6044383463340146,1.4159766581133373,2.1647829876833917,1.5288267467401415,0.5808453579420132,80.79616445188508,-9.203835548114924,9.203835548114924
1892,4.800684959403041,3.2666746436303185,12.19765015673363,3.733965419702204,0.2058894749537396,55.4899023703987,-34.5100976296013,34.5100976296013
1893,1.5544674799972351,0.8175762009473958,3.89752880813984,4.767174978458813,0.3568685338125181,-89.61881343749226,0.38118656250773597,0.38118656250773597
1894,2.2421015207009214,1.6630403831891172,4.245359619491417,2.5527700123254577,0.3176283119989281,47.29912444373486,-42.70087555626514,42.70087555626514
1895,0.8884066096615684,0.7585280322424375,1.082813867604676,1.4275199090580106,0.9699032273820356,-51.35912467318673,38.64087532681327,38.64087532681327
1896,4.630740583773715,3.368519437493921,12.010631174262206,3.5655519871952293,0.2557338109114728,-72.52887454978621,17.471125450213776,17.47112545021379
1897,1.952629861669301,1.3631126304997343,3.679199695870025,2.699116429227997,0.4522909116245302,19.03825822096677,-70.96174177903323,70.96174177903323
1898,0.8952144227026446,0.7475909441721654,1.134466798184221,1.5174967099694567,0.9660262209753524,46.68792439848537,-43.31207560151463,43.31207560151463
1899,2.383845085036066,1.9006434897810065,3.176030733832756,1.671029180858479,0.7171369044715854,-83.97014795968964,6.029852040310345,6.0298520403103595
1900,1.514907113035081,1.2277434215593537,1.975684905903652,1.6092001563277285,0.7899858912546337,-12.10984381888175,77.89015618111824,77.89015618111824
1901,2.877711749582743,2.1229900485114133,4.469634059254263,2.1053485683497466,0.4043421767639912,60.69047111776768,-29.30952888223232,29.30952888223232
1902,1.176542252445381,0.7368095776125316,2.0935228737546407,2.841335044175509,0.6624494950471879,-87.6013099640837,2.398690035916303,2.398690035916303
1903,0.9543017810603904,0.9463610525246487,1.018706989770608,1.0764464440426398,1.0054818348294703,-42.44930628119921,47.5506937188008,47.55069371880079
1904,4.224874084628636,2.0670160148892,9.622026700393734,4.655032486968667,0.3889922868395533,77.52325746414063,-12.476742535859373,12.476742535859373
1905,0.8884066096615684,0.6296923617889246,1.352005182130698,2.147088426306647,0.810740765191296,87.16340318943041,-2.8365968105695885,2.8365968105695885
1906,1.0740312192037882,0.9382034537902828,1.317459652212142,1.4042366257443286,0.9348585329728122,-81.78107435727068,8.218925642729317,8.218925642729317
1907,1.3360224934845466,1.0130042088444131,1.8586219632278471,1.8347623306995675,0.7248886501109927,-64.80862385928786,25.191376140712123,25.191376140712137
1908,5.81628472903153,4.215687141481661,9.31757621073379,2.2102152977744454,0.4211223583221172,68.1130738422597,-21.886926157740305,21.886926157740305
1909,5.761749300854133,3.484823950052412,14.719217793494176,4.223805278103876,0.1641896566430596,71.72642255013305,-18.27357744986695,18.27357744986695
1910,1.9086035621207809,1.6894219302334312,3.224538570476824,1.9086638528666915,0.3974763616409436,-68.7751563660006,21.2248436339994,21.2248436339994
1911,1.1816912584570125,0.9305767043797852,1.704144762414956,1.8312781250533685,0.7373754265740233,-68.79213739135511,21.207862608644888,21.207862608644888
1912,0.9543017810603904,0.6198253667625884,1.7552389339455916,2.831828169784959,0.5626118298776033,-43.38246244828527,46.61753755171475,46.61753755171473
1913,4.979468295607658,2.9863314010493776,10.105141744494086,3.3837978400331603,0.3769387933675955,70.64957885579732,-19.350421144202684,19.350421144202684
1914,4.142153449001139,2.452321536012493,8.158514014268787,3.3268533079616622,0.3943164487510016,75.25631017856875,-14.743689821431246,14.743689821431246
1915,0.9153341128725788,0.8108904401874186,1.0839897301030097,1.3367893816240706,1.0162389604217497,-32.901659825009446,57.098340174990554,57.098340174990554
1916,3.858338599837588,1.75123460600141,9.597503850792268,5.480421536841501,0.3381679400312999,80.03011511441774,-9.96988488558226,9.96988488558226
1917,5.5118673267974,3.920643037178752,8.995338962144219,2.294352961196171,0.388354937297221,79.72955914479002,-10.270440855209984,10.270440855209984
1918,0.979419278671245,0.8090580881066511,1.2599313843735784,1.5572817364968887,0.8550986264120115,20.28810560540275,-69.71189439459725,69.71189439459725
1919,2.125330979189304,1.9736398513117095,2.461123620761048,1.246997327868785,0.6903666285207738,53.43887604024592,-36.56112395975408,36.56112395975408
1920,1.797197976714934,1.4741974668451123,2.2493756746526974,1.5258306470072298,0.7684386862042959,-86.0828364060975,3.917163593902501,3.917163593902501
1921,0.9543017810603904,0.8604156634231808,1.1643918908794284,1.3532899741118989,0.8885644803329792,8.772669630393498,-81.2273303696065,81.2273303696065
1922,3.4301806381309765,3.3576663514004803,6.066534749053402,1.8067711660877368,0.271426985314893,51.68628069692475,-38.31371930307525,38.31371930307525
1923,0.9978425722559162,0.8296662392824765,1.463297467570785,1.7637182258208968,0.560839151874975,-23.87528547932509,66.12471452067491,66.12471452067491
1924,0.84641062903508,0.7164752458446486,1.336301734436236,1.8651052387174625,0.6524844071485864,66.44596090099127,-23.554039099008733,23.554039099008733
1925,1.2563966762852905,0.5918278959194128,3.957613832149846,6.687102550314291,0.2826295121730989,-4.418064199395311,85.58193580060468,85.58193580060468
1926,0.9350209696908578,0.533647849796409,1.8531267782082093,3.4725648738492856,0.5257775609944599,54.18292870249257,-35.81707129750743,35.81707129750743
1927,0.8246109854774907,0.49697003198176,1.596535201124376,3.2125381781229265,0.6205215795602501,-86.66199128973389,3.3380087102661093,3.3380087102661093
1928,2.220333029284942,1.3092678333638044,3.84201643682392,2.934477071015265,0.636116738379558,-76.92501291001977,13.074987089980226,13.074987089980226
1929,1.1970053909181526,0.6862778297209158,3.458774927690014,5.039904799338443,0.2809832394221968,-66.06788291858784,23.932117081412173,23.93211708141216
1930,2.3035403350478,1.6073852473130792,3.7784464362551007,2.3506788074428258,0.5667969523489859,-82.27057240283258,7.729427597167415,7.729427597167415
1931,3.648046620153854,3.597341145203945,4.488363990496827,1.2476892819800574,0.5051936481682193,46.4840634144655,-43.5159365855345,43.5159365855345
1932,1.0740312192037882,0.9909609105915276,1.4306513377394732,1.4437010808887347,0.5518513574523914,64.12245643895812,-25.877543561041875,25.877543561041875
1933,0.9855986414141252,0.8757556045561391,1.173639023702695,1.3401444622184664,0.8799671310079601,38.77867655885026,-51.22132344114974,51.22132344114974
1934,1.8667925156594296,1.4066830686517942,2.6810511528395997,1.9059383116121504,0.6729558004572284,80.8575631398888,-9.142436860111204,9.142436860111204
1935,0.8606370140730026,0.5207311416029228,1.807697313887455,3.47145997130683,0.4598126755423238,43.10902642847135,-46.89097357152865,46.89097357152865
1936,1.3851080271465486,1.164336115252668,1.780688351892468,1.5293593736084083,0.7715327190909026,-37.94505171598514,52.05494828401487,52.05494828401486
1937,1.6964039525710572,1.7345721160509118,2.222547122891298,1.281322985838926,0.4364082637393958,42.61411590050751,-47.38588409949249,47.38588409949249
1938,1.2660243778180809,1.1236345480603036,1.502116758166914,1.3368374626429675,0.7853811137105721,0.37968752945469,-89.62031247054531,89.62031247054531
1939,1.2803301921000927,0.8332327348344182,2.07678756523276,2.492445961866181,0.689684284204081,-74.70690575519788,15.29309424480212,15.29309424480212
1940,2.421746429194769,1.9406609109782316,3.552963427151505,1.830800737549023,0.5231725425230018,82.38386926866576,-7.616130731334238,7.616130731334238
1941,1.4367445664276617,0.963823385025696,2.369022819528901,2.457942872454523,0.6654584973491786,-60.94209612677367,29.057903873226337,29.05790387322633
1942,0.973200680696656,0.8094549294743871,1.2938238621641638,1.598389008519965,0.8174754759606973,-2.984421167474105,87.01557883252589,87.01557883252589
1943,3.733585031318859,2.567649930195114,6.15640716198852,2.3976816658650577,0.3368313426606518,88.01763945671706,-1.9823605432829368,1.9823605432829368
1944,1.085277926096956,1.0856634674399166,1.360791490220414,1.253419251021932,0.6626584763618727,-57.16233959618784,32.83766040381215,32.83766040381216
1945,1.717743205908703,1.5770739094751116,2.159163833138718,1.369094891600445,0.6688779272087046,70.66778873599895,-19.332211264001046,19.332211264001046
1946,1.847175937850875,1.5773583689251216,2.3949656065969744,1.518339556678553,0.7717846645146721,29.65192684022552,-60.34807315977448,60.34807315977448
1947,0.9669420905017878,0.8812575714214455,1.1475619067394356,1.3021867203801134,0.9619306676175244,-69.21473467968923,20.78526532031077,20.78526532031077
1948,0.9019708538191776,0.802623668480418,1.0858662602518176,1.3528958874433068,0.8615469193296366,-26.38664135877562,63.61335864122438,63.61335864122438
1949,1.1291450947814663,0.944869056518066,1.7842924802894913,1.8884018563003664,0.5865583573573002,39.75262274854057,-50.24737725145943,50.24737725145943
1950,2.8201730148212465,1.5025334414685236,5.671291338014555,3.774485932553776,0.485075133880979,-86.06036374291868,3.939636257081304,3.939636257081318
1951,1.6784140066373283,1.2507834505297837,2.366151203895408,1.891735298298996,0.6764798261286022,76.77378895664097,-13.22621104335903,13.22621104335903
1952,0.8746320295080829,0.8540685820997775,2.1328467500983206,2.497278081409566,0.2434727098991101,70.3969274214591,-19.603072578540903,19.603072578540903
1953,1.4987906214766678,1.3289067328968598,1.7865288059223663,1.3443598122405058,0.8395187222782671,-61.48037112394369,28.519628876056316,28.51962887605631
1954,1.6381408467855358,1.454837835090626,1.9775652609577723,1.3593028812277104,0.7453231806089348,44.712168907000994,-45.287831092999006,45.287831092999006
1955,0.9669420905017878,0.9970638800530776,1.2797944789847089,1.2835631744242708,0.5080322698802305,81.63304518011196,-8.366954819888036,8.366954819888036
1956,0.9350209696908578,0.6793821476328269,1.343154479416738,1.9770235118728023,0.9084392574822308,-29.627995484753967,60.37200451524603,60.37200451524603
1957,1.1128975557056655,0.6849144317154372,2.383073081332075,3.479373438465048,0.4782301229313954,21.802343862605987,-68.197656137394,68.197656137394
1958,5.430863159381814,5.622691632390222,6.737197111800971,1.198215650488549,0.3047469375016167,24.68189328347634,-65.31810671652366,65.31810671652366
1959,2.409178900516788,1.297246206622556,4.61635319501402,3.55857906652348,0.5863031901684751,-79.63422660883914,10.365773391160872,10.365773391160857
1960,2.239392031468568,1.2289512549190018,4.310676492698042,3.507605753640857,0.507076619922178,-83.90760589643857,6.092394103561446,6.092394103561432
1961,0.8676627389239214,0.7475398692770833,1.0789145028437026,1.4432869030612092,0.9819503502908744,-69.0818084877892,20.918191512210797,20.918191512210797
1962,1.952629861669301,1.4073406772574204,3.3133590333898995,2.3543404144665705,0.544854311566648,58.35788476824858,-31.64211523175142,31.64211523175142
1963,1.6964039525710572,1.423728084619701,2.081739038592628,1.462174597158903,0.8023297164002307,79.71551699828815,-10.284483001711848,10.284483001711848
1964,1.1504515979244476,0.8974652819531121,1.683849213612252,1.876227690889356,0.6725207597409094,-17.729732624943352,72.27026737505665,72.27026737505665
1965,1.7527313846366133,1.76988118839156,2.662551662691944,1.5043674570673462,0.3226482702818746,-62.38677656683003,27.613223433169964,27.61322343316997
1966,3.136155672924793,2.2028427130335024,4.971056097141411,2.256655033847533,0.4985229218174402,84.87009491346514,-5.129905086534862,5.129905086534862
1967,3.914576459577396,2.386184314868691,7.184995269042791,3.011081425802672,0.4367960105362617,77.28437283861551,-12.71562716138449,12.71562716138449
1968,2.572487977782321,1.6800038103614454,4.74764145984701,2.825970649927024,0.3647436403462091,-64.27907340732986,25.72092659267014,25.72092659267014
1969,2.2093683547194614,1.7059855472731325,3.378789883896079,1.9805501220668469,0.4782751858015638,88.71769041740248,-1.2823095825975201,1.2823095825975201
1970,1.2369164782162358,1.0629564198857464,1.4942379634619614,1.4057377475763042,0.9906911464578166,87.00111615057014,-2.998883849429859,2.998883849429859
1971,1.4577200491801383,1.3809173078312,3.0028844252032485,2.1745577437358863,0.2529659189744686,-69.3688757007865,20.631124299213496,20.631124299213496
1972,2.1761428777867904,1.9702796766058157,2.7366158489285457,1.3889479150710682,0.6742397882887152,-63.66400492787107,26.335995072128924,26.33599507212893
1973,2.681118170928788,1.8720783510783252,5.424296212778738,2.8974728593246746,0.3436414057316556,59.72275344720936,-30.277246552790643,30.277246552790643
1974,1.0278144733504384,0.8148889339459907,1.5877526909737638,1.9484283376941736,0.666298685837977,-71.80242104783657,18.19757895216344,18.197578952163425
1975,0.9479184199131095,0.8381641201867351,1.284258641344954,1.5322281286138006,0.7275132383271127,81.27606107412875,-8.723938925871252,8.723938925871252
1976,2.710396263888844,2.206597186073959,4.056946549652127,1.8385533051777168,0.4426948238222736,-81.9331468082098,8.066853191790187,8.066853191790202
1977,4.844746188170742,2.873400236477905,8.885913197218969,3.0924731906164777,0.5227587836239165,78.38379294375734,-11.616207056242658,11.616207056242658
1978,2.414213762644935,1.6864285224447124,3.978047521530032,2.3588592511251525,0.5222380625211476,-44.817141099869424,45.18285890013058,45.182858900130576
1979,2.399077476989314,2.152429213648164,2.892555357357846,1.34385620628854,0.6542942492138113,18.823745841471247,-71.17625415852875,71.17625415852875
1980,0.979419278671245,0.594563702834643,1.8200999502653592,3.0612362335404053,0.5260140431521947,-82.35645630550508,7.643543694494923,7.643543694494923
1981,2.3114337002746863,1.5371928952549467,3.667911954159188,2.386110399990404,0.5714540933473946,73.55641339669874,-16.443586603301256,16.443586603301256
1982,4.520611241489158,3.629159251955744,5.782869109438515,1.593445949312404,0.8333334393512634,-65.12946377055414,24.87053622944586,24.87053622944586
1983,2.2339631943154266,1.617740354666975,4.531652021993646,2.801223329145748,0.3667620909466242,39.38319343963296,-50.61680656036704,50.61680656036704
1984,4.931687817016363,3.8472707687610335,7.968686401617703,2.071256971649001,0.3642216930440513,-76.86261938157857,13.137380618421446,13.137380618421432
1985,0.9669420905017878,0.8896157129528317,1.0885765821230788,1.2236481058881614,1.0660068216220375,-47.520896240926376,42.47910375907361,42.479103759073624
1986,2.271692622891249,1.5689035050697555,3.695749975868652,2.3556260559850903,0.5827164936014898,62.77086752110948,-27.22913247889052,27.22913247889052
1987,2.073274154004086,1.7172707566563878,2.754982448141753,1.6042796032384794,0.6537957728447257,27.816531384290748,-62.18346861570925,62.18346861570925
1988,1.021890421280174,0.8320654283551302,1.357662563799605,1.631677651219691,0.8764415732493271,80.86307361286684,-9.136926387133158,9.136926387133158
1989,3.373066459088182,3.345838270219442,8.694648527166256,2.598645787680588,0.1451359318527864,-17.51458925040847,72.48541074959152,72.48541074959152
1990,1.0278144733504384,0.7687433203464544,1.7296427153756977,2.249961293447322,0.5317044611394475,-88.28758410158599,1.712415898414008,1.712415898414008
1991,1.989591435188712,0.9542710699599136,4.748140364169155,4.9756725459240965,0.3614416722656116,63.96357330778141,-26.03642669221859,26.03642669221859
1992,1.096409273000846,0.9661249029461564,1.507196462948042,1.560043073470015,0.6347840628767679,2.0400539587335054,-87.95994604126649,87.95994604126649
1993,2.9731771904499835,3.0511617159519555,3.329030380402391,1.0910697925310526,0.5025682127141559,-64.34616430859435,25.653835691405646,25.653835691405646
1994,1.1504515979244476,0.9305869863711136,1.5621841006429085,1.678708302954837,0.8835218372313818,25.02055743946421,-64.97944256053579,64.97944256053579
1995,2.401606816096648,1.6008530810910384,3.75767724702233,2.347296757839476,0.6195153503612469,-76.9358034073855,13.064196592614508,13.064196592614493
1996,1.1661760393441107,0.836374240483501,1.7302169952582331,2.068711482862037,0.771666695175306,-47.10434490621733,42.895655093782665,42.89565509378267
1997,0.9543017810603904,0.8412147185292661,1.128670923434336,1.34171561501877,0.9573005137399204,72.79563979040499,-17.20436020959501,17.20436020959501
1998,0.8884066096615684,0.7517079321266305,1.0918019025824528,1.45242833808295,1.0572035545373148,-55.215444055290384,34.78455594470961,34.784555944709616
1999,0.9543017810603904,0.5872123399315153,1.8769240489998789,3.196329370766933,0.4627436420235616,57.54865782264504,-32.45134217735496,32.45134217735496
2000,1.1816912584570125,0.898856311072346,1.7898935530623583,1.991301091191088,0.582448033140588,75.15914907862583,-14.84085092137417,14.84085092137417
2001,1.2803301921000927,0.8928980966060285,1.9429032901266767,2.175951877948666,0.80758280361837,88.59541084348301,-1.404589156516991,1.404589156516991
2002,7.375544874083044,6.566079584097113,10.377907468462968,1.5805333053833233,0.2187706076938111,89.80472095017304,-0.19527904982696498,0.19527904982696498
2003,0.9019708538191776,0.8132241048521593,1.07984064792236,1.327851254628846,0.8651963662870202,-16.672728972427276,73.32727102757272,73.32727102757272
2004,1.1451621372724683,0.71619812363628,2.138410622505566,2.9857808222792195,0.5688908615391864,-64.80832608652996,25.191673913470026,25.19167391347004
2005,0.9153341128725788,0.7527442028283104,1.204763869348929,1.6004957126501016,0.8606325045876835,33.44294256237658,-56.55705743762342,56.55705743762342
2006,1.6119886861377042,1.5580564299677655,1.907032115375345,1.223981416009945,0.7084006096455854,54.81887296666426,-35.18112703333574,35.18112703333574
2007,1.415458284986553,0.937076874249858,2.4731109231796533,2.6391761349989675,0.5369370284531783,-60.30792777610508,29.69207222389491,29.692072223894918
2008,1.1291450947814663,0.8396403007668843,1.6592392269370444,1.97613099969306,0.7370774292008935,-68.86750498097561,21.13249501902439,21.13249501902439
2009,1.2515550525870838,1.143774027967127,1.4509916742710576,1.2685999496333735,0.8296146906410022,21.281457937094636,-68.71854206290536,68.71854206290536
2010,1.4987906214766678,0.8652497477196298,3.2229146584275963,3.724837443664797,0.4252863443122581,78.02387635895168,-11.976123641048318,11.976123641048318
2011,1.0278144733504384,0.6695940504712741,1.678320760879527,2.5064750197500865,0.6693025180206023,-89.64933850862371,0.350661491376286,0.350661491376286
2012,1.2171245375823248,0.6400913908159205,2.5155888512034377,3.930046376653859,0.4583721811244955,86.7680463960341,-3.2319536039659056,3.2319536039659056
2013,1.9086035621207809,1.147424956509994,3.457469698293933,3.0132425468678736,0.4883474777580283,-24.91425761526872,65.08574238473128,65.08574238473128
2014,5.808973243138077,2.97155715399548,13.22794379975618,4.451519225188122,0.3096195646866275,-74.04174738665198,15.958252613348009,15.958252613348023
2015,1.550556863789422,1.2036797642434311,2.100908507649975,1.7454048577201875,0.7529235360190832,-78.55554025131475,11.444459748685233,11.444459748685247
2016,1.2991595879263365,1.129947015471561,1.581494167210641,1.3996179869997143,0.8140832350416135,73.84652111181876,-16.15347888818124,16.15347888818124
2017,1.7423087071804406,1.5150517047996694,2.053738692150921,1.3555568338986033,0.92731927191181,26.56796166063565,-63.432038339364354,63.432038339364354
2018,3.91767711468498,3.057968503928162,5.327014657943126,1.7420109628664338,0.6317536387490832,72.49098992884845,-17.50901007115155,17.50901007115155
2019,1.191922542518033,1.1425696986894318,1.45689961542656,1.2751078705287526,0.7558229467479773,-37.60442783100065,52.39557216899935,52.39557216899935
2020,1.663882010113248,1.2276830069737752,2.405730044211313,1.9595693925432844,0.784584135849264,72.4968890892368,-17.503110910763198,17.503110910763198
2021,1.780226888597607,1.0083906032317191,3.481535561726352,3.452566446542269,0.4876001077294327,-65.72849122295015,24.27150877704986,24.271508777049846
2022,2.347918561217162,1.2116635449422268,4.929654303440933,4.0685009663107286,0.4241305034782254,-70.62678120619962,19.37321879380039,19.373218793800376
2023,1.2369164782162358,0.8127412097273036,1.9765346173762448,2.431936013235289,0.7198379246363019,89.43980529130899,-0.5601947086910144,0.5601947086910144
2024,3.077530771427696,3.4619319798757555,5.916506379505631,1.7090186675816683,0.2044909420643125,70.9599662945521,-19.040033705447897,19.040033705447897
2025,0.9978425722559162,0.6309778706711486,1.792047540599648,2.840111553664332,0.5187730725593412,-89.9676483168701,0.0323516831298889,0.03235168312990311
2026,1.186817925731738,1.1223727890971291,1.544399932873621,1.3760133423369818,0.6229881197676032,-60.77370306883788,29.226296931162125,29.226296931162118
2027,1.0039085404212729,0.9970777783797105,1.1021234586544142,1.1053535466866056,0.8949244328868485,-47.74362843199132,42.25637156800869,42.25637156800868
2028,2.070343729706952,1.8349777683705504,2.836482178185678,1.5457855822986113,0.6062704293511665,51.06510257287315,-38.93489742712685,38.93489742712685
2029,1.2850634067342854,0.9557146662881082,1.992816267400308,2.085158193857367,0.5936028778376166,55.05357619031334,-34.94642380968666,34.94642380968666
2030,1.3223193364400538,0.8562426696258252,2.152236073919207,2.5135818971270445,0.653661952187118,72.19302223379478,-17.80697776620522,17.80697776620522
2031,2.481184630757016,1.6537060637808794,4.213510199560539,2.5479196647118547,0.5727540473293091,77.2626137822774,-12.737386217722602,12.737386217722602
2032,1.1816912584570125,0.9201641769418776,1.6448684006760372,1.7875814358940596,0.8190801568102805,55.57096940045147,-34.42903059954853,34.42903059954853
2033,3.801268820290912,3.468176801561544,6.006734790779227,1.7319574907699915,0.3056897145383888,-84.53509945739823,5.464900542601754,5.464900542601768
2034,2.279696262327928,1.594383917867993,3.850366890896407,2.4149559260765185,0.510349901179924,-35.772372945894816,54.227627054105184,54.227627054105184
2035,1.4865885952249918,1.0653911012880994,2.234993737380696,2.097815285558985,0.6432514389840233,-57.44242186552936,32.557578134470646,32.55757813447064
2036,0.8392070033186643,0.591095528400159,1.5782968323071265,2.670121421115968,0.5464526498292551,85.03621980801088,-4.963780191989116,4.963780191989116
2037,3.0716067413506805,2.767601440821097,4.290906367898044,1.5504061764850832,0.4099121341780555,14.18209372177425,-75.81790627822575,75.81790627822575
2038,1.6195038256468852,1.5654640826171615,1.8122248710495117,1.157627882474194,0.8666547453604352,-30.626614478263708,59.373385521736296,59.373385521736296
2039,4.077151287356832,2.3057241052626,8.34137919569189,3.61768312898038,0.3106304021339173,88.12889721537296,-1.8711027846270412,1.8711027846270412
2040,3.313136415259456,1.9499321916042116,6.355778846559471,3.259487111359787,0.4756352102819172,81.66851343667712,-8.331486563322883,8.331486563322883
2041,1.1345092346885122,0.896186672440856,2.067770540677831,2.307298919148224,0.3976937166167352,-26.415639954957328,63.58436004504267,63.58436004504267
2042,2.099463918332859,1.4950298415052787,4.381980775716428,2.9310323139131502,0.3359931675886995,-81.75237690232282,8.247623097677177,8.247623097677177
2043,2.991498893954712,1.6992360522014085,6.249188498616838,3.677645898885465,0.3275934922079365,82.59521468346722,-7.404785316532781,7.404785316532781
2044,2.2823579051052425,1.473110427443963,3.869998355914571,2.6270931790426046,0.5822498296605427,-84.34434705564384,5.655652944356177,5.655652944356163
2045,2.125330979189304,1.6827854020272612,2.900625648947737,1.7237050223120172,0.6953941471450796,-15.119302477695346,74.88069752230466,74.88069752230466
2046,3.176549406798542,2.6378399422543155,4.665946240983126,1.7688511597089462,0.5394880182144113,-72.27365985897235,17.726340141027663,17.72634014102765
2047,2.701421417181099,1.7828945517360286,4.359074720688414,2.444942532604592,0.5229624781522898,41.36685513363039,-48.63314486636961,48.63314486636961
2048,4.314457349193301,4.507079659364357,4.743847343419624,1.0525323939112847,0.5686344711603644,-62.72842827247798,27.27157172752203,27.271571727522023
2049,4.503118112581556,3.766332594657567,6.869282358509474,1.823865042681932,0.4819086026700866,38.4146158934207,-51.5853841065793,51.5853841065793
2050,5.013491412742913,3.4344671472256225,9.11603839530502,2.654280272463516,0.3384467595455656,-67.35081921151973,22.649180788480265,22.649180788480265
2051,7.123464892434585,4.06239214357628,18.533023828912533,4.562096216688032,0.16163279247151,84.15080595216088,-5.84919404783912,5.84919404783912
2052,0.979419278671245,0.8348498553405674,1.4620967793742947,1.751329020447454,0.6747574530169592,-40.72057870853244,49.27942129146754,49.27942129146756
2053,3.677881210188328,2.521672593826312,8.590622978341326,3.4067162403927185,0.1940883470982966,72.42004517953421,-17.579954820465787,17.579954820465787
2054,0.8097519128234426,0.5143792263165193,1.3882045806262522,2.69879596531768,0.7123594718430643,-87.43397015361266,2.5660298463873232,2.5660298463873374
2055,1.2991595879263365,1.162820371577048,1.5101487106242095,1.2986947490231064,0.8620440350376034,12.779428189684849,-77.22057181031515,77.22057181031515
2056,1.1128975557056655,0.8613871553987666,1.6786594740625684,1.9487862844732775,0.6460276532410308,-79.75722628419193,10.242773715808084,10.24277371580807
2057,1.8829835605082688,1.5189559492506095,2.6770309786427613,1.7624151509880837,0.5017974267514033,-67.34522612079036,22.654773879209642,22.654773879209642
2058,1.432512614476725,0.9551795233732084,2.458810641058785,2.574186926008962,0.6175387435338939,-85.69612425571925,4.303875744280731,4.303875744280745
2059,3.601145998724694,2.9297001510489147,5.820568857125611,1.9867455906850005,0.2468387967967533,-14.795023222932215,75.20497677706778,75.20497677706778
2060,1.1609582232861997,0.7625250410472162,1.824979636481942,2.393337317782509,0.7591847055868565,79.06842841660905,-10.931571583390948,10.931571583390948
2061,3.360443337977061,2.283381515162044,5.264661174230607,2.305642372626894,0.5987650998346639,75.72481012271086,-14.275189877289137,14.275189877289137
2062,2.6354399017991645,1.71336522492719,4.454482002040582,2.5998438261929104,0.5277213191671373,-73.10267275196328,16.89732724803673,16.897327248036717
2063,1.1345092346885122,0.9199433256619146,1.5021444301990294,1.6328662737111674,0.8527386046970779,59.923668180060105,-30.076331819939895,30.076331819939895
2064,0.8392070033186643,0.8529577086324536,0.938044716217571,1.0997552477971473,0.8724126625239808,63.90907279318731,-26.090927206812687,26.090927206812687
2065,1.546636359756236,1.0555242278385495,2.422686192070488,2.2952445127967787,0.6178295413721756,-62.57790274931035,27.42209725068966,27.422097250689653
2066,1.7035467376469715,1.4437397599345818,2.25032464371491,1.558677475099027,0.6401995837525455,-50.59238596061864,39.40761403938137,39.40761403938136
2067,0.8535534614000618,0.7710942042985364,1.010309899220792,1.3102288846015513,0.9082055592352136,-72.36299492262539,17.637005077374624,17.63700507737461
2068,3.793274555248213,2.861513449444302,6.913635734371547,2.4160766169783874,0.2050907391946117,-50.790346879832775,39.20965312016722,39.209653120167225
2069,4.856011599503767,3.7095737860820703,7.02148637656171,1.892801378666624,0.4263783383309265,81.63812114578141,-8.361878854218588,8.361878854218588
2070,2.7680235600404037,1.3361770456096824,6.943525363220834,5.196560879439882,0.3188988477318213,85.25940883766255,-4.740591162337452,4.740591162337452
2071,2.79639190560923,2.023081287003653,4.106515250611578,2.029832057165463,0.5609857903211061,-66.06017171787504,23.93982828212495,23.939828282124964
2072,1.039561305877423,0.8825774469733322,1.2718116993848725,1.4410199396623615,0.9722783548832072,-24.14639424348792,65.85360575651208,65.85360575651208
2073,1.2850634067342854,1.1323240024379275,1.6712390922717515,1.4759371775865595,0.6933942668818059,-44.57451027000322,45.42548972999677,45.42548972999678
2074,0.8392070033186643,0.6031478444455434,1.3214425783688264,2.190909891394192,0.6973971732370643,-35.012863644715175,54.98713635528483,54.987136355284825
2075,1.6418428647199157,1.2881559968778125,2.2214664113055087,1.7245321348422251,0.7898888681887659,-4.972282220545078,85.02771777945492,85.02771777945492
2076,2.4958230151698717,1.782297926076048,3.751198770833882,2.104697938516158,0.5583185474698702,-89.92616073585448,0.07383926414553343,0.07383926414551922
2077,0.8676627389239214,0.6844647433693909,1.2396017103217738,1.8110526836190703,0.756686970011007,79.00914319334333,-10.990856806656666,10.990856806656666
2078,3.3368737115654143,1.729130945140711,7.440149415904179,4.302825900382417,0.3089087772246968,-69.04664637672444,20.953353623275575,20.95335362327556
2079,1.566140741422161,1.5385190565200464,1.76830631695196,1.1493561353420385,0.7921187021330035,-65.49906215479702,24.500937845202998,24.500937845202984
2080,1.1504515979244476,0.8032888642639185,2.778336777364021,3.4587019700688963,0.2776464267391844,8.15942453164515,-81.84057546835484,81.84057546835484
2081,0.8815462242933692,0.4506210180960084,1.8919208577676043,4.198474509159525,0.5545040532289295,-86.55899209932774,3.4410079006722754,3.441007900672261
2082,2.6856432681079343,1.7126500166220635,4.63755680003404,2.707825156934807,0.4778301732403825,-74.51786743773377,15.48213256226623,15.48213256226623
2083,1.062665489594652,0.8525990422407571,1.4905798742565122,1.748277678495916,0.7210524323863382,84.79592718226282,-5.204072817737185,5.204072817737185
2084,1.5738748168108194,1.1839027071143018,2.235298876938399,1.8880764977612208,0.7813564056409612,84.80440857016957,-5.195591429830429,5.195591429830429
2085,2.052673332020974,1.489308345316145,2.950901305973317,1.9813904321787104,0.7371419535351077,-81.55865246018288,8.441347539817116,8.441347539817116
2086,1.3585539723246187,0.912389053315972,2.291182251524252,2.5111899832612155,0.5877766306578224,11.689584275097223,-78.31041572490278,78.31041572490278
2087,2.4541208259039915,2.3748819959165948,2.71726968183107,1.1441703994148686,0.6685763346767492,79.30353701964908,-10.696462980350915,10.696462980350915
2088,2.4982544068961623,1.5561091944848953,4.828477197157003,3.10291669393762,0.5006727556586137,71.17469647556442,-18.825303524435583,18.825303524435583
2089,1.526882849696625,1.332203559021685,1.861523140672958,1.3973263530687332,0.7400899598873788,-8.334814236542488,81.66518576345752,81.66518576345752
2090,1.7733929789634846,1.4880510832358045,3.113529413675253,2.0923538504503525,0.2894532173068698,-73.93949633263124,16.060503667368778,16.060503667368764
2091,1.062665489594652,1.0087096499819066,1.2095297559048062,1.1990861353675972,0.9327911987920472,59.88876487209764,-30.11123512790236,30.11123512790236
2092,2.5200313704984505,2.0161957140625546,4.009866164054462,1.988827838530983,0.4810130240551856,1.1397908409882738,-88.86020915901173,88.86020915901173
2093,5.239687473869042,3.944179472820899,9.691553992742731,2.4571787515062744,0.2272225997770075,-78.47039451768482,11.529605482315162,11.529605482315176
2094,0.979419278671245,0.7282595773813816,1.4378035834575202,1.9743009609670512,0.8460363279374697,87.14697077511221,-2.8530292248877913,2.8530292248877913
2095,4.3689932479305,2.777549595480381,12.37993518101998,4.457142799957403,0.1764792320734574,-80.09183038529314,9.908169614706878,9.908169614706864
2096,0.9414917802541344,0.5973581591969487,2.383160125231546,3.98949958000962,0.3210977815477495,68.32483680327778,-21.675163196722224,21.675163196722224
2097,3.562158567226919,2.1487092361296067,7.985958720890219,3.716630703963949,0.2995549535979832,69.040602852632,-20.959397147367994,20.959397147367994
2098,4.030724910699935,3.394933855683006,7.613919353281555,2.242729807691572,0.2331289770581721,-78.26787972788387,11.732120272116134,11.732120272116134
2099,1.1557168501373432,0.7812644004371972,2.187303647873592,2.7996970636951746,0.5295167979405841,57.92880521896882,-32.07119478103118,32.07119478103118
2100,1.0569367929308613,1.0227739201191353,1.6657864148101869,1.6286946528868784,0.4596802201654433,-35.577144187400016,54.42285581259998,54.422855812599984
2101,2.687902959940692,2.4745874924084568,2.979889125871772,1.204196309491372,0.8613215558140678,-82.62882467063967,7.371175329360312,7.371175329360327
2102,2.8924423630139704,1.3981537669531352,6.616542676908376,4.73234263161711,0.4096902280773298,55.66542047098937,-34.33457952901063,34.33457952901063
2103,1.626984252638553,1.3902726583089169,2.2184731326727345,1.595710826516012,0.5314986364002794,-61.24186061659498,28.758139383405023,28.758139383405023
2104,2.446687833084206,1.7777310464361855,3.520022199638486,1.9800645360247653,0.7498211454194633,68.47753286559107,-21.522467134408927,21.522467134408927
2105,0.8022191731670073,0.5944601660610606,1.1867006877246105,1.996266117522696,0.8543875391019936,62.54966999151995,-27.45033000848005,27.45033000848005
2106,2.424252116806765,1.83986606307058,3.6300519538929024,1.972997940858073,0.5405620113036621,85.6312616173205,-4.368738382679496,4.368738382679496
2107,2.839482146491885,1.9118956463400727,5.67721323523903,2.9694158497127576,0.3505206792047184,81.32983149603558,-8.670168503964419,8.670168503964419
2108,1.4865885952249918,1.1104931412234205,2.603283056394413,2.344258563836242,0.4757197234491432,-32.57881264781214,57.42118735218786,57.42118735218786
2109,1.9401528657775409,1.1522630577549955,3.4788819683556667,3.0191733952954496,0.5773805645494087,41.11181307880066,-48.88818692119934,48.88818692119934
2110,1.3177199508995825,0.9334381196265494,2.1062482619772624,2.256441233426305,0.5680388758186786,50.08843944774108,-39.91156055225892,39.91156055225892
2111,1.667526881973112,1.1678403757366125,2.629595962621226,2.251674130518578,0.5831627600548422,62.792621822946536,-27.207378177053464,27.207378177053464
2112,3.947011855428269,3.4083809696223764,5.892616503534327,1.728860874430708,0.3211642825011966,-89.54870278542026,0.45129721457973915,0.45129721457973915
2113,0.9479184199131095,0.8340212383418086,1.1901675507201754,1.4270230732810267,0.8557273713722853,87.12057365588724,-2.8794263441127583,2.8794263441127583
2114,3.6712722538867215,3.047752774082265,6.618610566708338,2.1716363029810792,0.3128278592734436,49.40719430493728,-40.59280569506272,40.59280569506272
2115,1.0683634687220958,0.741686965947422,1.9822956218048489,2.67268499086092,0.5398729350867169,51.68684973631118,-38.31315026368882,38.31315026368882
2116,3.5910161727544576,2.210509390799644,5.97073887437503,2.701069219260425,0.584242015598337,-86.93972646761966,3.060273532380336,3.060273532380336
2117,0.8815462242933692,0.7635626029855936,1.1027641104650252,1.444235359554181,1.0006534834087473,-72.60508408221426,17.394915917785738,17.394915917785738
2118,0.7946150283453554,0.7210974381933555,0.9637399075286048,1.3364905441117196,0.9174473482515092,-21.88758838840836,68.11241161159164,68.11241161159164
2119,1.0099380753567209,0.8260497199568981,1.445728523066521,1.750171313104442,0.6831675906625722,-71.14749817514137,18.85250182485862,18.852501824858635
2120,4.039752301426884,3.212524266064369,5.9070338822421045,1.838751521549984,0.3593474900598857,24.945073712020207,-65.0549262879798,65.0549262879798
2121,4.420110481183428,3.940252817981623,5.575347023104467,1.4149719017168074,0.4723156462509776,17.36770296993227,-72.63229703006773,72.63229703006773
2122,3.089344752569896,2.1205859017325306,4.661681585004093,2.1982988669289334,0.6670279638861617,72.98978608210862,-17.010213917891377,17.010213917891377
2123,1.2515550525870838,0.9541308289606444,2.0422164194376533,2.140394542813677,0.534352051251506,-71.65506510754064,18.344934892459378,18.344934892459364
2124,2.332352078688221,1.114639505578901,5.86817742680557,5.26464152529554,0.2603466019307718,87.54624453724831,-2.453755462751687,2.453755462751687
2125,2.0288734164048656,1.4776704222720318,2.971577986542021,2.0109883379630697,0.7323795938748399,-79.55498464913057,10.445015350869426,10.445015350869426
2126,0.979419278671245,0.819767102805915,1.351537055016497,1.6486841816296716,0.7161503745986147,28.868062550106963,-61.13193744989304,61.13193744989304
2127,1.139848131163964,0.834709405687363,1.6342923322945773,1.9579177150265568,0.8518370228189734,-53.49070544150685,36.50929455849314,36.50929455849315
2128,1.4906670352488116,1.010870522367849,2.68088216498572,2.6520529639207,0.4884245679544091,-40.52056808837602,49.479431911623976,49.47943191162398
2129,1.4025314545362868,0.7648503094203977,3.238519760237616,4.23418768398193,0.4189355094496507,-61.782598510978914,28.217401489021086,28.217401489021086
2130,1.9495180989563052,1.3547741654220036,3.000847463488038,2.2150167460222367,0.6865942193080333,75.55799546401393,-14.442004535986072,14.442004535986072
2131,1.6044383463340146,1.5669803669931797,1.9273887126323097,1.2300018259518493,0.6159837900455634,-79.44013066910627,10.559869330893719,10.559869330893733
2132,1.827348788334744,1.347842365827865,2.936468466549839,2.1786438392194443,0.6262729991008412,-40.0810251808504,49.91897481914958,49.9189748191496
2133,1.1128975557056655,0.8110410066492922,1.7585742758103453,2.1682926774265834,0.6765696629546517,-77.02215874068906,12.977841259310935,12.977841259310935
2134,5.478722905247418,4.809082411718526,6.491075170210074,1.3497533655054348,0.6954174860994254,52.53467476305167,-37.46532523694833,37.46532523694833
2135,1.4451712930335778,1.0772994185598934,2.0486305184611817,1.9016352215243364,0.7565591565234646,70.56880198543477,-19.431198014565226,19.431198014565226
2136,1.062665489594652,0.7195901743786101,1.9949859694322745,2.772391898145373,0.5624046389949333,-85.99729675932407,4.002703240675942,4.0027032406759275
2137,4.074172002130807,3.732230124712552,5.701892172473956,1.5277439980775844,0.2627426103213379,12.27567445297691,-77.72432554702308,77.72432554702308
2138,1.1661760393441107,0.8930517715670244,1.7230662005311144,1.92941356300954,0.6531570433602729,35.89686502279047,-54.10313497720953,54.10313497720953
2139,1.0337045758596148,0.9981679371445786,1.1228396149096875,1.1249005033378976,0.961353878985643,89.89753406524504,-0.10246593475496013,0.10246593475496013
2140,0.8606370140730026,0.6643647811894062,1.2172177955728,1.832152802250634,0.8590354727437737,51.85706635858323,-38.14293364141677,38.14293364141677
2141,1.6964039525710572,1.0377225798847087,3.192597524147129,3.0765424074147325,0.4779417496819914,66.21919538731046,-23.780804612689536,23.780804612689536
2142,0.9086770491564996,0.8165146453738026,1.3142976674217504,1.6096437153556031,0.6415466490022037,-56.81428059325874,33.18571940674127,33.18571940674126
2143,1.085277926096956,0.8088607589713143,1.61211747390189,1.9930716826368664,0.788895908265113,45.39946095377931,-44.60053904622069,44.60053904622069
2144,4.114210323149164,3.652223691579772,6.532266394744311,1.7885723729914182,0.3995328264415886,77.35914135960428,-12.64085864039572,12.64085864039572
2145,1.270810876469873,1.2259430627801402,1.460746058246135,1.1915284670182955,0.7432246222870544,-16.63273609061604,73.36726390938396,73.36726390938396
2146,3.1496778112196857,2.1657366801624742,4.748184797935582,2.1924109433190058,0.61785370594632,75.50334006569057,-14.496659934309434,14.496659934309434
2147,1.0159318257539256,0.9793562212997042,1.0887683116075473,1.1117183798175525,1.035778831883248,-72.36730329585914,17.63269670414087,17.632696704140855
2148,1.1128975557056655,0.8996912284700752,1.4425414559995096,1.6033739246880856,0.8480124042649545,51.85799067115733,-38.14200932884267,38.14200932884267
2149,0.8535534614000618,0.5336821642647317,1.6234756507515098,3.0420271829548886,0.5887881642837726,26.476623436443347,-63.52337656355665,63.52337656355665
2150,1.0683634687220958,0.8574166410883719,1.5705754357847486,1.831752919783689,0.6842527733080622,81.96969018844155,-8.030309811558453,8.030309811558453
2151,1.0740312192037882,0.9706283063715836,1.2887942639122951,1.3277938171101604,0.787140677429302,83.65520686986581,-6.344793130134192,6.344793130134192
2152,3.616287534316247,1.87212059044983,7.597949286746278,4.058472154788199,0.4098409327073667,57.04637603324913,-32.95362396675087,32.95362396675087
2153,5.333855511993782,3.420457058525635,8.965464291083746,2.6211304915338567,0.3264433738074352,83.15983588701965,-6.8401641129803465,6.8401641129803465
2154,1.4025314545362868,0.9291339021854836,2.301958558045551,2.477531551298415,0.6455999428138675,65.95068434653392,-24.04931565346608,24.04931565346608
2155,1.3718952479298128,1.3578213116330795,1.4429293686981224,1.0626798654107743,0.8533040557700556,-5.3840078741407815,84.61599212585922,84.61599212585922
2156,7.379659543788927,7.41101410759732,9.06488166584092,1.223163461063737,0.3393991034455998,48.33012414836171,-41.66987585163829,41.66987585163829
2157,1.039561305877423,0.5787660077812128,2.0265866081550468,3.5015646753759326,0.5666382597329452,82.49395596877298,-7.50604403122702,7.50604403122702
2158,1.0099380753567209,0.595655158731186,1.7816954455288994,2.991152547598372,0.735763098121537,82.52783757704458,-7.472162422955421,7.472162422955421
2159,2.451645665591017,1.6431035604272104,6.064850784658462,3.691094664222861,0.1965853071720002,-55.28249270187001,34.71750729812999,34.71750729812999
2160,1.1609582232861997,1.0055058450384708,1.5113771020600952,1.5031012594484416,0.6248623637861159,57.42602714841768,-32.57397285158232,32.57397285158232
2161,1.0740312192037882,0.9177307370860532,1.3980229679764329,1.5233476568687094,0.7103488599869094,72.98442353006266,-17.015576469937344,17.015576469937344
2162,1.522901401330112,1.2247702445865345,2.0245758476710733,1.653025011523318,0.7587092677018715,-51.700687192107885,38.29931280789211,38.299312807892115
2163,2.139566442932797,1.7093555479325897,5.788269185451305,3.3862289167704342,0.2123221863645651,27.861828663803315,-62.138171336196685,62.138171336196685
2164,2.623896088524249,1.8243900095732768,5.097251268819469,2.793948246850854,0.4414392354286985,83.37875366780173,-6.621246332198268,6.621246332198268
2165,1.1816912584570125,1.029753081830665,1.4425331673420874,1.4008534597222024,0.7496524388930155,-53.01487440750659,36.985125592493404,36.98512559249341
2166,1.0278144733504384,0.7491305340310518,1.5100618250571822,2.0157526044647773,0.6920576285445692,-69.40943928946878,20.590560710531236,20.59056071053122
2167,1.1609582232861997,0.7766023205197862,1.7994638335933757,2.317098193048123,0.8154414502509405,-72.42017916103822,17.57982083896178,17.57982083896178
2168,6.426261863767508,8.103517462910803,12.382814662511809,1.528078975480343,0.1424090396467384,21.467205064282048,-68.53279493571796,68.53279493571796
2169,1.2612197138901655,0.9821429534573896,1.7061525801354314,1.7371733657807615,0.8613909905815758,73.9312476404553,-16.068752359544703,16.068752359544703
2170,1.67479282872596,1.054700171272884,2.8921075506033933,2.742113473929753,0.5575257191372038,85.4129805657017,-4.587019434298298,4.587019434298298
2171,4.140687459413903,3.2998725671950337,5.566332619251594,1.6868325991094566,0.5609663643981446,74.76085502301517,-15.239144976984832,15.239144976984832
2172,5.283534995412626,2.951204002497496,11.967787005481588,4.0552218671951135,0.2093264869733544,74.16432410898041,-15.83567589101959,15.83567589101959
2173,2.9629495124267176,2.35973427586446,4.42837375212182,1.8766408563097805,0.3510691262453738,85.59471328421658,-4.405286715783419,4.405286715783419
2174,1.4947343471339476,1.6014315569511206,1.81207377994631,1.1315337031301045,0.5745149553594363,86.90178818488278,-3.0982118151172244,3.0982118151172244
2175,0.9917395023300404,0.8263876752376963,1.3551512235197964,1.6398492670283475,0.70516006257863,-21.75333023787869,68.24666976212131,68.24666976212131
2176,0.9917395023300404,0.6394658274269562,1.6742924097070584,2.6182672128766824,0.6754354034984472,75.24490866887709,-14.755091331122912,14.755091331122912
2177,2.192818546001692,2.344741260164198,3.666479521707485,1.5637032469206125,0.3183394647970888,-21.341401148332977,68.65859885166702,68.65859885166702
2178,1.039561305877423,0.9638205461166384,1.2111647253846438,1.2566288716966951,0.9779794195694697,83.04656629734941,-6.953433702650585,6.953433702650585
2179,3.05177692308371,1.6790149701606187,5.84368896571833,3.4804269584084224,0.5181241087084915,88.70934517900997,-1.290654820990028,1.290654820990028
2180,2.401606816096648,2.192880635308433,3.132949482737385,1.4286912986929312,0.551202006564887,70.20250610790292,-19.79749389209708,19.79749389209708
2181,0.8246109854774907,0.6860046419037612,1.0466378929996056,1.5257008904415508,0.9807306217390654,-87.30119556181998,2.6988044381800194,2.6988044381800194
2182,1.1816912584570125,0.9258216485164564,1.575824056908261,1.7020816692214682,0.8223267851793021,-71.94192720455642,18.058072795443593,18.05807279544358
2183,3.327764020226496,2.5532013707499406,4.689086334731401,1.8365517065949624,0.6031287967066211,53.53736555421561,-36.46263444578439,36.46263444578439
2184,3.187996468783956,1.7004037176044635,6.847445822245556,4.026952982608311,0.3551476220194429,-86.19721305062701,3.802786949373001,3.8027869493729867
2185,4.504466149765647,3.5137459410583265,7.912249443328712,2.251798956456588,0.2841578059794929,-40.10430330651352,49.895696693486485,49.89569669348648
2186,1.3038244488524504,0.8233478524613397,2.8099353755305088,3.4128167907773213,0.3821763420308259,70.51379159968306,-19.48620840031694,19.48620840031694
2187,3.38564251614032,1.6729970229347986,8.004049864957832,4.7842582833273655,0.3243069551655006,-72.11418997547825,17.88581002452173,17.885810024521746
2188,0.9543017810603904,0.5049954402463905,2.1075443970916248,4.173392924227871,0.4339723064999893,73.01689451837572,-16.98310548162428,16.98310548162428
2189,0.8319410050566239,0.631934919212206,1.1733060070086958,1.8566880407105584,0.8395017499136191,33.85336374866645,-56.14663625133355,56.14663625133355
2190,2.2823579051052425,1.7332952757851794,4.107707101869793,2.369883054120141,0.3475310721745691,76.88133871214448,-13.118661287855517,13.118661287855517
2191,1.671163804247637,1.6472646031180926,1.79206595578349,1.08790412444443,0.7196402752752321,-60.1442706550451,29.85572934495491,29.855729344954902
2192,1.0796692170979234,0.7967196277489125,1.5635785987481647,1.962520495655379,0.8745283880777168,-78.42059322963712,11.57940677036288,11.57940677036288
2193,1.7665326322454526,1.2390253307878931,2.8068513533322395,2.26537043560471,0.5774185911061492,-42.334009761695874,47.66599023830412,47.665990238304126
2194,1.270810876469873,1.1344377749345649,2.2642320868733274,1.9959068156064617,0.3869249604217962,-66.25779329258286,23.742206707417154,23.74220670741714
2195,1.0159318257539256,0.7928134073972103,1.4048400416433022,1.7719680678147995,0.8525510956701506,51.99019237956451,-38.00980762043549,38.00980762043549
2196,2.7327044283177195,1.5963517437245007,5.588398435428353,3.500731250112758,0.4064733108598498,-49.76826265862892,40.23173734137109,40.23173734137108
2197,1.827348788334744,1.504348333202819,2.2535928744346774,1.4980525618270115,0.9541338971952272,9.113304692010011,-80.88669530798998,80.88669530798998
2198,1.3630155737347494,1.0445478333728142,1.866110529198856,1.7865247234999662,0.7098391663177728,-74.12705148196494,15.87294851803506,15.87294851803506
2199,3.0952348337088336,1.7548783327028368,5.959412238125153,3.3959119142730296,0.4312205135180846,66.92985268416591,-23.07014731583409,23.07014731583409
2200,0.979419278671245,0.8595516312176416,1.1831734287005564,1.376500707728833,0.9293227131225128,-0.3856784238499277,89.61432157615008,89.61432157615008
2201,1.593045740590529,1.229169802893383,2.39412965944057,1.9477615328695432,0.6101769412736864,-80.16290032783071,9.837099672169302,9.837099672169288
2202,1.2803301921000927,1.0340204360941752,1.7013818613704657,1.645404483297378,0.7674538641279541,-84.39708460941313,5.6029153905868725,5.6029153905868725
2203,0.8392070033186643,0.7786263238050294,0.9899382548212006,1.2713906845372522,0.7886097075982519,21.590146399943155,-68.40985360005685,68.40985360005685
2204,2.623896088524249,2.0958747072941915,5.431699139675145,2.5916144322804286,0.20026009476776,-77.12897453175903,12.871025468240987,12.871025468240973
2205,1.085277926096956,0.922183075149672,1.5130436647876235,1.6407194032942471,0.6811767191272834,-74.45211595035089,15.547884049649099,15.547884049649113
2206,2.0288734164048656,1.905356882767139,2.821275293037546,1.480707010090532,0.3983064074321669,32.82116922349156,-57.17883077650844,57.17883077650844
2207,1.4025314545362868,1.3305696909541354,1.7266352025605434,1.2976661157240057,0.6476974857638123,-89.91471288276041,0.08528711723960214,0.08528711723958793
2208,1.5892300566907107,1.1657435036590245,2.240302784655936,1.9217802008967624,0.7821630767456379,82.05785791024176,-7.942142089758235,7.942142089758235
2209,1.3938469657443524,1.1540262675373398,1.939241465682631,1.6804136268240395,0.6761002035492565,-62.6296620376129,27.37033796238711,27.370337962387097
2210,1.937021059271256,1.454077129128161,3.3230646643966155,2.2853427770981223,0.397895245568226,-26.79088900356002,63.209110996439975,63.209110996439975
2211,1.566140741422161,0.8286076766914866,3.532311556077087,4.262948142335717,0.3991266633628573,-45.63149189325834,44.36850810674167,44.36850810674166
2212,1.2803301921000927,0.8744917548875115,2.08407254032146,2.383181463602868,0.6615924548323986,-69.74493406481777,20.255065935182245,20.25506593518223
2213,2.8987325676804407,1.920505362473348,4.61207475176493,2.401490171225145,0.5647775022679036,-76.65780591311903,13.342194086880966,13.342194086880966
2214,4.01412196650374,3.346904398239029,6.811245188555093,2.035088062909363,0.2820145485167261,-16.01749585890156,73.98250414109845,73.98250414109845
2215,2.9874371149002164,1.9563648632342128,4.941426534557481,2.525820529401882,0.5993116647600618,88.87690256302866,-1.1230974369713351,1.1230974369713351
2216,1.3038244488524504,0.9859112201814126,1.7943213707823849,1.8199624206043832,0.798967911085985,47.99226604485438,-42.00773395514562,42.00773395514562
2217,1.4025314545362868,1.2109163327406112,1.8108683294687424,1.4954528901020665,0.6765137152354103,-25.986633307437497,64.0133666925625,64.0133666925625
2218,0.8746320295080829,0.5293604707402911,1.7669778293814025,3.3379481979648933,0.5503683235810662,-60.931707921707385,29.068292078292615,29.068292078292615
2219,1.3177199508995825,0.848912417460598,2.7241514698162472,3.2089900133221785,0.3960424554908116,64.66497799374531,-25.33502200625469,25.33502200625469
2220,1.6044383463340146,1.1416244037202206,2.34920062705482,2.057770155753031,0.7214089822838388,-74.99371174141508,15.006288258584902,15.006288258584917
2221,1.0337045758596148,0.7636205510758195,1.544839237199361,2.023045654052826,0.7114938719321154,-74.00845638954712,15.99154361045288,15.99154361045288
2222,0.8535534614000618,0.7752100486074913,1.1127442218884491,1.4354099561625526,0.8407821325001695,-60.89200689666938,29.107993103330614,29.10799310333062
2223,1.5622593457610967,1.1207730480055815,2.38529151360889,2.1282555980923368,0.6110715287172931,36.77475969547052,-53.22524030452948,53.22524030452948
2224,2.8330603919918054,2.121102844326558,4.892164199047154,2.306424797898188,0.43452845201907,-49.5519560722223,40.44804392777769,40.4480439277777
2225,3.0814737977359603,2.7178418562391267,3.958144982051701,1.456355885080404,0.6060580310187943,-38.39943167518626,51.600568324813736,51.60056832481374
2226,1.4409640896579887,1.0831779028544355,2.3100149538826016,2.132627473100359,0.5510219591235441,-69.76709584924107,20.23290415075894,20.232904150758927
2227,0.9219431092603804,0.5932565882622943,1.549607148336288,2.61203529635505,0.6337123055616513,83.98688656461925,-6.013113435380745,6.013113435380745
2228,3.936229754120056,3.3851047315073144,4.909257139263965,1.4502526594141678,0.4792287908398412,75.32824094850503,-14.671759051494973,14.671759051494973
2229,3.013740827659439,1.991715041962944,5.484395105076559,2.7536043005787554,0.4446318514389074,-75.85310536780601,14.146894632194005,14.146894632193991
2230,2.3889333407400763,1.7504510701531368,3.3445913234591127,1.910702550038439,0.7590701697675616,-8.964460242749503,81.03553975725049,81.03553975725049
2231,1.886205091624149,1.2045594424908708,3.1239200368878928,2.5934129331368125,0.655406935090188,84.42154016505181,-5.578459834948191,5.578459834948191
2232,2.376192272076737,1.4420330666190344,4.936465214119522,3.4232676964152238,0.4010162078691564,33.96807233629788,-56.03192766370212,56.03192766370212
2233,2.173351160309283,1.4810784625069022,3.500055531582507,2.363180358222376,0.5051352005196599,-61.41490609284181,28.585093907158182,28.58509390715819
2234,1.6082179472047609,1.1187467228891368,2.694113421450828,2.408153129149147,0.5791810847095633,7.7447900781895,-82.2552099218105,82.2552099218105
2235,3.585940528984087,2.987091108552884,5.937089795820252,1.9875824272050795,0.2669999727980559,-56.57827772547433,33.42172227452568,33.42172227452567
2236,1.021890421280174,0.7784847565009237,1.6699725239497736,2.14515764117957,0.5351089059431707,52.34649132928408,-37.65350867071592,37.65350867071592
2237,2.0108386281965918,1.3581112688091428,3.4770060414338686,2.560177594640441,0.4547686116010437,-55.62493358807431,34.37506641192567,34.37506641192569
2238,6.507937010554212,3.1136043647162563,16.57985999088677,5.324973262104769,0.2219943061402055,-60.76463019898375,29.235369801016247,29.235369801016247
2239,2.88824128256434,1.937246359285009,5.06610749832101,2.615107507643368,0.401215244951495,83.42631461533547,-6.573685384664529,6.573685384664529
2240,1.3223193364400538,0.973931921202994,1.9849826173944645,2.038112289145044,0.6847433699171462,-64.32849548577184,25.67150451422816,25.67150451422816
2241,1.7142051110999064,1.236688865821722,2.6207766845626645,2.1191883884401927,0.6328606922017247,82.30063216051494,-7.699367839485063,7.699367839485063
2242,1.2515550525870838,1.048427118724654,1.5994808559847826,1.5256004231657525,0.7006925173956776,-23.86107259534026,66.13892740465974,66.13892740465974
2243,1.4282681233264556,1.033311322034416,2.0427908887617727,1.9769365197120476,0.767908954399363,-66.20617679305083,23.793823206949185,23.79382320694917
2244,1.7423087071804406,1.3674368148736975,2.3627425308237653,1.727862307877091,0.7387907892001951,79.63736056999251,-10.36263943000749,10.36263943000749
2245,4.36343119189067,3.8220803027473154,7.667520276897913,2.006111768867465,0.3415435420582917,-65.01482618295867,24.98517381704133,24.98517381704133
2246,4.175729162809146,3.6030983129440792,5.304439755492115,1.472188459703137,0.4234989528206956,-73.06844087566067,16.931559124339344,16.93155912433933
2247,5.163822084438016,4.415282649773834,8.195805403230434,1.856235727887149,0.3161511679862752,-62.272135076161575,27.72786492383841,27.727864923838425
2248,6.489252111210655,6.73209131772639,10.68711410666084,1.5874879888394278,0.3221449544506616,83.54334023859957,-6.456659761400431,6.456659761400431
2249,1.0683634687220958,0.8309255868368217,1.5771969735982414,1.8981206001879607,0.6627074194731234,54.18448147823227,-35.81551852176773,35.81551852176773
2250,4.415987883848209,2.591501852749503,10.606938327931166,4.092969610142294,0.2605446607607168,75.6836762806487,-14.316323719351303,14.316323719351303
2251,2.153707815918036,1.2721502213360705,4.757438522464488,3.739682973499788,0.3494526670573717,-85.43755538628284,4.562444613717162,4.562444613717162
2252,1.9773476793114584,1.4132504848953116,3.606878603602836,2.552186354898028,0.4970415565148263,-75.29865749323973,14.701342506760284,14.70134250676027
2253,0.9479184199131095,0.7412608219733308,1.3061771338319386,1.7621019418707826,0.7623751892618479,33.57995901984164,-56.42004098015836,56.42004098015836
2254,1.1451621372724683,0.8465981347638939,1.806261074304884,2.133551918123028,0.6617386714638275,77.79957441810566,-12.200425581894336,12.200425581894336
2255,1.9834790046600808,1.2394454557741876,3.3949971143581794,2.739125871608107,0.6166878253593574,9.647356969126292,-80.35264303087371,80.35264303087371
2256,1.502835947650602,1.4154018878977723,1.647039610170906,1.1636550892391233,0.8237397547291972,-60.77831280929045,29.22168719070956,29.221687190709552
2257,1.9711972828282505,1.9388634562620053,2.094148837744251,1.0800909321286736,0.8145288376829134,25.123955385694103,-64.8760446143059,64.8760446143059
2258,4.574016652533835,4.029697361367341,7.214653345927833,1.7903710127451815,0.3745849660899206,-73.94140949367107,16.058590506328926,16.058590506328926
2259,1.5544674799972351,1.5262440960755554,1.711352013707818,1.1212832980702314,0.8457625027524401,3.889069983636391,-86.11093001636361,86.11093001636361
2260,0.8392070033186643,0.8409666238706495,1.0028910316373736,1.1925455816801,0.6868190696914648,-84.2690674842833,5.730932515716688,5.730932515716702
2261,8.055422568354329,7.01501507082095,14.140798653366335,2.015790202958391,0.2120519249422818,49.64935973195059,-40.35064026804941,40.35064026804941
2262,1.0099380753567209,0.8869449658472552,1.2452172348083204,1.4039396836970883,0.7953729329828043,20.660786621230805,-69.33921337876919,69.33921337876919
2263,1.7733929789634846,1.328882952198546,3.361978071395505,2.5299279111326864,0.324061047992546,9.28180407637708,-80.71819592362291,80.71819592362291
2264,3.799671312836335,3.301108590569961,5.859234220907022,1.7749292578998077,0.4646070779492943,88.03158445822173,-1.9684155417782705,1.9684155417782705
2265,1.2850634067342854,0.8752234843049669,2.1801849034519605,2.491003660834456,0.6407056777742208,61.94492213150643,-28.05507786849357,28.05507786849357
2266,4.962369261514031,2.9845066330443677,12.961278866803926,4.342854769795798,0.1923931450663249,81.28429933539265,-8.715700664607354,8.715700664607354
2267,1.5815710720799827,1.0813031673595774,2.4411494359919814,2.257599450071896,0.6090811391981429,77.26296860130473,-12.737031398695265,12.737031398695265
2268,0.973200680696656,0.7676928872059038,1.6001935748254557,2.0844189147687984,0.4773951508788982,-35.83900294840606,54.16099705159394,54.16099705159394
2269,1.1609582232861997,0.864719691092901,1.76897052616783,2.0457155589137392,0.619422805609185,-70.38871267675455,19.61128732324545,19.61128732324545
2270,0.973200680696656,0.8002391877762625,1.2343161035643555,1.5424339652677144,1.035058254185898,3.9911863270527217,-86.00881367294728,86.00881367294728
2271,4.852259368473797,2.2758410475119604,14.27476841408801,6.272304662794334,0.1875728203127651,-73.1936994379453,16.8063005620547,16.8063005620547
2272,0.8246109854774907,0.8014003150765061,0.8847891726192455,1.104053936558259,1.0596661316573537,-2.362062547612087,87.63793745238792,87.63793745238792
2273,1.8829835605082688,1.119258278848292,4.4339333570656585,3.961492571337637,0.3444615437984489,50.05027315806761,-39.94972684193239,39.94972684193239
2274,1.1345092346885122,0.9394242928547888,1.6813308238479516,1.7897459504039488,0.6796677844943171,86.84017887968048,-3.1598211203195206,3.1598211203195206
2275,0.8676627389239214,0.8025756613861731,1.3156197991310312,1.6392470671970678,0.626240833324054,-81.72975970321627,8.270240296783726,8.270240296783726
2276,2.4713775385009384,2.268315405330099,2.9828443617497467,1.3150042338647632,0.6249064959660044,43.30467316537088,-46.69532683462912,46.69532683462912
2277,1.270810876469873,1.076204493078426,1.534001770683855,1.4253813104755992,0.9544053101370444,43.63167038893248,-46.36832961106752,46.36832961106752
2278,1.062665489594652,1.040924923341626,1.221397869906275,1.1733774862314623,0.7491048374961116,69.02902851728875,-20.97097148271125,20.97097148271125
2279,1.021890421280174,0.9469317171540456,1.1652031743065787,1.2305039035005991,0.8719165998467492,84.75286083363868,-5.247139166361322,5.247139166361322
2280,0.928505064734256,0.9172589763272068,1.254211699765766,1.367347425465107,0.5774392730600313,9.570523394373316,-80.42947660562669,80.42947660562669
2281,2.8244753407624037,2.6302451896589645,3.14435903740726,1.1954623279113212,0.7742880926351398,-41.99658044806914,48.00341955193085,48.00341955193086
2282,1.4577200491801383,1.236275252696706,1.7774990849707406,1.4377858661276726,0.857619848856813,11.824670194753269,-78.17532980524673,78.17532980524673
2283,1.4409640896579887,0.8752116981760266,3.081497188875705,3.5208592335976063,0.4611560997641241,-63.26392618133539,26.736073818664607,26.736073818664607
2284,0.8815462242933692,0.5528249842689433,1.7648646992521893,3.1924474281603774,0.5334574640705726,-70.27991684446137,19.720083155538646,19.72008315553863
2285,1.3718952479298128,0.8258307334346434,2.5143123530485503,3.0445855927297405,0.477711115150261,-53.02573407655797,36.97426592344203,36.97426592344203
2286,1.085277926096956,0.87232127610566,1.4286037363930015,1.637703648328717,0.8085214689819615,23.3953721714128,-66.6046278285872,66.6046278285872
2287,2.055628946700877,1.252647658662006,4.050536969798927,3.2335804420258434,0.4131684936689772,-89.32650585402034,0.673494145979646,0.6734941459796602
2288,0.8606370140730026,0.7233812458993385,1.2234142372248733,1.6912440627402117,0.6880485411780011,55.22745692781096,-34.77254307218904,34.77254307218904
2289,1.4824989352200384,0.9362809386518988,2.740857299825982,2.927387696018245,0.4552331860940503,-61.17817931671608,28.82182068328393,28.821820683283917
2290,4.903291331182034,3.108911387781798,10.027252779354674,3.2253260156472643,0.2683669224808213,-53.39442959871715,36.60557040128285,36.60557040128285
2291,1.5892300566907107,1.4347229949823914,1.873888214888572,1.3060975682707103,0.8043259156370202,-73.3656862561601,16.634313743839897,16.634313743839897
2292,1.2369164782162358,0.8853599766457508,1.8048216766146727,2.038517353644523,0.7400533664752323,59.60291000000981,-30.397089999990193,30.397089999990193
2293,1.2020667470700563,0.5580584978085119,3.456415427057706,6.193643570756475,0.2592736923257732,60.43108351085103,-29.568916489148968,29.568916489148968
2294,0.9153341128725788,0.7894492476844676,1.1415445235227828,1.446001154439054,0.9141425525981326,-52.250669467555866,37.749330532444134,37.749330532444134
2295,1.3084726790995154,0.893876786557511,2.026979230507989,2.267627105872467,0.8118213937737803,55.99732532729772,-34.00267467270228,34.00267467270228
2296,3.91767711468498,2.558564867355247,8.123649712859796,3.175080615117295,0.2866423337895294,-83.3520464957315,6.647953504268514,6.6479535042685
2297,5.032829927787983,2.8965624467356914,16.029065063969757,5.53382340575252,0.2128388969705037,-80.9701174349766,9.0298825650234,9.0298825650234
2298,2.717107944649237,1.735994839431294,5.055125833513148,2.911947500471366,0.4487855458917329,33.389632485715325,-56.610367514284675,56.610367514284675
2299,1.8173540983129992,1.446782371332261,2.671216374776137,1.8463152632391864,0.559970765335709,-73.45500402637377,16.544995973626214,16.54499597362623
2300,1.2803301921000927,1.0231159609891578,1.7909323108134054,1.7504685481418116,0.6396801977568123,-50.33815459332475,39.66184540667524,39.66184540667525
2301,1.340559085464394,1.173581593948227,1.9119013023401483,1.629116639353576,0.5122370441560441,80.92092867960547,-9.079071320394533,9.079071320394533
2302,2.441719933881311,2.714767266788041,4.427302366940367,1.6308220675500116,0.2786482422145864,87.65358804292691,-2.3464119570730873,2.3464119570730873
2303,2.2038655607334228,1.9023257552227768,3.439719916485831,1.8081655610466216,0.3046835267640969,-63.2181286208156,26.781871379184395,26.781871379184402
2304,2.45659349235077,1.483111650869238,4.632990632937509,3.1238313246491973,0.4927519295977447,53.79236084165184,-36.20763915834816,36.20763915834816
2305,3.140025082999704,2.3558603291889386,4.588905237490215,1.947868123009676,0.5158647181762542,-88.81822400268024,1.181775997319761,1.181775997319761
2306,4.131880599121998,1.920358860063453,9.598593099041254,4.998333019237923,0.3373303349133135,75.26441365262238,-14.73558634737762,14.73558634737762
2307,4.6997142419519164,3.197802440275796,9.573603668206362,2.993807105663689,0.294926271914398,78.607681762285,-11.392318237715003,11.392318237715003
2308,2.3219164465724,1.5063713582102158,3.876833097604752,2.573623745880951,0.5718255859844439,-29.950108018777836,60.04989198122216,60.04989198122216
2309,1.096409273000846,0.9931152159040324,1.2851929693958155,1.2941025863005282,0.99623346397394,77.9977952725239,-12.002204727476098,12.002204727476098
2310,0.9855986414141252,0.7727689973550392,1.3883121485060386,1.7965422438760126,0.8103024750864093,-52.32970531285981,37.6702946871402,37.67029468714019
2311,0.9479184199131095,0.6414632907728953,1.745666316862081,2.7213814757173997,0.5310225033845211,-85.69304697774797,4.306953022252031,4.306953022252031
2312,1.0159318257539256,0.6090583675262791,1.8280951595922028,3.001510622072401,0.650981474669288,87.88505202843423,-2.114947971565769,2.114947971565769
2313,1.8073041368518064,1.4856693107100905,2.6415241462135803,1.77800276762198,0.4625426991245268,72.44110941979575,-17.55889058020425,17.55889058020425
2314,0.8952144227026446,0.5612803433747942,1.6694593160105284,2.97437695033576,0.5885881843917162,67.70437827112346,-22.29562172887654,22.29562172887654
2315,1.0337045758596148,0.8528744139110198,1.4519314433338244,1.702397703169114,0.7575022478890062,76.49002501691433,-13.50997498308567,13.50997498308567
2316,1.0740312192037882,0.6568297157349662,2.0037246798424007,3.050599922386753,0.5992414567711506,-81.5200856581319,8.479914341868096,8.479914341868096
2317,1.021890421280174,0.550637789633982,2.099384713822104,3.812641909698205,0.5408704677141113,83.45065449583976,-6.549345504160243,6.549345504160243
2318,2.0497134554531327,1.4107809391791033,3.0568202795838157,2.1667575700040995,0.7857001668991004,60.30625158992151,-29.69374841007849,29.69374841007849
2319,3.2744280687021456,1.8176088893121856,6.072708399385544,3.341042418472964,0.4928119181631856,-87.86777698974433,2.1322230102556716,2.1322230102556716
2320,1.7457898469292477,0.9097233422129652,4.446955062961198,4.888249928976947,0.3483463226420977,-70.71629106549132,19.283708934508695,19.28370893450868
2321,1.2991595879263365,0.9980414940513086,1.7857852368382947,1.7892895711072396,0.6586336850977549,-31.947711964743352,58.05228803525665,58.05228803525665
2322,1.1451621372724683,1.1104848287221414,1.2960689899225308,1.1671199429297427,0.7959407631509521,45.03943907346036,-44.96056092653964,44.96056092653964
2323,3.105026806394252,2.7019088296258835,4.151152869800067,1.5363778467591194,0.5694958984170307,25.29481508817874,-64.70518491182126,64.70518491182126
2324,1.4947343471339476,1.1595974462371064,2.086374704852708,1.7992232663352214,0.7714204894955835,76.97431655679311,-13.025683443206887,13.025683443206887
2325,1.8732857266234093,1.3752680722927624,2.9674805021877573,2.1577469600094448,0.5295033572358807,-74.60619092258712,15.393809077412868,15.393809077412882
2326,2.34274122622605,1.3628157151535505,4.135484383849027,3.0345147460990907,0.5874332891970893,68.50560186388233,-21.494398136117667,21.494398136117667
2327,1.0796692170979234,0.845404218362422,1.4752733845803343,1.7450508910849667,0.7843905641826745,2.887681681903337,-87.11231831809667,87.11231831809667
2328,2.584261439649037,1.5081533695425826,5.1158346163226165,3.392118281626908,0.4632864633039411,77.11214681288533,-12.887853187114672,12.887853187114672
2329,0.973200680696656,0.5980924306019444,1.7795025491822758,2.975296890802167,0.5522844089158709,79.28824829014872,-10.711751709851285,10.711751709851285
2330,3.424866644795857,2.8258161095302494,4.23458652891082,1.4985357733043565,0.6973970639418358,63.84588904106568,-26.154110958934318,26.154110958934318
2331,1.8073041368518064,1.4768903702132783,2.3012105935561524,1.558145844788624,0.7743789346761778,50.64499949405212,-39.35500050594788,39.35500050594788
2332,1.1019327803667114,0.8227833064884015,1.593460860832207,1.9366713547373964,0.7718320098370468,-66.78234644795917,23.217653552040815,23.21765355204083
2333,1.9086035621207809,1.3155986213198774,3.4103050935766466,2.5922078651581817,0.4747538377149534,-88.15022230263811,1.8497776973619011,1.849777697361887
2334,0.9086770491564996,0.7072343781757738,1.4001029501257,1.9796873474068064,0.6614763130040213,53.001957524326585,-36.998042475673415,36.998042475673415
2335,0.9543017810603904,0.9315610387712664,1.0314696309731026,1.1072485731408608,0.940857169602298,-66.19388432726133,23.806115672738656,23.80611567273867
2336,0.8746320295080829,0.733628438575887,1.1950848464369013,1.6290056159174928,0.7720643636732657,-39.09263597871197,50.90736402128803,50.90736402128803
2337,2.093672282696752,1.9210399844159505,2.616669131726049,1.3621107071967529,0.6880940399340097,58.31001258126839,-31.68998741873161,31.68998741873161
2338,2.099463918332859,1.4676622116659417,3.210890610788038,2.1877585899982805,0.5568555502624273,-63.49646497225064,26.503535027749365,26.503535027749358
2339,0.84641062903508,0.7543377260450931,1.0589690816478223,1.403839480758674,0.928428143577104,-49.565970020518,40.434029979482006,40.434029979482
2340,0.9543017810603904,0.6844254656253079,1.4043485749714757,2.051864878651802,0.8573794360925244,-49.79437099324738,40.205629006752616,40.20562900675262
2341,1.522901401330112,1.4516565060114903,1.8225818991463911,1.2555187068007152,0.5756271951273998,88.99541683607833,-1.0045831639216658,1.0045831639216658
2342,3.503730393200403,2.8044611933586494,4.758548428233073,1.696778133176516,0.6476109318322355,29.55932264739838,-60.440677352601625,60.440677352601625
2343,3.834662745683077,3.129081294508568,4.9555394590116295,1.583704286529223,0.6513715766215993,47.75439276569091,-42.24560723430909,42.24560723430909
2344,2.1872741160266225,1.5495208738268595,4.999448314868378,3.226447864830124,0.3229837017841794,66.03308067664653,-23.966919323353466,23.966919323353466
2345,5.767015501844557,5.719174842161515,8.215060536963776,1.4364066082405271,0.3687902808867411,-88.22240295425885,1.777597045741146,1.777597045741146
2346,1.9307422062542177,1.158685264163023,4.748352282779519,4.0980518434481805,0.2746036634733169,20.5462817479914,-69.4537182520086,69.4537182520086
2347,2.45659349235077,1.5119583217618602,4.742557752839351,3.136698733410142,0.4696393922234317,88.11485183519827,-1.885148164801734,1.885148164801734
2348,2.037830958486928,1.6964770153790147,2.6985873367582447,1.5907007948205805,0.6221242807371103,64.00281829000448,-25.997181709995516,25.997181709995516
2349,1.585405189396292,1.1167811522978748,2.3184514714895226,2.0760123563323987,0.8184200974954289,89.699036043343,-0.30096395665700015,0.30096395665700015
2350,2.0078170808425457,1.425454377880836,2.9287564026906754,2.054612513832071,0.6519293694058119,-89.39779163475644,0.6022083652435413,0.6022083652435555
2351,3.355018889988701,2.4194627973654272,6.036849876400011,2.495119942730091,0.4100698613062639,31.83483236910798,-58.16516763089202,58.16516763089202
2352,2.079122611754846,1.3193862345570355,3.5681111167392867,2.7043719445331544,0.5775451628865642,-68.16333629870799,21.836663701292025,21.83666370129201
2353,0.9543017810603904,0.8743697896955732,1.151432125116224,1.316870892253854,0.8071055468773031,-70.52694843491956,19.473051565080425,19.47305156508044
2354,1.6602291363104174,1.7904660411229507,2.0328911953173536,1.1353977951139234,0.4290891866484173,-64.66292766230612,25.337072337693883,25.337072337693883
2355,2.5653979652796903,2.180152761691544,3.064959892569178,1.4058463913286183,0.817479591532033,-85.73871348913848,4.26128651086151,4.261286510861524
2356,1.6820273886595418,1.5654560347793691,1.8765207848291263,1.1987055165644418,0.9692257107167958,-41.12768645699036,48.872313543009625,48.87231354300964
2357,1.5622593457610967,1.1704641326503995,2.125227900900091,1.8157138195151048,0.852944491592724,-84.9928110903744,5.007188909625597,5.007188909625597
2358,1.3718952479298128,0.7597231118890647,2.8469872503571465,3.747401133128705,0.4186200212617684,-85.6692411811581,4.3307588188419,4.3307588188419
2359,0.8676627389239214,0.7612564942188701,1.0933621799909852,1.436259904899584,0.9074791772798764,-32.15180035026905,57.84819964973096,57.84819964973095
2360,1.5108941070107518,1.3023275044188187,1.8393514160358573,1.4123570375308112,0.8623172760893849,35.84708612835398,-54.15291387164602,54.15291387164602
2361,1.4906670352488116,0.9566903317760668,3.4151170804934905,3.5697204905932614,0.345985605413045,60.85481027673335,-29.145189723266647,29.145189723266647
2362,1.2944779165271465,1.13133815272592,1.868353585693936,1.651454590470765,0.5162703170449375,-47.46785313388327,42.53214686611673,42.53214686611673
2363,5.518472322967972,4.970185677630287,10.239894757287304,2.0602640266287877,0.1753575655115926,57.97775088527092,-32.02224911472908,32.02224911472908
2364,1.2803301921000927,1.0772401575457458,1.5894888397903668,1.4755194825002316,0.8187629977741311,-79.07379801239324,10.92620198760676,10.92620198760676
2365,0.8392070033186643,0.7624776566019367,1.1373942512960953,1.4917083031193523,0.7458167361361033,66.68333250592775,-23.31666749407225,23.31666749407225
2366,1.1291450947814663,0.9084772011649708,1.9797977084898224,2.1792486437205705,0.4941839313947394,81.47614441493724,-8.523855585062762,8.523855585062762
2367,1.9711972828282505,1.279719449966953,3.588079034815609,2.8038012823109524,0.4833541013148531,-84.71740555905447,5.28259444094553,5.28259444094553
2368,1.2020667470700563,0.8901917996683442,1.856501160971447,2.085506922961004,0.6415113020189066,-11.12665492827406,78.87334507172594,78.87334507172594
2369,1.876523906614425,1.2609116700327316,3.005726129006907,2.383772155054193,0.5405776327581812,71.42087445115075,-18.579125548849248,18.579125548849248
2370,3.503730393200403,3.107255557061226,7.581755493468623,2.4400167138615663,0.2143342194110476,-89.38146871290152,0.6185312870984774,0.6185312870984774
2371,1.8405906194279933,1.2968253778301084,3.539421128692795,2.72929662636235,0.4220349024329405,-2.2743947088508487,87.72560529114915,87.72560529114915
2372,1.8504598087771928,1.1638492105971492,3.3055539380529826,2.8401909009818933,0.4717494010882628,-53.8339893091394,36.16601069086062,36.1660106908606
2373,1.2071068813224677,1.0578277916522598,1.5870866469875586,1.5003261017642864,0.6267770509083809,76.50993383272125,-13.490066167278755,13.490066167278755
2374,1.0908577979726677,1.000815073117474,1.284949723708459,1.2839032486850182,0.9585775095665946,18.53082080876026,-71.46917919123973,71.46917919123973
2375,4.941526605483711,3.512545323114809,7.484602894776872,2.1308203044451464,0.4335215440964468,-56.46369735150727,33.53630264849272,33.53630264849273
2376,1.0683634687220958,1.0525831283029774,1.2856752858972162,1.2214477425360604,0.7815016274598601,-50.638589099023264,39.36141090097675,39.361410900976736
2377,1.6999790965841823,1.0975227917944332,2.9244876700852074,2.664625912053921,0.5758720312372754,-74.20287735890035,15.797122641099634,15.797122641099648
2378,1.0453852243082644,0.928661242066658,1.3100278412904849,1.4106627712545936,0.7948936091665029,10.088329735988816,-79.91167026401118,79.91167026401118
2379,0.9606427264386592,0.7699694573115082,1.3385515617757835,1.7384476086227962,0.6813573983701056,79.99151179406805,-10.008488205931954,10.008488205931954
2380,10.61693791931686,9.969104330883308,24.28365065833705,2.4358909138014218,0.0908748613298811,-83.84716344435185,6.15283655564815,6.15283655564815
2381,2.660659997024108,1.9548802386345727,5.043563463496394,2.5799859059495005,0.3949743071229836,-52.87751420764872,37.122485792351284,37.12248579235128
2382,1.176542252445381,0.9149564483321936,1.6829549935383197,1.839382624829907,0.7536014698031235,20.569047029517687,-69.43095297048231,69.43095297048231
2383,3.453113446011687,2.396929215680408,6.028777415715117,2.5152087830861327,0.3108000642047539,78.73992828939382,-11.260071710606184,11.260071710606184
2384,3.9377718618204,3.008799327054402,6.264463422153857,2.082047601455273,0.4254676354303092,67.92138444106534,-22.078615558934658,22.078615558934658
2385,3.118683917632269,2.583241941410305,7.254193558450142,2.808174272089188,0.2606247223967905,76.42725554369312,-13.572744456306879,13.572744456306879
2386,1.380717816333713,1.1908893667699096,1.836560081568392,1.5421752287114272,0.5141916812301125,-65.24683958755395,24.75316041244605,24.75316041244605
2387,0.9479184199131095,0.8906151812461859,1.2358945435971096,1.3876863651344842,0.6946850983908341,64.48934041645194,-25.510659583548062,25.510659583548062
2388,1.0740312192037882,1.1193267859447642,1.4372066890798854,1.283992045153119,0.5275542990622901,-38.0677427520085,51.932257247991515,51.9322572479915
2389,0.8746320295080829,0.6468280868356548,1.3374580352866716,2.067717933878915,0.6980867770052813,-77.51476109272588,12.485238907274123,12.485238907274123
2390,1.8537378623808147,1.2301349548238814,3.160584659204825,2.569299121865313,0.5892045021424389,-77.51612601237179,12.483873987628215,12.483873987628215
2391,1.1970053909181526,1.1541192740457686,1.514224889703247,1.3120176776834576,0.6755736170613688,80.1519235133688,-9.8480764866312,9.8480764866312
2392,2.6652198289847053,1.8318628761347064,4.989816111781935,2.723902633100256,0.3134031598111564,64.45877352584012,-25.541226474159885,25.541226474159885
2393,1.139848131163964,0.7091774112267447,2.0650064679950244,2.911833393597447,0.542474305084788,-61.29375306693311,28.706246933066893,28.706246933066893
2394,0.9669420905017878,0.9303937231238368,1.1148820424665884,1.198290588981323,0.7528319481662832,-77.06351835589297,12.936481644107033,12.936481644107033
2395,0.9978425722559162,0.71898751447005,1.5102181309649312,2.1004789381886275,0.7403601966557002,-34.99824400610782,55.001755993892175,55.00175599389218
2396,0.9978425722559162,0.6862918523182253,1.75728016859882,2.5605435394036853,0.6599328450384179,-38.46509907300267,51.534900926997324,51.53490092699733
2397,0.7869374084054097,0.6969019010992703,0.9969700224156242,1.4305744048667914,0.9076774634840754,-79.5315721943763,10.468427805623719,10.468427805623705
2398,2.439232190052617,1.5487759887285968,4.053497633506729,2.617226547290599,0.5799774436911446,82.74965938958428,-7.250340610415719,7.250340610415719
2399,1.7870346644469015,1.250302732281486,2.996023913290516,2.3962387955623603,0.5789321881430084,-13.462255497347092,76.53774450265291,76.53774450265291
2400,0.9543017810603904,0.7032471299648733,1.758583305018339,2.500661901181423,0.5388421149124376,-72.20689048615313,17.793109513846872,17.793109513846872
2401,1.0039085404212729,0.8081979687859228,1.4111630589796271,1.7460611304176876,0.6144002176090754,86.46031160751029,-3.5396883924897082,3.5396883924897082
2402,1.2660243778180809,0.937587362072628,2.065132554882564,2.202602806331975,0.6054568108712702,-43.55882121854076,46.44117878145926,46.44117878145924
2403,3.3204582726208347,3.006764038668871,4.105850023156002,1.3655378241698368,0.483674137836206,-39.47278592687378,50.52721407312623,50.52721407312622
2404,1.1074287385521373,0.8703488618898272,1.5408987350955394,1.770438042223342,0.761963555086505,88.04148407718823,-1.9585159228117703,1.9585159228117703
2405,2.5959815063053218,1.82772097621744,3.787680749003334,2.0723517420269086,0.7181514329619451,86.7210772234996,-3.2789227765003943,3.2789227765003943
2406,1.0740312192037882,0.816628509503619,1.7208370990244626,2.107245925164258,0.5391194453494166,89.75342734732733,-0.24657265267266837,0.24657265267266837
2407,1.6307115983086335,1.0377994976202216,3.168237602043532,3.0528417187603374,0.4083984155780834,-57.43718920157962,32.56281079842037,32.56281079842038
2408,3.7189211015250168,2.3612956856966902,6.299966340174118,2.668012472277625,0.4116867472097049,-58.01016199864233,31.98983800135767,31.98983800135767
2409,1.9117819216282488,1.3558565551416757,3.0789394595909583,2.2708445431893307,0.491551710646304,-61.98412971315799,28.015870286842016,28.01587028684201
2410,1.191922542518033,0.8684696978347182,1.8592284052876915,2.1408097598835605,0.5965230090086124,-75.34417941428384,14.655820585716157,14.655820585716157
2411,2.628519697552557,2.366382292340744,3.10488663244032,1.3120815865170596,0.6704743798743903,88.38166549514938,-1.6183345048506226,1.6183345048506226
2412,0.8022191731670073,0.6368827302677549,1.1093950638278225,1.741914187815104,0.7722653816819975,83.00932314643825,-6.990676853561752,6.990676853561752
2413,5.7932747010328365,3.049371333409248,12.889102821552434,4.226806581519937,0.2855450532644003,82.7981407960647,-7.2018592039352995,7.2018592039352995
2414,1.021890421280174,0.9635288349787354,1.1367663603816085,1.179794853162538,0.9782245283683144,57.73474542464294,-32.26525457535706,32.26525457535706
2415,4.972147338506275,5.084690030849898,5.929991190515308,1.1662443835389744,0.3657869764724082,79.87442956830817,-10.125570431691827,10.125570431691827
2416,1.1609582232861997,0.9315664099181544,1.512257951191812,1.623349591710457,0.9054271658526468,17.886601136236468,-72.11339886376354,72.11339886376354
2417,0.8172152218636723,0.6566572040512371,1.100320802682936,1.675639581648572,0.9140508108730544,-60.55818089491784,29.441819105082175,29.44181910508216
2418,1.415458284986553,0.9569069378715108,2.5901026573834853,2.706744569273123,0.4289303996458012,88.91129638750013,-1.0887036124998701,1.0887036124998701
2419,2.2066186730632262,1.5267466353740289,3.464286923712138,2.269064718039115,0.6401645047643227,-76.43894162521265,13.561058374787365,13.56105837478735
2420,1.2755794143363215,1.4716358155037572,2.010329310996961,1.3660508189716782,0.2818022381200433,-79.20991986017142,10.790080139828575,10.790080139828575
2421,0.8815462242933692,0.6289509094592922,1.4100431191427376,2.241896939707025,0.6522355893948482,-73.19250796991253,16.807492030087474,16.807492030087474
2422,1.7733929789634846,0.9135296552902143,3.624230971584414,3.967283328566988,0.4613644465407704,89.78312999932346,-0.21687000067653628,0.21687000067653628
2423,2.687902959940692,1.6296912153664231,5.610486131187618,3.4426682050477546,0.3529994467675228,82.01819776464555,-7.981802235354451,7.981802235354451
2424,2.466459369371006,1.6000769449400585,4.032637401477238,2.520277174313206,0.6843155616682713,79.54517371776709,-10.454826282232915,10.454826282232915
2425,1.5068704138297195,1.0182205914154745,2.4685220969498936,2.4243490239362475,0.6106493499778903,-86.7251636616786,3.2748363383213928,3.274836338321407
2426,3.3784619300798826,2.968102076925568,4.105582995738868,1.3832351075982976,0.7118657513080251,-82.76412609433405,7.2358739056659545,7.2358739056659545
2427,6.875389467932015,5.203453908884423,12.185456162026668,2.341801498658634,0.24005328951812,78.11218932972416,-11.88781067027584,11.88781067027584
2428,1.717743205908703,1.6775624166440957,1.8549445633095931,1.1057380309105544,0.9129872132233806,-40.16081038858059,49.839189611419414,49.83918961141941
2429,2.409178900516788,1.8482331257792664,4.312743736116544,2.333441423574838,0.3084098830921823,-52.00996101339488,37.99003898660513,37.99003898660512
2430,3.8235638432564985,2.395501138040365,6.346218921170392,2.6492239224573706,0.6469798164030587,74.07762316711634,-15.922376832883657,15.922376832883657
2431,2.4958230151698717,2.087044907869986,3.5964830972405477,1.7232418352277223,0.5742062591417958,26.75893116677497,-63.24106883322503,63.24106883322503
2432,4.800684959403041,2.3465487508199825,10.819671997861963,4.610887369836709,0.3289379662803007,-84.09272327643099,5.907276723568998,5.907276723569012
2433,5.7226287963214775,5.751616906198147,16.505230836676272,2.869667974389888,0.141152894186657,-72.60811108025237,17.39188891974763,17.39188891974763
2434,4.066714240062142,3.153721972691111,7.168681445441299,2.2730860575271863,0.3391875142698618,-63.68788237327177,26.312117626728224,26.31211762672823
2435,7.073859178647039,5.299443530926703,16.8746421501437,3.184229070781865,0.1954238585641004,76.05404470425123,-13.945955295748774,13.945955295748774
2436,4.093498597015103,2.891930426235773,6.579271567304394,2.2750448999799,0.4267871200925826,-80.6225592728297,9.377440727170296,9.377440727170296
2437,1.0569367929308613,0.7302594921816715,1.699122309061499,2.3267377244016667,0.6965895621370245,-51.30876631322232,38.69123368677768,38.69123368677768
2438,4.5286622028834245,2.4967924807022426,11.015239225853083,4.411756007353467,0.1459137957956735,-75.57087509559246,14.429124904407558,14.429124904407544
2439,1.380717816333713,0.9505079668297682,2.2397002963005037,2.35631933077908,0.6644220250609322,21.961509645134043,-68.03849035486596,68.03849035486596
2440,1.1019327803667114,0.9854466339728382,1.2781219252776546,1.2969976061766968,1.0205707746387092,59.75565176900991,-30.24434823099009,30.24434823099009
2441,3.6347081966259984,3.035025078078609,6.207055964442745,2.0451415737138694,0.3324025234324642,-64.08527570745426,25.914724292545742,25.914724292545742
2442,0.9669420905017878,0.911899243918304,1.1121307523876356,1.2195763510110664,0.8913381079097878,79.40131021734801,-10.598689782651988,10.598689782651988
2443,2.0288734164048656,2.3471411968522333,2.89110466337104,1.2317557491847186,0.3949538745334914,-41.263498727829024,48.73650127217098,48.736501272170976
2444,0.8746320295080829,0.6346983923619285,1.3532652567777688,2.132139096401062,0.6627928480194301,-57.52800949443902,32.471990505560996,32.47199050556098
2445,3.237132682886989,2.128921619826733,6.228084307353719,2.925464352163705,0.3628239800616464,-82.68560532425745,7.314394675742562,7.314394675742548
2446,1.0511768765181757,0.7748332033627969,1.6634410989288386,2.1468376570718184,0.7026457216918769,-84.95313382980069,5.0468661701993085,5.0468661701993085
2447,1.3938469657443524,1.0461547002849685,1.9186007535373728,1.8339551053154504,0.7537713856167303,-75.8480661646959,14.151933835304106,14.151933835304106
2448,3.9669580093201615,4.469492901331077,5.0719315400874345,1.1347890358158848,0.3574492652904973,-89.07687974010604,0.923120259893949,0.9231202598939632
2449,0.771352946256698,0.5332273245261745,1.7393841912237196,3.261993733665722,0.4459655209274298,-41.96295675820646,48.037043241793526,48.03704324179354
2450,4.75749189065065,4.041550237992942,9.33732961592668,2.31033367546698,0.1871931207170192,78.22160460073597,-11.778395399264028,11.778395399264028
2451,1.3038244488524504,0.8161680500549335,2.4989065128494348,3.061754883300372,0.478620631908436,82.37842976696282,-7.6215702330371755,7.6215702330371755
2452,1.2944779165271465,0.8517638944241848,2.3236089562192874,2.7279965392171377,0.4560933463016404,59.46360431520357,-30.53639568479643,30.53639568479643
2453,3.3892271042445485,2.0689903881542944,6.123116095637872,2.9594705372702017,0.538007962259879,89.6642057359072,-0.33579426409279733,0.33579426409279733
2454,0.8884066096615684,0.5715875972716858,1.5704062247540889,2.7474462921343736,0.6422974322503876,76.45448648042057,-13.54551351957943,13.54551351957943
2455,3.101113727578844,2.1363638881279465,4.687791151556984,2.194284961287565,0.659862484272951,88.03466581158033,-1.9653341884196749,1.9653341884196749
2456,1.9711972828282505,1.532746486711421,2.7102210697407902,1.7682122211584357,0.6351757001001621,24.389379363863327,-65.61062063613667,65.61062063613667
2457,1.3585539723246187,1.1040652703817335,1.720399859606039,1.5582410802680229,0.8972574993237701,-82.68916977536232,7.310830224637698,7.310830224637684
2458,0.9350209696908578,0.8039610639392345,1.131648346558007,1.4075909858285625,1.0491152354925248,-84.25560472626383,5.744395273736188,5.744395273736174
2459,1.2418151765086958,0.8523235466132475,2.03474353374435,2.387290063532224,0.6025451994909644,-87.39122754405786,2.6087724559421304,2.6087724559421446
2460,0.9606427264386592,0.638320206576127,1.543440182747604,2.4179716807437948,0.7517104476151857,-78.19277220822077,11.807227791779212,11.807227791779226
2461,2.383845085036066,1.7470281586166778,3.772289348122361,2.1592607592022524,0.5794173180130733,-71.81892952004922,18.18107047995079,18.181070479950776
2462,0.8319410050566239,0.4159754554175099,2.4675346333739974,5.931923629718393,0.2568825630606895,72.33533017467542,-17.66466982532458,17.66466982532458
2463,1.2369164782162358,0.9116063376111588,2.0489190586360944,2.247591941939801,0.5460814002908652,-74.66686490765633,15.333135092343667,15.333135092343667
2464,3.8709065112958254,3.403093616177548,6.281774386531793,1.845901140265328,0.35076132629981,-3.1843114091103053,86.81568859088969,86.81568859088969
2465,0.8606370140730026,0.7413451289422955,1.0871160751740343,1.466410222085175,0.8034003223715905,83.30185743476108,-6.698142565238925,6.698142565238925
2466,1.6307115983086335,1.5898959004774962,1.874598468303185,1.179069942717749,0.6318569272021375,-64.35686154177162,25.64313845822838,25.64313845822838
2467,4.672506846115035,4.920155230955199,7.279412044977867,1.4795086137078326,0.215785763492924,-66.3946392620904,23.60536073790962,23.605360737909606
2468,3.8803057315550817,3.091846938496688,5.034884249306197,1.6284390364272852,0.7402025914767489,-75.8649159767798,14.135084023220202,14.135084023220202
2469,0.9019708538191776,0.7521748374400119,1.1758537583018291,1.563271861504682,0.8551884589409955,19.2714452062405,-70.7285547937595,70.7285547937595
2470,2.783334751446548,2.766549492044061,4.482909326861739,1.6203972998688514,0.2890219576775563,67.23722368024131,-22.762776319758686,22.762776319758686
2471,0.9414917802541344,0.9207831422661068,1.1778100304877253,1.2791394373153475,0.7373480779460635,59.34236897733431,-30.65763102266569,30.65763102266569
2472,1.6892309650399413,1.5077324435340038,1.9949711181981196,1.3231599059592212,0.7467406329515888,-19.060592131316668,70.93940786868333,70.93940786868333
2473,0.9086770491564996,0.6925677717680739,1.334816459178508,1.9273441727887808,0.715395455005099,5.639873263753737,-84.36012673624626,84.36012673624626
2474,2.7570349356358204,1.9299369679774545,4.813054358743566,2.4938919967876343,0.5109773251822711,-78.7506421751343,11.249357824865683,11.249357824865697
2475,1.2897792515977275,0.7626610878234862,2.835245689656725,3.7175696189615057,0.4237732776645738,78.56987417012854,-11.430125829871457,11.430125829871457
2476,2.2285211321652416,2.343909855964773,3.5441592825182138,1.5120714960513737,0.242403473108168,52.01911539207415,-37.98088460792585,37.98088460792585
2477,2.266341160516128,1.596737148274988,3.761463626092535,2.355718741908259,0.5565602806120491,-74.145233573451,15.85476642654902,15.854766426549006
2478,1.062665489594652,0.8455117996735981,1.6735529892860823,1.9793372368453543,0.5646568044550129,85.9654460685373,-4.034553931462696,4.034553931462696
2479,4.139220950616564,2.372915702356148,9.154978670554469,3.858113738075138,0.2353678353194243,-43.53837698461609,46.46162301538391,46.46162301538391
2480,2.3582391321080944,1.986878954564473,3.04673596695525,1.5334280731878305,0.6881742599252115,67.49094031000391,-22.509059689996093,22.509059689996093
2481,2.656092337008522,1.9383897963198664,4.0008934340230216,2.064029351381711,0.6302828008834144,61.45645564083669,-28.543544359163313,28.543544359163313
2482,1.615750625177174,1.601084141889602,1.750848415142915,1.0935392896194456,0.8173409808513374,-20.8062568883638,69.1937431116362,69.1937431116362
2483,7.579343268334923,6.092289042864498,17.696686214129098,2.904767992722879,0.1770911408206735,22.7069848352983,-67.2930151647017,67.2930151647017
2484,1.0099380753567209,0.6812649280270858,1.9216590757567595,2.8207221547743577,0.5005065133373368,-82.04164022596947,7.9583597740305265,7.9583597740305265
2485,3.5689695840909046,3.3067684561972883,4.788285648347277,1.4480256818022577,0.4945616624943643,81.33727763964448,-8.662722360355517,8.662722360355517
2486,0.9978425722559162,0.8219381257287557,1.3017963643269748,1.5838130919803264,0.863932168212998,-66.08844008588996,23.911559914110057,23.911559914110043
2487,3.176549406798542,2.1575009954523385,5.45335357784075,2.527625057571484,0.4620518186220274,-32.603675556153284,57.39632444384671,57.396324443846716
2488,2.913356896880729,1.755337228105126,6.3742290291183705,3.631341560504192,0.3765882558708935,78.37217975212185,-11.627820247878148,11.627820247878148
2489,3.977656817446755,3.0515910186362345,6.904059152989681,2.2624457572545635,0.350814795696579,72.98374596989119,-17.01625403010881,17.01625403010881
2490,1.3938469657443524,1.357016316815974,1.6030530009301387,1.1813070934117074,0.6910988475984281,48.81895079744353,-41.18104920255647,41.18104920255647
2491,2.967044814329345,1.910323778458043,4.968583072944543,2.600911494152597,0.5494718661156199,-79.07726621905972,10.922733780940291,10.922733780940277
2492,0.973200680696656,0.7219025844462706,1.456556395357157,2.017663361704677,0.6749154361335103,-77.5455796185,12.4544203815,12.4544203815
2493,2.093672282696752,1.9134536775278743,2.350251145639591,1.2282770015504352,0.766703106220248,89.87896760584213,-0.12103239415786504,0.12103239415786504
2494,7.559290999567501,7.0001108556601,13.520463981481711,1.9314642668193505,0.1715211968191318,23.578932966943768,-66.42106703305623,66.42106703305623
2495,0.9917395023300404,0.7791163101901917,1.3294682503442197,1.70637969319328,0.8814486395402518,-83.15928041946782,6.8407195805321805,6.8407195805321805
2496,1.2270604129519955,0.9364000008015102,2.108150175010105,2.2513350845852598,0.4669516573234695,-81.7379824974724,8.262017502527613,8.262017502527598
2497,0.8676627389239214,0.4897497673053749,1.6648239949891606,3.39933595915542,0.6694779279048435,-84.29209293805559,5.707907061944411,5.707907061944411
2498,1.2221025728266244,0.8608517505254212,1.9213308233306297,2.231895122659558,0.5862069928628636,-86.37950347076027,3.6204965292397446,3.6204965292397304
2499,0.8022191731670073,0.5400807575791751,1.4800966748579094,2.74050992205722,0.5575876340480919,-65.47717336042709,24.522826639572912,24.522826639572912
2500,0.8246109854774907,0.5107310011254329,1.418980232282581,2.778331899093172,0.7610156953053273,-82.33756376071472,7.6624362392852845,7.6624362392852845
2501,3.2707176674325664,1.8650180219812316,6.199479835460076,3.3240857527340637,0.4957842678230511,72.7919094173937,-17.208090582606303,17.208090582606303
2502,1.2803301921000927,1.1536599066442637,1.6411223128891113,1.422535622012527,0.7750842833386477,27.013806475357544,-62.98619352464246,62.98619352464246
2503,4.357862036855523,2.7505920525950622,11.165063264788088,4.059149103646375,0.1518183596598331,-87.43506085339993,2.564939146600068,2.564939146600068
2504,3.495055632692264,2.6425503222573363,6.269100481187221,2.3723674922610325,0.4047000228753054,81.77975680514159,-8.220243194858412,8.220243194858412
2505,1.8537378623808147,1.3504660776491026,3.272465861812869,2.4232121902014687,0.3975806428166183,-84.04436889912759,5.955631100872409,5.955631100872409
2506,0.9978425722559162,1.0001754778714187,1.3465055246348534,1.3462692841665116,0.5601855160997274,5.095043250165586,-84.90495674983441,84.90495674983441
2507,0.8606370140730026,0.3554045110101224,2.6503683987449707,7.457329090202472,0.3267136603430342,-80.68644919814514,9.31355080185486,9.31355080185486
2508,2.468919678580592,1.623124495819368,4.338934415607113,2.6731987760537,0.3873983593373435,88.75142877283899,-1.2485712271610083,1.2485712271610083
2509,1.139848131163964,1.0386883017030528,1.2927912906186716,1.2446383467484776,1.0196367105578892,12.363533955611487,-77.63646604438851,77.63646604438851
2510,1.2803301921000927,0.8946605083332556,2.360359518850605,2.6382739562830744,0.4461782735559525,6.029583193466954,-83.97041680653305,83.97041680653305
2511,4.587270857808759,2.596612204643057,12.918382799399163,4.975091304084427,0.1992146558274743,81.94437289668909,-8.055627103310911,8.055627103310911
2512,5.884775009444303,5.151182498719147,8.66602739474452,1.6823374821022836,0.433112215720328,33.720170723043374,-56.279829276956626,56.279829276956626
2513,0.8676627389239214,0.8705901013827223,1.0038805846171437,1.153103605270404,0.7428257163411572,-1.1654973952333991,88.8345026047666,88.8345026047666
2514,1.7388205981619584,1.329945233053805,3.6321605641272985,2.7310602525994043,0.3482297236391011,34.7114991511301,-55.2885008488699,55.2885008488699
2515,1.626984252638553,1.413738429058054,1.9321492043167117,1.366694973131673,0.8624004559330977,52.54608836287081,-37.45391163712919,37.45391163712919
2516,1.062665489594652,0.9911745978659108,1.2659716348317136,1.2772438252124965,0.8085637741812054,-28.51566757448928,61.484332425510715,61.484332425510715
2517,0.8606370140730026,0.7063644418296239,1.1944343691357666,1.690960499146793,0.8343875711194482,-79.19758607952828,10.802413920471736,10.802413920471722
2518,3.285534131347788,2.888462526603604,5.0188318328269785,1.7375443809992466,0.3391388232531308,84.2501913579441,-5.749808642055896,5.749808642055896
2519,3.143889730718339,2.3938486250646367,5.04152238343486,2.1060322405719085,0.3468865420786772,56.474398714813766,-33.525601285186234,33.525601285186234
2520,2.2148574771042746,1.2100077586982578,4.689856364043866,3.875889497675019,0.3548534129207004,-85.1945868930479,4.805413106952102,4.805413106952102
2521,11.571868276463542,7.589276840724929,27.52356738831368,3.626639002100841,0.1801980236050169,-82.39625167251363,7.6037483274863575,7.603748327486372
2522,4.213362144745087,2.7749334186508854,8.14107142664042,2.933789824261239,0.3437045916381169,64.63643301807974,-25.363566981920258,25.363566981920258
2523,1.6119886861377042,1.3943974639965513,1.9802446522943808,1.420143612868245,0.8438494499680026,-56.50498779759936,33.49501220240063,33.49501220240064
2524,0.928505064734256,0.5956746949908464,1.613506171049692,2.708703566926721,0.5882840852366363,56.27095254846356,-33.72904745153644,33.72904745153644
2525,1.2121260584033826,1.107596179577874,1.38526337856373,1.2506935326299884,0.9047601269306952,47.70593457615842,-42.29406542384158,42.29406542384158
2526,4.469285040445328,2.837951237555876,7.67972944865472,2.706082242367462,0.4544815196396021,71.02077262778468,-18.97922737221532,18.97922737221532
2527,1.870041939381716,1.159680646411512,5.886852844450003,5.076270663536671,0.2021757561009063,19.583556376435325,-70.41644362356467,70.41644362356467
2528,2.434249075164649,2.304297126002603,3.0776333203806865,1.335606109842108,0.5716363033670142,-67.52213229727862,22.47786770272137,22.477867702721383
2529,1.3495865213724043,0.8360431472164231,2.254154020894773,2.6962173284954263,0.6649302440236156,-87.63112405436726,2.3688759456327375,2.3688759456327375
2530,1.5068704138297195,1.1406004144821746,2.261115847816674,1.9823908698500747,0.6070819195468224,-50.46365984088261,39.5363401591174,39.53634015911739
2531,1.1609582232861997,0.7261133523337628,2.02294918907828,2.785996404798816,0.6559447377723534,-82.36186205132614,7.638137948673858,7.638137948673858
2532,1.2270604129519955,1.146213619798069,1.4987641478766054,1.3075783797968183,0.7233874701462112,-59.44314360385085,30.556856396149158,30.55685639614915
2533,1.2121260584033826,1.220812364926689,1.7037750720815563,1.395607647030893,0.5086669695118358,62.61172206625298,-27.38827793374702,27.38827793374702
2534,1.0099380753567209,0.6491376007683103,1.660725901280642,2.5583572717325724,0.7162306892581192,68.83194461671545,-21.168055383284553,21.168055383284553
2535,2.9175218123694373,2.2950806701111754,3.910754852787303,1.7039727203130786,0.7883225560565731,-81.46004031103445,8.539959688965553,8.539959688965553
2536,0.9219431092603804,0.692795973156519,1.5573564388800605,2.247929403781648,0.5210989287992697,70.39049785178679,-19.60950214821321,19.60950214821321
2537,2.815864115414134,2.074387598319523,4.186379609215975,2.0181279586357888,0.5640068738957312,-71.92416350514756,18.07583649485244,18.07583649485244
2538,2.5224394277803315,1.7505677075161523,4.1629172138670425,2.378038390627991,0.5247564292987915,-64.80243577406421,25.197564225935793,25.197564225935793
2539,1.4824989352200384,1.2800305776486152,1.892278190533064,1.4783070213909515,0.7976381633909194,71.64020841730928,-18.35979158269072,18.35979158269072
2540,3.5927064605264567,2.537214704565111,6.058286650909815,2.3877705895403243,0.5168576213960606,-77.99477508144304,12.005224918556962,12.005224918556962
2541,1.039561305877423,0.8221603559632248,1.824148561300894,2.218726004081968,0.4834235197536071,63.10659963272673,-26.893400367273273,26.893400367273273
2542,1.3450803768346336,1.2383343735022123,1.6929883758015845,1.3671496261656175,0.6349864845853704,-86.0389149426005,3.9610850573994867,3.961085057399501
2543,3.3784619300798826,3.166979142185684,4.336216781191817,1.36919650762183,0.3240806225103441,-74.75333476604351,15.246665233956492,15.246665233956492
2544,2.162148244667752,1.3345424971933666,3.83632736152296,2.8746385893225703,0.5441990083046728,-84.3413301031164,5.658669896883595,5.658669896883595
2545,0.84641062903508,0.5890201642911673,1.4378078496441715,2.441016346824805,0.6275922039002242,-62.02967082605959,27.9703291739404,27.970329173940407
2546,0.9414917802541344,0.9295043823006084,1.0567766891558354,1.136924913188915,0.8526779584773011,-11.289964268595911,78.71003573140409,78.71003573140409
2547,2.6765854235266984,1.7732084973248772,4.361759507969028,2.459811981811122,0.5662555121042578,75.66347968867731,-14.336520311322687,14.336520311322687
2548,1.876523906614425,1.1588903948595477,3.177514324780722,2.741859229203313,0.6068835016010541,70.65110021437283,-19.348899785627168,19.348899785627168
2549,4.780407424377875,3.17509735603039,9.543096149185793,3.0056074126548618,0.260588465918701,58.97154047541722,-31.02845952458278,31.02845952458278
2550,4.134818303438459,2.574484750524509,9.744897390136034,3.785183574364024,0.2053658578912413,84.24685432548502,-5.7531456745149825,5.7531456745149825
2551,2.414213762644935,2.96124977418648,3.4919945865517623,1.1792300051795157,0.3108039409452418,-60.10783269719944,29.892167302800544,29.89216730280056
2552,1.2660243778180809,0.9190404427571606,1.8708951876436477,2.035704959871931,0.6595411854547666,87.05923625301259,-2.9407637469874146,2.9407637469874146
2553,2.167756939550367,1.7219318260296217,3.6902369545375673,2.1430795916272736,0.3840946200424475,-15.673149304865674,74.32685069513433,74.32685069513433
2554,0.9855986414141252,0.8172955484623691,1.2605592085430053,1.5423541837644617,0.8718488955629342,84.19232635738238,-5.807673642617615,5.807673642617615
2555,1.1451621372724683,0.7043349999949605,1.9844791881784996,2.81752175909574,0.6538320249724195,-72.29547120846372,17.70452879153629,17.704528791536276
2556,1.9804157147939612,1.6998812838323996,3.7755809989168414,2.2210851044872717,0.2785599596537041,-49.78628546313077,40.21371453686925,40.21371453686923
2557,2.231243822407474,1.638922942569504,3.177333794829033,1.938671863271136,0.6700595344482909,35.13794210983816,-54.86205789016184,54.86205789016184
2558,0.8097519128234426,0.5885940846728446,1.207727109071644,2.0518845508665438,0.8537309797462165,72.68166350676496,-17.318336493235037,17.318336493235037
2559,1.827348788334744,1.355896402969371,2.643880878931114,1.9499136314109964,0.6723213996170767,77.79363036746594,-12.206369632534063,12.206369632534063
2560,1.1557168501373432,1.0592010223645794,1.3496751075648468,1.2742388640749307,0.8235133070510877,-37.35020676451724,52.64979323548276,52.64979323548276
2561,3.3586361620797733,2.897584290654948,5.340356925119421,1.8430376442689531,0.3200903199813339,68.64899041822166,-21.351009581778342,21.351009581778342
2562,3.089344752569896,1.7701357553224006,7.087711815369822,4.004049855531512,0.3041778997653737,68.89494297457512,-21.105057025424884,21.105057025424884
2563,2.553537532059954,2.068622700802768,3.899318714475168,1.8849830435303467,0.417806372148804,1.3030247371432997,-88.6969752628567,88.6969752628567
2564,2.6765854235266984,2.080698757656238,5.902302403606339,2.836692424546296,0.3315441082727464,-72.9631536999015,17.03684630009849,17.036846300098503
2565,0.9917395023300404,0.9336137875825636,1.1084564180455516,1.1872751161009667,1.0295487875587863,11.893330604221417,-78.10666939577858,78.10666939577858
2566,0.7791841414090482,0.6803550044650374,0.9293195407311716,1.3659332769395809,1.136581864877102,-59.80912272411687,30.19087727588314,30.190877275883132
2567,1.5387653857138477,1.384545065021171,1.8511507773684663,1.3370101299954154,0.830777775084372,-73.27863399345568,16.721366006544315,16.721366006544315
2568,1.3038244488524504,1.2385365469098606,1.5469319809591466,1.2489998658648631,0.6780913837374143,7.668205287569044,-82.33179471243096,82.33179471243096
2569,1.3894843667311525,1.0321542527124918,2.0996007749513863,2.034192824796928,0.627527938460674,54.410414553810256,-35.589585446189744,35.589585446189744
2570,2.79639190560923,2.7187671381370118,4.4338977750193935,1.6308486713789123,0.3018133309419779,23.739350354522347,-66.26064964547766,66.26064964547766
2571,0.8172152218636723,0.7884643898944351,0.9917698143055194,1.2578498496784416,0.8151164178480077,-24.262807598587223,65.73719240141278,65.73719240141278
2572,2.9444501670888434,2.8522645924814625,3.986674548990991,1.3977225533352764,0.3943908721454018,-28.088691204448278,61.91130879555172,61.91130879555172
2573,0.84641062903508,0.8122588980181167,0.9285346464674302,1.143151092260143,1.110737217230081,22.78954002205897,-67.21045997794103,67.21045997794103
2574,0.9414917802541344,0.6786533981014862,1.6767693703683546,2.4707300885239354,0.4992836352057704,24.652424949520167,-65.34757505047983,65.34757505047983
2575,2.131036575976748,1.3236787925312812,3.872933353975204,2.925886080390367,0.5093477430401507,45.28215326948219,-44.71784673051781,44.71784673051781
2576,2.236679259992467,1.5345401158889886,4.019340132144349,2.619247350086946,0.5561212281986674,73.92882854675624,-16.071171453243764,16.071171453243764
2577,1.3084726790995154,1.2068495393036225,1.4664888470567925,1.2151380924443884,0.9388351909425244,-82.26053062312796,7.739469376872023,7.739469376872037
2578,2.159338434195847,1.6364423730735496,3.468206342973561,2.119357454952484,0.5066138420342274,74.47109861965157,-15.52890138034843,15.52890138034843
2579,0.9414917802541344,0.8869452001614461,1.1292105064926592,1.2731457437134952,0.7137237950147879,-22.098609025118744,67.90139097488125,67.90139097488125
2580,1.4906670352488116,1.0237717953712664,3.3045303830925827,3.2277997870552877,0.3337578718865526,-77.9484545912396,12.051545408760404,12.051545408760404
2581,1.7457898469292477,0.9648498073929253,3.875858987766155,4.017059399368001,0.4417853246055839,-78.61410922724629,11.385890772753726,11.385890772753712
2582,2.512793352570581,2.11143090907574,4.453554130079146,2.1092587547790758,0.2742125953951438,72.73972643125852,-17.260273568741482,17.260273568741482
2583,1.191922542518033,0.8017436074165379,1.8744784471634968,2.338002361133426,0.7261215115296853,-73.83761732168466,16.16238267831534,16.16238267831534
2584,1.0908577979726677,0.821027948326861,1.6291555372622408,1.984287551455745,0.7222425443406787,-73.38486716305205,16.615132836947964,16.61513283694795
2585,2.818019388684452,2.005269105255697,4.073196136005008,2.031246641824477,0.7404466940623994,-88.6109757833067,1.3890242166933149,1.3890242166933007
2586,0.9606427264386592,0.7637858292091321,1.3509574160909297,1.768764703961304,0.72061182675029,0.347414822556835,-89.65258517744317,89.65258517744317
2587,4.451590222822663,3.483393272616459,6.052494087210744,1.737528212731654,0.5705391111448924,87.95312834575087,-2.0468716542491308,2.0468716542491308
2588,1.096409273000846,1.0428190876256138,1.253438808237856,1.201971485861273,0.91441950887074,51.30321397742868,-38.69678602257132,38.69678602257132
2589,1.3894843667311525,1.2430363266938045,1.5950725996924642,1.2832067458036376,0.9497848872569834,-86.13104147181268,3.8689585281873065,3.8689585281873207
2590,1.2171245375823248,0.9145857588293558,1.691972485376925,1.849987788507228,0.8264180316265064,67.95352883896288,-22.04647116103712,22.04647116103712
2591,1.2803301921000927,0.898053839451598,1.9717361155721744,2.1955655985795093,0.74192638680517,-89.11992489637387,0.8800751036261261,0.8800751036261261
2592,4.1669963630879225,3.4606194557203978,9.120845120183755,2.6356105422417992,0.2125078701730072,-88.746448327405,1.2535516725949947,1.2535516725949947
2593,4.552729664856607,3.984939159683245,7.375582564041107,1.850864534811964,0.2155588216476597,-58.35849071479496,31.641509285205046,31.64150928520504
2594,2.9975812429533355,1.8557312108767792,5.460968651696815,2.9427584230351256,0.5362439082956543,87.45174260864391,-2.5482573913560884,2.5482573913560884
2595,1.4240109808516253,1.0616749489133903,2.301048203174677,2.167375434006207,0.5740463389626609,-59.06901600351092,30.93098399648909,30.930983996489083
2596,9.27327339563954,6.798817515785826,13.82849003625823,2.0339551700204583,0.3194568490494872,-28.133480999193385,61.86651900080662,61.86651900080662
2597,1.946401361393312,1.8998833036968688,2.31184087081418,1.2168330898617337,0.6784536033157781,49.37943300111469,-40.62056699888531,40.62056699888531
2598,1.1816912584570125,0.9774849993375898,1.774235180928553,1.8151022083519397,0.5246708675183867,65.19079172602923,-24.809208273970768,24.809208273970768
2599,0.8815462242933692,0.6514361458612119,1.5632877350727628,2.3997559008735454,0.6059984251297557,-50.47370078281483,39.52629921718517,39.52629921718517
2600,1.8372891089324668,1.8611799681224088,2.04398752983277,1.098221324558302,0.7240567343426175,-46.70357589916191,43.296424100838095,43.29642410083809
2601,2.524845188391802,2.587030688549466,3.176534604537466,1.227868930429477,0.4579657240402664,-21.80543284462033,68.19456715537967,68.19456715537967
2602,1.1504515979244476,0.8063095734098019,1.9131620854878029,2.372738894066745,0.6309230168187506,-85.93387707634416,4.066122923655826,4.06612292365584
2603,2.409178900516788,1.70486148171948,4.794038024596723,2.811980959157795,0.2961058644993738,39.3793467166928,-50.6206532833072,50.6206532833072
2604,2.3608122252162294,1.8383239771227853,3.540484349558501,1.9259305724227216,0.5037304130622152,82.31763133648334,-7.682368663516655,7.682368663516655
2605,2.087864581404573,1.7728748915944428,2.979298558480645,1.68049001799625,0.4995334488270164,-86.05731006310307,3.942689936896926,3.942689936896926
2606,1.0278144733504384,0.9642345941092222,1.1823313601961332,1.2261864150273438,0.9330723463880748,-19.198895698867947,70.80110430113206,70.80110430113206
2607,3.7319585511583298,2.333156832416759,7.228337073025575,3.0980930954128065,0.3208865546123975,-52.88913412534456,37.110865874655445,37.11086587465544
2608,2.5959815063053218,2.199022530696009,3.598131030294013,1.636241093516752,0.6081420167504928,54.77153803616889,-35.22846196383111,35.22846196383111
2609,1.2466946262544771,0.7485358298285856,2.370255873683382,3.166522936151459,0.5693516874150788,72.80850781699662,-17.191492183003376,17.191492183003376
2610,0.8884066096615684,0.831461695771123,0.9928058873851804,1.1940488568922252,1.034305327791291,-48.58779623298916,41.41220376701085,41.41220376701084
2611,3.4513547937733438,2.398414792417201,6.885927102285572,2.8710326187346893,0.3681977402335991,47.57962730184463,-42.42037269815537,42.42037269815537
2612,3.8693377547931833,2.175376539725194,8.39582331989288,3.859480492951114,0.3836816114710271,85.85919569344009,-4.1408043065599145,4.1408043065599145
2613,2.043780842560348,1.161696777102365,4.893948758978776,4.212759177300822,0.3458722957545355,40.04827533491223,-49.95172466508777,49.95172466508777
2614,1.502835947650602,0.9922068837089748,2.5007219627803954,2.520363448228086,0.5801559591099015,59.49125869010458,-30.50874130989542,30.50874130989542
2615,1.886205091624149,1.5315626670687592,2.5701018093802763,1.6780911840187158,0.6209579527482623,34.814496684604855,-55.185503315395145,55.185503315395145
2616,1.749264059016166,1.4084621305308327,2.238227751398999,1.589128811404704,0.7862159244809531,-22.17293664074704,67.82706335925296,67.82706335925296
2617,2.6354399017991645,1.6748924891899466,5.063483439141833,3.0231692313521337,0.5049290543776646,87.82382923977526,-2.1761707602247355,2.1761707602247355
2618,1.2660243778180809,0.8817792608203069,1.993176612922288,2.2604031433763403,0.6045094037154931,89.88881949401103,-0.111180505988969,0.111180505988969
2619,1.0159318257539256,0.707661633985726,1.5367973973115745,2.171655666361266,0.8407287900959314,-21.76564678450136,68.23435321549864,68.23435321549864
2620,1.6820273886595418,1.2997896595292453,2.498577911461524,1.922294036687792,0.5641652340359146,6.072232683580403,-83.92776731641959,83.92776731641959
2621,0.9978425722559162,0.8292270066335931,1.3425310848021117,1.6190151479175474,0.8102829145312581,-44.983087926340936,45.01691207365906,45.016912073659064
2622,2.436741906412006,1.384051845042813,4.625773279195928,3.342196533868165,0.4347823494876771,-55.75705369462375,34.24294630537625,34.24294630537625
2623,5.257039395105114,2.254737085165218,13.607600943464076,6.03511648120471,0.3205080797034169,-88.93504687140766,1.0649531285923217,1.064953128592336
2624,3.1918030330877105,2.846494201502252,4.581912444953708,1.609668638192054,0.4106821654390823,-74.22144942008563,15.778550579914366,15.778550579914366
2625,1.3177199508995825,1.1749344534331227,1.566689624238048,1.3334272560143492,0.7988366200199423,89.27784360322414,-0.7221563967758584,0.7221563967758584
2626,3.8520392673100847,3.459365827488835,4.7906162950904205,1.3848250037689551,0.6191361102983418,36.88442542717478,-53.11557457282522,53.11557457282522
2627,1.176542252445381,0.8902070204680267,1.834780729351885,2.061071960977401,0.6643338862459318,87.40904416285284,-2.5909558371471633,2.5909558371471633
2628,0.9543017810603904,0.8004284112107894,1.369576429865033,1.711054243805897,0.6756727858428461,86.77028509462008,-3.2297149053799217,3.2297149053799217
2629,0.8022191731670073,0.5354033530042535,1.3418183643721164,2.5061822210169398,0.75180142037967,80.38786912751505,-9.612130872484954,9.612130872484954
2630,1.2755794143363215,0.9026061844926608,1.9285485112483087,2.136644468409345,0.6820702558363654,-88.52791368874357,1.4720863112564189,1.472086311256433
2631,1.7904288454052892,1.4018163815855975,2.932260215742191,2.09175770397654,0.474555439207811,-84.77715208769571,5.222847912304303,5.222847912304289
2632,1.824023310076927,1.609692748909101,2.2709557723809595,1.4108007717124902,0.6944917103430502,20.34689572776717,-69.65310427223284,69.65310427223284
2633,3.4425480562920105,2.100379649330371,6.137512374410373,2.9220966677938884,0.5224239719926252,-71.23911760491842,18.76088239508158,18.76088239508158
2634,3.003651275311278,2.1394756895222278,4.314012709636008,2.0163878144366216,0.7338437158350899,-85.15174416402691,4.848255835973077,4.848255835973092
2635,1.0740312192037882,1.001888017618919,1.1669113596353853,1.1647123621746265,1.1382006943937089,88.61907813262249,-1.3809218673775092,1.3809218673775092
2636,2.719341490398084,1.6888592832886882,4.919767629739871,2.913071372151081,0.4245169693312746,-72.45319967505007,17.546800324949913,17.546800324949928
2637,4.066714240062142,3.2477355931205434,6.354585406534341,1.95662030492717,0.3320074160691943,74.62043049600193,-15.37956950399807,15.37956950399807
2638,2.198348992480018,1.6935979888290635,3.3260695577265187,1.9639073615257003,0.5217216209875094,-50.00354686883605,39.996453131163946,39.99645313116395
2639,0.9978425722559162,0.6907930098520121,1.5016631138480396,2.173824998851305,0.8536681605364633,-83.0438731506242,6.956126849375806,6.956126849375806
2640,0.9606427264386592,0.5456804273286759,1.8963441694826757,3.47519184216674,0.6217683387131434,-87.23865373252202,2.761346267477961,2.7613462674779754
2641,5.627414382450454,5.587534798681109,6.795325730203213,1.2161581046094232,0.3352874162408161,88.61656177167025,-1.3834382283297515,1.3834382283297515
2642,2.125330979189304,1.5061747087120725,3.121462583512976,2.0724438974162123,0.7419308707581005,-65.26169575146426,24.73830424853574,24.73830424853574
2643,2.5772038167136704,1.5522188190467645,4.415414419368233,2.844582455249312,0.6340456529215363,-88.7831661490849,1.2168338509150942,1.2168338509150942
2644,1.3177199508995825,1.109861230403019,1.6497183364428465,1.4864185640972354,0.8389946682501171,30.11353481736125,-59.88646518263875,59.88646518263875
2645,0.9978425722559162,0.9080176670675992,1.2629975001368237,1.390939346164503,0.6958746525777865,49.92448416854997,-40.07551583145003,40.07551583145003
2646,1.626984252638553,1.0447436149882432,2.83094578706411,2.709703841641537,0.5823991549994414,82.49389740215922,-7.50610259784078,7.50610259784078
2647,1.0039085404212729,1.066947350482837,1.5122399571402458,1.4173519962872545,0.4547387972083057,81.58317018436132,-8.416829815638678,8.416829815638678
2648,1.3131044552792934,0.8785684142750003,2.1138718443745903,2.4060412484996623,0.6251858597582677,-66.7699449996416,23.23005500035839,23.230055000358405
2649,5.630650078577395,4.8704673492226656,9.620556341887882,1.9752840234979376,0.2666427350295501,72.85709631866003,-17.142903681339973,17.142903681339973
2650,0.979419278671245,0.6674920122944115,1.5877921604175549,2.378743312537537,0.7029857427021116,84.22061086852757,-5.779389131472428,5.779389131472428
2651,1.5738748168108194,1.358402245394595,1.968367843472856,1.4490316473976934,0.7753077599828336,-85.46061895916644,4.539381040833575,4.539381040833561
2652,3.114787996164301,1.613846258610902,7.853445336538186,4.866290884051088,0.3031727968128663,80.11466501777271,-9.885334982227292,9.885334982227292
2653,2.1424021849896837,2.048304564353417,2.7815638036973374,1.357983501137872,0.403342596541973,32.091175850462314,-57.908824149537686,57.908824149537686
2654,5.594954501698492,3.740512535704033,13.685296721535469,3.6586688564484775,0.2061044891443058,-49.53123412595471,40.46876587404529,40.46876587404529
2655,1.2850634067342854,0.8732254933244069,2.0438931471799,2.340624687214193,0.6862982139365517,69.74613323067678,-20.253866769323224,20.253866769323224
2656,1.340559085464394,1.253730516926932,1.544040101800341,1.231556607224492,0.8711513826612993,72.0595836717966,-17.940416328203398,17.940416328203398
2657,4.70229721232661,3.266591633516906,10.059338125768978,3.0794599553109143,0.2565892152510901,-41.336938195412856,48.66306180458713,48.663061804587144
2658,1.039561305877423,0.6463693289252109,2.330182240604634,3.605032194951582,0.4267717623872075,-88.25235669440121,1.7476433055987854,1.7476433055987854
2659,2.54877790530872,2.016930383253692,3.286540592897162,1.6294764659131906,0.7954990722509893,-75.85508851263081,14.1449114873692,14.144911487369185
2660,3.8488857348393535,2.056347762842618,7.510310715652378,3.6522570993879,0.5015255547586919,81.86717533235824,-8.132824667641756,8.132824667641756
2661,5.274334230929449,3.3004320926645265,10.088354903436692,3.056677010824996,0.3396636705772843,56.097414524143225,-33.902585475856775,33.902585475856775
2662,1.2755794143363215,1.098644186465726,1.5496883135423631,1.410546137351001,0.8952737393786158,44.36754646970856,-45.63245353029144,45.63245353029144
2663,1.2803301921000927,0.8751713570676692,2.164239511620387,2.4729322939359477,0.4767531971478319,73.23992851319784,-16.76007148680216,16.76007148680216
2664,1.0511768765181757,0.7252806976333037,1.798147428906448,2.479243463632858,0.5858945979088905,87.84302808316217,-2.1569719168378327,2.1569719168378327
2665,1.085277926096956,0.7983926289295524,1.7217579696812066,2.156530392808936,0.5848991734161937,31.02865456079264,-58.97134543920736,58.97134543920736
2666,1.3894843667311525,1.1312570705220204,2.013602677423331,1.7799691421987318,0.5630562559410959,-89.59470292629112,0.4052970737088799,0.4052970737088799
2667,2.0965701003918507,1.4451740854916777,3.1315911846778106,2.166930071689169,0.724851026745498,30.095344145863365,-59.904655854136635,59.904655854136635
2668,2.290324274544937,1.520031911801447,3.639806099988685,2.3945590034850084,0.61733296029226,-63.374022039646135,26.62597796035385,26.625977960353865
2669,3.0814737977359603,1.5809053037947076,6.686978886108042,4.22984151552723,0.4464243149483697,86.68256702924496,-3.3174329707550356,3.3174329707550356
2670,0.8097519128234426,0.5205351077262997,1.464909566177932,2.81423778038078,0.5279600675451855,-67.14382789391836,22.856172106081658,22.856172106081644
2671,2.102353753036351,1.7427744719304403,2.6937536568064298,1.5456696779719332,0.7072841256770253,-83.66160623608722,6.338393763912791,6.3383937639127765
2672,0.8815462242933692,0.5083837487885332,1.700241000225298,3.3444047027013224,0.5707521788040885,74.67073901108336,-15.329260988916644,15.329260988916644
2673,1.5738748168108194,1.2195124072395958,2.498920952763504,2.049114824850277,0.5645644999342085,-24.053471320546517,65.94652867945348,65.94652867945348
2674,4.187344565393504,3.350110437515499,6.018626213534175,1.7965456141791236,0.3568422435288639,36.20382572212367,-53.79617427787633,53.79617427787633
2675,1.3938469657443524,1.2738878674260024,1.6730004791839943,1.3133027811658435,0.7588761163375676,76.33666347512221,-13.663336524877792,13.663336524877792
2676,1.81401029769144,1.6094061400133204,2.2034702203260106,1.3691200533805428,0.6796869835698244,20.613465372417902,-69.3865346275821,69.3865346275821
2677,0.8884066096615684,0.6104074995588556,1.4066779851527482,2.3044900106393857,0.748289123582633,-82.73471240982562,7.265287590174381,7.265287590174381
2678,0.84641062903508,0.6941018260696961,1.1385660163737787,1.640344361029607,0.8462677643952881,67.17949888907195,-22.82050111092805,22.82050111092805
2679,1.0683634687220958,0.8720653233367825,1.473722171691286,1.68992176647087,0.6687127500585018,10.883650918819406,-79.1163490811806,79.1163490811806
2680,2.8544100563719703,2.399122420194138,4.58740368173003,1.9121173822212936,0.3483303796135429,-37.46446879734016,52.53553120265984,52.53553120265984
2681,3.278134270305808,2.6647988859923983,4.690366184816052,1.760120138698314,0.3790391287617652,-81.67227588130928,8.327724118690725,8.327724118690725
2682,1.1557168501373432,1.0461565775940709,1.7068146974222196,1.631509789239692,0.5249246366081668,23.71515034617913,-66.28484965382087,66.28484965382087
2683,3.210768161557695,2.0174237207681305,5.507340370416259,2.729887783970017,0.442000089059701,-52.62314459800527,37.37685540199473,37.37685540199473
2684,1.585405189396292,1.1743838410606844,2.3724933686219587,2.0202026677062936,0.6808456543810621,61.5746530483602,-28.425346951639803,28.425346951639803
2685,0.973200680696656,0.7753511102385828,1.843793043911734,2.378010451735062,0.4495737140273625,-59.67932432823883,30.320675671761165,30.320675671761173
2686,1.1557168501373432,1.107069309908379,1.2698635069564663,1.147049688389935,0.8178741227171163,-83.21080832822278,6.789191671777218,6.789191671777218
2687,3.1206300544317367,1.9690895738685308,5.319349971679838,2.701426101824961,0.5506780695837175,-58.44728463898532,31.55271536101469,31.552715361014677
2688,1.0453852243082644,0.9925415654587574,1.1381523954589037,1.1467050197870998,1.0288553233110294,69.03328661550985,-20.96671338449015,20.96671338449015
2689,0.8606370140730026,0.7202270386047702,1.187647184844048,1.6489900006319784,0.7349691688247859,-19.480089898519264,70.51991010148073,70.51991010148073
2690,2.131036575976748,1.7403803836913363,2.7048102052026435,1.5541488691487992,0.8365945178284312,-56.3111862990394,33.688813700960594,33.6888137009606
2691,0.84641062903508,0.6514121137535399,1.250741024074106,1.920045694064757,0.7770593281954729,85.25942215843575,-4.740577841564246,4.740577841564246
2692,1.0740312192037882,0.881190611900275,1.5595068228857556,1.76977239864449,0.7234182882869289,-7.402010281815872,82.59798971818412,82.59798971818412
2693,2.967044814329345,2.409867833941924,3.7600385147548994,1.5602675224742275,0.7141901416278216,-75.2780139068889,14.721986093111099,14.721986093111099
2694,0.9019708538191776,0.7112441701196884,1.2002330064834588,1.687511907874736,0.9551339264712168,-41.26174803322804,48.73825196677197,48.73825196677196
2695,3.7172882052436527,1.8238362267707011,7.947435951924987,4.357538157906195,0.4111092003241878,75.69292138404681,-14.307078615953188,14.307078615953188
2696,0.9917395023300404,0.7050008233051936,1.464813761407313,2.077747589768697,0.8258619254273128,-86.22345495278607,3.776545047213915,3.7765450472139293
2697,2.5200313704984505,2.388119846235189,3.0958786249223555,1.2963665244032585,0.5508226393422049,-75.979672598495,14.020327401505,14.020327401505
2698,1.1183396299962336,0.9240956964895712,1.5155259962290657,1.6400097976716086,0.7821028144768448,-35.89667151652306,54.10332848347694,54.10332848347694
2699,3.845729616444836,5.313125387567041,5.808942231568238,1.0933192439164774,0.1870933167323408,-45.703291851121485,44.29670814887851,44.296708148878515
2700,1.820691757871036,1.257849678658945,3.485450438135417,2.7709594375787616,0.4912150978911723,-61.9548973262005,28.045102673799505,28.045102673799498
2701,2.271692622891249,1.8468291117434692,2.838923425110912,1.5371879331222325,0.8476360754628837,-81.18117420874917,8.818825791250845,8.81882579125083
2702,3.7836591416704977,2.5804976032240403,5.78958594881521,2.243592841001586,0.6717118809538548,66.64607412234864,-23.353925877651363,23.353925877651363
2703,2.86502522895345,2.147332413737961,5.538402449592192,2.579201251822599,0.3606743297560742,-71.98883428948258,18.011165710517417,18.011165710517417
2704,2.607648897704901,2.216746728810037,3.1622574260197345,1.4265307736428932,0.7678146739219631,-76.77117347895239,13.228826521047608,13.228826521047608
2705,2.441719933881311,1.8307770563595405,3.948191074741789,2.1565657385900825,0.4568665956893349,69.34528324246622,-20.654716757533777,20.654716757533777
2706,1.4025314545362868,1.1295783863647983,1.8156258717942848,1.6073482758795694,0.766395424043873,-19.42187776055505,70.57812223944495,70.57812223944495
2707,0.8392070033186643,0.6294778836857685,1.1729966312609166,1.8634437549937328,1.0176553611300403,72.91290099013425,-17.087099009865753,17.087099009865753
2708,1.4865885952249918,0.9694137296306802,2.7107135917620044,2.7962401489761355,0.4325945232501803,80.03034818855178,-9.969651811448216,9.969651811448216
2709,2.6652198289847053,2.17703914665622,3.694027146989345,1.6968124586381976,0.6433915075030994,-76.11638086980977,13.883619130190226,13.883619130190226
2710,1.039561305877423,0.7961513595495394,1.413108725267156,1.774924715404229,0.8749821379880138,87.52551182193868,-2.4744881780613213,2.4744881780613213
2711,0.8746320295080829,0.6364038147795559,1.477760142374824,2.322047901121878,0.6257238129795171,-37.43011279438273,52.56988720561728,52.56988720561727
2712,1.1074287385521373,0.8962834018705876,1.719463367854793,1.9184371419421449,0.5554657345681037,28.66699181317913,-61.33300818682087,61.33300818682087
2713,5.246635128819894,5.170067178897876,9.33309786480427,1.8052179095270176,0.1537903082796239,-70.87487233956556,19.12512766043443,19.125127660434444
2714,1.749264059016166,1.1036492843010064,2.953419688671671,2.67604911332155,0.6250031912453038,87.79425190932311,-2.2057480906768916,2.2057480906768916
2715,1.886205091624149,1.3448083620906663,3.412597563854125,2.5376088222331035,0.4207798131496841,24.48700418437251,-65.51299581562749,65.51299581562749
2716,1.0453852243082644,0.8050103382740126,1.487032967177452,1.8472221988673267,0.6574755152063766,-86.33403782735108,3.6659621726489036,3.6659621726489178
2717,1.021890421280174,0.860413287109145,1.2782381368534874,1.4856094809369682,0.8776908661892898,5.692584001349857,-84.30741599865014,84.30741599865014
2718,2.54877790530872,1.781977408714161,3.956425073902055,2.2202442379765808,0.6059011197148005,-42.89528274749462,47.104717252505395,47.10471725250538
2719,0.9219431092603804,0.9919731970071064,1.0622408999309148,1.0708362918835044,0.73750307042573,30.937944354125577,-59.06205564587442,59.06205564587442
2720,1.5738748168108194,1.5144696687106616,1.6898617143759995,1.1158108671893423,0.8432449839852922,88.35139592343727,-1.6486040765627337,1.6486040765627337
2721,1.1661760393441107,1.2199035642225473,1.3347234182255536,1.0941220743757576,0.7500168864664802,-0.3207783247203779,89.67922167527962,89.67922167527962
2722,1.062665489594652,0.8755320541285238,1.3484595576987015,1.5401601247379968,0.8578368972918174,82.54085356520062,-7.459146434799379,7.459146434799379
2723,0.8884066096615684,0.7077152630438717,1.2482630750258985,1.7637927853316877,0.7783842951965059,-23.588002238338746,66.41199776166125,66.41199776166125
2724,1.4068535956126136,1.2765095769372654,1.644269026818421,1.2880976817765224,0.8045848161503041,-64.10221968178041,25.89778031821959,25.89778031821959
2725,0.979419278671245,0.9440004127728238,1.3056771915272063,1.3831320133558258,0.6392786602983199,-84.20153383587883,5.79846616412118,5.798466164121166
2726,2.5176210099559926,1.4806948177837975,4.87585909922752,3.2929534436578702,0.4737012948316842,-39.86735068172117,50.13264931827882,50.13264931827883
2727,0.8535534614000618,0.6378465580208716,1.9142977235783665,3.001188451213257,0.3613973684164274,60.14946801470983,-29.850531985290168,29.850531985290168
2728,1.1557168501373432,1.0694447913968457,1.4122183949993878,1.3205154734119855,0.6936098675039142,-9.395289209525982,80.60471079047402,80.60471079047402
2729,0.84641062903508,0.6530069589809683,1.291986431837832,1.978518626897951,0.7758030282566687,37.06616393576162,-52.93383606423838,52.93383606423838
2730,1.7699661294252256,1.3600214896108738,2.415190573955417,1.775847361534299,0.7441989599510167,74.75814170968731,-15.241858290312692,15.241858290312692
2731,1.3585539723246187,0.8587821261633399,2.294000129872175,2.671224819408802,0.6057480944920238,-55.03033107786148,34.96966892213851,34.96966892213852
2732,1.1128975557056655,1.0907795425209883,1.198524062316948,1.0987775399114494,0.9706532028190638,-83.44625948874558,6.553740511254432,6.553740511254418
2733,1.2071068813224677,0.8592265991280554,1.8718893421893437,2.178574713688961,0.5880821820732431,40.389953809734216,-49.610046190265784,49.610046190265784
2734,1.7457898469292477,1.5909114961905015,2.098526140183957,1.3190715795372387,0.7638633267771031,83.55246486552294,-6.447535134477064,6.447535134477064
2735,1.0278144733504384,0.9211316318757368,1.6327171903180768,1.7725123465723465,0.4707770292469737,63.1930377035065,-26.806962296493502,26.806962296493502
2736,1.176542252445381,1.092708248068302,1.305916119671576,1.195118753775479,0.9770601450409132,46.17632435416363,-43.82367564583637,43.82367564583637
2737,1.0159318257539256,0.6818332326029832,1.6983880708059835,2.490914184869188,0.6849431429637283,-81.63394788178402,8.366052118215975,8.366052118215975
2738,0.9219431092603804,0.8969763110105692,0.9946963082798044,1.1089437882246187,1.0644440680854623,23.124536312923137,-66.87546368707686,66.87546368707686
2739,0.928505064734256,0.539138223466742,1.7466628857053836,3.2397311295683537,0.5968663758431803,-8.553766683824158,81.44623331617584,81.44623331617584
2740,0.8815462242933692,0.5925144485522462,1.4150499484738388,2.3882117169148893,0.7778929278451836,-4.088083842959159,85.91191615704084,85.91191615704084
2741,1.186817925731738,0.9319280556964088,1.727336924557589,1.8535088776426945,0.6251315666094087,79.11110243286977,-10.888897567130229,10.888897567130229
2742,1.8504598087771928,1.5355671661991743,2.6313974285406565,1.713632256838282,0.5634815994989116,70.84335461214627,-19.15664538785373,19.15664538785373
2743,2.0198761507134417,1.7162532967124822,2.441889707440187,1.4228026318246123,0.7921297811465083,-77.09049221743206,12.909507782567943,12.909507782567943
2744,1.176542252445381,1.126231488421607,1.2963622184566734,1.1510619546550789,0.9449570051695326,-50.58806569201939,39.4119343079806,39.41193430798061
2745,2.292973580548686,1.7507582500910848,3.0526837175395114,1.743635203421542,0.7640575635164437,-83.4839283387619,6.516071661238101,6.516071661238101
2746,2.505534425456872,1.8601066686221683,3.896365057599805,2.09469979508538,0.504180736604093,-26.5506491686721,63.449350831327905,63.449350831327905
2747,0.9543017810603904,0.4909904385825607,1.964091684544511,4.000264628807525,0.541843726727803,83.73857941202581,-6.261420587974186,6.261420587974186
2748,1.186817925731738,1.0181850000797896,1.879255069718737,1.845691175544199,0.4919572388439271,76.62407074950046,-13.375929250499539,13.375929250499539
2749,1.7035467376469715,1.5552035765868737,1.92080728917031,1.2350841510960309,0.8931029985136203,-45.562109396884864,44.437890603115136,44.437890603115136
2750,2.500683434603541,1.9590858466646848,3.5247221828271345,1.7991667842570156,0.5528952405866864,-54.87157881833564,35.12842118166435,35.12842118166436
2751,1.933884181003576,1.3025794554638164,3.1193759890035038,2.3947683006352736,0.5764452449147118,59.66014997647895,-30.339850023521052,30.339850023521052
2752,1.820691757871036,2.117819677341346,2.6120582946183477,1.2333714350493972,0.3775681321157246,50.52002442674117,-39.47997557325883,39.47997557325883
2753,1.45354916781555,1.1836210364367394,2.164988476777661,1.8291230133044127,0.4405144213817485,-75.18524842484668,14.81475157515331,14.814751575153323
2754,0.9219431092603804,0.9290199707627048,1.1952123275369173,1.2865302847641418,0.65713455253187,-79.73508779106632,10.26491220893368,10.26491220893368
2755,2.004790979528443,1.6614218016395448,3.062146107377844,1.843087712196878,0.4048038838931511,-82.23036537304891,7.769634626951074,7.769634626951088
2756,1.9742748760884197,1.4523833663749035,2.825385205555848,1.9453439573656832,0.6598677540553591,68.32943384862699,-21.67056615137301,21.67056615137301
2757,1.892631703400796,1.2277043512764294,3.3248271112283714,2.708165942208797,0.5341826061186292,-18.37232684916344,71.62767315083656,71.62767315083656
2758,1.1128975557056655,0.8738052564135645,1.5206696554210002,1.7402843989087655,0.7626903549333133,-14.617805128176457,75.38219487182354,75.38219487182354
2759,0.8097519128234426,0.5819227468429781,1.1865984360858963,2.0390995927266613,0.9527337847227212,45.81176270539755,-44.18823729460245,44.18823729460245
2760,1.8173540983129992,1.258244423228699,3.1330187392604194,2.4899921520979085,0.4417722701488086,-64.15013441436729,25.8498655856327,25.849865585632713
2761,3.136155672924793,2.8547138951769213,5.344440813627534,1.8721458646546123,0.3618169635134503,49.15450445896429,-40.84549554103571,40.84549554103571
2762,1.1345092346885122,0.9384041645905008,1.4467614488967495,1.541725307163449,0.8907276293872957,60.62434312975856,-29.375656870241443,29.375656870241443
2763,0.9669420905017878,0.972063773784804,1.0331671532936972,1.062859434902077,0.9787068721237844,9.6018590570592,-80.3981409429408,80.3981409429408
2764,1.0511768765181757,0.9795565346563824,1.6216878258329597,1.655532650192395,0.5392991202488151,-65.9139275823127,24.08607241768732,24.086072417687305
2765,1.376313601551939,1.1098156397990424,1.8037531581053543,1.6252727871378398,0.8087969494833686,-89.43279622011482,0.5672037798851761,0.5672037798851761
2766,0.7869374084054097,0.7043651929127832,1.4615147808236064,2.074938959972964,0.4455362619465774,23.50315057446954,-66.49684942553046,66.49684942553046
2767,1.8797565083329089,0.9910380303464074,3.839781527097831,3.874504720828598,0.4403415267106701,53.530507603912135,-36.469492396087865,36.469492396087865
2768,1.0453852243082644,0.7870030450737926,1.596609172872521,2.028720451421908,0.6110705745551949,0.0447443761174056,-89.95525562388259,89.95525562388259
2769,2.579558503195455,1.3293765061698597,5.676137633340366,4.26977429418713,0.4006805765426992,73.66992450760307,-16.33007549239693,16.33007549239693
2770,1.139848131163964,1.0004803005693153,1.357363338557251,1.356711709150949,0.9981378262544452,-42.91186853955859,47.08813146044142,47.08813146044141
2771,1.2850634067342854,0.8204785120647275,2.211196498374069,2.695008419915362,0.6498332458984666,-74.02625091809239,15.973749081907613,15.973749081907613
2772,1.9181228409342128,1.3858440148673823,2.990814010513702,2.1581173482932754,0.5462793468810928,-83.71456633959059,6.28543366040941,6.28543366040941
2773,1.1557168501373432,0.9479833018720086,1.5055278892519297,1.5881375613672968,0.8261729847144285,-82.34283879234842,7.657161207651598,7.657161207651583
2774,0.973200680696656,0.6863732222056296,1.5002315157960011,2.1857372450735686,0.7140490440718331,76.36356954213518,-13.636430457864819,13.636430457864819
2775,0.9543017810603904,0.8252444412449602,1.2825415821474755,1.554135378619017,0.7111300921877862,-76.38358627395445,13.61641372604555,13.61641372604555
2776,1.6082179472047609,1.3790540784816558,1.9412785453994608,1.407688484223053,0.877547907729656,-66.87922473712476,23.12077526287524,23.12077526287524
2777,3.2707176674325664,2.872126855380757,4.629353862431984,1.611820819738225,0.3880800617171292,-32.97482306263489,57.0251769373651,57.02517693736511
2778,4.830941676736098,3.5087465289605038,7.182417556985598,2.047003822505655,0.4536228103750113,66.94238872763042,-23.057611272369584,23.057611272369584
2779,2.743790495859625,1.7087209605205644,6.523408060366859,3.817714074496688,0.2803591422027086,-60.888176465748295,29.111823534251698,29.111823534251705
2780,2.093672282696752,1.943626670821837,2.375316085145175,1.2221051093833797,0.7221010413070352,51.964434432989655,-38.035565567010345,38.035565567010345
2781,1.415458284986553,1.1020824773364106,2.397137127836334,2.1750977600423345,0.4361646480770124,-17.52122238788618,72.47877761211382,72.47877761211382
2782,1.2221025728266244,1.1143664372204412,1.4099698190979482,1.2652658694700365,0.8233751151435501,-70.79503131143953,19.204968688560484,19.20496868856047
2783,2.5959815063053218,1.9902354006616985,5.176901489332226,2.601150340111049,0.188008183016172,-82.90285497802394,7.097145021976075,7.097145021976061
2784,1.270810876469873,0.8510142681968477,2.092000917820362,2.458244233969133,0.6776619385691591,7.469465652759998,-82.53053434724,82.53053434724
2785,3.8156162897802064,2.763945137263671,7.095257558715402,2.5670761199477954,0.3533471184216651,-47.1453312131404,42.854668786859605,42.8546687868596
2786,2.3219164465724,1.6133873261235752,3.778427707805174,2.341922269145041,0.5200953251945786,57.51538928397106,-32.48461071602894,32.48461071602894
2787,6.0475934284387,6.59558506074631,7.033506724238084,1.0663961816060972,0.2961904503729084,66.5379448131519,-23.462055186848104,23.462055186848104
2788,5.7901298850763006,3.494802077142671,11.790154068764885,3.373625689957368,0.3503611201054242,89.59675973235176,-0.4032402676482434,0.4032402676482434
2789,3.289227819002539,2.04606683416756,5.447977295593994,2.662658523474135,0.5467210719224166,75.69691479299951,-14.303085207000493,14.303085207000493
2790,2.626208910558587,2.68432592596213,5.662736256497004,2.109556146564928,0.1269810908215224,-44.87738732338168,45.1226126766183,45.12261267661832
2791,1.9557366732786756,1.715773261799686,2.336927428879796,1.362025787969546,0.836069823289868,32.34424777046705,-57.65575222953295,57.65575222953295
2792,1.096409273000846,0.589183342676467,2.297351316366566,3.899212944362024,0.5351563911906255,-75.9055563609255,14.094443639074484,14.094443639074498
2793,2.563030269375824,2.453794227171827,2.867505737292988,1.168600734951599,0.7088123466193333,83.20942004613613,-6.790579953863869,6.790579953863869
2794,0.9855986414141252,0.9181408674951448,1.1734650218884166,1.2780882143824426,0.7997778466701329,56.32370601717219,-33.67629398282781,33.67629398282781
2795,2.687902959940692,2.559300319984631,3.750004748880361,1.4652460751080905,0.4258619634061207,6.9376950519044405,-83.06230494809556,83.06230494809556
2796,1.593045740590529,1.5350549900743606,2.0117562263027566,1.3105434263337392,0.5965697181437525,18.05215493228,-71.94784506772,71.94784506772
2797,1.2270604129519955,1.2648614821904929,1.4146974995733137,1.1184604160159377,0.6049103265439669,78.67220181461829,-11.32779818538171,11.32779818538171
2798,3.9192265223447977,2.5065838486753496,8.231140739827348,3.28380825727304,0.2926811285278436,-74.90862515667486,15.091374843325127,15.091374843325141
2799,1.5777276373049178,1.1750214437638882,2.2196220900302466,1.889005602246918,0.8649205908375421,54.45468287241555,-35.54531712758445,35.54531712758445
2800,0.9219431092603804,0.7768827108230891,1.2295565394610872,1.5826797563282116,0.7711115152841944,76.5808644850302,-13.419135514969796,13.419135514969796
2801,0.8815462242933692,0.5858379862691204,1.4508635247520698,2.476561026695829,0.6672374906035083,-87.15555289496406,2.844447105035954,2.8444471050359397
2802,0.8815462242933692,0.8750762793541438,1.1263259384687152,1.287117437693555,0.7247503309529727,-23.951811685573247,66.04818831442675,66.04818831442675
2803,0.979419278671245,0.6278106182846901,1.6349518810161896,2.6042118967073544,0.7151896019910066,-87.37774223143555,2.6222577685644524,2.6222577685644524
2804,0.9543017810603904,0.6428446495721667,1.500356944366738,2.333933937795504,0.7819189343009864,-82.94947046866791,7.050529531332074,7.050529531332089
2805,0.8319410050566239,0.7081255747968983,1.067330785366192,1.507262021531025,0.8490669926361859,-54.221477190498334,35.77852280950168,35.778522809501666
2806,1.139848131163964,0.7276502178563851,2.007230014607525,2.758509466980862,0.583399985768126,-72.77065371505074,17.22934628494926,17.22934628494926
2807,2.108121538231362,1.6021158475409525,3.056638343011989,1.9078759801942828,0.685833351198011,-85.18542866541408,4.814571334585935,4.814571334585921
2808,2.507956402267385,1.825899342293177,3.531016773831487,1.93385072881226,0.7102285733778159,88.10490010396394,-1.8950998960360579,1.8950998960360579
2809,1.4068535956126136,0.9602396493032218,2.5699735206437158,2.676387631471544,0.509603794293917,-69.98662081937675,20.013379180623247,20.013379180623247
2810,3.587633208110207,1.8108476880734297,8.325316477675198,4.597469203239586,0.3652000726020425,69.2980802103718,-20.701919789628207,20.701919789628207
2811,1.1183396299962336,0.9835097990530262,2.0456993429905346,2.079998943538986,0.4191921951691446,66.34317165178373,-23.656828348216266,23.656828348216266
2812,0.84641062903508,0.4942913525703688,1.8890926617538863,3.821820171302611,0.4069793302284965,-54.97896671250377,35.02103328749624,35.02103328749623
2813,1.470161697690137,1.467145984273308,1.664310262601647,1.1343862713334532,0.7422199826603898,-13.17029945908794,76.82970054091206,76.82970054091206
2814,1.7733929789634846,1.6349843773643955,3.001756911280854,1.8359544915772856,0.4094204285004877,-65.5028363988645,24.497163601135497,24.497163601135497
2815,1.3540776702961077,1.2300463638732124,1.831577266017396,1.489031080300146,0.6534354324640793,32.08638450262651,-57.91361549737349,57.91361549737349
2816,0.928505064734256,0.7917550180855982,1.1276361735000164,1.4242235890421668,1.0183900215604311,-29.87429875643911,60.12570124356088,60.12570124356089
2817,1.1237553499514827,1.091089745607441,1.1813962037180057,1.0827672136724995,1.0962266536918506,12.587564306790131,-77.41243569320987,77.41243569320987
2818,1.3851080271465486,1.467036330605825,2.23558321184007,1.5238771973130802,0.3141389357484002,-55.96934487788985,34.03065512211015,34.03065512211015
2819,1.886205091624149,1.4278354882786763,2.593898255773284,1.8166646487406972,0.8282557564633116,42.31970648645848,-47.68029351354152,47.68029351354152
2820,6.3969072392410204,5.542496202467146,7.53443010554771,1.359392921585384,0.580936042293295,-82.58341734420272,7.416582655797299,7.416582655797285
2821,2.31930020185808,1.746181356528668,3.610877913447429,2.067871071894672,0.3366973721663692,-82.92637255127083,7.073627448729155,7.0736274487291695
2822,1.95883855734249,1.462723752754451,2.8313476020100707,1.935668028004856,0.6243763644686283,-84.20850444301104,5.791495556988963,5.791495556988963
2823,4.246374854959659,3.4085635436453194,9.545584715273144,2.800471398888616,0.2048086062796391,-54.19713306365287,35.80286693634713,35.80286693634713
2824,2.54877790530872,2.658985019233469,2.7511369388456663,1.034656802857341,0.498090636993682,-87.80247990630009,2.197520093699893,2.1975200936999073
2825,1.0740312192037882,0.8025626448180352,1.8070302697137277,2.251575352256066,0.5116009181977295,-51.251857381130776,38.748142618869224,38.748142618869224
2826,2.247510699902965,1.3532918355047208,4.572303391590564,3.3786529051845555,0.4381946190625493,-89.71826291688276,0.28173708311723544,0.28173708311723544
2827,3.906814055628341,2.1107324346508154,11.739915873449162,5.562010456996332,0.226329926381003,80.1841020491041,-9.815897950895902,9.815897950895902
2828,0.8676627389239214,0.6917819181936156,1.3565882855877962,1.961005701233311,0.4828821333454835,59.63120379804936,-30.368796201950637,30.368796201950637
2829,7.519026033331635,6.802312825049499,17.592553152867676,2.5862605271670462,0.1305493959684605,69.96615514248364,-20.033844857516357,20.033844857516357
2830,1.1816912584570125,1.070791089280471,1.371909857278078,1.2812114996212256,0.863726302201448,70.77045431187886,-19.229545688121135,19.229545688121135
2831,2.989468694267895,2.1620101591941308,4.680753688838903,2.165000783615009,0.5213602534562635,82.43967773806276,-7.5603222619372445,7.5603222619372445
2832,1.7283140331024651,1.1083309864795934,3.1862852138936817,2.8748498893947936,0.5556573288098099,-89.41622721613102,0.5837727838689943,0.5837727838689801
2833,1.2319983017676563,0.7510205065151541,2.331127070785265,3.1039459649404764,0.5312578534877136,-32.52420264516713,57.47579735483288,57.47579735483287
2834,4.439298647895873,3.268524782701475,6.34307908846002,1.940655038637152,0.5430150602543177,88.15470635640335,-1.8452936435966478,1.8452936435966478
2835,2.31930020185808,1.798938466764282,3.060711095477257,1.7013984369251398,0.7539703916292853,78.08162440113581,-11.918375598864188,11.918375598864188
2836,1.2991595879263365,0.9670047751016606,1.809741193981568,1.871491476131864,0.8246597821606091,28.36638039831631,-61.63361960168369,61.63361960168369
2837,1.9401528657775409,1.4726019094101463,2.827413691046793,1.9200122402254116,0.6441905871579898,47.749295655963344,-42.250704344036656,42.250704344036656
2838,3.503730393200403,1.5274699458239775,8.45836486589595,5.537500026773472,0.3672748338850737,71.13303036719631,-18.866969632803688,18.866969632803688
2839,2.274363632188791,1.422976222159586,4.157613622534594,2.921773082212697,0.5174376141435518,-85.52921809443417,4.470781905565843,4.470781905565829
2840,2.173351160309283,1.3219616439711457,4.097199890578064,3.099333410514212,0.5225596475480736,70.62123125530782,-19.37876874469218,19.37876874469218
2841,2.383845085036066,1.4515441474601534,4.056576890867233,2.7946631164923565,0.6337581827592359,-72.71856596153191,17.281434038468092,17.281434038468092
2842,3.91767711468498,4.391022352473383,4.895839161416539,1.1149656659476583,0.2666264465259193,-44.1690228752944,45.83097712470561,45.8309771247056
2843,0.9019708538191776,0.6764263741717146,1.3655844923742615,2.0188220692110392,0.6617634838268319,39.39958766471199,-50.60041233528801,50.60041233528801
2844,1.1345092346885122,0.4947329640583395,3.061149268414629,6.1874778735254345,0.286559278632611,-89.56872754038203,0.4312724596179578,0.431272459617972
2845,4.190243385100613,2.4540133746085777,9.586913558105293,3.906626450083807,0.1981803898039534,-79.02579289565645,10.974207104343549,10.974207104343549
2846,1.8039417076383557,1.4126321054408115,2.6569572013349587,1.8808557380945663,0.5980318068858725,-85.16550673057064,4.834493269429345,4.834493269429359
2847,1.820691757871036,1.333173092673211,2.624540578378283,1.9686420261570745,0.7039829156872495,75.22209813717457,-14.77790186282543,14.77790186282543
2848,1.1451621372724683,0.5239290197829528,3.232276336942984,6.169301975832553,0.3057540458707853,85.53559449168978,-4.464405508310222,4.464405508310222
2849,1.7630924485867383,1.4921555907664168,2.337494608885401,1.566522032521282,0.5023784784188641,59.18786109567982,-30.81213890432018,30.81213890432018
2850,1.5777276373049178,1.4810571792892204,1.834909477430077,1.2389187285197694,0.8097943020691571,6.03053765750578,-83.96946234249423,83.96946234249423
2851,2.353084504890762,1.2546827750203198,6.272980669591228,4.999654729052637,0.2549469178211747,-86.74026777522683,3.259732224773188,3.259732224773174
2852,1.3495865213724043,0.8434550776572094,2.257397016526069,2.676368992639468,0.6741160322716139,-71.4846432183701,18.51535678162992,18.515356781629905
2853,1.4865885952249918,0.8202021495844486,3.439979324706842,4.194062800798182,0.3838976335532014,87.60813469303119,-2.3918653069688105,2.3918653069688105
2854,0.8746320295080829,0.7310466258910527,1.139529965315757,1.5587650978168663,0.8187312330680157,69.68528200586078,-20.314717994139215,20.314717994139215
2855,1.4947343471339476,1.096610237012043,2.475416944933467,2.257335251290639,0.493348596940821,55.05242062501041,-34.94757937498959,34.94757937498959
2856,3.3981720316617614,2.860454299987732,5.090170167321522,1.7794971125192784,0.5309969893298134,71.08492679518567,-18.915073204814334,18.915073204814334
2857,3.0097090655497696,2.3141052219926816,4.401318248920532,1.9019525158542905,0.5255752333190573,89.45984507577809,-0.540154924221909,0.540154924221909
2858,1.3718952479298128,0.6877370315640989,3.829939618521228,5.568901255485567,0.2616382016463855,79.78845268874792,-10.211547311252076,10.211547311252076
2859,2.701421417181099,2.1634892455667543,3.4615295663597565,1.599975397822217,0.7346440346679516,-46.36290668143684,43.63709331856316,43.63709331856316
2860,4.125998915572191,3.126457798484116,5.9916547694239055,1.9164355176420416,0.4667590491726184,82.25307216245578,-7.74692783754422,7.74692783754422
2861,1.4824989352200384,1.326116838053581,1.7908937717325135,1.3504796261852108,0.742372376813819,-79.3247500644956,10.675249935504382,10.675249935504397
2862,1.380717816333713,0.9724712085903816,2.344748238753578,2.4111235561948843,0.5558244875150324,-36.8255134810676,53.1744865189324,53.1744865189324
2863,2.6331351878456077,2.1183295431652938,4.171928321599295,1.9694425426203663,0.3843682251911853,-35.443328045361184,54.556671954638816,54.556671954638816
2864,1.2515550525870838,1.2540274540653369,1.431532267377898,1.141547788875851,0.7109129780564669,-4.820122104911266,85.17987789508874,85.17987789508874
2865,1.780226888597607,1.2750331333324558,2.5926520124243235,2.0333997169533227,0.74928363917968,-4.66870634136155,85.33129365863844,85.33129365863844
2866,4.527321370225499,4.716405764477625,6.234987123536894,1.3219785223944704,0.2837428490428294,-65.19911094950545,24.80088905049456,24.800889050494547
2867,1.4783979621211876,1.0383915353928554,2.175606757045827,2.095169965173809,0.7937068810454699,56.1527163612475,-33.8472836387525,33.8472836387525
2868,1.847175937850875,1.509900740355212,2.4347688710478392,1.6125357157418487,0.7512328422895359,80.64636154873466,-9.35363845126534,9.35363845126534
2869,2.3812968800479584,1.8735365004572864,3.1849834863990947,1.6999847537647197,0.664765483467939,26.818860935185366,-63.18113906481463,63.18113906481463
2870,1.8039417076383557,1.1538718574985256,3.2960717954448526,2.856531922522484,0.535183354404533,85.05703837007322,-4.942961629926785,4.942961629926785
2871,3.145820274179804,3.4839912833468483,3.604616512175272,1.0346227125782437,0.4284422707666611,-21.88941350417434,68.11058649582566,68.11058649582566
2872,1.546636359756236,1.096416237183974,2.251244642305431,2.053275540763157,0.8000848413374091,-64.46913134993702,25.530868650062985,25.530868650062985
2873,1.432512614476725,1.3531026612386596,1.6340232927271787,1.207612208249859,0.8871910391438738,84.51415394682398,-5.485846053176019,5.485846053176019
2874,1.085277926096956,0.9407791475608585,1.4627968121893995,1.5548780135932725,0.7189061411361652,-22.54817583119727,67.45182416880273,67.45182416880273
2875,3.460139116440923,2.5275663925028646,5.602231234979397,2.21645265247886,0.507954508196892,55.34238875470892,-34.65761124529108,34.65761124529108
2876,2.478736495350072,2.32793835145688,3.5884187800695475,1.5414578216058978,0.3837377986605181,-38.09547818414617,51.904521815853826,51.90452181585383
2877,9.756928760210467,7.605739256739345,32.595600360014465,4.285658403439473,0.0869890776943018,73.37114705502991,-16.62885294497009,16.62885294497009
2878,0.8392070033186643,0.6048513801089492,1.9092872432834944,3.156622115898261,0.4084207417083331,-50.124355005252426,39.875644994747574,39.875644994747574
2879,1.171370613113025,0.9554079784707824,1.5514403257052662,1.6238511302663476,0.7855305526674893,51.90253766282181,-38.09746233717819,38.09746233717819
2880,1.4025314545362868,0.9753471370855344,2.1567040826718293,2.2112169100289205,0.6086581421489203,74.35053659374758,-15.649463406252423,15.649463406252423
2881,2.3608122252162294,1.435671850875567,4.884290460587729,3.402093909975993,0.4018848762944233,52.96218108728844,-37.03781891271156,37.03781891271156
2882,1.039561305877423,0.8515492799480759,1.4079983329105774,1.6534549039797573,0.801454989936791,33.88069544832638,-56.11930455167362,56.11930455167362
2883,1.1074287385521373,1.0144276595888635,1.3075027044844332,1.2889067959901148,0.8920472725090755,-39.09309730520179,50.90690269479822,50.90690269479821
2884,2.181715595945335,1.4164451580998048,3.495416540369164,2.467738705152799,0.6710380597282039,65.08510755919006,-24.914892440809936,24.914892440809936
2885,1.0511768765181757,0.8573216004919684,1.8661304504594556,2.17669827680603,0.4872315544784057,89.25290335070896,-0.7470966492910378,0.7470966492910378
2886,1.4824989352200384,1.3683604811931114,1.716114016168357,1.25413883238723,0.8260381340238063,-64.70369464581741,25.296305354182607,25.296305354182593
2887,3.0913093599243053,1.8769361372345463,5.350946984377044,2.850894539364062,0.6093013001930214,-61.68858599372961,28.311414006270383,28.31141400627039
2888,1.2221025728266244,0.8359680162572609,2.168677279145821,2.5942108274133204,0.5892325131679762,-50.8906962834056,39.10930371659441,39.1093037165944
2889,1.4197410732459426,1.3900505994452486,1.58503870860791,1.1402741088996893,0.8480562309472405,-66.68467148765306,23.315328512346923,23.315328512346937
2890,0.928505064734256,0.6181340149139818,1.4647623692116056,2.3696517807961737,0.7441122922206347,-87.91514956602973,2.0848504339702743,2.0848504339702743
2891,0.9606427264386592,0.747977135043123,1.305294590399075,1.7450995882699287,0.938163936834716,77.11381641459829,-12.88618358540171,12.88618358540171
2892,0.8815462242933692,0.7079704851693379,1.1442762858052282,1.6162768219518802,1.0256063880297712,52.63311880997968,-37.36688119002032,37.36688119002032
2893,0.7473671735669738,0.631611248442965,1.0026315544663422,1.5874187752957358,0.8227716301350807,84.8341682572215,-5.165831742778494,5.165831742778494
2894,2.4541208259039915,1.7118364244183706,3.6357564053103335,2.123892419537487,0.659949854810922,25.067008243913875,-64.93299175608612,64.93299175608612
2895,1.6082179472047609,1.2326607085895993,2.2006723517430435,1.785302586841626,0.8078819348606424,-70.30515490569594,19.69484509430407,19.694845094304057
2896,1.376313601551939,0.9260409943969606,2.659507563106036,2.8719112644013256,0.4950471951801575,-73.53990544966621,16.460094550333793,16.460094550333793
2897,4.378709845392084,3.5608687794790663,6.3174308144932505,1.7741262612371391,0.3912959597399033,11.518731489232607,-78.48126851076739,78.48126851076739
2898,0.9479184199131095,0.7223424530372698,1.3043485528721537,1.8057204687163175,0.9120455825253834,67.26216236924138,-22.73783763075862,22.73783763075862
2899,0.9669420905017878,0.6939518757935527,1.4103830009288458,2.0323930954376843,0.8913381079097878,78.47082621650323,-11.529173783496773,11.529173783496773
2900,2.363382516914025,1.5442523707359608,3.7392266704908623,2.4213831504165477,0.6843526700669311,75.95805602404343,-14.04194397595657,14.04194397595657
2901,4.450226168792533,3.997912790980056,5.903330782959364,1.4766031906144232,0.410424370512661,44.39654803211081,-45.60345196788919,45.60345196788919
2902,1.797197976714934,1.1865616950930862,2.946141283124614,2.4829229658332164,0.5808218214639543,61.15900750282008,-28.84099249717992,28.84099249717992
2903,1.6565682076297277,1.383518044605757,2.1339972229297275,1.5424426383523062,0.7599182700352866,-12.79400369978264,77.20599630021736,77.20599630021736
2904,1.432512614476725,1.021882047230089,2.517098478524774,2.4631986493427647,0.5074995872835487,-56.94236740122223,33.057632598777786,33.05763259877777
2905,1.7212740281460053,1.2824003120691685,2.4708530408657814,1.926740829374121,0.6703203228992679,69.43131130521773,-20.568688694782267,20.568688694782267
2906,1.946401361393312,1.6827605030388846,3.3952539319201045,2.0176691369857096,0.297594191166284,-74.70126304001714,15.298736959982875,15.298736959982861
2907,3.0097090655497696,1.9170129551587347,5.850155013782894,3.0517034316539,0.4078537448467796,74.53378433177866,-15.466215668221338,15.466215668221338
2908,1.2850634067342854,1.0967958101846542,1.5683819871501268,1.429967157593424,0.868452594991999,-86.56495436212093,3.435045637879057,3.435045637879071
2909,0.84641062903508,0.8160688729260445,0.929112064584476,1.138521631456315,0.9769711226998964,-59.239188212343706,30.76081178765628,30.760811787656294
2910,3.0971957048803067,1.879319857276627,5.350875126712067,2.847240242789838,0.5043738577326561,-64.55059222737087,25.449407772629115,25.44940777262913
2911,1.3450803768346336,1.1660172419331034,1.7799588499457852,1.52652875612272,0.5937925399954708,58.94762811297372,-31.052371887026283,31.052371887026283
2912,1.4865885952249918,1.1273232871263408,2.5732393796169317,2.2826099744434223,0.4952513142022084,-14.393488257197967,75.60651174280203,75.60651174280203
2913,3.043808823524961,2.371149375549265,4.612701290655332,1.945344033665877,0.4128127185707403,-79.79254205142387,10.20745794857612,10.207457948576135
2914,3.3784619300798826,2.816649304674255,4.430611049945539,1.5730077019502924,0.5954292726927508,-49.53032638001351,40.46967361998648,40.46967361998649
2915,1.546636359756236,1.1697378365751576,2.3314480741636947,1.99313726654331,0.5909792491963116,70.43987935694085,-19.56012064305915,19.56012064305915
2916,4.508507842951806,4.200536502870213,5.100554784141495,1.2142626973140938,0.6254740272685421,-86.30731530482309,3.692684695176922,3.692684695176908
2917,2.787693931488705,1.5736499228802512,5.797652631117142,3.684207362019692,0.3886548283496415,-83.79893874417432,6.201061255825664,6.201061255825678
2918,1.2418151765086958,1.027703635389633,1.8652953139402515,1.8150128594544304,0.6917260965538253,-12.7008584947268,77.2991415052732,77.2991415052732
2919,2.022879685682126,0.9496396221310264,5.116231123330993,5.3875501865117865,0.2991418913904233,-86.82734309642301,3.1726569035769785,3.1726569035769927
2920,2.6006547441227528,2.1973882108648,3.392343186109749,1.5438069474190292,0.4574606548650995,-75.40034819646522,14.599651803534783,14.599651803534783
2921,2.7126353359467745,3.359874493106388,3.958155790947638,1.1780665614351882,0.2199340284556988,1.3835395290970556,-88.61646047090295,88.61646047090295
2922,0.8884066096615684,0.8354619206468193,1.0504519954272455,1.2573307884744522,0.8546982514692113,89.3875226342489,-0.6124773657511042,0.6124773657511042
2923,1.1019327803667114,1.031167557868489,1.2518163668435776,1.2139795877899695,0.8313847100636809,14.060337051150482,-75.93966294884952,75.93966294884952
2924,2.031863651507851,1.4282276291932905,3.1223746261050214,2.1861883654138805,0.6754343309342198,-84.9128563479751,5.087143652024906,5.087143652024906
2925,2.6215812260634586,1.2860462274790865,5.61938985279239,4.369508445903646,0.4668429053079546,-63.40802142448549,26.591978575514503,26.59197857551451
2926,3.423093480480889,3.3191779402004644,4.545151468141413,1.3693605916972638,0.4310124263552874,-0.6681870203467764,89.33181297965322,89.33181297965322
2927,0.7946150283453554,0.5647369538471272,1.269797200193844,2.248475492074093,0.7412979727836311,-81.13271138434611,8.867288615653877,8.86728861565389
2928,1.4451712930335778,1.3559448484456718,2.333146807545399,1.7206797239724758,0.4250117114010106,-25.753356151820007,64.24664384817999,64.24664384817999
2929,3.5774651199960474,2.3951323674029434,6.352060263808562,2.652070653905504,0.4146807578117921,-88.20169831445763,1.7983016855423557,1.79830168554237
2930,1.1557168501373432,0.7313356168646745,2.080467994575084,2.844751365309276,0.5476284460884006,77.09721372599675,-12.902786274003248,12.902786274003248
2931,2.1367269374441915,1.6493263854203264,3.01907286326297,1.8304884284583656,0.7447768152331624,-80.17181717418688,9.828182825813116,9.828182825813116
2932,1.062665489594652,0.9007968450847252,1.339323889809506,1.4868212484509031,0.9185672238193338,41.25204433299067,-48.74795566700933,48.74795566700933
2933,0.9669420905017878,0.6658377741247129,1.4815884421497745,2.225149277686173,0.7929189942656305,-60.73768713232824,29.262312867671767,29.26231286767176
2934,2.946511385519151,1.897278500554752,5.041832414290118,2.6574023860049643,0.5084447413851135,-86.92048542447081,3.079514575529174,3.0795145755291884
2935,1.0278144733504384,0.8926339580455045,1.2610193934239944,1.4126948477123815,0.9312758569241087,30.97189233899909,-59.02810766100091,59.02810766100091
2936,0.9855986414141252,0.9104737797807376,1.2108238828142053,1.329883308782158,0.7942126305187678,18.49133716919637,-71.50866283080363,71.50866283080363
2937,1.398195952804615,1.3069317463784238,1.6372806765290997,1.252766780718343,0.8417837453647823,54.727750151845605,-35.272249848154395,35.272249848154395
2938,3.1631421441599654,2.4772879560744223,4.1885604934128535,1.690784667621022,0.7493367471236247,-89.01851697533603,0.9814830246639872,0.981483024663973
2939,2.609976117175414,1.6532339386092512,4.274801591419759,2.585720926474475,0.6218032033779696,-80.0557976095087,9.944202390491284,9.944202390491299
2940,1.1183396299962336,0.9622295073000288,1.4379935023965027,1.4944392075768342,0.7455972823983374,-67.03766461091898,22.962335389081034,22.96233538908102
2941,3.46715055041203,2.759422812770393,4.793283731327593,1.737060268236042,0.7191210841230115,-87.89671918053577,2.1032808194642314,2.1032808194642314
2942,1.096409273000846,0.8369329273165521,1.5475719068924871,1.849099081158688,0.7018090664886126,84.43619282385582,-5.563807176144181,5.563807176144181
2943,1.824023310076927,1.5834140821810037,3.793804787163462,2.3959650415246108,0.2763508643658398,-52.24070640173527,37.75929359826472,37.75929359826473
2944,1.1609582232861997,1.0400868141317428,1.432412996566817,1.377205226625804,0.7650634149501404,71.33023766723318,-18.669762332766823,18.669762332766823
2945,2.0138556420885823,1.909421325275957,2.711112607675459,1.4198608613966526,0.529640456169148,-87.58426594811394,2.415734051886062,2.415734051886062
2946,1.039561305877423,0.9435100147075356,1.5971683132232355,1.6927942346412903,0.5024184596084352,87.22359716898379,-2.776402831016213,2.776402831016213
2947,0.8746320295080829,0.7722937601019214,1.164146887035207,1.507388699970296,0.8054153688948992,87.39831764963513,-2.601682350364868,2.601682350364868
2948,1.6307115983086335,1.4985920184203128,2.52492575617134,1.6848653436930088,0.4248387106117938,-46.60879133681856,43.39120866318143,43.39120866318144
2949,1.2369164782162358,1.091897977665652,1.512812076840192,1.3854884868221884,0.7765487338217836,-79.04267931627673,10.957320683723253,10.957320683723268
2950,1.0908577979726677,0.778718130182019,1.7038201332456169,2.1879805634515828,0.67834970664593,-13.153122598068173,76.84687740193183,76.84687740193183
2951,1.470161697690137,0.8543758980671872,2.7521368340173518,3.2212248030912107,0.5478934611691006,67.90131282749796,-22.09868717250204,22.09868717250204
2952,2.116743748196358,1.533467931171483,3.046367448664652,1.9865869945760128,0.6657971245125067,-35.2271320631925,54.7728679368075,54.7728679368075
2953,0.9543017810603904,0.8422922928975155,1.2217966583690736,1.450561365302358,0.7332778715905356,-83.57719965521935,6.422800344780654,6.422800344780654
2954,1.2466946262544771,0.9052336062739048,1.8010701061748304,1.9896191366429057,0.8487165828350263,54.18256934086815,-35.81743065913185,35.81743065913185
2955,2.173351160309283,2.115352537261031,2.9410234879617687,1.390323095633894,0.5247057698306372,-82.54750422834248,7.452495771657539,7.452495771657524
2956,0.9606427264386592,0.99124715669401,1.1058918850206032,1.115657056418658,0.7665630234096961,32.159519008221515,-57.840480991778485,57.840480991778485
2957,0.9086770491564996,0.6450917819037959,1.6250083906689383,2.519034401388917,0.5201429408001818,-15.010017776351807,74.9899822236482,74.9899822236482
2958,1.1504515979244476,1.0608255813694354,1.2869212350404933,1.2131317887142086,0.9881062130537848,-80.95042434981109,9.049575650188899,9.049575650188913
2959,1.45354916781555,1.2777833747735787,1.836504335784924,1.437257967228091,0.7911040213266926,-84.18592954742577,5.814070452574242,5.814070452574228
2960,2.0138556420885823,1.0075084579419316,5.955515037932729,5.911131555260829,0.2739797917373865,63.04546264725787,-26.95453735274213,26.95453735274213
2961,1.1816912584570125,1.029478335811149,1.444910849625851,1.403536917061371,0.8397836043661513,-15.930228446718829,74.06977155328117,74.06977155328117
2962,3.597772559109586,2.2083388471772483,6.949511431704107,3.146940715455484,0.4008276465932493,-45.785713839830215,44.21428616016979,44.214286160169785
2963,2.3009031958488952,1.4709626599881116,4.165080269570668,2.831533649946172,0.5120285046191032,-83.99671202812041,6.003287971879587,6.003287971879587
2964,3.677881210188328,2.7868622969287515,6.983228251934509,2.505767242116822,0.3465376899613888,-88.81057475823455,1.1894252417654343,1.1894252417654485
2965,1.6082179472047609,0.8588767646593104,3.774014405790448,4.394127960007721,0.357343124667162,-77.20750646257684,12.792493537423155,12.792493537423155
2966,1.886205091624149,1.2598627209289273,3.421928252356411,2.716111998165436,0.4588132759504846,-7.428550518565018,82.57144948143498,82.57144948143498
2967,2.4041334941401127,1.9375295231405103,3.4456831717602845,1.7783900222460776,0.5246498122987455,-81.90030751094622,8.09969248905378,8.09969248905378
2968,6.028488837489049,4.345956550691694,8.869370913219843,2.0408328545779435,0.4718083333131005,84.78404197199038,-5.215958028009624,5.215958028009624
2969,2.3009031958488952,1.768549639231432,3.598553088813748,2.0347481399377574,0.5383019306098761,9.864082725818836,-80.13591727418117,80.13591727418117
2970,2.971134471424609,2.1699828052104237,4.224455346631084,1.9467690418963657,0.6367066714667301,-85.98343073770147,4.016569262298532,4.016569262298532
2971,0.7791841414090482,0.6566384063004083,1.0824841647400332,1.6485239887793024,0.8185845799172505,68.25802183056226,-21.741978169437743,21.741978169437743
2972,1.585405189396292,0.948385542537856,3.3216004318461576,3.5023735420487725,0.4657028412551175,-71.98032545399481,18.019674546005206,18.01967454600519
2973,0.8097519128234426,0.7000625365975505,0.9809273427989617,1.4011995950625675,1.0871254964294588,75.76876412737919,-14.231235872620815,14.231235872620815
2974,1.2071068813224677,0.7938588170217283,2.1099093059942637,2.6577890939221174,0.5787869450231328,-88.57910717725618,1.4208928227438378,1.4208928227438236
2975,1.2612197138901655,0.8289621872601423,2.0017296059878764,2.4147417539078897,0.7219348846930013,-76.40136066835196,13.59863933164803,13.598639331648045
2976,3.105026806394252,3.821011335515546,4.1599022529024205,1.0886914190065209,0.2218710121199579,35.70603694121416,-54.29396305878584,54.29396305878584
2977,4.387021228724609,2.726662410245462,7.858671984683105,2.8821580387634578,0.3705217368419589,69.59836850015142,-20.401631499848577,20.401631499848577
2978,1.3938469657443524,1.156315899983162,1.7483846472625668,1.5120302741560732,0.7508899268455993,-24.696983418953224,65.30301658104678,65.30301658104678
2979,1.3851080271465486,0.9757421483748988,2.1722135072345963,2.2262167426634423,0.6947707682157308,48.91555267180725,-41.08444732819275,41.08444732819275
2980,2.653805558851462,1.9908566757884407,4.19666679916419,2.107970327649116,0.4156967289715181,-65.65260638474268,24.347393615257317,24.347393615257317
2981,0.8535534614000618,0.7900359486897861,0.993543627251796,1.25759293472596,0.9758802041882906,-66.78791287337334,23.21208712662667,23.212087126626656
2982,5.901259005345527,3.406510292608317,17.319629949285506,5.084273482709517,0.1652743544615634,-76.73370859561358,13.266291404386436,13.266291404386422
2983,2.710396263888844,2.3854724282367687,3.6397574749489,1.5258015275570556,0.5611052781044001,86.23820932037034,-3.761790679629655,3.761790679629655
2984,3.2929173634254973,2.2278251730537484,5.377012077514984,2.413570033480028,0.4980610483688215,-6.762336965868313,83.23766303413169,83.23766303413169
2985,2.6215812260634586,1.7953393899082026,4.492745394447356,2.5024490743653067,0.4349792968044384,68.78388750006998,-21.21611249993002,21.21611249993002
2986,1.0159318257539256,0.7911847953275417,1.4397214239208511,1.8197030989767975,0.725702108087828,-2.5760886446285234,87.42391135537147,87.42391135537147
2987,0.8392070033186643,0.7292025927770803,1.0692795168490845,1.4663682321491232,0.8709054626558997,7.039248492490626,-82.96075150750937,82.96075150750937
2988,3.844150585535962,3.0061465377077408,6.721724984226254,2.235993788031282,0.4348926761821294,62.8590221732871,-27.1409778267129,27.1409778267129
2989,0.9153341128725788,0.7119081247158064,1.440848272788971,2.0239244682930924,0.6186007958886485,-79.88797482665402,10.112025173345984,10.112025173345984
2990,2.162148244667752,1.189933708696099,4.963973161609441,4.171638407528469,0.2732678947467314,79.82254972097117,-10.177450279028832,10.177450279028832
2991,3.953159852698746,3.7956434212029615,5.541732438190922,1.460024513165299,0.3501995469811786,-5.975084380127314,84.02491561987269,84.02491561987269
2992,1.9401528657775409,1.2326727855139612,3.428125835379632,2.781050961509043,0.5671846581284985,-75.41709421624464,14.582905783755365,14.582905783755365
2993,2.572487977782321,2.16541183999004,3.122079540293384,1.4417948044043871,0.8866599374873136,70.51541859794035,-19.484581402059646,19.484581402059646
2994,1.1661760393441107,0.920207008271325,1.6489267676479684,1.791908508440504,0.6611371047648833,-56.48747831744684,33.51252168255314,33.51252168255316
2995,2.173351160309283,1.3951390847087073,3.544679232377992,2.540735379883712,0.6519946744648876,-72.11049704989493,17.889502950105054,17.88950295010507
2996,0.9219431092603804,0.8197233093717655,1.0995384948070754,1.3413532130125223,0.9039365020909166,-40.83745545827463,49.16254454172537,49.16254454172537
2997,3.0537656993932494,1.6775020208524207,7.660983754259997,4.566899866008552,0.2940216688486419,-65.39100745170855,24.60899254829144,24.608992548291454
2998,1.652899170550067,1.179355381980574,2.4022026786443105,2.0368777006046503,0.7041736926005744,68.96649016475692,-21.03350983524308,21.03350983524308
2999,1.062665489594652,0.7641485908233293,1.5612999907448153,2.0431889942538506,0.7977836059031027,73.13999378986685,-16.86000621013315,16.86000621013315
3000,3.641383515742072,2.4047972320938564,5.920333366917232,2.461884639547093,0.583509524904128,84.41871696203374,-5.581283037966259,5.581283037966259
3001,0.8815462242933692,0.6802464139902843,1.2201416808995196,1.7936760206382307,0.7843193535728413,-68.0781465857438,21.92185341425619,21.921853414256205
3002,1.731823303788056,0.8821150229746633,3.921361589868304,4.4454084645840295,0.3618473516426022,-78.55067459063329,11.449325409366708,11.449325409366708
3003,1.7142051110999064,1.254165741753516,2.428792511668463,1.9365801750194829,0.712437438678483,74.41745318841629,-15.582546811583711,15.582546811583711
3004,1.0569367929308613,0.6971159652960464,1.7883609437433452,2.565370803097124,0.6480852375378143,37.19556293654819,-52.80443706345181,52.80443706345181
3005,3.5433607654737886,2.230974741862661,9.880611230489611,4.428831508078931,0.2218228885674711,88.08770255365704,-1.9122974463429614,1.9122974463429614
3006,2.0497134554531327,1.6359958841654438,4.041657923023177,2.4704572683475376,0.3075960096462371,75.68969738788664,-14.310302612113361,14.310302612113361
3007,2.236679259992467,1.6408228547347252,4.735391017173492,2.8859855306800144,0.2759019126632309,85.62375291432244,-4.376247085677562,4.376247085677562
3008,0.9350209696908578,0.7785923002393785,1.33080175247777,1.7092408338338492,0.5882929231370059,-82.09332830818882,7.906671691811198,7.906671691811184
3009,1.0159318257539256,0.7335088300371048,1.4872840798362148,2.0276294148510523,0.7364506956946719,-14.406188599591474,75.59381140040853,75.59381140040853
3010,0.9019708538191776,0.7252007390079312,1.261946302598969,1.7401337791316944,0.6792838626713046,55.3720569874554,-34.6279430125446,34.6279430125446
3011,2.279696262327928,3.1844836239492564,4.100221432772843,1.2875624173215023,0.2136066275079298,-61.79503910854555,28.204960891454448,28.204960891454448
3012,3.25210216241908,1.8041532962003648,6.081975917226864,3.371097084729885,0.5015838459483423,-84.99328976238972,5.006710237610264,5.006710237610278
3013,1.4660262135550917,1.1691087282587471,2.095292240728583,1.7922133246317298,0.6163253485136567,70.23641496776425,-19.763585032235753,19.763585032235753
3014,1.2369164782162358,0.8164924112102864,2.1260138276378377,2.6038378292903523,0.6166822647227242,-47.78267305628586,42.21732694371414,42.21732694371414
3015,0.9978425722559162,0.972632888996496,1.091268191296378,1.121973360804489,0.9439955097503986,-81.40725152842197,8.592748471578034,8.592748471578034
3016,0.9219431092603804,0.7744503775639803,1.398315018472268,1.8055579272498288,0.582718475398108,35.935078129462525,-54.064921870537475,54.064921870537475
3017,1.461879030667795,1.454545614871538,1.6848040010444565,1.158302623045104,0.795922143316613,-13.41671637049065,76.58328362950935,76.58328362950935
3018,2.0615274636937264,1.5441834742735678,2.825949238808229,1.8300605374226293,0.7553119984655224,-75.25640059093439,14.74359940906561,14.74359940906561
3019,1.1816912584570125,1.1361287546122942,1.2924124508614905,1.1375580853972207,0.9577175653198654,60.37583630351949,-29.624163696480508,29.624163696480508
3020,1.039561305877423,0.768061455221252,1.5247802010931109,1.985232028931688,0.801454989936791,-55.1494387381572,34.85056126184281,34.8505612618428
3021,1.7733929789634846,1.2028626210485656,2.8852275876215847,2.398634338729771,0.6167343983927879,-37.16595872784608,52.83404127215391,52.83404127215392
3022,1.2369164782162358,1.5554188896947745,1.9126192603477667,1.2296489858902813,0.3393119250944537,-35.13322772291176,54.866772277088245,54.86677227708824
3023,0.8319410050566239,0.8289050994061169,0.9210605477341516,1.111177321015471,0.9800133050146728,-87.42695587556436,2.5730441244356257,2.57304412443564
3024,5.2338907163980615,2.794627821095087,13.899840065154931,4.973771448288317,0.270004172789293,54.32624118560817,-35.67375881439183,35.67375881439183
3025,0.8676627389239214,0.8545928881540117,1.1135539905533929,1.3030227679038582,0.7609971510686521,43.2585966556026,-46.7414033443974,46.7414033443974
3026,4.996508813792325,3.514025142730084,8.301969039588007,2.3625240863069403,0.3389272227607506,81.46339633451335,-8.536603665486652,8.536603665486652
3027,0.9479184199131095,0.7740416154448594,1.425126357109065,1.8411495308169088,0.7275132383271127,-71.35765531824218,18.642344681757834,18.64234468175782
3028,0.9019708538191776,0.6417008968973041,1.4314115593133037,2.230652265306686,0.7175244806558287,18.50918016443388,-71.49081983556613,71.49081983556613
3029,1.1661760393441107,0.7981813936770751,1.8184898295558112,2.278291430946996,0.6499048607043081,62.79103744227471,-27.208962557725293,27.208962557725293
3030,9.74198323891162,7.384604321716271,14.540433069333186,1.9690199279294376,0.3068971707218001,-62.55686030425111,27.443139695748897,27.44313969574889
3031,1.7870346644469015,1.6296321910952292,3.0488658125470023,1.8708919897427567,0.3756297106733083,84.6383135928114,-5.3616864071886,5.3616864071886
3032,1.021890421280174,0.690269337918075,1.9292429635739297,2.794913315131061,0.4658490198010744,83.10749278015764,-6.892507219842358,6.892507219842358
3033,1.3360224934845466,0.9748382272065612,2.1761198671307675,2.232288195515812,0.5516711506747041,-43.96469125070623,46.03530874929376,46.03530874929377
3034,2.787693931488705,2.3366139235686267,3.660446328088318,1.566560179739856,0.541212945399835,7.1536422633477965,-82.84635773665221,82.84635773665221
3035,2.6400432937821536,1.4985142880903997,6.385119217712601,4.2609665242827575,0.3543745477996153,-80.37237027431014,9.627629725689872,9.627629725689857
3036,3.220208841037319,2.049344676211217,5.923472516271528,2.890422770279284,0.5089144430235475,77.61112180035929,-12.388878199640715,12.388878199640715
3037,1.326902779425731,0.8612520812452763,2.2671286695870854,2.6323636470161738,0.6712264738193678,89.6543340361035,-0.3456659638964936,0.3456659638964936
3038,1.021890421280174,0.7198362209170748,1.5204543382250162,2.112222605703211,0.8176286968266262,36.95994990355695,-53.04005009644305,53.04005009644305
3039,1.0569367929308613,0.9158553220628556,1.281110063539456,1.3988127083805195,0.865601482551996,-66.83185856597831,23.168141434021692,23.168141434021692
3040,0.8172152218636723,0.4655733131668031,1.7246536364465312,3.7043653226503377,0.5262549277426875,73.96575848107024,-16.03424151892976,16.03424151892976
3041,2.9588485422780244,1.825771092222565,5.0143641509989365,2.746436380967564,0.538664994425475,-83.5284001709728,6.471599829027184,6.471599829027198
3042,0.7869374084054097,0.5800396337446249,1.1027409244126554,1.9011475427869835,0.9954888525809792,-86.32136517850367,3.678634821496331,3.678634821496331
3043,0.7791841414090482,0.7218907785407767,0.8642098876427291,1.1971477034096971,1.2472130572149482,-26.55575595035793,63.444244049642066,63.444244049642066
3044,3.612928232583944,2.651762496150449,5.455662952954505,2.0573723932194024,0.4817101317825536,86.1554270996686,-3.8445729003314,3.8445729003314
3045,0.8246109854774907,0.64623745968847,1.2148425233283289,1.8798701701909464,0.8201063749768976,-73.97050022527692,16.029499774723092,16.029499774723078
3046,1.8667925156594296,1.4240475142476452,2.5977543758445294,1.8242048455925144,0.6569754251811208,79.77931701112787,-10.220682988872127,10.220682988872127
3047,0.8746320295080829,0.7668466560298174,1.1903388143046785,1.5522514246425747,0.6855711640868626,-87.11164869704218,2.888351302957801,2.8883513029578154
3048,2.5511588286726434,1.7582648569751422,3.7737508969701534,2.146292625937132,0.7338960815714488,-84.79121832941378,5.208781670586234,5.2087816705862195
3049,4.290468357078531,2.338915276028294,9.789512417963676,4.185492530788554,0.2973113801335324,-41.86611058376454,48.13388941623546,48.13388941623546
3050,1.1504515979244476,0.7721879304472226,1.8914696000738227,2.449493867352153,0.6427313701087046,-45.27100714797155,44.728992852028455,44.72899285202845
3051,3.2164358944095217,2.044194769701428,5.362949035243538,2.6235019846112038,0.4158456114171979,-46.54421638537717,43.45578361462282,43.45578361462283
3052,2.0467492985075517,1.3322833392746236,3.3956789910251723,2.5487663854401927,0.627959219733114,-80.80854447697847,9.191455523021546,9.191455523021531
3053,1.2418151765086958,1.0536241538265692,1.5396788623098885,1.4613169759995135,0.8992323068245591,-8.336276808515365,81.66372319148464,81.66372319148464
3054,1.8602766405761075,1.170837974783628,4.007927554459152,3.423127401722532,0.3606255867114999,-66.1676470257941,23.83235297420589,23.832352974205904
3055,4.511200293381672,4.070330242465572,6.674266228741062,1.639735803033558,0.3014901447806156,82.444404589673,-7.555595410327001,7.555595410327001
3056,1.367462618417021,1.1145301957953948,1.7249215879840043,1.5476669851488394,0.8974334954550307,-80.9481884633219,9.051811536678088,9.051811536678102
3057,1.3938469657443524,1.085789114588443,1.9238648257905524,1.7718586417398126,0.8010083770411591,54.79291312830496,-35.20708687169504,35.20708687169504
3058,3.733585031318859,2.036031371324167,8.758330459885228,4.301667736184783,0.269708338004307,-66.98442407752205,23.01557592247795,23.01557592247795
3059,2.2093683547194614,2.053069249805619,2.5526477367897558,1.24333250670012,0.7720514558899145,86.02107401173416,-3.9789259882658428,3.9789259882658428
3060,1.176542252445381,1.0478929010402929,1.378399809506861,1.3154014194947388,0.9056944227123844,70.1538732175031,-19.846126782496896,19.846126782496896
3061,1.7938166040551036,1.5151306740612482,2.1836139534032126,1.4412050331936856,0.7817270287248042,39.83047243677792,-50.16952756322208,50.16952756322208
3062,0.973200680696656,0.7907323452532379,1.4248096888466208,1.801886184876268,0.6365055573361464,-68.3492742968532,21.650725703146804,21.650725703146804
3063,1.1074287385521373,0.7712998362258672,1.6571502993613905,2.1485163376543377,0.7905224901419483,77.55711380490112,-12.442886195098879,12.442886195098879
3064,5.778584250686716,2.9610833242173387,14.06613498743894,4.750334066048899,0.2266792168430926,-75.85403088614169,14.145969113858314,14.145969113858314
3065,2.125330979189304,1.6802094246596615,2.7926666044047304,1.662094357654496,0.7839993562771579,-65.52249807216705,24.477501927832947,24.477501927832947
3066,1.1128975557056655,1.0021525592193188,1.3497434832794553,1.3468443211190433,0.8491040641515287,-49.87159039717412,40.12840960282588,40.12840960282588
3067,1.039561305877423,0.6559814059799685,2.62905709206808,4.007822581709522,0.3187878353987312,-73.87362762600368,16.126372373996332,16.12637237399632
3068,8.735206795935134,7.141795566538099,24.67051321541544,3.454385243258115,0.1012965087285325,-84.21436361138738,5.785636388612602,5.785636388612616
3069,9.442605956258156,7.085197006161938,24.41441230780008,3.4458339389246437,0.1235877671914399,-69.05444532233031,20.94555467766969,20.94555467766969
3070,1.5108941070107518,1.3359933006519005,1.939177831244112,1.4514876910669283,0.751648934096276,80.2914217618894,-9.708578238110604,9.708578238110604
3071,0.9917395023300404,0.7975492890121998,1.3840664836152945,1.7353993072071094,0.7593604528303484,-47.955499476270376,42.044500523729624,42.044500523729624
3072,1.1504515979244476,0.7835703699798866,2.809942581076152,3.586075595416248,0.333261241752989,-44.1933856104852,45.806614389514806,45.8066143895148
3073,1.021890421280174,0.8268746889488418,1.592931715944323,1.9264487560616053,0.4726345871499601,-48.76807707110808,41.23192292889192,41.23192292889192
3074,0.8952144227026446,0.6212182133448927,1.396092757233248,2.2473467893288483,0.7392984022193406,72.43057007479263,-17.569429925207373,17.569429925207373
3075,1.4660262135550917,0.9213642968027792,2.5018257095203342,2.7153490950342927,0.6478535411096679,-78.10331997182207,11.896680028177911,11.896680028177926
3076,6.682838487722866,3.568026455507072,14.599411196274442,4.091732888846991,0.3107235058166447,83.6490963650061,-6.350903634993898,6.350903634993898
3077,1.6602291363104174,1.4665503242492088,2.00192710584676,1.3650585818605536,0.7749750687835982,82.19255297149539,-7.807447028504612,7.807447028504612
3078,2.314058838770094,1.4064232723854624,4.83030547539737,3.434460713384381,0.4135175073520276,87.35665445995035,-2.6433455400496513,2.6433455400496513
3079,1.039561305877423,0.6793309120571668,2.10544139121804,3.099286892219125,0.5095428128683206,-75.86919816191114,14.130801838088871,14.130801838088857
3080,3.648046620153854,3.210651054173967,4.877025700602649,1.5190145606955114,0.5605240312478792,48.84587338151783,-41.15412661848217,41.15412661848217
3081,6.038551419750828,3.824293280429039,14.129559402966049,3.694685100453615,0.2490085378754847,-83.62666009427274,6.373339905727278,6.3733399057272635
3082,1.4493662838402204,1.0978814531219498,2.0442359269272523,1.861982385360675,0.6768195729126382,88.29104142290177,-1.7089585770982296,1.7089585770982296
3083,1.5622593457610967,0.9545224535027376,2.885630530181872,3.023114353772084,0.5666412864404454,-55.76325303669159,34.236746963308406,34.23674696330841
3084,1.7870346644469015,1.5379256753649464,2.237523739747432,1.4548971875487238,0.8124753643982638,-65.51376890775263,24.48623109224735,24.486231092247365
3085,3.1631421441599654,2.0691058130232003,5.578823404379389,2.696248480510569,0.5265839231957387,86.04460361302715,-3.9553963869728506,3.9553963869728506
3086,1.2944779165271465,0.7357916865191394,2.558172102874545,3.476761357520451,0.5234164648392895,-68.35278323074971,21.647216769250292,21.647216769250292
3087,3.087378895067252,2.8511236001360447,4.470386030461298,1.5679383490242191,0.3070846520783287,-67.33911376983697,22.660886230163044,22.66088623016303
3088,0.9606427264386592,0.8477112963236496,1.1907551445449458,1.4046706109839602,0.8509067870601057,-28.23180867403008,61.76819132596992,61.76819132596992
3089,1.0683634687220958,1.0353422892788504,1.3387728780231944,1.2930727276248837,0.7199089249283891,-59.15795938439915,30.842040615600865,30.84204061560085
3090,7.506904429393775,5.2500011031490335,12.867230604473562,2.4509005525266643,0.4093942082504779,-72.257872859367,17.742127140632988,17.742127140633002
3091,0.8392070033186643,0.5074703805132527,1.9584495228069283,3.859239076822895,0.3536892146626456,56.36066532894648,-33.63933467105352,33.63933467105352
3092,2.2448077395745614,1.9125397198896157,3.5042630601750684,1.832256357205131,0.410373158342696,86.23222558989583,-3.767774410104167,3.767774410104167
3093,1.69282125807016,1.144502935650198,2.63791064049683,2.3048526642688074,0.7277411427825582,88.4301700431666,-1.5698299568334022,1.5698299568334022
3094,1.470161697690137,0.9277149668512404,2.875369316322796,3.099410292023307,0.4648217884342871,-66.5073077742529,23.492692225747106,23.492692225747106
3095,3.089344752569896,1.892667442479646,5.250953422944131,2.774366645238365,0.5122159147168556,-75.83282535909795,14.167174640902033,14.167174640902047
3096,4.002003834802276,1.910555696654124,10.823392239031508,5.6650493141791465,0.2674124072742518,-79.37280330687527,10.627196693124745,10.62719669312473
3097,5.654321939447904,3.653194543924587,11.45008506697526,3.1342664425077555,0.1787355289743491,88.27637365121491,-1.7236263487850891,1.7236263487850891
3098,4.985560881143082,3.8463776236582263,7.151211858502209,1.859206910553106,0.4940475483543113,69.1259002563098,-20.874099743690195,20.874099743690195
3099,2.287671900436189,2.0189549728833485,3.2054424850730694,1.5876740829416576,0.4486147489920655,4.048702236052096,-85.9512977639479,85.9512977639479
3100,1.7142051110999064,1.4339822613440083,2.5115899574755693,1.751479097880588,0.5032077608232619,73.57415325285933,-16.425846747140668,16.425846747140668
3101,3.38564251614032,3.368848356131452,6.111748737400845,1.814195265357431,0.1484182230795403,-87.24084544371831,2.759154556281686,2.759154556281686
3102,0.9917395023300404,0.642884076006908,1.8034354325067872,2.805226478322989,0.5898491922921937,60.045108792019896,-29.954891207980104,29.954891207980104
3103,1.3495865213724043,1.3959050114853038,2.5376297948715725,1.8179100827007015,0.2995429222413431,33.101824317704775,-56.898175682295225,56.898175682295225
3104,0.9414917802541344,0.6433504287103353,1.6418420149135649,2.552018218445603,0.5343674107965464,-86.94058860489768,3.059411395102302,3.059411395102316
3105,1.3630155737347494,0.9744595215005502,3.405400038196603,3.494655204305149,0.2670971547931647,81.90761690653346,-8.092383093466538,8.092383093466538
3106,0.979419278671245,0.9130920559041972,1.194813752669797,1.3085359191813608,0.7695500061273145,-85.75013059648433,4.2498694035156745,4.2498694035156745
3107,1.2803301921000927,0.7192768045913398,2.4497876026369125,3.40590380087228,0.5763842783646442,-87.0188199100644,2.981180089935606,2.981180089935606
3108,0.8676627389239214,0.7184879135182975,1.0782511924953286,1.5007227988225151,1.103451034039464,54.19800308439858,-35.80199691560142,35.80199691560142
3109,2.416727260215493,1.806524777573203,5.560621724737972,3.078076644045724,0.2125265299900248,88.9720623365963,-1.027937663403705,1.027937663403705
3110,7.762175944824095,4.645808848745193,17.13570958948884,3.688423296648785,0.1889178310692289,77.06688981470124,-12.933110185298759,12.933110185298759
3111,2.591299840626382,1.9583125548300333,4.646398600364289,2.3726542470987537,0.3455290228192058,-82.9188805873435,7.081119412656506,7.081119412656506
3112,1.2515550525870838,0.6183618827747982,3.1445316296827475,5.085261102402002,0.3480630312645215,-87.74996686865263,2.2500331313473794,2.250033131347365
3113,1.0099380753567209,0.8745413800377829,1.3220667561627528,1.5117257871841758,0.7052394396993265,-43.65842717862812,46.34157282137187,46.34157282137188
3114,2.45659349235077,1.2007220134668226,5.426989993503906,4.51977221424854,0.4356944739860153,71.707823794234,-18.292176205765998,18.292176205765998
3115,0.9350209696908578,0.4717289729431801,2.7252251759865698,5.777099419998575,0.2976158767006914,70.97273567367239,-19.02726432632761,19.02726432632761
3116,0.8884066096615684,0.522418721305089,1.6860506830436075,3.227393304036984,0.5542261285925922,-56.510059664233374,33.48994033576662,33.489940335766626
3117,0.8746320295080829,0.7430404061502218,1.102668014303578,1.4839946861256557,0.870741729373155,-67.24187560658743,22.758124393412572,22.758124393412572
3118,3.007691157803274,1.495487376900014,7.411675810692136,4.956026995062808,0.3162029484250133,72.56148890021164,-17.438511099788357,17.438511099788357
3119,1.4282681233264556,1.2624564020144244,2.0386774626181365,1.614849795498002,0.4643702120690545,18.57729253372136,-71.42270746627864,71.42270746627864
3120,0.928505064734256,0.7018371098897574,1.5975118019665575,2.276185997371228,0.5389074405121284,2.788429324961915,-87.21157067503809,87.21157067503809
3121,0.8884066096615684,0.5509393337018487,1.7498367684344442,3.176097006320122,0.3968127902941044,87.43022409352777,-2.5697759064722305,2.5697759064722305
3122,1.0337045758596148,0.6938388744968267,1.868766896460718,2.693373007985393,0.5300494736774268,-33.63607333416425,56.36392666583575,56.36392666583575
3123,1.7768132193231367,1.376144301357365,2.361090587526815,1.7157289284255612,0.7943154570887905,-86.19762851095224,3.8023714890477436,3.802371489047758
3124,6.765005770782206,4.274552042258259,16.209829815556134,3.79217042050386,0.2147017406393896,-87.05514300685877,2.9448569931412294,2.9448569931412294
3125,0.8884066096615684,0.7530377534657965,1.1167654347651867,1.4830138723129915,0.9038315137487356,-1.0742867880977134,88.92571321190229,88.92571321190229
3126,3.2164358944095217,2.544991644299716,4.635825201849945,1.821548299474102,0.6560462242462777,3.917336735640117,-86.08266326435988,86.08266326435988
3127,1.326902779425731,0.9063215965001562,2.024678322124257,2.233951314790178,0.6959819195787086,-76.39109007811784,13.608909921882173,13.608909921882159
3128,1.626984252638553,1.1685948637151866,2.5663687205422425,2.1961150097675985,0.5728213365906352,78.10574002175932,-11.894259978240683,11.894259978240683
3129,2.473832956432472,1.7749690905003372,3.692162761602153,2.0801279196143003,0.5933077377106615,76.79753954565219,-13.202460454347815,13.202460454347815
3130,1.461879030667795,1.076949836360843,2.1293370144846206,1.9771923840760623,0.6762584656852682,-62.91009792872985,27.08990207127016,27.089902071270153
3131,1.9181228409342128,1.5748345885057924,2.98878890436554,1.897843066300259,0.5036088356230937,67.57800258502563,-22.42199741497437,22.42199741497437
3132,0.9978425722559162,0.7124118407256133,1.4902191983357702,2.0917945395432174,0.7764354821974994,-15.477387909419113,74.52261209058089,74.52261209058089
3133,2.45659349235077,2.102746604820803,3.0610735197854706,1.4557500712485214,0.7359511111457635,82.63429953922355,-7.365700460776452,7.365700460776452
3134,1.937021059271256,1.5225346230678165,2.6067361738216905,1.7121030512720117,0.7457811567679479,82.7967493799418,-7.203250620058199,7.203250620058199
3135,1.1237553499514827,0.6737544668228832,2.1013567801353346,3.118876213235912,0.626422105255141,-84.9267034926023,5.073296507397686,5.0732965073977
3136,3.089344752569896,1.7286666672331992,8.434353198421778,4.879109060349559,0.1380191599242096,-81.25725573413374,8.742744265866264,8.742744265866264
3137,0.8606370140730026,0.578269776023189,1.3851165787293522,2.395277491856687,0.7172271458781956,49.13154186572489,-40.86845813427511,40.86845813427511
3138,1.0099380753567209,0.8941835434902901,1.328922854933054,1.4861857664544291,0.6895380699201821,15.001561323899512,-74.99843867610049,74.99843867610049
3139,2.110999521193558,1.3179065485770447,3.9292449978126567,2.9814291476547385,0.4700558157086374,-42.76606898731528,47.23393101268471,47.23393101268472
3140,1.8797565083329089,1.6322242576670765,3.1179068467533195,1.9102196478869369,0.3899118048245071,-49.07393297702351,40.9260670229765,40.92606702297649
3141,2.954741880281906,1.885901432411129,5.334237067757554,2.8284813702791034,0.5109047855559922,85.54966859478544,-4.4503314052145555,4.4503314052145555
3142,1.4409640896579887,1.3118796803041,1.6837712445582365,1.2834799332877314,0.77746429682106,61.51543280419085,-28.48456719580915,28.48456719580915
3143,0.9479184199131095,0.6274252855697974,1.8584312419668252,2.961996088951193,0.4764417609369,22.98514835396654,-67.01485164603346,67.01485164603346
3144,3.3999581931683647,2.489268248153667,4.951081341881463,1.9889705922829992,0.5658950836495183,89.33983473127981,-0.660165268720192,0.660165268720192
3145,1.4409640896579887,1.1765218278391971,1.8832097153549523,1.600658543508419,0.7440646126927342,-46.37192264885125,43.62807735114876,43.62807735114875
3146,1.2121260584033826,0.7916691349388099,2.112727406509117,2.6686999824395268,0.6061738826242002,84.21870442057529,-5.781295579424707,5.781295579424707
3147,1.1970053909181526,1.0388637633780655,1.5679005308622656,1.509245568219585,0.6328655017459106,-42.82137198028147,47.17862801971853,47.17862801971853
3148,1.2850634067342854,1.1163862718808557,1.5556229313714671,1.3934450562085452,0.8496562264984401,-68.01363282684744,21.98636717315256,21.98636717315256
3149,1.7212740281460053,1.0538034398806189,2.9493367988668298,2.798754195754901,0.6620329629522153,61.55898197235101,-28.441018027648987,28.441018027648987
3150,1.062665489594652,0.9311002120368808,1.3364586178183293,1.435354219171193,0.7679640883301095,-26.347526006152744,63.65247399384725,63.65247399384725
3151,1.0511768765181757,0.9993425936824524,1.453666015294525,1.4546222931797073,0.5668503880896377,78.39610235285737,-11.603897647142631,11.603897647142631
3152,2.672044986969093,2.299061445600586,3.234429854188675,1.4068479380479288,0.7229968893155923,-85.9185272867692,4.081472713230795,4.081472713230795
3153,1.4906670352488116,1.198587096799936,2.105345024484813,1.7565223504456182,0.5903138924844806,-72.9409296501095,17.059070349890504,17.059070349890504
3154,2.8458894103284416,1.4231680863472975,7.598852795051715,5.339392351436805,0.2717459144568911,85.29207642680034,-4.707923573199665,4.707923573199665
3155,0.9669420905017878,0.6412735994166112,2.391658700116202,3.729544927924644,0.3485464607218171,-58.43717610900351,31.562823890996498,31.56282389099649
3156,1.0159318257539256,0.8580937162537458,1.294695254093828,1.5088040263786004,0.8908386597007598,67.65748943407252,-22.342510565927483,22.342510565927483
3157,1.526882849696625,0.7692849503354425,3.818900173906167,4.964220569037463,0.3658948086029411,-79.73392766276633,10.266072337233652,10.266072337233666
3158,1.1970053909181526,1.0517044618697935,1.3927899387221887,1.324316848714314,1.025919627455723,-14.571297653325065,75.42870234667494,75.42870234667494
3159,2.505534425456872,1.9751412255479133,4.016074212239305,2.033309902245206,0.4451969271281766,53.72652255197907,-36.27347744802093,36.27347744802093
3160,2.0585803178499065,1.165231038026487,5.630337305943032,4.831949306361549,0.2452102567567022,84.91152332599412,-5.088476674005875,5.088476674005875
3161,1.376313601551939,1.2205764728237922,1.631044623197936,1.3362904000799962,0.90456361699741,23.87939320898585,-66.12060679101415,66.12060679101415
3162,4.134818303438459,3.4919337622716684,6.1135956244727785,1.750776515444438,0.4494994691660735,-49.59152579208239,40.40847420791761,40.40847420791761
3163,0.9479184199131095,0.979513365175704,1.0376071006749368,1.0593087726667334,0.8021551409317756,-61.1326687868431,28.867331213156888,28.867331213156902
3164,1.139848131163964,0.8526490411694794,1.7359726019843296,2.0359755516798543,0.5977308974974392,6.591825308430215,-83.40817469156978,83.40817469156978
3165,3.624672167724057,2.197377373948921,6.913455019105726,3.146230183794744,0.4431567147365303,-70.73070452503316,19.26929547496684,19.26929547496684
3166,0.8884066096615684,0.772162602665679,1.0717865106696696,1.3880321411184915,0.9946999214704124,16.047156142237746,-73.95284385776225,73.95284385776225
3167,2.748212401219845,2.3241479255686714,3.967579641909718,1.7071114958996991,0.4912098333315925,27.482553937997384,-62.51744606200262,62.51744606200262
3168,1.889421129921366,1.3865885908215394,2.845252215025209,2.0519801142597216,0.5663697443604775,36.48750626945323,-53.51249373054677,53.51249373054677
3169,0.973200680696656,0.889098190550958,1.1255811440120478,1.2659806936673053,1.020745260568742,58.03433461785104,-31.965665382148963,31.965665382148963
3170,1.2071068813224677,0.9670307229357316,1.5672782671908556,1.6207119691429042,0.7993030282958483,59.18742386980589,-30.81257613019411,30.81257613019411
3171,2.181715595945335,1.6499377620829103,3.3772553692952783,2.046898644850562,0.5978366742255481,-4.902021747938382,85.09797825206162,85.09797825206162
3172,1.593045740590529,1.1494900577964329,2.654278749182508,2.3090923937791583,0.5422818055598072,60.02710828425449,-29.97289171574551,29.97289171574551
3173,2.8966373505164182,1.885268387847652,6.215550493804533,3.296904851250712,0.3202705195486027,81.04402911290397,-8.95597088709603,8.95597088709603
3174,0.928505064734256,0.8375302801322683,1.1238461380974685,1.3418573211705054,0.890678120556842,54.29755625646023,-35.70244374353977,35.70244374353977
3175,0.9479184199131095,0.905999941218664,1.046197173754238,1.1547430923085868,1.0105401777971148,43.462180485546455,-46.537819514453545,46.537819514453545
3176,0.9855986414141252,0.881964599154546,1.2688530000303349,1.4386665873513078,0.6620050895913705,68.22383754700493,-21.776162452995067,21.776162452995067
3177,3.9868043729944223,2.054736300445508,8.583364277371956,4.177355641943403,0.4126817201225189,-84.6983245900109,5.301675409989116,5.301675409989102
3178,1.1128975557056655,0.8979137484481318,1.8765709015054917,2.089923341466569,0.4748853525318298,69.03596450128633,-20.96403549871367,20.96403549871367
3179,1.096409273000846,0.7072898619322605,1.8421210769335576,2.6044782713285715,0.5867100319190406,89.94049426609745,-0.059505733902554425,0.059505733902554425
3180,2.6652198289847053,2.0275371112576117,4.574370080096404,2.2561215055930988,0.3577622990592701,85.1061613403977,-4.893838659602295,4.893838659602295
3181,3.8803057315550817,3.4197665789930087,6.867960172561159,2.008312559912645,0.3100598757003432,-34.829962317488885,55.17003768251112,55.170037682511115
3182,1.7870346644469015,0.9213347139813164,3.99824379134487,4.3396213457186095,0.3759583017517094,65.92349899628574,-24.076501003714256,24.076501003714256
3183,0.8392070033186643,0.593923994208146,1.2907497906202905,2.1732575265648144,0.7968184818591971,80.77188721497308,-9.228112785026923,9.228112785026923
3184,0.8952144227026446,0.9001558870279569,1.7246032488712637,1.915893984280193,0.2893215897925384,27.56804257168124,-62.43195742831876,62.43195742831876
3185,0.973200680696656,0.9028467440099504,1.1046950224690844,1.2235687062043714,0.9451153804600162,-60.001097971031584,29.998902028968416,29.998902028968416
3186,3.067651032379989,2.1665594939158126,5.345682417668924,2.467360085278436,0.46639279072808,78.13014052042517,-11.869859479574828,11.869859479574828
3187,1.3630155737347494,1.2388873010498225,1.5674408766629793,1.2652005354601208,0.833339313171144,2.5027837363163843,-87.49721626368361,87.49721626368361
3188,3.037819033220216,1.8778829018187109,5.295239676610245,2.819792262596277,0.5419276510531627,-89.56348506996063,0.4365149300393796,0.43651493003936537
3189,0.771352946256698,0.7214084913377826,0.8861087522807815,1.2283037459644786,1.0296049212912637,88.45890958773593,-1.5410904122640687,1.5410904122640687
3190,1.2515550525870838,0.8526487398328522,2.23234276412802,2.618127090137533,0.5192728222335566,-68.18250183599757,21.817498164002416,21.81749816400243
3191,0.9978425722559162,1.0141407454519202,1.085001147952511,1.0698723553100256,0.7725709876896365,-85.09854870525295,4.901451294747062,4.901451294747048
3192,3.231501250354348,2.2382227090115885,5.028414473448589,2.246610425853987,0.5152965404102289,64.7452785502685,-25.254721449731505,25.254721449731505
3193,0.9414917802541344,0.7826489585860472,1.317632868303397,1.6835553843754745,0.592950691568819,-68.33639303408981,21.66360696591019,21.66360696591019
3194,0.9219431092603804,0.6954827012782772,1.4314122441178987,2.058156502652049,0.6314730412148345,-79.65920583475494,10.340794165245057,10.340794165245057
3195,3.536500428418061,3.643340923878835,4.036638515674732,1.1079497088011128,0.5777151236111484,-29.33998750257132,60.66001249742868,60.66001249742868
3196,1.062665489594652,0.7956082917261367,1.5105101149176414,1.89856004597497,0.7073175741335445,54.41640412113537,-35.58359587886463,35.58359587886463
3197,1.1661760393441107,0.736064677653522,2.33473542990127,3.17191613832646,0.4245509543877551,-89.37144910909268,0.6285508909073201,0.6285508909073201
3198,1.4493662838402204,1.3723990896727185,1.8252398263554144,1.329962865824027,0.6057198781631576,43.651122503817255,-46.348877496182745,46.348877496182745
3199,1.0796692170979234,0.7118101333100283,1.7205897766832765,2.417203262732809,0.8379493442106519,-87.12462273351917,2.8753772664808253,2.8753772664808253
3200,1.5308539431383232,0.9514026720261484,2.670680746926223,2.8070982197670578,0.5506171222379087,12.19435038593781,-77.80564961406219,77.80564961406219
3201,2.35566322840967,1.1562028985780877,5.19685218006904,4.494757958538411,0.4460613290731846,77.60276959584237,-12.397230404157625,12.397230404157625
3202,0.8246109854774907,0.7455726810511621,1.0345600491046378,1.3876045560656012,0.7983208937669873,-88.0801655421709,1.9198344578290971,1.9198344578290971
3203,1.270810876469873,1.1134204393599725,1.547882658024717,1.3902049965190928,0.7907458512484693,4.339022170052849,-85.66097782994716,85.66097782994716
3204,1.9956851445118324,1.3112218830460631,3.1755608043331898,2.421833288013873,0.6881633947972322,74.65340370619488,-15.34659629380512,15.34659629380512
3205,0.9978425722559162,0.9370504593776716,1.117958407692813,1.1930610529077472,0.9458841012135388,-76.6048604434499,13.395139556550106,13.395139556550106
3206,4.500420826857322,2.826959407870906,7.399743481717989,2.61756269337133,0.5289199085803181,-73.26801731922617,16.731982680773825,16.731982680773825
3207,1.0099380753567209,0.8414062990228425,1.2853775936636722,1.5276538756085267,0.9190103090443996,-81.16865724060548,8.831342759394516,8.831342759394516
3208,1.376313601551939,1.258008000784558,1.6396465980346318,1.3033673847956964,0.6773581283245224,3.9576615751641255,-86.04233842483588,86.04233842483588
3209,1.039561305877423,1.0345860901035877,1.3571463775380692,1.3117771353393948,0.6220820529424367,-82.80560713792546,7.194392862074551,7.194392862074537
3210,1.2221025728266244,0.8940397024993817,1.904345969843304,2.130046310605116,0.569756959154299,-36.837423241982265,53.162576758017735,53.162576758017735
3211,2.466459369371006,1.5663707089532533,4.0095747162495465,2.5597865775522544,0.660525986040989,-88.17185365788148,1.8281463421185151,1.8281463421185151
3212,1.1557168501373432,0.8269698789412914,1.7518696618602156,2.1184201583049256,0.6114949090597618,-20.502555706687986,69.49744429331201,69.49744429331201
3213,1.0039085404212729,0.6342376464667699,1.6874598136203618,2.66061124409898,0.7260452723277793,-78.73470088030903,11.265299119690951,11.265299119690965
3214,1.7388205981619584,0.9898998750131488,4.6273191620993614,4.674532524855502,0.2631224299875847,23.404075573281368,-66.59592442671862,66.59592442671862
3215,0.8746320295080829,0.4460362043882233,2.3869080384136216,5.35137734320798,0.3117896516339561,-55.09478154585727,34.90521845414273,34.90521845414273
3216,1.5348147620304609,1.33438279983284,2.443965365154151,1.831532424923575,0.4596494592566933,56.53848283218271,-33.46151716781729,33.46151716781729
3217,2.3608122252162294,1.943438650214799,3.4329686742234222,1.7664404656375403,0.647547761934072,-37.214720942965066,52.78527905703493,52.785279057034934
3218,3.255833778290868,1.9154971733818649,5.738620005341753,2.9958906152860854,0.5389174639746495,-78.93278932468752,11.06721067531248,11.06721067531248
3219,0.8815462242933692,0.5048313535332216,1.870391098822881,3.704982041492389,0.4743298250795317,-80.56620573573477,9.43379426426523,9.43379426426523
3220,0.8746320295080829,0.7029341096563609,1.2190510223922957,1.734232278169351,0.7366361470553032,-0.8861467366889136,89.11385326331109,89.11385326331109
3221,1.2850634067342854,0.9248678172436688,1.881668376615263,2.034526817273297,0.7471721115981477,-79.00551635514418,10.99448364485582,10.99448364485582
3222,4.819617667129374,2.739114785252597,9.95943545042975,3.6360051444544728,0.3587885394268409,79.462121645547,-10.537878354453,10.537878354453
3223,0.8246109854774907,0.7556549951776688,0.966901704353732,1.2795544402196335,0.969334681271217,-69.04198506520085,20.958014934799166,20.958014934799152
3224,0.8884066096615684,0.6624117935030038,1.318621708297548,1.990637427097029,0.8510604208439377,22.95812005273822,-67.04187994726178,67.04187994726178
3225,0.8392070033186643,0.7995272131964501,1.0988585164821585,1.374385384693792,0.6199455546083907,-79.44496078067465,10.555039219325351,10.555039219325351
3226,2.139566442932797,2.1869164022195573,2.439496713391254,1.1154960980288715,0.5345791952781538,60.96996588447525,-29.03003411552475,29.03003411552475
3227,1.2221025728266244,1.217848392076608,1.2869434299718965,1.0567353361426794,0.8671597084595125,27.639119163698822,-62.36088083630118,62.36088083630118
3228,3.587633208110207,2.4366373990540624,5.576061536939266,2.2884248346118192,0.5989031153498005,80.294639907951,-9.705360092049006,9.705360092049006
3229,0.9606427264386592,0.7122602752273894,1.405395193514016,1.9731483593765533,0.6813573983701056,-52.73749202454928,37.26250797545072,37.26250797545072
3230,3.498528118032332,2.7223249169384403,5.012339154310319,1.8411979860020735,0.4545109753092899,-63.18658972122296,26.81341027877704,26.81341027877704
3231,4.143618919929353,4.143173069485658,4.931791301259273,1.1903416098115147,0.3172397012454223,-56.005934014956864,33.994065985043136,33.994065985043136
3232,1.2755794143363215,1.333058806245005,1.454302696906563,1.090951644513779,0.6435857287702454,-32.563576578452015,57.436423421547985,57.436423421547985
3233,2.505534425456872,1.5590640104684887,4.294007466210478,2.754221402955839,0.5450022762944224,79.20364071891458,-10.796359281085415,10.796359281085415
3234,5.565578747616065,5.419724124020573,8.435816301747385,1.5565028973263222,0.1864566731100054,-81.50456509729479,8.495434902705199,8.495434902705213
3235,1.1345092346885122,0.8253610612446604,1.766113885069858,2.139807616325544,0.6804360744736824,40.6934907346614,-49.3065092653386,49.3065092653386
3236,0.8746320295080829,0.6741775142049475,1.6559238300494896,2.456213378760204,0.5385750077788934,48.47209589173327,-41.52790410826673,41.52790410826673
3237,2.1872741160266225,2.183844202505424,2.575720905238289,1.179443525450801,0.5249579450131608,-72.77948220440452,17.22051779559547,17.220517795595484
3238,0.8952144227026446,0.6056410114070298,1.3900398801237055,2.295154809437945,0.8500470631615975,-84.09647892468911,5.903521075310891,5.903521075310891
3239,0.7946150283453554,0.7313752806581901,0.8991722333937713,1.2294266119912811,1.0845554171049725,-13.75818484010414,76.24181515989586,76.24181515989586
3240,1.514907113035081,1.0715287734530117,2.237947866720383,2.0885560165674084,0.7733391051755697,-75.7077643913895,14.292235608610497,14.292235608610497
3241,2.9154400983602766,2.404282657630925,3.943186654005286,1.640067835406145,0.504472702016711,65.47737133016129,-24.52262866983871,24.52262866983871
3242,0.928505064734256,0.7275376516013358,1.355282284096911,1.8628345641134687,0.7644177912033645,34.76637872718565,-55.23362127281435,55.23362127281435
3243,0.9086770491564996,0.6124918859573055,1.5498647991276964,2.5304250303745763,0.7321184479130816,68.98406822240615,-21.01593177759385,21.01593177759385
3244,2.1480624384075764,1.680619044095308,3.075619305422756,1.830051442192474,0.6098247837264135,20.336315168956503,-69.6636848310435,69.6636848310435
3245,2.436741906412006,1.6308143684630787,3.916872908945743,2.401789550479068,0.5467440780736866,75.72715738917827,-14.272842610821726,14.272842610821726
3246,2.5772038167136704,1.169893870095256,5.986476341681577,5.117110615507492,0.3775269535823571,-82.77707300957584,7.222926990424156,7.222926990424156
3247,1.2991595879263365,1.0329592513768553,1.704314663130928,1.649934071319084,0.9178121114386516,-31.89267285076164,58.10732714923836,58.10732714923836
3248,2.8437552597393285,2.3037263832885624,4.416232002066322,1.916995019070869,0.3880352065660842,-87.46502106506594,2.5349789349340597,2.5349789349340597
3249,1.085277926096956,0.6170549659020572,2.1023717006975957,3.407106038963953,0.5420510403146187,88.84304588152467,-1.1569541184753263,1.1569541184753263
3250,1.0908577979726677,0.9474927703642836,1.3158834766056668,1.3888058228663294,0.994031085201342,59.31930157450556,-30.68069842549444,30.68069842549444
3251,1.7699661294252256,1.3922967327528968,3.326235004264129,2.389027371835732,0.4211667808017166,42.16297929251945,-47.83702070748055,47.83702070748055
3252,1.062665489594652,0.6680922008661822,2.00473691377796,3.000688993493438,0.5535293890827213,87.24788541126206,-2.752114588737939,2.752114588737939
3253,0.9219431092603804,0.8339314366662832,1.082318857836824,1.2978511304999991,0.9497074207530974,46.3406004246136,-43.6593995753864,43.6593995753864
3254,1.9307422062542177,1.075069898500958,3.7464569156621343,3.484849609207801,0.4860168476541411,-65.35972192201336,24.640278077986636,24.640278077986636
3255,1.2020667470700563,1.1865359772732438,1.3939119556729778,1.1747742861335742,0.58797879736517,-55.13299859069759,34.86700140930242,34.86700140930241
3256,1.171370613113025,1.047644596157863,1.4106490405928618,1.346495792338626,0.8884769805534386,41.02902398849212,-48.97097601150788,48.97097601150788
3257,1.1451621372724683,0.9072140845542336,1.6066888606181955,1.7710140174991376,0.7093428644047607,-22.426003426839166,67.57399657316083,67.57399657316083
3258,2.076200442198639,1.3709927911463666,3.235363468091472,2.3598690591116798,0.6743135970823783,-84.7802218439409,5.219778156059107,5.219778156059107
3259,0.9978425722559162,0.9466123105183154,1.0844538931368986,1.1456156666112955,1.130270558021511,-5.812535783635903,84.18746421636409,84.18746421636409
3260,1.4660262135550917,1.048703791645243,2.10409653242896,2.0063783016632177,0.8389524501347791,-73.23339981592117,16.76660018407881,16.766600184078825
3261,4.242083418941719,3.540088101370153,5.54936828577478,1.5675791468655698,0.6078526930923889,-82.28559756975218,7.714402430247816,7.714402430247816
3262,0.8676627389239214,0.7343249223106497,1.0980119962214552,1.4952672350632148,0.948790694325624,63.0513251351458,-26.948674864854198,26.948674864854198
3263,5.852705152108871,4.347944789276624,11.118819565420903,2.557258682962891,0.2800183004998573,-69.45735713811483,20.542642861885156,20.54264286188517
3264,1.5108941070107518,1.1294715192262483,2.7846345621385016,2.4654314117155725,0.4279586177535262,7.154527760385351,-82.84547223961465,82.84547223961465
3265,2.584261439649037,1.4803449716184267,4.709786035117937,3.181546278344052,0.5627768986931097,68.52519418430522,-21.47480581569478,21.47480581569478
3266,1.0039085404212729,0.8422701318692728,1.2562582750126068,1.4915146904527636,0.8983947593948982,81.7819003335109,-8.218099666489096,8.218099666489096
3267,0.9855986414141252,0.8702573708400324,1.1934076603188628,1.3713272651364083,0.8505764830205285,-0.8973546248675542,89.10264537513244,89.10264537513244
3268,0.9086770491564996,0.7240242241956322,1.1780545104919569,1.627092673315921,0.99584345532909,-72.66370817240436,17.33629182759563,17.336291827595645
3269,1.474285581520627,1.0176419444121052,2.3367904261984784,2.2962795893288863,0.6921843216299356,68.61183129978896,-21.38816870021104,21.38816870021104
3270,1.1237553499514827,0.95674763838683,1.5706997225927708,1.641707446742303,0.7104791911508739,-64.61899287487935,25.381007125120647,25.381007125120647
3271,4.089046721204249,3.052836116808954,7.874523228627583,2.579412365200464,0.2709539656585876,88.77108762910973,-1.2289123708902707,1.2289123708902707
3272,2.31930020185808,1.658021770337971,3.589867207753008,2.16515082731468,0.6386652652641146,59.24490339648568,-30.755096603514318,30.755096603514318
3273,2.781152599208744,1.952092054301054,5.917993688804844,3.031616094008323,0.2811505546981339,-56.52928075496692,33.47071924503308,33.47071924503308
3274,1.2221025728266244,1.0792444406244206,1.4384833683058282,1.3328615039921463,0.9197148397725248,16.526772413221924,-73.47322758677808,73.47322758677808
3275,1.2563966762852905,0.8348724260081248,1.9791592373157176,2.3706127734735567,0.7546132848912108,67.57338547677021,-22.426614523229787,22.426614523229787
3276,0.9917395023300404,0.9506719968114814,1.1498953742092657,1.20956058247847,0.801165082326711,-3.82278197961851,86.17721802038149,86.17721802038149
3277,0.8606370140730026,0.6969841169326247,1.1239120049577105,1.6125360358338776,0.9856803656597132,-0.994549662392023,89.00545033760798,89.00545033760798
3278,2.579558503195455,2.208639566595493,3.860871814140539,1.748076903327363,0.4431066901548122,-6.533635058118052,83.46636494188195,83.46636494188195
3279,0.7869374084054097,0.4127362913412731,1.9017585101779768,4.607684252813857,0.4374942354952499,87.72023371689896,-2.27976628310104,2.27976628310104
3280,2.6583771480434937,2.683508647863261,4.331220380263595,1.614013945404022,0.2282176089594336,-81.89090862346795,8.109091376532035,8.10909137653205
3281,0.8952144227026446,0.6362489430603943,1.3497902120455467,2.121481264162071,0.8134460600902068,12.76692811944987,-77.23307188055013,77.23307188055013
3282,4.604444286091383,3.615294940177877,10.51758021335086,2.909190090265052,0.1922507139987385,-69.34735787434664,20.652642125653358,20.652642125653358
3283,1.0039085404212729,0.6170059486899514,2.06538834312072,3.347436677889451,0.5278437031383545,70.673156708432,-19.326843291567997,19.326843291567997
3284,4.349494934026222,3.918663117120096,5.220360266270987,1.332178886075702,0.6138236094669927,-76.87618336504099,13.123816634959013,13.123816634959013
3285,2.090770448616529,1.5264743811987238,3.028494164969281,1.983979686964047,0.6660877660015405,-85.62720972961928,4.372790270380733,4.372790270380719
3286,6.835536935907044,4.688311270133558,15.505988983150951,3.307371906368586,0.1911729266454412,62.93925985785254,-27.06074014214746,27.06074014214746
3287,3.5227396741748302,1.731423372764494,7.8861067257442174,4.554695777932574,0.3830375740102152,-87.02302681454738,2.976973185452607,2.9769731854526214
3288,1.8667925156594296,1.3217456021613396,2.74212689502087,2.074625321648054,0.6779845327551658,-79.32376738776763,10.676232612232354,10.676232612232369
3289,2.942387504722152,2.270301590461532,5.147517123519528,2.2673274533860868,0.3241880368749889,-70.51425327209438,19.48574672790562,19.48574672790562
3290,5.463186693967191,3.0760112082629925,15.466127584853806,5.027981544185415,0.127218659736284,68.40467585317731,-21.59532414682269,21.59532414682269
3291,4.3689932479305,2.9990246493014374,6.665959471702839,2.222709130868778,0.5861475355009186,-75.77765340450225,14.222346595497754,14.222346595497754
3292,1.6964039525710572,1.3932278861094411,2.1593412747611858,1.5498837600725175,0.726108151549857,73.04907596670903,-16.950924033290974,16.950924033290974
3293,1.4240109808516253,0.938901684505301,2.265220287328309,2.4126277806412006,0.6863890060895587,78.7653877875768,-11.234612212423201,11.234612212423201
3294,2.6469333706418685,1.7527117471216338,4.092681698640424,2.335056922715086,0.6993626434243825,-68.96400219155592,21.03599780844408,21.03599780844408
3295,1.0337045758596148,0.6315731455804228,1.9582373988035264,3.100571030460588,0.5252776522621813,75.13668869785994,-14.863311302140062,14.863311302140062
3296,2.3245297467203696,1.4522688444531373,4.319709823365739,2.9744560312401096,0.4003345826773994,-75.97526959402808,14.024730405971923,14.024730405971923
3297,1.4451712930335778,1.2958835090118086,1.718514648058303,1.326133588480323,0.7060965130255235,-70.92354292133813,19.07645707866186,19.076457078661875
3298,2.5511588286726434,1.994184311872952,3.716872992939861,1.8638562999469932,0.5645142154635217,-71.71714898873277,18.282851011267212,18.282851011267226
3299,4.489615479149123,2.241904747242568,9.67380710055164,4.31499469923954,0.4104933152488981,84.61749837213719,-5.382501627862808,5.382501627862808
3300,1.1128975557056655,0.8903930829579321,1.554236924351578,1.7455626667587332,0.820892075535593,-61.59227284982981,28.40772715017019,28.40772715017019
3301,11.998423807570813,10.290690407187997,28.609363467803384,2.7801208991594857,0.1048667499396975,60.66725667828632,-29.33274332171368,29.33274332171368
3302,1.8667925156594296,1.305897097905648,2.768284446528152,2.119833523612105,0.7228561191169298,-89.3133773396398,0.6866226603602001,0.6866226603602001
3303,0.8952144227026446,0.5728041704160833,1.505961893886597,2.629104276235752,0.7313290044817233,79.60039582114533,-10.399604178854673,10.399604178854673
3304,4.140687459413903,2.321310945505472,8.233015608990108,3.546709511248759,0.4540615235593963,87.68804177004415,-2.3119582299558488,2.3119582299558488
3305,1.2466946262544771,1.0693322744093483,1.637638040570949,1.531458537034719,0.6297476344905651,-87.78829016796878,2.211709832031204,2.211709832031218
3306,2.6123012633979483,1.4771863278584727,5.004106607767553,3.387593368144814,0.5273504322757736,-88.05177632480063,1.9482236751993582,1.9482236751993725
3307,2.776783150164344,2.5005520142486035,3.532663382619465,1.412753409043164,0.5542990777890986,85.60647989211051,-4.393520107889486,4.393520107889486
3308,1.0337045758596148,0.807565997980258,1.8050841466514744,2.2352156370699525,0.5174218319866998,-75.03621782351483,14.963782176485154,14.963782176485168
3309,1.270810876469873,1.1475730155545447,1.4478742820384998,1.2616837991252694,0.9544053101370444,-5.29518110056323,84.70481889943677,84.70481889943677
3310,0.8815462242933692,0.6134257450587854,1.5598832888901506,2.542904828261919,0.635655936995065,-88.6131284486219,1.386871551378107,1.386871551378107
3311,2.938257836013735,3.6314610305604815,4.374059632240693,1.2044903126953277,0.2823394158258578,75.33149519583105,-14.668504804168947,14.668504804168947
3312,2.411697645481238,2.080746346311258,4.701071363726733,2.259319773436479,0.244948547111528,-83.71690278598288,6.283097214017118,6.283097214017118
3313,0.8535534614000618,0.5828108702509314,1.4639930171238833,2.5119521475183806,0.5492684954398717,88.69077066250972,-1.3092293374902795,1.3092293374902795
3314,3.043808823524961,1.732427705031523,5.88204757160926,3.395262933354111,0.3638083125583983,89.29320804605278,-0.7067919539472172,0.7067919539472172
3315,1.927595110101428,1.3743021066114611,2.8264389590614907,2.056635833900074,0.7097876804796487,86.25367817120613,-3.7463218287938673,3.7463218287938673
3316,2.507956402267385,1.7845751373006726,3.761344173026014,2.107697285705425,0.6483161551676881,59.99404571924664,-30.005954280753357,30.005954280753357
3317,6.472389582635732,5.516575104882604,10.736384146490485,1.946204654585041,0.2572830052344697,-75.01900010517227,14.980999894827733,14.980999894827733
3318,1.2171245375823248,1.2165369135010606,1.3232783821756622,1.0877420713584525,0.8299212263345721,-76.50430277532152,13.49569722467848,13.49569722467848
3319,0.8676627389239214,0.7185624720906975,1.249216180231313,1.7384934904778,0.7917721197208144,-3.098899625053729,86.90110037494627,86.90110037494627
3320,4.260648424134327,3.6870333858330335,8.103683267570725,2.197887141111366,0.2463280010482522,-61.76247321320633,28.237526786793666,28.237526786793673
3321,3.477641196323917,2.491641076679717,5.80175924384851,2.328489162483929,0.4828857901296902,86.41480281195255,-3.585197188047445,3.585197188047445
3322,2.079122611754846,1.013214713223834,5.112956196227191,5.046271169867689,0.3564120879573877,-83.65603364043692,6.343966359563069,6.343966359563083
3323,1.5583682828180965,0.983085086576616,3.3506882314435797,3.40834000758941,0.369976925684267,-79.70060122977492,10.299398770225082,10.299398770225082
3324,1.0796692170979234,0.8265036251003763,1.559491141033296,1.8868533587422565,0.6979711528915011,64.68464249314441,-25.31535750685559,25.31535750685559
3325,1.3630155737347494,1.2567721519049464,1.6387649390736194,1.3039475266775042,0.7911206011195323,68.33052165568415,-21.66947834431585,21.66947834431585
3326,1.717743205908703,1.114917475892316,2.741526260571905,2.458949940109016,0.6738152339467522,77.24000665352018,-12.759993346479817,12.759993346479817
3327,3.5689695840909046,3.168816043405282,5.957626966848091,1.8800797790855317,0.2062122216226813,-83.85169543425752,6.148304565742478,6.148304565742478
3328,3.75304781322885,2.2745371897380133,7.595525056271827,3.339371671098813,0.2570090673156424,88.4080372524838,-1.591962747516206,1.591962747516206
3329,1.0039085404212729,0.8200072960462632,1.3433263827344606,1.6381883298007542,0.8190156757088541,-15.844655879750752,74.15534412024925,74.15534412024925
3330,2.378745945325325,1.2124717119384747,4.827207304764383,3.981294785877308,0.4735722065928407,83.95449074727158,-6.045509252728422,6.045509252728422
3331,6.202227455157688,3.8409875162086577,15.353899015552395,3.9973832121974313,0.1580968938459346,70.72957338865689,-19.27042661134311,19.27042661134311
3332,1.4240109808516253,1.2355209426446454,1.855322622734016,1.5016521037374553,0.6247619054094535,-71.68640431349615,18.313595686503845,18.313595686503845
3333,2.087864581404573,1.45222304072716,3.868601337913297,2.6639167878621475,0.4311342064902072,82.38312118103399,-7.616878818966015,7.616878818966015
3334,1.824023310076927,1.6039549930861543,2.1646912702545253,1.349596017086155,0.8590990513422814,-43.7929354156951,46.2070645843049,46.2070645843049
3335,0.8172152218636723,0.7163141844682864,1.0039615748364892,1.4015659561198286,1.013271844980191,-35.239485171897485,54.760514828102515,54.760514828102515
3336,2.7036679218663675,2.0209583691678508,3.801945825363085,1.881258853901366,0.7650399669610217,73.15831146944923,-16.84168853055077,16.84168853055077
3337,2.4933892525089543,2.2098050624780865,3.0295145949617703,1.3709420104072243,0.7364523161540755,-59.01364502639355,30.986354973606467,30.986354973606453
3338,1.6892309650399413,1.0519691094986958,3.0209275869769088,2.871688493226287,0.4675259529474157,60.8016353340804,-29.1983646659196,29.1983646659196
3339,3.770800449791926,3.0866053251066274,5.537893228362629,1.7941695309462091,0.3666475292112285,-80.77275899507619,9.227241004923826,9.227241004923812
3340,6.570144256748141,4.12777848728307,10.99232355376285,2.663011977902445,0.5614180921314059,75.17758048505324,-14.822419514946759,14.822419514946759
3341,7.160867590510566,6.598840540837491,8.753262701087234,1.3264849554883038,0.2509358297936472,45.48713032771514,-44.51286967228486,44.51286967228486
3342,1.8797565083329089,1.2600130845512596,3.0179562482910587,2.395178498773981,0.6192418794486608,-60.774013594598834,29.22598640540116,29.225986405401166
3343,1.062665489594652,0.975340868749896,1.3747808283728835,1.409538831418962,0.6333814877747856,-49.12002518614561,40.8799748138544,40.87997481385439
3344,0.9543017810603904,0.8148065956881445,1.1695362027338192,1.435354363750686,0.8881281073596526,76.33432716514523,-13.665672834854774,13.665672834854774
3345,1.4068535956126136,1.1958448285536312,2.2630961656624606,1.8924664066989905,0.4812044372372558,39.45853941743693,-50.54146058256307,50.54146058256307
3346,0.7554470535053759,0.5978894221645292,1.0501413642530195,1.7564140212603363,0.9301245531340304,26.318660336129508,-63.68133966387049,63.68133966387049
3347,1.1451621372724683,0.6435796692229987,2.368760298206968,3.6806015035664505,0.4424348204311643,76.74040479310447,-13.259595206895526,13.259595206895526
3348,0.8535534614000618,0.7892119523477679,1.0009327875668204,1.2682686629228308,0.9123806297875392,-4.737481420814934,85.26251857918507,85.26251857918507
3349,0.9479184199131095,0.8630032959904644,1.2288025377988323,1.4238677227629148,0.7387522946591182,45.16274663966512,-44.83725336033488,44.83725336033488
3350,0.9543017810603904,0.6018393298744258,1.7232970881934508,2.863383967533358,0.5978341598320087,-51.02273326475306,38.97726673524693,38.97726673524694
3351,1.0908577979726677,0.8310405785243322,1.7676009338733896,2.12697307394074,0.6104542640965329,-86.92554578021252,3.0744542197874694,3.0744542197874836
3352,1.376313601551939,1.0925478914205526,2.1949711170035244,2.009038811241106,0.5440892244752332,54.10578968093581,-35.89421031906419,35.89421031906419
3353,1.0099380753567209,0.65768000593996,1.7252119065234797,2.623178279622165,0.6951053440709392,-62.97259387654445,27.027406123455535,27.02740612345555
3354,2.3375524242271446,1.4076022626037554,4.048303751208271,2.876028164177427,0.5670506575697831,65.72785079346465,-24.272149206535346,24.272149206535346
3355,1.2071068813224677,1.089999796378249,1.458725136530654,1.338280191773954,0.7965864352072042,66.41595045881307,-23.58404954118693,23.58404954118693
3356,3.193704613854007,2.127271479618422,4.905063515337385,2.3058004407680155,0.6836494073518982,87.55264613444227,-2.44735386555773,2.44735386555773
3357,1.0337045758596148,0.9126581318751696,1.4098155074754564,1.544735600589911,0.6831343335228085,-31.515017651990178,58.48498234800982,58.48498234800982
3358,2.190048085582714,1.6221517709427142,3.1423345917344867,1.9371396980372049,0.7146951124508715,-89.23598268846766,0.7640173115323421,0.7640173115323421
3359,1.3450803768346336,0.6067879966089588,6.0434431664802615,9.959727615335352,0.1327967398539167,87.31526099276824,-2.684739007231755,2.684739007231755
3360,0.7634414248483123,0.6532186806237564,0.9895019029811358,1.514809561227281,0.8721127408915822,-76.34115648745642,13.65884351254357,13.658843512543584
3361,4.27487433491594,3.869648189423743,7.652947873916897,1.9776856962949267,0.2494983554564585,-29.624413989184927,60.37558601081507,60.37558601081507
3362,1.085277926096956,0.7039411248646926,1.8938248916798863,2.690317165436109,0.6779995408473748,73.83234779726979,-16.16765220273021,16.16765220273021
3363,5.086825357296967,4.860983125737147,8.188769082055956,1.6845911352169454,0.3601448318963043,54.88767678520403,-35.11232321479597,35.11232321479597
3364,1.2612197138901655,0.951536939997362,1.767015680044056,1.8570121723797235,0.7962516658531932,-1.8666057802217453,88.13339421977825,88.13339421977825
3365,1.546636359756236,1.1645834305935685,2.1321448858657823,1.830821931563172,0.8089607463748599,-72.37499743573606,17.625002564263923,17.625002564263937
3366,1.380717816333713,0.907491833166926,2.30853047426486,2.54385812620335,0.6382046045929267,73.09440296435072,-16.90559703564928,16.90559703564928
3367,2.0288734164048656,1.3766431633896643,3.142081899492468,2.282422913252132,0.7235676901228637,-80.93928063581487,9.060719364185132,9.060719364185132
3368,2.250210413428661,1.8042180895952025,2.9201696630628926,1.618523658477489,0.8367327231255438,-44.06498140141876,45.93501859858122,45.93501859858124
3369,1.2850634067342854,1.1728527696305395,1.6168143629085054,1.3785313935165266,0.6795272819836989,24.00534413828501,-65.99465586171499,65.99465586171499
3370,1.4367445664276617,1.1433009159489378,2.1494475260683443,1.8800365643757984,0.5351118304404124,83.24443703768931,-6.755562962310691,6.755562962310691
3371,1.139848131163964,1.1201583583753396,1.267456907977378,1.131497969461816,0.8783401604935652,-80.47148356865064,9.528516431349374,9.52851643134936
3372,1.2121260584033826,0.8328880162147914,2.060581189258291,2.474019494989219,0.5113007789341253,-83.10912129291762,6.890878707082379,6.890878707082379
3373,2.255600146690836,2.312144760794585,2.495325677062608,1.079225539583028,0.6830844945589895,-20.420606658886584,69.57939334111342,69.57939334111342
3374,0.9086770491564996,0.8804378169037527,1.024356439533826,1.1634625635870504,0.9077190407954904,41.40412861498424,-48.59587138501576,48.59587138501576
3375,1.3177199508995825,1.1788345370128013,1.622294238832753,1.376184857073912,0.7067869776054145,49.52163404693265,-40.47836595306735,40.47836595306735
3376,2.721573203117076,2.508222635052384,3.1857885365779133,1.270137862587058,0.8376640284128277,-45.91887710226172,44.08112289773828,44.08112289773828
3377,4.077151287356832,2.751450144080168,6.645267494735077,2.415187318233834,0.4452106870003848,60.52618781975212,-29.473812180247883,29.473812180247883
3378,2.9175218123694373,2.764968674290793,3.8922851784101264,1.4077140238879875,0.4148485312655847,25.504724613367102,-64.4952753866329,64.4952753866329
3379,1.8990365667271207,1.0706006140874675,3.6347458696240142,3.395053040131226,0.4861160827749425,54.65648096600585,-35.34351903399415,35.34351903399415
3380,1.0683634687220958,0.8484949400226384,1.5113906454776895,1.7812606465718754,0.6232762405194724,82.1306878300609,-7.869312169939107,7.869312169939107
3381,1.3851080271465486,1.1360206852336756,2.1898675586011085,1.9276652151370464,0.4473068448850378,-78.56207993664891,11.4379200633511,11.437920063351086
3382,1.2563966762852905,1.2632122953068603,1.3073813830470582,1.0349656885895555,0.8326141825610384,26.90859796127921,-63.09140203872079,63.09140203872079
3383,3.13421917649259,2.1862399829750108,4.679864778521507,2.140599758016135,0.6714104412242987,81.91884911613786,-8.081150883862136,8.081150883862136
3384,5.141434615723991,5.931750396682332,9.136069250292389,1.5401978571792658,0.2229412839636946,75.3793309224368,-14.620669077563207,14.620669077563207
3385,1.7247976224747188,1.8244465453849448,2.041829997565704,1.1191503542433974,0.502261719783653,-23.71411726436189,66.28588273563811,66.28588273563811
3386,1.5777276373049178,1.055256008913139,2.5805297155552216,2.445406322028944,0.5509899026836836,-79.2171202620026,10.782879737997405,10.782879737997405
3387,1.340559085464394,0.8989634367504434,2.3514145016418,2.615695372596744,0.5555776227287637,-37.90637882674504,52.09362117325496,52.09362117325496
3388,1.1019327803667114,0.7883606742038769,1.8023321515048152,2.286177140082353,0.5690893911111619,64.61557307397068,-25.38442692602932,25.38442692602932
3389,3.686125742412852,3.042425024520093,4.623725178964071,1.51974991715479,0.7416255540554775,80.59725400690988,-9.402745993090122,9.402745993090122
3390,1.2660243778180809,0.9809396145470493,1.9072225138404624,1.944281264164386,0.6352212196075941,55.11996955516206,-34.88003044483794,34.88003044483794
3391,3.3186293227312493,1.836986538640163,6.564082221827301,3.573288145424512,0.5084404683562436,77.60275137071393,-12.397248629286068,12.397248629286068
3392,0.9414917802541344,0.7844088618223156,1.1507750172319806,1.4670601942952737,1.1177485319408105,-11.589572366500924,78.41042763349907,78.41042763349907
3393,1.3314704444981866,1.0401060117721777,1.9717829609098771,1.8957519123942648,0.612284314269388,-3.20557341750463,86.79442658249538,86.79442658249538
3394,1.1291450947814663,0.7528975030403104,2.3389569209102894,3.1066073555367613,0.3798080482700239,64.482162439904,-25.517837560095998,25.517837560095998
3395,1.0099380753567209,0.8200912173801835,1.3118688681465125,1.5996621355577172,0.9344415156104102,65.21585485144043,-24.784145148559574,24.784145148559574
3396,1.6381408467855358,1.0895241151568116,2.5774486956318783,2.3656646601722207,0.7011385778285137,-52.5880499751411,37.411950024858896,37.4119500248589
3397,2.3375524242271446,2.261842403455291,2.6290531688638827,1.162350287910256,0.7860244981760445,-87.49682257699084,2.503177423009163,2.503177423009163
3398,1.45354916781555,0.8314347639645817,3.1211977597607783,3.753989964140757,0.4301467044189016,-68.57436591661215,21.42563408338785,21.42563408338785
3399,1.7142051110999064,1.1782741316500824,4.283833645001233,3.635685049795716,0.2934642963036582,73.36998960000564,-16.63001039999436,16.63001039999436
3400,0.9019708538191776,0.7637860142543654,1.128204323227674,1.477120950334586,0.9090056741493932,-51.73380346960675,38.266196530393245,38.26619653039325
3401,1.021890421280174,0.825450515773133,1.386327061455081,1.67947930852841,0.8510016746971142,53.38494327187745,-36.61505672812255,36.61505672812255
3402,1.1609582232861997,0.9521062387289349,1.6850414858147624,1.7698040589086976,0.6211494188641655,-61.726211695848974,28.273788304151026,28.273788304151026
3403,1.5700125414998518,1.959519856087159,2.797160786186226,1.4274725400189103,0.2245840551977562,-72.61220077014002,17.38779922985998,17.38779922985998
3404,2.667496821992058,2.112910954418174,4.325254152160815,2.047059362874025,0.4204668707801811,22.6433456202146,-67.3566543797854,67.3566543797854
3405,0.9917395023300404,1.0378689079869392,1.1157577457672627,1.0750468938619593,0.5663782674829433,-6.840868910980447,83.15913108901955,83.15913108901955
3406,2.9070983356311,1.941100789412073,5.129581440232522,2.642614679367673,0.4813045738781541,-68.10915595097455,21.890844049025446,21.890844049025446
3407,1.7870346644469015,1.5966879903629647,3.1956882153410686,2.001448144301889,0.3081756379998403,34.40519286446356,-55.59480713553644,55.59480713553644
3408,1.2755794143363215,0.9078724234155572,1.940023834577536,2.1368903653652835,0.6914735149363543,60.334643899673615,-29.665356100326385,29.665356100326385
3409,1.6232483481616002,1.503383272695501,1.7851560329042584,1.1874257651567128,0.9276124977014076,50.26267449987017,-39.73732550012983,39.73732550012983
3410,4.8133150390020445,3.136843971772122,10.4980660872753,3.3466969290616464,0.292115189762867,4.130510208864444,-85.86948979113555,85.86948979113555
3411,5.38257788047498,4.063315086264361,8.996770700520727,2.214145472236064,0.39702549858645,72.33426377065321,-17.66573622934679,17.66573622934679
3412,2.108121538231362,1.431849440694744,3.2132981071869864,2.244159208266946,0.7046362505426411,-67.49751270345512,22.50248729654487,22.502487296544885
3413,3.2818362864716955,2.78152059514324,4.24728302693491,1.5269644360537935,0.5613947496674299,33.778743398717005,-56.221256601282995,56.221256601282995
3414,1.2020667470700563,1.0813111404460685,1.381716548121568,1.2778158815154483,0.8966602054296479,65.99242786603756,-24.00757213396244,24.00757213396244
3415,7.47773241064235,6.678778729031647,11.284302568582934,1.6895757482624432,0.3263793301130669,55.79838061064405,-34.20161938935595,34.20161938935595
3416,2.536839769864776,1.4656814220554946,5.153381856956113,3.5160313690330667,0.358893608717847,-82.65257934391302,7.3474206560869675,7.347420656086982
3417,1.892631703400796,1.4810364276393126,2.7065462698468683,1.8274677241807944,0.6506637166000229,-72.48315452263842,17.516845477361585,17.516845477361585
3418,1.1183396299962336,0.7936597959469124,1.7516365525710744,2.207037022054524,0.7151732833725579,39.20014314621909,-50.79985685378091,50.79985685378091
3419,0.9153341128725788,0.7820201068765482,1.462745942946232,1.8704710148547945,0.5583573108934693,15.43962933152055,-74.56037066847945,74.56037066847945
3420,0.9019708538191776,0.6687813774251218,1.917549239573872,2.8672288199121763,0.4338047025529355,-17.978086107521168,72.02191389247884,72.02191389247884
3421,8.542644598252192,6.813925800116909,12.76114234960848,1.8728032449941752,0.2901417574243313,71.26306385993894,-18.73693614006106,18.73693614006106
3422,3.844150585535962,2.906801546162417,5.382001108450023,1.851519968934716,0.5385658058097877,-72.08521404275513,17.914785957244874,17.914785957244874
3423,0.8172152218636723,0.6887610256659307,1.0576789101484547,1.5356253776494315,0.8767406630805609,54.76505457783936,-35.23494542216064,35.23494542216064
3424,3.677881210188328,2.4744601498771157,6.718556943761751,2.715160696402972,0.2857995765426427,62.0232095586022,-27.976790441397803,27.976790441397803
3425,3.2390076512937704,4.020766311541238,4.399863328284483,1.0942847674720817,0.3459878961124089,18.231144457218477,-71.76885554278152,71.76885554278152
3426,5.259348659172168,5.070660887855973,10.42767455391994,2.0564724765747595,0.1505473359571721,-41.77082558120633,48.22917441879366,48.22917441879367
3427,1.902230911401452,1.5524260433196455,2.413786061271135,1.5548476989664457,0.7228742937384373,85.29597526529747,-4.704024734702529,4.704024734702529
3428,1.0039085404212729,0.6889523123333293,1.5678813762526844,2.2757473168826685,0.7295442342961552,78.5708213526516,-11.429178647348394,11.429178647348394
3429,4.814576224675202,4.70746522454002,5.976415288095769,1.2695612188361396,0.4246351072441853,43.372974735525,-46.627025264475,46.627025264475
3430,0.9917395023300404,0.86319791419071,1.2061062570297196,1.3972534423469998,0.895783677610771,-13.061651216202751,76.93834878379725,76.93834878379725
3431,2.274363632188791,1.6948745439482402,4.196916984061352,2.4762404975913794,0.4037024700204992,-49.831808007066265,40.16819199293374,40.168191992933735
3432,1.1183396299962336,0.9056973102544096,1.4351397267901294,1.584568829498897,0.9337150453627509,-88.86466101464073,1.135338985359283,1.1353389853592688
3433,1.7665326322454526,1.1593614834596415,2.863589605608906,2.4699713130573304,0.7121068616877618,59.9720139944303,-30.0279860055697,30.0279860055697
3434,5.072482776052159,3.3073609823927463,9.67615127568619,2.9256411160434843,0.304624261288893,-79.44414811690163,10.55585188309837,10.55585188309837
3435,1.8073041368518064,1.582464796384725,2.1790852898315927,1.377019757286164,0.7568437430280879,77.45910451557562,-12.540895484424382,12.540895484424382
3436,1.8106603219837007,1.6709794513137366,2.0344382497473594,1.2175124285028571,0.8017500014795333,66.22552057522736,-23.774479424772636,23.774479424772636
3437,0.9479184199131095,0.6127085041923294,1.5795721358157988,2.578015687733903,0.7009935205283456,-65.17503711235506,24.824962887644944,24.824962887644944
3438,3.039816941383062,2.9282924763098146,3.456966880553744,1.1805401641130315,0.5476787818667019,59.565365360972464,-30.434634639027536,30.434634639027536
3439,2.314058838770094,1.6847986629492055,3.228780651869227,1.916419286692282,0.7601966989382903,-66.82953193457337,23.170468065426633,23.170468065426633
3440,2.66977187300005,1.697198297566248,6.370984272536042,3.753824336067223,0.3202614847931944,-88.92814306849614,1.0718569315038735,1.0718569315038593
3441,1.7388205981619584,1.3679412671980256,2.2874976413591206,1.6722191926007437,0.8698987320791566,33.12315167253363,-56.87684832746637,56.87684832746637
3442,0.9917395023300404,0.8633562836609016,1.2399565207831098,1.4362048950698605,0.8670499357569288,-27.75137009440788,62.248629905592125,62.248629905592125
3443,1.2369164782162358,0.7778895453453303,2.523835969070054,3.2444657267499872,0.5174063657016872,28.145308939791644,-61.85469106020835,61.85469106020835
3444,1.7938166040551036,1.3572018234621164,2.630161606539477,1.9379296144991456,0.5513736853266293,56.23137696606615,-33.76862303393385,33.76862303393385
3445,6.300319342420906,6.201672101726037,12.355762129497116,1.9923275411575347,0.1243205467195258,63.60175272575947,-26.398247274240532,26.398247274240532
3446,4.077151287356832,3.019253695137877,6.797077144550778,2.251244125492536,0.4728866772439376,0.7006991767298087,-89.29930082327019,89.29930082327019
3447,1.8602766405761075,1.353093057104399,2.634400292448539,1.9469468700741988,0.8106671401105305,-71.03660546761667,18.963394532383347,18.963394532383333
3448,0.8392070033186643,0.569294238365661,1.3123329435677016,2.3051927371251253,0.8384834843388645,-61.062590745302096,28.93740925469791,28.937409254697904
3449,2.087864581404573,1.5689847034364597,2.877129109920035,1.8337521733758264,0.7603386530911299,-85.52950005726412,4.4704999427358985,4.470499942735884
3450,2.802897673003818,1.7636508278050942,4.70501660339208,2.6677710401710217,0.5670402344939949,4.998305812540193,-85.0016941874598,85.0016941874598
3451,3.612928232583944,2.0275901994575958,6.566334860761397,3.238492108769301,0.5617537119812049,70.78235962203411,-19.217640377965893,19.217640377965893
3452,4.452953859008062,3.750492161913788,6.195370003708479,1.651881869431005,0.535469606538475,84.7444395668234,-5.255560433176598,5.255560433176598
3453,0.9086770491564996,0.7723593485319391,1.184022472813633,1.532994292182987,0.9116368635787198,82.50812965232616,-7.491870347673839,7.491870347673839
3454,1.615750625177174,1.448753504772315,1.875310784684728,1.2944305421918203,0.8246685327584033,8.664781944359643,-81.33521805564035,81.33521805564035
3455,1.0039085404212729,0.9346900738617756,1.1243788013821043,1.20294291426099,1.0672894672292514,42.80139492529323,-47.19860507470677,47.19860507470677
3456,1.0683634687220958,0.5761953651730645,2.327666623478554,4.039717714111467,0.4225738986070018,69.79517150595073,-20.204828494049266,20.204828494049266
3457,1.1074287385521373,0.7159712081974209,2.00001905930407,2.7934350381762667,0.5642132770770222,37.07773372810886,-52.92226627189114,52.92226627189114
3458,1.1019327803667114,0.8776658823763505,1.4309807600038105,1.630439087058182,0.8863140369672852,87.02089579493429,-2.9791042050657097,2.9791042050657097
3459,3.13421917649259,2.164306453847211,4.90683583867086,2.267163150555045,0.6502618001968323,-83.08184914805055,6.918150851949463,6.918150851949449
3460,3.468901194578322,3.4301672063999504,4.395385168638358,1.2813909364061085,0.4457821996429962,35.53515023937226,-54.46484976062774,54.46484976062774
3461,1.1019327803667114,0.7929105174183623,1.7317103637989524,2.18399217283336,0.6305544250035584,24.777231432852364,-65.22276856714764,65.22276856714764
3462,4.589917105999894,4.084808349227552,5.546553913022753,1.3578492401171331,0.5551404122575053,65.33363872666288,-24.666361273337117,24.666361273337117
3463,3.283685729439831,2.9746648929863446,4.026169125369891,1.353486617891911,0.6822595996420721,-2.966171630794066,87.03382836920593,87.03382836920593
3464,2.2121146184952187,1.5639726322650795,3.5346194339714345,2.2600263975542174,0.5460195841890935,-79.50097388768424,10.49902611231576,10.49902611231576
3465,1.9804157147939612,1.8613099876033143,2.200645802253005,1.1823102099648817,0.8695942731867113,28.183344465212368,-61.81665553478763,61.81665553478763
3466,0.9479184199131095,0.856189038635189,1.207511126188972,1.4103323818695566,0.8096043198724473,68.67281228436,-21.327187715639994,21.327187715639994
3467,4.462487644814948,2.1515573670073405,10.052106869017804,4.672014338618148,0.3299870296058863,-58.82073011519314,31.179269884806843,31.179269884806857
3468,1.8537378623808147,1.5101032636910732,2.3919754837944467,1.58398140134328,0.670832720297145,57.35897797140996,-32.64102202859004,32.64102202859004
3469,2.266341160516128,1.6430945774744965,3.181877739502996,1.9365152701031196,0.7716218403727406,76.38478208631857,-13.615217913681434,13.615217913681434
3470,2.260977031904715,2.0262851667702,2.9434457132940137,1.4526315256927649,0.5862109039480056,44.4793444377186,-45.5206555622814,45.5206555622814
3471,0.8172152218636723,0.6956010761524773,1.1197696295669888,1.609787086242996,0.760171351040056,1.4456347981102815,-88.55436520188972,88.55436520188972
3472,2.365950016331566,1.5850409638818408,3.685327881767679,2.32506791038519,0.6428007558236699,86.08961001686747,-3.910389983132532,3.910389983132532
3473,2.591299840626382,1.9390266418579571,3.787832882282564,1.953471293541948,0.671472712212521,55.23124692002595,-34.76875307997405,34.76875307997405
3474,1.415458284986553,0.8081665540027785,2.788785893611544,3.4507563815885858,0.4973928036118941,86.18891689244352,-3.8110831075564846,3.8110831075564846
3475,1.176542252445381,0.9529868031537134,1.5043248080090756,1.5785368727361415,0.8562156387040439,-64.19772543376223,25.80227456623777,25.80227456623777
3476,1.0039085404212729,0.6810184211855062,1.6454060919574458,2.416096306313049,0.7841382038725316,78.86589799196835,-11.134102008031647,11.134102008031647
3477,1.0569367929308613,0.6451625050926852,2.058595684413091,3.1908173028706144,0.5473868368285805,-64.62952764697886,25.370472353021142,25.370472353021142
3478,2.975218506990121,1.633664393042655,6.467243844827719,3.9587346534392256,0.4115173051041695,61.17338714069997,-28.826612859300027,28.826612859300027
3479,2.434249075164649,1.90540419529688,3.1541271943591944,1.655358585933916,0.8619665348867657,44.48765701633769,-45.51234298366231,45.51234298366231
3480,2.040808068852193,1.6641810005805655,2.6454820928395346,1.5896600741846183,0.7643725356080717,-33.482374621044634,56.51762537895536,56.517625378955366
3481,3.6629942901315258,2.2012774611671952,6.30903268143817,2.866077899190817,0.558742543336378,78.10224486111146,-11.897755138888542,11.897755138888542
3482,1.0511768765181757,0.7512688549141445,1.6775910157888398,2.233010199764712,0.6587315795946477,-77.07422980519429,12.925770194805693,12.925770194805708
3483,2.8945406167269976,2.118446081951112,4.404905748306025,2.079309823287576,0.6355953419925263,-87.82807869974506,2.171921300254951,2.1719213002549367
3484,0.9917395023300404,0.7123413444698925,1.5369045765477054,2.1575394836746886,0.7434777221827417,38.360198651127774,-51.639801348872226,51.639801348872226
3485,2.260977031904715,1.6714430373340887,3.2687579618514984,1.955650230871815,0.768436359487557,73.74630084024287,-16.253699159757133,16.253699159757133
3486,2.079122611754846,1.6300260203871244,2.7499229682502166,1.6870423746960317,0.8322890563201518,37.40870366905789,-52.59129633094211,52.59129633094211
3487,0.9479184199131095,0.6716853235473491,1.4886224374095445,2.2162497604499274,0.7744349999053423,-35.28974265615562,54.710257343844376,54.71025734384438
3488,1.1661760393441107,0.8578790146669039,1.8091936754793805,2.108914712387331,0.6905101914766733,40.52186948206907,-49.47813051793093,49.47813051793093
3489,1.021890421280174,0.8980225954170976,1.2499827898832323,1.3919279940864546,0.975346664812287,0.8788632904270552,-89.12113670957295,89.12113670957295
3490,4.174274964902325,2.9290085566934168,6.263093547641787,2.138298139597191,0.5820660575592995,72.03179530059957,-17.96820469940043,17.96820469940043
3491,4.570032895076734,4.255944593941694,6.284537049367012,1.4766491693319983,0.331230177347972,40.08919499971292,-49.91080500028708,49.91080500028708
3492,1.9244428674196767,1.0857372920559374,3.8553150978082895,3.550872873223242,0.432181443252007,63.299332257206586,-26.700667742793414,26.700667742793414
3493,3.531346429427128,2.6910154842195206,5.128930846500509,1.9059462409552284,0.5196248677685168,48.05916950022619,-41.94083049977381,41.94083049977381
3494,1.461879030667795,1.1431183424246794,2.156871131873769,1.8868310058771425,0.6366306332907067,-34.829342141870335,55.17065785812966,55.170657858129665
3495,3.0971957048803067,1.9181812615532552,8.04862461559523,4.1959666570185465,0.3387467191387812,2.941417933609147,-87.05858206639085,87.05858206639085
3496,2.5463947557410336,2.126511480309751,3.247367680351877,1.5270868323169648,0.7161144886015037,64.49212217856639,-25.50787782143361,25.50787782143361
3497,1.2369164782162358,1.0039547526417745,1.6473069165134444,1.640817887637639,0.7871815039617901,-66.52615926841521,23.4738407315848,23.473840731584787
3498,1.0099380753567209,0.6711164051025796,1.6039121238804035,2.389916431316035,0.7835848355642373,76.65937709812644,-13.340622901873559,13.340622901873559
3499,2.7460023386177363,1.7246845043700685,4.770024330498918,2.765737338285615,0.5450725110137705,-27.317219374602427,62.68278062539757,62.68278062539757
3500,1.6455365541233553,1.3740659730904734,2.1502123987419948,1.5648538286017342,0.6932023377650117,-17.530124210230838,72.46987578976916,72.46987578976916
3501,1.1128975557056655,1.0362769096747009,1.2592679908965212,1.215184840210152,0.9963128085204,-37.37107285350101,52.628927146498995,52.62892714649899
3502,1.550556863789422,1.089836733670792,2.752937434422105,2.526009033618872,0.5036312644629332,-85.07649213984155,4.923507860158452,4.923507860158452
3503,1.526882849696625,1.2967232833434923,1.9476839261597767,1.5020042835490983,0.7353942641326694,52.72401268169069,-37.27598731830931,37.27598731830931
3504,2.164954408398548,1.677962231937037,3.299954952752856,1.966644355840711,0.5435237580711455,-54.14722100318974,35.85277899681026,35.85277899681026
3505,1.2850634067342854,1.009422540827715,1.7297679359357554,1.713621269560084,0.8179849857297866,64.01451531243124,-25.985484687568757,25.985484687568757
3506,2.75042068795721,2.347631814751683,4.865794429855294,2.072639499635493,0.4063792216977205,-54.50696969916657,35.493030300833425,35.49303030083343
3507,1.367462618417021,1.2938031920465334,1.6061784638720342,1.241439558771985,0.8043638819990888,32.832800747906695,-57.167199252093305,57.167199252093305
3508,1.9086035621207809,1.2889943908871302,4.049968688321633,3.1419599006434047,0.3903497020009646,87.05419944887582,-2.9458005511241794,2.9458005511241794
3509,2.6469333706418685,2.8121606198837945,3.609707216622768,1.2836063456332485,0.4842518049108554,-56.56112680565063,33.438873194349355,33.43887319434937
3510,5.436449893869432,3.4674220891948506,8.706961784056743,2.5110764020305743,0.6573884872453064,73.15669926787035,-16.84330073212965,16.84330073212965
3511,1.4068535956126136,0.6564117572362814,3.5331683049976768,5.38254878290652,0.3663892367677165,-66.64029786503166,23.35970213496836,23.359702134968344
3512,2.373635851463476,1.147109917791596,5.288793418044983,4.61053760935736,0.4592993573941187,86.06520677294203,-3.934793227057966,3.934793227057966
3513,1.2850634067342854,1.090235754561801,1.750219769388148,1.6053589896174472,0.6498332458984666,-70.2899313486732,19.710068651326793,19.710068651326793
3514,0.9479184199131095,0.8566985500295607,1.1010984160173871,1.2852810547880502,0.9688995560377136,-55.57014062526743,34.42985937473259,34.42985937473257
3515,0.8319410050566239,0.6772036343888401,1.2329545744327706,1.8206555780603304,0.6410087129074363,-26.37798171667542,63.62201828332458,63.62201828332458
3516,1.2944779165271465,0.8218246314647645,2.280436766905043,2.774845970289972,0.6317941123087859,-79.79329399575792,10.20670600424208,10.20670600424208
3517,0.8746320295080829,0.6797034422458136,1.1925475152688385,1.7545115136220772,0.905170259853793,-10.916040871130882,79.08395912886911,79.08395912886911
3518,3.305798341100134,3.3899999802020853,4.353772341993728,1.284298633457275,0.4303077652255551,27.531173128597928,-62.46882687140207,62.46882687140207
3519,4.124527184148315,2.2066640661428294,8.736141047488916,3.958980971108748,0.4145373469660797,-89.04102261183928,0.9589773881607186,0.9589773881607186
3520,1.0453852243082644,0.6616702607578722,1.7590410381152548,2.6584858689288264,0.7249401653188178,80.52869496816493,-9.471305031835072,9.471305031835072
3521,3.8172071242415617,2.3720748305973327,7.368114926584912,3.106189919282388,0.3787236868516697,68.38719216133431,-21.612807838665688,21.612807838665688
3522,1.1661760393441107,0.8962098538293313,1.8130678877579072,2.0230394477487823,0.6125485887173125,-65.04709333870753,24.952906661292474,24.952906661292474
3523,1.021890421280174,0.9471433966679128,1.1271564555276388,1.1900589282393972,1.0931011818525385,-13.865853122057365,76.13414687794264,76.13414687794264
3524,7.415770193129743,7.490480451930932,14.76155517053421,1.97070872359448,0.1269660678526902,18.20341786529708,-71.79658213470292,71.79658213470292
3525,1.2369164782162358,1.035044005682278,1.6382281723551144,1.582761856849971,0.7799650506585374,-46.18675900546262,43.81324099453738,43.81324099453738
3526,1.522901401330112,1.2892615941764376,2.1297042082195565,1.6518790428873218,0.6446760394854433,27.44510732396422,-62.55489267603578,62.55489267603578
3527,0.979419278671245,0.7517498564739716,1.4630885070430413,1.9462438129427149,0.6934681537976765,-33.030130600694406,56.969869399305594,56.969869399305594
3528,1.3718952479298128,1.2179021277331086,1.6407827330324494,1.3472205160577655,0.911367999522028,-2.8006330352115496,87.19936696478845,87.19936696478845
3529,1.542705892513396,1.0544244880686082,2.499117526774996,2.3701247031474346,0.5330965082115061,-85.46613041445053,4.533869585549468,4.533869585549468
3530,0.84641062903508,0.6695928436141112,1.1588002515721083,1.7306042957650385,0.8118984238855852,89.2249349637912,-0.775065036208801,0.775065036208801
3531,0.9978425722559162,0.7987441134260518,1.3867304908573623,1.736138605027412,0.8132905421334018,29.35865126765949,-60.64134873234051,60.64134873234051
3532,5.157940066257793,3.031994489705169,10.435226402933576,3.441703617326922,0.349425856953699,80.944570485802,-9.055429514197996,9.055429514197996
3533,0.8606370140730026,0.6043195660247234,1.3890893073905912,2.2986005840058503,0.7263968577258219,-45.98544839294764,44.01455160705237,44.01455160705236
3534,1.992640619253945,1.6970830231664464,2.404961430442061,1.4171147773046735,0.8567771815357308,-21.40806552044794,68.59193447955207,68.59193447955207
3535,0.9917395023300404,0.7884018476169602,1.361191320080139,1.7265196982915556,0.7641952730761543,70.1638647240599,-19.836135275940094,19.836135275940094
3536,1.4947343471339476,1.2705721268862422,1.847552737676868,1.4541108675228196,0.7578499829002807,89.23746166018238,-0.762538339817624,0.762538339817624
3537,1.085277926096956,0.95277836633875,1.284496901868739,1.348159180822595,0.9048539172587026,11.229225453831106,-78.7707745461689,78.7707745461689
3538,2.8244753407624037,1.899905407141636,4.60157506352802,2.4220021934939298,0.4890986543200897,68.49821371790905,-21.501786282090947,21.501786282090947
3539,1.6455365541233553,1.563094944213558,1.863700441777548,1.19231429202481,0.7498308593711014,-10.571640049053585,79.42835995094642,79.42835995094642
3540,1.9432796250435167,1.68374154330787,2.2840912121751398,1.3565569022474944,0.9286863614384104,33.205572245259816,-56.794427754740184,56.794427754740184
3541,5.095173218381363,3.7604647534189626,8.616864300677044,2.2914359967987226,0.3212536116381421,26.822662510968712,-63.17733748903129,63.17733748903129
3542,1.0039085404212729,0.8860122896882806,1.3521198054732155,1.5260734204363262,0.7625357254065357,-53.42605949862177,36.57394050137822,36.57394050137823
3543,4.387021228724609,4.953062569875136,8.61848215883383,1.7400309479738911,0.1411998435001554,12.80956963332351,-77.1904303666765,77.1904303666765
3544,1.7142051110999064,1.418412821612932,2.3461995592617098,1.6541020523163037,0.6066615166454209,89.61369614500578,-0.3863038549942246,0.3863038549942246
3545,1.2897792515977275,1.4367458726842337,1.4701300026687565,1.023235932407554,0.5442050768332796,-73.32004356460514,16.679956435394843,16.679956435394857
3546,2.0108386281965918,1.4917804530633672,3.100065622888582,2.078097763328783,0.5915477578594168,67.72407140997169,-22.275928590028315,22.275928590028315
3547,2.159338434195847,1.7728207079837948,2.7953438285881376,1.576777513935543,0.7520256991204057,42.026627388389095,-47.973372611610905,47.973372611610905
3548,1.1816912584570125,0.8876181240020702,2.720689987191055,3.0651582179553483,0.3992269605219363,75.0590921316578,-14.940907868342194,14.940907868342194
3549,2.295619829069859,1.5985767759522425,3.528978234446901,2.207575067731579,0.5325021957471833,-62.58496325863322,27.415036741366777,27.415036741366777
3550,1.6006498207486113,1.2118854774574703,2.3967845461129427,1.977731882010324,0.6396610413814942,41.07649657362766,-48.92350342637234,48.92350342637234
3551,1.3630155737347494,1.229377938707065,1.5380994964286443,1.2511201380807777,1.009466718073705,-82.44030016967788,7.559699830322131,7.559699830322117
3552,5.312184674017044,3.5275739689963754,11.93974693662709,3.384690736910061,0.2332029020093495,67.82463192308055,-22.175368076919455,22.175368076919455
3553,0.8535534614000618,0.5796984068685309,1.3281661691411195,2.291133032977841,0.8356953878151275,82.94949916061036,-7.050500839389642,7.050500839389642
3554,1.326902779425731,1.2901183285622182,2.194870594620736,1.7012940177873648,0.3409911537485109,21.92608554947837,-68.07391445052163,68.07391445052163
3555,1.4409640896579887,1.1252894081695628,2.1445354882751224,1.9057635064418696,0.6123370492068655,89.75795615283383,-0.24204384716617255,0.24204384716617255
3556,2.7592361614839858,2.1201538448434363,5.236570223530535,2.469901057541997,0.3401548243951636,-60.35980525229697,29.64019474770302,29.640194747703028
3557,0.8246109854774907,0.5630561576984114,1.4514124303679228,2.577740089551316,0.6205215795602501,88.3727546672367,-1.6272453327632945,1.6272453327632945
3558,4.204707506072702,2.8737196057311043,8.520536201720144,2.964985235416672,0.2876450908944259,-76.68431942439126,13.315680575608724,13.315680575608738
3559,4.259223219737828,4.276514273005272,4.712582084378929,1.101968047698626,0.4172469106762915,-44.33048121487335,45.669518785126655,45.66951878512665
3560,1.0278144733504384,0.6756179994528796,1.7152707810436238,2.5388174714597045,0.60198233761992,-26.23734979162426,63.76265020837573,63.76265020837574
3561,7.010925538546453,4.649726921578283,13.51276917265164,2.906142532788769,0.3364147218071086,21.024284620614623,-68.97571537938538,68.97571537938538
3562,1.652899170550067,1.5517426915718526,1.7861286985693934,1.151046954028259,1.023913974572041,-26.50002181383232,63.49997818616768,63.49997818616768
3563,1.4493662838402204,0.9893730607088134,2.2752387481827068,2.2996772790161324,0.6783986904406415,-29.13297799190148,60.867022008098516,60.867022008098516
3564,2.18449662396525,1.6484426217961812,3.1163041900354536,1.8904535401055431,0.6778510996203695,74.76684550139872,-15.23315449860128,15.23315449860128
3565,0.8097519128234426,0.5418773251802171,1.3461009119024443,2.4841432725659063,0.7188662773738518,-67.0915800230608,22.9084199769392,22.9084199769392
3566,1.615750625177174,1.4679596340106529,1.974958876878354,1.3453768285729455,0.6810422521313287,29.088006788005373,-60.91199321199463,60.91199321199463
3567,1.0683634687220958,0.7584413077982107,1.6609416002987225,2.1899408473946527,0.6318975933086066,52.68727362518239,-37.31272637481761,37.31272637481761
3568,1.0278144733504384,1.0418667273902242,1.267586586690651,1.2166494556034373,0.6196519447173425,-72.93004052209973,17.069959477900284,17.06995947790027
3569,5.544813629325221,6.71516391574059,7.913064969168223,1.1783874628316533,0.2222233414248756,34.32472524139423,-55.67527475860577,55.67527475860577
3570,2.678852755931177,2.617584899780693,3.12620966691541,1.1943107049468884,0.4273613041300473,4.160588334241623,-85.83941166575838,85.83941166575838
3571,2.353084504890762,1.7068755976704848,3.297763343449843,1.932046686911791,0.7660426591783269,48.97397562252516,-41.02602437747484,41.02602437747484
3572,1.1451621372724683,0.9676733402001896,1.5462783347159703,1.5979342103153125,0.6200674266709182,27.16778489612568,-62.83221510387432,62.83221510387432
3573,1.1237553499514827,0.9569423818131356,1.3874410920599467,1.4498689977876595,0.8825727300986561,-2.1676876540023127,87.83231234599769,87.83231234599769
3574,1.1504515979244476,0.9118236338002332,1.585521245919952,1.7388464031272477,0.7318856863517889,25.62077943965853,-64.37922056034147,64.37922056034147
3575,3.7172882052436527,2.820576605416349,5.033988655117979,1.784737434697295,0.7820565285825833,66.71153901292524,-23.288460987074757,23.288460987074757
3576,1.9212854528773184,1.4888687903938067,2.647858183016727,1.778436219565303,0.7149055913072229,8.42846636117961,-81.5715336388204,81.5715336388204
3577,1.3718952479298128,1.0499945675168765,2.01060084026279,1.9148678502381624,0.7016194988556058,68.95031960652122,-21.04968039347878,21.04968039347878
3578,6.645486088578238,5.550519982614708,13.54508997331999,2.440328116238804,0.1516083235344787,59.71642613033214,-30.283573869667862,30.283573869667862
3579,3.1899003187409227,2.1855041684605303,5.33574507870444,2.4414252581650024,0.5561901934860294,44.22530799024755,-45.77469200975245,45.77469200975245
3580,3.0537656993932494,2.217702740903659,5.420328546114312,2.444118612535809,0.4069076004357214,-50.58903645836335,39.41096354163665,39.41096354163665
3581,1.176542252445381,0.9628562044824196,1.6955568465398148,1.7609658001334227,0.7309634663429447,55.8052418460211,-34.1947581539789,34.1947581539789
3582,6.402599282994445,4.774592075733832,10.01414621573411,2.097382573608654,0.3330780222347484,-59.38643448153607,30.61356551846393,30.61356551846393
3583,0.9086770491564996,0.566696554624845,1.952100340542824,3.444701268450663,0.5027537401897993,55.90030228908216,-34.09969771091784,34.09969771091784
3584,1.186817925731738,0.9568783251108178,1.5420225922379622,1.6115137648868552,0.9204262772818428,-48.49427758717615,41.50572241282384,41.50572241282385
3585,1.9212854528773184,1.2095217997086571,3.214379330469455,2.6575621301275567,0.6449569950720948,39.21188923724333,-50.78811076275667,50.78811076275667
3586,1.432512614476725,1.02651350387533,2.129090264208634,2.07409864183064,0.7015192776612565,-65.0088188088112,24.991181191188787,24.9911811911888
3587,1.039561305877423,1.029322898281655,1.306668882731659,1.2694450739539596,0.6527803125971965,9.049390331423728,-80.95060966857628,80.95060966857628
3588,3.812432629409618,3.386311477247443,6.032739365537541,1.7815075211100315,0.2292674612569521,53.61111446496829,-36.38888553503171,36.38888553503171
3589,0.9086770491564996,0.5746613193273842,1.6536262672090751,2.87756668422467,0.6969244636444729,-57.150841220064976,32.84915877993501,32.849158779935024
3590,1.3131044552792934,0.8538798886721081,2.1551194023644973,2.5239139965176864,0.6713357554125193,79.22154300355918,-10.778456996440823,10.778456996440823
3591,0.9350209696908578,0.7432246804245731,1.623914532643127,2.18495775963125,0.5099946678338315,-86.65297407781739,3.3470259221826097,3.3470259221826097
3592,1.0908577979726677,0.8475850175090609,1.567540382952656,1.8494196459010657,0.6250919730693997,-32.81933589320002,57.18066410679998,57.18066410679998
3593,2.0965701003918507,1.4638267120163146,3.596869046327014,2.4571686093722045,0.4397696825206266,-62.242652227549975,27.757347772450032,27.757347772450025
3594,3.212658516835713,1.5824655611758756,6.868532519342306,4.34039936656728,0.4683881196531638,88.77045667722946,-1.2295433227705388,1.2295433227705388
3595,1.9495180989563052,1.4535141725059724,2.704883810376678,1.860927028811316,0.8078942390158307,64.96923036306313,-25.030769636936867,25.030769636936867
3596,1.3223193364400538,1.1844634589511496,1.675398211735324,1.4144785971015943,0.6640712991441768,73.43048389218288,-16.569516107817122,16.569516107817122
3597,1.4367445664276617,1.1235919558138734,2.176204120662176,1.9368277864590469,0.5281843466521505,-84.97665658345392,5.0233434165460835,5.0233434165460835
3598,1.1504515979244476,0.740086258638781,1.9977543723169549,2.6993534186019965,0.5727971933986717,-85.849872340199,4.150127659801001,4.150127659801001
3599,0.7791841414090482,0.5423651591769058,1.1989107856181072,2.21052323389942,0.9021963960563544,-82.05545391108035,7.944546088919651,7.944546088919651
3600,3.180369672047749,3.0537652296883078,4.991193189630963,1.634439065946273,0.2369448614929011,36.42154676360286,-53.57845323639714,53.57845323639714
3601,2.133883653500155,1.5971174503937158,3.188805020676387,1.9966001998727732,0.5302439110664192,59.42700903496343,-30.572990965036567,30.572990965036567
3602,2.952686407420772,2.327266532170455,3.918568965005832,1.6837645842615614,0.7497032305358792,7.564542271983304,-82.4354577280167,82.4354577280167
3603,1.1237553499514827,0.9016073300274088,1.64485595730748,1.8243595659958496,0.640025036655921,46.53478868190235,-43.46521131809765,43.46521131809765
3604,1.7699661294252256,1.261915457472608,2.57020472613235,2.036748746449317,0.7587740380199594,80.22331879292328,-9.77668120707672,9.77668120707672
3605,1.0453852243082644,0.9169854958523947,1.3278592082773926,1.4480700232265564,0.8065258881183118,72.49962794463927,-17.500372055360728,17.500372055360728
3606,2.190048085582714,1.5437569584523962,4.8774117470854845,3.159442760973884,0.2956728513422738,83.39193559622812,-6.608064403771877,6.608064403771877
3607,1.3038244488524504,1.0262086032641615,2.3253068585682537,2.26592025361308,0.413621349120759,75.09416506381855,-14.90583493618145,14.90583493618145
3608,2.5320487556361617,2.1311121729380638,3.274914079096673,1.536715955491777,0.5685847883366886,-78.0023535147312,11.997646485268803,11.997646485268803
3609,1.0099380753567209,0.8938390500089161,1.3352904624307,1.4938824416066634,0.6726540410195999,15.27382142725783,-74.72617857274217,74.72617857274217
3610,4.74855042933477,4.076847770305721,5.783169876291469,1.4185395683434583,0.7409960942585975,12.820692112023613,-77.17930788797639,77.17930788797639
3611,1.663882010113248,1.4627253936743452,2.026918447087437,1.385713583597429,0.7260204385381019,-70.72759348419949,19.272406515800526,19.272406515800512
3612,3.039816941383062,2.4620962742658343,6.582254824600053,2.673435191547413,0.2237301379293873,-79.64562606209375,10.354373937906246,10.354373937906246
3613,1.81401029769144,1.2125894612113348,3.249703658500588,2.6799702310246425,0.500116567935174,70.74383204866066,-19.256167951339336,19.256167951339336
3614,1.7353254778478429,1.0208707196514115,3.638016660484278,3.563640910111048,0.4000769585126267,74.90021463857595,-15.099785361424054,15.099785361424054
3615,1.663882010113248,1.2106245375310924,2.450526011778306,2.0241833333196992,0.6871361282149065,82.04295573710984,-7.9570442628901645,7.9570442628901645
3616,7.025631672807707,3.731231320917918,20.07856893399316,5.3812179431034695,0.2341095164034469,51.218960395183615,-38.781039604816385,38.781039604816385
3617,4.0532556893938985,2.7596122280228763,8.33434083459803,3.0201130252887625,0.327823792277322,44.557604733242975,-45.442395266757025,45.442395266757025
3618,3.5808576908105785,3.495276483261526,6.349144252157575,1.8164927102513608,0.2510684038403166,70.7026424749255,-19.297357525074503,19.297357525074503
3619,5.857889585007904,5.15475969869948,11.368061192376256,2.20535230677084,0.1963542349905608,65.42047614959115,-24.579523850408847,24.579523850408847
3620,3.5689695840909046,2.8134662947970672,5.141566839050723,1.8274847822271776,0.4227921570319788,-6.437334298230196,83.5626657017698,83.5626657017698
3621,1.2221025728266244,0.8982199887225774,2.0004845113033207,2.227165434325673,0.5118003176008792,68.73974356481662,-21.26025643518338,21.26025643518338
3622,1.9212854528773184,1.785881624134677,2.1588627626341217,1.208849866339919,0.70578127072964,-47.349468420211146,42.65053157978886,42.650531579788854
3623,1.3585539723246187,1.212635336548878,1.9527955889408228,1.6103733167618368,0.4755883558340664,9.368218995395106,-80.63178100460489,80.63178100460489
3624,0.9978425722559162,0.9381786999806692,1.1540824966940872,1.2301307807541002,0.9285863615334962,-33.88335913591877,56.11664086408123,56.11664086408123
3625,2.9341223549550866,2.428213536545342,5.032186110776131,2.072382035204161,0.3517924185588342,-44.0378279461421,45.9621720538579,45.9621720538579
3626,3.636378175210148,2.396858126461907,6.139825604392529,2.561614113329168,0.5777247828881995,11.828661340849932,-78.17133865915007,78.17133865915007
3627,1.3177199508995825,1.0763995350908906,1.8475646508813253,1.7164301828923756,0.6099780831649709,-23.24029068817568,66.75970931182432,66.75970931182432
3628,0.9978425722559162,0.7315288053312279,1.5113249602310654,2.0659814749834147,0.7433459584441316,-9.049972297516325,80.95002770248368,80.95002770248368
3629,2.7592361614839858,1.966439385278867,4.081354993331821,2.075505110345942,0.7030146843203723,46.80081167235116,-43.19918832764884,43.19918832764884
3630,1.4451712930335778,0.9171756290374244,2.4448518604055023,2.665631077628364,0.6022186071911163,80.7247562692454,-9.275243730754596,9.275243730754596
3631,1.2803301921000927,0.850589375401699,2.2587296515291837,2.6554877322121224,0.5238563950769878,-53.51906299419995,36.48093700580006,36.48093700580005
3632,4.100907650311934,2.942445017203811,6.663774389072136,2.2647065111193423,0.4791567902027693,74.71207721370293,-15.287922786297074,15.287922786297074
3633,1.968114877060028,1.831516605026924,2.5938160891628845,1.416212161027475,0.4787104722215987,-10.473166137656245,79.52683386234375,79.52683386234375
3634,2.850152917453465,1.922407327242337,5.311013229790135,2.762688819652337,0.2897361573604025,-28.427974673593077,61.57202532640693,61.57202532640692
3635,0.8319410050566239,0.5994249359100905,1.284632340289421,2.1431079411786547,0.7507183340193551,-0.1000504305603346,89.89994956943967,89.89994956943967
3636,5.3258817779927465,3.3962312028705526,8.532639707076308,2.512384816400125,0.5588840202565976,75.96556769030684,-14.034432309693159,14.034432309693159
3637,2.2770315083343613,2.223887691782259,2.695020247666069,1.2118508761142686,0.5629632655479088,86.01629762103173,-3.9837023789682746,3.9837023789682746
3638,3.136155672924793,2.391765874543515,4.7808174472753056,1.9988651473622008,0.4620973071088021,6.335174465654471,-83.66482553434552,83.66482553434552
3639,2.481184630757016,2.250238187239865,2.8833368479784247,1.2813473988347504,0.7920083773992482,-55.88343865583411,34.11656134416589,34.11656134416589
3640,2.8840340825413238,2.403378511374398,3.968033862983083,1.651023275860913,0.4323792817115555,22.296478220988583,-67.70352177901142,67.70352177901142
3641,2.167756939550367,1.7694307329493584,2.8224447765337057,1.595114589102418,0.6612126539219061,-70.74033857913051,19.25966142086949,19.25966142086949
3642,1.895836839826219,1.1824755032167222,3.4477895616079155,2.9157386789229838,0.5209898648735173,78.37070727250646,-11.629292727493535,11.629292727493535
3643,1.1237553499514827,1.0551141198626006,1.656371390401644,1.5698504637748003,0.4796070493819055,-17.43362127247416,72.56637872752584,72.56637872752584
3644,1.270810876469873,1.005010014445138,1.913860021005514,1.904319353536142,0.6471309685695212,-57.03850553498687,32.96149446501312,32.96149446501313
3645,1.6195038256468852,1.2529870143289112,2.1715855597276,1.7331269477606532,0.7447190931051079,-31.12082402549343,58.879175974506566,58.879175974506566
3646,1.2515550525870838,1.0612073943384746,1.7247528892974564,1.6252740967495958,0.6690302738103416,-66.5864966466266,23.413503353373414,23.4135033533734
3647,1.085277926096956,0.934731542044994,1.3127847167947753,1.4044510725749997,0.9130447326461888,-28.11341417839561,61.886585821604385,61.886585821604385
3648,1.039561305877423,0.8188461339547938,1.8952103953555164,2.314489031293571,0.4409021271405788,-30.0615296659367,59.9384703340633,59.9384703340633
3649,2.0108386281965918,0.9728894458770048,5.386493950794209,5.536594084375733,0.312420609741273,18.910740824713788,-71.08925917528622,71.08925917528622
3650,0.8606370140730026,0.7793291303051102,1.0227728597028605,1.3123760166676193,0.8928424163560074,51.71287101710132,-38.28712898289868,38.28712898289868
3651,1.1237553499514827,0.9731934652452764,1.43092770560134,1.4703424927341653,0.7317862043329421,-85.9874069629851,4.012593037014881,4.012593037014895
3652,1.927595110101428,1.1903482562228571,3.80286435758866,3.1947493833911125,0.3538513225472691,67.25673986338234,-22.743260136617664,22.743260136617664
3653,1.1074287385521373,0.9087208253899124,1.421134897453617,1.5638850323957734,0.8920472725090755,-52.07975696306668,37.92024303693333,37.92024303693332
3654,0.8097519128234426,0.4458966410162736,1.7592916464922486,3.9455144638060657,0.4408374162787053,-67.34994343739594,22.65005656260405,22.650056562604064
3655,2.694670665894319,1.8256316163061637,6.445018238964392,3.530295039480487,0.3152423703373549,60.62263863858955,-29.37736136141045,29.37736136141045
3656,1.191922542518033,1.0813372914923456,1.4603101883188074,1.350466870797958,0.7288076418295343,-78.10189918684868,11.898100813151302,11.898100813151316
3657,0.979419278671245,0.8680903262698303,1.1534851046293728,1.3287616158400004,0.9587201775654066,61.612704066536224,-28.387295933463776,28.387295933463776
3658,0.9917395023300404,0.6273519067510855,1.7156738482270515,2.734787014695055,0.6022527630916947,-31.26057732612895,58.73942267387105,58.73942267387105
3659,3.05177692308371,2.596334797445284,3.952744983341044,1.5224326952095804,0.5821258353141775,-4.101492609667909,85.89850739033209,85.89850739033209
3660,0.9019708538191776,0.6159363204288967,1.5029907439013053,2.4401722938740216,0.625002190271475,50.30747255837243,-39.69252744162757,39.69252744162757
3661,1.2660243778180809,1.0649035118880308,1.548601301315333,1.4542174798256846,0.90560090201515,-61.39785279454383,28.602147205456163,28.60214720545617
3662,2.785515194202768,1.9758544194057328,4.180179557645918,2.1156313524875827,0.5896156604962308,89.71886611957255,-0.281133880427447,0.281133880427447
3663,0.979419278671245,0.7500650322086135,1.3402872213661738,1.7868946875441107,0.9049067955772644,-82.22615372156149,7.773846278438498,7.773846278438512
3664,3.3981720316617614,2.4488568659442893,5.380819685487951,2.197278150600723,0.560249285264169,24.47850497241103,-65.52149502758897,65.52149502758897
3665,1.039561305877423,0.699577262861257,1.767442065910773,2.5264429816972185,0.606139273246838,-46.36297614536,43.637023854640006,43.63702385464
3666,1.1291450947814663,0.6551474993436577,2.411905286449641,3.6814691178184233,0.3915837318904961,66.39629713143046,-23.603702868569542,23.603702868569542
3667,5.0939815043624,3.364518144194259,8.463483754260343,2.5155114020902967,0.4840688883321689,57.36888778646691,-32.63111221353309,32.63111221353309
3668,0.8246109854774907,0.8514395601922145,1.0346128119877749,1.2151335929871625,0.5869054699205006,10.187353078151329,-79.81264692184867,79.81264692184867
3669,0.8535534614000618,0.793029431236891,1.0266348974611903,1.2945735139488384,0.8782056554321384,25.527339412852893,-64.4726605871471,64.4726605871471
3670,2.173351160309283,1.564958874754146,3.0786303170092038,1.9672276164399876,0.7763252482257392,-85.25140825742275,4.748591742577247,4.748591742577247
3671,1.3585539723246187,1.1903659254655046,1.6174969571750064,1.3588233017863545,0.8998299999569063,-54.13945084550765,35.86054915449233,35.86054915449235
3672,1.4824989352200384,1.4707367044771074,1.6618875496633645,1.129969453134861,0.7501855595981848,71.84778075684379,-18.15221924315621,18.15221924315621
3673,4.940297828489584,2.60096552544592,13.58411509660533,5.222720164380655,0.2318878682486701,-55.062737798084406,34.93726220191559,34.937262201915594
3674,1.2466946262544771,0.868703424122394,1.997620169177324,2.299542184026057,0.6788196116495515,-71.73549869920198,18.26450130079803,18.264501300798017
3675,1.4068535956126136,1.1179078723627225,1.9050704782702024,1.7041390667048393,0.7399090153229183,19.44885599117868,-70.55114400882132,70.55114400882132
3676,1.0511768765181757,0.6014790125750085,2.3327110844369336,3.878291736980646,0.4497735312034456,88.54266374233555,-1.4573362576644513,1.4573362576644513
3677,1.2991595879263365,0.8431874540587179,2.119485629583301,2.513658877846283,0.7319138534298316,71.21779071969326,-18.782209280306745,18.782209280306745
3678,0.9978425722559162,0.6018929455519498,1.89992103253975,3.156576342321936,0.514953087695859,-69.27257327625676,20.727426723743235,20.727426723743235
3679,0.8815462242933692,0.6793099743424051,1.343707911807321,1.9780482586143024,0.7453247304253701,88.86903916925043,-1.1309608307495722,1.1309608307495722
3680,3.519291078464021,1.8919466855586624,8.212216221763157,4.340617145529245,0.3434888866705813,75.37897997110419,-14.621020028895813,14.621020028895813
3681,2.3582391321080944,1.983307101274843,3.060288729624732,1.5430231292257357,0.6757628068485123,-63.8473219727812,26.152678027218798,26.152678027218798
3682,1.2171245375823248,1.088944315881391,1.5841244665862373,1.454734134228019,0.6779752709274961,-50.58046949862131,39.41953050137869,39.41953050137869
3683,0.84641062903508,0.7405602435526706,1.068321157006607,1.4425850784016938,0.946629896104946,49.72350049579105,-40.27649950420895,40.27649950420895
3684,1.3894843667311525,1.0933360495117328,1.8346765823060691,1.678053680865465,0.8571453531176988,3.74918829469297,-86.25081170530703,86.25081170530703
3685,0.979419278671245,0.8939038633664997,1.266147534745493,1.4164247260069995,0.8135142928179845,-53.65383576423528,36.34616423576472,36.34616423576472
3686,2.476285939639421,1.8106128267057973,3.8146836439281406,2.1068466917184723,0.6346651809565711,44.25792031943621,-45.74207968056379,45.74207968056379
3687,1.1291450947814663,0.8625564855444949,1.7436715629392914,2.0215157988622465,0.6788258421275598,68.23358670259167,-21.766413297408334,21.766413297408334
3688,1.937021059271256,1.838734023026632,3.753682532219247,2.0414494348891914,0.2965228637704404,78.53409394191807,-11.465906058081927,11.465906058081927
3689,0.8392070033186643,0.6298993180328981,1.187911315888305,1.8858749039418128,0.9245628810667732,-11.989048714971725,78.01095128502827,78.01095128502827
3690,1.4111624987975715,1.0970914331886237,1.9741675930391671,1.7994558459921426,0.7109838610142519,25.612833564122973,-64.38716643587702,64.38716643587702
3691,2.5772038167136704,1.5603324204117592,4.7173726873345405,3.023312613147949,0.4973682240702198,65.86318586922101,-24.136814130778987,24.136814130778987
3692,3.2050904061662875,1.5486439943130712,7.020216998443149,4.533138038324355,0.4266095054134508,62.65929572257089,-27.34070427742911,27.34070427742911
3693,0.8952144227026446,0.8302440489521836,0.9918679972800812,1.1946704086971494,1.1558610899067558,69.09833536683881,-20.90166463316119,20.90166463316119
3694,1.7106596985948357,1.337827953062447,2.4108427579361225,1.8020573964069275,0.5684292000350407,-72.44765112950279,17.552348870497212,17.552348870497212
3695,3.928510135483642,1.9592240537183017,8.815881448587355,4.499680080926011,0.4045098314074325,55.32937675287701,-34.67062324712299,34.67062324712299
3696,1.3495865213724043,1.2453485061299574,2.2027841175837426,1.7688093788534025,0.4173724719690745,-63.89464727915221,26.105352720847804,26.10535272084779
3697,0.9350209696908578,0.6531853548413135,1.5669865559271583,2.3989921762833246,0.5794532297898304,-62.75125176751651,27.24874823248348,27.248748232483493
3698,2.9588485422780244,2.042807107145511,6.296399233520557,3.082228964005684,0.2736756984547535,-69.15729191528199,20.842708084718026,20.842708084718012
3699,1.1345092346885122,0.7521106909689595,1.8870472759890395,2.509002063988637,0.6602872652472704,-89.09947852960455,0.9005214703954607,0.9005214703954465
3700,1.1970053909181526,0.8817518493929578,1.9942492079978904,2.261689850008062,0.5402297482060633,-81.77402176323551,8.22597823676449,8.22597823676449
3701,10.682498069877754,10.522632325257158,14.706749432558569,1.3976302675955332,0.1512839561509808,38.592199474368606,-51.407800525631394,51.407800525631394
3702,2.8586608555346973,2.686916945725541,3.202820353825453,1.1920057145497676,0.6098692130862865,89.10246622278363,-0.897533777216367,0.897533777216367
3703,2.119610024049903,1.704530719115824,2.747815880798983,1.6120659193659663,0.8303701048265704,-24.386108812620133,65.61389118737986,65.61389118737986
3704,0.8884066096615684,0.654848598232915,1.3076459324999008,1.9968675752357652,0.7309748480523396,50.95115040136863,-39.04884959863137,39.04884959863137
3705,2.4442051456532488,1.78467115644038,3.855034003523046,2.1600808583762365,0.5156684082290115,27.39642827538392,-62.60357172461608,62.60357172461608
3706,1.4111624987975715,1.1849559399077747,1.8834328780146816,1.5894539320687902,0.721370358545629,-17.673366911950296,72.3266330880497,72.3266330880497
3707,0.8952144227026446,0.7496155360010056,1.1307626595136702,1.508456809134427,0.9737207036932144,29.044802768653344,-60.95519723134666,60.95519723134666
3708,1.270810876469873,1.1273526428394645,1.6378050888130122,1.452788618730578,0.6888514704804151,5.018533612634382,-84.98146638736561,84.98146638736561
3709,1.2803301921000927,1.2135780257219302,1.499447427471613,1.235559144686742,0.8035104035071761,-56.32120856648983,33.678791433510185,33.67879143351017
3710,1.5068704138297195,1.0560771349941798,2.340992913827495,2.2166874333856272,0.7296586558668449,-54.29649969957788,35.70350030042212,35.70350030042212
3711,1.3630155737347494,1.3188725701559978,2.132807890101909,1.6171447783235329,0.4634700423409695,-13.46058050998998,76.53941949001002,76.53941949001002
3712,2.105239620905539,1.8447285036750647,2.838710932129441,1.5388231528239336,0.5227926907986837,75.98937082678661,-14.010629173213388,14.010629173213388
3713,1.3630155737347494,1.1940289935983224,1.758852745131413,1.4730402314862887,0.6267826622774828,59.40600510964549,-30.59399489035451,30.59399489035451
3714,1.1237553499514827,0.9133029426080984,1.6241385273872204,1.7783130346095295,0.6526151088384777,-31.55533945209128,58.44466054790871,58.44466054790872
3715,2.5748469768821303,1.7106833315888808,4.0823951756916745,2.386411967842085,0.6221686220178074,66.3388847060313,-23.661115293968706,23.661115293968706
3716,1.2020667470700563,1.0999353635490154,1.406089511619341,1.2783383080643018,0.7233125819582441,-83.92839870045717,6.071601299542834,6.071601299542834
3717,6.554416225688192,5.979735856052224,11.208710873479252,1.8744491635252865,0.2925870200188508,9.372598448753577,-80.62740155124642,80.62740155124642
3718,2.451645665591017,2.058599313842492,3.620999425539257,1.758962708862687,0.3953021020182347,-24.475804381221497,65.5241956187785,65.5241956187785
3719,1.0337045758596148,0.8868568939416233,1.3652561754833368,1.5394323309767313,0.7199422869310081,-32.17345129219686,57.82654870780314,57.82654870780314
3720,1.021890421280174,0.8396753607752234,1.345001173890299,1.601810933988271,0.737735377501794,84.54809667442012,-5.4519033255798774,5.4519033255798774
3721,1.021890421280174,0.8212886953616355,1.4353458678419275,1.7476751792010314,0.7092509854123971,-69.4211210168181,20.57887898318188,20.578878983181895
3722,0.9917395023300404,0.7514946182440781,1.5524994588916818,2.0658823379456925,0.7144568812766832,-57.37017232328176,32.629827676718236,32.62982767671824
3723,0.928505064734256,0.5292412898407781,1.8771786816413096,3.546924092423057,0.4650930210499428,-12.27613881853872,77.72386118146127,77.72386118146127
3724,1.749264059016166,1.4835407215319638,2.25809221057614,1.522096547673018,0.6443176492551955,67.99145162749204,-22.00854837250796,22.00854837250796
3725,1.021890421280174,0.9410660298872936,1.2489098885921546,1.3271224854877928,0.7785608325471716,83.01930089562163,-6.980699104378374,6.980699104378374
3726,4.259223219737828,3.148286152806823,8.678785940774667,2.756669984727145,0.2872805618280993,54.93841032884735,-35.06158967115265,35.06158967115265
3727,1.1345092346885122,1.114944846897242,1.5568067600888504,1.3963083146410848,0.6009051461157131,88.78690184103891,-1.2130981589610883,1.2130981589610883
3728,1.4451712930335778,1.3443305828042973,2.8701308893937,2.134988912776615,0.3195900363641275,10.453928975281537,-79.54607102471846,79.54607102471846
3729,5.838164247276637,4.258652629799166,10.62278542877004,2.494400542190031,0.3623623676292961,-76.04020923004711,13.959790769952889,13.959790769952889
3730,3.3186293227312493,2.6971864235576417,5.086834394615626,1.8859780511226183,0.4328159036720598,2.0683356176508907,-87.93166438234911,87.93166438234911
3731,1.526882849696625,1.212084589608642,2.7124009960932067,2.23779843366294,0.4426585790969776,-51.8855363690394,38.114463630960586,38.1144636309606
3732,1.1504515979244476,0.9688726497941552,1.4509169958181212,1.497531173086969,0.8710447219963839,-72.48233550700962,17.517664492990377,17.517664492990377
3733,6.238341131335886,3.7326565615816896,12.44484003014762,3.3340436830529616,0.2783733579703404,28.07938579992459,-61.920614200075406,61.920614200075406
3734,1.5622593457610967,1.160960991345373,2.297806670586864,1.9792281460930607,0.6365133975057258,34.67990350829441,-55.32009649170559,55.32009649170559
3735,0.8815462242933692,0.7557079072758727,1.0699006247834335,1.4157594680200485,1.1078110643099623,24.55546258894762,-65.44453741105238,65.44453741105238
3736,1.1128975557056655,0.8476993509629884,1.8489217740303168,2.1811055675929647,0.4958080028459678,-60.20994615862748,29.790053841372526,29.79005384137252
3737,0.9350209696908578,0.7606540343512743,1.2942598538042869,1.7015092214795118,0.8280217805844963,-30.50309805567669,59.49690194432331,59.49690194432331
3738,5.012280278189006,4.269313853993719,7.708478158074733,1.805554340040814,0.2828044106580202,9.07931587876696,-80.92068412123304,80.92068412123304
3739,3.5910161727544576,2.409568402367115,6.294251570796986,2.6121904506274363,0.5038520852245848,41.63638214395671,-48.36361785604329,48.36361785604329
3740,2.649226080790764,2.0563998580754195,3.821756392236189,1.85846948842574,0.6561435957806383,-75.4617669920933,14.538233007906683,14.538233007906697
3741,3.3423276084952747,1.9262395147005973,8.72714401765395,4.530663996377648,0.2221392368750076,79.75474182849511,-10.245258171504886,10.245258171504886
3742,1.3938469657443524,0.8578325011865611,3.1049294249102792,3.619505463613834,0.3549119596435647,66.61197986947059,-23.388020130529412,23.388020130529412
3743,2.5224394277803315,1.9287434582810208,4.768138256979806,2.472147468087526,0.3125453592452651,22.731095328857503,-67.2689046711425,67.2689046711425
3744,2.4713775385009384,1.670273038767977,4.087034047582905,2.446925713772865,0.4275593611153367,-82.8219975230892,7.1780024769108195,7.178002476910805
3745,1.2319983017676563,0.8185809366782447,1.9676944399375464,2.4037872759685066,0.6579803920693057,-79.64811858970867,10.351881410291327,10.351881410291327
3746,1.6964039525710572,1.1980614737649335,2.6709613982138385,2.229402628080749,0.650454917304937,-81.37752255253284,8.622477447467162,8.622477447467162
3747,7.137939168181809,6.104121018216148,11.167840734356847,1.8295575564490545,0.3783506310059702,1.074128235744168,-88.92587176425583,88.92587176425583
3748,1.7106596985948357,1.660807368841833,1.862015975581971,1.1211510802004998,0.7975711255891514,46.23801505147415,-43.76198494852585,43.76198494852585
3749,2.1872741160266225,1.7642751610365108,3.0339002663415324,1.7196298702970558,0.696064029348602,-81.12623742634919,8.873762573650822,8.873762573650808
3750,3.3981720316617614,3.001199866039767,4.3164123494415865,1.4382288891466957,0.6313364020681992,36.46413096933781,-53.53586903066219,53.53586903066219
3751,2.7460023386177363,2.2926083897238416,4.986041773756227,2.1748336070412906,0.3486191104312985,-52.27589736407776,37.724102635922236,37.72410263592224
3752,3.804461822802904,3.786091312293616,8.079180402049472,2.1339106048013146,0.2973541399242189,-39.23088168757693,50.769118312423075,50.76911831242307
3753,3.3423276084952747,2.6867338485318992,4.9656942776390425,1.8482270881994605,0.5254387896825723,58.19551009548879,-31.804489904511207,31.804489904511207
3754,5.576476699598079,3.005856089091499,12.695215211428373,4.223494018060398,0.3092805758293443,72.56729338718937,-17.432706612810634,17.432706612810634
3755,1.3223193364400538,0.7808994962179285,2.843037774083973,3.640721741854673,0.442546767335398,-50.13533680817496,39.86466319182503,39.86466319182504
3756,2.5463947557410336,1.6001150718829027,4.34135971371756,2.713154691186649,0.6022160943676166,17.040365295033777,-72.95963470496622,72.95963470496622
3757,1.3084726790995154,0.9215354773194744,2.065952950903942,2.2418593768232378,0.6496141075996528,-84.41112270006225,5.588877299937735,5.588877299937749
3758,1.2515550525870838,0.9977224587842112,1.6150007136316389,1.618687340765708,0.9297406006616176,45.71640630885476,-44.28359369114524,44.28359369114524
3759,4.247804370184452,2.835775577348222,8.498845672821037,2.9970092629009946,0.2492296712184514,-78.98433203385382,11.015667966146168,11.015667966146182
3760,4.893375666168412,4.652559942227756,7.227345230686994,1.553412598748028,0.3670779060780374,20.060608377678417,-69.93939162232158,69.93939162232158
3761,3.099155335386319,2.1396942447344616,4.807201504000605,2.246676839847828,0.5298286467360271,-49.93966332605236,40.06033667394763,40.06033667394764
3762,2.0644704023279083,1.635772383092279,3.041505420332831,1.859369586973428,0.5709375926867202,-55.31054867156112,34.68945132843888,34.68945132843888
3763,1.67479282872596,1.224557287177793,2.770794800163627,2.2626910387748453,0.5664553093099141,-26.09686833673464,63.903131663265356,63.903131663265356
3764,3.089344752569896,2.780111872623704,5.324107940783414,1.9150696751490213,0.4584695310763215,-68.43697417177478,21.56302582822522,21.56302582822522
3765,1.0569367929308613,1.0317175842590371,1.2214207750100894,1.1838712392280235,0.8288252839672244,-52.99477231973906,37.00522768026093,37.00522768026094
3766,1.4111624987975715,0.9551772666671816,2.2039351335462065,2.307357189557294,0.7760980126196321,71.4966615563679,-18.503338443632103,18.503338443632103
3767,4.349494934026222,4.782366281143166,7.553153779977546,1.5793758436612382,0.1867710121484052,-28.22682229941591,61.773177700584085,61.773177700584085
3768,1.833981655109284,1.0751366744134423,3.67148085278742,3.4148968593136804,0.4180183348623144,-52.93869154350902,37.06130845649096,37.06130845649098
3769,3.447834798167294,2.695427923219357,5.03583554402787,1.8682879629788745,0.5244815272737131,67.5889025067472,-22.411097493252797,22.411097493252797
3770,2.399077476989314,1.9202218639219968,3.0471443873378634,1.5868709989137195,0.8271459561108578,85.36985224626896,-4.630147753731038,4.630147753731038
3771,3.954695358622917,2.0564585404240248,8.333833978229436,4.05251738092958,0.3936068423588905,87.2213430784133,-2.778656921586702,2.778656921586702
3772,1.2020667470700563,1.1597547753759787,1.386469444658709,1.1954850060515871,0.8027008162555154,80.57791336275451,-9.422086637245485,9.422086637245485
3773,1.1504515979244476,0.8029380176563735,1.9261161033573373,2.3988353534178284,0.6106016251454919,-40.46230490916479,49.5376950908352,49.53769509083521
3774,1.8829835605082688,1.888764955814683,1.9592788281987823,1.0373333231152018,0.820523648164719,11.807126464471194,-78.1928735355288,78.1928735355288
3775,1.470161697690137,1.3947380703425372,1.658921781509735,1.1894145695057396,0.8638398588125336,-84.70210678453121,5.2978932154687755,5.29789321546879
3776,1.3851080271465486,1.2628597241640325,1.6431537285100657,1.3011371707160695,0.8161462375446457,61.57551492318887,-28.42448507681113,28.42448507681113
3777,3.496792306405741,2.150562222238006,6.032481327221212,2.805071745816982,0.4957279749293662,62.54679630472648,-27.453203695273523,27.453203695273523
3778,2.093672282696752,1.4539583845685322,3.704999559218559,2.548215683847122,0.4823791552003275,39.133188607327945,-50.866811392672055,50.866811392672055
3779,1.2221025728266244,1.0938638332416732,1.622705110542186,1.4834617081481594,0.5882902652794563,37.46137883484773,-52.53862116515227,52.53862116515227
3780,1.1128975557056655,1.110262552230588,1.3947007377374987,1.2561900200411662,0.6799397123307054,49.184556030948464,-40.815443969051536,40.815443969051536
3781,4.137753922057065,3.1940715988077337,7.958054995891392,2.491508017184691,0.2928416960391751,81.53500707172607,-8.46499292827393,8.46499292827393
3782,0.8952144227026446,0.8655470718143703,0.99923873456377,1.154459147402756,0.799315838669516,-80.060719459245,9.939280540754993,9.939280540754993
3783,0.928505064734256,0.8048579603549303,1.1025659260088372,1.3698888255048407,1.0934520822648963,78.33413409056575,-11.665865909434245,11.665865909434245
3784,1.6232483481616002,1.363121180722131,2.5969456205990205,1.9051465543388115,0.4647664149810868,32.687562725962366,-57.312437274037634,57.312437274037634
3785,1.2991595879263365,1.026657279329374,1.7786990989306442,1.7325149636035442,0.760756067227015,-49.025043530541375,40.97495646945862,40.974956469458625
3786,4.800684959403041,3.1990320854577114,8.259517743200314,2.581880244573589,0.3826096813780807,-77.68134505028023,12.318654949719757,12.318654949719772
3787,5.602545295287445,4.524313340880356,9.33168496635342,2.0625638109622244,0.2430861427239091,46.6635515986281,-43.3364484013719,43.3364484013719
3788,1.0039085404212729,0.9517768319157364,1.220615761924878,1.282460048400235,0.7862494892412526,51.60333821598253,-38.39666178401747,38.39666178401747
3789,2.6469333706418685,1.8915308497721517,4.30545509960451,2.276174930016676,0.4393349474004863,32.67500541185715,-57.32499458814285,57.32499458814285
3790,2.2770315083343613,1.6774085822369649,3.272111137340121,1.950694167175708,0.7143155824988946,59.21994327076012,-30.78005672923988,30.78005672923988
3791,2.122472429167761,1.2407647190468627,3.76821876969221,3.0370131515239254,0.6387971368351562,-76.38057009612189,13.619429903878114,13.619429903878114
3792,0.973200680696656,0.7480778574248066,1.619948982269626,2.1654817960341197,0.5171866676650941,-69.66334263683179,20.33665736316823,20.336657363168214
3793,1.0099380753567209,0.5724533688289094,2.145039180646536,3.747098536662869,0.4120642996198675,72.68428400772326,-17.315715992276736,17.315715992276736
3794,2.1761428777867904,1.945648631262635,2.5435857280911094,1.3073201847552716,0.8482455281231556,-18.127849031641684,71.87215096835831,71.87215096835831
3795,0.9606427264386592,0.8326104402783147,1.2657596072948942,1.5202302854523322,0.7716264330861398,82.24347131670338,-7.756528683296622,7.756528683296622
3796,2.728257388058968,2.3768039390449944,3.9510871439996,1.6623529939062436,0.3825706675772455,76.90846609219389,-13.09153390780611,13.09153390780611
3797,2.2823579051052425,1.5870787633305108,3.4476907541416524,2.172350127668911,0.6955791454834361,50.757602134624605,-39.242397865375395,39.242397865375395
3798,1.3495865213724043,1.0471530420397663,2.0371195028667453,1.9453885163706417,0.6783427357812044,45.20291544714411,-44.79708455285589,44.79708455285589
3799,1.0569367929308613,0.8817508049700209,1.5811427221234493,1.793185459215098,0.6186818931319523,7.297293394866999,-82.702706605133,82.702706605133
3800,0.8606370140730026,0.6986679072687413,1.1413753086539662,1.633644964623999,0.9102168749277568,-27.6861706135,62.313829386500004,62.313829386500004
3801,2.9341223549550866,2.92037825535347,3.490955037743083,1.1953776985373947,0.5386583251899377,67.19288968183122,-22.80711031816878,22.80711031816878
3802,0.9479184199131095,0.8825878066194464,1.1525226115929086,1.3058447023049031,0.7456718673909299,-21.110257141996712,68.88974285800329,68.88974285800329
3803,5.550285666213322,4.6855874028508655,8.38664600391693,1.7898814562319805,0.2971259965278426,17.190162555781285,-72.80983744421872,72.80983744421872
3804,1.085277926096956,0.7286847897437865,2.328053992898775,3.1948711235174048,0.3291788207599007,85.8113604858069,-4.188639514193099,4.188639514193099
3805,1.1237553499514827,0.8813218163650071,1.620400501035944,1.838602506992566,0.730057644160885,-87.61512956411704,2.3848704358829593,2.3848704358829593
3806,1.1237553499514827,0.9519661178678254,1.4600929981464683,1.5337657199572658,0.750456666057125,-88.7907743787608,1.2092256212391987,1.2092256212391987
3807,1.2466946262544771,0.929829582326168,1.871936322490849,2.013203664490647,0.641882439141707,-51.50126316670622,38.498736833293776,38.49873683329378
3808,3.831494911399562,2.9074518976843318,5.273221057104605,1.813691590668968,0.4860011023978807,66.08933605386017,-23.910663946139834,23.910663946139834
3809,1.2563966762852905,0.9350439111131936,1.870757766333879,2.0007164841132368,0.7262151091090383,59.84839179160161,-30.151608208398393,30.151608208398393
3810,1.2121260584033826,0.8866425904139343,1.822742490920284,2.055780435800321,0.6878660559961663,58.70970973521462,-31.290290264785376,31.290290264785376
3811,0.771352946256698,0.4448761769157989,1.5925519319928063,3.57976447071974,0.4916928656823634,76.97166683511522,-13.028333164884785,13.028333164884785
3812,1.7142051110999064,1.3487274410349943,2.2609955868252944,1.6763917734855596,0.885010491625814,-69.33192953229171,20.668070467708276,20.66807046770829
3813,1.1345092346885122,0.9912991830517308,1.3578995590132612,1.3698180955147616,0.83691006420496,51.26994063490496,-38.73005936509504,38.73005936509504
3814,1.2612197138901655,0.8256693479447151,2.249944114074074,2.724994114986481,0.5049572122148261,-59.59911029425291,30.40088970574709,30.40088970574709
3815,1.9054199009183423,1.1587547351703964,3.8475627681281472,3.320428949584709,0.4800962019401141,2.104645363637834,-87.89535463636217,87.89535463636217
3816,0.9350209696908578,0.767211834259312,1.2300173802751937,1.6032304578078973,0.774050978531804,69.3500537502639,-20.649946249736104,20.649946249736104
3817,2.178931018427761,2.1374309862956338,3.6095436951568223,1.6887299371534312,0.2768354376731977,-78.44048404406728,11.559515955932739,11.559515955932724
3818,2.441719933881311,1.8921563359300275,3.2632683345558147,1.724629340921696,0.7634857899228122,60.12696263764107,-29.87303736235893,29.87303736235893
3819,7.232575068632493,7.129933212041009,12.840745246274029,1.8009629072806206,0.2638110542482755,-5.099541999062022,84.90045800093797,84.90045800093797
3820,1.2071068813224677,0.8746450472912651,1.919359192332296,2.1944435611639963,0.6316611763865334,78.05301025939326,-11.946989740606739,11.946989740606739
3821,1.2270604129519955,1.0832361959513614,1.7654997100289551,1.6298381799164217,0.6055066909321006,-70.24262217677618,19.757377823223806,19.75737782322382
3822,1.0099380753567209,0.616920638193652,1.8300657130379232,2.9664524085243262,0.6198153197641328,-82.87371222337448,7.1262877766255315,7.126287776625517
3823,0.9917395023300404,0.9643893645225868,1.0560922865778346,1.0950891055301557,1.0103077227768458,-2.903242184157164,87.09675781584284,87.09675781584284
3824,1.1451621372724683,1.034298218740328,1.4059702081925327,1.3593470265325065,0.7827303574292106,-78.74448375358699,11.25551624641301,11.25551624641301
3825,1.843886218520761,1.3440507212538568,3.175487121359032,2.362624468812188,0.4018955543237432,9.489925072462444,-80.51007492753756,80.51007492753756
3826,1.096409273000846,0.8267544596956342,1.617872548573569,1.9568960646056643,0.7206491974201932,-78.290238316526,11.709761683474,11.709761683474
3827,3.435486411817406,2.739986937516805,4.576928935473889,1.670419983688633,0.6949908141852347,39.785258168967765,-50.214741831032235,50.214741831032235
3828,1.139848131163964,0.6823402005952386,2.5616323039260287,3.754186403924893,0.394422171052147,-83.28191073301102,6.718089266988983,6.718089266988983
3829,3.669618155017498,2.9420038667650346,6.122222518675338,2.0809702488281245,0.3861839552591115,89.20400935555448,-0.7959906444455243,0.7959906444455243
3830,2.439232190052617,1.608946291482111,4.369296829171134,2.715626278081833,0.4603144284206149,-67.69846856699645,22.30153143300356,22.301531433003547
3831,1.3360224934845466,0.7846257258569214,2.5706600197021827,3.2762882161359945,0.5447956340975129,74.64110808022855,-15.358891919771452,15.358891919771452
3832,1.062665489594652,0.9054747158115268,1.9418907914023584,2.1446107301427517,0.4747902971061616,74.99802001440318,-15.001979985596819,15.001979985596819
3833,1.0278144733504384,0.9624107452172452,1.1357015007198736,1.1800590406578548,1.0360086331499423,-79.60076206005817,10.399237939941827,10.399237939941827
3834,1.0159318257539256,0.9020998200127888,1.1777775004948243,1.305595538726665,1.0080918869286284,5.969110643115742,-84.03088935688426,84.03088935688426
3835,1.186817925731738,0.6268452089233836,2.771639208084744,4.421568783855072,0.3510292537667809,55.20335608586032,-34.79664391413968,34.79664391413968
3836,1.4111624987975715,1.1753483772137263,1.800107131058864,1.5315519772326456,0.704270442378381,74.67524545606591,-15.324754543934091,15.324754543934091
3837,2.3582391321080944,1.5699705271953095,4.343799171492406,2.766803004418453,0.4833908970510868,26.584789511565937,-63.41521048843406,63.41521048843406
3838,1.2171245375823248,1.0081552602969877,1.67078420858673,1.6572687505439805,0.6496396945779297,-80.95120313742937,9.048796862570612,9.048796862570626
3839,1.021890421280174,0.8788007691655914,1.2574410694922644,1.430860228634286,0.906075200808754,-72.85502476054985,17.14497523945016,17.144975239450147
3840,2.119610024049903,1.3127177114600483,3.8477915863930394,2.9311645244074573,0.4869054901312862,-44.23654799180048,45.76345200819952,45.76345200819952
3841,1.0683634687220958,0.8528376393980865,1.4489507302087197,1.6989760574256032,0.7641859784340934,-22.58770151012608,67.41229848987392,67.41229848987392
3842,1.0278144733504384,0.7133329622099467,1.8932587147373063,2.654102382808558,0.5696945845660837,-72.84695644182453,17.153043558175455,17.15304355817547
3843,1.1557168501373432,0.9342558283072628,1.500728844558436,1.606336079569919,0.8414076983532353,83.78281045354473,-6.217189546455273,6.217189546455273
3844,1.7388205981619584,0.9997831126508796,3.660362125544079,3.661156184003544,0.3877630402041753,-74.60661064150176,15.39338935849824,15.39338935849824
3845,1.593045740590529,1.10180137151319,3.2992167635494374,2.994384331740634,0.2965156949421791,-81.63465023509427,8.365349764905716,8.36534976490573
3846,1.1019327803667114,0.9449240499785874,2.24736304926212,2.3783531060650294,0.3132131829366929,84.9859244100817,-5.014075589918306,5.014075589918306
3847,0.9219431092603804,0.5216279241322634,1.9926872910652464,3.8201315513929095,0.4360387600689521,85.01839324524128,-4.981606754758715,4.981606754758715
3848,4.422856744561881,3.320326438570772,8.58274766198754,2.5849107974100187,0.2802988955465418,63.4580073798543,-26.5419926201457,26.5419926201457
3849,1.8990365667271207,1.9361121920228632,2.016325660080421,1.0414301755797273,0.7452547334739472,75.82423528828205,-14.175764711717946,14.175764711717946
3850,1.1019327803667114,0.5873271734438834,2.409288150184256,4.102122733496262,0.4427378416316546,86.56370327242784,-3.436296727572156,3.436296727572156
3851,1.3585539723246187,1.002175503809188,1.910990387111761,1.9068420449793888,0.8028294226072032,63.13159446941148,-26.868405530588518,26.868405530588518
3852,0.9606427264386592,0.7093580142048773,1.781081876340202,2.510836334649189,0.506808493617399,-3.7701524822643417,86.22984751773566,86.22984751773566
3853,8.57527459759586,6.60402248094248,20.229276992691204,3.063175065055839,0.0899412403162802,69.37191503318348,-20.628084966816516,20.628084966816516
3854,1.1451621372724683,0.7730870626886154,2.222579887419444,2.874941251364151,0.3773054741548149,-47.36954997495052,42.63045002504947,42.63045002504948
3855,2.173351160309283,1.880566488628172,3.2978620046242684,1.7536534999248974,0.5037823114034815,64.10846364104374,-25.89153635895626,25.89153635895626
3856,3.347772620427371,4.395888654183584,5.172108122464786,1.1765785099089057,0.1862620000640962,36.37826739466091,-53.62173260533909,53.62173260533909
3857,0.7634414248483123,0.4665023116132102,1.3492431509106833,2.892253944562181,0.7665199117809854,11.445421226004475,-78.55457877399553,78.55457877399553
3858,1.69282125807016,1.1271234194156825,3.70169184038382,3.2841938838453317,0.3705150265128742,-49.229171837984346,40.77082816201565,40.770828162015654
3859,2.260977031904715,1.7941162967341358,4.095062648349751,2.2824956530432683,0.3941439817045476,48.12974013770347,-41.87025986229653,41.87025986229653
3860,1.1557168501373432,0.7890060505354686,1.7815803421170462,2.258005931523535,0.761412936031146,73.19180146743567,-16.808198532564333,16.808198532564333
3861,1.2071068813224677,1.0796600081137289,1.589475196704935,1.472199752477544,0.6781366117320409,87.029009182276,-2.970990817724001,2.970990817724001
3862,1.3223193364400538,1.151478540332188,1.6165664848006387,1.403905004025762,0.7781510478136586,-73.08220990569309,16.917790094306895,16.91779009430691
3863,1.0511768765181757,0.9785306593669542,1.2365251972903657,1.263655037738232,0.7853803822992875,-80.65925810819338,9.340741891806601,9.340741891806616
3864,1.0099380753567209,0.7586993830664019,1.8949083733228689,2.497574685858187,0.4132718851344333,-51.95333613973956,38.04666386026042,38.04666386026044
3865,0.979419278671245,0.9440293196584534,1.134136083343959,1.201378028972962,0.744306195457089,-46.65324737812383,43.34675262187616,43.34675262187617
3866,2.54877790530872,1.785652642574428,3.836587511658888,2.148563175269949,0.6743898160765198,-68.10213819987615,21.89786180012385,21.89786180012385
3867,4.794357442537659,2.397101363021719,9.846022741468158,4.107470336196604,0.4640834953494137,78.29991425777729,-11.700085742222711,11.700085742222711
3868,1.2369164782162358,0.741790354354011,2.306307923439562,3.109110154779531,0.5438974408709091,-28.14619075268253,61.85380924731747,61.85380924731747
3869,0.8746320295080829,0.6651001332744527,1.2813869110999152,1.9266075091450212,0.7245190580114342,80.23027695454545,-9.769723045454555,9.769723045454555
3870,1.2369164782162358,1.1070787928672547,1.4231837726491032,1.285530697379867,0.9606631471654876,64.33786103768311,-25.662138962316888,25.662138962316888
3871,1.0099380753567209,0.8417546001850227,1.3036191080308968,1.5486925853976368,0.851639469617755,68.61880014716199,-21.38119985283801,21.38119985283801
3872,2.743790495859625,1.8706595314018195,4.582509820146091,2.4496760330898315,0.5587808431588445,-64.09517168874304,25.90482831125695,25.904828311256964
3873,0.8884066096615684,0.7364349849303953,1.178519644771235,1.600303718437037,0.8344938468085773,-35.77556902801392,54.22443097198608,54.22443097198608
3874,1.933884181003576,1.5941596079433862,2.4618336324140686,1.5442830317285874,0.7751991972703098,-58.79409922968063,31.205900770319374,31.205900770319367
3875,1.096409273000846,0.9741472599903076,1.2998567318981196,1.334353424051157,0.9869394042767016,39.35613475771465,-50.64386524228535,50.64386524228535
3876,2.0467492985075517,1.4952980846224124,3.1598232156161496,2.113172783481534,0.494315377363765,-86.6036388568113,3.396361143188699,3.396361143188699
3877,1.085277926096956,1.0031129513644674,1.2974068372023488,1.293380606279256,0.8812637099597267,-44.21898731798742,45.78101268201257,45.78101268201258
3878,1.1128975557056655,0.7790471331132943,1.8687836952262848,2.3988069730236896,0.5599809166976945,78.40317121591677,-11.596828784083229,11.596828784083229
3879,1.340559085464394,1.223342574794519,1.569851029987148,1.2832472786707607,0.8446232202908984,-66.45890015283811,23.541099847161888,23.541099847161888
3880,3.891242793762745,2.248281739147466,8.159361053432466,3.6291541719884464,0.3264788066182592,63.69148939061119,-26.30851060938881,26.30851060938881
3881,1.1019327803667114,0.9200398168512792,1.6202425984574602,1.7610570420773064,0.6129375251893893,69.83327365856513,-20.166726341434867,20.166726341434867
3882,1.2563966762852905,1.0994677189350968,2.565783393646649,2.3336595967835883,0.3792468121890016,85.71414411915052,-4.285855880849482,4.285855880849482
3883,2.3088055769685463,1.7796237835939497,7.603179507579607,4.272352155366787,0.1278845616292045,87.1660109236318,-2.833989076368198,2.833989076368198
3884,2.004790979528443,1.8842043592684636,2.2754112208500663,1.2076244329110286,0.7207174517617931,70.38373013638824,-19.616269863611763,19.616269863611763
3885,0.8952144227026446,0.7697434001443615,1.086301410669564,1.4112513474825945,1.1021453060129571,3.871813704725822,-86.12818629527418,86.12818629527418
3886,2.181715595945335,2.0847576494960176,2.7148312496361613,1.3022287028386546,0.4831059670545139,-59.11994040331077,30.88005959668922,30.88005959668923
3887,4.335513879100734,2.9143885540863037,9.281173727889628,3.18460409641548,0.2531924622332993,-80.07102079261051,9.928979207389489,9.928979207389489
3888,1.398195952804615,1.1550173813252431,1.9152515465611928,1.658201493352137,0.6459787685325465,69.43567870455931,-20.564321295440692,20.564321295440692
3889,4.300362383888527,2.8609856077200924,8.41617391753718,2.941704388455136,0.3513482834910297,39.79179126905871,-50.20820873094129,50.20820873094129
3890,1.615750625177174,1.136785160149878,2.413927681230041,2.1234686780321623,0.7143983842055412,-77.80154602356036,12.198453976439623,12.198453976439637
3891,7.263567772714012,5.172412249401708,13.83537693474138,2.6748403390201,0.1923262697699062,4.114982985252468,-85.88501701474753,85.88501701474753
3892,4.719052058822055,4.028913762366214,6.115124910257528,1.517809829383408,0.4638706043185388,63.50992061126454,-26.49007938873546,26.49007938873546
3893,0.9978425722559162,0.6958030598169634,1.5688720832673733,2.254764564674489,0.6365569926007988,-62.41256143266082,27.587438567339177,27.587438567339177
3894,1.1237553499514827,0.7288527909080872,1.9439821113952125,2.66718071968028,0.5731391450997873,-45.36846969532506,44.631530304674925,44.63153030467494
3895,1.9773476793114584,1.1626809537197773,3.909948370261165,3.362872985707753,0.4468825334293047,72.70981969909485,-17.29018030090515,17.29018030090515
3896,1.1451621372724683,0.6378661138303808,2.2812970556686256,3.576451242988055,0.5712040647638474,87.87305989168267,-2.126940108317328,2.126940108317328
3897,1.1183396299962336,0.9510993690392896,1.3461558513143388,1.41536825187267,1.0173378930472192,-0.9817717244222892,89.01822827557771,89.01822827557771
3898,0.9479184199131095,0.7646016405446073,1.3723572257328658,1.794865656782228,0.6631435080083897,-89.47383454991557,0.5261654500844202,0.5261654500844344
3899,1.652899170550067,1.5734998279972787,2.474623287032565,1.5726873578259108,0.4620394214021656,-19.310481506067315,70.68951849393268,70.68951849393268
3900,0.8676627389239214,0.7863630308216992,1.109242237153082,1.410598150823538,0.7835079851356788,79.8011330274155,-10.198866972584497,10.198866972584497
3901,2.198348992480018,1.5990913775418916,3.153499908630574,1.9720573526436649,0.7405607017300925,76.00033034711558,-13.999669652884421,13.999669652884421
3902,1.0159318257539256,0.8327152220258788,1.3900659285841035,1.6693173029817674,0.7809100802356088,-79.95370439256322,10.046295607436775,10.046295607436775
3903,1.376313601551939,1.1669902554364011,2.22920303372362,1.9102156366250027,0.4780640325212857,-46.99263914905774,43.00736085094226,43.00736085094226
3904,1.2171245375823248,1.1537982835246732,1.5279020316209229,1.324236700156479,0.639803421413341,-30.1999265607304,59.800073439269596,59.800073439269596
3905,3.4758949540866126,1.9705789137531744,6.772548821599375,3.4368320772804504,0.3917222906716747,83.32053614690595,-6.679463853094049,6.679463853094049
3906,0.9350209696908578,0.6848014756542289,1.5439555770400877,2.254603168845484,0.6359148873332023,-68.03841788571582,21.96158211428417,21.961582114284184
3907,3.546785957926969,2.1986952659328423,7.190058904596882,3.270147990038242,0.4190416199391419,-84.69221532579526,5.307784674204754,5.30778467420474
3908,5.919748635002342,4.400215313131106,9.23221173742113,2.098127268879411,0.4281459833967262,57.50122542202316,-32.49877457797684,32.49877457797684
3909,1.7457898469292477,1.5153426353204025,2.098621136696105,1.384915257962352,0.8661083294796599,10.506887408395531,-79.49311259160447,79.49311259160447
3910,5.047285189518421,3.39506118596246,11.707032418186111,3.448253735924146,0.2434914066355925,-74.35859297332696,15.64140702667305,15.641407026673036
3911,2.131036575976748,1.7109567880790069,3.058688501222637,1.7877064590607274,0.4465426445132465,81.18578021450038,-8.814219785499617,8.814219785499617
3912,1.95883855734249,1.864617887771514,2.4562286716565698,1.3172825852229249,0.485109481560164,83.66508613246624,-6.334913867533757,6.334913867533757
3913,1.7561918645793366,0.9440586940755916,3.704021612705916,3.923507760640709,0.4568530150468255,-72.17507544030845,17.824924559691567,17.824924559691553
3914,3.5416469270347277,2.890683669534466,5.67313014725728,1.9625565422628608,0.2838332336833257,65.95234627754506,-24.04765372245494,24.04765372245494
3915,0.8319410050566239,0.6650880472033155,1.2553071117724697,1.8874299681839355,0.7737399085902821,-76.2980856768385,13.701914323161503,13.701914323161503
3916,4.300362383888527,2.20154732039154,8.921504345805099,4.052379098632516,0.4781967334803525,57.27296448891414,-32.72703551108586,32.72703551108586
3917,1.1291450947814663,0.9977708570128332,1.7305459481777938,1.734412200972448,0.5171013163002085,63.06947304774909,-26.930526952250908,26.930526952250908
3918,2.515208339531214,1.7168997880200432,3.835630717527049,2.234044610111089,0.6231604130951699,70.71343238067371,-19.28656761932629,19.28656761932629
3919,1.139848131163964,1.0586906214762304,1.2989118835007771,1.2269041183056708,0.9258455341831489,54.28867933693062,-35.71132066306938,35.71132066306938
3920,2.034849492430161,1.603424355115091,3.010058629500973,1.8772688713992476,0.5695809413649209,74.44666142628284,-15.553338573717156,15.553338573717156
3921,0.8884066096615684,0.5899993283090621,1.4233487210190403,2.4124582058395854,0.7401126347127944,-89.17727339722703,0.822726602772974,0.822726602772974
3922,1.0453852243082644,0.9941223874146214,1.3322604234754964,1.3401372309301458,0.6708004256483335,-76.04366067785733,13.956339322142668,13.956339322142668
3923,2.8458894103284416,1.9538096906109037,5.584008149723318,2.8580102640279925,0.3292747381122887,-42.01830166586252,47.98169833413749,47.98169833413748
3924,0.9019708538191776,0.6906588589849937,1.3400762529377923,1.940286779072371,0.7330201274520807,69.8616151937791,-20.1383848062209,20.1383848062209
3925,1.1019327803667114,0.819127551773188,1.5941567547385886,1.946164246688655,0.7918384981844907,-21.57652521775954,68.42347478224046,68.42347478224046
3926,3.704199121625056,2.506473308532016,5.694627673053536,2.271968208745358,0.6634460187877658,83.28001087113729,-6.719989128862707,6.719989128862707
3927,0.84641062903508,0.4440814293591205,2.045475368853772,4.606081753532714,0.4296432388301163,-83.93546190094861,6.06453809905139,6.06453809905139
3928,0.8172152218636723,0.6236752223633996,1.1714005781103187,1.8782220875655915,0.8202350523192712,22.799314033973445,-67.20068596602655,67.20068596602655
3929,1.096409273000846,1.0387452947418725,1.2235120325576945,1.1778749215530615,0.8241304152058956,-58.76546494910352,31.234535050896483,31.234535050896483
3930,2.087864581404573,1.1873799671260945,4.633391347743694,3.90219767557494,0.3607409377398253,80.66692305230788,-9.33307694769212,9.33307694769212
3931,0.9019708538191776,0.8493781432305552,1.0976927247595434,1.292348682984165,0.7424097469738706,-65.53309009619682,24.466909903803185,24.466909903803185
3932,1.6232483481616002,1.390081543892875,2.0685707877173534,1.488093124324486,0.7980975670508077,-18.960335268179247,71.03966473182075,71.03966473182075
3933,2.7724068146626104,2.328053019193513,3.665637147358156,1.5745505437964682,0.6077055389642656,85.53007310413759,-4.4699268958624145,4.4699268958624145
3934,1.2270604129519955,0.9082312478560484,1.6980131076322804,1.8695823466111456,0.8445086503663809,-78.9004215651242,11.09957843487581,11.099578434875795
3935,3.596084652585013,1.9205411083735449,7.531652704533428,3.921630561145231,0.39639090801307,-62.3562925794584,27.643707420541602,27.643707420541602
3936,1.470161697690137,1.2891761312836605,1.9157239415204603,1.4860063687441476,0.6638276597762696,-15.263685996868686,74.73631400313131,74.73631400313131
3937,0.8606370140730026,0.7027914482882036,1.2659812409705238,1.8013611919355128,0.7015184529951982,-88.8193781516035,1.1806218483964983,1.1806218483964983
3938,7.64950910381882,6.692390887517781,14.91114214108276,2.2280740010112186,0.1517720456824641,69.78528150065267,-20.214718499347327,20.214718499347327
3939,6.413968216392608,7.5105239567565745,9.216732623817496,1.2271757172848097,0.1788591706061535,4.8626194991947855,-85.13738050080522,85.13738050080522
3940,7.817512203613306,5.6372934816342175,15.268990916234598,2.7085676780851595,0.1956492010548775,78.0708416337288,-11.929158366271196,11.929158366271196
3941,1.270810876469873,0.9413714648686315,2.028780557287195,2.1551328386295534,0.6106267703664212,-16.990865193494518,73.00913480650549,73.00913480650549
3942,1.9149550058393197,1.3765914849925156,3.0553234931280837,2.2194845213245635,0.5578797074542883,57.60201322215602,-32.39798677784398,32.39798677784398
3943,3.0537656993932494,1.933792972619935,5.275421549535916,2.728017747623049,0.5406051197226521,-82.82469190297456,7.175308097025436,7.175308097025436
3944,0.8392070033186643,0.6564807359806037,1.1742034964656596,1.7886335913752576,0.8333313503415872,-49.228503444147854,40.77149655585214,40.771496555852146
3945,3.6229967933947926,3.234907712607355,7.48925700055856,2.315137761541325,0.2341720425206712,79.4778868466289,-10.522113153371095,10.522113153371095
3946,10.657461819676644,10.148980495129576,23.180748325613557,2.284046987452369,0.1148325730046818,56.79548871655895,-33.20451128344105,33.20451128344105
3947,0.7869374084054097,0.6675182129647348,0.9708968614441454,1.4544874470645166,1.034250076984082,46.8067272548318,-43.1932727451682,43.1932727451682
3948,3.607883415276711,1.593593663736411,8.942071768806088,5.611262125528352,0.3573833647900868,-74.84371646378138,15.15628353621861,15.156283536218623
3949,1.367462618417021,0.8369959853909301,2.422024575425735,2.893711102203789,0.6173410599805296,-25.65863867920621,64.3413613207938,64.3413613207938
3950,3.289227819002539,4.215285442970859,7.312650798102149,1.734793739839436,0.1101806767271813,82.47101895427234,-7.528981045727662,7.528981045727662
3951,0.8746320295080829,0.5209256380173914,2.020901366659382,3.879443089710076,0.3841796642025289,69.7467270981927,-20.253272901807307,20.253272901807307
3952,1.0683634687220958,0.9679459081486232,1.2910361025337016,1.3337895141300289,0.7854969558300734,55.25707844798764,-34.74292155201236,34.74292155201236
3953,1.326902779425731,1.2014542612160848,1.8755034354334477,1.561027744439564,0.5096560435981237,89.96932496233003,-0.030675037669965377,0.030675037669965377
3954,4.078640113876186,3.130067429083368,6.108558601459492,1.951574124155008,0.4283909780668093,-75.68715945008965,14.312840549910334,14.312840549910348
3955,1.2418151765086958,1.067969527544406,1.5336668401369855,1.436058614578042,0.9073987031911678,-74.57183032619942,15.428169673800596,15.428169673800582
3956,1.0453852243082644,0.6941317478527819,1.8770135778069803,2.704117170282601,0.6045328469793118,-42.836684713078974,47.16331528692103,47.163315286921026
3957,0.973200680696656,0.7572725406113073,1.574156939201032,2.078719159591203,0.5939644893303205,-86.73795729553542,3.2620427044645908,3.2620427044645766
3958,2.271692622891249,1.5770307591153614,3.510587153983934,2.226073989801699,0.6288838072933377,-85.2668498209018,4.733150179098203,4.733150179098203
3959,2.332352078688221,2.1037224408731108,3.1475069708909293,1.4961607623411648,0.47298387858348,-58.105775446527176,31.89422455347284,31.894224553472824
3960,5.455401996504831,4.326428634206634,8.153724818269103,1.884631761587882,0.3591906362286675,-44.85688714261329,45.14311285738671,45.14311285738671
3961,2.110999521193558,1.3489545537356729,3.494826567133273,2.5907667218699224,0.5840284271005609,-48.24100632586119,41.75899367413882,41.75899367413881
3962,3.093272719512472,1.957873762387262,5.276216701394228,2.694870733116555,0.5725393183409146,65.09990608137666,-24.90009391862334,24.90009391862334
3963,2.31930020185808,2.2120641624768416,2.731398442024505,1.234773605737623,0.7264578615266986,86.38560014023152,-3.6143998597684828,3.6143998597684828
3964,1.2660243778180809,1.189458988599604,1.5107456176030942,1.2701115650752728,0.722444610604072,67.99671788274539,-22.003282117254614,22.003282117254614
3965,1.2020667470700563,0.7917822786566145,2.102098105630236,2.6548941069971685,0.4854619645630105,-81.64139529547471,8.358604704525305,8.358604704525291
3966,1.186817925731738,0.9963460424926748,1.4914591587890873,1.4969288732835535,0.8765433724000816,86.52807403834501,-3.471925961654989,3.471925961654989
3967,0.8246109854774907,0.8339813246026166,0.8523235633366318,1.0219935844999348,1.037566327862239,16.920028067483614,-73.07997193251639,73.07997193251639
3968,1.2515550525870838,1.00275287122287,1.6493333262825922,1.644805388860377,0.7116579433492932,-25.712345415011274,64.28765458498873,64.28765458498873
3969,1.039561305877423,0.5284266278716349,2.336039209721166,4.42074469095194,0.4925149036111247,-63.9281065779492,26.071893422050806,26.0718934220508
3970,1.4197410732459426,1.0336114681552384,2.506562067898072,2.4250524932465343,0.4657792409912143,25.152984565279134,-64.84701543472087,64.84701543472087
3971,6.107531398786499,5.307640179422893,9.28741740408076,1.7498204644857056,0.2668916769389914,-77.87397811673095,12.126021883269061,12.126021883269047
3972,1.9711972828282505,1.544039883422477,4.293807867760602,2.780891811060646,0.2796393810159081,21.680724621152965,-68.31927537884704,68.31927537884704
3973,1.6232483481616002,1.120902793721985,2.4281645219590016,2.166257891013209,0.7720985783646945,-87.6678650257663,2.3321349742336963,2.3321349742336963
3974,3.5054627692732265,2.39099928430579,5.439655047839322,2.275055071552934,0.5308638339119499,-63.85892112344409,26.141078876555923,26.14107887655591
3975,1.833981655109284,1.4986275549267556,2.357843755427418,1.5733353812132835,0.782064643733793,55.19935248655048,-34.80064751344952,34.80064751344952
3976,1.376313601551939,0.93739048697978,2.572655945216056,2.7444869357539674,0.45156660055353,15.939532686640458,-74.06046731335954,74.06046731335954
3977,1.3540776702961077,1.163988522404957,1.8245143572197,1.5674676529026312,0.6954729481454947,54.4225128850607,-35.5774871149393,35.5774871149393
3978,7.464730475293773,7.09713195792273,12.616728350841589,1.77772210318806,0.1406287460234391,-57.917846408883015,32.08215359111699,32.082153591116985
3979,0.8246109854774907,0.6856001373291398,1.0517022715655533,1.533987836791603,1.0699380072336635,51.94051705692732,-38.05948294307268,38.05948294307268
3980,1.0569367929308613,0.9919120584237082,1.228757752899992,1.2387769081592432,0.9171558100349144,-72.42064965006729,17.579350349932724,17.57935034993271
3981,1.1237553499514827,0.9544153221459516,1.452974149764121,1.5223709385733528,0.7855582284399376,35.61928514532516,-54.38071485467484,54.38071485467484
3982,0.9350209696908578,0.7372964636014715,1.76959160046964,2.4001086236406413,0.4856677207596395,1.6353183187759082,-88.3646816812241,88.3646816812241
3983,2.681118170928788,1.5728040674653074,6.248643299251167,3.972931802828644,0.3342575714526851,81.42721645555523,-8.572783544444775,8.572783544444775
3984,1.5700125414998518,1.3480476828964072,1.9182084927255965,1.4229529986685228,0.7822717198162512,83.09137563615782,-6.908624363842179,6.908624363842179
3985,1.952629861669301,1.4156540740592043,3.251832656641529,2.2970531546010537,0.4684081877961891,1.159030218221795,-88.8409697817782,88.8409697817782
3986,6.064635996546775,5.508339551402058,14.733090760835992,2.6746881929393638,0.1822203658818177,-54.47015196028472,35.52984803971529,35.52984803971528
3987,3.193704613854007,2.2958411111191306,6.54323290294587,2.8500373441593725,0.3803797281826676,-76.25115689517085,13.748843104829149,13.748843104829149
3988,1.1609582232861997,0.9301537342145136,1.6806424782419542,1.8068437683166485,0.6970706431004922,6.050287249000322,-83.94971275099968,83.94971275099968
3989,2.260977031904715,2.183412930345044,2.3935749895137337,1.0962539225850778,0.9649925186240906,63.62280776942049,-26.37719223057951,26.37719223057951
3990,2.8607838865406863,3.204760895313126,3.989284660768252,1.2447994690032789,0.3132733811194864,-23.8975187436644,66.10248125633561,66.10248125633561
3991,1.470161697690137,0.982345124556725,2.2937301201668934,2.3349534321778407,0.6817717657063289,88.58469301720962,-1.4153069827903835,1.4153069827903835
3992,1.3450803768346336,0.969027528665786,2.097565935601059,2.164609233020564,0.6404472914350274,73.61868576304558,-16.381314236954424,16.381314236954424
3993,3.003651275311278,2.370925053998984,4.172728801908367,1.7599581205109465,0.630111933422802,77.77320891191178,-12.22679108808822,12.22679108808822
3994,3.926964390731501,1.9750691479700917,9.009282679583858,4.561502410608404,0.3175839904604862,79.72439883227658,-10.275601167723423,10.275601167723423
3995,0.8535534614000618,0.8023935390626963,0.9423255744405684,1.1743932728338409,1.1295632717594044,87.60991851768117,-2.390081482318834,2.390081482318834
3996,1.5544674799972351,1.1849431455359842,2.232293022283082,1.883881965723639,0.6935078502737548,-86.50305253014129,3.4969474698586964,3.4969474698587106
3997,2.558288303668641,1.4426509914812895,5.252049466748083,3.640554436076995,0.3538211586134633,87.16168349464623,-2.8383165053537738,2.8383165053537738
3998,5.217625533885626,3.2684193414111857,9.14679939387561,2.798539121949496,0.4212481925570816,-84.28714380031714,5.712856199682847,5.712856199682861
3999,1.5700125414998518,1.2014914362145892,2.397788341469763,1.995676597599579,0.5357130109338775,49.06338581397126,-40.93661418602874,40.93661418602874
4000,1.0740312192037882,0.8714293823687254,1.4935847059382863,1.7139480675742356,0.7332404093451944,-64.9628031055771,25.03719689442289,25.037196894422905
4001,4.09053121815684,2.3761364279787056,9.139353474178364,3.8463083880890143,0.2440810782006449,-63.52708364992707,26.47291635007292,26.47291635007293
4002,1.0159318257539256,0.9677624259274774,1.159310169295894,1.1979284773169845,0.836452371607253,-54.80074100492513,35.19925899507487,35.19925899507487
4003,2.681118170928788,2.0831569323335724,3.8079012085224377,1.8279473569265807,0.647185192778327,-5.141036694168181,84.85896330583182,84.85896330583182
4004,1.432512614476725,1.2901736108321242,1.6773442117596769,1.3000918618059774,0.931039126496306,-67.33007093394798,22.66992906605202,22.66992906605202
4005,2.586609701323604,1.767102040134338,4.064619558385676,2.3001612052220124,0.5108037169120709,-84.33240900514289,5.6675909948571075,5.6675909948571075
4006,3.489840426157121,2.002943640655284,7.278799460403305,3.634051059979886,0.4190707899322158,77.5620556363719,-12.437944363628105,12.437944363628105
4007,1.0908577979726677,1.1098242902680302,1.4043961623362675,1.2654220804602287,0.5384034333574886,-20.66141342867023,69.33858657132977,69.33858657132977
4008,1.380717816333713,0.6529315693296355,3.0948099131119045,4.739868706745708,0.4708670517783994,80.77996407866344,-9.22003592133656,9.22003592133656
4009,3.118683917632269,1.9644932954236296,5.2055626165578985,2.649824577505292,0.599727738540286,-78.56003068056562,11.439969319434397,11.439969319434383
4010,1.6418428647199157,1.2103345652259765,2.520714139636432,2.0826589705515026,0.61604175699352,65.99141903889529,-24.008580961104713,24.008580961104713
4011,1.843886218520761,1.3498386897119905,2.730308013185576,2.0226920697969706,0.6223355672719615,-82.38292422760048,7.617075772399517,7.617075772399517
4012,1.6044383463340146,1.4973953668166344,1.7850773426513773,1.192121588065506,0.905403794693437,34.717348285509274,-55.282651714490726,55.282651714490726
4013,1.0039085404212729,0.9421574196392396,1.471585120731789,1.5619312548589512,0.5218160967339796,33.02631799399234,-56.97368200600766,56.97368200600766
4014,9.871374380442097,4.7922843703041975,22.82419950064332,4.762697231006456,0.1810880151739207,75.77320185507587,-14.226798144924132,14.226798144924132
4015,2.2093683547194614,1.5030807163753854,3.812617335971861,2.536535326702763,0.4214696820826952,-78.6203393315839,11.37966066841608,11.379660668416093
4016,1.1661760393441107,0.5296196131906761,2.81828208995671,5.321332555979303,0.4077531834933929,-77.21613925986321,12.783860740136788,12.783860740136788
4017,3.911473346557351,2.3251317120965487,8.798373900257946,3.7840324720032905,0.3416180132863748,-63.12945228096173,26.870547719038257,26.87054771903827
4018,3.6447165905961776,1.6982970159220436,11.378868768765004,6.700164142128672,0.2115962471008347,85.91052599437619,-4.0894740056238135,4.0894740056238135
4019,2.373635851463476,2.0843489738785763,2.825105572387577,1.355389912050377,0.8162037600885468,-84.42328978614546,5.57671021385454,5.57671021385454
4020,0.9543017810603904,0.937165262084098,1.0948981195538543,1.168308476478295,0.8401118207037962,-52.4544637111506,37.545536288849405,37.5455362888494
4021,1.6232483481616002,1.2313662531739884,2.840535998620404,2.3068165067043176,0.4674844305362414,84.76874526773251,-5.231254732267487,5.231254732267487
4022,0.8676627389239214,0.549275674565722,1.4314695516263969,2.6061040346601376,0.7701159810923256,-87.31222660299359,2.687773397006424,2.68777339700641
4023,3.539932258850451,1.7492786776992313,8.250250041285437,4.716372609158376,0.3303945864093064,-80.01410396997434,9.985896030025657,9.985896030025657
4024,1.021890421280174,1.0575977542292094,1.2331824556057798,1.1660221957492134,0.6394288595788363,-28.11869485074766,61.88130514925234,61.88130514925234
4025,1.176542252445381,0.8048195376986247,1.8088408196638144,2.247511069172328,0.6736729739283629,-82.01300557198854,7.986994428011457,7.986994428011457
4026,4.204707506072702,3.0123102819631837,6.482121097175697,2.1518769616757965,0.4385911523100286,-86.90414608775896,3.09585391224104,3.09585391224104
4027,0.8022191731670073,0.4366654878056379,1.7589823403196536,4.028214707690812,0.496865481481586,56.63772270341685,-33.36227729658315,33.36227729658315
4028,6.553489871895751,5.188716773459812,10.990832057361413,2.1182177669784004,0.2601008668709085,-23.564404903219565,66.43559509678043,66.43559509678043
4029,1.9711972828282505,1.3822138035973013,3.683710251031913,2.665079918493664,0.4672853668893372,-36.53370809461536,53.46629190538464,53.46629190538464
4030,1.4577200491801383,0.95758776805481,2.996027801513752,3.1287239681431127,0.4215029880971918,-71.64394336362446,18.35605663637554,18.35605663637554
4031,0.9153341128725788,0.5777408441711854,1.529023800651072,2.646556524568687,0.750863655904659,-84.06704372152838,5.932956278471636,5.932956278471622
4032,1.7106596985948357,1.4448558228430437,2.848527574902772,1.9714960689279863,0.3211037176349537,83.83176863444163,-6.16823136555837,6.16823136555837
4033,2.040808068852193,1.5272700996643829,2.7906145419245107,1.8271912365322596,0.8685676244123434,-89.68656377686095,0.3134362231390355,0.31343622313904973
4034,1.2221025728266244,1.0702654281435124,1.4904446393543476,1.3925934634174628,0.828108352852872,79.79250665782696,-10.207493342173038,10.207493342173038
4035,0.8319410050566239,0.5534677682753416,1.485725962710589,2.6843947342051244,0.6163547073842144,34.61528738535672,-55.38471261464328,55.38471261464328
4036,1.9086035621207809,1.419111810169914,2.7608702789224777,1.9454917217494727,0.6414283756926445,-78.35548475509033,11.644515244909655,11.64451524490967
4037,1.895836839826219,1.1477950806474817,3.6150475487926217,3.149558322512883,0.4481533881526766,-77.91955387864857,12.080446121351429,12.080446121351429
4038,2.1508869793231744,1.3850162793538705,3.483040255857686,2.5148009505581936,0.6720452119660969,87.62291762916783,-2.37708237083217,2.37708237083217
4039,1.326902779425731,1.145125688928089,1.7421629519230486,1.521372691895354,0.6903846130811687,-42.0856095211593,47.91439047884069,47.9143904788407
4040,1.9495180989563052,1.29276472950988,3.1286289428460274,2.4201069780362667,0.648355347461504,-82.05976698185992,7.940233018140077,7.940233018140077
4041,1.8306682257451572,1.4264560591513054,2.481778492694331,1.739821200080224,0.7073551493451768,-88.04171506714648,1.9582849328535303,1.9582849328535161
4042,1.566140741422161,1.41809372609782,1.9110520142633491,1.347620385799186,0.8548614589955943,6.2848661996121775,-83.71513380038782,83.71513380038782
4043,0.928505064734256,0.6929675560119714,1.5009606602950396,2.1659898032356217,0.6189175119369806,83.76976594631296,-6.230234053687042,6.230234053687042
4044,2.1367269374441915,1.5687423722201683,5.315150170105016,3.388160009079585,0.240255027168954,-44.39533338692925,45.60466661307075,45.60466661307075
4045,1.376313601551939,0.8488198465504203,2.4216103164200984,2.852914344853568,0.6196787736203767,-70.14337500943556,19.856624990564455,19.85662499056444
4046,6.211031189120854,4.344511932269659,9.510352403154728,2.1890496680455267,0.3915829746823986,-44.77775996898669,45.222240031013314,45.22224003101331
4047,1.6820273886595418,1.227066735979433,2.5837417366135105,2.1056244626753675,0.636820044281609,-84.7031493163232,5.29685068367678,5.296850683676794
4048,1.470161697690137,1.1654927365678365,1.9675154464535731,1.688140461730845,0.6798002125106175,-69.16679701174218,20.833202988257824,20.833202988257824
4049,1.8073041368518064,1.067931204709455,4.009575385924247,3.75452591725242,0.3407149139259605,53.37246061742312,-36.62753938257688,36.62753938257688
4050,1.8504598087771928,1.320387738156223,2.754767588690216,2.0863323015532904,0.647118469515829,-87.56687396400953,2.433126035990483,2.433126035990469
4051,2.8458894103284416,2.8361866500170385,3.918076445740535,1.3814593075942294,0.3367723263973861,69.28624819486447,-20.71375180513553,20.71375180513553
4052,1.731823303788056,1.1383625615689297,3.1145751807982585,2.736013363357318,0.548142919702293,-17.842495179101903,72.1575048208981,72.1575048208981
4053,1.3585539723246187,0.8217483409015038,2.482870534426809,3.021448795020336,0.5515190495203939,-84.43955231112969,5.560447688870312,5.560447688870312
4054,2.0288734164048656,1.334383620473412,3.189499005789976,2.390241424470129,0.6439219983406372,-69.01192014208966,20.98807985791035,20.988079857910336
4055,1.566140741422161,1.2415646731282572,2.066375263271305,1.6643315551696942,0.7552568990351901,-48.46302075472007,41.53697924527992,41.53697924527993
4056,5.128428781215136,2.1877597750923674,13.26717115442651,6.064272369148194,0.3068846600399812,-84.55343158985062,5.446568410149382,5.446568410149382
4057,1.4987906214766678,1.5310916928432834,1.6885290408285043,1.1028268579348472,0.7218548199752207,-43.888513171373965,46.11148682862603,46.111486828626035
4058,1.0569367929308613,0.4885185829282587,2.606125157120103,5.334751324092056,0.4280642619570405,-82.74923649768986,7.250763502310122,7.250763502310136
4059,0.8952144227026446,0.8791694350601884,0.97664394140598,1.110871127291997,0.9803604895122922,-24.828721600610088,65.1712783993899,65.1712783993899
4060,2.037830958486928,1.2068106995774992,5.958890666738578,4.937717795197513,0.2407093916305604,79.17060943024374,-10.829390569756256,10.829390569756256
4061,1.1504515979244476,0.9950898527566346,1.4013547334351475,1.4082695442557909,0.9206446755015494,-39.02826690922363,50.971733090776354,50.97173309077637
4062,1.6344304437273447,1.1681952387866432,2.5012512823812174,2.1411243594685123,0.6645483471501118,-59.06922287426721,30.93077712573279,30.93077712573279
4063,1.171370613113025,0.9231092511158028,1.7002240436673126,1.841844875470782,0.6156778939576409,63.27676200798752,-26.72323799201248,26.72323799201248
4064,2.167756939550367,1.6335084042758734,3.2520268142066127,1.9908234360436123,0.5000138397954257,56.05194244215277,-33.94805755784723,33.94805755784723
4065,1.062665489594652,0.7669490715703627,1.770962445896641,2.3091004494868423,0.6615987846323474,-71.06661372272126,18.933386277278743,18.933386277278743
4066,1.2369164782162358,0.7742024345143024,2.458345052664166,3.1753259135724807,0.496125024040456,88.65397049440091,-1.3460295055990912,1.3460295055990912
4067,1.3540776702961077,0.9491064387759854,2.1458383394080736,2.260903784590749,0.6221114275454368,-83.65940930978951,6.34059069021049,6.34059069021049
4068,1.550556863789422,0.8773880829891917,2.884134959370425,3.2871827362236394,0.5830461355285954,-70.4159982432966,19.5840017567034,19.5840017567034
4069,0.979419278671245,0.5748517870142679,2.020930104658606,3.515567230216241,0.454850284454813,-76.301390377037,13.698609622963005,13.698609622963005
4070,3.22774150358928,2.18235214277435,6.210684291327535,2.8458671584651336,0.3164083050967635,69.92933918271156,-20.07066081728844,20.07066081728844
4071,1.0796692170979234,0.6097480534584331,2.6681059288585365,4.3757514496771135,0.3862005410131429,-75.46352083713202,14.536479162867977,14.536479162867977
4072,2.2448077395745614,2.1019168239088137,4.508180511914786,2.144794913212209,0.2578572607031611,-61.6490808169243,28.35091918307569,28.350919183075703
4073,1.021890421280174,0.7359846827994754,1.4907221361682237,2.0254798381101398,0.8251466656284434,-82.25029396258947,7.749706037410533,7.749706037410533
4074,0.8815462242933692,0.6855423407240006,1.3103389653274384,1.9113902781607783,0.6422110898708421,-63.54243931015792,26.45756068984207,26.457560689842083
4075,1.4577200491801383,1.160588542396639,2.303109326292765,1.98443224464098,0.5350524523557163,-79.55699019168597,10.44300980831403,10.44300980831403
4076,1.5968523069270035,1.356770543462566,1.9231965653966727,1.4174810727306562,0.8664741014925192,-16.319306567868963,73.68069343213104,73.68069343213104
4077,4.3980786406652745,2.219157152017691,10.795507634400863,4.864688210379976,0.2598098159702348,-86.5514733359971,3.448526664002884,3.448526664002898
4078,2.0288734164048656,1.7158099508353966,3.793376369418609,2.21083714287336,0.3497412250924071,17.637182050882743,-72.36281794911726,72.36281794911726
4079,3.043808823524961,2.0059972167834936,4.838397249814311,2.4119660831695544,0.5924955171132101,-75.9533349285018,14.046665071498182,14.046665071498197
4080,1.1183396299962336,1.106239797517531,1.2877629285580037,1.1640902193609568,0.7814879689026855,45.34513859893249,-44.65486140106751,44.65486140106751
4081,2.5320487556361617,1.9058924981266785,3.584774132411982,1.880889995598122,0.641848469808787,86.1833302048346,-3.816669795165396,3.816669795165396
4082,1.4865885952249918,1.1736578211555972,2.09241918349934,1.7828187618083773,0.6471962283886146,-69.4302840815027,20.56971591849731,20.569715918497295
4083,1.3630155737347494,0.8640075741987867,2.385363753508281,2.76081347518311,0.6239854855787796,-81.74813320012093,8.251866799879053,8.251866799879068
4084,2.145234178539265,1.5297063700239273,3.160586914474519,2.066139604573316,0.7439229652111728,88.1653087593823,-1.8346912406177012,1.8346912406177012
4085,1.0796692170979234,0.722345215161955,1.8587290606995368,2.573186644951744,0.5490331097217618,-81.07023344051953,8.92976655948047,8.92976655948047
4086,4.824653841614283,3.319267558095444,8.9479433019831,2.695758369993326,0.2583952270043195,62.46313385075711,-27.53686614924289,27.53686614924289
4087,4.224874084628636,2.731808570154871,7.089185817189395,2.595052191664915,0.4854618832133968,-79.7885424284509,10.21145757154909,10.211457571549104
4088,1.3131044552792934,1.1841727391757788,1.5503592206849377,1.3092340073324404,0.7502577794018052,-54.62538584674904,35.374614153250945,35.37461415325096
4089,2.055628946700877,2.794007839342326,4.032390430520006,1.4432280302653622,0.1733740896222031,-73.71657357701446,16.283426422985542,16.283426422985542
4090,0.9019708538191776,0.9372306686408096,0.9864349612668748,1.052499661259935,0.934748530684648,59.10160251827916,-30.898397481720842,30.898397481720842
4091,1.3360224934845466,1.2315580984712515,1.5157411238506753,1.230750807235309,0.9359081368622804,8.248316250260693,-81.7516837497393,81.7516837497393
4092,2.378745945325325,1.4477421965450588,4.099098515649359,2.831373241335085,0.6283594975323198,85.13559238329067,-4.864407616709329,4.864407616709329
4093,2.340148263365949,1.742971223772445,3.3545247627321477,1.9246013456674829,0.7104089533249571,61.669817752636725,-28.330182247363275,28.330182247363275
4094,1.3450803768346336,1.070252178340588,1.858297827229307,1.7363177247726542,0.6787042162289311,48.25965868914556,-41.74034131085444,41.74034131085444
4095,1.2850634067342854,1.131065402453454,1.5633174767880371,1.3821636427009107,0.8191673684105689,-73.11815802813582,16.881841971864162,16.881841971864176
4096,1.4025314545362868,0.9035336445779496,2.3406269344148227,2.5905254867494785,0.6696357225765556,66.48624749271886,-23.51375250728114,23.51375250728114
4097,3.5689695840909046,3.212501229263296,4.081613639838633,1.270540724672235,0.7944118863001259,-68.86730560336129,21.132694396638726,21.132694396638712
4098,2.5031101051741675,1.8161632655919813,4.416224660913621,2.4316231610786083,0.3460470524360405,-69.7263623570412,20.273637642958818,20.273637642958803
4099,1.45354916781555,1.02920764548707,2.2125833220606554,2.1497929322256013,0.7435804365431716,87.36369893100917,-2.636301068990832,2.636301068990832
4100,3.0557531813474745,1.8516581546376365,6.033362996616041,3.2583568308788347,0.3480572352968086,78.04330571279931,-11.95669428720069,11.95669428720069
4101,1.9619355372325755,1.219029250893351,3.360581022952043,2.756768158343438,0.5606958264047813,-76.61891355843335,13.381086441566652,13.381086441566652
4102,0.9414917802541344,0.6835255692746196,1.708992491466703,2.500261245940431,0.5221980303498439,-57.62487006206661,32.375129937933394,32.37512993793339
4103,2.5440093737132674,1.6280207278866352,4.348148897199545,2.670819125776095,0.5533623176352243,89.62154292016426,-0.37845707983574073,0.37845707983574073
4104,0.8952144227026446,0.777455364032883,1.1553001550718454,1.4860019089442944,0.8279543092500222,-51.70083213179703,38.29916786820297,38.29916786820297
4105,1.7836340245157871,1.560025105167288,2.4093207866121835,1.5444115473730289,0.6238780400730133,62.80889906730458,-27.19110093269542,27.19110093269542
4106,1.502835947650602,1.239231966125389,2.0897268337467563,1.6863080447162315,0.579991470483004,-89.83666090736713,0.16333909263286728,0.16333909263286728
4107,2.2038655607334228,1.675878715046837,3.057845666620956,1.824622294660205,0.6685154502099468,-74.37711692173215,15.622883078267847,15.622883078267847
4108,1.4068535956126136,0.9699459964371848,2.2228911830780183,2.2917679863035305,0.6944450119936032,-76.97114877243021,13.028851227569788,13.028851227569788
4109,0.8676627389239214,0.6770684126046652,1.2553637020229254,1.8541164801848795,0.8452749896393353,-65.89240330179692,24.107596698203082,24.107596698203082
4110,1.2850634067342854,0.9770948868450858,1.87138806903353,1.9152572531374128,0.731639611155098,57.13747760731516,-32.86252239268484,32.86252239268484
4111,0.8746320295080829,0.7347508898030816,1.1978663151183198,1.6303026396325375,0.7212860647698875,33.195175624827044,-56.804824375172956,56.804824375172956
4112,1.0337045758596148,0.75082530037424,1.7082366463334917,2.275145290764764,0.5526325819175073,-71.32543080851184,18.67456919148816,18.67456919148816
4113,1.1128975557056655,0.9436881236829788,1.4410161293346426,1.5270046249079798,0.8140792942993517,-11.079381681735354,78.92061831826464,78.92061831826464
4114,1.340559085464394,1.108718082372368,1.861058045366892,1.678567414887572,0.6722535711039279,9.338818047218984,-80.66118195278102,80.66118195278102
4115,3.7287034624001474,1.839248323386731,8.069749639671087,4.387525891453155,0.4359238896984801,78.23629827469662,-11.763701725303378,11.763701725303378
4116,2.001760303601345,1.377004370093575,4.70404258785755,3.4161420907748345,0.3124179019131395,68.88057795732519,-21.119422042674813,21.119422042674813
4117,4.639909079268708,2.972305580291691,7.798095313112445,2.623584655904448,0.4016743302962437,-71.99118950262687,18.008810497373133,18.008810497373133
4118,1.45354916781555,1.0042438096891568,2.3460954522077246,2.3361811440330515,0.599753643425605,-79.84970861741242,10.150291382587568,10.150291382587582
4119,3.911473346557351,2.370536067243779,7.188458161604412,3.032418810637388,0.5003539572268235,-81.74983026668326,8.250169733316739,8.250169733316739
4120,1.749264059016166,2.0362241757584347,2.168174662053765,1.0648015517477012,0.4328049523979999,-55.22646843027418,34.77353156972583,34.77353156972582
4121,1.9181228409342128,1.063264609812233,3.7349817462720343,3.512749048359292,0.4715097378419435,-59.82484058086513,30.17515941913487,30.17515941913487
4122,1.1557168501373432,1.0208255189512268,1.4275163919652123,1.3983941089480312,0.705315625418631,34.5358951867989,-55.4641048132011,55.4641048132011
4123,2.108121538231362,1.2981755964547137,3.6105403887874727,2.7812419203132244,0.6033688287232071,-88.89283864049888,1.1071613595011058,1.10716135950112
4124,1.585405189396292,1.19760348430141,2.1691353366620105,1.8112299814552708,0.824933260262164,-81.6118763560462,8.388123643953804,8.388123643953804
4125,2.809388374878707,1.7356363151850025,4.992205941305573,2.876297239017756,0.4539891450949944,47.164501717560405,-42.835498282439595,42.835498282439595
4126,3.617966015508652,1.9466497123528592,8.41630349896655,4.323481233197321,0.2624175375799958,-89.00783968810212,0.9921603118978624,0.9921603118978766
4127,1.5544674799972351,1.2217729292041064,2.051169147744443,1.6788464523277875,0.7951460951244107,-29.457422119631108,60.542577880368896,60.542577880368896
4128,1.546636359756236,0.985301169801694,2.5325094678468028,2.570289720001557,0.7188228471880856,-74.51503400760663,15.48496599239337,15.48496599239337
4129,4.672506846115035,3.2670581835761445,8.277667162793279,2.5336760772752718,0.3321705030916045,-70.97426268156508,19.02573731843492,19.02573731843492
4130,5.585179750854579,5.224312117377004,7.184519288588009,1.3752086642547643,0.4210171875345404,-57.85666866785634,32.143331332143646,32.14333133214366
4131,1.3084726790995154,1.2318310886713308,1.568078014438136,1.272965123919291,0.7283330347708545,48.01550489446917,-41.98449510553083,41.98449510553083
4132,1.4906670352488116,0.8544384741721737,3.0509643149996912,3.5707244081624845,0.4281259084397614,61.60493330566111,-28.395066694338887,28.395066694338887
4133,2.2339631943154266,1.2968300871453688,4.002038585824731,3.0860161446702463,0.6579666015155913,-77.9120787439804,12.087921256019598,12.087921256019598
4134,1.1019327803667114,0.8729521227485684,1.5063153328831485,1.7255417492317666,0.7175979775466501,74.82532259984701,-15.174677400152987,15.174677400152987
4135,0.973200680696656,0.8662454510023074,1.8020130431504704,2.0802568614535444,0.4282207010041193,-28.66226348866723,61.337736511332764,61.33773651133277
4136,4.877219715107273,4.131674589521667,7.508426438415943,1.8172840759187687,0.3004957097741833,73.1390870255971,-16.860912974402893,16.860912974402893
4137,1.526882849696625,0.9865818199167774,2.554207682461412,2.58894663463074,0.657999281995082,-65.26208030141105,24.73791969858894,24.737919698588954
4138,1.566140741422161,1.0255648191456106,2.535812207325091,2.472600619664054,0.5831090416007306,-73.51925524251057,16.480744757489447,16.480744757489433
4139,2.1367269374441915,1.763447792449377,2.7845390189683497,1.579031163208244,0.6808564742393376,-76.89364600348462,13.106353996515395,13.10635399651538
4140,1.062665489594652,0.7133446026014815,1.66108935297998,2.3285931468776635,0.7624424950541262,-74.59623492100374,15.403765078996258,15.403765078996258
4141,3.0217882140215035,1.8938703678766189,5.423454148912716,2.863688159920585,0.3610588898191642,-74.01950407673436,15.980495923265636,15.980495923265636
4142,2.5031101051741675,1.9680619437195557,3.35340672788381,1.7039132018101066,0.6414780552046335,88.41431902634952,-1.5856809736504829,1.5856809736504829
4143,0.979419278671245,0.9162455536323988,1.2535126345506844,1.3680968268617637,0.6334143406698495,-43.83197161822215,46.168028381777845,46.16802838177785
4144,1.6999790965841823,1.1019114264624577,2.9829163825477614,2.707038252724199,0.5121748153340441,65.28105889786367,-24.718941102136327,24.718941102136327
4145,1.1074287385521373,0.8273488955762859,1.5366524572970517,1.8573209748792905,0.8050833352404385,-81.10756908547913,8.892430914520872,8.892430914520872
4146,2.1872741160266225,1.5480543196707326,3.405091409982428,2.1995942692157486,0.6306375453526315,-2.205208066351407,87.7947919336486,87.7947919336486
4147,3.1918030330877105,3.850959802421874,4.880261648774336,1.26728449507708,0.242608227440074,-3.5460153064848243,86.45398469351518,86.45398469351518
4148,1.0278144733504384,0.8633548303916605,1.3390830752168852,1.5510228565112802,0.7748338334369945,-31.73916689628884,58.260833103711164,58.260833103711164
4149,0.9606427264386592,0.6685918451777247,1.73185831135224,2.5903072612138702,0.5892471490469,74.89210073225836,-15.107899267741644,15.107899267741644
4150,1.1291450947814663,0.9064782190100982,1.6870229646749106,1.861073911425242,0.6428743020894051,-71.77149135392855,18.228508646071447,18.228508646071447
4151,1.731823303788056,1.3924719580276652,2.3591234062906903,1.6941981435893447,0.6928913940421028,-82.92137559469417,7.078624405305845,7.078624405305831
4152,1.8829835605082688,1.779784789244259,2.105091524002797,1.1827786914038474,0.8252308994949152,37.30616941373186,-52.69383058626814,52.69383058626814
4153,3.5175655127420136,1.829040792388022,8.903658015409412,4.867938458488216,0.2935385761569192,-85.3080937273905,4.691906272609515,4.691906272609501
4154,0.9479184199131095,0.8737622158335216,1.1096229487045672,1.269936978959484,0.8506106171850332,39.64656527014049,-50.35343472985951,50.35343472985951
4155,5.430863159381814,4.509869427495477,8.991483020716123,1.9937346668835767,0.2595290011628738,-11.381790563100212,78.61820943689979,78.61820943689979
4156,0.8676627389239214,0.7720334428140405,1.0650908337866087,1.3795915755985677,0.8673593933171007,-72.23975500415598,17.760244995844005,17.76024499584402
4157,1.95883855734249,1.6085047113621742,2.577687336543226,1.602536391926569,0.6159138097527926,70.21098488956741,-19.789015110432587,19.789015110432587
4158,1.398195952804615,1.358323526755773,2.591501489724164,1.9078676314425032,0.2966999943213528,5.725745414789545,-84.27425458521046,84.27425458521046
4159,1.2612197138901655,1.056451832427611,1.685692060747588,1.5956165809036946,0.7395148113337643,33.25225935728097,-56.74774064271903,56.74774064271903
4160,4.264921179770117,4.925473186307137,6.737298042341819,1.367847877249961,0.2095778078062766,-8.434550099985143,81.56544990001485,81.56544990001485
4161,0.8815462242933692,0.8168757969340732,0.9950105103121856,1.2180682963636502,1.1284893133309286,63.37543113205078,-26.624568867949222,26.624568867949222
4162,1.085277926096956,0.8799778800489229,1.3759173176358823,1.5635817090759003,1.016604117540867,-87.00132221047718,2.998677789522816,2.998677789522816
4163,1.191922542518033,0.9308383456269526,1.9218866837703092,2.064683618588844,0.5024368399894548,-68.5776695632428,21.422330436757193,21.422330436757207
4164,1.0337045758596148,1.0042232053611977,1.1881475109820447,1.183150822087101,0.7154081500234065,-21.67532233846438,68.32467766153562,68.32467766153562
4165,1.1128975557056655,1.0669816259801217,1.2105855670676686,1.134588954102779,0.8791640901472666,-66.05872712877768,23.94127287122234,23.941272871222324
4166,0.7869374084054097,0.445734666021581,1.7629209353472528,3.955090482600915,0.4714991156268593,80.98311271031262,-9.016887289687375,9.016887289687375
4167,8.779576385755593,7.047495937324485,20.72107033245033,2.940203232003124,0.0975578145284936,58.54778962273376,-31.45221037726624,31.45221037726624
4168,1.171370613113025,1.155950292335692,1.3587840902232786,1.175469308007825,0.681377387587937,-32.34964165459174,57.65035834540825,57.65035834540826
4169,1.432512614476725,1.38000639096348,1.613344436319047,1.1690847570587388,0.7979622558838662,46.18800943981486,-43.81199056018514,43.81199056018514
4170,0.8535534614000618,0.8113647733782882,1.0371494778349115,1.2782776771494788,0.8421877228603668,-84.00382697502387,5.9961730249761445,5.99617302497613
4171,1.1074287385521373,1.0374226306213667,1.5558690148168723,1.4997446256642588,0.6090187269591295,-19.51835864834465,70.48164135165536,70.48164135165536
4172,1.5777276373049178,1.3498186922764233,1.911796978175654,1.416336126558948,0.7895086912950867,-89.58106930401502,0.418930695984983,0.418930695984983
4173,3.536500428418061,3.683629149686978,4.534950216061966,1.2311093304404246,0.3870456216189068,21.93189265638919,-68.0681073436108,68.0681073436108
4174,1.186817925731738,1.048762834492348,1.8186836687647705,1.734122919835447,0.5119794028663465,-23.109048073255977,66.89095192674402,66.89095192674402
4175,3.391017977344024,2.738246128850905,4.4665074276467776,1.6311563013223835,0.6330999258510748,-76.78192953003581,13.218070469964175,13.21807046996419
4176,1.340559085464394,1.1327990745366985,1.621417627761065,1.4313373520579598,0.947899223223336,-19.241295716953736,70.75870428304626,70.75870428304626
4177,1.5968523069270035,1.0496222995049966,2.6104671907218746,2.4870538592339115,0.6343416040978339,-61.86183824960269,28.138161750397302,28.13816175039731
4178,0.9978425722559162,0.7948540636400075,1.4230436638225392,1.7903206751007328,0.663555065119775,39.19541508932959,-50.80458491067041,50.80458491067041
4179,2.421746429194769,1.87132675723058,3.289139448370842,1.757651054612459,0.6521739295810433,47.580284772113856,-42.419715227886144,42.419715227886144
4180,1.7142051110999064,1.141600222214566,2.6801395557178096,2.3477041293130303,0.7274573962214208,-65.8761261043799,24.12387389562008,24.123873895620093
4181,0.771352946256698,0.7367327109292988,0.9627084237286344,1.3067268623301584,0.8523383801752309,-84.50495151766722,5.495048482332777,5.495048482332777
4182,1.1504515979244476,0.8255142741559539,1.7532991210240203,2.1238871039712537,0.7358264845596822,56.13926220695048,-33.86073779304952,33.86073779304952
4183,1.176542252445381,0.9904736567158304,1.5129167670185175,1.5274679510760347,0.8589854068821836,76.48882430948495,-13.511175690515046,13.511175690515046
4184,1.1291450947814663,1.0588823040740778,1.3491116597315511,1.2740902879770568,0.7567656051896887,18.82165414320401,-71.17834585679599,71.17834585679599
4185,5.150872778079521,4.130027817292351,7.723858755842546,1.870171121730195,0.4258371453249717,41.76835483745235,-48.23164516254765,48.23164516254765
4186,1.1019327803667114,0.6496061168045749,2.3323395880977538,3.5903904346999957,0.4474454241098468,63.762093721580136,-26.237906278419864,26.237906278419864
4187,0.9019708538191776,0.786923133349412,1.0925167666102096,1.3883398775685845,0.9929599999239366,-50.05840159510235,39.94159840489766,39.94159840489765
4188,0.9219431092603804,0.7363836720863864,1.3764518158689354,1.8692046932125097,0.7100222037152443,-11.82571841225746,78.17428158774254,78.17428158774254
4189,2.314058838770094,2.021736816931502,2.779880386243218,1.3749961730737983,0.6532539428911883,-39.544684455859446,50.45531554414055,50.455315544140554
4190,1.0908577979726677,1.0362349424115,1.2097725207974672,1.1674693366179243,0.9003433866245841,38.15861169783145,-51.84138830216855,51.84138830216855
4191,1.1504515979244476,0.7242961935077062,2.104659391849742,2.9057993272849485,0.5189787781092924,-82.80578307827858,7.19421692172142,7.19421692172142
4192,5.732169167706759,3.4255875893381944,11.81607405893081,3.4493568623693007,0.1932720155452687,-62.47798525577239,27.52201474422762,27.52201474422761
4193,6.184582391081181,3.409103330237461,13.633588717354048,3.9991714526307423,0.3239603544243659,63.51099040518476,-26.489009594815244,26.489009594815244
4194,1.186817925731738,1.1471746529391058,1.382856884970275,1.2054458154452263,0.7468546522794649,41.772266933492325,-48.227733066507675,48.227733066507675
4195,0.9019708538191776,0.4564164963460168,2.390105202228627,5.236675758574354,0.3943725853939665,86.32961745774064,-3.670382542259361,3.670382542259361
4196,2.8437552597393285,1.4964281682642908,6.544150788726985,4.373180702898392,0.2642736978376354,89.5224363243779,-0.47756367562209334,0.47756367562209334
4197,3.6347081966259984,2.970580355425348,6.216418289285184,2.092661212793577,0.3969443419212839,-9.659086378580533,80.34091362141947,80.34091362141947
4198,1.2850634067342854,1.025814635304909,1.7208886479951466,1.6775824683800082,0.7808256484004156,-77.23502096002134,12.764979039978641,12.764979039978655
4199,0.8746320295080829,0.747921355765693,1.16100122027555,1.5523038770392668,0.7598662911581027,44.159053957053615,-45.840946042946385,45.840946042946385
4200,2.167756939550367,1.220186070392573,4.394860831383484,3.601795609721651,0.4501567438507521,87.72148684612938,-2.2785131538706196,2.2785131538706196
4201,3.263284208578477,2.417597863196961,4.52445337430695,1.8714664846385765,0.6786283692000076,-58.169438441974506,31.830561558025494,31.830561558025494
4202,1.2563966762852905,1.0563138385824404,1.6004414197592771,1.5151192394743678,0.8258140054438716,60.59050545887115,-29.40949454112885,29.40949454112885
4203,0.9019708538191776,0.5668668064543094,2.1244962170286463,3.747787298249373,0.4023966602832001,78.14540881385467,-11.854591186145328,11.854591186145328
4204,2.6856432681079343,1.9966077480745683,4.256182639011541,2.131706963030669,0.505260057164733,-67.06639614011523,22.933603859884784,22.93360385988477
4205,0.8606370140730026,0.6972143469050354,1.1206265950879273,1.6072913589091178,0.958204137700248,58.41904058931328,-31.580959410686717,31.580959410686717
4206,1.2071068813224677,0.6788507536137907,2.354262532615389,3.468011960040878,0.5337672069516364,27.07933867130925,-62.92066132869075,62.92066132869075
4207,1.0740312192037882,0.7333563538332016,1.724890250088664,2.3520492337358028,0.6660921893201284,-42.65890722016599,47.341092779834014,47.34109277983401
4208,1.2121260584033826,1.0874781280672434,2.0747168127092523,1.907823945293145,0.4674910070359302,80.16067166669467,-9.839328333305332,9.839328333305332
4209,0.9669420905017878,0.6227356999179738,1.8685208381046865,3.0005038065921164,0.5382058210850295,88.93549521444962,-1.0645047855503833,1.0645047855503833
4210,0.9153341128725788,0.6244237523130745,1.5516300022166425,2.4848990712939503,0.6746156418632927,-72.30342208529582,17.696577914704164,17.69657791470418
4211,5.526168174154202,4.593019062390692,8.51422754829529,1.8537322472734497,0.3362089097516668,74.91957366084421,-15.080426339155792,15.080426339155792
4212,1.3038244488524504,0.95170523637126,2.136086238028578,2.2444830146918417,0.5950087959062392,23.201196010469783,-66.79880398953021,66.79880398953021
4213,1.2319983017676563,0.8364552225373825,2.198706240506927,2.628600050863647,0.5179334399096633,-51.8221098232577,38.177890176742295,38.1778901767423
4214,2.6765854235266984,3.0982687157400006,3.92731650656725,1.2675842113421196,0.2767594655605447,73.27897117285225,-16.721028827147748,16.721028827147748
4215,1.6119886861377042,1.5113840366030684,2.1706381676872324,1.436192334389001,0.5536786552891791,82.884646203217,-7.115353796782998,7.115353796782998
4216,1.0908577979726677,1.0322186434483898,1.346242053450307,1.3042217964140252,0.7295385003189775,-40.5030734887217,49.4969265112783,49.4969265112783
4217,0.973200680696656,0.5461980795248307,1.9694156855605915,3.605680355511136,0.508645256091658,-78.21290106083477,11.787098939165219,11.787098939165233
4218,0.8392070033186643,0.7536861714139943,1.2520314837303317,1.6612106354311758,0.5790220687868763,-32.40940213076878,57.59059786923122,57.59059786923122
4219,0.8606370140730026,0.8271710084762978,1.2156051784813982,1.4695935496102808,0.600277584329911,61.14361980481445,-28.85638019518555,28.85638019518555
4220,1.7247976224747188,1.5018081650999846,2.830231989557993,1.8845496084844944,0.3158028850304374,24.92911082517551,-65.07088917482449,65.07088917482449
4221,1.7904288454052892,1.5847264746600382,2.558993842567218,1.614785821708559,0.4950016523278867,-79.19295798856695,10.807042011433055,10.807042011433055
4222,4.159705025283119,3.6373636419090056,5.100475528634646,1.4022451508196612,0.5982425454223862,85.24788502239966,-4.752114977600343,4.752114977600343
4223,4.444765766528985,3.546253613644436,7.4037007598494355,2.087752757265647,0.3377536892473006,-89.01989224670342,0.9801077532965792,0.9801077532965792
4224,1.8990365667271207,2.2556525465457944,5.444407239597029,2.413672818508485,0.1634091772296708,-24.61338470392697,65.38661529607303,65.38661529607303
4225,0.9917395023300404,0.8029376004808138,1.3707207507156431,1.707132347388926,0.785049213867867,74.02111334529388,-15.978886654706116,15.978886654706116
4226,1.652899170550067,1.5455968309206316,2.4420067003073718,1.5799765187489383,0.3722610797590625,-63.02618263593725,26.97381736406274,26.973817364062747
4227,0.8535534614000618,0.6695361806332332,1.263755200029199,1.8875084522452037,0.6674582254360072,-81.41630788293503,8.58369211706497,8.58369211706497
4228,2.529649845807552,2.1818413776122125,3.618036851216915,1.658249260620615,0.3407914582051765,61.27805195650068,-28.721948043499317,28.721948043499317
4229,0.9219431092603804,0.9511823536217164,1.030174193895653,1.0830459479963728,0.7798609936738606,76.96983850850908,-13.030161491490915,13.030161491490915
4230,2.287671900436189,1.785712339595264,3.657393118043331,2.0481423782244166,0.4660597041049131,-62.39590916462838,27.604090835371608,27.604090835371622
4231,0.9086770491564996,0.5599866249715775,1.7349090679796502,3.098125902681527,0.5427195295329011,-71.12130301905543,18.878696980944568,18.878696980944568
4232,3.178460113381421,2.3142122467923896,5.545531180107525,2.396293247429617,0.3441346870661556,-61.655229587795816,28.344770412204184,28.344770412204184
4233,0.9219431092603804,0.7807519941869893,1.1585343787964286,1.4838698939255746,0.9165266070627022,-88.85995115067665,1.1400488493233638,1.1400488493233496
4234,0.9479184199131095,0.741239642079537,1.39400858468416,1.880644943345568,0.5564691044932792,-56.94402797746883,33.055972022531165,33.05597202253117
4235,1.1237553499514827,0.8556441145033541,1.7370591396869255,2.0301187260490607,0.6695938261815894,-52.06925043867539,37.9307495613246,37.93074956132461
4236,2.687902959940692,2.037381663956751,4.216224672222829,2.0694329132395346,0.5040516512905334,-88.50464808673925,1.4953519132607482,1.4953519132607482
4237,1.2121260584033826,0.9208391754946468,1.8012407214956057,1.9560861108325829,0.6114119393209093,-5.715608545905423,84.28439145409457,84.28439145409457
4238,1.95883855734249,1.365152338482527,3.131521569039898,2.293898988973514,0.6199994622998349,-84.1697306212552,5.830269378744788,5.830269378744802
4239,1.0159318257539256,1.0201669276080092,1.1749558597360887,1.1517290238873104,0.7507328531016971,-56.5071741587757,33.49282584122432,33.4928258412243
4240,1.0569367929308613,0.8575120340359365,1.392846373282448,1.6242878443663649,0.890423981072762,72.7081149972574,-17.291885002742603,17.291885002742603
4241,2.439232190052617,1.515678728397917,4.399593043250334,2.9027213754597816,0.4704197694984046,-80.2746305494061,9.725369450593917,9.725369450593902
4242,7.348330270088931,4.50246888596263,18.663691145907134,4.1452126863319405,0.1290711460855368,-89.88677030922703,0.1132296907729824,0.11322969077296818
4243,1.7561918645793366,1.4084896355947785,2.2784952179364266,1.6176868898110572,0.806474060994251,32.81127567830267,-57.18872432169733,57.18872432169733
4244,1.0039085404212729,0.9903997227645902,1.241998418168467,1.254037526082466,0.6853873046387,-23.29255344751464,66.70744655248537,66.70744655248537
4245,0.9019708538191776,0.7590244747625775,1.1346832450160336,1.4949231319200371,1.0188250365960856,68.13307434903425,-21.866925650965754,21.866925650965754
4246,1.039561305877423,0.954912367062339,1.1796546534068684,1.2353538336045633,0.98425613959702,-58.58812167079711,31.411878329202892,31.411878329202892
4247,5.388214679464885,4.76567667081025,7.328831197528837,1.5378364299067744,0.4044295608522375,-76.72927999784068,13.270720002159322,13.270720002159322
4248,3.140025082999704,2.0652422981829885,5.410951993152673,2.6200083147208724,0.4660917089400183,47.78725192663131,-42.21274807336869,42.21274807336869
4249,1.4282681233264556,0.9199985894751332,3.1109890509274694,3.381515022433148,0.4192918429146346,79.97958460438137,-10.020415395618627,10.020415395618627
4250,2.099463918332859,1.4364352067811523,3.408480047415343,2.372874203670672,0.5912368578795392,-83.12098630438544,6.87901369561456,6.87901369561456
4251,3.515839100116432,2.3261557439596925,6.969825625276779,2.996285026647619,0.2580387536421601,-48.94337693903341,41.05662306096659,41.05662306096659
4252,1.67479282872596,1.5263135103914516,1.8901257622353376,1.2383601071254224,0.913017853339704,-45.612199516677606,44.387800483322394,44.387800483322394
4253,1.1557168501373432,0.9590746302291135,1.4672766745442265,1.5298879026689596,0.8688399918047303,-61.1064802004946,28.893519799505384,28.8935197995054
4254,3.324113153499001,2.9159220418390746,7.966242195992256,2.7319805130894173,0.1994242858416599,-51.213187671161805,38.78681232883821,38.786812328838195
4255,4.077151287356832,2.1565969053034126,8.35707183575057,3.8751200167259854,0.380050679945925,-64.2572791224285,25.742720877571514,25.7427208775715
4256,2.0108386281965918,1.3604293915146008,3.221974860617413,2.3683514048680663,0.5467976253769196,-82.37207019666977,7.6279298033302325,7.6279298033302325
4257,0.771352946256698,0.6241502455531531,1.253809061918227,2.008825712800992,0.6014332322961927,86.42794316589453,-3.5720568341054673,3.5720568341054673
4258,1.6784140066373283,1.1805867117633329,4.249499653022836,3.599481182263819,0.2922992824015896,-87.79176247130371,2.208237528696287,2.208237528696287
4259,0.8952144227026446,0.8475328262017042,1.3851076333572716,1.6342819894832368,0.4568477616186876,23.778059218686227,-66.22194078131378,66.22194078131378
4260,2.164954408398548,1.303275835298994,3.922948946714152,3.01006804581331,0.5159657967639066,-67.86740367825423,22.13259632174578,22.132596321745766
4261,1.4947343471339476,1.0751352526278342,2.2207294160764453,2.065534927488018,0.6984952420525232,-75.82764739605139,14.17235260394861,14.17235260394861
4262,1.566140741422161,1.4639090248136737,2.569774260494979,1.7554193716525932,0.4214629885711292,85.03522600343508,-4.964773996564915,4.964773996564915
4263,1.2897792515977275,0.91654702243539,1.9198037862728423,2.0946047930761518,0.757632067630764,67.87897090623692,-22.121029093763084,22.121029093763084
4264,0.9414917802541344,0.8798314513209057,1.158707821332425,1.316965675178851,0.7325220243839292,-46.68628061158801,43.31371938841198,43.31371938841199
4265,0.9153341128725788,0.6819142897336813,1.3469984108937842,1.975319231717301,0.8216620193947821,-52.97643644406951,37.02356355593048,37.02356355593049
4266,1.5544674799972351,1.3001791572811758,1.920153457902517,1.4768375936111595,0.8337901426060219,54.6837490100189,-35.3162509899811,35.3162509899811
4267,1.4824989352200384,1.2574656955059094,1.8119488097188323,1.440952875449887,0.8250001508074954,-44.4619929921556,45.538007007844385,45.5380070078444
4268,3.0217882140215035,2.177592704138537,4.916130883517419,2.257598895410636,0.3879020384612426,-75.99676975361702,14.003230246382998,14.003230246382984
4269,1.717743205908703,1.1698650030834612,2.8246284080241604,2.414490903291552,0.5863580686688442,-34.28970692203415,55.710293077965844,55.71029307796585
4270,2.1480624384075764,1.4225746919018032,4.094393486267188,2.878157125650464,0.268349836602532,-88.94469922298354,1.0553007770164413,1.0553007770164555
4271,3.844150585535962,2.771395881881572,5.665841702539111,2.0443999861515367,0.5433013324998839,-77.09767788903066,12.90232211096935,12.902322110969337
4272,0.9019708538191776,0.6908878621685729,1.3229041261804322,1.914788489738514,0.7587230027163933,-43.41696027050665,46.58303972949335,46.58303972949335
4273,1.2369164782162358,0.7221433045982212,2.3435295681047323,3.2452417036651773,0.5585414049798371,-81.39694584654906,8.603054153450955,8.603054153450941
4274,1.2660243778180809,0.9545124577767944,1.814345926560924,1.9008090588852165,0.7317608804808561,76.19773537902356,-13.802264620976445,13.802264620976445
4275,6.865669100093692,4.751022769448918,10.521889642411535,2.2146578016994005,0.4398228774040412,-89.71643403063739,0.2835659693625985,0.2835659693626127
4276,1.7071069228001237,1.593209536841001,2.144321116912576,1.345912805144459,0.503534191315048,3.424020573064389,-86.57597942693562,86.57597942693562
4277,0.7634414248483123,0.7594665672422078,0.9932643849030072,1.3078447791451455,0.6808767580797012,67.19225165151111,-22.807748348488886,22.807748348488886
4278,9.418786152140664,7.02058216186596,18.68709322970265,2.661758355483147,0.1378666385544577,-77.66471174965471,12.335288250345286,12.335288250345286
4279,3.029814226070162,1.9446545267478144,6.0485970205809645,3.110370987435217,0.3802709937639989,-86.98368432389047,3.016315676109514,3.016315676109528
4280,3.0338192697565347,2.009189119781656,5.213573308819967,2.5948643945406893,0.3676481207208636,83.87393489407178,-6.12606510592822,6.12606510592822
4281,1.139848131163964,0.90707000060604,2.2182492286604947,2.445510519781734,0.3409914676694138,-88.44157018004931,1.5584298199506748,1.558429819950689
4282,1.8039417076383557,1.3996048100089202,2.823807765044389,2.0175750646544235,0.492108205655194,76.32935863825635,-13.670641361743648,13.670641361743648
4283,1.3223193364400538,1.1962055700569358,1.6897151072873362,1.4125624805499868,0.5997263877666857,43.04111426696981,-46.95888573303019,46.95888573303019
4284,1.0278144733504384,0.8823335875148698,1.4040389041600034,1.591278994733204,0.7040157398222003,-49.16598002868346,40.834019971316536,40.83401997131654
4285,1.1019327803667114,1.0486603743407463,1.2843752129018573,1.2247771006979222,0.8863140369672852,11.851464991464224,-78.14853500853577,78.14853500853577
4286,0.8172152218636723,0.548466285128819,1.4724265653325,2.6846254824700284,0.5634314240496744,-69.65486319858054,20.34513680141947,20.345136801419457
4287,4.486910076385136,3.4966862956662093,10.722660513012348,3.0665205873063326,0.2260965089370526,-70.52423111538096,19.475768884619043,19.475768884619043
4288,1.7423087071804406,1.3572183543843466,2.4142042849368925,1.7787884146556578,0.7361693630411558,8.716267267747849,-81.28373273225215,81.28373273225215
4289,1.2612197138901655,1.014774677547869,1.667998554732145,1.6437132218974415,0.8151077520762252,-85.03905353960403,4.960946460395974,4.960946460395974
4290,2.0615274636937264,2.011297542113634,2.2423541016099304,1.1148793525862333,0.7649045616025969,-83.24038669432957,6.7596133056704275,6.7596133056704275
4291,1.2121260584033826,1.0370673315499033,1.4492891201343616,1.397487970205744,0.979546001947272,5.561502094172638,-84.43849790582736,84.43849790582736
4292,1.326902779425731,0.8013480780809956,2.4186371900862893,3.01821050832024,0.534955348219675,12.560051847706236,-77.43994815229377,77.43994815229377
4293,3.5927064605264567,2.112365936601486,9.307102598764788,4.406008654797126,0.2202413934604836,48.631849280725774,-41.368150719274226,41.368150719274226
4294,1.2171245375823248,1.173687389560662,1.288888482204925,1.098153131463213,1.08846023098162,36.40426140187999,-53.59573859812001,53.59573859812001
4295,1.3495865213724043,0.832057492813663,2.462413179890084,2.9594267237030154,0.4785282417012574,-74.36151866852929,15.6384813314707,15.638481331470715
4296,0.8097519128234426,0.7011763226730562,1.073200321218719,1.5305712507909797,0.8592690415496879,-40.806483810670265,49.19351618932973,49.193516189329735
4297,1.2563966762852905,1.1418837272695157,2.0462813164777263,1.792022486712212,0.4550436889479557,11.986909884053553,-78.01309011594645,78.01309011594645
4298,1.1291450947814663,0.8405549457627266,1.6181542759227638,1.9251023196995607,0.7393823772306031,-47.38557527140655,42.61442472859346,42.61442472859345
4299,1.0683634687220958,0.7644509149300472,1.719911867836572,2.249865667299197,0.6542193301172069,25.587811989694124,-64.41218801030587,64.41218801030587
4300,0.771352946256698,0.6788929045326385,0.9400766811447634,1.3847201449128832,1.0240698718711048,-83.55626312771375,6.443736872286252,6.443736872286252
4301,1.7630924485867383,1.38671934700808,3.1949803832642933,2.303984861938814,0.4611782935643624,-73.50855824963706,16.491441750362924,16.491441750362938
4302,0.8815462242933692,0.8172222442329127,1.0098532813279335,1.235714383026657,1.0758730980678324,-26.2933543820421,63.7066456179579,63.7066456179579
4303,1.6565682076297277,1.4858001551496776,1.9162366766813863,1.2897001457698376,0.8964005181680164,-87.67601465430648,2.3239853456935293,2.323985345693515
4304,1.1128975557056655,0.7689342599772228,1.8766754286630407,2.440618823147029,0.5642658086591327,-43.17241219208335,46.82758780791664,46.82758780791665
4305,1.3131044552792934,1.090449940827581,1.86991361686296,1.714809224019781,0.6730578978482409,-23.906407787895056,66.09359221210494,66.09359221210494
4306,1.1557168501373432,0.9423067195613946,1.4878250584881243,1.5789180185201763,0.8606213982139006,66.58588679611398,-23.414113203886018,23.414113203886018
4307,1.9956851445118324,1.600399281230632,2.5961926324059506,1.622215570110479,0.8460048689070304,75.29684222337691,-14.703157776623087,14.703157776623087
4308,4.100907650311934,2.535259450968883,9.769812553365815,3.8535750452018447,0.2387685643955507,-85.42533162108802,4.57466837891198,4.57466837891198
4309,0.9153341128725788,0.7632166069364256,1.125610773036395,1.4748247912930383,1.0651101518019093,-8.583711121107228,81.41628887889277,81.41628887889277
4310,3.208876692668029,2.06384840878445,9.538562347448067,4.62173593120922,0.1373930212632894,-74.25274034595981,15.747259654040192,15.747259654040192
4311,3.597772559109586,3.578368026725405,4.420413678012642,1.2353155530673017,0.4653256032398685,-38.834855104596734,51.16514489540327,51.165144895403266
4312,1.1609582232861997,1.1685754738634724,1.2615238838668246,1.0795399288126866,0.8263140156674134,41.95965100286475,-48.04034899713525,48.04034899713525
4313,5.16499768424481,2.6189242841443257,11.590409858179648,4.425637628529819,0.3060363973077972,-76.33734120317395,13.662658796826065,13.662658796826051
4314,0.7946150283453554,0.7711829537323233,0.8593505978224105,1.114327791691166,1.044769665553336,-36.80332602355166,53.19667397644834,53.19667397644834
4315,1.3177199508995825,1.140542175203116,1.656545499958899,1.4524193282584132,0.7910785356691763,49.16856556907507,-40.83143443092493,40.83143443092493
4316,0.9153341128725788,0.8076398372698274,1.1290034539119918,1.3979046126903705,0.8552889017074055,-25.39868450023511,64.6013154997649,64.6013154997649
4317,1.671163804247637,1.2549524327690793,2.6962609494847665,2.1484965318848057,0.5449452352012345,-31.847659222123085,58.152340777876915,58.152340777876915
4318,4.72676503382805,3.0139312427883387,11.702650145585745,3.8828523953847855,0.2273068013355475,-60.416904886385,29.583095113615002,29.583095113615002
4319,0.84641062903508,0.544243979605235,1.4742596323905706,2.7088212045265405,0.6671275034994592,-46.702792602734974,43.297207397265026,43.297207397265026
4320,1.7142051110999064,1.2402025383543585,2.538494585496249,2.046838727539303,0.7090257147162723,74.08983479615038,-15.910165203849616,15.910165203849616
4321,1.0453852243082644,0.9469303309579168,1.2083730243959356,1.276094961678483,0.9090592741800784,80.51873028123892,-9.481269718761084,9.481269718761084
4322,1.3177199508995825,1.0262651202638764,1.8344308851635316,1.787482443807363,0.7394133722881903,-80.65270220341914,9.347297796580847,9.347297796580861
4323,0.84641062903508,0.7011997393004181,1.1875626880521744,1.6936154158257346,0.7444155026590503,-42.71467455468354,47.28532544531646,47.28532544531646
4324,1.0337045758596148,0.9278222153278116,1.274699944311784,1.3738622801367348,0.7755013539158911,61.81306663128122,-28.186933368718783,28.186933368718783
4325,1.1345092346885122,0.6837626649551456,2.454949915354256,3.590353848166452,0.4302549504081053,-73.17088198847456,16.829118011525452,16.829118011525438
4326,2.7148725613463958,1.768550730306648,5.3804813853584985,3.0423110251553718,0.3498284936606766,55.287250867581776,-34.712749132418224,34.712749132418224
4327,1.5738748168108194,1.4818099149265649,1.7576613366510407,1.1861584397200813,0.8367069882321495,-41.00737674653335,48.99262325346666,48.99262325346665
4328,4.782946817611088,3.594914647522993,9.469650661757576,2.6341795536877224,0.2647476991185047,56.67829448005583,-33.32170551994417,33.32170551994417
4329,2.754831950916779,2.181895616826896,3.590924043839655,1.6457817762436735,0.7275852164108089,25.04451806269283,-64.95548193730717,64.95548193730717
4330,1.1237553499514827,0.9528288973288328,1.5496557055842712,1.6263735387629268,0.5918529667556084,26.187392184059014,-63.812607815940986,63.812607815940986
4331,1.2803301921000927,0.9917203607336508,1.798241520577953,1.8132546146855928,0.7305160798659938,64.0221927767939,-25.9778072232061,25.9778072232061
4332,2.776783150164344,2.4187715832565124,3.451348670153659,1.4269014461906886,0.6141478586164992,-57.08762746291579,32.912372537084195,32.91237253708421
4333,0.9479184199131095,0.7381659132560813,1.326250092175914,1.7966829250158252,0.8321867500903559,-12.800253739178247,77.19974626082175,77.19974626082175
4334,7.829928351526243,5.759886367288502,20.094144757971996,3.4886356217182497,0.080564205497925,75.3243817344972,-14.675618265502806,14.675618265502806
4335,1.2270604129519955,0.7930782564386605,2.11382332521521,2.665340157864611,0.5420744383899732,-52.64237339580114,37.357626604198856,37.35762660419886
4336,0.979419278671245,0.8622063971561437,1.2186894650836313,1.4134544455982845,0.856354812616355,71.29538039970184,-18.70461960029816,18.70461960029816
4337,2.1281856896488693,1.7557835611678654,3.262017706792577,1.8578700580969305,0.5052890142781595,63.35963063676696,-26.64036936323304,26.64036936323304
4338,3.210768161557695,3.758547620603685,5.359654988485687,1.4259909756377749,0.2739545410157236,42.989741824565215,-47.010258175434785,47.010258175434785
4339,1.6999790965841823,1.13558963228883,3.869896113492046,3.407829733080693,0.3583857236796238,-50.11733633741881,39.882663662581194,39.88266366258119
4340,2.329747552941477,1.7827857068971549,4.148387590957356,2.3269131982090023,0.3965646380646575,45.95137581692984,-44.04862418307016,44.04862418307016
4341,1.1451621372724683,0.7883517027054183,1.8009498807619029,2.284449788820789,0.6665871496123028,71.62534215283321,-18.374657847166787,18.374657847166787
4342,1.380717816333713,1.176724817639064,2.2520357603555183,1.9138168300673024,0.4831333555652701,62.85842563963477,-27.141574360365233,27.141574360365233
4343,1.2121260584033826,1.0482407963897005,1.4533762499096912,1.3864908281716743,0.9161667067236954,-81.16113135939942,8.838868640600595,8.83886864060058
4344,1.191922542518033,0.9013292921943424,2.0092661658287203,2.2292254154272926,0.5036651094563954,-64.60305252092675,25.396947479073248,25.396947479073248
4345,0.9219431092603804,0.598209785840075,1.5896183803752355,2.657292505074805,0.6174318727082447,-67.39297516461849,22.60702483538151,22.60702483538151
4346,1.3314704444981866,0.9287698005524532,2.3171270429718414,2.494834609817806,0.4202948864785202,23.45769251241147,-66.54230748758853,66.54230748758853
4347,2.329747552941477,1.6647184649453024,3.77821102239672,2.269579572736258,0.4568398206077576,-66.49630296647675,23.503697033523252,23.503697033523252
4348,3.810839801836685,1.929758171596254,8.109008314711327,4.2020852322670725,0.386542898657428,84.3320614188377,-5.6679385811623035,5.6679385811623035
4349,0.8884066096615684,0.7765429770941813,1.1614768872688577,1.4957020043051532,0.6838338908136976,83.25299645907292,-6.747003540927082,6.747003540927082
4350,1.2270604129519955,0.7994546393531998,2.0325171758346503,2.542379612030349,0.6286618115001282,-30.28928089491141,59.710719105088586,59.710719105088586
4351,1.2563966762852905,1.201100120703652,1.3781742862472042,1.1474266486958764,0.9168576953811232,67.2124654830031,-22.7875345169969,22.7875345169969
4352,1.1609582232861997,1.136658557595125,1.2333136220082106,1.0850343876507498,0.9567373922190844,48.32813555010969,-41.67186444989031,41.67186444989031
4353,0.9086770491564996,0.856490047915576,1.1563766813504786,1.3501344051395938,0.6753844330572566,-61.88499501095316,28.115004989046838,28.115004989046838
4354,4.364822370370747,3.971720775072886,7.938124835455895,1.9986613573836196,0.2711016168845327,-55.14655842798497,34.853441572015015,34.85344157201503
4355,0.9917395023300404,0.6474458583196253,1.6196616426513943,2.501617118773527,0.7454911473624429,79.95633098754594,-10.04366901245406,10.04366901245406
4356,1.096409273000846,0.9376836677532094,1.4544179084712348,1.551075227700378,0.6173704633213994,-47.77329324320925,42.22670675679075,42.22670675679075
4357,1.0683634687220958,0.8571855301477144,1.6009310811634667,1.86765994625176,0.6188049052804687,60.734896704562765,-29.265103295437235,29.265103295437235
4358,2.660659997024108,1.4925290925594783,6.505661554502656,4.358817249817461,0.2901480738959769,-61.61388745282495,28.38611254717506,28.386112547175053
4359,1.2850634067342854,1.010645855784469,1.86318831728042,1.8435620218659108,0.6056880304693159,-43.12236972901171,46.87763027098828,46.87763027098829
4360,3.180369672047749,2.144929963540812,5.968190402562104,2.7824639983628754,0.4653156166234526,65.58500661051136,-24.414993389488643,24.414993389488643
4361,2.0497134554531327,1.7874810017142315,2.571256470884611,1.4384804472991444,0.6560240848508306,9.792317962632978,-80.20768203736702,80.20768203736702
4362,4.51523595868259,3.381479578534799,6.927302884250016,2.0486011295835262,0.3815797939754019,15.92126524304611,-74.07873475695389,74.07873475695389
4363,0.8815462242933692,0.8435718187025969,0.9736482922602224,1.154197272447628,1.0183929381329635,31.325753523491,-58.674246476509,58.674246476509
4364,3.300284078143425,1.8626243332347987,6.012598338185441,3.228025228116412,0.5836435518301887,59.99363608407155,-30.006363915928453,30.006363915928453
4365,2.802897673003818,2.376488810658308,4.200478743159608,1.7675146309635008,0.3926382060881397,46.38040318168834,-43.61959681831166,43.61959681831166
4366,3.0971957048803067,1.8923269721220264,6.764337566815295,3.5746135136624253,0.3786014941351703,81.87929443643381,-8.12070556356619,8.12070556356619
4367,2.956795924242375,1.720866786061903,6.098471774399274,3.5438372242370075,0.4495579819796518,-67.16582966229355,22.83417033770644,22.834170337706453
4368,1.937021059271256,1.375435979760924,2.964974288607129,2.155661428256731,0.5574305524318549,75.8451547451267,-14.154845254873294,14.154845254873294
4369,1.45354916781555,1.138122766185797,2.214206495171114,1.9454900305628775,0.5417360410432323,62.39037677590385,-27.609623224096147,27.609623224096147
4370,1.1128975557056655,0.8784044540322962,1.5130676938773315,1.7225182396692411,0.7550460505557312,46.21950103266466,-43.78049896733534,43.78049896733534
4371,1.2515550525870838,0.9895115320422824,1.61393725479526,1.6310444118465268,0.9465305670118824,84.76132302757998,-5.2386769724200235,5.2386769724200235
4372,2.153707815918036,1.2665638798230472,3.890760726054476,3.0719024820114544,0.5824830634170605,-78.7548275027031,11.245172497296892,11.245172497296906
4373,5.49532010444794,3.22879680437306,11.942295069882796,3.698682758143292,0.3403837824007595,61.83997042163271,-28.160029578367293,28.160029578367293
4374,1.7423087071804406,1.4509313447087857,2.2648199123872352,1.560942163560333,0.5922016642882691,-36.27465586898533,53.72534413101468,53.72534413101467
4375,1.3585539723246187,1.1288577021904094,1.705530540672323,1.5108463514603752,0.8538592006127931,-62.761289995465546,27.238710004534454,27.238710004534454
4376,1.1345092346885122,1.0437653211950355,1.391339540702687,1.3330003521382603,0.7784086917690012,-61.99763578202658,28.002364217973422,28.002364217973422
4377,1.096409273000846,0.89016316205101,1.6629870822502075,1.8681823211135216,0.5843979765332451,6.973276694637764,-83.02672330536224,83.02672330536224
4378,3.5416469270347277,3.0402590944930368,4.647874687054412,1.528775851858588,0.4073982382742352,-65.10636538198284,24.89363461801716,24.89363461801716
4379,0.9606427264386592,0.8410771371411728,1.1447764100134383,1.3610837335378554,0.9604291430695416,1.6221431044300303,-88.37785689556998,88.37785689556998
4380,2.989468694267895,2.538380117126347,3.633798305732191,1.4315422190770808,0.768736251082322,-55.17901524816718,34.82098475183281,34.82098475183282
4381,0.9669420905017878,0.8180785419846114,1.211742762189729,1.4812058989471977,0.9012675514827428,32.07069602641019,-57.92930397358981,57.92930397358981
4382,1.3131044552792934,0.9539259580937154,1.8768593654733745,1.967510527991092,0.817578992311183,31.3403666712623,-58.6596333287377,58.6596333287377
4383,1.062665489594652,0.6833667740184376,2.0842118345766414,3.049916843806644,0.4671325908483665,57.58926584572669,-32.41073415427331,32.41073415427331
4384,1.9619355372325755,1.4224409504949818,2.822206007633408,1.9840584641853392,0.6799738488340099,81.359390011513,-8.640609988487,8.640609988487
4385,0.9219431092603804,0.6340302655974237,1.7900735533829222,2.82332508479891,0.5306648958216131,-83.35998078081566,6.640019219184353,6.640019219184339
4386,0.9414917802541344,0.7890310582262491,1.5332299458224594,1.9431807275992128,0.4992836352057704,89.45982443248582,-0.5401755675141828,0.5401755675141828
4387,3.197504382733714,1.752801103557575,6.717616055148865,3.8325033236882646,0.4677074716420613,70.38990846818916,-19.610091531810838,19.610091531810838
4388,2.6765854235266984,1.6255736608895996,4.66398901041146,2.869134215584595,0.5720298523541567,62.044260266967,-27.955739733033,27.955739733033
4389,1.062665489594652,0.9311801065375844,1.379292224078593,1.4812303381428842,0.7145770115720949,14.962294621283291,-75.03770537871671,75.03770537871671
4390,1.2803301921000927,1.0107818652250051,1.6874664036316502,1.6694664414621363,0.8522026918347505,87.35635464714989,-2.6436453528501147,2.6436453528501147
4391,1.626984252638553,1.090717570427035,2.673834108109304,2.451444975863413,0.5646920133985778,64.55994398343071,-25.440056016569287,25.440056016569287
4392,5.553566300328687,5.463255879948576,8.898657634714215,1.62881948608235,0.3340481266234868,-65.62857399472068,24.371426005279318,24.371426005279318
4393,1.470161697690137,1.2130947965498766,1.9934631693920333,1.64328721470208,0.7182117608766458,7.122145892565792,-82.8778541074342,82.8778541074342
4394,1.1183396299962336,0.94998800372405,1.5260721836853135,1.6064120575238368,0.7014870240946551,-34.656117801311844,55.34388219868816,55.343882198688156
4395,0.9019708538191776,0.9213376481429224,0.955149593143697,1.0366987554116855,0.8967653041548155,1.5047804227158066,-88.49521957728419,88.49521957728419
4396,1.0796692170979234,0.8873937224725754,1.4411970111656092,1.6240784385424236,0.7697186924595638,-49.12003207097519,40.879967929024815,40.87996792902481
4397,4.100907650311934,3.059975898654782,6.91406039895771,2.259514658921742,0.3916757333655093,66.9942213646068,-23.0057786353932,23.0057786353932
4398,4.547392348057016,3.796905962960444,6.272013183461898,1.651874775052795,0.5535937989428861,-68.62480643813862,21.37519356186138,21.37519356186138
4399,1.717743205908703,1.2773770706084162,3.774967276073753,2.955248973019166,0.2608806669176015,-56.83345404061773,33.16654595938226,33.16654595938227
4400,6.112499699777932,6.781014405870767,9.399651825519753,1.3861719298784942,0.2081936437454995,2.17647861971318,-87.82352138028682,87.82352138028682
4401,3.5757676275540997,2.406119182557508,5.750574784328309,2.3899791938884416,0.5684749457851749,65.30121221730444,-24.69878778269556,24.69878778269556
4402,1.8173540983129992,1.5146658167671667,2.660451570413919,1.756461089279921,0.5803045179664044,31.051451809976875,-58.948548190023125,58.948548190023125
4403,1.096409273000846,0.9756116426904262,1.6494682826372151,1.6907017202956978,0.5632067142098178,40.79902305561998,-49.20097694438002,49.20097694438002
4404,2.2285211321652416,1.9075497966338173,2.6664975765204346,1.3978652516573378,0.8763543844774859,74.25246855122965,-15.747531448770346,15.747531448770346
4405,0.8952144227026446,0.7058794966814028,1.219090804477544,1.7270522946323488,0.8500470631615975,11.509263634565066,-78.49073636543494,78.49073636543494
4406,1.1128975557056655,0.9808098324507084,1.3820665891736097,1.4091076001147924,0.8494538405445762,-47.65916094544317,42.340839054556824,42.34083905455683
4407,2.4066575195010222,1.6541313839685927,3.89660574661149,2.355680923762387,0.5778834934442946,-32.094974804515175,57.905025195484825,57.905025195484825
4408,1.0099380753567209,0.8924682404004378,1.1859909830377156,1.3288887260633255,1.0294191515643545,-68.39986707449424,21.60013292550576,21.60013292550576
4409,2.5224394277803315,1.5490769586791158,4.710228395745529,3.0406677791927774,0.4598093806910239,77.43791094923152,-12.562089050768478,12.562089050768478
4410,1.139848131163964,0.937506515158824,1.548616019734924,1.6518456082116628,0.6575265865060811,-51.76090607309537,38.239093926904616,38.23909392690463
4411,3.661336451490315,2.6014784299044145,6.627000731319839,2.547397916177738,0.3457556927060884,79.19563554246156,-10.80436445753844,10.80436445753844
4412,0.9019708538191776,0.7598715641324724,1.1490634892691824,1.5121811941746253,0.9316417141717738,46.66029392197586,-43.33970607802414,43.33970607802414
4413,7.885559092657672,6.942748781930755,12.013562979417587,1.7303755841899635,0.1721977335359209,76.99649701849013,-13.003502981509868,13.003502981509868
4414,1.3314704444981866,1.4808038704889943,1.564207635672792,1.0563233030693362,0.5574334424304261,47.93548335741284,-42.06451664258716,42.06451664258716
4415,3.639715833714717,2.665982128720635,8.081006090835333,3.0311553868942425,0.2964088040508413,43.80975735151266,-46.19024264848734,46.19024264848734
4416,1.0908577979726677,1.010272392397319,1.3445729748273665,1.3309014330647708,0.7094032395634667,28.66316589531817,-61.33683410468183,61.33683410468183
4417,1.4865885952249918,1.053944453234539,2.266455907729028,2.1504510041049225,0.6832103198421282,-54.49492387569557,35.50507612430442,35.50507612430443
4418,2.1281856896488693,1.8588650198017216,2.5944822422423583,1.3957346093473222,0.756010582852774,15.117831369544348,-74.88216863045565,74.88216863045565
4419,1.4409640896579887,1.0556553277836342,2.1810537588900893,2.066066169030045,0.6975966045401244,40.133628843790135,-49.866371156209865,49.866371156209865
4420,1.992640619253945,1.6473384112365517,4.048802081534879,2.4577840557336983,0.2925770732655821,-2.183012202944467,87.81698779705553,87.81698779705553
4421,1.7938166040551036,1.6249654074098203,2.143382794902741,1.3190328761024352,0.8017212069825278,-9.6036406991751,80.3963593008249,80.3963593008249
4422,2.5463947557410336,1.681151032027539,4.106072777596332,2.4424175457003625,0.5998611680725308,64.4440628672304,-25.5559371327696,25.5559371327696
4423,6.463941822347362,5.917050984458053,11.260871725269729,1.903122307860445,0.2849511073320645,13.364573668358467,-76.63542633164153,76.63542633164153
4424,2.8244753407624037,1.847800956679815,5.402541078049567,2.9237678758198165,0.3870968969061453,82.5948985904799,-7.4051014095201,7.4051014095201
4425,1.9244428674196767,1.7491926501130646,2.202295241262198,1.2590352704259566,0.850960380828038,64.50493506334968,-25.495064936650323,25.495064936650323
4426,5.397221312879119,3.0526988083301423,10.079452097885492,3.301816763049433,0.3507958032740298,-60.80649918320469,29.193500816795307,29.193500816795307
4427,1.1345092346885122,1.1899797076205654,1.3557411232610717,1.139297682623476,0.6359322326732881,-70.2487829301276,19.751217069872382,19.751217069872396
4428,1.550556863789422,0.9629716548499608,2.997484337612435,3.112744100530632,0.4429029800268165,-77.30283200937333,12.697167990626667,12.697167990626667
4429,1.780226888597607,1.3347958270331235,2.4528186462573065,1.8375983776554303,0.6820560512551951,-73.2394688013025,16.760531198697493,16.760531198697507
4430,0.8606370140730026,0.8415059575521914,0.955195343090429,1.135102294306914,0.8858148121028863,87.00392588124515,-2.996074118754848,2.996074118754848
4431,1.2897792515977275,1.1274414018163257,1.6825922823826345,1.4923988773801924,0.7843524198085384,-26.52951865117351,63.470481348826496,63.47048134882649
4432,2.879820736124219,2.92662855276463,3.1702612273060806,1.0832468726894993,0.4832794855767501,22.689540631742304,-67.3104593682577,67.3104593682577
4433,0.9414917802541344,0.7470133258678863,1.3204302812044282,1.7676127526511545,0.7528055106866933,44.13633930263763,-45.86366069736237,45.86366069736237
4434,2.031863651507851,1.1639211460536325,4.213376411443834,3.6199844170970032,0.4493282720080053,72.39739046668448,-17.602609533315515,17.602609533315515
4435,0.7791841414090482,0.4461541393278502,1.4665952832482594,3.287194164460171,0.7228305899472971,-10.369346439909284,79.63065356009072,79.63065356009072
4436,1.1019327803667114,0.6533113119434807,2.121686708155635,3.247589119257721,0.4417754224564758,-72.41990922508451,17.580090774915504,17.58009077491549
4437,4.1655391165446405,2.9918069856805163,6.991012908399321,2.3367192274969386,0.3869635420628207,83.94548962167501,-6.054510378324991,6.054510378324991
4438,2.705912561457533,2.514586553016306,3.2631527444520323,1.2976895706921694,0.5811676835378523,-7.832253169129272,82.16774683087073,82.16774683087073
4439,7.057533214046116,4.840503758191335,11.642319648713835,2.40518760656102,0.3291104901624015,-4.9533444929672985,85.0466555070327,85.0466555070327
4440,2.7148725613463958,2.469303893552086,4.844839651650017,1.9620264902594595,0.212760436454384,62.86885358107906,-27.13114641892094,27.13114641892094
4441,2.159338434195847,1.435779174653264,3.604133295865266,2.510228146146257,0.5590417139936178,87.32348178084754,-2.676518219152456,2.676518219152456
4442,1.1609582232861997,1.0223371395649847,1.419916863770888,1.388892967710317,0.8289751857817442,-60.18334561009535,29.81665438990464,29.81665438990465
4443,0.9219431092603804,0.6336307388357306,1.395868419105611,2.202968280343311,0.8386741958690486,-73.06187915653219,16.9381208434678,16.938120843467814
4444,1.7596455392320107,1.5012057273145012,2.283464708141851,1.521087127896007,0.7604780490741454,79.34385670050732,-10.656143299492683,10.656143299492683
4445,1.367462618417021,1.3926189019174195,1.6704194203041471,1.1994806461439231,0.5624014964190343,-89.0718648466531,0.9281351533468865,0.9281351533469007
4446,5.077268138225879,3.927093542441265,7.262164445147293,1.84924661627306,0.5281162616608127,0.6745216060775436,-89.32547839392245,89.32547839392245
4447,3.65801852017766,1.8851444163852675,8.883298000362354,4.712263911003661,0.3387510935483768,79.45944935743249,-10.54055064256751,10.54055064256751
4448,2.515208339531214,1.6226917857953993,4.289201600064149,2.643263272551601,0.4898598117555973,-50.91884095532816,39.081159044671836,39.08115904467184
4449,4.770236333228299,3.618806449973783,7.106708194326004,1.9638265523643823,0.3847730416111248,-73.30103573122229,16.69896426877773,16.698964268777715
4450,1.9307422062542177,1.6306165386197513,2.363189918399042,1.4492615905879278,0.7741277900880813,78.75997468880014,-11.240025311199858,11.240025311199858
4451,5.630650078577395,5.6094629844886725,7.972955072771031,1.4213401701406896,0.2113103089406156,-4.517727357590648,85.48227264240936,85.48227264240936
4452,4.260648424134327,3.627774996199889,5.761102680028963,1.5880540237649097,0.493515619571451,-82.63723461775011,7.362765382249904,7.36276538224989
4453,0.8952144227026446,0.835975407609975,1.0515810465944526,1.257909068881448,0.842854191960867,-75.37713588265676,14.622864117343227,14.62286411734324
4454,1.2121260584033826,1.1233145834010474,1.3591107882709843,1.2099111044708593,0.9202734029049344,-54.90047479912203,35.09952520087796,35.09952520087797
4455,3.914576459577396,2.933666400190234,7.070206985605221,2.410024188553529,0.4078655874434591,-75.32209621122979,14.677903788770209,14.677903788770209
4456,3.0952348337088336,3.2996228190320918,3.579127472900396,1.0847080618597171,0.5434779504262015,2.0665017185798304,-87.93349828142017,87.93349828142017
4457,4.48013942204304,2.571856360716194,9.2601935334263,3.600587371390983,0.3378574299556953,55.51036600330918,-34.48963399669082,34.48963399669082
4458,1.1970053909181526,0.8511473052191835,1.8304994911780523,2.150625960927728,0.6930658511434714,-67.2720294479172,22.72797055208281,22.727970552082795
4459,0.9414917802541344,0.6968204443342092,1.401136133687125,2.0107563506203783,0.8548658473821128,-17.4923717869199,72.5076282130801,72.5076282130801
4460,1.039561305877423,0.9269633226758984,1.30125384539135,1.4037813725304402,0.8176587898937551,-60.43058438568106,29.569415614318928,29.56941561431894
4461,0.8319410050566239,0.6330635661418405,1.2619339737416555,1.99337640204509,0.7539367395569797,36.30951760614671,-53.69048239385329,53.69048239385329
4462,4.146548308008172,4.274327443367225,4.8828295103975865,1.1423620616559491,0.3796727894201694,21.703826068734585,-68.29617393126541,68.29617393126541
4463,5.247792177048498,3.974016328320789,11.056491398503912,2.7821957649519287,0.1781042585721465,52.50103992539922,-37.49896007460078,37.49896007460078
4464,1.6602291363104174,1.2501598372647378,2.4516935121867216,1.9611040437444027,0.6816710432743522,-23.099614972204524,66.90038502779548,66.90038502779548
4465,6.152101666972352,6.484752981342165,9.302471906482102,1.4345144577206004,0.1755699106920598,-14.647133709280672,75.35286629071933,75.35286629071933
4466,1.1291450947814663,0.913180613227999,1.689469202430158,1.8500931556771216,0.5319712410739904,-80.0243411063013,9.975658893698693,9.975658893698693
4467,3.159301047243198,2.3280424918832603,4.774146913694932,2.0507129617865805,0.4308727360195503,-21.067529456926444,68.93247054307355,68.93247054307355
4468,1.2071068813224677,0.8279219898736148,2.0119409327615863,2.430109306637352,0.6175769641451302,-35.06780747436764,54.93219252563236,54.93219252563236
4469,2.1872741160266225,1.998352004939262,2.4342349343735514,1.218121196044006,0.899093032103052,87.33755015408542,-2.66244984591458,2.66244984591458
4470,1.9149550058393197,1.2675599210656303,3.422278285485449,2.69989467843726,0.4199286462666532,-51.54229418250839,38.457705817491615,38.45770581749161
4471,1.2369164782162358,1.1386153308041969,3.025333753336081,2.657028823948213,0.2927266713402778,55.8445976151113,-34.1554023848887,34.1554023848887
4472,0.8319410050566239,0.7605627162634929,1.000187889593822,1.3150630029664931,0.8342953726605314,-22.13921441829223,67.86078558170777,67.86078558170777
4473,5.520672232293133,5.823730170721189,8.66587760841806,1.4880286954202948,0.2257562836511918,-45.09912509026943,44.90087490973056,44.90087490973057
4474,1.096409273000846,0.8562032692326037,1.844811819857576,2.1546423450485537,0.5867100319190406,-65.88651299209639,24.113487007903615,24.113487007903615
4475,1.8635374259717976,1.8193324221129927,1.9877682965307264,1.0925811426051046,0.8462404552499974,36.67086095624976,-53.32913904375024,53.32913904375024
4476,1.6892309650399413,1.2293868789064233,2.529072172574968,2.057181686227735,0.7078596503025603,-21.478703390352287,68.52129660964772,68.52129660964772
4477,3.174637550226436,2.0214386851202493,5.376447505262182,2.6597133738648884,0.4570645049415216,67.52073371678944,-22.479266283210563,22.479266283210563
4478,3.193704613854007,2.5553265079152143,4.424699081405515,1.7315591834154471,0.6639701064410655,20.10230229018651,-69.89769770981349,69.89769770981349
4479,1.4240109808516253,0.9500383864241346,2.4218645259237346,2.5492280738670265,0.589267338041208,-85.5593447328731,4.4406552671268855,4.4406552671269
4480,0.9543017810603904,0.9550618795938344,1.0245766468540247,1.072785616037521,0.9659625717745426,-52.9277077999176,37.072292200082416,37.0722922000824
4481,0.8884066096615684,0.638265643267055,1.3759808644027105,2.155812205964202,0.7111389296176901,-44.924801550951216,45.0751984490488,45.075198449048784
4482,2.279696262327928,1.477055173336943,4.042358482923839,2.7367687787798727,0.4860211628927046,-54.74897178515015,35.25102821484984,35.25102821484985
4483,2.2148574771042746,1.6636896044373737,2.9973038198349093,1.801600377763097,0.8057528811458942,37.30199515495511,-52.69800484504489,52.69800484504489
4484,1.0569367929308613,0.88982298380783,1.392492269700738,1.5649093078511296,0.7239773779817219,27.21875853739141,-62.78124146260859,62.78124146260859
4485,0.7869374084054097,0.4261713895215139,1.6953157973099358,3.97801410182265,0.5766695369232614,63.99825948771884,-26.00174051228116,26.00174051228116
4486,1.021890421280174,0.7874615220192313,2.042217872845866,2.593419253818464,0.3728330002879614,83.57948745286781,-6.420512547132191,6.420512547132191
4487,6.893908475223927,7.63924253908365,9.459862908400662,1.2383247239503672,0.2388991682071858,3.430729783768321,-86.56927021623167,86.56927021623167
4488,0.979419278671245,0.8295477952435975,1.4557532226934853,1.754875645550962,0.5775907917923684,-20.056443807110394,69.9435561928896,69.9435561928896
4489,1.039561305877423,0.8237713524993503,1.3699822682401324,1.6630613143848223,0.9737133036303758,62.06269773996631,-27.93730226003369,27.93730226003369
4490,2.139566442932797,1.644759116927018,2.866535950406244,1.7428302545371692,0.8311517435402569,1.0667138358359027,-88.9332861641641,88.9332861641641
4491,4.791824096288105,5.248930851343252,6.376436512853704,1.2148067279685946,0.1907870319341285,12.793656977476289,-77.20634302252371,77.20634302252371
4492,1.1237553499514827,1.032429160711652,1.278175005326767,1.238026834156566,0.8909807771065997,65.20152060616479,-24.79847939383521,24.79847939383521
4493,0.9543017810603904,0.7730368150783636,1.4060193940790988,1.8188259170251408,0.6768683941151984,80.96710903432066,-9.032890965679343,9.032890965679343
4494,0.8319410050566239,0.6757010296583914,1.126655499350527,1.6673875721635658,0.7733331854703793,-64.15410799924065,25.845892000759363,25.84589200075935
4495,0.9219431092603804,0.6055873768774392,1.7900060316438895,2.9558179380713163,0.4843536049815448,-62.13812490306516,27.861875096934853,27.86187509693484
4496,4.290468357078531,3.925195226284454,5.313540443380767,1.3537009338540609,0.6057189600395688,57.619824395497744,-32.380175604502256,32.380175604502256
4497,1.0569367929308613,0.64725658239912,2.081742083722517,3.216254790343477,0.4700070677538922,72.99067492027234,-17.00932507972766,17.00932507972766
4498,1.889421129921366,1.8957237032561045,2.1145482773995403,1.1154306261864964,0.7199370743690432,67.61609854196003,-22.383901458039972,22.383901458039972
4499,2.329747552941477,1.9317480345252227,3.969513233060853,2.05488146596534,0.3332323858754587,82.29021519448398,-7.709784805516023,7.709784805516023
4500,2.6469333706418685,2.219065204472761,3.8599905143976287,1.739466919051053,0.3239875309752265,64.51511490071279,-25.48488509928721,25.48488509928721
4501,4.117160635699813,4.039501429624446,6.032726205476735,1.4934333631459067,0.2843053981984627,-43.05028142457648,46.9497185754235,46.94971857542352
4502,1.3131044552792934,0.8828202722318218,2.123863448798593,2.4057710449142045,0.6689721047348481,-8.797360420017709,81.20263957998229,81.20263957998229
4503,1.4493662838402204,1.2219485787669024,1.8812840824069827,1.539577127136914,0.64591500560152,-50.2066554327953,39.79334456720471,39.7933445672047
4504,1.1345092346885122,0.98391306382677,1.3756911343958895,1.3981836251318407,0.8850426849012559,61.42435517588968,-28.57564482411032,28.57564482411032
4505,0.9414917802541344,0.6059862211137347,1.87493273278198,3.094018753984314,0.4866235196092303,-74.66951865998182,15.330481340018196,15.330481340018181
4506,4.100907650311934,3.560531973834719,5.870310650142513,1.648717296539299,0.3639265192468864,-14.44888736344725,75.55111263655274,75.55111263655274
4507,3.894362026964035,2.824608626815215,5.558367077849801,1.967836189793464,0.6741465415173528,65.9868881143591,-24.013111885640896,24.013111885640896
4508,2.3608122252162294,1.373016475293967,5.028906306741978,3.662670038730069,0.4198920790034912,65.72506362180103,-24.274936378198973,24.274936378198973
4509,2.2038655607334228,1.9469092597465676,2.568681625340435,1.3193638134294996,0.8336990515143237,-72.32102427537819,17.678975724621807,17.678975724621807
4510,1.1661760393441107,1.2942290087411514,1.8413107775944448,1.4227086281935677,0.3897705518588856,60.80561433471845,-29.19438566528155,29.19438566528155
4511,5.143795779851086,4.057401348091571,7.846879270627383,1.933966743102262,0.2947135634402759,78.66271594423586,-11.337284055764144,11.337284055764144
4512,1.67479282872596,1.2075057499352655,2.429270226879673,2.011808413342881,0.7626440859210222,59.49491119452015,-30.50508880547985,30.50508880547985
4513,1.514907113035081,1.3520490096343816,1.797354782554197,1.329356236162056,0.8584859793151512,-71.4132225350318,18.58677746496818,18.586777464968193
4514,1.522901401330112,1.1952695005423266,2.6058409140775294,2.180128341679586,0.5172270170478603,77.91999026459015,-12.080009735409845,12.080009735409845
4515,1.2991595879263365,1.1421290012323566,1.6583554337899282,1.4519860996442289,0.6471476862933758,-66.96193443978821,23.038065560211805,23.03806556021179
4516,1.9650276361365868,1.3712963917619876,2.9554727474590003,2.155239935883952,0.7077174832419311,43.67336125076746,-46.32663874923254,46.32663874923254
4517,3.039816941383062,2.135448391044254,4.96708372972878,2.326014410163212,0.4221583184855922,54.844103306466735,-35.155896693533265,35.155896693533265
4518,5.720506553045706,4.753882515095747,12.869752284523758,2.70720873804862,0.1852950797664715,-64.55336735831472,25.446632641685284,25.446632641685284
4519,1.927595110101428,1.0599174140272016,4.076464821071122,3.846021177803296,0.3781663168266763,64.51241860617837,-25.48758139382163,25.48758139382163
4520,0.9414917802541344,0.7444532569991587,1.305045696377997,1.7530257059234975,0.811253299901876,25.99613285466136,-64.00386714533863,64.00386714533863
4521,1.4865885952249918,1.0056429534053293,2.7446779587590515,2.729276777075765,0.4650088183812095,71.5594664460775,-18.440533553922506,18.440533553922506
4522,0.8392070033186643,0.6900782239635994,1.3226355316414136,1.9166458029128888,0.5820038001954506,35.92550725556801,-54.07449274443199,54.07449274443199
4523,1.171370613113025,1.0174435852904018,1.3998284449510112,1.375829053511078,0.9295399825194663,-62.77564143177269,27.224358568227302,27.22435856822731
4524,1.415458284986553,0.8963725570070056,2.3347802817058434,2.604698530153234,0.6550334457339911,76.46987429031687,-13.530125709683134,13.530125709683134
4525,0.8884066096615684,0.7689452367955343,1.1421799750569184,1.485385330972053,0.7623450762617905,65.2329963274063,-24.767003672593702,24.767003672593702
4526,0.9669420905017878,0.6110508933652641,1.8944427928020784,3.10030279535104,0.5452038395707957,78.66354082784056,-11.336459172159437,11.336459172159437
4527,0.8535534614000618,0.5879239648459094,1.6677215432193262,2.8366279364992786,0.5627351212445042,75.0586741490588,-14.941325850941197,14.941325850941197
4528,1.663882010113248,1.746523045593891,2.451589526800249,1.4036972102859404,0.3841219777796639,-60.59589629427782,29.40410370572218,29.40410370572218
4529,1.0740312192037882,0.891658819276853,1.3843640315920993,1.552571456327698,0.8100228033276348,28.04667345531495,-61.953326544685055,61.953326544685055
4530,1.1074287385521373,0.9302182152630926,1.390217482767895,1.494506837166913,0.8611821382746433,-30.55302431967784,59.44697568032217,59.44697568032216
4531,0.9543017810603904,0.870542920232164,1.1507977542045638,1.3219310931822397,0.8881281073596526,60.3026048478332,-29.6973951521668,29.6973951521668
4532,1.6565682076297277,1.1613640902209126,2.7100313616050498,2.3334898886787108,0.571221513034687,5.256217798351461,-84.74378220164854,84.74378220164854
4533,6.911499492530808,5.473830193331206,9.43257174682425,1.7232123419385568,0.6205757243274185,26.143228335791637,-63.85677166420837,63.85677166420837
4534,1.0159318257539256,0.8502730928545896,1.2688150223570238,1.492244119000966,0.8802825538203007,2.499880581872703,-87.5001194181273,87.5001194181273
4535,1.2071068813224677,0.9031255224950144,2.088499548777485,2.312524114043089,0.482612505704003,-75.47247345969917,14.527526540300812,14.527526540300826
4536,1.0039085404212729,0.7745385586754149,1.5980838877426078,2.0632722152343037,0.6377407737686439,38.45683398933735,-51.54316601066265,51.54316601066265
4537,1.367462618417021,1.3993718953140413,1.5404558483361368,1.1008194844376478,0.6676311865621635,83.4130235955565,-6.586976404443504,6.586976404443504
4538,0.9479184199131095,0.9139909354585852,1.0461847704624203,1.1446336389950174,0.9390815341051588,40.071319272824624,-49.928680727175376,49.928680727175376
4539,0.8884066096615684,0.7836389221990089,1.1152760471299392,1.423201445890802,0.7827760075320405,37.712510286986365,-52.287489713013635,52.287489713013635
4540,0.9350209696908578,0.7726408689007044,1.2982402510777271,1.680263500589651,0.8478594311545582,-6.010801580650623,83.98919841934938,83.98919841934938
4541,1.4111624987975715,1.234460401687878,1.6694098117178018,1.3523397019744152,0.8994212566856111,19.185209809242373,-70.81479019075763,70.81479019075763
4542,1.4025314545362868,1.2624505012248368,1.7979121578618424,1.4241446742802966,0.6517134129596787,-87.58533495144343,2.4146650485565715,2.4146650485565715
4543,1.6006498207486113,1.3720310772555349,2.0532404289167525,1.4964970276211502,0.777785776560776,-85.3466786739115,4.653321326088502,4.653321326088502
4544,2.2121146184952187,1.630402766953896,4.965268285111969,3.0454243489715416,0.2613771628137259,-0.6467268393475425,89.35327316065246,89.35327316065246
4545,1.827348788334744,1.7239048295200945,2.298631149399478,1.3333863389891296,0.5512308344436981,24.58523479311539,-65.41476520688461,65.41476520688461
4546,1.857010129468512,1.5949264865103203,2.214197904830675,1.388275838139294,0.8469898839433507,4.128080426845887,-85.87191957315412,85.87191957315412
4547,1.7699661294252256,1.7988532975666012,2.191966753393445,1.218535583951525,0.5749507702241472,-50.1327596365102,39.8672403634898,39.8672403634898
4548,1.1557168501373432,0.9167453080092376,1.5814897802841426,1.7251135800394046,0.8007213304668813,-78.64481916912483,11.355180830875156,11.35518083087517
4549,1.340559085464394,1.1920002145810005,1.7029802200496595,1.4286744240631482,0.6985634245319272,-80.74285005066218,9.257149949337816,9.257149949337816
4550,1.1074287385521373,0.7295111271740764,2.242258515370596,3.0736453932601173,0.4164912460621321,-51.67336693377613,38.32663306622388,38.32663306622387
4551,1.2466946262544771,1.1171445449678514,1.4947085005440135,1.337972339637596,0.8451794983032187,-55.160478395436336,34.83952160456366,34.839521604563664
4552,1.1074287385521373,0.6820410079564424,1.947435457446144,2.8553055237560057,0.6396940487974914,-80.23781949636545,9.762180503634568,9.762180503634553
4553,5.255884382590876,3.701810995303989,9.729651733132805,2.6283491365376457,0.3668521837289207,87.92482581535477,-2.0751741846452347,2.0751741846452347
4554,1.4451712930335778,1.1908031170697029,1.893518815033852,1.5901191287551997,0.7638586711892112,51.18688014706237,-38.81311985293763,38.81311985293763
4555,1.5700125414998518,1.808699199160905,2.3433470553914324,1.2955979946685232,0.3831024593921864,44.52700363973104,-45.47299636026896,45.47299636026896
4556,1.1291450947814663,0.9366186814165076,1.5575888338373938,1.6629914230215372,0.7203643538756874,-74.88401687640851,15.11598312359149,15.11598312359149
4557,0.8884066096615684,0.782789533368398,1.1777848801793511,1.504599678423472,0.796574343472417,-20.0957414843818,69.9042585156182,69.9042585156182
4558,1.797197976714934,1.481190445424379,2.897778819159565,1.956385033478471,0.3781144654197049,-73.62524851093288,16.374751489067137,16.374751489067123
4559,1.6307115983086335,1.5444406530697472,1.859084500342563,1.203726732165089,0.7751138807560877,52.8637409113783,-37.1362590886217,37.1362590886217
4560,1.096409273000846,0.9391360047589248,1.555762509057457,1.656589142758742,0.6110382204779443,-68.44685886466624,21.55314113533376,21.55314113533376
4561,1.69282125807016,1.258188507625113,2.6988308830540952,2.145013141272653,0.489056695657916,-67.78806264572947,22.211937354270532,22.211937354270532
4562,0.9414917802541344,0.94364140038308,1.2460158126635648,1.320433601321151,0.6108008802847149,-79.46096393233378,10.539036067666217,10.539036067666217
4563,1.3851080271465486,1.3500646657907447,2.097825701553679,1.553870532805156,0.4244543051456128,-58.96387120841545,31.03612879158456,31.036128791584552
4564,1.8667925156594296,1.2973303360588904,2.8397073900497865,2.1888853679907183,0.6565322983513874,-86.94859935467716,3.0514006453228433,3.0514006453228433
4565,1.1019327803667114,1.089453490845042,1.1780527556360094,1.081324504015536,0.98268616953872,-43.41515416670311,46.584845833296896,46.58484583329689
4566,1.186817925731738,0.834255967118238,1.815959435822698,2.17674132088686,0.6204458640392112,65.21629928219103,-24.78370071780897,24.78370071780897
4567,0.8606370140730026,0.7238171084704259,1.202838696472436,1.6617992064518632,0.7969886575721365,-18.81937574246861,71.18062425753139,71.18062425753139
4568,1.0337045758596148,0.743240446016469,1.5669165883221474,2.108222980490794,0.732560369071907,86.23173057485856,-3.7682694251414404,3.7682694251414404
4569,2.651516808482733,1.8467397197529896,4.129000509858956,2.235832405451933,0.6560436051515404,75.05988401693334,-14.940115983066661,14.940115983066661
4570,1.2071068813224677,0.7860014384826385,1.977429189689864,2.515808614176655,0.6677874395448152,86.78671267167692,-3.2132873283230765,3.2132873283230765
4571,0.979419278671245,0.9055053814969144,1.0999506021047722,1.214736681394886,1.0343657422564785,-64.30802394994501,25.69197605005499,25.69197605005499
4572,2.139566442932797,1.5603094837920104,2.963428702921829,1.8992569959389252,0.7809264089232812,78.46930468005144,-11.530695319948563,11.530695319948563
4573,1.95883855734249,1.5769253475057703,2.695646905333444,1.709432161514279,0.5453599940602657,59.122299566839146,-30.877700433160854,30.877700433160854
4574,1.502835947650602,1.0106353687829956,2.4801923438390707,2.4540921685985637,0.6312088727973354,-22.921995842559586,67.07800415744042,67.07800415744042
4575,3.225859986959805,3.033058478243732,4.039976191094941,1.3319809756633034,0.4723455200358091,74.20165103469911,-15.798348965300889,15.798348965300889
4576,1.3938469657443524,1.0707896180463523,1.890707530588491,1.7657133565023473,0.7068406759303613,-6.385086340997041,83.61491365900297,83.61491365900297
4577,3.8362456818684256,2.9139577509185,5.438158427536083,1.866244775107648,0.6261770835194521,-24.789705048155373,65.21029495184463,65.21029495184463
4578,1.470161697690137,1.320318219687296,1.7228494745780891,1.3048744226116404,0.918524519840829,73.97518622885124,-16.024813771148757,16.024813771148757
4579,0.979419278671245,0.9741928227898662,1.1317131664427684,1.1616931884201325,0.6425028531231334,-1.2926522190540586,88.70734778094594,88.70734778094594
4580,1.1557168501373432,1.092547111954631,1.2660247467137653,1.1587827498338013,1.0444247617004594,63.52395004333293,-26.47604995666707,26.47604995666707
4581,1.843886218520761,1.2661360011961558,2.909420860698449,2.297873891864566,0.5545096377709566,-59.02037366064377,30.97962633935623,30.97962633935623
4582,1.2319983017676563,0.9556504798104484,1.8304593533570277,1.9154067224662472,0.6555362924317018,64.53659553052482,-25.46340446947518,25.46340446947518
4583,3.186091481181058,2.537898407036728,5.135112214063804,2.023371857528216,0.4769300601764921,40.19326764903471,-49.80673235096529,49.80673235096529
4584,2.3245297467203696,1.5008584779478342,4.01855676589491,2.6775054576695303,0.5790187246347641,76.04098039235463,-13.959019607645374,13.959019607645374
4585,2.705912561457533,2.428417245973236,5.3617533534916,2.2079209667870616,0.3082292408349072,85.47045424744422,-4.5295457525557765,4.5295457525557765
4586,1.4197410732459426,1.2553277495382933,1.6776956276584942,1.3364602417779317,0.9289261579410044,-44.81201668845607,45.18798331154392,45.18798331154393
4587,0.8535534614000618,0.6632208457187109,1.2882954239144782,1.9424833103947363,0.7805972940764324,72.62541516474522,-17.37458483525478,17.37458483525478
4588,3.2910731082467106,3.0729755522398183,4.147952541074257,1.3498163166481794,0.6345501302363762,66.94610420108582,-23.053895798914184,23.053895798914184
4589,1.1816912584570125,0.9223421625738948,1.5951570674301796,1.7294634596110432,0.7633953337402374,84.55996353328398,-5.440036466716023,5.440036466716023
4590,0.8676627389239214,0.7103789905672189,1.1855611062689917,1.6689135264576902,0.7555092656089573,-72.15001746490202,17.84998253509798,17.84998253509798
4591,2.292973580548686,2.182542648959087,2.61115701423224,1.1963830422638342,0.5971858323066744,7.481045494935394,-82.51895450506461,82.51895450506461
4592,4.614980785649634,4.373934838633704,4.989410991417332,1.1407145226186963,0.8157505082885583,-78.7036774143781,11.296322585621908,11.296322585621894
4593,0.9019708538191776,0.9386601639617764,1.4451370588764656,1.5395742936155048,0.4085720238344354,67.69733253208211,-22.302667467917885,22.302667467917885
4594,0.8815462242933692,0.6996911369232144,1.342938973145101,1.9193311195143488,0.6160356349073496,9.08622205353242,-80.91377794646758,80.91377794646758
4595,1.7596455392320107,1.3955701706717518,2.372445989164076,1.6999833036142562,0.5985927038974259,-78.13778360023936,11.862216399760655,11.86221639976064
4596,0.8815462242933692,0.8359152067768001,1.0769138435569652,1.28830512332636,0.7412123524980814,-33.92905559167944,56.07094440832056,56.07094440832056
4597,1.191922542518033,0.9112173070490752,1.9398533669546625,2.1288592215579905,0.5906076668322804,-84.02889884202759,5.971101157972413,5.971101157972413
4598,3.178460113381421,1.7518092319689411,8.991728057883563,5.132823765163821,0.2721996257731535,77.12537009901298,-12.874629900987017,12.874629900987017
4599,4.190243385100613,3.5659787460525165,7.5969175026987665,2.130387768325438,0.2700088153517076,-0.2967717803267537,89.70322821967325,89.70322821967325
4600,1.3851080271465486,1.0417285607327762,2.350488041782951,2.2563344525464126,0.4313133002919321,10.045280233917728,-79.95471976608228,79.95471976608228
4601,3.934687042027049,3.334116190756102,4.952088108381101,1.4852776043351026,0.6709045159552252,-48.81422598233395,41.18577401766606,41.18577401766605
4602,1.9495180989563052,1.3703123051276451,2.8928492575265192,2.111087557706087,0.7001446098403714,62.48062571267904,-27.519374287320957,27.519374287320957
4603,1.2221025728266244,1.1572965149837438,1.6323221541256852,1.410461478965582,0.5641756646755017,1.777748744763259,-88.22225125523674,88.22225125523674
4604,1.9307422062542177,1.4259414317701886,2.692860909425394,1.8884793228025007,0.792021464825989,-55.46872796081063,34.53127203918936,34.53127203918937
4605,1.0337045758596148,0.9064091300791696,1.2580383137997146,1.387936498046784,0.936996381089556,49.7860301389474,-40.2139698610526,40.2139698610526
4606,1.3450803768346336,1.016446766592406,2.018459163497655,1.9857991877572223,0.5748439281582858,-86.336591170028,3.6634088299720133,3.663408829971999
4607,0.9917395023300404,0.8894112677829987,1.2092701167724822,1.3596298591840232,0.7959757973263631,85.74433439930023,-4.255665600699771,4.255665600699771
4608,0.9479184199131095,0.6118000056962962,2.1666927641195195,3.5415049753940147,0.4281860090799895,-65.26930241971617,24.730697580283845,24.73069758028383
4609,1.1074287385521373,0.8893301617538201,1.4409160005352564,1.6202261685285375,0.8490634360586085,-11.14995481966661,78.8500451803334,78.8500451803334
4610,0.9978425722559162,0.6876820867512229,1.7649395638666323,2.56650507243054,0.5969013554389478,-75.63134115052128,14.36865884947872,14.36865884947872
4611,2.3375524242271446,1.7404968617452827,3.193701667504016,1.8349367572553577,0.767508927171332,-82.9121125906135,7.0878874093864965,7.0878874093864965
4612,1.1019327803667114,1.058467321964882,1.2115623876705264,1.1446384432742305,0.923255535730609,-31.352954132274892,58.64704586772511,58.64704586772511
4613,2.070343729706952,1.5338402537768407,2.9260393656737405,1.907655871247888,0.7003788813190149,49.12108119511857,-40.87891880488143,40.87891880488143
4614,1.5777276373049178,0.9685285051479288,2.828505087625016,2.920414910444998,0.5371233095254581,-72.59879672279479,17.401203277205212,17.401203277205212
4615,1.717743205908703,1.5232223773492977,3.1334321217698213,2.0571074639952447,0.3465768220299276,6.106463497533999,-83.893536502466,83.893536502466
4616,1.0511768765181757,0.9105870421277148,1.3334869671809992,1.4644255908420565,0.8371645550716986,88.3481914854798,-1.651808514520198,1.651808514520198
4617,1.8990365667271207,1.44646486294689,2.5601270950580584,1.769920003339935,0.8109510395194649,-70.8222243852902,19.177775614709788,19.1777756147098
4618,0.9086770491564996,0.7584042561095131,1.1959514933361888,1.5769314105266494,0.8530438337727502,-56.53818209655496,33.461817903445024,33.46181790344504
4619,1.191922542518033,0.9973395794250826,1.487281364695866,1.4912487134554622,0.9416114984084744,-22.47032153582364,67.52967846417636,67.52967846417636
4620,0.9606427264386592,0.8625264300769009,1.1408557670377362,1.3226907921372566,0.8546782838765817,38.320286935681295,-51.679713064318705,51.679713064318705
4621,0.9350209696908578,0.9071905552382168,1.0255440616713554,1.130461572543665,1.045551909367341,-41.971571045285074,48.02842895471491,48.028428954714926
4622,2.8201730148212465,1.7673411003955517,4.74737658256884,2.6861688337957634,0.545870716665333,5.320577622659437,-84.67942237734056,84.67942237734056
4623,2.266341160516128,1.7331692834212102,3.505872583374348,2.0228102453176926,0.4412832379151385,3.62506283428336,-86.37493716571664,86.37493716571664
4624,2.087864581404573,1.5571099905997334,2.894462456745753,1.8588683357114213,0.7415828051216329,56.07076922118394,-33.92923077881606,33.92923077881606
4625,1.367462618417021,0.7771393186582766,2.6228541158415157,3.375011472035474,0.5493080533493494,-76.12350121662465,13.876498783375354,13.876498783375354
4626,2.8586608555346973,1.42553706179374,6.3037309116407485,4.422004226048548,0.3691937486374121,87.83500149510728,-2.164998504892722,2.164998504892722
4627,2.2257951114113315,1.9150166789642704,2.700959083396281,1.4104102136891492,0.8048241343640186,54.26379153037793,-35.73620846962207,35.73620846962207
4628,3.208876692668029,1.9667320483546284,7.074990227590291,3.5973330650249182,0.3574350115279032,39.44884598408503,-50.55115401591497,50.55115401591497
4629,3.0755573625864763,2.988772146851022,6.014376698577813,2.012323590781109,0.2804971691951048,-39.43300655559474,50.566993444405256,50.56699344440526
4630,1.6964039525710572,1.376485317446922,2.355167331076887,1.71100069228868,0.7023324984901703,22.52995536783575,-67.47004463216425,67.47004463216425
4631,2.7327044283177195,2.444397940546703,3.183463994161583,1.302350955773422,0.7545826045726215,60.60318961582752,-29.396810384172483,29.396810384172483
4632,0.9086770491564996,0.8307501737905402,1.0394596979985793,1.251230190245692,0.9813845739143044,49.51376176633135,-40.48623823366865,40.48623823366865
4633,2.108121538231362,1.670094452931672,3.290386618958819,1.970179957895733,0.4523883527955161,-65.29789408983738,24.70210591016263,24.702105910162615
4634,0.9606427264386592,0.8330355599627223,1.21327903688755,1.4564552765812822,0.7745297624063822,-1.6660957452040257,88.33390425479597,88.33390425479597
4635,2.394010781836305,1.6113604625701654,5.185250665552327,3.21793340844525,0.3238121204308525,-56.03710972328428,33.96289027671571,33.96289027671572
4636,1.096409273000846,0.9124379120835044,1.4055899033930028,1.5404773133367635,0.8126698681202147,77.24165633777082,-12.75834366222918,12.75834366222918
4637,1.2171245375823248,1.0593932775780863,1.4942287226752364,1.4104570552790758,0.8415504794555352,-1.5035300724538825,88.49646992754612,88.49646992754612
4638,3.5774651199960474,2.099950471346595,7.279248742380284,3.466390680020401,0.3195867667579323,77.6017444126289,-12.398255587371096,12.398255587371096
4639,1.367462618417021,1.113657175401703,1.7240809037874498,1.54812534940617,0.9080791834563352,-73.6961860365362,16.303813963463796,16.303813963463796
4640,1.2319983017676563,0.748628967143466,2.2646755873431137,3.0250974604741883,0.5722772756420161,76.85085192703637,-13.149148072963627,13.149148072963627
4641,0.7946150283453554,0.678826429813224,0.9769023824809322,1.439104813213773,1.0601436568624496,-75.62000374945914,14.379996250540842,14.379996250540856
4642,1.1609582232861997,1.1087819147609568,1.2888981066060976,1.1624451025465834,0.9629818389806768,-64.67452955827855,25.32547044172145,25.32547044172145
4643,5.191963012610644,5.226020386422783,6.064076137670889,1.1603621282123924,0.5226455828144605,59.114911885872594,-30.885088114127406,30.885088114127406
4644,2.667496821992058,2.151097545201613,3.731017843166224,1.734471712586391,0.4592777675661506,-38.43402033958468,51.56597966041534,51.56597966041532
4645,0.84641062903508,0.7341544658193863,1.1194436915520922,1.5248067588919267,0.7359031560967149,-19.73798646415992,70.26201353584008,70.26201353584008
4646,1.8306682257451572,1.5401080899321316,2.251011604601086,1.4615932604446502,0.8013317967569982,54.23277879499231,-35.76722120500769,35.76722120500769
4647,4.009581959056886,2.955857154651275,6.329886791034263,2.141472493375969,0.6183062306538238,0.2870497133559382,-89.71295028664406,89.71295028664406
4648,1.096409273000846,0.9470956170761882,1.534054073166877,1.6197457210315351,0.5744694750868439,-48.2052011595359,41.7947988404641,41.7947988404641
4649,0.979419278671245,0.7656753747344441,1.303332736079424,1.702200147851762,0.9144897470762758,82.41131756841989,-7.588682431580111,7.588682431580111
4650,2.9813340704976232,1.8867755027833768,5.132931919584161,2.7204783568644197,0.5971059616769635,64.60263706770651,-25.39736293229349,25.39736293229349
4651,1.4906670352488116,1.294059015487676,1.966859953411737,1.519915189239272,0.6223978900135224,-43.96574399935861,46.03425600064139,46.03425600064139
4652,1.191922542518033,0.8743652613447306,1.7868095334015244,2.043550461569687,0.6784227127480575,51.33886380816116,-38.66113619183884,38.66113619183884
4653,2.373635851463476,2.088353013719988,2.76925362630393,1.3260467019275886,0.8034158812434488,-70.83295346177715,19.16704653822285,19.16704653822285
4654,1.191922542518033,0.8444834948023955,1.8797038254832856,2.225862124070437,0.7350130116340549,74.22003133990665,-15.779968660093346,15.779968660093346
4655,3.1841853538903857,2.6248710914276185,4.228362574405161,1.610883897580446,0.6612340139245315,0.1488630395304513,-89.85113696046955,89.85113696046955
4656,0.9543017810603904,0.664777382924624,1.603508983926761,2.412099185553332,0.6816827027351832,-46.01189254079373,43.988107459206276,43.98810745920627
4657,5.095173218381363,4.45553019059837,9.631400096080649,2.1616731755973504,0.1873325276883756,75.19028785775608,-14.809712142243924,14.809712142243924
4658,1.7247976224747188,1.6621636801463644,1.8538026895770157,1.115294908509718,0.874399981813225,64.53752398639872,-25.462476013601275,25.462476013601275
4659,0.973200680696656,0.8891190517682134,1.220957220070489,1.3732212999399134,0.7826947657800887,44.37709484930205,-45.62290515069795,45.62290515069795
4660,0.9606427264386592,0.7291089390719576,1.310223322349607,1.7970199679862895,0.965996393265034,-75.4418703695042,14.558129630495785,14.558129630495799
4661,0.9543017810603904,0.673597459391482,1.4574501313747912,2.1636811586127864,0.8016537344074017,41.03574341854947,-48.96425658145053,48.96425658145053
4662,6.264562965688644,4.123652766599148,13.029090051933226,3.1595992168561167,0.2139351638239242,88.30030909451001,-1.6996909054899874,1.6996909054899874
4663,1.749264059016166,1.2797362714060785,2.5350837969558477,1.9809423657035892,0.728347886628421,70.35669019759933,-19.643309802400665,19.643309802400665
4664,2.090770448616529,1.6410892519732383,2.735472117642936,1.666863709182067,0.806332082879401,37.41914704148682,-52.58085295851318,52.58085295851318
4665,1.1237553499514827,0.8461842372566487,1.5645704944225611,1.848971447985062,0.9381885183763256,-86.82065240633212,3.1793475936678988,3.1793475936678846
4666,1.8405906194279933,1.596660671986494,2.287670072342188,1.432784130328688,0.6990995417483689,63.98164157675792,-26.018358423242077,26.018358423242077
4667,0.8097519128234426,0.5256864113980957,1.3569287253457882,2.581251285794038,0.628867741296406,79.13309323338012,-10.866906766619877,10.866906766619877
4668,1.0796692170979234,0.9582801254208227,1.523242562613384,1.5895587544868068,0.5666889469413285,-9.061807056320822,80.93819294367918,80.93819294367918
4669,0.928505064734256,0.7386094765687528,1.3035248268933457,1.7648363150564157,0.7647759161884752,13.111084033052585,-76.88891596694742,76.88891596694742
4670,2.781152599208744,2.056893248520016,4.215595452211878,2.049496470098825,0.5213418189341941,79.10702065489976,-10.892979345100244,10.892979345100244
4671,2.2770315083343613,1.5327513752031234,3.658908311898078,2.387150565376718,0.6296958450475588,74.53203204415294,-15.467967955847058,15.467967955847058
4672,0.9917395023300404,0.7050049684771938,1.748711358600534,2.480424162651987,0.5417973886860025,66.02508773027103,-23.974912269728975,23.974912269728975
4673,1.0511768765181757,0.8189955678074087,1.4621906771370798,1.7853462639017872,0.6655829474124418,-84.75258442556994,5.247415574430079,5.247415574430065
4674,1.889421129921366,1.756397446652084,2.10701705086111,1.199624296241919,0.8824052587049371,64.34065588659887,-25.659344113401133,25.659344113401133
4675,1.2418151765086958,0.8984409710715506,1.9299459300900572,2.148105431777286,0.6062383596771418,10.510111820977942,-79.48988817902206,79.48988817902206
4676,1.6455365541233553,1.3089198215115032,2.1609904101617565,1.6509723320304728,0.8858228622906666,-25.69961733335142,64.30038266664857,64.30038266664857
4677,0.9543017810603904,0.7580006583891339,1.5639120001039513,2.06320665133392,0.568346157657616,44.00059676809845,-45.99940323190155,45.99940323190155
4678,0.9153341128725788,0.6284012221394518,1.3801373246384945,2.196267728346685,0.8421193698509595,88.56430312401304,-1.435696875986963,1.435696875986963
4679,0.9606427264386592,0.7738414595808334,1.3482239818292778,1.7422483186149915,0.7968827371394283,-34.50977468052751,55.4902253194725,55.49022531947249
4680,1.1557168501373432,0.871940444693133,2.104492654338728,2.413573848015932,0.44174653576946,-19.1656532907415,70.8343467092585,70.8343467092585
4681,3.727074851943596,3.290838434153017,6.371602167314734,1.9361637755256835,0.2249584778450778,-45.04248686573151,44.95751313426848,44.95751313426849
4682,1.0796692170979234,0.9699224030128044,1.3289891013300308,1.3702014689029576,0.7833914551829495,-79.30950071195814,10.690499288041849,10.690499288041863
4683,1.7768132193231367,1.606843515312759,3.405354085073363,2.119281717616752,0.3409972853870168,-49.35145341184423,40.64854658815577,40.64854658815577
4684,2.8072264750780542,2.7475900082184594,3.282157014103223,1.194558505557886,0.6681583001344135,-46.99864473762203,43.001355262377956,43.00135526237797
4685,2.5653979652796903,1.7344710462523356,3.9451113651943017,2.2745328460330816,0.7003914057668104,68.05598128368021,-21.94401871631979,21.94401871631979
4686,1.2563966762852905,1.0531929123376793,1.662532136491328,1.5785637341606795,0.7374916207161697,-68.29965189803451,21.70034810196549,21.70034810196549
4687,6.49673251958611,4.892679778285832,11.6230116310799,2.375592141276833,0.2258482380994404,53.97575376695041,-36.02424623304959,36.02424623304959
4688,2.122472429167761,1.2690158134332492,3.970413705086268,3.1287346170608723,0.5205712756549279,83.01004122557096,-6.9899587744290415,6.9899587744290415
4689,1.593045740590529,1.1614394384344475,2.3964962715375004,2.063384617598174,0.544344811070529,86.77810130026029,-3.221898699739711,3.221898699739711
4690,1.9711972828282505,1.3786743348149342,3.512965294986533,2.548074774640738,0.4673659732875123,37.01853411163315,-52.98146588836685,52.98146588836685
4691,1.3131044552792934,1.0284971945335777,1.789787350249871,1.7401966284035784,0.7172945995453656,-73.12234635675873,16.877653643241274,16.877653643241274
4692,4.240651975196243,3.191776787891334,8.459478389292547,2.6503978666006125,0.3050401107332768,-85.78556647824263,4.214433521757371,4.214433521757371
4693,1.895836839826219,1.5869238508852397,2.4220510052709856,1.5262553423214884,0.7803916083257024,83.09073991251279,-6.909260087487212,6.909260087487212
4694,4.552729664856607,3.8940955976679152,6.869246478645366,1.7640158815718856,0.3620572577788826,-81.41147191853186,8.588528081468155,8.58852808146814
4695,3.195605063063464,2.634988838704654,5.7723047483197965,2.190637267047184,0.2879994569113775,9.724972687115436,-80.27502731288456,80.27502731288456
4696,1.139848131163964,0.8877768102597196,1.6182933405441868,1.822860567928953,0.6393864402664894,-47.87119264672058,42.12880735327943,42.12880735327942
4697,1.4197410732459426,1.0899065304240108,2.400819074128623,2.202775198708666,0.4670485551771844,86.19200771540305,-3.807992284596949,3.807992284596949
4698,1.0511768765181757,0.99831699710221,1.2394070801473545,1.2414965223921366,0.7749069950997287,18.958259495253213,-71.04174050474678,71.04174050474678
4699,1.096409273000846,0.6642927570945282,2.2414705959806493,3.3742210373997654,0.4777987254196393,75.32105961240723,-14.678940387592775,14.678940387592775
4700,1.326902779425731,1.0013672325473697,2.057871729779848,2.055061982150989,0.6033418378221747,55.50490032683479,-34.49509967316521,34.49509967316521
4701,2.2823579051052425,1.5305846193279171,3.949581510482235,2.5804398271142333,0.5368509175023559,73.90490118034789,-16.095098819652108,16.095098819652108
4702,2.18449662396525,1.7016933514475192,3.164707657908515,1.859740272956056,0.615514768236226,0.954306840006816,-89.04569315999318,89.04569315999318
4703,1.398195952804615,0.76821118179078,3.158548261846994,4.1115624670863165,0.3233900829627372,2.7325957501902063,-87.2674042498098,87.2674042498098
4704,1.6455365541233553,1.4850335164030166,1.9214726783387537,1.2938917924174944,0.8238815987535939,81.15718516358383,-8.842814836416167,8.842814836416167
4705,1.2369164782162358,1.1627404601392846,1.3879399074798733,1.1936798925132546,0.8561354990488251,-80.56560936260145,9.434390637398565,9.43439063739855
4706,3.059724272277511,1.800265878071554,5.488528391268171,3.048732111252081,0.5449332908900674,41.78836001092238,-48.21163998907762,48.21163998907762
4707,5.749090737116564,3.309724091529462,11.326113015052638,3.4220716597010084,0.302420115390259,64.05517964095519,-25.94482035904481,25.94482035904481
4708,1.2319983017676563,1.323925905477984,1.4771551879909122,1.1157385635245252,0.6239432844217719,10.765382356267486,-79.23461764373252,79.23461764373252
4709,2.68338167337578,2.114635517183071,4.255161819990649,2.012243616175991,0.3750145584273062,74.08022624008109,-15.919773759918911,15.919773759918911
4710,3.02379671421935,1.990041006661753,5.447000556891328,2.737129807203592,0.4023231072279787,82.53750777546072,-7.462492224539275,7.462492224539275
4711,0.8815462242933692,0.739855916874022,1.1206537496058482,1.5146918799281104,0.9123667357336998,8.291764868220017,-81.70823513177999,81.70823513177999
4712,1.9834790046600808,1.8055095197140425,2.302325305103464,1.2751665277666926,0.836478488934845,46.15462543955283,-43.84537456044717,43.84537456044717
4713,1.3718952479298128,0.9390735958327916,2.683056102659372,2.857130809092739,0.4026450056152351,63.78881288881298,-26.211187111187023,26.211187111187023
4714,1.0569367929308613,0.9678415533259538,1.350946425259185,1.3958342877681833,0.6901371779831934,24.17164294266505,-65.82835705733496,65.82835705733496
4715,2.4836303530173915,2.0282459803227675,3.667226404817044,1.8080777382995008,0.6008045084271261,73.39326122115739,-16.60673877884261,16.60673877884261
4716,3.837827965161885,2.5673711253231524,7.384471370726415,2.876277332049896,0.3365343986820014,84.37247053874825,-5.627529461251754,5.627529461251754
4717,1.67479282872596,1.3090269168479554,2.258040158973655,1.7249761100488723,0.7082785212072381,12.137869387308823,-77.86213061269117,77.86213061269117
4718,1.1019327803667114,1.0391635755809554,1.237978696227608,1.1913222569752822,0.9434509544150054,33.3929710137593,-56.6070289862407,56.6070289862407
4719,0.84641062903508,0.5351932199721464,1.5426487232475328,2.882414548016543,0.5890052079038914,85.6266452168025,-4.373354783197499,4.373354783197499
4720,0.9669420905017878,0.9592090857763022,1.0399037193189598,1.0841262189226974,0.977152407109422,-34.50158866599756,55.49841133400244,55.49841133400244
4721,3.093272719512472,1.956310480188016,7.575345820202055,3.872261533595633,0.3001424622165355,-76.28784841402901,13.712151585970986,13.712151585970986
4722,8.935173322234508,7.131599710331116,13.661216106496626,1.9155893013325536,0.2296500965654768,49.558039765733184,-40.441960234266816,40.441960234266816
4723,1.6307115983086335,1.2742261565670865,2.405029792175988,1.88744343363302,0.4913973908864427,-86.00959398663218,3.990406013367817,3.990406013367817
4724,8.60425355993627,7.717060072339166,10.909130493307446,1.4136381460097551,0.3294931794447904,-56.85403561216989,33.145964387830105,33.14596438783011
4725,5.6736163642215285,4.773041173528041,7.325342331209997,1.5347326924052904,0.4844602558159344,-50.88239657945754,39.11760342054245,39.11760342054246
4726,2.3812968800479584,1.942851115149726,3.2188589570948443,1.6567707798066569,0.6571061831176003,19.295034536008625,-70.70496546399137,70.70496546399137
4727,1.4367445664276617,1.1466587982120031,2.259351923829381,1.970378570637064,0.522451044770956,-89.89359682400672,0.10640317599327886,0.10640317599327886
4728,1.021890421280174,0.7314683241298081,1.5608801193272115,2.133899811976293,0.7441375321472038,68.10936280512692,-21.89063719487308,21.89063719487308
4729,2.345331322347357,1.526709861134089,3.909775808965977,2.5609160643409155,0.5560012833254496,15.803331242467747,-74.19666875753225,74.19666875753225
4730,1.1609582232861997,1.011432165724609,1.7181996212677166,1.6987788993607555,0.573368559287694,-18.935040177916715,71.06495982208328,71.06495982208328
4731,3.2966027785279293,2.9947014809070702,3.821220160437001,1.2759936791027282,0.7493098822217877,87.52739871774409,-2.4726012822559085,2.4726012822559085
4732,4.277713839935058,2.909249098187578,8.466088822768556,2.910059791044642,0.3014885830910684,-77.0622773255099,12.93772267449009,12.937722674490104
4733,0.9019708538191776,0.7326448763258242,1.4077173591433303,1.921418417887476,0.5220321596842612,74.75021065844196,-15.249789341558042,15.249789341558042
4734,0.9350209696908578,0.8363332520859573,1.0869107307602763,1.2996143918101262,1.1237523683938573,-79.2286126209756,10.771387379024418,10.771387379024404
4735,1.4947343471339476,1.2559523351544923,1.988478438793761,1.58324355402322,0.6461954715449526,33.23428685311397,-56.76571314688603,56.76571314688603
4736,1.062665489594652,0.8149485325667014,1.6743042635247316,2.054490801095705,0.5440869356745832,-39.1471776460727,50.85282235392731,50.8528223539273
4737,0.8392070033186643,0.699368948183167,1.1152017350853067,1.5945828564199165,0.8319242429648595,64.95526343826822,-25.04473656173178,25.04473656173178
4738,1.4240109808516253,1.3384449238768217,1.6451868571428618,1.2291778524420405,0.7775083713021135,18.48742357467464,-71.51257642532536,71.51257642532536
4739,1.2270604129519955,1.2153387067340855,1.5128652595656933,1.244809575456652,0.6240905627650596,-25.1495022868571,64.8504977131429,64.8504977131429
4740,1.667526881973112,1.2492129616604846,2.4004757305780564,1.9215904767648944,0.6569208957804722,-38.4545019405987,51.5454980594013,51.5454980594013
4741,6.134312420094332,4.953695162526862,9.064246292575609,1.8297949298825984,0.4387798742415158,-49.59702525166732,40.40297474833267,40.40297474833268
4742,1.3314704444981866,1.128020002942658,1.7784172425665004,1.5765830729305823,0.6654697349054935,22.16377206121981,-67.83622793878018,67.83622793878018
4743,1.895836839826219,1.5514798776587346,4.123232018047935,2.657612307721393,0.2658399198757459,-60.91176366209464,29.088236337905357,29.088236337905357
4744,1.326902779425731,1.2386972603571311,1.57370033321448,1.270447900046831,0.7576027113332153,24.89112499413854,-65.10887500586146,65.10887500586146
4745,1.6418428647199157,1.5706739761833146,1.8019943554556843,1.147274598535382,0.8241673481380896,59.68381882179246,-30.316181178207543,30.316181178207543
4746,0.9669420905017878,0.9284308666905376,1.0506322120303242,1.1316213729250326,0.9451093650368744,-9.585748324605564,80.41425167539444,80.41425167539444
4747,0.9414917802541344,0.8771844851388566,1.0479779154947344,1.194706396715215,0.9834171516879758,63.5038042146884,-26.4961957853116,26.4961957853116
4748,1.096409273000846,0.921354080624396,1.817834498223064,1.973003144449231,0.5167328211180604,83.38874636620469,-6.6112536337953145,6.6112536337953145
4749,4.89585646514459,5.040697604795543,5.464586337091832,1.0840932675455508,0.6016242853818051,63.26715735123078,-26.73284264876922,26.73284264876922
4750,1.039561305877423,0.8636013267692765,1.328906251594733,1.53879598189845,0.9476440672383012,17.298447690435513,-72.70155230956449,72.70155230956449
4751,0.979419278671245,0.8821685265985261,1.1418553556429325,1.2943732645345096,0.9302902091834736,20.236183102837614,-69.76381689716239,69.76381689716239
4752,5.0939815043624,3.2649832349409222,8.237139809075062,2.5228735391114827,0.5006319059809865,-55.94684320638342,34.05315679361658,34.05315679361658
4753,2.6765854235266984,2.481904228272448,3.0347302678332797,1.2227426962182302,0.6519120718864676,56.432958388617685,-33.567041611382315,33.567041611382315
4754,3.5296267573361435,1.8580799226542348,7.241138959461363,3.897108445753788,0.4288388309016531,60.54680653520245,-29.45319346479755,29.45319346479755
4755,2.001760303601345,1.6737261962953447,2.7271443130608115,1.6293849729406884,0.63819990742795,-22.39667607070254,67.60332392929746,67.60332392929746
4756,1.4367445664276617,1.0772480099440749,2.45747876276675,2.281256256759601,0.5098560433269294,-11.944766568584738,78.05523343141526,78.05523343141526
4757,3.0217882140215035,2.324025739850346,4.89348928078022,2.105608899622313,0.4416654519629376,-52.36322179234674,37.636778207653265,37.63677820765326
4758,1.902230911401452,1.7141329046328608,2.340568170082012,1.365453147627035,0.6057812939033872,-85.42030151979952,4.579698480200477,4.579698480200477
4759,1.039561305877423,0.9559231220266426,1.4204403686051743,1.4859357785945313,0.5784255018744792,-83.8751747255893,6.124825274410682,6.124825274410696
4760,1.2369164782162358,0.9522444585644708,1.6753674402933416,1.759387965164947,0.7938938192367593,63.31907850423847,-26.68092149576153,26.68092149576153
4761,2.409178900516788,1.825614532244492,3.736415491391228,2.0466617817713755,0.5322038208903178,83.23069970087568,-6.769300299124325,6.769300299124325
4762,2.037830958486928,1.629988571000668,2.9236143010317037,1.7936409819345325,0.5699494647477972,84.82463628522044,-5.175363714779564,5.175363714779564
4763,4.109780883153476,3.9422634036593607,7.1886256677660105,1.8234767522366089,0.1646928804210041,34.67602537519936,-55.32397462480064,55.32397462480064
4764,1.8797565083329089,1.6245849846832714,2.302368475258436,1.4172040840986255,0.866530949206369,71.67934751614938,-18.320652483850623,18.320652483850623
4765,0.9669420905017878,0.5704867811083402,1.860753581116116,3.2616944734478315,0.6089511003681028,81.45015613528494,-8.549843864715058,8.549843864715058
4766,3.3532087906446484,3.00204903968558,4.312962205157255,1.4366728018570192,0.4485356077807528,-45.25533225362868,44.744667746371306,44.74466774637132
4767,5.41631068118443,3.652372776699509,10.623764672052763,2.908729563375237,0.3537617669328342,-54.50173701341563,35.498262986584365,35.49826298658437
4768,1.1128975557056655,0.7494897631936748,1.840885665634561,2.4561852023039035,0.5843694890384572,50.09765738775657,-39.90234261224343,39.90234261224343
4769,0.8952144227026446,0.7985943243330953,1.0960011076286955,1.372412843710058,0.8138538152440993,33.005012396425016,-56.994987603574984,56.994987603574984
4770,1.3718952479298128,1.3120375591571334,1.4981561321016472,1.1418546074733398,0.823394579811537,40.25488445887368,-49.74511554112632,49.74511554112632
4771,2.108121538231362,1.5449992038481046,3.140092512033537,2.0324233852111764,0.6800578680771551,-83.48387979908114,6.516120200918863,6.516120200918863
4772,2.813707191225227,2.805826892320049,2.8973269302281865,1.0326107209816069,0.6493885176035133,4.187394924441934,-85.81260507555807,85.81260507555807
4773,1.8990365667271207,1.5156826531826502,2.5836461582245605,1.7046089118981382,0.6896797096274786,-39.1009202320682,50.899079767931795,50.8990797679318
4774,0.9669420905017878,0.7560520752370875,1.3267494094271115,1.754838658449633,0.8659240507696947,56.156869338071886,-33.843130661928114,33.843130661928114
4775,1.0453852243082644,0.9884296063918314,1.220167360527604,1.234450437984865,0.8787075193038999,72.5870027428852,-17.412997257114796,17.412997257114796
4776,2.3114337002746863,1.678414324267695,3.7404398539561994,2.2285557266011664,0.5441246396957382,35.73302294280928,-54.26697705719072,54.26697705719072
4777,0.9978425722559162,0.8710504315691129,1.1973456436784966,1.3745996790583004,1.0106451049605598,82.17787498665749,-7.822125013342514,7.822125013342514
4778,1.0683634687220958,1.1306156789859505,1.31147950720215,1.1599693260741055,0.6687127500585018,-25.838724112398918,64.16127588760108,64.16127588760108
4779,2.649226080790764,2.0805749594095526,3.757816375676119,1.8061432291497688,0.6022582154261551,37.48486297940584,-52.51513702059416,52.51513702059416
4780,1.1451621372724683,0.7152659304697845,2.24885067944342,3.1440763269213474,0.554337472834206,79.90284710756548,-10.097152892434522,10.097152892434522
4781,1.3131044552792934,0.9136610567893728,2.0506011303952234,2.244378388634715,0.6049766362152863,46.25545276525554,-43.74454723474446,43.74454723474446
4782,1.139848131163964,0.944106709863356,1.500341193415465,1.589164845182188,0.8036409942222167,55.79693721235567,-34.20306278764433,34.20306278764433
4783,2.2448077395745614,1.6856151504413015,3.1112730772061536,1.8457790180585456,0.671246918412734,-66.5222236826234,23.477776317376595,23.477776317376595
4784,0.8097519128234426,0.7634926024788711,0.9218254306738086,1.2073796493651283,1.0384365933810429,-16.517821620991317,73.48217837900869,73.48217837900869
4785,4.204707506072702,2.845276893601188,8.767492295824473,3.081419708409364,0.2661434623334242,48.95711408645925,-41.04288591354075,41.04288591354075
4786,2.802897673003818,2.4838572881681222,4.493442599447528,1.8090582823949204,0.3365503441481887,-73.75666916292873,16.243330837071255,16.24333083707127
4787,1.6565682076297277,1.621000447998037,1.7257467699149966,1.0646183176854287,1.051508698086307,25.68347874540187,-64.31652125459813,64.31652125459813
4788,1.0908577979726677,0.933736437629502,1.3814123681047148,1.479445711267023,0.869742286368142,-45.67504380653329,44.324956193466704,44.32495619346671
4789,1.0278144733504384,0.6510745611365777,1.84553775023079,2.8346027634823323,0.4937199131094656,75.91761876072124,-14.08238123927876,14.08238123927876
4790,2.451645665591017,1.535317854678336,4.128976417502649,2.6893300334657475,0.6082481761554617,-87.23567314108159,2.764326858918423,2.764326858918409
4791,2.093672282696752,1.9102816920698704,2.413581876175382,1.2634690926447418,0.8243436199302376,86.02489573680424,-3.9751042631957603,3.9751042631957603
4792,1.4451712930335778,1.0400108807260775,2.4341002319841483,2.340456505882704,0.514788116011324,2.7810095354444244,-87.21899046455557,87.21899046455557
4793,0.9350209696908578,0.694700540250654,1.417199078990681,2.040014361410088,0.7262176011249752,59.26487376176246,-30.73512623823754,30.73512623823754
4794,1.2850634067342854,1.1697484724523857,1.6092795484389582,1.3757483650011464,0.6844864236778074,-69.50119524170758,20.498804758292408,20.498804758292422
4795,1.2071068813224677,0.938294574387,1.7277471474734918,1.841369645137564,0.6542803578707954,85.62786191418023,-4.3721380858197705,4.3721380858197705
4796,1.1661760393441107,0.8780107600562125,2.0062959320812683,2.285047089801975,0.5124278365606149,-11.878303184734548,78.12169681526545,78.12169681526545
4797,1.021890421280174,0.6551206686683313,1.7671010098974476,2.6973672094477603,0.6252658244653031,71.24607467189436,-18.753925328105638,18.753925328105638
4798,1.2755794143363215,1.0030134269776083,2.9970837586559886,2.988079399582052,0.3034802089393226,35.842248739667255,-54.157751260332745,54.157751260332745
4799,0.8535534614000618,0.7406705542860078,1.568241274488501,2.1173263408591363,0.4784601144317055,40.52396111163619,-49.47603888836381,49.47603888836381
4800,4.534021568312487,4.16476423337985,6.133977788251817,1.472827138470185,0.4287538182819576,15.619097661378424,-74.38090233862158,74.38090233862158
4801,3.02379671421935,2.2388653829263307,4.202819211575105,1.877209431002845,0.7167826123517833,88.17455889219167,-1.8254411078083308,1.8254411078083308
4802,3.0537656993932494,2.095131668912311,4.683756531920034,2.235542806887936,0.6517525143315167,-86.23025284456828,3.7697471554317303,3.769747155431716
4803,1.6455365541233553,1.2040844771493695,2.329195341622855,1.9344119003486768,0.7413904874201744,88.01132309351098,-1.9886769064890188,1.9886769064890188
4804,0.8815462242933692,0.7371103845010765,1.1939936338923285,1.619830162480345,0.7859384031799599,31.387487821508056,-58.61251217849194,58.61251217849194
4805,1.546636359756236,1.352363400571808,1.7978015501855868,1.3293775544542523,0.9752709382997228,-16.22295065893796,73.77704934106204,73.77704934106204
4806,1.3894843667311525,1.1712759691007295,1.9410729468740997,1.6572293789689865,0.6580224903215124,-43.54963865347813,46.45036134652187,46.45036134652187
4807,0.8952144227026446,0.7803616729344827,1.1000660595050913,1.4096874534706296,0.9910303540567136,72.02411267824553,-17.97588732175447,17.97588732175447
4808,1.0099380753567209,0.5875681911386832,2.227247457644556,3.7906195250771497,0.4146326659915678,-17.591844259010877,72.40815574098912,72.40815574098912
4809,0.9543017810603904,0.8789912040013732,1.3009519273521497,1.4800511329691497,0.5159434362001549,-18.524163766907456,71.47583623309254,71.47583623309254
4810,2.274363632188791,1.5779168859721606,3.4761488498471964,2.202998700850792,0.6761673306045537,-28.78410043630946,61.21589956369054,61.21589956369054
4811,0.8746320295080829,0.5654229731205411,1.4876252958355656,2.6309954963899607,0.7555998242456767,75.77712908321396,-14.222870916786036,14.222870916786036
4812,1.2755794143363215,0.8176001105442745,2.4804339642402686,3.0337984697544247,0.4662084822903291,13.096209031744053,-76.90379096825595,76.90379096825595
4813,1.4577200491801383,1.1608695967701774,1.8549816248294584,1.5979242026757097,0.930901839143494,56.02370260447108,-33.97629739552892,33.97629739552892
4814,1.0278144733504384,0.9978539126789732,1.1553206085234813,1.1578053599266367,0.8971791702704427,-37.895948074546936,52.104051925453064,52.104051925453064
4815,2.461531373699935,1.8378457964453891,3.610524391787916,1.964541529420529,0.6927620927160071,15.349722662870793,-74.65027733712921,74.65027733712921
4816,3.303961276028509,2.279770931992414,4.915491385948345,2.156133897914223,0.7529537255237689,71.63516389321192,-18.364836106788076,18.364836106788076
4817,1.6082179472047609,1.1905364730888566,2.3198578424347978,1.9485819165337352,0.6664494723201062,-30.77712523977849,59.222874760221515,59.222874760221515
4818,1.4783979621211876,1.0694418447286966,2.4286330022476887,2.2709350809662783,0.5307241582425161,80.78314475460805,-9.216855245391955,9.216855245391955
4819,0.9606427264386592,0.7199111630755463,1.8667619228228551,2.593044834654078,0.5099047893487332,-69.47001152583003,20.529988474169954,20.52998847416997
4820,1.2563966762852905,1.1219855173596087,1.5196234093569496,1.3544055478836396,0.7852954331631388,52.96742132363371,-37.03257867636629,37.03257867636629
4821,1.9650276361365868,1.6006581324363538,2.516769037349341,1.5723338958823017,0.773881822210624,59.08206796901814,-30.91793203098186,30.91793203098186
4822,5.229248683807257,3.947849666770369,7.804073007073066,1.976790826854704,0.4953638408653347,47.25776864310394,-42.74223135689606,42.74223135689606
4823,0.9855986414141252,0.6886887288232737,1.5584084262254934,2.2628632660915824,0.7821630630299046,65.22380926402231,-24.776190735977693,24.776190735977693
4824,1.0099380753567209,0.7133405975291379,1.5097965477407738,2.1165156630232347,0.857670478435635,-83.67601393371184,6.323986066288171,6.323986066288157
4825,1.8073041368518064,1.2879465689743657,3.2345556723393414,2.511405170258829,0.4988165671244831,-58.916421326355696,31.083578673644297,31.083578673644304
4826,1.0908577979726677,0.9518004687888376,1.281785748318158,1.3466958573252497,0.9875113919501504,65.81743635625462,-24.182563643745382,24.182563643745382
4827,0.84641062903508,0.696087520705902,1.0689685387997343,1.53568122829683,0.9990423496647548,53.51629461447664,-36.48370538552336,36.48370538552336
4828,0.7869374084054097,0.7262296441934871,0.8967392655059722,1.2347874707067956,1.079649675248278,-89.36834230248155,0.6316576975184489,0.6316576975184489
4829,1.2369164782162358,0.995795123671372,2.162914916029559,2.1720481097107225,0.4228684734149321,16.584151570018577,-73.41584842998142,73.41584842998142
4830,1.1019327803667114,1.1163834871455205,1.2635517687808542,1.1318259212267894,0.7590245641015892,4.7139260838928845,-85.28607391610711,85.28607391610711
4831,2.290324274544937,1.5874657550753215,3.506486231060217,2.208857872901858,0.5812123448086279,-85.71096303176363,4.28903696823636,4.289036968236374
4832,3.2744280687021456,3.260720057512512,5.082947647680994,1.5588420833521648,0.3093970031316094,20.618952666544924,-69.38104733345507,69.38104733345507
4833,2.850152917453465,2.389460954808757,3.916873656679195,1.6392289854314384,0.4021401988093274,24.238316249704276,-65.76168375029573,65.76168375029573
4834,1.3177199508995825,0.9130895663048668,2.20189070224496,2.4114728538139723,0.4867389218821946,-69.8424356312503,20.157564368749718,20.157564368749703
4835,1.0453852243082644,0.9922009094296992,1.1559376945190674,1.165023820814155,0.9587382232445452,33.37894624435193,-56.62105375564807,56.62105375564807
4836,1.191922542518033,1.0821502984702551,1.49192861934503,1.37867043187443,0.7163456508996229,-52.64625201383418,37.353747986165814,37.35374798616582
4837,1.1019327803667114,0.8086102187276977,1.5574670956646244,1.926103652406484,0.9065194615172338,-73.28401576879186,16.715984231208154,16.71598423120814
4838,1.827348788334744,1.1621242598657746,3.2248149129017003,2.7749312395166474,0.4994526060936644,80.21041517088516,-9.789584829114844,9.789584829114844
4839,1.892631703400796,1.5644182617835358,2.363897947976421,1.5110396022106187,0.7848784100964827,61.41001356655457,-28.589986433445432,28.589986433445432
4840,0.8097519128234426,0.5427684930226999,1.4608355922624994,2.691452453562745,0.6314024117616884,-46.02055178119079,43.97944821880921,43.97944821880921
4841,3.130342589756744,1.6036251628327176,7.4894548736408355,4.670327609733384,0.251700914136886,-78.13915514504104,11.860844854958941,11.860844854958955
4842,1.886205091624149,1.5283826933706637,2.4276110513382148,1.5883528790714134,0.7823779307458545,62.380478189228455,-27.619521810771545,27.619521810771545
4843,0.9669420905017878,0.6125109078538233,1.677750132875798,2.739135109861906,0.6481437132466338,88.53004289160164,-1.4699571083983614,1.4699571083983614
4844,0.8952144227026446,0.7403317731042633,1.1418432564159704,1.5423399317688893,0.8969113551812786,75.16972417638637,-14.830275823613633,14.830275823613633
4845,2.0497134554531327,1.6191413045321483,2.7965935311181003,1.7272078250923115,0.7259284591458608,59.26725356464535,-30.73274643535465,30.73274643535465
4846,2.198348992480018,1.3978509556106775,3.642689917584909,2.605921541895381,0.6135530380164896,64.7571327480381,-25.242867251961897,25.242867251961897
4847,1.1291450947814663,0.7071064914980668,2.102381594893737,2.9732177828542605,0.5836996859206817,86.70082704334897,-3.2991729566510344,3.2991729566510344
4848,0.9153341128725788,0.4931538447924847,2.0648153146259287,4.186959782286168,0.4160622986156429,83.55099831049789,-6.449001689502111,6.449001689502111
4849,3.5227396741748302,1.975119429296704,7.116636970111759,3.6031426072527855,0.4235294666295882,76.62332544152356,-13.376674558476438,13.376674558476438
4850,0.9978425722559162,0.8077361629597832,1.330366920765053,1.6470315206517394,0.8404089120418643,-88.08917001592617,1.910829984073814,1.9108299840738283
4851,1.5892300566907107,0.9083265707895426,3.1830941240463115,3.504349896182689,0.4608832992229881,-89.45381692715945,0.546183072840563,0.5461830728405488
4852,1.2515550525870838,0.580361255399588,3.104160027182464,5.348668606496138,0.3543906625164162,-87.10898883309343,2.8910111669065657,2.8910111669065657
4853,3.997450064503461,3.084917300338522,7.258162713620835,2.35279004491445,0.2772589133227182,-14.382869670782656,75.61713032921735,75.61713032921735
4854,6.083627074581065,2.920961280633562,16.62187091194372,5.690548184308149,0.1798847509709866,84.79847307432819,-5.201526925671814,5.201526925671814
4855,1.1128975557056655,0.8105605699832856,1.7084938564427534,2.1077929518308345,0.661409604105805,-41.34791389477879,48.6520861052212,48.65208610522121
4856,2.881928179315977,2.1627230515069944,4.227118933491475,1.954535478107565,0.5754529681975349,76.91493971242544,-13.085060287574564,13.085060287574564
4857,1.3540776702961077,1.051971572785767,1.827211829051604,1.7369403093401974,0.8264328500092034,54.32595755555596,-35.67404244444404,35.67404244444404
4858,5.3201789368904535,3.083423612771248,10.930020384817867,3.5447676860055037,0.2691392110385276,87.64451758997836,-2.3554824100216365,2.3554824100216365
4859,6.021435024482021,4.67613872505522,8.216984672731554,1.757215761949945,0.5859393433209649,-35.56770278330994,54.43229721669006,54.43229721669006
4860,3.960831429587923,2.997954464259609,5.410642610074393,1.804778116071431,0.6497413432441397,43.56075177765885,-46.43924822234115,46.43924822234115
4861,2.776783150164344,2.1840241379621603,4.574550164799017,2.094551101924806,0.4513317111412877,-75.30731944502413,14.69268055497588,14.692680554975865
4862,1.1970053909181526,1.050194037545481,1.441167556098336,1.3722869341999315,0.8703554713083578,-31.23055158136221,58.76944841863779,58.76944841863779
4863,1.8372891089324668,1.0072806516308286,3.780906927673673,3.753578430750387,0.427709038919101,-76.96046709775348,13.03953290224652,13.03953290224652
4864,2.488514586551228,1.88728427050795,4.0866917808466505,2.1653822080267457,0.4804810188336198,-66.59495417966862,23.405045820331395,23.40504582033138
4865,1.3084726790995154,0.784197327757836,2.681935553988178,3.4199753799931,0.4940914893503665,-64.85722229616032,25.14277770383967,25.142777703839684
4866,0.9978425722559162,0.7562885815686711,1.4435398369669563,1.908715630709126,0.7645947063943974,-42.970365559961856,47.02963444003814,47.029634440038144
4867,1.2071068813224677,0.7900218605782349,2.6368036955729397,3.337633839199086,0.4334483900968257,19.468641470503776,-70.53135852949623,70.53135852949623
4868,3.8787407765684407,2.905780920389641,6.36633917010157,2.1909219395823887,0.4192452592299351,88.45346317163273,-1.546536828367266,1.546536828367266
4869,0.8535534614000618,0.6602731850061476,1.6944151693895226,2.5662335043543325,0.4567158586705359,-38.41994221067643,51.580057789323575,51.58005778932357
4870,4.3620395697242325,2.086320980148844,12.886935486232057,6.176870965134362,0.1771505312378774,80.07377095061453,-9.92622904938547,9.92622904938547
4871,1.9956851445118324,1.4252933009740585,3.0414126373793424,2.133885450314552,0.6776854193011241,-85.40948902314322,4.590510976856763,4.590510976856777
4872,2.4958230151698717,1.755074405377686,4.051427889388624,2.308408052088692,0.488538578199803,75.01006778047095,-14.989932219529052,14.989932219529052
4873,0.8172152218636723,0.8346616107046307,0.8479748663698183,1.015950482799788,1.0043304612788284,-54.87030474009573,35.12969525990428,35.12969525990427
4874,2.153707815918036,1.7694029446112969,3.236398717742236,1.8290908397087635,0.5626272245699759,59.72769955274632,-30.272300447253677,30.272300447253677
4875,1.820691757871036,0.9682338600452398,3.669523550486463,3.789914505071128,0.4735328357565534,-89.60562501084085,0.3943749891591324,0.3943749891591466
4876,3.176549406798542,2.75753026020034,3.986925648470464,1.4458320570454253,0.5545466412858032,30.598793665789504,-59.4012063342105,59.4012063342105
4877,4.281969566910225,2.7777449950339848,8.161042769994161,2.9380100709692085,0.397855432015591,75.13894176415003,-14.861058235849967,14.861058235849967
4878,0.9414917802541344,0.7855451299462795,1.4846487144124587,1.889959797108014,0.5489492517298565,84.75576729222792,-5.244232707772085,5.244232707772085
4879,6.211031189120854,4.183242869139135,9.939681276505429,2.37607081095698,0.4706178231584138,52.09402702089211,-37.90597297910789,37.90597297910789
4880,0.979419278671245,0.7741116391655022,1.5252232389378737,1.970288472321737,0.6584865572121131,73.38690511758485,-16.613094882415155,16.613094882415155
4881,3.203195584595906,3.2469391834107806,3.3435793771010003,1.0297634751472933,0.692782996297212,47.452176909465166,-42.547823090534834,42.547823090534834
4882,0.8246109854774907,0.7108082678110637,1.040482159518789,1.463801430901975,0.9048868930646548,74.74543844654586,-15.254561553454138,15.254561553454138
4883,1.2221025728266244,0.9429469416685334,1.725816689966293,1.8302373269406664,0.723214606072319,-22.731956898609607,67.26804310139039,67.26804310139039
4884,1.5387653857138477,1.0828406040715504,2.461546124450082,2.273230349134037,0.660686796435392,-82.5736125754726,7.426387424527405,7.426387424527405
4885,1.1504515979244476,1.0863228231363684,1.309865811747455,1.2057795195406888,0.8039724268865339,84.79093277385536,-5.20906722614464,5.20906722614464
4886,1.4409640896579887,1.2543605811712992,1.7250159582128624,1.3752153759504095,0.927860182579784,-54.670792760136,35.32920723986399,35.329207239864
4887,2.461531373699935,1.938018442358843,3.448371575077707,1.7793285655633653,0.693490817320048,-61.869088649384686,28.13091135061532,28.130911350615314
4888,1.5777276373049178,1.3400097360131766,1.9115487966870144,1.4265185881218236,0.901443085343195,64.88653209286227,-25.113467907137732,25.113467907137732
4889,3.168895059754157,3.3561301968216286,4.163484033681523,1.2405609405810556,0.379676161580915,-80.52352156367007,9.476478436329927,9.476478436329927
4890,1.986537570863388,1.4700082773736292,3.391843209780591,2.307363340729334,0.4854307165650409,-51.41040526324864,38.589594736751366,38.58959473675136
4891,0.979419278671245,0.9128619318916746,1.0808340123593136,1.1840060085752064,1.1407564246301347,46.255315052268,-43.744684947732,43.744684947732
4892,2.512793352570581,1.5779790452949016,4.105789982943586,2.601929344490296,0.6481515657796902,73.85027675684069,-16.149723243159315,16.149723243159315
4893,1.2071068813224677,0.9639911588350352,1.948717996823176,2.0215102378928083,0.4686429638397464,-43.0242575054283,46.975742494571705,46.9757424945717
4894,0.9350209696908578,0.7883987054507111,1.2629851855974166,1.601962530970157,0.7888865512473285,84.85702803719238,-5.142971962807621,5.142971962807621
4895,3.38564251614032,2.061053744532373,5.809583022082083,2.818744070839455,0.5222385207055982,-82.83089204588526,7.169107954114736,7.169107954114736
4896,0.9153341128725788,0.8883555016767899,1.7540310060179245,1.9744696832598587,0.3512152809903672,72.58784137817032,-17.412158621829676,17.412158621829676
4897,3.983757521672035,2.580080608894487,6.739401705480636,2.61208959218074,0.5978309259467322,-87.85803524577997,2.1419647542200266,2.1419647542200266
4898,0.7946150283453554,0.6466609825291504,1.154123321249002,1.7847424731504906,0.7012968083884753,21.143508463325304,-68.8564915366747,68.8564915366747
4899,0.7554470535053759,0.3738865456788943,1.614046028338315,4.316940652163796,0.6210222323421813,-84.66680050307869,5.33319949692131,5.33319949692131
4900,8.671027758201468,8.75971419773631,17.911672538093658,2.0447781895352706,0.1241917891969534,68.36618751705184,-21.63381248294816,21.63381248294816
4901,3.203195584595906,2.09127948761206,5.143168204565782,2.4593404349021464,0.5088706801491863,-77.0309630643371,12.9690369356629,12.9690369356629
4902,2.5511588286726434,1.977293518231908,3.4696476041175943,1.754745854434473,0.672857511177356,-44.71640139380646,45.28359860619355,45.28359860619354
4903,1.45354916781555,1.198975101939246,2.1485579152473897,1.7919954399155325,0.5449909383098457,67.96565976725125,-22.034340232748747,22.034340232748747
4904,0.9543017810603904,0.8023250260666349,1.2626659199052728,1.5737586126353804,0.7533147150501163,-38.93297999018407,51.067020009815934,51.06702000981593
4905,2.7460023386177363,2.650561996456531,6.240577254299454,2.3544354980726063,0.1754812334459915,-37.63525795284283,52.364742047157165,52.36474204715717
4906,1.0740312192037882,0.5377611891660041,2.791664747224475,5.191272266326945,0.312132022414362,75.72067055739811,-14.279329442601892,14.279329442601892
4907,1.518909516610108,1.059524477346384,2.338005547656535,2.20665553051889,0.7154904426730582,59.366143673446906,-30.633856326553094,30.633856326553094
4908,0.8172152218636723,0.5543371673630787,1.8918761426140749,3.4128617996399604,0.372998384486827,78.11723230192409,-11.88276769807591,11.88276769807591
4909,2.940323395380274,2.4815650557535536,3.5638924669556857,1.436147103495327,0.8152962800329855,88.53001395612259,-1.4699860438774124,1.4699860438774124
4910,1.474285581520627,1.1603259549733318,1.9174539433480065,1.6525131883239448,0.874078207071339,-85.19247437482238,4.807525625177618,4.807525625177618
4911,0.8746320295080829,0.5420488724324841,2.2023627673075428,4.063033573751898,0.3951928418401566,-58.0315248947845,31.968475105215504,31.968475105215497
4912,1.1557168501373432,0.9016081737266118,1.606449005161742,1.7817595846783594,0.7599496930512828,-87.23273256536383,2.767267434636153,2.7672674346361674
4913,7.7339668535315695,6.5776266742140725,14.305788918108872,2.1749165202992,0.2065204177201468,-60.819509653258805,29.18049034674118,29.180490346741195
4914,0.9086770491564996,0.7524533510257306,1.2749270298489914,1.6943602259343178,0.6858721788402545,81.12684817488868,-8.873151825111322,8.873151825111322
4915,2.285016447538367,2.018214562132436,4.178156879338931,2.070224324872728,0.3560981480298185,-66.81604550897677,23.18395449102323,23.18395449102323
4916,1.0278144733504384,0.7391293131510901,1.5260925901100806,2.0647166374771047,0.815609375262226,72.03599971980904,-17.96400028019096,17.96400028019096
4917,0.8392070033186643,0.8057638047543139,0.9001378600912953,1.1171237213438212,1.1746010980885375,-73.96993017970219,16.030069820297797,16.03006982029781
4918,1.6455365541233553,1.4353341781863185,2.044072054595268,1.4241088142819454,0.6659069408384745,-25.38762748425537,64.61237251574462,64.61237251574462
4919,0.9606427264386592,0.9225262906305092,1.073556836659164,1.163714083341117,0.8886404313683023,-74.16335657738071,15.83664342261929,15.83664342261929
4920,2.626208910558587,1.7608711144253757,4.20843886621487,2.3899755250333627,0.6475336294625414,-48.47873145368223,41.52126854631777,41.52126854631777
4921,1.5622593457610967,1.0235477914750255,2.5605836919794114,2.501674776015468,0.6035941836922679,87.31604994673964,-2.683950053260361,2.683950053260361
4922,1.1661760393441107,1.0691352190355898,1.364004775799723,1.2758019299281145,0.9562192483039617,83.72305760067226,-6.276942399327737,6.276942399327737
4923,2.835202592972366,2.8290911564834293,3.912672045550699,1.3830137769099546,0.3598091097280607,-69.42533168487567,20.574668315124313,20.574668315124327
4924,2.0615274636937264,1.125504608443704,4.116901433580058,3.65782725605426,0.4186298360524174,-70.65202320654208,19.347976793457917,19.347976793457917
4925,1.039561305877423,0.6289275026291268,2.334397447385859,3.711711505105595,0.3830164357514415,52.52945052358192,-37.47054947641808,37.47054947641808
4926,0.979419278671245,0.7321001563178051,1.4627923586030136,1.9980768286682544,0.8367285294685202,-10.046775307043378,79.95322469295662,79.95322469295662
4927,3.1535306295545262,1.7728077904449722,7.917502808734392,4.46608078518603,0.2503813800304674,68.9222980631539,-21.077701936846097,21.077701936846097
4928,1.671163804247637,1.480946485367236,1.944651912420283,1.313114235817954,0.833826819403839,-18.76126258735397,71.23873741264603,71.23873741264603
4929,2.0615274636937264,1.2547414099588288,3.612953940832711,2.879441064235906,0.4654604961107553,-80.67424468332283,9.325755316677174,9.325755316677174
4930,3.0716067413506805,1.988997540747211,4.981558333166651,2.5045573114661663,0.5986892734070655,86.00651761968184,-3.993482380318156,3.993482380318156
4931,1.3540776702961077,1.231888397098449,1.649905566442316,1.3393303892856296,0.6882597943200652,45.1212712998482,-44.8787287001518,44.8787287001518
4932,1.7212740281460053,1.4999568324857144,2.1235670279240995,1.415752094948589,0.7276955340921745,74.02166608165251,-15.978333918347488,15.978333918347488
4933,0.8884066096615684,0.7318234656081926,1.114599990885911,1.5230448916523966,1.031293877088178,32.86476804824427,-57.13523195175573,57.13523195175573
4934,1.886205091624149,1.1875063097283758,3.1527480147460665,2.654931589767477,0.5922528193584619,88.82979723565033,-1.1702027643496677,1.1702027643496677
4935,1.0683634687220958,1.032734364179983,1.259251104448058,1.219336886739442,0.79770996758917,76.19200521417412,-13.807994785825883,13.807994785825883
4936,3.231501250354348,2.8160719465076647,3.84290631382828,1.364633570031489,0.7046027710080588,69.75872698346406,-20.241273016535942,20.241273016535942
4937,2.6969227938811677,1.4575056030532554,5.161148888170061,3.541083394367904,0.5033240630371055,-65.94581703812155,24.05418296187844,24.054182961878453
4938,1.1019327803667114,0.958320970751836,1.3028838527220783,1.359548515044934,0.9927657881484596,-79.89954033932881,10.100459660671191,10.100459660671191
4939,2.0674091517192297,1.108063426006904,3.989651875975484,3.600562731641524,0.5544779402931079,-89.77081715987178,0.22918284012820322,0.22918284012821744
4940,2.2257951114113315,1.816391929929709,3.760802609137576,2.070479695030968,0.2628081842609843,59.49741764642943,-30.502582353570567,30.502582353570567
4941,1.7904288454052892,1.257733121256175,2.8492176820455533,2.265359505838461,0.5901435600510321,85.34354367633642,-4.656456323663576,4.656456323663576
4942,1.7665326322454526,1.5179145668391996,2.224115425296261,1.4652441408001016,0.6660208536497101,68.99869443507072,-21.001305564929282,21.001305564929282
4943,7.285267552427004,9.24336880018998,9.763233518734149,1.0562419102582474,0.209657472622081,-47.29734427240577,42.70265572759422,42.70265572759423
4944,1.518909516610108,1.3394358318253858,1.9060975589759008,1.4230600030897091,0.701552849113116,4.442020916054802,-85.5579790839452,85.5579790839452
4945,3.4017434168110268,1.945466607208828,6.40041326155468,3.2899116529876555,0.4219417086335106,79.60446353555398,-10.395536464446025,10.395536464446025
4946,2.8671435473418896,1.9247216004821943,5.309217876877752,2.7584341940920964,0.3833547927007159,68.63094328123441,-21.36905671876559,21.36905671876559
4947,1.470161697690137,1.1511260678217228,2.194265782084993,1.906190680085288,0.6861250669789242,89.91112487380664,-0.0888751261933578,0.0888751261933578
4948,1.8372891089324668,1.388423322149274,2.8794890766064047,2.0739273322987453,0.610221557758724,68.07996907598223,-21.920030924017766,21.920030924017766
4949,6.071639620422324,4.43814483359783,9.446085626471271,2.1283860668453443,0.4014480782383085,85.03979315905956,-4.960206840940444,4.960206840940444
4950,1.176542252445381,0.9693084252146752,1.5607979215879926,1.610218049267774,0.7654584242578343,32.00374676015764,-57.99625323984236,57.99625323984236
4951,3.629693650853584,2.7431076736567577,4.89199801691208,1.7833780510666934,0.7253573596076199,82.52639112933076,-7.4736088706692385,7.4736088706692385
4952,2.105239620905539,1.617895940825372,2.892597713149626,1.7878762410850495,0.6812116136973946,-8.236029882472995,81.76397011752701,81.76397011752701
4953,1.3585539723246187,1.082739322456416,2.1189547694944952,1.9570313237420915,0.5974420104889502,-78.60236558547896,11.397634414521036,11.397634414521036
4954,2.231243822407474,1.3369621820662216,4.072553879604897,3.046124964664989,0.5007663983820322,79.3725727404108,-10.627427259589197,10.627427259589197
4955,3.099155335386319,2.22412246241416,4.720014929774675,2.122192014845875,0.5721319712194923,87.03821676987242,-2.9617832301275797,2.9617832301275797
4956,0.8815462242933692,0.8258720587171007,1.08876579282002,1.3183225916509336,0.6927381277261865,84.60824778957905,-5.391752210420947,5.391752210420947
4957,1.186817925731738,0.8029384017420687,1.8485827936610049,2.3022722411212224,0.7257744415796191,65.72276347373644,-24.277236526263565,24.277236526263565
4958,1.2319983017676563,1.1416550631111018,1.416719483340634,1.2409347876756749,0.794051928311415,-16.972275531714196,73.02772446828581,73.02772446828581
4959,1.270810876469873,0.9849753945948366,1.705595019651585,1.7316118037173616,0.8527907107334356,71.22779582698162,-18.77220417301838,18.77220417301838
4960,1.2020667470700563,0.9518974028637168,1.5830133288116517,1.6630083494810122,0.9021303228967424,61.79644214566412,-28.203557854335877,28.203557854335877
4961,2.2421015207009214,1.3402405139868094,4.20029873739508,3.133988783028551,0.520560032603629,-70.94431987222944,19.055680127770557,19.055680127770557
4962,1.67479282872596,1.1689187568944297,2.6117905896863878,2.2343645136000414,0.6216167891588532,-54.88256195727185,35.11743804272817,35.11743804272815
4963,3.3295879524106997,2.8058468373191947,4.848747965070659,1.7280871858648297,0.348102604316279,85.66115903814881,-4.33884096185119,4.33884096185119
4964,3.501997160151873,2.677105970071965,5.178204762183277,1.934254684002695,0.4555000909172874,-19.26173295512067,70.73826704487934,70.73826704487934
4965,0.979419278671245,0.6858465431929595,1.629362455683301,2.3756953677972947,0.5725527614528485,-88.45632846690305,1.5436715330969548,1.5436715330969548
4966,6.0496009283872505,4.257899564161432,13.435375335230784,3.1553997769970423,0.2078624718162518,34.04930201857386,-55.95069798142614,55.95069798142614
4967,1.6307115983086335,1.3153429522665014,2.5789872146406734,1.960695657506473,0.4741492141423342,-72.5755128388612,17.424487161138813,17.4244871611388
4968,0.8952144227026446,0.5920321098387968,1.4639921869986203,2.472825650279759,0.7154356662364485,-83.79424613756468,6.2057538624353015,6.205753862435316
4969,0.8606370140730026,0.8477551804023526,1.0198215178180632,1.2029670138188318,0.7487230034707706,-43.03897701337878,46.96102298662123,46.96102298662122
4970,3.619643718365112,2.856895512376743,5.197054831830031,1.8191266741521237,0.4166512477954355,78.15818950974143,-11.841810490258567,11.841810490258567
4971,1.3585539723246187,1.4010054590732637,1.52689787564686,1.0898586195780222,0.6013067399166553,-38.59418122180256,51.40581877819744,51.40581877819744
4972,1.0908577979726677,0.931588264597272,1.4084471999457755,1.511877353408537,0.7724685842345307,17.394425107447034,-72.60557489255297,72.60557489255297
4973,1.2020667470700563,0.8328646010954917,2.069489674784064,2.4847852484809683,0.5584743830914144,54.18135601157742,-35.81864398842258,35.81864398842258
4974,1.7733929789634846,1.3744093318886743,2.3893444504938715,1.7384518535031348,0.7178404040414922,80.54588640080212,-9.454113599197882,9.454113599197882
4975,2.7238030873118206,1.798085917846758,4.539733450103838,2.5247589144907243,0.5905007354493341,-20.05326831415633,69.94673168584367,69.94673168584367
4976,1.1291450947814663,1.0034675565547402,1.3021795534676197,1.2976797754562823,0.9982675949627412,52.96858594184623,-37.03141405815377,37.03141405815377
4977,1.870041939381716,1.0227745438037206,5.193155496838068,5.077517355413062,0.2599632450587084,9.547573517747416,-80.45242648225258,80.45242648225258
4978,1.062665489594652,0.956560516633656,1.3173648567535543,1.377189246101906,0.7431849462904927,-52.561103584796,37.438896415204,37.438896415204
4979,4.435193886363563,2.743046320793758,8.861804874991142,3.2306435395618087,0.2398531997608381,79.14120436099584,-10.858795639004157,10.858795639004157
4980,2.0615274636937264,1.7284047681133656,2.6611689996356622,1.5396677032663202,0.6855770208917169,-81.15787594997951,8.842124050020487,8.842124050020487
4981,1.1504515979244476,1.0742619806798186,1.3287848750595113,1.2369281413260331,0.873951432063463,-74.16755930223187,15.832440697768135,15.832440697768135
4982,1.4865885952249918,0.9141318036651102,2.732787891031771,2.9894900057901506,0.5602056737796421,-88.9289598772534,1.071040122746581,1.071040122746595
4983,4.535360420126199,3.531886348887772,7.2258268050407315,2.0458831602314214,0.3278357019036131,-39.74059618804579,50.2594038119542,50.25940381195421
4984,0.9153341128725788,0.8986716165546628,0.9772913359407766,1.08748436908192,1.0510650593285995,55.398972847437314,-34.601027152562686,34.601027152562686
4985,0.9153341128725788,0.7801128859054068,1.1637776768520018,1.4918067601220428,0.799119567536994,-40.40808403846321,49.591915961536785,49.59191596153679
4986,1.3938469657443524,1.309118869713666,1.5391629664711477,1.1757243762041238,0.9205456977394904,-11.910966174518364,78.08903382548164,78.08903382548164
4987,1.2563966762852905,0.907747289895896,1.7902483977813382,1.972188094317143,0.8891352407773995,62.6093394329021,-27.390660567097903,27.390660567097903
4988,0.9414917802541344,0.9285609503454602,1.0366044963494865,1.1163559009926378,0.7650732018606525,18.487491015152827,-71.51250898484717,71.51250898484717
4989,1.2612197138901655,0.771176017772857,2.1441845708140312,2.780408780094587,0.682616317094627,82.29752877698553,-7.70247122301447,7.70247122301447
4990,0.9606427264386592,0.7750439400790863,1.2494507514213604,1.6121031167521485,0.965996393265034,-40.569645451852736,49.43035454814725,49.430354548147264
4991,1.0337045758596148,1.0787854997510575,1.3428939088636431,1.244820132615364,0.4974689585118707,70.0652350700226,-19.934764929977405,19.934764929977405
4992,1.0278144733504384,0.7517898006075903,1.730136343743393,2.3013564993101943,0.5902349936131905,-5.277596525658511,84.72240347434149,84.72240347434149
4993,0.9086770491564996,0.656968728937546,1.5423626030611433,2.3476956133900955,0.6590536610248761,40.49566626524343,-49.50433373475657,49.50433373475657
4994,3.017767203306169,2.8283273368942163,4.504704207163892,1.592709637389604,0.3495114004902033,37.1861795112945,-52.8138204887055,52.8138204887055
4995,5.259348659172168,3.700792286504067,11.699723743144402,3.1614105406052064,0.3037214857948788,62.07441450978277,-27.92558549021723,27.92558549021723
4996,1.876523906614425,1.3306932137440042,2.796958414377002,2.101880723136441,0.7021799050232413,78.46740614314209,-11.532593856857915,11.532593856857915
4997,1.5892300566907107,1.1552377302608456,2.5011437195782884,2.1650467726790272,0.493497435949023,-68.26360308058419,21.736396919415824,21.73639691941581
4998,2.4292557384703275,2.0362192810207214,3.1541825800756493,1.5490387550473017,0.6958494406298954,-38.028749097520816,51.9712509024792,51.971250902479184
4999,0.8952144227026446,0.8563015608795309,1.0555382680370775,1.2326711946582292,0.9042710839918308,69.64620213456271,-20.353797865437286,20.353797865437286
5000,2.022879685682126,1.277366262574836,3.462937043014628,2.710997733754337,0.6120564663765996,88.21099527649932,-1.7890047235006818,1.7890047235006818
5001,1.176542252445381,1.0893028617489948,1.3291874764031026,1.2202184746572196,0.9228780514213968,30.038963992236265,-59.96103600776374,59.96103600776374
5002,2.9444501670888434,2.2063855255419007,4.4862469122561,2.0333014608379707,0.5924133652074495,74.51170854868337,-15.488291451316627,15.488291451316627
5003,4.547392348057016,3.889620921963783,5.660335674245878,1.4552409573599527,0.580327002509271,-58.82155156443007,31.17844843556992,31.178448435569933
5004,0.9414917802541344,0.7551480097373873,1.371834064112799,1.81664262690684,0.7650732018606525,61.01236985522725,-28.98763014477275,28.98763014477275
5005,1.176542252445381,0.864285218304194,1.7150433322556466,1.98434879589948,0.6864145324742353,-68.87031122087343,21.12968877912658,21.129688779126568
5006,1.2071068813224677,1.034224994933196,1.485166696922009,1.436018955447833,0.9085950810482928,-47.57176549597701,42.42823450402298,42.42823450402299
5007,1.2020667470700563,0.8649555701087935,1.732297436009334,2.002758865165117,0.8070328682533164,-0.8480626838911519,89.15193731610884,89.15193731610884
5008,2.4933892525089543,1.8764365500918816,4.665779006287505,2.4865104050861944,0.3431138165823968,-45.56686327271925,44.433136727280754,44.43313672728075
5009,1.0908577979726677,0.8479376259774246,1.5331188725768656,1.8080561890500224,0.7417279783340586,58.01826493849965,-31.981735061500352,31.981735061500352
5010,2.1480624384075764,1.893352879833147,2.93672466856542,1.551070959801334,0.5645237260286371,-52.0620237852467,37.93797621475329,37.9379762147533
5011,2.5440093737132674,2.0652838069789734,3.236517525354206,1.5671054575731522,0.7847381114117302,-89.59509067039083,0.40490932960915416,0.40490932960916837
5012,1.3894843667311525,0.910850235732463,2.5083759651408046,2.753884081858623,0.4548637257065119,73.66327480698396,-16.336725193016036,16.336725193016036
5013,3.176549406798542,2.1449517760251733,4.905976316053322,2.2872198670800072,0.6523162475632479,77.80739477241325,-12.192605227586753,12.192605227586753
5014,3.001629295092017,3.059686276174479,4.7395869125356,1.5490434262631323,0.3176374717773695,25.41489808914616,-64.58510191085384,64.58510191085384
5015,2.0965701003918507,1.819552279224568,2.8323829180847664,1.5566372840311202,0.5900513826809226,77.793476618039,-12.206523381961006,12.206523381961006
5016,0.8746320295080829,0.6518270344208636,1.3922878134671557,2.135977398826635,0.694000363755775,-77.72647342212217,12.273526577877817,12.273526577877831
5017,3.834662745683077,3.668831520361371,4.521563677817495,1.2324260879039035,0.4671976560457724,-42.30710715072036,47.692892849279644,47.69289284927964
5018,1.0337045758596148,0.907891129501401,1.4177905184438495,1.561630543986565,0.6638890380951726,15.66523035521486,-74.33476964478514,74.33476964478514
5019,3.0716067413506805,2.7265393661272914,5.153602303213818,1.890162440799036,0.4117188220823328,-54.010992748221085,35.9890072517789,35.989007251778915
5020,4.82842752528987,4.331784900386494,7.949197116669543,1.83508583631664,0.2805487862246039,-74.44215497300175,15.557845026998251,15.557845026998251
5021,1.2071068813224677,0.6948352038483423,2.4589574352722456,3.5389073864613056,0.4912926016621493,71.13516472699247,-18.86483527300753,18.86483527300753
5022,2.239392031468568,1.7215929247525823,3.927123618056294,2.2810988367768057,0.4019375809888162,79.86826320635579,-10.131736793644208,10.131736793644208
5023,2.001760303601345,1.5449014023080612,2.6865901809577872,1.7390042995262085,0.806785679540492,-70.98021012290832,19.019789877091682,19.019789877091682
5024,1.0278144733504384,0.8887137445380909,1.3153731135048297,1.4800863850580988,0.7108539487905488,-10.114856114863102,79.8851438851369,79.8851438851369
5025,2.5416217529397453,2.80734475868627,3.1255037167997304,1.1133309178108737,0.397308360709514,-45.90558522203664,44.09441477796335,44.09441477796336
5026,0.9606427264386592,0.6356282794919542,1.5709639423308657,2.4715136079006865,0.755903609564712,80.88978581075905,-9.11021418924095,9.11021418924095
5027,2.131036575976748,1.84467266061126,2.7074071290577346,1.4676897353488152,0.7282174107710115,-58.03212163024406,31.967878369755937,31.967878369755937
5028,0.8535534614000618,0.7153076613037606,1.2585042426381825,1.7593887367910483,0.7703020124386868,-62.06271106751646,27.93728893248354,27.93728893248354
5029,0.84641062903508,0.7231380415910785,1.07408593323649,1.4853124458412412,0.9852511068903708,32.29982765485968,-57.70017234514032,57.70017234514032
5030,6.15703400294219,6.488473861463535,12.20466356119613,1.8809759924721736,0.2049064480291691,-78.78039062200918,11.219609377990821,11.219609377990821
5031,7.002260443728026,7.267972176877397,11.26407314401946,1.5498233716215108,0.2387898044786262,55.96508574249921,-34.03491425750079,34.03491425750079
5032,1.039561305877423,0.951676435263121,1.330314639214127,1.3978644315663018,0.5950885506867458,-14.774207021820196,75.22579297817981,75.22579297817981
5033,1.8405906194279933,1.7211774505679862,2.049345716280888,1.1906649808853855,0.8047732939005181,75.1222791285029,-14.877720871497104,14.877720871497104
5034,0.9350209696908578,0.6287786124422152,1.4904506873202954,2.370390242014264,0.7506421769289469,-84.74704710793986,5.2529528920601365,5.2529528920601365
5035,0.9917395023300404,0.8349157413359235,1.2561758096366369,1.5045539896357298,0.8866070316115384,-66.07894621159255,23.92105378840745,23.92105378840745
5036,4.744713216239947,4.809615942535584,9.970474089632102,2.073029158410466,0.2543605276324526,-70.89808645090986,19.101913549090142,19.101913549090142
5037,0.8884066096615684,0.7485984466684084,1.1491302931999543,1.5350423158291184,0.8546982514692113,-37.881517303810654,52.118482696189346,52.118482696189346
5038,2.190048085582714,1.7121917250652496,3.2763688207211192,1.913552537813054,0.4431642774423199,-88.56239881535197,1.437601184648031,1.437601184648031
5039,2.371076674599173,1.8480758286185213,3.447324035844359,1.8653585434431617,0.6526237326495978,38.99544600777992,-51.00455399222008,51.00455399222008
5040,1.2850634067342854,1.16158960971498,1.4699791823730717,1.265489265812012,0.902797959901498,-39.59113604377293,50.408863956227066,50.40886395622707
5041,2.473832956432472,2.1654042027816303,3.2054222052078125,1.4802881610233314,0.6426423740984144,75.22308632097236,-14.776913679027643,14.776913679027643
5042,1.6082179472047609,1.052564754460939,2.84475692993679,2.7026906590594573,0.5566204556220558,68.04879982181717,-21.95120017818283,21.95120017818283
5043,4.146548308008172,2.938147883048034,8.918707905669638,3.0354863882540086,0.210654777629147,-82.182456638608,7.817543361391984,7.817543361391998
5044,1.2755794143363215,1.1827483124023357,1.408867445745741,1.191181108416992,0.9742514009110536,-87.20889918721711,2.7911008127828723,2.7911008127828865
5045,4.935379661189302,2.630570101466481,11.536832243594878,4.38567755223986,0.2558176416222371,-70.76043259082677,19.23956740917322,19.239567409173233
5046,3.881870055638608,3.594266098011642,6.630268837188568,1.8446794578889,0.2418313354418528,-60.30095960889058,29.699040391109406,29.69904039110942
5047,1.4577200491801383,1.261426904324657,1.841327636820636,1.4597180625431847,0.7515080940013212,80.07492139447704,-9.925078605522955,9.925078605522955
5048,6.078635174934701,4.2142427860908525,11.09607752054821,2.6329943678543906,0.2641651638193688,-60.5642168923392,29.435783107660797,29.435783107660797
5049,2.628519697552557,1.6277618820368038,5.174338755002328,3.17880570377267,0.4236398926403877,55.99784819597428,-34.00215180402572,34.00215180402572
5050,0.9479184199131095,0.8586259519008501,1.2472525057781465,1.4526144976365367,0.8151750304432912,-83.10181943041115,6.898180569588845,6.898180569588845
5051,4.815837080065332,3.3030700219627604,8.194943772253934,2.481008188674217,0.4213614924929453,62.75660025433898,-27.243399745661023,27.243399745661023
5052,1.45354916781555,1.3680772192651922,1.7950003649738957,1.3120607080483426,0.6206467615765376,-39.99775670806692,50.00224329193307,50.00224329193308
5053,3.6663077184798736,3.24121235452766,6.068316767433492,1.8722367138199512,0.4278996630163659,69.56878018675401,-20.43121981324599,20.43121981324599
5054,1.5387653857138477,1.254368749466177,1.9792873072921275,1.5779150334656014,0.7826203787862386,-41.81854201651494,48.181457983485075,48.18145798348506
5055,0.8392070033186643,0.7351162349752484,1.0451911691549751,1.421803953479775,1.0176553611300403,-84.62987358551456,5.370126414485441,5.370126414485441
5056,0.7946150283453554,0.6216456566283912,1.1070618974451485,1.7808568042596815,0.8442435185846823,-15.583639498380716,74.41636050161928,74.41636050161928
5057,1.2991595879263365,0.9525332834425824,2.409078321087532,2.529127709197521,0.4290706928118785,-34.20763292271887,55.79236707728113,55.79236707728113
5058,1.1237553499514827,0.9550185133744388,1.4782769180658868,1.5479039383672049,0.730057644160885,-54.16788806165746,35.832111938342535,35.83211193834254
5059,4.6997142419519164,4.576907393845373,5.3716811492263545,1.173648642410752,0.3972281330706066,-34.174019949549155,55.82598005045085,55.825980050450845
5060,0.8952144227026446,0.7322833592101268,1.2601910840399344,1.720906351605794,0.7259728830815672,-78.3533512458933,11.646648754106707,11.646648754106707
5061,4.477428293551467,3.230252479523693,10.010706026954496,3.0990475482679893,0.2572056466269657,-70.11100562983849,19.888994370161527,19.888994370161512
5062,1.1291450947814663,0.9616680650612542,1.5123448451037715,1.572626668233432,0.7781973692711067,-57.664256258269,32.335743741730994,32.335743741731
5063,0.9086770491564996,0.7077316069758361,1.2385455868674102,1.7500215825597534,0.7954875298796478,-80.83866267162014,9.161337328379858,9.161337328379858
5064,1.824023310076927,1.4597027050415,3.1581240435699725,2.1635392142951364,0.4647252535919948,-50.45658192987812,39.543418070121874,39.54341807012188
5065,0.8172152218636723,0.5549968936709674,1.302986413275951,2.347736407419305,0.7951136489420267,84.58158556291824,-5.418414437081765,5.418414437081765
5066,1.937021059271256,1.984793102120458,2.2306887414806664,1.1238898095209549,0.6291982512780121,-74.17195525774389,15.828044742256111,15.828044742256111
5067,2.942387504722152,2.2380211573227986,6.52512332250754,2.9155771388297,0.1923355992483628,-61.275130261388085,28.724869738611915,28.724869738611915
5068,2.031863651507851,1.702246646561968,3.111849341807744,1.8280836963860403,0.3836151515966862,52.88453864755937,-37.11546135244063,37.11546135244063
5069,2.285016447538367,1.763849448626496,3.414139400218498,1.9356183731423775,0.5216190292045493,-67.4016244042114,22.598375595788582,22.598375595788596
5070,1.3450803768346336,1.0870456426025383,1.713419761678936,1.5762169448347827,0.8521451390473178,-77.27380968141674,12.726190318583264,12.726190318583264
5071,0.8172152218636723,0.6358046023193141,1.1367210388845428,1.787846509348887,0.7694317198780732,-81.73175219999665,8.268247800003337,8.268247800003351
5072,0.979419278671245,0.6006732450339745,1.7395138779314945,2.8959403341380825,0.6747574530169592,84.11319689463164,-5.886803105368358,5.886803105368358
5073,3.0755573625864763,2.059697733145636,5.116387876886876,2.484047923416882,0.5333153986632143,-59.60285548099246,30.397144519007554,30.39714451900754
5074,1.1504515979244476,1.0706681877769515,1.4057353473662384,1.3129514479037554,0.6955060470709463,37.29956124492284,-52.70043875507716,52.70043875507716
5075,1.2944779165271465,1.1368676194686032,1.5716197125015077,1.3824122400778,0.8210802552428708,-35.434478824119644,54.56552117588035,54.565521175880356
5076,0.9153341128725788,0.7715144591367704,1.199769527943462,1.5550836588154893,0.8262848672085986,69.48724958001524,-20.512750419984755,20.512750419984755
5077,1.0099380753567209,0.7486797824208135,1.5533891340339212,2.074837828545504,0.6863417436598402,87.86171790023238,-2.138282099767622,2.138282099767622
5078,2.776783150164344,1.909198286628526,5.398005883902867,2.8273678651971053,0.3692239245156003,-70.42464678346757,19.57535321653245,19.575353216532434
5079,4.707458901270671,2.034304941650623,16.750395530521768,8.233964922156948,0.1490915826212775,-85.9945168816959,4.005483118304085,4.005483118304099
5080,2.439232190052617,1.9497476302095176,4.076933894526865,2.091005949364207,0.3481826772217471,-65.45086367569226,24.54913632430774,24.54913632430774
5081,1.1816912584570125,1.438665131378419,2.033598757769365,1.41353169227152,0.239127654936674,-81.96352041904095,8.036479580959053,8.036479580959053
5082,1.8635374259717976,1.7438095027223903,2.060749883744414,1.1817517226091636,0.81655545545745,49.424248215855705,-40.575751784144295,40.575751784144295
5083,2.0108386281965918,1.411333862337567,3.565502329553548,2.526335139190999,0.5472103901355027,77.93490381388709,-12.06509618611291,12.06509618611291
5084,1.4282681233264556,1.1446865553570411,2.5568275791617125,2.2336486501007324,0.4495814481702594,85.10979832969736,-4.890201670302645,4.890201670302645
5085,0.9350209696908578,0.6653064280085546,1.5823893594856722,2.3784369019583944,0.5642446566654643,80.47399491309469,-9.526005086905315,9.526005086905315
5086,7.54803846020936,5.438358189660554,14.187870725439309,2.6088518318659832,0.2242493123814478,-64.74727167173448,25.252728328265505,25.25272832826552
5087,2.0138556420885823,1.5299936384028117,2.842600886620525,1.857916801267205,0.702402593523093,34.14607666904096,-55.85392333095904,55.85392333095904
5088,1.2121260584033826,0.8646006149319309,1.781935070657982,2.060992138894409,0.7767241982199583,76.55731770262199,-13.442682297378013,13.442682297378013
5089,3.796474281296064,1.9345112170413827,8.15014968418157,4.21302787618172,0.3748086578474365,86.24682127467746,-3.7531787253225417,3.7531787253225417
5090,1.671163804247637,1.5549361461992546,1.855684201776659,1.1934150520023126,0.8197044891357459,-6.840083665848017,83.15991633415199,83.15991633415199
5091,1.8372891089324668,1.5732692027518371,2.187792164723542,1.3906025497078502,0.9073129094774808,-66.17599242291541,23.824007577084586,23.824007577084586
5092,2.4933892525089543,2.065170478843367,3.1030334789870966,1.5025556053488631,0.768740992637578,-46.76727172794595,43.23272827205403,43.23272827205405
5093,1.550556863789422,1.143006724020846,2.239285744641452,1.9591186102249143,0.6745011298041129,-84.0978277829986,5.902172217001407,5.902172217001393
5094,1.1019327803667114,0.847979934582104,1.583437343640801,1.8673052027123027,0.7113965426154274,83.35902396554509,-6.6409760344549085,6.6409760344549085
5095,1.470161697690137,1.1017636823728585,2.049343013509806,1.860056785585957,0.8052416517088389,-88.14530818316905,1.8546918168309503,1.8546918168309503
5096,3.692708115052768,2.174477313769994,6.596028236566551,3.0333856300991733,0.510048989441031,-80.25828778514838,9.741712214851617,9.741712214851617
5097,1.1128975557056655,1.0583703270717166,1.283610679744558,1.2128180910891873,0.8910725238931548,15.132862549155371,-74.86713745084462,74.86713745084462
5098,1.062665489594652,0.9522521804899944,1.3703506806405985,1.43906279105128,0.778143587212034,2.5892039053635694,-87.41079609463642,87.41079609463642
5099,1.021890421280174,1.0982136141699603,1.7460527006759936,1.5899026183495966,0.3569861412950773,54.50493978056381,-35.49506021943619,35.49506021943619
5100,1.7630924485867383,1.5238846024945676,2.191282142746489,1.437958057427318,0.7572880365627792,-12.05680579673985,77.94319420326015,77.94319420326015
5101,1.2944779165271465,1.0405891020420277,1.916504759431283,1.8417497892976,0.5780373393251094,-25.49548970753241,64.50451029246759,64.50451029246759
5102,0.8676627389239214,0.893079354719126,0.9957972217321636,1.1150153863374688,0.7867980420881059,-58.53940343215201,31.460596567848,31.460596567847993
5103,2.886138449171217,1.5344032469225124,6.416280837105368,4.181613177614314,0.3629525019510529,77.15326820233761,-12.846731797662386,12.846731797662386
5104,6.225676413860507,5.2696011488870464,14.359868066867628,2.725038890258415,0.1142774504258463,-66.02396363585946,23.976036364140555,23.97603636414054
5105,0.7869374084054097,0.6315262590918065,1.1003626228006316,1.742386174698508,0.8011214921756172,-26.875529155286205,63.1244708447138,63.1244708447138
5106,2.579558503195455,1.8452511174171773,3.668032282662706,1.987822821533852,0.8075392706059872,-72.69659440351509,17.303405596484907,17.303405596484907
5107,1.340559085464394,0.9832370146435844,1.9872121920569037,2.021091723013756,0.714761139210707,54.64274930313508,-35.35725069686492,35.35725069686492
5108,1.0099380753567209,0.7824602834799277,1.3697750229983885,1.7506000648447313,0.8991628963405189,-42.1354375569595,47.864562443040484,47.8645624430405
5109,1.1970053909181526,1.1210556143683503,1.3816267276206269,1.2324337079379355,0.8823280576679506,80.8079489646152,-9.192051035384793,9.192051035384793
5110,1.139848131163964,0.9266698182618917,1.5721970377233878,1.6966097381614085,0.6543970987876345,-46.764012342022696,43.23598765797732,43.235987657977304
5111,4.236354741893365,4.217988308735928,4.898133411399843,1.161248693187522,0.5955761926043018,-59.41435222126754,30.585647778732465,30.585647778732458
5112,2.579558503195455,1.229254355958471,6.050772063686873,4.922310858088423,0.3755849574988562,64.68727841786296,-25.312721582137044,25.312721582137044
5113,0.9543017810603904,0.8518700137691105,1.1658984120604947,1.3686341733076872,0.9050513001662917,20.411592289867286,-69.58840771013271,69.58840771013271
5114,5.414068366585669,4.548210495160489,11.790627802255663,2.592366341619732,0.1865800277538768,-67.23134336000248,22.768656639997516,22.768656639997516
5115,11.679967680708195,10.242755730970456,15.99298837222814,1.5613950769001574,0.227954318370896,-21.585198561314204,68.4148014386858,68.4148014386858
5116,2.9608997373543837,1.8344970231621944,5.706560285901772,3.1106947647509133,0.4129953520953343,-36.56786503812472,53.43213496187528,53.43213496187528
5117,1.9650276361365868,1.8388251315150048,2.2761679958461327,1.2378382026847774,0.8052609462481783,75.2818269694913,-14.718173030508694,14.718173030508694
5118,3.565565701977327,2.644410246445216,4.950937227815535,1.8722273650508272,0.7279466271161454,60.44582515968426,-29.55417484031574,29.55417484031574
5119,3.2966027785279293,2.6869174319095226,4.273393481821207,1.590444660141349,0.5990526214430659,80.48593668715075,-9.514063312849245,9.514063312849245
5120,3.3186293227312493,2.073492012441277,5.987226402522539,2.887508785468303,0.4959281362573956,78.22286768150664,-11.777132318493358,11.777132318493358
5121,6.82931675151169,5.160825597611762,15.617733890048658,3.0262084224035712,0.1351742725686051,-70.76358657537142,19.23641342462858,19.23641342462858
5122,4.654280224443876,2.6294633574359425,9.084050685297552,3.45471659059575,0.3346588670243486,75.46538260587042,-14.534617394129583,14.534617394129583
5123,2.678852755931177,1.7968194688657042,4.39463919782988,2.4457878345475224,0.5447089847446694,-63.34166373215849,26.65833626784152,26.658336267841513
5124,3.616287534316247,2.509160118860129,5.680538398539914,2.2639202479913845,0.5849151954677972,-74.22085764966471,15.779142350335292,15.779142350335292
5125,1.5700125414998518,1.0699901957614968,2.489040286874653,2.3262271904306924,0.6344998013714747,14.062356971016197,-75.9376430289838,75.9376430289838
5126,3.8536150658081145,3.4897905150517605,6.126764579039634,1.7556253169393354,0.4508057453707786,3.0675236100380494,-86.93247638996195,86.93247638996195
5127,1.2755794143363215,0.9573680342416244,1.8433212091454911,1.9254050095851287,0.7263402629007899,-34.2770972087596,55.7229027912404,55.7229027912404
5128,2.093672282696752,1.1688790399484077,4.0536452985334686,3.4679767195691955,0.4961679082441195,-84.63022967131941,5.369770328680602,5.369770328680588
5129,3.7595130166658177,2.376405322585965,6.790253117506152,2.857363200195626,0.5001257295948139,-82.19870352176545,7.801296478234548,7.801296478234548
5130,2.2582901895629326,1.828121091735704,2.990859606888198,1.6360292654621342,0.7105848421799106,-66.8067409973393,23.19325900266068,23.193259002660696
5131,2.879820736124219,2.0023833289719475,4.2890336738242265,2.1419643340849617,0.731012222920826,73.89660122352898,-16.103398776471025,16.103398776471025
5132,0.9086770491564996,0.8356991882203247,1.382616206985211,1.6544424434940297,0.5011478879098588,-79.32588875117706,10.674111248822953,10.674111248822939
5133,2.481184630757016,1.9691992021207976,3.2437576772698185,1.647247101144638,0.7036318150579425,-88.51541172463314,1.4845882753668604,1.4845882753668604
5134,2.181715595945335,1.7205564148815542,4.242281048023765,2.465644841012557,0.3468022295597752,-69.53359041187369,20.46640958812631,20.46640958812631
5135,2.9341223549550866,2.915853744561381,3.975077340731788,1.3632636232685056,0.4571779360175952,-6.534003703699632,83.46599629630037,83.46599629630037
5136,1.461879030667795,0.8540316659656764,3.1262603243098352,3.6605906418878384,0.3781768311186066,60.404837049035145,-29.595162950964855,29.595162950964855
5137,2.2690184693770243,1.7298311641797208,3.0650102515828483,1.7718551469364143,0.7975725778673192,-84.29502166840568,5.704978331594305,5.704978331594319
5138,1.502835947650602,1.449469986571989,1.593729556409041,1.0995257378031174,0.975438003138372,-77.86848978067346,12.131510219326543,12.131510219326543
5139,6.732619918860394,6.882981794935217,9.421084248545371,1.3687504237593358,0.1884829996302583,77.48535192584684,-12.514648074153158,12.514648074153158
5140,0.9350209696908578,0.760674727858109,1.2884124644661497,1.6937758246471957,0.72997668824379,-60.54112081028483,29.458879189715162,29.45887918971517
5141,2.701421417181099,2.078727547838701,4.065325883626895,1.9556799965698748,0.3681376942698776,67.3445359820137,-22.655464017986304,22.655464017986304
5142,0.9019708538191776,0.9319541936769128,1.1003307426839042,1.1806704129337968,0.7252102274633515,51.20081880523985,-38.79918119476015,38.79918119476015
5143,6.596887883819925,4.489443337749101,14.066879372933084,3.133323736297757,0.2120866542301026,62.94961594315819,-27.050384056841807,27.050384056841807
5144,1.461879030667795,1.2332663662422478,1.8267709367309488,1.4812460525434616,0.8409606711627213,78.85503742632228,-11.144962573677716,11.144962573677716
5145,0.9606427264386592,0.6756922577036395,1.5137153222541242,2.2402436982163025,0.7676500537520662,-55.70500141296601,34.294998587034,34.29499858703399
5146,1.3223193364400538,0.7981159002313921,2.823385169253414,3.5375628632819494,0.4558937972807333,-63.965601676357615,26.034398323642392,26.034398323642385
5147,3.858338599837588,3.335356087080044,7.50113184048522,2.248974815475288,0.2609941520081414,-75.30361085369934,14.696389146300646,14.69638914630066
5148,1.1661760393441107,0.7464831133840404,2.00690856522244,2.6884848822962635,0.5659350182143954,85.70552158028073,-4.294478419719269,4.294478419719269
5149,1.0099380753567209,0.7027184474062061,1.866270460719234,2.6557869195092256,0.5878265940404969,-6.661368702317912,83.33863129768208,83.33863129768208
5150,0.9917395023300404,0.7595571605523918,1.6965763071113198,2.2336387506076254,0.4857783740910154,89.37058553355779,-0.6294144664422134,0.6294144664422134
5151,0.8535534614000618,0.7325956932657012,1.090815253906726,1.4889730637702565,0.9304825316961168,66.78878119500402,-23.21121880499598,23.21121880499598
5152,1.4409640896579887,1.330093879335168,1.651459707894097,1.2416113881522104,0.8527044709827697,34.95531482880999,-55.04468517119001,55.04468517119001
5153,6.630852465339235,5.3260891486508255,16.197468656824903,3.0411561287756426,0.1501036371053621,-78.73799867559613,11.262001324403855,11.262001324403869
5154,2.1508869793231744,1.6402322616490173,2.86437292710244,1.746321538769592,0.8725288458520978,-85.78354515026031,4.216454849739705,4.216454849739691
5155,3.3186293227312493,1.6823552321031003,8.424749846201173,5.007711620850404,0.2919593557585271,-60.00461816046565,29.99538183953436,29.995381839534353
5156,1.0453852243082644,0.7343076139204128,1.5794771983367133,2.1509748345165645,0.7883176051302182,-86.47415193631281,3.5258480636871923,3.5258480636871923
5157,2.5606603842001854,1.6972522012651357,4.117858056674479,2.4261910242950444,0.6182482537999361,-89.33098429401475,0.6690157059852595,0.6690157059852453
5158,0.8392070033186643,0.7770187573760177,1.0815992066040077,1.3919859673099195,0.6977424620909102,-27.374987730980827,62.62501226901918,62.62501226901917
5159,1.3084726790995154,1.2377032345729022,1.4252890597716728,1.1515596145820055,0.9431287877126712,16.20163532489618,-73.79836467510381,73.79836467510381
5160,1.593045740590529,1.5623841399444116,1.6745366486529003,1.071782928308834,0.9799028989476632,-61.692122508555386,28.30787749144463,28.307877491444614
5161,3.909920866501533,2.6419665630288387,6.80455968012678,2.575566161717734,0.4495799833261076,79.56259418997026,-10.437405810029745,10.437405810029745
5162,0.8884066096615684,0.8737525575399782,0.959192022290842,1.0977845089133884,0.9573265569190392,46.970320374360405,-43.029679625639595,43.029679625639595
5163,3.6828301443088254,2.8366521264393056,5.414369024123922,1.908718017855888,0.5426613779234174,-14.413577415799953,75.58642258420005,75.58642258420005
5164,7.863199603633787,7.630881066310893,12.4487370208899,1.631362998939803,0.2290304563534254,-66.42213357863088,23.577866421369123,23.577866421369123
5165,0.9350209696908578,0.6003208797721143,1.5856436908231937,2.641326904080221,0.7049295518614731,-88.6057279517093,1.394272048290702,1.394272048290702
5166,1.039561305877423,0.6882136697378272,1.7192461645640766,2.4981284739941567,0.6077794739457757,-35.87167556731447,54.12832443268553,54.12832443268553
5167,3.118683917632269,2.0286715683287446,5.402210530851078,2.6629300746308155,0.489285542432226,52.78626490561703,-37.21373509438297,37.21373509438297
5168,2.1367269374441915,1.718935600575132,2.850810728720949,1.6584744232227824,0.6216187816830769,-50.45356895482201,39.546431045178,39.54643104517799
5169,0.8606370140730026,0.5188800289435092,1.5311188516479688,2.95081476688451,0.6498114624213028,75.16674202619967,-14.833257973800329,14.833257973800329
5170,0.8535534614000618,0.6687779615033342,1.4796663146406597,2.212492635544604,0.6391588154963633,20.409963624765155,-69.59003637523485,69.59003637523485
5171,2.524845188391802,2.071836676399045,3.146276175011494,1.5185927591936823,0.824386361847557,-50.33836768861008,39.66163231138992,39.66163231138992
5172,1.0511768765181757,0.9457022647688949,1.237227092217816,1.3082627993073088,0.9693908701694846,-52.72635632659008,37.273643673409936,37.27364367340992
5173,1.8405906194279933,0.9513224634876518,4.054852524490812,4.262332363755273,0.403880191717857,-78.39222362959835,11.607776370401666,11.607776370401652
5174,1.1609582232861997,0.9752768841564272,1.571020479527859,1.6108456019510031,0.7146626414053501,-65.88105954652511,24.11894045347489,24.11894045347489
5175,2.813707191225227,2.3149120020832226,3.8965250511932905,1.6832281519499452,0.5413319396877222,-77.97945957665033,12.020540423349672,12.020540423349672
5176,2.5320487556361617,2.5997202390322287,3.133451167891553,1.2053032171869429,0.4957979209604251,-65.81018609076827,24.18981390923173,24.18981390923173
5177,0.8606370140730026,0.3897429192498635,2.2004470821608173,5.645893673696517,0.4331064734638447,-81.65364075152247,8.34635924847754,8.346359248477526
5178,1.0453852243082644,0.7435310161474527,1.5380210158809264,2.0685364597835623,0.8623337709410467,-79.24303770783432,10.756962292165667,10.756962292165682
5179,2.421746429194769,1.6179564913234838,3.7741738282796025,2.3326794314427697,0.6444154071896295,82.96475703305452,-7.035242966945475,7.035242966945475
5180,1.432512614476725,1.121450617029914,2.5323055740586105,2.2580624912091536,0.4848018837855887,-86.64724282915445,3.352757170845564,3.3527571708455497
5181,4.118634999448307,2.9973630592763123,7.994068192928575,2.6670336675393185,0.2060194978456158,-84.5562210750034,5.443778924996593,5.443778924996593
5182,3.7009196175543857,2.8725991472533545,6.222486683048873,2.166152102704105,0.2671862947930871,84.90019380196267,-5.099806198037328,5.099806198037328
5183,1.085277926096956,0.8269773782830993,1.6478188026857712,1.9925802639327737,0.5865940858334251,68.52032621117863,-21.479673788821373,21.479673788821373
5184,2.1761428777867904,1.901981178270588,3.84043177454982,2.0191744368584152,0.3487508832422096,-77.97466410409879,12.025335895901208,12.025335895901208
5185,0.84641062903508,0.7316622746752288,1.2076976599846967,1.650621744193072,0.7200730843653131,76.9887853949796,-13.011214605020399,13.011214605020399
5186,1.968114877060028,1.7416629380516353,2.3852041662609094,1.369498146942939,0.7387772863551687,-74.61356718964664,15.38643281035337,15.386432810353355
5187,1.062665489594652,0.6678837341261266,2.2269086779638485,3.334275958790318,0.4864064861965534,76.59807592381489,-13.40192407618511,13.40192407618511
5188,4.266344480720727,3.2993539969256878,6.022368181688652,1.8253173764622557,0.6295493125593815,-10.401548266023504,79.5984517339765,79.5984517339765
5189,1.3630155737347494,1.1303844366833855,1.7338923296801818,1.533896144896973,0.7389084749948526,42.66793315354671,-47.33206684645329,47.33206684645329
5190,1.6232483481616002,1.2175922321028323,2.5528258054973154,2.0966180123278866,0.5220564107550351,-41.228401044611246,48.771598955388754,48.771598955388754
5191,3.3838487981250718,2.6643180557339923,4.946971375063394,1.856749559016352,0.4223941185628672,-57.14922192135902,32.850778078640985,32.85077807864098
5192,3.1206300544317367,1.842310842639177,5.644060572314484,3.063576700351589,0.4443652162079797,89.8885716095185,-0.11142839048150677,0.11142839048150677
5193,1.2020667470700563,1.261526059476736,1.349396910384602,1.0696544080463255,0.6772163754222825,-48.70503049214414,41.29496950785585,41.29496950785586
5194,4.387021228724609,2.774220641509497,7.299143668613486,2.6310609759726638,0.634403567211262,38.28412165614802,-51.71587834385198,51.71587834385198
5195,1.1451621372724683,0.987073895752158,1.3721408112606268,1.3901095117251023,0.938977286145916,-51.57946522536936,38.42053477463065,38.42053477463064
5196,1.833981655109284,1.143196803937773,3.4853714199529917,3.0487938804128336,0.5485684630805535,79.68802911068266,-10.311970889317337,10.311970889317337
5197,1.4409640896579887,1.2744300329755047,1.667698122562134,1.308583507458968,0.9243610393292622,-69.70944272552144,20.290557274478545,20.29055727447856
5198,0.8746320295080829,0.6343656066101708,1.3609279884103689,2.1453369700836946,0.6637527633831571,57.70626087819609,-32.29373912180391,32.29373912180391
5199,4.567375126375596,4.442741707628035,6.104860528486684,1.3741200659954749,0.3113807210099578,-45.498926907581705,44.501073092418295,44.501073092418295
5200,5.503048333425846,2.755771972309823,12.782236262286917,4.638350484264904,0.3638675890084615,88.3054304689516,-1.6945695310484012,1.6945695310484012
5201,1.6307115983086335,1.6777791504873258,2.137521318573414,1.2740182865859024,0.4597719425990337,-55.426743446267565,34.57325655373245,34.573256553732435
5202,2.247510699902965,1.5845605316885143,3.2634913478445124,2.059556124603787,0.7692346470725319,77.47563580111172,-12.524364198888279,12.524364198888279
5203,1.021890421280174,0.7847775670782806,1.8691705535531693,2.381783873501983,0.4497952453000387,87.75753641398866,-2.2424635860113398,2.2424635860113398
5204,0.8097519128234426,0.6248632184447531,1.1868124110009748,1.8993155237315444,0.7903850898889245,-82.80367051948994,7.196329480510059,7.196329480510059
5205,1.0683634687220958,0.9663953181260884,1.2298327366781514,1.272597987191088,0.9097810241395612,-85.26532457642763,4.734675423572355,4.734675423572369
5206,1.1504515979244476,1.0279341682519494,1.35493833145585,1.3181178068630472,0.958076163111818,-31.00197517522481,58.998024824775186,58.998024824775186
5207,2.119610024049903,2.007143824409194,2.7261044828860217,1.3582008671892036,0.4831406434085435,-36.86568802639935,53.13431197360066,53.13431197360065
5208,1.4824989352200384,1.1804715487009023,2.623291740923647,2.22224054769516,0.4845967574578544,-85.44198793763039,4.558012062369613,4.558012062369613
5209,2.3582391321080944,1.301027156827923,4.400270220799766,3.3821509395147515,0.5442860751666284,82.44900762309504,-7.550992376904958,7.550992376904958
5210,3.309469412015971,3.698141280033808,10.888715320288403,2.9443751592391463,0.1400635520812277,75.4657427202111,-14.534257279788903,14.534257279788903
5211,1.0511768765181757,0.8628294900837528,1.357048548508093,1.572788788635826,0.908465659648375,0.2540510140128547,-89.74594898598714,89.74594898598714
5212,2.1761428777867904,1.3236454226424936,3.820921441814306,2.88666539879412,0.592395519386741,66.72299929706806,-23.277000702931943,23.277000702931943
5213,1.1183396299962336,0.9271451290089658,1.82168668240438,1.964834442210356,0.5320446991588512,-39.447302620914336,50.55269737908566,50.552697379085664
5214,2.368514732549453,1.2466906217706772,4.825035244690967,3.870274758173732,0.5204463425441836,85.85605721388016,-4.143942786119837,4.143942786119837
5215,0.8676627389239214,0.7716806520129572,1.0453930416888115,1.354696452427394,0.9676756505613768,-43.32536263859665,46.67463736140334,46.67463736140335
5216,0.9086770491564996,0.7715660197057729,1.111188369131353,1.440172766492608,0.9813845739143044,-25.521630238465185,64.47836976153482,64.47836976153482
5217,2.8072264750780542,1.7535843137272336,4.555513191865003,2.597829574662587,0.6850801288940155,-72.2906121374406,17.709387862559396,17.709387862559396
5218,2.145234178539265,1.5165090641475054,3.441977480786678,2.269671551697293,0.5405457430014097,-73.7101086625945,16.289891337405493,16.289891337405507
5219,0.9219431092603804,0.9217793816295932,1.0198671418657907,1.106411319444779,0.9690971105654888,40.920375139338034,-49.079624860661966,49.079624860661966
5220,1.2515550525870838,0.8869766752778457,1.861368888689412,2.0985544948026256,0.7427302113249479,-83.3305605333106,6.669439466689397,6.669439466689397
5221,3.8251513724273543,2.369328492588754,6.3815900716473735,2.6934171819606063,0.5318972457191438,88.62662899224333,-1.373371007756674,1.373371007756674
5222,5.077268138225879,5.779561907594837,8.095658302183729,1.400739092619692,0.1491054429936554,-83.73143561989018,6.268564380109808,6.268564380109822
5223,0.928505064734256,0.767859977736586,1.2351352505716542,1.6085422946673835,0.8407612749671379,46.64079388066262,-43.35920611933738,43.35920611933738
5224,0.7554470535053759,0.6334217113452942,1.0078711659515522,1.591153488899177,0.9085096696312922,14.310883243994809,-75.68911675600519,75.68911675600519
5225,8.087766241138794,3.87402493696381,20.435930463132003,5.275115879648482,0.2637644015439447,-61.59641218187784,28.403587818122162,28.403587818122162
5226,1.3718952479298128,1.126577858627518,1.7916979200938583,1.5903897865316117,0.8228531066432586,-16.22034003331988,73.77965996668013,73.77965996668013
5227,3.2966027785279293,2.8468548541475807,4.778244654823876,1.6784293192406543,0.5064040298907839,-55.886445913723605,34.113554086276395,34.113554086276395
5228,2.3889333407400763,1.361764855634663,4.557433409753122,3.3467109911784934,0.456422171012678,-69.8792222794152,20.120777720584783,20.120777720584798
5229,2.247510699902965,2.2723154152462337,3.789493964850124,1.667679556906709,0.3509817720533168,-32.079503836933746,57.92049616306625,57.920496163066254
5230,1.2221025728266244,0.9224249633833956,1.7551085539605518,1.902711465573228,0.8008898635231667,-43.891688047543326,46.10831195245669,46.108311952456674
5231,0.9669420905017878,0.9389395394559736,1.297513420558235,1.381892407374836,0.5732088216791966,79.2601178352772,-10.7398821647228,10.7398821647228
5232,1.2850634067342854,0.8942238760473673,2.5454511149186705,2.846547920605776,0.3614109000043156,-88.97547939415065,1.0245206058493466,1.0245206058493466
5233,2.125330979189304,1.4529844934106322,3.287011126629294,2.2622479052846587,0.6681642224914226,-84.59794220118455,5.402057798815463,5.402057798815449
5234,5.352036580519412,3.234313694805856,10.66789452396563,3.298348747401258,0.3351944089806982,-69.99582529787997,20.004174702120025,20.004174702120025
5235,0.8884066096615684,0.6291978839344978,1.31798942253424,2.0947136921259077,0.8998758883822395,-77.5124314694656,12.487568530534418,12.487568530534404
5236,1.6082179472047609,1.1488663864538002,2.9554834696792325,2.5725214912083096,0.5104537362410188,84.20969124360649,-5.7903087563935145,5.7903087563935145
5237,0.8319410050566239,0.6103628765333718,1.2620273798912462,2.067667331045885,0.8277285949158116,48.902248931443175,-41.097751068556825,41.097751068556825
5238,0.9543017810603904,0.8115527083142733,1.1791810847451818,1.4529938384341448,0.9746800393666852,67.0870184040624,-22.912981595937595,22.912981595937595
5239,0.84641062903508,0.6570106140215529,1.2260859711596843,1.8661585444637327,0.8168104217623405,7.802075252301716,-82.19792474769828,82.19792474769828
5240,5.200142097480439,4.030567798185122,10.64786673493054,2.6417783468932208,0.2182676421864831,-79.57591219773609,10.424087802263898,10.424087802263912
5241,1.6784140066373283,0.9918450910867402,3.1868097775966358,3.2130115944869235,0.539340736461418,-67.96620461525343,22.033795384746554,22.03379538474657
5242,3.8520392673100847,2.4393545328721737,10.447084011262492,4.2827247415166685,0.1822086734137704,-71.544331001344,18.455668998655995,18.455668998655995
5243,5.9166710425744204,3.389950093154656,15.842989468639669,4.673517023342467,0.1995537883803669,84.55282251932604,-5.4471774806739575,5.4471774806739575
5244,1.398195952804615,1.114900102289944,1.8354872666073176,1.646324422105018,0.9197929037019412,40.0177537287008,-49.9822462712992,49.9822462712992
5245,4.867250936743999,4.146948704028085,9.52817617084999,2.297635406388056,0.23268018423727,-80.36103080780725,9.638969192192747,9.638969192192747
5246,0.9543017810603904,0.934482206377692,1.2884258125867667,1.378759064424626,0.5219835080722395,57.92913855175724,-32.07086144824276,32.07086144824276
5247,1.3450803768346336,0.8932909681854827,2.1902304849244105,2.4518668193560327,0.672340116247915,86.84148512969519,-3.1585148703048134,3.1585148703048134
5248,1.7768132193231367,1.4445936215086437,2.260305068463252,1.5646649928460368,0.7371584730506627,87.34876491153709,-2.6512350884629114,2.6512350884629114
5249,1.8667925156594296,1.3770695385095475,2.703650555354033,1.963336258443632,0.6812310621890796,80.33236982359621,-9.66763017640379,9.66763017640379
5250,1.9619355372325755,1.4033105032775983,2.8024605170835977,1.9970352324294005,0.836750771816399,78.618839029215,-11.381160970785004,11.381160970785004
5251,1.2944779165271465,0.8768541612291196,2.0389601278547955,2.3253127122037123,0.7259051324570824,35.120822307910984,-54.879177692089016,54.879177692089016
5252,1.3894843667311525,1.0185573700755308,2.192760223775269,2.1528097367874977,0.6492272039605844,15.32965877490549,-74.67034122509452,74.67034122509452
5253,1.0278144733504384,0.8219461493438964,1.3700662761258786,1.6668564932380414,0.8925197705638102,59.28060117798496,-30.719398822015037,30.719398822015037
5254,2.1138735858617226,1.568293772134076,2.9153066242928216,1.8589033994095256,0.7794000677925789,82.45220566307908,-7.547794336920916,7.547794336920916
5255,1.0453852243082644,0.8965277278098966,1.267189949588249,1.4134420055069945,0.9943120488012231,-65.79464075956373,24.20535924043628,24.205359240436266
5256,1.81401029769144,1.522333186075226,2.4429437140140995,1.6047365559390634,0.6907672277493883,-72.16732281337501,17.832677186625006,17.83267718662499
5257,1.2850634067342854,1.0278544859112904,1.6638652727219725,1.618775123841385,0.8360305031797498,30.36057386728946,-59.63942613271054,59.63942613271054
5258,1.0740312192037882,0.9390266037555564,1.2898916823036035,1.37364764442753,0.9582037792621202,-31.21390140134701,58.786098598652984,58.78609859865299
5259,1.4451712930335778,1.39652991741895,1.5512410397093013,1.110782533449972,0.9096953624016828,8.397196114516085,-81.60280388548392,81.60280388548392
5260,0.9479184199131095,1.408043167491322,2.591713123466086,1.8406489114134772,0.2018587096271912,4.611495989256168,-85.38850401074383,85.38850401074383
5261,1.0159318257539256,0.9597020326861228,1.2424562891464046,1.2946271309532158,0.7517289823003274,-68.84027902128908,21.159720978710936,21.159720978710922
5262,2.802897673003818,2.4061615806241523,4.0316605234363045,1.675556852000979,0.5010459567143873,73.67095529978373,-16.329044700216272,16.329044700216272
5263,1.2121260584033826,0.9486427707124664,1.7358123575027724,1.829785047746806,0.6745157699000361,68.12947430783565,-21.87052569216435,21.87052569216435
5264,2.239392031468568,2.0329403889912205,2.794589477461654,1.3746539212831403,0.7029114486295595,-86.58728476971818,3.412715230281833,3.412715230281819
5265,1.0039085404212729,0.74621424945276,1.532545207572007,2.053760309047846,0.6241477793640835,25.52597165026146,-64.47402834973855,64.47402834973855
5266,1.2319983017676563,0.6922868770015729,2.3947734185691933,3.4592211670130397,0.5259632960165497,-79.75279199813508,10.24720800186492,10.24720800186492
5267,4.4242292369904375,2.9182728400658005,10.488045104482724,3.593922048853473,0.1993267207878239,47.13610157934404,-42.86389842065596,42.86389842065596
5268,3.1899003187409227,1.9374338225844243,6.432461039418502,3.3200932927030107,0.4714281915622105,-74.2860024520389,15.7139975479611,15.7139975479611
5269,1.1019327803667114,0.7522048399808354,1.7572942095536424,2.336191042852655,0.5999360685597057,38.25274678485912,-51.74725321514088,51.74725321514088
5270,5.5459084686348,2.5316709295516278,13.335755693357177,5.267570732709331,0.2512429602918517,65.89671086705032,-24.103289132949683,24.103289132949683
5271,1.186817925731738,1.0481232157247715,1.4003345376661684,1.3360399966886,0.8818984064152314,11.433491930869987,-78.56650806913001,78.56650806913001
5272,1.096409273000846,1.1006802088991523,1.2999103726370649,1.1810064014298691,0.6117158792892124,42.242877085791925,-47.757122914208075,47.757122914208075
5273,1.4068535956126136,0.8598561160836978,3.1954316847810924,3.716239990633562,0.4076742570112332,82.82856435578938,-7.171435644210618,7.171435644210618
5274,1.2369164782162358,1.1507089234926493,1.612952073909269,1.4017029337129083,0.7228865487368541,-42.19703282976207,47.802967170237935,47.80296717023793
5275,1.062665489594652,0.8793334207424097,1.435013499034938,1.631933309009653,0.6853934349355421,59.45584470323148,-30.544155296768523,30.544155296768523
5276,0.9917395023300404,0.7410626582025686,1.4844783179718497,2.003175172221496,0.6915514206484008,-72.42646332061008,17.573536679389917,17.573536679389917
5277,2.5224394277803315,2.053243805909557,4.093653257215386,1.993749230088122,0.4461433109163036,43.93152796962572,-46.06847203037428,46.06847203037428
5278,1.380717816333713,1.1065307230448522,1.7936759189497835,1.6209906165226995,0.88505024175212,-87.62412081734831,2.375879182651687,2.375879182651687
5279,1.3223193364400538,1.0960036563638336,1.6910253835478832,1.5429012245799698,0.8109068427024917,52.99775485540145,-37.00224514459855,37.00224514459855
5280,2.5606603842001854,1.731254170565593,4.162474622826201,2.404311679703471,0.5512306448721943,-84.13369133525487,5.866308664745134,5.866308664745134
5281,1.6565682076297277,1.376281172624123,2.083018024689349,1.5135119669752564,0.7936966117889092,24.13798358425989,-65.86201641574011,65.86201641574011
5282,2.8458894103284416,1.6505161895625953,5.648143789250999,3.422046887493917,0.5006732762753837,74.68626331011336,-15.313736689886639,15.313736689886639
5283,2.125330979189304,1.482568432965212,3.098228950275164,2.089771292431034,0.7888751463773078,-52.07104166310741,37.928958336892606,37.92895833689259
5284,4.039752301426884,2.0237925337607465,8.636341243118476,4.267404439460921,0.4229783931110228,-81.96310106109107,8.036898938908934,8.036898938908934
5285,3.616287534316247,1.9684229626230232,7.1899599200454745,3.652649891090728,0.4491704606430597,70.98059465045954,-19.019405349540463,19.019405349540463
5286,1.4783979621211876,1.0969101742311322,2.120678800243816,1.9333203848986849,0.8089392387259366,88.04020330507556,-1.9597966949244352,1.9597966949244352
5287,2.373635851463476,1.3005725440571794,6.375866629374789,4.902353704534667,0.245970957609684,-84.92009405211226,5.079905947887738,5.079905947887738
5288,1.4577200491801383,1.074668917822707,2.130040319580192,1.982043291896524,0.6794790097256996,74.61872657736089,-15.381273422639111,15.381273422639111
5289,2.327140112221938,1.447413669006982,4.672802788937685,3.2283810005356144,0.4769910135913958,87.69037433332383,-2.309625666676169,2.309625666676169
5290,1.1345092346885122,1.022598506744847,1.4457250840294489,1.4137758607055912,0.6904492124546925,-66.94419393700129,23.055806062998727,23.055806062998712
5291,1.5108941070107518,1.449266921382134,1.635832465833151,1.1287309754321126,0.9724114791572176,56.60620796940521,-33.39379203059479,33.39379203059479
5292,0.9917395023300404,0.7894096030734616,1.3815051670773408,1.750048595429589,0.7614387846523313,-74.59172539957807,15.408274600421919,15.408274600421933
5293,6.200269372250118,3.698792136793949,10.888771464088318,2.9438722321732094,0.4855317631874898,-86.97644424731422,3.0235557526857804,3.0235557526857804
5294,0.9543017810603904,0.8429485721606493,1.18156103004168,1.4017000195078306,0.8734274184672306,-76.68401437280879,13.315985627191196,13.31598562719121
5295,1.0278144733504384,0.8815129028182285,1.323092541111836,1.5009338341865008,0.8237791091607615,-13.271913294245188,76.7280867057548,76.7280867057548
5296,1.0099380753567209,0.8709009872314056,1.4150875165887522,1.6248546474695311,0.5954743594448835,-74.37190452415464,15.628095475845356,15.628095475845356
5297,2.0585803178499065,1.164865868098656,4.654668453877692,3.995883630340412,0.3761183421009383,-82.2959345411037,7.704065458896309,7.704065458896295
5298,0.8392070033186643,0.561911192970385,1.4904057189510491,2.6523866005808494,0.5768738072993855,73.35393298540092,-16.646067014599083,16.646067014599083
5299,3.8865592500870334,2.179435305162917,7.535728228959522,3.45765171882274,0.3537720351341775,-78.95363124290708,11.046368757092921,11.046368757092921
5300,4.062233010888323,2.239137430060642,7.716294019819417,3.4461011263656283,0.4631464041037751,76.39494492698368,-13.605055073016317,13.605055073016317
5301,1.0569367929308613,0.6905842894258181,1.8128594126401925,2.625109549114537,0.6493760906065609,-81.77383891094145,8.226161089058564,8.22616108905855
5302,2.0138556420885823,0.9618071325595872,4.631995867986007,4.815930045828642,0.4348105303400206,-81.25343932798144,8.746560672018575,8.74656067201856
5303,1.021890421280174,0.9733891583758462,1.2938722006017522,1.329244515893982,0.6200646397644786,4.607466321076335,-85.39253367892367,85.39253367892367
5304,1.4906670352488116,1.2604876981262765,1.8896217643878503,1.4991195607833274,0.6432210757134941,67.27691694452602,-22.723083055473978,22.723083055473978
5305,6.70279542732197,7.130640639732302,8.232860946528593,1.1545752145543082,0.1947103867320763,22.895795624991194,-67.1042043750088,67.1042043750088
5306,1.021890421280174,0.8873419752533316,1.2591612105592709,1.4190258611397109,0.9671359528077108,31.48630650152805,-58.51369349847195,58.51369349847195
5307,3.5757676275540997,2.474355771629432,5.891925517330088,2.381195778265181,0.5109460044111874,88.13507430928422,-1.8649256907157792,1.8649256907157792
5308,1.731823303788056,1.2399340337388798,2.4987293862908007,2.0152115502113985,0.7921360483717448,-67.20747603254983,22.792523967450165,22.792523967450165
5309,3.3784619300798826,2.4591530896573257,5.63554034684999,2.291659014866489,0.3563487545110207,-68.96458309773948,21.035416902260522,21.035416902260522
5310,1.0740312192037882,0.7431075258034084,1.6981613828429591,2.2852162357082806,0.8082953843459787,87.60403256090291,-2.3959674390970918,2.3959674390970918
5311,1.9987250322517305,1.2899046507937173,3.3166559502494626,2.5712411752361883,0.6611247631390834,-84.69087970283022,5.309120297169784,5.309120297169784
5312,1.7106596985948357,0.984477891446712,3.386698035836483,3.4400955727504,0.4522410295699507,32.307521686783474,-57.692478313216526,57.692478313216526
5313,2.6377426020215955,2.271331856711478,3.304563870670603,1.454901387882208,0.6390708924042368,-75.22827338084613,14.771726619153867,14.771726619153867
5314,2.8544100563719703,2.380295226154692,5.350767876229977,2.247942951544717,0.2907149638309931,45.334639231256105,-44.665360768743895,44.665360768743895
5315,1.6999790965841823,0.9524509996857567,3.4723631936435178,3.6457132123218496,0.4479680396430462,-84.13383506218051,5.866164937819491,5.866164937819491
5316,1.2803301921000927,1.1541741535252623,1.467873079124527,1.2717951399631635,0.9729843495295996,-89.78129580713565,0.21870419286435094,0.21870419286435094
5317,2.0820406800143845,1.3953935999995073,3.48081294019335,2.49450258349657,0.4893080628956122,-56.20878636307648,33.791213636923516,33.79121363692352
5318,2.250210413428661,1.8054450038402448,5.358814969472167,2.96814079524648,0.1827738289128269,87.57251975450697,-2.4274802454930295,2.4274802454930295
5319,1.0278144733504384,0.8675517753728903,1.2939691435048548,1.4915180629406033,0.9009950844984254,49.043606955947325,-40.956393044052675,40.956393044052675
5320,1.8372891089324668,1.1207688921362908,3.8030995851502674,3.3932950957455663,0.3182833602895967,-86.56256770641298,3.4374322935870225,3.4374322935870225
