,Particle_Diameters,Minor_Axis_Size,Major_Axis_Size,Aspect_ratio,Circularity,Orientation,Normal_Angle_X,Normal_Angle_X_Abs_Ori
0,3.979182870377424,3.826622845602525,6.167068486371157,1.6116217184712165,0.2706461702886387,-33.85392136554898,56.146078634451015,56.14607863445102
1,1.0099380753567209,0.8099222109659256,1.411672264296328,1.742972652414046,0.7046564767651919,-10.323583400106903,79.6764165998931,79.6764165998931
2,1.0337045758596148,0.8750638550352972,1.2886615041689082,1.4726485350225418,0.9074915745264248,-57.03587441079114,32.96412558920886,32.96412558920886
3,1.062665489594652,0.9239285788031592,1.292831388165646,1.3992763270082595,0.950484690608422,15.74326034984704,-74.25673965015297,74.25673965015297
4,1.1970053909181526,0.9128398780138473,1.7469131600691448,1.913712582178235,0.6619403608847609,9.85473707656915,-80.14526292343085,80.14526292343085
5,0.9978425722559162,0.9057557929687784,1.1771484505044367,1.2996311584672509,0.8017171396056522,54.91835275807506,-35.08164724192494,35.08164724192494
6,1.1019327803667114,0.94610984879525,1.4925444921052342,1.5775594070876642,0.7279284822426194,-5.831369963297088,84.16863003670291,84.16863003670291
7,2.886138449171217,3.0812260857489235,4.091450445190062,1.327864405703158,0.3225399166820697,39.37370456277622,-50.62629543722378,50.62629543722378
8,0.9669420905017878,0.8983307126920584,1.3505871794008646,1.5034409492173697,0.5477753378138791,-7.166859318432184,82.83314068156781,82.83314068156781
9,1.039561305877423,0.8999039939094723,1.446822378843168,1.607751925355622,0.7247539261634726,51.5125201653892,-38.4874798346108,38.4874798346108
10,1.0337045758596148,0.8180785475839303,1.389569148778135,1.698576686654374,0.8888579569760766,72.99091834522818,-17.00908165477182,17.00908165477182
11,0.8392070033186643,0.7742230099641202,0.9968045399639576,1.287490202609907,0.9110793440428588,11.015785390701438,-78.98421460929856,78.98421460929856
12,1.5815710720799827,1.272175621861618,2.039309439209754,1.6030093677047224,0.8075759511319224,62.32887592952982,-27.671124070470178,27.671124070470178
13,1.6119886861377042,1.330995921735712,3.0622046394479403,2.300686718449604,0.3892075169214455,82.06413185736565,-7.935868142634348,7.935868142634348
14,1.1557168501373432,1.0943179000470216,1.2978085874012488,1.1859520778609978,0.8215069408647916,68.84867776483291,-21.151322235167086,21.151322235167086
15,2.386390569034138,2.183357419885688,2.6585610283311225,1.2176481065891238,0.8181122553887903,2.895309796936282,-87.10469020306371,87.10469020306371
16,3.324113153499001,2.537480831042393,4.474900282308867,1.7635208225279817,0.7987508470758359,87.40725586031266,-2.5927441396873405,2.5927441396873405
17,1.9432796250435167,1.7734624925953444,5.39083544217005,3.039723402484211,0.2213221436496914,-36.200639305264914,53.799360694735086,53.799360694735086
18,1.062665489594652,0.8884384411745926,1.905177454520851,2.1444113246631265,0.4331170808649338,-28.68295676563998,61.31704323436003,61.31704323436002
19,1.0740312192037882,0.9345612876082144,1.364732453513582,1.460292087430978,0.7513033056489582,-34.93874479616993,55.06125520383007,55.06125520383007
20,1.3718952479298128,1.238561192181502,1.6647228139781034,1.344077970863914,0.6631918006624085,19.221272644954325,-70.77872735504567,70.77872735504567
21,1.2563966762852905,1.300337180759436,1.6119867385370386,1.2396682663458027,0.4551652263653785,-59.17506453306132,30.824935466938683,30.824935466938683
22,0.8815462242933692,0.8534713416122393,0.9704680091212052,1.137083299467273,0.9356666646845956,-26.84511938876168,63.154880611238326,63.15488061123832
23,1.1074287385521373,0.9719156361520196,1.3484652875223797,1.3874303873340126,0.7977530833843433,-40.366721855539154,49.63327814446086,49.633278144460846
24,1.1970053909181526,0.9726230333536358,1.5733068292153412,1.6175915799469895,0.7791498499982797,71.22771975112943,-18.772280248870572,18.772280248870572
25,0.7634414248483123,0.5729847557102907,1.1299155272668486,1.97198183024288,0.8468744753090854,-29.566496587155868,60.43350341284413,60.43350341284413
26,0.8676627389239214,0.7399915014656888,1.3381472568613682,1.8083278716186904,0.5036019572228325,-44.60478081160448,45.395219188395515,45.39521918839552
27,1.2020667470700563,0.927372388379336,1.8825823687739427,2.0300177063325333,0.47577778275243,22.271321394567977,-67.72867860543202,67.72867860543202
28,6.039556755880287,5.600452470520936,7.491649431250025,1.3376864584930896,0.4703384800872272,57.92771610779732,-32.07228389220268,32.07228389220268
29,1.4451712930335778,1.7789201213281542,2.9936351491681816,1.6828384328651658,0.2216705927730429,-0.3360883626732142,89.66391163732679,89.66391163732679
30,1.0039085404212729,0.9266315833744576,1.2784603154718,1.3796856684035192,0.7451087656575089,-26.681192844937804,63.31880715506219,63.318807155062196
31,1.062665489594652,1.1010611351961752,1.2081727541189693,1.097280355739475,0.7977836059031027,-19.968191573484912,70.03180842651508,70.03180842651508
32,1.3540776702961077,1.0886221305747412,1.832066854741464,1.6829226627739224,0.6979025461143701,47.55043561798183,-42.44956438201817,42.44956438201817
33,0.9978425722559162,0.9684121550113344,1.1613242461319058,1.199204533030994,0.7387355791881783,75.97790451030801,-14.022095489691992,14.022095489691992
34,0.9669420905017878,0.8648449027494111,1.1557804192760277,1.3364019555433688,0.8612286765843722,78.90925611185511,-11.090743888144885,11.090743888144885
35,1.1661760393441107,1.1478616590813655,1.3273618991444656,1.1563779386156638,0.7202856228821104,58.61084574859779,-31.38915425140221,31.38915425140221
36,0.9414917802541344,0.6708267138905364,1.6133858740006783,2.405070997610787,0.5181106811112216,16.822631799969766,-73.17736820003023,73.17736820003023
37,1.2944779165271465,1.1783195224732737,1.5747708712526405,1.336454875963713,0.7459755755990537,56.92186183443975,-33.07813816556025,33.07813816556025
38,1.1970053909181526,1.1927247033719703,1.2577306685224423,1.054502069896509,0.9777115782806068,-0.7489998987514903,89.25100010124851,89.25100010124851
39,1.526882849696625,1.2193588794538186,2.3264951196898376,1.90796586541604,0.5679660274220844,66.7998585819366,-23.200141418063396,23.200141418063396
40,1.946401361393312,1.7531992905056724,2.7717756099065025,1.5809814804950348,0.4284445522373807,-4.799028631341174,85.20097136865883,85.20097136865883
41,2.6123012633979483,2.1987148678359683,3.380629583610172,1.5375479708915027,0.5679202981589515,13.742877905529769,-76.25712209447023,76.25712209447023
42,0.9543017810603904,0.9483594664880044,1.0461433281922696,1.103108436367891,0.8493167940855149,21.547488848061743,-68.45251115193825,68.45251115193825
43,2.690160753669267,1.787143718153011,4.498063614951155,2.5169008900973244,0.4846130235704298,35.17527111389147,-54.82472888610853,54.82472888610853
44,1.0278144733504384,0.8729926659881369,1.446871959509107,1.6573701199097688,0.6542271904177741,-33.12455391918079,56.875446080819216,56.87544608081921
45,1.6820273886595418,1.2964788390659667,2.5593904916966297,1.9741089592642431,0.5953134872682517,-64.86834884505718,25.1316511549428,25.131651154942816
46,1.0337045758596148,0.9123619208402834,1.2589662097797245,1.379897802639789,0.8197812419326695,69.69626122836398,-20.30373877163602,20.30373877163602
47,0.9153341128725788,0.8880617885065994,1.1872154090573124,1.3368612684639678,0.599649763915544,45.95851780915319,-44.04148219084681,44.04148219084681
48,1.4111624987975715,1.3065260373889105,1.6046708333598836,1.2281965972655355,0.8623875398809445,35.129632013246834,-54.870367986753166,54.870367986753166
49,0.8535534614000618,0.756459991895928,1.1205363306236964,1.4812896156150677,0.7996249497358392,21.90189444755986,-68.09810555244013,68.09810555244013
50,1.9117819216282488,1.7235738530445688,2.2748119847783936,1.319822751290931,0.6241552071923293,82.99018189731991,-7.009818102680086,7.009818102680086
51,3.313136415259456,2.322368253655788,5.314567906870208,2.288426005868883,0.5480906390790796,-20.64869974851686,69.35130025148314,69.35130025148314
52,1.1183396299962336,1.047097074281233,1.2526183562876074,1.196277200132043,0.9621345190975704,-6.777502541545679,83.22249745845433,83.22249745845433
53,0.8952144227026446,0.7282384120004212,1.1988172749066293,1.6461879175166827,0.8795874447094233,82.67885516806925,-7.321144831930752,7.321144831930752
54,1.3038244488524504,1.2197220463505152,1.8676509142012712,1.5312102620342067,0.5502755359766646,85.30892448516893,-4.69107551483107,4.69107551483107
55,6.337790119508314,6.029778724948347,8.115044282576351,1.3458278740810454,0.4515660775442925,47.217066670459694,-42.782933329540306,42.782933329540306
56,0.9350209696908578,0.8707460745900392,1.944402821390196,2.2330308205014315,0.3579772923679111,-30.95581366432413,59.044186335675874,59.044186335675874
57,0.8535534614000618,0.7514549896184818,1.0064105822248293,1.3392825866201117,1.0901409261144777,-70.54992819002065,19.450071809979363,19.45007180997935
58,2.6123012633979483,2.1455410650011717,3.600586408653529,1.6781717522855073,0.5993141306620868,14.556126592540595,-75.4438734074594,75.4438734074594
59,1.522901401330112,1.3962933789691896,1.793265411312294,1.2843041715460746,0.7529419312913926,-59.67056668493176,30.32943331506823,30.329433315068243
60,3.8251513724273543,2.7789041086638218,5.982518991970761,2.152833907913192,0.4549078778116072,39.35747349351183,-50.64252650648817,50.64252650648817
61,2.705912561457533,2.115464120128704,3.600625167626316,1.7020497456639705,0.6721121311056021,19.87377758295709,-70.12622241704291,70.12622241704291
62,1.0159318257539256,1.0507941250295016,1.7948232264813215,1.708063628953893,0.3999298127125673,1.754548275203978,-88.24545172479603,88.24545172479603
63,1.380717816333713,1.2318841076590532,1.6317890924133074,1.324628739236025,0.8203008667538951,-19.68039794328789,70.31960205671211,70.31960205671211
64,1.0453852243082644,0.9030940382566748,1.5728682944739008,1.7416439793027008,0.6466105378949252,-71.98291582138194,18.017084178618063,18.017084178618063
65,5.933066421542081,5.109401925380449,10.669236450097207,2.088157597682584,0.2104719221248641,-22.52627296766934,67.47372703233066,67.47372703233066
66,3.60451628116448,2.860593193948528,4.682384482541535,1.6368578700553906,0.7102641595385675,60.1882944220455,-29.8117055779545,29.8117055779545
67,0.9479184199131095,0.8926166143892605,1.079233145671452,1.2090668359448775,0.90828692224323,84.65858954746108,-5.341410452538923,5.341410452538923
68,7.100415691604785,5.527625283398923,12.09562823630898,2.1882142178913053,0.2638922941737578,51.49028444823579,-38.50971555176421,38.50971555176421
69,0.8676627389239214,0.7841535051515112,0.9924118073557124,1.2655835889733889,1.0640106353818166,-3.017695058277293,86.9823049417227,86.9823049417227
70,4.62549328397643,4.142840982291166,7.804563079910418,1.883867402410933,0.277756860440255,47.5099113798836,-42.4900886201164,42.4900886201164
71,1.952629861669301,1.669270787106256,2.393183617057499,1.4336701004671466,0.7528325212486869,63.87527425059831,-26.12472574940169,26.12472574940169
72,0.9917395023300404,0.790217320488897,1.4605787397934853,1.8483253934371424,0.6231437236743538,-14.905850209188946,75.09414979081106,75.09414979081106
73,1.626984252638553,1.3559819443706826,2.085374965811796,1.5379076207239826,0.7162608514350622,23.182859928081434,-66.81714007191857,66.81714007191857
74,4.005036805176833,3.288206298887033,6.39579267034186,1.945070378493788,0.3015353245120195,-3.252886206332119,86.74711379366788,86.74711379366788
75,3.2239773722754084,2.6230419648847243,4.353787141328417,1.659823670232342,0.476218345354049,-84.36533144640279,5.6346685535972085,5.6346685535972085
76,2.1872741160266225,1.9884266572075344,3.5948182609697086,1.8078706840603944,0.3403043006354028,-5.595298167971508,84.4047018320285,84.4047018320285
77,0.84641062903508,0.7480087959925348,1.0014624432245154,1.3388377898627146,1.0474549395767003,-28.679692015611916,61.32030798438808,61.32030798438808
78,1.0278144733504384,0.929858058638358,1.1852761486527892,1.274685031378288,1.0360086331499423,6.939302122489032,-83.06069787751096,83.06069787751096
79,1.847175937850875,1.675658031554936,2.116350260348113,1.2629965186776413,0.765028974120116,18.672307130427143,-71.32769286957286,71.32769286957286
80,1.9956851445118324,2.4132916498307733,3.5083302805212475,1.4537531262610806,0.2343503791986233,-27.044422514242942,62.95557748575706,62.95557748575706
81,1.039561305877423,0.9608478659351858,1.229139362475958,1.279223700288543,0.7704192434339785,22.381780140243507,-67.6182198597565,67.6182198597565
82,2.164954408398548,1.6422713944693583,4.05121475313098,2.46683633824115,0.4021415312502592,10.246976471387498,-79.7530235286125,79.7530235286125
83,6.943051011056626,6.027597019338403,8.475825542641614,1.4061699074189156,0.639563070346864,-89.46759896245857,0.5324010375414332,0.5324010375414332
84,1.952629861669301,1.695924120749681,2.6990934552011985,1.591517817441071,0.4867404956617204,-17.92577248880057,72.07422751119944,72.07422751119944
85,0.9414917802541344,0.8094969694144628,1.1790353912778333,1.4565037743509657,0.8845310611997588,-53.237355177157376,36.76264482284262,36.762644822842624
86,1.1609582232861997,1.1521837178305012,1.3059191470602245,1.133429614436141,0.7582999059398751,36.44642671317618,-53.55357328682382,53.55357328682382
87,4.992862170211689,3.687702887902652,7.688961228626104,2.085027308964994,0.3940332931841018,-47.43924627395299,42.56075372604701,42.56075372604701
88,1.3084726790995154,1.094222066645364,1.6560813596151525,1.5134783058180512,0.8041263659058747,-76.70271159214005,13.297288407859952,13.297288407859952
89,6.109519204013676,3.890619233606333,12.36175257502232,3.1773226401196384,0.2491579790106085,51.27409590570957,-38.72590409429043,38.72590409429043
90,1.2515550525870838,1.0514162524911654,2.7052245933342345,2.5729339706558942,0.2964868533713636,89.62368552168152,-0.3763144783184771,0.3763144783184771
91,1.902230911401452,1.6405826800955827,2.4193089533067216,1.474664448588333,0.5888106221887697,-48.24153825282679,41.758461747173214,41.75846174717321
92,1.191922542518033,1.101747731963168,1.3793718876422425,1.2519852300348149,0.9112453161519608,-9.449692455203818,80.55030754479618,80.55030754479618
93,2.093672282696752,1.9775045154860624,2.593902892495074,1.311705167893133,0.5806320056919297,-84.59742817415128,5.4025718258487245,5.4025718258487245
94,1.021890421280174,0.8388930857032004,1.3290974732874792,1.5843466777096702,0.8408252927571475,-53.45711758503208,36.54288241496792,36.54288241496792
95,7.761393743386644,6.063123975720896,16.77713097539852,2.7670770122103177,0.1800539957073062,60.79971450025696,-29.20028549974304,29.20028549974304
96,4.68677803728329,4.028548015661206,6.072623099082937,1.5073974731032804,0.6648416811681693,35.14674797114047,-54.85325202885953,54.85325202885953
97,1.4660262135550917,1.3110180357552232,1.7760323853810212,1.354697141414933,0.7685409532912851,-27.855729234525583,62.14427076547442,62.14427076547442
98,1.4451712930335778,1.3206531517798354,1.650243580542327,1.249566230405239,0.7931962739777667,84.08158224688461,-5.918417753115392,5.918417753115392
99,3.0617078862766465,2.4111928335594004,6.110612042063777,2.534269328033502,0.2027453463961995,-41.618601696789845,48.38139830321015,48.381398303210155
100,0.9543017810603904,0.6687793096788478,2.0207493998156245,3.0215489184107707,0.4358220362152552,57.72698635643507,-32.27301364356493,32.27301364356493
101,2.5344453948434364,1.7295903526599077,4.795410319833464,2.772569997548081,0.4832432319208774,-41.6306007545239,48.3693992454761,48.3693992454761
102,3.049786849886695,2.8660752782843324,3.363256245060996,1.1734710077378994,0.8370147717671016,-41.31455046444847,48.68544953555153,48.68544953555153
103,4.289053061523916,2.868483922457234,6.832906026867026,2.382061817872677,0.6027879334297604,-35.68838829630264,54.311611703697366,54.31161170369736
104,1.9987250322517305,1.6083081317212695,2.612264282041481,1.624231221939879,0.7205868873419394,-14.048809705606248,75.95119029439375,75.95119029439375
105,1.1345092346885122,1.064631946346711,1.236425710790818,1.1613644649999637,1.1051120938120609,60.2055775359905,-29.7944224640095,29.7944224640095
106,1.3223193364400538,1.3149360495229483,1.661788917355833,1.2637792674090278,0.5586230809697005,14.558000879903474,-75.44199912009653,75.44199912009653
107,0.9479184199131095,0.6401086760290507,1.681916523519276,2.627548393740165,0.5526501238544962,55.60755166069138,-34.39244833930862,34.39244833930862
108,2.719341490398084,2.2130873990603166,3.4284479407309747,1.5491696993922173,0.774060322635864,-68.18202967439477,21.817970325605245,21.81797032560523
109,1.0278144733504384,0.8795666751296076,1.27919896907229,1.4543513359959834,0.8408641712984823,64.10658709593959,-25.893412904060412,25.893412904060412
110,5.460963627061732,4.038518301431108,10.528143794239872,2.606932297548106,0.2167544051632899,-48.1508426048174,41.8491573951826,41.8491573951826
111,0.9917395023300404,0.8500416848100458,1.260188082769538,1.4825015117360336,0.8827470067574709,12.731672530935812,-77.26832746906419,77.26832746906419
112,5.8827112622269055,5.725427288746951,6.142451924165317,1.072837294823045,0.7255841772824321,16.950424394857805,-73.0495756051422,73.0495756051422
113,2.507956402267385,1.9870598886012611,3.2860861119506453,1.6537428644205583,0.6981152404323395,40.01476539761844,-49.98523460238156,49.98523460238156
114,1.0278144733504384,1.008979913498838,1.169631483036935,1.1592217718001996,0.7964393183878139,-52.34389748996997,37.656102510030024,37.65610251003003
115,0.9543017810603904,0.780127512639551,1.2990601239033874,1.665189475894825,0.6650180782892895,30.138994421706336,-59.861005578293664,59.861005578293664
116,1.3223193364400538,1.029466465988209,2.673900746562884,2.597365562554915,0.4313181578755107,1.7881671874986735,-88.21183281250133,88.21183281250133
117,10.735789002874537,12.281128460654276,16.514214521726828,1.3446821743322956,0.1084820358446946,56.91866944998449,-33.08133055001551,33.08133055001551
118,5.774380114625871,6.786258937275594,7.143106926745444,1.0525839041463263,0.3082773354158485,-8.151316701914062,81.84868329808594,81.84868329808594
119,2.886138449171217,2.7195404553589118,4.975360567897288,1.8294857714262849,0.2413167085702605,-21.639607364639232,68.36039263536077,68.36039263536077
120,1.0683634687220958,0.9714473069977528,1.2262404570606804,1.2622820077090573,0.9384150769994204,-55.32103913483989,34.67896086516009,34.67896086516011
121,1.096409273000846,0.9108886328660204,1.6953835286343724,1.8612412840195591,0.5440793503237914,-61.37044417795216,28.62955582204785,28.62955582204784
122,2.0288734164048656,2.042939078252793,2.2045345459041283,1.0790995039311395,0.6585758838130208,-3.1846857888024327,86.81531421119757,86.81531421119757
123,4.2090370498722764,3.853890608984381,4.875689033214614,1.265134257274497,0.7271688537068667,78.12706118758378,-11.872938812416223,11.872938812416223
124,1.270810876469873,1.474619986390335,4.39351352171861,2.979420842161051,0.1856769215950973,10.92485969296056,-79.07514030703945,79.07514030703945
125,1.550556863789422,1.4455611517464602,1.7148893097470506,1.186313915309083,0.9099228040940897,-49.05958619686528,40.94041380313473,40.94041380313472
126,1.3131044552792934,1.0782853215026538,1.6295957869579634,1.5112844016897369,0.9795095744482458,73.72973296743957,-16.270267032560426,16.270267032560426
127,5.810018304447808,5.033326896454285,7.539957489472352,1.498006714959018,0.4040864857851607,55.30378300211268,-34.69621699788732,34.69621699788732
128,2.6146243419036286,2.6251565955070237,3.214546337750199,1.224516032015736,0.4806533542593662,-13.87347321769503,76.12652678230496,76.12652678230496
129,1.2803301921000927,1.127398293961872,1.5182754030905596,1.346707202966467,0.8767089778653284,-44.94619075579315,45.05380924420686,45.05380924420685
130,7.06355243323325,6.906724460756141,8.504119172920847,1.2312810828405083,0.3129760270011673,68.06397584763916,-21.936024152360844,21.936024152360844
131,6.257775262935418,6.319330716935569,6.789241167424066,1.0743607941311182,0.3634692924779447,56.13299253975868,-33.86700746024132,33.86700746024132
132,1.1237553499514827,0.9143166910882584,1.509152479770037,1.6505796016627234,0.6733684935150045,8.224941700723289,-81.77505829927671,81.77505829927671
133,1.326902779425731,1.0813807090251435,1.6674784098973838,1.541990157564955,0.9377664573949857,7.6061450606407375,-82.39385493935926,82.39385493935926
134,1.1074287385521373,1.0159445373373568,1.3305580144839315,1.309675839166507,0.824193093473728,41.36002286524983,-48.63997713475017,48.63997713475017
135,1.0683634687220958,1.0239579058681487,1.2303980080392214,1.2016099499676651,0.7288056843474817,-5.731685092370573,84.26831490762943,84.26831490762943
136,2.4933892525089543,2.251538555072662,2.858606090466185,1.269623424402755,0.7910457009219705,-40.07232510198066,49.92767489801935,49.92767489801934
137,2.001760303601345,1.4726269345136789,2.9111598516965382,1.976848163963483,0.7246701705303362,-28.87838002650587,61.121619973494134,61.121619973494134
138,1.522901401330112,1.377018882108897,1.96861389297508,1.4296201152740615,0.5744523007379766,-13.670079796302112,76.3299202036979,76.3299202036979
139,2.3608122252162294,1.8981851739658724,3.264620661208109,1.7198641660377882,0.6379003710418878,-40.474360432293416,49.52563956770658,49.525639567706584
140,3.7756275912388912,2.9599205030623548,4.884531166441484,1.650223768303207,0.8385878777586195,3.252020354581699,-86.7479796454183,86.7479796454183
141,4.428344161988134,4.879944160935624,5.327844986397952,1.0917840062695414,0.316811933636094,68.06264701130435,-21.93735298869565,21.93735298869565
142,1.1816912584570125,1.1273135664335008,1.640358066548708,1.4551036334445382,0.5298271090351778,33.81097072638502,-56.18902927361498,56.18902927361498
143,7.914762120728951,7.856468454027529,9.758833238566265,1.2421399380231086,0.4430669630396788,36.6484816837919,-53.3515183162081,53.3515183162081
144,9.393613404718256,8.778533295272625,11.408228802253104,1.2995597804927856,0.4576947157603798,-35.93956222474539,54.06043777525461,54.06043777525461
145,3.983757521672035,3.827016270192833,4.395963882467059,1.1486661075118865,0.6864984905512115,-37.77647210898074,52.22352789101926,52.22352789101926
146,3.4915796938584958,3.241689457577489,4.042720380281644,1.247102917533243,0.7136875104922455,62.33870614185493,-27.661293858145072,27.661293858145072
147,4.467926388630853,3.618008214982271,5.900947657614847,1.6309934380963704,0.5098538489647914,-35.14207298316371,54.8579270168363,54.85792701683629
148,1.4865885952249918,1.291932735428457,2.2173059655332894,1.716270440966836,0.4768606943104067,-62.6396280677572,27.3603719322428,27.3603719322428
149,1.968114877060028,1.5261362902188171,2.6257803850106383,1.7205412136776816,0.717043966434979,80.46265053510459,-9.537349464895414,9.537349464895414
150,5.643574311522551,3.522669997377581,9.217559920206554,2.616640198221372,0.5982694961075996,-67.01044314344664,22.98955685655335,22.989556856553364
151,2.421746429194769,1.4715144171805683,4.772788711143295,3.2434535845649344,0.3959931209604182,-27.779006626339577,62.22099337366042,62.22099337366042
152,1.021890421280174,0.8884841731327962,1.2117495053930196,1.3638391566620591,0.9900440712016376,17.301383230688256,-72.69861676931174,72.69861676931174
153,0.84641062903508,0.8318405012156393,0.9661427974218908,1.1614519802894716,0.8462677643952881,65.87377688112458,-24.126223118875416,24.126223118875416
154,1.0740312192037882,0.9788475802605932,1.2571457811754658,1.2843120895704547,0.8382985705810716,24.20611285400112,-65.79388714599888,65.79388714599888
155,0.9978425722559162,1.3730793657540914,1.5374066310129524,1.1196779074519214,0.2743117897432993,24.28121236110708,-65.71878763889292,65.71878763889292
156,1.717743205908703,1.2242839544835542,3.00633608517469,2.4555872632038764,0.4718770144122377,52.95119316451805,-37.04880683548195,37.04880683548195
157,4.454317077732484,4.05753207476306,5.006659227542404,1.2339173505695005,0.8267449210650013,44.986349647111545,-45.013650352888455,45.013650352888455
158,4.207594363608861,2.507607157706477,7.27637499402274,2.901720459546743,0.5973262155912598,23.58890135049774,-66.41109864950226,66.41109864950226
159,2.681118170928788,2.139752466384383,3.5451471098387755,1.6568024411857032,0.7089952190964267,-33.32470372894012,56.67529627105988,56.67529627105988
160,1.4197410732459426,1.2817217767331677,1.8067690016301097,1.409642119239929,0.7196543959046697,-81.896099217986,8.103900782013994,8.103900782013994
161,3.0971957048803067,2.8427169321219887,5.416467197072093,1.9053839430396224,0.2592651096405098,32.396696066786575,-57.603303933213425,57.603303933213425
162,1.7938166040551036,1.0065365301024656,3.765039340202505,3.74058886846285,0.4446640232959368,42.16466692996688,-47.83533307003312,47.83533307003312
163,4.547392348057016,4.718837193667522,9.192746992539917,1.948095815824328,0.0935413804020509,-89.54097895644965,0.459021043550365,0.4590210435503508
164,1.593045740590529,1.738600285854584,3.230054222696362,1.85784751617516,0.2604240679442159,-75.58786915795606,14.41213084204395,14.412130842043936
165,3.866198332162877,3.031672515584788,5.072050507596927,1.673020579077475,0.6865768763068526,-83.28426971807181,6.715730281928188,6.715730281928188
166,0.9019708538191776,0.6206315050078214,1.7512658345858148,2.821748203974506,0.5244060083119855,88.95326762421264,-1.0467323757873572,1.0467323757873572
167,1.8829835605082688,2.2508452010037465,4.158580017927393,1.847563757859895,0.1736110692411889,49.88498216876948,-40.11501783123052,40.11501783123052
168,0.9978425722559162,0.8965414623945946,1.260817882574109,1.40631296538875,0.8140679462817368,27.90533773755513,-62.09466226244487,62.09466226244487
169,0.9978425722559162,0.6912675269173898,1.508779840843462,2.182627972662991,0.8536681605364633,66.03073646975764,-23.96926353024236,23.96926353024236
170,1.2755794143363215,0.9961603605864732,1.7517837859848069,1.7585359298511665,0.7384677446478028,55.73417266454868,-34.26582733545132,34.26582733545132
171,1.1074287385521373,0.9863284378225466,1.3882510844973788,1.407493722438066,0.843991409987632,-11.003090856042476,78.99690914395752,78.99690914395752
172,1.7870346644469015,1.4594966338385411,2.2398381752047625,1.5346648449019633,0.8481571726436561,38.661804197775375,-51.338195802224625,51.338195802224625
173,1.717743205908703,1.6862735122340318,1.9346309436815483,1.147281819731892,0.7247131753458951,12.685422011369344,-77.31457798863066,77.31457798863066
174,4.637291358846374,4.098196809998568,5.898608925814587,1.439318119477197,0.4614705358724042,-8.170688820060539,81.82931117993947,81.82931117993947
175,5.875482438494732,4.297992257299735,10.094920755017055,2.348752661867127,0.212632070458632,-72.57954916247266,17.42045083752734,17.42045083752734
176,1.340559085464394,1.268103325169347,1.5138434757165775,1.193785589604391,0.8173318129758905,86.66810472473918,-3.3318952752608197,3.3318952752608197
177,2.2529068918238173,1.5136836265278804,3.727973477580381,2.462848518835924,0.6112609858159257,-11.395399125519493,78.60460087448051,78.60460087448051
178,3.1631421441599654,2.474383197935092,4.393964998122842,1.7757819410468307,0.5777993344649129,53.225153434827135,-36.774846565172865,36.774846565172865
179,3.103070883802434,2.744381857706605,3.783055912952816,1.3784728616863102,0.691078252109385,-5.596921132043431,84.40307886795657,84.40307886795657
180,1.0683634687220958,0.934544367833728,1.361045883369688,1.4563737476954572,0.8313238157203621,-21.98582475737726,68.01417524262274,68.01417524262274
181,0.9917395023300404,0.9120140794470448,1.2786249761220203,1.4019794265646122,0.6909389580040254,-26.260417908555645,63.73958209144436,63.739582091444355
182,0.979419278671245,0.880061288880698,1.1541638345013692,1.311458473499371,0.8835982525995507,21.70758684145886,-68.29241315854114,68.29241315854114
183,0.9153341128725788,0.906050402096468,1.0324134551632094,1.1394658098206851,0.8807164726407267,-75.26517677080977,14.734823229190226,14.734823229190226
184,1.946401361393312,1.5476035228327485,2.552491309806685,1.6493186220813068,0.7466753908115399,-47.03784014305422,42.96215985694579,42.96215985694578
185,2.7920463056167044,3.1124386543309024,4.986206238456763,1.60202554724044,0.1842809221029666,21.421808749312724,-68.57819125068727,68.57819125068727
186,1.69282125807016,2.358396138035116,2.822977125140489,1.1969902255235356,0.2733400356519546,57.29105913701648,-32.70894086298352,32.70894086298352
187,2.3114337002746863,1.709331599322006,3.299125937437028,1.93006783396832,0.720040487255346,88.18463166040449,-1.8153683395955085,1.8153683395955085
188,1.432512614476725,0.8564080209672297,3.311250504023402,3.8664403216164014,0.3604816951035942,-34.1354364054594,55.8645635945406,55.8645635945406
189,2.6123012633979483,1.682025925782353,4.3412064866944045,2.58093910453562,0.5313743317161262,16.99604502381099,-73.00395497618901,73.00395497618901
190,1.8039417076383557,1.5599804345036057,2.1918622035400457,1.4050574962739892,0.6965266537410397,71.02045504920139,-18.979544950798612,18.979544950798612
191,0.9019708538191776,0.7887170496284613,1.065756087379134,1.351252756462126,1.0457140094776172,-51.77263744911489,38.22736255088512,38.22736255088511
192,7.190480804312113,4.391484300915827,12.327306104226915,2.807093287719623,0.5608033970917398,-3.564031832301491,86.4359681676985,86.4359681676985
193,4.621553899343558,3.499374905236647,8.39797313035151,2.3998495039169265,0.2676769548288538,61.03835556056677,-28.96164443943323,28.96164443943323
194,2.4958230151698717,1.8449382910450765,4.898797151131141,2.6552634171607914,0.3611505724510565,6.7650365305827975,-83.23496346941721,83.23496346941721
195,1.0337045758596148,0.7128280005818767,1.6083161251518323,2.256247122502167,0.7426180269505975,-38.36219943491808,51.63780056508193,51.63780056508192
196,2.728257388058968,2.8330122416861228,3.992292444233746,1.4092040921989293,0.1961389468091359,14.978897067196716,-75.02110293280329,75.02110293280329
197,1.096409273000846,0.990980580768408,1.281250184792602,1.29291149560077,0.8986607008716108,11.963530261044538,-78.03646973895546,78.03646973895546
198,0.8676627389239214,0.8918153043974595,1.2017854989152843,1.3475721856189171,0.5495147029197167,-63.65223963568557,26.34776036431444,26.347760364314432
199,0.9669420905017878,0.7416167749592496,1.4793786846393606,1.9948020791744487,0.5757564444104424,7.439159209864375,-82.56084079013563,82.56084079013563
200,5.005007316275937,5.428397520809618,10.013499628340224,1.8446511313797007,0.1230811630971587,-67.8063633121893,22.19363668781068,22.193636687810695
201,4.756215568188876,4.443539345451382,5.990208039319462,1.348071339899651,0.5232380415748751,80.45328684783823,-9.546713152161772,9.546713152161772
202,3.333232822634418,3.2661762757286605,4.6886907327570855,1.435528990764919,0.4055985329657592,83.06538524660617,-6.934614753393831,6.934614753393831
203,1.952629861669301,1.4812104331270692,2.778885901292232,1.876091228594417,0.6686203640748496,10.83011699096616,-79.16988300903384,79.16988300903384
204,1.6195038256468852,1.1491332163925432,2.6720380942476214,2.32526399561916,0.4488553768584702,-21.046554455288423,68.95344554471157,68.95344554471157
205,1.2944779165271465,1.1033248941070302,1.6625514005596242,1.506855695398046,0.7264103528445135,-34.64881945533662,55.35118054466338,55.35118054466338
206,4.250661958378608,2.4405167449358776,10.110215556481515,4.142653631637816,0.2814854084372862,-15.434085767479209,74.5659142325208,74.5659142325208
207,0.8606370140730026,0.7349211152408042,1.390840709103934,1.892503399699179,0.5584229703638696,46.86500396806432,-43.13499603193568,43.13499603193568
208,1.4068535956126136,1.266563299263202,1.925185965237576,1.5200076982788897,0.5738638608903078,-7.990845023798938,82.00915497620106,82.00915497620106
209,1.876523906614425,1.63189587046862,2.4026174856163784,1.47228602577837,0.7041137862399807,20.95316108887848,-69.04683891112151,69.04683891112151
210,0.9479184199131095,0.8356443417796979,1.1501953592752234,1.3764173366214822,0.8911603778057077,-26.91368463961263,63.086315360387374,63.086315360387374
211,3.015754687441581,2.432430189026224,3.864729726209239,1.588834797251225,0.7342783513584401,16.135265499648906,-73.86473450035109,73.86473450035109
212,2.507956402267385,1.9945009592417604,3.2163742849893997,1.612621077009736,0.765534452285312,34.395473767519874,-55.604526232480126,55.604526232480126
213,1.2944779165271465,1.053787470460399,1.709488354287399,1.6222325679584382,0.7639633395028737,-49.40429737135811,40.5957026286419,40.59570262864189
214,1.45354916781555,1.0995840198299764,2.277256654952365,2.071016506137009,0.4202455895780563,-86.2201106977241,3.7798893022759046,3.7798893022759046
215,1.021890421280174,0.9803658720115708,1.1086934609710726,1.130897650176451,0.8966003779984643,82.89899767540625,-7.10100232459375,7.10100232459375
216,0.8676627389239214,0.6982863982365316,1.2078701283643078,1.7297632195252417,0.8019142832693271,-67.99092614855859,22.00907385144143,22.009073851441414
217,1.3314704444981866,0.958937983007262,1.9884900047143836,2.0736377533804755,0.7294925233060296,58.96271680292072,-31.037283197079283,31.037283197079283
218,2.0820406800143845,1.6089974327902858,2.819680271888508,1.7524454759375745,0.7538306173258099,-69.47232982788137,20.527670172118633,20.527670172118633
219,1.2563966762852905,0.9951530482705212,1.7382984713498548,1.7467649567781032,0.7000854670074191,17.56011185633506,-72.43988814366494,72.43988814366494
220,3.447834798167294,3.158097933411963,3.876622324444953,1.2275180840439317,0.8131454002688953,-56.45757698132865,33.54242301867134,33.54242301867135
221,2.345331322347357,1.636219192072605,3.5198271753591546,2.1511953853203347,0.6469971822623904,-48.94501517848148,41.05498482151853,41.05498482151852
222,2.8330603919918054,2.672650064594252,3.062797070275263,1.1459775863849355,0.8032575732381979,56.82327712282977,-33.17672287717023,33.17672287717023
223,5.703500178578712,4.459076081747989,9.328513435501646,2.092028318082612,0.2766321379131975,-26.33142252625421,63.668577473745785,63.668577473745785
224,1.171370613113025,0.9438748924362949,1.596361606104468,1.6912851680840866,0.7002693604681607,-2.09290019187742,87.90709980812258,87.90709980812258
225,4.713903064316747,3.651963061033033,6.219715496126469,1.7031156646932497,0.7547123192308495,-8.106897783977459,81.89310221602254,81.89310221602254
226,5.216461794485876,4.106811130567072,7.741959618686598,1.8851511239616177,0.3337668273746487,22.514991224417685,-67.48500877558232,67.48500877558232
227,2.043780842560348,2.054912218172477,5.107982129179503,2.485742254100886,0.1617559636383302,27.531225834653284,-62.468774165346716,62.468774165346716
228,1.340559085464394,1.0250304538609174,1.9034281922218852,1.856947942426845,0.7334185343165113,8.28432609491302,-81.71567390508699,81.71567390508699
229,3.62802059538288,3.811583120625804,7.142996387496842,1.874023512393997,0.230592045449659,-24.50954853143661,65.49045146856339,65.49045146856339
230,4.613665039140883,5.664192363363309,8.781476098544083,1.5503491998865977,0.1337951813663504,68.49465479582037,-21.505345204179633,21.505345204179633
231,0.973200680696656,0.7543947330504835,1.3623482343655444,1.805882483904321,0.8500526731738608,42.74652107952011,-47.25347892047989,47.25347892047989
232,0.8097519128234426,0.6652215926433293,1.5993286519299832,2.404204357791333,0.4501047353095456,19.7194967215353,-70.28050327846469,70.28050327846469
233,3.477641196323917,2.7586852764651306,6.044342761466663,2.191022953227794,0.2625250596921542,5.3248221142262695,-84.67517788577373,84.67517788577373
234,1.6856330249272244,1.4606790655693938,2.042080929186413,1.3980353229683486,0.7653613435830412,8.266176451159886,-81.73382354884012,81.73382354884012
235,2.681118170928788,2.502496928046241,3.37360013076512,1.3480936152033445,0.4181611028260373,-38.88658942252238,51.11341057747762,51.11341057747762
236,7.889407772223364,7.292151170144814,13.529629817992207,1.855368807133976,0.2578258452163924,-58.540710753717256,31.459289246282736,31.459289246282744
237,2.087864581404573,1.8987119487111688,2.77006839979357,1.4589197701493748,0.4591231056297588,-45.57345991080435,44.42654008919564,44.42654008919565
238,3.176549406798542,2.9983978188202967,3.694228358445077,1.2320674512425274,0.6000802803996521,-33.64704487684768,56.35295512315233,56.35295512315232
239,5.448720546359676,4.023818067044975,9.122470960163463,2.267118147034628,0.4144175162139166,12.12694020354647,-77.87305979645353,77.87305979645353
240,1.2563966762852905,0.8118987266645634,2.213737252578072,2.7266174707189546,0.5925415447788641,-81.75996389635284,8.240036103647157,8.240036103647157
241,2.9690903470192893,2.340645093990938,4.155264333596287,1.775264581659117,0.4933533552608314,71.44244818610095,-18.557551813899053,18.557551813899053
242,1.1451621372724683,0.8952923170716005,2.013633751691256,2.249135520650533,0.5234484132240711,-69.30071296670111,20.6992870332989,20.699287033298887
243,2.6856432681079343,1.8481443165070992,4.660884255143834,2.5219265689990453,0.4149814160707522,27.912639556272342,-62.08736044372766,62.08736044372766
244,4.864755550301208,4.045605882990086,10.418306052258542,2.575215271478305,0.1238977016780611,77.48162283107132,-12.51837716892868,12.51837716892868
245,2.9444501670888434,2.226374057492762,4.153054922014821,1.8653895593320904,0.7054137086870442,14.93362451187588,-75.06637548812412,75.06637548812412
246,5.105886127992955,4.022828250353063,9.9807067543227,2.481017367183584,0.2410786691125501,2.8278701055292643,-87.17212989447074,87.17212989447074
247,4.149475628039568,3.518488261880365,5.043983429296097,1.4335655127638454,0.7064406988681571,88.08241279242469,-1.917587207575309,1.917587207575309
248,1.021890421280174,1.048574047996499,1.1178036390028538,1.0660226057841424,0.7595650043146582,79.47105877255977,-10.528941227440228,10.528941227440228
249,3.0056718953012043,2.2777466636843906,5.855929309776227,2.5709309130559377,0.3078841842753051,21.079112418109997,-68.92088758189,68.92088758189
250,3.417768467953522,2.54725417725162,5.227648022630483,2.0522679162983626,0.4502567564548743,18.490219287257595,-71.50978071274241,71.50978071274241
251,1.1237553499514827,0.9131497543966144,1.4805577969542956,1.6213745771991248,0.8698229233349605,-30.076035487614817,59.92396451238518,59.92396451238518
252,3.909920866501533,3.3219760749275835,5.984779955724313,1.801572263236356,0.3370623070833523,85.51629049918465,-4.483709500815351,4.483709500815351
253,0.9350209696908578,0.7907339009165657,1.427861300222349,1.8057418539501948,0.4968389722011258,-58.48528245829952,31.514717541700463,31.514717541700477
254,6.176723960472548,5.177368885359283,8.822752306734943,1.7040996116162752,0.4674242631834284,5.349766299421732,-84.65023370057827,84.65023370057827
255,3.311303421251789,3.097748409549633,3.62389672976375,1.1698486289564785,0.7951298391693551,26.58614925001305,-63.41385074998695,63.41385074998695
256,1.0683634687220958,0.9290432036558222,1.5496453612919938,1.6680013966993972,0.6367483194499312,-4.781917684164698,85.2180823158353,85.2180823158353
257,1.663882010113248,1.3761317212242314,2.496032506097735,1.813803480874069,0.4889641455535146,-29.59215968747776,60.40784031252224,60.40784031252224
258,5.095173218381363,5.096395410358856,5.688268061384431,1.1161355435299514,0.4484294143526316,-57.72826191318884,32.271738086811155,32.27173808681116
259,2.116743748196358,2.0501128537830806,2.3623594525087097,1.152307029415205,0.7275824433576732,-41.5504400131914,48.449559986808595,48.4495599868086
260,6.548856137404291,5.093537835279423,8.72001988876858,1.711977052250602,0.4809952599378577,85.73615646120305,-4.263843538796948,4.263843538796948
261,0.8746320295080829,0.833239918981026,1.1274870444434744,1.353136136135058,0.5593578571326316,-28.201558461372464,61.79844153862754,61.798441538627536
262,4.256371379297739,3.521167727047989,5.2431756299964345,1.4890445546574715,0.6885525696527377,-14.65507941190427,75.34492058809573,75.34492058809573
263,2.164954408398548,1.9492063342894477,2.5904145638874168,1.3289586219366107,0.7037037445334682,89.78426606280645,-0.21573393719354783,0.21573393719354783
264,3.309469412015971,2.929219230216184,4.576353339213169,1.5623116535649066,0.4374046007731194,29.838936278823763,-60.161063721176234,60.161063721176234
265,5.807927993783122,3.276630947406968,10.857396369633182,3.3135853698218334,0.4654457184478708,74.59925971703139,-15.400740282968613,15.400740282968613
266,2.7592361614839858,2.020895287512723,4.448277958841593,2.201142229549381,0.3962800591055335,-2.966699580993128,87.03330041900688,87.03330041900688
267,1.4987906214766678,1.395805516304541,1.6652688287044188,1.1930521904751417,0.8403169638799098,-21.5739779326248,68.4260220673752,68.4260220673752
268,1.1816912584570125,0.8731877044393386,2.377093769426345,2.72231704287756,0.4075839794037256,51.75755072120992,-38.24244927879008,38.24244927879008
269,2.040808068852193,2.422821264956818,5.45858506434589,2.252987103629032,0.1764039196582534,-4.455458705506524,85.54454129449347,85.54454129449347
270,2.4933892525089543,2.190699632792496,2.933843583546313,1.3392267655637156,0.78843832604938,-32.46206647252426,57.53793352747573,57.53793352747574
271,1.9244428674196767,1.9958225264271243,3.504321202830201,1.7558280640832111,0.2400779844827609,74.16802638704799,-15.831973612952012,15.831973612952012
272,6.340663315025536,5.384355763346098,9.157004616106107,1.7006685699415047,0.2474147076424815,-11.072728223390913,78.92727177660909,78.92727177660909
273,2.431753688475764,1.9323172862006008,3.467750471008087,1.7946071774923236,0.4916892024321288,18.261935803153342,-71.73806419684666,71.73806419684666
274,1.8602766405761075,2.6277851470327427,4.595586244407589,1.74884398353376,0.1586743397472104,-78.24581079668896,11.754189203311057,11.754189203311043
275,4.742153349198346,4.674930465412764,6.284191574969182,1.3442320953140277,0.4439203544288011,-15.362490209417569,74.63750979058243,74.63750979058243
276,0.8676627389239214,0.7559878805944278,1.0515629948948937,1.3909786411761749,0.9598119838636135,-52.748155393874974,37.25184460612502,37.251844606125026
277,1.3314704444981866,0.9890365086615408,2.295747383134281,2.3211957931068765,0.5301989314243255,-26.05279497177734,63.947205028222655,63.947205028222655
278,1.5738748168108194,1.4954703033432233,1.7906858050231869,1.1974064620474172,0.5922887193421291,31.608137950621288,-58.391862049378716,58.391862049378716
279,1.992640619253945,1.5168746015330865,4.716623575739143,3.109435394970758,0.2091449920909005,-68.37276531876535,21.627234681234654,21.627234681234654
280,1.3630155737347494,1.3899316494797185,1.5345899330950108,1.1040758253612262,0.5748438009184248,-13.334244363685915,76.66575563631409,76.66575563631409
281,6.230550505591088,6.671026775591306,11.447547375046357,1.7160098078052863,0.1307723784996722,32.643315434991344,-57.356684565008656,57.356684565008656
282,1.2515550525870838,0.8979690710590061,1.9414693127382805,2.162067019133118,0.6850514010377426,9.915627427926248,-80.08437257207375,80.08437257207375
283,1.5892300566907107,1.3952135624003408,3.149363450409124,2.257262640846842,0.2592193181061958,-61.27764147868745,28.722358521312543,28.72235852131255
284,6.7766626254768365,4.477739869013401,12.04968354549442,2.6910191074028105,0.3326160434108667,84.82368584478287,-5.176314155217128,5.176314155217128
285,9.106792779135276,7.033825917222616,14.379220101949722,2.044295703529085,0.4314647003577272,-3.0160660609735808,86.98393393902641,86.98393393902641
286,1.3630155737347494,1.2733558695162592,2.173452249984316,1.7068694636087856,0.4355278196579137,-47.06027056775206,42.93972943224793,42.93972943224794
287,1.4367445664276617,1.1516064487406128,2.325409821910262,2.019274748290365,0.4490560512342148,63.971618121241576,-26.028381878758424,26.028381878758424
288,7.94996963012132,8.483533947471383,10.013592828623583,1.180356310309603,0.2464723737943323,56.123919463181565,-33.876080536818435,33.876080536818435
289,0.9606427264386592,0.6926900300633637,1.8608483129135365,2.6864083964703744,0.4997382846122118,35.283303913928016,-54.716696086071984,54.716696086071984
290,1.0337045758596148,0.9412925288061162,1.2208855607819238,1.2970309690340664,0.8231395753590559,-33.231505985284684,56.768494014715316,56.768494014715316
291,1.2121260584033826,1.1165654675172825,1.5245192180776757,1.365364828510675,0.7142641935406329,75.25624476745882,-14.743755232541176,14.743755232541176
292,1.626984252638553,1.2533394264521465,4.639724437880268,3.701889799329166,0.2081737371256778,-11.475701302581744,78.52429869741826,78.52429869741826
293,2.079122611754846,1.7350504383377354,2.807283311732364,1.6179836906769585,0.6602721833419141,-83.88315315726956,6.116846842730439,6.116846842730439
294,1.8602766405761075,1.4431736493246552,2.5667344964765166,1.7785347575308357,0.7025980858769879,-60.58271358098384,29.417286419016165,29.417286419016158
295,4.00806748045364,3.8461355976044342,4.263703889874679,1.1085682711057632,0.8547134969834217,35.997983092164425,-54.002016907835575,54.002016907835575
296,1.3938469657443524,1.2114317681154947,1.7107827331313197,1.412199001345834,0.8416291390806753,-33.78629297033216,56.21370702966783,56.21370702966784
297,1.2991595879263365,1.100127011102198,1.6106397080394277,1.4640488705261003,0.8729082828015172,-72.45162162461268,17.5483783753873,17.548378375387315
298,5.606878277602016,4.190194671061376,7.958068844480048,1.8992122011515684,0.5499483700357618,-83.07943281886868,6.920567181131332,6.920567181131318
299,1.833981655109284,1.4385602089989378,2.4898212874665537,1.730773082622079,0.7808937131542457,-46.45828882188323,43.54171117811677,43.54171117811677
300,0.9019708538191776,0.7156234448236815,1.2168019813833195,1.700338341602434,0.8466941129692013,-25.467214530725624,64.53278546927437,64.53278546927437
301,4.283387202958636,4.133296967883725,4.702595343993788,1.1377346898937066,0.6448444206830493,15.97544599526175,-74.02455400473825,74.02455400473825
302,0.928505064734256,0.8106261639189769,1.1595704630853865,1.4304626654035395,0.902443998971282,-37.735304837888044,52.26469516211196,52.264695162111956
303,2.0138556420885823,1.3197648911837807,3.2143184390117514,2.4355235242912285,0.6198453062525228,-24.504054261219498,65.4959457387805,65.4959457387805
304,3.165060944545202,3.1560559225803466,4.493399501519609,1.423738872740211,0.2542683077101699,87.39458233436247,-2.605417665637532,2.605417665637532
305,1.3314704444981866,1.1434630397488064,1.6097153510738722,1.407754597321739,0.8465787697539864,84.17036609051654,-5.829633909483462,5.829633909483462
306,1.895836839826219,1.6623404920396063,2.219252365349812,1.3350167285084318,0.840488563982073,-72.48243318079012,17.51756681920989,17.517566819209875
307,1.4783979621211876,1.3514157079073283,1.721764739670382,1.274045232415228,0.8074116127519697,-67.25842468941974,22.74157531058026,22.74157531058026
308,3.303961276028509,3.14823040818398,5.151849817633787,1.6364271827885597,0.3110227255035243,87.92062996152647,-2.0793700384735274,2.0793700384735274
309,5.483153737273884,3.864739640039904,9.21682746734932,2.384850811645918,0.469138933166071,-4.099317535744184,85.90068246425582,85.90068246425582
310,3.866198332162877,3.296813982079708,5.389288575099771,1.634695983575052,0.3793653170297116,10.144643847588467,-79.85535615241153,79.85535615241153
311,1.0569367929308613,0.6973604364700853,1.884124245075023,2.7017940028432434,0.5543367950712671,28.11288638585833,-61.88711361414167,61.88711361414167
312,4.6841865092790735,3.914182550874421,6.977024832043301,1.782498578275213,0.4327596414371325,-63.84838743028618,26.15161256971382,26.15161256971382
313,1.1019327803667114,0.9519409706934406,1.3731204594618915,1.442442863302378,0.788233249218909,-52.15150424140922,37.848495758590786,37.84849575859078
314,1.0569367929308613,0.7484361149662483,1.528355470772738,2.0420653683202623,0.9053366845631444,-78.77318266776717,11.226817332232827,11.226817332232827
315,1.139848131163964,0.9856507642044118,1.4227426493822506,1.443455127365164,0.793020176304842,44.1649513144483,-45.8350486855517,45.8350486855517
316,1.9557366732786756,2.0801172081932475,2.881945745827369,1.3854727678208938,0.2337862463972147,63.30687437495987,-26.693125625040132,26.693125625040132
317,1.0039085404212729,0.882451503484021,1.1965056306206625,1.3558882566313497,0.9488332426090604,87.11646577048701,-2.883534229512989,2.883534229512989
318,1.0278144733504384,0.9387142454457196,1.2465155385800486,1.3278966891443935,0.8775129346926784,-68.90427905238933,21.095720947610687,21.095720947610673
319,0.973200680696656,0.8543464831740949,1.2163496852844842,1.423719426766367,0.8206006689764371,68.3839469819184,-21.6160530180816,21.6160530180816
320,1.566140741422161,1.5193012259161105,1.6610436529539492,1.0932944860571483,0.9297624882180432,81.74336343190511,-8.25663656809489,8.25663656809489
321,1.585405189396292,1.4033705655439848,1.8928131128468004,1.348762158277913,0.7815089649205305,47.909899770943824,-42.090100229056176,42.090100229056176
322,3.4811310528933235,2.743635619831206,4.718706437185733,1.71987358783308,0.5111082323812742,-34.10009262713397,55.89990737286604,55.89990737286603
323,1.6044383463340146,1.840194519811379,3.2528087100410734,1.7676439501485357,0.2785103710936925,-3.0557782048871487,86.94422179511285,86.94422179511285
324,0.973200680696656,0.6861113116372444,1.4856526284679368,2.165323036174369,0.6889077946109691,31.026067049570667,-58.97393295042933,58.97393295042933
325,0.9414917802541344,0.879850534388187,1.2047313032667832,1.3692454072378388,0.6576548448870367,80.86602456281399,-9.13397543718601,9.13397543718601
326,1.1183396299962336,1.012312393541717,1.4267190520854116,1.409366378587774,0.7953023003765199,15.14740938968182,-74.85259061031817,74.85259061031817
327,1.3131044552792934,1.0630443269035676,1.7759002959063408,1.6705797218063123,0.703685350492869,-88.0080748639357,1.9919251360643102,1.991925136064296
328,3.3820541287874177,2.5009119357175225,4.650913848080172,1.859687173169416,0.6870201866962299,82.45165438409906,-7.548345615900942,7.548345615900942
329,1.3177199508995825,1.120050040232457,1.5934574417167156,1.4226662956826526,0.8897741110450397,-70.72290470778864,19.277095292211357,19.277095292211357
330,1.3718952479298128,1.024939436308587,1.9396772279960424,1.892479847377097,0.6841104090024457,-11.598854762669284,78.40114523733072,78.40114523733072
331,1.6892309650399413,1.2551079789134552,2.7660348592664925,2.2038222254479205,0.4010437939891889,-64.10832324274972,25.89167675725028,25.89167675725028
332,1.0453852243082644,0.9643193955973608,1.1951647266943846,1.2393867966888952,0.9432409338008044,-60.201156647202815,29.798843352797178,29.798843352797185
333,1.7768132193231367,1.6570282595521917,1.990023662599332,1.200959398928496,0.8483472679563415,-39.69736826945668,50.30263173054331,50.30263173054332
334,1.0099380753567209,0.8488886212425759,1.6211428378324682,1.909723840401455,0.5039462975901529,58.26393400599804,-31.73606599400196,31.73606599400196
335,1.326902779425731,1.1154683611161027,1.9578531251104747,1.7551848114737276,0.6467683600365238,-34.808620522026615,55.191379477973385,55.191379477973385
336,5.6036288549717455,3.76765491177569,10.029690025156023,2.6620511326046703,0.350657765960533,-56.26088015254416,33.73911984745584,33.73911984745584
337,0.979419278671245,0.8034960297101271,1.320910019285858,1.6439533867546248,0.6681220233094743,-56.09925902724727,33.900740972752715,33.90074097275273
338,4.84850423361353,4.7804373140209,7.477826497973586,1.5642557378676032,0.159454726441742,48.38212685339045,-41.61787314660955,41.61787314660955
339,3.3586361620797733,2.9686781842799768,4.06106642047211,1.3679712546737637,0.751082641463345,7.84935585636914,-82.15064414363086,82.15064414363086
340,1.5387653857138477,1.406009616074159,3.117924248395235,2.217569647283822,0.3141066877251126,-16.70188752008101,73.29811247991898,73.29811247991898
341,1.0039085404212729,0.916839330586666,1.320182738344585,1.4399281251381617,0.6121991874457093,3.865542987994817,-86.13445701200519,86.13445701200519
342,2.553537532059954,2.284799483474712,2.9420211349994734,1.2876495973840392,0.7538936143507503,77.84414034563844,-12.155859654361564,12.155859654361564
343,0.9086770491564996,0.7040026291561033,1.316671660637631,1.870265260537367,0.8593313385359058,-89.56625192028146,0.4337480797185549,0.4337480797185407
344,1.0278144733504384,0.7088010622007469,2.058619813211201,2.904368973177636,0.5035807565434064,-88.61884237531753,1.381157624682487,1.3811576246824728
345,1.176542252445381,0.8170345080018758,2.359937002192865,2.888417782945646,0.4242997304161644,65.5157191609199,-24.4842808390801,24.4842808390801
346,5.77648256512868,6.033939229990233,10.763892278234778,1.7838913963096377,0.1881970571469277,57.21434242753235,-32.78565757246765,32.78565757246765
347,0.9479184199131095,0.7200088487728706,1.6963097053059726,2.3559567471942,0.464360750519686,44.07029256890682,-45.92970743109318,45.92970743109318
348,1.514907113035081,0.9421629726018464,4.525221562371386,4.803013591029462,0.2440690488859778,24.57556255177001,-65.42443744823,65.42443744823
349,3.170810378792584,2.343222104746806,4.418407524482928,1.88561191682696,0.732015217192809,52.21117773004541,-37.78882226995459,37.78882226995459
350,3.001629295092017,2.338813339532637,4.148227406597895,1.7736462061683091,0.5807078722007688,-35.81278647679255,54.18721352320745,54.18721352320745
351,2.1424021849896837,1.9556169033833632,2.437360277069701,1.2463383154711365,0.7876427154072339,62.04392318058097,-27.95607681941903,27.95607681941903
352,1.6381408467855358,1.3324640536938068,2.085173960479348,1.564900722611546,0.788744473390705,52.43665464871788,-37.56334535128212,37.56334535128212
353,0.9350209696908578,0.516147831807172,2.3649789346715453,4.581979791315057,0.4212285953609677,28.500728456790583,-61.49927154320942,61.49927154320942
354,1.6784140066373283,1.230704219283598,3.190730982022136,2.592605869084843,0.3810217838622298,-15.66323197567441,74.3367680243256,74.3367680243256
355,1.474285581520627,1.4473877206121284,1.5694949300821617,1.084363856160388,0.8867582107658833,17.218517263962312,-72.78148273603769,72.78148273603769
356,1.1451621372724683,1.0520983446673933,1.3902700225020406,1.3214259194957252,0.7011121454789193,35.7826690769401,-54.2173309230599,54.2173309230599
357,1.1661760393441107,0.8473918169926358,1.713324542187759,2.021879970788824,0.7581154951311375,-14.681136831603824,75.31886316839618,75.31886316839618
358,4.322892268973966,2.897441800013492,11.85703945719072,4.09224421941297,0.1453093589086993,4.026847240798323,-85.97315275920168,85.97315275920168
359,2.073274154004086,1.7019463097831915,2.625304760289873,1.542530892542848,0.7606511262271977,9.686507314318389,-80.31349268568161,80.31349268568161
360,1.0039085404212729,0.8332043060788963,1.4652573022989128,1.7585810486199855,0.6015427746909675,19.746979571105804,-70.25302042889419,70.25302042889419
361,1.171370613113025,0.7149766122685148,2.5043171671101923,3.502656064740866,0.4191483109041381,6.075636764270672,-83.92436323572933,83.92436323572933
362,0.9917395023300404,0.8656945952163477,1.2366713048703606,1.4285306985904205,0.801165082326711,-28.15923093763872,61.840769062361275,61.840769062361275
363,1.1451621372724683,0.7888613098041012,1.7909325349005605,2.2702755384787534,0.7493266851532273,17.829272201444237,-72.17072779855576,72.17072779855576
364,4.250661958378608,3.067446279913817,6.194794653549293,2.019528326906296,0.5704475732417156,-71.5944142680261,18.4055857319739,18.4055857319739
365,0.9414917802541344,0.8138571101764405,1.5105041266981158,1.8559819749816344,0.5558898425783768,-41.28342240071826,48.71657759928175,48.71657759928174
366,0.9917395023300404,0.8024946592621515,1.3140204510889564,1.6374195590250082,0.8962090133569756,-18.193218912346715,71.80678108765329,71.80678108765329
367,2.5511588286726434,1.898767428374692,3.577173853170485,1.8839452371649728,0.7127021890035594,65.3140104289975,-24.685989571002494,24.685989571002494
368,2.6969227938811677,2.4848451192872485,3.248871829266092,1.307474580225747,0.5458008225819906,9.47844964590344,-80.52155035409656,80.52155035409656
369,1.4987906214766678,1.1191547048766426,2.15673083819994,1.9271069752931635,0.759683949641366,-77.6451990070525,12.354800992947503,12.354800992947503
370,1.0569367929308613,1.0066704729340168,1.3178893013442623,1.3091566076266992,0.6940658125540441,-8.40398276312039,81.59601723687962,81.59601723687962
371,4.140687459413903,3.0826381139018486,6.782765954547096,2.2003121040899,0.4508491709704456,46.98944309929757,-43.01055690070243,43.01055690070243
372,2.9070983356311,2.4884339832438376,3.7771044963288,1.517864054968859,0.5039840034549501,-14.490409504268708,75.50959049573129,75.50959049573129
373,1.7423087071804406,1.214486073602132,2.67666754200291,2.203950790529848,0.7298767240115865,4.756942165177462,-85.24305783482254,85.24305783482254
374,1.5892300566907107,1.281452571019884,2.069927713265711,1.615297951775378,0.7549155089990579,-22.76383127399717,67.23616872600283,67.23616872600283
375,1.0796692170979234,0.925576308009238,1.3599480548643568,1.4692986878514434,0.8346464765741476,12.0950507334319,-77.9049492665681,77.9049492665681
376,1.992640619253945,1.9425306111531688,2.3219812286057957,1.1953382949406233,0.5386681487759244,-56.76791220820175,33.23208779179825,33.23208779179825
377,3.4495952449494376,2.2793388186428305,7.858065400737341,3.447519665117716,0.2777534393309168,-44.032224818415926,45.967775181584074,45.967775181584074
378,3.754665157761251,3.49067234827132,4.891143212139659,1.4012037579413297,0.5723702277361999,63.70122699836804,-26.298773001631957,26.298773001631957
379,1.1557168501373432,0.894780919751998,1.8396279036979677,2.0559534329451816,0.536783204823077,67.20999406178422,-22.790005938215785,22.790005938215785
380,1.833981655109284,1.2221038255407897,2.9196944306416133,2.3890723272628884,0.6172921060158479,49.07062253704289,-40.92937746295711,40.92937746295711
381,1.502835947650602,1.124100429570427,4.2487046104646105,3.779648596067386,0.2497323066309788,-12.020453876837577,77.97954612316242,77.97954612316242
382,1.2944779165271465,0.9554965513828092,1.8715118095075904,1.958679816059105,0.6640949114079393,43.109554425887055,-46.890445574112945,46.890445574112945
383,2.809388374878707,2.5186685798194146,3.2825091846025938,1.3032715820189196,0.722578633228909,46.62762382565094,-43.37237617434906,43.37237617434906
384,1.2369164782162358,1.165108871220215,1.4244600151126363,1.2225982054542286,0.8285134718570881,-47.86598457241789,42.13401542758211,42.13401542758211
385,1.7596455392320107,1.462968407170116,2.5301834354758976,1.7294860388476485,0.564410466309525,-4.703417275747513,85.29658272425249,85.29658272425249
386,1.9773476793114584,1.6002532138572372,2.613854104195276,1.6334003153756296,0.6689893448552536,-33.091646610440634,56.908353389559366,56.908353389559366
387,1.2897792515977275,1.1187040586439216,1.5839972750945348,1.4159216307971882,0.792144706274336,57.378257010669145,-32.621742989330855,32.621742989330855
388,1.3630155737347494,1.124627449670389,1.945268775552107,1.7297006009609983,0.595607262869626,-56.92570222908952,33.074297770910476,33.07429777091048
389,0.928505064734256,0.883193164947601,1.08107209454807,1.2240494349978452,0.7714922538957842,-11.905132994180995,78.094867005819,78.094867005819
390,1.2612197138901655,1.1271622528781369,2.2359380202688928,1.983687809416584,0.3304030259499228,-8.225502046546643,81.77449795345336,81.77449795345336
391,1.889421129921366,1.8204956781643329,2.113908137033845,1.1611717415145804,0.6961041719088801,-12.34516235970112,77.65483764029888,77.65483764029888
392,1.4824989352200384,1.1406860618610026,2.3418642073125078,2.053031316514739,0.599647788977102,17.61575880323251,-72.38424119676749,72.38424119676749
393,2.5176210099559926,1.9266980642418112,3.3657789313065525,1.7469156136984256,0.7282403255135012,10.435013354026523,-79.56498664597348,79.56498664597348
394,2.279696262327928,2.0251243898954434,2.839576786607166,1.4021740100388465,0.7089365227419198,20.472511066990997,-69.52748893300901,69.52748893300901
395,4.297537843430175,3.5559109086167875,5.26036766131061,1.4793305559381518,0.7947239325016603,23.592452580694665,-66.40754741930533,66.40754741930533
396,1.2944779165271465,1.182333657644563,1.5305782604857532,1.2945400400213258,0.7621066904775196,16.26898858036169,-73.7310114196383,73.7310114196383
397,1.2020667470700563,1.1702107331517966,1.304763717158499,1.1149818406162648,0.8036314945808911,88.5125093117707,-1.4874906882293004,1.4874906882293004
398,2.4713775385009384,2.187636362865097,2.9124045955664446,1.3313019681900582,0.7313729634735804,-35.720590179038425,54.279409820961575,54.279409820961575
399,0.8676627389239214,0.8747848184783364,1.0915618617762226,1.2478061332556774,0.6675197613325154,-39.51350573145263,50.486494268547375,50.48649426854737
400,3.62802059538288,2.2224399316199444,6.180942652937112,2.78115172653139,0.4994082283490396,49.26216870108854,-40.73783129891146,40.73783129891146
401,2.231243822407474,1.6518948370010464,3.131521275829047,1.8957146700174976,0.7359775448934097,19.18371340543809,-70.81628659456192,70.81628659456192
402,5.517372039371557,5.167465119078134,6.947400645170807,1.344450419127398,0.3504706785977325,37.55569269957106,-52.44430730042894,52.44430730042894
403,0.8952144227026446,0.6435322572583182,1.3516692031568278,2.10039075417203,0.7960504002608695,-5.978275772013023,84.02172422798698,84.02172422798698
404,2.386390569034138,1.3736188594650751,4.710741949641563,3.429438899430993,0.4326945781282995,27.072751487469755,-62.92724851253024,62.92724851253024
405,1.4068535956126136,1.0109541473507195,2.0778589599350625,2.055344414363645,0.6516956183919839,25.96248894026508,-64.03751105973492,64.03751105973492
406,1.2270604129519955,1.2032392229372697,1.508838327150751,1.2539803377315717,0.5534529263653685,11.762522143521604,-78.23747785647839,78.23747785647839
407,1.992640619253945,1.7311287870177958,2.415728979756617,1.3954646227783996,0.7430541295527031,27.883405822584184,-62.11659417741582,62.11659417741582
408,1.5622593457610967,1.2713094442905812,2.51757206491971,1.98029840510197,0.4247889891517117,-18.06288910853732,71.93711089146268,71.93711089146268
409,0.973200680696656,0.7746018094589897,1.304031351548388,1.6834860642259166,0.8930208420960511,35.669384809294,-54.330615190706,54.330615190706
410,2.6991730427448086,2.0353070249897924,3.786074754726202,1.860198342677656,0.6493008164620946,48.80088978689554,-41.19911021310446,41.19911021310446
411,1.7630924485867383,1.6520157986241408,1.986358546620184,1.202384715857134,0.7601777791805946,50.30465393181252,-39.69534606818748,39.69534606818748
412,5.034036118321248,2.899839639017072,11.080570230496136,3.821097581193145,0.3641040780582191,68.43065428346502,-21.569345716534983,21.569345716534983
413,1.0796692170979234,0.9873333208537493,1.3369062718854277,1.354057686141294,0.7155204540248892,32.61781177549067,-57.38218822450933,57.38218822450933
414,1.833981655109284,2.171648262263264,4.672006285178881,2.1513641810068163,0.1717301550787294,-62.899844313062,27.100155686937995,27.100155686938002
415,0.8606370140730026,0.7816651615082257,1.068022053326732,1.3663421448462405,0.8818533197357024,-49.31912084002615,40.68087915997384,40.68087915997385
416,1.4577200491801383,1.2281468892673415,1.7876849277302924,1.4555953716552152,0.7798477062483873,-13.406602242560613,76.59339775743939,76.59339775743939
417,1.4240109808516253,0.9439848634128526,2.4603383386651814,2.606332404282578,0.5799011834216798,-30.799576079271045,59.20042392072895,59.20042392072895
418,7.138789682235252,4.614838008219813,13.038724520279496,2.82539159490654,0.3411974383897263,58.15108477038232,-31.84891522961768,31.84891522961768
419,1.2563966762852905,1.1265813418758368,1.5191968883935394,1.348501729900808,0.8442382749814273,42.85532401323034,-47.14467598676966,47.14467598676966
420,0.9855986414141252,0.7563120038203553,1.621078444476078,2.1433990684896336,0.5740783820373201,-20.052219260986845,69.94778073901315,69.94778073901315
421,2.236679259992467,1.754842945220602,2.9405204410272736,1.675660177473956,0.7041893793101857,56.70159655087589,-33.29840344912411,33.29840344912411
422,1.4282681233264556,1.4156062117946089,1.754828848650809,1.2396306501270271,0.5547941154517578,-51.06596580483362,38.93403419516639,38.93403419516638
423,0.9479184199131095,0.601464567144578,1.9849518143669236,3.300197422751568,0.405836420699605,59.82008779477062,-30.17991220522938,30.17991220522938
424,1.432512614476725,1.3371978157028082,1.602149958397217,1.1981398261222511,0.8536816008673717,39.41518026765078,-50.58481973234922,50.58481973234922
425,2.411697645481238,1.5108030668655608,5.802321555699435,3.840554525572562,0.2489246089423219,-20.355521872742955,69.64447812725705,69.64447812725705
426,1.0159318257539256,1.0070268051819278,1.221170103347523,1.2126490546861943,0.6299692989337531,8.7980400556399,-81.2019599443601,81.2019599443601
427,1.1019327803667114,0.8224154931598582,1.8605697276273283,2.262323294128018,0.4865646380221964,-45.89391608656825,44.106083913431746,44.10608391343175
428,0.8392070033186643,0.6744487665150335,1.1833574312793669,1.754554964039644,0.8217870711308588,76.76910546480102,-13.230894535198985,13.230894535198985
429,3.186091481181058,2.686712963969569,4.923038898656474,1.8323650366367288,0.3053603194071687,-86.52315865296106,3.476841347038942,3.476841347038942
430,1.731823303788056,1.541786560648419,2.04313906378324,1.325176334994106,0.7482163428641795,-26.947642235606725,63.05235776439328,63.05235776439328
431,1.367462618417021,1.2803516032906403,1.5153872291224488,1.1835711575068455,0.9312937032819326,-77.43058171944966,12.569418280550337,12.569418280550337
432,3.4566280662049307,2.852122742923552,4.243200183566718,1.487734072488497,0.8707927745294493,15.740439070427657,-74.25956092957234,74.25956092957234
433,1.5544674799972351,1.383585476321695,1.8066013473648448,1.3057388779244423,0.9039085179032544,2.647423708628422,-87.35257629137158,87.35257629137158
434,5.841283202666396,5.082841270626647,8.76536910995472,1.724501837310782,0.3908217144990882,13.86650075347404,-76.13349924652596,76.13349924652596
435,4.387021228724609,2.845556730367751,8.336092711834956,2.92951204341571,0.3974959367690408,73.84007611053782,-16.159923889462178,16.159923889462178
436,3.4301806381309765,2.897624642971767,5.228792405264247,1.8045099174410884,0.3668748512091958,-33.923986038413176,56.076013961586824,56.076013961586824
437,0.8172152218636723,0.7325770042162602,0.9566973747216772,1.305934214718069,1.0652375360939157,-51.65522837447333,38.344771625526676,38.34477162552667
438,0.9606427264386592,0.7300356288534469,1.9375591466152104,2.654061075975473,0.4308376519320206,2.815436880093191,-87.18456311990681,87.18456311990681
439,3.380258506612113,2.882329764696109,4.798988955435533,1.6649687395992672,0.4630924277241932,-36.584665946585865,53.41533405341414,53.415334053414135
440,2.0497134554531327,1.5076400248661317,4.284080421100443,2.8415804505328395,0.3177767592050264,-3.629148590625773,86.37085140937423,86.37085140937423
441,1.9181228409342128,1.3225686994169077,2.9917050142346864,2.2620412955135456,0.5838232451806676,0.0964417267656702,-89.90355827323432,89.90355827323432
442,1.3131044552792934,1.1256417730468455,1.6187417334639964,1.4380611773872305,0.7647087408850272,66.53492507225597,-23.465074927744027,23.465074927744027
443,0.8952144227026446,0.775522816068482,1.1231788797409727,1.4482860548641696,1.0053665784882255,-6.514058813856863,83.48594118614314,83.48594118614314
444,1.2897792515977275,0.9955324196828642,1.8601176299952589,1.8684651481142285,0.7050670340656904,55.08226913957022,-34.91773086042978,34.91773086042978
445,2.040808068852193,1.5327092444284405,2.963035192343456,1.9332010967601327,0.6533822310998039,-12.609072662686268,77.39092733731373,77.39092733731373
446,1.6044383463340146,1.5735917356241589,1.7689629363791148,1.1241562193877837,0.724362108418445,9.42555494334298,-80.57444505665703,80.57444505665703
447,0.9086770491564996,0.8453182185859458,1.077066675346858,1.2741552845608637,0.8593313385359058,46.8006094394198,-43.1993905605802,43.1993905605802
448,3.4653990218585182,2.646681328986872,4.730438962999004,1.787309605879064,0.5510605315200937,64.06755178287564,-25.93244821712436,25.93244821712436
449,3.834662745683077,2.856747021937362,5.534938510882339,1.937496904128636,0.5271280506090098,-41.53143134426893,48.468568655731076,48.46856865573107
450,3.507194289640251,2.077786348607203,6.711631371083617,3.2301835920630664,0.3919604582845202,87.78442587047412,-2.2155741295258764,2.2155741295258764
451,2.18449662396525,2.054701348750475,2.6573806220151024,1.2933172130495436,0.6593232300196933,6.786149907499588,-83.21385009250041,83.21385009250041
452,1.800572999362347,1.2609747475818942,3.427933508770774,2.7184791093908456,0.3795359483724106,-22.72788456269817,67.27211543730184,67.27211543730184
453,0.9978425722559162,0.8787795089107125,1.2340445819785897,1.404271002527408,0.8735170478450299,4.782277822409758,-85.21772217759025,85.21772217759025
454,1.45354916781555,1.413539699637424,1.5817085195575094,1.1189700013117574,0.7988650980733629,43.57280533201359,-46.42719466798641,46.42719466798641
455,3.778842259842732,3.003017151280156,4.930291130559355,1.6417792114366117,0.6229397287870022,-85.43763109234588,4.562368907654104,4.562368907654118
456,5.493110041979932,4.458274200356203,7.865886483500457,1.7643343881522575,0.4135530689262017,62.14481573333781,-27.855184266662192,27.855184266662192
457,1.021890421280174,0.9776479530105612,1.137152295423309,1.1631511035455775,0.98508841037525,0.3224043779129362,-89.67759562208707,89.67759562208707
458,2.1424021849896837,1.7181026341310306,2.7701120800362675,1.6123088487302824,0.6770618234393156,-52.66934005280694,37.330659947193055,37.33065994719306
459,2.170555852193912,1.7816474721356894,2.812267868731586,1.578464826916896,0.6002361140783337,-82.5526236056158,7.447376394384207,7.447376394384193
460,1.7527313846366133,1.3103408729159236,3.394949668248993,2.5908904609639127,0.2893403011663319,-76.77042588772197,13.229574112278044,13.22957411227803
461,1.191922542518033,1.0018944513530268,1.4974359814444202,1.4946045258781304,0.8274442622330327,48.048687450059546,-41.951312549940454,41.951312549940454
462,1.4451712930335778,1.161885448660816,1.9100713366135589,1.6439411809615987,0.7475253603514193,16.802276601924504,-73.1977233980755,73.1977233980755
463,2.9608997373543837,2.4462165050736573,4.157747023428173,1.6996643652778314,0.5047813245789605,15.048668939269046,-74.95133106073095,74.95133106073095
464,1.8635374259717976,1.4029522178361682,2.7903023629474464,1.9888791132537973,0.5275808971801844,-77.97612958745869,12.023870412541328,12.023870412541314
465,9.75132687407729,8.916007154944834,18.589756025452,2.0849866652632825,0.1119588924887213,62.25401857570094,-27.74598142429906,27.74598142429906
466,2.778968733462305,2.281740678404375,3.44829605150943,1.5112567717032723,0.8717084817972252,-11.846300712964371,78.15369928703564,78.15369928703564
467,1.717743205908703,1.3122363206930718,2.6793496834677004,2.0418194811530386,0.6120349719352403,78.47807365659573,-11.521926343404274,11.521926343404274
468,1.0453852243082644,0.6710140059727209,1.81251858814379,2.7011635703733363,0.6580148260925717,-79.41581958178679,10.584180418213208,10.584180418213208
469,2.0258787676635257,1.658185353000784,3.343780736908802,2.0165301369099846,0.4243019380185566,45.71344510355689,-44.28655489644311,44.28655489644311
470,0.9414917802541344,0.9088328568277624,1.0245174547484377,1.1272891897025674,0.9372007818004022,-13.170991942546603,76.8290080574534,76.8290080574534
471,4.547392348057016,3.1605614043084653,9.125847940733278,2.8874135868054824,0.3310177986000562,-39.61107335383901,50.388926646160996,50.38892664616099
472,5.060499572977074,4.457441892022416,7.132339394370139,1.6000969989390208,0.262565913062118,61.4711274908871,-28.5288725091129,28.5288725091129
473,8.798917726175324,9.422003766645089,16.4971548371177,1.750917877524037,0.1988267246563034,-42.988857307701714,47.01114269229828,47.011142692298286
474,0.8676627389239214,0.969624283168787,1.1992935690295043,1.2368642059067922,0.5339183260397664,67.19974572386907,-22.80025427613093,22.80025427613093
475,1.2660243778180809,1.0499299717571011,1.6257775301028077,1.5484628249844146,0.7640535616520651,89.83847764022275,-0.16152235977725127,0.16152235977725127
476,4.356468635689014,3.8639698497832673,5.285528831081288,1.3679011577633704,0.6857452510958312,29.955802043366464,-60.04419795663354,60.04419795663354
477,8.76227125522861,6.719416748478402,12.395351451672855,1.844706455285685,0.4010408259678844,59.56574865050133,-30.434251349498673,30.434251349498673
478,9.58808169493463,6.126102345200974,22.7271633390196,3.7098895934743,0.1565571583933651,84.34140148284706,-5.658598517152939,5.658598517152939
479,2.628519697552557,1.9580228667846584,3.926790455461172,2.005487536470654,0.4770853655211524,-9.304336176439453,80.69566382356055,80.69566382356055
480,0.9019708538191776,0.8729129824133496,0.9932189624529544,1.1378212748159546,1.014162874479322,-34.52297345344343,55.47702654655657,55.47702654655657
481,3.3222862156564124,2.7386010155422627,4.1055111456296665,1.4991271537291626,0.7844677999050268,14.8808595175719,-75.1191404824281,75.1191404824281
482,10.631224517699732,6.929280829048391,32.9327495637631,4.752693732039982,0.1003796989667539,65.39098295259568,-24.609017047404322,24.609017047404322
483,5.73746251925277,3.5453959115500164,11.562290675031136,3.261212841523305,0.3972037442902407,-87.5230293208132,2.4769706791868202,2.476970679186806
484,1.7768132193231367,1.589322519690873,2.0503027092778527,1.2900482336817587,0.7896299678722035,13.876114602126398,-76.12388539787361,76.12388539787361
485,5.11182804333765,4.102423452174356,6.6357188259139,1.6175119178389188,0.7371345532169447,-41.61123796662748,48.38876203337253,48.38876203337252
486,1.1019327803667114,0.5484357896808979,3.1624721833161065,5.766349029037949,0.2666343687398486,-35.66707017357935,54.33292982642065,54.33292982642065
487,3.90370477216275,2.8272411337456718,5.6836559103249344,2.0103187671137697,0.5658842004098797,-10.163291120867642,79.83670887913236,79.83670887913236
488,2.3812968800479584,1.607389018549474,8.53595485944609,5.310447415616308,0.1400033141691951,-41.20927362643811,48.79072637356188,48.79072637356189
489,0.9019708538191776,0.8052871982958308,1.0879304326690826,1.35098438789464,0.8177101127538302,-0.1819813519199636,89.81801864808004,89.81801864808004
490,8.702478814516091,6.188739479349182,14.603689483128251,2.359719540927258,0.241713186775301,-35.40896456924573,54.59103543075426,54.59103543075427
491,0.8815462242933692,0.7696296190053032,1.1378995523816064,1.478502807431279,0.7707332997238553,0.1336901945081974,-89.86630980549181,89.86630980549181
492,1.6856330249272244,1.369234527033413,2.157373864921753,1.5756058018752457,0.8309348715774416,-53.959318982368885,36.04068101763113,36.040681017631115
493,5.751202432591676,5.591086869828929,6.358009867762632,1.1371688574670935,0.4477570194530474,-60.159976176393215,29.84002382360677,29.840023823606785
494,1.3450803768346336,1.2836929067631917,1.4916516961165902,1.1620004194599491,0.8054373968424565,60.68583477349719,-29.31416522650281,29.31416522650281
495,0.9917395023300404,0.7938879111238473,1.300041614136173,1.637563182308447,0.9324833693875888,23.13837162274351,-66.8616283772565,66.8616283772565
496,0.9855986414141252,0.7643373321046932,1.3769016809472576,1.8014319373303356,0.7901653538230828,48.17935424917511,-41.82064575082489,41.82064575082489
497,4.963592574551599,4.796312177570713,5.693710396398704,1.1871017118161216,0.4385127391293957,-32.78471875268601,57.21528124731398,57.21528124731399
498,2.776783150164344,2.420546745058612,6.816401463731424,2.816058594053869,0.1833566596697329,-24.010836284758973,65.98916371524103,65.98916371524103
499,0.928505064734256,0.8854269296088103,1.2187365643964998,1.3764394594762877,0.7161312455537951,-42.08441911034245,47.91558088965755,47.91558088965755
500,0.8952144227026446,0.9547374851456198,1.0332473688271728,1.08223190657438,0.7598012639454428,27.61460506521487,-62.385394934785126,62.385394934785126
501,5.34636163821674,4.931360039365003,6.141370672565472,1.2453705719196035,0.6663900075674793,22.88044189914969,-67.11955810085031,67.11955810085031
502,1.1345092346885122,0.8771261031292152,1.7387800563257412,1.9823604041910377,0.628194579630488,-9.5707352090625,80.4292647909375,80.4292647909375
503,3.130342589756744,2.238158617337373,5.6065056124625245,2.5049634860697703,0.3070446034361481,-51.24992973185006,38.750070268149955,38.75007026814994
504,1.8602766405761075,1.469374524661973,2.4462961721161656,1.6648554409087306,0.8388221257726376,26.08890163048936,-63.91109836951064,63.91109836951064
505,1.021890421280174,0.976995182256425,1.138320501023949,1.1651239654989232,0.9604585267545634,32.38985114746747,-57.61014885253253,57.61014885253253
506,3.0577393714703147,2.629708360454946,3.6738470841062023,1.3970549507895311,0.7911969082170062,9.580725418324215,-80.41927458167578,80.41927458167578
507,1.5348147620304609,1.3317055521151933,1.8642561650668457,1.3999011734281537,0.8120990324855415,-2.456417295312236,87.54358270468776,87.54358270468776
508,3.176549406798542,2.7668792482640794,5.525378422338409,1.9969712902379069,0.3145124706601093,-74.857831577149,15.142168422851,15.142168422851
509,2.347918561217162,2.607610686468214,4.26067606376399,1.6339387186415897,0.2510813512246201,22.98890192713282,-67.01109807286718,67.01109807286718
510,2.4933892525089543,1.8313507486159333,4.92135730055559,2.687282763432929,0.3016645528401011,21.453525249008845,-68.54647475099115,68.54647475099115
511,4.34390791189476,3.536997074213974,5.597957248480308,1.5826864232632536,0.6555935221226159,-79.55755977688534,10.442440223114659,10.442440223114659
512,1.0099380753567209,0.7738562541339082,1.445986064856276,1.86854607316524,0.7652123395680023,7.561461980197953,-82.43853801980205,82.43853801980205
513,2.8840340825413238,2.3127532046192414,4.945433470682035,2.138331690906131,0.3736899329058799,-63.2141711460477,26.785828853952296,26.785828853952303
514,1.502835947650602,1.0077412243831274,2.8528049537445117,2.8308903959851497,0.450363663221803,-72.62588116501988,17.374118834980123,17.374118834980123
515,1.5583682828180965,0.9629673305662444,2.7019039799663656,2.8058106378101018,0.5898380595951557,74.74373027903236,-15.256269720967637,15.256269720967637
516,1.0511768765181757,0.984696691640048,1.1646918219472826,1.1827924596836474,1.0361576885979122,72.78031243830988,-17.219687561690122,17.219687561690122
517,1.6964039525710572,1.4663548197557883,2.0107977074703083,1.371290004560556,0.8904443190697168,-12.068923997608756,77.93107600239125,77.93107600239125
518,5.616615266026823,3.91759412074512,9.822482770620915,2.5072742269565933,0.3843077735330438,-0.1919917176667085,89.80800828233329,89.80800828233329
519,0.928505064734256,0.7749543806482232,1.151483604890847,1.485872760571622,1.0281623513332,-83.4295738377982,6.570426162201784,6.570426162201798
520,3.684478311831165,2.7158841639702715,5.675400107895802,2.089706248590183,0.4333813721882556,82.51793425947717,-7.4820657405228275,7.4820657405228275
521,1.0278144733504384,0.9243571538711128,1.3037689109006525,1.4104601294430428,0.7876138654837666,-29.58420076833399,60.415799231666014,60.415799231666014
522,1.062665489594652,1.0694924177269998,1.1555071144925944,1.0804257190980393,0.8687234007385829,-20.91940739003384,69.08059260996616,69.08059260996616
523,1.2944779165271465,1.092732146477217,1.966943671556613,1.800023617771021,0.5051061506956732,80.08541459678135,-9.914585403218652,9.914585403218652
524,1.5700125414998518,1.0449972693379337,2.489968162163441,2.382750879091752,0.621940737403464,-58.50997494159441,31.490025058405593,31.490025058405593
525,1.7904288454052892,1.523467172335799,2.1445160056344905,1.4076548839227638,0.8382250082774892,22.534965779073005,-67.465034220927,67.465034220927
526,5.137890834981949,3.4642092458606117,7.789816308580143,2.248656404888996,0.6696441317218415,57.9168207410882,-32.0831792589118,32.0831792589118
527,1.2612197138901655,0.6081784536328098,3.711396019183399,6.102478634378207,0.2890000601807578,-9.797606527990723,80.20239347200928,80.20239347200928
528,1.3131044552792934,1.1156814838548623,1.708712087304488,1.5315411360961266,0.8242698958042457,57.45758327376818,-32.54241672623182,32.54241672623182
529,2.190048085582714,2.1067017884813044,2.6941169001164176,1.278831638557906,0.4995637316169239,4.858330970389087,-85.14166902961091,85.14166902961091
530,1.0796692170979234,1.0177175709547506,1.276832204790474,1.25460367515581,0.7661922769876252,11.820535970004144,-78.17946402999586,78.17946402999586
531,1.1609582232861997,0.9230277041918772,1.7343231383472084,1.8789502530323623,0.6390934376516993,36.49357157985818,-53.50642842014182,53.50642842014182
532,2.116743748196358,1.9365252752724005,2.588032491966694,1.3364310422453174,0.6697719282044,-56.18200394036022,33.81799605963977,33.81799605963978
533,1.69282125807016,1.5226058391384858,3.989734103574509,2.6203328537292108,0.2247780995422849,-26.06424380301227,63.935756196987725,63.935756196987725
534,1.139848131163964,1.1428073760674495,1.2175375217445652,1.0653917250116742,0.8618733076568166,-39.08777768668346,50.91222231331653,50.91222231331654
535,1.2171245375823248,1.1635785142149406,1.412484008684058,1.213913793893876,0.7776150005160232,-74.12063086648122,15.879369133518765,15.879369133518779
536,4.728049306378261,3.773662817012736,7.063774234964767,1.871861524861013,0.2979964016854437,-43.47649426693845,46.52350573306154,46.52350573306155
537,1.522901401330112,0.8598825573506577,3.2314009131348285,3.757956113321964,0.3865563768015061,16.22978989281258,-73.77021010718742,73.77021010718742
538,1.833981655109284,1.7552151510203458,1.9714718101438369,1.1232080631242136,0.8744344857369005,-25.89074337402524,64.10925662597475,64.10925662597475
539,4.616296157141544,4.078345086541167,6.744519431919159,1.6537392713962729,0.2189827873925155,40.6237427445457,-49.3762572554543,49.3762572554543
540,1.1609582232861997,0.934269099552608,1.51517386369352,1.62177456625622,0.8727517242604574,33.26195150325824,-56.73804849674176,56.73804849674176
541,1.4068535956126136,1.151638434384492,1.842627658869582,1.6000053522479023,0.7569609401109416,12.626413430899936,-77.37358656910007,77.37358656910007
542,3.4706509556956857,2.7805444288728647,4.455740594760168,1.602470562416573,0.684402200173534,49.44219581458788,-40.55780418541212,40.55780418541212
543,1.380717816333713,1.0055795673133952,2.9513612522507304,2.93498530418222,0.3309500198878964,-41.44770828877642,48.552291711223575,48.55229171122358
544,0.8815462242933692,0.4948475711832777,1.7582720801585738,3.5531589575234244,0.5556999061886678,-37.40736048109566,52.59263951890435,52.59263951890434
545,11.680487471887142,7.526574519195728,22.516620205640645,2.99161592676913,0.1588307334041027,12.456621442459392,-77.5433785575406,77.5433785575406
546,1.5815710720799827,1.3401129134201242,1.958596871176118,1.4615163032624994,0.7323436610746488,45.6473374030602,-44.3526625969398,44.3526625969398
547,2.363382516914025,2.137009644153434,3.042493415106358,1.423715341402508,0.4919638256772244,-35.404351708327745,54.59564829167226,54.595648291672255
548,3.435486411817406,2.764622951395,4.455884616902934,1.6117512931210176,0.7626002141091507,8.52398734536533,-81.47601265463467,81.47601265463467
549,1.0683634687220958,1.0393289052982253,1.529128850559312,1.4712655856718846,0.5125196136654565,-12.727986799372768,77.27201320062723,77.27201320062723
550,6.502337178445493,4.322228104485866,12.954101924447455,2.997088911388761,0.2189651540779033,57.5908846859268,-32.4091153140732,32.4091153140732
551,1.7388205981619584,1.1747030156636662,3.6873043508872967,3.1389247339286843,0.3363882133777795,2.6810983853966697,-87.31890161460333,87.31890161460333
552,6.717272324159547,4.658843418410323,11.106787894151806,2.384022577419361,0.3456478102571941,83.05248005089835,-6.947519949101647,6.947519949101647
553,0.9978425722559162,0.790731416011359,1.3451994411796795,1.7012090501793793,0.7842519695798587,80.53411712936779,-9.465882870632214,9.465882870632214
554,1.3718952479298128,1.1679121439948998,1.813516685097947,1.5527851940084514,0.6434052546597323,-17.110146058605643,72.88985394139436,72.88985394139436
555,3.5433607654737886,2.8157946986738525,9.202439435463376,3.268149996801055,0.1259547310435234,-22.31028819046414,67.68971180953586,67.68971180953586
556,1.1504515979244476,1.0550093670756917,1.467586469364971,1.3910648712369955,0.7020400669853079,83.71005903595412,-6.289940964045883,6.289940964045883
557,0.8746320295080829,0.5695636186892947,1.7093245109320447,3.001112526930036,0.5943741012814534,8.51906699002879,-81.48093300997121,81.48093300997121
558,2.873489132855324,2.470023692683816,3.519633216837633,1.424939051096048,0.7089650931059723,1.4690141646756818,-88.53098583532432,88.53098583532432
559,2.770216054293097,2.0564734853125723,3.8372501728249135,1.8659371006875267,0.6868846420086572,27.991650594850853,-62.00834940514915,62.00834940514915
560,1.4660262135550917,1.3265049902690265,1.8559420611595856,1.399121808643317,0.6478535411096679,-59.3525508460033,30.647449153996718,30.647449153996703
561,9.632304484673083,10.378668445475514,13.945326107073011,1.3436527219589862,0.0812060891176844,89.92060469680654,-0.07939530319346488,0.07939530319346488
562,0.8022191731670073,0.7262393287411801,0.9277425069069408,1.2774611208608522,1.1159347449495425,89.38360973450041,-0.6163902654995894,0.6163902654995894
563,2.016868142863207,1.8179771278180792,2.287267534509375,1.258138784867186,0.8453309002286772,47.570511563496254,-42.429488436503746,42.429488436503746
564,2.3035403350478,1.7748071839260997,3.253561501475726,1.833191532546332,0.6226043156101203,-24.00617546111665,65.99382453888335,65.99382453888335
565,1.039561305877423,0.9210625458919806,1.3009138958399786,1.412405597906644,0.7339922988570157,-62.08804026779591,27.91195973220408,27.91195973220409
566,1.3630155737347494,1.1271238730823716,1.7476519829850772,1.550541182492864,0.8114015670498547,2.116674018192773,-87.88332598180723,87.88332598180723
567,1.4577200491801383,1.137635750231053,2.1041259084534096,1.849560290300356,0.6526395531508268,-53.87153743866269,36.1284625613373,36.12846256133731
568,3.114787996164301,2.786238952372922,3.655981724045268,1.3121565617807558,0.5990715959437523,84.15918649813628,-5.840813501863721,5.840813501863721
569,2.0078170808425457,1.6753029068773722,2.468265180381399,1.4733247165326322,0.8665462078204966,39.32516640499361,-50.67483359500639,50.67483359500639
570,1.5108941070107518,1.557091931782412,2.0015910645781987,1.2854674947078852,0.4900025321619514,15.858548741589896,-74.1414512584101,74.1414512584101
571,1.2020667470700563,0.8643094485863608,1.766048119443015,2.04330534894824,0.8057969117963607,21.71879053255139,-68.2812094674486,68.2812094674486
572,1.5700125414998518,1.4833369171237254,1.7911741284195388,1.2075302028434156,0.7572705967636664,66.36418820382086,-23.63581179617914,23.63581179617914
573,3.103070883802434,2.363736399221388,5.812730427189632,2.459128026756427,0.3553112927029924,-9.307099835371472,80.69290016462853,80.69290016462853
574,1.6418428647199157,1.4579072999217944,2.1527750168394024,1.476619958590565,0.5262362682189617,65.06913072157994,-24.93086927842006,24.93086927842006
575,1.1237553499514827,1.1301869834245937,1.2765640970870775,1.1295158374758,0.7143380432933992,-83.14325744535736,6.856742554642636,6.856742554642636
576,2.1955855105673847,2.1815552090216497,2.497637602358944,1.1448885602482854,0.5595931357708215,-78.71693849863422,11.28306150136578,11.28306150136578
577,0.9669420905017878,0.9352290454417752,1.2675767007169678,1.3553649845404463,0.6559637173590644,-13.16812920252053,76.83187079747947,76.83187079747947
578,6.332039817293508,5.916919710248259,9.713393453140236,1.6416300928194758,0.2697068832040132,6.9731560174321805,-83.02684398256783,83.02684398256783
579,2.3889333407400763,1.8005468202582036,3.286060868177952,1.8250349456098685,0.729905711550613,50.47031176587727,-39.52968823412273,39.52968823412273
580,1.171370613113025,0.7209317114775894,2.032593338089979,2.8193978787866976,0.7098843616636598,87.12848111896574,-2.8715188810342624,2.8715188810342624
581,1.7836340245157871,1.1465352384309082,4.774637786468055,4.164405616527224,0.2647599966506144,-33.154498688765926,56.845501311234074,56.845501311234074
582,2.9444501670888434,2.7107202012726543,3.937498448350624,1.4525654276313766,0.5092418415770568,14.657249874937888,-75.34275012506211,75.34275012506211
583,1.6006498207486113,1.6660179339912138,1.677708752239672,1.0070172223299247,0.7771201433581448,75.77375051833279,-14.22624948166721,14.22624948166721
584,1.0099380753567209,0.702995829720295,1.5898167123034244,2.261488112861173,0.7454933883155503,35.05491193803918,-54.94508806196082,54.94508806196082
585,1.8372891089324668,2.144808517699883,2.4766286941563536,1.1547085316559254,0.3627642726774754,-8.883599779702099,81.1164002202979,81.1164002202979
586,3.261423196617267,2.399421195054766,7.286867727908768,3.036927298519778,0.2209779493928947,-17.22017281012143,72.77982718987857,72.77982718987857
587,2.34274122622605,2.011520669151543,2.939711918486798,1.461437589764745,0.7141092613715326,-14.459147062710509,75.54085293728949,75.54085293728949
588,2.555914021668825,2.0208416689662165,3.3545323118970405,1.6599679051615597,0.7052417891740705,-77.22507706226955,12.774922937730452,12.774922937730452
589,3.6112474098679086,2.5792915426245373,5.26641452610102,2.041806612036661,0.6531918182278793,83.05152793724095,-6.948472062759052,6.948472062759052
590,1.0039085404212729,0.817272002745015,1.53468404741743,1.877813068675796,0.6624370728122176,-46.91859445200623,43.08140554799377,43.08140554799377
591,0.9219431092603804,0.6820234617147695,1.3497923009469597,1.9790995130185995,0.7364364977993666,-41.02905160060806,48.97094839939194,48.97094839939194
592,4.239220048099806,4.0277929830626,5.349074680260866,1.328041114018131,0.4771249089095247,51.55288604196897,-38.44711395803103,38.44711395803103
593,10.11559887924014,5.77180813904115,32.20261876807603,5.579294736125053,0.1187783771919221,18.09898224039833,-71.90101775960167,71.90101775960167
594,2.156524962728441,1.8917511977732808,2.5456909458299326,1.3456795739452332,0.7866546592336282,58.72176179866829,-31.27823820133171,31.27823820133171
595,2.789870967299997,2.2302281285691867,3.642696439886697,1.6333290721356322,0.7488181725419847,54.47708842910443,-35.52291157089557,35.52291157089557
596,1.3718952479298128,1.1098521274827973,1.8708720959248824,1.6856949224110769,0.728804220800604,-29.545110999685992,60.45488900031401,60.45488900031401
597,3.562158567226919,2.416022730263723,8.223131968198718,3.403582203591733,0.1836126750594841,-64.76858847281706,25.231411527182956,25.231411527182942
598,0.9978425722559162,0.9226627610707366,1.1727136311382138,1.2710100381392837,0.7621844414134369,-70.47786745684836,19.522132543151656,19.522132543151642
599,1.1183396299962336,0.988445324755949,1.331339779521927,1.3469028040075357,0.8577818193734446,89.8487431998236,-0.1512568001763981,0.1512568001763981
600,4.961145646833485,3.0877710252059454,10.79504267400875,3.496063207371004,0.2441782482422226,42.685661161960105,-47.314338838039895,47.314338838039895
601,1.0683634687220958,0.9341604149264072,1.3512315649948423,1.446466306433346,0.746162637846275,57.502990917965256,-32.497009082034744,32.497009082034744
602,4.472001105746434,3.5439572670041617,8.248008869200959,2.327344335100661,0.2203616568459032,1.4404307900991458,-88.55956920990086,88.55956920990086
603,1.1237553499514827,1.0523645744665096,1.266326645694757,1.203315539518911,0.93693292970208,-32.82892487025406,57.17107512974593,57.17107512974594
604,6.819530713231596,4.6082389383959,15.942559182793332,3.4595773778047283,0.254930078814784,9.400268747547734,-80.59973125245227,80.59973125245227
605,1.2991595879263365,1.1498810183112207,1.660064718314506,1.4436839045769878,0.6988858805067485,4.515242753183988,-85.48475724681602,85.48475724681602
606,0.8884066096615684,0.7256818680330132,1.157202398520873,1.5946414668696516,0.9633194029112816,10.496813759675554,-79.50318624032445,79.50318624032445
607,1.0099380753567209,0.5976387919409187,1.978812697543244,3.3110512975852227,0.4360904729627782,3.1553883908860607,-86.84461160911394,86.84461160911394
608,1.5968523069270035,1.191019793669938,3.183276702117703,2.672731989036842,0.4083023539682882,62.37207337546765,-27.62792662453235,27.62792662453235
609,1.2020667470700563,1.1928584190631877,1.4143243387636135,1.1856598538109449,0.7638857817204547,-19.279975470638515,70.72002452936148,70.72002452936148
610,3.508924955568251,3.0330663825644977,5.320345712645413,1.7541144972062863,0.2494993248288529,28.068855972185503,-61.9311440278145,61.9311440278145
611,0.9479184199131095,0.9172269778838272,1.1078302545783714,1.2078038275043903,0.7755536566806616,31.399300936384623,-58.60069906361538,58.60069906361538
612,4.457042264330483,3.078292601858301,7.320082696371662,2.377968453016026,0.5228093606135353,29.40923889169784,-60.59076110830216,60.59076110830216
613,1.4240109808516253,0.9819459604734176,2.385491897993488,2.429351506108737,0.6194492736370891,33.37305358426344,-56.62694641573656,56.62694641573656
614,3.828324455820301,2.5585254793587677,5.940727641684961,2.321934133395404,0.6466283998154971,55.01136560989792,-34.98863439010208,34.98863439010208
615,1.5583682828180965,1.3828936072975182,1.914201867136342,1.384200387531705,0.7733903034971348,40.38838200899026,-49.61161799100974,49.61161799100974
616,0.973200680696656,0.6840384453785904,1.4630384739686868,2.1388249211035912,0.796045204218193,-85.84260714504104,4.157392854958971,4.157392854958957
617,1.176542252445381,0.9772937704400076,1.7355977223816088,1.7759222199893792,0.5487719542293327,82.96490573567877,-7.035094264321231,7.035094264321231
618,1.139848131163964,0.8141152578513466,1.6723959134852362,2.054249563997985,0.7711801881456828,-19.56779189981891,70.43220810018109,70.43220810018109
619,1.2020667470700563,0.6365373975728941,2.7649027295758564,4.343661095354935,0.4274415115976244,13.575809807961583,-76.42419019203842,76.42419019203842
620,1.2418151765086958,1.064749444976432,1.5449811168886436,1.4510278678030597,0.8350889756019856,15.532390510666833,-74.46760948933317,74.46760948933317
621,1.0453852243082644,1.067715558263628,1.2458576730831097,1.1668441687870366,0.7076365331841546,29.66498663767084,-60.335013362329164,60.335013362329164
622,1.667526881973112,1.547307391480294,1.9128575096961955,1.2362491901923789,0.6728059905844651,-8.120396320339609,81.87960367966039,81.87960367966039
623,1.176542252445381,0.9259371956523316,1.71725540924527,1.8546132689220325,0.646256477898031,-42.27831694774567,47.72168305225432,47.72168305225433
624,1.0796692170979234,0.9684798841799042,1.286016638335735,1.327871295359652,0.834295323708583,-1.99725496322162,88.00274503677838,88.00274503677838
625,2.102353753036351,1.4580525474828552,3.36757432403814,2.3096385173852854,0.6067246677421528,-14.238435827517774,75.76156417248222,75.76156417248222
626,0.8606370140730026,0.7429293873624961,1.0606273025732904,1.4276286826378837,0.9599002840373448,-31.62761767131143,58.37238232868857,58.37238232868857
627,0.9414917802541344,0.834190072831099,1.2223953531837417,1.4653678975525806,0.7200162291427944,61.77778264331421,-28.22221735668579,28.22221735668579
628,4.866003403483281,6.045374462676182,6.737505162040212,1.114489301471267,0.1562109752640191,-74.16662182554309,15.833378174456925,15.83337817445691
629,3.093272719512472,2.197743868660859,4.7847774494165165,2.177131520031041,0.5317250950246395,39.101303636538965,-50.898696363461035,50.898696363461035
630,1.550556863789422,1.1827280664770172,2.610912194903754,2.2075338101013005,0.4350896337067432,-47.264493368302055,42.735506631697945,42.735506631697945
631,1.0511768765181757,0.8118584587191647,1.534727604861129,1.890388143867349,0.6661292381162428,-70.47821918703113,19.52178081296887,19.52178081296887
632,1.4824989352200384,1.279460720202261,1.8084928911087377,1.413480587995578,0.7815737105658748,-19.56520192622926,70.43479807377074,70.43479807377074
633,0.9219431092603804,0.7493177573105485,1.1961265412497049,1.5962874622681338,0.9258872240173436,24.29948427264509,-65.70051572735491,65.70051572735491
634,0.8172152218636723,0.8158418347057497,0.8851075542170045,1.0849009165314951,0.9502609154478386,-54.36486274151302,35.635137258486964,35.63513725848698
635,0.9855986414141252,0.948727156617472,1.0831531012445352,1.1416908367062415,0.9634166246548193,68.37363654420932,-21.62636345579068,21.62636345579068
636,1.4240109808516253,1.3442650298447163,1.8133161262931912,1.3489275448180462,0.5603220116867154,-67.96757404098062,22.032425959019378,22.032425959019378
637,0.8815462242933692,0.7320899160196496,1.1290467393772554,1.5422241375975343,0.9008005687620932,39.504531743456425,-50.495468256543575,50.495468256543575
638,1.021890421280174,0.9647726923404356,1.160855623679157,1.2032426217029892,0.94089150687879,39.10336142716068,-50.89663857283932,50.89663857283932
639,2.852282281155385,1.133006492763917,9.013881800208882,7.955719457723436,0.2305755702145062,1.1992575301158253,-88.80074246988417,88.80074246988417
640,1.824023310076927,1.5866498492818026,2.171913144550597,1.3688673310836124,0.8072617199732084,38.98054761220049,-51.01945238779951,51.01945238779951
641,1.326902779425731,1.1074252337931223,1.6432184598572117,1.483818870759252,0.8458966384774245,78.49939998695574,-11.500600013044263,11.500600013044263
642,1.0511768765181757,0.9031549928651524,1.3714813109287731,1.5185447921601043,0.679875449471945,38.82761237532216,-51.17238762467784,51.17238762467784
643,1.8306682257451572,1.673020034979722,2.074484012780743,1.2399636402476717,0.8414636515534615,2.083255969791965,-87.91674403020804,87.91674403020804
644,1.415458284986553,1.272273637574415,1.881784695811398,1.4790723003575028,0.5693540811320472,46.249028362407046,-43.750971637592954,43.750971637592954
645,1.3314704444981866,0.9796827580545054,1.963571808042078,2.004293524509322,0.721843710471534,-44.72784898541328,45.27215101458671,45.27215101458672
646,1.3585539723246187,1.2527292704831143,1.5310864098583965,1.2222005551669866,0.8417495226816073,-74.94784763149947,15.052152368500515,15.05215236850053
647,1.4947343471339476,1.2005221953297114,2.0548278416195926,1.7116117049841422,0.6252845244686747,25.561996367593306,-64.43800363240669,64.43800363240669
648,1.585405189396292,1.4341869899372572,1.9775191227614357,1.3788433005154703,0.6635156699909469,-11.566227317890458,78.43377268210955,78.43377268210955
649,2.329747552941477,1.7179241632196924,3.3592592969972053,1.9554176889283408,0.6161715805045131,27.59400338242902,-62.40599661757098,62.40599661757098
650,1.1970053909181526,0.7348249039323016,2.322492319415145,3.1606064342494204,0.4782407958452612,-65.51875857947078,24.481241420529216,24.481241420529216
651,1.0039085404212729,0.887474328168169,1.2748610532942528,1.4365047109877382,0.7830642921644545,-12.252445720555556,77.74755427944444,77.74755427944444
652,1.2369164782162358,1.0814961290684395,1.6690977003451628,1.5433228612504246,0.6836864503219461,-46.64451577407225,43.35548422592774,43.35548422592775
653,0.9978425722559162,0.760426118135803,1.4877177684368823,1.9564264469032795,0.6607686790944202,24.1284512250428,-65.8715487749572,65.8715487749572
654,1.1074287385521373,0.8937443277751497,1.50854822284848,1.6878968357805388,0.7449652762893572,-11.13281209724475,78.86718790275525,78.86718790275525
655,2.295619829069859,1.5626581321918287,3.849421223256117,2.463380277461462,0.4854782851591837,46.83277605781174,-43.16722394218826,43.16722394218826
656,1.2803301921000927,1.1509041123494417,1.4927764944399078,1.2970467986186722,0.8620669141464695,20.56644966520532,-69.43355033479469,69.43355033479469
657,5.7564782821852765,4.05371586287322,8.490155583962121,2.094413094346581,0.6735497345664233,40.67755247457045,-49.32244752542955,49.32244752542955
658,1.0099380753567209,0.8954972630134155,1.185977873159608,1.3243791155415745,0.9947034802428112,-16.388052340811996,73.611947659188,73.611947659188
659,1.3851080271465486,1.3293372540369215,1.5055653612064597,1.132568395743345,0.8316872155756024,31.997743145088464,-58.002256854911536,58.002256854911536
660,4.673806027801789,2.9229347119746723,8.102755347633646,2.7721301178703364,0.4936897038561378,-42.94496108850773,47.05503891149226,47.05503891149227
661,1.0159318257539256,0.9362783463936524,1.14115549288799,1.21882076765257,1.044934771584324,-17.72752668526886,72.27247331473114,72.27247331473114
662,1.780226888597607,1.870756838690702,2.9132878200332137,1.5572776535042117,0.2415486942158644,-11.324340546264269,78.67565945373573,78.67565945373573
663,1.2020667470700563,0.8463556602616338,1.789421135215895,2.114266164017538,0.7567879599212551,5.190210697464067,-84.80978930253593,84.80978930253593
664,1.3585539723246187,1.068602295951158,3.2284557982982403,3.02119489217886,0.3390285965352586,-37.57698526249179,52.42301473750821,52.42301473750821
665,1.0740312192037882,0.8430022711712973,1.4806270333221931,1.7563737180268295,0.7411172718536392,8.298895550368258,-81.70110444963174,81.70110444963174
666,1.4240109808516253,1.3281426022778429,1.6095989158602588,1.2119172392329722,0.7020444951113766,17.05302431607423,-72.94697568392577,72.94697568392577
667,1.2171245375823248,1.0221166197312423,1.5920073695136812,1.5575594201102876,0.7332672127128987,-19.272638165201265,70.72736183479873,70.72736183479873
668,2.3505029522705425,2.01735141236259,3.936275587177281,1.951209671778192,0.2861938917347512,-37.38806791019221,52.611932089807794,52.61193208980779
669,2.004790979528443,1.2696706268311853,3.8786736763796665,3.0548660372335865,0.4055316713880073,61.573775447936974,-28.426224552063026,28.426224552063026
670,1.0278144733504384,0.7954955545909543,1.4725458385000552,1.8511050501812567,0.6911878489120827,2.7595676923698576,-87.24043230763014,87.24043230763014
671,0.8392070033186643,0.7541703183440367,1.0816054205574377,1.4341659890996026,0.7461986065186019,-79.05192616441744,10.948073835582562,10.948073835582562
672,1.3038244488524504,1.094640938447366,1.9239353058078108,1.7575948772176495,0.5748959618907634,-77.40480608256858,12.595193917431402,12.595193917431416
673,1.1451621372724683,0.8499036187600959,1.8237875425252057,2.145875723162452,0.5686812674131067,-66.00804871070203,23.99195128929796,23.991951289297972
674,2.555914021668825,2.149293488601032,3.645638909729883,1.6962033938430705,0.5438235181595479,-47.21953644397729,42.78046355602271,42.78046355602271
675,1.5068704138297195,1.3206540211666562,1.9441776500944763,1.472132457808294,0.6124448687263123,2.8748491953866004,-87.1251508046134,87.1251508046134
676,1.2171245375823248,1.0153115801154802,1.6196108094016417,1.595185991296809,0.7295608635327911,-71.6273207599588,18.37267924004118,18.372679240041194
677,5.612289801183444,4.340428289413093,12.879092913324683,2.9672401096312497,0.1392180404546843,-1.738036487742188,88.26196351225781,88.26196351225781
678,1.6565682076297277,1.2863841525169748,2.247498356843703,1.7471440023932083,0.7198351656322944,-21.48226565822982,68.51773434177018,68.51773434177018
679,0.9917395023300404,0.9082000648580458,1.216802361922105,1.3397955021202232,0.7478369839417932,-54.54711526354055,35.45288473645945,35.45288473645945
680,0.928505064734256,0.9080345807792348,1.0686810413846046,1.1769166769700667,0.8602973334956558,69.07256348039287,-20.927436519607127,20.927436519607127
681,7.394453396680204,6.192243018925281,10.15756821529632,1.6403697633073928,0.3501353322765175,-14.663375854473646,75.33662414552636,75.33662414552636
682,1.0796692170979234,0.9293833468043774,1.441722461723049,1.5512678021188089,0.6897179070879202,-81.8626509544249,8.137349045575093,8.137349045575107
683,2.043780842560348,1.091447346071208,4.600532481688182,4.215075054466288,0.4223592185308213,-4.8737842840372005,85.1262157159628,85.1262157159628
684,2.60531959943058,2.6104216332892407,3.11249516033939,1.192334265333802,0.5307360954630778,50.82315725697288,-39.17684274302712,39.17684274302712
685,2.2529068918238173,1.926325801432114,2.699598449327084,1.4014236051451343,0.7983718529571274,-67.7278781862659,22.27212181373409,22.272121813734103
686,1.6784140066373283,1.2776353148559678,2.434960234216663,1.905833539433093,0.6797271314635338,-61.40080967603529,28.599190323964706,28.599190323964713
687,0.9917395023300404,0.8721065484158991,1.307398607091951,1.4991271530602766,0.7555996628655145,-30.72671709796813,59.273282902031866,59.273282902031866
688,1.1291450947814663,1.0959909567674733,1.4134013649100063,1.2896104262381018,0.6142917015680779,-72.572582561812,17.427417438188,17.427417438188
689,1.45354916781555,1.418355387134655,1.544550975267834,1.0889731792735795,0.8044524089981538,41.982480601026126,-48.017519398973874,48.017519398973874
690,1.0159318257539256,0.8115850582914357,1.448451011405099,1.7847186768746155,0.6241956490600481,56.111460834153405,-33.888539165846595,33.888539165846595
691,1.139848131163964,0.939640794598904,1.4363195777486306,1.5285836736811105,0.8824401795247266,33.71236702213787,-56.28763297786213,56.28763297786213
692,1.1291450947814663,0.918354518381356,1.5837414645018508,1.7245425734859685,0.5975438606667199,-41.11574375553884,48.88425624446117,48.88425624446116
693,1.432512614476725,1.3746961941967315,1.5455484273336726,1.1242836299818042,0.8505750411878635,-3.864622471873925,86.13537752812607,86.13537752812607
694,1.2515550525870838,1.1991061055855972,2.7794026361772315,2.3178954916753414,0.2798440841502636,-76.39739644535729,13.602603554642712,13.602603554642712
695,3.015754687441581,2.380269707625614,4.132752069516752,1.7362536927125325,0.6090187158628388,-65.75207674679154,24.247923253208455,24.247923253208455
696,2.9792969441439467,2.32662360774879,3.919117538858792,1.6844656461862682,0.7371661617133145,88.06817528169856,-1.931824718301442,1.931824718301442
697,1.870041939381716,2.078877744941136,2.570309342507262,1.23639273582201,0.2721074058802559,-1.592984620442812,88.4070153795572,88.4070153795572
698,1.2660243778180809,0.9927189799170354,1.7119017294743892,1.7244575394513544,0.6768394525641895,63.236732219533536,-26.763267780466464,26.763267780466464
699,1.4025314545362868,1.2659547015729566,1.6484829629493931,1.3021658365035833,0.7205857293847091,-14.334443139334615,75.66555686066539,75.66555686066539
700,2.2148574771042746,1.5492277530822254,3.673351057117088,2.3710852389578414,0.5730716644304071,88.38531412915079,-1.6146858708492147,1.6146858708492147
701,1.3450803768346336,1.180483863526474,1.6005577455922828,1.355848898104305,0.8509465845135802,-74.65541929294442,15.34458070705557,15.344580707055584
702,1.952629861669301,1.6467688961470133,2.637435090441143,1.601581798521952,0.5796956353868876,-13.703564465337315,76.29643553466269,76.29643553466269
703,3.116736565636193,2.1297545245455645,5.00766321127441,2.351286570147289,0.6250440933187061,-89.69681611996812,0.3031838800318951,0.3031838800318809
704,1.0039085404212729,0.8334372065640805,2.78105895651418,3.3368548159486955,0.2980508439217358,-87.46926217959502,2.5307378204049655,2.5307378204049797
705,1.1504515979244476,0.7665059426283678,2.2277484886738463,2.9063681894426567,0.5079642752112161,-1.764331893582722,88.23566810641728,88.23566810641728
706,3.834662745683077,2.8329449671900773,5.823745181303511,2.0557212542959946,0.4720289939522997,12.669423386385349,-77.33057661361465,77.33057661361465
707,1.2563966762852905,1.182884283963746,1.6610945687662064,1.404274780961683,0.5884550635563146,-73.5541788274851,16.44582117251491,16.445821172514897
708,4.744713216239947,4.21558807783112,5.783787117122349,1.372000065077054,0.4518122457481539,9.399578005514371,-80.60042199448563,80.60042199448563
709,1.986537570863388,1.5141891685302682,2.7716503952672724,1.8304518701302996,0.7171369044715855,-83.49173601970844,6.508263980291559,6.508263980291559
710,7.764522076340515,7.629998917684907,9.83744970472224,1.2893120707947776,0.4125023523960952,81.87379596686938,-8.12620403313062,8.12620403313062
711,10.204635314690574,11.074954981157994,11.498189493650203,1.0382154612106569,0.1766418452876758,34.41833122269858,-55.58166877730142,55.58166877730142
712,5.8537424060208005,4.391511212522396,10.607031013796608,2.415348726322423,0.2569226999750448,71.72990364354226,-18.270096356457742,18.270096356457742
713,2.3035403350478,1.953054462296662,2.82292786816483,1.4453912692456383,0.7618433654655945,-12.414295052361313,77.58570494763869,77.58570494763869
714,1.1291450947814663,0.7399479272566282,2.005898717123518,2.710864701737091,0.5527035293382169,-78.82588956209966,11.174110437900339,11.174110437900339
715,1.0740312192037882,0.9601073830827204,1.3093411889069804,1.363744526891291,0.7547453522603204,-18.58308578157322,71.41691421842678,71.41691421842678
716,10.757257212606362,9.93401659677946,27.85417378256646,2.80391858733119,0.0557976177670666,39.76293050979207,-50.23706949020793,50.23706949020793
717,1.7353254778478429,1.256030571905448,2.6813185586621864,2.1347558082081712,0.5743472320253349,62.21530227636134,-27.784697723638658,27.784697723638658
718,4.346702320618566,3.51101058198119,6.055222789135403,1.724638148404146,0.531794916636158,32.03448148317183,-57.96551851682817,57.96551851682817
719,1.0740312192037882,1.063720443857558,1.1753406032520406,1.104933735211194,0.8782826663637576,-51.78028005177101,38.219719948229,38.21971994822899
720,1.085277926096956,1.0220129245751024,1.3071690574734074,1.2790142140490617,0.6838576562648188,-62.72866958979379,27.271330410206218,27.27133041020621
721,7.884019094773119,4.794432678824824,14.505700965010115,3.0255302215580686,0.4471607321121126,-18.69939232799371,71.3006076720063,71.3006076720063
722,0.8172152218636723,0.5085967240808531,1.3706855447986463,2.695034159482208,0.8000447425074814,77.87059152235324,-12.129408477646763,12.129408477646763
723,1.6044383463340146,1.327962201545533,2.169979228182993,1.6340670130953192,0.6402241251098345,32.48795636376581,-57.51204363623419,57.51204363623419
724,4.096463826376787,4.231758640630548,7.714101154439258,1.8229066942461132,0.1088651155024954,75.10435421308597,-14.89564578691403,14.89564578691403
725,3.94393426287031,3.032203840363849,6.2795485249484,2.070951972739038,0.4685237796793583,27.11769214013551,-62.88230785986449,62.88230785986449
726,1.474285581520627,1.187585385821007,1.973990666578511,1.6621884120052914,0.75386901938029,81.93686877977134,-8.063131220228655,8.063131220228655
727,4.35925499263246,3.0525123814755037,7.675151676094565,2.514372004736833,0.3885647563456395,67.06078786022053,-22.93921213977947,22.93921213977947
728,2.125330979189304,1.855324307955268,2.530499894034116,1.363912434706874,0.749256585664971,-82.23971407159259,7.760285928407427,7.760285928407413
729,2.856536246652911,1.9377503090790948,4.400074253627137,2.270712708965196,0.6289478469018026,26.758799286097105,-63.2412007139029,63.2412007139029
730,1.5815710720799827,1.5449507133647618,1.9169876101631504,1.240808262412544,0.568427984743478,2.6807891288706043,-87.3192108711294,87.3192108711294
731,5.469850473668084,5.513357890014823,8.819037194352761,1.599576405211208,0.1986877470363844,-11.435605289550486,78.56439471044952,78.56439471044952
732,2.9320524271101838,2.594151125570217,3.6101625097868033,1.3916546627534117,0.6525447736027513,50.74381526413477,-39.25618473586523,39.25618473586523
733,0.8097519128234426,0.607538798939155,1.4193240042348845,2.3361866052229363,0.6617694545770848,-44.56357259496629,45.436427405033726,45.43642740503371
734,3.641383515742072,2.755884561728734,5.700012736044629,2.0683060586794237,0.389364084008931,59.50749444760781,-30.49250555239219,30.49250555239219
735,5.286981154054106,3.3602129843726374,9.547408164271392,2.8413104195101857,0.3675813459390625,16.232827472909896,-73.76717252709011,73.76717252709011
736,1.892631703400796,1.7528349445215363,2.9424582548739777,1.6786853001023252,0.3976411667936311,8.520240741866397,-81.4797592581336,81.4797592581336
737,0.8815462242933692,0.6448788862593685,1.2927683269011585,2.0046684027754176,0.8865023739911836,14.25027415028947,-75.74972584971053,75.74972584971053
738,7.488279860287617,5.925340024873043,10.29372318629071,1.7372375497575374,0.4781397715830522,34.64494486252305,-55.35505513747695,55.35505513747695
739,3.8504628239179697,3.285126104283304,7.398903517833529,2.252243379085657,0.2064780190665867,-74.4021845005377,15.597815499462286,15.5978154994623
740,3.4460734520507303,2.9215724411980104,4.865682684125463,1.6654328386703483,0.3512186523105892,-56.239864853586674,33.76013514641332,33.760135146413326
741,1.526882849696625,1.0282386314504266,4.949410108360311,4.813483910226857,0.1992154910733574,41.2434852553587,-48.7565147446413,48.7565147446413
742,1.9401528657775409,1.5132749280320394,2.5384570367751853,1.6774592572391052,0.8458237020944697,22.21591263914556,-67.78408736085444,67.78408736085444
743,3.118683917632269,1.885163445299588,6.384824243967213,3.386880994264422,0.4040454753890065,45.61633831322964,-44.38366168677036,44.38366168677036
744,1.3894843667311525,1.3322830164606276,1.8084003449392847,1.3573695097784262,0.5303212983401435,58.417288792167696,-31.582711207832304,31.582711207832304
745,5.380321507338534,4.595911461679923,6.874554080368049,1.4957977623562018,0.4317888103116041,-89.29723881551014,0.7027611844898729,0.7027611844898587
746,4.571361199971832,5.018209584677398,5.980428354606648,1.1917454330459392,0.3847177995513915,-4.527987827364832,85.47201217263517,85.47201217263517
747,1.380717816333713,1.1856101697668584,1.7017628917663892,1.4353477518677396,0.8420329133398979,6.917628348819013,-83.08237165118099,83.08237165118099
748,3.170810378792584,3.331852531761201,8.120289918130082,2.437169664840399,0.0744988973119775,85.60983174073124,-4.390168259268762,4.390168259268762
749,2.927908181325668,1.7484791749728907,5.304824240458074,3.0339647828749934,0.4407668645906241,-61.14699072060878,28.853009279391216,28.853009279391223
750,1.2221025728266244,0.993613300395951,1.6871206323652657,1.697965024917596,0.7528154302321087,12.43263932448636,-77.56736067551364,77.56736067551364
751,6.710942524507904,5.306068460706245,9.570352558082512,1.8036617184559816,0.3810165152547685,-54.18484078033407,35.81515921966593,35.81515921966593
752,2.7238030873118206,2.5931369299590297,4.976976549652833,1.91928798365903,0.2815236963351667,-61.41286616004062,28.587133839959392,28.587133839959378
753,1.1237553499514827,1.1727166669873037,1.2077179356953447,1.0298463130041111,0.777645067775143,-79.35691484028565,10.64308515971436,10.643085159714346
754,1.820691757871036,1.6924939042990708,2.31880211518156,1.3700504972523777,0.5472218829204712,-0.4082439592941934,89.5917560407058,89.5917560407058
755,0.9479184199131095,0.99696704827294,1.5124006813973614,1.517001674245216,0.4093693121644688,-39.332566739761965,50.66743326023803,50.667433260238035
756,1.1816912584570125,1.0452571079181885,1.4964719483104787,1.4316783277283454,0.6896853459316886,61.05774250706173,-28.942257492938268,28.942257492938268
757,1.0740312192037882,0.8268211953221386,1.6492527850964784,1.994690985702068,0.6195038375475322,-11.22207441996,78.77792558004,78.77792558004
758,2.170555852193912,1.8534926820771973,2.6245042627992103,1.4159776772670851,0.7548566066073203,-31.09512971982956,58.90487028017044,58.90487028017044
759,1.9619355372325755,1.3463931401877876,2.985706268095996,2.217559031591297,0.5970285957481339,-4.419447661928083,85.58055233807191,85.58055233807191
760,0.928505064734256,0.8128657674210126,1.13553917330139,1.3969577989538502,0.8222824535525591,-28.44111426455608,61.55888573544392,61.55888573544392
761,1.2466946262544771,1.0130120936698628,2.2820843696240947,2.252771101040594,0.4730304126336433,62.19444310044782,-27.80555689955218,27.80555689955218
762,0.9543017810603904,0.8761341110957475,1.087161315923144,1.240861760950584,0.9757466175955406,6.362059801029899,-83.6379401989701,83.6379401989701
763,0.8319410050566239,0.739758391797236,1.0366785700723635,1.4013745319654471,0.7233465870810005,-59.14277640722342,30.857223592776563,30.857223592776577
764,3.0577393714703147,2.132284192155055,4.488786220668282,2.105153823858517,0.6509759286667014,2.8735218881823648,-87.12647811181763,87.12647811181763
765,0.9669420905017878,0.8786276420721707,1.2389222825046733,1.4100652235146818,0.6791750599790692,80.80147219859107,-9.198527801408929,9.198527801408929
766,1.3360224934845466,1.0218994017895882,2.130005300993663,2.0843590839406683,0.4630807291105781,80.71812750788784,-9.281872492112157,9.281872492112157
767,3.0577393714703147,2.409738984616924,4.815372670052116,1.998296371844445,0.3761322734190733,65.94095664570624,-24.059043354293763,24.059043354293763
768,1.2515550525870838,0.8674291234521505,1.9257442195497527,2.220059446339285,0.6873951206928015,-28.82372576624123,61.176274233758775,61.176274233758775
769,0.9086770491564996,0.7102855809028975,1.7074675077962236,2.403916894421161,0.4752986471919741,85.48936755500543,-4.51063244499457,4.51063244499457
770,2.125330979189304,1.6670484115791466,2.9056520771816285,1.7429920193074588,0.6254066963181691,-47.84244926381564,42.15755073618436,42.15755073618436
771,0.9978425722559162,0.8047335974232048,1.3816382419119655,1.7168889758499422,0.7387355791881783,-78.47406700306982,11.52593299693018,11.52593299693018
772,1.4451712930335778,1.369509098239212,1.6980992304470583,1.2399327851347006,0.6810300816533484,17.604992390447087,-72.39500760955292,72.39500760955292
773,1.5583682828180965,1.0310982881468558,2.528104876413193,2.451856341413229,0.6387091402714977,-64.78431657243799,25.215683427562,25.215683427562013
774,1.3084726790995154,1.2196143458704918,1.5813984739335034,1.296638137529278,0.7808334388033331,17.908624439473304,-72.0913755605267,72.0913755605267
775,10.04452680716206,7.442626616428131,19.004641765022544,2.5534858517654966,0.1534722026846159,-49.89811394157597,40.10188605842404,40.10188605842403
776,1.2897792515977275,1.1607151011089414,1.5509197027960744,1.3361760360611603,0.8119118623526118,-41.4355260958281,48.564473904171905,48.5644739041719
777,2.260977031904715,1.5721584170103948,3.31172042192653,2.1064801015562247,0.7408621818502835,-74.38221732761498,15.617782672385033,15.617782672385019
778,4.272032942554875,3.112502757016221,6.40333688073595,2.057295167466603,0.5330898199737981,-1.987244084727132,88.01275591527286,88.01275591527286
779,1.0159318257539256,0.9248619933289546,1.1814560785564834,1.2774404041666176,0.9299509079615949,-44.01693097270366,45.983069027296324,45.98306902729634
780,1.1291450947814663,1.0434133796733172,1.5797059247122374,1.513978980417932,0.5527035293382169,-6.268011192686995,83.731988807313,83.731988807313
781,1.3718952479298128,1.0952828098792924,1.9583613188497304,1.7879960327922566,0.5678138011680429,1.1172984767632457,-88.88270152323676,88.88270152323676
782,1.8405906194279933,1.586376363603517,2.274116793558637,1.4335291710933526,0.625742489177444,-9.780452222308664,80.21954777769133,80.21954777769133
783,1.1609582232861997,0.8651403478637422,1.6808142711006293,1.9428226590645084,0.7559714531505507,74.23215396730332,-15.767846032696681,15.767846032696681
784,1.542705892513396,1.1929851949083556,2.476840599633895,2.0761704421857177,0.4890635337825938,-34.864985683180336,55.135014316819664,55.135014316819664
785,1.9086035621207809,2.065411015909319,3.7259010335187,1.8039513708501904,0.2816644061128126,-4.406344960425767,85.59365503957423,85.59365503957423
786,1.1504515979244476,1.0829103556214663,1.3626239210869926,1.2582979874682263,0.7266022416083028,-62.10788664813426,27.89211335186573,27.89211335186574
787,1.0159318257539256,0.7661032398673737,1.9772457439619369,2.5809129123435555,0.449097966543334,-30.653845842206287,59.346154157793706,59.34615415779371
788,1.470161697690137,1.3902789934850317,2.021443635231681,1.4539841605205446,0.4199277187099537,-7.643209190348198,82.3567908096518,82.3567908096518
789,0.9350209696908578,0.8225147791250658,1.1181697718844903,1.3594524989252132,0.903222882818206,-16.81161042490188,73.18838957509811,73.18838957509811
790,1.3314704444981866,0.9324924481748932,2.126389885522764,2.280329336376512,0.6449921167864546,-11.443319230419508,78.5566807695805,78.5566807695805
791,1.1291450947814663,1.0320133011433017,1.3257827730372869,1.2846566721267416,0.8383608175944954,50.368692215072095,-39.631307784927905,39.631307784927905
792,1.6784140066373283,1.5713228701026734,1.9154745023409268,1.219020316439336,0.7824207144853975,-16.74006582861023,73.25993417138977,73.25993417138977
793,1.5068704138297195,1.4349716424918717,1.6320587431590692,1.1373456414267182,0.8279197638511938,38.897995628718135,-51.102004371281865,51.102004371281865
794,1.3360224934845466,1.3009536820804202,1.4252413770665542,1.0955358339794077,0.8430793894475935,-7.553623261636797,82.4463767383632,82.4463767383632
795,1.0337045758596148,0.8259535133142712,1.7282988023436,2.092489195195167,0.3864836287860788,-69.67687912361899,20.32312087638101,20.32312087638101
796,1.0740312192037882,0.750967921095243,1.6985366165039242,2.261796501276256,0.7001330786975968,-37.53313538793681,52.46686461206319,52.46686461206319
797,2.5272486588916614,2.4428192056787834,3.2034660440797884,1.3113807344533486,0.4752611128903478,-15.958535691738923,74.04146430826108,74.04146430826108
798,1.3630155737347494,1.514351769273178,2.2377417578955616,1.477689532445674,0.3425447778865756,-49.896024252607454,40.10397574739255,40.103975747392546
799,0.9855986414141252,0.8892386269345449,1.1650947594519916,1.3102160929158018,0.9916393063274266,-85.24882647124033,4.751173528759665,4.751173528759665
800,1.2466946262544771,1.275458242881046,1.497698207544054,1.1742432305435613,0.5880529810871877,53.8993175547401,-36.1006824452599,36.1006824452599
801,1.2660243778180809,1.0912316819007952,1.557150034005977,1.4269655654549982,0.7919156104988115,70.78421586653945,-19.215784133460545,19.215784133460545
802,3.013740827659439,2.9810582824504306,3.102850359986841,1.0408553157962068,0.861676938184226,-79.98950207935268,10.01049792064731,10.010497920647325
803,0.973200680696656,0.9376089425800525,1.0773982181605322,1.1490912354097398,0.9668483236692408,-61.439646132934016,28.560353867066,28.560353867065984
804,3.858338599837588,3.27535178176972,6.282476120339056,1.9181072870727012,0.338142592010918,-5.566727706091716,84.43327229390829,84.43327229390829
805,8.641570165512327,8.262448938965909,13.088423045729025,1.5840851958556386,0.2284312633653494,-60.17088008278996,29.82911991721005,29.829119917210043
806,1.4783979621211876,1.1210246283316407,2.0641310553180623,1.841289658720518,0.785182530191399,-3.005368101458723,86.99463189854127,86.99463189854127
807,1.2319983017676563,1.0014250534135896,1.6034390158343272,1.6011572811850807,0.805711885875222,-82.4584676454803,7.541532354519688,7.541532354519703
808,8.86285569637562,6.68411416925193,13.71193817261838,2.0514218975635763,0.3655938527928463,-54.76051476765653,35.23948523234347,35.23948523234347
809,1.1019327803667114,0.9219143088260304,1.407908726602062,1.527157907327525,0.8054890725764642,-53.311460649504255,36.688539350495745,36.688539350495745
810,7.089291201013638,5.882137132398911,9.566637413596442,1.6263880284094776,0.5168538316590957,63.05550203852717,-26.944497961472827,26.944497961472827
811,0.8606370140730026,0.784484778421519,1.0121202739994877,1.2901719725346352,0.9851150806843996,30.16746385588915,-59.83253614411085,59.83253614411085
812,1.0039085404212729,0.7406462201265824,1.5577869928694337,2.1032808249574204,0.7663020946564055,-20.05981157001773,69.94018842998227,69.94018842998227
813,1.461879030667795,1.43407816455421,1.6141611301680612,1.1255740238328158,0.7177872252409491,-20.55835540404772,69.44164459595228,69.44164459595228
814,5.3915939301448015,3.45775792258076,10.289678116354018,2.975823740915365,0.3337913064226364,-22.431762847237835,67.56823715276217,67.56823715276217
815,1.7836340245157871,1.3513508277580326,4.0594205778354535,3.003972391514542,0.2533964393031855,-12.246106075831277,77.75389392416872,77.75389392416872
816,1.615750625177174,1.443274607073702,1.861503855512726,1.2897780134073036,0.8820784959208867,-26.820614575345424,63.17938542465458,63.179385424654576
817,1.1504515979244476,0.922642738921445,1.852234959543492,2.007532148043267,0.5460574645127092,44.48221000535372,-45.51778999464628,45.51778999464628
818,2.231243822407474,1.5226720405418666,3.445042560905009,2.26249807521194,0.6096348030334683,-73.58440493158243,16.415595068417588,16.415595068417574
819,1.176542252445381,1.021904068201239,1.4426501611701197,1.4117275838910006,0.8151761174820907,73.87026110882407,-16.129738891175933,16.129738891175933
820,3.4142138456002478,3.018745877402748,4.132564381732434,1.3689672962097712,0.6003243266570834,-64.71789440988924,25.282105590110746,25.28210559011076
821,1.6381408467855358,1.504171760484427,2.0390071084709795,1.3555680022966965,0.6790164474545731,25.21417857096898,-64.78582142903102,64.78582142903102
822,1.1183396299962336,1.005957363606982,1.3551941717132507,1.3471685985318878,0.7600116420917342,-23.44285220209548,66.55714779790452,66.55714779790452
823,3.1918030330877105,3.309965063056884,4.243552954257286,1.28205369948473,0.2538394999478343,-14.50383397055605,75.49616602944396,75.49616602944396
824,1.7071069228001237,1.6559535216981212,2.203487484412449,1.330645731018375,0.4805642166268494,-54.75496498891648,35.24503501108353,35.24503501108352
825,0.9978425722559162,0.9402632099279342,1.1819380567717306,1.2570289300825876,0.7303031533544087,80.69834985696504,-9.301650143034962,9.301650143034962
826,4.080128397127278,3.4316101770527747,5.193076390731224,1.513306035008696,0.6868171915806176,-83.42608686725562,6.573913132744394,6.57391313274438
827,1.139848131163964,0.9676606014961172,1.4703241370655045,1.5194626450557254,0.7455735238983524,-25.043441732489327,64.95655826751067,64.95655826751067
828,0.8606370140730026,0.6804046326269659,1.1323250022553146,1.6641935518333184,0.9723850990529856,74.89490352996312,-15.105096470036884,15.105096470036884
829,1.5622593457610967,1.3648998146411706,1.8560961461906464,1.3598772058435735,0.8811157507318215,64.46951753436329,-25.53048246563671,25.53048246563671
830,1.2121260584033826,1.1675617294605276,1.3749830529720164,1.1776534107599843,0.7468244916952652,-75.40451290788974,14.595487092110261,14.595487092110261
831,1.3314704444981866,1.2590071061706505,1.4972286523488731,1.1892138217573598,0.761801990807084,-22.95474630606121,67.04525369393879,67.04525369393879
832,3.786866992303224,2.8390775978501037,6.006418228053328,2.1156231279489157,0.4054473603146904,-29.595298724658356,60.40470127534164,60.404701275341644
833,6.355009807417894,5.237200350127432,10.019953794729956,1.9132271299275672,0.2744617940058295,89.83374762526425,-0.16625237473574828,0.16625237473574828
834,2.110999521193558,1.6728062230496912,2.8209848146503984,1.6863787184551862,0.7196130069030817,-30.36749465086235,59.632505349137645,59.632505349137645
835,2.558288303668641,2.4642296545855724,2.688943154753513,1.0911901614972377,0.8953436983727926,-51.39380042524832,38.606199574751685,38.60619957475168
836,1.8732857266234093,2.034235348349718,2.2588342683310767,1.110409506040471,0.4038123236326632,-12.865080621439418,77.13491937856058,77.13491937856058
837,3.821975654675725,3.076546341615817,4.906217196818651,1.5947158443392346,0.7218922876831894,88.38478495525784,-1.6152150447421576,1.6152150447421576
838,1.3540776702961077,1.2029919645125713,1.690002914035054,1.404833086079515,0.7030165512971205,-72.91071064493815,17.08928935506185,17.08928935506185
839,2.989468694267895,2.5541071077822397,4.0653141454530815,1.5916772374448465,0.5984482975634838,49.203578026855816,-40.796421973144184,40.796421973144184
840,4.0532556893938985,3.9529336661474033,4.841061212186872,1.2246755501225126,0.4010389277357988,-85.33178883831022,4.668211161689783,4.668211161689783
841,3.089344752569896,2.1937311126787358,5.106852867579599,2.327930181627269,0.4530886216153031,45.55956860555793,-44.44043139444207,44.44043139444207
842,1.626984252638553,1.4047357946576098,2.0342592328812885,1.4481436584857004,0.7997219016724231,-40.16258552503581,49.83741447496419,49.83741447496419
843,1.7768132193231367,1.331704919337579,2.994501258086243,2.2486222094724844,0.5179142126119614,11.390969976469586,-78.60903002353041,78.60903002353041
844,3.508924955568251,2.4715031761058643,5.633359342227573,2.279325147825048,0.4637211489353848,89.39840435813339,-0.6015956418666093,0.6015956418666093
845,1.0796692170979234,0.8129241048821154,1.5527434504667974,1.9100718519005724,0.7877213485332523,22.747979365741426,-67.25202063425857,67.25202063425857
846,1.6119886861377042,1.4135090558127137,2.0551964825574176,1.4539676800130286,0.6834187800905026,47.84254645332227,-42.15745354667773,42.15745354667773
847,1.1816912584570125,1.2948976112661004,2.040920502022721,1.576125003448874,0.3700842090645964,-77.16797330743213,12.832026692567865,12.832026692567865
848,2.553537532059954,2.0826253110423685,3.406905367514835,1.6358705281506711,0.6117266749482718,-84.31970875934262,5.680291240657368,5.6802912406573824
849,6.537721774909379,5.967716712067688,13.186943424393103,2.209713372909772,0.1205547489174231,-68.30121852804862,21.698781471951378,21.698781471951378
850,8.307725480122166,8.014334308371199,10.552980128151168,1.3167631548796612,0.351211419987867,-8.502616625597836,81.49738337440216,81.49738337440216
851,2.2582901895629326,1.5995969183036762,4.303834851002955,2.690574607737455,0.3420503895789505,-89.27669382522667,0.7233061747733132,0.7233061747733274
852,1.376313601551939,1.4153382026948558,1.5281654936284623,1.0797175478756804,0.6396498457286514,-78.81887581941945,11.181124180580554,11.181124180580554
853,1.1291450947814663,1.057484164758402,1.2858170097237145,1.2159208171381728,0.8670562287598013,-89.43974326073993,0.560256739260069,0.560256739260069
854,1.0511768765181757,1.03179911878212,1.3287149838732175,1.2877651857675174,0.6216692922570146,-76.82727978141534,13.172720218584658,13.172720218584658
855,1.432512614476725,1.192512951753453,1.7984276592010766,1.508099058007459,0.8156362080395864,-71.78399175161071,18.2160082483893,18.216008248389286
856,1.096409273000846,0.9787631478985788,1.3220819247138738,1.3507679846267262,0.967926790499507,-13.241619538629308,76.75838046137069,76.75838046137069
857,1.2121260584033826,1.1264616957874587,1.345619214280182,1.194553902109845,0.9513780057253636,-25.770276754137114,64.22972324586289,64.22972324586289
858,1.717743205908703,1.481282314803868,2.627693420295558,1.7739315416342378,0.4056551821588988,77.89725841249572,-12.102741587504283,12.102741587504283
859,0.8172152218636723,0.74723031620395,1.2988621249776915,1.7382353162223394,0.5034961208198824,74.60507165048375,-15.394928349516249,15.394928349516249
860,5.577565323659127,5.531628967365561,5.787703270571939,1.0462927475282806,0.7653532022910285,-71.37873537703422,18.621264622965782,18.621264622965782
861,3.661336451490315,3.332052984059998,4.084632472598883,1.2258606006984591,0.7523241138604072,-69.27929024074757,20.72070975925243,20.72070975925243
862,1.6381408467855358,1.446916802386846,1.921576599766036,1.328049129428995,0.7880802731410917,-47.6312607752674,42.36873922473259,42.3687392247326
863,3.947011855428269,2.437095973322577,6.572172341479446,2.6967228264381298,0.6058032197110713,-82.38503761619705,7.614962383802947,7.614962383802947
864,1.1816912584570125,1.013074207051191,1.5321201592308609,1.5123474159809918,0.7302650474334015,-41.37945876314564,48.620541236854365,48.62054123685436
865,1.096409273000846,1.0332760428596637,1.2008555785626842,1.1621827360278605,1.032132993277302,71.50072219143539,-18.499277808564614,18.499277808564614
866,2.220333029284942,2.936123490832003,3.8587939974394456,1.3142478541820417,0.1918214677656053,-82.46535438686952,7.534645613130465,7.534645613130479
867,1.3938469657443524,1.1741798742315872,1.7710504506550155,1.5083297623492613,0.7402090039684156,-39.88298893937653,50.11701106062347,50.11701106062347
868,1.45354916781555,0.8664705184384084,2.92079768318118,3.3709140946251366,0.3445881320433802,-52.73795464196634,37.262045358033674,37.26204535803366
869,4.693250596695572,3.7060678835587577,6.482674324154443,1.749205499692425,0.5399407153342325,-50.40348365942138,39.5965163405786,39.59651634057862
870,1.139848131163964,0.878678779151094,1.6601724642457787,1.889396334175384,0.685305519492547,-29.943865855758258,60.05613414424174,60.05613414424174
871,1.4987906214766678,1.1969038788492044,2.022966128957931,1.6901659061402377,0.7480100435651773,10.467910234670011,-79.53208976532999,79.53208976532999
872,2.3375524242271446,1.2519021165346305,5.026204962829,4.014854593218482,0.3632877549075196,-10.634581700280629,79.36541829971937,79.36541829971937
873,0.8746320295080829,0.7273817855002296,1.098771954579855,1.51058491769108,1.0451024677338698,-10.775257943533244,79.22474205646675,79.22474205646675
874,1.1816912584570125,0.9589311080314644,2.22595449012452,2.3212871826570067,0.4436714881758581,-74.42703757801397,15.572962421986034,15.572962421986034
875,8.822346634645127,7.124201400889244,16.35875516714702,2.2962230075507297,0.1967276443151929,54.43165358248303,-35.56834641751697,35.56834641751697
876,2.730481813530866,2.4962286300427405,3.541137840639387,1.4185951551155616,0.5119101297051616,67.27471975724943,-22.72528024275057,22.72528024275057
877,0.9543017810603904,0.792759783891746,1.391196949376196,1.7548783094756086,0.6193258776855722,15.509411166478673,-74.49058883352133,74.49058883352133
878,6.773974362511362,4.040476557201613,13.767819963371682,3.407474283901579,0.3630139869637422,-4.548037119851927,85.45196288014807,85.45196288014807
879,9.37938358900862,5.899423229808583,17.581312305036096,2.980174776442773,0.3439880365861263,6.606281298328342,-83.39371870167166,83.39371870167166
880,2.365950016331566,2.1539996645070745,2.684356308284106,1.2462194644298608,0.85348012371549,-57.43471376490562,32.56528623509439,32.56528623509438
881,3.810839801836685,3.3847894826638214,4.395457719616564,1.2985911656039977,0.799074771749425,-65.26008655409275,24.739913445907234,24.73991344590725
882,4.289053061523916,3.072478409029096,8.802143754111276,2.864835023167097,0.2457073807795724,0.005892880339913,-89.99410711966009,89.99410711966009
883,2.7570349356358204,2.291107506439377,3.3614321777772247,1.4671647525616314,0.8367735460471646,67.56336165449578,-22.43663834550422,22.43663834550422
884,1.6999790965841823,1.494922277293033,1.9830927562456335,1.326552414374724,0.8926572923315496,-11.033302006579207,78.9666979934208,78.9666979934208
885,1.0511768765181757,1.0891018929190257,1.320830893668327,1.2127707262799976,0.6015590680007389,25.104960135888096,-64.89503986411191,64.89503986411191
886,1.039561305877423,0.9905401803196208,1.149080082990129,1.160053984503033,0.8733691103542627,63.57876624261252,-26.421233757387483,26.421233757387483
887,1.45354916781555,1.2411258056324157,1.7519898824552558,1.4116134516778738,0.9559407898388064,24.62893005660353,-65.37106994339646,65.37106994339646
888,4.808266988280225,4.083957404481992,5.91383845471276,1.4480656551957525,0.6274627710881365,38.43803221353147,-51.56196778646853,51.56196778646853
889,1.1237553499514827,1.0423765127696678,1.2628910115834155,1.2115497578008787,0.96060231234906,-51.63246031162512,38.367539688374876,38.36753968837488
890,1.2466946262544771,1.1206608853696816,1.4858503614824594,1.325869744255694,0.8477426474495758,80.1831186518629,-9.816881348137102,9.816881348137102
891,0.9543017810603904,0.959582324569118,1.0000161913860446,1.042136944149198,1.0303687265420651,0.7062432154179606,-89.29375678458204,89.29375678458204
892,2.989468694267895,2.4040423573381693,3.836832697663037,1.5959921363079883,0.7545678300524706,23.21994093151075,-66.78005906848925,66.78005906848925
893,4.710037624499556,3.9382268462431806,7.586879987332868,1.9264710448485904,0.3632486799598794,-33.928442459735734,56.071557540264266,56.071557540264266
894,2.153707815918036,1.9485173200535637,2.4422367665234623,1.2533821184901384,0.9026272502740368,-80.18151336846248,9.818486631537525,9.818486631537525
895,3.934687042027049,4.230719874069295,9.141521016861477,2.160748357009218,0.1461491993887619,22.26631606594496,-67.73368393405504,67.73368393405504
896,0.9978425722559162,0.7415675577621729,1.498563194584505,2.020804684480422,0.6861050984020085,-8.956578948201901,81.0434210517981,81.0434210517981
897,0.9978425722559162,0.6798033571513322,1.6640125949582307,2.447785197665333,0.6506461615268198,36.22769675723366,-53.77230324276634,53.77230324276634
898,3.126461196336207,2.072924173692318,5.211568485024685,2.5141143854489263,0.383442275717565,26.29865183881634,-63.70134816118366,63.70134816118366
899,5.089211857713172,3.605913607993519,7.30191284188517,2.024982746591164,0.6992508706479327,74.28271621009961,-15.717283789900392,15.717283789900392
900,1.7630924485867383,1.6845100970411135,1.9730209016965927,1.1712728259464018,0.7695417083995195,-68.48547074759448,21.51452925240551,21.514529252405524
901,3.905259723338602,3.633094395902224,5.082789121020916,1.3990247891036924,0.3369524339397941,77.53424556999494,-12.465754430005063,12.465754430005063
902,1.7870346644469015,1.5688846168744206,2.077587076626113,1.3242446603658748,0.83330056331392,-24.724651016815752,65.27534898318424,65.27534898318424
903,1.3495865213724043,0.9939911923400748,2.0680719425260703,2.0805737097703774,0.6392481388443326,70.65385909406254,-19.34614090593746,19.34614090593746
904,4.103867526301974,3.688669091286998,4.791424780875857,1.2989576083671148,0.6933870813517435,-44.21552630920945,45.78447369079055,45.78447369079055
905,1.3894843667311525,1.444927631371035,2.511378090135894,1.7380649629856866,0.3020165124960511,-32.098990662979425,57.90100933702058,57.901009337020575
906,3.7948747555114384,2.481185835153504,6.603555339285129,2.6614513293304314,0.4937418251068145,26.80298638403168,-63.19701361596832,63.19701361596832
907,0.973200680696656,0.9090652438647168,1.137267886175437,1.2510299935575149,0.8983819605909845,-34.93483370503602,55.06516629496397,55.06516629496398
908,6.1875267294489165,4.586833121955084,10.805385208254648,2.355739770983641,0.3890292357863918,35.5301832730853,-54.4698167269147,54.4698167269147
909,0.979419278671245,0.8495965179245732,1.286164349958712,1.513853132426441,0.7979520295580689,-55.46072373564425,34.53927626435575,34.53927626435575
910,5.896112707161333,4.607705424056084,8.464527905431801,1.8370375547967697,0.464276810663682,-81.58938972965356,8.410610270346439,8.410610270346439
911,1.2944779165271465,1.298036130338488,3.1437279520162127,2.421910976543022,0.2825456037815065,-1.5466225048272548,88.45337749517275,88.45337749517275
912,4.730616805512035,4.748529399631341,4.892936915058572,1.030410997442375,0.5271824337776176,-36.66921958844283,53.33078041155717,53.33078041155717
913,3.845729616444836,3.0468245554088926,6.394441237474058,2.0987231529699635,0.3145498254460101,-22.66826423686121,67.3317357631388,67.3317357631388
914,1.270810876469873,1.2524925428634646,1.482201570399826,1.1834015131229425,0.7365308323464064,61.05456542270517,-28.945434577294833,28.945434577294833
915,0.9414917802541344,0.6718115370707444,1.4927336285202062,2.22195295280113,0.6828316931955805,-86.06839183935882,3.93160816064119,3.9316081606411757
916,0.8746320295080829,0.7419390845774457,1.1002341633180863,1.4829171102971337,0.9519631523942362,-37.46464043509924,52.53535956490076,52.53535956490076
917,2.925833857167784,1.9622180055266,4.595766854532527,2.3421285716411324,0.6358293620093989,-54.18502406186441,35.8149759381356,35.81497593813559
918,1.3851080271465486,1.3241116369218455,1.514427269444502,1.1437308057839306,0.7878789848846645,81.20341091677116,-8.796589083228838,8.796589083228838
919,1.5700125414998518,1.5146056726814492,1.7644934624317512,1.1649853782126025,0.7666465145955905,-69.11046946498654,20.889530535013478,20.889530535013463
920,0.9350209696908578,0.8394198794422105,1.1209894162942264,1.335433486563503,0.8372154974077746,-41.531473043893,48.468526956106984,48.468526956107
921,1.4865885952249918,1.4053621873623685,1.602616404579596,1.1403582784502269,0.9461314923351346,66.8847011106173,-23.1152988893827,23.1152988893827
922,5.739578492962639,4.37306771598909,8.85567904065294,2.025049602656332,0.5507245900237371,31.78653166893055,-58.21346833106945,58.21346833106945
923,1.1609582232861997,0.9400753709020492,1.6631971596411843,1.7692168214610955,0.6746865260282782,14.809651391637358,-75.19034860836264,75.19034860836264
924,4.8921347949259,4.579271076172244,6.136301674350179,1.3400171276777608,0.3908989400134037,-89.23825937922516,0.7617406207748445,0.7617406207748445
925,0.8246109854774907,0.8403164174775956,1.4361660763561055,1.70907773129923,0.4205971558546181,-49.16213076711009,40.837869232889915,40.83786923288991
926,1.1816912584570125,0.7705355909667965,1.932936197017337,2.5085618622652697,0.6788461343567999,15.189938480990389,-74.81006151900961,74.81006151900961
927,1.7870346644469015,1.4377162873489182,2.267475638257062,1.5771370598007075,0.845689689309438,79.82333320343801,-10.176666796561989,10.176666796561989
928,3.997450064503461,3.0024989634747445,6.2283674215572935,2.074394528466149,0.4159546062207088,38.4013626506041,-51.5986373493959,51.5986373493959
929,7.808964650315292,5.197189932415033,21.34331164756168,4.106702261243675,0.1504816769330094,-66.92510216343396,23.074897836566038,23.074897836566038
930,2.875601216295838,2.587591616339169,3.262084115546012,1.2606642002346145,0.8794233983669361,-39.724723281011606,50.27527671898838,50.275276718988394
931,1.5700125414998518,1.242174037646631,2.115132612102307,1.7027667202814394,0.7440593856094482,33.90285093155277,-56.09714906844723,56.09714906844723
932,5.627414382450454,4.356719105469502,7.684941268987646,1.7639285625138963,0.6120659913106801,48.83627383676725,-41.16372616323275,41.16372616323275
933,1.2850634067342854,0.9852495438968912,2.1176062965715943,2.149309593380748,0.491524801164162,-55.51937367018013,34.48062632981987,34.48062632981987
934,2.102353753036351,1.7119512484859312,2.7941250303209517,1.632128854599164,0.7922168604278436,13.064196268449784,-76.93580373155021,76.93580373155021
935,1.7870346644469015,1.3684902192356707,2.508616925001466,1.833127405472126,0.6799676185092243,16.76529284280921,-73.2347071571908,73.2347071571908
936,2.084954664197576,2.0072252413765503,3.084689801653126,1.5367930504588778,0.4127387588430821,-56.01407938632908,33.98592061367091,33.98592061367092
937,1.3314704444981866,1.192164638989366,1.573611634636007,1.319961675738013,0.7369976013462644,-42.34717422798131,47.65282577201867,47.65282577201869
938,5.7300504579069,4.661013263245049,8.387439289524472,1.7994883978693172,0.5019634216350802,85.13015974312931,-4.869840256870688,4.869840256870688
939,4.036745414295391,3.59347712361228,5.604270669009911,1.5595676488894177,0.3906241380073114,-51.75092367726841,38.24907632273158,38.24907632273159
940,4.178636040406452,3.574930023480965,4.99891993561062,1.3983266533265155,0.7759861875026014,-66.16255882077864,23.837441179221344,23.837441179221358
941,1.4987906214766678,1.0539315531138085,2.3217783344802827,2.202968805346666,0.6237495651532111,-79.02314194101362,10.97685805898638,10.97685805898638
942,1.2803301921000927,0.8908494401631852,2.3567506799235054,2.6455095257081798,0.4898359979292972,-10.099242234041975,79.90075776595802,79.90075776595802
943,2.314058838770094,2.8738108133660054,3.4717748872130394,1.208073569445115,0.254586155242323,-54.33159500512178,35.668404994878216,35.66840499487822
944,3.415991619136806,2.559442908707343,5.8118254563071226,2.2707384628643306,0.3223775951578544,80.96297567713682,-9.037024322863175,9.037024322863175
945,2.660659997024108,2.34974377725494,3.320981479876778,1.4133377060185153,0.632076534707899,-39.28914098112062,50.710859018879376,50.71085901887938
946,1.7630924485867383,1.5124238930500409,2.117184704631251,1.3998619794094995,0.806453514641551,-47.0337543947451,42.9662456052549,42.9662456052549
947,1.5892300566907107,1.4520938043571108,1.9611330420303212,1.350555340258186,0.629119319610833,84.71587856294903,-5.28412143705097,5.28412143705097
948,3.654697576669488,3.143332665880189,4.448188014458871,1.4151184387012052,0.6443780936673967,17.212413803280082,-72.78758619671991,72.78758619671991
949,5.839204084179936,4.827529821112423,7.227551841272545,1.4971532251678723,0.6596647825080887,-29.162511240519944,60.83748875948005,60.83748875948005
950,5.175566066139476,2.978166950295096,9.55538437559699,3.20847841476791,0.4309135559799881,34.01221369449768,-55.98778630550232,55.98778630550232
951,0.9219431092603804,0.7028734073756485,1.3115860662308882,1.866034555394575,0.7662036075655271,-39.94518418947506,50.05481581052493,50.05481581052494
952,2.468919678580592,2.251525866249179,2.76570113646218,1.2283674719978084,0.7862300601897848,-82.63854341896074,7.361456581039249,7.361456581039263
953,3.8520392673100847,3.86949756374385,4.690950439188092,1.2122892861184449,0.369955750826212,-21.26474396951424,68.73525603048576,68.73525603048576
954,0.9606427264386592,0.9482608753389528,1.0168468536532151,1.0723281747649311,0.9814167736987096,-49.88070887523454,40.119291124765454,40.11929112476546
955,1.2466946262544771,1.2102655014721544,1.3541077192544393,1.118851787155229,0.9306282038553348,-38.08994261584935,51.91005738415066,51.91005738415065
956,3.13421917649259,2.079976318778987,5.336100560813953,2.5654621702358686,0.3677268725001721,77.22360369747976,-12.77639630252024,12.77639630252024
957,2.598319175852673,2.1458836115646056,3.211984861595183,1.4968122428845347,0.8184593546611301,69.804276530716,-20.195723469284005,20.195723469284005
958,4.114210323149164,2.796390315676087,6.434896075586273,2.3011437421712357,0.5012766253509673,51.75336988252637,-38.24663011747363,38.24663011747363
959,1.5544674799972351,1.5273114943837385,1.7811357125011025,1.166190210085324,0.6615995829444606,-10.88767032769414,79.11232967230586,79.11232967230586
960,7.0325415654764925,7.577181799556822,12.077014848394857,1.593866317039037,0.2899822118085032,8.43482189978091,-81.56517810021909,81.56517810021909
961,3.881870055638608,2.7114543111614733,5.784758191676945,2.1334522097106614,0.6161401398255,45.87357243034687,-44.12642756965313,44.12642756965313
962,3.791673679652438,3.3089482105837376,4.4119261905252944,1.3333318957406646,0.7382424138389142,70.5023674810791,-19.497632518920895,19.497632518920895
963,1.2660243778180809,1.0637879554111065,1.5521095460835626,1.4590403455768983,1.0234292588709315,-72.1236046542145,17.87639534578551,17.876395345785497
964,5.083243505879491,3.2685669671574877,9.643875773742526,2.950490496490984,0.3002311732241844,-36.86490984760661,53.13509015239339,53.13509015239339
965,1.1237553499514827,1.0044177635632454,1.3235617800371708,1.317740314888238,0.8508408845548279,52.611337985449154,-37.388662014550846,37.388662014550846
966,4.451590222822663,4.2069093882918684,4.783981957644968,1.1371725692402916,0.872331212275909,-15.036951936043293,74.9630480639567,74.9630480639567
967,1.7142051110999064,1.403569510629496,2.2370918323131894,1.5938589541674082,0.714974046337312,8.146410252999736,-81.85358974700026,81.85358974700026
968,3.4284102221998127,2.6567387792147463,4.700404783513837,1.7692385944331108,0.6540571447421066,33.91498671435974,-56.08501328564026,56.08501328564026
969,1.1237553499514827,0.7447381805668913,1.8842259782830155,2.530051536835068,0.5654870777282701,-83.96039517814424,6.039604821855761,6.039604821855761
970,1.7106596985948357,1.5844494173583776,2.5334636556422727,1.598955213014063,0.4851966032068759,-2.2652275857339377,87.73477241426606,87.73477241426606
971,2.292973580548686,1.4688278326157698,3.93329326663732,2.677844999459668,0.5392703283097846,-43.63119417897826,46.36880582102174,46.36880582102174
972,2.717107944649237,2.241321386238801,3.6540686302849954,1.630318905945456,0.6866446314587635,6.81681397299933,-83.18318602700067,83.18318602700067
973,0.8606370140730026,0.6155550657346213,1.909782796394948,3.1025376976075374,0.4227340106939042,-45.813155800296535,44.18684419970347,44.186844199703465
974,1.6455365541233553,1.1650200979235734,2.4841945027251797,2.1323190107645207,0.714801905352566,-11.016921391024509,78.98307860897549,78.98307860897549
975,1.952629861669301,1.4316043711333548,2.7422356871016653,1.915498263623438,0.7674975055980938,63.33410018312208,-26.665899816877918,26.665899816877918
976,0.9855986414141252,0.8309180326452299,1.344841736528079,1.6185010839718708,0.7520383058294631,-4.014084023552726,85.98591597644727,85.98591597644727
977,1.186817925731738,0.9327348004342704,1.7190266094724451,1.8429961106544828,0.5985890129299783,28.49842540710547,-61.50157459289453,61.50157459289453
978,1.9834790046600808,1.8810437310922368,2.4141252055016857,1.283396640704314,0.654499270788133,10.6993238640096,-79.3006761359904,79.3006761359904
979,3.0913093599243053,1.9153928663717696,5.190150686976648,2.709705553413741,0.562018283284807,55.84125933438792,-34.15874066561208,34.15874066561208
980,4.089046721204249,3.073136025352732,6.260887155858931,2.037295812553664,0.5474738038844943,-28.237349810944075,61.76265018905593,61.762650189055925
981,0.9086770491564996,0.696164310682312,1.3100961709161791,1.8818778136330363,0.8052361506727518,-61.19274183899013,28.807258161009884,28.80725816100987
982,2.2690184693770243,1.9181675944756424,2.737287723214944,1.4270326175347674,0.8315447011645761,-43.83277561178968,46.167224388210315,46.16722438821032
983,4.909478452042255,3.705253854341405,7.373178992594015,1.9899254632594048,0.4063441085739908,-16.86871468383292,73.13128531616708,73.13128531616708
984,1.67479282872596,1.495109193248362,2.0193226592209683,1.35061885000765,0.8447827420064588,-57.69096411433418,32.30903588566582,32.30903588566582
985,2.507956402267385,1.6787913068444789,4.595866758494918,2.737604572859915,0.4290924736779968,-69.44047772457411,20.559522275425877,20.55952227542589
986,0.9350209696908578,0.751963609750495,1.227334230443615,1.6321723744728154,0.8096952163041301,-6.394466435411839,83.60553356458816,83.60553356458816
987,3.9883269257988254,2.9809681686606826,6.376510051748541,2.139073512688141,0.3862460109112043,-43.9428295052991,46.0571704947009,46.0571704947009
988,1.191922542518033,0.9665977914860266,1.5666121109152344,1.6207486968356908,0.753293054454288,54.79511440565383,-35.20488559434617,35.20488559434617
989,2.363382516914025,1.7797992140544476,3.2007950019865707,1.7984023010635244,0.7282337130974101,41.38391155446973,-48.61608844553027,48.61608844553027
990,1.9307422062542177,1.7347856466527418,2.220454693789993,1.2799591108413575,0.789033988323206,-24.09899144232948,65.90100855767052,65.90100855767052
991,1.171370613113025,1.2619954489375589,1.7310890417368416,1.3717078323810128,0.3657755107449108,-79.28973202798281,10.710267972017192,10.710267972017192
992,1.9804157147939612,1.8743747471401184,2.8017851937971328,1.494783899576132,0.3716748560574603,-30.14815447913942,59.85184552086058,59.85184552086058
993,3.521015798527596,2.970415278209479,5.015911383467431,1.6886229411299507,0.5386919949178393,28.95036285257629,-61.04963714742371,61.04963714742371
994,3.0814737977359603,2.6954262692443662,3.999541701885741,1.4838253034489306,0.6450961057213709,15.792922650134592,-74.20707734986541,74.20707734986541
995,1.3038244488524504,1.2344445655795857,1.415096068258755,1.1463423370447998,0.9443539014770768,77.69476550628718,-12.305234493712817,12.305234493712817
996,5.056899074781674,4.558540233082544,5.797848838056518,1.27186523351927,0.5774036483634523,15.777408697300944,-74.22259130269906,74.22259130269906
997,0.8246109854774907,0.4828617046328193,1.9049079010051335,3.9450382640173856,0.4204121311411385,64.31605595765758,-25.683944042342418,25.683944042342418
998,1.2660243778180809,1.075462251837531,1.7260844409198086,1.6049698052819863,0.7337938908717141,10.402386798864262,-79.59761320113574,79.59761320113574
999,4.27487433491594,4.275972432874288,4.731028391007856,1.1064216304658638,0.6405505946609975,75.50936257716408,-14.490637422835917,14.490637422835917
1000,1.2121260584033826,1.1284960890617068,1.3941643703678503,1.2354179902626288,0.828545924537423,-78.1896476657445,11.810352334255498,11.810352334255498
1001,1.0337045758596148,0.820579459425568,1.5718379358511028,1.915521912955803,0.5364428196799573,-17.164197688620604,72.8358023113794,72.8358023113794
1002,2.290324274544937,1.8326826516173689,2.9708297021729364,1.6210278956649349,0.7496084796076176,-10.20025384125504,79.79974615874497,79.79974615874497
1003,1.470161697690137,1.2252456088430033,1.9524203259674175,1.5934930204002804,0.6699304136070161,-11.20204156013717,78.79795843986282,78.79795843986282
1004,0.8952144227026446,0.6665551826647114,1.342606570943112,2.0142466908376977,0.7054552862785136,-11.20610163351617,78.79389836648383,78.79389836648383
1005,1.585405189396292,1.2715132899291606,2.051528706145392,1.6134543951638038,0.7630410225027516,63.81648079074201,-26.183519209257987,26.183519209257987
1006,2.6123012633979483,2.014857676918988,3.530365904279153,1.7521663910661918,0.6467036124235394,-17.50028106041805,72.49971893958195,72.49971893958195
1007,1.3177199508995825,0.933323800395224,1.9863780489815424,2.1282839333363124,0.6754082892421263,33.56987161870678,-56.43012838129322,56.43012838129322
1008,0.9917395023300404,0.7027242924649948,1.7588298479156494,2.50287327017838,0.5493248935169633,51.50652895371727,-38.49347104628273,38.49347104628273
1009,1.0453852243082644,0.9635253801884838,1.4734438647396664,1.52922164276714,0.6059329411118576,32.40896146167733,-57.59103853832267,57.59103853832267
1010,1.7665326322454526,1.342293645553729,3.2802911133748704,2.443795457305968,0.3813815253883362,-58.2051487844941,31.7948512155059,31.7948512155059
1011,1.546636359756236,1.4137682012493131,2.0623268511001984,1.458744686206529,0.4623410958884942,-58.26076285970007,31.739237140299934,31.739237140299927
1012,4.3257002538553015,3.067114563166093,6.88493867126666,2.2447608426336507,0.6110886040699229,3.4023828289983125,-86.59761717100169,86.59761717100169
1013,2.378745945325325,2.2570596606097686,2.5912144588251773,1.1480487219930788,0.8111388667132748,2.415401799684362,-87.58459820031564,87.58459820031564
1014,0.8172152218636723,0.6160068815733862,1.176094761308898,1.909223413714068,0.7840651635211483,-60.82261454948666,29.177385450513327,29.17738545051334
1015,1.0278144733504384,0.9052435660448936,1.2644793440446576,1.396838808332329,0.8787572983740757,12.758941300396083,-77.24105869960391,77.24105869960391
1016,3.1727245415861804,2.735531142180576,3.77832613580183,1.3812038465005412,0.8534718502487347,-57.609065544857934,32.39093445514206,32.390934455142066
1017,1.0796692170979234,0.9906441227400768,1.2683953819783476,1.2803744077843244,0.9342647650344196,70.59831603341931,-19.40168396658069,19.40168396658069
1018,1.176542252445381,0.946518334053154,1.5654725904559157,1.6539273822117035,0.8145153713684498,-68.67545919051122,21.32454080948878,21.32454080948878
1019,1.9212854528773184,1.34202542902336,3.78790377119996,2.822527568614369,0.3337251632804549,-24.810445958297745,65.18955404170225,65.18955404170225
1020,0.9086770491564996,0.7168571860096367,1.3039981369752698,1.819048706526798,0.7742716793918466,5.905756803299778,-84.09424319670022,84.09424319670022
1021,2.434249075164649,2.781135036273377,3.262900080306536,1.1732260525827278,0.2403599696914995,86.56902673168082,-3.4309732683191783,3.4309732683191783
1022,2.9091860187264715,2.0193390650108016,4.422697607653453,2.1901708753550984,0.6515137857919304,69.92431722586525,-20.075682774134748,20.075682774134748
1023,1.1609582232861997,1.1586839756231615,1.238093020121641,1.0685338247262557,0.9197117388910792,-45.67113730189572,44.328862698104274,44.32886269810428
1024,1.2418151765086958,0.9095566044482974,2.414931477641092,2.6550645290579777,0.4436832890524212,85.78872971492133,-4.211270285078669,4.211270285078669
1025,2.9112722047376547,2.327339759289253,5.326767111532837,2.2887793199389077,0.3007189197838718,72.51774745477015,-17.482252545229855,17.482252545229855
1026,9.051960280685288,4.3478712999106754,23.84798489901376,5.48497948858415,0.2454013863748014,-25.786718036954905,64.21328196304509,64.21328196304509
1027,0.9917395023300404,0.8186178396032565,1.6452883345626377,2.009836892096106,0.502342207467956,89.92149490373284,-0.07850509626716473,0.07850509626716473
1028,0.9479184199131095,0.8098391166397613,1.2907861332049555,1.5938797060838106,0.7541474002377933,62.05957882608803,-27.94042117391197,27.94042117391197
1029,0.9153341128725788,0.7362102294843585,1.7044164372543806,2.3151219162604595,0.4073076806140798,-17.57877117510714,72.42122882489286,72.42122882489286
1030,1.2319983017676563,1.2099015667113624,1.9997429479119453,1.6528145784185184,0.3621069496065759,-38.23176186455109,51.76823813544891,51.76823813544891
1031,2.623896088524249,2.175459960348272,3.241594830616509,1.4900733130926296,0.689366211177477,-8.610667332672195,81.3893326673278,81.3893326673278
1032,0.8815462242933692,0.7440992015695079,1.1982622823847302,1.610352866737753,0.7486941457690802,-56.52955848724972,33.470441512750284,33.47044151275028
1033,1.5700125414998518,1.5347236140568403,1.7665596791779858,1.1510604665216022,0.7800026621256219,52.83063660321898,-37.16936339678102,37.16936339678102
1034,1.0683634687220958,0.8425718675033725,1.4214802589158784,1.6870730126889606,0.7939504541022537,-24.94401502466979,65.0559849753302,65.0559849753302
1035,4.431085322363283,3.855460649265898,5.752300264030539,1.4919878030983948,0.5979653319304917,-26.239616390845235,63.76038360915476,63.760383609154765
1036,1.0453852243082644,0.9699268340918432,1.1923577146266622,1.229327484008713,0.9546202474173378,-65.02461491798329,24.975385082016714,24.975385082016714
1037,1.847175937850875,1.3675336260543771,2.675189909706629,1.9562150858587044,0.5541917956269243,-29.066739051820143,60.93326094817985,60.93326094817986
1038,0.9086770491564996,0.8207202916580866,1.0598154618297386,1.2913235758904076,1.001510859546072,-70.59391620927539,19.406083790724608,19.406083790724608
1039,0.9479184199131095,0.7899547008487351,1.4777750530752036,1.8707086007431408,0.5791946957475661,-57.81880502976307,32.18119497023693,32.18119497023693
1040,1.2020667470700563,1.0192708250745552,1.5030314273935463,1.474614391404371,0.8343681108325818,-16.003496088041178,73.99650391195883,73.99650391195883
1041,1.2221025728266244,0.9617218138540145,1.6184228804837508,1.6828389011974945,0.8042181763969688,66.76655160366612,-23.233448396333884,23.233448396333884
1042,1.4068535956126136,1.2502632874051751,1.732530182621932,1.3857322694147602,0.7907956969764718,9.880351943753992,-80.119648056246,80.119648056246
1043,1.9054199009183423,1.332792082984815,3.0692323331696723,2.3028590673318408,0.5527801096092952,-15.900462835220075,74.09953716477992,74.09953716477992
1044,0.9350209696908578,0.9315857052687287,1.711004493826941,1.8366581669835496,0.4373074402610771,-18.27904882622169,71.7209511737783,71.7209511737783
1045,8.407248846734767,6.8659208301041,14.36349558185294,2.0919984277819244,0.3336227064406328,60.99585324891718,-29.00414675108282,29.00414675108282
1046,5.835043624738875,3.573209881988361,10.165752201612968,2.844991628635063,0.5339537235200763,75.06886716249674,-14.931132837503256,14.931132837503256
1047,1.2121260584033826,0.8836598162881505,1.8064445893982264,2.0442760393770887,0.6198099993104819,44.448147926216265,-45.551852073783735,45.551852073783735
1048,5.658615274872448,4.096650922864168,10.90281355503289,2.6613967751516903,0.3403272087305529,21.665643031559217,-68.33435696844079,68.33435696844079
1049,2.5606603842001854,1.5787054378924854,5.047325046321794,3.197129068649938,0.3844744020853606,-27.45281883561777,62.54718116438224,62.54718116438223
1050,5.701370814988134,4.377154971176162,7.734845192664533,1.7670942069903786,0.6377488650567812,-41.85348253721538,48.14651746278463,48.14651746278462
1051,1.1074287385521373,0.9127332440605964,1.4111607199582423,1.5460823073346448,0.8781176472290511,-46.17975750493576,43.820242495064235,43.82024249506424
1052,1.176542252445381,0.8616187257403638,1.7560899693238663,2.0381288345548776,0.646256477898031,75.88662312063269,-14.113376879367308,14.113376879367308
1053,2.31930020185808,1.7572184064436849,3.228911326576317,1.8375128070227151,0.6504834153740633,-49.6412174162528,40.3587825837472,40.3587825837472
1054,5.02316997660269,5.0204250198839535,6.139259104108736,1.2228564473711918,0.4497814559886029,-73.8437591899741,16.156240810025906,16.156240810025906
1055,2.678852755931177,2.119599904169278,3.8222685918578,1.8032972092230013,0.538814104546673,19.27536400839529,-70.72463599160471,70.72463599160471
1056,1.731823303788056,1.6247823059001527,1.919365243025904,1.1813060962419504,0.7923638791705495,-47.54890012400708,42.451099875992924,42.45109987599292
1057,4.478784062937135,2.876520316339741,7.302553369467085,2.538676096944553,0.5555577860146473,64.72446861218513,-25.275531387814866,25.275531387814866
1058,1.3630155737347494,1.315620296942877,1.5075108285374124,1.1458555572914415,0.8152825850077414,9.308602499439132,-80.69139750056087,80.69139750056087
1059,3.118683917632269,2.485902819653228,4.825956513237392,1.9413295142046585,0.3644893731929161,-2.898219825449435,87.10178017455057,87.10178017455057
1060,0.8815462242933692,0.740692401147628,1.1077102373859804,1.4955064149027253,0.9252231551325402,87.14157275385473,-2.8584272461452684,2.8584272461452684
1061,5.462075273613107,4.05582658782232,9.568920113359855,2.359302082118274,0.3221686352044446,49.4858969705068,-40.5141030294932,40.5141030294932
1062,2.34274122622605,2.1226994943783097,2.769272987206791,1.3045996357660827,0.6518777813284284,-24.31183702921164,65.68816297078835,65.68816297078835
1063,3.118683917632269,2.4406526780305384,4.05625581076697,1.6619553643495588,0.7962597850034923,63.21939658667999,-26.78060341332001,26.78060341332001
1064,4.737029465098906,3.9894072664255535,7.98645857379021,2.001916084377605,0.3391024583456304,-60.20779162635251,29.792208373647497,29.79220837364749
1065,0.9917395023300404,0.7840513739074992,1.3546158128712849,1.727713078443122,0.8332983516309572,-68.98399134956124,21.016008650438778,21.016008650438764
1066,1.4282681233264556,1.0534614892526573,2.124034716847617,2.016243344931804,0.6212145693882624,79.4381809519107,-10.561819048089305,10.561819048089305
1067,2.099463918332859,1.6229179135278955,3.0551217304971034,1.8824869114026144,0.6586280031958337,14.010526314383986,-75.98947368561602,75.98947368561602
1068,1.5968523069270035,1.130905613863964,2.38543683722827,2.109315585655244,0.7151915671177387,41.50352267866993,-48.49647732133007,48.49647732133007
1069,0.9978425722559162,0.4267386435268097,3.207186023620365,7.515574397280649,0.2787327414786925,1.394197502824755,-88.60580249717525,88.60580249717525
1070,4.118634999448307,3.1982556501892674,7.441993892312829,2.326891501582253,0.4016615161818104,65.98031709507009,-24.01968290492991,24.01968290492991
1071,0.9019708538191776,0.7386865959854828,1.6868138206192196,2.2835311074906386,0.4461131758379372,-24.612822573438518,65.38717742656148,65.38717742656148
1072,1.8073041368518064,1.4359917999649814,4.071994550138601,2.835666993528725,0.2785672515245254,4.625035214597811,-85.37496478540218,85.37496478540218
1073,1.176542252445381,1.0347244886763882,1.4425944943700069,1.394182229334654,0.8262153772863889,44.144015295434194,-45.855984704565806,45.855984704565806
1074,4.987995831657552,3.7713903107809386,6.8430019676734855,1.8144507472780007,0.4744729721945349,52.28462424838596,-37.71537575161404,37.71537575161404
1075,1.376313601551939,1.121788835241921,1.7343641371845375,1.5460700647912144,0.8956529496357707,73.87002658444104,-16.129973415558965,16.129973415558965
1076,0.9019708538191776,0.8265468101130664,1.064005950440432,1.2872906136978288,0.9219863457683763,-12.95269652851328,77.04730347148671,77.04730347148671
1077,1.0099380753567209,0.7330790709535079,1.5025586787151417,2.0496543118613118,0.7240174860036314,-1.0200949878178638,88.97990501218213,88.97990501218213
1078,1.4111624987975715,1.2475269014315704,1.6415686101667673,1.3158582859279615,0.8966468289838342,32.17680456475711,-57.82319543524289,57.82319543524289
1079,1.1451621372724683,0.9672302838656062,1.5691779753262196,1.622341650692414,0.7069488420325214,-47.59170309042202,42.408296909577984,42.40829690957798
1080,2.079122611754846,1.6519910391808144,4.476351428059839,2.7096705259851546,0.3325322280432592,-58.86531079412427,31.13468920587573,31.13468920587573
1081,6.789193778268313,4.708959384846763,12.862608146362536,2.731518175279634,0.3186911760444842,-29.43504544422524,60.56495455577476,60.56495455577476
1082,1.085277926096956,0.9721670977684836,1.5286192461963686,1.5723832350479332,0.6750986704400964,47.15208412991429,-42.84791587008571,42.84791587008571
1083,3.2183229206172657,2.468193377855682,4.28857040142702,1.737534198050902,0.7674738278374316,-58.06961012811746,31.93038987188254,31.93038987188254
1084,2.181715595945335,1.6846318915916456,2.941808528809712,1.7462619243366462,0.7470352342310047,74.71125915388964,-15.288740846110358,15.288740846110358
1085,2.721573203117076,2.60703666916854,2.926923292169756,1.1227012365358242,0.6537853477151351,-41.837739739963446,48.16226026003656,48.162260260036554
1086,1.522901401330112,1.346645006835257,2.5670611312782547,1.906264173741743,0.4642858527708284,47.88078334660921,-42.11921665339079,42.11921665339079
1087,7.51417973825301,6.544383010271392,18.765013314909904,2.8673464382292826,0.1892244859903362,40.33116790582803,-49.66883209417197,49.66883209417197
1088,6.237367835264538,3.3073873424037723,12.621724797898764,3.81622213886972,0.3453409960798255,42.766129265890456,-47.233870734109544,47.233870734109544
1089,1.2515550525870838,0.9594668430863926,1.8235775817457949,1.9006155292242817,0.6509740411604055,48.69810077311927,-41.30189922688073,41.30189922688073
1090,3.991370289023665,3.09819392792137,6.505889420913224,2.0998974151621725,0.3293991167963241,-5.111301741812691,84.8886982581873,84.8886982581873
1091,0.9606427264386592,0.7961820976968927,1.3923653146680868,1.7488025901307838,0.6855993018903918,17.442552499386984,-72.55744750061302,72.55744750061302
1092,0.9153341128725788,0.9952792944663535,1.014635902019234,1.01944841780644,0.7589716504943657,-1.605624009055745,88.39437599094425,88.39437599094425
1093,1.667526881973112,1.1414541746832847,3.4369920287371887,3.011064399226398,0.3969047007525159,67.04341639777574,-22.956583602224256,22.956583602224256
1094,1.5583682828180965,1.4029687917755749,1.7791435915406193,1.268127703175039,0.8802798138811999,-42.94070918820629,47.059290811793716,47.05929081179371
1095,2.710396263888844,2.038928273807556,3.8592875497650447,1.8928020172863147,0.6185075109905472,-22.691845988854386,67.30815401114562,67.30815401114562
1096,1.3314704444981866,1.2658229998330608,1.797526720549604,1.420045868013668,0.5758735787495413,69.329340128218,-20.670659871781993,20.670659871781993
1097,1.139848131163964,0.992195500506832,1.3655993612871429,1.3763410140335943,1.0108769616188058,-89.83867355449961,0.16132644550037867,0.16132644550039288
1098,0.9086770491564996,0.907417505279742,1.009106472011846,1.1120641448290718,0.9008941098068554,19.420811024442067,-70.57918897555794,70.57918897555794
1099,2.781152599208744,2.1097592677331507,3.7926081387677937,1.7976497114018106,0.7619063016153996,36.34453031677067,-53.65546968322933,53.65546968322933
1100,6.00022383124538,4.926625992467358,8.508406847728775,1.727025120384181,0.483025666970118,16.07868232223689,-73.92131767776311,73.92131767776311
1101,3.105026806394252,2.7655262445589197,3.584202021543371,1.2960289306945356,0.7691542115492063,-6.001953518058843,83.99804648194116,83.99804648194116
1102,1.731823303788056,1.473865838425944,2.108517504177439,1.4306034166782025,0.8156794435510963,60.47748964691649,-29.52251035308351,29.52251035308351
1103,0.8746320295080829,0.8021776943429954,1.0198390537621849,1.2713380850080354,0.990180723764428,-44.49453414099379,45.50546585900622,45.50546585900621
1104,2.839482146491885,1.8325986228286568,5.010884623263076,2.7343055707030186,0.5193925465029936,-81.6870498108738,8.312950189126184,8.312950189126198
1105,3.138090974357313,2.2145761313423638,4.608928215599695,2.081178492972376,0.6748789810074313,-30.948849172914255,59.05115082708575,59.05115082708575
1106,1.502835947650602,1.3631108425601726,1.7396284319660136,1.2762193488965812,0.8048939764127069,-88.3880367994058,1.6119632005942037,1.6119632005942037
1107,2.8437552597393285,2.8285812235775096,3.0699994262551806,1.085349574078107,0.6608003609784749,-73.70880203615803,16.291197963841967,16.291197963841967
1108,0.9086770491564996,0.5665778427112025,1.8213353796295852,3.2146251447357805,0.4378113478879622,25.756474674296648,-64.24352532570336,64.24352532570336
1109,1.326902779425731,1.3120338466578478,1.40116485641298,1.067933468318806,0.9484081806572447,53.71393946306616,-36.28606053693384,36.28606053693384
1110,1.085277926096956,0.7913234825710784,1.7451882404402093,2.205404337010121,0.5010518040622192,-34.12632337639266,55.87367662360734,55.87367662360734
1111,1.2369164782162358,0.9098847009970724,1.7727096249796397,1.9482794062116489,0.7889396253242313,5.447261004863688,-84.55273899513631,84.55273899513631
1112,2.61926431776633,2.249514609704689,3.808241780517783,1.6929171138024837,0.4696027190497741,-45.500751671361066,44.49924832863894,44.499248328638934
1113,2.1138735858617226,1.205693764417377,6.411115829002105,5.317366663250618,0.179410510983749,67.20657050173068,-22.79342949826932,22.79342949826932
1114,1.7527313846366133,1.3711563339025414,3.323113028403266,2.423584347194844,0.3921826286701123,-49.69085943406842,40.309140565931585,40.30914056593158
1115,1.546636359756236,1.4560896686099296,1.8140935029861336,1.2458666125404048,0.7727301930346786,20.5453197742944,-69.4546802257056,69.4546802257056
1116,8.052407250049788,4.923411200162014,17.404066580093616,3.534961000113276,0.2445674052729158,54.80471559462304,-35.19528440537696,35.19528440537696
1117,3.140025082999704,2.602199587727001,3.927003356681968,1.5091092071504677,0.6773527301197666,31.733797847313213,-58.26620215268679,58.26620215268679
1118,1.2944779165271465,1.0788141122403916,1.86813128628264,1.7316526221584734,0.6096500829899366,36.20175499334143,-53.79824500665857,53.79824500665857
1119,4.298950345635426,2.842717112460024,6.908070273954675,2.4300941671880203,0.5802980983235231,-5.543868903325073,84.45613109667492,84.45613109667492
1120,3.1841853538903857,2.211396847680396,5.566935801092517,2.517384343263332,0.4128519923616641,21.58158406485602,-68.41841593514398,68.41841593514398
1121,0.9414917802541344,0.7998602879295331,1.2198526605683524,1.5250821661942795,0.769110344872547,-29.407338505032055,60.59266149496794,60.59266149496794
1122,3.704199121625056,2.674037376496996,5.263942902864229,1.9685375190080645,0.6911297167757547,38.99380303458587,-51.00619696541413,51.00619696541413
1123,1.593045740590529,1.399875517773369,2.0993977841171114,1.4997031932213494,0.6089511272550083,-21.66332655949916,68.33667344050085,68.33667344050085
1124,1.0453852243082644,0.7401509420600958,1.6761917560409476,2.2646620584924566,0.6789774253246085,-23.80176374763281,66.1982362523672,66.1982362523672
1125,1.1451621372724683,0.8919235966985819,1.5790356474711509,1.7703709749533318,0.84114952260181,-71.51101511169352,18.488984888306476,18.488984888306476
1126,4.708748439413275,3.2020673170625664,7.644534517422208,2.387374705299751,0.4468049744184444,-62.15096210577736,27.849037894222647,27.84903789422264
1127,1.886205091624149,1.9053280934316863,2.333737545011874,1.2248481261873272,0.5154045295386728,-31.337531244425183,58.66246875557482,58.66246875557482
1128,0.9350209696908578,0.7480785671271128,1.3417893322698675,1.7936476076608032,0.7463794361716584,-38.130882936860864,51.86911706313913,51.869117063139136
1129,0.979419278671245,0.9552600133431404,1.110759177116481,1.1627820296058846,0.8995215098817041,-76.7428247939828,13.257175206017195,13.257175206017195
1130,1.039561305877423,0.8727215544942813,1.6027676297574904,1.8365166088813412,0.5982860191964466,48.8746887782698,-41.1253112217302,41.1253112217302
1131,2.5031101051741675,2.1808277189365786,2.9935288910306754,1.3726572094793386,0.7616203233957299,76.23196196648378,-13.76803803351622,13.76803803351622
1132,4.063727303015702,2.890028209027061,6.187435390037934,2.140960206101572,0.4108348562310689,47.8012945344775,-42.1987054655225,42.1987054655225
1133,10.57051671121835,8.72307974802666,23.667681560718904,2.7132254025389395,0.1339289997964964,-3.8340663130527775,86.16593368694723,86.16593368694723
1134,1.0099380753567209,0.8662385562673172,1.2706403171802625,1.4668480270094888,0.8037347987342862,85.09393602936422,-4.906063970635785,4.906063970635785
1135,1.9804157147939612,1.6360046116944562,2.563091051809561,1.5666771557293444,0.7387253009109447,16.423861702891916,-73.57613829710809,73.57613829710809
1136,2.037830958486928,1.5509934591320371,2.8852629402823395,1.8602676389731407,0.6517501278239888,57.18329701404326,-32.81670298595674,32.81670298595674
1137,4.00806748045364,3.036964322959661,7.095500965283875,2.3363794271935947,0.3215170927974782,-54.232028224633765,35.76797177536622,35.767971775366235
1138,0.9917395023300404,0.8846462205993815,1.1756809829068051,1.3289843505014205,0.9310737836755092,-49.26241596779808,40.73758403220194,40.73758403220192
1139,3.539932258850451,2.5673476439809426,5.752312813248435,2.240566378587073,0.38421291573089,44.41045059016944,-45.58954940983056,45.58954940983056
1140,2.500683434603541,2.386300348884798,4.237968290068757,1.7759576207786705,0.3785533160622396,-15.663882334349829,74.33611766565016,74.33611766565016
1141,6.337790119508314,4.620029254845404,11.6795622052522,2.5280277593486846,0.2834862799174302,-8.112937802628045,81.88706219737196,81.88706219737196
1142,1.8829835605082688,1.6333557292373075,2.830395868031071,1.732871668655253,0.4465464904384614,-34.60368327403407,55.39631672596593,55.39631672596593
1143,1.0511768765181757,1.0703101017136711,1.1425529591208206,1.067497127506768,0.7514487315918277,50.54228693161075,-39.45771306838925,39.45771306838925
1144,5.927947736764202,5.350953355336155,8.774425985330007,1.6397874178028196,0.2549747728522741,-84.83030934530808,5.1696906546919195,5.1696906546919195
1145,1.186817925731738,1.0444587866794817,1.5745225303961208,1.5075008707637043,0.6348755668944874,88.20161476975146,-1.7983852302485417,1.7983852302485417
1146,1.9834790046600808,1.7268238210088822,2.505759616533107,1.4510800615833168,0.6125646784362109,-59.503313818420494,30.49668618157949,30.496686181579506
1147,0.9855986414141252,0.574661949165679,1.9746044848469655,3.4361148980088005,0.4836191750984809,-33.068754526106886,56.931245473893114,56.931245473893114
1148,1.191922542518033,0.7548214817234797,2.0217145509836185,2.678400919867104,0.6823158399388566,-81.22711016888393,8.77288983111606,8.772889831116075
1149,1.085277926096956,0.958203512068136,1.2741066315440095,1.3296826984009322,0.962982814504006,-37.20394870575844,52.79605129424155,52.79605129424156
1150,1.833981655109284,1.4954796059611966,2.297346328568066,1.536193686233175,0.8666972010923447,87.55382924267147,-2.446170757328531,2.446170757328531
1151,0.8884066096615684,0.5996095761677364,2.063277928297788,3.441035651039372,0.3746447616894688,-61.72738244134782,28.272617558652172,28.27261755865218
1152,2.4958230151698717,1.8424867954440851,3.5734568583670265,1.93947488101576,0.6980547589706002,26.44691654470309,-63.553083455296914,63.553083455296914
1153,1.986537570863388,1.7331808969691376,2.3386629342271044,1.3493472829736295,0.885680181495867,18.526098297589048,-71.47390170241096,71.47390170241096
1154,2.705912561457533,2.2938368240063167,4.178437811678066,1.8215933094927763,0.5238306289636069,17.09217443561218,-72.90782556438782,72.90782556438782
1155,1.021890421280174,0.9985319669881074,1.0706135397633554,1.072187546476523,1.1260184029627482,-30.70710448985707,59.29289551014293,59.29289551014293
1156,0.928505064734256,0.7383490501700966,1.2444430633836698,1.685440054533804,0.969572332751286,15.196143952382936,-74.80385604761706,74.80385604761706
1157,0.928505064734256,0.7234620214345753,1.4276496049608407,1.973358051511688,0.7283782035635693,-22.57448143105161,67.42551856894839,67.42551856894839
1158,2.1424021849896837,1.7888922253489128,2.6718491965515967,1.493577510534749,0.7900214240253192,-6.941740764786867,83.05825923521313,83.05825923521313
1159,1.2171245375823248,1.120758346858172,1.360553984783743,1.213958377912412,0.998101806881625,-1.0545560473290811,88.94544395267091,88.94544395267091
1160,3.313136415259456,3.0246561039479083,3.728323973652912,1.232643925630602,0.8374475207895735,45.71140906281649,-44.28859093718351,44.28859093718351
1161,1.6856330249272244,1.4988816719979985,2.0026481945344705,1.336094924601323,0.7574466328699924,-9.550259558530326,80.44974044146967,80.44974044146967
1162,5.628493154507225,4.0645836009568805,8.238672686615176,2.026941378367918,0.6141412068807794,67.35964500841551,-22.640354991584488,22.640354991584488
1163,1.3894843667311525,1.373095738979902,1.8211954995875936,1.3263426925646085,0.57224104929248,-22.24818168744154,67.75181831255846,67.75181831255846
1164,1.415458284986553,0.9069505607494874,2.316220681201503,2.553855503752509,0.7271287124834348,-80.02105221851657,9.978947781483441,9.978947781483427
1165,7.25604119076576,5.434354706196364,10.418067228611868,1.9170753091867507,0.5257397838572516,-32.95341085595358,57.04658914404642,57.04658914404642
1166,5.061699169905854,4.175301541855835,6.377548745942628,1.527446265140395,0.6279968022863184,79.45303045401542,-10.546969545984581,10.546969545984581
1167,1.1609582232861997,0.9777738219544037,1.5022916615173163,1.5364408698470684,0.8044728673577998,56.77377270647379,-33.22622729352621,33.22622729352621
1168,4.525980140342644,4.034367487230319,5.731780459150453,1.4207383133273874,0.5541158433332555,-33.08075627783887,56.91924372216113,56.91924372216113
1169,2.2690184693770243,1.953393243195498,3.4448488985790853,1.763520433266043,0.4212510005795854,-5.569875315250588,84.43012468474942,84.43012468474942
1170,2.220333029284942,2.140852733763316,2.3577368374695293,1.1013073436980234,0.7962432751717403,74.29383581275944,-15.70616418724056,15.70616418724056
1171,1.876523906614425,1.1425448650886187,3.976829554661408,3.480676931100605,0.3656156835404482,-1.0727631368607349,88.92723686313927,88.92723686313927
1172,1.2071068813224677,0.8902405250314464,1.737813803332103,1.952072225953449,0.8094462012660658,-14.940055536816152,75.05994446318385,75.05994446318385
1173,2.9874371149002164,2.684665332562413,3.4800498709499266,1.2962695307829482,0.7343293766958318,-79.72447206806659,10.275527931933425,10.27552793193341
1174,4.706169009781524,4.108415555216795,6.052235387258,1.4731312609244156,0.6147671239418238,19.03650606463605,-70.96349393536394,70.96349393536394
1175,1.5308539431383232,1.3125060323451776,1.898430498303112,1.4464165889668394,0.8547407132405113,82.57396572934822,-7.426034270651783,7.426034270651783
1176,2.401606816096648,1.9545628090578768,3.053943865639163,1.562469034756269,0.722841869698819,35.84307972315943,-54.15692027684057,54.15692027684057
1177,3.983757521672035,3.399476852654276,4.932305260655328,1.4509012634706533,0.6887051931109249,79.2198506828548,-10.780149317145202,10.780149317145202
1178,6.088614881497934,4.188590647966493,9.61624099949935,2.2958178078748066,0.3797332037676457,33.29291574474826,-56.70708425525174,56.70708425525174
1179,7.76921221393302,6.810620083871647,14.851396822489772,2.180623297085626,0.2476734511904766,-1.2804837377370233,88.71951626226297,88.71951626226297
1180,1.3495865213724043,1.2205114090542524,1.5496442703982505,1.2696679923697198,0.909736664193479,-21.388949057509024,68.61105094249098,68.61105094249098
1181,1.824023310076927,1.5480265758538598,2.241138161559557,1.447738815674654,0.7588505790523243,-78.19411095036634,11.805889049633663,11.805889049633663
1182,2.353084504890762,2.236210299219847,2.964030562333777,1.3254704011370697,0.5187139807755141,-89.72737591250566,0.27262408749433575,0.27262408749433575
1183,6.273279220455431,4.445397278513867,10.398344174462643,2.339125959500046,0.2936578142848086,50.025400189819145,-39.974599810180855,39.974599810180855
1184,2.122472429167761,2.036287636681667,2.314640069149428,1.136696028327984,0.7522625958744825,50.02723482372959,-39.97276517627041,39.97276517627041
1185,1.585405189396292,1.42188066086579,2.1547901516787453,1.515450776555807,0.5898292807010913,6.312837626072411,-83.68716237392759,83.68716237392759
1186,3.619643718365112,3.232465876455431,5.125549531198346,1.5856469107784616,0.2513022956172321,74.99676507163744,-15.00323492836256,15.00323492836256
1187,2.6856432681079343,2.5075758561093284,2.9327654479457963,1.1695620057915928,0.8920351697073601,-30.946986632742945,59.05301336725705,59.05301336725705
1188,2.255600146690836,2.057074506731559,2.6139544008445386,1.2707144988140433,0.7493184065636459,-82.82765409076157,7.17234590923843,7.17234590923843
1189,2.3812968800479584,2.089876040544901,2.8331679301924053,1.3556631471088123,0.7928417552455365,-4.736121072393313,85.26387892760668,85.26387892760668
1190,1.3851080271465486,1.0366952864925654,2.122721644571297,2.047584928984357,0.6013406897309651,38.611117755697705,-51.388882244302295,51.388882244302295
1191,3.309469412015971,2.938248089023955,3.851301109505015,1.3107474225514983,0.8193487980710763,2.0125788151544803,-87.98742118484552,87.98742118484552
1192,0.9917395023300404,0.7784580119952825,1.341398411754454,1.7231480581929997,0.847692364761253,28.15682439815231,-61.84317560184769,61.84317560184769
1193,2.073274154004086,1.9719851161704496,2.284696926353336,1.158577165526566,0.7880251984380583,-46.99279737609709,43.00720262390291,43.00720262390291
1194,3.085411785026792,1.653297593222999,6.299538567018256,3.810287145424137,0.3811248622578677,-85.82010013396386,4.1798998660361235,4.179899866036138
1195,0.973200680696656,0.9880745949693758,1.2024780986673078,1.2169912117865729,0.6077389321697368,19.898084611154747,-70.10191538884526,70.10191538884526
1196,3.633037450411949,3.5862891357150204,4.381214707668614,1.2216568552817213,0.3452926308856075,80.71105735821232,-9.288942641787685,9.288942641787685
1197,1.3084726790995154,0.945875233892105,2.486572478461897,2.628858848782943,0.4832182227151382,75.4480319125792,-14.551968087420803,14.551968087420803
1198,1.6195038256468852,1.1956858610604142,2.3901224867131923,1.9989552143683225,0.7592117614978946,88.1738342647823,-1.8261657352176996,1.8261657352176996
1199,1.2944779165271465,1.2541047446326663,2.68528285761236,2.141195039014778,0.3558594958419063,-85.64009884881963,4.359901151180367,4.359901151180367
1200,6.226651537433542,3.2005203510905904,15.82534155784973,4.9446151943565,0.192032589710983,-88.66499847548535,1.3350015245146665,1.3350015245146523
1201,1.1183396299962336,0.5864103721109892,3.062248312788381,5.222022764987507,0.3371508590266368,-15.607116247855666,74.39288375214433,74.39288375214433
1202,2.040808068852193,1.7066614025784683,4.504599115183824,2.639421685155684,0.2678102426889699,-84.03974829412066,5.96025170587933,5.960251705879344
1203,1.062665489594652,0.5925679890860415,2.6563448840475674,4.482768109267313,0.3268828417560379,-89.58872219018261,0.4112778098173919,0.4112778098173919
1204,5.299597896736358,3.513243992778101,12.998520640150485,3.699862766967088,0.1830520593543494,-24.083129920596967,65.91687007940303,65.91687007940303
1205,4.72419544133925,4.12935486759313,5.737722538609246,1.389496113215763,0.5659183015626715,-4.204463078632196,85.7955369213678,85.7955369213678
1206,2.681118170928788,1.947920487224332,4.078273806162741,2.093655173766376,0.5530512292050871,-82.78115044539835,7.218849554601661,7.218849554601647
1207,2.373635851463476,2.0972962855980883,3.164040602929657,1.508628334802664,0.4550086415838716,-57.02885357866355,32.97114642133644,32.97114642133645
1208,0.8815462242933692,0.5830084643664634,1.5671372249545974,2.6880179632684325,0.5793941079420812,-82.84891257681414,7.1510874231858566,7.1510874231858566
1209,1.4025314545362868,1.2175772874404174,1.867113386709454,1.5334660115371297,0.5818951670488669,67.40347790484977,-22.596522095150235,22.596522095150235
1210,1.0159318257539256,0.8761763278805037,1.290226993905064,1.472565456117904,0.750056615783064,44.24447224677272,-45.75552775322728,45.75552775322728
1211,1.021890421280174,0.9211271932855531,2.520315656005151,2.7361212158067763,0.3022787568926802,-70.84546452043696,19.154535479563037,19.154535479563037
1212,9.267379157213536,9.83836552149454,11.92971507572273,1.2125708329965048,0.2534066743475945,-14.826000797480017,75.17399920251998,75.17399920251998
1213,3.083443420051315,2.1721303898895585,4.899974317569687,2.2558380198431944,0.5516426376525762,-73.65435895958132,16.345641040418684,16.345641040418684
1214,1.1970053909181526,1.0901057936092875,1.459967244472147,1.3392895011027013,0.7923166145826706,2.273131354842956,-87.72686864515704,87.72686864515704
1215,0.8606370140730026,0.7992555189927629,1.02267117785098,1.2795297042675036,0.7940159693489426,-88.83370109494082,1.1662989050591932,1.166298905059179
1216,1.4493662838402204,1.0169813400906982,4.041370750342461,3.9738887932614735,0.2125460359017343,-56.00007735875128,33.99992264124873,33.99992264124872
1217,8.927015828152074,7.338786388170697,15.714338075519969,2.1412720365930973,0.2653549532931523,-48.97561028701031,41.02438971298969,41.02438971298969
1218,1.502835947650602,1.368508895680976,1.698236769865369,1.2409395183509706,0.8944891993080827,56.319659734897954,-33.680340265102046,33.680340265102046
1219,2.739361452623709,1.819148645877902,4.188125372064331,2.3022447239561257,0.7311411155471534,-82.91477213554384,7.085227864456158,7.085227864456158
1220,3.672925607834028,2.882676496710786,5.059539440913829,1.755153395355637,0.591300053025838,-55.83840561400941,34.16159438599058,34.16159438599059
1221,1.3223193364400538,0.9745841088126148,1.8351644462579613,1.883023157943582,0.8433668046474269,-71.1731366045896,18.826863395410385,18.8268633954104
1222,2.3219164465724,2.079929258548675,2.929146315057717,1.4082913171295093,0.4521575787535915,-10.365527343842125,79.63447265615787,79.63447265615787
1223,1.857010129468512,1.661299403211402,2.10135595165376,1.2648869599252843,0.9331104670071454,-6.107814054211567,83.89218594578843,83.89218594578843
1224,9.905756681658334,9.478324791955425,13.292538515192462,1.40241433027008,0.2558322372706805,88.49356586813143,-1.5064341318685734,1.5064341318685734
1225,2.690160753669267,2.089263097748967,3.5961407447485105,1.7212483906996192,0.6911750308130279,53.727715862713374,-36.272284137286626,36.272284137286626
1226,0.9978425722559162,0.916350429105426,1.742995356246693,1.902105680190784,0.3957524796405093,-52.2347313866511,37.765268613348894,37.7652686133489
1227,3.364054777319084,2.368247473537161,6.3795166558908765,2.693771122813688,0.2844640808373463,-49.21397588730534,40.78602411269466,40.78602411269466
1228,7.238448731121578,7.066843571144147,9.781232291275185,1.3841019958634189,0.3442278258881918,-25.24592769868557,64.75407230131444,64.75407230131444
1229,5.6036288549717455,3.289974420242478,10.447130106168776,3.175444174243397,0.3386829402962243,-62.91125753058365,27.08874246941636,27.088742469416353
1230,1.3084726790995154,1.1547019905224447,1.5178811063229185,1.3145219448666174,0.9614068225000884,74.07265797549061,-15.927342024509386,15.927342024509386
1231,3.083443420051315,2.647973480409572,4.43757430111988,1.6758378941293266,0.4812316906663034,-68.05862451579004,21.94137548420997,21.941375484209956
1232,1.986537570863388,1.9532785994185555,2.164663066961764,1.1082203366207632,0.7073364825248603,10.011765426454144,-79.98823457354585,79.98823457354585
1233,1.326902779425731,1.2740198006273509,1.5934401404892533,1.25071850508494,0.6512267065242955,-37.09789408457642,52.90210591542359,52.90210591542358
1234,2.040808068852193,1.7479574951651589,2.490862265741918,1.4250130638940763,0.8426533903794524,71.23075814357527,-18.769241856424728,18.769241856424728
1235,1.474285581520627,1.2273826223347462,2.3612404945123155,1.9238014711506404,0.4648830891625808,1.0410352986041844,-88.95896470139581,88.95896470139581
1236,1.4947343471339476,1.1994498707269987,2.186623244066087,1.82302178476267,0.5026592688472197,80.10987880405264,-9.890121195947359,9.890121195947359
1237,9.761905515831318,6.046546498983639,16.784330066444074,2.7758539637899657,0.4647477325588604,79.75900227686628,-10.240997723133717,10.240997723133717
1238,3.562158567226919,3.1058096784444458,4.493212708577476,1.446712185798814,0.5432915587426103,-6.571419778308755,83.42858022169125,83.42858022169125
1239,1.270810876469873,1.1566902919992734,1.4702238887513093,1.2710609736424008,0.922781936346104,-0.054007269033048,89.94599273096695,89.94599273096695
1240,2.4066575195010222,1.974102739254472,3.0461881987049573,1.5430748046352254,0.7398223037455337,42.6502430649462,-47.3497569350538,47.3497569350538
1241,5.407335843732735,5.113445531279519,6.407960548391574,1.253159050818741,0.6069420807300526,-89.79442302990672,0.20557697009326148,0.2055769700932757
1242,1.171370613113025,1.0198216924400292,1.4509291517087406,1.4227282695244912,0.7587438766766252,80.35361180234415,-9.646388197655853,9.646388197655853
1243,2.789870967299997,1.948118834435594,4.208595182875037,2.160338018647792,0.5166629501603546,-67.150254772081,22.849745227919016,22.849745227919
1244,12.76245587836455,11.348731636420348,35.81850836808192,3.156168417370376,0.0330376791856034,-47.81644524419951,42.183554755800486,42.18355475580049
1245,9.324851826903686,7.395596179171504,13.000719904709031,1.7579001867791877,0.253244175533716,-46.60746354759931,43.39253645240069,43.39253645240069
1246,1.2020667470700563,1.2802869782737034,1.406965631234271,1.0989455138654751,0.5326208489233301,-24.44303556835777,65.55696443164223,65.55696443164223
1247,1.6344304437273447,1.3154460957742171,2.220989708428684,1.688392793565213,0.6662619912147616,-2.369932269901,87.630067730099,87.630067730099
1248,1.0337045758596148,0.9887949461774326,1.161374240329035,1.1745349678603982,0.8343926415003358,26.1433595781243,-63.856640421875696,63.856640421875696
1249,0.8246109854774907,0.5862544879398196,2.70918679576804,4.621178773894766,0.2283868443948474,-89.23401184180088,0.7659881581991215,0.7659881581991215
1250,3.2502347478738187,3.2363137116299394,3.502111008596512,1.0821296452230231,0.6855286021808477,-3.950552504249968,86.04944749575003,86.04944749575003
1251,0.8319410050566239,0.7315168385526519,1.6384348694022297,2.239777381808418,0.4305463367411196,71.23753507420875,-18.76246492579125,18.76246492579125
1252,1.8306682257451572,2.172800343275072,4.257925406035694,1.9596487174784327,0.1878762120086383,-54.77892413513694,35.22107586486305,35.22107586486306
1253,1.7938166040551036,1.3635165227946118,2.505804048407904,1.837751143104671,0.7941620364711356,10.399865698225076,-79.60013430177493,79.60013430177493
1254,0.9153341128725788,0.6036405993642828,1.65790185093355,2.7465048783656205,0.5583573108934693,-39.39200861722889,50.607991382771104,50.60799138277111
1255,4.1611643149351965,3.1852034417185418,5.807411916873423,1.823246779408256,0.5357108876474608,48.08965412504099,-41.91034587495901,41.91034587495901
1256,0.979419278671245,0.90719037552346,1.3764073154566994,1.5172199271431814,0.5523936189031176,-60.80923259584676,29.190767404153235,29.19076740415324
1257,1.5308539431383232,1.2840514782951702,1.921152257069507,1.496164514852795,0.8120873290495527,85.61501691174337,-4.384983088256632,4.384983088256632
1258,1.2369164782162358,1.196815502953871,1.3683624193116364,1.143336141564317,0.7857442260454174,-76.54062401359229,13.459375986407707,13.459375986407707
1259,1.2991595879263365,1.20016765984443,1.580984273540472,1.317302845625256,0.6769907502682638,-75.97222594846988,14.027774051530116,14.027774051530116
1260,4.072681542230141,3.656809072399155,4.960102052874465,1.3564017028704882,0.4928200212967826,79.85517498796426,-10.144825012035739,10.144825012035739
1261,1.0683634687220958,0.9097061678206018,1.349863883463713,1.4838460276658394,0.7158033589365401,-29.59020601623164,60.40979398376837,60.40979398376836
1262,2.1281856896488693,1.7715804727679985,2.594108001220321,1.4642902431449631,0.9041775152692846,-51.605115581979874,38.394884418020126,38.394884418020126
1263,1.69282125807016,1.4816823821460394,2.035802148508836,1.3739801276169732,0.7647303779319188,17.457519357697972,-72.54248064230202,72.54248064230202
1264,4.39255341406092,3.61331601475674,5.718240265474375,1.5825464039461672,0.4963806051018817,15.561121761171082,-74.43887823882892,74.43887823882892
1265,2.084954664197576,2.03993208222796,2.183869067516116,1.0705596948752096,0.8744350501275748,-36.273931634095625,53.72606836590438,53.726068365904375
1266,0.8535534614000618,0.6153767588936868,1.4126346439236608,2.295560603333915,0.6503960602149531,3.8234258040230262,-86.17657419597697,86.17657419597697
1267,6.860361276261953,3.813882709146981,14.709117266043814,3.8567303684422103,0.4139348174134871,-3.651660976384681,86.34833902361532,86.34833902361532
1268,6.051607762387844,4.528835724436969,8.71874673080054,1.925162947235068,0.5322630484470472,-37.60359218378164,52.39640781621836,52.39640781621836
1269,2.5936417297990064,2.114922944486897,3.407003192576485,1.610934904960833,0.5946770284195229,-28.496626042903102,61.5033739570969,61.5033739570969
1270,1.4906670352488116,1.1296426117086,2.1801370040652723,1.9299351684049744,0.6276737346954638,80.60219128232875,-9.397808717671253,9.397808717671253
1271,0.7946150283453554,0.5868429636544167,1.543365304174096,2.6299459987782376,0.4923737204179265,-74.17400273579032,15.825997264209661,15.825997264209676
1272,1.5583682828180965,1.3569319610149768,1.9699783278816003,1.451788582242597,0.7345178749260629,-49.867187320854725,40.132812679145275,40.132812679145275
1273,4.815837080065332,4.640905819932785,5.101335144905461,1.0992110899978025,0.6794733620966844,74.80274869912266,-15.19725130087734,15.19725130087734
1274,1.1237553499514827,1.063036467898128,1.279932927184726,1.204034824614675,0.8526238654368725,-21.371057724643613,68.6289422753564,68.6289422753564
1275,1.780226888597607,1.4972397172848264,2.179062219481318,1.45538633147733,0.7336107113136575,-66.49399225813147,23.50600774186853,23.50600774186853
1276,3.4915796938584958,3.3316369234381327,5.275580386844911,1.5834799853882926,0.2159041119625323,14.922165853870249,-75.07783414612975,75.07783414612975
1277,1.0099380753567209,0.9281235994742828,1.1890434286450555,1.2811261660823683,0.8429020554554802,-36.987249747617504,53.01275025238249,53.012750252382496
1278,4.6997142419519164,3.352713129993189,9.404379943662455,2.8050058501967805,0.2641794014731405,-14.25175303238001,75.74824696761999,75.74824696761999
1279,1.139848131163964,0.8542362742802425,1.976637030057964,2.3139230790959178,0.5039284873424829,27.947866225581876,-62.052133774418124,62.052133774418124
1280,1.1183396299962336,0.9002857545579951,1.6893230284928322,1.876429811246123,0.5274364639051238,-33.41913374658842,56.580866253411585,56.58086625341158
1281,1.0740312192037882,0.994665176853219,1.2186969555628202,1.225233358845799,0.8893929044185465,-56.7449986279116,33.2550013720884,33.2550013720884
1282,3.5330652644909053,3.123818431953251,4.0419664518615965,1.29391849747626,0.8707513163276704,-67.08713933291438,22.912860667085624,22.912860667085624
1283,0.9669420905017878,0.8947794716549807,1.216778039141524,1.3598636062704657,0.6165995376012999,27.710442878063557,-62.28955712193644,62.28955712193644
1284,2.809388374878707,2.3976042469693164,3.5243218188301872,1.4699347581174391,0.6660011294984926,-30.63921722951674,59.36078277048327,59.36078277048326
1285,1.1451621372724683,0.8712089849715778,1.581125471973546,1.8148635967352065,0.8414846753119434,-67.1354303807137,22.8645696192863,22.8645696192863
1286,2.271692622891249,1.791552327171289,4.269855844205569,2.383327452649577,0.3964708026351604,85.79053089244078,-4.209469107559215,4.209469107559215
1287,0.8392070033186643,0.643163690451754,1.154207829326739,1.794578653089124,0.9495581127040106,7.229137562614183,-82.77086243738582,82.77086243738582
1288,3.498528118032332,3.08309661749781,4.251350650057839,1.3789222906378342,0.665264042965269,48.991090636198486,-41.008909363801514,41.008909363801514
1289,2.040808068852193,1.8557303196508528,2.4595403110438547,1.325375936901546,0.5906966572882795,-4.325469171486971,85.67453082851303,85.67453082851303
1290,1.663882010113248,1.547710474279322,1.9080531410563315,1.232823045889639,0.6565098942780271,22.84227614135069,-67.1577238586493,67.1577238586493
1291,6.949169392942276,6.301593790280736,10.202385520088727,1.619016690003786,0.2424345109244957,3.6283811713503145,-86.37161882864969,86.37161882864969
1292,1.326902779425731,1.1397082001369747,1.6899790669551693,1.482817327059734,0.6678382614642167,81.64631086951138,-8.353689130488618,8.353689130488618
1293,1.593045740590529,1.2866484953723067,2.0665368818585628,1.6061394306924413,0.8639127532006181,-11.53052619919315,78.46947380080685,78.46947380080685
1294,1.085277926096956,0.8172081353492155,1.824103164134642,2.2321157673683123,0.5872380224289323,-61.06401992971358,28.935980070286405,28.93598007028642
1295,2.034849492430161,1.1811697949624609,3.724598904021992,3.1533137063840724,0.4950330277451703,-54.19046786258344,35.80953213741657,35.80953213741656
1296,4.125998915572191,3.378892359925841,6.278766409191245,1.858232148398196,0.2929305300435553,3.935468970566348,-86.06453102943365,86.06453102943365
1297,2.687902959940692,2.193962514079607,3.42447917593807,1.5608649436632145,0.8238899472527145,-19.538532153111426,70.46146784688858,70.46146784688858
1298,4.093498597015103,3.4991679860453715,5.170824051960653,1.4777295838844606,0.6499539350661575,33.294727950092664,-56.705272049907336,56.705272049907336
1299,5.569940487115951,4.846070442616063,6.569653837140237,1.3556661866420845,0.6606698716557146,-42.59259008183966,47.40740991816034,47.40740991816034
1300,1.9773476793114584,2.4147349735498085,4.506246836841538,1.8661455133592069,0.1642977617330016,66.13522758268142,-23.864772417318576,23.864772417318576
1301,7.153232948961219,6.239887540120071,9.070652008728732,1.4536563280039805,0.4616468807276789,69.74373866005485,-20.256261339945155,20.256261339945155
1302,6.004269835637207,4.352867955242627,12.388996730531035,2.8461687461963177,0.2622835845845647,-20.78475015967007,69.21524984032993,69.21524984032993
1303,0.9086770491564996,0.7013054734333073,1.315880220577487,1.8763296030408416,0.7777326297322004,-20.71405272914134,69.28594727085866,69.28594727085866
1304,1.021890421280174,0.8873974449550102,1.259318727409129,1.4191146645379118,0.8154291723753282,-76.76945067231429,13.230549327685708,13.230549327685708
1305,4.957472990700144,3.3413631584002164,8.260303813592426,2.472135898435927,0.429702900529752,-9.428309045148891,80.5716909548511,80.5716909548511
1306,1.2612197138901655,1.1323615385326824,1.6172709766880198,1.4282284603057822,0.6543358834724766,-2.4272593486320777,87.57274065136792,87.57274065136792
1307,2.681118170928788,1.7493305415254683,4.242486184310023,2.4252055764203653,0.7087599472350243,61.91933851658038,-28.080661483419618,28.080661483419618
1308,1.593045740590529,1.0907806435857454,2.8998204147436217,2.658481732139088,0.4715516479002549,48.609066119401206,-41.390933880598794,41.390933880598794
1309,1.3585539723246187,1.3456569339735749,1.40039023356194,1.0406740367522531,0.9340564593357412,-8.560989764937167,81.43901023506284,81.43901023506284
1310,1.502835947650602,1.0775862372020235,2.2556918253658527,2.093281955069142,0.6653093772620612,48.78303331693893,-41.21696668306107,41.21696668306107
1311,1.0159318257539256,0.7976546287343264,1.3348087108272908,1.6734168683322137,0.9249769674187828,-73.53762248703855,16.46237751296144,16.462377512961453
1312,3.283685729439831,2.484869979648892,5.050756437474331,2.032603910401781,0.4516198289213223,63.956301405300366,-26.043698594699634,26.043698594699634
1313,1.1291450947814663,0.9678999577720804,1.3999878585938106,1.4464179353993505,0.8579271795748002,39.54719572634115,-50.45280427365885,50.45280427365885
1314,3.679531594480584,2.469448830921262,5.8241941491347005,2.358499628016955,0.5600908378527858,12.994779965019996,-77.00522003498,77.00522003498
1315,6.705512226228636,5.500830882364828,10.73051596815847,1.95070821074677,0.2353452814731989,-66.2172803647507,23.782719635249293,23.782719635249293
1316,1.7527313846366133,1.3695227470490705,2.296726702021257,1.677027057031397,0.8644510067446537,-30.452166493000146,59.54783350699985,59.54783350699985
1317,2.122472429167761,1.3193440643062528,3.864155937488846,2.928846266891514,0.5188483030927973,-78.50653232379453,11.493467676205455,11.49346767620547
1318,2.173351160309283,1.8555221518817808,2.6285910613121564,1.416631463357291,0.7886002269787219,-31.625117196191685,58.37488280380832,58.37488280380832
1319,0.9855986414141252,0.7539052645219635,1.490836837322854,1.9774856437276165,0.7146962632409687,30.561608352485493,-59.43839164751451,59.43839164751451
1320,1.2171245375823248,1.1474606366867344,1.371171229198144,1.194961452584002,0.8665424777428854,-87.64549327550324,2.3545067244967584,2.3545067244967584
1321,1.2171245375823248,0.978235236041278,1.5943921386659374,1.629865782711041,0.802211456877498,-55.40180211028037,34.59819788971964,34.59819788971963
1322,1.139848131163964,1.0446124336230018,1.3102707475388895,1.254312800963427,0.8568331236797284,-62.49441013894751,27.5055898610525,27.505589861052492
1323,3.415991619136806,3.6196859612192815,5.567875574732688,1.5382206175856104,0.2432649210502835,61.41107759773664,-28.588922402263357,28.588922402263357
1324,2.178931018427761,1.8723623581044724,2.676779301125465,1.429626743743856,0.6821795339321349,-24.08256155306915,65.91743844693084,65.91743844693084
1325,1.800572999362347,1.6483419911225397,2.007254197877624,1.2177413477834544,0.9031491026359746,31.19593385279721,-58.80406614720279,58.80406614720279
1326,2.001760303601345,1.9100621161820628,2.276700320653459,1.191950932571896,0.705571213261909,36.62435405690019,-53.37564594309981,53.37564594309981
1327,1.0278144733504384,0.9302408851458784,1.2398633095489282,1.332841126795341,0.8366359864437839,-56.03382060923023,33.96617939076975,33.96617939076977
1328,3.7884698990384136,2.4689677208910394,6.3108327438802405,2.5560612601296744,0.5225125725833536,9.786472270013018,-80.21352772998698,80.21352772998698
1329,0.9153341128725788,0.8694688975725362,1.0673451601350967,1.2275829108033764,0.8872647378170885,45.0670797329994,-44.9329202670006,44.9329202670006
1330,1.7142051110999064,1.184390011561446,2.6005680128213378,2.195702418490398,0.6390962336243947,57.5063393946764,-32.4936606053236,32.4936606053236
1331,1.0278144733504384,0.7789934798744514,1.7885202517639944,2.295937383265706,0.5391454368206193,-49.64280822306859,40.357191776931415,40.35719177693141
1332,1.2121260584033826,1.0590330604025375,1.4780491774895874,1.395659146776572,0.6996314559065303,35.680745640719344,-54.319254359280656,54.319254359280656
1333,0.8746320295080829,0.8188944856872047,1.0830066669635174,1.322522847439464,0.7776885265866725,-84.18937295976845,5.810627040231566,5.810627040231552
1334,4.06522104587189,2.9554230747440764,6.559996829371251,2.219647293624555,0.5065174197397466,68.94674213446719,-21.053257865532814,21.053257865532814
1335,0.84641062903508,0.5828160592201793,1.349615208488177,2.315679513522657,0.7366920670554281,-45.076272156729225,44.92372784327077,44.923727843270775
1336,1.470161697690137,0.8917411580351167,3.501474917425319,3.926559726300568,0.3079105060239821,28.38467933120597,-61.61532066879403,61.61532066879403
1337,0.9479184199131095,0.9322334407185447,1.1105055656757317,1.1912312058016057,0.8040905181449018,62.94390276554155,-27.05609723445845,27.05609723445845
1338,3.594395953429868,3.20038640493349,4.706225001318185,1.4705177456270284,0.3306581127117262,48.91860388841273,-41.08139611158727,41.08139611158727
1339,1.139848131163964,0.9523037530481148,1.588129650443363,1.6676713132339442,0.6257764408368605,18.375760810424403,-71.6242391895756,71.6242391895756
1340,1.876523906614425,1.4145206985445928,2.9701303661064893,2.099743304684386,0.5445231035617824,29.386809424706613,-60.61319057529339,60.61319057529339
1341,0.8815462242933692,0.5866658535648015,1.6404240394783904,2.796181215440714,0.496405390649209,-10.933807275207291,79.06619272479271,79.06619272479271
1342,1.6784140066373283,1.414928443714963,2.198352564110032,1.553684621914979,0.6437913856869218,-31.506868092140607,58.49313190785939,58.49313190785939
1343,5.656469014497547,3.253860772864207,10.674543609254862,3.2805778594695703,0.4493206686349619,38.86563962066341,-51.13436037933659,51.13436037933659
1344,2.073274154004086,1.937555685034868,2.359738161113996,1.2178943703863307,0.6816684148536696,49.88578651510458,-40.11421348489542,40.11421348489542
1345,1.1237553499514827,1.0572065511873654,1.3123259342401792,1.2413146066549483,0.8497564445312308,75.42211261258299,-14.577887387417007,14.577887387417007
1346,6.402599282994445,4.47133074548784,9.418748061983036,2.106475364518223,0.6949293144551919,30.375393260967385,-59.624606739032615,59.624606739032615
1347,1.1451621372724683,0.9801222140677502,1.41800199634395,1.4467603896649683,0.8030036841222596,35.065679263971965,-54.934320736028035,54.934320736028035
1348,2.2582901895629326,2.08435090993637,2.4987207097508537,1.1988004024845955,0.8203146432982574,54.768388559957685,-35.231611440042315,35.231611440042315
1349,4.485556763105557,4.062477290742515,5.1021692741931055,1.2559256111584471,0.7922444077541609,-48.10676173924502,41.89323826075497,41.89323826075498
1350,6.170823570053584,3.485201305987648,11.498095138590978,3.2991193704756774,0.4800686179538583,84.76805194799235,-5.2319480520076524,5.2319480520076524
1351,1.0159318257539256,0.7000990169169489,1.8149502951643404,2.592419431121189,0.5427828718699994,58.46375342108116,-31.536246578918842,31.536246578918842
1352,1.0337045758596148,0.8997635698072721,1.2747810491867722,1.4167955804876922,0.8875992902638586,54.42804926674017,-35.57195073325983,35.57195073325983
1353,2.651516808482733,3.009314256195617,5.645957892513005,1.8761609495881093,0.1938668875147974,-19.82531479571591,70.17468520428409,70.17468520428409
1354,3.669618155017498,3.0176554964444056,4.704193541821459,1.5588901872212515,0.7789012420395184,73.60072930155425,-16.399270698445747,16.399270698445747
1355,2.672044986969093,1.8434445605540684,4.247088608841416,2.303887352904665,0.5917294951033553,-81.48152342981885,8.51847657018115,8.51847657018115
1356,1.1816912584570125,0.9491645893803936,2.009700952539222,2.117336629520848,0.4709750830350742,85.39289618993963,-4.607103810060366,4.607103810060366
1357,1.0511768765181757,0.7684498619608997,1.5626573892552134,2.033518992726066,0.68043943430325,39.68043400853484,-50.31956599146516,50.31956599146516
1358,2.588955833054293,2.196033643510369,3.2251626137151823,1.4686307849818487,0.8022057804470063,-48.78126940825305,41.21873059174695,41.21873059174695
1359,0.928505064734256,0.7343330931442822,1.2981274303203898,1.767763760668938,0.7161312455537951,36.95640958684826,-53.04359041315174,53.04359041315174
1360,0.9606427264386592,0.7570772663272513,1.4225398448247886,1.8789889857951263,0.6326657732893742,-78.2734772386246,11.726522761375406,11.726522761375406
1361,1.2515550525870838,1.0922063387782346,1.5723282112701706,1.4395889819033745,0.7642353837019552,71.89096401001879,-18.10903598998121,18.10903598998121
1362,1.3450803768346336,1.2185887628420222,1.661348899244838,1.3633384369721249,0.6956854815488878,-70.49545019129447,19.50454980870552,19.504549808705534
1363,1.474285581520627,1.2582647735221244,2.278074453612043,1.8104889380597344,0.5032480684668031,66.19443121805801,-23.805568781941986,23.805568781941986
1364,0.9606427264386592,0.793880151524813,1.2356881086194595,1.5565171975216434,0.8392430919149156,61.33282487954659,-28.667175120453408,28.667175120453408
1365,0.9086770491564996,0.790899033221278,1.313189411798838,1.6603755430706584,0.5917370008120676,9.229171757332502,-80.7708282426675,80.7708282426675
1366,1.8405906194279933,1.506234783403347,2.410819982097724,1.600560555805557,0.7213344698253747,72.80896710561757,-17.19103289438243,17.19103289438243
1367,2.524845188391802,3.2636089616795374,3.969284330584948,1.2162254660994225,0.2139343756267157,5.766529940092156,-84.23347005990784,84.23347005990784
1368,2.478736495350072,1.920912466262333,3.9891051804791537,2.076672024645174,0.5441479884333545,-80.90397969069228,9.096020309307733,9.096020309307718
1369,1.7904288454052892,1.3249854686413682,2.6904817428201944,2.030574528171239,0.5839432790376377,-26.964999178706705,63.035000821293295,63.035000821293295
1370,1.7768132193231367,1.659678998432242,1.9854200553702763,1.196267505490962,0.7943154570887905,66.63097428439468,-23.369025715605318,23.369025715605318
1371,1.5968523069270035,1.315691221300694,2.1124718107308853,1.6055984691016585,0.5259514109416912,-2.9021224988026426,87.09787750119736,87.09787750119736
1372,1.2466946262544771,1.0389634941778176,1.663779420106268,1.6013839075480678,0.7263925158392139,5.085582306994013,-84.91441769300599,84.91441769300599
1373,1.0337045758596148,0.7542291462764977,1.584516331341336,2.1008420838200514,0.6896323581466786,-59.467444448060895,30.53255555193911,30.532555551939105
1374,0.9669420905017878,0.7491392201958464,1.330897000220332,1.7765683124591949,0.8706579282959044,-85.2415939302713,4.758406069728693,4.758406069728693
1375,2.3035403350478,2.1873834685464013,4.51444209011308,2.0638549001712523,0.2691106043529317,6.77584777562795,-83.22415222437205,83.22415222437205
1376,1.0159318257539256,0.9383317102616996,1.2190380914010628,1.2991547424748917,0.8185347516722671,-32.168760875851625,57.83123912414837,57.831239124148375
1377,2.9341223549550866,2.34409618728464,3.777998486858305,1.61170796119705,0.7466081326028479,-6.712458490244095,83.28754150975591,83.28754150975591
1378,1.546636359756236,1.1059853411417442,3.883858025069969,3.511672244281771,0.2839140955047275,-72.95325227895816,17.04674772104184,17.04674772104184
1379,1.3630155737347494,1.188774053558955,1.6280409933110442,1.3695125566014923,0.8682660540890604,67.96103138277418,-22.03896861722582,22.03896861722582
1380,1.946401361393312,1.3128167150194527,3.112869427797285,2.371137868816029,0.613545868179581,51.74707383723285,-38.25292616276715,38.25292616276715
1381,2.581911042219008,1.9669194456677423,3.523643869251583,1.7914530648484963,0.7240620506994394,-37.29228997107716,52.70771002892283,52.70771002892284
1382,1.1451621372724683,1.072573209667413,1.2605709330287893,1.175277287990133,0.9538723309998034,26.50353294235641,-63.496467057643585,63.496467057643585
1383,1.6082179472047609,1.5597620219418986,1.7681894232910544,1.1336276934667664,0.8046355216665567,-83.94794527510189,6.052054724898113,6.052054724898113
1384,6.92290968423478,5.801601289546711,10.380000321158994,1.7891612682625422,0.2663328964418134,6.546225120389802,-83.4537748796102,83.4537748796102
1385,2.2066186730632262,2.143534173117191,2.731384458191468,1.274243486503137,0.4892143338901389,74.01868595692873,-15.981314043071265,15.981314043071265
1386,2.0820406800143845,1.504416711521536,3.0317419238771,2.015227496915305,0.6083091528738847,74.85431523396109,-15.145684766038912,15.145684766038912
1387,1.1291450947814663,0.8915012147865156,1.5277469917939244,1.7136790914634572,0.8067804969362362,-64.0487809155123,25.951219084487718,25.951219084487704
1388,1.0159318257539256,0.9493719321825456,1.179657095893235,1.242565801562385,0.7390099011333598,25.79343949573645,-64.20656050426355,64.20656050426355
1389,2.9320524271101838,2.710166973940288,3.24220352591842,1.196311355386568,0.8646016860085077,-89.65814903301256,0.3418509669874368,0.3418509669874368
1390,1.8173540983129992,1.6501026763323008,2.6799335406285816,1.6241010811432024,0.4520844993052194,21.89011276263629,-68.10988723736371,68.10988723736371
1391,3.2333794843114507,2.71568228041371,3.988824253650637,1.468811091201352,0.6231507285537704,-9.57415878724874,80.42584121275127,80.42584121275127
1392,3.3222862156564124,2.491542745411123,5.137487734643044,2.061970537774306,0.3545430989657607,64.1508942508213,-25.849105749178705,25.849105749178705
1393,1.0278144733504384,0.8533890403944717,1.3558445087959474,1.5887765656906256,0.8649213369523989,73.83208018234724,-16.16791981765276,16.16791981765276
1394,1.2897792515977275,1.0325659191059453,1.6622719337848313,1.609845824878785,0.8578153069001563,8.992480612448801,-81.0075193875512,81.0075193875512
1395,14.283956415735137,8.96406747177293,34.26560881814045,3.8225514172042856,0.2483467865931381,82.94709508830138,-7.052904911698619,7.052904911698619
1396,3.722184745068006,3.177582203152544,5.812587243200463,1.829248425873508,0.3138219102434815,-6.823131701731593,83.1768682982684,83.1768682982684
1397,1.0039085404212729,0.8227913662112196,1.5626402501001544,1.8991937862641688,0.6501888856978508,-25.77094260473658,64.22905739526342,64.22905739526342
1398,1.1970053909181526,0.9529718049927628,1.538990511683788,1.6149381373308054,0.9645402142280988,48.755029804181305,-41.244970195818695,41.244970195818695
1399,2.678852755931177,2.0122567241368787,3.681307017233753,1.829442025501385,0.7138896151086088,40.01533305252008,-49.98466694747992,49.98466694747992
1400,1.1074287385521373,0.9378615929931572,1.5061859274320328,1.6059788978297806,0.672746715482339,-68.36486571379649,21.63513428620351,21.63513428620351
1401,0.9219431092603804,0.7214132322835534,1.349351346580479,1.870427774535348,0.6529873629701978,60.10688448864084,-29.893115511359163,29.893115511359163
1402,1.892631703400796,1.476171575059172,3.1459753504404184,2.1311718797419013,0.4498233081362116,39.55915772776096,-50.44084227223904,50.44084227223904
1403,1.4025314545362868,1.301947756857071,1.992590622701928,1.5304689548466086,0.4971029777142001,1.453282628412797,-88.5467173715872,88.5467173715872
1404,3.785263406801592,2.9872245899597734,4.892613232785068,1.6378457947987612,0.7330092434523181,43.30231972039826,-46.69768027960174,46.69768027960174
1405,3.017767203306169,2.7036852566024687,3.4864060532607324,1.2895014479761795,0.7014542351154043,-69.685282948602,20.31471705139802,20.314717051398006
1406,1.3851080271465486,1.2584422855174937,1.5720270317135798,1.2491848452685572,0.8573211043719641,-60.44029699805038,29.55970300194963,29.55970300194962
1407,3.085411785026792,2.6819730898226743,3.809993954335652,1.4205936550196927,0.7337724880521029,28.41491427308248,-61.58508572691752,61.58508572691752
1408,1.7142051110999064,1.6115276369822709,1.9377364737660756,1.2024221175596217,0.6893927629959609,73.94920628886683,-16.050793711133167,16.050793711133167
1409,10.31999907064439,10.485236095834123,17.02190624442596,1.6234165915623884,0.1232943734402066,-42.96478536233609,47.0352146376639,47.03521463766391
1410,2.164954408398548,1.6115120634884887,3.203903700768901,1.9881351020316376,0.5396324245428055,75.19395136556312,-14.806048634436877,14.806048634436877
1411,3.0338192697565347,2.3872191166959733,4.113159250510494,1.7229919204916997,0.5802086462462486,-75.19291271453125,14.807087285468754,14.807087285468754
1412,1.4783979621211876,1.2190251646449588,1.8558900477118616,1.5224378475011957,0.8404254139516766,-33.33287516854733,56.66712483145267,56.66712483145267
1413,2.2038655607334228,1.7910282822580836,2.8945505448589306,1.61613893735366,0.6955687154696104,82.19614915150493,-7.803850848495074,7.803850848495074
1414,2.3245297467203696,1.6400767350519678,3.6021216171628923,2.196312855476701,0.6804045171922514,-89.30226990922115,0.6977300907788617,0.6977300907788475
1415,1.7596455392320107,1.5420598296875891,2.053338374462159,1.331555582300689,0.8765378229669373,64.55687402244966,-25.443125977550338,25.443125977550338
1416,1.824023310076927,1.3665102857466562,2.63748109606147,1.930085066736516,0.6969442750648671,-54.81487642323294,35.18512357676707,35.18512357676706
1417,1.0099380753567209,0.9000783587214866,1.2313395743750215,1.3680359742501464,0.822417810505052,0.1719782823659059,-89.8280217176341,89.8280217176341
1418,1.4493662838402204,1.467506083336478,1.7187809963666287,1.1712258067502246,0.5029259965738296,42.60927116305478,-47.39072883694522,47.39072883694522
1419,5.16499768424481,2.9556580333830884,13.263741009073623,4.487576322857539,0.1867083123339725,38.57190074232861,-51.42809925767139,51.42809925767139
1420,1.1019327803667114,1.0460504846943104,1.2560507776347427,1.2007554090487336,0.9021043445926208,-37.27521339665676,52.72478660334323,52.72478660334324
1421,3.248366259793055,3.102501109865904,7.218559348559155,2.326690335614789,0.1958002681442572,38.680482649197614,-51.319517350802386,51.319517350802386
1422,1.0337045758596148,0.9258665522443192,1.2483502129029145,1.3483046880534657,0.9014902784794788,7.9930457163066,-82.0069542836934,82.0069542836934
1423,0.973200680696656,0.9408561599732236,1.1846867284870668,1.2591581783561714,0.7286067232001018,51.21643637490408,-38.78356362509592,38.78356362509592
1424,1.8797565083329089,1.720576077156854,2.64759296423624,1.538782852665965,0.4464837885020018,28.12318790320119,-61.87681209679881,61.87681209679881
1425,3.684478311831165,2.6162467950844306,5.61060733382282,2.1445252582303715,0.5516826210441613,30.80031368537581,-59.19968631462419,59.19968631462419
1426,1.0796692170979234,1.0196473212987234,1.459002062175747,1.4308889276710086,0.5398500465023397,65.49741274499543,-24.50258725500457,24.50258725500457
1427,4.115685743789439,3.7605644341919033,4.838869123004256,1.2867401177887454,0.6615062639158563,-79.74617217814206,10.253827821857953,10.25382782185794
1428,0.8022191731670073,0.5697422534951206,1.2589269769299585,2.209642990680417,0.7899184259460535,-57.43862491913999,32.56137508086002,32.56137508086001
1429,1.0099380753567209,0.74969894440665,1.4930326358715589,1.9915095879629667,0.6959980726743302,-19.71945700871788,70.28054299128212,70.28054299128212
1430,2.416727260215493,2.297302276799213,2.61152060211412,1.1367770921955906,0.8137888311631832,27.390645459532333,-62.60935454046766,62.60935454046766
1431,1.3084726790995154,1.1489097550128935,1.7332122015431848,1.5085712293597282,0.6471582659554395,-79.74820026710654,10.25179973289346,10.25179973289346
1432,3.500263068854585,3.39377636752918,4.692058291906148,1.3825478710968149,0.4715868022514958,14.590836456301966,-75.40916354369803,75.40916354369803
1433,1.1504515979244476,0.9229189320213228,1.6418807644098694,1.779008651186642,0.6732664721188993,-9.224667332237711,80.77533266776229,80.77533266776229
1434,0.973200680696656,0.8991401531874905,1.127784901914172,1.2542926682966231,0.9573835126347556,-28.58152672239437,61.41847327760563,61.41847327760563
1435,4.983124740816272,4.118587641457464,6.935715843556131,1.6840034612209336,0.4960051140786725,39.53081667040549,-50.46918332959451,50.46918332959451
1436,1.1074287385521373,1.103067581103318,1.165391355872601,1.056500413788741,0.9179993730167134,-76.51685841938907,13.483141580610948,13.483141580610933
1437,1.1074287385521373,0.8499464523768788,1.5241617101693363,1.7932443931108977,0.865279408536217,-38.24692692811486,51.753073071885126,51.75307307188514
1438,1.2944779165271465,1.2003885766583662,1.4930361606782756,1.243794042787861,0.8169509210135071,10.248165518198078,-79.75183448180192,79.75183448180192
1439,1.3585539723246187,1.0709012376225358,2.025217904375475,1.8911341524560927,0.7076722900474326,-65.20173571875296,24.798264281247043,24.798264281247043
1440,0.9917395023300404,0.685488993082601,1.622915043390084,2.367528960737848,0.6993680664982801,82.07204676335893,-7.927953236641073,7.927953236641073
1441,1.0683634687220958,0.8667751625285427,1.4290605057205918,1.6487095702555197,0.8386496861661662,-79.41512754990028,10.584872450099738,10.584872450099724
1442,0.928505064734256,0.8106129415300664,1.1503808057628986,1.4191493212426465,0.8128779460105081,45.93723278130228,-44.06276721869772,44.06276721869772
1443,2.802897673003818,2.143350493730484,3.887891677709878,1.8139318273340517,0.693441180281463,51.401689610075856,-38.598310389924144,38.598310389924144
1444,1.7035467376469715,1.3246296712255003,2.292859162554301,1.730943532642621,0.7462449691897025,65.59273238026816,-24.40726761973184,24.40726761973184
1445,12.66791432949234,8.87993385305021,20.963816350965423,2.360807715224643,0.3745019107986697,57.22142908470219,-32.77857091529781,32.77857091529781
1446,2.2448077395745614,1.8080426741067104,2.837580494805134,1.5694211953305153,0.8194740831794615,36.28458265076458,-53.71541734923542,53.71541734923542
1447,2.223065747893686,1.8284575457782564,3.016468879545124,1.6497341633716782,0.5900084945429653,42.862879670805874,-47.137120329194126,47.137120329194126
1448,1.7423087071804406,1.6628495131093848,2.066089211109312,1.2424992128397137,0.6174551604648749,-61.83310063688177,28.166899363118233,28.166899363118233
1449,1.085277926096956,1.019073099266928,1.1863420081832836,1.1641382831483635,0.9899536513995476,-11.464355029877298,78.5356449701227,78.5356449701227
1450,4.542048759433305,4.651014830756458,5.4390781238802735,1.1694389981112234,0.5800689723049349,88.37395280817618,-1.6260471918238153,1.6260471918238153
1451,1.5892300566907107,1.2294854865879157,2.38939448112319,1.9434100745298504,0.5153976553629269,62.1806305581912,-27.819369441808803,27.819369441808803
1452,3.1899003187409227,2.7698835586663426,3.781452418618251,1.365202665934074,0.7088483933236795,-4.445514821698561,85.55448517830143,85.55448517830143
1453,1.6082179472047609,1.2719577504503758,2.101656391698339,1.6523004722084382,0.8426206289621552,-63.825528153050215,26.174471846949785,26.174471846949785
1454,4.5286622028834245,3.4140463700086885,6.781345240455708,1.9863073038572847,0.4467063809005873,-57.92781858131312,32.07218141868688,32.07218141868688
1455,1.1609582232861997,0.8645400583937264,1.7236798183841735,1.993753559073581,0.6081446565074932,-87.3351533235619,2.664846676438117,2.6648466764381027
1456,1.1345092346885122,1.1417034647960993,1.19020821716487,1.0424845451243625,0.9549508706578892,-31.735933100760096,58.26406689923991,58.26406689923991
1457,1.7733929789634846,1.301936409281241,2.508532852373028,1.9267706429363247,0.7206631349332687,-86.00397292914889,3.996027070851113,3.996027070851113
1458,3.651373612746974,2.807024364081425,4.966971298443113,1.7694792257595926,0.6680206295497367,14.11416315281091,-75.8858368471891,75.8858368471891
1459,0.9606427264386592,0.8570291459450591,1.1077943090947144,1.2925981739782406,1.064990701166881,30.71573257201737,-59.28426742798263,59.28426742798263
1460,1.039561305877423,0.8608325784594705,1.4680313351630507,1.7053621945747122,0.6869304887549716,55.27436846067473,-34.72563153932527,34.72563153932527
1461,4.050258827106616,2.447509812609134,7.634141927273155,3.119146606866873,0.4442020673396719,76.46704451761961,-13.532955482380387,13.532955482380387
1462,3.2183229206172657,2.889671916879708,3.666072486729408,1.2686812178622906,0.7618165062606604,-49.439653914385424,40.56034608561458,40.560346085614576
1463,1.542705892513396,1.4523773426393234,1.694217054989285,1.166513002681851,0.9407755602581164,34.15993901959069,-55.84006098040931,55.84006098040931
1464,1.1816912584570125,1.0868808179764082,1.3753246572496456,1.265386815649458,0.863726302201448,48.99212445513568,-41.00787554486432,41.00787554486432
1465,1.927595110101428,1.5145263797703374,2.518466213691005,1.6628737850527937,0.8184743486061481,58.26944886312423,-31.730551136875768,31.730551136875768
1466,0.973200680696656,0.8666696469962631,1.355381591641688,1.5638964585170618,0.6668071524881538,11.973048704361103,-78.0269512956389,78.0269512956389
1467,0.9978425722559162,0.8689833903521037,1.1942285416016578,1.3742823566717055,1.0049091717652028,-19.71573032288331,70.2842696771167,70.2842696771167
1468,3.195605063063464,2.0971327946669502,5.388513974997525,2.569467221484792,0.4760097351330467,-12.662168538734011,77.33783146126599,77.33783146126599
1469,4.747271702926952,3.580418226418494,6.762584144210246,1.888769332675106,0.4867302932966859,7.063346082487511,-82.93665391751249,82.93665391751249
1470,1.367462618417021,1.290009666726733,1.5158724725137709,1.1750861343234285,0.8293320147626351,-69.17067071235984,20.829329287640178,20.829329287640164
1471,1.1128975557056655,0.8835006657237725,1.5626016105632203,1.7686479152600545,0.6540199435700033,54.22467297645479,-35.77532702354521,35.77532702354521
1472,1.1345092346885122,0.8388821627818738,1.6681367025947829,1.988523271329268,0.6970033969591376,-3.494615156464023,86.50538484353598,86.50538484353598
1473,1.1661760393441107,0.7747173874565533,1.9532877832026985,2.5212907504444515,0.6473705509498635,-60.369345234461896,29.63065476553811,29.630654765538104
1474,5.397221312879119,3.4190961944138865,9.643195144361757,2.82039305010394,0.5251909554668232,-79.12918523674679,10.870814763253208,10.870814763253208
1475,2.192818546001692,2.1480938778850267,2.32468651521694,1.0822089942855675,0.7606787542541656,-3.5230766105067577,86.47692338949324,86.47692338949324
1476,7.485036074187702,5.890051369565453,10.236416948396297,1.7379164129686533,0.4723089667881681,-14.91219555075702,75.08780444924298,75.08780444924298
1477,1.8306682257451572,1.3905971945745526,2.802427884409832,2.0152693356088807,0.4802248274264604,41.05782940539506,-48.94217059460494,48.94217059460494
1478,1.0569367929308613,0.957804579368588,1.3549844709972187,1.4146773780205384,0.6488531382697179,-59.38761276133182,30.61238723866819,30.612387238668177
1479,0.928505064734256,0.7937268385002633,1.1538619252021174,1.45372673473197,0.9406394381806872,-14.511451134654903,75.4885488653451,75.4885488653451
1480,1.461879030667795,1.2669948919583962,1.785520512498724,1.409256283376835,0.8650469645391887,-29.604145847953596,60.39585415204641,60.395854152046404
1481,4.90205296992193,4.439299198681446,8.299919704959562,1.8696463863991848,0.256820397619121,28.32962025559288,-61.67037974440712,61.67037974440712
1482,5.345225926756616,3.791889392292055,8.508422327918536,2.243847709591422,0.5925058878448308,-16.599191711827597,73.4008082881724,73.4008082881724
1483,1.5622593457610967,1.406613167717295,1.8137692959820064,1.2894584933578148,0.7875016066347191,36.83698919735144,-53.16301080264856,53.16301080264856
1484,1.6344304437273447,1.425054466674234,2.171688198809582,1.5239334703310172,0.5957588678038183,35.70129294122169,-54.29870705877831,54.29870705877831
1485,7.21913160892727,7.634110324157634,13.507224240864776,1.769325260878411,0.1714915499700389,-26.356409939733712,63.64359006026629,63.64359006026629
1486,3.4548712030336493,2.315470550107805,5.844764947617119,2.524223401306052,0.5018295686768932,23.34525806281368,-66.65474193718632,66.65474193718632
1487,4.281969566910225,2.656049196697516,7.239141837805888,2.7255300266301195,0.5569396230552337,-27.434535751237014,62.56546424876299,62.565464248762986
1488,3.3222862156564124,2.85491532524441,4.429043311586144,1.551374666850048,0.5732340617330659,-70.49412808312144,19.50587191687856,19.50587191687856
1489,1.514907113035081,1.1149446587811134,2.2060946391957423,1.9786584220310115,0.6966896292416429,21.804050530657168,-68.19594946934284,68.19594946934284
1490,1.6044383463340146,1.2113160337053237,2.256441183156005,1.8628013832638892,0.7210055262982145,52.12366833667735,-37.87633166332265,37.87633166332265
1491,4.543385245782498,3.2064596599847706,7.917674164305017,2.4692885624335665,0.4372529618271976,60.961669649937136,-29.038330350062864,29.038330350062864
1492,0.8746320295080829,0.7078702262462183,1.2297714877459287,1.7372838158023864,0.672094818074013,44.93683185397507,-45.06316814602493,45.06316814602493
1493,1.5308539431383232,1.3894325686401237,1.7257403490602907,1.2420468528021629,0.9317583408465968,80.23677378789255,-9.763226212107455,9.763226212107455
1494,5.42638963048478,4.900075785670088,6.426612482649589,1.3115332831063031,0.6196903957502374,61.18681975265537,-28.813180247344633,28.813180247344633
1495,0.9978425722559162,0.843591244325479,1.3619404650116838,1.6144554298932627,0.7775022341253128,57.24216710321538,-32.75783289678462,32.75783289678462
1496,4.504466149765647,4.6929542341762245,5.557606377862349,1.1842447423393423,0.419063539647361,-42.21036324658824,47.78963675341177,47.78963675341176
1497,1.6784140066373283,1.1225000213940712,2.899084022609667,2.5827028662406573,0.4542467813199862,13.375509337122796,-76.62449066287721,76.62449066287721
1498,1.367462618417021,0.9049837817874674,3.0031194133468064,3.3184234610428405,0.3394436255368809,4.66332311987048,-85.33667688012952,85.33667688012952
1499,2.6029882167717644,2.1670628673878696,3.2148202772121124,1.483491930756576,0.8094797148950981,22.915897633811817,-67.08410236618818,67.08410236618818
1500,1.432512614476725,1.310792013465975,2.019851910369584,1.5409400496946306,0.4827574176090073,82.28206439430795,-7.717935605692048,7.717935605692048
1501,8.202555503260694,6.208939206405118,18.0642767359544,2.909398229784463,0.2208371816291838,-7.2296966009151005,82.7703033990849,82.7703033990849
1502,1.1128975557056655,0.956721691983632,1.3600641419455832,1.4215880682350532,0.8795326061748244,1.835734873763723,-88.16426512623627,88.16426512623627
1503,1.2369164782162358,0.9068502942600032,1.896834492408042,2.09167323913797,0.649112456475416,47.47555478513959,-42.52444521486041,42.52444521486041
1504,1.0511768765181757,1.0079118885659888,1.2239028403886645,1.2142954699442805,0.7262864292278529,50.81517661350769,-39.18482338649231,39.18482338649231
1505,1.0453852243082644,0.9786350037938224,1.207930533908623,1.2343013781705157,0.944604412328546,-15.646357180532476,74.35364281946752,74.35364281946752
1506,1.021890421280174,0.7570941986069669,1.5293216201086026,2.0199885601058805,0.7026832137469793,41.24276092284924,-48.75723907715076,48.75723907715076
1507,3.433718731529647,2.597260485405627,5.5535265020430025,2.138224692228235,0.3454911017268507,7.697427793277275,-82.30257220672273,82.30257220672273
1508,1.326902779425731,1.1383083264263274,1.6458389211224247,1.4458639042810737,0.7283250072367006,43.68855018396792,-46.31144981603208,46.31144981603208
1509,1.0099380753567209,0.6708785989074305,1.7176565177930208,2.560309004625183,0.6280979393568462,-21.56404968885704,68.43595031114296,68.43595031114296
1510,1.3038244488524504,1.152598654994099,1.8021555751526228,1.5635586310499812,0.6843108973625026,-35.1337075621118,54.866292437888205,54.8662924378882
1511,0.9669420905017878,0.8225778728466039,1.2697907082586384,1.5436723381148276,0.8334505599205682,-63.30762150461919,26.692378495380808,26.692378495380808
1512,1.0796692170979234,0.8805571695005076,1.5383903298202404,1.747064680301094,0.7352261360970782,71.09168383041653,-18.908316169583472,18.908316169583472
1513,3.697637204830941,3.412761083322767,4.15990278550032,1.21892587378256,0.689250530200421,-34.41609025421727,55.583909745782734,55.58390974578273
1514,1.4025314545362868,1.249834894614515,1.691258940046757,1.3531858866593651,0.7639329203774663,-27.591290509957226,62.40870949004278,62.408709490042774
1515,2.399077476989314,2.322265443558224,2.522438647716697,1.0861973831259202,0.8310193919011042,83.173302074505,-6.826697925494997,6.826697925494997
1516,1.0569367929308613,0.8548660483955391,1.4970699963769043,1.7512334232792257,0.741049946770347,-38.645547225715525,51.35445277428448,51.354452774284475
1517,2.8437552597393285,1.5472227252331732,5.732573135192268,3.705072994147203,0.3925285969074215,-60.18795442542374,29.812045574576246,29.81204557457626
1518,6.881568007759696,6.004525228974892,11.55979399683368,1.925180352486786,0.1449904360312796,-69.43780568851913,20.56219431148088,20.562194311480866
1519,2.5606603842001854,2.220146567200243,3.452068266344078,1.554883050220136,0.5518870316066871,-35.713421094114594,54.286578905885406,54.286578905885406
1520,3.007691157803274,2.3454846318619054,3.935014383955705,1.677697790256673,0.7596996589955888,83.24120954233247,-6.75879045766753,6.75879045766753
1521,1.3894843667311525,1.1792737486587113,1.7680050782057346,1.499232116560415,0.8093221692386724,-12.635206699035356,77.36479330096465,77.36479330096465
1522,2.079122611754846,1.495284138168936,4.748002339678538,3.1753177997947257,0.3191918774142187,-80.68524794145267,9.314752058547327,9.314752058547327
1523,1.8797565083329089,1.6441750227510092,2.210958079117348,1.344721850486456,0.8193546345796445,1.5228239094569145,-88.47717609054308,88.47717609054308
1524,0.9153341128725788,0.6940499269937246,1.3532295968958574,1.9497582872133823,0.7468582939547949,11.94145481766709,-78.0585451823329,78.0585451823329
1525,2.35566322840967,3.150703936296955,3.834787334823437,1.2171208124780173,0.2599324584532095,85.25454842825408,-4.745451571745917,4.745451571745917
1526,1.824023310076927,1.3803302196825862,2.5525502178867345,1.849231569003616,0.7631496866665637,27.449146563493905,-62.550853436506095,62.550853436506095
1527,0.9479184199131095,0.7668148017498867,1.3282096684442095,1.732112715369094,0.7360114093130091,-85.72723385684237,4.272766143157639,4.272766143157625
1528,1.376313601551939,1.1955116468777978,1.811038097209709,1.5148644531731854,0.660796222622917,64.71239497340014,-25.287605026599863,25.287605026599863
1529,0.9350209696908578,0.4100946999711573,2.512125322940582,6.125720042510339,0.3266322908793005,-89.59639414314414,0.4036058568558474,0.4036058568558616
1530,4.87597473239009,3.307936351520401,12.370789004884692,3.739730058348554,0.1323191635220832,30.00767547696592,-59.99232452303408,59.99232452303408
1531,6.356920226762843,5.787266290854304,8.63579666543299,1.492206549935374,0.3098643541291006,-33.90020423368894,56.09979576631106,56.09979576631106
1532,0.8815462242933692,0.7124560361858477,1.4790048158441855,2.0759243247654653,0.5879793545303407,82.10531727455975,-7.894682725440248,7.894682725440248
1533,1.0278144733504384,0.7786380102550932,2.3780153445081944,3.054070457887256,0.3411600350770856,15.409879768462703,-74.5901202315373,74.5901202315373
1534,0.9019708538191776,0.802702581792967,1.371286864290425,1.7083374283254855,0.5632401011477898,28.025617460464783,-61.97438253953521,61.97438253953521
1535,1.1345092346885122,0.962313265203806,1.564159396167365,1.625416018593587,0.6513814782209775,41.5745893540417,-48.4254106459583,48.4254106459583
1536,2.6400432937821536,2.158367536930036,3.3680115344154027,1.5604439358858733,0.6823657887716005,-42.30577744026852,47.694222559731486,47.69422255973148
1537,1.2418151765086958,0.9886230949340372,1.7005032931070123,1.7200723934336906,0.7356488495548266,-54.97256319216688,35.02743680783311,35.02743680783312
1538,2.037830958486928,1.6222340556759556,2.6491183152838835,1.633006227439877,0.79740360570078,-17.808766263324976,72.19123373667503,72.19123373667503
1539,12.764358592632052,9.160857815217344,19.72134484838492,2.152783641683126,0.2631498889128991,66.46483916731182,-23.535160832688177,23.535160832688177
1540,0.973200680696656,0.8658562514422898,1.1741692043159049,1.35607868206766,0.8630160869363469,-65.58823423303082,24.411765766969182,24.411765766969182
1541,1.0740312192037882,0.9586005631820582,1.6801481804953284,1.7527093609439424,0.5654332469124573,56.14399006609305,-33.85600993390695,33.85600993390695
1542,0.928505064734256,0.6230516175682099,1.941611302062991,3.1162928516920654,0.4590155694386357,-82.2733034368524,7.726696563147584,7.726696563147598
1543,0.9606427264386592,0.7946279395889273,1.2164148101735393,1.5307979364566624,0.9644621161080008,42.01100170222986,-47.98899829777014,47.98899829777014
1544,2.201109004856956,1.7106620232219305,2.8797108945998264,1.6833897377204072,0.8088727263869152,-47.92080489768912,42.07919510231088,42.07919510231088
1545,5.077268138225879,4.40314531255043,7.789585395522362,1.7690956901466437,0.400731162616337,63.22284575185942,-26.777154248140583,26.777154248140583
1546,2.555914021668825,1.8709268502102243,5.227199515175316,2.793909080190905,0.3940659447493331,-36.97320288011958,53.02679711988043,53.02679711988042
1547,0.8535534614000618,0.6141528867164587,1.288867147095453,2.098609605152756,0.7471986030608203,-52.99906764628768,37.00093235371233,37.00093235371232
1548,1.326902779425731,1.079989419111125,1.689916888106461,1.5647531894315512,0.8593227740228372,-42.67645343793247,47.32354656206752,47.32354656206753
1549,5.703500178578712,5.312724271279857,7.693231713999856,1.4480766027306975,0.291786797880582,-39.47444670252784,50.52555329747216,50.52555329747216
1550,1.1128975557056655,0.9164431487659438,1.6775021763514673,1.8304487066222752,0.5941992528107403,-57.36692320844831,32.63307679155167,32.63307679155169
1551,1.0278144733504384,0.8080743336571286,1.494501808046821,1.8494608055215729,0.7758662430618077,-41.00791401107245,48.992085988927556,48.99208598892755
1552,2.752627203103878,1.5423936149030963,5.649184143614218,3.6626086162637135,0.3217400958952431,65.61187532300812,-24.38812467699188,24.38812467699188
1553,1.6082179472047609,1.2917640677053357,2.1506340840608758,1.6648814886771233,0.6695943669290101,4.7560200168070175,-85.24397998319299,85.24397998319299
1554,5.584092611233409,4.433521312912289,7.410334143904838,1.6714330711172656,0.5302413911094324,25.50277130828252,-64.49722869171748,64.49722869171748
1555,1.085277926096956,0.9149976381716576,1.4272442218122268,1.5598337769091262,0.8037120601120242,-36.96719861970635,53.03280138029365,53.03280138029365
1556,1.1237553499514827,0.7569365244203388,1.8252028096017288,2.4113023360835544,0.65238183414883,-22.617900411852226,67.38209958814778,67.38209958814778
1557,3.837827965161885,3.683451351221197,4.710126014334737,1.2787262719713022,0.3976843065066573,28.414514229483427,-61.58548577051657,61.58548577051657
1558,0.8884066096615684,0.8602769439787128,0.9698078206155148,1.127320483715663,1.0080227426707933,-58.60569516442556,31.394304835574445,31.394304835574438
1559,1.3540776702961077,1.3368486246884672,1.546166402073293,1.1565755265923277,0.8040622449284212,-79.45775128602014,10.542248713979859,10.542248713979859
1560,2.451645665591017,2.058694728517104,6.6978363023429965,3.253438311938316,0.2001042190971916,6.828485817911514,-83.17151418208849,83.17151418208849
1561,1.3131044552792934,1.1214236368443136,1.637987070813444,1.4606318406331618,0.73349851728696,-82.0828719969584,7.917128003041597,7.917128003041597
1562,7.872459508240112,5.57600993074986,15.30930273467114,2.74556590192664,0.268539029231445,35.3598227289121,-54.6401772710879,54.6401772710879
1563,8.3739641436298,5.135587389590287,16.291261124384306,3.17222936511728,0.3052463580783532,-58.79419708826772,31.20580291173229,31.205802911732277
1564,1.902230911401452,1.3038212386424122,3.0895824555142437,2.3696365452147665,0.5779761265156108,62.89285905200089,-27.107140947999113,27.107140947999113
1565,2.329747552941477,2.0203608271085867,2.8416509468515128,1.4065066540209576,0.721924182736383,70.57617337026595,-19.42382662973405,19.42382662973405
1566,4.178636040406452,2.542510908209556,7.571229671460871,2.977855334667002,0.4769946229330918,-51.093027418646976,38.90697258135302,38.906972581353024
1567,1.69282125807016,1.533462181743487,2.1580887403808893,1.4073309182801144,0.6306342710671563,4.5197964078760124,-85.48020359212398,85.48020359212398
1568,1.2612197138901655,1.2891698046018345,1.4425157816108685,1.1189494017480464,0.6403194825320561,52.5470265402401,-37.4529734597599,37.4529734597599
1569,0.8606370140730026,0.5376274163288399,2.064507607273876,3.840034091585685,0.3959985266130933,77.48794502992574,-12.51205497007426,12.51205497007426
1570,1.546636359756236,1.1768355770987264,2.781717112846509,2.363726222234312,0.417233188465049,-71.72877500503067,18.271224994969316,18.27122499496933
1571,1.7035467376469715,1.5071995886775424,2.135765989186265,1.4170425769955548,0.663216125772303,-70.41152437896216,19.588475621037844,19.588475621037844
1572,1.3131044552792934,1.1908548461843944,1.487927833883304,1.249461963102185,0.8790082316945421,-40.00003418682934,49.99996581317066,49.99996581317066
1573,5.598208959269886,5.103931327156791,9.098491616376776,1.782643815751574,0.2281077735736806,14.777244642009007,-75.22275535799099,75.22275535799099
1574,4.904529379764113,3.6626571991572536,10.822102658661576,2.95471349629762,0.2255947946342085,27.036315567656874,-62.96368443234313,62.96368443234313
1575,0.9350209696908578,0.7645535986465062,1.2154333051850297,1.589729362776813,0.8222408457118092,43.82086936763166,-46.17913063236834,46.17913063236834
1576,0.8815462242933692,0.6331082041733214,1.6880395047457049,2.666273306235,0.5352756451292064,-36.59235121278444,53.40764878721555,53.40764878721556
1577,3.9315998018168936,3.4373157213742926,4.691791710538753,1.364958034364938,0.6818442339649508,69.66278556074482,-20.337214439255177,20.337214439255177
1578,4.804477469508207,3.2639166751893147,9.292121467571477,2.8469236173231995,0.3500627337790206,49.82253654970438,-40.17746345029562,40.17746345029562
1579,2.4836303530173915,1.9903457769867043,3.2355654221318697,1.6256298074148567,0.6926775468852495,-76.31112748093004,13.688872519069946,13.68887251906996
1580,3.0056718953012043,2.254700370259948,4.297458628571386,1.9059998770816384,0.7198716211584388,-70.7191216550966,19.280878344903385,19.2808783449034
1581,4.734465443549704,4.0647382305678965,6.887462940444607,1.6944419418325838,0.2981868422329096,-58.000883431499695,31.999116568500312,31.999116568500305
1582,1.021890421280174,1.0003091153227954,1.1500280999535075,1.1496727185000195,0.7635678684667669,87.24937464510907,-2.7506253548909285,2.7506253548909285
1583,0.8884066096615684,0.6438734535306241,1.6324826874822902,2.5354092151659824,0.5174710886283483,-56.00571415015067,33.99428584984932,33.99428584984933
1584,2.167756939550367,1.8837953088561348,2.6637108464423878,1.414012888725064,0.7616615762221395,9.466727846061866,-80.53327215393813,80.53327215393813
1585,1.2221025728266244,1.2024666665796364,1.3366769288322229,1.1116124596071688,0.8357513205000435,36.06512883772803,-53.93487116227197,53.93487116227197
1586,3.103070883802434,2.8777947601724043,3.478440673901226,1.208717425593213,0.7671748085431592,33.26491595436117,-56.73508404563883,56.73508404563883
1587,1.0908577979726677,1.0482634362505503,1.2081880515640326,1.152561474323195,0.8602516338249656,26.46364224836878,-63.536357751631215,63.536357751631215
1588,1.367462618417021,1.112324746249812,1.8986016809005128,1.7068771393440836,0.6245260444046532,-71.19087716028373,18.80912283971628,18.809122839716267
1589,1.0278144733504384,0.8588533349187197,1.4104424075428277,1.642238960015576,0.7141644295601886,0.61923255940461,-89.38076744059539,89.38076744059539
1590,4.329908816797095,3.9692697549379785,6.993870575952914,1.7620043503599558,0.2294885142791259,-8.279780353601327,81.72021964639868,81.72021964639868
1591,1.0683634687220958,1.061815242363077,1.30790490190201,1.2317631634212174,0.6027242617213756,-12.74793935698858,77.25206064301142,77.25206064301142
1592,1.2563966762852905,0.9828108571727044,1.8941557855857307,1.9272841480757883,0.6249849867571089,50.16326762820006,-39.83673237179994,39.83673237179994
1593,5.347497108472341,3.2755218703031512,10.958283609908383,3.345507691235226,0.3022179488362416,70.30552785624486,-19.694472143755135,19.694472143755135
1594,2.4982544068961623,2.23661328595534,3.861847710776526,1.7266497230552704,0.3100356369130809,-6.516798694027125,83.48320130597287,83.48320130597287
1595,1.0683634687220958,0.9923516477233144,1.3999848921565143,1.410774996311444,0.6532043572251547,75.89858330631259,-14.101416693687412,14.101416693687412
1596,2.815864115414134,2.2973109559139107,4.173265524730761,1.8165871337476656,0.536521710257115,-28.36763786622073,61.63236213377927,61.63236213377927
1597,1.717743205908703,1.7162703714720269,1.8671375730273647,1.0879040995306242,0.7647014892681292,53.33787033179257,-36.66212966820743,36.66212966820743
1598,2.122472429167761,1.3898618594697338,3.429433230112116,2.4674633718062657,0.5858098838848328,-48.11135012040209,41.88864987959789,41.88864987959791
1599,4.371771622295844,3.984523540596396,5.373331805800839,1.3485506487926455,0.4873454691848813,-63.24463903928899,26.755360960711016,26.75536096071101
1600,2.133883653500155,1.924261768612344,2.398633861583148,1.2465216015349567,0.8605298796753045,11.109738337470604,-78.8902616625294,78.8902616625294
1601,0.8535534614000618,0.8021104464745884,1.055806814873134,1.3162860794465203,0.6948865804669513,-65.86148248676737,24.138517513232614,24.138517513232628
1602,1.4240109808516253,1.2844333775200312,1.6313384415835508,1.2700841243578704,0.9080417498136646,16.881564880456803,-73.1184351195432,73.1184351195432
1603,2.2529068918238173,1.7121134091534276,4.806135510262556,2.8071361888573727,0.3291968448439143,23.61702005997988,-66.38297994002012,66.38297994002012
1604,1.4906670352488116,1.219428107485223,1.8812139956245484,1.5427018485772808,0.9443257703981556,-57.0097280413962,32.990271958603785,32.9902719586038
1605,0.9917395023300404,0.8972752598213245,1.1655723817529522,1.2990131723737195,0.8909667201455596,11.43142548239378,-78.56857451760622,78.56857451760622
1606,2.236679259992467,2.122689359105329,2.457102674367363,1.1575422771247994,0.8239489812120293,19.999519872886317,-70.00048012711369,70.00048012711369
1607,1.6455365541233553,1.4968111646556257,1.8901859495130957,1.2628085587188778,0.777768570884468,85.37552314314239,-4.624476856857612,4.624476856857612
1608,1.039561305877423,0.8878384257822013,1.4617621915720926,1.646428166571248,0.6567090887977122,-12.001688385442897,77.99831161455711,77.99831161455711
1609,2.099463918332859,1.5619003928641564,3.63997984041084,2.330481416766902,0.4517934680229304,-23.22837326820566,66.77162673179434,66.77162673179434
1610,0.979419278671245,0.8545470613993701,1.1387039696560577,1.332523416312923,1.1212123046428633,-89.8887033969391,0.11129660306090727,0.11129660306089306
1611,0.928505064734256,0.7304031907447007,1.4227073884695454,1.9478384082892477,0.719838123129293,-37.54785681624614,52.45214318375386,52.45214318375386
1612,1.7596455392320107,1.519579257709456,2.233271232840376,1.4696641991591186,0.6546186400183356,-71.59777053066352,18.402229469336476,18.402229469336476
1613,5.999211903785406,3.3706022457295077,12.977515502407403,3.8502067453523128,0.3063508166368042,-84.03573089297112,5.964269107028883,5.964269107028883
1614,1.7212740281460053,1.5755140041991282,2.001062782948851,1.270101552646014,0.7921282800503993,-43.87526199616135,46.124738003838644,46.12473800383865
1615,7.383771920560475,4.788074416896053,14.191788047214752,2.9639865239218253,0.336831762045538,-6.6938543958341965,83.3061456041658,83.3061456041658
1616,4.978248883737873,3.558141178971133,8.607654882250904,2.4191437183894657,0.3283021343535639,-10.49656293160506,79.50343706839494,79.50343706839494
1617,2.2285211321652416,1.883144253948169,2.825824535902495,1.5005884599535684,0.6235296930906123,-75.47588729496687,14.524112705033133,14.524112705033133
1618,1.139848131163964,0.9733945728932394,1.4587527353240402,1.4986242742120095,0.8108405182581988,66.56534065689131,-23.43465934310869,23.43465934310869
1619,0.979419278671245,0.7806581970050704,1.3179057045837137,1.6881981251714877,0.9214121769682686,-14.435825679469172,75.56417432053082,75.56417432053082
1620,1.1451621372724683,0.9500532246020312,1.5059814258096778,1.5851547963962966,0.7449791129606377,-0.7115274330658743,89.28847256693413,89.28847256693413
1621,0.9350209696908578,0.7072978954884137,1.3285664588588588,1.878369025743301,0.7375829551195736,-2.261069369734741,87.73893063026526,87.73893063026526
1622,1.6602291363104174,1.163695672694184,3.771520198867959,3.240984982041008,0.2665836480471019,32.61781411048096,-57.38218588951904,57.38218588951904
1623,0.9917395023300404,0.7822403268818353,1.4423876457723257,1.8439188011719725,0.7365738454487581,-56.76704642237228,33.23295357762771,33.23295357762772
1624,2.656092337008522,2.3205873265463883,4.386397682487872,1.8902101344386484,0.4655159396716289,-41.79220710406994,48.207792895930055,48.20779289593006
1625,5.6047122051713245,4.103405692513013,8.72936967868098,2.127347460332378,0.5810968458718393,-31.04038692954299,58.95961307045701,58.95961307045701
1626,0.8815462242933692,0.7711917237189082,1.184205127389499,1.5355521733025363,0.8087824362690877,-52.57262289642559,37.4273771035744,37.42737710357441
1627,1.340559085464394,1.216801832807359,1.921243308785207,1.5789286776077476,0.5061039365806489,89.95919402568134,-0.0408059743186584,0.0408059743186584
1628,1.7768132193231367,1.4202648157153843,2.6529134452982266,1.8679005604753784,0.4903725849566616,-12.35325315034951,77.6467468496505,77.6467468496505
1629,1.0453852243082644,0.7608874416440419,2.085985280231581,2.7415162428287867,0.4760033873032062,-5.002945723766589,84.99705427623341,84.99705427623341
1630,0.8392070033186643,0.7458407909609572,0.964804985795131,1.2935803424643155,1.1508254910557405,73.86897035630781,-16.131029643692187,16.131029643692187
1631,1.4068535956126136,1.0519577786641945,1.972710888856968,1.8752757276646328,0.8192945919448225,-83.14946200322116,6.850537996778826,6.85053799677884
1632,1.398195952804615,0.9244015542175946,2.5139430714423305,2.719535747178736,0.4480864627206927,-17.96575614382114,72.03424385617886,72.03424385617886
1633,1.95883855734249,1.424300873438247,3.027292823522015,2.125458798753779,0.5287245897620599,12.408397941059311,-77.5916020589407,77.5916020589407
1634,1.096409273000846,0.9702887935790137,1.583058667092915,1.6315334955623206,0.5604368297487105,64.52881554780541,-25.471184452194592,25.471184452194592
1635,1.2071068813224677,1.136812838512837,1.3744620325303702,1.2090486542432284,0.898378153146641,17.402876845598627,-72.59712315440137,72.59712315440137
1636,2.329747552941477,1.5269916114691549,4.013859651536311,2.6286062224496973,0.440202638360418,-53.65256448679026,36.347435513209746,36.34743551320974
1637,3.9331437248301904,3.2558875825509426,5.939882473381992,1.8243512169201423,0.4683051762081726,-6.619525882886524,83.38047411711348,83.38047411711348
1638,0.9978425722559162,0.6229810848499636,1.7341133510162885,2.783573038070531,0.7000890925082576,-2.5132549558447943,87.4867450441552,87.4867450441552
1639,1.1661760393441107,1.1709617386830644,1.356977868145799,1.1588575641010608,0.5276399699317113,-16.494380763675807,73.5056192363242,73.5056192363242
1640,1.1237553499514827,0.9044803212650948,1.5410618122550472,1.7038091111806248,0.730057644160885,-74.165941615733,15.834058384266996,15.834058384266996
1641,4.78802156367261,3.750588918562833,7.9768441901783325,2.1268244436756176,0.3654775733156608,-59.95184891749653,30.048151082503466,30.048151082503473
1642,1.139848131163964,0.8549372733144859,1.6523115384733222,1.9326699046206224,0.6640598438775754,69.31537580840869,-20.68462419159131,20.68462419159131
1643,1.6964039525710572,1.216589239416458,2.51982031377906,2.0712169992459426,0.6518799383827953,-33.15293876748685,56.84706123251314,56.84706123251315
1644,1.3894843667311525,1.2571842260038486,1.795187685694947,1.427943215133413,0.6550709733756587,62.81527733334846,-27.18472266665154,27.18472266665154
1645,1.1291450947814663,1.1387643105802363,1.1646091352473258,1.0226954993469373,0.9081586812533388,-60.303687948339416,29.696312051660584,29.696312051660584
1646,1.1291450947814663,0.8213304390308719,1.6674574773379292,2.030190771092624,0.788619667227409,56.15293280061291,-33.84706719938709,33.84706719938709
1647,4.763868373730432,4.640020353732512,5.049595033201912,1.0882700178545404,0.6476212101368494,-89.64550012800294,0.35449987199706356,0.35449987199706356
1648,1.892631703400796,1.416122739319755,2.605093122177998,1.8395955730711404,0.7657737621008345,32.152671626174374,-57.847328373825626,57.847328373825626
1649,1.7938166040551036,1.2660938653028084,2.770017857003313,2.1878455720507066,0.644453025537006,-1.3548711029825165,88.64512889701749,88.64512889701749
1650,1.176542252445381,0.9838010757330924,1.532379319303593,1.557610940973733,0.8012020383242071,-1.075375531701717,88.92462446829828,88.92462446829828
1651,0.9019708538191776,0.8794630778407935,0.9863215602859072,1.1215042281336771,0.9674769677242914,5.982564418874415,-84.01743558112558,84.01743558112558
1652,1.8537378623808147,1.6442774559284197,2.21240611075412,1.3455187278626977,0.7254610719150785,-41.542932657024494,48.457067342975506,48.457067342975506
1653,1.4660262135550917,1.0018012950488824,2.57714640112562,2.5725125470115007,0.4780370565376324,-85.1883801469242,4.811619853075797,4.811619853075797
1654,0.9019708538191776,0.617216852639028,1.418971107726316,2.2989830910469067,0.7011776350494314,-11.082804640479482,78.91719535952052,78.91719535952052
1655,1.0099380753567209,1.0467416167254238,1.0735733413493136,1.025633570114303,0.7924988017086045,-42.94012313336908,47.05987686663093,47.05987686663092
1656,1.039561305877423,0.923247645945711,1.2788918568700622,1.3852099840016965,0.9083079894284511,29.702775863494463,-60.297224136505534,60.297224136505534
1657,0.9350209696908578,0.6706271836640018,1.7157017666754333,2.5583540430043703,0.4805106388716141,10.97617504533796,-79.02382495466205,79.02382495466205
1658,1.2612197138901655,1.0134308309958402,1.651812166279874,1.629920973152882,0.8287716159179721,-2.743600221050497,87.2563997789495,87.2563997789495
1659,0.8172152218636723,0.6467981624470596,1.1556113801231007,1.7866645998977888,0.8192751683331619,-39.95694299371647,50.04305700628353,50.04305700628353
1660,1.186817925731738,0.7971192300845031,2.0417284291951825,2.5613839838975374,0.5274026808844617,-70.674231317432,19.325768682567997,19.325768682567997
1661,1.096409273000846,0.8119143516689371,1.794015247546605,2.209611449605371,0.572843444579986,7.456952511120627,-82.54304748887937,82.54304748887937
1662,1.1609582232861997,0.9416168243341831,1.7464242826953835,1.8547080272596868,0.5762624107008141,75.88756484847991,-14.112435151520089,14.112435151520089
1663,0.8172152218636723,0.6401156356072516,1.217600916950628,1.9021577496627464,0.7113755738679516,-38.889588867610975,51.11041113238903,51.110411132389025
1664,1.1128975557056655,0.9012876842003272,1.4841295924371651,1.6466768807053742,0.9052419715260254,80.08053305309329,-9.91946694690671,9.91946694690671
1665,1.780226888597607,1.3909796367112524,2.372151271322673,1.7053817386796857,0.7303520458129742,-34.14529065490981,55.854709345090185,55.85470934509019
1666,1.085277926096956,0.9734825698361302,1.311909358260598,1.3476454524310963,0.788895908265113,-57.73663098636909,32.26336901363089,32.26336901363091
1667,1.0278144733504384,0.7314850247693514,1.567830871108183,2.143353340148753,0.7964393183878139,-11.171967837758167,78.82803216224184,78.82803216224184
1668,1.717743205908703,1.3087703752469408,2.3210685117829595,1.773472685263843,0.8135631364196657,-79.79201463756353,10.207985362436489,10.207985362436474
1669,2.6652198289847053,2.2632098259571927,3.501188079056974,1.5470010950381925,0.4938270506593525,-30.220991680381758,59.77900831961824,59.77900831961824
1670,1.2369164782162358,1.0801835100293844,1.4845733823006069,1.3743714549578911,0.8759013242133067,55.682215478553,-34.317784521447,34.317784521447
1671,1.3223193364400538,1.1053440271946535,1.6797319247971652,1.5196462671086208,0.8052715895763711,33.04701429965112,-56.95298570034888,56.95298570034888
1672,1.615750625177174,1.4254533388843835,1.892117636240388,1.327379567346087,0.8881663077953762,-65.64259725787824,24.357402742121764,24.357402742121764
1673,1.2369164782162358,1.2223507867584655,1.321557976376509,1.0811609815224397,0.8463459857710365,-32.91418384620613,57.08581615379387,57.08581615379387
1674,1.0099380753567209,1.2993984175053424,1.5600760251351813,1.2006140719567,0.315600518151292,-29.0575679074696,60.942432092530396,60.942432092530396
1675,1.2991595879263365,1.0458021374265734,2.4211478099429526,2.3151107874963044,0.4165604644131616,-3.71241866259754,86.28758133740246,86.28758133740246
1676,6.078635174934701,4.981956975936851,10.50816512196545,2.1092444540811,0.3115248514701634,85.44125221316003,-4.558747786839973,4.558747786839973
1677,0.9543017810603904,0.6987688846537204,1.3875260169631125,1.985672298002665,0.7575493951500654,-0.4218506002307829,89.57814939976922,89.57814939976922
1678,4.9525718792788425,3.375482831655372,8.141955500849964,2.4120861834918785,0.4184052690301193,77.91278947735391,-12.087210522646089,12.087210522646089
1679,1.1557168501373432,1.0689575854144702,1.4589793327938585,1.36486176130942,0.6734873640936625,-4.550927456540751,85.44907254345925,85.44907254345925
1680,5.540432108586194,5.25721151423095,6.0686764559243125,1.1543527285323745,0.7052593130357264,85.64683352290837,-4.353166477091634,4.353166477091634
1681,1.889421129921366,1.6819181691436986,2.170733797059498,1.2906298516084562,0.8576812521812807,-23.80901365455364,66.19098634544636,66.19098634544636
1682,1.4987906214766678,1.1384585735229178,2.063750501023265,1.81275853950229,0.744027612960338,-31.136365362198315,58.86363463780168,58.86363463780168
1683,1.0740312192037882,1.0743205937047242,1.1509167399808369,1.0712972893984798,0.9582037792621202,-62.931368999037794,27.0686310009622,27.068631000962206
1684,8.447592346242402,5.277904974720579,17.699025651881602,3.3534187782186464,0.2512016565362671,53.40913783013559,-36.59086216986441,36.59086216986441
1685,1.2369164782162358,1.0775354440616922,1.4832633921855345,1.3765332735547704,0.9212207565296004,64.45725391486893,-25.54274608513107,25.54274608513107
1686,1.6455365541233553,1.580532229558226,1.80024067810241,1.1390091542806404,0.7934469261535801,-65.3544303243693,24.645569675630696,24.645569675630696
1687,0.9479184199131095,0.972763598851267,1.6866008361660725,1.73382396109165,0.3680382270837422,-58.67106120867888,31.32893879132112,31.32893879132112
1688,0.979419278671245,0.7558893715967882,1.4895918096140943,1.9706479090549816,0.6425028531231334,7.322098443535291,-82.6779015564647,82.6779015564647
1689,0.9669420905017878,0.6495073141776267,1.500631232754306,2.310414678939111,0.7806695138162755,11.813120197432273,-78.18687980256773,78.18687980256773
1690,1.4577200491801383,1.3003735733713464,1.6709932896917528,1.285010187772071,0.8857292790792101,-54.60965540774156,35.39034459225843,35.39034459225844
1691,1.3314704444981866,1.174934257270036,1.5661921447185905,1.3330040681234738,0.8864504672089449,-48.37542784046114,41.62457215953884,41.62457215953886
1692,6.181636650313411,5.505385285759252,7.747255693771798,1.4072140806950568,0.5314344639370375,73.26564074836455,-16.734359251635453,16.734359251635453
1693,1.2755794143363215,1.1061700306352489,1.5281759301401905,1.381501837708072,0.931163658172029,-61.51389835654186,28.48610164345814,28.48610164345814
1694,2.040808068852193,1.96670118508237,2.2439481403449384,1.140970553821554,0.7990167088650152,19.10806995700165,-70.89193004299835,70.89193004299835
1695,0.928505064734256,0.6042779480477676,1.9206484256762344,3.17841885821127,0.4241177798443133,-32.83925754822537,57.16074245177464,57.16074245177463
1696,3.8536150658081145,3.4182568173719985,4.421030289293017,1.293358142906291,0.7841494867282026,-46.30234645523068,43.69765354476931,43.69765354476932
1697,0.9917395023300404,0.9474583250180376,1.099251668724201,1.1602111034311444,1.048200195662769,13.100301763817734,-76.89969823618226,76.89969823618226
1698,7.329302757578137,6.115090736660562,10.567334992256946,1.728074929273698,0.4691289384018143,-47.762791346319005,42.237208653680995,42.237208653680995
1699,3.894362026964035,3.602882519186545,4.420970571434264,1.2270648703895086,0.6349509022590454,-74.97725323285981,15.022746767140177,15.022746767140191
1700,1.3177199508995825,1.2099392605261017,1.6020550058784764,1.324078867547348,0.789719251726705,61.462502434121774,-28.537497565878226,28.537497565878226
1701,5.5971243503360855,3.4485743600342165,11.158617036033542,3.2357188423574623,0.1751515789731277,-19.40325238556502,70.59674761443497,70.59674761443497
1702,0.9479184199131095,0.9474452163657526,1.5662686012519405,1.653149516401481,0.4974512968599669,-47.14657244729408,42.85342755270591,42.85342755270592
1703,0.979419278671245,0.8972087829537423,1.162832540852894,1.2960556817385132,0.7979520295580689,87.47509928393838,-2.524900716061623,2.524900716061623
1704,5.845439221123632,5.305395856744717,7.660870423660558,1.4439771565624724,0.4760379588833567,-12.04544291423976,77.95455708576024,77.95455708576024
1705,1.1609582232861997,1.0734965286056184,1.3935063688856488,1.2981004891517407,0.7421890913059415,68.43187855112222,-21.568121448877775,21.568121448877775
1706,1.3495865213724043,1.3086397148225568,1.4694609199976192,1.122891887930261,0.8725820199500504,87.00364548058195,-2.9963545194180483,2.9963545194180483
1707,1.937021059271256,1.278470682043148,3.326143297022985,2.6016578586748764,0.6095359252903964,-64.92115786556887,25.078842134431113,25.078842134431127
1708,1.2991595879263365,1.1354393157122178,1.696987498572961,1.494564680903713,0.7047096112783695,-26.28465311551417,63.715346884485825,63.715346884485825
1709,1.6344304437273447,1.2662879182275366,2.245503756901243,1.7732963606289047,0.7025800542986476,51.63200217365029,-38.36799782634971,38.36799782634971
1710,0.9669420905017878,0.8633562806211676,1.1854595066392346,1.373082623301611,0.8242326549788089,-47.58649286303166,42.41350713696835,42.41350713696834
1711,1.0740312192037882,1.0748795743360762,1.1208568289316796,1.0427743309049318,0.9956432079008491,50.0640226448098,-39.9359773551902,39.9359773551902
1712,1.3450803768346336,1.0821496088553568,1.814497658797027,1.6767530514716082,0.6650361776487088,-63.93978746912116,26.060212530878857,26.060212530878843
1713,2.274363632188791,2.085954987508813,3.1448789333776843,1.5076446769992426,0.5420058803474102,20.996617829376927,-69.00338217062307,69.00338217062307
1714,2.5936417297990064,1.8037970610317269,5.500921874958465,3.049634570206071,0.342867620148585,-52.01653208094832,37.98346791905169,37.98346791905168
1715,1.0099380753567209,0.7575835086734873,1.6757345052104775,2.211946915455767,0.5640219968215622,66.45350160015757,-23.546498399842434,23.546498399842434
1716,1.0278144733504384,0.9715130275304654,1.1360281686405949,1.169339099371954,0.8971791702704427,-20.79823379373201,69.20176620626799,69.20176620626799
1717,1.6232483481616002,1.5461861363095626,1.8403735950984517,1.1902665221737505,0.7487868824585107,-16.401864670722706,73.5981353292773,73.5981353292773
1718,0.973200680696656,0.6697494195044676,1.5069442518339402,2.250012031289096,0.841013322471978,-83.33838053594263,6.661619464057367,6.661619464057367
1719,1.2020667470700563,0.8258823773868038,2.411286014001602,2.9196482211319434,0.4093894595016298,47.553128078132055,-42.446871921867945,42.446871921867945
1720,2.830916569973106,2.4148986948596294,3.3927708314188108,1.4049329848248653,0.8057145484177146,-17.903727453783826,72.09627254621617,72.09627254621617
1721,1.3131044552792934,1.0323136668830155,1.7782299490771016,1.7225674774279771,0.8553071052522117,18.766276556829403,-71.23372344317059,71.23372344317059
1722,4.62549328397643,3.570079739128039,6.259201234098967,1.7532384964677912,0.677096840230957,-30.643435332284,59.356564667716,59.356564667716
1723,2.0615274636937264,2.026310874165062,2.3707760317349247,1.1699962044135004,0.6504551069773005,20.344329137313007,-69.65567086268699,69.65567086268699
1724,3.421319397189672,2.577280598260881,5.009786490266927,1.9438265641884207,0.528194926119493,58.551656762114966,-31.448343237885034,31.448343237885034
1725,0.9606427264386592,0.9496842712101792,1.1466887283558242,1.2074420553418272,0.7430549098784093,-59.87812294960188,30.121877050398126,30.12187705039812
1726,6.305135732805864,4.8212287623565775,11.98378521980674,2.485628832503098,0.2009028558507674,-17.280394527043857,72.71960547295615,72.71960547295615
1727,1.6006498207486113,1.336071156565023,2.097245219723595,1.5697107219315438,0.7410176331303533,0.1667399776942468,-89.83326002230575,89.83326002230575
1728,1.1237553499514827,0.9592214525853964,1.4594121637957618,1.5214548839188258,0.7528360909653117,-70.76317322210977,19.23682677789023,19.23682677789023
1729,2.034849492430161,1.9028026395988973,2.3320253870187835,1.2255739709875346,0.7494796013161744,-55.56065224733047,34.43934775266953,34.43934775266953
1730,6.547001725321974,4.237558551053774,10.484953942042544,2.4742912258841114,0.5782337374989398,-49.59821732692061,40.401782673079396,40.40178267307939
1731,1.0569367929308613,0.9548183826129396,1.2347259203079142,1.2931526484952922,0.9171558100349144,-42.34678591817929,47.65321408182069,47.65321408182071
1732,1.1970053909181526,0.9575542283158424,1.5916136159861014,1.662165513889955,0.8504603944036501,-63.17001287853963,26.829987121460363,26.82998712146037
1733,1.2071068813224677,1.034608688652334,1.5202309231547004,1.46937768823006,0.8580801236653587,49.469217624992055,-40.530782375007945,40.530782375007945
1734,1.69282125807016,2.057336877542969,2.9982601535082165,1.4573501239568365,0.2693021044914086,-63.97483354814306,26.025166451856933,26.02516645185694
1735,1.4824989352200384,1.30374448721537,1.7618769217797057,1.3513974088150102,0.787606474610658,-44.22903720038598,45.77096279961401,45.77096279961402
1736,1.340559085464394,1.2669624693368546,1.5594452453647094,1.230853543894591,0.7811577317804397,-29.29430365162969,60.70569634837031,60.70569634837031
1737,2.0585803178499065,1.7494002133576931,3.1433365336576644,1.7968081343859756,0.5052989093295844,2.4923196062540907,-87.50768039374591,87.50768039374591
1738,1.4865885952249918,1.2052628578033673,1.9535971813754007,1.6208888946730664,0.6987017166303384,79.25432119845628,-10.745678801543718,10.745678801543718
1739,2.108121538231362,1.8616231780549717,3.0397069637622165,1.6328261270028397,0.5644346759000978,19.247263543693062,-70.75273645630693,70.75273645630693
1740,0.9855986414141252,0.8403618199589313,1.364754014181822,1.6240076378630788,0.5448442905589554,1.3968979831639512,-88.60310201683605,88.60310201683605
1741,1.7457898469292477,1.5821821873457032,2.03213813684589,1.2843894673438594,0.7591776404919187,-39.14184213206891,50.858157867931084,50.85815786793109
1742,3.2333794843114507,2.981650848137472,4.569977791033951,1.5327005151822686,0.4784204673403205,20.6598979751885,-69.3401020248115,69.3401020248115
1743,4.221999042387116,2.8609110472775465,6.436287932238892,2.24973367779599,0.5645874943729041,70.81173685659527,-19.188263143404725,19.188263143404725
1744,7.840001993038811,6.316410529487193,11.768430303702432,1.8631515872445783,0.4299282817759229,-20.042335444959733,69.95766455504027,69.95766455504027
1745,0.9855986414141252,0.8578686391763627,1.2366455484630916,1.4415325283954796,0.7821630630299046,-60.90121250055603,29.098787499443972,29.098787499443972
1746,0.8606370140730026,0.6947868360796022,1.1443154825124728,1.6470022503151855,0.9394447467346294,22.779335705153997,-67.220664294846,67.220664294846
1747,1.9619355372325755,1.838172569522784,2.389134074372671,1.2997332861913635,0.6680854729566104,63.871912512766414,-26.128087487233586,26.128087487233586
1748,0.9414917802541344,0.7480606547737879,1.3960624829986163,1.8662423616181003,0.6567752862729795,45.34125509218229,-44.65874490781771,44.65874490781771
1749,0.9606427264386592,0.726036953967976,1.4621624200058077,2.0138953148523906,0.72061182675029,-13.34955306471428,76.65044693528571,76.65044693528571
1750,1.0908577979726677,0.949986921767261,1.3213724896059214,1.390937558537934,0.8816983295171507,11.479276160989135,-78.52072383901087,78.52072383901087
1751,1.542705892513396,1.1753360806937918,2.365641242297149,2.0127360004984527,0.5857328094723612,-13.01453771103044,76.98546228896956,76.98546228896956
1752,1.6784140066373283,1.9076133158676083,2.307896309217913,1.2098344512594523,0.3826122859103659,-89.92607161652096,0.07392838347902853,0.07392838347904274
1753,0.973200680696656,0.7122276412964821,1.4720929943073664,2.066885513777149,0.7707569187004651,-2.006754512217153,87.99324548778284,87.99324548778284
1754,4.417362510460133,3.516908579510062,7.762784539871083,2.207275044082184,0.3070220243512029,-53.44310896975303,36.55689103024696,36.55689103024697
1755,10.408453639004,7.525205809629217,23.070591989482416,3.065775551276139,0.2284540005662997,-54.50434801838647,35.49565198161352,35.49565198161353
1756,1.5387653857138477,1.3230973454847377,1.8595594731418532,1.4054593031176963,0.8469495366256321,-59.415367268485255,30.584632731514745,30.584632731514745
1757,3.231501250354348,2.438168257988247,4.448511498646898,1.824530150481658,0.6646076409961607,-4.441781592875078,85.55821840712493,85.55821840712493
1758,2.190048085582714,1.5919545307740972,3.15212809137939,1.980036508860997,0.697417167384772,36.89964115427896,-53.10035884572104,53.10035884572104
1759,1.843886218520761,1.1219973311531948,3.1746516802964795,2.8294645558858464,0.4911875756426046,-56.35881963783624,33.641180362163766,33.64118036216376
1760,3.814024791779886,3.119558981436563,5.339480981239867,1.7116140496183294,0.5607147549198954,76.33160629548435,-13.668393704515651,13.668393704515651
1761,3.4915796938584958,2.2898836234432007,5.470717592567068,2.389081059211639,0.5480109194125135,17.829092735030926,-72.17090726496907,72.17090726496907
1762,2.524845188391802,2.5418403119911046,3.0089306871105705,1.183760707907563,0.5513429975495862,-27.08187438648139,62.91812561351861,62.91812561351861
1763,5.131979095784507,3.4290583081487247,9.508845656389658,2.7730195295288755,0.3937624718147314,-80.94166513611947,9.058334863880532,9.058334863880532
1764,1.2660243778180809,0.8973159794303434,1.9986428305213924,2.2273567799274243,0.5865919917429053,-58.74978059667741,31.250219403322603,31.25021940332259
1765,2.314058838770094,1.575280884651585,3.9276696538252422,2.49331385411558,0.4900113444814769,-45.36008492330298,44.63991507669704,44.63991507669702
1766,1.2319983017676563,0.4574327120058382,4.153790991111752,9.080660132279164,0.2281140742836254,1.7669550840913677,-88.23304491590864,88.23304491590864
1767,2.8671435473418896,2.211993284753175,4.173601215117001,1.886805554015374,0.5496698498692831,75.4507378302709,-14.549262169729104,14.549262169729104
1768,5.709883504783106,4.131600796527119,8.473457072844441,2.0508895922294665,0.6669394685996493,-0.9224604678626942,89.07753953213731,89.07753953213731
1769,3.983757521672035,3.080656359943302,5.596709803112574,1.8167264209941216,0.6386390082106951,30.9407646150042,-59.0592353849958,59.0592353849958
1770,4.30600590650562,3.7124124795081417,6.771636659822149,1.8240528759130032,0.2900344351899759,-68.09285811041063,21.907141889589354,21.90714188958937
1771,1.7142051110999064,1.4520865789566435,3.0842873793196968,2.124038210955593,0.3895938766302441,43.78265669756959,-46.21734330243041,46.21734330243041
1772,5.852705152108871,5.268207694248218,10.307793789501565,1.956603533447537,0.2603558135481909,62.95518571106906,-27.044814288930937,27.044814288930937
1773,5.629571719843274,4.835800265994273,9.693324481593168,2.004492317384857,0.3802343522105261,-3.32214905204696,86.67785094795303,86.67785094795303
1774,1.820691757871036,1.305352654484646,2.604114710349459,1.9949510972401288,0.7874663413435178,15.950771948309216,-74.04922805169079,74.04922805169079
1775,1.1451621372724683,1.0462102444106365,1.3178263871107294,1.2596190814907409,0.8754161323026535,-9.062806028716414,80.93719397128359,80.93719397128359
1776,6.06963940965468,5.992567230194726,6.343510389589365,1.0585630742073855,0.7264561162100501,63.97740308223497,-26.02259691776503,26.02259691776503
1777,2.6215812260634586,2.031871617480193,3.517683788341279,1.7312529778351362,0.714167407717131,35.060305941949096,-54.939694058050904,54.939694058050904
1778,3.624672167724057,2.7700796056070653,4.964189460713022,1.7920746575891688,0.6289203870390356,-43.08280042340962,46.91719957659038,46.91719957659038
1779,2.505534425456872,2.469581089658417,2.617320930003304,1.0598238466287098,0.8387383404841395,53.8635381305453,-36.1364618694547,36.1364618694547
1780,4.6529755908584844,3.471677629081691,6.379912279824472,1.8377029671133525,0.6184060041794929,-33.29411832178946,56.705881678210545,56.70588167821054
1781,1.820691757871036,1.2362012957675252,2.921592443697428,2.363363032946416,0.5069480117475218,-81.97202887306057,8.027971126939434,8.027971126939434
1782,1.6602291363104174,1.3879850927767894,2.204968645552398,1.5886111868400252,0.6976258068412178,3.2648887299522107,-86.7351112700478,86.7351112700478
1783,1.0511768765181757,0.8922309502882763,1.3315783738339388,1.492414462201419,0.7732555362731388,33.340119272196006,-56.659880727803994,56.659880727803994
1784,2.2038655607334228,1.8851564362264357,2.770504158637195,1.4696415137743062,0.7254644693180425,43.45636039255279,-46.54363960744721,46.54363960744721
1785,2.7680235600404037,1.7668607411739723,4.523457593834678,2.5601664513917,0.5970284663100474,-25.14388302708123,64.85611697291877,64.85611697291877
1786,1.1019327803667114,1.0109608190859318,1.3080113951484549,1.2938299590394646,0.8660486971670037,-75.08222235470211,14.917777645297889,14.917777645297889
1787,4.080128397127278,3.688024762578115,4.66945328194794,1.2661122369156104,0.8271461288129632,-17.06423117572664,72.93576882427337,72.93576882427337
1788,5.212969017532849,4.225431879852208,8.262903851338123,1.955516994780456,0.3888872825790055,24.78956348770786,-65.21043651229215,65.21043651229215
1789,2.942387504722152,2.552635357516217,3.446497413475027,1.35017224584265,0.7852693395079913,13.608691526508588,-76.3913084734914,76.3913084734914
1790,3.679531594480584,2.7516008854474,5.21533747260913,1.895382975122548,0.6334138795498961,-3.1430920468953003,86.8569079531047,86.8569079531047
1791,0.9606427264386592,0.724170902024486,1.380554745052774,1.9063935615105592,0.7626256692216249,-38.95728929167962,51.042710708320385,51.04271070832038
1792,1.1970053909181526,0.8636733947619029,1.8409698937092127,2.131557953358897,0.6670606489136449,85.3205240326175,-4.679475967382501,4.679475967382501
1793,0.9479184199131095,0.782231597113454,1.3659904986743836,1.746273742603959,0.7016483576252824,47.999838338268,-42.000161661732,42.000161661732
1794,1.171370613113025,1.1272356101896874,1.3126762410431607,1.1645092021376684,0.8251786721163051,-38.22117400623472,51.77882599376528,51.77882599376528
1795,0.8815462242933692,0.7961061388063606,1.1115041660649476,1.3961758512897264,0.763295684568777,-25.049521007769272,64.95047899223073,64.95047899223073
1796,11.066609475253715,8.571200480236222,19.95211870334929,2.327809126545995,0.2145486604887939,-9.741180042375468,80.25881995762452,80.25881995762452
1797,1.2369164782162358,0.943484270318979,1.8958469364004364,2.009410221284852,0.6558942812302211,66.98163690739918,-23.018363092600822,23.018363092600822
1798,4.505813783647635,3.800031057561896,5.777036311812777,1.5202602884828342,0.6503425433594292,56.08367252520825,-33.91632747479175,33.91632747479175
1799,1.340559085464394,1.1773340160023098,1.7094744258179893,1.4519876284748707,0.7103815455010267,86.90365823699467,-3.096341763005327,3.096341763005327
1800,1.0683634687220958,0.9247491515438264,1.287543099381349,1.3923160645585395,0.9131230120644036,-4.189095165638872,85.81090483436112,85.81090483436112
1801,4.87472943171025,3.180036751998508,8.595968302097646,2.703103445799949,0.4140443496183675,78.56160837518999,-11.43839162481001,11.43839162481001
1802,3.5519175535084333,3.1230986449593416,4.9683574193334605,1.5908422961126614,0.4253022864938895,-7.875485957095127,82.12451404290488,82.12451404290488
1803,1.9181228409342128,1.0468630340122398,3.9529168736345697,3.7759637557212216,0.4325291147376141,31.46717142038236,-58.53282857961764,58.53282857961764
1804,1.0337045758596148,0.743568140738807,1.5204045895506786,2.044741438276268,0.7772293067405804,-72.7235716184101,17.27642838158988,17.276428381589895
1805,1.870041939381716,1.5612097235104447,2.348314902025489,1.504163640965037,0.6949428962001116,25.19999726867265,-64.80000273132735,64.80000273132735
1806,1.7836340245157871,1.6115979597763797,2.0743279438004785,1.287124950250189,0.8182656977785435,78.2497643866306,-11.750235613369398,11.750235613369398
1807,2.4066575195010222,2.152144405728658,4.198033881241357,1.9506283454153328,0.2324323941298875,-71.51191450690091,18.488085493099106,18.488085493099092
1808,2.2121146184952187,1.9218306949209445,2.5935588016929865,1.3495251213061064,0.9060519269284878,87.97469449460763,-2.0253055053923674,2.0253055053923674
1809,1.6195038256468852,1.3126533413357722,2.06351990864493,1.5720219830050992,0.841360726554366,0.4382004687129699,-89.56179953128704,89.56179953128704
1810,1.9307422062542177,1.682889600275956,2.423430048462746,1.440041015207033,0.6304271216465104,-14.52843682583231,75.47156317416768,75.47156317416768
1811,1.0740312192037882,0.9776699188493996,1.968966723310063,2.013938125075282,0.4100966051213813,6.703054626562721,-83.29694537343728,83.29694537343728
1812,1.085277926096956,0.6859182862561065,1.983559156048139,2.8918301141595784,0.5092161585618683,-73.76557650579015,16.234423494209864,16.23442349420985
1813,1.0099380753567209,0.8530371286002064,1.39351371864681,1.6335909328278595,0.6553036930074284,-11.36896152278582,78.63103847721418,78.63103847721418
1814,5.248948970224028,3.445895206924705,8.760601380455077,2.542329599243237,0.4098017452045659,33.47818012505062,-56.52181987494938,56.52181987494938
1815,4.057746832809731,4.072047691445341,4.175598153061304,1.0254295797746926,0.7213848698731822,64.45975312943595,-25.540246870564047,25.540246870564047
1816,1.6044383463340146,1.3788805672888549,1.9419190862717528,1.4083301573318572,0.767709948736173,-19.83975885971494,70.16024114028505,70.16024114028505
1817,1.415458284986553,1.0229355738690902,2.0668081041528485,2.020467522050756,0.7357559836848475,-37.28470617039421,52.7152938296058,52.71529382960579
1818,2.0467492985075517,1.6333944129067228,2.7487771986100733,1.6828618837494738,0.7461440807542895,27.830165670203737,-62.16983432979626,62.16983432979626
1819,1.367462618417021,1.3704555100098357,1.5080007076977815,1.100364584390601,0.6619388112818404,-24.375767604381405,65.62423239561859,65.62423239561859
1820,4.115685743789439,2.950041102449813,6.073793981057564,2.058884527410036,0.5994335653464042,69.3030393939875,-20.696960606012496,20.696960606012496
1821,0.8676627389239214,0.5556670783426164,1.828845732623856,3.291261627517576,0.4389952993946666,-49.13884277464647,40.86115722535354,40.86115722535353
1822,1.6082179472047609,1.3358857050324784,2.016232134442792,1.5092849087667817,0.8299089257220601,44.93307942185392,-45.06692057814608,45.06692057814608
1823,0.8246109854774907,0.6796282734564637,1.2943686146075006,1.90452437775224,0.7025066866363824,-84.5687334943752,5.431266505624819,5.431266505624805
1824,3.1206300544317367,3.015232457611303,3.5463026999418354,1.176129120986994,0.5861739015407057,85.07485429981804,-4.925145700181957,4.925145700181957
1825,2.567763477967868,1.9901008058523944,3.521877443911656,1.7696980140677727,0.6778320465181118,59.000886435188285,-30.999113564811715,30.999113564811715
1826,1.2071068813224677,1.1709711975260937,1.334726041598568,1.1398453219160631,0.7798995530891852,61.67246808989398,-28.327531910106018,28.327531910106018
1827,1.9432796250435167,1.6935326735587202,2.3501524301690453,1.387721929940998,0.7184736946835124,-88.968676157549,1.0313238424510018,1.0313238424510018
1828,7.366484510663382,6.187603857248727,8.990716738926755,1.4530207405560076,0.7371856597421477,40.5427388661635,-49.4572611338365,49.4572611338365
1829,8.959601241419849,7.310934888236066,16.467726349906904,2.252478869207947,0.1969700933253631,-64.76715964799354,25.232840352006463,25.232840352006463
1830,1.0740312192037882,0.9717043469672748,1.266819345764555,1.3037086328967704,0.8995289123019811,0.3724675700723092,-89.6275324299277,89.6275324299277
1831,2.8586608555346973,3.0090927349536174,4.566711744556524,1.5176374232371126,0.2969799097358303,11.673354856336989,-78.32664514366301,78.32664514366301
1832,1.546636359756236,1.5037890025886318,1.6368325759130018,1.0884722345324696,0.8633230972804466,-88.03167268284514,1.9683273171548592,1.9683273171548592
1833,2.2529068918238173,1.746140429005942,3.050309269240903,1.7468865725635876,0.6859784639633957,-24.168406216035105,65.83159378396489,65.83159378396489
1834,4.114210323149164,2.343978081467326,7.707129146469945,3.288055126200368,0.4948656111008938,-10.513785453403472,79.48621454659653,79.48621454659653
1835,1.1345092346885122,1.1004447074650088,1.23327734177272,1.1207081404514228,0.9128281058099234,30.607029280225785,-59.39297071977421,59.39297071977421
1836,0.9086770491564996,0.5830406249369317,1.735816617467226,2.977179536425943,0.5523376305024615,25.127914625550307,-64.8720853744497,64.8720853744497
1837,1.1970053909181526,1.2736955816012538,1.4244143530097029,1.1183318632690629,0.5291432006475412,-9.79341661256475,80.20658338743524,80.20658338743524
1838,8.841594413934585,7.450448408033871,12.171728620466393,1.633690746363874,0.2656487183543956,37.95086429276027,-52.04913570723973,52.04913570723973
1839,2.752627203103878,2.36190948201199,4.000043283711482,1.693563328389727,0.4419763652503642,9.812722101862157,-80.18727789813784,80.18727789813784
1840,1.6964039525710572,1.4177671855484937,2.843984741243289,2.005960336952666,0.4603287266445876,0.4962781452358396,-89.50372185476417,89.50372185476417
1841,1.7665326322454526,1.80335734908765,2.0150100109656344,1.1173659019855733,0.5324650437232376,-16.12477600726762,73.87522399273237,73.87522399273237
1842,2.6377426020215955,2.234515924581276,3.598233174536012,1.6102965008899104,0.5902673670503871,46.2809339862972,-43.7190660137028,43.7190660137028
1843,5.128428781215136,4.785917754771969,7.291186708557856,1.5234667794464123,0.368157734372172,-20.88707915623262,69.11292084376738,69.11292084376738
1844,1.415458284986553,1.3234248519231848,1.591744010235856,1.202746047818849,0.8423698819625449,-33.15585602515733,56.844143974842666,56.84414397484267
1845,1.021890421280174,0.6979033164600055,1.7792726998710502,2.5494544271491715,0.6488006508657369,58.670126326098966,-31.329873673901034,31.329873673901034
1846,4.28763729879793,2.9939843809148323,8.321341540600692,2.7793536912367087,0.3593905690429508,25.854079470055385,-64.14592052994462,64.14592052994462
1847,1.937021059271256,1.5101939740904256,2.6767062689769974,1.772425473084774,0.6451287567937358,44.34398571667351,-45.65601428332649,45.65601428332649
1848,0.8884066096615684,0.7763914367368503,1.1444762081119029,1.474096897464637,0.7863747493444565,22.65934875110783,-67.34065124889217,67.34065124889217
1849,4.083103336200708,3.0057626525001586,6.138499772322343,2.04224367722994,0.583526907366905,51.53797905102508,-38.46202094897492,38.46202094897492
1850,4.062233010888323,2.5354523527740365,7.236191646232905,2.854004193104159,0.4554248722472614,-14.546566591884204,75.4534334081158,75.4534334081158
1851,1.8537378623808147,1.321021431321797,2.6691085183949497,2.0204884304747988,0.7313194849472665,15.528045390569137,-74.47195460943087,74.47195460943087
1852,1.3177199508995825,1.163217647530293,1.8283090554923325,1.5717686706130534,0.6777977421992848,28.06986153101581,-61.93013846898419,61.93013846898419
1853,1.3223193364400538,1.2495182621289869,1.4795464833070353,1.1840935248006026,0.8670499357569289,-56.0733133615319,33.926686638468084,33.9266866384681
1854,7.375544874083044,6.474087155019517,10.88153635133949,1.680783111315202,0.2850148334506221,-11.912836632046746,78.08716336795325,78.08716336795325
1855,1.833981655109284,1.5188283359135997,2.276194673583825,1.4986517039232468,0.7974087914695214,-21.808337382430956,68.19166261756905,68.19166261756905
1856,2.490953111963912,2.123841604016884,3.1229115489421826,1.4704069941165707,0.5709864462715828,35.055127589610244,-54.944872410389756,54.944872410389756
1857,1.0908577979726677,0.8772745901456901,1.567402437806721,1.7866725600093132,0.6527641397749427,24.281158394223883,-65.71884160577612,65.71884160577612
1858,0.9479184199131095,0.8865510911159913,1.1395555804263622,1.2853806078924213,0.9031425125937826,62.88053271414003,-27.11946728585997,27.11946728585997
1859,1.1019327803667114,0.9974059231407996,1.3518404050770023,1.3553563034998826,0.8403090843276374,89.76690339671232,-0.23309660328767734,0.23309660328767734
1860,1.1019327803667114,0.864590933836501,1.5126186401705055,1.7495194328009809,0.7788421505572315,-47.1495144140233,42.850485585976685,42.8504855859767
1861,1.4240109808516253,1.3291015039585257,1.574880019387496,1.1849208015316788,0.9567618104845328,57.428951873530096,-32.571048126469904,32.571048126469904
1862,1.2221025728266244,1.009060855867854,1.598968040938465,1.5846101170610318,0.7630871560645757,62.26091612769226,-27.739083872307738,27.739083872307738
1863,2.8050629090725736,2.3373983045068014,3.539221514827582,1.5141713365683171,0.7295207442662283,-11.683249693654016,78.31675030634598,78.31675030634598
1864,3.780448569058676,2.91254959861008,5.882652747481805,2.019760539112917,0.4020919244570844,38.32083258636949,-51.67916741363051,51.67916741363051
1865,1.367462618417021,0.9214102643420864,2.358277887440973,2.559422201710388,0.5700919373064083,-5.495230648531082,84.50476935146892,84.50476935146892
1866,0.9350209696908578,0.8636518048060248,1.06913876441122,1.2379280150422975,0.9699456838566336,0.8663732091115439,-89.13362679088846,89.13362679088846
1867,5.130795930559381,4.061399872745429,7.968605900130282,1.962034310781533,0.3314999290597448,-58.59290542699099,31.407094573009005,31.40709457300901
1868,4.6854824524521,4.90208432817265,6.002122617453158,1.2244021554175444,0.4237953939607425,55.61055324183302,-34.38944675816698,34.38944675816698
1869,3.654697576669488,2.665919566634196,5.632078985490861,2.112621496904924,0.5055177032958255,40.71154026557574,-49.28845973442426,49.28845973442426
1870,3.2050904061662875,3.156776719057551,3.373072913427956,1.068518052944517,0.6996705921730455,-56.46191048385977,33.538089516140246,33.53808951614023
1871,7.518218534426517,5.194240577443187,13.179188746317418,2.537269606561955,0.4035417821004767,-51.96435129468538,38.03564870531463,38.03564870531462
1872,2.1955855105673847,1.9341568898794437,2.6950929147441927,1.393420010985861,0.6952175929374435,54.86007355195225,-35.13992644804775,35.13992644804775
1873,0.9414917802541344,0.6667792200781609,2.0844781970013315,3.1261895005620985,0.3643828781023148,20.82756301722843,-69.17243698277157,69.17243698277157
1874,0.928505064734256,0.8451422678875624,1.0830952434189414,1.2815537508568158,0.9829413550021386,-5.614936608069119,84.38506339193088,84.38506339193088
1875,1.0796692170979234,1.0624441046013364,1.1368681072554674,1.0700498052855751,0.9797479436531608,-74.53949148036017,15.46050851963983,15.46050851963983
1876,4.656888395130193,2.9840861352539347,8.181250147050994,2.7416266743770783,0.4973658651931977,-19.96421590443816,70.03578409556184,70.03578409556184
1877,2.1955855105673847,2.297107301102952,3.6020692196358866,1.568089230270767,0.234148298551226,-21.994019637040104,68.00598036295989,68.00598036295989
1878,9.157319977480851,5.906789626701992,21.268165899146656,3.6006303327619205,0.1692761746602074,-87.12557290037479,2.8744270996252226,2.8744270996252084
1879,1.4493662838402204,1.589140883271261,3.060954374180989,1.926169294619107,0.2731674121619301,-51.053337515837,38.946662484163,38.946662484163
1880,2.8201730148212465,2.504554219854756,3.291759318480615,1.3143094656866765,0.7608094854825915,1.0672988335562892,-88.9327011664437,88.9327011664437
1881,1.927595110101428,1.4536544430675815,2.787828337414769,1.9178067736179036,0.6461405291364086,-49.111001200830046,40.88899879916994,40.888998799169954
1882,3.029814226070162,2.8746932697038194,3.5704711539039318,1.2420355213312195,0.6045434919178745,-12.460786051452574,77.53921394854743,77.53921394854743
1883,5.049690376783604,4.516599282004554,6.108862626865418,1.352535889381399,0.5751352030173946,-57.47649791527082,32.52350208472919,32.52350208472918
1884,5.140253626937142,3.789283060937689,7.701391462116404,2.0324138730904497,0.4968779958616024,73.70276639343048,-16.29723360656952,16.29723360656952
1885,2.830916569973106,1.9046692020145677,4.948658420533411,2.5981721210692217,0.4597320344296827,85.32057844906794,-4.679421550932062,4.679421550932062
1886,1.326902779425731,0.6580003453575493,3.652411482950124,5.5507744163347645,0.3400694117665303,-63.19902573432731,26.800974265672693,26.800974265672693
1887,0.7634414248483123,0.3352217261919269,2.1769504684512886,6.494061387909276,0.3264048633347222,87.34223340140953,-2.65776659859047,2.65776659859047
1888,3.0418135372905324,1.6575973093367458,7.905739726111068,4.7693970553526,0.2889778677483818,-82.8764017027064,7.123598297293597,7.123598297293597
1889,1.9401528657775409,1.738726930663467,2.307327216123658,1.327021037882713,0.7746099926195598,27.013909710721016,-62.986090289278984,62.986090289278984
1890,2.728257388058968,1.9107720464952584,7.167660927161214,3.751185778705603,0.1574459550170537,80.95337834376589,-9.046621656234109,9.046621656234109
1891,1.6195038256468852,1.281692233056983,2.285771270618137,1.7834010471970403,0.7529528497131257,-77.78260098846991,12.217399011530091,12.217399011530091
1892,4.097945636454687,3.400705159985232,5.0630250561713686,1.488816236040103,0.7341715043144573,48.2682283760818,-41.7317716239182,41.7317716239182
1893,2.236679259992467,2.077121417100443,2.4366758155657164,1.1731022536791291,0.8998085290293621,-32.217754443972034,57.78224555602796,57.782245556027966
1894,1.7596455392320107,1.5092561096787396,2.5185300075570143,1.6687227511658766,0.5518597286266776,-20.13615785075896,69.86384214924104,69.86384214924104
1895,5.068890789686873,4.195588792524129,6.185495062796937,1.474285343172454,0.845687832483839,-76.57745602480857,13.422543975191445,13.42254397519143
1896,1.7457898469292477,1.300812870642882,2.5200086324612814,1.937256840959648,0.5666928277331368,18.94952080316737,-71.05047919683263,71.05047919683263
1897,2.371076674599173,1.833270066432016,3.2124639326798805,1.7523135251600477,0.6802182085525706,81.13466623726644,-8.865333762733556,8.865333762733556
1898,0.9855986414141252,0.8045874623068213,1.3906107612419931,1.7283525115529303,0.7742817226719669,-84.74832545392266,5.251674546077339,5.251674546077339
1899,1.0159318257539256,0.8710401330063533,1.2666443879805689,1.4541745437248754,0.7918341541395104,42.56458800448025,-47.43541199551975,47.43541199551975
1900,0.8246109854774907,0.6542723793286483,1.097339610757624,1.6771907930510663,0.8515552544683701,27.42011897179213,-62.579881028207865,62.579881028207865
1901,1.4367445664276617,1.249314269087089,1.836048603967413,1.4696451080392032,0.6287825456058255,8.778559960664959,-81.22144003933504,81.22144003933504
1902,2.292973580548686,1.6616970061714105,3.273636732364591,1.9700563461368497,0.668500509135123,-43.17978876306707,46.82021123693292,46.82021123693293
1903,1.2171245375823248,1.0687804045344214,1.4849628597909894,1.389399406548686,0.7695521865903197,-51.68019659994423,38.319803400055775,38.31980340005577
1904,1.2418151765086958,0.975119241225434,1.6956703496490069,1.7389364069137383,0.807373830102589,27.627786506672187,-62.37221349332781,62.37221349332781
1905,5.433098542542695,3.997193091987596,9.789210333680876,2.4490211276766747,0.3133614475646378,62.50251085174997,-27.497489148250033,27.497489148250033
1906,2.383845085036066,2.4432207382740447,2.673598304782176,1.0942925716449492,0.6114192155163385,-84.14566368898655,5.854336311013469,5.854336311013455
1907,2.090770448616529,1.7756703044430795,2.790796295853354,1.5716860775732002,0.7006613684944174,85.22897286765647,-4.771027132343534,4.771027132343534
1908,1.7388205981619584,1.538424776633327,2.125385302460504,1.381533458601515,0.7585556739380256,-49.25860659592728,40.74139340407271,40.74139340407272
1909,2.102353753036351,1.4619597758953728,3.121792746845867,2.135347906500324,0.725372113929504,63.27035392438905,-26.72964607561095,26.72964607561095
1910,1.8039417076383557,2.2328153753396194,3.224066948423432,1.443946948785696,0.2174232592034931,-81.79985675876341,8.200143241236589,8.200143241236589
1911,1.667526881973112,1.3064014544656384,2.210396795329178,1.691973617890148,0.7109363361694373,68.22562757243253,-21.77437242756747,21.77437242756747
1912,0.9917395023300404,0.6748551591696935,1.7409728210993114,2.579772559257476,0.5539996500228412,-37.67519748907206,52.32480251092794,52.32480251092794
1913,13.42324200573645,14.369712138362775,25.83046303015785,1.7975630118016317,0.0820607687270809,56.46733297917869,-33.53266702082131,33.53266702082131
1914,2.084954664197576,1.7357414280495336,2.657704006800872,1.531163549969165,0.749187219217853,46.97924416998909,-43.02075583001091,43.02075583001091
1915,1.062665489594652,0.9688849125539348,1.3304968778613024,1.3732248904095077,0.6333814877747856,-78.27858899399403,11.721411006005951,11.721411006005965
1916,1.749264059016166,1.620569513166063,2.0214432511780016,1.247365962863736,0.6691864819568141,51.2596376903041,-38.7403623096959,38.7403623096959
1917,1.2171245375823248,1.1087617789487725,1.539970448472045,1.3889101137054938,0.8007088282434809,7.43317735333313,-82.56682264666686,82.56682264666686
1918,1.0908577979726677,0.7320290364689954,1.99156842829404,2.720613977145688,0.5474544668668135,30.58527936200872,-59.41472063799128,59.41472063799128
1919,4.671207303092788,4.017916007791258,7.597782350466041,1.8909759028643107,0.2847729991713671,-59.21279507990775,30.78720492009225,30.78720492009225
1920,0.979419278671245,0.8205896551559686,1.2210985293669996,1.488074486065641,0.8689675418703606,-8.696838339275883,81.30316166072411,81.30316166072411
1921,3.159301047243198,2.550296710008771,4.664097981161564,1.8288452331280007,0.3758751447829627,-58.97845403419734,31.02154596580266,31.02154596580266
1922,0.9917395023300404,0.7580870266573777,1.398040190150006,1.8441684674573116,0.7287506601111143,33.7910223544811,-56.2089776455189,56.2089776455189
1923,6.669197243681059,3.7455782990251247,12.336521976139275,3.293622770975085,0.4843024181364864,73.41419867278594,-16.585801327214057,16.585801327214057
1924,1.6784140066373283,1.508742069276912,2.1275003149923366,1.4101153260821937,0.666029901493049,-86.24986457663196,3.7501354233680217,3.750135423368036
1925,1.3938469657443524,1.1943444664775151,1.7794445468900095,1.4898922353097448,0.6378112922389257,-47.90304738543156,42.09695261456844,42.09695261456844
1926,0.9917395023300404,0.8693021337916699,1.2167349219295591,1.399668624558044,0.9059678286147292,-26.512100370650543,63.48789962934946,63.48789962934946
1927,1.0740312192037882,1.0199403867440842,1.3941486179464997,1.3668922576906537,0.6464907795091445,-11.19362548025969,78.8063745197403,78.8063745197403
1928,1.0569367929308613,0.7162435336620856,1.771346633693224,2.473106632651182,0.5730795132334799,3.884364304500014,-86.11563569549999,86.11563569549999
1929,1.0511768765181757,1.219663719748952,1.3226496505528995,1.084437971824845,0.5503099155756874,-4.580017791257492,85.41998220874251,85.41998220874251
1930,1.4824989352200384,1.2235937878380985,3.362626009731326,2.7481555097403425,0.3100224476004968,-13.848523709760176,76.15147629023983,76.15147629023983
1931,4.06522104587189,3.5926984979012344,7.213204865873607,2.007740106799216,0.2561432824008491,-59.8628219135407,30.1371780864593,30.1371780864593
1932,5.615534212169052,4.822724108856852,6.781812954796636,1.4062203853506672,0.7756197513718437,24.925504894845204,-65.0744951051548,65.0744951051548
1933,0.9019708538191776,0.7615852057153647,1.5870500054173822,2.083877146650518,0.4745783714564821,53.92457570225471,-36.07542429774529,36.07542429774529
1934,2.271692622891249,2.020303910037196,2.664128994158526,1.3186773439989414,0.8416664144737734,38.18396074257555,-51.81603925742445,51.81603925742445
1935,4.318676868391694,2.7027073583151777,10.203098841257,3.775140068297087,0.2416906436362302,54.909468160345,-35.090531839655,35.090531839655
1936,7.074717396324283,5.409579874185949,9.632641256159514,1.780663467439616,0.452757186250859,1.482788808611985,-88.51721119138801,88.51721119138801
1937,3.128402494999724,2.425662295700227,4.167855447860807,1.7182340077795757,0.8035870583585167,34.25383769983996,-55.74616230016004,55.74616230016004
1938,2.451645665591017,2.265804679232345,2.751472680394936,1.2143468082726063,0.7764104222331244,48.060014743766224,-41.939985256233776,41.939985256233776
1939,1.062665489594652,0.9942847183266568,1.3499501291611686,1.3577098232316025,0.676973488485636,19.89114347056953,-70.10885652943047,70.10885652943047
1940,1.4240109808516253,1.2113459228341996,1.961780076370124,1.6195044201578066,0.5670473306910009,42.57374880580982,-47.42625119419018,47.42625119419018
1941,8.588009110242794,10.278903598119095,12.292628225251915,1.1959085040452473,0.1530117160647749,80.63960168382958,-9.360398316170418,9.360398316170418
1942,0.9978425722559162,0.8864840586679473,1.219734595293388,1.3759238909791465,0.7885534584872446,68.96047422343673,-21.039525776563266,21.039525776563266
1943,1.4409640896579887,1.3739634174150912,1.670775259718441,1.216026015351819,0.7767254098565654,73.74740304511998,-16.25259695488002,16.25259695488002
1944,2.3035403350478,1.9063709664587252,3.030746487397757,1.589798911503395,0.6554301549014785,44.09825816630897,-45.90174183369103,45.90174183369103
1945,0.9978425722559162,0.7605192807804311,1.405508107807555,1.8480900396966244,0.7814038342593169,20.311044767534064,-69.68895523246593,69.68895523246593
1946,2.0108386281965918,2.474120926352594,3.0837659137280724,1.246408726785328,0.2560835754631008,-68.63598543759677,21.364014562403213,21.364014562403227
1947,1.474285581520627,1.1197755158455198,2.1342460369566822,1.905958834387584,0.7405775651447047,32.428201193043755,-57.571798806956245,57.571798806956245
1948,3.015754687441581,2.9295705917510206,3.698534436815858,1.262483466768153,0.3733455913753265,-84.05433574513512,5.94566425486488,5.94566425486488
1949,1.3131044552792934,1.3039127177355438,2.244374810843908,1.721261538687673,0.3473270187606205,39.641461416903496,-50.358538583096504,50.358538583096504
1950,3.307634385863236,2.347201190004079,5.215442391921624,2.2219835326142454,0.5789247748202024,51.6658669899136,-38.3341330100864,38.3341330100864
1951,1.4240109808516253,1.2424447827206877,1.9377860123482145,1.559655639669458,0.6678787433691421,29.229951386970257,-60.77004861302974,60.77004861302974
1952,2.037830958486928,1.961524381934864,2.42171384679437,1.2346080778285162,0.535053261462803,-67.02225275982694,22.977747240173073,22.97774724017306
1953,6.447954744550817,5.88620180743231,8.815906713022859,1.4977241694111316,0.3782132062670112,23.555545943296103,-66.4444540567039,66.4444540567039
1954,1.6856330249272244,1.518413489229137,3.3256625225849934,2.1902219297810337,0.3231753556158789,84.47587556286814,-5.52412443713186,5.52412443713186
1955,0.979419278671245,0.7269474599160686,1.409831828373166,1.9393861401427024,0.8415591070702119,1.3233824519154471,-88.67661754808455,88.67661754808455
1956,8.911359758758195,5.885844030167233,18.103014202522115,3.0756870399108687,0.1733783486182113,58.85912077654412,-31.140879223455883,31.140879223455883
1957,2.656092337008522,2.3771348821312777,3.013179651557522,1.2675678078712904,0.8801353999802842,9.890336399206562,-80.10966360079344,80.10966360079344
1958,14.317071294490692,12.402216046486007,40.528667654845634,3.267856929998317,0.0875036856542293,-86.0241030589669,3.9758969410331133,3.975896941033099
1959,2.376192272076737,2.4009487421913525,3.087978055428336,1.286149096465062,0.3739572393204422,4.978827637708824,-85.02117236229118,85.02117236229118
1960,0.9019708538191776,0.7606373452071793,1.4403506013223797,1.893610155218007,0.6036010220196091,89.01172545063885,-0.9882745493611509,0.9882745493611509
1961,1.6820273886595418,1.1870805731812757,2.7033841669820537,2.277338394762213,0.5879465664277069,-58.52482829069096,31.475171709309052,31.475171709309038
1962,2.332352078688221,1.346087756152821,4.896470935700097,3.637556996799696,0.410060186744874,-71.87147552133837,18.12852447866163,18.12852447866163
1963,1.1970053909181526,1.1426712820551108,1.672138202983511,1.4633589110388303,0.5328004912433194,-39.271622603663324,50.72837739633667,50.728377396336676
1964,0.8815462242933692,0.7606594828257435,1.0589716527159918,1.392175706246454,1.0154278174406677,-62.02825212218556,27.971747877814437,27.971747877814437
1965,3.4142138456002478,1.9616115699815244,6.715727980282055,3.4235768605021573,0.4270563589721018,83.72289531375787,-6.277104686242126,6.277104686242126
1966,4.5393746062668905,3.371173503511708,6.3038385593582325,1.869924094025895,0.6629328998534381,16.329558903406095,-73.6704410965939,73.6704410965939
1967,1.4906670352488116,1.348481993409229,1.7117198503504465,1.2693679698479925,0.910148588598984,37.49102438717418,-52.50897561282582,52.50897561282582
1968,2.409178900516788,2.132347340438645,3.027049192490926,1.4195854188878214,0.6220584651350112,38.20082237452024,-51.79917762547976,51.79917762547976
1969,5.710946698816113,3.775404007355984,9.896544219394762,2.621320579231354,0.5349858582949579,70.53639281193499,-19.463607188065012,19.463607188065012
1970,4.601806391697791,3.988380972399909,5.693803362779155,1.427597664862254,0.6906186855498996,25.783813613064066,-64.21618638693593,64.21618638693593
1971,1.522901401330112,1.325923059475944,1.9503926590798768,1.47096971060353,0.6481768532488767,-37.2861042464479,52.713895753552094,52.7138957535521
1972,5.7564782821852765,4.812834018473498,9.38292912806956,1.9495642467731675,0.1636760580402914,-30.302538390909515,59.69746160909048,59.69746160909048
1973,1.085277926096956,1.0187300798182963,1.1913422066156885,1.1694385296134375,1.0273755361828665,52.85827562316416,-37.14172437683584,37.14172437683584
1974,2.0585803178499065,1.7412620548324254,3.684893857650613,2.116220156193111,0.3677344669473706,45.12428974120167,-44.87571025879833,44.87571025879833
1975,2.6006547441227528,2.522859663921904,2.921655341566951,1.1580728739485655,0.6380160841959668,41.47352671588414,-48.52647328411586,48.52647328411586
1976,1.5583682828180965,1.2979634943066538,2.06384996067741,1.5900678021610133,0.69297104360774,-14.141299707080432,75.85870029291956,75.85870029291956
1977,4.1771828544677385,2.8613790573274653,6.290092428182104,2.198273036239059,0.6115518272908832,41.91419522527869,-48.08580477472131,48.08580477472131
1978,1.0683634687220958,1.2999408596325597,1.7061939286435273,1.312516577966323,0.3259561380511329,13.239590199636108,-76.76040980036389,76.76040980036389
1979,1.0099380753567209,0.7656546268103629,1.536651233509255,2.0069770098703423,0.6695742590118499,36.15292705790413,-53.84707294209587,53.84707294209587
1980,0.928505064734256,0.9853544979931492,1.0152210952780356,1.0303105099187295,0.7363514033029536,-78.99149561602366,11.008504383976344,11.008504383976344
1981,2.3375524242271446,1.836426456521955,3.104243860647548,1.6903719991742756,0.7308732410550142,-14.304955343436404,75.6950446565636,75.6950446565636
1982,2.2093683547194614,2.06704187762376,2.417670372951143,1.1696281527350867,0.8741613735030218,-38.29159571330232,51.708404286697686,51.70840428669768
1983,2.125330979189304,1.5599658943433297,3.0103795190704563,1.9297726507909847,0.6953941471450796,53.92624791031765,-36.07375208968235,36.07375208968235
1984,8.483451206585476,7.896899837544264,11.944037077057496,1.5124969700479054,0.4261305073987828,48.65525269074368,-41.34474730925632,41.34474730925632
1985,1.270810876469873,0.984076468026917,1.929693723560838,1.9609184715389985,0.6231652483604658,-52.45837132847517,37.54162867152485,37.54162867152483
1986,2.250210413428661,1.8200870212371816,4.149647930174905,2.279917323598205,0.3940435141995393,-30.25271013228458,59.74728986771542,59.74728986771542
1987,3.240881534962988,2.4262253620537626,4.931201316542536,2.032458069916617,0.4811740873988922,77.61688371573108,-12.383116284268922,12.383116284268922
1988,6.615268771726472,5.033589312430576,11.182626975624975,2.2216009852073544,0.2397580694056639,70.93750792503448,-19.06249207496552,19.06249207496552
1989,6.305135732805864,4.517950571733052,10.06868397455188,2.228595425002538,0.4833424076411398,-36.09352175041502,53.90647824958498,53.90647824958498
1990,1.8073041368518064,1.992231815968193,2.990987702795514,1.5013251363732192,0.2326598198472992,-64.12258047533213,25.877419524667857,25.87741952466787
1991,4.9867785050179085,2.743792826715989,10.500421448867476,3.826973139745138,0.3647692931457969,78.77573237981002,-11.224267620189977,11.224267620189977
1992,6.105542946381921,5.832596123066379,6.811545227548269,1.167841058051389,0.7124701456009435,18.46546693202863,-71.53453306797137,71.53453306797137
1993,1.0511768765181757,0.7743435666030267,1.6064310865081972,2.07457148970122,0.6368121435438716,-81.40157789560382,8.598422104396178,8.598422104396178
1994,2.581911042219008,2.393928889212724,3.008512812015275,1.25672605630515,0.6845302549674819,-5.4825309076004896,84.51746909239951,84.51746909239951
1995,1.886205091624149,1.4399890291246884,2.5957389053976034,1.80261019556201,0.7161680545867564,15.496799701723033,-74.50320029827697,74.50320029827697
1996,0.9606427264386592,0.7456662133174498,1.418449421270197,1.9022578681144104,0.7594461859636856,88.68446295402232,-1.3155370459776776,1.3155370459776776
1997,2.609976117175414,2.4421487966826603,3.019956289125956,1.236597988307744,0.6678725630073441,62.63289378818445,-27.367106211815553,27.367106211815553
1998,1.4947343471339476,1.2679811508594074,2.040031020506094,1.6088811881181433,0.6734748675942309,43.4149475789906,-46.5850524210094,46.5850524210094
1999,4.495021399805931,3.6948258565435648,5.708329610394363,1.5449522743500528,0.6810764034328626,23.35291286822607,-66.64708713177393,66.64708713177393
2000,3.881870055638608,2.954556852770592,5.834022350395725,1.974584562461527,0.5556570615655017,39.5191341774884,-50.4808658225116,50.4808658225116
2001,4.540711879710621,3.211803210999153,6.653481109616529,2.0715718468774784,0.6370300798058579,-87.18582364567885,2.814176354321148,2.814176354321148
2002,2.481184630757016,2.141869904472844,2.97516418866976,1.38904990562534,0.7464582035379873,-30.624888997649407,59.37511100235059,59.37511100235059
2003,3.05177692308371,2.295486711062022,4.288011460566827,1.8680184206263388,0.5787745185318703,-17.16801726781988,72.83198273218012,72.83198273218012
2004,4.328506417143534,4.074668628795936,4.833968230736511,1.1863463439884554,0.6210158591327133,-82.80148699778346,7.1985130022165436,7.1985130022165436
2005,1.6856330249272244,1.6054730572551876,1.849694022875111,1.152117760255322,0.7733505904212714,43.0441584291007,-46.9558415708993,46.9558415708993
2006,0.9669420905017878,0.7947599292163278,1.2567747427953098,1.5813262553819885,0.8379203116617209,27.75799728637896,-62.24200271362104,62.24200271362104
2007,1.67479282872596,1.6311167900248478,1.9328736817793697,1.1850001750947123,0.6899661441347811,24.63381838187984,-65.36618161812015,65.36618161812015
2008,1.847175937850875,1.7355151888638287,2.0481395687379584,1.180133473841155,0.8604561765261667,80.21907766613636,-9.780922333863643,9.780922333863643
2009,6.821311037165654,6.0768628335970165,11.43006960348641,1.8809161760725024,0.3824482439162507,-32.31871015435722,57.68128984564278,57.68128984564278
2010,1.992640619253945,1.8218476424368208,2.500710003520592,1.3726230148289216,0.5716359948280351,34.25767192973308,-55.74232807026692,55.74232807026692
2011,1.0278144733504384,0.964080202639826,1.1397986512177485,1.182265384245806,0.962594866198233,27.538800539189342,-62.46119946081066,62.46119946081066
2012,3.003651275311278,2.4225436661612862,3.818011613022231,1.5760341769492952,0.7779188074667781,-33.03766845387332,56.96233154612668,56.96233154612668
2013,4.74087289734587,3.948724842200013,5.884447570596008,1.4902146403590677,0.6696321698001764,65.18447819028691,-24.81552180971309,24.81552180971309
2014,6.436645841234531,8.081513404441464,12.996715015088212,1.6082031130388814,0.1440378171672811,37.5060396612155,-52.4939603387845,52.4939603387845
2015,1.8405906194279933,1.3707513911579052,2.5718001492378884,1.87619736578595,0.7487883303756799,-69.81260004561751,20.1873999543825,20.187399954382485
2016,3.42663889156119,2.7045413532801232,5.641488877623356,2.0859318238122864,0.4042624372164539,81.39585785289952,-8.604142147100475,8.604142147100475
2017,1.0796692170979234,0.7467761334549943,1.7689696134509063,2.368808447675861,0.6784135173006871,-15.538152184274944,74.46184781572505,74.46184781572505
2018,0.9414917802541344,0.7203304525947817,1.3290262288323886,1.8450229669521216,0.7772810888583817,37.257093028303565,-52.742906971696435,52.742906971696435
2019,8.858744591849963,6.579262313432705,18.91210863817692,2.8745029058295137,0.2204250327538343,55.684950516512274,-34.315049483487726,34.315049483487726
2020,3.02379671421935,2.640106689869317,3.524969397760564,1.3351617233071165,0.8177536720696437,42.06095497887352,-47.93904502112648,47.93904502112648
2021,5.056899074781674,4.681667888759229,5.790152618927341,1.2367713294720466,0.6690922634634185,-86.28592457388257,3.7140754261174322,3.7140754261174322
2022,5.356572205554199,4.440618466405779,7.152685841022803,1.6107409125855756,0.4464341717824472,64.777230312962,-25.222769687037996,25.222769687037996
2023,1.9495180989563052,1.5718102170320818,2.564063322341249,1.6312804781118908,0.632936483734045,22.1368195601218,-67.86318043987819,67.86318043987819
2024,1.4240109808516253,1.062272745248667,1.959358335589141,1.8444964764020888,0.8620412438094407,-76.20077439854495,13.79922560145505,13.79922560145505
2025,1.946401361393312,1.565055951535481,3.5540786075493505,2.2708955574798675,0.4168350920497397,29.76355026347602,-60.23644973652398,60.23644973652398
2026,2.2529068918238173,2.076062089732563,2.7819543219599328,1.3400149907454368,0.6523807389207442,86.98409512578696,-3.015904874213035,3.015904874213035
2027,0.9479184199131095,0.8756278540002287,1.09774255962799,1.2536633623668432,0.9673376967670538,-33.189065321860895,56.810934678139105,56.810934678139105
2028,1.4025314545362868,1.1669842101848868,1.9944392542004687,1.7090541901029557,0.5929506986427469,-41.943821939680056,48.05617806031995,48.056178060319944
2029,0.9086770491564996,0.9291964857198156,1.003332211873703,1.0797847681230273,0.7963133920819682,26.638953805954277,-63.36104619404573,63.36104619404573
2030,1.526882849696625,1.324774381408245,1.9783956247346532,1.4933830639384829,0.6769137446717335,78.60554111801528,-11.394458881984718,11.394458881984718
2031,2.0585803178499065,1.443443712219185,3.474759677113412,2.407270645677782,0.501641537186637,41.25973996347344,-48.74026003652656,48.74026003652656
2032,4.038249137727801,3.2153466916179165,5.561577686369689,1.7296976717528345,0.6249142858101797,-74.23431011246427,15.765689887535729,15.765689887535729
2033,1.0337045758596148,0.8886983335937089,1.6500742112106666,1.8567315238885551,0.4721235377065457,-49.30549673244936,40.69450326755063,40.69450326755064
2034,1.1128975557056655,1.0381307108664752,1.332194608047104,1.2832628821231853,0.8656001775967588,83.99333251942535,-6.006667480574649,6.006667480574649
2035,4.74087289734587,4.540434411485685,5.622500912810109,1.238317835532913,0.5448379680347434,-19.055847409650845,70.94415259034915,70.94415259034915
2036,2.653805558851462,2.1184158343026627,3.452063656562247,1.6295495910974405,0.7452431124600573,-6.08422503712785,83.91577496287215,83.91577496287215
2037,1.0569367929308613,0.977182647590418,1.24270336958528,1.2717206682390394,0.829935997025211,8.7062314076314,-81.2937685923686,81.2937685923686
2038,0.9606427264386592,0.7793273012718578,1.3600508956887218,1.7451600803271314,0.7665630234096961,42.94599426426136,-47.05400573573864,47.05400573573864
2039,1.2660243778180809,1.3635999048267942,2.0563883474847486,1.5080584416335474,0.378193125429632,-85.5913039650503,4.408696034949685,4.408696034949699
2040,1.4947343471339476,1.111542732015218,2.128624316934253,1.9150179796282545,0.7714204894955835,-48.81334256750046,41.186657432499544,41.18665743249954
2041,1.474285581520627,1.179196205656852,2.944169670066764,2.4967597893742903,0.3466049508907753,-57.90137820800774,32.09862179199226,32.09862179199226
2042,1.2515550525870838,1.260493418907662,1.7200056514459647,1.3645494896248755,0.4434250163244506,-36.98767814600668,53.01232185399331,53.01232185399332
2043,1.1451621372724683,1.041434023663894,1.3883379789653962,1.3331021912276797,0.7581367843209189,-81.7582084522519,8.241791547748107,8.241791547748093
2044,1.2121260584033826,0.9245086216246508,1.696391210384568,1.8349111849313835,0.7378688788651745,-73.55046893517375,16.44953106482626,16.449531064826246
2045,2.0820406800143845,2.000648265950152,2.4704432147904525,1.234821361073774,0.4882978182085148,-89.94742122172647,0.05257877827352786,0.05257877827352786
2046,1.039561305877423,0.8974911253910792,1.3266849854800382,1.4782151577286504,0.7975644893614418,0.1214033344477243,-89.87859666555228,89.87859666555228
2047,2.728257388058968,2.9114777684918014,6.515558631262717,2.2378871313305253,0.1441513336401109,76.54452473028297,-13.455475269717027,13.455475269717027
2048,2.260977031904715,2.110529518620886,3.791074782302829,1.7962671210493593,0.2379970790291094,-66.66534330133581,23.33465669866419,23.33465669866419
2049,2.2257951114113315,2.563708609713733,3.222734015075382,1.2570594032662847,0.3207370578973774,-82.59373978428003,7.4062602157199535,7.406260215719968
2050,2.3088055769685463,1.6603790451304576,3.873441809542792,2.332865992800127,0.561717960803857,69.86498427405502,-20.13501572594498,20.13501572594498
2051,0.928505064734256,0.7445022038566658,1.2022129799215475,1.6147876711362992,0.9477654690658798,-52.32403002606269,37.6759699739373,37.67596997393731
2052,2.2093683547194614,1.3927797105398607,4.063590963343311,2.91761211955637,0.4218549201066295,85.07096129299003,-4.9290387070099655,4.9290387070099655
2053,0.8815462242933692,0.8566126506303,1.085469874171718,1.267165355745124,0.7810962271081363,36.99398979780244,-53.00601020219756,53.00601020219756
2054,2.9299810369349237,2.434474570392364,3.7181762275229846,1.5273013210911164,0.6992168834228213,-64.36890682916389,25.631093170836095,25.63109317083611
2055,0.8606370140730026,0.6313546980256532,1.4780417178876828,2.341063941568432,0.6529635318663292,79.25588493058123,-10.744115069418768,10.744115069418768
2056,8.47270948378673,8.835179422586394,18.96526001685437,2.146561955309167,0.154192734738744,69.78551521107148,-20.214484788928516,20.214484788928516
2057,1.461879030667795,1.112634724851724,2.172072970950111,1.9521887304385308,0.5777984052611455,-24.46800615826909,65.53199384173091,65.53199384173091
2058,3.0537656993932494,2.805812199208093,3.5883483101322997,1.2788982495496557,0.8145134460524163,12.758880110917325,-77.24111988908268,77.24111988908268
2059,1.039561305877423,1.1837514654732022,1.3540817242580452,1.143890219993733,0.4947549718756254,-75.31124790771882,14.688752092281163,14.688752092281177
2060,3.672925607834028,2.5255209057686976,5.680287447816564,2.249154792123031,0.5591911299345068,81.29891773748844,-8.701082262511562,8.701082262511562
2061,3.4706509556956857,3.1072709740066213,4.72992621280852,1.5222123375708014,0.4239254806675692,50.21322624415729,-39.78677375584271,39.78677375584271
2062,1.2660243778180809,0.8415328620096644,2.121362839318845,2.520831847555922,0.6232604602169842,75.16003930556887,-14.839960694431127,14.839960694431127
2063,1.191922542518033,0.88008372486019,1.8959593377241608,2.1542942837914114,0.5590477188979455,-16.904892256884562,73.09510774311543,73.09510774311543
2064,2.570126813468571,2.078771459921265,3.5547071290253265,1.710003815984641,0.5649571341385887,-0.1750241330290587,89.82497586697095,89.82497586697095
2065,5.38257788047498,5.442149628289076,6.036243134500485,1.1091652282258515,0.3385616784576926,-78.20845562444642,11.791544375553599,11.791544375553585
2066,1.5387653857138477,1.1732960484571124,2.145588878194343,1.8286849947341068,0.7613300583743631,-45.74585686285952,44.25414313714049,44.25414313714048
2067,1.5544674799972351,1.3116637965606877,1.8913738498909325,1.4419654295943074,0.8421654967332836,75.26106544492258,-14.738934555077421,14.738934555077421
2068,1.021890421280174,0.9566281152244058,1.2547569869531543,1.311645525553902,0.7068586650927322,5.137508849547569,-84.86249115045243,84.86249115045243
2069,0.973200680696656,0.9168385465416284,1.1414621694637397,1.244998013848137,0.8293120709450152,1.6232752587815742,-88.37672474121842,88.37672474121842
2070,1.096409273000846,0.9865266010828956,1.699142820908916,1.7223487121825125,0.488345084546044,-41.640697741711584,48.35930225828841,48.359302258288416
2071,1.2612197138901655,0.9569782674051086,1.77398642352823,1.8537374190727205,0.7025879722772398,-70.46323786204456,19.536762137955435,19.536762137955435
2072,1.4068535956126136,1.3749040851063294,1.5185119343042797,1.1044493581432948,0.8203771107314897,60.94393160571945,-29.05606839428055,29.05606839428055
2073,0.9669420905017878,0.9203559952370882,1.158509383595007,1.2587622502492306,0.8868642431475103,30.422362418925317,-59.57763758107468,59.57763758107468
2074,0.9543017810603904,0.9782986877826454,1.0752671129141351,1.0991194472020327,0.8638288082605621,-31.930401071114087,58.06959892888591,58.06959892888591
2075,5.324741698395398,4.157999019455836,7.079465169774886,1.7026134774561312,0.6985554794876733,26.725221304823325,-63.27477869517668,63.27477869517668
2076,4.517924399503517,3.392077385384036,7.344206143231668,2.165105718070223,0.301164556845226,9.597483404218274,-80.40251659578172,80.40251659578172
2077,1.0099380753567209,0.9617179501091284,1.15781692385436,1.2039048701575965,0.7458104761768422,-88.94447196920571,1.055528030794278,1.0555280307942922
2078,3.253968505277106,2.0150784461561604,5.511656767441011,2.735207047623733,0.5591711178651317,-11.05907035414197,78.94092964585803,78.94092964585803
2079,0.9019708538191776,0.8608146804915572,1.0039257772455517,1.1662507622108311,0.9316417141717738,-36.70350325512657,53.29649674487342,53.29649674487343
2080,0.9350209696908578,0.6839437618068062,2.267105432565796,3.3147541642556657,0.3284895866202073,10.034328488810653,-79.96567151118934,79.96567151118934
2081,1.3223193364400538,1.273627893768367,1.427408195664595,1.1207419393440168,0.9302436267667412,70.0059798585126,-19.994020141487397,19.994020141487397
2082,1.0099380753567209,0.955761915496889,1.1533172634857085,1.2066993304353548,0.8118688550468106,-43.0357954559764,46.9642045440236,46.9642045440236
2083,1.021890421280174,1.0151213541422903,1.3424979261548984,1.322499936265472,0.6402072553819599,43.62799355731087,-46.37200644268913,46.37200644268913
2084,5.624176824766165,3.804716244700572,8.969633060394871,2.3575038146112197,0.345959422351546,38.35978430887928,-51.64021569112072,51.64021569112072
2085,2.001760303601345,1.815814568310748,2.3264811699096257,1.281232792439787,0.7718618117129279,58.89620398005851,-31.10379601994149,31.10379601994149
2086,1.67479282872596,1.2443119450815263,2.4862684470063114,1.9981070316281604,0.6849094878838622,1.4459266085849862,-88.55407339141502,88.55407339141502
2087,1.270810876469873,0.8415976274237278,2.106870068008892,2.503417309360028,0.5923272650913161,-1.9305406629309023,88.06945933706909,88.06945933706909
2088,0.8815462242933692,0.6258317253694637,1.7676710665471496,2.8245149532865144,0.4743298250795317,24.25833533491783,-65.74166466508217,65.74166466508217
2089,5.754368522802638,4.867390496502839,7.827248137074968,1.6080994821966208,0.5349511721520919,-75.36404531779661,14.63595468220339,14.63595468220339
2090,1.502835947650602,1.2072661500540365,2.0110169829092044,1.6657610940381231,0.629325239804004,41.08723773320344,-48.91276226679656,48.91276226679656
2091,3.548497314339184,2.1493081920470125,9.883142839472626,4.598290220100947,0.2086297173478841,-34.935784172190054,55.064215827809946,55.064215827809946
2092,1.749264059016166,1.2324243300991689,2.5648067557132057,2.081106882648791,0.779299734001152,82.4188749513081,-7.581125048691902,7.581125048691902
2093,6.070639597419508,2.9268472874466527,13.776664759828064,4.706998147432101,0.3159158589583512,-38.69439344556178,51.305606554438214,51.30560655443822
2094,2.8544100563719703,3.5572188690806525,4.04197246547865,1.1362731994400108,0.1765010550248245,10.571355156387508,-79.42864484361249,79.42864484361249
2095,1.0039085404212729,0.755769056941952,1.43664281652307,1.9009018738291816,0.7869839686878168,-13.555133516832507,76.44486648316749,76.44486648316749
2096,2.481184630757016,1.8215960056230336,3.576915143193429,1.963616044475257,0.5262924919547434,-83.96702227858587,6.032977721414113,6.032977721414127
2097,1.780226888597607,1.5653145449597914,2.6230844497256744,1.6757554947482165,0.4232710534268159,-43.55624807990981,46.44375192009019,46.44375192009019
2098,1.0159318257539256,0.9087333931837116,1.19434825906714,1.3142999564292317,0.9050533226433212,34.823598669665394,-55.176401330334606,55.176401330334606
2099,10.136583755587516,6.1290278595844265,25.241700882599787,4.118385731128211,0.2450418767550575,28.7346027711306,-61.2653972288694,61.2653972288694
2100,2.287671900436189,2.0181930779788813,2.9145850534935223,1.4441557080417362,0.6378729111536623,5.034625374782772,-84.96537462521722,84.96537462521722
2101,2.991498893954712,2.263105310780446,4.105868777454498,1.8142632417041888,0.7184092608159544,9.071476524901644,-80.92852347509836,80.92852347509836
2102,1.6784140066373283,1.435772743647828,2.200006998611139,1.5322807932832336,0.6993644268967238,-53.67352850384391,36.3264714961561,36.32647149615609
2103,4.839730921621269,4.486042077503206,5.788286804430383,1.290288121339238,0.5185306936492778,-32.264425711768936,57.735574288231064,57.735574288231064
2104,1.4865885952249918,1.138697392688229,2.042958051740304,1.7941184943941102,0.7651023838938356,-15.365405971791256,74.63459402820874,74.63459402820874
2105,4.30600590650562,3.059860537322692,6.544568674157249,2.138845412831657,0.5972881197319456,10.497339958656209,-79.50266004134379,79.50266004134379
2106,1.1291450947814663,0.9459048834996594,1.4238345257177505,1.505261840334143,0.8140914559200594,26.764599424266443,-63.23540057573356,63.23540057573356
2107,1.4068535956126136,1.146549655644523,1.860596160708456,1.6227785264673409,0.6665448307580731,-86.60565401401128,3.394345985988707,3.3943459859887213
2108,3.872474632288362,3.2279450712863484,5.357222101280197,1.6596385573393055,0.5232687298669974,-86.7008166204462,3.2991833795537957,3.2991833795537957
2109,8.502038043678276,6.631717713817412,14.926449895602373,2.2507667756277687,0.2057978209995052,-38.72123874015774,51.27876125984227,51.27876125984226
2110,0.9086770491564996,0.8913190248932796,1.1144270066918551,1.250312150383292,0.6858721788402545,63.54987101357495,-26.45012898642505,26.45012898642505
2111,1.0453852243082644,0.9904073224543422,1.3415418335285774,1.3545354553761615,0.6317806536007659,65.50281356581905,-24.497186434180946,24.497186434180946
2112,1.9149550058393197,1.829541327592881,2.242429928305506,1.22567875045264,0.6261001227082597,67.04882641363284,-22.95117358636716,22.95117358636716
2113,1.3540776702961077,1.205232435127353,1.6734923504462451,1.388522497130948,0.7184766761012104,41.55042766871792,-48.44957233128208,48.44957233128208
2114,2.0258787676635257,2.3764939664688294,3.429564111338385,1.443119216681322,0.282638060961927,-32.78211367419852,57.21788632580149,57.21788632580148
2115,7.515795517163902,4.518370595037704,15.63715923189731,3.4607960774777538,0.2532848538690814,84.71531642384201,-5.284683576157988,5.284683576157988
2116,0.9086770491564996,0.7962681705507254,1.2023926102986184,1.5100347530744622,0.7271720039243907,77.07634861655997,-12.923651383440031,12.923651383440031
2117,2.371076674599173,1.8901439534963205,3.302850188827141,1.7474066896955902,0.4863831795697322,-68.83897132447105,21.16102867552894,21.161028675528954
2118,1.1183396299962336,0.8293660813413533,1.636004112477884,1.9725958768797685,0.6918542582096567,33.9063802403053,-56.0936197596947,56.0936197596947
2119,0.9978425722559162,0.96238564423657,1.1250043039801192,1.1689745277451111,0.8444072406465155,-60.14586442345955,29.854135576540443,29.85413557654045
2120,4.2090370498722764,3.6857079307614073,6.850007829376851,1.8585324605364892,0.3235487532470022,-58.09313170092064,31.90686829907935,31.906868299079363
2121,3.3532087906446484,3.240412310996388,4.602198071262571,1.4202507673622098,0.3979826934770913,65.27089015052053,-24.72910984947947,24.72910984947947
2122,2.6215812260634586,1.766225138944289,4.362479357434874,2.4699452302227014,0.591174888739938,65.4180891663869,-24.581910833613094,24.581910833613094
2123,3.6263467680294834,3.4609466889972365,3.897188041545584,1.126046828151156,0.7084645548984558,38.8915159250125,-51.1084840749875,51.1084840749875
2124,9.516259846992185,10.509830837388469,15.012783316965528,1.4284514707465998,0.1074474592526485,76.29821582202186,-13.70178417797814,13.70178417797814
2125,1.3038244488524504,1.1451076894316228,1.5339768748092286,1.3395918034317122,0.9827699056011912,43.89509723712466,-46.10490276287534,46.10490276287534
2126,2.761435632667426,2.534393955436946,3.3373398846672635,1.3168196986533154,0.5954810505780321,-58.331773906066125,31.668226093933868,31.668226093933875
2127,8.40002426101725,8.12710761442679,11.971970067959145,1.4730911212135502,0.2612236824464213,-86.50014325473107,3.4998567452689144,3.4998567452689286
2128,1.3360224934845466,1.2602440820576617,1.516042192197554,1.2029750536278958,0.8067614955866785,-47.52304485834121,42.47695514165878,42.47695514165879
2129,6.002247174358444,4.510256991950551,8.845251649007562,1.9611413861324685,0.5661605957999708,84.63778957845258,-5.362210421547417,5.362210421547417
2130,2.2339631943154266,1.8531835302550024,3.0214521264601006,1.6304117088955252,0.5449118366952455,6.568383848479721,-83.43161615152027,83.43161615152027
2131,0.9479184199131095,0.8085536938223108,1.28275930995999,1.586486240506733,0.7623751892618479,-68.78962497554681,21.210375024453185,21.210375024453185
2132,1.0337045758596148,0.9254747000306912,1.874518815754758,2.025467379813402,0.3699396141904259,8.267991665518482,-81.73200833448152,81.73200833448152
2133,0.8746320295080829,0.5903433961967958,1.3885628439470248,2.352127342988243,0.7463941634797026,-1.0460967724462635,88.95390322755374,88.95390322755374
2134,1.2897792515977275,1.2197037795724406,1.4931144466512491,1.224161531396296,0.8260947088455519,65.95122125274949,-24.04877874725051,24.04877874725051
2135,1.4947343471339476,1.2534306366397496,2.12812048678694,1.6978366609037867,0.5274331138898906,-3.812396732159736,86.18760326784026,86.18760326784026
2136,10.224249915624,11.036697386550308,15.386935621420204,1.3941612316172811,0.3359978161836852,62.48373745208497,-27.516262547915026,27.516262547915026
2137,0.973200680696656,0.9648324049091777,1.1162589535897514,1.1569459606767956,0.7463251702532657,73.8341755369748,-16.165824463025203,16.165824463025203
2138,2.6308284548685905,2.0087505695107297,3.731552295118954,1.857648406804358,0.6428149321901525,78.71866434501024,-11.28133565498976,11.28133565498976
2139,1.7938166040551036,1.4485243494484898,2.357020800454173,1.6271875590849292,0.7308619030381146,-13.953918349784102,76.0460816502159,76.0460816502159
2140,5.486474513032388,4.322164903886834,7.064192417320812,1.6344106655829187,0.7203152286350383,49.386204239311695,-40.613795760688305,40.613795760688305
2141,3.1727245415861804,2.355574962779051,4.791943389978494,2.034298829668776,0.5452286012337044,-10.353367343186395,79.64663265681361,79.64663265681361
2142,1.1237553499514827,0.9415074326043116,1.397239375490298,1.4840449762838115,0.94740575375086,-1.6602511745917827,88.33974882540822,88.33974882540822
2143,0.9019708538191776,0.9009945894826452,1.0258873313969152,1.1386165281924543,0.793394442574623,70.48683074678844,-19.513169253211558,19.513169253211558
2144,1.5892300566907107,1.3795740551002793,1.871818783442728,1.3568092097141302,0.87385921505946,-89.1551986927685,0.8448013072315064,0.8448013072315064
2145,1.4987906214766678,1.2385503952600998,1.945898383817193,1.571109573953628,0.8434892078656813,87.97801316681303,-2.021986833186972,2.021986833186972
2146,5.802698922772687,4.523436697183318,8.704818073128257,1.92438153905163,0.4256545002754314,76.88261550306491,-13.117384496935088,13.117384496935088
2147,1.7035467376469715,1.0386735483606226,3.052065120174503,2.93842576908952,0.5709320004976813,-0.4742795991141999,89.5257204008858,89.5257204008858
2148,0.7869374084054097,0.6123960237762642,1.1441586812190696,1.868331335928272,0.8236208051623668,28.828710322866293,-61.17128967713371,61.17128967713371
2149,6.75153054505788,6.468948393153911,9.214047562891524,1.4243501420791598,0.2374723323376681,34.50053966951103,-55.49946033048897,55.49946033048897
2150,1.0159318257539256,0.7580212185876335,1.464018932452873,1.9313693291866876,0.7471236134358216,78.3068154286573,-11.693184571342698,11.693184571342698
2151,2.512793352570581,1.2815327312668177,5.5185355960659805,4.306199491768588,0.3949132073080256,-41.99733254759386,48.00266745240614,48.00266745240614
2152,1.085277926096956,1.1580188969500904,1.1951478527178057,1.0320624783114531,0.666257598071728,84.59740398431998,-5.402596015680018,5.402596015680018
2153,3.351397713660985,2.754070039557091,4.150658971427515,1.5071000053778674,0.7630488855474681,47.65404717909294,-42.34595282090706,42.34595282090706
2154,3.362249542535308,3.077499506290725,3.826046993430389,1.2432323662796878,0.7749395539974068,29.85783619454749,-60.14216380545251,60.14216380545251
2155,2.524845188391802,2.0050533741143166,3.2412450526255765,1.6165380405682803,0.7831665560286601,-88.09465692863108,1.9053430713689181,1.9053430713689181
2156,1.0159318257539256,0.7963614816326203,1.4757302262982035,1.8530909145339496,0.6133540059120733,-18.99015787821433,71.00984212178567,71.00984212178567
2157,7.641568160015479,8.548577190013512,10.943396018311097,1.2801423880333236,0.2035476509434306,62.06500541810957,-27.93499458189043,27.93499458189043
2158,0.84641062903508,0.7052016783674091,1.5613915630092443,2.2141064193493905,0.505671478573806,8.786102344803929,-81.21389765519606,81.21389765519606
2159,2.3889333407400763,2.0857306345384483,2.86887618406478,1.3754777997493597,0.7457212298952642,-89.31382888087319,0.6861711191268114,0.6861711191268114
2160,0.8535534614000618,0.6557712197510814,1.5837072685256268,2.415030152019744,0.5989883470209065,-46.75871685928696,43.24128314071305,43.24128314071304
2161,1.0337045758596148,0.7727776957805316,1.5854209843810367,2.051587400927388,0.6638890380951726,-9.221293422158398,80.7787065778416,80.7787065778416
2162,2.875601216295838,2.00156822890482,4.4058866598327615,2.2012173236000505,0.6605482571588298,69.16333176313074,-20.836668236869258,20.836668236869258
2163,1.9244428674196767,1.4718507798754836,3.779489095198378,2.5678480093736926,0.3517427796615094,2.7220965037746927,-87.2779034962253,87.2779034962253
2164,0.973200680696656,0.8231013475463624,1.3117726215045913,1.5936951450935437,0.762608986454157,25.988151267991388,-64.01184873200862,64.01184873200862
2165,1.4068535956126136,1.2397597007541612,1.687856817190838,1.3614386853872518,0.8077514938756171,62.3617432676154,-27.638256732384598,27.638256732384598
2166,1.9650276361365868,1.833583635830224,2.158259361313732,1.177071674909718,0.813647704500936,-34.87923386397456,55.12076613602544,55.12076613602544
2167,0.9350209696908578,0.7463575229256116,1.4251311663548891,1.909448384426521,0.6617630344832688,70.37292702796671,-19.62707297203329,19.62707297203329
2168,1.4824989352200384,1.1944238355201664,1.9089988064615355,1.5982591352341646,0.7718426174612313,-85.41452281541328,4.585477184586722,4.585477184586722
2169,3.995930987851799,3.095185590982647,5.463559553239068,1.7651799521024905,0.6434224052864405,-55.103103687083696,34.89689631291631,34.896896312916304
2170,2.481184630757016,1.660211456032438,4.0818235629230255,2.45861667084128,0.4505440292828793,88.11292898593666,-1.8870710140633378,1.8870710140633378
2171,1.7071069228001237,1.4925218599656545,2.055501063627099,1.377199971914917,0.7168479419582141,-29.65243372556495,60.34756627443505,60.34756627443505
2172,1.876523906614425,1.3275901176578846,2.875588494866385,2.1660213168349407,0.6531503596480845,44.2419172543834,-45.7580827456166,45.7580827456166
2173,1.062665489594652,0.9684954299120958,1.2448582376901205,1.2853527226278272,0.8774093876059549,-75.05520496218193,14.944795037818068,14.944795037818068
2174,2.890342586067156,2.9734894311339524,4.717747275259889,1.5866030078542288,0.2388103256751235,-1.033980212757053,88.96601978724294,88.96601978724294
2175,1.4451712930335778,1.2117255347909128,1.8782457953611944,1.550058772744516,0.6717215815036366,33.290625915531464,-56.709374084468536,56.709374084468536
2176,4.057746832809731,2.701816518663479,6.30017113888664,2.331827899994918,0.668571762080349,-30.98776755035765,59.012232449642354,59.012232449642354
2177,0.9543017810603904,0.795030398352776,1.2431752559113716,1.5636826698540172,0.7723236957132764,19.54329772637109,-70.4567022736289,70.4567022736289
2178,2.9361908235623324,2.7534899259197627,4.163954380792741,1.5122460923483616,0.4446608799759405,10.621651702974336,-79.37834829702567,79.37834829702567
2179,1.952629861669301,1.3034470326240215,2.9953520142987613,2.2980235785022254,0.7171737780515508,37.89521746938339,-52.10478253061661,52.10478253061661
2180,1.415458284986553,1.4467625820979677,1.486054268885664,1.0271583515318172,0.8109815292554894,-47.00806323613603,42.991936763863976,42.99193676386397
2181,2.481184630757016,1.2365474171474886,5.240641732945088,4.238124361647518,0.4249340425744741,74.98457738425284,-15.015422615747156,15.015422615747156
2182,8.333264198465534,4.800558317211177,17.49588361679667,3.6445518334960423,0.3135094983455206,-58.20603778380801,31.793962216192,31.793962216191993
2183,1.0099380753567209,0.8893277724898819,1.351188470930095,1.5193368662569997,0.670418242364172,-72.88165356240417,17.118346437595847,17.118346437595832
2184,1.021890421280174,0.8675226252190271,1.3397039413792815,1.544287033483468,0.6629537699147205,52.18482369184071,-37.81517630815929,37.81517630815929
2185,1.0278144733504384,0.7584203104932289,1.7733459712264186,2.3382100224519906,0.5234530207564785,-70.22464116759328,19.77535883240671,19.775358832406724
2186,0.9669420905017878,0.9552565900795316,1.0368306654464765,1.0853949359932218,0.9277479672050576,-43.07485469489725,46.925145305102745,46.92514530510275
2187,0.9414917802541344,0.8663841095012961,1.1747347151328509,1.3559051952246053,0.6608714043714363,5.18156655063338,-84.81843344936662,84.81843344936662
2188,2.818019388684452,2.7109316630253923,2.975942882169146,1.0977565103385905,0.9382117677193984,-61.74125731818092,28.258742681819086,28.25874268181908
2189,0.8746320295080829,0.7603999095699303,1.256029511364986,1.6518012371613453,0.7056939293911888,43.63076401831077,-46.36923598168923,46.36923598168923
2190,1.0683634687220958,0.8833360076380725,1.367341413075582,1.5479289888019827,0.8949175271478265,-61.82425087776823,28.175749122231764,28.17574912223177
2191,1.1128975557056655,1.0692518868612138,1.3746262726847107,1.2855963029627404,0.7137894356206033,-11.711660219170753,78.28833978082925,78.28833978082925
2192,6.8275385151186985,3.5613941630395565,15.565396039990013,4.370590652820455,0.3176959972213096,76.02263062688651,-13.97736937311349,13.97736937311349
2193,1.0740312192037882,1.0236277752663483,1.1886276502567743,1.161191283567401,0.9348585329728122,-16.96353749987964,73.03646250012036,73.03646250012036
2194,0.9606427264386592,0.7827118455996661,1.3351138009513115,1.7057539226692409,0.7665630234096961,67.01830299182589,-22.98169700817411,22.98169700817411
2195,1.1019327803667114,1.136647290413017,1.353183373941556,1.190504200691718,0.6927462601973757,28.25638501893311,-61.74361498106689,61.74361498106689
2196,1.2319983017676563,1.132991963456265,1.4119408387385382,1.2462055197914392,0.7320892401453358,56.67577610561179,-33.32422389438821,33.32422389438821
2197,2.7327044283177195,2.4071781535584407,3.278227401512477,1.3618549157512072,0.6760823140073963,-65.99588422788338,24.00411577211662,24.00411577211662
2198,1.376313601551939,1.0881102913899456,1.8715153534266404,1.7199684335638237,0.6908785039664236,35.386199927164654,-54.613800072835346,54.613800072835346
2199,0.8392070033186643,0.6869300314488385,1.0812339540162994,1.5740088575481477,0.988121405416564,-47.89758069869728,42.10241930130272,42.10241930130272
2200,1.4282681233264556,1.2209238612969435,1.6990623170570267,1.3916202073830988,0.8669220187261756,-81.90372325951276,8.09627674048724,8.09627674048724
2201,1.3084726790995154,1.1236797535959049,1.616710365563519,1.4387643457932382,0.7708975785775647,-71.45959690230022,18.540403097699766,18.54040309769978
2202,1.340559085464394,0.9954505740979168,2.1058336325747526,2.1154577508612835,0.5544654130803381,-10.655703714722485,79.34429628527752,79.34429628527752
2203,0.8815462242933692,0.8074938476445594,1.052257983924798,1.303115790905664,0.8113018059790685,48.79747661312464,-41.20252338687536,41.20252338687536
2204,2.037830958486928,1.9533445356948995,2.19618464598153,1.1243201625975523,0.8305533779947502,-31.57897612044088,58.421023879559115,58.421023879559115
2205,1.326902779425731,1.0274771211873146,1.820890696622682,1.7721958563111635,0.7697658094404678,-86.15191500177794,3.8480849982220775,3.8480849982220633
2206,1.7212740281460053,1.3087464587489546,2.3684986685330327,1.8097459998456136,0.7634444659441593,-37.976138802209846,52.023861197790154,52.023861197790154
2207,1.522901401330112,1.437775041177118,1.743533047151417,1.212660532571196,0.7151648933111099,41.79986726036057,-48.20013273963943,48.20013273963943
2208,0.9350209696908578,0.7323155474797542,1.7019625637626676,2.3240836134367617,0.5304216304702274,77.40628326479437,-12.593716735205632,12.593716735205632
2209,2.181715595945335,1.613725763362886,3.0715369083559803,1.903382209102941,0.6604202424983695,20.10026940581996,-69.89973059418004,69.89973059418004
2210,2.579558503195455,2.10221780656155,3.45398170148047,1.643018002558881,0.5651995065376262,-20.92989795985256,69.07010204014745,69.07010204014745
2211,4.0231866117686685,2.740930898419779,12.45185902481811,4.54293066344611,0.1198834122159122,-89.84060454833633,0.15939545166366997,0.15939545166366997
2212,3.419544393491892,2.822158756913579,4.348325214720462,1.5407798034281943,0.7620039113827758,-84.47030336713465,5.5296966328653525,5.5296966328653525
2213,1.461879030667795,1.3119090127105069,1.9231016128836615,1.4658803272571344,0.6461989645627475,-72.62109592297571,17.378904077024288,17.378904077024288
2214,1.0337045758596148,1.0357137156186245,1.1003226756701148,1.062381099214178,1.0305232132825468,-27.690967729276768,62.309032270723236,62.309032270723236
2215,1.6006498207486113,0.8976665697021013,3.739310123590671,4.165589150581372,0.3630245968706286,4.645096119897583,-85.35490388010241,85.35490388010241
2216,1.0740312192037882,0.7678773722477107,1.9670918312010537,2.561726523394007,0.5526352793016986,-70.26568791137119,19.734312088628826,19.734312088628812
2217,0.9479184199131095,0.6077301061922549,1.6286796057580455,2.6799389879869047,0.6170644427022851,1.1106646050307618,-88.88933539496924,88.88933539496924
2218,1.9181228409342128,1.3719604718168612,3.1265682735602507,2.278905506235027,0.5635605163250034,79.57750018163446,-10.422499818365537,10.422499818365537
2219,1.4783979621211876,1.6741451087378054,3.142922304993232,1.8773296822297485,0.2165865943936813,-31.54280409745713,58.45719590254288,58.45719590254287
2220,1.992640619253945,1.3654055001154244,3.465652819665589,2.538185776586238,0.3864308658015241,86.23902280725616,-3.7609771927438373,3.7609771927438373
2221,0.8246109854774907,0.6685968728750711,1.1141391926684583,1.6663840916238295,0.7601655242290491,-40.204212763817615,49.79578723618238,49.795787236182385
2222,1.2991595879263365,1.1354728258866096,1.5549975979937145,1.3694714329949091,0.9265845099408632,6.625103463197791,-83.37489653680221,83.37489653680221
2223,1.1074287385521373,1.2499351060531905,1.581193643916146,1.265020588875963,0.4355936784692155,-78.29906967608864,11.700930323911365,11.700930323911365
2224,4.121582144726645,3.5421303524656937,4.955464421420205,1.3990067920483735,0.766945236113566,84.85637198338912,-5.143628016610876,5.143628016610876
2225,5.7215677730813725,5.096080454339347,8.174604375191123,1.6040964126126367,0.4264871992596047,29.938471525447877,-60.06152847455212,60.06152847455212
2226,1.1291450947814663,0.8572020017855555,1.7285941847427404,2.0165540691016486,0.6909651850163734,-42.502004744638775,47.49799525536122,47.497995255361225
2227,0.9086770491564996,0.531192001119782,1.8215271346405568,3.429131332551464,0.5581974851734808,6.4659152641491655,-83.53408473585084,83.53408473585084
2228,1.461879030667795,1.31197170595475,1.7371505233319715,1.3240762094543876,0.795922143316613,-75.6237938285217,14.376206171478316,14.376206171478302
2229,0.9606427264386592,0.8144475972318533,1.3108153023915263,1.6094532132536568,0.7054552149676858,-80.44584874935703,9.554151250642974,9.554151250642974
2230,5.080854202101954,4.079888856264451,7.550117875383551,1.8505694986741488,0.3399987728617923,-57.914525458980265,32.08547454101972,32.085474541019735
2231,5.801652543010727,3.355787639662896,10.529507561030334,3.137715699461862,0.5284359245840706,62.40343015473466,-27.596569845265343,27.596569845265343
2232,6.546074322282358,5.9425323876313145,8.026543419631896,1.3506940974084056,0.5495506453253821,-89.0385848156559,0.961415184344105,0.961415184344105
2233,3.029814226070162,2.115751248536116,4.846448087989358,2.2906511771374856,0.4507689292179356,-71.73621095518116,18.26378904481885,18.263789044818836
2234,1.096409273000846,0.6010238127751709,2.9747676044490747,4.949500404507044,0.3118706951152873,12.439632130206943,-77.56036786979305,77.56036786979305
2235,1.5583682828180965,1.245258101747609,2.03459706081867,1.6338757868455491,0.8471746443883552,-79.72092505843383,10.279074941566165,10.279074941566165
2236,3.4881002912066688,2.036903249535059,7.336081000095023,3.6015853977205583,0.363751029555802,-59.31463613667199,30.685363863328007,30.685363863328007
2237,0.84641062903508,0.5938159831781475,1.7993849000959068,3.030206244138907,0.4865791644108306,-59.405549420221895,30.594450579778112,30.594450579778105
2238,5.586266678908238,5.155514549249849,6.72412227978096,1.3042582298132297,0.4705150913543829,22.747754075985096,-67.2522459240149,67.2522459240149
2239,0.9086770491564996,0.7020705204111513,1.4279270982213743,2.033879869197673,0.6058752948709789,-61.48804330340211,28.511956696597906,28.511956696597892
2240,1.340559085464394,0.8692309447045397,2.3606968945807134,2.715845436661413,0.6253926882830623,9.498625674460737,-80.50137432553926,80.50137432553926
2241,1.2369164782162358,1.1171205248091984,1.495296239554657,1.3385272281252285,0.753743950043812,1.816104517731156,-88.18389548226884,88.18389548226884
2242,1.45354916781555,1.044394362245623,2.240561154987117,2.1453209974913445,0.5629223273003758,-27.147551278788804,62.8524487212112,62.852448721211196
2243,1.1504515979244476,1.0821459819095456,1.2915758156695194,1.1935319608084811,0.9065823939495996,72.64792965338012,-17.352070346619882,17.352070346619882
2244,2.5936417297990064,1.899230488655082,3.700657263769568,1.9485035049064243,0.723641210480347,35.81677023671633,-54.18322976328367,54.18322976328367
2245,0.8952144227026446,0.7596362993100234,1.129712805825802,1.4871759114880618,0.9008173980334616,-23.061253449231973,66.93874655076803,66.93874655076803
2246,1.626984252638553,1.768870357493245,3.1399294070678296,1.7751043165863107,0.2677425586203653,-56.846570416009,33.153429583991,33.153429583991
2247,0.9917395023300404,0.9581323640537996,1.0754181369411957,1.1224108247331996,0.9418674345837464,-2.977599166297984,87.02240083370202,87.02240083370202
2248,1.2515550525870838,1.073803578463795,1.5854968973262134,1.476524132648596,0.8296146906410022,52.64940043627663,-37.35059956372337,37.35059956372337
2249,1.2121260584033826,0.8523809253599329,1.8157102705742931,2.130162954793454,0.7446445138016005,-73.08531145346241,16.914688546537604,16.91468854653759
2250,5.1978065293871145,4.37757185112727,7.862351397045968,1.796053077922943,0.3494915869613589,-30.741131520911317,59.258868479088676,59.25886847908868
2251,1.8173540983129992,1.335766917495715,2.5971952111208525,1.944347608181563,0.7042260430562406,61.422813741878464,-28.577186258121536,28.577186258121536
2252,3.407093475293943,2.6774981698207743,4.942083167904401,1.8457839574303847,0.5518919827928817,-80.54827436726762,9.451725632732376,9.451725632732376
2253,5.653248096129997,4.464681012061154,8.945936541126185,2.003712363091361,0.4205242593101616,41.76802832272756,-48.23197167727244,48.23197167727244
2254,3.899036197912611,3.35973428108672,5.733651324848562,1.7065788080699016,0.2413881606799331,-19.22677020287503,70.77322979712497,70.77322979712497
2255,4.796889450869717,4.913478576606862,6.216708312647159,1.265235660585759,0.2656037847982742,69.89205048386928,-20.107949516130716,20.107949516130716
2256,7.805854128522769,7.548423245294779,22.52620764269034,2.984226892249556,0.135821377550913,-17.34683462694822,72.65316537305178,72.65316537305178
2257,1.039561305877423,1.042893872565121,1.12633751983673,1.080011638256508,0.801454989936791,65.49774148264731,-24.502258517352686,24.502258517352686
2258,6.261654851195833,5.151564498251023,10.73860018590124,2.084531832911543,0.2119466238288453,-56.20961016896729,33.79038983103271,33.79038983103271
2259,3.510654768320878,2.886265563269943,4.72784373421393,1.638048762518444,0.6912573200747003,28.6227595386465,-61.3772404613535,61.3772404613535
2260,1.566140741422161,1.5145532357082767,1.7086925885829365,1.128182587642006,0.8571879965260212,77.44581848012294,-12.554181519877062,12.554181519877062
2261,0.8676627389239214,0.7999494440931896,1.0785988509250206,1.3483337714518993,0.8156727487885538,-84.44728635585162,5.552713644148383,5.552713644148383
2262,1.171370613113025,1.1620150349059106,1.31109704924763,1.1282961148207438,0.8038780931554329,21.734364571526417,-68.26563542847359,68.26563542847359
2263,2.399077476989314,2.19006798732861,2.732184236061121,1.2475339815335007,0.8803666703169031,-45.06582512113899,44.934174878861,44.93417487886101
2264,2.1281856896488693,1.8828767170049352,2.6440301291988013,1.4042502652030355,0.8102257727312813,-81.48932223783613,8.51067776216388,8.510677762163866
2265,1.0099380753567209,0.7809094590531748,1.416560344913651,1.813987945070073,0.8254563824125247,-46.46291898350385,43.53708101649616,43.53708101649615
2266,1.1345092346885122,0.9632683063581978,1.4173508129687922,1.471397744131468,0.83691006420496,-76.77477268977654,13.22522731022346,13.22522731022346
2267,3.842570905754637,2.445202452653982,6.704437151259896,2.741874049726644,0.4415950116642377,52.1813992916277,-37.8186007083723,37.8186007083723
2268,6.59596749485363,6.09918775114863,7.6063471643560945,1.2471082174710275,0.5461305927631704,-89.34843026603458,0.6515697339654025,0.6515697339654167
2269,4.607080670095599,3.841413613358512,6.340987362041842,1.650691125785327,0.4047168562932757,34.13621374123125,-55.86378625876875,55.86378625876875
2270,2.500683434603541,1.8045440744031205,3.873935930808351,2.146767145097142,0.5617073351156083,-49.68040247284508,40.31959752715491,40.31959752715492
2271,2.8416195063327234,2.026010585191393,4.183129541365633,2.064712579460912,0.6361228756743786,-57.004136478287954,32.99586352171204,32.995863521712046
2272,4.785484863328373,4.154188031204741,5.906709584276902,1.421868615456946,0.6932681022987548,47.08512104007384,-42.91487895992616,42.91487895992616
2273,1.0740312192037882,0.8224757849083904,1.579470479564526,1.9203853882949904,0.71351303225337,-62.78971038567138,27.210289614328616,27.210289614328623
2274,2.7371442434764397,1.7951630387630864,4.411331167655417,2.4573429111457967,0.6284266070573213,58.24124658156944,-31.758753418430558,31.758753418430558
2275,1.833981655109284,1.6424246047145492,2.205765877344322,1.3429936881198152,0.6786301142242046,-52.2762781497757,37.72372185022431,37.7237218502243
2276,1.9742748760884197,1.5491314961842684,2.7576260889440456,1.7801110465680103,0.7021377483284156,32.74182888372931,-57.25817111627069,57.25817111627069
2277,9.878752090276494,8.41698978746709,15.06005619404748,1.7892449170452749,0.2273224228375238,72.74602638788294,-17.253973612117065,17.253973612117065
2278,2.8437552597393285,2.1872111486336343,3.851663212963094,1.7609928585858088,0.6625536066818908,5.998788742059965,-84.00121125794004,84.00121125794004
2279,10.767975266972732,9.373524037555809,16.957160799949065,1.8090486280302676,0.1901847405740658,-26.166557039353695,63.83344296064631,63.83344296064631
2280,1.546636359756236,1.410343935591737,1.778667716609571,1.2611588363112975,0.8135721664905645,-21.8677091239072,68.1322908760928,68.1322908760928
2281,1.0159318257539256,0.9044461769840092,1.5453548096225762,1.7086199808768705,0.5140257453179499,-47.59072540625444,42.40927459374555,42.40927459374556
2282,1.1183396299962336,0.9927657207854768,1.3104929544541448,1.3200425105505074,0.8966850178468998,8.719266406688233,-81.28073359331177,81.28073359331177
2283,6.687379385500152,4.067495722444754,12.356974519003806,3.037980950002497,0.3068015949827143,1.458908650458539,-88.54109134954146,88.54109134954146
2284,1.380717816333713,1.280540775265595,1.7155148293294644,1.3396799715133256,0.6630098897501984,41.07620680479665,-48.92379319520335,48.92379319520335
2285,0.84641062903508,0.8441003775728527,0.8872247371702774,1.0510891367226085,1.0645917473464983,59.69720086366222,-30.302799136337782,30.302799136337782
2286,3.484617414360881,2.396774097368628,5.370766532494266,2.240831348432348,0.5659436684174098,-67.2521680493859,22.747831950614113,22.7478319506141
2287,3.65801852017766,3.2862397876610614,4.855750040708625,1.477600648297379,0.5054276746209659,48.31656674026235,-41.68343325973765,41.68343325973765
2288,1.7035467376469715,1.4475945588929502,2.16183414894157,1.4933975370802963,0.8190720229001279,-10.027018734193506,79.9729812658065,79.9729812658065
2289,2.7985621751680427,2.176509971458821,4.318852069939752,1.9843015316143997,0.3881591613156279,-35.32176682742328,54.67823317257671,54.67823317257672
2290,1.0039085404212729,0.8042898368498789,1.968295824104616,2.4472469176208165,0.3477617177703508,8.92736054179587,-81.07263945820412,81.07263945820412
2291,1.5387653857138477,1.2223661919603468,2.249301543285473,1.8401208721898616,0.6437904621411226,-46.79463983129696,43.20536016870304,43.20536016870304
2292,0.8535534614000618,0.6217600605592438,1.4221692207456358,2.287328040122844,0.6213759203437417,32.85363873499638,-57.14636126500362,57.14636126500362
2293,7.1294284471771885,8.046395244369803,8.11467714415851,1.008486023581365,0.2190227905380799,-35.78935742331845,54.21064257668155,54.21064257668155
2294,3.858338599837588,2.909291094897086,5.263507607643739,1.80920624164284,0.713912386527392,10.508580694169508,-79.49141930583049,79.49141930583049
2295,1.4409640896579887,1.237240317635414,1.7427881703517416,1.4086092616853283,0.8282401901364131,-24.61389531535055,65.38610468464945,65.38610468464945
2296,1.9054199009183423,1.2387418637851133,3.243816147326108,2.618637701816476,0.5862787167956987,-26.01603509885848,63.98396490114152,63.98396490114152
2297,7.54642958489316,5.904396332799335,15.770050927292855,2.6708997903289653,0.2091582796258899,-18.25816994762658,71.74183005237342,71.74183005237342
2298,1.340559085464394,1.2005038057358164,1.5984336674943398,1.3314690547895622,0.8410705800090555,-60.295166825827614,29.704833174172393,29.704833174172386
2299,2.18449662396525,1.5724686321977497,3.156186736994405,2.0071540203528158,0.7515300578473215,-18.61400292643653,71.38599707356347,71.38599707356347
2300,1.0683634687220958,0.8544081957511532,1.4266695473884865,1.669775119764891,0.8133596281608972,55.913442767850334,-34.086557232149666,34.086557232149666
2301,3.4915796938584958,2.360269754775766,6.8736860078169455,2.91224593879947,0.3396427905836519,-13.095003001280814,76.90499699871918,76.90499699871918
2302,1.522901401330112,1.225932858107844,2.218317008954146,1.8094930683055428,0.4692326459547388,12.997623005671048,-77.00237699432896,77.00237699432896
2303,8.083260939754297,6.301777383050903,12.6865133522786,2.0131643155786363,0.4634161259896671,-2.512727820398889,87.4872721796011,87.4872721796011
2304,4.045759371364252,3.614862293741101,7.014409282637314,1.9404360976024757,0.3089401388284961,4.119360624274184,-85.88063937572582,85.88063937572582
2305,5.130795930559381,3.5945800204998046,7.758383236053688,2.158355966985799,0.5964286408866949,-58.35169391593485,31.648306084065155,31.648306084065148
2306,1.0337045758596148,0.9544947753158388,1.1946913444386011,1.2516478616064526,0.8595639916646587,-46.988429654385946,43.01157034561405,43.011570345614054
2307,1.176542252445381,0.9031151189175626,1.6524691655312638,1.8297436627036503,0.661737803673831,-35.167511343906604,54.8324886560934,54.832488656093396
2308,1.3314704444981866,1.050902272673284,1.767138674122226,1.681544250187014,0.7868035234911523,-35.814751434768205,54.1852485652318,54.185248565231795
2309,1.326902779425731,0.98311938141883,1.915137423692512,1.948021227013754,0.7324487108033662,32.97047434556283,-57.02952565443717,57.02952565443717
2310,3.527906246993929,2.812133453189676,4.68382945607733,1.665578655509636,0.7273455393120142,-29.108169838726127,60.89183016127387,60.89183016127387
2311,1.8797565083329089,1.6441347262393522,2.216551443394211,1.3481568195230291,0.8982702993399758,-15.086361773863915,74.91363822613609,74.91363822613609
2312,4.380096171165428,2.914936827847283,6.928273369549748,2.3768176734952995,0.6154617810560001,-16.16921020015042,73.83078979984958,73.83078979984958
2313,1.3495865213724043,1.2257422405641734,1.5757567221678397,1.2855530877703658,0.8476707646650512,64.7778216446164,-25.222178355383605,25.222178355383605
2314,1.8635374259717976,1.3056470887540574,2.8239625655201115,2.1628835156481223,0.614151808911725,-29.50000784949088,60.499992150509115,60.499992150509115
2315,2.512793352570581,2.171388666899492,2.9492270131703946,1.3582216109571814,0.8874160547845883,-39.85885239892359,50.1411476010764,50.14114760107641
2316,1.2466946262544771,1.1991985355502028,1.3690741697535185,1.1416576398047178,0.9444804872596309,14.899140361126603,-75.1008596388734,75.1008596388734
2317,8.568191690136732,7.343819561854456,15.231250916094424,2.0740230322663646,0.2501232960691217,8.501642747469052,-81.49835725253095,81.49835725253095
2318,2.2093683547194614,1.7995283273688094,2.9355595511521417,1.63129388212765,0.5636759596552314,20.289286177394008,-69.710713822606,69.710713822606
2319,6.726304562102764,4.413312835202243,13.231697172058633,2.99813261967691,0.3206359852369389,-5.036636296033682,84.96336370396632,84.96336370396632
2320,4.115685743789439,2.7826963093185046,7.16574306760592,2.575107834660133,0.4920562503826606,-19.021362123499348,70.97863787650066,70.97863787650066
2321,2.623896088524249,2.440633308532168,3.0112216311489672,1.2337869931636554,0.5979842429029921,58.79385654550013,-31.206143454499873,31.206143454499873
2322,1.800572999362347,1.3129738961374344,2.5190381748632587,1.9185744532118103,0.7950644791687302,-28.755784955080752,61.244215044919244,61.244215044919244
2323,1.186817925731738,1.0136878489774557,1.4810639357835724,1.4610650973843442,0.8360458114476561,56.03542921181525,-33.96457078818475,33.96457078818475
2324,1.626984252638553,1.2975764037878126,2.220117856686344,1.7109727413395466,0.7116734742667158,-86.92470671701422,3.075293282985797,3.0752932829857826
2325,1.2850634067342854,1.0565411701343734,2.113891458898768,2.000765818363631,0.4718625818856396,-6.953230629935557,83.04676937006444,83.04676937006444
2326,2.090770448616529,1.6934052217743776,2.714228451984093,1.6028227721774002,0.6434219493757625,-16.178735653859526,73.82126434614048,73.82126434614048
2327,1.2755794143363215,0.9756772645872837,1.80759750579776,1.8526592464593128,0.6519966149497431,21.087323261848628,-68.91267673815138,68.91267673815138
2328,4.583298620789192,2.842736107775167,7.800859463391969,2.7441377488595724,0.5406911220487062,75.96137402129908,-14.03862597870092,14.03862597870092
2329,2.8244753407624037,2.226339379751918,3.756657903101548,1.6873698310632916,0.5879177111111195,-28.651927249084917,61.34807275091508,61.34807275091508
2330,2.8480219617032505,1.580346231273115,5.377474134014932,3.4027189913205795,0.4781683116355467,32.152927040413935,-57.847072959586065,57.847072959586065
2331,1.1451621372724683,1.0496791269077264,1.3328899715271727,1.2698070651874005,0.8111516577196206,-56.18577769869594,33.814222301304056,33.81422230130406
2332,2.340148263365949,1.6581742123126846,3.491194979323554,2.105445226080511,0.6136894664634321,-28.03224713204884,61.96775286795116,61.96775286795116
2333,1.4409640896579887,1.191082188194912,1.864369666812183,1.5652737361790623,0.8566589580887457,20.4481197215704,-69.55188027842959,69.55188027842959
2334,2.18449662396525,1.8459792380311772,2.6337523020701115,1.4267507715195813,0.8066782093505201,-50.96817446430428,39.0318255356957,39.03182553569572
2335,1.398195952804615,1.28929411734035,1.635541081532528,1.2685554518052415,0.7638565127405138,-48.69874646472672,41.301253535273275,41.30125353527328
2336,1.7904288454052892,1.5213540349879693,2.1428563250144617,1.408519171562461,0.954136378730432,44.09256088813487,-45.90743911186513,45.90743911186513
2337,1.0453852243082644,0.8920030396149432,1.3626022444587296,1.527575786117201,0.7344294892340151,62.90838054090655,-27.09161945909345,27.09161945909345
2338,11.063866073175008,11.662837864240071,19.06007010403861,1.6342566299819283,0.2031417090408095,20.083454870966147,-69.91654512903385,69.91654512903385
2339,1.2418151765086958,1.0527120844556668,1.592805934137771,1.5130499190207114,0.7580711572420117,-88.14817651423806,1.8518234857619404,1.8518234857619404
2340,1.820691757871036,1.5199714550146486,3.181458975026113,2.093104422803421,0.3787433295367394,41.78036173437584,-48.21963826562416,48.21963826562416
2341,2.133883653500155,2.083312044109858,2.2814281823013305,1.095096718108843,0.8611116056990226,77.91238863768142,-12.087611362318583,12.087611362318583
2342,0.9086770491564996,0.6997944053246961,1.3445225610255138,1.9213108175703,0.6858721788402545,80.2170413655371,-9.7829586344629,9.7829586344629
2343,7.248506793496796,6.602445207075701,8.779575513334873,1.3297460619477746,0.5412921014798738,-0.4242127276894599,89.57578727231054,89.57578727231054
2344,1.171370613113025,0.9998759973521604,1.5530876595698322,1.5532802704362032,0.6538516084599839,-13.668879860036729,76.33112013996328,76.33112013996328
2345,1.6082179472047609,1.411913095728522,2.2911983419679807,1.6227615912761,0.4948474682180887,-86.50238258925333,3.4976174107466704,3.4976174107466704
2346,4.517924399503517,3.3664036372691077,6.607026403676514,1.9626364261643512,0.445468883019018,-8.448543471780038,81.55145652821996,81.55145652821996
2347,2.431753688475764,1.8219126819115847,3.582654610652781,1.9664249808579155,0.5321490781339145,-20.321654676445764,69.67834532355424,69.67834532355424
2348,1.1345092346885122,0.9742734816519364,1.4341616737747958,1.4720319302369729,0.7150108111183583,15.118509764279631,-74.88149023572036,74.88149023572036
2349,1.3314704444981866,1.1749913532212477,1.652809221256602,1.4066564972800972,0.7737380942723956,-70.43097691026034,19.56902308973966,19.56902308973966
2350,3.692708115052768,2.932336400872748,5.035883682689259,1.7173621966396608,0.5445735772374867,-10.8220775654593,79.1779224345407,79.1779224345407
2351,1.6232483481616002,1.3112216807671753,2.7404974436284357,2.0900336562655166,0.3791904648553617,47.99543277282717,-42.00456722717283,42.00456722717283
2352,1.270810876469873,1.106127446731689,1.5864254675151177,1.4342158059657415,0.7547672234891832,-42.44136530059885,47.55863469940115,47.55863469940115
2353,1.3585539723246187,1.3038727049113086,1.446974273438503,1.1097511804550957,0.9912061400760516,80.3113356818669,-9.688664318133107,9.688664318133107
2354,1.526882849696625,1.5635398531554174,1.5780898709304867,1.009305818297951,0.8385588646730406,68.12005089475166,-21.879949105248343,21.879949105248343
2355,5.522871265334852,3.4158007888116284,10.020451511050544,2.9335585212909043,0.5091774680380909,-34.598955501384225,55.401044498615775,55.401044498615775
2356,1.3314704444981866,1.1226885390813657,1.7185048003228114,1.5307048575813995,0.6703120937856953,48.58997531402069,-41.41002468597931,41.41002468597931
2357,1.7527313846366133,1.3199070760864855,2.537619291080117,1.9225742001506192,0.6002637081495329,-70.19389502936632,19.80610497063367,19.806104970633683
2358,6.9421765163102815,6.702920068121444,7.524484015263089,1.1225680656776644,0.4412452503296349,-74.77705154010525,15.222948459894752,15.222948459894752
2359,2.6354399017991645,2.1478334679939493,3.407504067175076,1.5864842958973184,0.6830540983101505,44.710415972509935,-45.289584027490065,45.289584027490065
2360,1.326902779425731,1.1901728768860698,1.516230814101078,1.2739584673346749,0.9625419425420384,43.12794335781091,-46.87205664218909,46.87205664218909
2361,0.8392070033186643,0.6324625010596343,1.3422422671842182,2.1222479829798786,0.5122647703517463,24.714738223685863,-65.28526177631414,65.28526177631414
2362,2.5031101051741675,2.360250684799018,3.033503241072405,1.2852462073666198,0.6296119630115584,-13.002009096135252,76.99799090386475,76.99799090386475
2363,1.4025314545362868,1.3297270711852256,1.548056826802943,1.1641914046490112,0.8971277807527657,60.47369466172274,-29.52630533827726,29.52630533827726
2364,1.5544674799972351,1.1307219294467252,2.365455442299627,2.091986880856791,0.5534341119240227,-23.86216474210417,66.13783525789583,66.13783525789583
2365,3.0338192697565347,2.8085647623526167,3.5594492915669003,1.2673552482319472,0.7241364204017124,11.221870161892422,-78.77812983810757,78.77812983810757
2366,3.786866992303224,2.708194222194363,5.4512664116923935,2.012878680198722,0.7169503619907621,84.22617332694747,-5.773826673052525,5.773826673052525
2367,1.1451621372724683,1.100445502399919,1.3437067430936258,1.2210570538597212,0.7548860867166647,-7.445732032017758,82.55426796798224,82.55426796798224
2368,1.062665489594652,0.9694003890009008,1.2283415939710611,1.2671148143823572,0.9236875334459536,65.73800041314894,-24.26199958685106,24.26199958685106
2369,1.5583682828180965,1.2357921248766155,2.111900815550875,1.7089450345556556,0.7372377029012094,6.328784568518166,-83.67121543148184,83.67121543148184
2370,5.505254406207756,5.662107313123196,6.029615374296349,1.064906587044257,0.3806220597101398,82.62457690507539,-7.375423094924614,7.375423094924614
2371,1.039561305877423,0.953671119540666,1.167053934270751,1.2237488483795762,1.0189596788019046,-16.395164107298697,73.6048358927013,73.6048358927013
2372,4.272032942554875,2.722950586588368,7.756961414055291,2.8487338155387247,0.4913047658000439,-26.682088845320976,63.317911154679024,63.317911154679024
2373,0.9543017810603904,0.8844188049415933,1.080256594807644,1.2214310559339403,0.9134673155375476,19.302776646504626,-70.69722335349537,70.69722335349537
2374,0.979419278671245,0.9040534099296008,1.1106947932660267,1.2285720965894231,1.0483282318036655,43.67045374376632,-46.32954625623368,46.32954625623368
2375,3.2966027785279293,2.7372586342337075,4.466781134669439,1.6318447510970806,0.5485466753009417,54.449474986591085,-35.550525013408915,35.550525013408915
2376,2.8437552597393285,2.408191362102787,3.501543461886282,1.4540137951615275,0.7514343851864501,2.471636583628281,-87.52836341637172,87.52836341637172
2377,0.9917395023300404,0.7758974356493417,1.7827317388577129,2.29763839516464,0.470525894248881,59.89316367555697,-30.10683632444303,30.10683632444303
2378,2.815864115414134,2.559417279864526,3.455505288487538,1.350114073102782,0.65782445884023,29.005059468484266,-60.99494053151574,60.99494053151574
2379,1.1970053909181526,0.9886615782541646,1.73486068840654,1.754756861766649,0.5548316003514275,81.55307797604945,-8.446922023950549,8.446922023950549
2380,3.2239773722754084,2.647663492829824,5.155687608090342,1.9472593938212068,0.3997167412960348,15.235508264717025,-74.76449173528297,74.76449173528297
2381,4.543385245782498,3.889840876047826,5.462589538566772,1.4043221079307744,0.6468742610369083,59.45917792729019,-30.54082207270981,30.54082207270981
2382,1.0740312192037882,0.7317779489526631,1.918302877023741,2.62142755158072,0.5577837856988092,-53.98015035885543,36.01984964114456,36.01984964114457
2383,1.502835947650602,1.2660131445308218,2.817264547252909,2.22530434176256,0.4307604240190011,88.94567864422005,-1.0543213557799476,1.0543213557799476
2384,2.316681002601451,1.7821518460262222,3.913976245055785,2.1962080581309764,0.3052800199254277,-69.87108086410679,20.128919135893227,20.128919135893213
2385,3.479386562153408,2.4142552347834214,5.629633998223649,2.3318305028874358,0.5938608563571359,-79.19667883278315,10.803321167216836,10.80332116721685
2386,2.3375524242271446,2.28891577749102,2.6014797199767754,1.1365554580729795,0.6063702910269193,-83.2600772355302,6.739922764469782,6.739922764469796
2387,1.7733929789634846,1.3282946680929728,3.7931192600256174,2.855630871026068,0.2815341723798052,83.11941117949654,-6.880588820503462,6.880588820503462
2388,1.585405189396292,1.1564640031440911,2.5387107739900707,2.195235447958648,0.5467917800322498,-72.03713126584839,17.962868734151613,17.962868734151613
2389,3.772410183248298,1.999098687457144,7.796876344865993,3.9001958201391393,0.4376726335721174,16.172030324964567,-73.82796967503543,73.82796967503543
2390,2.2093683547194614,2.197437707500394,2.3790245632024605,1.082635723908016,0.8165093467395379,-46.87528735158896,43.12471264841105,43.12471264841104
2391,2.6029882167717644,2.141179321932769,3.3281247036784976,1.5543418851412751,0.7196215502298606,27.925430535874646,-62.074569464125354,62.074569464125354
2392,2.18449662396525,2.200650176388866,2.3330822257159523,1.06017860119158,0.806513278210213,58.28931370831002,-31.71068629168998,31.71068629168998
2393,3.722184745068006,2.430150304387179,6.018009055840999,2.4763937625490144,0.5685623576244222,-18.896268751897196,71.1037312481028,71.1037312481028
2394,4.650365225665177,3.6284962635286937,6.137139903511521,1.691372805092318,0.6539639410114085,55.35471211822935,-34.64528788177065,34.64528788177065
2395,0.8246109854774907,0.4822482934990653,1.9704124034727477,4.085887767846641,0.4107381742184607,-63.81319243628134,26.186807563718673,26.18680756371866
2396,7.225856465167888,5.506121916905056,13.106689691462476,2.38038494048269,0.2462309055069486,25.44201976919372,-64.55798023080628,64.55798023080628
2397,2.125330979189304,1.4571173757674387,3.164306151774742,2.171620628783015,0.7303289979820314,-66.23078694220222,23.7692130577978,23.769213057797785
2398,2.167756939550367,2.03800650812212,5.393203020214554,2.646312952741261,0.2239645523722007,-19.52617943242634,70.47382056757365,70.47382056757365
2399,1.021890421280174,1.039162816279773,1.180298968105028,1.1358171689885188,0.6832431609935531,-32.91434566633667,57.08565433366333,57.08565433366333
2400,1.0569367929308613,0.8775711904621681,1.4674612274493273,1.6721848248875362,0.6918264542348876,-5.641127632862852,84.35887236713715,84.35887236713715
2401,2.2093683547194614,1.960343888907488,2.533988954377127,1.2926247117740832,0.9078063007896202,-83.26791158586876,6.732088414131226,6.7320884141312405
2402,0.9917395023300404,0.9148596972573602,1.209844077606106,1.3224367421945395,0.7919401013177784,-11.064942106733392,78.9350578932666,78.9350578932666
2403,1.3495865213724043,1.2462929121592277,1.5352209760870406,1.2318299824294427,0.8682426836955284,-69.58371761651652,20.416282383483463,20.416282383483477
2404,0.9917395023300404,1.072454854381192,2.0068610358504158,1.8712778702543864,0.3260550279140937,-8.195345130913752,81.80465486908625,81.80465486908625
2405,1.4409640896579887,1.065067148904338,2.042102765590102,1.91734649565604,0.75520939542216,-29.70139889527316,60.29860110472684,60.29860110472684
2406,3.477641196323917,3.188698533280233,4.4497047843429245,1.395461106749871,0.4750461871125033,-38.09605312614592,51.90394687385407,51.90394687385408
2407,2.052673332020974,1.700413466708623,3.154320921113091,1.8550317219133177,0.4411201288959562,69.15207322090446,-20.847926779095545,20.847926779095545
2408,1.1074287385521373,1.088854466223398,1.275799287519613,1.1716894471164891,0.773824789565253,-39.87774940342578,50.12225059657422,50.12225059657422
2409,8.410858812484335,4.864831567248089,16.883034813100622,3.470425353832121,0.3787928314677617,0.2722414196216361,-89.72775858037836,89.72775858037836
2410,2.563030269375824,2.2856905634386444,3.1898924747307733,1.3955924418447208,0.7089281620817579,79.54517075994953,-10.454829240050472,10.454829240050472
2411,0.9543017810603904,0.6649508567774848,2.272575109437786,3.417658743160726,0.3733830314239094,12.912340445544066,-77.08765955445594,77.08765955445594
2412,1.4906670352488116,1.4511184425691637,2.062736998259977,1.4214807956047752,0.4363626138880059,-20.433324901718706,69.5666750982813,69.5666750982813
2413,4.596526061339452,2.9801968830329715,8.97332950695066,3.0109854681206256,0.3402432197797518,-6.545193840035049,83.45480615996495,83.45480615996495
2414,5.232730594314343,3.346715404697039,10.00339229352778,2.989017912753575,0.4305992966708405,23.270917622855887,-66.72908237714411,66.72908237714411
2415,5.274334230929449,5.055962798469583,6.450366136048056,1.275793828625589,0.5216955754494531,-69.98004266048756,20.019957339512445,20.019957339512445
2416,1.7836340245157871,1.3671514858361318,2.5135653681285586,1.8385419568858496,0.6569658443105281,-73.60534387455095,16.394656125449046,16.394656125449046
2417,1.2466946262544771,1.0124627353597715,1.6045324621573671,1.5847817466459226,0.7897491490535451,38.88135221780483,-51.11864778219517,51.11864778219517
2418,1.0511768765181757,0.9316296009239032,1.3231678344499147,1.420272427086602,0.7998617508548207,2.3272994686843065,-87.6727005313157,87.6727005313157
2419,1.326902779425731,1.097850459142692,1.7259552158165867,1.572122324532596,0.7632572548003946,28.27272352780393,-61.72727647219607,61.72727647219607
2420,0.9479184199131095,0.6653563826240764,1.5268753597241134,2.2948233452008404,0.6356256483841629,78.01858385153598,-11.981416148464021,11.981416148464021
2421,2.2038655607334228,2.063799320630576,2.521308656870351,1.2216830539996433,0.6382083663977658,-35.75286386453884,54.24713613546116,54.24713613546116
2422,2.2285211321652416,1.8863922527218595,2.7159970449810045,1.4397838207096725,0.7879089300797119,1.6872605337189734,-88.31273946628103,88.31273946628103
2423,3.863056358192316,3.207148925262988,5.059918238572669,1.5776998064278394,0.5967096079768545,-13.205493075488627,76.79450692451137,76.79450692451137
2424,1.1504515979244476,0.8686798202225726,1.8250443981981903,2.100940249458746,0.5729846538710284,46.530308986043046,-43.469691013956954,43.469691013956954
2425,1.1183396299962336,1.0622552591056906,1.2506357694686527,1.1773401531770802,0.7833732272661837,24.24103211320645,-65.75896788679356,65.75896788679356
2426,4.484203041401843,3.9400612226725,5.8143995033518445,1.4757129838221148,0.5311917673546585,-15.668509598712529,74.33149040128747,74.33149040128747
2427,3.423093480480889,2.9770890933457026,5.015613524296819,1.684737462344531,0.3305493826960709,-5.97864752830521,84.0213524716948,84.0213524716948
2428,2.9772584239298063,2.774691786300063,4.024689098522414,1.450499517962379,0.3025488458096895,74.36871788950654,-15.631282110493459,15.631282110493459
2429,1.5068704138297195,1.372935274810798,1.7790919026670526,1.2958308634849711,0.6527531402458793,-40.46346200294478,49.536537997055234,49.53653799705522
2430,5.6736163642215285,4.454838707312144,9.746609420677144,2.1878703273092968,0.2414401615046395,-27.76275733610317,62.237242663896836,62.23724266389683
2431,2.022879685682126,1.7639570854763875,2.4638125036732785,1.396753086545687,0.7905410078378621,-5.624489449784407,84.3755105502156,84.3755105502156
2432,2.995555165504584,2.2200475905556427,4.148832438255328,1.868803378767633,0.7357125237060523,36.85027002163961,-53.14972997836039,53.14972997836039
2433,6.6060847206900695,5.329097562901283,11.080181308380274,2.0791852987484,0.2515046200057698,-8.595673463358272,81.40432653664173,81.40432653664173
2434,1.4282681233264556,1.3060758692607963,2.330013614870332,1.783980295255785,0.3703021369493247,65.70965849571623,-24.290341504283774,24.290341504283774
2435,1.2944779165271465,1.0936450865134344,1.684803157070916,1.5405392278057106,0.7338409994101296,49.1482555790214,-40.8517444209786,40.8517444209786
2436,0.9153341128725788,0.8537853138017859,1.182303901396892,1.3847789160629376,0.660210727531735,7.528840337334428,-82.47115966266557,82.47115966266557
2437,1.1074287385521373,1.05301289441202,1.5761437057593377,1.4967943071954712,0.522243011196554,13.993761182411658,-76.00623881758834,76.00623881758834
2438,1.191922542518033,0.7514544467256855,2.5835316383777607,3.438041586732224,0.4572008871141397,-28.85473088595716,61.14526911404283,61.14526911404284
2439,1.6119886861377042,1.3488778903946697,2.058015338891684,1.525723976608088,0.7050095482818252,0.6339343914095587,-89.36606560859045,89.36606560859045
2440,1.667526881973112,1.5899917491480902,1.8958125439150104,1.1923411205943537,0.6667162627633193,28.049957409372464,-61.95004259062753,61.95004259062753
2441,9.103458789355177,9.085205587428298,15.662882324785832,1.7239986672904166,0.2037411665994641,-53.40525258688051,36.59474741311948,36.59474741311949
2442,1.470161697690137,1.2526935194257314,1.7475424423293666,1.3950279260089788,0.9819776272571644,89.14010484967181,-0.8598951503281853,0.8598951503281853
2443,3.180369672047749,2.898443473406105,4.4493264759351625,1.5350744345227951,0.4674261782315224,82.62961952050566,-7.370380479494344,7.370380479494344
2444,0.9978425722559162,0.7173196117659365,1.4660760722305055,2.0438254415228374,0.8251630711703339,9.761883913861016,-80.23811608613899,80.23811608613899
2445,1.5892300566907107,1.3883064534847358,2.633922916391365,1.897220105676275,0.4230962321043353,78.74263283782007,-11.257367162179932,11.257367162179932
2446,1.902230911401452,1.5930399677964713,2.80775186001281,1.7625118746371162,0.5221591439976007,66.18022073487371,-23.819779265126286,23.819779265126286
2447,3.3149683957230627,2.906766502421392,4.407986333293379,1.5164569736239364,0.4096515561961101,-14.816776577826618,75.18322342217338,75.18322342217338
2448,1.7870346644469015,1.181688554742407,2.7830357677932493,2.355134740557689,0.6962092278436911,30.233256035846704,-59.76674396415329,59.76674396415329
2449,0.9917395023300404,0.930845262903532,1.1374708724868194,1.221976323904547,0.8301600228706221,-9.242124112619758,80.75787588738024,80.75787588738024
2450,1.4111624987975715,1.4150681744301985,1.4746005378586278,1.0420703147057924,0.961538710965124,-27.66048978010729,62.3395102198927,62.33951021989271
2451,1.8829835605082688,1.4561478374224497,2.760999929161644,1.8960986365566657,0.649577134714736,45.08879858868323,-44.91120141131677,44.91120141131677
2452,2.2285211321652416,2.1875432355251445,2.3572956724780454,1.0775995802945353,0.7321509395596109,70.60518991201455,-19.394810087985448,19.394810087985448
2453,2.0674091517192297,2.026055314922337,4.113012367300124,2.0300592668950816,0.2242858164959994,86.46701271286246,-3.5329872871375443,3.5329872871375443
2454,3.614608273703613,2.450227791145348,5.59469708326156,2.2833375343630173,0.6616147944091357,2.7821734544957395,-87.21782654550427,87.21782654550427
2455,1.992640619253945,1.4838597019055506,2.9270659004536737,1.972602865819982,0.613621645931012,-30.000807041204222,59.999192958795774,59.999192958795774
2456,1.927595110101428,1.4504240626881284,2.627611962467469,1.8116163610782985,0.7615835501594848,-30.964639185091578,59.035360814908415,59.03536081490842
2457,2.0078170808425457,1.8475298424166768,2.225289369281679,1.2044673478025507,0.8839637865976887,33.426448288892324,-56.573551711107676,56.573551711107676
2458,5.146155860626724,5.618871742613953,6.872423745525625,1.223096746167854,0.2990613890908972,24.386814687039017,-65.61318531296098,65.61318531296098
2459,2.6215812260634586,2.472956017031166,2.8799863991348333,1.1645926491617569,0.8024413940025528,-50.94378424199208,39.05621575800791,39.05621575800792
2460,5.712009694953531,4.684863994700574,7.147372777005432,1.5256307942109737,0.6437868295889385,-28.405930503278324,61.59406949672167,61.59406949672167
2461,1.3450803768346336,1.1891509422438302,1.849321560101298,1.5551613293193711,0.5635117572595716,9.039487056073344,-80.96051294392666,80.96051294392666
2462,0.9917395023300404,0.7297722939276242,1.5216446585931969,2.085095133447348,0.6557291417994136,16.906807869096756,-73.09319213090325,73.09319213090325
2463,2.292973580548686,1.766981655201627,3.1027148339093893,1.755940603444094,0.7127435959891268,-1.3120013715645578,88.68799862843544,88.68799862843544
2464,2.034849492430161,1.789419430688605,2.3462776565233776,1.3111949139953631,0.9310919342630892,-12.582410708911471,77.41758929108853,77.41758929108853
2465,1.0099380753567209,0.8842188065248964,1.2384456157940442,1.4006099018197868,0.8129958088055653,-24.937074211374,65.062925788626,65.062925788626
2466,2.1508869793231744,1.2277770560463148,4.749601415459866,3.868455915567052,0.3595637581631449,-27.36557019658991,62.634429803410086,62.634429803410086
2467,2.529649845807552,2.3479999538218466,2.8303104188655297,1.2054133196462056,0.7821907180019293,-40.852081776741485,49.1479182232585,49.147918223258515
2468,1.4865885952249918,1.2458353088457554,1.9317423747210591,1.550559982531547,0.6948827843995724,63.65535011925212,-26.34464988074788,26.34464988074788
2469,2.037830958486928,1.635444880267925,2.6390849750976884,1.6136801716395013,0.8529572589623736,-22.990013158202128,67.00998684179787,67.00998684179787
2470,1.1451621372724683,1.124772744795277,1.201769590964362,1.0684554693607016,1.052043046351265,-51.91866967431167,38.08133032568833,38.08133032568833
2471,8.575982566604091,7.088949595506554,12.26692753533492,1.7304295044093008,0.4005767412234847,-56.73494193878634,33.265058061213665,33.26505806121366
2472,2.6652198289847053,2.1102122953907947,3.7781799137373735,1.7904264523478592,0.6047186837978381,-67.38078381844869,22.61921618155131,22.61921618155131
2473,2.133883653500155,1.6373660363794544,2.9145013945286853,1.7799938008810992,0.7605471306258753,5.948708870754892,-84.0512911292451,84.0512911292451
2474,2.75042068795721,1.9771702571091208,4.005116204472127,2.025680990330153,0.551399133315072,30.752161389345694,-59.247838610654306,59.247838610654306
2475,1.3131044552792934,1.0293789056108475,1.7556051611331014,1.705499453664539,0.7869328344772819,-35.318171536695054,54.68182846330495,54.681828463304946
2476,1.2803301921000927,1.0977509946480366,1.521721811590819,1.3862176568363913,0.9957456663273584,28.532104762364195,-61.4678952376358,61.4678952376358
2477,1.139848131163964,1.1140455161941891,1.2903869130290018,1.158289220926297,0.7035789007040351,-85.10273771300096,4.897262286999023,4.897262286999037
2478,1.7283140331024651,1.348103956882443,2.2879433130770117,1.697156440641264,0.827844620915752,-76.97237121572891,13.027628784271087,13.027628784271087
2479,1.8667925156594296,1.3572624875622183,2.7709052800291176,2.041539720887701,0.6581474379240836,9.319483410090458,-80.68051658990954,80.68051658990954
2480,8.48273551491452,9.534784560926417,12.134084984930366,1.2726123917530232,0.3096155522066723,54.63368362285219,-35.36631637714781,35.36631637714781
2481,6.319562879422305,4.34284941398549,10.679490999651144,2.4590976986812985,0.3653607270077487,65.56320250249247,-24.436797497507527,24.436797497507527
2482,0.9086770491564996,0.6993091217444434,1.2601923714112455,1.8020533870166968,0.8951300791119915,32.62468518813965,-57.37531481186035,57.37531481186035
2483,1.3894843667311525,1.2375379131466562,1.7113913801766034,1.382900161680778,0.7570424377924541,16.199570489826737,-73.80042951017326,73.80042951017326
2484,2.3375524242271446,1.7632149651646876,3.9169487480950527,2.2214811157352004,0.3859670191130073,-37.13397569499748,52.866024305002526,52.86602430500252
2485,1.0683634687220958,0.9865926543552016,1.2533924109419805,1.2704254439854394,0.8342426012102587,-60.30626415556255,29.69373584443744,29.693735844437448
2486,1.4367445664276617,1.25604215029151,1.787838590843061,1.423390600727952,0.753587609893431,-70.28050438798941,19.719495612010576,19.71949561201059
2487,2.073274154004086,1.7610523993935543,2.550536798794542,1.4483026170447053,0.7036886455492404,7.141600553014839,-82.85839944698516,82.85839944698516
2488,1.9773476793114584,2.54080037047206,4.163538762647396,1.638672133015253,0.1744411012742388,24.31412800862279,-65.68587199137721,65.68587199137721
2489,0.9414917802541344,0.8810189204759854,1.2033061663498157,1.3658119461267744,0.7200162291427944,57.17912766890088,-32.82087233109912,32.82087233109912
2490,0.84641062903508,0.7952940843902835,0.9542414028416848,1.1998598022683131,1.0231611248934631,-5.34145148680428,84.65854851319573,84.65854851319573
2491,1.6964039525710572,1.6121703242585768,1.806389112230137,1.1204703901623296,0.976143727974818,26.164304897825414,-63.83569510217458,63.83569510217458
2492,2.6308284548685905,2.503576838322771,4.510365646420941,1.8015686905949264,0.2608510124501006,-60.0200418856114,29.97995811438861,29.9799581143886
2493,0.8884066096615684,0.8158749208387828,2.256136065168244,2.765296502616799,0.3015656588931714,-71.74988094940062,18.25011905059938,18.25011905059938
2494,0.8746320295080829,0.6419639134604397,1.3258386857230706,2.0652853811926515,0.7911697079573589,-65.28946235858308,24.71053764141692,24.71053764141692
2495,2.31930020185808,1.5283512946489457,3.6206475815590182,2.3689891154184304,0.6751254804494918,4.369816838746327,-85.63018316125367,85.63018316125367
2496,0.979419278671245,0.8350267072777889,1.24230206623234,1.487739320676677,0.8411672057508515,87.26052540689595,-2.739474593104049,2.739474593104049
2497,9.57857881999587,6.309997983341639,19.21734248823608,3.0455386101500763,0.2801834341223247,-15.733371747642227,74.26662825235778,74.26662825235778
2498,4.6320514799312615,4.430301088501724,7.669547871961753,1.7311572551732606,0.2128486744097836,59.45528866691154,-30.544711333088458,30.544711333088458
2499,3.13421917649259,2.574536318669604,3.8780219105957774,1.5062991663678502,0.7974035879458261,-74.76493321162933,15.23506678837066,15.235066788370673
2500,1.5968523069270035,1.4583328843695698,1.9349462057967444,1.3268206638796411,0.5341543714000806,59.203154623535774,-30.796845376464226,30.796845376464226
2501,4.614980785649634,3.0638933913770585,9.430086974006542,3.0778117151681363,0.2559455283226679,-42.71336130470095,47.28663869529905,47.28663869529905
2502,1.2418151765086958,1.059269394630657,1.512649369102889,1.4280119644449043,0.923357671012715,68.14266384809487,-21.85733615190513,21.85733615190513
2503,1.5815710720799827,1.6057994676081355,1.9178729681408135,1.1943415145089795,0.5628926167377386,-19.999300753729344,70.00069924627066,70.00069924627066
2504,5.494215184339365,3.826828840585564,12.4941918725882,3.264894353277738,0.1980393780502929,39.68288290744876,-50.31711709255124,50.31711709255124
2505,1.5348147620304609,1.3809356590455597,1.820733911204196,1.3184784528358149,0.8190203845232388,67.38276386005766,-22.617236139942335,22.617236139942335
2506,1.171370613113025,1.0195034534931142,1.4124606900346128,1.3854398287667524,0.9209432363316038,58.50456800093803,-31.49543199906197,31.49543199906197
2507,1.039561305877423,0.6440190208160933,1.971729321617128,3.0616010674942107,0.5280195727503181,16.542430498893427,-73.45756950110658,73.45756950110658
2508,1.039561305877423,0.980673926313472,1.853311252563552,1.889834330082048,0.4542227121860872,-67.4573960114789,22.54260398852108,22.542603988521094
2509,8.334721190206446,6.750218042694478,13.915089088649053,2.061428090268708,0.19424529812035,26.38664736582463,-63.61335263417537,63.61335263417537
2510,1.326902779425731,1.317677010412524,1.3746462214212911,1.043234579156035,0.8689577123245065,7.04639548042447,-82.95360451957553,82.95360451957553
2511,1.886205091624149,1.5478839820027637,2.384321171821123,1.540374601419492,0.7691586542194273,45.03241788916641,-44.96758211083359,44.96758211083359
2512,7.870916947334104,6.3592090830893095,10.97182441459196,1.7253441852963636,0.268571170884626,4.0527614785555,-85.9472385214445,85.9472385214445
2513,2.828771123230691,2.016799925979313,4.086193431374852,2.0260777376767742,0.6323017745633588,33.89319274062348,-56.10680725937652,56.10680725937652
2514,3.0971957048803067,2.407526557325563,4.383489568558443,1.8207440143164644,0.6204557826642308,22.33009560671728,-67.66990439328272,67.66990439328272
2515,1.895836839826219,2.6826570747539287,3.0298509809670104,1.1294216504526315,0.2210860562769168,-19.002707021105504,70.99729297889449,70.99729297889449
2516,3.325939087805057,2.1137936980232146,5.494748189343024,2.59947231107824,0.6483004447120565,43.339306240155,-46.660693759845,46.660693759845
2517,1.2944779165271465,1.2717045008349424,1.3522568860087854,1.063342061871257,0.975173179857316,-69.53279637072193,20.46720362927806,20.467203629278075
2518,3.5893250889909107,2.737997635078424,4.800586073366485,1.7533200218520213,0.7718676525915995,16.246445973638835,-73.75355402636117,73.75355402636117
2519,3.1841853538903857,2.002718409613613,5.55411335270078,2.773287211042485,0.4893620457135388,21.325393801778212,-68.6746061982218,68.6746061982218
2520,1.176542252445381,1.0063425976608338,1.4344442682383036,1.4254035072872393,0.9045568587080176,22.826414748737587,-67.17358525126241,67.17358525126241
2521,1.7106596985948357,1.184977030977432,2.657271364057566,2.2424665580780982,0.6656564141561927,79.68826456774491,-10.311735432255091,10.311735432255091
2522,4.4077311214668455,2.477963363418056,9.4236355633947,3.802976146667445,0.2843355150582884,34.6902765275919,-55.3097234724081,55.3097234724081
2523,1.1451621372724683,1.1345259550794085,1.249609716503444,1.1014377510790223,0.7934024921360502,49.991646447907776,-40.008353552092224,40.008353552092224
2524,2.524845188391802,1.7890513656699802,3.6534995334330183,2.042143452971694,0.7804771065781669,27.834085958491634,-62.165914041508366,62.165914041508366
2525,6.923786612439479,6.267097210966986,10.600956851862382,1.6915258364448922,0.4149538783229041,-88.11982147199267,1.8801785280073204,1.8801785280073346
2526,2.431753688475764,1.637707468740189,4.391935043005602,2.6817579615632523,0.5007776094630073,-1.1593659365415303,88.84063406345847,88.84063406345847
2527,1.0453852243082644,0.8555791431039615,1.4133357566445797,1.6519053415878384,0.6912526273114865,-55.63739706897775,34.36260293102225,34.36260293102225
2528,3.500263068854585,3.105233573084521,4.226783860194322,1.361180652183833,0.6725949924186033,-47.42356348607663,42.57643651392337,42.57643651392337
2529,2.9154400983602766,1.780973380211595,6.404413055088777,3.596018405579918,0.3662984304710759,0.9037446915585534,-89.09625530844144,89.09625530844144
2530,1.968114877060028,1.5635992319864096,2.588077364739741,1.6552050626501176,0.7261638248051854,-0.2052664793315876,89.79473352066842,89.79473352066842
2531,1.7106596985948357,1.57168675834431,1.9570027201179772,1.245160786478584,0.8515494924975825,3.5661333197963905,-86.43386668020361,86.43386668020361
2532,0.9414917802541344,0.8110701808423348,1.1905988384275252,1.467935656555678,0.9172160713381876,-35.57970118043889,54.42029881956111,54.42029881956111
2533,5.037652957095821,3.1475064130607966,9.638896675409203,3.062391433234872,0.3032468412672003,-26.852512306298053,63.14748769370195,63.14748769370195
2534,1.4068535956126136,1.222595373087883,2.163506621138497,1.7696015122928,0.5074883602876257,-89.7316730501503,0.2683269498496941,0.2683269498496941
2535,4.745992631988223,3.559060085690127,6.408593416796323,1.800642097210801,0.7373781504488766,42.778116379782375,-47.221883620217625,47.221883620217625
2536,1.1451621372724683,1.0263561216536077,1.4453584955631522,1.408242680166872,0.8150924213436967,-7.129058138028459,82.87094186197154,82.87094186197154
2537,0.8676627389239214,0.7811023270190453,1.0311794895773738,1.3201592850359427,0.957055498720556,-9.624537328357324,80.37546267164268,80.37546267164268
2538,2.7371442434764397,2.041779765738364,6.340557093913973,3.1054069593157383,0.2406980574582616,1.4039948835100713,-88.59600511648993,88.59600511648993
2539,9.036520684259033,9.058167180760773,20.172382024356995,2.226982746267084,0.094319053379365,26.05910583849076,-63.94089416150924,63.94089416150924
2540,1.1557168501373432,1.117349032342333,1.364837505227187,1.2214961177941297,0.6879887397919058,74.35544135064363,-15.64455864935637,15.64455864935637
2541,1.8732857266234093,0.8815379081168427,4.489052630978153,5.0922967573428,0.3574547817230515,-0.0470419809010694,89.95295801909893,89.95295801909893
2542,1.0099380753567209,0.8901873051955556,1.232812520822544,1.3848911500167045,0.9617147530265168,-28.42236901247879,61.57763098752122,61.57763098752121
2543,3.365859043888769,2.465157374359804,5.747917972971955,2.3316637034033887,0.3300777604373322,-17.949747227334026,72.05025277266597,72.05025277266597
2544,1.81401029769144,1.5498671825632608,2.215335554625785,1.4293712258375155,0.7566628500344224,-67.43445629528202,22.56554370471798,22.56554370471798
2545,3.527906246993929,2.793328967373408,5.029462350002236,1.8005263285303212,0.5554684557117775,69.91258014081063,-20.087419859189367,20.087419859189367
2546,4.633362005202902,4.516860010541566,7.5798847404905985,1.6781314282046522,0.1961182878658846,-67.56163790769563,22.438362092304374,22.438362092304374
2547,2.055628946700877,1.7079177309789246,2.8435422224717795,1.664917560661397,0.5427311065743904,-61.133414358336,28.866585641664017,28.866585641664003
2548,1.5892300566907107,1.2580459222514329,2.085235516375928,1.6575193953525438,0.8387476082893475,67.39519089431558,-22.604809105684424,22.604809105684424
2549,2.79639190560923,1.7609351863136355,5.0979047603865535,2.8949985212451645,0.4080308852977953,17.402615949220603,-72.5973840507794,72.5973840507794
2550,4.1480122262560775,3.2902076922291648,9.120847328575463,2.772119021579442,0.2794835667976565,-35.095302541132824,54.904697458867176,54.904697458867176
2551,2.0585803178499065,1.872658623345966,2.3303401059594124,1.2444019838467333,0.8732672928544053,-60.38796255086714,29.612037449132856,29.612037449132863
2552,2.391473408805544,1.8983129586952887,3.078157343481037,1.6215225889816691,0.8591817655214206,77.6892625200179,-12.310737479982095,12.310737479982095
2553,2.3245297467203696,1.9340811024135087,2.850052402197711,1.473595082771439,0.8166263208137363,71.84494636612732,-18.155053633872683,18.155053633872683
2554,3.584247050481622,2.6405008279699675,6.136845179677806,2.324121664599457,0.4603075338514734,30.037013944179925,-59.962986055820075,59.962986055820075
2555,1.1816912584570125,1.0948980301404738,1.6218936484832371,1.481319359278736,0.5509084472708721,29.302815048149156,-60.69718495185084,60.69718495185084
2556,2.515208339531214,2.1815717754759483,2.952234528814176,1.3532603245062125,0.9161016158612564,71.21913822523688,-18.780861774763125,18.780861774763125
2557,1.1291450947814663,1.0361000672739558,1.3269792046831996,1.2807442510592293,0.7347832425506211,22.632152321350954,-67.36784767864904,67.36784767864904
2558,3.161222179100424,2.0760292509218607,5.264353468103526,2.535780006840409,0.567940109136217,-64.92163318392555,25.078366816074436,25.07836681607445
2559,2.0288734164048656,1.477787748923144,2.974026638638182,2.012485650124884,0.6647106521529828,53.12269467323468,-36.87730532676532,36.87730532676532
2560,0.9219431092603804,0.692885173514345,1.3065749794613055,1.8857020317440163,0.8148020040710592,-10.017889914906927,79.98211008509307,79.98211008509307
2561,3.0197783779401437,2.384524807512848,4.367090902095484,1.8314302658274837,0.4447373437657063,-28.992054931917554,61.00794506808245,61.00794506808245
2562,3.69435187570175,3.568924247049236,4.041819540104164,1.1325035950107136,0.5619014045427151,-72.0990332502212,17.900966749778803,17.900966749778803
2563,1.843886218520761,1.5080036894825155,2.317787405242748,1.5369905401478934,0.7665881769479077,15.521475042994682,-74.47852495700532,74.47852495700532
2564,1.9054199009183423,1.397328560342944,3.5313396360697946,2.5272077994334445,0.4095303053559159,36.54414865767183,-53.45585134232817,53.45585134232817
2565,1.1074287385521373,0.846286715059684,1.5253733053324623,1.8024308761893848,0.8135439633022288,38.02304901226751,-51.97695098773249,51.97695098773249
2566,4.770236333228299,3.200183921411103,11.982548917566984,3.7443313296453744,0.1407099270648652,24.46678602578219,-65.5332139742178,65.5332139742178
2567,1.3585539723246187,1.3700725327860392,1.467841008436681,1.071360072777921,0.8011860319330435,-26.13188497435408,63.86811502564592,63.86811502564592
2568,1.0569367929308613,1.0059443037588724,1.3768162294991144,1.3686803775859353,0.5697005814415196,-61.92478302659792,28.075216973402064,28.07521697340208
2569,1.176542252445381,1.155047549179749,1.4764905671484223,1.278294186414182,0.5818133616765611,76.44450166389073,-13.555498336109267,13.555498336109267
2570,2.8607838865406863,2.648162993258937,3.254142914952992,1.228830296034124,0.6958852551105081,-56.12948404413185,33.87051595586814,33.87051595586815
2571,4.772781138068276,3.947533619887486,6.644791101941036,1.6832766334059563,0.6193322671065885,88.86993071792898,-1.1300692820710196,1.1300692820710196
2572,0.979419278671245,0.701534544832334,1.6084592152689436,2.292772646931255,0.6020832354019089,30.997622292192236,-59.00237770780777,59.00237770780777
2573,0.973200680696656,0.8307375767403437,1.3239661857108924,1.5937237254944987,0.7826947657800887,3.932152998964754,-86.06784700103525,86.06784700103525
2574,1.2270604129519955,1.2513136259521818,1.3713632104639824,1.0959388454037249,0.7853669509989002,42.8299414033818,-47.1700585966182,47.1700585966182
2575,1.7035467376469715,1.08870540962581,3.3480012779818247,3.075213228831607,0.478066894383328,80.36562220770624,-9.634377792293762,9.634377792293762
2576,1.1019327803667114,0.756922973712029,2.150219323891936,2.840737298997593,0.4627726857844104,79.83705973482296,-10.162940265177042,10.162940265177042
2577,4.525980140342644,3.612891722834236,6.435611643763401,1.78129103706291,0.5589749095024444,27.6919876010607,-62.3080123989393,62.3080123989393
2578,1.062665489594652,1.045800649927766,1.3094223267128322,1.2520764132277742,0.6644730661163668,-36.74440832988297,53.25559167011703,53.25559167011703
2579,3.001629295092017,2.256062916623855,4.167238731400748,1.8471287749531928,0.670425372176118,76.28017109513198,-13.719828904868024,13.719828904868024
2580,3.365859043888769,3.152028604425804,3.7452655530990144,1.1882079838489534,0.8319876846995827,80.23120630131271,-9.76879369868729,9.76879369868729
2581,3.77401923010468,2.180769692071017,7.013215939715506,3.215936082207401,0.4653295054738791,65.51306134830662,-24.48693865169338,24.48693865169338
2582,1.8405906194279933,1.388506068350884,2.784936919895995,2.005707417039696,0.5966529060956717,50.67447220887897,-39.32552779112103,39.32552779112103
2583,1.2803301921000927,1.1655982614906992,1.4374843892010107,1.2332588651621637,1.0234251562273968,-68.30049412260203,21.699505877397968,21.699505877397968
2584,3.2050904061662875,2.4131115890606085,6.298253202277117,2.6100132421679434,0.3256963904956377,80.26869386590596,-9.73130613409404,9.73130613409404
2585,1.546636359756236,1.317389362834435,1.946644937822656,1.4776534506353862,0.6734876034711564,-59.00913953658518,30.990860463414833,30.99086046341482
2586,1.2660243778180809,1.0235374649834452,1.6698296753580482,1.631429950036129,0.7939266037965577,-41.23441252672202,48.765587473277975,48.76558747327798
2587,1.1345092346885122,0.9676821722225722,1.517276344182564,1.567949051595819,0.760653856199449,37.45206587122832,-52.54793412877168,52.54793412877168
2588,1.039561305877423,0.6430087902851201,1.905285379133546,2.963078278119204,0.5738747978101814,78.07035293749276,-11.929647062507243,11.929647062507243
2589,1.3938469657443524,0.9884744441289398,2.222631303325225,2.248547058071739,0.623230167818049,40.19342803956531,-49.80657196043469,49.80657196043469
2590,1.2121260584033826,0.9012695060471771,2.35037120086234,2.6078450286981183,0.438784650670323,84.5260911791393,-5.4739088208607,5.4739088208607
2591,0.9606427264386592,0.8640111346898353,1.1505282827632584,1.3316127959118,0.9064136254254228,-65.56730691622248,24.432693083777508,24.432693083777522
2592,5.217625533885626,3.2597689695486043,9.634794233612332,2.9556678168350405,0.343291397136318,30.984451904649283,-59.01554809535072,59.01554809535072
2593,2.8713754958404816,1.5389267272504177,6.19974133667508,4.02861372597777,0.406575032306311,85.04353807458891,-4.956461925411091,4.956461925411091
2594,4.9867785050179085,4.246914129601685,7.36693356793695,1.7346556448100092,0.369912405874847,-87.34985206580107,2.6501479341989125,2.6501479341989267
2595,0.9855986414141252,0.8169639365265309,1.321706366936725,1.6178270641372463,0.8122383506169892,68.61790974119727,-21.382090258802734,21.382090258802734
2596,0.84641062903508,0.8311763648842266,1.1025042008061483,1.3264383437559786,0.6327732004240967,-35.20271249375307,54.79728750624693,54.79728750624693
2597,1.833981655109284,1.6060215727168623,3.3877135869990007,2.1093823673041325,0.3383226642727388,58.693945210695375,-31.306054789304625,31.306054789304625
2598,1.2563966762852905,1.034624972704748,1.7061440084030337,1.6490458411638569,0.7080660830865928,69.38313430232792,-20.616865697672083,20.616865697672083
2599,6.098578257302497,5.733985090996227,10.43167823736434,1.8192719499296663,0.2874647293630697,18.065699483187775,-71.93430051681223,71.93430051681223
2600,0.9606427264386592,0.6413729107418051,1.863433599559684,2.905382451223979,0.5003103489501661,-51.0222708867816,38.9777291132184,38.9777291132184
2601,1.3585539723246187,1.2496961685762138,1.6196979220242058,1.2960733678727183,0.8216542571815663,-55.10323250949832,34.896767490501674,34.89676749050168
2602,3.705837785329021,2.8854919222533733,5.1223494203085815,1.7752083728962147,0.6261722809610621,19.22825048178626,-70.77174951821374,70.77174951821374
2603,4.6686071318347695,3.418006980643192,6.884726268249879,2.0142516698296293,0.6103673858175587,-83.5723070682458,6.427692931754194,6.427692931754194
2604,1.7836340245157871,1.7474710081556564,1.886626384742732,1.079632437927508,0.8292628236024396,-74.83941274797344,15.160587252026573,15.16058725202656
2605,4.158245223509692,2.9332188563639767,6.357696010852202,2.167480955966993,0.5273490444826501,26.35491888371234,-63.645081116287656,63.645081116287656
2606,4.31727082021235,3.070383577607,6.746312822858626,2.1972215041993475,0.4168510424563326,-9.405575393994436,80.59442460600556,80.59442460600556
2607,1.2171245375823248,1.0159254680213523,1.5813068439095197,1.55651855739902,0.7081755442825209,33.94672346799581,-56.05327653200419,56.05327653200419
2608,2.220333029284942,1.7603370143959047,3.039533188391856,1.7266768599051092,0.7126429221395263,57.78438502609237,-32.21561497390763,32.21561497390763
2609,2.60531959943058,1.6847097040033578,4.114636145355718,2.442341333689805,0.6525095307984627,83.43985404626662,-6.560145953733382,6.560145953733382
2610,1.021890421280174,0.9598605643127348,1.1835010262514378,1.2329926556560125,0.8581629138463296,4.561696918976318,-85.43830308102368,85.43830308102368
2611,4.298950345635426,3.131615273313933,6.437559239416443,2.055667340197923,0.5848702558635167,-87.6965263342381,2.303473665761885,2.3034736657618993
2612,2.512793352570581,2.0247086168084745,3.7033107496357593,1.8290586205304176,0.6118467722030106,-75.77352316960129,14.226476830398724,14.22647683039871
2613,3.0696295240609217,2.7815783533943867,3.44478214342952,1.23842714666866,0.8227560718596715,75.65547376261112,-14.344526237388877,14.344526237388877
2614,1.6381408467855358,1.2833145994406858,2.2119332183613176,1.7236094869686334,0.7911692668417714,-65.17570465472299,24.824295345276994,24.824295345277008
2615,3.7009196175543857,2.7153171234799665,5.205805064223399,1.917199659372239,0.752193769102774,-85.73445705326928,4.265542946730704,4.265542946730719
2616,2.5653979652796903,2.313051536687554,3.137365775550675,1.3563752150735018,0.5868073143960085,39.23342717645125,-50.76657282354875,50.76657282354875
2617,3.2744280687021456,2.6487838173045843,4.356253176550392,1.6446239017661082,0.6419737077162714,30.09580692397173,-59.90419307602827,59.90419307602827
2618,6.351187244781856,5.897967878632013,12.789531764015685,2.1684641264920077,0.2294940451858136,34.21686522577913,-55.78313477422087,55.78313477422087
2619,2.488514586551228,2.138014697648582,2.9436592904461123,1.3768190151749609,0.8347447886034366,-13.405452606748357,76.59454739325164,76.59454739325164
2620,3.0716067413506805,3.0705673521872967,3.1771340498858978,1.0347058655537027,0.7196983882775082,-79.59421879243354,10.405781207566463,10.405781207566463
2621,1.0337045758596148,0.9810191359710624,1.2209121612903635,1.2445345014415474,0.8842892268587689,75.68641216961787,-14.313587830382133,14.313587830382133
2622,1.2369164782162358,1.145049840742003,1.3891573250662006,1.2131850297154,0.9002538315124972,76.14556416489202,-13.854435835107978,13.854435835107978
2623,1.946401361393312,1.6022743383159632,2.4205287334150847,1.5106830806259623,0.8581710581241863,-76.88635121385227,13.113648786147735,13.113648786147735
2624,3.136155672924793,3.2590829033108246,4.592963591421824,1.409280993360415,0.2999407492099504,79.13571124562094,-10.86428875437906,10.86428875437906
2625,1.717743205908703,1.5880608856755165,2.005305318111145,1.2627383094686224,0.6724959484510425,70.53933062537051,-19.46066937462949,19.46066937462949
2626,3.453113446011687,2.073681139222385,8.018887592309621,3.866981977430072,0.270487575136318,10.26099445970114,-79.73900554029886,79.73900554029886
2627,1.1291450947814663,1.111626699627692,1.260150239993222,1.1336091877023768,0.8422201710154422,14.37206245132808,-75.62793754867192,75.62793754867192
2628,4.221999042387116,3.635090346399751,5.123948558213239,1.4095794244256064,0.6648227110357834,48.37765981966192,-41.62234018033808,41.62234018033808
2629,5.869279217579719,3.782567563840405,11.165003492479697,2.9516996865335496,0.3682459370405925,50.33596587144702,-39.66403412855298,39.66403412855298
2630,1.522901401330112,1.3172281676408326,1.827230327341543,1.387178297753933,0.8607819218349422,-19.320055433668884,70.67994456633112,70.67994456633112
2631,8.933814257153678,8.91960155855939,9.383943217207056,1.0520585651275056,0.6538454536402876,63.86779990698103,-26.132200093018973,26.132200093018973
2632,3.500263068854585,2.922031743388487,5.046479910319464,1.7270448624447163,0.3585690748200021,75.05016084442819,-14.949839155571809,14.949839155571809
2633,1.2944779165271465,1.3865232929836424,1.605125576512637,1.157662178944421,0.5886501781592027,10.080673930798682,-79.91932606920132,79.91932606920132
2634,1.0453852243082644,0.7681213302025042,1.7619913179124622,2.293897133995665,0.5740640569004692,6.392620429689282,-83.60737957031071,83.60737957031071
2635,0.9978425722559162,0.7768366747714919,1.3727505835912277,1.7671032125189314,0.7853348763005455,-42.425989281849375,47.57401071815062,47.574010718150625
2636,1.4906670352488116,1.015303513604695,2.4940804036404773,2.4564875135569944,0.5786116992663319,-84.67754896832002,5.322451031679975,5.322451031679975
2637,1.021890421280174,0.7961720262639489,1.404764460464599,1.7643981628649787,0.807336735967726,85.49574812898743,-4.5042518710125705,4.5042518710125705
2638,1.3314704444981866,1.3010728001530307,1.437407638158292,1.1047864792725095,0.8062867884762163,-15.049577916429213,74.95042208357079,74.95042208357079
2639,1.021890421280174,0.9308474707374988,1.2072483853958278,1.2969347002031817,0.930866859132063,43.13547305748844,-46.86452694251156,46.86452694251156
2640,3.0656712638405224,2.6006233446903533,3.791739390557536,1.458011748721345,0.5580815757615416,77.88218494702132,-12.117815052978685,12.117815052978685
2641,1.3894843667311525,1.0726686745306393,1.9006905803378085,1.7719269942971732,0.7973383423713392,68.93798774282484,-21.062012257175155,21.062012257175155
2642,1.3084726790995154,1.0423211175164846,1.7937025220657556,1.720873243304876,0.6987298198555951,7.269128957882047,-82.73087104211795,82.73087104211795
2643,4.603125527855515,3.949646771157032,6.663847430053886,1.6872008602687631,0.4623950557324158,16.883124916749303,-73.1168750832507,73.1168750832507
2644,8.260821926872966,6.648895558906196,14.306768768908809,2.151751165611993,0.1618528389575445,-6.065364166936165,83.93463583306384,83.93463583306384
2645,3.6112474098679086,3.1108475503947446,4.391145288212646,1.4115591384911936,0.6721627560000456,69.33724721116823,-20.662752788831767,20.662752788831767
2646,1.8173540983129992,1.3330726301630258,2.9536734312419224,2.215688301154835,0.5848374167724636,55.573538439906976,-34.426461560093024,34.426461560093024
2647,5.81941541091017,7.570419375485565,9.418302370990151,1.2440925533780038,0.222509575118606,-61.85408572394865,28.145914276051343,28.14591427605135
2648,1.6006498207486113,1.344032434854502,1.961942192845738,1.4597431892022217,0.874525707597884,-13.618328766875235,76.38167123312476,76.38167123312476
2649,1.021890421280174,0.8609897686905406,1.2533899371930275,1.4557547403835929,0.9245608910240992,31.60724542733692,-58.39275457266308,58.39275457266308
2650,4.501769671733063,4.097552384129036,6.557514423599216,1.6003491374505177,0.4164384539011022,46.368078475795606,-43.631921524204394,43.631921524204394
2651,2.3009031958488952,2.257241951967558,2.4453699005388647,1.0833441662766023,0.7725337243996419,31.884235818453465,-58.11576418154654,58.11576418154654
2652,0.9153341128725788,0.7631749994057897,1.5746216576325227,2.0632511008071908,0.5507006990848555,62.07458355145437,-27.925416448545633,27.925416448545633
2653,0.928505064734256,0.8844031191593275,1.085338401558494,1.2271987491294314,0.8411743747152204,-54.38652742401012,35.613472575989874,35.61347257598988
2654,2.983369805846133,2.826240786083125,3.191470200027793,1.1292279892580694,0.8725033127387873,48.54810475715821,-41.45189524284179,41.45189524284179
2655,1.8405906194279933,1.7316630355337903,2.045292928309516,1.181114851065148,0.7423087336166735,80.28958092571193,-9.710419074288069,9.710419074288069
2656,6.813295916004073,6.260394611105465,9.508086330611514,1.5187678926412866,0.2195618386501735,47.62559117651156,-42.37440882348844,42.37440882348844
2657,0.8746320295080829,0.7478580254821227,1.2786900876481684,1.7098032568732997,0.5718749914637522,-86.26275598623842,3.7372440137615968,3.7372440137615826
2658,1.376313601551939,1.2623990184697855,1.6618815158540703,1.3164470912441906,0.6558020433375733,-69.61249486292172,20.38750513707828,20.38750513707828
2659,5.676825726049349,4.576909799799505,7.362028877339448,1.6085151771315105,0.5143930043721491,-88.94083714154705,1.0591628584529644,1.0591628584529502
2660,1.0159318257539256,0.8010625650882375,1.4019012505923394,1.7500521328666996,0.7445221826229839,60.88059138138456,-29.119408618615438,29.119408618615438
2661,5.25819415390984,3.019703916782103,9.721450898591192,3.2193391029378446,0.4992074584022883,66.94374488622407,-23.056255113775933,23.056255113775933
2662,1.2171245375823248,1.261420389152253,2.5056591012886926,1.9863791031415303,0.2870363915491322,-88.52610775560169,1.4738922443983142,1.4738922443983142
2663,5.92487440324556,3.477541685531286,13.07611186518234,3.7601596321870177,0.2989772025088394,-79.84210216623518,10.157897833764821,10.157897833764821
2664,5.556844997633088,4.094599661640543,8.242739002212096,2.0130756809835613,0.5384976697129523,-14.724809489687663,75.27519051031234,75.27519051031234
2665,0.8746320295080829,0.4487426341867384,2.2653064579172617,5.048119535204635,0.4172483342915881,50.43591242788282,-39.56408757211718,39.56408757211718
2666,2.347918561217162,2.0159690602296245,3.0458622936088315,1.510867579119443,0.5194492835243306,57.15163357214893,-32.84836642785107,32.84836642785107
2667,2.2770315083343613,1.8207130220371828,2.928675494144031,1.6085321842028444,0.7231157776731931,58.23089800805896,-31.769101991941042,31.769101991941042
2668,2.164954408398548,1.9476485275967368,2.439885816809142,1.252734146966338,0.9233381914030788,38.08300004193067,-51.91699995806933,51.91699995806933
2669,1.039561305877423,0.823964633427205,1.4206330642632377,1.7241432540062371,0.7975644893614418,-38.84688510850003,51.15311489149997,51.15311489149997
2670,1.3718952479298128,1.3014472435327404,1.552002965686062,1.1925208443126711,0.7858272643751603,87.94754547774077,-2.052454522259225,2.052454522259225
2671,3.157378746458445,2.196176491166464,6.091526166799316,2.7736960992437814,0.4116733783370221,62.53991834947118,-27.46008165052882,27.46008165052882
2672,2.2121146184952187,1.785874925156269,2.8530377270222127,1.5975574139227942,0.7768312041819547,-21.032355446808698,68.9676445531913,68.9676445531913
2673,3.347772620427371,3.281493682172588,3.704142237245358,1.1287976135285276,0.6218445985985687,-30.59609377077921,59.403906229220794,59.403906229220794
2674,4.511200293381672,3.487386126172709,5.974062346314634,1.713048721929444,0.7199018139766487,39.039230375288085,-50.960769624711915,50.960769624711915
2675,3.968488176400913,4.162546480776232,4.870933672824875,1.1701812088634125,0.3226180088470865,-44.17333289327088,45.82666710672913,45.82666710672912
2676,2.9112722047376547,2.210284952952056,4.022438342902636,1.8198731966800337,0.6868749113409705,64.52457404440774,-25.475425955592257,25.475425955592257
2677,1.9086035621207809,1.96988940858151,2.295076193581149,1.165078701161098,0.5163420323165236,54.88712926109808,-35.11287073890192,35.11287073890192
2678,1.3938469657443524,1.2624729389789895,1.575804403284976,1.2481886578570072,0.9397503066352156,42.305647085575416,-47.694352914424584,47.694352914424584
2679,1.062665489594652,0.930341191424088,1.2664850792175033,1.3613124850237734,0.9236875334459536,-51.964670524105024,38.03532947589497,38.035329475894976
2680,4.290468357078531,3.8159126673911135,5.554456174754574,1.455603589206898,0.5682345455700786,-60.046350593460105,29.95364940653991,29.953649406539895
2681,1.5968523069270035,1.0122551977446597,2.874844523433719,2.840039280449213,0.4405013435716715,57.09616142724964,-32.90383857275036,32.90383857275036
2682,6.594126331525407,5.266131862783079,10.945122187021973,2.078398808122063,0.3512631119083523,-9.38569623236492,80.61430376763508,80.61430376763508
2683,0.9414917802541344,0.9029248280754032,1.1647731953532467,1.2900001851050844,0.7859506867302198,39.3176979986178,-50.6823020013822,50.6823020013822
2684,1.4409640896579887,1.1209147307720684,2.1206819497039,1.89192084953974,0.610295497510455,-47.908924831528026,42.091075168471974,42.091075168471974
2685,1.1504515979244476,1.1701819106023188,1.1879458767372049,1.0151805167845591,0.872848696084957,-6.016706291386176,83.98329370861383,83.98329370861383
2686,1.67479282872596,1.438129021332439,2.3809637502676315,1.6555981521474674,0.4761604928149052,-39.31065142526618,50.68934857473383,50.68934857473382
2687,8.280641761824127,9.322044533243,14.739677148819624,1.5811635630206446,0.2456458881789827,-3.5348404603544905,86.46515953964551,86.46515953964551
2688,0.9669420905017878,0.7365891964209367,1.3596550943873291,1.8458797671671672,0.8155455287224816,-5.379527020507474,84.62047297949252,84.62047297949252
2689,5.312184674017044,4.94155363709835,5.942087751885829,1.2024735919642848,0.7052979956479143,62.142896708157984,-27.857103291842016,27.857103291842016
2690,1.1183396299962336,0.9864390220783876,1.3864803205838514,1.4055408287301865,0.8183028556085578,87.68306341035375,-2.3169365896462466,2.3169365896462466
2691,2.9935277167677485,2.3751084989091003,4.610663153485516,1.9412431708291291,0.5189050181182436,-70.8319113920203,19.168088607979712,19.168088607979698
2692,1.780226888597607,1.7283537728480354,1.9668189287258568,1.1379724218641134,0.7833597704829544,70.29199648470882,-19.708003515291182,19.708003515291182
2693,0.9855986414141252,0.8302822592649127,1.3104822056260876,1.5783574694060285,0.7547607635320043,84.62662350113948,-5.373376498860523,5.373376498860523
2694,5.371286536215869,3.3445491800824607,11.003159342652785,3.289878171975781,0.3437595455015172,88.50219770109645,-1.4978022989035509,1.4978022989035509
2695,1.1183396299962336,1.1077540045270056,1.2750171064716556,1.1509930013893914,0.7261581298482096,-14.00109270058912,75.99890729941087,75.99890729941087
2696,1.2071068813224677,1.058950960476713,1.4865598650639489,1.4038042558597208,0.7813559644128455,-8.315563613354765,81.68443638664523,81.68443638664523
2697,1.398195952804615,1.2084688967327133,1.6895531994773536,1.3980940709730534,0.8950061850783786,19.024399275828465,-70.97560072417153,70.97560072417153
2698,2.108121538231362,1.261072310622816,4.784740709299324,3.794184258106695,0.3159473371794853,-35.026813184157646,54.973186815842354,54.973186815842354
2699,3.0537656993932494,2.054850758817109,7.118222082649117,3.464106603414244,0.2047799561777855,77.44099508154537,-12.559004918454633,12.559004918454633
2700,1.4783979621211876,1.2138522899367217,1.975416837266632,1.6273947445200363,0.7081231603554183,17.112121114997016,-72.88787888500298,72.88787888500298
2701,1.191922542518033,0.9036339009756416,1.6795912359351466,1.8587076404744376,0.737187117862705,40.66201961256768,-49.33798038743232,49.33798038743232
2702,1.2270604129519955,1.1954148526779411,1.2932998984685338,1.0818837456898855,1.0375247829493788,17.67116121426098,-72.32883878573902,72.32883878573902
2703,1.461879030667795,1.500743478424504,1.7386989367941723,1.1585583824222088,0.5024956648968922,-7.231739001561695,82.76826099843831,82.76826099843831
2704,0.9019708538191776,0.7337234045268647,1.2095485876952834,1.6485075714263886,0.9050758733265946,20.196471144868045,-69.80352885513196,69.80352885513196
2705,1.1183396299962336,0.9715037457660168,1.3326497014117695,1.3717391283561078,0.9337150453627509,-60.71999375943943,29.280006240560567,29.280006240560567
2706,2.3375524242271446,1.634541583086421,3.5514537135095914,2.172752134456906,0.5876993344206776,52.98985139179003,-37.01014860820997,37.01014860820997
2707,1.820691757871036,1.7306745393527556,3.448838630275644,1.9927713454231863,0.3358432110670203,-30.141500656564688,59.85849934343531,59.85849934343531
2708,2.2093683547194614,2.0183434042783555,2.465577718493948,1.2215848468935335,0.8382129523321857,-46.49731144313625,43.502688556863745,43.50268855686375
2709,4.289053061523916,3.669041650244625,5.452456378176178,1.486070995627059,0.5960010508554592,-7.059839306739725,82.94016069326028,82.94016069326028
2710,3.5502078458023925,2.553711112989438,5.339382343163261,2.090832559722406,0.5727276586360754,64.04963691184098,-25.950363088159023,25.950363088159023
2711,1.2850634067342854,1.0666786457611517,1.7599920746793742,1.6499740401416718,0.5845693398333136,-64.18827331728916,25.811726682710855,25.81172668271084
2712,1.3223193364400538,0.9914628463290832,1.902800774504444,1.9191851530792232,0.6891602372896298,-42.4197247000638,47.580275299936204,47.5802752999362
2713,10.072292513222733,6.83569552422945,24.3675671527515,3.5647531500458864,0.1440769790952275,-38.59997768721503,51.400022312784984,51.40002231278497
2714,1.1183396299962336,1.1096311921640718,1.279805707116112,1.15336132956046,0.7464928408815619,1.547083723862826,-88.45291627613717,88.45291627613717
2715,1.039561305877423,0.7758007588432968,1.5049152466371785,1.9398218285851851,0.739932391956676,45.142703953874026,-44.857296046125974,44.857296046125974
2716,1.0453852243082644,0.7458959554122302,1.7149593414722677,2.2991937803503317,0.6050083340188787,-8.350640882038988,81.64935911796101,81.64935911796101
2717,1.5815710720799827,1.1404375699294094,2.4519252053474405,2.149986347344914,0.6460552564602445,86.32130191953837,-3.678698080461629,3.678698080461629
2718,0.84641062903508,0.6623767298241974,1.1300982249179357,1.706126097180191,0.9936368001282434,71.04017525258156,-18.959824747418438,18.959824747418438
2719,4.646446928191748,2.656911249661483,8.394761657144775,3.159594306439235,0.4858222137990159,-57.9432562897665,32.05674371023349,32.0567437102335
2720,2.468919678580592,1.8660177997007104,4.105463826586489,2.2001203993043164,0.4388086853312084,-1.6796990936201244,88.32030090637987,88.32030090637987
2721,3.738460226037138,2.548040493355942,5.629146481882344,2.209206053263453,0.6480828137542632,82.82303667554308,-7.176963324456921,7.176963324456921
2722,1.2418151765086958,1.019507003331144,1.6526083824814544,1.620987768678107,0.6945863461348099,-83.17825542605561,6.821744573944386,6.821744573944386
2723,1.8797565083329089,1.3602641597335623,2.9064950506730245,2.1367136889369527,0.5514040931502271,59.519577627806015,-30.480422372193985,30.480422372193985
2724,1.1345092346885122,1.0133092510675417,1.3486977880644415,1.3309833958819202,0.8372458102845582,63.98383783625119,-26.01616216374881,26.01616216374881
2725,0.8746320295080829,0.8114042176451338,0.9711156438113498,1.1968333694761069,1.1033219494564488,-67.75167475683489,22.248325243165112,22.248325243165112
2726,1.0159318257539256,0.8553421072605393,1.3090458918897427,1.5304354605928503,0.836452371607253,27.45906735225895,-62.54093264774105,62.54093264774105
2727,2.274363632188791,1.800041122923859,3.074599125531607,1.708071602573971,0.7613826400946522,83.5667136727869,-6.4332863272130965,6.4332863272130965
2728,1.0453852243082644,0.9219215485309212,1.2368853826365194,1.3416384339941851,0.9185136971748382,-25.970690337407188,64.02930966259281,64.02930966259281
2729,2.201109004856956,1.3605873535938289,3.763757056276919,2.766273731955103,0.5369030625379649,61.146376692635634,-28.853623307364366,28.853623307364366
2730,1.526882849696625,1.1855005894548722,2.4191925917293333,2.040650686510201,0.5342367641204154,65.72786457887393,-24.272135421126066,24.272135421126066
2731,1.6381408467855358,1.6373395547250345,2.2940725515589286,1.4010976189628437,0.3543248296606408,-25.37175994344668,64.62824005655332,64.62824005655332
2732,1.8667925156594296,1.8080798984257411,2.1661189609643445,1.1980217040465635,0.6125779559447254,-58.76085012066736,31.239149879332643,31.239149879332643
2733,3.810839801836685,2.430930648977212,7.284085229942085,2.996418360600615,0.4198012148895994,-11.288995026200135,78.71100497379986,78.71100497379986
2734,1.5815710720799827,1.3370848554126935,1.9063626309157504,1.425760394486966,0.938950447880354,74.1673609610548,-15.832639038945203,15.832639038945203
2735,1.0278144733504384,0.7859592297877759,1.43285739842826,1.8230683528141265,0.8196789747438826,-52.49261190200868,37.50738809799131,37.50738809799132
2736,1.8073041368518064,1.7239874555717467,1.9642759053238248,1.139379465306137,0.8107000810956573,11.790708562435965,-78.20929143756403,78.20929143756403
2737,2.763633353375555,2.165369948828659,5.539570009483945,2.558255697822229,0.3465658981040561,-68.66864589494135,21.331354105058665,21.33135410505865
2738,1.0278144733504384,1.1016031388500476,1.1642494839348685,1.0568683429408312,0.7141644295601886,-80.38109024112828,9.618909758871723,9.618909758871723
2739,3.305798341100134,2.061435985472221,5.420093288430207,2.629280427152631,0.6052494541937337,-21.09049657406168,68.90950342593831,68.90950342593831
2740,3.5382167597146434,2.8413371840419464,4.5044823692980325,1.585338901203615,0.6919187401420597,1.3420591142663694,-88.65794088573364,88.65794088573364
2741,2.2529068918238173,1.9834640741442089,2.6524494759781017,1.3372813304534064,0.7902840604516549,44.42139252987073,-45.57860747012927,45.57860747012927
2742,3.0696295240609217,2.522826622062225,4.487899032399686,1.7789169470279167,0.3470101577402109,-41.26283425798412,48.73716574201589,48.73716574201588
2743,2.4292557384703275,2.0105815486690912,3.741866866875138,1.86108684293461,0.4873452437629429,-87.19494989503188,2.8050501049681316,2.8050501049681174
2744,3.757897758581951,2.286639572358843,6.853327724905285,2.9971176077546646,0.4848585846713658,-8.326381398244752,81.67361860175525,81.67361860175525
2745,1.4824989352200384,1.145005621699193,2.0068873540756256,1.7527314417001696,0.8136795281688013,-71.01892952868805,18.981070471311966,18.981070471311952
2746,5.662905355302845,5.356411464711542,6.630264242259503,1.2378183203325963,0.407463384581438,-78.37934945989541,11.620650540104577,11.620650540104592
2747,1.2803301921000927,0.9390315248095434,1.8380977870151065,1.9574399138387963,0.7455391537280082,-18.404054869307352,71.59594513069266,71.59594513069266
2748,1.7212740281460053,1.558179842440493,1.9738473579813127,1.2667647881324038,0.8550235702233294,-75.82718562009967,14.17281437990033,14.17281437990033
2749,7.525482905310104,5.658816608129388,10.720627065720166,1.894499823570717,0.5350136993341144,-38.78201974622002,51.217980253779984,51.21798025377998
2750,1.7283140331024651,1.3613463316967105,2.836185452891101,2.083368050330168,0.3965539333182715,-32.58262319158531,57.41737680841469,57.41737680841469
2751,2.110999521193558,1.5229018280355162,3.8427158775941104,2.5232853535615383,0.312044081756714,-41.58013676669354,48.419863233306444,48.41986323330646
2752,1.3495865213724043,0.9926379132806108,2.214708907252699,2.231134714503513,0.5621328834164281,31.816737499955973,-58.18326250004402,58.18326250004402
2753,0.8884066096615684,0.82607496926628,1.0082412592093983,1.220520287771119,0.9621955937221928,-82.90527981286269,7.0947201871373125,7.0947201871373125
2754,2.1955855105673847,1.6090934810084914,3.0317079845996853,1.8841092953155072,0.8499096473323412,-54.5880372996224,35.411962700377615,35.4119627003776
2755,7.75591612449555,3.2503136371905064,21.21278583018633,6.526381204406526,0.251165578279359,-49.48644394155088,40.513556058449126,40.51355605844912
2756,5.299597896736358,3.972392885093424,8.45271533692529,2.127864886840491,0.3323088167296917,-72.37625327037794,17.62374672962204,17.623746729622056
2757,1.3540776702961077,1.2916320180609988,2.0093835805408298,1.5556935353440071,0.4813348931589994,-37.392297626586895,52.607702373413105,52.607702373413105
2758,1.0453852243082644,0.9524433262729688,1.173768684739346,1.2323764074577028,1.0733845564248428,34.82022917452288,-55.17977082547712,55.17977082547712
2759,1.8073041368518064,1.3323271862874009,2.586530222442526,1.941362639045164,0.7100503394908875,-40.414229647342495,49.585770352657505,49.585770352657505
2760,1.7106596985948357,1.337679571892706,2.488882857794029,1.860597193894847,0.5790099824695965,-79.41856316075204,10.581436839247942,10.581436839247957
2761,3.866198332162877,3.285327012597419,5.156688110204627,1.5696118195940827,0.5016765951360607,-42.37196336834677,47.62803663165323,47.62803663165323
2762,4.785484863328373,3.944437355409473,6.033404118378177,1.529598159317667,0.7760458151389591,-51.62493603225519,38.37506396774481,38.37506396774481
2763,5.292719765484058,3.9904634690805887,8.334276025847851,2.088548383019801,0.4555036002107366,-34.690500279277224,55.30949972072278,55.309499720722776
2764,2.9608997373543837,2.1788211720758976,9.113097702478932,4.182581764521923,0.1192480996565114,-7.750023301371434,82.24997669862857,82.24997669862857
2765,2.079122611754846,1.4135947996710574,3.7222047734513417,2.633148321087129,0.4793686666469898,53.94751187685574,-36.05248812314426,36.05248812314426
2766,6.068639057046378,5.430950958547324,6.961729402710598,1.2818619530625863,0.7269526749515481,1.64759796899872,-88.35240203100128,88.35240203100128
2767,3.303961276028509,2.877006134833924,4.12463599892914,1.4336556147688702,0.6642544081013508,-78.68787215106717,11.312127848932846,11.312127848932832
2768,1.7836340245157871,1.2127843442800998,2.699055087631012,2.2255029101922914,0.7171381348949797,-2.1293299856716588,87.87067001432834,87.87067001432834
2769,1.2369164782162358,1.0733145699569433,1.5043208627366218,1.4015656778021457,0.8617772333688641,-83.8567255355073,6.14327446449272,6.1432744644927055
2770,1.0337045758596148,0.88896594964237,1.2289646197563109,1.3824653466769137,1.0646304298817255,38.35909259472808,-51.64090740527192,51.64090740527192
2771,1.5068704138297195,1.4261954013508726,1.6791394879463586,1.1773558422330497,0.7300960046974663,82.65146653972256,-7.348533460277437,7.348533460277437
2772,2.730481813530866,1.7866673688234005,4.78074013374575,2.675786336711393,0.4531587798522624,-63.23322555321919,26.7667744467808,26.766774446780808
2773,0.979419278671245,0.8699170506365496,1.152850586606201,1.3252419707863168,0.9465037353379264,-71.53567877818723,18.46432122181278,18.464321221812767
2774,1.7035467376469715,1.1481025487290817,2.5994622487017662,2.264137686637226,0.7164212578924567,20.538083861396228,-69.46191613860377,69.46191613860377
2775,2.373635851463476,2.1875612030488667,5.688925777628223,2.6005790236631574,0.2390649671031762,-89.8419845763579,0.15801542364209809,0.15801542364209809
2776,1.652899170550067,1.2900919456055215,2.2308347859049005,1.729206041091768,0.768577751976471,-29.653898893744326,60.346101106255674,60.346101106255674
2777,1.1504515979244476,0.9719016224799686,1.4801788233852526,1.5229718617079064,0.7784939770729681,-60.976531726837,29.02346827316299,29.023468273162997
2778,1.6381408467855358,1.1013949060335295,3.3219506869514976,3.0161304258387123,0.3574592023354559,-82.80685889457662,7.193141105423365,7.193141105423379
2779,2.481184630757016,1.86931043961432,3.4384541178613177,1.839423803020512,0.6866996724351814,9.939084623192224,-80.06091537680777,80.06091537680777
2780,1.1019327803667114,0.8680297553272116,1.5423153584238614,1.7768001027136124,0.7544193614717871,61.45025707938651,-28.54974292061349,28.54974292061349
2781,1.8405906194279933,1.129634538361286,3.460285296110911,3.063190065993028,0.5134356312734929,-88.918031216594,1.0819687834060119,1.0819687834059977
2782,1.470161697690137,1.0749131271906265,2.738188579498387,2.5473580238571167,0.4645940511808686,3.073228645079165,-86.92677135492083,86.92677135492083
2783,4.753661895216497,3.2368157825654444,7.9899846362567875,2.4684706121656586,0.3877633066850924,-44.78697146477906,45.21302853522093,45.21302853522094
2784,0.7869374084054097,0.6481886961430806,1.809992966045678,2.792385885183875,0.4123430394152033,19.078084464076134,-70.92191553592386,70.92191553592386
2785,2.285016447538367,2.792336401858728,4.77370736443658,1.7095745918217249,0.1561981121736077,-54.36386055676681,35.63613944323319,35.63613944323319
2786,6.800809173892121,6.591243676137376,7.184563519850121,1.0900163721545864,0.6731698105988657,46.2000237728354,-43.7999762271646,43.7999762271646
2787,0.9917395023300404,0.7983350820539805,1.2881402760031124,1.6135333457837608,0.9485497758623443,-27.079587986074134,62.92041201392587,62.92041201392587
2788,1.1237553499514827,0.7771907367154556,1.8509548533405524,2.3815966479001185,0.6187851198931781,40.57035351547476,-49.42964648452524,49.42964648452524
2789,12.748652707246844,9.319860018530749,21.851316994809856,2.344597123922754,0.1948722790125805,-52.892613588994266,37.107386411005734,37.107386411005734
2790,0.9219431092603804,0.9299422062775464,1.0461628787458852,1.1249762315161034,0.8002208070196895,14.804988627710156,-75.19501137228984,75.19501137228984
2791,7.120054904258126,5.479312486593348,12.138290202472865,2.2152943881504377,0.3633989999815499,-19.72207719230457,70.27792280769543,70.27792280769543
2792,2.4041334941401127,2.241311402519878,2.881974301971794,1.2858428769566008,0.5325504924855795,-78.80487682898925,11.19512317101075,11.19512317101075
2793,1.1609582232861997,1.166784793788428,1.1956585861421274,1.024746459250595,0.9951404107773912,60.97071483417459,-29.029285165825407,29.029285165825407
2794,3.6629942901315258,3.1254905191779487,5.081965916619607,1.6259738704810536,0.3929270133253034,21.207917828692192,-68.79208217130781,68.79208217130781
2795,1.968114877060028,1.812076538472417,2.255988056135666,1.244973933627256,0.6542326309853541,7.915197300123695,-82.0848026998763,82.0848026998763
2796,6.075638066440432,3.420073801632642,12.609176432332497,3.686814134336297,0.3973363944974989,-73.05712979619565,16.942870203804347,16.942870203804347
2797,1.2660243778180809,1.09995110743051,1.5332998268116154,1.393970892391217,0.8617655545020126,-42.77746198809674,47.222538011903254,47.22253801190326
2798,2.925833857167784,2.786810460694748,3.2883045273238065,1.1799526999421543,0.5762323553670422,-25.81131750181942,64.18868249818058,64.18868249818058
2799,4.645140094548071,3.7628168984064794,6.602833957163802,1.754758239753852,0.3473412471583935,14.344097247738938,-75.65590275226106,75.65590275226106
2800,1.4783979621211876,1.093859223201297,2.2740821784594347,2.078953242085474,0.5961799256074778,9.82362651163898,-80.17637348836102,80.17637348836102
2801,6.65644019396107,6.433695379103583,9.548541874951049,1.4841457843907837,0.3677572420662061,50.86354626406703,-39.13645373593297,39.13645373593297
2802,3.116736565636193,2.6486077329996647,3.867237792917741,1.460102130162523,0.7403791393589716,35.5199673757656,-54.4800326242344,54.4800326242344
2803,0.8246109854774907,0.713532489017687,1.0100198285760118,1.415520448082884,1.0174648643735125,-72.05770876999895,17.942291230001047,17.942291230001047
2804,1.3131044552792934,1.2682331855857711,1.459592119742423,1.1508862379029037,0.8121114747967727,-61.6785893068669,28.32141069313309,28.321410693133103
2805,2.2823579051052425,2.2615971495848664,2.370471570658962,1.0481405015451497,0.7926385073714479,56.49736711699135,-33.50263288300865,33.50263288300865
2806,0.973200680696656,0.8043623034529076,1.3004431485575332,1.61673805817986,0.8261370290955009,67.15014847611232,-22.84985152388768,22.84985152388768
2807,0.9917395023300404,0.8523622416022922,1.2976319409747663,1.522394913382654,0.8432575732128479,-20.822896050787843,69.17710394921215,69.17710394921215
2808,0.9917395023300404,0.9406058100300396,1.3391303353229034,1.4236892022601224,0.5844902879867993,4.756237525365358,-85.24376247463464,85.24376247463464
2809,1.546636359756236,1.299953972636542,2.328334816384525,1.791090196572299,0.4393989047200392,-78.62213207999835,11.377867920001648,11.377867920001648
2810,1.0099380753567209,0.877880719573693,1.2560307673088684,1.4307533350530908,0.7914141825113351,62.655136849484144,-27.344863150515856,27.344863150515856
2811,2.9813340704976232,2.224301588385272,5.963201666527519,2.680932162106891,0.1915742292136139,-82.30097903362893,7.699020966371052,7.699020966371066
2812,1.749264059016166,1.167312002088015,3.8735019568199087,3.3183090295407136,0.3342232394498831,-46.61037557341592,43.38962442658408,43.38962442658408
2813,1.5700125414998518,1.225758994060884,2.066909073808646,1.6862279484167362,0.7572705967636664,-9.187365129949704,80.81263487005029,80.81263487005029
2814,1.3177199508995825,1.180200216698072,1.5521623389414394,1.3151686611988866,0.9576108461134524,-35.55105940107873,54.44894059892127,54.44894059892127
2815,1.8039417076383557,1.392250207357857,2.628390169428509,1.88787198991806,0.619134888023091,-28.06866901895261,61.931330981047395,61.931330981047395
2816,4.447496805660115,4.266377233916855,5.555280654058086,1.3021072327816452,0.4779971088418293,40.06913919946984,-49.93086080053016,49.93086080053016
2817,4.782946817611088,3.36549991214215,7.417741266633457,2.2040533235111703,0.3656986881362324,44.55722009500568,-45.44277990499432,45.44277990499432
2818,4.531342677934863,2.965101043159592,7.822412430894126,2.638160493363361,0.5146581898171207,9.257695589028309,-80.74230441097168,80.74230441097168
2819,2.572487977782321,2.101987697750545,3.413016233045859,1.6237089478203506,0.5517996328014152,-66.40862575330063,23.591374246699388,23.591374246699374
2820,2.306174458647176,2.0866013729166597,2.6982542834244527,1.2931335704302842,0.6916030435082393,39.84654823769476,-50.15345176230524,50.15345176230524
2821,1.4282681233264556,1.6385712894322555,2.567800609270699,1.5670972790939168,0.2897684089980205,87.24168030901663,-2.7583196909833703,2.7583196909833703
2822,1.8537378623808147,1.8649483490084608,2.010933673349784,1.078278481234582,0.7509611140373462,-74.40536270390166,15.594637296098341,15.594637296098341
2823,3.821975654675725,2.7531640700373137,5.575222094175683,2.0250235555704177,0.6407398722302596,-16.369818493853536,73.63018150614647,73.63018150614647
2824,5.562305198417487,4.701259251605883,11.734981073242684,2.496135704329469,0.120200487088772,18.236937254036725,-71.76306274596328,71.76306274596328
2825,1.6381408467855358,1.569153026834082,2.07283371680198,1.320988891047881,0.5825222389707598,33.854341994646404,-56.145658005353596,56.145658005353596
2826,0.8535534614000618,0.7138380122900196,1.0825290184780203,1.516491136420749,0.9741271368284792,31.627283871620897,-58.3727161283791,58.3727161283791
2827,2.2582901895629326,1.8283183873917024,2.85506629896095,1.5615804767100858,0.8534166266203748,-37.15260648333662,52.847393516663374,52.84739351666338
2828,1.0569367929308613,0.9639893359904514,1.5864084574506987,1.6456701316314275,0.5608265842108645,12.52118311705244,-77.47881688294756,77.47881688294756
2829,11.73855843515944,10.028060502290844,21.18287872298406,2.112360482682067,0.1292539267181877,11.739728778825514,-78.26027122117449,78.26027122117449
2830,1.5308539431383232,1.3130529845558638,1.9662278238226167,1.4974474350611886,0.6681622018875231,-58.138550071501264,31.86144992849873,31.861449928498736
2831,2.105239620905539,1.9246754036313816,3.175967708219454,1.6501316025690338,0.3326794491513502,33.790608869717005,-56.209391130282995,56.209391130282995
2832,3.3368737115654143,3.0435754552627587,5.672046378197739,1.8636128663707003,0.2424545585817832,-32.06862571335855,57.93137428664144,57.93137428664145
2833,1.3894843667311525,1.3124431570944446,3.045808873613,2.3207167923035774,0.2688012281321582,81.57138872632622,-8.42861127367378,8.42861127367378
2834,5.52726670675111,5.232190136799216,6.857866387568573,1.310706646407132,0.5473632243618578,-40.756056147493005,49.24394385250699,49.243943852506995
2835,1.0908577979726677,0.8740998759537438,1.538871903764506,1.7605218191861876,0.7821546160915339,-88.43405636488866,1.5659436351113527,1.5659436351113385
2836,1.2897792515977275,1.6773624205235618,2.830038163311104,1.6871954019500168,0.222217148734691,-88.2895567037582,1.710443296241806,1.710443296241806
2837,1.0511768765181757,0.8837266431466875,1.2893940961983632,1.4590417819782084,0.9433406762725126,-49.6126380691423,40.38736193085771,40.3873619308577
2838,2.536839769864776,1.8846596843875256,4.0211795564420125,2.133636958307839,0.5205755047066917,0.0263410481715626,-89.97365895182844,89.97365895182844
2839,2.2093683547194614,1.8958782235332312,4.467283966981081,2.3563137713854214,0.2434802065684317,-0.1643886244197421,89.83561137558026,89.83561137558026
2840,2.034849492430161,1.74572611674289,2.494579224830816,1.4289636850281575,0.7452355871613873,14.374802583677862,-75.62519741632214,75.62519741632214
2841,0.9855986414141252,0.8838328157883062,1.1856030101535235,1.3414335708909644,0.8152944867435602,67.90758171752245,-22.092418282477553,22.092418282477553
2842,5.972841613912458,4.10760039996396,10.08188937192138,2.4544474608605644,0.4337385441813282,-40.78062415682238,49.21937584317763,49.21937584317762
2843,4.51926802017248,3.895962017268843,5.407527412861104,1.3879825801412462,0.7273953246240701,38.79279219690963,-51.20720780309037,51.20720780309037
2844,2.306174458647176,1.9765663103316875,2.942930887570584,1.4889107803707993,0.6286794742635698,83.08039584782576,-6.919604152174244,6.919604152174244
2845,7.405939295931202,4.396342730976264,14.139886789080396,3.21628400112028,0.3735660255630244,-78.23995733003241,11.76004266996759,11.76004266996759
2846,5.15911700639091,4.098913470207113,8.04949485611726,1.963811852732409,0.3868205068391399,-16.300244145795393,73.69975585420461,73.69975585420461
2847,0.9153341128725788,0.7425536050844596,1.325252300897455,1.784722734928636,0.7081842212957365,73.61233314293919,-16.387666857060808,16.387666857060808
2848,1.2944779165271465,0.9396230799211408,1.9311755022411357,2.0552661418270097,0.7454807225183012,-85.75326162068856,4.246738379311438,4.246738379311438
2849,4.152400884397278,3.403727127105722,5.42566712733404,1.59403704372378,0.6616126501594475,16.95953393856781,-73.0404660614322,73.0404660614322
2850,5.7974651353608815,3.889978831039643,11.477889439863889,2.950630308904865,0.2696948036539982,-8.479072454454142,81.52092754554586,81.52092754554586
2851,1.376313601551939,1.043164270889389,1.8704861463891047,1.7930887767027828,0.8729667508361244,48.95348294099094,-41.04651705900906,41.04651705900906
2852,3.013740827659439,2.706789971473889,3.4350135185301585,1.2690358523309218,0.8005814681475518,31.14321272654834,-58.85678727345166,58.85678727345166
2853,0.928505064734256,0.8250840889957869,1.1073443713123603,1.342098806753277,0.9507999515317191,-72.8665921592766,17.133407840723407,17.133407840723393
2854,4.1611643149351965,2.715608143634157,6.675904733705737,2.4583461164509988,0.5575267409091775,49.494975376320326,-40.505024623679674,40.505024623679674
2855,2.1138735858617226,1.3194271470870311,3.4919831501546006,2.646590346321156,0.6275347657154943,-65.17277030501234,24.827229694987665,24.827229694987665
2856,4.224874084628636,4.003900678584298,4.781377524527184,1.1941798531870145,0.6916391712639259,47.9832493192509,-42.0167506807491,42.0167506807491
2857,0.9978425722559162,0.9872929339567144,1.0307818833721167,1.0440486788871406,1.1421170300140076,69.6495386945835,-20.350461305416502,20.350461305416502
2858,0.9479184199131095,0.6962830446872208,1.4778429373254158,2.1224743997454105,0.712291202861623,50.4107184647874,-39.5892815352126,39.5892815352126
2859,1.8829835605082688,1.5126713552707312,3.5174714071344697,2.3253374864792944,0.3742522460086088,-5.890768883456836,84.10923111654316,84.10923111654316
2860,1.3223193364400538,1.4586145783581492,1.7313292759972785,1.1869683065598475,0.4616940910962504,7.179863587033735,-82.82013641296626,82.82013641296626
2861,1.7423087071804406,1.5471449581658956,3.697844186219488,2.3901084166044764,0.3064440760477194,-10.774711511311656,79.22528848868835,79.22528848868835
2862,4.645140094548071,3.312742565460056,6.724160752746005,2.0297866857674736,0.6743913970766122,13.160543105597927,-76.83945689440208,76.83945689440208
2863,1.6820273886595418,1.4314579908386451,2.0507932988199524,1.4326604845863893,0.7828151748554553,-77.47916614573019,12.520833854269824,12.52083385426981
2864,1.2020667470700563,1.1441915956463788,1.512793458643871,1.322150472350971,0.6287371531606676,-50.92484929800721,39.07515070199278,39.07515070199279
2865,0.8952144227026446,0.7304020494204206,1.435678426619539,1.9656002167008708,0.5765763389896884,-51.2067630198666,38.7932369801334,38.7932369801334
2866,3.5347832637485226,2.8852613614868137,4.524208361949024,1.568041087140071,0.6937669273778464,-15.10372362272012,74.89627637727988,74.89627637727988
2867,1.6307115983086335,1.4703770254230837,1.875004709201656,1.2751863479791148,0.8836425597302552,-22.13766987843629,67.8623301215637,67.8623301215637
2868,0.9669420905017878,0.9904946848291396,1.0619661418937072,1.072157335278277,0.860817723775652,0.7439337644138757,-89.25606623558612,89.25606623558612
2869,1.2221025728266244,1.1077518463568905,1.5167619434290691,1.3692253805916077,0.6655813172112388,-31.389085510901268,58.61091448909873,58.61091448909873
2870,2.119610024049903,1.8413312884461053,2.556818654693616,1.3885706883584803,0.7493018710855848,20.523289058868897,-69.4767109411311,69.4767109411311
2871,1.2897792515977275,1.0793031822046848,1.753553604923574,1.6247090102538222,0.6838418397262621,7.90925284621716,-82.09074715378284,82.09074715378284
2872,1.096409273000846,0.8793272893931803,1.5060427802259155,1.712721529733518,0.716642048130441,21.44875893545899,-68.55124106454102,68.55124106454102
2873,1.2319983017676563,1.047287309623247,1.700811932932701,1.6240165590706472,0.593056298711579,-18.70438157760053,71.29561842239947,71.29561842239947
2874,1.2369164782162358,0.743201198471976,2.7228108766472543,3.663625519234041,0.4826024858370643,-68.50763114196975,21.49236885803026,21.492368858030247
2875,2.295619829069859,2.241426928244683,2.438647403350669,1.0879888041946717,0.7997999846923427,4.696930818504589,-85.30306918149542,85.30306918149542
2876,4.422856744561881,3.711932027289633,5.706501362169608,1.537339940552835,0.5560945818921058,10.90796318597755,-79.09203681402245,79.09203681402245
2877,1.827348788334744,1.4109565234833503,2.4415314981850837,1.7304087387168126,0.7492451446243966,-3.037886605921876,86.96211339407813,86.96211339407813
2878,1.2418151765086958,1.1255285103050654,1.4226840522622382,1.2640142290812617,0.8964213424677526,-16.87679988273462,73.12320011726538,73.12320011726538
2879,5.174392867424157,4.022468199298712,7.005683265573586,1.7416379492558762,0.6279476878240392,-39.372600108023015,50.62739989197698,50.627399891976985
2880,6.665554863702283,5.366442403975321,9.173889315072662,1.7094918056470492,0.3300057036667826,66.46665327706685,-23.533346722933146,23.533346722933146
2881,4.123054927387453,3.4775161810303525,5.862153017862968,1.685729903958656,0.2803215983619496,72.47999574966022,-17.52000425033978,17.52000425033978
2882,0.928505064734256,0.6456570898502475,2.0333010739203425,3.149196540832445,0.409227355076189,-22.44490860662808,67.55509139337192,67.55509139337192
2883,2.5463947557410336,1.925560613384552,3.868869948657885,2.0092174308954025,0.5420335517122071,12.055366096068983,-77.94463390393102,77.94463390393102
2884,1.45354916781555,1.2784356289837948,1.7195000621889205,1.345003239275895,0.9134392947398464,21.75197948249655,-68.24802051750345,68.24802051750345
2885,4.3980786406652745,3.507412971304591,6.076464785043001,1.7324634523384468,0.5314301272238471,15.25811699329542,-74.74188300670458,74.74188300670458
2886,1.7630924485867383,1.5498152041863764,2.4528477568893066,1.5826711147649406,0.4184549860927317,26.6555180986592,-63.3444819013408,63.3444819013408
2887,6.332998563580674,5.20214837353549,8.781366505252178,1.68802692170892,0.3142494306823514,69.2298687232438,-20.770131276756203,20.770131276756203
2888,1.9956851445118324,1.4809767003513978,2.798744437434389,1.88979640042299,0.7461489950985992,-13.03766663930129,76.96233336069871,76.96233336069871
2889,3.913025210671793,2.7943116803312478,6.002996124752833,2.148291533477474,0.5285791858976495,76.07703186447358,-13.922968135526418,13.922968135526418
2890,1.4367445664276617,1.2798680337626238,1.6583997927416945,1.2957584289891535,0.9224340996407208,-54.73369398749749,35.266306012502525,35.26630601250251
2891,1.1345092346885122,1.260263222540238,1.2920292555356685,1.0252058716205346,0.6159618111842274,-88.09838886356513,1.901611136434866,1.901611136434866
2892,7.94996963012132,5.9481422393047785,11.31472530051876,1.90222843457779,0.4511240966172166,51.711100888166506,-38.288899111833494,38.288899111833494
2893,1.3131044552792934,1.202861468120574,1.468765762877932,1.2210597826970244,0.9867555183614038,66.81719388668273,-23.18280611331727,23.18280611331727
2894,2.451645665591017,2.282391290831299,2.7128401481895734,1.1885955572506128,0.7594827330188691,4.527471351805943,-85.47252864819406,85.47252864819406
2895,1.857010129468512,1.5305129325464415,2.3927022373859663,1.563333563869355,0.7416257748052671,-58.10360198735373,31.896398012646273,31.896398012646273
2896,5.420792527777688,4.499278751747915,7.933703543929342,1.7633278535692405,0.3955807308839071,47.22128792341651,-42.77871207658349,42.77871207658349
2897,1.2020667470700563,0.7404252965452016,2.040654686260549,2.756057492608873,0.6343176522800825,-6.243644611740445,83.75635538825955,83.75635538825955
2898,4.2032633337800345,3.7611831832546487,5.743281680113548,1.526988024854386,0.4935626096905012,47.0531448050645,-42.9468551949355,42.9468551949355
2899,4.8133150390020445,3.857084283786629,8.30573052538488,2.153370244020405,0.2573911216876298,65.39340583528364,-24.606594164716356,24.606594164716356
2900,1.3630155737347494,1.1524918419903776,1.6454047178635929,1.4276931583497758,0.9443317952840956,-82.40543113257803,7.59456886742197,7.59456886742197
2901,1.4409640896579887,1.1475005243374303,2.037718214157696,1.7757884819567116,0.6194059670805222,49.79349641962169,-40.20650358037831,40.20650358037831
2902,5.805836930531266,3.586178305095892,11.181556946272623,3.1179590067743823,0.3896886525608488,41.79348207724905,-48.20651792275095,48.20651792275095
2903,2.399077476989314,1.7929191310015675,4.373582187056104,2.4393638906696897,0.4081148870134352,59.592713544248525,-30.407286455751475,30.407286455751475
2904,0.9219431092603804,0.9481802870165436,1.0541696504719085,1.1117818677594122,0.6474365933933283,-5.087755421521605,84.9122445784784,84.9122445784784
2905,2.649226080790764,2.111570087003352,3.4729486205617235,1.6447233468297426,0.6904478237671208,4.41482161167925,-85.58517838832076,85.58517838832076
2906,1.2563966762852905,0.94785830746097,1.8334121734126836,1.9342681907001995,0.7088037210266951,46.63424640835093,-43.36575359164907,43.36575359164907
2907,1.671163804247637,1.4605887253415033,2.05943811901163,1.410005488389696,0.7646628345589243,43.28370916472297,-46.71629083527703,46.71629083527703
2908,1.9117819216282488,1.749441324617962,2.5493165456706333,1.457217518413969,0.5708152122311515,14.3164934092497,-75.6835065907503,75.6835065907503
2909,1.8504598087771928,2.22382003984319,3.677757278337053,1.6538016622048184,0.2243467162591163,14.43997878960278,-75.56002121039722,75.56002121039722
2910,1.2515550525870838,1.0410217423804349,1.5514990341432815,1.4903617964746565,0.9268084376493928,75.92735145802015,-14.072648541979845,14.072648541979845
2911,3.2744280687021456,2.669698137102088,4.2190954279250095,1.5803642251871843,0.6126458833976742,-78.53434892002024,11.46565107997975,11.465651079979764
2912,1.0569367929308613,1.047998080243479,1.3613158394616958,1.298967875156245,0.5614447043039477,35.895244683645714,-54.104755316354286,54.104755316354286
2913,2.2421015207009214,1.383701824610153,5.712260920342705,4.128245564720629,0.2334445173304355,-58.5772340518615,31.422765948138505,31.422765948138498
2914,2.721573203117076,2.4481281693392165,3.1925506126192778,1.304078214777861,0.6849237949545796,71.4331600948133,-18.566839905186697,18.566839905186697
2915,0.9219431092603804,0.8616934190325861,1.051901498049156,1.2207375324162442,0.9674908104146166,31.66047684864693,-58.33952315135307,58.33952315135307
2916,0.9669420905017878,0.8485116779854674,1.1408020426909524,1.3444741802486908,1.079003736708551,39.06402995043048,-50.93597004956952,50.93597004956952
2917,2.383845085036066,1.2092882590426333,5.283303783722375,4.368936640387999,0.383082288672942,-57.61946365328342,32.38053634671658,32.38053634671658
2918,2.327140112221938,1.8811098037601848,3.021080447260609,1.6060096232669223,0.763174095676269,11.381452861950477,-78.61854713804952,78.61854713804952
2919,3.9592983033723343,4.115476866130559,8.504620565243316,2.066496992179549,0.2117129643958812,-77.86754369968644,12.13245630031355,12.132456300313564
2920,2.802897673003818,2.130505857561427,3.7387152867822895,1.7548486306729123,0.7731277917945965,16.581311831919425,-73.41868816808058,73.41868816808058
2921,1.3450803768346336,1.0109836852693097,1.9301142217707168,1.9091447764130491,0.7604402709632246,46.89675619692952,-43.10324380307048,43.10324380307048
2922,2.8924423630139704,2.1447117059014293,3.964425308073999,1.8484653658416703,0.7284116702662422,1.5391849061687302,-88.46081509383127,88.46081509383127
2923,1.671163804247637,1.414161220554035,2.0379013132382355,1.441067173684648,0.8636364696952256,-4.565556466877867,85.43444353312213,85.43444353312213
2924,1.663882010113248,1.056627528256313,3.1941134727143536,3.022932289096615,0.39555232466032,41.39843437187039,-48.60156562812961,48.60156562812961
2925,4.1728202602180025,4.136265248577818,4.730528053846461,1.1436713483191074,0.4829049642015819,-40.70069157696489,49.299308423035114,49.29930842303511
2926,2.579558503195455,2.8857712313735937,3.1405802652897115,1.0882984178183908,0.3781218482649988,58.747303813434094,-31.252696186565906,31.252696186565906
2927,2.173351160309283,1.4744256545033458,3.391310338398331,2.3000890740338344,0.5869336630378019,-54.244735592285245,35.75526440771475,35.755264407714755
2928,5.305322861025026,4.836535244363757,6.142179231299364,1.2699544035075805,0.5872518040049841,-2.763982492282024,87.23601750771797,87.23601750771797
2929,6.060630292016913,4.763058339215929,8.292613833408797,1.7410271390406455,0.5218459853866891,83.94216802181828,-6.057831978181724,6.057831978181724
2930,1.45354916781555,1.2354964019704078,1.7648750116686749,1.428474424412728,0.7812357215137808,-74.50585276441271,15.494147235587292,15.494147235587292
2931,1.9557366732786756,1.7986075886308537,2.2551481968635443,1.253830024469218,0.7458258984738001,43.49621359010918,-46.50378640989082,46.50378640989082
2932,4.115685743789439,3.621184346743906,4.945125476912056,1.3656099782267672,0.6629878915996138,-2.582648446209118,87.41735155379088,87.41735155379088
2933,1.652899170550067,1.680362478700438,1.7533096000151265,1.0434115390216905,0.7206371006544842,-30.49948456402532,59.50051543597468,59.50051543597468
2934,1.4865885952249918,1.5176358162858723,1.5940727030282966,1.0503657635924073,0.7272190417720741,19.88658841926661,-70.11341158073338,70.11341158073338
2935,1.461879030667795,0.9237955297921054,3.213911876451756,3.4790294743849075,0.3984189950367222,-28.8143903733863,61.1856096266137,61.1856096266137
2936,1.4783979621211876,1.2940822960816003,1.9730962693875167,1.524706948979928,0.6531146639057297,-50.82987606175028,39.17012393824973,39.17012393824972
2937,3.7238154942130848,2.2750372145742714,7.249489165248758,3.186536518526954,0.368186003583948,41.87734996793091,-48.12265003206909,48.12265003206909
2938,2.4836303530173915,2.4324109434254453,3.2587632298384337,1.3397256078980129,0.5564650157390254,57.21887431376842,-32.78112568623158,32.78112568623158
2939,1.3223193364400538,1.2676251198255606,1.5894536220503308,1.2538830267650876,0.6736381849462422,-52.04792620478906,37.952073795210936,37.95207379521094
2940,1.0159318257539256,0.9091997216875132,1.2045593913881074,1.324856753313116,0.8352832441079119,-72.28613701020036,17.713862989799622,17.713862989799637
2941,2.178931018427761,2.108068270472128,2.303591200253942,1.0927498091596552,0.8703894140940135,30.27775401288621,-59.722245987113794,59.722245987113794
2942,0.9479184199131095,0.7160067246570233,1.6044811585359091,2.2408744265697744,0.5820674146231257,-41.432113013449175,48.56788698655083,48.567886986550825
2943,1.3630155737347494,1.105188497965846,1.7344136037774576,1.5693373636892995,0.8627935519016575,-15.911273698689152,74.08872630131084,74.08872630131084
2944,0.9606427264386592,0.8588077218047676,1.179175599837442,1.373037957040521,0.8049540283494624,-65.49024411260652,24.50975588739348,24.50975588739348
2945,2.391473408805544,1.8404682261852217,3.2571240723848343,1.7697257828438286,0.782225645094252,82.31604796773169,-7.683952032268309,7.683952032268309
2946,3.928510135483642,3.523451921587426,5.154097673944459,1.4627977871264313,0.3712609576677865,82.48577233133496,-7.514227668665043,7.514227668665043
2947,2.5748469768821303,2.116531479393875,5.404921884769022,2.5536695000240988,0.2722441928113092,78.59185364143376,-11.408146358566242,11.408146358566242
2948,2.3608122252162294,1.7168277721729397,3.873416658292959,2.25614748379244,0.3738182301891494,-65.40383248656441,24.596167513435603,24.59616751343559
2949,2.1367269374441915,1.7160169012107058,3.1616085515562395,1.8424110795911288,0.4959780724461288,69.03053059663394,-20.969469403366062,20.969469403366062
2950,1.6820273886595418,1.588641131020101,1.8552405706631103,1.1678160249268004,0.8797000068757106,72.2103229867884,-17.7896770132116,17.7896770132116
2951,1.2991595879263365,0.6308879095612414,3.21293040494267,5.092711963963838,0.3730522506172742,-61.23727457699889,28.762725423001115,28.762725423001108
2952,1.9619355372325755,1.424180744285725,2.8852745103754125,2.025918776076751,0.7412933107636953,-85.67736654076529,4.322633459234709,4.322633459234709
2953,1.3585539723246187,0.9234634336262256,2.366098808632664,2.562200865216228,0.5906950955633108,-84.94964174081042,5.050358259189579,5.050358259189579
2954,5.134344608284304,4.958497957809917,5.8837012403667766,1.1865894249486604,0.3767824880576747,-75.45434854508959,14.545651454910399,14.545651454910413
2955,1.652899170550067,1.5034569635506907,1.9546643027269688,1.3001132390984234,0.7891025877407893,-68.84439407604823,21.155605923951782,21.155605923951768
2956,1.4493662838402204,1.2609094547677473,1.867633300003512,1.4811795509515948,0.72726765062436,-63.83172704440168,26.168272955598326,26.16827295559832
2957,3.553626438646273,2.6485942013557517,5.6541257574987,2.1347648328326363,0.3692595272175641,61.20406480547669,-28.79593519452331,28.79593519452331
2958,1.096409273000846,0.9700445902077612,1.3756446770388933,1.4181251984965575,0.7616201067130992,-45.99590012505672,44.00409987494328,44.00409987494328
2959,1.3131044552792934,1.016568968701874,1.808813139007562,1.7793314518712475,0.7946235808892927,-53.06081964675657,36.939180353243444,36.93918035324343
2960,1.2020667470700563,1.090611848356358,1.4303618960393931,1.31152242495354,0.7923502675330526,64.0101940267937,-25.989805973206302,25.989805973206302
2961,5.403966436918664,6.97542446795796,7.843234766346378,1.1244096760526558,0.2447409264898639,-35.94567638780535,54.05432361219465,54.05432361219465
2962,0.9086770491564996,0.7547384787292089,1.2362751825111251,1.6380179590057526,0.760565584516069,-26.435683268775563,63.56431673122444,63.56431673122444
2963,1.9054199009183423,1.333558511435264,2.95428767406054,2.215341620729442,0.5233920748226893,-44.8896906264504,45.1103093735496,45.1103093735496
2964,1.4025314545362868,1.4152428255265717,1.9013569593938893,1.3434846127458362,0.4720099646665614,-31.43387825828138,58.56612174171862,58.56612174171862
2965,1.3894843667311525,0.9363310249326012,3.3164925606661964,3.54200861912583,0.3544056347128549,-56.31787158789506,33.68212841210493,33.68212841210494
2966,1.1816912584570125,0.8957229048411711,1.653964480047609,1.846513549121409,0.8082301263796827,76.07790513118114,-13.92209486881886,13.92209486881886
2967,1.1019327803667114,1.076248450631497,1.337596140207184,1.242832116898602,0.6630598303398643,23.019887001849888,-66.9801129981501,66.9801129981501
2968,6.81864037695086,5.248444921367902,10.357968111282243,1.9735308775199352,0.5048931308636955,12.675896029264946,-77.32410397073505,77.32410397073505
2969,1.2020667470700563,1.1037590630567684,1.3435537616530184,1.2172527561695925,1.0003816721878651,28.33207477454529,-61.66792522545471,61.66792522545471
2970,1.0740312192037882,0.8489361025675805,1.6392688441236365,1.930968466490846,0.5744993624141792,30.904238138857515,-59.095761861142485,59.095761861142485
2971,2.181715595945335,1.922723502576316,2.654496494012919,1.3805919002165823,0.6296657583540899,-61.91209137547194,28.08790862452807,28.087908624528062
2972,2.7724068146626104,2.366762250405245,3.7534822218488655,1.585914352489855,0.5659731179684312,-67.07075946062287,22.929240539377133,22.929240539377133
2973,1.176542252445381,1.036197530634297,1.4388750307002829,1.3886107505192482,0.7456450523787993,-35.50717621237972,54.49282378762028,54.49282378762028
2974,0.928505064734256,0.8558682197006683,1.0619458530939203,1.2407819669543585,1.0380052061344731,23.393792268651275,-66.60620773134872,66.60620773134872
2975,2.53923188710524,2.325888323198726,3.430238819707608,1.474808048819,0.5177606193126657,-88.71273317870426,1.2872668212957592,1.287266821295745
2976,1.0099380753567209,0.9083998908270808,1.1836389744130358,1.302993303241544,0.938122281946318,-43.096397856212334,46.90360214378768,46.903602143787666
2977,1.4577200491801383,1.3876652763878092,1.6545909304378592,1.1923559366887642,0.7976520795100094,-70.4928709195502,19.5071290804498,19.5071290804498
2978,2.967044814329345,1.7085115391855188,5.371384061775576,3.1438968590965564,0.5198800081679187,-38.93582781601039,51.064172183989626,51.06417218398961
2979,1.4367445664276617,1.257974531420898,1.7230371977377237,1.3696916389805855,0.675483112086389,-45.39322228352519,44.606777716474824,44.60677771647481
2980,1.039561305877423,1.0241247915832614,1.1378399138793107,1.111036392469564,0.852375658423763,-51.267812520540105,38.732187479459895,38.732187479459895
2981,5.390467748632748,3.374965368569001,9.0736265375218,2.6885095242826305,0.4103522312918932,18.710594384948923,-71.28940561505108,71.28940561505108
2982,4.20037349958914,3.239661540790843,5.691754028469767,1.756897736632184,0.5603054265501958,-48.50719771266943,41.49280228733056,41.49280228733057
2983,1.5815710720799827,1.3532995705782815,2.095679284202585,1.5485701242830336,0.6018770319816514,49.8912062501188,-40.1087937498812,40.1087937498812
2984,1.0740312192037882,0.7971562905443026,1.6238767955321678,2.037087099222884,0.5961388013428403,-20.68529740946349,69.31470259053651,69.31470259053651
2985,1.902230911401452,1.5110132093198174,2.467722949597538,1.6331577608830987,0.7892500738845077,-21.4112728181916,68.5887271818084,68.5887271818084
2986,1.3630155737347494,1.2091588683139496,1.721003406968486,1.4233062768404057,0.6775923788901462,-48.626660185445445,41.373339814554555,41.373339814554555
2987,5.908456292285063,4.959808151683741,8.095508145158568,1.6322220331063269,0.4781957018582155,89.86498000732287,-0.1350199926771296,0.1350199926771296
2988,0.9917395023300404,0.9458338340611916,1.5759073625296074,1.6661566818381046,0.4556526869685874,8.72629158084515,-81.27370841915484,81.27370841915484
2989,1.9956851445118324,1.1767505593179055,4.579634570922446,3.891763241291337,0.3163127208193284,-8.628277999095827,81.37172200090417,81.37172200090417
2990,4.739592099565548,4.000941472449311,6.161998355035809,1.5401370895994475,0.4764374472265341,21.119035780311027,-68.88096421968898,68.88096421968898
2991,1.1609582232861997,1.0882011899112165,1.2870856884630129,1.1827644560543285,0.9283686970209674,-44.6139656003726,45.38603439962739,45.3860343996274
2992,1.895836839826219,1.4682226595604757,2.631799716860446,1.7925072193398082,0.6515738695449828,-50.54645482660848,39.45354517339152,39.45354517339152
2993,1.1019327803667114,0.8893409677116962,1.4403814287896894,1.619605394425761,0.8570703026674679,12.155217737546332,-77.84478226245366,77.84478226245366
2994,4.520611241489158,3.1461427023891244,6.643306697157084,2.111571955115792,0.6967916646451159,-63.30419367939529,26.695806320604703,26.69580632060471
2995,1.4577200491801383,0.993967088621841,2.9731895851833645,2.991235443525361,0.4025700931951168,85.40172264204014,-4.598277357959859,4.598277357959859
2996,1.0740312192037882,0.9083534047839684,1.4383706482995071,1.5834923287831917,0.7626637120751832,-71.37953223461085,18.62046776538915,18.62046776538915
2997,0.8746320295080829,0.6046756133629435,1.6817019742067392,2.7811638786850392,0.5195675823369886,-41.28992654129644,48.71007345870356,48.71007345870356
2998,4.185894402729964,3.0351541794218067,5.843514398255728,1.9252776145193755,0.7354253417155661,37.88331083417138,-52.11668916582862,52.11668916582862
2999,1.0453852243082644,0.9575225391103508,1.412990873083691,1.4756737469558925,0.6017749388967093,-51.38720068449453,38.61279931550547,38.61279931550547
3000,1.7665326322454526,1.7588276492334447,2.0306014350384016,1.1545198507218175,0.6974691791064106,-66.65503407615124,23.344965923848747,23.34496592384876
3001,1.0159318257539256,0.7390461852013068,1.5442697050445244,2.089544247662797,0.6904220381280769,55.94470204786885,-34.05529795213115,34.05529795213115
3002,0.9153341128725788,0.8257820023757224,1.136407820060761,1.3761595878711184,0.8035532249898522,-85.64180755150169,4.358192448498301,4.358192448498315
3003,1.470161697690137,1.3450595151417155,1.815615274412968,1.3498401029650158,0.68831737011245,26.291725715270942,-63.70827428472906,63.70827428472906
3004,3.697637204830941,2.6713100834477546,6.869679409816142,2.5716518094933094,0.2981214713239038,-39.36257943674156,50.637420563258445,50.63742056325844
3005,1.2991595879263365,1.0002558336354697,1.802366913542472,1.801905925398803,0.750602602742543,-36.56198023224622,53.43801976775379,53.43801976775378
3006,5.050892540918427,4.157087744498634,6.32157396734163,1.520673691746683,0.6905086712875105,-63.73527227779992,26.264727722200064,26.264727722200078
3007,0.8884066096615684,0.8282901486655333,1.2215606136948172,1.47479795052843,0.6422974322503876,-0.4954289377090597,89.50457106229094,89.50457106229094
3008,2.515208339531214,1.6992700152529512,5.810223128774835,3.41924654505831,0.3875084321888188,11.049961856378264,-78.95003814362174,78.95003814362174
3009,2.5344453948434364,2.181105217681612,3.0333254112677186,1.390728602488956,0.8822589360840323,-0.1368730485346087,89.86312695146539,89.86312695146539
3010,2.274363632188791,1.9565403182740644,2.73689429441339,1.398843800381126,0.7493594866330192,-64.21950540264939,25.78049459735061,25.78049459735061
3011,1.2020667470700563,1.0891530006026595,1.432992773038564,1.3156946473504163,0.8269289203169511,40.4560987573502,-49.5439012426498,49.5439012426498
3012,3.4811310528933235,1.9384781514887024,6.5866722109368006,3.3978573376637766,0.5345487395891759,-78.17902852561211,11.820971474387875,11.820971474387889
3013,1.45354916781555,1.1739209654902238,2.0863970085916046,1.7772891616432926,0.5986030752376772,36.638895910664345,-53.361104089335655,53.361104089335655
3014,0.8246109854774907,0.7639746098866599,0.9776901648304784,1.2797416984518957,0.9032666550808356,-33.81278418585071,56.18721581414928,56.18721581414929
3015,4.52195406380943,4.548584778526055,5.817972511716932,1.2790731172437804,0.2640209951246547,67.81020659297901,-22.189793407020986,22.189793407020986
3016,4.069698984860323,2.9527752306839945,6.7413871163001655,2.2830681611815606,0.4340032668577014,-20.8736655594912,69.1263344405088,69.1263344405088
3017,1.0908577979726677,1.082395557355748,1.1371999668790935,1.05063251521212,0.9729104723854904,-65.30714086571416,24.69285913428584,24.69285913428584
3018,1.1609582232861997,0.9453063465634216,1.48045895808897,1.566115538598729,0.8944551631643981,-16.910524935215545,73.08947506478445,73.08947506478445
3019,1.021890421280174,0.8879546056593893,1.633138715526477,1.8392141953176973,0.4976215781199878,29.42931326884908,-60.57068673115092,60.57068673115092
3020,2.3245297467203696,3.093956804591559,3.726587314800736,1.2044729613775884,0.2209144155943917,16.325846783387153,-73.67415321661285,73.67415321661285
3021,2.116743748196358,2.1066484023870986,2.209095112232206,1.0486301889432628,0.6973522520641006,21.896661129331363,-68.10333887066864,68.10333887066864
3022,4.861010068762766,3.720793930503408,6.699922442953824,1.800670117209999,0.5823669518379075,-14.18620450411778,75.81379549588222,75.81379549588222
3023,1.5892300566907107,1.462648648359821,1.7706873701316552,1.2106033613180185,0.8840130682035555,54.10224392841192,-35.89775607158808,35.89775607158808
3024,4.080128397127278,2.989220962387464,5.94487433460713,1.9887704553828005,0.577446525806929,1.259343156192875,-88.74065684380713,88.74065684380713
3025,2.332352078688221,2.117539076734876,2.6473126444284416,1.2501836086588052,0.8170684513944021,6.698070267398014,-83.30192973260199,83.30192973260199
3026,1.0337045758596148,0.9472328922654436,1.2401858688244107,1.30927238586313,0.8272421364124092,-45.70477632981867,44.295223670181315,44.29522367018133
3027,0.9219431092603804,0.802490628626018,1.190807012125688,1.4838889946472331,0.8280550893647004,-22.92706220066785,67.07293779933215,67.07293779933215
3028,4.247804370184452,2.6633034487420244,7.0085937228409385,2.631541563974377,0.4919606731272225,-43.372937507234965,46.62706249276505,46.627062492765035
3029,3.844150585535962,1.9345828318104632,8.840793130019204,4.569870560541273,0.2957802546097873,38.19514387224019,-51.80485612775981,51.80485612775981
3030,1.415458284986553,1.258162528821683,1.668667486768805,1.3262733935746565,0.9223567639690288,24.06241709300137,-65.93758290699863,65.93758290699863
3031,1.5738748168108194,1.3648542989894592,2.166714057846652,1.587505757538289,0.5539098517766343,-50.353849731529145,39.64615026847085,39.646150268470855
3032,1.45354916781555,1.4285582727906845,1.550393191401708,1.0852852284233525,0.8252777765171047,-73.81636388899457,16.183636111005427,16.183636111005427
3033,0.9669420905017878,0.8264435367673508,1.2533515757903042,1.516560442462666,0.7490246485486711,20.12159246210992,-69.87840753789008,69.87840753789008
3034,6.091605605320448,6.954511173162675,9.528955558361783,1.3701833703472706,0.2182889781571575,57.8353104745195,-32.1646895254805,32.1646895254805
3035,1.2660243778180809,1.217844871283087,1.359771274615352,1.1165389834772104,0.9357454219848168,71.80823089479564,-18.191769105204358,18.191769105204358
3036,0.8884066096615684,0.8041111519686176,1.0749760836265505,1.3368501120707057,0.945507422963387,-75.83007213326954,14.169927866730461,14.169927866730461
3037,7.281099540441911,4.672663744878458,12.041065147441277,2.576916680691835,0.539528658280497,-27.14801018993403,62.85198981006597,62.85198981006597
3038,2.905009152223904,2.6637245332935566,3.334598511423131,1.2518556141013852,0.6046764321501686,82.52304234571614,-7.476957654283865,7.476957654283865
3039,2.164954408398548,1.743635321560941,2.8677173102884117,1.6446772297094596,0.6023303091013873,74.14814191719852,-15.851858082801485,15.851858082801485
3040,1.876523906614425,1.397067380538651,2.5859786913608107,1.8510049890104543,0.8167345786817036,-3.6635142198642874,86.33648578013572,86.33648578013572
3041,1.1661760393441107,0.9335614921948804,1.5851041503390868,1.697910811008684,0.7364564194285227,-80.34238967192732,9.657610328072678,9.657610328072678
3042,3.0557531813474745,2.5860920242694774,3.674334799166488,1.4208058973479176,0.7465612058270384,54.64379031291801,-35.35620968708199,35.35620968708199
3043,1.186817925731738,1.3018344060365867,1.7137170315556969,1.3163863419258368,0.4218417733221265,35.42686468593249,-54.57313531406751,54.57313531406751
3044,1.6006498207486113,1.332677021970151,1.9867179808983904,1.4907722937710326,0.8636067318126992,70.50510222525213,-19.49489777474787,19.49489777474787
3045,1.615750625177174,1.29065878140968,2.1440989051973025,1.6612438051639649,0.8136008134815454,76.78796571211005,-13.21203428788995,13.21203428788995
3046,0.9153341128725788,0.6341897043130611,2.0971046624450835,3.306746622001088,0.3109631026524136,-19.35775230569921,70.64224769430079,70.64224769430079
3047,0.9019708538191776,0.8170243032161548,1.0822890963695513,1.3246718513870417,0.887645667015578,29.03746417594037,-60.96253582405963,60.96253582405963
3048,2.4442051456532488,1.8357950986336156,3.796650805167148,2.068123402221196,0.4673918156330248,64.94567696425287,-25.05432303574713,25.05432303574713
3049,2.043780842560348,1.3814072163807298,3.130994361700032,2.2665252682718706,0.7080533096921615,17.22456811754349,-72.7754318824565,72.7754318824565
3050,1.6455365541233553,2.0468674323404046,2.53552708157436,1.2387353677688928,0.2593527203096336,-54.08355407113475,35.916445928865244,35.91644592886525
3051,1.6044383463340146,1.4876509339037214,1.882315280397885,1.2652936502103562,0.6389160490419307,-10.548629901112347,79.45137009888765,79.45137009888765
3052,1.0683634687220958,0.8518752121131167,1.424454404553752,1.6721397503988005,0.9064573499773432,7.287027281654339,-82.71297271834567,82.71297271834567
3053,1.9956851445118324,1.857090076758444,3.902869946616708,2.101605083922035,0.3080862201000707,1.6672959648579917,-88.33270403514202,88.33270403514202
3054,1.546636359756236,1.430393908695501,1.7347890812399531,1.2128051375876283,0.8814674854963981,-64.14451172471142,25.855488275288565,25.85548827528858
3055,4.889652107734839,4.718118696417736,7.799141517456835,1.653019353535634,0.2681143563478323,8.039718129911217,-81.96028187008878,81.96028187008878
3056,6.5571945018535205,5.568010654554788,10.75849498242098,1.9321972693461409,0.3857476074965199,-39.9671708427044,50.032829157295595,50.0328291572956
3057,2.1508869793231744,1.7708975701828389,2.785594392555544,1.5729844794286667,0.7696426610193786,-31.240312211193885,58.75968778880612,58.75968778880612
3058,0.8884066096615684,0.7022663718251982,1.2811702147077824,1.8243365567655,0.6884475242462507,11.768252948967517,-78.23174705103249,78.23174705103249
3059,2.31930020185808,2.20662809769631,2.55572181933072,1.1582023368590562,0.8292698507866147,1.80352489367678,-88.19647510632322,88.19647510632322
3060,13.998016534828276,10.27237726369558,26.914880505563666,2.620121887528963,0.2127051529306754,32.750481472721034,-57.249518527278966,57.249518527278966
3061,1.2755794143363215,1.088892410374927,1.60126777053158,1.470547278385596,0.8371612819911101,-69.48080761717343,20.51919238282659,20.519192382826574
3062,1.5968523069270035,1.2624705566235117,3.413601081430721,2.703905499832349,0.3178350121393706,-44.79936461871825,45.20063538128176,45.20063538128175
3063,1.8372891089324668,1.1812629149435276,3.1531866745267845,2.669335195947913,0.5559655747013208,-59.79216948106782,30.207830518932184,30.207830518932177
3064,0.8952144227026446,0.7719446043933418,1.118272821870097,1.448643873544435,0.823213700040393,28.57546566082203,-61.42453433917797,61.42453433917797
3065,1.039561305877423,0.848662990878673,1.3729948315990612,1.6178328103803783,0.834359016072852,-21.40766176907742,68.59233823092258,68.59233823092258
3066,1.9987250322517305,1.5419023014020583,2.760003664554837,1.78999905638973,0.670913372895317,13.906665591272052,-76.09333440872794,76.09333440872794
3067,2.424252116806765,2.032605466171884,4.375821035668099,2.152813769565089,0.3702334723429925,-66.35161543459064,23.648384565409344,23.64838456540936
3068,0.8884066096615684,0.8130681265448695,1.026247277947845,1.2621910076697755,1.0294640769178522,33.42010730692545,-56.57989269307455,56.57989269307455
3069,1.566140741422161,1.4364665112539052,1.8184590678366697,1.2659251389364583,0.7316959377208508,27.17043351529361,-62.82956648470639,62.82956648470639
3070,4.150938513904878,3.4024759411539263,6.036044223561517,1.7740152547601655,0.5602013306838446,33.716351051589115,-56.283648948410885,56.283648948410885
3071,0.8815462242933692,0.771380383836495,1.2151364400221152,1.5752752668904797,0.6697816215397554,-63.69306147531616,26.30693852468383,26.306938524683837
3072,1.6455365541233553,1.1796434118122885,3.143474380767144,2.664766614461753,0.4228132107564602,-57.26802842467055,32.73197157532945,32.73197157532945
3073,1.1609582232861997,0.9997614246628564,1.5302617773358689,1.5306269471758325,0.7749410512548454,-61.52831230682812,28.471687693171873,28.47168769317188
3074,1.2221025728266244,1.0418668667352982,1.542249293281542,1.4802748244736852,0.8011816333200676,55.52334383137404,-34.47665616862596,34.47665616862596
3075,1.542705892513396,1.1045474241572373,2.542359101915685,2.301720185401264,0.531796970240304,63.34495149420755,-26.65504850579245,26.65504850579245
3076,2.0674091517192297,1.649500439218852,2.761288425567276,1.674014968359105,0.7173591420783493,-18.156707396317124,71.84329260368287,71.84329260368287
3077,1.6006498207486113,1.5947525224045906,1.757684665964512,1.1021676663124194,0.7011072514761358,26.26938531587753,-63.73061468412247,63.73061468412247
3078,2.649226080790764,1.9156467783387747,5.838963017390537,3.04803739573222,0.2700898522682076,-76.02669197500005,13.973308024999938,13.973308024999952
3079,3.8473079992801993,3.445893815613771,4.722515894117401,1.370476325393167,0.6183933598793622,36.389251848410495,-53.610748151589505,53.610748151589505
3080,3.110887195640544,2.59828470222153,3.927488911329085,1.5115698860756437,0.7299030207855888,54.24739229164525,-35.75260770835475,35.75260770835475
3081,0.8884066096615684,0.8115083969802945,1.1595866470846696,1.428927478014534,0.7266643122781478,-69.02769062765819,20.97230937234181,20.97230937234181
3082,2.8544100563719703,2.0174891778562896,4.256456913156181,2.109779303836929,0.6173004140098106,43.44969565268953,-46.55030434731047,46.55030434731047
3083,5.092789511482067,3.786290421528912,10.33562159316362,2.7297487626398387,0.2534272063849846,0.4035619960562668,-89.59643800394373,89.59643800394373
3084,1.3630155737347494,1.1168470635568768,1.7530663876351296,1.5696566207122884,0.8505338280558504,-54.92173948717582,35.07826051282419,35.07826051282418
3085,2.783334751446548,1.7684016129683222,4.5223568674891945,2.5573132450938365,0.6261899215509504,23.93553280995322,-66.06446719004678,66.06446719004678
3086,2.8437552597393285,2.910241367276855,3.2980472734687063,1.1332555816683776,0.5369512138599571,-32.14904683445522,57.85095316554478,57.85095316554478
3087,1.615750625177174,1.5057732739155982,1.8167531217294537,1.2065250148883215,0.8289788538917007,-75.48220982148389,14.517790178516123,14.517790178516108
3088,4.721624450432459,3.799607983442704,7.108228179672165,1.870779356882924,0.4282216722631753,72.53907810354161,-17.460921896458387,17.460921896458387
3089,3.338692667116997,2.9014402138917648,4.060074487518472,1.3993307420498615,0.6641525697509186,-61.72315488380229,28.276845116197705,28.276845116197713
3090,1.9495180989563052,2.283196285552452,3.998837662277218,1.7514208864042724,0.1721736283127963,26.26484483406753,-63.73515516593247,63.73515516593247
3091,2.266341160516128,2.0236779087206203,2.8381759646346585,1.4024840378027197,0.6155013508855665,86.288566588308,-3.711433411691999,3.711433411691999
3092,3.877175189914725,3.5636216789553496,4.34475509297237,1.2191965041154438,0.8037137984951158,4.294375597470505,-85.7056244025295,85.7056244025295
3093,4.057746832809731,3.1484143436557366,7.329589074930045,2.3280255629947986,0.320821424511416,50.76133896117687,-39.23866103882313,39.23866103882313
3094,5.265117388184087,4.315836811648024,8.602206346836205,1.9931722913201184,0.2291224037891706,18.863563621526463,-71.13643637847353,71.13643637847353
3095,1.5583682828180965,1.247471118378318,2.0053727634898637,1.6075504546324078,0.8689246412869801,-54.15056788644655,35.84943211355346,35.84943211355345
3096,1.2369164782162358,0.9527796893998802,1.721847299749435,1.8071830444181287,0.7321810208416288,78.85147006665025,-11.14852993334975,11.14852993334975
3097,1.8602766405761075,1.3725967995911408,2.604703371702548,1.8976463973094049,0.7858350116654167,-57.27641430389314,32.72358569610685,32.72358569610686
3098,4.140687459413903,2.94000321155762,6.923402765733286,2.354896327499334,0.2641669334225442,17.411585869752066,-72.58841413024794,72.58841413024794
3099,1.7938166040551036,1.7938780002213142,2.7153410563218308,1.5136709720431567,0.3961668266852352,25.94630447743589,-64.05369552256411,64.05369552256411
3100,0.84641062903508,0.7672486034558331,1.0153491769410643,1.3233639948873668,0.8971742859577471,47.71855080624911,-42.28144919375089,42.28144919375089
3101,1.4068535956126136,1.2148639502118768,1.7392209068430722,1.4316178420964305,0.8388753762971352,-30.18283916481233,59.81716083518768,59.81716083518767
3102,4.964815586169162,4.292499756466111,6.36420639847893,1.4826340732791083,0.4517744253813488,75.92255789922443,-14.07744210077557,14.07744210077557
3103,4.178636040406452,3.688882424800573,4.9993468105726535,1.355246992140967,0.6191700797401763,86.44817588021037,-3.5518241197896288,3.5518241197896288
3104,1.3851080271465486,0.7902879116614019,3.7069468222803126,4.690628273039498,0.2750731286335496,7.3822582482681725,-82.61774175173183,82.61774175173183
3105,4.948892860413344,3.7401800140027976,6.744203844575572,1.8031762694111135,0.6716246656445622,83.6954963985442,-6.3045036014558065,6.3045036014558065
3106,1.1504515979244476,0.9398818859943896,1.6604689959538246,1.7666783674600324,0.6625300120457867,28.522029880118108,-61.47797011988189,61.47797011988189
3107,2.2121146184952187,1.7822238157949035,4.231790611768203,2.374443980752636,0.3187598875644364,34.198299515081075,-55.801700484918925,55.801700484918925
3108,3.421319397189672,2.63585522166624,5.149800987398257,1.953749562975937,0.4837810584628382,79.74060158781438,-10.259398412185618,10.259398412185618
3109,1.5777276373049178,1.5002818481247422,1.80556148612822,1.2034815247448725,0.7101066465832153,8.485028994162006,-81.51497100583799,81.51497100583799
3110,1.085277926096956,0.4267073309725928,3.1717571038533503,7.433097286198419,0.3397253490354932,89.31692343749856,-0.6830765625014408,0.6830765625014408
3111,1.6044383463340146,1.367419578294443,2.067894538882844,1.512260444202569,0.7424677249696143,82.63045276139579,-7.369547238604213,7.369547238604213
3112,6.515395966596123,4.263281171640043,11.442004982991255,2.6838494864249425,0.3535138011529012,85.65115530139792,-4.348844698602079,4.348844698602079
3113,3.974602953796985,3.623726315885482,4.54964028847186,1.2555143219639435,0.7908868720888208,-73.9267937905105,16.073206209489513,16.0732062094895
3114,1.800572999362347,1.82419964357006,3.029282444436584,1.660609054011276,0.3148662407795554,-76.23989002197978,13.760109978020239,13.760109978020225
3115,2.4933892525089543,2.0709604655924854,3.876504720235673,1.871839074014692,0.4687042139980509,-82.5993582745938,7.400641725406217,7.400641725406203
3116,1.2850634067342854,1.1940987006559154,1.5455016387749982,1.2942829917879135,0.7185567464693345,54.86195425135386,-35.13804574864614,35.13804574864614
3117,2.255600146690836,1.8090262579884429,3.059137955972754,1.6910412120686298,0.6126175904454312,60.16812572437826,-29.831874275621743,29.831874275621743
3118,4.676403308373356,2.667593421747883,8.406265894351277,3.1512545449460783,0.5589551615571093,21.226693524055342,-68.77330647594465,68.77330647594465
3119,5.007432810635065,4.1194122311367085,6.655897072343294,1.615739503328772,0.6087531842726717,4.04276099038604,-85.95723900961396,85.95723900961396
3120,1.0099380753567209,0.7809163881033196,1.4606680274400818,1.8704538023433404,0.7061517686031992,-2.481629931466032,87.51837006853397,87.51837006853397
3121,1.176542252445381,0.9058356042423172,2.1848891600222737,2.412015104937077,0.4085694750945637,-61.07129027077167,28.92870972922833,28.92870972922833
3122,7.981219331615595,5.249811190544844,12.415185535295786,2.3648822947492123,0.5496967059167294,-22.04662784278156,67.95337215721844,67.95337215721844
3123,0.9153341128725788,0.7560569729451518,1.1543906100052712,1.526856640853991,0.9536695131229792,70.67160327977328,-19.32839672022672,19.32839672022672
3124,0.9414917802541344,0.6775793830753847,1.540315463764203,2.2732620003475428,0.6608714043714363,22.52606943304131,-67.47393056695869,67.47393056695869
3125,1.0278144733504384,1.02922188126297,1.1881128398362557,1.1543796935004034,0.8506023310450211,-34.529733162267874,55.470266837732126,55.470266837732126
3126,1.8405906194279933,2.0668731485914846,2.6706167701888512,1.2921048260793366,0.2781300666227645,-22.607955737130425,67.39204426286958,67.39204426286958
3127,1.0039085404212729,0.930125403047734,1.1520344714769042,1.2385797309718052,0.8983947593948982,34.57313764816852,-55.42686235183148,55.42686235183148
3128,0.9414917802541344,0.919763909746291,1.0465541055209828,1.137850805441655,0.8732686359729777,9.979184677554832,-80.02081532244517,80.02081532244517
3129,1.2121260584033826,0.9387553805039616,1.6710716181439589,1.780092719412016,0.7392361464142765,13.829445554923902,-76.17055444507609,76.17055444507609
3130,2.4292557384703275,1.9004961392179984,3.6105155350954017,1.899775253729812,0.4644256633280225,61.5329085177757,-28.467091482224298,28.467091482224298
3131,5.014702254787555,2.6740022592282915,10.049347456860552,3.758167152693716,0.4205135404612842,26.04246980778451,-63.957530192215486,63.957530192215486
3132,0.9414917802541344,0.7974636704139781,1.286921783881063,1.6137685409706477,0.7772810888583817,-67.33626056984794,22.663739430152077,22.663739430152063
3133,1.522901401330112,1.3201259903436795,2.222652360407675,1.6836668444267453,0.5468210757013047,-16.93286071329288,73.06713928670712,73.06713928670712
3134,1.937021059271256,1.3890638901206436,2.8833627753321345,2.075759650682236,0.681091430460365,-4.950710388568536,85.04928961143146,85.04928961143146
3135,0.9414917802541344,0.7635195866836132,1.2538625075843166,1.6422139385192898,0.8548658473821128,-32.80876804066843,57.19123195933156,57.19123195933157
3136,1.3718952479298128,1.1667951968673569,1.7170154478366,1.4715654062053816,0.7318588737396405,-19.338965720927256,70.66103427907274,70.66103427907274
3137,1.6892309650399413,1.434312390764094,2.0305250194941835,1.4156783644687558,0.8768850176155645,31.87543431253808,-58.124565687461924,58.124565687461924
3138,1.514907113035081,1.3039642367083577,1.805578079257266,1.3846837424124063,0.8903924492597627,-52.73537108415758,37.26462891584242,37.26462891584242
3139,4.964815586169162,4.6208755869511,7.0810650562534745,1.5324076407185054,0.3935031065334609,-83.33036756620282,6.669632433797176,6.669632433797176
3140,0.9669420905017878,0.6966471086188593,1.5813162606920814,2.2698956776367405,0.6824618084648095,45.94845771655048,-44.05154228344952,44.05154228344952
3141,9.430381680144082,10.610924898537242,17.305163488041185,1.6308817236494408,0.1615847209111022,21.812226793325408,-68.18777320667459,68.18777320667459
3142,1.8537378623808147,1.7339600263374568,2.250247361398347,1.2977504251648837,0.6664320255202261,-8.543643079072973,81.45635692092702,81.45635692092702
3143,1.7247976224747188,1.115800499852505,2.727471387689986,2.4444077485630484,0.7295535483008948,26.776390707192,-63.223609292808,63.223609292808
3144,4.5393746062668905,2.792279162588743,8.818916276907492,3.158321845130774,0.4144531109890387,-52.68652334006069,37.31347665993931,37.31347665993931
3145,3.923871074465151,2.7900513150281943,5.945540877506979,2.1309790416693097,0.6258341936377695,78.44405142051717,-11.55594857948283,11.55594857948283
3146,0.9543017810603904,0.7512891795439817,1.3517822784193996,1.7992835717930955,0.8161561477224554,-85.90501227984346,4.094987720156553,4.094987720156539
3147,1.6307115983086335,0.9232323142031672,3.844835856263988,4.164537784384668,0.3131204453881923,-35.31051126952437,54.68948873047563,54.68948873047563
3148,2.0288734164048656,1.2374767273903722,4.102505024937705,3.3152179221900924,0.4706339667950429,49.33941634708774,-40.66058365291226,40.66058365291226
3149,1.3495865213724043,1.1905050547031943,1.6647231389100925,1.3983335327586035,0.73437742376343,-4.196767436882573,85.80323256311743,85.80323256311743
3150,4.247804370184452,3.261867151918943,7.274632443449598,2.2302050036495085,0.4006708624779471,-9.615581231751142,80.38441876824886,80.38441876824886
3151,0.9543017810603904,0.8189422762421298,1.255522219573625,1.533102217331879,0.8129950752686914,-15.016547360858969,74.98345263914103,74.98345263914103
3152,4.560723928546011,2.820579754883078,7.774097307068254,2.7562054551407336,0.5359979443383963,28.54276428568669,-61.45723571431331,61.45723571431331
3153,1.0569367929308613,0.8918640892701739,1.3559854777791185,1.5203947485863485,0.7561743859131553,0.4495126258751724,-89.55048737412483,89.55048737412483
3154,0.8392070033186643,0.7265683769999395,1.5186205247660698,2.090127471603676,0.4945402378210823,73.96857221595768,-16.03142778404232,16.03142778404232
3155,0.973200680696656,0.7317706365584353,1.3434171241575104,1.8358445352162367,0.8630160869363469,-86.2807085151935,3.71929148480649,3.7192914848065044
3156,2.5463947557410336,1.6392728114594763,4.378205941429929,2.6708220320764835,0.4880187708164279,24.72707303696016,-65.27292696303984,65.27292696303984
3157,2.2285211321652416,1.978553318804524,2.68896525359045,1.359056249853893,0.772017898267945,44.44331320488392,-45.55668679511608,45.55668679511608
3158,9.55382710898723,6.508414688748839,16.496504507930673,2.5346425046406997,0.3708513394003642,83.93964360160103,-6.060356398398966,6.060356398398966
3159,2.419238146357888,1.5232568428141051,4.114544840940738,2.7011497505170685,0.5262830374640698,34.98394919998123,-55.01605080001877,55.01605080001877
3160,0.8392070033186643,0.7315954038308903,1.3829679253204892,1.890345289320824,0.5073569372892915,6.660018881639934,-83.33998111836007,83.33998111836007
3161,2.586609701323604,2.0732644625910805,4.231024333602473,2.040754766188735,0.4119170050679667,81.4647268841874,-8.5352731158126,8.5352731158126
3162,0.9855986414141252,0.7488582724481953,1.402731696986247,1.8731604478379924,0.6789021000758892,-32.7789869146359,57.22101308536409,57.2210130853641
3163,7.632823579802772,7.558561677335443,8.319529170247211,1.1006762298697053,0.4986270043592453,-56.07854189651866,33.92145810348134,33.92145810348134
3164,1.1970053909181526,0.8789557640128134,1.7159162236299377,1.9522213675419084,0.8177477583914867,-11.636763306552078,78.36323669344792,78.36323669344792
3165,6.607003700275888,6.465921413514127,7.17025194061874,1.1089296454535504,0.6670227284858857,8.623027501961278,-81.37697249803873,81.37697249803873
3166,4.884682947805096,3.875396969180095,8.099175711742252,2.089895764524936,0.2315593933023173,3.816806103374755,-86.18319389662524,86.18319389662524
3167,1.191922542518033,1.0475718790279325,1.4417769793713306,1.3763036295983724,0.8819357875156048,15.964748680617395,-74.03525131938261,74.03525131938261
3168,1.3450803768346336,1.30977599621121,1.4210304871152537,1.0849416169069137,0.9159451836307552,58.15325997151648,-31.846740028483516,31.846740028483516
3169,1.171370613113025,1.1190629772551255,1.4319653022196144,1.2796110061043982,0.6776908181763548,5.327268455483519,-84.67273154451648,84.67273154451648
3170,4.540711879710621,3.9360612163539135,8.172888337266635,2.076412913322881,0.2667433074336742,48.849236499456126,-41.150763500543874,41.150763500543874
3171,1.1128975557056655,1.07727235666769,1.1882666602629317,1.103032722327136,0.9417206464452212,-80.02157985216797,9.978420147832026,9.978420147832026
3172,4.555395978212464,3.9844308926778456,5.358411881100947,1.3448374499224105,0.6911941365585762,-49.01594321796824,40.98405678203176,40.98405678203176
3173,1.1970053909181526,1.114938466764498,1.3895678735131305,1.2463179941630274,0.762870946390972,-47.37939493086112,42.62060506913889,42.62060506913888
3174,0.7554470535053759,0.9772064559185204,1.8963989331457016,1.940632833174634,0.2752655542946463,49.22567127039864,-40.77432872960136,40.77432872960136
3175,4.847251875531523,5.427296290623088,7.55743229825851,1.3924856675534234,0.1146004689134058,-29.50681899711767,60.493181002882324,60.49318100288233
3176,4.485556763105557,3.694573101358957,6.163848240881951,1.6683519507611673,0.5639290575616165,10.942644197263329,-79.05735580273667,79.05735580273667
3177,1.3894843667311525,1.5169798104970635,2.593458311800992,1.7096195307643565,0.2527926168644528,5.05148212746467,-84.94851787253533,84.94851787253533
3178,3.0418135372905324,2.462180671011651,3.86530579248686,1.569870902649357,0.6647045366070152,35.895600289723475,-54.104399710276525,54.104399710276525
3179,2.783334751446548,2.294826907541318,3.484113537420213,1.518246768839354,0.730337320497322,1.4689871784633697,-88.53101282153663,88.53101282153663
3180,1.502835947650602,1.1502675123679058,3.0872284722208785,2.6839221650845406,0.3660699048509507,-39.785460735356445,50.21453926464355,50.214539264643555
3181,3.572370222865336,2.05272784837852,6.332024904680714,3.0846879724862086,0.5646383973672058,-23.75081300853829,66.24918699146171,66.24918699146171
3182,6.330121889090404,5.1128824444674255,8.482540370276432,1.659052493854081,0.6171063076634322,-41.19977455928965,48.800225440710335,48.80022544071035
3183,0.9350209696908578,0.7597406032224899,1.3223285286775857,1.7405000115418894,0.7793303936919598,80.85560039339256,-9.144399606607436,9.144399606607436
3184,2.5959815063053218,2.603556184522983,2.89148142168422,1.1105892159627009,0.5468023253362871,-19.06773855349971,70.93226144650029,70.93226144650029
3185,1.9956851445118324,1.7736194114568196,2.3365535387252163,1.317392854200898,0.8101011705299158,78.97696242225614,-11.023037577743864,11.023037577743864
3186,1.0278144733504384,0.8727039582696524,1.3529884179420808,1.5503406454403037,0.771093212161538,-65.05510836620556,24.94489163379444,24.94489163379444
3187,1.171370613113025,0.7607841783440134,3.235739710055499,4.25316377779922,0.3235119453101959,-3.700018417877,86.299981582123,86.299981582123
3188,3.6263467680294834,2.822695642707839,5.264891020098707,1.8651996837491296,0.6373665573819705,-19.8997166361741,70.1002833638259,70.1002833638259
3189,3.244626055605328,2.710321093078082,4.481057193275953,1.653330745467824,0.4784843638889486,51.87586196506322,-38.12413803493678,38.12413803493678
3190,1.1609582232861997,0.9789057490039328,1.625597990700454,1.6606276879613289,0.6484702879364234,38.17529923780299,-51.82470076219701,51.82470076219701
3191,1.2803301921000927,1.2835435307331278,1.3914396727331415,1.0840611474535549,0.7805805499783602,26.9450105377357,-63.0549894622643,63.0549894622643
3192,7.333443372990947,5.685412300156599,9.651671222458862,1.6976202802729043,0.7573917851865263,36.206544500098445,-53.793455499901555,53.793455499901555
3193,1.1557168501373432,0.9784112954943976,1.4874389583964331,1.520259389120013,0.8106804069130069,84.13951239486768,-5.86048760513232,5.86048760513232
3194,3.7091129408823935,3.0818885245176126,4.869903941440379,1.5801687513024607,0.6803569852071133,-25.749102877569637,64.25089712243036,64.25089712243036
3195,1.5308539431383232,1.3325818915822911,1.8078391329023515,1.3566439288438366,0.9017136652589036,-60.07325035149814,29.92674964850187,29.92674964850186
3196,1.6006498207486113,1.582896975538481,1.6404563837404489,1.0363633319738872,1.012101046328057,19.16278919992828,-70.83721080007172,70.83721080007172
3197,4.054753289921407,3.2544267622263567,5.563242496678323,1.7094385288524678,0.5419019333650309,24.01899492578817,-65.98100507421182,65.98100507421182
3198,4.486910076385136,3.990976460905357,5.569027815224493,1.3954048263068817,0.6560767083955666,-24.712285623211,65.287714376789,65.287714376789
3199,4.9390687457915,4.306829501911766,6.999937392798262,1.6253110065515823,0.2868186614812748,12.12107258181511,-77.87892741818489,77.87892741818489
3200,7.010059511053983,5.854174976831162,10.43255435043217,1.7820708112963275,0.2557040585097033,14.762235999731272,-75.23776400026873,75.23776400026873
3201,0.84641062903508,0.659798140437233,1.2045943486172197,1.825701339229242,0.8425063256901815,-2.088789011618086,87.91121098838191,87.91121098838191
3202,2.902918465265633,2.576156638779124,3.4185856845793707,1.3270100245920935,0.643736519582411,-19.77268520014425,70.22731479985575,70.22731479985575
3203,2.164954408398548,1.5294001592045323,3.216643533343862,2.103205962144593,0.634536111382611,5.477296108720628,-84.52270389127938,84.52270389127938
3204,1.9711972828282505,1.5876899899290915,2.566652085674884,1.61659524337589,0.7279502391205847,-59.94923253168452,30.050767468315485,30.050767468315478
3205,0.9350209696908578,0.7668318883894881,1.216552438787154,1.586465635045741,0.9263155115403334,-56.99938602386475,33.00061397613524,33.00061397613525
3206,4.169909328395152,2.306826301060529,8.779026244831897,3.805672859198749,0.4285078239293636,37.14233178154273,-52.85766821845727,52.85766821845727
3207,1.1557168501373432,1.0802488286513523,1.3797442153078645,1.27724666642816,0.7079678162544727,18.147796945500623,-71.85220305449937,71.85220305449937
3208,1.9650276361365868,1.418530971521187,3.07287314261141,2.16623620090308,0.5616913075696547,-38.35351181346128,51.646488186538704,51.64648818653872
3209,3.453113446011687,3.700527984472537,4.043349808861607,1.0926413273531654,0.4002731156124408,32.20079755510665,-57.79920244489335,57.79920244489335
3210,0.9350209696908578,0.7361025842852874,1.2371381581995151,1.6806599849132495,1.015642788724792,-7.670197900510501,82.3298020994895,82.3298020994895
3211,1.5815710720799827,1.1388749984576565,2.8071473720083016,2.46484238903298,0.4997050486916713,-53.065691173551485,36.9343088264485,36.934308826448515
3212,1.886205091624149,1.8019653087865424,3.3532294758685146,1.8608734915804817,0.3709940732830267,-79.7403053613995,10.259694638600479,10.259694638600493
3213,2.53923188710524,2.174489590598536,3.226007341295458,1.4835699169327772,0.7373272098282381,13.61581826770738,-76.38418173229262,76.38418173229262
3214,6.210053612788504,5.262720894408727,8.07417749217563,1.5342211099877785,0.4403916356834301,-28.39420753357307,61.605792466426934,61.605792466426934
3215,4.367603397967567,4.254739007835254,5.174752669650134,1.216232690212171,0.5127531765831479,51.48345609449125,-38.51654390550875,38.51654390550875
3216,1.0337045758596148,0.9164899790111154,1.3491477949789843,1.4720813384503155,0.7023429205719897,71.35509295645517,-18.644907043544833,18.644907043544833
3217,2.0138556420885823,1.658172611766533,2.584772497351829,1.5588078581265092,0.7484366801321117,-33.1809452562851,56.8190547437149,56.8190547437149
3218,0.9153341128725788,0.856432468023903,1.1902030397186592,1.3897219969542778,0.6542396848127633,-0.4005496824507373,89.59945031754927,89.59945031754927
3219,5.01591280453477,3.992106151493877,8.4353860770181,2.1130164772451034,0.4120683601833901,58.72485124465865,-31.27514875534135,31.27514875534135
3220,7.379659543788927,6.017749912999618,9.268851653178409,1.5402520522090355,0.7490889013894072,-23.46472566482492,66.53527433517507,66.53527433517507
3221,0.8952144227026446,0.6493315761472082,1.459264088256426,2.247332706219111,0.5367745355205924,-9.890747114229931,80.10925288577008,80.10925288577008
3222,1.2755794143363215,0.8746969569891532,1.9846989766708432,2.269013240314102,0.8135915246986207,-27.812799522841846,62.18720047715816,62.18720047715816
3223,1.0569367929308613,0.955134880283938,1.2005431466682808,1.2569357181379337,1.0407660684577915,-39.69005241999383,50.30994758000617,50.30994758000617
3224,2.940323395380274,2.214528775431009,4.114642467078255,1.8580216760910824,0.7407619496512768,-38.33628272827478,51.663717271725204,51.66371727172522
3225,6.617104052319897,3.721645770917245,12.936135187876191,3.4759179094811934,0.4079840111144133,15.573390434211246,-74.42660956578875,74.42660956578875
3226,1.2515550525870838,0.9725697641343112,1.768633754847452,1.818516079843096,0.7991385764736476,-15.73919489125554,74.26080510874446,74.26080510874446
3227,2.787693931488705,1.9162072492743705,5.609360210694843,2.927324386659635,0.4190669001963441,51.22667365959638,-38.77332634040362,38.77332634040362
3228,1.139848131163964,0.9246833430996728,2.2765705365542344,2.4620001577219286,0.4183599330280783,-56.6965805713305,33.303419428669486,33.3034194286695
3229,0.979419278671245,0.8752836479325359,1.142164672291436,1.3049080432260862,1.0449298671052878,61.70215630351105,-28.297843696488947,28.297843696488947
3230,3.974602953796985,2.6479705075917304,6.690083903586176,2.526494870092287,0.5017301421852692,-42.346129606125736,47.65387039387426,47.653870393874264
3231,1.270810876469873,0.9749424495731126,1.7583869866936392,1.8035802907787688,0.7979149711844087,50.68425202183454,-39.31574797816546,39.31574797816546
3232,5.107075064119908,4.24444065843435,7.357352238604332,1.7334091416696222,0.4976882389008919,-71.79883392095971,18.20116607904029,18.20116607904029
3233,3.909920866501533,3.219211677312805,5.453102150061348,1.6939246923374895,0.6102659020930606,28.08645991564759,-61.913540084352405,61.913540084352405
3234,7.98274057804733,6.754290986220932,14.48776113461657,2.1449714210081083,0.1577443392147067,24.68928830627268,-65.31071169372731,65.31071169372731
3235,2.607648897704901,1.6937077945646877,4.172788926930065,2.4637006101767067,0.6360122721378132,46.649738536629954,-43.350261463370046,43.350261463370046
3236,1.085277926096956,0.8659663103317958,1.5377226991594122,1.7757303959899229,0.6523059090630366,-31.45162806110037,58.548371938899635,58.548371938899635
3237,1.4111624987975715,0.8920004330853933,2.428788498890773,2.722855739531081,0.5215276319594844,-35.14517422605871,54.854825773941286,54.85482577394129
3238,1.139848131163964,1.1045410870249646,1.2443487761689516,1.126575363095413,0.8952834820611575,-77.38099735079464,12.619002649205356,12.619002649205356
3239,0.8884066096615684,0.9024941313374878,1.0453212306813886,1.1582582028896216,0.7497861777912198,-58.52868114703538,31.47131885296463,31.47131885296462
3240,4.447496805660115,4.210678193844862,5.916773843625493,1.405183101447788,0.4208169212709009,-1.3773641295446486,88.62263587045535,88.62263587045535
3241,5.009857130704779,3.4737816132634207,8.080521001416882,2.3261453657778133,0.4031066448209601,-0.2713014687767233,89.72869853122327,89.72869853122327
3242,11.798402049620575,10.499606958001284,25.035744821641853,2.3844459056215648,0.1347473039603182,17.755750641117615,-72.24424935888239,72.24424935888239
3243,1.0511768765181757,1.0947948603877358,1.189913023893935,1.0868821794363484,0.6895933379579073,-39.99010024263956,50.009899757360444,50.00989975736044
3244,2.672044986969093,1.835470853919955,5.482825137423889,2.9871491152879925,0.3958117625436375,21.46952417840816,-68.53047582159184,68.53047582159184
3245,2.66977187300005,1.947749006633907,4.867443195127356,2.4990094609465388,0.3204726137246315,80.9263105559765,-9.0736894440235,9.0736894440235
3246,0.928505064734256,0.7820172824380878,1.4576503217686094,1.86396177489084,0.5356377466449689,13.495240846334635,-76.50475915366536,76.50475915366536
3247,1.176542252445381,1.0108969086616717,1.5411452810480455,1.5245325886774854,0.7101202663980077,-44.94432193914629,45.05567806085372,45.05567806085371
3248,1.2221025728266244,0.9047348297993776,1.9564225610750337,2.162426488553408,0.5892325131679762,-49.32592006783987,40.67407993216014,40.67407993216013
3249,3.1918030330877105,2.634031753682511,3.961622961312291,1.5040148835615743,0.7608402044015935,-54.214718162846935,35.785281837153065,35.785281837153065
3250,2.989468694267895,2.3877239791730167,3.9419571139915854,1.6509266348939022,0.7542271658415993,-80.04138007800888,9.958619921991101,9.958619921991115
3251,1.585405189396292,1.3719630623308705,1.9420362618217577,1.415516434183273,0.830544130970417,-23.814655761498237,66.18534423850176,66.18534423850176
3252,1.139848131163964,1.059743521110699,1.2755155005000012,1.2036077362975104,0.9981378262544452,-27.08670201382644,62.91329798617356,62.91329798617356
3253,1.8732857266234093,1.5834465455187663,2.310684732834652,1.459275489516211,0.8153335288815955,38.18369304374104,-51.81630695625896,51.81630695625896
3254,6.632683433885892,6.054558798933591,7.538177520665626,1.2450415911384574,0.7174999300405961,24.32315607159344,-65.67684392840656,65.67684392840656
3255,1.749264059016166,1.425374301561053,2.413124546746182,1.6929760443297994,0.6421907057058033,-73.76895576309632,16.2310442369037,16.231044236903685
3256,2.153707815918036,1.9321287445564057,2.469263102378636,1.2780013285013003,0.7739375642550133,14.537482584858925,-75.46251741514108,75.46251741514108
3257,1.4987906214766678,1.2968144714845145,1.8484972714214,1.4254138213813672,0.7398656737921633,-73.91089029640482,16.08910970359517,16.089109703595184
3258,1.2515550525870838,1.0884607865835114,1.5051727136556805,1.3828451444540828,0.8556616325602948,35.753780713658244,-54.246219286341756,54.246219286341756
3259,0.8815462242933692,0.6177848859180447,1.586451633904475,2.567967702134645,0.5323052588327926,-29.44088817790407,60.55911182209593,60.55911182209593
3260,3.0217882140215035,1.6015472413840408,6.255398719296871,3.905847144347125,0.4410682093978429,89.59856169187343,-0.401438308126572,0.401438308126572
3261,1.7457898469292477,1.5063126505009483,2.481516808848374,1.647411517139623,0.5166319207346877,73.16255702444288,-16.837442975557124,16.837442975557124
3262,1.1609582232861997,0.8482056555844303,1.6800289097141632,1.980685814404987,0.7749410512548454,73.7274247652953,-16.272575234704703,16.272575234704703
3263,4.972147338506275,3.972670588389388,6.757881846829222,1.70109292891788,0.6219835928610042,38.53062260635778,-51.46937739364222,51.46937739364222
3264,1.5622593457610967,2.117768552882708,2.8031893392954,1.3236523582710191,0.2368826584774171,-42.6509566743749,47.349043325625104,47.3490433256251
3265,0.9219431092603804,0.8268961634393166,1.0950079285237426,1.3242387338807649,1.031532013440425,-12.59724452699067,77.40275547300934,77.40275547300934
3266,2.0078170808425457,1.781825411398228,2.37931331507904,1.3353234833551697,0.8886660569115242,20.34699827539143,-69.65300172460857,69.65300172460857
3267,5.291572541071431,5.25178751903224,6.2870497945349175,1.1971256970604645,0.4658076505227234,-52.94307923926797,37.05692076073203,37.05692076073203
3268,1.526882849696625,1.2909346022815578,2.1695144941341638,1.6805766072888826,0.5956007235940599,14.53692810290148,-75.46307189709852,75.46307189709852
3269,0.9669420905017878,0.7647696626421313,1.5285652155119038,1.9987262703792488,0.542856077653516,75.61979257056643,-14.380207429433568,14.380207429433568
3270,4.851007979834425,4.562277127732095,5.309979356992701,1.1638879463756489,0.8363179366836958,57.80957746821589,-32.19042253178411,32.19042253178411
3271,0.9917395023300404,0.9575257401512596,1.0737513051234,1.12138113901124,0.9645597618982223,83.31316376179744,-6.6868362382025595,6.6868362382025595
3272,4.618925776356307,4.2186926645944425,5.2670219533983245,1.2484962456739337,0.6004406867988459,51.371005183266085,-38.628994816733915,38.628994816733915
3273,2.190048085582714,1.855153288435165,3.494109949687604,1.8834615831853496,0.3818614623517102,60.71779862245708,-29.28220137754292,29.28220137754292
3274,1.952629861669301,1.6695714973019502,2.7405968950531605,1.641497174264176,0.5389736152614875,80.47734357220446,-9.522656427795539,9.522656427795539
3275,1.1504515979244476,1.0068452006812767,1.5143529391042605,1.5040573646073707,0.7446368445715889,63.24171522971007,-26.758284770289933,26.758284770289933
3276,1.6784140066373283,1.6025215358385292,3.0618375280659693,1.9106373671688877,0.3104342457221084,-86.86962759339949,3.1303724066005145,3.1303724066005145
3277,1.3223193364400538,1.158639112572822,1.6443700469964426,1.4192253905057874,0.6988367397135102,-78.02296875437769,11.9770312456223,11.977031245622314
3278,2.79639190560923,1.790375323588989,4.508818783822525,2.5183651295998315,0.6347687399717084,-79.50001244873339,10.4999875512666,10.499987551266614
3279,3.1899003187409227,2.7659185884934665,3.883261190299189,1.4039680005239468,0.6240828772141539,-84.44185354028853,5.558146459711452,5.558146459711466
3280,2.263660685112749,1.9912402101182425,2.7714475649470907,1.3918198070048609,0.6399746497813482,26.05872432663125,-63.94127567336875,63.94127567336875
3281,1.2755794143363215,0.9698112076692416,1.9602453399530664,2.0212648858370548,0.5202867845899644,34.136603787921395,-55.863396212078605,55.863396212078605
3282,1.1504515979244476,1.152903372501727,1.2111119810477362,1.0504887139151136,0.845104463764633,9.290188927374862,-80.70981107262514,80.70981107262514
3283,6.58122376589447,6.565785071787837,7.509135557481805,1.1436767234046998,0.500199026478057,29.54118168108008,-60.458818318919924,60.458818318919924
3284,0.9855986414141252,0.6597399741969431,1.533472681434228,2.324359204246826,0.825370603811737,-4.529821475066704,85.47017852493329,85.47017852493329
3285,2.9588485422780244,2.557333682091113,4.922236042151113,1.924753142939969,0.2977713082873288,-62.91186190784618,27.088138092153827,27.08813809215382
3286,1.1128975557056655,0.9803887257159408,1.3255617953850278,1.3520777632535708,0.8697086940991446,-87.92048516742234,2.0795148325776722,2.079514832577658
3287,6.05762427531946,4.68739433252117,8.0285806607197,1.712802484957871,0.7134506795930395,-42.25375401649277,47.74624598350724,47.74624598350723
3288,3.831494911399562,2.687706910943516,5.74203592466616,2.136407024622497,0.5531184960611343,75.87109579773832,-14.12890420226168,14.12890420226168
3289,5.324741698395398,5.470714696042207,6.000451027986376,1.096831284645022,0.5874945972501657,-80.75870530485224,9.241294695147758,9.241294695147758
3290,3.8896822391406247,3.6427897540810528,4.364624170194537,1.198154289663521,0.4982166295244907,76.78250593411964,-13.21749406588036,13.21749406588036
3291,0.9917395023300404,0.96830576803543,1.0773983556406552,1.1126633664762322,0.917262137612356,-66.16536104658464,23.83463895341538,23.834638953415364
3292,4.211920939933044,4.104535706110693,4.524325303191645,1.1022745633461013,0.7607031250100866,49.876484659388446,-40.123515340611554,40.123515340611554
3293,3.159301047243198,2.456438462268864,4.427366924723245,1.8023520608100043,0.6350022084556272,77.9920722182089,-12.007927781791096,12.007927781791096
3294,1.4660262135550917,1.2610847628415265,1.7839451881918462,1.4146116428940034,0.9142904053506472,10.729828491770286,-79.27017150822971,79.27017150822971
3295,2.642341982327153,2.29475411589998,3.983182284453906,1.735777378872569,0.4109329912522428,-17.24282198529941,72.75717801470059,72.75717801470059
3296,1.989591435188712,1.9261895726735188,2.282005096594571,1.1847250805263088,0.5904304452302519,18.78175356439396,-71.21824643560603,71.21824643560603
3297,1.085277926096956,0.9535832457594376,1.3306430489728225,1.395413620038063,0.8734958879086372,-89.77991810876757,0.22008189123243938,0.22008189123242516
3298,1.062665489594652,0.7988329521465075,1.6029775991412598,2.0066493186516303,0.7201577487749075,32.69906124037004,-57.30093875962996,57.30093875962996
3299,2.446687833084206,1.9999220109240776,3.027296963639882,1.5137075081448292,0.824249443467321,-64.4682974919072,25.531702508092792,25.531702508092806
3300,3.0097090655497696,3.402758847400505,3.578384445361303,1.0516127077576964,0.3365435119245164,25.158803503272903,-64.8411964967271,64.8411964967271
3301,0.8815462242933692,0.8377032133832693,1.0825148550303834,1.292241497628238,0.6814519135196772,21.04979836108834,-68.95020163891166,68.95020163891166
3302,2.781152599208744,2.2275925410732302,5.519923603122643,2.477977233872045,0.1886464286903191,-42.66414560268537,47.33585439731462,47.33585439731463
3303,1.7142051110999064,1.4536318710860974,2.1787047006543885,1.4988008614770842,0.7257950734418642,35.78197889480703,-54.21802110519297,54.21802110519297
3304,1.4947343471339476,1.3160205978325648,1.9062823734676264,1.4485201649633754,0.7630906907263176,78.90806534030295,-11.091934659697046,11.091934659697046
3305,1.021890421280174,0.9945029392180604,1.1293222529133558,1.1355645201021711,0.852579972604091,27.12654066974284,-62.87345933025716,62.87345933025716
3306,1.2944779165271465,0.9532295962280226,1.867727733418388,1.9593681740569957,0.7128365872225385,25.32269259192528,-64.67730740807473,64.67730740807473
3307,0.8172152218636723,0.7251728670660298,1.12536560192502,1.5518583954721394,0.7155475195700631,65.93733160772715,-24.062668392272855,24.062668392272855
3308,5.503048333425846,5.115751988056895,7.2373421812276835,1.4147171712240545,0.3405434273802915,59.73091071057147,-30.26908928942853,30.26908928942853
3309,3.365859043888769,2.4638035532900164,5.528153835997437,2.243747813666179,0.5033087294037831,75.15986986065309,-14.840130139346911,14.840130139346911
3310,5.753313352990375,4.838528853839343,7.944787196294258,1.6419840485171682,0.4606440221606492,-74.61713638833753,15.382863611662458,15.382863611662472
3311,2.644638672880108,3.6026458600016618,4.197260125707798,1.1650493245277964,0.1493451152726073,-8.722331527900256,81.27766847209975,81.27766847209975
3312,4.3102336992829855,3.5573657170320216,5.407659763177714,1.520130397975901,0.7766556815789928,-26.55341725351871,63.44658274648128,63.44658274648129
3313,1.432512614476725,1.079269726882336,2.03846776069594,1.8887472796855136,0.7080931361830035,-3.982149320843509,86.0178506791565,86.0178506791565
3314,1.4409640896579887,1.1324342954084945,2.18928971572287,1.9332598143657809,0.568510194389461,-72.72041625599843,17.27958374400157,17.27958374400157
3315,2.5440093737132674,2.542258997457822,2.5901577123556763,1.0188410051634202,0.8531213494237376,-6.290894368282807,83.7091056317172,83.7091056317172
3316,0.9917395023300404,0.8333404532010406,1.336642965855792,1.6039578550656672,0.7992803582218937,-84.32995932791604,5.670040672083957,5.670040672083957
3317,1.0099380753567209,1.06359512397196,1.1939970551995809,1.1226048599589655,0.6061380764307549,19.502117389062494,-70.49788261093751,70.49788261093751
3318,1.4367445664276617,1.3367979731538886,1.7410019590192127,1.302367294073383,0.6600653237335369,-84.00781783955698,5.992182160443008,5.992182160443022
3319,7.842324841934688,6.25950300222782,12.47020791111452,1.9922041584892995,0.3422339115944165,-78.17493868251472,11.825061317485279,11.825061317485279
3320,1.3223193364400538,1.2876550904070625,1.509555421169467,1.1723290129597173,0.6949799642467481,-6.36526630126387,83.63473369873613,83.63473369873613
3321,3.083443420051315,2.462779338016598,4.337935369476999,1.761398312270461,0.5511638134672352,13.62303571170401,-76.376964288296,76.376964288296
3322,0.9153341128725788,0.8205678024280819,1.121301536026959,1.366494679304986,0.7931369268346932,85.23627156628964,-4.763728433710355,4.763728433710355
3323,0.9153341128725788,0.6183367150172958,1.521953905658597,2.4613675182073336,0.7078605076885391,87.63118945267956,-2.368810547320436,2.368810547320436
3324,4.725480412243291,3.0593740281121904,8.698320289032615,2.843169945585234,0.3575453755270957,-77.40464814178307,12.59535185821693,12.59535185821693
3325,1.021890421280174,0.7810850763757639,1.5817004054738986,2.025004001885417,0.5992460098622271,-74.93549556724523,15.064504432754774,15.064504432754774
3326,2.102353753036351,1.82304620156514,2.95858888856065,1.6228820125461512,0.5085221099858793,7.995822111565991,-82.00417788843401,82.00417788843401
3327,2.781152599208744,2.2542990283541906,3.5961779788486914,1.5952533065119467,0.7259739980021992,9.671790833902268,-80.32820916609774,80.32820916609774
3328,0.928505064734256,0.7978194660703337,1.1683410973827464,1.464417887842998,0.9237067979904452,-8.563966502717157,81.43603349728284,81.43603349728284
3329,2.60531959943058,2.089623799484356,3.347587364570342,1.6020048036380548,0.7215104283994791,-42.755447559590365,47.24455244040962,47.244552440409635
3330,3.210768161557695,3.202099735991156,5.913233705862804,1.8466738057527936,0.149729202536227,88.26906412529146,-1.7309358747085355,1.7309358747085355
3331,5.012280278189006,5.612099134089624,6.132547809045363,1.0927368997804,0.4168871282121435,80.09291385978342,-9.907086140216578,9.907086140216578
3332,2.327140112221938,2.1058536102134298,2.6271915198519658,1.247566073496295,0.8023443042968446,-13.40145096665448,76.59854903334552,76.59854903334552
3333,4.029218379191246,3.6042814891278905,6.065326003279969,1.6828114068159434,0.3116353866295197,28.24115706742948,-61.758842932570516,61.758842932570516
3334,2.0258787676635257,1.7826659256812063,2.3868094129474016,1.3388988809192248,0.8420081767090791,31.216153277220883,-58.78384672277912,58.78384672277912
3335,1.2071068813224677,0.8649951100883245,2.3758147071652784,2.74662212474552,0.466879957355016,40.36334446632169,-49.63665553367831,49.63665553367831
3336,1.171370613113025,0.9089536665901516,1.6405100949379483,1.804833574292249,0.7555618677258683,25.75070479362164,-64.24929520637836,64.24929520637836
3337,3.1841853538903857,2.850027286357116,4.043661594411764,1.41881504565535,0.549437078630426,-2.8714796202649304,87.12852037973506,87.12852037973506
3338,0.979419278671245,1.022458846709858,1.4419426538937126,1.4102696245757955,0.3918759215232909,87.71428206452354,-2.2857179354764554,2.2857179354764554
3339,1.3851080271465486,1.399543021633556,2.158076085778585,1.5419862429521205,0.4489765519970036,54.71566941121444,-35.28433058878556,35.28433058878556
3340,1.0683634687220958,0.8112180110459027,1.5104001930942963,1.8618918373704971,0.8077542217802494,6.52225368487639,-83.47774631512361,83.47774631512361
3341,1.652899170550067,1.49855542619093,1.8869608154662785,1.2591865355708651,0.8507044261501988,69.25745973105155,-20.742540268948446,20.742540268948446
3342,3.648046620153854,3.913235776980609,4.497746986236296,1.1493677464297043,0.4384414824292247,22.12625331610193,-67.87374668389808,67.87374668389808
3343,3.303961276028509,2.880120046196732,4.681431861646205,1.625429421884046,0.4938706827050026,-23.83442300791849,66.16557699208151,66.16557699208151
3344,1.1183396299962336,0.6388391690802223,2.114389614817556,3.309736968479528,0.6752364772313307,-8.80147076918638,81.19852923081362,81.19852923081362
3345,1.039561305877423,0.8800148151742442,1.3047714827692327,1.4826699054048154,0.8427165599460665,17.23858016608046,-72.76141983391955,72.76141983391955
3346,6.603327014570867,5.549410166119361,9.181992918891895,1.6545889822580475,0.4872511377938027,-36.36134610266811,53.63865389733189,53.63865389733189
3347,3.229621924082949,2.805173249924749,3.814363442039051,1.3597603791998851,0.8084685463056043,-88.07805805000544,1.9219419499945616,1.9219419499945616
3348,3.073582686708691,2.939014443157602,3.991620213294921,1.3581492335255168,0.4687364919210278,57.86761898920581,-32.13238101079419,32.13238101079419
3349,6.045585261878787,5.121444624246196,8.868024350894723,1.7315474444283323,0.2301568308353539,-75.81607976642921,14.183920233570802,14.183920233570788
3350,1.502835947650602,1.1670854500290246,1.9988226472303223,1.7126617825460966,0.7826333844726259,82.99528522943521,-7.004714770564789,7.004714770564789
3351,1.7247976224747188,1.6638085014566744,1.831546291063604,1.1008155622838047,0.8690606845461488,50.97832357270941,-39.02167642729059,39.02167642729059
3352,0.9543017810603904,0.8384014826132715,1.2135435221561468,1.4474491604828383,0.8205449187896425,51.76200276992601,-38.23799723007399,38.23799723007399
3353,0.9086770491564996,0.8378168783389851,1.057878932318992,1.2626612803698718,0.904767782740068,-56.02021403390891,33.9797859660911,33.97978596609109
3354,0.973200680696656,0.694483695205053,1.774196822899373,2.554699030587787,0.4703312940872485,-83.95049404881829,6.049505951181715,6.049505951181715
3355,5.734287094683779,4.86260901288864,9.043385228271934,1.859780460304724,0.4416062845137497,32.96552891714109,-57.03447108285891,57.03447108285891
3356,0.9978425722559162,0.9187632448028138,1.1692876487492605,1.2726756924197753,0.891910727059498,26.841946635495283,-63.15805336450472,63.15805336450472
3357,4.024695401100452,3.8349257966515062,4.412916091787427,1.1507174651568477,0.7508715834000083,-63.90296584318243,26.097034156817585,26.09703415681757
3358,1.2319983017676563,1.0709842667437044,1.4705926579075588,1.3731225598475425,0.913160437786634,-42.93116813477442,47.068831865225576,47.06883186522558
3359,5.1177630598998585,3.177108165930508,10.857615928901138,3.417452400686891,0.34100116336044,-31.720391533610112,58.27960846638989,58.27960846638989
3360,1.085277926096956,1.0258315598057697,1.3090522198490773,1.2760888542919586,0.7523644202027074,-54.07039938470163,35.92960061529837,35.92960061529837
3361,4.0532556893938985,3.278467484840522,5.087875571908275,1.5519066745161787,0.8160037152656164,-22.189115256914008,67.81088474308599,67.81088474308599
3362,7.635209458552307,5.8104821512633285,11.126225716210906,1.9148541251076407,0.5403132803387138,74.73005418053842,-15.269945819461583,15.269945819461583
3363,5.162646216932293,4.38013465537859,7.9144308655394,1.806892136482806,0.2702530668013879,-6.9126409819527685,83.08735901804724,83.08735901804724
3364,1.326902779425731,1.1295689712823052,1.6654700310737225,1.4744296925782705,0.7204391805669331,-54.09316648415588,35.90683351584411,35.90683351584412
3365,12.210091464170414,11.625791455798728,25.46010358067307,2.1899673392106176,0.16419202938247,43.41239179460011,-46.58760820539989,46.58760820539989
3366,4.531342677934863,3.320661939788256,8.587010130795692,2.585933252616268,0.3465740681544703,-71.83377517513992,18.16622482486008,18.16622482486008
3367,0.928505064734256,0.4356064276710823,2.2701637183881966,5.21150188376548,0.3851238341991503,-1.4379722186712844,88.56202778132871,88.56202778132871
3368,4.745992631988223,3.45235212591102,6.964631232639927,2.017358304898308,0.6349110756045712,-38.78902976704084,51.21097023295917,51.21097023295916
3369,1.3851080271465486,1.080204775524682,2.068938822045338,1.9153209362922912,0.6115145819934082,27.48521110875089,-62.51478889124911,62.51478889124911
3370,3.606200241210169,2.591649589830221,5.701221180786428,2.1998426033975966,0.4480402270933289,-54.48086074356293,35.519139256437086,35.51913925643707
3371,1.432512614476725,1.331456456096124,1.7534461517439426,1.3169384126050256,0.5715061399723246,31.544909618843267,-58.45509038115674,58.45509038115674
3372,1.1183396299962336,0.8865938941470544,1.5016405436705,1.6937185712463652,0.7868925674021322,-43.16812296572468,46.83187703427532,46.83187703427532
3373,2.505534425456872,1.7703891025248726,4.54744824849563,2.5686151377740654,0.4237588757837607,6.544360189234246,-83.45563981076576,83.45563981076576
3374,2.86502522895345,1.8608940600294976,5.460332752323193,2.934252341176606,0.3828759177351334,-5.467505987786839,84.53249401221316,84.53249401221316
3375,5.4062129414584055,4.111681396334734,8.541680473191683,2.077417885735498,0.4667912326440177,-18.856505139624325,71.14349486037568,71.14349486037568
3376,1.4987906214766678,1.2903188304362954,1.8008406032082986,1.3956555238362138,0.9075225646389938,43.71870379713879,-46.28129620286121,46.28129620286121
3377,3.818797295993203,3.451312982351119,4.667672530483976,1.3524338575935944,0.5920307997242865,73.6527770365237,-16.347222963476298,16.347222963476298
3378,1.5892300566907107,1.3393297630024097,1.9385517374589816,1.447404359261965,0.8929569141610693,-85.03044843389878,4.969551566101217,4.969551566101217
3379,1.0039085404212729,0.6151697283766632,1.7448902232445649,2.8364370721704035,0.6986484181749429,-81.66305218453829,8.336947815461713,8.336947815461713
3380,5.858925921077048,2.495029874940181,14.684966715874326,5.885687727978168,0.279444001105842,15.4880025241526,-74.5119974758474,74.5119974758474
3381,0.8815462242933692,0.7115373051282894,1.2234188106925734,1.7194022040376258,0.8492785675371469,-14.190515056383402,75.8094849436166,75.8094849436166
3382,2.087864581404573,1.7023083071533704,2.745995015105375,1.6131008722487383,0.6627730353627155,46.24691404606823,-43.75308595393177,43.75308595393177
3383,2.3582391321080944,2.8113770409112218,3.0291121513762094,1.0774478511051706,0.3618840175651415,-10.24830360322844,79.75169639677156,79.75169639677156
3384,1.4068535956126136,0.9716994344653654,2.718328306681379,2.797499113681196,0.4483393669046229,2.715845899151684,-87.28415410084831,87.28415410084831
3385,2.076200442198639,1.2557279604543492,3.7748172237856714,3.006078818552277,0.553241259903122,-84.51252958286429,5.487470417135711,5.487470417135711
3386,2.991498893954712,2.503097556613086,3.6326528473553297,1.451262991231805,0.7943848014591984,-21.182107681437184,68.81789231856281,68.81789231856281
3387,2.327140112221938,2.426590299504442,2.8257956027682942,1.1645128571334755,0.4155883360936444,-12.081824206381675,77.91817579361833,77.91817579361833
3388,1.1557168501373432,0.5719931357999641,3.220379625879476,5.630101874169515,0.3014532403813673,-43.95632859914252,46.04367140085748,46.04367140085748
3389,1.2612197138901655,0.9491841115981124,1.737316448096337,1.8303260946617304,0.8017790354504574,-24.291690657300794,65.70830934269921,65.70830934269921
3390,6.847073715315728,5.162306094512651,9.985078145903753,1.9342282234130856,0.3642304845737321,-16.807461574979204,73.1925384250208,73.1925384250208
3391,2.263660685112749,2.037552763403053,2.563701618356111,1.2582258797923358,0.8937685560012726,81.34615415549777,-8.653845844502229,8.653845844502229
3392,1.4906670352488116,1.0723624215515684,2.117053235061147,1.9741956567240089,0.8027195305465404,4.687997733039322,-85.31200226696068,85.31200226696068
3393,0.9978425722559162,0.9255548236709948,1.278888827794704,1.3817537276963163,0.6193824493468738,77.21916624227397,-12.780833757726029,12.780833757726029
3394,1.2563966762852905,1.0917745366480966,1.5277189547591683,1.3992989426640077,0.786157022250982,25.934591915774583,-64.06540808422542,64.06540808422542
3395,0.9350209696908578,0.7643020681314528,1.3360671645860167,1.7480878572687908,0.7075340420678783,54.15086185962336,-35.84913814037664,35.84913814037664
3396,1.0337045758596148,0.7656365507716766,1.5736233998909923,2.0553138408882843,0.6462260837327556,-64.22169555317852,25.778304446821494,25.77830444682148
3397,5.968774305566136,4.337879413863807,8.400708909831499,1.9365934615385896,0.6615835438768451,-27.57586478898801,62.424135211011986,62.424135211011986
3398,1.062665489594652,1.0005175652313112,1.269751233045006,1.2690943939114656,0.658492949092,69.28211284908465,-20.717887150915345,20.717887150915345
3399,1.0569367929308613,0.7713548608851508,1.6449975108478252,2.132607952920845,0.671826883492921,25.105922542529267,-64.89407745747073,64.89407745747073
3400,9.712648309116572,7.609293006455323,16.432462495161136,2.1595255276962924,0.2690058990235295,-11.855924183227811,78.14407581677219,78.14407581677219
3401,4.332712254330555,3.756109985871127,5.065403471821084,1.3485769828026757,0.8497644092357849,29.950015173434377,-60.04998482656562,60.04998482656562
3402,1.797197976714934,1.398240784379557,2.4050813565171207,1.7200766730490773,0.7397661998582414,-59.73601909760748,30.263980902392518,30.263980902392518
3403,3.3838487981250718,3.407039590006299,4.308295239431768,1.2645274953860464,0.4485784992732406,33.889510379206875,-56.110489620793125,56.110489620793125
3404,1.989591435188712,1.5844311531128377,2.6241175194283475,1.656189045685513,0.754640342361299,42.93276733460404,-47.06723266539596,47.06723266539596
3405,0.9153341128725788,0.8698896483402607,1.1194494770201786,1.2868867667940125,0.750863655904659,-9.968484533354063,80.03151546664594,80.03151546664594
3406,0.8676627389239214,0.7821960819574534,1.1695083315476702,1.4951600481313638,0.6773175056489757,-55.98590786957956,34.01409213042044,34.01409213042044
3407,2.3349536992166966,1.3319847251847536,4.451264448250856,3.341828448996246,0.526959138866316,4.858392781048715,-85.14160721895128,85.14160721895128
3408,1.2850634067342854,1.053041431637571,1.6405293043493652,1.5578962565586802,0.921252887714794,11.387732855993278,-78.61226714400672,78.61226714400672
3409,1.8106603219837007,1.5535074384087464,2.2939699975747243,1.4766392106396553,0.6651533379458692,-31.6152695040798,58.384730495920195,58.384730495920195
3410,0.9153341128725788,0.7409612311780788,1.176052458908874,1.5871983707420554,1.0231627163319972,-36.59301976091798,53.40698023908202,53.40698023908202
3411,0.9669420905017878,0.7487528148050855,1.4105651011240257,1.883886208148977,0.7616013745574908,-18.104341868218853,71.89565813178115,71.89565813178115
3412,0.8676627389239214,0.7666644543669849,1.0798242648527048,1.4084704967106996,0.8673593933171007,-66.36636666988827,23.633633330111735,23.633633330111735
3413,0.84641062903508,0.7841003285840484,1.8592014162186064,2.3711269444000966,0.3125722711722039,-28.035594592623767,61.96440540737623,61.96440540737623
3414,6.678294502368678,6.990889279664976,11.550114561639854,1.6521667129297417,0.2118519006936919,-30.836823343861035,59.16317665613897,59.163176656138965
3415,0.973200680696656,0.850312985353192,1.1529440454265227,1.3559054904325938,0.9292929792454452,-88.26387789033274,1.7361221096672637,1.7361221096672637
3416,1.514907113035081,2.1879737453292103,2.4240526798172266,1.1078984311361082,0.2290806578981079,12.348258061622104,-77.6517419383779,77.6517419383779
3417,1.526882849696625,1.2242263360065075,2.0050210645545263,1.6377862537208712,0.8364990993565077,39.463359555919176,-50.536640444080824,50.536640444080824
3418,0.8676627389239214,0.4260708697765316,2.2387221555063346,5.25434220997205,0.3613043942741032,-50.40342593035673,39.59657406964328,39.59657406964327
3419,1.2991595879263365,0.9620692520964464,1.8759343841961849,1.9498953740682736,0.7255137589435392,53.74468482352424,-36.25531517647576,36.25531517647576
3420,2.0198761507134417,1.5730733850557783,2.7656874071296307,1.7581426482729312,0.6612875700533304,-18.938714496832205,71.0612855031678,71.0612855031678
3421,1.0740312192037882,0.8554637950027134,1.5051581296688614,1.7594644431025714,0.7556951116291274,11.932375955649112,-78.0676240443509,78.0676240443509
3422,1.731823303788056,1.442165260081675,2.173468543499461,1.507087019539196,0.7772891681038184,69.30660018683484,-20.693399813165158,20.693399813165158
3423,2.119610024049903,1.6608083578073136,2.83200058949614,1.7051940858697845,0.8283762602485815,-6.438166716410194,83.5618332835898,83.5618332835898
3424,1.1183396299962336,0.8941790124923479,1.7740653225184488,1.9840158376940555,0.600878301814998,80.81704604977614,-9.182953950223862,9.182953950223862
3425,4.270611537443977,3.9890699151137863,5.857390884776806,1.468360046181273,0.3129177111938072,58.13115042386279,-31.868849576137208,31.868849576137208
3426,5.902287726525719,4.101076876938188,9.271482750992451,2.2607434654856857,0.4413864558627037,-75.31202160726697,14.687978392733044,14.68797839273303
3427,1.2020667470700563,1.1812635800670914,1.2561491991923832,1.0633945043163344,1.0395846112086806,14.630787629081944,-75.36921237091806,75.36921237091806
3428,1.3131044552792934,1.14693131562441,1.5590988171867053,1.3593654615123174,0.9376210059301332,26.25032064586218,-63.749679354137825,63.749679354137825
3429,1.1504515979244476,1.068267618308392,1.29430629931935,1.2115936841452628,0.9929541072965744,34.56602618859457,-55.43397381140543,55.43397381140543
3430,1.0337045758596148,0.9980295925256684,1.1884324960529868,1.190778815531386,0.8505292767157063,-57.22960808939733,32.770391910602655,32.77039191060267
3431,6.234447035368833,4.354339148333189,9.863715320747527,2.2652611532391296,0.4136887170781115,-82.23374215710407,7.766257842895925,7.766257842895925
3432,0.8606370140730026,0.708900512062152,1.1563092532681554,1.6311305092791035,0.860014053270997,-69.31486697775253,20.68513302224747,20.68513302224747
3433,1.3540776702961077,1.1136021505949043,1.815933934650924,1.6306846513189854,0.6739628377513761,50.12587054812796,-39.87412945187204,39.87412945187204
3434,3.419544393491892,2.602342954053088,5.607208047184327,2.1546768224577137,0.3152670673456532,73.95092557319592,-16.049074426804083,16.049074426804083
3435,6.70188958294628,5.401708845220456,12.82434696325962,2.3741277678464416,0.1545607808303372,-75.79500318364606,14.20499681635394,14.20499681635394
3436,3.474147834119946,3.028816831521159,4.131823824124579,1.36417091358062,0.7484312258842307,69.00065445938868,-20.999345540611316,20.999345540611316
3437,5.460963627061732,4.509520250635879,7.011219171639091,1.5547594382463303,0.4875048928952461,70.63260124785747,-19.367398752142535,19.367398752142535
3438,1.1557168501373432,1.1085751265850536,2.0060010322799795,1.809530977354174,0.4272212370056031,-55.67098794717999,34.32901205282002,34.32901205282001
3439,1.2369164782162358,0.8352560802392113,1.9633895915880768,2.350643878013766,0.6657216915818834,-27.176051529935226,62.82394847006478,62.82394847006478
3440,1.1609582232861997,0.9471695913866188,1.6232946798546983,1.7138374105510072,0.6906638204615343,-32.79883694017341,57.2011630598266,57.20116305982659
3441,1.0796692170979234,0.8792494722822888,1.6249345046477577,1.8480926697969764,0.4636288470555937,-8.813267603442348,81.18673239655766,81.18673239655766
3442,0.8746320295080829,0.9215846845654148,1.0331371727604794,1.1210442079423972,0.729630909490299,-20.05411390976137,69.94588609023863,69.94588609023863
3443,1.270810876469873,1.191431494078193,1.4203608348705334,1.1921464573751783,0.8634066235990395,52.2111871272382,-37.7888128727618,37.7888128727618
3444,1.4367445664276617,1.2133456402472176,1.738643729788932,1.4329335946142152,0.8781320277379098,-62.89773082341471,27.10226917658528,27.10226917658529
3445,1.522901401330112,1.1737228881098662,3.227535771266515,2.749827752327517,0.3922201310569495,10.785523440821748,-79.21447655917825,79.21447655917825
3446,2.5606603842001854,2.137939110752852,5.956253771931346,2.7859791431730323,0.1668943487244229,-78.11816739817394,11.881832601826062,11.881832601826062
3447,2.292973580548686,2.613824131913111,4.676243896214329,1.7890430496529586,0.1335488808289859,77.7721216750391,-12.227878324960898,12.227878324960898
3448,1.4409640896579887,1.4042177891746723,1.6730330623474434,1.1914341744173225,0.7104667666331468,-10.895738061076049,79.10426193892395,79.10426193892395
3449,1.0099380753567209,0.8978649670248482,1.4188919742815704,1.580295508113196,0.6339607721562086,69.43214342169505,-20.567856578304955,20.567856578304955
3450,1.0453852243082644,0.597936549042612,2.593598057682416,4.337580738015035,0.3666142530434526,-83.26890819725456,6.731091802745425,6.731091802745439
3451,1.2515550525870838,0.903112183187768,2.097261274829426,2.322259973757191,0.5432910810059073,-50.28358865363643,39.71641134636357,39.71641134636357
3452,1.3894843667311525,1.1961455836139718,1.648144710134937,1.3778796935029582,0.966442861608074,39.17833215159337,-50.82166784840663,50.82166784840663
3453,3.13421917649259,2.585781163351317,3.9909382971138103,1.543416880623158,0.7100982805322541,4.964733329658157,-85.03526667034184,85.03526667034184
3454,3.7091129408823935,3.611011896931863,3.946079444704968,1.0927904856967652,0.749564449239901,-22.44787731991953,67.55212268008047,67.55212268008047
3455,1.3540776702961077,1.129595874064286,2.538006620345303,2.246827098627366,0.4289819658548747,81.60843652193006,-8.39156347806994,8.39156347806994
3456,12.045390479717025,13.231910808531875,18.342914226385265,1.386263442356174,0.1435564901076903,-19.293326106988573,70.70667389301143,70.70667389301143
3457,8.828537997231162,6.3711902422971045,14.502633507247737,2.2762832305598955,0.3557926393747072,45.15749635324101,-44.84250364675899,44.84250364675899
3458,3.900593010191821,3.5268774588514566,4.74809512978369,1.3462603067955552,0.580581770310476,79.45298981738067,-10.547010182619331,10.547010182619331
3459,2.285016447538367,1.9268182934176288,2.922352750171916,1.5166727242289626,0.681749903820462,-34.76948022706868,55.23051977293133,55.23051977293132
3460,1.3360224934845466,1.2960633189357569,1.4066714074517477,1.0853415777608884,1.0175245599688951,26.19556992155077,-63.80443007844923,63.80443007844923
3461,1.8039417076383557,1.2594208819891346,2.887023599949611,2.292342171895573,0.6361321416957259,51.69999575807808,-38.30000424192192,38.30000424192192
3462,1.518909516610108,1.2140391466912162,2.1168642253851995,1.7436540091434232,0.734076787907659,-75.34953261228172,14.650467387718265,14.65046738771828
3463,2.7680235600404037,2.0812272275895096,5.546343766258725,2.664939076682432,0.2987012969106773,22.35996622946624,-67.64003377053376,67.64003377053376
3464,1.039561305877423,0.8253872949488261,1.5338127594409168,1.8582946076678013,0.5753857138033602,-11.860481767025838,78.13951823297415,78.13951823297415
3465,1.9212854528773184,2.709641078254515,5.138042522802195,1.8962077907794328,0.1303014047795487,44.73535437467184,-45.26464562532816,45.26464562532816
3466,1.3894843667311525,1.1976856292173446,2.134111573448685,1.781862887378276,0.4710693431833646,-34.46240030395801,55.53759969604198,55.53759969604199
3467,1.2803301921000927,1.1960849937973468,1.5977548263150143,1.3358204764716937,0.6543105165300889,-19.29352023643448,70.70647976356551,70.70647976356551
3468,1.0683634687220958,0.6839888671862809,2.366090778053948,3.459253346896295,0.3614994920004332,-60.02352203662778,29.97647796337222,29.97647796337222
3469,0.8884066096615684,0.8723293339670793,0.9637148243079036,1.104760308730227,0.914875577649001,62.53945422959903,-27.46054577040097,27.46054577040097
3470,2.5440093737132674,2.307721450915039,3.3882148060207293,1.468207874341707,0.5657172902298274,47.47677121507195,-42.52322878492805,42.52322878492805
3471,1.4409640896579887,1.210681002760673,1.868950780522224,1.5437185982604182,0.6957400942238374,1.350430023952936,-88.64956997604706,88.64956997604706
3472,1.0569367929308613,0.938007156310964,1.2780179158615586,1.362482052789239,0.7760515873474519,51.3883397797209,-38.6116602202791,38.6116602202791
3473,3.3368737115654143,2.6852700628585704,4.433066966131711,1.6508831001573618,0.6676168601616237,10.679557041549582,-79.32044295845041,79.32044295845041
3474,3.1245186915221934,2.7038361315502555,3.666976635964822,1.356212602226876,0.7588696846810778,15.954510373544853,-74.04548962645515,74.04548962645515
3475,1.039561305877423,0.9948257399564534,1.224605786345266,1.2309751719923037,0.7003694200040571,-50.03395380996931,39.96604619003068,39.96604619003069
3476,3.498528118032332,3.331294322210874,3.967507867157545,1.1909808871299117,0.7619894476717022,70.67306090612966,-19.326939093870337,19.326939093870337
3477,1.0569367929308613,1.0274471702200438,1.2606407468149343,1.2269640555289558,0.7561743859131553,-3.64931023679892,86.35068976320107,86.35068976320107
3478,2.8437552597393285,2.3545118519380903,5.053983409709041,2.146510074072853,0.388299560929112,-0.7903384723913631,89.20966152760863,89.20966152760863
3479,0.9350209696908578,0.7456657835227116,1.291653596563752,1.732215189574151,0.8005687153942178,-54.15874278385449,35.84125721614549,35.84125721614551
3480,0.9479184199131095,0.7304493718606512,1.4444949954914454,1.977542936085944,0.698153706267104,48.57602436640786,-41.42397563359214,41.42397563359214
3481,1.021890421280174,0.9452518696339068,1.1986571532452528,1.2680822876441271,0.836572984093321,-38.33756721761768,51.662432782382325,51.66243278238232
3482,2.7148725613463958,1.7688859319454555,4.27929310775961,2.419202408972273,0.6776167932171996,32.80791919439733,-57.19208080560267,57.19208080560267
3483,1.3718952479298128,0.985385762861778,2.0553647058960167,2.08584777998698,0.7526933635944211,-53.7769356355854,36.2230643644146,36.2230643644146
3484,1.1609582232861997,0.9265878108699784,3.0981443300596894,3.3436057475770427,0.2837418226928496,70.58637406232843,-19.41362593767157,19.41362593767157
3485,5.121320768400371,4.662537965526431,8.145165486160412,1.746938158227044,0.2542675313329454,43.17258888614154,-46.82741111385846,46.82741111385846
3486,5.181428075115662,3.5258607323845883,7.776495646987207,2.2055595036868785,0.6614587431037454,-73.96243374504334,16.03756625495666,16.03756625495666
3487,1.4783979621211876,1.4581991524384057,1.8819572776050464,1.2906037384934914,0.5530450703249917,7.118294107457516,-82.88170589254248,82.88170589254248
3488,1.1183396299962336,0.9740394231228424,1.4098836264716734,1.4474605370196234,0.7888363751874901,-11.333726396918111,78.66627360308189,78.66627360308189
3489,2.263660685112749,1.8274947235811985,3.055627539745376,1.6720308410836346,0.648423630954075,64.36275192803167,-25.63724807196833,25.63724807196833
3490,0.9543017810603904,0.9151850258579026,1.0688072886892157,1.16785923992507,0.8493167940855149,86.71896457267074,-3.2810354273292575,3.2810354273292575
3491,1.270810876469873,1.189704891014506,1.7898683403049689,1.5044641354535249,0.5901255342606567,13.783639780955005,-76.216360219045,76.216360219045
3492,4.568704203990335,3.237894291522214,6.73110322042398,2.0788520607507297,0.4908224911830457,-54.39465510594856,35.60534489405143,35.60534489405144
3493,1.585405189396292,1.5632236165584683,1.8180404158322483,1.1630072604933994,0.6739806156821425,58.38271040092996,-31.61728959907004,31.61728959907004
3494,1.0683634687220958,0.8670285554702407,2.2154463898763432,2.5552173292317644,0.3650799661684245,-34.6201162288456,55.3798837711544,55.3798837711544
3495,8.08701553187453,8.386540269435812,9.156681237135064,1.0918305931834584,0.3751326794240582,19.483576311912884,-70.51642368808712,70.51642368808712
3496,2.964997870440077,1.9763680047597088,4.643488118445346,2.349505814333354,0.6737616301353297,57.40980188603079,-32.59019811396921,32.59019811396921
3497,6.346405803733118,4.54050953349317,10.957853116503218,2.413353178904784,0.4367946816289498,3.726455705647494,-86.2735442943525,86.2735442943525
3498,1.2121260584033826,0.9367130118484688,2.6254077126286144,2.802787704899869,0.3832842442227478,-12.249335120146906,77.75066487985309,77.75066487985309
3499,1.2850634067342854,1.087206905404504,1.6075600967663342,1.4786146857375126,0.7674477509538264,-19.38939252441632,70.61060747558368,70.61060747558368
3500,2.263660685112749,1.6538152780903703,3.423419317563932,2.0700131162876247,0.4890037509486997,-68.13394587773978,21.86605412226021,21.866054122260223
3501,5.531658655562284,4.92888571906851,8.1643023870116,1.656419493644608,0.3478973715428292,70.88168107109584,-19.11831892890416,19.11831892890416
3502,0.9479184199131095,0.9173150713162626,1.0262930841509272,1.1188010709104466,1.0608470581402707,57.827434116131336,-32.172565883868664,32.172565883868664
3503,0.8606370140730026,0.6946792648824717,1.1742698170379549,1.6903769500542414,0.7786044178418019,-32.4877526719694,57.5122473280306,57.5122473280306
3504,0.9414917802541344,0.9006188827090055,1.02083662374184,1.1334834782402374,0.974463087912806,40.45682520328827,-49.54317479671173,49.54317479671173
3505,1.7665326322454526,1.194248762464864,3.6973110648288015,3.0959304133568915,0.3681662333681861,77.58675244397533,-12.413247556024672,12.413247556024672
3506,2.800730762998428,2.475529016834303,3.4175396670939886,1.3805290278779785,0.6512507946428376,-3.2112614115451734,86.78873858845483,86.78873858845483
3507,2.500683434603541,2.190350704025241,3.031539689931054,1.3840430595702993,0.8169731846183095,66.48379467412006,-23.516205325879938,23.516205325879938
3508,1.717743205908703,1.337225835850082,2.302473315844238,1.7218283210782734,0.8104910408594647,-15.652895769255638,74.34710423074436,74.34710423074436
3509,2.563030269375824,3.194321810003661,4.657409402170507,1.45802761249192,0.2142560003076527,11.01676658346286,-78.98323341653713,78.98323341653713
3510,1.0796692170979234,0.8591568350490698,1.6132187184179612,1.8776766390106456,0.59975733635184,15.099777789941346,-74.90022221005866,74.90022221005866
3511,1.1183396299962336,0.9132655893520372,1.4770549959600765,1.6173334604756635,0.7995776858278326,-78.16584319038478,11.834156809615223,11.834156809615223
3512,1.2221025728266244,1.0023392608736246,1.5492619423274263,1.5456462724777558,0.7877811111923672,-39.8129839651756,50.18701603482441,50.1870160348244
3513,6.05762427531946,4.84585688314055,9.026986790449618,1.8628257103208792,0.3159469578341388,80.11258767389967,-9.887412326100332,9.887412326100332
3514,5.23852863553266,4.967247906141775,6.02506864765836,1.2129591197187155,0.6763291189957258,-24.18863382455119,65.81136617544881,65.81136617544881
3515,3.8267382430089647,3.200740677448703,5.729637283560827,1.7900973121408563,0.4740478081854785,-61.6692188516198,28.330781148380197,28.330781148380197
3516,5.49532010444794,4.226281698560516,8.86731561941735,2.098136435732049,0.3602026912485486,-47.63929956518983,42.360700434810155,42.36070043481017
3517,3.2725733939180026,2.385682821958036,5.056628393762516,2.119572789484361,0.5389592356190436,69.09588563797719,-20.90411436202281,20.90411436202281
3518,0.9350209696908578,0.6830536760681553,1.4695089095527256,2.1513813058025293,0.6689439971946902,1.986027123774761,-88.01397287622524,88.01397287622524
3519,2.999605951892703,2.125123035874623,4.488669812233577,2.112192911402988,0.6546502376249372,73.48964333109329,-16.51035666890671,16.51035666890671
3520,1.4865885952249918,1.2452012504659953,2.7687815500628714,2.2235614917883373,0.2580727149618673,18.90872628852592,-71.09127371147409,71.09127371147409
3521,4.246374854959659,2.936575777846815,7.637764115351269,2.6009082322920696,0.3203704919092136,84.8757639680397,-5.124236031960294,5.124236031960294
3522,0.973200680696656,0.7184262920245941,1.5018241329141682,2.090435928620992,0.7211162944881379,-25.966860982096037,64.03313901790396,64.03313901790396
3523,0.9669420905017878,0.9510021495641844,1.1149448302679683,1.1723893902646951,0.7048945691478353,-18.320013071474047,71.67998692852595,71.67998692852595
3524,1.3938469657443524,1.1432128802378858,1.756114975994446,1.5361224548388783,0.8422149018487113,-5.720396358446285,84.27960364155372,84.27960364155372
3525,1.9650276361365868,1.8073589459490371,2.3014324195091205,1.2733676532088356,0.6400882880704373,-86.15236766237473,3.847632337625271,3.847632337625271
3526,2.572487977782321,2.117828244954496,3.18203633486202,1.502499715188372,0.8316340097770812,7.155279560500932,-82.84472043949907,82.84472043949907
3527,1.1074287385521373,0.9124958063603734,1.5979536429096046,1.7511901224875572,0.5915281060374313,-54.3426836109277,35.65731638907229,35.6573163890723
3528,4.422856744561881,4.180335823302891,6.049725921781741,1.4471865844026477,0.307012427008924,44.354431850952245,-45.645568149047755,45.645568149047755
3529,1.1970053909181526,1.0163685081074374,1.7371099989243002,1.7091340247829434,0.5927058679581425,-37.53319087883938,52.46680912116062,52.46680912116062
3530,0.9606427264386592,0.5975814608795398,1.8169257701100363,3.0404654244725497,0.491340609539948,18.726148825583778,-71.27385117441622,71.27385117441622
3531,3.965427251783207,3.234935530545614,5.101783202574387,1.5770896063928377,0.6757059810726632,-13.680468929818977,76.31953107018103,76.31953107018103
3532,0.9978425722559162,0.9651097560425952,1.116343819921592,1.1567014144579035,0.9439955097503986,-51.46309855732084,38.53690144267915,38.53690144267916
3533,1.2612197138901655,1.132222409340159,1.531452310575666,1.3526073127877514,0.7137504788358493,-88.0933449872601,1.9066550127399182,1.906655012739904
3534,2.306174458647176,2.342269364045569,4.438443759253473,1.8949331052118572,0.2222886867035519,30.76339556367306,-59.23660443632694,59.23660443632694
3535,1.8405906194279933,1.6820328112659304,2.2629906618195963,1.3453903197740986,0.6648161762827017,-73.83277120190148,16.167228798098506,16.16722879809852
3536,3.971546741923451,3.0100728640286145,5.681794651810076,1.887593725623535,0.6103911205661554,-27.715240289248147,62.28475971075186,62.28475971075186
3537,1.7106596985948357,1.5366259215110425,1.9558708004582748,1.2728347043208588,0.8359459921635871,42.2709840371137,-47.7290159628863,47.7290159628863
3538,1.0683634687220958,0.9375569417690752,1.4472843047019954,1.5436761653869429,0.6936028578312915,-58.18934074047405,31.81065925952595,31.81065925952595
3539,1.0453852243082644,0.9172372499932144,1.3211780817128111,1.440388603627453,0.8268459673082916,-29.55067218531709,60.4493278146829,60.44932781468291
3540,1.6892309650399413,1.2688404563846587,2.299853669127116,1.8125633191742252,0.8253039989840428,-65.77280937171237,24.227190628287644,24.22719062828763
3541,2.989468694267895,2.5650667651475323,4.411465569461355,1.7198248518913797,0.4532389125944114,-37.80859270104412,52.19140729895588,52.19140729895588
3542,1.2850634067342854,1.1330612483127385,1.7219639302952727,1.519744791254206,0.6429694558880467,-34.15901786287085,55.840982137129146,55.84098213712915
3543,1.7870346644469015,1.664346288452951,1.9907025417900728,1.196086749254855,0.9110148685433446,66.35302996153462,-23.646970038465383,23.646970038465383
3544,1.3450803768346336,1.343594310452324,1.589912793771869,1.1833280190332311,0.7042112081464066,-56.42647613606278,33.573523863937226,33.57352386393722
3545,1.2020667470700563,1.1814946371507342,1.2818069548012527,1.0849028971408872,0.8948624788473003,-86.65442323550968,3.3455767644903176,3.3455767644903176
3546,0.9086770491564996,0.7930161984986162,1.1735119448891849,1.479808290311024,0.7963133920819682,-15.325656023689204,74.6743439763108,74.6743439763108
3547,0.8884066096615684,0.8633205694401963,0.9511716617139896,1.1017595263955755,1.0854461347097306,-81.84185832240338,8.158141677596632,8.158141677596618
3548,3.3441435975499334,1.9094144119334588,6.116669399893289,3.203426852581256,0.521871330497155,26.705045579631417,-63.29495442036858,63.29495442036858
3549,2.1367269374441915,1.4591646954219808,3.775192419492576,2.587228454290977,0.4386858611854453,-39.91031787081854,50.089682129181455,50.08968212918146
3550,2.0108386281965918,1.6791717090230407,2.803744569438625,1.6697187990797395,0.4993594860046032,-74.60538230130652,15.39461769869348,15.39461769869348
3551,8.238007015853208,7.577828673690212,9.26052731306909,1.2220555137675666,0.4932391796850092,73.5506165577315,-16.4493834422685,16.4493834422685
3552,2.0198761507134417,1.6192299668054366,3.1380902414949627,1.938013936146495,0.5082570868009606,-71.73116970404926,18.26883029595075,18.268830295950735
3553,3.6762300849826985,2.657622830036379,6.73222903642586,2.533177003274654,0.3352429358794923,44.94817469095794,-45.05182530904206,45.05182530904206
3554,1.0740312192037882,0.9881468946620946,1.299899882338058,1.3154925541536715,0.7547453522603204,40.704667441557255,-49.295332558442745,49.295332558442745
3555,6.889503702890503,3.4979674940692007,18.622593579075964,5.323832657293284,0.1490672172616355,-35.687731699580134,54.31226830041987,54.312268300419866
3556,1.0453852243082644,0.9536774450152086,1.2519194079061269,1.31272833854864,0.854529350482194,-88.0623470706867,1.9376529293132876,1.9376529293133018
3557,1.4947343471339476,1.1231607381992352,2.106852216486836,1.8758243097642056,0.6842457349917049,55.81111887977762,-34.18888112022238,34.18888112022238
3558,1.6006498207486113,1.251026869040865,2.130919913405512,1.7033366477885814,0.8023579095960938,-84.35063755957708,5.6493624404229195,5.6493624404229195
3559,1.6999790965841823,1.3313728736164232,2.4287958200135007,1.8242791844001864,0.5471251348449592,-86.43187829466414,3.568121705335841,3.568121705335855
3560,1.1128975557056655,0.9193541089214028,1.4115044941231651,1.5353218965640554,0.957538919403582,74.05698138368255,-15.943018616317445,15.943018616317445
3561,1.1019327803667114,1.004149212007981,1.2674905045143994,1.262253148593145,0.9065194615172338,5.440003615029965,-84.55999638497003,84.55999638497003
3562,1.5068704138297195,1.2971926258530724,1.8792090104290655,1.448673830683583,0.7185246197905976,27.48220882684908,-62.51779117315092,62.51779117315092
3563,2.6969227938811677,1.9471310363681007,3.9044441485199135,2.005229270959957,0.6598131829326233,2.190315527101053,-87.80968447289895,87.80968447289895
3564,1.021890421280174,1.2043300658819,1.266915255136574,1.0519668079604445,0.4653657990257441,37.72236002775671,-52.27763997224329,52.27763997224329
3565,1.171370613113025,1.03253875438311,1.371248070186926,1.3280354508399812,0.9871685803914362,-42.7321516407493,47.267848359250706,47.2678483592507
3566,4.781677289568125,4.471819491990912,5.332307834240197,1.1924246593115917,0.6553115816331032,-78.54883961143318,11.45116038856682,11.45116038856682
3567,2.290324274544937,2.1918102080437096,2.4790789918807965,1.1310646253871988,0.8342607261389718,-68.03513898527474,21.964861014725273,21.96486101472526
3568,1.186817925731738,1.0038221166867205,1.5868728512202552,1.5808307317017374,0.6793788148548717,-64.45595972497978,25.544040275020222,25.544040275020222
3569,0.7791841414090482,0.4558298339365363,2.1706576149876344,4.76199110585168,0.3215560816437993,-53.08196316769818,36.91803683230182,36.91803683230182
3570,1.717743205908703,1.511847472700275,2.0111501513925027,1.3302599552588694,0.8031208924007146,23.25458057300672,-66.74541942699328,66.74541942699328
3571,0.9669420905017878,0.6532882735591459,1.863342829446463,2.85225206828661,0.4860711649724132,77.66417270033143,-12.335827299668566,12.335827299668566
3572,1.952629861669301,1.5353274522760183,2.5294258896381403,1.6474830081937497,0.8139479254088102,64.39033952161833,-25.60966047838167,25.60966047838167
3573,0.979419278671245,0.9255897105624284,1.1588949190306768,1.2520611517239988,0.8096622445281376,-20.6574542330718,69.3425457669282,69.3425457669282
3574,1.731823303788056,1.5915773529890955,2.104309897130021,1.322153706936064,0.6153136675950962,73.09980632835443,-16.900193671645567,16.900193671645567
3575,1.0039085404212729,1.0057478356602276,1.0642116207002117,1.0581296652769876,0.9593366386827682,85.90677106603198,-4.093228933968021,4.093228933968021
3576,1.0337045758596148,0.9299281519806998,1.2228387257020747,1.3149819403762433,0.8875992902638586,87.0370118022491,-2.962988197750903,2.962988197750903
3577,0.9606427264386592,0.6507515871694106,1.5616587786707816,2.39977713379627,0.698527647510117,60.63232441739682,-29.367675582603177,29.367675582603177
3578,1.191922542518033,0.9821207305223562,1.568404895354888,1.5969573257258378,0.7510473652209514,-4.304727343880806,85.69527265611919,85.69527265611919
3579,1.0159318257539256,0.8899345788427757,1.224083348118014,1.3754756554237366,0.8674851584429027,62.30304926574644,-27.696950734253562,27.696950734253562
3580,5.144975955564642,2.7889599824681426,10.070678220682042,3.610908110545856,0.4674837041739916,78.9975772218475,-11.002422778152507,11.002422778152507
3581,2.4041334941401127,2.195947560870897,3.3340687519001,1.518282499686756,0.4457585879756816,46.62407574418716,-43.37592425581284,43.37592425581284
3582,2.6991730427448086,2.5468972641230265,2.898704472995725,1.1381316843158322,0.9103965565739776,65.62001752732432,-24.379982472675678,24.379982472675678
3583,0.973200680696656,0.8223992651771406,1.392226485746797,1.6928839125931352,0.7211162944881379,21.54366677498641,-68.4563332250136,68.4563332250136
3584,1.4025314545362868,1.2270038287647236,1.65375092092965,1.347796055856281,0.832885925297635,49.08679904671086,-40.91320095328914,40.91320095328914
3585,1.6892309650399413,1.5059205536758835,1.9960914327419517,1.3254958423069418,0.7906201556963656,57.59224671459043,-32.40775328540957,32.40775328540957
3586,1.0796692170979234,1.0612700861116664,1.206357686371294,1.1367112878788534,0.8146825200910671,29.6434756950435,-60.3565243049565,60.3565243049565
3587,7.396916162242804,6.697919525730846,8.832703381635145,1.3187234256403464,0.3846713973150238,-84.1803566173588,5.819643382641203,5.819643382641203
3588,0.9414917802541344,0.8383056874163624,1.092042396243477,1.302678023823416,1.068483547442435,-16.8598974439995,73.1401025560005,73.1401025560005
3589,1.432512614476725,1.3516560551031187,1.5614533040027974,1.15521496619469,0.9023609752950784,-10.904611019918756,79.09538898008124,79.09538898008124
3590,2.0674091517192297,1.7600024406342414,2.663911481784696,1.513583970272631,0.6875017962880632,-1.9043284261471547,88.09567157385284,88.09567157385284
3591,2.8244753407624037,2.460788208455224,3.3812270646583937,1.3740422897998934,0.6701685660861469,15.81244845842987,-74.18755154157013,74.18755154157013
3592,6.3750406572343845,5.745418365190299,7.511740527987324,1.307431426316771,0.5954256211326544,-31.474566077397707,58.52543392260229,58.52543392260229
3593,1.3223193364400538,0.9392046342621868,2.9779422736024888,3.170706537177468,0.3586445785064351,25.99746543919252,-64.00253456080748,64.00253456080748
3594,1.2369164782162358,1.1911257863145306,1.4635236328450822,1.2286894043100012,0.6180964494298012,2.317598367598125,-87.68240163240188,87.68240163240188
3595,2.396545468392566,2.013185715490913,2.916098182372014,1.4484993410858404,0.9080270969834904,38.580741050271456,-51.419258949728544,51.419258949728544
3596,6.120440592635553,4.2649198754208975,9.267065503611317,2.172858054618615,0.5448075927609761,-82.49582446396418,7.5041755360358025,7.504175536035817
3597,1.432512614476725,1.1696875530523756,1.8190010525686544,1.5551170462760358,0.8038726063705594,-36.19300947705128,53.80699052294872,53.80699052294872
3598,1.7283140331024651,1.6120649973458876,2.054433427069203,1.2744110382966154,0.5612416386301561,-11.514455180836991,78.48554481916301,78.48554481916301
3599,1.0278144733504384,0.8556850590698531,1.2959957487240488,1.5145709685907365,0.9281309392450654,-3.0230730559131005,86.9769269440869,86.9769269440869
3600,2.314058838770094,2.1467723513267782,3.040828799509032,1.4164654196471724,0.481659884212302,-71.51186280452411,18.488137195475872,18.488137195475886
3601,1.0511768765181757,0.9348269670732996,1.4444601609841263,1.5451631284304477,0.6558635244977302,-24.479688186635205,65.5203118133648,65.5203118133648
3602,1.270810876469873,1.0897269454121878,1.5162835123335192,1.3914343576775436,0.9845208306265906,61.88523437823426,-28.11476562176574,28.11476562176574
3603,3.067651032379989,2.1401347360248977,4.898485005040159,2.288867575757703,0.5952171096061831,-68.41000759940813,21.589992400591882,21.589992400591868
3604,3.1535306295545262,2.744677933020358,3.806702340555811,1.3869395366059425,0.5938703269754859,-82.86535324044262,7.13464675955737,7.134646759557384
3605,1.9773476793114584,1.6475035734021637,2.4521574728378246,1.4884079843141205,0.8785652647561911,36.88755502501778,-53.11244497498222,53.11244497498222
3606,0.928505064734256,0.8172663197926983,1.1632048477784536,1.4232873906678345,0.850655255810035,77.0537071245865,-12.946292875413505,12.946292875413505
3607,1.2369164782162358,1.1453671398616578,1.4706511788429042,1.2839998002915778,0.7980341598859794,0.8388129667340463,-89.16118703326596,89.16118703326596
3608,6.336832098171194,6.227551595695475,7.386241735867348,1.1860586977669951,0.4493537484405953,27.48149771019506,-62.51850228980494,62.51850228980494
3609,1.096409273000846,0.7385397585658684,1.712613352962275,2.3189182885534945,0.7471680528983888,-0.0403491138215564,89.95965088617844,89.95965088617844
3610,2.649226080790764,2.043536008487305,4.780442971784039,2.3392996022236403,0.2694388196628003,-59.689993548445614,30.310006451554386,30.310006451554386
3611,1.1019327803667114,0.969934476981044,1.2865694083335983,1.326449815804148,0.9727592838294432,-71.33708772256709,18.662912277432895,18.66291227743291
3612,5.98401245726089,4.716784814648316,7.825618894589681,1.6591002562352763,0.6596850423277261,-43.36513620577391,46.63486379422608,46.63486379422609
3613,4.1553240814396455,3.45106619266202,5.664089430427833,1.6412578357585113,0.4783734683233788,80.91140657262602,-9.08859342737398,9.08859342737398
3614,5.270879803598329,5.421483595801596,5.898591577174832,1.088003214054306,0.62508176607076,-84.45822524611934,5.541774753880645,5.541774753880659
3615,0.9855986414141252,0.996966458372756,1.0635984308616255,1.0668347183892484,0.8518148918995964,-29.021564812794512,60.97843518720549,60.97843518720549
3616,3.754665157761251,3.4708500928352377,4.23202271508644,1.2193043784352615,0.6142680098617673,69.70866496124124,-20.29133503875876,20.29133503875876
3617,4.174274964902325,4.036222921180897,4.529762736921255,1.1222776406006734,0.7135794662216017,50.03742832634726,-39.96257167365274,39.96257167365274
3618,1.968114877060028,1.3964936946561033,3.127563078485227,2.2395826708372013,0.6034815745528015,4.882806133051036,-85.11719386694897,85.11719386694897
3619,1.2944779165271465,0.9471946042621424,1.921698824991528,2.028832107303353,0.6478428611452258,20.157182876417053,-69.84281712358295,69.84281712358295
3620,1.2612197138901655,1.2523702139012225,1.3451324405258769,1.074069333169218,0.7953767890710397,25.58127112308002,-64.41872887691999,64.41872887691999
3621,2.9792969441439467,2.4534049017748543,4.363438434279974,1.7785235658098482,0.3944738091128417,72.96128876089897,-17.038711239101033,17.038711239101033
3622,2.345331322347357,1.9974944810918045,2.9699430680930385,1.4868341796217162,0.6105139071734553,-2.643560998154164,87.35643900184584,87.35643900184584
3623,1.1183396299962336,0.8859574928394075,1.562770949068344,1.7639344570130735,0.7473900138561789,79.53050932740126,-10.469490672598738,10.469490672598738
3624,1.062665489594652,0.7467565446746718,1.6390254018920414,2.194859105796108,0.7695809166499682,27.09310683700365,-62.906893162996354,62.906893162996354
3625,1.139848131163964,0.9034172731112836,1.5932442954602115,1.7635751970661675,0.7014592530461398,7.2492174699965775,-82.75078253000342,82.75078253000342
3626,1.667526881973112,1.145846617476964,2.5880332832795867,2.2586210438690038,0.7574646354057206,-83.78648999227374,6.213510007726256,6.213510007726256
3627,2.043780842560348,1.250774567684505,3.930941674114883,3.142805886589167,0.4960343459256512,17.793378838176373,-72.20662116182362,72.20662116182362
3628,4.063727303015702,3.630144890800912,4.740047422726535,1.3057460694580565,0.7405479329811212,19.464866808762,-70.535133191238,70.535133191238
3629,2.0138556420885823,2.7906225181942146,3.828881777774676,1.3720529210995935,0.1972803875371969,84.03712162901293,-5.96287837098707,5.96287837098707
3630,1.0159318257539256,0.8992689102125649,1.9610465774336467,2.18071208196234,0.3961189302105814,74.02290220968978,-15.977097790310225,15.977097790310225
3631,2.386390569034138,1.3058892540620144,5.596641894151086,4.285694117431883,0.3215971442952735,-88.62541593855936,1.3745840614406575,1.3745840614406433
3632,3.132281482844322,2.6903244233379344,4.237455531033745,1.575072320005279,0.4832110399279076,79.04566673725695,-10.954333262743049,10.954333262743049
3633,2.9731771904499835,2.0223262509692046,4.764521981278805,2.355961101229536,0.5261008352607599,16.919423168987958,-73.08057683101204,73.08057683101204
3634,1.1183396299962336,1.094117018007629,1.2791373392304284,1.1691046918909265,0.8545229736365554,-73.66249445383379,16.3375055461662,16.337505546166213
3635,0.928505064734256,0.7905256404912736,1.1748096941961077,1.4861120677452282,0.9534125507561634,-24.498846876590743,65.50115312340925,65.50115312340925
3636,1.191922542518033,1.0069290690241892,1.5102836667912205,1.499890819772271,0.7258633923541086,49.56791428311509,-40.43208571688491,40.43208571688491
3637,2.950629502672764,3.0003218168321206,3.116888858315431,1.0388515128041789,0.5842486677267771,-36.82456492528589,53.1754350747141,53.17543507471411
3638,1.5777276373049178,1.3809004253344626,1.8466085039517133,1.3372495728679736,0.9486840058580412,-5.854391709178083,84.14560829082191,84.14560829082191
3639,5.899201024810288,6.409405106959139,6.617023282789956,1.0323927372924817,0.368124069682827,-69.00808787095016,20.991912129049837,20.991912129049837
3640,1.0683634687220958,0.9386064290748264,1.2870451765928863,1.371229875190086,0.9224347907112438,-55.66046358420882,34.33953641579117,34.33953641579118
3641,1.7665326322454526,1.5252276529081887,2.343679283662578,1.5366094885532844,0.7122972348983146,-60.67357748303672,29.326422516963277,29.326422516963277
3642,1.9773476793114584,1.37790064173894,2.8999516270133583,2.1046159201679138,0.7324999281150884,78.81656683917107,-11.183433160828926,11.183433160828926
3643,1.1816912584570125,1.0365943274989422,1.4399665431055604,1.3891321849887606,0.7625188048908439,40.87365049009378,-49.12634950990622,49.12634950990622
3644,1.731823303788056,1.6831975642773525,1.8220395714414768,1.0824870532792945,0.8700924789541357,-61.74058330748159,28.259416692518414,28.259416692518407
3645,1.2850634067342854,1.125709322581394,1.564206907517815,1.3895300288807153,0.7560300693829782,21.06430460365056,-68.93569539634944,68.93569539634944
3646,3.439019046593224,2.364765953147234,5.42993992473231,2.2961849216010912,0.5407349449772243,-88.90786342608554,1.0921365739144449,1.092136573914459
3647,1.9711972828282505,1.8517638395147349,2.1518856625817104,1.1620734872680225,0.8565455970231558,8.760890586242175,-81.23910941375783,81.23910941375783
3648,5.573209551558857,4.443148588060889,8.277439391276982,1.8629670440280013,0.4589998642891194,-2.038271778091372,87.96172822190863,87.96172822190863
3649,1.2071068813224677,1.1292896780495312,1.3372015773967054,1.1841085625667565,0.9478254456051602,-22.49958142210437,67.50041857789563,67.50041857789563
3650,0.9019708538191776,0.6849199266196621,1.276741979288836,1.8640748059266408,0.7380638789148718,-17.61887377667348,72.38112622332652,72.38112622332652
3651,0.8952144227026446,0.8530965304984791,1.0652569603033164,1.2486945172322623,0.8375592060937902,78.63866813379265,-11.361331866207351,11.361331866207351
3652,1.870041939381716,1.8087607212922652,1.9939901497694688,1.1024068171631165,0.7952845651863689,89.05364945610407,-0.9463505438959317,0.9463505438959317
3653,1.1970053909181526,1.0504230317644443,1.4257828062395137,1.3573415311015793,0.9492750505118414,15.253357130400472,-74.74664286959953,74.74664286959953
3654,1.2515550525870838,1.1762423901653454,1.4438805315653451,1.2275365550823054,0.8339860346138591,-40.86131219540241,49.138687804597595,49.13868780459759
3655,1.4660262135550917,1.4584091991538355,1.60559437968991,1.100921730760798,0.7016492386681059,41.79915388865944,-48.20084611134056,48.20084611134056
3656,0.8952144227026446,0.9125865697717984,1.0169122402898385,1.1143186564142924,0.7352975083210687,-79.65662731307008,10.34337268692991,10.343372686929925
3657,0.9086770491564996,0.8157522575110364,1.101068427876285,1.3497583582983692,0.8189041309565963,-25.849348691039182,64.15065130896082,64.15065130896082
3658,0.9479184199131095,0.8634153810591085,1.1916814199837138,1.380194800933402,0.7415085190292737,38.20228866094787,-51.79771133905213,51.79771133905213
3659,1.566140741422161,1.3518192384514662,1.9081784972001172,1.4115633532379457,0.8854994111832235,87.8643232081852,-2.1356767918148023,2.1356767918148023
3660,3.101113727578844,2.373070209300012,4.402035905525246,1.8549960672355,0.5793067198370349,-23.541048151409665,66.45895184859033,66.45895184859033
3661,2.271692622891249,1.268575451309409,4.768216195907008,3.7587170640779073,0.4045022483626904,26.23318789354063,-63.76681210645937,63.76681210645937
3662,0.84641062903508,0.6807274480109703,1.1120677371907186,1.6336460949827851,0.928428143577104,-74.78715255177534,15.212847448224665,15.212847448224665
3663,3.362249542535308,2.995437814276944,4.708304856590112,1.5718252718014212,0.4225051643808032,68.28341569846766,-21.716584301532336,21.716584301532336
3664,2.2148574771042746,1.9357006592827444,2.7994715592139405,1.446231650430526,0.6336905443523232,25.115305426986065,-64.88469457301393,64.88469457301393
3665,1.326902779425731,1.3172235284638882,2.0905914715690765,1.5871197457329584,0.4459686532940504,-14.817449292418145,75.18255070758185,75.18255070758185
3666,2.016868142863207,1.6617256711091055,2.632781857814701,1.584366122271838,0.7356500215989777,0.3394566734771839,-89.66054332652281,89.66054332652281
3667,1.367462618417021,1.2647027025303823,1.676910928888915,1.3259329054439415,0.672594089373168,68.3576555274516,-21.6423444725484,21.6423444725484
3668,1.889421129921366,1.525909826677224,2.444182234559966,1.6017868106153723,0.7219310939175534,26.90396293868717,-63.09603706131283,63.09603706131283
3669,0.9414917802541344,0.8469473997716153,1.1824728158407007,1.3961585054273289,0.7556602390118233,-85.06049139947996,4.939508600520043,4.939508600520043
3670,16.49810873659326,15.251097054724749,30.074367858710943,1.9719478376405704,0.1974610684152061,23.07553181202398,-66.92446818797602,66.92446818797602
3671,2.507956402267385,2.300148383586204,2.8952311578329857,1.2587149500846448,0.5700665267737098,10.558760823209742,-79.44123917679026,79.44123917679026
3672,1.8635374259717976,1.2691061080596069,4.286653689282066,3.377695262877683,0.3247217598091378,19.42984900425328,-70.57015099574672,70.57015099574672
3673,1.0278144733504384,1.0086722090771072,1.5361327389495754,1.5229256096537769,0.530931405156994,-26.884137680193263,63.11586231980674,63.11586231980674
3674,1.6784140066373283,1.36196165423045,2.160530990934387,1.5863376066598245,0.7659455754704638,-25.87825206602229,64.1217479339777,64.1217479339777
3675,1.3360224934845466,1.0377570139488337,2.551071366133388,2.458254997888329,0.4203187373920347,73.96501196084691,-16.03498803915309,16.03498803915309
3676,2.2823579051052425,1.995019524487574,2.6658104915778305,1.3362327831165215,0.8691602488623055,-34.8808520630836,55.11914793691639,55.1191479369164
3677,3.9989685641078982,3.762112023279297,4.435221423513617,1.1789179578038178,0.6995806506631617,-21.71755508705524,68.28244491294475,68.28244491294475
3678,1.1183396299962336,0.9993395354457434,1.3390545694023066,1.3399395519812367,0.8963075159359257,-68.53671107100897,21.463288928991034,21.463288928991034
3679,1.526882849696625,1.3207193591048134,1.933096149652633,1.4636691257125891,0.723021921016985,13.675470124324352,-76.32452987567565,76.32452987567565
3680,1.0740312192037882,0.92919149735562,1.336996869789194,1.4388819458573874,0.7798347219335393,89.24835023179389,-0.7516497682061072,0.7516497682061072
3681,1.4025314545362868,1.3608642133016575,1.4887370649982172,1.0939644458621784,0.8766192958391925,32.06786858292378,-57.93213141707622,57.93213141707622
3682,3.971546741923451,2.6717856222619627,6.514079537926987,2.4380996303184297,0.5355256600294972,-27.773706505809688,62.226293494190315,62.226293494190315
3683,1.432512614476725,1.2924094090701146,1.6506139273975466,1.2771602526363215,0.846639555070164,21.80923933356612,-68.19076066643387,68.19076066643387
3684,0.9669420905017878,0.7843251303156641,1.328394892281187,1.6936788596159775,0.7577274425148057,-24.690030227531835,65.30996977246816,65.30996977246816
3685,5.444261690828631,4.339366949979299,7.254353320480622,1.6717538304787127,0.6336614262680861,73.71296013668395,-16.287039863316053,16.287039863316053
3686,3.300284078143425,2.685546894925536,4.928932288137817,1.835355136583636,0.4121868256218125,54.2742729520126,-35.7257270479874,35.7257270479874
3687,2.223065747893686,1.3169675887906018,4.342401339500191,3.2972727472267613,0.5199853365951159,-32.9343570856594,57.0656429143406,57.0656429143406
3688,2.217596943181781,1.9988056611447476,2.543487896693686,1.2725038487418483,0.7567684847580767,-15.305408979055326,74.69459102094467,74.69459102094467
3689,3.960831429587923,3.2772295443434034,6.156250640568898,1.878492353761052,0.4369523067116625,-23.93058597754045,66.06941402245955,66.06941402245955
3690,1.7836340245157871,1.6358402144076516,3.874763135128807,2.368668468351528,0.2919848196935679,-64.12395130503884,25.876048694961156,25.876048694961156
3691,2.2285211321652416,1.6124546353252722,3.230337077518574,2.003366176479709,0.600027203965841,-43.22425058835972,46.77574941164028,46.77574941164028
3692,3.338692667116997,2.596059636156413,5.058410429398847,1.9484954655695268,0.514160253675424,-51.86937008989978,38.130629910100225,38.13062991010022
3693,1.5308539431383232,1.292574259743629,2.4778932488428653,1.9170219661765,0.4526441135926921,48.75863015056689,-41.24136984943311,41.24136984943311
3694,1.3450803768346336,0.9439867000676664,1.9907978174078416,2.108925705484133,0.7872423178230208,-54.09039810340778,35.90960189659222,35.90960189659222
3695,1.1237553499514827,1.056366390630208,1.2895415347620958,1.2207332098030683,0.8806950381125943,-19.05666105103217,70.94333894896783,70.94333894896783
3696,1.2319983017676563,0.9530914454350966,1.7385386857193046,1.824104805521198,0.7255896970107796,-15.840370111963392,74.1596298880366,74.1596298880366
3697,1.3718952479298128,1.113204573471337,1.889542895382295,1.697390524986868,0.6730160890403908,-79.97615852161456,10.023841478385435,10.023841478385435
3698,1.518909516610108,1.3840703179940883,1.7593297826687813,1.2711274563120103,0.8326466420471313,40.97537982713101,-49.02462017286899,49.02462017286899
3699,5.338406584077717,3.143003533460235,9.729138754774242,3.095490873999469,0.5115370990622621,-34.97823929344312,55.021760706556876,55.02176070655688
3700,2.9731771904499835,2.5803788123525297,4.05183659997896,1.5702487482002314,0.5387232974629124,-73.79053463518689,16.209465364813127,16.209465364813113
3701,2.2529068918238173,2.022602479510248,2.8353853592026748,1.401850036241048,0.5876492693697344,-28.89264841977195,61.107351580228055,61.10735158022805
3702,5.085631687127465,3.92809943941094,7.251519307762727,1.846063069332626,0.5129641218218646,-36.16035021497986,53.83964978502014,53.83964978502014
3703,2.5176210099559926,2.3710365400738564,2.7669087154094187,1.1669616510099128,0.8998246640494048,73.63306169856672,-16.36693830143328,16.36693830143328
3704,3.101113727578844,2.150358797371572,4.9891402156671525,2.320143141584317,0.5851940947900667,-23.28752258411689,66.71247741588311,66.71247741588311
3705,4.015634161685092,3.7986536114967113,4.494184889799578,1.1830994213838886,0.7689677085397431,-73.13063156503992,16.86936843496008,16.86936843496008
3706,4.856011599503767,4.089004317315447,7.104603900698129,1.7374899484974164,0.3245912883276931,-15.530516080154875,74.46948391984512,74.46948391984512
3707,3.2966027785279293,2.579871741297616,5.067176694611223,1.964119616296332,0.4296273985900037,-12.160384449273003,77.83961555072699,77.83961555072699
3708,2.173351160309283,1.2374932342377374,4.0127010094828925,3.242604402564357,0.5340931358700602,-30.53526761295504,59.46473238704496,59.46473238704496
3709,1.1557168501373432,0.9185211051617572,1.5702046316586813,1.7094921639085892,0.8462445630145546,-1.3334046317137065,88.6665953682863,88.6665953682863
3710,1.1504515979244476,1.0856925792507923,1.3246106104077198,1.2200604809529032,0.8412968907223809,-47.36537270421763,42.634627295782366,42.63462729578237
3711,3.76435463234445,3.632362183631852,4.251423409490425,1.1704293775131196,0.5841932501289421,-26.90706366907952,63.09293633092048,63.09293633092048
3712,4.083103336200708,3.9200884693402736,4.383082266012369,1.118107996871309,0.7265943786192027,7.186212165234228,-82.81378783476578,82.81378783476578
3713,3.3945968891341565,3.0781679235109785,4.2371695065151895,1.3765231825566704,0.4867281394060203,62.36683270672124,-27.63316729327876,27.63316729327876
3714,1.367462618417021,1.0980804941186826,1.8429026012970997,1.6782946342892735,0.7461348793548945,-58.60201602918615,31.39798397081384,31.397983970813847
3715,1.1128975557056655,0.9120245213088126,1.5683536892423915,1.7196398261218957,0.6328039830779407,50.24790030318356,-39.75209969681644,39.75209969681644
3716,6.141236583701596,4.583324697770603,10.443368896205689,2.278557506799703,0.2764317413291344,-24.653177617673727,65.34682238232628,65.34682238232628
3717,1.0453852243082644,0.9368136941411864,1.290510527981182,1.3775530140645982,0.8279649445764052,53.04844601257545,-36.95155398742455,36.95155398742455
3718,1.5700125414998518,1.1955861996326058,2.143176693454184,1.7925739642300698,0.7719367566256258,19.21499900519465,-70.78500099480536,70.78500099480536
3719,0.9855986414141252,0.976371719161985,1.0929681861805338,1.1194181116989164,0.8360202829270343,-9.222845555030933,80.77715444496907,80.77715444496907
3720,1.5892300566907107,1.5625655087710533,1.93082241974033,1.2356745422205744,0.4990361994653399,12.563708838303178,-77.43629116169683,77.43629116169683
3721,6.495797939631684,5.147090601193803,8.444995112161985,1.6407317777159929,0.5918335932722333,-26.841095957604427,63.15890404239558,63.15890404239558
3722,2.255600146690836,1.588722020592287,4.826966479600021,3.0382700164252103,0.2886150332428117,44.0672838733813,-45.9327161266187,45.9327161266187
3723,0.8606370140730026,0.6364083076717231,1.2511548842404168,1.9659625261928493,0.8510397070412467,-78.09893526678962,11.901064733210376,11.901064733210376
3724,2.8987325676804407,2.7132984010211407,3.767044412962471,1.3883634809738423,0.524257832816012,35.6545988413312,-54.3454011586688,54.3454011586688
3725,1.1128975557056655,1.04491285976312,1.2285331621238074,1.1757278615580573,1.011654088995207,-45.4378377279901,44.562162272009914,44.5621622720099
3726,8.122223861937679,4.656872131389276,18.30205153531376,3.930116829266201,0.1606717677683879,55.96779511858891,-34.03220488141109,34.03220488141109
3727,1.9987250322517305,1.4209797379209377,2.954588417557184,2.079261469188926,0.7067849440577182,-18.61753965374035,71.38246034625965,71.38246034625965
3728,1.833981655109284,1.7273339266969068,2.2500847815891896,1.302634509062132,0.681920575555094,39.34695753435944,-50.65304246564056,50.65304246564056
3729,0.9606427264386592,0.7628379635462034,1.4776627473662425,1.9370597924846773,0.609360631530488,28.08943633163737,-61.91056366836263,61.91056366836263
3730,1.0159318257539256,0.9073812006130436,1.291868691886742,1.423733146569415,0.7784665121153745,89.69947866066633,-0.3005213393336703,0.3005213393336703
3731,2.8223249975951434,2.089697300606279,3.955050859973476,1.8926429482518856,0.7124122295852406,14.380016754520597,-75.6199832454794,75.6199832454794
3732,3.5553345024020264,2.629613149168625,5.289730679619587,2.0116003303725423,0.5199756837469134,11.937453639071924,-78.06254636092808,78.06254636092808
3733,0.9350209696908578,0.8135908626300098,1.1190780237725386,1.3754800787155017,0.940707923691702,-51.4250494657303,38.5749505342697,38.5749505342697
3734,0.8392070033186643,0.8749582205784623,0.9091153793051892,1.0390386168429215,0.8489321335844005,40.3740068881455,-49.6259931118545,49.6259931118545
3735,2.3582391321080944,1.7522010769597685,3.820854483209002,2.18060274785274,0.5632397778878184,0.4080526054420416,-89.59194739455796,89.59194739455796
3736,1.5738748168108194,1.3965084688858185,1.9094960185699037,1.3673357957459176,0.7614469863151982,-66.51936401551842,23.48063598448158,23.48063598448158
3737,1.5700125414998518,1.376863530702058,1.8589111228267527,1.350105570650782,0.8505497434624243,73.42495656683474,-16.575043433165263,16.575043433165263
3738,1.1019327803667114,1.0059531305541949,1.4240789032321284,1.4156513459504638,0.6254443089017325,89.14803259688506,-0.8519674031149407,0.8519674031149407
3739,3.7074757247616295,2.834655876672014,5.141569655781606,1.8138249859866555,0.6806125122702098,83.1836499577122,-6.8163500422877945,6.8163500422877945
3740,1.5108941070107518,1.316301653824443,1.7946297078703577,1.363387869836795,0.8539437254563409,-19.28545914580213,70.71454085419788,70.71454085419788
3741,0.9855986414141252,0.8715015253525726,1.2402468940721314,1.4231150009409106,0.8308847847623038,23.786157597490966,-66.21384240250903,66.21384240250903
3742,2.4292557384703275,1.6158301820863912,3.763860194452216,2.3293661897020925,0.6639378192368907,-62.628015882002046,27.371984117997954,27.371984117997954
3743,1.176542252445381,1.065347569291201,1.3791083436701073,1.2945149389955977,0.8262153772863889,20.59300383845644,-69.40699616154356,69.40699616154356
3744,5.893022771038302,4.715052021356982,7.916837697949464,1.679056278083442,0.4384785677166776,-38.06171371244118,51.93828628755881,51.93828628755882
3745,3.572370222865336,3.3621274674994863,4.345589074911104,1.2925116959182534,0.5181989121031119,-83.15163512875215,6.848364871247838,6.848364871247853
3746,1.7353254778478429,1.3589895669528125,2.429055660962518,1.7873983141820995,0.6395156157158897,-74.44983402404215,15.550165975957839,15.550165975957853
3747,0.928505064734256,0.8359372949389762,1.0840062082435775,1.2967554083380266,1.0201125150733223,-83.36076613768755,6.639233862312437,6.639233862312452
3748,4.803213632193296,3.6538671586804914,6.684969708949448,1.829560139609336,0.4583036424818307,-19.318480746579358,70.68151925342065,70.68151925342065
3749,1.8990365667271207,1.3672675488782071,3.0578934823448103,2.2364997142320093,0.4906412125455571,-40.29591545061027,49.704084549389734,49.70408454938973
3750,1.1816912584570125,0.9001973547455827,1.632257998533981,1.813222389434032,0.8177946685151126,24.42199818281984,-65.57800181718017,65.57800181718017
3751,3.4706509556956857,3.185597403359508,3.90005081589552,1.2242761159280688,0.7597144717442712,-10.877907325126875,79.12209267487313,79.12209267487313
3752,6.313795976734244,5.032484648914492,8.523445807461059,1.6936854063329467,0.4316241349954954,-73.50045866957365,16.499541330426354,16.499541330426354
3753,2.022879685682126,1.7255924446873028,2.414291939123528,1.3991090112596227,0.8737690947644201,-4.7551882473516525,85.24481175264835,85.24481175264835
3754,1.4906670352488116,1.185694507213474,1.9058860695850783,1.6074006061343256,0.9754632803971016,-64.13431924442358,25.86568075557642,25.86568075557642
3755,5.739578492962639,4.851040008143391,10.11332156315591,2.0847738930577324,0.3292742424007678,-7.971958032738441,82.02804196726156,82.02804196726156
3756,1.6307115983086335,1.0526977800034754,2.907164905002268,2.7616329778834245,0.5521028273434918,40.3338352054276,-49.6661647945724,49.6661647945724
3757,1.0453852243082644,0.9360677261110468,1.2302023286340888,1.3142236339511917,0.9077720014062192,-73.25879567809804,16.74120432190196,16.74120432190196
3758,0.973200680696656,0.7429474253988053,1.4595136655889578,1.964491181600782,0.6168595562170393,-36.22869320545094,53.77130679454906,53.77130679454906
3759,1.6232483481616002,1.339383080624706,2.350977806560661,1.7552691538138097,0.5581201119010121,-29.62835340763563,60.37164659236437,60.37164659236437
3760,5.077268138225879,3.7912676892975448,8.642970200200008,2.279704549641389,0.3007923052931117,11.93721074093438,-78.06278925906562,78.06278925906562
3761,3.5994596741186595,3.485802853476504,4.014351196264008,1.1516288685862903,0.6019214002511201,1.0158137659721662,-88.98418623402783,88.98418623402783
3762,3.118683917632269,2.645061982353363,4.071312440599232,1.539212490202935,0.535752111565062,49.36942503427085,-40.63057496572915,40.63057496572915
3763,1.8635374259717976,2.940485353446108,3.2429020440469656,1.1028458415024718,0.2012919754094661,-19.85038975037479,70.14961024962521,70.14961024962521
3764,1.1237553499514827,0.7012200341175364,2.154507674700739,3.072513005724544,0.4897996512487684,24.545550856603047,-65.45444914339696,65.45444914339696
3765,1.6565682076297277,1.4320644580736208,1.9944927687268004,1.392739521941453,0.7943604541598341,-80.05681412793443,9.943185872065555,9.94318587206557
3766,1.3084726790995154,1.2072813726614635,1.5694865994241132,1.3000172411872506,0.7564706683707153,-32.30744610968743,57.69255389031257,57.69255389031257
3767,2.159338434195847,1.5057580921741798,3.2415361120322785,2.152760213529247,0.6396927671278255,-61.151083213889805,28.84891678611018,28.848916786110195
3768,1.7527313846366133,1.458178528057963,2.1931953583031376,1.5040650483477405,0.7903566800194023,34.45542293446692,-55.54457706553308,55.54457706553308
3769,0.9543017810603904,0.8183597560513369,1.1813300442259458,1.4435338926317378,1.0054818348294703,84.12371678649633,-5.876283213503669,5.876283213503669
3770,1.5108941070107518,1.393632314929134,1.881188987675512,1.3498459870106916,0.6900692447609436,18.889153930935034,-71.11084606906496,71.11084606906496
3771,2.110999521193558,1.609031471777442,5.246244816438739,3.26049857225191,0.2508278560247925,75.429394748844,-14.570605251155996,14.570605251155996
3772,2.7460023386177363,2.569836433372989,3.03799642092523,1.182175013737262,0.7218860808148138,50.2981125751278,-39.7018874248722,39.7018874248722
3773,7.840001993038811,5.38785013322796,13.244065718672603,2.458135506961075,0.4329552756727921,26.070314176375614,-63.92968582362438,63.92968582362438
3774,0.8676627389239214,0.7010686480381003,1.307266854372653,1.8646773864884172,0.6384542551229752,-57.47453284129036,32.52546715870963,32.52546715870964
3775,3.093272719512472,3.1793660076956707,3.749035480367594,1.1791770658971112,0.4035140387042997,-19.549972131552572,70.45002786844742,70.45002786844742
3776,8.133428480124284,6.682108476761591,18.20962477386216,2.725131571447827,0.2428115666929745,-52.23780338686626,37.76219661313374,37.76219661313374
3777,3.2502347478738187,2.651123753927544,4.073926452516975,1.5366790956029874,0.7744117810131059,-67.10574408340057,22.894255916599434,22.894255916599434
3778,2.099463918332859,1.9916262694875724,3.31031877142387,1.662118451709108,0.2708200857754326,57.00630491830806,-32.99369508169194,32.99369508169194
3779,1.780226888597607,1.225558261564998,3.154082645982155,2.5735884983178967,0.3966062686787851,-75.4261684967017,14.573831503298294,14.573831503298294
3780,0.8606370140730026,0.8200484433707069,0.9353577273505204,1.1406127710039289,1.108309941549719,-11.5840537761614,78.4159462238386,78.4159462238386
3781,1.514907113035081,0.9160326382662306,2.580027041832885,2.81652305175074,0.7153856673511526,-33.38736364597415,56.61263635402585,56.61263635402585
3782,1.6964039525710572,1.036766124698441,4.047499427985868,3.903965736885109,0.3189189457317766,-8.470929641079953,81.52907035892005,81.52907035892005
3783,0.8952144227026446,0.7972826801219732,1.0724444427627975,1.3451244702803886,0.9600536910089776,76.11727753356394,-13.882722466436064,13.882722466436064
3784,4.402218009713912,3.157764969570485,6.378643814573652,2.0199868818740065,0.6674136106818258,6.897157694658231,-83.10284230534177,83.10284230534177
3785,1.3450803768346336,1.0175881314806925,2.345439475753297,2.304900581279823,0.4543816532993668,-46.92951562073045,43.070484379269544,43.07048437926955
3786,0.9543017810603904,0.7595212816833724,1.2416569371528394,1.6347888691161898,0.940857169602298,-85.01168722095007,4.98831277904992,4.988312779049934
3787,3.1089349599944707,2.3026025087168387,4.697092984728717,2.0399061353174,0.4916666137490611,-71.47229076871632,18.527709231283666,18.52770923128368
3788,1.2369164782162358,1.2351605019519667,1.458707712672172,1.1809863660365807,0.6759950653525542,25.968792156836027,-64.03120784316397,64.03120784316397
3789,1.4865885952249918,1.1438580379596002,2.1941037220995785,1.9181608637496603,0.589125158898883,-8.478110137313205,81.52188986268679,81.52188986268679
3790,0.9855986414141252,0.9856079502374524,1.1082718599917594,1.1244550733633538,0.7323579939198289,75.09325565320287,-14.906744346797126,14.906744346797126
3791,1.2563966762852905,1.2125929603728962,1.4363493329418922,1.1845271908062096,0.8032632758343192,81.67566622017522,-8.324333779824784,8.324333779824784
3792,4.000486487322218,3.117581450973286,7.149345266063572,2.2932344763058548,0.2590409607417258,-86.67449130843826,3.325508691561737,3.325508691561737
3793,1.1451621372724683,1.219116319516823,1.3086759899177756,1.0734627770682683,0.728231603254664,-48.638480754449,41.361519245550994,41.361519245551
3794,3.928510135483642,3.3013422404445945,5.099194133688885,1.544582100946363,0.503826742162089,4.134535265232439,-85.86546473476756,85.86546473476756
3795,0.8676627389239214,0.7239096108580286,1.2967188297599872,1.7912717420936362,0.6829844849660007,-85.25446342675292,4.74553657324708,4.74553657324708
3796,1.585405189396292,1.198661540643814,2.306651671742408,1.9243561201633952,0.6397977748213168,20.46843444139425,-69.53156555860575,69.53156555860575
3797,2.79639190560923,2.181450092312901,6.014654734173623,2.7571819109537974,0.2357759987289321,-43.737164443787606,46.262835556212394,46.262835556212394
3798,1.3314704444981866,0.9074488584273628,4.093958840090814,4.511503653424362,0.2403686450106184,-40.08915735270417,49.91084264729582,49.91084264729583
3799,0.9543017810603904,0.8239392568024348,1.9999960589082328,2.4273586218841787,0.3784732797444218,79.02594847653204,-10.974051523467963,10.974051523467963
3800,1.8073041368518064,1.8120414243108824,2.9831539111452643,1.64629454444164,0.3835937271999226,-78.74155529562216,11.258444704377837,11.258444704377837
3801,0.9917395023300404,0.6794144818591464,2.705398428755432,3.981955788390605,0.3098007889752188,14.811029803463198,-75.1889701965368,75.1889701965368
3802,0.9086770491564996,0.7166254649801662,1.5085489135268582,2.1050729945364277,0.6479934235321166,89.67381754996315,-0.3261824500368533,0.3261824500368533
