,Pair Number,X1 coord,Y1 coord,X2 coord,Y2 coord,Spacing
0,1,2.3905561014187118,14.676820719900308,9.118053704690832,14.88143823294243,6.730608615026999
1,2,1.3264973958333335,97.0947265625,9.343878777472527,97.88912259615384,8.05664131489914
2,3,1.9386985085227273,60.49138849431818,2.5630627648305087,57.658567266949156,2.900811409034943
3,4,2.1263860887096775,50.73399697580645,4.30784761235955,44.83080231741573,6.293368061222668
4,5,2.193692835365854,79.12180830792683,2.8115234375,80.9443359375,1.9244016247891267
5,6,4.120586444805195,32.99132508116883,5.36369123542274,28.096671146137027,5.050044223982463
6,7,4.120586444805195,32.99132508116883,6.3742897727272725,35.91175426136364,3.688913835645982
7,8,4.983797940340909,21.729625355113637,5.36369123542274,28.096671146137027,6.378368993766102
8,9,5.088227370689656,70.75363685344827,5.406174150485437,73.8499317354369,3.1125764490228027
9,10,5.088227370689656,70.75363685344827,6.571261682242991,67.8546655957944,3.2562900856569583
10,11,9.118053704690832,14.88143823294243,10.352822580645162,10.923009072580646,4.146542607357126
11,12,9.343878777472527,97.88912259615384,11.9232177734375,92.7886962890625,5.715534810512051
12,13,10.480933480707396,75.3341036977492,14.812247983870968,75.2877184139785,4.331562872666816
13,14,6.571261682242991,67.8546655957944,9.558761760752688,64.44367439516128,4.5343155701706435
14,15,10.10999177631579,87.73026315789474,12.609258972772277,89.2220374381188,2.9106231330114705
15,16,10.924729567307692,30.177283653846153,12.856038411458334,29.951985677083332,1.9444055723608462
16,17,11.9232177734375,92.7886962890625,12.609258972772277,89.2220374381188,3.6320390810396974
17,18,12.918763241525424,4.022113347457627,17.01422842460053,8.57882848909787,6.12670286106923
18,19,13.432459677419356,52.16418850806451,14.826149164244187,50.36961755087209,2.272191740607421
19,20,14.105993960084035,42.320443802521005,14.676675451807228,46.18199359939759,3.9034912832940973
20,21,15.617239238410596,26.040588783112582,18.463652012711865,27.238645391949152,3.0882689843474482
21,22,9.118053704690832,14.88143823294243,15.788157393292682,15.49876143292683,6.69860964304825
22,23,16.30859375,60.70160308441559,19.678385416666664,64.69661458333333,5.226434037967103
23,24,16.83349609375,90.87611607142857,20.43535225756228,90.50492799154804,3.6209319816088636
24,25,17.117936643835616,99.74582619863014,21.271694106543624,94.33560979446308,6.820860840020179
25,26,17.134425951086957,79.0619338768116,18.940226236979164,80.25767008463541,2.1658023342930592
26,27,18.463652012711865,27.238645391949152,20.195761494252874,28.12724497126437,1.9467440685419963
27,28,14.812247983870968,75.2877184139785,20.07774939903846,74.27352514022436,5.362284321971281
28,29,19.678385416666664,64.69661458333333,21.386123285060975,68.9429306402439,4.57685139395245
29,30,20.43535225756228,90.50492799154804,21.271694106543624,94.33560979446308,3.9209170819518655
30,31,20.195761494252874,28.12724497126437,20.492723980686694,26.009254291845497,2.1387078427064745
31,32,21.021617542613637,54.1748046875,23.944743628640776,53.806697512135926,2.9462126548107275
32,33,21.107903079710145,34.08486186594203,25.865342881944443,32.72569444444444,4.9477843072979155
33,34,21.021617542613637,54.1748046875,22.493489583333336,57.216796875,3.3793673628452106
34,35,23.944743628640776,53.806697512135926,24.118498235049834,49.5039322051495,4.3062721639782975
35,36,24.989642518939394,0.7871685606060606,25.48331201603982,5.654664166205752,4.892465947035267
36,37,20.492723980686694,26.009254291845497,25.156250000000004,27.63044084821429,4.937278681962679
37,38,28.873599512545344,83.7298724210248,31.072103901273884,90.13796277866241,6.774735683324259
38,39,27.628580729166668,59.401041666666664,29.978904859875442,60.8396699844306,2.7556623443492216
39,40,25.48331201603982,5.654664166205752,29.109743128272253,11.46975212696335,6.853192730626749
40,41,31.072103901273884,90.13796277866241,31.722883169087133,98.31731392634855,8.205199501082834
41,42,24.989642518939394,0.7871685606060606,31.425878420398014,1.0868509017412935,6.4432089896893086
42,43,30.884650735294116,38.619025735294116,36.544585987261144,43.812512440286625,7.681612539785705
43,44,31.072103901273884,90.13796277866241,36.51740933641975,87.63864776234568,5.99148786469734
44,45,30.88433159722222,50.205078125,32.511655745967744,56.69732862903226,6.693093491965989
45,46,35.862514552431875,24.457382933770266,40.807801379003564,28.972975978647685,6.696748639751145
46,47,29.109743128272253,11.46975212696335,32.62531030957944,17.77307242990654,7.217413625931385
47,48,31.342377533783782,68.59031883445947,35.97983652456647,73.42489312379577,6.699189089009416
48,49,29.978904859875442,60.8396699844306,32.511655745967744,56.69732862903226,4.855287731498996
49,50,38.434108080306466,52.58312420190124,39.9314751059322,57.21332097457628,4.866295322226298
50,51,36.544585987261144,43.812512440286625,40.08059446839081,46.45519037356322,4.4144198528966365
51,52,36.51740933641975,87.63864776234568,40.7325316011236,90.00285287921348,4.832879218543117
52,53,38.696513044724774,62.45161983944955,39.9314751059322,57.21332097457628,5.381905451636464
53,54,41.563490608440574,1.358759935654807,46.183078972868216,1.5314619670542635,4.62281544606799
54,55,36.544585987261144,43.812512440286625,39.22404351635514,39.79720356308411,4.827235029451102
55,56,36.51740933641975,87.63864776234568,41.01587285850254,84.05823683375635,5.7493927050664535
56,57,40.807801379003564,28.972975978647685,41.717975895579265,33.00364424542683,4.132154925392341
57,58,40.7325316011236,90.00285287921348,44.227199689716315,92.43544991134752,4.257961175278097
58,59,42.954034674657535,94.06571061643835,43.220733484455955,99.26783112046633,5.208952485248454
59,60,44.3687273693325,17.387289436397985,51.49048593836374,20.33117830983969,7.706226496460107
60,61,43.09564092356688,72.96383608678345,43.419200450450454,70.9521044481982,2.037585569521437
61,62,42.954034674657535,94.06571061643835,44.227199689716315,92.43544991134752,2.0685016611385385
62,63,41.01587285850254,84.05823683375635,46.03847646736483,79.74948056198247,6.617546948931098
63,64,49.47651707848838,25.231649709302324,49.52896902447951,32.556732118168505,7.32527020002123
64,65,46.183078972868216,1.5314619670542635,50.066207627118644,0.6885593220338982,3.9735592375656146
65,66,47.758821833053695,87.5360476090604,47.81650641025641,91.00060096153845,3.465033541340394
66,67,46.183078972868216,1.5314619670542635,48.66419234764543,5.150623268698061,4.3879667393696575
67,68,49.47651707848838,25.231649709302324,51.49048593836374,20.33117830983969,5.298178036410152
68,69,53.178660741282,52.78116574909293,59.92431640625,51.460774739583336,6.87366734489738
69,70,51.49048593836374,20.33117830983969,54.439674233490564,22.694943985849054,3.7795634365880257
70,71,50.470680414244185,69.37624909156976,53.819175301892955,64.30536573922977,6.076699431899592
71,72,51.55208333333333,45.765625,52.858848769430054,39.68739880181347,6.217111034982252
72,73,52.811355446597354,90.18619299385632,56.0203758445946,89.41617398648648,3.30011229907002
73,74,53.819175301892955,64.30536573922977,56.82054341133005,60.824610016420365,4.596071249471272
74,75,55.60102103960396,75.38759540016503,58.547728089080465,72.73370150862068,3.965631755850619
75,76,54.56431658434651,3.7159835676291797,57.3218074845679,0.841531635802469,3.983243649739003
76,77,55.74273003472222,85.50482855902779,56.0203758445946,89.41617398648648,3.921187351892519
77,78,56.82054341133005,60.824610016420365,60.682504262520354,58.795583519951144,4.362532537357253
78,79,54.439674233490564,22.694943985849054,56.186018318965516,27.85560344827586,5.4481302987363165
79,80,60.153577302631575,14.218338815789474,63.98026315789473,19.443873355263158,6.476861574721476
80,81,58.68970951978765,37.40894214527027,63.46324573863637,39.97297190656566,5.418569612865466
81,82,58.68359374999999,98.97005208333334,60.46272440159575,94.2652925531915,5.029917306666982
82,83,59.92431640625,51.460774739583336,61.93655475583091,45.74455061042274,6.060059526961918
83,84,63.98026315789473,19.443873355263158,68.40331619719238,23.583212754819847,6.057848533362521
84,85,60.46272440159575,94.2652925531915,63.259983271121634,87.77259109841587,7.069641388641059
85,86,61.93655475583091,45.74455061042274,63.46324573863637,39.97297190656566,5.970084261699838
86,87,61.488912563131315,3.5432449494949494,64.35245673406442,7.143765528615489,4.600394946040556
87,88,62.89753871681416,68.36513643067846,64.76397447183099,69.9280644806338,2.4344047561862885
88,89,67.41678141861512,96.66047240332733,72.21265388257576,93.66358901515152,5.655236753036974
89,90,64.35245673406442,7.143765528615489,66.86278863232683,11.533151087921848,5.0565276452997745
90,91,64.76397447183099,69.9280644806338,66.32161458333333,74.12398726851852,4.4757134357386335
91,92,69.90086547821855,40.94458714863714,75.8760780451448,42.6129784657155,6.203764567329739
92,93,66.32161458333333,74.12398726851852,70.1935562015504,77.76514050387597,5.315066206383074
93,94,68.42322716346155,50.72397085336539,68.84092133620689,53.10681573275862,2.4191771620110765
94,95,68.73646349009901,67.56168780940595,70.10264295212765,63.87757646276596,3.9292649105030284
95,96,68.73646349009901,67.56168780940595,71.22726440429688,70.91255187988281,4.175210080101566
96,97,66.86278863232683,11.533151087921848,72.84798347513089,10.64350867146597,6.050952068516653
97,98,74.06237234477125,58.792041122004356,78.17976142305777,63.38736849477091,6.170083182979849
98,99,75.8760780451448,42.6129784657155,79.73071558805,46.93869708882536,5.793968604807389
99,100,76.86967879256966,29.430086590557273,83.45748546511628,34.680459665697676,8.424109103223259
100,101,74.70618206521739,17.208729619565215,79.28309903996865,19.445226782915363,5.0941229427095225
101,102,78.19650499713083,70.1493161820964,81.61404400887574,78.19442234587864,8.740898471171327
102,103,78.19650499713083,70.1493161820964,83.63347457627118,66.85315148305084,6.3580924755567745
103,104,78.98190676510988,12.066449175824175,79.61734669631994,4.006341716088808,8.085116954544194
104,105,72.84798347513089,10.64350867146597,78.98190676510988,12.066449175824175,6.296806699136469
105,106,79.28309903996865,19.445226782915363,83.98745888157895,21.317845394736842,5.063368640015839
106,107,81.58258226505909,91.70562243852459,87.76434124464504,96.12895167151163,7.601314727406649
107,108,83.23891207298136,55.532438858695656,84.90377286585365,58.78429878048781,3.6532662660421344
108,109,83.45748546511628,34.680459665697676,90.3240879186603,36.75799940191388,7.174008684868867
109,110,83.63347457627118,66.85315148305084,85.92504179526749,65.53859632201646,2.6418432183951768
110,111,87.76434124464504,96.12895167151163,91.31514537183544,98.5623516613924,4.304607468797137
111,112,89.72847811642661,49.05873574674211,93.82058323019803,52.10782797029702,5.103164474117716
112,113,88.1068874049831,25.433514569256754,92.06959794207317,25.78244092987805,3.978042785830872
113,114,88.83541980421687,17.001600150602407,93.37759444962687,13.59170942164179,5.679674752383014
114,115,89.74130306603773,82.79997051886792,91.97670541158537,86.35313452743902,4.197856371802742
115,116,91.2931683059307,70.91070904286553,92.93129280821918,75.7708823844178,5.128814365419486
116,117,91.6296456133225,55.25622271019497,93.82058323019803,52.10782797029702,3.8357003375208047
117,118,90.9150536380597,29.174440298507463,92.06959794207317,25.78244092987805,3.583103719781537
118,119,92.93129280821918,75.7708823844178,97.62490354938271,76.70958719135803,4.786559150803254
119,120,93.37759444962687,13.59170942164179,96.1208034206081,17.943676097972975,5.144395922785204
120,121,93.82058323019803,52.10782797029702,94.99541859567901,48.67380401234568,3.6294295253894533
121,122,94.51565470532319,94.52159576996198,98.05395153985508,96.34284420289855,3.979508806841904
122,123,93.37759444962687,13.59170942164179,97.5015219155844,2.2794545807453415,12.040510260361234
123,124,91.2931683059307,70.91070904286553,97.4816847300387,67.29006825976082,7.169851826344484
124,125,96.1208034206081,17.943676097972975,98.07709629095875,18.844456348604368,2.153714664135503
125,126,94.51565470532319,94.52159576996198,97.70063920454545,92.083068555622,4.011301688400257
126,127,98.07709629095875,18.844456348604368,98.52801367433796,23.144654397856243,4.323774942041177
127,128,97.3902925531915,80.56121176861703,97.62490354938271,76.70958719135803,3.8587632997735746
128,129,97.3902925531915,80.56121176861703,97.90471716772153,84.93868670886076,4.407597932717573
129,130,98.52801367433796,23.144654397856243,98.83563701923077,29.32285406650641,6.185853479353684
130,1,1.7283026674454829,1.3953283197040498,8.848723531420765,1.7696593237704918,7.130253640701703
131,2,1.1727025953389831,63.662357653601696,7.762135245420384,66.54803274718178,7.193590438415798
132,3,0.7839133522727273,80.7290926846591,3.6077325994318183,83.75688032670455,4.140223803847965
133,4,1.507026627218935,15.460313424556213,5.549519524877651,17.888936327487766,4.715925999447493
134,5,3.0977188056049823,56.043740269128115,5.428393031189084,48.58750609161793,7.8120080936768765
135,6,1.7188228777985075,96.38161730410447,6.098090277777778,96.3995422979798,4.379304084660784
136,7,1.3642723880597014,34.602378731343286,10.21003170289855,32.25062273550724,9.153043981103174
137,8,5.5394799957362135,24.80851824545196,9.9853515625,26.803023726851855,4.872763702817212
138,9,5.428393031189084,48.58750609161793,9.565336385350319,48.916762042197455,4.150025276613485
139,10,5.549519524877651,17.888936327487766,6.8511566558441555,19.923143262987015,2.415006641221502
140,11,6.098090277777778,96.3995422979798,6.253150201612903,98.54145665322581,2.147519658859655
141,12,3.6077325994318183,83.75688032670455,8.880328253756666,86.85261906204556,6.114234477961744
142,13,3.6077325994318183,83.75688032670455,9.093196457326892,78.85996418746645,7.353237478213499
143,14,9.9853515625,26.803023726851855,11.748106786809815,22.323140337423315,4.8142144908291415
144,15,9.9853515625,26.803023726851855,10.21003170289855,32.25062273550724,5.45223038073344
145,16,13.855899277553762,92.74659515709006,17.067418015687583,86.14467727803739,7.341605566028448
146,17,10.537269467213115,21.108158299180328,11.748106786809815,22.323140337423315,1.7153158215854034
147,18,7.762135245420384,66.54803274718178,14.751481681034484,70.3771551724138,7.96951329407551
148,19,15.313555743243242,62.27169552364865,19.097806490384617,58.83563701923077,5.11146278114421
149,20,17.067418015687583,86.14467727803739,18.54894301470588,81.7314425770308,4.655271941453556
150,21,16.71505489864865,51.48840944739382,20.20428049116998,47.127871481788084,5.584710071704251
151,22,16.048177083333336,39.48355412137681,17.19285102739726,35.50674229452055,4.1382738846580365
152,23,16.13292474856322,29.34345815373563,16.515261627906977,25.044285973837212,4.316139817211539
153,24,16.976436491935484,10.65555695564516,26.86571903522533,12.650578918282942,10.08850939695376
154,25,18.54894301470588,81.7314425770308,20.831028761061948,82.28014380530973,2.347123429143922
155,26,16.515261627906977,25.044285973837212,20.322774355209397,22.29644806562819,4.695504907713379
156,27,20.20428049116998,47.127871481788084,20.737548458774587,42.46067156770045,4.697566366038132
157,28,23.54248320268757,95.87638373693542,25.50828096171587,91.04427323570111,5.216670655268509
158,29,23.57176400273224,50.90724257172131,26.511863425925924,47.48263888888889,4.5135457240104735
159,30,22.557274070945947,78.18636507601352,25.043751394466756,74.97089050647033,4.064707392637526
160,31,23.086902707122093,67.27011037427324,29.824086782094593,67.6429542335304,6.747493001363458
161,32,25.50828096171587,91.04427323570111,29.53049879807692,91.87049278846153,4.106199589949886
162,33,26.86571903522533,12.650578918282942,34.788335755813954,11.250908430232558,8.045305039367351
163,34,26.12930689102564,30.193309294871796,33.83543424079755,30.467391998977504,7.71099993902169
164,35,26.511863425925924,47.48263888888889,30.271204685619736,45.349165162454874,4.322540554838148
165,36,30.067437719628515,21.702924981174696,37.9171391969086,19.291178385416664,8.2118411409722
166,37,28.061147836538463,0.7057124732905983,33.091329966329965,4.327289825336701,6.198270305151838
167,38,30.631510416666668,52.02455873842593,33.531852778726105,59.1188380925673,7.664253738737585
168,39,29.661657816852365,81.10065938370474,31.491450370179063,74.88929601411846,6.475274179310713
169,40,25.043751394466756,74.97089050647033,31.491450370179063,74.88929601411846,6.448215236992613
170,41,30.631510416666668,52.02455873842593,34.25469591777835,47.67323587416624,5.662286097019038
171,42,30.271204685619736,45.349165162454874,34.25469591777835,47.67323587416624,4.611887582077333
172,43,30.271204685619736,45.349165162454874,34.18652617296919,39.71217393207283,6.863338289834213
173,44,36.58643419597112,79.17975117897066,41.02601396276596,82.62965425531915,5.622428278060366
174,45,35.54611744093794,87.24683753526094,41.02601396276596,82.62965425531915,7.16572727156963
175,46,33.091329966329965,4.327289825336701,34.788335755813954,11.250908430232558,7.128556883100689
176,47,37.9171391969086,19.291178385416664,39.43413628472222,21.43012152777778,2.622281054862091
177,48,38.473618600571726,94.24477813149689,45.71504171680351,95.08608238073329,7.290130423255768
178,49,34.25469591777835,47.67323587416624,38.801457331730774,49.23753004807692,4.808331895568102
179,50,33.091329966329965,4.327289825336701,39.943035146942016,2.8513453137410645,7.008871241743229
180,51,38.801457331730774,49.23753004807692,44.324126750477404,52.28534895170274,6.307858398700636
181,52,38.801457331730774,49.23753004807692,41.60686167635659,43.41972072259136,6.458885266402568
182,53,41.02601396276596,82.62965425531915,43.54145494579946,84.08176659891599,2.9044919689251745
183,54,37.9171391969086,19.291178385416664,42.04701206140351,15.514065926535087,5.596644387839006
184,55,44.705140244971936,64.96958861962115,46.97337623575738,75.15158972855228,10.431588617855352
185,56,43.832155257936506,36.61334325396825,48.30341339111328,39.243507385253906,5.18747652052528
186,57,46.97337623575738,75.15158972855228,51.71669407894737,78.1273985745614,5.599509125763677
187,58,45.958650420984455,20.189291207901555,49.51075819672131,21.749167520491802,3.8795210736675196
188,59,43.54145494579946,84.08176659891599,47.27742603242794,85.49079302937915,3.9928480364105736
189,60,47.24372440829734,8.549948816594673,51.57037550403226,11.824281754032258,5.4259714235713465
190,61,47.24372440829734,8.549948816594673,47.36592902711323,0.9415183911483254,7.609411771465494
191,62,47.29096283783784,26.857580236486488,47.70889945652174,29.090523097826086,2.271718477110315
192,63,49.00179938046647,23.282616618075803,49.51075819672131,21.749167520491802,1.6157057936161245
193,64,48.30341339111328,39.243507385253906,52.0634899400685,38.20165346746575,3.9017477160899947
194,65,49.00179938046647,23.282616618075803,54.359993204469944,26.934602461492,6.484384446969605
195,66,52.24428901437371,18.426350744353183,56.373825571895416,17.873008578431374,4.166444495309552
196,67,47.27742603242794,85.49079302937915,54.021359931830446,86.01923174271057,6.764605820981568
197,68,52.0634899400685,38.20165346746575,55.06886706804281,37.53135751146789,3.0792187889103055
198,69,54.06518075980392,70.02862668504902,61.23940461601307,69.39593545751634,7.202068184098042
199,70,55.06886706804281,37.53135751146789,60.2783126759462,32.57622502541445,7.18969133524145
200,71,58.36361434108527,96.83487766472868,62.298262746710535,90.92696340460526,7.09823280689349
201,72,59.15245643028846,76.30098783052884,65.33395145716293,73.92687851123596,6.621727556100978
202,73,60.93881688755949,57.64967072646747,67.6007080078125,61.48864746093749,7.6888578908644245
203,74,67.90466576683748,42.66156890556369,71.35552457512553,50.53901421881035,8.600149485789826
204,75,61.23940461601307,69.39593545751634,65.33395145716293,73.92687851123596,6.106943490030037
205,76,61.83766084558824,3.1169577205882355,64.25115411931817,4.603160511363636,2.834386797465767
206,77,65.41569104226706,81.72829986191162,68.47810813848922,74.71546200539568,7.652339072010392
207,78,64.5636944731405,16.591070506198346,66.53371710526315,12.16968201754386,4.840419954785111
208,79,64.5636944731405,16.591070506198346,66.34846258600918,21.11794008027523,4.865998906433892
209,80,65.33395145716293,73.92687851123596,68.47810813848922,74.71546200539568,3.2415405541177376
210,81,67.35358205782312,65.5973934712774,67.6007080078125,61.48864746093749,4.116171159298678
211,82,70.37225979477611,56.97149020522389,71.35552457512553,50.53901421881035,6.507192708385263
212,83,70.05690151173285,90.59679602888086,74.9778953758446,91.52238175675676,5.007283649871752
213,84,67.6007080078125,61.48864746093749,70.37225979477611,56.97149020522389,5.299642344599049
214,85,72.36854416167665,23.7564909244012,72.76928824040371,31.945938120450034,8.199246379607516
215,86,71.26292913732394,99.36179577464789,79.470703125,97.5849609375,8.397898300841355
216,87,66.34846258600918,21.11794008027523,72.36854416167665,23.7564909244012,6.572924214893162
217,88,73.39831912878788,3.586529356060606,74.60402397260275,7.762334118150685,4.3463858067931325
218,89,76.47732204861111,68.78960503472223,79.42212975543478,71.24978770380434,3.8372374431901037
219,90,79.9325639599555,38.266911151279196,88.8032295334507,41.576804577464785,9.468056939493943
220,91,82.28351549878838,82.12847239751615,82.62841235632183,86.65252334770115,4.53717873156946
221,92,80.49270791023558,60.66579191206336,81.42731607982844,54.28644464236303,6.447446317582085
222,93,79.0686565896739,75.76957370923914,82.2367931547619,76.55784970238095,3.2647309745844644
223,94,74.9778953758446,91.52238175675676,79.470703125,97.5849609375,7.545872235444505
224,95,79.42212975543478,71.24978770380434,80.68870473130842,69.60335134345794,2.0772493490623636
225,96,81.9265342620482,18.57351280120482,84.22078047648515,19.880298576732674,2.640313382078015
226,97,81.9265342620482,18.57351280120482,83.13551682692307,12.374799679487179,6.3155113179794
227,98,83.13551682692307,12.374799679487179,85.38128396739131,2.1975015096618358,10.422133566920795
228,99,80.49270791023558,60.66579191206336,86.53537543837675,63.101006700901806,6.514913807828093
229,100,86.70032429245283,46.78978110259434,88.8032295334507,41.576804577464785,5.62115065659764
230,101,82.2367931547619,76.55784970238095,86.48838141025641,74.08603766025641,4.917911900985087
231,102,81.42731607982844,54.28644464236303,88.15014982876713,54.71960616438356,6.736773895569597
232,103,88.8842536407767,28.271958434466022,89.82633359872611,31.626837015658175,3.4846412931192594
233,104,89.39712631118881,98.15067744755245,94.59923852848101,93.70302610759494,6.844236550786848
234,105,90.82976310483872,80.67351310483872,93.28729538690477,82.00799851190477,2.796482830104459
235,106,88.8842536407767,28.271958434466022,93.11544215425532,25.81532579787234,4.892647560142735
236,107,92.51953125,89.79817708333333,94.59923852848101,93.70302610759494,4.424141528753765
237,108,93.26171875,20.729417067307693,97.3597515060241,21.353774472891565,4.145322018776571
238,109,93.35600754310344,69.12244073275862,96.00326880317091,67.09475299690641,3.334592888671633
239,110,94.59923852848101,93.70302610759494,97.85907451923077,94.17067307692307,3.2932088264349804
240,111,97.84752711776859,58.41261178008781,99.73288143382352,52.37534466911765,6.3248047453078655
241,112,93.35600754310344,69.12244073275862,97.34162658100107,74.53673725107642,6.723077115690428
242,113,97.3597515060241,21.353774472891565,98.68918761638734,17.610131517690874,3.9726896364505397
243,1,0.38276760057471265,43.363864942528735,6.343296595982142,42.695835658482146,5.997847032847412
244,2,0.7187157346491228,76.67985882675438,2.807285774886878,71.45034997171946,5.631153316849705
245,3,1.3275971283783783,97.4780933277027,2.538102995360262,90.96963985171034,6.6200673035215125
246,4,1.3275971283783783,97.4780933277027,2.738444010416667,97.75390625,1.4375540659965933
247,5,2.738444010416667,97.75390625,3.0361276455026456,99.31278935185185,1.5870513765588197
248,6,2.643559405193237,35.83099807518116,3.3918709590517246,29.346124057112068,6.527906342148734
249,7,0.7187157346491228,76.67985882675438,2.9385055171832883,82.23972371967655,5.986615429956349
250,8,2.6064918154761902,4.136698082010582,5.584409916201118,5.197058310055866,3.16106944369234
251,9,3.3918709590517246,29.346124057112068,7.273625753012049,26.641330948795183,4.731165399690912
252,10,6.286168981481481,13.394278067129632,7.678674768518519,18.780140817901234,5.562965929886745
253,11,6.343296595982142,42.695835658482146,10.759958002921536,39.25895372495826,5.596343038854099
254,12,8.674225983796296,0.4403573495370371,11.984433378005198,1.6778600146198832,3.5339617766413993
255,13,7.4905654131355925,20.691538665254235,7.678674768518519,18.780140817901234,1.9206318909276372
256,14,3.0361276455026456,99.31278935185185,8.163371128318584,99.34406111725663,5.127338847334946
257,15,9.926679057459678,94.25094768565188,14.33359375,94.49570312499999,4.413706190087675
258,16,9.717465753424657,62.58160316780822,14.2486572265625,63.7481689453125,4.67894986930628
259,17,5.584409916201118,5.197058310055866,9.663146219135802,7.482156635802468,4.675228784477529
260,18,10.318949685167912,30.646389633861943,13.97705078125,30.878316945043103,3.6654459356030213
261,19,10.759958002921536,39.25895372495826,13.14327250796742,42.14835450601983,3.745507295889479
262,20,9.84691722972973,69.33065878378379,14.167198768028847,73.24735201322116,5.831407928081241
263,21,9.717465753424657,62.58160316780822,10.280443274456522,57.19896399456522,5.412000384194115
264,22,9.663146219135802,7.482156635802468,14.735043960244647,11.667682052752294,6.57592348740449
265,23,17.139369419642858,35.929328762755105,18.6361264666065,41.566307536101085,5.832307549228561
266,24,18.933200096899224,96.22639763673557,22.362674689440993,98.44265576475155,4.083270266696345
267,25,18.07794744318182,83.21910511363636,22.294347426470587,87.83381842320262,6.250888556722592
268,26,18.6361264666065,41.566307536101085,22.592979753521128,39.513644366197184,4.457590607407441
269,27,19.709236391129032,54.54364079301075,21.992570465686274,56.60117953431373,3.0736102823872824
270,28,19.817849864130434,23.562754755434785,21.18288070436508,18.243117559523807,5.4919804343161385
271,29,21.458984375,62.83698918269231,21.992570465686274,56.60117953431373,6.258596974321417
272,30,21.18288070436508,18.243117559523807,24.726961096938776,17.419350552721088,3.638557119315575
273,31,21.959112682481752,12.368128421532846,24.726961096938776,17.419350552721088,5.759846340313095
274,32,22.294347426470587,87.83381842320262,25.83232309626437,90.4018124401341,4.371711919951802
275,33,24.97689050572519,7.167670562977099,26.209751022196258,4.141263872663552,3.267886550700301
276,34,24.705952175414364,30.162832354972373,29.64281311637081,30.283260909763314,4.938329574577863
277,35,27.875905797101446,78.53260869565217,34.425080128205124,79.83273237179486,6.676975811881763
278,36,28.4836200105042,98.25285582983193,32.80416349085366,95.05549733231707,5.374960216338414
279,37,29.93795042246521,38.742156436381705,34.679143345771145,34.911866449004975,6.095082585445808
280,38,29.985194052419356,85.12317288306451,32.92753067484663,87.55931269171779,3.819963608070367
281,39,31.815667521909596,71.17446955719558,33.92940431769723,64.33214785447761,7.161372042098617
282,40,32.80416349085366,95.05549733231707,34.09606746941896,96.86036649464832,2.219587480359165
283,41,26.209751022196258,4.141263872663552,35.1173355230355,5.233549187275628,8.974304922839915
284,42,32.20288825757576,13.954486268939394,39.301881204873645,17.500564079422382,7.935387117449594
285,43,29.93795042246521,38.742156436381705,33.130670362903224,46.330015120967744,8.232196549847327
286,44,34.425080128205124,79.83273237179486,39.10732581967213,77.72156762295081,5.136189376573168
287,45,36.921875,92.40511067708333,39.485131169142306,95.79965822652132,4.2536143753332345
288,46,36.5478515625,24.2462158203125,38.39314778645833,23.563639322916664,1.9674930314875432
289,47,38.39314778645833,23.563639322916664,39.301881204873645,17.500564079422382,6.130797487604533
290,48,39.905691964285715,28.86886160714286,42.416527157738095,32.56022135416667,4.4643510335351895
291,49,40.80686283682635,53.69339446107785,42.15218256978155,50.8765359526699,3.121630509888851
292,50,45.17607908178461,78.06883078687157,48.29960348618091,81.10327025753769,4.354793635293826
293,51,41.33939302884615,87.2100360576923,42.89074056952663,85.20825628698225,2.5325484086981125
294,52,41.531982421875,38.25927734375,46.57420473235646,40.66144587320574,5.585196457800259
295,53,42.42240287162162,64.73025760135135,48.615147040142276,69.20017149390245,7.637421720945348
296,54,46.66174647703549,2.2293759786012526,53.23745265151515,1.5314275568181819,6.612642716233756
297,55,42.416527157738095,32.56022135416667,45.34696691176471,27.959558823529413,5.454683572196389
298,56,45.681640625,15.364257812500002,50.83806818181819,14.824218750000002,5.184629913285987
299,57,45.521282327586206,20.97252155172414,45.681640625,15.364257812500002,5.61055585055935
300,58,46.57420473235646,40.66144587320574,50.47146096214511,44.199341975552045,5.263583850536021
301,59,47.11459387651822,92.97982034412956,52.97706528465347,94.76846122112211,6.1292582910211895
302,60,47.04811789772727,84.63689630681817,48.29960348618091,81.10327025753769,3.7486970048619286
303,61,48.615147040142276,69.20017149390245,54.86988740808824,68.17411534926471,6.3383411301666
304,62,51.73247747998221,63.67427296485765,54.86988740808824,68.17411534926471,5.485610498521062
305,63,50.47146096214511,44.199341975552045,53.94474224452554,41.2316092609489,4.568492128904244
306,64,50.83806818181819,14.824218750000002,52.23500790118679,20.840287183952526,6.176124997241364
307,65,52.022512335526315,30.323550575657894,55.24411215379009,32.16620353498542,3.711344138928064
308,66,53.240402497343254,87.09297788257173,58.21952528625955,83.31295722010178,6.251417435734501
309,67,52.75836569725434,99.4572457550578,52.97706528465347,94.76846122112211,4.69388217951868
310,68,53.223343970070424,57.128218529929576,58.36390053353659,54.227801067073166,5.902350653852871
311,69,55.13478405070755,76.66061689268868,56.764941702477245,80.45650594034377,4.131124257600007
312,70,56.764941702477245,80.45650594034377,58.21952528625955,83.31295722010178,3.2054839440933196
313,71,57.38252219240297,7.97773340730801,58.99973665730337,5.327569054307116,3.104634233432293
314,72,58.32276113647581,17.111823636475815,60.332258357558146,13.70594113372093,3.9545056206951457
315,73,58.36390053353659,54.227801067073166,60.44141289328231,51.2379756590136,3.640757280508384
316,74,55.24411215379009,32.16620353498542,59.22963811063219,32.51167385057471,4.000470833741381
317,75,62.40898516096579,69.12502357897384,63.92591783216783,74.0565586756993,5.159566177421813
318,76,58.32276113647581,17.111823636475815,61.60326760912699,24.170696924603174,7.783920272905179
319,77,62.418451997422686,81.75615133698454,64.53400926246537,78.61896208448753,3.783852395067445
320,78,62.46294466403162,95.85790822628458,63.33859465843024,99.5406749636628,3.7854370625635325
321,79,62.80465411324786,3.551515758547009,64.6315586419753,1.2791763117283952,2.915665741928038
322,80,63.92591783216783,74.0565586756993,64.53400926246537,78.61896208448753,4.602749184142425
323,81,61.60326760912699,24.170696924603174,69.38347493136253,21.47595743279913,8.233665459906412
324,82,58.36390053353659,54.227801067073166,65.36719364190252,57.015588148584904,7.537763008580834
325,83,65.47743055555556,42.03233506944444,69.27251541397533,39.79993944509689,4.40298300089986
326,84,62.40898516096579,69.12502357897384,66.62207609097634,65.8275355954142,5.350099268822715
327,85,62.418451997422686,81.75615133698454,65.7935573630137,86.04853381849315,5.460392256642678
328,86,71.4079725284495,51.294581999762926,77.11421638694209,54.36798287071192,6.481281654590735
329,87,73.49725979477611,98.58034048507463,78.1239738129313,91.92291221475062,8.107270427233994
330,88,71.05122227822581,13.178868447580644,74.45370853471002,13.689552669156416,3.440597491676461
331,89,71.5872099905303,31.77675189393939,76.05636691404702,30.82085940595694,4.570240043542436
332,90,74.01481525911709,75.75244671705055,81.45694773649012,74.55684332361947,7.537559504584647
333,91,76.65447263462755,66.0615727057963,81.45694773649012,74.55684332361947,9.758759653463116
334,92,74.45370853471002,13.689552669156416,75.73408708058305,10.45802822469747,3.475934328474526
335,93,79.69012920673076,3.649714543269231,87.37219484060402,3.673579068791946,7.682102701651089
336,94,82.40862424488847,44.28656482342008,82.6025390625,48.4208984375,4.13887875988177
337,95,82.6025390625,48.4208984375,84.90693476095618,55.76950012450199,7.7014405333854175
338,96,84.32000301124198,36.41135238222698,89.13715528298862,32.921695877425044,5.948332415954934
339,97,83.24247901119402,15.358267257462687,84.967041015625,14.46990966796875,1.9399209555903196
340,98,85.76764489850427,95.52408854166666,91.4193220964567,95.31219242125985,5.655648072122132
341,99,82.40862424488847,44.28656482342008,89.52224440161527,44.494180777349484,7.116649219858724
342,100,87.37219484060402,3.673579068791946,89.85706676136364,4.651988636363636,2.6705568229295156
343,101,84.967041015625,14.46990966796875,88.64655671296296,15.618971836419753,3.854760645477461
344,102,88.729248046875,80.92529296875,89.76397447183099,82.6598261443662,2.0197188199884253
345,103,92.02698566103992,22.365928413011336,93.45930232558139,26.66015625,4.5268006078787675
346,104,91.4193220964567,95.31219242125985,94.89016188788659,97.44180895618557,4.072099635765587
347,105,92.89926222652932,61.47004599883178,96.84280046630566,66.02373364169675,6.023916084853724
348,106,89.52224440161527,44.494180777349484,92.00508549528303,51.69700766509434,7.618741042404942
349,107,88.64655671296296,15.618971836419753,93.88141844795538,15.228566449814126,5.249399370440258
350,108,93.44538103070175,84.7974917763158,94.9311333198052,81.26585328733766,3.8314397139205805
351,109,94.89016188788659,97.44180895618557,98.1781005859375,98.8454818725586,3.5750298653717345
352,110,96.84280046630566,66.02373364169675,99.52274445564517,71.19403141801075,5.823579559150409
353,111,93.88141844795538,15.228566449814126,97.1279598017621,11.06376479900881,5.280682110535329
354,112,93.45930232558139,26.66015625,98.40551349340411,24.485890745656373,5.403002443093365
355,113,97.66090029761905,91.65387834821429,99.55419921875,91.3193359375,1.9226282608247856
356,114,89.52224440161527,44.494180777349484,98.92820483576642,42.26705063868613,9.666033330345988
357,1,0.4850618131868132,26.391869848901102,1.6976793411330051,23.372556188423648,3.253720370503295
358,2,1.0486715453586497,33.370417985232066,1.3919553894927537,39.852949501811594,6.491614488021481
359,3,1.3919553894927537,39.852949501811594,4.918822772324865,43.207703341512705,4.867562722870076
360,4,0.3933758802816901,60.724306778169016,1.045866935483871,52.32169858870967,8.427904185661344
361,5,1.2440253242397137,88.3491202202594,6.548932490458014,93.94829437022901,7.713157019267943
362,6,0.9687051005747127,78.47297054597702,8.1298828125,72.39583333333334,9.39223418165636
363,7,3.807853929924242,5.266039299242424,6.514084507042253,6.466631822183098,2.960592228367415
364,8,6.514084507042253,6.466631822183098,7.2695510148344065,10.809163336591537,4.407755619136128
365,9,6.548932490458014,93.94829437022901,11.516399211711711,97.57442989864865,6.1501694689845845
366,10,8.281744462025316,15.79361155063291,9.359689486228813,19.11414194915254,3.4911155241123164
367,11,8.1298828125,72.39583333333334,9.129933096205962,69.64822577913279,2.9239438848651487
368,12,8.752111486486488,58.831292229729726,11.297453181407942,63.56716775722022,5.376549205186261
369,13,8.996239778037383,28.65435163551402,12.184858348044541,28.52220260727865,3.191355785658824
370,14,6.514084507042253,6.466631822183098,9.066022028688526,0.6099513319672131,6.38851246213557
371,15,8.281744462025316,15.79361155063291,11.97234947643979,14.20054810209424,4.019753291371398
372,16,11.297453181407942,63.56716775722022,15.33887340764331,65.88624601910828,4.659528026505056
373,17,14.174957710113961,6.503739316239317,21.447270112363583,8.488605462018954,7.5383168739829305
374,18,12.077621740797547,36.92245015337423,17.78617527173913,31.565047554347824,7.828751242930158
375,19,11.516399211711711,97.57442989864865,14.602267357610888,89.59586851058468,8.554532368106429
376,20,8.752111486486488,58.831292229729726,14.97650146484375,52.00347900390625,9.239159271784652
377,21,25.497337659086867,67.15526370316394,29.001116071428573,62.62109375,5.730197232815501
378,22,16.816785497572813,21.21890169902913,17.090882646276594,25.82488364361702,4.614130353684993
379,23,17.090882646276594,25.82488364361702,17.78617527173913,31.565047554347824,5.782120161072317
380,24,18.48777488425926,77.17395672582305,22.25218606651376,73.33357224770643,5.377670916748423
381,25,20.748380335365855,14.168492759146343,21.447270112363583,8.488605462018954,5.72272370715737
382,26,19.116308985943775,99.4070030120482,23.583708509887007,97.97570180084746,4.691085339632277
383,27,17.090882646276594,25.82488364361702,21.79836770048439,26.065625210239507,4.713636816460262
384,28,21.340095766129032,39.151965725806456,24.66731976859177,35.17340165150317,5.18646234498053
385,29,24.55609489889706,86.51079963235294,25.74847754472921,83.26271986823018,3.4600286889252083
386,30,22.25218606651376,73.33357224770643,26.125816231343286,74.61782882462687,4.080971160059894
387,31,22.71050347222222,81.04383680555556,25.74847754472921,83.26271986823018,3.762011232180065
388,32,23.583708509887007,97.97570180084746,24.917084316037734,96.67047464622641,1.8658802120147648
389,33,24.917084316037734,96.67047464622641,30.51734168466169,93.66806383735768,6.354317686426982
390,34,27.01323834382151,26.773678847254008,30.418745293674696,28.098232774849397,3.6540280092805437
391,35,27.04200316011236,54.09717345505618,33.23609983766234,50.30818790584416,7.261077409239841
392,36,28.292228349673206,21.624157475490197,29.842601102941174,23.910870032853566,2.7627359617015586
393,37,30.812105219414892,76.13291638962765,33.62293604192938,78.99553219577552,4.011899695456643
394,38,31.534762342436974,39.248785451680675,33.93338633849557,44.73347621681416,5.986253407901197
395,39,31.60695043103448,14.12311422413793,33.2646213790932,18.328380824937028,4.520192491015652
396,40,32.011014921171174,1.3368348817567568,36.455227218511446,4.8828125,5.685506152745995
397,41,31.905423677884613,8.751502403846153,34.93683510638298,7.197265625,3.4066269554426656
398,42,33.2646213790932,18.328380824937028,37.509027048319325,17.811186974789916,4.2758003886510965
399,43,33.23609983766234,50.30818790584416,33.93338633849557,44.73347621681416,5.618150841696221
400,44,38.12882107434888,29.991470604936403,44.741683467741936,28.737399193548384,6.730723894115168
401,45,34.93683510638298,7.197265625,36.455227218511446,4.8828125,2.7680693405325347
402,46,37.008941795023695,54.852265995260666,41.6250218226257,51.31981421671322,5.812607881922627
403,47,38.406808035714285,74.08970424107143,39.26764838129496,80.13995053956835,6.1111804402304415
404,48,39.26764838129496,80.13995053956835,42.09542410714286,83.97879464285715,4.767917743108596
405,49,36.455227218511446,4.8828125,41.29309806649543,2.2899052868150687,5.488912657162592
406,50,40.5776842505531,41.54603671183628,45.7739917652027,41.87605574324324,5.206776771467618
407,51,37.509027048319325,17.811186974789916,41.451810815520446,13.782782005111525,5.636806758674117
408,52,41.6250218226257,51.31981421671322,45.342969968798755,55.45214386700468,5.558712688771526
409,53,41.54861634036144,94.83480798192771,51.096754807692314,99.7265625,10.728290192589132
410,54,42.09542410714286,83.97879464285715,45.579268292682926,84.0939405487805,3.485746532490889
411,55,56.647740336121984,29.499546194523557,60.91206013655462,27.714679621848738,4.622788340667762
412,56,44.57383118472585,60.92755589099217,45.342969968798755,55.45214386700468,5.529169133024594
413,57,44.741683467741936,28.737399193548384,45.67942202669903,26.48665048543689,2.4382828695663044
414,58,47.08937649521531,20.016914623205743,51.12410071942446,17.57742243705036,4.7148829987321275
415,59,45.7739917652027,41.87605574324324,51.41507615934879,41.94540692834238,5.641510677890561
416,60,41.451810815520446,13.782782005111525,47.68430019946808,8.839968417553191,7.954579189521673
417,61,45.342969968798755,55.45214386700468,51.92863682073467,55.82700079690346,6.5963266749442155
418,62,48.85535606971153,65.49353966346155,51.627604166666664,65.11695498511905,2.79770897897434
419,63,51.92863682073467,55.82700079690346,54.58614658126631,48.82396887238903,7.490314697199925
420,64,51.95126488095239,69.44242931547619,54.265202702702695,71.86180320945947,3.347787072353069
421,65,52.8328518907563,81.31400997899159,56.178658308383234,80.19156998502994,3.529063916150879
422,66,55.87199133999013,21.521357248520708,58.75,16.2607421875,5.996415985180625
423,67,57.96680403805012,11.805124446057459,60.69912647637795,12.625338336614172,2.852777021299055
424,68,58.49674101594863,2.6363951170256836,66.11154624048223,1.840349381345178,7.656301157927331
425,69,58.75,16.2607421875,60.69912647637795,12.625338336614172,4.124955173084068
426,70,58.09545272435898,89.17017227564102,62.046305338541664,90.9332275390625,4.326384199406283
427,71,59.69195449561403,38.21785910087719,61.54057017543859,38.21871573464912,1.8486158783031816
428,72,60.0932754088785,64.70684871495327,61.75670373908297,66.22031932314411,2.248907977571423
429,73,60.0932754088785,64.70684871495327,61.17947048611111,58.44509548611111,6.3552634284284055
430,74,61.75670373908297,66.22031932314411,62.871413934426236,67.63735911885246,1.8029366606243769
431,75,62.046305338541664,90.9332275390625,65.33954326923077,90.9930889423077,3.293781938096079
432,76,60.69912647637795,12.625338336614172,63.62465659340659,15.666316105769232,4.2197478903527985
433,77,56.178658308383234,80.19156998502994,63.13543450342466,79.91224315068493,6.962381669247978
434,78,67.50410657051282,9.124749599358974,72.27659363677536,10.993758491847826,5.12540993851669
435,79,66.11154624048223,1.840349381345178,67.50410657051282,9.124749599358974,7.416313828916247
436,80,65.33954326923077,90.9930889423077,65.61365609217171,96.72752919823232,5.740987971461848
437,81,65.33954326923077,90.9930889423077,67.81389508928571,90.93331473214286,2.475073713166951
438,82,66.0647228936464,52.253107734806626,67.9208096590909,54.08025568181818,2.604520627894268
439,83,67.9208096590909,54.08025568181818,69.39499906437125,51.99405875748503,2.5544964297759187
440,84,68.841552734375,88.280029296875,71.51764251373626,87.34975961538461,2.833171048048821
441,85,69.3328857421875,69.81964111328125,71.38739224137932,67.34577047413794,3.215747641597013
442,86,69.63231286337209,84.60210755813954,71.51764251373626,87.34975961538461,3.3322754565349793
443,87,73.97883628731343,0.6726620802238805,77.01981707317073,2.8665682164634148,3.7497717629987473
444,88,71.0969576870438,21.49079037408759,73.39928668478261,17.55318019701087,4.56130383996146
445,89,72.27659363677536,10.993758491847826,72.87147923519737,15.301834909539474,4.34895519589255
446,90,69.63231286337209,84.60210755813954,72.18986742424242,82.44673295454545,3.3446561876592047
447,91,71.51764251373626,87.34975961538461,72.39271190068493,90.31129601883562,3.0881133886145156
448,92,72.87147923519737,15.301834909539474,73.39928668478261,17.55318019701087,2.3123875772148006
449,93,74.56738753019324,40.7094467089372,78.59375,35.46006944444444,6.615705283886351
450,94,72.87147923519737,15.301834909539474,76.3754893736018,14.865815506152124,3.5310338387179536
451,95,71.38739224137932,67.34577047413794,76.08580508474576,66.47825079449152,4.77783147895409
452,96,76.53543862951807,27.06137048192771,77.23062345297029,31.245165532178216,4.241158209883112
453,97,73.39928668478261,17.55318019701087,76.47181919642857,20.896112351190478,4.540446169989174
454,98,77.01981707317073,2.8665682164634148,79.73167782738095,2.297247023809524,2.77097733130939
455,99,79.34547811059907,83.98505004320278,81.56020220588235,85.28147977941177,2.5662682788740585
456,100,77.23062345297029,31.245165532178216,78.59375,35.46006944444444,4.429845253827076
457,101,79.73167782738095,2.297247023809524,81.41120974945035,6.296090600952729,4.3372315400160035
458,102,80.21162974683544,46.291534810126585,83.15172697368422,43.85536595394737,3.818257508228247
459,103,76.47181919642857,20.896112351190478,83.68299228738188,21.12838295580878,7.214912818701193
460,104,82.76834889846744,69.33144755747126,84.39015355603449,71.69484105603449,2.866335496126911
461,105,82.34719669117648,57.720588235294116,84.58490481321839,61.4190463362069,4.3227225175414326
462,106,82.76315789473684,79.34621710526316,86.04701450892858,75.78822544642857,4.84179913946328
463,107,77.23062345297029,31.245165532178216,83.91420284431138,30.351796407185628,6.743021716845448
464,108,83.73943391393442,73.98581582991804,84.39015355603449,71.69484105603449,2.381596411482349
465,109,84.56773695054946,91.00446428571428,89.94227046460178,89.14676092367256,5.686534293839494
466,110,84.62813916163142,52.274417012839876,87.4295594262295,55.92021004098361,4.597799724103067
467,111,83.73943391393442,73.98581582991804,86.04701450892858,75.78822544642857,2.9280725107283843
468,112,86.08579282407408,99.31007667824075,87.72351270053476,98.9691260026738,1.6728340494274856
469,113,81.41120974945035,6.296090600952729,87.71945428671005,4.006992042286246,6.710731804591484
470,114,93.87363266191211,9.613644166827294,99.18249149133663,12.275197246287128,5.938673830540018
471,115,89.94227046460178,89.14676092367256,92.97674771012932,88.06236530172413,3.2224161771138995
472,116,86.04701450892858,75.78822544642857,90.0535300925926,74.27179783950618,4.283890732637681
473,117,87.72351270053476,98.9691260026738,90.44344190140845,98.23531029929578,2.817179501609651
474,118,94.78644011631134,21.94231623362203,96.32767078488372,29.333212209302324,7.549883131352114
475,119,90.92305501302084,65.0177001953125,92.67484674043062,69.08805883672248,4.431319637074529
476,120,92.9732921511628,42.04158339389535,95.14087925295857,40.207794008875744,2.8392283022825144
477,121,92.92979231887298,32.61771159436494,94.13969494047619,29.845610119047617,3.024634018062152
478,122,92.93137538580247,60.12852044753087,94.4543597341954,59.05565283764368,1.8629348442162112
479,123,94.13969494047619,29.845610119047617,96.32767078488372,29.333212209302324,2.247173761332708
480,124,94.19347426470588,99.33363970588235,94.69644421728972,96.2178738317757,3.156101353798662
481,125,92.93137538580247,60.12852044753087,95.0297619047619,62.85900297619048,3.4436551543768257
482,126,97.30056742323097,46.753092665220294,97.83528645833334,41.56867133246528,5.211923733327844
483,127,92.92979231887298,32.61771159436494,97.71102299931601,34.370324256155946,5.092329325748665
484,128,97.83528645833334,41.56867133246528,99.13978105709876,39.57308545524691,2.3841285937552867
485,129,98.68607954545455,61.88225023674242,99.39177852348993,64.40462458053692,2.619233356887646
486,1,1.4701308718152868,31.59957205414013,5.582576945118662,35.489724497707655,5.660874379459658
487,2,0.9017333984375,42.8455810546875,8.698270707452165,46.649712046827794,8.675102686206081
488,3,0.4459243222891566,96.13963667168674,1.2175673738532111,99.67029816513761,3.6140010487496843
489,4,4.397031120974401,1.4493606781585466,14.6484375,0.7946086379716981,10.272294436106064
490,5,2.9732572115384612,87.7178485576923,6.066978332379862,94.06241061212815,7.058652706864618
491,6,4.294471153846153,21.785757211538463,7.7847450657894735,25.35464638157895,4.991891614250495
492,7,8.698270707452165,46.649712046827794,13.794389204545453,43.44282670454545,6.021174082765062
493,8,2.9732572115384612,87.7178485576923,10.458806735366139,86.91777471286147,7.528185028999962
494,9,4.294471153846153,21.785757211538463,6.593181088323884,13.965189803330972,8.151401226119583
495,10,0.4459243222891566,96.13963667168674,6.066978332379862,94.06241061212815,5.9925884463115064
496,11,6.455543154761904,64.40197172619048,9.934160786290322,72.85943800403226,9.144917521072093
497,12,7.7847450657894735,25.35464638157895,11.657072368421053,28.282277960526315,4.8544768410978945
498,13,18.13349496655299,10.794704633394543,20.417604608050848,1.4871888241525424,9.583684437296192
499,14,9.934160786290322,72.85943800403226,13.158424613402062,71.21858891752578,3.6177704393051844
500,15,13.704448003695372,57.849780085154244,17.508675473263075,61.37058755366901,5.183457520860264
501,16,13.158424613402062,71.21858891752578,15.431324196927374,72.20233938547486,2.476658535200115
502,17,20.612702546296298,29.75802951388889,20.76936108126587,23.322731490525495,6.437204559906701
503,18,14.6484375,0.7946086379716981,20.417604608050848,1.4871888241525424,5.810590024679598
504,19,16.95155628165702,29.536563856729376,20.612702546296298,29.75802951388889,3.6678384654157328
505,20,17.149560702875398,79.310790235623,18.127559921116504,74.06752503033981,5.333695949696953
506,21,16.53488323252688,35.55028771841398,16.95155628165702,29.536563856729376,6.0281415970816585
507,22,6.066978332379862,94.06241061212815,18.556867327008927,97.37025669642857,12.920494294553048
508,23,15.431324196927374,72.20233938547486,18.127559921116504,74.06752503033981,3.2785064541958704
509,24,23.237391880580358,36.96336622362013,28.562733543202295,34.467617475429975,5.8811585285341295
510,25,24.769452552655675,82.83941806891025,29.56212197580645,83.59280493951613,4.851522645150249
511,26,28.198517932775847,87.11102947165507,29.56212197580645,83.59280493951613,3.773237316246319
512,27,23.237391880580358,36.96336622362013,25.696173199152543,44.65274099576271,8.072923259824929
513,28,20.417604608050848,1.4871888241525424,26.35345458984375,0.32958984375,6.0476731397935035
514,29,29.56212197580645,83.59280493951613,33.10758343709398,72.1146786352317,12.013229392240094
515,30,28.562733543202295,34.467617475429975,32.30324886860175,36.52075530586767,4.266946197261286
516,31,29.686401616820042,26.6108288599182,35.19831919830118,29.931190029886746,6.434752032835121
517,32,26.35345458984375,0.32958984375,30.4351806640625,5.931599934895834,6.93130613998956
518,33,32.30324886860175,36.52075530586767,35.92865432518116,38.667157306763286,4.213146837465375
519,34,31.983957350628934,52.44877653301887,34.80729996019109,50.85900179140127,3.2401616040028816
520,35,31.983957350628934,52.44877653301887,35.90487225813481,60.27172383425334,8.750547308014141
521,36,35.92865432518116,38.667157306763286,38.096494932432435,41.33894636824324,3.4406379768135382
522,37,37.40773835871104,85.23979727337111,42.13660871478873,84.60332306338029,4.771510689977938
523,38,36.96169969512195,99.08377794715447,37.36478365384615,92.52272385817307,6.573424331071311
524,39,39.73980099083311,21.127662442706928,42.94133771929825,16.294887609649123,5.797029412617135
525,40,38.31577332242226,5.761239259410802,42.651041666666664,5.106770833333334,4.3843905548365525
526,41,37.36478365384615,92.52272385817307,40.38548519736842,92.37150493421052,3.0244842499180216
527,42,38.096494932432435,41.33894636824324,38.54345524267399,43.664863782051285,2.368473207529842
528,43,40.08152173913043,50.25985054347826,44.82130174512987,48.12702922077922,5.197541851667161
529,44,41.320926626932994,41.89528632409794,41.74111543769716,39.01475009858044,2.911021742139687
530,45,42.13660871478873,84.60332306338029,46.37379365808824,86.28216911764706,4.557659521909367
531,46,41.320926626932994,41.89528632409794,42.46673583984375,44.713592529296875,3.04232289848629
532,47,42.46673583984375,44.713592529296875,44.82130174512987,48.12702922077922,4.146749407559348
533,48,44.57437094155844,37.85257711038961,46.85910247093023,39.014050387596896,2.5630096244400256
534,49,35.90487225813481,60.27172383425334,45.41679953231292,59.04881483843537,9.590217248910792
535,50,42.13660871478873,84.60332306338029,46.70353084415584,77.44800121753246,8.488545720756298
536,51,46.37379365808824,86.28216911764706,48.49079091061828,87.3046875,2.3510042980542254
537,52,44.57437094155844,37.85257711038961,48.42320884146341,30.954649390243905,7.899048044675987
538,53,48.71400345203488,95.53960755813954,52.64576529097387,93.17751633016627,4.586744611094578
539,54,46.85910247093023,39.014050387596896,49.4228515625,40.9736328125,3.226882812330488
540,55,42.94133771929825,16.294887609649123,51.181571365248224,14.948332225177305,8.349530642095766
541,56,52.64576529097387,93.17751633016627,57.304085742869184,90.8047044244193,5.22782801673895
542,57,49.4228515625,40.9736328125,52.39507299270073,43.712933394160586,4.04201285337275
543,58,52.39507299270073,43.712933394160586,54.80822209747173,52.45959903110445,9.073447435586528
544,59,55.111443014705884,1.4970128676470589,64.28292410714286,2.818080357142857,9.266136451657273
545,60,55.95424107142857,35.64639136904762,56.47681451612904,40.76990927419355,5.150098904822805
546,61,52.39507299270073,43.712933394160586,56.47681451612904,40.76990927419355,5.032097458792563
547,62,57.2234122983871,61.346326164874554,58.51801658163265,65.59261399872449,4.439252258894477
548,63,56.864090653153156,28.781320382882885,62.02543451544944,26.78853581460674,5.532690195594101
549,64,59.387369791666664,12.003255208333332,59.45312499999999,19.432444852941178,7.429480636152934
550,65,58.67169581422018,72.18588732798165,63.363986545138886,68.41227213541666,6.021442013755744
551,66,63.363986545138886,68.41227213541666,64.42971425513699,66.97680329623287,1.7878328613507004
552,67,64.28292410714286,2.818080357142857,65.80366654829545,3.6388050426136362,1.7280759768204288
553,68,64.84627559267241,39.18877963362069,69.79667467948718,41.68795072115385,5.545476286442687
554,69,65.47616560828877,89.69126002673798,68.01406760620915,85.226460375817,5.135696882986024
555,70,65.47616560828877,89.69126002673798,65.74391475340136,96.83979060374149,7.153543109191612
556,71,64.42971425513699,66.97680329623287,66.71361019736842,61.65501644736842,5.791165335205687
557,72,62.02543451544944,26.78853581460674,67.83860355275665,21.680058816539923,7.738828819407042
558,73,68.01406760620915,85.226460375817,69.3603515625,83.44504616477273,2.2329167208556164
559,74,67.80029296875,13.145751953125002,72.59642957279772,6.461402681484503,8.22699529050353
560,75,68.95904541015625,51.812744140625,75.9676846590909,45.78358043323863,9.245098113712597
561,76,65.47616560828877,89.69126002673798,70.4400536848262,91.0562280665107,5.148137778458479
562,77,65.80366654829545,3.6388050426136362,72.59642957279772,6.461402681484503,7.355860720405495
563,78,76.21230014534883,17.858829941860467,81.24653836382114,14.09694169207317,6.284533208140042
564,79,65.74391475340136,96.83979060374149,74.67556423611111,99.58333333333333,9.343521241538745
565,80,74.46328125000001,38.4484375,75.6800640060241,39.97905685240964,1.9553403482075677
566,81,70.4400536848262,91.0562280665107,79.44190260762869,89.40928611454629,9.15126777130364
567,82,64.42971425513699,66.97680329623287,74.767578125,70.8046875,11.023798205213527
568,83,66.71361019736842,61.65501644736842,77.67876355248853,59.3281891761295,11.209313683338639
569,84,74.46328125000001,38.4484375,75.34579918032787,35.07940573770492,3.4827019557670003
570,85,75.9676846590909,45.78358043323863,76.80328602099237,43.58897900763359,2.348298331404952
571,86,80.63828190267334,2.1961234466374266,86.81803385416667,4.676513671875,6.658954110927599
572,87,75.6800640060241,39.97905685240964,78.22176032110092,38.45953985091743,2.961275413719397
573,88,76.21230014534883,17.858829941860467,79.80778391768293,23.30078125,6.522448742403378
574,89,79.44250274122807,47.729063870614034,82.99062093098958,47.13104248046875,3.598162346474624
575,90,82.76079963235294,33.5663532239819,84.5608313106796,31.944971177184467,2.4226006242582647
576,91,88.00876694725865,28.65855929678188,88.68100175233646,32.64091705607476,4.038696937894477
577,92,82.99062093098958,47.13104248046875,86.79616044207317,47.17392339939025,3.805781095074423
578,93,88.57977468544857,68.7430906956601,98.7487222546729,68.34020882009347,10.176925295554314
579,94,89.04168801229508,14.405097336065573,90.13026213842976,12.621868543388429,2.0892339637107757
580,95,90.06627021144278,91.3897310323383,98.39413863708651,92.02958512245547,8.352413170543791
581,96,90.56145654965754,55.28949058219178,94.2541951668671,55.29510626503308,3.692742887194369
582,97,94.13161184906859,1.784603884419983,97.81070999630451,8.272054577790096,7.458068092737098
583,98,86.79616044207317,47.17392339939025,92.96875,43.43627597070845,7.2160148386598415
584,99,93.39307455936921,77.96302469851577,96.66787852411684,79.04450789741848,3.4487601999900934
585,100,88.68100175233646,32.64091705607476,94.12170198961938,33.28929227941176,5.479197888578928
586,101,95.21232725477972,24.349445396924356,97.77540854357798,28.84622276376147,5.1759436221703865
587,102,95.56731167218543,84.10790045529801,96.66787852411684,79.04450789741848,5.181620556424414
588,103,98.39413863708651,92.02958512245547,99.45991847826086,98.31606657608695,6.3761850456763165
589,104,94.12170198961938,33.28929227941176,98.59149639423077,36.58541165865385,5.553689312674099
590,105,96.66787852411684,79.04450789741848,98.85981031188363,74.22289124137082,5.2964660048091305
591,106,94.2541951668671,55.29510626503308,98.66841634114584,53.6346435546875,4.716193909064691
592,107,98.7487222546729,68.34020882009347,98.85981031188363,74.22289124137082,5.883731216333767
593,1,0.9916564827746742,4.774790502793296,2.5708441198224854,8.69140625,4.222998046917874
594,2,2.8227095170454546,34.0898271040483,7.879433791959407,31.18805956040203,5.830155681443071
595,3,1.77734375,64.64564732142857,5.890798870733638,58.74614460547149,7.191984797389011
596,4,0.7633463541666666,72.60509672619048,7.505095108695651,70.21399456521739,7.153219262220564
597,5,0.6260016025641026,80.59144631410257,0.7633463541666666,72.60509672619048,7.98753048952781
598,6,2.0303914835164836,92.18106112637363,5.537997159090909,99.61470170454545,8.219629542793554
599,7,3.2848011363636362,16.089607007575758,5.245306069958848,13.031684027777779,3.6324196543113945
600,8,3.93046229338843,26.3502388946281,7.646780303030303,24.80172821969697,4.026028422547981
601,9,5.537997159090909,99.61470170454545,11.553800303197354,95.3165914415656,7.393486275186671
602,10,7.879433791959407,31.18805956040203,10.960316880841122,26.6336886682243,5.4985575227393175
603,11,8.311572973278986,19.497459522192027,11.96586277173913,19.69853940217391,3.659817898374646
604,12,7.547811792986425,46.61561439479638,9.150583051108374,49.58556226908867,3.374828304058608
605,13,2.0303914835164836,92.18106112637363,8.144592142439596,85.76266258281372,8.864496012833884
606,14,7.505095108695651,70.21399456521739,11.676897321428571,72.18036954365078,4.612002196223703
607,15,7.646780303030303,24.80172821969697,10.960316880841122,26.6336886682243,3.786238732232647
608,16,8.6737060546875,76.2762451171875,11.676897321428571,72.18036954365078,5.078912727988593
609,17,7.879433791959407,31.18805956040203,9.473778735632184,36.70920887212644,5.7467404258213906
610,18,11.749366554054054,7.888513513513513,18.348706670168067,8.787010898109243,6.6602242843824015
611,19,11.749366554054054,7.888513513513513,13.577690972222223,0.6553819444444444,7.460627485241006
612,20,11.96586277173913,19.69853940217391,13.83984375,20.170572916666664,1.9325165835479774
613,21,18.818648839703588,83.09529178042122,20.108795166015625,73.12545776367188,10.052963138539244
614,22,14.68708647190554,66.19614591815962,17.848051264044944,70.7689606741573,5.558986707109051
615,23,17.881825206043956,55.89800824175825,20.209236074358298,51.16717178817147,5.2723481391627764
616,24,11.553800303197354,95.3165914415656,22.283646588164252,96.91433208247066,10.848150831114845
617,25,10.960316880841122,26.6336886682243,15.381177128524945,29.53519014370933,5.28797845511807
618,26,13.83984375,20.170572916666664,15.828559390677258,15.106752325459865,5.440337202729656
619,27,19.691818791254125,25.81051464521452,22.362514316099478,21.806742882853403,4.812774969963717
620,28,17.963757987220447,38.96484375,20.012019230769234,40.852238581730774,2.785252838194056
621,29,18.348706670168067,8.787010898109243,21.503813927914916,3.5280884814863445,6.132778064788067
622,30,17.881825206043956,55.89800824175825,22.009940769361414,57.22842009171195,4.3372034532174135
623,31,17.848051264044944,70.7689606741573,20.108795166015625,73.12545776367188,3.265584407604293
624,32,19.01827406609195,45.89058010057471,20.012019230769234,40.852238581730774,5.135407940254225
625,33,21.503813927914916,3.5280884814863445,25.45928955078125,4.732513427734375,4.134782564323592
626,34,17.848051264044944,70.7689606741573,20.0546875,67.95963541666666,3.5723314348202253
627,35,22.009940769361414,57.22842009171195,25.20768633540373,58.3497913431677,3.388664956695294
628,36,22.362514316099478,21.806742882853403,24.195605415298303,15.7734888136289,6.30558305327715
629,37,23.397008384146343,41.32050304878049,25.397748161764707,45.188648897058826,4.3549410973395855
630,38,20.012019230769234,40.852238581730774,23.397008384146343,41.32050304878049,3.4172244848095716
631,39,20.108795166015625,73.12545776367188,23.382717225609756,73.681640625,3.3208289669195876
632,40,25.524679149085795,34.34913231071261,31.060829402515722,31.00493808962264,6.4678121970975475
633,41,30.172593426552545,17.8281747611465,33.174693433544306,21.392899525316455,4.660457820457823
634,42,29.356656962927758,40.81808460076046,30.933243189102566,40.075370592948715,1.7427702734336221
635,43,30.213541666666664,24.132161458333336,33.174693433544306,21.392899525316455,4.033853706340617
636,44,32.369350441600574,65.60690507840663,36.360606433125334,70.94315908166034,6.663762539070814
637,45,33.101022344013494,83.00707143233558,35.89082446281319,93.28686840905488,10.651630004117978
638,46,35.89082446281319,93.28686840905488,41.30349864130435,90.80587635869564,5.954188720258249
639,47,35.964207944027244,4.5939028117359415,40.238667582417584,2.5455013736263736,4.739931819327933
640,48,34.707597373188406,99.33551290760869,35.89082446281319,93.28686840905488,6.163288620169218
641,49,36.360606433125334,70.94315908166034,42.250572758117706,69.46198392313546,6.073350241816726
642,50,35.50540453767123,38.76685573630137,37.76602909482759,36.01479115353038,3.561500085099091
643,51,35.82956414473684,51.102854793233085,44.326254665038704,49.76408438536675,8.601514750482387
644,52,37.351190476190474,20.121837797619047,40.76752533783784,19.62010838963964,3.4529807827062218
645,53,38.97661790780142,29.39245345744681,40.614536830357146,33.028738839285715,3.9881511725411585
646,54,39.23370747626582,59.82187005537975,45.404411764705884,59.58754595588235,6.175151755137505
647,55,39.631119150246306,10.891798799261084,44.07695484581498,6.0708918410425845,6.557941668831167
648,56,38.97661790780142,29.39245345744681,39.96853298611111,24.730088975694446,4.766711453747134
649,57,42.88111929657795,43.32150071292776,44.326254665038704,49.76408438536675,6.60267374701747
650,58,41.30349864130435,90.80587635869564,45.0503194273399,92.88648783866995,4.285744991628521
651,59,42.88111929657795,43.32150071292776,45.91223997910334,38.17127540843465,5.975994752262951
652,60,45.91223997910334,38.17127540843465,49.52208389191938,42.53482254299186,5.663171961930648
653,61,44.07695484581498,6.0708918410425845,48.635534896455596,6.788528910294703,4.614721556200695
654,62,46.99089972527473,20.51988538804945,47.30819982985046,26.75560325201304,6.2437854411661515
655,63,45.404411764705884,59.58754595588235,49.36661698956781,59.13675367921013,3.9877667836309665
656,64,46.99089972527473,20.51988538804945,47.38736087328767,15.930008561643834,4.606967627785006
657,65,47.276021863117876,75.6602008079848,47.686801675977655,80.37354879539106,4.731214358390438
658,66,49.52208389191938,42.53482254299186,51.17092424374131,49.19593184979137,6.862146289822693
659,67,49.81366131756757,63.3445945945946,53.215034794484914,65.80283396201872,4.196698978605755
660,68,51.437355324074076,92.99479166666667,54.557012489279586,88.74524281732418,5.271709993101487
661,69,51.437355324074076,92.99479166666667,52.361243976757365,98.59339569160997,5.6743226265932725
662,70,54.60472106933594,80.31425476074219,59.281169315349004,78.54163884437322,5.001133409998506
663,71,55.60866135817307,59.91774338942307,59.58909254807693,55.22652733735679,6.152344309669589
664,72,57.16814630681818,2.1645951704545454,66.3311107738598,2.5406296188766895,9.17067716859925
665,73,59.34030633223685,20.84446957236842,60.483394010652766,22.759971030711696,2.230649070889797
666,74,56.59458705357143,40.654296875,60.58984857849197,36.4230048671199,5.819445567101764
667,75,53.215034794484914,65.80283396201872,57.14446899900398,67.7594310258964,4.389615613925571
668,76,59.95635986328125,11.673736572265625,62.95997915172167,12.316947072274031,3.071717528877352
669,77,60.95225382194245,87.13220829586331,66.84322434024979,86.78060158138598,5.901454136840504
670,78,62.35425172738693,96.93094378140702,66.95264075413223,97.59935111053719,4.64671389251872
671,79,68.52280798037191,41.76166629003099,70.38188796648662,33.41632396268107,8.54990742379299
672,80,66.3311107738598,2.5406296188766895,73.01446889013454,5.5646545683856505,7.335666473172561
673,81,65.27506510416666,43.340139678030305,68.52280798037191,41.76166629003099,3.611012604043901
674,82,67.5311748798077,77.14186448317307,69.11680752173403,74.17932954945958,3.360185130110407
675,83,66.11891526442307,62.39107572115385,70.75595543032787,65.01825051229508,5.329558038282571
676,84,62.95997915172167,12.316947072274031,68.244904162837,15.596875957414216,6.219997256003365
677,85,66.95264075413223,97.59935111053719,71.50027626439145,96.9561125102796,4.592901548153624
678,86,68.81929136410788,68.15676867219918,70.75595543032787,65.01825051229508,3.6879484738043025
679,87,68.52280798037191,41.76166629003099,69.55515661085451,47.87907765588915,6.20390727799746
680,88,73.01446889013454,5.5646545683856505,75.689697265625,5.841064453125,2.689470075202732
681,89,72.68455165207006,10.751517714968154,73.01446889013454,5.5646545683856505,5.197344965013178
682,90,76.27879175646551,27.154330549568968,77.14269301470588,21.86925551470588,5.355216476308156
683,91,76.65141541280865,43.187873746141975,80.08763136061947,42.0466330199115,3.620774839063666
684,92,75.689697265625,5.841064453125,77.82433787325286,7.731967717598476,2.8517022424036975
685,93,78.81282129329004,94.5223721590909,79.72579656862744,91.56659915123457,3.09356071984202
686,94,77.98726783608491,62.303996535966974,79.65766059027779,60.556369357638886,2.417522018036457
687,95,80.08763136061947,42.0466330199115,80.72004880352644,38.373150188916874,3.7275230289973136
688,96,80.0612657776873,88.05190095684038,80.18822393822393,84.30204060086872,3.7520089370648906
689,97,81.70831345419847,77.64454615935115,82.28864397321428,74.13364955357142,3.5585360034397198
690,98,77.98726783608491,62.303996535966974,79.75260416666666,64.1826923076923,2.577966284257907
691,99,80.48509680706522,70.8288043478261,82.28864397321428,74.13364955357142,3.7649414622889212
692,100,79.72579656862744,91.56659915123457,80.0612657776873,88.05190095684038,3.530671747402323
693,101,77.82433787325286,7.731967717598476,81.88763786764706,12.418972523219814,6.203097685218363
694,102,83.45525220372184,20.600686367531832,87.9305752840909,20.40127840909091,4.47976340977664
695,103,83.31813958599744,1.108186141304348,88.01949231727575,2.797251349667774,4.995563910311007
696,104,85.39464068435423,28.711772168803417,91.09142810314685,22.709517045454543,8.275291744747236
697,105,83.98611886160714,88.05977957589286,86.10940728305785,90.6467910640496,3.346786841213756
698,106,81.70831345419847,77.64454615935115,85.49952651515152,78.46827651515152,3.879668564788478
699,107,88.01949231727575,2.797251349667774,88.62462926793981,7.446967230902778,4.688928289627387
700,108,87.9305752840909,20.40127840909091,91.09142810314685,22.709517045454543,3.9139438097826327
701,109,88.62688728932584,49.27196716994382,93.17052225194551,53.62506079766537,6.292379741024051
702,110,90.33203125,66.21537642045455,91.28206983024691,63.683931327160494,2.7038468085895864
703,111,90.33203125,66.21537642045455,90.56083937198068,73.19453879830918,6.98291204678578
704,112,91.75343360765125,35.206989546263344,93.93440672588832,33.74097795050762,2.6278953063931216
705,113,92.15928819444444,82.54340277777777,97.36424496299342,87.81577662417763,7.408744896314423
706,114,91.28206983024691,63.683931327160494,97.27608137978585,60.59579818299805,6.742754687223966
707,115,91.09142810314685,22.709517045454543,95.05515692060087,16.677005096566525,7.218195519088691
708,116,94.35369318181817,96.484375,94.82523600260416,93.035888671875,3.4805761860789444
709,117,94.82983117816092,44.564924568965516,96.02436266447368,41.52018229166667,3.270682040028284
710,118,95.70559880126659,67.60922421592281,99.67396653543307,69.86497293307087,4.564684517958359
711,119,94.82523600260416,93.035888671875,97.87023207720588,91.94048713235294,3.2360323896906844
712,120,97.36424496299342,87.81577662417763,97.87023207720588,91.94048713235294,4.155629884385867
713,121,98.66162909836066,76.13885598104508,99.67396653543307,69.86497293307087,6.355032304100158
714,122,95.05515692060087,16.677005096566525,98.7760043041607,7.6812174946197995,9.734931937670774
715,123,94.82983117816092,44.564924568965516,99.08766188063063,47.6439329954955,5.2544662128075705
716,1,1.6824017281518624,47.55649511998568,11.744104404422254,47.782081680189016,10.064231219611914
717,2,4.0573044950738915,93.92174030172413,9.0368210951393,89.559638040901,6.619933663127233
718,3,0.6823881172839507,57.86313657407407,7.376739758403361,61.074547006302524,7.42478961716653
719,4,1.045185810810811,3.3744193412162162,1.5030570652173914,6.974637681159421,3.629217295902142
720,5,1.5030570652173914,6.974637681159421,4.533835018382353,6.402228860294118,3.084358419444018
721,6,2.2796875,76.54765624999999,6.82826752860235,78.58761402288188,4.985078534159855
722,7,3.72971092372134,36.572868441358025,7.950647865853659,37.396786077235774,4.30059867229758
723,8,3.2135009765625,13.00811767578125,4.341547539893617,8.648811502659575,4.502892332719037
724,9,4.341547539893617,8.648811502659575,4.533835018382353,6.402228860294118,2.2547966745055557
725,10,3.2135009765625,13.00811767578125,4.294704861111111,19.071180555555557,6.15871198580191
726,11,5.125041703736654,70.961340636121,8.32654332822086,68.14309336656443,4.265223361553071
727,12,1.045185810810811,3.3744193412162162,4.659786739864865,0.9858002533783784,4.332532864630307
728,13,7.376739758403361,61.074547006302524,8.32654332822086,68.14309336656443,7.1320736443484485
729,14,7.950647865853659,37.396786077235774,9.271918402777777,34.04405381944444,3.6036883084110225
730,15,9.37630643812709,8.970657399665551,13.176330061983471,9.981921487603305,3.93228109338831
731,16,9.271918402777777,34.04405381944444,14.72649874914104,26.98127603719292,8.923859969564633
732,17,11.744104404422254,47.782081680189016,19.55211722533293,45.86769824455206,8.039274105921917
733,18,17.215459980565036,37.76634196056124,19.55211722533293,45.86769824455206,8.431603686113556
734,19,15.782335069444445,63.071469907407405,16.737575832392775,60.60771726862303,2.642453780166286
735,20,9.0368210951393,89.559638040901,16.216300021012326,84.21102359217407,8.952798119481166
736,21,14.441522277227723,17.39924969059406,19.26116943359375,17.48809814453125,4.8204660313743695
737,22,15.835731907894738,6.39477110745614,18.72368262752647,3.2345930582290663,4.281002763586828
738,23,16.737575832392775,60.60771726862303,17.739067787648054,57.28092613155668,3.474266167999253
739,24,17.247200784412957,74.88573823380567,22.71773726851852,74.68050733024691,5.474384819110325
740,25,19.55211722533293,45.86769824455206,26.929139254385966,47.27162143640351,7.509424368468739
741,26,15.782335069444445,63.071469907407405,18.388097426470587,68.23937908496733,5.787683710155768
742,27,20.831992236267165,99.00795392478152,26.049209222560975,97.54430259146342,5.418637126399639
743,28,19.26116943359375,17.48809814453125,22.896321614583336,19.27490234375,4.050555594643664
744,29,24.802580954924704,63.74711443070819,30.21918402777778,64.47120949074075,5.464787507744918
745,30,22.874464186946902,53.705968266039825,25.886194029850746,52.903451492537314,3.1168172577792386
746,31,22.82425288701623,93.18722690387015,26.049209222560975,97.54430259146342,5.4207427455641595
747,32,22.82425288701623,93.18722690387015,25.384759283685064,88.16266741071429,5.639360877585753
748,33,22.71773726851852,74.68050733024691,24.370814732142858,77.89713541666666,3.6165399689602564
749,34,24.27147899449036,0.7373988464187328,27.804349163385826,3.589793418933429,4.540630620033168
750,35,26.049209222560975,97.54430259146342,26.801013592007433,99.51680123141264,2.1109146582750182
751,36,27.804349163385826,3.589793418933429,29.385599275914636,7.066977896341463,3.819838191376665
752,37,26.929139254385966,47.27162143640351,28.738631063432834,48.86893656716418,2.4136437669972524
753,38,22.896321614583336,19.27490234375,29.180297553684724,15.667846739263055,7.245633425523672
754,39,26.929139254385966,47.27162143640351,27.329351963141026,42.194386017628204,5.092984361836929
755,40,28.974841889880953,75.06975446428571,32.87443673065651,73.43635514361078,4.227863912543144
756,41,30.21918402777778,64.47120949074075,32.120436065051024,63.04134446747449,2.3789227171129075
757,42,31.75803195224719,95.4858672752809,32.57012038934427,90.67911116803279,4.874873526998806
758,43,29.385599275914636,7.066977896341463,36.10425653648577,5.407599076330348,6.920541413309129
759,44,31.546995811855673,24.757369523195877,36.940953351449274,27.76268115942029,6.174680232187293
760,45,32.87443673065651,73.43635514361078,35.306589226973685,71.86986019736842,2.892969440202359
761,46,28.738631063432834,48.86893656716418,32.34620418848168,52.31256135471204,4.987297417438498
762,47,38.446068548387096,56.81682627688171,43.9200088562753,57.3973620951417,5.504638437772826
763,48,38.361228152309614,15.934061914794007,44.34213789682539,19.461495535714285,6.943635166254245
764,49,34.99046148255814,30.661791424418606,37.178032887554586,32.9118620360262,3.1381979557029718
765,50,37.7244902820122,78.6143233136433,39.634765625,82.95361328125,4.741159068097104
766,51,34.99046148255814,30.661791424418606,36.940953351449274,27.76268115942029,3.494174989783575
767,52,40.666806559917354,42.2774083161157,44.848817301637276,40.142622402392945,4.695372694610077
768,53,40.666806559917354,42.2774083161157,41.46444242294521,49.29700877568493,7.064772719767618
769,54,41.687353971962615,70.73871933411215,42.88545496323529,68.48862591911765,2.54918935379273
770,55,44.5548592032967,9.215714531004709,49.35598727876106,8.304238108407079,4.8868824485517806
771,56,41.687353971962615,70.73871933411215,46.513885961214164,74.93001027613828,6.392365039950297
772,57,43.9200088562753,57.3973620951417,46.51062668010753,57.13468161962365,2.6039012541522335
773,58,44.34213789682539,19.461495535714285,47.85357603092783,22.592823775773198,4.704828829683315
774,59,45.11954066265061,2.742758141942771,47.94146825396825,0.4627046130952381,3.6279359731188663
775,60,46.51062668010753,57.13468161962365,46.84381261559803,60.3195322133169,3.202231436320132
776,61,42.88545496323529,68.48862591911765,47.45712509384384,67.64777472785285,4.648354387194446
777,62,47.186638327205884,95.44462316176471,47.41311961206897,90.89372306034483,4.556532179793836
778,63,48.928169582201086,35.14430833899457,51.8886817893401,34.5494923857868,3.0196752386323857
779,64,44.848817301637276,40.142622402392945,50.12274580039525,41.80768280632411,5.530528723255213
780,65,51.8886817893401,34.5494923857868,53.949058219178085,34.43118578767123,2.063770210994819
781,66,57.86763737710674,53.37932686680712,59.243435329861114,61.59125434027778,8.326378134359821
782,67,47.41311961206897,90.89372306034483,53.88303860067734,90.1066521705665,6.517617072572735
783,68,53.332342617753625,77.63459578804348,55.31901041666667,76.56575520833333,2.255940852077716
784,69,55.81071971792036,5.9670561393805315,56.29497833853482,12.660664421813403,6.711102610621698
785,70,55.7633561002994,69.46832896706587,59.99056355337079,72.44008953651685,5.167266563033681
786,71,53.332342617753625,77.63459578804348,54.72768391148325,80.81592030502392,3.473874351257961
787,72,53.949058219178085,34.43118578767123,57.278103298611114,33.79177517361111,3.3898948470815498
788,73,56.29497833853482,12.660664421813403,60.72913814348302,19.3310707317908,8.009749903461689
789,74,55.31901041666667,76.56575520833333,59.52665049061433,77.80970029863481,4.387668444581407
790,75,59.243435329861114,61.59125434027778,65.38146219135803,61.15330825617284,6.1536306783101935
791,76,59.50974090189873,28.25479628164557,63.04512142027864,29.968979779411764,3.9290381104990697
792,77,59.99056355337079,72.44008953651685,61.991954985119044,68.58607700892857,4.342692739059803
793,78,61.003171935562015,42.419717478197676,68.71498758478683,41.82838617369186,7.734453653576133
794,79,62.6284610523897,2.3265883501838234,68.05737639126713,1.1487986943493151,5.55520568746912
795,80,69.63942307692308,85.4266826923077,69.82812415099978,90.1390535005977,4.7161474457634975
796,81,64.02623583698829,9.611430921052632,69.05706346649485,11.105629832474227,5.248033634105253
797,82,66.21632594009826,34.71026431405896,68.67070646367522,33.40928819444444,2.7778629588806396
798,83,65.38146219135803,61.15330825617284,67.93655563186813,62.14264251373627,2.7399424743826986
799,84,68.71498758478683,41.82838617369186,73.06062940140845,40.45031910211267,4.558911235387385
800,85,61.991954985119044,68.58607700892857,67.83677184466019,68.34173998786409,5.849921768830683
801,86,73.27153160897824,15.713002805698306,73.44721703980099,21.32420579394693,5.613952649064088
802,87,68.05737639126713,1.1487986943493151,69.58342734657039,4.136817463898916,3.3551583696396126
803,88,69.82812415099978,90.1390535005977,71.00911908258466,96.7666467799758,6.731993887793351
804,89,67.91487068965517,52.83034752155172,68.726806640625,50.57861328124999,2.393647233287413
805,90,68.57126494984568,82.44990596064815,69.63942307692308,85.4266826923077,3.162619404005346
806,91,69.05706346649485,11.105629832474227,71.83412063953489,6.830259811046512,5.098120767739415
807,92,70.8232440911306,24.019439875730995,73.44721703980099,21.32420579394693,3.761584877543557
808,93,68.67070646367522,33.40928819444444,70.68990384615384,29.23467548076923,4.637299793908874
809,94,71.83412063953489,6.830259811046512,74.13484815140845,5.75346610915493,2.5402424609326797
810,95,74.13484815140845,5.75346610915493,74.41886526639344,7.767674180327869,2.0341336916689152
811,96,74.97468171296296,73.11921296296296,77.22889642295597,65.19138168238993,8.242086675835255
812,97,70.68990384615384,29.23467548076923,75.58853014380531,32.15224004424779,5.701642095581617
813,98,69.63942307692308,85.4266826923077,75.53836137820514,82.66309428418803,6.514207086961983
814,99,77.7378934697202,47.655875694710616,79.91008586711712,51.089175112612615,4.062753340319249
815,100,77.22889642295597,65.19138168238993,82.48651370791052,62.275003243196494,6.012304276701667
816,101,74.41886526639344,7.767674180327869,77.81723484848484,8.290127840909092,3.4382951653310476
817,102,80.46120593898104,37.590297319312796,85.16080391839378,38.19421955958549,4.738242632073234
818,103,82.36618720361588,21.25548773710729,86.91070019605968,17.68063791124713,5.782054100053274
819,104,75.53836137820514,82.66309428418803,82.02065521816037,79.45648769162736,7.23204392042632
820,105,83.5328952432266,87.66500538793103,85.390625,92.23700161637932,4.935008547322544
821,106,84.60856119791667,94.1357421875,85.390625,92.23700161637932,2.053494472100857
822,107,85.50316220238095,50.07586628401361,88.23828125,49.638020833333336,2.769943111930259
823,108,87.04502038788378,1.7231188322368423,92.41347750603865,0.692085597826087,5.466567603160796
824,109,86.36245888157895,70.27816611842105,90.2136016310307,69.97605708607456,3.8629742872662423
825,110,84.60856119791667,94.1357421875,90.69402790288241,97.13156756673763,6.782910490352275
826,111,93.1209609485013,28.390602997384836,94.74873653266914,23.156840100787768,5.481051670091156
827,112,83.5328952432266,87.66500538793103,89.7147296989051,84.60524064781022,6.897625497394053
828,113,90.2136016310307,69.97605708607456,93.13170124961432,61.6142237638846,8.856385373958396
829,114,92.56680635107817,49.07634560309973,93.96372501491646,52.11650693615751,3.3457379880079454
830,115,92.41347750603865,0.692085597826087,95.32795193829115,0.759617286392405,2.9152567202931126
831,116,94.2806976010101,8.869127472643097,99.15392169844633,9.99266198799435,5.001064177854418
832,117,92.56680635107817,49.07634560309973,95.84385873929337,46.78278071466809,3.999939031104518
833,118,90.69402790288241,97.13156756673763,97.68310005543238,92.25765659645234,8.520688804305475
834,119,98.47608024691358,40.44053819444444,98.94205729166666,43.04261818910257,2.6434740219712474
835,120,89.7147296989051,84.60524064781022,99.26994479432398,80.44134646045919,10.423058587726377
836,1,2.372768370515179,13.823435343836247,7.6627052436440675,15.370928230932204,5.511639171544271
837,2,0.5173703457446809,24.952210771276594,7.340227971311474,25.768442622950822,6.871507885060053
838,3,0.546603732638889,34.16160300925926,5.682444852941177,39.7506893382353,7.590438064152467
839,4,0.6701483242753623,44.07127490942029,5.682444852941177,39.7506893382353,6.617444836884348
840,5,1.4533134004071406,66.4899903108362,7.8573994252873565,71.21310763888889,7.957396251828709
841,6,1.1699787621359223,75.68643810679612,3.31878662109375,77.40478515625,2.7513799804981116
842,7,0.997631195335277,79.92694287536443,3.31878662109375,77.40478515625,3.4276875689911535
843,8,0.2856182795698925,88.21614583333334,0.997631195335277,79.92694287536443,8.319726442054286
844,9,4.580344114785992,96.91679839494164,6.346520712209303,96.62291061046511,1.7904607795621499
845,10,3.044664537584459,8.284780141469595,4.237314251224157,1.9639638873775844,6.432350383603073
846,11,2.372768370515179,13.823435343836247,3.044664537584459,8.284780141469595,5.579260337179613
847,12,4.631936961206897,58.91934098868534,10.9375,54.970974392361114,7.439739512587969
848,13,3.31878662109375,77.40478515625,5.463324652777778,75.12357735339506,3.130966689242388
849,14,5.682444852941177,39.7506893382353,8.6597949783237,37.67781340317919,3.627868301254892
850,15,10.9375,54.970974392361114,12.101615518521136,47.69544780768415,7.368069762482099
851,16,5.463324652777778,75.12357735339506,7.8573994252873565,71.21310763888889,4.5851245789440505
852,17,7.340227971311474,25.768442622950822,12.831824933978872,22.109168683978872,6.599085009364333
853,18,7.8573994252873565,71.21310763888889,13.929042906254763,70.54179800586621,6.108642335524566
854,19,8.6597949783237,37.67781340317919,10.336336525537634,33.308131720430104,4.680268108568925
855,20,10.465178752022654,90.14825419700647,13.980573615771814,93.83651426174497,5.095219657013694
856,21,10.465178752022654,90.14825419700647,11.691325382538253,83.19134647839785,7.064134806525218
857,22,12.806825380067568,18.852715019707208,12.831824933978872,22.109168683978872,3.2565496227209723
858,23,18.20001440493132,32.68696440725158,24.223020681486883,28.929026967930028,7.099204068434877
859,24,8.6597949783237,37.67781340317919,13.12404725609756,38.76357660060975,4.594391158848335
860,25,12.806825380067568,18.852715019707208,15.92907557671674,13.865615779238198,5.88384271754118
861,26,21.19430312137891,57.94299500289687,22.245492788461537,53.73948317307692,4.332956429462169
862,27,13.980573615771814,93.83651426174497,21.45797835701856,94.73007449970999,7.530606321093372
863,28,20.39561170212766,22.83909574468085,24.719579259776538,25.716327688547487,5.193761555790425
864,29,22.245492788461537,53.73948317307692,22.662984913793103,44.9430775063857,8.806307530838978
865,30,23.951373922413794,11.62176724137931,29.840554272217606,10.29640780730897,6.0364743701928045
866,31,24.223020681486883,28.929026967930028,24.719579259776538,25.716327688547487,3.2508471328898483
867,32,24.886952275815215,86.77925441576086,29.0987751656473,86.4812044071738,4.222355487513129
868,33,29.0987751656473,86.4812044071738,33.011300223214285,85.28703962053571,4.090706768241394
869,34,24.223020681486883,28.929026967930028,27.54607132177033,35.16176360645933,7.063262104945121
870,35,27.329064849624064,73.68494478383458,31.584694602272727,76.72585227272727,5.230440033843439
871,36,28.04433634696017,1.1415749475890986,36.2890898930575,2.263077445652174,8.320680794805572
872,37,27.902032632743364,21.443756913716815,28.81194544656786,26.01708755850234,4.662970567706428
873,38,28.81194544656786,26.01708755850234,31.288570115546214,25.164128151260506,2.6193910554543947
874,39,41.97405258731549,67.79968252618534,44.2431640625,67.32747395833333,2.317724707200332
875,40,34.60762397884374,47.28541263004469,34.63258605072464,53.49439538043478,6.209032927894189
876,41,31.584694602272727,76.72585227272727,34.38421285377358,73.23002653301887,4.478627026544429
877,42,31.615101207386363,66.70920632102273,34.38421285377358,73.23002653301887,7.084424856495739
878,43,34.33254076086957,27.78249547101449,34.79480962643678,32.84033764367816,5.078923109050578
879,44,33.54235197368421,56.052974232456144,34.63258605072464,53.49439538043478,2.781175306368005
880,45,31.288570115546214,25.164128151260506,34.33254076086957,27.78249547101449,4.015171815843741
881,46,36.2890898930575,2.263077445652174,43.28861559851695,0.723732123940678,7.166794549926951
882,47,36.0215585443038,13.212025316455698,37.94881395725388,19.47002509715026,6.5480435766661325
883,48,37.94881395725388,19.47002509715026,41.44556986639824,20.75609958363836,3.7257602543550226
884,49,33.011300223214285,85.28703962053571,38.7571304563492,79.98201884920636,7.820345929192854
885,50,39.00348471223021,99.16746290467626,46.27375953823159,94.4921014592511,8.643835993987706
886,51,34.79480962643678,32.84033764367816,41.096658909574465,31.2261053856383,6.5053093831330955
887,52,41.44556986639824,20.75609958363836,42.57288873994638,16.122182892091153,4.7690703231193465
888,53,43.28861559851695,0.723732123940678,50.14366736778846,1.3521634615384617,6.883796968640735
889,54,46.27375953823159,94.4921014592511,46.60444415983606,88.25510160519126,6.2457601217552545
890,55,44.2431640625,67.32747395833333,44.558801064944134,63.74307131634078,3.598273060404819
891,56,50.838241340944265,38.98104420633385,51.37403877617801,32.88617678337696,6.118372969591192
892,57,49.62255859375,50.06005859375,49.769652996518566,45.62175558479775,4.440739844057573
893,58,47.91308241200361,15.839702730144403,51.376488095238095,16.148158482142858,3.477114303212054
894,59,47.78207632211539,50.45447716346154,49.62255859375,50.06005859375,1.882270171982387
895,60,44.558801064944134,63.74307131634078,50.443755986590034,58.16795378352491,8.10645606504564
896,61,53.1808313620518,96.60868245766933,56.148156181280925,92.42334601772953,5.1305026750116
897,62,53.690858644859816,24.341048481308412,55.49918831168831,25.591010551948052,2.198286005498323
898,63,53.6474135315534,8.688561893203882,56.60892427884615,11.861778846153847,4.3404898037916775
899,64,55.20250822368421,66.77220394736842,56.258138020833336,68.59628182870371,2.1075137925540903
900,65,56.417953550583654,77.10825404304474,58.46747036637932,72.75053879310344,4.815620559990178
901,66,55.20250822368421,66.77220394736842,57.07697610294118,64.09191176470588,3.270717966258797
902,67,56.258138020833336,68.59628182870371,58.46747036637932,72.75053879310344,4.705209914481969
903,68,60.531567770337304,55.839804997519835,64.50346327319588,61.43383537371135,6.860694551966397
904,69,56.417953550583654,77.10825404304474,60.38601266399417,80.4126617164723,5.163777996750748
905,70,60.59141995614035,42.90364583333333,67.20084433229813,38.94027804736025,7.706670798148704
906,71,65.50720844072166,7.426221280173498,73.35997363379926,2.530346128747053,9.253945897613951
907,72,61.350350215517246,89.07933728448276,62.01405502392344,87.04022129186603,2.1444108990692152
908,73,64.50346327319588,61.43383537371135,70.3554650421215,60.835857780612244,5.882474131295206
909,74,55.49918831168831,25.591010551948052,65.47751328812316,20.880968200146626,11.034104779777417
910,75,67.99396509450784,96.71103223074181,70.29206031976744,94.19626635174419,3.406653649922695
911,76,66.31712841386555,91.73877363445378,70.29206031976744,94.19626635174419,4.673259474081477
912,77,67.5486865942029,33.71999547101449,70.51212086397058,36.237649356617645,3.888511766592226
913,78,68.70841487279843,47.006061949608615,72.20475480363176,50.93977644636824,5.262936694845994
914,79,67.20084433229813,38.94027804736025,70.51212086397058,36.237649356617645,4.274196311498781
915,80,70.51212086397058,36.237649356617645,72.94270833333333,36.36067708333333,2.433699091458107
916,81,73.90503412178853,43.32753057065217,76.8574831838565,47.02389293721973,4.730755775675057
917,82,71.51195729961832,83.7905534351145,71.93107057416267,85.81694826555024,2.0692829544835063
918,83,71.93107057416267,85.81694826555024,72.03818873355263,88.17781147203947,2.3632920640127595
919,84,72.89671538978494,31.618573588709676,72.94270833333333,36.36067708333333,4.742326528675365
920,85,71.51195729961832,83.7905534351145,72.50114889705883,80.11603860294117,3.805333003602792
921,86,74.25493120073197,13.780308628941443,79.14078509221312,13.43173668032787,4.898272210919036
922,87,77.54510173339185,22.604296769511205,85.80762214467005,25.53107815143824,8.76557429974692
923,88,75.45161190711462,87.24254261363636,76.62425690874036,90.113371625964,3.101089408233816
924,89,70.3554650421215,60.835857780612244,76.2218876347709,60.275753874663074,5.893100238499826
925,90,72.50114889705883,80.11603860294117,76.065673828125,76.78955078125,4.87558808884139
926,91,79.14078509221312,13.43173668032787,82.09144221547314,11.332870444373402,3.62099667708696
927,92,72.94270833333333,36.36067708333333,79.66508709016394,35.74699026639344,6.750332411042674
928,93,79.68384929906543,94.62160484813083,82.90405908558793,97.50128040452654,4.319986386473715
929,94,83.14423864700375,4.393799742509364,83.67300724637681,7.8676970108695645,3.51390928494226
930,95,83.58842329545455,64.2770478219697,85.58803589876032,60.98995996900827,3.847518306179442
931,96,83.34792564655173,29.72117456896552,85.80762214467005,25.53107815143824,4.858705059069801
932,97,84.17807334710744,91.26218685433885,86.74026747881356,90.55382680084746,2.658310127492952
933,98,85.05073635057471,0.5893049568965517,87.90379213483146,0.869579529494382,2.8667893442186876
934,99,85.58803589876032,60.98995996900827,85.59647817460318,58.908420138888886,2.08155695007243
935,100,87.35513007439383,42.74179429188097,90.14555832435344,44.74676724137931,3.436045160703331
936,101,86.77681587837837,81.2645164695946,88.2100613317757,86.00777599299066,4.955068459261841
937,102,87.90379213483146,0.869579529494382,88.80110432330827,4.9072265625,4.136153131440869
938,103,88.2100613317757,86.00777599299066,90.88510366586539,87.58826622596155,3.1070566241522464
939,104,86.74026747881356,90.55382680084746,89.08203125,95.3522359913793,5.339343435275715
940,105,89.1143798828125,46.1273193359375,90.14555832435344,44.74676724137931,1.7231520722466211
941,106,93.25697491698293,55.50558882827325,95.58281921097452,60.84091403473045,5.820244560029323
942,107,91.24238612288136,37.07765051200565,95.02877994459502,36.47784797512755,3.8336068207833724
943,108,92.72099247685185,16.2841796875,95.22039240056817,17.022150213068183,2.606069929084898
944,109,93.06524367559523,69.29385230654762,97.07942033678756,73.13694138601036,5.557242836150592
945,110,88.80110432330827,4.9072265625,94.55482423053712,8.380108535757392,6.720580478724863
946,111,94.9701286764706,24.454273897058822,95.22039240056817,17.022150213068183,7.436336086120221
947,112,94.55482423053712,8.380108535757392,98.72624196911633,2.3990503832281336,7.292035557625182
948,113,90.88510366586539,87.58826622596155,99.25562021683673,82.81283216411565,9.636924707038201
949,114,95.02877994459502,36.47784797512755,99.54738451086956,36.124320652173914,4.5324131314821585
950,1,0.6138392857142857,41.30322802197802,2.8718647203947367,37.36765008223684,4.53733981352965
951,2,1.2139804121376812,98.88898324275362,15.72265625,96.97922137605042,14.633826053212593
952,3,0.8362676056338028,50.144421214788736,1.3505329457364341,46.61079820736434,3.57084869444645
953,4,0.7825349506578948,80.6871916118421,6.016000600961538,79.4403545673077,5.379941015339429
954,5,1.3505329457364341,46.61079820736434,3.5386029411764706,46.75005744485294,2.192497078714329
955,6,1.7932046979865772,57.011587667785236,6.590401785714286,59.89862351190476,5.598935243752524
956,7,2.554338337988827,34.969120984636874,2.8718647203947367,37.36765008223684,2.4194554832766646
957,8,4.643747199820789,25.9786626344086,7.254791259765625,31.59332275390625,6.192088447402103
958,9,6.101376488095238,18.189174107142858,6.352095170454546,14.208984375,3.98807850493686
959,10,5.967646059782608,75.58188457262845,6.016000600961538,79.4403545673077,3.858772973562012
960,11,2.554338337988827,34.969120984636874,7.254791259765625,31.59332275390625,5.7870779642617585
961,12,3.5386029411764706,46.75005744485294,7.437411221590909,47.32111150568182,3.94040718045957
962,13,8.204393262987013,67.53119926948052,11.653186706629056,67.32537574929478,3.4549297443464737
963,14,10.993143950228832,20.320321438787186,11.057463515228426,15.645324397208121,4.675439481504894
964,15,9.908088235294118,4.4094669117647065,14.316587094907407,0.5768952546296297,5.841529568724855
965,16,11.057463515228426,15.645324397208121,12.956084927140255,12.902542975865208,3.3358077269282047
966,17,7.437411221590909,47.32111150568182,11.456418504901961,43.797870710784316,5.344683829950774
967,18,12.19951923076923,56.46659655448718,14.459543720657278,59.496955692488264,3.780315754029072
968,19,20.276500546300987,9.953465448441854,27.943094544491526,8.259898040254237,7.851422425214841
969,20,15.558028756234412,50.25449072630923,20.9483348540146,48.84238138686132,5.572203568995151
970,21,15.72265625,96.97922137605042,18.949036679025426,95.8887822210452,3.4056700109621274
971,22,16.99125744047619,92.26283482142857,18.949036679025426,95.8887822210452,4.1207273741029
972,23,16.99125744047619,92.26283482142857,18.125,87.01746323529412,5.36649748606131
973,24,19.81237074908088,38.23421702665441,22.97570180084746,39.35795153601695,3.356999045368185
974,25,20.588001778455283,19.29555930603949,20.623428520114942,27.046291307471265,7.750812964589151
975,26,21.241040119636963,58.73674281490649,23.842628403465348,56.28190748762376,3.57693696933961
976,27,20.623428520114942,27.046291307471265,23.84592736634531,29.32083972392638,3.9443718527484872
977,28,20.9483348540146,48.84238138686132,24.151785714285715,47.30887276785714,3.5515836043562086
978,29,18.125,87.01746323529412,27.430201033669583,82.04379775002975,10.551024340618088
979,30,22.00324736445783,67.29692206325302,24.706866010998308,65.21239821277496,3.413911754737259
980,31,24.706866010998308,65.21239821277496,26.0987155720339,60.576668432203384,4.840168984553446
981,32,26.23215663580247,98.2228973765432,32.263997395833336,97.05674913194444,6.143533566503117
982,33,27.943094544491526,8.259898040254237,28.63862242879747,3.0669007120253164,5.239368310096152
983,34,24.151785714285715,47.30887276785714,28.278515625,49.365885416666664,4.610986965211062
984,35,28.63862242879747,3.0669007120253164,33.14584796348314,2.0044768258426964,4.630747945467769
985,36,26.0987155720339,60.576668432203384,30.146509287308675,64.04194734534438,5.328488707624111
986,37,27.943094544491526,8.259898040254237,29.255714101239672,16.490589488636363,8.334701663480725
987,38,32.39340266325858,28.465895036279683,36.70652487601186,23.298291689231558,6.73105842899679
988,39,31.008895320595855,36.592252266839374,38.83260091145833,38.7420654296875,8.11369618655073
989,40,33.255126953125,54.701904296875,36.21419270833333,57.518368675595234,4.085161164537644
990,41,33.14584796348314,2.0044768258426964,34.982383578431374,4.995787377450981,3.510099981643875
991,42,36.37766594434307,75.7302834169708,37.888120993589745,76.9844250801282,1.9632487786987132
992,43,37.10768153901734,46.40986271676301,37.99493963068182,51.28062855113637,4.950917766891598
993,44,37.888120993589745,76.9844250801282,41.822878143491124,78.68555665395995,4.286742639835907
994,45,37.2373046875,66.0166015625,40.45341901881721,62.61158714157706,4.683750057250821
995,46,39.614836557825086,90.03838823360184,42.30627111486486,92.32657386954261,3.5326496400511624
996,47,39.129953286082475,99.2335158934708,42.97322964449541,97.60876576834863,4.172599445935389
997,48,34.982383578431374,4.995787377450981,40.333865580277276,1.5510572730322003,6.364316546839076
998,49,38.83260091145833,38.7420654296875,41.42252604166667,38.277762276785715,2.63121447204123
999,50,39.985627948113205,94.1627358490566,42.45484264184397,95.25847739361703,2.701420133228369
1000,51,42.30627111486486,92.32657386954261,42.45484264184397,95.25847739361703,2.9356654736377643
1001,52,42.45484264184397,95.25847739361703,42.97322964449541,97.60876576834863,2.40677803898001
1002,53,44.66065179013875,40.463078388255695,45.43775475543478,36.66567595108695,3.8761003971113768
1003,54,43.17783453525641,10.710887419871796,45.97598945599022,6.501709581295843,5.05438908644613
1004,55,44.05650525990099,57.40640470297029,45.29772306743421,59.696237664473685,2.604602971150298
1005,56,40.45341901881721,62.61158714157706,44.19090346534654,66.82298112623762,5.630686395288217
1006,57,44.66065179013875,40.463078388255695,45.43306327160494,44.26359953703704,3.878218727590673
1007,58,42.97322964449541,97.60876576834863,45.51196808510639,97.69053357712765,2.5400548900345346
1008,59,48.724966989436616,49.537852112676056,51.19870105421687,50.48004518072289,2.647090478379934
1009,60,45.97598945599022,6.501709581295843,50.366324140262755,1.5191810761205564,6.640830440902003
1010,61,49.91092442468619,57.86071521966527,51.12940532862408,53.52282324938575,4.5057743462225
1011,62,57.8476210771981,86.76532440555009,67.12278168776939,90.98016146955818,10.187907333109665
1012,63,51.12940532862408,53.52282324938575,51.19870105421687,50.48004518072289,3.0435670310872327
1013,64,50.81250000000001,43.521484375,56.160380587625816,43.52606710701599,5.347882551154026
1014,65,50.49633537371135,26.77392074742268,58.073042350386096,19.37854428088803,10.587638154572831
1015,66,52.459454550470866,76.25004598293114,62.08559782608696,73.4094769021739,10.036506716245594
1016,67,45.51196808510639,97.69053357712765,53.575251652644226,99.03705303485577,8.174940766792517
1017,68,54.769890177505964,64.23065986724343,56.17998231132076,59.62190448113207,4.819645841227013
1018,69,54.09193441901409,9.50887617370892,56.05292792792793,6.451471002252253,3.6322475031930583
1019,70,58.073042350386096,19.37854428088803,65.83467371323529,18.253102022058822,7.842801903065184
1020,71,59.873954064207645,32.084258310564664,63.775791266025635,33.56745793269231,4.174232225040965
1021,72,58.158151726973685,54.48447779605263,61.67490433673469,54.278938137755105,3.522753960950712
1022,73,54.769890177505964,64.23065986724343,58.796743328651694,67.09203827247191,4.939942578492196
1023,74,60.473217177091044,50.03679276924501,61.67490433673469,54.278938137755105,4.409064453738922
1024,75,62.35826677901524,39.77482964536929,67.156982421875,40.156773158482146,4.8138916344508615
1025,76,62.08559782608696,73.4094769021739,63.83979611280488,72.37399961890245,2.037013704739209
1026,77,61.67490433673469,54.278938137755105,62.648718341503276,58.873314950980394,4.696446743846412
1027,78,63.83979611280488,72.37399961890245,67.08368943222355,66.71686886890606,6.521194077032488
1028,79,67.12278168776939,90.98016146955818,67.6821930239899,98.66388494318183,7.704060452917469
1029,80,65.73724127435064,7.8822544642857135,72.10480799129353,13.015488961442786,8.178997634033294
1030,81,65.83467371323529,18.253102022058822,69.40493376358695,20.86128566576087,4.421467940222107
1031,82,66.00180571933963,26.945754716981128,72.73304332386363,26.893199573863637,6.731442767462726
1032,83,61.67490433673469,54.278938137755105,68.42593105200083,51.51922838943309,7.293309235540522
1033,84,67.6821930239899,98.66388494318183,74.72521140640896,96.02162544506612,7.522342932256897
1034,85,67.156982421875,40.156773158482146,73.19249160164716,39.01604237781751,6.142364184340565
1035,86,63.83979611280488,72.37399961890245,68.65800498188406,74.12887794384058,5.127839178583014
1036,87,69.93287852112677,15.085827464788732,72.10480799129353,13.015488961442786,3.000596464340985
1037,88,71.24744762073864,81.11738725142045,76.35279152915292,81.33326027915292,5.109905829590719
1038,89,73.19249160164716,39.01604237781751,74.0870941763517,45.90983648623042,6.951597728282076
1039,90,75.02772391627708,67.53409045633234,79.58225388601036,72.17151068652849,6.4999545872745275
1040,91,75.02772391627708,67.53409045633234,77.53403406774231,60.48689786230196,7.479606542639411
1041,92,74.72521140640896,96.02162544506612,80.59564568014706,94.22799862132352,6.138330045307759
1042,93,74.0870941763517,45.90983648623042,78.26799203228477,52.4758769660596,7.784137361615681
1043,94,78.75899057539682,31.549169146825395,83.04401266163794,33.478835533405174,4.69947088969279
1044,95,79.34616376768868,91.43112470518868,80.59564568014706,94.22799862132352,3.0632839816634854
1045,96,79.20386904761905,7.837301587301587,80.48899580792683,5.690262957317073,2.5022641085035304
1046,97,79.58225388601036,72.17151068652849,83.13959876196888,71.06119791666666,3.726593218131882
1047,98,82.12395296391752,78.5604461984536,85.390625,80.21158854166667,3.660248246891779
1048,99,80.48899580792683,5.690262957317073,82.72689224837663,7.095931412337662,2.6427418117587322
1049,100,84.07065552195341,39.69849070340502,87.45256696428572,39.586356026785715,3.383769966986336
1050,101,83.13959876196888,71.06119791666666,83.24877496301775,67.10602348372781,3.956680962353254
1051,102,90.47487620691211,49.17010693015701,91.18110290852576,55.48609569271758,6.355349730963951
1052,103,84.30223651960785,2.83203125,86.63039434523809,0.5312965029761905,3.273178766460226
1053,104,84.50443328373017,16.565135168650794,86.00449672965115,12.712345566860463,4.134510618858302
1054,105,84.73021119505495,25.752275068681318,89.04012044270834,27.290852864583332,4.576301930276332
1055,106,88.21064785015447,98.59720970648816,93.77395341981132,98.42767295597484,5.565888210443094
1056,107,86.44329202586208,60.387931034482754,91.18110290852576,55.48609569271758,6.817245901217331
1057,108,88.9267958603896,23.058289366883116,89.04012044270834,27.290852864583332,4.234080327889634
1058,109,83.24877496301775,67.10602348372781,90.04810474537037,67.45575327932099,6.808318178457368
1059,110,86.63039434523809,0.5312965029761905,90.86502010812237,1.8845183939873418,4.445589369025774
1060,111,90.86171025815217,7.431428328804348,90.86502010812237,1.8845183939873418,5.546910922313286
1061,112,93.37565104166666,14.609580283408407,97.49773550724638,15.653306159420291,4.252169334072945
1062,113,95.2040514823718,74.34915865384616,98.60182747538293,70.54285763129103,5.102235703393854
1063,114,85.390625,80.21158854166667,93.36226851851852,84.13935908564815,8.886758792299188
1064,115,93.75537437080537,42.407849203020135,99.29637419871796,46.271534455128204,6.755053132306564
1065,116,96.98527475421348,7.959807320926966,97.40153833762886,2.087360395189003,5.88718169130927
1066,117,98.57738597972973,57.683171452702695,99.01310161952554,62.289718293795616,4.627107294838302
1067,118,89.04012044270834,27.290852864583332,99.89420572916666,28.37592230902778,10.908186976073434
1068,1,5.899262764084507,1.6546544894366195,6.139126739657814,8.455694586312564,6.805268629972821
1069,2,3.650049062875601,25.95822260929988,3.6869840801886795,32.30026533018868,6.342150271720348
1070,3,0.38604736328125,47.27020263671875,1.9374102011494254,51.608521910919535,4.607357244627383
1071,4,1.2797341417910448,60.325326492537314,5.795522836538462,65.78776041666666,7.087350133236522
1072,5,4.2004096798780495,95.1444087543554,6.880482456140351,92.48487429511279,3.7757004152820772
1073,6,3.585599163385827,82.46493602362204,6.040553042763158,85.97219366776315,4.281081023790137
1074,7,3.585599163385827,82.46493602362204,6.013854623538012,78.4245362755848,4.713942585956936
1075,8,11.045330898792667,42.77561362302504,14.882562099358973,51.38862805488782,9.42912301807947
1076,9,5.795522836538462,65.78776041666666,12.129480698529411,66.91176470588235,6.432915967090835
1077,10,6.116365131578947,18.307976973684212,10.689002962360593,21.071967936802974,5.3430948686784205
1078,11,9.328494833372586,59.21326689825719,11.111653645833334,52.311197916666664,7.128689330942295
1079,12,11.111653645833334,52.311197916666664,14.882562099358973,51.38862805488782,3.8821238664851703
1080,13,11.771282327586206,74.02209051724138,14.477882922535212,74.31824017018779,2.7227543770084353
1081,14,14.716931749253453,97.36324479749908,18.662672776442307,92.84949669471155,5.995230953771453
1082,15,13.408090876436782,78.04530352011494,14.477882922535212,74.31824017018779,3.877558024874117
1083,16,17.46065609180296,2.99540011682243,24.671482740585773,9.519645658995817,9.724289220985034
1084,17,14.479300902061857,15.627013530927837,18.93329326923077,14.281850961538462,4.6526885071843305
1085,18,18.662672776442307,92.84949669471155,24.05274283008658,92.9661627435065,5.391332502279393
1086,19,21.257422841096453,42.11278854080792,24.356981734154928,39.05974911971831,4.350668343859942
1087,20,18.93329326923077,14.281850961538462,19.1419184602649,19.071424875827812,4.794115429437954
1088,21,21.69704861111111,71.86987058080808,22.35433563931298,70.24242604961832,1.755164362543262
1089,22,19.454225352112676,81.95972711267606,21.62299721927966,80.57840638241525,2.5713067439850916
1090,23,19.1419184602649,19.071424875827812,24.340437646943574,23.55130473648119,6.862501387989224
1091,24,20.245648070469798,68.83389261744966,22.35433563931298,70.24242604961832,2.535848909641616
1092,25,21.786519505033556,57.23748601789709,26.17645263671875,62.384033203125,6.76450004290374
1093,26,20.245648070469798,68.83389261744966,23.275260235570236,65.8840131693324,4.228514943730141
1094,27,21.69704861111111,71.86987058080808,22.052702356557376,75.5154969262295,3.6629333923893217
1095,28,24.304013324873097,34.3665728109137,24.356981734154928,39.05974911971831,4.693475206912965
1096,29,24.671482740585773,9.519645658995817,30.39204755167323,7.658133919783465,6.015819787283978
1097,30,28.544907086067646,56.17018906171126,28.64695581896552,48.894490386478104,7.276414306282701
1098,31,26.17645263671875,62.384033203125,28.544907086067646,56.17018906171126,6.649919961354603
1099,32,22.052702356557376,75.5154969262295,25.889756944444443,73.39409722222221,4.384441197528755
1100,33,23.275260235570236,65.8840131693324,26.17645263671875,62.384033203125,4.546072713049706
1101,34,27.950937131775333,3.882622250589159,30.39204755167323,7.658133919783465,4.49594355462304
1102,35,24.356981734154928,39.05974911971831,31.317809705418203,40.447256378221994,7.0977674263053725
1103,36,30.39204755167323,7.658133919783465,34.34261211380832,8.343882999684741,4.009639904054116
1104,37,24.304013324873097,34.3665728109137,30.682701192876344,31.843156712029568,6.859685687079215
1105,38,31.979141979279525,76.42596111524918,32.0923844004065,71.07310721544715,5.35405161709976
1106,39,26.17645263671875,62.384033203125,30.816224563953487,64.90620457848837,5.280987784823772
1107,40,24.05274283008658,92.9661627435065,30.99158653846154,91.64663461538461,7.0631937882348685
1108,41,32.12789688307494,99.13724362080103,35.17146915584416,99.22192065746754,3.0447499700481493
1109,42,34.64903539540816,24.977080676020407,37.395071476063826,27.696974734042552,3.865040471085251
1110,43,34.64903539540816,24.977080676020407,35.91168283045977,21.213855962643677,3.9694003059167233
1111,44,39.472795397506474,1.841996741418394,44.16284618263473,7.685605351796407,7.492952552790268
1112,45,35.91168283045977,21.213855962643677,37.78019831730769,15.48828125,6.022753183939657
1113,46,40.47953158174097,39.67335954087049,45.877878289473685,36.33209666566985,6.348715206881042
1114,47,35.17146915584416,99.22192065746754,40.1329188959144,99.09069491731518,4.96318483618348
1115,48,39.167428523936174,91.19639295212765,43.3971594067662,93.68690190200127,4.908488379385926
1116,49,41.43885193338438,46.724253445635526,42.449544270833336,50.016276041666664,3.443677071642695
1117,50,37.395071476063826,27.696974734042552,41.08715920781893,29.31134259259259,4.029602387543462
1118,51,41.69921875,82.00018952156334,49.00137741046832,80.10825585399449,7.543270782964974
1119,52,43.3971594067662,93.68690190200127,45.26447233606557,97.27096140710383,4.0413290031924625
1120,53,42.567187499999996,22.75182291666667,45.86226851851852,18.411217206790123,5.44962538595213
1121,54,45.877878289473685,36.33209666566985,48.48076542721519,34.38736155063291,3.249156216539599
1122,55,45.26447233606557,97.27096140710383,48.93540933098591,96.02222711267606,3.877514121025837
1123,56,46.54244728458738,72.37963630157766,49.00137741046832,80.10825585399449,8.110357424304095
1124,57,47.50210201793722,56.45100546524664,52.335096914556964,55.90016811708861,4.864284269538355
1125,58,47.37425386235955,26.38693820224719,51.826263142523366,27.593823014018692,4.612695261942791
1126,59,49.00137741046832,80.10825585399449,52.90165653935185,79.39453125,3.96504477825302
1127,60,48.48076542721519,34.38736155063291,50.400230532786885,32.73125320184426,2.5351609720952273
1128,61,49.6063112745098,41.83057598039216,55.65502822136564,44.169018447136565,6.485005001806453
1129,62,44.16284618263473,7.685605351796407,51.82578309505735,5.81291909159919,7.888444457109438
1130,63,56.453294647828514,86.52248051224944,57.96549479166667,90.62825520833333,4.3754011393273275
1131,64,48.93540933098591,96.02222711267606,54.36156449044586,97.18332771925526,5.548992199772168
1132,65,52.40033809596577,16.450899679095354,57.797346443965516,20.41015625,6.693535067707536
1133,66,52.335096914556964,55.90016811708861,54.397243923611114,56.07774522569444,2.0697787119525075
1134,67,54.397243923611114,56.07774522569444,54.994936342592595,51.380449459876544,4.735168818456073
1135,68,52.90165653935185,79.39453125,57.15294212564543,78.55596493115318,4.333200042385752
1136,69,60.29527897902977,6.7004946608040195,68.01055042803638,6.8677058253076515,7.717083199330651
1137,70,56.48345947265625,68.17779541015625,60.59082031250001,65.52001953125,4.892257729431056
1138,71,56.64458403716216,21.68826541385135,57.797346443965516,20.41015625,1.7211694284003134
1139,72,58.64182692307692,56.02501502403846,60.77154618275317,58.83047369462025,3.522258150303368
1140,73,57.797346443965516,20.41015625,58.72974980828221,14.267997507668712,6.212526865115817
1141,74,59.65523097826087,61.78850446428571,60.77154618275317,58.83047369462025,3.1616618525813744
1142,75,54.36156449044586,97.18332771925526,60.4916351010101,98.72849589646465,6.321812270730922
1143,76,59.65523097826087,61.78850446428571,60.59082031250001,65.52001953125,3.8470159990989794
1144,77,62.02002062360179,48.28216757550335,63.72189405487805,44.759908536585364,3.9118642503700856
1145,78,65.68471288755887,22.11622780121664,65.72823660714285,19.358258928571427,2.7583122768545123
1146,79,63.72189405487805,44.759908536585364,65.78869047619048,43.16313244047619,2.611769773210404
1147,80,63.68931361607143,92.81267438616071,67.07594014830508,91.57905190677967,3.604311819260808
1148,81,63.81554236778846,60.25484525240385,66.84655975877193,60.80557839912281,3.080644968726389
1149,82,66.6057522014036,13.129075907044491,67.53637091431095,18.71618264134276,5.664080935973141
1150,83,60.59082031250001,65.52001953125,64.6420487733645,65.38405373831776,4.053509434917616
1151,84,65.37488462552743,72.96817312763713,67.45343396892656,74.09847281073446,2.3659976218404957
1152,85,65.3940644654088,54.6076552672956,66.78958722014924,52.342292444029844,2.660705259894999
1153,86,65.72823660714285,19.358258928571427,67.53637091431095,18.71618264134276,1.9187526238104817
1154,87,66.6057522014036,13.129075907044491,68.01055042803638,6.8677058253076515,6.417025273288226
1155,88,67.52505896226415,38.410229952830186,71.09177714646465,38.00406407828283,3.5897700933560275
1156,89,66.84655975877193,60.80557839912281,68.68087254213484,59.13689431179775,2.4797600630908647
1157,90,68.09555736940298,48.55847714552239,70.8350929054054,46.2793848536036,3.5636100555621546
1158,91,67.52505896226415,38.410229952830186,68.53608630952381,33.078729538690474,5.426515729533899
1159,92,68.68087254213484,59.13689431179775,70.28050915948276,59.449084051724135,1.6298158611559894
1160,93,69.63840060763889,99.38557942708334,73.02573292525774,95.18665431701031,5.39490429108681
1161,94,70.07469584923665,42.21806416984733,70.8350929054054,46.2793848536036,4.131891743419309
1162,95,66.78958722014924,52.342292444029844,69.98579545454545,52.93856534090909,3.251351787360891
1163,96,71.09177714646465,38.00406407828283,73.43375838122606,37.361560105363985,2.4285154846512813
1164,97,71.44353693181819,83.16051136363637,74.75179036458334,87.10801866319444,5.150471304207672
1165,98,72.42359834558823,71.06694240196079,74.71478174603175,68.56243799603175,3.394416546887824
1166,99,73.02573292525774,95.18665431701031,75.54551235465117,95.07176598837209,2.5223972131390355
1167,100,73.88537176724138,0.39174748563218387,78.78373579545455,2.4840198863636367,5.326497343635427
1168,101,70.28050915948276,59.449084051724135,73.5914191100823,62.56791730967078,4.548543238428449
1169,102,75.51165197649573,23.973023504273506,80.09782954732172,25.580963225024643,4.859886300801349
1170,103,75.52703373015873,54.99596974206349,80.06270559210526,58.26171875,5.589046056537006
1171,104,76.13351004464286,46.937779017857146,78.14453125,46.001302083333336,2.218376734752512
1172,105,76.28077225719424,99.51382643884892,79.83697385204081,96.94940476190477,4.384384599960453
1173,106,78.14453125,46.001302083333336,79.84902871621622,47.15107685810811,2.056038337445555
1174,107,79.64713219368812,79.4916557085396,83.33905194256756,77.00063344594594,4.453702206580868
1175,108,78.78373579545455,2.4840198863636367,82.55412696188341,0.9673661715246636,4.063999020499351
1176,109,81.061215943928,12.657841549643987,88.75144675925925,16.553337191358025,8.620587931671675
1177,110,85.91181060702739,64.39945311170665,93.19661458333334,63.98155968468468,7.296780378327898
1178,111,74.75179036458334,87.10801866319444,82.00954861111111,87.38916790674604,7.263201750068052
1179,112,83.33905194256756,77.00063344594594,84.83705357142857,73.70200892857143,3.6228348826153347
1180,113,84.60616099683544,33.95347112341772,84.6197747564935,38.291396103896105,4.337946342534724
1181,114,85.5816566780822,51.732395119863014,86.86454665492957,47.978102992957744,3.967431923403146
1182,115,84.60616099683544,33.95347112341772,88.68071898832221,28.695049352557994,6.652294517400764
1183,116,82.55412696188341,0.9673661715246636,86.37549556902985,2.380917677238806,4.074430744409704
1184,117,87.01200346209913,21.94247676749271,88.75144675925925,16.553337191358025,5.662904586437637
1185,118,89.86786462591986,8.3264130212592,94.19856770833334,6.804036458333333,4.5904923033778715
1186,119,92.07112483047017,93.59095540658906,98.82047451036865,89.68173963133641,7.79972365401686
1187,120,90.92516200460369,41.86880754603683,95.04622864208633,42.472037994604314,4.164982257423362
1188,121,89.74882539335664,85.12415319055944,90.80795094936708,83.03253560126582,2.344485249097734
1189,122,94.30921451065892,56.92920300387597,98.73434679602889,54.590020024819495,5.005354408284311
1190,123,90.01398859797297,80.78811233108108,90.80795094936708,83.03253560126582,2.3807167053595486
1191,124,96.75253059479388,20.81487095771144,97.68421728286386,26.394467062793424,5.656848308075161
1192,125,93.19661458333334,63.98155968468468,95.66097861842105,67.50205592105263,4.2973228698475365
1193,126,94.19856770833334,6.804036458333333,98.08054956896551,8.761000359195402,4.347354468588287
1194,127,94.79514310275081,83.02077012540452,97.53534226190477,82.17075892857143,2.8690086208601193
1195,128,95.04622864208633,42.472037994604314,95.54078733766234,44.776024756493506,2.356468396208713
1196,129,95.78080610795455,11.065784801136363,98.08054956896551,8.761000359195402,3.2558948555314
1197,130,95.66097861842105,67.50205592105263,99.77213541666666,67.09485176282051,4.131274070579511
1198,131,95.73524014261746,75.1723731124161,97.53534226190477,82.17075892857143,7.226186523445597
1199,132,97.53534226190477,82.17075892857143,98.82047451036865,89.68173963133641,7.62013097087903
1200,1,0.7894564075630252,82.39561449579831,5.484501008064516,76.39983504398828,7.615301375221192
1201,2,2.022964015151515,61.98153409090909,6.643880208333333,63.597005208333336,4.8951622440570715
1202,3,1.2674680897887325,55.75277838908451,3.8842075892857144,51.34430803571428,5.126591115426699
1203,4,4.8646335839954595,35.49954331015891,5.682107676630435,32.23823879076087,3.362197355952719
1204,5,4.879266889263485,70.55461456172199,5.484501008064516,76.39983504398828,5.876470949887022
1205,6,3.502775493421053,17.024311266447366,8.498362252124645,11.164543865084987,7.700179287640249
1206,7,4.853191646919431,99.41174837085308,8.166884210827734,93.21423287645082,7.027784623297535
1207,8,5.031174879807692,45.4345703125,5.9603416313559325,41.51797537076271,4.025303316499866
1208,9,6.643880208333333,63.597005208333336,9.820391680743242,66.05191617398648,4.014575068875395
1209,10,3.8842075892857144,51.34430803571428,8.358299126059322,56.03234242584746,6.480367391012686
1210,11,5.031174879807692,45.4345703125,8.605080283149173,47.82512517265193,4.299715382607255
1211,12,10.721481017191978,85.24243373925502,15.522540983606559,78.48360655737704,8.290471740232956
1212,13,10.515753777472527,37.713019402472526,16.03167808219178,36.03783176369863,5.7646920612027
1213,14,11.403101519808743,75.83247950819673,15.522540983606559,78.48360655737704,4.898801499018959
1214,15,11.314697265625,22.70263671875,18.52589142628205,18.922776442307693,8.141785119500568
1215,16,8.605080283149173,47.82512517265193,12.21753610557769,44.597391683266935,4.844388562811116
1216,17,13.701591536004646,49.3799225101626,14.655761718749998,52.23388671875,3.0092444968028453
1217,18,9.820391680743242,66.05191617398648,14.016199761580381,62.41139092302453,5.555018411680552
1218,19,10.721481017191978,85.24243373925502,19.05703263902608,88.93094765532398,9.115182705206488
1219,20,14.655761718749998,52.23388671875,16.187808388157894,54.0540193256579,2.3790858967202446
1220,21,15.522540983606559,78.48360655737704,18.12370455994898,74.73343829719387,4.563969098337081
1221,22,16.187808388157894,54.0540193256579,16.441985410094638,56.53126232255521,2.490248747446207
1222,23,14.655761718749998,52.23388671875,17.393773915816325,51.26654177295919,2.9038710431820167
1223,24,18.222992995689655,13.975787984913794,18.52589142628205,18.922776442307693,4.956252844321385
1224,25,18.222992995689655,13.975787984913794,20.98922682016179,9.808710427037958,5.001658219531415
1225,26,23.294503348214285,29.876185825892858,25.715500045533513,27.533283246469402,3.369038068217647
1226,27,21.471854967948715,99.2177483974359,23.34836028343023,97.22145257994185,2.7397936400347005
1227,28,17.393773915816325,51.26654177295919,23.48472112341772,54.75178006329114,7.017586752309033
1228,29,24.229347088898166,62.09747365400668,25.608698020418323,66.44856122385458,4.564490336584199
1229,30,24.290736607142858,1.3119419642857142,31.65507838081205,2.5441787409954157,7.466721987143023
1230,31,24.986491992630384,33.38891546201814,25.787508284347627,43.514841588865835,10.157559107678045
1231,32,18.52589142628205,18.922776442307693,23.982747395833336,17.98058712121212,5.537598557968428
1232,33,23.294503348214285,29.876185825892858,24.986491992630384,33.38891546201814,3.898986415640083
1233,34,23.34836028343023,97.22145257994185,26.93515625,99.8796875,4.4644504920558425
1234,35,25.608698020418323,66.44856122385458,28.376280926883307,70.9901795605613,5.3184407734285974
1235,36,31.8971499650838,63.13361993715084,32.1052970467033,66.14976820054946,3.0233219402487004
1236,37,31.419983143649578,90.11056749713083,35.538210489833645,86.17739862523105,5.694700505710522
1237,38,31.65507838081205,2.5441787409954157,36.72158335348163,4.63366628384913,5.480458998097363
1238,39,31.209242639462808,83.2919034090909,35.538210489833645,86.17739862523105,5.202503752224687
1239,40,33.61116265287132,25.845534883463312,39.928206498878296,29.0804757606562,7.097174468146321
1240,41,28.376280926883307,70.9901795605613,34.804949413314176,73.65623503352491,6.959571128550138
1241,42,32.20757378472222,52.58879484953704,39.27283653846153,47.34611092032967,8.797935698841247
1242,43,31.419983143649578,90.11056749713083,35.06158716834212,96.99830952331905,7.7911661573846756
1243,44,34.0116359319788,18.70151695008834,38.43113266941392,16.300724015567766,5.029488853416773
1244,45,35.538210489833645,86.17739862523105,40.3134765625,87.568359375,4.973724748330588
1245,46,36.72158335348163,4.63366628384913,39.36708425110132,1.7986818557268722,3.8776038615364383
1246,47,39.928206498878296,29.0804757606562,42.611133634291726,34.59345963359046,6.131157247793519
1247,48,38.43113266941392,16.300724015567766,40.598876953125,20.570068359375,4.788153757510391
1248,49,39.27283653846153,47.34611092032967,46.09219990079365,48.16390749007937,6.8682245083436175
1249,50,41.84005422939778,38.892259310618066,42.611133634291726,34.59345963359046,4.367406794868578
1250,51,40.3134765625,87.568359375,42.45496843088986,90.42284942560175,3.568487196469148
1251,52,39.36708425110132,1.7986818557268722,44.17658065236819,3.1839951966041107,5.005032336180396
1252,53,43.84152536434978,68.47016886210763,51.44695252862596,71.65955987595419,8.247104788367565
1253,54,43.11266447368421,84.17583264802632,44.43755278716216,83.0540012668919,1.736039945072811
1254,55,43.81869041313559,81.00668697033898,44.43755278716216,83.0540012668919,2.1388049155675137
1255,56,45.35369873046875,13.85345458984375,45.446453263274336,8.461525165929205,5.392727168681115
1256,57,55.909151995959746,34.96747309079417,58.57903079710145,40.424875452898554,6.075482972956825
1257,58,46.09219990079365,48.16390749007937,50.07340436573837,47.92192290495657,3.9885518087562604
1258,59,48.703543193032296,56.09434574985048,50.07340436573837,47.92192290495657,8.286435590061124
1259,60,48.04093644425676,23.43354096283784,50.75572620738637,19.691051136363637,4.623452558343843
1260,61,47.917012965425535,90.22814162234043,51.352361798679866,88.05370771452145,4.06568375868252
1261,62,51.01528663378249,97.5227833253128,55.174753289473685,99.62685032894737,4.6613582586613855
1262,63,50.75572620738637,19.691051136363637,55.32815044788274,20.308682817589577,4.613949753598628
1263,64,45.446453263274336,8.461525165929205,51.786295572916664,10.075547960069445,6.542069251478097
1264,65,51.44695252862596,71.65955987595419,52.62145238833747,75.02180908808933,3.561484196927695
1265,66,53.144858818134175,41.488756223794546,58.57903079710145,40.424875452898554,5.53733396064165
1266,67,54.85930266203704,92.69748263888889,58.37796118951613,90.55254536290323,4.120887495541961
1267,68,55.32815044788274,20.308682817589577,55.38155691964286,24.629138764880953,4.320786021514059
1268,69,55.11638208762887,4.013973904639175,57.04552992334906,4.506928066037736,1.9911341434730243
1269,70,58.37796118951613,90.55254536290323,59.0860339081093,94.51351779418246,4.023763111338692
1270,71,57.275894750184364,58.10525269634957,57.921993371212125,53.549952651515156,4.600891427382561
1271,72,51.44695252862596,71.65955987595419,58.09849330357143,69.8438768262987,6.894903887478673
1272,73,58.848206426056336,9.339238556338028,59.51738911290323,13.018733198924732,3.739851105752724
1273,74,58.59898158482143,80.92564174107143,61.567140020718234,81.93125575506446,3.133883221456177
1274,75,60.17646313902743,48.305505766832916,63.45615202974276,46.686281651929264,3.657628460377989
1275,76,61.567140020718234,81.93125575506446,61.68538411458333,85.73079427083333,3.801377986802301
1276,77,61.567140020718234,81.93125575506446,66.86878968309465,75.1091503622175,8.639942773750732
1277,78,67.56896649523522,26.984160513727122,70.335162842827,38.18318169831223,11.535593514259086
1278,79,65.12335526315789,58.51356907894737,66.47862468274111,62.30567893401015,4.027015315655227
1279,80,66.33050473625556,96.00625116084696,67.64722140330188,92.09813531839622,4.123968018703825
1280,81,65.12335526315789,58.51356907894737,67.66246448863636,54.27608216208134,4.939976824795908
1281,82,66.47862468274111,62.30567893401015,70.35320177994979,60.770139324784786,4.167760738539812
1282,83,68.32059972426471,46.574850643382355,69.56352621822035,49.23199152542373,2.9334730161350486
1283,84,75.27399267532618,4.30828188101895,88.85795454545455,3.905717329545454,13.589925618163043
1284,85,66.33050473625556,96.00625116084696,71.40346429286859,99.05285957532051,5.91749452844466
1285,86,70.335162842827,38.18318169831223,74.33890297774869,40.18256435427574,4.475205701747171
1286,87,69.56352621822035,49.23199152542373,72.8200237110895,50.68967351653697,3.5678582802963152
1287,88,76.43504191193445,85.81563257444598,82.31762035472973,87.9909206081081,6.271890238598996
1288,89,73.45762310606061,69.48449337121212,76.04015261627907,63.72865188953488,6.308658322761314
1289,90,78.77943877972258,92.54471288804491,82.31762035472973,87.9909206081081,5.76678012295701
1290,91,77.36903317152104,20.26730633090615,79.00589778313912,30.222724531136198,10.08908703987825
1291,92,76.78786057692307,45.46424278846154,80.02794053819444,49.08989800347222,4.862457598125296
1292,93,79.00589778313912,30.222724531136198,81.75238323555956,31.944170239169672,3.241382061106661
1293,94,79.46623688811188,76.74961756993007,79.962432165195,71.85372976453274,4.920968111666426
1294,95,79.28307199646643,37.59696609982332,82.9169921875,38.6806640625,3.7920676720110134
1295,96,85.372314453125,62.54991803850446,85.80050998263889,70.10091145833334,7.563124555221519
1296,97,82.31762035472973,87.9909206081081,82.52622003424658,82.39301767367905,5.601788204634645
1297,98,78.77943877972258,92.54471288804491,81.59378985969387,97.76187818877551,5.92784832603559
1298,99,82.513671875,40.5888671875,82.9169921875,38.6806640625,1.9503605924892122
1299,100,82.9169921875,38.6806640625,83.58581046747967,37.00298526422765,1.8060797440333374
1300,101,83.58030033682635,45.53588136227545,87.33156993415463,47.45546144859813,4.213883161603564
1301,102,86.11125202922078,26.207386363636363,86.26091097608025,30.54425274884259,4.339447873117827
1302,103,79.962432165195,71.85372976453274,85.80050998263889,70.10091145833334,6.095533169221389
1303,104,88.55827303390221,90.31685128863008,91.82988556338029,92.34705105633803,3.8503453922783786
1304,105,88.44415445243364,14.341263222483407,96.52968206993918,9.49382500271503,9.427269708028735
1305,106,88.85795454545455,3.905717329545454,96.52968206993918,9.49382500271503,9.491172244610878
1306,107,87.33156993415463,47.45546144859813,89.87330082742317,41.697256390366434,6.294229216229796
1307,108,93.50968800349087,55.91574499865736,95.8602695610687,50.56923902671756,5.840407500064782
1308,109,91.00922937657431,27.367364609571787,92.14579264322916,29.081217447916668,2.0564696960110944
1309,110,91.82988556338029,92.34705105633803,92.1527183219178,88.5474636130137,3.813277557358345
1310,111,91.82988556338029,92.34705105633803,96.10435767777156,91.14674464585666,4.439802623512811
1311,112,93.66661090994963,72.74185295969772,98.1201171875,69.72086289349724,5.38145883049036
1312,113,91.00922937657431,27.367364609571787,93.95321531791907,22.778179190751445,5.452309238400628
1313,114,95.80301521650327,66.65964562908496,98.1201171875,69.72086289349724,3.839272415957571
1314,115,89.87330082742317,41.697256390366434,97.23048941798942,42.544410342261905,7.405801359432374
1315,116,96.10435767777156,91.14674464585666,97.72019159226191,85.39611235119048,5.97333165224189
1316,117,93.66661090994963,72.74185295969772,99.21830610795455,76.9930752840909,6.992439547323228
1317,118,93.95321531791907,22.778179190751445,99.33795797413794,21.450026939655174,5.546119533132613
1318,119,99.33795797413794,21.450026939655174,99.92472330729166,27.205403645833332,5.785209986353923
1319,1,0.8600670521653543,20.354151287729657,3.8922991071428568,18.549455915178573,3.5286479879608827
1320,2,1.1580141129032258,28.277469758064516,4.915108267716536,32.49876968503937,5.651117549795813
1321,3,0.8185282422512236,45.24304139477977,7.078705446787148,42.502823795180724,6.833638205622507
1322,4,0.5615234375,83.94232855902779,5.575378939636752,82.92184161324786,5.116653261929541
1323,5,2.6689177738611716,78.57613939352856,5.575378939636752,82.92184161324786,5.2280631490672285
1324,6,1.9796723300970875,95.48553170509709,4.428951075819672,93.51066214139344,3.1462797345263827
1325,7,2.014016544117647,91.27374387254902,4.428951075819672,93.51066214139344,3.2917642889333387
1326,8,0.8185282422512236,45.24304139477977,3.151398570415879,51.68784705812855,6.854035600021604
1327,9,3.156903635458167,35.380742654382466,4.915108267716536,32.49876968503937,3.3759519731357357
1328,10,2.6689177738611716,78.57613939352856,3.246279360151188,73.0375944924406,5.568556906658203
1329,11,2.725830078125,98.91845703125,4.310661764705882,98.466796875,1.6479345774437097
1330,12,2.9940257352941178,15.376838235294118,3.8922991071428568,18.549455915178573,3.2973319507274237
1331,13,4.998737009237876,1.4589798643187066,11.932473104508198,10.466828893442623,11.36741133109659
1332,14,6.402723524305555,58.00564236111111,7.187194698683669,65.33162953774168,7.367868289782716
1333,15,6.402723524305555,58.00564236111111,11.43418178763441,53.10294858870967,7.025096332546908
1334,16,7.078705446787148,42.502823795180724,9.155380049126638,47.115515829694324,5.058607042384996
1335,17,8.88671875,26.697716346153843,10.142988040123457,32.47853973765432,5.915752835694405
1336,18,9.154544659514926,12.180430853544776,11.932473104508198,10.466828893442623,3.26394211394269
1337,19,4.915108267716536,32.49876968503937,10.142988040123457,32.47853973765432,5.227918913440859
1338,20,18.999494311864005,17.02919934379001,19.83177227209945,19.86360497237569,2.9540720828124405
1339,21,11.367951291899441,75.55074851606145,14.190051020408163,79.24505739795919,4.648888576048848
1340,22,11.43418178763441,53.10294858870967,16.09881365740741,51.403356481481474,4.964615172544023
1341,23,11.90979972718254,97.33731708829364,14.601463607594937,99.65634889240506,3.552880937154659
1342,24,14.190051020408163,79.24505739795919,16.607034617456897,76.81590113146551,3.4267491701973336
1343,25,11.932473104508198,10.466828893442623,15.963563404284919,6.063545579437952,5.969806776466551
1344,26,16.607034617456897,76.81590113146551,16.617482131995136,69.5937404957421,7.222168192361135
1345,27,18.26761065042315,60.29928188131313,25.0228995424938,62.26761205024815,7.03621003589808
1346,28,16.619873046875,40.6231689453125,17.745707947530864,44.36005015432099,3.9027919998093115
1347,29,17.745707947530864,44.36005015432099,18.783967391304348,45.79759680706522,1.7732803081862025
1348,30,18.026315789473685,90.43996710526315,18.69956215659341,88.30915178571429,2.234644176790575
1349,31,20.399953358208954,37.19099813432835,20.974639511388684,29.15989793809699,8.05163551935655
1350,32,16.607034617456897,76.81590113146551,21.78783512225645,79.42337312283404,5.799965866822204
1351,33,16.619873046875,40.6231689453125,20.399953358208954,37.19099813432835,5.105761807596018
1352,34,22.28262867647059,50.72426470588235,24.83862058080808,47.27805397727273,4.290625012865008
1353,35,24.602953592936196,70.68316141764322,29.58179884153318,64.8352581521739,7.680291180141766
1354,36,27.660291765223192,24.45739420336002,30.668461430180184,30.71831597222222,6.946094307521316
1355,37,25.0228995424938,62.26761205024815,29.58179884153318,64.8352581521739,5.23224324009467
1356,38,24.83862058080808,47.27805397727273,24.892893145161292,43.06010584677419,4.2182972800429255
1357,39,26.34028817365269,93.91899794161677,28.950314405487802,95.2660537347561,2.9371408275221693
1358,40,31.50459116212545,56.446823808445835,38.0283453525641,54.28811097756411,6.871638074249782
1359,41,21.78783512225645,79.42337312283404,28.00114329268293,84.0403487042683,7.740908340772977
1360,42,28.286618238304094,98.1062682748538,28.950314405487802,95.2660537347561,2.9167295445613015
1361,43,29.58179884153318,64.8352581521739,32.28021382491676,66.86277400110988,3.3752427972274144
1362,44,30.843008030726253,13.307982716480446,35.32472130847953,8.184279057017543,6.807208906298056
1363,45,31.446355557409877,74.35812854639519,32.28021382491676,66.86277400110988,7.541595280165783
1364,46,24.83862058080808,47.27805397727273,31.622056558098592,48.804054797535215,6.952962114195725
1365,47,34.61124625748503,97.20890250748504,37.92523734177215,99.44002175632912,3.9950506892024675
1366,48,35.32472130847953,8.184279057017543,42.03737173507462,7.057486007462686,6.806565824716042
1367,49,41.580371321918804,82.48239677643107,42.812835300429185,76.04068870708154,6.55854940585557
1368,50,42.5455131880734,15.010407707377677,44.690377371651785,21.537998744419642,6.870945139707345
1369,51,39.206883336919105,46.637162489242684,44.58012151235116,44.35737085147503,5.836877453018499
1370,52,38.0283453525641,54.28811097756411,42.102864583333336,63.12941028225807,9.735002843198878
1371,53,42.812835300429185,76.04068870708154,46.6217041015625,75.7049560546875,3.823636745054408
1372,54,46.55306541313559,99.2237155720339,48.40761612021858,96.4934468920765,3.300564404749328
1373,55,42.03737173507462,7.057486007462686,48.41583251953125,2.862548828125,7.634281886165891
1374,56,50.319037271655866,86.03734301340602,57.27061631944444,86.37391493055556,6.959722114644156
1375,57,48.40761612021858,96.4934468920765,50.18918344665272,93.67318253138075,3.3358466995394647
1376,58,44.58012151235116,44.35737085147503,51.20546933172003,42.7095937267312,6.8271812031353685
1377,59,52.837462818950684,78.5453586403383,57.40122629042289,78.77968555659204,4.569775281917592
1378,60,51.72611256544503,67.79133262434554,55.54449057450629,67.01568110412927,3.8963631633738256
1379,61,51.34302512886598,26.453769329896907,54.12968921766215,21.743348353334554,5.472984790790561
1380,62,51.34302512886598,26.453769329896907,56.245873679577464,28.717814700704224,5.400354187670259
1381,63,53.59621239255014,14.211642639684813,54.12968921766215,21.743348353334554,7.550575374099363
1382,64,55.54449057450629,67.01568110412927,58.738921790994624,66.93679645497312,3.1954050736561777
1383,65,55.19287109374999,71.97119140625,55.54449057450629,67.01568110412927,4.967969264565963
1384,66,57.60780923799582,6.058832963639526,64.57508692598502,9.600660724195338,7.815849427093374
1385,67,51.20546933172003,42.7095937267312,55.53627825797872,48.10505319148936,6.918590086976563
1386,68,56.108165922619044,36.29092261904761,56.245873679577464,28.717814700704224,7.574359838904004
1387,69,57.27061631944444,86.37391493055556,61.506810176858515,84.30895908273382,4.712682999210313
1388,70,63.33397481862663,44.210485384680275,63.67804658457249,37.462970492565056,6.756281714037519
1389,71,58.738921790994624,66.93679645497312,60.01600681390977,59.58940319548872,7.45755548858142
1390,72,58.738921790994624,66.93679645497312,62.06455473265896,66.77305364884393,3.3296615697758303
1391,73,64.57508692598502,9.600660724195338,68.8116226604278,15.77313809046346,7.486501977980302
1392,74,61.506810176858515,84.30895908273382,65.41587722396152,79.14684111560783,6.475204018814505
1393,75,63.67804658457249,37.462970492565056,65.40870666503906,30.69014549255371,6.990446537589659
1394,76,66.41814688517915,95.92503053745929,67.73444165955631,91.6082284556314,4.513026938400234
1395,77,64.88667582417582,18.477421016483518,67.0911287006579,21.742650082236842,3.939712341843048
1396,78,67.76845685336977,1.1060593123861566,71.69193766563605,6.695664476590106,6.829157164388377
1397,79,68.8116226604278,15.77313809046346,71.71053459911361,12.162963965551974,4.630015943864073
1398,80,62.06455473265896,66.77305364884393,68.58653192934783,63.48876953125,7.302239979568549
1399,81,71.87576293945312,71.31330049954929,76.50202958185054,73.02741325622776,4.933611819870603
1400,82,71.69193766563605,6.695664476590106,71.71053459911361,12.162963965551974,5.4673311174591825
1401,83,63.67804658457249,37.462970492565056,71.68373243343196,38.05030356262327,8.027201632313265
1402,84,67.73444165955631,91.6082284556314,72.59322543187744,87.84071463494134,6.148328239063188
1403,85,68.8116226604278,15.77313809046346,73.9592615845755,18.587408356286456,5.866711482806687
1404,86,74.94950253739316,54.28435496794872,75.78843682359307,58.67914637445888,4.474148214274676
1405,87,75.22701907467533,80.5473823051948,76.50202958185054,73.02741325622776,7.627292199124767
1406,88,76.50202958185054,73.02741325622776,78.33714978448276,70.84904813218391,2.848322448698443
1407,89,79.94198729449373,30.470024220381003,81.1188420110751,24.54263531537007,6.04308913182542
1408,90,74.94950253739316,54.28435496794872,78.32867450305811,50.309692756116206,5.216966826778294
1409,91,79.99164073014805,38.35301354306864,81.10150898972603,41.10926797945205,2.971320593894551
1410,92,83.03173999853458,5.667268097889801,90.01794763513513,2.9442039695945947,7.49814479644825
1411,93,78.33714978448276,70.84904813218391,80.24823588709677,73.02692372311827,2.8974803159283273
1412,94,81.543675672182,97.38186320449846,92.0477175245098,95.9262025122549,10.604425646228895
1413,95,78.33714978448276,70.84904813218391,80.9722900390625,65.41951497395834,6.035212877569237
1414,96,87.65005790170973,47.85774251025066,92.5819061801936,52.5826915022338,6.829953910446747
1415,97,84.7652359312749,38.943185590969456,88.2999625748503,37.69472773203593,3.7487250459769283
1416,98,86.22267850783476,87.79018652065527,92.0477175245098,95.9262025122549,10.006289809982096
1417,99,87.21914012907321,15.774563253808719,90.30002429724881,23.196162903708135,8.035669768046851
1418,100,88.35457018769968,73.74138877795528,90.40919174382715,76.7427420910494,3.6372505342531345
1419,101,88.2999625748503,37.69472773203593,89.67911157852564,35.06641877003205,2.968174518805886
1420,102,90.30002429724881,23.196162903708135,96.44911024305556,20.799877025462962,6.59950331306799
1421,103,90.30330882352942,56.24712775735294,92.17751242897727,57.81360973011363,2.4426430205124054
1422,104,90.61940511067709,66.82230631510416,94.4251019021739,62.668775475543484,5.633395645966196
1423,105,89.67911157852564,35.06641877003205,91.32958005014326,31.47245478151863,3.9548227933164295
1424,106,90.30330882352942,56.24712775735294,92.5819061801936,52.5826915022338,4.315101271306224
1425,107,92.0477175245098,95.9262025122549,94.91869055706522,93.02394701086956,4.082348974424142
1426,108,90.40919174382715,76.7427420910494,95.39216555240411,76.10381634927067,5.0237689119297055
1427,109,92.0477175245098,95.9262025122549,95.06027747844827,98.90675511853448,4.237830968180981
1428,110,94.4251019021739,62.668775475543484,97.49166081460675,60.18477879213483,3.946393681148192
1429,111,94.3590666118421,9.975071957236842,98.67598516517128,9.245163387030995,4.378190529994976
1430,112,94.51349431818183,37.927616003787875,95.30486208100558,41.504451815642454,3.6633341863665785
1431,113,94.91869055706522,93.02394701086956,96.86773631198346,93.09546100206612,1.9503573020607499
1432,114,92.5819061801936,52.5826915022338,95.20727349806202,48.597989341085274,4.771834538916179
1433,115,91.32958005014326,31.47245478151863,97.95113357843137,30.517441351540615,6.690068891978843
1434,116,95.30486208100558,41.504451815642454,98.78451603325415,39.377505195961994,4.0782218613470835
1435,117,95.30486208100558,41.504451815642454,98.7249636182598,43.48000919117647,3.9496735902040787
1436,118,94.4251019021739,62.668775475543484,99.13332858769932,68.45792105637814,7.462010793237367
1437,119,96.86773631198346,93.09546100206612,98.92165492957746,91.16417253521126,2.8193007696777945
1438,1,0.744325248756219,1.9642995957711442,7.994290865384615,7.5420673076923075,9.147321689458844
1439,2,0.55694580078125,57.2235107421875,1.216490231612447,60.359573903818955,3.2046670669481894
1440,3,0.3233862704918033,85.71016905737704,3.4229625355113638,82.647705078125,4.357299467203156
1441,4,3.5682935393258424,40.14110779494382,7.408396058863328,30.669893463506426,10.220092380824317
1442,5,4.432169596354166,64.1045888264974,5.027670735823583,59.424487370612056,4.7178354405902585
1443,6,3.5682935393258424,40.14110779494382,5.69704117313508,45.801175025201616,6.047142096849267
1444,7,1.216490231612447,60.359573903818955,5.027670735823583,59.424487370612056,3.924217585744187
1445,8,5.69704117313508,45.801175025201616,9.975316334355828,50.001797354294474,5.995737344713489
1446,9,4.244347774621212,98.91320430871212,10.07508116883117,90.38529829545455,10.330664687487925
1447,10,4.845252403846153,10.307325053418804,7.994290865384615,7.5420673076923075,4.19083447925934
1448,11,4.845252403846153,10.307325053418804,8.182839786305147,13.55913947610294,4.659805422453394
1449,12,5.027670735823583,59.424487370612056,9.407006365255658,61.63713786148366,4.906567308207192
1450,13,7.994290865384615,7.5420673076923075,9.927391459923664,7.668624761450382,1.9372389366593246
1451,14,8.178097518844222,51.77155307788944,9.975316334355828,50.001797354294474,2.5223066411572748
1452,15,3.4229625355113638,82.647705078125,8.550599563953488,82.92264716569767,5.1350028867537745
1453,16,8.620042067307693,88.91225961538461,10.07508116883117,90.38529829545455,2.070502774676817
1454,17,8.550599563953488,82.92264716569767,9.936276830808081,76.59998421717171,6.472724947697113
1455,18,11.087239583333334,68.12760416666667,14.96598007138608,72.12468861540749,5.569677895895365
1456,19,10.07508116883117,90.38529829545455,14.590596560492505,94.9435392130621,6.416185745073333
1457,20,12.362816220238097,3.3238002232142856,14.41921657986111,1.7998589409722223,2.5595271967258424
1458,21,13.803055037313433,9.646105410447761,15.701937894208715,15.897922340883028,6.533832798280641
1459,22,9.927391459923664,7.668624761450382,13.803055037313433,9.646105410447761,4.350999641721975
1460,23,15.141465928819445,51.46416558159722,18.509114583333332,51.860203598484844,3.3908558758917318
1461,24,14.41921657986111,1.7998589409722223,16.463216145833336,4.367792038690476,3.2821052116060367
1462,25,14.96598007138608,72.12468861540749,17.31922238372093,78.02166606104652,6.3491804490767425
1463,26,18.509114583333332,51.860203598484844,21.484562440019197,58.631725347888676,7.3964043122659
1464,27,20.5762987012987,41.18979978354979,24.547016189759034,33.64904932228915,8.52229516575008
1465,28,21.703183740601503,0.389156484962406,21.734619140625,3.4027099609375,3.013717428183374
1466,29,17.31922238372093,78.02166606104652,23.484161567198385,82.30799642464245,7.508601941897056
1467,30,22.564369119623656,67.85219254032258,27.156479779411764,65.5951286764706,5.116817135412012
1468,31,25.430365537608484,17.151526337994213,28.486730333607905,22.968846530065896,6.571345370874182
1469,32,21.734619140625,3.4027099609375,23.353794642857142,9.138222346230158,5.959683853097762
1470,33,25.702950353949326,27.763337136736215,28.486730333607905,22.968846530065896,5.544057282586269
1471,34,24.547016189759034,33.64904932228915,25.702950353949326,27.763337136736215,5.9981490247499405
1472,35,25.624268059664697,96.02903106508876,33.90743610829959,97.86437246963563,8.484064532591095
1473,36,26.512736470306514,50.26303579980843,33.30842567392431,51.606442781233795,6.927202470688289
1474,37,37.889805619977544,7.511718288377452,40.243042714497044,13.459515994822485,6.396406989851049
1475,38,30.499111803944317,30.830825841067284,35.035807291666664,29.686414930555554,4.6788120586767095
1476,39,31.45228794642857,80.92108087225274,31.948699330054275,77.91590697082768,3.0458979693350834
1477,40,30.815177128232758,84.75005051185344,31.45228794642857,80.92108087225274,3.8816128987375906
1478,41,34.39533705795677,68.25218975114605,34.76275275735294,72.58157169117648,4.344944450602841
1479,42,30.499111803944317,30.830825841067284,32.191220238095234,37.30375744047619,6.690446505544384
1480,43,32.37394555214724,2.1112921779141107,37.889805619977544,7.511718288377452,7.71941153602133
1481,44,35.035807291666664,29.686414930555554,38.40695802011591,22.561136454308752,7.882528185676839
1482,45,36.9551298634106,62.62675910596026,41.13982858009709,67.04623027912622,6.0863313087509825
1483,46,30.815177128232758,84.75005051185344,38.31099958609271,84.32649524006622,7.507779524467699
1484,47,33.90743610829959,97.86437246963563,41.58546139429278,93.85638905309544,8.661177942959712
1485,48,39.74752987132353,45.29813878676471,41.673018292682926,46.452219893292686,2.244862771136346
1486,49,41.178455723542115,50.32460684395248,41.673018292682926,46.452219893292686,3.9038407793396783
1487,50,44.87408434715559,75.40186985949279,51.50443412162162,75.48432221283784,6.630862426738619
1488,51,43.79735168061555,36.44223305885529,46.5222472299169,40.93338815789473,5.253144760829489
1489,52,36.9551298634106,62.62675910596026,43.3554066364841,58.50282271422261,7.6138291374998905
1490,53,46.5222472299169,40.93338815789473,49.42602040816326,37.89195365646258,4.205023483549745
1491,54,41.58546139429278,93.85638905309544,52.28650232971306,94.46486260559132,10.718326229669794
1492,55,46.56319754464286,19.626813616071427,48.643542247213375,16.846014132165603,3.4728489531225106
1493,56,52.56378326127172,55.37299276157288,52.83978174603175,62.07217261904761,6.704862856642562
1494,57,52.74082617121672,23.076728123946747,57.53279775943396,19.06692216981132,6.248322614278271
1495,58,48.643542247213375,16.846014132165603,52.03391119221411,14.773418491484186,3.973695291916203
1496,59,51.50443412162162,75.48432221283784,53.091497490875916,76.57533074817519,1.925894535588003
1497,60,52.21946022727273,68.86763139204545,54.57763671875,65.72106402853261,3.932160034647659
1498,61,52.83978174603175,62.07217261904761,54.57763671875,65.72106402853261,4.041602210066562
1499,62,60.60201578653154,7.878666675136485,61.338682432432435,1.1000844594594594,6.818493572767796
1500,63,52.74082617121672,23.076728123946747,55.198317307692314,29.015174278846157,6.426850349937807
1501,64,49.42602040816326,37.89195365646258,55.88695860745614,40.40741502192983,6.933344668790106
1502,65,57.53279775943396,19.06692216981132,60.78737173507462,23.680911847014926,5.646339743963243
1503,66,61.631296641791046,32.7148043565954,64.05905330882354,35.955882352941174,4.0495171332786635
1504,67,60.93431939837153,76.11097236881785,62.870194822175726,73.17926255230127,3.5131945725719267
1505,68,59.73745492788461,71.93697415865384,62.870194822175726,73.17926255230127,3.3700652365012433
1506,69,54.57763671875,65.72106402853261,61.152531550480774,64.41321739783655,6.7037082915162
1507,70,61.152531550480774,64.41321739783655,63.8460221894158,54.395622971511,10.3733837253029
1508,71,63.03423713235294,38.77719056372549,64.05905330882354,35.955882352941174,3.001670903979111
1509,72,60.78737173507462,23.680911847014926,67.77385372269579,20.243849269112946,7.7861627087911
1510,73,62.870194822175726,73.17926255230127,66.2163837139423,71.47686298076923,3.7543500636640794
1511,74,66.07603092783505,77.01856475515464,69.51171875,74.32291666666667,4.366974860053735
1512,75,61.152531550480774,64.41321739783655,68.85567989864865,63.75306165540541,7.731384098474623
1513,76,69.09489124597206,42.22232478517723,71.55327358128835,47.03796012269939,5.406846346123334
1514,77,68.44233630952381,12.20517113095238,73.06737741712708,9.568693888121548,5.323722147049461
1515,78,68.4030330882353,98.9165900735294,71.73924180327869,99.0906762295082,3.340747607951687
1516,79,69.51171875,74.32291666666667,73.04474276746726,70.87415035610314,4.937230779787236
1517,80,69.39386917372882,0.4220736228813559,71.29150032121879,1.9532684012481645,2.438352193843601
1518,81,70.04571143617021,28.195437167553187,74.90204669676807,31.32396625475285,5.776823211141256
1519,82,66.2163837139423,71.47686298076923,69.51171875,74.32291666666667,4.354222615218445
1520,83,70.3402432528409,82.59055397727273,72.56043632075472,87.25401680424528,5.164992042333403
1521,84,71.73924180327869,99.0906762295082,72.08523220486111,96.72444661458334,2.3913912161197386
1522,85,70.91846955128204,88.73322315705127,72.56043632075472,87.25401680424528,2.210001426749342
1523,86,72.08523220486111,96.72444661458334,74.16655109714004,95.04418608234714,2.6749137906758524
1524,87,71.29150032121879,1.9532684012481645,74.47062174479167,4.308268229166667,3.9563666684618832
1525,88,70.3402432528409,82.59055397727273,75.61456088362068,81.26010237068965,5.439533798756462
1526,89,71.55327358128835,47.03796012269939,76.6654065860215,50.4903813844086,6.168720809566914
1527,90,79.64804006177324,57.14168105014535,81.06570623617256,62.59383930217551,5.633454267784247
1528,91,79.09872365552324,39.118141351744185,79.11197916666667,43.561197916666664,4.4430763382679395
1529,92,82.70480303697182,73.10615647007043,86.73121675531915,67.9905668218085,6.510089467948962
1530,93,81.34081409235668,88.02155901671973,87.76166888879175,82.95774638267179,8.177381898238991
1531,94,82.54024621212122,1.7015861742424243,84.2529296875,4.270135788690476,3.0871883338592716
1532,95,83.2609097633136,19.798408222386588,85.59957837301587,17.874193948412696,3.028526281571879
1533,96,87.76166888879175,82.95774638267179,93.60386192375887,78.5384807180851,7.325375653986166
1534,97,84.3795421511628,28.528115915697676,87.61106004901961,29.616651348039213,3.409929223844964
1535,98,79.11197916666667,43.561197916666664,84.55347521551724,43.44692887931034,5.442695716513527
1536,99,84.2529296875,4.270135788690476,84.60582386363636,8.081371753246753,3.8275388798911214
1537,100,85.29403895547945,34.62917380136986,87.61106004901961,29.616651348039213,5.522134378395177
1538,101,85.99050912652905,53.497258457568805,90.50035409611878,51.5570054050534,4.90950950274355
1539,102,87.61106004901961,29.616651348039213,89.29481907894737,27.754934210526315,2.510186282125793
1540,103,89.96967516447368,98.05329975328947,90.8623046875,93.689453125,4.454205300680644
1541,104,90.8623046875,93.689453125,94.59178545321637,92.50645330774854,3.912609787528702
1542,105,91.58828125000001,13.1953125,92.1230218349359,16.839443108974358,3.6831556291367056
1543,106,86.73121675531915,67.9905668218085,92.44982215447153,63.95245807926829,7.000626395387383
1544,107,91.58828125000001,13.1953125,92.93170797413794,9.112338362068966,4.298310502295251
1545,108,93.11930338541666,74.49311755952381,93.60386192375887,78.5384807180851,4.07428031211959
1546,109,94.1848342483108,35.30207453547297,97.34061104910714,36.71127630739796,3.4561216486751216
1547,110,90.50035409611878,51.5570054050534,93.78662109375,56.16302490234375,5.6581769492601515
1548,111,94.5703125,28.797144396551722,96.19140625,30.448404947916668,2.3140022374196483
1549,112,95.95086769979508,82.0464587602459,98.62924840328468,81.43497661952554,2.747295688717424
1550,113,95.84117310209425,24.526546138743456,99.55499822443183,23.3154296875,3.906315411967941
1551,114,93.11930338541666,74.49311755952381,98.91076284696175,73.97083645911478,5.814961757618401
1552,115,94.59178545321637,92.50645330774854,98.8149419132918,92.1809084566459,4.235685297133896
1553,116,92.44982215447153,63.95245807926829,99.36634410511364,61.42134232954546,7.365108473892895
1554,1,0.390625,54.27528782894737,1.3884774881516588,51.689314277251185,2.7718168767403526
1555,2,0.390625,54.27528782894737,0.7231841216216216,56.5574852195946,2.306300175443504
1556,3,0.8047777433993399,87.5290068069307,4.037388392857142,88.34821428571429,3.334797220864106
1557,4,1.2896050347222223,23.56391059027778,4.646381578947369,28.173828125,5.702568583086005
1558,5,0.9296755542813456,38.344562308868504,8.9291351010101,39.81609482097763,8.133680653550645
1559,6,1.2486049107142858,64.46707589285714,4.914994673295454,65.0851162997159,3.7181161675867727
1560,7,0.8047777433993399,87.5290068069307,1.791535521582734,82.33405463129496,5.287836894226968
1561,8,2.4897509282178216,3.5697710396039604,4.2121438419117645,0.3188189338235294,3.679038861336114
1562,9,4.618254110078627,10.890033059328092,7.42919921875,7.3125,4.549742321774819
1563,10,6.822824902633531,74.26736078913204,12.556226325757574,76.318359375,6.089210710585828
1564,11,4.646381578947369,28.173828125,7.718977347883597,32.57908089451058,5.370949331595436
1565,12,1.2896050347222223,23.56391059027778,7.926968191439323,21.01497273341957,7.109970033148557
1566,13,8.9291351010101,39.81609482097763,13.376218463302752,37.507615395642205,5.010551635137304
1567,14,9.601748459195239,94.25809475949278,13.49585262345679,92.75776427469135,4.173132972449308
1568,15,7.718977347883597,32.57908089451058,9.617704503676471,31.4453125,2.2114691009680407
1569,16,7.282838983050848,53.94431938559322,8.137034406565656,58.32346906565656,4.46168149266087
1570,17,7.42919921875,7.3125,10.5712890625,7.124947212837837,3.147682422699151
1571,18,7.282838983050848,53.94431938559322,8.823271425898204,50.078553829840324,4.161379031405597
1572,19,10.5712890625,7.124947212837837,11.83285961819066,10.715208535992218,3.8054614221568306
1573,20,10.253131200396826,3.238157242063492,10.5712890625,7.124947212837837,3.8997898279433083
1574,21,11.388177981321839,81.6759832974138,14.068149535123966,79.97562629132231,3.1738716857102105
1575,22,12.320814220183486,53.071244266055054,13.681041290613718,50.37934341155235,3.016048390461201
1576,23,12.556226325757574,76.318359375,14.068149535123966,79.97562629132231,3.9574629610707
1577,24,9.617704503676471,31.4453125,13.880813953488373,32.399164244186046,4.368516376409993
1578,25,14.068149535123966,79.97562629132231,17.534541783707866,78.12456109550561,3.9296714341286134
1579,26,15.160055721507353,17.64562270220588,22.167006619458128,15.350792795566504,7.373167920690514
1580,27,16.33382501961297,68.3794987251569,21.19188969678218,67.45677985767327,4.944916836102449
1581,28,19.098327080167174,28.72080701462766,23.603748139880953,25.499906994047617,5.5383224777801585
1582,29,16.33382501961297,68.3794987251569,17.716653354632587,62.41973779452875,6.118085039812287
1583,30,19.75861642480211,39.3879349439314,23.916568396226413,39.34809846698113,4.158142799564136
1584,31,21.26701108870968,88.05443548387096,25.400958891739737,96.78141113865085,9.65658472324962
1585,32,18.92775632022472,85.26707338483146,21.26701108870968,88.05443548387096,3.63888723967115
1586,33,22.167006619458128,15.350792795566504,23.07503169518427,10.065731215159492,5.362498060311231
1587,34,22.167006619458128,15.350792795566504,23.148651766877638,20.1728144778481,4.920926772453143
1588,35,21.19188969678218,67.45677985767327,22.409084623893804,71.62610619469027,4.343368001347556
1589,36,23.908763404825738,1.096472855227882,29.353062955834687,1.946952238654781,5.510327828972651
1590,37,23.603748139880953,25.499906994047617,27.45481443077803,27.947174002431353,4.562874903742951
1591,38,25.967085988898024,53.40070222553454,27.91529605263158,58.379934210526315,5.346800315403401
1592,39,21.26701108870968,88.05443548387096,27.12434368894781,83.11192828984092,7.6639886842851705
1593,40,26.245069781553397,33.341929611650485,30.37109375,32.034596475856695,4.328185961363058
1594,41,22.409084623893804,71.62610619469027,26.78909187030075,75.30251409774436,5.718429727487785
1595,42,23.916568396226413,39.34809846698113,29.22909555607105,40.761698038176036,5.497381974337359
1596,43,27.91529605263158,58.379934210526315,29.259857287906136,61.84390512184116,3.715769017288132
1597,44,29.353062955834687,1.946952238654781,32.914121986040605,1.8653830901015227,3.561993113778694
1598,45,32.0165868993994,10.51681564376877,36.63667111873211,16.358813145452284,7.448094588779304
1599,46,38.1467259333438,87.1773120058383,40.528971354166664,97.47721354166666,10.571805186097166
1600,47,33.36741727941177,66.83134191176471,37.5966796875,63.273828124999994,5.526532806334301
1601,48,33.92938410194174,46.64934769417476,36.03846663135593,50.80938824152542,4.664136197784295
1602,49,39.84046208932936,76.42565397603856,46.549976145038165,72.9889770197201,7.538456563902482
1603,50,30.37109375,32.034596475856695,36.160803144904456,32.73039410828025,5.831369412301982
1604,51,37.5966796875,63.273828124999994,40.35791603915663,61.044568900602414,3.5488058384859147
1605,52,38.890936932849364,1.5946680750907443,42.5312956871345,4.8605400219298245,4.890616672062014
1606,53,40.1032132583682,44.39109898012552,41.09844355620155,42.00218023255814,2.587936654596546
1607,54,37.5966796875,63.273828124999994,40.63301282051282,66.76883012820512,4.629725466703107
1608,55,40.528971354166664,97.47721354166666,48.49907012574701,98.53107102838645,8.039470755656861
1609,56,46.24345381181318,25.789835164835168,54.19351374570447,29.48144866838488,8.76535585199221
1610,57,42.5312956871345,4.8605400219298245,43.951923812194124,1.7367040935970635,3.431695670780413
1611,58,40.1032132583682,44.39109898012552,43.29764579849498,46.989313336120404,4.117659176415494
1612,59,48.78546025453092,59.16082256130064,52.06983502940498,51.891369133417896,7.97697128000253
1613,60,45.544763513513516,38.53066934121622,45.71559175531915,42.53137466755319,4.00435080835576
1614,61,46.549976145038165,72.9889770197201,47.60307591623037,78.2615142342932,5.376678138697093
1615,62,48.49907012574701,98.53107102838645,55.45440887237763,99.2972847465035,6.997415275815197
1616,63,52.10027825342466,75.10635166952055,52.57613957094406,68.16976108065415,6.952893857313012
1617,64,51.06943736090505,15.36608053597923,61.870315255731924,13.625544257054672,10.940220739875976
1618,65,50.23193359375,34.610262784090914,50.978275767543856,40.349163925438596,5.787228434280532
1619,66,45.71559175531915,42.53137466755319,50.978275767543856,40.349163925438596,5.697182350559428
1620,67,47.60307591623037,78.2615142342932,52.10027825342466,75.10635166952055,5.49362172631212
1621,68,52.807785560344826,82.4030172413793,54.287109375,85.5234375,3.4533203643763453
1622,69,54.49037728658537,1.4592225609756098,62.51938763786765,4.709041819852941,8.661774208346005
1623,70,54.19351374570447,29.48144866838488,58.360298118781095,29.016781327736318,4.192613474812695
1624,71,52.807785560344826,82.4030172413793,56.69829163370254,79.07591228243672,5.119146893248294
1625,72,55.45440887237763,99.2972847465035,55.63194861778846,93.80014272836539,5.500008248064734
1626,73,55.16204833984375,90.1641845703125,55.63194861778846,93.80014272836539,3.6661966666184003
1627,74,58.360298118781095,29.016781327736318,62.81249676955839,35.12459167217995,7.558268322153948
1628,75,61.896143922018354,96.70746129587155,62.56353160225443,89.70214057467794,7.0370394856442005
1629,76,61.467013888888886,74.43877408154121,61.646696512172284,70.29896711142321,4.143704573801994
1630,77,61.740638469827594,9.546740301724139,61.870315255731924,13.625544257054672,4.080864831726541
1631,78,61.896143922018354,96.70746129587155,67.17607821637426,99.14222404970761,5.814273455917171
1632,79,62.51938763786765,4.709041819852941,66.25649160043353,4.449173591040463,3.74612833781382
1633,80,64.47943793402777,57.321506076388886,67.7704060421286,61.95693597560976,5.684864241046364
1634,81,65.13744752798507,67.83246851679104,68.2726368400621,68.90285326086956,3.3128742087375005
1635,82,62.56353160225443,89.70214057467794,66.65239726027397,83.82874928652969,7.15650386662562
1636,83,66.40172887731481,20.36765769675926,68.31537121070359,17.1891081119012,3.7101488438523593
1637,84,67.17607821637426,99.14222404970761,72.09583333333333,99.06145833333333,4.920418022057311
1638,85,67.99682927798982,27.35642294847328,70.77079232283464,31.12081692913386,4.6760595607624955
1639,86,66.25649160043353,4.449173591040463,68.96787701231061,7.498816287878787,4.080677815035041
1640,87,69.14713541666667,49.11675347222222,72.88602941176471,54.59127987132353,6.629462089871035
1641,88,77.0787093294316,7.098798559790695,84.86833243534483,5.512526939655173,7.949495945342984
1642,89,70.77079232283464,31.12081692913386,74.4944344579646,29.85429341814159,3.9331402917276375
1643,90,71.19677197802197,73.22072458791209,75.87707232981221,74.01793573943662,4.747710711814997
1644,91,72.09583333333333,99.06145833333333,78.30076770857407,95.0329372616709,7.397985714089499
1645,92,74.4944344579646,29.85429341814159,76.45931603773585,27.47825766509434,3.083229722593368
1646,93,75.87707232981221,74.01793573943662,78.51310315560997,77.29679151825466,4.207083756338177
1647,94,72.88602941176471,54.59127987132353,78.1234895523498,60.41447845404521,7.832025948503316
1648,95,76.86729979466119,45.14666484856263,80.4594861660079,40.40498394268774,5.948725976175702
1649,96,76.45931603773585,27.47825766509434,77.40450388824884,25.5962881624424,2.105988908249371
1650,97,76.4334064640411,38.49529109589041,79.73565924657534,36.22846211472603,4.005419712040412
1651,98,77.6859140037594,34.304511278195484,79.73565924657534,36.22846211472603,2.8112350278539817
1652,99,77.40450388824884,25.5962881624424,78.1262849506579,21.584601151315788,4.0761011490509285
1653,100,76.86729979466119,45.14666484856263,78.93524169921875,51.433817545572914,6.618509859186494
1654,101,78.51310315560997,77.29679151825466,82.11949828324045,73.66472961037023,5.118394232501241
1655,102,80.4594861660079,40.40498394268774,82.97554496284964,38.24368990384615,3.3168876663970495
1656,103,82.11949828324045,73.66472961037023,84.66767349300831,68.54484560027714,5.718951755040629
1657,104,82.97554496284964,38.24368990384615,84.28677262931035,34.28003771551724,4.174907982619086
1658,105,84.86833243534483,5.512526939655173,89.25210692739203,7.702026883996613,4.900141712582907
1659,106,87.39363796027132,93.44851471656976,90.33642578125,86.66650390625,7.39294736830951
1660,107,87.54219714506173,51.27797067901234,88.44716061827957,47.523941532258064,3.861566226615719
1661,108,84.28677262931035,34.28003771551724,87.8376256281407,31.167556532663315,4.721874218244522
1662,109,88.7156785949868,12.469337483509236,89.25210692739203,7.702026883996613,4.797395721433919
1663,110,88.3888527199074,78.38179976851852,94.54881721368716,77.76088949022346,6.191178574255439
1664,111,90.33642578125,86.66650390625,94.7803760792042,88.8645481418919,4.957831452613723
1665,112,89.25210692739203,7.702026883996613,93.7744140625,9.955303485576923,5.05257531042118
1666,113,89.25210692739203,7.702026883996613,92.35538096910112,0.47840589887640456,7.861997832269763
1667,114,95.38611578925482,71.1227934755489,95.6039732484686,66.61472291347627,4.513331592644288
1668,115,87.8376256281407,31.167556532663315,92.80598958333334,31.343749999999996,4.9714871546841515
1669,116,92.85007911392405,37.38132911392405,94.43524894067797,38.640426377118644,2.0243738038798873
1670,117,94.54881721368716,77.76088949022346,98.24329220871041,77.19682374151584,3.7372872056770237
1671,118,94.25395447530865,25.438850308641975,98.11635240216121,20.758227767231308,6.068471399002937
1672,119,95.6039732484686,66.61472291347627,99.03822796514544,64.90281391048146,3.8372826184100246
1673,120,94.43524894067797,38.640426377118644,98.00873161764706,43.61253446691176,6.123041507223711
1674,121,97.4681332236842,50.75143914473684,98.83550347222221,54.03146701388889,3.5536297245212576
1675,122,97.65887516801075,83.41891381048387,99.47161835748793,86.23707352053141,3.350830049753501
1676,123,94.7803760792042,88.8645481418919,99.46232504826254,98.27838441119691,10.513846082863724
1677,1,1.62884661259542,10.543396151399492,3.1646624360068256,7.0846609694965865,3.784386251689139
1678,2,0.994053171641791,17.193816075870647,5.338541666666666,17.6709587191358,4.37061155737107
1679,3,1.453293010752688,53.633582549283155,5.612220293209877,57.98852237654321,6.021808452601472
1680,4,3.4367125876424187,86.41722242002629,5.857090643274853,81.89019097222221,5.133443645506796
1681,5,3.2506207011510386,35.65730716591802,4.578183302238806,39.27967583955223,3.857975799241541
1682,6,1.4247349330357142,32.139369419642854,3.2506207011510386,35.65730716591802,3.9635520464444136
1683,7,5.612220293209877,57.98852237654321,7.080555050872094,61.26012899709302,3.5860029057690896
1684,8,2.596816196236559,79.16640414986558,5.857090643274853,81.89019097222221,4.24834133794055
1685,9,4.073963994565218,0.4829738451086957,4.0851602874677,1.851683624031008,1.3687555720041191
1686,10,3.3441587936046515,66.80368822674419,7.080555050872094,61.26012899709302,6.685185556435419
1687,11,4.578183302238806,39.27967583955223,7.26573330637708,40.89341930452865,3.1348194518181938
1688,12,5.412109375,45.87630208333333,9.748077392578125,47.893524169921875,4.782238345804296
1689,13,2.596816196236559,79.16640414986558,7.901429938504016,76.08922016189759,6.132535222113233
1690,14,5.338541666666666,17.6709587191358,6.374673541066282,22.268157871037463,4.712516239058729
1691,15,3.2506207011510386,35.65730716591802,6.612585086633663,32.59688273514851,4.546317435651017
1692,16,9.748077392578125,47.893524169921875,14.557586680398217,51.066457877403025,5.7618476118080215
1693,17,5.612220293209877,57.98852237654321,7.430989583333333,54.45833333333333,3.971165623780408
1694,18,4.073963994565218,0.4829738451086957,8.906463456284152,0.7753799521857924,4.8413378707718575
1695,19,12.347734823994253,16.95868130387931,16.41816898901546,14.439060592961757,4.787162292909713
1696,20,7.26573330637708,40.89341930452865,12.946014065964523,42.21859409645233,5.832810449250795
1697,21,5.857090643274853,81.89019097222221,11.33409264513313,86.49214998908774,7.1537107658381975
1698,22,9.532666388358779,98.52881977576335,13.926025390625,94.576416015625,5.9095768719891835
1699,23,6.612585086633663,32.59688273514851,11.009400755494505,31.065418956043956,4.655896190063674
1700,24,11.499865301724139,70.63308189655172,14.409224483944955,66.74939076834863,4.852569178327702
1701,25,12.5,25.096336570945947,15.188865291262136,21.836127123786408,4.225986534988312
1702,26,14.575613157090464,4.32242321210269,18.40585310828877,4.853567847593583,3.866891866546872
1703,27,17.660094919987923,77.8518455615942,21.833423576732674,83.99887840346535,7.429850929611536
1704,28,17.943652849740932,61.69800437176166,20.748465401785715,65.04778180803571,4.368979551872348
1705,29,18.16941352739726,38.51027397260274,20.614668251811594,38.957059556159415,2.4857369178866664
1706,30,23.02440411637118,33.833967429743495,23.68602966994382,38.09800737359551,4.31506489127403
1707,31,13.926025390625,94.576416015625,19.749165430267063,99.18948210311572,7.428952728940974
1708,32,20.7204361891069,90.59315269790257,21.833423576732674,83.99887840346535,6.687540235040798
1709,33,20.7204361891069,90.59315269790257,26.048405328324986,95.01841719706455,6.926053785237572
1710,34,20.614668251811594,38.957059556159415,21.048460144927535,46.00741621376812,7.0636891498720695
1711,35,22.961738782051285,59.87496661324786,26.820063963085232,57.049186862244895,4.7824370778693
1712,36,23.184688960280376,25.768472546728972,30.28790509259259,26.73369984567901,7.168496576059651
1713,37,23.94710357532751,1.4452272106986899,25.947980182926827,0.37514291158536583,2.2690499346746438
1714,38,29.059981684981683,86.39606227106226,32.20382063356164,83.3867321275685,4.351987045838783
1715,39,20.614668251811594,38.957059556159415,23.68602966994382,38.09800737359551,3.1892368386745793
1716,40,16.41816898901546,14.439060592961757,27.206186147836537,15.581805889423078,10.848372275673546
1717,41,28.70143403942953,48.8848180578859,30.380747980038024,50.08094700570342,2.0617516268767884
1718,42,30.179234288674035,68.81873705110497,34.572371517319276,69.79686323418674,4.500709448491308
1719,43,31.433403201219512,35.0782440929878,34.743933695399626,33.14449494656134,3.8339272181669695
1720,44,25.947980182926827,0.37514291158536583,33.10284229828851,2.6123643795843523,7.4964799597353275
1721,45,26.048405328324986,95.01841719706455,32.93262828480113,97.8851318359375,7.457250065218522
1722,46,34.690308415032675,43.84159262663398,34.840285741590215,48.45064029051988,4.611487131767075
1723,47,34.690308415032675,43.84159262663398,37.5272609319788,44.08109954726148,2.84704463407854
1724,48,34.572371517319276,69.79686323418674,38.54046103395062,69.10807291666666,4.027426785617457
1725,49,37.5272609319788,44.08109954726148,38.863247220311784,39.53945294589637,4.734069413760742
1726,50,40.13482886350949,58.62591441430964,43.59237938596491,52.97537463450293,6.624443781821227
1727,51,38.10232277684564,11.480180369127517,45.18290011682243,8.600138726635514,7.643900531134666
1728,52,38.54046103395062,69.10807291666666,40.2587890625,66.47019159226191,3.1481850478238718
1729,53,39.857507577944574,26.36154914838337,44.36381543803419,27.03425480769231,4.55624224926328
1730,54,40.16478418255132,92.82899560117302,43.21831597222222,97.94831452546296,5.960829022805793
1731,55,40.2587890625,66.47019159226191,41.78867290026247,69.10012713254594,3.0425491784186227
1732,56,42.12301351992409,18.266722011385202,45.350260416666664,20.92786458333333,4.182917919439642
1733,57,41.92994505494506,1.5592805631868132,45.18290011682243,8.600138726635514,7.755991252728167
1734,58,47.862268088575206,91.43751225338451,48.50786994485294,86.02797564338235,5.447925118041084
1735,59,44.36381543803419,27.03425480769231,48.33576056184669,26.94461835801394,3.9729564255965437
1736,60,44.36381543803419,27.03425480769231,45.97399177367576,33.52728731942215,6.689703956845985
1737,61,45.16326474471831,43.89304577464789,51.14265829279417,45.168732422468835,6.113961369374177
1738,62,45.144675925925924,82.46383101851852,49.89299368351064,82.02501662234043,4.76855110083634
1739,63,45.18290011682243,8.600138726635514,49.67017983490566,6.648609473270441,4.893275558872682
1740,64,46.7725800304878,75.27629573170732,52.40127354452054,76.90630351027397,5.859958705750582
1741,65,52.40127354452054,76.90630351027397,52.68594237786871,68.9913885842052,7.920032489301178
1742,66,51.14265829279417,45.168732422468835,54.37349759615384,44.11658653846154,3.3978424868388397
1743,67,48.50786994485294,86.02797564338235,49.89299368351064,82.02501662234043,4.23582916269459
1744,68,49.67017983490566,6.648609473270441,50.52274816176471,3.8821231617647056,2.8948781086104205
1745,69,51.12803819444445,18.48090277777778,54.720052083333336,19.912574404761905,3.8668136010780327
1746,70,50.52274816176471,3.8821231617647056,52.91203213276836,0.97021760240113,3.766679158190605
1747,71,53.99116847826087,98.75746069487577,58.47456323818898,95.75772022637796,5.394374055596668
1748,72,49.89299368351064,82.02501662234043,52.40127354452054,76.90630351027397,5.700236116582269
1749,73,52.77409957627118,60.750463453389834,54.85685324367089,59.92879746835443,2.2389724942551488
1750,74,54.182324630801695,86.21110232067511,57.89131030701754,82.55578620189587,5.207486022504684
1751,75,55.71683114035088,52.604851973684205,58.98579717839806,56.34386377427184,4.966522747641398
1752,76,56.19841633747178,35.84601615406321,60.73999297752809,34.087517556179776,4.8701371332092025
1753,77,61.16042564655172,25.806842672413794,63.932985272465594,18.457173417648225,7.855235517391819
1754,78,54.85685324367089,59.92879746835443,58.44008324320148,60.56461970797281,3.6392041918432283
1755,79,58.603515625,90.74079241071429,59.68957411504425,87.46197455752213,3.454007753061486
1756,80,61.897359606613456,5.73894713868301,66.53704126413761,2.6552191328934964,5.5709985008844365
1757,81,58.47456323818898,95.75772022637796,58.603515625,90.74079241071429,5.018584803073875
1758,82,58.44008324320148,60.56461970797281,58.98579717839806,56.34386377427184,4.255888197655066
1759,83,61.91512312701126,48.090949944690266,63.2069570806962,42.08910205696203,6.139300695626596
1760,84,59.463091978092784,41.80442574097938,63.2069570806962,42.08910205696203,3.7546726237280845
1761,85,60.73999297752809,34.087517556179776,63.72141077898551,32.702813632246375,3.2872871891278
1762,86,60.61819698033708,76.78524403089888,63.24462890625,76.7063450168919,2.627616736867446
1763,87,66.29463066443803,56.88743704662647,69.59095982142857,61.869791666666664,5.974080972924773
1764,88,61.16042564655172,25.806842672413794,63.72141077898551,32.702813632246375,7.3561579868434865
1765,89,60.61819698033708,76.78524403089888,61.479442192832764,73.85045595136519,3.058549392738294
1766,90,66.00791529605263,89.6253083881579,67.17808273716189,83.49211246814974,6.243827674867141
1767,91,61.479442192832764,73.85045595136519,62.45006046092565,68.47466568664643,5.462711853338105
1768,92,65.09212489709111,93.33289739983535,66.00791529605263,89.6253083881579,3.819016671126412
1769,93,66.87979509730539,34.67720808383233,67.69386574074075,32.029441550925924,2.7700863931080693
1770,94,61.897359606613456,5.73894713868301,66.19999675829875,9.886783584024897,5.976389682439471
1771,95,69.59095982142857,61.869791666666664,71.3211669921875,64.4000244140625,3.065239731202097
1772,96,70.98033715647163,95.11446658118035,75.40081000766872,99.11570168711657,5.962420867495596
1773,97,67.69386574074075,32.029441550925924,71.47174185061603,32.62681275667351,3.8248137548150876
1774,98,70.92556423611111,14.246961805555555,74.5854674533195,11.66526192946058,4.478846482026491
1775,99,71.3211669921875,64.4000244140625,72.87227452923688,68.34379258548068,4.237834586363945
1776,100,74.0785413401254,1.5441320532915361,75.447265625,5.252511160714286,3.9529080146614928
1777,101,74.19600813356165,42.42294520547945,77.36235119047619,38.576543898809526,4.982020811480324
1778,102,78.46717067882774,27.393092105263158,78.78553101937268,20.18421356088561,7.21590487562155
1779,103,76.91051136363637,49.853515625,77.43166694743935,54.72414083557952,4.8984276134757545
1780,104,71.3211669921875,64.4000244140625,76.08959056712963,63.095883969907405,4.943545861842984
1781,105,76.45854334677419,75.71667086693549,79.08130318071312,79.45863300243113,4.56958967195157
1782,106,79.08130318071312,79.45863300243113,81.23215895432693,75.69720928485577,4.332953835667559
1783,107,83.38409038104089,86.35385687732342,85.06609135076776,79.27400731765835,7.2769084816048
1784,108,74.0785413401254,1.5441320532915361,79.2586910683391,0.3933282871972319,5.306439532753523
1785,109,77.36235119047619,38.576543898809526,80.4700838414634,40.898056402439025,3.879100737866989
1786,110,79.52536759780278,11.13092845659164,83.5391856196275,8.23922143624642,4.946989448527131
1787,111,78.78553101937268,20.18421356088561,83.39176533385093,18.571216275232917,4.880487148164595
1788,112,81.23215895432693,75.69720928485577,81.53098266049209,71.33750397695135,4.369934322062085
1789,113,77.36235119047619,38.576543898809526,80.83720590876436,35.36868040589081,4.729165201429348
1790,114,83.39176533385093,18.571216275232917,88.25997834158416,18.76643719059406,4.872125726462466
1791,115,83.9414560111465,56.64186902866242,86.10758865561044,63.0710512967537,6.784284433140443
1792,116,83.5391856196275,8.23922143624642,85.96811398845686,5.5276047995139725,3.640406269293058
1793,117,83.9414560111465,56.64186902866242,84.94419642857143,54.1015625,2.7310521057465054
1794,118,84.19373244382022,44.81631846910113,84.26290760869564,39.89809782608696,4.91870709605748
1795,119,85.78603127953687,96.12144080812854,93.16878780241935,99.16283392137096,7.984683208834416
1796,120,84.26290760869564,39.89809782608696,86.25837053571429,38.91880580357142,2.2228101939815668
1797,121,85.06609135076776,79.27400731765835,88.7104509564057,76.35476326178826,4.669404972042832
1798,122,85.74420400073747,35.05600110619469,86.25837053571429,38.91880580357142,3.8968740492561293
1799,123,88.25997834158416,18.76643719059406,88.34431695239681,24.2705039114514,5.504712841640613
1800,124,88.7104509564057,76.35476326178826,92.51815698294243,75.13383487140192,3.998661190820697
1801,125,84.94419642857143,54.1015625,88.20731026785714,56.222446986607146,3.8917943077286092
1802,126,88.38511183110369,9.597747700668895,89.7962068256579,6.821803042763158,3.1140099273141977
1803,127,93.31570587646745,88.00990736726254,95.44079350490196,91.58824195439045,4.161787578188163
1804,128,86.25837053571429,38.91880580357142,90.19297724184783,40.6005859375,4.278961830961783
1805,129,90.91625548245614,34.326171875,92.47921674679486,32.11263020833333,2.709725931509081
1806,130,91.74123701780415,68.41168049888724,93.43741827928869,63.58933708158996,5.111949423278923
1807,131,89.7962068256579,6.821803042763158,91.59167325949366,4.07931170886076,3.277950340008324
1808,132,93.16878780241935,99.16283392137096,95.03761574074075,95.75737847222221,3.884539184921096
1809,133,93.43741827928869,63.58933708158996,97.89743134469697,62.75449810606061,4.537474259836127
1810,134,93.3974609375,21.32421875,95.08467928739893,23.72204556940701,2.9319412027022578
1811,135,91.59167325949366,4.07931170886076,95.86712035047421,2.1393491590100773,4.694986956594998
1812,136,93.90856014784946,48.46375168010753,96.61458333333334,47.245308806146575,2.9676867283260404
1813,137,95.29250820605574,56.61225967979635,97.89743134469697,62.75449810606061,6.671785176645432
1814,138,95.3426019265233,16.9568352374552,98.54989681603774,16.162109375,3.304289591540159
1815,139,96.61458333333334,47.245308806146575,97.35733264593908,41.47515466370558,5.81776205846417
1816,140,92.51815698294243,75.13383487140192,98.57794943820225,75.79990344101124,6.0962883741047875
1817,141,95.86712035047421,2.1393491590100773,99.3243408203125,6.885375976562499,5.8717241019989705
1818,142,95.44079350490196,91.58824195439045,99.63278021694215,91.18672520661157,4.211171843165321
1819,1,0.4330283717105263,24.12623355263158,3.0657716606498195,28.046733980144406,4.722463427871427
1820,2,3.3724510063559325,56.683311496431756,6.2639964393568395,65.27225146914789,9.0626113701311
1821,3,0.6994143501472755,73.84164442194403,6.154675066312997,75.74809350132627,5.778790320959769
1822,4,1.8304824829101562,96.98834419250488,8.45748546511628,95.3170421511628,6.8345021061934785
1823,5,1.246337890625,46.668701171875,3.864489103618421,41.0400390625,6.2077816420693095
1824,6,1.7842955508474576,84.9758342161017,3.022203947368421,83.09390419407895,2.2525713764424085
1825,7,2.9116586538461537,32.45943509615385,3.0657716606498195,28.046733980144406,4.415391484126522
1826,8,6.2639964393568395,65.27225146914789,13.652918198529413,62.83930759803922,7.779163235409009
1827,9,3.864489103618421,41.0400390625,6.932793288934426,42.68778816598361,3.482752888400029
1828,10,5.601823642061281,11.647044742339833,10.233015866623711,15.009866301546392,5.723330346914455
1829,11,6.052078363549619,1.2441853530534353,11.053077210771276,3.070284796099291,5.323967378356552
1830,12,6.932793288934426,42.68778816598361,8.657871203476123,49.280196629213485,6.814377679385289
1831,13,9.39809395358306,89.3405181188925,9.835000707013574,85.49694216628959,3.868328271310569
1832,14,7.8986106834975365,82.95176839593597,9.835000707013574,85.49694216628959,3.1980487557991566
1833,15,2.9116586538461537,32.45943509615385,8.013577538014312,31.52637242844365,5.186538560784651
1834,16,8.45748546511628,95.3170421511628,12.036943611623615,94.82025484317343,3.6137678746672486
1835,17,3.0657716606498195,28.046733980144406,9.747531003613666,23.2520044554862,8.224070715400844
1836,18,8.013577538014312,31.52637242844365,9.320162259615385,36.84138371394231,5.473253931593108
1837,19,13.278927484428085,31.86413947480181,15.498490767045455,32.73370916193182,2.3838231071785874
1838,20,17.13288070063215,4.594165083157736,18.726748511904763,10.412946428571429,6.033127791249355
1839,21,16.336495535714285,45.05811615186615,21.675041811199208,44.83912366823588,5.343036032386503
1840,22,12.036943611623615,94.82025484317343,16.062903025793652,99.08389136904762,5.864038337981156
1841,23,16.515174278846153,77.6279547275641,24.025621505591054,77.60712324566408,7.510476116489441
1842,24,18.726748511904763,10.412946428571429,18.73239776234568,19.968291859567902,9.555347100953252
1843,25,18.399964634773664,86.2160011574074,20.58501717931937,87.15999263743456,2.380246738636463
1844,26,22.480428971486763,98.94537216776986,26.910745872641513,96.2135170990566,5.204876555799547
1845,27,21.5620742506812,60.27213364271117,26.53575177648579,60.84905422319121,5.007025612764039
1846,28,23.336711314769122,34.20588291989778,23.576246584699454,38.8762593920765,4.676515106082857
1847,29,24.025621505591054,77.60712324566408,30.44810943319367,79.88081209264432,6.813076555645303
1848,30,21.532495471014492,40.92504528985507,21.675041811199208,44.83912366823588,3.9166732070991266
1849,31,21.532495471014492,40.92504528985507,23.576246584699454,38.8762593920765,2.8938628629610044
1850,32,17.13288070063215,4.594165083157736,23.077256944444443,0.4014756944444444,7.274218393630274
1851,33,23.019483612804876,90.4415967987805,23.965525072674417,92.98578306686046,2.7143835783615384
1852,34,25.01471532534247,55.541657748287676,26.53575177648579,60.84905422319121,5.521051460322132
1853,35,25.352016715116278,68.25831213662791,32.372374928325684,70.80794868119266,7.469007695213394
1854,36,26.53575177648579,60.84905422319121,31.059229651162788,60.198264898255815,4.5700523878990955
1855,37,23.965525072674417,92.98578306686046,26.910745872641513,96.2135170990566,4.369507128173148
1856,38,23.576246584699454,38.8762593920765,27.610400044326237,41.02809175531915,4.5721741715859
1857,39,31.30607539398281,91.84757790114612,32.75060519366197,88.03642165492957,4.075730397761431
1858,40,31.059229651162788,60.198264898255815,34.02246441281139,54.73217512789146,6.2176279745835945
1859,41,30.44810943319367,79.88081209264432,34.59855687244202,80.88588740620737,4.270408684411488
1860,42,30.496395335477942,3.3138499540441178,36.700367647058826,7.583869485294118,7.531423453778088
1861,43,33.19426625806741,20.087319883918966,35.00434027777778,24.020337301587304,4.329548933146843
1862,44,31.002851007109005,34.95954902251185,34.00883294637507,38.55046294562612,4.683010807419703
1863,45,31.960484601449274,74.53719429347827,32.372374928325684,70.80794868119266,3.7519230373404224
1864,46,34.59855687244202,80.88588740620737,37.37512807377049,83.17831070696722,3.6006321980887344
1865,47,35.02464157706093,67.68173163082437,36.29807692307692,63.981119791666664,3.9135873012617277
1866,48,38.268503343251375,46.49722383435783,43.487719815773445,51.29129872107187,7.0868451800831584
1867,49,31.960484601449274,74.53719429347827,38.48638699839864,74.30036324886963,6.530198391947975
1868,50,36.700367647058826,7.583869485294118,39.05486591458059,14.336340648331136,7.151190732976537
1869,51,39.05486591458059,14.336340648331136,40.45442421530837,19.784424903634363,5.624978710183616
1870,52,37.37512807377049,83.17831070696722,40.354215456674474,81.51918362119439,3.4099361169562656
1871,53,39.68296004842615,30.18449633561052,45.899658203125,26.425781250000004,7.264659320397075
1872,54,36.700367647058826,7.583869485294118,43.847195426169876,1.8800844229256783,9.143867417125577
1873,55,39.66703869047619,58.54104662698413,42.902838089330025,63.66678621277916,6.061650274554698
1874,56,40.39477412564767,98.95588771049223,41.8422379032258,95.19720262096774,4.027761784119616
1875,57,41.76834620786517,92.24236306179775,41.8422379032258,95.19720262096774,2.9557633198683573
1876,58,43.487719815773445,51.29129872107187,45.526334811102544,55.85169501734772,4.995314352297283
1877,59,43.38677799972914,41.202050040628386,47.582775297619044,44.620535714285715,5.412248850976807
1878,60,45.61956947344869,73.09791728818615,50.95619131352974,77.94956781450712,7.2123536722474055
1879,61,43.38677799972914,41.202050040628386,45.56965213108882,36.212840257879655,5.445838202667692
1880,62,46.032877604166664,17.235026041666668,48.218201754385966,21.01608187134503,4.367152943128557
1881,63,45.899658203125,26.425781250000004,48.736810064935064,27.9195413961039,3.2063608750514434
1882,64,41.8422379032258,95.19720262096774,45.841733870967744,94.5301999327957,4.054733108604409
1883,65,48.56124515583773,12.755606860158311,51.73217773437499,14.3310546875,3.540741345298276
1884,66,50.95619131352974,77.94956781450712,54.638671875,75.24820963541666,4.567055845656505
1885,67,47.46227525684932,83.10279323630137,50.95619131352974,77.94956781450712,6.2260084852942255
1886,68,47.95996989678899,23.639979931192663,48.218201754385966,21.01608187134503,2.636574429207367
1887,69,48.837002840909086,65.93656994047619,50.92717313218391,64.19233417145594,2.722346462972256
1888,70,53.524496552372945,38.23815466176731,56.913577251552795,33.773291925465834,5.60543194049904
1889,71,48.736810064935064,27.9195413961039,49.92320236650485,28.967877730582526,1.5832042709050989
1890,72,47.582775297619044,44.620535714285715,51.54115345309811,49.6255529932229,6.38114061780757
1891,73,51.37843517107046,58.847021087398375,54.47332208806818,61.70177523937289,4.210456780115356
1892,74,54.28739381067961,7.306204490291263,57.83745659722223,11.009114583333334,5.1297649990567376
1893,75,58.03262679303278,22.346738387978142,61.66008470695971,16.39730711996337,6.968083189094612
1894,76,54.638671875,75.24820963541666,57.823944091796875,71.70422871907553,4.765056120392314
1895,77,57.83745659722223,11.009114583333334,59.73501632462687,12.613689365671643,2.4850338330059025
1896,78,58.48607772435898,48.537660256410255,59.92111650485437,45.58366201456311,3.284119655914161
1897,79,58.46931703629033,82.13678175403226,61.001953125,81.93402777777777,2.5407390131065473
1898,80,54.28739381067961,7.306204490291263,59.48264382102273,3.971169211647727,6.173579430101079
1899,81,61.66008470695971,16.39730711996337,64.85460069444444,16.04885525173611,3.213464034148608
1900,82,56.913577251552795,33.773291925465834,61.96337647699005,30.614991449004975,5.956117369296851
1901,83,64.87527073019803,69.96190439356435,67.10805084745762,64.67161016949152,5.742170323953148
1902,84,64.84262102601156,97.88524355732177,72.65407986111111,98.13910590277779,7.8155828460131636
1903,85,64.33320886948529,55.45510684742647,68.38167445866141,54.60983636811023,4.135765444261395
1904,86,67.1851297026699,47.1238812196602,74.97633107046678,43.752372737133456,8.489398577126051
1905,87,65.20687955097088,77.24135315533981,69.437484437251,79.24785234063745,4.68231317666998
1906,88,64.85460069444444,16.04885525173611,66.2625087780899,10.291213132022472,5.927279979104645
1907,89,66.28689236111111,23.50151909722222,73.42085682957394,24.32154605263158,7.180939579531909
1908,90,59.92111650485437,45.58366201456311,67.1851297026699,47.1238812196602,7.425507587888397
1909,91,67.10805084745762,64.67161016949152,70.22797077123172,61.56221439116985,4.404797661301499
1910,92,69.34231368127148,82.35039465206185,69.437484437251,79.24785234063745,3.1040016538288775
1911,93,69.2096037413119,87.81070129235448,73.70616515837104,88.66259544683258,4.576547631984057
1912,94,68.38167445866141,54.60983636811023,71.92095588235294,54.460018382352935,3.542450906497411
1913,95,64.85460069444444,16.04885525173611,70.38067511792453,15.759507665094338,5.533644419343927
1914,96,70.51711309523809,3.8380456349206353,73.8825675087108,2.9756233667247387,3.474198551873959
1915,97,72.58954115316901,93.37404636150235,76.46579186893204,95.32672178398059,4.340306546432401
1916,98,72.65407986111111,98.13910590277779,76.46579186893204,95.32672178398059,4.736945520293532
1917,99,73.24320475260416,20.79620361328125,73.42085682957394,24.32154605263158,3.529815799037707
1918,100,77.58299148202342,72.33323317307693,80.35883246527777,66.84678819444444,6.148688613670088
1919,101,76.46579186893204,95.32672178398059,77.95550466954023,93.09895833333334,2.6799578765972463
1920,102,76.7443426724138,27.476203304597703,80.73352931701031,25.572597857603093,4.420104499132888
1921,103,73.8825675087108,2.9756233667247387,77.39820515799256,4.114268703531598,3.695432489449558
1922,104,79.3962390699523,80.46580012917329,86.59895833333333,80.18684895833333,7.208118932342414
1923,105,80.59093871241512,14.53941485814743,82.24113000690608,6.972979972375691,7.744292620313188
1924,106,77.95550466954023,93.09895833333334,79.67932304126795,90.485290819378,3.1309435721857857
1925,107,79.67932304126795,90.485290819378,81.49775752314815,93.44638149434157,3.4748758179605725
1926,108,84.27322925623388,22.653227106620808,87.45424669395466,19.67564349811083,4.35716376611564
1927,109,82.24113000690608,6.972979972375691,86.88186520776566,4.247913828337874,5.381673410183708
1928,110,80.73352931701031,25.572597857603093,84.78618421052632,30.909035107440364,6.700863691151316
1929,111,83.23133680555556,56.50101273148148,86.37655614837398,52.76176638719512,4.88614039275358
1930,112,79.67932304126795,90.485290819378,84.12845799180327,86.1055968237705,6.24311791521155
1931,113,88.60894097222223,74.09396701388889,89.21331860393438,68.10822004314966,6.016181440035516
1932,114,86.37655614837398,52.76176638719512,89.80971213692946,55.8836877593361,4.640361310887868
1933,115,84.12845799180327,86.1055968237705,86.59895833333333,80.18684895833333,6.41365326721963
1934,116,84.78618421052632,30.909035107440364,86.16135817307692,39.77463942307693,8.97162434059244
1935,117,87.45424669395466,19.67564349811083,89.77876684479554,17.57159038104089,3.1353522052740805
1936,118,93.24853101660274,92.00452759134033,96.24343889043382,88.56846148498332,4.558072340363944
1937,119,89.52553333063122,96.39550063499784,93.24853101660274,92.00452759134033,5.756852963197536
1938,120,88.83679118377484,14.29984995860927,89.77876684479554,17.57159038104089,3.4046444069430284
1939,121,89.80971213692946,55.8836877593361,92.13910819455727,61.38452921913079,5.973721014500775
1940,122,92.4262037712089,32.46417890045069,96.12087673611111,35.341486855158735,4.682895406028783
1941,123,95.65016966027308,28.697942064911143,97.29034810126582,24.311461629746837,4.6830968307709195
1942,124,95.629815183518,8.702362145083102,96.79898074307616,2.5973729084240027,6.215934498157165
1943,125,93.42850245786516,47.83839536516854,96.4200106534091,44.10511363636363,4.78398513277738
1944,126,96.24343889043382,88.56846148498332,99.12109375,91.51519097222223,4.118751286706704
1945,127,96.65955987595419,21.756843392175572,97.29034810126582,24.311461629746837,2.6313434068786044
1946,128,96.4200106534091,44.10511363636363,97.2530915775401,40.00198445855615,4.186847606006948
1947,129,98.04655690146579,74.4479399938925,98.97505733944955,82.77218319954129,8.375866403550488
1948,130,97.29034810126582,24.311461629746837,99.49050834276018,24.349547511312217,2.2004898596964955
1949,131,92.13910819455727,61.38452921913079,98.93068449267783,58.96680504707113,7.209084462354038
1950,132,96.65955987595419,21.756843392175572,99.03375033674568,19.584497912176722,3.2180530182992246
1951,133,96.24343889043382,88.56846148498332,98.97505733944955,82.77218319954129,6.407697036634142
1952,1,0.4833984375,46.5205078125,1.9190319896449703,41.388721955128204,5.328815044826153
1953,2,0.4833984375,46.5205078125,0.5869875672043011,51.58595150089605,5.066502784772186
1954,3,0.5869875672043011,51.58595150089605,3.501539963942308,51.40474759615385,2.920179879463778
1955,4,0.5869875672043011,51.58595150089605,1.287087429775281,54.44665115870787,2.9451217886152934
1956,5,0.9267769607843137,64.28462009803921,3.25592549368619,61.917683285196134,3.320741297407962
1957,6,1.1634720203488371,85.92569040697674,4.359483706353374,77.94189132646365,8.599740603941457
1958,7,4.359483706353374,77.94189132646365,7.79465106355042,70.22058823529412,8.450970133520546
1959,8,2.765721450617284,7.118055555555555,9.444185932601881,6.786650176332289,6.686682089235879
1960,9,11.499448426410162,91.34880171367202,18.346854967948715,87.646484375,7.784223148223367
1961,10,5.786830357142858,26.372767857142858,10.096242222850679,25.09871677036199,4.493799817529802
1962,11,11.304991579341317,36.058804266467064,20.606631324404763,39.8681640625,10.05145382532179
1963,12,7.79465106355042,70.22058823529412,12.819502981085526,71.02102179276316,5.088205054150116
1964,13,3.25592549368619,61.917683285196134,7.547684403153153,61.63956925675676,4.300760624564431
1965,14,12.819502981085526,71.02102179276316,16.659330985915492,68.54437169894366,4.569253198706833
1966,15,10.575727982954545,49.62417140151515,14.160698784722223,46.80555555555556,4.560330134608819
1967,16,14.631815159574469,63.11156360815603,19.027717074592072,62.53847064393939,4.43310153189503
1968,17,16.057830965109734,80.17523169316263,18.346854967948715,87.646484375,7.814041689256277
1969,18,16.258021763392858,17.281668526785715,16.777338397506167,9.580830150383667,7.718328929628053
1970,19,10.096242222850679,25.09871677036199,15.335205078125,23.8280029296875,5.390866856436521
1971,20,15.335205078125,23.8280029296875,16.258021763392858,17.281668526785715,6.611057763264834
1972,21,18.346854967948715,87.646484375,21.54334229849727,87.03279755806011,3.2548644770010347
1973,22,18.94169560185185,28.96653163580247,21.534886853448278,31.856623306650246,3.8829461409167045
1974,23,20.172646604938272,51.22251157407407,21.986997377622377,54.908080201048946,4.107953849604558
1975,24,18.346854967948715,87.646484375,20.394293305837564,91.15194717639594,4.059590274821798
1976,25,20.606631324404763,39.8681640625,26.893833705357146,42.63857886904761,6.870524869279755
1977,26,21.813771081349206,2.5425502232142856,22.883264342350746,0.7652168843283582,2.074302203837017
1978,27,24.402972011203193,46.5223824048496,26.893833705357146,42.63857886904761,4.613926948285103
1979,28,25.486156034368364,66.01686902866241,27.838242601590107,69.44049525176679,4.1537365991638024
1980,29,21.534886853448278,31.856623306650246,26.158650114577174,28.182981593731522,5.9054915231385925
1981,30,24.843033256880734,14.59754873853211,25.999750285388128,11.320321418378995,3.4753723817739215
1982,31,30.88194227971737,86.33064149522028,31.175696331521742,93.54831861413044,7.2236524304392296
1983,32,32.927863152472526,2.5268363054356358,35.13731664540816,5.412946428571429,3.6347374568615534
1984,33,28.725519654977376,19.79505444004525,34.12403681506849,16.608786386986303,6.268675428967614
1985,34,25.486156034368364,66.01686902866241,29.031575520833336,59.278971354166664,7.613754947920298
1986,35,31.175696331521742,93.54831861413044,31.569010416666664,97.55580357142857,4.026739580919559
1987,36,33.943224253144656,42.463885613207545,40.48267212559482,48.357450789786746,8.8033226095083
1988,37,32.5934059261658,13.544365284974095,34.12403681506849,16.608786386986303,3.425420792913004
1989,38,35.831750102235546,29.280474713740457,40.549108779325515,27.258408174486803,5.13246782527521
1990,39,33.943224253144656,42.463885613207545,37.31062605574324,39.636016991255964,4.397298698424136
1991,40,31.175696331521742,93.54831861413044,36.8370780109489,91.68852645985402,5.959032587363628
1992,41,36.708018543956044,75.2682864010989,42.93575199771689,75.4189408533105,6.229555420338051
1993,42,31.569010416666664,97.55580357142857,38.878058667452834,99.15444428066039,7.481833896146953
1994,43,41.16842545087065,85.91053521455224,41.220703125,82.020263671875,3.8906227818919565
1995,44,40.549108779325515,27.258408174486803,44.3213064803805,28.681443222354343,4.031687518062863
1996,45,45.80141279143975,15.879743873383253,46.10790307971014,5.917402626811595,9.967054700860583
1997,46,45.41259927772858,92.75845503791234,49.41184303977273,88.33308092413101,5.964720170735157
1998,47,46.89378004807692,56.7138671875,48.256132028398724,60.83440850250912,4.339915165874077
1999,48,44.58644701086957,4.350656702898551,46.10790307971014,5.917402626811595,2.183923386822431
2000,49,48.35064095510563,84.26372689260563,49.41184303977273,88.33308092413101,4.205447906988458
2001,50,51.494796841130785,1.992462687409682,55.75627011802575,6.6930156920600865,6.344710634790044
2002,51,49.116967429577464,39.239931778169016,55.075390625,35.926562499999996,6.8177139093147305
2003,52,52.25664007713885,26.66412824333801,53.22861089939024,30.905821265243905,4.3516303808335115
2004,53,51.56886888586957,74.4713824728261,55.74284401260504,73.49166228991596,4.287414138546432
2005,54,48.35064095510563,84.26372689260563,54.777981505102034,81.71037946428571,6.915944594582584
2006,55,53.34406672297297,51.18111275337838,58.04671620934959,52.40806021341463,4.860073277370177
2007,56,54.11527450770548,60.3131019905822,54.78651258680556,62.636990017361114,2.418887372293382
2008,57,53.22861089939024,30.905821265243905,55.075390625,35.926562499999996,5.349620351137395
2009,58,57.69055333778841,16.226984559651097,58.001471185064936,10.762479707792208,5.473342962371754
2010,59,55.75627011802575,6.6930156920600865,57.445062785388124,8.492080479452055,2.4675199659922957
2011,60,53.34406672297297,51.18111275337838,55.96442945075758,47.03776041666667,4.902414651097678
2012,61,53.22861089939024,30.905821265243905,58.516213405004855,30.46666211127308,5.305808234369046
2013,62,57.445062785388124,8.492080479452055,58.001471185064936,10.762479707792208,2.3375848569150324
2014,63,58.04671620934959,52.40806021341463,61.710156250000004,50.9578125,3.9400522029162333
2015,64,57.445062785388124,8.492080479452055,61.29302153716216,7.818834459459459,3.9064109818080186
2016,65,61.6232322080292,95.01097741788321,68.40157082707023,95.35317453539218,6.786970848737645
2017,66,61.68718434343434,22.73220486111111,66.36086047535211,16.762488996478872,7.581606432049852
2018,67,61.801680307539684,76.24627976190477,64.57384965551181,71.94958784448819,5.113363308726369
2019,68,63.567693332373274,85.08469542050692,67.56312909644194,82.12543158941948,4.971996517173087
2020,69,64.97789852963997,41.547793975015516,70.86680237676056,41.887654049295776,5.898702687093275
2021,70,64.75745738636364,5.069957386363636,66.89453125,2.3117591594827585,3.489232316342159
2022,71,64.57384965551181,71.94958784448819,67.52090454101562,72.20611572265625,2.958198615787881
2023,72,67.54242842970521,58.45946712018141,71.29127994436875,52.859054505373905,6.739325569750297
2024,73,68.34549386160714,47.15380859375,70.86680237676056,41.887654049295776,5.838611163167235
2025,74,66.36086047535211,16.762488996478872,69.23423522834274,20.92866005571249,5.060954827492512
2026,75,68.34549386160714,47.15380859375,71.29127994436875,52.859054505373905,6.420863381002065
2027,76,67.56312909644194,82.12543158941948,69.41364567454268,87.48154058689023,5.666772908685591
2028,77,70.32915035190325,33.3949525426249,71.95615096830986,29.21194157130282,4.488286063965666
2029,78,67.52090454101562,72.20611572265625,69.43129595588235,67.80158547794117,4.800987610336685
2030,79,66.36086047535211,16.762488996478872,69.7044516509434,12.788362323113208,5.193581111858018
2031,80,74.65022467320262,80.40747549019608,74.69018296709893,73.82658651536984,6.5810102844654965
2032,81,71.70217803030303,4.4732481060606055,74.20726102941177,0.3898043592436975,4.790610990869714
2033,82,75.91474044421489,59.89205352530992,81.21517684108527,64.68477470930233,7.145964059856302
2034,83,74.20726102941177,0.3898043592436975,76.484375,3.4626116071428568,3.8245774168906226
2035,84,71.95615096830986,29.21194157130282,75.47532753436425,26.34141430412371,4.541423840018145
2036,85,77.06403752292978,96.93698203288784,82.498849801812,94.9160134130804,5.798404838309881
2037,86,75.07138614766082,17.385667945906434,79.17303065527682,12.027938473183392,6.7474997421075615
2038,87,78.97330072496398,49.470770668227665,79.79067595108695,53.42433763586957,4.037176492043514
2039,88,76.64552841508439,9.241289227320674,79.17303065527682,12.027938473183392,3.762137901997351
2040,89,76.484375,3.4626116071428568,78.41646634615384,2.0274939903846154,2.4067695244481593
2041,90,80.453176910299,35.05826931063123,81.91661005434783,36.76651664402174,2.249387809857697
2042,91,74.65022467320262,80.40747549019608,80.97365359042553,77.68243018617021,6.885610007847119
2043,92,82.498849801812,94.9160134130804,83.86389001623377,91.68526785714286,3.5072855079389806
2044,93,79.17303065527682,12.027938473183392,83.74094202898551,17.20306838768116,6.902737424383668
2045,94,82.498849801812,94.9160134130804,83.76392802254098,98.64225794057377,3.935139283842072
2046,95,81.91661005434783,36.76651664402174,83.82254464285714,38.61328125,2.6538888758895327
2047,96,86.20918469551282,84.6366686698718,90.39152892561984,82.8044938016529,4.566056066984111
2048,97,83.82254464285714,38.61328125,86.35264854260089,37.79472043161435,2.659223111529893
2049,98,88.19448646882262,59.261534178931065,92.93548248626374,56.292925824175825,5.593717797790224
2050,99,86.35264854260089,37.79472043161435,87.01322812017001,41.51930182573415,3.7827069592720037
2051,100,86.59356648489933,52.94607277684564,87.80698029891305,47.39427649456522,5.682852720595707
2052,101,88.90403891509435,11.619534651669087,93.62626509232955,13.008256392045455,4.9221913962339325
2053,102,87.80698029891305,47.39427649456522,91.4772445436508,46.273561507936506,3.837556736708213
2054,103,83.86389001623377,91.68526785714286,88.42345120614034,92.17679207785088,4.585978009546593
2055,104,89.30064777283822,69.85288909954673,93.19314236111111,69.06553819444444,3.9713266759987373
2056,105,83.76392802254098,98.64225794057377,88.26984489051095,98.75951613822993,4.507442324198269
2057,106,86.35264854260089,37.79472043161435,88.7936315070694,33.049234816838045,5.3364811957763205
2058,107,91.24716889559966,19.215868340163937,95.65561655405406,22.504486908783782,5.499947531313675
2059,108,90.37861440373564,5.353133979885057,94.64909110482283,3.0098502091535435,4.871134373500932
2060,109,94.77171538978494,34.89184307795699,99.26230890287769,36.37589928057554,4.729466451129686
2061,110,92.93548248626374,56.292925824175825,95.71908190359477,59.018203635620914,3.895582737629976
2062,111,93.4033203125,78.31488715277779,97.15905321125265,76.79928012208069,4.050011639276048
2063,112,96.02072159588442,96.91878283712785,99.17109204793029,91.76623774509804,6.039333979051351
2064,113,94.57058376736111,29.393174913194443,94.8046875,26.251148897058822,3.150735159245937
2065,114,95.47334558823529,88.45433383951406,99.17109204793029,91.76623774509804,4.964074572365852
2066,115,94.8046875,26.251148897058822,95.65561655405406,22.504486908783782,3.8420770827012856
2067,116,92.93548248626374,56.292925824175825,96.2903474506579,53.9306640625,4.103096338132365
2068,117,94.64909110482283,3.0098502091535435,98.67384195515342,6.287495082612117,5.1905274610338035
2069,118,97.15905321125265,76.79928012208069,99.17814932463371,81.9956573374542,5.57486190676716
2070,119,99.24004737367021,43.69182180851064,99.46982206230284,48.53454012223975,4.848166362003633
2071,120,95.71908190359477,59.018203635620914,99.25647129828327,62.03435152896996,4.648684958588665
2072,1,0.4336708470394737,6.071391858552631,3.8978928786057696,3.304443359375,4.433603306689792
2073,2,2.2742975587286964,31.729374784085675,4.449103860294118,38.62735523897059,7.232697754317057
2074,3,0.6901041666666666,98.61067708333333,1.4608923410404624,93.46832098988439,5.19980197715124
2075,4,3.343986742424242,54.486268939393945,3.624284771126761,56.33802816901409,1.8728532322042486
2076,5,3.810235031512605,71.63619353991596,9.463404605263158,69.67722039473684,5.982967659373735
2077,6,5.787037037037037,19.21115451388889,7.646910732848234,14.189311005717256,5.355188361293743
2078,7,6.31466868729097,8.917420045986622,7.642369300314465,7.410819575471699,2.0081419012556747
2079,8,3.624284771126761,56.33802816901409,7.64945652173913,57.24524456521739,4.126142170535081
2080,9,8.1064453125,66.38671875,9.463404605263158,69.67722039473684,3.5593172935595607
2081,10,12.984889168190128,92.69511356587881,15.318080357142858,96.39601934523809,4.374983967045084
2082,11,8.687303046218489,97.22295168067227,12.984889168190128,92.69511356587881,6.242640824966588
2083,12,9.463404605263158,69.67722039473684,11.986019736842106,68.72087445175438,2.697811087665344
2084,13,7.642369300314465,7.410819575471699,11.413823341836734,1.3676857461734695,7.123435411802605
2085,14,12.530083678909953,27.762915926145336,15.50601018126177,21.763734404425612,6.6967393168573714
2086,15,13.065305897887324,37.278554137323944,17.45231681034483,32.80212823275862,6.2677151837878435
2087,16,15.50601018126177,21.763734404425612,19.63038487181693,17.43268238128011,5.9806753979199305
2088,17,7.64945652173913,57.24524456521739,15.499441964285715,53.35770089285714,8.759866851311243
2089,18,16.094324448529413,70.19473805147058,19.258665807038835,69.45682266383496,3.2492422735897537
2090,19,15.934427668539325,76.86205231741573,16.094324448529413,70.19473805147058,6.6692313276064175
2091,20,15.318080357142858,96.39601934523809,20.569679142290013,97.64261975031341,5.39752743115707
2092,21,19.70497532894737,64.62890625,22.307307545731707,60.72789634146341,4.689350837057754
2093,22,20.13881606543624,91.98989356124162,20.569679142290013,97.64261975031341,5.669123067954533
2094,23,11.413823341836734,1.3676857461734695,19.764220792483663,2.8454350490196076,8.480146259695816
2095,24,21.650339673913045,45.40601222826087,27.544202302631575,44.7594572368421,5.929220019794631
2096,25,20.754967206790123,83.45630787037037,26.212053571428573,81.40680803571428,5.82925734235316
2097,26,22.307307545731707,60.72789634146341,24.266522381756754,57.05262880067568,4.164866656937365
2098,27,19.258665807038835,69.45682266383496,22.9808910472973,72.96329532657657,5.113737505364494
2099,28,24.61498363597973,27.965318834459456,31.286798007246375,23.43042346014493,8.06711739474637
2100,29,25.474609375,87.3662109375,28.497023809523807,87.4844990079365,3.0247282657497445
2101,30,27.544202302631575,44.7594572368421,27.62163222296494,49.64192708333333,4.88308377917673
2102,31,20.569679142290013,97.64261975031341,30.759282419438673,97.9612650511088,10.194584335489
2103,32,29.891493055555557,14.593098958333334,31.462545955882355,10.411305147058822,4.467169875395275
2104,33,30.533727504863812,64.67351653696498,35.549644080812854,70.5351340973535,7.71478966149664
2105,34,31.286798007246375,23.43042346014493,33.30148381294964,25.896470323741006,3.184390998158716
2106,35,33.06048103932584,34.17255530196629,37.69120929621849,40.236016281512605,7.62949560847011
2107,36,31.462545955882355,10.411305147058822,35.61643122779751,2.1892866063499112,9.211750742176797
2108,37,35.02108371013803,51.689253257377445,38.73988560267857,56.76792689732143,6.29463370316534
2109,38,31.286798007246375,23.43042346014493,33.93780048076923,20.737680288461537,3.7787140541819015
2110,39,35.49026811420345,73.43318887955854,35.549644080812854,70.5351340973535,2.898662972142898
2111,40,36.17820202464789,78.8512323943662,38.72383438752505,78.31395212299599,2.601713707718669
2112,41,37.69120929621849,40.236016281512605,42.06664749109264,38.669207430225654,4.64751001866964
2113,42,31.462545955882355,10.411305147058822,39.19046336206897,12.227797234195402,7.93853581836549
2114,43,38.73988560267857,56.76792689732143,40.35196109693878,55.5046237244898,2.048102122864179
2115,44,42.774225050403224,21.242453835227273,44.37068058894231,18.64952674278846,3.0449862385953907
2116,45,35.02108371013803,51.689253257377445,41.15551097972973,47.178526182432435,7.614319186280036
2117,46,42.29310501453488,65.20825763081395,44.629435552168026,66.16091844512195,2.52309393566612
2118,47,40.35196109693878,55.5046237244898,44.119557584269664,58.08242626404494,4.565068370165443
2119,48,44.629435552168026,66.16091844512195,46.99895217754368,63.70594930305755,3.411961683023427
2120,49,46.75127359135667,96.50460430342815,51.73536278735632,90.08003322557471,8.131190481600552
2121,50,45.406014578683035,28.821236746651785,50.47801009141332,33.94072257600657,7.206543806716266
2122,51,46.03160511363637,78.29367897727273,46.81640625,81.29743303571428,3.104585522616789
2123,52,46.81640625,81.29743303571428,49.63691064518842,79.5443672190444,3.320916259235341
2124,53,48.06167140151515,0.6433475378787878,57.024890839741495,4.534912109375,9.771569859133336
2125,54,44.37068058894231,18.64952674278846,49.79702818627451,20.85583256740196,5.85773280705056
2126,55,51.73536278735632,90.08003322557471,51.92649147727273,88.44992897727273,1.6412708601694355
2127,56,57.024890839741495,4.534912109375,63.213535524764154,9.94205114976415,8.218057899501543
2128,57,51.92649147727273,88.44992897727273,53.86038115530303,89.0957919034091,2.038888963663681
2129,58,54.30889423076923,45.38010817307692,59.62643241095969,43.663460368472286,5.5877626992238225
2130,59,59.62643241095969,43.663460368472286,64.10613364361703,42.09919381648936,4.744960798523444
2131,60,53.86038115530303,89.0957919034091,57.02829923561151,98.47094199640289,9.895915532668356
2132,61,57.10411269430051,20.439503724093264,59.760573814655174,17.87109375,3.695066370036902
2133,62,59.00289601293104,85.36772629310346,59.823406006176846,88.10587512191157,2.858442872915166
2134,63,58.60159737723214,72.44785853794643,63.06579316143498,73.5281495235426,4.593046114862635
2135,64,57.10411269430051,20.439503724093264,59.78922911729858,24.933815906398106,5.235331144929386
2136,65,60.44967296511628,78.71366279069767,63.06579316143498,73.5281495235426,5.8080661777762055
2137,66,61.5616508152174,63.48363903985508,65.46984057741116,60.77936627538071,4.75258228776673
2138,67,61.51614972014925,58.51795708955224,62.909878366361795,55.25994029471545,3.543607339239502
2139,68,59.00289601293104,85.36772629310346,63.25967478197675,84.07039198764535,4.45008334626631
2140,69,63.213535524764154,9.94205114976415,69.45913614144236,6.932254634332148,6.932993734841955
2141,70,64.10613364361703,42.09919381648936,68.01206733923884,40.20079765419948,4.342836172778211
2142,71,59.78922911729858,24.933815906398106,65.81644197789635,23.01174256859756,6.326267523812031
2143,72,65.46984057741116,60.77936627538071,67.84254807692308,58.21514423076923,3.493562017813845
2144,73,69.19159047585428,78.16912595312058,71.00267731741573,72.72318293539325,5.73919253031383
2145,74,69.26782061230247,16.266930022573366,74.98616708509513,20.455577761627907,7.088318295956168
2146,75,79.2198313148789,46.92011110510381,81.13127778939703,54.8211759562651,8.128988461500253
2147,76,69.76154384328358,96.52227145522389,72.4982647856405,93.17334387913223,4.324922823154427
2148,77,70.65755208333333,35.94308035714286,73.42928140470298,32.11923731435643,4.722738511373073
2149,78,70.65780968974819,44.91203911870504,72.62319711538461,43.61778846153846,2.353259972129277
2150,79,70.31989820075758,68.14334753787878,71.00267731741573,72.72318293539325,4.630451337663647
2151,80,71.00267731741573,72.72318293539325,74.31182861328125,71.80633544921875,3.4338158966131203
2152,81,72.2406914893617,30.05615976443769,73.42928140470298,32.11923731435643,2.380973532786477
2153,82,74.98616708509513,20.455577761627907,80.58819665196883,19.54318665401969,5.675842915494541
2154,83,75.5303216087444,97.78587443946188,78.01837531887756,94.02403539540816,4.510193372558911
2155,84,75.83051801801803,86.6870777027027,77.39297510162602,83.66996951219512,3.3976777321200884
2156,85,78.01837531887756,94.02403539540816,78.93587085308057,89.77016069312796,4.351694846606545
2157,86,69.45913614144236,6.932254634332148,78.75560413707386,1.8532492897727273,10.593423076789866
2158,87,72.62319711538461,43.61778846153846,79.2198313148789,46.92011110510381,7.377053449998986
2159,88,80.58819665196883,19.54318665401969,82.85354182190761,23.40693694113264,4.478878768188572
2160,89,80.58819665196883,19.54318665401969,80.81036308030113,13.942788386135508,5.604803179487934
2161,90,79.2198313148789,46.92011110510381,80.99008413461539,38.57121394230769,8.534511051063792
2162,91,82.85354182190761,23.40693694113264,84.48260555446709,25.869875342868337,2.952950086859751
2163,92,85.47317562031836,67.24656922986891,92.24169921875,61.1953125,9.079130999898055
2164,93,82.92228349673204,76.70611213235294,89.25132335920479,80.9493719362745,7.619842475034881
2165,94,78.01837531887756,94.02403539540816,85.1417335304054,97.44950028153153,7.9041787616301695
2166,95,86.75962936046511,84.53851744186046,89.25132335920479,80.9493719362745,4.369268181700818
2167,96,88.36837469362744,33.5168377246732,95.34063824152543,30.64751059322034,7.539595292098797
2168,97,88.72366713258786,18.96840055910543,89.95418517770598,14.719273778271406,4.423714848287834
2169,98,86.75962936046511,84.53851744186046,88.23946328309692,89.29659796099291,4.982894607065209
2170,99,91.62287979351032,56.847172289823014,93.46285635964912,58.658854166666664,2.5821899594769686
2171,100,95.8347449217039,97.97792104686816,95.85829658742331,88.71141679447852,9.266534181694537
2172,101,92.24169921875,61.1953125,93.46285635964912,58.658854166666664,2.8151102357643234
2173,102,92.86566840277779,86.40873015873017,95.85829658742331,88.71141679447852,3.776001747084992
2174,103,95.94809556480169,4.685770958746459,97.01035897943038,0.48457278481012656,4.3334131650172205
2175,104,94.61748231132076,47.738060141509436,98.3692810330937,43.94661974776896,5.333949184983304
2176,105,95.34063824152543,30.64751059322034,97.1419868119266,25.540245126146786,5.41562713111311
2177,106,97.1419868119266,25.540245126146786,97.40927108990147,18.145252847906406,7.399821057328849
2178,107,97.42243187152295,69.04942031032685,98.93591156639005,75.97291558609959,7.086988614384987
2179,108,98.53612554280396,10.19138686414392,99.87717461340206,6.691970038659793,3.7475766474127563
2180,109,93.46285635964912,58.658854166666664,99.30735518292683,57.43283155487805,5.971708125813869
2181,1,0.8462006191037735,53.03793853183962,4.844599184782608,57.85778985507246,6.262440248664405
2182,2,2.1507559979262014,65.78134497461384,7.342178520114942,61.38424928160919,6.803331414632726
2183,3,1.882266045349731,82.85506041026134,2.443731398809524,86.80245535714286,3.987125557315884
2184,4,0.8500117041198503,91.42782947097379,0.9637832641601562,96.13094329833984,4.704489732270207
2185,5,1.7262178308823528,20.66794002757353,3.1018708881578947,28.27833744517544,7.733729384186737
2186,6,2.2640401252983295,40.221090020883054,5.625236455811138,42.935078692493946,4.320112878373088
2187,7,5.22496182676291,48.501700444197674,5.625236455811138,42.935078692493946,5.580994311518403
2188,8,3.1018708881578947,28.27833744517544,8.50659442204301,30.986433131720432,6.045231072938007
2189,9,9.213939787457111,76.43358853769539,18.222517621253942,79.13529549487382,9.40498245984765
2190,10,4.844599184782608,57.85778985507246,7.342178520114942,61.38424928160919,4.321321397823688
2191,11,5.677440068493151,12.186964897260275,9.828576962809917,12.65495867768595,4.177434104073333
2192,12,7.342178520114942,61.38424928160919,9.286708047945206,60.49604023972602,2.1377816508443526
2193,13,8.536097515060241,94.58419615963855,10.485186792695474,92.31529706790124,2.9911289007127504
2194,14,9.828576962809917,12.65495867768595,12.334342277486911,12.812909031413614,2.51073856195363
2195,15,10.485186792695474,92.31529706790124,13.505656612143893,86.26012871197489,6.766705383627287
2196,16,11.53681506849315,42.96339897260274,13.874747983870966,41.95438508064516,2.5463776921286425
2197,17,9.286708047945206,60.49604023972602,12.835318062297734,62.8027659789644,4.232448070564825
2198,18,12.608358304794521,21.258294092465754,17.448979591836736,20.144292091836736,4.96715360160844
2199,19,12.334342277486911,12.812909031413614,14.126496010638299,10.899268617021276,2.6217998853543585
2200,20,14.028914517195767,6.54296875,14.126496010638299,10.899268617021276,4.357392646901593
2201,21,14.730874594155843,28.538453733766232,16.328125,24.626308497536943,4.225646602393631
2202,22,13.505656612143893,86.26012871197489,20.684257769832058,91.208070747713,8.718626323577931
2203,23,15.875524514134277,34.36188714664311,20.317057291666664,35.126302083333336,4.506832991062537
2204,24,16.328125,24.626308497536943,17.448979591836736,20.144292091836736,4.6200417830369584
2205,25,19.90806386269888,44.68161875736594,23.788617830560423,40.60105626094571,5.6311357100213115
2206,26,18.222517621253942,79.13529549487382,21.536387567934785,80.85725203804348,3.7345506235796715
2207,27,17.782552083333332,0.6666666666666667,23.839393028846153,2.897135416666667,6.454480078516564
2208,28,19.168717893835616,54.996967751141554,27.387512966804977,57.587809582468886,8.617485355161389
2209,29,20.69880392699115,70.28455706120944,24.060436469549128,62.59384463324361,8.393308704012552
2210,30,24.060436469549128,62.59384463324361,27.387512966804977,57.587809582468886,6.0108090094576605
2211,31,16.328125,24.626308497536943,20.852864583333332,25.6484375,4.63875155560843
2212,32,21.689789870689655,16.852438038793103,25.965772764513105,13.617743445692884,5.361648889931395
2213,33,20.684257769832058,91.208070747713,25.7955761002445,98.49790838936431,8.903218963748254
2214,34,29.405106238359718,71.51247536833179,35.42241115196079,69.16743259803921,6.458109941596614
2215,35,25.965772764513105,13.617743445692884,28.58802532327586,8.14251077586207,6.07078094405658
2216,36,30.150436705989108,29.840630671506354,30.82275390625,24.54345703125,5.339668434724518
2217,37,30.82275390625,24.54345703125,33.708934294871796,20.45188969017094,5.007091025960064
2218,38,33.10133077330508,89.27353681144068,35.93841590897249,95.81138544054815,7.126886891493882
2219,39,36.59197344401947,41.90360418115438,38.68434175531915,36.920295877659576,5.404754092260937
2220,40,37.225568543257,1.6967835559796438,43.677353277439025,1.6687904916158538,6.451845462181864
2221,41,33.708934294871796,20.45188969017094,37.177527329947,22.08681859172556,3.834596478915453
2222,42,33.80806942114094,53.81187080536913,37.25254899364407,54.34653072033898,3.4857281520604704
2223,43,28.58802532327586,8.14251077586207,34.547842920353986,9.413889657079647,6.093917463343927
2224,44,37.3344015140433,33.40443744514336,38.68434175531915,36.920295877659576,3.766111943704181
2225,45,38.68434175531915,36.920295877659576,41.19681112421384,38.3389838836478,2.885338452932152
2226,46,41.90119307170543,48.77826227390181,44.68390804597701,45.49771012931034,4.301804853944324
2227,47,42.355510752688176,20.697349630376344,43.190170960319854,15.013307653138202,5.744997028825083
2228,48,42.610292609908136,73.75622846948819,44.133938626126124,77.17113597972973,3.7393970752303116
2229,49,43.3749877547022,61.56598990987461,47.63777449324324,60.08498733108109,4.512728599935357
2230,50,37.177527329947,22.08681859172556,42.355510752688176,20.697349630376344,5.361169305360101
2231,51,44.50867105732635,94.75518107754519,45.97708102876106,99.68801852876106,5.146757538909981
2232,52,41.19681112421384,38.3389838836478,45.114583333333336,34.25769412878788,5.657372636275039
2233,53,42.54421657986111,67.24717881944444,43.3749877547022,61.56598990987461,5.741610242011044
2234,54,44.68390804597701,45.49771012931034,47.4999819656048,47.166165310480146,3.273227002879605
2235,55,42.355510752688176,20.697349630376344,47.64295883794694,22.187680219146483,5.493468168482507
2236,56,49.3091724537037,15.193865740740742,54.603272956875756,18.25853814837153,6.117165773769754
2237,57,53.63888046116505,76.63087480949424,54.493413612444606,68.37769456240767,8.297301434655466
2238,58,47.4999819656048,47.166165310480146,49.87837357954545,41.09552556818182,6.519924351557702
2239,59,45.97708102876106,99.68801852876106,51.59447746579876,98.249169103045,5.798743864038764
2240,60,51.20982431994818,88.09605731865285,55.06996352665706,86.3231999729827,4.247787407965191
2241,61,52.57331161137441,32.25896030805687,55.1991137537332,35.20641488302638,3.9474454223364144
2242,62,54.493413612444606,68.37769456240767,58.18892045454545,69.4140625,3.8380762527708523
2243,63,54.603272956875756,18.25853814837153,56.43595166774611,14.81541450777202,3.9004886439691933
2244,64,58.32235394273536,57.853328854707186,59.76746757075472,53.95323555424528,4.159216410598888
2245,65,53.989009533898304,0.3939353813559322,61.079915364583336,0.3648546006944445,7.090965462576087
2246,66,52.57331161137441,32.25896030805687,56.02264404296875,28.245849609375,5.291781524545721
2247,67,56.943088107638886,44.9462890625,61.494519872572816,49.34959041262136,6.3328187950414465
2248,68,60.607705569134076,36.03386053159916,62.302021117747444,38.382905823378834,2.89632853127978
2249,69,54.603272956875756,18.25853814837153,61.42767072937881,20.85766452393075,7.302592887014328
2250,70,59.76746757075472,53.95323555424528,61.494519872572816,49.34959041262136,4.916935859172129
2251,71,63.24814618644068,99.15235846280602,70.57808849299066,99.3510879088785,7.332635788724777
2252,72,66.25822821552268,11.269180720639168,69.95698735955057,18.083825272120787,7.753721659214239
2253,73,66.24860757479313,30.952866406747294,73.44768389199255,31.2096281424581,7.203653684748239
2254,74,63.97594105113637,82.67822265625,64.72203351449275,80.11350769927536,2.671032904029188
2255,75,65.21420050523952,59.89982924775449,68.4326171875,63.71327275815217,4.99004582620709
2256,76,67.5403727527751,68.79548179597008,68.4326171875,63.71327275815217,5.159936902266886
2257,77,68.84804818143813,44.60427989130435,69.90976259689923,48.69791666666667,4.2290778603138435
2258,78,62.302021117747444,38.382905823378834,66.97887073863636,38.21614583333333,4.67982171355799
2259,79,61.079915364583336,0.3648546006944445,68.09409981343283,3.021513526119403,7.500441328916739
2260,80,68.4326171875,63.71327275815217,71.53944431390977,64.16529605263158,3.1395381590526372
2261,81,69.95698735955057,18.083825272120787,74.65998951981707,18.624952362804876,4.734030824545157
2262,82,73.6267719072165,84.4384262242268,74.23830291528009,90.33490189961176,5.928102189084615
2263,83,70.85662841796875,59.64447021484375,71.53944431390977,64.16529605263158,4.572100589812063
2264,84,70.53748022151899,97.0554786392405,70.57808849299066,99.3510879088785,2.295968412361062
2265,85,69.90976259689923,48.69791666666667,73.4095017054189,52.20090615392006,4.951677410283298
2266,86,73.44768389199255,31.2096281424581,78.17008133824433,26.345546059699203,6.779404999569015
2267,87,73.47923078832407,77.58296515091342,74.29652622767857,70.79886300223214,6.83315547890809
2268,88,75.16526442307693,99.60336538461539,78.85922687809642,95.79331932998285,5.306770162491926
2269,89,74.29652622767857,70.79886300223214,74.67965099299066,66.53676255841121,4.279285545393527
2270,90,73.6267719072165,84.4384262242268,78.54856526831345,83.75695405664395,4.968747750140691
2271,91,71.53944431390977,64.16529605263158,74.67965099299066,66.53676255841121,3.935066883215433
2272,92,70.57808849299066,99.3510879088785,75.16526442307693,99.60336538461539,4.594107850097453
2273,93,78.17008133824433,26.345546059699203,81.28330396569294,32.360176418138586,6.772586911713918
2274,94,74.29652622767857,70.79886300223214,79.58053640541848,72.09814004293662,5.441404633636495
2275,95,89.83857926171058,47.68798998495289,89.9520549368351,39.119119847074465,8.569621471726133
2276,96,77.18492445054946,3.7603021978021975,81.50475543478261,3.1825558574879222,4.358294456101756
2277,97,78.70180298681973,35.9640731292517,81.28330396569294,32.360176418138586,4.4330823146311245
2278,98,79.56783670774648,8.985750440140846,79.63695860745614,11.181640625,2.1969778198653365
2279,99,80.38379700203252,57.0923844004065,83.80460640138409,60.067717344290664,4.533711842812066
2280,100,81.09693925059595,62.75164816746126,83.80460640138409,60.067717344290664,3.812472434395084
2281,101,81.50475543478261,3.1825558574879222,81.78482768691589,5.068085572429906,1.9062168744254169
2282,102,83.80460640138409,60.067717344290664,86.73616976351352,59.51646959459459,2.9829411371538312
2283,103,87.88666268458459,25.943246705078664,90.38922991071429,32.726004464285715,7.22970577142541
2284,104,84.98263888888889,55.617947048611114,86.73616976351352,59.51646959459459,4.274733742562605
2285,105,86.48151178010471,88.54916557591623,92.3756177861002,91.37986938236739,6.538606093791629
2286,106,87.30998667635659,34.08581637596899,90.38922991071429,32.726004464285715,3.3661294288089083
2287,107,87.8936767578125,38.55743408203125,89.9520549368351,39.119119847074465,2.1336381198620793
2288,108,89.91767305776892,18.264053162350596,91.27770849021084,12.090255553463855,6.321825155205822
2289,109,86.73616976351352,59.51646959459459,90.0267454954955,59.37148085585585,3.2937684166118606
2290,110,92.3756177861002,91.37986938236739,94.39069445197312,96.40763903946227,5.4165488730509495
2291,111,90.99570506840796,69.88154928482587,93.9935064935065,73.1153612012987,4.409575137747907
2292,112,94.39069445197312,96.40763903946227,99.57139756944444,97.91056315104166,5.3942993684577685
2293,113,90.0267454954955,59.37148085585585,92.99265543619791,62.598673502604164,4.383080441377249
2294,114,93.9935064935065,73.1153612012987,95.76943479938271,76.6432773919753,3.949697962635941
2295,115,90.38922991071429,32.726004464285715,97.5905411506708,34.3069732004644,7.372811249414865
2296,116,95.76943479938271,76.6432773919753,97.90909882563695,78.283302647293,2.695894097201578
2297,117,97.80431844052362,85.43176623861696,97.90909882563695,78.283302647293,7.149231472374409
2298,118,91.27770849021084,12.090255553463855,97.05795094936708,9.269185126582279,6.431923603406564
2299,119,97.93398795871559,20.154816513761467,99.32903421336206,25.506802262931032,5.530814181647876
2300,1,0.9802018633540373,21.337890625,8.989767062883436,22.201219804447852,8.055958785743538
2301,2,2.430102364260143,90.62430079057279,4.727711397058823,89.0548406862745,2.7824831152375498
2302,3,2.2045534048507465,32.26300139925373,2.3215343601895735,38.510580198459714,6.2486738910108
2303,4,2.559668864678899,87.35844323394495,4.727711397058823,89.0548406862745,2.75284811395009
2304,5,6.20701701359686,2.8936036935800393,15.198037790697674,11.030614098837209,12.126392412812722
2305,6,3.71337890625,99.3115234375,8.467194191648822,96.08337794432548,5.7462755844803075
2306,7,4.729623569694868,66.15459214632455,7.324140374197431,61.72321742074639,5.135036456281409
2307,8,7.988811217736598,14.897877802365983,8.989767062883436,22.201219804447852,7.371615630464384
2308,9,2.559668864678899,87.35844323394495,6.413568160669975,81.8477305624483,6.724618497092171
2309,10,7.324140374197431,61.72321742074639,9.849186533505154,65.10953608247422,4.2240989791197965
2310,11,6.020929783950617,50.53288966049383,8.59042350973236,52.55581375456204,3.270247681322233
2311,12,7.907482567590692,45.48140988620808,12.026575177484787,43.86588013438134,4.4245745906156335
2312,13,4.727711397058823,89.0548406862745,8.087261652542372,89.82057733050848,3.4457119043010955
2313,14,9.630774456521738,28.94327445652174,10.472320228494624,24.148395497311828,4.868168394766081
2314,15,8.989767062883436,22.201219804447852,10.472320228494624,24.148395497311828,2.4473367295376534
2315,16,15.123889912868632,71.21575485924933,18.79543728298611,66.79568820529514,5.746063810680697
2316,17,14.41802978515625,34.2132568359375,16.28594882246377,37.18863224637681,3.5131154781735763
2317,18,15.198037790697674,11.030614098837209,16.433691866169546,14.679405416012559,3.852339428259725
2318,19,10.472320228494624,24.148395497311828,14.956740702479337,21.855226627066116,5.036730135212456
2319,20,15.0390625,94.45004670516305,18.993273853550296,97.00270432692307,4.706575014007066
2320,21,16.28594882246377,37.18863224637681,19.29615162037037,37.23958333333333,3.0106339694135476
2321,22,16.33700284090909,59.94495738636364,19.594277673545964,62.34371335600375,4.0452279957023
2322,23,18.983803315457095,50.169586695569365,22.994741778416348,51.95936103128991,4.392142931013268
2323,24,18.160085075026792,80.11695722802786,24.022261383267523,78.19437160661403,6.169395962374773
2324,25,18.160085075026792,80.11695722802786,19.787248372157006,87.82954506373808,7.882364589326789
2325,26,18.79543728298611,66.79568820529514,19.594277673545964,62.34371335600375,4.523077053103657
2326,27,16.33700284090909,59.94495738636364,20.081763174019606,57.81032986111111,4.310436709198238
2327,28,19.245705409356724,32.22770467836257,21.17377387152778,32.76570638020833,2.0017227145655276
2328,29,20.1904296875,3.715587797619048,20.73586856617647,8.623046875,4.937677406082798
2329,30,22.994741778416348,51.95936103128991,24.11401721014493,49.255548007246375,2.926325744181368
2330,31,21.17377387152778,32.76570638020833,23.748867753623188,31.023550724637683,3.109053687191972
2331,32,25.200990188953487,13.758175872093023,26.656492149265905,19.998130777596522,6.407458402454942
2332,33,25.200990188953487,13.758175872093023,28.495495619846878,12.903737853356889,3.4035026607963417
2333,34,24.11401721014493,49.255548007246375,26.557402558379124,43.23489010989011,6.497572891238995
2334,35,27.278134811616955,67.15331264717426,29.52043336603139,71.67355661434978,5.045840696050138
2335,36,26.023327464788732,8.39293573943662,28.495495619846878,12.903737853356889,5.143826503472989
2336,37,27.120835196779964,61.931532312164585,27.278134811616955,67.15331264717426,5.224149025049114
2337,38,26.023327464788732,8.39293573943662,30.99408304132431,6.1747636237312715,5.443225012485916
2338,39,29.52043336603139,71.67355661434978,32.24087859947644,73.76362951103216,3.43063069735292
2339,40,24.022261383267523,78.19437160661403,30.691510262573964,83.61137435281066,8.592019516180816
2340,41,31.414388020833332,96.75130208333333,42.212239583333336,95.38411458333333,10.88406174302314
2341,42,28.495495619846878,12.903737853356889,31.83853014380531,16.12883711283186,4.645120564834026
2342,43,34.96526478293413,59.10600673652695,40.688004032258064,63.952242943548384,7.499049932491326
2343,44,34.65066257911392,35.000494462025316,40.98436997911311,27.37851964170951,9.910113500375902
2344,45,35.71808247626582,72.03384592563292,39.23973643044237,73.17988758731082,3.703438680911135
2345,46,36.17229055851064,0.4030917553191489,37.7392029494382,5.75732970505618,5.578806186205659
2346,47,36.395833333333336,76.71788194444444,39.23973643044237,73.17988758731082,4.539293876458733
2347,48,38.24685646669708,11.909518276687956,42.513499540441174,11.866670496323529,4.2668582178238115
2348,49,39.12463501112347,48.03840204393771,45.8792576368066,50.0746696964018,7.0548786501159615
2349,50,37.7392029494382,5.75732970505618,37.79391686893204,7.064434162621359,1.3082490878931046
2350,51,41.3693195662768,19.026135216513506,43.922684832317074,13.639719893292682,5.960968395827057
2351,52,40.98436997911311,27.37851964170951,41.3693195662768,19.026135216513506,8.361250610459791
2352,53,42.34216024709303,86.46958056478405,43.023838141025635,94.15439703525641,7.714991181843281
2353,54,40.688004032258064,63.952242943548384,42.60562818877551,68.82852359693878,5.239789634736172
2354,55,42.212239583333336,95.38411458333333,43.023838141025635,94.15439703525641,1.4733965748896511
2355,56,42.513499540441174,11.866670496323529,43.922684832317074,13.639719893292682,2.2648415730315516
2356,57,40.688004032258064,63.952242943548384,47.46620257108567,62.9646244922452,6.849771210567488
2357,58,45.8792576368066,50.0746696964018,47.650209407216494,55.48083118556701,5.688835752599211
2358,59,42.212239583333336,95.38411458333333,45.06953125,96.75,3.16697941892041
2359,60,45.8792576368066,50.0746696964018,48.53628810268892,40.83842214302272,9.610831377353774
2360,61,49.889568320399114,19.112331393200297,55.95092444407008,19.356679582210244,6.0662792628955025
2361,62,50.86251155358259,86.92736539262653,56.37564921802054,85.4694612219888,5.702646006706645
2362,63,49.232893318965516,72.31613685344827,52.749857630979506,70.99320187927107,3.757551718590345
2363,64,62.294602133898024,29.29001885995276,69.140625,32.22927517361111,7.4503192388361175
2364,65,47.650209407216494,55.48083118556701,53.16773543761089,52.04373567785334,6.500516827547269
2365,66,53.034220950704224,0.21594410211267606,55.23264438291139,7.79024920886076,7.886898213961406
2366,67,55.23264438291139,7.79024920886076,58.628505802707934,12.14073077852998,5.518927855163008
2367,68,56.37564921802054,85.4694612219888,61.60393682348043,84.49062630099917,5.319126722306425
2368,69,56.85500647189349,94.01292067307693,60.973974021084345,99.26581325301204,6.67523588554178
2369,70,57.17251972087378,67.68905491504854,59.53260794193787,62.7350395247781,5.4874661637445925
2370,71,61.492805813772335,78.07428528770254,61.60393682348043,84.49062630099917,6.417303335532084
2371,72,58.73099662162162,40.43971706081081,62.47742209261838,40.53876871518106,3.7477346544234944
2372,73,60.30179537259615,50.85777869591346,64.01756614263803,51.17726706288344,3.729480557949965
2373,74,60.973974021084345,99.26581325301204,63.81079445422535,95.83434198943662,4.4522517002782145
2374,75,64.01756614263803,51.17726706288344,68.04232899274851,45.297646024938096,7.125212947658387
2375,76,61.69586181640625,0.34332275390625,63.30832935316594,5.9276064410480345,5.812424266653433
2376,77,63.81079445422535,95.83434198943662,65.54549694708277,91.87637805291723,4.321420051500876
2377,78,65.97533632286996,70.20389573991032,67.68649961890245,66.52891577743902,4.053832452168471
2378,79,65.43412642045455,16.097301136363637,70.81540060055686,12.154598873348874,6.671057857357974
2379,80,65.38272304389314,58.55125834923665,69.15414663461539,56.041917067307686,4.529948075844713
2380,81,65.97533632286996,70.20389573991032,67.70864188388626,74.01996630627961,4.1912698237360155
2381,82,67.8924393784153,80.06958674863388,69.3570223721591,83.92333984375,4.122671010847287
2382,83,69.140625,32.22927517361111,74.12476503759399,34.35701069078947,5.419309028410326
2383,84,65.54549694708277,91.87637805291723,73.22284929916496,95.24782852973756,8.385011476180217
2384,85,63.30832935316594,5.9276064410480345,70.37655409946237,2.77322748655914,7.740149071734964
2385,86,67.68649961890245,66.52891577743902,71.65633491847827,63.942552649456516,4.738023484064391
2386,87,80.70913461538461,85.62449919871796,81.33005826441627,79.24790232011843,6.406756896440821
2387,88,74.65466577053687,29.161508024741266,78.62907858455883,26.46484375,4.80291114085278
2388,89,74.12476503759399,34.35701069078947,74.65466577053687,29.161508024741266,5.222455623524955
2389,90,75.8430747945387,24.378023926299043,78.62907858455883,26.46484375,3.48089558800573
2390,91,76.2192053297546,87.0902032208589,80.70913461538461,85.62449919871796,4.7231084330637785
2391,92,75.85060009057972,50.92419610507246,78.94350405092592,50.31250000000001,3.1528125591106937
2392,93,75.85060009057972,50.92419610507246,76.20337701612904,55.041897681451616,4.132785722889028
2393,94,78.94350405092592,50.31250000000001,79.40236114977728,45.40363133351893,4.930267885412107
2394,95,78.84256114130434,71.79149682971014,81.8327872983871,70.9929435483871,3.095018548185729
2395,96,79.58984375,2.7635450487012987,79.59929435483872,10.346837197580646,7.583298037739711
2396,97,79.59929435483872,10.346837197580646,81.61685681216932,12.28401951058201,2.797004394532696
2397,98,80.01191737288136,68.0465439618644,81.8327872983871,70.9929435483871,3.463645162119296
2398,99,82.34108026079137,98.04968525179856,84.78189661040022,94.40107711679826,4.389752359223495
2399,100,74.12476503759399,34.35701069078947,81.48651123046875,35.54178873697917,7.456474101546866
2400,101,81.61685681216932,12.28401951058201,83.30107189360119,15.636625744047619,3.751872732009313
2401,102,84.32668585526316,56.769120065789465,90.84694602272727,54.16148792613637,7.022359861696844
2402,103,85.86791497975709,8.405158780364372,90.54522447183099,8.35236025528169,4.677607483414519
2403,104,86.92039695945945,71.10721072635135,90.23158384890205,68.67902987757058,4.106095572585012
2404,105,79.40236114977728,45.40363133351893,86.40776699029125,46.439813410194176,7.081622998037271
2405,106,88.78038916860852,24.987906749334222,96.868896484375,27.797444661458332,8.562561175073178
2406,107,88.97551207983193,1.6059939600840334,94.234986381209,4.351423383317713,5.932912661147388
2407,108,90.74774225917432,40.329343463302756,96.34951636904762,39.22526041666667,5.709542236634742
2408,109,90.84694602272727,54.16148792613637,97.44264683428338,55.52358223483306,6.734877140775912
2409,110,90.54522447183099,8.35236025528169,94.234986381209,4.351423383317713,5.442594859195174
2410,111,91.27657530737704,79.71311475409836,91.63842611754967,82.33585989238411,2.6475891050584366
2411,112,92.79919522326064,15.828627985462099,96.64713541666666,19.88404420045045,5.590442237320765
2412,113,97.02598569714787,93.84591380271695,99.30041575292398,90.12301260964912,4.362685568771091
2413,114,95.24991747359155,44.281607614436616,95.625,48.92844460227273,4.661950331474873
2414,115,96.52622767857143,65.63895089285714,99.08383969907408,63.50983796296297,3.3278373030636805
2415,116,96.868896484375,27.797444661458332,99.46754092261905,27.992466517857146,2.605952117919659
2416,117,96.34951636904762,39.22526041666667,98.93958606020942,38.57779777486911,2.6697694427793786
2417,118,92.79919522326064,15.828627985462099,96.77440671992481,10.855263157894738,6.366840986807751
2418,119,97.34949448529412,83.07961856617648,99.80360243055556,81.27821180555556,3.0442917278418102
2419,120,99.00607137702079,77.08686670034642,99.80360243055556,81.27821180555556,4.266547734681148
2420,1,0.7252301356589147,6.777646560077518,7.174521998355263,6.1709755345394735,6.477763137339054
2421,2,0.7149174528301887,25.55154284591195,2.215674250618047,29.556768580037087,4.2771607577228945
2422,3,1.994411269858782,38.04999517321271,4.629562150186567,40.46758395522388,3.5761369773819567
2423,4,0.6829470198675497,70.01888451986756,4.416665627494014,65.48120448423784,5.876324935424236
2424,5,3.873092296511628,80.75967478197674,8.371001561323123,90.28515232707758,10.534035799098906
2425,6,6.301944813829788,46.09582779255319,7.399693536765851,52.05934652009658,6.063712383719114
2426,7,3.873092296511628,80.75967478197674,5.090460526315789,78.50226151315789,2.5647417166599715
2427,8,1.994411269858782,38.04999517321271,4.234428146258503,34.515173256802726,4.184810818578056
2428,9,5.090460526315789,78.50226151315789,7.0894413629160065,73.81187475237718,5.09859317369035
2429,10,5.55982268258427,16.61911867977528,7.815504807692308,15.44170673076923,2.5444843774710315
2430,11,6.447482638888889,9.875578703703704,7.174521998355263,6.1709755345394735,3.775270966592323
2431,12,0.7149174528301887,25.55154284591195,6.002481328616352,24.81021521226415,5.33927882779394
2432,13,4.629562150186567,40.46758395522388,6.301944813829788,46.09582779255319,5.871455736535
2433,14,8.697452509380863,39.35180435037523,12.330163043478262,41.48161514945652,4.2110188629861875
2434,15,12.078536184210527,3.3916986476608186,17.604811843093092,3.2924526088588593,5.527166763738527
2435,16,12.330163043478262,41.48161514945652,15.497099066248637,41.96577664940022,3.203731594617186
2436,17,15.45382724719101,60.13211025280899,15.488718516791044,54.81382151741293,5.318403188339045
2437,18,15.45382724719101,60.13211025280899,16.827392578125,62.416682167658735,2.665698886308058
2438,19,15.803328804347828,73.42794667119566,16.24484592013889,75.60492621527779,2.2213008123368785
2439,20,17.604811843093092,3.2924526088588593,20.71234809027778,7.176649305555556,4.974310555865626
2440,21,16.362700591216218,15.73849239864865,23.05859375,11.638020833333334,7.851678307967469
2441,22,6.002481328616352,24.81021521226415,16.775299781976745,26.87590843023256,10.96907953749187
2442,23,15.497099066248637,41.96577664940022,18.665053542009886,45.339850185337724,4.628207837425798
2443,24,18.191784274193548,85.48576108870968,22.674531620260662,81.47956161137441,6.012042749421627
2444,25,19.774070945945947,93.71040962837837,25.0066047705314,96.84575030193237,6.099981259370626
2445,26,18.665053542009886,45.339850185337724,22.928873697916664,38.950240523726855,7.681619227068466
2446,27,15.488718516791044,54.81382151741293,21.815946899027587,54.60238756501583,6.330760090005459
2447,28,21.893962378640776,99.63307797330097,25.0066047705314,96.84575030193237,4.178245828977962
2448,29,23.05859375,11.638020833333334,26.021235039893615,9.061253324468085,3.9264454927231713
2449,30,23.726797462406015,2.877555216165413,28.43807444852941,3.1759823069852944,4.720719179162339
2450,31,25.383807809773124,74.24954097585805,28.490605630165287,69.59743026859503,5.594133242015664
2451,32,22.674531620260662,81.47956161137441,30.150252100352766,88.00467212448942,9.922875788038086
2452,33,28.41527106353591,58.67629920580111,31.118326051540286,54.8772585900474,4.662533202918953
2453,34,32.54270142447995,32.1486906937745,39.84771779125207,27.31945740049751,8.756983402959232
2454,35,28.490605630165287,69.59743026859503,32.85892547123016,69.1388423859127,4.392325247518004
2455,36,31.668338260135137,43.05848817567568,32.05366290983606,46.53080174180328,3.4936279978241744
2456,37,32.02857448630137,61.83781035958904,35.75584041262136,64.22823118932038,4.427936655906393
2457,38,34.063411964980546,76.51006201361868,35.72972929526749,73.09590406378601,3.7990904110879202
2458,39,35.69471991099071,23.030850909442723,41.39583860492578,22.944342526990553,5.701774992278312
2459,40,32.05366290983606,46.53080174180328,36.651780556839185,46.96742144177449,4.618800997887272
2460,41,31.668338260135137,43.05848817567568,36.96797688802083,41.30859375,5.581066214191422
2461,42,37.63652912621359,58.58995752427184,38.29554115853659,53.128969766260155,5.500607616609272
2462,43,34.063411964980546,76.51006201361868,39.93003133272667,78.8183852270847,6.304409477805209
2463,44,40.39619918418141,87.26160640210176,40.44596354166667,94.81336805555556,7.551925619459654
2464,45,39.84771779125207,27.31945740049751,43.359375,27.609174679487182,3.5235880084789213
2465,46,41.17551894853237,35.07724542621632,44.94384765625,31.2939453125,5.339818442592857
2466,47,40.58403309240363,15.957939165249432,45.92454362623762,12.165454826732674,6.550113756255444
2467,48,39.84771779125207,27.31945740049751,41.39583860492578,22.944342526990553,4.640938289840917
2468,49,42.110770089285715,45.28567135989011,46.79404810855263,44.63533100328947,4.728216956229072
2469,50,44.021793455387204,66.651804503367,50.85272606382979,70.2094414893617,7.701845312988417
2470,51,44.62890625,50.83705357142857,46.45209878177966,49.67806541313559,2.160389909021165
2471,52,43.359375,27.609174679487182,44.94384765625,31.2939453125,4.010995913276106
2472,53,45.77037883254717,9.35749557783019,45.92454362623762,12.165454826732674,2.8121881030810556
2473,54,43.359375,27.609174679487182,46.510536123853214,25.893420298165136,3.5879840475550657
2474,55,46.510536123853214,25.893420298165136,48.83400498525761,21.381081238361265,5.0754025791603485
2475,56,46.79404810855263,44.63533100328947,47.82178925304878,47.763433689024396,3.2926096447335294
2476,57,49.23209761100386,88.63778957528957,54.34036896008403,84.95683429621849,6.296337661081608
2477,58,46.45209878177966,49.67806541313559,47.82178925304878,47.763433689024396,2.3541169525022423
2478,59,49.95378101145038,61.34601622137404,50.34757224462365,58.53634632616488,2.8371317303517665
2479,60,50.73676215277778,12.00412326388889,51.045456977739725,7.071159746004565,4.942612827618198
2480,61,49.23209761100386,88.63778957528957,51.8011150404157,98.50711484795997,10.198207288067465
2481,62,50.547442297717836,27.640770876556015,52.276252297794116,25.613223805147058,2.6645320683269653
2482,63,50.27219082446809,32.80003324468085,54.04583474864131,35.25642726732337,4.5026947554684815
2483,64,45.92454362623762,12.165454826732674,50.73676215277778,12.00412326388889,4.8149221198629935
2484,65,50.85272606382979,70.2094414893617,54.5654296875,69.74379595588235,3.7417902079169516
2485,66,54.04583474864131,35.25642726732337,54.77614182692307,33.000300480769226,2.3713828256094724
2486,67,52.276252297794116,25.613223805147058,54.41124049429658,20.947079966730037,5.131381190284148
2487,68,54.269347734899334,75.30017827181209,57.18188996010638,72.8011760305851,3.837696498587595
2488,69,54.269347734899334,75.30017827181209,58.424521579804555,78.17578973262758,5.0531783023121095
2489,70,57.42099521396396,44.13622606981982,60.53915375112309,39.93052630840072,5.235534657134737
2490,71,54.34036896008403,84.95683429621849,61.55284445450886,85.17487615181606,7.215770576208139
2491,72,52.276252297794116,25.613223805147058,58.431280226934526,26.073928106398807,6.172245722724457
2492,73,59.4078947368421,17.057976973684212,59.92296006944444,18.895399305555554,1.9082487056220645
2493,74,65.53491342095164,7.291341895305704,70.48927589699075,5.855532045717593,5.158222316666712
2494,75,61.52768342391305,92.60147758152173,61.55284445450886,85.17487615181606,7.426644051869387
2495,76,62.44770068127961,49.03130553909952,65.7785344251337,49.00933739973262,3.330906187262592
2496,77,63.30668986344538,71.29726890756302,68.95222621681415,72.01500276548673,5.690977298146476
2497,78,63.40188419117647,59.03128829656863,71.81311085390946,61.14285943930041,8.672223859119878
2498,79,64.853515625,31.3671875,69.05432412790698,27.57994186046512,5.655972207522901
2499,80,66.99610027128547,80.07861409641069,72.48689675632912,83.9559434335443,6.721795060009235
2500,81,69.05432412790698,27.57994186046512,69.85705145474138,23.605872844827587,4.054330487552412
2501,82,65.7785344251337,49.00933739973262,70.88132302177377,49.687323669012216,5.147632158899043
2502,83,70.48927589699075,5.855532045717593,72.93696229757086,1.7728365384615383,4.7602070669828604
2503,84,71.244140625,14.26953125,73.32652698863636,12.998268821022727,2.439762515243624
2504,85,71.81311085390946,61.14285943930041,76.81688850308642,64.27770543981481,5.904663428963923
2505,86,71.43998579545455,85.44160917207793,72.48689675632912,83.9559434335443,1.817477715586075
2506,87,72.22830414012739,89.69477756767516,74.90401308760684,91.5614983974359,3.2625243336846084
2507,88,72.9656908885542,41.515672063253014,73.6328125,38.13219572368421,3.448617604907788
2508,89,73.6328125,38.13219572368421,76.23697916666666,39.391776842948715,2.8927890735042174
2509,90,72.48689675632912,83.9559434335443,74.85753676470588,80.31364889705883,4.345830592628822
2510,91,73.6328125,38.13219572368421,76.5956045728211,32.08666320240825,6.732503273863053
2511,92,73.32652698863636,12.998268821022727,76.05678013392857,15.261866465336135,3.5465696853042648
2512,93,74.90401308760684,91.5614983974359,76.41080729166667,88.44352213541666,3.462976284051584
2513,94,76.81688850308642,64.27770543981481,79.33405095880683,67.718505859375,4.26323988953635
2514,95,76.9921875,70.40516954787233,79.33405095880683,67.718505859375,3.564054746322618
2515,96,74.90401308760684,91.5614983974359,76.87784830729166,94.54447428385416,3.5768939896817074
2516,97,72.93696229757086,1.7728365384615383,81.77586135153129,4.60169860325122,9.280549394713054
2517,98,76.05678013392857,15.261866465336135,77.8949058219178,18.986782962328768,4.153758413101771
2518,99,76.41080729166667,88.44352213541666,78.37231878698225,84.3796227810651,4.512516516153078
2519,100,81.17018050799086,88.63293141171994,84.4067816198225,89.74204881656804,3.4213634964508985
2520,101,83.97929815879893,50.23583969786376,84.7680068597561,58.667587652439025,8.468555661058721
2521,102,81.74981011284721,39.75897894965278,85.3655224371961,36.61542747163695,4.7911680733808435
2522,103,82.02349950396825,77.05930679563492,84.37163254310344,81.49245689655173,5.016627212254958
2523,104,83.70131639799155,24.3750412922833,88.84463205645162,20.70577116935484,6.318009116610702
2524,105,84.4067816198225,89.74204881656804,84.98883928571429,92.51158997252747,2.830044052833191
2525,106,79.33405095880683,67.718505859375,85.43106044501134,67.50106292517006,6.100885681973032
2526,107,87.43024553571429,17.09938909774436,88.84463205645162,20.70577116935484,3.873819933409
2527,108,90.52877461080587,90.19061450702075,92.703125,88.6650390625,2.656158890562351
2528,109,85.3655224371961,36.61542747163695,90.36175271739131,38.06106851708074,5.201172468300896
2529,110,90.36175271739131,38.06106851708074,90.42556117957746,31.783670774647888,6.277722034030152
2530,111,90.67770337301587,86.85128348214286,92.703125,88.6650390625,2.7188310120953947
2531,112,94.21648798949198,2.63509459101905,96.01145912809427,14.538197535181418,12.037681715668596
2532,113,91.68146306818183,98.86659564393939,96.46102798568619,95.58890816215036,5.795470302651465
2533,114,92.58741754974048,65.72840073529412,95.2526108957795,61.20304761520241,5.251864091281719
2534,115,96.01145912809427,14.538197535181418,96.61080769984326,21.614787421630094,7.101925311592994
2535,116,90.67770337301587,86.85128348214286,94.63282074103375,81.42649547292545,6.713514604120978
2536,117,94.068603515625,50.118408203125,96.63092617134062,52.088988756839946,3.2324425920150652
2537,118,95.2526108957795,61.20304761520241,98.79526869158879,62.44797751168224,3.755033249567521
2538,119,95.87543554006969,45.065535169860624,99.57525927947599,43.285599754366814,4.105711361750059
2539,120,96.61080769984326,21.614787421630094,98.45010080645162,23.74726982526882,2.8161108525492735
2540,121,96.19919044384058,27.40531589673913,97.91084609547461,28.76784975165563,2.187753088345289
2541,122,92.703125,88.6650390625,95.93943821564885,89.42927003816794,3.325322873640065
2542,123,97.86768052184466,64.80298088592234,98.79526869158879,62.44797751168224,2.5310987150507382
2543,1,1.511684683866279,0.68359375,8.511117788461538,1.779557818825911,7.084716015893755
2544,2,2.5237678079044117,16.67954388786765,3.6256602112676055,23.062004841549296,6.476880012309969
2545,3,0.5790441176470589,55.9133731617647,1.2721627058383234,51.93528957709581,4.038014658703994
2546,4,0.7194079824093816,68.31502365405117,7.105553668478261,68.87009899068323,6.4102235025803385
2547,5,1.2048702428836635,95.16106029548267,11.043901585820896,95.47428871268657,9.84401593906904
2548,6,3.160413804945055,37.39107572115385,7.067728599221789,42.42005107003891,6.368492911299149
2549,7,2.7580779733009706,82.48824332524272,5.862491688829787,78.82417719414893,4.802370782248281
2550,8,3.6256602112676055,23.062004841549296,9.100806055914166,23.02544241756804,5.475267923215985
2551,9,4.113247863247863,8.088775373931623,10.647839931981519,6.118855877823409,6.825062367913135
2552,10,3.160413804945055,37.39107572115385,6.184623430962343,30.382398448396096,7.633308651938986
2553,11,5.617378048780488,57.348037347560975,8.233695652173912,55.83644701086956,3.021592816347891
2554,12,9.100806055914166,23.02544241756804,12.569543087121213,22.719874526515152,3.4821700601362906
2555,13,7.067728599221789,42.42005107003891,9.436753216911764,45.33475988051471,3.7560358210600655
2556,14,8.511117788461538,1.779557818825911,10.647839931981519,6.118855877823409,4.836847027085731
2557,15,9.436753216911764,45.33475988051471,11.999606346899224,46.80989583333333,2.9570664931963626
2558,16,10.164388020833332,85.66813151041667,10.40130615234375,88.2269287109375,2.569741877004702
2559,17,10.164388020833332,85.66813151041667,12.927045665559032,80.7449973123534,5.645310230102623
2560,18,11.043901585820896,95.47428871268657,11.832343207465277,90.84099663628471,4.699897409091969
2561,19,10.913825757575758,36.474609375,11.776681673728813,42.231362552966104,5.821058965863783
2562,20,10.40130615234375,88.2269287109375,11.832343207465277,90.84099663628471,2.980137273928838
2563,21,11.776681673728813,42.231362552966104,14.4481594279661,41.82004766949153,2.7029564045230927
2564,22,11.999606346899224,46.80989583333333,12.900677849264705,48.763499540441174,2.1513942680970146
2565,23,8.233695652173912,55.83644701086956,12.556276483050846,55.55868202683616,4.3314960955563375
2566,24,10.40130615234375,88.2269287109375,13.537267736486486,87.646484375,3.1892272864035482
2567,25,13.773398824257427,66.77753712871286,15.278270991161616,71.25120837279042,4.71999731343241
2568,26,15.278270991161616,71.25120837279042,16.95716594827586,74.4989224137931,3.6559998316670748
2569,27,14.4481594279661,41.82004766949153,15.97748161764706,43.36741727941176,2.175587063198176
2570,28,12.569543087121213,22.719874526515152,16.87533566058002,15.19063423066595,8.673483101862388
2571,29,17.40795173267327,99.0899114325495,18.092647215136054,94.50334821428571,4.637388279930341
2572,30,16.95716594827586,74.4989224137931,17.55655317164179,76.83535447761194,2.412090344986082
2573,31,17.41895799512987,63.066279423701296,20.138357736013987,66.53941761363636,4.411102338090337
2574,32,18.092647215136054,94.50334821428571,19.489774372586872,91.53689822635135,3.2789921965449045
2575,33,12.569543087121213,22.719874526515152,18.07443279109589,29.91625642123288,9.060448279613295
2576,34,28.70528270822181,12.191077592456281,34.73665520334928,18.9112029007177,9.029813859306064
2577,35,20.138357736013987,66.53941761363636,20.1703337585034,68.93800488945578,2.398800405564637
2578,36,19.381959410919542,50.846354166666664,22.61502230447988,48.51995539104024,3.9830675285454116
2579,37,19.381959410919542,50.846354166666664,19.818325700431032,54.928273168103445,4.1051770087187105
2580,38,20.941233245920746,74.91395323426573,22.914632161458336,76.94600423177084,2.832584427039455
2581,39,20.1703337585034,68.93800488945578,22.015321601941746,70.96006523058253,2.7372811630508256
2582,40,22.914632161458336,76.94600423177084,23.097245065789473,84.37808388157895,7.434322793228722
2583,41,24.180772569444446,36.83027102623457,27.28794642857143,43.69926948051948,7.539076147367833
2584,42,26.991540969014626,24.104930475365666,32.888527684563755,29.030778104026844,7.68364673733442
2585,43,19.489774372586872,91.53689822635135,25.2161150147929,95.14087925295857,6.766066537562679
2586,44,27.28794642857143,43.69926948051948,32.81343900240385,43.45139723557692,5.531049523669989
2587,45,29.51731168066366,63.34922131042605,36.85299295774648,62.40614913438968,7.396053334593889
2588,46,29.569485089186177,77.25632751532888,34.08458435457516,75.20946095452071,4.95739690705423
2589,47,29.43868051289926,51.9502457002457,33.028125,50.275000000000006,3.9611311367044633
2590,48,29.51461226851852,89.35450424382717,33.512474798387096,89.42729334677419,3.9985251107420883
2591,49,29.43868051289926,51.9502457002457,32.94364055243808,56.64470660797214,5.858558533712512
2592,50,31.25633647423664,81.97645813454199,34.47064410199176,85.36900111607143,4.67344855619161
2593,51,32.637005272004885,35.540428254889974,36.91568524978696,33.22401270238603,4.865478739461864
2594,52,33.206160945595855,92.15714054404145,33.512474798387096,89.42729334677419,2.7469790492174675
2595,53,32.888527684563755,29.030778104026844,36.90259528882576,29.067037563131315,4.014231368513807
2596,54,33.206160945595855,92.15714054404145,33.6878083881579,96.63548519736842,4.5041708552084065
2597,55,36.90259528882576,29.067037563131315,36.91568524978696,33.22401270238603,4.156995748790186
2598,56,33.512474798387096,89.42729334677419,34.47064410199176,85.36900111607143,4.169871010493329
2599,57,34.73665520334928,18.9112029007177,42.05306412337662,17.477298092532468,7.455596722194165
2600,58,36.85299295774648,62.40614913438968,40.220040137614674,57.971079415137616,5.568379488332754
2601,59,35.140909363026815,2.2969797653256707,40.37407070674563,2.0952344554582907,5.237048674534763
2602,60,38.26463078878012,49.28897719785392,41.70592064950981,47.6284849877451,3.820956723831482
2603,61,40.010693086592184,40.00098201815642,42.55285320265638,37.150211546700945,3.819616516959528
2604,62,33.512474798387096,89.42729334677419,38.77379900385604,91.36633394922879,5.607264114790821
2605,63,34.08458435457516,75.20946095452071,39.04296875,72.08451704545455,5.860959840128765
2606,64,40.220040137614674,57.971079415137616,43.62960188356164,56.01918549130664,3.928740407473269
2607,65,36.85299295774648,62.40614913438968,42.44369651310998,64.53506236343772,5.982327120842681
2608,66,42.05306412337662,17.477298092532468,42.99587673611111,23.231336805555554,5.830768142680657
2609,67,46.08878229636188,97.6313171583226,53.56252374620061,96.9705784574468,7.502891901785105
2610,68,45.80799722906404,28.991398552955665,48.829290349045344,28.580185337112173,3.0491488034746217
2611,69,42.05306412337662,17.477298092532468,46.456298828125,10.848388671875,7.95807237793059
2612,70,47.12336613581731,85.1055438701923,56.75325412985459,82.69329214982514,9.927421676352719
2613,71,48.98501536885246,55.66246157786885,50.888461106115116,51.408217176258994,4.660654578847497
2614,72,51.451437183887286,33.19014179913295,53.94608347039473,28.671104029605267,5.161875866117197
2615,73,50.851141237745104,43.20618872549019,57.309065193965516,40.56606950431034,6.976747904745364
2616,74,56.75325412985459,82.69329214982514,60.233154296875,86.00830078125,4.806140592913407
2617,75,53.71481554602888,23.32750451263538,54.18658088235294,18.106617647058822,5.242158162027044
2618,76,48.829290349045344,28.580185337112173,53.94608347039473,28.671104029605267,5.1176008104709645
2619,77,56.406756145198166,1.3910060975609757,60.29065674690812,2.2958708314929326,3.987914752182738
2620,78,48.98501536885246,55.66246157786885,58.03858219260326,58.69347007084534,9.54746483191307
2621,79,56.06146918402778,36.58582899305556,57.309065193965516,40.56606950431034,4.1711881198821885
2622,80,54.18658088235294,18.106617647058822,58.78181290938864,14.951640966157207,5.5740501647659775
2623,81,58.217964920343135,70.48387714460785,59.98898769946809,73.88682263962765,3.836216850786088
2624,82,58.43596059113301,88.29423876231527,60.233154296875,86.00830078125,2.9078200888699066
2625,83,56.06146918402778,36.58582899305556,59.169921875,33.0283203125,4.724229687921682
2626,84,60.69356031378601,8.118127893518519,66.12543706293707,9.538113253933567,5.614413900111113
2627,85,58.43596059113301,88.29423876231527,61.23646518640351,91.37369791666666,4.162438548669495
2628,86,66.12543706293707,9.538113253933567,66.76248899647888,5.306448063380282,4.279348718084298
2629,87,65.21012354305424,1.7224109479067555,66.76248899647888,5.306448063380282,3.905785522283333
2630,88,66.76261655745968,39.74215599798387,71.46676485655738,41.28564719945355,4.950896515674519
2631,89,70.40146998355263,68.21402138157895,72.01409248400853,76.09498148606457,8.044257796557162
2632,90,69.55393781565657,55.2070180976431,73.89573317307693,53.371644631410255,4.713786448946176
2633,91,69.32489809782608,32.6171875,73.42122395833334,35.64236111111111,5.0923040888014075
2634,92,70.71779312626008,98.64964638986895,81.02213541666666,98.73307291666666,10.304680005863123
2635,93,72.01409248400853,76.09498148606457,78.16821073008849,77.27590915376106,6.266399408198092
2636,94,70.79527540801188,18.43239985163205,77.86174671749883,14.26696633596326,8.20279544675223
2637,95,71.46676485655738,41.28564719945355,73.02457905251141,43.08781035958904,2.3821370919545073
2638,96,73.89573317307693,53.371644631410255,77.48380914808331,56.904293275433105,5.035265201013195
2639,97,73.42122395833334,35.64236111111111,77.71089993990384,37.39107572115385,4.6324208373419395
2640,98,75.1912622407834,0.6669426843317973,79.55703735351562,2.115885416666667,4.599937757898257
2641,99,76.17937997891285,88.99623652764761,81.02213541666666,98.73307291666666,10.874661516406835
2642,100,76.55555067883894,40.90102215980025,77.71089993990384,37.39107572115385,3.695207154843932
2643,101,76.67722902097903,25.505012565559444,82.65823143115942,32.4825759863124,9.190145870507905
2644,102,78.16821073008849,77.27590915376106,82.15179027588556,74.79537423365123,4.69275606521126
2645,103,79.29756759751773,5.681377437943262,79.55703735351562,2.115885416666667,3.5749206855627818
2646,104,81.57770812747036,65.01513092885376,84.2265327569797,58.85276213515228,6.707537630716737
2647,105,81.02213541666666,98.73307291666666,90.59986484704642,99.43342892932489,9.603301494071143
2648,106,81.95333277925532,36.17281000664894,82.65823143115942,32.4825759863124,3.7569547820416176
2649,107,85.90952134986226,23.454717630853995,86.2745124518471,18.435520637840774,5.032450393118749
2650,108,78.16821073008849,77.27590915376106,82.64868951612904,80.16475554435483,5.331052768506991
2651,109,87.4638091099945,90.69008624151064,93.77897493131869,89.06840230082418,6.520059674136548
2652,110,84.2265327569797,58.85276213515228,84.27824173850574,52.112630208333336,6.74033027452621
2653,111,87.75480423850574,70.37984913793103,91.703125,70.24479166666666,3.9506299948477674
2654,112,82.65823143115942,32.4825759863124,87.99788678278688,32.146516393442624,5.350220119221598
2655,113,87.75480423850574,70.37984913793103,88.72251157407408,64.28984788359789,6.166406795297577
2656,114,87.4638091099945,90.69008624151064,90.59986484704642,99.43342892932489,9.288750558737767
2657,115,89.78900331439394,4.117838541666666,92.88360749057789,7.154179098618091,4.335428350814162
2658,116,87.99788678278688,32.146516393442624,92.43788181390977,28.49170044251253,5.750759559533767
2659,117,91.98170092281879,80.46481753355704,96.45607098823976,78.54674459408194,4.868160975510357
2660,118,92.88360749057789,7.154179098618091,95.80235635080645,6.857988911290322,2.933738832301671
2661,119,92.58975074404762,40.981522817460316,95.05479600694444,48.215964988425924,7.642879148146699
2662,120,93.77897493131869,89.06840230082418,98.10026041666666,89.32942708333333,4.329161833769106
2663,121,93.87939453125,49.637451171875,95.05479600694444,48.215964988425924,1.8445030763870485
2664,122,94.67623197115384,57.89362980769231,96.58722071256038,55.594240640096615,2.9898275056997754
2665,123,97.31011199350905,17.262643833595597,99.01740933641975,20.748939043209877,3.881896251278415
2666,124,91.703125,70.24479166666666,98.05081764363354,67.42284549689441,6.946695767278975
2667,125,98.53181185787672,28.97915774828767,99.49538220260223,23.128557736988846,5.9294171974523975
2668,126,99.01740933641975,20.748939043209877,99.49538220260223,23.128557736988846,2.4271471295718836
2669,127,97.31011199350905,17.262643833595597,99.72282858455883,12.655101102941178,5.201024068732347
