,Pair Number,X1 coord,Y1 coord,X2 coord,Y2 coord,Spacing
0,1,0.27669270833333337,24.368990384615387,2.2333559782608696,22.418478260869566,2.7627936399164796
1,2,0.4166666666666667,57.488425925925924,4.840959821428571,57.81436970729013,4.4362832718259835
2,3,2.6653146099857854,66.42214430081734,7.956621723790322,63.988470262096776,5.824148032059365
3,4,1.4012165381125228,96.4391801837568,4.6462696122925315,97.6558447873444,3.4656373456938767
4,5,0.9439432989690721,34.955903672680414,8.015000396573605,33.94258605647208,7.1432948328416055
5,6,2.8968421546546543,2.3902027027027026,10.07509903169014,10.740812059859154,11.01181403895544
6,7,4.840959821428571,57.81436970729013,7.744586770304568,60.637095494923855,4.049546929029385
7,8,5.670861352848101,17.37724980221519,6.652644230769231,19.942908653846153,2.7470899079446625
8,9,7.82421875,27.256510416666668,8.015000396573605,33.94258605647208,6.688796984351421
9,10,7.546077917540182,86.54254564116003,11.018640854779411,90.55606617647058,5.307262989568829
10,11,7.274645157442748,73.7491054389313,10.346811655405405,72.52093890765767,3.3085646464509115
11,12,7.825761959876543,43.51429880401235,13.350026200457318,48.8745712652439,7.697403215266621
12,13,7.744586770304568,60.637095494923855,9.308909406565656,58.55232007575758,2.6064139845156515
13,14,7.744586770304568,60.637095494923855,7.956621723790322,63.988470262096776,3.3580755875267396
14,15,8.493276742788462,55.87158203125,9.308909406565656,58.55232007575758,2.802073001456352
15,16,10.346811655405405,72.52093890765767,11.62109375,74.25618489583333,2.152875634142425
16,17,10.551553143712574,79.38731911177645,14.191862824675324,77.4604301948052,4.118829381226873
17,18,8.493276742788462,55.87158203125,11.756984737638748,56.174417412966704,3.2777277409921015
18,19,10.07509903169014,10.740812059859154,12.377997567191844,8.132439614226135,3.4795040566082793
19,20,10.346811655405405,72.52093890765767,12.4047550154321,71.86414930555556,2.160209122864589
20,21,13.350026200457318,48.8745712652439,18.051509533898304,49.68220338983051,4.770347490832052
21,22,14.21088901817376,82.59623642508865,17.432195490056817,80.90265447443183,3.6393729143062927
22,23,14.191862824675324,77.4604301948052,16.402180989583336,74.35161203577898,3.8144798775211104
23,24,16.112255688448073,28.64416204784131,18.473385167464116,25.36726226076555,4.038936076643913
24,25,15.564546130952381,65.52811879960318,18.851421915167098,66.09244456940874,3.334968664818868
25,26,17.14637414073806,3.0828141959117223,22.108660820747218,5.909678060413355,5.710993644106199
26,27,16.56594669117647,22.110523897058822,17.254269622093023,18.575581395348838,3.6013340511012326
27,28,17.284470942982455,59.80982730263158,20.047946279264213,57.047580476588635,3.907275708498431
28,29,17.39266018907563,55.47203256302521,20.047946279264213,57.047580476588635,3.0875387363858335
29,30,18.020681607521187,97.47983426024011,21.67933872767857,93.29851422991071,5.55600658017179
30,31,16.56594669117647,22.110523897058822,18.473385167464116,25.36726226076555,3.7742106870790484
31,32,20.09650892247268,78.36967426571039,23.031201774691358,76.91816165123457,3.2740358896697845
32,33,21.67933872767857,93.29851422991071,21.930330659806295,88.66147094430993,4.643831110465638
33,34,22.108660820747218,5.909678060413355,25.847757273706897,3.8725754310344827,4.258007680495417
34,35,20.047946279264213,57.047580476588635,21.476517600574713,53.96461925287356,3.397861964088826
35,36,22.43194580078125,40.805816650390625,23.834345143312103,37.62589570063694,3.47543107579669
36,37,17.254269622093023,18.575581395348838,23.476901846042473,20.520915027750966,6.519622284756144
37,38,23.447916666666664,13.773003472222223,26.1278748244382,8.614707689606742,5.812933089960254
38,39,23.031201774691358,76.91816165123457,23.641429227941178,80.57358685661765,3.7060101155892275
39,40,24.078683035714285,1.7756696428571428,25.847757273706897,3.8725754310344827,2.743471804852524
40,41,24.04442903037383,99.5281469042056,28.473977481617645,97.34748391544117,4.93722498499749
41,42,23.975384424603174,51.01221478174603,26.8150968924581,53.271757157821234,3.628980387019234
42,43,26.459553117945823,30.932165279345377,30.81527888711395,35.85523578940362,6.57335304264121
43,44,18.851421915167098,66.09244456940874,25.216238839285715,67.73856026785714,6.574236942050771
44,45,25.847757273706897,3.8725754310344827,26.1278748244382,8.614707689606742,4.7503983201432005
45,46,26.8150968924581,53.271757157821234,27.660392992424242,56.39944365530303,3.2398994310237343
46,47,24.078683035714285,1.7756696428571428,27.25677490234375,0.58441162109375,3.39401879593381
47,48,27.288161057692307,43.67563100961539,29.99481823979592,47.79655612244898,4.930316104167728
48,49,31.49638559626437,70.24994481112309,36.02855785472973,71.15181587837837,4.621034170221554
49,50,28.473977481617645,97.34748391544117,31.939532305743246,98.67768158783784,3.712074364377646
50,51,27.25677490234375,0.58441162109375,30.597180278361346,1.9789751838235294,3.619822593252443
51,52,30.81527888711395,35.85523578940362,32.333404238861384,41.61799969059406,5.959375165609386
52,53,31.534219201589597,15.314626234344894,34.68942069763729,12.772951089559387,4.05159339300997
53,54,31.1670395934466,89.5337151092233,35.47857375372024,89.43268306671627,4.312717738134466
54,55,27.660392992424242,56.39944365530303,31.710937500000004,56.287109375,4.052101898815398
55,56,32.333404238861384,41.61799969059406,36.45715091630197,44.61313594091904,5.096678115960728
56,57,31.1670395934466,89.5337151092233,32.12750112410072,83.28954024280576,6.317610791609986
57,58,31.710937500000004,56.287109375,33.32585121268657,52.09946361940298,4.488242782403019
58,59,33.64900914634146,7.190834603658537,34.38165838068182,3.017356178977273,4.237298321083792
59,60,33.93833705357142,21.893136160714285,35.06055998322148,20.71164534395973,1.6295106179180576
60,61,30.597180278361346,1.9789751838235294,34.38165838068182,3.017356178977273,3.9243483023350048
61,62,33.93833705357142,21.893136160714285,34.953813639817625,25.6595507218845,3.9009064771933786
62,63,35.06055998322148,20.71164534395973,36.226523042929294,18.178858901515152,2.7882749182306745
63,64,39.34485695578835,30.926825783469457,42.319649512614674,26.2130877293578,5.573931933467583
64,65,33.64900914634146,7.190834603658537,39.760255643905694,7.182426045373666,6.111252282293992
65,66,38.0309198943662,54.64761223591549,38.279662093495936,49.724498221544714,4.92939390596063
66,67,38.0309198943662,54.64761223591549,38.8203125,59.447265625,4.864135415588239
67,68,38.8203125,59.447265625,40.938527960526315,59.49424342105263,2.118736333415436
68,69,40.13480392156863,18.707873774509803,40.72901132049891,16.400530436550977,2.3826279004843545
69,70,39.760255643905694,7.182426045373666,40.31138846544716,1.0785854928861789,6.128671705775322
70,71,42.319649512614674,26.2130877293578,44.49412143329554,22.568484859221467,4.2439908358566845
71,72,40.938527960526315,59.49424342105263,42.32492348582475,57.00859777706185,2.846142445496679
72,73,42.48046875,66.43725198412699,45.630564769553075,68.04076466480447,3.5347358952965044
73,74,45.24916808446757,89.49847377902321,49.38019073761261,94.7142454954955,6.653542121242618
74,75,44.01756224593496,75.82198590916197,49.19721777561247,71.49851231904232,6.7469441446169505
75,76,40.72901132049891,16.400530436550977,43.21387374161073,13.557833473154362,3.7756413067925334
76,77,45.06561622191011,52.06614290730337,48.889632686491936,52.51724735383064,3.850532059737921
77,78,42.32492348582475,57.00859777706185,45.380394345238095,60.33110119047619,4.513859889814268
78,79,45.630564769553075,68.04076466480447,48.26117621527778,66.71142578125,2.947415553617722
79,80,47.02629841549296,27.267585002200708,50.24693080357143,27.172154017857142,3.222045941930817
80,81,46.534819950331126,34.563845198675494,47.02629841549296,27.267585002200708,7.312794536726722
81,82,47.24913758116883,98.3994521103896,49.38019073761261,94.7142454954955,4.257010142112454
82,83,48.26117621527778,66.71142578125,49.19721777561247,71.49851231904232,4.8777424412310095
83,84,49.2203125,43.26171875,54.841579861111114,42.07573784722222,5.745015008409173
84,85,50.24693080357143,27.172154017857142,51.996866861979164,29.534912109375,2.9402214215172124
85,86,50.378464033018865,3.5495283018867925,52.34195814220184,11.202694954128441,7.901029611625303
86,87,50.843725737577635,19.048427795031056,51.66622814119171,15.06790398316062,4.064613145284364
87,88,50.24693080357143,27.172154017857142,51.375325520833336,23.326326359463277,4.007950226239321
88,89,51.66622814119171,15.06790398316062,52.34195814220184,11.202694954128441,3.923831274708056
89,90,51.42096920289855,84.76916326992753,53.6164314516129,88.95539314516128,4.7270048713566455
90,91,54.322847406914896,91.42079454787235,55.15718005952381,93.49550189393939,2.2361845959209212
91,92,53.6164314516129,88.95539314516128,54.322847406914896,91.42079454787235,2.564610609506805
92,93,54.841579861111114,42.07573784722222,55.26537413990825,44.09134891055046,2.059681904895117
93,94,55.41404204842932,60.35360765706807,57.908501059322035,57.98629502118644,3.4389671229932772
94,95,55.428197828389834,47.675698490466104,55.63342524509803,50.151271446078425,2.484065166441466
95,96,50.843725737577635,19.048427795031056,55.763373940677965,19.793321857344633,4.975721616643989
96,97,55.706972064393945,76.23106060606061,56.976780378486055,80.12636952191235,4.097053173251669
97,98,58.112075856023104,89.59396916254126,60.9275688559322,86.77171610169492,3.986491335998818
98,99,51.996866861979164,29.534912109375,57.00709845430107,28.0262936827957,5.232432528539204
99,100,57.908501059322035,57.98629502118644,59.81106899752475,57.43541150990099,1.9807163861802919
100,101,59.253259112631184,5.594187769396552,62.94193591101694,10.715704449152543,6.311598024586819
101,102,55.763373940677965,19.793321857344633,63.647179019919164,21.07077371716224,7.986630439780022
102,103,61.293791459369814,71.23642853441127,61.38883023648649,65.9865920608108,5.250696655559299
103,104,62.10685483870968,98.82749495967742,64.81766789596274,99.08833947981367,2.723333856701889
104,105,63.4521484375,90.23822985197368,65.36754261363636,91.39145359848484,2.235768292890468
105,106,62.17322716346154,46.11910306490385,65.9110827323718,45.99108573717949,3.7400471508031927
106,107,56.976780378486055,80.12636952191235,63.14932839912281,79.99588815789474,6.1739269880216865
107,108,62.94193591101694,10.715704449152543,64.45996269075404,13.030885323159785,2.768477520834855
108,109,61.38883023648649,65.9865920608108,65.87816822705803,62.08296432186234,5.949156672829926
109,110,65.9110827323718,45.99108573717949,68.54026100852273,43.39155717329545,3.697313506078838
110,111,66.15656072443183,3.6754261363636362,71.86957465277779,2.9152199074074074,5.76337068528641
111,112,65.9110827323718,45.99108573717949,67.41084631309148,51.20114106861199,5.421620362460044
112,113,67.3828125,29.1943359375,73.0213567839196,31.598421796482413,6.12966642314911
113,114,65.36754261363636,91.39145359848484,69.41847411850478,95.42600079533405,5.717308557419223
114,115,68.54026100852273,43.39155717329545,69.60690464426878,45.695019145256914,2.538437649805512
115,116,70.37069917929293,84.66994160353535,73.2243388564969,83.17800210465255,3.220115351294032
116,117,70.65464815647482,34.56960993705036,73.0213567839196,31.598421796482413,3.7985877235984926
117,118,71.806640625,13.94802517361111,72.87200218023256,9.505586845930232,4.568397261470988
118,119,71.86957465277779,2.9152199074074074,75.9715969279661,1.399463718220339,4.373111429085712
119,120,72.94097976116626,74.40025007754343,73.2243388564969,83.17800210465255,8.782324466012678
120,121,68.54026100852273,43.39155717329545,72.40619081439394,42.67578125,3.931634321283315
121,122,72.87200218023256,9.505586845930232,73.94276494565217,6.899626358695652,2.8173680911157057
122,123,73.66178743131869,51.3435782967033,78.57712607347328,52.413078482824424,5.030346371292075
123,124,74.03618276014109,21.219308035714285,76.40210528706395,17.28260128997093,4.592956499400171
124,125,74.31554961622807,36.41550164473684,77.80661386986301,37.73009417808219,3.7303730579842904
125,126,75.41924838362068,64.83448949353449,79.86474088078292,64.29812611209964,4.477732598008717
126,127,74.03618276014109,21.219308035714285,76.1716029770195,26.657436020194986,5.842367283751098
127,128,77.80661386986301,37.73009417808219,78.05059523809523,35.44301835317461,2.300052768290584
128,129,78.57712607347328,52.413078482824424,82.29307584776335,52.267372384559884,3.718805317856518
129,130,73.2243388564969,83.17800210465255,79.95414051753784,82.02883210110042,6.827211882900162
130,131,79.33626575630252,61.29119616596639,79.86474088078292,64.29812611209964,3.0530171401660167
131,132,80.24934050324676,47.48630275974026,82.29307584776335,52.267372384559884,5.199565454516292
132,133,81.38140510110294,20.39651309742647,83.60402960526315,18.156119168660286,3.155855611802574
133,134,88.65375258833089,28.11230407318096,90.01031867082713,19.716665890461996,8.50452891295619
134,135,83.93311895718232,92.26177630064457,89.15544847033374,90.4145381064586,5.539405608004517
135,136,83.92212400398407,74.53156125498009,88.93393674984208,73.62911106285533,5.092414294694681
136,137,79.86474088078292,64.29812611209964,83.61002604166666,62.40912543402778,4.194697187889963
137,138,83.60402960526315,18.156119168660286,84.97731463509317,12.044473020186336,6.264034675615367
138,139,86.27334440879928,68.6780333409716,88.93393674984208,73.62911106285533,5.620669196221136
139,140,87.84488726265823,99.72310126582279,92.03853546626985,96.32083953373017,5.400191677090435
140,141,92.83262524891384,41.78462730811007,94.87145598370927,43.868215460526315,2.915162148841101
141,142,89.74620335297419,3.8522157337261507,92.84957627118644,4.667637711864407,3.2087125879274625
142,143,90.61909392580873,81.09232155414908,93.37710765239949,76.83608949416343,5.071701003067193
143,144,90.01031867082713,19.716665890461996,92.2705078125,15.644531249999998,4.657331369592089
144,145,90.04375751201923,40.22592397836539,92.83262524891384,41.78462730811007,3.194892693667317
145,146,92.03853546626985,96.32083953373017,94.98948317307693,93.58580872252747,4.023491755495221
146,147,92.84957627118644,4.667637711864407,94.7138684443372,8.85978053946804,4.5879894064720474
147,148,89.74620335297419,3.8522157337261507,92.29286595394737,0.4445929276315789,4.254101972427475
148,149,92.84957627118644,4.667637711864407,95.78471123417721,4.029865506329114,3.003626247908382
149,150,93.86019320101352,56.19325380067568,99.19468976449275,64.17815087991718,9.60288680303227
150,151,94.98948317307693,93.58580872252747,98.70080264015645,87.41660385430248,7.199512545502955
151,152,93.37710765239949,76.83608949416343,98.97632625703235,77.55691807313643,5.645426717506048
152,153,95.78471123417721,4.029865506329114,98.97231158088235,2.2030101102941178,3.6739891954572945
153,154,99.03426744741873,70.7466315129063,99.19468976449275,64.17815087991718,6.570439341913799
154,155,94.98948317307693,93.58580872252747,99.60731183978874,96.10819212147888,5.261820940169951
155,1,2.102691302281369,48.8300558460076,6.048144367671691,43.93950547005863,6.283636118593483
156,2,2.5391643313347236,29.00859049139729,7.182173295454546,27.263849431818183,4.960005403815428
157,3,1.8746512276785716,3.640485491071429,4.873794112796833,6.516171256596307,4.155048335145802
158,4,2.9413440815649867,82.72710474690538,4.660600673652695,79.38108158682635,3.7618764223751886
159,5,3.3280806107954546,99.1055575284091,3.426289941720257,95.57171297226688,3.5352089640722353
160,6,3.12902706185567,11.146907216494846,4.873794112796833,6.516171256596307,4.948527820710657
161,7,3.0627613336267605,18.379318882042252,6.352163461538461,17.680288461538463,3.3628573992811126
162,8,3.3197206439393936,42.25142045454545,6.048144367671691,43.93950547005863,3.2084150348459177
163,9,3.2499488264192142,73.2498635371179,4.660600673652695,79.38108158682635,6.291404724477194
164,10,3.442933505639098,37.4757695018797,5.310546875,38.70849609375,2.237765525634836
165,11,3.4486979166666667,63.135416666666664,4.966517857142857,60.9971083603896,2.6222394597749097
166,12,4.873794112796833,6.516171256596307,6.149041364734299,2.736262077294686,3.9892316249301327
167,13,3.442933505639098,37.4757695018797,5.128636853448276,35.64886083743842,2.4857978688995748
168,14,8.469322280799112,83.83230871947835,12.18163649577167,81.69616312103594,4.283035704781393
169,15,8.046523085585585,89.62116413288288,8.469322280799112,83.83230871947835,5.804274817475141
170,16,6.352163461538461,17.680288461538463,10.259305884676145,22.13377106371775,5.924463621510034
171,17,3.426289941720257,95.57171297226688,8.424974524456522,96.29118546195652,5.05019684973818
172,18,12.18163649577167,81.69616312103594,12.56785803054953,78.11680902024585,3.6001309493918394
173,19,10.517739986187845,66.50444578729282,11.763665069686411,59.36683362369338,7.245539090478608
174,20,11.763665069686411,59.36683362369338,16.124057112068964,57.578125,4.713013611665912
175,21,12.534535543608124,9.956270534647551,16.444268845419845,10.167432013358779,3.915431478315908
176,22,14.689875718189462,86.72865794913116,16.064453125,85.75642903645834,1.6836543902924261
177,23,12.56785803054953,78.11680902024585,13.913352272727272,73.48188920454545,4.826265269720012
178,24,14.048793859649123,51.759525767543856,16.124057112068964,57.578125,6.177605895068366
179,25,14.738904332822086,40.726250958588956,15.717516447368421,38.02640145285088,2.871736238649189
180,26,14.584606319832401,33.980010474860336,15.717516447368421,38.02640145285088,4.2019953955040155
181,27,15.516364644970416,99.2204835428994,18.37261652542373,98.21901483050848,3.0267332863156344
182,28,15.540988869863014,1.561697345890411,18.396332067087158,1.2955131880733946,2.8677236233303476
183,29,16.148954765981735,29.67843298135464,16.807563743781095,26.155598958333332,3.5838701621842306
184,30,15.59146148989899,93.11178188131312,18.37261652542373,98.21901483050848,5.815380617721531
185,31,19.69189953071672,32.80683393771331,20.112854628839592,36.773410836177476,3.988851399346085
186,32,21.52290106117353,59.11933813202247,26.075166868932037,60.75309086771845,4.836555797867041
187,33,14.048793859649123,51.759525767543856,20.348915095944477,50.388285928143716,6.447621754505906
188,34,16.444268845419845,10.167432013358779,20.04894578313253,12.660015060240964,4.382541051819386
189,35,20.91183684593023,69.7018077761628,24.145085423875432,66.91446799307958,4.2688592660268165
190,36,18.396332067087158,1.2955131880733946,21.14928311793215,6.033547051696284,5.479754043858702
191,37,16.807563743781095,26.155598958333332,22.926061733800353,25.03427375218914,6.2204009414027315
192,38,18.37261652542373,98.21901483050848,22.332487341143764,96.36825791799048,4.371027113439635
193,39,20.85848721590909,78.48677201704545,25.17878605769231,83.27103365384615,6.446250188417777
194,40,22.147800611413043,85.29778079710145,25.17878605769231,83.27103365384615,3.646172891985548
195,41,22.06666861007463,44.11074510261194,24.3328125,41.33671875,3.5819869255528576
196,42,24.145085423875432,66.91446799307958,25.507516571969695,65.56433475378788,1.91809238493295
197,43,25.17878605769231,83.27103365384615,27.624149133663366,81.31961633663366,3.128550801767397
198,44,25.4387985924933,10.079146070710456,29.391571969696972,11.020359848484848,4.063286938797513
199,45,22.147800611413043,85.29778079710145,24.859375,90.73046875,6.071798255740204
200,46,22.06666861007463,44.11074510261194,27.478838442171927,46.323534182931894,5.847052061119972
201,47,24.3328125,41.33671875,25.717561141304344,37.74116847826087,3.852987225023928
202,48,24.145085423875432,66.91446799307958,26.737573596014492,69.69457653985506,3.801315358469357
203,49,25.507516571969695,65.56433475378788,28.470277065334777,65.58070666846653,2.9628057277916717
204,50,27.783890845070424,1.347931338028169,30.75146484375,3.6123046875,3.732811554771732
205,51,27.478838442171927,46.323534182931894,28.469085693359375,52.571868896484375,6.326316172233988
206,52,30.464009959795323,87.93157209429825,34.25224573690621,85.52189593483557,4.489684788096571
207,53,26.737573596014492,69.69457653985506,30.04286801575931,72.62672927113181,4.418426285537633
208,54,29.391571969696972,11.020359848484848,32.19841851128472,8.24618869357639,3.9464430953390464
209,55,32.44330558842513,30.363950220524956,39.603271484375,35.78857421875,8.982853508395
210,56,32.49621975806451,17.081653225806452,32.73987123115578,18.936479271356784,1.8707607275093827
211,57,36.39251829314528,57.18921202039733,40.5800736658105,52.13472549229452,6.563798752392559
212,58,34.25224573690621,85.52189593483557,37.84025493421053,87.87212171052632,4.289215685490944
213,59,34.01713181341719,42.9466391509434,37.74480345022624,48.545319570135746,6.726125055938119
214,60,36.506417707226355,90.30930359989372,37.84025493421053,87.87212171052632,2.7783047546929276
215,61,37.388392857142854,94.14696631493507,37.710794588414636,97.88717130335365,3.7540746172283757
216,62,36.950860507246375,14.189877717391305,40.953360947986575,16.925335570469798,4.847962401266569
217,63,37.74480345022624,48.545319570135746,40.5800736658105,52.13472549229452,4.574121999838621
218,64,37.51365821678322,70.29132976398601,39.32391826923077,72.2040264423077,2.6335242624191233
219,65,37.86860447303921,21.51501225490196,40.953360947986575,16.925335570469798,5.529995893068086
220,66,39.23623728197674,65.0035769440407,43.89896716101695,66.99135990466102,5.068760304396607
221,67,39.32391826923077,72.2040264423077,40.99494485294118,72.31158088235294,1.674484338845943
222,68,39.603271484375,35.78857421875,41.66197447447447,39.29593656156156,4.066921268627792
223,69,40.953360947986575,16.925335570469798,43.99215574186992,13.256637449186993,4.7637820798643284
224,70,42.97628722734899,1.681129404362416,44.23608672752809,3.1765712780898876,1.9553621604063622
225,71,40.7314202724359,80.63651842948718,46.39106721698113,81.22707841981132,5.690374736260507
226,72,41.66197447447447,39.29593656156156,43.884765625,36.63671875,3.4658678376679117
227,73,40.99494485294118,72.31158088235294,41.317246835443036,74.50553797468355,2.217504518803146
228,74,43.89896716101695,66.99135990466102,47.538725927533434,62.22416128150721,5.997835158707951
229,75,37.84025493421053,87.87212171052632,42.19755284926471,88.57852711397058,4.414187775180251
230,76,40.99494485294118,72.31158088235294,42.620139898255815,70.35035125968993,2.5470925715658965
231,77,43.884765625,36.63671875,44.12020016339869,29.14624183006536,7.494175999397436
232,78,42.620139898255815,70.35035125968993,43.89896716101695,66.99135990466102,3.594192828875499
233,79,43.884765625,36.63671875,46.57858455882353,37.08869485294118,2.731472651493333
234,80,44.786305147058826,98.5443474264706,46.42814867424242,99.46979561237373,1.8847027650391206
235,81,46.39106721698113,81.22707841981132,50.95977783203125,78.7847900390625,5.18052982028019
236,82,44.23608672752809,3.1765712780898876,46.269765157185624,5.795050523952096,3.315460980959581
237,83,47.28633221531414,88.2160606184555,50.677490234375,90.26031494140625,3.959662668352401
238,84,48.990043033733826,50.84352616682071,50.77201224662162,52.46779983108109,2.4111572350408403
239,85,49.875887076693225,94.91856791583665,52.51109521713615,97.03684345657277,3.381037297921686
240,86,49.913127875766875,3.6174750766871164,52.0066352739726,4.3276434075342465,2.210681407277024
241,87,49.969561688311686,44.834364853896105,55.120693108974365,46.296574519230774,5.354643967467529
242,88,52.338088768115945,33.257260529891305,57.77082503980891,30.807747810509557,5.959424129912338
243,89,52.0066352739726,4.3276434075342465,52.447067481884055,10.764832427536232,6.452238604468985
244,90,49.969561688311686,44.834364853896105,52.72105823863637,39.75441672585227,5.777249020949732
245,91,55.081370934235515,68.47372462606837,56.259765625,62.43874289772727,6.148952635094282
246,92,50.77201224662162,52.46779983108109,53.38792067307693,53.50703983516484,2.8147818177769777
247,93,55.120693108974365,46.296574519230774,59.4968168030474,42.62111138544018,5.71484801492404
248,94,57.75556648456295,23.143513181635928,61.854863799778755,19.008688237463126,5.822457882843737
249,95,57.77082503980891,30.807747810509557,59.7875702247191,33.22726474719101,3.1498132242637533
250,96,57.15258049242424,98.9834872159091,57.809860641891895,95.98201717342343,3.072594931132824
251,97,59.11344685162094,3.5784074968827935,62.50913331834532,3.200876798561151,3.4166088462787667
252,98,60.63499479560939,14.300024247728993,61.854863799778755,19.008688237463126,4.864113172568268
253,99,53.38792067307693,53.50703983516484,58.837256493506494,54.74964488636363,5.589215347173659
254,100,59.038254310344826,76.06546336206897,65.09157576650944,74.98802329009435,6.148461414074213
255,101,59.4968168030474,42.62111138544018,62.66090691725979,47.581878336298935,5.8839336324935685
256,102,62.28008707061069,86.35570729961832,62.5732421875,93.86633546560402,7.5163472092670185
257,103,62.5732421875,93.86633546560402,63.45807613168725,97.61927726337449,3.8558401479105076
258,104,64.27619485294119,66.00118172268907,67.51182782504364,67.73705074716405,3.671860836182149
259,105,67.62742375753012,11.073512801204819,68.67313259691196,6.160428301576872,5.023137095207107
260,106,65.09157576650944,74.98802329009435,68.44200721153845,71.21243990384616,5.047813464694645
261,107,59.4968168030474,42.62111138544018,65.10759320175438,41.108141447368425,5.811186611166103
262,108,67.51182782504364,67.73705074716405,68.44200721153845,71.21243990384616,3.597716425935131
263,109,62.50913331834532,3.200876798561151,66.1511872944079,0.7259971217105263,4.403360827758891
264,110,65.10759320175438,41.108141447368425,68.07567290145985,35.98994849692662,5.916535826119523
265,111,66.26239079301075,28.37859122983871,67.969595508658,24.50072713744589,4.237024647107669
266,112,62.66090691725979,47.581878336298935,66.20185319767442,52.28356649709303,5.885930013356733
267,113,67.969595508658,24.50072713744589,71.14975873161765,26.161822150735293,3.587850995768914
268,114,63.45807613168725,97.61927726337449,69.89243451286765,97.65050551470588,6.4344341616919
269,115,70.73338770604396,47.19286572802198,74.81122354822834,45.39593073326771,4.456200234636695
270,116,67.62742375753012,11.073512801204819,70.56516617063492,15.855189732142858,5.612019668320825
271,117,72.27214784112596,62.40513925333969,74.52032282488987,59.861130231277535,3.395036474318874
272,118,72.43272569444444,85.52951388888889,72.56944444444444,82.84098307291666,2.6920048226245488
273,119,72.4466811131387,74.1481808850365,77.33632903554779,73.53037587412588,4.92852308877882
274,120,66.1511872944079,0.7259971217105263,73.0983424831081,0.3879856418918919,6.955373244936131
275,121,74.77334746232269,10.95723902925532,77.90704257246377,12.691632699275363,3.581642981360327
276,122,74.81122354822834,45.39593073326771,77.83341644503547,43.38015292553192,3.6327689268203587
277,123,71.14975873161765,26.161822150735293,76.2951130196836,30.870584988962474,6.974748613132078
278,124,75.54829915364584,53.240966796875,80.98761047979798,56.937539457070706,6.576530782632537
279,125,76.0485197368421,86.42835115131578,77.76963975694444,87.79975043402779,2.2006794669419834
280,126,77.65112704918032,66.7816662397541,79.43960336538461,67.9950420673077,2.1612330814872838
281,127,77.90704257246377,12.691632699275363,78.54781936813187,15.552026098901099,2.9312873114877607
282,128,77.83341644503547,43.38015292553192,80.18683667452831,44.8219155365566,2.7599395288909623
283,129,79.13643973214286,9.552873883928571,81.51102511682244,9.370436623831775,2.3815833185100748
284,130,77.83341644503547,43.38015292553192,80.13671875,39.79523689516129,4.261082544713638
285,131,80.1747423537234,59.88146193484043,80.41355298913044,62.489809782608695,2.619257340266675
286,132,80.98262663810483,12.182223412298388,81.51102511682244,9.370436623831775,2.8610050499966713
287,133,80.1747423537234,59.88146193484043,80.98761047979798,56.937539457070706,3.0540848294547764
288,134,80.41355298913044,62.489809782608695,83.658447265625,65.45153166118422,4.393305743020865
289,135,81.89832899305556,95.27271412037037,84.84104269801979,98.26926051980197,4.199863601753146
290,136,82.85006009615384,50.778745993589745,84.70732276119402,47.71309468283582,3.5843608308985053
291,137,80.1747423537234,59.88146193484043,84.23656974871135,59.57685647551546,4.073232901826886
292,138,80.13671875,39.79523689516129,84.36776620370371,38.409047067901234,4.452334757483076
293,139,86.10363576449912,75.921641586116,88.50038109756098,75.50376333841463,2.4329016464821898
294,140,85.32684702932099,22.351224922839506,89.21169704861111,21.888563368055554,3.912303079600766
295,141,85.49594824498567,70.85114837034384,86.10363576449912,75.921641586116,5.106778394698936
296,142,85.8946683114035,43.20518092105263,87.81381671348315,44.5850158005618,2.363699406420985
297,143,86.40531994047619,2.816220238095238,93.23381696428571,5.235072544642857,7.244254142771789
298,144,89.07132551571709,63.042289569007856,94.09474655204693,65.2747441337993,5.497145831438279
299,145,89.21169704861111,21.888563368055554,89.73076080607477,25.585280373831775,3.732980552468415
300,146,84.70732276119402,47.71309468283582,87.11626838235294,50.467601102941174,3.6592792492651247
301,147,88.86754390967153,15.935789233576642,89.51958550347221,12.253824869791668,3.739253911708676
302,148,88.82262214781747,89.501953125,89.09737723214286,97.20563616071428,7.7085811062162835
303,149,89.23922311230965,57.257544812817265,90.7768990266141,53.166488263923114,4.370490922503069
304,150,84.84104269801979,98.26926051980197,89.09737723214286,97.20563616071428,4.387217847749677
305,151,90.67179361979166,34.4970703125,93.1400359623016,34.317452566964285,2.4747692409334325
306,152,88.50038109756098,75.50376333841463,91.96802512886599,80.43149967783505,6.025540686004019
307,153,93.5652488425926,95.69950810185185,96.91212079678363,97.58353131091619,3.8407154711125857
308,154,93.23381696428571,5.235072544642857,94.83241842250632,2.0240244239267677,3.5869704007392333
309,155,94.80160361842105,9.801603618421053,99.50214460784314,9.767539828431373,4.700664414210572
310,156,97.0021059299431,57.19836304231863,99.62000425170068,60.165550595238095,3.956967727599163
311,157,96.91212079678363,97.58353131091619,99.65676700367648,99.48874080882352,3.3410935383385523
312,158,97.7783203125,16.82074652777778,98.8564453125,19.330078125,2.731135035190099
313,159,93.1400359623016,34.317452566964285,99.21506696428571,32.63236607142857,6.304404664399726
314,160,91.96802512886599,80.43149967783505,99.3761502779447,86.29385141225961,9.447088762286688
315,161,94.09474655204693,65.2747441337993,99.35285345441596,73.26333244301995,9.563745676823366
316,162,99.21506696428571,32.63236607142857,99.79838709677419,43.07743195564516,10.461341391169285
317,1,1.0977430555555556,12.096875,5.888267381656805,8.588549371301776,5.937800269118912
318,2,0.6230851715686275,51.67738970588235,4.511563328912467,54.67460004973474,4.909534827805578
319,3,1.082763671875,91.5283203125,7.797869850187265,93.69184515449437,7.055033006863565
320,4,1.708984375,21.955422794117645,4.841432733050848,21.518306408898304,3.1627999383588388
321,5,4.511563328912467,54.67460004973474,8.864795918367346,54.49418048469388,4.3569697264660405
322,6,4.62109375,69.43772977941177,9.639640982824428,70.93039942151718,5.2358264857186425
323,7,3.7561217350746268,47.04990671641791,9.024982344632768,46.77921963276836,5.275809285807069
324,8,5.468071831597222,85.05814163773148,6.3746776395631075,78.13021465412622,6.986995518905344
325,9,4.511563328912467,54.67460004973474,5.375532670454546,59.08092151988637,4.490224039114729
326,10,5.788391382158591,41.59553964757709,8.407507528805866,40.38542848725559,2.8851582989435998
327,11,5.888267381656805,8.588549371301776,7.911830357142858,4.707589285714286,4.376831993769148
328,12,4.841432733050848,21.518306408898304,6.270419034090908,17.389026988636363,4.369548074933946
329,13,7.479899878640777,26.10275712985437,10.591947115384617,26.453234265734267,3.1317203301858774
330,14,7.797869850187265,93.69184515449437,7.878039354946524,98.39624415106952,4.705082046943556
331,15,9.024982344632768,46.77921963276836,9.169921875,49.83203125,3.0562503558719665
332,16,7.13912609011628,30.271166424418606,7.479899878640777,26.10275712985437,4.182315485703445
333,17,6.270419034090908,17.389026988636363,10.408961519281915,20.97005641206782,5.4727786026124585
334,18,12.821044921875,32.54150390625,15.806070963541666,34.0667724609375,3.3521373231636344
335,19,13.932607706310678,80.53606644417476,17.73809780732044,81.22059521754143,3.866566248035869
336,20,16.77679234769688,5.265282550148588,24.379410282258064,4.690125168010752,7.6243429535363285
337,21,14.4677734375,62.469482421875,17.336309523809522,57.80862475198413,5.472850582415029
338,22,13.932607706310678,80.53606644417476,15.514760591736696,75.3837863270308,5.389730805743337
339,23,15.806070963541666,34.0667724609375,16.428786057692307,31.23046875,2.9038582660248538
340,24,16.428786057692307,31.23046875,18.636628951149426,30.79314834770115,2.2507375183383624
341,25,17.336309523809522,57.80862475198413,18.863025102459016,55.39910988729508,2.852476527729636
342,26,18.636628951149426,30.79314834770115,21.26184467343855,24.53071657432281,6.790420407071462
343,27,18.615073107798167,49.09439506880734,20.048487463662788,45.05757176598838,4.28376225925074
344,28,18.267501027960524,95.17565275493422,20.439801897321427,90.67731584821429,4.995390474565998
345,29,18.79422169811321,14.33704304245283,20.094651442307693,14.89132612179487,1.4136291068136035
346,30,20.439801897321427,90.67731584821429,24.427532327586206,90.71760506465517,3.9879339519883157
347,31,22.8076171875,69.05631510416667,26.385840941011235,72.98634275514982,5.314960260216829
348,32,18.863025102459016,55.39910988729508,23.663591318093385,57.26950085116731,5.152067385858318
349,33,24.427532327586206,90.71760506465517,25.248846950301207,94.01840761483435,3.401448983118048
350,34,24.379410282258064,4.690125168010752,24.74431818181818,2.2585227272727275,2.458830658049573
351,35,24.225725446428573,83.38169642857143,27.05937270894428,83.26183330278593,2.836181231389459
352,36,24.922688802083336,33.199869791666664,28.073730468750004,34.873046875,3.567714273489584
353,37,25.220090951492537,47.60061994713931,27.374464465725808,43.48636750252016,4.644178982003645
354,38,23.663591318093385,57.26950085116731,26.034973714953267,61.856563960280376,5.163777923102711
355,39,26.888521634615387,38.73347355769231,28.073730468750004,34.873046875,4.038268707373673
356,40,27.374464465725808,43.48636750252016,31.080386513157894,43.88534813596491,3.727337356278232
357,41,24.379410282258064,4.690125168010752,29.042210254854368,5.4614494842233015,4.726165970977409
358,42,29.663245828085643,14.858459933879093,32.74739583333333,9.287760416666666,6.367470012959626
359,43,23.663591318093385,57.26950085116731,29.05820125598086,55.910959928229666,5.563043215835246
360,44,30.192749889184395,26.6930546320922,33.084671585648145,27.53936390817901,3.013212652513652
361,45,32.7440854519774,97.99280543785311,33.10248687977099,94.48540374522901,3.525665641672054
362,46,32.74739583333333,9.287760416666666,34.16946765988372,7.281068313953488,2.459492117279461
363,47,32.7440854519774,97.99280543785311,34.1081070026178,99.3455497382199,1.9210601065001272
364,48,32.98549107142857,0.60546875,34.014096467391305,2.8192934782608696,2.4411163405423686
365,49,35.15964829441392,11.36389652014652,36.93539051527387,18.973498397998593,7.814045122364886
366,50,35.497542452221076,35.54543739508006,42.59166150990099,33.72395833333333,7.324227684672229
367,51,35.66146070939781,86.06509466240875,40.98147722630719,80.53087554466231,7.67659800845524
368,52,32.74739583333333,9.287760416666666,35.15964829441392,11.36389652014652,3.18265660355651
369,53,35.627632985412475,58.9769083249497,37.64901946952596,57.036981518058695,2.801663672579379
370,54,36.38562989982578,48.77266169425087,41.68479225852273,47.415438565340914,5.470208069669628
371,55,33.10248687977099,94.48540374522901,37.147945115546214,93.89197085084034,4.088752247024036
372,56,34.16946765988372,7.281068313953488,37.19089673913044,6.368036684782609,3.15636823529576
373,57,40.98147722630719,80.53087554466231,45.642405399659864,82.49388818027211,5.057437102398453
374,58,39.07247947080292,53.909101277372265,41.984152492088604,55.6504647943038,3.3926666032758215
375,59,43.05703992617365,3.3954895728167593,43.59765625,8.013950892857142,4.649994728416009
376,60,40.62668902319182,71.03939416273585,46.66341145833333,74.36014811197916,6.889805842718348
377,61,37.147945115546214,93.89197085084034,42.7315236745617,91.05605718981793,6.262487989407314
378,62,41.68479225852273,47.415438565340914,41.951729910714285,44.69447544642857,2.7340256042397826
379,63,41.984152492088604,55.6504647943038,44.43966115014793,57.342132026627226,2.9818217241681464
380,64,42.59166150990099,33.72395833333333,45.08877840909091,30.461647727272727,4.108316358149086
381,65,41.984152492088604,55.6504647943038,44.179754387842465,52.4132297463613,3.9115672613755765
382,66,42.59166150990099,33.72395833333333,44.291006455399064,38.65170187793427,5.212526228725004
383,67,45.64482276119403,21.22784514925373,48.41312355546996,19.74597337249615,3.1399734473940053
384,68,44.43966115014793,57.342132026627226,52.658095159687555,55.47254142401553,8.428405934133188
385,69,41.951729910714285,44.69447544642857,48.35486778846153,46.54296875,6.664615680951902
386,70,50.50113075657895,98.74948601973685,52.45800781249999,98.9091796875,1.963382255067483
387,71,52.00317159920876,67.40765748630554,57.30078125,65.37946428571428,5.672586329980446
388,72,50.98669281639005,16.05452541493776,51.86754993556701,19.70542042525773,3.755654888402825
389,73,50.50113075657895,98.74948601973685,50.8160316780822,96.56731592465754,2.204774118639372
390,74,52.87631172564796,30.667122080603814,56.976340080071175,28.593471975088967,4.594589999899452
391,75,48.41312355546996,19.74597337249615,51.86754993556701,19.70542042525773,3.4546644058490243
392,76,52.8389000382263,39.98918912461774,56.08701034330986,43.96388094190141,5.133068828329872
393,77,55.26948735955056,80.65001755617978,61.03668212890625,85.92071533203125,7.812860587009683
394,78,52.45800781249999,98.9091796875,55.73841932069219,97.97913406664213,3.4097044622601382
395,79,56.08701034330986,43.96388094190141,56.56853321335078,46.65412303664922,2.7329959390247027
396,80,55.90471540178571,5.647495814732143,58.99005888504911,4.321067035740269,3.358386177236594
397,81,57.98187255859375,18.94683837890625,60.59950086805556,19.828016493055557,2.7619653935832718
398,82,58.33740234375,89.2059326171875,61.03668212890625,85.92071533203125,4.25191297761873
399,83,56.976340080071175,28.593471975088967,58.500744047619044,35.50895718864469,7.0815071273835155
400,84,62.362312953446185,58.85771413524032,67.3873546511628,62.661246366279066,6.302214015434665
401,85,58.33740234375,89.2059326171875,61.00936823593074,92.60898606601732,4.3266816967012645
402,86,61.35494608274647,13.02610585387324,65.44258729818982,14.406399064334638,4.3143968353684174
403,87,56.976340080071175,28.593471975088967,61.63761066331924,27.0551169397463,4.908561873402221
404,88,67.20535114247312,49.817288306451616,67.30613106048642,45.44346918430196,4.374980034829499
405,89,63.08105468750001,0.80322265625,63.95744554924242,3.5733309659090913,2.9054364542677504
406,90,63.49950905054644,8.298113046448087,63.95744554924242,3.5733309659090913,4.746922323508184
407,91,65.44258729818982,14.406399064334638,68.75155009920636,14.202783978174601,3.315221549432719
408,92,65.48282037153652,75.59823677581863,69.81622869318181,74.91477272727273,4.386975129603478
409,93,66.82941824966079,37.13383543928087,73.70961782094595,41.50040910050676,8.148871804098047
410,94,63.08105468750001,0.80322265625,66.25316722972973,0.901340793918919,3.1736296490785945
411,95,67.97455409787736,70.40048275353774,71.01567425914249,69.08446957755359,3.313653952152688
412,96,67.4439901507782,93.96203185797665,72.94183775436046,96.43725018168605,6.029347727759765
413,97,68.75155009920636,14.202783978174601,70.32606336805556,12.3779296875,2.4102251380266795
414,98,70.44514783372365,84.49827100409836,71.55894886363636,79.77361505681819,4.854165896877089
415,99,75.0870122677233,25.80958312187695,81.72257570876289,26.493033182989688,6.670667595233345
416,100,70.32606336805556,12.3779296875,74.23484207688875,9.638892632733493,4.772931487253057
417,101,73.6727275545635,53.14468625992064,79.82893318965517,54.25713900862069,6.255910720240891
418,102,72.19166050295857,44.376964681952664,73.70961782094595,41.50040910050676,3.252501565315382
419,103,72.94183775436046,96.43725018168605,76.5570367132867,96.86407342657343,3.640307898378598
420,104,71.01567425914249,69.08446957755359,75.96066497093024,70.49909156976744,5.1433538202735125
421,105,74.69516647196261,62.95930381133178,78.09911936837456,61.225637698763244,3.82001223962172
422,106,75.84163287213741,99.16321266698473,76.5570367132867,96.86407342657343,2.4078712388186907
423,107,78.2716113898179,81.80712328130807,81.61501736111111,77.7890625,5.227157538391683
424,108,73.70961782094595,41.50040910050676,80.39127313044246,44.67878011738056,7.399091835882715
425,109,76.50028351814517,18.276682207661292,76.55455123546511,14.466183684593023,3.8108849339029605
426,110,76.55455123546511,14.466183684593023,78.75196953781513,13.502002363445378,2.3996443102161633
427,111,78.09911936837456,61.225637698763244,81.08971637228261,63.17085597826087,3.5675684428859182
428,112,74.23484207688875,9.638892632733493,78.19639574579831,3.212124693627451,7.549652549274845
429,113,78.56805788590604,65.71544672818791,80.9141995614035,67.93619791666666,3.2304978877312123
430,114,79.07191685267857,95.95424107142857,80.54410679133859,94.01067298228347,2.4381960816626207
431,115,79.82893318965517,54.25713900862069,82.71335929017373,53.3636799334962,3.019632932704734
432,116,81.72257570876289,26.493033182989688,83.040625,21.0484375,5.601863626094499
433,117,78.75196953781513,13.502002363445378,83.54202961672473,9.571454820495271,6.1962794923207465
434,118,81.61501736111111,77.7890625,83.20338199013158,79.61785567434211,2.4222689093582552
435,119,83.44704666479821,88.78376366311659,87.15234375,88.15390625,3.758450059594095
436,120,83.58826112412177,35.10250475702576,91.10608951065892,37.09309895833333,7.77690227042252
437,121,85.97984651548673,77.55749907817109,87.89525953389831,76.59858315677967,2.1420379957877804
438,122,86.12038352272727,65.62286931818181,86.24692766853933,61.81311446629213,3.811855906554751
439,123,86.24692766853933,61.81311446629213,89.79419309701493,62.08022388059702,3.557307894921168
440,124,88.36358063412408,51.931502813260344,89.35964209401709,46.486879006410255,5.5349857118156045
441,125,88.17845394736842,97.36842105263158,89.5415900735294,98.62477022058823,1.8537943063540139
442,126,89.79419309701493,62.08022388059702,89.9310585678808,65.14113807257175,3.0639725598881657
443,127,88.17845394736842,97.36842105263158,90.43226418205805,94.90667257585753,3.3376438001816657
444,128,89.81037381329115,12.70643789556962,92.20239186217009,15.612256002565983,3.763712159173513
445,129,91.10608951065892,37.09309895833333,94.37190230174731,41.223013272849464,5.265142489209748
446,130,87.89525953389831,76.59858315677967,93.15267423304115,73.770439334032,5.96982468761931
447,131,91.9120219216418,30.286312577736318,96.13140060240963,30.601703689759034,4.231149726169125
448,132,91.58553685897436,6.414930555555555,91.60488091626213,0.7750872269417476,5.639876502536383
449,133,92.39532401502267,23.041006767290252,95.54395799512987,21.6695413961039,3.4343577572886903
450,134,93.3529862733645,91.46648656542055,96.74898330479452,93.89742080479452,4.176390440756497
451,135,94.140625,51.905736252834465,94.8155766039823,56.8903830199115,5.030135491241747
452,136,94.37190230174731,41.223013272849464,98.48752636119632,43.16526073619632,4.550899538288319
453,137,94.8155766039823,56.8903830199115,96.8372911509901,56.782758353960396,2.0245771850695276
454,138,96.43609550561798,87.98191713483146,98.65154109589042,88.16218964041096,2.2227679455412104
455,139,96.43609550561798,87.98191713483146,96.49394914215686,82.01656964869281,5.965628020053001
456,140,96.74898330479452,93.89742080479452,97.6702964469178,98.1712863869863,4.37204127616524
457,141,98.24133086622807,48.014037372076025,98.48752636119632,43.16526073619632,4.855022871871518
458,142,91.60488091626213,0.7750872269417476,99.2234519675926,3.487413194444444,8.086985657101163
459,143,96.8372911509901,56.782758353960396,98.89993106617648,56.622673483455884,2.0688428131408347
460,1,1.273827286748927,10.47300412419528,5.081824100378788,10.063032670454545,3.830002131265395
461,2,1.2861637013381995,20.029332515967152,7.783683401639344,15.757876536885245,7.77580210891687
462,3,0.5059773489932886,52.81149503635347,4.875801742982053,52.61595612344685,4.374197149278936
463,4,0.5771921641791045,64.6455223880597,7.672345196759259,64.20446325231481,7.108848691381424
464,5,0.615234375,78.72965494791667,3.8231102195945943,78.04845861486487,3.279404805524427
465,6,0.4928234011627907,84.24441315406976,0.615234375,78.72965494791667,5.5161166157767765
466,7,1.3658311631944444,99.74229600694444,8.323317307692307,94.38382662259616,8.78178840520982
467,8,0.4928234011627907,84.24441315406976,2.2823773600809174,90.13026540374241,6.15189077250695
468,9,1.32598876953125,37.15362548828125,1.7939998413705582,41.85636104060914,4.7259661486824935
469,10,3.78758336919105,1.3870212994836488,10.386439732142858,5.0062242445054945,7.526189956154732
470,11,4.875801742982053,52.61595612344685,6.63209192961165,48.74469053398058,4.251029579271006
471,12,3.8231102195945943,78.04845861486487,6.429917751884854,76.51544561771762,3.0241650682176124
472,13,5.857257153614458,38.61469314759036,8.436288759689923,41.60610465116279,3.9496767980230536
473,14,7.672345196759259,64.20446325231481,11.940696022727272,59.22811208677686,6.556133746065035
474,15,7.783683401639344,15.757876536885245,9.218098958333334,11.517252604166666,4.476654926173261
475,16,8.323317307692307,94.38382662259616,10.20398332399103,98.37575322309418,4.412752275918577
476,17,5.081824100378788,10.063032670454545,9.218098958333334,11.517252604166666,4.384464085398873
477,18,10.386439732142858,5.0062242445054945,13.48110465116279,1.331985828488372,4.803850424268917
478,19,12.041440217391305,24.53804347826087,12.768817204301076,30.503402217741936,6.009540928539307
479,20,8.436288759689923,41.60610465116279,11.435688405797102,38.48930027173913,4.325606058884971
480,21,11.417783539870689,87.83548289331897,15.631146197552448,87.70623907342657,4.215344452132882
481,22,11.940696022727272,59.22811208677686,14.263473731884059,58.59917534722222,2.4064201022509075
482,23,13.129155112343572,74.7922443828214,16.811617943548388,76.51423891129032,4.065193434423745
483,24,12.768817204301076,30.503402217741936,14.051144622093023,31.99188468992248,1.964673936410228
484,25,10.20398332399103,98.37575322309418,14.345490828804348,96.16784137228261,4.693288735351699
485,26,13.48110465116279,1.331985828488372,16.1998820754717,2.7693838443396226,3.0753640010419723
486,27,14.922712974422442,10.059238345709572,17.330322265625,6.634521484375,4.186319156418226
487,28,14.810621044303799,63.08198180379747,18.091517857142858,62.156808035714285,3.4088459040629493
488,29,17.004073827735283,39.7824022593116,21.323098190348524,41.55941060656836,4.670302999920552
489,30,14.30030415076336,70.35051884541986,18.002518983644862,70.37729994158879,3.7023116962135707
490,31,15.631146197552448,87.70623907342657,17.250138099747474,86.02578519570707,2.333465237477426
491,32,14.810621044303799,63.08198180379747,16.530077155707197,66.57442230148884,3.892771499710352
492,33,16.1998820754717,2.7693838443396226,17.330322265625,6.634521484375,4.027056493263048
493,34,20.278906250000002,92.61328125,22.66297809017224,88.68384704280649,4.59611267570376
494,35,21.89699094393727,12.292937660931647,23.64783653846154,8.353365384615383,4.311112387329373
495,36,16.1998820754717,2.7693838443396226,19.584517045454543,0.8944424715909091,3.8692582016809918
496,37,21.722516524105753,50.817042104069465,25.75634437919463,56.148804530201346,6.685765306470355
497,38,20.119194135273975,99.26122377996576,24.236969449626866,95.85033815298507,5.346981793482889
498,39,20.00571196933962,23.83964106721698,23.97100730020492,19.639512359118854,5.776214004481845
499,40,17.250138099747474,86.02578519570707,20.28247730152027,81.7214553420608,5.2652005207397865
500,41,18.002518983644862,70.37729994158879,22.388861303728877,69.42164682448568,4.489239560236113
501,42,21.323098190348524,41.55941060656836,23.636275487588655,39.544894171099294,3.0674200359980315
502,43,23.636275487588655,39.544894171099294,24.685951266519822,36.84049765969163,2.9009618632082534
503,44,19.584517045454543,0.8944424715909091,23.419189453125,2.54058837890625,4.173069472501048
504,45,24.236969449626866,95.85033815298507,28.52413293087121,93.32238399621212,4.976979298094452
505,46,20.28247730152027,81.7214553420608,24.862227697095435,78.99337072095436,5.330718468057416
506,47,25.75634437919463,56.148804530201346,30.49678679435484,55.08348034274193,4.85867367867364
507,48,22.66297809017224,88.68384704280649,25.67653245192308,84.3487079326923,5.279672432572783
508,49,28.200632458597173,25.206681152581588,31.719644561068705,24.133766698473284,3.678938923545161
509,50,28.52413293087121,93.32238399621212,28.640919811320753,91.06076798349056,2.264629365799995
510,51,32.462158203125,4.3603515625,33.56166229744922,13.887191206970073,9.590077312768775
511,52,28.382345715408807,32.914455581761004,29.631326050884955,34.765625,2.2331099599951205
512,53,28.68923611111111,48.55995783730159,33.503081369982546,51.096885907504365,5.441425384009394
513,54,30.410953443877553,70.23394318664967,34.88609813084112,66.9921875,5.525929777076764
514,55,30.49678679435484,55.08348034274193,33.80810546875,55.4970703125,3.3370478010484934
515,56,28.52413293087121,93.32238399621212,30.345982142857142,97.78041294642857,4.815927394820417
516,57,30.912966844512198,81.08088795731707,32.564806736463616,77.63159634094755,3.824419914627466
517,58,31.678263346354168,61.844635009765625,34.88609813084112,66.9921875,6.065270038859157
518,59,29.631326050884955,34.765625,33.46883533070388,33.41507698725728,4.06822533882032
519,60,32.462158203125,4.3603515625,37.78195488721804,0.8465989191729324,6.375476013489132
520,61,33.503081369982546,51.096885907504365,33.80810546875,55.4970703125,4.410743984725895
521,62,32.564806736463616,77.63159634094755,35.148654513888886,74.58767361111111,3.9927102226583377
522,63,35.71558459051724,42.14911099137931,40.96207157258064,41.53645833333333,5.282136777135894
523,64,36.02303832116788,88.28053718065694,41.14456917475729,86.49594205097088,5.4235466312337905
524,65,37.78195488721804,0.8465989191729324,41.26050347222222,4.629513888888889,5.1391386366136915
525,66,38.681640625,61.52734375,40.77526231751825,67.7201186131387,6.537102744863771
526,67,39.450652689873415,6.287084651898735,41.26050347222222,4.629513888888889,2.4542006211297442
527,68,34.88609813084112,66.9921875,40.77526231751825,67.7201186131387,5.933981675326929
528,69,41.39826071583986,96.12961678633594,43.124276620370374,99.54185956790124,3.8239419063365343
529,70,43.90131353021978,23.50705324948489,47.58409992784993,17.651402417027416,6.917482368768966
530,71,40.96564345472441,30.28420275590551,42.0908826462766,34.059175531914896,3.9391093787577165
531,72,40.96207157258064,41.53645833333333,41.48116438356164,43.46104452054795,1.9933613165779673
532,73,41.14456917475729,86.49594205097088,42.12685032894737,89.20127467105263,2.87814190948873
533,74,43.59861031105991,77.49459965437788,47.79341264204545,74.15897253787878,5.3593632883362
534,75,42.75316922169811,51.65831367924528,43.80170036764706,49.63618259803921,2.2778129145310926
535,76,41.48116438356164,43.46104452054795,42.99948098776224,46.07053103146853,3.019056998678183
536,77,43.124276620370374,99.54185956790124,46.69867621527778,99.23171055169753,3.587830106948539
537,78,44.15318528938907,1.4061243971061095,47.32185132575758,1.9102154356060608,3.208512462985185
538,79,45.81600040584416,12.44242086038961,47.58409992784993,17.651402417027416,5.500878545933356
539,80,45.869045813106794,87.2364229368932,48.298507771164026,83.96215691137566,4.077144026338248
540,81,42.0908826462766,34.059175531914896,45.863013174019606,36.645986519607845,4.573899846343353
541,82,48.21968575159854,58.25140674954328,49.903944672131146,62.94985911885246,4.991210552367102
542,83,46.73344323394495,42.45717459862385,47.267950148809526,41.05747767857143,1.4982820529000136
543,84,47.58409992784993,17.651402417027416,52.372566598360656,15.35530619482976,5.3105057119056465
544,85,47.79341264204545,74.15897253787878,52.092398167707564,77.10122382439383,5.209425993605415
545,86,47.32185132575758,1.9102154356060608,49.96744791666667,1.312934027777778,2.7121811152589266
546,87,48.298507771164026,83.96215691137566,52.26986193783068,83.68365575396825,3.9811074855846242
547,88,49.362327938988095,94.64692615327381,51.16333674863388,96.17886569330601,2.3644177902257058
548,89,49.903944672131146,62.94985911885246,53.49400759481424,66.30133755804954,4.911309348557344
549,90,45.863013174019606,36.645986519607845,50.13970269097222,31.97564019097222,6.332630421381988
550,91,51.60579091494846,9.318045839469809,55.89792351973685,9.832442434210527,4.322846996340307
551,92,49.362327938988095,94.64692615327381,51.98756297229219,90.17238664987406,5.187809050800934
552,93,52.092398167707564,77.10122382439383,55.316912375415285,74.2476251038206,4.305870125046281
553,94,52.26986193783068,83.68365575396825,56.12495236280488,84.63700457317073,3.971220990552208
554,95,53.49400759481424,66.30133755804954,56.081851269197955,68.86782076578498,3.644690787794741
555,96,54.371389958530806,5.23178317535545,57.33850990853659,2.293050413763066,4.176116741876203
556,97,53.593953450520836,48.80167643229167,54.41257642663043,52.352241847826086,3.643714910226049
557,98,53.593953450520836,48.80167643229167,55.06928066037736,43.9427329009434,5.07798410956299
558,99,55.89792351973685,9.832442434210527,59.004934210526315,10.092002467105262,3.1178336779495424
559,100,55.859375,25.270917338709676,59.42214439655172,23.430765086206897,4.009923451313825
560,101,56.12495236280488,84.63700457317073,59.676535087719294,84.64055646929825,3.55158450101875
561,102,57.33850990853659,2.293050413763066,60.71630271084337,3.7953572100903616,3.6968107776307315
562,103,50.13970269097222,31.97564019097222,58.124772892441854,35.20091448643411,8.611837225782052
563,104,59.01292335115864,96.32457386363636,61.293316831683164,99.10175587871286,3.593457161409212
564,105,59.42214439655172,23.430765086206897,62.97318892045455,23.753551136363637,3.565684793264265
565,106,61.244771938131315,48.109513099747474,64.91552146084338,50.729480421686745,4.509837117515491
566,107,61.01326234879032,14.140782510080646,64.02647569444444,15.098813657407407,3.1618472995507427
567,108,62.59695368705036,18.68114883093525,64.02647569444444,15.098813657407407,3.857027153795883
568,109,61.01326234879032,14.140782510080646,62.87699854651163,10.88266974667774,3.753506546383742
569,110,59.01292335115864,96.32457386363636,64.08855921495957,91.84721666526279,6.768220364595838
570,111,62.68609964622641,54.19111143867924,64.91552146084338,50.729480421686745,4.117427707354978
571,112,63.04732921511628,68.52213541666666,64.83774038461539,69.53125,2.0552090886727736
572,113,64.05464560991958,73.70585832774799,66.46302688953489,74.06431686046511,2.434911273060932
573,114,59.676535087719294,84.64055646929825,64.30793871421268,81.79399923312883,5.43624757073153
574,115,60.71630271084337,3.7953572100903616,66.22256324404762,5.135334475359912,5.666960749022525
575,116,64.91552146084338,50.729480421686745,67.2317216981132,52.95271963443396,3.2105414085829405
576,117,65.14774445564517,60.84456905241935,65.93551178892216,57.775659618263475,3.168403775788256
577,118,66.4322319380734,28.237887041284402,70.34073795180723,27.22903332078313,4.036608116818232
578,119,66.46302688953489,74.06431686046511,68.6314197242952,77.07821569237147,3.712884815720302
579,120,64.02647569444444,15.098813657407407,67.44773706896552,18.321928879310345,4.7003724455038975
580,121,67.2317216981132,52.95271963443396,69.56676136363636,51.725260416666664,2.638004240111906
581,122,67.21923828125,65.64453125,67.51621791294643,68.59305245535714,2.963439589410123
582,123,64.83774038461539,69.53125,67.51621791294643,68.59305245535714,2.8380374385388727
583,124,68.32519021029259,41.10838313087774,72.10668103448276,36.46753771551724,5.986411197262265
584,125,65.14774445564517,60.84456905241935,68.31827388468014,60.74251630892255,3.172171436545014
585,126,69.5625,23.583333333333336,70.34073795180723,27.22903332078313,3.72783887904568
586,127,70.94987896126761,98.80776848591549,73.49423882681563,93.44993889664805,5.931281904701662
587,128,71.51641845703125,91.54205322265625,73.49423882681563,93.44993889664805,2.748054067910087
588,129,72.10668103448276,36.46753771551724,76.55324835526316,34.44592927631579,4.88455336951934
589,130,72.85406650641025,51.10176282051282,73.5322411380597,55.74532124533582,4.692819586960226
590,131,69.56676136363636,51.725260416666664,72.85406650641025,51.10176282051282,3.3459115879110253
591,132,66.22256324404762,5.135334475359912,73.05983821902655,1.933248064159292,7.549946123534185
592,133,74.29398970170455,61.16499467329546,77.35685022865853,63.10261051829268,3.624288864088675
593,134,74.29242050438597,12.943736293859647,77.92228929924242,7.782907196969697,6.309524897738225
594,135,74.29242050438597,12.943736293859647,77.2308319894109,18.561248630720545,6.339614097885679
595,136,71.51641845703125,91.54205322265625,75.20040760869566,87.12805706521739,5.749359803270797
596,137,75.48608672752809,71.56557233146067,77.36460861650485,74.13531553398059,3.1831469671163717
597,138,77.36460861650485,74.13531553398059,78.69152046783626,72.94636330409357,1.7816572246526676
598,139,77.64337713068183,40.00429095643939,83.14701312154696,41.312910048342545,5.657074601562149
599,140,77.92228929924242,7.782907196969697,83.92615685096155,7.091346153846153,6.0435653595333845
600,141,77.36460861650485,74.13531553398059,77.74956597222223,78.83897569444444,4.719386726138878
601,142,78.96102017195767,50.72441302910053,79.10580842391305,45.928158967391305,4.798438981832175
602,143,78.70736471036585,57.61242378048781,83.0348761506783,57.9475343689438,4.340467068476657
603,144,80.05069346910112,25.82075140449438,82.64936325867052,23.19138367052023,3.696844513322814
604,145,75.20040760869566,87.12805706521739,81.0391865079365,85.79954117063492,5.988012484654534
605,146,83.0348761506783,57.9475343689438,85.26215889084507,56.73828125,2.5343799064702486
606,147,77.2308319894109,18.561248630720545,83.98040490098492,15.325359846500419,7.4851660444171335
607,148,83.92615685096155,7.091346153846153,84.26148504273505,2.7193509615384617,4.384836024044645
608,149,83.92615685096155,7.091346153846153,87.15498096446701,6.322126824238579,3.319187179566151
609,150,86.49455462905237,34.00517261533666,90.34382370283018,40.70002948113208,7.722563101446979
610,151,85.00770246478874,92.5629951584507,86.12579528443113,95.03298091317365,2.711265605187029
611,152,83.14701312154696,41.312910048342545,85.58443509615384,46.54747596153846,5.774227756322839
612,153,86.53772865853658,68.8087525406504,87.89147418478261,70.63366168478261,2.2722060501126373
613,154,87.72544049202128,61.35617519946809,88.51143973214286,59.67145647321429,1.8590513688604526
614,155,88.017578125,86.84678819444444,88.52631191037736,81.42043779481132,5.450145752544879
615,156,88.52631191037736,81.42043779481132,92.77243073453609,82.86686533505154,4.485719306648655
616,157,87.15498096446701,6.322126824238579,92.37832572670688,8.375452186537474,5.612439358129275
617,158,83.98040490098492,15.325359846500419,90.8470467641844,18.87106604609929,7.728052984505061
618,159,90.34382370283018,40.70002948113208,94.93943495952463,39.98137029581467,4.65146362420451
619,160,87.72544049202128,61.35617519946809,90.85960960960962,62.66745260885885,3.3974202716212503
620,161,92.72440421481093,77.49433757878151,92.77243073453609,82.86686533505154,5.372742413189821
621,162,88.51143973214286,59.67145647321429,93.63347172816016,57.19663871194574,5.688579323496793
622,163,92.77243073453609,82.86686533505154,96.82115216121495,81.41701956775701,4.300488104830713
623,164,93.35133272058823,90.04595588235294,94.22242254273505,92.35749421296296,2.4702240651663794
624,165,93.9239501953125,68.6431884765625,98.76528711761603,69.01103474419831,4.8552913477847035
625,166,95.26596966911765,32.72633272058824,96.22022284836066,29.067943135245898,3.780795351276854
626,167,94.93943495952463,39.98137029581467,96.2799072265625,47.59521484375,7.730943972040036
627,168,90.8470467641844,18.87106604609929,97.85634068080357,14.99696568080357,8.00867372602598
628,169,97.0851663632686,94.3040174959547,99.06058933423914,91.79475203804348,3.1935417724689956
629,170,92.37832572670688,8.375452186537474,96.81140988372093,3.628421753875969,6.49511609378797
630,171,96.92125822368422,64.54564144736842,98.76528711761603,69.01103474419831,4.831167545948774
631,172,98.19461430344626,74.61450879818925,98.76528711761603,69.01103474419831,5.63245851601076
632,1,1.8829166125822083,5.589087919695396,8.965920275590552,5.667138287401575,7.083433683609148
633,2,0.7856489301801802,50.3783079954955,4.671681771338506,50.69675982056256,3.899059220818478
634,3,0.8062938638088012,68.81253556525037,1.2798652447089947,62.75705811838625,6.073967151894046
635,4,4.283188328598484,98.45701275449811,4.884097450657895,89.88358347039474,8.594462255574545
636,5,3.1797211745689653,89.87321524784483,4.884097450657895,89.88358347039474,1.704407812271937
637,6,4.884097450657895,89.88358347039474,6.2409924372146115,82.12484838755708,7.876492499215533
638,7,6.155732452681388,12.178997436908517,8.965920275590552,5.667138287401575,7.092352584512719
639,8,6.380208333333333,37.334408967391305,7.743716032608695,38.74575407608696,1.9624087907014542
640,9,7.415439662273476,26.647285574546952,16.37567866793435,26.63169598178543,8.96025256753229
641,10,8.884652791903987,59.467173515052885,10.296630859375,63.72314453125,4.48407976665548
642,11,12.578798491379311,16.344962284482758,13.97257931073073,10.634197739917292,5.878388950712425
643,12,4.671681771338506,50.69675982056256,8.092408932135728,46.87558476796407,5.128620973635789
644,13,8.965920275590552,5.667138287401575,11.311420641447368,0.4278885690789474,5.74030570415707
645,14,9.359326774691358,68.56553819444444,11.434533461084905,67.48046875,2.3417639698567956
646,15,11.977261798331167,89.30416429616385,15.308634440104166,93.11319986979166,5.060315768755523
647,16,7.743716032608695,38.74575407608696,11.166409594034244,37.987497491974324,3.5056788590477117
648,17,10.296630859375,63.72314453125,11.434533461084905,67.48046875,3.925851196337361
649,18,12.578798491379311,16.344962284482758,14.925473848368522,20.46657569577735,4.742845384709888
650,19,13.098958333333332,53.83951822916667,13.772135416666668,57.42838541666667,3.6514565689652305
651,20,13.772135416666668,57.42838541666667,14.336805555555557,59.94227430555556,2.576526675862638
652,21,16.37567866793435,26.63169598178543,21.894301920254403,29.43905944227006,6.191646969935528
653,22,11.977261798331167,89.30416429616385,16.76190653720396,83.23194895501945,7.730758334500733
654,23,15.308634440104166,93.11319986979166,16.31883741258741,96.81148929195804,3.8337781229123986
655,24,13.098958333333332,53.83951822916667,16.777304478049597,54.69149264829088,3.77572387380103
656,25,15.704055059523808,42.30375744047619,19.42039022640306,45.02376634247449,4.605387660070914
657,26,16.963355654761905,69.13597470238095,18.128551136363637,72.07071603822314,3.1575919968618256
658,27,17.097177618577074,34.30127532114625,21.894301920254403,29.43905944227006,6.830340022175975
659,28,16.777304478049597,54.69149264829088,18.035888671875,49.93896484375,4.916355835970515
660,29,19.42039022640306,45.02376634247449,20.176617830258696,40.8051960745335,4.285815592671826
661,30,20.575161637931032,21.9817224801061,24.29696337669683,21.605451074660635,3.7407737639739755
662,31,23.754199609151915,94.71409752462878,31.14055681109726,94.02377844451372,7.418545217702779
663,32,21.894301920254403,29.43905944227006,24.507068452380953,29.432896205357146,2.612773801324915
664,33,18.128551136363637,72.07071603822314,23.03032309322034,70.46312235169492,5.158655423459896
665,34,24.308725421348313,59.94228405898876,26.688005915317557,64.17584448941469,4.8563370545145155
666,35,24.38342524509804,8.222911560457517,26.90370858433735,8.580807605421686,2.5455682448224093
667,36,24.308725421348313,59.94228405898876,25.408178049215408,54.59290856811697,5.46119164864809
668,37,24.630576685855264,26.081928453947366,27.520586993243246,24.788348616473616,3.1663083192777357
669,38,25.374511718749996,47.1082763671875,28.202364042207794,43.212256493506494,4.814116701888626
670,39,24.29696337669683,21.605451074660635,25.22373484141791,17.153976212686565,4.546925752044814
671,40,25.960979055851062,76.70534823803192,28.301325774944974,72.1483371927733,5.122848078186848
672,41,26.90370858433735,8.580807605421686,27.16040328557312,12.151062252964428,3.5794706896331836
673,42,28.036293379380055,4.978626179245283,29.309788223140497,3.125,2.2489373333794562
674,43,24.507068452380953,29.432896205357146,27.8671875,31.833007812500004,4.1292778716034855
675,44,28.202364042207794,43.212256493506494,31.16049794980119,43.02207587806494,2.964241029630267
676,45,25.960979055851062,76.70534823803192,30.84397856562373,82.98338851711704,7.953456730142891
677,46,31.14055681109726,94.02377844451372,33.541304976851855,98.53817033179013,5.11305445573202
678,47,31.090584856719367,17.79492444828722,33.427091130239525,17.07463978293413,2.4450095225462527
679,48,27.16040328557312,12.151062252964428,31.251524047118846,10.816865808823529,4.303178968751902
680,49,32.555450790229884,62.23509339080459,33.291082512842465,56.228094231592465,6.051875158171163
681,50,27.8671875,31.833007812500004,34.43804868717783,32.214397417311,6.581920295158396
682,51,27.520586993243246,24.788348616473616,33.03625085851649,23.74549278846154,5.613385444871899
683,52,33.541304976851855,98.53817033179013,37.37135667067308,99.20090895432693,3.886967771817102
684,53,35.62472683566433,1.7175207604895104,37.25060096153846,5.2313701923076925,3.8717702027207035
685,54,36.50928442028986,50.437330163043484,40.79634558150183,53.75708276098901,5.4221444753472055
686,55,37.37135667067308,99.20090895432693,39.07025049603175,99.57992311507937,1.7406584857152976
687,56,37.91173986486486,12.580940315315313,40.841053650442475,9.707722621681416,4.103201088100113
688,57,38.86019736842105,38.63651315789474,43.52172074044586,39.08053841560509,4.6826230445572135
689,58,39.02088139681208,73.69212720218121,45.167884414867515,70.38092645976447,6.982098284940124
690,59,40.04599334638747,65.49812180306905,45.167884414867515,70.38092645976447,7.076407947032315
691,60,40.79634558150183,53.75708276098901,42.39823190789473,56.9567228618421,3.5782309284996914
692,61,40.36865234375,26.121937144886363,45.858677455357146,22.8466796875,6.392783989643483
693,62,40.868489583333336,45.536458333333336,43.553307199646646,47.19764520759717,3.1571803027531944
694,63,43.07329963235294,87.56261488970588,43.773962507706536,83.04207045699754,4.574521880261285
695,64,43.557924723756905,1.0418465124309393,48.7643659607438,5.1790095557851235,6.650048751813271
696,65,43.553307199646646,47.19764520759717,46.36860706453634,47.41565828634085,2.823728569064535
697,66,43.52172074044586,39.08053841560509,45.916894063995215,38.936574835526315,2.399495939198811
698,67,45.167884414867515,70.38092645976447,51.16115663109756,73.13143102134147,6.594284434348493
699,68,44.81044671474359,30.788010817307693,47.225881177325576,30.75263444767442,2.4156935092343916
700,69,44.911728896103895,92.66183035714286,45.58162245639535,94.94004360465115,2.374660603800523
701,70,46.21999210624072,51.249651745913816,46.36860706453634,47.41565828634085,3.8368727179667412
702,71,45.858677455357146,22.8466796875,48.35754559046496,21.348287988544474,2.9136780261648765
703,72,43.773962507706536,83.04207045699754,46.07709099264706,77.69358915441177,5.823285418237192
704,73,40.841053650442475,9.707722621681416,45.68581882911392,11.192147943037975,5.067076886248312
705,74,45.58162245639535,94.94004360465115,47.899613224981046,97.49751231993935,3.4516267806537755
706,75,45.916894063995215,38.936574835526315,47.0104289504717,42.521005306603776,3.7475272313793417
707,76,43.07329963235294,87.56261488970588,48.291015625,87.02566964285714,5.24527123970137
708,77,48.42247596153847,57.84930889423077,54.071573572834644,59.61568036417323,5.918815083424965
709,78,48.7643659607438,5.1790095557851235,50.503200954861114,6.502278645833333,2.1850831154544172
710,79,51.79855162838856,45.0037944747741,54.343503659909906,42.793672578828826,3.3706705026865738
711,80,51.16115663109756,73.13143102134147,57.154124464756265,74.47041749011858,6.140728639081529
712,81,51.55558628318584,91.6162541482301,54.39736186594203,89.50266077898551,3.5416049177264175
713,82,48.291015625,87.02566964285714,51.82769495412845,81.36199111238533,6.677226607927262
714,83,52.39438657407407,29.257089120370374,55.94106820913461,30.425555889423077,3.7342020848979516
715,84,52.07473466981132,25.497494103773583,52.39438657407407,29.257089120370374,3.77315942264811
716,85,51.79855162838856,45.0037944747741,53.619747453310694,47.97591256366724,3.4857194618958696
717,86,53.01585477941176,64.75183823529412,54.24380095108695,63.91070822010869,1.4884056916639274
718,87,53.39968607305936,10.820669235159817,56.16006540697674,8.815861191860465,3.4115904440005633
719,88,54.071573572834644,59.61568036417323,54.4713820400102,55.023672432466874,4.609379964298814
720,89,53.01585477941176,64.75183823529412,54.159774531758956,66.83091154315962,2.3729935143798513
721,90,53.65084134615385,99.50957245879121,54.3701171875,94.68929893092105,4.873642848981655
722,91,53.39968607305936,10.820669235159817,53.7562358810241,14.740210843373495,3.935725369493906
723,92,54.071573572834644,59.61568036417323,58.00453103998656,59.39587008568549,3.9390952002909136
724,93,51.55558628318584,91.6162541482301,54.3701171875,94.68929893092105,4.167155918340903
725,94,54.39736186594203,89.50266077898551,55.97234987745098,90.09315640318627,1.682044089373747
726,95,56.16006540697674,8.815861191860465,58.3229040250809,7.019240493527508,2.811710657525255
727,96,52.07473466981132,25.497494103773583,56.571726418711656,22.15778374233129,5.60148195462618
728,97,57.095703125,65.657421875,58.667834051724135,62.99669989224138,3.0904752256404584
729,98,58.00453103998656,59.39587008568549,58.667834051724135,62.99669989224138,3.6614131399176313
730,99,60.45002840003188,15.898910833864797,63.34491540055248,9.948528142265193,6.617206731111796
731,100,59.472051941522274,34.871137260210396,60.657649253731336,38.39202425373134,3.715142824692255
732,101,59.68001841620626,80.4935687154696,63.510558134700666,84.49820710920177,5.541675125764495
733,102,59.635799632352935,43.067555147058826,62.6850449036215,42.19868027161215,3.1706214333370313
734,103,60.807291666666664,1.5664457070707072,62.46640624999999,4.1031249999999995,3.031072918259406
735,104,61.75560141509434,65.85654972484278,63.52707435344828,68.33411907327587,3.045729181594371
736,105,63.279992623390555,55.68376140021459,66.21791294642857,56.855701264880956,3.1630394987913113
737,106,62.53092447916667,24.986979166666668,65.02884265988372,25.649823843528818,2.5843680665108972
738,107,62.831792335626915,59.71515433868502,63.279992623390555,55.68376140021459,4.056231320117309
739,108,58.3229040250809,7.019240493527508,63.34491540055248,9.948528142265193,5.813890640905891
740,109,63.65685096153846,96.88090230082418,63.99078369140625,90.8416748046875,6.048452679666946
741,110,62.46640624999999,4.1031249999999995,64.57618775406505,1.6021976626016259,3.2719742575150987
742,111,65.75107699671773,74.07429567833698,68.43454071969697,74.99704071969697,2.837681441582206
743,112,62.6850449036215,42.19868027161215,66.22738196730951,45.19261156514581,4.638078962585471
744,113,61.75560141509434,65.85654972484278,65.91796875,64.38265141752578,4.415617516384493
745,114,66.09589741492147,79.42418602748691,70.21959092881944,77.4169921875,4.586248500446266
746,115,66.21791294642857,56.855701264880956,68.60706018518519,54.81785300925925,3.140199044869413
747,116,67.49405251409775,29.04575892857143,69.73325128424658,27.70226883561644,2.6113170550709177
748,117,69.0402650173039,16.10903252719183,70.59158397511848,8.590510219194313,7.676898345343075
749,118,70.82155051084237,60.769879847789824,75.64383370535714,63.316824776785715,5.453562475981874
750,119,69.2215173705722,69.06465535592643,72.33442351445396,71.2940812366167,3.828906425875197
751,120,67.49405251409775,29.04575892857143,68.8224592292274,34.59138119533527,5.70250740695955
752,121,69.08772264120667,24.3490001203466,69.73325128424658,27.70226883561644,3.41483796186472
753,122,69.29132908950618,87.7001350308642,72.20322484025559,86.45058531349841,3.1686765943215853
754,123,63.65685096153846,96.88090230082418,70.87137276785714,96.76750837053572,7.215412883354223
755,124,68.43454071969697,74.99704071969697,70.21959092881944,77.4169921875,3.007086522800802
756,125,70.59158397511848,8.590510219194313,70.91575243794325,5.997201906028369,2.6134906159054343
757,126,66.22738196730951,45.19261156514581,73.46599770964478,44.36509386241007,7.285763063229898
758,127,73.5165195610687,82.83262762404581,73.83386948529412,79.10730698529412,3.7388132924652986
759,128,73.83386948529412,79.10730698529412,76.36506453804348,78.13667629076086,2.710917250716623
760,129,69.08772264120667,24.3490001203466,74.901123046875,24.35546875,5.813404004522154
761,130,76.298225544809,53.642262487757094,80.32562022900763,53.465678673664115,4.031264043164498
762,131,75.51618303571429,67.7418819090136,78.10724431818183,70.39905894886364,3.7113593723336042
763,132,75.64383370535714,63.316824776785715,77.06653225806451,60.81096690188173,2.8815611846868707
764,133,70.91575243794325,5.997201906028369,77.40783349664054,4.796857502799552,6.602116566606399
765,134,79.52134801288938,36.240853249194416,80.70379870648355,43.29571597532737,7.1532704217973935
766,135,70.87137276785714,96.76750837053572,79.75533980123942,96.15462278944982,8.905082761306945
767,136,79.52134801288938,36.240853249194416,83.37458041230988,34.99890461620723,4.048436282186336
768,137,73.5165195610687,82.83262762404581,79.77045530913979,83.83946572580645,6.334464089736272
769,138,77.40783349664054,4.796857502799552,81.13748301630434,12.586434879658384,8.636422942954997
770,139,81.105928792061,30.438867803627762,83.37458041230988,34.99890461620723,5.093202912327157
771,140,83.50117229821235,68.45555000677139,83.58877144607844,64.87553615196079,3.581085423631046
772,141,83.19652022946859,59.909986413043484,83.58877144607844,64.87553615196079,4.981018492898178
773,142,85.17860504518072,2.5837725903614457,86.70099431818183,4.298240821678322,2.2928302193454355
774,143,80.32562022900763,53.465678673664115,85.31170280612244,53.16884566326531,4.99491033972286
775,144,88.47315540931064,17.99087556483817,90.7518524484536,16.95997100515464,2.5010446632108043
776,145,87.05171625664893,78.06526346409575,89.50006474447514,76.75835203729282,2.775324808981628
777,146,87.05171625664893,78.06526346409575,87.20783832644628,81.98363248966942,3.921478027638687
778,147,83.37458041230988,34.99890461620723,87.59677646396396,36.175922015765764,4.383184853216536
779,148,87.59677646396396,36.175922015765764,88.38231286337209,43.02098473837209,6.889989195289774
780,149,88.55503627232143,64.36244419642857,92.92678296984778,63.86238473360656,4.400253248813113
781,150,85.31170280612244,53.16884566326531,90.25368220732119,51.98633603238867,5.081484962979683
782,151,90.0388667960922,69.65845754008016,94.55578432881774,71.09663639162561,4.74034834231368
783,152,89.86611402671755,98.7722149332061,94.55779246794872,94.36247996794872,6.4387583476728505
784,153,90.12871413934425,29.658683401639347,91.32862580128204,26.533703926282055,3.3474295687674522
785,154,90.63895089285714,7.842938311688312,92.43806537828947,2.9039884868421053,5.256428283924438
786,155,92.92678296984778,63.86238473360656,94.72095685422961,60.612372545317214,3.7123630144999384
787,156,92.43806537828947,2.9039884868421053,96.05071504237289,2.857817378456735,3.612944694657188
788,157,90.7518524484536,16.95997100515464,92.73920168821839,18.708468031609197,2.6470358615466614
789,158,93.55640076754386,13.834635416666666,96.70997012671087,13.0740750641574,3.2439870149071237
790,159,94.55779246794872,94.36247996794872,99.40293710443038,96.62158821202532,5.345932716269612
791,160,94.55578432881774,71.09663639162561,96.53645833333333,67.16500946969697,4.402358432181316
792,161,94.55779246794872,94.36247996794872,95.82622306890389,85.6803669827244,8.774280715684931
793,162,97.44940787942272,45.04259049115456,99.51995978375527,37.314164688818565,8.000984350112676
794,163,94.55578432881774,71.09663639162561,99.13162111086766,74.7589833479404,5.860978372625956
795,1,1.8926151032702239,0.9636201054216867,5.887471064814815,6.869907407407408,7.130435039118311
796,2,0.38095606435643564,46.33547339108911,9.410697395227007,40.800531140861466,10.591119592176613
797,3,1.0767886513157896,76.40470805921052,6.818804824561403,77.89542214912281,5.932367000757556
798,4,1.8892728365384617,10.918037041083917,6.449325770547945,12.379601883561644,4.788554536573166
799,5,5.887471064814815,6.869907407407408,6.449325770547945,12.379601883561644,5.538268134617443
800,6,5.027742759992599,32.856738064396744,5.928308823529411,28.553538602941174,4.3964240969071335
801,7,5.470633178374656,24.47701446280992,8.873485741852488,23.954089837049743,3.442797660768646
802,8,4.929024832589286,89.46184430803571,6.818804824561403,77.89542214912281,11.71978625983638
803,9,5.45555320945946,18.71040962837838,5.470633178374656,24.47701446280992,5.76662455184588
804,10,5.470633178374656,24.47701446280992,5.928308823529411,28.553538602941174,4.10213554886241
805,11,5.712139423076923,64.91586538461539,9.033659462616821,67.06976489485982,3.9587597140135085
806,12,7.466700819672131,56.47252817622951,10.420262536337209,54.56202307412791,3.5176066521579425
807,13,9.410697395227007,40.800531140861466,11.686683768656717,39.2099560789801,2.776696418320993
808,14,9.033659462616821,67.06976489485982,10.755750868055555,65.24160879629629,2.5115241446979892
809,15,9.712357954545455,64.17157061688312,10.755750868055555,65.24160879629629,1.4945402227323776
810,16,6.818804824561403,77.89542214912281,12.962856950431034,77.15558131927341,6.188436068904274
811,17,12.372816190944883,98.53684793307087,16.653154481132077,98.39174282625787,4.282797143277492
812,18,12.369194380733944,8.306156823394495,14.242015165441178,4.443359375,4.29286172837589
813,19,12.431640625,32.21958705357143,13.382161458333334,27.478841145833332,4.835096856975691
814,20,13.382161458333334,27.478841145833332,17.261646412037038,25.023509837962965,4.591193236776453
815,21,10.755750868055555,65.24160879629629,14.256143162393162,61.88818776709402,4.8474920127168994
816,22,15.710607751623376,15.513392857142858,19.64782489621771,20.48781278828413,6.344015486663249
817,23,18.40307008937614,45.66991356719668,23.338268649193548,47.45148689516129,5.2469217973721225
818,24,15.881940230582526,50.346063410194176,16.75347222222222,52.8616240530303,2.662257192729047
819,25,16.653154481132077,98.39174282625787,18.676616690751445,98.78070809248555,2.0605080179628694
820,26,17.28962905534351,21.80939885496183,19.64782489621771,20.48781278828413,2.703271602254018
821,27,17.261646412037038,25.023509837962965,17.28962905534351,21.80939885496183,3.214232791721056
822,28,19.715305295389047,36.48748480277377,23.676120923913043,39.076936141304344,4.7321579303503505
823,29,14.242015165441178,4.443359375,17.904626317771086,1.658391378012048,4.601170198701468
824,30,14.256143162393162,61.88818776709402,19.070073341836736,60.84917091836735,4.92478220680829
825,31,18.7164306640625,91.796875,22.586192255434785,90.93849071557972,3.96382118085565
826,32,19.712250808189655,86.63287984913794,22.513834635416664,86.94661458333334,2.8190958522938887
827,33,12.962856950431034,77.15558131927341,20.017178087349397,75.70712537650603,7.201490909590272
828,34,19.712250808189655,86.63287984913794,20.507389745670995,83.9163115530303,2.8305457490236927
829,35,21.867686536343612,67.52693075440529,24.261025432900432,62.132626488095234,5.901405730103862
830,36,22.05110143442623,94.38396516393442,22.586192255434785,90.93849071557972,3.4867773603992585
831,37,22.72527405104712,16.505440117801047,24.91172947654462,17.95735304633867,2.6246215879136106
832,38,23.751445453519857,31.190947935469314,24.968560174639332,25.61307659453303,5.709117001814212
833,39,24.24366486378205,11.588040865384615,28.06003376588983,10.31783798993644,4.022199266790761
834,40,24.24366486378205,11.588040865384615,24.36806896652622,6.779611423220974,4.810038469809334
835,41,19.070073341836736,60.84917091836735,24.261025432900432,62.132626488095234,5.347264890687958
836,42,22.513834635416664,86.94661458333334,25.757186428647955,83.4490128495286,4.769963180462769
837,43,23.338268649193548,47.45148689516129,27.420306797445253,52.83032048357664,6.75239855278459
838,44,29.2573834560659,79.97803100037444,32.043242872807014,83.6168791118421,4.582818812497056
839,45,30.917296144987937,66.54824677149594,35.654017857142854,63.80887276785714,5.471809802086684
840,46,22.05110143442623,94.38396516393442,29.23273772689769,98.69308219884488,8.375224740739721
841,47,30.851661236176938,46.54446522018168,36.05527149086379,44.497670525332225,5.5916838434899026
842,48,24.968560174639332,25.61307659453303,30.1469494047619,28.813244047619047,6.087428582450925
843,49,24.91172947654462,17.95735304633867,30.117958470394733,16.877826891447366,5.316972546054752
844,50,31.306995524969917,36.96059905234657,34.37906901041667,33.43098958333333,4.679292521710187
845,51,32.85324622844827,75.6091729525862,37.169442806603776,76.40747838050315,4.389401378038114
846,52,33.94587397330596,5.2345354209445585,36.813038793103445,5.389614762931035,2.8713557261675775
847,53,33.39785621279761,10.242861793154761,36.84951006355932,6.978283898305085,4.750934975035888
848,54,34.37906901041667,33.43098958333333,37.43185925839552,30.143715018656714,4.486167892725888
849,55,36.05527149086379,44.497670525332225,39.959032012195124,44.55792682926829,3.9042255352462836
850,56,35.32986111111111,40.16039299242424,36.05527149086379,44.497670525332225,4.3975216448041845
851,57,36.813038793103445,5.389614762931035,36.8359375,0.5560661764705882,4.833602826924375
852,58,36.813038793103445,5.389614762931035,36.84951006355932,6.978283898305085,1.5890877179245952
853,59,37.14899027122642,52.105137087264154,42.67274844720497,50.01698369565217,5.90527636724908
854,60,36.884765625,93.91322544642857,39.34768589895636,93.72350124525617,2.4702169031029997
855,61,38.00951086956522,15.367060122282608,40.44179990310077,14.68288214631783,2.5266834873906525
856,62,38.82640165441176,89.20812270220588,39.12447415865385,84.92337740384616,4.295100637889749
857,63,38.00951086956522,15.367060122282608,39.41775977366255,19.384363747427983,4.256981723298506
858,64,39.41775977366255,19.384363747427983,40.65729576771653,23.88195127952756,4.665269883881633
859,65,36.84951006355932,6.978283898305085,40.694259751773046,7.151069370567376,3.8486302738044946
860,66,35.32986111111111,40.16039299242424,40.68784808168317,37.02622215346535,6.207338497665506
861,67,40.95982142857143,3.2428850446428568,43.68489583333333,4.049479166666667,2.8419402859968383
862,68,37.43185925839552,30.143715018656714,43.08141759923986,29.672901050464528,5.669142372462411
863,69,45.61623965992647,50.81051097196691,46.059804722882696,58.6010255675385,7.803131911539703
864,70,42.67274844720497,50.01698369565217,45.61623965992647,50.81051097196691,3.048577710609361
865,71,42.642106681034484,68.45927622126436,47.05917300380228,74.61550172290875,7.5769114635731425
866,72,43.75546175894854,92.67206725391499,46.2890625,91.38001399253731,2.844034870618359
867,73,44.140625,80.50413269927536,48.59206989247312,79.80867775537635,4.505443286705381
868,74,40.44179990310077,14.68288214631783,44.85911608429395,11.061892110951009,5.711764270420907
869,75,44.85911608429395,11.061892110951009,48.12296574335675,16.42259563989004,6.2761339152494005
870,76,44.8857276119403,44.14208255597015,46.676199776785715,40.58198474702381,3.9849826828169235
871,77,47.05917300380228,74.61550172290875,48.59206989247312,79.80867775537635,5.41468837288838
872,78,46.2890625,91.38001399253731,48.69813661317568,91.43726245777027,2.4097542342622185
873,79,48.318063274416915,84.73943148688046,50.877770712209305,87.52498183139535,3.783040164856394
874,80,45.61623965992647,50.81051097196691,49.03901690175097,49.84458596789883,3.556461044442305
875,81,50.9033203125,6.739908854166667,54.80225988700565,3.734661899717514,4.922726791410647
876,82,47.05917300380228,74.61550172290875,53.50833308719282,73.14822335775048,6.6139679151065875
877,83,49.03901690175097,49.84458596789883,51.810941547927456,45.19258014896373,5.415230778414405
878,84,51.81069186681223,30.876859306768562,54.026442307692314,28.443509615384617,3.2910090757727524
879,85,52.55524861878453,64.9768358655617,54.93273288628831,59.525489333057166,5.947235530872908
880,86,54.93273288628831,59.525489333057166,59.33885610419294,59.247788264501885,4.414865761813709
881,87,52.49549278846154,27.645733173076927,54.026442307692314,28.443509615384617,1.7263411257147445
882,88,53.81023503151261,91.5030856092437,55.51802608944955,95.67893491972477,4.511570431835749
883,89,55.23648648648649,13.479801712223589,61.26277608082707,16.88278312969925,6.9207260314610135
884,90,54.80225988700565,3.734661899717514,58.726058467741936,2.510710685483871,4.110261777187938
885,91,55.51802608944955,95.67893491972477,57.20323835100446,97.711181640625,2.6400695258088898
886,92,55.687957114361694,23.282704454787233,56.178212955298015,26.961532491721858,3.711351036335478
887,93,54.026442307692314,28.443509615384617,56.178212955298015,26.961532491721858,2.612732882435018
888,94,51.810941547927456,45.19258014896373,56.83243050759669,48.226540918508285,5.866879010446301
889,95,53.81023503151261,91.5030856092437,57.21711189516129,87.28983654953917,5.4183279342584765
890,96,58.726058467741936,2.510710685483871,61.00778290719697,4.4862689393939394,3.0181280344277295
891,97,53.50833308719282,73.14822335775048,60.64755497192923,71.75358593484178,7.274166801832135
892,98,61.00778290719697,4.4862689393939394,61.11570483576643,6.945711678832117,2.461809442512015
893,99,60.68913016732284,79.42759596456693,63.359543372844826,78.95886651400862,2.7112384598273436
894,100,60.87022569444444,38.19878472222222,64.71137152777777,41.85887896825397,5.305722495831145
895,101,61.26277608082707,16.88278312969925,63.51922785194175,12.691520024271844,4.760069433767072
896,102,62.4237060546875,0.917816162109375,65.07713188559322,3.5867981991525424,3.763526770753306
897,103,62.591552734375,81.93511962890625,63.359543372844826,78.95886651400862,3.073742380993428
898,104,62.62097714552238,89.41377098880598,67.19524366740089,86.95385634636564,5.193755313958367
899,105,64.28795855978261,49.01664402173913,66.82707796391753,50.74651659149485,3.0723909998643895
900,106,65.17366278108466,58.370019014550266,68.27325738472622,60.265726314841494,3.6333445852687065
901,107,57.20323835100446,97.711181640625,64.86046593468468,99.10085867117117,7.782309202126379
902,108,65.64203306686046,64.9402707122093,68.27325738472622,60.265726314841494,5.364206067433551
903,109,67.19524366740089,86.95385634636564,70.33056754976582,83.83388831967213,4.423172654884463
904,110,66.82222806490384,53.39918870192307,66.82707796391753,50.74651659149485,2.652676543976699
905,111,64.71137152777777,41.85887896825397,69.09543960813492,35.61972966269841,7.6254204467833
906,112,60.64755497192923,71.75358593484178,67.96462631957773,72.39327165307101,7.344979981231072
907,113,67.1643905057252,28.173455391221374,70.46313862761863,25.622803882535273,4.169839600087542
908,114,69.34574985047847,1.7199648624401913,71.0818407012195,5.636671112804878,4.284226802314809
909,115,66.82707796391753,50.74651659149485,69.80865036231883,47.41045818236715,4.474266384114852
910,116,70.33056754976582,83.83388831967213,71.93317819148936,85.69855385638297,2.4587269943535253
911,117,69.95142886513158,92.81198601973685,74.18659489329268,89.9241377667683,5.126041242349046
912,118,71.0818407012195,5.636671112804878,73.681640625,4.219933712121212,2.9607607985423177
913,119,66.82222806490384,53.39918870192307,71.78158967391305,53.77781080163043,4.973793548520202
914,120,73.681640625,4.219933712121212,75.2685546875,3.330965909090909,1.8189447480846628
915,121,74.18659489329268,89.9241377667683,78.10329861111111,89.23177083333333,3.9774288156655806
916,122,76.59615929705215,15.371005172902494,79.37246347402598,12.361759334415584,4.094316231012582
917,123,76.9281763229927,25.22382527372263,78.3852534164995,22.081184961133403,3.463995062169276
918,124,75.2685546875,3.330965909090909,78.79706184603886,5.487361617152466,4.135263621295056
919,125,78.10329861111111,89.23177083333333,78.46821905339806,83.73407160194175,5.50979707140313
920,126,78.95342693236715,60.308631491545896,81.99550083705357,61.00812639508929,3.121459075762045
921,127,78.96728515625,40.36407470703125,83.5028728893058,41.043840877110696,4.586244447282639
922,128,78.96728515625,40.36407470703125,81.20146338619404,35.269210587686565,5.563199866780063
923,129,82.17296511627907,50.57352228682171,84.80935167910447,51.2637010261194,2.725230412428439
924,130,79.37246347402598,12.361759334415584,81.59808168316832,15.966313428217822,4.23629397327575
925,131,82.25435697115384,77.23407451923077,83.27724962349397,78.41208584337349,1.5601346281715345
926,132,83.52067854020979,25.854321459790206,85.01953125,29.67698317307692,4.106008039431189
927,133,83.5028728893058,41.043840877110696,85.28584988317756,42.83458674065421,2.5270096375902806
928,134,83.3641258445946,73.9429370777027,84.96239505597015,74.4111473880597,1.665438490835268
929,135,84.76777918198529,68.40461282169117,88.28212193080357,64.996337890625,4.895604453170802
930,136,83.52067854020979,25.854321459790206,85.63383186005976,20.83570016807769,5.44536285501923
931,137,87.56480460761759,97.44236483895705,89.17561848958333,93.93229166666667,3.862037679407884
932,138,87.12479440789474,81.20631167763158,91.66775901845638,81.75990981543623,4.576570588442426
933,139,81.59808168316832,15.966313428217822,88.31340510670732,13.191930259146343,7.2658633796375955
934,140,88.28212193080357,64.996337890625,88.86617024739584,60.459391276041664,4.574384878832722
935,141,90.14078954585344,4.55714883172444,93.47967617753623,6.066009963768116,3.663990427801658
936,142,88.63002232142857,56.19272791353384,88.86617024739584,60.459391276041664,4.273193430200093
937,143,89.17561848958333,93.93229166666667,89.53314887152779,90.34016927083334,3.609871366220787
938,144,89.03245192307693,34.64650583791209,92.19292534722221,37.09774925595239,3.9996483044405973
939,145,85.28584988317756,42.83458674065421,89.2849682486631,41.083514371657756,4.365684613279631
940,146,89.2849682486631,41.083514371657756,89.53014964788733,45.71550396126761,4.63847404614703
941,147,89.53314887152779,90.34016927083334,92.2467116102812,88.75374148725835,3.143274701589026
942,148,91.66775901845638,81.75990981543623,95.05615234375,84.27077073317307,4.217301492081478
943,149,88.63002232142857,56.19272791353384,92.11801382211539,52.421687199519226,5.136811537872424
944,150,92.19292534722221,37.09774925595239,95.56387442129629,38.033492476851855,3.498415789390984
945,151,88.28212193080357,64.996337890625,93.40412745499181,63.66084671644845,5.293248271724873
946,152,94.5853428911205,78.70646416930937,98.15080054012346,77.01364776234568,3.946912164530541
947,153,93.47967617753623,6.066009963768116,94.5917450221239,5.0677544247787605,1.4943932669232267
948,154,94.33680943080357,40.6005859375,95.56387442129629,38.033492476851855,2.8452868619166285
949,155,94.17162698412699,73.90718005952381,94.18402777777779,70.95811631944444,2.949089812592031
950,156,94.29799107142857,96.13448660714286,97.69370719178082,95.49343161386986,3.4556966699090363
951,157,94.89676997346697,47.31191959021226,98.08152721774194,48.17288306451613,3.2990812067979207
952,158,96.0161884014423,28.378906250000004,99.63485054347827,25.907778532608695,4.3819160071667085
953,159,95.05615234375,84.27077073317307,95.34678357712765,87.6093438331117,3.3511993162819205
954,160,95.34678357712765,87.6093438331117,98.31173780487805,87.08317454268293,3.0112800757892395
955,161,95.56387442129629,38.033492476851855,96.75516540750915,35.63952323717949,2.6739975569041787
956,162,96.55809160127056,22.498160734304935,97.67913818359375,19.32220458984375,3.3680028015545442
957,163,94.5917450221239,5.0677544247787605,96.55477335164835,1.7112379807692308,3.8884036392100474
958,164,93.40412745499181,63.66084671644845,98.67302389705883,58.98887068414322,7.041919465860202
959,165,97.69370719178082,95.49343161386986,98.770751953125,97.015380859375,1.8644985716896125
960,166,94.18402777777779,70.95811631944444,98.36474609375,72.18798828125,4.35786538111735
961,167,98.31173780487805,87.08317454268293,99.79331007281553,91.29532008495146,4.4651121435383985
962,1,0.8777367140718563,15.177652507485028,6.296407895755886,14.46649676657373,5.46513859504442
963,2,0.5790051118827161,24.485194830246915,2.20959595959596,30.076152146464647,5.823884461801657
964,3,0.563502956081081,69.94219805743244,3.047648514851485,69.88803372524752,2.4847359883979143
965,4,0.23649284638554216,88.43185240963855,3.3199234312749,90.78490724601593,3.878712574402761
966,5,0.7035863681102362,93.07640255905511,3.3199234312749,90.78490724601593,3.477954916005905
967,6,1.7901532061688312,55.33019226866883,4.517029879385965,55.926192434210535,2.791249288089739
968,7,1.390438988095238,46.42237103174603,3.005642361111111,44.50819227430556,2.504588239938493
969,8,3.3199234312749,90.78490724601593,5.197875424208145,92.45881645927602,2.515685938665424
970,9,3.245907738095238,63.907645089285715,4.743806306306307,67.56932713963964,3.9562122742002686
971,10,8.968708797426007,37.00249429313602,11.647135416666666,30.011393229166668,7.486618945912123
972,11,4.472442793715848,51.81037610997268,4.517029879385965,55.926192434210535,4.116057825525699
973,12,4.676212237302977,81.2778773533275,10.485917595541402,78.60892714968153,6.3934319061898295
974,13,4.462756849315069,9.424497003424657,6.296407895755886,14.46649676657373,5.3650757470616215
975,14,4.517029879385965,55.926192434210535,5.325909514925374,58.00052472014925,2.226463720180078
976,15,3.047648514851485,69.88803372524752,4.743806306306307,67.56932713963964,2.8728646824475197
977,16,3.047648514851485,69.88803372524752,5.010516826923077,74.5159442608173,5.026968065919322
978,17,3.3199234312749,90.78490724601593,5.7415140086206895,88.81106321839081,3.124125664835091
979,18,8.580688978909464,54.348214859825106,11.21580364761092,57.101242534129696,3.810904183089954
980,19,4.743806306306307,67.56932713963964,7.275390625,69.29610402960526,3.0644212488453983
981,20,9.006426411290322,25.32132056451613,11.647135416666666,30.011393229166668,5.382390328727368
982,21,9.801277281746032,5.802021329365079,13.88332902892562,5.184659090909091,4.128472187156324
983,22,10.492144574175825,68.20323231456044,12.171810963114755,70.78957479508196,3.0839011989169514
984,23,10.485917595541402,78.60892714968153,13.395996093750002,75.22216796875,4.4652765441078826
985,24,11.21580364761092,57.101242534129696,12.001255580357142,60.359700520833336,3.3517880585991024
986,25,6.296407895755886,14.46649676657373,12.287775383141762,11.989530950670497,6.483197052539566
987,26,11.638239503816795,86.41459923664122,16.45113950276243,86.63242403314916,4.817826692796725
988,27,12.36938257405745,92.48607916292639,15.315065545550846,90.97590042372882,3.3102398693856823
989,28,12.001255580357142,60.359700520833336,14.78847287735849,58.91681407232704,3.1385508700651354
990,29,13.394489694148938,98.9003282912234,15.875611822289157,96.46201995481928,3.4786943754985025
991,30,13.395996093750002,75.22216796875,15.624246866966581,74.03398136246787,2.5252502687235827
992,31,13.88332902892562,5.184659090909091,16.161798367834397,3.9983081210191083,2.5688229117839745
993,32,14.549658764367814,20.41015625,20.14939328457447,22.708194813829788,6.052933828949636
994,33,15.315065545550846,90.97590042372882,16.45113950276243,86.63242403314916,4.489593655530219
995,34,15.624246866966581,74.03398136246787,17.07312178938356,79.08584385702055,5.255525968414271
996,35,20.04123263888889,16.15668402777778,20.19599321380697,10.871784936327078,5.287164574927228
997,36,11.647135416666666,30.011393229166668,16.818152060055866,27.57779766061452,5.715050351264172
998,37,17.445005793347875,52.175700313522356,22.046358142493638,53.154470817430024,4.704299643975596
999,38,18.159615904178676,67.63002071325649,22.428385416666664,69.45167824074075,4.6412098959416825
1000,39,21.273786662011172,71.45764228351955,22.428385416666664,69.45167824074075,2.3145172337171114
1001,40,16.818152060055866,27.57779766061452,20.14939328457447,22.708194813829788,5.90001694754737
1002,41,21.442681246904407,43.438167486998516,26.782399711879435,40.440769060283685,6.123478636662968
1003,42,21.143617021276594,97.66871675531915,21.906559641768293,95.2392578125,2.5464391210093136
1004,43,22.39090119949495,89.23709753787878,24.29719518442623,93.48344646516394,4.654614481269196
1005,44,25.890653498260946,32.04594648689345,31.992042286245354,26.46992623141264,8.265527631777307
1006,45,22.454044117647058,75.21714154411765,25.4978191053207,76.42882766946065,3.2760875204939794
1007,46,23.484700520833332,0.9494357638888888,24.852897547468356,2.2584553006329116,1.893540401277579
1008,47,24.021244427014533,82.2897746036988,26.400885783450708,84.44308428697182,3.2092733721730133
1009,48,21.906559641768293,95.2392578125,24.29719518442623,93.48344646516394,2.9661442623806256
1010,49,25.4978191053207,76.42882766946065,27.338169642857142,77.34793526785714,2.057097197130178
1011,50,20.14939328457447,22.708194813829788,26.85608878968254,20.257703993055557,7.140355023451958
1012,51,21.143617021276594,97.66871675531915,25.36186322773973,98.12112050513699,4.242436824655123
1013,52,26.049079517326735,64.51403929455446,26.56856903248588,61.38053937146892,3.176270001800437
1014,53,22.046358142493638,53.154470817430024,29.91918867971225,51.376339550884374,8.071134459840767
1015,54,24.852897547468356,2.2584553006329116,27.375300480769234,1.923828125,2.544502290153602
1016,55,27.201267930327873,6.592597336065574,29.310156250000002,7.2535156249999995,2.210027811928518
1017,56,27.338169642857142,77.34793526785714,29.91759417808219,76.35113441780823,2.7653287087757232
1018,57,31.992042286245354,26.46992623141264,34.701135023584904,22.40013266509434,4.889008399660582
1019,58,29.310156250000002,7.2535156249999995,31.676682692307693,8.013822115384615,2.485661554086251
1020,59,32.551980320411396,1.8956437895569622,34.55602134146341,3.1067390752032518,2.3415661863321096
1021,60,31.676682692307693,8.013822115384615,32.42811501597444,13.510570587060702,5.547872952576023
1022,61,33.21081446850393,63.29893577755905,37.48230865036232,59.195255887681164,5.9233310885209
1023,62,33.397649949596776,35.88394657258064,35.84440461881868,39.302348042582416,4.203816958606725
1024,63,34.701135023584904,22.40013266509434,38.8117396945837,18.579867827757194,5.61172827109721
1025,64,35.74925146732234,30.859746787753807,38.265380859375,28.627929687499996,3.363318998628679
1026,65,25.36186322773973,98.12112050513699,35.356385030864196,97.58752893518519,10.008755468920898
1027,66,35.292670562977094,73.20715052480917,36.871166764018696,73.26500438084112,1.57955605325057
1028,67,36.50124289772727,78.6044034090909,36.871166764018696,73.26500438084112,5.3521982072534176
1029,68,36.50124289772727,78.6044034090909,36.61073626893939,85.86055871212122,7.256981368312466
1030,69,36.871166764018696,73.26500438084112,37.176410222457626,67.87688691737289,5.396756745402857
1031,70,37.48230865036232,59.195255887681164,40.1147735252809,59.95654845505618,2.7403353245215363
1032,71,38.265380859375,28.627929687499996,38.88427734375,26.150390624999996,2.5536704299077275
1033,72,36.871166764018696,73.26500438084112,39.90732368896926,74.07553260623871,3.1424838706175455
1034,73,39.31560905612245,43.21787308673469,40.15545512354651,45.721293604651166,2.640540798111789
1035,74,40.30902409957628,2.3808262711864407,43.00160210253456,4.994419642857143,3.7524454179182785
1036,75,40.1147735252809,59.95654845505618,40.80830179754021,55.4171039794229,4.592116898749475
1037,76,43.015074118589745,32.02686798878205,44.361492406542055,30.586485105140188,1.971685841512513
1038,77,40.15545512354651,45.721293604651166,43.22961258561644,44.29877758751903,3.387328729337867
1039,78,43.00160210253456,4.994419642857143,43.497824367088604,9.025580168776372,4.061587340137908
1040,79,43.66247106481482,27.501446759259256,44.361492406542055,30.586485105140188,3.163240811532676
1041,80,45.691218043264506,48.142994868485744,46.95490056818182,51.546223958333336,3.6302702050627405
1042,81,45.900220271298174,66.92067856237323,46.956874491594355,61.28893539859001,5.730013019539191
1043,82,45.900220271298174,66.92067856237323,51.208866003787875,66.69477982954545,5.313449891602849
1044,83,43.00160210253456,4.994419642857143,45.24785431338028,1.814205545774648,3.893508790026228
1045,84,43.497824367088604,9.025580168776372,46.837427171610166,11.987552966101694,4.4638805700940845
1046,85,47.26456925675676,90.96547719594594,50.49888392857142,94.34486607142857,4.6777195905752365
1047,86,43.497824367088604,9.025580168776372,47.18348093411552,6.85744302797834,4.276082668912812
1048,87,46.95490056818182,51.546223958333336,47.52868102477478,53.49714949324324,2.0335521766435054
1049,88,47.47318279780564,76.25942887931035,54.386039402173914,73.07871942934783,7.6095005774123505
1050,89,47.27684985632184,23.828125,50.23890904017857,25.67661830357143,3.4915214594812984
1051,90,46.837427171610166,11.987552966101694,51.90825973731884,15.927536231884057,6.421589448422925
1052,91,49.491999699519226,42.71897536057692,49.971238227739725,37.01439426369863,5.724675978410663
1053,92,51.208866003787875,66.69477982954545,52.63224594465649,67.49314169847328,1.6319902358240521
1054,93,52.71774124313187,86.36107057005495,54.33656754032258,90.50970262096774,4.453284908282555
1055,94,53.80910503926701,63.30664403359512,57.75166495901639,63.83516905737705,3.9778282292700764
1056,95,52.70127118644068,6.58103813559322,56.02571678536346,5.208109497789784,3.5967862856580477
1057,96,53.33094443044355,58.64690965221774,57.091796875,57.43945312499999,3.9499319455969064
1058,97,54.30772569444444,53.048657614087304,56.55691964285714,54.01293329831933,2.4471822598199444
1059,98,52.63224594465649,67.49314169847328,54.386039402173914,73.07871942934783,5.854440202040891
1060,99,55.96731085526315,36.422697368421055,56.2868265993266,33.995554503367,2.448083494917442
1061,100,57.418987315188176,85.05176831317203,60.41195518092105,85.81928453947368,3.0898119365013024
1062,101,57.091796875,57.43945312499999,59.29660926870748,59.88586840986394,3.293348666245656
1063,102,57.45565546383647,27.065521816037734,63.15387228260869,27.795233242753625,5.74475009726431
1064,103,50.49888392857142,94.34486607142857,58.45257302989131,99.55630095108695,9.508954928138774
1065,104,61.55894886363637,17.558889678030305,61.67031606484732,14.048172055984557,3.512483576509378
1066,105,55.96731085526315,36.422697368421055,58.730501329232695,41.058140898665556,5.396532063976056
1067,106,60.442426477111425,49.46909377217885,62.89800347222222,51.18836805555556,2.997626134193164
1068,107,59.90892493206522,7.947838824728261,63.70192307692307,6.941105769230769,3.924327505691442
1069,108,59.29660926870748,59.88586840986394,61.670006646050346,57.693142361111114,3.2312633188363296
1070,109,60.41195518092105,85.81928453947368,61.90419912989081,88.15480337238398,2.771541127624766
1071,110,54.386039402173914,73.07871942934783,60.66117720170454,72.07142223011364,6.355470246227507
1072,111,62.54537563131313,63.384824810606055,63.48165760869565,66.32727581521739,3.0878215388376296
1073,112,63.15387228260869,27.795233242753625,65.5137460443038,31.711085838607595,4.571969567220815
1074,113,64.08806694878473,38.763834635416664,66.8179381127451,36.51099111519608,3.5394209269910597
1075,114,60.66117720170454,72.07142223011364,66.03490805229717,76.26466275659824,6.816175567542543
1076,115,65.16015625,89.31696428571428,68.29522327748938,90.78496453220859,3.4617437788719196
1077,116,61.90419912989081,88.15480337238398,65.16015625,89.31696428571428,3.457148356154597
1078,117,63.48165760869565,66.32727581521739,66.72932942708333,68.61090244391026,3.9701791923318366
1079,118,65.92497757177034,3.3693742523923444,68.72097174467613,5.97782761202307,3.8238216935798612
1080,119,65.16015625,89.31696428571428,65.88851686507937,83.94562251984127,5.420500120045256
1081,120,62.89800347222222,51.18836805555556,66.18336397058823,46.62798713235294,5.620557603026066
1082,121,69.91971844570509,19.133374222961226,73.97076896067416,18.785112359550563,4.065992695558788
1083,122,71.01963966283607,98.5492160396791,79.0481279481132,99.15702387971697,8.051462880572927
1084,123,65.92497757177034,3.3693742523923444,70.28497273489933,0.5603764681208053,5.186523534560567
1085,124,70.947265625,51.85058593750001,71.12482244318183,57.763671875,5.915751155005005
1086,125,70.947265625,51.85058593750001,72.43711890243902,49.72846798780488,2.5928839890581368
1087,126,71.94851345486111,37.5048828125,72.79192509541986,42.04586116412214,4.61863914863793
1088,127,66.72932942708333,68.61090244391026,71.80386766975309,66.07349537037037,5.673567927959278
1089,128,73.62638966741405,32.220504601083704,75.51522090517241,29.914803340517242,2.9805941937321068
1090,129,73.02424298585767,80.66504262659672,79.05130073402418,77.41725361614853,6.84642669982831
1091,130,72.79192509541986,42.04586116412214,74.8583984375,45.1318359375,3.7139672017200698
1092,131,73.44202112268519,7.832392939814816,76.33213141025641,11.663661858974358,4.7990998119692145
1093,132,73.97076896067416,18.785112359550563,76.49881114130434,18.83491847826087,2.5285327596268967
1094,133,76.33213141025641,11.663661858974358,78.70431082589285,7.521275111607142,4.77353151709851
1095,134,76.8543673637218,48.333969689849624,78.8825441316794,49.378280057251914,2.2812464017608325
1096,135,77.16170601222827,4.096785835597826,79.87536414194916,5.272609904661017,2.9574486785722316
1097,136,75.51522090517241,29.914803340517242,77.81755118534483,31.96305899784483,3.081570371867768
1098,137,78.70431082589285,7.521275111607142,79.87536414194916,5.272609904661017,2.5353226780779847
1099,138,78.02309782608695,56.956321930946295,79.266357421875,59.245808919270836,2.6052725562263994
1100,139,71.80386766975309,66.07349537037037,77.77944711538461,68.05388621794873,6.295196392506441
1101,140,78.25456373762376,92.27452042079209,82.81093750000001,89.41796875,5.377771779313035
1102,141,78.25456373762376,92.27452042079209,79.0481279481132,99.15702387971697,6.928102050221466
1103,142,79.266357421875,59.245808919270836,81.22118340163934,59.675172899590166,2.001424002743365
1104,143,80.83274147727273,13.760298295454545,83.88961032133243,16.17531859858681,3.895737439089543
1105,144,81.171875,44.01539522058823,82.93112714987714,38.767083845208845,5.535317553653453
1106,145,79.87536414194916,5.272609904661017,82.26484634551495,2.7562746573920265,3.470096292295928
1107,146,82.81093750000001,89.41796875,84.9609375,92.72030101102942,3.9405454396866997
1108,147,84.9609375,92.72030101102942,88.65761891302061,94.48270946176903,4.095306706049077
1109,148,83.77973577949437,22.624429424157302,86.962890625,25.09765625,4.031045236974382
1110,149,84.7071172907489,11.285534829295155,86.5401993936567,8.081419076492537,3.6914154132742656
1111,150,86.10688746946255,52.98344615228013,86.28268771701389,48.44868977864583,4.538162744465654
1112,151,82.81093750000001,89.41796875,84.64931530898876,84.47923981741573,5.2697890316527145
1113,152,86.28268771701389,48.44868977864583,90.48978365384616,47.933121565934066,4.238568957050176
1114,153,86.09282726377953,73.6578032726378,87.29248046875,78.58283720820783,5.069036109430705
1115,154,87.29248046875,78.58283720820783,91.65326286764706,77.16107536764706,4.586701414067099
1116,155,86.75377439345992,1.1817642405063291,89.0393708881579,4.853258634868421,4.324791604737502
1117,156,86.5401993936567,8.081419076492537,89.87519862288136,8.891684322033898,3.4320183022619757
1118,157,88.37441630747126,17.92497306034483,90.55116234756098,18.278391768292682,2.2052501232680597
1119,158,89.0393708881579,4.853258634868421,91.45042782738095,1.5981522817460316,4.050791642915417
1120,159,84.64931530898876,84.47923981741573,89.52942988351255,87.13282650089606,5.55491138968243
1121,160,89.74417892156863,69.63848039215686,90.82354615066225,66.66300186258279,3.165202378237067
1122,161,89.87519862288136,8.891684322033898,91.89625967920354,9.080734928097344,2.0298837220479133
1123,162,91.6023572609359,42.34347183367243,95.19805716750314,46.734764644761604,5.675606608179522
1124,163,90.69999568370166,35.92886740331492,95.2972412109375,34.5062255859375,4.812335833900294
1125,164,91.65326286764706,77.16107536764706,94.55344460227273,76.48259943181817,2.978486812016339
1126,165,92.425537109375,54.14581298828125,92.5263817630597,57.47944846082089,3.3351604321158814
1127,166,90.48978365384616,47.933121565934066,95.19805716750314,46.734764644761604,4.858384380627554
1128,167,94.11259609908885,28.4691326167426,96.53541254242081,31.68481334841629,4.026244166234489
1129,168,94.15646114864865,20.10059724903475,94.81008429276315,18.324681332236842,1.8923796019980443
1130,169,91.89625967920354,9.080734928097344,93.6698344216418,6.553171641791044,3.0877408462010583
1131,170,93.970703125,99.232421875,98.06111653645834,96.4641864483173,4.939089921653514
1132,171,89.74417892156863,69.63848039215686,94.62043606505102,71.19738520408163,5.119381597615595
1133,172,95.2972412109375,34.5062255859375,96.53541254242081,31.68481334841629,3.0811418760163587
1134,173,93.6698344216418,6.553171641791044,96.07823988970588,4.467486213235294,3.1859850290751197
1135,174,92.5263817630597,57.47944846082089,96.17365056818183,60.11097301136363,4.497498326506203
1136,175,89.52942988351255,87.13282650089606,97.88377048097252,87.94296296908034,8.393528930994995
1137,176,94.11259609908885,28.4691326167426,98.31861413043478,27.212126358695656,4.38983512364375
1138,177,94.55344460227273,76.48259943181817,98.3799078525641,79.34695512820514,4.779786037183554
1139,178,95.19805716750314,46.734764644761604,99.64334239130434,40.77219202898551,7.437259772211025
1140,1,0.3736413043478261,33.42088024068323,0.7861821338383838,39.16706123737374,5.760970923613816
1141,2,0.7861821338383838,39.16706123737374,1.4249153325123154,41.52820004618227,2.4460082938432586
1142,3,0.44873046875,47.71044921875,6.030970982142858,47.324916294642854,5.595537935260126
1143,4,0.43377543604651164,65.38502301356588,8.95382955194064,63.03331906392694,8.838655644639173
1144,5,1.265085111788618,78.5646913109756,7.5285709589761565,79.45102943110098,6.3258873070191495
1145,6,1.8212726220538722,20.63637678872054,5.9322433561542995,13.70296051420789,8.060542265400453
1146,7,5.9322433561542995,13.70296051420789,8.693682137182202,8.447058726165254,5.937175064533187
1147,8,1.4249153325123154,41.52820004618227,4.976542511878655,41.235066017909354,3.5637035763016556
1148,9,5.099907973057644,96.40066964285714,8.13669008778826,93.86147553066037,3.9584785400154012
1149,10,6.132026006711409,52.72585465604027,7.985573948019802,52.38532642326733,1.884568769783698
1150,11,6.030970982142858,47.324916294642854,6.132026006711409,52.72585465604027,5.401883680865849
1151,12,7.5285709589761565,79.45102943110098,10.007473224765258,80.31768082453051,2.6260314318506706
1152,13,7.64617919921875,30.358123779296875,8.21075439453125,26.050567626953125,4.344396984249556
1153,14,7.376663773148148,72.802734375,13.657358530405405,71.74699113175676,6.36880839949614
1154,15,8.95382955194064,63.03331906392694,14.888214760638299,67.98454122340426,7.728617514000083
1155,16,6.030970982142858,47.324916294642854,12.199050586008756,44.999009542593946,6.5920443125674755
1156,17,9.92901141826923,88.47280649038461,12.263229658018867,90.75582252358491,3.2650784061993807
1157,18,7.64617919921875,30.358123779296875,11.703213778409092,33.981045809659086,5.43921810693688
1158,19,12.669762899709303,95.73681262112403,16.07666015625,92.32526506696429,4.821369684116523
1159,20,12.263229658018867,90.75582252358491,13.742897727272727,88.58198686079545,2.629634781482911
1160,21,12.222055288461538,22.518887362637365,15.89780229541248,25.14971204058699,4.520216205583265
1161,22,8.693682137182202,8.447058726165254,13.167718596059114,2.5611915024630543,7.393269588646939
1162,23,7.985573948019802,52.38532642326733,15.04696398762765,52.42775125196386,7.061517482635221
1163,24,15.89780229541248,25.14971204058699,18.78979106886657,24.530493409253946,2.9575379590420248
1164,25,13.657358530405405,71.74699113175676,14.893922018348624,70.84288990825688,1.5318251473481785
1165,26,13.742897727272727,88.58198686079545,14.473684210526317,84.70109192251462,3.949100455303717
1166,27,14.888214760638299,67.98454122340426,14.893922018348624,70.84288990825688,2.8583543826805777
1167,28,12.263229658018867,90.75582252358491,16.07666015625,92.32526506696429,4.123760669802322
1168,29,14.893922018348624,70.84288990825688,16.832257699275363,71.35275135869566,2.0042714163997997
1169,30,15.04696398762765,52.42775125196386,22.485156729588702,53.29093769183548,7.488110716097908
1170,31,19.71943030196629,83.29529494382022,23.934586321721312,86.47941214139344,5.282626486773273
1171,32,16.832257699275363,71.35275135869566,20.09013407939189,72.56189294763513,3.4750225740596647
1172,33,20.123762376237625,12.213799504950495,22.71383769982238,11.017463643428064,2.8530176437252006
1173,34,21.903404172437675,65.97991689750693,24.361165364583336,63.173421223958336,3.730550635397438
1174,35,21.51455965909091,99.00834517045455,25.068839651639347,97.84355788934425,3.740272139252226
1175,36,21.75432477678571,61.62527901785714,24.361165364583336,63.173421223958336,3.031890852339664
1176,37,22.796901663822524,28.335477549061434,25.099779211956523,28.239639945652172,2.304870896151646
1177,38,24.248860677083332,37.44048394097222,26.743541815902578,31.29449095630373,6.632998096786615
1178,39,23.934586321721312,86.47941214139344,25.16232926324503,81.54684913079471,5.083063110368409
1179,40,20.09013407939189,72.56189294763513,23.716177591463413,71.83927210365853,3.6973466750611075
1180,41,23.60150286259542,17.44394083969466,28.39983258928571,18.879743303571427,5.008542390887227
1181,42,23.658854166666668,22.48046875,25.798654084158418,23.845529084158414,2.5381358125187834
1182,43,23.934586321721312,86.47941214139344,24.01953125,91.7296875,5.250962481491514
1183,44,25.798654084158418,23.845529084158414,27.5390625,25.306372549019606,2.2722423028277285
1184,45,23.716177591463413,71.83927210365853,26.433841765873016,75.01085069444444,4.17667443337411
1185,46,25.099779211956523,28.239639945652172,26.743541815902578,31.29449095630373,3.46901573870894
1186,47,27.41322511778563,45.22611620288575,33.66000306372549,42.89483762254902,6.6676153552088975
1187,48,27.8515625,5.998149671052631,31.22155230978261,2.9521908967391304,4.542542919209023
1188,49,24.361165364583336,63.173421223958336,28.511718749999996,66.84765625,5.543202723316647
1189,50,29.97988514691235,77.72477797144755,32.19934682377049,81.04988473360656,3.997792530234349
1190,51,29.508463541666668,85.93424479166667,32.19934682377049,81.04988473360656,5.576542478514694
1191,52,26.743541815902578,31.29449095630373,32.21383351293103,34.62176724137931,6.40272275893661
1192,53,30.9897941628886,54.853718021373055,35.20909725262697,50.02496989929948,6.412435339986272
1193,54,27.8515625,5.998149671052631,32.279541015625,7.566162109375001,4.697409577796072
1194,55,29.508463541666668,85.93424479166667,31.145399305555554,91.27473958333333,5.585735700417378
1195,56,32.976117050438596,22.746624862938596,36.88709466527197,22.040893043933053,3.974141832406665
1196,57,32.19934682377049,81.04988473360656,33.93147786458333,80.58369954427084,1.793768818243687
1197,58,33.7631252785205,70.20544368315508,36.900800540123456,71.06059510030865,3.2521208454691433
1198,59,33.93147786458333,80.58369954427084,35.323130933544306,79.92855023734177,1.5381543741504422
1199,60,31.145399305555554,91.27473958333333,34.44623161764706,99.4192325367647,8.787961050268748
1200,61,35.20909725262697,50.02496989929948,40.26635094026549,46.20206489675516,6.339591273860778
1201,62,40.26635094026549,46.20206489675516,42.45791870344506,40.94888413640596,5.692001173709555
1202,63,36.88709466527197,22.040893043933053,37.83475037139219,25.831155825551782,3.9069352811463816
1203,64,36.900800540123456,71.06059510030865,39.16096332644628,69.76368801652893,2.605821138266508
1204,65,37.64547084859585,14.185196314102564,40.7958984375,18.773057725694446,5.565399026566046
1205,66,38.19033176172953,89.46705022424104,39.39727477006689,83.03818718645485,6.54117660547304
1206,67,38.58502802958015,55.93093988549618,39.54380580357143,58.67396763392857,2.905762558876713
1207,68,39.16096332644628,69.76368801652893,40.970073930369125,70.72278733221476,2.047621223413925
1208,69,39.39727477006689,83.03818718645485,41.07801649305556,80.14536055307539,3.345644731615179
1209,70,39.378179505813954,75.39743822674419,40.970073930369125,70.72278733221476,4.938267797988941
1210,71,40.7958984375,18.773057725694446,42.01528766426784,22.60564964017522,4.021898913361804
1211,72,42.23280061787072,36.72469106463878,43.56274162371135,33.10949581185567,3.8520617589496
1212,73,42.23280061787072,36.72469106463878,42.45791870344506,40.94888413640596,4.230187378830694
1213,74,41.07801649305556,80.14536055307539,43.81479871816354,77.62244994135389,3.722237889013004
1214,75,43.56274162371135,33.10949581185567,44.99868328651686,31.95773349719101,1.8407837701539957
1215,76,39.54380580357143,58.67396763392857,43.35382634943182,62.90172230113637,5.6912359014519485
1216,77,40.7958984375,18.773057725694446,44.755916651392965,17.775442173753667,4.083745957309063
1217,78,44.85659246575342,1.1261237157534247,48.32089552238806,1.0049848414179103,3.4664203863760283
1218,79,41.07801649305556,80.14536055307539,44.903564453125,83.917236328125,5.372323897271787
1219,80,45.80785778985507,55.617357336956516,49.498054912551446,51.335841049382715,5.65233903133175
1220,81,46.32935423951049,95.1154802229021,50.25922482837528,94.66935426201373,3.95511203611264
1221,82,44.99868328651686,31.95773349719101,46.68218350638978,30.060028953674124,2.5368199630239436
1222,83,47.874973244863014,4.644691780821917,51.19947350543478,4.260784646739131,3.3465932932074978
1223,84,42.01528766426784,22.60564964017522,47.488839285714285,22.853887648809522,5.479177808902516
1224,85,47.51779216609589,40.01163848458904,50.522228422619044,41.32672991071429,3.2796497798665927
1225,86,43.35382634943182,62.90172230113637,49.095676369863014,65.70615724885845,6.390124962246876
1226,87,48.98311491935484,46.66393649193548,49.498054912551446,51.335841049382715,4.700197377822503
1227,88,49.095676369863014,65.70615724885845,49.37414461678832,72.50085538321169,6.800401995582985
1228,89,44.903564453125,83.917236328125,50.39473684210526,84.89977384868422,5.578382757108534
1229,90,49.498054912551446,51.335841049382715,51.9541266025641,52.41912059294872,2.6843589022316308
1230,91,50.25922482837528,94.66935426201373,52.62121775793651,91.70076884920636,3.7936143652762064
1231,92,49.696568080357146,16.11328125,51.24602141203704,13.727936921296296,2.844410869324759
1232,93,50.522228422619044,41.32672991071429,52.94235421025104,43.0496535041841,2.970770024235523
1233,94,46.68218350638978,30.060028953674124,51.66848218250444,32.67095914742451,5.628510545789205
1234,95,51.776019597457626,18.1640625,53.42846074380165,18.850077479338843,1.7891836948754156
1235,96,49.37414461678832,72.50085538321169,53.76269786227154,78.379977154047,7.336448213185384
1236,97,53.624441964285715,10.570591517857144,56.40345982142857,13.27468487394958,3.8775070765611894
1237,98,50.522228422619044,41.32672991071429,54.50060614224138,37.964709051724135,5.208711312433461
1238,99,55.578763985339506,60.31107333461934,59.02563402355623,67.91621153115501,8.349792814720738
1239,100,52.94235421025104,43.0496535041841,54.68098958333333,46.236979166666664,3.6306883423467933
1240,101,56.89364681603774,94.44877653301886,58.14110008445946,97.34744510135135,3.1556962981146888
1241,102,53.42846074380165,18.850077479338843,55.14803799715909,21.364524147727273,3.0462087877284447
1242,103,56.40345982142857,13.27468487394958,59.139158226284586,13.288583868577074,2.735733712257717
1243,104,56.505055147058826,71.0747931985294,59.02563402355623,67.91621153115501,4.041034028824617
1244,105,54.68098958333333,46.236979166666664,57.82911371887967,42.90249773080913,4.585788047750124
1245,106,61.13436259920635,25.341021825396826,61.8290728204141,29.006145459017795,3.730382492610846
1246,107,58.45045006793478,24.321713654891305,61.13436259920635,25.341021825396826,2.870953782626234
1247,108,58.86541193181818,0.24325284090909088,60.764723557692314,4.6259014423076925,4.776504309170228
1248,109,57.82911371887967,42.90249773080913,60.78927865612648,46.756886116600796,4.8599265718970575
1249,110,60.764723557692314,4.6259014423076925,62.721548507462686,8.563141324626866,4.396705786719022
1250,111,61.4298746257485,85.61470808383234,64.43264868951613,82.19821068548387,4.548527954289972
1251,112,62.31011284722222,21.21853298611111,62.32666015625,17.8265380859375,3.3920352616445264
1252,113,62.31011284722222,21.21853298611111,64.44656411498708,20.841660610465116,2.169436979278065
1253,114,63.30108642578125,70.30029296875,64.32711693548387,73.03374915994624,2.919678296667232
1254,115,64.32711693548387,73.03374915994624,64.59699083201893,76.49595820189275,3.4727112419789763
1255,116,65.2828881048387,53.887663810483865,68.76873637354652,56.546943132267444,4.384393306230513
1256,117,65.03737877155173,2.3892106681034484,68.15091646634616,0.5480018028846153,3.6172043158033316
1257,118,58.14110008445946,97.34744510135135,64.96263586956522,97.03209918478261,6.828820799711691
1258,119,66.67520822572314,66.46920196280992,69.35593563247012,63.07722236055777,4.323404335865321
1259,120,65.61792346014492,58.46778759057971,68.76873637354652,56.546943132267444,3.690157916443029
1260,121,68.8839273951307,89.37325437394603,71.85171274038461,96.47235576923077,7.6944779209532825
1261,122,64.44656411498708,20.841660610465116,66.71173878205127,20.32314202724359,2.3237637129139115
1262,123,68.15091646634616,0.5480018028846153,71.0604580965909,0.7734818892045455,2.9182655409427904
1263,124,67.07543545081968,44.220671106557376,70.23382148279353,43.34000189777328,3.27886879613502
1264,125,66.96601159793815,6.646665592783505,71.23425700516694,6.55585502782194,4.2692113340801345
1265,126,64.59699083201893,76.49595820189275,68.26642507530121,75.19060617469879,3.8947004481310157
1266,127,61.8290728204141,29.006145459017795,68.82990056818183,29.279119318181817,7.006147577784913
1267,128,68.26642507530121,75.19060617469879,72.71340704640892,72.85065748986389,5.025038158961344
1268,129,69.61263020833334,39.44627192982456,70.23382148279353,43.34000189777328,3.9429699038627453
1269,130,71.23425700516694,6.55585502782194,75.04557291666667,6.755208333333333,3.816526001178215
1270,131,69.61263020833334,39.44627192982456,72.3096143018018,36.064629082207205,4.325416922016137
1271,132,71.85171274038461,96.47235576923077,74.70526637801204,95.83686307730925,2.923460162940902
1272,133,68.76873637354652,56.546943132267444,72.84528170383817,54.17591902230291,4.715928027435942
1273,134,68.82990056818183,29.279119318181817,75.89610831525233,25.455258307216326,8.034500915174588
1274,135,72.84528170383817,54.17591902230291,74.55052377589453,59.46051818502824,5.552912644278532
1275,136,72.71340704640892,72.85065748986389,74.17259738869863,79.64201626712328,6.946350876286756
1276,137,75.04557291666667,6.755208333333333,76.5625,8.32259807180851,2.1812332219245723
1277,138,75.76100852272727,10.585582386363637,76.5625,8.32259807180851,2.400726264292402
1278,139,75.36848958333333,16.29296875,75.76100852272727,10.585582386363637,5.720867960511348
1279,140,79.02416236196494,89.23586652578553,83.02522890127389,88.70048765923568,4.036726889786564
1280,141,77.78488685344827,33.4893588362069,78.3694074453552,36.42364668715847,2.9919407605440993
1281,142,74.70526637801204,95.83686307730925,78.15960260826772,97.42710383858267,3.8028021866082478
1282,143,78.3373786407767,51.30840412621359,81.57093825849515,50.711089199029125,3.2882659447764877
1283,144,76.5625,8.32259807180851,79.76209852430556,8.247884114583332,3.2004707297743797
1284,145,81.57093825849515,50.711089199029125,82.37522701098511,54.702933978561305,4.072063990319925
1285,146,86.75392248913454,66.00660120819161,89.77732103924419,70.44876453488372,5.373430358143063
1286,147,83.00142885083449,16.72461752433936,88.12844073834198,17.593810718911918,5.200168045759125
1287,148,82.9831890544597,77.1847863957976,88.27666212248322,81.94735738255034,7.1205996605447
1288,149,82.92724609375,0.9147135416666667,83.62129407051282,4.1211772168803416,3.2807181979733273
1289,150,79.76209852430556,8.247884114583332,82.95215893817203,9.187037970430108,3.3254316124482015
1290,151,77.78488685344827,33.4893588362069,83.17972350230414,32.1050547235023,5.569610430208679
1291,152,83.18452380952381,47.74693080357143,85.05134204826733,45.3125,3.067810892783792
1292,153,78.15960260826772,97.42710383858267,83.1290779532967,99.05885130494505,5.230514792908149
1293,154,86.04098896117748,37.71831004692833,87.58223684210526,39.95040090460527,2.7125033875350946
1294,155,88.27666212248322,81.94735738255034,90.45233242753623,83.63479393115942,2.7533585639853055
1295,156,88.12844073834198,17.593810718911918,90.1586639747191,16.413930828651687,2.3481743855527664
1296,157,89.77732103924419,70.44876453488372,94.12515698877068,70.63432697990544,4.351793982370656
1297,158,88.74782986111111,95.58241102430556,91.32570141423358,95.20557709854015,2.605268806093866
1298,159,88.12844073834198,17.593810718911918,89.10510171979867,22.17124580536913,4.680467780407153
1299,160,90.42660361842105,36.165193256578945,92.75065104166667,37.333984375,2.6013975290206046
1300,161,89.78982042910447,29.511135727611943,92.07543545081968,27.142834272540984,3.291335262409682
1301,162,87.58223684210526,39.95040090460527,91.32188174946005,41.42185812634989,4.018722482148891
1302,163,91.46582645440252,10.022356525157234,92.18413254310344,4.443359375,5.6250486965472
1303,164,92.99944196428571,53.33286830357142,94.98769617290749,47.39339551211454,6.263424928787671
1304,165,92.119140625,2.48046875,92.18413254310344,4.443359375,1.963966281566885
1305,166,89.10510171979867,22.17124580536913,94.4436019992236,22.30869079968944,5.340269315295239
1306,167,92.75065104166667,37.333984375,94.44950648716518,34.32072230747768,3.4591701479211525
1307,168,92.18413254310344,4.443359375,94.47029677013423,3.751572986577181,2.3885383145686303
1308,169,90.45233242753623,83.63479393115942,96.91225464876034,81.20176911157024,6.902912782079887
1309,170,94.98769617290749,47.39339551211454,96.88191896508097,43.685554782388664,4.163671800635062
1310,171,96.88191896508097,43.685554782388664,98.07761863425925,40.61143663194444,3.298469357408625
1311,172,96.16049348021582,93.58068232913669,96.41001290137615,95.53737815366972,1.9725411253713354
1312,173,94.44950648716518,34.32072230747768,98.57548580893987,34.2759530755538,4.126222200492776
1313,174,96.41001290137615,95.53737815366972,98.4771286231884,99.1501075634058,4.162304793661238
1314,175,94.4436019992236,22.30869079968944,99.1506317515432,25.88312596450617,5.910390497818257
1315,176,94.12515698877068,70.63432697990544,99.56720525568183,65.94293767755683,7.185055526965782
1316,177,92.99944196428571,53.33286830357142,99.67247596153847,56.98617788461539,7.607631275465357
1317,1,1.0627033882082697,6.567195874808577,11.437823766004044,6.101541442048518,10.385564833195266
1318,2,0.6496465773809524,29.04017857142857,4.042670562977099,29.635317270992367,3.4448224683645527
1319,3,1.3759191176470589,36.7604549632353,4.042670562977099,29.635317270992367,7.607834803976143
1320,4,0.3107244318181818,84.12895698051948,3.130859375,87.255859375,4.210781362450817
1321,5,1.4414662375790426,49.21451558265583,7.424940575007547,42.39952577912768,9.06896086488734
1322,6,2.823893229166667,73.96278621265722,3.539776545698925,77.74802587365592,3.8523406150140285
1323,7,3.6747206125827816,64.66137210264901,7.024613167475728,64.98596783980582,3.365582048013028
1324,8,3.662109375,69.19817243303571,6.342230902777778,69.22878689236111,2.6802963733098015
1325,9,3.6747206125827816,64.66137210264901,4.377629206730769,59.832763671875,4.879502010397056
1326,10,7.424940575007547,42.39952577912768,13.062879774305555,39.92106119791667,6.158664229790299
1327,11,5.818276423745174,99.35637367277992,10.480517107977992,95.42318603851444,6.09970926881393
1328,12,5.85782490079365,71.51847718253968,6.342230902777778,69.22878689236111,2.3403697997744435
1329,13,11.437823766004044,6.101541442048518,12.633713942307692,0.7091346153846154,5.5234232771018945
1330,14,7.733392981843576,79.10683630121042,10.749109410270881,77.30825867663657,3.511328387989949
1331,15,9.299982244318182,74.83265269886363,10.749109410270881,77.30825867663657,2.8685526838960405
1332,16,4.042670562977099,29.635317270992367,7.6171875,26.3916015625,4.8268895709953545
1333,17,4.377629206730769,59.832763671875,9.401953666782246,59.752757671636616,5.024961416761895
1334,18,9.700206624034749,53.684732444498074,14.817457932692307,54.982972756410255,5.2793644374518545
1335,19,7.6171875,26.3916015625,8.526141826923077,19.3359375,7.113971698797106
1336,20,9.700206624034749,53.684732444498074,11.319247159090908,48.261557334710744,5.659692617587264
1337,21,13.062879774305555,39.92106119791667,14.818709935897436,38.282502003205124,2.401627737791498
1338,22,14.659388398746701,64.58595296009236,18.1640625,66.50096184045226,3.9937450554401885
1339,23,13.896122685185187,87.00086805555556,17.820876641137858,89.54223365700219,4.675706656215971
1340,24,15.453441722972974,16.57252956081081,17.945498511904763,16.152476615646258,2.527210223943079
1341,25,17.716652199074073,97.8369140625,23.31363980021994,98.38093956195014,5.623365002508066
1342,26,15.69618211400359,32.56949899012567,17.362422733516482,30.940934065934066,2.3299316544529627
1343,27,15.895819909793815,74.4190963273196,19.52676819142512,71.94458597524155,4.39397165516833
1344,28,17.355934633027523,41.40239061397318,20.26663115530303,43.88168797348485,3.823489197273645
1345,29,17.013958001592357,48.35694914410828,21.240234375,46.48095392117834,4.623934478437124
1346,30,17.820876641137858,89.54223365700219,18.422475961538463,91.89903846153847,2.4323755115096284
1347,31,18.008825913915093,59.47173496462265,22.67578125,56.73307291666667,5.411168258511815
1348,32,17.945498511904763,16.152476615646258,20.455742887249738,19.269512727212856,4.002154537840999
1349,33,17.362422733516482,30.940934065934066,21.91287912301812,30.264368629671573,4.600477599369584
1350,34,20.26663115530303,43.88168797348485,21.240234375,46.48095392117834,2.775623658971664
1351,35,21.54530582264957,81.28025674412393,27.711264687728605,83.45887435991222,6.539527769011285
1352,36,21.497809193121693,50.01601769179894,23.690378289473685,52.73026315789474,3.4891958518402775
1353,37,22.567160087719298,54.385108278508774,23.690378289473685,52.73026315789474,2.0000328752229137
1354,38,22.567160087719298,54.385108278508774,22.67578125,56.73307291666667,2.3504758026695676
1355,39,24.146338222789115,4.6625876913265305,26.3203125,4.87109375,2.183950304947007
1356,40,22.67578125,56.73307291666667,23.536658653846153,58.99789663461539,2.4229189788013845
1357,41,21.240234375,46.48095392117834,24.99269238945578,45.2772906037415,3.940779939554668
1358,42,21.91287912301812,30.264368629671573,27.495737616654704,28.69074726310122,5.800395949010454
1359,43,23.536658653846153,58.99789663461539,26.156249999999996,60.0302734375,2.8156812113551433
1360,44,19.52676819142512,71.94458597524155,25.844938858695656,70.62754755434783,6.453981002673312
1361,45,29.618203278036237,90.61930896486288,33.693609022556394,96.11100505169173,6.838688316670035
1362,46,29.836161425159236,54.83083974699221,35.65591944014448,52.79151751160991,6.166718619550404
1363,47,29.185065670289855,15.925045289855072,36.07722355769231,16.367938701923077,6.906373499843246
1364,48,31.24984069127243,41.589056764885804,36.215796259236456,46.06777247536946,6.687272173190349
1365,49,32.28889544614309,8.03084095223821,34.97992621527778,7.869466145833333,2.6958650612691795
1366,50,31.193136867088604,97.94056566455697,33.693609022556394,96.11100505169173,3.098330685452656
1367,51,33.947360131048384,49.7314453125,35.65591944014448,52.79151751160991,3.5047420413582895
1368,52,33.95703125,62.766927083333336,35.45445033482143,59.66448102678571,3.444914432808942
1369,53,34.3726181402439,66.30740282012195,37.74290446993671,65.67011965981013,3.4300087128943626
1370,54,34.45113877118644,31.05303230932203,37.375462761324044,28.902507077526135,3.6299352021606515
1371,55,36.07722355769231,16.367938701923077,38.87152777777778,13.548900462962962,3.969271049841118
1372,56,34.97992621527778,7.869466145833333,36.46716101694915,6.9137314618644075,1.767850712431247
1373,57,35.45445033482143,59.66448102678571,37.47438524590164,60.23149334016394,2.098008581613318
1374,58,33.947360131048384,49.7314453125,36.215796259236456,46.06777247536946,4.309095163163264
1375,59,36.99920444794051,11.152030892448513,38.87152777777778,13.548900462962962,3.041476350312633
1376,60,38.10527272468065,87.45972570711679,41.71798543149466,89.64391959519573,4.221657973201621
1377,61,37.15768914473684,24.157072368421055,38.20914095464135,21.78270042194093,2.596765882551464
1378,62,33.693609022556394,96.11100505169173,36.96533203125,95.740966796875,3.2925825358892595
1379,63,38.847952178030305,77.51390861742425,39.96895032051282,72.8290264423077,4.817131701559973
1380,64,38.87152777777778,13.548900462962962,40.256523840206185,12.584568298969073,1.6876464722966542
1381,65,36.96533203125,95.740966796875,39.81220885093168,98.14695749223603,3.7273984027206795
1382,66,39.92991727941176,33.487477022058826,42.4862989738806,34.50909514925373,2.7529604003015695
1383,67,36.46716101694915,6.9137314618644075,40.816824776785715,6.025509717987805,4.4394270677566885
1384,68,41.08836484053498,36.66690779320987,42.4862989738806,34.50909514925373,2.571065002599071
1385,69,41.71798543149466,89.64391959519573,45.48068576388889,90.31846788194444,3.822686121375287
1386,70,42.34730113636363,23.833198051948052,43.74255952380952,24.169456845238095,1.4352058889939696
1387,71,44.087398616412216,41.11223759541985,46.709717388014525,43.166899969733656,3.33139508499348
1388,72,40.816824776785715,6.025509717987805,43.862809806034484,2.100030307112069,4.968643014306514
1389,73,44.08482142857143,56.924293154761905,49.79519065366972,58.79031680045872,6.00752535851904
1390,74,44.45154138513514,45.24598817567568,46.709717388014525,43.166899969733656,3.0695222149493486
1391,75,44.839684671945705,85.19601951357465,48.36184535573123,88.94014019268775,5.140433400226748
1392,76,44.755732548701296,70.44313108766234,46.53950352822581,68.00497731854838,3.020998627811402
1393,77,45.48068576388889,90.31846788194444,48.36184535573123,88.94014019268775,3.1938797429829453
1394,78,46.00854013480392,26.449525122549016,47.366165611814345,24.140048127637133,2.678960792145906
1395,79,46.69480583158996,48.35986532426778,48.84677979621243,52.91272128447921,5.0358206221871855
1396,80,44.45154138513514,45.24598817567568,46.69480583158996,48.35986532426778,3.8377683975524572
1397,81,44.755732548701296,70.44313108766234,47.30885499601911,72.17823198646497,3.086909354034189
1398,82,47.30885499601911,72.17823198646497,47.65983371559633,77.18248279816514,5.016543854886341
1399,83,48.453414351851855,11.592399691358024,55.16836431962025,11.65323378164557,6.715225525339711
1400,84,49.23089899465135,33.26657834786054,49.32903840174129,39.82188666044777,6.556042893110078
1401,85,48.84677979621243,52.91272128447921,49.79519065366972,58.79031680045872,5.95362177199772
1402,86,49.32903840174129,39.82188666044777,52.51662795608109,41.883973817567565,3.796436567426695
1403,87,47.30885499601911,72.17823198646497,50.19608754960318,69.68548487103175,3.814433116463866
1404,88,46.69480583158996,48.35986532426778,50.68080357142857,47.83314732142857,4.020647937399323
1405,89,51.081229967948715,95.17127403846153,54.346516927083336,92.708740234375,4.089764255035188
1406,90,51.78519584037162,84.12574561866553,51.82516163793104,90.0177352729885,5.892125198230557
1407,91,48.36184535573123,88.94014019268775,51.82516163793104,90.0177352729885,3.6270884780549184
1408,92,51.081229967948715,95.17127403846153,54.01278409090909,98.33161157024793,4.310654577980438
1409,93,55.13076742757372,4.562714207190894,60.22784461273007,3.4736867331288344,5.212118251795835
1410,94,51.82516163793104,90.0177352729885,54.346516927083336,92.708740234375,3.687646972846364
1411,95,54.72314247099156,19.030195147679326,57.624797077922075,12.598924512987015,7.055553942432635
1412,96,55.16836431962025,11.65323378164557,57.624797077922075,12.598924512987015,2.6321840466432813
1413,97,55.78857421875,67.5253018465909,57.187595042579076,71.98216050790755,4.671279095971516
1414,98,57.534501726827095,62.70674344548426,61.370065789473685,63.99403782894737,4.045822352546104
1415,99,58.524810440589114,82.2747811875936,61.51171875,81.38411458333333,3.1168747566709047
1416,100,58.06893382352941,93.25413602941175,58.84129723837209,96.01880450581395,2.870529050366751
1417,101,58.06893382352941,93.25413602941175,59.043685999293785,89.58333333333334,3.7980171455239637
1418,102,61.38070913461539,10.514009915865383,61.62995264140875,15.207381436766276,4.699984953048489
1419,103,59.73980783045977,40.22539511494253,62.34459918478261,37.583220108695656,3.710259662502171
1420,104,60.22784461273007,3.4736867331288344,60.953626720183486,0.4667789564220184,3.093259453249833
1421,105,60.08720012626263,33.93012152777778,62.140925480769226,30.830829326923077,3.717983321374914
1422,106,61.38070913461539,10.514009915865383,64.75694444444444,10.206886574074074,3.390175454811973
1423,107,61.60103934151786,73.67815290178571,62.55063657407407,76.75998263888889,3.22481153442676
1424,108,62.27083333333333,84.99739583333333,65.74337121212122,84.34895833333333,3.5325614659936084
1425,109,65.5546133858817,70.89399065290178,70.25,71.46484375,4.729960751899317
1426,110,63.94152285447762,23.058535447761194,64.85507246376811,25.9765625,3.057687813729897
1427,111,65.81666179906543,50.77349226051402,67.39178631756756,45.60599662162162,5.402224396187055
1428,112,66.75595238095238,35.846354166666664,68.83290242805755,39.13205373201439,3.8870995783355484
1429,113,67.12693798449612,17.566012596899224,70.31942273524649,13.51173842884131,5.160338933980532
1430,114,67.39178631756756,45.60599662162162,67.79424948770492,41.45267674180328,4.172773972720214
1431,115,67.79813218390804,28.998293821839084,71.07659834849683,29.633031917523734,3.3393461699061544
1432,116,67.79424948770492,41.45267674180328,68.83290242805755,39.13205373201439,2.5424576857963297
1433,117,69.9072265625,0.8798828125,74.77232803254438,1.7886310404339252,4.949245968387609
1434,118,68.75690498737373,87.25437973484848,69.96277377136752,85.65872061965813,2.0000618830678096
1435,119,70.25,71.46484375,73.19986057011332,72.18595077903683,3.0367207198614063
1436,120,67.12693798449612,17.566012596899224,70.57420161732456,22.087016858552634,5.685341334353617
1437,121,70.76448754789271,77.3089529454023,74.37075407608695,77.54415760869566,3.61392854190686
1438,122,71.484375,53.0890779873348,73.04412059294872,48.78155048076923,4.581222493455421
1439,123,71.42237103174604,6.897941468253968,76.38757726648352,4.067221840659341,5.715439315006805
1440,124,71.75352515243902,40.75123856707317,72.53741528614458,38.86012801204819,2.0471401693698925
1441,125,72.45925377155173,61.844187769396555,73.79557291666666,64.47075737847221,2.946967385113149
1442,126,73.16320082720588,69.26341337316177,73.19986057011332,72.18595077903683,2.9227673231868723
1443,127,74.77232803254438,1.7886310404339252,76.38757726648352,4.067221840659341,2.793028127787632
1444,128,77.34785320378151,21.128381039915965,80.27159492924528,18.56113649764151,3.890888101328005
1445,129,77.09983754380842,51.518007082359816,80.28419851928375,50.3949294077135,3.376604549753967
1446,130,72.53741528614458,38.86012801204819,76.11462823275862,37.203663793103445,3.942122039469013
1447,131,78.02520712676963,98.96222952863579,84.1163917824074,93.0031105324074,8.521363137449727
1448,132,74.77232803254438,1.7886310404339252,77.51781322337963,0.6944444444444444,2.9554920470098915
1449,133,77.8428026844412,88.98945398100804,82.11865011415526,88.81883714530333,4.279250091642021
1450,134,78.07984478705751,64.3682159153761,80.12911567599068,67.94166120337995,4.119347327257784
1451,135,80.23196340739484,77.52117431309362,84.29984714673913,79.17520569142512,4.3912979763763245
1452,136,80.28419851928375,50.3949294077135,81.19119623655914,46.822496639784944,3.6857727467265837
1453,137,81.40911740373045,57.05310807761733,85.48529945112467,55.51791696578129,4.355694185013381
1454,138,76.11462823275862,37.203663793103445,81.87331010815308,38.80966618136439,5.978432956310246
1455,139,77.51781322337963,0.6944444444444444,83.55269928892216,1.8614918600299402,6.1466941923528475
1456,140,82.92251780063292,8.839744857594937,83.55269928892216,1.8614918600299402,7.0066499560208735
1457,141,85.49269945017953,21.71694414833932,86.4181219362745,16.050091911764707,5.741917889428661
1458,142,82.11865011415526,88.81883714530333,84.1163917824074,93.0031105324074,4.636713874189166
1459,143,84.845717176259,70.50219199640287,86.75854826626713,69.19446971318493,2.3171232916973614
1460,144,86.4181219362745,16.050091911764707,89.31651125672043,17.133946572580644,3.0944145776943714
1461,145,86.56215329142012,98.67730676775149,89.92833093619247,99.23141671025104,3.4114791168263054
1462,146,86.75854826626713,69.19446971318493,89.6753204002809,67.77764366807116,3.2426772463308815
1463,147,87.64956362612612,44.485501126126124,89.66959635416667,41.681315104166664,3.45600802489053
1464,148,89.31651125672043,17.133946572580644,91.7507900280899,18.00495962078652,2.585416188331172
1465,149,89.6753204002809,67.77764366807116,89.81643356643356,61.1712262347028,6.6079243510784105
1466,150,89.28084463443396,93.27277417452831,91.3831901248019,90.68086989896989,3.3373379113491697
1467,151,89.23929148706897,33.932179418103445,89.85019432106598,36.765843115482234,2.898767362591902
1468,152,89.66959635416667,41.681315104166664,92.32852532996894,41.0544448757764,2.731825320477687
1469,153,91.88488924050633,83.3143789556962,96.0235595703125,79.68292236328125,5.506003004123039
1470,154,92.09225749871267,76.07421875,96.0235595703125,79.68292236328125,5.33646678493123
1471,155,92.12359260110294,4.165469898897059,96.0270343440594,0.8184754022277227,5.141909139744671
1472,156,92.32852532996894,41.0544448757764,92.77680495689656,45.169383081896555,4.139283883005093
1473,157,94.384765625,69.15602125563063,95.29989919354838,70.71257560483872,1.8056386378017906
1474,158,95.95211988304094,20.60851455896686,99.18772379557291,20.363871256510414,3.244839445061814
1475,159,94.384765625,69.15602125563063,96.80151819792803,63.12874863685932,6.493743775338273
1476,160,96.62403393817203,95.42065692204301,96.63041141055045,99.62370986238533,4.203057778745622
1477,161,96.0235595703125,79.68292236328125,98.62882265321011,78.19909715466926,2.9981882830839
1478,162,97.10335779671718,32.26470433501684,97.94921875,38.727770353618425,6.518182500750583
1479,163,96.91808363970588,11.849437040441178,99.36730815637065,11.713471283783784,2.45299560130368
1480,164,92.77680495689656,45.169383081896555,97.51637923270894,47.23438625720461,5.169893850938807
1481,165,97.94921875,38.727770353618425,98.68498771421372,41.033541771673384,2.4203177066284742
1482,1,0.6562920026881721,64.61903561827957,5.971293420385396,64.07319662778905,5.342956136228635
1483,2,1.0853441455696202,50.24475870253164,2.08663211042065,46.37906309751434,3.993266845479478
1484,3,1.85546875,29.06142979452055,2.6171961383237505,22.010232958314905,7.092221474054446
1485,4,1.0853441455696202,50.24475870253164,4.185103728991597,51.63455225840337,3.397062790552884
1486,5,0.6562920026881721,64.61903561827957,2.717850469147583,71.05057500397582,6.753867201862394
1487,6,1.85546875,29.06142979452055,4.634438644431988,32.55303216087444,4.462506107434188
1488,7,3.1570536782296648,90.06242523923444,5.254444847605225,94.59857470065312,4.997569574673621
1489,8,3.1791548295454546,39.38565340909091,5.7496237098623855,39.80746487958716,2.6048483989130693
1490,9,3.6292034646739126,81.17038892663044,8.21896114864865,80.35921663851352,4.660887906677651
1491,10,5.254444847605225,94.59857470065312,9.723609216679657,93.85070087197973,4.531307253036265
1492,11,5.971293420385396,64.07319662778905,8.055574508733624,64.94268558951966,2.258370808750737
1493,12,6.089696344339623,85.97803655660378,10.3302001953125,86.24267578125,4.2487535618504815
1494,13,6.830086195764464,7.950106534090909,10.868964667792792,2.552611204954955,6.741327401918581
1495,14,7.191412132906628,56.73916368599398,8.282195060483872,60.27942288306451,3.704489516456555
1496,15,5.7496237098623855,39.80746487958716,7.404168097527472,43.99950635302198,4.506742598124683
1497,16,8.282195060483872,60.27942288306451,11.015392485119047,58.49028087797619,3.266710467183134
1498,17,7.908790428321678,0.7225196678321678,10.868964667792792,2.552611204954955,3.4802107065918917
1499,18,8.21896114864865,80.35921663851352,9.974443151595745,75.10285073138297,5.541759613364274
1500,19,8.055574508733624,64.94268558951966,11.189640713276836,68.08121101106404,4.435393195212823
1501,20,10.3302001953125,86.24267578125,13.23734253875969,85.90116279069767,2.927133021879875
1502,21,10.503680889423077,99.7333233173077,16.273961661341854,98.80347693690096,5.844720222382852
1503,22,11.015392485119047,58.49028087797619,14.016287667410715,55.557977585565474,4.1956852233912905
1504,23,14.32263342914854,47.15443404288378,17.371448863636363,52.47798295454545,6.134773717784982
1505,24,13.891290951017812,26.113852775127228,19.08291903409091,31.18563565340909,7.257822243440954
1506,25,13.23734253875969,85.90116279069767,13.4918212890625,80.76804024832589,5.139426667378475
1507,26,13.944390671091444,9.312776548672566,16.232587706367923,9.67994545990566,2.317468161944013
1508,27,13.969788370253164,35.63835047468354,15.588228202160495,35.742790316358025,1.621806144406051
1509,28,14.379198306074766,12.5,15.3747225068306,15.416346482240437,3.081581613192601
1510,29,14.016287667410715,55.557977585565474,17.371448863636363,52.47798295454545,4.554500365547299
1511,30,11.015392485119047,58.49028087797619,16.567095588235293,61.58088235294118,6.3539928251617
1512,31,13.4918212890625,80.76804024832589,19.506203858211972,82.06909574737054,6.153498443949049
1513,32,17.615597747093023,91.56125090843024,21.503329377637133,95.24368736814345,5.354885200539635
1514,33,18.075856854838708,69.60790490591397,21.738079896907216,72.33811211340206,4.567921738129652
1515,34,21.136470144476956,45.99973710680322,25.893976658950617,44.56862461419753,4.968093316530133
1516,35,18.751743861607142,12.354387555803571,19.62890625,14.738089139344263,2.5399699004093454
1517,36,15.588228202160495,35.742790316358025,19.08291903409091,31.18563565340909,5.7428671091028844
1518,37,21.503329377637133,95.24368736814345,26.536908477379427,95.245478553137,5.033579418436363
1519,38,21.495863970588236,38.702033547794116,26.83416028319406,39.288460422469825,5.37041004025976
1520,39,21.738079896907216,72.33811211340206,24.9750664893617,73.32945478723404,3.3853866096341836
1521,40,23.469655106707318,3.6616189921090383,30.4367204919175,6.402679069119286,7.486882557351447
1522,41,23.25173284774436,17.579593515037594,25.278320312500004,19.781901041666668,2.9928607041009707
1523,42,17.371448863636363,52.47798295454545,23.618827455630356,54.7250325122399,6.639199574228784
1524,43,24.778262867647058,63.80514705882353,24.819048713235293,68.58628216911765,4.781309070546216
1525,44,24.819048713235293,68.58628216911765,26.79966517857143,71.01004464285714,3.1300904318994314
1526,45,24.9750664893617,73.32945478723404,26.79966517857143,71.01004464285714,2.9510716349326938
1527,46,25.06167763157895,27.544202302631575,28.212098817567565,25.486521677927925,3.7628716696702167
1528,47,25.893976658950617,44.56862461419753,26.83416028319406,39.288460422469825,5.363215373159936
1529,48,26.536908477379427,95.245478553137,29.72533079954955,91.60860078828829,4.83662245590492
1530,49,26.651965725806452,88.5187752016129,28.979640151515152,86.89472853535354,2.8382381517917867
1531,50,30.4367204919175,6.402679069119286,32.140962577160494,12.080439814814815,5.928018907735908
1532,51,26.3891327247191,80.68820224719101,28.884264561518325,80.84403632198953,2.49999342836684
1533,52,28.271998355263158,17.337582236842106,30.664485254329005,19.548160173160174,3.2573990198834966
1534,53,30.16832657442748,57.20270753816794,30.931645805702917,59.78893816312998,2.6965246326200063
1535,54,26.79966517857143,71.01004464285714,29.780850418871253,75.1973792989418,5.140159234793137
1536,55,29.58814538043478,63.40862771739131,30.931645805702917,59.78893816312998,3.8609773195298938
1537,56,29.457390445402297,14.096174568965516,32.140962577160494,12.080439814814815,3.3562994481184485
1538,57,26.651965725806452,88.5187752016129,29.72533079954955,91.60860078828829,4.358049452745781
1539,58,29.780850418871253,75.1973792989418,34.58808645435166,70.47120217399294,6.741384762584858
1540,59,30.664485254329005,19.548160173160174,32.20486111111111,21.624228395061728,2.5851145123856107
1541,60,30.16832657442748,57.20270753816794,32.731995839235125,52.53767926699717,5.323052589458601
1542,61,32.92659512287951,38.889105997172685,36.344168526785715,36.40694754464286,4.223851152035576
1543,62,28.884264561518325,80.84403632198953,31.88307723893499,81.9606079270401,3.199939003081175
1544,63,28.212098817567565,25.486521677927925,31.473441745923914,30.877420176630434,6.300646341420291
1545,64,32.140962577160494,12.080439814814815,34.84851185625815,11.825446137548893,2.7195302671946537
1546,65,30.931645805702917,59.78893816312998,35.120492029671716,58.69239267676768,4.329993613357786
1547,66,34.04472436797753,90.43627106741573,38.36628542108051,90.99110748808262,4.357032635796407
1548,67,32.92659512287951,38.889105997172685,35.141858552631575,44.37952302631579,5.920478968554946
1549,68,34.701102120535715,83.94949776785714,37.447916666666664,84.75130208333333,2.8614472406725975
1550,69,32.20486111111111,21.624228395061728,35.18172554347826,20.72860054347826,3.108676743764878
1551,70,30.4367204919175,6.402679069119286,36.86116536458333,3.579337136787281,7.017460480030257
1552,71,36.202233609617686,95.22802792712068,38.36628542108051,90.99110748808262,4.757585001808576
1553,72,39.08663646394375,56.13463588420108,42.36399147727273,53.70987215909091,4.076829038113169
1554,73,37.74157072368421,23.867530153508774,39.70938087406015,22.83687734962406,2.2213783986700713
1555,74,38.375719332750585,29.826358537296038,42.465634889240505,30.373566060126585,4.126359816140686
1556,75,34.84851185625815,11.825446137548893,38.42306385869565,12.51868206521739,3.641153398243525
1557,76,38.26192220052083,63.805135091145836,42.77670828349282,61.81313546650718,4.934709300410525
1558,77,39.652617339494164,19.44461332684825,39.70938087406015,22.83687734962406,3.3927389081795787
1559,78,40.48138786764706,48.55583639705882,45.13174203725961,49.5361328125,4.752554572538829
1560,79,37.447916666666664,84.75130208333333,42.959222560975604,85.55306783536587,5.569319615696049
1561,80,41.928359885620914,76.01932700163398,43.899851831896555,74.51676993534483,2.478801773374624
1562,81,43.21988375316857,14.585932549112801,45.41303696533923,17.021282724926255,3.2773238306412606
1563,82,42.77670828349282,61.81313546650718,45.19073109567901,64.1282069830247,3.3447066036269977
1564,83,41.928359885620914,76.01932700163398,42.78501157407407,78.71744791666667,2.8308494462734095
1565,84,44.9191192680776,35.643842317019406,48.21847098214286,36.275111607142854,3.3591997037625374
1566,85,39.70938087406015,22.83687734962406,43.99363724226804,25.430895618556704,5.008371332887186
1567,86,43.899851831896555,74.51676993534483,45.4364013671875,71.7913818359375,3.12869377964574
1568,87,46.070995145631066,99.33916110436894,49.6337890625,95.27979436910378,5.401107181444892
1569,88,42.78501157407407,78.71744791666667,46.04347153465346,78.46631342821783,3.2681232911240525
1570,89,46.292679398148145,44.07552083333333,48.682243441358025,44.03452932098765,2.3899156095322556
1571,90,45.19073109567901,64.1282069830247,47.61165552745665,60.980965498554916,3.970642777428536
1572,91,47.61165552745665,60.980965498554916,49.92707057743029,54.654089346269785,6.73724785799059
1573,92,48.67825255102041,6.709050807823129,52.6414641943734,8.441895780051151,4.325482427173259
1574,93,48.77232142857143,15.522693452380953,50.43143656716418,13.452755752487564,2.652791948975187
1575,94,48.99543815559441,74.22694493006993,52.93711121179467,75.83245065144985,4.25610562643349
1576,95,48.67825255102041,6.709050807823129,49.483975497159086,1.8454811789772727,4.929857908760273
1577,96,49.580078125,83.92740885416666,53.10172872340425,85.90238530585106,4.037642247890335
1578,97,48.99543815559441,74.22694493006993,51.89565407526475,70.53706505295008,4.693236185009584
1579,98,51.49511147660819,89.62844937865498,53.10172872340425,85.90238530585106,4.057680674023357
1580,99,51.27232142857143,22.31166294642857,56.201171875,22.81749636627907,4.954738557370787
1581,100,47.61165552745665,60.980965498554916,52.746647309491976,63.70412245153744,5.812376828126977
1582,101,54.550514611774744,32.419875213310576,57.79584544573644,33.337875484496124,3.3726690794916747
1583,102,56.44132224462366,44.35567876344086,59.69140625,46.286328125,3.7802715509989273
1584,103,56.354434447300775,36.10846119858612,57.79584544573644,33.337875484496124,3.12310916644469
1585,104,49.6337890625,95.27979436910378,56.362786091549296,98.77081499413146,7.5806745096543295
1586,105,58.06535499291785,66.45936614730878,61.316309937643354,61.86649427501434,5.627004539535107
1587,106,56.901921452702695,15.740838494744743,57.25996747634643,10.114742540029113,5.637477507424282
1588,107,61.316309937643354,61.86649427501434,65.64956570263976,61.67356123835403,4.3375486950015345
1589,108,52.6414641943734,8.441895780051151,57.25996747634643,10.114742540029113,4.912126713345699
1590,109,57.413736979166664,78.97406684027779,58.19266183035714,84.32675316220238,5.409064132058415
1591,110,49.483975497159086,1.8454811789772727,57.807657541322314,1.0968168904958677,8.35728311050742
1592,111,58.19266183035714,84.32675316220238,61.790360049616986,88.15401125087048,5.252745658619009
1593,112,56.901921452702695,15.740838494744743,62.59522729990433,15.382104990433673,5.704596497290201
1594,113,63.191598360655746,54.47519993738615,65.64956570263976,61.67356123835403,7.606445219255311
1595,114,65.9073245566609,8.007052200475778,71.35922330097088,6.082182949029126,5.781723060937243
1596,115,65.05464594414893,37.6454454787234,68.135986328125,35.4949951171875,3.7575384654520363
1597,116,66.53212075809465,46.16130672089041,72.25228635046844,48.97359814164201,6.374109933113021
1598,117,65.70578370418848,32.95105939136126,68.135986328125,35.4949951171875,3.518166251120464
1599,118,65.64956570263976,61.67356123835403,68.57726130653266,60.699493561557794,3.0854836554474083
1600,119,66.46563555743244,80.96890836148648,68.92005657327587,83.35466056034483,3.4228637246275673
1601,120,66.50842737268519,90.55085358796296,71.25686632674515,89.9099492746005,4.791495678733394
1602,121,67.7782600308642,96.13956404320987,69.88234747023809,97.84342447916666,2.7074571719142337
1603,122,67.45631720430107,98.94153225806451,69.88234747023809,97.84342447916666,2.662980199948623
1604,123,68.135986328125,35.4949951171875,70.75402690637065,36.43935509169884,2.7831550856536804
1605,124,70.45215467208358,71.03956580092861,76.38422056686046,71.41056504360465,5.943655963970429
1606,125,68.57726130653266,60.699493561557794,70.7763671875,61.14717371323529,2.2442112632083235
1607,126,74.65847723498315,23.711445517168787,75.76234879032258,29.583543346774192,5.974953165602553
1608,127,72.25228635046844,48.97359814164201,78.19084821428571,50.503348214285715,6.13242629757083
1609,128,71.35922330097088,6.082182949029126,75.30104558270678,6.526815084586467,3.9668199652567884
1610,129,71.6133313301282,13.928535657051283,74.24823113207547,9.296690742924527,5.328853936337872
1611,130,71.91107122747748,0.779490427927928,75.76998943836978,1.1945902708747516,3.881179928574651
1612,131,70.7763671875,61.14717371323529,72.08909254807693,63.810847355769226,2.96957996124567
1613,132,73.66594587053571,94.98291015625,75.70912841670965,94.69760306536875,2.063006314361868
1614,133,74.49754284274194,37.88904989919355,74.75184610445206,34.70174711044521,3.197431659328994
1615,134,74.24823113207547,9.296690742924527,75.30104558270678,6.526815084586467,2.9632126872892193
1616,135,75.76998943836978,1.1945902708747516,78.3500091374269,3.215803179824561,3.277469034305002
1617,136,74.75184610445206,34.70174711044521,75.76234879032258,29.583543346774192,5.217003492869031
1618,137,76.38422056686046,71.41056504360465,77.81982421875,70.5841064453125,1.656499821916561
1619,138,74.49754284274194,37.88904989919355,76.54461927816901,40.62637544014084,3.4181095724981105
1620,139,76.38422056686046,71.41056504360465,78.17003781392694,75.72119958143074,4.6659097032217955
1621,140,78.43497983870968,16.49382560483871,80.53403401243095,17.02240158839779,2.164583330484677
1622,141,75.70912841670965,94.69760306536875,79.07538659793815,92.82780283505154,3.8506943586815723
1623,142,77.81982421875,70.5841064453125,79.06816855244253,67.7215225395115,3.122939351510561
1624,143,79.13037909836066,12.724129098360656,81.56305407801419,12.115608377659575,2.5076293633938107
1625,144,83.1151850536616,58.26788391729798,87.14862003504673,54.51452119983507,5.5096578331055825
1626,145,80.53403401243095,17.02240158839779,81.1786358173077,20.507342998798077,3.544055321347722
1627,146,80.99423363095238,29.922340029761905,84.34673108552632,30.291908665707233,3.372805977164887
1628,147,80.99423363095238,29.922340029761905,81.36406906512606,26.555934873949578,3.386659404405803
1629,148,80.93155570652173,42.7833446557971,83.64070552193192,45.875357667186,4.110965480873718
1630,149,78.17003781392694,75.72119958143074,82.23374765130538,79.8685194570807,5.8063757881631695
1631,150,79.06816855244253,67.7215225395115,83.81239947150735,69.14277918198529,4.952544543685247
1632,151,83.60677083333333,2.353153935185185,83.83261190878379,5.355257601351352,3.0105864235675
1633,152,85.17773039714868,15.323876654786151,88.6673328488372,15.939543968023257,3.5434970737139353
1634,153,85.278076171875,98.697509765625,87.222900390625,98.592529296875,1.9476555497971269
1635,154,85.88326836016097,75.34346705231388,88.40976417286245,76.82896723977694,2.930851736023319
1636,155,83.83261190878379,5.355257601351352,85.62240224753694,8.795797413793103,3.8782294488195106
1637,156,84.34673108552632,30.291908665707233,87.3352484886202,35.31134701724751,5.8417461116954055
1638,157,87.52661352759009,83.1127269847973,90.56235993525897,83.0124813247012,3.0374011002899435
1639,158,81.36406906512606,26.555934873949578,86.65463226010101,24.689275568181817,5.610211750356036
1640,159,87.37595016891892,86.76625844594594,88.65234375,88.75616776315789,2.3640896058635135
1641,160,83.81239947150735,69.14277918198529,87.49540441176471,64.03722426470588,6.295332906472546
1642,161,83.64070552193192,45.875357667186,88.24869791666666,45.95466382575758,4.608674796155677
1643,162,85.62240224753694,8.795797413793103,88.75732421875,11.231578480113637,3.9699830186840783
1644,163,88.6673328488372,15.939543968023257,91.87913977581522,15.326723845108695,3.2697480391053
1645,164,88.40976417286245,76.82896723977694,89.51521856936417,73.02316654624278,3.9630983260133883
1646,165,89.85005397083805,94.17557332955833,92.40274924307958,90.01642246972318,4.880039859242107
1647,166,91.12100944244604,5.291704136690647,93.00478687814862,7.372431911209068,2.8067856168426073
1648,167,88.40976417286245,76.82896723977694,91.75889756944444,77.95048466435185,3.5319252316160323
1649,168,88.65234375,88.75616776315789,92.40274924307958,90.01642246972318,3.956486229969911
1650,169,93.0108804618363,27.28714394358407,93.33292643229166,21.922810872395836,5.373991338449509
1651,170,93.33292643229166,21.922810872395836,96.2587890625,22.048177083333336,2.9285472196456905
1652,171,94.9344815340909,66.82759232954545,95.88327348602485,72.60479344591097,5.854592975347609
1653,172,88.24869791666666,45.95466382575758,94.61763822115384,46.70973557692308,6.4135430108115274
1654,173,95.72490706319702,10.135194005576208,98.24489265927978,8.009435595567867,3.296843372407269
1655,174,95.8505859375,84.556640625,96.06215533088235,79.55106847426471,5.010041333605235
1656,175,91.75889756944444,77.95048466435185,96.06215533088235,79.55106847426471,4.591284775956589
1657,176,96.93359375,57.90885416666667,98.02866790254238,55.659096927966104,2.5021181092530385
1658,177,92.40274924307958,90.01642246972318,97.05016121031747,94.00421626984127,6.123800893684097
1659,178,93.0108804618363,27.28714394358407,98.53677040289256,31.520370609504134,6.96101053337255
1660,179,96.2587890625,22.048177083333336,99.5703125,17.703125,5.463118622544375
1661,1,0.7193839986910995,59.71909767670157,2.2002117334322455,64.1437353177547,4.665862089110951
1662,2,2.2002117334322455,64.1437353177547,6.327905547752809,63.80683813202247,4.141419555965628
1663,3,2.5805926145747318,48.007199628406276,7.533707157258064,46.356791834677416,5.220841843854502
1664,4,2.8387234295685277,21.859137055837564,6.992817540322581,24.998109879032256,5.20669264175987
1665,5,5.589224796914932,33.366420226359985,8.908598019125682,28.703466530054644,5.723755389795881
1666,6,3.9091128868078173,40.314853929153095,7.533707157258064,46.356791834677416,7.045757395737695
1667,7,4.477450641348089,54.67079822686117,9.463456748188406,55.551545516304344,5.063197871435644
1668,8,4.705203764619883,88.09878700657895,7.086151274875623,90.3602106654229,3.28373994271351
1669,9,4.954049667874396,98.95644625603865,5.786458333333333,97.28255208333333,1.8694453422734612
1670,10,5.593761765813253,76.95136012801204,11.544828869047619,83.07198660714286,8.536818386508845
1671,11,2.8387234295685277,21.859137055837564,7.822191882416398,19.010100627022652,5.7403803352429845
1672,12,6.327905547752809,63.80683813202247,7.815616688829788,60.57544464760638,3.5574131458703704
1673,13,6.493065115638766,12.551624449339208,7.822191882416398,19.010100627022652,6.5938222981719266
1674,14,6.493065115638766,12.551624449339208,7.227103032749077,4.410386877306273,8.174262099299016
1675,15,4.954049667874396,98.95644625603865,6.944071888412018,99.31640625,2.022315414441117
1676,16,6.992817540322581,24.998109879032256,8.908598019125682,28.703466530054644,4.17131666913924
1677,17,7.533707157258064,46.356791834677416,12.302225577731091,47.42647058823529,4.887021645358624
1678,18,9.463456748188406,55.551545516304344,11.452546296296298,51.602285879629626,4.4218920054949535
1679,19,12.812163254310343,33.74966325431035,12.977339700458531,37.899463903010364,4.15308664517287
1680,20,11.452546296296298,51.602285879629626,12.302225577731091,47.42647058823529,4.26138337035549
1681,21,11.417362607758621,85.01144935344827,11.544828869047619,83.07198660714286,1.943646930919697
1682,22,12.325439453125,68.45794677734375,15.655381944444443,66.13715277777777,4.058891694036213
1683,23,11.544828869047619,83.07198660714286,14.522962258902078,79.13266567754698,4.93837299868267
1684,24,14.62158203125,90.07242838541667,14.806997647849462,91.79722502240143,1.734734097731666
1685,25,9.463456748188406,55.551545516304344,14.320838874113475,57.43261026152482,5.208892943127907
1686,26,14.81983418367347,23.377710459183675,21.1389434988689,21.521310375821397,6.586149391480362
1687,27,17.21707367292392,3.608570829189458,25.57827818627451,4.451976102941177,8.403634533335355
1688,28,12.325439453125,68.45794677734375,15.059840425531915,73.38555518617021,5.635447924401146
1689,29,11.417362607758621,85.01144935344827,15.160927652310924,84.96380974264706,3.7438681567746457
1690,30,12.302225577731091,47.42647058823529,16.014340049342106,50.07838199013158,4.5620639993156
1691,31,21.1389434988689,21.521310375821397,24.866615853658537,20.398246951219512,3.89317513609925
1692,32,18.081146816037734,39.98998311535163,22.757006448412696,40.750558035714285,4.737313322037965
1693,33,14.806997647849462,91.79722502240143,18.137506853070175,91.26661869517544,3.3725116220040166
1694,34,18.137506853070175,91.26661869517544,20.88570837576375,97.65008433044807,6.949909720711614
1695,35,21.69276441366484,48.01406800606891,26.607541454081634,45.867944834183675,5.36291693259469
1696,36,22.426800483770286,78.71764298533084,23.980368589743588,82.84505208333334,4.410111078212347
1697,37,22.061604299363058,59.331458996815286,23.338188559322035,56.72752251059322,2.900026309717473
1698,38,18.137506853070175,91.26661869517544,22.13497677364865,90.40857263513513,4.088521591856933
1699,39,22.547286184210527,65.61266447368422,27.750000000000004,63.651041666666664,5.560233366147331
1700,40,22.757006448412696,40.750558035714285,23.317758944346288,37.32884275618375,3.46735905493915
1701,41,23.317758944346288,37.32884275618375,24.102840245327105,32.354337032710276,5.036075837596173
1702,42,24.034851866883116,72.68288352272727,29.12179757882883,75.40329391891892,5.768678306162555
1703,43,25.57827818627451,4.451976102941177,25.73361280487805,0.5394912347560976,3.9155672242363457
1704,44,28.54867217205323,60.245365969581755,29.018930288461537,63.04670806623932,2.840538723297695
1705,45,27.750000000000004,63.651041666666664,29.018930288461537,63.04670806623932,1.4054903690813916
1706,46,28.257953689759034,35.33156061746988,29.459419123754156,33.1187707641196,2.517927346881761
1707,47,28.257953689759034,35.33156061746988,28.502308238636363,39.23931699810606,3.915388751574972
1708,48,29.77805788821586,17.696108376927313,34.16117908354115,16.99973698566085,4.438094695641834
1709,49,28.390895730198018,53.31837871287129,31.835057713963966,50.80676379504504,4.262682402650462
1710,50,28.72738486842105,96.86369243421052,30.098393278301888,98.34537146226415,2.0186720392718387
1711,51,29.5836008847032,11.082869577625571,33.8531494140625,8.33587646484375,5.0769100648155
1712,52,29.459419123754156,33.1187707641196,30.504588729148374,30.115335546532044,3.180094748633306
1713,53,31.095191673989454,1.3805744727592268,34.11191114738806,3.646805037313433,3.773115072841277
1714,54,31.71379652451158,87.3735485822178,35.34529578877005,90.97854695855615,5.117010865701968
1715,55,28.72738486842105,96.86369243421052,30.987690770348834,95.90411518895348,2.4555592560361186
1716,56,28.502308238636363,39.23931699810606,33.84254320665521,37.09421813605108,5.75495948218932
1717,57,31.835057713963966,50.80676379504504,33.89199746621622,54.3598425434363,4.105529166461388
1718,58,31.898082386363637,56.05113636363637,33.89199746621622,54.3598425434363,2.614607452737498
1719,59,30.504588729148374,30.115335546532044,33.43098958333333,24.836647727272727,6.035591690345791
1720,60,34.16117908354115,16.99973698566085,37.40656146179402,17.366428311877076,3.266032655959899
1721,61,34.11191114738806,3.646805037313433,36.4647633744856,0.8005401234567902,3.6928495179751395
1722,62,33.8531494140625,8.33587646484375,37.15289127876569,5.863461035564853,4.123243192998839
1723,63,33.89199746621622,54.3598425434363,35.55508140756303,56.259191176470594,2.524554104346919
1724,64,29.12179757882883,75.40329391891892,35.24396519461078,73.05252775698602,6.557975134431201
1725,65,30.987690770348834,95.90411518895348,36.540371509308514,97.1700465425532,5.69515983804147
1726,66,38.54512004720011,81.13874763196763,44.560420048701296,84.00974025974025,6.665315654699712
1727,67,37.15289127876569,5.863461035564853,38.337978192007796,9.06375639619883,3.412670711808137
1728,68,38.47182889884089,66.68038724973655,43.04296875,71.1591796875,6.399601646932555
1729,69,40.2594679852614,32.334972886540605,44.59964527803309,28.725747501148895,5.644789350830278
1730,70,36.4647633744856,0.8005401234567902,40.07426750642438,2.592120961820852,4.029675170392323
1731,71,43.72616059512254,45.49127183935938,48.41995077959831,45.729139138477805,4.699813522669909
1732,72,41.53943048007246,55.89270550271739,45.37702802359882,59.63599280973452,5.360909882562387
1733,73,37.40656146179402,17.366428311877076,40.54008152173913,23.05961277173913,6.498561168450534
1734,74,42.302444123741864,91.13305533969805,45.500300480769226,89.79116586538461,3.4679897118436664
1735,75,38.337978192007796,9.06375639619883,41.68242436305732,12.880672770700638,5.0748567271389895
1736,76,44.59964527803309,28.725747501148895,48.72445913461539,27.282151442307693,4.370132598967123
1737,77,44.560420048701296,84.00974025974025,45.986328125,86.444091796875,2.8212198156833006
1738,78,45.37702802359882,59.63599280973452,49.53748914930556,56.41547309027778,5.261291100283911
1739,79,45.176091269841265,7.9380580357142865,47.768766983695656,2.5843523550724634,5.948456259580873
1740,80,42.302444123741864,91.13305533969805,46.28034925405562,97.72731387601391,7.701167110870351
1741,81,45.500300480769226,89.79116586538461,45.986328125,86.444091796875,3.382177950824885
1742,82,48.23329595871913,13.376796392746915,52.35088470319634,13.60900042808219,4.124130912407046
1743,83,46.773357780612244,78.05923150510205,50.0433349609375,80.010986328125,3.8081619777842017
1744,84,45.986328125,86.444091796875,48.95234333087446,87.77279833355686,3.250031886320453
1745,85,47.299107142857146,51.15931919642858,49.56504420230263,51.20849609375,2.266470631752953
1746,86,47.768766983695656,2.5843523550724634,51.82024846311475,1.663358094262295,4.154844474408302
1747,87,48.41995077959831,45.729139138477805,51.35690789473685,48.747601425438596,4.211511803849952
1748,88,48.23329595871913,13.376796392746915,49.555368134469695,19.273176096906568,6.042778206547025
1749,89,49.53748914930556,56.41547309027778,49.56504420230263,51.20849609375,5.207049905975084
1750,90,50.07304995078739,70.6792876476378,51.22550247061965,74.4956513755342,3.986574834876543
1751,91,45.37702802359882,59.63599280973452,50.20045230263158,63.916015625,6.4485670559245785
1752,92,51.22550247061965,74.4956513755342,54.26737034574468,77.06906582446808,3.984397331554597
1753,93,49.56504420230263,51.20849609375,51.35690789473685,48.747601425438596,3.0441383117045566
1754,94,51.43616691468254,38.50833953373016,54.6142578125,33.61529181985294,5.8345674805480865
1755,95,53.89983982475689,89.89186588330632,56.63919238997555,94.03317924816625,4.965332704113344
1756,96,51.82024846311475,1.663358094262295,53.431346318493155,3.4393728595890414,2.3978875591369
1757,97,52.35088470319634,13.60900042808219,55.11837310303515,15.002714406948881,3.098617546282657
1758,98,53.16726912313433,31.79804104477612,54.88210642032815,28.658850545745274,3.577035636536563
1759,99,51.35690789473685,48.747601425438596,54.08147996471774,44.98023248487903,4.6493399207643265
1760,100,53.16726912313433,31.79804104477612,54.6142578125,33.61529181985294,2.322967207402957
1761,101,54.31830427115988,98.04105848354232,58.24682659208261,97.4632906626506,3.970781192768761
1762,102,55.042484032846716,54.86427919708029,56.88996010638297,56.47601765661938,2.451707303950941
1763,103,56.63919238997555,94.03317924816625,58.24682659208261,97.4632906626506,3.7881594532913008
1764,104,56.91154233870967,69.1395749327957,62.24182128906251,71.1322021484375,5.690556818896622
1765,105,56.88996010638297,56.47601765661938,60.34651012136783,53.342183070517365,4.665689361620739
1766,106,54.26737034574468,77.06906582446808,58.28244405021834,78.9139260371179,4.418633958201804
1767,107,58.24682659208261,97.4632906626506,61.07802972560976,99.37357088414635,3.415388954121004
1768,108,55.11837310303515,15.002714406948881,58.341206395348834,21.7687136627907,7.494357901788352
1769,109,63.71119758639823,60.7806018481822,70.39094518442623,63.96004098360656,7.397828140017102
1770,110,59.22154017857143,0.744047619047619,63.22252155172414,5.5234375,6.233010475080639
1771,111,60.71965860343184,40.09938780981888,62.595152243589745,42.05478766025641,2.709439973382673
1772,112,62.595152243589745,42.05478766025641,63.25304602888087,46.82388030234657,4.814256833776445
1773,113,62.1353607832618,88.6405802932761,63.88527199074075,90.0270061728395,2.232569361427221
1774,114,63.90953268898696,29.35848162893323,68.72514910536779,30.067835176441353,4.8675809109945885
1775,115,62.24182128906251,71.1322021484375,64.07982610887096,71.40325730846774,1.8578839084878649
1776,116,63.22252155172414,5.5234375,66.03949652777777,0.5230034722222222,5.739310801992715
1777,117,63.355371364265935,80.41789300554017,63.733303931451616,83.37638608870968,2.9825348863846335
1778,118,63.22252155172414,5.5234375,68.50345220861665,8.819442599872502,6.225100659530955
1779,119,63.733303931451616,83.37638608870968,64.9169921875,85.56082589285714,2.484531172163208
1780,120,64.26337017276423,34.669556656504064,64.54156839622641,37.735849056603776,3.0788867037367216
1781,121,64.54156839622641,37.735849056603776,66.99712026454604,38.10897788123401,2.4837391364187096
1782,122,66.48539479284904,18.005662067253123,69.76314045936395,15.628105675795053,4.049245738272802
1783,123,68.72514910536779,30.067835176441353,72.51486538877668,28.51962591964801,4.093763721999002
1784,124,70.8567549542683,95.16006097560977,72.53811743951613,94.99747983870968,1.6892046746544591
1785,125,70.39094518442623,63.96004098360656,74.16409833715596,69.72790639334863,6.8923839198678785
1786,126,71.27739043824701,50.043186628486055,78.05813686303009,55.13877607729138,8.481954604216217
1787,127,71.12204293224299,72.63069509345794,74.16409833715596,69.72790639334863,4.204792899066794
1788,128,72.03920717592592,91.56539351851852,72.53811743951613,94.99747983870968,3.468159160182659
1789,129,74.99503500832749,42.19907356679523,77.43590448943662,35.835717429577464,6.81543433339923
1790,130,73.75478476405623,4.862810617469879,74.20914446721312,0.509093237704918,4.377361963868227
1791,131,74.3132560483871,75.73504704301075,76.70487507735149,79.39839882425743,4.374927182578896
1792,132,75.54221737907761,31.915907972440944,77.43590448943662,35.835717429577464,4.35326969669888
1793,133,72.03920717592592,91.56539351851852,75.79396690724816,90.67010902948402,3.8600200720028344
1794,134,81.0559449526206,20.89141524698495,91.33443477683315,19.735176175611052,10.343318706131626
1795,135,78.05813686303009,55.13877607729138,82.46422521398003,58.912909013908695,5.801525142549701
1796,136,74.16409833715596,69.72790639334863,77.78274678738318,66.50938230140187,4.842882812620345
1797,137,77.43590448943662,35.835717429577464,79.88151041666667,33.63802083333333,3.2879870255896324
1798,138,77.70532024793388,97.04529313016529,80.82675621157787,98.57317815061475,3.4753122321374055
1799,139,80.24755414133739,3.147499525075988,84.15163156077348,0.7704592541436464,4.5707921574476424
1800,140,80.39616059491979,83.31644802807486,82.159423828125,86.77096896701389,3.8785064325254694
1801,141,80.21273226351352,74.83108108108108,81.74231663223141,75.79093491735537,1.805809438461484
1802,142,81.65243825604838,71.6552734375,84.45196952528626,70.29125417461832,3.1141489811749383
1803,143,81.49995349702381,92.68856956845238,82.32840401785714,94.89397321428571,2.3558725573604216
1804,144,82.46422521398003,58.912909013908695,87.07093583776596,57.18282496675532,4.920871221797704
1805,145,84.24683551875957,38.34869711906585,87.27399553571429,38.018719561688314,3.0450916171146902
1806,146,84.24683551875957,38.34869711906585,86.05720469778927,44.4586738593603,6.372538923484106
1807,147,85.65330933988764,96.38562148876404,87.18295162671232,99.42610231164383,3.403575937149348
1808,148,82.159423828125,86.77096896701389,85.98796665268456,83.78185297818791,4.857216749759224
1809,149,86.9918564618644,8.760924258474576,88.42789989406779,12.089347192796609,3.62499930605447
1810,150,85.65330933988764,96.38562148876404,89.12749191810346,96.08701508620689,3.486991593110942
1811,151,90.89503432765152,27.24387428977273,91.33443477683315,19.735176175611052,7.521543732795559
1812,152,91.02353182705966,84.56358476118608,93.25745738636364,81.68394886363637,3.6445474762950436
1813,153,91.18998209635417,1.1578369140625,92.79665293927648,4.302678859819122,3.531490062464706
1814,154,90.89503432765152,27.24387428977273,94.84471450617285,32.79079861111111,6.809430441619884
1815,155,92.054443359375,63.06030273437499,95.22430022113593,60.44758205307262,4.107834208260845
1816,156,92.41988570601852,53.799551504629626,93.61455108359134,56.87010207043344,3.2947695126562775
1817,157,88.42789989406779,12.089347192796609,93.54658917682926,9.936880716463413,5.552845388194719
1818,158,92.41988570601852,53.799551504629626,92.48227719907408,49.985532407407405,3.8145293775748415
1819,159,93.25745738636364,81.68394886363637,95.51382211538461,84.36147836538461,3.501477691361478
1820,160,93.24662642045455,44.38920454545455,94.7109375,46.509765625,2.5770111039269015
1821,161,94.18824424784715,89.70593800457482,95.51382211538461,84.36147836538461,5.50639678172925
1822,162,95.19695252862596,95.7121948552799,96.28551136363637,99.16370738636363,3.6191019727975706
1823,163,93.61455108359134,56.87010207043344,95.22430022113593,60.44758205307262,3.9229651173582547
1824,164,94.84471450617285,32.79079861111111,95.40552171610169,37.61420815677966,4.855902014245619
1825,165,96.11049107142857,64.95047433035714,99.12261962890625,66.24247233072916,3.277526091389335
1826,166,96.12200275157232,74.90787146226415,98.53474592962185,72.50757724964986,3.4033427612178895
1827,167,95.51382211538461,84.36147836538461,97.79621384899069,80.36487650427019,4.602405725476253
1828,168,93.61455108359134,56.87010207043344,97.02396716101694,55.46543961864406,3.6874374018381872
1829,169,94.7109375,46.509765625,97.77263484589042,43.06908176369863,4.605680847741417
1830,170,94.7109375,46.509765625,98.4502945354278,49.34095086898396,4.690245294668065
1831,171,99.34887932342234,11.291859450849515,99.53786714480874,5.529585040983607,5.765372734804566
1832,172,94.84471450617285,32.79079861111111,98.85444370567376,29.75537455673759,5.029088132375451
1833,173,95.19695252862596,95.7121948552799,98.82411172945206,94.15534032534246,3.947160991842638
1834,1,0.6629731075697212,11.829245517928287,5.185150971283783,10.449350717905405,4.7280230847782105
1835,2,0.8867938701923077,60.954777644230774,3.288294057377049,62.35191470286885,2.7783439509297985
1836,3,0.4281850961538462,74.43242521367522,3.444836186427696,69.8391783471201,5.495279845246169
1837,4,0.6786112882653061,90.08689413265306,3.2030021619496853,93.98830581761007,4.646887390357121
1838,5,1.7814052943425078,5.2526818138379205,6.80366847826087,2.9313858695652173,5.532769862323817
1839,6,1.4584189967105263,84.3994140625,6.924211427211483,84.89892263473931,5.4885695501708005
1840,7,2.341777146464646,43.30512152777778,8.908752611420613,48.15024373259053,8.160905338067783
1841,8,4.262152777777778,24.637586805555557,8.945088002873563,27.586206896551722,5.533917487952741
1842,9,6.032629479895105,35.09909036276223,9.563979144874477,39.18426385983263,5.399914162050756
1843,10,6.924211427211483,84.89892263473931,10.7666015625,81.585693359375,5.073603274093628
1844,11,5.185150971283783,10.449350717905405,7.747161645683454,12.67177664118705,3.3916184455525245
1845,12,5.935394835329341,16.403910928143713,8.2801748853211,17.438360091743117,2.562826282624492
1846,13,8.7611911083878,71.74330235566448,12.344980010943237,67.26037676945073,5.739352290076772
1847,14,7.304499699519231,76.1127178485577,10.496903153153154,77.41430884009009,3.4475467973636107
1848,15,7.366943359375,59.67559814453125,8.450706845238095,56.309895833333336,3.5358867828160334
1849,16,7.304499699519231,76.1127178485577,8.7611911083878,71.74330235566448,4.605837775064017
1850,17,8.908752611420613,48.15024373259053,10.686598557692308,48.59375,1.8323302153013188
1851,18,8.2801748853211,17.438360091743117,11.503770025065387,20.68183985396687,4.572934133894566
1852,19,10.496903153153154,77.41430884009009,13.711402529761903,76.95932539682539,3.24653910739776
1853,20,10.496903153153154,77.41430884009009,10.7666015625,81.585693359375,4.180094022834183
1854,21,12.74647999490316,86.79868676732926,15.926305259146343,87.28325076219512,3.216534000479334
1855,22,8.450706845238095,56.309895833333336,12.766911242903486,57.07988011962692,4.384346724834284
1856,23,7.747161645683454,12.67177664118705,13.568824945494187,14.09912109375,5.994086732991559
1857,24,10.686598557692308,48.59375,13.348454301075268,44.700835853494624,4.715957649369059
1858,25,13.721869667235495,97.68424701365188,22.865220716783217,95.13152862762237,9.49301003758231
1859,26,14.654583697552448,50.938319493006986,17.94479658018868,50.41642099056604,3.3313479043647676
1860,27,14.959161931818182,26.71860203598485,18.018434758771928,29.037314967105267,3.8386950760229173
1861,28,13.711402529761903,76.95932539682539,15.4296875,72.55055147058823,4.731785156958713
1862,29,16.197525482832617,82.76555793991416,19.7013892440671,84.84562001329788,4.0747661879452215
1863,30,16.924087742842538,62.37438490541922,18.013020833333336,59.803385416666664,2.7920984307025694
1864,31,18.018650799099298,8.249292893233743,20.99095394736842,11.671206825657894,4.532557883373256
1865,32,19.317081346841476,38.35492867252682,19.45763790246212,33.79757043087121,4.5595252261736885
1866,33,17.98513986013986,78.03827032342657,20.344175849596233,78.75444250504711,2.4653505619439855
1867,34,18.65088619402985,19.263059701492537,20.158305921052634,16.394942434210527,3.240125135283925
1868,35,19.45763790246212,33.79757043087121,22.7410001376652,34.433507709251096,3.3443809277041048
1869,36,19.998146669708028,44.06863024635037,22.801421790994624,44.818705897177416,2.901889882057555
1870,37,18.018434758771928,29.037314967105267,20.494805007684427,25.228731749487704,4.542875271809374
1871,38,18.65088619402985,19.263059701492537,21.98404146141215,20.09297388136289,3.43492089900601
1872,39,17.94479658018868,50.41642099056604,22.377021827889447,54.59794087625628,6.093416874035379
1873,40,21.068740472560975,66.76829268292683,22.846028050731263,64.38528336380256,2.972790700764441
1874,41,24.158875635065183,5.878322109854295,28.19819655373832,4.826956775700935,4.173904952186837
1875,42,22.846028050731263,64.38528336380256,24.239381602112676,61.96013974471831,2.796918964205476
1876,43,22.865220716783217,95.13152862762237,23.104039634146343,93.03186928353658,2.1131975384467188
1877,44,19.7013892440671,84.84562001329788,23.549939076834864,83.41008457568807,4.107565922530073
1878,45,22.865220716783217,95.13152862762237,23.608104292168676,97.4774096385542,2.460697812415833
1879,46,24.239381602112676,61.96013974471831,26.61798928347935,62.527500195556954,2.445336864939546
1880,47,22.7410001376652,34.433507709251096,27.224400672635007,35.36128698295672,4.578389972215701
1881,48,22.801421790994624,44.818705897177416,24.903579905063292,40.982248813291136,4.3746396072186275
1882,49,25.472962622549016,74.44469975490196,28.404360911885245,79.83070248463115,6.1320568600897305
1883,50,27.206566220238095,16.23212218915344,27.344847261235955,11.12183988764045,5.112152858381324
1884,51,28.362581623134332,26.943650886194032,31.061884818657877,25.380397231380915,3.119294748921652
1885,52,26.792279411764707,86.23764935661765,29.64457417582417,83.80194024725274,3.750768492792405
1886,53,23.608104292168676,97.4774096385542,27.001293285472972,99.42725929054053,3.913520820135319
1887,54,29.866885039126856,47.390953202224054,30.45264175257732,53.85490496134021,6.490437833577422
1888,55,28.404360911885245,79.83070248463115,31.7626953125,81.29227249710648,3.6625942783387306
1889,56,30.39296090680925,68.46815664556962,34.46197509765625,71.240234375,4.923544599505333
1890,57,28.813657407407405,90.36168981481481,30.875958136792452,91.80608785377359,2.517810555496589
1891,58,29.64457417582417,83.80194024725274,31.7626953125,81.29227249710648,3.284032485490536
1892,59,30.45264175257732,53.85490496134021,32.63604439737852,58.63645899936062,5.256472783895502
1893,60,27.224400672635007,35.36128698295672,31.78198377071823,38.542925587016576,5.558272024899269
1894,61,33.12174479166667,87.65733506944444,35.27099609375,85.2227783203125,3.247514083764811
1895,62,34.73235748626374,18.7014401614011,37.737907247340424,19.16971409574468,3.0418102905825255
1896,63,35.27099609375,85.2227783203125,35.31948912377451,83.14232919730392,2.081014206435918
1897,64,37.011515863054015,53.03167200484764,42.771348596256686,50.37443599598931,6.343230747911216
1898,65,36.96371822033898,6.561175847457627,37.489549700184504,11.65604820110701,5.121935478427793
1899,66,36.53395432692308,25.462740384615383,38.82483583271237,24.244946907600596,2.594447730486619
1900,67,38.74657927259887,97.67887093926554,42.10143008474576,98.16273834745762,3.3895651108177853
1901,68,37.737907247340424,19.16971409574468,39.58451704545455,16.611328125,3.155203087250374
1902,69,41.15768091136631,93.79900066254417,42.03701331967213,91.50710809426229,2.4547906283108207
1903,70,40.29947916666667,64.03655268719807,43.20518092105263,70.52323190789474,7.107749995438753
1904,71,40.57992788461539,43.28175080128205,44.20211226851852,39.18788580246913,5.466255605027742
1905,72,41.69122869318182,31.106178977272727,41.79578993055556,29.28276909722222,1.8264053884685394
1906,73,42.97690831514963,78.20792257637157,47.28270281711823,82.10068375410509,5.804606436275614
1907,74,42.771348596256686,50.37443599598931,48.057686941964285,53.48720005580358,6.134710522703571
1908,75,43.20518092105263,70.52323190789474,45.79983313106796,69.49237712378641,2.791931531548806
1909,76,44.23114224137931,4.911233836206897,48.368171517175576,6.294065415606447,4.362021825458923
1910,77,43.31710587686567,24.425722947761194,46.97426470588235,22.410845588235297,4.175469012528381
1911,78,41.69122869318182,31.106178977272727,44.25544403558875,30.61034298110721,2.6117146967707936
1912,79,45.355446343212236,17.319139878107073,46.97426470588235,22.410845588235297,5.342849420475024
1913,80,47.28270281711823,82.10068375410509,48.831492456896555,85.08721713362068,3.3642430018126723
1914,81,42.10143008474576,98.16273834745762,46.66287488553114,95.68130437271061,5.192715401564065
1915,82,46.97426470588235,22.410845588235297,49.13616415895062,24.661217206790123,3.120573932271746
1916,83,48.81801266642012,57.87721893491125,50.867303527227726,54.41967048267327,4.019233052680925
1917,84,48.057686941964285,53.48720005580358,50.867303527227726,54.41967048267327,2.960311884442912
1918,85,45.79983313106796,69.49237712378641,48.33666146894094,68.12667069755601,2.8810852223567363
1919,86,49.164019574175825,42.16711023351649,51.205589657738095,39.30121527777778,3.5187160020986354
1920,87,50.36408253205128,34.83373397435898,53.20060483870967,34.25634240591398,2.8946916622469545
1921,88,50.23700842696629,62.20264220505618,53.71213573619632,63.24050996932515,3.6268001477149294
1922,89,45.355446343212236,17.319139878107073,50.568886408730165,14.705791170634921,5.831770638802072
1923,90,54.12236883822232,95.36759587284958,54.703776041666664,90.205078125,5.195153879634248
1924,91,49.13616415895062,24.661217206790123,52.68138065273038,23.591483575085324,3.7030919554567387
1925,92,51.774088541666664,88.67296006944444,54.703776041666664,90.205078125,3.306123800436943
1926,93,52.676462572674424,71.37195675872093,52.939453125,73.27287946428571,1.9190287030537692
1927,94,53.92286068925234,9.21856746495327,55.37440413135594,5.5233712923728815,3.9700696616264466
1928,95,53.23050362723214,51.25645228794643,53.329886642156865,49.04593673406863,2.2127485165719145
1929,96,53.547175480769226,60.71814903846153,55.918801477713174,60.20999878875969,2.425453884462128
1930,97,53.547175480769226,60.71814903846153,53.71213573619632,63.24050996932515,2.5277493054924896
1931,98,51.774088541666664,88.67296006944444,53.68003362341772,84.13024129746836,4.926349611620653
1932,99,53.20060483870967,34.25634240591398,54.99506106321839,37.34210368773947,3.569593230340301
1933,100,53.20060483870967,34.25634240591398,55.143821022727266,31.528764204545457,3.3489956677201977
1934,101,55.37440413135594,5.5233712923728815,58.438895089285715,7.541852678571429,3.6695193060758484
1935,102,56.56288548519737,74.08640008223685,56.60711550245098,76.30495557598039,2.2189963436756543
1936,103,57.83365885416667,63.733723958333336,60.214338631465516,62.973127693965516,2.4992284568262173
1937,104,58.18427905701754,89.02309484649122,58.193009213147405,91.32454556772909,2.3014672793486186
1938,105,52.68138065273038,23.591483575085324,58.29180136494253,23.36341594827586,5.615054355072405
1939,106,58.19508272058823,12.667738970588236,58.438895089285715,7.541852678571429,5.131681473924086
1940,107,55.143821022727266,31.528764204545457,58.710662411971825,31.983109595070424,3.5956622797364233
1941,108,60.21728515625,0.3021240234375,61.563005118534484,2.0297346443965516,2.18988599578642
1942,109,60.65872949911347,81.22125720301419,63.044800251831504,82.44011847527473,2.679357467377759
1943,110,58.193009213147405,91.32454556772909,60.763695126488095,90.31110491071429,2.7632386850105486
1944,111,55.918801477713174,60.20999878875969,60.86982593201754,56.59864994517544,6.128171311017434
1945,112,60.214338631465516,62.973127693965516,61.21197495669746,67.12660580254041,4.271610777661426
1946,113,62.33302103481625,39.45690280464217,65.66999846813727,37.88679534313725,3.6879067004422823
1947,114,61.313802083333336,99.0703125,65.42664524922118,96.71710718457945,4.738465380660066
1948,115,62.04318122384937,43.53303151150627,62.33302103481625,39.45690280464217,4.086420481416832
1949,116,60.65872949911347,81.22125720301419,63.146617111650485,79.20073574029126,3.2050104140141396
1950,117,63.25017755681818,28.894835633116884,64.57310267857143,24.722377232142854,4.3771611788492075
1951,118,62.95965786637932,94.1546560704023,65.42664524922118,96.71710718457945,3.5569906465506276
1952,119,64.57310267857143,24.722377232142854,66.07620497881356,22.331170550847457,2.824391247271692
1953,120,65.63149074773413,64.82811319864048,67.95917585784314,62.745098039215684,3.1236309202939863
1954,121,65.66999846813727,37.88679534313725,67.50837053571429,37.315418956043956,1.9251189143985992
1955,122,61.563005118534484,2.0297346443965516,65.76425057870371,5.660445601851852,5.552704338714469
1956,123,63.146617111650485,79.20073574029126,66.54806698069852,76.88849954044117,4.112942675937036
1957,124,68.43762056327161,55.32660590277778,73.11224168346774,53.23919480846774,5.119508540283178
1958,125,66.87979068396226,89.15370725235849,69.37758501838235,90.79805261948529,2.990459533826275
1959,126,67.15706168831169,49.873173701298704,71.16802376760563,49.75883949530516,4.0125913213525966
1960,127,67.54181690705127,92.09735576923077,69.37758501838235,90.79805261948529,2.249051629802786
1961,128,68.71677673969072,40.31424506013745,70.4483309659091,42.40500710227273,2.71469444968828
1962,129,68.87478298611111,30.269097222222225,70.06980971534654,35.12498710808581,5.000775486583991
1963,130,66.87979068396226,89.15370725235849,69.52287437271897,83.87869953239051,5.900135407894775
1964,131,69.19994889018692,17.962361273364486,70.32942708333333,21.796875,3.9974012193610817
1965,132,67.50837053571429,37.315418956043956,70.06980971534654,35.12498710808581,3.370305972979965
1966,133,69.19994889018692,17.962361273364486,70.30874399038461,12.779196714743591,5.300435964707636
1967,134,71.16802376760563,49.75883949530516,73.11224168346774,53.23919480846774,3.986584554505039
1968,135,70.4483309659091,42.40500710227273,72.91474531782066,38.971272878830874,4.2277334911925575
1969,136,72.41494979224376,71.0485738400277,73.12735757023934,76.09972522112383,5.101142530541362
1970,137,72.41494979224376,71.0485738400277,72.89205411585365,66.21887703252033,4.8532051046760945
1971,138,73.0658143939394,0.5894886363636364,79.9426211124402,4.173519736842105,7.75472433893137
1972,139,72.89205411585365,66.21887703252033,74.19006897522522,60.41332347972973,5.948890201497161
1973,140,74.54476033834587,99.7055627349624,77.24660954005282,98.35995956205986,3.0183831777443175
1974,141,72.91474531782066,38.971272878830874,76.80155011989159,35.73673047852377,5.056630904939179
1975,142,76.00273613457207,8.41867257882883,79.52684554066543,9.719053257855823,3.756372853764979
1976,143,78.45253102174635,50.94044395335325,81.93168826219512,48.401295731707314,4.307181072958836
1977,144,77.55706577100689,90.39290282053604,77.7856691919192,82.4771148989899,7.91908820148813
1978,145,76.39820514169473,27.251135486812572,81.70362903225806,30.560105846774192,6.252743997771275
1979,146,78.36061507936508,77.59610615079366,78.751220703125,80.01953125,2.4547020114010087
1980,147,77.7856691919192,82.4771148989899,78.751220703125,80.01953125,2.6404558531765585
1981,148,80.61269038865547,41.09095982142857,81.9765625,43.82682291666667,3.056974650203894
1982,149,79.9426211124402,4.173519736842105,81.6650390625,5.16815185546875,1.9889737670698313
1983,150,81.70362903225806,30.560105846774192,84.60065230582524,31.336278822815533,2.9991979488401164
1984,151,82.87425889328063,97.22525012351778,85.70092429577466,97.10469850352112,2.82923487726638
1985,152,81.93168826219512,48.401295731707314,84.50980157208589,50.3936205904908,3.25822445229952
1986,153,81.64899553571429,70.19949776785714,83.8565546573359,68.76960666023166,2.630191220257802
1987,154,81.4605712890625,75.823974609375,83.05210467896174,78.10418801229508,2.7807106455042345
1988,155,81.54544106012658,63.08964596518988,86.2003046573359,64.62015866312741,4.900022880270312
1989,156,81.9765625,43.82682291666667,84.69941737288136,43.764896716101696,2.7235589791833297
1990,157,82.61171144859813,26.013069509345794,82.71484375,22.861842105263158,3.152914591902836
1991,158,86.13364165683961,77.51510908018868,88.6502422863924,78.7665644778481,2.8105905680117007
1992,159,84.60065230582524,31.336278822815533,86.1835186298077,32.23876953125,1.8220744437064715
1993,160,85.7641327247191,0.6084313553370787,90.1624177631579,3.661595394736842,5.354131295629428
1994,161,83.8565546573359,68.76960666023166,86.2003046573359,64.62015866312741,4.765614623862537
1995,162,83.8565546573359,68.76960666023166,85.66975372516556,72.94727855960265,4.554188551034346
1996,163,86.31514537183544,58.89413568037975,90.82359900841345,58.393507737379814,4.536163856221009
1997,164,82.61171144859813,26.013069509345794,87.02738374573379,25.942899424061434,4.416229803413775
1998,165,90.07389419510386,18.59821262982196,93.01956300813008,23.025835238821138,5.317970169506034
1999,166,88.6502422863924,78.7665644778481,88.69083309819413,86.35744391930022,7.590987966573472
2000,167,91.06843171296296,42.15258049242424,93.66484375,40.725,2.962995364225379
2001,168,90.34444363317758,95.24934287383178,94.61320182532347,95.47255275723968,4.274589939990004
2002,169,90.1624177631579,3.661595394736842,90.66280241935483,5.88930191532258,2.283212899844766
2003,170,90.66280241935483,5.88930191532258,91.89002523369133,7.350089498806682,1.9078721655523208
2004,171,88.6502422863924,78.7665644778481,93.92765215582045,79.76365761248925,5.370777378470004
2005,172,92.13654891304348,50.00424592391305,94.30507547968398,52.60938381772009,3.3895797550692026
2006,173,93.44893745754077,67.15273649796195,96.19119758279915,68.88709435096155,3.244686079860963
2007,174,93.01956300813008,23.025835238821138,98.31433652052239,23.377375816231343,5.306430751936468
2008,175,93.66484375,40.725,95.99132390745501,40.44926895886889,2.3427627985084505
2009,176,94.61320182532347,95.47255275723968,98.44021267361111,95.76099537037037,3.837865445007279
2010,177,94.30507547968398,52.60938381772009,96.13837629821958,54.739950389465875,2.8107482647657944
2011,178,94.67738309352518,14.321745728417264,98.23855629450158,16.245472582080698,4.047552294270982
2012,179,90.1624177631579,3.661595394736842,95.62247983870968,0.9866431451612904,6.080102581896794
2013,180,95.88307841842723,29.629273034037556,98.69501264263485,30.711404845262795,3.0129691897090067
2014,181,95.99132390745501,40.44926895886889,96.91581156716418,43.446828358208954,3.1368837698465124
2015,182,96.91461527122641,36.47184551886792,99.08561706542969,38.220977783203125,2.7879584768378867
2016,183,98.61421130952381,61.30701980311355,99.66571514423077,64.19557005494505,3.0739848522332154
2017,184,95.62247983870968,0.9866431451612904,99.33022103658537,6.158060213414633,6.363245970748473
2018,185,98.44021267361111,95.76099537037037,99.29520456414474,87.96943530701753,7.838330138091469
2019,186,96.13837629821958,54.739950389465875,99.26692708333333,52.182942708333336,4.0405591564047985
2020,1,0.47898065476190477,2.966889880952381,6.511770252281947,2.2016235103955375,6.0811333603080335
2021,2,0.703231148097826,27.231763756793477,4.970058692893401,30.14851681472081,5.168487757357532
2022,3,1.1757771424815984,34.92263489090431,5.310687822164948,34.47668331185567,4.158889171379228
2023,4,0.9684462969168901,51.75467074396782,3.936521727232925,57.59444094789843,6.55075475000869
2024,5,0.4397681451612903,84.06313004032258,2.1310259205426356,86.24636627906976,2.7616794413846852
2025,6,1.544788633527454,98.11495814267886,5.222526658767772,93.70527945423578,5.742039978753865
2026,7,0.9684462969168901,51.75467074396782,2.367571995363766,43.496386300820255,8.375966491336245
2027,8,1.619690953038674,69.6898739640884,3.572272575622776,66.96368994661923,3.3533049801587627
2028,9,1.9077179538216562,17.264007762738853,5.359590682515337,23.517781825153374,7.143186638946779
2029,10,3.936521727232925,57.59444094789843,5.039987056213017,60.39085613905325,3.0062557531891065
2030,11,0.4397681451612903,84.06313004032258,3.0898287835249043,80.05230783045977,4.80723581553193
2031,12,5.222526658767772,93.70527945423578,8.674986172566372,92.1244123340708,3.797185476907495
2032,13,3.1689453125000004,8.544921875,4.806067652569594,10.580124130085652,2.611937551983329
2033,14,1.619690953038674,69.6898739640884,4.137637010261194,72.50065590018657,3.773664987698063
2034,15,0.703231148097826,27.231763756793477,5.359590682515337,23.517781825153374,5.956118358655241
2035,16,4.970058692893401,30.14851681472081,9.048876350308642,30.789448302469136,4.128867478429119
2036,17,6.511770252281947,2.2016235103955375,10.658233019770408,4.657356106505102,4.819105317977922
2037,18,7.880434782608696,12.35448060770751,9.58384900990099,15.140586324257427,3.265578829784075
2038,19,13.287353515625,41.12548828125,16.575379663584183,40.587544343909435,3.3317412308558376
2039,20,5.039987056213017,60.39085613905325,8.179552801724139,57.84280711206896,4.043442458388938
2040,21,8.674986172566372,92.1244123340708,10.289320054945055,93.9463856456044,2.434267986836399
2041,22,10.30901075708061,68.09959660947712,12.754456426056338,68.30298195422534,2.4538887746535094
2042,23,9.571409761235955,97.30512640449437,10.289320054945055,93.9463856456044,3.434608372906929
2043,24,9.58384900990099,15.140586324257427,11.200794198895029,19.454096167127073,4.606612519926577
2044,25,12.068054121664549,10.107856178526047,15.370227444556454,13.131024760584678,4.477041090940014
2045,26,12.39599212398374,26.793540396341463,14.392605633802816,27.437738409624412,2.097964868130481
2046,27,8.179552801724139,57.84280711206896,13.021225527108435,59.90446159638554,5.262339212976759
2047,28,13.079512746710526,73.10726768092105,15.634237753378377,70.7717483108108,3.4613972016880967
2048,29,13.765285326086957,50.90862771739131,19.58267076880531,57.587372096238944,8.857064969115914
2049,30,14.320412660256409,85.35281450320514,19.096202420112782,81.51433270676691,6.127161686452919
2050,31,11.200794198895029,19.454096167127073,17.003814716592778,21.240821920519316,6.071856062741949
2051,32,15.634237753378377,70.7717483108108,16.254058441558442,67.33969155844156,3.487576699798783
2052,33,17.23526664402174,96.5283203125,21.63665254237288,99.32964777542372,5.217243849077302
2053,34,19.84313927421827,89.9254196045371,25.655911663385826,87.89216289370079,6.158121117713549
2054,35,19.096202420112782,81.51433270676691,21.10595703125,79.65303308823529,2.7392608249185155
2055,36,19.58267076880531,57.587372096238944,23.81947191455696,55.74404173259494,4.620427553611725
2056,37,19.8034162352071,9.064117973372781,23.42032967032967,5.849180116758242,4.839203262838156
2057,38,16.254058441558442,67.33969155844156,19.92427638319672,64.04969262295081,4.928954527549809
2058,39,20.066481370192307,73.73547676282051,22.027506074061662,69.34837361762735,4.805443985288947
2059,40,21.10595703125,79.65303308823529,22.872535654362416,80.60442009228188,2.006473838131588
2060,41,23.42032967032967,5.849180116758242,25.761822639627656,2.867457613031915,3.791208041574598
2061,42,19.8034162352071,9.064117973372781,23.768097763761467,14.571515604521625,6.7860244834839865
2062,43,24.782380234771573,83.28640545685279,27.43491921005386,81.58118968806104,3.153367062923006
2063,44,26.708926037933097,34.03442820340502,28.30194152227723,28.981023102310232,5.298547107380569
2064,45,25.863037109374996,49.044189453125,29.167126766784452,45.946748012367486,4.5289239277252245
2065,46,25.655911663385826,87.89216289370079,27.755859375000004,91.15234375,3.877958175031477
2066,47,25.920924517804156,22.752167563056382,28.266027113970587,22.644473805147058,2.347574095111626
2067,48,27.047776442307693,96.68719951923077,27.755859375000004,91.15234375,5.579965038040768
2068,49,30.295296308290155,6.080897830310881,32.393798828125,4.16748046875,2.8398730297806964
2069,50,28.607647235576923,53.87807992788461,33.69140625,54.41300675675676,5.111824765088795
2070,51,27.43491921005386,81.58118968806104,29.464934593023255,76.25987917877907,5.695376018428209
2071,52,28.607647235576923,53.87807992788461,29.95017122272296,59.591807993358636,5.869332079738546
2072,53,29.15838068181818,67.34197443181819,31.693381824712645,70.10596264367817,3.7504481905203253
2073,54,29.67737076130319,18.650265957446805,32.76509405339806,20.384557038834952,3.541440481432327
2074,55,30.42149697580645,84.00432627688173,32.64023680124223,83.29774844720497,2.328531434695596
2075,56,30.792157061688314,11.950842126623376,33.545277419599515,14.208628830400485,3.5605157638883993
2076,57,31.45801464160839,39.98347355769231,35.16942584325397,43.06098090277778,4.821371647856586
2077,58,31.693381824712645,70.10596264367817,33.10686135249554,68.10748802361853,2.447820496377103
2078,59,32.76509405339806,20.384557038834952,35.275756278538815,22.0230450913242,2.9980106582363457
2079,60,34.12395438762626,35.58357007575758,36.61346435546875,37.841033935546875,3.3606253820147662
2080,61,33.06107954545455,96.0089172979798,34.1895628511236,98.59879740168539,2.8250581450199945
2081,62,34.420976847627735,30.425980839416056,35.72225765306122,26.327327806122447,4.3002660873388425
2082,63,33.69140625,54.41300675675676,34.40600198412698,52.19339037698413,2.3318112995239177
2083,64,32.64023680124223,83.29774844720497,34.52499298278443,87.60613538547905,4.70260607256787
2084,65,35.16942584325397,43.06098090277778,36.910207648026315,42.77472245065789,1.764161328574158
2085,66,33.10686135249554,68.10748802361853,35.6055784761236,70.6082119030899,3.5351389202222756
2086,67,37.12790057588076,55.256499830623305,38.448539402173914,53.54364809782609,2.1628564372281844
2087,68,36.29296875,47.727864583333336,37.82074254587156,46.220075974770644,2.146513279591632
2088,69,32.64023680124223,83.29774844720497,37.49573224614396,78.06650666773778,7.13734730629695
2089,70,37.214211856617645,7.8713809742647065,39.32545513188073,4.166965309633028,4.2638062319613175
2090,71,38.38732489224138,18.659078663793103,41.54608641431925,17.828913585680752,3.2660294564313075
2091,72,36.29296875,47.727864583333336,38.81017262350299,49.32313108158682,2.9801326381938815
2092,73,36.61346435546875,37.841033935546875,40.48767662406191,37.268226723733584,3.916328485204364
2093,74,39.32545513188073,4.166965309633028,42.341768568840585,7.0873905495169085,4.198455707963985
2094,75,40.03310143626571,28.31303649573609,42.06973805147059,32.184504661239494,4.374489051180662
2095,76,41.54608641431925,17.828913585680752,43.11858897900763,19.687052719465647,2.4342237687719734
2096,77,42.37581324658703,71.35838843856655,42.731119791666664,67.07763671875,4.295471805016165
2097,78,43.23783489600735,96.06493928541597,49.00787651455718,93.63347988580892,6.261419574803676
2098,79,41.939453125,65.185546875,42.68093284116973,61.17828089162845,4.0752880672386755
2099,80,42.67336335110041,54.147502579092155,45.3228759765625,56.3043212890625,3.4163992887484818
2100,81,41.939453125,65.185546875,42.731119791666664,67.07763671875,2.0510339070656567
2101,82,41.54608641431925,17.828913585680752,42.422598379629626,13.675491898148149,4.244901051826583
2102,83,40.48767662406191,37.268226723733584,45.522325645466,37.89960347134761,5.0740838942761615
2103,84,43.11858897900763,19.687052719465647,46.100958694794954,16.95466531940063,4.044807785999157
2104,85,45.3228759765625,56.3043212890625,46.19202432753164,53.20596815664557,3.217951365255571
2105,86,47.17504040948276,82.09422144396552,52.12789518282662,81.019861852917,5.068038963614329
2106,87,47.041015625,22.687174479166668,48.972268853305785,20.590779958677686,2.8503699790339043
2107,88,50.232077205882355,52.00137867647059,50.80891744820829,49.01184560470325,3.0446761161669276
2108,89,49.86266011484099,5.835909893992933,54.30036543317793,1.4288012334887334,6.254265363564861
2109,90,50.17847521551724,30.534415409482758,53.14148509174312,26.411983944954127,5.076797091311392
2110,91,52.12789518282662,81.019861852917,53.182740199228796,84.22964532455013,3.378669552264274
2111,92,45.522325645466,37.89960347134761,50.95108695652174,37.45471014492754,5.446960569373421
2112,93,51.42831777597403,72.86475243506494,56.814236111111114,73.90679253472221,5.485796558573749
2113,94,54.30036543317793,1.4288012334887334,58.76663856199771,5.408093247703789,5.981835888388555
2114,95,52.49401461693548,64.43233366935483,55.226996527777786,61.29210069444444,4.162962077860647
2115,96,53.14148509174312,26.411983944954127,55.53131103515625,29.86602783203125,4.20020085396702
2116,97,48.972268853305785,20.590779958677686,52.89655412946429,20.594133649553573,3.9242867091889373
2117,98,53.182740199228796,84.22964532455013,56.14044971955128,83.66475646749085,3.011170042929492
2118,99,53.85463169642857,15.131138392857144,56.77056430785123,14.405911027892563,3.004765835344193
2119,100,55.53067525227865,96.32733662923178,57.138150409587375,93.3155244993932,3.4139403461114384
2120,101,55.226996527777786,61.29210069444444,57.47832369942196,64.46667268786128,3.891835219426677
2121,102,55.12957829301075,55.90242775537635,55.93963499493927,52.600344762145745,3.3999917580079657
2122,103,56.77056430785123,14.405911027892563,59.00452628968254,14.083426339285715,2.257118187125674
2123,104,56.884765625,47.85050101902174,59.42501905487805,48.39462652439025,2.5978760658660596
2124,105,57.45417522969052,36.248696657398455,61.39415394176137,34.481534090909086,4.318135684293944
2125,106,56.814236111111114,73.90679253472221,58.4420241878531,79.1164592161017,5.45805102155145
2126,107,57.45417522969052,36.248696657398455,57.77803308823529,41.877297794117645,5.6379104878330395
2127,108,53.14148509174312,26.411983944954127,57.75857042910447,25.432894123134332,4.719755702540999
2128,109,59.00452628968254,14.083426339285715,59.64332651869159,16.476297824182243,2.4766710875311904
2129,110,58.76663856199771,5.408093247703789,62.90457589285714,8.710782490079366,5.2943631898296735
2130,111,56.14044971955128,83.66475646749085,58.4420241878531,79.1164592161017,5.097475151497345
2131,112,60.701729910714285,62.198660714285715,62.61992872807017,63.04310581140351,2.0958468992156387
2132,113,57.138150409587375,93.3155244993932,61.675223214285715,89.44698660714285,5.962433652369642
2133,114,61.727241847826086,51.9913383152174,63.84871199324324,50.64400337837838,2.513154792272713
2134,115,61.99416257022472,1.0105775983146068,65.84630465779468,3.377123930608365,4.521010971643494
2135,116,63.15493786196911,57.0301188465251,65.25027252906976,57.832939680232556,2.243869126796068
2136,117,62.90457589285714,8.710782490079366,67.23420516304348,8.154296875,4.3652452230137735
2137,118,65.81862429355053,72.05563809009308,67.23644247658079,76.48474092505855,4.650501082983457
2138,119,59.64332651869159,16.476297824182243,62.99773185483871,17.30720766129032,3.4557844719506585
2139,120,64.72500455982491,28.656789579280158,67.65447443181817,33.97727272727273,6.0736590832042285
2140,121,62.61992872807017,63.04310581140351,63.98670708955224,66.85809235074626,4.052432033332828
2141,122,63.84871199324324,50.64400337837838,64.50282505580357,46.86279296875,3.8373709829118745
2142,123,67.59535845588235,99.09045649509804,69.9062445024629,93.33292434989124,6.203980232348439
2143,124,65.25027252906976,57.832939680232556,65.84887861394559,55.361793154761905,2.5426156601413443
2144,125,64.50282505580357,46.86279296875,66.98211669921875,42.8289794921875,4.734821878044155
2145,126,66.40778119555749,14.968457371515678,67.98618861607143,11.805943080357142,3.534524950670944
2146,127,67.23644247658079,76.48474092505855,68.61967824477352,79.46938969947736,3.2896002032233964
2147,128,66.18938577586206,20.357623922413794,69.6202761627907,19.221747819767444,3.614031456376985
2148,129,66.90815770348837,84.68159520348837,71.17707138761467,82.44516915137615,4.8192557028121135
2149,130,67.23420516304348,8.154296875,67.98618861607143,11.805943080357142,3.7282702588099825
2150,131,67.65447443181817,33.97727272727273,67.908203125,37.419921875,3.4519865880520264
2151,132,65.25027252906976,57.832939680232556,68.22189775485437,58.51790048543689,3.049545505019652
2152,133,69.21192956349206,23.70876736111111,69.6202761627907,19.221747819767444,4.505562263420482
2153,134,67.23644247658079,76.48474092505855,70.03009853078358,74.072265625,3.691144974472889
2154,135,68.22189775485437,58.51790048543689,74.68487178430078,61.70986044689973,7.208234298417386
2155,136,68.61967824477352,79.46938969947736,71.17707138761467,82.44516915137615,3.92371291424259
2156,137,73.1148446669601,35.97314682365024,74.8724365234375,39.6087646484375,4.038173609673877
2157,138,72.36781023550725,31.72554347826087,73.1148446669601,35.97314682365024,4.312794293904942
2158,139,73.56822096456693,68.9214751476378,76.98592275943396,72.09684551886792,4.665154076032589
2159,140,74.12897478070175,48.153097587719294,76.44937345297029,52.10202660891089,4.580206372280054
2160,141,71.17707138761467,82.44516915137615,75.48496000522077,86.93020258427804,6.218796445932911
2161,142,74.49840198863636,74.67342228084416,77.69799325980392,74.73862591911765,3.200255586195534
2162,143,74.8724365234375,39.6087646484375,76.48988381410257,39.598357371794876,1.6174807725246296
2163,144,76.66526023519164,18.86637086236934,77.98893960674157,15.535024578651685,3.5846889880024815
2164,145,76.44176578047264,99.0166355721393,82.49881628787878,99.41702178030303,6.070269348633288
2165,146,75.88832922149122,4.610402960526316,82.43209484011628,2.985328851744186,6.7425317448665645
2166,147,76.98592275943396,72.09684551886792,77.69799325980392,74.73862591911765,2.736064341465808
2167,148,76.48988381410257,39.598357371794876,78.70529119318181,36.58671875,3.73871596187318
2168,149,76.66526023519164,18.86637086236934,78.24523269489248,25.397975470430108,6.719983015562894
2169,150,84.0811765247056,19.479438106699554,90.92999886775362,17.948935688405797,7.017749292973983
2170,151,85.29770061623316,68.14783743871715,89.12255502965328,62.05457701300182,7.194257008159208
2171,152,80.42407746010637,48.1211560837766,84.4925185381356,48.77129678672316,4.120060162063583
2172,153,77.69799325980392,74.73862591911765,80.47598379629629,78.89298804012346,4.99759502693936
2173,154,81.50623566513761,90.28633887614679,86.30961863614736,92.999947959149,5.516897880289118
2174,155,82.43209484011628,2.985328851744186,88.37213240606935,2.8117097182080926,5.94257434858527
2175,156,85.11409003303964,81.92283865638767,87.20264220505618,82.3340941011236,2.1286571391513314
2176,157,87.61138570011337,8.642910289115646,92.64547413793103,7.610452586206897,5.138872960880148
2177,158,89.12255502965328,62.05457701300182,96.08760483794542,63.19551388362395,7.057878985554749
2178,159,89.92498387029637,26.943239052614054,92.87179969879517,23.620340737951807,4.441326011077808
2179,160,88.37213240606935,2.8117097182080926,90.09364603136882,0.8933875950570342,2.577512159091105
2180,161,89.07707555970148,14.353525342039802,90.92999886775362,17.948935688405797,4.0447868107328615
2181,162,91.12335501365291,43.401803322208735,91.40881990131578,36.22275904605263,7.184717595083198
2182,163,92.58683320063695,53.48713674363057,98.72871010990465,49.53665005958686,7.3026705395630875
2183,164,91.40881990131578,36.22275904605263,96.44498611374857,38.30721254272692,5.450496903865494
2184,165,91.71895777925532,5.204870345744681,92.64547413793103,7.610452586206897,2.5778398861296505
2185,166,94.81611755279035,85.86717739980607,97.84312307098766,79.6875,6.881219017940856
2186,167,92.87179969879517,23.620340737951807,96.4226336518595,25.077882877066116,3.838339595388654
2187,168,92.69605733580508,71.5087890625,93.89264396067416,74.81785463483146,3.5187688916444775
2188,169,95.09010217875317,12.879815720419845,99.69401041666667,10.980902777777777,4.980144719469632
2189,170,96.08760483794542,63.19551388362395,99.67080393145162,61.07925907258065,4.161472115606154
2190,171,93.89264396067416,74.81785463483146,97.79531593490474,74.0751041921104,3.972722839389516
2191,172,97.70859012470999,99.15961245649652,99.09835188356165,92.34936857876713,6.95060137114172
2192,173,98.72871010990465,49.53665005958686,99.67256433823529,56.44914215686274,6.976632984415843
2193,174,97.79531593490474,74.0751041921104,97.84312307098766,79.6875,5.612599417977121
2194,175,96.4226336518595,25.077882877066116,99.35286458333333,19.52734375,6.2765227564996415
2195,176,99.67080393145162,61.07925907258065,99.67256433823529,56.44914215686274,4.630117250378133
2196,177,91.71895777925532,5.204870345744681,99.68725276898735,0.6452729430379747,9.180612916257731
2197,1,0.8062223882536382,5.6480233238045745,9.105583792119926,5.872770670270628,8.302403933905463
2198,2,2.041286892361111,30.137803819444443,3.198488197803305,19.690841803960097,10.510857729714063
2199,3,0.9834496496383363,59.01351294077758,5.379813058035714,51.152111235119044,9.007199786638814
2200,4,0.2755571705426357,90.29493701550388,2.2646949404761902,92.96254960317461,3.3275856090678673
2201,5,0.8440290178571428,39.87397693452381,3.8118708053691277,40.443320050335565,3.0219590432738452
2202,6,1.499622736418511,47.529905998490946,4.7956730769230775,46.64663461538461,3.4123476058799813
2203,7,2.041286892361111,30.137803819444443,6.405498798076923,35.33315805288461,6.785134572646028
2204,8,0.2755571705426357,90.29493701550388,2.0057091346153846,85.34104567307692,5.247329344662626
2205,9,4.7956730769230775,46.64663461538461,5.379813058035714,51.152111235119044,4.543186006373488
2206,10,4.965338908450704,76.23789612676056,5.5686257102272725,78.37912819602273,2.2245965341235565
2207,11,6.405498798076923,35.33315805288461,8.824790396341463,35.66477705792683,2.441913799039306
2208,12,9.105583792119926,5.872770670270628,14.401155884502925,1.6904239766081872,6.7479706320948685
2209,13,2.2646949404761902,92.96254960317461,6.627103365384615,89.69651442307692,5.449549803731286
2210,14,8.467795632102272,84.12974964488636,8.810840302230046,80.83358549735915,3.3139670688084517
2211,15,7.497979525862069,71.67766702586206,10.624767485119047,70.59384300595238,3.3093016556801844
2212,16,8.109052465596331,44.66877508600918,9.50822120221328,47.522635814889334,3.1783949114876613
2213,17,8.662923177083332,96.34544735863095,14.76512844279661,97.41128177966102,6.194587324265544
2214,18,9.122963077557756,68.65073226072607,10.624767485119047,70.59384300595238,2.455828953079684
2215,19,8.824790396341463,35.66477705792683,9.96734118852459,37.06935194672131,1.8105946346298318
2216,20,9.324117617313917,41.483995752427184,11.709170640326976,39.93289126362398,2.845066441714356
2217,21,9.029447115384617,63.17983774038461,9.122963077557756,68.65073226072607,5.471693712908592
2218,22,10.526871620547073,31.443448831106867,14.410349948347106,30.877937758264462,3.924437118364863
2219,23,13.06177512886598,52.80686211340206,15.741557459677418,56.67422715053764,4.705076585028964
2220,24,13.501689629694019,14.193840186022252,17.06553949587706,13.840979900674663,3.581275785201199
2221,25,13.130482456140353,80.78970211988305,16.48095969945355,82.70950734289617,3.8615217016440675
2222,26,14.208984375,65.26208826013513,17.919921875,64.56236758474576,3.7763297197773404
2223,27,14.88601299894958,92.21632500656513,18.821364182692307,93.4501452323718,4.124233418345148
2224,28,14.410349948347106,30.877937758264462,16.841264204545457,32.06802962662338,2.7065961605164506
2225,29,14.76512844279661,97.41128177966102,17.303975423177086,98.37799072265625,2.716665266508557
2226,30,14.904067095588236,26.271685431985293,18.898656612669246,27.91533184235977,4.319527628376788
2227,31,11.709170640326976,39.93289126362398,15.224769467213115,39.93580302254098,3.5156000327032637
2228,32,15.809581043956044,45.95746050824176,20.60574618252841,48.094454678622164,5.250708916012836
2229,33,16.475007971938776,35.46549479166667,16.841264204545457,32.06802962662338,3.4171498614497238
2230,34,10.624767485119047,70.59384300595238,16.65785845588235,73.4914981617647,6.692876217554857
2231,35,17.919921875,64.56236758474576,20.75871394230769,62.14242788461538,3.730261191079814
2232,36,18.743284383954155,7.19746149713467,21.071213942307693,8.618790064102564,2.7275320206984026
2233,37,18.821364182692307,93.4501452323718,19.68169341216216,96.6625316722973,3.325596641581398
2234,38,17.303975423177086,98.37799072265625,19.68169341216216,96.6625316722973,2.931952009941784
2235,39,20.769750292056074,90.01076956775701,23.69087837837838,90.9008129222973,3.053713553963819
2236,40,21.597735674676525,55.005920748613676,25.5306976010101,54.31265782828283,3.9935952462280357
2237,41,18.743284383954155,7.19746149713467,21.90420267282958,1.3609073553054662,6.6375273015973955
2238,42,21.33056640625,78.61002604166667,21.509287308673468,82.93772587159864,4.331388573997524
2239,43,21.33056640625,78.61002604166667,23.50326849489796,75.89210977359694,3.479612508060817
2240,44,23.373486094497608,24.370607805023923,27.449203897338403,20.67379099334601,5.502538518492884
2241,45,23.50830431439942,35.817514245658465,26.911558493589745,33.71995192307693,3.9977376984101967
2242,46,23.394861355633804,93.68122799295774,24.326171875,95.743408203125,2.2627254589736663
2243,47,23.394861355633804,93.68122799295774,23.69087837837838,90.9008129222973,2.7961284024361794
2244,48,25.206652263177997,13.602568157944997,29.234248991935484,11.20148689516129,4.689000601406339
2245,49,25.600298713235293,64.09122242647058,28.677056760204085,60.60267857142857,4.6514920518193525
2246,50,28.81473664314516,2.2013608870967745,34.80130709134615,3.8186097756410255,6.201170832896888
2247,51,27.449203897338403,20.67379099334601,31.538609095982146,21.357945033482142,4.146239456342223
2248,52,24.326171875,95.743408203125,26.735924030172413,97.34812769396551,2.895173586098341
2249,53,26.911558493589745,33.71995192307693,27.490234375,28.62215909090909,5.130531895956569
2250,54,27.940955528846157,83.58623798076923,29.610788445723685,80.66097861842105,3.3683058512096804
2251,55,29.234248991935484,11.20148689516129,32.595854824029125,9.00997421116505,4.0128694988103435
2252,56,29.02624591503268,50.944010416666664,30.812553510273972,55.115582191780824,4.537940711351991
2253,57,29.800296753875973,41.496335998062015,32.699148995535715,39.358956473214285,3.6016295689887428
2254,58,25.600298713235293,64.09122242647058,29.733946265243905,67.3732850609756,5.278160401223218
2255,59,30.91717387354651,92.02080305232559,32.02221820809248,95.06864161849711,3.2419813242451974
2256,60,30.812553510273972,55.115582191780824,33.404311560150376,55.51794525375939,2.622804953240691
2257,61,29.610788445723685,80.66097861842105,30.9765625,77.24748883928572,3.676581461030855
2258,62,31.484164986559136,35.392515120967744,32.699148995535715,39.358956473214285,4.148354269210884
2259,63,30.91717387354651,92.02080305232559,31.9488525390625,88.1683349609375,3.9882165517990864
2260,64,29.800296753875973,41.496335998062015,32.95569543393783,43.99439362046632,4.024528881122403
2261,65,29.610788445723685,80.66097861842105,33.125769283369806,81.45556961159738,3.6036738386619227
2262,66,33.368366520579265,72.50917016006098,35.80144398702595,68.97318643962076,4.292207687070704
2263,67,33.660442073170735,48.997237042682926,35.4785950203252,51.50295350609756,3.095851277802863
2264,68,32.02221820809248,95.06864161849711,35.5892629646283,96.7644634292566,3.9496354146904804
2265,69,31.538609095982146,21.357945033482142,33.969261532738095,25.013950892857146,4.390267658365715
2266,70,34.80130709134615,3.8186097756410255,37.31553819444444,6.301153273809524,3.5333242506293563
2267,71,31.484164986559136,35.392515120967744,34.47485077247191,32.23095154494382,4.3519749212629755
2268,72,36.99396306818182,16.108842329545457,39.96187714776632,17.639313967640323,3.3392899572826438
2269,73,36.501082454819276,75.79066265060241,39.00122549019608,73.75280841503267,3.2254557945773548
2270,74,34.47485077247191,32.23095154494382,38.62716490963856,34.010651982931726,4.5176372522247
2271,75,38.452400128865975,85.66114288015464,40.92998798076923,84.06850961538461,2.945322101222654
2272,76,36.501082454819276,75.79066265060241,38.83514404296875,78.0364990234375,3.239077725344653
2273,77,39.34461805555556,39.41592261904761,41.7357405995935,40.75520833333333,2.7406483256879675
2274,78,39.77840647977941,51.09576056985294,39.866420200892854,46.885463169642854,4.211217236538632
2275,79,39.00122549019608,73.75280841503267,41.66557762676425,68.68307509474647,5.727212956269005
2276,80,41.246295797413794,87.7794989224138,43.31954152960527,86.11482319078947,2.6588518494848694
2277,81,37.31553819444444,6.301153273809524,41.9603261770557,7.861716677718833,4.899940156882631
2278,82,42.87459463443396,2.3227446933962264,47.49986049107143,1.9077845982142856,4.643842818740717
2279,83,39.96187714776632,17.639313967640323,44.546460348462304,15.135943700396826,5.223530015135604
2280,84,45.31035902139321,52.79611806046675,46.94927376760563,50.25858274647887,3.0207825170124556
2281,85,44.400069962686565,93.9912255130597,46.138612388959395,90.98439482868021,3.4732636716029366
2282,86,41.7357405995935,40.75520833333333,44.417349190038685,43.618343508220505,3.9228264889012903
2283,87,45.76970880681818,28.48899147727273,47.6039191126029,24.24941352655821,4.619345045136981
2284,88,44.80302918632076,35.02358490566038,48.208264802631575,33.12731291118421,3.8976245431835
2285,89,44.78081597222222,62.45194692460318,46.99419806985294,61.36977251838235,2.4637698260169465
2286,90,43.31954152960527,86.11482319078947,46.18765024038461,86.8915264423077,2.9714164160829686
2287,91,46.70913938492063,39.53734705687831,49.808673469387756,40.185546875,3.166587207860605
2288,92,48.90541123466258,45.57591225715746,53.24727547268907,46.6805081407563,4.480169319067851
2289,93,49.41977547989031,12.201853861974406,50.26881720430107,16.769573252688172,4.645958704303445
2290,94,49.39087792266187,55.24955035971223,51.382533482142854,52.823660714285715,3.1387310237417783
2291,95,46.99419806985294,61.36977251838235,50.95720720720721,61.506281672297305,3.9653595261786787
2292,96,49.631523840206185,77.20985019329896,54.3112199858757,75.76580155367232,4.897431213340489
2293,97,50.951202156007746,97.51355075096899,55.92996987951807,93.30054593373494,6.522080774929543
2294,98,51.382533482142854,52.823660714285715,53.59167588495575,54.229466261061944,2.6185109110432836
2295,99,53.12977147801303,88.44793363192183,55.92996987951807,93.30054593373494,5.602584871244637
2296,100,53.59167588495575,54.229466261061944,53.85651765046296,57.31336805555556,3.0952530492413572
2297,101,54.16675836267606,4.048745598591549,56.624803596368714,3.341589560055866,2.557744325321951
2298,102,53.931259527439025,82.73270769817073,56.33830618351063,81.1502659574468,2.8806241454398136
2299,103,54.3112199858757,75.76580155367232,54.65599798387096,78.08404737903226,2.3437439225948777
2300,104,56.01172402159244,33.277454453441294,56.51420454545455,26.606001420454543,6.690349187315178
2301,105,54.65599798387096,78.08404737903226,56.31893382352941,78.13218060661765,1.663632295436209
2302,106,54.16675836267606,4.048745598591549,57.354301444523216,11.03650633640553,7.680444715481405
2303,107,56.51420454545455,26.606001420454543,59.13387345679012,24.891493055555554,3.130847191787983
2304,108,54.3112199858757,75.76580155367232,56.44287109375,73.558349609375,3.0686773261592295
2305,109,57.29041466346154,70.08620042067307,58.82570275706437,67.99803154434852,2.5918253772986275
2306,110,58.612401847313,43.1897353848947,59.853707107843135,47.73858762254902,4.715177136633624
2307,111,58.07504761568849,51.4467674238149,58.80558894230769,54.03695913461538,2.6912420419943794
2308,112,57.861725101626014,19.107278963414632,59.13387345679012,24.891493055555554,5.922456762296231
2309,113,53.85651765046296,57.31336805555556,59.154072745901644,60.79341700819673,6.338361831103301
2310,114,61.3350749885949,99.26276659443431,65.86619464056483,96.15279504974326,5.495722728564107
2311,115,59.853707107843135,47.73858762254902,61.67797599871135,49.157840689432994,2.3113278118971117
2312,116,62.47484611742424,69.85233191287878,64.2742846385542,67.67578125,2.8240665323969427
2313,117,66.98844009521764,4.037912550114547,76.57972440944883,3.6737204724409454,9.59819621938713
2314,118,65.78667534722223,13.650716145833334,69.25603693181817,14.009232954545455,3.487836594050712
2315,119,68.85780762733887,20.906279438994282,70.46931416548007,26.97298998169243,6.277095676453934
2316,120,66.19832436399217,80.60357677959882,68.51142207278481,81.45932225738397,2.4663173626221546
2317,121,61.67797599871135,49.157840689432994,65.9475718641115,49.18336236933798,4.269672143149551
2318,122,67.13298781556803,34.78260869565217,69.3928415235369,42.018154619910945,7.580241658646401
2319,123,68.91548933383234,89.20459861526946,72.81805300245098,88.3090150122549,4.004007140054914
2320,124,69.6888201364818,66.39998781412478,70.81043755830224,70.75596140391791,4.4980586430043745
2321,125,70.02523700842697,52.19496137640449,72.62348221009036,56.34330289909638,4.894856026162213
2322,126,69.83159974563954,60.918195857558146,73.22517421602788,62.963441855400696,3.962244171900875
2323,127,70.81043755830224,70.75596140391791,73.83404356060606,72.38695549242425,3.4354526592445214
2324,128,72.62348221009036,56.34330289909638,75.03388428603202,57.15966275578291,2.544893236132538
2325,129,79.8768160635965,21.836772717927634,86.5270681899428,28.421878723784555,9.358924855577513
2326,130,75.15803437057366,96.15634129337819,79.59675520150721,96.69568623034075,4.471368423200061
2327,131,74.64752197265625,78.25241088867188,76.63463245738636,76.31170099431817,2.7775822170669753
2328,132,76.57972440944883,3.6737204724409454,79.63764174578058,1.6607056522503514,3.661022685281437
2329,133,77.13228383458647,50.92075892857143,79.25100306628391,50.2189620302714,2.2319251934659885
2330,134,77.33154296875,46.22650146484375,79.25100306628391,50.2189620302714,4.42990614263099
2331,135,78.56119791666667,10.634765625,81.62172379032258,7.103704637096773,4.672816102053382
2332,136,80.22237540849673,67.87683823529412,83.37093697742475,73.06026599080268,6.064764072072962
2333,137,81.0569498069498,40.611049107142854,84.70132458847736,41.80973508230453,3.8364457008125816
2334,138,83.41358129528984,33.98375226449276,86.47272331008584,39.06857732027897,5.934121309397149
2335,139,81.05228611680327,80.44233478483606,83.10684032654494,79.52839712078652,2.2486607246393446
2336,140,83.37093697742475,73.06026599080268,88.13120152828468,73.55618442062044,4.786026920443154
2337,141,79.59675520150721,96.69568623034075,83.53766629016064,94.17778536019075,4.676601864663456
2338,142,79.25100306628391,50.2189620302714,83.18359375,54.01074218750001,5.462862459041329
2339,143,83.50626627604166,85.0616455078125,85.88926016566265,84.13144766566265,2.5581102211420053
2340,144,84.42223243464052,61.32493361928104,86.71524139221557,58.51948446856288,3.623318232888837
2341,145,84.70132458847736,41.80973508230453,86.47272331008584,39.06857732027897,3.263709439767748
2342,146,86.5270681899428,28.421878723784555,89.48383331298828,32.07836151123047,4.702374545668006
2343,147,84.42223243464052,61.32493361928104,86.28384294181033,66.86935950969828,5.848611128698338
2344,148,86.47272331008584,39.06857732027897,87.8622159090909,40.59481534090909,2.0639990742020258
2345,149,87.8622159090909,40.59481534090909,88.97119387231692,47.0324583727904,6.532463542098871
2346,150,87.58541521587743,89.14465094011142,92.33765961021506,87.94312836021506,4.901783684896153
2347,151,89.04806244808971,1.7461326827242525,92.1457728990858,6.5702191016174405,5.733028851764146
2348,152,89.48383331298828,32.07836151123047,92.55989583333334,30.354166666666664,3.5263307404569963
2349,153,86.71524139221557,58.51948446856288,89.40990691489363,61.26288231382979,3.8454458800670874
2350,154,90.9863531436806,97.0544673356106,97.08426339285714,94.59751674107143,6.574276814298171
2351,155,92.1457728990858,6.5702191016174405,95.79286317567568,10.765941722972974,5.559258565757758
2352,156,93.84492751746389,18.3130096717381,99.81714031040269,19.890415268456376,6.177016598706857
2353,157,92.65732388316151,77.72766323024055,95.9921875,78.96223958333334,3.5560503532049403
2354,158,92.33765961021506,87.94312836021506,95.51106770833333,88.75651041666667,3.275989824001311
2355,159,92.55989583333334,30.354166666666664,95.15516493055556,31.089952256944443,2.697554841306669
2356,160,93.25333109662577,34.326471434049076,95.15516493055556,31.089952256944443,3.7539350441431654
2357,161,94.51462765957447,39.60895944148936,98.31401909722223,40.600260416666664,3.9265828553410898
2358,162,96.84211575255102,0.7952008928571428,98.74558221726191,6.009463355654762,5.550830353489402
2359,163,97.0546624599359,46.48500100160257,99.78434244791666,51.239013671875,5.481951231623056
2360,164,95.51106770833333,88.75651041666667,97.08426339285714,94.59751674107143,6.049156928328176
2361,165,89.40990691489363,61.26288231382979,97.78645833333334,65.93017578125,9.589068879551744
2362,166,98.31401909722223,40.600260416666664,98.33873401988636,36.49791370738637,4.10242115713943
2363,167,99.38958662974684,25.971617879746834,99.81714031040269,19.890415268456376,6.096214181720343
2364,1,3.051482039036545,78.17016196013289,6.186138872315036,75.62183025059666,4.0398103871651445
2365,2,0.898034793814433,68.3825306056701,2.6122326696165192,62.21884218289085,6.397619036056093
2366,3,2.6122326696165192,62.21884218289085,2.7884502580947914,54.0220993664946,8.198636803556592
2367,4,1.3440780057251909,98.96976383587787,5.292107077205882,96.35368795955883,4.736115131615272
2368,5,1.95956932106599,83.05738420050761,3.051482039036545,78.17016196013289,5.007715508141328
2369,6,2.086236066878981,4.224721337579618,5.567089160839161,8.77267263986014,5.7271458257710925
2370,7,3.087764163669065,36.76863196942446,3.750182535046729,42.938631717289724,6.205456871769881
2371,8,2.975643382352941,11.188103170955882,5.567089160839161,8.77267263986014,3.5425832203892558
2372,9,3.5816865808823533,92.7056525735294,5.292107077205882,96.35368795955883,4.029106656811954
2373,10,3.750182535046729,42.938631717289724,6.70562243852459,45.12567238729508,3.6766522701129505
2374,11,4.95625645661157,25.281669679752067,7.983089398734178,29.280804984177216,5.015456194865851
2375,12,6.186138872315036,75.62183025059666,9.724055109797296,75.9792018581081,3.555919820425646
2376,13,6.70562243852459,45.12567238729508,9.122522865853659,43.070693597560975,3.1724352636232735
2377,14,7.233695900292184,20.077240458363768,10.684368970507165,18.502144776736493,3.793161088562913
2378,15,7.6841955688302415,1.2331713623395149,10.15089897260274,2.2889019691780823,2.6831311552733603
2379,16,5.567089160839161,8.77267263986014,6.9549663299663305,12.426675610269362,3.908700646550444
2380,17,7.694065824468085,90.12840757978722,9.5625,90.65234375,1.9405038981545102
2381,18,7.983089398734178,29.280804984177216,10.677083333333332,27.182152157738095,3.4149592977922825
2382,19,1.95956932106599,83.05738420050761,8.079176682692307,82.35201322115384,6.160125199944033
2383,20,5.567089160839161,8.77267263986014,8.71941150339926,6.900397867737948,3.6664081842763756
2384,21,10.906731592465754,44.76669520547945,11.451574701423977,50.345766823610475,5.6056127348947635
2385,22,9.44874043367347,60.16422193877551,12.729613248966942,62.69329480888429,4.142503592328195
2386,23,9.122522865853659,43.070693597560975,10.906731592465754,44.76669520547945,2.4616706185395314
2387,24,9.724055109797296,75.9792018581081,12.524778451492539,77.16447061567165,3.0412026016648044
2388,25,10.924060265862376,34.311117627345844,12.18185763888889,39.372395833333336,5.215226870424368
2389,26,9.984611742424242,95.5862334280303,11.87702047413793,94.59859913793103,2.134626969483445
2390,27,9.5625,90.65234375,10.310639880952381,92.65159970238095,2.134651644789404
2391,28,10.677083333333332,27.182152157738095,11.804475395927602,25.40299773755656,2.106277121760584
2392,29,9.122522865853659,43.070693597560975,12.18185763888889,39.372395833333336,4.799680781718061
2393,30,12.729613248966942,62.69329480888429,16.823253412356323,62.766029094827594,4.094286270360968
2394,31,8.079176682692307,82.35201322115384,14.153343023255813,83.5494640261628,6.191073021960832
2395,32,14.653716216216218,17.81302787162162,17.479739972014926,17.074539412313435,2.920920312653193
2396,33,8.71941150339926,6.900397867737948,15.492225985221674,7.373287407635468,6.789303390048786
2397,34,16.509405663395903,35.937833297781566,19.473616803278688,39.6697831284153,4.765920395912243
2398,35,11.87702047413793,94.59859913793103,15.50805362654321,92.7095389660494,4.093036780540308
2399,36,11.451574701423977,50.345766823610475,16.694020318441062,55.04693441064639,7.041605834522318
2400,37,17.479739972014926,17.074539412313435,18.928661434331797,22.796658986175114,5.902713428715089
2401,38,22.54110307835821,5.235541044776119,22.990471861897273,1.9890551297169812,3.2774384967984913
2402,39,20.912476097548197,79.51846382544007,25.828675521768403,77.59700754600539,5.278353058718417
2403,40,19.473616803278688,39.6697831284153,20.66783744747899,42.418100052521005,2.9965661785383717
2404,41,21.387709625140925,98.36901951803834,27.360222138554217,97.01148343373494,6.1248518302946895
2405,42,20.66783744747899,42.418100052521005,21.622800364077673,44.810945084951456,2.5763659525202827
2406,43,18.928661434331797,22.796658986175114,25.401313110749186,25.55196457654723,7.034694635914529
2407,44,21.650943396226417,12.88841391509434,25.848162615740737,13.38534884982639,4.226534455794435
2408,45,21.685646186440678,68.57752913135593,23.936854842851275,66.74407482539031,2.9033592796555303
2409,46,21.93161231884058,86.04081748188406,26.632301279362412,90.35464293204699,6.3800914349282785
2410,47,26.47210703514975,57.540752391846915,34.42441641566265,53.241481551204814,9.040074902598368
2411,48,19.473616803278688,39.6697831284153,23.039772727272727,38.172940340909086,3.8675581966852355
2412,49,29.51730890583846,34.9946327644864,35.117497519841265,35.08417038690476,5.600904346463618
2413,50,27.360222138554217,97.01148343373494,28.888165509259263,99.19222608024691,2.6627522292540773
2414,51,31.57141132464641,68.1557752750131,37.8908970229805,68.81256528551532,6.353524424234526
2415,52,30.366279709507044,14.31328858568075,33.907635923127465,17.16119312582129,4.544421206435542
2416,53,29.253261529126213,19.24586620145631,30.366279709507044,14.31328858568075,5.056592865310432
2417,54,31.476851288910506,5.407572349221789,34.424430941358025,3.853202160493827,3.3323103833719983
2418,55,28.888165509259263,99.19222608024691,33.295803961184525,95.33402216552619,5.85773114528624
2419,56,31.57141132464641,68.1557752750131,32.44656133828997,74.9448187732342,6.845217247620308
2420,57,33.01215277777778,50.29441550925926,34.42441641566265,53.241481551204814,3.2679790143880156
2421,58,32.59475295608108,44.32274070945946,34.336247519841265,47.1061862244898,3.283347720048667
2422,59,34.45169426107325,24.063864192930154,39.88022906460502,25.483616713870177,5.6111217536132
2423,60,35.117497519841265,35.08417038690476,35.3736733490566,37.63856132075472,2.567204529913619
2424,61,38.238381624732334,85.9477465872591,44.486671469740635,89.54706637247838,7.210841067691405
2425,62,34.42441641566265,53.241481551204814,38.185876438093494,60.48752510956903,8.164173488483508
2426,63,34.424430941358025,3.853202160493827,36.70984100877193,7.961896929824562,4.701539310030554
2427,64,36.750740840517246,12.803071120689655,39.430595930232556,13.897983284883722,2.894901716669017
2428,65,37.8908970229805,68.81256528551532,41.93297041223404,69.63825631648936,4.125545171579459
2429,66,39.56647869976816,2.9807042117465223,43.97566511824324,5.715529983108108,5.188467680594016
2430,67,39.88022906460502,25.483616713870177,43.57916214330025,22.070797146401986,5.032836508447252
2431,68,35.117497519841265,35.08417038690476,38.32002527573529,32.03268612132353,4.423543856498029
2432,69,39.217841569767444,41.30132630813954,42.21940748762376,44.13869121287129,4.130379832635261
2433,70,41.549792921686745,71.91735692771084,41.93297041223404,69.63825631648936,2.3110873166828254
2434,71,42.21940748762376,44.13869121287129,42.90972168572311,47.27648910692213,3.2128350900734723
2435,72,39.430595930232556,13.897983284883722,42.0458984375,11.4443359375,3.586111056540573
2436,73,44.24399675201816,96.35735289480323,49.08697289156627,94.58772590361446,5.156161127833
2437,74,39.217841569767444,41.30132630813954,42.8984375,36.9072265625,5.731919309993283
2438,75,44.24399675201816,96.35735289480323,44.486671469740635,89.54706637247838,6.814608832118027
2439,76,44.41599802927928,77.71293021537163,48.93006441885965,80.86622807017544,5.506367471450619
2440,77,43.57916214330025,22.070797146401986,47.499953826832154,23.774333259456267,4.2748851112203035
2441,78,44.254910023219814,51.25471652476781,47.99185403963415,51.02640291539634,3.7439120831076043
2442,79,43.97566511824324,5.715529983108108,47.40952131183745,6.501214664310955,3.522594040840092
2443,80,48.51636728028503,30.84499331947744,52.171768947963805,35.22924915158371,5.708209925486849
2444,81,42.0458984375,11.4443359375,47.71484375,14.6484375,6.511774549147926
2445,82,48.07547281724512,63.65259795281995,52.35705389492754,58.35866734601449,6.808644343365266
2446,83,47.40952131183745,6.501214664310955,48.942027859403254,1.6636881216094035,5.074469368286113
2447,84,47.93146306818182,43.32386363636363,50.859884044924556,47.09107617455419,4.771534315597758
2448,85,48.93006441885965,80.86622807017544,52.5047508445946,79.43808065878379,3.8494139905962794
2449,86,49.08697289156627,94.58772590361446,52.51635174418605,91.94563045058139,4.329123201958313
2450,87,49.764351222826086,56.43257472826087,52.35705389492754,58.35866734601449,3.229851377089516
2451,88,47.499953826832154,23.774333259456267,51.06341252561475,21.31747886782787,4.328322007382663
2452,89,51.671829446064145,75.26620581268222,52.5047508445946,79.43808065878379,4.254209419817609
2453,90,52.171768947963805,35.22924915158371,55.495876736111114,32.62106274801587,4.225201640511106
2454,91,51.487379807692314,39.622682005494504,52.171768947963805,35.22924915158371,4.446418866587392
2455,92,52.35705389492754,58.35866734601449,55.47460205992509,58.48914442883895,3.1202773643094592
2456,93,51.8578800154321,7.622010030864197,53.01006188553371,9.128116221910112,1.896280285321154
2457,94,49.764351222826086,56.43257472826087,52.7255604216152,53.6898289043943,4.036262450997305
2458,95,52.5047508445946,79.43808065878379,54.97547496448863,79.72023703835227,2.486783042236974
2459,96,52.5047508445946,79.43808065878379,52.52598353794643,83.673095703125,4.235068270177402
2460,97,48.942027859403254,1.6636881216094035,53.98648464721254,2.8003184886759582,5.170925727122083
2461,98,55.91535701308139,16.879144712936046,55.92912946428571,20.067196800595237,3.1880818361579584
2462,99,54.74129098360656,27.70363729508197,55.495876736111114,32.62106274801587,4.974984697769942
2463,100,55.770371835443036,63.532760010954235,58.67560891544118,66.50103400735294,4.153438696874303
2464,101,57.465634889240505,99.33643196202532,58.771260579427086,95.00630696614584,4.522680723068506
2465,102,55.495876736111114,32.62106274801587,59.345652525906736,32.596441871761655,3.8498545192310836
2466,103,55.92912946428571,20.067196800595237,57.34240962009803,20.553768382352942,1.4946948528000958
2467,104,58.46983192431562,69.77200961151368,58.67560891544118,66.50103400735294,3.2774419252049944
2468,105,57.74287065582959,8.482080297085203,61.87672334558824,6.84814453125,4.445051647337772
2469,106,57.71780303030303,86.84698547979798,62.96220213640099,84.76349854919884,5.643105507964432
2470,107,59.345652525906736,32.596441871761655,62.98314144736842,31.440172697368425,3.816842157780237
2471,108,55.91535701308139,16.879144712936046,59.90920947030498,15.903704353932586,4.111245716816706
2472,109,60.47521814123377,42.7937297077922,65.17508370535714,42.18662806919643,4.738914297644386
2473,110,57.34240962009803,20.553768382352942,60.94694010416667,23.513020833333336,4.663669700912955
2474,111,62.80261590121318,1.1910000541594454,65.03592578961455,6.280739761777301,5.5581582695109795
2475,112,61.80801859662577,11.261622891104295,61.87672334558824,6.84814453125,4.414013091896325
2476,113,61.856605266702594,74.1650811557112,63.36192255434783,70.86871603260869,3.623810585735724
2477,114,61.87672334558824,6.84814453125,65.03592578961455,6.280739761777301,3.2097520550289
2478,115,62.106735641891895,98.39922930743244,63.78348214285714,94.80561755952381,3.965542109624614
2479,116,63.78348214285714,94.80561755952381,66.3419208829365,95.84805927579364,2.762660586926763
2480,117,60.94694010416667,23.513020833333336,65.64029947916666,22.295572916666668,4.848690715306179
2481,118,64.53342013888889,57.01714409722223,66.58054786392405,58.46024525316456,2.5046502488151416
2482,119,63.36192255434783,70.86871603260869,66.199462890625,73.70328776041667,4.010789453472757
2483,120,65.17508370535714,42.18662806919643,66.93952470549738,46.02625981675393,4.225638886585948
2484,121,66.13485646802324,66.08262172965115,68.82502858231707,67.37209413109755,2.9832474048620297
2485,122,66.3419208829365,95.84805927579364,72.40379705784942,91.68828659748289,7.351874012467663
2486,123,66.3419208829365,95.84805927579364,67.31854838709678,99.54133064516128,3.8202165762784954
2487,124,67.94782366071429,32.42336973852041,72.37582425458714,31.25776471712538,4.578845304794617
2488,125,68.58448093220339,52.79230667372882,72.28048573369566,52.11659307065217,3.757265011419441
2489,126,71.89033261068005,17.58837645481515,79.17632004310344,17.20501077586207,7.296066207843152
2490,127,70.79597848360656,41.78086577868852,71.70741705246914,40.096932870370374,1.9147716063612121
2491,128,72.20521907216495,72.20521907216495,73.31619604820628,74.85986547085201,2.877745183882019
2492,129,72.37582425458714,31.25776471712538,73.64158223934551,24.723976170091326,6.655263785405724
2493,130,73.68556571543408,1.8297201567524117,76.2572142454955,3.2288147522522523,2.9276000152554773
2494,131,72.40379705784942,91.68828659748289,78.05959132366698,97.78199726672123,8.313923171261806
2495,132,70.79597848360656,41.78086577868852,74.9094032379518,43.98531626506024,4.666890309030714
2496,133,76.63892663043478,66.38756793478261,78.58906742902208,60.37485212933754,6.321060076550741
2497,134,75.16787190082644,80.81579287190083,77.2039675245098,83.17312602124183,3.114916526291598
2498,135,72.28048573369566,52.11659307065217,75.81118841240875,49.09329379562044,4.648246971910948
2499,136,76.70694986979166,37.91605631510417,79.33897980314114,40.53969785391566,3.7163256711737205
2500,137,76.63892663043478,66.38756793478261,77.8125,70.83821614583333,4.602775679118162
2501,138,77.0809331797235,6.7157798099078345,79.50303819444444,7.117484466374268,2.455190284552942
2502,139,77.63116484004739,74.24559389810426,77.8125,70.83821614583333,3.412199523314245
2503,140,79.17632004310344,17.20501077586207,84.02235243055556,21.75564236111111,6.647727260116877
2504,141,80.9956576455343,29.625199362041464,85.17305595930232,31.883175872093023,4.748590800628815
2505,142,75.81118841240875,49.09329379562044,80.58384486607143,47.262137276785715,5.111886522719265
2506,143,79.50303819444444,7.117484466374268,82.94134454412774,4.1371775197458796,4.550184617176976
2507,144,82.99883261494253,84.375,84.85798663403614,81.33628263052208,3.562338686632521
2508,145,88.50165205039525,72.22965526957756,89.73097278225806,68.19619455645162,4.216637853327957
2509,146,84.33637152777777,69.11501736111111,88.50165205039525,72.22965526957756,5.201012510363036
2510,147,84.44273843930635,11.615448880057803,88.31787109375,11.403245192307693,3.8809384811705288
2511,148,84.39164877544529,56.30640704516539,87.93067262883771,52.11524294133771,5.485485063337083
2512,149,84.02235243055556,21.75564236111111,84.92873171542553,25.631648936170215,3.9805716144723253
2513,150,82.94134454412774,4.1371775197458796,86.09128053160919,0.49726113505747127,4.813635633567817
2514,151,89.10669986670617,18.485610744964458,94.57418507543103,18.536166487068968,5.467718938523179
2515,152,87.21198842005076,42.50905509729272,89.59671823601974,36.61627518503289,6.357026930059714
2516,153,87.47829861111111,63.82559317129629,89.73097278225806,68.19619455645162,4.916980515445863
2517,154,86.09128053160919,0.49726113505747127,88.57601060779817,5.644352064220183,5.715455238612853
2518,155,89.82804605118629,93.25373805470123,93.07068941885966,86.41550164473685,7.568104994546427
2519,156,89.59671823601974,36.61627518503289,93.8746412737146,39.28230040211713,5.040666223285322
2520,157,89.59671823601974,36.61627518503289,92.56309199731504,32.486784941825775,5.084492399487291
2521,158,93.59664916992188,8.717981974283855,97.35438857560568,4.922625574352548,5.340911499316234
2522,159,93.07068941885966,86.41550164473685,96.3623046875,84.15814568014706,3.9912888930288384
2523,160,96.83215968416765,50.826751564351305,99.14914968922652,46.981558615331494,4.489315259450418
2524,161,93.92233455882352,46.478630514705884,96.83215968416765,50.826751564351305,5.2319440863271405
2525,162,95.41465357730263,25.142308285361842,99.58089192708334,25.990125868055557,4.251627528454023
2526,163,95.04784578402366,59.89795210798816,97.48086734693877,60.8268893494898,2.6043268466647067
2527,164,95.04784578402366,59.89795210798816,95.13145189606742,55.90216818820225,3.996658493740832
2528,165,97.35438857560568,4.922625574352548,99.75182769495413,6.250895928899082,2.7408058059172067
2529,166,96.64048745598592,79.29618727992957,99.822265625,76.47265625,4.2539440280508805
2530,167,96.84244791666666,97.73084852430556,99.49678308823529,96.82444852941177,2.804827294820441
2531,168,94.57418507543103,18.536166487068968,99.24057904411765,13.8125,6.639898926343175
2532,169,99.14914968922652,46.981558615331494,99.3023662140575,41.30828174920128,5.675345425896962
2533,1,1.9584005477190876,3.7291088310324128,4.9950315241228065,5.1123903508771935,3.336854124770619
2534,2,0.9231770833333333,14.478125,4.551285747232472,16.854892181734318,4.337302700207733
2535,3,1.902528725626741,43.178479717966574,3.6267438240441576,49.42021531704362,6.475506234604078
2536,4,0.6206805889423077,63.57703575721154,4.248834425403226,64.43619266633065,3.728491766856027
2537,5,0.6241672722868217,74.69983951065892,4.665941195795006,76.73073566852825,4.523325729239402
2538,6,0.5002170138888888,81.53428819444444,4.665941195795006,76.73073566852825,6.358252498049547
2539,7,0.5002170138888888,81.53428819444444,0.6690071202531646,89.33494857594937,7.8024863016596795
2540,8,0.8328683035714286,99.267578125,9.007648653479503,98.9118170579123,8.18251793191427
2541,9,1.4807498816287878,25.46719637784091,1.9321374725877194,32.231702302631575,6.779549480887333
2542,10,1.3485863095238095,55.379231770833336,3.6267438240441576,49.42021531704362,6.3796456608108025
2543,11,1.9321374725877194,32.231702302631575,7.233405835700757,36.01943507339015,6.515394523773798
2544,12,4.665941195795006,76.73073566852825,8.040148050628233,79.69168629896527,4.489153654653498
2545,13,9.88550315190652,86.7877940498155,12.265768480257117,90.19285540059688,4.154528353006282
2546,14,8.040148050628233,79.69168629896527,10.28367949695122,80.6640625,2.4451889143742798
2547,15,7.233405835700757,36.01943507339015,10.087958916083917,31.665209790209794,5.206510453788799
2548,16,4.248834425403226,64.43619266633065,9.544775356068648,62.77334074221515,5.550861812604595
2549,17,9.007648653479503,98.9118170579123,14.08275462962963,95.54325810185185,6.0912962585651504
2550,18,4.9950315241228065,5.1123903508771935,7.666412601626016,8.663617886178862,4.44381523791516
2551,19,4.551285747232472,16.854892181734318,9.022602282072368,15.178800884046053,4.775139117650813
2552,20,9.159441692073171,22.681259527439025,9.585731907894738,26.09799033717105,3.4432212787268366
2553,21,10.699626454513398,56.288428905148095,14.991611971003135,54.26197590125392,4.746330314121571
2554,22,12.094422846889952,50.199362041467296,16.77439508594918,48.730176803064275,4.905165177963571
2555,23,4.9950315241228065,5.1123903508771935,11.285542332848838,2.3920103561046515,6.853538761155266
2556,24,14.08275462962963,95.54325810185185,18.30966367894057,98.91821099806202,5.408980233166334
2557,25,15.709752933212998,68.86443761281589,20.231119791666664,76.02448640046296,8.468120033998666
2558,26,15.045915570175438,45.291940789473685,16.77439508594918,48.730176803064275,3.8482604279857067
2559,27,17.729834987692637,39.20367515250428,21.831775102459016,34.9273181352459,5.925634315766088
2560,28,17.461943793911008,20.87739680913349,19.703800516917294,23.391976033834585,3.3688321780383856
2561,29,18.758907833614867,8.70724239864865,19.014515817901234,2.719063464506173,5.993631819601422
2562,30,18.02749784270217,77.65289848372781,20.231119791666664,76.02448640046296,2.7400137968413634
2563,31,18.758907833614867,8.70724239864865,19.255388914233578,12.436416514598541,3.762078288723266
2564,32,18.30966367894057,98.91821099806202,20.1916881443299,97.34415270618557,2.453502719490847
2565,33,18.96033653846154,16.744290865384613,19.255388914233578,12.436416514598541,4.31796680471368
2566,34,19.703800516917294,23.391976033834585,21.6259216994382,23.20378335674157,1.931312073179011
2567,35,20.231119791666664,76.02448640046296,22.51391441993464,75.86550245098039,2.288324105331717
2568,36,19.967296511627907,89.49400436046511,24.737172067901234,85.06462191358025,6.509311920864258
2569,37,23.43134149774775,83.79140859609609,24.737172067901234,85.06462191358025,1.8238052609218969
2570,38,21.831775102459016,34.9273181352459,22.67655476485149,31.8958849009901,3.146941393121662
2571,39,22.076885516826923,44.30307241586539,25.816263648956976,47.757980565515,5.091103921308989
2572,40,22.67655476485149,31.8958849009901,25.164240056818183,32.11410984848485,2.4972385227639973
2573,41,22.730396412037038,81.83051215277779,23.43134149774775,83.79140859609609,2.0824117927538777
2574,42,24.832612614966553,54.1373262437291,25.816263648956976,47.757980565515,6.454736295064222
2575,43,21.6259216994382,23.20378335674157,23.22048611111111,25.87890625,3.114308616211487
2576,44,19.255388914233578,12.436416514598541,24.09018987341772,12.812747231012658,4.849425236359944
2577,45,25.075792910447763,66.76043610074626,29.31431361607143,73.00851004464286,7.550065283187958
2578,46,26.754144659624412,75.79821376173709,30.176283338688947,77.23078004498714,3.709889391161743
2579,47,23.22048611111111,25.87890625,27.04212816455696,24.38068631329114,4.104827762941793
2580,48,29.17816771819138,84.80865125525763,32.9566025152439,86.72708650914635,4.237565732698484
2581,49,27.04212816455696,24.38068631329114,28.04270540730337,19.15159761235955,5.323957499916055
2582,50,25.164240056818183,32.11410984848485,28.636532738095237,32.509300595238095,3.4947091711284926
2583,51,31.38444299836219,4.270827240290127,33.904925847457626,5.2651615466101696,2.7095266201514296
2584,52,26.754144659624412,75.79821376173709,29.31431361607143,73.00851004464286,3.786411482488975
2585,53,29.257812500000004,38.21614583333333,32.31223638803681,39.34528374233129,3.256448633917961
2586,54,30.646073190789476,10.237201891447368,34.21798406862745,12.630591299019608,4.299634888626737
2587,55,31.169069406077348,48.274559737569064,34.69029017857143,46.204427083333336,4.084659708565316
2588,56,33.567854088930346,93.53165811567165,33.72822745901639,97.98924180327869,4.460467682861653
2589,57,30.176283338688947,77.23078004498714,31.934356689453125,80.67855834960938,3.870141747338321
2590,58,31.795157967032967,62.767213255494504,35.43626237623763,65.45018564356435,4.5228289989645685
2591,59,32.884161420863315,68.04532936151078,32.9742431640625,71.075439453125,3.031448810018091
2592,60,33.847698894650655,25.626236694868997,36.84193464730291,25.631321317427386,2.9942400698420175
2593,61,33.904925847457626,5.2651615466101696,35.83540482954545,5.681818181818182,1.974930847383195
2594,62,32.31223638803681,39.34528374233129,34.41000884433962,34.02306898584906,5.720718415770867
2595,63,34.25632911392405,76.37707674050634,35.46773976293103,73.16810344827587,3.430018272659193
2596,64,35.43626237623763,65.45018564356435,36.39846606489945,68.77267338893968,3.459011528839364
2597,65,36.12680774676376,21.278949231391586,36.84193464730291,25.631321317427386,4.410731147913954
2598,66,32.9742431640625,71.075439453125,35.46773976293103,73.16810344827587,3.2552677132871475
2599,67,35.97918254573171,60.497451410060975,39.45461490117892,60.42998548023578,3.4760871262062074
2600,68,32.31223638803681,39.34528374233129,36.76769355791962,41.169266216016545,4.814354645949049
2601,69,34.69029017857143,46.204427083333336,38.16476937450826,52.69465172600315,7.3617268079789815
2602,70,34.25632911392405,76.37707674050634,36.724609375,80.10677083333333,4.47247420040471
2603,71,37.76041666666667,87.40505642361111,39.5618366745283,86.75375884433963,1.9155423726686671
2604,72,36.84193464730291,25.631321317427386,40.39161811440678,26.49960275423729,3.654335147484322
2605,73,46.8223790966163,38.795374098877424,48.199179292929294,30.12645991161616,8.777565264164492
2606,74,42.21057183320951,64.6336367013373,45.74084974315068,64.97725813356165,3.546961771728384
2607,75,42.24081503378378,69.54207136824324,43.3373427972561,73.17966368140245,3.7992697946869316
2608,76,42.25510817307692,76.58203125,43.3373427972561,73.17966368140245,3.57034127971217
2609,77,40.39161811440678,26.49960275423729,44.07849815802846,28.002135734247968,3.981292480096828
2610,78,43.24692234848485,7.201408617424243,45.565779578877006,6.581613469251336,2.400259336121961
2611,79,43.973948543233085,82.93071546052632,46.28248948317308,88.21458082932693,5.7661594243473235
2612,80,45.15769675925926,96.34548611111111,47.30668501420455,96.88276811079545,2.2151348643090802
2613,81,45.565779578877006,6.581613469251336,46.05736825980392,0.6574244281045751,5.944550044070523
2614,82,45.54036458333333,92.72875816993465,48.487463662790695,91.943359375,3.0499580736828573
2615,83,46.28248948317308,88.21458082932693,48.487463662790695,91.943359375,4.33193958584976
2616,84,47.509765625,10.608402014652015,49.90079365079365,12.795293898809524,3.240294914529334
2617,85,46.98004201680672,54.25420168067227,48.20698582848838,49.97842478197674,4.44833218234005
2618,86,46.05736825980392,0.6574244281045751,52.58590327338892,3.704837434638214,7.2047550587091935
2619,87,44.07849815802846,28.002135734247968,48.199179292929294,30.12645991161616,4.636029144222317
2620,88,48.57735339506173,17.034384645061728,49.71528389084507,16.022502200704224,1.5227579894496155
2621,89,49.71528389084507,16.022502200704224,49.90079365079365,12.795293898809524,3.2325357375989308
2622,90,47.30668501420455,96.88276811079545,49.713844476744185,96.00972020348837,2.5605915969844557
2623,91,52.645020184906286,25.17975548025435,55.24824283351709,28.829912313947077,4.483348421525361
2624,92,50.749926297169814,59.71863944575472,55.683010727611936,61.19937422263681,5.1505240002681845
2625,93,48.487463662790695,91.943359375,52.66681050145349,90.60910247093024,4.387160982218282
2626,94,54.768109024314214,53.11338005432846,61.849867147842644,51.888433930837564,7.186918054744762
2627,95,54.31060791015625,85.5255126953125,55.99500868055556,81.65011935763889,4.225621785844875
2628,96,53.862349483944946,64.99157826834863,56.09968596813726,64.67715992647058,2.2593214550407255
2629,97,58.50212680382215,16.677402252340094,60.16406250000001,22.571875,6.124282752382967
2630,98,55.683010727611936,61.19937422263681,58.24707031250001,59.6746826171875,2.983133595161969
2631,99,55.40924072265625,43.890380859375,59.27347337179797,40.595972163484774,5.0779348777086515
2632,100,55.99500868055556,81.65011935763889,59.12966395951036,83.04229563912429,3.429900656959288
2633,101,58.0522477833045,71.24733050389274,60.512510872266404,69.44698993538768,3.048626023229726
2634,102,58.50212680382215,16.677402252340094,58.66444463315217,8.846594769021738,7.832489573469801
2635,103,59.12966395951036,83.04229563912429,59.718101443225194,89.28334476383588,6.268728168400978
2636,104,60.49289622890295,65.15237671413502,60.512510872266404,69.44698993538768,4.2946580136714445
2637,105,66.1193374515504,25.555656492248062,66.131434699714,32.09927888912059,6.543633579003711
2638,106,61.04609699170125,47.85966675311204,61.849867147842644,51.888433930837564,4.108163998214053
2639,107,61.849867147842644,51.888433930837564,64.11107140509989,54.98621927576236,3.8352729676346606
2640,108,64.13137832125604,61.010309732286636,66.79980102996255,65.20292017790263,4.969754732482162
2641,109,60.512510872266404,69.44698993538768,64.85579317848155,71.10710400062919,4.649739767029366
2642,110,63.81602411684783,1.9814665421195654,70.50217170577618,2.406503835740072,6.699643742909068
2643,111,59.27347337179797,40.595972163484774,65.26918958658727,42.619841492581024,6.328085017566047
2644,112,63.78106011284722,79.25821940104166,65.48301750886525,77.49819924645391,2.4483320694741533
2645,113,66.79980102996255,65.20292017790263,71.11200443692543,63.987985986976504,4.480085190183737
2646,114,66.1193374515504,25.555656492248062,69.74899570550203,21.283268493280932,5.606043012160862
2647,115,67.12585695659489,89.46738570407133,71.27675288865547,88.51102941176471,4.259642519816832
2648,116,69.74899570550203,21.283268493280932,72.43954090589888,25.76753423455056,5.229500235558173
2649,117,65.48301750886525,77.49819924645391,68.0892462073325,75.82828796618205,3.095324169241957
2650,118,67.64573317307693,50.34972622863248,69.03029580152672,55.16422650286259,5.00963337607271
2651,119,68.22240259740259,8.53033685064935,72.8515625,6.059704088184931,5.247203793524523
2652,120,64.11107140509989,54.98621927576236,69.03029580152672,55.16422650286259,4.922444030692555
2653,121,67.12585695659489,89.46738570407133,67.84137228260869,84.26991338315217,5.246492228954643
2654,122,68.84646532012195,15.915586890243901,69.74899570550203,21.283268493280932,5.443029201475635
2655,123,71.82084403080873,46.982183689024396,76.3419769503546,44.34791943705674,5.232589323212376
2656,124,70.50217170577618,2.406503835740072,72.8515625,6.059704088184931,4.343444392236057
2657,125,71.11200443692543,63.987985986976504,73.82908241421569,63.53592218137255,2.7544281473679435
2658,126,68.0892462073325,75.82828796618205,70.27088277953587,71.04389174578058,5.258325334834956
2659,127,68.0892462073325,75.82828796618205,71.69386585306677,76.94963727678571,3.7750108697598304
2660,128,71.27675288865547,88.51102941176471,72.14915424311926,93.12732941513761,4.698011264823765
2661,129,72.8515625,6.059704088184931,74.49552352284013,9.494573144240318,3.8080090962160744
2662,130,72.43954090589888,25.76753423455056,75.03847064393939,28.304036458333332,3.631567060447358
2663,131,72.41149129746836,35.591994659810126,73.65266133130082,39.086318597560975,3.7082074961930416
2664,132,73.82908241421569,63.53592218137255,73.89872965720221,59.86301073407202,3.6735717276469377
2665,133,75.86927816901408,71.80072623239437,78.69056317446042,71.50615445143885,2.836621514423743
2666,134,76.9135224654378,18.870607718894007,80.36011599824356,23.663230020491806,5.903239407829497
2667,135,79.94789951593782,82.21452268835617,84.4040329391892,84.91870777027027,5.21246026776845
2668,136,83.18480264748548,66.93344263781431,86.38791454081633,70.26666135204081,4.62279923834761
2669,137,74.49552352284013,9.494573144240318,79.24157567771084,12.222326807228916,5.474089066018262
2670,138,80.73413128249567,31.921069378249566,83.45833333333333,33.531901041666664,3.1648152334149375
2671,139,80.36011599824356,23.663230020491806,84.09637237762237,22.936243444055947,3.8063264724359613
2672,140,80.18104573787062,93.24066079851751,81.59930889423077,88.13601762820514,5.298004556142391
2673,141,81.59930889423077,88.13601762820514,83.58414446721312,87.22304047131148,2.184742442665905
2674,142,81.87313988095238,1.3869512648809523,87.68796202956989,4.1850024555417695,6.453002950999721
2675,143,83.02033253205127,56.84044471153846,83.48547894021739,59.89406419836957,3.0888433355197056
2676,144,82.54651521381578,48.10983758223684,84.47547325721155,50.312687800480774,2.928041703459585
2677,145,79.24157567771084,12.222326807228916,83.70446956566069,8.788265956362155,5.631180673940045
2678,146,84.09637237762237,22.936243444055947,86.12747192382812,25.582122802734375,3.335572356774439
2679,147,83.48547894021739,59.89406419836957,86.3213641826923,60.107421875,2.8438998939245597
2680,148,84.69083325987306,16.587237746826517,88.65688938618926,16.144251518542198,3.9907189822812503
2681,149,83.58414446721312,87.22304047131148,84.4040329391892,84.91870777027027,2.445846745723675
2682,150,87.32481512404581,92.1315899332061,87.80139867461568,96.78889159193929,4.681622648303977
2683,151,84.42835856958763,38.311452963917525,84.65576171875,42.62789212740385,4.322425157747377
2684,152,83.70446956566069,8.788265956362155,87.68796202956989,4.1850024555417695,6.087548526952909
2685,153,82.54651521381578,48.10983758223684,86.44595816115702,46.63529829545455,4.168923291190874
2686,154,83.58414446721312,87.22304047131148,87.26998321280992,88.21506973140497,3.8170052805077757
2687,155,83.45833333333333,33.531901041666664,87.109375,30.817917158018872,4.549265190383616
2688,156,87.26998321280992,88.21506973140497,87.32481512404581,92.1315899332061,3.9169040107725706
2689,157,86.12747192382812,25.582122802734375,88.54025135869566,22.354789402173914,4.029539115046884
2690,158,84.47547325721155,50.312687800480774,87.74278428819444,50.73920355902778,3.295032179732312
2691,159,84.65576171875,42.62789212740385,88.99825770112017,42.37982911150713,4.349575452473125
2692,160,91.9578269675926,88.95941840277779,93.35998705170613,82.99398466515785,6.128005595576375
2693,161,86.3213641826923,60.107421875,88.85172526041667,57.021484375,3.9907063832821206
2694,162,90.32730594758065,11.287172379032258,94.58771789965986,12.13063350340136,4.343102194254862
2695,163,90.90169270833334,26.884533110119047,95.24698489630298,26.55052412082958,4.3581103937092
2696,164,91.91864390432099,68.15441743827161,92.73236711448598,65.64599153037383,2.637109402010842
2697,165,91.9578269675926,88.95941840277779,94.64106345663265,90.63715720663265,3.1645798378420547
2698,166,91.91864390432099,68.15441743827161,93.13895089285714,72.14494977678572,4.1729482971871406
2699,167,87.74278428819444,50.73920355902778,92.44495738636364,51.7153961489899,4.802435196631291
2700,168,94.311623906893,18.91376511059671,96.8482040777439,21.35575457317073,3.521015691313594
2701,169,95.24698489630298,26.55052412082958,95.49546515804597,30.51140445402299,3.968666709910801
2702,170,94.58771789965986,12.13063350340136,95.91911764705883,14.632352941176471,2.833941677719541
2703,171,94.66880880376344,33.82686491935484,95.49546515804597,30.51140445402299,3.4169633924369425
2704,172,96.31684401939656,38.9404296875,98.25434122543668,40.429474276746724,2.4435935038746215
2705,173,97.04789959016394,44.59208504098361,98.25434122543668,40.429474276746724,4.33391621906335
2706,174,94.64106345663265,90.63715720663265,97.05441497093024,97.04533066860465,6.847550850507391
2707,175,98.90783361486486,48.91073690878379,99.78376116071429,53.067801339285715,4.248344824154711
2708,176,94.58771789965986,12.13063350340136,98.2151761968085,9.287732712765957,4.608745881793435
2709,177,98.21973778735632,59.449084051724135,99.78376116071429,53.067801339285715,6.5701551099251425
2710,178,92.73236711448598,65.64599153037383,98.47389914772727,66.58025568181817,5.817047326041788
2711,179,98.2151761968085,9.287732712765957,99.45014432730925,1.8119352409638554,7.577116478104001
2712,180,95.49546515804597,30.51140445402299,99.55564069976076,30.795361094497608,4.070092972305248
2713,181,93.13895089285714,72.14494977678572,99.701171875,74.751953125,7.061105485409246
2714,1,2.521725636250776,11.114566360180014,6.425995879120879,7.039835164835165,5.6432934040042095
2715,2,0.2724609375,62.55078125,0.8410932239057238,56.91616687710438,5.663234218040508
2716,3,0.6591796875,95.01374897203947,1.0626541940789473,98.22291324013158,3.234428384901776
2717,4,7.0659360293510565,70.5593174640852,11.773322610294118,73.45090379901961,5.524559706874584
2718,5,2.613208912037037,48.5668041087963,5.3639914772727275,50.91352982954545,3.615788479658387
2719,6,3.7611463688946016,83.89952201156812,10.009765625,83.56267755681817,6.257691810441528
2720,7,4.893710218039003,91.03160126625134,10.489856350806452,91.02791078629032,5.596147349644254
2721,8,4.107666015625,0.262451171875,6.576835288004751,4.385948634204276,4.8062488717814364
2722,9,4.89357123940678,35.76287738347458,9.474158653846153,32.41736778846154,5.6722319691321434
2723,10,6.425995879120879,7.039835164835165,6.576835288004751,4.385948634204276,2.658169717067835
2724,11,5.848795572916667,43.994954427083336,7.724732990506329,47.16673259493671,3.6850126106682874
2725,12,6.474473741319445,24.48391384548611,6.574358258928571,21.605282738095237,2.8803635133948644
2726,13,6.425995879120879,7.039835164835165,8.465091765873016,6.363157242063493,2.1484424699153735
2727,14,8.50503796728972,79.75266501168224,10.009765625,83.56267755681817,4.096388765482526
2728,15,6.574358258928571,21.605282738095237,9.225136605256207,23.001219542393027,2.995874730851175
2729,16,8.86811755952381,55.485801091269835,8.947947668650794,58.090742807539684,2.606164651645427
2730,17,8.866954985119047,97.66671316964286,12.16015625,96.447265625,3.511727051629867
2731,18,10.489856350806452,91.02791078629032,14.91714382763975,93.92832880434783,5.292759118077979
2732,19,9.474158653846153,32.41736778846154,12.059887035472974,28.978832347972972,4.302268847834401
2733,20,7.724732990506329,47.16673259493671,9.770557133838384,50.63723169191919,4.02861767950206
2734,21,8.465091765873016,6.363157242063493,10.333446557971014,9.478883605072463,3.632974043164176
2735,22,10.87608730670103,41.98916720360825,12.915414663461538,37.34975961538461,5.067835715342282
2736,23,11.773322610294118,73.45090379901961,15.074264171511627,71.21443243297804,3.9872320426201604
2737,24,12.059887035472974,28.978832347972972,13.633404356060606,30.107717803030305,1.9365792338113308
2738,25,9.770557133838384,50.63723169191919,13.75175421010425,52.02775724238171,4.217047719264861
2739,26,9.225136605256207,23.001219542393027,13.535067269362186,24.548868166287015,4.579379716996829
2740,27,14.163696657854985,11.330485271903324,16.748985877403847,13.893479567307693,3.640420320099164
2741,28,14.564483019770408,64.01790696747449,18.420080236486484,68.71436866554053,6.076379051618668
2742,29,15.074264171511627,71.21443243297804,18.587764616935484,70.80235635080645,3.537582801503241
2743,30,14.91714382763975,93.92832880434783,17.811362257281555,93.74146692961165,2.9002444170635324
2744,31,10.87608730670103,41.98916720360825,17.350367284963887,45.349305441562706,7.294301214996468
2745,32,15.533248546511627,79.36727834302324,17.414460358796298,82.0701316550926,3.2930796998013245
2746,33,19.55186086683417,32.28471458856784,20.580790599827388,38.26189855437284,6.065098890909689
2747,34,17.88174328653217,20.402275592966195,20.545726102941174,25.755974264705884,5.979874071743466
2748,35,14.91714382763975,93.92832880434783,16.29906631097561,97.54787538109755,3.874380875857439
2749,36,18.227144798136646,29.660508055124225,19.55186086683417,32.28471458856784,2.9396143612442716
2750,37,18.420080236486484,68.71436866554053,18.587764616935484,70.80235635080645,2.094710153044728
2751,38,18.587764616935484,70.80235635080645,18.84548611111111,74.25173611111111,3.4589942323397356
2752,39,18.227144798136646,29.660508055124225,20.545726102941174,25.755974264705884,4.541057518630179
2753,40,21.123798076923077,1.9925631009615383,23.723157586898395,1.992291945187166,2.599359524118313
2754,41,17.811362257281555,93.74146692961165,21.11055968237705,93.15605788934425,3.350732366839157
2755,42,21.712076005025125,10.31652402638191,24.54262262658228,5.775934533227848,5.350602500854429
2756,43,21.61322699652778,98.21506076388889,23.30871825199203,96.76061379482071,2.2338546468352245
2757,44,23.161215763754825,80.21169537282819,25.246062992125985,78.2218873031496,2.8820000207850263
2758,45,24.84184154106029,45.261438571985444,27.483205374280228,50.668598548464495,6.017822023845438
2759,46,25.089370829361297,59.08924608257865,31.114577571902657,60.06144565818584,6.103137578752152
2760,47,23.723157586898395,1.992291945187166,24.54262262658228,5.775934533227848,3.8713659327554275
2761,48,24.852658991228072,75.37863212719299,25.246062992125985,78.2218873031496,2.8703426108265604
2762,49,26.12403950871249,87.94952126694095,31.13754734848485,89.67605744949495,5.30246999511804
2763,50,27.326950303676956,68.77757202068287,30.2548828125,70.822265625,3.5712127788411347
2764,51,23.30871825199203,96.76061379482071,26.68247767857143,99.3266369047619,4.23871764442804
2765,52,23.723157586898395,1.992291945187166,27.593823014018692,1.0550525700934579,3.9825203696817906
2766,53,28.588938782991203,83.10518236803519,29.244791666666664,79.96744791666667,3.205545272232222
2767,54,28.894230769230766,7.412860576923077,33.0078125,8.660691784274194,4.29867856180917
2768,55,30.390625,19.643110795454547,30.72760494752624,15.68590704647676,3.971525776821628
2769,56,29.96589319029851,26.228719682835823,31.82478455779944,29.030020456128135,3.361958229755034
2770,57,29.92584745762712,72.78038930084746,30.2548828125,70.822265625,1.9855761367096145
2771,58,31.13754734848485,89.67605744949495,34.24003686797753,91.39033971207866,3.544602219484015
2772,59,32.058943563432834,34.88368703358209,36.307565789473685,32.80809445488722,4.728517248815059
2773,60,27.593823014018692,1.0550525700934579,33.01006264400922,0.6349906394009217,5.432504372303539
2774,61,33.80248444905213,39.68561784162718,36.712282698675494,42.01838007036424,3.729437688088312
2775,62,29.92584745762712,72.78038930084746,34.196192781690144,73.30087294600939,4.301947513816037
2776,63,34.24003686797753,91.39033971207866,37.45787377450981,90.00842524509804,3.50202255148243
2777,64,34.14126536885246,96.94063780737704,34.24003686797753,91.39033971207866,5.551176880240123
2778,65,33.0078125,8.660691784274194,39.23985785432663,6.994286937123885,6.450991738716623
2779,66,38.94264914772727,24.99619521103896,43.57793898809524,21.127852182539684,6.037382685432277
2780,67,39.06711795897079,68.91283156169283,44.87944504310345,70.6317349137931,6.06116943063
2781,68,36.307565789473685,32.80809445488722,37.035290948275865,36.410627693965516,3.6752999395175454
2782,69,30.72760494752624,15.68590704647676,37.317148844401046,18.004226684570312,6.985463099409388
2783,70,38.94650497224792,80.23070724444959,41.83365462662338,82.77064732142857,3.845377578522602
2784,71,43.62056423054309,51.177543948444516,49.75846188927665,56.18468928458121,7.921192592424607
2785,72,41.13013424090485,96.1420315415112,46.07293567518248,92.37333200273723,6.2156562189564575
2786,73,42.9135101010101,74.98169630331088,44.87944504310345,70.6317349137931,4.77357981884027
2787,74,43.6762383643617,40.22398603723404,45.527036171259844,39.1109436515748,2.159702728222795
2788,75,44.87944504310345,70.6317349137931,49.40000591856061,70.71496212121212,4.52132695088165
2789,76,46.07293567518248,92.37333200273723,49.18838629201681,92.5420168067227,3.1200139597490573
2790,77,41.83365462662338,82.77064732142857,45.67274305555556,85.25173611111111,4.571039438404495
2791,78,45.89342948717949,31.69696514423077,52.90352957589286,33.944266183035715,7.361512426994402
2792,79,47.40533088235294,1.4802389705882353,48.784310477120535,8.23516845703125,6.894248116336015
2793,80,50.582710182068546,18.501337145552835,53.29068644662921,14.114071278089888,5.155699490973977
2794,81,49.2985779972752,24.32359076975477,50.582710182068546,18.501337145552835,5.9621835540810615
2795,82,49.75846188927665,56.18468928458121,56.27288818359375,58.14605712890625,6.803286982396248
2796,83,49.18838629201681,92.5420168067227,49.51282096501129,98.98331687358916,6.4494654358679275
2797,84,49.18838629201681,92.5420168067227,51.581862877155174,92.57644127155173,2.3937241293399656
2798,85,52.90352957589286,33.944266183035715,56.49309158325195,39.28232192993164,6.432712846198287
2799,86,53.53455062984496,74.69264777131784,54.23098644578314,77.35375094126506,2.750725890892199
2800,87,55.090275777649765,45.3260008640553,56.49309158325195,39.28232192993164,6.204349058782669
2801,88,55.090275777649765,45.3260008640553,58.02691915760869,49.24422554347826,4.896566039531759
2802,89,56.07794358325099,51.181331830533594,58.02691915760869,49.24422554347826,2.7478876535972576
2803,90,55.78710232400722,0.9413075361010831,58.574030949519226,4.937274639423077,4.871829661896013
2804,91,56.15296975160257,70.66243489583334,57.398592715231786,68.10068294701986,2.848534643421083
2805,92,61.022749713989974,95.666543807202,64.88709181882022,88.8940704002809,7.797405719251592
2806,93,57.62590680803571,23.990304129464285,63.15848214285714,20.284598214285715,6.658952332406646
2807,94,60.31629774305556,31.111653645833332,64.71918608966746,29.711624109263656,4.620119965541844
2808,95,60.99061708192568,80.58686127533784,65.99229761683976,83.80746360348664,5.948872794859205
2809,96,57.398592715231786,68.10068294701986,62.27293719211823,67.56946582512316,4.903205656501627
2810,97,63.37983927149682,38.95395849920382,66.81315104166666,37.98828125,3.5665336477897776
2811,98,66.00251677852349,21.829121224832214,68.69141914617035,18.353765165896334,4.39412058085793
2812,99,63.15848214285714,20.284598214285715,66.00251677852349,21.829121224832214,3.2363690053789353
2813,100,58.02691915760869,49.24422554347826,63.00763654279279,49.025197072072075,4.9855309789792335
2814,101,64.71918608966746,29.711624109263656,67.93341708542714,30.006477701005025,3.2277266821503114
2815,102,64.88709181882022,88.8940704002809,65.99229761683976,83.80746360348664,5.205290439655559
2816,103,66.00251677852349,21.829121224832214,66.90176017833109,25.00328587651413,3.29908471065605
2817,104,67.14282418799212,4.0889517716535435,71.6843063766892,0.8818755278716216,5.559712088200526
2818,105,68.16188833487941,50.33065427875696,70.38704234467455,52.113188794378694,2.851094468215715
2819,106,68.73972039473685,58.17639802631579,69.50777242696253,64.71503714596342,6.5835936585722274
2820,107,69.02468826970444,76.24018626847291,72.59439513384754,78.81355631805808,4.400572747724139
2821,108,68.73972039473685,58.17639802631579,69.05330882352942,55.057444852941174,3.1346780696550294
2822,109,70.38216334814949,11.747593319121915,75.29389003537736,13.241634728773585,5.133928202047657
2823,110,73.76561721086739,23.728716195164505,77.35231946983546,20.258137425731263,4.990926776594443
2824,111,72.74593431122449,90.21045918367348,74.00012317004504,88.0569045608108,2.4921451015626555
2825,112,73.57309912420382,32.90891222133758,76.61545786691542,28.58583061256219,5.286301288754332
2826,113,74.31981995162296,53.34859745630462,77.31380208333334,55.31640625000001,3.582764359198898
2827,114,74.86223493303571,42.347935267857146,79.3109058605919,39.90247760903427,5.076508266789199
2828,115,75.29389003537736,13.241634728773585,77.96805245535714,12.80211433531746,2.71004111125569
2829,116,75.74830572289156,58.40667356927711,77.31380208333334,55.31640625000001,3.4641782516418758
2830,117,79.3109058605919,39.90247760903427,84.30989583333334,40.532483552631575,5.038532349458263
2831,118,76.61545786691542,28.58583061256219,79.01589912280701,29.207785087719294,2.479706755274576
2832,119,76.02277483258929,71.26028878348214,77.53748739919355,71.02129536290323,1.5334510147079603
2833,120,77.35231946983546,20.258137425731263,78.89943677325581,23.132040334302324,3.263876510904768
2834,121,75.74830572289156,58.40667356927711,77.66281654094827,62.749191810344826,4.745820934934445
2835,122,77.73077476958525,76.54944916474655,81.15658967391305,79.68183876811594,4.641990132045864
2836,123,79.28107209907945,4.729988039001938,84.58658854166666,8.127278645833332,6.300006999188816
2837,124,80.99096947973901,94.90792410714286,84.93197737068967,99.41136853448276,5.984359189309588
2838,125,77.31380208333334,55.31640625000001,80.45400943396226,50.9986733490566,5.33888748793539
2839,126,84.41069961301952,65.56939364221091,87.02380491955446,69.76330445544554,4.941377060335247
2840,127,77.53748739919355,71.02129536290323,82.2601318359375,71.0772705078125,4.722976147807248
2841,128,81.13113839285714,82.91964285714286,81.15658967391305,79.68183876811594,3.237904119430781
2842,129,81.13113839285714,82.91964285714286,82.23912409232366,86.48818399896265,3.7365917881249504
2843,130,77.66281654094827,62.749191810344826,82.53234329446065,59.78498542274052,5.700772781955693
2844,131,77.96805245535714,12.80211433531746,83.3079268292683,13.761591717479673,5.4253898639668225
2845,132,84.30989583333334,40.532483552631575,88.71108271375465,40.527706784386616,4.401189472620734
2846,133,84.58658854166666,8.127278645833332,85.72378849637681,2.8691830842391304,5.379664736008129
2847,134,84.63926573057432,82.50171558277027,87.58830618351064,80.72379903590425,3.443519542659053
2848,135,80.45400943396226,50.9986733490566,84.73640501968504,46.973681512467195,5.877029116588525
2849,136,84.93197737068967,99.41136853448276,86.40652508802818,98.82124779929578,1.5882485488127638
2850,137,85.01335363418531,76.69385233626198,87.97403098175965,76.2456410944206,2.9944120748074847
2851,138,87.58830618351064,80.72379903590425,89.3430816740413,79.32885094026548,2.241677321046315
2852,139,86.70184795673077,86.15096654647436,88.30375941932624,86.09645113031915,1.6028388142896164
2853,140,82.53234329446065,59.78498542274052,90.66686585221908,58.45468897544853,8.242581263194097
2854,141,87.97403098175965,76.2456410944206,89.65753099696356,74.08669660931174,2.7377387733261775
2855,142,87.97676000702246,29.447199789325847,89.62184792698021,27.751779084158418,2.362364415559394
2856,143,88.71108271375465,40.527706784386616,90.73645550271739,39.04976222826087,2.5072804081818325
2857,144,89.13643764055472,91.48179816341829,91.42024168494152,93.50357501827486,3.050138122116959
2858,145,88.81193462171053,34.920461554276315,90.73645550271739,39.04976222826087,4.555755116070301
2859,146,91.38037064289011,16.249440933748847,93.69761485927152,18.38265728476821,3.1496400998541825
2860,147,90.95348011363636,0.41577888257575757,91.40519425675676,2.6879222972972974,2.3166098860527757
2861,148,89.62184792698021,27.751779084158418,91.40445814220183,31.11381880733945,3.8053922635727995
2862,149,88.30375941932624,86.09645113031915,91.74360795454545,84.04341264204545,4.005936217612921
2863,150,91.40519425675676,2.6879222972972974,91.70181139380531,7.955095409292036,5.275518393268212
2864,151,92.50873102390182,42.69798732235142,94.09735957278481,45.19012064873418,2.955413538372199
2865,152,89.65753099696356,74.08669660931174,93.08845766129032,74.84353998655914,3.513412824259569
2866,153,93.58491443452381,36.960565476190474,95.86440577651516,36.75483045600233,2.2887567972035114
2867,154,93.08845766129032,74.84353998655914,93.89105902777779,70.82494870580808,4.09795617780571
2868,155,94.09735957278481,45.19012064873418,96.42791748046875,44.93408203125,2.3445801190642532
2869,156,95.35319010416666,32.46256510416667,97.02622767857143,29.60100446428571,3.3147524826276387
2870,157,96.98583396084337,50.705242846385545,99.01835123697916,49.2767333984375,2.484303870436805
2871,158,96.11646075581395,95.54414970930233,98.94402472527473,93.87824089972527,3.2818242127236537
2872,159,91.74360795454545,84.04341264204545,97.26422991071428,81.26674107142857,6.17957699151045
2873,160,93.89105902777779,70.82494870580808,97.85989975674826,71.95978254472693,4.1278983240736835
2874,161,97.02622767857143,29.60100446428571,98.41877535029498,24.07240966076696,5.701276130790127
2875,162,96.42791748046875,44.93408203125,99.04826752948887,45.56041632536042,2.694165738661695
2876,163,93.69761485927152,18.38265728476821,98.80157766990291,14.088099211165048,6.670357218309856
2877,164,90.66686585221908,58.45468897544853,99.20154918323864,59.76821437026515,8.635170439754585
2878,165,91.40519425675676,2.6879222972972974,98.8070618872549,1.9473805147058825,7.438820239203242
2879,166,95.86440577651516,36.75483045600233,99.37824661939314,37.18667546174142,3.5402778955979297
2880,1,2.3095168231611893,4.383273017736046,4.468440141417425,8.890528486671002,4.997629613762367
2881,2,1.4308965773809523,14.464883609693876,5.824563203564728,16.793760260318948,4.972722883478204
2882,3,0.7489271566901409,31.96866747359155,4.363114704457365,30.150799418604652,4.045614402754853
2883,4,0.9428879310344828,37.44387571839081,5.230629280821917,40.52065496575342,5.27743274894889
2884,5,0.41103078358208955,66.75023320895522,2.3457162332214767,63.94845847315436,3.4048420608331265
2885,6,1.4017325680272108,46.94409013605442,4.287193160152526,48.484233496186846,3.2707681664202632
2886,7,1.7194625134120172,23.07789028969957,8.078661151960784,22.539445465686274,6.381953474683686
2887,8,2.2668808896895785,77.41628845620842,6.555641698473283,75.08833790553436,4.8798384236922
2888,9,2.5548598345588234,87.34705307904412,4.4493666206624605,88.53016561514195,2.2335870781468534
2889,10,2.6294849537037037,94.50834297839506,3.5481770833333335,97.57711476293103,3.2033350581241926
2890,11,4.363114704457365,30.150799418604652,6.428511424731183,33.23620211693548,3.71289286446364
2891,12,5.230629280821917,40.52065496575342,10.102095170454547,40.72709517045455,4.875838130206053
2892,13,5.824563203564728,16.793760260318948,7.884632457386363,19.517933238636363,3.4154068200341823
2893,14,5.797230113636364,52.101089015151516,8.203125,52.04286317567568,2.4065993544030877
2894,15,6.555641698473283,75.08833790553436,7.218663832720589,77.10535386029412,2.1231937528773197
2895,16,6.428511424731183,33.23620211693548,9.280073007641922,34.58762622816594,3.155590370999924
2896,17,2.3095168231611893,4.383273017736046,6.879638671875001,1.391357421875,5.462377929514571
2897,18,6.7161138803680975,65.29668328220859,8.791429924242426,68.56238162878789,3.8693309980942336
2898,19,4.4493666206624605,88.53016561514195,6.645350302419355,83.38898689516128,5.590533334246796
2899,20,6.555641698473283,75.08833790553436,7.339719742063493,72.04396081349206,3.143725537796222
2900,21,7.884632457386363,19.517933238636363,8.078661151960784,22.539445465686274,3.0277356675460236
2901,22,8.791429924242426,68.56238162878789,11.074378842213115,65.59645022199454,3.7428070845111265
2902,23,8.203125,52.04286317567568,9.88333024887197,58.70545156514383,6.871184303001391
2903,24,5.824563203564728,16.793760260318948,9.161166487068966,14.92456896551724,3.8244996493729406
2904,25,9.884517609126984,6.461666046626983,13.581013016001856,3.8705574559369205,4.514191181351856
2905,26,10.102095170454547,40.72709517045455,10.34729972718254,46.015857514880956,5.294443541153581
2906,27,10.231667698019802,92.78987469059405,16.472431211074348,95.31728967983652,6.73312377383042
2907,28,10.102095170454547,40.72709517045455,14.327987594221106,38.56538552135678,4.746699420044416
2908,29,12.209390096618357,25.852015398550726,14.146183894230768,26.737079326923073,2.1294385109168568
2909,30,14.265248255076143,76.31513721446701,15.874023437500002,74.619140625,2.33764026724957
2910,31,15.8673482689099,20.83174012791991,19.209929435483872,25.637390793010752,5.853813045359668
2911,32,16.472431211074348,95.31728967983652,22.857987253289476,93.82581208881578,6.557425666584953
2912,33,15.44215425531915,49.954288563829785,17.703325320512818,51.18439503205128,2.574112761560657
2913,34,15.632470969945356,85.53887038934425,19.383986452792552,83.3750623337766,4.330812131619398
2914,35,16.18931531326034,69.4918073296837,19.144976021039604,69.40120281559405,2.9570491029882526
2915,36,19.368738833588566,14.374112669091375,23.03274706535533,17.881751665609137,5.0723256650521495
2916,37,15.632470969945356,85.53887038934425,18.7042236328125,88.5986328125,4.3356441860451715
2917,38,19.383986452792552,83.3750623337766,21.144995358910894,82.24590037128714,2.0919271270675686
2918,39,19.209929435483872,25.637390793010752,21.37358849789916,27.541114101890756,2.881940834775212
2919,40,20.541316904920212,5.317590591755319,24.802524228639243,5.613380142405063,4.2714610280313074
2920,41,19.144976021039604,69.40120281559405,20.663759689922482,72.05876786579456,3.0609403504336066
2921,42,19.144976021039604,69.40120281559405,20.076394382911392,65.46306368670885,4.046786374802678
2922,43,23.03274706535533,17.881751665609137,23.566778273809526,22.48139880952381,4.63054458785632
2923,44,22.857987253289476,93.82581208881578,24.93691336412396,96.47040747914184,3.363899307774121
2924,45,22.758396192528735,48.06483477011494,23.720189144736842,43.28385943825911,4.876758227217257
2925,46,22.857987253289476,93.82581208881578,24.09470016891892,92.1413112331081,2.089737296543419
2926,47,20.663759689922482,72.05876786579456,24.114070526541095,73.28466127996576,3.661619796237197
2927,48,19.368738833588566,14.374112669091375,24.467251134690873,11.761684249263984,5.728840190929868
2928,49,27.714875913441745,31.859376608172084,31.654439786585364,37.257526676829265,6.682827820191233
2929,50,20.076394382911392,65.46306368670885,24.047064012096776,61.04460685483871,5.940452683022998
2930,51,24.802524228639243,5.613380142405063,27.330395299145298,6.396901709401709,2.6465143481663422
2931,52,24.97634413819876,52.82657220496895,25.77379532442748,55.02668773854962,2.340178787084558
2932,53,28.10426923397864,85.91148875584112,32.833426339285715,82.10146949404762,6.072987214041697
2933,54,26.35345458984375,78.28521728515625,30.352081028761063,79.98824668141593,4.346184823788925
2934,55,26.412491945876287,67.31737274484536,28.912951899509803,67.82801011029412,2.5520678867767934
2935,56,29.021661931818183,49.78138316761363,31.18521813118812,46.90013923267327,3.6031294787257853
2936,57,24.09470016891892,92.1413112331081,28.626685049019606,92.9898131127451,4.610731221098098
2937,58,36.720457599834596,89.64326854914934,39.66155550373134,96.78171641791045,7.720589022563362
2938,59,30.352081028761063,79.98824668141593,32.833426339285715,82.10146949404762,3.259261450986966
2939,60,30.691221338757398,15.166766826923078,30.825195312499996,19.210611979166668,4.046063845389041
2940,61,31.654439786585364,37.257526676829265,33.23220531942978,40.791850910770854,3.8705027925656657
2941,62,33.633570995145625,23.48784511529126,37.93358489229025,24.548256802721088,4.4288364682470105
2942,63,32.560782596982754,58.12567349137932,37.60482368119266,58.195957568807344,5.044530732460388
2943,64,33.23220531942978,40.791850910770854,36.66796875,41.306640625,3.47411554222363
2944,65,32.75509396114865,8.86890308277027,33.24838033536585,4.15991806402439,4.734751456387282
2945,66,34.326171875,28.171406895661157,34.76380531832298,32.617591873706004,4.4676709692754235
2946,67,35.0765306122449,63.15369897959183,36.071991502192986,64.88229851973685,1.9947427788077818
2947,68,35.620341169724774,77.05884461009175,37.26143973214286,73.53655133928572,3.8858402408148693
2948,69,32.833426339285715,82.10146949404762,36.392299107142854,81.45926339285714,3.6163523133402564
2949,70,39.076221038329514,19.328428918764303,41.37679811507937,15.708705357142858,4.288945505438873
2950,71,36.806203358208954,50.72732042910447,43.28488009549601,51.271981007696695,6.501531159052984
2951,72,37.74912308673469,99.57250478316327,39.66155550373134,96.78171641791045,3.3831786014353633
2952,73,41.732961763211385,42.57906330838877,44.98401988636363,39.12844967532468,4.74089794920772
2953,74,42.78221106150794,67.48800223214285,49.15995695153062,65.08689413265306,6.814760651933173
2954,75,40.03653690732759,4.745588631465517,42.98478311567165,2.007054570895522,4.023894196660381
2955,76,35.620341169724774,77.05884461009175,40.627199465090094,78.03042300112612,5.100254362264049
2956,77,43.892894071691174,28.83722641888787,47.0703125,26.017717633928573,4.248013377688348
2957,78,41.035012637867645,34.22061695772059,44.02375768442623,36.75717213114754,3.920039425971058
2958,79,41.37679811507937,15.708705357142858,44.6813322368421,16.455592105263158,3.3878880702307654
2959,80,41.78223917958656,10.6124838501292,44.80794270833333,6.646321614583334,4.988519291587519
2960,81,42.71334134615385,24.55829326923077,44.90411931818182,21.48518207644628,3.774058892749331
2961,82,42.98478311567165,2.007054570895522,45.21059782608695,2.0578577898550723,2.226394415227872
2962,83,44.907571811868685,96.2954742739899,48.25129104872881,95.04204184322033,3.5709314181951695
2963,84,44.02375768442623,36.75717213114754,44.98401988636363,39.12844967532468,2.5583316219732786
2964,85,44.80794270833333,6.646321614583334,47.14453125,4.628125000000001,3.0875173826496254
2965,86,47.200080765407556,75.42700826292247,52.29644097222222,75.49696180555556,5.096840281559841
2966,87,48.25129104872881,95.04204184322033,49.2275140224359,97.62870592948718,2.7647499687270436
2967,88,47.14453125,4.628125000000001,49.28811331775701,8.21818414135514,4.181323799903211
2968,89,49.15995695153062,65.08689413265306,51.35609019886363,66.86012961647727,2.822652178560929
2969,90,49.94106950431034,37.9461880387931,53.78480278422274,37.88133519431555,3.844280351189667
2970,91,49.15995695153062,65.08689413265306,50.13447745901639,62.0757556352459,3.16490841416901
2971,92,51.50151466836734,79.0365911989796,52.29644097222222,75.49696180555556,3.6277932784754703
2972,93,52.48876096491229,88.04708059210526,56.224724264705884,93.86144301470588,6.911167206684757
2973,94,53.38957821143209,95.96920376843885,56.224724264705884,93.86144301470588,3.5328046278234737
2974,95,52.71065848214286,15.970982142857142,53.15393518518518,12.77488425925926,3.2266911716182185
2975,96,47.0703125,26.017717633928573,51.697530864197525,27.63792438271605,4.90267474943865
2976,97,52.29644097222222,75.49696180555556,54.45523648648649,73.15508868243244,3.185085210353711
2977,98,52.018229166666664,19.290364583333332,52.71065848214286,15.970982142857142,3.390834431680866
2978,99,53.46003320683111,6.628209499525617,56.85148278061225,6.005859375,3.4480791593287554
2979,100,53.78480278422274,37.88133519431555,55.760544996995186,36.59128042367789,2.3596183171385903
2980,101,51.35609019886363,66.86012961647727,53.59604779411765,68.73276654411765,2.919619682646793
2981,102,53.98716517857143,46.78292410714286,56.59365110759494,41.95510284810127,5.4864949655906425
2982,103,55.339167668269226,1.6319861778846152,56.85148278061225,6.005859375,4.627943792167905
2983,104,56.3975512079832,77.83137473739495,58.302703617125985,79.60483821358267,2.60284044909295
2984,105,56.5300555268595,62.11744576446281,58.93773320895522,61.84701492537313,2.422817504392886
2985,106,53.78480278422274,37.88133519431555,56.59365110759494,41.95510284810127,4.948253409107257
2986,107,56.42726732336957,20.782736073369566,58.94201807228916,24.50348268072289,4.49087147949292
2987,108,59.12498506718013,31.926522620586912,63.10646584084084,32.547097879129126,4.029553672870568
2988,109,56.3975512079832,77.83137473739495,58.992055828651694,76.61187675561798,2.8668152284771105
2989,110,56.59365110759494,41.95510284810127,61.605083189565036,45.727263370451695,6.272451396270698
2990,111,61.58910290948276,8.238242764778326,65.73707699158031,11.227179808937823,5.112673824888688
2991,112,58.93773320895522,61.84701492537313,59.64704241071429,57.75785900297619,4.150218753436271
2992,113,58.93773320895522,61.84701492537313,59.872966167355365,64.51338670798899,2.8256325255786385
2993,114,58.992055828651694,76.61187675561798,62.19427262401768,78.0972763691061,3.5299581323685194
2994,115,61.434236336580085,17.15029761904762,63.60663052262932,20.86602572737069,4.30417609706697
2995,116,62.00017755681818,83.76686789772727,64.0920928030303,82.54172585227273,2.424269462925943
2996,117,63.81642771291208,90.84295587225274,66.17101961678831,88.06455291970804,3.6419261388046777
2997,118,63.498176702885324,96.6914576104821,63.81642771291208,90.84295587225274,5.857154282367401
2998,119,63.10646584084084,32.547097879129126,65.25772758152173,33.975883152173914,2.5825093288093024
2999,120,63.17362882653062,60.33960459183674,66.29989170792079,58.972772277227726,3.412000905600322
3000,121,63.60663052262932,20.86602572737069,67.71160489949749,20.291398398241206,4.144998335599998
3001,122,65.73707699158031,11.227179808937823,69.23673115079364,9.378875248015873,3.957753022110413
3002,123,66.55206549657534,4.346372003424658,68.30914030349794,0.9817869084362141,3.795753513933759
3003,124,66.96529664855072,69.6204144021739,71.64645724826389,66.88164605034721,5.423478279229521
3004,125,67.71160489949749,20.291398398241206,69.28045099431817,17.744584517045457,2.9912437237185268
3005,126,67.63099965469614,54.18303263121547,71.84412719080689,52.25565269510582,4.633059146358121
3006,127,68.3023655668218,42.32969892785904,69.13625233208955,45.99609375,3.7600290064187947
3007,128,68.30914030349794,0.9817869084362141,71.27628504672897,1.737733644859813,3.0619280519948595
3008,129,67.71160489949749,20.291398398241206,68.36862664473684,25.325606496710527,5.0769014913046595
3009,130,69.47869055566967,93.74783342748562,70.22216796875,99.21956380208333,5.5220097750779
3010,131,69.23673115079364,9.378875248015873,69.635009765625,12.339274088541668,2.9870699941612417
3011,132,71.83847324188562,75.70797007824575,75.71400669642857,78.20786830357143,4.611859786926318
3012,133,69.635009765625,12.339274088541668,71.75693796641791,13.619402985074627,2.478166516007134
3013,134,68.36862664473684,25.325606496710527,74.21699897772379,29.57135776673282,7.2270230933727575
3014,135,71.84412719080689,52.25565269510582,75.00088350045235,50.69460805563932,3.5216431910251202
3015,136,71.4680130689314,85.69722439808707,75.83532412190083,87.4233277376033,4.696044992552565
3016,137,71.64645724826389,66.88164605034721,72.04786278735632,64.06474497126436,2.8453572879609075
3017,138,72.228515625,6.798828125,74.44140625,5.3589843749999995,2.6400823742123922
3018,139,71.75693796641791,13.619402985074627,73.203125,11.578480113636363,2.5013642484174063
3019,140,75.00088350045235,50.69460805563932,76.8858862704918,49.48690445696721,2.238701280944367
3020,141,71.75693796641791,13.619402985074627,75.15953005725191,16.743201335877863,4.6190636576136415
3021,142,72.04786278735632,64.06474497126436,76.6015625,59.71915409482759,6.294469091059362
3022,143,79.54179650752587,7.9149334136876766,83.78370374548737,6.250564079422382,4.556742509327559
3023,144,76.95703125,96.490234375,79.13688497340425,99.32679521276596,3.577406832020502
3024,145,78.10329861111111,67.80237268518519,83.08760480182927,64.9539110137195,5.740822423367611
3025,146,74.44140625,5.3589843749999995,78.68614783653847,0.6212439903846153,6.361133160727313
3026,147,76.8858862704918,49.48690445696721,78.83463541666667,46.44066220238095,3.6162432313582094
3027,148,75.15953005725191,16.743201335877863,80.01833545918367,14.997209821428573,5.162991022882979
3028,149,80.780029296875,83.55216979980469,86.50226726398601,82.21153846153845,5.877184677835831
3029,150,80.8013916015625,32.952880859375,84.85903532608695,35.22276947463768,4.6493942531120975
3030,151,81.47815265486726,53.729086006637175,82.46932768485915,51.80939150528169,2.1604756232399205
3031,152,82.08869485294117,42.26313572303921,85.95703125,39.64301215277778,4.6721594583500226
3032,153,82.54261363636364,92.20436789772727,83.49697353603604,93.42711852477478,1.5511034504660812
3033,154,83.08760480182927,64.9539110137195,84.56006883741259,68.5601507867133,3.8952683651333344
3034,155,82.73748867753623,25.697746829710145,84.1552734375,20.316256009615387,5.565119681763338
3035,156,83.08760480182927,64.9539110137195,84.15492795548349,61.027095002948116,4.069282823394923
3036,157,84.95049396106941,76.68525738742964,87.93168501420455,75.54487748579545,3.1918593978031193
3037,158,82.54261363636364,92.20436789772727,85.3665420886436,90.57810544208012,3.2587269720312317
3038,159,84.1552734375,20.316256009615387,88.27572228773585,23.52225825471698,5.220780508985835
3039,160,84.85903532608695,35.22276947463768,86.79819915254238,34.71265889830508,2.00513569264517
3040,161,80.01833545918367,14.997209821428573,85.62202785326087,12.30765964673913,6.215709821863521
3041,162,84.15492795548349,61.027095002948116,88.18141771399456,60.1241402004076,4.126493323734519
3042,163,83.49697353603604,93.42711852477478,85.74053230932203,96.80548199152543,4.055477244747408
3043,164,86.07914191632231,1.0483923037190084,89.3972984452224,2.0910021107907744,3.4781026379456597
3044,165,84.85903532608695,35.22276947463768,85.95703125,39.64301215277778,4.5545735675890455
3045,166,84.95049396106941,76.68525738742964,86.50226726398601,82.21153846153845,5.740015931484685
3046,167,88.27572228773585,23.52225825471698,92.0700485641892,25.001319679054053,4.072411397335278
3047,168,89.79300704656863,92.53073299632352,91.08651620370371,94.57899305555556,2.422505977255268
3048,169,92.51001443073248,11.179878251061572,97.0703125,6.835102831196581,6.298681761259897
3049,170,88.18141771399456,60.1241402004076,91.04984375000001,56.495625000000004,4.625363821757468
3050,171,86.79819915254238,34.71265889830508,90.8099834735577,33.65478515625,4.14891676133348
3051,172,91.08651620370371,94.57899305555556,92.51860851377953,98.55361097440945,4.224745671096984
3052,173,96.57841435185185,70.81120642701525,98.88470882270694,79.43844379194631,8.930185817616529
3053,174,93.09475806451613,48.15319430443548,95.83152488425925,50.480143229166664,3.592295077517231
3054,175,92.97369462025317,39.762163765822784,96.33509156050955,43.43463873407643,4.978560211789613
3055,176,94.27702957439679,83.45368004356568,98.88470882270694,79.43844379194631,6.111696181227135
3056,177,91.08651620370371,94.57899305555556,95.50861767520612,90.75233270759718,5.8479321852173385
3057,178,90.8099834735577,33.65478515625,95.33711922268907,35.353203781512605,4.835243935697793
3058,179,96.95998496923937,4.056120665548098,98.85817307692307,6.050180288461538,2.7530695363331272
3059,180,96.33509156050955,43.43463873407643,97.77397260273972,47.02014661815068,3.8634499402021487
3060,181,96.92503873966942,24.11947959710744,99.18519087061036,23.58169810827759,2.323251296077314
3061,182,97.0703125,6.835102831196581,98.85817307692307,6.050180288461538,1.9525749257350784
3062,183,96.84988839285714,21.018415178571427,96.92503873966942,24.11947959710744,3.101974871357936
3063,184,99.19396033653847,55.03981370192308,99.26521547379032,57.678616431451616,2.639764599344422
3064,185,92.51860851377953,98.55361097440945,99.40614442567568,97.33336852477478,6.994793962194278
3065,186,95.33711922268907,35.353203781512605,99.65676700367648,32.061408547794116,5.430955055284579
3066,1,2.018602613129382,28.521537902326322,5.387533096432553,24.40992544593088,5.315547910885151
3067,2,0.33154899691358025,56.36574074074075,2.815615619639794,53.6047384219554,3.713989874848943
3068,3,0.5425347222222222,98.61308396464646,3.24554443359375,99.6551513671875,2.89692353561626
3069,4,0.8768284574468086,3.5987367021276597,2.868158417630058,9.189848265895954,5.935143092531718
3070,5,1.7757640165441175,60.72064568014706,5.656968460200927,61.18941388137558,3.909410640997487
3071,6,2.7672006302521006,38.180897358943575,6.463272270114942,42.64322916666667,5.7942515245038875
3072,7,5.577748101548541,18.78146636762954,10.58337279040404,17.169744318181817,5.258700076098244
3073,8,5.387533096432553,24.40992544593088,7.4324733527131785,25.46708454457364,2.30203518904474
3074,9,5.81339003164557,84.09056071993672,8.256554728403142,81.29703861256544,3.7111749486994743
3075,10,5.656968460200927,61.18941388137558,6.555989583333334,67.63997395833333,6.51290751402778
3076,11,6.725639664239483,47.47831968042071,8.6984375,50.11171875,3.2903984501033388
3077,12,6.463272270114942,42.64322916666667,6.725639664239483,47.47831968042071,4.842203726165807
3078,13,6.737323835784313,51.969401041666664,8.6984375,50.11171875,2.7012867860975778
3079,14,10.910798652995576,90.37824814032972,12.996238425925927,92.5730613425926,3.0275838616539064
3080,15,9.713584498355262,97.17953330592105,10.508326480263158,99.1455078125,2.120535446137421
3081,16,10.43171432783019,3.642762382075472,15.166893433988765,0.605688202247191,5.625454714170257
3082,17,10.58337279040404,17.169744318181817,11.778192934782608,13.772052267323371,3.601653293958138
3083,18,7.4324733527131785,25.46708454457364,11.703151470232333,25.080734208615684,4.288118254613762
3084,19,11.467633928571429,62.74984780844156,13.08303796763658,58.90249220605701,4.172729962581785
3085,20,11.799213248239436,36.066103653169016,12.967279905913978,39.39747143817204,3.530211188544812
3086,21,8.6984375,50.11171875,11.739751344086022,46.485425067204304,4.732821121922241
3087,22,11.858302937697161,72.23358635646687,16.806717519685037,71.31255382627953,5.033399228840642
3088,23,11.626674107142858,30.525948660714285,15.793863932291666,33.09224446614583,4.894011156484964
3089,24,8.6984375,50.11171875,11.760220462328768,51.87687285958904,3.5341595802971035
3090,25,10.508326480263158,99.1455078125,13.610136387711863,98.15164856991525,3.257143057346127
3091,26,12.967279905913978,39.39747143817204,14.373387327981652,42.48270857224771,3.3905495507178793
3092,27,12.996238425925927,92.5730613425926,14.94286380597015,92.64954524253731,1.9481273462438407
3093,28,15.215412621359222,15.333927487864077,18.519909633190885,16.147409929962013,3.4031535646817352
3094,29,17.60639948104693,47.5881374097473,22.87694958673007,46.682341202445656,5.347818731565106
3095,30,15.793863932291666,33.09224446614583,17.66035580593071,27.525357365678214,5.871458413691895
3096,31,17.211210776748974,78.01126864711934,20.233992034313726,79.57261029411765,3.4022043251010303
3097,32,21.673435214900877,9.685329155833603,27.591575766509436,11.43223024764151,6.1705794714235145
3098,33,18.519909633190885,16.147409929962013,21.58575858778626,16.938141102099237,3.166178390265316
3099,34,18.184886259191178,66.17431640625,19.011896306818183,63.69258996212122,2.6158959769769368
3100,35,18.564551767676768,59.8504577020202,19.011896306818183,63.69258996212122,3.868087051865378
3101,36,19.15757755195599,21.343501680929094,21.58575858778626,16.938141102099237,5.030235081213791
3102,37,21.620725235849054,1.108408674004193,26.430940448113205,1.9999262971698115,4.892133896441542
3103,38,20.962379092261905,37.26748511904761,24.536631058673468,37.06951530612245,3.5797303203211506
3104,39,20.233992034313726,79.57261029411765,21.51631863317757,83.28982914719626,3.9321848262558508
3105,40,22.87694958673007,46.682341202445656,25.59614820710456,42.2081832272118,5.235659530985109
3106,41,22.293318563432834,94.15520055970148,24.657129979395602,93.54771205357143,2.440624242958355
3107,42,27.590627135813317,26.564197208797108,29.918931934931507,28.39790239726027,2.9636932965125675
3108,43,24.30837970890411,79.1677814640411,27.44021713280061,78.61134893455099,3.180883966697533
3109,44,21.51631863317757,83.28982914719626,26.66158842231897,85.5813366464253,5.632477946878632
3110,45,25.59614820710456,42.2081832272118,28.618893678160916,40.78102550287356,3.3427188563996855
3111,46,25.179893092105267,56.967288011695906,28.787781762295083,57.97579405737705,3.7461907453651473
3112,47,26.668816896024467,71.07075449159022,27.192302766393446,63.83612961065573,7.25353945493593
3113,48,26.597063728932586,97.53317386470037,29.125085538321166,99.56874429744525,3.2456803994554826
3114,49,26.66158842231897,85.5813366464253,31.90078624491427,90.65241526809066,7.291435538451867
3115,50,27.192302766393446,63.83612961065573,28.787781762295083,57.97579405737705,6.0736386148161206
3116,51,29.465646493330556,48.97727568778657,34.421538772743176,48.17514706525542,5.0203863010953
3117,52,27.591575766509436,11.43223024764151,28.047072285353536,7.780934343434344,3.679597649031632
3118,53,28.047072285353536,7.780934343434344,30.65777132137628,6.6712230051244505,2.836760249133442
3119,54,30.70082720588235,15.202493106617649,35.17438616071429,14.822823660714285,4.489641256326564
3120,55,30.375000000000004,33.240234375,33.408203125,33.7314453125,3.0727201927005003
3121,56,34.75509820688226,68.77315894485903,40.44673330082886,64.07521292966845,7.38006821135751
3122,57,33.408203125,33.7314453125,35.91191953253707,30.712166649505768,3.9223257761413137
3123,58,35.295359293619796,1.6421000162760417,36.55139399509804,7.401960784313726,5.89522003308589
3124,59,35.04451717342342,19.92627393018018,35.17438616071429,14.822823660714285,5.105102409038576
3125,60,36.55139399509804,7.401960784313726,40.0390625,5.5442116477272725,3.951589990696501
3126,61,36.319247159090914,35.58111810064935,39.15697526465798,33.92202768729642,3.287138847205097
3127,62,39.75653556288271,12.000448951954782,41.97869633238277,16.379143892585553,4.91029203496193
3128,63,37.78667692264065,95.7055176667423,45.06671348314607,97.96787219101124,7.623462488644882
3129,64,38.15866422744721,79.45132557581573,41.43033679624665,73.0292213232478,7.207445069390809
3130,65,39.58475770410886,56.121129185565636,45.29022752192983,57.6891447368421,5.917014332508489
3131,66,39.15697526465798,33.92202768729642,40.60724431818182,31.75765108471074,2.6053418979913654
3132,67,40.8853731187291,26.31283967391304,43.17482123940678,24.092955508474574,3.188958827774202
3133,68,42.116617967511885,40.90551022682251,44.373394691780824,39.5066352739726,2.655163331494475
3134,69,43.99251597474289,87.46662082199032,49.630393729304636,89.31116773592716,5.931948996164421
3135,70,45.06671348314607,97.96787219101124,47.261753166299556,95.32239468612335,3.437550063560743
3136,71,47.279625154484464,33.918374271716104,47.48046875,30.267857142857142,3.6560379453654845
3137,72,44.373394691780824,39.5066352739726,49.11665874393739,40.17538511353615,4.790175384722051
3138,73,45.29022752192983,57.6891447368421,52.08211145532563,55.65096647417388,7.091111196077334
3139,74,50.55659310371047,17.308916894768856,51.19258996212122,13.22995580808081,4.128246062267082
3140,75,48.9990234375,3.6604817708333335,52.87815824468085,2.881898271276596,3.9564983404601644
3141,76,49.17859692258883,65.07252339784264,54.01292067307693,62.85006009615385,5.320716986636927
3142,77,49.630393729304636,89.31116773592716,52.00400185751748,92.98889586975524,4.377179431171252
3143,78,50.12164199561403,25.00685307017544,50.45340401785714,22.569444444444446,2.4598835029713686
3144,79,53.134356287425156,42.96699569610779,53.22561317231076,47.9503859561753,4.984225747613646
3145,80,52.00400185751748,92.98889586975524,53.52480233433735,96.5769719503012,3.897066082334459
3146,81,47.48046875,30.267857142857142,54.20410156249999,31.831635974702383,6.903089339727096
3147,82,49.11665874393739,40.17538511353615,53.134356287425156,42.96699569610779,4.8923392355470945
3148,83,53.71744791666667,84.26692708333333,57.43723665730337,80.33817591292134,5.41035248703641
3149,84,54.01292067307693,62.85006009615385,58.493503398541115,62.202368617374006,4.527154272985637
3150,85,54.01292067307693,62.85006009615385,54.6975394275701,67.8161050671729,5.013013613904049
3151,86,54.70473345588235,17.497702205882355,55.20865563118812,15.007155012376238,2.5410161120791988
3152,87,54.82867697010869,74.23148777173914,56.12963299418605,75.39857376453489,1.7477346169150527
3153,88,59.54101562500001,38.17801339285714,60.59817322432295,34.60883606923863,3.72244663591553
3154,89,56.12963299418605,75.39857376453489,57.6307852056962,76.40550830696202,1.8075882094256879
3155,90,57.43723665730337,80.33817591292134,57.6307852056962,76.40550830696202,3.9374275281644033
3156,91,60.32827166512428,18.944641145557906,64.15614297945206,16.146725171232877,4.741406183658669
3157,92,53.52480233433735,96.5769719503012,58.45008263221154,99.01874248798077,5.4973292944217595
3158,93,52.87815824468085,2.881898271276596,58.34114583333333,1.7109375,5.58707280439764
3159,94,59.21737938596491,87.83237390350878,61.03834069293478,88.4521484375,1.9235437490385963
3160,95,61.41702053100264,25.18771128792876,64.20362174855492,27.922349169075144,3.904278510386345
3161,96,62.34454719387755,81.13473905187075,63.79532724056604,84.39158313679245,3.5653605900888716
3162,97,58.34114583333333,1.7109375,62.70099272930649,6.915897651006711,6.7896888831443984
3163,98,58.45008263221154,99.01874248798077,62.95680107235702,95.7855489059792,5.546535120004506
3164,99,65.46109699588108,68.66598484509312,69.28309320887446,69.58367153679653,3.930623858405334
3165,100,62.34454719387755,81.13473905187075,64.22686509683099,77.40633252640845,4.1766177592507665
3166,101,65.46109699588108,68.66598484509312,67.1811541064982,63.43200022563177,5.509373055125463
3167,102,62.95680107235702,95.7855489059792,66.93917634107287,91.02922963370696,6.2033769674805255
3168,103,67.57940155228758,46.32097630718954,73.71026400862068,45.866446659482754,6.1476883183127695
3169,104,64.15614297945206,16.146725171232877,68.791748046875,17.615478515625,4.8627225633157725
3170,105,63.79532724056604,84.39158313679245,68.47098214285714,82.46547154017857,5.056842359410593
3171,106,70.81162696477742,40.31029500344195,75.64290364583334,40.900065104166664,4.8671411671147915
3172,107,69.65732473544973,7.370721726190476,71.8194699754902,4.2387918709150325,3.805766237881049
3173,108,68.791748046875,17.615478515625,69.8600089986911,24.040821335078533,6.513540650727384
3174,109,69.71321380395683,98.14593637589928,73.86363636363636,98.94886363636364,4.227375025887059
3175,110,70.85022356525157,76.76978920990565,72.27632705479452,78.61997003424658,2.3360094703672387
3176,111,71.78748152102497,31.851721624507228,75.0570718344156,29.383116883116884,4.096856134480768
3177,112,72.81858766233766,55.7590372796846,79.06939338235294,50.64338235294118,8.077282802953594
3178,113,73.6800309065934,15.321299793956044,74.56881009615385,17.970252403846153,2.7940791644546037
3179,114,73.71026400862068,45.866446659482754,77.87630208333334,43.74088541666667,4.676952409092632
3180,115,68.47098214285714,82.46547154017857,73.8454092920354,87.2243155420354,7.178514011676312
3181,116,75.64290364583334,40.900065104166664,77.87630208333334,43.74088541666667,3.613630948027214
3182,117,77.53863418311403,23.801141036184212,82.99872819767442,24.528373304263564,5.508311303800289
3183,118,73.6800309065934,15.321299793956044,77.41879111842105,14.898231907894738,3.7626206768370696
3184,119,77.41820080445545,96.18850556930693,79.55454631024097,94.18415850903614,2.929399129191185
3185,120,77.87630208333334,43.74088541666667,79.29443359375,42.2265625,2.074673679588794
3186,121,78.95248548119469,70.75886684181415,82.18678977272728,64.70134943181817,6.866894598188511
3187,122,80.8786651234568,80.52601755401234,81.83144441884849,86.79647285682512,6.342428406399233
3188,123,79.06939338235294,50.64338235294118,82.84909080334988,52.572260778535984,4.2434283987144195
3189,124,79.62915990259741,29.175121753246753,80.03455528846153,33.17007211538461,4.015466824022503
3190,125,79.75216427364865,9.500369510135135,80.92963986280488,7.850014291158537,2.0273433630892685
3191,126,80.03455528846153,33.17007211538461,83.34762985641892,33.3106788429054,3.3160568970797306
3192,127,80.20697699652779,0.4055447048611111,80.92963986280488,7.850014291158537,7.479463151831367
3193,128,79.29443359375,42.2265625,81.3962529620853,44.31557316350711,2.963378175217572
3194,129,82.18678977272728,64.70134943181817,82.73169289172534,62.56223866637324,2.207422541321953
3195,130,79.55454631024097,94.18415850903614,82.783203125,95.36310369318181,3.4371698495579617
3196,131,83.34762985641892,33.3106788429054,85.1320776608911,35.828241027227726,3.085834298664681
3197,132,84.50456373762376,30.221225247524753,86.54897836538461,29.076021634615383,2.3433144230391276
3198,133,84.65118408203125,42.706298828125,87.14278371710526,42.99885455827068,2.508716324485899
3199,134,87.2627918956044,75.40247252747253,90.16002308238636,76.2972745028409,3.0322630368728234
3200,135,85.9573719113372,8.917946039244185,87.62231691919192,7.308435921717171,2.3157212046362905
3201,136,86.44213746921181,4.947275246305419,87.62231691919192,7.308435921717171,2.6396786299218733
3202,137,82.73169289172534,62.56223866637324,86.07514880952381,62.898995535714285,3.3603723994982895
3203,138,87.14278371710526,42.99885455827068,89.4033203125,43.9677734375,2.459436824487637
3204,139,87.2627918956044,75.40247252747253,87.51694492009132,69.93659032534246,5.4717878255117025
3205,140,86.54897836538461,29.076021634615383,88.2717326536017,27.482786016949152,2.346546839713767
3206,141,88.3080051369863,47.1144584760274,89.4033203125,43.9677734375,3.3318676542448045
3207,142,86.44213746921181,4.947275246305419,88.99512954905063,3.383356408227848,2.9939289724062594
3208,143,89.36193379790942,79.17369882404182,90.16002308238636,76.2972745028409,2.985090179809155
3209,144,89.78771772540983,35.31153944672131,89.84459186422413,38.5498046875,3.2387646467907047
3210,145,91.55889059801382,90.53746356865285,95.24976513053798,88.17586778085443,4.381745026788147
3211,146,89.36193379790942,79.17369882404182,91.19547526041667,82.98258463541667,4.227231412973025
3212,147,93.3321795886076,55.8321795886076,96.06906162219101,55.44022120786517,2.764806437706967
3213,148,94.95192307692307,6.961828580901856,98.20352216656698,7.0497065639952154,3.2527863716643997
3214,149,95.24976513053798,88.17586778085443,96.59765625,91.96796875,4.024529814788218
3215,150,95.48786122311827,72.28925151209677,98.863158632287,70.15484865470853,3.993533292457722
3216,151,96.7522744676196,1.7068762762543759,98.20352216656698,7.0497065639952154,5.536420808365358
3217,152,96.11328125,41.5850830078125,96.90394810267857,39.546595982142854,2.1864545331993765
3218,153,95.24976513053798,88.17586778085443,97.87323703073433,83.95609336324257,4.968812830712314
3219,154,96.06906162219101,55.44022120786517,96.89778645833333,53.22753906249999,2.3627837671816176
3220,155,96.07026305379746,34.847211234177216,96.90394810267857,39.546595982142854,4.772761021687549
3221,156,95.95880681818181,60.64985795454545,97.37601902173914,59.31300951086956,1.9482438736642866
3222,157,96.11328125,41.5850830078125,97.27133075842697,46.57588658707865,5.123397215791857
3223,158,97.44046118951613,26.530997983870968,97.50563588308458,21.416193770729684,5.115219436099449
3224,159,97.14149567018072,65.58558452560241,98.863158632287,70.15484865470853,4.882857568742341
3225,160,96.59765625,91.96796875,98.72979214780601,97.24419926385681,5.69074792290669
3226,1,0.5640741604477612,40.70225046641791,2.4337785953534774,37.941847206385404,3.334009722826884
3227,2,0.65460205078125,46.160888671875,3.575906635802469,45.742910879629626,2.9510550508718594
3228,3,0.6705729166666666,59.89621629901961,3.6485901872964166,58.36344666123778,3.3493237566223577
3229,4,1.56707763671875,27.87933349609375,5.714511475622406,30.35427742479253,4.8297572297462406
3230,5,1.9264155982905984,9.593683226495726,3.440163352272727,7.829145951704546,2.3248707613141484
3231,6,1.9264155982905984,9.593683226495726,2.8658353365384617,14.435166579026443,4.9317816757680735
3232,7,2.7963033536585367,33.19200965447154,5.714511475622406,30.35427742479253,4.070462240391738
3233,8,2.913617484177215,55.77840684335443,3.6485901872964166,58.36344666123778,2.6874924621983087
3234,9,3.7949601715686274,77.46829044117646,5.845052083333333,74.25477430555556,3.8117663622760256
3235,10,2.796775159744409,92.11761182108627,5.703125,90.685546875,3.24001225364392
3236,11,3.6008284395973154,65.39036283557047,8.308015046296296,68.69052211934157,5.748796139066582
3237,12,3.6951013513513513,4.647909628378379,4.917349466463414,2.4807069359756095,2.488103286612676
3238,13,4.96693224009901,20.99899443069307,8.528645833333332,22.679620726495727,3.9383128959458666
3239,14,6.939403328611898,52.36643502124646,9.169407894736842,50.1940275493421,3.113241813435632
3240,15,3.6485901872964166,58.36344666123778,6.966463414634147,56.97789634146342,3.5955573199868933
3241,16,8.308015046296296,68.69052211934157,12.6807037601626,66.93248221544715,4.712866526017774
3242,17,3.440163352272727,7.829145951704546,7.489483173076923,7.769574175824176,4.04975799371262
3243,18,5.703125,90.685546875,7.992687289562289,94.71735585016835,4.636548186963419
3244,19,7.989142922794118,99.52895220588235,11.220655254289216,98.99040670955883,3.2760804630251745
3245,20,5.845052083333333,74.25477430555556,9.098307291666668,76.25596788194444,3.819482318420664
3246,21,10.896201097328245,89.76040672709924,15.37265625,92.07109375,5.037650767141712
3247,22,11.0457760786052,46.850759086879435,13.044819078947366,49.832956414473685,3.5902191880061163
3248,23,9.569678368506493,34.33885450487013,9.874434192200557,39.83150896587744,5.5011025385915975
3249,24,10.01041860141159,63.27892830609212,12.6807037601626,66.93248221544715,4.525359543462748
3250,25,11.220655254289216,98.99040670955883,13.298019255050505,98.06265782828282,2.2751173988099613
3251,26,12.501381928066039,80.37397276680424,14.855798498376624,83.32107345779221,3.772092240305738
3252,27,11.69567510548523,6.899393459915612,12.726652759948653,10.749709162387676,3.985956087653982
3253,28,12.6807037601626,66.93248221544715,17.030898085585587,68.08312218468468,4.499795885120711
3254,29,12.093577665441178,17.20616957720588,14.114529969262296,16.92414830942623,2.040535275313792
3255,30,13.295124658469945,57.93203551912568,18.24020127118644,57.322563559322035,4.982493228838605
3256,31,13.044819078947366,49.832956414473685,15.362079326923078,48.34923377403847,2.751568267477388
3257,32,14.688782772775424,73.23929091631356,17.030898085585587,68.08312218468468,5.663177564541584
3258,33,14.897210774430741,28.070890654648956,19.76368947072072,31.444916596283782,5.921711404338193
3259,34,15.37265625,92.07109375,18.704002490942027,93.24296591938406,3.531451848520023
3260,35,19.76368947072072,31.444916596283782,23.731407752403847,27.698692908653843,5.45682877508193
3261,36,18.748500159982935,82.17590123720136,20.702290331196583,79.01475694444444,3.7161982283996524
3262,37,18.24020127118644,57.322563559322035,22.400841346153847,58.111728766025635,4.234820841180453
3263,38,21.57731070619335,68.91639916918429,22.535464638157894,65.59030633223685,3.4613512559883652
3264,39,19.12484217171717,3.6162405303030303,20.104667467948715,1.990685096153846,1.8980221496671685
3265,40,18.24020127118644,57.322563559322035,18.846420094936708,52.69605419303798,4.666057241245899
3266,41,20.450312713456285,87.87061347336066,25.207851900912747,86.40958578279702,4.976824392398994
3267,42,20.152407786885245,23.99568818306011,23.972097170252574,21.743040736085124,4.434461354637334
3268,43,20.623358364762932,75.4076727505388,20.702290331196583,79.01475694444444,3.607947704339556
3269,44,22.509707148203592,16.06649981287425,23.972097170252574,21.743040736085124,5.86188548416601
3270,45,21.283854166666664,37.743489583333336,24.19424843189964,42.126596102150536,5.2613703095675435
3271,46,21.78890306122449,44.79033801020408,24.19424843189964,42.126596102150536,3.5890398862299
3272,47,23.1328125,94.36197916666667,24.26540798611111,95.88731553819444,1.8998483048561494
3273,48,23.79828559027778,5.519515749007937,26.924609988226063,2.3423702413657774,4.45737117794081
3274,49,23.731407752403847,27.698692908653843,25.477277728873236,30.827739876760564,3.5831546022122858
3275,50,24.216941550925927,0.924117476851852,26.924609988226063,2.3423702413657774,3.0566172921062167
3276,51,24.9542236328125,53.997802734375,26.974851800351292,51.8737650029274,2.9316334143382
3277,52,23.79828559027778,5.519515749007937,26.457609953703702,11.185860339506174,6.25935037269678
3278,53,27.312628777472526,62.522536057692314,28.921875000000004,64.82421875,2.808454489712749
3279,54,27.814758715986393,76.60435267857143,29.941920230263158,77.68040707236842,2.383843360254617
3280,55,24.9542236328125,53.997802734375,28.280327263779526,56.729822834645674,4.304288465265194
3281,56,29.071345992152466,95.18856852578476,33.20537860576923,93.54341947115384,4.44935288130758
3282,57,29.24875452898551,40.6448143115942,31.336466471354168,41.24348958333333,2.1718547914859863
3283,58,26.924609988226063,2.3423702413657774,30.865589488636363,1.1700994318181819,4.111634501457006
3284,59,33.38173512134052,82.24868186633282,33.55123880026224,86.9769756610577,4.731331071316158
3285,60,32.74338942307693,97.77493990384616,33.20537860576923,93.54341947115384,4.2566652648778085
3286,61,33.73717135608857,50.142160113007385,38.18487106123663,52.00421744946492,4.821751776214687
3287,62,33.20537860576923,93.54341947115384,36.52614101536124,93.11783898126265,3.3479220024270804
3288,63,36.14172033361486,77.5195972339527,36.41136880573936,70.46016434119677,7.064580883947988
3289,64,34.529512719002696,43.930308709568735,37.74777341461629,46.104276508494436,3.8837273199462814
3290,65,35.21185331937799,33.75028035287082,39.16285021551724,37.46565193965517,5.423500945071044
3291,66,36.4141845703125,8.67034912109375,38.155691964285715,5.615770947802198,3.516147866630829
3292,67,35.619773327464785,26.4098261443662,40.77082749439462,30.954403727578477,6.869246278921779
3293,68,33.38173512134052,82.24868186633282,36.14172033361486,77.5195972339527,5.475560229984404
3294,69,38.18487106123663,52.00421744946492,38.27138573232323,55.58712121212122,3.58394812473198
3295,70,36.339989778037385,61.4358206775701,40.38120083041958,59.967994245338,4.299523369520767
3296,71,36.84817394578313,14.290168486445785,41.342695932539684,13.523840525793652,4.559384435723238
3297,72,39.16285021551724,37.46565193965517,41.21639654503105,33.31837150621118,4.6278491247108535
3298,73,40.38120083041958,59.967994245338,42.59375,62.6734375,3.494967386401071
3299,74,40.989285146310436,17.57042183524173,41.342695932539684,13.523840525793652,4.061984672275083
3300,75,40.77082749439462,30.954403727578477,41.21639654503105,33.31837150621118,2.40559253351408
3301,76,43.3389824497406,72.52452172503241,46.42975370762712,73.19915254237289,3.1635413239410806
3302,77,44.92223376653196,49.58573228554371,46.885146103896105,56.34765625,7.041068139512964
3303,78,43.77585502740304,82.47836082419899,45.096390335648145,88.43557098765432,6.1018166501376845
3304,79,40.989285146310436,17.57042183524173,44.8261640936255,19.136345244023907,4.144123089209772
3305,80,44.08111572265625,9.1461181640625,45.90905230978261,11.631708559782608,3.085370606888451
3306,81,45.096390335648145,88.43557098765432,48.109954988895936,92.04027204949239,4.69845098564633
3307,82,42.59375,62.6734375,45.434097782258064,65.88646673387096,4.288488356272843
3308,83,46.192944143700785,42.15731883612205,47.32544247217642,36.13402012056884,6.1288400110286005
3309,84,47.32544247217642,36.13402012056884,51.04766126873662,32.94194158190578,4.903496524568906
3310,85,46.885146103896105,56.34765625,46.885991612554115,59.25282399891775,2.9051678719545113
3311,86,46.5419921875,0.513671875,48.59981449771689,1.0287350171232879,2.1213021238853065
3312,87,48.109954988895936,92.04027204949239,50.87488511029412,93.8872931985294,3.3251053669327555
3313,88,52.84465601235742,76.3749702946768,58.3619263795045,80.45863246058559,6.864151002817041
3314,89,53.44655927095293,6.057634646137445,55.706590221774185,1.0041267641129032,5.5358542080111
3315,90,45.434097782258064,65.88646673387096,51.51531114437948,64.38453354866088,6.263941191333087
3316,91,51.04766126873662,32.94194158190578,54.220979110054344,30.375339673913043,4.081346772345784
3317,92,51.29224200581395,28.240824854651166,53.125,25.931378264925375,2.948312299612942
3318,93,53.37808705849889,16.604364997240616,53.73286923882682,20.04440904329609,3.458290536418237
3319,94,52.93584600225225,48.133973817567565,54.83566810344828,52.392578125,4.663157156205972
3320,95,53.73286923882682,20.04440904329609,55.55763473053892,22.094872754491018,2.74484435454373
3321,96,50.87488511029412,93.8872931985294,54.33283997594559,90.78849483659589,4.643275044707618
3322,97,53.37808705849889,16.604364997240616,53.48985460069444,12.3291015625,4.276724145875973
3323,98,51.29224200581395,28.240824854651166,54.220979110054344,30.375339673913043,3.6240384296255748
3324,99,54.40818212365591,99.08854166666666,55.859375,98.30871315502183,1.6474505370195545
3325,100,54.220979110054344,30.375339673913043,60.50682301750565,30.70988121168119,6.294740000137811
3326,101,57.696115154109584,86.68062392979452,58.543019480519476,85.06113027597402,1.8275685029176443
3327,102,58.427470439189186,13.720373205236486,61.51181175595239,16.977544009625127,4.485791235362415
3328,103,55.55763473053892,22.094872754491018,58.31761853448276,20.25323275862069,3.3180036878251946
3329,104,58.3619263795045,80.45863246058559,58.543019480519476,85.06113027597402,4.606059145505036
3330,105,58.579034674657535,43.73394691780822,63.3683500526439,44.25276746022461,4.81733500444487
3331,106,58.53456439393939,64.61391256313132,63.493776483050844,63.087592690677965,5.1887799045474265
3332,107,55.859375,98.30871315502183,59.8095154494382,98.08089009831461,3.9567048051952582
3333,108,60.17850079113924,92.28144778481013,64.91945956615692,95.40028673537235,5.674843302326599
3334,109,64.1806202789961,36.971837688840154,67.60349025974025,31.019176136363637,6.86660166774014
3335,110,63.67542613636363,8.935842803030303,66.62697596856725,7.3550575657894735,3.3482127140102276
3336,111,63.493776483050844,63.087592690677965,63.78733915441176,68.67876838235294,5.598877088952187
3337,112,58.31761853448276,20.25323275862069,63.94092124580537,23.042614828020135,6.277116034633686
3338,113,65.62170821629213,5.673937851123596,66.62697596856725,7.3550575657894735,1.9587564291668709
3339,114,63.78733915441176,68.67876838235294,65.82573784722221,74.57449776785714,6.2381643307906804
3340,115,66.28346463127615,53.17423672855649,69.96034564393939,55.729166666666664,4.477401140163248
3341,116,69.30455551312006,91.60612587616822,71.83357007575758,93.53890467171718,3.183009351314618
3342,117,66.62697596856725,7.3550575657894735,67.72645511168385,10.75426868556701,3.572602779902584
3343,118,67.60349025974025,31.019176136363637,69.79166666666666,28.58455882352941,3.27345038877657
3344,119,69.33667572219223,63.71437550620951,73.99088541666666,64.3410011574074,4.696203529115734
3345,120,71.99379624120446,19.47041694691639,77.88927801724138,19.443696120689655,5.895542330790071
3346,121,69.96034564393939,55.729166666666664,72.0893364448052,52.57457386363637,3.8057926353260196
3347,122,70.73714717741936,50.11214717741935,72.0893364448052,52.57457386363637,2.8092634265634735
3348,123,70.70152407786885,98.74781207308743,71.83357007575758,93.53890467171718,5.330501332650215
3349,124,66.62697596856725,7.3550575657894735,71.65946726418711,4.424636934432515,5.823515580572636
3350,125,72.0893364448052,52.57457386363637,74.55229423415493,52.73712588028169,2.468316071785371
3351,126,69.79166666666666,28.58455882352941,72.54014756944444,26.601562499999996,3.3891623879751385
3352,127,73.27231549202128,83.34545378989363,73.81658380681819,87.06099076704545,3.755188813771479
3353,128,72.68125952743902,35.03953887195122,74.51902015186917,36.73426547897196,2.499892474737642
3354,129,75.17047604887543,73.87914954584775,80.08355034722221,72.78510199652779,5.033412272131979
3355,130,74.51902015186917,36.73426547897196,76.79398148148148,37.252242476851855,2.333184352245679
3356,131,75.92385165662651,44.34487951807229,76.79398148148148,37.252242476851855,7.145811788075187
3357,132,77.6985012755102,88.91800860969387,79.46663322029534,91.48834563873626,3.1197632950331546
3358,133,78.32816122488408,9.962144996136011,84.52240566037736,12.065153301886793,6.541506558943137
3359,134,76.79398148148148,37.252242476851855,77.96036711836283,31.457411504424783,5.911050790927381
3360,135,77.88927801724138,19.443696120689655,80.81485523897058,20.46544692095588,3.09886701524048
3361,136,78.49135890151516,81.73019255050505,80.00508569944598,77.77414084141274,4.235766039783848
3362,137,80.54880541424419,23.511309956395348,80.81485523897058,20.46544692095588,3.0574604069216447
3363,138,80.00508569944598,77.77414084141274,80.08355034722221,72.78510199652779,4.989655829485811
3364,139,80.81485523897058,20.46544692095588,82.77675083705357,19.126674107142858,2.375151991932777
3365,140,77.6985012755102,88.91800860969387,81.46077473958333,85.98795572916667,4.768638327778134
3366,141,82.34352289244185,58.32462754360465,85.2783203125,58.17522321428571,2.9385978885174437
3367,142,83.14190764925374,27.16009794776119,84.46571621192894,29.1432027284264,2.384360224821194
3368,143,83.1005859375,49.866536458333336,84.21872406208499,46.421994314409034,3.621478074891667
3369,144,86.01669789205553,70.75976908594211,88.24888392857143,74.40122767857143,4.271167894551842
3370,145,84.3170166015625,33.06999206542969,84.46571621192894,29.1432027284264,3.9296038058977216
3371,146,79.46663322029534,91.48834563873626,83.64717628923766,91.61075882847534,4.182334914889513
3372,147,83.70208740234375,15.4510498046875,84.52240566037736,12.065153301886793,3.483850911296485
3373,148,84.44010416666666,6.070963541666666,84.52240566037736,12.065153301886793,5.994754742055327
3374,149,84.921875,55.34895833333333,85.2783203125,58.17522321428571,2.8486534429635317
3375,150,86.16238446302818,37.89337588028169,90.03135279605263,39.034231085526315,4.033666639830295
3376,151,83.64717628923766,91.61075882847534,86.4986359126984,94.95132688492063,4.392062946266778
3377,152,87.50510144589553,76.32346082089553,88.24888392857143,74.40122767857143,2.061114415791789
3378,153,88.8458602729885,19.48859554597701,91.45740327380952,21.962193080357142,3.5970601339467065
3379,154,89.8312249498998,0.846027993486974,93.17377608792185,4.841746572491119,5.209454393013856
3380,155,85.2783203125,58.17522321428571,90.01255735539489,58.15880492213571,4.7342655120551935
3381,156,90.21190947769952,29.70125440140845,94.595703125,32.20703125,5.049412278379473
3382,157,83.64717628923766,91.61075882847534,89.97775607638889,88.91493055555556,6.880678056598875
3383,158,90.03135279605263,39.034231085526315,91.21337890625,35.345458984375,3.873528796771829
3384,159,90.3680889423077,69.43209134615384,93.34022671568627,70.40058210784314,3.1259522228308745
3385,160,91.13815595518868,63.29107704402516,95.77523690682871,64.1212745949074,4.71081179050423
3386,161,92.81481726694916,52.752582097457626,93.09109258828995,50.48937035315985,2.280012160649445
3387,162,92.8451849489796,45.14010682397959,93.09109258828995,50.48937035315985,5.354912779092595
3388,163,93.34022671568627,70.40058210784314,94.57155257936508,71.8106708829365,1.8720346514444413
3389,164,94.595703125,32.20703125,97.97996238425925,30.98415798611111,3.5984204525619705
3390,165,95.77523690682871,64.1212745949074,96.88592657342657,67.78504698426573,3.828427830913319
3391,166,97.39524147727273,95.14488636363636,97.7775737896376,89.0121788292752,6.144613877135682
3392,167,97.39524147727273,95.14488636363636,97.9281985706278,98.83615354073244,3.729543757092059
3393,168,96.98784722222223,78.81076388888889,97.09375,74.6708984375,4.1412197905863914
3394,169,94.595703125,32.20703125,97.24976629273505,35.72716346153847,4.4085578237149665
3395,170,94.57155257936508,71.8106708829365,97.09375,74.6708984375,3.813447455064993
3396,171,97.88400423728814,13.97709216101695,99.21536167905825,23.416201982651796,9.532539371156044
3397,172,97.97996238425925,30.98415798611111,99.21536167905825,23.416201982651796,7.668126856533199
3398,173,92.81481726694916,52.752582097457626,99.22641584897612,56.19433927047781,7.276969754993214
3399,1,0.4185267857142857,10.30083198051948,3.7281709558823533,11.730238970588236,3.605128135917626
3400,2,0.38914535984848486,28.23449337121212,4.542157803362573,24.891635827850877,5.33124834454277
3401,3,0.8402388908959538,86.66258354407515,1.0288257694723617,90.10850149183418,3.45107454475544
3402,4,1.0063244047619049,99.17596726190476,7.801237785410217,96.75534841815015,7.213199251182056
3403,5,1.7125226449275364,42.78900588768116,9.057142969273276,42.36034436746483,7.357118893133825
3404,6,3.6833223764677103,69.79010595034246,4.346026490066225,64.43566328642383,5.395297302593469
3405,7,2.7855849847560976,61.791396722560975,4.346026490066225,64.43566328642383,3.0703620881351514
3406,8,0.4185267857142857,10.30083198051948,3.1010554387019234,5.524151141826923,5.478379304943416
3407,9,3.02734375,19.830274951550386,4.542157803362573,24.891635827850877,5.28318422321331
3408,10,6.182100707636779,34.162397297682375,8.892339253597124,30.16102742805755,4.83284117363178
3409,11,0.8402388908959538,86.66258354407515,4.837572793635171,82.9592406906168,5.449167516258731
3410,12,4.542157803362573,24.891635827850877,8.533335540254237,24.01267876059322,4.086816028834899
3411,13,6.502917538073788,51.90226498820248,9.057142969273276,42.36034436746483,9.877870048033866
3412,14,7.801237785410217,96.75534841815015,10.37788120567376,98.98534463652481,3.4076347294204967
3413,15,3.7281709558823533,11.730238970588236,8.85980561023622,14.370386318897637,5.77096631826514
3414,16,11.40203737745098,35.06663602941176,16.031722184065934,34.72162603021978,4.642522300231178
3415,17,11.510337271341463,3.233374618902439,14.57702784503632,5.787571252017757,3.9910539354168733
3416,18,12.728678385416666,19.4287109375,15.531341374269006,21.787623355263158,3.6632482339803234
3417,19,13.536783854166668,69.88444010416667,15.37109375,70.40660511363637,1.9071835493907199
3418,20,14.672119296426292,94.7365337827058,17.337803662755714,98.27967527827917,4.43392882199827
3419,21,8.85980561023622,14.370386318897637,14.650521627286587,13.547422827743901,5.848902537903635
3420,22,16.69206070026178,43.48515215968586,19.461006030701753,44.9007447002924,3.109816792672233
3421,23,16.031722184065934,34.72162603021978,19.426197300295858,31.655764607988168,4.574053735477122
3422,24,17.337803662755714,98.27967527827917,20.34420403306613,95.09429014278558,4.380082379136972
3423,25,17.654374482615896,82.25094422599338,21.754286024305554,81.91053602430556,4.114019007425272
3424,26,16.542701198630137,51.4113334760274,20.13762860993075,55.63735073378974,5.548218178426806
3425,27,15.37109375,70.40660511363637,17.265377768987342,74.03579905063292,4.093819802693239
3426,28,17.947823660714285,68.01932198660714,18.566596798780488,65.9814850101626,2.1297088390099064
3427,29,18.606770833333332,8.6328125,21.896158854166668,9.29931640625,3.3562331576707156
3428,30,17.654374482615896,82.25094422599338,18.70520355504587,87.3718821674312,5.2276425986788215
3429,31,19.869950457317074,21.25190548780488,23.15860037076271,22.690181408898304,3.589408848042132
3430,32,21.29815504081016,1.6811753703143892,25.874999999999996,0.5013020833333334,4.7264797422387135
3431,33,16.031722184065934,34.72162603021978,20.953125,37.89783653846154,5.857347426041
3432,34,17.947823660714285,68.01932198660714,20.067741297468356,69.90086036392405,2.8344730466062535
3433,35,21.299203725961537,78.88352614182692,21.754286024305554,81.91053602430556,3.0610273972784703
3434,36,21.754286024305554,81.91053602430556,24.248798076923077,80.41240985576923,2.909806247417073
3435,37,23.947010869565215,67.57387907608695,25.486597521551722,63.52314565373563,4.333447624920489
3436,38,24.798784788638102,13.05619978959449,27.454773047504027,9.552070752818036,4.396952801385697
3437,39,23.873836436170212,59.75108045212766,26.677911931818183,60.69957386363637,2.9601484991413596
3438,40,26.388774671052634,84.39247532894737,28.01510517603359,90.11072755167959,5.945028123921156
3439,41,23.15860037076271,22.690181408898304,25.457308616863905,27.273368158284022,5.127344378958609
3440,42,25.996603894589555,45.22960150419777,26.814350328947366,40.72831003289474,4.574968211969377
3441,43,25.486597521551722,63.52314565373563,26.677911931818183,60.69957386363637,3.064602368652889
3442,44,26.388774671052634,84.39247532894737,27.563612953910617,80.64605883379889,3.926306348973467
3443,45,27.805834137991575,21.773777650983146,29.865579044117645,23.153147977941178,2.4789537263137054
3444,46,24.248798076923077,80.41240985576923,27.563612953910617,80.64605883379889,3.323039198329175
3445,47,27.87388392857143,74.70703125,31.65945557735426,76.0356817544843,4.011965213101277
3446,48,28.05397727272727,54.36700994318182,32.717777798924075,55.763701215489235,4.8684475819601145
3447,49,29.865579044117645,23.153147977941178,32.17068952114428,22.845246424129353,2.3255832984732434
3448,50,25.996603894589555,45.22960150419777,30.57435501453488,47.24268713662791,5.000831838770164
3449,51,30.136494252873565,17.385057471264368,30.93345905172414,21.046605603448278,3.7472773602852527
3450,52,30.93345905172414,21.046605603448278,32.17068952114428,22.845246424129353,2.1830822330553388
3451,53,27.563612953910617,80.64605883379889,31.614925986842106,81.58408717105263,4.1584894435710185
3452,54,32.731349031690144,35.515583736795776,35.30218574438202,38.32623771067416,3.8090651299502216
3453,55,32.444545200892854,40.57704380580357,35.30218574438202,38.32623771067416,3.6376142667502247
3454,56,31.65945557735426,76.0356817544843,34.19325906344411,71.45295388028701,5.23655945016057
3455,57,33.56752232142857,29.928850446428573,36.51834239130435,33.63578464673913,4.738005936067805
3456,58,35.85096914556962,11.147646360759493,40.553237452651516,9.60101503314394,4.950090473450828
3457,59,37.250314789377285,44.16149172008547,37.34591175997426,49.92961711711711,5.768917522089283
3458,60,36.51834239130435,33.63578464673913,39.58904887354651,31.661973110465112,3.6503657735646766
3459,61,36.712332589285715,87.76897321428572,37.002664528145694,94.48209850993378,6.71940055881416
3460,62,37.002664528145694,94.48209850993378,37.29628265881148,96.72971631659836,2.2667151147621905
3461,63,37.34074519230769,21.521935096153847,38.31553357712766,16.92154255319149,4.702533779200695
3462,64,37.89562446672355,76.31785942832765,39.718350497159086,78.32475142045455,2.7110783186935676
3463,65,38.31553357712766,16.92154255319149,40.89882046568628,15.529737285539216,2.9343641648001837
3464,66,39.26025798205342,56.48541840567612,44.49244714734121,57.7770148633678,5.389250863605874
3465,67,39.134765625,2.408203125,40.553237452651516,9.60101503314394,7.331344042655363
3466,68,40.553237452651516,9.60101503314394,44.77624725877193,9.71594024122807,4.224573306979341
3467,69,40.928608341439684,64.32127006322958,45.12123137582933,67.86099523135438,5.487052229963809
3468,70,41.6149259868421,93.27611019736842,43.36102089185393,97.30841818820225,4.394127347978278
3469,71,39.718350497159086,78.32475142045455,43.079112834470095,76.53052859391396,3.8097190236508807
3470,72,44.49244714734121,57.7770148633678,49.63568763691128,57.47803001779847,5.151923395338198
3471,73,43.36102089185393,97.30841818820225,45.329846833881575,98.12204461348685,2.130320058095126
3472,74,44.216150517086334,22.50695537320144,46.00220530714756,27.625010293148883,5.4207451403565265
3473,75,44.77624725877193,9.71594024122807,48.46047794117647,10.413110556722689,3.749613602756678
3474,76,45.749297955069125,79.7782258064516,48.823171422101446,81.13724713164251,3.360898251011022
3475,77,43.079112834470095,76.53052859391396,45.869541952054796,73.38853809931507,4.202213574821523
3476,78,45.972513338414636,86.8802400914634,48.823171422101446,81.13724713164251,6.411569203139074
3477,79,47.37091064453125,46.7529296875,47.60192793931732,42.1224369864096,4.6362518962348975
3478,80,47.37091064453125,46.7529296875,49.01075487012987,50.0680634469697,3.6985403779605885
3479,81,47.47103987068966,4.801151670258621,49.545094936708864,7.355122626582279,3.2900565439859397
3480,82,47.809374999999996,35.633593749999996,53.70613473360656,33.04303278688525,6.440712806786042
3481,83,47.767122885338345,15.912094689849624,48.46047794117647,10.413110556722689,5.542523588568484
3482,84,48.46047794117647,10.413110556722689,49.545094936708864,7.355122626582279,3.244639303201842
3483,85,49.63568763691128,57.47803001779847,52.3089683219178,56.74318635844748,2.772440229205544
3484,86,51.565497370049506,90.18564356435644,54.6684031800278,85.33499985518999,5.758191457295692
3485,87,54.59476759453782,70.56115414915966,55.50717744276709,74.3440441999834,3.8913685083485716
3486,88,53.043619791666664,22.182765151515152,56.664439699263504,25.1949928396072,4.709973720537934
3487,89,53.70613473360656,33.04303278688525,58.24411651234568,33.43340084876543,4.554741029729831
3488,90,54.435007195723685,51.153243215460535,57.789963942307686,53.45713856456044,4.0698487135339185
3489,91,54.390545280612244,14.393335459183673,58.08241102430556,14.997355143229166,3.740950741211462
3490,92,54.67354910714286,7.552334700772201,56.830687163978496,5.319640456989248,3.104539930886728
3491,93,55.50717744276709,74.3440441999834,56.10770089285714,78.24125744047619,3.9432092838169646
3492,94,58.00279017857143,18.302176339285715,58.08241102430556,14.997355143229166,3.3057801827980113
3493,95,57.65481651376147,59.88030389908256,61.249138327205884,57.85414751838235,4.12607064622682
3494,96,57.789963942307686,53.45713856456044,61.02960759943182,54.58540482954546,3.4304920623502246
3495,97,54.6684031800278,85.33499985518999,61.46048553719008,84.24154414477569,6.879536912984239
3496,98,59.02683423913043,41.90160778985507,62.63570851293103,39.94073275862069,4.107189356752163
3497,99,59.02683423913043,41.90160778985507,59.27875905797102,46.92736639492754,5.032068726757198
3498,100,59.75341796875,7.591552734375,60.47829198473282,5.131798664122137,2.5643385940964563
3499,101,60.11944110576923,99.3231670673077,66.12630208333333,97.10123697916667,6.404635205877747
3500,102,56.10770089285714,78.24125744047619,60.54152397260274,76.54912243150685,4.745746304962419
3501,103,60.794870476973685,67.25817228618422,63.831420396090536,66.33089795524691,3.174976078036456
3502,104,61.02960759943182,54.58540482954546,61.249138327205884,57.85414751838235,3.276106302649783
3503,105,58.00279017857143,18.302176339285715,61.410066451149426,21.19701867816092,4.470977942756761
3504,106,62.63570851293103,39.94073275862069,62.80377604166667,35.33776041666667,4.606039630203911
3505,107,64.837491083187,94.82190380816505,66.12630208333333,97.10123697916667,2.6184715958983538
3506,108,62.63570851293103,39.94073275862069,64.29548405044511,43.04235441394659,3.517799273369175
3507,109,62.937575120192314,71.3665301983173,65.46179366438356,73.43348672945206,3.262512614602365
3508,110,63.10813210227273,16.456557765151516,67.78564453125,17.39978790283203,4.771666964056236
3509,111,64.29548405044511,43.04235441394659,65.7800507127193,45.832476699561404,3.160493718301046
3510,112,64.86002604166666,0.7238555372807017,67.98031455592105,1.029759457236842,3.135247617084237
3511,113,65.44322807247899,28.250010941876752,67.49512634849906,30.98964440666041,3.4228464845062283
3512,114,66.92859338300059,9.007656525249558,70.41002463780323,5.066674738881401,5.258488473164346
3513,115,66.6015625,3.3941701680672267,67.98031455592105,1.029759457236842,2.7370413298297067
3514,116,61.02960759943182,54.58540482954546,66.63345025510205,54.23808195153062,5.614595772725014
3515,117,62.63570851293103,39.94073275862069,67.34534689465409,38.272651336477985,4.996317575724807
3516,118,68.95107081077015,72.54801726083032,72.37548828125,71.6845703125,3.531596755677032
3517,119,66.6015625,3.3941701680672267,70.41002463780323,5.066674738881401,4.159525861738944
3518,120,70.8830606871547,83.64176881906077,74.43260152072193,83.0965909090909,3.5911640289299336
3519,121,70.6876240079365,65.07626488095238,71.32346413352273,69.1683682528409,4.141207875913368
3520,122,72.95220246696945,56.44152237303881,73.05113120460048,51.705319309927354,4.7372361509804
3521,123,71.32346413352273,69.1683682528409,72.37548828125,71.6845703125,2.7272747592484947
3522,124,73.97341537966537,1.8461681547619049,76.69130824372759,5.653561827956989,4.67794700731061
3523,125,73.49786931818181,41.33345170454545,75.10345458984375,34.91917928059896,6.61217020298012
3524,126,72.37548828125,71.6845703125,74.68424479166667,73.0224609375,2.668390516557545
3525,127,73.49786931818181,41.33345170454545,73.52873149671053,45.96268503289473,4.629336203211352
3526,128,73.47566451149426,14.367816091954023,76.11762152777779,9.840223524305555,5.242044575784852
3527,129,74.84947720864662,22.61146029135338,75.99960498595506,25.626536165730336,3.22699185502325
3528,130,74.64413400423729,77.72113347457628,74.68424479166667,73.0224609375,4.698843739255756
3529,131,78.76017226537476,95.38757206918642,88.4169671474359,98.1064703525641,10.032252751478914
3530,132,73.49786931818181,41.33345170454545,80.56896978702328,40.904352982602774,7.084108098668652
3531,133,76.11762152777779,9.840223524305555,76.69130824372759,5.653561827956989,4.225784259487171
3532,134,78.17684220679013,52.46793016975309,81.78688013497653,49.40901921948357,4.731734359050933
3533,135,79.81219951923076,84.82572115384616,81.6872408474919,83.16014360841424,2.507972994777717
3534,136,74.84947720864662,22.61146029135338,80.42004549050633,19.21726661392405,6.523172671542792
3535,137,74.68424479166667,73.0224609375,81.30715948974083,75.16219796166307,6.959990921728341
3536,138,81.14875344669117,4.164751838235294,82.08879743303571,1.3218470982142858,2.9942929143783568
3537,139,81.78688013497653,49.40901921948357,83.26257393185028,54.69922426730226,5.49217093962834
3538,140,82.41167210820896,8.810197061567164,86.06206877014503,10.071577860596294,3.862185561263657
3539,141,84.77901257166002,30.446648336241278,89.53927724149214,25.82721490510471,6.633195681687229
3540,142,82.08879743303571,1.3218470982142858,84.71428571428572,2.7700892857142856,2.9984319483083017
3541,143,88.09120060384488,68.34448426717056,92.80007102272727,70.43678977272727,5.152785940674081
3542,144,84.71428571428572,2.7700892857142856,87.72397435193322,3.026485610720562,3.0205901362252363
3543,145,86.83884079391892,22.189083614864867,89.53927724149214,25.82721490510471,4.530822915586546
3544,146,88.20099227729885,87.77332525143679,90.68603515625,88.58642578125,2.6146836485143568
3545,147,88.4169671474359,98.1064703525641,89.18115190266485,93.85127314814815,4.32327209282433
3546,148,89.12984913793103,12.703731142241379,91.17690577651516,10.151811079545455,3.2715037655428802
3547,149,89.12984913793103,12.703731142241379,89.49444110576923,16.11328125,3.4289880781841386
3548,150,90.74373313848922,42.35752023381295,91.81267233455883,45.66434972426471,3.4753060705231946
3549,151,91.17690577651516,10.151811079545455,92.93616212548103,7.122571210142937,3.503038265242698
3550,152,91.6703869047619,85.53013392857143,92.89475365308904,82.05396350696547,3.685489755033549
3551,153,90.68603515625,88.58642578125,91.6703869047619,85.53013392857143,3.2108983561532836
3552,154,88.09120060384488,68.34448426717056,93.27205463047446,61.538763115875916,8.553308648378302
3553,155,93.91149625809061,96.92777862055017,95.3406826761745,99.26856124161074,2.74259677982285
3554,156,94.26416768934082,20.932541856591865,99.02742346938776,23.388273278061224,5.3590318566456085
3555,157,91.81267233455883,45.66434972426471,94.5318244485294,49.15958180147059,4.42836713613942
3556,158,94.86623364825581,31.56091024709302,96.52737958715596,29.015553325688074,3.039448582830198
3557,159,95.3622159090909,13.955965909090908,97.43323271020539,11.826560494223363,2.9704339769410244
3558,160,95.81314280063292,92.88839992088607,97.20168340773809,94.40336681547619,2.055035208769919
3559,161,96.52737958715596,29.015553325688074,99.11289881993007,28.798008631993007,2.594655159515369
3560,162,94.86623364825581,31.56091024709302,97.08375792572464,35.53626019021739,4.55201286152209
3561,163,97.37318840579711,72.93931159420289,99.48846726190477,71.12107049851191,2.789337792587282
3562,164,94.5318244485294,49.15958180147059,98.53038877952756,43.54269192913386,6.894778353731869
3563,165,94.5318244485294,49.15958180147059,99.13912671232876,54.830104880136986,7.3063031784685
3564,166,98.5835597826087,83.40268342391305,99.7314453125,81.12386067708334,2.5516023007518918
3565,167,95.3622159090909,13.955965909090908,99.42080752627628,16.696872653903906,4.897421331563042
3566,1,3.159945618872549,17.137547953964194,8.59125513229927,13.880731067518248,6.332928174429194
3567,2,1.066909150449102,83.39405174026946,3.092941130050505,84.6216066919192,2.368902011837417
3568,3,0.45034865702479343,94.06314566115702,3.2896041870117188,91.82052612304688,3.6181092240664467
3569,4,1.6394238363521483,69.00997788542544,7.034239477040815,70.00458386479592,5.485733939156964
3570,5,2.0028023097826084,39.19284986413044,3.7521063112745097,45.93673406862745,6.967068153341109
3571,6,2.079235049460432,80.52425247302159,3.9682039650537635,79.98991935483872,1.9630882418436717
3572,7,2.9990234375,26.974609375000004,5.546591938405797,28.596297554347828,3.0199301014831237
3573,8,3.0300869030898876,49.10792661516854,3.7521063112745097,45.93673406862745,3.2523490269393043
3574,9,4.068082841718611,61.3909971894479,5.306243896484375,55.16242980957031,6.35044048891208
3575,10,3.9682039650537635,79.98991935483872,4.204896438953488,76.4637082122093,3.534146056631584
3576,11,0.45034865702479343,94.06314566115702,5.745967741935484,98.06735131048387,6.639069541326663
3577,12,11.245215088502507,50.069509711779446,16.510904768467473,55.58374104189636,7.62458096997681
3578,13,7.908241421568627,1.702282475490196,11.11328125,4.16796875,4.043746914204379
3579,14,8.469354538690476,8.114769345238097,8.59125513229927,13.880731067518248,5.76725015388808
3580,15,8.302100929054054,86.92066089527027,9.08451403601695,90.38168697033898,3.548361842069215
3581,16,8.469354538690476,8.114769345238097,11.11328125,4.16796875,4.750535063900464
3582,17,4.204896438953488,76.4637082122093,9.50094918224299,78.30297167056075,5.606341474520722
3583,18,12.31466455937077,61.02993646397158,16.510904768467473,55.58374104189636,6.875280101048466
3584,19,2.0028023097826084,39.19284986413044,11.348262146441606,39.97437414461679,9.378080814302898
3585,20,13.848133608637117,27.037148210956918,20.573718442118228,28.04562423029557,6.800773135014302
3586,21,11.245215088502507,50.069509711779446,20.025998205941256,45.22301436637739,10.02948998147469
3587,22,15.871034236495845,69.21988616689751,21.619198927238806,69.87960587686567,5.785899014641077
3588,23,11.11328125,4.16796875,14.518536261792454,0.9397110849056602,4.692271224852415
3589,24,8.302100929054054,86.92066089527027,15.625093272445081,84.42993747015282,7.734980287097858
3590,25,11.11328125,4.16796875,15.721456005586592,6.4866663756983245,5.1586464559460365
3591,26,19.7696319317886,91.41786908519917,24.11079909407028,91.14530906844803,4.349715081888028
3592,27,18.062848146720853,11.204850406390134,21.61178800207756,8.744697887811634,4.318254799291889
3593,28,19.698802347715734,2.057556049069374,23.100120907738095,1.3534691220238095,3.4734286155884995
3594,29,20.13269280988858,64.84438472028783,24.335282606015777,61.95913461538461,5.097688609787432
3595,30,20.573718442118228,28.04562423029557,23.506433823529413,27.462948069852942,2.9900386312410605
3596,31,21.619198927238806,69.87960587686567,22.765404614677024,73.61987683973835,3.9119578670563744
3597,32,22.54810660975086,34.29554942547251,26.03358603667137,34.8908288522567,3.535947458806287
3598,33,24.335282606015777,61.95913461538461,25.256902521306817,65.03184925426136,3.20795238746284
3599,34,24.287757095025512,84.59871253188776,26.885691815723796,87.39503171797006,3.8168921655532295
3600,35,25.67737507370283,15.927411925117923,32.09290247756933,17.09804814946982,6.521455438744246
3601,36,25.256902521306817,65.03184925426136,25.603263608870968,68.77677671370968,3.760910485442136
3602,37,26.10134548611111,58.09326171875,30.743563529667828,53.34445841983659,6.640882556987016
3603,38,24.335282606015777,61.95913461538461,26.10134548611111,58.09326171875,4.25017074355663
3604,39,27.995277518656714,8.117129197761194,32.039816337719294,6.941588998538012,4.211910376408053
3605,40,31.094215029761905,25.733584449404763,33.180454799107146,27.591759817940847,2.7937809641115194
3606,41,25.603263608870968,68.77677671370968,29.68528053977273,66.57049005681817,4.6401037743294165
3607,42,29.81214021381579,3.374280427631579,32.039816337719294,6.941588998538012,4.205737908271536
3608,43,30.44976128472222,96.148681640625,36.469558189655174,99.52350484913794,6.901259773791874
3609,44,30.348423549107146,21.055385044642858,32.09290247756933,17.09804814946982,4.324779998305848
3610,45,30.348423549107146,21.055385044642858,31.090494791666668,24.334309895833332,3.361847395226071
3611,46,31.090494791666668,24.334309895833332,31.094215029761905,25.733584449404763,1.3992794990437059
3612,47,26.03358603667137,34.8908288522567,30.500096450617285,37.71942515432099,5.286839539643615
3613,48,38.05476085680751,73.04331503728253,43.28635275900901,75.27009431306307,5.685780489451384
3614,49,34.82303969816273,87.02017716535433,36.48575316979052,84.12509905595368,3.3385765452155387
3615,50,30.500096450617285,37.71942515432099,35.413411458333336,41.595052083333336,6.257886900378863
3616,51,36.58600983796296,15.554832175925926,38.38568793402778,18.85308159722222,3.757298297252539
3617,52,36.469558189655174,99.52350484913794,41.07165727459016,98.63921618852459,4.686286634729978
3618,53,37.27559840425532,92.31147495567376,42.186426854395606,94.81456043956044,5.511957275446851
3619,54,37.42944452751196,6.520073265550239,41.221586186835104,5.438622007978723,3.9433330048167514
3620,55,35.413411458333336,41.595052083333336,39.07165284948372,47.804712321286736,7.207122195907699
3621,56,33.180454799107146,27.591759817940847,37.95372596153846,29.911358173076923,5.3070381682486865
3622,57,36.58600983796296,15.554832175925926,40.55969183639212,13.592228765666963,4.431925176557028
3623,58,42.16824491849961,37.349085421985464,43.99013831967213,33.0382300204918,4.68003951455787
3624,59,38.38568793402778,18.85308159722222,41.3146896457553,18.97664540418227,2.931606904360342
3625,60,38.8891327247191,58.00561797752809,46.422214372783685,60.00777440713653,7.794610284358666
3626,61,41.221586186835104,5.438622007978723,44.549560546875,4.334605823863636,3.5063178800375434
3627,62,41.07165727459016,98.63921618852459,42.186426854395606,94.81456043956044,3.9838050672873258
3628,63,42.021484375,0.5094401041666666,44.549560546875,4.334605823863636,4.585091265607151
3629,64,42.92578125,67.00744047619047,44.75429918639053,65.05466438609467,2.675221916356048
3630,65,42.79478886648745,86.94101422491039,46.05257639137437,84.53948472172512,4.047285943935533
3631,66,43.28635275900901,75.27009431306307,46.75949260752688,71.1903561827957,5.357887981184393
3632,67,44.35112847222222,27.803819444444443,44.43044837998466,23.161755895322088,4.642741177565028
3633,68,43.99013831967213,33.0382300204918,44.99607757505176,30.841986930641824,2.415656742011893
3634,69,44.35112847222222,27.803819444444443,44.99607757505176,30.841986930641824,3.1058688026746277
3635,70,46.422214372783685,60.00777440713653,49.177060489766085,62.97457510964912,4.0485903147493465
3636,71,46.13603414948454,53.16225032216495,47.068475705329156,50.0872477468652,3.2132675103648007
3637,72,47.01297075320513,95.25641025641025,48.28830295138889,93.91456886574075,1.8512186617031756
3638,73,46.39830508474576,99.62758209745762,49.12729414682539,99.22650049603175,2.7583052318321535
3639,74,46.75949260752688,71.1903561827957,47.16286254084967,66.76304636437908,4.445647256739673
3640,75,44.43044837998466,23.161755895322088,49.782993349733154,21.476492140593727,5.611581913879638
3641,76,44.75429918639053,65.05466438609467,47.16286254084967,66.76304636437908,2.9529216745742533
3642,77,47.73905529953917,10.558125720046082,52.74232376453488,9.715661337209303,5.0737009735664484
3643,78,43.99013831967213,33.0382300204918,48.689459338547195,34.83345622348887,5.030552172313514
3644,79,48.15037601309227,77.6976016988778,51.581764985966316,75.66746128207699,3.986966314767381
3645,80,44.549560546875,4.334605823863636,48.39564732142857,3.6510307247899156,3.906361272779251
3646,81,50.423895899053626,51.28037509858044,52.20665564903846,54.329035832331726,3.531651822544643
3647,82,47.068475705329156,50.0872477468652,48.6751184566787,46.46075417418773,3.966453902812324
3648,83,48.689459338547195,34.83345622348887,52.7602954016298,30.78064746434808,5.744298485512587
3649,84,51.375214041095894,87.77513199200914,53.435629986702125,89.8936170212766,2.9552144910545435
3650,85,52.74232376453488,9.715661337209303,55.058934907205234,8.325728370633188,2.701592278253609
3651,86,52.615017361111114,12.465639467592593,52.74232376453488,9.715661337209303,2.752923289512273
3652,87,48.6751184566787,46.46075417418773,53.99315510321101,45.147649082568805,5.477751249873997
3653,88,55.09448902027027,19.139569256756754,56.842237903225815,22.171118951612904,3.499274169060601
3654,89,54.73282113259669,14.433701657458563,56.32300515776699,13.624469053398059,1.7842484808404293
3655,90,53.99315510321101,45.147649082568805,56.591580342294904,39.89008799889135,5.864619533414577
3656,91,55.61255151098901,83.63667582417582,57.15619255514706,79.08720128676471,4.8042217100963835
3657,92,56.68870192307692,51.477614182692314,59.36881596306068,54.74315633245382,4.224544567073132
3658,93,56.66049445346321,2.687872023809524,58.57148016178737,6.847523834745763,4.577616144418877
3659,94,55.058934907205234,8.325728370633188,58.57148016178737,6.847523834745763,3.8109136457555195
3660,95,59.05552455357142,99.67494419642857,63.23840725806451,99.16393649193549,4.213981086051369
3661,96,55.09448902027027,19.139569256756754,60.04118217054264,17.718931686046513,5.146647863441322
3662,97,56.591580342294904,39.89008799889135,62.330945280082986,33.8628112033195,8.322762489675533
3663,98,56.591580342294904,39.89008799889135,63.65816724564296,42.81962067239755,7.649758960105259
3664,99,62.062610035211264,83.68452904929578,64.12234042553192,80.84150598404256,3.5107363088634678
3665,100,62.23404255319149,5.456283244680852,64.63894465782123,4.243409567039106,2.693439565085644
3666,101,67.10779060121588,23.447996188741417,68.2726629849138,19.867153825431032,3.7655490570672847
3667,102,63.23840725806451,99.16393649193549,66.31887335526315,96.74136513157895,3.918944165462168
3668,103,64.12234042553192,80.84150598404256,64.1283981199187,77.5779662093496,3.2635453967524723
3669,104,64.8144061748798,61.4227294921875,70.38542426751235,63.66700753536148,6.006082460598748
3670,105,64.32503043831169,95.06392045454545,66.31887335526315,96.74136513157895,2.605615133127972
3671,106,59.36881596306068,54.74315633245382,64.57447725183823,54.541015625,5.2095844670268185
3672,107,64.32503043831169,95.06392045454545,65.36720850134408,91.50653141801075,3.7069059702565013
3673,108,64.1283981199187,77.5779662093496,67.94465676663842,72.47931790483256,6.368676832107082
3674,109,64.63894465782123,4.243409567039106,65.9600360576923,1.434795673076923,3.1038032302597305
3675,110,66.67812866784037,8.963284917840376,70.52358307453416,11.462174883540373,4.586062652716027
3676,111,66.31887335526315,96.74136513157895,67.01171875,94.85026041666667,2.014028744524649
3677,112,64.57447725183823,54.541015625,67.52681408898306,50.180415783898304,5.26603491957454
3678,113,68.2726629849138,19.867153825431032,71.66015625,21.217447916666668,3.6466977875648365
3679,114,69.72200733940261,89.1838111190671,72.33135516826923,85.81693209134616,4.2596444076141005
3680,115,67.52681408898306,50.180415783898304,71.32002254595908,44.625823794658345,6.7262116057259975
3681,116,72.33135516826923,85.81693209134616,73.49195925166582,80.71892218733983,5.228451665621807
3682,117,71.83239828020133,54.40829488255034,76.05947818396226,51.327265133647806,5.230769429673023
3683,118,67.01171875,94.85026041666667,72.50210964721255,97.41057817944251,6.058021067195112
3684,119,74.00680205047318,69.22565063091483,78.93691890495867,68.76614152892562,4.95148470801363
3685,120,75.41539288949275,90.14804121376811,78.23514716569767,91.77586755087209,3.255892007107314
3686,121,76.05947818396226,51.327265133647806,80.43170797413794,53.539197198275865,4.899901712956026
3687,122,75.68920617816092,6.0906070402298855,79.62483921004842,7.1821088075060535,4.084187002287122
3688,123,76.55427352241848,23.246433423913043,78.11135684742648,25.20321116727941,2.500697426309691
3689,124,71.32002254595908,44.625823794658345,76.48763020833333,38.063151041666664,8.353013983891596
3690,125,72.33135516826923,85.81693209134616,76.86303620848709,85.65822474630997,4.534459292091888
3691,126,76.55427352241848,23.246433423913043,78.0078125,18.980263157894736,4.50699282204969
3692,127,78.466796875,99.35863597972973,80.79073594122912,95.4415041393198,4.554625631015028
3693,128,78.27435661764706,2.5677849264705883,80.08203125,0.9931640625,2.39731483992066
3694,129,79.60282433346212,11.57128453438949,81.44770897239265,8.427794286809815,3.644877263721
3695,130,79.62483921004842,7.1821088075060535,81.44770897239265,8.427794286809815,2.2078465716206592
3696,131,79.35688064759037,56.43001694277109,80.43170797413794,53.539197198275865,3.084168052661334
3697,132,79.071875,78.78984375,81.01523042929293,76.30997474747475,3.150615907127979
3698,133,82.72908023805832,45.32413151364764,86.05935425884957,47.10920215707964,3.7785185265656476
3699,134,78.23514716569767,91.77586755087209,80.79073594122912,95.4415041393198,4.46854848784132
3700,135,79.35688064759037,56.43001694277109,82.46644295302013,59.88807121002764,4.650539436091359
3701,136,81.8390376984127,3.3466641865079367,83.8083526234568,2.5402681327160495,2.1280215857863296
3702,137,83.59585013440861,19.632056451612904,86.88332693917411,19.645472935267858,3.2875041815798367
3703,138,80.79073594122912,95.4415041393198,85.25949725667938,97.1435546875,4.781924692320579
3704,139,84.72457205414013,68.37554737261146,86.90646701388889,67.60036892361111,2.315505828792418
3705,140,85.26679144965279,50.386555989583336,88.36970992152466,51.28967558856502,3.2316757345297797
3706,141,81.44770897239265,8.427794286809815,86.0646339699074,6.958912037037036,4.844957326579287
3707,142,86.05935425884957,47.10920215707964,87.61439732142857,45.234375,2.4358029056962813
3708,143,86.37673350824588,31.42920727136432,88.56039946933963,26.161740860849058,5.702157435177146
3709,144,86.57200310819893,13.446373067876344,89.99416307471265,14.14556393678161,3.492856525477343
3710,145,87.85109099350046,85.73720041202414,89.01186342592592,90.35011574074075,4.756719507159062
3711,146,87.93734846443965,74.39427869073276,89.1102892287234,78.35095994015957,4.126877335962898
3712,147,89.1102892287234,78.35095994015957,91.45577766833811,78.91240598137536,2.411749920195523
3713,148,89.01186342592592,90.35011574074075,89.05859375,93.34375,2.99399896482928
3714,149,90.54794841677194,37.07621629224573,93.3846786437247,34.17850139170041,4.055094330018697
3715,150,89.05859375,93.34375,91.28502155172413,92.73302801724138,2.3086710671974817
3716,151,89.91582961309523,3.5319010416666665,93.87251083214625,5.794827279202279,4.558087474557517
3717,152,91.28502155172413,92.73302801724138,92.88820714429261,89.61468172226688,3.5063211004698838
3718,153,92.98585241905813,67.35313477281089,95.15874335106383,72.24633121200608,5.3539542765086345
3719,154,91.9762652853261,73.22838824728261,95.15874335106383,72.24633121200608,3.330555908469036
3720,155,92.76057260479041,30.240398110029943,93.3846786437247,34.17850139170041,3.987250406600758
3721,156,92.84270530523256,60.496911337209305,96.69053819444444,61.147280092592595,3.9024091868074935
3722,157,89.99416307471265,14.14556393678161,92.99169655054644,16.05618169398907,3.5546683604663807
3723,158,93.14816497093024,55.42446402616279,95.6727195945946,48.636375633445944,7.2423421677798565
3724,159,93.14816497093024,55.42446402616279,96.24975687240665,58.152068205394194,4.130338591673163
3725,160,94.89018866356383,23.06391289893617,99.3269446942446,26.04822392086331,5.347047442409499
3726,161,94.8961759868421,38.07565789473684,97.0617910122164,39.90783158813264,2.8366791995039766
3727,162,96.24975687240665,58.152068205394194,96.69053819444444,61.147280092592595,3.0274712918658695
3728,163,93.87251083214625,5.794827279202279,97.49441132637854,1.9005856464232487,5.318202805891252
3729,164,93.87251083214625,5.794827279202279,96.82083771008404,9.485376181722689,4.723640818379922
3730,165,98.96407781862744,29.81387867647059,99.3269446942446,26.04822392086331,3.7830976867968746
3731,166,91.28502155172413,92.73302801724138,99.10201149425288,98.13218390804597,9.500327157251242
3732,167,96.82083771008404,9.485376181722689,99.61148268884892,15.508374550359713,6.638087732631284
